200.155	1	155	1404
200.158	2	157	1406
200.158	3	158	206
200.16	4	160	1406
200.165	13	160	1406
200.17	14	159	1406
200.333	15	127	206
200.34	16	133	1406
200.347	17	131	1408
200.356	18	130	208
200.363	19	135	1408
200.374	20	138	1408
200.492	21	110	208
200.499	22	109	1408
200.509	23	110	1408
200.519	24	110	208
200.522	25	111	1406
200.532	26	112	206
200.534	27	113	1406
200.547	28	115	1406
200.557	29	115	206
200.559	30	117	1406
200.569	31	117	1406
200.577	32	115	206
200.58	33	116	1406
200.594	34	122	1406
200.605	35	122	206
200.607	36	123	1406
200.619	37	126	1406
200.627	38	123	206
200.629	39	125	1406
200.644	40	130	1406
200.652	41	129	206
200.657	42	131	1406
200.666	43	132	1406
200.677	44	132	206
200.679	45	133	1406
200.691	46	136	1406
200.702	47	136	206
200.704	48	138	1406
200.716	49	140	1406
200.726	50	141	206
200.729	51	141	1406
200.741	52	145	1406
200.751	53	145	206
200.754	54	146	1406
200.764	55	146	1406
200.776	56	149	206
200.779	57	150	1406
200.791	58	152	1406
200.799	59	151	206
200.804	60	154	1406
200.813	61	155	1406
200.819	62	151	206
200.821	63	152	1406
200.831	64	152	1406
200.841	65	152	206
200.844	66	153	1406
200.859	68	150	206
200.862	69	150	1406
200.88	71	150	206
200.889	73	153	1406
200.892	74	151	207
200.899	76	152	1407
200.902	77	149	207
200.905	78	151	1407
200.909	79	150	1407
200.915	80	150	207
200.919	82	149	1407
200.927	83	151	207
200.93	84	152	1407
200.935	85	152	1407
200.937	86	150	207
200.94	87	151	1407
200.945	88	150	1407
200.952	89	153	207
200.962	92	151	207
200.965	93	152	1407
200.968	94	150	1407
200.982	97	153	1407
200.987	98	153	207
200.99	99	154	1407
200.994	100	154	1407
201.002	101	149	207
201.005	102	151	1407
201.015	103	152	1407
201.018	104	146	207
201.02	105	149	1407
201.032	106	150	1407
201.045	107	151	207
201.047	108	153	1407
201.064	109	154	1408
201.071	110	157	1407
201.086	111	157	1408
201.092	112	152	1408
201.099	113	155	207
201.104	114	155	1409
201.109	115	155	1407
201.114	116	155	1407
201.119	117	154	207
201.122	118	156	1407
201.126	119	155	1409
201.134	120	156	1407
201.139	121	157	207
201.142	123	154	1407
201.147	124	154	207
201.149	125	155	1407
201.157	126	157	1407
201.157	127	153	207
201.165	128	152	1409
201.17	129	153	1409
201.172	130	150	1407
201.185	131	152	209
201.191	133	154	1407
201.195	134	152	207
201.2	136	151	1407
201.205	137	152	207
201.207	138	153	1407
201.215	139	150	1407
201.218	140	148	207
201.22	141	150	1407
201.23	142	147	1407
201.243	143	148	207
201.245	144	149	1407
201.262	145	149	1407
201.27	146	153	207
201.273	148	150	1407
201.276	149	148	207
201.278	150	151	1407
201.283	151	147	1407
201.288	152	148	207
201.293	154	147	1407
201.298	155	149	207
201.303	156	152	1407
201.305	157	150	1407
201.31	158	152	207
201.313	159	153	1407
201.317	160	154	1407
201.325	162	156	1407
201.329	163	157	1407
201.332	164	155	207
201.337	166	155	1407
201.342	167	156	207
201.347	169	157	1407
201.349	170	155	1409
201.352	171	154	207
201.357	172	157	1407
201.359	173	156	1407
201.367	175	158	1407
201.369	176	157	1407
201.379	179	157	1407
201.386	182	156	1407
201.394	183	160	207
201.396	184	161	1407
201.399	185	160	1407
201.406	187	159	207
201.408	188	162	1407
201.415	189	165	1409
201.417	190	163	1407
201.422	191	164	207
201.425	193	161	1407
201.428	194	161	207
201.43	196	159	1407
201.435	197	160	207
201.44	199	160	1407
201.452	200	157	207
201.455	201	159	1407
201.472	202	159	1407
201.482	203	159	1409
201.489	205	163	1407
201.494	207	160	207
201.499	209	160	1407
201.504	211	158	207
201.509	212	162	1407
201.514	214	158	207
201.517	215	160	1407
201.519	216	158	1407
201.519	217	156	207
201.524	219	156	1407
201.525	220	153	207
201.527	221	155	1407
201.528	222	151	209
201.531	224	150	207
201.535	225	153	1407
201.54	226	154	1409
201.543	227	154	1407
201.55	228	153	1409
201.555	231	151	1407
201.565	234	152	1407
201.57	237	153	1407
201.573	238	152	1407
201.575	239	151	207
201.58	240	154	1407
201.583	242	153	1409
201.588	244	151	209
201.59	245	153	1409
201.595	248	149	1407
201.598	249	149	207
201.603	251	150	1407
201.605	252	149	1409
201.608	253	149	207
201.613	255	147	1407
201.626	258	151	1411
201.632	259	155	1408
201.635	260	154	1411
201.638	261	154	208
201.641	263	150	1411
201.65	264	156	1408
201.657	265	153	208
201.659	266	155	1408
201.685	270	153	1408
201.688	271	149	211
201.689	272	149	208
201.693	273	153	1408
201.698	274	153	1411
201.703	275	155	1411
201.705	276	154	1408
201.713	278	154	208
201.715	279	156	1408
201.722	280	158	1411
201.725	282	154	208
201.728	283	156	1408
201.735	285	157	1408
201.74	287	155	208
201.745	289	156	1408
201.745	290	153	208
201.75	291	157	1408
201.754	292	159	1408
201.759	295	157	1408
201.76	296	153	211
201.766	299	156	1408
201.769	300	155	211
201.771	301	157	1411
201.774	302	157	1408
201.777	303	156	211
201.778	304	156	211
201.778	305	155	208
201.79	311	155	1408
201.792	312	155	1411
201.795	313	155	208
201.8	315	155	211
201.803	317	154	1408
201.806	318	154	208
201.808	319	155	1408
201.812	320	157	1411
201.817	322	156	208
201.82	324	154	1411
201.827	325	158	1408
201.832	328	157	1408
201.832	329	154	211
201.835	330	156	1411
201.847	336	155	1411
201.85	337	155	1408
201.85	338	151	208
201.853	339	153	1408
201.86	340	151	1408
201.887	341	152	1411
201.888	342	150	211
201.89	343	153	1411
201.895	344	154	208
201.897	346	153	1408
201.9	347	152	208
201.902	348	155	1408
201.908	349	154	1408
201.91	350	154	208
201.913	351	156	1408
201.917	352	154	1411
201.922	353	155	1408
201.925	354	152	208
201.927	355	154	1408
201.932	357	153	1408
201.94	359	152	208
201.942	360	155	1408
201.947	361	156	1411
201.951	362	157	1411
201.954	363	157	1408
201.959	364	159	208
201.961	365	161	1408
201.964	366	159	1408
201.972	371	156	1411
201.975	374	152	208
201.977	375	154	1408
201.996	377	157	1411
202.001	378	158	1411
202.004	379	158	211
202.006	380	160	1411
202.006	381	158	211
202.011	384	158	1411
202.016	385	160	1411
202.019	387	158	208
202.026	390	158	1411
202.029	391	157	1411
202.029	392	155	208
202.032	394	154	1408
202.033	395	151	208
202.04	398	155	1411
202.05	402	152	211
202.052	403	154	1411
202.057	405	153	211
202.062	407	154	1408
202.064	408	154	208
202.067	410	153	1408
202.07	411	153	208
202.09	413	152	1408
202.092	414	152	208
202.095	415	154	1408
202.097	416	150	1411
202.1	418	147	208
202.103	419	149	1408
202.108	420	150	1408
202.11	421	148	208
202.116	424	145	208
202.118	425	147	1408
202.12	426	147	1408
202.126	427	149	208
202.128	428	151	1408
202.133	429	151	1411
202.14	430	155	1408
202.144	431	154	1411
202.146	432	152	208
202.148	434	151	1408
202.148	435	149	208
202.151	436	151	1408
202.155	437	153	1408
202.156	438	150	208
202.158	440	148	1408
202.163	443	148	1408
202.169	444	146	211
202.171	445	148	1411
202.176	446	150	211
202.181	449	151	1411
202.183	450	151	208
202.186	451	153	1408
202.19	452	155	1408
202.199	453	153	1411
202.2	454	151	208
202.208	457	151	208
202.21	458	154	1408
202.213	459	152	211
202.215	460	154	1411
202.218	461	153	1408
202.219	462	151	208
202.224	464	153	1411
202.23	465	154	1411
202.235	466	157	1411
202.237	467	156	1408
202.242	469	155	208
202.245	470	156	1408
202.247	471	155	1411
202.252	474	154	208
202.254	475	157	1408
202.262	476	161	1411
202.262	477	158	211
202.264	479	157	1411
202.271	481	159	1411
202.272	482	156	208
202.275	483	158	1408
202.281	484	162	1411
202.284	485	161	1408
202.301	486	161	1411
202.306	492	155	1411
202.313	493	159	1408
202.316	494	159	208
202.318	495	161	1408
202.324	496	158	1411
202.329	497	161	1411
202.331	498	161	1408
202.332	499	158	208
202.339	502	157	208
202.347	504	157	1408
202.356	507	157	1411
202.363	510	159	1408
202.366	511	158	1408
202.369	513	155	211
202.371	514	157	1411
202.379	518	156	208
202.383	519	160	1408
202.389	521	156	211
202.394	525	153	1408
202.401	526	152	208
202.404	527	154	1408
202.41	528	153	1411
202.413	529	153	1411
202.423	532	157	1408
202.425	533	157	1408
202.426	534	154	208
202.428	535	156	1408
202.433	536	157	1411
202.44	539	155	1408
202.448	541	156	1411
202.453	542	159	208
202.456	544	157	1408
202.461	547	156	211
202.463	549	156	1408
202.466	550	155	208
202.469	553	152	1411
202.471	554	152	208
202.474	555	153	1408
202.479	557	153	1408
202.481	558	153	208
202.484	559	155	1408
202.486	560	155	1408
202.489	561	154	208
202.492	564	152	208
202.494	565	154	1408
202.508	568	157	1408
202.512	569	149	211
202.514	570	151	1411
202.528	571	154	1411
202.55	574	153	1411
202.561	575	153	1411
202.584	577	155	211
202.594	579	153	1411
202.602	580	151	211
202.605	581	151	1411
202.61	582	147	211
202.617	583	152	1411
202.625	584	149	1411
202.646	586	150	1411
202.656	587	149	211
202.661	588	152	1411
202.673	589	154	1411
202.674	590	150	211
202.676	591	152	1411
202.682	592	153	211
202.684	594	151	1411
202.691	595	154	211
202.694	596	155	1411
202.698	597	156	1411
202.703	598	156	1411
202.71	599	158	1411
202.715	600	160	1411
202.728	602	164	1411
202.73	603	162	1411
202.74	606	162	208
202.742	608	161	1408
202.752	611	162	1408
202.755	612	159	208
202.759	614	160	1408
202.762	615	158	211
202.765	616	160	1411
202.765	617	156	208
202.767	618	158	1408
202.774	620	155	208
202.778	622	156	1408
202.787	625	156	1408
202.795	626	159	1411
202.8	628	159	1408
202.807	630	158	1408
202.814	633	156	1408
202.817	634	155	208
202.82	635	156	1408
202.822	636	155	1408
202.827	637	156	208
202.83	638	157	1408
202.84	640	156	208
202.847	642	155	1408
202.855	643	156	1411
202.86	644	154	208
202.867	646	154	1408
202.873	647	152	208
202.88	649	151	1408
202.9	651	156	208
202.902	652	158	1408
202.907	653	156	1408
202.915	656	149	1408
202.918	657	145	208
202.92	658	146	1408
202.925	659	144	1411
202.928	660	140	1408
202.936	661	140	211
202.938	662	142	1411
202.948	663	144	1411
202.953	664	143	211
202.955	665	144	1411
202.96	666	142	1411
202.97	667	144	1411
202.977	668	144	1411
202.983	669	143	211
202.985	670	144	1411
202.993	671	147	208
202.995	672	148	1408
202.995	673	144	211
202.998	674	145	1408
203.005	675	147	208
203.007	676	149	1411
203.012	677	148	1408
203.02	678	150	211
203.022	679	152	1411
203.025	680	149	1408
203.033	681	152	208
203.035	682	153	1408
203.044	683	158	1408
203.047	684	155	1411
203.056	685	159	1411
203.059	686	157	208
203.064	687	160	1408
203.069	688	160	1408
203.074	689	160	208
203.081	691	161	1411
203.087	692	162	1408
203.094	693	164	1411
203.097	694	162	208
203.1	695	164	1408
203.105	696	163	1408
203.114	698	167	1408
203.117	699	164	1411
203.122	700	163	1408
203.131	702	166	1408
203.131	703	162	211
203.134	704	163	1411
203.144	705	168	1408
203.148	706	168	208
203.155	708	168	1408
203.156	709	164	208
203.163	711	165	1408
203.171	714	161	1408
203.179	715	164	208
203.185	718	158	208
203.192	721	155	208
203.195	722	156	1408
203.199	723	156	1408
203.202	724	153	208
203.204	725	155	1408
203.215	727	154	208
203.222	729	155	1408
203.223	730	151	208
203.227	732	150	1408
203.23	733	148	208
203.235	734	151	1408
203.238	735	149	1408
203.241	736	146	208
203.243	737	148	1408
203.252	738	152	1408
203.253	739	148	208
203.256	741	144	1408
203.263	742	147	208
203.269	744	146	1408
203.269	745	141	208
203.272	746	143	1408
203.279	747	145	1411
203.287	748	147	1408
203.299	752	143	208
203.302	753	145	1408
203.309	754	147	1408
203.312	755	145	211
203.32	758	145	1408
203.325	759	145	208
203.33	760	149	1408
203.33	761	144	211
203.335	762	148	1408
203.338	763	146	208
203.34	764	147	1408
203.345	765	147	1408
203.345	766	143	208
203.348	767	144	1408
203.358	768	149	1411
203.365	769	150	1411
203.37	770	150	1408
203.375	771	150	211
203.377	772	152	1411
203.387	774	155	1408
203.392	775	155	1411
203.397	776	154	1411
203.402	777	154	1411
203.406	778	154	1411
203.414	779	156	1408
203.417	780	153	208
203.419	781	155	1408
203.427	782	157	1411
203.431	783	157	1411
203.437	784	157	1411
203.442	785	156	1408
203.447	786	156	208
203.449	787	158	1408
203.452	788	155	1408
203.46	789	158	208
203.465	791	157	1411
203.472	792	158	1408
203.474	793	156	208
203.477	794	157	1411
203.483	795	159	1408
203.488	796	159	1408
203.495	798	160	1408
203.501	800	155	208
203.506	801	158	1408
203.508	802	156	211
203.511	803	157	1411
203.518	805	155	1408
203.523	806	155	208
203.528	807	158	1408
203.534	810	153	1408
203.539	811	153	208
203.541	812	154	1408
203.549	813	157	1408
203.552	814	154	208
203.554	815	156	1408
203.559	816	156	1408
203.566	818	157	1408
203.574	819	158	1408
203.574	820	153	208
203.579	821	157	1408
203.584	822	157	1408
203.586	823	155	208
203.593	826	155	1408
203.596	827	153	208
203.603	829	154	1408
203.608	830	153	208
203.61	831	155	1408
203.62	832	159	1408
203.62	833	154	208
203.628	835	155	1408
203.635	837	156	1408
203.64	838	156	1408
203.645	839	156	208
203.647	840	157	1408
203.656	841	161	1408
203.659	842	159	208
203.662	843	160	1408
203.669	844	162	1408
203.674	845	163	208
203.676	846	164	1408
203.689	849	161	208
203.691	850	163	1408
203.696	851	162	1408
203.699	852	160	208
203.701	853	161	1408
203.709	855	159	211
203.711	856	160	1411
203.717	858	159	1408
203.721	859	159	1408
203.729	860	160	1411
203.732	861	159	208
203.735	863	155	1408
203.74	864	155	208
203.74	865	155	211
203.743	867	151	1408
203.75	868	153	1408
203.753	869	151	208
203.756	872	143	208
203.758	873	144	1408
203.766	874	146	211
203.768	875	148	1408
203.771	876	146	208
203.773	877	147	1408
203.778	878	147	1408
203.784	880	146	1408
203.791	881	148	1411
203.791	882	143	211
203.796	883	147	1408
203.801	884	147	1411
203.801	885	142	208
203.806	886	146	1408
203.811	887	146	1408
203.816	888	146	208
203.819	889	147	1408
203.821	890	144	1408
203.829	891	147	1411
203.834	892	147	211
203.834	893	146	208
203.842	895	147	1408
203.844	896	145	208
203.847	897	146	1408
203.857	898	151	1408
203.857	899	147	208
203.859	900	148	1408
203.869	901	151	1408
203.872	902	150	208
203.875	903	151	1408
203.879	904	151	1408
203.884	905	151	208
203.887	906	152	1408
203.892	907	152	1411
203.894	908	150	1411
203.903	910	147	208
203.907	911	151	1408
203.912	912	151	1411
203.917	913	151	1408
203.92	914	148	211
203.92	915	148	208
203.927	917	149	1408
203.933	918	148	208
203.935	919	150	1408
203.942	920	152	1411
203.952	921	156	1411
203.956	922	156	1408
203.971	925	158	1411
203.975	926	158	1411
203.982	927	161	1408
203.985	928	160	208
203.988	929	161	1408
203.992	930	162	1408
203.995	931	160	211
203.998	933	161	1408
204.003	935	159	208
204.01	937	161	1408
204.013	938	159	208
204.018	939	163	1408
204.022	940	164	1408
204.025	941	162	208
204.027	942	164	1408
204.032	943	165	1408
204.035	944	163	208
204.04	946	163	1408
204.041	947	160	208
204.045	949	160	1408
204.05	950	161	208
204.052	951	162	1408
204.057	952	163	1411
204.062	954	159	208
204.065	955	161	1408
204.069	956	162	1408
204.07	957	158	208
204.076	960	154	208
204.081	963	151	208
204.084	965	149	1408
204.087	966	147	208
204.092	968	147	1408
204.095	969	146	208
204.097	970	147	1408
204.104	971	151	1411
204.106	972	149	1408
204.114	975	148	1408
204.119	976	149	208
204.124	978	148	1408
204.128	979	149	1411
204.134	980	148	208
204.144	982	149	1408
204.151	983	150	208
204.154	984	151	1408
204.166	986	149	208
204.172	988	147	211
204.177	989	150	1411
204.184	990	150	1408
204.189	991	149	208
204.194	992	152	1408
204.202	993	153	211
204.204	994	154	1408
204.219	996	155	1411
204.226	997	156	208
204.228	998	157	1408
204.237	1000	151	208
204.239	1001	152	1408
204.247	1002	153	1411
204.254	1003	153	1411
204.261	1004	154	1408
204.271	1005	156	1411
204.276	1006	155	208
204.278	1007	156	1408
204.288	1008	158	1411
204.295	1009	159	1411
204.303	1010	159	1411
204.31	1011	160	1411
204.314	1012	160	1411
204.322	1013	162	1411
204.331	1016	160	1408
204.341	1017	164	1411
204.342	1018	160	208
204.349	1020	161	1408
204.356	1021	163	208
204.358	1022	165	1408
204.364	1023	164	1411
204.366	1024	162	1408
204.369	1025	159	208
204.371	1026	161	1408
204.377	1028	157	1411
204.387	1029	160	1411
204.396	1032	159	1408
204.404	1034	160	1408
204.412	1036	157	208
204.419	1038	158	1408
204.419	1039	154	208
204.431	1042	155	1408
204.432	1043	150	208
204.435	1044	152	1408
204.448	1047	149	208
204.45	1048	150	1408
204.46	1050	150	208
204.462	1051	151	1408
204.467	1052	151	1408
204.47	1053	148	208
204.474	1054	152	1408
204.48	1055	152	1408
204.485	1056	153	208
204.49	1058	151	1408
204.498	1061	148	1408
204.501	1062	145	208
204.503	1063	147	1408
204.51	1064	149	1408
204.518	1065	151	208
204.525	1067	153	1408
204.528	1068	150	208
204.53	1070	147	211
204.538	1072	149	1408
204.546	1073	150	208
204.553	1075	152	1411
204.559	1077	147	208
204.561	1078	149	1408
204.563	1079	146	1408
204.568	1080	145	208
204.571	1081	147	1408
204.58	1082	151	1411
204.587	1083	153	1408
204.595	1085	154	1408
204.604	1086	159	1408
204.607	1087	156	211
204.609	1088	158	1411
204.617	1091	158	1408
204.624	1092	160	1411
204.628	1093	159	1411
204.633	1094	159	1408
204.643	1096	162	1408
204.645	1097	160	1411
204.656	1098	164	1411
204.658	1099	161	1408
204.667	1100	166	1411
204.67	1101	163	1411
204.679	1102	167	1411
204.682	1103	165	208
204.685	1104	166	1408
204.69	1105	166	1408
204.692	1106	164	208
204.695	1107	165	1408
204.704	1109	163	1411
204.711	1110	166	208
204.714	1111	167	1408
204.721	1113	168	1411
204.725	1114	168	1408
204.73	1115	168	208
204.733	1116	169	1408
204.735	1117	167	1408
204.74	1118	166	208
204.745	1120	165	1411
204.748	1121	163	1411
204.76	1123	164	1408
204.763	1124	162	208
204.765	1125	163	1408
204.775	1127	162	1411
204.782	1128	165	1408
204.79	1131	160	1408
204.795	1132	160	208
204.797	1133	162	1408
204.803	1134	162	1408
204.803	1135	157	211
204.804	1136	157	208
204.806	1137	158	1408
204.808	1138	155	1408
204.822	1141	156	1408
204.826	1144	153	208
204.832	1146	151	1408
204.834	1147	148	208
204.839	1149	147	1408
204.847	1150	149	211
204.848	1151	148	208
204.85	1152	150	1408
204.855	1153	149	1408
204.858	1154	146	208
204.861	1156	142	1408
204.866	1157	142	208
204.868	1158	143	1408
204.875	1160	137	208
204.879	1161	141	1408
204.884	1162	139	1408
204.887	1163	138	208
204.89	1164	139	1408
204.895	1165	138	1411
204.904	1166	142	1408
204.918	1171	136	208
204.92	1172	137	1408
204.928	1173	139	1408
204.933	1174	138	208
204.935	1175	139	1411
204.942	1176	140	1408
204.951	1177	145	1408
204.958	1178	146	1411
204.962	1179	143	208
204.966	1180	147	1408
204.974	1181	148	1411
204.981	1182	149	1408
204.987	1183	149	208
204.989	1184	151	1408
204.994	1185	150	211
204.999	1186	154	1411
205.006	1187	155	1408
205.011	1188	154	208
205.015	1189	158	1408
205.021	1190	157	1408
205.028	1191	160	208
205.03	1192	161	1408
205.038	1193	163	211
205.043	1195	161	211
205.057	1199	161	1408
205.064	1201	162	1408
205.076	1203	162	1411
205.077	1204	156	208
205.081	1205	160	1408
205.088	1206	162	1411
205.096	1207	163	1408
205.098	1208	160	208
205.103	1209	163	1408
205.108	1210	163	1408
205.111	1211	160	208
205.114	1212	161	1408
205.119	1213	161	1408
205.124	1214	161	208
205.13	1216	159	211
205.133	1218	155	211
205.137	1219	159	1411
205.139	1220	156	1408
205.147	1222	157	1408
205.154	1223	158	1408
205.157	1224	155	208
205.162	1226	153	1408
205.167	1227	153	208
205.17	1228	154	1408
205.178	1230	150	208
205.18	1231	152	1408
205.185	1232	151	1408
205.19	1235	144	1408
205.195	1236	143	208
205.197	1237	144	1408
205.205	1238	145	1408
205.208	1239	142	208
205.21	1240	144	1408
205.217	1241	146	1408
205.222	1242	145	208
205.225	1243	146	1408
205.23	1244	145	1408
205.233	1245	142	208
205.237	1246	146	1408
205.244	1247	147	1411
205.252	1248	150	1408
205.255	1249	147	211
205.26	1250	150	1411
205.265	1251	149	1411
205.27	1252	149	211
205.27	1253	150	208
205.272	1254	151	1408
205.28	1255	153	1408
205.285	1256	154	1411
205.291	1257	155	208
205.295	1259	154	1408
205.298	1260	152	208
205.3	1261	154	1408
205.305	1262	153	1408
205.308	1263	153	208
205.313	1265	152	1408
205.318	1266	153	208
205.323	1268	151	1408
205.325	1269	150	208
205.328	1270	151	1408
205.337	1272	152	1411
205.344	1273	154	1408
205.35	1274	154	208
205.352	1275	155	1408
205.355	1276	154	211
205.36	1278	153	208
205.362	1279	156	1408
205.367	1280	155	1408
205.372	1281	155	1411
205.373	1282	153	208
205.378	1284	151	1408
205.385	1285	154	1411
205.388	1286	152	208
205.39	1287	153	1408
205.395	1288	154	211
205.4	1289	158	1411
205.404	1290	158	1408
205.412	1293	156	1408
205.417	1294	156	208
205.419	1295	158	1408
205.436	1299	160	1408
205.459	1304	156	1408
205.468	1305	158	1408
205.472	1306	154	208
205.474	1307	156	1408
205.481	1308	155	1408
205.486	1309	152	208
205.489	1310	153	1408
205.496	1311	153	1408
205.506	1312	154	1411
205.511	1313	152	208
205.513	1314	153	1408
205.52	1315	152	1411
205.53	1316	155	1411
205.537	1317	154	1408
205.544	1318	153	1411
205.553	1319	153	208
205.555	1320	154	1408
205.559	1321	151	1408
205.569	1322	153	1411
205.577	1323	153	208
205.579	1324	154	1408
205.587	1325	154	1411
205.594	1326	153	1408
205.599	1327	153	208
205.602	1328	154	1408
205.611	1329	158	1408
205.614	1330	155	208
205.619	1331	158	1408
205.622	1332	157	211
205.627	1333	160	1411
205.634	1334	161	1408
205.637	1335	158	208
205.642	1337	156	1408
205.647	1338	155	1411
205.649	1339	153	211
205.652	1340	154	1411
205.655	1341	152	208
205.658	1342	153	1408
205.663	1343	152	211
205.666	1345	148	1411
205.671	1346	148	211
205.673	1347	150	1408
205.678	1348	149	208
205.684	1350	147	1408
205.686	1351	144	208
205.689	1352	145	1408
205.696	1353	147	1408
205.697	1354	142	208
205.702	1355	146	1408
205.704	1356	143	1408
205.711	1357	144	208
205.714	1358	145	1408
205.722	1359	147	1408
205.722	1360	143	208
205.724	1361	144	1408
205.731	1362	145	1408
205.735	1363	142	208
205.739	1364	146	1408
205.744	1365	145	1408
205.749	1366	144	208
205.752	1367	146	1408
205.759	1368	148	1408
205.76	1369	142	208
205.764	1370	146	1408
205.772	1371	147	1408
205.777	1372	147	208
205.782	1373	150	1408
205.784	1374	148	1408
205.792	1375	149	208
205.794	1376	151	1408
205.802	1377	152	1408
205.809	1378	154	208
205.811	1379	155	1408
205.814	1380	152	1408
205.82	1381	152	208
205.822	1382	154	1408
205.824	1383	150	1408
205.832	1384	152	208
205.834	1385	153	1408
205.839	1386	152	1408
205.849	1387	155	1411
205.852	1388	153	208
205.854	1389	155	1408
205.859	1390	154	1408
205.867	1391	155	208
205.869	1392	156	1408
205.874	1393	155	1411
205.881	1394	156	1408
205.886	1395	156	208
205.89	1396	160	1408
205.895	1397	159	1411
205.898	1398	155	1408
205.905	1399	157	208
205.908	1400	158	1408
205.915	1401	160	1408
205.915	1402	155	208
205.92	1403	159	1408
205.927	1404	160	1408
205.93	1405	157	208
205.937	1406	162	1408
205.94	1407	159	1408
205.948	1408	161	208
205.955	1411	156	208
205.957	1412	158	1408
205.965	1413	159	1408
205.97	1414	158	208
205.972	1415	160	1408
205.977	1416	160	1408
205.98	1417	157	208
205.983	1418	158	1408
205.988	1420	151	208
205.991	1421	153	1408
205.996	1422	152	1408
205.996	1423	147	208
206.001	1424	151	1408
206.008	1425	152	1408
206.013	1426	152	208
206.016	1427	153	1408
206.021	1428	152	1408
206.021	1429	147	208
206.024	1430	149	1408
206.031	1431	150	1408
206.031	1432	145	208
206.036	1433	149	1408
206.041	1434	147	1408
206.047	1435	147	208
206.051	1436	151	1408
206.056	1437	150	1408
206.059	1438	147	208
206.061	1439	149	1408
206.072	1441	147	208
206.076	1442	151	1408
206.081	1443	149	1408
206.086	1444	150	208
206.091	1445	154	1408
206.096	1446	152	1408
206.101	1447	152	208
206.104	1448	153	1408
206.111	1449	154	1408
206.114	1450	151	208
206.121	1452	152	1408
206.128	1453	153	208
206.13	1454	155	1408
206.135	1455	153	1408
206.141	1456	153	208
206.146	1457	157	1408
206.152	1458	159	1408
206.157	1459	158	208
206.16	1460	159	1408
206.163	1461	156	1411
206.172	1462	160	1411
206.179	1463	160	1408
206.182	1464	157	208
206.184	1465	160	1408
206.189	1466	159	1408
206.195	1467	158	208
206.199	1468	162	1408
206.204	1469	161	1411
206.211	1470	162	1408
206.217	1471	161	208
206.221	1473	160	1408
206.226	1474	159	208
206.228	1475	160	1408
206.234	1476	159	1408
206.239	1477	159	208
206.246	1479	160	1408
206.251	1480	159	208
206.256	1481	163	1408
206.261	1483	156	208
206.264	1484	157	1408
206.269	1485	156	1408
206.278	1487	160	1408
206.285	1488	161	1411
206.288	1489	157	1408
206.3	1491	162	1408
206.302	1492	159	1408
206.312	1494	163	1408
206.327	1498	159	1408
206.33	1499	157	1411
206.331	1500	151	208
206.333	1501	153	1408
206.34	1502	154	1408
206.343	1503	151	208
206.35	1504	155	1408
206.358	1505	155	1408
206.358	1506	151	208
206.363	1507	154	1408
206.37	1508	155	1408
206.376	1509	155	208
206.378	1510	157	1408
206.383	1511	155	1408
206.388	1512	154	208
206.395	1514	155	1408
206.398	1515	152	208
206.401	1516	153	1408
206.405	1517	152	1408
206.411	1518	151	208
206.413	1519	153	1408
206.416	1520	149	1408
206.423	1521	151	1411
206.426	1522	148	208
206.431	1523	151	1408
206.438	1524	152	1408
206.441	1525	149	208
206.443	1526	150	1408
206.45	1527	152	1411
206.457	1528	153	1408
206.462	1529	152	208
206.465	1530	153	1408
206.475	1531	157	1411
206.479	1532	156	1408
206.484	1533	155	211
206.485	1534	154	208
206.487	1535	155	1408
206.494	1536	157	1408
206.498	1537	155	208
206.504	1539	153	211
206.507	1541	149	208
206.509	1542	150	1408
206.516	1543	152	211
206.518	1544	153	1408
206.524	1545	153	208
206.531	1547	153	1411
206.536	1548	152	211
206.538	1549	154	1411
206.55	1551	153	208
206.553	1552	155	1408
206.558	1554	149	208
206.561	1555	150	1408
206.566	1556	149	1408
206.569	1557	147	208
206.573	1558	151	1408
206.578	1559	151	1408
206.581	1560	148	208
206.586	1562	148	1408
206.589	1563	146	208
206.591	1564	148	1408
206.594	1565	146	1411
206.603	1566	151	1408
206.604	1567	146	208
206.609	1568	150	1408
206.615	1569	152	1408
206.616	1570	148	208
206.618	1571	150	1408
206.628	1572	155	1408
206.633	1573	155	208
206.635	1574	157	1408
206.638	1575	154	1408
206.645	1576	157	208
206.648	1578	154	1408
206.655	1580	155	1408
206.657	1581	153	1408
206.663	1582	153	208
206.665	1583	154	1408
206.667	1584	153	1408
206.673	1585	153	208
206.675	1586	155	1408
206.683	1587	157	1408
206.685	1588	155	208
206.69	1590	155	1408
206.696	1591	155	208
206.701	1593	155	1408
206.706	1594	155	208
206.708	1595	156	1408
206.715	1596	159	1411
206.717	1597	156	1411
206.722	1598	157	1408
206.725	1599	155	208
206.727	1600	156	1408
206.735	1601	158	1408
206.74	1602	155	1411
206.755	1605	153	1411
206.77	1607	152	1408
206.777	1608	151	208
206.779	1609	153	1408
206.787	1610	153	1408
206.797	1611	154	1411
206.8	1612	148	208
206.802	1613	150	1408
206.812	1614	151	1408
206.819	1615	151	208
206.821	1616	152	1408
206.829	1617	152	1408
206.837	1618	151	208
206.839	1619	153	1408
206.849	1620	155	1408
206.859	1621	156	1411
206.864	1622	154	211
206.865	1623	152	208
206.869	1624	156	1408
206.882	1626	153	208
206.887	1627	156	1408
206.89	1628	151	1408
206.899	1629	154	1411
206.906	1630	156	208
206.909	1631	157	1411
206.917	1633	153	1408
206.922	1634	152	208
206.924	1635	154	1408
206.935	1637	152	208
206.944	1639	155	1408
206.952	1641	155	1408
206.957	1642	154	1408
206.962	1643	153	211
206.964	1644	154	1411
206.967	1645	152	208
206.972	1646	155	1408
206.977	1647	154	1411
206.984	1648	155	1408
206.989	1649	155	208
206.997	1651	156	1408
206.999	1652	153	208
207.002	1653	154	1408
207.006	1654	153	1408
207.01	1655	151	208
207.017	1657	151	1408
207.02	1658	148	208
207.025	1659	151	1408
207.03	1660	151	1408
207.035	1661	150	208
207.04	1662	153	1408
207.043	1663	150	1408
207.048	1664	150	208
207.05	1665	151	1408
207.057	1666	152	1408
207.06	1667	149	208
207.07	1669	152	1408
207.073	1670	149	208
207.078	1672	148	1408
207.083	1673	147	1411
207.091	1674	149	208
207.098	1676	149	1408
207.108	1679	146	1408
207.116	1680	148	1411
207.123	1681	149	208
207.126	1682	150	1408
207.133	1683	152	1408
207.143	1684	155	1411
207.144	1685	150	208
207.153	1687	153	1408
207.158	1688	152	211
207.161	1689	153	1408
207.164	1690	150	208
207.169	1692	149	1408
207.172	1693	146	208
207.174	1694	147	1408
207.182	1695	149	1408
207.184	1696	146	208
207.187	1697	147	1408
207.196	1698	151	1408
207.199	1699	147	1411
207.207	1700	149	208
207.209	1701	150	1408
207.213	1702	149	1408
207.223	1703	152	1411
207.226	1704	149	208
207.228	1705	151	1408
207.235	1706	151	1408
207.24	1707	150	208
207.243	1708	152	1408
207.248	1709	151	1408
207.253	1710	151	208
207.255	1711	152	1408
207.262	1712	153	1408
207.27	1713	154	208
207.272	1714	156	1408
207.277	1715	154	1411
207.284	1716	156	1411
207.289	1717	155	1408
207.297	1718	156	208
207.299	1719	159	1408
207.306	1720	160	1408
207.313	1721	161	1411
207.318	1722	160	208
207.319	1723	159	211
207.321	1724	161	1411
207.329	1725	162	1408
207.337	1727	158	208
207.344	1729	158	1408
207.349	1730	157	208
207.351	1731	159	1408
207.361	1732	162	1408
207.366	1733	161	1411
207.368	1734	158	208
207.378	1736	161	1408
207.383	1737	160	1411
207.386	1738	156	208
207.393	1740	156	1408
207.398	1741	156	208
207.401	1742	157	1408
207.406	1743	156	1408
207.408	1744	154	208
207.411	1745	155	1408
207.423	1748	155	1408
207.43	1749	156	1408
207.433	1750	153	208
207.436	1751	154	1408
207.438	1752	151	1408
207.446	1753	152	208
207.448	1754	153	1408
207.459	1756	152	208
207.461	1757	153	1408
207.466	1758	152	1408
207.474	1759	154	208
207.476	1760	155	1408
207.483	1761	156	1408
207.484	1762	151	208
207.486	1763	152	1408
207.493	1764	155	1408
207.5	1766	155	1408
207.505	1767	154	1408
207.511	1768	153	208
207.513	1769	155	1408
207.522	1770	158	1408
207.525	1771	155	208
207.528	1772	157	1408
207.536	1774	152	208
207.54	1775	156	1408
207.545	1776	155	1411
207.551	1777	154	1411
207.558	1778	155	1408
207.561	1779	152	208
207.565	1780	156	1408
207.57	1781	155	1408
207.576	1782	154	208
207.581	1784	152	1411
207.587	1785	153	1408
207.596	1786	155	208
207.603	1789	151	1408
207.608	1790	150	208
207.611	1791	151	1408
207.618	1792	152	1408
207.621	1793	150	208
207.624	1794	151	1408
207.63	1795	152	1411
207.633	1796	149	211
207.635	1797	150	1408
207.643	1798	152	208
207.646	1799	153	1408
207.653	1800	155	1408
207.656	1801	151	208
207.658	1802	153	1408
207.665	1803	154	1411
207.673	1804	155	1408
207.676	1805	152	208
207.68	1806	156	1408
207.685	1807	155	1408
207.688	1808	152	208
207.691	1809	153	1408
207.696	1810	152	1408
207.699	1811	150	208
207.703	1812	154	1408
207.706	1813	151	211
207.709	1815	147	208
207.711	1816	148	1408
207.719	1817	149	1408
207.724	1818	149	208
207.726	1819	150	1408
207.731	1820	148	1408
207.741	1821	152	1411
207.746	1822	152	208
207.754	1824	152	1408
207.759	1825	151	208
207.761	1826	152	1408
207.768	1827	154	1408
207.771	1828	150	208
207.773	1829	152	1408
207.78	1830	153	1408
207.787	1831	154	1411
207.79	1832	151	208
207.793	1833	153	1408
207.802	1834	157	1408
207.808	1835	156	208
207.81	1836	157	1408
207.815	1837	156	1411
207.824	1838	159	1411
207.832	1840	156	208
207.837	1841	159	1408
207.844	1842	160	1408
207.856	1845	160	1408
207.859	1846	157	208
207.861	1847	158	1408
207.869	1848	160	1408
207.879	1850	162	1408
207.884	1852	159	208
207.886	1853	160	1408
207.893	1854	162	1408
207.894	1855	157	208
207.899	1857	157	1408
207.904	1858	157	208
207.907	1859	159	1408
207.916	1862	159	1408
207.921	1863	159	1411
207.924	1864	157	1408
207.927	1865	155	208
207.929	1867	151	1408
207.937	1868	155	208
207.939	1869	156	1408
207.944	1870	156	1408
207.949	1873	152	1408
207.955	1874	152	208
207.957	1875	153	1408
207.966	1877	154	1408
207.97	1878	152	208
207.972	1879	153	1408
207.976	1880	153	1408
207.986	1883	153	1408
207.99	1884	151	208
207.996	1886	153	1408
208.002	1887	153	208
208.004	1888	155	1408
208.006	1889	153	1408
208.009	1890	151	208
208.012	1891	152	1408
208.017	1892	153	1408
208.017	1893	148	208
208.02	1894	150	1408
208.025	1896	146	208
208.027	1897	147	1408
208.032	1898	148	1411
208.037	1899	145	1408
208.04	1900	140	208
208.042	1901	141	1408
208.043	1902	133	211
208.045	1903	134	1411
208.047	1904	128	1408
208.048	1905	120	208
208.05	1906	122	1408
208.05	1907	114	211
208.053	1908	115	1411
208.055	1909	110	1408
208.057	1910	104	1411
208.058	1911	96	208
208.06	1912	98	1408
208.062	1913	92	1411
208.063	1914	84	211
208.065	1915	86	1411
208.067	1916	80	1408
208.068	1917	72	208
208.07	1918	74	1408
208.07	1919	66	211
208.073	1920	66	1411
208.075	1921	61	1408
208.077	1922	55	1411
208.081	1923	50	208
208.084	1924	52	1408
208.092	1925	52	211
208.094	1926	54	1411
208.101	1927	52	1411
208.108	1928	53	1408
208.111	1929	50	208
208.114	1930	52	1408
208.121	1931	54	1408
208.125	1932	51	208
208.129	1933	55	1408
208.133	1934	52	1411
208.14	1935	53	1408
208.143	1936	50	208
208.148	1937	55	1408
208.153	1938	55	1408
208.155	1939	51	208
208.158	1940	52	1408
208.162	1941	52	1408
208.167	1942	50	208
208.169	1943	52	1408
208.175	1944	52	1408
208.178	1945	50	208
208.181	1946	52	1408
208.185	1947	52	1408
208.189	1948	51	208
208.192	1949	53	1408
208.197	1950	52	1408
208.201	1951	50	208
208.203	1952	52	1408
208.209	1953	53	1408
208.211	1954	50	208
208.216	1955	53	1408
208.221	1956	54	1408
208.225	1957	52	208
208.227	1958	53	1408
208.234	1959	55	1408
208.234	1960	50	208
208.237	1961	52	1408
208.244	1962	53	1408
208.247	1963	51	208
208.249	1964	52	1408
208.254	1965	52	1408
208.257	1966	50	208
208.26	1967	52	1408
208.265	1968	52	1408
208.269	1969	50	208
208.271	1970	53	1408
208.277	1971	53	1408
208.28	1972	50	208
208.283	1973	52	1408
208.288	1974	52	1408
208.291	1975	50	208
208.294	1976	52	1408
208.299	1977	53	1408
208.304	1978	51	208
208.306	1979	53	1408
208.312	1980	53	1408
208.314	1981	51	208
208.317	1982	52	1408
208.324	1983	55	1408
208.327	1984	52	208
208.329	1985	54	1408
208.339	1986	58	1408
208.342	1987	55	208
208.344	1988	57	1408
208.351	1989	59	1408
208.359	1990	62	208
208.362	1991	63	1408
208.364	1992	60	1408
208.372	1993	62	208
208.374	1994	64	1408
208.384	1995	69	1408
208.387	1996	66	208
208.389	1997	68	1408
208.397	1998	71	1408
208.399	1999	69	208
208.404	2000	72	1408
208.411	2001	75	1408
208.417	2002	75	208
208.421	2003	79	1408
208.428	2004	81	1408
208.429	2005	77	208
208.431	2006	78	1408
208.439	2007	80	1408
208.444	2008	81	208
208.446	2009	82	1408
208.451	2010	82	1408
208.457	2011	82	208
208.461	2012	86	1408
208.466	2013	85	1408
208.471	2014	86	208
208.474	2015	87	1408
208.479	2016	87	1408
208.484	2017	87	208
208.486	2018	89	1408
208.496	2019	93	1408
208.496	2020	89	208
208.499	2021	91	1408
208.508	2022	95	1408
208.514	2023	95	208
208.516	2024	97	1408
208.523	2025	99	1408
208.526	2026	97	208
208.528	2027	98	1408
208.538	2028	103	1408
208.541	2029	101	208
208.544	2030	102	1408
208.551	2031	104	1408
208.554	2032	102	208
208.558	2033	106	1408
208.563	2034	105	1408
208.569	2035	106	208
208.571	2036	108	1408
208.581	2037	112	1408
208.581	2038	107	208
208.583	2039	109	1408
208.593	2040	114	1408
208.594	2041	109	208
208.598	2042	113	1408
208.603	2043	113	1408
208.609	2044	113	208
208.611	2045	115	1408
208.616	2046	114	1408
208.623	2047	117	208
208.625	2048	118	1408
208.631	2049	118	1408
208.636	2050	119	208
208.638	2051	120	1408
208.645	2052	122	1408
208.646	2053	118	208
208.651	2054	121	1408
208.658	2055	124	1408
208.661	2056	121	208
208.663	2057	122	1408
208.67	2058	125	1408
208.676	2059	126	208
208.678	2060	127	1408
208.685	2061	129	1408
208.688	2062	126	208
208.69	2063	128	1408
208.696	2064	128	1408
208.701	2065	128	208
208.706	2066	132	1408
208.712	2067	134	1408
208.716	2068	132	208
208.718	2069	133	1408
208.725	2070	136	1408
208.73	2071	136	208
208.735	2072	140	1408
208.74	2073	140	1408
208.744	2074	138	208
208.75	2075	144	1408
208.753	2076	141	1408
208.76	2077	144	208
208.763	2078	145	1408
208.768	2079	145	1408
208.773	2080	146	208
208.778	2081	150	1408
208.783	2082	149	1408
208.788	2083	149	208
208.79	2084	151	1408
208.8	2085	156	1408
208.803	2086	153	208
208.81	2088	154	1408
208.815	2090	154	1408
208.823	2091	156	1408
208.823	2092	153	208
208.828	2093	156	1408
208.84	2097	156	1408
208.842	2098	154	208
208.845	2099	156	1408
208.847	2100	155	1408
208.852	2101	156	208
208.855	2102	157	1408
208.858	2104	152	208
208.86	2105	154	1408
208.862	2106	152	1408
208.872	2108	156	1408
208.874	2109	155	1408
208.88	2110	157	208
208.885	2112	157	1408
208.892	2115	155	1408
208.895	2116	154	208
208.897	2117	156	1408
208.9	2118	154	1408
208.91	2121	155	1408
208.915	2122	156	208
208.92	2124	156	1408
208.923	2125	155	208
208.928	2128	149	208
208.931	2129	151	1408
208.938	2130	151	1408
208.943	2131	149	208
208.946	2132	151	1408
208.956	2134	148	208
208.961	2135	152	1408
208.968	2136	152	1408
208.971	2137	149	208
208.978	2139	148	1408
208.982	2140	145	208
208.991	2142	146	1408
208.997	2143	145	208
209.001	2144	149	1408
209.011	2146	145	1411
209.019	2147	145	211
209.019	2148	145	208
209.022	2149	147	1408
209.029	2150	148	1408
209.033	2151	147	208
209.035	2152	149	1408
209.037	2153	146	1411
209.045	2154	148	211
209.047	2156	145	1408
209.053	2157	145	208
209.055	2158	148	1408
209.06	2159	146	1411
209.067	2160	148	1408
209.07	2161	147	211
209.071	2162	146	208
209.073	2163	148	1408
209.078	2164	148	1408
209.083	2165	147	1411
209.086	2166	145	208
209.089	2167	146	211
209.093	2169	146	1408
209.1	2170	147	1408
209.106	2171	147	208
209.106	2172	147	211
209.109	2174	144	1408
209.118	2175	147	1411
209.125	2176	150	1408
209.128	2177	147	1411
209.137	2178	152	1411
209.138	2179	147	208
209.14	2180	149	1408
209.15	2181	153	1408
209.15	2182	149	208
209.16	2183	153	1411
209.167	2184	155	1408
209.172	2185	154	1408
209.177	2186	154	208
209.182	2187	154	1411
209.189	2188	156	1408
209.199	2189	157	1411
209.208	2190	161	1408
209.208	2191	157	208
209.211	2192	159	1408
209.221	2193	159	1411
209.23	2194	163	1408
209.233	2195	161	208
209.235	2196	163	1408
209.238	2197	160	1408
209.243	2198	161	208
209.248	2200	159	1408
209.253	2201	160	208
209.256	2202	162	1408
209.266	2205	157	208
209.269	2206	158	1408
209.273	2207	158	1408
209.276	2208	156	208
209.279	2209	157	1408
209.286	2211	154	208
209.29	2212	158	1408
209.298	2213	160	1408
209.3	2214	158	208
209.307	2216	159	1408
209.311	2218	152	208
209.313	2219	154	1411
209.32	2220	156	1408
209.325	2221	156	1408
209.333	2224	153	1408
209.336	2225	150	208
209.338	2226	152	1408
209.345	2227	153	1408
209.348	2228	151	208
209.35	2229	152	1408
209.358	2230	155	1408
209.361	2231	153	208
209.363	2232	154	1408
209.365	2233	152	1408
209.369	2234	150	208
209.376	2235	156	1408
209.38	2236	156	1408
209.383	2237	153	208
209.386	2238	155	1408
209.39	2239	155	1408
209.397	2241	156	1408
209.404	2242	158	1408
209.405	2243	153	208
209.407	2244	155	1408
209.412	2245	155	1408
209.413	2246	150	208
209.415	2247	152	1408
209.425	2248	156	1408
209.428	2249	154	208
209.436	2252	151	208
209.438	2253	153	1408
209.44	2254	150	1408
209.448	2255	153	208
209.458	2257	156	1411
209.46	2258	153	1408
209.468	2259	156	208
209.473	2261	155	1411
209.48	2262	157	1411
209.485	2263	157	1408
209.485	2264	153	208
209.488	2265	154	1408
209.498	2267	154	1408
209.499	2268	150	208
209.501	2269	152	1408
209.503	2270	149	1408
209.508	2271	149	1411
209.516	2272	151	1411
209.521	2273	150	208
209.523	2274	153	1408
209.526	2275	150	1408
209.531	2276	149	208
209.533	2277	151	1408
209.536	2278	150	211
209.539	2279	151	1411
209.546	2280	153	1408
209.551	2281	153	208
209.553	2282	154	1408
209.558	2283	154	1408
209.561	2284	152	208
209.563	2285	153	1408
209.568	2287	148	208
209.57	2288	150	1408
209.58	2289	154	1408
209.58	2290	150	208
209.583	2291	152	1408
209.588	2292	151	1408
209.593	2293	151	208
209.595	2294	153	1408
209.6	2295	153	1408
209.606	2296	154	211
209.607	2297	153	208
209.611	2299	152	1408
209.621	2302	151	1408
209.626	2303	151	208
209.631	2305	150	1408
209.639	2306	152	1411
209.641	2307	150	1411
209.649	2308	152	208
209.651	2310	149	1408
209.654	2311	148	208
209.659	2313	148	1411
209.664	2314	149	1408
209.667	2315	148	208
209.672	2316	151	1408
209.677	2319	145	208
209.682	2320	148	1408
209.686	2321	149	1408
209.687	2322	146	208
209.689	2323	148	1408
209.694	2324	148	1408
209.699	2325	148	1411
209.702	2326	147	208
209.704	2327	149	1408
209.709	2328	150	1408
209.712	2329	149	208
209.714	2330	150	1408
209.721	2331	153	1408
209.721	2332	150	208
209.726	2333	153	1408
209.731	2334	154	1408
209.734	2335	153	208
209.738	2336	157	1408
209.741	2337	155	1408
209.741	2338	152	208
209.743	2339	154	1408
209.748	2340	154	1408
209.749	2341	150	208
209.751	2342	153	1408
209.758	2343	156	1408
209.764	2344	154	208
209.768	2345	158	1408
209.776	2346	158	1411
209.78	2347	156	1408
209.788	2348	157	208
209.791	2349	158	1408
209.795	2350	157	1408
209.803	2351	157	208
209.805	2352	159	1408
209.811	2353	157	1408
209.816	2354	155	208
209.818	2355	156	1411
209.825	2356	156	1408
209.83	2357	155	211
209.833	2358	156	1411
209.84	2359	157	1411
209.849	2360	160	1408
209.852	2361	156	208
209.855	2362	157	1408
209.862	2363	157	1411
209.869	2364	159	1411
209.874	2365	159	1408
209.879	2366	159	208
209.882	2367	161	1408
209.887	2368	161	1408
209.893	2370	158	1411
209.901	2371	160	208
209.903	2372	162	1408
209.906	2373	160	1408
209.913	2374	161	208
209.918	2376	161	1408
209.923	2377	160	208
209.926	2378	162	1408
209.931	2379	162	1408
209.931	2380	158	208
209.933	2381	159	1408
209.936	2382	157	1408
209.936	2383	152	208
209.944	2384	158	1408
209.948	2385	158	1408
209.952	2386	156	208
209.954	2388	153	1408
209.961	2389	155	208
209.964	2390	156	1408
209.966	2391	154	1408
209.974	2392	156	208
209.979	2395	151	208
209.981	2396	152	1408
209.989	2397	154	1408
209.994	2398	154	208
210.004	2401	153	208
210.006	2402	154	1408
210.011	2403	154	1408
210.014	2404	152	208
210.021	2406	153	1408
210.023	2407	151	208
210.028	2408	155	1408
210.035	2409	157	1408
210.039	2410	155	208
210.043	2412	154	1408
210.049	2413	154	208
210.053	2415	153	1408
210.061	2416	156	208
210.063	2417	157	1408
210.068	2418	156	1408
210.073	2419	157	208
210.076	2421	153	1408
210.081	2422	154	208
210.089	2424	155	1408
210.091	2425	153	208
210.094	2426	154	1408
210.103	2427	158	1411
210.106	2428	156	1408
210.109	2429	154	208
210.113	2431	153	1408
210.123	2433	157	1408
210.126	2434	154	1411
210.131	2435	154	1408
210.138	2438	151	1408
210.145	2439	153	208
210.148	2440	154	1408
210.153	2441	154	1408
210.158	2442	154	208
210.16	2443	156	1411
210.17	2445	156	1408
210.175	2446	155	208
210.177	2447	157	1408
210.18	2448	155	1408
210.186	2449	154	1411
210.191	2450	154	1411
210.198	2451	157	208
210.2	2452	158	1408
210.206	2454	153	208
210.208	2455	155	1408
210.213	2456	155	1411
210.218	2457	155	1411
210.228	2459	155	1411
210.231	2460	153	208
210.233	2461	154	1408
210.239	2462	154	1408
210.241	2463	152	208
210.244	2464	153	1408
210.251	2465	155	1411
210.253	2466	152	1408
210.259	2468	148	208
210.261	2469	149	1408
210.268	2470	152	1408
210.276	2473	148	1411
210.283	2474	150	1408
210.286	2475	149	208
210.291	2476	152	1408
210.298	2477	155	1411
210.303	2478	154	1408
210.305	2479	151	208
210.308	2480	153	1408
210.312	2481	153	1408
210.322	2482	156	1411
210.325	2483	154	208
210.327	2484	156	1408
210.331	2485	154	211
210.334	2487	152	208
210.338	2489	151	1408
210.346	2490	154	211
210.348	2491	155	1411
210.351	2492	153	208
210.358	2494	154	1408
210.362	2495	152	208
210.364	2496	153	1408
210.368	2497	153	1408
210.375	2498	155	1411
210.376	2499	151	208
210.381	2500	155	1408
210.383	2501	152	1408
210.389	2502	152	208
210.391	2503	154	1408
210.396	2504	153	1408
210.401	2505	153	208
210.403	2506	154	1408
210.41	2508	152	1411
210.416	2509	152	208
210.418	2510	153	1408
210.423	2512	149	208
210.426	2513	150	1408
210.432	2514	152	1411
210.439	2515	154	1408
210.446	2516	154	208
210.448	2517	156	1408
210.452	2518	156	1408
210.457	2519	155	208
210.46	2520	157	1408
210.47	2522	156	1411
210.475	2523	157	208
210.483	2526	154	211
210.485	2527	156	1411
210.49	2528	157	208
210.493	2529	158	1408
210.497	2530	159	1408
210.498	2531	156	208
210.503	2534	152	208
210.506	2535	153	1408
210.51	2536	154	1408
210.515	2537	155	208
210.518	2538	157	1408
210.52	2539	155	1408
210.525	2540	156	208
210.528	2542	154	1408
210.531	2543	153	208
210.533	2544	154	1408
210.535	2545	153	1408
210.543	2547	152	1411
210.548	2549	152	1408
210.553	2550	153	1408
210.555	2551	152	208
210.562	2553	154	1411
210.567	2554	155	1408
210.57	2556	153	1408
210.575	2557	153	1408
210.577	2558	152	208
210.58	2559	154	1408
210.587	2560	155	1408
210.59	2561	152	208
210.595	2562	156	1408
210.597	2563	152	1408
210.605	2564	152	208
210.607	2565	154	1408
210.614	2566	154	1408
210.624	2567	157	1411
210.625	2568	152	208
210.627	2569	153	1411
210.637	2570	155	1408
210.647	2571	158	1408
210.652	2572	157	208
210.659	2574	156	1408
210.667	2575	156	208
210.676	2577	158	1408
210.684	2578	158	1411
210.686	2579	153	208
210.689	2580	154	1411
210.694	2581	154	1411
210.701	2582	156	1408
210.706	2583	156	1408
210.713	2584	157	1411
210.718	2585	156	1411
210.724	2586	156	208
210.731	2588	157	1408
210.738	2589	159	1411
210.746	2592	154	1408
210.753	2593	157	1411
210.758	2594	156	211
210.759	2595	155	208
210.761	2596	157	1408
210.766	2597	156	1408
210.769	2598	154	1411
210.776	2599	155	208
210.776	2600	155	211
210.779	2601	156	1408
210.782	2602	154	1408
210.784	2603	151	208
210.789	2604	154	1408
210.794	2605	154	1408
210.803	2608	152	1408
210.811	2609	155	208
210.813	2610	156	1408
210.819	2612	150	208
210.823	2613	154	1408
210.828	2614	153	1408
210.831	2615	151	208
210.834	2616	153	1408
210.836	2617	150	1408
210.842	2618	149	208
210.846	2619	153	1408
210.852	2620	153	1408
210.854	2621	150	208
210.861	2623	151	1411
210.867	2624	151	1408
210.87	2625	148	208
210.877	2627	149	1411
210.88	2628	146	1408
210.888	2629	148	208
210.89	2630	151	1408
210.897	2631	152	1408
210.897	2632	147	208
210.9	2633	148	1408
210.905	2634	147	1408
210.91	2635	148	208
210.913	2637	143	1408
210.92	2638	146	208
210.922	2639	147	1408
210.93	2640	149	1411
210.937	2641	151	1408
210.945	2642	153	208
210.945	2644	147	211
210.948	2645	149	1411
210.955	2646	150	1408
210.96	2647	150	208
210.97	2649	153	1408
210.97	2650	147	208
210.972	2651	150	1408
210.981	2652	153	1408
210.985	2653	151	208
210.988	2654	153	1408
210.995	2655	154	1408
211	2656	154	208
211.004	2658	152	1408
211.012	2659	155	211
211.014	2660	156	1411
211.018	2661	153	208
211.02	2662	155	1408
211.025	2663	154	1411
211.029	2664	154	1408
211.032	2665	151	208
211.039	2666	157	1408
211.042	2667	155	1408
211.049	2668	156	208
211.052	2669	157	1408
211.056	2670	157	1408
211.062	2671	156	208
211.064	2672	157	1408
211.071	2673	159	1411
211.077	2675	154	208
211.079	2676	155	1408
211.086	2677	157	1411
211.091	2678	156	1408
211.096	2679	157	208
211.098	2680	158	1408
211.103	2681	157	1408
211.111	2683	159	1408
211.116	2684	157	1408
211.123	2685	159	1411
211.128	2686	158	208
211.13	2687	159	1408
211.138	2688	162	1408
211.138	2689	157	208
211.14	2690	159	1408
211.15	2691	162	1408
211.155	2694	156	1411
211.165	2695	160	1408
211.166	2696	155	208
211.17	2697	159	1408
211.177	2698	161	1408
211.18	2700	153	208
211.182	2701	154	1408
211.192	2702	158	1408
211.197	2703	158	208
211.202	2705	157	1408
211.205	2706	154	208
211.208	2707	155	1408
211.213	2708	155	1411
211.22	2709	156	1408
211.225	2710	157	208
211.23	2712	155	1408
211.23	2713	150	208
211.233	2714	151	1408
211.24	2715	152	1408
211.243	2716	151	208
211.248	2717	154	1408
211.25	2718	151	1408
211.257	2719	153	208
211.26	2720	154	1408
211.265	2721	154	1408
211.268	2722	152	208
211.27	2723	153	1408
211.277	2724	155	1408
211.283	2726	149	208
211.285	2727	151	1408
211.293	2728	153	1408
211.296	2729	150	208
211.298	2730	151	1408
211.305	2731	154	1408
211.308	2732	152	208
211.31	2733	154	1408
211.317	2734	157	1408
211.318	2736	153	208
211.323	2738	152	1408
211.326	2739	151	208
211.328	2740	152	1408
211.332	2741	153	1408
211.335	2742	151	208
211.34	2743	153	1408
211.348	2745	152	208
211.353	2746	153	1408
211.355	2747	150	211
211.358	2748	152	1411
211.367	2749	156	1408
211.367	2750	153	208
211.37	2751	154	1408
211.375	2752	154	1408
211.382	2753	155	208
211.385	2755	152	1411
211.395	2756	158	1408
211.395	2757	152	208
211.397	2758	155	1408
211.407	2759	154	1411
211.411	2760	152	1408
211.42	2761	153	208
211.422	2762	155	1408
211.429	2763	154	1408
211.436	2764	154	1411
211.444	2765	155	208
211.446	2766	155	1408
211.456	2767	157	1408
211.456	2768	151	208
211.461	2769	154	1408
211.471	2770	156	1408
211.474	2771	152	208
211.479	2772	156	1408
211.484	2773	154	1408
211.493	2774	156	1411
211.501	2775	156	208
211.503	2776	158	1408
211.513	2777	159	1408
211.515	2778	157	208
211.518	2779	158	1408
211.525	2780	159	1408
211.525	2781	155	211
211.526	2782	155	208
211.533	2783	161	1408
211.538	2784	160	1411
211.543	2785	159	1408
211.543	2786	155	208
211.545	2787	156	1408
211.555	2788	159	1408
211.56	2789	159	1411
211.562	2790	156	208
211.565	2791	158	1408
211.571	2792	159	1408
211.577	2793	159	208
211.58	2795	155	1408
211.587	2796	158	208
211.589	2797	159	1408
211.593	2798	156	1411
211.598	2799	156	1408
211.601	2800	153	208
211.603	2801	154	1408
211.607	2802	154	1408
211.616	2805	150	1408
211.623	2806	153	208
211.626	2808	148	1408
211.634	2809	151	208
211.636	2810	152	1408
211.644	2812	149	208
211.646	2813	150	1408
211.653	2814	152	1408
211.654	2815	147	208
211.661	2817	148	1408
211.664	2818	145	208
211.669	2820	144	1408
211.676	2821	146	208
211.679	2822	147	1408
211.683	2823	147	1408
211.689	2824	147	208
211.691	2825	149	1408
211.699	2826	150	1408
211.701	2827	148	208
211.704	2828	149	1408
211.711	2829	151	1408
211.719	2831	152	1408
211.723	2832	151	1408
211.726	2833	149	208
211.729	2834	151	1408
211.739	2835	154	1408
211.741	2836	152	208
211.744	2837	153	1408
211.751	2838	155	1408
211.754	2839	152	208
211.76	2841	153	1408
211.764	2842	150	208
211.767	2843	152	1408
211.774	2844	154	1408
211.786	2847	155	1411
211.791	2848	155	1408
211.796	2849	154	208
211.798	2850	155	1408
211.806	2851	157	1408
211.806	2852	152	208
211.808	2853	153	1408
211.818	2854	157	1408
211.823	2855	157	211
211.825	2856	158	1411
211.828	2857	156	208
211.83	2858	157	1408
211.835	2859	156	1411
211.84	2860	156	1408
211.85	2862	159	1408
211.857	2864	156	1408
211.863	2865	155	208
211.87	2867	156	1411
211.879	2868	160	1411
211.884	2869	160	1408
211.89	2870	159	208
211.892	2871	161	1408
211.899	2872	162	1408
211.907	2875	158	1408
211.912	2876	157	208
211.914	2877	159	1408
211.921	2878	161	1408
211.924	2879	159	208
211.927	2881	154	211
211.929	2882	156	1408
211.935	2883	156	208
211.937	2884	157	1408
211.942	2886	151	208
211.945	2887	154	1408
211.95	2888	154	1408
211.953	2889	151	208
211.958	2890	154	1408
211.96	2891	152	1408
211.968	2892	153	1411
211.97	2893	151	208
211.973	2894	152	1408
211.98	2895	154	1408
211.983	2896	151	208
211.985	2897	152	1408
211.99	2898	153	211
211.997	2900	153	1408
212	2901	151	208
212.007	2903	151	1408
212.01	2904	148	208
212.014	2905	152	1408
212.022	2906	154	1408
212.022	2907	149	208
212.025	2908	150	1408
212.03	2909	150	1408
212.035	2910	149	208
212.037	2911	151	1408
212.044	2912	152	1408
212.05	2913	152	208
212.052	2914	155	1408
212.055	2915	152	211
212.057	2916	153	1408
212.064	2917	155	1411
212.067	2918	151	208
212.07	2919	153	1408
212.077	2920	155	1411
212.084	2921	157	1408
212.085	2922	152	208
212.087	2923	153	1408
212.095	2924	155	1408
212.095	2925	150	208
212.097	2926	152	1408
212.104	2927	154	1408
212.107	2928	151	208
212.122	2931	150	1408
212.129	2932	152	1411
212.136	2933	155	1408
212.139	2934	152	208
212.141	2935	154	1408
212.149	2936	156	1411
212.156	2937	158	1408
212.158	2938	157	208
212.161	2939	158	1408
212.167	2940	160	1408
212.171	2941	158	208
212.173	2942	160	1408
212.176	2943	158	1408
212.181	2944	158	208
212.183	2945	160	1408
212.188	2946	159	1408
212.191	2947	157	208
212.194	2948	159	1408
212.206	2949	158	1411
212.21	2950	159	1408
212.215	2951	158	1411
212.221	2953	159	1408
212.226	2954	159	1408
212.233	2956	161	1408
212.235	2957	158	1408
212.241	2959	157	1408
212.243	2960	152	1408
212.25	2961	152	208
212.253	2962	153	1408
212.261	2963	153	1408
212.268	2964	152	208
212.27	2965	153	1408
212.28	2966	156	1408
212.283	2967	150	208
212.288	2968	154	1408
212.295	2969	154	1408
212.303	2970	153	208
212.305	2971	155	1408
212.31	2972	151	1408
212.318	2973	151	208
212.32	2974	153	1408
212.328	2975	152	211
212.33	2976	154	1411
212.338	2977	154	1408
212.345	2978	153	208
212.348	2979	154	1408
212.354	2981	148	208
212.358	2982	152	1408
212.366	2983	153	1408
212.369	2984	150	208
212.371	2985	153	1408
212.373	2986	149	1408
212.381	2987	151	208
212.383	2988	152	1408
212.39	2989	153	1408
212.393	2990	150	208
212.395	2991	151	1408
212.405	2992	155	1408
212.406	2993	150	208
212.408	2994	152	1408
212.413	2995	150	1408
212.418	2996	150	208
212.423	2997	153	1408
212.426	2998	150	211
212.428	2999	151	1408
212.433	3000	151	208
212.434	3001	150	211
212.436	3002	152	1408
212.441	3003	152	1408
212.444	3004	149	211
212.444	3005	148	208
212.447	3006	149	1408
212.454	3007	150	1408
212.459	3008	149	208
212.461	3009	150	1408
212.468	3010	152	1408
212.474	3011	151	208
212.476	3012	153	1408
212.481	3013	152	1408
212.486	3014	152	208
212.489	3015	153	1408
212.494	3017	147	208
212.499	3018	150	1408
212.506	3019	152	1408
212.514	3020	153	208
212.522	3023	149	208
212.524	3024	151	1408
212.529	3025	149	1408
212.532	3026	146	208
212.535	3027	148	1408
212.544	3028	152	1408
212.547	3029	148	208
212.549	3030	151	1408
212.557	3031	152	1411
212.565	3033	148	208
212.567	3034	150	1408
212.574	3035	151	1408
212.58	3036	150	208
212.584	3038	149	1408
212.59	3039	148	208
212.592	3040	150	1408
212.6	3041	151	1408
212.602	3042	148	208
212.605	3043	149	1408
212.612	3044	150	1408
212.62	3045	152	208
212.622	3046	153	1408
212.627	3047	153	1408
212.632	3048	152	208
212.639	3050	152	1408
212.644	3051	152	208
212.647	3052	153	1408
212.65	3053	150	1408
212.655	3054	149	208
212.657	3055	152	1408
212.665	3056	153	1408
212.67	3057	152	208
212.672	3058	154	1408
212.675	3059	150	1408
212.682	3060	152	208
212.684	3061	153	1408
212.692	3062	154	1408
212.695	3063	151	208
212.697	3064	154	1408
212.706	3065	157	1411
212.714	3066	158	1408
212.716	3067	155	208
212.719	3068	156	1408
212.724	3069	155	1408
212.726	3070	152	1411
212.736	3071	155	1411
212.741	3072	155	208
212.744	3073	157	1408
212.748	3074	156	1408
212.753	3075	155	208
212.755	3076	156	1408
212.766	3077	160	1408
212.766	3078	155	208
212.771	3079	158	1408
212.778	3080	159	1411
212.785	3081	161	1408
212.788	3082	159	208
212.793	3084	157	1411
212.803	3085	160	1408
212.805	3086	157	208
212.808	3087	158	1408
212.814	3089	152	208
212.816	3090	155	1408
212.821	3091	154	1408
212.824	3092	151	208
212.829	3093	154	1408
212.834	3095	148	208
212.839	3096	152	1408
212.844	3097	151	1411
212.849	3098	150	1408
212.854	3099	150	208
212.856	3100	151	1408
212.861	3101	150	1408
212.869	3102	151	208
212.871	3103	152	1408
212.876	3104	152	1408
212.879	3105	149	208
212.886	3107	150	1408
212.889	3108	147	208
212.894	3109	151	1408
212.899	3110	149	1408
212.904	3111	149	208
212.907	3112	150	1408
212.916	3113	153	1408
212.916	3114	148	208
212.918	3115	150	1408
212.929	3116	154	1408
212.931	3117	151	208
212.934	3118	152	1408
212.941	3119	154	1408
212.946	3120	153	208
212.948	3121	154	1408
212.956	3122	155	1408
212.959	3123	152	208
212.961	3124	155	1408
212.968	3125	156	1408
212.971	3126	153	208
212.974	3127	154	1408
212.978	3128	154	1408
212.981	3129	152	208
212.986	3130	156	1408
212.991	3131	156	1408
212.994	3132	155	208
212.996	3133	156	1408
213.001	3134	156	1411
213.008	3135	158	1408
213.008	3136	155	208
213.01	3137	156	1408
213.02	3139	157	1411
213.023	3140	155	208
213.028	3141	158	1408
213.032	3142	158	1408
213.042	3144	162	1408
213.044	3145	159	1411
213.052	3146	162	1408
213.052	3147	157	208
213.054	3148	160	1408
213.061	3149	162	1408
213.065	3150	158	208
213.067	3151	160	1408
213.069	3152	158	1408
213.076	3153	156	208
213.079	3154	157	1408
213.086	3155	157	1408
213.096	3156	160	1411
213.103	3157	159	208
213.106	3158	160	1408
213.11	3159	157	1408
213.116	3160	154	208
213.119	3161	156	1408
213.128	3162	158	1408
213.134	3163	155	208
213.136	3164	156	1408
213.146	3165	158	1408
213.149	3166	153	208
213.153	3167	157	1408
213.159	3168	154	1408
213.166	3169	154	208
213.169	3170	155	1408
213.176	3171	155	1408
213.183	3172	154	208
213.186	3173	156	1408
213.19	3174	155	1408
213.196	3175	154	208
213.198	3176	156	1408
213.204	3178	150	208
213.206	3179	151	1408
213.211	3180	150	1408
213.214	3181	148	208
213.217	3182	149	1408
213.226	3183	153	1411
213.232	3185	146	208
213.234	3186	148	1408
213.242	3187	150	211
213.244	3188	151	1408
213.254	3191	149	1408
213.264	3193	152	1408
213.271	3194	153	1408
213.274	3195	150	208
213.279	3196	153	1408
213.286	3197	154	1408
213.291	3198	153	208
213.294	3200	150	1408
213.299	3201	150	208
213.302	3202	151	1408
213.309	3203	152	1408
213.321	3206	152	1408
213.326	3207	152	208
213.331	3208	155	1408
213.336	3209	155	1408
213.342	3210	154	208
213.344	3211	155	1408
213.351	3212	156	1408
213.356	3213	156	208
213.361	3215	155	1408
213.366	3216	154	208
213.371	3217	158	1408
213.376	3218	156	1408
213.377	3219	151	208
213.379	3220	153	1408
213.386	3221	154	1408
213.389	3222	151	208
213.391	3223	152	1408
213.4	3225	149	208
213.402	3226	151	1408
213.411	3227	154	1411
213.417	3229	148	208
213.419	3230	149	1408
213.429	3231	152	1408
213.436	3232	153	1411
213.439	3233	151	208
213.441	3234	153	1408
213.45	3235	156	1408
213.456	3238	149	211
213.461	3239	152	1411
213.468	3240	153	1408
213.473	3241	153	211
213.474	3242	153	208
213.477	3244	149	1408
213.484	3245	151	208
213.486	3246	152	1408
213.494	3247	153	1408
213.499	3248	153	1411
213.506	3249	154	208
213.509	3250	156	1408
213.517	3252	152	208
213.519	3253	154	1408
213.524	3254	153	211
213.527	3255	154	1411
213.532	3257	148	208
213.534	3258	149	1408
213.541	3259	151	1408
213.547	3260	151	208
213.554	3262	151	1408
213.557	3263	148	208
213.559	3264	149	1408
213.567	3266	145	1408
213.575	3267	147	208
213.577	3268	148	1408
213.58	3269	145	1408
213.587	3270	146	208
213.589	3271	148	1408
213.596	3272	149	1408
213.602	3273	148	1411
213.607	3274	147	208
213.609	3275	149	1408
213.616	3276	151	1408
213.621	3277	150	1411
213.626	3278	149	208
213.629	3279	151	1408
213.638	3280	154	1408
213.641	3281	151	208
213.646	3282	155	1408
213.653	3283	155	1408
213.656	3284	153	208
213.659	3285	155	1408
213.661	3286	152	211
213.666	3287	155	1411
213.673	3288	157	1408
213.677	3289	154	208
213.684	3291	154	1411
213.691	3292	155	1408
213.696	3293	154	208
213.698	3294	157	1408
213.705	3295	158	1408
213.71	3296	157	208
213.713	3297	158	1408
213.719	3299	152	208
213.723	3300	156	1411
213.728	3301	155	1408
213.738	3302	159	1408
213.74	3303	156	1411
213.748	3304	157	208
213.75	3305	159	1408
213.755	3307	152	208
213.758	3308	153	1408
213.765	3309	155	1411
213.775	3310	158	1408
213.777	3311	156	1411
213.785	3312	157	208
213.787	3313	159	1408
213.795	3314	160	1408
213.8	3316	158	1408
213.804	3317	157	1408
213.807	3318	156	208
213.814	3320	157	1408
213.817	3321	155	208
213.819	3322	157	1408
213.827	3323	159	1408
213.83	3324	157	208
213.835	3326	157	1408
213.837	3327	155	208
213.84	3328	156	1408
213.843	3330	151	208
213.848	3331	154	1408
213.85	3332	153	1408
213.858	3333	154	208
213.86	3335	152	1408
213.868	3336	152	208
213.87	3337	154	1408
213.878	3338	154	1408
213.884	3340	146	208
213.888	3341	150	1408
213.895	3342	152	1408
213.898	3343	150	208
213.901	3344	151	1408
213.906	3345	149	1408
213.909	3346	145	208
213.916	3347	150	1408
213.923	3348	150	1411
213.931	3349	149	1408
213.934	3350	144	208
213.936	3351	146	1408
213.945	3352	147	1408
213.956	3353	149	1411
213.961	3354	146	208
213.963	3355	147	1408
213.972	3356	149	1408
213.98	3357	149	208
213.983	3358	150	1408
213.99	3359	150	1408
213.995	3360	147	208
213.998	3361	148	1408
214.006	3362	148	211
214.008	3363	151	1408
214.013	3364	150	208
214.015	3365	151	1411
214.021	3366	150	1408
214.028	3367	151	1408
214.036	3368	153	208
214.038	3369	155	1408
214.043	3370	154	1411
214.05	3371	154	1411
214.057	3372	156	1408
214.062	3373	156	208
214.065	3374	157	1408
214.071	3375	158	1411
214.079	3376	159	1408
214.081	3377	156	208
214.084	3378	157	1408
214.089	3379	157	1408
214.099	3380	160	1411
214.101	3381	158	208
214.108	3383	158	1408
214.111	3384	155	208
214.116	3385	158	1408
214.124	3386	160	1408
214.127	3387	157	208
214.131	3388	161	1408
214.134	3389	158	1408
214.139	3390	157	208
214.141	3391	159	1408
214.146	3392	158	1408
214.149	3393	155	208
214.152	3394	156	1408
214.159	3395	157	1408
214.162	3396	154	208
214.167	3398	153	1408
214.174	3399	154	208
214.176	3400	156	1408
214.182	3401	155	1408
214.187	3402	154	208
214.189	3403	155	1408
214.194	3404	154	1408
214.199	3405	153	208
214.201	3406	156	1408
214.206	3407	155	1408
214.209	3408	152	208
214.211	3410	147	1408
214.219	3411	149	208
214.221	3412	150	1408
214.229	3413	152	1408
214.234	3414	151	208
214.236	3415	153	1408
214.244	3416	154	1408
214.254	3419	151	1408
214.259	3420	150	208
214.264	3421	154	1408
214.271	3422	156	1408
214.274	3423	153	208
214.277	3425	149	1408
214.287	3427	152	1408
214.292	3428	151	1408
214.297	3429	150	208
214.299	3430	152	1408
214.306	3431	153	1408
214.311	3432	153	1411
214.318	3433	154	208
214.321	3434	154	1408
214.331	3435	157	1408
214.336	3436	157	208
214.34	3437	159	1408
214.343	3438	156	1408
214.348	3439	156	208
214.358	3441	158	1408
214.361	3442	155	208
214.366	3444	153	1408
214.371	3445	152	1411
214.376	3446	152	208
214.378	3447	154	1408
214.386	3448	155	1408
214.393	3449	157	208
214.396	3450	158	1408
214.401	3451	157	1408
214.406	3452	157	208
214.411	3454	154	1408
214.416	3455	154	208
214.418	3456	156	1411
214.421	3457	152	1408
214.428	3458	154	1408
214.431	3459	151	208
214.434	3460	152	1408
214.44	3461	153	1408
214.443	3462	150	208
214.446	3463	152	1408
214.454	3464	150	211
214.456	3465	153	1411
214.461	3466	151	1408
214.466	3467	151	208
214.468	3468	152	1408
214.476	3469	154	1408
214.481	3470	152	1411
214.486	3471	152	208
214.489	3472	152	211
214.496	3474	153	1408
214.499	3475	149	208
214.503	3476	153	1408
214.509	3477	153	1408
214.512	3478	150	208
214.514	3479	151	1408
214.519	3480	150	1408
214.524	3481	150	208
214.527	3482	151	1408
214.532	3483	151	1408
214.535	3484	148	208
214.537	3485	149	1408
214.542	3486	148	1408
214.548	3487	148	208
214.55	3488	149	1408
214.557	3489	150	1408
214.562	3490	150	1411
214.569	3491	151	1411
214.574	3492	150	208
214.577	3493	151	1408
214.583	3494	152	1408
214.589	3495	152	208
214.592	3496	153	1408
214.598	3497	154	1408
214.601	3498	152	208
214.603	3499	153	1408
214.609	3500	152	1408
214.613	3501	151	1411
214.617	3502	148	208
214.619	3503	150	1408
214.627	3504	153	1408
214.627	3505	149	208
214.63	3506	150	1408
214.639	3507	154	1408
214.639	3508	151	208
214.646	3509	157	1408
214.649	3510	154	1408
214.654	3511	156	208
214.659	3512	159	1408
214.661	3513	156	1408
214.673	3516	158	1408
214.676	3517	156	208
214.678	3518	159	1408
214.681	3519	156	1408
214.684	3520	154	208
214.686	3521	156	1408
214.69	3522	156	1408
214.7	3523	153	1411
214.705	3524	155	208
214.708	3525	157	1408
214.713	3526	156	1408
214.715	3527	155	208
214.718	3528	156	1408
214.725	3529	158	1408
214.728	3530	157	208
214.732	3531	160	1408
214.742	3532	161	1408
214.747	3533	159	208
214.75	3534	160	1408
214.757	3535	160	1408
214.762	3536	157	208
214.764	3537	159	1408
214.772	3538	158	1408
214.778	3539	156	208
214.783	3541	152	1408
214.79	3542	152	208
214.793	3543	153	1408
214.802	3544	155	1408
214.808	3545	152	208
214.81	3546	154	1408
214.823	3548	151	208
214.835	3550	153	1408
214.835	3551	148	208
214.838	3552	149	1408
214.847	3553	153	1408
214.85	3554	150	208
214.852	3555	152	1408
214.858	3556	151	1408
214.861	3557	148	208
214.87	3559	151	1408
214.875	3560	150	211
214.883	3562	151	208
214.886	3563	152	1408
214.89	3564	152	1408
214.896	3565	151	208
214.898	3566	153	1408
214.904	3568	147	208
214.911	3569	153	1408
214.916	3570	152	1408
214.921	3571	152	208
214.923	3572	153	1408
214.936	3575	152	1408
214.94	3576	152	1408
214.946	3577	151	208
214.953	3579	151	1408
214.958	3580	152	208
214.961	3581	153	1408
214.968	3582	155	1408
214.969	3583	149	208
214.971	3584	150	1408
214.98	3585	155	1408
214.983	3586	152	208
214.993	3588	154	1408
215	3589	156	1408
215.003	3590	153	208
215.005	3591	155	1408
215.015	3592	158	1408
215.015	3593	154	208
215.02	3594	157	1408
215.025	3595	156	1408
215.034	3596	160	1411
215.037	3597	156	208
215.039	3598	159	1408
215.044	3599	158	1411
215.052	3601	154	208
215.055	3602	156	1408
215.062	3603	157	1408
215.067	3604	157	208
215.072	3605	160	1408
215.076	3606	159	1408
215.081	3607	159	1411
215.094	3610	158	1411
215.098	3611	158	1408
215.106	3613	159	1408
215.113	3614	160	1408
215.118	3615	159	1411
215.125	3617	160	1408
215.13	3618	159	1408
215.138	3619	161	208
215.148	3622	159	1411
215.151	3623	156	211
215.154	3626	151	1408
215.163	3627	155	1411
215.169	3628	154	208
215.171	3629	157	1408
215.176	3630	155	1408
215.179	3631	153	208
215.181	3632	154	1408
215.188	3633	156	1408
215.189	3634	150	208
215.191	3635	152	1408
215.197	3636	151	1411
215.204	3637	152	1408
215.206	3638	150	208
215.209	3639	151	1408
215.217	3641	148	208
215.219	3642	150	1408
215.222	3643	146	1408
215.227	3644	146	208
215.23	3645	147	1408
215.239	3646	150	1408
215.239	3647	146	208
215.242	3648	148	1408
215.25	3650	143	1411
215.257	3651	146	208
215.26	3652	147	1408
215.269	3653	151	1408
215.27	3654	145	208
215.274	3655	149	1408
215.279	3656	149	1408
215.285	3657	149	208
215.292	3659	148	1408
215.297	3660	148	211
215.299	3661	150	1411
215.305	3662	149	208
215.307	3663	151	1408
215.308	3664	145	211
215.31	3665	147	1408
215.318	3666	149	208
215.32	3667	150	1408
215.325	3668	150	211
215.328	3669	151	1408
215.33	3670	149	208
215.333	3671	150	1408
215.338	3672	149	1408
215.343	3673	149	208
215.348	3674	149	1411
215.355	3675	152	1411
215.361	3676	151	211
215.363	3677	152	1411
215.367	3678	151	1408
215.374	3680	146	208
215.378	3681	150	1408
215.383	3682	148	1408
215.39	3683	151	208
215.392	3684	152	1408
215.397	3685	151	1408
215.403	3686	150	208
215.407	3687	154	1408
215.412	3688	153	1408
215.417	3689	152	208
215.419	3690	154	1408
215.427	3691	155	1411
215.434	3692	157	1408
215.437	3693	154	208
215.441	3694	158	1408
215.446	3695	157	1408
215.449	3696	156	208
215.452	3697	157	1408
215.459	3699	156	1411
215.465	3700	156	208
215.471	3702	158	1408
215.474	3703	156	208
215.476	3704	158	1408
215.482	3705	158	1408
215.487	3706	159	208
215.492	3708	158	1408
215.492	3709	155	208
215.494	3710	156	1408
215.5	3711	156	1411
215.503	3712	155	1408
215.505	3713	153	208
215.51	3714	156	1408
215.515	3716	153	208
215.52	3718	152	1408
215.525	3719	153	208
215.527	3721	150	1408
215.533	3722	150	208
215.545	3725	147	208
215.547	3726	148	1408
215.557	3727	151	1408
215.565	3728	151	208
215.567	3729	150	1408
215.577	3730	152	1411
215.584	3731	151	1408
215.587	3732	148	208
215.594	3733	153	1408
215.599	3734	150	1408
215.604	3735	147	208
215.607	3736	149	1408
215.616	3737	151	1408
215.621	3738	149	208
215.623	3739	150	1408
215.634	3740	152	1408
215.641	3741	151	208
215.643	3742	153	1408
215.651	3743	152	1408
215.656	3744	153	208
215.659	3745	154	1408
215.663	3746	153	1411
215.671	3747	154	1408
215.678	3748	156	1411
215.683	3749	155	208
215.685	3750	157	1408
215.69	3751	156	1408
215.698	3752	159	208
215.7	3753	160	1408
215.705	3754	159	1411
215.71	3755	158	1408
215.715	3756	157	208
215.718	3757	159	1408
215.727	3759	157	1411
215.734	3760	158	1411
215.742	3761	160	1411
215.747	3762	159	208
215.749	3763	161	1408
215.756	3764	162	1408
215.763	3765	163	1411
215.77	3766	165	1411
215.773	3767	162	208
215.781	3769	163	1408
215.784	3770	160	208
215.789	3772	158	1408
215.794	3773	158	208
215.799	3775	157	1408
215.804	3776	156	208
215.807	3777	157	1408
215.814	3778	159	1408
215.817	3779	157	208
215.822	3781	154	1408
215.83	3782	156	208
215.832	3784	153	1408
215.835	3785	150	208
215.837	3786	151	1408
215.843	3787	150	1408
215.844	3788	146	208
215.848	3789	150	1408
215.853	3790	148	1408
215.861	3793	144	1408
215.866	3794	143	208
215.868	3795	145	1408
215.878	3796	149	1408
215.881	3797	147	208
215.888	3799	146	1408
215.891	3800	144	208
215.894	3801	146	1408
215.901	3802	148	1408
215.908	3803	149	208
215.911	3804	150	1408
215.914	3805	147	1408
215.919	3806	147	208
215.921	3807	148	1408
215.931	3809	146	1408
215.938	3810	149	208
215.941	3811	150	1408
215.95	3812	154	1408
215.951	3813	148	208
215.953	3814	150	1408
215.956	3815	148	1408
215.962	3816	148	208
215.965	3817	149	1408
215.972	3818	150	1408
215.979	3819	148	1411
215.987	3820	150	208
215.994	3822	150	1411
215.999	3823	149	1411
216.009	3825	149	208
216.012	3826	150	1408
216.019	3827	151	1408
216.026	3828	154	1411
216.029	3829	150	208
216.031	3830	152	1408
216.038	3831	153	1411
216.044	3832	152	1408
216.046	3833	150	208
216.049	3834	151	1408
216.056	3835	153	1408
216.061	3836	152	208
216.064	3837	154	1408
216.066	3838	151	211
216.069	3839	152	1411
216.078	3840	155	1408
216.079	3841	150	208
216.081	3842	152	1408
216.088	3843	154	1408
216.097	3844	157	1411
216.1	3845	154	208
216.102	3846	156	1408
216.11	3847	157	1408
216.117	3848	159	208
216.12	3849	160	1408
216.122	3850	157	1408
216.128	3851	157	208
216.13	3852	159	1408
216.137	3853	159	1408
216.142	3854	158	1411
216.149	3856	160	1408
216.154	3857	159	1408
216.157	3858	155	208
216.159	3859	157	1408
216.167	3860	159	1408
216.17	3861	156	208
216.174	3862	160	1408
216.181	3863	161	1408
216.186	3864	161	208
216.194	3866	161	1408
216.199	3867	160	208
216.201	3868	162	1408
216.209	3870	158	1408
216.214	3871	157	208
216.216	3872	158	1408
216.221	3873	158	1411
216.231	3875	156	208
216.234	3876	158	1408
216.239	3877	158	1408
216.246	3879	158	1408
216.251	3880	157	1408
216.254	3881	154	208
216.256	3882	157	1408
216.263	3883	158	1408
216.266	3884	155	208
216.271	3885	158	1408
216.275	3886	158	1408
216.28	3887	158	208
216.283	3888	159	1408
216.287	3889	160	1408
216.288	3890	156	208
216.29	3892	153	1408
216.298	3893	156	208
216.3	3894	158	1408
216.303	3895	156	1408
216.308	3896	156	208
216.315	3898	155	1408
216.321	3899	154	208
216.326	3900	156	1408
216.328	3901	154	1408
216.335	3902	157	208
216.343	3904	155	1408
216.346	3905	154	208
216.349	3907	150	211
216.351	3908	152	1408
216.356	3909	152	208
216.359	3910	154	1408
216.369	3912	153	208
216.374	3914	149	1408
216.379	3915	147	208
216.382	3916	148	1408
216.389	3917	146	1411
216.399	3918	148	1408
216.407	3919	148	208
216.409	3920	149	1411
216.416	3921	149	1408
216.426	3922	151	1408
216.433	3923	151	1411
216.438	3924	148	208
216.443	3925	152	1408
216.446	3926	148	211
216.451	3927	150	1408
216.459	3928	151	208
216.461	3929	153	1408
216.466	3930	150	1408
216.474	3931	149	208
216.476	3932	152	1408
216.483	3933	153	1408
216.488	3934	152	208
216.491	3935	153	1408
216.496	3936	152	1411
216.503	3937	155	1408
216.509	3938	154	208
216.511	3939	155	1408
216.52	3941	154	1411
216.528	3942	156	208
216.536	3944	156	1408
216.536	3945	152	208
216.541	3947	150	1408
216.549	3948	151	1411
216.555	3949	152	1411
216.561	3950	152	208
216.563	3951	154	1408
216.57	3952	155	1408
216.575	3953	154	1411
216.585	3954	159	1411
216.59	3955	157	208
216.592	3956	159	1408
216.597	3957	158	1408
216.6	3958	155	208
216.609	3960	158	1408
216.612	3961	155	208
216.617	3962	159	1408
216.622	3963	158	1408
216.629	3965	159	1408
216.636	3966	160	1408
216.639	3967	158	208
216.641	3968	159	1408
216.647	3969	158	1408
216.652	3970	158	208
216.655	3971	159	1408
216.659	3972	159	1408
216.663	3973	156	208
216.67	3975	156	1408
216.673	3976	154	208
216.675	3977	156	1408
216.682	3978	157	1408
216.685	3979	154	208
216.687	3980	155	1408
216.693	3982	150	208
216.695	3983	151	1408
216.7	3984	150	1408
216.706	3985	150	208
216.708	3987	146	1408
216.716	3988	147	208
216.718	3989	149	1408
216.723	3990	149	1411
216.726	3991	145	1408
216.735	3992	149	1411
216.743	3993	151	1411
216.746	3994	148	208
216.748	3995	149	1408
216.755	3996	151	1408
216.763	3997	152	208
216.765	3998	153	1408
216.769	3999	153	1408
216.775	4000	153	208
216.778	4001	154	1408
216.785	4003	151	208
216.787	4004	152	1408
216.795	4005	154	1408
216.801	4006	153	208
216.803	4007	154	1408
216.809	4009	149	208
216.819	4011	152	1408
216.823	4012	152	1408
216.829	4013	151	208
216.831	4014	153	1408
216.842	4017	151	208
216.844	4018	152	1408
216.847	4019	149	1408
216.854	4020	150	208
216.856	4021	153	1408
216.864	4023	148	208
216.873	4025	151	1411
216.881	4026	153	1408
216.891	4029	151	1408
216.898	4030	152	1411
216.903	4031	151	208
216.905	4032	153	1408
216.91	4033	151	1411
216.917	4034	154	1408
216.92	4035	151	208
216.925	4036	154	1408
216.932	4037	156	1408
216.935	4038	153	208
216.937	4039	155	1408
216.947	4040	158	1408
216.949	4041	155	208
216.952	4042	156	1408
216.959	4043	159	1408
216.965	4044	158	208
216.967	4045	160	1408
216.974	4046	160	1408
216.977	4047	157	208
216.979	4048	160	1408
216.984	4049	158	1408
216.989	4050	157	208
216.991	4051	159	1408
216.998	4052	161	1411
217.003	4053	158	1408
217.011	4054	159	208
217.013	4055	161	1408
217.026	4057	158	1411
217.031	4058	156	1408
217.039	4059	158	208
217.044	4061	156	1408
217.049	4062	156	211
217.051	4063	157	1411
217.054	4064	154	208
217.056	4065	155	1408
217.066	4066	158	1408
217.073	4068	159	1411
217.078	4069	158	1408
217.083	4070	157	1411
217.091	4071	157	1408
217.096	4072	156	208
217.098	4073	157	1408
217.103	4074	156	211
217.105	4076	152	1408
217.111	4077	152	208
217.115	4078	156	1408
217.118	4079	154	1408
217.123	4080	155	208
217.125	4081	156	1408
217.132	4082	158	1408
217.135	4083	156	208
217.138	4084	157	1408
217.143	4086	154	208
217.145	4087	155	1408
217.15	4088	153	1408
217.158	4089	157	208
217.16	4090	159	1408
217.165	4091	156	1408
217.17	4092	153	208
217.173	4093	155	1408
217.18	4094	156	1408
217.185	4095	156	208
217.188	4096	158	1408
217.19	4097	156	1408
217.194	4098	152	208
217.201	4100	152	1408
217.201	4101	148	208
217.204	4102	150	1408
217.211	4103	148	1408
217.226	4104	149	1411
217.233	4105	149	208
217.236	4106	150	1408
217.246	4107	152	1411
217.255	4108	154	1408
217.261	4109	150	208
217.264	4110	152	1408
217.273	4111	153	1408
217.28	4112	153	211
217.28	4113	152	208
217.283	4114	152	1408
217.29	4115	152	1408
217.298	4116	152	208
217.3	4117	153	1408
217.308	4118	153	1411
217.315	4119	153	1408
217.318	4120	150	208
217.323	4121	154	1408
217.33	4122	155	1408
217.333	4123	151	208
217.335	4124	153	1408
217.345	4125	157	1408
217.35	4126	155	1411
217.358	4128	156	1408
217.363	4129	155	1408
217.368	4130	154	208
217.372	4131	158	1408
217.377	4132	156	1408
217.382	4133	155	208
217.387	4135	153	1408
217.392	4136	152	208
217.397	4137	156	1408
217.404	4138	157	1408
217.412	4139	158	1411
217.415	4140	155	208
217.417	4141	157	1408
217.424	4142	157	1408
217.429	4143	157	208
217.432	4144	158	1408
217.439	4145	159	1408
217.442	4146	156	208
217.444	4147	157	1408
217.451	4148	158	1408
217.457	4149	157	208
217.462	4150	161	1408
217.464	4151	158	1408
217.469	4152	157	208
217.471	4153	158	1408
217.478	4155	152	208
217.48	4156	153	1408
217.484	4157	152	1408
217.488	4158	149	208
217.493	4159	153	1408
217.495	4160	150	1408
217.503	4161	151	208
217.505	4162	152	1408
217.508	4163	149	1408
217.513	4164	147	208
217.515	4165	149	1408
217.524	4166	152	1408
217.53	4168	151	1408
217.535	4169	149	1408
217.542	4170	151	208
217.544	4171	152	1408
217.555	4173	151	208
217.558	4175	146	211
217.56	4176	148	1408
217.57	4178	151	1408
217.575	4179	150	1408
217.583	4180	151	208
217.585	4181	153	1408
217.593	4182	153	1411
217.597	4183	152	1408
217.602	4184	151	208
217.613	4186	154	1408
217.615	4187	151	208
217.618	4188	152	1408
217.624	4189	153	1408
217.63	4190	153	208
217.633	4191	154	1408
217.652	4195	155	1408
217.655	4196	151	208
217.66	4197	154	1408
217.667	4198	156	1408
217.67	4199	152	208
217.674	4200	156	1408
217.679	4201	155	1408
217.687	4202	156	1411
217.689	4203	153	208
217.694	4204	157	1408
217.701	4205	158	1408
217.706	4206	157	208
217.709	4207	158	1408
217.716	4208	159	1408
217.722	4209	158	208
217.727	4211	156	1408
217.736	4213	159	1408
217.737	4214	153	211
217.742	4215	157	1408
217.745	4216	154	208
217.747	4217	155	1408
217.754	4218	157	1408
217.764	4221	153	1411
217.771	4222	155	1411
217.774	4223	152	211
217.776	4224	153	1408
217.78	4225	150	208
217.782	4226	151	1408
217.791	4227	154	1408
217.794	4228	151	208
217.796	4229	152	1408
217.804	4230	153	1408
217.807	4231	151	208
217.809	4232	152	1408
217.816	4233	153	1411
217.821	4234	152	1408
217.827	4235	152	208
217.829	4236	153	1408
217.837	4237	153	1408
217.842	4238	152	208
217.844	4239	154	1408
217.857	4240	154	1411
217.862	4241	153	211
217.864	4242	154	1411
217.871	4243	156	1408
217.877	4244	155	208
217.884	4246	155	1408
217.887	4247	151	208
217.889	4248	153	1408
217.902	4250	152	208
217.909	4252	153	1408
217.915	4253	152	208
217.917	4254	153	1408
217.924	4255	154	1408
217.933	4256	156	1411
217.939	4257	156	208
217.939	4259	150	211
217.942	4260	151	1408
217.947	4261	151	208
217.949	4262	153	1408
217.954	4263	153	1408
217.959	4264	153	208
217.961	4265	154	1408
217.966	4266	154	1408
217.971	4267	154	211
217.974	4268	155	1411
217.976	4269	153	208
217.979	4270	154	1408
217.984	4271	154	1408
217.987	4272	152	208
217.989	4273	154	1408
217.996	4274	156	1408
217.999	4275	154	208
218.001	4276	156	1408
218.006	4277	155	1408
218.011	4278	156	208
218.014	4279	157	1408
218.017	4280	155	1408
218.019	4281	153	208
218.022	4282	154	1408
218.026	4283	154	1408
218.036	4286	150	1408
218.044	4287	149	208
218.046	4288	151	1408
218.058	4289	152	1408
218.064	4290	150	208
218.069	4291	153	1408
218.076	4292	152	1408
218.089	4293	154	1411
218.094	4294	151	208
218.098	4295	155	1408
218.106	4296	153	1411
218.113	4297	153	1411
218.123	4298	153	1408
218.129	4299	152	208
218.131	4300	153	1408
218.141	4301	153	1408
218.15	4302	155	1411
218.156	4303	151	208
218.158	4304	154	1408
218.163	4305	152	1408
218.168	4306	151	208
218.17	4307	152	1408
218.18	4308	156	1408
218.186	4309	154	208
218.188	4310	156	1408
218.195	4311	156	1408
218.198	4312	154	208
218.201	4313	155	1408
218.208	4314	155	1408
218.211	4315	152	208
218.213	4316	154	1408
218.218	4317	153	1408
218.219	4318	147	208
218.228	4320	149	1408
218.236	4321	151	208
218.237	4322	150	211
218.239	4323	152	1411
218.246	4324	153	1408
218.253	4325	153	1408
218.261	4326	154	208
218.266	4328	152	1408
218.269	4329	149	208
218.271	4330	151	1408
218.281	4331	153	1408
218.284	4332	150	208
218.289	4334	148	1408
218.294	4335	147	208
218.297	4336	149	1408
218.304	4337	149	1408
218.314	4339	152	1408
218.319	4340	151	1408
218.324	4341	149	208
218.328	4342	153	1408
218.336	4343	154	1408
218.341	4344	154	208
218.343	4345	155	1408
218.351	4346	155	1408
218.439	4347	61	1411
218.442	4348	56	1411
218.444	4349	52	1411
218.448	4350	50	211
218.451	4351	51	208
218.453	4352	53	1408
218.542	4353	52	1408
218.545	4354	50	208
218.548	4355	52	1408
218.555	4356	52	1408
218.559	4357	50	208
218.562	4358	52	1408
218.646	4359	54	1408
218.648	4360	50	208
218.653	4361	54	1408
218.657	4362	52	1408
218.66	4363	50	208
218.663	4364	52	1408
218.671	4365	53	1408
218.675	4366	51	208
218.678	4367	53	1408
218.684	4368	53	1408
218.691	4369	52	208
218.693	4370	54	1408
218.698	4371	53	1408
218.704	4372	52	208
218.706	4373	54	1408
218.715	4374	56	1408
218.716	4375	51	208
218.719	4376	53	1408
218.727	4377	54	1408
218.729	4378	51	208
218.732	4379	53	1408
218.742	4380	55	1408
218.748	4381	55	208
218.75	4382	56	1408
218.757	4383	57	1408
218.762	4384	57	208
218.765	4385	58	1408
218.772	4386	59	1408
218.777	4387	58	208
218.779	4388	59	1408
218.789	4389	63	1408
218.795	4390	61	208
218.799	4391	65	1408
218.802	4392	61	1408
218.81	4393	63	208
218.812	4394	65	1408
218.822	4395	67	1408
218.825	4396	64	208
218.83	4397	68	1408
218.837	4398	69	1408
218.842	4399	69	208
218.847	4400	72	1408
218.852	4401	70	1408
218.857	4402	69	208
218.859	4403	71	1408
218.869	4404	75	1408
218.875	4405	73	208
218.879	4406	77	1408
218.884	4407	76	1408
218.892	4408	77	208
218.894	4409	79	1408
218.9	4410	78	1408
218.904	4411	76	208
218.909	4412	80	1408
218.916	4413	81	1408
218.922	4414	81	208
218.927	4415	84	1408
218.934	4416	84	1408
218.939	4417	84	208
218.942	4418	86	1408
218.947	4419	84	1408
218.954	4420	84	208
218.956	4421	87	1408
218.967	4422	90	1408
218.969	4423	87	208
218.974	4424	90	1408
218.981	4425	92	1408
218.989	4426	93	208
218.992	4427	94	1408
218.994	4428	91	1408
219.002	4429	92	208
219.004	4430	93	1408
219.014	4431	96	1408
219.017	4432	93	208
219.021	4433	97	1408
219.028	4434	98	1408
219.037	4435	100	208
219.039	4436	102	1408
219.046	4437	102	1408
219.049	4438	98	208
219.051	4439	100	1408
219.061	4440	104	1408
219.069	4441	104	208
219.071	4442	105	1408
219.076	4443	105	1408
219.084	4444	106	208
219.086	4445	108	1408
219.094	4446	109	1408
219.097	4447	105	208
219.104	4448	111	1408
219.109	4449	110	1408
219.114	4450	109	208
219.116	4451	111	1408
219.126	4452	113	1408
219.132	4453	113	208
219.134	4454	114	1408
219.141	4455	115	1408
219.149	4456	116	208
219.151	4457	119	1408
219.161	4458	121	1408
219.164	4459	118	208
219.168	4460	122	1408
219.176	4461	123	1408
219.184	4462	124	208
219.188	4463	128	1408
219.194	4464	127	1408
219.199	4465	126	208
219.201	4466	127	1408
219.213	4467	133	1408
219.214	4468	127	208
219.223	4469	136	1408
219.226	4470	132	1408
219.236	4471	136	208
219.238	4472	138	1408
219.246	4473	138	1408
219.249	4474	135	208
219.251	4475	136	1408
219.26	4476	140	1408
219.264	4477	136	208
219.268	4478	140	1408
219.275	4479	141	1408
219.281	4480	140	208
219.283	4481	142	1408
219.288	4482	141	1408
219.296	4483	141	208
219.298	4484	142	1408
219.308	4485	146	1408
219.308	4486	141	208
219.313	4487	144	1408
219.321	4488	145	1408
219.328	4489	147	208
219.333	4490	150	1408
219.335	4491	147	1408
219.343	4492	148	208
219.346	4493	150	1408
219.353	4494	150	1408
219.358	4495	150	208
219.363	4496	153	1408
219.37	4497	155	1408
219.373	4498	153	208
219.378	4500	152	1408
219.386	4501	154	208
219.391	4503	153	1408
219.394	4504	151	208
219.396	4505	153	1408
219.401	4506	153	1408
219.408	4508	154	1408
219.411	4509	151	1408
219.418	4512	148	1408
219.423	4513	148	208
219.426	4514	150	1408
219.436	4516	150	208
219.439	4517	151	1408
219.446	4518	153	1408
219.449	4519	151	208
219.451	4520	153	1408
219.457	4522	148	208
219.459	4523	151	1408
219.464	4524	150	1408
219.469	4525	150	208
219.471	4526	151	1408
219.481	4527	152	1408
219.487	4528	149	208
219.489	4529	150	1408
219.499	4530	151	1408
219.507	4531	151	208
219.511	4532	154	1408
219.514	4533	149	1408
219.524	4534	149	208
219.527	4535	151	1408
219.534	4536	151	1408
219.542	4537	149	208
219.551	4539	149	1408
219.559	4540	149	208
219.561	4541	149	1408
219.571	4542	151	1408
219.576	4543	149	208
219.579	4544	151	1408
219.588	4545	154	1411
219.591	4546	151	1411
219.601	4547	153	1408
219.603	4548	150	208
219.608	4549	153	1408
219.613	4550	153	211
219.618	4551	156	1408
219.621	4552	152	211
219.623	4553	153	1411
219.631	4554	155	208
219.633	4555	156	1408
219.638	4556	155	1408
219.647	4557	158	1411
219.65	4558	155	208
219.653	4559	157	1408
219.658	4560	155	1408
219.667	4561	158	1411
219.67	4562	155	208
219.672	4563	156	1408
219.68	4564	156	1408
219.686	4565	156	208
219.693	4567	155	1408
219.698	4568	154	208
219.702	4569	158	1408
219.708	4570	157	1408
219.717	4572	156	1408
219.72	4573	152	1408
219.728	4574	154	208
219.73	4575	153	1408
219.737	4576	153	1408
219.745	4577	153	208
219.755	4578	153	1411
219.762	4579	153	1408
219.769	4580	154	1408
219.775	4581	154	208
219.782	4583	153	1408
219.788	4584	152	208
219.793	4585	154	1408
219.8	4586	155	1408
219.803	4587	153	208
219.808	4589	150	1408
219.813	4590	149	208
219.815	4591	150	1408
219.823	4592	152	1408
219.83	4593	152	208
219.833	4594	153	1408
219.84	4595	154	1408
219.843	4596	151	208
219.845	4597	153	1408
219.853	4598	153	1408
219.858	4599	152	208
219.86	4600	153	1408
219.868	4602	149	208
219.871	4603	150	1408
219.88	4604	153	1408
219.886	4605	152	208
219.89	4607	150	1408
219.898	4608	151	1411
219.903	4609	150	208
219.906	4610	151	1408
219.912	4611	152	1408
219.918	4612	151	211
219.919	4613	150	208
219.921	4614	151	1408
219.928	4615	153	1408
219.934	4616	152	208
219.939	4618	149	1408
219.944	4619	149	208
219.954	4621	151	1408
219.959	4622	149	208
219.961	4623	151	1408
219.966	4624	150	1408
219.974	4625	150	208
219.976	4626	152	1408
219.981	4627	151	1408
219.986	4628	150	1411
219.994	4629	150	208
219.996	4630	152	1408
220.001	4631	151	1408
220.006	4632	150	208
220.009	4633	151	1408
220.016	4634	152	1411
220.023	4635	152	1408
220.03	4636	153	208
220.033	4637	154	1408
220.04	4638	156	1408
220.046	4639	155	208
220.048	4640	156	1408
220.053	4641	155	1408
220.058	4642	154	208
220.061	4643	155	1408
220.066	4644	154	1408
220.071	4645	152	208
220.076	4646	156	1411
220.081	4647	155	1408
220.088	4648	155	1408
220.093	4649	154	208
220.095	4650	156	1408
220.102	4651	157	1411
220.11	4652	157	1408
220.112	4653	154	208
220.117	4654	157	1408
220.124	4655	159	1408
220.132	4657	158	1408
220.134	4658	155	1408
220.142	4659	155	208
220.144	4660	156	1408
220.153	4661	160	1411
220.158	4662	159	1408
220.166	4663	160	1411
220.173	4664	161	208
220.176	4665	162	1408
220.18	4666	160	1408
220.188	4667	162	208
220.191	4668	163	1408
220.198	4669	164	1408
220.201	4670	160	208
220.203	4671	162	1408
220.208	4672	161	1408
220.218	4675	160	1408
220.223	4676	160	208
220.225	4677	163	1408
220.228	4678	159	1408
220.237	4681	158	1408
220.245	4682	161	208
220.253	4685	156	208
220.255	4686	158	1408
220.263	4688	153	208
220.265	4689	155	1408
220.272	4690	157	1408
220.28	4691	155	208
220.283	4692	157	1408
220.288	4693	157	1408
220.288	4694	151	208
220.29	4695	152	1408
220.3	4696	154	1408
220.306	4697	150	208
220.308	4698	152	1408
220.313	4699	148	1408
220.321	4700	148	208
220.326	4701	152	1408
220.334	4702	150	211
220.336	4703	152	1408
220.341	4704	148	208
220.344	4705	150	1408
220.351	4706	147	1408
220.359	4707	148	208
220.361	4708	149	1408
220.371	4709	149	1408
220.376	4710	147	208
220.383	4711	152	1408
220.396	4713	150	208
220.401	4714	153	1408
220.404	4715	150	1408
220.409	4716	149	208
220.411	4717	150	1408
220.419	4718	151	211
220.421	4719	152	1411
220.428	4720	154	1408
220.433	4721	153	208
220.436	4722	154	1408
220.441	4723	153	211
220.444	4724	154	1411
220.452	4726	149	208
220.454	4727	152	1408
220.461	4728	152	1411
220.467	4729	151	1411
220.474	4730	151	1411
220.481	4731	152	1408
220.489	4732	153	208
220.494	4734	151	1408
220.499	4735	150	208
220.503	4736	154	1408
220.511	4737	154	1408
220.511	4738	149	208
220.514	4739	150	1408
220.523	4740	154	1408
220.529	4741	152	208
220.531	4742	153	1408
220.54	4743	157	1408
220.544	4744	154	208
220.551	4746	153	1408
220.556	4747	152	208
220.558	4748	153	1408
220.568	4749	156	1408
220.573	4750	156	208
220.578	4751	159	1408
220.58	4752	156	1408
220.584	4753	152	208
220.591	4755	153	1408
220.594	4756	150	208
220.599	4757	153	1408
220.611	4759	153	1408
220.619	4760	153	208
220.621	4761	155	1408
220.626	4762	154	1408
220.631	4763	153	208
220.634	4764	154	1408
220.641	4765	154	1408
220.646	4767	153	1408
220.653	4768	154	1408
220.66	4769	154	1411
220.666	4770	153	208
220.668	4771	155	1408
220.674	4773	147	208
220.676	4774	149	1408
220.684	4775	150	1408
220.692	4776	151	208
220.694	4777	152	1408
220.699	4778	151	1411
220.708	4779	155	1408
220.714	4780	153	208
220.719	4782	151	1408
220.724	4783	149	208
220.726	4784	151	1408
220.732	4785	150	1408
220.735	4786	147	208
220.739	4787	151	1408
220.744	4788	149	1408
220.752	4789	150	1411
220.759	4790	151	208
220.765	4792	149	1408
220.77	4793	148	208
220.772	4794	150	1408
220.782	4795	152	1408
220.785	4796	149	208
220.79	4797	153	1408
220.792	4798	150	1411
220.801	4799	152	1408
220.807	4800	151	208
220.816	4802	154	1411
220.824	4803	155	1408
220.827	4804	151	208
220.829	4805	153	1408
220.839	4806	155	1408
220.842	4807	153	208
220.843	4809	146	211
220.847	4810	150	1408
220.853	4811	148	208
220.857	4812	152	1408
220.864	4813	153	1408
220.869	4814	152	208
220.872	4815	153	1408
220.881	4816	156	1411
220.889	4817	157	1408
220.896	4818	157	208
220.898	4819	159	1408
220.903	4820	158	1408
220.904	4821	152	208
220.906	4822	154	1408
220.913	4823	154	1408
220.919	4824	153	208
220.923	4826	151	1411
220.933	4827	154	1408
220.941	4828	156	208
220.946	4829	159	1408
220.951	4830	157	1408
220.956	4831	156	208
220.958	4832	157	1408
220.965	4833	158	1408
220.973	4834	159	208
220.98	4836	159	1411
220.985	4837	158	1408
220.992	4838	159	208
220.995	4839	160	1408
221	4840	159	1408
221.003	4841	155	208
221.014	4843	160	1408
221.015	4844	154	208
221.02	4845	158	1408
221.027	4846	158	1411
221.034	4847	160	1408
221.039	4848	161	208
221.047	4851	157	208
221.049	4852	159	1408
221.058	4853	163	1411
221.063	4854	163	1408
221.068	4855	163	208
221.07	4856	164	1408
221.074	4858	157	208
221.076	4859	159	1408
221.085	4860	163	1408
221.091	4861	160	208
221.098	4863	160	1408
221.106	4864	158	208
221.108	4865	160	1408
221.111	4866	158	1408
221.114	4867	155	208
221.116	4868	156	1408
221.123	4869	158	1408
221.133	4870	159	1411
221.142	4872	160	1408
221.15	4873	158	1408
221.158	4874	158	208
221.16	4875	159	1408
221.165	4876	156	1408
221.173	4877	155	208
221.18	4879	153	1408
221.19	4880	154	1411
221.2	4881	155	208
221.203	4882	156	1408
221.216	4884	153	208
221.221	4885	156	1411
221.23	4886	156	1408
221.236	4888	150	208
221.241	4889	153	1408
221.245	4890	152	1408
221.251	4891	151	1411
221.258	4892	150	1411
221.264	4893	151	208
221.269	4895	148	1408
221.274	4896	146	1411
221.28	4897	145	208
221.282	4898	147	1408
221.295	4900	145	1411
221.3	4901	144	208
221.302	4902	146	1408
221.31	4903	146	1408
221.315	4904	144	208
221.317	4905	146	1408
221.324	4906	146	1408
221.33	4907	145	208
221.332	4908	147	1408
221.34	4909	147	211
221.342	4910	149	1408
221.35	4911	151	208
221.357	4913	149	1408
221.361	4914	146	208
221.365	4915	150	1408
221.372	4916	151	1408
221.377	4917	149	208
221.38	4918	150	1408
221.39	4919	153	1411
221.397	4920	155	1408
221.402	4921	153	208
221.407	4922	156	1408
221.412	4923	154	1408
221.417	4924	154	208
221.42	4925	155	1408
221.426	4926	155	1411
221.435	4928	150	208
221.437	4929	152	1408
221.447	4930	154	1411
221.455	4932	150	208
221.46	4933	153	1408
221.467	4934	153	1408
221.476	4935	156	1411
221.482	4936	155	208
221.486	4937	159	1408
221.493	4938	159	1408
221.497	4939	155	208
221.499	4940	156	1408
221.508	4941	160	1411
221.513	4942	157	1408
221.519	4943	156	208
221.521	4944	157	1408
221.528	4945	159	1408
221.533	4947	156	1408
221.543	4948	158	1408
221.548	4949	158	208
221.551	4950	159	1408
221.556	4951	157	1408
221.559	4952	153	208
221.561	4953	155	1408
221.569	4954	156	1411
221.573	4955	154	1408
221.581	4956	155	208
221.584	4957	156	1408
221.592	4959	151	208
221.597	4961	148	1408
221.602	4962	148	208
221.604	4963	149	1408
221.614	4964	152	1408
221.617	4965	148	208
221.623	4967	146	1408
221.63	4968	147	208
221.632	4969	148	1408
221.638	4970	146	1411
221.647	4971	150	1408
221.647	4972	143	208
221.65	4973	144	1411
221.658	4974	145	1408
221.665	4975	146	1408
221.668	4976	143	208
221.675	4977	149	1408
221.68	4978	147	1408
221.685	4979	146	208
221.69	4980	149	1408
221.698	4981	150	1408
221.698	4982	144	208
221.705	4983	150	1408
221.71	4984	148	1408
221.716	4985	147	208
221.718	4986	148	1408
221.727	4987	151	1408
221.731	4988	148	208
221.735	4989	152	1408
221.741	4990	150	211
221.745	4991	154	1408
221.748	4992	150	208
221.755	4994	150	1408
221.763	4995	151	208
221.766	4996	152	1408
221.775	4997	154	1408
221.775	4998	149	208
221.78	4999	152	1408
221.787	5000	153	1408
221.795	5001	153	208
221.797	5002	155	1411
221.804	5003	156	1411
221.811	5004	156	1408
221.819	5005	156	1408
221.824	5006	155	208
221.826	5007	157	1408
221.836	5008	159	1411
221.84	5009	157	1408
221.848	5010	159	208
221.85	5011	160	1408
221.86	5012	162	1408
221.863	5013	161	208
221.865	5014	162	1408
221.873	5015	164	1408
221.878	5016	163	208
221.88	5017	164	1408
221.887	5018	166	1408
221.89	5019	164	208
221.894	5021	163	1408
221.904	5024	161	1408
221.909	5025	161	208
221.912	5026	162	1408
221.915	5027	160	1408
221.933	5031	155	208
221.935	5032	158	1408
221.94	5033	155	1408
221.945	5034	155	208
221.953	5036	152	1408
221.962	5037	153	1411
221.97	5038	152	208
221.972	5039	153	1408
221.98	5040	152	1408
221.988	5041	150	208
221.99	5042	152	1408
222	5043	152	1408
222.008	5044	151	208
222.01	5045	152	1408
222.017	5046	151	1408
222.025	5047	150	208
222.028	5048	151	1408
222.04	5049	154	1408
222.048	5050	153	208
222.05	5051	154	1408
222.06	5052	155	1408
222.067	5054	155	1408
222.075	5056	150	208
222.083	5058	149	1408
222.09	5059	150	208
222.093	5060	151	1408
222.1	5061	153	1411
222.105	5062	151	211
222.11	5063	155	1411
222.117	5064	155	1408
222.118	5065	149	208
222.12	5066	151	1408
222.13	5067	153	1408
222.135	5068	152	211
222.14	5069	155	1411
222.147	5070	156	1411
222.15	5071	153	208
222.155	5072	156	1408
222.162	5073	156	1411
222.169	5074	157	1408
222.174	5075	156	208
222.179	5076	159	1408
222.181	5077	155	1408
222.186	5078	154	208
222.189	5079	155	1408
222.199	5080	158	1408
222.206	5081	159	208
222.209	5082	160	1408
222.214	5084	153	208
222.219	5085	157	1408
222.224	5086	154	1408
222.232	5087	157	208
222.239	5089	156	1408
222.242	5090	152	208
222.252	5092	155	1408
222.259	5093	155	208
222.262	5094	156	1408
222.267	5095	154	1408
222.267	5096	149	211
222.275	5099	147	1411
222.284	5100	150	1411
222.293	5101	153	1408
222.302	5102	154	208
222.304	5103	155	1408
222.31	5105	148	208
222.312	5106	149	1408
222.322	5107	152	1408
222.331	5109	154	1408
222.341	5110	157	1408
222.344	5111	153	208
222.347	5112	155	1408
222.356	5113	158	1408
222.361	5114	157	208
222.367	5116	155	1408
222.372	5117	154	208
222.374	5118	155	1408
222.382	5119	155	1408
222.389	5121	155	1408
222.399	5123	151	208
222.402	5124	153	1408
222.406	5125	151	1408
222.414	5126	153	208
222.417	5127	154	1408
222.432	5129	155	1408
222.434	5130	152	208
222.437	5131	153	1408
222.441	5132	151	1411
222.451	5133	154	1408
222.456	5134	153	1411
222.461	5135	151	208
222.464	5136	152	1408
222.469	5137	150	1408
222.476	5138	152	208
222.477	5139	151	211
222.479	5140	153	1411
222.489	5141	155	1408
222.494	5142	154	1408
222.5	5143	153	208
222.506	5145	152	1408
222.516	5146	155	1411
222.519	5147	152	208
222.524	5148	156	1408
222.527	5149	151	1408
222.534	5150	152	211
222.539	5152	155	1408
222.546	5153	155	1408
222.554	5154	156	208
222.556	5155	157	1408
222.559	5157	148	208
222.562	5158	149	1408
222.571	5159	152	1411
222.581	5160	154	1408
222.586	5161	154	208
222.591	5162	157	1408
222.594	5163	153	211
222.598	5164	157	1408
222.602	5165	153	208
222.609	5167	153	1408
222.618	5168	156	1408
222.622	5169	152	208
222.627	5170	156	1408
222.631	5171	155	1408
222.638	5172	155	1411
222.644	5173	153	208
222.646	5174	155	1408
222.651	5175	154	1408
222.656	5176	152	208
222.658	5177	153	1408
222.666	5178	153	1408
222.674	5179	155	208
222.676	5180	156	1408
222.683	5181	156	1408
222.688	5182	155	208
222.69	5183	157	1408
222.697	5184	159	1408
222.701	5185	156	208
222.712	5187	156	1411
222.717	5188	156	1408
222.732	5191	157	1408
222.735	5192	155	208
222.737	5193	157	1408
222.745	5194	156	211
222.747	5195	158	1408
222.75	5196	154	208
222.753	5197	156	1408
222.762	5198	156	1408
222.773	5200	155	208
222.777	5202	154	1408
222.793	5205	152	1408
222.799	5206	149	208
222.801	5207	150	1408
222.811	5208	150	1411
222.818	5209	149	1408
222.828	5210	148	208
222.83	5211	150	1408
222.84	5212	150	1408
222.848	5213	149	208
222.85	5214	150	1408
222.86	5215	150	1408
222.868	5216	149	208
222.872	5217	152	1408
222.88	5218	150	1408
222.89	5219	152	208
222.895	5220	155	1408
222.899	5221	153	1408
222.908	5222	154	208
222.91	5223	156	1408
222.915	5224	154	1408
222.925	5225	157	1411
222.928	5226	153	208
222.933	5228	150	211
222.941	5230	149	1408
222.946	5231	147	208
222.948	5232	149	1408
222.958	5233	151	1408
222.963	5234	149	208
222.965	5235	151	1408
222.975	5236	153	1408
222.98	5237	151	1411
222.987	5238	151	1411
222.993	5239	150	208
222.996	5240	152	211
222.998	5241	153	1411
223	5242	149	1408
223.01	5243	151	1408
223.015	5244	150	208
223.02	5245	153	1408
223.027	5246	154	1408
223.031	5247	150	208
223.033	5248	151	1408
223.04	5249	151	1408
223.047	5250	152	208
223.05	5251	153	1408
223.057	5252	153	1408
223.065	5253	156	208
223.067	5254	156	1408
223.075	5255	157	1408
223.077	5256	153	208
223.08	5257	155	1408
223.083	5258	151	1408
223.088	5259	149	208
223.09	5260	150	1408
223.1	5261	153	1408
223.108	5262	153	208
223.11	5263	155	1408
223.117	5264	155	1408
223.12	5265	151	208
223.129	5267	152	1408
223.139	5268	155	1411
223.146	5269	155	1411
223.152	5270	154	208
223.154	5271	155	1408
223.162	5272	155	1408
223.169	5273	156	208
223.18	5276	152	208
223.185	5277	155	1408
223.19	5278	153	1408
223.197	5279	154	208
223.2	5280	155	1408
223.207	5281	155	1408
223.215	5282	156	208
223.217	5283	157	1408
223.222	5284	155	1408
223.235	5287	153	1408
223.237	5288	149	208
223.24	5289	150	1408
223.243	5290	146	1408
223.25	5291	147	208
223.253	5292	148	1408
223.263	5293	152	1408
223.277	5296	152	1408
223.28	5297	148	208
223.283	5298	149	1408
223.292	5299	152	1408
223.299	5300	152	208
223.302	5301	153	1408
223.311	5302	156	1408
223.317	5303	155	208
223.323	5305	152	1408
223.324	5306	146	208
223.328	5307	150	1408
223.335	5308	150	1411
223.345	5309	152	1408
223.353	5310	153	208
223.355	5311	155	1408
223.365	5312	157	1408
223.374	5314	159	1408
223.387	5316	156	1411
223.394	5317	157	1411
223.397	5318	154	208
223.4	5319	155	1408
223.404	5320	153	1408
223.41	5321	151	208
223.412	5322	153	1408
223.421	5323	155	1408
223.424	5324	151	208
223.427	5325	153	1408
223.437	5326	155	1408
223.444	5327	156	211
223.446	5328	157	1411
223.452	5329	155	208
223.454	5330	157	1408
223.463	5331	159	1408
223.469	5332	158	208
223.479	5334	159	1408
223.482	5335	155	208
223.494	5339	151	1408
223.502	5340	152	208
223.504	5341	153	1408
223.512	5342	154	1408
223.519	5343	155	208
223.522	5344	156	1408
223.526	5345	156	1408
223.531	5346	155	1411
223.534	5347	152	208
223.541	5348	158	1408
223.545	5349	157	1408
223.553	5351	158	1408
223.56	5352	159	1408
223.573	5355	158	1408
223.581	5356	156	211
223.581	5357	157	208
223.591	5359	155	1411
223.6	5360	159	1408
223.601	5361	153	208
223.603	5362	155	1408
223.608	5363	155	1408
223.616	5364	156	208
223.621	5366	155	1408
223.629	5367	154	208
223.636	5368	159	1408
223.641	5369	155	1408
223.66	5372	155	1408
223.663	5373	149	208
223.665	5374	150	1408
223.675	5375	150	1408
223.685	5376	151	1411
223.691	5377	147	208
223.693	5378	148	211
223.698	5379	152	1411
223.708	5380	152	1411
223.717	5381	152	1408
223.73	5382	155	1408
223.735	5383	154	208
223.74	5384	157	1408
223.747	5385	158	1408
223.752	5386	156	208
223.754	5387	157	1408
223.762	5389	157	1408
223.766	5390	153	208
223.768	5391	154	1408
223.776	5392	155	1408
223.781	5393	153	211
223.783	5394	154	1411
223.79	5395	155	208
223.797	5397	154	1411
223.804	5398	155	1408
223.812	5399	156	208
223.815	5400	157	1408
223.817	5401	153	1408
223.827	5402	155	1411
223.832	5403	154	208
223.835	5404	155	1408
223.842	5405	155	1408
223.847	5406	153	208
223.849	5407	155	1408
223.857	5408	155	1408
223.862	5409	153	208
223.864	5410	155	1408
223.87	5411	153	211
223.875	5412	157	1411
223.881	5413	157	1408
223.887	5414	155	208
223.889	5415	157	1408
223.9	5417	153	208
223.904	5418	157	1408
223.909	5419	155	1408
223.919	5421	157	1408
223.926	5422	157	1408
223.941	5425	156	1408
223.948	5426	157	208
223.952	5428	152	1408
223.957	5429	151	208
223.962	5430	154	1408
223.967	5431	152	211
223.969	5432	153	1408
223.972	5433	150	208
223.975	5434	151	1408
223.984	5435	153	1408
223.99	5436	152	208
223.992	5437	153	1408
224.007	5439	154	1411
224.009	5440	150	208
224.012	5441	152	1408
224.017	5442	150	1408
224.024	5443	151	208
224.026	5444	152	1408
224.034	5445	153	1408
224.042	5446	153	208
224.046	5449	142	208
224.05	5450	146	1408
224.058	5451	146	1408
224.063	5452	144	208
224.065	5453	146	1408
224.075	5454	148	1408
224.083	5455	149	208
224.085	5456	151	1408
224.092	5457	151	1408
224.098	5458	150	208
224.107	5460	151	1411
224.11	5461	147	1408
224.118	5462	147	211
224.118	5463	147	208
224.121	5464	148	1408
224.126	5465	145	1408
224.139	5466	147	211
224.141	5467	148	1411
224.147	5468	147	208
224.152	5469	151	1408
224.157	5470	149	1411
224.164	5471	149	1408
224.169	5472	147	208
224.173	5473	151	1408
224.181	5474	150	1408
224.188	5475	151	208
224.19	5476	152	1408
224.198	5477	152	1408
224.206	5478	153	208
224.208	5479	154	1408
224.215	5480	155	1411
224.223	5481	155	1408
224.23	5482	155	208
224.233	5483	156	1408
224.24	5484	156	1408
224.243	5485	153	208
224.246	5486	154	1408
224.255	5487	156	1411
224.264	5488	159	1411
224.274	5489	160	1408
224.279	5490	159	208
224.284	5491	162	1408
224.291	5492	163	1408
224.298	5494	162	1408
224.303	5495	160	1408
224.309	5496	158	208
224.313	5497	161	1408
224.323	5498	163	1411
224.328	5499	161	1408
224.335	5500	162	208
224.338	5501	163	1408
224.348	5503	159	208
224.35	5504	160	1408
224.36	5505	162	1408
224.365	5506	163	208
224.368	5508	158	1408
224.376	5509	160	208
224.381	5511	159	1408
224.393	5514	159	1408
224.395	5515	156	208
224.398	5516	157	1408
224.401	5517	154	1408
224.413	5520	154	1408
224.416	5521	150	208
224.418	5522	153	1408
224.426	5523	153	1408
224.432	5524	149	208
224.454	5529	149	1408
224.461	5530	147	208
224.471	5531	146	1408
224.481	5532	147	1408
224.488	5533	145	208
224.491	5534	146	1408
224.499	5535	145	211
224.502	5536	146	1408
224.51	5537	144	208
224.516	5538	150	1408
224.526	5539	151	1408
224.534	5540	149	208
224.536	5541	150	1408
224.546	5542	150	1408
224.556	5543	149	1411
224.562	5544	146	208
224.569	5545	153	1408
224.574	5546	150	1411
224.586	5547	155	1411
224.595	5548	156	1408
224.601	5549	155	211
224.603	5550	157	1411
224.613	5552	158	1408
224.62	5553	159	1408
224.625	5554	157	211
224.628	5555	157	1411
224.635	5556	158	208
224.645	5558	160	1408
224.651	5559	158	208
224.67	5563	155	1411
224.678	5564	155	211
224.68	5565	156	1411
224.683	5566	153	208
224.691	5568	152	1408
224.696	5569	151	208
224.706	5571	152	1408
224.711	5572	150	208
224.714	5573	151	1408
224.723	5574	154	1408
224.726	5575	150	208
224.731	5577	147	1408
224.739	5578	147	208
224.744	5579	150	1408
224.747	5580	146	1408
224.754	5581	147	208
224.757	5582	148	1408
224.766	5583	151	1408
224.774	5585	150	1408
224.781	5586	150	1408
224.787	5587	148	208
224.792	5588	152	1408
224.799	5589	152	1408
224.802	5590	148	208
224.804	5591	149	1408
224.812	5592	150	1408
224.819	5593	151	211
224.82	5594	150	208
224.822	5595	150	1408
224.826	5596	148	1408
224.835	5597	149	208
224.837	5598	150	1408
224.846	5599	151	1411
224.856	5600	154	1408
224.864	5601	154	208
224.874	5602	153	1411
224.884	5603	156	1411
224.888	5604	154	1411
224.899	5605	157	1411
224.906	5606	157	1408
224.913	5607	157	1408
224.92	5608	157	1411
224.928	5609	157	208
224.93	5610	159	1408
224.938	5611	159	1408
224.943	5612	157	1411
224.95	5613	158	208
224.952	5614	159	1408
224.963	5616	154	208
224.965	5617	156	1408
224.973	5618	156	1408
224.978	5619	155	208
224.978	5620	154	211
224.981	5621	155	1408
224.988	5622	156	1408
224.993	5623	154	208
224.996	5624	155	1408
225.005	5625	156	1408
225.011	5626	155	208
225.018	5628	154	1408
225.025	5629	155	208
225.028	5630	156	1408
225.033	5631	154	1408
225.041	5632	154	208
225.043	5633	155	1408
225.053	5635	151	208
225.061	5637	151	1408
225.068	5638	151	208
225.072	5639	155	1408
225.08	5640	155	1408
225.085	5641	153	208
225.09	5642	157	1408
225.097	5643	157	1408
225.103	5644	155	208
225.105	5645	157	1408
225.11	5646	155	1408
225.115	5647	153	208
225.12	5648	156	1408
225.125	5649	153	1408
225.133	5650	154	208
225.14	5652	153	1408
225.148	5653	154	208
225.15	5654	155	1408
225.157	5655	156	1408
225.163	5656	153	208
225.165	5657	154	1408
225.172	5658	155	1411
225.182	5659	157	1408
225.187	5660	156	208
225.189	5661	157	1408
225.197	5662	157	1408
225.199	5663	154	208
225.202	5664	156	1408
225.207	5665	154	1408
225.214	5666	157	208
225.217	5667	158	1408
225.222	5668	157	1408
225.227	5669	157	1411
225.227	5670	152	208
225.232	5671	156	1408
225.237	5672	155	1408
225.25	5675	154	1408
225.259	5676	157	1411
225.265	5677	154	1411
225.268	5678	152	208
225.275	5680	152	1408
225.292	5683	151	1408
225.3	5684	150	208
225.302	5685	152	1408
225.31	5686	149	1408
225.32	5687	150	208
225.323	5688	151	1408
225.333	5689	151	1408
225.344	5690	154	1411
225.348	5691	147	208
225.353	5692	151	1408
225.362	5693	151	1408
225.37	5694	149	208
225.372	5695	150	1408
225.382	5696	151	1408
225.392	5697	151	208
225.394	5698	152	1408
225.405	5699	153	1408
225.412	5700	153	208
225.415	5701	155	1408
225.422	5702	154	1408
225.43	5703	155	208
225.432	5704	156	1408
225.439	5705	157	1408
225.447	5706	157	208
225.449	5707	157	1408
225.454	5708	156	1408
225.462	5709	156	211
225.464	5710	158	1411
225.467	5711	154	208
225.477	5713	155	1408
225.484	5714	155	1411
225.492	5715	155	208
225.495	5717	150	211
225.497	5718	152	1411
225.505	5719	152	1408
225.51	5720	151	208
225.515	5721	154	1408
225.522	5722	154	1408
225.53	5723	154	208
225.537	5725	154	1408
225.542	5726	152	208
225.545	5727	153	1408
225.55	5728	152	1408
225.555	5729	149	208
225.56	5731	146	1408
225.568	5732	147	208
225.57	5733	148	1408
225.58	5734	150	1408
225.585	5735	148	208
225.587	5736	149	1408
225.595	5737	149	1408
225.603	5738	149	208
225.605	5739	150	1408
225.613	5740	151	1408
225.62	5741	151	208
225.623	5742	152	1408
225.63	5743	152	1408
225.638	5744	153	208
225.64	5745	153	1408
225.648	5746	154	1408
225.655	5747	155	208
225.658	5748	156	1408
225.667	5749	158	1408
225.672	5750	156	208
225.674	5751	157	1408
225.682	5752	157	1408
225.692	5754	153	208
225.695	5755	154	1408
225.702	5756	154	1411
225.712	5757	156	1408
225.717	5758	154	208
225.722	5759	158	1408
225.729	5760	157	1408
225.734	5761	156	208
225.737	5762	157	1408
225.742	5763	154	1411
225.752	5764	157	1408
225.759	5765	158	208
225.768	5767	158	1411
225.776	5768	159	1408
225.779	5769	154	208
225.781	5770	156	1408
225.789	5771	155	1408
225.796	5772	156	208
225.799	5773	157	1408
225.806	5774	157	1408
225.814	5775	157	208
225.816	5776	158	1408
225.821	5777	156	1408
225.826	5778	154	208
225.834	5780	154	1408
225.842	5781	154	208
225.844	5782	154	1408
225.852	5783	155	1408
225.859	5784	155	208
225.861	5785	157	1408
225.867	5786	154	1408
225.87	5787	150	208
225.877	5789	150	1408
225.882	5790	147	208
225.885	5791	149	1408
225.895	5792	151	1411
225.904	5793	153	1408
225.907	5794	148	208
225.91	5795	150	1408
225.915	5796	149	1408
225.923	5797	148	208
225.933	5799	150	1408
225.936	5800	146	208
225.94	5801	149	1408
225.948	5802	149	1408
225.955	5803	149	208
225.958	5804	151	1408
225.963	5805	148	1408
225.972	5806	150	1411
225.977	5807	149	208
225.979	5808	150	1408
225.989	5809	151	1408
225.994	5810	150	208
225.997	5811	151	1408
226.007	5812	153	1408
226.012	5813	152	208
226.017	5814	155	1408
226.024	5815	155	1408
226.032	5816	155	208
226.034	5817	157	1408
226.041	5818	159	1408
226.051	5819	162	1411
226.051	5820	157	208
226.06	5823	152	208
226.064	5824	156	1408
226.071	5825	157	1408
226.076	5826	157	208
226.081	5828	155	1408
226.088	5829	156	1411
226.096	5830	157	208
226.098	5831	158	1408
226.103	5832	157	1408
226.11	5833	159	208
226.113	5834	161	1408
226.118	5835	160	1408
226.123	5836	159	208
226.125	5837	160	1408
226.132	5838	162	1408
226.142	5839	158	1411
226.149	5840	157	208
226.154	5841	159	1408
226.166	5842	162	1408
226.169	5843	156	208
226.177	5844	161	1408
226.187	5845	161	1408
226.194	5846	160	208
226.197	5847	160	1408
226.206	5848	160	1408
226.214	5849	159	208
226.217	5850	159	1408
226.224	5851	157	1408
226.231	5852	155	208
226.236	5853	158	1408
226.243	5854	158	1408
226.249	5855	156	208
226.256	5857	155	1408
226.264	5859	154	1408
226.271	5860	154	1411
226.28	5861	156	1411
226.29	5862	158	1411
226.296	5863	156	1408
226.303	5864	157	208
226.306	5865	158	1408
226.308	5866	153	1408
226.316	5867	153	208
226.318	5868	155	1408
226.326	5869	155	1408
226.332	5870	154	208
226.334	5871	154	1408
226.347	5873	153	208
226.354	5875	151	1408
226.359	5876	149	208
226.361	5877	151	1408
226.367	5878	149	1408
226.372	5879	146	208
226.374	5880	148	1408
226.382	5881	148	1408
226.387	5882	146	208
226.39	5883	147	1408
226.397	5884	147	1408
226.402	5885	146	208
226.405	5886	147	1408
226.414	5887	149	1408
226.422	5888	150	208
226.424	5889	151	1408
226.431	5890	150	1408
226.437	5891	149	208
226.442	5892	152	1408
226.447	5893	151	1408
226.455	5894	150	208
226.457	5895	152	1408
226.46	5896	147	1411
226.468	5897	148	211
226.471	5898	149	1408
226.478	5899	149	208
226.48	5900	151	1408
226.487	5901	151	1408
226.493	5902	149	208
226.495	5903	150	1408
226.505	5904	153	1408
226.513	5905	153	208
226.515	5906	154	1408
226.522	5907	154	1408
226.525	5908	150	208
226.53	5909	153	1408
226.535	5910	150	1408
226.54	5911	148	208
226.542	5912	150	1408
226.552	5913	152	1411
226.561	5914	154	1411
226.569	5915	155	1408
226.574	5916	153	208
226.582	5917	158	1408
226.589	5918	159	1408
226.592	5919	154	208
226.594	5920	156	1408
226.606	5921	159	1408
226.621	5924	159	1408
226.624	5925	155	208
226.629	5926	158	1408
226.631	5927	154	1408
226.639	5928	154	208
226.647	5930	153	1408
226.652	5931	151	208
226.654	5932	153	1408
226.662	5933	152	1408
226.67	5934	153	208
226.672	5935	154	1408
226.679	5936	153	1408
226.684	5937	152	208
226.687	5938	153	1408
226.696	5939	156	1408
226.703	5940	155	208
226.706	5941	156	1408
226.713	5942	156	1408
226.721	5943	157	208
226.724	5945	151	1408
226.731	5946	152	208
226.734	5947	153	1408
226.743	5948	155	1408
226.751	5949	155	208
226.753	5950	157	1408
226.759	5951	155	1408
226.766	5952	155	208
226.769	5953	156	1408
226.774	5954	154	1408
226.782	5955	154	208
226.787	5957	152	1408
226.792	5958	150	208
226.794	5959	151	1408
226.802	5960	150	1408
226.812	5962	152	1408
226.822	5964	148	211
226.827	5965	151	1411
226.83	5966	147	208
226.833	5967	149	1408
226.842	5968	150	1408
226.85	5970	145	208
226.861	5972	150	1408
226.867	5973	147	208
226.874	5974	151	1408
226.879	5975	151	1408
226.887	5976	152	208
226.889	5977	153	1408
226.901	5978	155	1408
226.907	5979	153	208
226.912	5980	156	1408
226.924	5982	154	208
226.927	5983	153	1411
226.936	5984	155	1408
226.942	5985	155	1408
226.947	5986	153	208
226.949	5987	155	1408
226.958	5988	157	1408
226.968	5990	156	1408
226.978	5991	155	1408
226.983	5992	152	208
226.99	5993	156	1408
227.002	5994	158	1411
227.009	5995	157	1408
227.017	5996	155	211
227.018	5997	153	208
227.022	5998	157	1408
227.032	5999	156	1411
227.041	6000	156	1408
227.049	6001	155	208
227.052	6002	156	1408
227.062	6003	155	1411
227.074	6004	158	1411
227.084	6005	160	1408
227.086	6006	156	208
227.089	6007	157	1408
227.097	6008	157	1408
227.102	6009	155	208
227.104	6010	156	1408
227.119	6012	156	208
227.127	6014	156	1408
227.134	6015	156	1411
227.14	6016	154	208
227.147	6018	153	1408
227.15	6019	148	208
227.155	6020	152	1408
227.162	6021	152	1408
227.165	6022	149	208
227.168	6023	150	1408
227.173	6024	148	211
227.176	6025	149	1408
227.183	6027	148	1408
227.19	6028	147	1408
227.198	6029	149	208
227.203	6031	145	1408
227.211	6032	145	208
227.213	6033	147	1408
227.221	6034	147	1408
227.224	6035	143	208
227.231	6036	148	1408
227.236	6037	146	1408
227.241	6038	145	208
227.246	6039	148	1408
227.251	6040	146	1408
227.256	6041	144	208
227.259	6042	145	1408
227.268	6043	148	1408
227.276	6044	148	208
227.278	6045	149	1408
227.286	6046	149	1408
227.293	6047	149	208
227.295	6048	150	1408
227.306	6049	153	1408
227.311	6050	151	208
227.313	6051	153	1408
227.323	6052	154	1408
227.33	6053	155	1411
227.34	6054	157	1411
227.348	6055	157	208
227.35	6056	159	1408
227.353	6057	154	1411
227.363	6058	156	1408
227.37	6059	156	208
227.374	6060	160	1408
227.381	6061	160	1408
227.391	6062	161	208
227.393	6063	163	1408
227.399	6064	161	211
227.401	6065	162	1408
227.409	6066	162	208
227.414	6068	159	1411
227.423	6069	162	1408
227.431	6070	161	208
227.433	6071	163	1408
227.44	6072	163	1408
227.445	6073	161	208
227.457	6075	164	1408
227.461	6076	160	208
227.463	6077	162	1408
227.47	6078	160	1408
227.477	6079	161	208
227.48	6080	162	1408
227.485	6081	160	1408
227.492	6082	159	208
227.494	6083	161	1408
227.501	6084	161	1408
227.509	6085	161	208
227.511	6086	162	1408
227.524	6088	160	208
227.526	6089	161	1408
227.531	6090	159	1408
227.537	6091	157	208
227.539	6092	159	1408
227.549	6093	161	1408
227.552	6094	157	208
227.554	6095	158	1408
227.562	6096	158	1408
227.565	6097	154	208
227.567	6098	155	1408
227.582	6101	154	1408
227.593	6103	151	208
227.6	6105	150	1408
227.603	6106	145	208
227.611	6108	144	1411
227.62	6109	146	1408
227.626	6110	145	208
227.628	6111	146	1408
227.638	6112	149	1408
227.646	6113	148	208
227.654	6115	146	1411
227.658	6116	144	1408
227.666	6117	144	208
227.668	6118	145	1408
227.678	6119	147	1408
227.684	6120	146	208
227.686	6121	147	1408
227.691	6122	147	1408
227.696	6123	146	208
227.699	6124	148	1408
227.706	6125	149	1408
227.714	6127	151	1408
227.724	6128	150	1411
227.729	6129	150	1408
227.732	6130	148	208
227.734	6131	149	1408
227.739	6132	148	1408
227.745	6133	146	208
227.747	6134	148	1408
227.756	6135	152	1408
227.762	6136	150	208
227.764	6137	152	1408
227.783	6139	150	1411
227.785	6140	148	211
227.786	6141	147	208
227.788	6142	149	1408
227.798	6143	152	1411
227.807	6144	151	1411
227.819	6145	154	1411
227.826	6146	152	1408
227.835	6147	150	208
227.839	6148	153	1408
227.847	6149	151	1408
227.859	6150	153	1411
227.869	6151	154	208
227.872	6152	155	1408
227.881	6153	154	1408
227.889	6154	153	208
227.892	6155	153	1408
227.901	6156	153	1408
227.909	6157	154	208
227.912	6158	155	1408
227.919	6159	155	1408
227.933	6163	153	1408
227.937	6164	149	208
227.942	6165	153	1408
227.951	6166	155	1408
227.956	6167	153	208
227.958	6168	154	1408
227.964	6169	153	1408
227.972	6170	153	208
227.975	6171	154	1408
227.987	6173	152	1411
227.995	6174	152	208
228.006	6177	147	208
228.011	6178	151	1408
228.016	6179	149	1408
228.021	6180	147	208
228.023	6181	148	1408
228.028	6182	146	1408
228.032	6183	142	208
228.034	6184	143	1408
228.044	6185	145	1408
228.049	6186	144	208
228.052	6187	145	1408
228.059	6188	145	1408
228.064	6189	142	208
228.066	6190	144	1408
228.074	6191	145	1408
228.081	6192	145	208
228.084	6193	145	1408
228.091	6194	146	1408
228.099	6195	147	208
228.101	6196	148	1408
228.109	6197	147	1408
228.114	6198	146	208
228.117	6199	147	1408
228.126	6200	149	1408
228.134	6201	150	211
228.134	6202	149	211
228.137	6203	150	1411
228.144	6204	151	208
228.146	6205	152	1408
228.156	6206	154	1408
228.157	6207	147	208
228.164	6208	153	1408
228.171	6209	152	1408
228.176	6210	150	208
228.178	6211	152	1408
228.186	6212	152	1408
228.195	6213	154	1411
228.203	6214	155	208
228.205	6215	156	1408
228.215	6216	158	1411
228.225	6217	160	1411
228.232	6218	160	1408
228.24	6220	159	1408
228.249	6221	161	1408
228.256	6222	162	208
228.258	6223	163	1408
228.268	6224	164	1408
228.271	6225	161	208
228.281	6227	162	1408
228.286	6228	160	208
228.289	6229	161	1408
228.296	6230	161	1408
228.304	6231	161	208
228.311	6233	160	1408
228.324	6236	157	1408
228.329	6237	155	208
228.334	6238	159	1408
228.338	6239	157	1408
228.345	6240	156	208
228.348	6241	157	1408
228.355	6242	158	1408
228.36	6243	155	208
228.365	6244	159	1408
228.372	6245	158	1408
228.377	6246	157	208
228.38	6247	158	1408
228.395	6249	158	208
228.397	6250	160	1408
228.406	6252	153	208
228.408	6253	154	1408
228.415	6254	155	1408
228.421	6255	153	208
228.423	6256	154	1408
228.433	6257	156	1408
228.436	6258	153	208
228.439	6259	154	1408
228.444	6260	151	211
228.446	6261	152	1408
228.449	6262	149	208
228.451	6263	150	1408
228.461	6264	151	1408
228.466	6265	150	208
228.469	6266	150	1408
228.475	6267	150	1408
228.48	6268	148	1411
228.489	6269	148	208
228.491	6270	149	1408
228.498	6271	150	1408
228.503	6272	148	208
228.511	6273	149	1411
228.523	6274	150	211
228.525	6275	152	1411
228.533	6276	153	1408
228.542	6277	157	1408
228.543	6278	151	208
228.545	6279	153	1408
228.555	6280	157	1408
228.558	6281	153	208
228.561	6282	155	1408
228.568	6284	152	208
228.571	6285	153	1408
228.584	6288	153	1408
228.596	6289	150	1411
228.603	6290	153	1408
228.608	6291	151	1411
228.613	6292	150	208
228.617	6293	154	1408
228.622	6294	153	1408
228.628	6295	153	208
228.631	6296	154	1408
228.635	6297	153	1408
228.643	6298	151	208
228.645	6299	152	1408
228.655	6300	151	1408
228.663	6301	150	208
228.665	6302	151	1408
228.677	6303	153	1408
228.683	6304	150	208
228.688	6305	152	1408
228.698	6306	152	1408
228.705	6307	151	208
228.71	6308	153	1408
228.72	6309	153	1408
228.728	6310	152	208
228.73	6311	152	1408
228.74	6312	152	1408
228.812	6313	52	1411
228.822	6314	52	1411
228.828	6315	51	211
228.83	6316	51	208
228.833	6317	53	1408
228.842	6318	52	1408
228.915	6319	52	208
228.917	6320	54	1408
228.926	6321	53	1408
228.934	6322	50	208
228.937	6323	52	1408
228.944	6324	53	1408
229.015	6325	51	208
229.018	6326	53	1408
229.022	6327	52	1408
229.027	6328	51	208
229.03	6329	53	1408
229.036	6330	53	1408
229.04	6331	51	208
229.043	6332	53	1408
229.048	6333	52	1408
229.052	6334	50	208
229.055	6335	52	1408
229.061	6336	52	1408
229.065	6337	50	208
229.068	6338	52	1408
229.074	6339	52	1408
229.078	6340	50	208
229.08	6341	53	1408
229.087	6342	53	1408
229.09	6343	50	208
229.093	6344	52	1408
229.1	6345	53	1408
229.103	6346	50	208
229.108	6347	54	1408
229.115	6348	55	1408
229.12	6349	56	208
229.123	6350	57	1408
229.13	6351	58	1408
229.138	6352	56	208
229.142	6353	60	1408
229.152	6354	60	1408
229.162	6355	60	208
229.165	6356	62	1408
229.177	6357	64	1408
229.187	6358	64	208
229.19	6359	65	1408
229.2	6360	68	1408
229.205	6361	66	208
229.21	6362	69	1408
229.217	6363	69	1408
229.225	6364	70	208
229.227	6365	71	1408
229.237	6366	73	1408
229.245	6367	74	208
229.247	6368	76	1408
229.257	6369	77	1408
229.265	6370	78	208
229.269	6371	82	1408
229.274	6372	81	1408
229.282	6373	83	208
229.285	6374	84	1408
229.294	6375	87	1408
229.302	6376	90	208
229.305	6377	91	1408
229.314	6378	93	1408
229.318	6379	91	208
229.32	6380	93	1408
229.329	6381	96	1408
229.337	6382	97	208
229.339	6383	99	1408
229.349	6384	103	1408
229.357	6385	104	208
229.359	6386	106	1408
229.367	6387	107	1408
229.372	6388	106	208
229.374	6389	108	1408
229.379	6390	107	1408
229.387	6391	108	208
229.389	6392	109	1408
229.399	6393	112	1408
229.402	6394	109	208
229.404	6395	111	1408
229.412	6396	112	1408
229.414	6397	109	208
229.417	6398	110	1408
229.426	6399	114	1408
229.429	6400	110	208
229.432	6401	112	1408
229.442	6402	116	1408
229.447	6403	114	208
229.449	6404	116	1408
229.454	6405	114	1408
229.459	6406	114	208
229.462	6407	115	1408
229.469	6408	116	1408
229.474	6409	116	208
229.477	6410	117	1408
229.486	6411	121	1408
229.487	6412	115	208
229.49	6413	117	1408
229.499	6414	120	1408
229.506	6415	122	208
229.509	6416	123	1408
229.516	6417	124	1408
229.521	6418	123	208
229.524	6419	125	1408
229.534	6420	128	1408
229.536	6421	125	208
229.539	6422	127	1408
229.549	6423	130	1408
229.554	6424	130	208
229.556	6425	131	1408
229.564	6426	132	1408
229.569	6427	132	208
229.574	6428	135	1408
229.581	6429	136	1408
229.589	6430	137	208
229.592	6431	139	1408
229.596	6432	138	1408
229.603	6433	139	208
229.606	6434	140	1408
229.616	6435	145	1408
229.617	6436	139	208
229.626	6437	147	1408
229.628	6438	144	1408
229.636	6439	146	208
229.639	6440	147	1408
229.648	6441	150	1408
229.654	6442	149	208
229.656	6443	152	1408
229.663	6444	152	1408
229.669	6445	151	208
229.673	6446	155	1408
229.678	6447	154	1408
229.688	6449	156	1408
229.695	6450	158	1408
229.7	6451	157	208
229.703	6452	158	1408
229.707	6453	157	1408
229.711	6454	154	208
229.715	6455	158	1408
229.726	6457	155	208
229.731	6459	153	1408
229.734	6460	151	208
229.739	6461	154	1408
229.742	6462	151	1408
229.747	6463	150	208
229.749	6464	151	1408
229.757	6465	153	1408
229.762	6466	152	208
229.77	6469	146	208
229.775	6470	150	1408
229.78	6471	149	1408
229.785	6472	148	208
229.787	6473	150	1408
229.801	6476	151	1408
229.808	6477	152	1408
229.816	6479	153	1408
229.823	6480	154	1408
229.826	6481	150	208
229.829	6482	152	1408
229.844	6484	154	208
229.846	6485	155	1408
229.853	6486	157	1408
229.857	6487	154	208
229.864	6489	154	1408
229.869	6490	154	208
229.872	6491	155	1408
229.881	6492	159	1408
229.882	6493	153	208
229.892	6495	155	1408
229.897	6496	154	211
229.899	6498	155	1408
229.905	6500	149	208
229.907	6501	151	1408
229.914	6502	153	1408
229.915	6503	149	208
229.919	6504	153	1408
229.926	6505	151	1411
229.933	6506	152	1411
229.938	6507	153	1408
229.943	6508	154	208
229.946	6509	155	1408
229.95	6510	155	1408
229.956	6511	155	208
229.962	6513	156	1408
229.968	6514	156	208
229.975	6515	155	1411
229.982	6516	158	1411
229.987	6517	157	1408
229.994	6518	160	1408
229.997	6519	158	208
229.999	6520	159	1408
230.01	6521	158	1411
230.015	6522	156	211
230.018	6523	157	1408
230.025	6524	157	211
230.025	6525	156	208
230.029	6526	157	1408
230.035	6527	156	1408
230.045	6529	157	1408
230.055	6530	158	1411
230.06	6531	155	1408
230.065	6532	152	1411
230.073	6533	151	208
230.075	6534	152	1408
230.083	6535	152	1408
230.09	6536	151	208
230.093	6537	152	1408
230.1	6538	152	1411
230.105	6539	149	211
230.108	6540	150	1411
230.113	6541	149	1408
230.121	6542	151	208
230.123	6543	152	1408
230.131	6544	153	1408
230.134	6545	150	208
230.138	6546	154	1408
230.145	6547	155	1408
230.155	6550	152	1408
230.159	6551	149	208
230.161	6552	150	1408
230.171	6553	154	1411
230.178	6554	154	1408
230.181	6555	151	208
230.183	6556	153	1408
230.19	6557	154	1408
230.191	6558	149	208
230.193	6559	150	1408
230.203	6560	154	1408
230.206	6561	151	208
230.208	6562	152	1408
230.217	6564	148	208
230.221	6565	152	1408
230.226	6566	150	1408
230.231	6567	149	208
230.236	6568	153	1408
230.246	6570	151	211
230.254	6573	151	1408
230.259	6574	150	208
230.264	6576	148	1408
230.272	6577	149	208
230.274	6578	151	1408
230.279	6579	149	1408
230.287	6580	150	208
230.289	6581	153	1408
230.296	6582	152	1408
230.301	6583	151	208
230.303	6584	153	1408
230.308	6585	152	1408
230.312	6586	150	208
230.317	6587	153	1408
230.321	6588	152	1408
230.326	6589	151	208
230.329	6590	152	1408
230.336	6591	153	1408
230.341	6592	153	208
230.344	6593	154	1408
230.346	6594	150	1408
230.354	6595	152	208
230.357	6596	153	1408
230.362	6597	152	211
230.364	6598	154	1411
230.374	6599	157	1408
230.376	6600	154	208
230.379	6601	155	1408
230.385	6603	149	208
230.387	6604	150	1408
230.396	6605	154	1408
230.401	6606	153	208
230.408	6608	152	1408
230.415	6609	152	208
230.417	6610	153	1408
230.426	6611	157	1411
230.428	6612	153	1408
230.436	6613	155	208
230.438	6614	156	1408
230.449	6616	154	208
230.456	6618	154	1411
230.461	6619	152	211
230.466	6620	156	1411
230.471	6621	155	1411
230.48	6622	159	1408
230.485	6623	158	208
230.487	6624	159	1408
230.493	6625	158	1408
230.498	6626	158	208
230.507	6628	160	1408
230.51	6629	157	208
230.513	6630	158	1408
230.517	6631	156	1408
230.525	6632	158	208
230.527	6633	159	1408
230.533	6634	158	1408
230.533	6635	153	208
230.54	6636	158	1408
230.545	6637	157	1408
230.546	6638	152	208
230.553	6640	153	1408
230.558	6641	152	208
230.561	6642	153	1408
230.563	6643	150	1408
230.571	6644	151	208
230.576	6645	154	1408
230.58	6646	153	1408
230.593	6649	152	1408
230.6	6650	153	1408
230.603	6651	150	208
230.607	6652	154	1408
230.612	6653	153	1411
230.622	6654	156	1408
230.625	6655	152	208
230.629	6656	156	1408
230.636	6657	157	1408
230.64	6658	155	208
230.645	6660	152	1408
230.652	6661	153	208
230.654	6662	155	1411
230.662	6663	157	1411
230.667	6664	155	1408
230.677	6665	158	1408
230.687	6667	161	1408
230.689	6668	158	1408
230.695	6669	157	208
230.7	6671	155	1408
230.703	6672	152	208
230.707	6673	156	1408
230.712	6674	155	1408
230.72	6676	150	208
230.723	6677	152	1408
230.728	6678	150	1408
230.731	6679	147	208
230.733	6680	149	1408
230.736	6681	147	1408
230.741	6682	147	208
230.743	6683	149	1408
230.75	6684	151	1408
230.757	6685	153	1411
230.76	6686	151	208
230.765	6687	154	1408
230.769	6688	154	1408
230.77	6689	151	208
230.772	6690	152	1408
230.78	6691	154	1408
230.782	6692	152	208
230.785	6693	153	1408
230.79	6695	149	208
230.792	6696	151	1408
230.798	6697	152	211
230.8	6698	153	1411
230.803	6699	150	1408
230.81	6700	153	208
230.813	6701	154	1408
230.817	6702	154	1408
230.822	6703	155	208
230.825	6704	153	1408
230.831	6705	154	1408
230.831	6706	150	208
230.84	6707	154	1408
230.848	6708	154	1408
230.853	6709	151	1411
230.863	6710	152	208
230.865	6711	153	1408
230.871	6712	150	1408
230.878	6713	149	208
230.883	6714	153	1408
230.883	6715	146	211
230.886	6716	148	1408
230.898	6717	151	208
230.901	6718	152	1408
230.91	6719	154	1411
230.92	6720	155	1408
230.929	6721	156	1411
230.937	6722	156	208
230.94	6723	157	1408
230.942	6724	154	1408
230.949	6725	155	208
230.952	6726	156	1408
230.961	6727	160	1408
230.964	6728	156	208
230.966	6729	158	1408
230.974	6730	159	1408
230.979	6731	158	208
230.981	6732	160	1408
230.988	6733	160	1408
230.994	6734	160	208
230.997	6735	161	1408
231.004	6736	162	1411
231.006	6737	159	1408
231.012	6738	158	208
231.014	6739	159	1408
231.023	6740	163	1408
231.033	6743	159	1408
231.04	6744	160	208
231.043	6745	162	1408
231.046	6746	158	1408
231.055	6748	161	1408
231.06	6749	159	1408
231.063	6750	157	208
231.071	6752	157	1408
231.076	6753	156	208
231.078	6754	157	1408
231.081	6755	154	1408
231.088	6756	156	208
231.093	6758	154	1408
231.101	6759	155	208
231.103	6760	156	1408
231.11	6761	158	1408
231.113	6762	155	208
231.116	6763	156	1408
231.124	6765	151	208
231.126	6766	153	1408
231.132	6768	146	208
231.134	6769	147	1408
231.141	6770	149	1408
231.147	6771	148	208
231.149	6772	149	1408
231.158	6773	153	1408
231.159	6774	147	208
231.161	6775	149	1408
231.169	6776	150	1408
231.174	6777	150	208
231.176	6778	151	1408
231.181	6779	150	1408
231.187	6780	149	208
231.189	6781	151	1408
231.194	6782	150	1408
231.199	6783	149	208
231.202	6784	150	1408
231.204	6785	147	1408
231.212	6786	148	208
231.214	6787	150	1408
231.221	6788	151	1408
231.224	6789	148	208
231.229	6790	152	1408
231.234	6791	151	211
231.237	6792	153	1411
231.242	6793	151	1408
231.248	6794	150	208
231.257	6796	153	1408
231.26	6797	149	211
231.262	6798	151	208
231.265	6799	153	1408
231.269	6800	151	1408
231.277	6801	153	1411
231.28	6802	150	208
231.287	6804	150	1408
231.296	6805	153	1411
231.299	6806	150	208
231.304	6807	154	1408
231.311	6808	155	1408
231.317	6809	154	208
231.322	6811	152	1408
231.329	6812	153	1411
231.336	6813	155	1411
231.342	6814	154	208
231.344	6815	155	1408
231.348	6816	154	1408
231.356	6817	155	208
231.358	6818	157	1408
231.369	6820	154	208
231.371	6821	156	1408
231.378	6822	157	1408
231.382	6823	154	208
231.389	6825	154	1408
231.392	6826	151	208
231.394	6827	153	1408
231.399	6828	152	1408
231.406	6829	153	208
231.409	6830	154	1408
231.416	6832	150	208
231.419	6833	151	1408
231.426	6834	153	1408
231.434	6835	154	208
231.439	6837	153	1408
231.44	6838	147	208
231.444	6839	151	1408
231.452	6840	152	1408
231.455	6841	149	208
231.457	6842	150	1408
231.465	6843	152	1411
231.47	6844	151	1408
231.473	6845	147	208
231.475	6846	148	1408
231.485	6847	152	1408
231.49	6848	151	1411
231.492	6849	148	208
231.495	6850	149	1408
231.504	6851	153	1408
231.508	6852	150	208
231.515	6854	150	1408
231.52	6855	149	208
231.522	6856	151	1408
231.534	6858	151	1408
231.537	6859	148	208
231.542	6860	152	1408
231.547	6861	151	1408
231.552	6862	150	208
231.557	6863	154	1408
231.564	6864	155	1408
231.567	6865	153	208
231.569	6866	155	1408
231.577	6867	158	1408
231.579	6868	155	1411
231.586	6869	158	208
231.594	6871	159	1408
231.599	6872	159	1411
231.599	6873	154	208
231.601	6874	157	1408
231.606	6875	156	1408
231.608	6876	154	208
231.611	6877	155	1408
231.621	6878	160	1408
231.626	6879	159	1411
231.628	6880	158	208
231.631	6881	159	1408
231.636	6882	160	1408
231.645	6883	156	1411
231.649	6884	155	208
231.656	6886	156	1408
231.663	6887	158	208
231.665	6888	160	1408
231.67	6889	157	1408
231.676	6890	154	208
231.678	6891	154	1408
231.687	6892	156	1408
231.695	6893	156	208
231.698	6894	157	1408
231.707	6895	159	1408
231.712	6896	156	208
231.715	6897	156	1408
231.724	6898	158	1411
231.732	6899	157	1408
231.739	6900	156	208
231.741	6901	158	1408
231.752	6902	160	1411
231.761	6903	161	1408
231.769	6904	160	208
231.775	6907	154	208
231.784	6909	156	1408
231.792	6911	156	1408
231.802	6913	154	1411
231.807	6914	154	208
231.81	6915	155	1408
231.815	6916	154	1408
231.82	6917	153	208
231.822	6918	155	1408
231.831	6920	151	208
231.836	6923	143	208
231.841	6924	147	1408
231.85	6925	150	1408
231.867	6929	147	1408
231.875	6930	150	208
231.877	6931	151	1408
231.882	6932	150	1408
231.887	6933	149	208
231.889	6934	150	1408
231.899	6935	154	1408
231.905	6936	153	208
231.909	6937	157	1408
231.914	6938	156	1408
231.917	6939	153	208
231.927	6941	155	1408
231.932	6942	154	208
231.934	6943	156	1408
231.94	6944	155	1408
231.942	6945	152	208
231.945	6946	153	1408
231.954	6947	157	1408
231.957	6948	153	208
231.96	6949	155	1408
231.967	6950	156	1408
231.968	6951	151	208
231.97	6952	152	1408
231.977	6953	153	1408
231.979	6954	149	1411
231.989	6955	153	1411
231.996	6956	153	1411
231.999	6957	151	211
232.002	6958	153	208
232.004	6959	154	1408
232.009	6960	153	1411
232.016	6961	154	1408
232.022	6962	153	208
232.024	6963	155	1408
232.031	6964	155	1408
232.036	6965	154	1411
232.045	6966	158	1411
232.05	6967	156	1411
232.055	6968	156	208
232.06	6969	160	1408
232.065	6970	158	1408
232.073	6971	159	208
232.075	6972	162	1408
232.08	6973	160	1411
232.088	6975	160	1411
232.092	6976	159	1408
232.098	6977	158	208
232.105	6979	158	1408
232.11	6980	157	208
232.112	6981	159	1408
232.12	6982	160	1408
232.127	6984	161	1408
232.132	6985	160	1408
232.14	6986	161	1411
232.14	6987	156	208
232.145	6989	154	1408
232.151	6990	153	208
232.158	6992	153	1408
232.163	6993	153	208
232.166	6995	148	1408
232.173	6996	149	208
232.176	6997	151	1408
232.184	6999	147	208
232.189	7000	150	1408
232.193	7001	149	1408
232.201	7002	150	208
232.203	7003	152	1408
232.209	7004	151	1408
232.214	7005	150	208
232.219	7007	148	1408
232.224	7008	148	208
232.233	7010	150	1408
232.237	7011	147	208
232.24	7012	149	1408
232.244	7013	148	1408
232.252	7014	149	208
232.254	7015	150	1408
232.259	7016	150	1408
232.265	7017	149	208
232.267	7018	150	1408
232.273	7020	144	208
232.277	7021	148	1408
232.285	7022	149	1408
232.292	7023	150	211
232.294	7025	151	1408
232.299	7026	150	1408
232.309	7027	152	1411
232.309	7028	147	208
232.311	7029	148	1408
232.321	7030	152	1408
232.329	7031	154	208
232.331	7032	155	1408
232.341	7035	152	208
232.344	7036	153	1408
232.351	7037	154	1411
232.358	7038	155	1408
232.365	7039	157	1411
232.373	7040	158	208
232.375	7041	160	1408
232.387	7043	160	1408
232.393	7044	160	208
232.398	7046	159	1411
232.403	7047	159	1408
232.405	7048	157	208
232.408	7049	159	1408
232.413	7050	159	1408
232.415	7051	157	208
232.418	7052	158	1408
232.427	7053	163	1408
232.43	7054	161	1411
232.433	7055	159	208
232.437	7057	158	1408
232.445	7058	160	1411
232.448	7059	158	208
232.453	7061	158	1408
232.458	7062	158	208
232.463	7064	157	1408
232.465	7065	155	208
232.468	7066	157	1408
232.473	7067	156	1408
232.478	7068	155	1411
232.48	7069	153	208
232.482	7070	154	1408
232.492	7071	156	1408
232.495	7072	150	211
232.498	7073	152	208
232.5	7074	154	1408
232.508	7075	152	1408
232.517	7076	154	208
232.52	7077	155	1408
232.527	7078	154	1408
232.533	7079	152	208
232.544	7081	155	1408
232.553	7082	155	211
232.56	7084	153	208
232.563	7085	154	1408
232.57	7086	154	1408
232.578	7087	154	208
232.58	7088	154	1408
232.597	7090	155	1411
232.602	7091	154	1411
232.608	7092	153	208
232.612	7093	157	1408
232.62	7095	152	208
232.622	7096	154	1408
232.629	7097	155	1408
232.635	7098	154	208
232.637	7100	150	1411
232.647	7101	152	1408
232.652	7102	152	208
232.655	7103	153	1408
232.664	7104	157	1411
232.671	7105	158	1411
232.679	7106	159	1408
232.684	7107	158	208
232.686	7108	160	1408
232.691	7109	159	1408
232.699	7110	160	208
232.707	7113	155	208
232.711	7114	159	1408
232.716	7115	158	1408
232.722	7116	157	208
232.726	7118	155	1408
232.732	7119	154	208
232.734	7120	156	1408
232.741	7121	157	1408
232.747	7122	156	208
232.753	7124	156	1411
232.758	7125	154	1408
232.766	7126	156	208
232.768	7127	157	1411
232.774	7128	156	1408
232.776	7129	153	1408
232.784	7130	154	208
232.786	7131	156	1408
232.793	7132	157	1408
232.796	7133	154	208
232.801	7135	151	1411
232.808	7136	153	1408
232.813	7137	152	208
232.816	7138	153	1408
232.821	7139	152	1408
232.831	7140	156	1411
232.833	7141	153	208
232.836	7142	154	1408
232.843	7143	156	1411
232.848	7144	153	1408
232.856	7145	155	208
232.858	7146	157	1408
232.865	7147	158	1408
232.868	7148	154	208
232.87	7149	156	1408
232.875	7150	155	1408
232.883	7151	157	208
232.885	7152	158	1408
232.893	7154	154	208
232.896	7155	155	1408
232.9	7156	154	1408
232.903	7157	151	208
232.918	7160	153	1411
232.926	7161	154	1408
232.933	7162	155	1411
232.934	7163	150	208
232.936	7164	152	1408
232.94	7165	148	1408
232.947	7167	149	1408
232.954	7168	150	1411
232.962	7169	151	1408
232.963	7170	146	208
232.969	7172	146	1408
232.977	7173	147	208
232.979	7174	149	1408
232.984	7175	148	1408
232.989	7176	147	208
232.994	7177	151	1408
233.001	7178	152	1408
233.008	7179	153	1411
233.014	7180	153	208
233.021	7182	153	1408
233.024	7183	150	208
233.027	7184	151	1408
233.037	7186	149	208
233.039	7187	151	1408
233.047	7188	151	1408
233.05	7189	149	208
233.052	7190	150	1408
233.059	7191	151	1408
233.065	7192	151	208
233.067	7193	152	1408
233.077	7194	155	1408
233.08	7195	152	208
233.085	7197	150	1408
233.09	7198	149	208
233.092	7199	150	1408
233.101	7200	154	1411
233.106	7201	153	1408
233.112	7202	152	208
233.119	7204	152	1408
233.126	7205	154	1411
233.136	7206	157	1411
233.139	7207	153	208
233.141	7208	155	1408
233.148	7209	156	1408
233.153	7210	155	211
233.154	7211	154	208
233.156	7212	156	1408
233.166	7213	159	1408
233.171	7214	158	208
233.173	7215	160	1408
233.178	7216	159	1411
233.181	7217	155	1408
233.189	7218	157	208
233.191	7219	158	1408
233.203	7222	158	1408
233.21	7223	159	1408
233.22	7226	157	1408
233.223	7227	155	208
233.228	7228	158	1408
233.231	7230	152	1408
233.238	7231	155	208
233.241	7232	156	1408
233.243	7233	154	1411
233.25	7234	156	1408
233.253	7235	154	208
233.257	7237	152	1408
233.261	7238	152	208
233.268	7240	153	1408
233.27	7241	149	208
233.276	7243	150	1408
233.286	7244	151	1411
233.292	7245	153	208
233.294	7247	150	1408
233.316	7248	148	1411
233.321	7249	145	208
233.324	7250	146	1408
233.332	7251	145	1408
233.339	7252	144	208
233.341	7253	145	1408
233.351	7254	147	1408
233.359	7255	146	208
233.362	7256	147	1408
233.369	7257	146	1408
233.379	7258	147	208
233.381	7259	149	1408
233.391	7260	151	1408
233.398	7261	149	208
233.401	7262	150	1408
233.411	7263	152	1411
233.418	7264	151	211
233.421	7265	151	1408
233.427	7266	149	211
233.431	7267	153	1411
233.439	7268	154	1411
233.444	7269	152	208
233.448	7270	156	1408
233.456	7271	157	1408
233.461	7272	156	208
233.468	7274	155	1411
233.475	7275	156	1411
233.482	7276	157	1408
233.49	7277	159	1411
233.498	7278	160	208
233.501	7280	155	1411
233.503	7281	151	1408
233.511	7282	153	208
233.513	7283	154	1408
233.522	7284	157	1408
233.526	7285	154	208
233.535	7287	157	1408
233.545	7288	160	208
233.547	7289	161	1408
233.549	7291	150	208
233.551	7292	152	1408
233.56	7293	154	1408
233.566	7294	153	208
233.568	7295	155	1408
233.573	7296	153	1408
233.578	7297	152	208
233.583	7299	150	1408
233.588	7300	149	208
233.591	7301	151	1408
233.598	7302	151	1408
233.606	7303	153	208
233.613	7305	153	1408
233.618	7306	151	208
233.62	7307	152	1408
233.626	7308	152	1408
233.631	7309	151	208
233.633	7310	152	1408
233.638	7311	150	1408
233.644	7312	150	208
233.646	7313	151	1408
233.651	7314	149	1408
233.659	7315	150	208
233.661	7316	151	1408
233.664	7317	148	1408
233.673	7318	152	1411
233.679	7319	150	208
233.681	7320	151	1408
233.688	7321	152	1408
233.691	7322	148	208
233.693	7323	151	1408
233.701	7324	151	1408
233.708	7325	152	1411
233.715	7326	153	208
233.717	7327	154	1408
233.722	7328	152	1408
233.73	7329	155	208
233.732	7330	156	1408
233.74	7331	156	1408
233.745	7332	155	1411
233.75	7333	155	208
233.753	7334	156	1408
233.76	7335	156	1411
233.767	7336	157	1408
233.772	7337	157	208
233.777	7338	160	1408
233.781	7339	158	1408
233.786	7340	157	208
233.789	7341	158	1408
233.796	7342	160	1411
233.806	7343	163	1408
233.809	7344	160	208
233.811	7345	161	1408
233.816	7346	160	1408
233.819	7347	156	1411
233.823	7348	153	208
233.825	7349	154	1408
233.832	7350	154	1408
233.837	7351	154	208
233.839	7352	155	1408
233.846	7353	156	1408
233.852	7354	154	208
233.856	7355	158	1408
233.861	7356	156	1408
233.866	7357	156	208
233.869	7358	157	1408
233.879	7360	154	208
233.881	7361	156	1408
233.888	7362	157	1408
233.894	7363	155	208
233.896	7364	156	1408
233.903	7365	158	1408
233.904	7366	152	208
233.911	7368	151	1408
233.919	7369	153	208
233.921	7370	155	1408
233.928	7371	156	1408
233.934	7372	154	208
233.937	7373	156	1408
233.939	7374	152	1408
233.946	7375	154	208
233.949	7376	155	1408
233.954	7377	154	1408
233.959	7378	153	208
233.961	7379	154	1408
233.972	7381	152	208
233.974	7382	153	1408
233.977	7383	150	1408
233.982	7384	149	208
233.984	7385	150	1408
233.99	7386	148	1408
233.995	7387	148	208
233.997	7388	149	1408
234.004	7389	150	1408
234.011	7390	149	208
234.015	7392	147	1408
234.022	7393	148	208
234.025	7394	149	1408
234.034	7395	152	1408
234.04	7396	151	208
234.042	7397	153	1408
234.047	7398	152	1408
234.052	7399	150	208
234.055	7400	152	1408
234.059	7401	152	1408
234.063	7402	150	208
234.068	7404	149	1408
234.073	7405	149	208
234.075	7406	151	1408
234.081	7407	151	1411
234.085	7408	151	1408
234.091	7409	151	208
234.093	7410	153	1408
234.1	7411	155	1408
234.105	7413	152	1408
234.11	7414	152	1408
234.117	7415	154	1411
234.12	7416	152	208
234.127	7418	149	1408
234.135	7419	151	208
234.138	7420	151	1408
234.145	7421	153	1408
234.148	7422	151	208
234.15	7423	151	1408
234.159	7424	153	1408
234.164	7425	150	208
234.167	7426	151	1408
234.176	7427	152	1411
234.186	7428	153	1408
234.194	7429	152	208
234.196	7430	154	1408
234.203	7431	153	1408
234.211	7432	151	208
234.215	7433	155	1408
234.223	7434	155	1411
234.233	7435	156	1408
234.238	7436	153	208
234.243	7437	156	1408
234.248	7438	153	1408
234.256	7439	152	208
234.263	7440	158	1408
234.268	7441	157	1408
234.273	7442	156	1411
234.281	7443	157	208
234.283	7444	159	1408
234.29	7445	159	1408
234.293	7446	157	208
234.303	7448	158	1408
234.308	7449	157	208
234.311	7451	154	211
234.313	7452	155	1408
234.314	7453	149	208
234.316	7454	151	1408
234.322	7455	150	1408
234.331	7456	153	1411
234.332	7457	147	208
234.337	7458	151	1408
234.342	7459	150	1408
234.347	7460	148	208
234.349	7461	151	1408
234.359	7462	153	1408
234.371	7465	152	1408
234.379	7467	153	1408
234.384	7468	151	1408
234.389	7469	150	208
234.394	7471	148	1408
234.399	7472	147	208
234.404	7473	151	1408
234.411	7474	152	1408
234.419	7475	153	208
234.421	7476	155	1408
234.427	7477	154	1408
234.432	7478	153	208
234.439	7480	152	1408
234.445	7481	152	208
234.454	7483	155	1408
234.461	7485	155	1408
234.466	7486	153	1408
234.47	7487	150	208
234.472	7488	151	1408
234.477	7489	150	1408
234.482	7490	149	208
234.484	7491	151	1408
234.494	7492	153	1408
234.497	7493	150	208
234.499	7494	152	1408
234.506	7495	153	1411
234.511	7496	152	1408
234.521	7497	154	1411
234.526	7498	153	208
234.528	7499	155	1408
234.535	7500	156	1408
234.538	7501	151	208
234.54	7502	154	1408
234.548	7503	154	1408
234.555	7504	156	208
234.557	7505	157	1408
234.562	7506	156	1408
234.568	7507	154	208
234.57	7508	157	1408
234.58	7509	159	1408
234.585	7510	159	211
234.587	7511	160	1411
234.592	7512	159	211
234.593	7513	158	208
234.603	7516	155	1411
234.611	7517	156	208
234.613	7518	158	1408
234.618	7519	157	1408
234.621	7520	154	208
234.623	7521	155	1408
234.63	7522	155	1408
234.641	7525	152	1408
234.645	7526	151	1411
234.653	7527	152	208
234.656	7528	153	1408
234.668	7531	152	1408
234.673	7532	151	208
234.675	7533	153	1408
234.683	7534	153	1408
234.683	7535	148	208
234.686	7536	149	1408
234.693	7537	150	1408
234.701	7538	152	208
234.703	7539	154	1408
234.711	7540	154	1408
234.714	7541	151	208
234.718	7542	155	1408
234.723	7543	154	1408
234.729	7544	153	208
234.731	7545	154	1408
234.736	7546	152	1408
234.741	7547	152	208
234.744	7548	153	1408
234.746	7549	150	1408
234.752	7550	149	208
234.754	7551	150	1408
234.762	7552	151	1408
234.767	7553	150	208
234.774	7555	150	1408
234.777	7556	148	208
234.782	7557	151	1408
234.786	7558	149	1408
234.791	7559	148	208
234.794	7560	150	1408
234.8	7561	149	1408
234.806	7562	150	1411
234.811	7563	148	1411
234.819	7564	150	208
234.821	7565	151	1408
234.831	7566	154	1408
234.833	7567	150	208
234.836	7568	152	1408
234.845	7569	155	1408
234.851	7570	154	211
234.853	7571	155	1411
234.856	7572	152	208
234.861	7573	156	1408
234.865	7574	155	1408
234.874	7575	156	208
234.876	7576	157	1411
234.881	7577	156	211
234.889	7579	157	1408
234.894	7580	156	208
234.899	7582	155	1408
234.904	7583	155	208
234.906	7584	157	1408
234.913	7585	159	1408
234.914	7586	154	208
234.923	7588	158	1408
234.923	7589	153	208
234.926	7590	154	1408
234.931	7591	155	1408
234.938	7594	152	1408
234.944	7595	152	208
234.946	7596	153	1408
234.951	7597	152	1408
234.956	7598	153	208
234.958	7599	155	1408
234.966	7600	154	1408
234.971	7601	153	208
234.976	7602	153	1411
234.981	7603	153	1408
234.988	7604	155	1408
234.989	7605	150	208
234.991	7606	152	1408
234.998	7607	151	1408
235.006	7608	150	208
235.009	7609	151	1408
235.018	7610	152	1408
235.026	7611	151	208
235.028	7612	152	1408
235.038	7613	154	1408
235.046	7614	153	208
235.048	7615	154	1408
235.055	7616	154	1408
235.061	7617	150	208
235.065	7618	154	1408
235.072	7619	153	1408
235.081	7620	152	208
235.083	7621	154	1408
235.092	7622	155	1408
235.1	7623	154	1411
235.11	7624	157	1411
235.115	7625	156	208
235.117	7626	157	1408
235.125	7627	159	1408
235.128	7628	155	208
235.13	7629	156	1411
235.133	7630	153	1408
235.142	7631	156	1408
235.147	7632	155	211
235.151	7633	159	1411
235.157	7634	158	208
235.16	7636	153	1408
235.167	7637	155	208
235.169	7638	156	1408
235.179	7640	153	208
235.184	7641	157	1408
235.189	7642	156	1408
235.197	7643	157	208
235.202	7645	155	1408
235.207	7646	154	208
235.217	7648	156	1408
235.227	7651	154	1408
235.235	7652	154	208
235.237	7653	156	1408
235.242	7654	155	1408
235.249	7656	155	1408
235.254	7657	153	1408
235.262	7658	154	208
235.264	7659	155	1408
235.271	7660	157	1408
235.277	7661	156	208
235.282	7663	154	1408
235.287	7664	152	208
235.289	7665	153	1408
235.299	7667	152	208
235.301	7668	153	1408
235.308	7669	154	1408
235.314	7670	153	208
235.316	7671	154	1408
235.324	7672	155	1408
235.326	7673	152	208
235.329	7674	154	1408
235.336	7675	155	1408
235.342	7676	153	208
235.344	7677	156	1408
235.349	7678	153	1408
235.356	7679	154	208
235.358	7680	156	1408
235.363	7681	154	1408
235.371	7682	155	1411
235.376	7683	154	208
235.378	7684	156	1408
235.385	7685	156	1411
235.392	7686	157	1408
235.398	7687	157	208
235.4	7688	158	1408
235.407	7689	159	1408
235.414	7690	159	1411
235.42	7691	158	208
235.427	7692	160	1411
235.434	7693	157	211
235.437	7694	159	1411
235.452	7696	161	1408
235.454	7697	158	208
235.459	7698	161	1408
235.462	7699	158	211
235.465	7701	154	208
235.473	7703	155	1408
235.476	7704	151	208
235.485	7706	154	1411
235.49	7707	152	1408
235.496	7708	151	208
235.498	7709	152	1408
235.506	7710	154	1411
235.51	7711	152	1408
235.513	7712	149	208
235.516	7713	150	1408
235.523	7714	151	1408
235.526	7715	148	208
235.528	7716	150	1408
235.533	7717	148	1408
235.538	7718	147	208
235.543	7719	150	1408
235.546	7720	147	1408
235.549	7721	145	208
235.551	7722	146	1408
235.558	7723	146	1408
235.567	7724	148	208
235.569	7725	149	1408
235.574	7726	148	1408
235.579	7727	147	208
235.581	7728	148	1408
235.589	7729	150	1408
235.594	7730	148	208
235.598	7731	152	1408
235.603	7732	151	1408
235.609	7733	151	208
235.614	7735	148	1408
235.62	7736	147	208
235.625	7738	145	1408
235.632	7739	147	208
235.635	7740	148	1408
235.645	7742	146	208
235.65	7743	148	1411
235.654	7744	147	1408
235.662	7745	149	1408
235.672	7746	152	1411
235.679	7747	152	1411
235.684	7748	152	208
235.686	7749	153	1408
235.694	7750	154	1411
235.696	7751	151	1408
235.704	7752	152	208
235.706	7753	153	1408
235.716	7754	156	1408
235.719	7755	154	208
235.724	7757	153	1408
235.731	7758	156	208
235.734	7759	157	1408
235.737	7760	155	1408
235.742	7761	155	208
235.747	7764	151	208
235.75	7765	152	1408
235.759	7766	156	1408
235.762	7767	154	208
235.764	7768	156	1408
235.769	7769	155	1408
235.772	7770	153	208
235.774	7771	155	1408
235.781	7772	157	1408
235.784	7773	154	208
235.791	7775	156	1408
235.803	7778	155	1408
235.806	7779	153	208
235.808	7780	155	1408
235.816	7781	153	1411
235.825	7782	154	1408
235.835	7783	155	1411
235.843	7784	154	208
235.848	7785	158	1408
235.855	7786	157	1411
235.864	7787	158	1408
235.87	7788	156	208
235.872	7789	157	1408
235.882	7790	158	1408
235.888	7791	155	208
235.89	7792	157	1408
235.899	7793	157	1408
235.905	7794	155	208
235.91	7795	158	1408
235.919	7796	159	1408
235.925	7797	156	208
235.927	7798	157	1408
235.937	7799	161	1411
235.939	7800	157	1408
235.942	7801	153	208
235.944	7802	155	1408
235.95	7803	154	1408
235.957	7804	155	1411
235.964	7805	156	1411
235.969	7806	155	208
235.971	7807	156	1408
235.981	7808	160	1408
235.982	7809	154	208
235.99	7811	154	1408
235.995	7812	153	1411
235.999	7813	152	208
236.004	7814	156	1408
236.005	7815	151	211
236.008	7816	152	1411
236.017	7817	155	1408
236.018	7818	150	208
236.028	7820	152	1408
236.033	7822	150	1408
236.041	7823	151	1408
236.048	7824	152	208
236.05	7825	154	1408
236.058	7827	150	208
236.061	7828	151	1408
236.067	7829	151	1408
236.071	7830	148	208
236.08	7832	151	1408
236.084	7833	148	208
236.088	7834	152	1408
236.095	7835	152	1408
236.1	7836	151	208
236.103	7837	152	1408
236.105	7838	149	1408
236.113	7839	151	208
236.115	7840	152	1408
236.12	7841	150	1408
236.128	7842	152	208
236.133	7844	150	1408
236.138	7845	149	208
236.141	7846	150	1408
236.146	7847	148	1408
236.151	7848	147	208
236.153	7849	148	1408
236.16	7850	150	1408
236.163	7851	146	208
236.168	7852	150	1408
236.174	7853	150	1408
236.18	7854	150	208
236.183	7855	151	1408
236.188	7856	150	1408
236.197	7857	153	1411
236.2	7858	149	208
236.202	7859	151	1408
236.209	7860	151	1408
236.214	7861	150	208
236.216	7862	152	1408
236.224	7863	153	1408
236.229	7864	151	208
236.232	7865	153	1411
236.239	7866	154	211
236.241	7867	156	1408
236.248	7868	157	1408
236.251	7869	154	208
236.254	7870	155	1408
236.264	7871	158	1408
236.273	7872	162	1411
236.276	7873	159	208
236.278	7874	160	1408
236.284	7875	159	1408
236.291	7876	159	1411
236.294	7877	156	208
236.297	7878	158	1408
236.301	7879	157	1408
236.314	7883	150	208
236.316	7884	151	1408
236.322	7885	150	1408
236.33	7886	152	208
236.337	7888	151	1411
236.344	7889	152	1408
236.347	7890	150	208
236.349	7891	151	1408
236.356	7892	152	1408
236.362	7893	150	208
236.364	7894	152	1408
236.374	7895	155	1408
236.374	7896	150	208
236.379	7897	153	1408
236.386	7898	154	1408
236.389	7899	151	208
236.392	7900	152	1408
236.396	7901	151	1408
236.402	7902	151	208
236.404	7903	152	1408
236.414	7904	154	1408
236.417	7905	151	208
236.419	7906	153	1408
236.427	7907	153	1408
236.432	7908	151	208
236.434	7909	152	1408
236.444	7910	156	1408
236.447	7911	152	208
236.454	7913	153	1408
236.46	7914	151	208
236.462	7915	152	1408
236.47	7916	153	1408
236.477	7919	146	1408
236.485	7920	147	208
236.487	7921	149	1408
236.496	7922	152	1408
236.504	7923	153	208
236.507	7924	154	1408
236.514	7925	154	1408
236.519	7926	154	211
236.521	7927	155	1411
236.528	7928	155	1411
236.536	7929	156	208
236.541	7931	154	1411
236.546	7932	152	1408
236.554	7933	154	208
236.556	7934	155	1408
236.561	7935	155	1408
236.564	7936	154	208
236.567	7937	155	1408
236.572	7938	154	1408
236.577	7939	155	208
236.584	7941	156	1408
236.587	7942	154	208
236.59	7943	155	1408
236.595	7945	150	208
236.6	7947	149	1408
236.607	7948	151	208
236.61	7949	152	1408
236.615	7950	151	1408
236.618	7951	149	208
236.62	7952	150	1408
236.629	7954	145	208
236.636	7956	142	1408
236.646	7957	142	1411
236.656	7958	144	208
236.661	7959	147	1408
236.668	7960	145	1408
236.676	7961	145	211
236.681	7962	147	1411
236.688	7963	146	208
236.695	7964	152	1408
236.703	7965	150	1408
236.708	7966	147	208
236.712	7967	150	1408
236.72	7968	149	1408
236.728	7969	148	208
236.732	7970	151	1408
236.737	7971	147	1408
236.747	7972	149	1411
236.755	7973	147	208
236.757	7974	148	1408
236.767	7975	151	1408
236.772	7976	149	208
236.774	7977	151	1408
236.784	7978	154	1408
236.788	7979	152	1411
236.797	7980	154	208
236.799	7981	155	1408
236.806	7982	155	1411
236.813	7983	155	1411
236.82	7984	156	1408
236.828	7985	157	208
236.83	7986	158	1408
236.84	7987	161	1408
236.845	7988	160	1411
236.854	7989	163	1411
236.86	7990	162	208
236.869	7992	164	1408
236.874	7993	162	208
236.879	7995	160	1408
236.889	7997	162	1408
236.897	7998	162	1408
236.899	7999	159	208
236.904	8000	163	1408
236.906	8001	158	1408
236.914	8002	160	208
236.929	8006	158	1408
236.934	8007	157	1408
236.939	8008	156	208
236.949	8010	158	1408
236.956	8012	158	1408
236.963	8013	158	1408
236.964	8014	152	208
236.968	8015	156	1408
236.976	8016	156	1408
236.981	8017	154	208
236.983	8018	156	1408
236.991	8019	157	1408
236.996	8020	156	208
237.003	8022	155	1408
237.011	8023	157	208
237.018	8025	156	1408
237.021	8026	153	208
237.023	8027	154	1408
237.031	8028	154	1408
237.036	8029	153	208
237.039	8030	155	1408
237.044	8031	153	1408
237.049	8032	151	208
237.053	8033	155	1408
237.056	8034	151	1408
237.064	8035	152	208
237.073	8037	154	1411
237.079	8038	153	1408
237.091	8040	151	211
237.091	8041	151	208
237.094	8042	153	1408
237.106	8044	152	208
237.109	8046	147	1408
237.117	8047	148	208
237.127	8048	147	1411
237.136	8049	151	1411
237.142	8050	150	211
237.149	8051	151	1411
237.157	8052	150	211
237.159	8053	152	1408
237.165	8054	151	1408
237.17	8055	149	208
237.177	8057	150	1408
237.18	8058	146	208
237.183	8059	147	1408
237.19	8060	147	1408
237.195	8061	147	208
237.203	8062	149	1411
237.212	8063	151	1408
237.218	8064	149	1411
237.224	8065	150	1408
237.232	8066	151	208
237.234	8067	152	1408
237.24	8068	151	1408
237.243	8069	147	208
237.245	8070	149	1408
237.254	8071	151	1408
237.257	8072	148	208
237.26	8073	150	1408
237.269	8074	152	1408
237.279	8075	155	1411
237.282	8076	151	208
237.287	8077	155	1408
237.292	8078	153	1408
237.301	8079	157	1411
237.307	8080	155	208
237.309	8081	156	1408
237.323	8083	158	1411
237.332	8085	152	208
237.335	8086	154	1408
237.345	8088	151	208
237.35	8089	155	1408
237.355	8090	154	1408
237.362	8091	155	208
237.364	8092	156	1408
237.372	8093	156	1408
237.372	8094	151	208
237.377	8096	150	1408
237.385	8097	151	1411
237.388	8098	149	208
237.392	8099	153	1408
237.397	8100	152	1408
237.407	8103	150	1408
237.412	8104	151	208
237.414	8105	152	1408
237.42	8106	152	1408
237.427	8108	153	1408
237.432	8109	153	1408
237.435	8110	150	208
237.437	8111	152	1408
237.447	8112	156	1408
237.45	8113	154	208
237.459	8115	155	1408
237.462	8116	152	208
237.465	8117	154	1408
237.472	8118	153	1408
237.48	8119	150	208
237.483	8120	152	1408
237.495	8121	155	1408
237.5	8122	151	208
237.51	8124	151	1408
237.518	8125	150	208
237.52	8126	151	1408
237.529	8127	152	1411
237.537	8128	151	1411
237.544	8129	150	1408
237.556	8130	153	1411
237.564	8131	151	208
237.566	8132	153	1408
237.574	8133	151	1408
237.581	8134	149	1411
237.589	8135	148	208
237.591	8136	149	1408
237.598	8137	150	1408
237.606	8138	151	208
237.608	8139	153	1408
237.613	8140	151	211
237.615	8141	152	1411
237.625	8142	155	1408
237.628	8143	152	211
237.629	8144	151	208
237.631	8145	152	1408
237.638	8146	153	1408
237.643	8147	152	208
237.648	8148	156	1408
237.653	8149	154	1408
237.658	8150	152	208
237.663	8151	156	1408
237.67	8152	156	1411
237.681	8154	153	208
237.69	8156	155	1408
237.696	8157	154	208
237.698	8158	155	1408
237.707	8159	158	1408
237.714	8161	158	1408
237.72	8162	156	1411
237.729	8163	160	1408
237.739	8165	161	1408
237.744	8166	160	1408
237.745	8167	154	208
237.747	8168	156	1408
237.754	8169	155	1408
237.762	8170	157	208
237.765	8171	158	1408
237.772	8172	159	1408
237.779	8174	158	1408
237.782	8175	155	1408
237.789	8176	156	208
237.794	8177	159	1408
237.804	8179	157	208
237.807	8180	158	1408
237.814	8181	158	1408
237.817	8182	154	208
237.819	8183	156	1408
237.826	8184	157	1408
237.834	8186	156	1408
237.838	8187	155	1408
237.841	8188	151	208
237.844	8189	152	1408
237.851	8190	153	1408
237.856	8191	152	208
237.859	8192	153	1408
237.869	8193	156	1408
237.871	8194	152	208
237.874	8195	153	1408
237.881	8196	154	1408
237.889	8197	155	1411
237.898	8198	157	1411
237.898	8199	152	208
237.901	8200	153	1408
237.911	8201	156	1408
237.916	8202	156	208
237.919	8204	151	211
237.924	8205	154	1408
237.932	8206	155	208
237.937	8208	153	1408
237.94	8209	150	211
237.94	8210	149	208
237.95	8212	150	1408
237.952	8213	147	208
237.955	8214	149	1408
237.965	8215	151	1408
237.972	8216	152	208
237.979	8218	152	1408
237.985	8219	150	211
237.985	8220	150	208
237.988	8221	151	1408
237.996	8223	146	208
238	8224	150	1408
238.005	8225	147	1411
238.012	8226	148	1408
238.015	8227	145	208
238.018	8228	146	1408
238.027	8229	149	1408
238.03	8230	146	211
238.031	8231	145	208
238.036	8232	149	1408
238.041	8233	147	1408
238.048	8234	148	208
238.05	8235	150	1408
238.058	8236	150	1408
238.063	8237	148	208
238.068	8238	152	1408
238.072	8239	151	1408
238.08	8240	152	208
238.082	8241	153	1408
238.087	8242	151	1408
238.095	8243	153	208
238.097	8244	154	1408
238.105	8245	154	1408
238.108	8246	151	208
238.11	8247	153	1408
238.113	8248	148	1408
238.122	8249	151	1411
238.128	8250	151	208
238.13	8251	152	1408
238.135	8252	150	1408
238.14	8253	148	1411
238.148	8254	149	208
238.15	8255	150	1408
238.157	8256	151	1411
238.165	8257	151	1408
238.172	8258	153	208
238.175	8259	154	1408
238.185	8261	151	1411
238.19	8262	150	208
238.195	8263	154	1408
238.2	8264	151	1411
238.207	8265	152	1408
238.215	8266	154	208
238.218	8267	155	1408
238.227	8268	157	1408
238.228	8269	153	208
238.23	8270	155	1408
238.237	8271	157	1408
238.242	8272	157	208
238.244	8273	158	1408
238.249	8274	158	1408
238.251	8275	153	208
238.253	8276	154	1408
238.255	8277	152	1408
238.26	8278	152	208
238.263	8279	153	1408
238.266	8280	151	1408
238.266	8281	146	208
238.269	8282	148	1408
238.278	8283	152	1408
238.283	8284	151	208
238.286	8286	148	1408
238.296	8287	149	208
238.298	8288	151	1408
238.306	8289	151	1408
238.308	8290	148	208
238.311	8291	150	1408
238.32	8292	153	1408
238.323	8293	150	208
238.325	8294	151	1408
238.335	8295	152	1408
238.344	8296	153	208
238.347	8297	154	1408
238.354	8298	153	1408
238.362	8299	152	208
238.367	8300	155	1408
238.377	8301	156	1408
238.384	8302	155	208
238.387	8303	156	1408
238.394	8304	155	1411
238.406	8305	158	1408
238.414	8306	157	208
238.416	8307	158	1408
238.426	8308	158	1408
238.431	8309	156	208
238.434	8310	156	1408
238.444	8312	153	208
238.447	8313	155	1408
238.454	8314	155	1408
238.459	8315	154	208
238.461	8316	156	1408
238.468	8317	156	1408
238.473	8318	154	208
238.475	8319	156	1408
238.482	8320	156	1408
238.487	8321	155	208
238.49	8322	156	1408
238.497	8323	158	1411
238.505	8324	158	1408
238.512	8325	159	208
238.514	8326	161	1408
238.523	8328	157	208
238.525	8329	158	1408
238.53	8330	156	1408
238.536	8331	156	208
238.543	8333	156	1408
238.548	8334	156	208
238.551	8335	157	1408
238.561	8337	155	208
238.568	8339	155	1408
238.571	8340	152	208
238.574	8341	153	1408
238.579	8342	151	1408
238.589	8345	148	1408
238.594	8346	147	208
238.596	8347	149	1408
238.602	8348	147	1408
238.605	8349	144	208
238.612	8351	144	1408
238.62	8352	146	208
238.627	8354	146	1408
238.63	8355	143	208
238.633	8356	144	1408
238.642	8357	148	1411
238.647	8358	145	1408
238.653	8359	145	208
238.655	8360	147	1408
238.66	8361	145	1408
238.667	8362	147	208
238.67	8363	148	1408
238.678	8364	149	1408
238.678	8365	143	208
238.68	8366	145	1408
238.689	8367	148	1408
238.693	8368	145	208
238.696	8369	147	1408
238.703	8370	147	1408
238.708	8371	146	208
238.712	8372	150	1408
238.717	8373	149	1408
238.725	8374	150	1411
238.73	8375	148	208
238.732	8376	150	1408
238.739	8377	151	1408
238.747	8378	152	1411
238.75	8379	148	208
238.752	8380	151	1408
238.762	8381	153	1408
238.769	8382	154	1411
238.773	8383	153	1411
238.78	8384	152	208
238.784	8385	156	1408
238.791	8386	157	1408
238.797	8387	156	211
238.799	8389	152	208
238.804	8390	155	1408
238.811	8391	155	1408
238.816	8392	155	208
238.818	8393	156	1411
238.828	8394	160	1408
238.835	8395	159	1408
238.843	8396	161	1411
238.848	8397	160	208
238.855	8399	160	1408
238.858	8400	157	208
238.861	8401	158	1408
238.87	8402	161	1408
238.87	8403	156	208
238.873	8404	157	1408
238.878	8405	156	1408
238.885	8406	156	208
238.887	8407	158	1408
238.892	8408	157	1408
238.9	8409	158	208
238.902	8410	160	1408
238.908	8412	153	208
238.917	8414	155	1408
238.923	8415	155	208
238.926	8416	156	1408
238.933	8417	157	1408
238.934	8418	151	208
238.936	8419	152	1408
238.94	8420	151	1408
238.948	8421	153	208
238.953	8423	151	1408
238.961	8424	151	208
238.963	8425	153	1408
238.969	8427	146	208
238.971	8428	148	1408
238.981	8429	150	1408
238.988	8431	151	1408
238.993	8432	150	1408
239	8433	151	1411
239.01	8435	153	1408
239.015	8436	152	1408
239.023	8437	153	208
239.025	8438	155	1408
239.033	8440	150	208
239.038	8441	153	1408
239.045	8442	155	1408
239.051	8443	154	208
239.061	8445	157	1408
239.063	8446	152	1411
239.071	8447	154	208
239.073	8448	155	1408
239.08	8449	156	1408
239.083	8450	154	208
239.085	8451	156	1408
239.089	8452	154	1408
239.094	8453	154	208
239.098	8455	153	1408
239.103	8456	153	208
239.105	8457	154	1408
239.114	8459	152	1411
239.116	8460	150	208
239.118	8461	152	1408
239.123	8462	151	1411
239.131	8463	153	1408
239.136	8464	153	208
239.221	8466	52	1411
239.227	8467	52	1411
239.231	8468	51	211
239.232	8469	51	211
239.235	8470	53	1411
239.323	8471	53	1411
239.329	8472	52	1411
239.335	8473	52	1411
239.341	8474	52	1411
239.348	8475	52	1408
239.424	8476	50	208
239.426	8477	53	1408
239.433	8478	53	1408
239.437	8479	51	208
239.44	8480	53	1408
239.446	8481	52	1408
239.451	8482	51	208
239.453	8483	53	1408
239.46	8484	52	1408
239.464	8485	51	208
239.467	8486	52	1408
239.475	8487	55	1408
239.48	8488	52	208
239.482	8489	55	1408
239.489	8490	55	1408
239.497	8491	56	208
239.499	8492	58	1408
239.509	8493	62	1408
239.514	8494	60	208
239.519	8495	64	1408
239.524	8496	63	1408
239.529	8497	62	208
239.532	8498	64	1408
239.541	8499	67	1408
239.547	8500	65	208
239.549	8501	66	1408
239.559	8502	70	1408
239.564	8503	69	208
239.566	8504	71	1408
239.574	8505	72	1408
239.582	8506	73	208
239.584	8507	74	1408
239.594	8508	78	1408
239.594	8509	73	208
239.599	8510	77	1408
239.606	8511	78	1408
239.614	8512	79	208
239.617	8513	80	1408
239.626	8514	84	1408
239.632	8515	83	208
239.634	8516	85	1408
239.639	8517	83	1408
239.646	8518	84	208
239.649	8519	85	1408
239.654	8520	84	1408
239.661	8521	86	208
239.664	8522	87	1408
239.669	8523	86	1408
239.676	8524	87	208
239.679	8525	88	1408
239.684	8526	88	1408
239.692	8527	89	208
239.694	8528	90	1408
239.703	8529	93	1408
239.704	8530	87	208
239.709	8531	91	1408
239.716	8532	93	1408
239.721	8533	92	208
239.724	8534	93	1408
239.734	8535	96	1408
239.736	8536	93	208
239.741	8537	96	1408
239.746	8538	95	1408
239.754	8539	97	208
239.756	8540	99	1408
239.763	8541	99	1408
239.766	8542	96	208
239.771	8543	100	1408
239.778	8544	101	1408
239.783	8545	100	208
239.786	8546	101	1408
239.794	8547	102	1408
239.801	8548	104	208
239.803	8549	105	1408
239.813	8550	109	1408
239.814	8551	104	208
239.816	8552	105	1408
239.826	8553	107	1408
239.834	8554	109	208
239.836	8555	110	1408
239.846	8556	114	1408
239.846	8557	108	208
239.849	8558	110	1408
239.858	8559	113	1408
239.866	8560	114	208
239.868	8561	116	1408
239.876	8562	117	1408
239.881	8563	116	208
239.885	8564	120	1408
239.893	8565	121	1408
239.901	8566	122	208
239.903	8567	124	1408
239.91	8568	125	1408
239.916	8569	125	208
239.918	8570	127	1408
239.926	8571	129	1408
239.933	8572	131	208
239.935	8573	133	1408
239.938	8574	130	1408
239.946	8575	134	208
239.948	8576	135	1408
239.955	8577	137	1408
239.961	8578	137	208
239.963	8579	139	1408
239.968	8580	140	1408
239.973	8581	139	208
239.976	8582	141	1408
239.985	8583	146	1408
239.988	8584	144	208
239.991	8585	145	1408
239.998	8586	147	1408
240.001	8587	145	208
240.008	8588	151	1408
240.01	8589	149	1408
240.018	8590	152	208
240.02	8591	153	1408
240.023	8592	150	1408
240.028	8593	151	208
240.033	8594	154	1408
240.038	8595	154	1408
240.038	8596	150	208
240.043	8597	154	1408
240.05	8598	152	1408
240.058	8599	152	208
240.061	8600	153	1408
240.07	8601	154	1408
240.076	8602	152	208
240.085	8604	152	1408
240.093	8605	151	208
240.096	8606	152	1408
240.105	8607	154	1408
240.111	8608	150	208
240.113	8609	152	1408
240.121	8610	151	1408
240.129	8611	150	208
240.131	8612	151	1408
240.138	8613	150	1408
240.145	8614	149	208
240.148	8615	150	1408
240.153	8616	150	1408
240.161	8617	151	208
240.163	8618	153	1408
240.17	8619	154	1408
240.173	8620	150	208
240.175	8621	151	1408
240.185	8622	155	1408
240.19	8623	154	208
240.198	8625	154	1408
240.201	8626	151	208
240.206	8627	154	1408
240.208	8628	151	1408
240.216	8629	153	208
240.218	8630	154	1408
240.229	8632	151	208
240.231	8633	153	1408
240.236	8634	152	1408
240.241	8635	151	208
240.244	8636	152	1408
240.249	8637	150	1408
240.256	8638	152	208
240.259	8639	153	1408
240.266	8640	153	1408
240.271	8641	152	208
240.274	8642	153	1408
240.279	8643	152	1408
240.284	8644	150	208
240.289	8646	148	1411
240.299	8647	150	1408
240.304	8648	149	208
240.309	8649	152	1408
240.314	8650	150	1408
240.319	8651	149	208
240.324	8652	153	1408
240.329	8653	151	1408
240.336	8654	152	208
240.338	8655	153	1408
240.344	8656	152	1408
240.352	8657	152	208
240.354	8658	153	1408
240.361	8659	154	1408
240.364	8660	149	208
240.368	8661	153	1408
240.376	8662	154	1408
240.381	8663	153	208
240.383	8664	154	1408
240.391	8665	155	1408
240.397	8666	153	208
240.401	8667	153	1411
240.406	8668	152	1408
240.416	8669	154	1408
240.421	8670	152	208
240.426	8671	156	1408
240.431	8672	154	1408
240.44	8673	157	1411
240.442	8674	151	208
240.446	8675	155	1408
240.456	8677	152	208
240.461	8678	155	1408
240.473	8680	154	208
240.475	8681	155	1408
240.483	8682	156	1408
240.491	8683	156	208
240.493	8684	158	1408
240.502	8685	160	1411
240.507	8686	158	1408
240.513	8687	157	208
240.517	8688	161	1408
240.522	8689	159	1408
240.53	8691	158	1408
240.534	8692	156	1408
240.542	8693	156	208
240.544	8694	158	1408
240.554	8695	161	1408
240.56	8696	159	208
240.562	8697	160	1408
240.569	8698	162	1408
240.569	8699	155	208
240.574	8700	159	1408
240.577	8701	155	1408
240.585	8702	155	208
240.587	8703	157	1408
240.594	8704	157	1408
240.6	8705	155	208
240.602	8706	157	1408
240.607	8707	155	1408
240.612	8708	154	208
240.622	8710	156	1408
240.625	8711	152	208
240.627	8712	153	1408
240.632	8713	151	1408
240.638	8714	149	208
240.64	8715	151	1408
240.647	8716	151	1408
240.655	8717	151	208
240.657	8718	152	1408
240.662	8719	151	1411
240.671	8720	154	1408
240.679	8721	155	1411
240.682	8722	151	208
240.685	8723	152	1408
240.692	8724	152	1408
240.698	8725	151	208
240.7	8726	153	1408
240.705	8727	150	1408
240.713	8728	152	208
240.723	8730	154	1408
240.728	8731	152	208
240.73	8732	154	1408
240.731	8733	148	211
240.733	8734	149	1408
240.741	8735	150	208
240.743	8736	151	1408
240.749	8737	149	1408
240.754	8738	148	208
240.756	8739	149	1408
240.761	8740	148	1408
240.764	8741	145	208
240.771	8743	146	1408
240.775	8744	143	208
240.777	8745	146	1408
240.784	8746	146	1408
240.789	8747	146	208
240.791	8748	148	1408
240.799	8749	149	1408
240.801	8750	147	208
240.804	8751	148	1408
240.809	8752	148	1408
240.818	8753	146	1411
240.826	8754	148	208
240.828	8755	150	1408
240.83	8756	147	1408
240.838	8757	149	208
240.841	8758	150	1408
240.845	8759	150	1408
240.851	8760	150	208
240.853	8761	152	1408
240.858	8762	151	1408
240.866	8763	153	208
240.868	8764	154	1408
240.878	8765	154	1408
240.886	8766	153	208
240.888	8767	154	1408
240.898	8768	155	1408
240.903	8769	150	208
240.905	8770	152	1408
240.915	8771	152	1408
240.923	8772	151	208
240.927	8773	154	1411
240.937	8774	155	1408
240.947	8775	155	1408
240.952	8776	152	208
240.957	8777	155	1408
240.964	8778	153	1408
240.974	8779	153	208
240.976	8780	154	1411
240.983	8781	156	1408
240.993	8782	159	1408
240.996	8783	154	208
240.998	8784	156	1408
241.008	8785	158	1408
241.013	8786	157	208
241.018	8787	161	1408
241.023	8788	159	1408
241.031	8789	159	208
241.033	8790	161	1408
241.038	8791	159	1408
241.044	8792	158	208
241.053	8794	160	1408
241.065	8797	158	1408
241.071	8798	156	208
241.073	8799	157	1408
241.081	8801	153	208
241.086	8802	156	1408
241.091	8803	155	1408
241.098	8805	154	1408
241.104	8806	153	1408
241.107	8807	149	208
241.109	8808	151	1408
241.114	8809	148	1408
241.122	8810	150	208
241.124	8811	151	1408
241.131	8812	152	1408
241.141	8815	148	1408
241.147	8816	147	208
241.149	8817	148	1408
241.159	8818	150	1408
241.164	8819	150	208
241.169	8821	147	1408
241.175	8822	145	208
241.177	8823	147	1408
241.184	8824	148	1408
241.192	8825	148	208
241.194	8826	150	1408
241.201	8827	150	1408
241.202	8828	145	208
241.212	8829	153	1408
241.214	8830	149	1408
241.222	8831	149	208
241.224	8832	151	1408
241.231	8833	151	1408
241.237	8834	151	208
241.242	8835	154	1408
241.247	8836	152	1408
241.252	8837	150	208
241.256	8838	154	1408
241.261	8839	152	1411
241.267	8840	152	211
241.277	8842	153	1408
241.282	8843	153	208
241.284	8844	153	1411
241.289	8845	152	1408
241.299	8846	154	1408
241.302	8847	151	211
241.305	8848	152	208
241.309	8849	156	1408
241.314	8850	154	1408
241.321	8851	155	208
241.324	8852	156	1408
241.331	8853	156	1408
241.336	8854	156	208
241.345	8856	157	1408
241.348	8857	153	211
241.353	8858	157	1411
241.356	8859	154	208
241.361	8860	157	1408
241.366	8861	155	1408
241.373	8862	156	208
241.376	8863	156	1411
241.383	8864	158	1408
241.388	8865	156	1408
241.393	8866	154	208
241.396	8867	155	1408
241.405	8868	158	1408
241.409	8869	155	208
241.413	8870	159	1408
241.418	8871	156	1408
241.423	8872	155	208
241.425	8873	157	1408
241.432	8874	157	1408
241.438	8875	156	208
241.446	8877	156	1408
241.446	8878	149	208
241.448	8879	151	1408
241.458	8880	153	1408
241.461	8881	150	208
241.463	8882	152	1408
241.473	8883	154	1408
241.476	8884	150	208
241.481	8885	154	1408
241.485	8886	153	1411
241.493	8887	153	1408
241.5	8888	154	208
241.503	8889	155	1408
241.508	8890	154	1408
241.513	8891	152	208
241.515	8892	153	1408
241.522	8893	153	1408
241.528	8894	153	208
241.53	8895	154	1408
241.54	8896	157	1408
241.545	8897	155	208
241.552	8899	156	1411
241.559	8900	156	1408
241.568	8902	156	1408
241.574	8903	157	1408
241.584	8905	159	1408
241.594	8907	155	208
241.602	8909	156	1408
241.61	8910	157	208
241.613	8912	154	1408
241.613	8913	150	208
241.616	8914	151	1408
241.62	8915	151	1408
241.623	8916	149	208
241.625	8917	150	1408
241.635	8918	154	1408
241.638	8919	152	208
241.646	8921	150	1411
241.648	8922	148	1408
241.655	8923	150	208
241.658	8924	151	1408
241.663	8925	152	1408
241.67	8926	153	208
241.677	8928	154	1408
241.687	8931	151	1408
241.692	8932	150	208
241.695	8933	152	1408
241.705	8934	152	1408
241.71	8935	149	208
241.712	8936	150	1408
241.722	8937	151	1408
241.729	8938	149	208
241.732	8939	150	1408
241.742	8940	152	1408
241.749	8941	150	208
241.752	8942	151	1408
241.759	8943	150	1411
241.767	8944	149	211
241.77	8945	150	1408
241.78	8946	151	208
241.782	8947	153	1408
241.788	8948	149	211
241.792	8949	152	1408
241.804	8950	155	1411
241.81	8951	152	1411
241.817	8952	152	1411
241.822	8953	150	208
241.824	8954	151	1408
241.833	8955	154	1408
241.837	8956	151	208
241.841	8957	155	1408
241.848	8958	155	1408
241.856	8959	155	1411
241.861	8960	155	208
241.863	8961	156	1408
241.873	8962	159	1408
241.878	8963	157	208
241.881	8964	159	1408
241.891	8966	156	1408
241.897	8967	154	211
241.901	8968	158	1411
241.904	8969	155	208
241.912	8971	154	1408
241.918	8972	153	208
241.923	8974	151	1408
241.926	8975	147	208
241.931	8977	144	1408
241.938	8978	146	208
241.941	8979	147	1408
241.948	8980	147	1408
241.957	8982	149	1408
241.963	8983	148	1408
241.965	8984	144	208
241.97	8985	148	1408
241.975	8986	146	1408
241.983	8987	148	208
241.985	8988	149	1408
241.993	8989	149	1408
241.995	8990	145	208
241.998	8991	146	1408
242.005	8992	148	1408
242.011	8993	146	208
242.013	8994	148	1408
242.023	8995	150	1408
242.028	8996	149	208
242.031	8997	150	1408
242.038	8998	151	1408
242.04	8999	147	208
242.043	9000	148	1408
242.053	9001	151	1408
242.058	9002	150	208
242.06	9003	152	1408
242.068	9004	152	1408
242.073	9005	150	208
242.077	9006	154	1408
242.082	9007	153	1408
242.088	9008	152	208
242.097	9010	153	1411
242.105	9011	154	1408
242.11	9012	152	208
242.112	9013	154	1408
242.122	9014	157	1411
242.131	9015	160	1408
242.136	9016	158	1411
242.146	9017	160	1411
242.153	9018	162	208
242.155	9019	163	1408
242.163	9021	157	208
242.166	9022	159	211
242.168	9023	160	1408
242.172	9024	157	1408
242.179	9025	157	208
242.181	9026	159	1408
242.187	9027	157	1408
242.192	9028	156	208
242.194	9029	158	1408
242.204	9030	160	1408
242.204	9031	154	208
242.209	9032	158	1408
242.214	9033	156	1408
242.219	9034	155	208
242.221	9035	156	1408
242.229	9036	157	1408
242.234	9037	155	208
242.239	9039	153	1408
242.247	9041	152	1408
242.254	9042	152	1408
242.257	9043	149	208
242.259	9044	151	1408
242.267	9046	145	208
242.272	9047	149	1408
242.279	9048	149	1408
242.284	9049	148	208
242.287	9050	149	1408
242.294	9051	150	1408
242.299	9052	148	1411
242.307	9053	149	208
242.309	9054	150	1408
242.317	9055	151	1408
242.322	9056	150	208
242.324	9057	151	1408
242.332	9058	152	1408
242.337	9059	150	208
242.339	9060	151	1408
242.349	9061	155	1408
242.358	9063	157	1408
242.363	9064	155	1408
242.371	9065	156	1411
242.378	9066	157	208
242.381	9067	158	1408
242.39	9068	161	1408
242.393	9069	158	208
242.398	9071	155	1408
242.403	9072	153	208
242.406	9073	154	1408
242.411	9074	153	1408
242.416	9075	151	208
242.418	9076	153	1408
242.428	9077	155	1408
242.433	9078	155	208
242.438	9079	158	1408
242.441	9080	155	1408
242.448	9081	157	1411
242.451	9082	154	208
242.453	9083	157	1408
242.459	9084	156	211
242.462	9086	153	208
242.469	9088	154	1408
242.473	9089	154	1411
242.476	9090	151	208
242.479	9091	153	1408
242.488	9092	156	1408
242.491	9093	154	208
242.498	9095	155	1408
242.5	9096	152	208
242.503	9097	154	1408
242.508	9098	154	1408
242.513	9099	154	208
242.515	9100	155	1408
242.52	9101	154	1408
242.525	9102	152	208
242.528	9103	154	1408
242.535	9104	154	1408
242.538	9105	149	208
242.541	9106	149	1408
242.55	9107	150	1408
242.558	9108	148	211
242.558	9109	148	208
242.561	9110	149	1408
242.571	9111	150	1408
242.578	9112	149	208
242.581	9113	150	1408
242.591	9114	151	1408
242.595	9115	147	1411
242.603	9116	145	208
242.608	9117	149	1408
242.615	9118	148	1408
242.623	9119	146	208
242.63	9120	152	1408
242.64	9121	154	1408
242.643	9122	149	208
242.645	9123	151	1408
242.655	9124	153	1408
242.66	9125	152	208
242.662	9126	153	1408
242.672	9127	156	1411
242.679	9128	157	1411
242.684	9129	154	1408
242.692	9130	156	208
242.694	9131	158	1408
242.701	9132	158	1408
242.71	9134	153	208
242.712	9135	155	1408
242.72	9136	155	1408
242.725	9137	153	208
242.729	9138	157	1408
242.733	9139	154	1408
242.733	9140	148	208
242.74	9141	154	1408
242.748	9142	154	1408
242.751	9143	151	208
242.753	9144	152	1408
242.758	9145	150	1408
242.764	9146	149	208
242.766	9147	150	1408
242.772	9149	143	208
242.777	9150	147	1408
242.779	9151	142	1408
242.787	9152	144	208
242.789	9153	145	1408
242.797	9154	146	1408
242.804	9155	147	208
242.81	9157	145	1408
242.815	9158	143	208
242.817	9159	144	1408
242.827	9160	147	1408
242.832	9161	147	208
242.835	9162	148	1408
242.842	9163	148	1408
242.845	9164	144	208
242.85	9165	148	1408
242.854	9166	147	1408
242.862	9167	148	208
242.865	9168	149	1408
242.872	9169	149	1408
242.877	9170	149	208
242.879	9171	150	1408
242.887	9172	150	1408
242.894	9173	151	208
242.897	9174	152	1408
242.902	9175	150	1408
242.909	9176	152	208
242.911	9177	153	1408
242.917	9178	151	1411
242.926	9179	154	1408
242.931	9180	153	208
242.934	9181	154	1408
242.944	9182	157	1408
242.951	9183	158	208
242.956	9185	155	1408
242.964	9186	156	208
242.973	9188	158	1408
242.98	9189	159	208
242.983	9190	160	1411
242.99	9191	161	1408
242.997	9192	160	1408
243.002	9193	160	208
243.005	9194	161	1408
243.01	9195	159	1408
243.017	9196	160	208
243.027	9198	162	1411
243.035	9200	156	208
243.042	9202	157	1408
243.05	9203	158	208
243.053	9204	159	1408
243.057	9205	157	1408
243.065	9206	158	208
243.07	9208	156	1408
243.076	9209	154	208
243.078	9210	155	1408
243.083	9211	154	1408
243.088	9212	152	208
243.091	9213	154	1408
243.098	9215	149	208
243.101	9216	150	1408
243.106	9217	148	1408
243.111	9218	146	208
243.113	9219	148	1408
243.123	9220	151	1408
243.126	9221	147	208
243.128	9222	149	1408
243.136	9223	149	1408
243.141	9224	147	208
243.143	9225	149	1408
243.151	9226	150	1408
243.158	9227	151	1411
243.165	9228	151	208
243.168	9229	152	1408
243.175	9230	154	1408
243.182	9231	154	1411
243.188	9232	152	208
243.19	9233	153	1408
243.2	9235	151	208
243.205	9236	154	1408
243.212	9237	155	1408
243.218	9238	154	208
243.222	9239	158	1408
243.229	9240	158	1408
243.234	9241	156	1411
243.24	9242	155	208
243.242	9243	157	1411
243.252	9244	159	1408
243.259	9245	160	1411
243.264	9246	158	1408
243.269	9247	158	208
243.272	9249	155	1408
243.279	9250	157	1411
243.285	9251	156	208
243.29	9253	155	1408
243.292	9254	153	208
243.295	9255	154	1408
243.302	9256	156	1408
243.309	9257	157	1411
243.314	9258	157	208
243.316	9259	159	1408
243.331	9261	158	208
243.333	9263	154	1408
243.342	9264	156	208
243.351	9266	157	1408
243.354	9267	154	208
243.356	9268	156	1408
243.361	9269	153	1408
243.368	9270	151	208
243.371	9271	152	1408
243.381	9272	154	1408
243.386	9273	150	208
243.391	9274	153	1408
243.396	9275	149	1408
243.406	9276	149	1411
243.414	9277	148	208
243.419	9278	151	1408
243.426	9279	149	1408
243.431	9280	146	208
243.434	9281	147	1408
243.441	9282	145	1408
243.451	9283	145	208
243.455	9284	149	1408
243.464	9285	148	1408
243.471	9286	148	208
243.473	9287	150	1411
243.483	9288	153	1408
243.488	9289	150	1408
243.497	9290	152	1411
243.505	9291	153	208
243.507	9292	154	1408
243.512	9293	153	1408
243.52	9294	154	208
243.522	9295	156	1408
243.531	9296	158	1408
243.538	9297	157	208
243.54	9298	158	1411
243.547	9299	159	1411
243.552	9300	156	1408
243.562	9301	159	1411
243.569	9302	160	1408
243.574	9303	158	208
243.582	9305	159	1408
243.587	9306	157	208
243.589	9307	158	1408
243.594	9308	156	1408
243.6	9309	154	208
243.607	9311	154	1408
243.611	9312	150	208
243.613	9313	151	1408
243.622	9314	154	1408
243.626	9315	150	208
243.633	9317	149	1408
243.636	9318	146	208
243.639	9319	148	1408
243.646	9320	148	1408
243.653	9321	149	208
243.656	9322	150	1408
243.663	9323	151	1408
243.666	9324	146	208
243.67	9325	150	1408
243.676	9326	148	1408
243.681	9327	147	208
243.683	9328	148	1408
243.693	9329	151	1408
243.694	9330	145	208
243.701	9332	144	1408
243.709	9333	146	208
243.711	9334	147	1408
243.718	9335	147	1408
243.726	9336	148	208
243.729	9337	149	1408
243.736	9338	149	1408
243.742	9339	148	208
243.746	9340	152	1408
243.751	9341	149	1408
243.758	9342	150	208
243.76	9343	151	1408
243.766	9344	151	1408
243.772	9345	149	208
243.776	9346	153	1408
243.784	9347	153	1408
243.79	9348	153	1411
243.796	9349	152	208
243.798	9350	153	1408
243.806	9351	153	1408
243.813	9352	154	1411
243.818	9353	152	208
243.823	9354	156	1408
243.83	9355	156	1408
243.84	9357	158	1408
243.842	9358	154	1411
243.852	9359	157	1408
243.86	9360	157	208
243.862	9361	158	1408
243.87	9362	159	1408
243.875	9363	157	208
243.879	9364	161	1408
243.884	9365	158	1408
243.892	9366	159	208
243.894	9367	161	1408
243.899	9369	153	208
243.904	9370	157	1408
243.914	9371	160	1411
243.919	9372	157	1408
243.924	9373	156	208
243.927	9374	157	1408
243.934	9375	157	1408
243.942	9376	158	208
243.949	9378	157	1408
243.952	9379	154	208
243.955	9380	155	1408
243.959	9381	154	1408
243.967	9382	154	208
243.969	9383	156	1408
243.98	9385	152	208
243.982	9386	153	1408
243.989	9387	154	1408
243.995	9388	152	208
244.002	9390	151	1408
244.007	9391	150	208
244.012	9392	153	1408
244.017	9393	153	1408
244.018	9394	147	208
244.023	9395	150	1408
244.03	9396	150	1408
244.038	9398	150	1408
244.043	9399	148	211
244.048	9400	152	1408
244.053	9401	150	208
244.058	9402	154	1408
244.063	9403	152	1408
244.07	9404	153	208
244.08	9406	154	1408
244.081	9407	150	208
244.084	9409	147	1408
244.089	9410	147	208
244.091	9411	147	1408
244.099	9412	149	1411
244.106	9413	150	1408
244.111	9414	150	208
244.12	9416	151	1408
244.13	9418	154	1408
244.143	9420	152	208
244.153	9421	153	1411
244.158	9422	153	1408
244.165	9423	154	1408
244.168	9424	153	208
244.17	9426	149	1408
244.178	9427	151	208
244.18	9428	151	1411
244.19	9429	151	1408
244.2	9430	152	1408
244.209	9431	153	1411
244.218	9432	152	208
244.22	9433	152	1408
244.229	9434	153	1408
244.236	9435	151	208
244.239	9436	152	1408
244.243	9437	147	211
244.249	9438	152	1408
244.255	9439	148	208
244.259	9440	152	1408
244.269	9441	153	1408
244.277	9442	150	208
244.279	9443	151	1408
244.289	9444	152	1411
244.296	9445	152	1411
244.306	9446	155	1408
244.311	9447	154	208
244.316	9448	157	1408
244.324	9449	158	1408
244.33	9450	158	1411
244.335	9451	156	208
244.336	9452	156	211
244.338	9453	157	1408
244.343	9454	156	1408
244.35	9455	156	1411
244.356	9456	155	208
244.358	9457	156	1408
244.368	9458	159	1408
244.373	9459	157	208
244.376	9460	158	1408
244.383	9461	158	1411
244.392	9462	161	1408
244.395	9463	157	208
244.398	9464	158	1408
244.403	9465	156	1408
244.403	9466	151	208
244.406	9467	152	1408
244.413	9468	153	1408
244.421	9469	153	208
244.423	9470	155	1408
244.431	9471	155	1408
244.432	9472	149	208
244.434	9473	151	1408
244.441	9474	151	1408
244.451	9476	153	1408
244.459	9477	153	1408
244.46	9478	148	208
244.464	9480	145	1408
244.472	9481	146	208
244.475	9482	147	1408
244.482	9483	147	1408
244.487	9484	146	208
244.497	9486	148	1408
244.505	9487	148	208
244.507	9488	150	1408
244.512	9489	147	1408
244.52	9490	149	208
244.527	9492	149	1408
244.533	9493	147	208
244.535	9494	148	1408
244.543	9495	149	1408
244.55	9496	150	208
244.553	9497	151	1408
244.555	9498	146	1408
244.563	9499	147	208
244.565	9500	149	1408
244.573	9501	149	1408
244.581	9502	150	208
244.583	9503	151	1408
244.592	9504	155	1408
244.592	9505	148	208
244.596	9506	150	1408
244.61	9508	151	208
244.612	9509	152	1408
244.622	9510	155	1408
244.627	9511	153	208
244.632	9512	157	1408
244.637	9513	155	1408
244.645	9514	155	208
244.647	9515	156	1408
244.654	9516	157	1408
244.66	9517	156	211
244.662	9519	156	1408
244.664	9520	152	1408
244.673	9521	154	1411
244.681	9522	155	208
244.683	9523	156	1408
244.693	9524	159	1408
244.697	9525	155	208
244.701	9526	159	1408
244.708	9527	159	1411
244.718	9528	162	1408
244.728	9530	163	1408
244.73	9531	159	1408
244.74	9532	162	1411
244.745	9533	161	208
244.748	9534	162	1408
244.75	9535	157	1408
244.758	9536	157	208
244.76	9537	158	1408
244.77	9538	161	1408
244.773	9539	158	208
244.78	9541	157	1408
244.786	9542	155	208
244.79	9543	158	1408
244.8	9544	158	1408
244.803	9545	155	208
244.808	9546	158	1408
244.815	9547	155	1411
244.823	9548	156	1408
244.825	9549	152	208
244.828	9550	153	1408
244.835	9551	154	1408
244.843	9552	154	208
244.852	9554	156	1408
244.858	9555	154	208
244.86	9556	155	1408
244.87	9558	152	211
244.875	9560	154	1408
244.884	9561	158	1408
244.887	9562	154	208
244.89	9563	155	1408
244.897	9564	156	1408
244.905	9565	156	208
244.908	9567	151	1408
244.915	9568	152	208
244.918	9569	153	1408
244.925	9570	154	1408
244.928	9571	151	208
244.934	9573	150	211
244.936	9574	152	1408
244.941	9575	151	208
244.943	9576	153	1408
244.948	9577	152	1408
244.956	9579	153	1408
244.96	9580	153	1408
244.963	9581	150	208
244.965	9582	152	1408
244.976	9584	151	208
244.978	9585	153	1408
244.988	9587	151	1408
244.993	9588	151	208
244.998	9589	154	1408
245.003	9590	152	1408
245.006	9591	148	208
245.008	9592	151	1408
245.018	9593	152	1408
245.023	9594	151	208
245.026	9595	152	1408
245.035	9596	153	1408
245.041	9597	150	208
245.048	9598	154	1408
245.058	9599	155	1411
245.064	9600	153	1408
245.073	9601	152	208
245.075	9602	154	1411
245.083	9603	151	211
245.085	9604	152	1408
245.095	9605	154	1408
245.098	9606	147	208
245.105	9607	153	1408
245.112	9608	151	1411
245.122	9609	152	1408
245.13	9610	149	208
245.132	9611	151	1408
245.139	9612	152	1411
245.147	9613	152	1408
245.154	9614	153	208
245.157	9615	154	1408
245.162	9616	152	211
245.164	9617	154	1408
245.172	9618	155	208
245.175	9619	156	1408
245.184	9620	159	1408
245.192	9622	152	1411
245.2	9623	153	208
245.202	9624	154	1408
245.212	9625	157	1408
245.219	9627	157	1408
245.226	9628	157	1408
245.231	9629	155	208
245.234	9630	156	1408
245.241	9631	157	1408
245.246	9632	156	208
245.254	9635	149	208
245.261	9636	155	1408
245.266	9637	152	1408
245.27	9638	149	208
245.272	9639	151	1408
245.281	9640	153	1408
245.287	9641	152	208
245.29	9642	153	1408
245.299	9643	155	1408
245.302	9644	152	208
245.305	9645	153	1408
245.312	9646	154	1408
245.32	9647	154	208
245.33	9650	150	208
245.332	9651	151	1408
245.335	9652	148	1408
245.343	9653	148	208
245.35	9655	148	1408
245.356	9656	146	208
245.358	9657	148	1408
245.367	9658	150	1408
245.371	9659	147	208
245.38	9661	148	1408
245.388	9662	148	208
245.39	9663	150	1408
245.398	9664	150	1411
245.405	9665	151	1408
245.408	9666	146	208
245.413	9667	150	1408
245.418	9668	148	211
245.42	9669	149	1408
245.426	9670	148	208
245.428	9671	150	1408
245.437	9672	153	1408
245.443	9673	152	208
245.446	9674	153	1408
245.452	9675	153	1408
245.46	9676	154	1411
245.467	9677	154	1411
245.473	9678	152	208
245.477	9679	156	1408
245.485	9680	157	1408
245.488	9681	153	208
245.497	9683	154	1408
245.503	9684	152	208
245.505	9685	154	1408
245.512	9686	154	1408
245.518	9687	152	208
245.52	9688	154	1408
245.53	9689	156	1408
245.533	9690	153	208
245.535	9691	153	1411
245.542	9692	154	1411
245.552	9693	157	1408
245.559	9694	158	1411
245.564	9695	155	1408
245.572	9696	156	208
245.574	9697	158	1408
245.579	9698	155	1408
245.585	9699	154	208
245.589	9700	158	1411
245.596	9701	158	1408
245.603	9702	158	1408
245.607	9703	155	208
245.612	9704	158	1408
245.616	9705	156	1408
245.624	9706	157	208
245.626	9707	158	1408
245.634	9709	153	208
245.637	9710	154	1408
245.646	9711	157	1408
245.652	9712	155	208
245.654	9713	156	1408
245.664	9715	152	208
245.669	9716	156	1408
245.673	9717	154	1408
245.681	9718	155	208
245.683	9719	156	1408
245.69	9720	156	1408
245.696	9721	154	208
245.698	9722	156	1408
245.708	9723	158	1411
245.713	9724	156	1408
245.716	9725	152	208
245.723	9726	158	1408
245.727	9727	156	1408
245.735	9728	157	208
245.737	9729	159	1408
245.745	9730	159	1408
245.75	9731	158	208
245.753	9732	159	1408
245.759	9733	159	1408
245.767	9734	160	208
245.772	9735	163	1408
245.777	9737	158	208
245.78	9738	159	1408
245.79	9740	159	208
245.797	9743	154	208
245.802	9744	158	1408
245.807	9745	157	1408
245.812	9746	157	208
245.817	9748	156	1408
245.822	9749	155	208
245.825	9750	157	1408
245.832	9751	155	1408
245.84	9753	151	208
245.843	9754	152	1408
245.852	9755	155	1408
245.855	9756	151	208
245.86	9757	154	1408
245.867	9758	153	1411
245.872	9759	148	1408
245.881	9760	147	208
245.885	9761	151	1408
245.893	9762	149	1408
245.898	9763	146	208
245.903	9764	149	1408
245.915	9765	151	1408
245.92	9766	148	208
245.923	9767	149	1408
245.933	9768	149	1408
245.938	9769	145	208
245.94	9770	147	1408
245.95	9771	147	1408
245.958	9772	146	208
245.961	9773	147	1408
245.97	9774	149	1408
245.978	9775	150	1411
245.979	9776	145	208
245.985	9777	150	1408
245.992	9778	151	1411
246	9779	152	1411
246.007	9780	152	1411
246.014	9781	152	1408
246.025	9782	155	1411
246.032	9783	156	208
246.035	9784	157	1408
246.047	9786	155	1411
246.054	9787	156	208
246.057	9788	157	1408
246.064	9789	158	1408
246.069	9790	156	208
246.072	9791	157	1408
246.077	9792	155	1408
246.084	9793	156	208
246.086	9794	157	1408
246.094	9795	159	1408
246.101	9797	158	1408
246.108	9798	158	1408
246.114	9799	157	208
246.124	9801	158	1408
246.129	9802	157	208
246.136	9804	156	1408
246.144	9805	157	208
246.147	9807	152	1408
246.155	9808	152	208
246.164	9810	154	1408
246.179	9813	153	1408
246.184	9814	153	208
246.192	9816	152	1408
246.2	9817	153	208
246.202	9818	154	1408
246.21	9820	148	208
246.215	9821	152	1408
246.224	9822	155	1408
246.225	9823	148	208
246.229	9824	152	1408
246.237	9825	152	1408
246.242	9826	151	208
246.245	9827	152	1408
246.254	9828	155	1411
246.259	9829	153	1408
246.267	9830	153	208
246.269	9831	155	1408
246.274	9832	153	1408
246.282	9833	154	208
246.284	9834	156	1408
246.291	9835	156	1408
246.295	9836	152	208
246.3	9838	149	1408
246.307	9839	150	211
246.31	9840	152	208
246.312	9841	153	1408
246.32	9842	153	1408
246.325	9843	152	208
246.327	9844	153	1411
246.335	9845	154	1408
246.34	9846	152	1411
246.349	9847	154	1408
246.356	9848	154	1411
246.362	9849	152	208
246.372	9851	154	1411
246.38	9853	149	211
246.384	9854	153	1411
246.39	9855	151	208
246.392	9856	152	1408
246.4	9857	153	1411
246.406	9858	153	1408
246.412	9859	152	208
246.415	9860	153	1411
246.424	9861	156	1408
246.429	9862	154	1408
246.437	9863	155	208
246.439	9864	156	1408
246.446	9865	156	1408
246.452	9866	154	208
246.454	9867	156	1408
246.459	9868	154	1408
246.464	9869	152	208
246.467	9870	153	1408
246.472	9871	151	1408
246.479	9872	152	208
246.482	9873	153	1408
246.489	9874	154	1408
246.492	9875	150	208
246.497	9876	154	1408
246.504	9877	154	1411
246.511	9878	154	1408
246.516	9879	153	208
246.519	9880	154	1408
246.529	9881	157	1408
246.534	9882	155	208
246.536	9883	156	1408
246.543	9884	157	1408
246.553	9886	159	1408
246.558	9887	157	1408
246.565	9888	157	208
246.568	9889	158	1408
246.575	9890	158	1408
246.582	9891	158	1411
246.588	9892	158	208
246.592	9893	162	1411
246.597	9894	160	1408
246.602	9895	158	1408
246.607	9896	159	208
246.609	9897	160	1408
246.622	9900	160	1408
246.631	9901	164	1408
246.634	9902	162	208
246.639	9904	160	1408
246.642	9905	158	208
246.647	9907	157	1408
246.651	9908	154	208
246.66	9910	156	1408
246.671	9913	154	1408
246.674	9914	152	208
246.676	9915	153	1408
246.683	9916	151	1408
246.691	9917	152	208
246.698	9919	150	1408
246.706	9920	148	208
246.708	9921	149	1408
246.718	9922	150	1408
246.728	9923	151	208
246.738	9925	150	1408
246.743	9926	146	208
246.746	9927	147	1408
246.754	9928	146	211
246.756	9929	147	1408
246.767	9930	148	208
246.769	9931	150	1408
246.779	9932	150	1408
246.787	9933	148	208
246.789	9934	150	1408
246.799	9935	151	1408
246.802	9936	147	208
246.807	9937	151	1408
246.809	9938	146	1408
246.817	9939	146	208
246.819	9940	148	1408
246.827	9941	148	1411
246.832	9942	147	211
246.837	9943	151	1408
246.844	9944	151	1411
246.859	9946	151	208
246.861	9947	153	1408
246.868	9948	153	1411
246.874	9949	151	211
246.876	9950	153	1411
246.886	9951	155	1408
246.894	9952	156	208
246.903	9954	158	1408
246.905	9955	154	1411
246.913	9956	155	208
246.916	9957	156	1408
246.928	9959	155	208
246.933	9960	159	1408
246.94	9961	158	1408
246.946	9962	157	208
246.958	9964	160	1408
246.963	9965	158	1408
246.968	9966	156	208
246.97	9967	158	1408
246.973	9968	154	1408
246.981	9969	155	208
246.986	9970	158	1408
246.991	9972	150	208
246.994	9973	152	1408
247.001	9974	152	1408
247.007	9975	150	208
247.009	9976	152	1408
247.016	9977	151	1408
247.022	9978	149	208
247.024	9979	150	1408
247.034	9980	153	1408
247.039	9981	151	208
247.041	9982	152	1408
247.049	9983	153	1408
247.056	9984	153	208
247.058	9985	155	1408
247.065	9986	155	1411
247.073	9988	149	208
247.078	9989	153	1408
247.088	9990	155	1408
247.093	9991	153	208
247.098	9992	157	1408
247.103	9993	154	1408
247.11	9994	154	1411
247.115	9995	153	208
247.12	9996	156	1408
247.128	9997	157	1408
247.133	9998	155	208
247.135	9999	157	1411
247.141	10000	155	1408
247.148	10001	155	1408
247.153	10002	154	208
247.163	10004	155	1411
247.168	10005	153	1408
247.174	10006	151	208
247.176	10007	152	1408
247.183	10008	152	1408
247.193	10009	155	208
247.195	10010	157	1408
247.209	10012	157	1408
247.215	10013	155	208
247.217	10014	157	1408
247.224	10015	157	1408
247.227	10016	153	208
247.23	10017	154	1408
247.237	10018	153	1408
247.242	10019	151	208
247.244	10020	153	1408
247.25	10021	151	1408
247.257	10022	151	208
247.259	10023	153	1408
247.267	10024	153	1408
247.27	10025	150	208
247.273	10026	152	1408
247.282	10027	154	1411
247.292	10028	156	1408
247.295	10029	152	208
247.3	10030	156	1408
247.307	10031	155	1408
247.312	10032	154	208
247.314	10033	155	1408
247.32	10034	153	1408
247.323	10035	149	208
247.333	10037	151	1408
247.34	10038	152	208
247.343	10039	153	1408
247.352	10040	155	1408
247.357	10042	153	1408
247.369	10044	151	1411
247.377	10045	150	208
247.379	10046	151	1408
247.39	10047	155	1408
247.397	10048	156	208
247.404	10050	155	1408
247.41	10051	153	208
247.412	10052	154	1408
247.419	10053	154	1411
247.427	10054	155	1408
247.43	10055	152	208
247.432	10056	153	1408
247.442	10057	158	1408
247.449	10059	158	1408
247.459	10061	157	208
247.461	10062	159	1408
247.463	10063	155	1408
247.467	10064	154	208
247.476	10066	156	1408
247.484	10069	152	1408
247.493	10070	151	208
247.495	10071	153	1408
247.504	10072	155	1408
247.508	10073	151	208
247.515	10075	150	1408
247.52	10076	151	208
247.523	10077	151	1408
247.534	10078	152	1411
247.544	10079	152	1408
247.552	10080	152	208
247.56	10082	149	211
247.565	10083	151	1408
247.572	10084	150	1411
247.58	10085	147	208
247.582	10086	149	1408
247.594	10087	152	1408
247.602	10088	150	208
247.605	10089	151	1408
247.614	10090	151	1411
247.627	10091	154	1408
247.635	10092	152	208
247.637	10093	154	1408
247.644	10094	154	1408
247.652	10095	155	208
247.658	10097	152	211
247.665	10099	151	1411
247.673	10100	152	208
247.675	10101	153	1408
247.682	10102	154	1411
247.689	10103	154	211
247.692	10104	155	1411
247.699	10105	155	1408
247.705	10106	153	208
247.707	10107	155	1408
247.717	10108	157	1408
247.724	10109	157	1411
247.731	10110	157	208
247.733	10111	159	1408
247.74	10112	159	1408
247.748	10113	159	208
247.75	10114	161	1408
247.756	10116	153	208
247.763	10117	159	1408
247.768	10118	156	1411
247.778	10119	158	1408
247.786	10120	159	208
247.788	10121	161	1408
247.801	10124	158	1408
247.814	10126	157	208
247.821	10128	156	1408
247.848	10134	152	1408
247.853	10135	151	208
247.856	10136	153	1408
247.863	10137	153	1411
247.873	10138	155	1411
247.886	10140	154	208
247.888	10141	155	1408
247.899	10143	152	208
247.908	10145	153	1408
247.911	10146	149	208
247.916	10147	152	1408
247.925	10148	155	1408
247.932	10149	154	208
247.939	10151	153	1408
247.942	10152	149	208
247.949	10154	149	1408
247.959	10155	151	1411
247.965	10156	150	208
247.982	10159	151	208
247.992	10162	147	208
247.995	10163	148	1408
248.002	10164	148	1411
248.01	10165	149	211
248.014	10166	153	1408
248.021	10167	153	1411
248.028	10168	153	1411
248.031	10169	149	208
248.038	10170	155	1408
248.049	10171	151	211
248.052	10172	152	1411
248.061	10173	155	1411
248.066	10174	153	211
248.069	10175	155	1411
248.076	10176	155	1408
248.082	10177	153	208
248.084	10178	155	1408
248.094	10179	157	1411
248.101	10180	157	1408
248.106	10181	155	1411
248.114	10182	156	208
248.123	10184	157	1408
248.131	10185	157	1408
248.134	10186	153	208
248.136	10187	154	1408
248.144	10188	155	1411
248.148	10189	153	1408
248.158	10190	155	1411
248.163	10191	154	208
248.168	10192	158	1408
248.173	10193	156	1408
248.181	10194	157	208
248.188	10196	156	1411
248.196	10197	155	1411
248.203	10198	156	1411
248.212	10199	158	1411
248.218	10200	156	1408
248.221	10201	152	208
248.225	10202	156	1408
248.233	10203	156	1408
248.238	10204	154	208
248.24	10205	156	1408
248.25	10206	158	1408
248.255	10207	157	208
248.258	10209	151	1408
248.264	10210	151	208
248.266	10211	152	1408
248.276	10212	156	1408
248.288	10215	157	1408
248.291	10216	154	208
248.293	10217	156	1408
248.3	10218	157	1408
248.304	10219	153	208
248.31	10221	154	1408
248.323	10222	150	1411
248.331	10223	153	208
248.338	10225	153	1408
248.343	10226	153	208
248.348	10228	151	1408
248.353	10229	150	208
248.356	10230	152	1408
248.363	10231	154	1408
248.371	10232	152	208
248.373	10233	152	1408
248.385	10234	155	1408
248.395	10235	155	1411
248.403	10236	154	208
248.408	10237	157	1408
248.415	10238	155	1408
248.421	10239	152	208
248.423	10240	153	1408
248.432	10241	153	1408
248.443	10242	153	208
248.445	10243	155	1408
248.455	10244	154	1408
248.467	10245	158	1411
248.475	10246	156	208
248.485	10248	157	1408
248.494	10250	159	1408
248.497	10251	155	211
248.5	10252	156	1411
248.504	10253	154	1408
248.51	10254	153	208
248.513	10255	154	1408
248.52	10256	155	1411
248.529	10257	157	1408
248.532	10258	153	208
248.537	10259	156	1408
248.544	10260	156	1411
248.554	10261	158	1408
248.566	10263	157	208
248.569	10264	159	1408
248.572	10265	155	1408
248.58	10266	155	208
248.582	10267	156	1408
248.59	10269	151	208
248.595	10270	154	1408
248.602	10271	154	1408
248.608	10272	153	208
248.61	10273	154	1408
248.617	10274	154	1408
248.622	10275	152	208
248.625	10276	153	1408
248.632	10277	154	1408
248.649	10280	155	1408
248.652	10281	152	208
248.662	10283	153	1408
248.665	10284	150	208
248.677	10286	153	1408
248.683	10287	151	208
248.695	10289	155	1411
248.698	10290	152	211
248.7	10291	153	1408
248.703	10292	149	208
248.708	10293	152	1408
248.715	10294	153	1408
248.72	10295	151	208
248.723	10296	152	1408
248.732	10297	154	1408
248.738	10298	153	208
248.748	10301	148	208
248.751	10302	149	1408
248.76	10303	151	1408
248.766	10304	150	208
248.77	10305	154	1411
248.775	10306	152	1408
248.785	10307	154	1408
248.788	10308	150	208
248.792	10309	154	1408
248.799	10310	154	1411
248.809	10311	156	1408
248.826	10314	159	1408
248.831	10315	156	208
248.834	10316	157	1408
248.841	10317	158	1408
248.847	10318	157	208
248.849	10319	158	1408
248.856	10320	158	1408
248.864	10321	158	211
248.866	10322	160	1411
248.872	10323	158	1411
248.877	10324	156	208
248.882	10325	160	1408
248.887	10326	158	1411
248.892	10327	156	1408
248.897	10328	153	208
248.899	10329	155	1411
248.907	10330	155	1408
248.914	10331	155	1408
248.917	10332	151	208
248.924	10333	157	1408
248.926	10334	153	1408
248.931	10335	151	208
248.934	10336	152	1408
248.943	10337	155	1408
248.951	10338	156	208
248.953	10339	157	1408
248.959	10340	155	1411
248.964	10341	152	1411
248.973	10342	154	1408
248.979	10343	153	208
248.983	10344	157	1408
248.994	10346	153	208
248.996	10347	154	1408
249.004	10348	155	1408
249.011	10349	155	208
249.014	10350	156	1408
249.019	10351	154	1408
249.029	10352	152	211
249.032	10354	148	208
249.037	10355	151	1408
249.05	10357	149	208
249.052	10358	150	1408
249.059	10359	151	1408
249.069	10361	152	1408
249.08	10363	147	208
249.085	10364	151	1408
249.092	10365	151	1408
249.097	10366	150	208
249.099	10367	152	1408
249.106	10368	153	1408
249.112	10369	152	208
249.119	10371	154	1408
249.124	10372	153	208
249.129	10373	156	1408
249.139	10375	155	208
249.141	10376	156	1408
249.149	10377	157	1408
249.159	10380	155	1408
249.165	10381	155	208
249.169	10383	153	1408
249.174	10384	152	208
249.177	10385	153	1408
249.189	10386	156	1408
249.202	10388	150	208
249.207	10389	152	1408
249.216	10390	153	1408
249.224	10391	150	208
249.226	10392	151	1408
249.239	10393	154	1411
249.248	10394	154	1408
249.255	10395	151	1411
249.266	10396	151	208
249.27	10397	155	1408
249.278	10398	153	211
249.281	10399	154	1408
249.293	10400	157	1411
249.3	10401	154	208
249.303	10402	155	1408
249.311	10403	156	1408
249.318	10404	155	208
249.323	10405	159	1408
249.328	10406	157	1411
249.333	10407	155	1408
249.341	10408	155	208
249.343	10409	157	1408
249.348	10410	155	1411
249.353	10411	153	1408
249.356	10412	148	211
249.361	10413	151	1411
249.366	10414	150	208
249.371	10415	153	1408
249.388	10417	155	1408
249.391	10418	152	208
249.394	10419	153	1408
249.399	10420	150	1408
249.408	10421	153	1411
249.416	10423	153	1408
249.423	10424	152	1408
249.429	10425	150	208
249.436	10427	150	1408
249.444	10428	149	208
249.447	10429	151	1408
249.454	10430	151	1408
249.457	10431	147	208
249.459	10432	149	1408
249.471	10433	153	1408
249.479	10434	153	208
249.481	10435	155	1408
249.488	10436	155	1408
249.493	10437	152	208
249.496	10438	153	1408
249.501	10439	152	1408
249.511	10440	154	208
249.524	10443	152	208
249.532	10445	152	1408
249.535	10446	146	208
249.537	10447	148	1408
249.546	10448	150	1408
249.554	10449	151	208
249.559	10450	154	1408
249.566	10451	154	1408
249.571	10452	152	208
249.574	10453	153	1408
249.578	10454	151	1408
249.581	10455	146	208
249.584	10456	147	1408
249.586	10457	142	1411
249.588	10458	138	1408
249.589	10459	130	208
249.591	10460	131	1408
249.593	10461	127	1408
249.594	10462	120	211
249.594	10463	119	208
249.596	10464	121	1408
249.691	10465	52	1411
249.693	10466	53	1411
249.7	10467	52	1411
249.707	10468	52	1411
249.714	10469	52	1408
249.793	10470	52	208
249.796	10471	52	1408
249.803	10472	52	1408
249.808	10473	51	208
249.811	10474	52	1408
249.818	10475	52	1408
249.897	10476	54	208
249.899	10477	55	1408
249.909	10478	58	1408
249.914	10479	56	208
249.917	10480	57	1408
249.927	10481	60	1408
249.934	10482	60	208
249.937	10483	61	1408
249.944	10484	61	1408
249.95	10485	60	208
249.954	10486	64	1408
249.961	10487	63	1408
249.97	10488	64	208
249.972	10489	65	1408
249.981	10490	68	1408
249.99	10491	68	208
249.992	10492	69	1408
250.001	10493	72	1408
250.004	10494	68	208
250.007	10495	69	1408
250.016	10496	72	1408
250.024	10497	72	208
250.026	10498	73	1408
250.036	10499	76	1408
250.044	10500	77	208
250.049	10501	80	1408
250.057	10502	80	1408
250.064	10503	81	208
250.066	10504	82	1408
250.074	10505	82	1408
250.082	10506	82	208
250.086	10507	86	1408
250.094	10508	86	1408
250.099	10509	84	208
250.101	10510	86	1408
250.111	10511	89	1408
250.119	10512	88	208
250.121	10513	90	1408
250.131	10514	93	1408
250.134	10515	89	208
250.141	10516	95	1408
250.146	10517	92	1408
250.154	10518	92	208
250.156	10519	94	1408
250.166	10520	97	1408
250.171	10521	94	208
250.176	10522	98	1408
250.184	10523	98	1408
250.191	10524	99	208
250.193	10525	100	1408
250.204	10526	102	1408
250.211	10527	102	208
250.213	10528	104	1408
250.221	10529	104	1408
250.229	10530	105	208
250.231	10531	106	1408
250.241	10532	108	1408
250.249	10533	109	208
250.251	10534	110	1408
250.261	10535	113	1408
250.269	10536	113	208
250.273	10537	117	1408
250.281	10538	117	1408
250.288	10539	118	208
250.291	10540	119	1408
250.301	10541	121	1408
250.308	10542	122	208
250.313	10543	126	1408
250.323	10544	129	1408
250.331	10545	129	208
250.333	10546	130	1408
250.341	10547	130	1408
250.346	10548	128	208
250.351	10549	132	1408
250.358	10550	133	1408
250.366	10551	132	208
250.368	10552	134	1408
250.376	10553	134	1408
250.384	10554	135	208
250.386	10555	136	1408
250.395	10556	138	1408
250.399	10557	134	208
250.403	10558	138	1408
250.408	10559	137	1408
250.413	10560	137	208
250.415	10561	138	1408
250.423	10562	139	1408
250.428	10563	139	208
250.43	10564	140	1408
250.438	10565	142	1408
250.441	10566	139	208
250.443	10567	141	1408
250.453	10568	144	1408
250.453	10569	139	208
250.455	10570	140	1408
250.465	10571	145	1408
250.468	10572	142	208
250.473	10573	145	1408
250.478	10574	144	1408
250.486	10575	146	208
250.488	10576	147	1408
250.493	10577	147	1408
250.498	10578	146	208
250.501	10579	148	1408
250.51	10580	152	1408
250.516	10581	151	208
250.518	10582	152	1408
250.522	10583	152	1408
250.528	10584	151	208
250.533	10585	154	1408
250.538	10586	150	1408
250.546	10587	148	208
250.549	10588	150	1408
250.56	10589	152	1408
250.568	10590	150	208
250.575	10591	156	1408
250.583	10592	154	1408
250.591	10593	151	208
250.593	10594	153	1408
250.607	10595	157	1408
250.615	10597	154	1408
250.625	10598	153	1408
250.635	10599	155	208
250.638	10600	156	1408
250.648	10602	151	208
250.653	10603	155	1408
250.666	10605	154	208
250.668	10606	154	1408
250.678	10608	151	208
250.683	10609	154	1408
250.688	10610	153	1408
250.694	10611	150	208
250.698	10612	154	1408
250.705	10613	154	1408
250.706	10614	148	208
250.711	10615	151	1408
250.72	10616	153	1408
250.726	10617	151	208
250.733	10619	151	1408
250.738	10620	149	208
250.743	10621	153	1408
250.748	10622	150	1408
250.753	10623	149	208
250.758	10624	152	1408
250.768	10625	154	1408
250.773	10626	153	208
250.775	10627	154	1408
250.783	10628	154	1408
250.788	10629	153	208
250.79	10630	154	1408
250.8	10631	156	1408
250.805	10632	156	208
250.808	10633	156	1408
250.813	10634	154	1408
250.821	10636	154	211
250.823	10637	155	1408
250.83	10638	156	1408
250.838	10639	152	208
250.84	10640	153	1408
250.852	10641	155	1411
250.859	10642	156	1408
250.872	10643	156	1411
250.882	10645	158	1408
250.889	10646	159	1411
250.896	10647	159	1408
250.899	10648	155	208
250.906	10649	161	1408
250.912	10651	153	208
250.917	10652	156	1408
250.926	10653	159	1408
250.932	10654	158	208
250.934	10655	159	1408
250.942	10656	159	1408
250.944	10657	156	1411
250.952	10658	156	208
250.954	10659	157	1408
250.961	10660	157	1408
250.966	10661	156	208
250.969	10662	157	1408
250.976	10663	156	1408
250.981	10664	156	208
250.984	10665	156	1408
250.993	10666	159	1408
250.996	10667	155	208
251.001	10669	152	1408
251.009	10670	153	208
251.011	10671	154	1408
251.019	10672	154	1408
251.024	10673	153	211
251.025	10674	152	208
251.035	10677	148	208
251.04	10678	151	1408
251.047	10679	152	1408
251.055	10680	152	208
251.057	10681	153	1408
251.064	10682	154	1408
251.07	10683	152	208
251.072	10684	153	1408
251.085	10687	151	208
251.087	10688	153	1408
251.095	10690	146	208
251.1	10691	151	1408
251.105	10692	149	1408
251.11	10693	147	1411
251.118	10694	148	208
251.13	10696	151	1408
251.133	10697	147	208
251.14	10698	153	1408
251.147	10699	154	1408
251.155	10700	154	208
251.16	10702	151	1408
251.167	10703	152	208
251.17	10704	153	1408
251.178	10706	147	208
251.188	10708	150	1408
251.196	10709	150	208
251.198	10710	152	1408
251.205	10711	152	1411
251.215	10712	154	1408
251.225	10714	156	1408
251.232	10715	156	1408
251.237	10716	154	208
251.242	10717	158	1408
251.244	10718	154	1411
251.254	10719	156	1411
251.257	10720	154	1408
251.262	10721	153	208
251.264	10722	155	1408
251.269	10723	155	1408
251.275	10724	154	208
251.277	10725	156	1408
251.282	10726	155	1408
251.287	10727	154	208
251.289	10728	156	1408
251.294	10729	155	1411
251.3	10730	155	211
251.304	10731	159	1411
251.309	10732	158	1408
251.314	10733	158	208
251.319	10735	157	1408
251.324	10736	156	208
251.327	10737	157	1408
251.331	10738	157	1408
251.336	10739	156	1411
251.346	10742	153	1408
251.352	10743	154	208
251.362	10746	152	1411
251.372	10747	152	208
251.374	10748	154	1408
251.384	10749	154	1411
251.394	10750	154	1411
251.404	10751	155	1408
251.416	10753	156	1408
251.426	10754	157	1408
251.434	10755	156	211
251.434	10756	155	208
251.444	10758	154	1408
251.452	10759	152	208
251.454	10760	154	1408
251.464	10761	154	1408
251.465	10762	148	208
251.468	10763	150	1408
251.473	10764	148	1408
251.48	10765	149	208
251.49	10767	150	1408
251.495	10768	149	208
251.498	10769	150	1408
251.503	10770	148	1408
251.511	10771	149	208
251.516	10773	146	1411
251.521	10774	144	1408
251.526	10775	142	208
251.531	10776	146	1408
251.538	10777	146	1408
251.544	10778	145	211
251.548	10779	149	1411
251.553	10780	147	208
251.556	10781	147	1408
251.563	10782	148	1411
251.573	10783	150	1411
251.578	10784	149	1408
251.583	10785	148	208
251.588	10786	150	1408
251.595	10787	150	1408
251.6	10788	150	208
251.603	10789	151	1408
251.612	10790	153	1408
251.618	10791	152	208
251.618	10792	151	211
251.621	10793	152	1408
251.628	10794	152	1408
251.636	10795	153	208
251.638	10796	155	1408
251.65	10798	153	1411
251.658	10799	153	208
251.66	10800	155	1408
251.67	10801	157	1408
251.679	10803	159	1408
251.686	10804	159	1408
251.694	10805	160	208
251.706	10808	157	1408
251.711	10809	155	208
251.714	10810	156	1408
251.721	10811	156	1408
251.728	10812	157	1411
251.736	10813	158	208
251.739	10814	159	1408
251.748	10815	161	1408
251.753	10816	160	208
251.758	10817	163	1408
251.765	10818	164	1408
251.771	10819	162	208
251.78	10821	164	1408
251.786	10823	161	1408
251.79	10824	159	1408
251.793	10825	155	208
251.796	10826	157	1408
251.801	10827	154	1408
251.808	10828	155	208
251.81	10829	156	1408
251.816	10830	155	1408
251.823	10831	155	208
251.826	10832	156	1408
251.829	10833	152	1408
251.834	10834	151	208
251.836	10835	152	1408
251.844	10836	152	1408
251.849	10837	150	208
251.851	10838	152	1408
251.859	10839	152	1411
251.866	10840	152	1408
251.869	10841	149	208
251.874	10842	153	1408
251.879	10843	151	1408
251.882	10844	146	211
251.882	10845	146	208
251.887	10846	150	1408
251.892	10847	148	1408
251.897	10848	146	208
251.9	10849	147	1408
251.907	10850	148	1411
251.917	10851	151	1411
251.924	10852	151	1408
251.927	10853	146	208
251.929	10854	148	1408
251.939	10855	151	1408
251.947	10856	151	208
251.949	10857	153	1408
251.955	10858	151	1408
251.967	10860	155	1408
251.972	10862	147	208
251.975	10863	148	1408
251.982	10864	149	1411
251.985	10865	144	211
251.987	10866	146	1408
251.995	10867	146	208
252	10868	150	1408
252.006	10869	150	1408
252.014	10870	151	208
252.016	10871	152	1408
252.024	10872	153	1408
252.028	10873	149	208
252.032	10874	153	1408
252.037	10875	150	1408
252.042	10876	148	208
252.046	10877	152	1408
252.053	10878	152	1408
252.059	10879	151	208
252.066	10880	157	1408
252.072	10882	149	208
252.077	10883	152	1408
252.081	10884	150	1408
252.089	10885	150	208
252.091	10886	153	1408
252.096	10887	151	1408
252.104	10888	153	208
252.106	10889	155	1408
252.108	10890	152	1408
252.116	10891	153	208
252.118	10892	156	1408
252.123	10893	155	1408
252.128	10894	154	208
252.13	10895	156	1408
252.138	10896	157	1408
252.143	10897	157	208
252.145	10898	159	1408
252.15	10899	157	1408
252.155	10900	158	208
252.16	10902	156	1408
252.163	10903	154	208
252.166	10904	155	1408
252.173	10905	157	1408
252.176	10906	155	211
252.178	10907	156	1411
252.183	10908	156	208
252.186	10909	157	1408
252.19	10910	157	1408
252.198	10911	158	208
252.201	10913	156	1408
252.204	10914	149	208
252.208	10915	153	1408
252.216	10916	151	1408
252.223	10917	150	208
252.228	10918	153	1408
252.237	10919	153	1408
252.246	10920	152	208
252.248	10921	154	1408
252.255	10922	152	1408
252.265	10923	153	208
252.268	10924	154	1408
252.277	10925	154	1411
252.287	10926	155	1408
252.309	10929	158	1408
252.317	10930	157	208
252.32	10931	158	1408
252.327	10932	158	1408
252.33	10933	154	208
252.337	10934	160	1408
252.34	10935	156	1408
252.343	10936	153	208
252.347	10937	157	1408
252.355	10938	157	1408
252.358	10939	153	208
252.365	10941	152	1411
252.375	10942	155	1408
252.378	10943	152	208
252.38	10944	153	1408
252.387	10945	154	1408
252.392	10946	152	208
252.397	10947	156	1408
252.402	10948	154	1408
252.409	10949	154	1411
252.414	10950	153	208
252.417	10951	154	1408
252.426	10952	156	1408
252.434	10954	156	1408
252.439	10955	154	1408
252.444	10956	154	208
252.449	10957	157	1408
252.452	10958	153	1408
252.459	10959	153	208
252.461	10960	155	1408
252.471	10961	158	1408
252.476	10962	156	208
252.478	10963	158	1408
252.486	10964	159	1408
252.493	10965	160	208
252.504	10968	156	208
252.511	10970	156	1408
252.517	10971	154	211
252.526	10974	155	1408
252.531	10975	154	1408
252.534	10976	150	208
252.536	10977	151	1408
252.544	10978	152	1408
252.549	10979	151	208
252.554	10980	154	1408
252.561	10981	154	1408
252.566	10982	153	208
252.571	10983	156	1408
252.578	10984	157	1411
252.583	10985	155	1408
252.588	10986	154	208
252.59	10987	155	1408
252.601	10989	153	208
252.61	10991	154	1408
252.619	10992	155	208
252.621	10993	156	1408
252.628	10994	158	1408
252.633	10995	156	208
252.639	10997	153	211
252.644	10999	152	208
252.655	11002	147	208
252.657	11003	149	1408
252.662	11004	148	1408
252.67	11005	149	208
252.675	11007	146	1408
252.68	11008	145	208
252.683	11009	146	1408
252.688	11010	145	1408
252.693	11011	143	208
252.698	11012	146	1408
252.703	11013	145	1411
252.708	11014	144	1411
252.718	11015	146	1411
252.725	11016	148	1411
252.732	11017	148	211
252.735	11018	149	1408
252.741	11019	148	208
252.745	11021	146	1408
252.754	11022	147	208
252.756	11023	148	1408
252.763	11024	148	1408
252.771	11025	150	208
252.774	11026	151	1408
252.783	11027	154	1408
252.786	11028	151	208
252.791	11029	155	1408
252.796	11030	152	1408
252.801	11031	152	208
252.803	11032	153	1408
252.813	11033	156	1411
252.825	11035	155	1408
252.83	11036	153	208
252.833	11037	154	1408
252.838	11038	152	1408
252.845	11039	153	1411
252.852	11040	154	1411
252.862	11041	157	1411
252.869	11042	158	1411
252.877	11043	159	208
252.879	11044	160	1408
252.887	11045	160	1411
252.891	11046	158	1408
252.894	11047	155	208
252.897	11048	157	1408
252.906	11049	159	1408
252.914	11050	159	208
252.916	11051	160	1408
252.921	11052	159	1408
252.927	11053	158	208
252.934	11055	157	1408
252.939	11056	156	208
252.941	11057	158	1408
252.948	11058	158	1408
252.951	11059	156	1411
252.956	11060	155	208
252.959	11061	157	1408
252.965	11062	158	1408
252.968	11063	156	208
252.973	11064	160	1408
252.976	11065	157	1408
252.981	11066	157	208
252.983	11067	159	1408
252.99	11068	160	1408
252.993	11069	158	208
252.995	11070	159	1408
253.002	11072	154	208
253.004	11073	156	1408
253.011	11074	157	1408
253.02	11077	156	1408
253.031	11078	156	1411
253.031	11079	151	208
253.034	11080	152	1408
253.043	11081	156	1408
253.044	11082	153	208
253.049	11084	152	1408
253.057	11085	150	208
253.059	11086	151	1408
253.067	11087	149	1408
253.074	11088	148	208
253.077	11089	149	1408
253.087	11090	150	1408
253.094	11091	149	208
253.097	11092	150	1408
253.106	11093	151	1408
253.114	11094	149	208
253.117	11095	151	1408
253.122	11096	147	1408
253.134	11097	150	1411
253.142	11098	149	208
253.144	11099	150	1408
253.152	11100	149	1408
253.159	11101	150	208
253.162	11102	151	1408
253.169	11103	152	1408
253.174	11104	151	208
253.177	11105	152	1408
253.186	11106	155	1408
253.19	11107	151	208
253.192	11108	153	1408
253.201	11109	156	1408
253.209	11110	156	1411
253.214	11111	154	208
253.216	11112	156	1408
253.221	11113	155	1408
253.229	11114	155	211
253.231	11115	157	1411
253.236	11116	155	208
253.241	11118	152	1408
253.249	11119	153	208
253.251	11120	154	1408
253.258	11121	154	1411
253.265	11122	156	1408
253.273	11123	157	208
253.276	11124	158	1408
253.282	11125	159	1408
253.285	11126	155	208
253.29	11127	159	1408
253.295	11128	156	1408
253.302	11129	158	208
253.305	11130	159	1408
253.312	11131	160	1408
253.317	11132	159	208
253.325	11134	159	1408
253.33	11135	157	208
253.335	11137	155	1408
253.34	11138	153	208
253.343	11139	155	1408
253.35	11140	154	1408
253.355	11141	154	208
253.358	11142	156	1408
253.365	11143	156	1408
253.371	11144	155	208
253.38	11146	157	1408
253.381	11147	151	208
253.386	11149	149	1408
253.391	11150	147	208
253.394	11151	149	1408
253.404	11153	146	208
253.407	11154	147	1408
253.415	11156	142	208
253.417	11157	144	1408
253.427	11158	146	1408
253.432	11159	145	208
253.435	11160	147	1408
253.442	11161	147	1411
253.451	11162	150	1408
253.455	11163	147	208
253.459	11164	151	1408
253.466	11165	151	1408
253.469	11166	147	208
253.472	11167	148	1408
253.479	11168	150	1408
253.485	11169	148	208
253.489	11170	152	1408
253.495	11171	151	1408
253.502	11172	151	208
253.504	11173	153	1408
253.512	11174	153	1408
253.517	11175	153	208
253.522	11176	156	1408
253.525	11177	152	1408
253.532	11178	152	1411
253.541	11179	156	1411
253.553	11182	154	1408
253.559	11183	153	208
253.564	11184	156	1408
253.573	11185	158	1408
253.576	11186	156	208
253.583	11188	155	1408
253.591	11189	156	1411
253.6	11190	158	1411
253.606	11191	157	208
253.612	11193	157	1411
253.62	11194	157	1408
253.63	11195	160	1411
253.632	11196	157	208
253.637	11197	161	1408
253.647	11198	163	1408
253.657	11201	159	1408
253.662	11202	157	208
253.67	11204	158	1408
253.677	11205	158	208
253.679	11206	160	1408
253.687	11207	160	1408
253.692	11208	159	208
253.694	11209	161	1408
253.699	11210	159	1408
253.7	11211	154	208
253.703	11212	155	1408
253.71	11213	155	1408
253.713	11214	151	208
253.718	11215	155	1408
253.72	11216	151	1408
253.726	11217	150	208
253.73	11218	154	1408
253.733	11219	150	1408
253.74	11220	151	208
253.743	11221	152	1408
253.749	11222	152	1408
253.753	11223	149	208
253.756	11224	151	211
253.76	11226	148	1408
253.769	11227	150	1408
253.773	11228	147	208
253.775	11229	149	1408
253.782	11230	151	1408
253.787	11231	150	1411
253.792	11232	150	208
253.797	11233	154	1408
253.799	11234	151	1408
253.807	11235	153	208
253.809	11236	155	1408
253.812	11237	151	1408
253.819	11238	154	1411
253.824	11239	154	208
253.827	11240	155	1408
253.834	11241	157	1408
253.84	11242	157	208
253.844	11244	156	1408
253.852	11245	155	208
253.86	11247	153	211
253.862	11248	155	1411
253.866	11249	154	1408
253.876	11250	157	1411
253.882	11251	157	208
253.884	11252	159	1408
253.886	11253	156	1408
253.892	11254	153	208
253.895	11255	154	1408
253.897	11256	148	1408
253.909	11257	151	208
253.912	11258	152	1408
253.921	11259	152	1408
253.929	11260	151	208
253.931	11261	152	1408
253.941	11262	153	1408
253.949	11263	152	208
253.951	11264	154	1408
253.963	11265	156	1408
253.971	11266	155	1411
253.976	11267	153	208
253.981	11268	156	1408
253.989	11269	154	1408
253.994	11270	153	208
253.996	11271	155	1408
254.004	11272	155	1408
254.009	11273	155	208
254.012	11274	156	1408
254.017	11275	154	1408
254.02	11276	150	208
254.027	11278	150	1408
254.03	11279	146	208
254.035	11280	150	1408
254.042	11281	150	1408
254.049	11282	151	1411
254.052	11283	147	208
254.055	11284	149	1408
254.061	11285	150	1411
254.071	11286	153	1408
254.074	11287	149	208
254.079	11288	153	1408
254.084	11289	152	1408
254.089	11290	150	208
254.092	11291	151	1408
254.101	11292	155	1408
254.106	11293	153	208
254.109	11294	154	1408
254.116	11295	154	1408
254.124	11296	156	208
254.126	11297	157	1408
254.133	11298	158	1408
254.136	11299	154	208
254.139	11300	156	1408
254.145	11301	156	1408
254.151	11302	156	208
254.154	11303	157	1408
254.163	11304	159	1408
254.165	11305	156	208
254.168	11306	157	1408
254.176	11307	158	1408
254.181	11308	157	208
254.183	11309	159	1408
254.188	11310	157	1408
254.193	11311	156	208
254.196	11312	157	1408
254.201	11313	155	1408
254.215	11316	156	1408
254.221	11317	154	208
254.226	11319	152	1408
254.235	11320	155	1411
254.238	11321	151	208
254.243	11322	155	1408
254.249	11323	155	1408
254.258	11324	157	208
254.26	11325	159	1408
254.265	11326	156	1408
254.272	11328	157	1408
254.279	11329	157	1408
254.282	11330	154	208
254.285	11331	155	1408
254.295	11332	158	1408
254.3	11333	156	208
254.302	11334	159	1408
254.31	11335	159	1408
254.319	11337	161	1408
254.325	11339	154	208
254.33	11340	158	1408
254.335	11341	156	1408
254.34	11342	155	208
254.348	11344	155	1408
254.351	11345	151	208
254.353	11346	153	1408
254.358	11347	152	1408
254.363	11348	150	208
254.373	11350	153	1408
254.376	11351	149	208
254.381	11353	147	1408
254.389	11354	147	208
254.391	11355	149	1408
254.399	11356	149	1408
254.402	11357	146	208
254.406	11358	150	1408
254.413	11359	150	1408
254.418	11360	149	211
254.421	11361	150	1411
254.426	11362	149	1411
254.431	11363	148	208
254.434	11364	149	1408
254.441	11365	149	1408
254.446	11366	149	208
254.451	11367	152	1408
254.459	11368	153	1408
254.464	11369	152	208
254.471	11371	151	1408
254.477	11372	151	211
254.477	11373	151	208
254.479	11374	152	1408
254.488	11376	147	208
254.49	11377	149	1408
254.499	11378	151	1408
254.507	11379	151	208
254.509	11380	153	1408
254.519	11382	150	211
254.52	11383	149	208
254.522	11384	151	1408
254.529	11385	152	1411
254.542	11387	151	208
254.544	11388	153	1408
254.551	11389	153	1411
254.556	11390	152	1408
254.562	11391	150	208
254.571	11393	153	1408
254.579	11394	153	1411
254.583	11395	152	1411
254.591	11396	152	208
254.593	11397	153	1408
254.6	11398	154	1408
254.603	11399	151	208
254.608	11400	154	1408
254.613	11401	154	1408
254.618	11402	154	208
254.62	11403	156	1408
254.625	11404	155	1408
254.63	11405	155	208
254.632	11406	157	1408
254.64	11407	158	1408
254.642	11408	156	208
254.645	11409	157	1408
254.652	11410	160	1408
254.655	11411	158	208
254.657	11412	159	1408
254.664	11413	161	1408
254.665	11414	156	208
254.667	11415	157	1408
254.677	11416	162	1408
254.682	11417	161	1411
254.687	11418	161	208
254.689	11419	162	1408
254.694	11420	162	1408
254.698	11421	161	1411
254.701	11422	159	208
254.706	11423	162	1408
254.715	11425	155	208
254.717	11426	156	1408
254.729	11427	159	1411
254.744	11429	157	208
254.746	11430	159	1408
254.754	11431	158	1411
254.759	11432	154	1408
254.767	11433	152	208
254.771	11434	156	1408
254.776	11435	152	1411
254.786	11436	153	1408
254.794	11437	153	208
254.799	11438	156	1408
254.806	11439	155	1408
254.816	11441	154	1408
254.826	11442	155	1408
254.834	11443	157	208
254.839	11445	154	1408
254.842	11446	151	208
254.844	11447	152	1408
254.851	11448	153	1408
254.855	11449	150	208
254.857	11450	151	1408
254.866	11451	154	1408
254.872	11452	152	208
254.874	11453	154	1408
254.882	11455	149	208
254.885	11457	144	1408
254.893	11458	145	208
254.895	11459	146	1408
254.898	11460	143	1408
254.903	11461	141	208
254.905	11462	143	1408
254.915	11463	147	1411
254.923	11464	147	1408
254.928	11465	146	208
254.932	11466	150	1408
254.937	11467	148	1408
254.945	11468	150	1411
254.948	11469	145	208
254.95	11470	147	1408
254.96	11471	149	1408
254.965	11472	149	208
254.97	11473	152	1408
254.977	11474	152	1408
254.977	11475	147	208
254.987	11477	149	1408
254.995	11478	150	208
254.997	11479	152	1408
255.007	11480	155	1408
255.01	11481	151	208
255.012	11482	152	1408
255.02	11483	153	211
255.022	11484	154	1408
255.027	11485	154	208
255.03	11486	155	1408
255.038	11488	150	208
255.042	11489	154	1408
255.05	11490	154	1411
255.059	11491	158	1408
255.062	11492	153	208
255.067	11494	150	1408
255.075	11495	152	208
255.077	11496	153	1408
255.085	11497	154	1408
255.091	11498	155	1411
255.098	11499	155	1411
255.104	11500	155	208
255.106	11501	156	1408
255.116	11502	159	1408
255.119	11503	156	208
255.126	11505	155	1408
255.132	11506	154	208
255.134	11507	156	1408
255.139	11508	154	1408
255.144	11509	153	208
255.147	11510	154	1408
255.156	11511	156	1408
255.166	11513	158	1408
255.17	11514	157	1408
255.176	11515	156	208
255.181	11516	159	1408
255.186	11517	158	1408
255.187	11518	152	208
255.191	11519	156	1408
255.196	11520	155	1411
255.202	11522	148	208
255.212	11524	149	1408
255.219	11525	151	208
255.222	11526	152	1408
255.229	11527	153	1408
255.235	11528	152	208
255.237	11529	153	1408
255.244	11530	154	1411
255.251	11531	154	1408
255.257	11532	153	208
255.261	11534	150	1408
255.271	11535	153	1411
255.281	11537	155	1408
255.29	11538	158	1408
255.29	11539	152	208
255.297	11540	158	1408
255.302	11541	157	1408
255.31	11542	158	208
255.312	11543	159	1408
255.32	11544	160	1408
255.325	11545	158	208
255.327	11546	160	1408
255.33	11547	157	1408
255.337	11548	157	1411
255.343	11549	155	208
255.347	11550	159	1408
255.355	11551	161	1408
255.362	11552	161	208
255.365	11553	162	1408
255.367	11555	151	211
255.367	11556	150	208
255.369	11557	152	1408
255.374	11558	150	1408
255.384	11560	152	1408
255.389	11561	151	1408
255.398	11563	153	1408
255.401	11564	149	1408
255.408	11565	149	1411
255.417	11566	153	1411
255.42	11567	149	208
255.423	11568	150	1408
255.428	11569	148	1408
255.435	11570	150	208
255.438	11571	151	1408
255.442	11572	151	1408
255.445	11573	148	208
255.447	11574	150	1408
255.455	11575	152	1408
255.458	11576	149	208
255.46	11577	152	1408
255.467	11578	153	1411
255.472	11579	153	1408
255.477	11580	153	208
255.48	11581	154	1408
255.483	11582	153	211
255.488	11583	156	1408
255.488	11584	152	208
255.491	11585	154	1408
255.498	11586	156	1408
255.499	11587	151	208
255.503	11588	155	1408
255.508	11589	155	1408
255.511	11590	149	208
255.514	11591	151	1408
255.52	11592	151	1408
255.528	11593	151	208
255.533	11595	150	1408
255.538	11596	150	208
255.54	11597	151	1408
255.55	11598	152	1408
255.558	11599	151	208
255.563	11600	154	1408
255.58	11602	154	1408
255.585	11603	150	211
255.588	11604	152	208
255.59	11605	152	1408
255.6	11606	154	1408
255.607	11607	153	211
255.608	11608	152	208
255.61	11609	153	1408
255.619	11610	154	1408
255.625	11611	151	208
255.632	11612	157	1408
255.642	11613	157	1408
255.647	11614	153	208
255.649	11615	155	1408
255.655	11616	154	1408
255.662	11617	155	208
255.664	11618	156	1408
255.675	11620	154	208
255.677	11621	155	1408
255.685	11622	155	1408
255.688	11623	153	208
255.693	11625	150	1408
255.698	11626	149	208
255.7	11627	150	1408
255.709	11629	146	208
255.711	11630	148	1408
255.718	11631	148	1408
255.724	11632	148	208
255.727	11633	149	1408
255.733	11634	150	1411
255.74	11635	151	1408
255.746	11637	149	1408
255.751	11638	148	1408
255.756	11639	147	208
255.758	11640	148	1408
255.766	11642	145	208
255.771	11643	148	1408
255.778	11644	149	1408
255.783	11645	149	1411
255.791	11646	150	208
255.793	11647	151	1408
255.798	11648	150	1408
255.804	11649	150	208
255.808	11650	154	1408
255.813	11651	152	1408
255.818	11652	152	208
255.823	11653	155	1408
255.826	11654	152	1408
255.833	11655	154	208
255.835	11656	155	1408
255.843	11657	156	1408
255.848	11658	156	208
255.85	11659	157	1408
255.853	11660	153	1408
255.858	11661	153	208
255.861	11662	154	1408
255.868	11663	155	1408
255.868	11664	150	208
255.871	11665	152	1408
255.876	11666	151	1411
255.883	11667	152	1408
255.889	11668	150	208
255.891	11669	153	1408
255.896	11670	150	1411
255.905	11671	154	1408
255.911	11672	153	208
255.913	11673	154	1408
255.92	11674	155	1411
255.924	11675	154	1408
255.93	11676	154	208
255.935	11677	157	1408
255.942	11678	158	1408
255.947	11679	158	208
255.952	11681	156	211
255.957	11682	159	1408
255.962	11683	158	208
255.964	11684	160	1408
255.981	11688	158	1408
255.991	11689	162	1408
255.994	11690	159	208
255.997	11691	160	1408
256.004	11692	161	1408
256.016	11695	160	1408
256.021	11696	159	208
256.023	11697	161	1408
256.029	11698	160	1408
256.031	11699	157	208
256.033	11700	158	1408
256.041	11701	159	1408
256.051	11704	156	1408
256.058	11705	158	208
256.066	11708	153	208
256.069	11709	155	1408
256.074	11710	153	1408
256.081	11711	155	208
256.083	11712	156	1408
256.094	11714	153	208
256.096	11715	156	1408
256.101	11716	154	1408
256.106	11717	153	208
256.109	11718	155	1408
256.118	11719	157	1408
256.121	11720	154	208
256.124	11722	150	1408
256.129	11723	150	208
256.131	11724	151	1408
256.141	11725	154	1408
256.144	11726	151	208
256.147	11727	153	1408
256.151	11728	152	1408
256.158	11730	146	208
256.165	11731	152	1408
256.169	11732	151	1408
256.177	11733	152	208
256.179	11734	153	1408
256.184	11735	152	1408
256.191	11736	153	1411
256.194	11737	150	211
256.2	11739	149	208
256.204	11740	153	1408
256.209	11741	151	1408
256.22	11744	149	211
256.222	11745	151	1411
256.227	11746	149	1408
256.231	11747	147	208
256.233	11748	149	1408
256.245	11750	148	208
256.247	11751	150	1408
256.253	11752	149	211
256.255	11753	150	1411
256.264	11754	154	1408
256.265	11755	149	208
256.27	11756	152	1411
256.274	11757	152	1411
256.279	11758	152	1408
256.286	11759	154	1408
256.289	11760	152	208
256.291	11761	154	1408
256.297	11763	149	1411
256.299	11764	147	208
256.304	11765	151	1408
256.309	11766	151	1408
256.312	11767	150	208
256.314	11768	151	1408
256.324	11769	155	1408
256.324	11770	151	208
256.327	11771	152	1411
256.334	11772	155	1408
256.339	11773	155	1408
256.344	11774	155	208
256.346	11775	157	1408
256.349	11776	154	1408
256.356	11777	156	208
256.358	11778	159	1408
256.363	11779	159	1408
256.368	11780	158	1411
256.373	11781	158	208
256.375	11782	160	1408
256.382	11784	153	208
256.388	11785	159	1408
256.391	11786	154	1408
256.399	11787	153	208
256.403	11788	157	1408
256.408	11789	154	1411
256.418	11790	156	1408
256.426	11791	155	211
256.428	11792	156	1411
256.44	11794	159	1408
256.448	11795	158	1408
256.455	11796	157	1411
256.458	11797	152	208
256.463	11798	155	1408
256.47	11799	155	1408
256.476	11800	152	208
256.478	11801	153	1408
256.485	11802	155	1408
256.488	11803	151	208
256.491	11804	153	1408
256.5	11805	157	1408
256.505	11806	156	1411
256.511	11807	155	208
256.513	11808	156	1408
256.52	11809	157	1408
256.525	11810	157	208
256.53	11812	155	1408
256.536	11813	154	208
256.546	11816	150	208
256.548	11817	153	1408
256.553	11818	151	1408
256.559	11819	150	208
256.563	11820	154	1408
256.566	11821	150	1408
256.573	11822	152	208
256.575	11823	153	1408
256.583	11824	155	1408
256.588	11825	153	1411
256.593	11826	152	208
256.595	11827	154	1408
256.603	11828	155	1408
256.606	11829	152	208
256.61	11831	150	1408
256.616	11832	150	208
256.621	11833	153	1408
256.623	11834	150	1408
256.631	11835	151	208
256.633	11836	152	1408
256.638	11837	151	1408
256.644	11838	151	211
256.644	11839	151	208
256.646	11840	152	1408
256.651	11841	150	1408
256.659	11842	152	208
256.664	11844	150	1408
256.669	11845	149	208
256.671	11846	150	1408
256.679	11847	152	1408
256.679	11848	147	208
256.684	11849	151	1408
256.689	11850	149	1408
256.696	11851	151	208
256.699	11852	152	1408
256.704	11853	151	1408
256.707	11854	148	208
256.709	11855	150	1408
256.716	11856	151	1408
256.722	11857	150	208
256.724	11858	151	1408
256.731	11859	152	1408
256.738	11860	154	1411
256.743	11861	153	208
256.746	11862	154	1408
256.755	11863	158	1411
256.758	11864	155	1411
256.763	11865	153	1408
256.771	11866	155	208
256.778	11868	155	1408
256.781	11869	152	208
256.783	11870	153	1408
256.791	11871	155	1408
256.801	11873	157	1408
256.806	11874	156	1408
256.807	11875	151	208
256.809	11876	153	1408
256.816	11877	153	1411
256.823	11878	155	1408
256.828	11879	154	208
256.831	11880	155	1408
256.836	11881	154	1408
256.841	11882	153	208
256.848	11884	154	1408
256.851	11885	150	208
256.853	11886	152	1408
256.861	11887	153	1408
256.866	11888	153	208
256.874	11890	153	1408
256.878	11891	152	1408
256.884	11892	151	208
256.886	11893	152	1408
256.893	11894	154	1408
256.894	11895	148	208
256.898	11896	152	1408
256.905	11897	153	1408
256.913	11898	155	208
256.916	11899	156	1408
256.923	11900	157	1408
256.928	11901	157	208
256.935	11903	156	1408
256.938	11904	153	208
256.94	11905	155	1408
256.946	11906	154	1408
256.951	11907	153	208
256.953	11908	155	1408
256.958	11909	153	1408
256.964	11910	152	208
256.966	11911	153	1408
256.971	11912	152	1408
256.976	11913	151	208
256.978	11914	153	1408
256.984	11915	152	1411
256.991	11916	153	1408
256.998	11917	155	208
257.001	11918	156	1408
257.011	11921	153	208
257.013	11922	155	1408
257.018	11923	153	1408
257.025	11924	155	208
257.027	11925	156	1408
257.031	11927	148	208
257.034	11928	149	1408
257.041	11929	150	1408
257.049	11930	152	208
257.051	11931	153	1408
257.058	11932	155	1411
257.065	11933	156	1408
257.068	11934	153	208
257.073	11935	156	1408
257.08	11936	157	1408
257.093	11938	158	208
257.1	11940	158	1408
257.102	11941	155	208
257.105	11942	156	1408
257.11	11943	156	1408
257.113	11944	154	208
257.115	11945	156	1408
257.12	11946	156	1408
257.123	11947	154	208
257.129	11949	155	1408
257.133	11950	153	208
257.135	11951	156	1408
257.14	11952	155	1411
257.149	11953	160	1408
257.15	11954	155	208
257.152	11955	157	1408
257.162	11957	157	208
257.164	11958	159	1408
257.167	11959	156	1408
257.174	11960	159	208
257.179	11962	158	1408
257.18	11963	153	208
257.184	11964	156	1408
257.189	11965	156	1408
257.195	11966	154	208
257.197	11967	157	1408
257.204	11968	153	1408
257.214	11969	153	1411
257.222	11970	153	211
257.222	11971	153	208
257.225	11972	154	1408
257.234	11973	156	1408
257.242	11974	155	1411
257.249	11975	154	208
257.251	11976	155	1408
257.261	11977	156	1408
257.269	11978	156	208
257.271	11979	158	1408
257.28	11980	159	1408
257.291	11982	160	1408
257.298	11983	159	1408
257.307	11984	160	1411
257.314	11985	159	1411
257.321	11986	159	208
257.325	11988	157	1408
257.333	11989	158	208
257.335	11990	160	1408
257.342	11991	161	1411
257.347	11992	160	1408
257.355	11994	160	1408
257.362	11995	161	1408
257.365	11996	158	208
257.367	11997	160	1408
257.379	11999	160	1408
257.384	12000	159	208
257.388	12002	155	1411
257.395	12003	156	1408
257.4	12004	156	208
257.407	12006	156	1408
257.414	12008	156	1408
257.421	12009	157	1408
257.424	12010	153	208
257.428	12011	157	1408
257.435	12012	158	1408
257.438	12013	154	208
257.441	12014	156	1408
257.451	12015	159	1408
257.454	12016	156	208
257.456	12017	159	1408
257.463	12018	158	1408
257.468	12019	158	208
257.471	12020	159	1408
257.478	12021	160	1408
257.478	12022	155	208
257.481	12023	156	1408
257.49	12024	160	1408
257.496	12025	160	208
257.501	12027	158	211
257.504	12028	159	1408
257.507	12029	156	208
257.512	12031	154	1408
257.519	12033	155	1408
257.525	12035	148	1411
257.532	12036	150	208
257.534	12037	151	1408
257.54	12038	150	1408
257.545	12039	149	208
257.547	12040	150	1408
257.554	12041	151	1408
257.559	12042	151	211
257.56	12043	150	208
257.562	12044	151	1408
257.567	12045	150	1408
257.567	12046	145	208
257.57	12047	146	1408
257.579	12048	150	1408
257.585	12049	149	1411
257.592	12050	150	1411
257.597	12051	149	208
257.599	12052	150	1408
257.606	12053	151	1408
257.614	12054	153	1411
257.616	12055	150	211
257.62	12056	152	208
257.622	12057	153	1408
257.627	12058	152	1408
257.632	12059	152	208
257.64	12061	153	1408
257.65	12063	155	1408
257.654	12064	154	1408
257.662	12066	154	1408
257.669	12067	155	1408
257.672	12068	151	208
257.674	12069	154	1408
257.684	12070	157	1408
257.689	12071	156	208
257.691	12072	158	1408
257.696	12073	156	1408
257.699	12074	153	208
257.706	12076	153	1411
257.711	12077	151	1408
257.722	12079	150	211
257.722	12080	150	208
257.727	12081	153	1408
257.734	12082	154	1411
257.739	12083	153	1408
257.746	12084	154	208
257.748	12085	156	1408
257.754	12086	155	1408
257.757	12087	152	208
257.759	12088	153	1408
257.768	12089	157	1408
257.776	12092	152	1408
257.781	12093	151	208
257.783	12094	152	1408
257.791	12095	153	1408
257.796	12096	153	208
257.799	12097	154	1408
257.804	12098	154	1408
257.809	12099	153	208
257.811	12100	154	1408
257.821	12101	157	1408
257.824	12102	155	208
257.831	12104	155	1408
257.836	12105	154	208
257.842	12107	152	1408
257.849	12109	148	211
257.851	12110	148	208
257.857	12112	148	1408
257.865	12113	150	211
257.873	12116	148	1408
257.876	12117	145	208
257.878	12118	147	1408
257.881	12119	143	1408
257.886	12120	143	208
257.889	12121	144	1408
257.897	12122	145	1408
257.902	12123	144	1411
257.909	12124	145	208
257.911	12125	147	1408
257.916	12126	146	1408
257.924	12127	146	1411
257.933	12130	146	1408
257.936	12131	143	208
257.938	12132	145	1408
257.944	12133	145	1408
257.947	12134	143	208
257.949	12135	144	1408
257.956	12136	147	1408
257.959	12137	144	208
257.961	12138	146	1408
257.966	12139	145	1408
257.973	12140	147	211
257.976	12141	149	1411
257.976	12142	145	208
257.978	12143	146	1408
257.986	12144	149	1408
257.989	12145	146	208
257.993	12146	150	1408
257.998	12147	149	1408
258.003	12148	149	208
258.006	12149	151	1408
258.013	12150	151	1408
258.014	12151	144	208
258.017	12152	146	1408
258.028	12153	147	1411
258.038	12154	148	1408
258.045	12155	147	1411
258.054	12156	148	1411
258.064	12157	150	1411
258.069	12158	147	208
258.072	12159	148	211
258.074	12160	149	1411
258.082	12161	149	1408
258.092	12162	149	1408
258.099	12163	148	208
258.101	12164	150	1408
258.111	12165	151	1408
258.118	12166	150	208
258.121	12167	151	1408
258.131	12168	152	1408
258.136	12169	150	211
258.138	12170	151	1411
258.146	12171	153	208
258.148	12172	154	1408
258.158	12173	157	1408
258.158	12174	151	208
258.165	12175	157	1408
258.17	12176	156	1408
258.178	12177	158	208
258.181	12178	159	1408
258.186	12179	158	1408
258.186	12180	152	208
258.189	12181	153	1408
258.199	12182	157	1408
258.199	12183	152	208
258.206	12185	151	1408
258.214	12186	153	208
258.221	12188	153	1408
258.224	12189	150	208
258.229	12190	153	1408
258.234	12191	151	1408
258.239	12192	150	208
258.241	12193	152	1408
258.25	12194	155	1408
258.254	12195	152	208
258.259	12197	149	1408
258.264	12198	148	208
258.267	12199	150	1408
258.272	12200	149	1408
258.279	12201	151	208
258.282	12202	152	1408
258.288	12203	152	1408
258.294	12204	152	208
258.297	12205	153	1408
258.301	12206	152	1408
258.306	12207	151	208
258.309	12208	152	1408
258.316	12209	153	1408
258.324	12210	155	208
258.329	12212	152	1408
258.334	12213	152	208
258.336	12214	153	1408
258.344	12215	154	1408
258.345	12216	148	208
258.347	12217	150	1408
258.352	12218	148	1408
258.354	12219	145	208
258.357	12220	147	1408
258.367	12221	150	1408
258.372	12222	149	208
258.377	12223	152	1408
258.382	12224	151	1408
258.399	12227	154	1408
258.399	12228	148	208
258.404	12229	152	1408
258.411	12230	153	1411
258.42	12231	156	1408
258.428	12232	157	1411
258.431	12233	153	208
258.434	12234	154	1408
258.443	12235	157	1408
258.448	12236	156	208
258.45	12237	157	1408
258.46	12238	160	1408
258.466	12239	159	208
258.468	12240	160	1411
258.475	12241	161	1408
258.48	12242	159	1408
258.485	12243	159	208
258.488	12244	160	1408
258.493	12245	158	1408
258.5	12246	160	208
258.503	12248	156	1408
258.506	12249	153	208
258.509	12250	154	1408
258.516	12251	154	1408
258.524	12254	149	1408
258.533	12255	152	1411
258.536	12256	149	208
258.539	12257	151	1408
258.544	12258	149	1408
258.549	12259	148	208
258.551	12260	149	1408
258.558	12261	150	1408
258.565	12262	151	208
258.568	12263	152	1408
258.573	12264	151	1408
258.578	12265	151	208
258.58	12266	152	1408
258.585	12267	151	1408
258.596	12268	147	211
258.598	12269	150	1411
258.604	12270	148	208
258.608	12271	152	1408
258.613	12272	151	1408
258.621	12273	152	208
258.623	12274	154	1408
258.631	12275	155	1408
258.636	12276	154	208
258.638	12277	155	1408
258.643	12278	154	1408
258.647	12279	151	208
258.654	12281	152	1408
258.657	12282	148	208
258.663	12284	146	1408
258.668	12285	145	208
258.67	12286	146	1408
258.679	12287	150	1408
258.687	12288	151	208
258.692	12290	148	1408
258.697	12291	148	208
258.699	12292	149	1408
258.709	12293	153	1411
258.719	12294	155	1408
258.719	12295	149	208
258.724	12296	153	1408
258.726	12297	150	211
258.729	12298	151	1411
258.734	12299	150	1408
258.741	12300	151	208
258.744	12301	152	1408
258.754	12302	156	1408
258.757	12303	153	208
258.759	12304	154	1408
258.768	12305	158	1408
258.776	12306	159	208
258.778	12307	161	1408
258.784	12309	155	208
258.786	12310	158	1408
258.793	12311	160	1408
258.793	12312	155	208
258.796	12313	156	1408
258.805	12314	161	1408
258.806	12315	156	208
258.808	12316	158	1408
258.815	12317	159	1408
258.82	12318	160	208
258.823	12320	156	1408
258.826	12321	154	208
258.828	12322	156	1408
258.833	12323	155	1408
258.838	12324	155	208
258.84	12325	158	1408
258.845	12326	157	1408
258.846	12327	152	208
258.848	12328	155	1408
258.858	12329	153	1411
258.862	12330	153	1408
258.87	12331	155	1411
258.87	12332	151	208
258.875	12333	154	1408
258.882	12334	154	1408
258.887	12335	150	208
258.892	12336	154	1408
258.899	12337	153	1411
258.909	12338	154	1408
258.917	12339	154	208
258.92	12340	155	1408
258.929	12341	156	1408
258.935	12342	154	208
258.94	12343	157	1408
258.947	12344	155	1408
258.955	12345	155	208
258.959	12346	159	1408
258.969	12347	159	1408
258.974	12348	157	208
258.976	12349	158	1408
258.984	12350	157	1408
258.985	12351	151	208
258.989	12352	155	1411
258.994	12353	154	1408
259.003	12355	149	208
259.008	12356	153	1408
259.014	12357	154	1408
259.022	12359	155	1408
259.029	12360	156	1411
259.037	12361	156	1408
259.038	12362	151	208
259.045	12364	151	1408
259.052	12365	152	208
259.062	12367	153	1408
259.067	12368	152	208
259.069	12369	154	1408
259.074	12370	152	1408
259.082	12371	152	208
259.084	12372	154	1408
259.092	12373	155	1408
259.095	12374	152	208
259.097	12375	153	1408
259.106	12376	156	1408
259.109	12377	153	208
259.112	12378	154	1408
259.119	12379	156	1408
259.124	12380	154	208
259.126	12381	155	1408
259.131	12382	154	1408
259.137	12383	154	208
259.14	12385	148	1408
259.147	12386	150	208
259.15	12387	151	1408
259.157	12388	152	1408
259.16	12389	148	208
259.162	12390	150	1408
259.169	12391	151	1408
259.177	12392	153	208
259.179	12393	154	1408
259.185	12394	152	1408
259.187	12395	149	208
259.19	12396	150	1408
259.197	12397	152	1408
259.204	12398	152	208
259.207	12399	153	1411
259.214	12400	154	1408
259.219	12401	153	1408
259.226	12402	154	211
259.227	12403	153	208
259.229	12404	154	1408
259.24	12406	153	208
259.242	12407	155	1408
259.25	12408	155	1408
259.254	12409	154	1411
259.259	12410	153	208
259.262	12411	154	1408
259.269	12412	155	1411
259.272	12413	151	1408
259.277	12414	150	208
259.279	12415	152	1408
259.29	12416	155	1408
259.295	12417	154	208
259.3	12419	152	1408
259.305	12420	150	208
259.307	12421	152	1408
259.315	12422	153	1408
259.318	12423	150	208
259.32	12424	151	1408
259.327	12425	151	1408
259.329	12426	148	208
259.332	12427	150	1408
259.342	12428	154	1408
259.349	12429	154	1411
259.352	12430	151	208
259.357	12431	154	1408
259.364	12433	149	208
259.367	12434	151	1408
259.374	12435	152	1408
259.38	12436	151	208
259.39	12438	153	1408
259.392	12439	150	208
259.395	12440	151	1408
259.402	12441	152	1408
259.41	12442	153	208
259.412	12443	154	1408
259.419	12444	156	1408
259.42	12445	151	208
259.425	12446	154	1408
259.43	12447	152	1408
259.435	12448	151	208
259.437	12449	153	1408
259.443	12450	152	1411
259.45	12451	152	1408
259.455	12452	151	208
259.462	12454	152	1408
259.47	12455	152	208
259.472	12456	153	1408
259.478	12458	147	208
259.48	12459	149	1408
259.489	12460	151	1408
259.498	12461	153	208
259.5	12462	154	1408
259.507	12463	155	1411
259.514	12464	156	1408
259.517	12465	152	208
259.524	12467	153	1408
259.532	12468	154	208
259.537	12470	152	1408
259.545	12471	153	208
259.547	12472	155	1408
259.555	12474	150	208
259.558	12475	151	1408
259.567	12476	155	1408
259.572	12477	152	1411
259.577	12478	152	208
259.58	12479	153	1408
259.589	12480	157	1408
259.594	12481	155	1411
259.6	12482	154	208
259.602	12483	155	1408
259.609	12484	156	1408
259.612	12485	153	208
259.619	12487	155	1408
259.624	12488	154	208
259.626	12489	157	1408
259.631	12490	157	1408
259.634	12491	155	208
259.636	12492	156	1408
259.641	12493	156	1408
259.646	12494	156	208
259.648	12495	157	1408
259.656	12496	159	1408
259.656	12497	155	208
259.661	12498	158	1408
259.666	12499	158	1408
259.669	12500	156	208
259.673	12501	160	1411
259.678	12502	159	1408
259.685	12504	157	1411
259.689	12505	155	208
259.691	12506	156	1408
259.698	12507	158	1408
259.701	12508	156	208
259.705	12509	160	1408
259.71	12510	160	1408
259.715	12511	159	208
259.723	12513	157	1408
259.732	12514	158	1411
259.738	12515	155	208
259.74	12516	157	1408
259.75	12517	158	1411
259.757	12518	156	1408
259.767	12519	158	1411
259.775	12520	157	208
259.777	12521	157	1408
259.792	12523	156	208
259.795	12524	157	1408
259.802	12525	157	1408
259.808	12526	153	208
259.82	12528	155	1408
259.823	12529	152	1411
259.83	12530	154	208
259.833	12531	155	1408
259.84	12533	150	208
259.843	12534	151	1408
259.852	12535	155	1408
259.857	12536	153	208
259.86	12537	154	1408
259.867	12538	156	1408
259.87	12539	153	208
259.872	12540	154	1408
259.88	12541	154	1408
259.883	12542	151	208
259.887	12543	155	1408
259.89	12544	152	1411
259.895	12545	150	1408
259.903	12546	151	208
259.905	12547	153	1408
259.908	12548	149	1408
259.913	12549	148	208
259.915	12550	149	1408
259.925	12551	153	1408
259.93	12552	151	1411
259.935	12553	149	208
259.937	12554	151	1408
259.945	12555	153	1408
259.948	12556	150	208
259.95	12557	151	1408
259.957	12558	151	1408
259.96	12559	148	208
259.965	12560	151	1408
259.968	12561	148	1408
259.973	12562	146	208
259.975	12563	147	1408
259.982	12564	149	1408
259.985	12565	146	208
259.988	12566	147	1408
259.992	12567	145	1411
259.997	12568	144	1408
260	12569	140	208
260.002	12570	142	1408
260.007	12571	139	1408
260.095	12572	52	1411
260.101	12573	54	1411
260.105	12574	51	208
260.107	12575	52	1408
260.113	12576	53	1408
260.195	12577	50	208
260.197	12578	53	1408
260.204	12579	52	1408
260.209	12580	51	208
260.211	12581	53	1408
260.216	12582	52	1408
260.298	12583	53	208
260.3	12584	55	1408
260.309	12585	56	1408
260.312	12586	53	208
260.314	12587	54	1408
260.322	12588	56	1408
260.327	12589	55	208
260.331	12590	59	1408
260.339	12591	59	1408
260.342	12592	56	208
260.347	12593	60	1408
260.353	12594	61	1408
260.359	12595	61	208
260.362	12596	62	1408
260.369	12597	62	1408
260.376	12598	64	208
260.379	12599	65	1408
260.384	12600	64	1408
260.389	12601	64	208
260.391	12602	65	1408
260.401	12603	68	1408
260.407	12604	67	208
260.411	12605	71	1408
260.416	12606	70	1408
260.421	12607	69	208
260.424	12608	70	1408
260.434	12609	74	1408
260.437	12610	70	208
260.439	12611	72	1408
260.448	12612	75	1408
260.457	12613	77	208
260.459	12614	78	1408
260.466	12615	78	1408
260.471	12616	78	208
260.474	12617	79	1408
260.481	12618	81	1408
260.486	12619	80	208
260.488	12620	81	1408
260.498	12621	85	1408
260.506	12622	86	208
260.508	12623	87	1408
260.514	12624	86	1408
260.521	12625	88	208
260.523	12626	89	1408
260.531	12627	90	1408
260.536	12628	89	208
260.541	12629	93	1408
260.548	12630	93	1408
260.554	12631	94	208
260.556	12632	96	1408
260.561	12633	95	1408
260.568	12634	98	208
260.571	12635	100	1408
260.574	12636	98	1408
260.581	12637	100	208
260.584	12638	102	1408
260.586	12639	99	1408
260.593	12640	102	208
260.596	12641	103	1408
260.603	12642	106	1408
260.604	12643	101	208
260.609	12644	105	1408
260.615	12645	107	1408
260.619	12646	105	208
260.621	12647	106	1408
260.628	12648	109	1408
260.631	12649	106	208
260.633	12650	109	1408
260.641	12651	111	1408
260.643	12652	109	208
260.646	12653	111	1408
260.653	12654	113	1408
260.658	12655	113	208
260.663	12656	117	1408
260.666	12657	114	1408
260.671	12658	115	208
260.673	12659	116	1408
260.683	12660	116	1408
260.691	12661	116	208
260.695	12662	120	1408
260.706	12663	121	1408
260.711	12664	118	208
260.713	12665	119	1408
260.725	12666	123	1408
260.733	12667	123	208
260.736	12668	124	1408
260.745	12669	125	1408
260.755	12670	127	208
260.758	12671	128	1408
260.768	12672	129	1408
260.775	12673	129	208
260.778	12674	131	1408
260.79	12675	135	1408
260.796	12676	131	208
260.798	12677	133	1408
260.808	12678	136	1408
260.813	12679	136	208
260.815	12680	137	1408
260.822	12681	137	1408
260.828	12682	136	208
260.83	12683	138	1408
260.838	12684	139	1408
260.84	12685	136	208
260.843	12686	137	1408
260.853	12687	140	1408
260.855	12688	137	208
260.858	12689	138	1408
260.865	12690	139	1408
260.868	12691	136	208
260.871	12692	138	1408
260.88	12693	141	1408
260.882	12694	137	208
260.886	12695	139	1408
260.892	12696	140	1408
260.898	12697	139	208
260.9	12698	141	1408
260.905	12699	139	1408
260.913	12700	141	208
260.915	12701	143	1408
260.922	12702	143	1408
260.925	12703	140	208
260.927	12704	141	1408
260.937	12705	145	1408
260.938	12706	139	208
260.943	12707	143	1408
260.95	12708	144	1408
260.958	12709	145	208
260.96	12710	146	1408
260.967	12711	148	1408
260.972	12712	147	208
260.975	12713	148	1408
260.982	12714	150	1408
260.985	12715	147	208
260.99	12716	150	1408
260.997	12717	150	1408
261.005	12718	153	208
261.008	12719	154	1408
261.012	12720	153	1408
261.017	12721	152	208
261.02	12722	153	1408
261.028	12724	148	208
261.03	12725	151	1408
261.04	12726	153	1408
261.05	12728	156	1408
261.055	12729	155	1408
261.055	12730	150	208
261.057	12731	151	1408
261.067	12732	154	1408
261.073	12733	153	208
261.077	12735	151	1408
261.081	12736	149	208
261.088	12738	149	1408
261.095	12739	149	208
261.098	12740	151	1408
261.106	12741	152	1408
261.111	12742	151	208
261.113	12743	152	1408
261.118	12744	151	1408
261.123	12745	151	208
261.128	12746	154	1408
261.135	12747	155	1408
261.138	12748	151	208
261.14	12749	153	1408
261.146	12750	152	1408
261.155	12752	155	1408
261.16	12753	153	1408
261.163	12754	149	208
261.165	12755	152	1408
261.175	12756	155	1408
261.18	12757	154	208
261.185	12759	152	1408
261.193	12760	154	208
261.195	12761	155	1408
261.2	12762	154	1408
261.206	12763	152	208
261.208	12764	154	1408
261.215	12765	155	1408
261.218	12766	152	208
261.223	12768	150	1408
261.233	12769	153	1411
261.238	12770	152	208
261.245	12772	151	1408
261.251	12773	152	211
261.251	12774	151	208
261.261	12777	148	208
261.263	12778	149	1408
261.273	12779	151	1408
261.281	12781	148	208
261.286	12782	151	1408
261.293	12783	152	1411
261.3	12784	153	1408
261.305	12785	152	208
261.307	12786	153	1408
261.316	12787	155	1408
261.321	12788	154	208
261.323	12790	149	1408
261.331	12791	151	208
261.341	12793	153	1408
261.341	12794	148	208
261.35	12796	150	1408
261.356	12797	149	211
261.356	12798	149	208
261.359	12799	150	1408
261.368	12800	154	1408
261.374	12801	152	208
261.376	12802	153	1408
261.383	12803	155	1408
261.386	12804	151	208
261.39	12805	155	1411
261.398	12806	155	1408
261.403	12807	153	1408
261.408	12808	152	208
261.41	12809	154	1408
261.418	12810	155	1408
261.42	12811	152	208
261.423	12812	154	1408
261.43	12813	154	1411
261.44	12814	157	1408
261.443	12815	155	208
261.445	12816	156	1408
261.452	12817	160	1408
261.455	12818	157	1411
261.462	12820	159	1408
261.465	12821	153	1411
261.474	12822	158	1411
261.479	12823	158	1408
261.482	12824	157	208
261.484	12825	158	1408
261.489	12826	158	1411
261.496	12827	160	1408
261.507	12830	159	1408
261.509	12831	157	208
261.514	12833	155	1408
261.52	12834	156	208
261.522	12835	159	1408
261.529	12837	156	1411
261.532	12838	153	208
261.534	12839	155	1408
261.547	12840	156	1411
261.554	12841	156	1408
261.562	12842	155	1411
261.569	12843	155	208
261.574	12844	157	1408
261.583	12845	159	1408
261.589	12846	156	208
261.599	12848	156	1408
261.606	12849	156	208
261.62	12852	151	208
261.625	12853	155	1408
261.629	12854	151	1408
261.637	12855	151	208
261.639	12856	152	1408
261.651	12857	156	1408
261.657	12858	154	208
261.659	12859	156	1408
261.664	12860	154	1408
261.667	12861	151	211
261.669	12862	153	208
261.677	12864	153	1408
261.677	12865	148	208
261.682	12866	152	1408
261.687	12867	150	1408
261.69	12868	147	208
261.697	12869	152	1408
261.699	12870	149	1408
261.705	12871	148	208
261.705	12872	148	211
261.71	12873	151	1411
261.715	12874	150	1411
261.724	12875	152	1408
261.729	12876	151	1408
261.736	12877	153	1411
261.739	12878	149	208
261.741	12879	151	1408
261.748	12880	152	1408
261.754	12881	150	208
261.756	12882	152	1408
261.764	12883	153	1408
261.766	12884	150	208
261.769	12885	151	1408
261.776	12886	153	1408
261.782	12887	152	208
261.784	12888	154	1408
261.791	12889	154	1408
261.796	12890	153	208
261.799	12891	154	1408
261.811	12893	154	1408
261.816	12894	153	208
261.819	12895	155	1408
261.826	12896	156	1411
261.831	12897	154	1411
261.838	12898	156	1408
261.848	12900	158	1408
261.856	12902	154	208
261.859	12903	155	1408
261.866	12904	156	1408
261.867	12905	151	208
261.871	12906	155	1408
261.874	12907	151	1408
261.884	12908	154	1411
261.889	12909	153	208
261.891	12910	155	1408
261.896	12911	154	1408
261.899	12912	150	208
261.902	12913	152	1408
261.911	12914	156	1408
261.918	12915	156	208
261.921	12916	157	1408
261.926	12917	157	1408
261.926	12918	151	208
261.931	12919	155	1408
261.936	12920	154	1408
261.939	12921	151	208
261.946	12923	150	1408
261.959	12926	149	1408
261.964	12927	149	208
261.966	12928	150	1408
261.976	12929	154	1408
261.981	12930	152	208
261.984	12931	153	1408
261.989	12932	152	1408
261.992	12933	150	208
261.994	12934	151	1408
262.001	12935	152	1408
262.007	12936	152	208
262.01	12937	153	1408
262.014	12938	151	1411
262.029	12941	153	1408
262.034	12942	151	1408
262.039	12943	151	208
262.042	12944	152	1408
262.051	12945	155	1408
262.052	12946	150	211
262.062	12949	151	1411
262.071	12950	154	1408
262.076	12951	154	208
262.079	12952	155	1408
262.086	12953	156	1408
262.089	12954	152	208
262.093	12955	156	1408
262.098	12956	155	1408
262.103	12957	154	208
262.106	12958	155	1408
262.113	12959	156	1408
262.121	12960	157	208
262.123	12961	158	1408
262.129	12963	152	208
262.133	12964	156	1408
262.138	12965	155	1408
262.146	12966	156	208
262.148	12967	158	1408
262.156	12968	158	1411
262.163	12969	159	1408
262.168	12970	158	211
262.17	12971	160	1411
262.173	12972	157	208
262.178	12974	155	1408
262.185	12975	155	208
262.188	12976	156	1408
262.193	12977	156	1408
262.196	12978	152	208
262.2	12979	156	1408
262.205	12980	155	1408
262.208	12981	152	208
262.21	12982	153	1408
262.218	12983	154	1408
262.223	12984	153	208
262.23	12986	153	1408
262.238	12987	154	1411
262.243	12988	154	211
262.246	12990	154	1408
262.253	12991	155	1408
262.258	12992	154	208
262.263	12994	152	1408
262.266	12995	149	211
262.271	12996	152	1411
262.274	12997	151	208
262.276	12998	152	1408
262.282	13000	147	208
262.284	13001	150	1408
262.289	13002	150	1408
262.29	13003	145	208
262.294	13004	149	1408
262.301	13005	151	1408
262.305	13006	149	208
262.31	13008	148	1408
262.312	13009	146	208
262.315	13010	147	1408
262.32	13011	146	1408
262.327	13012	149	1411
262.332	13013	149	208
262.336	13015	147	1408
262.34	13016	142	208
262.343	13017	144	1408
262.35	13018	145	1408
262.355	13019	143	208
262.358	13020	145	1408
262.365	13021	145	1408
262.373	13022	144	1411
262.38	13023	144	208
262.382	13024	145	1408
262.392	13025	146	1408
262.398	13026	143	208
262.405	13027	149	1408
262.414	13028	150	1408
262.422	13029	149	208
262.424	13030	151	1408
262.434	13031	152	1411
262.446	13032	156	1408
262.454	13033	156	211
262.457	13034	157	208
262.459	13035	158	1408
262.467	13036	157	1408
262.479	13037	161	1411
262.484	13038	158	208
262.491	13040	158	1411
262.496	13041	157	1408
262.497	13042	151	208
262.501	13043	155	1408
262.508	13044	156	1408
262.516	13045	156	1411
262.521	13046	155	208
262.523	13047	157	1408
262.532	13048	160	1408
262.535	13049	157	208
262.537	13050	158	1408
262.542	13051	157	1408
262.55	13052	157	1411
262.555	13053	156	208
262.557	13054	157	1408
262.562	13055	156	1408
262.567	13056	156	208
262.57	13057	157	1408
262.577	13058	158	1408
262.58	13059	154	208
262.584	13060	158	1408
262.589	13061	157	1408
262.595	13062	156	208
262.597	13063	157	1408
262.601	13064	156	1408
262.61	13065	158	208
262.612	13066	159	1408
262.619	13067	159	1408
262.622	13068	156	208
262.624	13069	158	1408
262.634	13070	161	1408
262.636	13071	158	208
262.642	13073	156	1408
262.647	13074	155	208
262.652	13076	153	1408
262.655	13077	150	208
262.658	13078	151	1408
262.665	13079	152	1408
262.671	13080	152	208
262.673	13081	153	1408
262.68	13082	153	1408
262.682	13083	150	208
262.685	13084	151	1408
262.697	13086	152	1411
262.7	13087	149	208
262.71	13089	150	1408
262.717	13090	152	208
262.72	13091	153	1408
262.724	13092	152	1408
262.73	13093	151	208
262.732	13094	152	1408
262.742	13096	150	208
262.745	13097	151	1408
262.751	13098	152	1408
262.76	13099	154	208
262.762	13100	155	1408
262.77	13102	151	208
262.772	13103	153	1408
262.782	13104	155	1408
262.787	13105	155	208
262.789	13106	156	1408
262.797	13107	157	1408
262.799	13108	154	208
262.802	13109	156	1408
262.809	13110	157	1408
262.819	13112	158	1408
262.821	13113	155	1408
262.829	13114	156	208
262.836	13117	151	208
262.839	13118	153	1408
262.847	13119	154	1411
262.854	13120	154	1408
262.861	13121	156	1411
262.867	13122	155	208
262.871	13123	159	1408
262.876	13124	157	1408
262.883	13125	158	208
262.886	13126	159	1408
262.893	13127	160	1408
262.898	13128	159	208
262.9	13129	160	1408
262.912	13131	161	1411
262.915	13132	157	208
262.918	13133	158	1408
262.925	13134	159	1411
262.93	13135	159	1408
262.933	13136	156	208
262.943	13138	157	1408
262.95	13139	159	208
262.953	13140	160	1408
262.958	13141	159	1411
262.965	13142	160	1408
262.968	13143	157	208
262.97	13144	159	1408
262.975	13145	157	1408
262.983	13146	158	1411
262.988	13148	156	1408
262.992	13149	155	1408
262.998	13150	154	208
263.005	13152	154	1408
263.014	13154	156	1408
263.017	13155	153	1408
263.023	13156	152	211
263.023	13157	152	208
263.025	13158	153	1408
263.03	13159	152	1408
263.034	13160	148	208
263.036	13161	150	1408
263.043	13162	151	1411
263.051	13163	152	1411
263.056	13164	151	1408
263.061	13165	150	208
263.063	13166	152	1408
263.068	13167	150	1408
263.076	13168	152	208
263.078	13169	153	1408
263.086	13171	149	208
263.094	13173	149	1408
263.099	13174	148	208
263.104	13175	151	1408
263.111	13176	149	1411
263.116	13177	149	1408
263.119	13178	147	208
263.126	13179	153	1408
263.128	13180	150	1408
263.134	13181	150	208
263.136	13182	151	1408
263.146	13183	153	1411
263.153	13184	155	1408
263.156	13185	153	208
263.158	13186	155	1408
263.164	13188	149	208
263.166	13189	151	1408
263.174	13190	153	1408
263.176	13191	151	208
263.179	13192	153	1408
263.185	13193	153	1408
263.191	13194	153	211
263.191	13195	154	208
263.194	13196	155	1408
263.198	13197	155	1408
263.209	13198	153	1411
263.212	13199	151	208
263.214	13200	153	1408
263.221	13201	155	211
263.229	13203	152	208
263.236	13205	150	1408
263.242	13206	147	208
263.247	13207	150	1408
263.256	13208	151	1408
263.261	13209	148	208
263.266	13210	151	1408
263.276	13211	152	1408
263.286	13212	153	208
263.288	13213	155	1408
263.295	13214	153	1411
263.305	13215	155	1411
263.323	13217	155	208
263.326	13218	156	1408
263.331	13219	155	1408
263.336	13220	154	208
263.341	13222	152	1408
263.347	13223	151	208
263.352	13224	154	1408
263.354	13225	151	1408
263.359	13226	149	208
263.364	13227	152	1408
263.367	13228	149	1411
263.374	13229	149	1408
263.379	13230	149	208
263.382	13231	150	1408
263.389	13232	150	1408
263.392	13233	147	208
263.394	13234	148	1408
263.402	13235	149	1408
263.405	13236	146	208
263.409	13237	150	1408
263.416	13238	150	1408
263.419	13239	146	208
263.422	13240	148	1408
263.432	13241	151	1411
263.436	13242	150	1411
263.443	13243	150	1408
263.446	13244	147	208
263.451	13245	151	1408
263.458	13246	151	1408
263.463	13247	150	208
263.466	13248	151	1408
263.473	13249	152	1408
263.481	13250	154	208
263.483	13251	155	1408
263.491	13252	155	1408
263.494	13253	153	208
263.503	13255	154	1408
263.509	13256	153	208
263.511	13257	154	1408
263.521	13258	157	1408
263.526	13259	156	208
263.528	13260	157	1408
263.535	13261	158	1411
263.538	13262	155	1408
263.543	13263	153	208
263.545	13264	154	1411
263.552	13265	155	1408
263.56	13266	155	1408
263.565	13267	155	208
263.57	13268	158	1408
263.577	13269	158	1408
263.58	13270	155	208
263.584	13271	159	1408
263.589	13272	157	1408
263.597	13273	158	208
263.599	13274	159	1408
263.609	13275	162	1408
263.611	13276	159	208
263.614	13277	160	1408
263.617	13278	156	1408
263.625	13279	158	208
263.627	13280	159	1408
263.632	13281	157	1408
263.638	13282	157	208
263.644	13284	156	1408
263.647	13285	153	208
263.65	13286	154	1408
263.657	13287	155	1408
263.664	13288	156	208
263.675	13291	153	208
263.682	13293	152	1408
263.686	13294	149	208
263.688	13295	150	1408
263.695	13296	150	1408
263.703	13297	152	208
263.71	13299	151	1411
263.715	13300	151	1408
263.723	13301	151	208
263.725	13302	153	1408
263.73	13303	151	1408
263.736	13304	150	208
263.738	13305	152	1408
263.745	13306	152	1408
263.75	13307	150	208
263.753	13308	152	1408
263.767	13311	153	1408
263.772	13312	151	1408
263.78	13313	152	208
263.782	13314	154	1408
263.789	13315	155	1408
263.793	13316	151	208
263.802	13318	154	1408
263.809	13319	154	208
263.812	13320	155	1408
263.819	13321	157	1408
263.827	13322	157	208
263.829	13323	159	1408
263.839	13325	156	208
263.844	13326	159	1408
263.848	13327	158	1408
263.859	13329	155	208
263.861	13330	157	1408
263.869	13331	157	1408
263.874	13332	157	208
263.879	13334	153	1411
263.889	13335	157	1411
263.904	13337	159	1408
263.909	13338	157	208
263.914	13340	155	1408
263.922	13341	156	1411
263.929	13343	156	1408
263.936	13344	157	1408
263.939	13345	153	208
263.948	13347	155	1408
263.951	13348	152	208
263.961	13350	156	1408
263.971	13353	154	1411
263.976	13354	154	211
263.979	13355	156	1408
263.982	13356	154	208
263.984	13357	155	1408
263.989	13358	155	1408
263.992	13359	153	208
263.998	13362	145	1411
264.003	13363	145	208
264.005	13364	148	1408
264.013	13365	149	1408
264.016	13366	147	208
264.026	13368	147	1408
264.036	13369	146	1411
264.044	13372	143	1408
264.053	13373	143	1411
264.058	13374	141	208
264.063	13375	144	1408
264.073	13376	146	1408
264.08	13377	144	1411
264.088	13378	143	208
264.093	13379	146	1408
264.105	13380	149	1411
264.115	13381	151	1411
264.127	13382	155	1408
264.135	13383	153	211
264.135	13384	153	208
264.138	13385	154	1408
264.15	13386	157	1408
264.157	13387	155	1411
264.162	13388	153	208
264.167	13389	157	1408
264.177	13390	159	1411
264.18	13391	156	211
264.185	13393	153	1408
264.19	13394	152	208
264.193	13395	154	1408
264.202	13396	156	1408
264.206	13397	155	1411
264.216	13398	157	1411
264.221	13399	157	208
264.229	13401	156	1408
264.236	13402	157	1411
264.241	13403	155	208
264.243	13404	157	1408
264.248	13405	156	1408
264.256	13406	156	211
264.258	13407	158	1411
264.263	13408	157	208
264.265	13409	158	1408
264.273	13410	158	1408
264.278	13411	158	208
264.28	13412	159	1408
264.288	13413	159	1408
264.291	13414	156	208
264.295	13415	160	1408
264.303	13416	160	1408
264.31	13418	161	1408
264.316	13420	153	208
264.318	13421	155	1408
264.325	13422	155	1408
264.333	13423	156	208
264.335	13424	157	1408
264.338	13425	153	1408
264.343	13426	153	208
264.346	13427	154	1408
264.356	13428	157	1408
264.356	13429	151	208
264.361	13430	155	1408
264.365	13431	153	1408
264.373	13432	155	208
264.38	13434	154	1408
264.395	13437	155	1411
264.4	13438	154	1408
264.407	13439	154	208
264.412	13440	158	1408
264.417	13441	157	1408
264.422	13442	155	208
264.427	13443	158	1408
264.432	13444	157	1408
264.442	13446	154	208
264.444	13447	156	1408
264.452	13448	156	1408
264.457	13449	156	208
264.462	13450	159	1408
264.466	13451	157	1408
264.474	13452	159	208
264.476	13453	160	1408
264.486	13454	162	1408
264.491	13456	161	1408
264.498	13457	160	1408
264.503	13458	160	208
264.506	13460	155	1408
264.514	13461	156	208
264.516	13462	157	1408
264.524	13463	159	211
264.531	13465	158	1408
264.532	13466	153	208
264.542	13468	155	1408
264.544	13469	151	208
264.549	13470	154	1408
264.556	13471	155	1408
264.564	13472	156	208
264.566	13473	157	1408
264.573	13474	159	1408
264.576	13475	155	208
264.586	13478	151	1411
264.594	13479	153	208
264.604	13483	148	1408
264.612	13484	149	208
264.615	13485	150	1408
264.624	13486	153	1408
264.627	13487	150	208
264.635	13489	150	1408
264.64	13490	149	208
264.645	13491	152	1411
264.648	13492	150	1408
264.655	13493	149	1408
264.658	13494	147	208
264.663	13496	144	1408
264.669	13497	143	208
264.673	13498	147	1408
264.681	13499	147	1408
264.684	13500	144	208
264.686	13501	146	1408
264.69	13502	142	211
264.692	13503	144	1408
264.699	13504	145	208
264.702	13505	146	1408
264.709	13506	147	1411
264.716	13507	148	1408
264.721	13508	146	208
264.724	13509	147	1408
264.731	13510	148	1411
264.739	13511	149	1408
264.745	13512	150	1411
264.753	13513	151	208
264.755	13514	152	1408
264.765	13515	155	1408
264.773	13516	156	208
264.775	13517	158	1408
264.782	13518	157	1408
264.786	13519	155	208
264.793	13521	154	1411
264.802	13522	158	1411
264.812	13523	162	1408
264.814	13524	160	1411
264.822	13525	162	211
264.824	13526	164	1411
264.829	13528	163	1408
264.832	13529	160	1408
264.835	13530	158	208
264.837	13531	160	1408
264.847	13533	158	1411
264.852	13534	159	208
264.857	13536	157	1408
264.858	13537	153	208
264.862	13538	157	1408
264.867	13539	156	1408
264.874	13540	157	1411
264.879	13541	158	208
264.881	13542	159	1408
264.888	13543	161	1408
264.889	13544	156	208
264.891	13545	157	1408
264.901	13546	162	1408
264.904	13547	159	208
264.906	13548	160	1408
264.914	13549	159	1408
264.919	13550	155	208
264.928	13552	155	1408
264.939	13553	157	208
264.941	13554	157	1408
264.948	13555	156	1408
264.958	13556	158	208
264.961	13557	158	1408
264.971	13558	160	1408
264.976	13559	157	208
264.984	13561	154	1408
264.99	13562	151	208
264.992	13563	152	1408
265.004	13565	149	1408
265.012	13566	150	208
265.014	13567	152	1408
265.024	13568	155	1408
265.024	13569	148	208
265.027	13570	149	1408
265.032	13571	148	211
265.034	13572	150	1408
265.042	13573	150	208
265.044	13574	152	1408
265.046	13575	148	1411
265.056	13576	150	1408
265.063	13577	151	1411
265.066	13578	148	208
265.071	13579	151	1408
265.078	13580	151	1408
265.081	13581	148	208
265.084	13582	150	1408
265.091	13583	150	1408
265.096	13584	149	208
265.1	13585	153	1408
265.105	13586	151	1408
265.114	13587	152	208
265.116	13588	154	1408
265.123	13589	154	1408
265.126	13590	150	208
265.128	13591	152	1408
265.136	13592	153	1411
265.143	13593	153	1408
265.151	13594	156	208
265.153	13595	157	1408
265.16	13596	157	1408
265.163	13597	153	208
265.166	13598	154	1408
265.173	13599	156	1408
265.18	13600	156	208
265.183	13601	157	1408
265.187	13602	156	1408
265.197	13603	159	1411
265.201	13604	155	208
265.203	13605	157	1408
265.208	13606	155	1408
265.215	13607	155	1411
265.22	13608	155	208
265.223	13609	156	1408
265.229	13610	156	1408
265.235	13611	156	208
265.238	13612	157	1408
265.242	13613	155	1408
265.248	13614	153	208
265.25	13615	155	1408
265.258	13616	156	1408
265.263	13617	155	208
265.266	13619	150	1408
265.274	13620	151	208
265.276	13621	152	1408
265.279	13622	149	1408
265.286	13623	150	208
265.289	13624	151	1408
265.294	13625	149	1408
265.297	13626	146	208
265.299	13627	148	1408
265.309	13628	150	1408
265.312	13629	147	208
265.314	13630	149	1408
265.322	13631	149	1408
265.325	13632	145	208
265.327	13633	146	1408
265.336	13634	150	1408
265.348	13637	148	1408
265.354	13638	147	208
265.357	13639	148	1408
265.366	13640	151	1408
265.371	13641	150	208
265.374	13642	151	1408
265.379	13643	150	1408
265.387	13644	151	208
265.389	13645	152	1408
265.397	13646	153	1408
265.401	13647	150	208
265.403	13648	151	1408
265.415	13650	150	208
265.42	13651	153	1408
265.422	13652	150	1408
265.428	13653	148	208
265.43	13654	150	1408
265.437	13655	150	1408
265.445	13656	151	208
265.454	13658	153	1408
265.46	13659	152	208
265.462	13660	153	1408
265.474	13662	151	1408
265.477	13663	148	208
265.482	13664	151	1408
265.489	13665	151	1408
265.496	13666	152	208
265.499	13667	154	1408
265.506	13668	155	1408
265.511	13669	153	208
265.516	13670	157	1408
265.523	13671	157	1408
265.529	13672	156	208
265.533	13673	160	1408
265.54	13674	161	1408
265.546	13675	160	208
265.548	13676	161	1408
265.551	13677	158	1408
265.556	13678	156	211
265.559	13679	157	1411
265.564	13680	157	208
265.566	13681	158	1408
265.572	13682	155	1408
265.577	13683	154	208
265.579	13684	156	1408
265.59	13686	152	208
265.592	13687	153	1408
265.597	13688	151	1408
265.602	13689	150	208
265.607	13690	154	1408
265.615	13691	149	1411
265.624	13692	153	1408
265.627	13693	148	208
265.629	13694	151	1408
265.642	13698	146	1408
265.652	13699	147	1411
265.657	13700	147	208
265.662	13701	149	1408
265.676	13702	152	1411
265.681	13703	152	1408
265.687	13704	152	208
265.691	13705	156	1408
265.699	13706	158	1408
265.702	13707	156	208
265.704	13708	158	1408
265.709	13710	153	208
265.712	13711	154	1408
265.717	13712	154	1408
265.718	13713	150	208
265.725	13715	151	1408
265.728	13716	148	208
265.73	13717	151	1408
265.74	13718	154	1408
265.745	13719	152	208
265.747	13720	153	1408
265.765	13722	153	208
265.767	13723	154	1408
265.777	13724	155	1408
265.78	13725	149	208
265.784	13726	152	1408
265.794	13727	153	1411
265.804	13728	154	1408
265.809	13729	151	208
265.812	13730	152	1408
265.823	13731	155	1408
265.832	13732	155	208
265.836	13733	158	1408
265.846	13734	159	1408
265.855	13735	160	1411
265.86	13736	159	211
265.863	13737	160	1411
265.868	13738	159	208
265.871	13739	160	1408
265.878	13740	161	1408
265.881	13741	157	208
265.886	13742	161	1408
265.888	13743	157	1408
265.894	13744	156	208
265.896	13745	158	1408
265.901	13746	156	1408
265.906	13747	155	208
265.911	13749	153	1408
265.921	13750	155	1411
265.926	13751	154	208
265.928	13752	155	1408
265.931	13753	151	1411
265.94	13754	155	1408
265.943	13755	151	208
265.95	13756	157	1408
265.955	13757	155	1408
265.96	13758	154	208
265.963	13760	149	1408
265.972	13761	152	1411
265.98	13762	154	208
265.983	13763	155	1408
265.987	13764	153	1408
265.995	13765	155	208
265.997	13766	156	1408
266.007	13767	159	1408
266.008	13768	153	208
266.013	13769	157	1408
266.017	13770	155	1408
266.025	13771	156	208
266.027	13772	158	1408
266.035	13773	158	1408
266.04	13774	157	208
266.042	13775	158	1408
266.05	13777	153	208
266.052	13778	155	1408
266.059	13779	156	1408
266.063	13780	152	208
266.065	13781	154	1408
266.072	13782	155	1408
266.078	13783	153	208
266.082	13784	157	1408
266.085	13785	154	1408
266.088	13786	150	208
266.098	13788	152	1408
266.103	13789	150	208
266.107	13790	154	1408
266.112	13791	153	1408
266.12	13792	153	1411
266.125	13793	153	208
266.127	13794	154	1408
266.135	13795	155	1408
266.14	13797	153	1408
266.147	13798	152	1408
266.15	13799	150	208
266.155	13800	153	1408
266.16	13801	151	1408
266.17	13802	155	1411
266.179	13804	157	1408
266.186	13805	158	1408
266.19	13806	154	208
266.195	13808	152	1408
266.202	13809	152	208
266.204	13810	154	1408
266.212	13811	156	1408
266.219	13812	156	208
266.224	13814	154	1408
266.228	13815	151	208
266.23	13816	153	1408
266.24	13817	155	1408
266.242	13818	152	208
266.245	13819	153	1408
266.254	13820	156	1408
266.259	13821	154	1411
266.267	13822	156	208
266.269	13823	157	1408
266.277	13825	152	208
266.285	13827	152	1408
266.287	13828	148	208
266.29	13829	149	1408
266.297	13830	150	1408
266.305	13831	151	1411
266.31	13832	150	208
266.314	13833	154	1408
266.322	13834	154	1408
266.322	13835	149	208
266.325	13836	150	1408
266.334	13837	152	1408
266.34	13838	152	208
266.344	13839	156	1408
266.35	13840	154	211
266.352	13841	155	1408
266.357	13842	155	208
266.364	13844	154	1408
266.37	13845	153	208
266.379	13847	155	1408
266.384	13848	154	211
266.385	13849	153	208
266.387	13850	155	1408
266.402	13852	156	1411
266.403	13853	150	208
266.405	13854	152	1408
266.412	13855	153	1408
266.415	13856	150	208
266.417	13857	151	1408
266.427	13858	153	1408
266.437	13860	151	208
266.44	13861	152	1408
266.444	13862	151	1408
266.452	13863	152	208
266.455	13864	153	1408
266.462	13865	154	1408
266.467	13866	152	208
266.475	13868	154	1408
266.487	13871	153	1408
266.494	13872	155	1411
266.504	13874	155	208
266.507	13875	156	1408
266.514	13876	158	1408
266.526	13879	158	1408
266.533	13881	160	1408
266.541	13883	157	208
266.543	13884	158	1408
266.548	13885	158	1408
266.551	13886	157	208
266.553	13887	158	1408
266.558	13888	156	1408
266.57	13889	156	1411
266.573	13890	153	208
266.575	13891	156	1408
266.587	13892	158	1411
266.597	13893	160	1408
266.603	13894	156	208
266.605	13895	158	1408
266.616	13896	159	1411
266.622	13897	158	1408
266.63	13898	157	208
266.632	13899	158	1408
266.642	13900	159	1408
266.651	13901	159	1411
266.657	13902	156	208
266.662	13903	159	1408
266.672	13904	161	1408
266.675	13905	156	208
266.682	13907	153	1411
266.692	13908	153	1411
266.698	13909	153	211
266.7	13910	154	1408
266.705	13911	152	208
266.707	13912	154	1408
266.712	13913	153	1411
266.72	13914	154	1408
266.725	13915	153	208
266.728	13916	154	1408
266.733	13917	152	211
266.736	13919	149	211
266.739	13920	150	1408
266.746	13922	145	208
266.749	13923	146	1408
266.758	13924	149	1408
266.763	13925	148	208
266.768	13927	146	1408
266.776	13928	147	208
266.779	13929	148	1408
266.786	13930	149	1408
266.789	13931	146	208
266.791	13932	147	1408
266.799	13933	148	1408
266.802	13934	144	208
266.806	13935	148	1408
266.811	13936	147	1408
266.819	13937	147	208
266.821	13938	148	1408
266.826	13939	148	1408
266.832	13940	146	208
266.837	13941	150	1408
266.844	13942	151	1408
266.849	13943	150	208
266.854	13944	153	1408
266.861	13945	154	1408
266.871	13947	156	1408
266.876	13948	155	1408
266.881	13949	153	208
266.883	13950	155	1408
266.89	13951	156	1411
266.9	13952	158	1408
266.903	13953	155	208
266.908	13954	159	1408
266.912	13955	157	1408
266.918	13956	156	208
266.923	13958	153	1408
266.928	13959	152	208
266.933	13960	156	1408
266.94	13961	157	1408
266.947	13962	158	1411
266.957	13963	160	1411
266.962	13964	160	208
266.969	13966	159	1408
266.972	13967	156	208
266.974	13968	157	1408
266.987	13970	157	1408
266.99	13971	153	208
266.992	13972	155	1408
267.002	13973	157	1408
267.005	13974	154	208
267.007	13975	155	1408
267.017	13976	158	1408
267.024	13978	159	1408
267.031	13979	159	1408
267.034	13980	155	208
267.036	13981	157	1408
267.044	13982	158	1408
267.049	13983	157	208
267.051	13984	158	1408
267.057	13985	156	1408
267.06	13986	153	208
267.065	13987	157	1408
267.069	13988	155	1408
267.074	13989	154	211
267.075	13990	153	208
267.077	13991	155	1408
267.082	13992	153	1408
267.088	13993	152	208
267.095	13995	151	1408
267.1	13996	151	208
267.103	13997	152	1408
267.11	13998	153	1408
267.113	13999	149	208
267.115	14000	151	1408
267.123	14001	151	1408
267.13	14002	152	1411
267.132	14003	148	208
267.135	14004	149	1408
267.155	14008	149	1408
267.16	14009	149	208
267.163	14010	150	1408
267.172	14011	153	1411
267.178	14012	152	1408
267.185	14013	153	208
267.19	14015	150	1411
267.2	14016	153	1408
267.21	14018	156	1408
267.218	14020	151	208
267.225	14021	157	1408
267.227	14022	153	211
267.23	14023	154	1408
267.231	14024	150	208
267.233	14025	151	1408
267.24	14026	151	1408
267.248	14027	153	208
267.258	14029	154	1408
267.258	14030	149	208
267.261	14031	150	1408
267.268	14032	150	1408
267.275	14033	152	208
267.277	14034	153	1408
267.285	14035	154	1408
267.29	14036	153	208
267.292	14037	154	1408
267.302	14038	156	1411
267.307	14039	155	1408
267.314	14040	155	208
267.317	14041	157	1408
267.324	14042	158	1408
267.329	14043	156	208
267.336	14045	158	1408
267.34	14046	156	208
267.349	14048	159	1408
267.354	14049	159	208
267.356	14050	161	1408
267.369	14052	159	211
267.371	14053	162	1411
267.376	14054	161	1408
267.381	14055	161	208
267.384	14057	157	1408
267.389	14058	158	208
267.391	14059	159	1408
267.396	14060	156	1411
267.404	14061	158	1408
267.412	14064	152	211
267.414	14065	155	1408
267.424	14066	156	1411
267.426	14067	152	208
267.429	14068	153	1408
267.434	14069	151	1408
267.442	14070	149	208
267.444	14071	151	1408
267.456	14072	154	1408
267.468	14073	157	1411
267.474	14074	154	208
267.479	14075	157	1408
267.481	14076	152	1408
267.491	14077	153	208
267.494	14078	154	1408
267.502	14079	153	1408
267.51	14080	152	208
267.512	14081	153	1408
267.519	14082	152	1408
267.522	14083	146	208
267.527	14084	149	1408
267.534	14085	148	1408
267.544	14086	151	1411
267.549	14087	150	208
267.552	14088	152	1411
267.556	14089	150	1408
267.564	14090	152	1408
267.569	14091	149	1411
267.574	14092	149	208
267.576	14093	150	1408
267.584	14094	150	1408
267.588	14095	149	1411
267.596	14096	150	208
267.599	14097	151	1408
267.606	14098	153	1408
267.611	14099	151	208
267.613	14100	152	1408
267.618	14101	151	211
267.621	14102	152	1411
267.628	14103	153	1408
267.634	14104	153	208
267.636	14105	154	1408
267.646	14106	156	1408
267.649	14107	153	208
267.653	14108	157	1408
267.658	14109	156	1408
267.664	14110	154	208
267.668	14111	158	1408
267.675	14112	159	1408
267.678	14113	155	208
267.68	14114	156	1408
267.688	14115	158	1408
267.695	14117	157	1408
267.7	14118	156	1408
267.708	14119	156	208
267.71	14120	158	1408
267.715	14121	157	1408
267.72	14122	155	208
267.723	14123	156	1408
267.73	14124	157	1408
267.735	14125	155	208
267.739	14126	159	1408
267.745	14127	157	1408
267.752	14128	158	208
267.755	14129	159	1408
267.765	14131	156	208
267.77	14133	153	1408
267.775	14134	152	208
267.778	14135	153	1408
267.787	14136	156	1408
267.793	14137	154	208
267.795	14138	156	1408
267.806	14140	153	208
267.811	14142	150	1408
267.816	14143	148	208
267.818	14144	150	1408
267.828	14145	152	1408
267.831	14146	149	208
267.839	14148	149	1408
267.848	14150	151	1408
267.854	14151	149	1408
267.856	14152	145	208
267.861	14153	149	1408
267.866	14154	146	1408
267.874	14155	148	208
267.876	14156	150	1408
267.886	14157	152	1408
267.889	14158	148	208
267.899	14160	150	211
267.901	14161	152	1408
267.906	14162	150	208
267.911	14163	153	1408
267.916	14164	152	1408
267.919	14165	149	208
267.921	14166	150	1408
267.931	14167	152	1408
267.939	14168	153	208
267.941	14169	154	1408
267.946	14170	152	1408
267.949	14171	149	208
267.954	14172	153	1408
267.961	14173	153	1408
267.964	14174	150	208
267.969	14175	154	1411
267.976	14176	154	1411
267.984	14177	154	1408
267.988	14178	153	1408
267.996	14179	153	208
267.998	14180	155	1408
268.008	14181	157	1408
268.015	14182	158	1411
268.017	14183	154	1411
268.025	14184	155	208
268.027	14185	156	1408
268.035	14186	156	1408
268.042	14187	156	208
268.044	14188	156	1411
268.055	14189	157	211
268.06	14190	160	1408
268.064	14191	159	1408
268.072	14192	159	208
268.074	14193	160	1408
268.081	14194	161	1408
268.089	14195	161	208
268.091	14196	163	1408
268.096	14197	161	1408
268.104	14199	156	1411
268.114	14200	159	1408
268.121	14201	160	1408
268.126	14202	158	208
268.133	14204	157	1408
268.139	14205	156	208
268.143	14206	160	1408
268.148	14207	158	1408
268.153	14208	156	208
268.156	14209	157	1408
268.164	14210	158	1408
268.169	14211	157	208
268.171	14212	158	1408
268.176	14213	157	1408
268.179	14214	155	208
268.186	14216	156	1408
268.191	14217	155	208
268.196	14219	154	1408
268.199	14220	152	208
268.201	14221	154	1408
268.208	14222	156	1408
268.216	14224	157	1408
268.218	14225	154	1408
268.223	14226	154	208
268.226	14227	155	1408
268.233	14228	156	1408
268.238	14229	157	208
268.241	14232	147	208
268.244	14233	149	1408
268.259	14234	149	1408
268.261	14235	147	208
268.264	14236	149	1408
268.274	14237	149	1408
268.28	14238	146	208
268.284	14239	149	1408
268.294	14240	149	1408
268.299	14241	146	208
268.299	14242	145	211
268.302	14243	147	1408
268.314	14244	150	1408
268.322	14245	148	208
268.324	14246	148	1408
268.334	14247	149	1411
268.344	14248	150	1408
268.352	14249	149	208
268.354	14250	150	1408
268.362	14251	149	1408
268.369	14252	147	208
268.371	14253	149	1408
268.379	14254	149	1408
268.388	14255	152	1411
268.389	14256	147	208
268.394	14257	150	1408
268.401	14258	151	1411
268.406	14259	148	1408
268.411	14260	147	208
268.416	14261	150	1408
268.419	14262	147	211
268.421	14263	149	1408
268.429	14264	149	208
268.431	14265	151	1408
268.439	14266	152	1408
268.444	14267	149	1411
268.453	14268	153	1411
268.458	14269	151	208
268.461	14270	153	1408
268.468	14271	152	1408
268.475	14272	153	208
268.478	14273	154	1408
268.485	14274	156	1408
268.491	14275	154	208
268.493	14276	155	1408
268.497	14277	153	1408
268.506	14278	154	208
268.508	14279	155	1408
268.518	14281	153	208
268.521	14282	154	1408
268.53	14283	157	1408
268.536	14284	155	208
268.54	14286	153	1408
268.546	14287	152	208
268.551	14288	155	1408
268.556	14289	153	1408
268.561	14290	152	208
268.566	14291	155	1408
268.571	14292	154	1408
268.576	14293	152	208
268.584	14296	146	208
268.589	14297	149	1408
268.596	14298	150	1408
268.602	14299	149	208
268.604	14300	151	1408
268.611	14301	151	1408
268.617	14302	149	208
268.621	14303	153	1408
268.629	14305	148	208
268.632	14306	149	1408
268.637	14307	147	1408
268.644	14308	148	208
268.647	14309	149	1408
268.654	14310	150	1408
268.659	14311	149	208
268.662	14312	150	1408
268.671	14313	153	1408
268.679	14315	152	1408
268.686	14316	152	1408
268.689	14317	149	208
268.691	14318	151	1408
268.701	14319	153	1408
268.706	14320	152	208
268.709	14321	153	1408
268.716	14322	154	1408
268.723	14323	155	1411
268.727	14324	151	208
268.729	14325	153	1408
268.734	14326	150	1408
268.743	14327	153	1411
268.746	14328	150	208
268.751	14329	154	1408
268.761	14330	156	1408
268.763	14331	152	208
268.768	14332	155	1408
268.776	14333	156	1408
268.779	14334	153	208
268.783	14335	157	1408
268.788	14336	153	1411
268.796	14337	155	1411
268.801	14338	153	1408
268.808	14339	154	208
268.811	14340	155	1408
268.821	14341	158	1408
268.823	14342	155	208
268.835	14344	156	1411
268.84	14345	154	1408
268.848	14346	155	208
268.85	14347	157	1408
268.86	14348	159	1408
268.865	14349	157	208
268.867	14350	158	1408
268.875	14352	154	208
268.878	14353	155	1408
268.885	14354	156	211
268.887	14355	157	1408
268.893	14356	156	208
268.895	14357	157	1408
268.9	14358	156	1408
268.906	14359	154	208
268.908	14360	156	1408
268.913	14361	154	1408
268.918	14362	152	208
268.921	14363	153	1408
268.928	14364	154	1408
268.936	14366	154	1408
268.945	14368	150	208
268.948	14369	151	1408
268.953	14370	150	1408
268.96	14371	151	208
268.963	14372	152	1408
268.97	14373	152	1408
268.977	14374	153	208
268.98	14375	154	1408
268.987	14376	156	1408
268.99	14377	151	208
268.992	14378	153	1408
268.999	14379	153	1408
269.007	14380	154	208
269.009	14381	156	1408
269.017	14382	158	1408
269.02	14383	155	208
269.024	14384	159	1408
269.031	14385	161	1408
269.035	14386	158	208
269.044	14388	159	1411
269.049	14389	158	1408
269.05	14390	155	208
269.057	14392	155	1408
269.063	14393	153	208
269.07	14395	153	1408
269.08	14396	154	1411
269.083	14397	152	208
269.085	14398	154	1408
269.092	14399	155	1408
269.098	14400	152	208
269.108	14403	147	208
269.11	14404	149	1408
269.12	14405	149	1408
269.126	14406	146	208
269.133	14408	144	211
269.136	14409	144	1408
269.148	14410	147	1411
269.156	14411	146	208
269.158	14412	147	1408
269.165	14413	146	1408
269.173	14414	145	208
269.178	14415	148	1408
269.185	14416	147	1408
269.194	14417	146	208
269.196	14418	146	1408
269.205	14419	147	1408
269.208	14420	143	208
269.211	14421	144	1408
269.22	14422	148	1408
269.228	14423	149	208
269.23	14424	150	1408
269.235	14425	147	1408
269.243	14426	149	1411
269.246	14427	145	208
269.248	14428	147	1408
269.257	14429	149	1411
269.263	14430	147	1408
269.272	14431	149	1411
269.28	14432	151	208
269.282	14433	152	1408
269.287	14434	150	1408
269.292	14435	148	208
269.294	14436	150	1408
269.302	14437	150	1408
269.307	14438	150	208
269.31	14439	151	1411
269.319	14440	154	1411
269.326	14441	154	1408
269.334	14442	154	1408
269.338	14443	153	1411
269.346	14444	153	208
269.348	14445	155	1408
269.358	14446	158	1408
269.364	14447	156	208
269.368	14448	160	1408
269.373	14449	158	1408
269.379	14450	157	208
269.381	14451	158	1408
269.388	14452	159	1408
269.396	14454	158	1408
269.403	14455	158	1408
269.408	14456	158	208
269.411	14457	159	1408
269.418	14458	159	1408
269.423	14459	158	208
269.428	14460	161	1408
269.432	14461	159	1408
269.44	14462	160	208
269.442	14463	161	1408
269.452	14465	157	208
269.461	14467	159	1408
269.465	14468	156	208
269.472	14470	155	1408
269.48	14471	156	208
269.482	14472	158	1408
269.492	14473	160	1408
269.499	14475	161	1408
269.504	14476	158	1408
269.509	14477	157	208
269.515	14479	154	1408
269.52	14480	153	208
269.522	14481	155	1408
269.527	14482	153	1408
269.535	14483	153	208
269.537	14484	154	1408
269.542	14485	153	1408
269.545	14486	150	208
269.547	14487	151	1408
269.554	14488	151	1408
269.56	14489	150	208
269.567	14491	149	1408
269.575	14492	151	208
269.578	14493	152	1408
269.587	14494	155	1408
269.588	14495	148	208
269.593	14497	146	211
269.596	14498	147	1408
269.601	14499	146	208
269.603	14500	148	1408
269.611	14501	148	1408
269.616	14502	147	208
269.618	14503	148	1408
269.629	14505	146	208
269.632	14506	147	1408
269.637	14507	145	1408
269.64	14508	142	208
269.643	14509	143	1408
269.648	14510	141	1411
269.656	14511	143	1411
269.663	14512	143	1408
269.67	14513	143	1411
269.676	14514	142	208
269.678	14515	143	1408
269.685	14516	144	1408
269.69	14517	141	211
269.691	14518	140	208
269.694	14519	142	1408
269.703	14520	146	1408
269.71	14521	146	208
269.713	14522	147	1411
269.72	14523	148	1408
269.725	14524	146	1408
269.733	14525	148	208
269.735	14526	149	1408
269.743	14527	149	1408
269.748	14528	147	208
269.75	14529	148	1408
269.76	14530	151	1408
269.765	14531	151	208
269.77	14532	154	1408
269.775	14533	152	1411
269.785	14534	155	1408
269.792	14535	155	208
269.794	14536	157	1408
269.799	14537	156	1408
269.809	14538	159	1411
269.814	14539	157	208
269.819	14540	160	1408
269.826	14541	160	1408
269.829	14542	157	208
269.831	14543	159	1408
269.841	14545	155	1411
269.849	14546	158	208
269.851	14547	159	1408
269.859	14549	155	208
269.868	14551	159	1408
269.874	14552	158	208
269.876	14553	161	1408
269.882	14555	155	208
269.884	14556	156	1408
269.893	14557	161	1408
269.898	14559	159	1408
269.903	14560	158	1408
269.906	14561	157	208
269.908	14562	158	1408
269.917	14564	154	208
269.923	14566	153	1408
269.933	14568	157	1408
269.94	14569	155	1408
269.948	14570	156	208
269.95	14571	157	1408
269.961	14572	158	1408
269.966	14573	154	208
269.968	14574	155	1408
269.973	14575	151	1408
269.984	14576	153	208
269.986	14577	153	1408
269.993	14578	152	1408
270.001	14579	150	208
270.003	14580	151	1408
270.013	14581	153	1408
270.023	14582	154	208
270.026	14583	155	1408
270.035	14584	156	1408
270.041	14585	152	208
270.045	14586	155	1408
270.053	14587	153	1411
270.06	14588	154	1408
270.07	14589	157	1411
270.075	14590	155	1411
270.08	14591	154	208
270.089	14593	156	1411
270.094	14594	154	1408
270.1	14595	152	208
270.1	14596	152	211
270.103	14597	153	1408
270.11	14598	153	1408
270.118	14599	155	208
270.12	14600	156	1408
270.127	14601	156	1411
270.134	14602	157	1411
270.14	14603	155	211
270.145	14605	153	208
270.148	14606	155	1408
270.155	14607	155	1408
270.16	14608	154	208
270.163	14609	155	1408
270.167	14610	153	1408
270.175	14611	153	208
270.177	14612	155	1408
270.185	14614	150	208
270.188	14615	151	1408
270.2	14617	150	208
270.205	14618	153	1408
270.21	14619	152	1408
270.218	14620	153	208
270.22	14621	155	1408
270.229	14622	157	1408
270.232	14623	153	208
270.242	14625	154	1408
270.249	14626	155	208
270.252	14627	156	1408
270.257	14628	154	1408
270.264	14629	155	208
270.267	14630	156	1408
270.272	14631	154	1408
270.277	14632	153	208
270.28	14633	154	1408
270.287	14634	154	1408
270.296	14635	157	1411
270.302	14636	155	208
270.309	14638	155	1408
270.314	14639	153	208
270.317	14640	154	1408
270.326	14641	157	1408
270.331	14642	155	208
270.334	14643	157	1408
270.339	14644	154	1408
270.344	14645	152	208
270.346	14646	153	1408
270.354	14647	154	1411
270.358	14648	152	1408
270.361	14649	148	208
270.366	14650	151	1408
270.371	14651	149	1408
270.376	14652	147	208
270.378	14653	149	1408
270.383	14654	147	1411
270.385	14655	142	1408
270.473	14656	52	1411
270.479	14657	53	1411
270.485	14658	52	1411
270.49	14659	50	208
270.496	14660	55	1408
270.575	14661	53	1408
270.58	14662	51	208
270.583	14663	52	1408
270.59	14664	52	1408
270.596	14665	51	208
270.599	14666	52	1408
270.678	14667	52	1408
270.683	14668	52	208
270.686	14669	53	1408
270.694	14670	53	1408
270.699	14671	53	208
270.704	14672	55	1408
270.714	14673	58	1408
270.716	14674	55	208
270.719	14675	56	1408
270.729	14676	58	1408
270.734	14677	58	208
270.739	14678	60	1408
270.746	14679	61	1408
270.751	14680	60	208
270.756	14681	63	1408
270.764	14682	63	1408
270.771	14683	65	208
270.774	14684	65	1408
270.784	14685	68	1408
270.787	14686	65	208
270.794	14687	70	1408
270.799	14688	68	1408
270.804	14689	67	208
270.806	14690	68	1408
270.816	14691	70	1408
270.824	14692	71	208
270.826	14693	73	1408
270.836	14694	75	1408
270.841	14695	74	208
270.843	14696	75	1408
270.853	14697	78	1408
270.859	14698	76	208
270.863	14699	80	1408
270.871	14700	80	1408
270.874	14701	76	208
270.876	14702	78	1408
270.886	14703	80	1408
270.894	14704	81	208
270.896	14705	83	1408
270.906	14706	85	1408
270.909	14707	82	208
270.916	14708	87	1408
270.923	14709	88	1408
270.928	14710	86	208
270.931	14711	87	1408
270.939	14712	88	1408
270.946	14713	88	208
270.948	14714	90	1408
270.955	14715	90	1408
270.964	14716	91	208
270.966	14717	92	1408
270.975	14718	95	1408
270.983	14719	96	208
270.986	14720	97	1408
270.99	14721	95	1408
270.998	14722	96	208
271.001	14723	98	1408
271.01	14724	100	1408
271.016	14725	98	208
271.021	14726	102	1408
271.03	14727	105	1408
271.034	14728	101	208
271.038	14729	105	1408
271.045	14730	105	1408
271.051	14731	105	208
271.056	14732	109	1408
271.061	14733	108	1408
271.066	14734	108	208
271.07	14735	112	1408
271.078	14736	113	1408
271.083	14737	114	208
271.088	14738	117	1408
271.095	14739	119	1408
271.1	14740	119	208
271.103	14741	120	1408
271.113	14742	124	1408
271.114	14743	120	208
271.123	14744	128	1408
271.125	14745	125	1408
271.133	14746	128	208
271.138	14747	131	1408
271.145	14748	132	1408
271.15	14749	133	208
271.153	14750	134	1408
271.163	14751	138	1408
271.163	14752	134	208
271.168	14753	137	1408
271.175	14754	138	1408
271.181	14755	139	208
271.185	14756	142	1408
271.192	14757	140	1408
271.201	14758	139	208
271.205	14759	142	1408
271.215	14760	142	1408
271.221	14761	139	208
271.223	14762	139	1408
271.232	14763	140	1408
271.241	14764	139	208
271.245	14765	142	1408
271.255	14766	142	1408
271.258	14767	136	208
271.263	14768	139	1408
271.272	14769	140	1408
271.28	14770	139	208
271.282	14771	139	1408
271.292	14772	140	1408
271.3	14773	140	208
271.302	14774	142	1408
271.31	14775	142	1408
271.318	14776	143	208
271.32	14777	144	1408
271.327	14778	145	1408
271.33	14779	141	208
271.333	14780	142	1408
271.342	14781	145	1408
271.35	14782	145	208
271.354	14783	149	1408
271.362	14784	150	1408
271.37	14785	150	208
271.374	14786	154	1408
271.382	14787	155	1408
271.39	14788	155	208
271.392	14789	157	1408
271.398	14791	149	208
271.403	14792	152	1408
271.41	14793	153	1408
271.418	14794	153	208
271.42	14795	155	1408
271.425	14796	153	1408
271.433	14797	153	208
271.435	14798	154	1408
271.44	14799	153	1408
271.446	14800	151	208
271.448	14801	153	1408
271.455	14802	152	1408
271.461	14803	152	208
271.471	14806	146	208
271.473	14807	148	1408
271.481	14808	149	1408
271.488	14809	149	208
271.491	14810	150	1408
271.498	14811	151	1408
271.504	14812	149	208
271.506	14813	150	1408
271.513	14814	151	1408
271.521	14815	151	208
271.523	14816	153	1408
271.531	14817	152	1408
271.534	14818	148	208
271.539	14819	152	1408
271.546	14820	151	1408
271.551	14821	150	208
271.554	14822	151	1408
271.559	14823	148	1408
271.564	14824	147	208
271.567	14825	148	1408
271.576	14826	151	1408
271.584	14827	150	208
271.586	14828	152	1408
271.591	14829	150	1408
271.601	14830	152	1411
271.608	14831	152	208
271.611	14832	153	1408
271.618	14833	153	1408
271.626	14834	154	208
271.634	14836	153	1408
271.637	14837	148	208
271.641	14838	152	1408
271.647	14839	150	1408
271.652	14840	147	208
271.654	14841	149	1408
271.664	14842	151	1408
271.671	14843	151	208
271.674	14844	152	1411
271.681	14845	152	1411
271.691	14846	155	1408
271.7	14847	156	1408
271.706	14848	155	208
271.708	14849	157	1408
271.715	14850	156	1408
271.723	14851	157	208
271.728	14853	153	1408
271.733	14854	151	208
271.736	14855	152	1408
271.745	14856	154	1408
271.751	14857	152	208
271.753	14858	154	1408
271.763	14859	156	1408
271.768	14860	153	208
271.772	14861	157	1408
271.78	14862	157	1408
271.787	14863	157	208
271.79	14864	158	1408
271.795	14865	156	1408
271.8	14866	153	208
271.81	14868	155	1408
271.817	14869	156	208
271.822	14870	158	1408
271.827	14871	156	1408
271.83	14872	152	208
271.834	14873	156	1408
271.844	14874	158	1411
271.849	14875	156	1408
271.859	14876	157	208
271.862	14877	159	1408
271.869	14878	159	1408
271.878	14880	160	1408
271.885	14881	160	1408
271.891	14882	158	208
271.893	14883	160	1408
271.901	14884	159	1408
271.903	14885	155	208
271.906	14886	157	1408
271.916	14887	158	1408
271.921	14888	157	208
271.923	14889	158	1408
271.928	14890	155	1408
271.938	14891	158	1411
271.943	14892	157	208
271.951	14894	157	1408
271.954	14895	155	208
271.959	14897	153	1408
271.969	14899	156	1408
271.974	14900	155	1408
271.977	14901	152	208
271.984	14903	153	1408
271.989	14905	151	1408
271.991	14906	147	1408
271.997	14907	148	208
272.002	14908	152	1408
272.009	14909	150	1411
272.017	14910	152	1408
272.022	14911	151	208
272.024	14912	153	1408
272.027	14913	150	1408
272.035	14914	147	208
272.037	14915	148	1408
272.047	14916	149	1408
272.057	14917	149	208
272.07	14919	149	1408
272.075	14920	146	211
272.078	14921	147	208
272.08	14922	148	1408
272.093	14923	151	1408
272.096	14924	143	208
272.103	14925	148	1408
272.11	14926	147	1408
272.118	14927	144	208
272.12	14928	144	1408
272.13	14929	145	1408
272.138	14930	145	208
272.14	14931	146	1408
272.149	14932	148	1411
272.156	14933	148	1408
272.167	14934	151	1411
272.172	14935	148	211
272.172	14936	148	208
272.174	14937	149	1408
272.184	14938	151	1408
272.193	14939	153	1411
272.201	14940	154	211
272.202	14941	153	208
272.204	14942	155	1408
272.214	14943	156	1408
272.219	14944	154	208
272.221	14945	156	1408
272.234	14946	160	1408
272.241	14947	160	208
272.243	14948	162	1408
272.25	14949	162	1408
272.258	14951	161	1408
272.265	14952	161	1408
272.269	14953	157	208
272.271	14954	159	1408
272.276	14955	155	1411
272.283	14956	156	1408
272.289	14957	154	208
272.291	14958	155	1408
272.296	14959	153	1408
272.301	14960	151	208
272.306	14961	155	1408
272.313	14962	153	1408
272.319	14963	152	208
272.323	14964	156	1408
272.331	14965	156	1408
272.338	14966	156	208
272.346	14968	155	1408
272.349	14969	152	208
272.356	14971	149	1408
272.36	14972	146	208
272.362	14973	148	1408
272.367	14974	145	1408
272.372	14975	143	208
272.377	14976	147	1408
272.384	14977	147	1408
272.389	14978	145	208
272.392	14979	146	1408
272.402	14980	148	1408
272.409	14981	149	208
272.412	14982	150	1408
272.419	14983	151	1408
272.425	14984	148	208
272.427	14985	149	1408
272.436	14986	152	1408
272.442	14987	151	208
272.449	14989	149	1408
272.455	14990	147	208
272.459	14991	151	1408
272.465	14992	148	211
272.47	14993	152	1408
272.472	14994	148	208
272.474	14995	149	1408
272.484	14996	152	1408
272.491	14997	151	208
272.494	14998	152	1408
272.504	14999	155	1408
272.511	15000	155	208
272.513	15001	157	1408
272.527	15003	155	208
272.529	15004	156	1408
272.534	15005	154	1408
272.542	15006	154	208
272.544	15007	155	1408
272.554	15008	158	1408
272.559	15009	155	1411
272.566	15010	156	1411
272.571	15011	154	208
272.574	15012	155	1408
272.583	15013	156	1408
272.586	15014	152	208
272.593	15015	158	1408
272.6	15016	158	1408
272.603	15017	154	208
272.608	15018	158	1408
272.613	15019	155	1408
272.62	15020	156	208
272.628	15022	155	1408
272.633	15023	152	208
272.636	15024	154	1408
272.645	15025	157	1408
272.653	15026	156	208
272.655	15027	158	1408
272.669	15029	158	1408
272.676	15030	156	208
272.682	15032	155	1408
272.69	15034	154	1408
272.7	15035	156	1408
272.705	15036	155	208
272.713	15038	153	1408
272.718	15039	151	208
272.72	15040	153	1408
272.728	15041	153	1408
272.735	15042	153	1411
272.743	15043	153	208
272.745	15044	155	1408
272.752	15045	155	1408
272.756	15046	151	208
272.758	15047	153	1408
272.763	15048	152	1408
272.766	15049	149	208
272.773	15051	149	1408
272.781	15052	151	208
272.789	15055	147	208
272.792	15056	148	1408
272.8	15058	144	208
272.802	15059	146	1408
272.807	15060	145	1408
272.813	15061	145	208
272.817	15062	147	1408
272.824	15063	146	1411
272.832	15064	148	1408
272.841	15066	151	1408
272.852	15068	146	208
272.854	15069	147	1408
272.867	15070	148	1411
272.875	15071	146	1408
272.889	15072	150	1411
272.897	15073	148	211
272.897	15074	148	208
272.9	15075	148	1408
272.909	15076	148	1408
272.921	15077	151	1411
272.929	15078	148	208
272.931	15079	150	1408
272.938	15080	147	1408
272.944	15081	142	208
272.948	15082	146	1408
272.961	15083	148	1408
272.966	15084	146	208
272.968	15085	147	1408
272.975	15086	147	1411
272.985	15087	149	1408
272.992	15088	149	1411
272.999	15089	149	1411
273.008	15090	151	1411
273.014	15091	150	208
273.016	15092	150	1408
273.026	15093	152	1408
273.034	15094	153	208
273.036	15095	154	1408
273.046	15096	156	1408
273.049	15097	153	211
273.054	15098	156	208
273.056	15099	158	1408
273.061	15100	156	1411
273.073	15101	159	1408
273.083	15103	162	1408
273.09	15104	162	1408
273.095	15105	159	208
273.098	15106	160	1408
273.107	15107	162	1408
273.11	15108	159	208
273.117	15110	157	1408
273.123	15111	156	208
273.133	15113	157	1408
273.136	15114	152	208
273.138	15115	154	1408
273.145	15116	154	1408
273.151	15117	152	208
273.153	15118	153	1408
273.161	15119	153	1408
273.168	15120	154	208
273.171	15121	155	1408
273.176	15122	152	1408
273.179	15123	148	208
273.181	15124	150	1408
273.189	15125	150	1408
273.196	15126	150	208
273.201	15127	153	1408
273.204	15128	149	1408
273.207	15129	145	208
273.209	15130	146	1408
273.219	15131	148	1408
273.222	15132	145	208
273.224	15133	146	1408
273.234	15134	148	1408
273.242	15135	148	208
273.244	15136	150	1408
273.253	15137	152	1408
273.257	15138	148	208
273.267	15140	149	1408
273.274	15141	150	208
273.276	15142	151	1408
273.282	15143	149	211
273.285	15144	150	1408
273.292	15145	151	208
273.303	15148	145	208
273.308	15149	149	1408
273.313	15150	148	1408
273.323	15151	150	1411
273.331	15153	148	1411
273.335	15154	146	1408
273.342	15155	146	1408
273.35	15156	146	208
273.353	15157	147	1408
273.362	15158	150	1408
273.37	15159	150	208
273.372	15160	152	1408
273.379	15161	151	1408
273.382	15162	147	208
273.387	15163	150	1408
273.397	15164	153	1408
273.402	15165	150	208
273.406	15166	154	1408
273.414	15167	154	1408
273.417	15168	150	208
273.421	15169	154	1408
273.428	15170	153	1408
273.436	15171	153	208
273.438	15172	155	1408
273.448	15173	158	1408
273.456	15174	157	208
273.458	15175	159	1408
273.469	15177	155	208
273.473	15178	159	1408
273.479	15179	156	1411
273.484	15180	154	1408
273.489	15181	152	208
273.493	15182	155	1408
273.501	15183	156	1408
273.504	15184	152	208
273.506	15185	153	1411
273.514	15186	152	1411
273.519	15187	151	1408
273.529	15188	153	1408
273.534	15189	151	211
273.534	15190	150	208
273.544	15192	152	1408
273.549	15193	150	208
273.552	15194	151	1408
273.561	15195	152	1408
273.567	15196	152	208
273.569	15197	153	1408
273.576	15198	153	1408
273.584	15199	153	208
273.592	15201	152	1408
273.597	15202	150	208
273.599	15203	152	1408
273.607	15204	153	1408
273.61	15205	150	208
273.613	15207	146	1408
273.62	15208	148	208
273.623	15209	150	1408
273.63	15210	151	1408
273.635	15211	150	208
273.637	15212	152	1408
273.648	15214	150	208
273.668	15218	149	1411
273.673	15219	149	1408
273.68	15220	150	1408
273.683	15221	148	208
273.688	15222	151	1408
273.695	15223	152	1408
273.695	15224	147	208
273.701	15225	149	1408
273.71	15226	150	1408
273.718	15227	147	208
273.72	15228	149	1408
273.73	15229	149	1408
273.742	15230	150	208
273.744	15231	152	1408
273.752	15232	149	1411
273.762	15233	149	1408
273.769	15234	146	208
273.772	15235	148	1408
273.784	15236	150	1408
273.793	15237	150	1411
273.796	15238	143	208
273.801	15239	147	1408
273.813	15240	148	1411
273.82	15241	148	1408
273.823	15242	145	208
273.828	15243	149	1408
273.835	15244	148	1408
273.843	15245	148	208
273.845	15246	150	1408
273.853	15247	150	1411
273.862	15248	152	1408
273.869	15249	152	208
273.872	15250	153	1411
273.884	15251	159	1411
273.89	15252	156	211
273.894	15253	160	1408
273.901	15254	160	1408
273.907	15255	158	208
273.909	15256	159	1408
273.917	15257	159	1408
273.924	15258	159	208
273.934	15260	160	1408
273.939	15261	158	208
273.941	15262	160	1408
273.948	15263	160	1408
273.954	15264	158	208
273.964	15266	159	1408
273.969	15268	157	1408
273.974	15269	154	1408
273.977	15270	149	208
273.979	15271	151	1408
273.989	15272	154	1408
273.995	15273	151	208
273.999	15274	155	1408
274.01	15276	151	208
274.012	15277	153	1408
274.021	15278	154	1408
274.025	15279	150	208
274.032	15281	150	1408
274.04	15282	149	208
274.042	15283	151	1408
274.047	15284	149	1408
274.052	15285	147	208
274.057	15286	150	1408
274.065	15287	150	1408
274.072	15288	151	208
274.075	15289	152	1408
274.082	15290	152	1408
274.09	15291	153	208
274.098	15293	152	1408
274.101	15294	147	208
274.105	15295	151	1408
274.11	15296	148	1408
274.118	15297	150	208
274.123	15299	146	1408
274.131	15300	147	1411
274.139	15301	147	208
274.141	15302	149	1408
274.151	15303	151	1408
274.156	15304	149	208
274.165	15305	152	1411
274.169	15306	148	211
274.178	15308	149	1408
274.183	15309	147	208
274.186	15310	148	1408
274.195	15311	151	1408
274.201	15312	149	208
274.206	15313	153	1408
274.215	15314	155	1411
274.217	15315	150	1408
274.226	15316	151	208
274.228	15317	153	1408
274.237	15318	154	1411
274.247	15319	157	1408
274.253	15320	155	208
274.255	15321	157	1408
274.265	15322	158	1408
274.28	15325	158	1408
274.285	15326	155	208
274.29	15327	159	1408
274.294	15328	157	1408
274.3	15329	155	208
274.305	15330	157	1411
274.31	15331	155	1408
274.319	15332	157	1408
274.326	15333	158	208
274.329	15334	158	1408
274.338	15335	161	1411
274.346	15336	161	1408
274.351	15337	159	208
274.356	15338	162	1408
274.361	15339	160	1408
274.364	15340	156	208
274.368	15341	160	1408
274.379	15343	156	208
274.384	15344	159	1408
274.389	15345	157	1411
274.396	15346	156	1408
274.403	15347	157	208
274.405	15348	158	1408
274.413	15349	159	1408
274.419	15350	156	208
274.421	15351	157	1408
274.424	15352	153	1408
274.431	15353	154	208
274.434	15354	155	1408
274.441	15355	156	1408
274.451	15358	153	1408
274.456	15359	153	208
274.458	15360	155	1408
274.464	15362	149	208
274.469	15363	152	1408
274.474	15364	151	1408
274.48	15365	150	211
274.482	15366	152	1411
274.487	15367	151	208
274.49	15368	153	1408
274.495	15370	147	208
274.502	15372	147	1408
274.506	15373	146	208
274.513	15374	145	1408
274.523	15375	147	1408
274.526	15376	144	208
274.536	15377	147	1408
274.539	15378	141	1408
274.546	15379	139	208
274.551	15380	141	1408
274.561	15381	141	1408
274.573	15382	143	1411
274.58	15383	141	208
274.585	15384	145	1408
274.595	15385	145	1408
274.603	15386	143	208
274.605	15387	144	1408
274.615	15388	143	1408
274.618	15389	137	208
274.625	15390	142	1408
274.63	15391	139	1408
274.637	15392	140	208
274.642	15393	143	1408
274.647	15394	141	211
274.65	15395	142	1411
274.658	15396	142	1411
274.667	15397	144	1408
274.672	15398	141	208
274.675	15399	143	1408
274.686	15400	148	1408
274.693	15401	147	1411
274.701	15402	147	1411
274.708	15403	147	208
274.71	15404	149	1408
274.72	15405	151	1408
274.728	15406	151	208
274.73	15407	152	1408
274.742	15408	157	1408
274.748	15409	155	208
274.752	15410	159	1408
274.762	15411	160	1408
274.764	15412	156	208
274.767	15413	158	1408
274.777	15414	161	1408
274.787	15415	162	208
274.789	15416	164	1408
274.794	15417	162	1408
274.804	15419	162	1408
274.807	15420	158	1408
274.81	15421	154	208
274.814	15422	157	1408
274.822	15423	157	1408
274.827	15424	156	208
274.834	15426	154	1408
274.84	15427	153	208
274.852	15429	155	1408
274.853	15430	149	208
274.858	15431	153	1408
274.865	15432	153	1408
274.87	15433	150	208
274.873	15434	152	1408
274.88	15435	153	1408
274.885	15436	150	208
274.887	15437	151	1408
274.895	15438	151	1408
274.901	15439	149	208
274.903	15440	150	1408
274.92	15443	153	1408
274.927	15444	152	1408
274.933	15445	150	208
274.942	15447	151	1408
274.95	15448	152	208
274.953	15449	153	1408
274.96	15450	152	1408
274.97	15452	154	1408
274.977	15453	155	1408
274.983	15454	153	208
274.985	15455	154	1408
274.99	15456	151	1408
274.998	15457	151	208
275	15458	153	1408
275.01	15460	155	1408
275.016	15461	152	208
275.018	15462	153	1408
275.027	15463	156	1408
275.032	15464	154	208
275.034	15465	155	1408
275.044	15466	157	1411
275.049	15467	155	1408
275.057	15468	154	1411
275.062	15469	153	208
275.065	15470	154	1408
275.072	15471	155	1408
275.077	15472	152	208
275.082	15473	156	1408
275.089	15474	155	1408
275.097	15475	155	208
275.099	15476	157	1408
275.109	15477	159	1408
275.115	15478	157	208
275.117	15479	158	1408
275.126	15480	156	1411
275.132	15481	154	211
275.135	15483	149	208
275.145	15484	152	1411
275.152	15485	151	1408
275.162	15486	154	1408
275.165	15487	150	208
275.167	15488	152	1408
275.177	15489	154	211
275.18	15491	149	208
275.185	15492	152	1408
275.19	15493	150	1408
275.196	15494	148	208
275.2	15495	152	1408
275.209	15496	153	1408
275.215	15498	151	208
275.217	15499	152	1408
275.225	15500	152	1408
275.231	15501	150	208
275.24	15503	152	1408
275.245	15504	149	208
275.248	15505	150	1408
275.253	15506	149	1408
275.26	15507	148	208
275.263	15508	150	1408
275.27	15509	152	1408
275.273	15510	149	208
275.275	15511	150	1408
275.283	15512	151	1408
275.293	15514	154	1408
275.3	15516	150	208
275.303	15517	152	1408
275.313	15519	151	208
275.315	15520	152	1408
275.32	15521	151	1408
275.326	15522	150	208
275.336	15524	153	1408
275.343	15525	154	1411
275.346	15526	152	208
275.353	15528	151	1408
275.364	15529	152	208
275.381	15532	150	1411
275.388	15533	149	208
275.393	15534	151	1408
275.4	15535	148	1408
275.408	15536	148	208
275.413	15537	150	1408
275.423	15538	151	211
275.425	15539	152	1408
275.433	15540	150	208
275.438	15541	152	1408
275.445	15542	150	1411
275.457	15543	152	1408
275.465	15544	151	208
275.467	15545	151	1408
275.474	15546	149	1408
275.482	15547	149	208
275.485	15548	150	1408
275.491	15549	150	1408
275.5	15550	150	211
275.502	15551	151	1411
275.507	15552	150	208
275.512	15553	153	1408
275.52	15554	153	1411
275.529	15555	156	1408
275.534	15556	154	208
275.539	15557	158	1408
275.546	15558	157	1411
275.551	15559	155	1408
275.561	15560	156	1411
275.569	15561	157	208
275.579	15563	159	1408
275.584	15564	156	208
275.592	15566	156	1411
275.599	15567	155	1411
275.607	15568	156	1408
275.609	15569	152	208
275.614	15570	154	1408
275.624	15571	157	1408
275.625	15572	151	208
275.629	15573	155	1408
275.636	15574	154	1408
275.642	15575	153	208
275.652	15577	153	1408
275.659	15579	153	1408
275.667	15581	146	208
275.672	15582	150	1408
275.677	15583	147	1408
275.685	15584	147	208
275.687	15585	149	1408
275.697	15586	151	1408
275.704	15587	151	208
275.707	15588	152	1408
275.714	15589	153	1408
275.722	15590	153	208
275.724	15591	155	1408
275.727	15592	150	1408
275.735	15593	150	208
275.737	15594	152	1408
275.747	15595	154	1408
275.764	15598	154	1408
275.772	15599	155	208
275.774	15600	156	1408
275.782	15601	157	1408
275.787	15602	154	1411
275.792	15603	152	208
275.794	15604	153	1408
275.804	15605	155	1411
275.811	15606	156	1408
275.818	15607	156	208
275.821	15608	157	1408
275.831	15610	153	208
275.836	15611	157	1408
275.843	15612	156	1408
275.851	15613	157	208
275.853	15614	158	1408
275.863	15615	159	1411
275.878	15618	159	1411
275.878	15619	152	208
275.888	15621	153	1408
275.896	15622	153	208
275.901	15623	157	1408
275.906	15624	155	1408
275.913	15625	155	208
275.921	15627	154	1408
275.926	15628	152	208
275.928	15629	154	1408
275.934	15630	151	1408
275.941	15631	152	208
275.944	15632	153	1408
275.953	15633	154	1408
275.966	15636	151	211
275.97	15637	155	1411
275.978	15639	149	208
275.985	15640	155	1408
275.993	15641	155	1408
275.993	15642	148	208
276	15643	154	1408
276.008	15644	153	1408
276.013	15645	151	208
276.015	15646	153	1408
276.025	15647	154	1408
276.035	15648	157	208
276.037	15649	159	1408
276.042	15650	156	1411
276.052	15651	158	1408
276.057	15652	157	208
276.059	15653	158	1408
276.066	15654	157	1408
276.074	15655	158	208
276.077	15656	159	1408
276.086	15657	162	1408
276.089	15658	157	211
276.092	15659	159	1411
276.097	15660	157	1411
276.102	15661	154	208
276.11	15663	154	1408
276.115	15664	155	208
276.13	15667	156	1411
276.132	15668	153	208
276.137	15669	156	1408
276.142	15670	155	1408
276.145	15671	152	208
276.147	15672	154	1408
276.154	15673	156	1408
276.157	15674	153	208
276.174	15678	153	1408
276.185	15680	150	208
276.191	15682	147	1408
276.198	15683	148	208
276.201	15684	149	1408
276.216	15686	145	208
276.219	15687	146	1408
276.229	15688	146	1408
276.239	15689	147	208
276.242	15690	148	1408
276.253	15691	150	1408
276.259	15692	145	208
276.261	15693	147	1408
276.277	15695	143	208
276.282	15696	146	1408
276.289	15697	143	1408
276.299	15698	143	208
276.301	15699	145	1408
276.308	15700	144	1411
276.316	15701	145	1408
276.321	15702	143	208
276.328	15703	149	1408
276.331	15704	143	1411
276.34	15705	145	1411
276.347	15706	145	1408
276.357	15707	148	208
276.36	15708	149	1408
276.37	15709	153	1408
276.377	15710	152	1411
276.385	15711	152	211
276.387	15712	154	1411
276.399	15713	158	1411
276.406	15714	158	1411
276.414	15715	158	208
276.417	15716	159	1408
276.421	15717	157	1408
276.431	15718	160	1411
276.441	15719	161	208
276.443	15720	163	1408
276.448	15721	161	1408
276.456	15722	160	208
276.458	15723	161	1408
276.468	15725	158	208
276.473	15726	160	1408
276.48	15727	161	1408
276.486	15728	159	208
276.491	15730	155	1408
276.501	15731	158	1408
276.508	15732	158	208
276.512	15734	153	1408
276.517	15735	151	208
276.519	15736	151	1408
276.528	15737	154	1408
276.536	15738	155	208
276.547	15741	149	208
276.549	15742	151	1408
276.559	15744	146	208
276.562	15745	147	1408
276.571	15746	150	1408
276.579	15747	150	208
276.581	15748	151	1408
276.587	15749	149	1408
276.594	15750	149	208
276.597	15751	150	1408
276.604	15752	151	1408
276.609	15753	149	208
276.614	15754	151	1408
276.621	15755	152	1408
276.629	15756	153	208
276.637	15758	151	1408
276.642	15759	149	208
276.647	15760	153	1408
276.655	15761	153	1408
276.664	15763	155	1408
276.669	15764	153	1408
276.677	15765	152	1411
276.682	15766	150	208
276.684	15767	152	1408
276.694	15768	154	1411
276.704	15769	156	1408
276.709	15770	154	208
276.714	15771	157	1408
276.721	15773	151	1408
276.729	15774	150	208
276.733	15775	154	1408
276.741	15776	155	1408
276.749	15777	154	208
276.751	15778	155	1408
276.759	15779	156	1411
276.768	15780	158	1411
276.775	15781	158	1411
276.783	15782	159	1408
276.791	15783	158	208
276.801	15786	154	208
276.811	15788	154	1408
276.816	15789	153	208
276.819	15790	154	1408
276.829	15791	156	1408
276.832	15792	152	208
276.834	15793	153	1408
276.843	15794	155	1411
276.851	15795	155	1408
276.854	15796	152	208
276.859	15797	155	1408
276.868	15798	157	1408
276.873	15799	155	211
276.878	15801	156	1408
276.88	15802	151	1408
276.888	15803	151	208
276.891	15804	152	1408
276.898	15805	152	1408
276.908	15806	155	208
276.911	15807	156	1408
276.922	15808	159	1408
276.93	15809	158	1411
276.935	15810	157	208
276.94	15811	159	1408
276.945	15812	157	1408
276.952	15813	157	208
276.955	15814	157	1408
276.959	15815	155	1408
276.968	15816	156	208
276.97	15817	158	1408
276.977	15818	159	1408
276.98	15819	155	208
276.987	15821	153	1408
277.006	15822	155	1411
277.016	15823	159	1411
277.023	15824	160	1411
277.028	15825	159	208
277.031	15826	160	1408
277.04	15827	163	1408
277.05	15829	165	1408
277.06	15831	162	208
277.062	15832	164	1408
277.069	15833	165	1408
277.081	15834	167	208
277.083	15835	167	1408
277.097	15837	160	211
277.102	15838	164	208
277.104	15839	164	1408
277.12	15841	159	208
277.122	15842	159	1408
277.132	15843	158	1408
277.142	15844	158	208
277.152	15846	156	1408
277.162	15849	147	1408
277.172	15850	149	208
277.175	15851	150	1408
277.182	15852	150	1408
277.189	15853	149	1411
277.197	15854	149	208
277.2	15855	150	1408
277.21	15856	153	1408
277.215	15857	150	208
277.218	15858	151	1408
277.228	15859	153	1408
277.233	15860	151	208
277.235	15861	152	1408
277.247	15863	147	208
277.252	15866	142	1411
277.262	15867	145	1408
277.27	15868	144	208
277.272	15869	146	1408
277.282	15870	147	1408
277.289	15871	147	208
277.292	15872	148	1408
277.301	15873	150	1411
277.309	15874	149	1408
277.316	15875	149	208
277.319	15876	150	1408
277.328	15877	151	1411
277.338	15878	154	1408
277.343	15879	152	208
277.348	15880	154	1408
277.353	15881	153	1408
277.363	15882	154	1411
277.371	15883	154	211
277.373	15884	156	1411
277.38	15885	155	208
277.385	15886	158	1408
277.393	15887	159	1408
277.396	15888	153	208
277.403	15889	159	1408
277.405	15890	154	1408
277.413	15891	154	208
277.415	15892	155	1408
277.425	15893	156	1408
277.43	15894	154	208
277.438	15896	152	1408
277.448	15897	154	208
277.45	15898	155	1408
277.46	15899	157	1411
277.467	15900	157	211
277.469	15901	158	1411
277.477	15902	157	1408
277.484	15903	157	208
277.487	15904	158	1408
277.498	15906	154	208
277.501	15907	155	1408
277.507	15908	154	1408
277.514	15909	152	208
277.516	15910	152	1408
277.523	15911	151	1408
277.526	15912	147	208
277.529	15913	148	1408
277.538	15914	149	1408
277.548	15915	151	208
277.551	15916	152	1408
277.558	15917	151	1408
277.564	15918	148	208
277.566	15919	150	1408
277.573	15920	149	1408
277.579	15921	146	208
277.581	15922	147	1408
277.588	15923	146	1408
277.599	15924	148	208
277.604	15925	151	1408
277.613	15926	152	1408
277.616	15927	148	208
277.629	15929	150	1408
277.635	15930	148	208
277.644	15932	148	1408
277.654	15933	149	1408
277.664	15934	151	208
277.666	15935	152	1408
277.676	15936	153	1408
277.682	15937	152	208
277.684	15938	152	1408
277.694	15939	153	1408
277.704	15940	155	1411
277.709	15941	152	208
277.712	15942	153	1408
277.719	15943	152	1408
277.727	15944	153	208
277.737	15946	152	1408
277.746	15947	154	208
277.748	15948	154	1408
277.757	15949	154	1408
277.762	15950	151	208
277.764	15951	153	1408
277.774	15952	153	1408
277.779	15953	151	208
277.786	15954	157	1408
277.791	15955	155	1408
277.796	15956	154	208
277.804	15958	154	1408
277.809	15959	153	208
277.817	15961	153	1408
277.822	15962	152	208
277.824	15963	153	1408
277.83	15964	152	1408
277.839	15965	155	1411
277.849	15968	151	1411
277.859	15969	154	1408
277.867	15970	155	208
277.869	15971	156	1408
277.876	15972	157	1408
277.884	15974	157	1408
277.891	15975	156	1408
277.901	15976	156	208
277.903	15977	157	1408
277.913	15978	156	1408
277.923	15979	155	208
277.926	15980	156	1408
277.938	15981	158	1408
277.948	15982	157	1411
277.956	15983	154	208
277.958	15984	155	1408
277.971	15985	156	1408
277.978	15986	153	208
277.981	15987	154	1408
277.991	15988	153	1408
277.994	15989	148	208
278.001	15990	153	1408
278.008	15991	152	1411
278.017	15992	154	1408
278.025	15993	154	1411
278.032	15994	153	208
278.035	15995	154	1408
278.045	15996	156	1408
278.052	15997	156	208
278.059	15998	161	1408
278.063	15999	156	211
278.072	16001	157	1408
278.08	16002	157	208
278.086	16004	152	1408
278.094	16005	152	211
278.094	16006	152	208
278.099	16007	155	1408
278.106	16008	154	1408
278.111	16009	152	208
278.121	16011	151	1408
278.127	16012	149	208
278.138	16014	152	1408
278.142	16015	147	208
278.149	16017	146	1408
278.157	16018	144	208
278.162	16019	148	1408
278.169	16020	148	1408
278.174	16021	145	208
278.181	16022	151	1408
278.187	16023	148	1408
278.194	16024	148	208
278.201	16025	152	1408
278.206	16026	150	1408
278.212	16027	147	208
278.219	16028	153	1408
278.223	16029	150	1408
278.232	16030	150	208
278.234	16031	151	1408
278.244	16032	152	1408
278.252	16033	152	208
278.254	16034	153	1408
278.263	16035	155	1408
278.272	16036	155	208
278.281	16038	155	1411
278.298	16040	156	1411
278.306	16041	155	208
278.308	16042	157	1408
278.314	16043	154	1408
278.321	16044	154	208
278.323	16045	155	1408
278.33	16046	154	1411
278.343	16047	157	1408
278.35	16048	156	1411
278.36	16049	158	1411
278.368	16050	158	208
278.37	16051	159	1408
278.377	16052	159	1408
278.385	16053	159	208
278.395	16055	158	1408
278.407	16058	154	1408
278.416	16059	154	208
278.418	16060	156	1408
278.427	16061	156	1408
278.433	16062	154	208
278.435	16063	155	1408
278.44	16064	152	1408
278.45	16065	154	208
278.453	16066	155	1408
278.462	16067	157	1408
278.468	16068	154	208
278.47	16069	154	1408
278.478	16070	154	1408
278.487	16071	155	1411
278.495	16072	155	208
278.497	16073	157	1408
278.504	16074	156	1411
278.52	16076	154	208
278.522	16077	156	1408
278.53	16078	155	1408
278.535	16079	152	208
278.537	16080	154	1408
278.549	16081	158	1408
278.553	16082	153	208
278.555	16083	154	1408
278.565	16084	155	1408
278.572	16085	155	208
278.574	16086	156	1408
278.592	16089	156	1408
278.609	16091	156	1411
278.614	16092	154	211
278.619	16093	157	1411
278.624	16094	157	208
278.631	16096	156	1408
278.639	16098	157	1408
278.648	16099	159	1408
278.654	16100	158	208
278.663	16102	160	1408
278.669	16103	159	208
278.671	16104	161	1408
278.676	16105	159	1408
278.676	16106	153	208
278.681	16107	157	1408
278.688	16108	157	1408
278.693	16109	156	208
278.699	16110	155	1408
278.706	16111	155	1408
278.726	16113	156	1411
278.736	16114	156	1408
278.748	16115	158	1408
278.756	16116	154	208
278.758	16117	155	1408
278.768	16118	154	1408
278.779	16119	154	208
278.783	16120	157	1408
278.799	16122	151	1411
278.811	16123	152	211
278.813	16124	153	1411
278.822	16125	150	208
278.824	16126	151	1408
278.836	16127	152	1411
278.839	16128	147	211
278.841	16129	149	1408
278.849	16130	148	208
278.851	16131	149	1408
278.864	16132	153	1408
278.869	16133	151	1411
278.87	16134	144	208
278.873	16135	145	1408
278.882	16136	147	1408
278.893	16137	148	208
278.895	16138	149	1408
278.9	16139	146	1408
278.91	16140	148	208
278.912	16141	150	1408
278.921	16142	151	1408
278.929	16143	150	211
278.932	16144	151	208
278.937	16146	148	1408
278.944	16147	147	208
278.947	16148	148	1408
278.959	16149	152	1408
278.967	16150	152	208
278.969	16151	152	1408
278.979	16152	154	1408
278.987	16153	154	208
278.989	16154	155	1408
278.997	16155	155	1408
279.006	16156	156	1411
279.013	16157	156	208
279.016	16158	156	1408
279.026	16159	158	1408
279.031	16160	155	208
279.033	16161	156	1408
279.041	16162	156	1408
279.048	16163	156	208
279.051	16164	157	1408
279.06	16165	158	1408
279.066	16166	155	208
279.068	16167	157	1408
279.073	16168	154	1408
279.081	16169	153	208
279.086	16170	157	1408
279.095	16171	158	1408
279.103	16172	157	208
279.105	16173	159	1408
279.112	16174	158	1408
279.118	16175	155	208
279.12	16176	157	1408
279.128	16177	157	1408
279.131	16178	152	208
279.134	16179	152	1408
279.141	16180	152	1411
279.151	16181	153	1408
279.156	16182	151	208
279.158	16183	152	1408
279.166	16184	151	1408
279.174	16185	151	208
279.178	16186	154	1408
279.191	16188	151	208
279.197	16190	147	1408
279.204	16191	147	208
279.207	16192	148	1408
279.214	16193	148	1408
279.223	16194	147	208
279.227	16195	151	1408
279.234	16196	150	1408
279.247	16198	153	1408
279.257	16200	148	208
279.26	16201	148	1408
279.269	16202	150	1408
279.275	16203	148	208
279.277	16204	149	1408
279.289	16205	153	1408
279.297	16206	152	208
279.299	16207	154	1408
279.309	16208	155	1408
279.317	16209	154	208
279.319	16210	156	1408
279.332	16212	152	208
279.335	16213	154	1408
279.344	16214	156	1408
279.354	16215	156	208
279.361	16217	155	1408
279.369	16218	155	208
279.374	16219	158	1408
279.383	16220	159	1408
279.386	16221	155	208
279.398	16223	157	1408
279.408	16224	158	1411
279.416	16225	158	1411
279.423	16226	157	208
279.426	16227	159	1408
279.435	16228	161	1408
279.443	16229	160	208
279.452	16231	160	1408
279.456	16232	155	211
279.468	16235	157	1411
279.477	16236	159	1408
279.485	16238	160	1408
279.492	16239	160	1408
279.499	16240	162	208
279.502	16241	162	1408
279.507	16242	159	1408
279.512	16243	159	208
279.519	16245	159	1408
279.525	16246	157	208
279.537	16248	156	1411
279.545	16249	157	1408
279.549	16250	155	208
279.552	16251	157	1408
279.56	16252	156	1408
279.567	16253	155	1411
279.573	16254	151	208
279.587	16256	153	1408
279.6	16258	151	1411
279.609	16259	151	1408
279.624	16260	155	1408
279.632	16261	152	208
279.637	16262	154	1408
279.649	16263	156	1408
279.657	16264	153	1411
279.667	16265	152	208
279.669	16266	152	1408
279.678	16267	151	211
279.685	16268	156	1411
279.69	16269	153	211
279.692	16270	154	1408
279.7	16271	154	208
279.702	16272	156	1408
279.715	16274	151	208
279.718	16275	153	1408
279.723	16276	150	1411
279.742	16278	153	1411
279.745	16279	149	208
279.748	16280	150	1408
279.759	16281	153	1408
279.767	16282	153	208
279.774	16284	151	1408
279.782	16285	150	208
279.784	16286	152	1408
279.794	16287	154	1411
279.803	16288	155	1408
279.812	16289	154	211
279.814	16290	156	208
279.824	16292	156	1408
279.827	16293	152	208
279.834	16294	158	1408
279.842	16295	156	1408
279.847	16296	153	208
279.857	16298	154	1408
279.862	16299	151	208
279.868	16300	157	1408
279.874	16301	154	1408
279.879	16302	152	208
279.884	16303	154	1408
279.891	16304	154	1408
279.899	16305	154	208
279.901	16306	155	1408
279.906	16307	152	1408
279.912	16308	149	208
279.916	16309	152	1408
279.926	16310	154	1411
279.936	16311	155	1408
279.944	16312	156	208
279.951	16314	154	1411
279.959	16315	154	1408
279.964	16316	151	208
279.967	16317	151	1408
279.972	16318	148	1408
279.982	16319	150	1411
279.992	16320	152	208
279.994	16321	153	1408
280.009	16323	153	208
280.012	16324	153	1408
280.019	16325	153	1408
280.027	16326	152	1411
280.034	16327	152	208
280.037	16328	153	1408
280.042	16329	150	1408
280.049	16330	150	208
280.054	16331	152	1408
280.062	16332	153	1411
280.069	16333	152	1408
280.077	16334	152	208
280.079	16335	153	1408
280.087	16336	152	1408
280.094	16337	152	208
280.099	16338	155	1408
280.107	16339	154	1408
280.114	16340	154	208
280.116	16341	155	1408
280.126	16342	157	1408
280.13	16343	152	208
280.137	16345	149	1408
280.145	16346	150	208
280.147	16347	151	1408
280.157	16348	153	1411
280.167	16349	154	1408
280.172	16350	152	208
280.175	16351	153	1408
280.184	16352	154	1408
280.192	16353	153	208
280.194	16354	154	1408
280.199	16355	151	1408
280.207	16356	151	208
280.209	16357	153	1408
280.216	16358	152	1411
280.226	16359	153	1408
280.234	16360	153	208
280.236	16361	154	1408
280.246	16362	156	1408
280.254	16363	155	208
280.256	16364	157	1408
280.264	16365	156	1408
280.267	16366	152	208
280.272	16367	155	1408
280.281	16368	156	1408
280.287	16369	154	208
280.289	16370	155	1408
280.294	16371	152	1408
280.302	16372	152	208
280.304	16373	153	1408
280.312	16374	153	1408
280.317	16375	153	208
280.319	16376	154	1408
280.322	16377	150	1408
280.329	16378	151	208
280.332	16379	152	1408
280.34	16380	153	1411
280.347	16381	154	1408
280.361	16384	155	1408
280.364	16385	151	208
280.369	16386	154	1408
280.378	16387	158	1408
280.389	16390	154	1408
280.397	16391	153	208
280.406	16393	156	1408
280.411	16394	150	208
280.414	16395	152	1408
280.426	16396	153	1408
280.436	16397	151	208
280.439	16398	152	1408
280.451	16399	154	1408
280.461	16400	153	208
280.463	16401	154	1408
280.475	16402	155	1408
280.486	16403	155	208
280.49	16404	158	1408
280.5	16405	156	1408
280.51	16406	156	208
280.512	16407	157	1408
280.522	16408	158	1408
280.527	16409	156	208
280.53	16410	157	1408
280.539	16411	158	1408
280.545	16412	156	208
280.552	16413	161	1408
280.559	16414	161	1408
280.565	16415	159	208
280.567	16416	160	1408
280.574	16417	160	211
280.576	16418	160	1411
280.584	16419	160	1408
280.591	16421	159	1408
280.596	16422	156	211
280.601	16423	159	1411
280.611	16424	161	1408
280.618	16425	160	1411
280.623	16426	158	208
280.634	16428	157	1408
280.639	16429	153	208
280.642	16430	153	1408
280.651	16431	150	1408
280.659	16432	148	208
280.664	16433	151	1408
280.677	16434	151	1408
280.685	16435	149	208
280.69	16436	149	1408
280.702	16437	152	1408
280.71	16438	149	208
280.712	16439	149	1408
280.719	16440	147	1408
280.725	16441	145	208
280.727	16442	145	1408
280.734	16443	145	1408
280.74	16444	143	208
280.744	16445	143	1408
280.749	16446	141	1408
280.752	16447	135	208
280.754	16448	137	1408
280.759	16449	133	1408
280.845	16450	50	211
280.848	16451	52	1411
280.854	16452	51	208
280.857	16453	52	1408
280.865	16454	53	1408
280.871	16455	51	208
280.874	16456	53	1408
280.95	16457	53	1408
280.958	16458	51	208
280.96	16459	52	1408
280.967	16460	52	1408
280.975	16461	50	208
280.977	16462	52	1408
281.053	16463	52	1408
281.06	16464	53	208
281.062	16465	53	1408
281.073	16466	56	1408
281.08	16467	56	208
281.085	16468	59	1408
281.095	16469	61	1408
281.105	16470	63	208
281.107	16471	65	1408
281.113	16472	62	1408
281.12	16473	62	208
281.123	16474	63	1408
281.132	16475	65	1408
281.14	16476	65	208
281.142	16477	66	1408
281.15	16478	65	1408
281.158	16479	65	208
281.16	16480	67	1408
281.169	16481	68	1408
281.178	16482	68	208
281.18	16483	70	1408
281.189	16484	73	1408
281.195	16485	72	208
281.198	16486	74	1408
281.205	16487	74	1408
281.21	16488	73	208
281.212	16489	75	1408
281.22	16490	76	1408
281.227	16491	77	208
281.232	16492	81	1408
281.237	16493	79	1408
281.245	16494	82	208
281.25	16495	85	1408
281.254	16496	84	1408
281.263	16497	85	208
281.267	16498	89	1408
281.274	16499	90	1408
281.282	16500	92	208
281.284	16501	93	1408
281.292	16502	94	1408
281.297	16503	93	208
281.302	16504	97	1408
281.309	16505	97	1408
281.32	16506	97	208
281.322	16507	99	1408
281.335	16508	100	1408
281.347	16509	102	208
281.352	16510	105	1408
281.362	16511	105	1408
281.372	16512	104	208
281.374	16513	106	1408
281.387	16514	107	1408
281.398	16515	108	208
281.404	16516	113	1408
281.414	16517	113	1408
281.424	16518	112	208
281.427	16519	113	1408
281.436	16520	115	1408
281.447	16521	118	208
281.449	16522	119	1408
281.459	16523	120	1408
281.467	16524	121	208
281.472	16525	124	1408
281.481	16526	126	1408
281.487	16527	123	208
281.494	16528	129	1408
281.504	16529	131	1408
281.512	16530	131	208
281.514	16531	132	1408
281.524	16532	135	1408
281.534	16533	136	208
281.536	16534	138	1408
281.546	16535	140	1408
281.554	16536	140	208
281.559	16537	144	1408
281.571	16538	147	1408
281.577	16539	145	208
281.581	16540	149	1408
281.591	16541	151	1408
281.599	16542	151	208
281.601	16543	151	1408
281.609	16544	152	1408
281.614	16545	149	208
281.617	16546	151	1408
281.628	16547	155	1408
281.643	16550	153	1408
281.653	16551	155	208
281.656	16552	156	1408
281.665	16553	158	1408
281.671	16554	156	208
281.673	16555	157	1408
281.68	16556	156	1408
281.698	16559	156	1408
281.703	16560	154	208
281.708	16561	157	1408
281.713	16562	154	1408
281.718	16563	152	208
281.723	16564	156	1408
281.731	16565	155	1408
281.736	16566	152	208
281.741	16567	156	1408
281.748	16568	156	1408
281.756	16569	156	208
281.758	16570	156	1408
281.763	16571	155	1408
281.766	16572	150	208
281.771	16573	152	1408
281.778	16574	153	1408
281.784	16575	150	208
281.786	16576	151	1408
281.798	16577	156	1408
281.803	16578	153	208
281.81	16580	151	1408
281.819	16581	151	208
281.821	16582	153	1408
281.83	16583	154	1408
281.836	16584	152	208
281.846	16586	153	1408
281.861	16589	151	208
281.864	16590	152	1408
281.873	16592	145	208
281.877	16593	149	1408
281.887	16594	150	1408
281.897	16595	149	211
281.899	16596	150	1411
281.905	16597	147	208
281.907	16598	149	1408
281.914	16599	147	1408
281.922	16600	149	208
281.925	16601	149	1408
281.934	16602	151	1408
281.939	16603	149	208
281.947	16604	154	1408
281.951	16605	152	1408
281.959	16606	152	208
281.962	16607	153	1408
281.967	16608	150	1408
281.972	16609	148	208
281.975	16610	149	1408
281.984	16611	150	1408
281.992	16612	151	208
281.995	16613	152	1408
282.004	16614	153	1408
282.012	16615	153	208
282.016	16616	156	1411
282.026	16617	158	1408
282.031	16618	156	1408
282.037	16619	153	208
282.044	16621	152	1408
282.049	16622	148	1411
282.062	16623	150	211
282.066	16624	154	1411
282.072	16625	151	208
282.076	16626	155	1408
282.081	16627	151	1411
282.091	16628	154	1408
282.096	16629	152	208
282.101	16630	154	1408
282.108	16631	155	1408
282.118	16632	157	208
282.12	16633	158	1408
282.129	16635	153	208
282.134	16636	157	1408
282.142	16638	153	208
282.144	16639	154	1408
282.152	16641	149	208
282.154	16642	151	1408
282.159	16643	150	1408
282.167	16644	152	208
282.17	16645	153	1408
282.177	16646	153	1408
282.178	16647	148	208
282.185	16649	148	1408
282.193	16651	149	1408
282.198	16652	147	1408
282.205	16653	149	208
282.211	16655	144	1408
282.218	16656	142	208
282.221	16657	142	1408
282.238	16658	149	1408
282.249	16659	150	1411
282.258	16660	148	208
282.262	16661	151	1408
282.272	16662	151	1408
282.283	16663	150	208
282.285	16664	152	1408
282.305	16666	151	208
282.31	16667	154	1408
282.32	16668	153	1408
282.33	16669	152	208
282.333	16670	155	1408
282.345	16671	158	1411
282.352	16672	157	1411
282.357	16673	155	1408
282.367	16674	157	1411
282.372	16675	155	208
282.379	16677	153	1408
282.383	16678	148	208
282.385	16679	150	1411
282.395	16680	152	211
282.407	16682	154	1408
282.415	16683	154	208
282.425	16685	155	1408
282.434	16686	157	1408
282.442	16687	156	208
282.446	16688	160	1408
282.452	16689	157	1408
282.457	16690	154	208
282.459	16691	155	1408
282.471	16692	159	1408
282.477	16693	157	208
282.482	16695	153	1408
282.489	16696	153	208
282.493	16697	156	1408
282.503	16698	159	1408
282.507	16699	154	208
282.511	16700	157	1408
282.514	16701	152	1411
282.526	16702	157	1408
282.531	16703	154	208
282.536	16704	157	1408
282.543	16705	156	1408
282.551	16706	157	208
282.566	16709	155	208
282.576	16711	155	1408
282.584	16712	155	208
282.586	16713	156	1408
282.602	16715	157	1408
282.61	16716	157	208
282.612	16717	158	1408
282.622	16718	160	1411
282.625	16719	156	1408
282.635	16720	158	1411
282.645	16722	158	1408
282.66	16724	158	208
282.663	16725	159	1408
282.67	16726	159	1408
282.678	16727	158	208
282.683	16729	155	1408
282.691	16730	154	1411
282.698	16731	154	208
282.701	16732	155	1408
282.703	16733	150	1408
282.711	16734	150	208
282.713	16735	151	1408
282.723	16736	152	1408
282.728	16737	150	208
282.733	16738	153	1408
282.738	16739	151	1408
282.748	16741	152	1408
282.763	16743	151	208
282.766	16744	152	1408
282.775	16745	154	1411
282.78	16746	152	1411
282.792	16747	156	1411
282.802	16748	158	1408
282.805	16749	153	208
282.807	16750	154	1411
282.817	16751	156	1408
282.827	16752	157	1408
282.833	16753	155	208
282.835	16754	157	1408
282.842	16755	155	1408
282.849	16756	155	208
282.852	16757	157	211
282.855	16758	158	1408
282.864	16759	160	1408
282.87	16760	157	1411
282.875	16761	154	208
282.887	16763	157	1408
282.893	16764	157	1411
282.901	16765	157	208
282.903	16766	158	1408
282.913	16767	160	1408
282.919	16768	157	208
282.921	16769	159	1408
282.931	16770	160	1408
282.936	16771	158	208
282.941	16773	154	1408
282.949	16774	154	208
282.955	16776	151	211
282.96	16777	154	1408
282.965	16779	153	1408
282.968	16780	149	1411
282.977	16781	152	1408
282.982	16782	151	208
282.985	16783	152	1408
282.993	16785	147	208
282.995	16786	149	1408
283.002	16787	150	1408
283.005	16788	147	208
283.008	16789	148	1408
283.017	16790	150	1408
283.023	16791	145	208
283.025	16792	148	1408
283.035	16793	149	1408
283.043	16794	150	208
283.055	16796	150	1408
283.063	16797	148	208
283.068	16798	151	1408
283.08	16799	153	1408
283.092	16800	154	1411
283.102	16801	155	208
283.104	16802	155	1408
283.112	16803	153	1408
283.123	16804	152	208
283.125	16805	153	1408
283.141	16806	159	1408
283.153	16807	161	1411
283.173	16810	157	1411
283.183	16811	159	211
283.185	16812	161	1408
283.193	16813	160	208
283.203	16815	161	1408
283.21	16816	162	1411
283.217	16817	161	208
283.22	16818	162	1408
283.233	16820	160	208
283.235	16821	161	1408
283.245	16822	163	1408
283.25	16823	159	208
283.26	16825	160	1408
283.267	16826	159	1411
283.275	16827	159	208
283.282	16829	157	1408
283.287	16830	154	208
283.29	16831	156	1408
283.297	16832	155	1408
283.302	16833	153	208
283.305	16834	154	1408
283.314	16835	156	1408
283.322	16837	155	1408
283.329	16838	154	1408
283.335	16839	153	208
283.342	16840	158	1408
283.351	16842	151	208
283.353	16843	152	1408
283.364	16845	147	208
283.371	16847	146	211
283.374	16848	147	1411
283.381	16849	147	1408
283.387	16850	144	208
283.389	16851	146	1408
283.401	16852	149	1411
283.411	16853	151	1408
283.418	16854	151	208
283.421	16855	152	1408
283.428	16856	151	1408
283.436	16857	151	1411
283.443	16858	151	208
283.448	16859	154	1408
283.455	16860	154	1408
283.466	16862	155	1411
283.473	16863	155	1408
283.481	16864	155	1408
283.493	16865	158	1411
283.498	16866	155	208
283.508	16868	157	1408
283.516	16869	157	208
283.518	16870	157	1408
283.521	16871	153	1408
283.529	16873	151	208
283.531	16874	152	1408
283.541	16875	154	1408
283.544	16876	151	208
283.554	16878	151	1411
283.561	16879	151	1408
283.577	16881	150	1411
283.586	16882	152	208
283.588	16883	153	1408
283.596	16884	152	1408
283.601	16885	150	208
283.603	16886	151	1408
283.617	16888	148	208
283.619	16889	150	1408
283.627	16890	149	1408
283.635	16891	149	208
283.637	16892	151	1408
283.642	16893	147	1408
283.65	16894	147	208
283.652	16895	149	1408
283.661	16896	150	1408
283.667	16897	149	211
283.668	16898	147	208
283.672	16899	151	1408
283.68	16900	150	1408
283.685	16901	147	208
283.689	16902	151	1408
283.697	16903	150	1408
283.7	16904	147	208
283.705	16905	149	1408
283.712	16906	150	1411
283.722	16907	152	1408
283.727	16908	149	208
283.732	16909	153	211
283.734	16910	153	1408
283.742	16911	152	1408
283.749	16912	152	208
283.752	16913	153	1408
283.761	16914	154	1411
283.773	16915	157	1408
283.778	16916	155	208
283.781	16917	156	1408
283.791	16918	157	1411
283.802	16919	161	1408
283.81	16920	161	208
283.813	16921	162	1408
283.82	16922	162	1408
283.821	16923	157	208
283.825	16924	161	1408
283.83	16925	159	1411
283.838	16926	160	1408
283.845	16927	161	208
283.853	16929	160	1408
283.858	16931	158	1408
283.867	16932	161	1408
283.879	16935	157	1408
283.887	16936	158	208
283.897	16938	158	1408
283.902	16939	156	208
283.905	16940	157	1408
283.915	16941	156	1408
283.925	16942	155	208
283.927	16943	155	1408
283.948	16945	154	208
283.957	16947	152	1408
283.968	16948	151	208
283.971	16949	152	1408
283.98	16950	150	1408
283.993	16951	152	208
283.995	16952	153	1408
284.005	16953	152	1408
284.013	16954	152	208
284.016	16955	153	1408
284.023	16956	152	1408
284.028	16957	149	208
284.033	16958	152	1408
284.04	16959	151	1408
284.05	16960	153	208
284.052	16961	155	1408
284.072	16963	157	211
284.074	16964	158	1408
284.08	16965	157	208
284.09	16967	157	211
284.097	16969	155	1408
284.104	16970	154	1411
284.111	16971	152	208
284.118	16972	157	1408
284.125	16973	156	1408
284.15	16976	152	1411
284.161	16977	154	1411
284.174	16978	156	1408
284.181	16979	156	208
284.184	16980	157	1408
284.191	16981	156	1408
284.199	16982	155	208
284.204	16983	158	1408
284.216	16984	160	1408
284.221	16985	157	208
284.226	16986	160	1408
284.233	16987	160	1408
284.239	16988	157	208
284.241	16989	158	1408
284.248	16990	158	1408
284.252	16991	152	208
284.257	16992	154	1408
284.272	16993	150	1411
284.282	16994	152	1408
284.299	16997	152	1411
284.306	16998	152	1411
284.314	16999	150	1408
284.324	17000	152	208
284.326	17001	154	1408
284.334	17002	153	1408
284.34	17003	151	208
284.35	17005	151	1408
284.359	17006	153	211
284.362	17007	154	1411
284.367	17008	151	208
284.372	17009	155	1408
284.385	17011	151	208
284.387	17012	153	1408
284.395	17013	152	1408
284.403	17014	151	208
284.415	17017	147	208
284.418	17018	148	1408
284.425	17019	147	1408
284.433	17020	147	208
284.435	17021	148	1408
284.448	17022	152	1408
284.453	17023	149	208
284.455	17024	151	1408
284.465	17025	151	1408
284.472	17026	150	208
284.474	17027	152	1408
284.482	17028	151	1408
284.489	17029	151	208
284.491	17030	151	1408
284.501	17031	153	1408
284.506	17032	150	211
284.509	17033	151	1411
284.517	17034	151	208
284.519	17035	152	1408
284.529	17036	153	1408
284.534	17037	150	208
284.536	17038	152	1408
284.546	17039	153	1408
284.556	17040	154	1411
284.563	17041	154	208
284.566	17042	155	1408
284.579	17044	152	208
284.583	17045	155	1408
284.599	17047	154	1408
284.606	17048	153	208
284.608	17049	155	1408
284.628	17051	158	1411
284.635	17052	157	1411
284.642	17053	158	208
284.645	17054	159	1408
284.653	17056	154	208
284.655	17057	156	1408
284.662	17058	156	1408
284.668	17059	155	208
284.677	17061	157	1408
284.683	17062	155	208
284.685	17063	156	1408
284.693	17064	158	1408
284.698	17065	156	208
284.703	17066	160	1408
284.711	17068	155	208
284.718	17070	155	1408
284.723	17071	154	208
284.726	17072	155	1408
284.733	17073	155	1408
284.739	17074	150	208
284.749	17076	147	1408
284.761	17077	149	208
284.764	17078	150	1408
284.774	17079	149	1408
284.781	17080	146	1411
284.792	17081	145	208
284.799	17082	150	1408
284.808	17083	149	1411
284.821	17084	150	1408
284.833	17085	152	1411
284.844	17086	151	208
284.848	17087	155	1408
284.859	17088	157	1408
284.863	17089	154	1411
284.868	17090	151	208
284.871	17091	153	1408
284.883	17092	156	1408
284.893	17093	157	1411
284.901	17094	157	208
284.903	17095	159	1408
284.916	17097	154	1411
284.924	17098	154	1411
284.931	17099	153	208
284.933	17100	155	1408
284.941	17101	154	1408
284.955	17103	159	1408
284.964	17104	160	1411
284.972	17105	159	1408
284.978	17106	157	208
284.98	17107	158	1408
284.987	17108	157	1408
285.005	17111	157	1408
285.012	17112	156	208
285.017	17113	159	1408
285.024	17114	159	1408
285.032	17115	159	208
285.035	17116	160	1408
285.041	17117	159	1408
285.049	17118	158	208
285.052	17119	159	1408
285.059	17120	159	1408
285.067	17122	157	1408
285.072	17123	153	1408
285.075	17124	149	208
285.08	17125	152	1408
285.092	17126	156	1408
285.096	17127	152	208
285.103	17129	149	1408
285.113	17130	151	208
285.115	17131	153	1408
285.12	17132	150	1411
285.132	17133	152	1408
285.137	17134	150	208
285.14	17135	152	1408
285.145	17136	149	1408
285.155	17137	151	208
285.155	17138	150	211
285.158	17139	150	1408
285.165	17140	149	1408
285.173	17141	149	208
285.175	17142	151	1408
285.185	17143	152	1408
285.193	17144	151	208
285.197	17145	155	1408
285.207	17146	156	1408
285.227	17149	158	208
285.229	17150	160	1408
285.234	17151	157	1408
285.239	17152	154	208
285.242	17153	155	1408
285.254	17154	159	1408
285.257	17155	154	208
285.262	17156	157	1408
285.269	17157	156	1408
285.277	17158	157	211
285.277	17159	155	208
285.28	17160	156	1408
285.299	17163	158	1408
285.309	17164	159	1408
285.319	17166	153	208
285.321	17167	154	1408
285.33	17168	156	1408
285.336	17169	152	208
285.341	17170	156	1408
285.348	17171	155	1408
285.355	17172	155	208
285.358	17173	157	1408
285.365	17174	155	1408
285.373	17175	154	208
285.377	17176	158	1408
285.385	17177	158	1408
285.39	17178	155	208
285.393	17179	156	1408
285.405	17180	159	1408
285.41	17181	157	208
285.413	17182	158	1408
285.42	17183	158	1408
285.423	17184	152	208
285.436	17187	154	1411
285.441	17188	151	1408
285.449	17189	151	208
285.456	17191	148	1408
285.462	17192	147	208
285.471	17194	147	1408
285.479	17195	148	208
285.482	17196	149	1408
285.489	17197	150	1408
285.494	17198	149	208
285.5	17200	144	211
285.51	17202	147	1408
285.515	17203	146	1411
285.522	17204	146	208
285.525	17205	147	1408
285.533	17206	149	1408
285.538	17207	147	208
285.542	17208	151	1408
285.556	17210	147	208
285.558	17211	149	1408
285.565	17212	150	1408
285.576	17213	148	208
285.578	17214	149	1408
285.588	17215	148	1408
285.596	17216	146	208
285.603	17217	151	1408
285.613	17218	150	1408
285.621	17219	148	208
285.626	17220	150	1408
285.64	17221	153	1411
285.65	17222	153	211
285.652	17223	154	1408
285.665	17224	155	1411
285.673	17225	152	208
285.68	17226	157	1411
285.69	17227	156	1408
285.702	17228	160	1408
285.71	17229	160	208
285.726	17232	159	1411
285.733	17233	158	1408
285.741	17234	158	208
285.751	17236	158	1408
285.759	17237	157	208
285.761	17238	159	1408
285.769	17239	159	1411
285.778	17240	160	1408
285.784	17241	157	208
285.786	17242	158	1408
285.794	17243	157	1408
285.801	17244	157	208
285.804	17245	158	1408
285.806	17246	153	1408
285.817	17247	155	208
285.824	17249	152	1408
285.83	17250	150	208
285.839	17252	150	1408
285.847	17253	149	208
285.849	17254	151	1408
285.859	17255	153	1408
285.867	17256	152	208
285.869	17257	152	1408
285.889	17260	155	1408
285.893	17261	152	1408
285.901	17262	151	208
285.904	17263	152	1408
285.914	17264	154	1408
285.919	17265	152	208
285.931	17266	154	1411
285.939	17267	154	1411
285.948	17268	156	1408
285.956	17269	155	1408
285.971	17271	154	208
285.975	17272	157	1408
285.981	17273	154	1408
285.99	17274	156	208
285.993	17275	157	1408
285.998	17276	155	1408
286.009	17277	156	208
286.018	17279	157	1408
286.023	17280	154	208
286.028	17281	157	1408
286.038	17282	158	1411
286.047	17283	160	1408
286.064	17285	161	208
286.1	17292	154	211
286.101	17293	153	208
286.113	17295	155	1408
286.134	17299	150	208
286.138	17300	154	1408
286.146	17301	153	1408
286.149	17302	148	208
286.153	17303	151	1408
286.164	17305	145	208
286.166	17306	146	1408
286.174	17307	146	1411
286.181	17308	144	1408
286.191	17309	146	208
286.193	17310	148	1408
286.2	17311	146	1408
286.205	17312	144	208
286.21	17313	147	1408
286.22	17314	148	1411
286.225	17315	145	1408
286.233	17316	145	208
286.237	17317	149	1408
286.243	17318	145	1408
286.253	17319	147	208
286.255	17320	149	1408
286.265	17321	151	1411
286.3	17322	150	1411
286.309	17323	151	1411
286.315	17324	149	211
286.32	17325	153	1411
286.329	17326	156	1411
286.344	17328	156	1411
286.349	17329	156	211
286.352	17330	157	1411
286.359	17331	158	1411
286.366	17332	158	1408
286.377	17333	161	1411
286.379	17334	157	208
286.389	17336	158	1408
286.392	17337	155	208
286.397	17338	158	1408
286.404	17339	159	1408
286.409	17340	158	208
286.416	17342	157	1408
286.422	17343	155	208
286.424	17344	157	1408
286.431	17345	157	1408
286.437	17346	151	208
286.444	17347	156	1408
286.462	17349	151	208
286.466	17350	155	1408
286.477	17351	153	1408
286.487	17352	152	208
286.489	17353	152	1408
286.499	17354	152	1408
286.51	17355	150	208
286.512	17356	151	1408
286.527	17357	154	1408
286.534	17358	151	208
286.545	17360	151	1408
286.562	17362	152	208
286.565	17363	152	1408
286.574	17364	154	1408
286.594	17367	155	1408
286.601	17368	154	1411
286.609	17369	152	208
286.611	17370	153	1408
286.623	17371	158	1408
286.631	17372	156	1411
286.643	17374	159	1408
286.648	17375	156	1408
286.654	17376	152	208
286.659	17377	156	1408
286.669	17378	157	1408
286.678	17379	159	1411
286.684	17380	155	208
286.691	17382	152	1408
286.697	17383	150	208
286.703	17384	155	1408
286.71	17385	154	1408
286.718	17386	153	208
286.721	17387	154	1408
286.733	17389	150	208
286.736	17390	151	1408
286.748	17391	155	1408
286.758	17392	157	1411
286.761	17393	150	208
286.768	17394	157	1408
286.773	17395	152	1411
286.783	17396	154	1408
286.789	17397	151	208
286.793	17398	155	1408
286.801	17399	154	211
286.816	17402	151	208
286.821	17403	154	1408
286.83	17404	155	1408
286.836	17405	152	208
286.839	17406	153	1408
286.85	17407	157	1408
286.856	17408	153	211
286.856	17409	153	208
286.859	17410	153	1408
286.866	17411	152	1408
286.874	17412	151	208
286.884	17414	152	1408
286.889	17415	148	208
286.904	17417	153	1408
286.913	17418	155	1408
286.92	17419	152	208
286.929	17421	152	1408
286.936	17422	151	1411
286.944	17423	150	208
286.946	17424	151	1408
286.956	17425	152	1408
286.962	17426	149	208
286.967	17427	152	1408
286.974	17428	152	1408
286.982	17429	150	208
286.986	17430	154	1408
286.994	17431	153	1408
286.999	17432	150	208
287.004	17433	153	1408
287.012	17434	153	1408
287.019	17435	151	1411
287.029	17436	152	1411
287.034	17437	149	208
287.037	17438	150	1408
287.046	17439	152	1408
287.054	17440	150	208
287.058	17441	154	1408
287.066	17442	153	1408
287.073	17443	152	208
287.076	17444	152	1408
287.086	17445	154	1408
287.095	17446	155	1411
287.103	17447	154	208
287.108	17448	157	1408
287.12	17449	161	1411
287.125	17450	158	1408
287.135	17451	159	208
287.137	17452	160	1408
287.147	17453	161	1411
287.154	17454	160	1408
287.164	17456	160	1408
287.174	17457	162	1408
287.184	17459	163	1408
287.189	17460	161	1408
287.196	17461	161	208
287.198	17462	163	1408
287.206	17464	158	208
287.209	17465	159	1408
287.214	17466	157	1408
287.221	17467	158	208
287.224	17468	159	1408
287.229	17469	157	1408
287.235	17470	156	208
287.237	17471	157	1408
287.242	17472	155	1408
287.252	17474	154	1408
287.264	17475	155	1408
287.272	17476	152	208
287.274	17477	153	1408
287.284	17478	152	1408
287.306	17481	149	1408
287.317	17482	149	208
287.319	17483	149	1408
287.332	17484	151	1408
287.344	17485	152	208
287.349	17486	154	1408
287.36	17487	153	1408
287.37	17488	152	211
287.374	17490	154	1408
287.382	17491	153	1408
287.392	17492	154	211
287.392	17493	153	208
287.394	17494	155	1408
287.406	17495	158	1408
287.423	17498	157	1408
287.433	17499	157	1408
287.443	17500	159	208
287.445	17501	160	1408
287.453	17502	159	1408
287.462	17503	160	211
287.463	17504	159	208
287.468	17505	163	1408
287.481	17507	159	208
287.483	17508	160	1408
287.493	17509	161	1408
287.498	17510	158	208
287.5	17511	159	1408
287.512	17512	162	1408
287.519	17514	160	1411
287.527	17515	160	208
287.529	17516	160	1408
287.541	17517	159	1408
287.547	17518	153	208
287.554	17519	155	1408
287.567	17520	157	1408
287.575	17521	155	208
287.577	17522	156	1408
287.583	17523	154	211
287.589	17525	150	208
287.593	17526	154	1408
287.603	17527	155	1408
287.606	17528	149	208
287.608	17529	151	1408
287.614	17530	147	1408
287.621	17531	147	211
287.63	17533	145	208
287.64	17535	145	1408
287.645	17536	142	208
287.648	17537	143	1408
287.657	17538	144	1408
287.667	17539	145	208
287.669	17540	147	1408
287.679	17541	149	1408
287.689	17542	150	1411
287.699	17543	152	208
287.701	17544	153	1408
287.707	17545	149	1408
287.717	17546	151	208
287.727	17548	152	211
287.729	17549	153	1408
287.738	17550	152	208
287.74	17551	154	1408
287.749	17552	154	1408
287.769	17555	155	1408
287.772	17556	151	208
287.777	17557	153	1408
287.784	17558	153	1408
287.794	17559	153	1411
287.799	17560	151	208
287.802	17561	152	1408
287.81	17562	151	1408
287.817	17563	151	208
287.82	17564	152	1408
287.831	17565	155	1408
287.841	17566	156	1411
287.851	17567	157	1411
287.858	17568	156	208
287.86	17569	157	1408
287.868	17570	156	1408
287.876	17571	155	208
287.879	17572	157	1408
287.886	17573	156	1408
287.891	17574	153	208
287.896	17575	156	1408
287.904	17576	155	1408
287.909	17577	152	208
287.911	17578	154	1408
287.923	17579	157	1408
287.931	17580	157	208
287.934	17581	158	1408
287.941	17582	156	1411
287.948	17583	155	1408
287.956	17584	154	208
287.965	17586	154	1408
287.971	17587	151	211
287.975	17588	155	1411
287.981	17589	152	208
287.983	17590	153	1408
287.995	17591	156	1408
288.003	17592	155	208
288.007	17593	159	1408
288.013	17594	157	1408
288.018	17595	156	208
288.021	17596	157	1408
288.028	17597	158	1408
288.03	17598	154	208
288.033	17599	155	1408
288.038	17600	153	1408
288.048	17601	156	208
288.054	17604	149	208
288.056	17605	150	1408
288.064	17606	151	1408
288.067	17607	147	208
288.072	17608	151	1408
288.077	17609	149	1408
288.085	17610	148	208
288.087	17611	150	1408
288.102	17613	145	208
288.105	17614	146	1408
288.117	17615	146	1408
288.127	17616	146	208
288.132	17617	148	1408
288.148	17619	143	208
288.158	17620	150	1408
288.166	17621	147	1411
288.18	17622	150	1408
288.19	17623	149	208
288.198	17624	154	1408
288.207	17625	152	1408
288.217	17626	155	208
288.219	17627	155	1408
288.229	17628	157	1408
288.234	17629	153	208
288.239	17630	157	1408
288.249	17631	158	1408
288.254	17632	155	208
288.257	17633	156	1408
288.266	17634	158	1411
288.279	17635	161	1411
288.288	17636	162	1408
288.305	17639	162	1408
288.325	17642	163	1408
288.34	17644	161	208
288.342	17645	162	1408
288.35	17646	161	1408
288.357	17648	160	1408
288.364	17649	159	1411
288.377	17650	162	1408
288.38	17651	157	208
288.382	17652	159	1408
288.395	17654	154	208
288.399	17655	158	1408
288.407	17656	157	1408
288.413	17657	154	208
288.418	17659	149	1408
288.426	17660	149	208
288.428	17661	151	1408
288.434	17662	147	1408
288.441	17663	147	208
288.444	17664	148	1408
288.455	17665	151	1408
288.461	17666	149	208
288.47	17668	148	1408
288.481	17669	150	208
288.483	17670	152	1408
288.49	17671	150	1408
288.498	17672	150	208
288.503	17673	154	1408
288.506	17674	147	211
288.508	17675	149	1411
288.52	17676	152	1408
288.528	17677	152	211
288.533	17678	156	1411
288.54	17679	155	208
288.543	17680	155	1408
288.566	17683	153	211
288.571	17685	156	1408
288.578	17686	154	1408
288.588	17687	156	208
288.595	17689	155	1408
288.603	17690	154	1411
288.611	17691	153	208
288.613	17692	155	1408
288.622	17693	155	1411
288.631	17694	155	1408
288.638	17695	153	208
288.64	17696	155	1408
288.645	17697	152	1408
288.653	17698	150	208
288.655	17699	152	1408
288.665	17700	153	1408
288.675	17701	155	208
288.68	17702	158	1411
288.695	17704	156	1408
288.703	17705	156	208
288.713	17707	156	1408
288.716	17708	152	208
288.725	17710	152	1408
288.738	17712	154	1408
288.745	17713	153	1408
288.753	17714	152	208
288.755	17715	154	1408
288.763	17716	153	1408
288.778	17718	151	1411
288.784	17719	148	211
288.784	17720	148	208
288.796	17722	150	1411
288.808	17723	154	1408
288.813	17724	151	208
288.815	17725	152	1408
288.827	17726	155	1408
288.835	17727	155	208
288.838	17728	156	1408
288.845	17729	156	1408
288.846	17730	150	208
288.848	17731	152	1408
288.855	17732	153	1408
288.865	17733	156	208
288.878	17736	154	208
288.88	17737	155	1408
288.885	17738	154	1408
288.903	17740	153	208
288.908	17741	156	1408
288.926	17744	151	208
288.934	17746	150	1408
288.939	17747	149	211
288.941	17748	149	1408
288.951	17749	148	208
288.953	17750	149	1408
288.966	17751	150	1408
288.978	17752	152	208
288.98	17753	152	1411
288.992	17754	153	1408
289.005	17755	155	1411
289.019	17756	158	1408
289.03	17757	158	208
289.032	17758	158	1408
289.045	17759	159	1408
289.053	17760	156	208
289.055	17761	156	1408
289.062	17762	156	1408
289.07	17763	156	208
289.073	17764	156	1408
289.082	17765	157	1408
289.087	17766	154	1411
289.107	17768	157	208
289.109	17769	159	1408
289.114	17770	155	1411
289.122	17771	155	1408
289.127	17772	152	208
289.132	17773	155	1411
289.142	17774	156	1411
289.151	17775	157	1411
289.167	17777	156	1408
289.17	17778	150	208
289.172	17779	152	1408
289.182	17780	154	1408
289.192	17781	154	208
289.198	17783	151	1408
289.205	17784	150	208
289.207	17785	151	1408
289.215	17786	150	1408
289.225	17787	152	208
289.228	17788	153	1408
289.235	17789	152	1408
289.243	17790	152	208
289.25	17792	149	1408
289.256	17793	147	208
289.26	17794	150	1408
289.269	17795	151	1408
289.277	17796	151	208
289.28	17797	151	1408
289.289	17798	153	1408
289.297	17799	153	208
289.299	17800	153	1408
289.312	17801	157	1408
289.324	17803	153	208
289.327	17804	154	1408
289.338	17805	158	1408
289.344	17806	154	208
289.346	17807	156	1408
289.355	17808	157	1408
289.364	17809	156	208
289.368	17810	160	1408
289.386	17813	153	208
289.391	17814	156	1408
289.401	17815	157	1408
289.411	17816	159	1411
289.418	17817	159	208
289.423	17819	154	1408
289.431	17820	154	208
289.434	17821	155	1408
289.441	17822	154	1408
289.449	17823	154	208
289.451	17824	154	1408
289.459	17825	153	1411
289.466	17826	153	1408
289.476	17827	154	208
289.479	17828	155	1408
289.486	17829	154	1408
289.491	17830	151	208
289.496	17831	154	1408
289.503	17832	154	1408
289.523	17835	155	1408
289.529	17836	152	1411
289.538	17837	154	208
289.543	17838	157	1408
289.55	17839	156	1408
289.558	17840	156	208
289.56	17841	157	1408
289.57	17842	158	1408
289.574	17843	153	208
289.576	17844	155	1408
289.586	17845	155	1408
289.593	17846	154	1411
289.6	17847	154	1411
289.61	17848	154	208
289.612	17849	156	1408
289.622	17850	158	1408
289.631	17851	158	1411
289.639	17852	158	208
289.642	17853	159	1408
289.647	17854	155	1408
289.654	17855	155	208
289.657	17856	157	1408
289.674	17858	157	208
289.677	17859	158	1408
289.686	17860	159	1408
289.699	17862	162	1408
289.706	17863	160	1408
289.709	17864	157	208
289.714	17866	154	1408
289.721	17867	155	208
289.724	17868	156	1408
289.729	17869	156	211
289.732	17870	157	1411
289.738	17871	157	1408
289.746	17872	157	208
289.748	17873	159	1408
289.753	17874	158	1408
289.758	17875	156	208
289.761	17876	157	1408
289.768	17877	157	1408
289.776	17878	155	208
289.778	17879	157	1408
289.786	17880	158	1408
289.8	17883	157	1408
289.808	17884	155	208
289.822	17886	156	1408
289.832	17887	155	208
289.837	17888	158	1408
289.847	17889	157	1408
289.853	17890	152	208
289.858	17891	154	1408
289.868	17892	153	1408
289.88	17893	155	1411
289.893	17894	156	208
289.903	17896	153	211
289.907	17897	157	1408
289.911	17898	152	208
289.921	17900	152	1411
289.928	17901	151	1408
289.934	17902	148	208
289.936	17903	150	1408
289.947	17905	144	208
289.952	17906	147	1408
289.962	17907	148	1408
289.968	17908	146	208
289.978	17910	146	1408
289.983	17911	143	208
289.993	17913	144	1408
290.001	17914	143	211
290.012	17916	144	208
290.024	17918	147	1411
290.028	17919	143	1408
290.035	17920	141	208
290.037	17921	143	1408
290.049	17922	145	1408
290.056	17923	145	208
290.059	17924	146	1408
290.067	17925	145	1408
290.074	17926	144	208
290.076	17927	146	1408
290.088	17928	149	1408
290.097	17929	149	208
290.099	17930	150	1408
290.108	17931	151	1411
290.116	17932	150	1408
290.125	17933	152	1411
290.136	17934	153	208
290.138	17935	154	1408
290.147	17936	156	1408
290.155	17937	154	1411
290.165	17938	156	208
290.167	17939	158	1408
290.179	17940	161	1408
290.187	17941	160	208
290.198	17943	162	1408
290.208	17944	164	1411
290.224	17946	162	208
290.235	17948	165	1408
290.25	17950	163	1408
290.256	17951	159	208
290.268	17953	162	1408
290.273	17954	159	208
290.283	17956	159	1408
290.288	17957	156	208
290.29	17958	157	1408
290.298	17959	156	1408
290.305	17960	156	208
290.31	17961	158	1408
290.32	17962	160	1408
290.342	17966	157	208
290.352	17968	157	1408
290.36	17969	156	208
290.362	17970	157	1408
290.372	17971	159	1408
290.377	17972	156	208
290.38	17973	156	1408
290.387	17974	156	1408
290.395	17975	155	208
290.399	17976	158	1408
290.41	17978	153	1408
290.418	17979	152	208
290.42	17980	153	1408
290.425	17981	150	1411
290.431	17982	147	1408
290.44	17983	148	1411
290.446	17984	146	208
290.448	17985	146	1411
290.461	17986	150	1408
290.468	17987	150	1411
290.478	17988	150	1408
290.486	17989	150	1411
290.493	17990	148	208
290.498	17991	152	1408
290.505	17992	152	1408
290.516	17994	152	1408
290.525	17995	154	1408
290.534	17996	153	208
290.536	17997	154	1408
290.539	17998	147	211
290.544	17999	151	1411
290.549	18000	150	1411
290.564	18002	151	1408
290.574	18004	152	1408
290.582	18006	147	208
290.584	18007	148	1408
290.597	18009	147	208
290.599	18010	149	1408
290.609	18011	149	1411
290.618	18012	152	1408
290.624	18013	151	208
290.633	18015	152	1408
290.638	18016	150	208
290.641	18017	151	1408
290.65	18018	155	1408
290.654	18019	151	208
290.661	18020	156	1408
290.673	18021	157	1408
290.681	18022	155	208
290.686	18023	157	1408
290.698	18024	158	1408
290.708	18025	157	208
290.71	18026	158	1408
290.722	18027	159	1408
290.73	18028	155	211
290.731	18029	154	208
290.736	18030	157	1408
290.743	18031	153	1408
290.753	18032	152	208
290.758	18033	155	1408
290.767	18034	156	1408
290.777	18035	158	1411
290.782	18036	155	211
290.787	18038	157	1408
290.795	18039	157	1411
290.8	18040	154	1408
290.812	18041	157	1411
290.82	18042	156	208
290.822	18043	156	1408
290.83	18044	156	1408
290.833	18045	152	208
290.842	18046	159	1408
290.85	18047	158	1411
290.857	18048	156	1408
290.864	18049	156	208
290.867	18050	157	1408
290.875	18051	156	1408
290.88	18052	153	208
290.889	18054	153	1408
290.898	18055	153	208
290.9	18056	154	1408
290.908	18057	153	1408
290.91	18058	148	208
290.915	18059	151	1408
290.922	18060	150	1408
290.932	18061	151	208
290.935	18062	152	1408
290.945	18063	154	1408
290.955	18064	155	208
290.957	18065	156	1408
290.97	18067	152	208
290.972	18068	154	1408
290.988	18070	152	208
290.99	18071	153	1408
291	18072	154	211
291.002	18073	156	1408
291.006	18074	151	208
291.01	18075	154	1408
291.017	18076	153	1408
291.026	18077	152	208
291.028	18078	153	1408
291.033	18079	151	1408
291.043	18080	151	208
291.052	18082	152	1408
291.059	18083	149	208
291.061	18084	150	1408
291.07	18085	152	1408
291.081	18086	153	208
291.083	18087	154	1408
291.09	18088	153	1408
291.097	18089	152	1411
291.1	18090	146	208
291.102	18091	147	1408
291.11	18092	146	1408
291.115	18093	143	208
291.12	18094	146	1408
291.125	18095	143	1408
291.13	18096	139	208
291.132	18097	140	1408
291.137	18098	137	1408
291.14	18099	131	208
291.142	18100	132	1408
291.145	18101	126	1408
291.147	18102	120	1411
291.147	18103	112	208
291.15	18104	113	1408
291.244	18105	53	1411
291.247	18106	53	1411
291.255	18107	52	1408
291.261	18108	51	208
291.265	18109	52	1408
291.347	18110	52	1408
291.353	18111	50	208
291.355	18112	52	1408
291.364	18113	52	1408
291.37	18114	50	208
291.373	18115	52	1408
291.451	18116	55	1408
291.456	18117	52	208
291.459	18118	54	1408
291.471	18119	57	1408
291.482	18120	59	208
291.484	18121	60	1408
291.494	18122	61	1408
291.502	18123	61	208
291.506	18124	65	1408
291.514	18125	63	1408
291.522	18126	63	208
291.524	18127	64	1408
291.536	18128	67	1408
291.544	18129	68	208
291.547	18130	68	1408
291.556	18131	70	1408
291.566	18132	71	208
291.569	18133	72	1408
291.576	18134	72	1408
291.589	18135	75	208
291.591	18136	77	1408
291.601	18137	78	1408
291.609	18138	77	208
291.611	18139	78	1408
291.621	18140	80	1408
291.629	18141	79	208
291.631	18142	80	1408
291.641	18143	81	1408
291.651	18144	84	208
291.654	18145	85	1408
291.665	18146	88	1408
291.669	18147	83	208
291.676	18148	88	1408
291.686	18149	90	1408
291.693	18150	90	208
291.696	18151	90	1408
291.708	18152	95	1408
291.716	18153	94	208
291.718	18154	95	1408
291.726	18155	94	1408
291.736	18156	96	208
291.738	18157	97	1408
291.75	18158	101	1408
291.759	18159	100	208
291.766	18160	106	1408
291.771	18161	103	1408
291.783	18162	107	208
291.786	18163	108	1408
291.798	18164	112	1408
291.805	18165	111	208
291.81	18166	115	1408
291.82	18167	116	1408
291.828	18168	116	208
291.83	18169	117	1408
291.843	18170	120	1408
291.851	18171	120	208
291.856	18172	123	1408
291.865	18173	125	1408
291.873	18174	124	208
291.878	18175	127	1408
291.883	18176	124	1408
291.893	18177	125	208
291.895	18178	127	1408
291.905	18179	129	1408
291.913	18180	127	208
291.915	18181	129	1408
291.925	18182	131	1408
291.931	18183	127	208
291.933	18184	128	1408
291.943	18185	129	1408
291.953	18186	131	208
291.955	18187	133	1408
291.965	18188	134	1408
291.97	18189	131	208
291.975	18190	135	1408
291.985	18191	135	1408
291.993	18192	135	208
292	18193	140	1408
292.01	18194	142	1408
292.018	18195	142	208
292.02	18196	142	1408
292.03	18197	145	1408
292.043	18198	148	208
292.045	18199	149	1408
292.055	18200	151	1408
292.065	18201	153	208
292.067	18202	154	1408
292.077	18203	156	1408
292.085	18204	155	208
292.087	18205	156	1408
292.095	18206	155	1408
292.1	18207	152	208
292.102	18208	153	1408
292.113	18209	154	1408
292.122	18211	155	1408
292.132	18212	156	1408
292.14	18213	155	208
292.148	18215	154	1408
292.151	18216	148	208
292.156	18217	151	1408
292.165	18218	152	1408
292.171	18219	149	208
292.173	18220	151	1408
292.178	18221	148	1408
292.184	18222	146	208
292.188	18223	150	1408
292.198	18224	152	1408
292.201	18225	149	208
292.213	18227	154	1408
292.219	18228	152	208
292.226	18230	151	1408
292.229	18231	148	208
292.231	18232	150	1408
292.237	18233	148	1408
292.239	18234	144	208
292.242	18235	145	1408
292.252	18236	148	1408
292.257	18237	147	208
292.259	18238	149	1408
292.266	18239	149	1408
292.273	18240	149	208
292.276	18241	150	1408
292.283	18242	151	1408
292.293	18243	150	208
292.296	18244	150	1408
292.31	18245	153	1408
292.316	18246	149	208
292.323	18247	153	1408
292.333	18248	152	211
292.335	18249	153	1408
292.343	18250	150	208
292.346	18251	150	1408
292.36	18252	153	1411
292.372	18253	155	1408
292.382	18254	153	208
292.385	18255	154	1408
292.392	18256	154	1408
292.4	18257	153	208
292.405	18258	156	1408
292.414	18259	158	1408
292.422	18260	156	1411
292.427	18261	153	208
292.429	18262	155	1408
292.437	18263	154	1411
292.449	18264	157	1408
292.457	18265	156	208
292.459	18266	157	1408
292.468	18267	158	1408
292.474	18268	156	208
292.48	18270	152	1408
292.488	18271	151	208
292.492	18272	155	1408
292.499	18273	154	1408
292.508	18274	154	208
292.51	18275	155	1408
292.517	18276	154	1408
292.527	18278	155	1408
292.536	18279	156	1408
292.542	18280	154	208
292.55	18282	152	1408
292.555	18283	149	208
292.557	18284	150	1408
292.565	18285	150	1408
292.575	18287	151	1408
292.582	18288	148	1408
292.59	18289	149	208
292.593	18290	150	1408
292.602	18291	151	1408
292.61	18292	152	208
292.62	18294	152	1408
292.625	18295	149	208
292.63	18296	152	1408
292.635	18297	150	1408
292.646	18298	152	208
292.658	18301	147	208
292.661	18302	148	1408
292.668	18303	148	1408
292.678	18304	150	208
292.683	18305	152	1411
292.693	18306	154	1408
292.7	18307	153	1408
292.706	18308	151	208
292.708	18309	152	1408
292.716	18310	152	1408
292.724	18311	151	208
292.729	18313	147	211
292.734	18314	151	1408
292.739	18315	148	208
292.746	18316	153	1408
292.753	18317	153	1411
292.76	18318	152	1408
292.768	18319	152	208
292.77	18320	153	1408
292.778	18321	152	211
292.78	18322	153	1408
292.786	18323	150	208
292.793	18324	156	1408
292.8	18325	155	1408
292.805	18326	152	208
292.807	18327	153	1408
292.817	18328	155	1408
292.829	18329	159	1411
292.834	18330	156	208
292.837	18331	156	1408
292.849	18332	161	1408
292.857	18333	160	208
292.869	18334	160	1411
292.887	18337	154	1408
292.897	18338	156	208
292.901	18339	160	1408
292.912	18341	154	208
292.917	18342	157	1408
292.924	18343	156	1408
292.927	18344	151	208
292.93	18345	153	1408
292.939	18346	154	1411
292.947	18347	153	1408
292.954	18348	153	208
292.957	18349	154	1408
292.959	18350	149	1408
292.968	18351	149	208
292.97	18352	149	1408
292.977	18353	148	1408
292.985	18354	148	208
292.987	18355	150	1408
292.997	18356	152	1408
293.003	18357	148	208
293.005	18358	150	1408
293.014	18359	153	1408
293.018	18360	149	208
293.02	18361	151	1408
293.027	18362	152	1408
293.035	18363	152	208
293.037	18364	154	1408
293.044	18365	155	1408
293.05	18366	153	208
293.052	18367	155	1408
293.06	18369	150	208
293.063	18370	151	1408
293.067	18371	150	1408
293.075	18372	151	208
293.077	18373	152	1408
293.085	18374	153	1408
293.092	18375	153	1411
293.099	18376	155	1411
293.105	18377	153	208
293.109	18378	157	1408
293.119	18379	156	1411
293.129	18380	154	1408
293.142	18381	156	208
293.144	18382	157	1408
293.154	18383	155	1408
293.161	18384	153	208
293.169	18385	158	1408
293.178	18386	157	1408
293.188	18387	156	208
293.195	18388	162	1408
293.211	18390	155	208
293.213	18391	157	1408
293.221	18392	156	1408
293.226	18393	153	208
293.229	18394	154	1408
293.238	18395	156	1408
293.245	18396	155	208
293.248	18397	157	1408
293.263	18400	154	1408
293.271	18401	153	1411
293.281	18402	155	1408
293.29	18403	157	208
293.293	18404	157	1408
293.3	18405	156	1408
293.303	18406	152	208
293.306	18407	153	1408
293.313	18408	153	1408
293.323	18409	155	208
293.326	18410	156	1408
293.333	18411	156	1408
293.339	18412	154	208
293.341	18413	156	1408
293.346	18414	153	1408
293.349	18415	149	208
293.352	18416	150	1408
293.364	18417	154	1408
293.369	18418	152	208
293.371	18419	153	1408
293.379	18420	153	1408
293.386	18421	153	208
293.388	18422	155	1408
293.394	18423	152	1408
293.399	18424	150	208
293.401	18425	151	1408
293.421	18428	149	208
293.426	18429	152	1408
293.433	18430	153	1408
293.441	18431	153	208
293.443	18432	154	1408
293.449	18433	152	1408
293.459	18434	155	208
293.466	18436	153	1408
293.479	18438	151	211
293.48	18439	150	208
293.491	18442	145	208
293.495	18443	149	1408
293.5	18444	147	1408
293.51	18445	149	208
293.513	18446	150	1408
293.518	18447	148	1408
293.521	18448	143	208
293.526	18449	147	1408
293.533	18450	146	1408
293.536	18451	142	208
293.541	18452	146	1408
293.551	18453	148	1408
293.556	18454	146	208
293.56	18455	150	1408
293.567	18456	149	1408
293.572	18457	147	208
293.576	18458	149	1408
293.585	18459	150	1408
293.592	18460	150	208
293.594	18461	152	1408
293.602	18462	152	1408
293.608	18463	150	208
293.612	18464	154	1408
293.62	18465	153	1408
293.627	18466	153	1411
293.639	18467	157	1411
293.646	18468	158	208
293.649	18469	158	1408
293.659	18470	161	1408
293.666	18471	161	208
293.681	18474	159	1411
293.686	18475	158	208
293.691	18476	161	1408
293.703	18478	158	1411
293.71	18479	158	1411
293.718	18480	158	1408
293.726	18481	158	208
293.728	18482	159	1408
293.737	18483	162	1408
293.745	18484	161	208
293.747	18485	163	1408
293.754	18486	162	1408
293.76	18487	160	208
293.762	18488	162	1408
293.769	18489	162	1408
293.775	18491	158	1408
293.785	18492	160	1408
293.792	18493	160	208
293.8	18495	159	1408
293.802	18496	155	208
293.809	18497	161	1408
293.812	18498	156	1408
293.82	18499	156	208
293.822	18500	157	1408
293.833	18501	161	1408
293.834	18502	155	208
293.84	18504	153	1408
293.844	18505	152	208
293.852	18507	153	1408
293.857	18508	152	208
293.86	18509	153	1408
293.867	18510	155	1408
293.882	18511	152	1411
293.887	18512	151	1411
293.893	18513	150	208
293.895	18514	153	1408
293.902	18515	154	1408
293.907	18516	153	1411
293.912	18517	152	208
293.914	18518	153	1408
293.922	18519	155	1408
293.925	18520	151	208
293.929	18521	155	1408
293.933	18523	145	208
293.937	18524	149	1408
293.95	18525	151	1408
293.958	18526	149	208
293.96	18527	150	1408
293.975	18528	155	1408
293.982	18529	153	211
293.985	18530	154	208
293.988	18531	155	1408
293.995	18532	152	1408
294.009	18533	157	1411
294.013	18534	150	208
294.015	18535	151	1408
294.027	18536	153	1408
294.031	18537	146	208
294.033	18538	147	1408
294.048	18539	152	1411
294.057	18540	154	1411
294.067	18541	156	1408
294.072	18542	154	208
294.08	18544	153	1408
294.09	18545	155	208
294.092	18546	157	1408
294.102	18548	152	208
294.112	18550	152	1408
294.118	18551	151	208
294.122	18552	155	1408
294.135	18554	153	208
294.14	18555	156	1411
294.147	18556	155	1408
294.154	18557	156	1408
294.165	18559	157	1408
294.167	18560	152	1408
294.175	18561	152	208
294.177	18562	154	1408
294.185	18563	154	1408
294.19	18564	151	208
294.192	18565	153	1408
294.199	18566	153	1408
294.204	18567	150	208
294.207	18568	152	1408
294.217	18569	154	1408
294.224	18570	154	208
294.227	18571	155	1408
294.234	18572	155	1408
294.242	18573	155	208
294.244	18574	156	1408
294.247	18575	152	1408
294.255	18576	152	208
294.264	18578	153	1408
294.27	18579	152	208
294.272	18580	153	1408
294.282	18581	154	1408
294.295	18583	152	208
294.297	18584	153	1408
294.302	18585	152	1408
294.314	18586	156	1411
294.322	18587	156	1411
294.325	18588	151	208
294.327	18589	153	1408
294.337	18590	154	1408
294.344	18591	155	1411
294.348	18592	150	208
294.352	18593	154	1408
294.359	18594	154	1408
294.367	18595	154	208
294.373	18597	151	211
294.375	18598	153	1408
294.383	18599	152	208
294.39	18601	151	1408
294.397	18602	151	208
294.399	18603	152	1408
294.409	18604	154	1408
294.417	18605	155	208
294.424	18607	153	1408
294.43	18608	152	208
294.435	18609	155	1408
294.442	18610	155	1408
294.449	18612	154	1408
294.457	18613	153	1408
294.462	18614	151	208
294.464	18615	153	1408
294.472	18616	152	1411
294.483	18617	157	1408
294.487	18618	153	208
294.492	18619	157	1408
294.499	18620	157	1408
294.505	18621	154	1411
294.512	18622	155	208
294.515	18623	155	1408
294.521	18624	155	1408
294.53	18625	155	208
294.532	18626	156	1408
294.537	18627	154	1408
294.552	18630	153	1408
294.559	18631	153	208
294.562	18632	154	1408
294.569	18633	154	1408
294.577	18634	154	208
294.584	18636	154	1408
294.591	18637	153	1408
294.604	18638	158	1411
294.609	18639	155	208
294.617	18641	154	1408
294.622	18642	152	208
294.624	18643	154	1408
294.629	18644	150	1411
294.637	18645	151	1408
294.644	18646	151	208
294.647	18647	152	1408
294.657	18648	155	211
294.659	18649	156	1408
294.666	18650	156	208
294.668	18651	157	1408
294.673	18652	155	1408
294.678	18653	152	208
294.683	18654	156	1408
294.691	18655	155	1408
294.698	18656	157	208
294.7	18657	159	1408
294.703	18658	155	1408
294.708	18659	155	208
294.713	18660	158	1408
294.715	18661	155	1408
294.721	18662	154	208
294.723	18663	155	1408
294.732	18664	159	1408
294.738	18665	158	208
294.74	18666	160	1408
294.749	18667	163	1408
294.752	18668	160	208
294.755	18669	161	1408
294.762	18670	161	211
294.764	18671	163	1411
294.769	18672	161	1408
294.774	18673	161	208
294.779	18675	159	1408
294.792	18676	157	1411
294.802	18677	157	208
294.804	18678	158	1408
294.814	18679	158	1408
294.82	18680	154	208
294.822	18681	155	1408
294.834	18682	158	1411
294.842	18683	155	1408
294.849	18684	152	208
294.852	18685	153	1408
294.87	18687	151	208
294.872	18688	153	1408
294.884	18689	155	1408
294.89	18690	151	208
294.895	18691	153	1408
294.898	18692	149	1408
294.901	18693	144	208
294.905	18694	148	1408
294.913	18695	148	1408
294.925	18696	152	208
294.927	18697	154	1408
294.932	18698	152	1408
294.938	18699	149	208
294.942	18700	153	1408
294.947	18701	150	1408
294.953	18702	148	208
294.963	18704	149	1408
294.965	18705	145	208
294.969	18706	147	1408
294.988	18708	151	1408
294.993	18709	149	208
294.998	18710	153	1408
295.003	18711	150	1408
295.011	18712	150	208
295.013	18713	152	1408
295.02	18714	152	1408
295.023	18715	147	208
295.026	18716	149	1408
295.033	18717	149	1408
295.041	18718	149	208
295.043	18719	150	1408
295.051	18720	149	1408
295.058	18721	150	208
295.061	18722	151	1408
295.07	18723	152	1408
295.078	18724	153	1411
295.085	18725	153	208
295.088	18726	154	1408
295.093	18727	153	1408
295.101	18728	152	208
295.108	18730	152	1408
295.118	18731	153	208
295.12	18732	155	1408
295.131	18734	151	208
295.134	18735	152	1408
295.143	18736	155	1408
295.149	18737	153	208
295.159	18739	153	1408
295.162	18740	149	1411
295.167	18741	146	208
295.169	18742	148	1408
295.179	18743	150	1408
295.182	18744	145	208
295.186	18745	149	1408
295.194	18746	149	1411
295.203	18747	151	1408
295.209	18748	149	208
295.211	18749	151	1408
295.219	18750	150	1408
295.224	18751	148	208
295.226	18752	150	1408
295.236	18753	151	1408
295.241	18754	149	208
295.245	18755	152	1408
295.25	18756	150	1408
295.258	18757	149	208
295.26	18758	151	1408
295.27	18759	153	1408
295.277	18760	153	208
295.28	18761	154	1408
295.29	18762	157	1408
295.292	18763	152	208
295.297	18764	156	1408
295.305	18765	156	1408
295.314	18766	158	208
295.317	18767	159	1408
295.324	18768	160	1411
295.332	18769	159	1408
295.339	18770	160	208
295.356	18773	160	1408
295.361	18774	158	208
295.363	18775	159	1408
295.373	18776	161	1411
295.382	18777	163	1408
295.388	18778	160	208
295.392	18779	164	1408
295.401	18780	166	1408
295.406	18781	163	208
295.409	18782	165	1408
295.417	18783	165	1408
295.424	18784	165	208
295.429	18786	162	1408
295.435	18787	159	208
295.437	18788	161	1408
295.444	18789	161	1408
295.45	18790	158	208
295.452	18791	160	1408
295.458	18792	158	1408
295.461	18793	153	208
295.463	18794	154	1408
295.472	18795	156	1408
295.48	18796	157	208
295.487	18798	155	1408
295.49	18799	151	208
295.493	18800	152	1408
295.51	18803	153	1408
295.515	18804	153	1408
295.52	18805	151	208
295.522	18806	153	1408
295.527	18807	152	1408
295.533	18808	151	208
295.535	18809	152	1408
295.557	18811	152	1411
295.565	18812	153	1411
295.57	18813	153	208
295.573	18814	155	1408
295.577	18815	154	1408
295.583	18816	153	208
295.585	18817	153	1408
295.59	18818	152	1408
295.596	18819	151	208
295.603	18820	152	1408
295.609	18821	151	1408
295.614	18822	147	208
295.616	18823	148	1408
295.624	18824	145	1408
295.636	18825	147	1411
295.644	18826	144	208
295.651	18827	150	1408
295.661	18828	150	1408
295.668	18829	148	208
295.673	18830	150	1408
295.683	18831	150	1408
295.696	18832	153	1411
295.703	18833	151	208
295.71	18834	156	1408
295.72	18835	156	1411
295.726	18836	154	211
295.728	18837	156	1408
295.736	18838	155	208
295.738	18839	157	1408
295.743	18840	154	1408
295.751	18841	155	208
295.753	18842	156	1408
295.761	18843	155	1408
295.768	18844	155	1411
295.773	18845	153	208
295.776	18846	154	1408
295.785	18847	156	1408
295.793	18849	154	1408
295.802	18850	157	1408
295.807	18851	154	208
295.81	18852	155	1408
295.82	18853	157	1408
295.829	18855	159	1408
295.839	18856	160	1408
295.849	18858	161	1408
295.856	18859	161	1408
295.863	18860	161	208
295.866	18861	162	1408
295.871	18862	161	1408
295.879	18863	160	208
295.881	18864	162	1408
295.887	18865	159	1408
295.892	18866	157	208
295.894	18867	159	1408
295.901	18868	158	1408
295.905	18869	153	208
295.908	18870	155	1408
295.915	18871	155	1408
295.92	18872	152	208
295.923	18873	154	1408
295.932	18874	155	1408
295.947	18877	154	1408
295.949	18878	150	208
295.954	18879	153	1408
295.961	18880	152	1408
295.964	18881	148	208
295.969	18882	152	1408
295.977	18883	152	1408
295.984	18884	152	208
295.987	18885	153	1408
295.992	18886	151	1408
295.999	18887	151	211
296	18888	150	208
296.002	18889	151	1408
296.009	18890	151	1408
296.017	18891	150	208
296.019	18892	152	1408
296.03	18893	155	1408
296.037	18894	154	211
296.044	18897	152	1408
296.048	18898	148	211
296.05	18899	149	208
296.055	18900	152	1408
296.06	18901	150	1408
296.066	18902	148	208
296.077	18904	151	1408
296.08	18905	147	208
296.085	18906	150	1408
296.095	18907	152	1408
296.1	18908	150	208
296.102	18909	151	1408
296.112	18910	153	1408
296.119	18911	153	208
296.121	18912	154	1408
296.128	18913	154	1408
296.137	18914	155	208
296.149	18916	157	1408
296.154	18917	156	211
296.157	18918	157	1411
296.165	18920	156	1408
296.172	18921	155	1408
296.179	18922	156	208
296.182	18923	157	1408
296.189	18924	156	1408
296.192	18925	153	208
296.197	18926	157	1408
296.204	18927	156	1408
296.207	18928	152	208
296.212	18929	154	1408
296.217	18930	153	1408
296.223	18931	150	208
296.23	18933	149	1408
296.237	18934	149	208
296.24	18935	150	1408
296.25	18937	151	1411
296.257	18938	151	1408
296.262	18939	149	208
296.267	18940	152	1408
296.275	18941	153	1408
296.284	18942	154	1411
296.291	18943	155	208
296.294	18944	156	1408
296.301	18945	155	1408
296.309	18946	156	208
296.316	18948	155	1408
296.324	18949	155	208
296.327	18950	156	1408
296.336	18951	158	1408
296.34	18952	154	208
296.349	18954	154	1408
296.362	18956	154	208
296.37	18958	155	1408
296.372	18959	152	211
296.373	18960	151	208
296.382	18962	153	1408
296.385	18963	151	208
296.392	18965	151	1408
296.405	18968	150	1408
296.41	18969	149	208
296.412	18970	150	1408
296.419	18971	151	1408
296.427	18972	153	208
296.429	18973	155	1408
296.436	18974	156	1411
296.445	18975	159	1408
296.448	18976	155	208
296.45	18977	157	1408
296.456	18978	157	211
296.462	18980	151	208
296.469	18981	156	1408
296.478	18982	156	1408
296.487	18983	154	208
296.489	18984	156	1408
296.501	18985	158	1408
296.511	18986	158	208
296.514	18987	158	1408
296.519	18988	153	1408
296.539	18990	153	208
296.548	18992	151	1408
296.558	18993	151	1411
296.57	18994	153	1411
296.583	18995	158	1411
296.588	18996	155	1411
296.593	18997	154	208
296.6	18998	158	1408
296.61	18999	161	1411
296.615	19000	159	211
296.625	19002	160	1408
296.63	19003	158	208
296.633	19004	159	1408
296.64	19005	159	1408
296.647	19007	158	1408
296.668	19011	154	1411
296.676	19012	155	1408
296.681	19013	152	208
296.693	19015	155	1408
296.693	19016	149	208
296.7	19017	155	1408
296.706	19018	152	1408
296.711	19019	150	208
296.715	19020	154	1408
296.726	19022	149	208
296.731	19023	152	1408
296.738	19024	152	1408
296.748	19025	155	1411
296.753	19026	153	1411
296.761	19027	152	208
296.763	19028	154	1408
296.773	19029	156	1408
296.778	19030	154	208
296.786	19032	152	1408
296.791	19033	151	208
296.796	19034	154	1408
296.808	19036	152	208
296.824	19039	150	208
296.826	19040	151	1408
296.836	19041	154	1411
296.843	19042	154	1408
296.849	19043	152	208
296.854	19045	149	211
296.862	19047	148	208
296.864	19048	149	1408
296.872	19049	149	1411
296.879	19050	149	211
296.882	19051	150	1411
296.895	19053	148	1411
296.902	19054	147	208
296.904	19055	149	1408
296.912	19056	149	1408
296.919	19057	149	208
296.922	19058	150	1408
296.929	19059	150	1411
296.938	19060	152	1408
296.946	19061	152	208
296.949	19062	153	1408
296.956	19063	154	1408
296.961	19064	151	208
296.968	19065	157	1408
296.974	19066	155	1408
296.979	19067	153	208
296.982	19068	154	1408
296.991	19069	156	1408
297.001	19070	158	1411
297.006	19071	156	208
297.009	19072	157	1408
297.016	19073	157	1411
297.025	19074	159	1408
297.031	19075	157	208
297.034	19077	151	1411
297.043	19078	153	1408
297.053	19079	155	1408
297.062	19080	157	1411
297.067	19081	155	1411
297.077	19082	156	208
297.079	19083	158	1408
297.089	19084	161	1408
297.095	19085	158	208
297.099	19086	162	1408
297.107	19087	161	1411
297.113	19088	161	1408
297.12	19089	159	208
297.122	19090	160	1408
297.132	19092	156	208
297.135	19093	157	1408
297.138	19094	152	1408
297.145	19095	152	208
297.149	19096	156	1408
297.16	19098	152	209
297.17	19100	153	1409
297.175	19101	151	209
297.18	19102	153	1409
297.188	19104	149	209
297.191	19105	150	1409
297.2	19106	153	1409
297.208	19109	148	1409
297.213	19110	148	209
297.223	19112	150	1409
297.23	19114	151	1409
297.237	19115	152	1411
297.246	19116	155	1409
297.247	19117	150	209
297.254	19118	156	1409
297.262	19119	157	1409
297.267	19120	154	209
297.269	19121	157	1409
297.284	19122	154	1409
297.294	19123	154	209
297.296	19124	156	1409
297.309	19125	158	1409
297.316	19126	156	209
297.321	19127	159	1409
297.331	19128	159	1409
297.341	19129	159	1411
297.346	19130	154	209
297.36	19132	157	1409
297.37	19133	156	1412
297.38	19134	157	1412
297.392	19135	158	209
297.395	19136	159	1409
297.405	19137	159	1412
297.414	19138	161	1409
297.424	19140	162	1412
297.432	19141	162	209
297.434	19142	163	1409
297.439	19143	160	1412
297.443	19144	157	212
297.445	19145	159	1409
297.45	19146	156	209
297.46	19148	158	1409
297.465	19149	155	209
297.471	19151	151	1409
297.476	19152	150	209
297.486	19154	151	1409
297.491	19155	149	209
297.496	19156	152	1409
297.503	19157	152	1409
297.507	19158	147	209
297.509	19159	148	1409
297.514	19160	147	1409
297.522	19161	146	209
297.525	19163	141	1409
297.532	19164	141	209
297.534	19165	142	1409
297.545	19166	144	1409
297.553	19167	145	209
297.555	19168	147	1409
297.563	19169	146	1412
297.572	19170	149	1409
297.58	19171	149	209
297.582	19172	150	1409
297.596	19174	148	209
297.598	19175	149	1409
297.605	19176	149	1409
297.613	19177	149	209
297.615	19178	151	1409
297.625	19179	152	1409
297.631	19180	150	212
297.635	19182	153	1409
297.645	19183	156	1409
297.65	19184	153	209
297.652	19185	154	1409
297.658	19186	151	1409
297.668	19187	154	1412
297.675	19188	154	1412
297.68	19189	151	209
297.685	19190	155	1409
297.692	19191	154	1412
297.702	19192	157	1409
297.708	19193	155	209
297.71	19194	156	1409
297.717	19195	155	1409
297.722	19196	154	209
297.725	19197	155	1409
297.734	19198	156	1412
297.743	19199	159	1409
297.748	19200	156	209
297.751	19201	157	1409
297.761	19202	159	1409
297.768	19203	160	209
297.771	19204	161	1409
297.78	19205	163	1409
297.783	19206	158	209
297.786	19207	160	1409
297.792	19208	159	1409
297.8	19209	158	209
297.802	19210	160	1409
297.81	19211	161	1412
297.82	19212	162	1409
297.825	19213	161	209
297.827	19214	162	1409
297.835	19215	161	1409
297.84	19216	160	209
297.846	19218	156	212
297.851	19220	153	209
297.853	19221	154	1409
297.857	19222	150	1409
297.862	19223	148	209
297.867	19224	151	1409
297.875	19225	151	1409
297.882	19227	150	1409
297.889	19228	150	1409
297.892	19229	146	209
297.901	19231	146	1409
297.91	19232	146	209
297.912	19233	148	1409
297.924	19235	145	209
297.927	19236	146	1409
297.934	19237	147	1409
297.942	19238	147	209
297.944	19239	148	1409
297.954	19240	150	1409
297.962	19241	151	209
297.964	19242	152	1409
297.972	19243	151	1409
297.979	19244	152	209
297.982	19245	152	1409
297.992	19246	155	1409
297.995	19247	150	209
297.997	19248	152	1409
298.005	19249	152	1409
298.01	19250	152	209
298.02	19252	154	1409
298.022	19253	151	209
298.027	19254	152	1409
298.033	19255	151	1409
298.038	19256	150	209
298.045	19257	154	1409
298.049	19258	153	1412
298.057	19259	154	1412
298.073	19262	158	1409
298.076	19263	154	1409
298.081	19264	154	209
298.086	19265	157	1409
298.088	19266	154	212
298.091	19267	156	1409
298.096	19268	156	209
298.098	19269	157	1409
298.108	19270	157	1412
298.113	19271	156	1409
298.121	19272	157	209
298.123	19273	158	1409
298.135	19274	161	1412
298.143	19275	158	1409
298.153	19276	158	209
298.156	19277	159	1409
298.163	19278	156	1409
298.173	19279	157	209
298.181	19281	154	1409
298.186	19282	149	209
298.189	19283	149	1409
298.203	19284	154	1409
298.211	19285	152	209
298.214	19286	152	1409
298.221	19287	149	1412
298.231	19288	152	1409
298.238	19289	152	209
298.241	19290	153	1409
298.251	19292	149	209
298.253	19293	150	1409
298.263	19294	152	1409
298.271	19295	152	209
298.273	19296	154	1409
298.28	19297	153	1412
298.286	19298	152	212
298.296	19299	159	1409
298.298	19300	155	209
298.306	19302	153	1409
298.313	19303	153	209
298.316	19304	155	1409
298.326	19305	156	1409
298.331	19306	154	209
298.341	19308	154	1409
298.344	19309	150	209
298.346	19310	151	1409
298.356	19311	152	1409
298.373	19314	153	1409
298.379	19315	150	209
298.383	19316	154	1409
298.389	19317	151	1412
298.398	19318	153	1409
298.405	19319	153	209
298.408	19320	154	1409
298.418	19321	156	1409
298.424	19322	154	209
298.433	19324	155	1409
298.441	19325	154	209
298.443	19326	156	1409
298.453	19327	157	1409
298.463	19329	152	209
298.468	19330	156	1409
298.478	19331	157	1409
298.485	19333	155	1409
298.494	19334	158	1409
298.502	19335	158	209
298.509	19337	156	1409
298.519	19338	157	1412
298.527	19339	157	209
298.529	19340	159	1409
298.538	19341	160	1409
298.542	19342	155	209
298.547	19343	159	1409
298.551	19344	156	1412
298.561	19345	157	1409
298.568	19346	157	209
298.571	19347	158	1409
298.581	19348	160	1409
298.586	19349	158	212
298.591	19350	161	1412
298.594	19351	157	209
298.601	19353	155	1409
298.606	19354	153	209
298.609	19355	154	1409
298.616	19356	154	1409
298.624	19357	153	209
298.626	19358	155	1409
298.634	19359	154	1409
298.638	19360	151	1412
298.647	19361	151	209
298.651	19362	155	1409
298.659	19363	154	1409
298.667	19365	153	1412
298.673	19366	152	1409
298.681	19367	153	1409
298.684	19368	148	212
298.685	19369	147	209
298.689	19370	150	1409
298.697	19371	151	1409
298.707	19373	151	1409
298.715	19374	151	1412
298.724	19375	153	1409
298.729	19376	150	209
298.732	19377	151	1409
298.747	19379	150	209
298.749	19380	152	1409
298.757	19381	152	1409
298.762	19382	149	209
298.764	19383	150	1409
298.774	19384	151	1409
298.782	19385	152	209
298.787	19386	155	1409
298.796	19387	157	1409
298.799	19388	153	209
298.804	19389	155	1409
298.812	19390	156	1412
298.821	19391	157	1409
298.826	19392	155	209
298.829	19393	156	1409
298.838	19394	158	1409
298.846	19395	157	209
298.848	19396	159	1409
298.857	19397	160	1409
298.863	19398	160	209
298.872	19400	162	1409
298.88	19403	160	1409
298.885	19404	159	1409
298.89	19405	158	209
298.892	19406	160	1409
298.9	19407	161	1409
298.905	19408	159	209
298.912	19410	160	1409
298.916	19411	157	212
298.918	19412	159	209
298.923	19414	156	1409
298.928	19415	154	209
298.931	19416	156	1409
298.938	19417	156	1409
298.955	19418	158	1412
298.957	19419	155	209
298.966	19421	151	1409
298.976	19422	151	209
298.986	19424	149	1409
298.994	19425	146	209
298.999	19426	150	1409
299.008	19427	149	1409
299.016	19428	147	209
299.021	19429	150	1409
299.033	19430	152	1409
299.039	19431	146	209
299.042	19432	148	1409
299.056	19433	151	1409
299.061	19434	147	209
299.064	19435	149	1409
299.073	19436	150	1412
299.081	19437	150	212
299.084	19438	152	212
299.092	19440	151	209
299.101	19442	151	1409
299.109	19443	151	209
299.114	19444	154	1409
299.123	19445	156	1412
299.128	19446	153	1412
299.138	19447	154	1409
299.143	19448	152	209
299.15	19449	157	1409
299.159	19451	152	209
299.161	19452	153	1409
299.171	19453	154	1412
299.179	19454	154	1409
299.186	19455	154	209
299.189	19456	155	1409
299.198	19457	157	1412
299.206	19458	156	1409
299.213	19459	156	209
299.223	19461	156	1409
299.24	19464	157	1409
299.248	19466	155	1409
299.253	19467	153	1409
299.26	19468	152	209
299.262	19469	154	1409
299.273	19470	156	1409
299.283	19471	158	209
299.285	19472	159	1409
299.295	19474	153	209
299.299	19475	157	1409
299.307	19476	157	1412
299.315	19477	156	1412
299.324	19478	158	1409
299.327	19479	154	209
299.332	19480	157	1409
299.335	19481	152	1409
299.345	19482	154	209
299.357	19484	157	1409
299.362	19485	155	209
299.37	19487	153	1412
299.377	19488	152	1409
299.385	19489	152	209
299.387	19490	153	1409
299.397	19491	155	1409
299.402	19492	152	209
299.404	19493	153	1409
299.412	19494	153	1409
299.419	19495	153	209
299.422	19496	154	1409
299.435	19498	152	1409
299.44	19499	149	212
299.442	19500	151	1412
299.45	19501	151	212
299.453	19502	153	209
299.462	19504	153	1409
299.47	19505	152	209
299.472	19506	154	1409
299.48	19507	153	1409
299.485	19508	151	209
299.488	19509	152	1409
299.499	19511	147	1412
299.502	19512	142	209
299.506	19513	146	1409
299.516	19514	147	1409
299.522	19515	146	209
299.524	19516	147	1409
299.536	19517	150	1409
299.544	19519	150	1409
299.551	19520	149	1409
299.561	19521	151	1412
299.569	19522	151	209
299.578	19524	151	1412
299.583	19525	149	1409
299.59	19526	148	209
299.593	19527	149	1409
299.603	19528	151	1409
299.61	19529	151	209
299.613	19530	152	1409
299.62	19531	152	1409
299.626	19532	149	209
299.63	19533	153	1409
299.638	19534	152	1412
299.647	19535	155	1409
299.653	19536	152	209
299.655	19537	153	1409
299.665	19538	155	1409
299.672	19539	155	1412
299.68	19540	154	209
299.682	19541	156	1409
299.692	19542	158	1409
299.699	19543	157	209
299.707	19545	157	1412
299.714	19546	158	1409
299.729	19549	159	1409
299.734	19550	158	209
299.736	19551	159	1409
299.741	19552	158	1409
299.747	19553	158	209
299.752	19555	156	212
299.757	19557	154	209
299.762	19558	157	1409
299.767	19559	157	1409
299.776	19561	158	1409
299.786	19562	158	1412
299.791	19563	158	1409
299.797	19564	157	209
299.799	19565	158	1409
299.808	19566	158	1409
299.814	19567	152	209
299.818	19568	156	1409
299.827	19569	153	1409
299.834	19570	151	209
299.837	19571	151	1409
299.849	19572	154	1409
299.855	19573	148	209
299.857	19574	149	1409
299.869	19575	151	1409
299.877	19576	149	209
299.882	19577	151	1409
299.891	19578	151	1409
299.902	19579	151	209
299.907	19580	154	1409
299.921	19582	152	1409
299.929	19583	154	209
299.932	19584	154	1409
299.939	19585	154	212
299.941	19586	155	1412
299.949	19587	155	1409
299.956	19588	155	209
299.959	19589	156	1412
299.966	19590	155	1412
299.975	19591	157	1409
299.988	19593	154	212
299.989	19594	153	209
299.994	19595	157	1409
299.996	19596	152	1409
300.004	19597	152	209
300.011	19598	158	1409
300.018	19599	157	1409
300.033	19602	155	1409
300.04	19603	154	209
300.043	19604	155	1409
300.053	19605	157	1409
300.062	19607	158	1409
300.072	19608	160	1409
300.077	19609	158	209
300.084	19611	156	1409
300.092	19612	156	209
300.094	19613	157	1409
300.104	19614	159	1409
300.112	19615	159	209
300.114	19616	160	1409
300.126	19618	155	209
300.128	19619	156	1412
300.137	19620	158	1409
300.145	19621	157	1409
300.15	19623	154	1409
300.155	19624	151	1409
300.161	19625	149	209
300.163	19626	151	1409
300.17	19627	150	1409
300.175	19628	147	209
300.178	19629	148	1409
300.183	19630	145	1409
300.19	19631	144	1412
300.195	19632	142	209
300.198	19633	143	1409
300.205	19634	142	1409
300.21	19635	140	209
300.213	19636	141	1409
300.22	19637	140	1409
300.223	19638	137	212
300.225	19639	137	1412
300.231	19640	135	209
300.236	19641	138	1409
300.243	19642	137	1409
300.246	19643	133	212
300.249	19644	134	209
300.251	19645	136	1409
300.258	19646	134	1409
300.261	19647	131	209
300.264	19648	131	1409
300.271	19649	131	1412
300.278	19650	131	1409
300.283	19651	128	209
300.286	19652	129	1409
300.291	19653	126	1409
300.296	19654	124	209
300.301	19655	127	1409
300.308	19656	126	1412
300.315	19657	125	1409
300.323	19658	126	209
300.326	19659	127	1409
300.331	19660	124	212
300.333	19661	125	1409
300.336	19662	120	209
300.338	19663	122	1409
300.348	19664	124	1409
300.353	19665	121	209
300.355	19666	122	1409
300.365	19667	124	1409
300.371	19668	121	209
300.373	19669	123	1409
300.378	19670	119	1409
300.383	19671	117	209
300.386	19672	118	1409
300.393	19673	117	1409
300.398	19674	115	209
300.401	19675	116	1409
300.408	19676	115	1409
300.408	19677	108	209
300.411	19678	109	1409
300.418	19679	109	1409
300.423	19680	107	209
300.425	19681	107	1409
300.433	19682	107	1409
300.436	19683	102	209
300.44	19684	106	1409
300.443	19685	100	1409
300.448	19686	99	209
300.451	19687	100	1409
300.458	19688	99	1409
300.463	19689	98	209
300.466	19690	98	1409
300.473	19691	98	1409
300.478	19692	98	209
300.481	19693	99	1409
300.487	19694	100	1409
300.489	19695	95	209
300.493	19696	99	1409
300.5	19697	100	1409
300.503	19698	96	209
300.505	19699	98	1409
300.513	19700	99	1409
300.518	19701	98	209
300.52	19702	100	1409
300.525	19703	99	1409
300.53	19704	98	209
300.533	19705	99	1409
300.54	19706	101	1409
300.545	19707	99	209
300.548	19708	101	1409
300.555	19709	103	1409
300.558	19710	99	209
300.56	19711	101	1409
300.568	19712	101	1409
300.57	19713	98	209
300.573	19714	100	1409
300.58	19715	100	1409
300.586	19716	96	209
300.588	19717	98	1409
300.597	19718	97	1409
300.6	19719	90	209
300.605	19720	93	1409
300.613	19721	90	1409
300.618	19722	85	209
300.623	19723	89	1409
300.63	19724	86	1409
300.638	19725	84	209
300.64	19726	85	1409
300.645	19727	81	1409
300.655	19728	81	209
300.657	19729	82	1409
300.665	19730	79	1409
300.668	19731	75	209
300.67	19732	77	1409
300.677	19733	78	1409
300.683	19734	76	209
300.685	19735	78	1409
300.695	19736	80	1409
300.695	19737	75	209
300.702	19738	81	1409
300.71	19739	81	1409
300.71	19740	76	209
300.715	19741	79	1409
300.72	19742	78	1409
300.725	19743	76	209
300.73	19744	80	1409
300.735	19745	78	1409
300.74	19746	77	209
300.745	19747	81	1409
300.747	19748	78	1409
300.755	19749	78	209
300.757	19750	80	1409
300.765	19751	81	1409
300.77	19752	79	209
300.772	19753	81	1409
300.779	19754	82	1409
300.782	19755	79	209
300.784	19756	80	1409
300.792	19757	81	1409
300.797	19758	80	209
300.799	19759	81	1409
300.807	19760	82	1409
300.812	19761	81	209
300.814	19762	82	1409
300.82	19763	81	1409
300.825	19764	79	209
300.829	19765	83	1409
300.834	19766	82	1409
300.84	19767	80	209
300.842	19768	82	1409
300.849	19769	83	1409
300.855	19770	81	209
300.857	19771	84	1409
300.864	19772	84	1409
300.867	19773	80	209
300.869	19774	82	1409
300.877	19775	82	1409
300.882	19776	81	209
300.884	19777	83	1409
300.892	19778	83	1409
300.895	19779	80	209
300.9	19780	84	1409
300.904	19781	83	1409
300.91	19782	81	209
300.912	19783	83	1409
300.919	19784	84	1409
300.925	19785	82	209
300.93	19786	86	1409
300.936	19787	87	1409
300.937	19788	82	209
300.942	19789	86	1409
300.949	19790	86	1409
300.954	19791	85	209
300.957	19792	86	1409
300.964	19793	87	1409
300.969	19794	86	209
300.972	19795	87	1409
300.979	19796	89	1409
300.982	19797	85	209
300.984	19798	86	1409
300.991	19799	87	1409
300.997	19800	86	209
300.999	19801	87	1409
301.006	19802	88	1409
301.012	19803	88	209
301.014	19804	89	1409
301.019	19805	86	1409
301.024	19806	86	209
301.027	19807	87	1409
301.034	19808	87	1409
301.039	19809	87	209
301.042	19810	88	1409
301.049	19811	89	1409
301.054	19812	88	209
301.057	19813	89	1409
301.061	19814	88	1409
301.067	19815	87	209
301.072	19816	91	1409
301.079	19817	91	1409
301.084	19818	91	209
301.086	19819	92	1409
301.094	19820	93	1409
301.102	19821	94	209
301.104	19822	97	1409
301.109	19823	94	1409
301.114	19824	94	209
301.116	19825	95	1409
301.124	19826	97	1409
301.131	19827	97	209
301.134	19828	98	1409
301.141	19829	100	1409
301.144	19830	97	209
301.149	19831	100	1409
301.156	19832	100	1409
301.162	19833	100	209
301.164	19834	101	1409
301.171	19835	102	1409
301.174	19836	100	209
301.181	19837	106	1409
301.189	19838	106	1409
301.189	19839	100	209
301.191	19840	102	1409
301.199	19841	103	1409
301.204	19842	101	209
301.206	19843	103	1409
301.214	19844	104	1409
301.214	19845	98	209
301.219	19846	102	1409
301.226	19847	103	1409
301.229	19848	99	209
301.231	19849	101	1409
301.238	19850	102	1409
301.244	19851	101	209
301.246	19852	103	1409
301.251	19853	101	1409
301.254	19854	97	209
301.256	19855	99	1409
301.263	19856	100	1409
301.269	19857	98	209
301.271	19858	100	1409
301.276	19859	99	1409
301.281	19860	98	209
301.283	19861	99	1409
301.291	19862	101	1409
301.296	19863	99	209
301.298	19864	100	1409
301.306	19865	101	1409
301.311	19866	100	209
301.313	19867	102	1409
301.318	19868	102	1409
301.324	19869	102	209
301.326	19870	103	1409
301.333	19871	106	1409
301.339	19872	106	209
301.341	19873	107	1409
301.348	19874	110	1409
301.351	19875	108	209
301.356	19876	111	1409
301.36	19877	111	1409
301.364	19878	109	209
301.369	19879	113	1409
301.373	19880	113	1409
301.379	19881	113	209
301.381	19882	114	1409
301.388	19883	117	1409
301.391	19884	115	209
301.393	19885	117	1409
301.4	19886	119	1409
301.406	19887	119	209
301.408	19888	121	1409
301.415	19889	123	1409
301.416	19890	119	209
301.421	19891	122	1409
301.426	19892	122	1409
301.431	19893	122	209
301.433	19894	123	1409
301.438	19895	123	1409
301.443	19896	120	209
301.446	19897	122	1409
301.455	19898	123	1409
301.459	19899	117	209
301.463	19900	121	1409
301.471	19901	120	1409
301.473	19902	114	209
301.476	19903	115	1409
301.483	19904	114	1409
301.486	19905	108	209
301.488	19906	110	1409
301.493	19907	107	1409
301.494	19908	99	209
301.496	19909	99	1409
301.498	19910	94	1409
301.589	19911	51	209
301.592	19912	53	1409
301.597	19913	53	1409
301.6	19914	50	209
301.603	19915	52	1409
301.609	19916	52	1409
301.692	19917	51	209
301.694	19918	53	1409
301.703	19919	54	1409
301.705	19920	51	209
301.708	19921	52	1409
301.714	19922	52	1409
301.793	19923	50	209
301.795	19924	53	1409
301.805	19925	55	1409
301.806	19926	50	209
301.811	19927	54	1409
301.815	19928	53	1409
301.82	19929	52	209
301.825	19930	56	1409
301.833	19931	57	1409
301.836	19932	54	209
301.84	19933	58	1409
301.848	19934	59	1409
301.853	19935	58	209
301.855	19936	60	1409
301.863	19937	60	1409
301.866	19938	57	209
301.87	19939	61	1409
301.875	19940	59	1409
301.881	19941	59	209
301.883	19942	60	1409
301.89	19943	61	1409
301.896	19944	61	209
301.898	19945	62	1409
301.905	19946	63	1409
301.908	19947	61	209
301.911	19948	62	1409
301.917	19949	63	1409
301.925	19950	64	209
301.928	19951	65	1409
301.935	19952	67	1409
301.94	19953	66	209
301.942	19954	67	1409
301.95	19955	69	1409
301.955	19956	68	209
301.957	19957	69	1409
301.965	19958	71	1409
301.968	19959	67	209
301.972	19960	71	1409
301.977	19961	70	1409
301.983	19962	68	209
301.985	19963	70	1409
301.992	19964	71	1409
301.998	19965	70	209
302	19966	71	1409
302.007	19967	73	1409
302.013	19968	72	209
302.018	19969	76	1409
302.022	19970	75	1409
302.025	19971	72	209
302.03	19972	75	1409
302.037	19973	77	1409
302.043	19974	76	209
302.045	19975	77	1409
302.052	19976	78	1409
302.057	19977	77	209
302.06	19978	78	1409
302.065	19979	77	1409
302.07	19980	77	209
302.072	19981	78	1409
302.079	19982	79	1409
302.085	19983	79	209
302.087	19984	80	1409
302.094	19985	81	1409
302.1	19986	81	209
302.102	19987	82	1409
302.11	19988	82	1409
302.115	19989	82	209
302.12	19990	85	1409
302.125	19991	84	1409
302.127	19992	81	209
302.132	19993	84	1409
302.14	19994	86	1409
302.145	19995	85	209
302.147	19996	86	1409
302.155	19997	88	1409
302.162	19998	90	209
302.165	19999	91	1409
302.169	20000	90	1409
302.177	20001	91	209
302.18	20002	92	1409
302.187	20003	93	1409
302.192	20004	93	209
302.195	20005	94	1409
302.204	20006	98	1409
302.21	20007	97	209
302.212	20008	99	1409
302.219	20009	100	1409
302.222	20010	97	209
302.227	20011	101	1409
302.234	20012	102	1409
302.239	20013	100	209
302.242	20014	102	1409
302.252	20015	105	1409
302.257	20016	105	209
302.259	20017	106	1409
302.267	20018	107	1409
302.269	20019	104	209
302.272	20020	106	1409
302.277	20021	104	1409
302.282	20022	103	209
302.284	20023	105	1409
302.292	20024	106	1409
302.297	20025	105	209
302.299	20026	107	1409
302.304	20027	105	1409
302.31	20028	104	209
302.312	20029	105	1409
302.319	20030	106	1409
302.322	20031	103	209
302.325	20032	105	1409
302.331	20033	106	1409
302.334	20034	103	209
302.337	20035	104	1409
302.344	20036	106	1409
302.349	20037	105	209
302.351	20038	106	1409
302.359	20039	107	1409
302.364	20040	106	209
302.366	20041	108	1409
302.369	20042	105	1409
302.374	20043	106	209
302.377	20044	107	1409
302.384	20045	109	1409
302.387	20046	107	209
302.389	20047	109	1409
302.396	20048	111	1409
302.402	20049	112	209
302.404	20050	114	1409
302.409	20051	113	1409
302.412	20052	112	209
302.417	20053	115	1409
302.424	20054	117	1409
302.424	20055	112	209
302.426	20056	115	1409
302.434	20057	117	1409
302.439	20058	117	209
302.441	20059	119	1409
302.449	20060	121	1409
302.454	20061	121	209
302.456	20062	123	1409
302.464	20063	126	1409
302.469	20064	126	209
302.471	20065	128	1409
302.473	20066	125	1409
302.479	20067	126	209
302.484	20068	129	1409
302.488	20069	129	1409
302.494	20070	130	209
302.496	20071	131	1409
302.506	20072	133	1409
302.514	20073	132	209
302.516	20074	134	1409
302.526	20075	135	1409
302.534	20076	135	209
302.536	20077	136	1409
302.546	20078	137	1409
302.551	20079	135	209
302.554	20080	135	1409
302.563	20081	137	1409
302.569	20082	135	209
302.571	20083	136	1409
302.581	20084	136	1409
302.584	20085	131	209
302.589	20086	135	1409
302.594	20087	132	1409
302.601	20088	132	209
302.604	20089	133	1409
302.611	20090	134	1409
302.616	20091	133	209
302.619	20092	135	1409
302.623	20093	134	1409
302.629	20094	133	209
302.631	20095	135	1409
302.636	20096	133	1409
302.641	20097	133	209
302.643	20098	134	1409
302.651	20099	136	1409
302.654	20100	132	209
302.658	20101	136	1409
302.666	20102	137	1409
302.671	20103	137	209
302.673	20104	138	1409
302.681	20105	139	1409
302.686	20106	139	209
302.688	20107	141	1409
302.696	20108	142	1409
302.698	20109	139	209
302.701	20110	140	1409
302.708	20111	142	1409
302.713	20112	141	209
302.716	20113	142	1409
302.723	20114	144	1409
302.728	20115	144	209
302.731	20116	145	1409
302.736	20117	144	1409
302.741	20118	143	209
302.743	20119	145	1409
302.751	20120	146	1409
302.756	20121	145	209
302.759	20122	147	1409
302.766	20123	149	1409
302.769	20124	146	209
302.773	20125	150	1409
302.778	20126	149	1409
302.783	20127	148	209
302.786	20128	149	1409
302.795	20129	153	1409
302.801	20130	152	209
302.803	20131	155	1409
302.808	20132	154	1409
302.813	20133	153	209
302.82	20135	153	1409
302.826	20136	153	209
302.828	20137	154	1409
302.835	20138	155	1409
302.843	20140	157	1409
302.85	20141	157	1409
302.853	20142	154	209
302.86	20144	155	1409
302.866	20145	154	209
302.868	20146	155	1409
302.871	20147	153	1409
302.874	20148	150	209
302.878	20149	154	1409
302.883	20150	152	1409
302.886	20151	149	209
302.888	20152	151	1409
302.896	20153	152	1409
302.901	20154	151	209
302.903	20155	154	1409
302.908	20156	152	1409
302.911	20157	149	209
302.916	20158	153	1409
302.921	20159	152	1409
302.926	20160	151	209
302.928	20161	153	1409
302.936	20162	154	1409
302.941	20163	153	209
302.943	20164	156	1409
302.949	20166	149	209
302.951	20167	151	1409
302.958	20168	152	1409
302.964	20169	151	209
302.966	20170	153	1409
302.971	20171	152	1409
302.974	20172	150	209
302.979	20173	153	1409
302.984	20174	152	1409
302.987	20175	149	209
302.989	20176	151	1409
302.992	20177	147	1409
302.997	20178	146	209
303	20179	148	1409
303.007	20180	150	1409
303.007	20181	145	209
303.012	20182	149	1409
303.019	20183	150	1409
303.025	20184	149	1412
303.032	20185	150	209
303.034	20186	152	1409
303.041	20187	153	1409
303.042	20188	148	212
303.045	20189	150	209
303.052	20191	151	1409
303.055	20192	148	209
303.062	20193	152	1412
303.065	20194	150	1409
303.07	20195	148	1409
303.077	20196	150	209
303.08	20197	151	1409
303.087	20198	152	1409
303.09	20199	149	209
303.092	20200	151	1409
303.1	20201	152	1409
303.102	20202	150	209
303.105	20203	151	1409
303.112	20204	153	1409
303.117	20205	152	209
303.119	20206	153	1409
303.127	20207	155	1409
303.134	20209	155	1409
303.137	20210	152	1409
303.142	20211	151	209
303.144	20212	152	1409
303.152	20213	154	1409
303.158	20214	155	1412
303.161	20215	152	209
303.163	20216	153	1409
303.169	20217	152	1409
303.174	20218	152	209
303.176	20219	154	1409
303.183	20220	155	1409
303.188	20221	154	209
303.191	20222	155	1409
303.196	20223	154	1409
303.201	20224	153	209
303.205	20225	157	1409
303.208	20226	154	1409
303.213	20227	154	209
303.215	20228	155	1409
303.222	20229	156	1409
303.226	20230	153	209
303.23	20231	157	1409
303.237	20232	158	1409
303.238	20233	152	209
303.24	20234	155	1409
303.245	20235	155	1409
303.248	20236	153	209
303.251	20237	155	1409
303.258	20238	157	1409
303.263	20239	157	1412
303.274	20242	159	1409
303.277	20243	157	209
303.279	20244	159	1409
303.284	20245	159	1409
303.285	20246	155	209
303.287	20247	157	1409
303.294	20248	159	1409
303.297	20249	157	209
303.3	20250	158	1409
303.304	20251	159	1409
303.307	20252	157	209
303.314	20254	159	1409
303.326	20257	157	1409
303.334	20258	157	209
303.337	20259	159	1409
303.347	20262	153	209
303.349	20263	155	1409
303.357	20264	154	1409
303.364	20265	155	209
303.369	20266	158	1409
303.377	20267	158	1409
303.38	20268	153	209
303.382	20269	154	1409
303.39	20270	154	1409
303.395	20271	151	209
303.397	20272	153	1409
303.407	20273	154	1409
303.412	20274	152	209
303.415	20275	153	1409
303.42	20276	150	1409
303.427	20277	150	209
303.429	20278	151	1409
303.437	20279	150	1409
303.445	20280	150	209
303.447	20281	153	1409
303.452	20282	151	1409
303.457	20283	151	209
303.459	20284	152	1409
303.466	20285	153	1409
303.469	20286	150	209
303.472	20287	152	1409
303.477	20288	151	212
303.479	20289	153	1412
303.487	20290	154	1409
303.489	20291	151	209
303.492	20292	152	1409
303.499	20293	153	1409
303.502	20294	151	209
303.507	20295	154	1409
303.514	20296	155	1409
303.517	20297	153	209
303.519	20298	154	1412
303.527	20299	156	1409
303.534	20301	156	1412
303.539	20302	156	1409
303.542	20303	153	209
303.544	20304	155	1409
303.552	20305	156	1409
303.555	20306	153	212
303.557	20307	154	1412
303.562	20308	153	209
303.564	20309	156	1409
303.567	20310	153	1409
303.57	20311	149	209
303.572	20312	151	1409
303.58	20313	152	1409
303.583	20314	149	209
303.587	20315	153	1409
303.592	20316	153	1409
303.595	20317	150	209
303.605	20319	152	1409
303.608	20320	149	209
303.61	20321	151	1409
303.617	20322	153	1409
303.623	20323	152	209
303.625	20324	153	1409
303.63	20325	152	1409
303.633	20326	149	209
303.635	20327	151	1409
303.64	20328	150	1409
303.646	20329	150	209
303.648	20330	151	1409
303.655	20331	152	1409
303.665	20334	150	1409
303.67	20335	150	209
303.672	20336	151	1409
303.68	20337	152	1409
303.685	20338	152	209
303.687	20339	153	1409
303.698	20341	152	209
303.7	20342	154	1409
303.705	20343	152	1409
303.708	20344	150	209
303.713	20345	153	1409
303.717	20346	153	1409
303.721	20347	150	209
303.728	20349	151	1409
303.731	20350	147	209
303.734	20351	149	212
303.736	20352	152	1409
303.741	20353	151	1409
303.746	20354	150	209
303.748	20355	151	1409
303.756	20356	152	1409
303.761	20357	152	209
303.766	20359	151	1409
303.769	20360	147	209
303.771	20361	149	1409
303.778	20362	149	1409
303.783	20363	149	209
303.786	20364	151	1409
303.793	20365	152	1409
303.796	20366	150	209
303.798	20367	151	1409
303.808	20368	154	1409
303.81	20369	151	1412
303.816	20370	151	209
303.818	20371	152	1409
303.825	20372	153	1409
303.833	20373	155	209
303.835	20374	157	1409
303.838	20375	153	1409
303.843	20376	153	209
303.847	20377	157	1409
303.855	20378	158	1409
303.86	20379	157	209
303.862	20380	159	1409
303.867	20381	158	1409
303.871	20382	156	212
303.875	20384	154	209
303.878	20385	156	1409
303.883	20386	154	1409
303.89	20387	156	209
303.901	20390	154	209
303.903	20391	156	1409
303.908	20392	154	1412
303.91	20393	151	1409
303.916	20394	151	209
303.92	20395	155	1409
303.925	20396	154	1409
303.931	20397	153	209
303.933	20398	155	1412
303.94	20400	151	1409
303.946	20401	150	209
303.948	20402	152	1409
303.955	20403	153	1409
303.96	20404	152	209
303.963	20405	153	1409
303.965	20406	150	1409
303.973	20407	152	1412
303.978	20408	151	209
303.98	20409	152	1409
303.985	20410	151	1409
303.988	20411	148	209
303.993	20412	152	1409
303.997	20413	152	1409
304.003	20414	151	209
304.005	20415	152	1409
304.012	20416	154	1409
304.015	20417	150	209
304.019	20418	154	1409
304.022	20419	151	1409
304.027	20420	151	209
304.03	20421	152	1409
304.037	20422	153	1409
304.042	20423	153	209
304.045	20424	154	1409
304.049	20425	154	1409
304.052	20426	151	209
304.057	20427	155	1409
304.064	20428	156	1409
304.067	20429	153	209
304.072	20430	157	1409
304.079	20431	159	1409
304.084	20432	158	1412
304.084	20433	154	209
304.087	20434	156	1409
304.094	20435	158	1409
304.094	20436	154	209
304.097	20437	156	1409
304.109	20438	158	1412
304.111	20439	157	1412
304.118	20440	159	1409
304.121	20441	158	209
304.123	20442	159	1409
304.128	20443	159	1409
304.133	20444	160	209
304.138	20446	159	1409
304.141	20447	158	209
304.148	20449	158	1412
304.153	20450	159	1409
304.16	20452	160	1409
304.168	20453	162	1409
304.171	20454	158	209
304.173	20455	160	1409
304.176	20456	158	1409
304.181	20457	159	209
304.183	20458	160	1409
304.188	20459	158	1409
304.189	20460	151	209
304.194	20461	154	1409
304.204	20462	156	1409
304.209	20463	154	209
304.212	20464	155	1409
304.219	20465	154	1409
304.222	20466	150	209
304.224	20467	151	1409
304.231	20468	151	1409
304.239	20469	151	209
304.242	20470	152	1409
304.247	20471	149	1409
304.252	20472	147	209
304.257	20473	150	1409
304.264	20474	149	1409
304.269	20475	147	209
304.272	20476	148	1409
304.279	20477	149	1409
304.284	20478	148	209
304.287	20479	149	1409
304.294	20480	150	1409
304.297	20481	147	209
304.301	20482	151	1409
304.306	20483	151	1409
304.31	20484	148	209
304.314	20485	152	1409
304.319	20486	150	1409
304.324	20487	150	209
304.326	20488	151	1409
304.331	20489	151	1409
304.337	20490	150	209
304.339	20491	152	1409
304.346	20492	153	1412
304.353	20493	154	1412
304.359	20494	153	1409
304.364	20495	153	212
304.364	20496	153	209
304.367	20497	154	1409
304.369	20498	151	1409
304.374	20499	150	209
304.377	20500	151	1409
304.384	20501	153	1409
304.386	20502	150	209
304.391	20503	153	1409
304.396	20504	152	1409
304.401	20505	152	209
304.404	20506	153	1409
304.411	20507	154	1409
304.416	20508	154	209
304.418	20509	156	1409
304.427	20510	159	1409
304.428	20511	154	209
304.433	20512	158	1409
304.438	20513	156	1409
304.441	20514	154	209
304.443	20515	156	1409
304.452	20516	159	1409
304.465	20519	158	1409
304.468	20520	156	209
304.47	20521	158	1409
304.477	20522	159	1409
304.483	20523	158	209
304.485	20524	160	1409
304.493	20526	157	209
304.495	20527	158	1409
304.5	20528	157	1409
304.506	20529	156	209
304.513	20531	156	1409
304.523	20534	154	1409
304.528	20535	154	209
304.53	20536	155	1409
304.533	20537	151	1409
304.538	20538	151	209
304.54	20539	153	1409
304.545	20540	152	1409
304.551	20541	151	209
304.555	20542	155	1409
304.56	20543	154	1409
304.563	20544	152	209
304.566	20545	153	1409
304.573	20546	154	1409
304.576	20547	151	209
304.58	20548	155	1409
304.585	20549	154	1409
304.592	20551	155	1409
304.599	20552	156	1409
304.607	20554	157	1409
304.614	20555	157	1409
304.617	20556	156	209
304.619	20557	157	1409
304.626	20558	158	1409
304.632	20559	157	209
304.634	20560	158	1409
304.641	20561	160	1409
304.651	20564	157	1409
304.656	20565	157	209
304.659	20566	158	1409
304.666	20567	159	1409
304.671	20568	160	209
304.673	20569	161	1409
304.679	20570	160	212
304.689	20573	158	209
304.694	20575	157	1409
304.7	20576	156	209
304.706	20578	156	1409
304.711	20579	155	1409
304.716	20580	155	209
304.719	20581	156	1412
304.725	20582	152	212
304.727	20583	154	1412
304.729	20584	151	1409
304.736	20585	152	1409
304.742	20586	152	209
304.745	20587	153	1409
304.751	20588	154	1409
304.752	20589	150	209
304.754	20590	151	1409
304.759	20591	150	1409
304.762	20592	147	209
304.764	20593	148	1409
304.772	20594	149	1409
304.775	20595	147	209
304.779	20596	151	1409
304.782	20597	147	1409
304.787	20598	147	209
304.789	20599	148	1409
304.795	20600	147	212
304.797	20601	150	1409
304.802	20602	149	209
304.805	20603	150	1409
304.808	20604	147	212
304.812	20605	151	1409
304.813	20606	145	209
304.815	20607	148	1409
304.822	20608	149	1409
304.828	20609	149	209
304.83	20610	150	1409
304.839	20612	146	209
304.841	20613	148	1409
304.846	20614	146	212
304.849	20615	148	1412
304.851	20616	144	1409
304.856	20617	144	209
304.859	20618	145	1409
304.866	20619	146	1409
304.869	20620	143	209
304.871	20621	146	1409
304.878	20622	147	1409
304.886	20623	146	1412
304.893	20624	148	1412
304.9	20625	149	1412
304.905	20626	148	1412
304.908	20627	147	209
304.91	20628	149	1409
304.918	20629	151	1409
304.923	20630	151	209
304.925	20631	153	1409
304.93	20632	153	1409
304.935	20633	153	209
304.937	20634	156	1409
304.942	20635	155	1409
304.945	20636	153	209
304.947	20637	156	1409
304.954	20638	158	1409
304.957	20639	156	209
304.959	20640	158	1409
304.967	20641	161	1409
304.972	20642	161	209
304.977	20644	160	1409
304.98	20645	158	209
304.982	20646	161	1409
304.984	20647	158	1409
304.99	20648	158	209
304.992	20649	161	1409
304.997	20650	160	1409
304.999	20651	158	209
305.004	20653	157	1409
305.01	20654	155	209
305.017	20656	155	1409
305.022	20657	153	209
305.025	20658	154	1409
305.032	20659	154	1409
305.04	20660	154	209
305.042	20661	155	1409
305.049	20662	154	1412
305.062	20664	151	209
305.064	20665	152	1409
305.072	20666	152	1409
305.077	20667	149	209
305.08	20668	151	1409
305.089	20669	152	1409
305.092	20670	148	209
305.097	20671	151	1409
305.102	20672	148	1409
305.109	20673	149	209
305.111	20674	150	1409
305.119	20675	152	1409
305.122	20676	148	209
305.124	20677	150	1409
305.131	20678	151	1409
305.134	20679	149	209
305.137	20680	150	1409
305.144	20681	152	1409
305.149	20682	151	209
305.151	20683	152	1409
305.156	20684	152	1409
305.162	20685	151	209
305.164	20686	153	1409
305.169	20687	152	1409
305.174	20688	151	209
305.176	20689	152	1409
305.184	20690	154	1412
305.189	20691	153	1409
305.192	20692	150	209
305.194	20693	151	1409
305.201	20694	152	1409
305.204	20695	150	209
305.206	20696	152	1412
305.214	20697	153	1409
305.221	20698	154	1409
305.225	20699	153	1412
305.231	20700	153	209
305.233	20701	155	1409
305.24	20702	156	1409
305.245	20703	155	209
305.248	20704	156	1409
305.253	20705	156	1409
305.258	20706	156	209
305.261	20707	157	1409
305.268	20708	159	1409
305.275	20709	160	1412
305.28	20710	159	209
305.285	20712	158	1409
305.291	20713	157	209
305.298	20715	157	1409
305.305	20717	159	1409
305.31	20718	157	1409
305.316	20719	157	209
305.318	20720	158	1409
305.325	20721	159	1409
305.33	20723	158	1409
305.334	20724	157	1409
305.34	20725	156	209
305.342	20726	158	1409
305.347	20727	158	1409
305.35	20728	155	209
305.353	20729	156	1409
305.358	20730	155	1409
305.363	20731	154	209
305.365	20732	156	1409
305.372	20733	158	1409
305.377	20735	156	1409
305.384	20736	157	1409
305.39	20737	157	209
305.395	20739	155	1409
305.4	20740	155	209
305.402	20741	156	1409
305.409	20742	157	1409
305.417	20744	158	1409
305.424	20745	159	1409
305.429	20746	159	209
305.434	20748	156	1409
305.439	20749	157	209
305.446	20751	157	1409
305.452	20752	156	209
305.459	20754	157	1409
305.462	20755	154	209
305.465	20756	156	1409
305.469	20757	155	1409
305.475	20758	154	209
305.477	20759	155	1409
305.482	20760	156	1409
305.485	20761	153	209
305.49	20763	151	1412
305.498	20764	152	1409
305.504	20765	154	1412
305.508	20766	151	212
305.508	20767	151	209
305.515	20769	151	1409
305.516	20770	147	209
305.526	20772	149	1409
305.529	20773	146	212
305.529	20774	146	209
305.531	20775	147	1409
305.538	20777	142	209
305.54	20778	143	1409
305.544	20779	142	1409
305.549	20780	141	209
305.552	20781	143	1409
305.559	20782	145	1409
305.567	20783	146	209
305.572	20785	144	1409
305.577	20786	143	212
305.577	20787	144	209
305.58	20788	145	1409
305.587	20789	147	1409
305.594	20790	148	1412
305.599	20791	147	209
305.602	20792	148	1409
305.607	20793	148	1409
305.612	20794	146	212
305.612	20795	146	209
305.615	20796	147	1409
305.62	20797	146	1409
305.623	20798	143	209
305.63	20799	146	1412
305.635	20800	145	1409
305.642	20801	146	1412
305.647	20802	145	1409
305.655	20803	146	1412
305.657	20804	144	209
305.66	20805	145	1409
305.665	20806	144	1409
305.67	20807	143	209
305.672	20808	145	1409
305.679	20809	147	1409
305.682	20810	143	209
305.684	20811	144	1412
305.689	20812	144	1409
305.696	20813	145	1409
305.699	20814	142	209
305.701	20815	143	1409
305.711	20816	147	1409
305.716	20817	146	1412
305.723	20818	147	209
305.725	20819	149	1412
305.728	20820	146	1409
305.735	20821	149	1409
305.742	20822	152	1412
305.745	20823	149	209
305.747	20824	152	1409
305.755	20825	154	1409
305.755	20826	151	209
305.76	20827	154	1409
305.764	20828	154	1409
305.77	20829	155	209
305.772	20830	157	1409
305.779	20831	159	1409
305.784	20832	160	1412
305.787	20833	158	209
305.792	20834	161	1409
305.797	20835	162	1409
305.8	20836	160	209
305.802	20837	162	1409
305.807	20838	162	1409
305.81	20839	160	209
305.812	20840	162	1409
305.817	20841	162	1409
305.82	20842	160	209
305.823	20845	154	209
305.825	20846	155	1409
305.831	20847	151	1409
305.836	20848	150	209
305.841	20849	153	1409
305.848	20850	152	1409
305.853	20851	150	209
305.856	20852	151	1409
305.865	20853	153	1409
305.868	20854	149	209
305.873	20855	151	1409
305.88	20856	152	1409
305.885	20857	149	209
305.888	20858	151	1409
305.895	20859	150	1409
305.899	20860	145	209
305.903	20861	149	1409
305.908	20862	147	1409
305.916	20863	146	209
305.918	20864	147	1409
305.926	20865	147	1409
305.933	20866	147	209
305.936	20867	148	1409
305.938	20868	145	1409
305.943	20869	145	209
305.948	20870	149	1409
305.955	20871	150	1409
305.958	20872	147	209
305.961	20873	148	1409
305.966	20874	148	1409
305.969	20875	145	209
305.973	20876	149	1409
305.98	20877	150	1409
305.986	20878	149	209
305.988	20879	152	1409
305.993	20880	150	1409
305.998	20881	150	209
306	20882	151	1409
306.008	20883	152	1409
306.011	20884	151	209
306.016	20885	154	1409
306.023	20886	155	1409
306.025	20887	152	1412
306.035	20888	155	1412
306.037	20889	153	209
306.042	20890	156	1409
306.047	20891	155	1409
306.052	20892	154	209
306.054	20893	157	1409
306.062	20894	158	1409
306.065	20895	155	209
306.069	20896	159	1409
306.072	20897	155	1409
306.075	20898	153	209
306.077	20899	155	1409
306.087	20900	157	1409
306.09	20901	154	209
306.095	20902	156	1409
306.102	20903	156	1409
306.107	20904	157	209
306.112	20905	158	1409
306.116	20906	158	1409
306.122	20907	157	209
306.124	20908	156	1409
306.132	20909	156	1409
306.135	20910	151	209
306.144	20912	154	1409
306.148	20913	151	209
306.157	20915	152	1409
306.163	20916	152	209
306.17	20918	152	1409
306.173	20919	150	209
306.176	20920	152	1409
306.18	20921	150	1409
306.185	20922	150	209
306.188	20923	150	1409
306.195	20924	152	1409
306.2	20925	151	209
306.203	20926	152	1409
306.208	20927	151	1409
306.213	20928	151	209
306.223	20930	151	1409
306.228	20931	151	209
306.23	20932	152	1409
306.238	20934	148	209
306.241	20935	150	1409
306.246	20936	149	1409
306.251	20937	149	209
306.253	20938	150	1409
306.261	20939	152	1409
306.266	20940	152	209
306.268	20941	153	1409
306.275	20942	154	1409
306.278	20943	151	209
306.281	20944	153	1409
306.288	20945	154	1409
306.293	20946	153	209
306.295	20947	155	1409
306.3	20948	154	1409
306.306	20949	154	209
306.308	20950	155	1409
306.312	20951	154	1409
306.316	20952	151	209
306.318	20953	154	1409
306.323	20954	152	1409
306.328	20955	151	209
306.338	20957	155	1409
306.343	20958	155	209
306.346	20959	156	1409
306.352	20960	157	1412
306.36	20961	159	1409
306.37	20963	158	209
306.375	20964	156	1412
306.378	20965	153	1409
306.385	20966	155	1409
306.39	20967	154	209
306.393	20968	155	1409
306.4	20970	152	209
306.403	20971	153	1409
306.41	20972	155	1409
306.411	20973	150	209
306.42	20975	153	1409
306.428	20976	154	1412
306.431	20977	152	209
306.435	20978	155	1409
306.443	20979	154	1412
306.447	20980	154	1409
306.453	20981	153	209
306.455	20982	154	1409
306.46	20983	153	1409
306.465	20984	153	209
306.467	20985	155	1409
306.472	20986	154	1409
306.475	20987	151	209
306.478	20988	152	1409
306.485	20989	154	1409
306.488	20990	152	209
306.491	20991	153	1409
306.493	20992	149	1409
306.498	20993	150	209
306.501	20994	151	1409
306.508	20995	152	1409
306.513	20996	151	209
306.515	20997	153	1409
306.52	20998	153	1409
306.523	20999	149	209
306.528	21000	153	1409
306.535	21001	154	1409
306.537	21002	152	209
306.542	21003	155	1412
306.55	21004	156	1409
306.554	21005	156	1409
306.557	21006	153	209
306.564	21007	159	1409
306.567	21008	157	1409
306.572	21010	156	1409
306.576	21011	157	1409
306.587	21013	158	209
306.591	21015	157	1409
306.594	21016	155	209
306.596	21017	157	1409
306.604	21018	160	1409
306.611	21019	160	1412
306.613	21020	159	209
306.616	21021	160	1409
306.621	21022	160	1409
306.63	21024	160	1412
306.635	21025	161	1409
306.643	21026	163	1409
306.648	21028	162	1409
306.653	21029	160	1409
306.658	21030	160	209
306.663	21032	157	1409
306.673	21034	159	1409
306.68	21035	159	1409
306.683	21036	154	209
306.688	21037	157	1409
306.695	21038	158	1409
306.701	21039	155	209
306.712	21041	158	1409
306.718	21042	156	209
306.72	21043	157	1409
306.725	21044	155	1409
306.731	21045	152	209
306.738	21047	150	1409
306.745	21048	151	209
306.748	21049	151	1409
306.755	21050	152	1409
306.76	21051	149	209
306.763	21052	150	1409
306.769	21053	151	1409
306.774	21054	150	212
306.774	21055	149	209
306.779	21056	153	1409
306.784	21057	152	1409
306.786	21058	150	209
306.791	21059	153	1412
306.796	21060	153	1412
306.801	21061	151	1409
306.805	21062	151	1409
306.811	21063	151	209
306.818	21065	151	1409
306.823	21066	150	209
306.826	21067	152	1409
306.833	21068	154	1409
306.836	21069	151	212
306.839	21070	152	209
306.843	21072	151	1409
306.849	21073	151	212
306.85	21074	150	209
306.852	21075	151	1409
306.859	21076	152	1409
306.864	21077	152	209
306.871	21079	153	1412
306.876	21080	152	212
306.879	21081	154	1409
306.884	21082	153	209
306.886	21083	155	1409
306.891	21084	154	1409
306.894	21085	151	209
306.896	21086	153	1409
306.903	21087	154	1409
306.907	21088	151	209
306.909	21089	153	1409
306.914	21090	152	1409
306.919	21091	151	1412
306.924	21092	151	209
306.926	21093	152	1409
306.931	21094	151	1409
306.936	21095	151	209
306.939	21096	152	1409
306.946	21097	154	1412
306.953	21098	155	1409
306.956	21099	152	209
306.959	21100	154	1409
306.966	21101	155	1409
306.969	21102	152	209
306.971	21103	154	1409
306.976	21104	154	1409
306.982	21105	153	209
306.989	21107	153	1409
306.989	21108	149	209
306.994	21109	153	1409
306.999	21110	151	1409
307.005	21111	151	209
307.007	21112	152	1409
307.014	21113	154	1409
307.017	21114	151	209
307.024	21116	152	1412
307.031	21117	154	1409
307.035	21118	151	209
307.037	21119	152	1409
307.044	21120	153	1409
307.054	21122	153	209
307.059	21124	151	1409
307.064	21125	150	209
307.067	21126	152	1409
307.074	21127	154	1409
307.084	21129	152	209
307.087	21130	154	1409
307.091	21131	153	1409
307.097	21132	153	209
307.099	21133	154	1409
307.104	21134	152	1409
307.109	21135	153	209
307.112	21136	154	1409
307.117	21137	153	1409
307.122	21138	152	209
307.124	21139	154	1409
307.129	21140	153	1409
307.134	21141	152	209
307.136	21142	154	1409
307.141	21143	153	1409
307.146	21144	153	209
307.149	21145	154	1409
307.156	21146	155	1409
307.164	21147	157	209
307.171	21149	158	1409
307.174	21150	155	209
307.176	21151	157	1409
307.181	21152	156	1409
307.186	21153	156	209
307.188	21154	157	1409
307.196	21155	158	1409
307.201	21156	157	1412
307.203	21157	155	209
307.206	21158	156	1409
307.211	21159	156	1409
307.214	21160	152	209
307.218	21161	156	1409
307.223	21162	155	1409
307.228	21163	155	209
307.231	21164	156	1412
307.241	21166	156	1409
307.246	21167	155	209
307.248	21168	156	1409
307.253	21169	154	1409
307.258	21170	155	209
307.261	21171	156	1412
307.268	21172	157	1412
307.275	21173	158	1409
307.279	21174	157	1409
307.283	21175	155	209
307.285	21176	156	1409
307.292	21177	158	1409
307.299	21178	159	1412
307.302	21179	157	209
307.305	21180	158	1409
307.309	21181	157	1409
307.315	21182	156	209
307.317	21183	158	1409
307.322	21184	158	1409
307.325	21185	154	209
307.327	21186	156	1409
307.334	21187	157	1409
307.339	21188	157	209
307.342	21189	158	1409
307.349	21190	160	1409
307.35	21191	155	209
307.355	21192	158	1409
307.359	21193	158	1409
307.365	21194	157	209
307.367	21195	158	1409
307.372	21196	157	1409
307.375	21197	154	1412
307.378	21198	153	209
307.386	21201	151	209
307.388	21202	153	1409
307.39	21203	151	1409
307.394	21204	148	209
307.396	21205	151	1409
307.401	21206	150	1409
307.406	21207	150	209
307.408	21208	153	1409
307.411	21209	149	1409
307.418	21210	150	209
307.42	21211	152	1409
307.425	21212	151	1409
307.431	21213	150	209
307.433	21214	152	1409
307.441	21215	149	1412
307.448	21216	152	1409
307.451	21217	150	209
307.453	21218	152	1409
307.46	21219	154	1409
307.461	21220	150	209
307.468	21222	151	1409
307.474	21223	150	209
307.481	21225	148	1409
307.489	21226	149	209
307.491	21227	150	1409
307.501	21228	152	1409
307.506	21229	150	209
307.511	21230	153	1409
307.519	21231	153	1409
307.521	21232	148	209
307.524	21233	149	1409
307.532	21234	149	1409
307.537	21235	148	209
307.54	21236	149	1409
307.549	21237	150	1409
307.555	21238	148	209
307.557	21239	149	1409
307.564	21240	149	1409
307.567	21241	144	209
307.569	21242	146	1409
307.577	21243	145	1409
307.586	21244	148	1412
307.588	21245	146	1412
307.593	21246	145	209
307.598	21247	149	1409
307.605	21248	149	1409
307.608	21249	147	209
307.61	21250	149	1409
307.618	21251	150	1409
307.62	21252	147	209
307.623	21253	148	1409
307.63	21254	150	1409
307.633	21255	147	209
307.635	21256	149	1409
307.642	21257	150	1409
307.648	21258	149	209
307.65	21259	151	1409
307.654	21260	150	1409
307.66	21261	150	209
307.663	21262	151	1409
307.669	21263	153	1409
307.674	21264	152	1412
307.679	21265	151	209
307.682	21266	152	1409
307.689	21267	154	1412
307.696	21268	155	1409
307.702	21269	155	209
307.704	21270	157	1409
307.709	21271	155	1409
307.714	21272	155	209
307.716	21273	157	1409
307.724	21274	158	1409
307.729	21275	157	209
307.731	21276	159	1409
307.739	21277	161	1409
307.741	21278	158	209
307.751	21280	160	1409
307.752	21281	156	209
307.761	21283	159	1409
307.764	21284	156	209
307.772	21286	157	1409
307.777	21287	156	209
307.784	21289	156	1409
307.787	21290	154	209
307.789	21291	155	1409
307.796	21292	157	1409
307.797	21293	151	209
307.799	21294	153	1409
307.81	21296	152	209
307.817	21298	152	1409
307.82	21299	150	209
307.822	21300	152	1409
307.827	21301	151	1409
307.832	21302	150	209
307.835	21303	151	1409
307.843	21305	148	209
307.845	21306	149	1409
307.85	21307	149	1409
307.853	21308	146	209
307.858	21309	150	1409
307.862	21310	149	1409
307.868	21311	148	209
307.87	21312	150	1409
307.875	21313	150	1409
307.881	21314	149	209
307.883	21315	150	1409
307.89	21316	151	1409
307.892	21317	149	209
307.895	21318	151	1409
307.9	21319	149	1409
307.905	21320	148	209
307.907	21321	150	1409
307.915	21322	152	1409
307.92	21323	151	209
307.922	21324	152	1409
307.932	21325	156	1409
307.932	21326	152	209
307.939	21328	152	1409
307.945	21329	151	209
307.949	21330	155	1409
307.957	21331	156	1412
307.962	21332	156	1409
307.969	21333	157	1412
307.974	21334	157	209
307.979	21335	157	1412
307.994	21337	160	1412
307.996	21338	158	1409
307.999	21339	155	209
308.002	21340	156	1409
308.007	21341	155	1409
308.01	21342	153	209
308.012	21343	154	1409
308.019	21344	156	1412
308.026	21345	157	1412
308.037	21347	156	209
308.044	21349	156	1409
308.051	21350	157	1412
308.054	21351	156	209
308.059	21353	154	1409
308.066	21354	155	209
308.069	21355	157	1409
308.072	21356	154	1409
308.077	21357	153	209
308.079	21358	155	1409
308.086	21359	156	1409
308.089	21360	153	209
308.091	21361	155	1409
308.094	21362	151	1409
308.097	21363	149	209
308.1	21364	151	1409
308.107	21365	153	1409
308.107	21366	147	209
308.112	21367	151	1409
308.119	21368	152	1409
308.122	21369	149	209
308.124	21370	151	1409
308.134	21371	152	1409
308.137	21372	149	209
308.14	21373	150	1412
308.15	21375	149	1409
308.155	21376	149	209
308.157	21377	150	1409
308.165	21378	152	1409
308.172	21380	152	1409
308.175	21381	149	1409
308.18	21382	149	209
308.182	21383	150	1409
308.19	21384	152	1409
308.194	21385	151	1412
308.2	21386	151	209
308.202	21387	152	1409
308.209	21388	154	1409
308.212	21389	151	209
308.214	21390	154	1409
308.221	21391	156	1409
308.226	21392	156	209
308.231	21394	156	1409
308.234	21395	155	209
308.239	21396	158	1409
308.244	21397	157	1412
308.251	21398	160	1409
308.253	21399	158	1412
308.259	21400	159	209
308.263	21402	158	1409
308.271	21403	160	1412
308.273	21404	159	209
308.278	21405	161	1409
308.281	21407	155	209
308.288	21409	157	1409
308.293	21410	157	209
308.298	21411	158	1409
308.303	21412	159	1409
308.305	21413	157	209
308.308	21414	159	1409
308.315	21415	161	1409
308.318	21416	159	209
308.32	21417	161	1409
308.327	21418	160	1409
308.33	21419	156	209
308.34	21421	157	1409
308.345	21422	155	209
308.35	21423	158	1409
308.355	21424	156	1412
308.363	21425	156	1409
308.368	21426	153	209
308.373	21427	157	1409
308.38	21428	157	212
308.383	21429	157	1409
308.386	21430	153	209
308.388	21431	155	1409
308.398	21432	156	1409
308.405	21433	155	209
308.407	21434	157	1409
308.412	21435	155	1409
308.418	21436	152	209
308.42	21437	153	1409
308.427	21438	155	1409
308.43	21439	152	209
308.433	21440	154	1409
308.438	21441	153	1412
308.444	21442	154	1409
308.447	21443	152	209
308.45	21444	153	1409
308.457	21445	154	1409
308.462	21446	154	209
308.465	21447	155	1409
308.469	21448	155	1412
308.477	21449	156	1409
308.479	21450	153	209
308.482	21451	155	1409
308.494	21453	156	1412
308.499	21454	155	1409
308.504	21455	154	209
308.507	21456	155	1409
308.517	21458	155	209
308.525	21460	155	1409
308.527	21461	153	209
308.53	21462	154	1409
308.535	21463	153	1409
308.54	21464	153	209
308.542	21465	154	1409
308.547	21466	154	1412
308.554	21467	155	1409
308.557	21468	152	209
308.564	21470	153	1409
308.57	21471	152	209
308.572	21472	153	1409
308.579	21473	154	1409
308.58	21474	150	209
308.583	21475	152	1409
308.59	21476	153	1409
308.593	21477	151	209
308.598	21479	149	1409
308.603	21480	148	209
308.606	21481	150	1409
308.613	21482	151	1409
308.618	21483	151	209
308.621	21484	152	1409
308.628	21485	153	1409
308.631	21486	150	209
308.633	21487	152	1409
308.64	21488	154	1409
308.643	21489	150	209
308.648	21490	154	1409
308.653	21491	153	1409
308.658	21492	152	209
308.66	21493	154	1409
308.664	21494	153	1409
308.67	21495	152	209
308.672	21496	154	1409
308.682	21498	152	209
308.685	21499	154	1409
308.687	21500	151	1409
308.695	21501	153	209
308.697	21502	154	1409
308.705	21503	155	1412
308.712	21504	157	1409
308.717	21505	157	209
308.72	21506	158	1409
308.73	21508	156	1409
308.737	21509	157	1412
308.744	21511	159	1409
308.751	21512	160	1409
308.752	21513	155	209
308.755	21514	156	1409
308.762	21515	157	1409
308.763	21516	153	209
308.765	21517	154	1409
308.77	21518	153	1412
308.775	21519	152	1409
308.78	21520	151	209
308.783	21521	153	1409
308.787	21522	153	1409
308.795	21523	154	209
308.797	21524	155	1409
308.805	21525	157	1409
308.809	21526	156	1412
308.819	21527	159	209
308.824	21529	158	1409
308.829	21530	157	209
308.831	21531	159	1409
308.838	21532	160	1409
308.848	21535	158	1409
308.856	21537	158	1409
308.858	21538	155	1409
308.864	21539	155	209
308.868	21540	159	1409
308.873	21541	157	1409
308.879	21542	157	209
308.881	21543	158	1409
308.89	21544	162	1409
308.895	21545	162	1412
308.898	21546	158	209
308.905	21548	159	1409
308.91	21549	158	209
308.913	21550	159	1409
308.918	21551	159	1409
308.921	21552	156	209
308.928	21554	157	1409
308.931	21555	154	209
308.936	21556	157	1409
308.94	21557	157	1412
308.943	21558	154	1409
308.948	21559	153	212
308.949	21560	152	209
308.951	21561	154	1409
308.956	21562	153	1409
308.962	21563	153	209
308.968	21565	153	1409
308.971	21566	150	209
308.978	21568	150	1409
308.981	21569	148	209
308.983	21570	149	1409
308.99	21571	150	1409
308.996	21572	149	209
308.998	21573	151	1409
309.005	21574	152	1409
309.008	21575	150	209
309.013	21576	153	1409
309.024	21578	152	209
309.026	21579	154	1409
309.031	21580	153	1412
309.046	21584	153	1409
309.049	21585	151	212
309.051	21586	152	1412
309.057	21587	153	209
309.059	21588	155	1409
309.06	21589	150	212
309.062	21590	153	1409
309.063	21591	148	209
309.065	21592	149	1409
309.072	21593	153	1409
309.075	21594	150	209
309.082	21596	151	1409
309.085	21597	145	209
309.087	21598	147	1409
309.09	21599	145	1409
309.1	21600	145	1412
309.105	21601	146	209
309.107	21602	147	1409
309.115	21603	150	1409
309.118	21604	148	209
309.127	21606	149	1412
309.135	21607	152	1409
309.14	21608	152	209
309.142	21609	153	1409
309.147	21610	151	1409
309.152	21611	149	209
309.165	21613	152	1409
309.172	21614	151	1412
309.184	21615	155	1412
309.19	21616	153	209
309.192	21617	154	1409
309.202	21618	156	1409
309.209	21619	157	209
309.211	21620	158	1409
309.217	21621	155	1409
309.222	21622	153	209
309.227	21623	156	1409
309.234	21624	156	1412
309.241	21625	155	1409
309.247	21626	153	209
309.252	21627	156	1409
309.256	21628	154	1412
309.262	21629	153	212
309.264	21630	155	1412
309.274	21632	153	209
309.277	21633	155	1409
309.284	21634	157	1409
309.289	21635	155	1412
309.292	21636	152	209
309.294	21637	154	1409
309.302	21639	150	209
309.306	21640	154	1409
309.314	21641	155	1409
309.319	21642	154	209
309.321	21643	155	1409
309.328	21644	157	1409
309.331	21645	154	209
309.333	21646	156	1412
309.341	21647	157	1409
309.348	21648	158	1409
309.351	21649	155	209
309.353	21650	157	1409
309.36	21651	159	1409
309.365	21652	158	209
309.373	21654	158	1409
309.378	21655	158	1412
309.381	21656	155	209
309.383	21657	157	1409
309.39	21658	158	1409
309.396	21659	157	209
309.398	21660	159	1409
309.403	21661	158	1409
309.406	21662	155	209
309.416	21665	153	209
309.418	21666	154	1409
309.424	21667	153	1409
309.429	21668	153	209
309.431	21669	155	1409
309.434	21670	151	1409
309.439	21671	151	209
309.441	21672	152	1409
309.449	21673	153	1409
309.449	21674	149	209
309.454	21675	153	1409
309.459	21676	151	1409
309.461	21677	148	209
309.464	21678	149	1409
309.471	21679	151	1409
309.478	21680	153	1412
309.484	21681	153	209
309.489	21683	150	1409
309.494	21684	150	209
309.499	21686	149	1409
309.509	21687	152	1412
309.521	21690	152	1409
309.525	21691	150	209
309.532	21693	150	1409
309.537	21694	149	209
309.539	21695	151	1409
309.547	21696	152	1409
309.552	21697	152	209
309.554	21698	154	1409
309.562	21700	150	209
309.572	21702	152	1409
309.575	21703	150	1412
309.578	21704	147	209
309.58	21705	149	1409
309.587	21706	150	1409
309.592	21707	149	209
309.595	21708	150	1409
309.6	21709	150	1409
309.605	21710	149	209
309.61	21711	153	1409
309.617	21712	154	1409
309.621	21713	153	1412
309.625	21714	150	1412
309.63	21715	150	209
309.635	21716	154	1409
309.641	21717	155	1409
309.646	21718	154	209
309.649	21719	155	1409
309.654	21720	156	1409
309.654	21721	150	209
309.657	21722	151	1409
309.664	21723	152	1409
309.669	21724	152	209
309.672	21725	153	1409
309.676	21726	153	1409
309.682	21727	153	209
309.684	21728	154	1409
309.691	21729	155	1409
309.699	21730	156	1412
309.704	21731	156	209
309.706	21732	158	1409
309.713	21733	159	1412
309.721	21734	160	1409
309.724	21735	157	209
309.726	21736	158	1409
309.727	21737	153	212
309.729	21738	155	1412
309.736	21739	156	1409
309.741	21740	156	1412
309.746	21741	155	209
309.749	21742	156	1409
309.754	21743	155	1409
309.757	21744	153	209
309.759	21745	154	1409
309.766	21746	155	1409
309.773	21747	157	1412
309.778	21748	156	1412
309.783	21749	155	209
309.785	21750	157	1409
309.79	21751	156	1409
309.796	21752	155	209
309.798	21753	157	1409
309.805	21754	157	1409
309.817	21757	158	1409
309.818	21758	152	209
309.82	21759	154	1409
309.827	21760	155	1409
309.833	21761	155	209
309.835	21762	156	1409
309.844	21763	160	1409
309.848	21764	157	209
309.852	21765	161	1409
309.859	21766	162	1409
309.864	21768	161	1409
309.871	21769	162	1409
309.874	21770	159	209
309.877	21771	160	1409
309.887	21773	161	209
309.889	21775	159	1409
309.89	21776	154	209
309.892	21777	156	1409
309.899	21778	159	1409
309.902	21779	157	209
309.909	21781	159	1409
309.91	21782	154	209
309.912	21783	156	1409
309.92	21784	156	1409
309.923	21785	152	209
309.925	21786	155	1409
309.933	21788	153	209
309.935	21789	155	1409
309.942	21790	156	1409
309.952	21793	153	1409
309.957	21794	154	209
309.962	21796	153	1409
309.968	21797	152	209
309.97	21798	154	1409
309.973	21799	149	1409
309.982	21800	151	209
309.985	21801	152	1409
309.99	21802	149	1409
310.002	21804	153	1409
310.009	21805	152	1409
310.015	21806	150	209
310.022	21807	155	1409
310.025	21808	151	212
310.03	21809	154	1412
310.043	21811	152	209
310.045	21812	153	1409
310.052	21813	153	1409
310.058	21814	150	209
310.06	21815	151	1409
310.068	21816	151	212
310.07	21817	153	1409
310.075	21818	150	209
310.077	21819	151	1409
310.085	21820	152	1409
310.09	21821	151	1412
310.097	21822	153	1412
310.102	21823	152	209
310.105	21824	153	1409
310.109	21825	153	1409
310.114	21826	152	1412
310.122	21827	153	209
310.124	21828	154	1409
310.129	21829	153	1409
310.134	21830	153	209
310.137	21831	154	1409
310.142	21832	153	1412
310.149	21833	154	1409
310.154	21834	154	209
310.156	21835	156	1409
310.162	21836	155	212
310.169	21838	155	1412
310.174	21839	154	1409
310.179	21840	154	209
310.184	21841	157	1409
310.191	21842	158	1409
310.194	21843	156	209
310.197	21844	158	1409
310.202	21845	157	1409
310.207	21846	154	212
310.207	21847	154	209
310.209	21848	156	1409
310.215	21850	149	209
310.222	21851	151	1409
310.227	21852	151	1409
310.233	21853	150	209
310.235	21854	151	1409
310.242	21855	153	1409
310.247	21856	152	1412
310.25	21857	149	209
310.253	21858	150	1409
310.257	21859	149	1409
310.263	21860	148	209
310.265	21861	150	1409
310.272	21862	152	1409
310.278	21863	151	209
310.28	21864	152	1409
310.288	21866	148	209
310.29	21867	150	1409
310.292	21868	146	1409
310.298	21869	146	209
310.301	21870	148	1409
310.307	21871	149	1409
310.313	21872	149	209
310.318	21873	152	1409
310.323	21874	151	1409
310.326	21875	148	209
310.33	21876	152	1409
310.337	21877	153	1409
310.343	21878	153	209
310.345	21879	155	1409
310.355	21881	153	209
310.358	21882	154	1409
310.363	21884	148	209
310.366	21885	149	1409
310.373	21886	151	1412
310.38	21887	152	1409
310.383	21888	150	209
310.386	21889	151	1409
310.393	21890	153	1409
310.398	21891	152	209
310.405	21893	152	1409
310.408	21894	149	209
310.41	21895	150	1409
310.418	21896	152	1412
310.425	21897	153	1409
310.43	21898	152	209
310.432	21899	154	1409
310.442	21900	157	1409
310.443	21901	152	209
310.45	21903	152	1409
310.455	21904	151	209
310.457	21905	154	1409
310.464	21906	155	1409
310.473	21907	157	209
310.475	21908	158	1409
310.483	21910	154	209
310.487	21912	152	1409
310.495	21913	153	1412
310.5	21914	153	209
310.502	21915	155	1409
310.512	21916	159	1409
310.517	21917	158	209
310.519	21918	159	1409
310.527	21920	155	209
310.534	21922	155	1409
310.538	21923	153	209
310.54	21924	155	1409
310.545	21925	153	1409
310.548	21926	151	209
310.553	21927	154	1409
310.563	21929	152	1412
310.57	21930	153	1412
310.572	21931	150	209
310.575	21932	152	1409
310.582	21933	153	1409
310.585	21934	150	209
310.59	21935	154	1409
310.596	21936	155	1409
310.597	21937	150	209
310.602	21938	154	1409
310.605	21939	150	1409
310.611	21940	151	1412
310.617	21941	151	209
310.62	21942	153	1409
310.626	21943	154	1409
310.63	21944	151	209
310.634	21945	155	1409
310.637	21946	151	1409
310.642	21947	150	209
310.644	21948	152	1409
310.652	21949	153	1409
310.659	21950	155	1412
310.662	21951	152	209
310.666	21952	156	1409
310.674	21953	157	1409
310.677	21954	154	209
310.679	21955	156	1409
310.686	21956	156	1409
310.694	21957	158	1412
310.701	21959	154	209
310.704	21960	156	1409
310.709	21961	156	1409
310.714	21962	156	209
310.719	21964	156	1409
310.722	21965	154	209
310.724	21966	156	1409
310.729	21967	156	1409
310.734	21968	156	1412
310.739	21969	154	1412
310.744	21970	155	209
310.746	21971	156	1409
310.753	21972	158	1409
310.755	21973	157	209
310.758	21974	158	1409
310.765	21975	161	1409
310.77	21976	158	1412
310.775	21977	159	209
310.78	21979	158	1409
310.783	21980	157	209
310.785	21981	158	1409
310.79	21982	158	1409
310.793	21983	154	209
310.796	21984	156	1409
310.801	21985	154	1409
310.818	21988	155	1409
310.823	21989	153	209
310.828	21990	157	1409
310.838	21991	158	1409
310.843	21992	155	209
310.845	21993	157	1409
310.863	21996	157	1409
310.869	21997	156	1409
310.875	21998	154	209
310.877	21999	155	1409
310.885	22000	154	1409
310.89	22001	151	209
310.892	22002	153	1409
310.902	22003	155	1409
310.909	22004	154	1412
310.912	22005	151	209
310.915	22006	153	1409
310.922	22007	154	1409
310.931	22008	158	1412
310.932	22009	152	209
310.934	22010	154	1409
310.944	22011	157	1409
310.947	22012	155	209
310.952	22013	158	1409
310.957	22014	157	1409
310.964	22016	159	1409
310.969	22017	158	1409
310.976	22019	158	1409
310.983	22020	159	1409
310.988	22021	158	1412
310.993	22022	157	209
310.996	22023	158	1409
311	22024	158	1409
311.006	22025	157	209
311.01	22026	161	1409
311.017	22027	162	1409
311.023	22028	161	209
311.025	22029	162	1409
311.028	22030	159	212
311.035	22032	160	1409
311.038	22033	157	209
311.04	22034	159	1409
311.045	22035	158	1409
311.048	22036	155	209
311.051	22037	156	1409
311.06	22038	160	1409
311.066	22039	159	209
311.068	22040	160	1409
311.074	22042	156	212
311.076	22043	157	1409
311.077	22044	152	209
311.079	22045	153	1409
311.084	22046	152	1409
311.087	22047	149	209
311.094	22049	149	1409
311.104	22052	147	1409
311.107	22053	144	209
311.117	22055	147	1409
311.12	22056	144	209
311.122	22057	145	1409
311.13	22058	147	1409
311.135	22059	146	209
311.137	22060	148	1409
311.143	22061	147	1409
311.145	22062	144	209
311.148	22063	145	1409
311.153	22064	144	1409
311.158	22065	144	209
311.158	22066	143	212
311.166	22068	143	1409
311.17	22069	142	212
311.172	22070	144	209
311.175	22071	145	1409
311.182	22072	146	1409
311.185	22073	143	209
311.187	22074	145	1409
311.194	22075	146	1409
311.2	22076	145	209
311.202	22077	147	1409
311.206	22078	146	1409
311.212	22079	145	209
311.216	22080	149	1409
311.224	22081	151	1409
311.227	22082	147	209
311.234	22084	148	1412
311.242	22085	149	1409
311.247	22086	148	209
311.249	22087	151	1409
311.254	22088	150	1409
311.259	22089	149	209
311.261	22090	150	1409
311.269	22091	152	1409
311.274	22092	151	209
311.277	22093	152	1412
311.284	22094	153	1409
311.291	22095	154	1409
311.296	22096	154	209
311.298	22097	156	1409
311.307	22098	159	1412
311.313	22099	159	212
311.32	22101	159	1409
311.325	22102	158	1412
311.331	22103	157	209
311.338	22105	158	1409
311.343	22106	158	209
311.35	22108	158	1409
311.355	22109	157	209
311.358	22110	158	1409
311.366	22112	154	209
311.368	22113	156	1409
311.375	22114	158	1412
311.385	22115	161	1409
311.388	22116	158	209
311.395	22118	158	1409
311.4	22120	156	1409
311.405	22121	155	1409
311.41	22122	154	209
311.412	22123	157	1409
311.42	22124	158	1409
311.423	22125	155	209
311.43	22127	155	1409
311.433	22128	152	209
311.438	22129	156	1409
311.442	22130	155	1412
311.449	22131	156	1409
311.453	22132	154	209
311.455	22133	155	1409
311.462	22134	156	1409
311.465	22135	154	209
311.47	22136	157	1409
311.474	22137	156	1409
311.479	22138	155	209
311.482	22139	157	1409
311.487	22140	156	1409
311.49	22141	153	209
311.492	22142	155	1409
311.5	22143	156	1409
311.505	22144	155	209
311.507	22145	157	1409
311.513	22147	151	209
311.515	22148	152	1409
311.52	22149	150	1412
311.527	22150	152	1409
311.533	22151	151	209
311.535	22152	153	1409
311.542	22153	154	1412
311.547	22154	154	1409
311.554	22155	154	1412
311.56	22156	155	209
311.562	22157	156	1409
311.57	22159	154	1412
311.572	22160	153	209
311.577	22161	156	1409
311.583	22163	148	209
311.585	22164	150	1409
311.595	22165	149	1412
311.602	22166	153	1409
311.603	22167	148	212
311.605	22168	150	209
311.608	22169	152	1409
311.611	22170	150	1409
311.616	22171	150	209
311.618	22172	152	1409
311.623	22173	152	1409
311.633	22174	153	1412
311.634	22175	150	209
311.641	22178	148	209
311.646	22179	151	1409
311.651	22180	149	1409
311.654	22181	144	209
311.659	22182	148	1409
311.664	22183	145	1409
311.672	22184	145	209
311.675	22185	146	1409
311.684	22186	147	1409
311.69	22187	145	209
311.692	22188	147	1409
311.701	22189	148	1409
311.707	22190	145	209
311.709	22191	146	1409
311.716	22192	146	1412
311.723	22193	145	1409
311.731	22194	144	209
311.733	22195	146	1409
311.74	22196	145	1409
311.748	22197	145	209
311.751	22198	147	1409
311.755	22199	146	1409
311.761	22200	145	209
311.763	22201	147	1409
311.77	22202	148	1412
311.775	22203	147	1409
311.782	22204	148	1412
311.785	22205	144	209
311.79	22206	148	1409
311.795	22207	148	1409
311.8	22208	147	209
311.802	22209	148	1409
311.81	22210	150	1409
311.813	22211	147	209
311.817	22212	151	1409
311.824	22213	152	1409
311.827	22214	149	209
311.829	22215	150	1409
311.836	22216	152	1409
311.842	22217	151	209
311.844	22218	153	1412
311.849	22219	152	1412
311.854	22220	150	1409
311.859	22221	149	1409
311.861	22222	146	209
311.866	22223	149	1409
311.871	22224	148	1409
311.871	22225	144	209
311.876	22226	147	1409
311.879	22227	144	1409
311.884	22228	143	209
311.886	22229	144	1409
311.891	22230	143	1409
311.976	22231	50	209
311.979	22232	52	1409
311.981	22233	52	1409
311.986	22234	51	209
311.989	22235	53	1409
311.994	22236	53	1409
312.079	22237	51	209
312.081	22238	53	1409
312.086	22239	52	1409
312.091	22240	51	209
312.094	22241	53	1409
312.1	22242	52	1409
312.181	22243	51	209
312.183	22244	54	1409
312.19	22245	54	1409
312.192	22246	50	209
312.194	22247	52	1409
312.2	22248	52	1409
312.205	22249	51	209
312.208	22250	53	1409
312.214	22251	53	1409
312.219	22252	51	209
312.221	22253	53	1409
312.231	22254	57	1409
312.234	22255	54	209
312.239	22256	57	1409
312.244	22257	56	1409
312.249	22258	56	209
312.251	22259	57	1409
312.259	22260	58	1409
312.264	22261	58	209
312.266	22262	59	1409
312.274	22263	60	1409
312.276	22264	58	209
312.279	22265	59	1409
312.289	22266	63	1409
312.294	22267	62	209
312.296	22268	64	1409
312.304	22269	65	1409
312.309	22270	64	209
312.311	22271	66	1409
312.319	22272	67	1409
312.322	22273	64	209
312.324	22274	65	1409
312.331	22275	67	1409
312.339	22276	68	209
312.341	22277	70	1409
312.348	22278	71	1409
312.354	22279	70	209
312.356	22280	72	1409
312.366	22281	75	1409
312.369	22282	72	209
312.371	22283	74	1409
312.378	22284	76	1409
312.386	22285	78	209
312.388	22286	79	1409
312.396	22287	81	1409
312.404	22288	82	209
312.406	22289	83	1409
312.411	22290	82	1409
312.416	22291	82	209
312.421	22292	85	1409
312.428	22293	87	1409
312.434	22294	86	209
312.436	22295	87	1409
312.446	22296	91	1409
312.449	22297	88	209
312.451	22298	90	1409
312.461	22299	93	1409
312.466	22300	92	209
312.469	22301	94	1409
312.478	22302	98	1409
312.481	22303	94	209
312.483	22304	97	1409
312.488	22305	96	1409
312.493	22306	95	209
312.496	22307	96	1409
312.503	22308	98	1409
312.508	22309	97	209
312.511	22310	98	1409
312.518	22311	100	1409
312.521	22312	96	209
312.523	22313	98	1409
312.528	22314	97	1409
312.533	22315	96	209
312.536	22316	97	1409
312.543	22317	98	1409
312.548	22318	98	209
312.551	22319	99	1409
312.556	22320	98	1409
312.561	22321	98	209
312.566	22322	101	1409
312.57	22323	100	1409
312.574	22324	97	209
312.576	22325	99	1409
312.583	22326	100	1409
312.588	22327	100	209
312.591	22328	101	1409
312.6	22329	104	1409
312.603	22330	101	209
312.606	22331	102	1409
312.613	22332	103	1409
312.618	22333	103	209
312.621	22334	104	1409
312.628	22335	105	1409
312.633	22336	105	209
312.635	22337	106	1409
312.643	22338	108	1409
312.651	22339	108	209
312.655	22340	112	1409
312.663	22341	113	1409
312.666	22342	110	209
312.67	22343	114	1409
312.675	22344	114	1409
312.68	22345	114	209
312.683	22346	116	1409
312.69	22347	119	1409
312.695	22348	119	209
312.698	22349	120	1409
312.705	22350	123	1409
312.71	22351	123	209
312.713	22352	124	1409
312.718	22353	124	1409
312.723	22354	124	209
312.725	22355	127	1409
312.733	22356	129	1409
312.738	22357	129	209
312.74	22358	131	1409
312.745	22359	131	1409
312.75	22360	131	209
312.753	22361	132	1409
312.758	22362	132	1409
312.761	22363	130	209
312.763	22364	132	1409
312.768	22365	132	1409
312.773	22366	132	209
312.775	22367	134	1409
312.78	22368	133	1409
312.785	22369	134	209
312.788	22370	135	1409
312.792	22371	135	1409
312.8	22372	135	209
312.802	22373	136	1409
312.81	22374	136	1409
312.818	22375	134	209
312.82	22376	136	1409
312.828	22377	135	1409
312.833	22378	132	209
312.838	22379	135	1409
312.845	22380	134	1409
312.85	22381	132	209
312.855	22382	135	1409
312.865	22383	136	1409
312.87	22384	133	209
312.873	22385	135	1409
312.882	22386	137	1409
312.89	22387	135	209
312.892	22388	137	1409
312.9	22389	136	1409
312.905	22390	135	209
312.907	22391	137	1409
312.915	22392	138	1409
312.922	22393	139	209
312.925	22394	141	1409
312.93	22395	139	1409
312.935	22396	139	209
312.937	22397	140	1409
312.944	22398	141	1409
312.952	22399	143	209
312.955	22400	144	1409
312.962	22401	146	1409
312.967	22402	145	209
312.97	22403	146	1409
312.977	22404	146	1409
312.98	22405	144	209
312.985	22406	148	1409
312.992	22407	148	1409
312.997	22408	148	209
313	22409	149	1409
313.007	22410	150	1409
313.012	22411	150	209
313.015	22412	151	1409
313.022	22413	151	1409
313.027	22414	151	209
313.03	22415	152	1409
313.037	22416	154	1409
313.042	22417	153	209
313.045	22418	154	1409
313.049	22419	153	1409
313.055	22420	152	209
313.057	22421	154	1409
313.064	22422	155	1409
313.07	22423	153	209
313.077	22425	153	1409
313.08	22426	150	209
313.082	22427	152	1409
313.089	22428	153	1409
313.095	22429	152	209
313.097	22430	154	1409
313.104	22431	155	1409
313.114	22433	157	1409
313.119	22434	156	1409
313.122	22435	153	209
313.127	22436	156	1409
313.132	22437	155	1409
313.135	22438	152	209
313.137	22439	154	1409
313.144	22440	155	1409
313.157	22443	153	1409
313.162	22444	153	209
313.165	22445	154	1409
313.169	22446	153	1409
313.175	22447	152	209
313.179	22448	156	1409
313.184	22449	155	1409
313.189	22450	154	209
313.191	22451	155	1409
313.197	22452	153	1409
313.202	22453	152	209
313.205	22454	154	1409
313.212	22456	150	209
313.22	22458	150	1409
313.225	22459	150	209
313.228	22460	151	1409
313.234	22461	152	1409
313.24	22462	151	209
313.245	22463	154	1409
313.253	22465	150	209
313.255	22466	152	1409
313.26	22467	150	1409
313.265	22468	150	209
313.267	22469	151	1409
313.282	22471	153	1412
313.286	22472	150	209
313.291	22474	148	1409
313.296	22475	147	209
313.298	22476	148	1409
313.303	22477	148	1409
313.31	22478	146	212
313.311	22479	146	209
313.313	22480	148	1409
313.321	22481	148	1409
313.326	22482	147	209
313.328	22483	149	1409
313.338	22484	153	1409
313.343	22485	152	209
313.345	22486	153	1409
313.35	22487	152	1409
313.358	22488	152	212
313.36	22489	154	1412
313.363	22490	150	209
313.366	22491	151	1409
313.373	22492	153	1409
313.376	22493	150	209
313.381	22494	151	1409
313.386	22495	150	1409
313.391	22496	150	209
313.393	22497	151	1409
313.401	22498	152	1409
313.406	22499	152	209
313.408	22500	153	1409
313.415	22501	153	1412
313.423	22502	153	1412
313.428	22503	152	1409
313.43	22504	149	209
313.435	22505	152	1409
313.44	22506	151	1409
313.445	22507	151	209
313.448	22508	152	1409
313.455	22509	152	1412
313.462	22510	154	1409
313.467	22511	153	209
313.47	22512	154	1409
313.477	22513	155	1409
313.487	22514	154	1412
313.492	22515	154	209
313.494	22516	155	1409
313.499	22517	154	1412
313.509	22518	157	1409
313.512	22519	154	209
313.517	22520	158	1409
313.524	22521	159	1409
313.529	22522	158	209
313.532	22523	160	1409
313.536	22524	158	1409
313.54	22525	155	209
313.542	22526	156	1409
313.549	22527	157	1409
313.552	22528	155	209
313.554	22529	156	1409
313.559	22530	157	1409
313.562	22531	154	209
313.564	22532	157	1409
313.571	22533	159	1409
313.576	22534	159	209
313.582	22537	153	209
313.589	22539	155	1409
313.59	22540	150	209
313.592	22541	153	1409
313.599	22542	155	1409
313.603	22543	153	209
313.607	22545	152	1409
313.61	22546	150	209
313.613	22547	151	1409
313.617	22548	151	1409
313.621	22549	147	209
313.623	22550	149	1409
313.628	22551	149	1409
313.633	22552	148	209
313.635	22553	151	1409
313.64	22554	151	1409
313.648	22555	150	209
313.65	22556	151	1409
313.655	22557	148	1409
313.663	22558	148	209
313.666	22559	149	1409
313.675	22560	150	1409
313.68	22561	147	209
313.683	22562	148	1409
313.69	22563	148	1409
313.696	22564	144	209
313.698	22565	146	1409
313.71	22566	150	1409
313.715	22567	147	209
313.72	22568	150	1409
313.727	22569	149	1409
313.733	22570	147	209
313.738	22571	150	1409
313.745	22572	148	1409
313.75	22573	147	209
313.753	22574	149	1409
313.758	22575	149	1409
313.765	22576	150	209
313.768	22577	151	1409
313.775	22578	152	1409
313.78	22579	151	209
313.783	22580	153	1409
313.79	22581	153	1412
313.794	22582	152	1412
313.802	22583	153	1412
313.811	22584	157	1409
313.819	22585	158	1412
313.824	22586	156	209
313.826	22587	158	1409
313.833	22588	158	1409
313.836	22589	156	209
313.843	22590	162	1409
313.848	22591	160	1409
313.853	22592	160	209
313.861	22594	160	1409
313.864	22595	156	209
313.868	22596	160	1409
313.875	22597	161	1409
313.878	22598	158	209
313.883	22599	162	1409
313.888	22600	161	1409
313.893	22601	160	209
313.895	22602	161	1409
313.901	22603	160	1409
313.906	22604	158	209
313.908	22605	161	1409
313.913	22606	159	1409
313.914	22607	153	209
313.916	22608	155	1409
313.923	22609	156	1409
313.927	22610	153	209
313.929	22611	154	1409
313.933	22612	153	1409
313.939	22613	152	209
313.941	22614	154	1409
313.949	22616	149	209
313.959	22618	150	1409
313.964	22619	148	209
313.976	22621	151	1409
313.979	22622	148	209
313.982	22623	149	1409
313.991	22624	152	1409
313.994	22625	149	209
313.999	22626	152	1409
314.009	22628	151	209
314.011	22629	152	1409
314.019	22630	153	1409
314.024	22631	152	209
314.026	22632	153	1409
314.031	22633	152	1409
314.039	22634	153	209
314.041	22635	155	1409
314.046	22636	152	1409
314.052	22637	152	209
314.054	22638	153	1409
314.061	22639	154	1409
314.066	22640	154	1412
314.072	22641	152	209
314.074	22642	153	1409
314.079	22643	152	1409
314.084	22644	152	209
314.087	22645	153	1409
314.093	22646	154	1409
314.097	22647	150	209
314.099	22648	151	1409
314.107	22649	153	1409
314.109	22650	150	209
314.112	22651	151	1409
314.117	22652	150	1409
314.121	22653	148	209
314.124	22654	149	1409
314.131	22655	151	1409
314.136	22656	150	209
314.141	22657	153	1409
314.143	22658	150	1409
314.153	22659	153	1412
314.159	22660	152	209
314.161	22661	154	1409
314.171	22662	157	1412
314.178	22663	157	1409
314.185	22664	159	1412
314.186	22665	154	209
314.191	22666	157	1409
314.196	22667	154	1409
314.201	22668	153	209
314.203	22669	155	1409
314.213	22670	154	1412
314.22	22671	155	1409
314.223	22672	151	209
314.226	22673	153	1409
314.233	22674	154	1409
314.238	22675	153	209
314.241	22676	154	1409
314.246	22677	153	1409
314.251	22678	152	209
314.253	22679	154	1409
314.258	22680	153	1409
314.266	22681	153	209
314.268	22682	155	1409
314.275	22683	156	1409
314.275	22684	150	209
314.28	22685	154	1409
314.285	22686	153	1409
314.29	22687	151	209
314.293	22688	152	1409
314.3	22689	154	1409
314.305	22690	153	209
314.31	22691	156	1409
314.313	22692	153	1409
314.32	22693	153	209
314.325	22694	157	1409
314.33	22695	156	1409
314.335	22696	155	209
314.337	22697	157	1409
314.342	22698	156	1409
314.348	22699	154	209
314.355	22700	160	1409
314.363	22702	156	209
314.365	22703	157	1409
314.37	22704	156	1409
314.377	22705	158	209
314.382	22707	157	1409
314.385	22708	156	209
314.393	22711	153	209
314.396	22712	154	1409
314.4	22713	154	1409
314.403	22714	152	209
314.411	22716	153	1409
314.416	22717	153	209
314.418	22718	154	1409
314.426	22720	152	209
314.431	22722	152	1409
314.434	22723	150	209
314.438	22724	150	1409
314.443	22725	150	1409
314.448	22726	150	209
314.453	22727	152	1409
314.455	22728	150	1409
314.46	22729	150	209
314.467	22730	152	1409
314.472	22731	149	1409
314.48	22732	149	209
314.483	22733	149	1409
314.492	22734	151	1409
314.498	22735	148	209
314.5	22736	148	1409
314.51	22737	150	1409
314.513	22738	146	209
314.52	22739	150	1409
314.525	22740	147	1409
314.53	22741	144	209
314.535	22742	147	1409
314.542	22743	147	1409
314.55	22744	147	209
314.555	22745	150	1409
314.563	22746	149	1412
314.572	22747	150	1409
314.576	22748	147	209
314.58	22749	151	1409
314.585	22750	149	1412
314.592	22751	151	1409
314.599	22752	151	1412
314.609	22753	154	1412
314.614	22754	153	209
314.616	22755	155	1412
314.624	22756	156	1409
314.631	22757	156	1409
314.636	22758	155	1412
314.643	22759	157	1412
314.649	22760	155	209
314.658	22762	158	1409
314.662	22763	155	209
314.664	22764	156	1409
314.671	22765	158	1409
314.677	22766	156	209
314.684	22768	156	1409
314.689	22769	156	209
314.692	22770	157	1409
314.699	22771	156	1409
314.704	22772	156	209
314.707	22773	156	1409
314.713	22774	154	1409
314.717	22775	151	209
314.724	22776	153	1409
314.729	22777	152	1409
314.734	22778	151	209
314.736	22779	152	1409
314.744	22780	151	1409
314.749	22781	149	209
314.756	22782	151	1409
314.764	22783	151	1409
314.769	22784	151	209
314.772	22785	152	1409
314.779	22786	153	1409
314.782	22787	151	209
314.787	22788	154	1409
314.794	22789	154	1409
314.797	22790	151	209
314.799	22791	153	1409
314.804	22792	151	1409
314.809	22793	151	209
314.814	22794	154	1409
314.824	22796	151	209
314.826	22797	153	1409
314.834	22798	154	1409
314.839	22799	153	209
314.841	22800	155	1409
314.849	22802	150	209
314.857	22803	156	1409
314.861	22804	155	1409
314.867	22805	154	1412
314.872	22806	152	209
314.874	22807	153	1409
314.879	22808	153	1409
314.884	22809	152	209
314.886	22810	153	1412
314.894	22811	155	1409
314.901	22812	155	1409
314.907	22813	154	209
314.912	22815	152	1409
314.919	22816	153	209
314.927	22818	153	1409
314.932	22819	152	209
314.941	22821	155	1409
314.947	22822	153	209
314.949	22823	155	1409
314.954	22824	154	1409
314.964	22826	156	1409
314.974	22828	153	209
314.978	22829	157	1409
314.986	22830	157	1409
314.989	22831	154	209
314.994	22832	157	1409
315	22833	157	1409
315.004	22834	154	209
315.006	22835	156	1409
315.013	22836	157	1409
315.018	22837	156	209
315.02	22838	156	1409
315.026	22839	152	1412
315.033	22840	153	1409
315.039	22841	152	209
315.041	22842	154	1409
315.048	22843	155	1409
315.056	22844	155	1412
315.061	22845	154	209
315.063	22846	156	1409
315.068	22847	155	1409
315.073	22848	154	209
315.076	22849	155	1409
315.08	22850	153	1409
315.083	22851	150	209
315.088	22852	154	1409
315.093	22853	152	1409
315.098	22854	152	209
315.101	22855	153	1409
315.108	22856	153	1409
315.113	22857	152	209
315.115	22858	154	1412
315.123	22859	155	1409
315.128	22860	154	1409
315.138	22861	157	1412
315.143	22862	156	209
315.145	22863	158	1409
315.156	22865	155	1409
315.161	22866	154	209
315.168	22868	154	1409
315.174	22869	154	212
315.176	22871	154	1409
315.181	22872	153	1412
315.189	22873	154	1409
315.192	22874	151	209
315.199	22876	152	1409
315.204	22877	152	209
315.207	22879	149	1409
315.214	22881	150	1409
315.221	22882	153	1409
315.229	22885	150	1409
315.234	22886	150	209
315.236	22887	152	1409
315.244	22889	150	209
315.247	22890	151	1409
315.252	22891	151	1409
315.257	22892	151	209
315.262	22894	148	1409
315.267	22895	148	209
315.269	22896	151	1409
315.277	22897	151	1409
315.28	22898	149	209
315.282	22899	151	1409
315.289	22900	151	1409
315.297	22901	150	209
315.299	22902	152	1409
315.307	22903	150	1409
315.314	22904	150	209
315.316	22905	151	1409
315.326	22906	152	1409
315.329	22907	147	209
315.332	22908	148	1409
315.341	22909	149	1409
315.347	22910	146	209
315.349	22911	148	1409
315.359	22912	148	1412
315.366	22913	147	1412
315.374	22914	147	212
315.379	22915	150	1409
315.386	22916	150	209
315.389	22917	151	1409
315.396	22918	149	1409
315.405	22919	153	1412
315.413	22920	154	1412
315.418	22921	152	212
315.418	22922	152	209
315.42	22923	154	1409
315.428	22924	154	1409
315.431	22925	151	212
315.438	22926	157	1412
315.438	22927	152	209
315.445	22928	158	1409
315.45	22929	156	1409
315.458	22930	157	1412
315.463	22931	156	209
315.465	22932	157	1409
315.47	22933	156	1412
315.48	22934	159	1409
315.485	22935	158	209
315.487	22936	160	1409
315.495	22937	161	1409
315.502	22939	160	1409
315.506	22940	159	1409
315.509	22941	156	209
315.519	22943	158	1409
315.522	22944	155	209
315.524	22945	156	1409
315.529	22946	155	1409
315.535	22947	153	209
315.539	22948	157	1409
315.547	22949	159	1409
315.552	22950	157	209
315.554	22951	159	1409
315.557	22952	155	1409
315.562	22953	154	209
315.565	22954	155	1409
315.57	22955	154	1409
315.573	22956	151	209
315.583	22958	153	1409
315.586	22959	149	209
315.59	22960	153	1409
315.595	22961	152	1409
315.596	22962	147	209
315.601	22963	150	1409
315.606	22964	148	1409
315.611	22965	148	209
315.613	22966	149	1409
315.618	22967	148	1409
315.624	22968	146	209
315.627	22969	148	1409
315.633	22970	149	1409
315.639	22971	148	209
315.646	22973	148	1409
315.65	22974	145	209
315.654	22975	149	1409
315.661	22976	149	1409
315.664	22977	146	209
315.669	22978	150	1409
315.674	22979	149	1409
315.679	22980	147	209
315.684	22981	150	1409
315.689	22982	149	1409
315.694	22983	149	209
315.697	22984	150	1409
315.704	22985	151	212
315.706	22986	152	1409
315.714	22988	153	1409
315.721	22989	151	1412
315.729	22990	153	1409
315.734	22991	152	209
315.738	22992	156	1409
315.746	22993	156	1409
315.751	22994	155	209
315.753	22995	156	1409
315.76	22996	157	1409
315.764	22997	154	209
315.768	22998	158	1409
315.775	22999	158	1409
315.778	23000	155	209
315.78	23001	156	1409
315.792	23002	161	1409
315.797	23003	160	1412
315.802	23004	159	209
315.805	23005	160	1409
315.812	23006	161	1409
315.815	23007	158	209
315.817	23008	159	1409
315.824	23009	160	1409
315.832	23010	160	209
315.834	23011	162	1409
315.839	23012	161	1409
315.844	23013	160	209
315.852	23015	159	1409
315.856	23016	158	1412
315.861	23017	157	209
315.864	23018	159	1409
315.871	23019	159	1409
315.876	23020	158	209
315.879	23021	159	1409
315.886	23022	161	1409
315.891	23023	159	209
315.894	23024	160	1409
315.901	23025	161	1409
315.906	23026	160	209
315.913	23028	159	1409
315.916	23029	156	209
315.919	23030	158	1409
315.921	23031	154	212
315.924	23032	155	1409
315.929	23033	155	209
315.931	23034	156	1409
315.938	23035	157	1409
315.941	23036	153	209
315.946	23037	156	1409
315.949	23038	153	1409
315.954	23039	152	209
315.962	23041	152	1409
315.967	23042	151	209
315.969	23043	152	1409
315.974	23044	152	1409
315.979	23045	150	209
315.982	23046	151	1409
315.989	23047	153	1409
315.995	23048	151	209
316	23050	149	1409
316.003	23051	146	209
316.012	23053	148	1409
316.016	23054	145	209
316.02	23055	149	1409
316.027	23056	151	1409
316.035	23058	152	1409
316.038	23060	145	209
316.04	23061	147	1409
316.052	23062	151	1412
316.057	23063	151	1409
316.062	23064	151	209
316.065	23065	153	1409
316.07	23066	152	1409
316.073	23067	150	209
316.075	23068	152	1409
316.085	23070	149	209
316.088	23071	151	1409
316.093	23072	149	1409
316.101	23073	150	209
316.103	23074	152	1409
316.113	23075	149	1412
316.118	23076	149	1409
316.123	23077	147	209
316.126	23078	148	1409
316.135	23079	149	1409
316.141	23080	146	209
316.143	23081	147	1409
316.153	23082	148	1409
316.162	23083	149	1412
316.168	23084	146	209
316.17	23085	147	1409
316.179	23086	148	1409
316.185	23087	145	209
316.19	23088	148	1409
316.197	23089	147	1412
316.204	23090	146	1409
316.213	23091	147	1412
316.222	23092	146	209
316.224	23093	147	1409
316.231	23094	148	1409
316.237	23095	147	212
316.241	23096	151	1412
316.244	23097	147	209
316.249	23098	151	1409
316.254	23099	150	1409
316.261	23100	151	209
316.263	23101	152	1409
316.271	23102	154	1409
316.276	23103	153	209
316.278	23104	154	1409
316.288	23105	157	1409
316.295	23106	158	1412
316.301	23107	156	209
316.303	23108	159	1409
316.31	23109	159	1409
316.316	23110	158	209
316.318	23111	159	1409
316.325	23112	159	1409
316.328	23113	157	209
316.335	23115	157	1409
316.341	23116	155	209
316.343	23117	156	1409
316.348	23118	156	1409
316.355	23119	157	209
316.358	23120	158	1409
316.363	23121	157	1409
316.366	23122	153	209
316.368	23123	155	1409
316.373	23124	154	1409
316.379	23125	152	209
316.388	23127	155	1409
316.394	23128	153	209
316.398	23130	151	1409
316.404	23131	151	209
316.407	23132	152	1409
316.417	23134	149	209
316.419	23135	151	1409
316.424	23136	150	1409
316.43	23137	148	209
316.432	23138	149	1409
316.437	23139	148	1409
316.44	23140	146	209
316.445	23141	149	1409
316.452	23142	149	1409
316.455	23143	146	209
316.458	23144	148	1409
316.462	23145	147	1409
316.468	23146	145	209
316.47	23147	146	1409
316.478	23148	148	1409
316.485	23149	148	209
316.487	23150	151	1409
316.492	23151	149	1409
316.497	23152	148	209
316.499	23153	149	1409
316.507	23154	150	1409
316.512	23155	149	209
316.517	23156	153	1409
316.524	23157	154	1409
316.53	23158	152	209
316.532	23159	154	1409
316.542	23161	152	1412
316.548	23162	150	209
316.552	23163	154	1409
316.557	23164	152	1409
316.562	23165	151	209
316.565	23166	153	1409
316.57	23167	152	1409
316.577	23168	153	209
316.58	23169	154	1409
316.589	23170	157	1409
316.596	23171	158	1412
316.602	23172	157	209
316.611	23174	159	1412
316.616	23175	158	1409
316.621	23176	157	209
316.623	23177	157	1412
316.631	23178	159	1409
316.638	23179	159	1409
316.641	23180	156	209
316.644	23181	157	1409
316.648	23182	156	1409
316.656	23183	157	209
316.658	23184	159	1409
316.671	23186	158	209
316.673	23187	159	1409
316.678	23188	159	1409
316.683	23189	157	209
316.686	23190	158	1409
316.69	23191	157	1409
316.696	23192	155	209
316.698	23193	158	1409
316.705	23194	158	1409
316.711	23195	157	209
316.713	23196	158	1409
316.72	23197	159	1409
316.723	23198	156	209
316.73	23200	156	1409
316.736	23201	154	209
316.738	23202	156	1409
316.743	23203	151	1412
316.75	23204	152	1409
316.756	23205	151	209
316.758	23206	153	1409
316.765	23207	153	1409
316.771	23208	152	209
316.773	23209	154	1409
316.78	23210	155	1409
316.783	23211	151	209
316.788	23212	155	1409
316.795	23214	150	209
316.8	23215	154	1409
316.808	23216	155	1409
316.815	23218	155	1409
316.822	23219	156	1412
316.83	23220	156	1409
316.837	23221	158	209
316.844	23223	157	1409
316.852	23224	159	209
316.854	23225	160	1409
316.857	23226	158	1409
316.86	23227	156	209
316.867	23229	157	1409
316.87	23230	155	209
316.873	23231	156	1409
316.879	23232	158	1412
316.884	23233	158	1409
316.891	23235	159	1409
316.904	23238	160	1409
316.909	23239	160	1409
316.914	23240	158	209
316.916	23241	161	1409
316.924	23242	161	1409
316.929	23243	158	209
316.936	23245	155	1412
316.941	23246	155	1409
316.946	23247	156	209
316.949	23248	158	1409
316.956	23249	155	1409
316.959	23250	150	209
316.964	23251	154	1409
316.973	23252	155	1409
316.979	23253	151	209
316.983	23254	155	1409
316.991	23255	153	1409
316.996	23256	151	209
316.999	23257	152	1412
317.008	23258	153	1409
317.015	23259	151	1409
317.023	23260	151	212
317.024	23261	149	209
317.026	23262	151	1409
317.034	23263	151	1409
317.042	23264	149	209
317.044	23265	151	1409
317.054	23266	152	1412
317.063	23267	152	1409
317.068	23268	151	1412
317.076	23269	152	209
317.079	23270	153	1409
317.086	23271	154	1409
317.091	23272	153	209
317.093	23273	155	1409
317.099	23274	153	212
317.101	23275	154	1409
317.106	23276	154	209
317.109	23277	155	1409
317.114	23278	153	1412
317.117	23279	150	212
317.119	23280	151	1409
317.132	23283	151	1409
317.141	23284	153	1412
317.145	23285	150	209
317.149	23286	154	1409
317.152	23287	150	1409
317.159	23288	151	209
317.162	23289	152	1409
317.167	23290	151	1409
317.172	23291	149	209
317.174	23292	151	1409
317.18	23293	150	1409
317.187	23294	150	209
317.189	23295	152	1409
317.197	23296	153	1409
317.201	23297	151	209
317.204	23298	152	1409
317.211	23299	154	1409
317.216	23300	153	209
317.221	23301	157	1409
317.228	23302	157	1409
317.234	23303	156	209
317.236	23304	158	1409
317.243	23305	157	1409
317.251	23307	158	1409
317.258	23308	158	1409
317.261	23309	155	209
317.271	23311	157	1409
317.273	23312	154	209
317.276	23313	156	1409
317.283	23314	157	1409
317.289	23315	155	209
317.296	23317	155	1409
317.301	23318	154	209
317.304	23319	155	1409
317.309	23320	154	1409
317.316	23321	155	209
317.323	23323	155	1409
317.329	23324	153	209
317.336	23326	153	1409
317.341	23327	153	212
317.347	23329	150	209
317.349	23330	152	1409
317.354	23331	150	1409
317.359	23332	149	209
317.362	23333	150	1409
317.371	23334	154	1409
317.377	23335	152	209
317.379	23336	153	1409
317.386	23337	155	1409
317.391	23338	153	209
317.393	23339	154	1409
317.404	23341	153	209
317.41	23343	150	1409
317.415	23344	149	209
317.417	23345	151	1409
317.422	23346	149	1409
317.427	23347	148	209
317.43	23348	149	1409
317.435	23349	147	1409
317.44	23350	146	209
317.442	23351	148	1409
317.45	23352	149	212
317.453	23353	151	1409
317.456	23354	147	209
317.458	23355	148	1409
317.465	23356	149	1409
317.472	23357	150	1412
317.477	23358	149	209
317.48	23359	151	1409
317.487	23360	151	1409
317.49	23361	148	209
317.492	23362	149	1409
317.499	23363	149	1412
317.507	23364	150	1409
317.51	23365	147	209
317.512	23366	148	1409
317.519	23367	149	1409
317.527	23368	150	1412
317.532	23369	149	209
317.534	23370	150	1409
317.542	23371	151	1412
317.549	23372	151	1412
317.553	23373	150	1409
317.559	23374	148	209
317.561	23375	150	1409
317.568	23376	151	1409
317.573	23377	149	209
317.576	23378	150	1409
317.583	23379	152	1409
317.588	23380	150	209
317.591	23381	152	1409
317.598	23382	153	1409
317.604	23383	152	209
317.608	23384	156	1409
317.614	23385	154	1412
317.621	23386	155	1412
317.628	23387	155	1409
317.633	23388	154	209
317.635	23389	156	1409
317.643	23390	156	1409
317.648	23391	156	209
317.651	23392	157	1409
317.658	23393	157	1409
317.663	23394	156	209
317.67	23396	157	1409
317.678	23397	157	209
317.683	23399	155	1409
317.688	23400	155	209
317.693	23402	155	1409
317.698	23403	154	209
317.701	23404	156	1409
317.711	23406	155	209
317.713	23407	157	1409
317.718	23408	157	1409
317.723	23409	157	209
317.726	23411	153	1409
317.731	23412	153	209
317.733	23413	155	1409
317.738	23414	155	1409
317.744	23415	155	209
317.746	23416	154	1409
317.753	23417	154	1409
317.756	23418	152	209
317.758	23419	155	1409
317.765	23420	154	1409
317.768	23421	150	209
317.77	23422	152	1409
317.778	23423	152	1409
317.785	23424	152	209
317.788	23425	153	1409
317.795	23426	152	1409
317.803	23427	151	209
317.805	23428	152	1409
317.815	23429	153	1409
317.82	23430	150	209
317.823	23431	151	1409
317.833	23432	152	1409
317.838	23433	148	209
317.843	23434	152	1409
317.848	23435	149	1409
317.855	23436	148	209
317.858	23437	149	1409
317.867	23438	150	1409
317.877	23439	151	1412
317.885	23440	150	1412
317.89	23441	149	209
317.895	23442	152	1409
317.902	23443	153	1412
317.909	23444	154	1409
317.917	23445	155	1412
317.92	23446	152	209
317.924	23447	156	1409
317.93	23448	154	1409
317.939	23449	158	1412
317.942	23450	153	209
317.945	23451	155	1409
317.952	23452	156	1409
317.955	23453	152	209
317.96	23455	151	1409
317.965	23456	150	209
317.968	23457	152	1409
317.975	23458	152	1409
317.981	23459	151	209
317.983	23460	153	1409
317.99	23461	152	1409
317.996	23462	152	209
317.998	23463	154	1409
318.003	23464	151	1409
318.006	23465	149	209
318.013	23467	148	1409
318.019	23468	147	209
318.023	23469	150	1409
318.031	23470	148	1409
318.036	23471	148	209
318.043	23472	151	1409
318.048	23473	149	1409
318.051	23474	146	209
318.058	23475	151	1409
318.066	23476	148	1409
318.074	23477	146	209
318.076	23478	148	1409
318.083	23479	149	1409
318.089	23480	148	209
318.093	23481	152	1409
318.101	23482	152	1409
318.106	23483	151	209
318.108	23484	153	1409
318.116	23485	153	1409
318.121	23486	153	209
318.126	23487	156	1409
318.134	23489	151	209
318.136	23490	153	1409
318.143	23491	154	1409
318.158	23494	155	1409
318.165	23495	154	1412
318.168	23496	152	209
318.173	23497	154	1409
318.182	23498	157	1409
318.188	23499	156	209
318.19	23500	156	1409
318.197	23501	157	1409
318.203	23502	157	209
318.21	23504	156	1409
318.213	23505	152	209
318.22	23506	157	1412
318.227	23507	158	1409
318.236	23509	153	209
318.24	23510	157	1409
318.245	23511	156	1409
318.251	23512	154	209
318.26	23514	156	1409
318.265	23515	155	209
318.27	23517	153	1409
318.276	23518	152	209
318.281	23519	154	1409
318.286	23521	147	209
318.294	23522	150	1409
318.301	23523	150	1409
318.306	23524	150	209
318.309	23525	150	1409
318.316	23526	150	1409
318.321	23527	150	209
318.324	23528	148	1409
318.331	23529	148	1412
318.336	23530	146	1409
318.341	23531	145	209
318.343	23532	147	1409
318.353	23533	145	212
318.356	23534	147	1412
318.363	23535	148	1409
318.366	23536	145	209
318.371	23537	148	1409
318.378	23538	149	1409
318.381	23539	146	209
318.383	23540	147	1409
318.391	23541	147	1409
318.396	23542	147	209
318.398	23543	148	1409
318.406	23544	149	1409
318.413	23545	149	1412
318.418	23546	149	209
318.421	23547	150	1409
318.428	23548	150	1409
318.433	23549	150	209
318.436	23550	151	1409
318.443	23551	151	1412
318.45	23552	152	1409
318.455	23553	151	209
318.458	23554	152	1409
318.465	23555	154	1412
318.47	23556	153	1409
318.479	23557	155	1412
318.487	23558	157	209
318.489	23559	158	1409
318.496	23560	158	1412
318.506	23561	161	1409
318.512	23562	160	209
318.514	23563	161	1409
318.519	23564	160	1409
318.522	23565	159	209
318.529	23567	159	1409
318.534	23569	159	1409
318.539	23570	158	1409
318.544	23571	158	209
318.546	23572	160	1409
318.553	23573	162	1409
318.556	23574	160	209
318.558	23575	161	1409
318.561	23576	158	1409
318.566	23577	157	209
318.568	23578	160	1409
318.573	23579	160	1409
318.578	23580	159	209
318.581	23581	161	1409
318.586	23582	157	1409
318.591	23583	158	209
318.598	23585	158	1409
318.599	23586	153	209
318.601	23587	153	1409
318.614	23589	152	209
318.616	23590	153	1409
318.626	23591	154	1409
318.632	23592	151	209
318.636	23593	155	1409
318.644	23594	153	1409
318.652	23595	153	209
318.654	23596	154	1409
318.664	23597	155	1409
318.669	23598	151	209
318.671	23599	153	1409
318.681	23600	153	1409
318.691	23602	153	1409
318.698	23603	153	1409
318.708	23604	154	209
318.711	23605	155	1409
318.721	23606	156	1409
318.726	23607	155	209
318.728	23608	157	1409
318.733	23609	155	1409
318.743	23610	158	1412
318.748	23611	158	212
318.748	23612	157	209
318.756	23614	156	1409
318.768	23617	155	1409
318.774	23618	154	209
318.776	23619	156	1409
318.781	23620	154	1409
318.786	23621	153	209
318.791	23622	156	1409
318.801	23624	154	209
318.803	23625	155	1409
318.811	23626	156	1412
318.818	23627	156	1409
318.823	23628	155	1412
318.833	23630	157	1409
318.838	23631	156	1409
318.84	23632	153	209
318.845	23633	156	1409
318.85	23634	154	1409
318.855	23635	154	209
318.86	23636	156	1409
318.867	23637	154	1409
318.875	23638	156	209
318.877	23639	156	1409
318.887	23640	157	1409
318.893	23641	152	212
318.893	23642	153	209
318.898	23643	156	1409
318.905	23644	157	1409
318.911	23645	152	209
318.918	23646	157	1409
318.925	23647	155	1409
318.93	23648	154	209
318.933	23649	154	1409
318.945	23651	152	209
318.947	23652	155	1409
318.95	23653	151	1409
318.955	23654	150	209
318.958	23655	151	1412
318.968	23656	154	1409
318.975	23658	154	1412
318.982	23659	155	1409
318.986	23660	152	209
318.991	23662	150	1409
318.998	23663	151	209
319.001	23664	152	1409
319.005	23665	151	1412
319.018	23666	156	1409
319.02	23667	153	209
319.023	23668	154	1409
319.028	23669	152	1409
319.033	23670	152	209
319.041	23672	151	212
319.043	23673	153	1409
319.048	23674	152	209
319.051	23675	153	1409
319.055	23676	152	1409
319.063	23677	152	209
319.065	23678	154	1409
319.078	23680	153	209
319.08	23681	155	1409
319.085	23682	153	1409
319.09	23683	153	209
319.092	23684	154	1409
319.102	23685	157	1409
319.107	23686	156	209
319.113	23688	153	1409
319.118	23689	153	209
319.12	23690	154	1409
319.125	23691	152	1409
319.13	23692	151	209
319.133	23693	152	1409
319.142	23694	156	1409
319.148	23695	155	209
319.155	23697	155	1412
319.16	23698	152	1409
319.165	23699	152	209
319.17	23700	155	1409
319.177	23701	156	1409
319.18	23702	152	212
319.18	23703	152	209
319.183	23704	153	1409
319.188	23705	152	1409
319.195	23706	152	1412
319.198	23707	149	209
319.2	23708	150	1409
319.208	23709	151	1409
319.213	23710	150	209
319.215	23711	151	1409
319.223	23712	152	1409
319.228	23713	151	209
319.23	23714	152	1409
319.237	23715	154	1409
319.24	23716	150	209
319.243	23717	151	1412
319.252	23718	155	1409
319.258	23719	153	1409
319.263	23720	153	209
319.268	23722	150	1409
319.274	23723	149	209
319.276	23724	150	1409
319.279	23725	147	1412
319.289	23726	150	1409
319.294	23727	149	209
319.296	23728	151	1409
319.299	23729	147	1409
319.304	23730	146	209
319.307	23731	147	1409
319.316	23732	150	1412
319.323	23733	151	1409
319.329	23734	150	209
319.337	23737	145	209
319.342	23738	149	1409
319.347	23739	149	1409
319.35	23740	147	209
319.354	23741	151	1409
319.364	23743	150	1409
319.367	23744	148	209
319.37	23745	150	1409
319.372	23746	147	1409
319.377	23747	147	209
319.38	23748	149	1409
319.387	23749	151	1409
319.392	23750	151	209
319.399	23752	153	1409
319.404	23753	152	209
319.406	23754	154	1409
319.413	23755	155	1409
319.417	23756	152	209
319.419	23757	155	1409
319.424	23758	151	1409
319.431	23759	152	209
319.434	23760	154	1409
319.441	23761	154	1409
319.449	23762	154	209
319.451	23763	155	1409
319.459	23764	153	1409
319.466	23765	152	209
319.469	23766	153	1409
319.478	23767	155	1412
319.488	23768	155	1409
319.493	23769	151	209
319.495	23770	153	1409
319.505	23771	154	1409
319.51	23772	151	209
319.515	23773	155	1409
319.522	23774	153	1409
319.53	23775	152	209
319.535	23776	156	1409
319.54	23777	153	1412
319.552	23778	155	1412
319.562	23779	158	1409
319.567	23780	157	209
319.569	23781	159	1409
319.577	23782	160	1412
319.584	23783	161	1409
319.589	23784	160	209
319.596	23786	159	1409
319.6	23787	156	209
319.607	23789	155	1412
319.612	23790	155	1409
319.616	23791	152	209
319.618	23792	153	1409
319.625	23793	153	1409
319.628	23794	150	209
319.63	23795	152	1409
319.639	23796	154	1409
319.645	23797	154	209
319.648	23798	155	1409
319.654	23799	155	1409
319.655	23800	150	209
319.658	23801	151	1409
319.665	23802	152	1409
319.67	23803	151	209
319.672	23804	152	1409
319.68	23805	153	1409
319.685	23806	151	209
319.687	23807	153	1409
319.692	23808	152	1409
319.698	23809	150	209
319.7	23810	153	1409
319.707	23811	152	1409
319.713	23812	152	209
319.722	23814	154	1409
319.728	23815	153	209
319.73	23816	155	1409
319.747	23820	152	1409
319.753	23821	151	209
319.755	23822	152	1409
319.76	23823	150	1409
319.768	23824	152	209
319.77	23825	153	1409
319.778	23826	154	1409
319.783	23827	152	209
319.79	23829	152	1409
319.793	23830	149	209
319.798	23831	153	1409
319.805	23832	153	1412
319.812	23833	154	1412
319.819	23834	155	1409
319.824	23835	154	209
319.827	23836	155	1409
319.834	23837	156	1409
319.839	23838	155	209
319.841	23839	156	1409
319.851	23840	159	1409
319.854	23841	156	209
319.857	23842	157	1409
319.862	23843	156	1409
319.867	23844	155	209
319.874	23845	160	1409
319.877	23846	157	1409
319.882	23847	156	209
319.887	23849	154	1409
319.895	23850	154	209
319.897	23851	156	1409
319.904	23852	157	1409
319.91	23853	156	209
319.915	23855	153	1409
319.918	23856	151	209
319.928	23858	152	1412
319.93	23859	149	1409
319.945	23862	149	1409
319.952	23863	151	1412
319.958	23864	149	212
319.96	23865	150	1412
319.965	23866	149	209
319.967	23867	151	1409
319.975	23868	151	1409
319.98	23869	150	209
319.982	23870	152	1409
319.99	23871	152	1409
319.997	23872	154	1412
320.001	23873	151	209
320.01	23875	152	1409
320.015	23876	152	209
320.018	23877	153	1409
320.025	23878	153	1409
320.028	23879	150	209
320.033	23880	154	1409
320.04	23881	154	1409
320.041	23882	149	209
320.047	23883	155	1409
320.05	23884	151	1409
320.056	23885	150	209
320.063	23887	150	1409
320.066	23888	146	209
320.07	23889	150	1409
320.078	23890	151	1409
320.083	23891	149	209
320.085	23892	152	1409
320.092	23893	152	1412
320.102	23894	156	1409
320.107	23895	154	209
320.11	23896	155	1409
320.115	23897	155	1409
320.124	23898	157	1412
320.129	23899	156	209
320.132	23900	157	1409
320.139	23901	157	1412
320.146	23902	159	1409
320.149	23903	155	209
320.154	23904	159	1409
320.159	23905	158	212
320.167	23907	158	1409
320.172	23908	158	209
320.177	23910	157	1409
320.182	23911	157	209
320.19	23914	154	209
320.193	23915	156	1409
320.2	23916	157	1409
320.2	23917	153	209
320.205	23919	152	1409
320.213	23920	153	1412
320.218	23921	153	209
320.223	23923	152	1409
320.228	23925	151	1409
320.235	23926	153	1409
320.238	23927	149	209
320.241	23928	151	1409
320.247	23929	150	1409
320.251	23930	148	209
320.253	23931	150	1409
320.26	23932	148	1412
320.27	23933	149	1409
320.275	23934	146	209
320.28	23935	149	1409
320.287	23936	148	1409
320.295	23937	148	209
320.297	23938	149	1409
320.307	23939	150	1409
320.312	23940	146	209
320.315	23941	147	1409
320.325	23942	148	1409
320.332	23943	148	209
320.335	23944	149	1409
320.342	23945	148	1409
320.35	23946	146	209
320.352	23947	148	1409
320.364	23948	151	1409
320.374	23949	152	1412
320.381	23950	153	1412
320.386	23951	152	209
320.388	23952	153	1409
320.396	23953	154	1412
320.403	23954	155	1412
320.41	23955	156	1409
320.417	23956	156	1412
320.423	23957	155	209
320.425	23958	157	1409
320.432	23959	157	1412
320.438	23960	156	212
320.442	23961	160	1409
320.45	23962	161	209
320.453	23963	162	1409
320.459	23964	163	1409
320.465	23965	161	209
320.467	23966	163	1409
320.472	23967	162	1409
320.478	23968	160	209
320.48	23969	161	1409
320.49	23971	158	209
320.492	23972	160	1409
320.497	23973	159	1409
320.502	23974	157	209
320.505	23975	158	1409
320.508	23976	155	1409
320.517	23978	157	1409
320.523	23980	150	209
320.528	23981	153	1409
320.536	23983	148	209
320.54	23984	152	1409
320.545	23985	151	1409
320.551	23986	150	209
320.558	23988	150	1409
320.564	23989	148	209
320.566	23990	150	1409
320.571	23991	149	1409
320.576	23992	147	209
320.579	23993	148	1409
320.586	23994	150	1409
320.591	23995	148	209
320.594	23996	149	1409
320.601	23997	151	1409
320.607	23998	149	209
320.609	23999	151	1409
320.614	24000	149	1409
320.617	24001	146	209
320.619	24002	147	1409
320.626	24003	148	1409
320.632	24004	147	209
320.634	24005	148	1409
320.641	24006	149	1409
320.649	24007	150	209
320.652	24008	151	1409
320.659	24009	152	1409
320.662	24010	149	209
320.664	24011	150	1409
320.672	24012	151	1409
320.68	24013	152	209
320.687	24015	152	1409
320.694	24016	153	1412
320.711	24019	156	1409
320.716	24020	155	209
320.719	24021	156	1409
320.724	24022	155	212
320.727	24023	156	1409
320.731	24024	155	1412
320.739	24025	155	209
320.741	24026	157	1409
320.748	24027	158	1412
320.755	24028	158	1409
320.759	24029	155	209
320.761	24030	157	1409
320.775	24032	158	1409
320.783	24033	159	209
320.785	24034	160	1409
320.793	24035	161	1409
320.798	24036	160	209
320.805	24038	160	1409
320.81	24039	158	209
320.813	24040	159	1409
320.818	24041	158	1409
320.823	24042	156	209
320.825	24043	158	1409
320.828	24044	154	1409
320.833	24045	152	209
320.84	24046	158	1409
320.842	24047	155	1409
320.85	24048	156	209
320.853	24049	157	1409
320.857	24050	156	1409
320.861	24051	152	209
320.863	24052	154	1409
320.87	24053	154	1409
320.876	24054	153	209
320.878	24055	155	1409
320.885	24056	155	1409
320.892	24057	156	1412
320.897	24058	155	209
320.905	24060	155	1409
320.913	24062	152	212
320.915	24063	154	1412
320.92	24064	152	1409
320.93	24065	155	1409
320.935	24066	154	209
320.943	24068	153	1409
320.948	24069	153	209
320.95	24070	154	1409
320.955	24071	152	1409
320.963	24072	153	209
320.965	24073	154	1409
320.972	24074	156	1409
320.975	24075	152	209
320.98	24076	155	1409
320.985	24077	155	1412
320.992	24078	155	1409
320.998	24080	154	1409
321.005	24081	156	1409
321.008	24082	154	209
321.013	24084	153	1412
321.02	24085	155	1409
321.023	24086	152	209
321.028	24087	156	1409
321.032	24088	156	1409
321.036	24089	154	209
321.043	24091	155	1409
321.046	24092	153	209
321.048	24093	154	1409
321.053	24094	154	1409
321.056	24095	152	209
321.061	24097	151	1409
321.066	24098	151	209
321.073	24100	152	1409
321.076	24101	148	209
321.078	24102	151	1409
321.084	24103	149	1409
321.091	24104	149	209
321.094	24105	150	1409
321.116	24106	145	1412
321.121	24107	140	212
321.126	24108	144	1409
321.135	24109	143	1412
321.141	24110	139	209
321.143	24111	141	1409
321.153	24112	141	1409
321.163	24113	142	209
321.166	24114	143	1409
321.175	24115	143	1409
321.183	24116	141	209
321.185	24117	143	1409
321.193	24118	143	212
321.195	24119	145	1409
321.201	24120	143	209
321.205	24121	147	1409
321.213	24122	147	1412
321.219	24123	147	1409
321.225	24124	145	209
321.227	24125	147	1409
321.235	24126	147	1409
321.244	24127	150	1412
321.249	24128	148	209
321.252	24129	149	1409
321.261	24130	152	1409
321.269	24131	152	1412
321.276	24132	152	1412
321.281	24133	152	209
321.284	24134	153	1409
321.293	24135	155	1409
321.299	24136	154	209
321.301	24137	155	1409
321.309	24138	156	1409
321.316	24139	156	209
321.318	24140	158	1409
321.326	24141	158	1409
321.333	24142	159	209
321.336	24143	160	1409
321.343	24144	161	1409
321.348	24145	159	209
321.353	24147	156	1409
321.359	24148	154	209
321.361	24149	156	1409
321.371	24151	152	209
321.381	24153	154	1409
321.387	24154	153	209
321.392	24156	150	1409
321.4	24157	151	209
321.402	24158	152	1409
321.407	24159	150	1409
321.412	24160	148	209
321.414	24161	150	1409
321.422	24162	150	1409
321.427	24163	149	209
321.429	24164	150	1409
321.434	24165	148	1409
321.442	24166	148	209
321.444	24167	150	1409
321.452	24168	150	1409
321.457	24169	148	209
321.462	24170	153	1409
321.467	24171	150	1409
321.472	24172	149	209
321.475	24173	150	1409
321.482	24174	151	1409
321.487	24175	149	209
321.492	24176	153	1409
321.499	24177	154	1409
321.505	24178	152	209
321.514	24180	154	1409
321.518	24181	150	209
321.52	24182	152	1409
321.53	24183	154	1409
321.535	24184	153	209
321.548	24187	151	209
321.55	24188	152	1409
321.562	24190	150	1409
321.57	24191	150	209
321.573	24192	151	1412
321.589	24194	152	1409
321.597	24195	152	1412
321.607	24196	155	1409
321.607	24197	149	209
321.612	24198	153	1409
321.618	24199	151	1409
321.625	24200	151	209
321.627	24201	153	1409
321.634	24202	153	1409
321.637	24203	149	209
321.64	24204	150	1409
321.647	24205	151	1409
321.652	24206	149	209
321.655	24207	151	1409
321.664	24208	153	1409
321.667	24209	149	209
321.672	24210	153	1409
321.679	24211	153	1409
321.684	24212	152	209
321.687	24213	153	1409
321.694	24214	154	1409
321.699	24215	152	209
321.702	24216	153	1409
321.709	24217	154	1409
321.714	24218	152	209
321.719	24219	154	1412
321.724	24220	154	1409
321.733	24221	156	1409
321.739	24222	154	209
321.741	24223	156	1409
321.756	24224	157	1412
321.763	24225	159	1412
321.77	24226	158	1412
321.778	24227	159	1409
321.783	24228	157	209
321.793	24230	159	1409
321.8	24231	160	1412
321.808	24232	160	209
321.815	24234	160	1409
321.823	24235	160	209
321.833	24238	158	209
321.841	24241	154	209
321.851	24243	158	1409
321.861	24246	156	1409
321.87	24249	154	1409
321.874	24250	152	209
321.876	24251	153	1409
321.881	24252	152	1409
321.884	24253	150	209
321.889	24254	154	1409
321.893	24255	153	1409
321.896	24256	151	209
321.898	24257	152	1409
321.903	24258	151	1409
321.908	24259	149	209
321.911	24260	150	1409
321.921	24261	151	1409
321.926	24262	148	209
321.928	24263	148	1409
321.938	24264	149	1409
321.946	24265	148	209
321.948	24266	149	1409
321.958	24267	149	1409
321.964	24268	145	209
321.971	24269	151	1409
321.978	24270	149	1409
321.983	24271	145	209
321.991	24272	148	1412
321.998	24273	146	1409
322.008	24274	147	1409
322.015	24275	146	1412
322.026	24276	149	209
322.028	24277	151	1409
322.036	24278	151	1412
322.04	24279	149	1412
322.052	24280	154	1412
322.06	24281	154	1412
322.067	24282	155	1412
322.075	24283	155	212
322.077	24284	157	1412
322.082	24285	155	212
322.085	24286	156	1412
322.092	24287	156	1409
322.099	24288	157	209
322.102	24289	158	1409
322.107	24290	157	1409
322.11	24291	153	209
322.112	24292	154	1409
322.122	24293	157	1409
322.127	24294	155	209
322.129	24295	157	1409
322.137	24296	157	1409
322.145	24297	158	209
322.147	24298	159	1409
322.154	24299	159	1409
322.161	24301	159	1409
322.166	24302	157	1409
322.172	24303	155	209
322.177	24305	152	1409
322.182	24306	151	209
322.184	24307	152	1409
322.192	24308	152	1409
322.199	24309	153	209
322.202	24310	154	1409
322.212	24312	152	209
322.214	24313	153	1409
322.22	24314	151	1409
322.227	24315	152	209
322.237	24317	154	1409
322.24	24318	150	209
322.242	24319	151	1409
322.25	24320	151	1409
322.253	24321	147	209
322.255	24322	149	1409
322.262	24323	149	1409
322.265	24324	145	209
322.268	24325	146	1409
322.272	24326	144	1409
322.356	24327	50	212
322.358	24328	53	1412
322.365	24329	52	1412
322.371	24330	53	1412
322.376	24331	50	209
322.379	24332	52	1409
322.461	24333	52	1409
322.465	24334	51	209
322.468	24335	53	1409
322.475	24336	52	1409
322.48	24337	51	209
322.483	24338	53	1409
322.563	24339	53	1409
322.567	24340	50	209
322.57	24341	52	1409
322.577	24342	52	1409
322.582	24343	50	209
322.585	24344	52	1409
322.591	24345	52	1409
322.6	24346	53	209
322.602	24347	55	1409
322.609	24348	55	1409
322.617	24349	56	209
322.619	24350	57	1409
322.627	24351	58	1409
322.632	24352	56	209
322.637	24353	60	1409
322.644	24354	60	1409
322.65	24355	59	209
322.655	24356	62	1409
322.664	24357	65	1409
322.67	24358	63	209
322.674	24359	67	1409
322.682	24360	68	1409
322.69	24361	69	209
322.692	24362	70	1409
322.699	24363	71	1409
322.707	24364	72	209
322.712	24365	75	1409
322.719	24366	76	1409
322.727	24367	76	209
322.729	24368	78	1409
322.737	24369	78	1409
322.747	24370	82	209
322.75	24371	83	1409
322.756	24372	83	1409
322.764	24373	84	209
322.767	24374	85	1409
322.777	24375	88	1409
322.78	24376	84	209
322.787	24377	90	1409
322.791	24378	88	1409
322.797	24379	87	209
322.799	24380	88	1409
322.809	24381	91	1409
322.814	24382	90	209
322.817	24383	91	1409
322.824	24384	91	1409
322.829	24385	90	209
322.834	24386	94	1409
322.839	24387	91	1409
322.844	24388	90	209
322.849	24389	93	1409
322.857	24390	94	1409
322.862	24391	92	209
322.864	24392	93	1409
322.874	24393	96	1409
322.877	24394	92	209
322.882	24395	96	1409
322.887	24396	94	1409
322.894	24397	95	209
322.899	24398	98	1409
322.906	24399	99	1409
322.911	24400	98	209
322.914	24401	100	1409
322.924	24402	102	1409
322.929	24403	101	209
322.931	24404	102	1409
322.939	24405	103	1409
322.946	24406	103	209
322.949	24407	104	1409
322.956	24408	105	1409
322.962	24409	104	209
322.967	24410	107	1409
322.976	24411	110	1409
322.984	24412	110	209
322.986	24413	112	1409
322.996	24414	114	1409
323.002	24415	113	209
323.006	24416	117	1409
323.014	24417	117	1409
323.022	24418	118	209
323.026	24419	122	1409
323.034	24420	122	1409
323.041	24421	124	209
323.044	24422	125	1409
323.053	24423	128	1409
323.061	24424	129	209
323.063	24425	130	1409
323.073	24426	133	1409
323.079	24427	131	209
323.081	24428	133	1409
323.091	24429	136	1409
323.096	24430	134	209
323.104	24431	140	1409
323.111	24432	140	1409
323.116	24433	139	209
323.119	24434	140	1409
323.126	24435	140	1409
323.131	24436	139	209
323.134	24437	140	1409
323.141	24438	140	1409
323.146	24439	139	209
323.149	24440	140	1409
323.156	24441	140	1409
323.161	24442	140	209
323.166	24443	143	1409
323.171	24444	141	1409
323.176	24445	141	209
323.181	24446	144	1409
323.186	24447	144	1409
323.189	24448	141	209
323.194	24449	145	1409
323.198	24450	144	1409
323.203	24451	144	209
323.206	24452	145	1409
323.213	24453	147	1409
323.218	24454	146	209
323.221	24455	148	1409
323.228	24456	149	1409
323.234	24457	149	209
323.238	24458	153	1409
323.245	24459	154	1409
323.251	24460	154	209
323.253	24461	155	1409
323.26	24462	157	1409
323.263	24463	154	209
323.266	24464	155	1409
323.273	24465	156	1409
323.28	24467	157	1409
323.288	24469	154	209
323.293	24470	156	1409
323.302	24471	157	1409
323.308	24472	153	209
323.313	24473	156	1409
323.321	24474	154	1409
323.331	24475	154	209
323.343	24477	156	1409
323.349	24478	152	209
323.351	24479	153	1409
323.361	24480	153	1409
323.369	24481	151	209
323.379	24483	150	1409
323.389	24484	151	209
323.392	24485	152	1409
323.398	24486	152	1409
323.404	24487	151	209
323.411	24489	149	1409
323.417	24490	148	209
323.426	24492	149	1409
323.432	24493	148	209
323.437	24494	150	1409
323.444	24495	151	1409
323.447	24496	147	209
323.449	24497	148	1409
323.459	24498	151	1409
323.462	24499	146	209
323.467	24500	150	1409
323.475	24501	151	1409
323.48	24502	149	212
323.481	24503	148	209
323.491	24505	150	1412
323.497	24506	149	1409
323.503	24507	148	209
323.508	24508	151	1409
323.515	24509	152	1409
323.518	24510	148	209
323.521	24511	149	1409
323.53	24512	150	1409
323.545	24513	151	1412
323.55	24514	150	209
323.553	24515	151	1409
323.568	24517	149	209
323.58	24518	151	1412
323.592	24519	153	1409
323.599	24520	153	1409
323.607	24521	154	209
323.61	24522	155	1409
323.617	24523	156	1412
323.626	24524	158	1409
323.634	24525	158	1412
323.639	24526	156	209
323.642	24527	156	1409
323.649	24528	155	1409
323.657	24529	155	209
323.659	24530	157	1409
323.664	24531	155	1409
323.674	24533	157	1409
323.684	24534	158	1409
323.689	24535	157	209
323.696	24537	155	1412
323.706	24538	158	1409
323.711	24539	157	209
323.714	24540	158	1409
323.72	24541	158	1409
323.726	24542	157	209
323.735	24544	158	1409
323.739	24545	154	209
323.749	24547	155	1409
323.751	24548	151	209
323.757	24549	155	1409
323.763	24550	155	1409
323.769	24551	153	209
323.771	24552	155	1409
323.781	24553	158	1412
323.788	24554	158	1409
323.791	24555	154	209
323.793	24556	155	1409
323.801	24557	155	1409
323.806	24558	154	209
323.808	24559	155	1409
323.818	24560	156	1409
323.823	24561	155	209
323.831	24563	154	1409
323.838	24564	155	209
323.843	24566	152	1409
323.851	24567	152	209
323.853	24568	153	1409
323.865	24569	159	1409
323.872	24571	158	1409
323.886	24573	156	212
323.903	24578	156	1412
323.918	24580	157	1409
323.919	24581	151	209
323.926	24583	150	1409
323.932	24584	149	209
323.939	24585	155	1409
323.944	24586	152	1412
323.951	24587	152	1412
323.958	24588	153	1409
323.963	24589	151	209
323.966	24590	152	1409
323.973	24591	153	1409
323.978	24592	151	209
323.981	24593	152	1409
323.988	24594	153	1409
323.993	24595	151	209
323.996	24596	153	1409
324.009	24598	151	209
324.011	24599	153	1409
324.018	24600	154	1409
324.024	24601	153	209
324.026	24602	155	1409
324.031	24603	155	1409
324.038	24604	156	1412
324.05	24607	156	1412
324.058	24608	157	1409
324.065	24610	158	1409
324.072	24611	159	1409
324.075	24612	156	209
324.092	24615	157	1412
324.099	24616	158	1409
324.109	24617	157	212
324.114	24618	160	1412
324.122	24619	159	1412
324.129	24620	156	212
324.136	24621	162	1412
324.144	24622	160	1412
324.151	24623	159	209
324.156	24624	162	1409
324.165	24625	162	1409
324.174	24626	160	209
324.181	24628	157	1409
324.191	24629	158	209
324.193	24630	159	1409
324.201	24631	157	1409
324.207	24632	153	209
324.211	24633	156	1409
324.217	24634	152	1412
324.226	24635	155	1409
324.234	24637	154	1409
324.239	24638	152	1409
324.249	24640	154	1409
324.252	24641	149	212
324.261	24643	151	1409
324.267	24644	150	212
324.277	24647	150	1409
324.282	24648	149	209
324.284	24649	150	1409
324.294	24650	153	1409
324.299	24651	151	212
324.302	24652	152	1412
324.305	24653	148	209
324.31	24654	151	1409
324.317	24655	151	1409
324.322	24656	150	209
324.325	24657	151	1409
324.334	24658	154	1409
324.337	24659	150	209
324.34	24660	151	1409
324.347	24661	151	1409
324.352	24662	150	209
324.359	24663	156	1409
324.367	24665	150	209
324.37	24666	151	1409
324.379	24667	153	1409
324.386	24668	153	1412
324.392	24669	151	209
324.394	24670	153	1409
324.404	24671	155	1409
324.406	24672	151	209
324.411	24673	155	1409
324.421	24674	158	1409
324.428	24675	158	209
324.431	24676	159	1409
324.438	24677	159	1409
324.448	24680	159	1409
324.455	24681	160	1409
324.463	24682	160	212
324.463	24683	159	209
324.465	24684	161	1409
324.468	24685	157	1412
324.475	24686	157	1409
324.483	24687	158	209
324.498	24691	156	1409
324.504	24692	155	209
324.506	24693	155	1409
324.516	24694	158	1409
324.521	24695	156	209
324.523	24696	157	1409
324.531	24698	152	209
324.54	24700	153	1409
324.546	24701	151	209
324.548	24702	153	1409
324.561	24704	151	209
324.563	24705	153	1409
324.571	24706	152	1412
324.58	24707	155	1409
324.583	24708	151	209
324.588	24709	155	1409
324.593	24710	152	1409
324.598	24711	151	209
324.603	24712	154	1409
324.61	24713	155	1409
324.615	24714	153	209
324.618	24715	154	1409
324.625	24716	155	1409
324.631	24717	154	209
324.641	24719	154	1409
324.644	24720	150	209
324.648	24721	154	1409
324.654	24722	153	212
324.659	24725	149	209
324.661	24726	150	1409
324.669	24727	150	1409
324.676	24728	151	209
324.684	24730	151	1409
324.692	24732	149	1409
324.701	24733	151	1412
324.707	24734	150	212
324.709	24735	152	1412
324.719	24737	148	209
324.724	24738	151	1409
324.732	24739	152	1409
324.739	24740	152	1412
324.746	24741	153	1412
324.75	24742	149	209
324.754	24743	153	1409
324.762	24744	152	1409
324.769	24745	152	1412
324.775	24746	151	209
324.782	24748	150	1409
324.79	24749	151	209
324.792	24750	152	1409
324.799	24751	153	1409
324.802	24752	149	209
324.805	24753	150	1409
324.812	24754	150	1409
324.817	24755	149	209
324.82	24756	150	1409
324.827	24757	149	1409
324.832	24758	150	209
324.837	24759	153	1409
324.841	24760	152	1409
324.847	24761	152	1412
324.85	24762	149	209
324.852	24763	150	1409
324.859	24764	151	1409
324.864	24765	152	212
324.866	24766	153	1412
324.872	24767	152	209
324.876	24768	156	1409
324.881	24769	156	1409
324.891	24770	156	1412
324.896	24771	156	209
324.898	24772	158	1409
324.901	24773	155	212
324.906	24775	154	209
324.909	24776	155	1409
324.914	24777	155	1409
324.926	24778	156	1412
324.931	24779	157	209
324.934	24780	158	1409
324.94	24781	159	1409
324.946	24782	155	209
324.949	24783	156	1409
324.958	24784	157	1409
324.966	24785	155	209
324.968	24786	156	1409
324.98	24787	159	1409
324.986	24788	155	209
324.988	24789	156	1412
324.996	24790	153	1409
325.008	24791	157	1409
325.016	24792	154	209
325.018	24793	156	1409
325.03	24794	159	1409
325.036	24795	155	209
325.038	24796	156	1409
325.043	24797	154	1409
325.051	24798	155	209
325.053	24799	156	1409
325.061	24800	156	1409
325.066	24801	154	209
325.068	24802	155	1409
325.078	24803	157	1409
325.085	24805	157	1409
325.092	24806	157	1409
325.098	24807	155	209
325.102	24808	159	1409
325.112	24810	155	1412
325.118	24811	153	209
325.12	24812	155	1409
325.13	24813	156	1409
325.135	24814	155	209
325.14	24816	152	1409
325.146	24817	151	209
325.151	24818	154	1409
325.158	24819	154	1409
325.163	24820	153	209
325.165	24821	154	1409
325.178	24823	153	209
325.18	24824	154	1409
325.185	24825	152	1409
325.193	24826	152	209
325.195	24827	153	1409
325.203	24828	153	1409
325.208	24829	152	209
325.21	24830	153	1409
325.218	24831	153	1409
325.221	24832	149	209
325.223	24833	151	1409
325.236	24835	150	209
325.238	24836	151	1409
325.246	24837	151	1409
325.256	24838	154	209
325.258	24839	154	1409
325.263	24840	152	1409
325.271	24841	153	209
325.273	24842	154	1409
325.283	24844	151	209
325.286	24845	152	1409
325.291	24846	151	212
325.297	24848	148	209
325.299	24849	150	1409
325.306	24850	150	1409
325.314	24851	150	1412
325.321	24852	150	209
325.324	24853	151	1409
325.331	24854	151	1409
325.337	24855	150	209
325.339	24856	151	1409
325.346	24857	151	1412
325.355	24858	154	1409
325.359	24859	150	209
325.363	24860	154	1409
325.368	24861	152	1409
325.376	24862	152	209
325.378	24863	154	1409
325.385	24864	154	1412
325.393	24865	154	1409
325.398	24866	152	209
325.403	24867	156	1409
325.41	24868	155	1409
325.415	24869	154	209
325.418	24870	155	1409
325.427	24871	158	1409
325.43	24872	154	209
325.435	24873	157	1409
325.44	24874	155	1409
325.449	24875	158	1412
325.457	24876	159	209
325.46	24877	160	1409
325.468	24879	153	209
325.47	24880	154	1409
325.478	24881	155	1409
325.483	24882	153	209
325.488	24883	157	1409
325.495	24884	158	1412
325.5	24885	156	1409
325.505	24886	153	1412
325.513	24887	154	209
325.52	24889	154	1409
325.526	24890	151	209
325.528	24891	152	1409
325.533	24892	151	1409
325.538	24893	149	209
325.541	24894	150	1409
325.548	24895	151	1409
325.554	24896	149	209
325.556	24897	150	1409
325.563	24898	151	1409
325.569	24899	149	209
325.571	24900	150	1409
325.581	24901	153	1409
325.583	24902	149	209
325.586	24903	150	1409
325.596	24904	152	1409
325.601	24905	151	209
325.603	24906	152	1409
325.611	24907	152	1409
325.614	24908	148	209
325.616	24909	150	1409
325.623	24910	150	1409
325.629	24911	148	209
325.633	24912	152	1409
325.639	24913	150	1409
325.646	24914	151	209
325.648	24915	152	1409
325.656	24916	152	1409
325.661	24917	150	209
325.663	24918	152	1409
325.671	24919	153	1409
325.678	24920	154	1412
325.681	24921	152	209
325.685	24922	156	1409
325.69	24923	155	1409
325.696	24924	154	209
325.698	24925	156	1409
325.705	24926	157	1409
325.706	24927	152	209
325.711	24928	156	1409
325.716	24929	156	1409
325.727	24930	157	1412
325.733	24931	157	209
325.735	24932	159	1409
325.742	24933	160	1409
325.747	24934	160	209
325.752	24936	158	1409
325.757	24937	157	209
325.76	24938	159	1409
325.767	24939	160	1409
325.774	24941	160	1409
325.782	24942	158	1409
325.792	24943	158	209
325.801	24945	157	1409
325.812	24946	158	209
325.814	24947	158	1409
325.826	24948	162	1409
325.834	24949	159	209
325.836	24950	161	1409
325.841	24951	156	1409
325.849	24952	155	209
325.852	24953	155	1409
325.859	24954	154	1409
325.867	24955	152	209
325.872	24956	155	1409
325.882	24957	155	1409
325.887	24958	153	209
325.889	24959	155	1409
325.896	24960	155	1409
325.902	24961	154	209
325.909	24963	153	1409
325.915	24964	151	209
325.917	24965	153	1409
325.924	24966	152	1409
325.929	24967	151	209
325.934	24968	154	1409
325.941	24969	155	1409
325.946	24970	153	209
325.949	24971	154	1409
325.956	24972	155	1409
325.964	24973	155	1412
325.969	24974	154	209
325.971	24975	156	1409
325.978	24976	156	1409
325.984	24977	154	212
325.984	24978	154	209
325.992	24980	153	1409
325.997	24981	151	209
326.002	24982	150	1412
326.014	24983	153	1409
326.021	24984	154	1409
326.029	24985	153	209
326.031	24986	154	1409
326.042	24988	151	209
326.044	24989	153	1409
326.057	24991	151	209
326.059	24992	153	1409
326.066	24993	154	1409
326.072	24994	152	209
326.076	24995	155	1409
326.086	24996	154	1409
326.091	24997	154	209
326.094	24998	155	1409
326.101	24999	155	1409
326.107	25000	154	209
326.114	25001	155	1412
326.128	25003	156	1409
326.134	25004	154	209
326.136	25005	155	1409
326.146	25006	158	1409
326.149	25007	155	209
326.151	25008	157	1409
326.156	25009	154	1409
326.164	25010	155	209
326.168	25011	159	1409
326.175	25012	159	1409
326.18	25013	157	209
326.183	25014	158	1409
326.19	25015	160	1409
326.199	25017	161	1409
326.207	25018	161	1412
326.214	25019	161	1409
326.219	25020	160	209
326.221	25021	161	1409
326.232	25023	158	209
326.234	25024	160	1409
326.24	25025	158	1409
326.247	25026	159	209
326.25	25027	160	1409
326.254	25028	158	1412
326.259	25029	157	1409
326.269	25030	159	1412
326.274	25031	158	209
326.277	25032	159	1409
326.284	25033	159	1409
326.289	25034	158	209
326.297	25036	158	1409
326.3	25037	154	209
326.302	25039	149	1409
326.311	25040	150	209
326.313	25041	151	1409
326.315	25042	148	1409
326.323	25043	148	209
326.325	25044	150	1409
326.335	25045	153	1412
326.343	25046	153	1409
326.348	25047	151	209
326.35	25048	153	1409
326.359	25050	148	209
326.361	25051	150	1409
326.366	25052	147	1409
326.37	25053	144	209
326.372	25054	145	1409
326.379	25055	145	1409
326.382	25056	143	209
326.385	25057	144	1409
326.397	25059	143	212
326.398	25060	142	209
326.402	25061	146	1409
326.41	25062	146	1409
326.415	25063	144	209
326.417	25064	146	1409
326.425	25065	147	1409
326.432	25066	147	1412
326.438	25067	146	209
326.44	25068	147	1409
326.447	25069	147	1409
326.452	25070	146	209
326.454	25071	147	1409
326.462	25072	148	1409
326.467	25073	147	209
326.472	25074	150	1409
326.479	25075	151	1409
326.484	25076	149	209
326.487	25077	150	1409
326.494	25078	150	1409
326.501	25079	152	1412
326.506	25080	150	1412
326.511	25081	150	209
326.513	25082	152	1409
326.52	25083	154	1409
326.525	25084	153	209
326.53	25085	157	1409
326.532	25086	154	1409
326.538	25087	154	209
326.541	25088	156	1409
326.548	25089	157	1409
326.553	25090	158	209
326.558	25091	161	1409
326.562	25092	161	1409
326.569	25093	160	1412
326.575	25094	160	209
326.577	25095	162	1409
326.584	25096	164	1409
326.589	25097	163	209
326.594	25099	162	1409
326.599	25100	162	209
326.602	25101	163	1409
326.609	25102	162	1412
326.624	25104	158	209
326.626	25105	160	1409
326.633	25106	158	1409
326.644	25107	159	209
326.646	25108	161	1409
326.653	25109	159	1409
326.664	25110	159	209
326.666	25111	161	1409
326.676	25112	161	1409
326.686	25114	161	1409
326.693	25115	159	1409
326.698	25116	156	209
326.701	25117	156	1409
326.711	25118	157	1409
326.716	25119	155	209
326.718	25120	157	1409
326.726	25121	158	1409
326.731	25122	156	209
326.733	25123	157	1409
326.738	25124	156	1409
326.743	25125	154	209
326.745	25126	155	1409
326.753	25127	156	1409
326.76	25129	156	1409
326.768	25130	156	1409
326.773	25131	155	209
326.775	25132	156	1409
326.779	25133	152	1409
326.784	25134	151	209
326.786	25135	152	1409
326.793	25136	153	1409
326.801	25137	153	1412
326.804	25138	150	209
326.807	25139	151	1409
326.812	25140	149	1409
326.817	25141	148	209
326.82	25142	150	1409
326.827	25143	150	1412
326.834	25144	150	1409
326.842	25145	151	209
326.849	25147	151	1409
326.855	25148	150	209
326.857	25149	151	1409
326.862	25150	149	1409
326.865	25151	146	209
326.875	25153	148	1409
326.881	25154	146	209
326.885	25156	149	1409
326.898	25158	148	209
326.905	25160	148	1409
326.915	25161	151	209
326.922	25163	150	1409
326.928	25164	149	209
326.93	25165	151	1409
326.937	25166	151	1409
326.945	25167	151	209
326.947	25168	153	1409
326.952	25169	151	1409
326.957	25170	150	209
326.962	25171	153	1409
326.968	25172	152	212
326.97	25173	154	1409
326.975	25174	152	209
326.978	25175	153	1409
326.983	25176	151	1409
326.992	25177	154	209
326.995	25178	155	1409
327	25179	154	1409
327.005	25180	152	209
327.008	25181	154	1409
327.015	25182	154	1409
327.02	25183	152	209
327.022	25184	153	1409
327.029	25185	154	1409
327.032	25186	151	209
327.037	25187	155	1409
327.045	25188	155	1409
327.05	25189	153	209
327.052	25190	154	1409
327.06	25191	155	1412
327.067	25192	155	1409
327.069	25193	152	209
327.072	25194	153	1409
327.081	25195	156	1412
327.088	25196	156	1409
327.094	25197	155	212
327.094	25198	154	209
327.104	25200	156	1412
327.109	25201	155	1409
327.119	25202	157	1412
327.121	25203	153	209
327.124	25204	155	1409
327.134	25205	157	1412
327.139	25206	155	1409
327.144	25207	155	209
327.147	25208	156	1409
327.152	25209	155	1409
327.157	25210	153	209
327.16	25211	154	1409
327.175	25213	155	209
327.18	25215	153	1409
327.183	25216	149	209
327.185	25217	151	1409
327.192	25218	150	1409
327.198	25219	149	209
327.2	25220	151	1409
327.207	25221	151	1409
327.213	25222	150	209
327.215	25223	151	1409
327.225	25225	147	209
327.227	25226	149	1409
327.235	25227	149	1409
327.24	25228	148	209
327.242	25229	150	1409
327.25	25230	150	1409
327.255	25231	148	209
327.258	25232	150	1409
327.267	25233	153	1409
327.27	25234	149	209
327.275	25235	152	1409
327.282	25236	154	1409
327.285	25237	149	209
327.288	25238	151	1409
327.294	25239	151	1409
327.3	25240	150	209
327.305	25241	153	1409
327.309	25242	151	1412
327.315	25243	150	1409
327.322	25244	151	209
327.324	25245	152	1409
327.329	25246	152	1409
327.335	25247	151	209
327.339	25248	155	1409
327.342	25249	152	1409
327.347	25250	153	209
327.35	25251	154	1409
327.359	25252	157	1409
327.362	25253	155	209
327.366	25254	159	1409
327.371	25255	159	1409
327.381	25256	157	1412
327.386	25257	156	1412
327.391	25258	156	209
327.393	25259	158	1409
327.4	25260	159	1409
327.404	25261	157	209
327.408	25263	156	1409
327.414	25264	155	209
327.416	25265	157	1409
327.422	25266	156	1409
327.431	25267	155	1412
327.439	25268	154	209
327.441	25269	156	1409
327.449	25270	154	1409
327.459	25271	155	209
327.461	25272	157	1409
327.469	25273	155	1409
327.474	25274	152	209
327.479	25275	155	1409
327.486	25276	152	1409
327.494	25277	151	209
327.498	25278	155	1409
327.511	25280	150	209
327.516	25281	152	1409
327.526	25282	153	1409
327.534	25283	152	209
327.536	25284	154	1409
327.543	25285	154	1409
327.547	25286	151	209
327.549	25287	152	1409
327.559	25288	155	1409
327.564	25289	153	209
327.566	25290	155	1409
327.571	25291	153	1409
327.574	25292	149	209
327.579	25293	153	1409
327.584	25294	151	1409
327.592	25295	152	209
327.596	25297	149	1409
327.602	25298	148	209
327.612	25300	150	1412
327.619	25301	150	1409
327.624	25302	149	209
327.629	25303	152	1409
327.636	25304	153	1409
327.641	25305	151	209
327.644	25306	153	1409
327.651	25307	154	1409
327.656	25308	152	209
327.659	25309	153	1409
327.666	25310	154	1409
327.669	25311	151	209
327.674	25312	154	1409
327.681	25313	154	1409
327.686	25314	154	209
327.689	25315	155	1409
327.694	25316	153	1409
327.702	25317	154	209
327.709	25319	154	1409
327.714	25320	153	209
327.717	25321	154	1412
327.722	25322	153	1409
327.729	25323	153	1409
327.735	25324	152	209
327.737	25325	154	1409
327.747	25327	151	209
327.75	25328	152	1409
327.755	25329	150	1409
327.763	25330	151	209
327.767	25332	149	1409
327.773	25333	147	209
327.775	25334	149	1409
327.79	25336	150	209
327.792	25337	152	1409
327.797	25338	150	1412
327.805	25339	150	1409
327.81	25340	149	209
327.812	25341	151	1409
327.822	25342	153	1412
327.829	25343	154	1409
327.835	25344	153	209
327.837	25345	154	1409
327.841	25346	152	1409
327.849	25347	154	209
327.852	25348	155	1409
327.859	25349	155	1409
327.864	25350	154	209
327.867	25351	155	1409
327.871	25352	154	1409
327.879	25353	155	209
327.881	25354	156	1409
327.889	25355	156	1409
327.894	25356	156	209
327.896	25357	157	1409
327.906	25358	159	1409
327.909	25359	155	209
327.911	25360	157	1409
327.918	25361	158	1412
327.926	25362	158	1409
327.929	25363	154	209
327.934	25364	158	1409
327.94	25365	159	1409
327.944	25366	155	209
327.953	25368	157	1409
327.96	25369	158	1412
327.968	25370	159	209
327.975	25372	158	1412
327.985	25373	161	1409
327.99	25374	159	209
327.997	25376	159	1409
328.005	25377	160	1412
328.012	25378	161	209
328.017	25380	158	1409
328.025	25382	158	1409
328.032	25383	158	1409
328.035	25384	156	209
328.038	25385	157	1409
328.044	25386	157	1409
328.052	25387	158	209
328.054	25388	159	1409
328.062	25389	160	1409
328.065	25390	156	209
328.072	25392	156	1409
328.077	25393	155	209
328.08	25394	156	1409
328.085	25395	154	1409
328.09	25396	153	209
328.092	25397	154	1409
328.103	25399	151	209
328.105	25400	153	1409
328.112	25401	153	1409
328.113	25402	148	209
328.118	25403	151	1409
328.123	25404	149	1409
328.13	25405	150	209
328.133	25406	151	1409
328.138	25407	150	1409
328.143	25408	149	209
328.145	25409	150	1409
328.152	25410	152	1409
328.16	25411	154	1412
328.163	25412	151	209
328.168	25414	150	1409
328.177	25415	152	1412
328.18	25416	150	209
328.185	25417	153	1409
328.19	25418	153	1409
328.203	25420	151	209
328.208	25421	154	1409
328.212	25422	154	1409
328.222	25423	155	1412
328.225	25424	152	209
328.228	25425	154	1409
328.23	25426	152	212
328.235	25427	155	1409
328.242	25429	157	1409
328.247	25430	157	1409
328.253	25431	156	209
328.263	25433	152	1409
328.273	25434	153	209
328.275	25435	154	1409
328.282	25436	153	1412
328.292	25437	154	1409
328.3	25438	153	209
328.302	25439	153	1409
328.309	25440	152	1412
328.322	25441	155	1409
328.327	25442	152	209
328.332	25443	154	1409
328.342	25444	156	1409
328.35	25445	155	209
328.352	25446	155	1409
328.359	25447	156	1409
328.365	25448	155	209
328.369	25449	159	1409
328.376	25450	159	1412
328.382	25451	158	1409
328.387	25452	156	209
328.389	25453	157	1409
328.394	25454	155	1409
328.399	25455	154	209
328.404	25456	158	1409
328.411	25457	159	1409
328.416	25458	158	1412
328.421	25459	156	209
328.424	25460	157	1409
328.429	25461	155	1409
328.443	25464	156	1409
328.449	25465	154	212
328.449	25466	154	209
328.451	25467	155	1409
328.461	25468	158	1409
328.466	25469	156	209
328.468	25470	158	1409
328.473	25471	156	1412
328.481	25472	157	1409
328.486	25473	155	209
328.488	25474	157	1409
328.495	25475	157	1409
328.501	25476	156	209
328.503	25477	157	1409
328.51	25478	157	1409
328.518	25479	158	209
328.525	25481	158	1409
328.53	25482	157	209
328.533	25483	158	1409
328.537	25484	156	1409
328.543	25485	156	209
328.545	25486	157	1409
328.553	25487	157	1409
328.556	25488	153	209
328.558	25489	155	1409
328.563	25490	154	1409
328.571	25491	155	209
328.578	25493	155	1409
328.586	25495	154	1409
328.588	25496	150	1409
328.594	25497	149	209
328.598	25498	153	1409
328.606	25499	153	1409
328.609	25500	150	209
328.616	25502	150	1409
328.622	25503	148	209
328.624	25504	150	1409
328.631	25505	150	1409
328.636	25506	149	209
328.639	25507	151	1409
328.642	25508	147	212
328.652	25510	148	1409
328.655	25511	146	209
328.658	25512	147	1409
328.665	25513	147	1409
328.67	25514	145	209
328.672	25515	147	1409
328.68	25516	148	1409
328.685	25517	146	209
328.687	25518	148	1409
328.692	25519	146	1409
328.698	25520	145	209
328.702	25521	149	1409
328.708	25522	147	1409
328.713	25523	146	209
328.715	25524	147	1409
328.722	25525	148	1412
328.73	25526	149	1409
328.735	25527	147	209
328.74	25528	150	1409
328.745	25529	149	1409
328.75	25530	148	209
328.752	25531	149	1409
328.76	25532	150	1409
328.762	25533	146	209
328.769	25534	152	1409
328.774	25535	150	1409
328.781	25536	151	1412
328.787	25537	149	212
328.787	25538	149	209
328.794	25539	155	1409
328.801	25540	155	1409
328.807	25541	154	209
328.811	25542	158	1409
328.818	25543	158	1409
328.828	25544	160	1412
328.833	25545	160	209
328.836	25546	161	1409
328.841	25547	159	1409
328.848	25548	160	209
328.851	25550	156	1409
328.863	25551	160	1412
328.866	25552	156	209
328.873	25554	157	1409
328.879	25555	156	209
328.881	25556	157	1409
328.886	25557	155	1409
328.889	25558	152	209
328.892	25559	153	1409
328.901	25560	155	1409
328.909	25562	155	1409
328.915	25563	156	1409
328.919	25564	152	209
328.921	25565	154	1409
328.926	25566	151	1409
328.929	25567	148	209
328.934	25568	152	1409
328.939	25569	150	1409
328.942	25570	147	209
328.946	25571	151	1409
328.953	25572	151	1409
328.959	25573	149	209
328.961	25574	151	1409
328.966	25575	151	1409
328.969	25576	148	209
328.973	25577	152	1409
328.978	25578	151	1409
328.984	25579	151	209
328.986	25580	153	1409
328.993	25581	155	1409
328.996	25582	153	209
328.999	25583	154	1409
329.006	25584	156	1409
329.011	25585	156	209
329.013	25586	157	1409
329.018	25587	156	1409
329.021	25588	153	209
329.031	25589	152	1409
329.038	25590	154	1409
329.043	25591	155	209
329.046	25592	155	1409
329.053	25593	154	1409
329.06	25594	156	1412
329.063	25595	154	209
329.07	25596	158	1409
329.077	25597	157	1409
329.087	25598	158	1412
329.095	25599	156	209
329.099	25600	160	1409
329.109	25601	160	1409
329.117	25602	159	209
329.117	25603	158	212
329.122	25604	161	1409
329.127	25605	157	1409
329.135	25606	157	209
329.137	25607	158	1409
329.147	25608	158	1409
329.152	25609	154	209
329.154	25610	156	1409
329.167	25611	159	1409
329.17	25612	153	209
329.172	25613	154	1409
329.185	25615	154	209
329.187	25616	155	1409
329.192	25617	154	1409
329.197	25618	153	209
329.2	25619	154	1409
329.205	25620	152	1409
329.208	25621	148	209
329.21	25622	150	1409
329.216	25623	149	1409
329.221	25624	148	209
329.223	25625	149	1409
329.231	25626	150	1409
329.234	25627	146	209
329.238	25628	150	1409
329.244	25629	148	1409
329.249	25630	147	209
329.251	25631	148	1409
329.259	25632	149	1409
329.264	25633	148	209
329.266	25634	149	1409
329.277	25636	146	209
329.279	25637	147	1409
329.286	25638	148	1409
329.291	25639	147	209
329.296	25640	150	1409
329.304	25641	152	1409
329.309	25642	150	209
329.311	25643	151	1409
329.319	25644	153	1409
329.323	25645	151	209
329.328	25646	155	1409
329.336	25647	155	1409
329.341	25648	154	209
329.343	25649	156	1409
329.351	25650	156	1409
329.356	25651	155	209
329.358	25652	157	1409
329.365	25653	157	1409
329.369	25654	154	209
329.371	25655	156	1409
329.378	25656	155	1409
329.383	25657	155	209
329.386	25658	157	1409
329.393	25659	156	1412
329.398	25660	156	1409
329.403	25661	154	209
329.406	25662	155	1409
329.413	25663	156	1409
329.418	25664	154	209
329.425	25665	160	1409
329.433	25667	155	209
329.435	25668	156	1409
329.443	25669	157	1409
329.445	25670	154	209
329.457	25672	158	1409
329.464	25674	158	1409
329.472	25675	158	1409
329.475	25676	155	209
329.48	25677	159	1409
329.487	25678	159	1412
329.492	25679	159	1409
329.497	25680	157	209
329.5	25681	158	1409
329.505	25682	158	1409
329.51	25683	156	209
329.517	25685	156	1409
329.521	25686	152	209
329.53	25688	155	1409
329.533	25689	151	209
329.54	25691	151	1409
329.546	25692	149	209
329.548	25693	151	1409
329.558	25694	154	1409
329.558	25695	148	209
329.561	25696	149	1409
329.57	25697	151	1409
329.573	25698	149	209
329.578	25699	152	1409
329.585	25700	152	1409
329.588	25701	149	209
329.59	25702	150	1409
329.597	25703	151	1409
329.603	25704	150	209
329.607	25705	154	1409
329.614	25706	154	1409
329.62	25707	153	209
329.622	25708	155	1409
329.63	25709	156	1409
329.633	25710	152	209
329.635	25711	154	1409
329.644	25712	156	1412
329.649	25713	155	1409
329.655	25714	153	209
329.659	25715	157	1409
329.664	25716	156	1412
329.669	25717	154	212
329.672	25718	156	1409
329.677	25719	154	209
329.68	25720	155	1409
329.687	25721	157	1409
329.694	25722	157	209
329.697	25723	158	1409
329.699	25724	155	1409
329.707	25725	155	209
329.709	25726	157	1409
329.714	25727	156	1409
329.719	25728	154	209
329.724	25729	157	1409
329.729	25730	157	1412
329.736	25731	157	1409
329.739	25732	154	1412
329.746	25733	154	1412
329.751	25734	153	209
329.753	25735	154	1409
329.763	25736	157	1409
329.769	25737	155	209
329.771	25738	157	1409
329.776	25739	156	1409
329.781	25740	154	209
329.786	25741	158	1409
329.793	25742	159	1409
329.799	25743	157	209
329.801	25745	154	1409
329.806	25746	154	209
329.809	25747	155	1409
329.816	25748	158	1409
329.819	25749	155	209
329.826	25751	157	1409
329.827	25752	152	209
329.829	25753	154	1409
329.836	25754	156	1409
329.839	25755	153	209
329.841	25756	155	1409
329.849	25757	156	1409
329.849	25758	152	209
329.852	25759	153	1409
329.857	25760	153	1409
329.862	25761	152	209
329.864	25762	154	1409
329.869	25764	147	209
329.872	25765	149	1409
329.882	25766	152	1409
329.885	25767	147	209
329.892	25768	153	1409
329.899	25769	151	1409
329.907	25770	151	209
329.909	25771	152	1409
329.918	25772	153	1409
329.927	25773	152	209
329.929	25774	153	1409
329.937	25775	152	1409
329.946	25776	153	209
329.948	25777	154	1409
329.956	25778	153	1409
329.962	25779	150	209
329.966	25780	153	1409
329.976	25781	155	1409
329.981	25782	151	209
329.986	25783	154	1409
329.994	25784	153	1409
330.001	25785	152	209
330.006	25786	155	1409
330.018	25788	155	1409
330.024	25789	154	209
330.026	25790	155	1409
330.033	25791	156	1412
330.036	25792	152	1409
330.041	25793	151	209
330.044	25794	152	1409
330.057	25796	152	209
330.059	25797	153	1409
330.066	25798	154	1409
330.071	25799	153	209
330.074	25800	154	1409
330.079	25801	153	1412
330.086	25802	154	1409
330.094	25803	155	209
330.096	25804	156	1409
330.104	25806	151	209
330.106	25807	153	1409
330.114	25808	154	1409
330.119	25809	153	209
330.121	25810	155	1409
330.128	25811	155	1409
330.133	25812	154	209
330.139	25814	152	1409
330.146	25815	150	209
330.149	25816	150	1409
330.161	25817	155	1409
330.166	25818	154	209
330.171	25819	155	1409
330.181	25820	154	1409
330.184	25821	151	209
330.191	25822	155	1409
330.196	25823	153	1409
330.201	25824	150	209
330.209	25825	152	1409
330.221	25826	152	1412
330.228	25827	154	1409
330.231	25828	151	209
330.234	25829	152	1409
330.241	25830	153	1409
330.246	25831	152	209
330.251	25832	155	1409
330.258	25833	156	1409
330.278	25837	156	1409
330.283	25838	155	209
330.29	25840	155	1409
330.294	25841	152	209
330.306	25843	156	1409
330.313	25844	157	1412
330.316	25845	154	209
330.32	25846	158	1409
330.328	25847	158	1409
330.328	25848	153	209
330.331	25849	155	1409
330.333	25850	151	1409
330.341	25851	151	1412
330.348	25852	153	209
330.351	25853	154	1409
330.358	25854	155	1409
330.361	25855	152	209
330.363	25856	153	1409
330.37	25857	154	1409
330.376	25858	153	209
330.378	25859	154	1409
330.386	25861	150	209
330.391	25862	153	1409
330.396	25863	152	1409
330.403	25864	153	209
330.406	25865	154	1409
330.413	25866	155	1409
330.416	25867	152	209
330.418	25868	153	1409
330.425	25869	154	1409
330.431	25870	153	209
330.433	25871	154	1409
330.441	25872	156	1409
330.443	25873	152	209
330.445	25874	153	1409
330.452	25875	154	1409
330.462	25877	157	1409
330.467	25878	155	1409
330.482	25881	155	1412
330.485	25882	152	212
330.49	25883	156	1412
330.495	25884	154	1409
330.504	25885	157	1412
330.508	25886	154	209
330.512	25887	158	1409
330.525	25889	157	1409
330.53	25890	156	209
330.535	25892	154	1409
330.538	25893	150	209
330.542	25894	154	1409
330.547	25895	152	1409
330.553	25896	152	209
330.555	25897	153	1409
330.562	25898	153	1409
330.565	25899	151	209
330.568	25900	152	1409
330.574	25901	153	1409
330.578	25902	149	209
330.582	25903	153	1409
330.587	25904	152	1409
330.592	25905	150	1412
330.598	25906	149	209
330.6	25907	150	1409
330.607	25908	151	1409
330.61	25909	148	209
330.614	25910	152	1409
330.619	25911	150	1409
330.622	25912	148	209
330.624	25913	150	1409
330.632	25914	151	1409
330.635	25915	149	209
330.637	25916	152	1409
330.642	25917	151	1409
330.644	25918	148	209
330.647	25919	150	1409
330.654	25920	152	1409
330.657	25921	151	209
330.659	25922	152	1409
330.665	25923	152	212
330.667	25924	153	1409
330.67	25925	151	209
330.672	25926	152	1409
330.684	25927	152	212
330.687	25928	154	1412
330.692	25929	154	1409
330.697	25930	154	209
330.704	25932	156	1409
330.716	25935	154	1409
330.726	25936	152	1412
330.732	25937	149	209
330.736	25938	153	1409
330.746	25939	154	1412
330.754	25940	153	1409
330.764	25941	154	209
330.766	25942	156	1409
330.774	25943	155	1409
330.781	25944	154	209
330.784	25945	156	1409
330.791	25946	154	1409
330.799	25947	154	209
330.804	25948	157	1409
330.814	25949	158	1409
330.817	25950	153	209
330.824	25952	151	1409
330.832	25953	150	209
330.834	25954	151	1409
330.842	25955	152	1409
330.847	25956	152	209
330.849	25957	153	1409
330.855	25958	151	1409
330.857	25959	148	209
330.865	25961	149	1409
330.87	25962	147	209
330.873	25963	149	1409
330.878	25964	147	1409
330.883	25965	147	209
330.888	25966	150	1409
330.895	25967	150	1409
330.898	25968	148	209
330.9	25969	149	1409
330.908	25970	151	1412
330.913	25971	148	1409
330.918	25972	148	212
330.926	25974	148	209
330.928	25975	149	1409
330.935	25976	150	1409
330.941	25977	149	209
330.943	25978	150	1409
330.948	25979	149	1409
330.956	25980	150	209
330.958	25981	152	1409
330.965	25982	153	1409
330.966	25983	147	209
330.973	25984	153	1409
330.98	25985	154	1409
330.986	25986	153	209
330.988	25987	154	1409
330.998	25989	152	209
331.001	25990	154	1409
331.007	25991	154	1409
331.013	25992	154	209
331.02	25994	153	1409
331.026	25995	152	209
331.028	25996	154	1412
331.035	25997	155	1409
331.042	25998	155	1409
331.045	25999	152	209
331.05	26000	156	1409
331.057	26001	157	1409
331.06	26002	153	209
331.063	26003	155	1409
331.077	26005	156	1412
331.083	26006	155	209
331.085	26007	156	1409
331.09	26008	155	1409
331.095	26009	155	209
331.098	26010	156	1409
331.105	26011	156	1409
331.108	26012	154	209
331.117	26014	156	1409
331.123	26015	154	209
331.125	26016	155	1409
331.132	26017	156	1409
331.137	26018	156	1412
331.152	26021	156	1409
331.155	26022	153	209
331.158	26023	155	1409
331.167	26024	157	1409
331.174	26026	158	1409
331.181	26027	159	1409
331.184	26028	155	209
331.186	26029	156	1409
331.189	26030	153	1409
331.194	26031	152	209
331.197	26032	154	1409
331.207	26033	156	1412
331.212	26034	155	1409
331.217	26035	154	209
331.219	26036	155	1409
331.227	26037	156	1409
331.234	26038	157	1412
331.239	26039	156	209
331.241	26040	158	1409
331.246	26041	156	1409
331.251	26042	155	209
331.254	26043	156	1409
331.26	26044	157	1409
331.266	26045	156	209
331.271	26046	159	1409
331.278	26047	160	1409
331.285	26049	161	1409
331.298	26051	160	1409
331.303	26052	159	209
331.305	26053	161	1409
331.312	26054	161	1409
331.315	26055	158	209
331.318	26056	159	1409
331.323	26057	158	1409
331.33	26058	158	1412
331.333	26059	155	209
331.34	26061	156	1409
331.348	26062	157	209
331.353	26064	154	1409
331.358	26065	154	212
331.363	26066	157	1412
331.37	26068	157	1409
331.376	26069	156	1409
331.381	26071	154	209
331.386	26073	151	1409
331.391	26074	150	209
331.393	26075	152	1409
331.401	26076	153	1409
331.406	26077	151	209
331.408	26078	153	1409
331.415	26079	154	1409
331.418	26080	151	209
331.421	26081	152	1409
331.426	26082	150	1409
331.433	26083	152	209
331.435	26084	153	1409
331.443	26085	155	1409
331.448	26086	153	209
331.45	26087	154	1409
331.456	26088	153	1409
331.461	26089	152	209
331.463	26090	154	1409
331.47	26091	156	1409
331.471	26092	152	209
331.473	26093	153	1409
331.476	26094	151	1409
331.481	26095	151	209
331.483	26096	152	1409
331.489	26097	152	212
331.491	26098	154	1409
331.492	26099	149	209
331.494	26100	151	1409
331.501	26101	153	1412
331.506	26102	153	1409
331.509	26103	150	209
331.513	26104	154	1409
331.518	26105	153	1409
331.523	26106	154	209
331.53	26108	155	1409
331.535	26109	155	209
331.54	26110	156	1409
331.548	26111	157	1412
331.559	26113	156	1412
331.565	26114	156	209
331.57	26116	156	1409
331.578	26117	155	212
331.578	26118	155	209
331.583	26119	158	1409
331.59	26120	157	212
331.592	26121	158	1409
331.6	26122	157	1412
331.608	26123	156	209
331.612	26124	160	1409
331.62	26125	159	1409
331.623	26126	153	209
331.633	26128	153	1409
331.638	26129	150	209
331.643	26130	153	1409
331.65	26131	153	1409
331.656	26132	149	209
331.66	26133	153	1409
331.668	26134	152	1409
331.673	26135	151	209
331.68	26137	151	1409
331.686	26138	149	209
331.688	26139	151	1409
331.695	26140	152	1409
331.698	26141	149	209
331.703	26142	153	1409
331.71	26143	153	1409
331.715	26144	152	209
331.718	26145	154	1409
331.728	26147	152	209
331.731	26148	153	1409
331.736	26149	151	1412
331.743	26150	152	1409
331.746	26151	150	209
331.759	26154	148	1412
331.766	26155	150	209
331.771	26156	154	1409
331.778	26157	154	1412
331.789	26159	152	209
331.791	26160	153	1409
331.798	26161	154	1409
331.804	26162	153	209
331.806	26163	154	1409
331.811	26164	153	1409
331.814	26165	150	209
331.821	26167	150	1409
331.827	26168	149	209
331.829	26169	150	1409
331.836	26170	151	1412
331.843	26171	152	1409
331.849	26172	151	209
331.851	26173	152	1409
331.856	26174	152	1409
331.861	26175	150	209
331.864	26176	152	1409
331.867	26177	148	1409
331.872	26178	147	209
331.879	26179	153	1409
331.884	26180	152	1412
331.891	26181	153	1409
331.897	26182	152	209
331.904	26184	152	1409
331.909	26185	150	209
331.911	26186	152	1409
331.916	26187	151	1409
331.921	26188	150	209
331.926	26189	154	1409
331.936	26190	156	1412
331.944	26192	153	209
331.951	26194	152	1409
331.956	26195	151	209
331.959	26196	152	1409
331.964	26197	152	1412
331.971	26198	153	1412
331.979	26199	153	1409
331.984	26200	153	209
331.989	26201	156	1409
331.994	26202	155	1409
331.999	26203	153	1412
332.004	26204	152	209
332.006	26205	153	1409
332.016	26207	151	209
332.019	26208	152	1409
332.026	26209	153	1412
332.031	26210	152	1409
332.036	26211	150	209
332.04	26212	154	1409
332.048	26213	155	1409
332.053	26214	155	209
332.055	26215	156	1409
332.063	26216	157	1409
332.068	26217	155	209
332.07	26218	157	1409
332.075	26219	156	1409
332.08	26220	155	209
332.083	26221	156	1409
332.09	26222	157	1409
332.097	26223	158	209
332.1	26224	159	1409
332.105	26225	158	1409
332.11	26226	156	209
332.112	26227	159	1409
332.12	26228	159	1412
332.126	26229	160	1409
332.132	26230	159	209
332.134	26231	161	1409
332.139	26232	159	1409
332.142	26233	156	209
332.147	26234	159	1409
332.155	26236	154	1412
332.164	26237	158	1412
332.167	26238	155	209
332.17	26239	156	1409
332.177	26240	156	1409
332.18	26241	153	209
332.189	26243	156	1409
332.195	26244	155	209
332.2	26246	152	1409
332.205	26247	151	209
332.207	26248	153	1409
332.215	26249	154	1409
332.222	26250	154	1412
332.229	26252	155	1409
332.232	26253	151	1409
332.237	26254	150	209
332.24	26255	151	1409
332.247	26256	152	1409
332.252	26257	152	209
332.257	26258	155	1409
332.262	26259	153	1409
332.269	26260	155	209
332.272	26261	156	1409
332.275	26262	153	1409
332.277	26263	150	209
332.282	26264	153	1409
332.289	26265	154	1409
332.295	26266	154	209
332.297	26267	155	1409
332.302	26268	155	1409
332.305	26269	153	209
332.307	26270	155	1409
332.31	26271	153	1409
332.315	26272	152	209
332.317	26273	155	1409
332.322	26274	155	1409
332.323	26275	151	209
332.328	26277	150	1409
332.331	26278	147	209
332.333	26279	149	1409
332.338	26280	148	1409
332.346	26281	149	209
332.348	26282	151	1409
332.358	26283	153	1412
332.365	26284	155	1409
332.365	26285	151	209
332.374	26287	155	1409
332.38	26288	153	209
332.392	26290	152	1412
332.399	26291	152	1409
332.409	26292	154	1412
332.416	26293	152	209
332.419	26294	154	1409
332.431	26295	156	1409
332.437	26296	154	212
332.437	26297	154	209
332.439	26298	155	1409
332.451	26299	158	1409
332.457	26300	155	209
332.459	26301	155	1409
332.474	26303	155	209
332.477	26304	155	1409
332.49	26306	151	209
332.492	26307	152	1409
332.499	26308	152	1409
332.509	26309	155	209
332.517	26311	155	1409
332.52	26312	152	209
332.529	26314	154	1409
332.536	26315	155	1412
332.541	26316	154	209
332.543	26317	155	1409
332.551	26318	157	1409
332.563	26321	155	1409
332.569	26322	154	209
332.571	26323	156	1409
332.578	26324	156	1409
332.584	26325	155	1412
332.589	26326	155	209
332.591	26327	156	1409
332.596	26328	154	1412
332.604	26329	155	1409
332.607	26330	152	209
332.609	26331	154	1409
332.616	26332	154	1409
332.624	26333	155	209
332.626	26334	156	1409
332.634	26336	153	209
332.636	26337	154	1409
332.642	26338	152	1409
332.644	26339	149	209
332.647	26340	150	1409
332.652	26341	149	1409
332.654	26342	145	209
332.657	26343	146	1409
332.662	26344	145	1409
332.664	26345	142	209
332.667	26346	143	1409
332.754	26347	53	1412
332.759	26348	53	1412
332.765	26349	53	1412
332.771	26350	53	1412
332.776	26351	51	212
332.856	26352	52	1412
332.862	26353	52	1412
332.868	26354	52	1409
332.873	26355	50	209
332.876	26356	52	1409
332.959	26357	52	1409
332.963	26358	50	209
332.966	26359	52	1409
332.972	26360	52	1409
332.976	26361	50	209
332.981	26362	54	1409
332.991	26363	57	1409
332.996	26364	56	209
332.998	26365	58	1409
333.005	26366	59	1409
333.013	26367	60	209
333.015	26368	61	1409
333.023	26369	63	1409
333.028	26370	62	209
333.031	26371	63	1409
333.04	26372	67	1409
333.046	26373	65	209
333.048	26374	67	1409
333.058	26375	71	1409
333.063	26376	70	209
333.065	26377	71	1409
333.073	26378	72	1409
333.081	26379	73	209
333.083	26380	74	1409
333.09	26381	76	1409
333.096	26382	76	209
333.098	26383	77	1409
333.105	26384	80	1409
333.111	26385	80	209
333.113	26386	81	1409
333.12	26387	84	1409
333.126	26388	84	209
333.128	26389	85	1409
333.133	26390	85	1409
333.136	26391	83	209
333.14	26392	87	1409
333.145	26393	87	1409
333.148	26394	85	209
333.151	26395	86	1409
333.157	26396	88	1409
333.163	26397	89	209
333.165	26398	91	1409
333.17	26399	91	1409
333.175	26400	90	209
333.178	26401	92	1409
333.183	26402	92	1409
333.185	26403	90	209
333.188	26404	91	1409
333.195	26405	94	1409
333.198	26406	92	209
333.203	26407	95	1409
333.208	26408	95	1409
333.21	26409	93	209
333.215	26410	97	1409
333.223	26411	95	1409
333.228	26412	92	209
333.23	26413	93	1409
333.242	26414	97	1409
333.248	26415	95	209
333.25	26416	95	1409
333.263	26417	99	1409
333.268	26418	95	209
333.27	26419	96	1409
333.28	26420	98	1409
333.288	26421	97	209
333.29	26422	99	1409
333.298	26423	98	1409
333.308	26424	99	209
333.312	26425	103	1409
333.32	26426	102	1409
333.325	26427	101	209
333.33	26428	105	1409
333.34	26429	108	1409
333.343	26430	105	209
333.347	26431	109	1409
333.355	26432	109	1409
333.363	26433	111	209
333.365	26434	113	1409
333.372	26435	113	1409
333.378	26436	112	209
333.38	26437	115	1409
333.39	26438	117	1409
333.395	26439	116	209
333.397	26440	118	1409
333.405	26441	119	1409
333.415	26442	122	209
333.417	26443	125	1409
333.422	26444	123	1409
333.428	26445	122	209
333.432	26446	126	1409
333.437	26447	125	1409
333.442	26448	124	209
333.444	26449	125	1409
333.452	26450	127	1409
333.457	26451	125	209
333.459	26452	126	1409
333.465	26453	125	1409
333.47	26454	124	209
333.472	26455	126	1409
333.479	26456	127	1409
333.485	26457	126	209
333.487	26458	128	1409
333.494	26459	129	1409
333.497	26460	125	209
333.502	26461	129	1409
333.507	26462	128	1409
333.512	26463	127	209
333.517	26464	131	1409
333.524	26465	132	1409
333.527	26466	129	209
333.53	26467	130	1409
333.539	26468	133	1409
333.545	26469	132	209
333.547	26470	133	1409
333.552	26471	132	1409
333.557	26472	132	209
333.562	26473	135	1409
333.567	26474	134	1409
333.575	26475	135	209
333.577	26476	137	1409
333.584	26477	138	1409
333.59	26478	137	209
333.594	26479	141	1409
333.602	26480	142	1409
333.605	26481	139	209
333.609	26482	143	1409
333.617	26483	144	1409
333.622	26484	142	209
333.624	26485	144	1409
333.632	26486	145	1409
333.637	26487	144	209
333.639	26488	146	1409
333.647	26489	147	1409
333.652	26490	146	209
333.654	26491	148	1409
333.662	26492	149	1409
333.667	26493	147	209
333.67	26494	149	1409
333.677	26495	150	1409
333.682	26496	149	209
333.687	26497	154	1409
333.689	26498	150	1409
333.695	26499	149	209
333.707	26501	153	1409
333.71	26502	151	209
333.715	26503	154	1409
333.722	26504	155	1409
333.734	26507	154	1409
333.737	26508	151	209
333.74	26509	153	1409
333.746	26510	153	1409
333.754	26512	154	1409
333.759	26513	152	1409
333.765	26514	152	209
333.774	26516	155	1409
333.78	26517	153	209
333.782	26518	154	1409
333.787	26519	153	1409
333.792	26520	153	209
333.794	26521	154	1409
333.799	26522	153	1409
333.805	26523	152	209
333.807	26524	154	1409
333.812	26525	153	1409
333.817	26526	151	209
333.822	26527	154	1409
333.83	26529	150	209
333.834	26530	154	1409
333.839	26531	153	1409
333.842	26532	150	209
333.847	26533	153	1409
333.854	26534	154	1409
333.857	26535	151	209
333.865	26537	151	1409
333.87	26538	151	209
333.872	26539	152	1409
333.88	26540	153	1409
333.885	26541	153	209
333.887	26542	154	1409
333.892	26543	151	1409
333.897	26544	151	209
333.9	26545	152	1409
333.905	26546	151	1409
333.912	26547	152	1412
333.917	26548	152	209
333.92	26549	153	1409
333.929	26550	156	1409
333.937	26551	153	212
333.939	26552	156	1412
333.945	26553	154	209
333.947	26554	155	1409
333.954	26555	156	1409
333.959	26556	155	212
333.961	26558	156	1409
333.966	26559	154	1409
333.974	26560	155	209
333.981	26561	157	1412
333.988	26562	158	1409
333.996	26563	159	1409
333.999	26564	156	209
334.001	26565	157	1409
334.008	26566	160	1409
334.011	26567	157	209
334.016	26569	157	1409
334.017	26570	152	209
334.019	26571	155	1409
334.026	26572	156	1409
334.032	26573	157	209
334.034	26575	154	1412
334.039	26576	153	1409
334.042	26577	152	209
334.044	26578	153	1409
334.049	26579	153	1409
334.052	26580	151	209
334.055	26581	153	1409
334.057	26582	151	1409
334.062	26583	151	209
334.065	26584	150	1412
334.072	26585	151	1409
334.076	26586	152	1409
334.082	26587	152	209
334.084	26588	153	1409
334.089	26589	153	1409
334.089	26590	149	209
334.092	26591	150	1409
334.097	26592	150	1409
334.102	26593	150	209
334.104	26594	152	1409
334.112	26595	151	1409
334.117	26596	147	209
334.119	26597	149	1409
334.126	26598	148	1409
334.132	26599	146	209
334.137	26600	148	1409
334.144	26601	148	1409
334.148	26602	143	209
334.155	26603	148	1409
334.16	26604	145	212
334.162	26605	147	1409
334.168	26606	144	209
334.175	26607	150	1409
334.182	26608	149	1409
334.19	26609	149	209
334.193	26610	150	1409
334.203	26611	151	1409
334.208	26612	150	209
334.21	26613	152	1409
334.215	26614	150	1409
334.224	26615	154	1412
334.232	26617	154	1409
334.241	26618	156	1412
334.248	26619	157	1409
334.254	26620	157	209
334.258	26621	161	1409
334.265	26622	162	1409
334.268	26623	158	209
334.271	26624	160	1409
334.28	26625	162	1409
334.285	26626	162	209
334.287	26627	163	1409
334.295	26628	164	1409
334.298	26629	161	209
334.302	26630	165	1409
334.307	26631	163	1409
334.312	26632	162	209
334.314	26633	164	1409
334.322	26634	165	1409
334.327	26635	163	209
334.329	26636	165	1409
334.334	26637	164	1409
334.337	26638	161	209
334.342	26639	164	1409
334.344	26640	161	1409
334.352	26642	161	1409
334.36	26644	157	209
334.362	26645	159	1409
334.369	26646	160	1409
334.372	26647	157	209
334.38	26649	157	1409
334.383	26650	154	209
334.39	26652	154	1409
334.395	26653	154	209
334.4	26655	152	1409
334.406	26656	151	209
334.408	26657	152	1409
334.413	26658	151	1409
334.416	26659	148	209
334.418	26660	151	1409
334.423	26661	149	1409
334.428	26662	149	209
334.431	26664	145	212
334.436	26665	148	1409
334.439	26666	146	209
334.449	26668	148	1409
334.452	26669	146	209
334.454	26670	147	1409
334.461	26671	148	1409
334.465	26672	145	209
334.472	26674	146	1409
334.478	26675	145	209
334.48	26676	147	1409
334.485	26677	146	1409
334.49	26678	145	209
334.493	26679	146	1409
334.498	26680	145	1409
334.503	26681	145	209
334.505	26682	146	1409
334.51	26683	145	1409
334.516	26684	144	209
334.518	26685	146	1409
334.523	26686	145	1409
334.528	26687	144	209
334.531	26688	145	1409
334.538	26689	147	1409
334.543	26690	146	209
334.545	26691	147	1409
334.551	26692	146	212
334.555	26693	150	1409
334.563	26695	146	209
334.566	26696	148	1409
334.573	26697	149	1409
334.58	26698	151	209
334.583	26699	152	1412
334.59	26700	153	1409
334.597	26701	155	1412
334.604	26702	156	1409
334.612	26703	157	1412
334.617	26704	156	209
334.619	26705	158	1409
334.626	26706	159	1409
334.632	26707	158	209
334.634	26708	160	1409
334.641	26709	160	1409
334.648	26710	161	1412
334.656	26712	162	1409
334.663	26713	163	1412
334.67	26714	165	1409
334.675	26715	164	209
334.682	26717	164	1409
334.689	26718	165	1412
334.69	26719	160	209
334.693	26720	161	1409
334.7	26721	162	1409
334.703	26722	159	209
334.705	26723	161	1409
334.71	26724	160	1409
334.715	26725	159	209
334.717	26726	160	1409
334.72	26727	157	1409
334.725	26728	156	209
334.728	26729	157	1409
334.733	26730	156	1409
334.74	26731	158	209
334.743	26732	159	1409
334.746	26733	156	1409
334.746	26734	151	209
334.761	26737	153	209
334.763	26738	154	1409
334.767	26739	151	1412
334.775	26741	147	209
334.779	26742	151	1409
334.787	26744	147	209
334.798	26747	144	209
334.803	26748	148	1409
334.809	26749	149	1409
334.813	26750	146	209
334.817	26752	144	1409
334.82	26753	142	209
334.823	26754	144	1409
334.83	26755	146	1409
334.832	26756	144	209
334.835	26757	146	1409
334.842	26758	149	1409
334.847	26759	149	209
334.85	26760	150	1409
334.857	26761	153	1409
334.857	26762	149	212
334.858	26763	148	209
334.863	26765	147	1409
334.868	26766	148	209
334.878	26768	146	1412
334.885	26769	149	1409
334.885	26770	144	209
334.888	26771	145	1409
334.895	26772	148	1409
334.898	26773	147	209
334.903	26774	150	1409
334.907	26775	150	1409
334.91	26776	148	209
334.912	26777	149	1409
334.917	26778	150	1409
334.922	26779	150	209
334.925	26780	151	1409
334.932	26781	150	1409
334.94	26782	150	209
334.942	26783	150	1409
334.949	26784	150	1409
334.957	26785	149	209
334.959	26786	150	1409
334.969	26787	152	1412
334.976	26788	151	1412
334.983	26789	151	1412
334.995	26790	154	1412
335.002	26791	153	1412
335.014	26792	158	1412
335.022	26793	157	1409
335.031	26794	159	1412
335.037	26795	158	209
335.039	26796	160	1409
335.047	26797	161	1409
335.054	26798	163	209
335.057	26799	164	1409
335.062	26800	163	1409
335.064	26801	160	209
335.067	26802	161	1409
335.074	26803	163	1409
335.084	26806	160	1409
335.089	26807	159	1412
335.096	26808	160	1409
335.101	26809	159	209
335.104	26810	160	1409
335.107	26812	152	209
335.112	26813	155	1409
335.117	26814	154	1409
335.122	26815	154	209
335.124	26816	155	1409
335.129	26817	154	1409
335.13	26818	149	209
335.132	26819	150	1409
335.137	26820	149	1409
335.142	26821	148	209
335.145	26822	149	1409
335.152	26823	151	1409
335.155	26824	148	209
335.158	26825	150	1409
335.162	26826	149	1409
335.168	26827	148	209
335.173	26828	152	1409
335.18	26829	153	1409
335.181	26830	148	209
335.183	26831	150	1409
335.188	26832	148	1409
335.193	26833	147	209
335.203	26835	150	1409
335.208	26836	149	209
335.21	26837	151	1409
335.218	26838	152	1409
335.225	26840	152	1409
335.232	26841	154	1409
335.238	26842	153	209
335.24	26843	154	1409
335.245	26844	153	1409
335.25	26845	153	209
335.253	26846	154	1409
335.257	26847	153	1409
335.263	26848	152	209
335.265	26849	154	1409
335.27	26850	152	1409
335.275	26851	152	209
335.277	26852	153	1409
335.284	26853	154	1409
335.292	26854	155	1412
335.297	26855	155	212
335.297	26856	154	209
335.3	26857	156	1409
335.305	26858	154	1409
335.31	26859	154	209
335.312	26860	155	1412
335.32	26861	156	1409
335.325	26862	155	1409
335.33	26863	154	209
335.332	26864	156	1409
335.335	26865	152	1409
335.338	26866	149	209
335.34	26867	152	1409
335.347	26868	153	1409
335.355	26869	154	209
335.359	26870	158	1409
335.364	26871	156	1409
335.37	26872	156	209
335.372	26873	157	1409
335.377	26874	156	1409
335.38	26875	153	209
335.385	26876	157	1409
335.393	26878	153	209
335.4	26880	153	1409
335.407	26881	155	1412
335.412	26882	154	209
335.42	26884	154	1409
335.423	26885	151	209
335.427	26886	155	1409
335.433	26888	153	1409
335.438	26889	152	209
335.44	26890	153	1409
335.445	26891	153	1409
335.45	26892	152	209
335.455	26893	155	1409
335.458	26894	152	1409
335.465	26896	152	1409
335.472	26897	154	1409
335.478	26898	153	209
335.48	26899	154	1409
335.485	26900	154	1409
335.49	26901	153	209
335.492	26902	154	1409
335.498	26903	153	1409
335.503	26904	152	209
335.505	26905	155	1409
335.51	26906	154	1409
335.513	26907	150	209
335.516	26908	152	1409
335.523	26909	153	1409
335.528	26910	153	209
335.535	26912	153	1409
335.54	26913	152	209
335.543	26914	153	1409
335.55	26915	155	1409
335.555	26916	154	209
335.557	26917	155	1409
335.562	26918	153	1409
335.567	26919	153	209
335.57	26920	154	1409
335.575	26921	153	1409
335.58	26922	152	209
335.582	26923	154	1409
335.585	26924	150	1409
335.595	26925	154	209
335.597	26926	156	1409
335.604	26927	157	1412
335.61	26928	156	1412
335.616	26929	157	1409
335.62	26930	154	209
335.622	26931	156	1409
335.63	26932	157	1412
335.637	26933	158	1409
335.64	26934	155	212
335.64	26935	155	209
335.648	26937	155	1409
335.653	26938	154	209
335.655	26939	155	1409
335.663	26941	154	209
335.665	26942	155	1409
335.668	26943	153	212
335.67	26944	155	1409
335.673	26945	153	209
335.675	26946	154	1409
335.68	26947	154	1409
335.683	26948	152	209
335.685	26949	155	1409
335.69	26950	155	1409
335.693	26951	152	209
335.695	26952	154	1409
335.697	26953	152	1409
335.703	26954	152	209
335.705	26955	154	1409
335.711	26957	149	209
335.713	26958	151	1409
335.718	26959	151	1409
335.72	26960	149	209
335.723	26961	150	1409
335.73	26962	153	1409
335.737	26963	152	1412
335.74	26964	151	209
335.745	26965	154	1409
335.75	26966	154	1409
335.755	26967	154	209
335.757	26968	155	1409
335.765	26969	155	1409
335.77	26970	153	209
335.775	26971	156	1409
335.782	26972	155	1409
335.787	26973	153	209
335.79	26974	154	1409
335.799	26975	155	1409
335.805	26976	153	209
335.809	26977	156	1409
335.819	26978	158	1409
335.826	26979	157	209
335.829	26980	158	1409
335.838	26981	160	1409
335.842	26982	155	209
335.851	26984	156	1409
335.861	26985	157	1412
335.866	26986	157	209
335.869	26987	158	1409
335.874	26988	157	1412
335.876	26989	154	1409
335.882	26990	153	209
335.886	26991	157	1409
335.891	26992	156	1409
335.899	26993	157	209
335.901	26994	158	1409
335.903	26995	155	1409
335.911	26996	156	209
335.913	26997	158	1409
335.921	26998	159	1412
335.926	26999	158	1409
335.929	27000	155	209
335.936	27002	155	1409
335.939	27003	152	209
335.943	27004	156	1409
335.948	27005	155	1409
335.955	27006	156	209
335.958	27007	157	1409
335.966	27009	153	209
335.968	27010	156	1409
335.975	27011	157	1409
335.979	27012	154	209
335.983	27013	158	1409
335.988	27014	157	1409
335.993	27015	156	209
336.001	27017	156	1409
336.006	27018	155	209
336.008	27019	157	1409
336.014	27021	150	209
336.018	27022	154	1409
336.023	27023	153	1409
336.029	27024	152	209
336.036	27026	153	1409
336.041	27027	152	209
336.044	27028	154	1409
336.049	27029	153	1409
336.056	27030	154	1412
336.063	27032	154	1409
336.07	27033	156	1409
336.076	27034	155	209
336.078	27035	156	1409
336.081	27036	153	1409
336.086	27037	152	209
336.088	27038	153	1409
336.095	27039	155	1409
336.101	27040	154	209
336.103	27041	155	1409
336.106	27042	152	1409
336.111	27043	152	209
336.114	27044	153	1409
336.121	27045	155	1409
336.124	27046	152	209
336.126	27047	154	1409
336.133	27048	155	1409
336.139	27049	154	209
336.144	27051	152	1412
336.151	27052	153	1409
336.159	27054	154	1409
336.164	27055	153	1409
336.169	27056	152	1412
336.174	27057	151	209
336.176	27058	153	1409
336.181	27059	152	1409
336.186	27060	151	209
336.189	27061	152	1409
336.194	27062	151	1409
336.197	27063	148	209
336.199	27064	150	1409
336.204	27065	150	1412
336.211	27066	151	1409
336.219	27067	152	1412
336.224	27068	151	209
336.228	27069	155	1409
336.234	27070	154	1409
336.239	27071	153	209
336.241	27072	155	1412
336.246	27073	154	1409
336.256	27074	157	1409
336.261	27075	157	209
336.266	27077	155	1409
336.271	27078	154	212
336.274	27080	154	1409
336.278	27081	154	1409
336.284	27082	153	209
336.286	27083	154	1409
336.293	27084	155	1409
336.298	27085	155	209
336.301	27086	156	1409
336.308	27087	157	1409
336.313	27088	157	209
336.316	27089	158	1409
336.32	27090	157	1409
336.326	27091	156	209
336.328	27092	157	1409
336.332	27093	156	1409
336.338	27094	155	209
336.34	27095	157	1409
336.345	27096	156	1409
336.352	27097	157	1412
336.358	27098	156	209
336.36	27099	159	1409
336.362	27100	155	1409
336.366	27101	152	212
336.366	27102	152	209
336.371	27103	155	1409
336.375	27104	154	1409
336.38	27105	153	209
336.383	27106	155	1409
336.39	27107	156	1409
336.395	27108	155	209
336.398	27109	156	1409
336.403	27110	155	1409
336.41	27111	157	209
336.412	27112	158	1409
336.417	27113	157	1409
336.42	27114	153	209
336.422	27115	156	1409
336.43	27116	157	1409
336.435	27117	156	209
336.44	27119	154	1409
336.443	27120	151	209
336.447	27121	155	1409
336.452	27122	154	1409
336.458	27123	153	209
336.46	27124	154	1409
336.465	27125	154	1409
336.47	27126	152	1412
336.473	27127	149	209
336.476	27128	151	212
336.478	27129	152	1409
336.485	27130	153	1409
336.488	27131	153	209
336.491	27132	154	1409
336.493	27133	152	1409
336.498	27134	152	209
336.501	27135	154	1409
336.512	27138	155	1409
336.516	27140	149	209
336.521	27141	153	1409
336.525	27142	153	1409
336.528	27143	151	209
336.53	27144	153	1409
336.536	27145	153	1409
336.538	27146	151	209
336.541	27147	153	1409
336.545	27148	153	1409
336.546	27149	148	209
336.548	27150	149	1409
336.553	27151	150	1409
336.558	27152	148	209
336.56	27153	150	1409
336.565	27154	150	1409
336.57	27155	150	209
336.573	27156	152	1409
336.578	27157	152	1409
336.583	27158	150	209
336.588	27159	153	1409
336.592	27160	150	1409
336.6	27161	150	209
336.605	27162	154	1409
336.61	27163	151	1409
336.615	27164	148	209
336.62	27165	151	1409
336.628	27166	151	1409
336.635	27167	150	209
336.637	27168	152	1409
336.645	27169	151	1412
336.654	27170	153	1409
336.665	27171	155	209
336.667	27172	156	1409
336.674	27173	155	1409
336.682	27174	155	209
336.684	27175	157	1409
336.694	27176	159	1409
336.699	27177	158	209
336.701	27178	159	1409
336.708	27179	160	1409
336.713	27180	159	209
336.728	27183	160	1412
336.731	27184	158	212
336.734	27185	159	1412
336.739	27186	158	209
336.741	27187	160	1409
336.746	27188	159	1409
336.751	27189	159	209
336.761	27191	161	1409
336.768	27193	161	1409
336.772	27194	160	1409
336.776	27195	158	209
336.783	27197	158	1409
336.786	27198	155	209
336.79	27199	159	1409
336.793	27200	156	1409
336.798	27201	156	209
336.8	27202	157	1409
336.808	27203	158	1409
336.811	27204	156	209
336.815	27206	154	1409
336.821	27207	154	209
336.823	27208	155	1409
336.83	27209	156	1409
336.833	27210	154	209
336.836	27211	155	1409
336.843	27212	157	1409
336.85	27214	157	1409
336.853	27215	154	1409
336.858	27216	154	209
336.861	27217	155	1409
336.865	27218	154	1409
336.871	27219	154	209
336.873	27220	155	1409
336.875	27221	152	1409
336.881	27222	151	209
336.883	27223	152	1409
336.89	27224	155	1409
336.896	27225	154	209
336.903	27227	154	1409
336.908	27228	154	209
336.919	27231	153	209
336.929	27234	151	1412
336.934	27235	150	1412
336.937	27236	147	209
336.939	27237	148	1409
336.949	27238	151	1409
336.952	27239	149	209
336.954	27240	151	1409
336.959	27241	150	1409
336.966	27242	151	1412
336.97	27243	148	212
336.97	27244	149	209
336.973	27246	144	1409
336.98	27247	146	1412
336.985	27248	145	209
336.988	27249	147	1409
336.99	27250	144	1409
336.995	27251	143	209
337	27252	147	1409
337.007	27253	148	1409
337.01	27254	146	209
337.013	27255	147	1412
337.02	27256	148	1409
337.027	27257	149	1409
337.032	27258	150	209
337.035	27259	151	1409
337.042	27260	153	1409
337.047	27261	152	209
337.05	27262	153	1409
337.053	27263	151	212
337.055	27264	153	1409
337.056	27265	147	209
337.068	27268	147	209
337.071	27269	149	1409
337.073	27270	146	1409
337.079	27271	145	209
337.083	27272	149	1409
337.09	27273	150	1409
337.096	27274	151	209
337.098	27275	152	1409
337.105	27276	153	1409
337.113	27278	150	209
337.118	27279	153	1409
337.123	27280	152	1412
337.13	27281	153	1412
337.135	27282	153	1412
337.14	27283	152	1412
337.147	27284	153	1409
337.152	27285	153	209
337.154	27286	154	1409
337.164	27287	157	1409
337.167	27288	155	209
337.169	27289	156	1409
337.177	27290	158	1409
337.186	27291	161	1412
337.189	27292	158	209
337.191	27293	160	1409
337.201	27295	159	209
337.204	27296	160	1409
337.211	27297	161	1409
337.214	27298	159	209
337.217	27300	155	1409
337.224	27301	157	209
337.229	27302	160	1409
337.234	27303	160	1409
337.234	27304	155	209
337.239	27305	158	1409
337.251	27308	159	1409
337.254	27309	156	1409
337.259	27310	155	209
337.27	27313	153	209
337.272	27314	154	1409
337.279	27315	155	1412
337.284	27316	155	1412
337.294	27319	153	1409
337.301	27320	154	1409
337.305	27321	151	209
337.307	27322	153	1409
337.312	27323	152	1409
337.317	27324	151	1412
337.329	27327	153	1409
337.332	27328	152	209
337.334	27329	154	1409
337.339	27330	154	1409
337.34	27331	150	209
337.344	27332	154	1409
337.349	27333	154	1409
337.35	27334	150	209
337.352	27335	152	1409
337.357	27336	152	1409
337.361	27337	151	209
337.365	27338	155	1409
337.37	27339	154	1409
337.375	27341	154	1409
337.377	27342	151	1409
337.383	27343	147	209
337.385	27344	150	1409
337.392	27345	152	1409
337.4	27346	148	1412
337.405	27347	149	209
337.407	27348	150	1409
337.412	27349	151	1409
337.419	27350	153	1412
337.424	27351	151	209
337.427	27352	152	1409
337.436	27353	154	1409
337.442	27354	151	209
337.444	27355	152	1409
337.452	27356	152	1409
337.461	27357	154	1412
337.466	27358	151	212
337.466	27359	151	209
337.468	27360	152	1409
337.481	27361	156	1412
337.488	27362	156	1412
337.495	27363	156	1409
337.505	27364	157	1412
337.513	27365	157	212
337.513	27366	157	209
337.518	27367	160	1409
337.528	27368	162	1409
337.53	27369	158	209
337.535	27370	160	1409
337.54	27371	159	212
337.543	27372	160	1412
337.548	27373	159	1409
337.553	27374	158	209
337.555	27375	159	1409
337.559	27376	159	1409
337.564	27377	158	209
337.567	27378	159	1409
337.572	27379	158	1409
337.577	27380	159	209
337.58	27381	160	1409
337.582	27382	157	212
337.585	27383	158	1409
337.588	27384	155	209
337.59	27385	157	1409
337.597	27386	159	1409
337.6	27387	155	209
337.605	27389	154	1409
337.61	27390	154	209
337.616	27392	152	1409
337.62	27393	151	209
337.625	27394	155	1409
337.627	27395	152	1409
337.633	27396	152	209
337.638	27397	155	1409
337.642	27398	154	1409
337.644	27399	149	209
337.648	27400	153	1409
337.653	27401	152	1409
337.658	27402	152	209
337.66	27403	153	1409
337.663	27404	150	1409
337.666	27405	148	209
337.671	27406	151	1409
337.675	27407	150	1409
337.681	27408	150	209
337.683	27409	151	1409
337.69	27410	153	1409
337.703	27413	152	1409
337.706	27414	149	209
337.708	27415	151	1409
337.713	27416	150	1409
337.718	27417	150	209
337.721	27418	151	1409
337.728	27419	152	1409
337.733	27420	152	209
337.735	27421	154	1409
337.743	27422	155	1409
337.748	27423	154	209
337.75	27424	156	1409
337.755	27425	155	1409
337.758	27426	152	209
337.76	27427	154	1409
337.767	27428	155	1409
337.773	27429	154	209
337.775	27430	157	1409
337.78	27431	156	1409
337.785	27432	155	209
337.788	27433	156	1409
337.795	27434	157	1409
337.8	27435	157	209
337.802	27436	159	1409
337.807	27437	158	1409
337.812	27438	156	1412
337.814	27439	154	209
337.822	27440	156	1412
337.829	27441	158	1409
337.836	27442	160	1409
337.841	27443	159	209
337.844	27444	160	1409
337.852	27446	157	209
337.856	27447	161	1409
337.867	27449	159	209
337.872	27451	158	1409
337.874	27452	155	209
337.876	27453	156	1409
337.884	27454	157	1409
337.889	27455	158	209
337.894	27457	155	1409
337.9	27458	155	209
337.902	27459	156	1409
337.905	27460	152	212
337.907	27461	155	1412
337.912	27462	153	1409
337.917	27463	152	209
337.919	27464	154	1409
337.929	27465	157	1409
337.931	27466	155	209
337.938	27468	155	1409
337.942	27469	152	209
337.949	27471	152	1409
337.952	27472	150	209
337.956	27473	154	1409
337.961	27474	153	1409
337.964	27475	150	209
337.969	27476	154	1409
337.971	27477	151	1409
337.977	27478	151	209
337.979	27479	152	1409
337.982	27480	149	1409
337.987	27481	148	209
337.99	27482	150	1409
337.997	27483	152	1409
338.003	27484	151	209
338.005	27485	153	1409
338.01	27486	152	1409
338.017	27488	153	1409
338.022	27489	152	1409
338.028	27490	151	209
338.033	27492	150	1409
338.035	27493	147	209
338.038	27494	149	1409
338.041	27495	145	1409
338.048	27496	147	209
338.05	27497	149	1409
338.056	27498	148	1412
338.063	27499	149	1409
338.07	27500	151	1412
338.075	27501	150	1412
338.08	27502	149	209
338.085	27503	153	1409
338.092	27504	155	1409
338.095	27505	151	209
338.098	27506	154	1412
338.103	27507	153	1409
338.107	27508	152	1409
338.113	27509	151	209
338.118	27510	155	1409
338.124	27511	157	1409
338.128	27512	154	209
338.137	27514	156	1409
338.141	27515	154	209
338.143	27516	156	1409
338.145	27517	153	1412
338.153	27518	154	1412
338.158	27519	153	1409
338.163	27520	153	209
338.166	27521	155	1409
338.171	27522	155	1409
338.173	27523	154	209
338.18	27525	155	1409
338.181	27526	151	209
338.183	27527	152	1409
338.187	27528	152	1409
338.192	27529	153	209
338.195	27530	154	1409
338.2	27531	155	1409
338.203	27532	153	209
338.205	27533	155	1409
338.208	27535	149	209
338.211	27536	150	1409
338.218	27537	153	1409
338.22	27538	151	212
338.221	27539	150	209
338.223	27540	153	1409
338.225	27541	150	1409
338.233	27542	151	1412
338.236	27543	149	209
338.238	27544	151	1409
338.245	27545	154	1409
338.248	27546	152	209
338.25	27547	153	1409
338.255	27548	154	1409
338.26	27549	154	209
338.263	27550	155	1409
338.267	27551	155	1409
338.275	27552	155	209
338.277	27553	156	1409
338.285	27554	156	1409
338.29	27555	153	209
338.292	27556	155	1409
338.3	27557	154	1409
338.305	27558	151	209
338.307	27559	153	1409
338.315	27560	153	1409
338.322	27561	153	209
338.325	27562	154	1409
338.337	27563	158	1409
338.343	27564	156	209
338.345	27565	157	1412
338.358	27567	155	1409
338.358	27568	148	209
338.365	27569	154	1409
338.372	27570	153	1409
338.375	27571	151	209
338.38	27572	154	1409
338.385	27573	154	1412
338.39	27574	153	1409
338.393	27575	150	209
338.396	27576	152	1409
338.4	27577	151	1409
338.405	27578	150	209
338.408	27579	151	1409
338.415	27580	153	1412
338.422	27581	155	1409
338.426	27582	152	209
338.432	27584	152	1409
338.435	27585	149	209
338.437	27586	151	1409
338.445	27587	152	1409
338.45	27588	152	209
338.452	27589	153	1409
338.46	27590	154	1409
338.46	27591	150	209
338.462	27592	151	1409
338.47	27593	152	1409
338.475	27594	152	209
338.477	27595	153	1409
338.485	27596	155	1409
338.488	27597	152	209
338.492	27598	156	1409
338.497	27599	154	1409
338.5	27600	153	209
338.503	27601	154	1409
338.51	27602	155	1409
338.515	27603	154	209
338.517	27604	155	1409
338.522	27605	155	1409
338.527	27606	155	209
338.53	27607	156	1409
338.537	27608	157	1409
338.54	27609	154	209
338.542	27610	157	1409
338.547	27611	155	1409
338.553	27612	155	209
338.56	27614	155	1409
338.569	27616	154	209
338.572	27617	155	1409
338.577	27618	154	1409
338.582	27619	154	209
338.584	27620	156	1409
338.589	27621	155	1409
338.594	27622	154	209
338.597	27623	155	1409
338.604	27624	157	1409
338.609	27625	157	209
338.611	27626	158	1409
338.617	27628	152	209
338.619	27629	154	1409
338.626	27630	155	1409
338.632	27631	154	209
338.634	27632	155	1409
338.641	27633	156	1412
338.651	27635	156	209
338.654	27636	157	1409
338.662	27638	154	209
338.666	27639	158	1409
338.669	27640	154	1409
338.674	27641	154	209
338.677	27642	155	1409
338.682	27643	155	1409
338.687	27644	154	209
338.694	27646	155	1409
338.697	27647	151	209
338.699	27648	154	1409
338.704	27649	153	1409
338.709	27650	152	209
338.712	27651	153	1409
338.715	27652	150	1409
338.72	27653	150	209
338.722	27654	151	1409
338.73	27655	153	1409
338.732	27656	150	209
338.735	27657	151	1409
338.74	27658	151	1409
338.74	27659	146	209
338.743	27660	147	1409
338.75	27661	148	1409
338.755	27662	148	209
338.757	27663	150	1409
338.765	27664	151	1412
338.772	27665	152	1412
338.777	27666	152	1409
338.78	27667	149	209
338.782	27668	151	1409
338.787	27669	150	1409
338.792	27670	149	209
338.795	27671	151	1409
338.802	27672	153	1409
338.807	27673	152	209
338.809	27674	153	1409
338.812	27675	150	1409
338.819	27676	152	1412
338.825	27677	151	209
338.827	27678	153	1409
338.834	27679	154	1409
338.839	27680	153	209
338.842	27681	155	1409
338.849	27682	157	1409
338.852	27683	153	209
338.857	27684	157	1409
338.859	27685	154	1412
338.867	27686	156	1409
338.874	27687	157	1412
338.877	27688	154	209
338.887	27690	157	1409
338.889	27691	155	209
338.892	27692	156	1409
338.897	27693	155	1409
338.903	27694	156	1412
338.907	27695	154	209
338.917	27698	152	209
338.922	27699	155	1409
338.926	27700	155	1409
338.931	27701	154	209
338.937	27703	152	1409
338.945	27704	154	209
338.949	27706	153	1409
338.956	27707	154	209
338.959	27708	155	1409
338.967	27710	152	209
338.971	27711	156	1409
338.977	27712	155	1409
338.982	27713	154	209
338.984	27714	156	1409
338.987	27715	154	1409
338.99	27716	151	209
338.992	27717	153	1409
339	27719	151	209
339.004	27721	151	1409
339.01	27722	152	209
339.015	27724	151	1409
339.017	27725	149	209
339.02	27726	151	1409
339.027	27727	154	1409
339.028	27728	150	209
339.035	27730	151	1409
339.035	27731	148	209
339.04	27732	152	1409
339.046	27734	146	209
339.048	27735	149	1409
339.057	27736	150	1409
339.058	27737	147	209
339.063	27738	151	1409
339.065	27739	149	1409
339.073	27740	149	209
339.075	27741	152	1409
339.085	27742	149	1412
339.092	27743	149	1409
339.095	27744	144	209
339.098	27745	145	1409
339.107	27746	147	1409
339.114	27747	147	1412
339.122	27748	146	1412
339.127	27749	144	209
339.132	27750	147	1409
339.139	27751	147	1412
339.146	27752	147	1412
339.156	27753	149	1409
339.162	27754	146	209
339.166	27755	150	1409
339.173	27756	150	1412
339.183	27757	152	1409
339.188	27758	149	209
339.193	27759	152	1409
339.198	27760	152	1409
339.205	27761	154	1412
339.212	27762	155	1412
339.218	27763	154	209
339.223	27764	158	1409
339.229	27765	160	1412
339.237	27766	162	1409
339.24	27767	158	209
339.244	27768	162	1409
339.249	27769	161	1412
339.254	27770	161	1409
339.261	27771	162	1412
339.267	27772	161	209
339.269	27773	162	1409
339.274	27774	162	1409
339.274	27775	157	209
339.279	27776	161	1409
339.282	27777	157	1409
339.287	27778	156	209
339.289	27779	159	1409
339.296	27780	160	1409
339.299	27781	157	209
339.302	27782	158	1409
339.307	27783	157	1409
339.312	27784	157	209
339.314	27785	159	1409
339.32	27787	152	209
339.322	27788	154	1409
339.327	27789	153	1409
339.332	27790	153	209
339.335	27791	154	1409
339.342	27792	155	1409
339.345	27793	153	209
339.347	27794	154	1409
339.35	27795	151	1409
339.355	27796	150	209
339.357	27797	152	1409
339.362	27798	152	1409
339.365	27799	148	209
339.37	27800	152	1409
339.374	27801	151	1409
339.38	27802	150	209
339.382	27803	153	1409
339.387	27804	152	1409
339.393	27805	151	209
339.395	27806	152	1409
339.4	27807	151	1409
339.405	27808	152	209
339.407	27809	153	1409
339.412	27810	152	1409
339.415	27811	149	209
339.418	27812	150	1409
339.425	27813	153	1409
339.43	27814	152	209
339.432	27815	153	1409
339.438	27816	152	1409
339.443	27817	152	209
339.448	27819	151	1409
339.451	27820	147	209
339.455	27821	151	1409
339.46	27822	151	1409
339.466	27823	150	209
339.468	27824	152	1409
339.473	27825	150	1409
339.478	27826	150	209
339.48	27827	152	1409
339.488	27828	153	1409
339.493	27829	152	209
339.495	27830	153	1409
339.502	27831	155	1409
339.505	27832	152	209
339.508	27833	154	1409
339.515	27834	155	1409
339.517	27835	152	209
339.52	27836	153	1409
339.527	27837	155	1412
339.534	27838	157	1409
339.539	27839	156	209
339.541	27840	157	1409
339.552	27842	156	209
339.554	27843	158	1409
339.562	27844	159	1409
339.564	27845	156	209
339.567	27846	158	1409
339.574	27847	159	1409
339.579	27848	159	209
339.581	27849	160	1409
339.588	27850	161	1409
339.596	27852	162	1409
339.606	27854	160	209
339.608	27855	162	1409
339.611	27856	159	1409
339.614	27857	156	209
339.618	27858	160	1409
339.623	27859	159	1409
339.629	27860	159	209
339.631	27861	160	1409
339.639	27863	156	209
339.646	27865	157	1409
339.649	27866	154	209
339.654	27867	158	1409
339.659	27868	157	1412
339.665	27869	158	1409
339.671	27870	158	209
339.678	27872	159	1409
339.686	27875	154	1409
339.689	27876	151	209
339.693	27877	155	1409
339.701	27878	156	1409
339.703	27879	154	209
339.71	27881	154	1409
339.718	27883	155	1409
339.725	27884	157	1409
339.733	27886	157	1409
339.74	27887	158	1409
339.743	27888	156	209
339.748	27890	154	1409
339.753	27891	154	209
339.756	27892	155	1409
339.763	27893	157	1412
339.768	27894	156	1409
339.773	27895	155	209
339.775	27896	157	1409
339.78	27897	157	1409
339.785	27898	156	209
339.793	27900	156	1409
339.798	27901	157	209
339.801	27903	153	212
339.804	27904	154	1409
339.806	27905	151	209
339.809	27906	153	1412
339.818	27908	153	1409
339.821	27909	151	209
339.823	27910	153	1409
339.826	27911	150	1409
339.831	27912	151	209
339.834	27913	153	1409
339.836	27914	151	1409
339.841	27915	151	1412
339.848	27916	153	1412
339.851	27917	151	209
339.859	27919	154	1409
339.859	27920	149	209
339.861	27921	151	1409
339.866	27922	150	1409
339.878	27923	150	1412
339.881	27924	149	209
339.883	27925	150	1409
339.889	27926	151	212
339.891	27927	153	1412
339.896	27928	152	1409
339.899	27929	151	209
339.901	27930	153	1409
339.906	27931	152	1409
339.914	27932	153	1412
339.919	27933	151	209
339.921	27934	153	1409
339.927	27935	150	212
339.935	27937	149	212
339.935	27938	148	209
339.937	27939	150	1409
339.945	27940	149	1409
339.95	27941	147	1412
339.957	27942	147	209
339.96	27943	148	1409
339.966	27944	147	1409
339.974	27945	147	209
339.977	27946	148	1409
339.987	27947	151	1409
339.996	27948	153	1412
340.002	27949	150	209
340.004	27950	152	1412
340.01	27951	150	1409
340.017	27952	150	1409
340.029	27953	153	1412
340.034	27954	153	209
340.036	27955	155	1409
340.039	27956	152	1409
340.046	27957	153	209
340.049	27958	154	1409
340.056	27959	156	1409
340.061	27960	155	209
340.063	27961	157	1409
340.07	27962	158	1412
340.077	27963	159	1409
340.083	27964	159	209
340.085	27965	161	1409
340.088	27966	157	1409
340.093	27967	156	209
340.095	27968	158	1409
340.1	27969	158	1409
340.105	27970	157	209
340.11	27971	161	1409
340.115	27972	159	1409
340.12	27973	159	209
340.122	27974	160	1409
340.13	27975	162	1409
340.13	27976	157	209
340.137	27977	162	1409
340.139	27978	160	1409
340.145	27979	159	1412
340.15	27980	158	209
340.152	27981	159	1409
340.16	27983	156	209
340.162	27984	158	1409
340.17	27985	159	1409
340.173	27986	157	209
340.175	27987	158	1409
340.18	27988	157	1409
340.181	27989	152	209
340.183	27990	153	1409
340.188	27991	153	1409
340.193	27992	152	209
340.2	27994	153	1409
340.206	27995	152	209
340.208	27997	149	1409
340.213	27998	148	209
340.221	28000	149	1409
340.226	28001	149	209
340.234	28003	149	1409
340.237	28004	146	209
340.239	28005	149	1409
340.249	28007	147	209
340.252	28008	148	1409
340.257	28010	143	209
340.262	28011	146	1409
340.269	28012	148	1409
340.274	28013	147	209
340.277	28014	149	1409
340.284	28015	150	1409
340.289	28016	149	209
340.291	28017	151	1409
340.298	28018	153	1409
340.302	28019	150	209
340.309	28021	150	1409
340.314	28022	150	209
340.317	28023	152	1409
340.322	28024	151	1409
340.327	28025	151	209
340.33	28026	152	1409
340.336	28027	153	1409
340.34	28028	151	209
340.342	28029	153	1409
340.349	28030	154	1409
340.352	28031	151	209
340.355	28032	153	1409
340.36	28033	152	1409
340.366	28034	153	1412
340.372	28035	153	209
340.374	28036	154	1409
340.379	28037	154	1409
340.382	28038	151	209
340.387	28039	154	1409
340.391	28040	153	1409
340.394	28041	151	209
340.397	28042	152	1409
340.402	28043	151	1409
340.409	28044	152	1412
340.416	28045	154	1412
340.421	28046	154	209
340.424	28047	155	1409
340.431	28048	156	1412
340.438	28049	158	1409
340.443	28050	157	1412
340.446	28051	155	209
340.449	28052	156	1409
340.458	28053	158	1412
340.465	28054	161	1409
340.47	28055	159	1412
340.475	28056	159	209
340.478	28057	160	1409
340.48	28058	158	1409
340.488	28059	159	209
340.49	28060	161	1409
340.495	28061	160	1409
340.498	28062	158	209
340.506	28064	157	1409
340.511	28065	157	209
340.513	28066	155	1412
340.518	28067	154	1409
340.525	28068	156	1409
340.53	28069	155	209
340.533	28070	156	1409
340.54	28071	157	1409
340.543	28072	156	209
340.548	28074	154	1409
340.551	28075	151	209
340.553	28076	152	1409
340.56	28077	154	1409
340.566	28078	153	209
340.568	28079	154	1409
340.573	28081	149	209
340.576	28082	151	1409
340.583	28083	152	1409
340.591	28084	153	209
340.593	28085	154	1409
340.598	28086	154	1409
340.603	28087	154	209
340.606	28088	155	1409
340.613	28089	156	1409
340.616	28090	154	209
340.618	28091	156	1409
340.623	28092	154	1409
340.63	28094	155	1409
340.637	28095	157	1409
340.649	28098	156	1409
340.652	28099	155	209
340.655	28100	156	1409
340.662	28101	158	1409
340.662	28102	155	209
340.667	28104	155	1409
340.672	28105	155	209
340.675	28106	156	1409
340.678	28107	155	1409
340.683	28108	155	209
340.685	28109	157	1409
340.69	28110	157	1409
340.697	28113	155	1409
340.7	28114	153	209
340.708	28116	152	1412
340.712	28117	153	1409
340.718	28118	153	209
340.722	28120	153	1409
340.728	28121	153	209
340.733	28123	150	1409
340.738	28124	148	209
340.74	28125	149	1409
340.75	28126	151	1412
340.757	28127	151	1409
340.763	28128	148	209
340.767	28129	152	1409
340.775	28130	152	1409
340.781	28131	151	1412
340.787	28132	148	209
340.789	28133	150	1409
340.796	28134	149	1409
340.802	28135	147	209
340.805	28136	149	1409
340.814	28137	150	1409
340.822	28138	150	209
340.826	28139	154	1409
340.833	28140	154	1409
340.841	28141	154	212
340.842	28142	153	209
340.844	28143	155	1409
340.854	28144	157	1409
340.862	28145	156	212
340.864	28146	158	1412
340.865	28147	153	209
340.867	28148	155	1409
340.874	28149	155	1412
340.881	28150	157	1409
340.884	28151	155	209
340.889	28153	152	1409
340.897	28154	154	209
340.902	28156	153	212
340.904	28157	154	1412
340.907	28158	151	1409
340.914	28159	152	1412
340.917	28160	149	209
340.919	28161	151	1409
340.926	28162	153	1412
340.934	28163	154	1409
340.939	28164	153	1412
340.941	28165	151	209
340.944	28166	152	1409
340.951	28167	153	1409
340.956	28168	153	209
340.958	28169	154	1409
340.966	28170	156	1409
340.969	28171	153	209
340.973	28172	157	1409
340.978	28173	156	1409
340.982	28174	154	209
340.988	28176	154	1409
340.991	28177	151	209
340.994	28178	152	1409
340.999	28179	152	1409
341.004	28180	151	209
341.006	28181	153	1409
341.014	28182	154	1409
341.019	28183	154	209
341.021	28184	156	1409
341.026	28185	155	1409
341.029	28186	152	209
341.034	28187	155	1409
341.039	28189	150	209
341.042	28190	151	1409
341.047	28191	150	1409
341.052	28192	151	209
341.054	28193	152	1409
341.059	28194	151	1409
341.065	28195	150	209
341.067	28196	152	1409
341.07	28197	149	1409
341.075	28198	148	209
341.077	28199	150	1409
341.084	28200	150	1409
341.087	28201	149	209
341.09	28202	150	1412
341.097	28203	151	1409
341.104	28204	153	1412
341.109	28205	151	1409
341.112	28206	150	209
341.114	28207	151	1409
341.119	28208	150	1409
341.125	28209	149	209
341.127	28210	150	1409
341.132	28211	150	1409
341.137	28212	150	209
341.14	28213	151	1409
341.147	28214	152	1409
341.15	28215	150	209
341.153	28216	152	1409
341.155	28217	148	1409
341.16	28218	148	209
341.165	28219	151	1409
341.172	28220	154	1409
341.175	28221	151	209
341.18	28222	154	1409
341.188	28224	151	209
341.19	28225	153	1409
341.195	28226	152	1412
341.203	28227	153	1409
341.205	28228	151	209
341.208	28229	152	1409
341.213	28230	151	1409
341.218	28231	150	209
341.22	28232	152	1409
341.231	28234	151	209
341.233	28235	152	1409
341.238	28236	151	1409
341.245	28237	152	1412
341.248	28238	150	209
341.255	28240	150	1409
341.26	28241	150	209
341.262	28242	152	1409
341.269	28243	153	1409
341.275	28244	153	209
341.277	28245	154	1409
341.284	28246	155	1409
341.287	28247	153	209
341.29	28248	155	1409
341.295	28249	153	1409
341.3	28250	152	209
341.302	28251	155	1409
341.309	28252	156	1409
341.315	28253	155	209
341.317	28254	156	1409
341.324	28255	158	1409
341.336	28258	158	1409
341.339	28259	155	209
341.342	28260	156	1409
341.349	28261	158	1409
341.354	28262	158	209
341.361	28264	158	1409
341.365	28265	156	209
341.372	28267	156	1409
341.376	28268	155	209
341.379	28269	156	1409
341.387	28271	153	209
341.396	28273	156	1412
341.401	28274	156	1409
341.405	28275	153	209
341.407	28276	154	1409
341.414	28277	155	1409
341.417	28278	153	209
341.419	28279	155	1409
341.426	28280	156	1409
341.432	28281	155	209
341.434	28282	157	1409
341.439	28283	156	1412
341.444	28284	155	1409
341.449	28285	154	209
341.453	28286	158	1409
341.459	28287	157	1409
341.461	28288	154	1412
341.466	28289	153	209
341.468	28290	155	1409
341.474	28291	156	1409
341.479	28292	156	209
341.484	28294	156	1409
341.489	28295	156	209
341.491	28296	157	1409
341.494	28297	156	1409
341.494	28298	152	209
341.497	28299	154	1409
341.502	28300	154	1409
341.502	28301	150	209
341.505	28302	152	1409
341.51	28303	151	1409
341.515	28304	151	209
341.517	28305	150	1409
341.525	28306	151	1409
341.533	28307	147	212
341.535	28308	149	1412
341.538	28309	147	209
341.54	28310	149	1409
341.547	28311	151	1409
341.548	28312	146	209
341.55	28313	149	1409
341.56	28314	148	1412
341.567	28315	151	1409
341.572	28316	148	1412
341.577	28317	147	209
341.582	28318	149	1409
341.589	28319	150	1412
341.596	28320	149	1412
341.604	28321	148	1409
341.609	28322	147	209
341.614	28323	150	1409
341.619	28324	147	1409
341.624	28325	144	209
341.626	28326	146	1409
341.636	28327	147	1409
341.641	28328	146	209
341.644	28329	148	1409
341.653	28330	149	1409
341.661	28331	149	209
341.664	28332	150	1409
341.673	28333	153	1409
341.678	28334	152	209
341.681	28335	153	1409
341.689	28336	155	1412
341.696	28337	156	1409
341.699	28338	154	209
341.701	28339	155	1409
341.706	28340	154	1409
341.713	28341	155	209
341.715	28342	158	1409
341.722	28343	159	1409
341.727	28344	158	209
341.732	28345	161	1409
341.737	28346	160	1409
341.742	28347	161	209
341.747	28349	158	1409
341.752	28350	158	209
341.754	28351	160	1409
341.759	28352	159	1409
341.765	28353	158	209
341.767	28354	159	1409
341.772	28355	159	1409
341.777	28356	159	209
341.78	28357	160	1409
341.785	28358	159	1409
341.785	28359	154	209
341.79	28360	157	1409
341.794	28361	157	1409
341.8	28362	156	209
341.802	28363	158	1409
341.809	28364	159	1409
341.812	28365	157	209
341.817	28367	155	1409
341.823	28368	154	209
341.825	28369	155	1409
341.828	28370	153	1409
341.828	28371	147	209
341.833	28372	151	1409
341.835	28373	148	1409
341.841	28374	147	209
341.843	28375	148	1409
341.85	28376	151	1409
341.856	28377	150	209
341.858	28378	151	1409
341.865	28379	153	1409
341.87	28380	152	209
341.872	28381	153	1409
341.878	28382	153	1409
341.882	28383	152	209
341.885	28384	153	1409
341.892	28385	154	1409
341.893	28386	149	209
341.897	28387	153	1409
341.902	28388	153	1409
341.908	28389	152	209
341.913	28391	150	1409
341.916	28392	147	209
341.923	28394	148	1409
341.928	28395	148	209
341.933	28396	151	1409
341.94	28397	153	1409
341.945	28398	152	209
341.948	28399	153	1409
341.96	28401	155	1409
341.965	28402	154	209
341.968	28403	155	1409
341.975	28404	156	1409
341.982	28407	152	1409
341.985	28408	148	209
341.987	28409	150	1409
341.995	28410	151	1409
341.998	28411	149	209
342.002	28412	153	1409
342.01	28413	154	1409
342.015	28414	153	209
342.017	28415	155	1409
342.023	28416	154	1412
342.027	28417	154	1409
342.032	28418	153	209
342.034	28419	154	1409
342.042	28420	155	1409
342.049	28421	157	209
342.052	28422	158	1409
342.056	28423	158	1409
342.064	28424	160	209
342.071	28426	160	1409
342.074	28427	157	209
342.077	28428	158	1409
342.079	28429	156	1409
342.082	28430	153	209
342.084	28431	154	1409
342.092	28432	155	1409
342.097	28433	155	209
342.099	28434	156	1409
342.106	28435	158	1409
342.111	28436	157	209
342.114	28437	158	1409
342.121	28438	159	1409
342.128	28439	160	1412
342.135	28440	162	1412
342.138	28441	160	209
342.141	28443	155	1409
342.146	28444	155	209
342.149	28445	156	1409
342.156	28446	157	1409
342.159	28447	155	209
342.164	28448	153	1412
342.166	28449	151	1409
342.174	28450	152	1409
342.179	28451	151	209
342.182	28452	153	1409
342.189	28453	155	212
342.192	28454	156	1412
342.199	28456	153	209
342.204	28457	156	1409
342.212	28459	152	209
342.218	28462	146	209
342.22	28463	147	1409
342.227	28464	149	1409
342.233	28465	148	209
342.24	28467	149	1409
342.245	28468	149	209
342.248	28469	150	1409
342.255	28470	151	1409
342.258	28471	148	209
342.26	28472	151	1409
342.265	28473	150	1409
342.268	28474	147	209
342.273	28475	150	1412
342.28	28476	151	1409
342.287	28477	153	1409
342.29	28478	151	209
342.292	28479	152	1409
342.295	28480	149	1409
342.301	28481	149	209
342.304	28484	143	209
342.307	28485	145	1409
342.314	28486	147	1409
342.319	28487	147	209
342.321	28488	150	1409
342.329	28490	148	209
342.336	28492	150	1409
342.344	28493	152	1412
342.344	28494	148	209
342.346	28495	150	1409
342.351	28496	150	1409
342.356	28497	151	209
342.366	28499	152	1409
342.371	28501	152	1409
342.376	28502	152	1409
342.383	28503	152	209
342.391	28505	149	1409
342.398	28506	148	1412
342.403	28507	147	209
342.406	28508	148	1409
342.413	28509	147	1412
342.422	28510	149	1412
342.43	28511	148	1412
342.437	28512	148	1409
342.444	28513	148	1412
342.45	28514	145	209
342.454	28515	149	1409
342.459	28516	146	1409
342.467	28517	145	209
342.469	28518	147	1409
342.481	28519	151	1409
342.485	28520	147	209
342.489	28521	151	1409
342.499	28522	153	1409
342.506	28523	152	1412
342.516	28524	155	1412
342.521	28525	155	209
342.524	28526	157	1409
342.531	28527	158	1409
342.536	28528	158	209
342.541	28530	156	1412
342.549	28531	157	1412
342.553	28532	157	1409
342.558	28533	156	209
342.56	28534	157	1409
342.565	28535	156	1409
342.571	28536	155	209
342.573	28537	157	1412
342.578	28538	157	212
342.58	28539	158	1409
342.586	28540	157	1409
342.589	28541	154	209
342.593	28542	158	1409
342.598	28543	157	1412
342.605	28544	159	1409
342.61	28545	158	209
342.613	28546	159	1409
342.618	28548	153	209
342.625	28550	154	1409
342.631	28551	153	209
342.633	28552	155	1409
342.64	28553	156	1409
342.646	28554	155	209
342.648	28555	157	1409
342.651	28556	154	1409
342.656	28557	153	209
342.66	28558	157	1409
342.665	28559	155	1409
342.67	28560	155	209
342.673	28561	156	1409
342.677	28562	156	1409
342.687	28564	159	1409
342.694	28565	160	1409
342.698	28566	157	209
342.705	28568	158	1409
342.712	28570	158	1409
342.717	28571	157	1409
342.722	28572	156	209
342.724	28573	159	1409
342.732	28574	160	1409
342.734	28575	157	209
342.739	28576	160	1409
342.741	28577	157	1409
342.747	28578	156	209
342.749	28579	158	1409
342.754	28580	157	1412
342.761	28581	158	1409
342.764	28582	156	209
342.767	28583	157	1409
342.77	28584	154	1409
342.775	28585	154	209
342.779	28586	158	1409
342.784	28587	157	1409
342.79	28588	156	209
342.795	28590	154	1409
342.797	28591	152	209
342.803	28593	150	1409
342.808	28594	149	209
342.81	28595	150	1409
342.815	28596	150	1409
342.82	28597	149	1412
342.825	28598	149	1412
342.833	28599	151	209
342.838	28601	148	1409
342.843	28602	149	209
342.85	28604	149	1409
342.854	28605	146	209
342.856	28606	148	1409
342.861	28607	146	1409
342.864	28608	145	209
342.866	28609	146	1409
342.874	28610	147	1409
342.879	28611	147	209
342.881	28612	148	1409
342.884	28613	145	212
342.89	28615	144	209
342.892	28616	146	1409
342.9	28617	147	1409
342.907	28618	148	1412
342.91	28619	145	212
342.91	28620	146	209
342.916	28622	144	1409
342.919	28623	141	209
342.923	28624	145	1409
342.93	28625	146	1409
342.933	28626	144	209
342.936	28627	145	1409
342.943	28628	146	1409
342.943	28629	141	209
342.946	28630	143	1409
342.953	28631	144	1409
342.958	28632	144	209
342.96	28633	145	1409
342.97	28634	149	1409
342.975	28635	148	209
342.978	28636	149	1409
342.985	28637	150	1409
342.988	28638	148	209
342.992	28639	152	1409
342.997	28640	151	1412
343.004	28641	152	1409
343.012	28642	153	1412
343.017	28643	152	209
343.019	28644	154	1409
343.026	28645	155	1409
343.032	28646	155	209
343.034	28647	156	1409
343.041	28648	157	1409
343.043	28649	154	1412
343.046	28650	151	209
343.048	28651	153	1409
343.053	28652	152	1412
343.058	28653	150	1409
343.06	28654	147	209
343.063	28655	148	1409
343.065	28656	146	1409
343.068	28657	142	209
343.07	28658	144	1409
343.16	28659	53	1412
343.165	28660	53	1412
343.17	28661	52	1409
343.174	28662	50	209
343.177	28663	52	1409
343.263	28664	53	1409
343.265	28665	50	209
343.27	28666	54	1409
343.275	28667	53	1409
343.279	28668	51	209
343.282	28669	53	1409
343.367	28670	53	1409
343.372	28671	53	209
343.374	28672	54	1409
343.382	28673	56	1409
343.384	28674	53	209
343.389	28675	56	1409
343.394	28676	56	1409
343.399	28677	56	209
343.401	28678	57	1409
343.409	28679	58	1409
343.415	28680	58	209
343.419	28681	62	1409
343.426	28682	64	1409
343.43	28683	61	209
343.432	28684	62	1409
343.439	28685	63	1409
343.444	28686	63	209
343.446	28687	64	1409
343.454	28688	66	1409
343.459	28689	66	209
343.461	28690	67	1409
343.469	28691	68	1409
343.474	28692	68	209
343.479	28693	71	1409
343.484	28694	71	1409
343.489	28695	70	209
343.491	28696	72	1409
343.499	28697	73	1409
343.504	28698	72	209
343.506	28699	74	1409
343.514	28700	76	1409
343.517	28701	73	209
343.521	28702	77	1409
343.526	28703	76	1409
343.531	28704	75	209
343.537	28705	79	1409
343.541	28706	79	1409
343.546	28707	78	209
343.549	28708	79	1409
343.558	28709	83	1409
343.564	28710	82	209
343.566	28711	84	1409
343.571	28712	84	1409
343.577	28713	83	209
343.579	28714	84	1409
343.586	28715	85	1409
343.591	28716	85	209
343.594	28717	87	1409
343.601	28718	88	1409
343.606	28719	88	209
343.611	28720	92	1409
343.614	28721	88	1409
343.621	28722	90	209
343.623	28723	92	1409
343.631	28724	93	1409
343.636	28725	92	209
343.638	28726	94	1409
343.646	28727	95	1409
343.651	28728	94	209
343.653	28729	96	1409
343.661	28730	97	1409
343.664	28731	94	209
343.666	28732	96	1409
343.673	28733	98	1409
343.679	28734	97	209
343.684	28735	101	1409
343.69	28736	102	1409
343.696	28737	102	209
343.699	28738	103	1409
343.705	28739	104	1409
343.709	28740	101	209
343.711	28741	103	1409
343.719	28742	104	1409
343.723	28743	103	209
343.726	28744	105	1409
343.736	28745	109	1409
343.741	28746	108	209
343.743	28747	110	1409
343.751	28748	111	1409
343.756	28749	110	209
343.758	28750	112	1409
343.763	28751	111	1409
343.768	28752	110	209
343.771	28753	111	1409
343.78	28754	115	1409
343.784	28755	112	209
343.786	28756	115	1409
343.795	28757	118	1409
343.799	28758	115	209
343.803	28759	119	1409
343.808	28760	117	1409
343.813	28761	117	209
343.816	28762	118	1409
343.826	28763	122	1409
343.831	28764	121	209
343.836	28765	125	1409
343.843	28766	126	1409
343.848	28767	126	209
343.851	28768	127	1409
343.858	28769	129	1409
343.861	28770	127	209
343.865	28771	131	1409
343.873	28772	133	1409
343.876	28773	132	209
343.88	28774	136	1409
343.885	28775	136	1409
343.89	28776	136	209
343.893	28777	137	1409
343.9	28778	141	1409
343.906	28779	141	209
343.908	28780	143	1409
343.915	28781	144	1409
343.921	28782	145	209
343.923	28783	147	1409
343.93	28784	149	1409
343.933	28785	148	209
343.935	28786	149	1409
343.943	28787	152	1409
343.948	28788	151	209
343.95	28789	154	1409
343.955	28790	153	1409
343.958	28791	152	209
343.965	28793	153	1409
343.968	28794	150	209
343.97	28795	153	1409
343.978	28797	151	209
343.981	28798	152	1409
343.988	28799	154	1409
343.993	28800	152	209
343.996	28801	153	1409
344.003	28802	152	1409
344.008	28803	150	209
344.013	28804	153	1409
344.018	28805	151	1409
344.026	28806	149	209
344.028	28807	150	1409
344.035	28808	150	1409
344.04	28809	147	209
344.043	28810	149	1409
344.05	28811	148	1409
344.059	28812	148	209
344.063	28813	151	1409
344.073	28814	152	1409
344.078	28815	150	209
344.081	28816	151	1409
344.09	28817	152	1409
344.096	28818	152	209
344.098	28819	154	1409
344.105	28820	154	1409
344.111	28821	154	209
344.118	28823	154	1409
344.123	28824	154	209
344.131	28826	154	1409
344.136	28827	154	209
344.141	28829	152	1409
344.146	28830	151	209
344.149	28831	152	1409
344.154	28832	151	1409
344.162	28833	152	209
344.169	28835	152	1412
344.174	28836	151	1409
344.177	28837	148	209
344.179	28838	150	1412
344.187	28839	151	1409
344.191	28840	150	1409
344.197	28841	149	209
344.199	28842	150	1409
344.205	28844	144	209
344.207	28845	145	1409
344.214	28846	146	1409
344.22	28847	144	209
344.225	28848	147	1409
344.232	28849	146	1409
344.235	28850	143	209
344.239	28851	146	1409
344.247	28852	146	1409
344.252	28853	143	209
344.257	28854	143	1409
344.267	28855	144	1409
344.272	28856	143	209
344.274	28857	144	1409
344.284	28858	144	1409
344.287	28859	141	209
344.292	28860	143	1409
344.297	28861	141	1409
344.305	28862	143	209
344.312	28863	144	1412
344.319	28864	146	1409
344.326	28865	146	1412
344.331	28866	145	1409
344.338	28867	146	1412
344.344	28868	145	209
344.348	28869	149	1409
344.356	28870	150	1409
344.361	28871	149	209
344.368	28872	150	1412
344.375	28873	151	1409
344.38	28874	150	1409
344.385	28875	149	209
344.387	28876	150	1409
344.393	28877	149	1409
344.398	28878	148	209
344.4	28879	150	1409
344.41	28880	153	1412
344.417	28881	154	1409
344.422	28882	154	209
344.424	28883	155	1409
344.432	28884	156	1409
344.435	28885	153	209
344.439	28886	157	1409
344.444	28887	156	1409
344.45	28888	155	209
344.454	28889	159	1409
344.457	28890	155	1409
344.464	28891	157	209
344.467	28892	158	1409
344.474	28893	160	1409
344.479	28894	159	209
344.482	28895	160	1409
344.486	28896	159	1409
344.489	28897	156	209
344.496	28899	156	1409
344.5	28900	153	209
344.502	28901	154	1409
344.509	28902	156	1409
344.515	28903	155	209
344.517	28904	156	1409
344.523	28906	149	209
344.525	28907	151	1409
344.53	28908	150	1409
344.538	28909	151	209
344.54	28910	153	1409
344.545	28911	151	1409
344.55	28912	151	209
344.553	28913	152	1409
344.557	28914	151	1409
344.563	28915	150	209
344.57	28917	150	1409
344.575	28918	150	209
344.577	28919	151	1409
344.585	28920	152	1409
344.588	28921	149	209
344.59	28922	151	1409
344.598	28924	147	209
344.603	28925	150	1409
344.608	28926	150	1409
344.613	28927	149	209
344.615	28928	150	1409
344.62	28929	149	1409
344.626	28930	148	209
344.629	28931	150	1409
344.638	28932	153	1409
344.643	28933	153	209
344.65	28935	153	1409
344.653	28936	150	209
344.656	28937	151	1409
344.661	28938	151	1409
344.668	28939	152	209
344.671	28940	153	1409
344.675	28941	152	1409
344.681	28942	151	209
344.683	28943	152	1409
344.688	28944	152	1409
344.691	28945	149	209
344.694	28946	150	1409
344.701	28947	151	1412
344.708	28948	152	1409
344.711	28949	151	209
344.716	28950	154	1409
344.718	28951	151	1409
344.723	28952	151	209
344.725	28953	154	1409
344.73	28954	154	1412
344.738	28955	156	1409
344.743	28956	156	209
344.75	28958	157	1409
344.755	28959	157	209
344.757	28961	155	1409
344.763	28962	155	209
344.765	28963	157	1409
344.772	28964	159	1409
344.777	28965	158	1412
344.78	28966	155	209
344.785	28967	157	1409
344.79	28968	155	1409
344.795	28969	157	209
344.797	28970	157	1409
344.807	28971	158	1412
344.812	28972	159	1409
344.817	28973	156	209
344.819	28974	157	1409
344.829	28975	158	1409
344.834	28976	156	209
344.837	28977	157	1409
344.843	28978	156	1409
344.849	28979	154	209
344.854	28980	156	1409
344.862	28981	156	1412
344.868	28982	155	1409
344.876	28983	155	209
344.878	28984	156	1409
344.889	28985	158	1409
344.894	28986	156	209
344.896	28987	157	1409
344.906	28988	158	1409
344.913	28989	157	209
344.916	28990	158	1409
344.921	28991	156	1409
344.926	28992	155	209
344.928	28993	156	1409
344.934	28994	155	1409
344.939	28995	154	209
344.941	28996	156	1409
344.946	28997	155	1409
344.949	28998	152	209
344.952	28999	153	1409
344.964	29001	153	1412
344.971	29002	154	1409
344.972	29003	149	209
344.976	29004	153	1409
344.984	29005	154	1409
344.987	29006	150	209
344.989	29007	152	1409
344.996	29008	153	1409
345.002	29009	152	209
345.004	29010	153	1409
345.011	29011	155	1409
345.018	29013	155	1409
345.025	29014	156	1409
345.029	29015	153	209
345.033	29016	157	1409
345.036	29017	153	1409
345.041	29018	153	209
345.046	29019	156	1409
345.051	29020	155	1409
345.056	29021	154	209
345.058	29022	156	1409
345.066	29023	157	1409
345.068	29024	154	209
345.071	29025	155	1409
345.076	29026	154	1409
345.081	29027	154	209
345.088	29029	154	1409
345.094	29030	153	209
345.096	29031	155	1409
345.101	29032	153	1409
345.104	29033	151	209
345.106	29034	152	1409
345.114	29035	153	1409
345.119	29036	152	209
345.124	29038	151	1409
345.129	29039	150	209
345.131	29040	151	1409
345.139	29041	153	1409
345.139	29042	147	209
345.142	29043	149	1409
345.151	29044	152	1409
345.157	29045	151	209
345.159	29046	153	1409
345.164	29047	151	1409
345.171	29048	152	1412
345.179	29049	153	209
345.181	29050	155	1409
345.188	29051	156	1409
345.194	29052	155	209
345.196	29053	156	1409
345.199	29054	153	1409
345.202	29055	150	209
345.204	29056	151	1409
345.212	29057	153	1409
345.215	29058	150	209
345.222	29060	151	212
345.225	29061	152	1409
345.23	29063	151	1409
345.237	29064	151	1409
345.242	29065	151	209
345.247	29066	155	1409
345.252	29067	153	1409
345.255	29068	151	209
345.26	29070	149	1409
345.265	29071	148	209
345.268	29072	149	1409
345.275	29073	150	1409
345.278	29074	147	209
345.282	29075	151	1409
345.295	29077	151	1412
345.298	29078	148	209
345.3	29079	149	1409
345.305	29080	148	1409
345.31	29081	148	209
345.313	29082	149	1409
345.322	29083	148	1412
345.329	29084	153	1409
345.335	29085	152	209
345.337	29086	153	1409
345.344	29087	154	1409
345.347	29088	151	209
345.354	29089	157	1409
345.359	29090	156	1409
345.364	29091	154	209
345.367	29092	155	1409
345.374	29093	157	1409
345.379	29094	155	209
345.382	29095	156	1409
345.389	29096	157	1409
345.394	29097	156	209
345.397	29098	157	1409
345.402	29099	156	1409
345.411	29101	159	1409
345.418	29102	159	1409
345.424	29103	158	209
345.431	29105	158	1412
345.438	29106	159	1409
345.441	29107	155	212
345.442	29108	155	209
345.444	29109	156	1409
345.451	29110	157	1409
345.456	29111	156	209
345.464	29113	156	1409
345.47	29114	157	1412
345.476	29115	155	209
345.48	29116	159	1409
345.491	29118	157	209
345.493	29119	159	1409
345.5	29120	160	1409
345.508	29121	160	1412
345.51	29122	157	209
345.513	29123	158	1409
345.52	29124	159	1409
345.53	29127	155	1409
345.535	29128	155	209
345.538	29129	156	1409
345.545	29130	156	1409
345.548	29131	154	209
345.55	29132	157	1409
345.555	29133	156	1409
345.558	29134	154	209
345.565	29136	156	1409
345.568	29137	154	209
345.571	29139	150	1409
345.576	29140	150	209
345.581	29141	152	1409
345.586	29142	151	1409
345.591	29143	151	209
345.596	29144	151	1409
345.601	29145	151	1409
345.606	29146	151	209
345.611	29147	149	212
345.613	29148	152	1409
345.619	29149	150	1409
345.624	29150	150	209
345.631	29151	150	1412
345.636	29152	150	1409
345.64	29153	150	1409
345.646	29154	147	209
345.65	29155	151	1409
345.658	29156	149	1409
345.665	29157	149	1412
345.673	29158	148	209
345.675	29159	149	1409
345.683	29160	148	1409
345.69	29161	147	1412
345.698	29162	147	209
345.703	29163	151	1409
345.713	29164	151	1409
345.718	29165	149	209
345.721	29166	149	1409
345.73	29167	151	1409
345.735	29168	148	212
345.74	29169	151	1412
345.748	29170	150	209
345.75	29171	152	1409
345.758	29172	153	1409
345.763	29173	151	209
345.768	29174	155	1409
345.775	29175	156	1412
345.782	29176	158	1412
345.789	29177	158	1409
345.794	29178	157	209
345.807	29181	155	209
345.809	29182	157	1409
345.814	29183	156	1409
345.819	29184	155	209
345.829	29186	157	1409
345.835	29187	157	209
345.842	29189	157	1409
345.845	29190	154	209
345.855	29192	156	1409
345.86	29193	155	209
345.865	29195	153	1409
345.868	29196	149	209
345.871	29197	150	1409
345.88	29198	154	1409
345.883	29199	151	209
345.89	29201	150	1409
345.893	29202	147	209
345.898	29203	151	1409
345.903	29204	150	1409
345.906	29205	146	209
345.908	29206	148	1409
345.916	29207	148	1409
345.921	29208	147	209
345.923	29209	149	1409
345.93	29210	150	1409
345.936	29211	149	209
345.938	29212	150	1409
345.945	29213	151	1409
345.948	29214	148	209
345.951	29215	149	1409
345.958	29216	151	1409
345.966	29217	151	209
345.968	29218	152	1409
345.973	29219	151	1409
345.978	29220	151	209
345.981	29221	152	1409
345.988	29222	152	1409
345.994	29223	152	209
346.003	29225	154	1409
346.009	29226	152	1412
346.016	29227	153	1412
346.021	29228	153	209
346.031	29230	151	1412
346.038	29231	152	1409
346.045	29232	153	1412
346.051	29233	152	209
346.06	29234	155	1412
346.067	29235	156	1409
346.072	29236	155	1412
346.08	29237	155	1409
346.085	29238	155	209
346.09	29239	158	1409
346.1	29241	156	1412
346.103	29242	152	209
346.107	29243	156	1409
346.114	29244	157	1409
346.118	29245	154	209
346.122	29246	158	1409
346.129	29247	158	1409
346.132	29248	155	209
346.135	29249	156	1409
346.142	29250	157	1409
346.145	29251	153	209
346.147	29252	156	1409
346.155	29253	156	1409
346.158	29254	153	209
346.162	29255	157	1409
346.165	29256	153	1409
346.17	29257	152	209
346.178	29259	152	1409
346.183	29260	151	209
346.185	29261	153	1409
346.193	29262	153	1409
346.2	29263	155	209
346.207	29264	155	1412
346.212	29265	154	1409
346.217	29266	153	1409
346.222	29267	152	209
346.225	29268	153	1409
346.237	29270	153	1412
346.245	29271	154	209
346.247	29272	156	1409
346.252	29273	154	1409
346.255	29274	151	209
346.26	29276	149	1409
346.268	29277	150	209
346.275	29279	150	1409
346.281	29280	149	209
346.283	29281	151	1409
346.29	29282	152	1409
346.298	29283	153	209
346.3	29284	154	1409
346.305	29285	152	1412
346.313	29286	154	1409
346.318	29287	153	209
346.32	29288	154	1409
346.325	29289	153	1409
346.33	29290	152	209
346.333	29291	153	1409
346.338	29292	151	1409
346.343	29293	150	209
346.345	29294	152	1409
346.356	29296	149	209
346.358	29297	151	1409
346.363	29298	150	1409
346.368	29299	150	209
346.371	29300	151	1409
346.378	29301	153	1409
346.386	29303	151	209
346.393	29305	152	1409
346.399	29306	153	209
346.409	29309	151	209
346.411	29311	149	1409
346.416	29312	149	209
346.419	29313	150	1409
346.424	29314	149	1409
346.436	29315	148	1412
346.441	29316	149	209
346.444	29317	151	1409
346.446	29318	148	1409
346.451	29319	149	209
346.454	29320	150	1409
346.461	29321	150	1412
346.468	29322	152	1409
346.475	29323	150	1412
346.48	29324	147	209
346.483	29325	148	1409
346.495	29326	151	1409
346.5	29327	149	209
346.503	29328	150	1409
346.51	29329	148	1409
346.515	29330	146	209
346.522	29331	152	1409
346.53	29332	150	1409
346.538	29333	150	209
346.54	29334	150	1409
346.549	29335	152	1409
346.557	29336	152	209
346.562	29337	154	1412
346.569	29338	154	1409
346.579	29339	155	1409
346.584	29340	154	209
346.586	29341	155	1409
346.594	29342	157	1412
346.601	29343	156	1412
346.608	29344	158	1409
346.614	29345	158	209
346.619	29346	161	1409
346.631	29348	160	1412
346.636	29349	159	1412
346.643	29350	160	1409
346.651	29351	161	209
346.656	29353	159	1409
346.661	29354	159	209
346.669	29356	158	1409
346.671	29357	155	209
346.679	29359	155	1409
346.684	29360	154	209
346.687	29361	155	1409
346.693	29362	156	1409
346.699	29363	155	209
346.712	29367	153	1409
346.716	29368	152	1409
346.721	29369	151	209
346.724	29370	152	1409
346.736	29372	152	209
346.739	29373	153	1409
346.744	29374	152	1409
346.747	29375	148	209
346.749	29376	150	1409
346.756	29377	151	1409
346.759	29378	148	209
346.764	29379	152	1409
346.771	29380	153	1409
346.776	29381	151	209
346.779	29382	152	1409
346.784	29383	151	1409
346.791	29384	153	209
346.794	29385	154	1409
346.801	29386	154	1409
346.804	29387	152	209
346.809	29388	155	1409
346.814	29389	154	1409
346.819	29390	152	209
346.826	29392	152	1409
346.833	29393	152	1412
346.839	29394	151	209
346.844	29395	155	1409
346.85	29396	156	1409
346.856	29397	155	209
346.858	29398	157	1409
346.865	29399	157	1412
346.872	29400	158	1409
346.88	29401	159	1412
346.885	29402	158	209
346.887	29403	159	1409
346.894	29404	160	1412
346.907	29406	159	209
346.909	29407	161	1409
346.917	29408	162	1409
346.924	29409	162	1412
346.928	29410	161	1412
346.934	29411	160	212
346.939	29413	163	1409
346.949	29415	160	1412
346.954	29416	160	209
346.956	29417	161	1409
346.961	29418	160	1409
346.966	29419	158	209
346.969	29420	159	1409
346.976	29421	161	1409
346.981	29422	160	209
346.984	29424	155	1409
346.992	29425	156	209
346.994	29426	158	1409
346.999	29427	157	1409
347.002	29428	153	209
347.004	29429	155	1409
347.011	29430	155	1409
347.019	29431	157	209
347.022	29433	153	1409
347.029	29434	153	1412
347.039	29437	150	1409
347.047	29438	151	209
347.052	29439	154	1409
347.057	29440	153	1409
347.062	29441	153	209
347.067	29443	151	1409
347.073	29444	149	209
347.08	29446	149	1409
347.085	29447	149	209
347.088	29448	150	1409
347.095	29449	151	1409
347.098	29450	148	209
347.106	29452	148	1412
347.113	29453	149	1409
347.116	29454	145	209
347.121	29455	149	1409
347.128	29456	151	1409
347.131	29457	148	209
347.136	29458	151	1409
347.141	29459	150	212
347.148	29461	150	1412
347.156	29463	150	1409
347.163	29464	151	1409
347.166	29465	148	209
347.169	29466	149	1409
347.176	29467	151	1409
347.179	29468	147	209
347.181	29469	149	1409
347.188	29470	149	1412
347.196	29471	150	1409
347.204	29472	152	209
347.206	29473	154	1409
347.213	29474	156	1409
347.22	29476	157	1409
347.223	29477	154	1409
347.23	29478	156	1412
347.235	29479	156	209
347.244	29481	160	1409
347.245	29482	155	212
347.247	29483	157	1412
347.251	29484	155	209
347.253	29485	156	1409
347.26	29486	158	1409
347.265	29487	159	209
347.272	29489	155	1412
347.279	29490	157	1409
347.287	29491	157	1412
347.289	29492	155	209
347.292	29493	157	1409
347.297	29494	157	1409
347.302	29495	157	209
347.304	29496	159	1409
347.314	29497	158	1412
347.321	29498	157	1409
347.327	29499	155	209
347.331	29500	158	1409
347.339	29501	157	1409
347.344	29502	154	209
347.347	29503	155	1409
347.356	29504	157	1412
347.362	29505	153	212
347.367	29506	157	1409
347.372	29507	154	209
347.376	29508	157	1409
347.384	29509	156	1409
347.389	29510	154	209
347.399	29512	153	1409
347.407	29513	152	209
347.411	29514	156	1409
347.419	29515	155	1409
347.424	29517	153	209
347.433	29519	155	1409
347.439	29520	155	209
347.441	29521	156	1409
347.446	29522	155	1409
347.454	29523	155	1412
347.459	29524	155	209
347.466	29526	155	1409
347.474	29528	155	1409
347.479	29529	154	1412
347.486	29530	155	1409
347.492	29531	153	209
347.494	29532	154	1409
347.507	29534	155	209
347.514	29536	154	1409
347.519	29537	154	209
347.522	29539	150	1409
347.527	29540	149	209
347.537	29542	150	1409
347.543	29543	150	209
347.545	29544	152	1409
347.55	29545	150	1409
347.555	29546	149	209
347.557	29547	150	1409
347.567	29548	153	1409
347.57	29549	150	209
347.572	29550	152	1409
347.579	29551	153	1409
347.585	29552	151	209
347.587	29553	153	1409
347.592	29554	151	1409
347.595	29555	148	209
347.6	29556	152	1409
347.606	29557	152	1412
347.614	29558	153	1409
347.616	29559	150	209
347.619	29560	152	1409
347.627	29561	152	212
347.629	29562	154	1409
347.635	29563	153	209
347.637	29564	155	1409
347.642	29565	154	1412
347.649	29566	155	1409
347.654	29567	153	209
347.657	29568	154	1409
347.669	29569	153	1412
347.674	29570	150	212
347.679	29571	154	1409
347.687	29572	155	209
347.689	29573	157	1409
347.696	29574	157	1409
347.7	29575	153	209
347.709	29577	153	1412
347.715	29578	150	1412
347.722	29579	152	1409
347.732	29580	154	1412
347.737	29581	152	209
347.739	29582	153	1409
347.746	29583	154	1412
347.756	29584	157	1409
347.761	29585	155	209
347.763	29586	156	1409
347.769	29587	154	1409
347.774	29588	153	209
347.779	29589	156	1409
347.786	29590	156	1409
347.791	29591	155	209
347.793	29592	156	1409
347.801	29593	157	1409
347.804	29594	152	209
347.807	29595	154	1409
347.814	29596	155	1409
347.821	29597	156	209
347.824	29598	157	1409
347.829	29599	156	1409
347.832	29600	151	209
347.834	29601	153	1409
347.843	29602	155	1409
347.849	29603	154	209
347.851	29604	155	1409
347.858	29605	155	1409
347.862	29606	151	209
347.866	29607	155	1409
347.874	29608	155	1409
347.879	29609	153	209
347.881	29610	154	1409
347.886	29611	153	1409
347.892	29612	151	209
347.894	29613	152	1409
347.904	29614	155	1409
347.909	29615	153	209
347.911	29616	155	1409
347.919	29617	155	1412
347.926	29618	156	1409
347.931	29619	154	209
347.933	29620	156	1409
347.943	29621	159	1409
347.948	29623	156	1409
347.956	29624	156	1409
347.961	29625	154	209
347.963	29626	156	1409
347.973	29627	158	1409
347.976	29628	154	209
347.978	29629	156	1409
347.985	29630	156	1409
347.991	29631	155	209
347.993	29632	156	1409
348.001	29633	156	1409
348.006	29634	155	209
348.008	29635	156	1409
348.011	29636	152	1409
348.016	29637	151	209
348.021	29638	154	1409
348.028	29639	155	1409
348.03	29640	149	209
348.032	29641	150	1409
348.039	29642	150	1409
348.044	29643	150	209
348.049	29645	149	1409
348.055	29646	148	209
348.057	29647	150	1409
348.062	29648	149	1409
348.064	29649	146	209
348.067	29650	148	1409
348.074	29651	150	1409
348.079	29652	150	209
348.082	29653	151	1409
348.087	29654	150	1409
348.087	29655	146	209
348.092	29656	150	1409
348.097	29657	148	1409
348.102	29658	148	209
348.109	29659	150	1409
348.114	29660	149	1409
348.117	29661	147	209
348.124	29662	148	1409
348.131	29663	151	1409
348.134	29664	148	209
348.141	29665	148	1409
348.149	29666	147	212
348.152	29667	148	1409
348.157	29668	145	209
348.164	29669	150	1409
348.172	29670	148	1409
348.18	29671	147	209
348.182	29672	148	1409
348.194	29673	150	1409
348.201	29674	149	209
348.204	29675	150	1409
348.213	29676	150	1409
348.221	29677	148	209
348.223	29678	150	1409
348.235	29679	153	1409
348.243	29680	151	209
348.245	29681	152	1409
348.257	29682	155	1412
348.262	29683	154	1409
348.268	29684	152	209
348.273	29685	156	1409
348.279	29686	156	1409
348.285	29687	156	209
348.288	29688	157	1409
348.297	29689	160	1409
348.302	29690	158	209
348.31	29692	158	1409
348.315	29693	157	209
348.318	29694	158	1409
348.326	29696	153	209
348.333	29698	154	1409
348.339	29699	153	209
348.346	29701	153	1409
348.349	29702	149	209
348.351	29703	151	1409
348.357	29704	149	1409
348.36	29705	146	209
348.369	29707	148	1409
348.373	29708	145	209
348.38	29710	144	1409
348.383	29711	141	209
348.385	29712	142	1409
348.393	29713	144	1409
348.4	29714	144	209
348.402	29715	146	1409
348.407	29716	145	1409
348.413	29717	143	209
348.415	29718	145	1409
348.422	29719	146	1409
348.428	29720	144	209
348.433	29721	148	1409
348.437	29722	147	1409
348.443	29723	145	209
348.445	29724	147	1409
348.453	29725	148	1409
348.455	29726	145	209
348.462	29727	151	1409
348.467	29728	149	1409
348.473	29729	148	209
348.475	29730	149	1409
348.482	29731	150	1409
348.488	29732	149	209
348.492	29733	153	1409
348.499	29734	153	1409
348.505	29735	153	209
348.507	29736	154	1409
348.514	29737	154	1412
348.522	29738	155	1409
348.527	29739	155	209
348.529	29740	156	1409
348.537	29741	156	1412
348.544	29742	157	1412
348.551	29743	157	1409
348.558	29744	158	1412
348.563	29745	157	209
348.568	29746	160	1409
348.575	29747	161	1409
348.582	29748	161	1412
348.587	29749	160	209
348.589	29750	162	1409
348.599	29751	164	1412
348.604	29752	163	1409
348.612	29753	164	209
348.614	29754	166	1409
348.619	29755	164	1409
348.624	29756	164	209
348.626	29757	165	1409
348.629	29758	161	1409
348.634	29759	160	209
348.637	29760	161	1409
348.646	29761	164	1409
348.65	29762	161	209
348.652	29763	162	1409
348.656	29764	160	1409
348.66	29765	157	209
348.662	29766	159	1409
348.667	29767	157	1409
348.67	29768	153	209
348.672	29769	155	1409
348.678	29770	154	1409
348.682	29771	152	209
348.685	29772	153	1409
348.69	29773	153	1409
348.693	29774	149	209
348.701	29776	149	1409
348.706	29777	147	209
348.708	29778	149	1409
348.715	29779	150	1409
348.719	29780	146	209
348.725	29782	146	1409
348.731	29783	146	209
348.736	29784	149	1409
348.743	29785	150	1409
348.749	29786	149	209
348.751	29787	150	1409
348.756	29788	148	1409
348.761	29789	148	209
348.763	29790	149	1409
348.771	29791	149	1409
348.777	29792	149	209
348.779	29793	150	1409
348.786	29794	151	1409
348.791	29795	150	209
348.799	29797	150	1409
348.804	29798	149	209
348.809	29799	153	1409
348.819	29801	150	209
348.822	29802	151	1409
348.829	29803	152	1409
348.834	29804	151	209
348.836	29805	152	1409
348.844	29806	153	1409
348.849	29807	152	209
348.851	29808	153	1409
348.859	29809	154	1409
348.862	29810	151	209
348.864	29811	153	1409
348.871	29812	153	1409
348.876	29813	153	209
348.879	29814	154	1409
348.884	29815	154	1409
348.889	29816	154	209
348.893	29818	153	1409
348.899	29819	153	209
348.901	29820	154	1409
348.908	29821	156	1412
348.913	29822	156	1409
348.915	29823	153	209
348.918	29824	155	1409
348.925	29825	156	1409
348.93	29826	157	209
348.933	29827	157	1412
348.94	29828	158	1409
348.947	29829	160	1409
348.95	29830	157	209
348.952	29831	159	1409
348.96	29833	156	209
348.962	29834	158	1409
348.97	29835	160	1409
348.973	29836	157	209
348.975	29837	159	1409
348.98	29838	158	1409
348.987	29839	158	209
348.99	29840	159	1409
348.996	29841	157	1409
349.007	29842	158	209
349.009	29843	160	1412
349.015	29844	157	1409
349.024	29845	158	1409
349.032	29846	156	1412
349.039	29847	156	209
349.042	29848	157	1409
349.049	29849	156	1409
349.053	29850	150	209
349.055	29851	151	1409
349.067	29852	155	1409
349.072	29853	152	209
349.077	29854	155	1409
349.084	29855	154	1409
349.089	29856	153	209
349.092	29857	155	1409
349.101	29858	157	1412
349.109	29859	158	1409
349.112	29860	155	209
349.114	29861	156	1409
349.119	29862	154	1409
349.124	29863	154	209
349.129	29864	157	1409
349.136	29865	158	1409
349.148	29868	157	1409
349.154	29869	155	209
349.163	29871	158	1409
349.171	29872	158	1412
349.176	29873	158	209
349.183	29875	157	1409
349.189	29876	156	209
349.191	29877	158	1409
349.196	29878	157	1409
349.201	29879	155	209
349.204	29880	156	1409
349.214	29882	154	209
349.219	29884	151	1409
349.224	29885	151	209
349.226	29886	152	1409
349.231	29887	150	1409
349.237	29888	149	209
349.241	29889	153	1409
349.249	29890	153	1409
349.251	29891	150	209
349.256	29892	153	1409
349.261	29893	152	1409
349.266	29894	150	209
349.268	29895	152	1409
349.276	29896	153	1409
349.283	29897	154	209
349.286	29898	155	1409
349.291	29899	154	1409
349.296	29900	153	209
349.298	29901	155	1409
349.305	29902	155	1409
349.309	29903	152	209
349.312	29904	154	1409
349.316	29905	152	1409
349.322	29906	151	209
349.324	29907	152	1409
349.331	29908	153	1409
349.336	29909	152	209
349.339	29910	153	1409
349.346	29911	154	1409
349.353	29912	155	209
349.354	29913	154	212
349.359	29915	152	1409
349.364	29916	150	1412
349.371	29917	152	1409
349.377	29918	151	209
349.379	29919	152	1409
349.384	29920	150	1409
349.393	29921	154	1412
349.399	29922	152	209
349.401	29923	154	1409
349.408	29924	155	1409
349.409	29925	150	209
349.411	29926	151	1409
349.418	29927	151	1412
349.428	29928	155	1412
349.435	29929	155	1409
349.441	29930	155	209
349.443	29931	156	1409
349.45	29932	156	1409
349.458	29934	156	1409
349.463	29935	155	1409
349.471	29936	156	209
349.473	29937	157	1409
349.48	29938	159	1409
349.486	29939	157	209
349.488	29940	158	1409
349.493	29941	157	1409
349.498	29942	157	209
349.505	29944	156	1409
349.513	29946	156	1409
349.52	29947	156	1409
349.525	29948	156	209
349.527	29949	157	1409
349.532	29950	156	1409
349.54	29951	157	209
349.547	29953	157	1409
349.553	29954	155	209
349.555	29955	157	1409
349.562	29956	158	1409
349.567	29957	157	1412
349.575	29958	158	209
349.58	29960	155	1409
349.588	29961	156	209
349.59	29962	157	1409
349.595	29963	156	1409
349.598	29964	152	209
349.605	29965	158	1409
349.61	29967	152	209
349.613	29968	153	1409
349.623	29970	150	209
349.628	29971	154	1409
349.637	29972	156	1409
349.649	29975	156	1409
349.655	29976	154	209
349.662	29978	155	1409
349.67	29979	155	212
349.67	29980	155	209
349.675	29982	153	1409
349.683	29983	154	209
349.69	29985	154	1409
349.693	29986	151	209
349.696	29987	152	1409
349.702	29988	152	1409
349.707	29989	152	1412
349.711	29990	150	209
349.715	29991	154	1409
349.718	29992	151	212
349.72	29993	153	1409
349.726	29994	153	209
349.733	29996	154	1409
349.734	29997	150	209
349.738	29999	149	1409
349.745	30000	148	1412
349.75	30001	148	209
349.753	30002	150	1409
349.76	30003	152	1409
349.763	30004	150	209
349.77	30006	151	1409
349.78	30007	150	1412
349.783	30008	148	209
349.785	30009	150	1409
349.793	30010	151	1409
349.794	30011	147	209
349.796	30012	150	1409
349.813	30014	150	1412
349.82	30015	149	209
349.823	30016	150	1409
349.833	30017	151	1412
349.843	30018	153	1409
349.848	30019	149	209
349.848	30020	149	212
349.853	30021	152	1412
349.863	30022	153	1409
349.87	30023	153	1412
349.88	30024	153	1412
349.89	30025	154	1409
349.897	30026	153	1412
349.905	30027	152	209
349.909	30028	156	1409
349.917	30029	155	1409
349.922	30030	154	209
349.925	30031	155	1409
349.93	30032	154	1409
349.939	30033	157	1412
349.947	30034	159	1412
349.954	30036	158	1409
349.959	30037	157	1409
349.967	30038	158	209
349.969	30039	160	1409
349.976	30040	160	1409
349.981	30041	159	1412
349.989	30043	158	1409
349.996	30044	160	1409
349.999	30045	156	209
350.002	30046	157	1409
350.004	30047	153	1409
350.009	30048	153	209
350.012	30049	154	1409
350.022	30050	157	1412
350.032	30052	154	209
350.034	30053	156	1409
350.039	30054	155	1409
350.045	30055	154	209
350.047	30056	155	1409
350.051	30057	153	1409
350.057	30058	152	209
350.061	30059	156	1409
350.069	30060	156	1409
350.074	30061	156	209
350.079	30063	153	1409
350.084	30064	152	209
350.087	30065	153	1409
350.094	30066	155	1409
350.099	30067	153	209
350.102	30068	154	1409
350.106	30069	153	1409
350.11	30070	149	209
350.112	30071	151	1409
350.119	30072	151	1409
350.122	30073	149	209
350.127	30074	153	1409
350.134	30075	153	1409
350.139	30076	152	209
350.142	30077	153	1409
350.149	30078	153	1409
350.154	30079	153	209
350.157	30080	154	1409
350.16	30081	151	212
350.164	30082	155	1409
350.167	30083	151	209
350.17	30084	152	1409
350.174	30085	151	1409
350.18	30086	150	209
350.182	30087	151	1409
350.189	30088	152	1409
350.197	30089	153	212
350.197	30090	153	209
350.2	30091	154	1409
350.207	30092	154	1409
350.212	30093	153	209
350.219	30095	153	1409
350.227	30096	154	209
350.229	30097	155	1409
350.236	30098	157	1409
350.243	30099	157	1412
350.247	30100	154	209
350.249	30101	156	1409
350.254	30102	154	1409
350.257	30103	150	209
350.262	30104	154	1409
350.272	30106	152	209
350.274	30107	153	1409
350.282	30108	154	1409
350.289	30109	154	1412
350.294	30110	154	209
350.297	30111	155	1409
350.304	30112	155	1409
350.309	30113	155	209
350.316	30115	155	1409
350.322	30116	153	209
350.324	30117	154	1409
350.329	30118	153	1409
350.337	30119	155	209
350.344	30121	154	1409
350.351	30123	155	1409
350.358	30124	155	1409
350.364	30125	154	209
350.366	30126	156	1409
350.375	30127	158	1409
350.381	30128	158	209
350.388	30130	158	1409
350.392	30131	154	209
350.399	30133	154	1409
350.405	30134	153	209
350.412	30136	153	1409
350.417	30137	153	209
350.425	30139	152	1412
350.437	30141	152	209
350.44	30142	153	1409
350.45	30144	151	209
350.455	30146	149	1409
350.461	30147	148	209
350.463	30148	149	1409
350.47	30149	150	1409
350.477	30150	151	1412
350.481	30151	148	209
350.488	30153	147	1409
350.494	30154	147	209
350.496	30155	148	1409
350.503	30156	148	1409
350.511	30157	150	209
350.518	30159	149	1412
350.526	30160	151	1409
350.526	30161	145	209
350.531	30162	149	1409
350.536	30163	149	1409
350.541	30164	148	209
350.543	30165	150	1409
350.55	30166	153	1412
350.554	30167	150	212
350.556	30168	152	1409
350.561	30169	151	209
350.563	30170	154	1409
350.568	30171	154	1409
350.571	30172	150	209
350.573	30173	153	1409
350.578	30174	152	1409
350.59	30175	152	1412
350.593	30176	150	209
350.595	30177	152	1409
350.603	30178	153	1412
350.607	30179	153	1409
350.613	30180	153	209
350.615	30181	153	1412
350.622	30182	154	1409
350.627	30183	154	1409
350.634	30184	157	1412
350.637	30185	154	209
350.645	30186	157	1412
350.651	30187	156	1409
350.661	30188	157	1412
350.671	30189	158	1412
350.681	30190	159	1409
350.686	30191	156	209
350.69	30192	159	1409
350.698	30193	158	1412
350.708	30194	159	1409
350.715	30195	159	209
350.718	30196	159	1409
350.728	30197	161	1409
350.737	30198	162	1412
350.743	30199	159	209
350.745	30200	160	1409
350.75	30201	157	1409
350.758	30202	157	209
350.768	30204	160	1409
350.771	30205	156	209
350.773	30206	158	1409
350.779	30208	151	209
350.784	30209	155	1409
350.788	30210	153	1409
350.794	30211	152	209
350.801	30213	152	1409
350.804	30214	149	209
350.807	30215	150	1409
350.813	30216	151	1409
350.817	30217	147	209
350.819	30218	148	1409
350.824	30219	148	1409
350.832	30220	148	209
350.837	30222	146	1409
350.84	30223	143	209
350.842	30224	145	1409
350.852	30225	147	1409
350.855	30226	145	209
350.86	30227	148	1409
350.869	30228	151	1409
350.873	30229	148	209
350.875	30230	149	1409
350.882	30231	150	1409
350.887	30232	149	209
350.894	30234	149	1409
350.9	30235	147	209
350.904	30236	151	1409
350.909	30237	150	1409
350.915	30238	149	209
350.917	30239	151	1409
350.924	30240	151	1409
350.927	30241	148	209
350.932	30242	152	1409
350.939	30243	152	1409
350.945	30244	151	209
350.947	30245	153	1409
350.954	30246	153	1409
350.957	30247	150	209
350.962	30248	153	1409
350.967	30249	152	1409
350.976	30250	155	1412
350.982	30251	154	209
350.984	30252	155	1412
350.992	30253	156	1409
350.999	30254	157	1409
351.003	30255	156	209
351.006	30256	157	1409
351.013	30257	158	1412
351.02	30258	159	1409
351.028	30259	160	209
351.03	30260	161	1409
351.035	30261	160	1409
351.041	30262	158	209
351.043	30263	161	1409
351.052	30264	163	1412
351.06	30265	164	1409
351.063	30266	160	209
351.07	30268	160	1409
351.075	30269	159	209
351.078	30270	160	1409
351.083	30271	159	1409
351.088	30272	158	209
351.096	30274	158	1409
351.101	30275	157	209
351.103	30276	158	1412
351.106	30277	155	1409
351.113	30278	155	1409
351.119	30279	155	209
351.127	30282	149	209
351.129	30283	151	1409
351.136	30284	151	1409
351.139	30285	148	209
351.144	30286	152	1409
351.149	30287	150	1409
351.15	30288	145	209
351.159	30290	147	1409
351.165	30291	146	209
351.167	30292	147	1409
351.174	30293	148	1409
351.18	30294	147	209
351.182	30295	149	1409
351.19	30296	149	1409
351.193	30297	146	209
351.202	30299	148	1409
351.208	30300	147	209
351.21	30301	149	1409
351.215	30302	147	1409
351.22	30303	146	209
351.223	30304	148	1409
351.232	30305	151	1409
351.24	30307	150	1409
351.247	30308	151	1409
351.252	30309	150	209
351.257	30310	153	1409
351.265	30311	155	1409
351.27	30312	154	209
351.272	30313	156	1409
351.279	30314	156	1412
351.284	30315	155	1409
351.289	30316	153	209
351.294	30317	156	1409
351.299	30318	156	1409
351.308	30319	159	1412
351.312	30320	155	209
351.314	30321	157	1409
351.321	30322	157	1409
351.328	30323	158	209
351.333	30324	161	1409
351.341	30325	163	1412
351.345	30326	161	1412
351.352	30327	162	1409
351.358	30329	160	1409
351.365	30330	160	1409
351.372	30331	161	1412
351.377	30332	160	209
351.379	30333	162	1409
351.386	30334	163	1409
351.389	30335	161	209
351.392	30336	163	1409
351.394	30337	160	1409
351.399	30338	160	209
351.402	30339	161	1409
351.407	30340	161	1409
351.41	30341	159	209
351.414	30342	163	1409
351.417	30343	160	1412
351.422	30344	160	1409
351.424	30345	158	209
351.427	30346	159	1409
351.437	30348	158	209
351.442	30350	157	1409
351.447	30351	157	212
351.45	30353	158	1409
351.452	30354	155	1409
351.462	30355	156	209
351.465	30356	158	1409
351.47	30357	155	1409
351.473	30358	150	209
351.482	30360	151	1409
351.49	30361	150	209
351.493	30362	151	1409
351.5	30363	149	1409
351.508	30364	148	209
351.513	30365	152	1409
351.52	30366	150	1409
351.527	30367	150	209
351.53	30368	150	1409
351.54	30369	152	1409
351.548	30370	151	209
351.55	30371	153	1409
351.56	30372	153	1409
351.567	30373	152	212
351.567	30374	151	209
351.57	30375	152	1409
351.58	30376	153	1409
351.585	30377	153	209
351.587	30378	154	1409
351.594	30379	154	1409
351.6	30380	153	209
351.604	30381	157	1409
351.61	30382	155	1409
351.615	30383	154	209
351.619	30384	158	1409
351.624	30385	156	1409
351.63	30386	155	209
351.632	30387	156	1409
351.639	30388	156	1409
351.647	30389	158	1412
351.652	30390	156	1412
351.657	30391	155	212
351.657	30392	155	209
351.66	30393	156	1409
351.667	30394	156	1409
351.672	30396	154	1409
351.679	30397	156	1409
351.684	30398	154	209
351.686	30399	155	1409
351.694	30400	156	1412
351.701	30401	157	1409
351.706	30402	156	209
351.711	30403	159	1409
351.714	30404	155	1409
351.721	30405	156	209
351.723	30406	158	1409
351.731	30407	159	1409
351.736	30408	157	209
351.738	30409	159	1409
351.743	30410	158	1409
351.746	30411	153	209
351.748	30412	155	1409
351.754	30413	154	1409
351.759	30414	152	209
351.761	30415	155	1409
351.771	30416	157	1409
351.774	30417	154	209
351.776	30418	156	1409
351.783	30419	156	1409
351.789	30420	155	209
351.791	30421	157	1409
351.796	30422	155	1409
351.797	30423	149	209
351.799	30424	151	1409
351.807	30425	152	1409
351.812	30426	150	209
351.814	30427	151	1409
351.821	30428	153	1409
351.827	30429	151	209
351.829	30430	152	1409
351.834	30431	151	1409
351.839	30432	149	209
351.841	30433	151	1409
351.849	30434	152	1409
351.854	30435	151	209
351.856	30436	153	1409
351.866	30437	155	1409
351.868	30438	152	209
351.873	30439	155	1409
351.879	30440	154	212
351.881	30441	156	1409
351.886	30442	155	209
351.893	30444	154	1409
351.899	30445	153	209
351.901	30446	155	1409
351.908	30447	156	1409
351.914	30448	155	209
351.921	30450	155	1409
351.924	30451	151	209
351.927	30452	152	1409
351.934	30453	154	1409
351.939	30454	152	209
351.944	30456	150	1409
351.95	30457	149	209
351.952	30458	151	1409
351.957	30459	149	1409
351.96	30460	146	209
351.972	30462	150	1409
351.975	30463	147	209
351.977	30464	148	1409
351.987	30465	150	1409
351.99	30466	148	209
351.992	30467	149	1409
351.997	30468	148	1409
352.003	30469	146	209
352.007	30470	150	1409
352.012	30471	149	1409
352.02	30472	150	209
352.022	30473	151	1409
352.03	30474	152	1409
352.033	30475	149	209
352.037	30476	153	1409
352.045	30477	154	1409
352.047	30478	150	209
352.052	30479	153	1409
352.06	30480	155	1409
352.062	30481	152	209
352.067	30482	155	1409
352.072	30483	155	1409
352.075	30484	151	209
352.085	30486	153	1409
352.088	30487	150	209
352.09	30488	152	1409
352.098	30489	153	1412
352.107	30490	155	1409
352.112	30491	155	209
352.114	30492	156	1409
352.119	30493	155	1409
352.129	30494	158	1412
352.134	30495	157	209
352.137	30497	153	1409
352.142	30498	152	209
352.147	30499	153	1412
352.154	30500	154	1409
352.159	30501	153	1409
352.167	30502	154	209
352.169	30503	155	1409
352.179	30504	156	1412
352.186	30505	158	1409
352.194	30507	156	1409
352.201	30508	157	1409
352.206	30509	156	209
352.208	30510	158	1409
352.215	30511	160	1409
352.218	30512	158	209
352.223	30514	156	1409
352.228	30515	157	209
352.231	30516	158	1409
352.238	30517	158	1409
352.241	30518	157	209
352.243	30519	156	1409
352.25	30520	156	1409
352.253	30521	154	209
352.256	30522	155	1409
352.268	30523	158	1409
352.268	30524	154	209
352.273	30525	156	1409
352.278	30526	155	1409
352.283	30527	156	209
352.29	30528	156	1412
352.295	30529	156	1409
352.3	30530	156	1409
352.303	30531	153	209
352.305	30532	156	1409
352.316	30535	154	1409
352.323	30536	153	1409
352.328	30537	151	209
352.336	30538	156	1409
352.342	30539	155	1412
352.35	30540	154	1409
352.357	30541	153	209
352.362	30542	157	1409
352.37	30543	156	1409
352.377	30544	155	209
352.38	30545	156	1409
352.389	30546	158	1409
352.397	30547	157	209
352.4	30548	158	1409
352.405	30549	155	212
352.407	30550	156	1409
352.41	30551	151	209
352.413	30552	152	1409
352.42	30553	154	1409
352.425	30554	152	1412
352.43	30555	151	209
352.438	30556	157	1409
352.45	30559	156	1409
352.455	30560	154	1409
352.46	30561	153	209
352.462	30562	155	1409
352.469	30563	156	1409
352.473	30564	153	209
352.475	30565	154	1409
352.479	30566	152	1409
352.485	30567	152	209
352.493	30569	152	1409
352.495	30570	149	209
352.5	30571	152	1409
352.507	30572	152	1409
352.513	30573	152	209
352.515	30574	153	1409
352.522	30575	154	1412
352.527	30576	154	212
352.532	30577	157	1409
352.537	30578	156	209
352.544	30580	156	1409
352.545	30581	151	209
352.55	30582	154	1409
352.56	30584	152	209
352.562	30585	153	1409
352.567	30586	152	1409
352.57	30587	149	209
352.573	30588	150	1409
352.58	30589	152	1409
352.585	30590	150	209
352.588	30591	151	1409
352.593	30592	150	1409
352.598	30593	149	209
352.6	30594	151	1409
352.613	30596	151	209
352.615	30597	152	1409
352.62	30598	150	1409
352.625	30599	150	209
352.628	30600	151	1409
352.635	30601	152	1409
352.64	30602	150	209
352.643	30603	152	1409
352.65	30604	153	1409
352.655	30605	152	1412
352.66	30606	151	212
352.661	30607	151	209
352.663	30608	152	1409
352.67	30609	153	1409
352.676	30610	152	209
352.678	30611	153	1409
352.683	30612	152	1409
352.688	30613	151	209
352.693	30614	155	1409
352.7	30615	155	1412
352.705	30616	155	1409
352.708	30617	152	209
352.713	30618	155	1409
352.718	30619	154	1409
352.726	30620	155	209
352.731	30622	153	1409
352.738	30624	153	1409
352.745	30625	155	1409
352.753	30627	150	209
352.758	30628	153	1409
352.76	30629	150	1412
352.77	30630	152	1409
352.771	30631	147	209
352.775	30632	151	1409
352.78	30633	150	1409
352.788	30634	151	209
352.79	30635	153	1409
352.797	30636	152	1409
352.803	30637	152	209
352.805	30638	154	1409
352.812	30639	154	1409
352.82	30640	156	1412
352.825	30641	154	209
352.827	30642	155	1409
352.832	30643	155	1409
352.837	30644	154	209
352.84	30645	155	1409
352.853	30647	155	209
352.855	30648	156	1409
352.86	30649	155	1409
352.865	30650	155	209
352.87	30652	152	1409
352.875	30653	151	209
352.88	30654	154	1409
352.885	30655	153	1409
352.89	30656	152	209
352.892	30657	154	1409
352.899	30658	155	1409
352.903	30659	151	209
352.91	30660	157	1409
352.914	30661	156	1409
352.917	30662	153	209
352.922	30663	157	1409
352.929	30664	158	1409
352.932	30665	154	209
352.937	30666	157	1409
352.947	30668	155	212
352.949	30669	156	1409
352.952	30670	154	209
352.962	30672	156	1412
352.967	30673	155	1409
352.972	30674	154	209
352.982	30676	156	1409
352.985	30677	153	209
352.99	30678	156	1409
352.995	30679	155	1409
352.997	30680	152	209
353.002	30681	155	1409
353.01	30682	156	1409
353.012	30683	153	209
353.017	30684	156	1409
353.025	30686	152	209
353.027	30687	154	1409
353.038	30689	151	209
353.04	30690	152	1409
353.047	30691	154	1409
353.048	30692	150	209
353.05	30693	152	1409
353.055	30694	152	1409
353.06	30695	152	1412
353.065	30696	152	209
353.067	30697	154	1409
353.074	30699	151	1412
353.079	30700	151	209
353.082	30701	152	1409
353.089	30702	155	1409
353.092	30703	153	209
353.097	30704	156	1409
353.099	30705	154	1409
353.112	30708	152	1409
353.112	30709	148	209
353.115	30710	150	1409
353.124	30711	152	1409
353.129	30712	150	209
353.132	30713	152	1409
353.14	30714	153	1409
353.149	30715	153	1412
353.157	30716	153	209
353.162	30717	156	1409
353.169	30718	154	1412
353.176	30719	154	1409
353.186	30720	156	209
353.189	30721	156	1412
353.196	30722	156	1409
353.205	30723	157	1409
353.212	30724	154	209
353.216	30725	158	1409
353.221	30726	155	1409
353.229	30727	153	209
353.231	30728	155	1412
353.241	30729	157	1409
353.248	30730	155	1412
353.256	30731	156	1409
353.261	30732	156	209
353.263	30733	157	1409
353.276	30735	156	209
353.28	30736	160	1409
353.283	30737	157	1412
353.29	30738	158	1409
353.296	30739	156	209
353.3	30740	160	1409
353.305	30741	159	1409
353.31	30743	157	1409
353.317	30744	158	1409
353.323	30745	156	212
353.329	30747	155	209
353.331	30748	156	1409
353.338	30749	157	1409
353.339	30750	152	209
353.351	30752	156	1409
353.354	30753	153	209
353.356	30754	154	1409
353.361	30755	153	1409
353.366	30756	153	209
353.369	30757	154	1409
353.376	30758	154	1409
353.376	30759	149	209
353.381	30760	152	1409
353.386	30761	151	1409
353.391	30762	151	209
353.401	30764	152	1409
353.403	30765	149	209
353.406	30766	151	1409
353.413	30767	152	1409
353.418	30768	151	209
353.421	30769	152	1409
353.426	30770	150	1409
353.426	30771	145	209
353.431	30772	148	1409
353.433	30773	145	1409
353.436	30774	142	209
353.438	30775	143	1409
353.443	30776	140	1409
353.446	30777	138	209
353.448	30778	139	1409
353.451	30779	135	1409
353.453	30780	132	209
353.456	30781	133	1409
353.545	30782	52	1412
353.55	30783	52	212
353.553	30784	54	1412
353.558	30785	52	1412
353.564	30786	53	1412
353.65	30787	54	1409
353.652	30788	50	209
353.657	30789	54	1409
353.663	30790	55	1409
353.665	30791	50	209
353.667	30792	52	1409
353.755	30793	55	1409
353.76	30794	54	209
353.762	30795	56	1409
353.77	30796	57	1409
353.775	30797	56	209
353.777	30798	58	1409
353.785	30799	58	1409
353.79	30800	57	209
353.792	30801	59	1409
353.8	30802	60	1409
353.805	30803	59	209
353.807	30804	61	1409
353.814	30805	61	1409
353.82	30806	61	209
353.825	30807	64	1409
353.832	30808	65	1409
353.835	30809	63	209
353.84	30810	66	1409
353.847	30811	66	1409
353.852	30812	66	209
353.855	30813	67	1409
353.862	30814	68	1409
353.867	30815	68	209
353.87	30816	69	1409
353.877	30817	70	1409
353.882	30818	69	209
353.887	30819	73	1409
353.894	30820	74	1409
353.9	30821	73	209
353.902	30822	74	1409
353.909	30823	75	1409
353.915	30824	74	209
353.917	30825	75	1409
353.924	30826	77	1409
353.93	30827	76	209
353.932	30828	77	1409
353.939	30829	78	1409
353.945	30830	77	209
353.947	30831	79	1409
353.954	30832	80	1409
353.962	30833	82	209
353.965	30834	83	1409
353.971	30835	83	1409
353.977	30836	83	209
353.982	30837	86	1409
353.986	30838	85	1409
353.992	30839	85	209
353.994	30840	86	1409
354.002	30841	86	1409
354.007	30842	86	209
354.014	30843	92	1409
354.017	30844	88	1409
354.022	30845	88	209
354.029	30846	94	1409
354.034	30847	91	1409
354.039	30848	91	209
354.044	30849	94	1409
354.049	30850	93	1409
354.057	30851	94	209
354.059	30852	96	1409
354.064	30853	95	1409
354.069	30854	94	209
354.074	30855	98	1409
354.082	30856	98	1409
354.087	30857	97	209
354.092	30858	101	1409
354.097	30859	100	1409
354.104	30860	101	209
354.107	30861	102	1409
354.114	30862	103	1409
354.119	30863	103	209
354.121	30864	104	1409
354.131	30865	107	1409
354.137	30866	106	209
354.141	30867	110	1409
354.149	30868	111	1409
354.154	30869	110	209
354.159	30870	113	1409
354.166	30871	115	1409
354.171	30872	114	209
354.174	30873	115	1409
354.181	30874	116	1409
354.186	30875	115	209
354.189	30876	116	1409
354.201	30877	122	1409
354.207	30878	121	209
354.209	30879	123	1409
354.219	30880	126	1409
354.224	30881	125	209
354.226	30882	127	1409
354.236	30883	131	1409
354.244	30884	131	209
354.246	30885	133	1409
354.251	30886	132	1409
354.259	30887	133	209
354.261	30888	135	1409
354.268	30889	135	1409
354.274	30890	134	209
354.277	30891	136	1409
354.286	30892	139	1409
354.289	30893	135	209
354.292	30894	137	1409
354.301	30895	141	1409
354.306	30896	140	209
354.308	30897	141	1409
354.318	30898	144	1409
354.321	30899	141	209
354.324	30900	142	1409
354.331	30901	143	1409
354.334	30902	140	209
354.339	30903	143	1409
354.343	30904	142	1409
354.346	30905	138	209
354.349	30906	140	1409
354.356	30907	140	1409
354.361	30908	139	209
354.363	30909	141	1409
354.371	30910	142	1409
354.374	30911	138	209
354.379	30912	142	1409
354.384	30913	141	1409
354.389	30914	140	209
354.391	30915	142	1409
354.398	30916	142	1409
354.404	30917	141	209
354.406	30918	142	1409
354.413	30919	144	1409
354.419	30920	142	209
354.421	30921	144	1409
354.428	30922	145	1409
354.431	30923	142	209
354.438	30924	148	1409
354.443	30925	147	1409
354.448	30926	145	209
354.451	30927	147	1409
354.46	30928	150	1409
354.463	30929	147	209
354.466	30930	149	1409
354.476	30931	151	1409
354.478	30932	149	209
354.481	30933	151	1409
354.488	30934	152	1409
354.493	30935	153	209
354.496	30936	155	1409
354.503	30937	156	1409
354.504	30938	152	209
354.506	30939	155	1409
354.511	30940	154	1409
354.523	30943	155	1409
354.526	30944	153	209
354.531	30946	152	1409
354.534	30947	151	209
354.536	30948	152	1409
354.541	30949	152	1409
354.546	30950	152	209
354.552	30952	151	1409
354.557	30953	151	209
354.559	30954	152	1409
354.562	30955	150	1409
354.567	30956	150	209
354.571	30957	154	1409
354.574	30958	151	1409
354.579	30959	149	209
354.584	30960	151	1409
354.597	30962	147	209
354.599	30963	149	1409
354.609	30964	151	1409
354.615	30965	147	209
354.617	30966	148	1409
354.627	30967	149	1409
354.632	30968	147	209
354.637	30969	150	1409
354.647	30970	151	1409
354.652	30971	148	209
354.654	30972	150	1409
354.666	30973	153	1409
354.672	30974	151	209
354.674	30975	151	1409
354.684	30976	153	1409
354.689	30977	152	209
354.692	30978	153	1409
354.699	30979	154	1409
354.704	30980	153	209
354.707	30981	154	1409
354.712	30982	153	1409
354.715	30983	149	209
354.722	30984	155	1409
354.727	30985	154	1409
354.732	30986	153	212
354.734	30987	154	1412
354.741	30988	155	1412
354.744	30989	152	209
354.747	30990	153	1409
354.754	30991	154	1409
354.759	30992	152	1412
354.766	30993	154	209
354.771	30994	157	1409
354.775	30995	156	1409
354.779	30996	153	209
354.782	30997	154	1409
354.786	30998	153	1409
354.792	30999	152	209
354.794	31000	153	1409
354.803	31001	156	1409
354.811	31002	157	1412
354.816	31003	157	209
354.818	31004	158	1409
354.823	31005	156	1409
354.829	31006	155	209
354.839	31008	156	1409
354.841	31009	153	209
354.846	31010	157	1409
354.851	31011	155	1409
354.859	31012	156	209
354.861	31013	157	1409
354.871	31014	155	1409
354.874	31015	152	209
354.884	31017	149	1409
354.889	31018	149	209
354.891	31019	150	1409
354.901	31020	151	1409
354.907	31021	151	209
354.909	31022	153	1409
354.916	31023	153	1409
354.919	31024	151	209
354.924	31025	153	1409
354.929	31026	151	1409
354.934	31027	150	209
354.936	31028	152	1409
354.944	31029	153	1409
354.951	31030	154	209
354.954	31031	155	1409
354.961	31032	156	1409
354.964	31033	153	209
354.971	31035	153	1409
354.976	31036	152	209
354.979	31037	153	1409
354.986	31038	155	1409
354.996	31040	156	1409
355.003	31041	158	1409
355.008	31042	157	209
355.013	31044	154	1409
355.019	31045	153	209
355.026	31047	154	1409
355.041	31050	154	1409
355.048	31051	156	1412
355.053	31052	154	209
355.056	31053	155	1409
355.063	31054	156	1409
355.066	31055	154	209
355.068	31056	155	1409
355.078	31057	156	1409
355.079	31058	152	209
355.086	31059	153	1412
355.094	31060	154	1409
355.098	31061	153	1409
355.102	31062	149	209
355.111	31064	152	1409
355.117	31065	151	209
355.119	31066	153	1409
355.122	31067	148	1409
355.124	31068	145	209
355.127	31069	146	1409
355.136	31070	150	1409
355.141	31071	149	209
355.144	31072	150	1409
355.151	31073	151	1409
355.154	31074	147	209
355.156	31075	149	1409
355.164	31076	150	1409
355.169	31077	148	209
355.171	31078	150	1412
355.176	31079	148	1409
355.183	31080	150	1409
355.186	31081	146	209
355.188	31082	147	1409
355.193	31083	146	212
355.196	31084	148	1409
355.202	31085	147	209
355.204	31086	148	1409
355.213	31087	151	1409
355.218	31088	150	1412
355.223	31089	149	209
355.226	31090	149	1412
355.238	31091	148	212
355.24	31092	150	1412
355.248	31093	150	1409
355.253	31094	148	1409
355.258	31095	147	209
355.26	31096	149	1409
355.268	31097	150	1409
355.273	31098	148	209
355.275	31099	150	1409
355.282	31100	151	1409
355.29	31101	152	209
355.292	31102	154	1409
355.299	31103	154	1409
355.305	31104	153	209
355.307	31105	155	1409
355.314	31106	157	1409
355.319	31107	157	1412
355.322	31108	155	209
355.327	31109	158	1409
355.331	31110	158	1409
355.337	31111	158	209
355.339	31112	159	1409
355.344	31113	159	1409
355.347	31114	157	209
355.351	31115	161	1409
355.356	31116	161	1409
355.361	31117	161	209
355.366	31119	160	1409
355.371	31120	160	209
355.374	31121	161	1409
355.379	31122	161	1409
355.379	31123	156	209
355.381	31124	159	1409
355.388	31125	160	1409
355.391	31126	158	209
355.398	31128	160	1409
355.402	31129	157	209
355.406	31131	157	1409
355.407	31132	152	209
355.419	31134	154	1409
355.422	31135	149	209
355.427	31136	152	1409
355.44	31138	148	209
355.445	31139	152	1409
355.45	31140	148	1409
355.458	31141	148	209
355.467	31143	148	1409
355.473	31144	145	209
355.477	31145	149	1409
355.487	31146	150	1409
355.492	31147	147	209
355.495	31148	147	1409
355.505	31149	149	1409
355.508	31150	146	209
355.512	31151	150	1409
355.52	31152	150	1409
355.525	31153	150	209
355.527	31154	151	1409
355.535	31155	152	1409
355.54	31156	151	209
355.542	31157	152	1409
355.55	31158	153	1409
355.555	31159	153	209
355.557	31160	154	1409
355.562	31161	152	1409
355.572	31162	155	1412
355.575	31163	153	209
355.578	31164	154	1409
355.582	31165	152	1409
355.588	31166	152	209
355.59	31167	153	1409
355.598	31168	154	1409
355.605	31169	154	1412
355.61	31170	153	1412
355.615	31171	152	209
355.617	31172	154	1409
355.625	31173	154	1412
355.632	31174	155	1409
355.637	31175	155	209
355.64	31176	156	1409
355.642	31177	152	1412
355.649	31178	153	1409
355.655	31179	152	209
355.66	31180	156	1409
355.665	31181	154	1409
355.674	31182	156	1412
355.679	31183	156	209
355.684	31184	157	1409
355.694	31185	157	1409
355.699	31186	156	209
355.704	31187	160	1409
355.711	31188	157	1409
355.717	31189	156	209
355.719	31190	157	1409
355.724	31191	155	1409
355.729	31192	154	209
355.732	31193	155	1409
355.742	31194	157	1409
355.745	31195	154	209
355.749	31196	157	1409
355.754	31197	155	1409
355.758	31198	152	209
355.762	31199	155	1409
355.767	31200	153	1409
355.775	31201	152	209
355.782	31203	152	1409
355.787	31204	152	209
355.79	31205	153	1409
355.797	31206	154	1409
355.8	31207	151	209
355.802	31208	152	1409
355.807	31209	150	1409
355.81	31210	148	209
355.813	31211	149	1409
355.822	31212	152	1409
355.828	31213	151	209
355.83	31214	152	1409
355.837	31215	153	1409
355.843	31216	152	209
355.85	31218	152	1409
355.855	31219	151	209
355.857	31220	152	1409
355.867	31221	155	1409
355.872	31222	155	209
355.879	31224	155	1409
355.883	31225	151	209
355.889	31226	157	1409
355.894	31227	156	1409
355.895	31228	151	209
355.897	31229	152	1409
355.907	31230	155	1409
355.91	31231	152	209
355.912	31232	153	1409
355.918	31233	152	1409
355.925	31234	153	209
355.927	31235	154	1409
355.932	31236	153	1409
355.937	31237	152	209
355.94	31238	153	1409
355.95	31239	156	1409
355.952	31240	153	209
355.955	31241	154	1409
355.957	31242	151	1409
355.962	31243	149	209
355.965	31244	150	1409
355.972	31245	152	1409
355.975	31246	149	209
355.98	31247	153	1409
355.985	31248	150	1412
355.992	31249	152	1409
355.997	31250	151	209
356	31251	152	1409
356.005	31252	150	1409
356.008	31253	147	209
356.01	31254	148	1409
356.017	31255	149	1409
356.022	31256	147	209
356.024	31257	149	1409
356.031	31258	150	1409
356.037	31259	150	209
356.04	31260	151	1409
356.047	31261	151	1409
356.051	31262	150	1412
356.057	31263	149	209
356.061	31264	153	1409
356.069	31265	152	1409
356.074	31266	152	209
356.079	31267	150	1412
356.086	31268	151	1409
356.094	31269	152	1409
356.099	31270	151	209
356.101	31271	152	1409
356.109	31272	153	1409
356.114	31273	152	209
356.118	31274	156	1409
356.126	31275	156	1409
356.131	31276	156	209
356.133	31277	158	1409
356.136	31278	156	1409
356.141	31279	155	209
356.143	31280	157	1409
356.147	31281	157	1409
356.153	31282	157	209
356.16	31283	161	1409
356.165	31284	160	1409
356.168	31285	158	209
356.17	31286	161	1409
356.175	31287	159	1409
356.178	31288	157	209
356.18	31289	160	1409
356.187	31290	162	1409
356.19	31291	159	209
356.197	31293	161	1409
356.198	31294	157	209
356.205	31296	158	1409
356.208	31297	156	209
356.211	31298	157	1409
356.218	31299	159	1409
356.218	31300	155	209
356.22	31301	156	1409
356.225	31302	156	1409
356.23	31303	156	209
356.235	31305	151	1409
356.246	31306	153	209
356.248	31307	153	1409
356.255	31308	152	1409
356.265	31309	154	209
356.268	31310	155	1409
356.273	31311	152	1409
356.281	31312	151	209
356.29	31314	151	1409
356.298	31315	151	209
356.301	31316	152	1409
356.308	31317	151	1409
356.318	31318	153	209
356.321	31319	153	1409
356.328	31320	152	1409
356.338	31321	154	209
356.345	31323	154	1409
356.353	31325	155	1409
356.364	31327	152	209
356.37	31329	152	1409
356.376	31330	151	209
356.378	31331	153	1409
356.385	31332	153	1409
356.39	31333	152	209
356.393	31334	153	1409
356.398	31335	153	1409
356.408	31336	155	1412
356.415	31337	156	1412
356.42	31338	155	209
356.423	31339	156	1409
356.43	31340	157	1409
356.433	31341	155	209
356.44	31343	154	1412
356.448	31344	155	1409
356.455	31346	156	1409
356.462	31347	156	1409
356.466	31348	153	209
356.468	31349	154	1409
356.475	31350	155	1409
356.481	31351	154	209
356.483	31352	155	1409
356.49	31353	156	1409
356.495	31354	154	1412
356.502	31355	154	209
356.507	31356	157	1409
356.514	31357	156	1409
356.525	31358	156	209
356.527	31359	157	1409
356.535	31360	157	1409
356.54	31361	152	209
356.55	31362	154	1412
356.558	31363	154	212
356.56	31364	157	1409
356.567	31365	154	1412
356.575	31366	154	1412
356.582	31367	155	1409
356.587	31368	155	209
356.59	31369	156	1409
356.595	31370	155	1409
356.598	31371	151	209
356.6	31372	153	1409
356.607	31373	153	1409
356.615	31374	154	209
356.622	31376	155	1409
356.63	31378	155	1409
356.637	31379	155	1409
356.64	31380	152	209
356.647	31382	153	1412
356.655	31383	153	1409
356.663	31385	154	209
356.672	31387	156	1409
356.675	31388	153	209
356.685	31391	150	209
356.688	31392	151	1409
356.693	31393	150	1409
356.698	31394	149	209
356.703	31395	153	1409
356.714	31397	150	209
356.723	31399	153	1409
356.728	31400	152	209
356.734	31402	150	1409
356.741	31403	150	209
356.743	31404	152	1409
356.749	31406	145	209
356.752	31407	147	1409
356.759	31408	147	1409
356.762	31409	144	209
356.767	31410	148	1409
356.773	31411	149	1409
356.775	31412	143	209
356.782	31413	149	1409
356.786	31414	148	1409
356.789	31415	144	209
356.791	31416	146	1409
356.798	31417	146	1409
356.803	31418	145	209
356.806	31419	146	1409
356.811	31420	145	1409
356.814	31421	141	209
356.818	31422	145	1412
356.823	31423	144	1409
356.828	31424	143	212
356.831	31425	144	1409
356.836	31426	143	209
356.838	31427	144	1409
356.843	31428	143	1412
356.848	31429	141	1409
356.853	31430	140	212
356.856	31431	142	209
356.859	31432	143	1409
356.866	31433	144	1409
356.871	31434	143	1412
356.878	31435	143	209
356.88	31436	145	1412
356.888	31437	146	1412
356.892	31438	144	1409
356.899	31439	145	1409
356.905	31440	144	209
356.907	31441	146	1409
356.914	31442	146	1412
356.922	31443	147	1412
356.927	31444	146	1409
356.934	31445	147	1412
356.939	31446	146	209
356.944	31447	150	1409
356.951	31448	150	1412
356.959	31449	151	1409
356.964	31450	150	209
356.966	31451	151	1409
356.973	31452	154	1409
356.976	31453	152	209
356.979	31454	153	1409
356.985	31455	155	1409
356.989	31456	153	209
356.991	31457	155	1409
356.998	31458	157	1409
357.004	31459	157	209
357.006	31460	158	1409
357.013	31461	161	1409
357.016	31462	159	209
357.021	31464	158	1409
357.026	31465	158	209
357.029	31467	154	1409
357.034	31468	155	209
357.036	31469	157	1409
357.042	31470	157	1409
357.042	31471	152	209
357.045	31472	154	1409
357.049	31473	154	1409
357.05	31474	149	209
357.052	31475	151	1409
357.057	31476	150	1409
357.062	31477	151	209
357.073	31480	146	209
357.078	31481	150	1409
357.09	31483	146	209
357.093	31484	147	1409
357.103	31485	148	1409
357.11	31486	148	209
357.112	31487	149	1409
357.122	31488	150	1409
357.128	31489	147	209
357.132	31490	150	1409
357.14	31491	149	1409
357.147	31492	148	209
357.15	31493	149	1409
357.16	31494	151	1409
357.165	31495	148	209
357.17	31496	152	1409
357.177	31497	150	1409
357.183	31498	149	209
357.187	31499	153	1409
357.195	31500	154	1409
357.198	31501	151	209
357.202	31502	155	1409
357.21	31503	155	1409
357.213	31504	152	209
357.215	31505	153	1409
357.222	31506	155	1409
357.23	31507	156	1412
357.236	31508	156	1412
357.242	31509	155	209
357.244	31510	157	1409
357.251	31511	158	1409
357.256	31512	156	209
357.261	31513	160	1409
357.266	31514	159	1409
357.267	31515	153	209
357.269	31516	155	1409
357.276	31517	156	1409
357.281	31518	155	1412
357.288	31519	156	1412
357.296	31520	155	1412
357.301	31521	154	209
357.304	31522	157	1409
357.313	31523	160	1409
357.319	31524	158	209
357.321	31525	159	1409
357.328	31526	156	1409
357.334	31527	155	209
357.341	31528	158	1409
357.348	31529	159	1409
357.353	31530	156	209
357.358	31531	159	1409
357.365	31532	156	1409
357.371	31533	155	209
357.378	31534	157	1409
357.385	31535	158	1409
357.39	31536	157	209
357.393	31537	155	1409
357.398	31538	153	1409
357.405	31539	155	209
357.41	31540	158	1409
357.417	31541	158	1409
357.418	31542	153	209
357.421	31543	154	1409
357.428	31544	155	1409
357.435	31545	156	209
357.438	31546	158	1409
357.445	31547	158	1409
357.45	31548	158	209
357.453	31549	159	1409
357.461	31551	155	209
357.463	31552	156	1409
357.471	31554	152	209
357.473	31555	154	1409
357.483	31557	152	209
357.488	31558	155	1409
357.498	31560	153	209
357.5	31561	155	1409
357.505	31562	154	1409
357.511	31563	153	209
357.513	31564	155	1409
357.518	31565	153	1409
357.524	31566	153	209
357.526	31567	154	1409
357.53	31568	153	1409
357.534	31569	150	209
357.541	31571	151	1409
357.546	31572	150	209
357.549	31573	151	1409
357.559	31575	149	209
357.567	31577	149	1409
357.574	31578	151	209
357.577	31579	152	1409
357.584	31580	153	1409
357.587	31581	150	209
357.592	31583	148	1409
357.593	31584	144	209
357.595	31585	145	1409
357.602	31586	146	1409
357.608	31587	145	209
357.61	31588	146	1409
357.615	31589	145	1409
357.62	31590	144	209
357.622	31591	146	1409
357.63	31592	147	1409
357.63	31593	142	209
357.637	31594	148	1409
357.639	31595	144	1409
357.645	31596	143	209
357.647	31597	145	1409
357.654	31598	146	1409
357.659	31599	145	1412
357.662	31600	142	209
357.667	31601	145	1412
357.674	31602	146	1409
357.679	31603	144	1412
357.688	31604	148	1409
357.691	31605	144	1412
357.697	31606	143	209
357.699	31607	145	1409
357.706	31608	145	1409
357.709	31609	143	209
357.714	31610	146	1409
357.719	31611	145	1409
357.726	31612	146	209
357.728	31613	148	1409
357.735	31614	149	1409
357.742	31615	150	1412
357.747	31616	149	209
357.75	31617	150	1409
357.757	31618	152	1409
357.765	31619	153	1412
357.772	31620	155	1412
357.775	31621	151	209
357.78	31622	154	1409
357.787	31623	154	1409
357.793	31624	153	209
357.795	31625	154	1412
357.802	31626	154	1409
357.809	31627	156	1409
357.815	31628	156	209
357.817	31629	158	1409
357.824	31630	160	1409
357.827	31631	159	209
357.832	31633	157	1409
357.835	31634	155	209
357.837	31635	157	1409
357.842	31636	157	1409
357.847	31637	157	209
357.849	31638	159	1409
357.852	31639	156	1409
357.852	31640	152	209
357.855	31641	154	1409
357.861	31642	156	1409
357.865	31643	154	209
357.867	31644	156	1409
357.872	31645	155	1409
357.884	31648	158	1409
357.884	31649	153	209
357.89	31650	157	1409
357.892	31651	155	1409
357.897	31652	156	209
357.899	31653	157	1409
357.904	31654	157	1409
357.907	31655	155	209
357.912	31657	154	1409
357.919	31658	153	209
357.922	31659	154	1409
357.927	31660	152	1409
357.932	31661	149	209
357.937	31662	153	1409
357.947	31663	154	1409
357.952	31664	151	209
357.957	31665	154	1409
357.967	31667	149	209
357.97	31668	150	1409
357.98	31669	152	1409
357.985	31670	149	209
357.99	31671	152	1409
357.997	31672	151	1409
358.003	31673	149	209
358.007	31674	153	1409
358.017	31675	155	1409
358.024	31677	155	1409
358.032	31678	156	1409
358.039	31679	156	1412
358.044	31680	156	209
358.047	31681	157	1409
358.051	31682	156	1409
358.054	31683	153	209
358.059	31684	157	1409
358.067	31686	153	209
358.069	31687	154	1409
358.077	31688	155	1409
358.082	31689	154	209
358.084	31690	156	1409
358.089	31691	155	212
358.092	31692	156	1412
358.099	31693	158	1409
358.102	31694	155	209
358.104	31695	156	1409
358.109	31696	155	1409
358.115	31697	154	209
358.117	31698	156	1409
358.124	31699	157	1412
358.13	31701	151	209
358.135	31702	154	1409
358.139	31703	153	1409
358.143	31704	150	209
358.152	31706	153	1409
358.158	31707	151	209
358.16	31708	153	1409
358.17	31709	152	1412
358.174	31710	151	1409
358.18	31711	151	209
358.187	31713	150	1409
358.193	31714	150	209
358.195	31715	152	1409
358.2	31716	151	1409
358.205	31717	150	209
358.21	31718	152	1409
358.218	31719	150	1409
358.223	31720	148	212
358.223	31721	149	209
358.225	31722	150	1409
358.233	31723	151	1409
358.238	31724	150	209
358.24	31725	152	1409
358.25	31726	154	1409
358.25	31727	149	209
358.255	31728	152	1409
358.259	31729	151	1409
358.264	31730	150	209
358.268	31731	152	1409
358.274	31732	153	1412
358.279	31733	152	1409
358.285	31734	151	209
358.287	31735	153	1409
358.294	31736	154	1409
358.3	31737	153	209
358.304	31738	157	1409
358.309	31739	156	1409
358.312	31740	153	209
358.317	31741	157	1409
358.324	31742	158	1409
358.33	31744	156	1409
358.337	31745	157	1409
358.342	31746	157	1412
358.342	31747	151	209
358.349	31748	157	1409
358.354	31749	156	1409
358.362	31750	156	1412
358.365	31751	153	209
358.367	31752	154	1409
358.372	31753	153	1409
358.382	31755	156	1409
358.389	31756	157	1409
358.396	31757	158	1412
358.401	31758	158	209
358.403	31759	159	1409
358.41	31760	160	1409
358.418	31761	161	209
358.42	31762	162	1409
358.425	31763	161	1409
358.428	31764	159	209
358.433	31765	162	1409
358.438	31766	161	1409
358.443	31767	160	209
358.446	31769	156	1409
358.451	31770	155	209
358.454	31771	157	1409
358.456	31772	154	1409
358.461	31773	153	209
358.464	31774	154	1409
358.467	31775	151	1409
358.472	31776	149	209
358.474	31777	152	1409
358.481	31778	151	1409
358.486	31779	151	209
358.489	31780	152	1409
358.496	31781	153	1409
358.497	31782	148	209
358.501	31783	152	1409
358.506	31784	150	1409
358.511	31785	149	209
358.513	31786	151	1409
358.521	31787	152	1409
358.524	31788	149	209
358.528	31789	153	1409
358.531	31790	149	212
358.538	31791	155	1409
358.539	31792	150	209
358.543	31793	154	1409
358.548	31794	153	1409
358.551	31795	149	209
358.555	31796	153	1409
358.562	31797	154	1409
358.565	31798	151	209
358.568	31799	153	1409
358.575	31800	154	1409
358.58	31801	153	209
358.582	31802	154	1409
358.588	31803	153	212
358.592	31804	157	1409
358.598	31805	156	209
358.6	31806	158	1409
358.608	31807	159	1409
358.611	31808	156	209
358.615	31810	154	1409
358.619	31811	152	209
358.622	31812	153	1409
358.626	31813	152	1409
358.632	31814	150	209
358.634	31815	153	1409
358.641	31816	153	1409
358.644	31817	152	209
358.651	31819	153	1412
358.656	31820	153	1409
358.657	31821	149	209
358.66	31823	146	1409
358.665	31824	146	209
358.667	31825	147	1409
358.674	31826	150	1409
358.679	31828	149	1409
358.684	31829	149	1409
358.691	31831	151	1409
358.696	31832	151	1409
358.699	31833	149	209
358.701	31834	151	1409
358.708	31835	153	1409
358.711	31836	150	209
358.714	31837	152	1409
358.721	31838	154	1409
358.726	31839	154	209
358.728	31840	157	1409
358.741	31842	154	209
358.744	31843	155	1409
358.751	31844	154	1409
358.759	31845	154	209
358.763	31846	158	1409
358.771	31847	157	1409
358.776	31848	154	209
358.781	31849	157	1409
358.788	31850	157	1409
358.796	31851	157	209
358.803	31853	155	1409
358.809	31854	152	209
358.813	31855	155	1409
358.819	31856	152	1412
358.828	31857	154	1409
358.833	31858	151	209
358.838	31859	155	1409
358.845	31860	154	1409
358.853	31861	154	209
358.855	31862	155	1409
358.863	31863	156	1412
358.87	31864	157	1412
358.877	31865	158	1409
358.882	31866	158	209
358.887	31868	156	212
358.889	31869	157	1409
358.893	31870	154	209
358.895	31871	156	1409
358.9	31872	155	212
358.903	31873	156	1409
358.908	31874	155	209
358.913	31875	159	1409
358.918	31876	158	1409
358.921	31877	155	209
358.923	31878	157	1409
358.928	31879	156	1409
358.929	31880	151	209
358.939	31882	153	1409
358.939	31883	148	209
358.944	31884	152	1412
358.951	31885	153	1409
358.958	31886	154	1409
358.961	31887	150	209
358.964	31888	152	1409
358.968	31889	151	1409
358.974	31890	150	209
358.98	31892	150	1409
358.984	31893	147	209
358.989	31894	151	1409
358.991	31895	147	1409
358.996	31896	146	209
358.999	31897	148	1409
359.008	31898	152	1412
359.015	31899	153	1409
359.018	31900	150	209
359.025	31901	156	1409
359.031	31902	155	1409
359.033	31903	152	209
359.038	31904	156	1409
359.043	31905	155	1409
359.051	31906	156	209
359.053	31907	158	1409
359.058	31908	157	1409
359.059	31909	151	209
359.063	31910	155	1409
359.074	31912	153	209
359.082	31915	148	209
359.086	31916	152	1409
359.089	31917	149	1412
359.099	31918	152	1409
359.101	31919	149	209
359.106	31920	153	1409
359.109	31921	150	1409
359.114	31922	149	209
359.117	31923	150	1409
359.121	31924	149	1409
359.127	31925	148	209
359.131	31926	152	1409
359.139	31927	153	1409
359.146	31928	154	1412
359.151	31929	152	209
359.153	31930	155	1409
359.158	31931	153	1409
359.166	31932	155	209
359.171	31934	153	1409
359.177	31935	153	209
359.179	31936	155	1409
359.192	31938	154	1409
359.197	31939	154	209
359.199	31940	155	1409
359.207	31942	151	209
359.21	31943	152	1409
359.218	31945	148	209
359.22	31946	151	1409
359.225	31947	149	1409
359.233	31948	150	209
359.235	31949	152	1409
359.238	31950	148	1409
359.241	31951	145	209
359.248	31953	146	1409
359.248	31954	140	209
359.251	31955	142	1409
359.258	31956	143	1409
359.265	31957	144	209
359.268	31958	146	1409
359.273	31959	144	1412
359.28	31960	145	1412
359.287	31961	146	1412
359.295	31962	148	1409
359.297	31963	145	209
359.299	31964	146	1409
359.304	31965	145	1409
359.31	31966	144	209
359.312	31967	146	1409
359.319	31968	147	1409
359.322	31969	144	209
359.327	31970	147	1409
359.329	31971	144	1409
359.334	31972	143	209
359.339	31973	146	1409
359.344	31974	146	1409
359.349	31975	145	209
359.351	31976	146	1409
359.359	31977	147	1409
359.361	31978	144	209
359.364	31979	145	1409
359.373	31980	149	1412
359.378	31981	148	1409
359.381	31982	145	209
359.386	31983	148	1409
359.391	31984	147	1412
359.398	31985	149	1409
359.403	31986	148	209
359.405	31987	149	1409
359.415	31988	152	1412
359.422	31989	154	1412
359.427	31990	152	1409
359.432	31991	152	209
359.437	31992	155	1409
359.442	31993	154	1409
359.449	31994	156	209
359.452	31995	157	1409
359.457	31996	156	1412
359.466	31997	160	1409
359.469	31998	156	209
359.471	31999	158	1409
359.478	32000	160	1409
359.484	32001	160	209
359.486	32002	163	1409
359.491	32003	163	1409
359.494	32004	161	209
359.496	32005	162	1409
359.501	32006	163	1409
359.502	32007	158	209
359.506	32008	162	1409
359.511	32009	162	1409
359.516	32010	162	209
359.519	32013	155	209
359.522	32014	156	1409
359.526	32015	156	1409
359.529	32016	154	209
359.532	32017	156	1409
359.536	32018	156	1409
359.542	32019	156	209
359.547	32022	152	209
359.554	32024	153	1409
359.559	32025	151	209
359.562	32026	153	1409
359.567	32027	152	1409
359.572	32028	149	209
359.575	32029	150	1409
359.582	32030	150	1409
359.588	32031	147	209
359.6	32033	150	1409
359.605	32034	148	209
359.607	32035	149	1409
359.623	32037	148	209
359.625	32038	149	1409
359.632	32039	148	1409
359.638	32040	146	209
359.645	32041	151	1409
359.652	32042	151	1409
359.658	32043	148	209
359.66	32044	149	1409
359.67	32045	151	1409
359.675	32046	151	209
359.678	32047	152	1409
359.685	32048	153	1409
359.688	32049	150	209
359.693	32050	154	1409
359.699	32051	155	1409
359.703	32052	152	209
359.705	32053	153	1409
359.709	32054	152	1409
359.712	32055	149	209
359.715	32056	151	1409
359.724	32057	154	1412
359.73	32058	153	1412
359.735	32059	151	1409
359.74	32060	151	209
359.742	32061	153	1409
359.75	32062	153	1409
359.757	32063	154	1412
359.764	32064	156	1412
359.771	32065	157	1412
359.777	32066	156	209
359.779	32067	157	1409
359.786	32068	158	1409
359.791	32069	158	209
359.794	32070	159	1409
359.799	32071	158	1409
359.809	32072	159	1412
359.814	32073	158	209
359.816	32074	159	1409
359.829	32075	156	1412
359.836	32076	157	1409
359.841	32077	157	209
359.843	32078	158	1409
359.851	32079	159	1409
359.854	32080	156	209
359.856	32081	158	1409
359.861	32082	157	1409
359.864	32083	154	209
359.866	32084	155	1409
359.874	32085	155	1409
359.879	32086	154	209
359.881	32087	154	1409
359.89	32089	149	209
359.894	32090	152	1409
359.902	32091	152	1409
359.905	32092	149	209
359.907	32093	151	1409
359.912	32094	150	1409
359.919	32095	151	209
359.927	32097	152	1409
359.932	32098	151	209
359.937	32100	150	1409
359.943	32101	148	209
359.95	32103	149	1409
359.956	32104	148	209
359.96	32106	147	1409
359.968	32107	148	209
359.97	32108	150	1409
359.977	32109	151	1409
359.981	32110	147	209
359.988	32112	149	1409
359.996	32113	149	209
360.003	32115	151	1409
360.008	32116	149	209
360.01	32117	151	1409
360.015	32118	150	1409
360.02	32119	148	209
360.023	32120	150	1409
360.028	32121	149	1409
360.035	32122	150	209
360.038	32123	152	1409
360.048	32125	150	209
360.05	32126	152	1409
360.058	32127	154	1409
360.065	32128	154	209
360.07	32130	152	1409
360.075	32131	151	209
360.078	32132	153	1409
360.085	32133	154	1409
360.093	32134	155	209
360.095	32135	157	1409
360.1	32136	156	1412
360.107	32137	156	1409
360.114	32138	158	209
360.119	32140	156	1409
360.122	32141	153	209
360.125	32142	155	1409
360.13	32143	153	1412
360.137	32144	154	1409
360.144	32145	156	1412
360.147	32146	152	209
360.151	32147	152	1412
360.159	32148	153	1409
360.161	32149	150	1412
360.168	32150	150	1409
360.174	32151	149	209
360.176	32152	151	1409
360.183	32153	153	1409
360.189	32154	151	209
360.191	32155	152	1412
360.198	32156	153	1409
360.205	32157	152	1412
360.212	32158	153	1409
360.218	32159	153	209
360.22	32160	154	1409
360.228	32161	155	1409
360.231	32162	152	209
360.235	32163	156	1409
360.243	32164	157	1409
360.245	32165	154	209
360.25	32166	157	1409
360.255	32167	157	1412
360.265	32168	160	1409
360.268	32169	157	209
360.28	32172	156	1412
360.285	32173	156	209
360.288	32174	157	1409
360.293	32176	151	209
360.298	32177	153	1409
360.306	32179	153	209
360.308	32180	154	1409
360.316	32182	151	209
360.318	32183	154	1409
360.325	32184	156	1412
360.33	32185	156	1409
360.337	32187	157	1409
360.342	32188	157	1409
360.349	32190	159	1409
360.354	32191	158	1409
360.357	32192	157	209
360.362	32194	157	1409
360.365	32195	155	209
360.37	32197	154	1409
360.375	32198	154	209
360.377	32199	156	1409
360.38	32200	154	1409
360.383	32201	150	209
360.385	32202	152	1409
360.395	32203	155	1409
360.4	32204	152	209
360.403	32205	153	1409
360.413	32206	155	1409
360.418	32207	153	209
360.421	32208	154	1409
360.433	32210	151	209
360.436	32211	152	1409
360.441	32212	150	1409
360.446	32213	146	209
360.449	32214	147	1409
360.456	32215	147	1409
360.464	32216	147	209
360.466	32217	148	1409
360.476	32218	150	1409
360.483	32219	149	1412
360.491	32220	148	1412
360.5	32221	150	1412
360.505	32222	149	209
360.508	32223	150	1412
360.515	32224	152	1409
360.52	32225	151	1412
360.528	32226	151	1409
360.533	32227	150	209
360.535	32228	153	1409
360.541	32229	151	212
360.543	32230	154	1409
360.546	32231	151	209
360.549	32232	152	1409
360.554	32233	151	212
360.557	32234	153	1409
360.562	32235	152	209
360.569	32237	152	1412
360.574	32238	151	1412
360.583	32239	155	1409
360.589	32240	153	209
360.596	32242	154	1409
360.601	32243	152	209
360.603	32244	155	1409
360.606	32245	151	1409
360.613	32246	152	209
360.616	32247	154	1409
360.624	32249	149	209
360.626	32250	152	1409
360.632	32251	151	1409
360.636	32252	149	1412
360.641	32253	148	209
360.643	32254	150	1409
360.653	32255	153	1409
360.656	32256	149	209
360.658	32257	152	1409
360.665	32258	152	1409
360.67	32259	151	209
360.673	32260	153	1409
360.68	32261	154	1409
360.685	32262	153	209
360.688	32263	155	1409
360.693	32264	153	1409
360.698	32265	152	209
360.7	32266	155	1409
360.708	32267	155	1409
360.71	32268	152	209
360.713	32269	154	1409
360.718	32270	152	1409
360.723	32271	151	209
360.725	32272	154	1409
360.735	32273	157	1409
360.736	32274	152	209
360.739	32275	154	1409
360.743	32276	152	1409
360.748	32277	151	209
360.751	32278	153	1409
360.756	32279	151	1409
360.761	32280	151	209
360.764	32281	153	1409
360.771	32282	153	1409
360.773	32283	150	1412
360.778	32284	149	209
360.788	32286	152	1409
360.792	32287	149	209
360.801	32289	151	1412
360.806	32290	151	1409
360.811	32291	150	209
360.814	32292	151	1409
360.823	32293	155	1409
360.831	32295	151	209
360.836	32296	154	1409
360.841	32297	153	1409
360.846	32298	152	209
360.859	32301	152	209
360.861	32302	154	1409
360.866	32303	153	1409
360.869	32304	149	209
360.876	32306	150	1409
360.882	32307	149	209
360.884	32308	151	1409
360.889	32309	150	1409
360.892	32310	147	209
360.897	32311	150	1409
360.902	32312	150	1409
360.909	32313	151	209
360.912	32314	152	1409
360.917	32315	151	1409
360.922	32316	150	209
360.929	32318	151	1409
360.934	32319	150	209
360.937	32320	151	1409
360.944	32321	152	1409
360.949	32322	151	209
360.951	32323	153	1409
360.959	32324	154	1409
360.959	32325	148	209
360.961	32326	150	1409
360.968	32327	151	1409
360.974	32328	150	209
360.976	32329	151	1409
360.981	32330	150	1409
360.984	32331	147	209
360.988	32332	151	1409
360.993	32333	149	1412
361	32334	151	1409
361.007	32335	152	1412
361.008	32336	147	209
361.015	32337	153	1409
361.02	32338	151	1409
361.023	32339	148	209
361.027	32340	152	1409
361.035	32341	153	1409
361.042	32342	154	1412
361.045	32343	151	209
361.047	32344	153	1409
361.054	32345	154	1409
361.06	32346	153	209
361.062	32347	154	1409
361.069	32348	156	1412
361.076	32349	157	1412
361.083	32350	158	1409
361.088	32351	157	1412
361.094	32352	156	209
361.098	32353	160	1409
361.103	32354	159	1409
361.111	32355	160	209
361.113	32356	161	1409
361.121	32358	157	209
361.126	32359	161	1409
361.131	32361	156	209
361.136	32362	159	1409
361.141	32363	160	1412
361.146	32364	160	1409
361.151	32365	160	209
361.156	32367	159	1409
361.159	32368	157	209
361.164	32371	153	209
361.169	32372	156	1409
361.174	32373	156	1409
361.181	32375	158	1409
361.19	32379	152	1409
361.195	32380	153	209
361.198	32381	154	1409
361.205	32382	155	1409
361.21	32383	153	209
361.213	32384	155	1409
361.218	32385	152	1409
361.22	32386	151	209
361.223	32387	152	1409
361.235	32388	155	1409
361.241	32389	153	209
361.243	32390	155	1409
361.253	32391	156	1409
361.258	32392	153	209
361.26	32393	154	1409
361.268	32394	154	1409
361.273	32395	151	209
361.278	32396	154	1409
361.287	32397	156	1409
361.293	32398	153	209
361.295	32399	155	1409
361.301	32400	152	1409
361.31	32401	154	209
361.312	32402	155	1409
361.318	32403	152	1409
361.325	32404	151	1412
361.331	32405	151	209
361.335	32406	155	1409
361.34	32407	153	1412
361.347	32408	155	1409
361.351	32409	151	209
361.355	32410	155	1409
361.358	32411	152	1412
361.365	32412	153	1409
361.372	32413	154	1412
361.379	32414	155	1412
361.385	32415	154	209
361.385	32416	154	212
361.389	32418	150	1409
361.395	32419	151	1412
361.401	32420	150	212
361.404	32421	152	1412
361.407	32422	149	209
361.409	32423	150	1409
361.414	32424	149	1409
361.42	32425	148	209
361.422	32426	149	1409
361.427	32427	148	1409
361.432	32428	147	209
361.434	32429	149	1409
361.442	32431	144	209
361.447	32432	148	1409
361.454	32433	150	1409
361.457	32434	147	209
361.46	32435	148	1409
361.465	32436	147	1409
361.468	32437	145	209
361.473	32439	142	1409
361.478	32440	141	209
361.481	32441	143	1409
361.488	32442	144	1409
361.496	32443	145	209
361.503	32445	145	1409
361.506	32446	142	209
361.511	32447	146	1409
361.518	32448	147	1409
361.523	32449	146	209
361.527	32450	150	1409
361.532	32451	149	1409
361.538	32452	148	209
361.542	32453	152	1409
361.547	32454	151	1409
361.553	32455	150	209
361.562	32457	153	1409
361.567	32458	152	209
361.57	32459	153	1409
361.577	32460	155	1409
361.582	32461	154	209
361.585	32462	155	1409
361.592	32463	155	1409
361.599	32464	156	1412
361.604	32465	156	209
361.607	32466	157	1409
361.614	32467	158	1409
361.619	32468	158	209
361.622	32469	159	1409
361.628	32470	160	1409
361.632	32471	157	209
361.634	32472	158	1409
361.639	32473	157	1409
361.642	32474	154	209
361.647	32475	158	1409
361.653	32476	159	1412
361.659	32477	158	1409
361.664	32478	156	209
361.666	32479	159	1409
361.673	32480	159	1409
361.679	32481	158	209
361.681	32482	160	1409
361.688	32483	160	1412
361.695	32484	162	1409
361.701	32486	160	1409
361.708	32487	161	1409
361.714	32488	162	1412
361.729	32491	164	1409
361.73	32492	159	209
361.733	32493	160	1409
361.737	32494	159	1409
361.742	32495	157	209
361.745	32496	159	1409
361.752	32497	160	1409
361.755	32498	157	209
361.758	32499	158	1409
361.762	32500	157	1409
361.766	32501	154	209
361.768	32502	156	1412
361.775	32503	157	1409
361.778	32504	153	1409
361.783	32505	153	209
361.785	32506	154	1409
361.792	32507	155	1409
361.793	32508	150	209
361.798	32509	154	1409
361.8	32510	150	1409
361.805	32511	148	209
361.808	32512	150	1409
361.815	32513	151	1409
361.82	32514	150	209
361.823	32515	151	1409
361.825	32516	148	1409
361.828	32517	145	209
361.831	32518	146	1409
361.838	32519	147	1409
361.843	32520	147	209
361.845	32521	148	1409
361.85	32522	146	1409
361.855	32523	146	209
361.858	32524	147	1409
361.865	32525	148	1409
361.868	32526	146	209
361.875	32527	151	1409
361.878	32528	148	1409
361.883	32529	147	209
361.885	32530	148	1409
361.892	32531	150	1409
361.9	32532	150	209
361.904	32533	154	1409
361.909	32534	153	212
361.912	32535	154	1409
361.916	32536	153	209
361.925	32538	155	1409
361.931	32539	151	212
361.933	32540	153	1412
361.938	32541	154	209
361.941	32542	155	1409
361.943	32543	153	1409
361.948	32544	153	209
361.951	32545	155	1409
361.953	32546	152	1409
361.954	32547	148	209
361.956	32548	149	1409
361.963	32549	151	1409
361.968	32550	151	209
361.97	32551	154	1409
361.976	32553	149	209
361.981	32554	153	1409
361.987	32555	155	1409
361.988	32556	151	209
361.991	32557	153	1409
361.995	32558	153	1409
362.003	32561	150	1409
362.008	32562	150	209
362.011	32563	151	1409
362.015	32564	151	1409
362.019	32565	149	209
362.021	32566	151	1409
362.028	32567	154	1409
362.031	32568	151	209
362.035	32569	155	1409
362.043	32571	150	209
362.046	32572	151	1409
362.053	32573	151	1409
362.061	32574	151	209
362.066	32575	154	1409
362.073	32576	154	1409
362.078	32577	151	209
362.083	32578	154	1409
362.091	32580	147	209
362.096	32581	151	1409
362.103	32582	150	1409
362.111	32583	150	209
362.114	32584	151	1409
362.121	32585	150	1409
362.131	32586	152	1412
362.136	32587	150	209
362.141	32588	153	1409
362.146	32589	152	1409
362.151	32590	151	209
362.156	32591	155	1409
362.161	32592	154	1409
362.166	32593	153	209
362.168	32594	155	1409
362.177	32595	159	1409
362.18	32596	156	209
362.187	32598	156	1412
362.195	32599	158	1409
362.198	32600	154	209
362.2	32601	157	1409
362.207	32602	157	1409
362.212	32603	157	212
362.215	32604	158	1412
362.22	32605	158	209
362.222	32606	159	1409
362.23	32607	160	1409
362.232	32608	158	209
362.24	32611	153	209
362.245	32612	156	1409
362.25	32613	156	1412
362.255	32614	154	1409
362.26	32615	153	209
362.262	32616	156	1409
362.268	32617	155	1409
362.273	32618	154	209
362.275	32619	155	1409
362.28	32620	154	1409
362.285	32621	153	209
362.287	32622	155	1409
362.297	32624	154	1412
362.303	32625	153	209
362.305	32626	154	1409
362.315	32628	153	209
362.318	32629	154	1409
362.326	32631	151	209
362.328	32632	152	1409
362.336	32634	148	209
362.341	32635	152	1409
362.346	32636	151	1409
362.349	32637	149	209
362.356	32638	155	1409
362.36	32639	154	1409
362.366	32640	153	209
362.368	32641	154	1409
362.373	32642	153	1409
362.378	32643	153	209
362.383	32645	151	1409
362.388	32646	151	209
362.39	32647	152	1412
362.398	32648	153	1409
362.405	32649	155	1409
362.408	32650	152	209
362.413	32652	151	1409
362.416	32653	148	209
362.425	32655	150	1409
362.431	32656	149	209
362.433	32657	151	1409
362.438	32658	150	1409
362.445	32659	152	1412
362.452	32660	153	1412
362.458	32661	152	209
362.46	32662	153	1409
362.467	32663	155	1409
362.47	32664	152	209
362.473	32665	154	1409
362.48	32666	155	1409
362.483	32667	152	209
362.488	32668	156	1409
362.495	32669	157	1409
362.498	32670	154	209
362.5	32671	155	1409
362.507	32672	157	1412
362.512	32673	157	1409
362.515	32674	154	209
362.52	32675	157	1409
362.525	32676	156	1412
362.535	32678	154	1412
362.543	32679	156	209
362.55	32681	157	1412
362.558	32683	153	209
362.563	32685	151	1409
362.569	32686	151	209
362.576	32688	152	1409
362.579	32689	149	209
362.581	32690	151	1409
362.586	32691	149	1412
362.591	32692	148	1409
362.598	32693	150	209
362.6	32694	152	1409
362.603	32695	149	1409
362.609	32696	148	209
362.611	32697	149	1409
362.618	32698	150	1412
362.622	32699	149	1409
362.627	32700	148	1412
362.63	32701	146	209
362.635	32702	150	1409
362.64	32703	148	1409
362.643	32704	145	209
362.645	32705	147	1409
362.652	32706	148	1409
362.655	32707	144	209
362.657	32708	147	1409
362.662	32709	146	1409
362.668	32710	145	209
362.67	32711	146	1409
362.677	32712	148	1409
362.68	32713	145	209
362.685	32714	148	1409
362.69	32715	148	1409
362.695	32716	147	209
362.697	32717	149	1409
362.705	32718	150	1409
362.708	32719	147	209
362.71	32720	148	1409
362.717	32721	149	1409
362.722	32722	149	209
362.724	32723	151	1409
362.732	32724	152	1409
362.739	32725	153	1412
362.744	32726	153	209
362.746	32727	154	1409
362.753	32728	155	1409
362.759	32729	155	1412
362.766	32730	156	1412
362.77	32731	156	1412
362.775	32732	156	209
362.777	32733	158	1409
362.785	32734	161	1409
362.79	32735	160	1412
362.792	32736	159	209
362.795	32737	160	1409
362.8	32738	161	1409
362.805	32739	161	209
362.807	32740	163	1409
362.812	32741	163	1409
362.815	32742	161	209
362.817	32743	163	1409
362.824	32744	165	1409
362.827	32745	163	209
362.832	32747	162	1409
362.842	32750	162	1409
362.845	32751	160	209
362.847	32752	162	1409
362.85	32753	160	1409
362.855	32754	160	209
362.857	32755	161	1409
362.86	32756	160	1409
362.865	32757	160	209
362.869	32759	160	1409
362.879	32762	156	1409
362.885	32763	153	209
362.89	32764	157	1409
362.902	32766	153	209
362.904	32767	155	1409
362.912	32768	155	1409
362.917	32769	153	209
362.922	32770	156	1409
362.929	32771	156	1409
362.935	32772	153	209
362.937	32773	155	1409
362.944	32774	154	1409
362.945	32775	147	209
362.947	32776	148	1409
362.96	32777	152	1409
362.965	32778	149	209
362.967	32779	152	1409
362.975	32780	153	1409
362.98	32781	152	209
362.982	32782	154	1409
362.992	32784	152	209
362.995	32785	153	1409
362.998	32787	146	209
363.005	32788	152	1409
363.008	32789	148	1409
363.013	32790	147	209
363.021	32792	148	1409
363.026	32793	148	209
363.028	32794	150	1409
363.033	32795	149	1412
363.046	32798	148	1409
363.051	32799	147	209
363.055	32800	151	1409
363.06	32801	150	1409
363.066	32802	150	209
363.068	32803	152	1409
363.075	32804	153	1412
363.08	32805	152	1409
363.083	32806	149	212
363.086	32807	150	1412
363.091	32808	150	209
363.101	32810	150	1412
363.108	32811	151	1409
363.111	32812	149	209
363.116	32813	153	1409
363.123	32814	153	1409
363.129	32815	153	209
363.131	32816	156	1409
363.136	32817	154	1409
363.141	32818	153	209
363.143	32819	154	1409
363.151	32820	156	1409
363.153	32821	154	209
363.156	32822	155	1409
363.163	32823	153	1409
363.166	32824	151	209
363.171	32825	153	1409
363.181	32827	151	209
363.186	32828	153	1409
363.195	32829	153	1412
363.2	32830	153	1409
363.208	32831	154	1412
363.213	32832	153	209
363.215	32833	155	1409
363.222	32834	156	1409
363.23	32835	158	1412
363.235	32836	158	209
363.24	32838	155	1409
363.245	32839	155	209
363.25	32841	154	212
363.253	32842	155	1412
363.26	32843	156	1409
363.261	32844	151	209
363.265	32845	155	1409
363.27	32846	154	1409
363.273	32847	152	209
363.276	32848	153	1409
363.285	32849	157	1409
363.29	32850	156	209
363.297	32852	157	1409
363.301	32853	154	209
363.308	32855	154	1412
363.313	32856	154	1409
363.313	32857	149	209
363.318	32858	153	1409
363.326	32860	149	209
363.333	32862	150	1409
363.337	32863	147	209
363.344	32865	147	1409
363.347	32866	144	209
363.349	32867	147	1409
363.356	32868	148	1409
363.364	32869	149	209
363.366	32870	151	1409
363.374	32871	152	1409
363.379	32872	151	209
363.382	32874	148	1412
363.389	32875	149	1409
363.394	32876	149	209
363.397	32878	146	1409
363.404	32879	147	209
363.407	32880	148	1409
363.414	32881	150	1409
363.417	32882	146	209
363.419	32883	149	1409
363.427	32884	150	1409
363.437	32886	153	1409
363.441	32887	152	1409
363.446	32888	150	1412
363.452	32889	151	209
363.454	32890	152	1412
363.461	32891	153	1409
363.463	32892	150	1409
363.468	32893	149	209
363.471	32894	151	1409
363.476	32895	150	1409
363.479	32896	147	209
363.483	32897	151	1409
363.488	32898	149	1409
363.491	32899	148	209
363.493	32900	149	1409
363.501	32901	150	1412
363.508	32902	151	1409
363.513	32903	150	1412
363.518	32904	149	209
363.52	32905	152	1409
363.527	32906	153	1409
363.532	32907	152	1412
363.539	32908	153	1412
363.544	32909	152	209
363.547	32910	154	1409
363.554	32911	155	1412
363.556	32912	152	1409
363.562	32913	151	209
363.566	32914	155	1409
363.571	32915	155	1409
363.577	32916	154	209
363.581	32917	158	1409
363.586	32918	156	1409
363.593	32919	158	1412
363.598	32920	157	209
363.6	32921	159	1409
363.605	32922	159	1409
363.612	32923	162	1412
363.616	32924	160	209
363.62	32925	164	1409
363.623	32926	162	1409
363.628	32927	162	209
363.63	32928	164	1409
363.637	32929	166	1409
363.64	32930	164	209
363.643	32932	162	1409
363.643	32933	158	209
363.65	32936	159	1409
363.653	32937	157	209
363.655	32938	159	1409
363.662	32939	161	1409
363.668	32942	156	1409
363.673	32943	156	209
363.675	32944	158	1409
363.68	32945	159	1409
363.683	32946	158	209
363.688	32947	161	1409
363.689	32949	150	209
363.691	32950	153	1409
363.698	32951	154	1409
363.701	32952	150	209
363.706	32953	154	1409
363.714	32955	147	209
363.716	32956	148	1409
363.724	32957	148	1409
363.732	32958	147	209
363.734	32959	149	1409
363.741	32960	147	1409
363.747	32961	146	209
363.751	32962	150	1409
363.759	32963	149	1409
363.764	32964	146	209
363.766	32965	148	1409
363.776	32966	150	1409
363.782	32967	148	209
363.786	32968	151	1409
363.794	32969	151	1409
363.799	32970	148	209
363.802	32971	150	1409
363.809	32972	151	1409
363.814	32973	150	209
363.816	32974	153	1409
363.823	32975	154	1409
363.829	32976	153	209
363.831	32977	155	1409
363.834	32978	151	1409
363.838	32979	150	209
363.843	32981	148	1412
363.845	32982	145	212
363.848	32983	146	1412
363.934	32984	51	212
363.937	32985	53	1412
363.945	32986	53	1412
363.95	32987	52	1412
363.956	32988	53	1412
364.037	32989	52	1409
364.04	32990	51	209
364.047	32991	52	1409
364.053	32992	53	1409
364.057	32993	50	209
364.059	32994	52	1409
364.139	32995	53	1409
364.142	32996	50	209
364.144	32997	52	1409
364.151	32998	52	1409
364.155	32999	50	209
364.158	33000	52	1409
364.163	33001	53	1409
364.17	33002	53	209
364.172	33003	55	1409
364.18	33004	56	1409
364.185	33005	55	209
364.187	33006	58	1409
364.195	33007	59	1409
364.2	33008	58	209
364.202	33009	60	1409
364.21	33010	61	1409
364.215	33011	60	209
364.217	33012	63	1409
364.225	33013	64	1409
364.23	33014	63	209
364.232	33015	64	1409
364.24	33016	66	1409
364.245	33017	66	209
364.247	33018	67	1409
364.255	33019	69	1409
364.257	33020	66	209
364.262	33021	69	1409
364.265	33022	67	1409
364.272	33023	69	209
364.277	33024	72	1409
364.282	33025	72	1409
364.287	33026	71	209
364.29	33027	72	1409
364.294	33028	72	1409
364.3	33029	71	209
364.305	33030	75	1409
364.312	33031	76	1409
364.315	33032	73	209
364.317	33033	76	1409
364.324	33034	77	1409
364.33	33035	76	209
364.332	33036	78	1409
364.339	33037	79	1409
364.345	33038	79	209
364.347	33039	81	1409
364.354	33040	82	1409
364.36	33041	81	209
364.364	33042	85	1409
364.369	33043	83	1409
364.375	33044	84	209
364.377	33045	86	1409
364.384	33046	86	1409
364.39	33047	86	209
364.392	33048	88	1409
364.399	33049	89	1409
364.405	33050	89	209
364.407	33051	90	1409
364.414	33052	91	1409
364.42	33053	91	209
364.422	33054	92	1409
364.429	33055	94	1409
364.432	33056	92	209
364.437	33057	95	1409
364.444	33058	96	1409
364.45	33059	96	209
364.452	33060	98	1409
364.456	33061	97	1409
364.462	33062	97	209
364.467	33063	100	1409
364.471	33064	99	1409
364.477	33065	99	209
364.479	33066	101	1409
364.486	33067	102	1409
364.492	33068	101	209
364.494	33069	103	1409
364.501	33070	104	1409
364.507	33071	104	209
364.509	33072	106	1409
364.516	33073	107	1409
364.522	33074	106	209
364.524	33075	108	1409
364.531	33076	110	1409
364.537	33077	109	209
364.539	33078	110	1409
364.546	33079	112	1409
364.552	33080	111	209
364.554	33081	112	1409
364.561	33082	115	1409
364.567	33083	114	209
364.569	33084	115	1409
364.576	33085	117	1409
364.582	33086	116	209
364.584	33087	118	1409
364.591	33088	120	1409
364.594	33089	117	209
364.599	33090	120	1409
364.606	33091	122	1409
364.609	33092	120	209
364.614	33093	123	1409
364.621	33094	125	1409
364.624	33095	122	209
364.629	33096	125	1409
364.636	33097	127	1409
364.636	33098	122	209
364.641	33099	126	1409
364.649	33100	127	1409
364.654	33101	127	209
364.659	33102	130	1409
364.661	33103	128	1409
364.666	33104	127	209
364.669	33105	129	1409
364.676	33106	129	1409
364.681	33107	129	209
364.684	33108	131	1409
364.691	33109	132	1409
364.696	33110	132	209
364.699	33111	133	1409
364.706	33112	134	1409
364.711	33113	134	209
364.714	33114	136	1409
364.721	33115	137	1409
364.726	33116	137	209
364.729	33117	138	1409
364.736	33118	139	1409
364.741	33119	140	209
364.744	33120	141	1409
364.751	33121	142	1409
364.756	33122	142	209
364.758	33123	143	1409
364.766	33124	144	1409
364.771	33125	145	209
364.773	33126	146	1409
364.781	33127	147	1409
364.786	33128	147	209
364.788	33129	148	1409
364.796	33130	150	1409
364.801	33131	150	209
364.803	33132	151	1409
364.811	33133	152	1409
364.816	33134	152	209
364.818	33135	153	1409
364.826	33136	155	1409
364.829	33137	152	209
364.833	33138	156	1409
364.841	33139	157	1409
364.844	33140	154	209
364.849	33142	153	1409
364.854	33143	153	209
364.859	33145	151	1409
364.864	33146	152	209
364.866	33147	153	1409
364.869	33148	151	1409
364.874	33149	151	209
364.876	33150	153	1409
364.882	33152	150	209
364.884	33153	151	1409
364.907	33159	153	1409
364.912	33161	149	209
364.914	33162	151	1409
364.919	33163	152	1409
364.932	33167	149	209
364.944	33171	151	1409
364.957	33174	153	1409
364.972	33176	149	209
364.975	33177	150	1409
364.982	33178	150	1409
364.987	33179	148	209
364.99	33180	149	1409
364.999	33181	151	1409
365.007	33182	151	209
365.009	33183	152	1409
365.017	33184	151	1409
365.022	33185	149	209
365.025	33186	150	1409
365.032	33187	149	1409
365.035	33188	144	209
365.04	33189	148	1409
365.047	33190	147	1412
365.051	33191	144	1409
365.059	33192	144	1412
365.064	33193	143	209
365.066	33194	144	1409
365.073	33195	146	1409
365.081	33196	147	1412
365.084	33197	144	209
365.086	33198	145	1409
365.093	33199	147	1409
365.103	33200	147	1412
365.108	33201	146	212
365.113	33202	148	1412
365.118	33203	148	1412
365.128	33204	146	212
365.14	33205	146	1412
365.151	33206	144	212
365.153	33207	147	1412
365.165	33208	143	1412
365.172	33209	145	1412
365.18	33210	146	1412
365.185	33211	145	212
365.187	33212	147	1412
365.198	33213	148	212
365.2	33214	150	1412
365.205	33215	148	209
365.208	33216	148	1409
365.215	33217	149	1409
365.22	33218	148	209
365.225	33219	151	1409
365.233	33220	151	1409
365.238	33221	151	209
365.24	33222	151	1409
365.248	33223	151	1409
365.253	33224	151	209
365.255	33225	152	1409
365.263	33226	154	1409
365.268	33227	153	209
365.27	33228	154	1409
365.275	33229	154	1409
365.28	33230	153	209
365.282	33231	155	1409
365.291	33233	151	209
365.293	33234	152	1409
365.303	33236	151	209
365.306	33237	152	1409
365.316	33239	151	209
365.318	33240	153	1409
365.329	33242	151	209
365.331	33243	152	1409
365.339	33245	148	209
365.341	33246	150	1409
365.347	33247	150	1409
365.352	33248	149	209
365.354	33249	150	1409
365.364	33251	149	209
365.372	33253	149	1409
365.375	33254	147	209
365.377	33255	148	1409
365.382	33256	148	1409
365.39	33257	149	209
365.392	33258	150	1409
365.4	33260	146	209
365.405	33261	150	1409
365.413	33263	147	209
365.417	33264	151	1409
365.423	33265	150	1409
365.425	33266	147	209
365.43	33267	150	1409
365.435	33268	150	1409
365.44	33269	149	209
365.443	33270	151	1409
365.447	33271	150	1409
365.451	33272	147	209
365.453	33273	148	1409
365.46	33274	150	1409
365.463	33275	147	209
365.468	33276	150	1409
365.473	33277	151	1409
365.476	33278	147	209
365.478	33279	149	1409
365.488	33280	152	1409
365.495	33281	153	1412
365.498	33282	150	209
365.505	33284	151	1412
365.512	33285	153	1409
365.52	33286	154	1412
365.525	33287	154	209
365.527	33288	155	1409
365.532	33289	154	1412
365.54	33290	155	1409
365.547	33291	156	1412
365.552	33292	156	209
365.559	33294	157	1409
365.565	33295	156	209
365.567	33296	157	1409
365.574	33297	159	1412
365.581	33298	160	1412
365.589	33299	161	1409
365.592	33300	158	209
365.594	33301	161	1409
365.599	33302	159	1409
365.611	33305	159	1412
365.619	33306	160	1409
365.626	33307	161	1412
365.626	33308	156	209
365.629	33309	158	1409
365.633	33310	157	1409
365.639	33311	156	209
365.643	33312	160	1409
365.646	33313	156	1409
365.654	33314	158	209
365.661	33316	158	1409
365.664	33317	156	209
365.673	33319	158	1409
365.678	33320	158	209
365.681	33321	159	1409
365.686	33322	158	1409
365.691	33323	157	209
365.698	33325	158	1409
365.701	33326	156	209
365.71	33328	159	1409
365.713	33329	157	1412
365.716	33330	155	209
365.718	33331	157	1409
365.725	33332	160	1409
365.739	33335	162	1409
365.74	33336	158	209
365.747	33338	158	1409
365.753	33339	155	209
365.755	33340	157	1409
365.765	33341	155	1412
365.768	33342	155	1409
365.775	33343	157	209
365.783	33346	152	209
365.786	33347	154	1409
365.793	33348	155	1409
365.796	33349	152	209
365.798	33350	154	1409
365.803	33351	154	1409
365.811	33352	150	212
365.813	33353	151	1412
365.821	33354	151	209
365.831	33356	151	1409
365.834	33357	147	209
365.838	33358	151	1409
365.843	33359	148	1409
365.849	33360	145	209
365.851	33361	146	1409
365.858	33362	146	1412
365.866	33363	145	1409
365.873	33364	144	1412
365.878	33365	142	209
365.881	33366	143	1409
365.888	33367	143	1409
365.895	33368	143	1412
365.9	33369	141	209
365.903	33370	142	1409
365.91	33371	143	1412
365.917	33372	144	1409
365.923	33373	143	209
365.925	33374	144	1409
365.933	33375	146	1409
365.939	33376	144	212
365.941	33377	145	1412
365.948	33378	145	1412
365.953	33379	145	209
365.955	33380	146	1409
365.963	33381	146	1409
365.968	33382	145	209
365.975	33383	151	1409
365.982	33384	151	1409
365.989	33385	152	1412
365.997	33386	153	1412
366.002	33387	151	209
366.004	33388	153	1409
366.011	33389	154	1409
366.017	33390	152	209
366.022	33391	156	1409
366.028	33392	156	1409
366.034	33393	156	209
366.036	33394	157	1409
366.044	33395	157	1412
366.051	33396	159	1409
366.056	33397	157	209
366.061	33398	161	1409
366.068	33399	161	1409
366.081	33402	159	1409
366.084	33403	157	209
366.086	33404	158	1409
366.093	33405	158	1409
366.094	33406	152	209
366.097	33407	153	1409
366.104	33408	154	1409
366.111	33409	155	209
366.122	33412	151	209
366.126	33413	155	1409
366.132	33414	153	1409
366.137	33415	152	209
366.139	33416	153	1409
366.144	33417	152	1409
366.15	33418	151	209
366.159	33420	153	1409
366.165	33421	151	209
366.167	33422	153	1409
366.172	33423	151	1409
366.177	33424	149	209
366.18	33425	151	1409
366.182	33426	147	1409
366.188	33427	146	209
366.192	33428	150	1409
366.2	33429	151	1409
366.203	33430	147	209
366.207	33431	151	1409
366.215	33432	151	1409
366.22	33433	150	209
366.222	33434	152	1409
366.229	33435	152	1409
366.235	33436	151	209
366.237	33437	153	1409
366.244	33438	153	1409
366.25	33439	151	209
366.252	33440	153	1409
366.259	33441	154	1409
366.263	33442	150	209
366.265	33443	151	1409
366.272	33444	152	1409
366.275	33445	148	209
366.28	33446	150	212
366.282	33447	152	1412
366.287	33448	150	1409
366.294	33449	150	1409
366.3	33450	150	209
366.305	33451	153	1409
366.314	33452	156	1409
366.317	33453	153	209
366.32	33454	154	1409
366.327	33455	154	1412
366.334	33456	155	1412
366.341	33457	156	1409
366.347	33458	154	209
366.349	33459	155	1409
366.362	33461	155	209
366.364	33462	154	1412
366.371	33463	156	1409
366.377	33464	154	1409
366.382	33465	153	209
366.384	33466	154	1409
366.392	33467	155	1409
366.399	33468	155	209
366.401	33469	158	1409
366.408	33470	158	1409
366.414	33471	156	209
366.416	33472	158	1409
366.421	33473	156	1409
366.426	33474	155	209
366.429	33475	156	1409
366.434	33476	156	1409
366.439	33477	154	209
366.441	33478	155	1409
366.45	33480	150	209
366.459	33482	152	1409
366.463	33483	149	209
366.465	33484	150	1409
366.472	33485	151	1409
366.477	33486	149	209
366.48	33487	150	1409
366.487	33488	151	1409
366.492	33489	149	209
366.494	33490	151	1409
366.501	33491	152	1409
366.517	33494	152	1409
366.524	33495	153	209
366.526	33496	155	1409
366.531	33497	153	1409
366.537	33498	153	209
366.539	33499	154	1409
366.546	33500	156	1409
366.549	33501	154	209
366.551	33502	156	1409
366.559	33503	158	1409
366.564	33504	157	209
366.569	33506	157	1412
366.578	33507	161	1409
366.579	33508	157	209
366.584	33510	155	1409
366.592	33511	157	209
366.596	33513	155	1409
366.611	33516	153	1409
366.619	33517	153	209
366.621	33518	155	1409
366.626	33519	154	1409
366.629	33520	151	209
366.634	33521	155	1409
366.641	33522	153	1409
366.649	33523	152	209
366.658	33525	151	1412
366.666	33526	151	1412
366.673	33527	148	1409
366.679	33528	145	209
366.681	33529	146	1409
366.688	33530	145	1409
366.694	33531	141	209
366.698	33532	145	1409
366.706	33533	143	1409
366.713	33534	142	212
366.716	33535	143	1412
366.721	33536	139	209
366.723	33537	141	1409
366.733	33538	144	1409
366.736	33539	141	209
366.741	33540	144	1409
366.749	33541	145	1409
366.754	33542	144	209
366.756	33543	145	1409
366.764	33544	146	1409
366.77	33545	147	1412
366.776	33546	145	209
366.778	33547	147	1409
366.785	33548	147	1412
366.793	33549	148	1409
366.8	33550	149	1412
366.808	33551	149	209
366.81	33552	151	1409
366.815	33553	150	212
366.818	33554	152	1412
366.827	33555	154	1409
366.831	33556	151	209
366.835	33557	155	1409
366.842	33558	155	1409
366.847	33559	154	209
366.85	33560	155	1409
366.86	33561	158	1409
366.867	33562	158	1412
366.872	33563	158	209
366.874	33564	159	1409
366.881	33565	159	1409
366.884	33566	156	209
366.887	33567	157	1409
366.894	33568	158	1409
366.899	33569	156	209
366.907	33571	157	1409
366.912	33572	155	209
366.915	33573	156	1409
366.925	33575	154	209
366.927	33576	155	1409
366.933	33577	153	1409
366.938	33578	152	209
366.94	33579	154	1409
366.95	33581	151	209
366.953	33582	152	1409
366.958	33583	151	1409
366.963	33584	149	209
366.966	33586	145	1409
366.972	33587	143	209
366.977	33588	147	1409
366.983	33589	148	1409
366.989	33590	147	209
366.996	33592	146	1409
367.002	33593	145	209
367.004	33594	147	1409
367.011	33595	147	1409
367.017	33596	146	209
367.019	33597	148	1409
367.027	33598	148	1409
367.03	33599	145	209
367.034	33600	149	1409
367.044	33602	145	209
367.047	33603	146	1409
367.054	33604	148	1409
367.062	33605	149	209
367.064	33606	150	1409
367.072	33607	151	1409
367.077	33608	150	209
367.079	33609	151	1409
367.085	33610	149	1409
367.09	33611	148	209
367.092	33612	150	1409
367.097	33613	148	1409
367.102	33614	147	209
367.105	33615	148	1409
367.117	33616	153	1412
367.124	33617	154	1409
367.131	33618	155	1412
367.135	33619	151	209
367.137	33620	153	1409
367.144	33621	153	1409
367.149	33622	152	209
367.152	33623	153	1409
367.161	33624	156	1412
367.166	33625	154	1409
367.175	33626	157	1412
367.183	33627	158	209
367.185	33628	160	1409
367.193	33629	160	1409
367.198	33630	158	209
367.2	33631	159	1409
367.207	33632	161	1412
367.217	33633	164	1409
367.22	33634	160	209
367.225	33635	164	1409
367.228	33636	160	1409
367.233	33637	158	209
367.237	33638	162	1409
367.24	33639	158	1409
367.248	33640	159	209
367.25	33641	160	1409
367.255	33642	159	1412
367.268	33644	158	209
367.27	33645	159	1409
367.273	33646	156	1409
367.278	33647	154	209
367.28	33648	156	1409
367.283	33649	152	1409
367.288	33650	151	209
367.293	33651	155	1409
367.298	33652	152	1409
367.303	33653	151	209
367.306	33654	153	1409
367.315	33655	155	1409
367.318	33656	153	209
367.323	33658	149	1409
367.329	33659	149	209
367.333	33660	153	1409
367.346	33662	151	209
367.348	33663	153	1409
367.353	33664	152	1409
367.359	33665	150	209
367.368	33667	153	1409
367.372	33668	150	209
367.374	33669	152	1409
367.378	33670	151	1409
367.391	33673	152	1409
367.397	33674	153	209
367.401	33676	149	1409
367.402	33677	145	209
367.407	33678	148	1409
367.416	33679	149	1409
367.42	33680	145	209
367.422	33681	148	1409
367.429	33682	149	1409
367.437	33683	149	209
367.439	33684	152	1409
367.446	33685	153	1409
367.449	33686	150	209
367.451	33687	152	1409
367.454	33688	149	1409
367.466	33689	149	1412
367.471	33690	146	209
367.476	33691	148	1409
367.486	33692	150	1409
367.491	33693	146	209
367.493	33694	147	1409
367.5	33695	146	1409
367.506	33696	142	209
367.508	33697	144	1409
367.515	33698	142	1412
367.525	33699	142	1409
367.53	33700	139	209
367.533	33701	140	1409
367.542	33702	141	1412
367.55	33703	140	1409
367.557	33704	138	1412
367.562	33705	137	209
367.567	33706	141	1409
367.574	33707	141	1409
367.577	33708	138	209
367.582	33709	141	1409
367.587	33710	139	212
367.589	33711	141	1412
367.597	33712	141	1412
367.606	33713	144	1409
367.612	33714	143	209
367.614	33715	144	1409
367.621	33716	145	1409
367.626	33717	144	209
367.628	33718	145	1409
367.636	33719	145	1409
367.641	33720	145	209
367.643	33721	146	1409
367.651	33722	147	1409
367.658	33723	148	209
367.661	33724	149	1409
367.668	33725	149	1409
367.673	33726	148	209
367.676	33727	149	1409
367.683	33728	150	1409
367.691	33729	151	209
367.693	33730	152	1409
367.698	33731	151	1409
367.706	33732	152	209
367.71	33733	156	1409
367.715	33734	155	1409
367.721	33735	153	209
367.723	33736	154	1409
367.733	33737	157	1409
367.733	33738	152	209
367.736	33739	153	1409
367.746	33740	156	1409
367.749	33741	153	209
367.751	33742	154	1409
367.756	33743	152	1409
367.764	33744	153	209
367.766	33745	154	1409
367.774	33747	149	209
367.778	33748	153	1409
367.788	33750	150	209
367.791	33751	151	1409
367.798	33752	152	1409
367.803	33753	151	209
367.806	33754	152	1409
367.811	33755	151	1409
367.816	33756	150	209
367.821	33757	154	1409
367.826	33758	152	1409
367.831	33759	150	209
367.834	33760	151	1409
367.841	33761	153	1409
367.846	33762	151	209
367.849	33763	152	1409
367.853	33764	151	1409
367.861	33765	152	209
367.863	33766	153	1409
367.871	33767	154	1409
367.876	33768	152	209
367.878	33769	154	1409
367.881	33770	150	1409
367.886	33771	149	209
367.889	33772	150	1409
367.894	33773	149	1409
367.899	33774	148	209
367.902	33775	149	1409
367.911	33776	151	1409
367.916	33777	150	209
367.919	33778	151	1409
367.926	33779	152	1409
367.932	33780	151	209
367.939	33781	157	1409
367.945	33782	158	1409
367.951	33783	156	209
367.958	33785	156	1409
367.963	33786	155	209
367.965	33787	156	1409
367.973	33788	156	1409
367.978	33789	155	209
367.98	33790	157	1412
367.985	33791	155	1409
367.993	33792	154	1412
368	33793	156	1409
368.008	33794	156	209
368.01	33795	157	1409
368.018	33796	159	1409
368.023	33797	157	209
368.025	33798	158	1409
368.032	33799	160	1409
368.038	33800	158	209
368.045	33802	157	1409
368.048	33803	154	209
368.05	33804	156	1409
368.058	33805	156	1409
368.063	33806	155	209
368.07	33808	155	1409
368.076	33809	153	209
368.078	33810	154	1409
368.081	33811	151	1409
368.086	33812	149	209
368.091	33813	153	1409
368.095	33814	152	1409
368.103	33815	152	209
368.105	33816	154	1409
368.111	33817	152	1409
368.116	33818	151	209
368.118	33819	153	1409
368.129	33821	150	209
368.131	33822	152	1409
368.138	33823	152	1409
368.146	33825	151	1409
368.153	33826	152	1409
368.159	33827	151	209
368.161	33828	152	1412
368.165	33829	151	1409
368.173	33830	152	1409
368.182	33831	153	209
368.188	33833	153	1409
368.201	33836	152	1409
368.204	33837	150	209
368.213	33839	154	1409
368.216	33840	152	209
368.218	33841	153	1409
368.226	33842	155	1409
368.226	33843	150	209
368.236	33845	154	1409
368.246	33846	152	1412
368.258	33849	153	1409
368.261	33850	151	209
368.264	33851	152	1409
368.273	33852	153	1412
368.281	33853	155	1409
368.283	33854	153	209
368.286	33855	154	1409
368.293	33856	156	1409
368.301	33857	155	209
368.303	33858	156	1409
368.312	33859	157	1409
368.318	33860	153	209
368.32	33861	155	1409
368.327	33862	153	1409
368.334	33863	151	1412
368.342	33864	150	209
368.345	33865	151	1409
368.35	33866	147	212
368.352	33867	149	1409
368.358	33868	145	209
368.362	33869	149	1409
368.369	33870	147	1409
368.375	33871	144	209
368.38	33872	147	1409
368.389	33873	148	1412
368.397	33874	148	1409
368.4	33875	145	212
368.404	33876	148	1412
368.41	33877	147	209
368.412	33878	149	1412
368.419	33879	149	1409
368.427	33880	149	1409
368.432	33881	147	209
368.434	33882	149	1409
368.443	33883	151	1412
368.448	33884	150	1409
368.456	33885	151	209
368.458	33886	152	1409
368.464	33887	150	212
368.466	33888	152	1412
368.474	33889	152	1409
368.481	33890	153	209
368.484	33891	155	1409
368.491	33892	155	1409
368.496	33893	154	209
368.499	33894	156	1409
368.506	33895	155	1409
368.511	33896	154	209
368.514	33897	156	1409
368.523	33898	158	1409
368.529	33899	157	209
368.536	33901	155	1409
368.544	33903	156	1409
368.549	33904	154	1409
368.554	33905	152	209
368.556	33906	154	1409
368.564	33907	154	1409
368.569	33908	152	209
368.571	33909	154	1409
368.576	33910	153	1409
368.582	33911	151	209
368.587	33912	155	1409
368.593	33913	155	1409
368.597	33914	151	209
368.599	33915	153	1409
368.609	33916	155	1409
368.612	33917	151	209
368.614	33918	152	1409
368.619	33919	151	1409
368.629	33920	154	209
368.631	33921	156	1409
368.636	33922	154	1409
368.641	33923	152	209
368.644	33924	153	1409
368.651	33925	154	1409
368.654	33926	151	209
368.657	33927	152	1409
368.664	33928	153	1409
368.669	33929	151	209
368.672	33930	152	1409
368.679	33931	153	1409
368.68	33932	146	209
368.684	33933	150	1409
368.692	33934	151	1409
368.697	33935	150	209
368.699	33936	151	1409
368.707	33937	152	1409
368.712	33938	150	209
368.72	33940	149	1409
368.725	33941	148	209
368.733	33943	148	1409
368.74	33944	149	1412
368.745	33945	147	212
368.746	33946	146	209
368.748	33947	148	1409
368.758	33948	150	1409
368.763	33949	148	209
368.765	33950	150	1409
368.773	33951	150	1409
368.778	33952	149	209
368.78	33953	151	1409
368.788	33954	151	1409
368.795	33955	151	209
368.797	33956	153	1409
368.8	33957	149	1409
368.805	33958	147	209
368.81	33959	151	1409
368.813	33960	147	1409
368.821	33961	148	209
368.825	33962	152	1409
368.832	33963	152	1409
368.836	33964	148	209
368.84	33965	152	1409
368.848	33966	152	1409
368.855	33967	152	209
368.857	33968	154	1409
368.864	33969	155	1409
368.868	33970	151	209
368.872	33971	155	1409
368.879	33972	155	1409
368.884	33973	153	209
368.889	33974	157	1409
368.896	33975	157	1409
368.902	33976	156	209
368.904	33977	158	1409
368.911	33978	158	1409
368.917	33979	156	209
368.919	33980	157	1409
368.926	33981	158	1409
368.931	33982	156	1412
368.937	33983	155	209
368.941	33984	159	1412
368.946	33985	156	1409
368.956	33986	159	1409
368.959	33987	155	209
368.969	33989	157	1409
368.974	33990	156	209
368.977	33991	157	1409
368.983	33992	158	1409
368.987	33993	154	209
368.994	33995	154	1409
369	33996	152	209
369.002	33997	153	1409
369.009	33998	154	1409
369.015	33999	153	209
369.017	34000	154	1409
369.02	34001	150	1409
369.025	34002	149	209
369.03	34003	152	1409
369.035	34004	152	1409
369.044	34007	150	1409
369.05	34008	150	209
369.057	34010	152	1409
369.06	34011	149	209
369.065	34012	152	1409
369.073	34014	149	209
369.08	34016	151	1409
369.088	34017	148	209
369.09	34018	151	1409
369.098	34019	151	1409
369.101	34020	146	209
369.103	34021	148	1409
369.11	34022	149	1409
369.116	34023	146	209
369.118	34024	148	1409
369.125	34025	148	1409
369.13	34026	145	209
369.135	34027	149	1409
369.14	34028	145	1409
369.147	34029	143	209
369.15	34030	144	1409
369.157	34031	143	1409
369.164	34032	141	1412
369.17	34033	137	209
369.172	34034	137	1409
369.182	34035	138	1409
369.188	34036	136	1412
369.197	34037	135	209
369.199	34038	136	1409
369.206	34039	134	1409
369.211	34040	131	209
369.216	34041	134	1409
369.223	34042	135	1409
369.229	34043	133	212
369.233	34044	137	1412
369.238	34045	135	209
369.241	34046	136	1409
369.248	34047	136	1412
369.255	34048	138	1409
369.263	34049	138	1412
369.27	34050	138	1412
369.278	34051	139	209
369.28	34052	140	1409
369.288	34053	141	1409
369.293	34054	140	209
369.295	34055	141	1409
369.303	34056	142	1409
369.308	34057	140	209
369.31	34058	142	1409
369.322	34059	147	1409
369.325	34060	144	209
369.33	34061	147	1409
369.335	34062	145	1409
369.34	34063	144	209
369.345	34064	147	1409
369.352	34065	148	1409
369.36	34066	148	209
369.362	34067	150	1409
369.37	34068	151	1409
369.375	34069	149	209
369.377	34070	150	1409
369.385	34071	151	1409
369.39	34072	149	209
369.395	34073	153	1409
369.402	34074	153	1409
369.407	34075	153	209
369.41	34076	154	1409
369.417	34077	154	1409
369.422	34078	153	209
369.425	34079	154	1409
369.429	34080	152	1409
369.437	34081	153	209
369.44	34082	155	1409
369.447	34083	155	1409
369.452	34084	153	209
369.454	34085	155	1409
369.462	34086	155	1409
369.468	34087	154	209
369.474	34089	154	1409
369.48	34090	153	209
369.483	34091	154	1409
369.489	34092	154	1409
369.495	34093	153	209
369.497	34094	154	1409
369.502	34095	153	1409
369.512	34097	155	1409
369.519	34098	155	1409
369.522	34099	151	209
369.525	34100	152	1409
369.532	34101	153	1409
369.535	34102	150	209
369.538	34103	151	1409
369.545	34104	151	1409
369.55	34105	150	209
369.558	34107	149	1409
369.563	34108	148	209
369.568	34109	151	1409
369.575	34110	152	1409
369.576	34111	146	209
369.583	34112	152	1409
369.59	34113	153	1409
369.595	34114	151	209
369.598	34115	152	1409
369.608	34117	150	209
369.61	34118	151	1409
369.618	34119	151	1409
369.623	34120	150	209
369.626	34121	151	1409
369.633	34122	151	1409
369.639	34123	151	209
369.641	34124	153	1409
369.646	34125	150	1409
369.649	34126	147	209
369.654	34127	150	1409
369.661	34128	150	1409
369.666	34129	148	209
369.668	34130	150	1409
369.676	34131	151	1412
369.683	34132	151	1409
369.689	34133	150	209
369.693	34134	154	1409
369.701	34135	154	1409
369.701	34136	149	209
369.708	34137	155	1409
369.715	34138	155	1409
369.721	34139	153	212
369.721	34140	153	209
369.729	34142	152	1409
369.734	34143	150	209
369.736	34144	152	1409
369.743	34145	153	1409
369.749	34146	151	209
369.751	34147	152	1409
369.76	34148	155	1409
369.768	34149	155	1412
369.773	34150	154	209
369.778	34151	157	1409
369.783	34152	157	1409
369.786	34153	152	209
369.79	34154	156	1409
369.795	34155	154	1409
369.803	34156	155	209
369.805	34157	156	1409
369.813	34158	156	1409
369.821	34160	152	209
369.823	34161	153	1409
369.83	34162	153	1409
369.836	34163	151	209
369.84	34164	155	1409
369.846	34165	154	1409
369.853	34166	155	209
369.856	34167	156	1409
369.863	34168	156	1409
369.863	34169	152	209
369.866	34170	153	1409
369.873	34171	154	1409
369.874	34172	151	209
369.879	34174	149	1409
369.886	34175	151	209
369.889	34176	152	1409
369.897	34178	150	209
369.906	34180	153	1409
369.909	34181	150	209
369.911	34182	152	1409
369.931	34184	152	1412
369.936	34185	152	209
369.938	34186	154	1409
369.941	34187	151	1409
369.946	34188	151	209
369.948	34189	153	1409
369.953	34190	152	1409
369.959	34191	148	209
369.962	34192	150	1409
369.971	34193	150	1409
369.977	34194	147	209
369.979	34195	148	1409
369.986	34196	146	1409
369.991	34197	143	209
369.993	34198	143	1409
370.001	34199	141	1409
370.008	34200	140	209
370.011	34201	141	1409
370.018	34202	139	1412
370.025	34203	138	1409
370.033	34204	136	209
370.035	34205	137	1409
370.043	34206	135	1409
370.05	34207	134	209
370.053	34208	135	1409
370.062	34209	139	1409
370.069	34210	139	1412
370.074	34211	137	209
370.077	34212	138	1409
370.084	34213	139	1409
370.093	34214	141	1412
370.101	34215	142	1412
370.106	34216	140	209
370.108	34217	142	1409
370.116	34218	142	1409
370.122	34219	141	209
370.124	34220	142	1412
370.131	34221	143	1409
370.139	34222	144	1409
370.146	34223	145	209
370.149	34224	146	1409
370.155	34225	146	1409
370.161	34226	144	209
370.163	34227	146	1409
370.17	34228	146	1409
370.176	34229	145	209
370.18	34230	149	1409
370.188	34231	150	1409
370.193	34232	148	209
370.198	34233	152	1409
370.205	34234	152	1409
370.208	34235	149	209
370.213	34236	153	1409
370.22	34237	153	1409
370.224	34238	149	209
370.231	34239	155	1409
370.238	34240	155	1409
370.243	34241	154	209
370.246	34242	155	1409
370.253	34243	156	1409
370.258	34244	155	209
370.266	34246	154	1409
370.271	34247	152	209
370.273	34248	154	1409
370.281	34249	154	1409
370.284	34250	151	209
370.286	34251	152	1409
370.293	34252	153	1409
370.299	34253	151	209
370.301	34254	153	1409
370.308	34255	153	1409
370.314	34256	152	209
370.321	34258	151	1409
370.322	34259	146	209
370.324	34260	147	1409
370.332	34261	147	1409
370.337	34262	145	209
370.342	34263	149	1409
370.347	34264	148	1409
370.352	34265	146	209
370.354	34266	148	1409
370.362	34267	148	1409
370.367	34268	146	209
370.371	34269	150	1409
370.381	34270	153	1409
370.385	34271	150	209
370.394	34273	152	1409
370.4	34274	150	209
370.402	34275	151	1409
370.409	34276	152	1409
370.414	34277	151	209
370.417	34278	152	1409
370.424	34279	153	1409
370.431	34280	153	209
370.434	34281	154	1409
370.441	34282	155	1409
370.446	34283	153	209
370.449	34284	154	1409
370.456	34285	155	1409
370.461	34286	154	209
370.466	34287	157	1409
370.473	34288	158	1409
370.48	34289	158	1412
370.486	34290	156	209
370.488	34291	158	1409
370.493	34292	156	1409
370.499	34293	155	209
370.501	34294	156	1409
370.513	34296	155	209
370.516	34297	156	1409
370.523	34298	157	1409
370.53	34299	158	1412
370.538	34300	158	209
370.543	34302	155	1409
370.55	34303	155	209
370.552	34304	157	1409
370.56	34305	158	1409
370.565	34306	156	209
370.567	34307	158	1409
370.575	34308	158	1409
370.58	34309	156	209
370.588	34311	156	1409
370.593	34312	155	209
370.595	34313	157	1409
370.6	34314	154	1412
370.607	34315	155	1409
370.613	34316	153	209
370.615	34317	154	1409
370.622	34318	156	1409
370.628	34319	154	209
370.63	34320	155	1409
370.635	34321	154	1409
370.638	34322	150	209
370.643	34323	153	1409
370.652	34324	156	1409
370.655	34325	153	209
370.658	34326	155	1409
370.663	34327	152	1409
370.671	34329	152	1409
370.677	34330	152	1409
370.683	34331	151	209
370.69	34332	157	1409
370.693	34333	153	1409
370.698	34334	152	209
370.7	34335	154	1409
370.705	34336	154	1409
370.712	34338	155	1409
370.717	34339	153	1412
370.732	34342	157	1409
370.737	34343	156	1409
370.749	34344	156	1412
370.754	34345	157	209
370.757	34346	158	1409
370.761	34347	158	1409
370.766	34348	156	209
370.769	34349	158	1409
370.776	34350	159	1409
370.779	34351	154	209
370.781	34352	156	1409
370.791	34353	154	1412
370.799	34354	152	1409
370.804	34355	149	209
370.806	34356	150	1409
370.814	34357	148	1409
370.819	34358	145	209
370.821	34359	146	1409
370.831	34360	147	1409
370.836	34361	143	209
370.839	34362	143	1409
370.846	34363	142	1409
370.852	34364	138	209
370.854	34365	140	1409
370.859	34366	136	212
370.862	34367	136	1409
370.872	34368	137	209
370.874	34369	138	1409
370.882	34370	137	1409
370.887	34371	135	209
370.889	34372	136	1409
370.896	34373	137	1409
370.901	34374	136	212
370.902	34375	136	209
370.907	34376	139	1409
370.917	34377	142	1409
370.92	34378	138	209
370.924	34379	142	1412
370.93	34380	140	212
370.932	34381	141	1409
370.939	34382	142	1409
370.947	34383	143	209
370.949	34384	145	1409
370.957	34385	145	1409
370.962	34386	144	209
370.965	34387	145	1409
370.971	34388	145	1409
370.977	34389	144	209
370.982	34390	147	1409
370.989	34391	148	1409
370.994	34392	147	209
370.996	34393	148	1409
371.004	34394	148	1409
371.009	34395	147	209
371.011	34396	148	1409
371.019	34397	149	1409
371.024	34398	148	209
371.029	34399	152	1409
371.036	34400	151	1409
371.042	34401	150	209
371.044	34402	152	1409
371.051	34403	152	1409
371.057	34404	151	209
371.059	34405	153	1409
371.069	34406	155	1409
371.074	34407	153	209
371.079	34408	157	1409
371.084	34409	155	1409
371.091	34410	156	209
371.094	34411	157	1409
371.096	34412	154	1409
371.104	34413	154	209
371.106	34414	156	1409
371.113	34415	156	1409
371.119	34416	154	209
371.121	34417	156	1409
371.126	34418	155	1409
371.132	34419	153	209
371.134	34420	154	1409
371.141	34421	155	1409
371.146	34422	153	209
371.151	34423	156	1409
371.161	34425	154	209
371.163	34426	155	1409
371.169	34427	153	1409
371.174	34428	151	209
371.176	34429	153	1409
371.181	34430	151	1409
371.189	34431	152	209
371.192	34432	153	1409
371.196	34433	152	1409
371.202	34434	150	209
371.209	34436	150	1409
371.215	34437	148	209
371.224	34439	151	1409
371.229	34440	149	209
371.232	34441	151	1409
371.242	34442	153	1409
371.245	34443	149	209
371.254	34445	151	1409
371.257	34446	148	209
371.269	34448	151	1409
371.275	34449	150	209
371.277	34450	151	1409
371.284	34451	151	1409
371.29	34452	150	209
371.292	34453	151	1409
371.299	34454	151	1409
371.305	34455	151	209
371.307	34456	153	1409
371.317	34457	155	1409
371.322	34458	153	209
371.324	34459	155	1409
371.332	34460	155	1409
371.336	34461	153	209
371.339	34462	154	1409
371.346	34463	155	1409
371.352	34464	153	209
371.356	34465	157	1409
371.364	34466	157	1409
371.371	34467	158	1412
371.372	34468	152	209
371.374	34469	154	1409
371.381	34470	154	1409
371.387	34471	152	209
371.391	34472	156	1409
371.399	34473	156	1409
371.404	34474	154	209
371.406	34475	155	1409
371.414	34476	156	1409
371.421	34477	156	1412
371.424	34478	152	209
371.431	34479	156	1412
371.438	34480	158	1409
371.443	34481	156	1409
371.451	34482	156	209
371.459	34484	154	1412
371.465	34485	155	1409
371.474	34486	154	1412
371.479	34487	153	209
371.481	34488	153	1409
371.489	34489	155	1409
371.496	34490	156	209
371.499	34491	156	1409
371.505	34492	157	1409
371.513	34494	156	1409
371.523	34495	156	1409
371.526	34496	153	209
371.528	34497	154	1409
371.538	34498	156	1409
371.543	34500	155	1409
371.551	34501	154	1409
371.554	34502	152	209
371.561	34503	155	1409
371.568	34504	155	1409
371.574	34505	152	209
371.576	34506	155	1409
371.586	34508	154	209
371.588	34509	155	1409
371.596	34510	156	1409
371.599	34511	154	209
371.604	34513	153	1409
371.609	34514	152	209
371.611	34515	153	1409
371.614	34517	146	209
371.619	34518	150	1409
371.624	34519	149	1409
371.629	34520	146	209
371.631	34521	146	1409
371.641	34522	146	1409
371.647	34523	143	209
371.649	34524	144	1409
371.656	34525	141	1412
371.663	34526	140	1409
371.669	34527	136	209
371.671	34528	137	1409
371.678	34529	136	1409
371.686	34530	133	209
371.688	34531	135	1409
371.696	34532	133	1409
371.701	34533	130	212
371.704	34534	131	209
371.709	34535	134	1409
371.716	34536	135	1409
371.722	34537	133	209
371.724	34538	134	1409
371.729	34539	133	212
371.731	34540	135	1409
371.737	34541	133	209
371.741	34542	137	1409
371.748	34543	137	1409
371.754	34544	135	209
371.756	34545	137	1409
371.763	34546	136	1409
371.769	34547	135	209
371.771	34548	137	1409
371.781	34549	139	1412
371.788	34550	139	1409
371.795	34551	140	1412
371.8	34552	138	209
371.803	34553	139	1409
371.81	34554	141	1412
371.817	34555	141	1409
371.823	34556	139	209
371.827	34557	143	1409
371.835	34558	143	1409
371.84	34559	142	209
371.842	34560	143	1409
371.852	34561	146	1409
371.855	34562	142	209
371.86	34563	145	1409
371.867	34564	146	1409
371.873	34565	144	209
371.877	34566	148	1409
371.884	34567	149	1409
371.888	34568	145	209
371.892	34569	149	1409
371.899	34570	149	1409
371.903	34571	145	209
371.91	34572	151	1409
371.917	34573	151	1409
371.922	34574	150	209
371.925	34575	151	1409
371.932	34576	151	1409
371.937	34577	150	209
371.942	34578	154	1409
371.949	34579	154	1409
371.955	34580	153	209
371.957	34581	155	1409
371.964	34582	155	1409
371.97	34583	153	209
371.972	34584	155	1409
371.979	34585	155	1409
371.989	34587	157	1409
371.996	34588	157	1409
372.002	34589	155	209
372.004	34590	157	1409
372.011	34591	156	1409
372.016	34592	155	209
372.019	34593	156	1409
372.026	34594	156	1409
372.032	34595	156	209
372.034	34596	157	1409
372.041	34597	157	1409
372.047	34598	156	209
372.049	34599	157	1409
372.054	34600	155	1409
372.059	34601	154	209
372.064	34602	157	1409
372.069	34603	155	1409
372.074	34604	154	209
372.077	34605	155	1409
372.082	34606	153	1409
372.085	34607	149	209
372.09	34608	153	1409
372.094	34609	152	1409
372.1	34610	150	209
372.107	34612	150	1409
372.11	34613	146	209
372.113	34614	147	1409
372.123	34615	150	1409
372.128	34616	148	209
372.13	34617	149	1409
372.135	34618	148	1409
372.143	34619	148	209
372.145	34620	149	1409
372.153	34621	150	1409
372.155	34622	147	209
372.163	34623	152	1409
372.171	34625	147	209
372.173	34626	148	1409
372.18	34627	149	1409
372.186	34628	147	209
372.186	34629	146	212
372.188	34630	148	1409
372.198	34631	151	1409
372.203	34632	149	209
372.206	34633	150	1409
372.211	34634	148	1409
372.216	34635	147	209
372.219	34636	148	1409
372.229	34637	151	1409
372.232	34638	148	209
372.234	34639	149	1409
372.243	34640	152	1409
372.249	34641	150	209
372.251	34642	152	1409
372.258	34643	152	1409
372.263	34644	150	209
372.268	34645	154	1409
372.275	34646	154	1409
372.28	34647	152	209
372.283	34648	154	1409
372.288	34649	151	1409
372.297	34650	154	209
372.3	34651	155	1409
372.302	34652	152	1409
372.312	34653	155	209
372.315	34654	156	1412
372.322	34655	157	1409
372.327	34656	154	1409
372.335	34657	155	209
372.339	34658	159	1409
372.346	34659	159	1409
372.352	34660	157	209
372.354	34661	159	1409
372.362	34662	161	1409
372.364	34663	158	209
372.367	34664	160	1409
372.372	34665	159	1409
372.381	34666	160	1412
372.391	34669	160	1409
372.396	34670	159	209
372.399	34671	160	1409
372.404	34673	154	209
372.406	34674	157	1409
372.413	34675	158	1409
372.417	34676	156	209
372.419	34677	157	1409
372.424	34678	156	1409
372.431	34679	159	209
372.438	34681	159	1409
372.443	34683	158	1409
372.45	34684	157	1409
372.453	34685	151	209
372.458	34686	155	1409
372.465	34687	153	1409
372.468	34688	147	209
372.476	34689	153	1409
372.483	34690	151	1409
372.488	34691	147	209
372.491	34692	148	1409
372.498	34693	146	1409
372.503	34694	142	209
372.506	34695	143	1409
372.513	34696	142	1409
372.521	34697	140	209
372.523	34698	140	1409
372.531	34699	139	1409
372.536	34700	136	209
372.541	34701	139	1409
372.548	34702	139	1409
372.553	34703	138	209
372.556	34704	139	1409
372.563	34705	139	1409
372.571	34706	140	209
372.573	34707	141	1409
372.58	34708	142	1409
372.586	34709	140	212
372.59	34710	144	1412
372.593	34711	141	209
372.596	34712	142	1409
372.603	34713	143	1412
372.611	34714	143	1409
372.618	34715	144	209
372.62	34716	145	1409
372.628	34717	145	1409
372.635	34718	146	1412
372.641	34719	144	212
372.641	34720	144	209
372.646	34721	147	1409
372.655	34722	150	1409
372.659	34723	146	209
372.663	34724	150	1409
372.67	34725	150	1409
372.673	34726	147	209
372.678	34727	151	1409
372.683	34728	149	1409
372.693	34729	152	209
372.695	34730	153	1409
372.701	34731	151	1409
372.708	34732	152	209
372.71	34733	153	1409
372.716	34734	151	1409
372.723	34735	152	209
372.728	34736	154	1409
372.735	34737	155	1409
372.741	34738	154	209
372.745	34739	155	1409
372.753	34740	154	1409
372.758	34741	153	209
372.76	34742	154	1409
372.768	34743	155	1409
372.771	34744	150	209
372.776	34745	153	1409
372.783	34746	152	1409
372.786	34747	149	209
372.789	34748	151	1409
372.796	34749	151	1409
372.804	34750	152	209
372.811	34752	151	1409
372.816	34753	150	209
372.821	34754	153	1409
372.828	34755	154	1409
372.834	34756	152	209
372.841	34758	151	1409
372.844	34759	148	209
372.849	34760	151	1409
372.856	34761	152	1409
372.859	34762	149	209
372.862	34763	150	1409
372.871	34764	152	1409
372.876	34765	151	209
372.879	34766	152	1409
372.886	34767	153	1409
372.889	34768	149	209
372.894	34769	152	1409
372.901	34770	153	1409
372.911	34772	155	1409
372.918	34773	154	1409
372.921	34774	152	209
372.931	34776	153	1409
372.936	34777	152	209
372.939	34778	153	1409
372.948	34779	156	1409
372.954	34780	154	209
372.956	34781	155	1409
372.963	34782	156	1409
372.966	34783	152	209
372.971	34784	155	1409
372.976	34785	153	1409
372.981	34786	152	209
372.986	34787	155	1409
372.993	34788	156	1409
372.999	34789	155	209
373.001	34790	156	1409
373.008	34791	156	1409
373.014	34792	155	209
373.021	34794	154	1412
373.028	34795	155	1409
373.033	34796	153	209
373.036	34797	154	1409
373.043	34798	155	1409
373.05	34799	155	1412
373.056	34800	154	209
373.065	34802	156	1409
373.068	34803	152	209
373.073	34804	156	1409
373.08	34805	156	1409
373.086	34806	154	209
373.088	34807	155	1409
373.095	34808	155	1409
373.103	34809	156	209
373.11	34811	156	1409
373.116	34812	154	212
373.116	34813	154	209
373.123	34815	154	1409
373.129	34816	152	209
373.131	34817	151	1412
373.138	34818	152	1409
373.146	34819	152	1409
373.151	34820	150	209
373.154	34821	152	1409
373.159	34822	150	1409
373.166	34823	151	209
373.169	34824	152	1409
373.176	34825	154	1409
373.179	34826	151	209
373.183	34827	155	1409
373.188	34828	155	1409
373.193	34829	154	209
373.196	34831	150	1409
373.201	34832	150	209
373.204	34833	152	1409
373.211	34834	153	1409
373.216	34835	153	209
373.223	34836	153	1412
373.23	34837	155	1409
373.238	34838	156	1409
373.243	34839	156	209
373.245	34840	157	1409
373.25	34841	157	1409
373.255	34842	156	209
373.257	34843	158	1409
373.26	34844	155	1409
373.272	34845	156	1412
373.275	34846	150	209
373.277	34847	152	1409
373.287	34848	152	1409
373.29	34849	146	209
373.297	34850	152	1409
373.302	34851	147	1409
373.309	34852	146	1412
373.314	34853	142	209
373.319	34854	145	1412
373.327	34855	143	1409
373.334	34856	141	1409
373.339	34857	138	209
373.341	34858	138	1409
373.351	34859	138	1409
373.359	34860	137	209
373.361	34861	139	1409
373.368	34862	139	1409
373.374	34863	138	209
373.377	34864	139	1409
373.384	34865	139	1409
373.391	34866	140	1412
373.396	34867	139	209
373.399	34868	140	1409
373.409	34869	143	1409
373.414	34870	141	209
373.416	34871	142	1409
373.423	34872	143	1409
373.429	34873	141	209
373.431	34874	143	1409
373.438	34875	143	1409
373.444	34876	142	209
373.449	34877	145	1409
373.456	34878	146	1409
373.462	34879	145	209
373.464	34880	147	1409
373.471	34881	147	1409
373.477	34882	145	209
373.479	34883	147	1409
373.486	34884	147	1409
373.494	34885	148	209
373.496	34886	149	1409
373.504	34887	149	1409
373.507	34888	145	209
373.511	34889	149	1409
373.519	34890	149	1409
373.522	34891	145	209
373.527	34892	149	1409
373.534	34893	150	1409
373.539	34894	149	209
373.541	34895	150	1409
373.549	34896	150	1409
373.554	34897	149	209
373.556	34898	150	1409
373.564	34899	150	1409
373.571	34900	151	209
373.574	34901	152	1409
373.581	34902	153	1409
373.586	34903	151	209
373.589	34904	152	1409
373.594	34905	150	1409
373.599	34906	149	209
373.601	34907	151	1409
373.611	34908	154	1409
373.617	34909	152	209
373.619	34910	153	1409
373.624	34911	151	1409
373.629	34912	150	209
373.632	34913	151	1409
373.639	34914	152	1409
373.644	34915	150	209
373.646	34916	151	1409
373.654	34917	152	1409
373.659	34918	150	209
373.661	34919	151	1409
373.667	34920	150	1409
373.672	34921	148	209
373.674	34922	150	1409
373.682	34923	150	1409
373.687	34924	149	209
373.69	34925	150	1409
373.697	34926	150	1409
373.702	34927	149	209
373.707	34928	153	1409
373.714	34929	153	1409
373.717	34930	149	209
373.722	34931	153	1409
373.729	34932	153	1409
373.732	34933	150	209
373.735	34934	151	1409
373.74	34935	149	1409
373.745	34936	148	209
373.755	34938	149	1409
373.76	34939	148	209
373.765	34940	152	1409
373.772	34941	151	1409
373.775	34942	148	209
373.78	34943	152	1409
373.787	34944	152	1409
373.795	34945	153	209
373.797	34946	154	1409
373.805	34947	155	1409
373.807	34948	151	209
373.81	34949	152	1409
373.815	34950	150	1409
373.823	34951	151	209
373.827	34952	155	1409
373.834	34953	155	1409
373.84	34954	153	209
373.842	34955	155	1409
373.849	34956	155	1409
373.854	34957	153	209
373.859	34958	157	1409
373.867	34960	152	209
373.872	34961	155	1409
373.879	34962	156	1409
373.884	34963	154	209
373.887	34964	155	1409
373.896	34965	158	1409
373.902	34966	156	209
373.904	34967	158	1409
373.911	34968	158	1409
373.917	34969	156	209
373.919	34970	157	1409
373.924	34971	156	1409
373.929	34972	154	209
373.934	34973	158	1409
373.941	34974	158	1409
373.946	34975	157	209
373.949	34976	158	1409
373.954	34977	157	1409
373.956	34978	153	209
373.964	34979	159	1409
373.971	34980	159	1412
373.974	34981	156	1409
373.981	34982	156	209
373.983	34983	158	1409
373.988	34984	156	1409
373.992	34985	153	209
373.996	34986	157	1409
374.003	34987	157	1409
374.007	34988	155	209
374.013	34990	156	1409
374.021	34992	156	1409
374.025	34993	156	1409
374.031	34994	156	209
374.04	34996	156	1409
374.05	34998	158	1409
374.058	34999	158	1409
374.068	35001	158	1409
374.075	35002	158	1412
374.08	35003	157	1409
374.085	35004	155	209
374.087	35005	158	1409
374.094	35006	159	1409
374.097	35007	157	209
374.102	35008	160	1409
374.104	35009	158	1409
374.11	35010	154	209
374.112	35011	156	1409
374.122	35012	156	1409
374.127	35013	153	209
374.129	35014	154	1409
374.137	35015	152	1409
374.142	35016	149	209
374.145	35017	149	1409
374.152	35018	147	1409
374.157	35019	145	209
374.162	35020	147	1409
374.169	35021	146	1409
374.174	35022	142	209
374.177	35023	143	1409
374.187	35024	144	1409
374.192	35025	140	209
374.194	35026	141	1409
374.204	35027	142	1409
374.211	35028	143	1412
374.216	35029	142	212
374.217	35030	141	209
374.219	35031	143	1409
374.224	35032	141	1409
374.229	35033	138	1412
374.232	35034	135	209
374.236	35035	139	1409
374.24	35036	135	212
374.242	35037	136	1409
374.325	35038	50	212
374.325	35039	51	209
374.327	35040	53	1409
374.331	35041	53	1409
374.337	35042	50	209
374.339	35043	53	1409
374.346	35044	53	1409
374.428	35045	50	209
374.43	35046	53	1409
374.439	35047	54	1409
374.442	35048	51	209
374.445	35049	52	1409
374.452	35050	52	1409
374.528	35051	51	209
374.531	35052	53	1409
374.537	35053	52	1409
374.542	35054	51	209
374.545	35055	52	1409
374.554	35056	55	1409
374.56	35057	54	209
374.562	35058	55	1409
374.569	35059	56	1409
374.575	35060	54	209
374.577	35061	55	1409
374.584	35062	57	1409
374.59	35063	55	209
374.592	35064	56	1409
374.602	35065	59	1409
374.607	35066	58	209
374.609	35067	60	1409
374.617	35068	60	1409
374.622	35069	58	209
374.624	35070	60	1409
374.632	35071	61	1409
374.637	35072	59	209
374.639	35073	61	1409
374.649	35074	64	1409
374.654	35075	63	209
374.657	35076	64	1409
374.664	35077	65	1409
374.669	35078	63	209
374.672	35079	64	1409
374.679	35080	65	1409
374.684	35081	64	209
374.687	35082	65	1409
374.697	35083	68	1409
374.699	35084	65	209
374.704	35085	68	1409
374.712	35086	69	1409
374.717	35087	67	209
374.719	35088	68	1409
374.727	35089	70	1409
374.729	35090	66	209
374.734	35091	69	1409
374.744	35092	72	1409
374.745	35093	67	209
374.749	35094	71	1409
374.757	35095	71	1409
374.762	35096	69	209
374.767	35097	73	1409
374.771	35098	72	1409
374.779	35099	73	209
374.784	35100	76	1409
374.789	35101	74	1409
374.797	35102	75	209
374.801	35103	79	1409
374.806	35104	78	1409
374.812	35105	76	209
374.819	35106	82	1409
374.824	35107	81	1409
374.829	35108	80	209
374.834	35109	84	1409
374.841	35110	83	1409
374.849	35111	85	209
374.851	35112	86	1409
374.859	35113	87	1409
374.864	35114	85	209
374.866	35115	87	1409
374.876	35116	89	1409
374.882	35117	90	209
374.884	35118	91	1409
374.891	35119	93	1409
374.892	35120	89	209
374.897	35121	93	1409
374.901	35122	92	1409
374.906	35123	92	209
374.909	35124	93	1409
374.916	35125	96	1409
374.919	35126	93	209
374.921	35127	95	1409
374.926	35128	94	1409
374.932	35129	94	209
374.934	35130	95	1409
374.941	35131	97	1409
374.944	35132	95	209
374.946	35133	97	1409
374.953	35134	98	1409
374.954	35135	94	209
374.961	35136	100	1409
374.963	35137	97	1409
374.969	35138	97	209
374.971	35139	99	1409
374.978	35140	100	1409
374.981	35141	98	209
374.983	35142	99	1409
374.993	35143	100	1409
374.996	35144	95	209
375.001	35145	97	1409
375.011	35146	98	1409
375.019	35147	97	209
375.021	35148	98	1409
375.031	35149	99	1409
375.036	35150	96	209
375.041	35151	99	1409
375.051	35152	100	1409
375.056	35153	96	209
375.059	35154	98	1409
375.07	35155	101	1409
375.078	35156	100	209
375.081	35157	101	1409
375.091	35158	102	1409
375.098	35159	101	209
375.101	35160	102	1409
375.11	35161	105	1409
375.114	35162	102	209
375.118	35163	106	1409
375.128	35164	109	1409
375.133	35165	107	209
375.136	35166	108	1409
375.143	35167	109	1409
375.148	35168	109	209
375.151	35169	110	1409
375.163	35170	115	1409
375.166	35171	112	209
375.171	35172	116	1409
375.178	35173	117	1409
375.183	35174	117	209
375.186	35175	118	1409
375.193	35176	119	1409
375.198	35177	118	209
375.201	35178	119	1409
375.205	35179	118	1409
375.211	35180	117	209
375.216	35181	121	1409
375.223	35182	122	1409
375.225	35183	119	209
375.228	35184	120	1409
375.235	35185	121	1409
375.24	35186	120	209
375.243	35187	121	1409
375.248	35188	120	1409
375.253	35189	120	209
375.256	35190	121	1409
375.263	35191	122	1409
375.266	35192	119	209
375.271	35193	123	1409
375.278	35194	123	1409
375.283	35195	123	209
375.285	35196	124	1409
375.293	35197	125	1409
375.296	35198	122	209
375.298	35199	124	1409
375.305	35200	124	1409
375.313	35201	125	209
375.315	35202	128	1409
375.323	35203	128	1409
375.328	35204	127	209
375.33	35205	129	1409
375.338	35206	130	1409
375.343	35207	129	209
375.345	35208	131	1409
375.353	35209	132	1409
375.358	35210	131	209
375.363	35211	134	1409
375.367	35212	133	1409
375.376	35213	135	209
375.378	35214	136	1409
375.385	35215	137	1409
375.391	35216	137	209
375.393	35217	138	1409
375.4	35218	138	1409
375.405	35219	138	209
375.408	35220	139	1409
375.415	35221	141	1409
375.423	35222	142	209
375.425	35223	144	1409
375.432	35224	145	1409
375.435	35225	142	209
375.44	35226	146	1409
375.447	35227	146	1409
375.453	35228	145	209
375.455	35229	146	1409
375.462	35230	148	1409
375.465	35231	145	209
375.473	35232	151	1409
375.477	35233	150	1409
375.483	35234	148	209
375.485	35235	151	1409
375.495	35236	153	1409
375.498	35237	150	209
375.5	35238	151	1409
375.507	35239	153	1409
375.513	35240	152	209
375.515	35241	153	1409
375.518	35242	150	1409
375.525	35243	151	209
375.528	35244	152	1409
375.535	35245	154	1409
375.54	35246	153	209
375.542	35247	154	1409
375.548	35248	153	1409
375.553	35249	152	209
375.555	35250	154	1409
375.558	35251	150	1409
375.564	35252	149	209
375.568	35253	153	1409
375.573	35254	152	1409
375.579	35255	151	209
375.584	35257	149	1409
375.589	35258	148	209
375.591	35259	150	1409
375.598	35260	150	1409
375.603	35261	149	209
375.608	35262	153	1409
375.614	35264	146	209
375.618	35265	150	1409
375.629	35267	147	209
375.631	35268	150	1409
375.639	35269	150	1409
375.644	35270	149	209
375.646	35271	151	1409
375.651	35272	150	1409
375.654	35273	147	209
375.657	35274	148	1409
375.666	35275	152	1409
375.672	35276	150	209
375.674	35277	152	1409
375.681	35278	153	1409
375.686	35279	152	209
375.691	35280	155	1409
375.694	35281	153	1409
375.701	35283	153	1409
375.706	35284	152	1409
375.709	35285	148	209
375.716	35286	154	1409
375.721	35287	153	1409
375.727	35288	152	209
375.729	35289	153	1409
375.736	35290	155	1409
375.739	35291	151	209
375.741	35292	153	1409
375.747	35293	151	1409
375.752	35294	150	209
375.756	35295	154	1409
375.759	35296	150	1409
375.767	35297	152	209
375.769	35298	153	1409
375.776	35299	154	1409
375.781	35300	153	209
375.784	35301	155	1409
375.788	35302	155	1412
375.795	35303	157	1409
375.798	35304	155	209
375.8	35305	156	1409
375.805	35306	156	1409
375.809	35307	154	209
375.813	35308	155	1409
375.818	35309	155	1412
375.83	35311	152	1412
375.836	35312	153	209
375.838	35313	155	1409
375.843	35314	155	1409
375.846	35315	153	209
375.853	35316	156	1409
375.858	35317	156	1409
375.861	35318	155	209
375.863	35319	156	1409
375.873	35320	156	1409
375.878	35321	156	209
375.88	35322	156	1409
375.89	35323	157	1409
375.896	35324	155	209
375.898	35325	156	1409
375.905	35326	155	1409
375.91	35327	152	212
375.913	35328	154	209
375.916	35329	155	1409
375.925	35330	156	1409
375.933	35331	155	209
375.935	35332	157	1409
375.94	35333	154	1409
375.948	35334	152	209
375.952	35335	156	1409
375.96	35336	156	1409
375.967	35337	154	209
375.97	35338	155	1409
375.977	35339	155	1409
375.985	35340	155	209
375.992	35342	154	1409
375.998	35343	154	209
376.003	35345	152	1409
376.008	35346	151	209
376.011	35347	152	1409
376.016	35348	151	1409
376.021	35349	150	209
376.025	35350	154	1409
376.031	35351	152	1409
376.038	35352	153	1412
376.041	35353	151	209
376.043	35354	152	1409
376.048	35355	151	1409
376.051	35356	148	209
376.061	35358	150	1409
376.066	35359	149	209
376.069	35360	150	1409
376.074	35361	149	1409
376.079	35362	148	209
376.081	35363	150	1409
376.086	35364	149	1409
376.094	35365	150	209
376.099	35367	147	1409
376.104	35368	147	209
376.106	35369	148	1409
376.114	35370	149	1409
376.116	35371	146	209
376.119	35372	148	1409
376.126	35373	149	1409
376.132	35374	147	209
376.134	35375	148	1409
376.144	35376	152	1409
376.146	35377	149	209
376.151	35378	152	1409
376.156	35379	151	1409
376.161	35380	151	209
376.164	35381	152	1409
376.171	35382	153	1409
376.179	35383	154	209
376.181	35384	155	1409
376.188	35385	156	1409
376.194	35386	156	209
376.2	35388	156	1412
376.208	35389	158	1409
376.215	35390	158	1412
376.22	35391	157	209
376.223	35392	158	1409
376.228	35393	157	1409
376.233	35394	157	209
376.243	35396	159	1409
376.248	35397	157	209
376.25	35398	158	1409
376.257	35399	160	1409
376.262	35400	159	209
376.265	35401	160	1409
376.269	35402	159	1409
376.276	35403	160	1412
376.284	35404	161	209
376.291	35406	161	1409
376.301	35409	158	1409
376.309	35410	159	1412
376.312	35411	155	209
376.314	35412	158	1409
376.324	35414	155	209
376.334	35416	158	1409
376.339	35417	157	209
376.342	35418	159	1409
376.347	35419	157	1409
376.352	35420	156	209
376.354	35421	157	1409
376.359	35422	155	1409
376.364	35423	155	209
376.375	35426	152	209
376.377	35427	154	1409
376.38	35428	151	1409
376.385	35429	149	209
376.387	35430	150	1409
376.393	35431	149	1409
376.398	35432	148	209
376.4	35433	150	1412
376.407	35434	151	1409
376.414	35435	152	1409
376.422	35436	153	209
376.43	35438	153	1409
376.435	35439	152	209
376.442	35441	152	1409
376.45	35442	154	1412
376.455	35443	152	209
376.457	35444	154	1409
376.46	35445	151	1409
376.463	35446	148	209
376.473	35448	150	1409
376.48	35449	152	209
376.483	35450	153	1409
376.488	35451	152	1409
376.497	35452	155	1412
376.503	35453	154	209
376.508	35455	153	212
376.514	35458	145	209
376.518	35459	149	1409
376.526	35460	149	1412
376.533	35461	151	1409
376.536	35462	147	1412
376.541	35463	146	209
376.546	35464	150	1409
376.556	35466	148	209
376.559	35467	149	1409
376.565	35468	150	1409
376.571	35469	149	209
376.573	35470	151	1409
376.581	35471	152	1412
376.585	35472	151	1412
376.595	35473	154	1409
376.6	35474	153	209
376.603	35475	154	1409
376.61	35476	156	1409
376.61	35477	152	209
376.613	35478	154	1409
376.618	35479	155	1409
376.623	35480	155	209
376.625	35481	156	1409
376.63	35482	156	1409
376.635	35483	156	1412
376.638	35484	154	209
376.64	35485	155	1409
376.648	35486	157	1412
376.653	35487	157	1409
376.656	35488	155	209
376.665	35490	158	1409
376.666	35491	154	209
376.668	35492	156	1409
376.677	35493	154	1412
376.68	35494	152	1409
376.685	35495	152	209
376.687	35496	154	1409
376.694	35497	156	1409
376.7	35498	152	209
376.703	35499	154	1409
376.714	35500	156	1412
376.722	35501	155	1412
376.731	35502	157	1412
376.741	35503	158	1409
376.749	35504	157	209
376.751	35505	158	1409
376.758	35506	157	1409
376.77	35507	161	1412
376.776	35508	158	209
376.778	35509	160	1409
376.788	35510	161	1409
376.793	35511	158	209
376.795	35512	159	1409
376.805	35513	161	1409
376.811	35514	158	209
376.813	35515	160	1409
376.821	35516	160	1409
376.823	35517	157	209
376.826	35518	158	1409
376.834	35520	155	209
376.839	35522	152	1409
376.844	35523	151	209
376.847	35524	153	1409
376.851	35525	151	1409
376.857	35526	150	209
376.865	35528	151	1409
376.869	35529	150	1412
376.875	35530	148	209
376.877	35531	151	1409
376.884	35532	151	1409
376.887	35533	148	209
376.89	35534	149	1409
376.896	35535	150	1409
376.9	35536	147	209
376.904	35537	151	1409
376.911	35538	152	1409
376.916	35539	150	209
376.919	35540	151	1409
376.926	35541	153	1409
376.929	35542	150	209
376.931	35543	151	1409
376.939	35544	152	1409
376.942	35545	149	209
376.946	35546	153	1409
376.954	35547	154	1409
376.957	35548	150	209
376.961	35549	154	1409
376.969	35550	155	1409
376.974	35551	154	209
376.976	35552	156	1409
376.981	35553	154	1409
376.987	35554	154	209
376.989	35555	155	1409
376.996	35556	156	1409
377.002	35557	155	209
377.011	35559	157	1409
377.014	35560	155	209
377.021	35562	155	1409
377.027	35563	153	209
377.029	35564	155	1409
377.036	35565	155	1409
377.043	35566	157	1412
377.048	35567	156	1412
377.053	35568	155	209
377.058	35569	158	1409
377.068	35571	155	209
377.07	35572	156	1409
377.078	35573	158	1412
377.085	35574	159	1409
377.09	35575	158	209
377.092	35576	160	1409
377.095	35577	156	1409
377.107	35579	161	1409
377.115	35580	162	1409
377.117	35581	159	209
377.123	35583	157	1409
377.128	35584	156	209
377.13	35585	157	1409
377.137	35586	158	1409
377.147	35588	161	1409
377.152	35589	159	1409
377.157	35590	159	209
377.162	35592	156	1409
377.167	35593	156	209
377.169	35594	157	1409
377.175	35595	155	1409
377.18	35596	154	209
377.182	35597	156	1409
377.192	35599	154	209
377.2	35601	155	1409
377.205	35602	153	209
377.207	35603	155	1409
377.21	35604	151	1409
377.217	35605	152	1412
377.225	35606	153	1412
377.23	35607	153	209
377.232	35608	154	1409
377.242	35609	156	1409
377.247	35611	155	1409
377.254	35612	156	1409
377.257	35613	153	209
377.267	35615	155	1409
377.274	35616	157	1412
377.277	35617	153	209
377.282	35618	156	1409
377.285	35620	148	209
377.292	35621	154	1409
377.295	35622	150	1409
377.3	35623	150	209
377.305	35624	153	1409
377.31	35625	151	212
377.313	35626	153	1409
377.32	35627	155	209
377.33	35630	152	1412
377.334	35631	149	209
377.336	35632	150	1409
377.346	35634	148	212
377.347	35635	147	209
377.349	35636	149	1409
377.354	35637	147	1409
377.358	35638	146	1412
377.364	35639	146	209
377.374	35641	148	1409
377.379	35642	147	209
377.381	35643	149	1409
377.389	35644	149	1409
377.398	35645	153	1412
377.405	35646	154	1412
377.41	35648	152	1409
377.418	35649	152	1409
377.425	35650	154	209
377.43	35652	152	1409
377.433	35653	150	209
377.438	35654	153	1409
377.443	35655	153	1409
377.445	35656	151	209
377.448	35657	152	1409
377.453	35658	153	212
377.455	35659	155	1409
377.461	35660	155	209
377.463	35661	157	1409
377.47	35662	154	1412
377.478	35663	156	1409
377.48	35664	154	209
377.483	35665	156	1409
377.49	35666	157	1409
377.497	35667	159	1412
377.5	35668	157	209
377.502	35669	159	1409
377.507	35670	158	1409
377.51	35671	155	209
377.512	35672	158	1409
377.52	35673	157	1409
377.536	35674	156	1412
377.544	35675	156	1412
377.552	35676	155	209
377.554	35677	156	1412
377.562	35678	155	1409
377.574	35679	158	1409
377.579	35680	156	209
377.582	35681	157	1412
377.591	35682	157	1409
377.601	35683	159	1409
377.609	35684	158	209
377.614	35686	153	212
377.617	35687	155	1409
377.626	35688	157	209
377.629	35689	157	1409
377.639	35690	159	1409
377.644	35691	155	1412
377.649	35692	154	209
377.654	35694	153	1409
377.662	35695	153	209
377.664	35696	155	1409
377.675	35698	153	209
377.679	35700	150	1409
377.685	35701	149	209
377.687	35702	151	1409
377.694	35703	152	1409
377.7	35704	150	209
377.707	35706	150	1409
377.712	35707	150	209
377.715	35708	151	1409
377.721	35709	152	1409
377.726	35710	150	209
377.729	35711	152	1409
377.736	35712	153	1409
377.74	35713	150	209
377.749	35715	151	1409
377.754	35716	151	209
377.757	35717	152	1409
377.764	35718	153	1409
377.767	35719	149	209
377.769	35720	151	1409
377.776	35721	152	1409
377.782	35722	151	209
377.784	35723	153	1409
377.794	35724	155	1409
377.797	35725	152	209
377.799	35726	153	1409
377.806	35727	155	1409
377.812	35728	153	209
377.814	35729	154	1409
377.822	35730	156	1412
377.827	35731	155	1409
377.829	35732	151	209
377.834	35733	154	1409
377.84	35735	148	209
377.847	35736	154	1409
377.852	35737	152	1409
377.861	35738	155	1412
377.863	35739	152	209
377.866	35740	153	1409
377.873	35741	154	1409
377.883	35742	157	1412
377.885	35743	154	1412
377.893	35744	155	209
377.898	35745	159	1409
377.901	35746	155	1409
377.91	35748	158	1409
377.918	35749	159	1412
377.923	35750	157	1409
377.928	35751	157	209
377.931	35752	158	1409
377.936	35753	156	1409
377.941	35754	156	209
377.943	35755	157	1409
377.949	35756	156	1409
377.958	35757	158	1412
377.965	35759	159	1409
377.973	35761	154	209
377.976	35762	155	1409
377.983	35763	156	1409
377.986	35764	153	209
377.99	35765	157	1409
377.996	35766	155	1409
378.001	35767	154	209
378.003	35768	155	1409
378.01	35769	157	1409
378.013	35770	153	209
378.021	35772	153	1409
378.025	35773	152	209
378.028	35774	154	1409
378.035	35775	154	1409
378.038	35776	151	209
378.05	35778	156	1412
378.057	35779	156	1409
378.06	35780	153	209
378.065	35781	157	1409
378.075	35783	154	209
378.085	35785	156	1409
378.09	35787	155	1409
378.097	35788	155	1409
378.1	35789	152	209
378.105	35790	155	1409
378.112	35791	157	1409
378.115	35792	153	212
378.118	35793	155	209
378.125	35795	155	1409
378.131	35796	154	209
378.133	35797	155	1409
378.14	35798	156	1409
378.146	35799	155	209
378.148	35800	156	1409
378.153	35801	155	1409
378.165	35804	153	1409
378.171	35805	153	212
378.171	35806	152	209
378.178	35808	153	1412
378.186	35809	153	1409
378.191	35810	152	209
378.193	35811	154	1409
378.198	35812	152	1409
378.206	35813	153	209
378.208	35814	154	1409
378.216	35816	150	209
378.218	35817	152	1409
378.226	35818	152	1412
378.233	35819	153	1409
378.24	35821	154	1409
378.248	35822	155	1409
378.258	35825	153	1409
378.26	35826	150	1409
378.266	35827	149	209
378.268	35828	152	1409
378.278	35829	153	1412
378.288	35830	152	1412
378.293	35831	152	1409
378.298	35832	152	212
378.298	35833	152	209
378.3	35834	153	1409
378.308	35835	155	1409
378.311	35836	152	209
378.313	35837	155	1409
378.318	35838	153	1409
378.33	35839	154	1412
378.333	35840	152	209
378.338	35841	156	1409
378.34	35842	153	1409
378.345	35843	153	209
378.348	35844	155	1409
378.355	35845	156	1409
378.36	35846	156	209
378.362	35847	158	1409
378.37	35848	156	212
378.373	35849	157	1412
378.382	35850	158	1409
378.389	35851	156	1412
378.395	35852	153	209
378.4	35853	156	1409
378.409	35854	157	1409
378.415	35855	153	209
378.42	35856	157	1409
378.429	35857	158	1412
378.437	35858	156	1409
378.447	35859	157	209
378.447	35860	157	212
378.457	35862	156	1409
378.465	35863	155	212
378.47	35865	153	209
378.472	35866	154	1409
378.48	35867	154	1409
378.487	35868	155	209
378.498	35871	152	209
378.5	35872	153	1409
378.508	35873	153	1409
378.511	35874	150	209
378.513	35875	152	1409
378.52	35876	152	1409
378.526	35877	150	209
378.528	35878	152	1409
378.533	35879	150	1409
378.538	35880	149	209
378.54	35881	150	1409
378.548	35882	150	1409
378.553	35883	149	209
378.558	35884	152	1409
378.563	35885	151	1409
378.568	35886	150	209
378.57	35887	151	1409
378.577	35888	151	1409
378.581	35889	148	209
378.585	35890	152	1409
378.593	35891	152	1409
378.598	35892	150	209
378.6	35893	151	1409
378.607	35894	153	1409
378.613	35895	151	209
378.615	35896	152	1409
378.623	35897	153	1409
378.628	35898	151	209
378.633	35899	155	1409
378.638	35900	154	1409
378.643	35901	152	209
378.645	35902	154	1409
378.652	35903	154	1409
378.658	35904	153	209
378.66	35905	155	1409
378.667	35906	155	1412
378.677	35907	157	1409
378.684	35908	158	1412
378.689	35909	156	209
378.691	35910	158	1409
378.697	35911	156	1409
378.702	35912	155	209
378.712	35914	157	1412
378.726	35916	158	1409
378.731	35917	157	209
378.734	35918	158	1409
378.741	35919	158	1409
378.749	35920	159	209
378.756	35922	160	1409
378.76	35923	156	209
378.767	35925	156	1409
378.772	35926	154	209
378.778	35928	152	1409
378.783	35929	150	209
378.79	35931	149	1409
378.793	35932	147	209
378.805	35934	150	1409
378.811	35935	149	209
378.813	35936	151	1409
378.82	35937	151	1409
378.828	35939	151	1409
378.835	35940	151	1409
378.84	35941	150	209
378.847	35943	150	1409
378.853	35944	148	209
378.857	35945	152	1409
378.863	35946	150	1409
378.868	35947	149	209
378.873	35948	153	1409
378.882	35949	156	1409
378.888	35950	154	209
378.89	35951	155	1409
378.897	35952	157	1409
378.902	35953	155	209
378.905	35954	156	1409
378.912	35955	156	1409
378.917	35956	156	209
378.922	35957	159	1412
378.927	35958	157	1409
378.934	35959	158	1412
378.939	35960	155	1409
378.944	35961	155	209
378.947	35962	157	1409
378.954	35963	157	1409
378.96	35964	155	209
378.962	35965	156	1409
378.969	35966	158	1412
378.976	35967	158	1412
378.984	35968	158	1409
378.996	35970	158	209
378.999	35971	159	1409
379.011	35973	158	1409
379.016	35974	157	1412
379.019	35975	153	209
379.022	35976	154	1409
379.029	35977	155	1409
379.035	35979	153	209
379.037	35980	155	1409
379.044	35981	155	1409
379.048	35982	151	209
379.05	35983	152	1409
379.057	35984	154	1412
379.065	35985	154	1409
379.072	35986	155	209
379.075	35988	150	1409
379.078	35989	146	209
379.08	35990	148	1409
379.086	35991	147	1409
379.091	35992	147	209
379.093	35993	148	1409
379.099	35995	143	209
379.101	35996	146	1409
379.109	35997	147	1409
379.114	35998	148	209
379.117	36000	144	1409
379.119	36001	141	209
379.122	36002	143	1409
379.129	36003	145	1409
379.132	36004	142	209
379.139	36005	144	1409
379.146	36006	146	1409
379.151	36007	146	209
379.154	36008	144	1409
379.161	36009	146	1409
379.164	36010	144	209
379.171	36011	144	1409
379.178	36012	145	1409
379.191	36013	144	1412
379.198	36014	144	209
379.203	36015	146	1409
379.212	36016	147	1412
379.22	36017	145	1409
379.23	36018	146	209
379.232	36019	148	1409
379.239	36020	146	212
379.242	36021	147	1409
379.25	36022	146	209
379.252	36023	147	1409
379.262	36024	148	1409
379.27	36025	147	209
379.275	36026	150	1409
379.284	36027	151	1412
379.296	36028	154	1409
379.301	36029	153	209
379.304	36030	154	1412
379.313	36031	157	1409
379.323	36032	160	1409
379.33	36033	161	1412
379.34	36035	162	1409
379.343	36036	159	1409
379.346	36037	156	209
379.351	36038	159	1409
379.355	36039	157	1409
379.363	36040	158	209
379.373	36042	159	1409
379.378	36043	159	209
379.381	36044	160	1409
379.386	36045	158	1409
379.389	36046	154	209
379.398	36048	157	1409
379.406	36050	156	1409
379.413	36051	156	1409
379.418	36052	156	209
379.421	36053	157	1409
379.425	36054	155	1409
379.428	36055	151	209
379.433	36056	155	1409
379.438	36057	153	1409
379.443	36058	152	209
379.446	36059	153	1409
379.453	36060	153	1409
379.458	36061	152	209
379.461	36062	153	1409
379.468	36063	154	1409
379.471	36064	150	209
379.478	36065	156	1409
379.485	36066	157	1409
379.488	36067	154	209
379.498	36069	156	1409
379.503	36070	154	209
379.505	36071	155	1409
379.511	36072	154	1409
379.516	36073	152	209
379.518	36074	154	1409
379.523	36075	152	1409
379.531	36076	152	209
379.533	36077	155	1409
379.538	36078	153	1409
379.543	36079	151	212
379.544	36080	150	209
379.553	36082	152	1409
379.556	36083	149	209
379.561	36084	153	1409
379.568	36085	153	1409
379.576	36086	152	1412
379.581	36087	151	209
379.583	36088	152	1409
379.588	36089	151	1409
379.596	36090	152	209
379.601	36091	152	1412
379.606	36092	151	212
379.608	36093	152	1409
379.616	36094	153	1409
379.621	36095	152	209
379.623	36096	153	1409
379.628	36097	151	1409
379.632	36098	148	209
379.634	36099	150	1409
379.644	36100	152	1409
379.649	36101	151	209
379.651	36102	152	1409
379.658	36103	153	1409
379.664	36104	152	209
379.666	36105	153	1409
379.673	36106	153	1409
379.677	36107	150	209
379.679	36108	151	1409
379.687	36109	151	1409
379.692	36110	150	209
379.699	36111	151	1412
379.706	36112	152	1409
379.714	36113	152	1409
379.719	36114	150	209
379.721	36115	152	1409
379.729	36116	153	1409
379.734	36117	151	209
379.736	36118	153	1409
379.743	36119	153	1409
379.751	36120	155	209
379.756	36122	152	1412
379.766	36123	155	1409
379.771	36124	154	209
379.773	36125	155	1409
379.781	36126	155	1409
379.786	36127	153	209
379.788	36128	155	1409
379.796	36129	155	1409
379.801	36130	154	209
379.803	36131	156	1409
379.813	36132	159	1409
379.816	36133	154	209
379.826	36135	157	1409
379.831	36136	156	209
379.833	36137	157	1409
379.841	36138	157	1409
379.844	36139	154	209
379.846	36140	156	1409
379.856	36142	152	209
379.858	36143	153	1409
379.864	36144	151	1409
379.869	36145	150	209
379.871	36146	151	1409
379.879	36147	152	1409
379.884	36148	151	209
379.891	36150	151	1409
379.899	36151	152	209
379.901	36152	153	1409
379.909	36153	153	1409
379.912	36154	150	209
379.914	36155	152	1409
379.919	36156	149	1409
379.924	36157	150	209
379.927	36158	151	1409
379.934	36159	152	1409
379.937	36160	150	209
379.939	36161	151	1409
379.944	36162	151	1409
379.947	36163	150	209
379.952	36164	153	1409
379.959	36165	152	1412
379.964	36166	152	1409
379.967	36167	150	209
379.971	36168	154	1409
379.976	36169	153	1409
379.982	36170	151	209
379.989	36172	151	1409
379.994	36173	149	209
379.997	36174	151	1409
380.004	36175	151	1409
380.015	36176	151	209
380.017	36177	153	1409
380.028	36178	153	1412
380.036	36179	153	1409
380.044	36180	151	209
380.048	36181	154	1409
380.056	36182	152	1409
380.065	36183	153	1412
380.073	36184	152	209
380.078	36185	155	1409
380.085	36186	154	1409
380.093	36187	152	209
380.098	36188	156	1412
380.107	36189	157	1409
380.117	36190	158	1409
380.125	36191	157	209
380.128	36192	158	1409
380.137	36193	161	1409
380.143	36194	159	209
380.145	36195	160	1409
380.147	36196	157	1409
380.155	36197	157	209
380.157	36198	159	1409
380.165	36199	159	1409
380.167	36200	156	209
380.177	36202	158	1409
380.18	36203	154	209
380.182	36204	155	1409
380.188	36205	154	1409
380.195	36206	155	1412
380.201	36207	153	209
380.203	36208	154	1409
380.208	36209	152	1409
380.211	36210	149	209
380.215	36211	153	1409
380.223	36212	153	1409
380.225	36213	149	209
380.229	36214	151	1409
380.235	36215	152	1409
380.238	36216	148	209
380.243	36217	152	1409
380.25	36218	152	1409
380.256	36219	151	209
380.258	36220	153	1409
380.263	36221	150	1409
380.268	36222	149	209
380.271	36223	150	1409
380.278	36224	151	1409
380.283	36225	150	209
380.286	36226	151	1409
380.295	36227	154	1409
380.301	36228	152	209
380.303	36229	153	1409
380.31	36230	155	1409
380.316	36231	153	209
380.318	36232	154	1409
380.325	36233	155	1409
380.328	36234	152	209
380.331	36235	153	1409
380.338	36236	153	1409
380.341	36237	150	209
380.346	36238	153	1409
380.353	36239	154	1409
380.358	36240	153	209
380.361	36241	154	1409
380.366	36242	152	1409
380.369	36243	149	209
380.376	36244	154	1409
380.381	36245	152	1412
380.388	36246	153	1409
380.391	36247	150	209
380.396	36248	153	1409
380.401	36249	151	1409
380.408	36250	152	209
380.413	36251	155	1409
380.42	36252	156	1409
380.425	36253	154	209
380.427	36254	155	1409
380.435	36255	156	1409
380.442	36256	156	209
380.445	36257	157	1409
380.452	36258	157	1409
380.457	36259	156	209
380.465	36261	156	1409
380.47	36262	154	209
380.473	36263	155	1409
380.48	36264	156	1409
380.485	36265	154	209
380.488	36266	155	1409
380.495	36267	155	1409
380.498	36268	152	209
380.503	36269	156	1409
380.51	36270	155	1409
380.513	36271	152	209
380.523	36273	154	1409
380.526	36274	150	209
380.536	36276	152	1409
380.541	36277	151	209
380.548	36279	150	1409
380.554	36280	149	209
380.563	36282	151	1409
380.569	36283	149	209
380.571	36284	151	1409
380.578	36285	151	1409
380.583	36286	150	209
380.588	36287	153	1409
380.595	36288	155	1409
380.598	36289	151	209
380.603	36290	154	1409
380.611	36291	155	1409
380.616	36292	154	209
380.618	36293	155	1409
380.623	36294	154	1409
380.628	36295	153	209
380.631	36296	154	1409
380.641	36297	157	1409
380.644	36298	154	209
380.654	36301	150	209
380.659	36302	153	1409
380.666	36303	155	1409
380.676	36305	152	209
380.679	36306	153	1409
380.689	36308	149	209
380.691	36309	151	1409
380.694	36310	148	1409
380.699	36311	146	209
380.702	36312	147	1409
380.709	36313	148	1409
380.717	36314	149	209
380.721	36315	148	1412
380.729	36316	149	1409
380.736	36317	149	1412
380.741	36318	148	1409
380.75	36319	151	1412
380.753	36320	149	209
380.763	36321	150	1412
380.768	36322	150	1409
380.773	36323	149	1409
380.776	36324	147	209
380.78	36325	151	1409
380.785	36326	151	1409
380.79	36327	150	209
380.793	36328	152	1409
380.8	36329	154	1409
380.803	36330	151	209
380.805	36331	153	1409
380.813	36332	152	1409
380.818	36333	152	209
380.82	36334	152	1409
380.828	36335	154	1409
380.833	36336	154	209
380.835	36337	154	1409
380.847	36338	157	1409
380.85	36339	155	209
380.859	36340	155	1412
380.867	36341	154	1412
380.879	36342	158	1409
380.886	36343	156	1412
380.896	36344	157	1412
380.906	36345	157	1409
380.911	36346	154	209
380.918	36347	159	1409
380.925	36348	159	1409
380.93	36349	155	209
380.938	36350	161	1409
380.945	36351	160	1409
380.953	36352	159	209
380.958	36353	162	1409
380.967	36354	163	1409
380.973	36355	159	209
380.98	36357	159	1409
380.993	36360	157	1409
380.998	36361	157	209
381.001	36362	158	1409
381.005	36363	156	1409
381.009	36364	152	209
381.016	36366	152	1409
381.021	36367	151	209
381.024	36368	152	1409
381.034	36370	150	209
381.036	36371	151	1409
381.044	36372	152	1409
381.047	36373	148	209
381.049	36374	150	1409
381.054	36375	148	1409
381.059	36376	147	209
381.062	36377	148	1409
381.071	36378	150	1409
381.074	36379	148	209
381.079	36380	151	1409
381.086	36381	151	1409
381.091	36382	150	209
381.094	36383	151	1409
381.099	36384	150	1409
381.104	36385	148	209
381.106	36386	150	1409
381.113	36387	151	1409
381.119	36388	149	209
381.124	36389	153	1409
381.129	36390	152	1409
381.136	36391	153	209
381.139	36392	154	1409
381.146	36393	154	1409
381.151	36394	154	209
381.154	36395	155	1409
381.161	36396	155	1409
381.166	36397	155	209
381.168	36398	156	1409
381.173	36399	154	1409
381.177	36400	150	209
381.182	36401	154	1409
381.188	36402	155	1412
381.196	36403	153	212
381.198	36404	156	1412
381.206	36405	156	1409
381.211	36406	154	209
381.213	36407	156	1409
381.218	36408	155	1409
381.225	36409	155	1412
381.23	36410	154	209
381.235	36411	157	1409
381.24	36412	156	1412
381.248	36413	156	1409
381.251	36414	153	209
381.255	36415	157	1409
381.26	36416	155	1409
381.265	36417	154	209
381.27	36418	157	1409
381.278	36419	158	1409
381.283	36420	156	209
381.285	36421	158	1409
381.293	36422	159	1409
381.296	36423	155	209
381.301	36425	153	1409
381.304	36426	149	209
381.308	36427	153	1409
381.316	36428	153	1409
381.319	36429	150	209
381.323	36430	154	1409
381.331	36431	154	1409
381.334	36432	151	209
381.341	36434	150	1409
381.346	36435	149	209
381.348	36436	151	1409
381.354	36437	149	1409
381.361	36438	150	209
381.364	36439	151	1409
381.371	36440	152	1409
381.374	36441	148	209
381.381	36443	149	1409
381.389	36444	149	209
381.391	36445	151	1409
381.399	36446	151	1409
381.404	36447	150	209
381.406	36448	152	1409
381.416	36449	155	1409
381.419	36450	151	209
381.429	36452	153	1409
381.434	36453	152	209
381.441	36455	152	1409
381.449	36456	152	209
381.451	36457	154	1409
381.457	36458	153	1409
381.464	36459	153	209
381.466	36460	155	1409
381.471	36461	154	1409
381.479	36462	155	209
381.481	36463	156	1409
381.486	36464	154	1409
381.494	36466	154	1409
381.501	36467	155	1409
381.506	36468	153	1412
381.511	36469	152	209
381.516	36470	156	1409
381.523	36471	156	1409
381.529	36472	155	209
381.531	36473	156	1409
381.538	36474	157	1409
381.541	36475	153	209
381.546	36476	154	1412
381.553	36477	156	1409
381.558	36478	154	1409
381.563	36479	153	209
381.566	36480	154	1409
381.573	36481	154	1409
381.578	36482	154	209
381.581	36483	155	1409
381.588	36484	155	1412
381.593	36485	153	1409
381.598	36486	154	209
381.6	36487	155	1409
381.607	36488	157	1409
381.611	36489	155	209
381.613	36490	157	1409
381.62	36491	154	1409
381.623	36492	152	209
381.63	36493	152	1412
381.638	36494	154	1409
381.645	36495	154	1412
381.652	36496	154	1409
381.655	36497	152	209
381.657	36498	153	1409
381.665	36499	155	1409
381.67	36500	155	209
381.672	36501	156	1409
381.68	36502	158	1409
381.685	36503	155	209
381.69	36504	158	1409
381.694	36505	158	1409
381.7	36506	154	212
381.7	36507	154	209
381.703	36508	155	1409
381.712	36509	156	1409
381.718	36510	152	209
381.723	36511	156	1409
381.73	36512	154	1409
381.74	36513	155	209
381.742	36514	157	1409
381.747	36515	153	1409
381.756	36516	152	209
381.765	36518	151	1409
381.773	36519	151	209
381.778	36520	154	1409
381.785	36521	153	1409
381.793	36522	152	209
381.795	36523	154	1409
381.802	36524	154	1409
381.806	36525	150	209
381.81	36526	154	1409
381.817	36527	155	1409
381.823	36528	153	209
381.825	36529	155	1409
381.83	36530	154	1409
381.84	36532	155	1409
381.844	36533	154	1409
381.847	36534	150	209
381.852	36535	154	1409
381.859	36536	154	1409
381.862	36537	151	209
381.867	36538	154	1409
381.874	36539	155	1409
381.877	36540	152	209
381.882	36541	155	1409
381.889	36542	156	1409
381.895	36543	154	209
381.897	36544	155	1409
381.902	36545	154	1409
381.907	36546	152	209
381.912	36547	156	1409
381.917	36548	155	1409
381.922	36549	153	209
381.924	36550	154	1409
381.931	36551	156	1409
381.939	36552	157	209
381.941	36553	158	1409
381.949	36554	158	1409
381.956	36556	159	1409
381.961	36557	156	1409
381.966	36558	156	209
381.968	36559	157	1409
381.975	36560	157	1412
381.983	36561	157	1409
381.988	36562	156	209
381.991	36563	158	1409
381.996	36564	156	1409
382.001	36565	155	209
382.004	36566	157	1409
382.009	36567	155	1409
382.016	36568	155	209
382.018	36569	158	1409
382.024	36570	156	1409
382.029	36571	154	209
382.031	36572	155	1409
382.044	36574	154	212
382.044	36575	155	209
382.051	36577	154	1409
382.055	36578	151	209
382.062	36580	151	1409
382.07	36582	150	1409
382.077	36583	151	1409
382.084	36585	151	1409
382.092	36586	151	1409
382.097	36587	150	209
382.099	36588	152	1409
382.104	36589	150	1409
382.11	36590	149	209
382.112	36591	150	1409
382.117	36592	149	1409
382.125	36593	149	209
382.127	36594	151	1409
382.13	36595	147	1409
382.138	36596	148	209
382.142	36597	151	1409
382.15	36598	151	1409
382.155	36599	148	212
382.155	36600	149	209
382.158	36601	151	1409
382.168	36602	153	1409
382.173	36603	151	209
382.175	36604	153	1409
382.186	36606	150	209
382.193	36608	150	1409
382.196	36609	147	209
382.198	36610	148	1409
382.206	36611	148	1409
382.211	36612	147	209
382.218	36613	153	1409
382.223	36614	151	1409
382.228	36615	150	209
382.23	36616	152	1409
382.238	36617	152	1409
382.243	36618	150	209
382.245	36619	153	1409
382.252	36620	153	1412
382.26	36621	153	1412
382.267	36622	155	1412
382.274	36623	155	1409
382.28	36624	153	212
382.285	36625	157	209
382.29	36627	156	212
382.292	36628	157	1409
382.298	36629	155	209
382.3	36630	157	1409
382.305	36631	156	1409
382.313	36632	156	209
382.317	36634	154	1409
382.323	36635	152	209
382.327	36636	156	1409
382.335	36637	156	1409
382.34	36638	156	209
382.349	36640	157	1409
382.352	36641	154	209
382.355	36642	155	1409
382.36	36643	153	1409
382.365	36644	152	209
382.367	36645	154	1409
382.375	36646	154	1409
382.376	36647	148	209
382.383	36649	148	1409
382.39	36650	148	1412
382.397	36651	150	1412
382.403	36652	148	209
382.405	36653	149	1409
382.41	36654	149	1409
382.415	36655	149	209
382.417	36656	151	1409
382.425	36657	153	1409
382.428	36658	150	209
382.43	36659	151	1409
382.437	36660	153	1409
382.442	36661	154	209
382.445	36662	155	1409
382.449	36663	155	1409
382.452	36664	153	209
382.455	36665	154	1409
382.459	36666	154	1409
382.463	36667	151	209
382.468	36668	155	1409
382.47	36669	152	1409
382.475	36670	150	209
382.477	36671	153	1409
382.492	36672	152	1412
382.499	36673	154	1409
382.5	36674	149	209
382.505	36675	153	1409
382.514	36676	154	1409
382.524	36677	154	1412
382.532	36678	154	209
382.534	36679	155	1409
382.542	36680	154	1409
382.55	36681	152	209
382.552	36682	154	1409
382.562	36683	155	1412
382.571	36684	155	1409
382.577	36685	153	209
382.582	36686	155	1409
382.591	36687	156	1412
382.601	36688	157	1409
382.609	36689	156	209
382.613	36690	160	1409
382.62	36691	160	1409
382.633	36694	159	1409
382.636	36695	155	209
382.639	36696	156	1409
382.646	36697	157	1409
382.652	36698	156	209
382.654	36699	157	1409
382.658	36700	156	1409
382.661	36701	152	209
382.664	36702	153	1409
382.674	36703	156	1409
382.676	36704	153	209
382.681	36705	157	1409
382.688	36706	157	1409
382.699	36709	153	1409
382.704	36710	151	209
382.708	36711	155	1409
382.713	36712	154	1409
382.719	36713	152	209
382.721	36714	154	1409
382.726	36715	152	1409
382.731	36716	151	209
382.734	36717	152	1409
382.739	36718	150	1409
382.741	36719	147	209
382.744	36720	149	1409
382.754	36721	151	1409
382.759	36722	150	209
382.761	36723	151	1409
382.769	36724	152	1409
382.774	36725	151	209
382.776	36726	152	1409
382.784	36727	153	1409
382.789	36728	151	209
382.791	36729	153	1409
382.799	36730	154	1409
382.804	36731	152	209
382.806	36732	154	1409
382.814	36733	155	1409
382.819	36734	153	209
382.821	36735	155	1409
382.828	36736	155	1409
382.834	36737	154	209
382.837	36739	149	212
382.842	36740	153	1412
382.849	36741	154	1409
382.854	36742	152	209
382.856	36743	154	1409
382.861	36744	153	1409
382.867	36745	151	209
382.869	36746	153	1409
382.878	36747	155	1409
382.879	36748	150	209
382.886	36749	156	1409
382.891	36750	154	1409
382.896	36751	153	209
382.899	36752	154	1409
382.902	36753	150	212
382.904	36754	152	1412
382.911	36755	152	1409
382.915	36756	149	209
382.917	36757	150	1409
382.924	36758	151	1409
382.93	36759	150	209
382.939	36761	152	1409
382.944	36762	150	209
382.946	36763	152	1409
382.954	36764	153	1409
382.959	36765	151	209
382.961	36766	152	1409
382.969	36767	154	1409
382.974	36768	152	209
382.982	36770	152	1409
382.987	36771	151	209
382.989	36772	152	1409
382.996	36773	152	1409
383	36774	149	209
383.004	36775	153	1409
383.011	36776	153	1409
383.017	36777	152	209
383.019	36778	153	1409
383.026	36779	154	1409
383.032	36780	152	209
383.036	36781	156	1409
383.044	36782	157	1409
383.049	36783	155	1412
383.054	36784	154	209
383.056	36785	156	1409
383.064	36786	156	1409
383.066	36787	152	209
383.071	36788	155	1409
383.078	36789	157	1409
383.083	36790	155	209
383.086	36791	156	1409
383.095	36792	159	1409
383.101	36793	158	209
383.108	36795	158	1409
383.113	36796	156	209
383.123	36798	158	1409
383.126	36799	155	209
383.131	36800	158	1409
383.136	36801	156	1409
383.141	36802	156	209
383.143	36803	157	1409
383.156	36805	155	1409
383.161	36806	155	209
383.163	36807	156	1409
383.168	36808	154	1409
383.174	36809	153	209
383.176	36810	155	1409
383.181	36811	153	1409
383.188	36812	153	1412
383.191	36813	150	209
383.194	36814	151	1409
383.201	36815	152	1409
383.209	36816	153	209
383.214	36818	151	1409
383.219	36819	149	209
383.222	36820	150	1409
383.226	36821	148	1409
383.232	36822	149	209
383.234	36823	150	1409
383.241	36824	152	1409
383.244	36825	150	209
383.247	36826	151	1409
383.252	36827	150	1409
383.255	36828	148	209
383.262	36830	149	1409
383.265	36831	147	209
383.269	36832	151	1409
383.277	36833	153	1409
383.277	36834	148	209
383.282	36835	152	1409
383.29	36837	149	209
383.295	36838	149	1409
383.302	36839	151	1409
383.307	36840	148	1412
383.312	36841	148	209
383.317	36842	152	1409
383.324	36843	152	1412
383.329	36844	152	1409
383.335	36845	152	209
383.339	36846	156	1409
383.348	36847	156	1409
383.354	36848	152	209
383.359	36849	155	1409
383.368	36850	157	1412
383.375	36851	155	1409
383.386	36852	156	209
383.388	36853	157	1409
383.395	36854	156	1409
383.405	36855	157	209
383.408	36856	157	1409
383.415	36857	156	1409
383.427	36858	160	1412
383.433	36859	156	209
383.44	36860	161	1409
383.447	36861	160	1409
383.453	36862	159	209
383.459	36864	158	1409
383.467	36865	160	209
383.469	36866	161	1409
383.477	36867	161	1412
383.487	36869	158	209
383.489	36870	160	1409
383.492	36871	156	1409
383.509	36874	158	1409
383.519	36876	155	209
383.522	36877	156	1409
383.527	36878	156	1409
383.532	36879	154	209
383.534	36880	155	1409
383.542	36881	155	1409
383.545	36882	152	209
383.547	36883	153	1409
383.554	36884	154	1409
383.56	36885	152	209
383.562	36886	154	1409
383.567	36887	152	1409
383.572	36888	151	209
383.575	36889	153	1409
383.585	36891	150	209
383.588	36892	151	1409
383.592	36893	149	1409
383.598	36894	148	209
383.6	36895	149	1409
383.607	36896	150	1409
383.613	36897	148	209
383.615	36898	149	1409
383.622	36899	151	1409
383.628	36900	149	209
383.63	36901	150	1409
383.638	36902	151	1409
383.643	36903	150	209
383.647	36904	154	1409
383.657	36905	156	1409
383.66	36906	152	209
383.669	36908	155	1412
383.677	36909	155	1409
383.682	36910	154	209
383.684	36911	155	1409
383.692	36912	157	1409
383.699	36913	157	1412
383.704	36914	155	209
383.707	36915	156	1409
383.714	36916	158	1409
383.721	36917	158	1412
383.729	36918	158	212
383.736	36921	158	1409
383.743	36922	158	1409
383.749	36923	156	209
383.751	36924	158	1409
383.756	36925	157	1409
383.759	36926	153	209
383.764	36927	156	1409
383.772	36928	157	1409
383.777	36929	156	209
383.779	36930	157	1409
383.784	36931	155	1409
383.789	36932	155	209
383.792	36933	156	1409
383.797	36934	154	1412
383.804	36935	154	1409
383.809	36936	153	209
383.813	36937	157	1409
383.819	36938	155	1409
383.824	36939	153	209
383.837	36942	152	209
383.839	36943	154	1409
383.844	36944	152	1409
383.85	36945	151	209
383.852	36946	152	1409
383.857	36947	150	1409
383.865	36948	151	209
383.867	36949	153	1409
383.874	36950	154	1412
383.882	36951	154	1409
383.887	36952	152	209
383.889	36953	154	1409
383.894	36954	153	1409
383.899	36955	151	209
383.902	36956	152	1409
383.911	36957	155	1409
383.919	36959	155	1409
383.926	36960	155	1409
383.929	36961	152	209
383.932	36962	153	1409
383.941	36963	156	1409
383.949	36964	157	1412
383.952	36965	153	212
383.952	36966	153	209
383.954	36967	154	1409
383.962	36968	155	1409
383.969	36969	155	209
383.971	36970	157	1409
383.982	36972	153	209
383.984	36973	155	1409
383.992	36975	150	209
383.995	36976	151	1409
384.004	36977	153	1409
384.007	36978	151	209
384.01	36979	152	1409
384.017	36980	152	1409
384.024	36981	153	209
384.027	36982	154	1409
384.032	36983	153	1409
384.037	36984	151	209
384.039	36985	153	1409
384.044	36986	151	1412
384.052	36987	152	1412
384.058	36988	152	1409
384.062	36989	150	209
384.064	36990	152	1409
384.071	36991	154	1409
384.075	36992	151	209
384.079	36993	155	1409
384.084	36994	154	1409
384.089	36995	155	209
384.091	36996	156	1409
384.094	36997	154	1409
384.099	36998	153	209
384.102	36999	154	1409
384.109	37000	156	1409
384.112	37001	154	209
384.116	37002	158	1409
384.121	37003	158	1409
384.124	37004	155	212
384.125	37005	154	209
384.135	37008	153	209
384.137	37009	155	1409
384.144	37010	153	1409
384.15	37011	151	209
384.152	37012	154	1409
384.159	37013	155	1409
384.164	37014	151	209
384.167	37015	152	1409
384.177	37016	153	1409
384.184	37017	152	1412
384.194	37018	153	209
384.196	37019	154	1409
384.204	37020	152	1412
384.216	37021	155	1409
384.221	37022	151	209
384.223	37023	153	1409
384.236	37024	156	1409
384.241	37025	153	209
384.244	37026	154	1409
384.256	37027	157	1409
384.263	37028	156	209
384.265	37029	157	1409
384.271	37030	155	1409
384.279	37031	156	209
384.281	37032	157	1409
384.286	37033	156	1409
384.293	37034	157	209
384.297	37036	152	1409
384.302	37037	151	209
384.304	37038	153	1409
384.312	37039	153	1409
384.317	37040	152	209
384.32	37042	147	1409
384.325	37043	146	209
384.328	37044	147	1409
384.337	37045	150	1412
384.345	37046	151	1412
384.351	37047	151	1409
384.355	37048	147	209
384.357	37049	149	1409
384.362	37050	147	1409
384.367	37051	145	209
384.372	37052	149	1409
384.379	37053	150	1409
384.382	37054	147	209
384.387	37055	150	1409
384.394	37056	151	1409
384.399	37057	149	209
384.402	37058	150	1409
384.409	37059	151	1409
384.412	37060	148	209
384.414	37061	149	1409
384.421	37062	149	1409
384.427	37063	148	209
384.429	37064	149	1409
384.436	37065	150	1409
384.442	37066	149	209
384.444	37067	150	1409
384.454	37068	152	1409
384.459	37069	152	209
384.462	37070	153	1409
384.469	37071	153	1409
384.474	37072	152	209
384.477	37073	153	1409
384.484	37074	154	1409
384.489	37075	153	209
384.494	37076	156	1409
384.501	37077	156	1409
384.508	37078	158	1412
384.513	37079	156	209
384.516	37080	157	1409
384.52	37081	155	1409
384.528	37082	156	1412
384.535	37083	157	209
384.537	37084	158	1409
384.547	37085	161	1409
384.55	37086	158	209
384.553	37087	159	1409
384.562	37088	162	1409
384.568	37089	160	209
384.573	37091	158	1409
384.578	37092	157	209
384.58	37093	158	1409
384.587	37094	158	1409
384.588	37095	153	209
384.591	37096	154	1409
384.601	37097	157	1409
384.603	37098	153	209
384.606	37099	154	1409
384.611	37100	153	1409
384.613	37101	149	209
384.616	37102	150	1409
384.621	37103	148	1409
384.623	37104	144	209
384.708	37105	53	1412
384.713	37106	53	1409
384.719	37107	53	1409
384.724	37108	50	209
384.727	37109	52	1409
384.81	37110	52	1409
384.814	37111	50	209
384.817	37112	52	1409
384.824	37113	52	1409
384.83	37114	51	209
384.833	37115	53	1409
384.914	37116	53	1409
384.918	37117	51	209
384.92	37118	52	1409
384.927	37119	52	1409
384.932	37120	50	209
384.935	37121	52	1409
384.94	37122	52	1409
384.946	37123	50	209
384.951	37124	54	1409
384.957	37125	53	1409
384.962	37126	52	209
384.964	37127	53	1409
384.971	37128	53	1409
384.977	37129	52	209
384.979	37130	53	1409
384.986	37131	54	1409
384.992	37132	53	209
384.996	37133	57	1409
385.004	37134	57	1409
385.011	37135	59	209
385.013	37136	60	1409
385.021	37137	61	1409
385.026	37138	59	209
385.028	37139	60	1409
385.036	37140	62	1409
385.041	37141	60	209
385.044	37142	61	1409
385.053	37143	64	1409
385.056	37144	61	209
385.061	37145	65	1409
385.071	37146	67	1409
385.076	37147	66	209
385.079	37148	67	1409
385.086	37149	68	1409
385.091	37150	67	209
385.094	37151	68	1409
385.101	37152	68	1409
385.106	37153	68	209
385.111	37154	72	1409
385.116	37155	69	1409
385.124	37156	70	209
385.128	37157	74	1409
385.136	37158	75	1409
385.141	37159	73	209
385.143	37160	75	1409
385.151	37161	75	1409
385.156	37162	74	209
385.158	37163	76	1409
385.166	37164	76	1409
385.174	37165	77	209
385.176	37166	79	1409
385.183	37167	79	1409
385.189	37168	78	209
385.191	37169	80	1409
385.2	37170	82	1409
385.206	37171	81	209
385.209	37172	82	1409
385.216	37173	82	1409
385.221	37174	82	209
385.223	37175	83	1409
385.233	37176	86	1409
385.238	37177	84	209
385.241	37178	85	1409
385.248	37179	86	1409
385.253	37180	85	209
385.258	37181	89	1409
385.266	37182	89	1409
385.271	37183	88	209
385.276	37184	91	1409
385.283	37185	91	1409
385.288	37186	91	209
385.291	37187	92	1409
385.298	37188	92	1409
385.303	37189	91	209
385.306	37190	92	1409
385.315	37191	95	1409
385.321	37192	94	209
385.323	37193	96	1409
385.331	37194	96	1409
385.338	37195	97	209
385.341	37196	98	1409
385.348	37197	98	1409
385.353	37198	98	209
385.356	37199	99	1409
385.363	37200	99	1409
385.368	37201	98	209
385.371	37202	99	1409
385.383	37203	104	1409
385.385	37204	101	209
385.39	37205	105	1409
385.398	37206	105	1409
385.403	37207	104	209
385.405	37208	105	1409
385.413	37209	105	1409
385.418	37210	105	209
385.42	37211	106	1409
385.428	37212	106	1409
385.438	37213	110	209
385.44	37214	111	1409
385.448	37215	111	1409
385.453	37216	111	209
385.455	37217	112	1409
385.463	37218	112	1409
385.468	37219	111	209
385.47	37220	112	1409
385.478	37221	112	1409
385.483	37222	111	209
385.488	37223	115	1409
385.495	37224	115	1409
385.503	37225	116	209
385.505	37226	118	1409
385.515	37227	121	1409
385.52	37228	120	209
385.523	37229	121	1409
385.533	37230	124	1409
385.538	37231	122	209
385.54	37232	124	1409
385.55	37233	127	1409
385.555	37234	126	209
385.558	37235	127	1409
385.567	37236	130	1409
385.573	37237	129	209
385.578	37238	132	1409
385.585	37239	132	1409
385.59	37240	132	209
385.595	37241	136	1409
385.602	37242	136	1409
385.605	37243	132	209
385.61	37244	136	1409
385.615	37245	134	1409
385.62	37246	133	209
385.623	37247	134	1409
385.63	37248	135	1409
385.635	37249	135	209
385.64	37250	139	1409
385.642	37251	135	1409
385.648	37252	135	209
385.652	37253	139	1409
385.657	37254	139	1409
385.66	37255	136	209
385.663	37256	138	1409
385.67	37257	139	1409
385.673	37258	138	209
385.678	37259	141	1409
385.682	37260	141	1409
385.688	37261	140	209
385.692	37262	144	1409
385.697	37263	144	1409
385.703	37264	144	209
385.705	37265	145	1409
385.712	37266	147	1409
385.718	37267	147	209
385.72	37268	148	1409
385.727	37269	151	1409
385.733	37270	150	209
385.735	37271	152	1409
385.742	37272	154	1409
385.745	37273	151	209
385.747	37274	153	1409
385.752	37275	153	1409
385.758	37276	152	209
385.77	37278	155	1409
385.776	37279	151	209
385.788	37281	153	1409
385.793	37282	150	209
385.795	37283	150	1409
385.805	37284	151	1409
385.811	37285	147	209
385.813	37286	149	1409
385.823	37287	150	1409
385.828	37288	146	209
385.831	37289	147	1409
385.84	37290	148	1409
385.848	37291	147	209
385.851	37292	147	1409
385.858	37293	147	1409
385.861	37294	145	209
385.866	37295	148	1409
385.87	37296	146	1409
385.878	37297	147	209
385.88	37298	148	1409
385.888	37299	148	1409
385.893	37300	147	209
385.895	37301	149	1409
385.903	37302	149	1409
385.908	37303	147	209
385.911	37304	149	1409
385.918	37305	149	1409
385.923	37306	149	209
385.928	37307	153	1409
385.938	37308	155	1409
385.943	37309	154	209
385.946	37310	155	1409
385.952	37311	156	1409
385.958	37312	155	209
385.965	37314	154	1409
385.973	37315	154	209
385.975	37316	156	1409
385.98	37317	155	1412
385.989	37318	157	1409
385.997	37319	157	1412
386.002	37320	156	209
386.004	37321	157	1409
386.014	37322	158	1409
386.019	37323	158	209
386.022	37324	158	1409
386.029	37325	156	1409
386.034	37326	155	209
386.039	37327	159	1409
386.049	37328	158	1409
386.055	37329	156	209
386.059	37330	159	1409
386.067	37331	159	1409
386.07	37332	156	209
386.074	37333	159	1409
386.079	37334	158	1409
386.084	37335	156	209
386.086	37336	156	1409
386.094	37337	156	1409
386.097	37338	152	209
386.106	37340	153	1409
386.112	37341	152	209
386.115	37342	154	1409
386.119	37343	151	1409
386.124	37344	150	209
386.132	37345	153	1409
386.139	37346	152	1409
386.144	37347	151	209
386.147	37348	151	1409
386.156	37349	154	1409
386.159	37350	151	209
386.167	37351	151	1412
386.177	37352	154	1409
386.181	37353	153	1409
386.187	37354	152	209
386.197	37356	154	1409
386.202	37357	153	209
386.205	37358	154	1409
386.215	37360	151	209
386.217	37361	152	1409
386.222	37362	150	1409
386.228	37363	149	209
386.23	37364	151	1409
386.237	37365	151	1409
386.243	37366	149	209
386.247	37367	153	1409
386.253	37368	152	1409
386.258	37369	150	209
386.26	37370	152	1409
386.268	37371	152	1409
386.273	37372	150	209
386.275	37373	152	1409
386.28	37374	151	1409
386.285	37375	149	209
386.288	37376	150	1409
386.295	37377	151	1409
386.3	37378	150	209
386.303	37379	152	1409
386.308	37380	150	1412
386.318	37381	153	1409
386.323	37382	151	209
386.328	37383	154	1409
386.338	37385	151	209
386.34	37386	153	1409
386.348	37387	153	1409
386.353	37388	153	209
386.361	37390	152	1409
386.368	37391	153	209
386.371	37392	154	1409
386.376	37393	152	1409
386.379	37394	149	209
386.381	37395	150	1409
386.388	37396	151	1409
386.396	37397	151	209
386.398	37398	153	1409
386.403	37399	152	1412
386.413	37400	154	1409
386.421	37401	155	1412
386.426	37402	153	209
386.428	37403	155	1409
386.431	37404	151	1409
386.438	37405	152	209
386.445	37407	151	1409
386.451	37408	150	209
386.453	37409	152	1409
386.46	37410	152	1409
386.466	37411	150	209
386.468	37412	152	1409
386.475	37413	152	1409
386.479	37414	149	209
386.483	37415	153	1409
386.49	37416	153	1409
386.493	37417	151	209
386.495	37418	152	1409
386.502	37419	153	1409
386.508	37420	154	209
386.51	37421	155	1409
386.515	37422	154	1409
386.52	37423	155	209
386.523	37424	156	1409
386.528	37425	155	1409
386.53	37426	153	209
386.535	37427	157	1409
386.542	37428	159	1409
386.545	37429	156	1412
386.55	37430	156	209
386.565	37433	155	1412
386.568	37434	152	209
386.571	37435	154	1409
386.575	37436	154	1409
386.578	37437	152	209
386.581	37438	153	1409
386.588	37439	154	1409
386.595	37440	153	209
386.6	37441	157	1409
386.605	37442	153	1409
386.61	37443	149	209
386.615	37444	153	1409
386.622	37445	151	1409
386.628	37446	147	209
386.633	37447	151	1409
386.64	37448	149	1409
386.647	37449	148	1412
386.655	37450	147	209
386.66	37451	149	1409
386.667	37452	148	1409
386.672	37453	145	209
386.677	37454	148	1409
386.684	37455	146	1409
386.687	37456	143	209
386.692	37457	147	1409
386.699	37458	147	1409
386.705	37459	146	209
386.707	37460	147	1409
386.714	37461	147	1409
386.72	37462	146	209
386.722	37463	147	1409
386.729	37464	148	1409
386.735	37465	146	209
386.737	37466	147	1409
386.744	37467	149	1409
386.749	37468	147	209
386.754	37469	151	1409
386.764	37470	153	1409
386.769	37471	152	1412
386.778	37472	155	1412
386.784	37473	153	209
386.786	37474	155	1409
386.793	37475	156	1409
386.799	37476	154	209
386.801	37477	156	1409
386.808	37478	155	1409
386.813	37479	155	209
386.816	37480	156	1409
386.823	37481	156	1409
386.831	37482	157	209
386.833	37483	158	1409
386.84	37484	160	1409
386.846	37485	158	209
386.85	37486	162	1409
386.856	37488	154	209
386.861	37489	158	1409
386.866	37490	156	1409
386.871	37491	154	209
386.873	37492	156	1409
386.879	37493	155	1409
386.884	37494	153	209
386.886	37495	154	1409
386.891	37496	153	1409
386.897	37497	152	209
386.899	37498	153	1409
386.906	37499	154	1409
386.912	37500	152	209
386.917	37502	150	1409
386.922	37503	148	209
386.924	37504	150	1409
386.931	37505	151	1409
386.937	37506	149	209
386.939	37507	151	1409
386.946	37508	151	1409
386.95	37509	148	209
386.959	37511	150	1409
386.967	37512	150	209
386.969	37513	152	1409
386.977	37514	153	1409
386.982	37515	151	209
386.984	37516	153	1409
386.989	37517	151	1409
386.995	37518	150	209
386.997	37519	151	1409
387.004	37520	152	1409
387.01	37521	150	209
387.012	37522	152	1409
387.017	37523	150	1409
387.025	37524	151	209
387.029	37525	155	1409
387.034	37526	153	1409
387.038	37527	150	209
387.042	37528	154	1409
387.053	37530	150	209
387.055	37531	151	1409
387.062	37532	153	1412
387.067	37533	151	1409
387.072	37534	149	209
387.077	37535	153	1409
387.084	37536	154	1409
387.089	37537	152	209
387.092	37538	153	1409
387.099	37539	154	1409
387.104	37540	152	209
387.106	37541	154	1409
387.109	37542	150	1409
387.115	37543	149	209
387.119	37544	153	1412
387.124	37545	151	1409
387.134	37546	153	1409
387.139	37547	153	209
387.142	37548	154	1409
387.149	37549	154	1409
387.154	37550	153	209
387.157	37551	154	1409
387.164	37552	155	1409
387.171	37553	156	1412
387.177	37554	154	209
387.181	37555	158	1409
387.186	37556	157	1409
387.191	37557	155	209
387.193	37558	156	1409
387.203	37559	158	1409
387.208	37560	158	209
387.21	37561	159	1409
387.215	37562	156	1409
387.218	37563	153	209
387.223	37564	157	1409
387.23	37565	157	1409
387.238	37566	158	209
387.24	37567	159	1409
387.247	37568	160	1409
387.252	37569	159	209
387.255	37570	160	1409
387.26	37571	157	1412
387.27	37572	161	1409
387.273	37573	157	209
387.275	37574	159	1409
387.282	37575	160	1409
387.285	37576	156	209
387.288	37577	157	1409
387.294	37578	157	1409
387.3	37579	157	209
387.305	37581	154	1409
387.31	37582	152	209
387.313	37583	153	1409
387.32	37584	155	1409
387.322	37585	153	209
387.325	37586	155	1409
387.33	37587	154	1409
387.335	37588	153	209
387.337	37589	156	1409
387.345	37591	153	209
387.347	37592	154	1409
387.352	37593	154	1409
387.355	37594	151	209
387.358	37595	153	1409
387.363	37596	152	1409
387.365	37597	150	209
387.368	37598	151	1409
387.371	37599	149	1409
387.379	37600	147	209
387.381	37601	149	1409
387.388	37602	151	1409
387.393	37603	150	209
387.404	37605	151	1409
387.407	37606	146	209
387.409	37607	148	1409
387.417	37608	146	1409
387.429	37610	149	1409
387.437	37611	147	1409
387.444	37612	146	209
387.447	37613	147	1409
387.454	37614	146	1409
387.461	37615	144	209
387.464	37616	145	1409
387.471	37617	144	1409
387.479	37618	143	209
387.481	37619	144	1409
387.491	37620	145	1409
387.498	37621	142	1412
387.504	37622	139	209
387.508	37623	143	1409
387.515	37624	144	1409
387.521	37625	143	209
387.523	37626	144	1409
387.53	37627	144	1409
387.533	37628	141	209
387.536	37629	142	1409
387.543	37630	142	1412
387.55	37631	143	1409
387.555	37632	142	209
387.558	37633	143	1409
387.57	37634	148	1409
387.572	37635	145	209
387.577	37636	149	1409
387.584	37637	149	1409
387.587	37638	146	209
387.592	37639	150	1409
387.599	37640	150	1409
387.607	37641	151	1412
387.612	37642	150	209
387.614	37643	151	1409
387.621	37644	153	1409
387.627	37645	151	209
387.629	37646	152	1409
387.634	37647	152	212
387.637	37648	153	1409
387.642	37649	152	209
387.647	37650	156	1409
387.654	37651	156	1409
387.659	37652	156	209
387.662	37653	157	1409
387.669	37654	157	1409
387.674	37655	157	209
387.679	37657	155	1409
387.685	37658	153	209
387.692	37660	151	1409
387.7	37661	151	209
387.707	37663	152	1409
387.713	37664	151	209
387.715	37665	152	1409
387.72	37666	150	1409
387.723	37667	147	209
387.725	37668	149	1409
387.733	37669	150	1409
387.738	37670	148	209
387.745	37672	149	1409
387.751	37673	148	209
387.753	37674	149	1409
387.758	37675	147	1409
387.764	37676	147	209
387.766	37677	148	1409
387.771	37678	147	1409
387.776	37679	146	209
387.779	37680	147	1409
387.786	37681	148	1409
387.791	37682	148	209
387.794	37683	149	1409
387.801	37684	149	1409
387.806	37685	149	209
387.811	37686	152	1409
387.813	37687	149	1409
387.819	37688	147	209
387.829	37690	150	1409
387.832	37691	147	209
387.839	37692	153	1409
387.844	37693	151	1409
387.849	37694	150	209
387.851	37695	152	1409
387.859	37696	153	1409
387.864	37697	151	209
387.866	37698	153	1409
387.874	37700	149	209
387.879	37701	152	1409
387.887	37702	153	1412
387.893	37703	154	1409
387.901	37704	154	1412
387.906	37705	154	209
387.909	37706	151	1412
387.918	37707	155	1409
387.923	37708	154	1409
387.928	37709	152	209
387.933	37710	156	1409
387.94	37711	157	1409
387.945	37712	156	209
387.948	37713	157	1409
387.96	37715	156	1409
387.966	37716	156	209
387.968	37717	157	1409
387.973	37718	155	1409
387.98	37719	157	209
387.983	37720	158	1409
387.992	37721	162	1409
387.998	37722	160	209
388.003	37724	158	1409
388.01	37726	158	1409
388.02	37728	156	209
388.022	37729	157	1409
388.037	37731	158	1412
388.043	37732	157	209
388.045	37733	157	1409
388.047	37734	153	1409
388.056	37735	155	209
388.058	37736	156	1409
388.065	37737	156	1409
388.07	37738	155	209
388.072	37739	156	1409
388.085	37741	155	1409
388.09	37742	154	209
388.092	37743	155	1409
388.097	37744	153	1409
388.105	37745	154	209
388.107	37746	155	1409
388.11	37747	153	1409
388.117	37748	153	209
388.122	37749	156	1409
388.127	37750	155	1409
388.132	37751	155	209
388.135	37752	156	1409
388.142	37753	156	1409
388.149	37755	157	1409
388.154	37756	157	1409
388.157	37757	154	209
388.161	37758	158	1409
388.166	37759	158	1409
388.171	37760	158	1412
388.174	37761	156	209
388.182	37763	157	1409
388.185	37764	155	209
388.187	37765	156	1409
388.194	37766	158	1409
388.197	37767	155	209
388.207	37769	154	1412
388.212	37770	154	1409
388.217	37771	154	212
388.217	37772	155	209
388.219	37773	156	1409
388.224	37774	154	1412
388.231	37775	156	1409
388.244	37776	156	1412
388.254	37779	156	1409
388.261	37780	154	209
388.266	37781	158	1409
388.274	37782	157	1409
388.279	37783	154	209
388.281	37784	155	1409
388.298	37786	156	1412
388.304	37787	152	209
388.309	37788	156	1409
388.315	37789	154	1409
388.321	37790	152	209
388.324	37791	153	1409
388.333	37792	154	1409
388.339	37793	151	209
388.341	37794	152	1409
388.35	37795	153	1409
388.356	37796	150	212
388.359	37797	151	209
388.361	37798	153	1409
388.368	37799	154	1409
388.372	37800	151	209
388.376	37801	155	1409
388.381	37802	152	1409
388.388	37803	154	1412
388.393	37804	153	209
388.396	37805	154	1409
388.403	37806	155	1409
388.408	37807	154	209
388.411	37808	155	1409
388.418	37809	157	1412
388.425	37810	157	1409
388.43	37811	156	209
388.433	37812	157	1409
388.438	37813	155	1409
388.441	37814	153	209
388.443	37815	154	1409
388.451	37816	155	1409
388.454	37817	151	209
388.456	37818	153	212
388.459	37819	154	1412
388.466	37820	156	1409
388.473	37821	156	1409
388.479	37822	155	209
388.481	37823	156	1409
388.486	37824	155	1409
388.489	37825	153	209
388.496	37827	151	1409
388.504	37828	153	1412
388.509	37829	152	209
388.518	37831	154	1409
388.521	37832	150	209
388.529	37834	151	1409
388.532	37835	148	209
388.544	37837	152	1409
388.549	37838	152	209
388.556	37840	151	1409
388.562	37841	150	209
388.564	37842	152	1409
388.571	37843	153	1409
388.577	37844	151	209
388.579	37845	152	1409
388.586	37846	154	1409
388.591	37847	152	209
388.593	37848	154	1409
388.603	37849	157	1409
388.608	37850	156	209
388.616	37852	155	1409
388.619	37853	152	209
388.621	37854	154	1409
388.628	37855	155	1409
388.633	37856	153	209
388.636	37857	154	1409
388.643	37858	155	1409
388.646	37859	153	209
388.648	37860	154	1409
388.66	37861	159	1409
388.665	37862	158	209
388.668	37863	159	1409
388.675	37864	160	1409
388.683	37866	160	1409
388.689	37867	161	1409
388.693	37868	158	209
388.695	37869	159	1409
388.699	37870	157	1409
388.706	37871	158	1412
388.714	37872	160	209
388.724	37874	162	1409
388.729	37875	161	1412
388.735	37876	159	209
388.742	37878	159	1412
388.749	37879	161	1409
388.754	37880	159	1412
388.759	37881	158	209
388.762	37882	159	1409
388.769	37883	160	1412
388.776	37884	160	1409
388.781	37885	160	209
388.784	37887	156	1409
388.79	37888	155	209
388.795	37890	153	1409
388.803	37892	153	1409
388.82	37896	150	1412
388.827	37897	151	1409
388.832	37898	150	209
388.835	37899	152	1409
388.843	37900	153	1409
388.845	37901	149	209
388.848	37902	150	1409
388.858	37904	148	209
388.861	37905	149	1409
388.868	37906	150	1409
388.873	37907	150	209
388.878	37909	147	1409
388.884	37910	146	212
388.884	37911	146	209
388.887	37912	147	1409
388.894	37913	148	1409
388.9	37914	147	209
388.902	37915	148	1409
388.907	37916	147	1409
388.912	37917	146	209
388.914	37918	148	1409
388.924	37919	149	1412
388.926	37920	146	1409
388.934	37921	148	209
388.936	37922	149	1409
388.943	37923	149	1412
388.951	37924	151	1409
388.954	37925	147	209
388.958	37926	151	1409
388.966	37927	151	1409
388.969	37928	148	209
388.971	37929	150	1409
388.979	37930	152	1409
388.981	37931	150	209
388.986	37932	153	1409
388.988	37933	151	1412
388.995	37934	153	1409
389.003	37935	155	1412
389.005	37936	153	209
389.008	37937	154	212
389.01	37938	156	1409
389.015	37939	156	1409
389.027	37940	158	1412
389.03	37941	156	212
389.032	37942	158	1412
389.038	37943	159	209
389.043	37945	157	1409
389.05	37947	159	1409
389.052	37948	156	1409
389.058	37949	156	209
389.06	37950	158	1409
389.067	37951	159	1412
389.072	37952	159	1409
389.075	37953	156	209
389.077	37954	159	1409
389.087	37955	159	1412
389.097	37956	160	1409
389.102	37957	157	209
389.112	37959	157	1409
389.117	37960	153	209
389.119	37961	155	1409
389.13	37962	156	1409
389.135	37963	153	209
389.137	37964	154	1409
389.147	37965	155	1409
389.152	37966	152	209
389.154	37967	153	1409
389.164	37968	155	1409
389.17	37969	151	209
389.172	37970	153	1409
389.18	37971	152	1409
389.187	37972	150	209
389.19	37973	152	1409
389.197	37974	153	1409
389.202	37975	152	209
389.204	37976	154	1409
389.21	37977	152	1409
389.214	37978	151	209
389.217	37979	153	1409
389.23	37981	152	209
389.232	37982	154	1409
389.239	37983	155	1409
389.243	37984	151	209
389.245	37985	153	1409
389.252	37986	154	1412
389.255	37987	151	212
389.257	37988	152	1409
389.263	37989	150	209
389.265	37990	152	1409
389.27	37991	150	1409
389.275	37992	150	209
389.285	37994	151	1409
389.29	37995	151	209
389.295	37996	154	1409
389.303	37998	150	209
389.312	38000	152	1409
389.32	38001	154	1412
389.325	38002	152	209
389.327	38003	153	1409
389.335	38004	155	1409
389.338	38005	152	209
389.348	38007	153	1409
389.353	38008	153	209
389.36	38010	153	1409
389.366	38011	151	209
389.368	38012	153	1409
389.373	38013	152	1409
389.376	38014	149	209
389.378	38015	150	1409
389.383	38016	148	1409
389.389	38017	147	209
389.393	38018	151	1409
389.404	38020	148	209
389.406	38021	150	1409
389.414	38022	151	1409
389.419	38023	150	209
389.428	38025	152	1409
389.433	38026	151	1412
389.439	38027	149	209
389.441	38028	151	1409
389.449	38029	152	1409
389.449	38030	147	209
389.456	38031	153	1409
389.463	38032	153	1409
389.469	38033	152	209
389.471	38034	154	1409
389.479	38035	155	1409
389.484	38036	153	209
389.486	38037	154	1409
389.491	38038	154	1412
389.498	38039	155	1409
389.504	38040	154	209
389.511	38042	154	1412
389.519	38043	155	1412
389.526	38044	155	1409
389.531	38045	155	209
389.539	38047	154	1409
389.544	38048	153	209
389.546	38049	155	1409
389.553	38050	156	1409
389.559	38051	154	1412
389.564	38052	153	209
389.566	38053	154	1412
389.571	38054	154	1409
389.576	38055	151	1409
389.581	38056	151	209
389.586	38057	154	1409
389.591	38058	153	1409
389.596	38059	152	209
389.599	38060	153	1409
389.606	38061	154	1409
389.613	38062	156	1412
389.618	38063	154	209
389.623	38064	158	1409
389.626	38065	154	1409
389.631	38066	154	209
389.633	38067	155	1409
389.641	38068	155	1412
389.643	38069	152	1409
389.653	38070	155	209
389.656	38071	156	1409
389.663	38072	158	1409
389.668	38073	157	209
389.675	38075	156	1409
389.681	38076	155	209
389.683	38077	156	1409
389.688	38078	156	1409
389.693	38079	154	209
389.696	38080	155	1409
389.703	38081	156	1409
389.71	38083	157	1409
389.718	38084	157	1409
389.724	38085	158	1412
389.732	38087	159	1409
389.739	38088	159	1409
389.742	38089	156	209
389.747	38090	160	1409
389.752	38091	159	1412
389.759	38092	159	1409
389.762	38093	156	209
389.767	38094	159	1409
389.772	38095	159	1409
389.777	38096	157	209
389.779	38097	158	1409
389.786	38098	159	1409
389.792	38099	157	209
389.794	38100	159	1409
389.799	38101	157	1409
389.804	38102	156	209
389.806	38103	158	1409
389.814	38104	158	1409
389.819	38105	157	209
389.821	38106	159	1409
389.829	38108	156	209
389.831	38109	158	1409
389.839	38111	156	209
389.842	38112	157	1409
389.846	38113	157	1409
389.852	38114	157	209
389.854	38115	158	1409
389.858	38116	158	1409
389.868	38119	155	1409
389.887	38121	156	209
389.889	38123	153	1409
389.89	38124	148	209
389.892	38125	151	1409
389.899	38126	153	1409
389.906	38127	153	209
389.912	38129	151	212
389.916	38130	155	1409
389.922	38131	153	209
389.925	38132	153	1409
389.93	38133	150	1409
389.935	38134	147	212
389.936	38135	146	209
389.94	38136	150	1409
389.95	38137	150	1409
389.955	38138	148	209
389.958	38139	149	1409
389.967	38140	150	1409
389.973	38141	146	209
389.975	38142	147	1409
389.984	38143	148	1409
389.99	38144	145	209
389.992	38145	147	1409
390.002	38146	147	1409
390.008	38147	144	209
390.012	38148	148	1409
390.017	38149	146	1409
390.022	38150	145	209
390.027	38151	149	1409
390.034	38152	150	1412
390.039	38153	148	1412
390.047	38154	149	1409
390.054	38155	149	209
390.056	38156	151	1409
390.064	38157	152	1409
390.069	38158	150	212
390.072	38159	152	1412
390.077	38160	151	209
390.079	38161	152	1409
390.089	38162	155	1409
390.096	38163	156	1412
390.103	38164	157	1412
390.109	38165	156	209
390.111	38166	157	1409
390.118	38167	158	1409
390.128	38169	156	209
390.131	38170	157	1409
390.136	38171	156	1409
390.143	38172	157	209
390.148	38173	161	1409
390.155	38174	161	1409
390.16	38176	159	1409
390.168	38177	160	1409
390.173	38178	159	209
390.18	38180	159	1409
390.183	38181	155	209
390.186	38182	156	1409
390.191	38183	155	1409
390.194	38184	151	209
390.196	38185	153	1409
390.203	38186	154	1409
390.206	38187	150	209
390.211	38188	154	1409
390.216	38189	152	1409
390.219	38190	149	209
390.224	38191	153	1409
390.231	38192	153	1409
390.234	38193	151	209
390.239	38194	154	1409
390.246	38195	154	1409
390.253	38197	155	1409
390.258	38198	153	1409
390.264	38199	152	209
390.271	38201	151	1409
390.274	38202	148	209
390.276	38203	150	1409
390.284	38204	151	1409
390.291	38205	152	209
390.294	38206	153	1409
390.301	38207	155	1409
390.304	38208	150	209
390.307	38209	152	1409
390.312	38210	151	1409
390.317	38211	149	209
390.322	38212	153	1409
390.329	38213	154	1409
390.336	38214	155	1412
390.339	38215	152	209
390.349	38217	154	1409
390.354	38218	152	209
390.356	38219	154	1409
390.363	38220	155	1409
390.368	38221	153	212
390.369	38222	152	209
390.371	38223	154	1409
390.378	38224	155	1409
390.385	38225	155	1412
390.391	38226	155	209
390.393	38227	156	1409
390.398	38228	154	1409
390.403	38229	153	209
390.408	38230	156	1409
390.413	38231	155	1409
390.421	38232	156	209
390.423	38233	157	1409
390.428	38234	156	1409
390.433	38235	155	209
390.438	38236	158	1409
390.443	38237	157	1409
390.448	38238	156	209
390.451	38239	157	1409
390.458	38240	158	1409
390.463	38241	157	212
390.471	38244	156	1409
390.476	38245	155	209
390.478	38246	156	1412
390.483	38247	155	1409
390.488	38248	154	1409
390.493	38249	152	209
390.498	38250	155	1409
390.506	38251	157	1409
390.509	38252	153	209
390.511	38253	154	1409
390.516	38254	153	1409
390.521	38255	151	209
390.523	38256	153	1409
390.533	38258	151	209
390.538	38259	154	1409
390.545	38260	155	1409
390.548	38261	152	209
390.553	38262	155	1409
390.558	38263	154	1412
390.563	38264	152	1409
390.571	38265	153	209
390.573	38266	155	1409
390.578	38267	154	1409
390.584	38268	152	209
390.586	38269	155	1409
390.591	38270	152	1409
390.594	38271	150	209
390.597	38272	151	1409
390.603	38273	151	1409
390.609	38274	150	209
390.611	38275	152	1409
390.618	38276	152	1409
390.622	38277	149	209
390.624	38278	150	1409
390.631	38279	151	1409
390.634	38280	147	209
390.639	38281	151	1409
390.646	38282	152	1409
390.651	38283	152	209
390.656	38285	151	1409
390.659	38286	148	209
390.661	38287	150	1409
390.669	38288	148	212
390.671	38289	151	1412
390.679	38290	153	1409
390.684	38291	152	209
390.686	38292	155	1409
390.693	38293	156	1409
390.698	38294	156	209
390.708	38296	159	1409
390.713	38297	157	209
390.723	38300	156	209
390.725	38301	159	1409
390.738	38303	154	1412
390.743	38304	154	209
390.745	38305	157	1409
390.761	38307	157	209
390.763	38308	158	1409
390.77	38309	157	1409
390.776	38310	153	209
390.778	38311	154	1409
390.787	38312	155	1409
390.792	38313	152	209
390.797	38314	156	1409
390.805	38315	154	1409
390.81	38316	151	209
390.817	38317	157	1409
390.822	38318	153	1409
390.827	38319	150	209
390.832	38320	154	1409
390.842	38321	154	1409
390.847	38322	151	209
390.85	38323	152	1409
390.859	38324	153	1412
390.864	38325	151	1409
390.872	38326	152	209
390.874	38327	155	1409
390.879	38328	153	1409
390.887	38329	154	209
390.889	38330	156	1409
390.896	38331	156	1409
390.902	38332	155	209
390.904	38333	157	1409
390.916	38335	156	1412
390.922	38336	154	209
390.931	38338	157	1412
390.939	38339	158	1412
390.954	38342	154	209
390.957	38343	155	1409
390.962	38344	155	1409
390.969	38345	155	1412
390.981	38348	153	1409
390.987	38349	153	209
390.989	38350	154	1409
390.996	38351	154	1409
391	38352	151	209
391.002	38353	153	1409
391.007	38354	151	1409
391.012	38355	150	209
391.017	38356	154	1409
391.022	38357	153	1409
391.029	38358	153	209
391.032	38359	154	1409
391.039	38360	155	1409
391.044	38361	154	209
391.047	38362	155	1409
391.05	38363	152	1409
391.057	38364	152	209
391.059	38365	154	1409
391.067	38366	155	1409
391.072	38367	154	209
391.079	38369	154	1409
391.084	38370	153	209
391.087	38371	154	1409
391.094	38372	155	1409
391.097	38373	152	209
391.105	38375	151	1409
391.11	38376	150	209
391.112	38377	152	1409
391.12	38378	152	1412
391.127	38379	154	1409
391.13	38380	150	209
391.133	38381	152	1409
391.138	38382	150	1412
391.145	38383	151	1409
391.148	38384	147	209
391.155	38385	151	1412
391.163	38386	152	1412
391.167	38387	151	1409
391.175	38388	151	1409
391.182	38389	153	209
391.184	38390	154	1409
391.188	38391	150	212
391.19	38392	152	1412
391.197	38393	153	1409
391.203	38394	151	209
391.205	38395	153	1409
391.208	38396	149	1409
391.217	38397	152	209
391.22	38398	153	1409
391.227	38399	155	1409
391.23	38400	152	209
391.233	38401	153	1409
391.24	38402	154	1409
391.243	38403	151	209
391.248	38404	154	1409
391.257	38405	157	1409
391.262	38406	156	209
391.264	38407	157	1409
391.275	38409	154	209
391.277	38410	156	1409
391.28	38411	152	1409
391.287	38412	153	1412
391.293	38413	153	209
391.295	38414	154	1409
391.3	38415	152	1409
391.308	38416	153	209
391.31	38417	155	1412
391.317	38418	155	1409
391.322	38419	153	1409
391.33	38420	154	209
391.332	38421	155	1409
391.337	38422	154	1409
391.347	38423	157	209
391.349	38424	158	1409
391.353	38425	157	1409
391.363	38426	160	209
391.368	38428	158	1409
391.373	38429	157	209
391.376	38430	158	1409
391.386	38432	156	209
391.389	38433	157	1409
391.394	38434	155	1409
391.399	38435	154	209
391.401	38436	156	1409
391.408	38437	156	1409
391.413	38438	155	209
391.416	38439	157	1409
391.423	38440	157	1409
391.428	38441	156	209
391.431	38442	157	1409
391.438	38443	158	1409
391.443	38444	157	209
391.451	38446	156	1409
391.454	38447	153	209
391.456	38448	155	1409
391.461	38449	153	1409
391.467	38450	152	209
391.469	38451	154	1409
391.474	38452	152	1409
391.481	38453	153	1412
391.484	38454	150	209
391.486	38455	152	1409
391.494	38456	153	1409
391.499	38457	153	209
391.501	38458	154	1409
391.506	38459	155	1409
391.509	38460	152	209
391.511	38461	154	1409
391.516	38462	153	1409
391.524	38464	155	1409
391.534	38466	151	209
391.536	38467	153	1409
391.541	38468	153	1409
391.552	38469	153	209
391.554	38470	155	1409
391.559	38471	155	1409
391.571	38472	152	1412
391.577	38473	153	209
391.579	38474	154	1409
391.584	38475	154	1409
391.591	38476	155	1412
391.596	38477	152	209
391.601	38478	155	1409
391.608	38479	154	1409
391.614	38480	150	209
391.616	38481	152	1409
391.626	38482	152	1409
391.632	38483	149	209
391.636	38484	153	1409
391.643	38485	151	1409
391.649	38486	148	209
391.653	38487	151	1412
391.661	38488	150	1409
391.668	38489	148	1409
391.676	38490	147	209
391.68	38491	151	1409
391.69	38492	151	1409
391.695	38493	149	209
391.698	38494	150	1409
391.705	38495	150	1409
391.71	38496	149	209
391.713	38497	151	1409
391.72	38498	151	1409
391.728	38499	152	212
391.728	38500	151	209
391.73	38501	154	1409
391.737	38502	154	1412
391.745	38503	155	1409
391.75	38504	154	209
391.752	38505	155	1409
391.76	38506	156	1409
391.763	38507	153	209
391.768	38508	156	1409
391.775	38509	156	1409
391.775	38510	151	209
391.781	38511	155	1409
391.79	38512	157	1409
391.795	38514	156	1409
391.802	38515	156	1409
391.81	38517	156	1409
391.817	38518	156	1409
391.822	38519	156	209
391.829	38521	155	1409
391.837	38522	157	209
391.845	38524	156	1409
391.85	38525	156	209
391.855	38527	153	1409
391.86	38528	152	209
391.863	38529	153	1409
391.87	38530	153	1409
391.875	38531	153	209
391.878	38533	148	1409
391.886	38534	150	209
391.893	38536	149	1409
391.899	38537	148	209
391.901	38538	150	1409
391.908	38539	150	1409
391.911	38540	147	209
391.921	38542	149	1409
391.926	38543	148	209
391.929	38544	149	1409
391.939	38546	147	209
391.941	38547	148	1409
391.949	38548	149	1409
391.954	38549	147	209
391.956	38550	149	1409
391.964	38551	150	1409
391.969	38552	148	209
391.972	38553	150	1409
391.974	38554	146	1409
391.982	38555	147	209
391.984	38556	148	1409
391.992	38557	149	1409
391.997	38558	148	212
391.997	38559	147	209
392.002	38560	151	1409
392.007	38561	150	1409
392.015	38562	151	212
392.017	38564	151	1409
392.024	38565	152	1409
392.032	38566	153	1412
392.037	38567	150	209
392.047	38568	152	1412
392.052	38569	151	1409
392.059	38570	152	1412
392.066	38571	153	1409
392.072	38572	151	209
392.074	38573	153	1409
392.081	38574	154	1409
392.088	38575	154	1412
392.094	38576	153	209
392.101	38577	157	1412
392.106	38578	157	1409
392.115	38579	159	1409
392.121	38580	158	209
392.123	38581	160	1409
392.138	38583	160	1409
392.143	38584	159	209
392.15	38586	159	1412
392.158	38587	159	1409
392.163	38588	158	209
392.165	38589	160	1409
392.171	38590	158	1409
392.176	38591	157	209
392.178	38592	158	1409
392.183	38593	157	1409
392.188	38594	156	209
392.196	38596	155	1409
392.201	38597	155	209
392.206	38599	151	1409
392.212	38600	151	209
392.214	38601	153	1409
392.219	38602	151	212
392.22	38604	144	209
392.227	38605	150	1409
392.232	38606	148	1409
392.237	38607	148	209
392.239	38608	149	1409
392.247	38609	149	1409
392.252	38610	149	209
392.254	38611	150	1409
392.262	38612	150	1409
392.267	38613	150	209
392.269	38614	151	1409
392.274	38615	148	1409
392.279	38616	148	209
392.282	38617	149	1409
392.289	38618	149	1409
392.294	38619	149	209
392.297	38620	150	1409
392.304	38621	150	1409
392.309	38622	150	209
392.312	38623	151	1409
392.319	38624	152	1409
392.322	38625	148	209
392.327	38626	152	1409
392.331	38627	152	1409
392.337	38628	151	209
392.339	38629	154	1409
392.346	38630	155	1412
392.352	38631	155	1409
392.358	38632	157	1412
392.364	38633	157	209
392.366	38634	159	1409
392.369	38635	156	1409
392.374	38636	155	209
392.376	38637	158	1409
392.381	38638	157	1409
392.384	38639	155	209
392.391	38641	156	1409
392.399	38642	153	1412
392.406	38643	156	209
392.408	38644	157	1409
392.413	38645	157	1412
392.418	38646	156	1409
392.421	38647	155	209
392.426	38648	158	1409
392.433	38649	160	1412
392.438	38650	160	1409
392.443	38651	157	209
392.446	38652	158	1409
392.455	38653	159	1409
392.461	38654	155	209
392.463	38655	156	1409
392.47	38656	155	1409
392.476	38657	151	209
392.478	38658	153	1409
392.488	38659	154	1409
392.493	38660	151	209
392.5	38661	156	1409
392.505	38662	153	1409
392.511	38663	149	209
392.518	38664	155	1409
392.525	38665	154	1409
392.533	38666	153	209
392.535	38667	154	1409
392.543	38668	155	1409
392.548	38669	154	209
392.55	38670	155	1409
392.555	38671	153	1409
392.561	38672	152	209
392.57	38674	154	1409
392.575	38675	153	209
392.578	38676	154	1409
392.585	38677	154	1409
392.59	38678	154	209
392.593	38679	155	1409
392.598	38680	154	1412
392.607	38681	157	1409
392.61	38682	153	209
392.613	38683	154	1409
392.62	38684	155	1409
392.625	38685	154	209
392.628	38686	155	1409
392.635	38687	156	1409
392.638	38688	152	209
392.645	38689	158	1409
392.65	38690	157	1409
392.655	38691	155	209
392.657	38692	158	1409
392.662	38693	156	1409
392.668	38694	155	209
392.672	38695	159	1409
392.682	38697	156	209
392.684	38698	157	1409
392.692	38699	158	1409
392.694	38700	155	209
392.697	38701	157	1409
392.707	38702	160	1409
392.719	38705	159	1409
392.724	38706	158	209
392.727	38707	159	1409
392.737	38709	157	209
392.744	38711	157	1409
392.749	38712	156	209
392.752	38713	157	1409
392.762	38715	155	209
392.764	38716	156	1409
392.772	38717	157	1409
392.779	38718	157	1412
392.782	38719	154	209
392.784	38720	156	1409
392.791	38721	157	1409
392.797	38722	155	209
392.804	38724	155	1409
392.809	38725	155	209
392.822	38728	153	209
392.824	38729	155	1409
392.829	38730	154	1409
392.834	38731	153	209
392.836	38732	154	1409
392.842	38733	153	1409
392.847	38734	151	209
392.85	38735	153	1409
392.852	38736	150	1409
392.858	38737	149	209
392.86	38738	150	1409
392.87	38739	153	1409
392.875	38740	152	209
392.877	38741	154	1409
392.882	38742	153	1409
392.889	38743	154	1412
392.893	38744	150	209
392.898	38746	148	1409
392.903	38747	147	209
392.905	38748	148	1409
392.913	38749	149	1409
392.915	38750	146	212
392.918	38751	148	1412
392.923	38752	147	209
392.928	38753	150	1409
392.938	38755	147	1412
392.943	38756	147	1412
392.949	38757	146	209
392.953	38758	150	1409
392.961	38759	150	1409
392.966	38760	149	1412
392.974	38761	151	209
392.981	38763	150	1409
392.984	38764	147	209
392.988	38765	151	1409
392.993	38766	149	1409
392.999	38767	149	209
393.001	38768	151	1409
393.009	38769	151	1412
393.013	38770	150	1409
393.019	38771	149	209
393.024	38772	153	1409
393.029	38773	151	1412
393.033	38774	150	1412
393.043	38775	153	1409
393.048	38776	152	209
393.05	38777	154	1409
393.058	38778	154	1409
393.065	38779	156	209
393.068	38781	151	1409
393.073	38782	150	209
393.08	38783	156	1409
393.085	38784	154	1409
393.088	38785	151	209
393.092	38786	155	1409
393.098	38787	154	1409
393.105	38788	154	1412
393.112	38789	156	209
393.115	38790	157	1409
393.117	38791	154	1409
393.125	38792	154	209
393.127	38793	156	1409
393.134	38794	157	1409
393.14	38795	156	209
393.142	38796	157	1409
393.149	38797	158	1412
393.156	38798	159	1409
393.159	38799	157	209
393.161	38800	158	1409
393.166	38801	158	1409
393.172	38802	158	209
393.182	38805	158	209
393.184	38806	160	1409
393.189	38807	160	1409
393.199	38809	159	209
393.206	38811	161	1409
393.211	38812	161	209
393.219	38816	157	1409
393.226	38817	158	1409
393.238	38820	160	1409
393.239	38821	155	209
393.241	38822	157	1409
393.249	38823	156	1409
393.254	38824	153	209
393.256	38825	155	1409
393.266	38826	156	1409
393.273	38827	154	1412
393.28	38828	154	209
393.283	38829	155	1409
393.29	38830	154	1409
393.296	38831	151	209
393.3	38832	155	1409
393.308	38833	153	1409
393.313	38834	151	209
393.318	38835	154	1409
393.325	38836	153	1409
393.33	38837	150	209
393.335	38838	153	1409
393.343	38839	152	1409
393.35	38840	152	209
393.353	38841	152	1409
393.36	38842	154	1409
393.365	38843	153	209
393.368	38844	154	1409
393.375	38845	156	1409
393.38	38846	154	209
393.383	38847	155	1409
393.39	38848	156	1412
393.397	38849	158	1412
393.405	38850	158	1409
393.409	38851	157	1412
393.415	38852	156	1412
393.422	38853	157	209
393.424	38854	158	1409
393.427	38855	155	1412
393.432	38856	154	1412
393.442	38857	157	212
393.444	38858	158	1409
393.449	38859	157	212
393.452	38860	158	1412
393.457	38862	157	1409
393.464	38863	158	1409
393.477	38866	156	1409
393.482	38867	156	209
393.485	38868	157	1409
393.492	38869	157	1409
393.497	38870	157	209
393.504	38872	157	1409
393.517	38875	155	1409
393.522	38876	155	209
393.527	38878	153	1409
393.535	38879	154	209
393.542	38881	154	1409
393.548	38882	153	209
393.558	38885	150	209
393.56	38886	151	1409
393.565	38887	150	1409
393.571	38888	149	209
393.573	38889	151	1409
393.578	38890	150	1409
393.584	38891	148	209
393.593	38893	151	1409
393.599	38894	150	209
393.606	38896	149	1409
393.611	38897	149	209
393.616	38899	147	1409
393.622	38900	147	209
393.625	38901	148	1409
393.63	38902	146	1409
393.635	38903	145	209
393.637	38904	147	1409
393.644	38905	148	1409
393.652	38906	149	209
393.657	38908	147	212
393.659	38909	148	1409
393.665	38910	147	209
393.667	38911	149	1409
393.675	38912	149	212
393.682	38914	149	1409
393.685	38915	146	209
393.688	38916	147	1409
393.695	38917	148	1409
393.701	38918	147	209
393.711	38920	144	212
393.713	38921	146	1412
393.721	38922	147	1409
393.73	38923	150	1412
393.735	38924	149	1409
393.744	38925	152	1412
393.75	38926	151	209
393.757	38927	149	1412
393.767	38928	152	1412
393.772	38929	152	1409
393.779	38930	152	1409
393.784	38931	151	209
393.791	38932	157	1409
393.799	38933	158	1409
393.803	38934	157	1412
393.811	38935	158	209
393.816	38936	160	1412
393.821	38937	160	1409
393.83	38938	163	1412
393.835	38939	162	1409
393.841	38940	161	209
393.849	38943	155	209
393.866	38946	159	1412
393.873	38948	159	1409
393.88	38949	160	1409
393.893	38952	158	1412
393.898	38953	157	1409
393.903	38954	155	209
393.905	38955	157	1409
393.912	38956	158	1409
393.923	38958	155	209
393.925	38959	156	1409
393.933	38960	158	1409
393.935	38961	155	209
393.94	38962	158	1409
393.943	38963	155	1409
393.948	38964	153	209
393.95	38965	155	1409
393.957	38966	156	1409
393.963	38967	155	209
393.965	38968	157	1409
393.972	38969	157	1409
393.976	38970	154	209
393.978	38971	155	1409
393.985	38972	157	1409
393.987	38973	155	209
393.99	38974	156	1409
393.995	38975	157	1409
393.996	38976	152	209
393.998	38977	154	1409
394.003	38978	153	1409
394.005	38979	151	209
394.008	38980	153	1409
394.018	38982	153	209
394.02	38983	155	1409
394.023	38984	152	1409
394.029	38985	148	209
394.031	38986	150	1409
394.038	38987	152	1409
394.05	38988	152	1412
394.057	38989	153	1412
394.072	38990	155	1412
394.077	38991	155	1412
394.082	38992	156	212
394.083	38993	155	209
394.085	38994	156	1409
394.092	38995	155	1409
394.095	38996	150	212
394.1	38997	153	1412
394.105	38998	150	209
394.108	38999	151	1409
394.115	39000	151	1409
394.125	39001	151	1412
394.13	39002	149	209
394.135	39003	152	1409
394.143	39004	151	1409
394.148	39005	148	209
394.155	39006	153	1409
394.162	39007	152	1409
394.165	39008	148	209
394.172	39009	153	1409
394.179	39010	152	1409
394.182	39011	149	209
394.185	39012	150	1409
394.193	39013	151	1409
394.198	39014	150	209
394.2	39015	152	1409
394.207	39016	153	1409
394.212	39017	152	209
394.217	39018	156	1409
394.222	39019	154	1412
394.229	39020	155	1409
394.237	39021	156	209
394.239	39022	158	1409
394.246	39023	158	1409
394.252	39024	157	209
394.259	39026	157	1409
394.272	39029	156	1409
394.277	39030	155	209
394.279	39031	156	1409
394.284	39032	156	1409
394.289	39033	154	209
394.292	39034	155	1409
394.297	39035	155	1409
394.302	39036	154	209
394.305	39037	155	1409
394.317	39039	155	209
394.32	39040	156	1409
394.325	39041	155	1409
394.328	39042	152	209
394.33	39043	153	1409
394.335	39044	151	1409
394.338	39045	149	209
394.345	39047	149	1409
394.348	39048	146	209
394.351	39049	147	1409
394.361	39050	150	1409
394.361	39051	145	209
394.364	39052	146	1409
394.373	39053	149	1409
394.379	39054	148	209
394.381	39055	150	1409
394.389	39057	146	209
394.394	39058	149	1409
394.399	39059	148	1409
394.406	39060	149	209
394.416	39063	146	209
394.421	39064	150	1409
394.429	39065	150	1409
394.434	39066	150	209
394.436	39067	151	1409
394.444	39068	152	1409
394.447	39069	149	209
394.449	39070	151	1409
394.456	39071	151	1409
394.464	39072	152	1412
394.474	39073	152	212
394.479	39075	151	209
394.482	39076	152	1409
394.489	39077	153	1409
394.494	39078	152	209
394.499	39079	156	1409
394.509	39081	153	209
394.511	39082	155	1409
394.524	39083	156	1412
394.529	39084	155	1409
394.536	39085	157	209
394.543	39087	157	1409
394.548	39088	155	209
394.551	39089	156	1409
394.558	39090	157	1412
394.565	39091	159	1409
394.57	39092	157	209
394.573	39093	158	1409
394.58	39094	159	1409
394.585	39095	158	209
394.587	39096	160	1409
394.595	39097	161	1409
394.6	39098	159	1412
394.605	39099	158	209
394.607	39100	160	1409
394.614	39101	161	1409
394.62	39102	159	209
394.629	39103	163	1412
394.636	39104	164	1412
394.639	39105	160	1409
394.646	39106	161	1409
394.654	39107	162	209
394.659	39109	160	1409
394.671	39112	159	1409
394.676	39113	158	209
394.684	39115	158	1409
394.691	39116	159	1412
394.694	39117	156	209
394.696	39118	157	1409
394.701	39119	155	1409
394.706	39120	155	209
394.711	39121	159	1409
394.714	39122	154	1412
394.721	39123	155	1409
394.726	39124	155	209
394.736	39126	156	1409
394.737	39127	151	209
394.739	39128	153	1409
394.744	39129	151	1409
394.751	39130	153	1412
394.759	39131	153	209
394.761	39132	155	1409
394.769	39133	156	1409
394.769	39134	151	209
394.781	39136	155	1409
394.784	39137	151	209
394.786	39138	153	1409
394.793	39139	154	1409
394.798	39140	153	209
394.801	39141	154	1409
394.808	39142	155	1409
394.813	39143	155	209
394.816	39144	157	1409
394.821	39145	156	1409
394.824	39146	154	209
394.832	39149	152	209
394.834	39150	153	1409
394.841	39151	155	1409
394.844	39152	152	209
394.846	39153	155	1409
394.853	39154	157	1409
394.863	39155	155	1412
394.869	39156	155	209
394.874	39158	153	212
394.876	39159	155	1412
394.881	39160	155	1409
394.889	39161	155	1412
394.894	39162	155	209
394.899	39164	155	1409
394.899	39165	151	209
394.904	39166	154	1409
394.908	39167	154	1409
394.916	39168	153	209
394.919	39169	154	1409
394.923	39170	151	1409
394.931	39171	150	209
394.936	39172	153	1409
394.943	39173	153	1412
394.953	39174	153	1409
394.956	39175	148	209
394.958	39176	150	1409
394.967	39177	150	1409
394.971	39178	145	209
394.976	39179	148	1409
394.982	39180	147	1412
394.988	39181	144	1409
394.995	39182	143	209
394.997	39183	144	1409
395.002	39184	140	1409
395.085	39185	52	1412
395.09	39186	53	1412
395.098	39187	52	1412
395.104	39188	52	1412
395.109	39189	50	209
395.187	39190	53	1409
395.193	39191	52	1409
395.198	39192	50	209
395.201	39193	52	1409
395.207	39194	53	1409
395.288	39195	50	209
395.29	39196	52	1409
395.296	39197	52	1409
395.303	39198	52	209
395.306	39199	54	1409
395.311	39200	52	1409
395.316	39201	50	209
395.319	39202	52	1409
395.326	39203	53	1409
395.331	39204	52	209
395.334	39205	53	1409
395.34	39206	54	1409
395.349	39207	55	209
395.351	39208	56	1409
395.358	39209	58	1409
395.363	39210	56	209
395.366	39211	57	1409
395.373	39212	59	1409
395.378	39213	57	209
395.383	39214	61	1409
395.388	39215	60	1409
395.396	39216	61	209
395.401	39217	64	1409
395.408	39218	66	1409
395.413	39219	64	209
395.416	39220	65	1409
395.423	39221	66	1409
395.428	39222	65	209
395.433	39223	68	1409
395.438	39224	68	1409
395.446	39225	68	209
395.448	39226	69	1409
395.456	39227	71	1409
395.461	39228	69	209
395.463	39229	71	1409
395.471	39230	72	1409
395.476	39231	70	209
395.481	39232	74	1409
395.486	39233	73	1409
395.496	39234	76	209
395.498	39235	78	1409
395.505	39236	79	1409
395.511	39237	77	209
395.513	39238	79	1409
395.52	39239	80	1409
395.528	39240	81	209
395.53	39241	82	1409
395.538	39242	83	1409
395.544	39243	82	209
395.548	39244	86	1409
395.555	39245	87	1409
395.561	39246	85	209
395.565	39247	89	1409
395.573	39248	90	1409
395.578	39249	89	209
395.583	39250	93	1409
395.59	39251	94	1409
395.596	39252	92	209
395.598	39253	94	1409
395.608	39254	98	1409
395.613	39255	96	209
395.616	39256	97	1409
395.625	39257	100	1409
395.631	39258	99	209
395.633	39259	100	1409
395.643	39260	104	1409
395.648	39261	102	209
395.65	39262	104	1409
395.658	39263	105	1409
395.661	39264	101	209
395.665	39265	105	1409
395.671	39266	103	1409
395.676	39267	102	209
395.678	39268	103	1409
395.685	39269	104	1409
395.691	39270	103	209
395.695	39271	107	1409
395.7	39272	105	1409
395.706	39273	104	209
395.708	39274	105	1409
395.715	39275	106	1409
395.718	39276	103	209
395.723	39277	106	1409
395.732	39278	109	1409
395.733	39279	103	209
395.738	39280	107	1409
395.743	39281	105	1409
395.748	39282	104	209
395.75	39283	106	1409
395.758	39284	106	1409
395.763	39285	105	209
395.767	39286	109	1409
395.772	39287	109	1409
395.778	39288	108	209
395.78	39289	111	1409
395.787	39290	112	1409
395.793	39291	112	209
395.795	39292	113	1409
395.802	39293	116	1409
395.805	39294	113	209
395.807	39295	115	1409
395.815	39296	117	1409
395.82	39297	117	209
395.822	39298	119	1409
395.83	39299	121	1409
395.835	39300	121	209
395.837	39301	123	1409
395.84	39302	120	1409
395.845	39303	120	209
395.848	39304	122	1409
395.854	39305	123	1409
395.86	39306	124	209
395.863	39307	125	1409
395.869	39308	127	1409
395.873	39309	125	209
395.875	39310	126	1409
395.882	39311	129	1409
395.887	39312	129	209
395.89	39313	130	1409
395.897	39314	133	1409
395.902	39315	132	209
395.905	39316	133	1409
395.915	39317	134	1409
395.92	39318	131	209
395.922	39319	132	1409
395.934	39320	136	1409
395.94	39321	133	209
395.942	39322	134	1409
395.952	39323	134	1409
395.96	39324	133	209
395.962	39325	135	1409
395.972	39326	135	1409
395.977	39327	133	209
395.98	39328	134	1409
395.992	39329	137	1409
395.997	39330	134	209
396	39331	135	1409
396.009	39332	136	1409
396.015	39333	134	209
396.02	39334	138	1409
396.024	39335	137	1409
396.03	39336	135	209
396.035	39337	139	1409
396.04	39338	138	1409
396.049	39339	142	209
396.052	39340	143	1409
396.059	39341	144	1409
396.064	39342	143	209
396.067	39343	145	1409
396.077	39344	147	1409
396.082	39345	147	209
396.084	39346	148	1409
396.094	39347	152	1409
396.097	39348	148	209
396.102	39349	152	1409
396.109	39350	153	1409
396.117	39351	154	209
396.119	39352	155	1409
396.127	39353	156	1409
396.127	39354	151	209
396.13	39355	152	1409
396.135	39356	151	1409
396.14	39357	150	209
396.145	39358	154	1409
396.155	39360	151	209
396.158	39361	152	1409
396.165	39363	147	209
396.168	39364	149	1409
396.175	39365	150	1409
396.18	39366	149	209
396.183	39367	151	1409
396.188	39368	149	1409
396.193	39369	148	209
396.196	39370	149	1409
396.203	39371	149	1409
396.208	39372	149	209
396.211	39373	150	1409
396.215	39374	149	1409
396.221	39375	147	209
396.223	39376	149	1409
396.228	39377	147	1409
396.233	39378	147	209
396.238	39379	150	1409
396.243	39380	149	1409
396.248	39381	148	209
396.251	39382	149	1409
396.258	39383	149	1409
396.263	39384	149	209
396.266	39385	150	1409
396.273	39386	151	1409
396.278	39387	150	209
396.281	39388	151	1409
396.288	39389	152	1409
396.294	39390	151	209
396.296	39391	153	1409
396.303	39392	153	1409
396.309	39393	153	209
396.311	39394	154	1409
396.318	39395	154	1409
396.323	39396	154	209
396.326	39397	155	1409
396.332	39398	156	1409
396.338	39399	154	209
396.34	39400	156	1409
396.347	39401	157	1409
396.35	39402	153	209
396.355	39403	156	1409
396.362	39404	157	1409
396.369	39405	159	1412
396.377	39406	159	1412
396.382	39407	158	209
396.389	39409	158	1409
396.395	39410	157	209
396.397	39411	158	1409
396.4	39412	156	1409
396.407	39413	156	209
396.41	39414	157	1409
396.417	39415	158	1409
396.422	39416	156	209
396.424	39417	159	1409
396.43	39418	157	1409
396.435	39419	156	209
396.442	39421	155	1409
396.445	39422	153	209
396.448	39423	154	1409
396.458	39425	151	209
396.46	39426	153	1409
396.47	39427	156	1409
396.477	39429	155	1409
396.484	39430	157	1409
396.485	39431	151	209
396.494	39433	153	1409
396.498	39434	150	209
396.5	39435	151	1409
396.507	39436	153	1409
396.514	39437	153	209
396.517	39438	154	1409
396.524	39439	156	1409
396.528	39440	152	209
396.535	39442	152	1409
396.54	39443	152	209
396.542	39444	152	1409
396.547	39445	150	1409
396.552	39446	149	209
396.555	39447	150	1409
396.562	39448	150	1409
396.567	39449	148	209
396.57	39450	150	1409
396.577	39451	151	1409
396.582	39452	150	209
396.585	39453	151	1409
396.59	39454	150	1412
396.597	39455	150	1409
396.602	39456	150	209
396.605	39457	151	1409
396.612	39458	151	1409
396.617	39459	151	209
396.62	39460	152	1409
396.627	39461	152	1409
396.632	39462	151	209
396.634	39463	153	1409
396.641	39464	154	1409
396.648	39465	156	1412
396.654	39466	155	209
396.656	39467	158	1409
396.666	39468	158	1412
396.671	39469	158	1409
396.678	39470	159	209
396.68	39471	161	1409
396.691	39474	157	209
396.693	39475	159	1409
396.699	39476	159	1409
396.706	39477	160	1412
396.707	39478	156	209
396.711	39480	154	1409
396.717	39481	153	209
396.729	39483	155	1409
396.734	39484	155	209
396.739	39485	155	1412
396.742	39486	151	1409
396.752	39487	153	1409
396.757	39488	149	209
396.761	39489	153	1409
396.769	39490	153	1409
396.777	39491	151	209
396.784	39493	148	1409
396.789	39494	146	209
396.794	39495	148	1409
396.804	39496	150	1409
396.809	39497	147	209
396.814	39498	150	1409
396.821	39499	150	1409
396.829	39500	149	209
396.834	39501	152	1409
396.842	39502	151	1409
396.847	39503	148	209
396.85	39504	150	1409
396.857	39505	150	1409
396.865	39506	152	209
396.867	39507	153	1409
396.874	39508	154	1409
396.877	39509	151	209
396.882	39510	154	1409
396.89	39512	149	209
396.89	39513	149	212
396.893	39514	150	1412
396.898	39515	149	1409
396.907	39516	153	1409
396.914	39517	153	1412
396.919	39518	152	209
396.921	39519	153	1409
396.929	39520	154	1409
396.934	39521	153	1412
396.942	39522	154	209
396.944	39523	156	1409
396.953	39524	158	1409
396.959	39525	157	209
396.966	39527	157	1409
396.971	39528	156	209
396.974	39529	157	1409
396.979	39530	156	1409
396.984	39531	155	209
396.991	39533	155	1412
396.998	39534	155	1409
397.004	39535	155	209
397.009	39536	158	1409
397.011	39537	155	1409
397.019	39538	155	209
397.021	39539	156	1409
397.024	39540	153	1409
397.029	39541	152	209
397.031	39542	154	1409
397.037	39543	152	1409
397.042	39544	151	209
397.044	39545	153	1409
397.051	39546	153	1409
397.059	39548	153	1409
397.066	39549	154	1409
397.069	39550	150	209
397.071	39551	152	1409
397.078	39552	153	1409
397.084	39553	151	209
397.086	39554	154	1409
397.093	39555	154	1409
397.1	39556	155	1412
397.106	39557	154	209
397.111	39558	157	1409
397.118	39559	159	1409
397.123	39560	157	209
397.131	39562	157	1409
397.133	39563	154	209
397.138	39564	158	1409
397.145	39565	158	1409
397.148	39566	155	209
397.151	39567	156	1409
397.157	39569	149	209
397.161	39570	153	1409
397.169	39571	153	1412
397.176	39572	154	1409
397.181	39573	153	209
397.184	39574	154	1409
397.191	39575	155	1409
397.201	39577	152	209
397.209	39579	152	1409
397.214	39580	152	209
397.216	39581	153	1409
397.221	39582	151	1409
397.227	39583	150	209
397.229	39584	152	1409
397.236	39585	152	1409
397.242	39586	151	209
397.249	39588	151	1409
397.254	39589	150	209
397.257	39590	151	1409
397.262	39591	150	212
397.266	39592	154	1409
397.272	39593	154	209
397.274	39594	155	1409
397.279	39595	153	1409
397.284	39596	152	209
397.287	39597	153	1409
397.289	39598	150	1409
397.297	39599	151	209
397.302	39601	149	1409
397.308	39602	147	209
397.31	39603	149	1409
397.317	39604	149	1409
397.323	39605	149	209
397.325	39606	151	1409
397.33	39607	148	1412
397.335	39608	148	1409
397.34	39609	146	209
397.342	39610	147	1409
397.347	39611	146	1409
397.354	39612	147	1412
397.359	39613	145	209
397.362	39614	146	1409
397.369	39615	148	1409
397.374	39616	146	209
397.377	39617	148	1409
397.382	39618	146	1409
397.387	39619	145	209
397.389	39620	147	1409
397.396	39621	147	1409
397.404	39622	149	1412
397.411	39623	149	1412
397.416	39624	148	209
397.419	39625	149	1409
397.424	39626	149	1409
397.429	39627	147	209
397.431	39628	148	1409
397.438	39629	149	1409
397.444	39630	149	209
397.446	39631	150	1409
397.454	39632	150	1412
397.461	39633	152	1409
397.466	39634	150	209
397.468	39635	152	1409
397.476	39636	153	1409
397.481	39637	153	209
397.483	39638	156	1409
397.491	39639	157	1409
397.493	39640	155	209
397.496	39641	157	1409
397.503	39642	158	1409
397.506	39643	156	209
397.508	39644	159	1409
397.515	39645	160	1412
397.52	39646	159	1409
397.521	39647	155	209
397.523	39648	157	1409
397.528	39649	156	1409
397.533	39650	157	209
397.536	39651	158	1409
397.54	39652	158	1409
397.545	39653	158	209
397.552	39655	159	1409
397.555	39656	157	209
397.563	39658	158	1409
397.565	39659	154	209
397.568	39660	156	1409
397.571	39661	151	1409
397.583	39663	155	1409
397.59	39664	153	1409
397.598	39665	153	209
397.603	39666	155	1409
397.61	39667	155	1409
397.618	39668	154	209
397.62	39669	155	1409
397.627	39670	153	1409
397.635	39671	153	209
397.638	39672	154	1409
397.645	39673	152	1409
397.651	39674	150	209
397.655	39675	153	1409
397.663	39676	152	1409
397.67	39677	151	209
397.673	39678	152	1409
397.685	39679	155	1409
397.686	39680	151	209
397.698	39682	155	1409
397.703	39683	154	209
397.706	39684	155	1409
397.712	39685	156	1409
397.714	39686	151	209
397.716	39687	152	1409
397.726	39688	155	1409
397.726	39689	149	209
397.731	39690	153	1409
397.738	39691	154	1409
397.743	39692	152	209
397.745	39693	155	1409
397.758	39695	154	1412
397.763	39696	153	209
397.768	39697	155	1412
397.775	39698	156	1409
397.782	39699	158	1409
397.787	39700	157	209
397.788	39701	154	212
397.795	39703	155	1409
397.8	39704	152	209
397.808	39705	155	1409
397.815	39706	155	1409
397.821	39707	152	209
397.825	39708	155	1409
397.83	39709	153	1409
397.838	39710	153	209
397.841	39711	153	1409
397.845	39712	150	1409
397.853	39713	152	209
397.858	39714	152	1409
397.863	39715	150	1409
397.868	39716	148	209
397.873	39717	151	1409
397.885	39718	151	1409
397.888	39719	148	209
397.895	39720	148	1412
397.903	39721	149	1409
397.908	39722	148	1409
397.913	39723	147	209
397.915	39724	148	1409
397.923	39725	150	1409
397.928	39726	149	209
397.93	39727	150	1409
397.937	39728	152	1409
397.945	39729	152	209
397.949	39730	156	1409
397.954	39731	155	1409
397.964	39732	157	1412
397.968	39733	154	209
397.974	39735	154	1409
397.98	39736	153	209
397.983	39737	155	1409
397.989	39738	156	1409
397.992	39739	153	209
397.999	39740	159	1409
398.002	39741	155	1412
398.009	39742	156	1409
398.022	39745	155	1409
398.027	39746	155	209
398.029	39747	156	1409
398.037	39748	157	1409
398.042	39749	157	209
398.047	39751	155	1409
398.052	39752	153	209
398.054	39753	154	1409
398.06	39754	153	1409
398.065	39755	152	209
398.067	39756	153	1409
398.072	39757	152	1409
398.077	39758	151	209
398.079	39759	153	1409
398.089	39760	157	1409
398.092	39761	153	209
398.105	39764	152	209
398.107	39765	154	1409
398.115	39766	155	1409
398.118	39767	152	209
398.125	39769	152	1409
398.13	39770	152	209
398.133	39771	153	1409
398.143	39773	150	209
398.145	39774	152	1409
398.153	39775	153	1409
398.158	39776	152	209
398.16	39777	153	1409
398.167	39778	155	1409
398.173	39779	154	209
398.178	39781	152	1412
398.185	39782	152	1409
398.188	39783	149	209
398.193	39784	153	1409
398.198	39785	152	1409
398.201	39786	149	209
398.205	39787	153	1409
398.212	39788	154	1409
398.215	39789	151	209
398.22	39790	154	1409
398.225	39791	153	1409
398.232	39792	154	212
398.234	39793	155	1412
398.24	39794	155	209
398.242	39795	156	1409
398.247	39796	155	1409
398.252	39797	153	1412
398.257	39798	153	209
398.262	39799	157	1409
398.267	39800	155	1409
398.272	39801	154	209
398.274	39802	156	1409
398.277	39803	152	1409
398.282	39804	151	209
398.285	39805	152	1409
398.292	39806	153	1409
398.297	39807	152	209
398.3	39808	154	1409
398.307	39809	156	1409
398.314	39810	158	1412
398.319	39811	158	1412
398.322	39812	156	209
398.324	39813	158	1409
398.329	39814	158	1409
398.332	39815	156	1412
398.332	39816	152	209
398.342	39818	155	1409
398.347	39819	153	1412
398.352	39820	154	209
398.354	39821	156	1409
398.361	39822	158	1409
398.365	39823	155	209
398.367	39824	157	1409
398.372	39825	154	1409
398.379	39826	152	1412
398.385	39827	153	209
398.387	39828	155	1409
398.394	39829	157	1409
398.397	39830	155	209
398.4	39832	151	1409
398.412	39834	154	1409
398.419	39835	154	1409
398.427	39836	152	209
398.429	39837	154	1409
398.436	39838	153	1409
398.444	39839	153	209
398.449	39840	156	1409
398.456	39841	154	1409
398.462	39842	152	209
398.464	39843	154	1409
398.472	39844	152	1409
398.477	39845	149	209
398.479	39846	151	1409
398.489	39847	152	1409
398.497	39848	152	209
398.502	39849	155	1409
398.509	39850	154	1409
398.514	39851	154	209
398.517	39852	155	1409
398.524	39853	156	1409
398.529	39854	155	209
398.536	39856	155	1409
398.541	39857	154	209
398.553	39859	159	1412
398.558	39860	158	1409
398.561	39861	155	209
398.563	39862	156	1409
398.574	39864	154	209
398.577	39865	155	1409
398.583	39866	156	1409
398.588	39867	155	209
398.591	39868	156	1409
398.598	39869	158	1409
398.601	39870	154	209
398.606	39871	158	1409
398.608	39872	155	1412
398.62	39873	161	1409
398.621	39874	156	212
398.63	39877	157	1409
398.636	39878	157	209
398.638	39879	158	1409
398.643	39880	157	1409
398.646	39881	154	209
398.651	39883	152	1409
398.657	39884	150	209
398.659	39885	153	1409
398.664	39886	150	1409
398.669	39887	150	209
398.671	39888	151	1409
398.678	39889	152	1409
398.681	39890	149	209
398.684	39891	150	1409
398.691	39892	151	1409
398.696	39893	151	209
398.699	39894	152	1409
398.706	39895	153	1409
398.709	39896	151	209
398.714	39897	154	1409
398.719	39898	153	1409
398.722	39899	150	209
398.726	39900	154	1409
398.731	39901	153	1409
398.737	39902	152	209
398.742	39904	151	1412
398.749	39905	151	1409
398.757	39906	153	1412
398.762	39907	151	209
398.764	39908	153	1409
398.771	39909	154	1409
398.776	39910	153	209
398.779	39911	154	1412
398.784	39912	153	1409
398.789	39913	152	1409
398.794	39914	151	209
398.797	39915	153	1409
398.801	39916	152	1409
398.804	39917	149	209
398.807	39918	151	1409
398.812	39919	149	1409
398.819	39920	151	209
398.822	39921	152	1409
398.827	39922	151	1409
398.834	39923	153	212
398.837	39924	154	1412
398.842	39925	154	209
398.845	39926	155	1409
398.852	39927	156	1409
398.858	39928	157	1412
398.864	39929	155	209
398.871	39931	155	1409
398.878	39933	156	1409
398.883	39934	155	1409
398.889	39935	154	209
398.896	39937	154	1409
398.899	39938	152	209
398.904	39939	155	1409
398.911	39940	157	1409
398.914	39941	154	209
398.919	39942	157	1409
398.924	39943	156	1409
398.927	39944	153	209
398.931	39945	157	1409
398.939	39947	153	209
398.947	39949	153	1412
398.954	39950	154	1409
398.957	39951	152	209
398.962	39953	150	1409
398.967	39954	148	209
398.97	39955	150	1409
398.977	39956	150	1409
398.984	39958	151	1409
398.991	39959	152	1409
398.997	39960	151	209
398.999	39961	152	1409
399.006	39962	154	1409
399.009	39963	151	209
399.012	39964	152	1409
399.019	39965	153	1409
399.024	39966	152	209
399.026	39967	154	1409
399.033	39968	155	1409
399.036	39969	152	209
399.039	39970	153	1409
399.046	39971	154	1409
399.051	39972	154	209
399.053	39973	155	1409
399.061	39974	156	1409
399.067	39975	156	209
399.069	39976	157	1409
399.074	39977	156	1409
399.079	39978	155	1412
399.086	39979	156	212
399.087	39980	156	209
399.089	39981	157	1409
399.093	39982	156	1409
399.099	39983	155	209
399.104	39985	153	1412
399.111	39986	154	1409
399.114	39987	151	209
399.119	39988	154	1409
399.124	39989	153	1409
399.129	39990	153	209
399.131	39991	154	1409
399.138	39992	155	1409
399.143	39993	155	209
399.146	39994	156	1409
399.151	39995	157	1412
399.155	39996	157	1412
399.16	39997	156	1409
399.163	39998	155	209
399.166	39999	156	1409
399.173	40000	158	1412
399.177	40001	158	1409
399.183	40002	159	209
399.185	40003	160	1409
399.192	40004	162	1409
399.202	40008	160	1409
399.205	40009	158	209
399.209	40010	160	1409
399.217	40011	160	1409
399.224	40013	163	1409
399.231	40014	162	1409
399.234	40015	160	209
399.239	40016	162	1409
399.246	40017	162	1409
399.252	40018	160	209
399.254	40019	161	1409
399.261	40020	161	1409
399.276	40023	158	1409
399.284	40024	157	209
399.286	40025	158	1409
399.296	40026	160	1409
399.303	40028	159	1409
399.31	40029	158	1409
399.318	40030	156	1412
399.328	40031	159	209
399.33	40032	160	1409
399.335	40033	157	1409
399.343	40034	157	209
399.345	40035	158	1409
399.351	40036	154	1409
399.358	40037	156	209
399.361	40038	157	1409
399.366	40039	156	1409
399.371	40040	156	209
399.373	40041	157	1409
399.378	40042	155	1409
399.383	40043	154	209
399.385	40044	156	1409
399.395	40045	159	1409
399.405	40048	157	1409
399.411	40049	156	212
399.411	40050	156	212
399.412	40052	149	209
399.414	40053	151	1409
399.419	40054	150	1409
399.422	40055	147	212
399.423	40056	146	209
399.425	40057	147	1409
399.43	40058	146	1409
399.435	40059	146	209
399.438	40060	147	1409
399.445	40061	148	1409
399.45	40062	148	209
399.452	40063	149	1409
399.457	40064	148	1409
399.463	40065	147	209
399.465	40066	149	1409
399.472	40067	150	1409
399.477	40068	148	212
399.481	40070	144	209
399.483	40071	147	1409
399.488	40072	144	1409
399.493	40073	144	209
399.495	40074	145	1409
399.501	40075	145	212
399.504	40077	140	209
399.506	40078	142	1409
399.514	40079	143	1409
399.519	40080	142	209
399.521	40081	143	1409
399.529	40082	145	1409
399.531	40083	142	209
399.534	40084	143	1409
399.541	40085	144	1409
399.546	40086	143	209
399.548	40087	145	1409
399.556	40088	146	1409
399.561	40089	145	209
399.563	40090	147	1409
399.568	40091	145	1409
399.571	40092	142	209
399.573	40093	144	1409
399.58	40094	145	1409
399.586	40095	145	209
399.588	40096	146	1409
399.596	40097	147	1409
399.601	40098	146	209
399.601	40099	146	212
399.606	40100	150	1412
399.611	40101	149	1412
399.62	40102	151	1409
399.627	40103	152	1409
399.632	40104	151	209
399.635	40105	152	1409
399.642	40106	154	1409
399.647	40107	153	209
399.65	40108	154	1409
399.657	40109	155	1409
399.662	40110	155	209
399.665	40111	156	1409
399.672	40112	157	1409
399.675	40113	154	209
399.677	40114	156	1409
399.684	40115	157	1409
399.692	40116	158	1412
399.697	40117	158	209
399.699	40118	159	1409
399.706	40119	160	1409
399.71	40120	157	209
399.712	40121	159	1409
399.721	40122	162	1412
399.727	40123	160	1409
399.732	40124	159	209
399.735	40126	155	1409
399.74	40127	154	209
399.742	40128	156	1409
399.747	40129	155	1409
399.748	40130	150	209
399.755	40132	150	1409
399.761	40133	149	209
399.771	40136	147	209
399.774	40137	148	1409
399.781	40138	149	1409
399.784	40139	147	209
399.791	40141	147	1409
399.797	40142	146	209
399.802	40144	144	1409
399.807	40145	144	209
399.81	40146	145	1409
399.82	40148	143	209
399.822	40149	145	1409
399.829	40150	145	1409
399.835	40151	144	209
399.837	40152	146	1409
399.842	40153	144	1409
399.847	40154	144	209
399.85	40155	145	1409
399.857	40156	146	1409
399.862	40157	146	209
399.865	40158	147	1409
399.872	40159	148	1409
399.873	40160	143	209
399.877	40161	147	1409
399.884	40162	148	1409
399.889	40163	147	209
399.892	40164	148	1409
399.897	40165	147	1409
399.902	40166	147	209
399.907	40167	150	1409
399.909	40168	147	1409
399.914	40169	146	209
399.917	40170	147	1409
399.924	40171	148	1409
399.929	40172	148	209
399.932	40173	149	1409
399.939	40174	150	1412
399.946	40175	150	1409
399.951	40176	149	209
399.953	40177	152	1409
399.96	40178	154	1412
399.967	40179	156	1409
399.975	40180	153	1412
399.982	40181	156	1412
399.985	40182	154	209
399.989	40183	158	1409
399.994	40184	157	1409
