120.153	1	152	1404
120.158	12	153	206
120.165	14	155	1406
120.361	15	158	206
120.371	17	157	1408
120.378	18	155	208
120.383	19	158	1408
120.392	20	159	1408
120.565	21	155	208
120.573	22	153	1408
120.578	23	149	1408
120.589	24	149	208
120.603	26	152	1408
120.608	27	148	1408
120.624	28	155	1408
120.63	29	150	1406
120.768	30	153	206
120.776	32	149	1406
120.785	33	150	206
120.788	34	151	1406
120.82	37	155	206
120.839	40	152	206
120.974	42	156	1406
120.982	43	155	1408
120.995	44	157	206
121.025	46	154	1408
121.047	47	158	1408
121.181	48	156	1408
121.19	49	157	1408
121.202	50	158	1408
121.21	51	157	1406
121.232	52	157	1408
121.235	53	152	206
121.242	54	157	1406
121.255	55	158	1406
121.265	57	158	1406
121.384	58	154	1406
121.395	59	155	206
121.405	61	154	1406
121.411	62	150	206
121.413	63	151	1406
121.429	65	148	206
121.436	66	153	1406
121.441	67	149	1406
121.461	70	149	1406
121.469	71	147	208
121.47	72	146	206
121.472	73	146	1406
121.591	74	157	1406
121.609	76	154	1408
121.621	77	158	1406
121.631	78	157	1406
121.643	79	161	1408
121.651	80	158	206
121.663	82	159	1406
121.675	83	162	208
121.681	85	157	206
121.695	87	159	1406
121.705	88	160	206
121.791	90	150	1406
121.797	91	146	207
121.799	92	147	1407
121.805	93	143	208
121.811	94	148	1407
121.821	95	149	207
121.824	96	149	1407
121.836	97	152	1407
121.844	98	150	207
121.848	99	154	1407
121.861	100	156	1407
121.87	101	156	1408
121.881	102	157	207
121.883	103	158	1407
121.89	104	156	1408
121.901	105	156	1407
121.913	106	158	1408
121.921	107	157	207
121.93	109	156	1407
121.995	110	153	1408
122.005	111	155	207
122.01	112	157	1407
122.026	114	154	207
122.037	116	155	1407
122.05	117	157	207
122.057	119	154	1407
122.065	120	153	207
122.077	122	154	1407
122.085	123	152	207
122.106	126	152	207
122.108	127	153	1407
122.113	128	150	1407
122.123	129	152	207
122.126	130	153	1407
122.135	131	154	1409
122.152	134	155	1407
122.164	135	159	1407
122.169	136	155	207
122.172	137	156	1407
122.181	138	158	1407
122.189	139	157	207
122.191	140	159	1407
122.203	141	162	1407
122.211	142	162	207
122.213	143	163	1407
122.22	144	163	1407
122.228	146	163	1407
122.238	147	164	1407
122.245	148	164	1409
122.248	149	161	1409
122.255	150	160	207
122.274	154	155	207
122.276	155	157	1407
122.283	156	156	1409
122.296	158	155	207
122.309	159	153	1409
122.314	160	151	1409
122.321	161	151	1407
122.33	162	154	1407
122.334	163	150	207
122.337	164	151	1407
122.341	165	149	1407
122.347	166	147	207
122.36	168	150	209
122.367	170	149	1407
122.373	171	148	207
122.385	173	151	1407
122.39	174	149	207
122.392	175	151	1407
122.404	176	151	1407
122.41	177	149	207
122.414	178	153	1407
122.43	182	148	209
122.432	183	150	1407
122.438	184	149	207
122.44	185	151	1407
122.45	187	148	207
122.454	188	152	1407
122.461	189	153	1407
122.467	190	154	207
122.469	191	155	1407
122.476	192	157	1407
122.485	193	160	1409
122.493	194	162	1409
122.498	196	157	207
122.503	197	160	1407
122.515	200	157	207
122.52	201	160	1407
122.525	202	160	1407
122.537	205	162	1407
122.542	206	162	207
122.55	208	163	1407
122.555	209	163	207
122.559	211	163	1407
122.567	213	164	1407
122.571	214	164	1407
122.576	215	164	1409
122.583	216	166	1409
122.591	219	163	1407
122.594	220	161	207
122.599	222	161	1409
122.601	223	158	1407
122.607	224	158	207
122.612	226	158	1407
122.617	227	159	207
122.627	231	157	1407
122.632	232	156	1407
122.639	233	158	1409
122.642	234	157	209
122.644	235	158	1409
122.647	236	156	207
122.651	238	155	1407
122.659	239	157	1409
122.664	240	157	207
122.672	243	153	207
122.695	249	146	1409
122.7	250	147	207
122.703	251	149	1407
122.715	252	149	1409
122.722	253	152	1409
122.731	254	157	1407
122.742	257	154	211
122.744	259	152	1408
122.754	260	154	1411
122.757	261	153	208
122.764	263	154	1411
122.774	265	154	211
122.782	268	156	1408
122.789	271	153	1408
122.795	272	155	208
122.795	273	154	211
122.805	276	154	1411
122.812	277	156	1408
122.819	279	158	1408
122.826	281	158	1408
122.833	284	155	1411
122.838	285	156	1411
122.839	286	152	211
122.844	287	156	1408
122.844	288	153	208
122.853	291	152	208
122.855	293	151	1411
122.86	294	151	1408
122.869	297	153	1408
122.875	299	153	1408
122.879	300	154	1411
122.884	301	155	1411
122.891	302	159	1408
122.894	303	157	208
122.896	304	159	1408
122.898	305	158	1408
122.904	307	158	1411
122.909	308	160	1411
122.914	310	160	1411
122.918	311	161	1411
122.921	312	159	1408
122.925	313	161	1408
122.926	314	157	208
122.928	315	159	1408
122.931	316	157	1408
122.938	319	157	1408
122.939	320	153	208
122.941	321	155	1408
122.944	322	154	1408
122.949	323	156	211
122.951	325	154	1411
122.959	326	157	208
122.964	328	158	1408
122.969	329	159	208
122.971	330	160	1408
122.976	332	158	1408
122.983	333	159	1411
122.987	334	154	211
122.987	336	151	208
122.994	339	153	1411
122.997	340	151	1408
123.002	341	153	208
123.009	342	154	1411
123.012	343	153	1411
123.017	344	154	1408
123.021	345	155	1408
123.026	349	150	1411
123.031	350	152	1408
123.037	351	153	211
123.044	355	151	1408
123.051	356	155	208
123.058	358	156	1411
123.065	360	156	1411
123.069	362	151	208
123.071	363	154	1408
123.076	364	155	211
123.078	365	156	1411
123.083	368	153	208
123.094	371	155	208
123.096	372	157	1408
123.101	373	158	1408
123.101	374	155	208
123.104	375	156	1408
123.106	376	155	1408
123.111	377	157	211
123.112	378	156	208
123.114	380	155	1408
123.117	381	154	208
123.117	382	153	211
123.122	385	150	208
123.125	386	152	1408
123.127	388	148	208
123.13	389	149	1408
123.141	392	154	1408
123.144	393	153	211
123.146	394	155	1411
123.151	396	154	208
123.156	398	154	1408
123.161	400	154	208
123.166	403	153	208
123.174	406	153	1408
123.179	408	154	1408
123.184	410	153	1408
123.184	411	151	208
123.189	413	153	1408
123.194	414	154	1411
123.198	417	153	1411
123.202	418	153	211
123.202	420	150	208
123.204	421	152	1408
123.211	422	156	1408
123.214	424	155	1408
123.216	425	155	1408
123.217	426	152	208
123.219	427	154	1408
123.224	428	156	1408
123.226	429	156	208
123.229	430	158	1408
123.233	431	160	1408
123.238	435	161	1411
123.245	437	162	1408
123.25	441	159	208
123.253	443	158	1411
123.256	446	155	1408
123.258	447	156	208
123.261	448	157	1408
123.263	450	155	1411
123.268	451	157	208
123.271	453	156	1408
123.275	454	158	1411
123.278	455	158	1411
123.281	456	158	208
123.29	461	158	1408
123.29	462	156	211
123.293	463	158	1411
123.296	464	158	208
123.303	470	155	1411
123.308	471	157	1408
123.311	472	157	208
123.314	474	156	1408
123.321	477	157	1408
123.323	478	157	1411
123.33	481	159	1408
123.337	483	160	1411
123.34	486	157	1408
123.343	487	157	1408
123.347	488	156	1411
123.348	489	154	211
123.352	492	155	1408
123.355	493	153	1411
123.363	494	156	1411
123.363	495	155	208
123.368	497	156	1411
123.375	498	158	1411
123.377	499	158	1411
123.385	504	153	208
123.388	505	155	1408
123.39	506	155	1411
123.393	507	154	1408
123.398	509	154	208
123.4	510	155	1408
123.405	511	158	1408
123.41	512	160	211
123.412	514	159	1411
123.419	517	161	1408
123.422	518	160	208
123.425	520	160	211
123.434	524	163	1408
123.434	525	161	208
123.44	530	151	211
123.44	531	152	211
123.441	532	152	211
123.445	533	156	1408
123.45	534	154	1411
123.455	536	156	1408
123.457	537	157	211
123.46	540	153	1411
123.46	541	151	211
123.463	542	153	1411
123.47	543	157	1408
123.472	544	157	1411
123.475	547	154	1411
123.478	548	154	1408
123.485	551	155	1408
123.485	552	153	208
123.488	553	155	1408
123.493	554	157	1408
123.495	555	155	1411
123.499	556	158	1411
123.502	559	155	208
123.507	561	157	1408
123.513	565	153	1411
123.515	566	153	1411
123.522	567	157	1411
123.522	568	155	208
123.524	570	154	1408
123.529	573	153	208
123.532	574	155	1408
123.534	575	155	1408
123.535	576	152	211
123.535	578	150	208
123.537	579	152	1408
123.54	581	150	1408
123.545	582	151	1411
123.55	583	153	211
123.55	584	154	208
123.552	585	155	1408
123.557	586	158	1408
123.557	587	155	211
123.558	589	152	208
123.56	591	152	1408
123.564	592	153	208
123.566	594	152	1408
123.573	597	154	1411
123.576	599	151	208
123.578	600	154	1408
123.579	602	149	208
123.581	603	152	1408
123.583	604	151	1408
123.586	606	151	1408
123.591	607	153	1411
123.593	608	154	1411
123.594	609	151	211
123.596	611	151	1408
123.598	612	151	1411
123.599	613	148	208
123.601	615	149	1408
123.602	616	146	208
123.604	617	149	1408
123.607	618	149	1408
123.614	621	150	1411
123.615	625	144	211
123.617	627	144	1408
123.622	629	144	208
123.627	631	146	1408
123.63	633	144	211
123.632	634	146	1411
123.635	635	146	208
123.638	638	144	1411
123.638	639	142	211
123.643	641	143	1408
123.643	642	142	208
123.646	643	144	1408
123.658	648	147	1411
123.66	649	147	1411
123.667	650	152	1408
123.667	651	150	208
123.669	653	149	1408
123.675	658	147	1408
123.68	659	150	208
123.683	660	148	211
123.685	661	151	1411
123.688	662	151	1408
123.69	664	149	208
123.692	666	148	1408
123.698	667	148	208
123.7	668	151	1408
123.701	669	148	211
123.703	670	150	1411
123.71	671	152	1411
123.712	672	153	1408
123.717	674	153	1411
123.72	675	153	211
123.72	676	153	208
123.722	677	155	1408
123.725	679	153	208
123.73	681	154	1411
123.735	684	154	1411
123.74	687	155	1411
123.745	688	157	1408
123.747	689	157	1411
123.748	690	155	208
123.755	692	159	1408
123.759	694	161	1408
123.764	697	160	1408
123.766	698	161	1408
123.771	701	160	1411
123.775	703	160	1408
123.78	704	163	1411
123.78	705	160	208
123.783	706	162	1408
123.787	707	165	1408
123.788	708	162	211
123.79	709	165	1411
123.792	710	165	1411
123.795	711	164	1411
123.799	713	166	1408
123.807	718	166	1408
123.813	721	168	1408
123.816	722	167	1411
123.823	725	170	1411
123.825	726	169	1408
123.828	727	170	208
123.83	728	172	1408
123.833	732	169	211
123.835	733	171	1411
123.838	736	169	1411
123.843	738	170	1411
123.845	739	170	1408
123.848	741	168	208
123.85	742	170	1411
123.856	745	169	208
123.858	747	169	1408
123.86	748	170	1411
123.863	749	170	1411
123.863	751	167	208
123.866	752	168	1408
123.868	753	169	1408
123.873	756	169	1408
123.873	757	168	208
123.88	763	168	1408
123.881	764	166	208
123.886	769	164	1411
123.888	770	164	1408
123.889	775	159	208
123.893	777	162	1408
123.894	778	160	208
123.896	780	159	1408
123.901	783	160	1411
123.903	784	161	1408
123.908	789	158	208
123.913	792	158	208
123.916	794	158	1408
123.916	795	156	208
123.918	797	157	1408
123.921	799	156	1408
123.925	801	157	1411
123.927	804	155	1408
123.93	808	152	1408
123.935	809	155	1411
123.935	810	153	208
123.938	811	154	1408
123.943	812	157	1411
123.945	815	155	211
123.96	823	154	1408
123.96	824	151	211
123.961	825	151	208
123.963	826	154	1408
123.97	827	156	1411
123.97	828	154	211
123.973	829	156	1408
123.973	830	155	208
123.974	831	153	211
123.976	833	154	1408
123.981	836	151	208
123.985	839	147	208
123.99	841	149	1408
123.99	842	147	208
123.992	843	150	1408
123.995	844	150	1408
123.995	845	146	211
123.996	846	146	208
123.998	847	149	1408
124.001	848	144	1411
124.006	852	146	1408
124.006	853	143	211
124.009	854	145	1411
124.009	855	144	208
124.011	857	144	1408
124.014	858	142	211
124.019	862	142	1408
124.019	863	139	208
124.021	864	141	1408
124.026	865	143	1411
124.027	866	141	211
124.029	868	142	1408
124.034	869	144	1411
124.034	870	143	211
124.036	873	143	1411
124.039	874	143	1408
124.043	876	145	1411
124.046	877	145	1408
124.048	878	145	1408
124.053	879	147	1411
124.055	880	148	1411
124.056	882	144	208
124.058	883	147	1408
124.061	885	145	1411
124.061	886	144	208
124.062	889	141	208
124.063	891	139	211
124.067	892	143	1411
124.072	893	145	1408
124.077	895	144	1411
124.077	896	143	211
124.078	897	143	211
124.08	898	145	1411
124.082	899	146	1411
124.085	901	145	211
124.088	902	147	1411
124.088	903	145	211
124.091	905	145	211
124.093	906	147	1411
124.096	908	146	1411
124.098	909	147	211
124.101	910	149	1411
124.103	912	149	1408
124.108	914	149	1411
124.108	915	148	211
124.111	916	150	1411
124.113	917	150	1411
124.117	918	153	1411
124.121	922	148	211
124.121	923	149	208
124.124	925	148	1411
124.128	926	151	1408
124.131	929	149	211
124.134	932	148	208
124.136	933	149	1408
124.138	934	150	1408
124.141	937	148	1408
124.141	940	145	211
124.144	942	144	1408
124.15	945	147	1408
124.151	946	145	208
124.153	947	148	1408
124.16	951	149	1411
124.163	952	150	211
124.168	953	153	1411
124.17	954	154	1411
124.175	958	153	1408
124.182	962	154	1411
124.183	963	152	208
124.185	964	154	1411
124.192	966	156	1411
124.194	967	157	1411
124.197	968	157	1408
124.204	970	160	1408
124.209	973	161	1408
124.209	974	160	208
124.212	976	160	1408
124.214	977	161	208
124.215	979	158	211
124.219	982	161	1408
124.222	984	160	1408
124.224	985	160	1411
124.226	986	161	1408
124.233	989	164	1411
124.233	990	162	211
124.236	991	164	1411
124.238	992	165	1408
124.243	995	165	1408
124.243	997	161	208
124.246	998	163	1408
124.25	999	166	1408
124.251	1000	164	208
124.251	1002	163	211
124.256	1004	164	1408
124.256	1005	163	211
124.258	1008	163	1408
124.268	1014	161	1411
124.273	1015	163	1408
124.275	1016	164	1411
124.278	1017	164	1411
124.28	1018	165	1411
124.281	1020	161	208
124.283	1022	161	1408
124.283	1023	160	208
124.286	1024	162	1408
124.288	1025	162	1408
124.291	1027	161	208
124.296	1030	162	208
124.298	1032	162	1408
124.3	1033	163	1411
124.303	1035	162	1408
124.307	1038	161	1411
124.31	1039	162	208
124.312	1041	162	1408
124.319	1045	161	1411
124.321	1046	162	1408
124.327	1049	162	1408
124.327	1050	162	208
124.329	1051	163	1408
124.332	1053	162	208
124.334	1055	162	1411
124.339	1058	161	1411
124.341	1059	162	1408
124.342	1060	160	211
124.342	1062	159	208
124.344	1064	159	1411
124.347	1065	159	1411
124.349	1066	160	1408
124.35	1069	157	211
124.352	1070	159	1411
124.355	1071	159	1411
124.357	1074	158	1408
124.357	1075	156	211
124.36	1076	158	1411
124.36	1077	157	208
124.362	1078	158	1408
124.365	1080	158	208
124.367	1082	158	1408
124.37	1083	158	1411
124.37	1084	157	211
124.375	1087	158	1408
124.377	1088	159	1408
124.377	1089	158	208
124.38	1091	158	1408
124.38	1092	157	208
124.382	1095	156	1411
124.387	1096	158	1411
124.39	1098	157	211
124.394	1100	160	1411
124.397	1102	160	1408
124.399	1103	160	1408
124.4	1105	157	208
124.402	1107	157	1408
124.412	1109	157	1411
124.414	1110	158	1408
124.417	1113	155	1408
124.419	1114	156	1411
124.424	1117	157	1408
124.424	1119	154	211
124.427	1121	154	211
124.427	1122	154	208
124.43	1124	154	1408
124.432	1126	154	1408
124.437	1127	153	211
124.439	1128	156	1411
124.441	1129	156	1408
124.446	1132	157	1408
124.449	1133	155	211
124.451	1134	158	1411
124.453	1135	158	1411
124.454	1136	157	208
124.456	1137	159	1408
124.458	1138	159	1408
124.459	1139	159	208
124.461	1141	158	1408
124.464	1143	157	1411
124.465	1144	156	208
124.465	1146	154	211
124.467	1147	157	1411
124.47	1148	157	1408
124.477	1151	156	1411
124.477	1152	156	211
124.479	1153	157	1411
124.48	1157	152	208
124.483	1158	154	1408
124.485	1159	154	1408
124.489	1160	157	1411
124.49	1162	154	208
124.499	1168	154	1411
124.502	1169	155	1411
124.504	1171	154	1408
124.507	1172	155	208
124.509	1173	157	1408
124.51	1174	155	211
124.513	1178	152	208
124.515	1181	151	1408
124.522	1185	151	208
124.528	1188	151	211
124.528	1190	150	208
124.531	1191	152	1408
124.533	1192	152	1408
124.535	1193	153	1411
124.537	1194	153	1411
124.54	1196	153	1408
124.547	1199	154	1411
124.549	1200	154	1408
124.551	1201	155	1411
124.554	1202	155	208
124.556	1206	154	1408
124.557	1207	152	208
124.559	1208	154	1408
124.562	1210	153	211
124.564	1212	154	208
124.567	1214	154	1408
124.569	1215	155	208
124.572	1216	157	1408
124.574	1217	157	1411
124.576	1218	158	1411
124.581	1221	158	1408
124.585	1223	160	1411
124.586	1224	158	211
124.586	1225	158	208
124.589	1227	158	1411
124.592	1230	156	211
124.595	1236	153	1411
124.604	1237	156	1411
124.61	1238	153	211
124.614	1239	157	1411
124.617	1240	152	1411
124.625	1241	153	211
124.625	1242	153	211
124.627	1243	154	1411
124.63	1244	150	211
124.635	1245	154	1411
124.64	1246	152	1411
124.647	1247	151	1411
124.652	1248	149	1411
124.657	1249	147	211
124.657	1250	147	211
124.66	1251	148	1411
124.667	1252	148	1411
124.677	1253	151	1411
124.681	1254	149	1411
124.687	1255	147	211
124.691	1256	151	1411
124.694	1257	147	211
124.699	1258	151	1411
124.706	1259	152	1411
124.713	1260	152	1411
124.723	1261	155	1411
124.73	1262	155	1411
124.736	1263	154	211
124.739	1264	156	1411
124.741	1265	155	1411
124.746	1266	156	1411
124.75	1267	158	1411
124.755	1268	158	1411
124.757	1269	158	1411
124.76	1270	157	1411
124.765	1271	159	1411
124.768	1272	158	211
124.768	1273	158	211
124.771	1274	160	1411
124.775	1275	161	1411
124.78	1276	162	1411
124.783	1277	161	1411
124.788	1280	159	1411
124.792	1281	161	1411
124.793	1282	157	211
124.795	1283	159	1411
124.798	1284	158	1411
124.8	1285	157	1411
124.805	1286	159	1411
124.807	1287	158	1411
124.808	1288	155	211
124.81	1289	156	1411
124.814	1290	158	1411
124.817	1291	157	1411
124.819	1292	156	1411
124.819	1293	153	211
124.822	1294	154	1411
124.826	1295	156	1411
124.827	1296	152	211
124.829	1297	155	1411
124.831	1298	154	1408
124.834	1299	153	208
124.836	1300	155	1408
124.839	1301	153	1408
124.839	1302	151	208
124.841	1303	152	1408
124.844	1304	151	1408
124.846	1305	151	208
124.849	1306	152	1408
124.851	1307	151	1408
124.851	1308	148	208
124.854	1309	150	1408
124.858	1310	151	1408
124.859	1311	148	208
124.861	1312	150	1408
124.863	1313	149	1408
124.864	1314	146	208
124.866	1315	148	1408
124.871	1316	149	1408
124.871	1317	147	208
124.874	1318	148	1408
124.876	1319	147	1408
124.876	1320	144	208
124.879	1321	146	1408
124.881	1322	144	1408
124.881	1323	142	208
124.884	1324	143	1408
124.886	1325	142	1408
124.886	1326	140	208
124.891	1327	143	1408
124.893	1328	143	1408
124.894	1329	139	208
124.896	1330	142	1408
124.898	1331	140	1408
124.901	1332	140	208
124.903	1333	142	1408
124.906	1334	140	1408
124.906	1335	138	208
124.908	1336	139	1408
124.913	1337	141	1408
124.913	1338	138	208
124.916	1339	139	1408
124.918	1340	139	1408
124.921	1341	138	208
124.923	1342	140	1408
124.926	1343	138	1408
124.926	1344	136	208
124.928	1345	137	1408
124.931	1346	136	1408
124.931	1347	134	208
124.933	1348	135	1408
124.936	1349	134	1408
124.936	1350	131	208
124.938	1351	133	1408
124.941	1352	131	1408
124.941	1353	129	208
124.943	1354	131	1408
124.946	1355	129	1408
124.949	1356	129	208
124.951	1357	131	1408
124.956	1358	132	1408
124.956	1359	130	208
124.958	1360	131	1408
124.961	1361	130	1408
124.961	1362	126	208
124.963	1363	129	1408
124.966	1364	127	211
124.968	1365	130	1411
124.971	1366	128	1408
124.973	1367	128	208
124.976	1368	130	1408
124.978	1369	128	1408
124.978	1370	126	208
124.981	1371	127	1408
124.983	1372	126	1408
124.983	1373	124	208
124.986	1374	125	1408
124.988	1375	124	1408
124.988	1376	121	208
124.991	1377	123	1408
124.993	1378	121	1408
124.993	1379	119	208
124.996	1380	120	1408
124.998	1381	119	1408
124.998	1382	117	208
125	1383	118	1408
125.005	1384	120	1408
125.005	1385	116	208
125.008	1386	118	1408
125.01	1387	117	1408
125.011	1388	114	208
125.013	1389	117	1408
125.018	1390	117	1408
125.018	1391	115	208
125.02	1392	116	1408
125.023	1393	115	1408
125.025	1394	115	208
125.028	1395	116	1408
125.03	1396	116	1408
125.03	1397	112	208
125.033	1398	114	1408
125.035	1399	112	1408
125.038	1400	113	208
125.04	1401	114	1408
125.043	1402	113	1408
125.043	1403	111	208
125.045	1404	112	1408
125.048	1405	111	1408
125.049	1406	108	208
125.051	1407	111	1408
125.056	1408	111	1408
125.056	1409	109	208
125.058	1410	111	1408
125.063	1411	112	1408
125.064	1412	109	208
125.066	1413	111	1408
125.068	1414	110	1408
125.071	1415	110	208
125.073	1416	111	1408
125.076	1417	110	1408
125.079	1418	109	208
125.081	1419	111	1408
125.083	1420	110	1408
125.084	1421	107	208
125.088	1422	111	1408
125.091	1423	110	1408
125.091	1424	107	208
125.093	1425	109	1408
125.098	1426	111	1408
125.099	1427	108	208
125.101	1428	109	1408
125.103	1429	109	1408
125.109	1430	110	208
125.111	1431	112	1408
125.113	1432	112	1408
125.116	1433	111	208
125.119	1434	113	1408
125.123	1435	114	1408
125.124	1436	111	208
125.126	1437	113	1408
125.133	1438	117	1408
125.133	1439	114	208
125.136	1440	115	1408
125.143	1441	120	1408
125.143	1442	117	208
125.146	1443	118	1408
125.148	1444	118	1408
125.153	1445	120	208
125.156	1446	121	1408
125.158	1447	121	1408
125.163	1448	122	208
125.166	1449	124	1408
125.168	1450	124	1408
125.171	1451	123	208
125.173	1452	125	1408
125.178	1453	125	1408
125.183	1454	127	208
125.185	1455	130	1408
125.19	1456	131	1408
125.191	1457	129	208
125.196	1458	132	1408
125.198	1459	132	1408
125.203	1460	134	208
125.206	1461	135	1408
125.21	1462	137	1408
125.211	1463	134	208
125.216	1464	138	1408
125.223	1465	142	1408
125.223	1466	139	208
125.226	1467	141	1408
125.232	1468	145	1408
125.233	1469	141	208
125.235	1470	144	1408
125.243	1471	148	1408
125.246	1472	147	208
125.248	1473	150	1408
125.25	1474	148	1408
125.258	1475	152	208
125.26	1476	154	1408
125.262	1477	153	1408
125.27	1479	156	1408
125.272	1480	156	1408
125.28	1483	156	1408
125.28	1484	153	208
125.283	1485	155	1408
125.286	1487	151	208
125.288	1488	154	1408
125.295	1489	156	1408
125.295	1490	154	208
125.298	1491	156	1408
125.301	1493	153	208
125.306	1495	154	1408
125.306	1496	151	208
125.309	1497	152	1408
125.309	1499	147	208
125.312	1500	148	1408
125.314	1501	148	1408
125.32	1502	149	208
125.322	1504	149	1408
125.325	1505	148	208
125.327	1507	147	1408
125.332	1510	144	1408
125.333	1511	142	208
125.336	1512	144	1408
125.342	1513	147	1408
125.345	1514	147	208
125.349	1517	143	208
125.353	1519	144	1408
125.358	1521	144	1408
125.362	1522	146	1408
125.363	1523	143	208
125.365	1524	145	1408
125.368	1525	144	1408
125.37	1526	144	208
125.373	1527	145	1408
125.375	1528	145	1408
125.378	1529	143	208
125.38	1530	145	1408
125.385	1531	147	1408
125.392	1534	146	1408
125.395	1535	146	208
125.397	1536	149	1408
125.404	1537	152	1408
125.405	1538	149	208
125.407	1539	151	1408
125.414	1540	154	1408
125.416	1541	154	208
125.419	1542	155	1408
125.424	1544	154	208
125.426	1545	156	1408
125.429	1546	155	1408
125.432	1547	155	208
125.434	1548	157	1408
125.439	1549	158	1408
125.441	1550	158	208
125.444	1551	159	1408
125.446	1552	158	1408
125.449	1553	158	208
125.454	1555	159	1408
125.456	1556	158	208
125.459	1557	160	1408
125.464	1558	162	1408
125.464	1559	159	208
125.467	1561	157	1408
125.476	1564	159	1408
125.479	1565	159	208
125.482	1567	158	211
125.482	1569	155	208
125.483	1571	153	211
125.485	1573	151	1408
125.491	1575	149	208
125.493	1576	149	1408
125.5	1577	153	1408
125.5	1578	150	208
125.507	1580	151	1411
125.51	1581	150	1411
125.514	1582	152	1408
125.519	1583	153	1408
125.528	1587	152	1408
125.533	1588	154	1411
125.538	1589	155	211
125.541	1590	157	1411
125.543	1591	157	208
125.548	1593	156	1408
125.557	1595	159	1411
125.562	1596	158	1411
125.567	1597	160	1411
125.57	1598	158	211
125.573	1600	157	1408
125.575	1601	156	208
125.578	1602	158	1408
125.582	1603	160	1408
125.583	1604	156	208
125.585	1605	158	1408
125.589	1606	159	1408
125.59	1607	157	208
125.593	1608	159	1408
125.599	1609	162	1408
125.603	1610	160	211
125.605	1611	163	1411
125.608	1612	162	208
125.616	1615	159	208
125.618	1616	161	1408
125.624	1618	157	208
125.626	1619	157	1408
125.631	1620	157	1411
125.633	1621	157	1408
125.634	1622	155	208
125.636	1625	152	208
125.639	1626	154	1408
125.643	1627	155	1408
125.644	1628	152	208
125.646	1629	153	1408
125.649	1630	152	1408
125.656	1632	152	1411
125.66	1634	152	1408
125.664	1635	150	208
125.666	1636	152	1408
125.668	1637	152	1408
125.67	1638	152	1411
125.678	1639	153	211
125.68	1640	155	1411
125.681	1641	152	208
125.686	1643	152	1411
125.688	1644	152	1411
125.693	1646	151	1411
125.697	1647	153	1408
125.7	1648	153	1408
125.705	1649	154	208
125.71	1651	156	1408
125.715	1653	155	208
125.717	1654	157	1408
125.727	1658	159	1408
125.728	1659	156	208
125.73	1660	158	1408
125.732	1661	158	1408
125.735	1662	157	211
125.738	1664	156	1411
125.742	1666	158	1408
125.745	1667	158	1408
125.75	1670	157	1408
125.755	1671	159	208
125.763	1675	155	211
125.765	1677	157	1408
125.77	1678	157	1408
125.773	1679	155	208
125.78	1682	154	1411
125.786	1683	154	208
125.788	1684	157	1408
125.793	1685	156	1408
125.8	1688	154	1408
125.81	1691	154	1408
125.812	1692	153	208
125.815	1693	154	1408
125.817	1694	152	1408
125.827	1696	154	1411
125.832	1697	154	1411
125.837	1698	154	208
125.842	1700	154	1411
125.852	1702	155	1408
125.853	1703	153	208
125.858	1705	152	1408
125.858	1706	148	211
125.86	1707	150	1411
125.868	1708	153	208
125.87	1709	155	1408
125.875	1710	154	1408
125.882	1712	157	1408
125.89	1714	156	208
125.895	1716	156	1411
125.898	1717	154	1411
125.903	1718	154	1408
125.903	1719	150	208
125.905	1720	152	1408
125.915	1722	152	1411
125.922	1723	155	1411
125.922	1724	153	208
125.927	1725	156	1408
125.929	1726	156	1408
125.932	1727	156	208
125.934	1728	157	1411
125.939	1731	155	1408
125.942	1732	154	1408
125.944	1733	152	1411
125.947	1734	152	211
125.947	1735	152	208
125.949	1736	154	1408
125.954	1737	155	1408
125.957	1738	154	211
125.959	1739	156	1411
125.962	1740	156	208
125.966	1741	160	1408
125.969	1742	159	1408
125.971	1743	157	1411
125.974	1744	157	1411
125.979	1746	156	211
125.98	1747	156	208
125.982	1748	158	1408
125.984	1749	157	1408
125.991	1751	158	1411
125.992	1752	154	208
125.994	1753	156	1408
125.999	1754	157	1408
125.999	1755	155	208
126.002	1756	157	1408
126.007	1757	158	1408
126.012	1759	159	1411
126.012	1760	156	208
126.014	1761	159	1408
126.02	1765	153	208
126.022	1766	155	1408
126.029	1768	156	208
126.034	1770	156	1408
126.036	1771	156	1411
126.039	1772	156	208
126.044	1775	154	208
126.046	1776	155	1408
126.051	1777	157	1411
126.053	1778	155	1408
126.054	1779	152	208
126.056	1780	155	1408
126.064	1782	155	1411
126.066	1783	155	1408
126.071	1784	156	208
126.073	1786	155	1408
126.076	1787	154	208
126.081	1789	154	1408
126.081	1790	152	208
126.084	1791	154	1408
126.087	1792	153	211
126.089	1793	156	1408
126.089	1794	153	208
126.092	1795	154	1408
126.099	1797	155	1411
126.101	1798	154	1411
126.104	1799	154	208
126.107	1801	153	1408
126.107	1802	150	208
126.11	1803	151	1408
126.115	1805	150	208
126.119	1806	154	1411
126.125	1808	153	1408
126.125	1809	150	208
126.13	1811	151	1408
126.13	1812	148	208
126.133	1813	149	1408
126.135	1814	149	1408
126.137	1815	147	211
126.139	1817	146	208
126.142	1819	144	1408
126.144	1820	144	208
126.147	1821	145	1408
126.149	1822	144	1408
126.152	1823	144	208
126.154	1824	146	1408
126.155	1826	141	208
126.162	1828	143	1408
126.162	1829	141	208
126.165	1830	142	1408
126.172	1832	143	1411
126.175	1833	142	208
126.177	1835	141	1408
126.18	1836	140	208
126.182	1837	143	1408
126.187	1838	144	1411
126.192	1839	145	1408
126.192	1840	143	208
126.195	1841	144	1408
126.2	1843	142	208
126.202	1844	145	1408
126.204	1845	144	1408
126.209	1846	145	211
126.212	1848	146	1408
126.214	1849	146	1408
126.22	1850	148	211
126.222	1852	147	1411
126.223	1853	144	208
126.227	1854	148	1408
126.234	1856	148	1411
126.239	1857	150	1408
126.242	1858	150	208
126.244	1859	151	1408
126.247	1860	151	1411
126.252	1861	153	1411
126.259	1862	155	1408
126.259	1863	153	208
126.262	1864	155	1408
126.269	1865	158	1408
126.269	1866	155	208
126.271	1867	157	1411
126.276	1868	158	1408
126.28	1869	160	1408
126.281	1870	158	208
126.288	1872	161	1408
126.293	1873	161	1411
126.295	1874	161	1408
126.302	1877	161	1408
126.303	1878	159	208
126.308	1880	159	1408
126.313	1881	161	1411
126.315	1882	160	208
126.318	1884	158	1411
126.323	1885	160	1408
126.327	1886	162	1411
126.328	1887	158	208
126.33	1888	160	1408
126.332	1889	160	1408
126.341	1890	165	1411
126.342	1891	162	208
126.344	1892	165	1408
126.347	1893	163	1411
126.354	1895	164	1411
126.358	1896	165	1411
126.359	1897	162	208
126.361	1898	164	1408
126.368	1899	167	1408
126.373	1902	165	1411
126.378	1903	167	1408
126.382	1904	168	1411
126.389	1907	168	1408
126.391	1908	167	1411
126.396	1909	169	208
126.399	1910	170	1411
126.401	1911	170	1408
126.406	1912	170	1408
126.406	1913	167	208
126.408	1914	170	1408
126.412	1916	166	208
126.414	1917	169	1408
126.416	1918	167	1408
126.419	1920	164	208
126.422	1921	165	1408
126.426	1922	167	1408
126.434	1926	166	1408
126.434	1927	164	208
126.44	1930	162	1408
126.441	1931	159	208
126.443	1932	161	1408
126.45	1934	161	1411
126.452	1935	161	208
126.457	1937	162	1408
126.457	1938	159	208
126.46	1939	160	1408
126.464	1940	162	1408
126.467	1942	160	1408
126.472	1943	162	1408
126.474	1945	161	1408
126.477	1946	160	1408
126.479	1947	160	208
126.482	1949	158	1408
126.489	1952	158	1408
126.489	1953	155	208
126.492	1955	154	1408
126.501	1959	153	1408
126.502	1960	151	208
126.503	1962	147	211
126.505	1963	148	1411
126.51	1964	150	1411
126.512	1965	149	1408
126.517	1966	151	208
126.519	1967	153	1408
126.521	1968	152	1411
126.53	1970	153	208
126.532	1972	151	1408
126.537	1974	152	1408
126.541	1975	154	1408
126.542	1976	151	208
126.544	1977	153	1408
126.549	1978	155	1408
126.552	1979	154	208
126.556	1980	158	1408
126.561	1982	157	1411
126.564	1983	156	208
126.566	1984	158	1408
126.571	1985	158	1408
126.571	1986	156	208
126.574	1987	158	1408
126.577	1989	154	208
126.579	1990	156	1408
126.584	1993	153	1408
126.584	1994	151	208
126.587	1995	153	1408
126.589	1996	151	1408
126.595	1997	154	211
126.595	1999	151	208
126.597	2000	153	1408
126.6	2002	149	208
126.605	2004	150	1408
126.606	2005	147	208
126.613	2007	150	1411
126.615	2008	150	1408
126.618	2009	149	208
126.62	2010	151	1408
126.623	2011	150	1411
126.628	2012	151	1408
126.63	2013	151	208
126.635	2015	151	1408
126.636	2016	149	211
126.636	2017	149	211
126.646	2020	151	1411
126.646	2021	149	208
126.649	2023	148	1411
126.651	2024	147	1408
126.654	2025	146	1411
126.655	2026	143	208
126.657	2027	145	1408
126.661	2028	146	1408
126.662	2029	143	211
126.664	2031	145	1408
126.667	2032	144	1408
126.67	2034	143	208
126.672	2036	142	1408
126.68	2038	143	208
126.682	2039	145	1408
126.683	2040	142	211
126.685	2041	143	1411
126.694	2043	147	1408
126.695	2044	143	208
126.697	2045	146	1408
126.702	2046	148	1411
126.705	2047	146	211
126.707	2048	149	1411
126.71	2049	148	1411
126.713	2050	147	1408
126.713	2051	144	208
126.715	2052	146	1408
126.718	2054	143	208
126.728	2057	145	1411
126.73	2058	144	1411
126.736	2059	146	211
126.741	2062	147	1408
126.741	2063	143	208
126.743	2064	146	1408
126.75	2065	149	1408
126.753	2066	149	208
126.755	2067	151	1408
126.758	2068	150	1408
126.76	2069	149	1411
126.761	2070	146	208
126.763	2071	148	1408
126.77	2072	152	1408
126.771	2073	149	208
126.775	2074	153	1408
126.778	2075	153	1408
126.788	2079	152	211
126.791	2081	151	1408
126.793	2082	150	208
126.796	2084	148	1411
126.8	2085	150	1408
126.805	2086	152	1411
126.808	2087	150	1411
126.808	2088	148	208
126.811	2089	150	1408
126.818	2090	154	1411
126.82	2091	153	1408
126.821	2092	150	208
126.825	2093	154	1408
126.83	2094	155	1408
126.833	2095	155	208
126.835	2096	156	1408
126.84	2097	158	1408
126.845	2099	156	208
126.847	2100	158	1408
126.851	2101	159	1408
126.854	2102	159	208
126.859	2104	159	1411
126.861	2105	159	1411
126.868	2106	163	1411
126.873	2107	163	1408
126.873	2108	161	208
126.876	2109	162	1408
126.881	2112	160	211
126.883	2115	159	1411
126.888	2116	161	1408
126.893	2117	164	208
126.895	2119	164	1411
126.9	2120	166	1408
126.905	2123	164	1408
126.912	2126	166	1411
126.915	2127	166	1408
126.918	2130	163	1408
126.927	2133	167	1408
126.927	2134	165	208
126.93	2135	166	1408
126.932	2136	167	1408
126.932	2137	164	208
126.935	2138	166	1408
126.937	2139	165	1411
126.939	2140	165	1408
126.94	2141	163	208
126.942	2142	164	1408
126.947	2144	164	1411
126.952	2145	166	1408
126.956	2148	166	1408
126.957	2149	163	211
126.962	2153	162	1408
126.962	2154	160	208
126.965	2156	159	1408
126.967	2157	160	208
126.97	2159	159	1408
126.977	2162	160	1408
126.977	2163	158	208
126.982	2165	159	1408
126.982	2166	158	208
126.987	2168	158	1408
126.987	2169	157	208
126.99	2170	158	1408
126.993	2172	156	208
126.995	2174	155	1411
126.998	2175	155	211
127	2176	157	1411
127.002	2177	157	1411
127.005	2178	157	1411
127.007	2179	157	1408
127.014	2184	155	1408
127.017	2185	155	1408
127.019	2186	155	208
127.022	2187	157	1408
127.026	2188	159	1408
127.029	2189	159	208
127.031	2191	158	1408
127.032	2192	156	208
127.036	2194	158	1408
127.037	2195	155	208
127.039	2196	157	1408
127.044	2197	157	1408
127.046	2198	155	208
127.049	2199	157	1408
127.059	2202	154	208
127.066	2204	156	1411
127.071	2205	156	1408
127.074	2206	155	208
127.076	2207	157	1408
127.079	2208	155	1408
127.082	2209	153	208
127.084	2210	155	1408
127.089	2211	156	211
127.092	2213	154	211
127.099	2215	156	1408
127.104	2216	156	1411
127.105	2217	152	208
127.11	2219	152	211
127.112	2220	153	1411
127.117	2221	155	211
127.123	2224	150	211
127.125	2225	152	1411
127.128	2226	150	211
127.13	2228	148	208
127.133	2229	150	1408
127.14	2230	152	1408
127.14	2231	149	208
127.143	2232	150	1408
127.145	2233	149	1408
127.15	2234	148	1411
127.153	2235	147	208
127.153	2236	146	211
127.158	2238	146	1408
127.163	2239	147	1411
127.168	2240	147	211
127.17	2242	145	1411
127.179	2243	150	1411
127.18	2244	145	211
127.182	2245	148	1411
127.187	2246	148	1411
127.195	2247	151	1411
127.197	2248	150	1411
127.204	2249	154	1411
127.209	2250	155	1408
127.209	2251	152	208
127.211	2252	154	1408
127.214	2253	154	1408
127.222	2256	155	211
127.224	2257	156	1411
127.229	2259	154	211
127.232	2260	156	1408
127.234	2261	156	208
127.237	2262	157	1408
127.241	2263	159	1411
127.247	2266	155	208
127.249	2267	156	1408
127.259	2270	158	1408
127.261	2271	158	1408
127.262	2272	156	208
127.27	2275	155	1411
127.272	2276	155	1411
127.279	2277	158	1408
127.282	2278	158	208
127.284	2280	156	1408
127.287	2281	155	208
127.29	2284	151	208
127.292	2285	153	1408
127.299	2286	157	1408
127.302	2287	156	1411
127.302	2288	154	208
127.305	2290	152	1408
127.307	2291	152	1408
127.312	2292	152	1411
127.313	2293	150	208
127.315	2294	152	1408
127.317	2295	151	1408
127.318	2296	148	208
127.32	2297	149	1408
127.327	2298	153	1411
127.329	2299	153	1411
127.334	2300	155	1408
127.338	2302	151	208
127.34	2303	152	1408
127.343	2305	149	208
127.345	2306	150	1408
127.349	2307	152	1408
127.353	2308	152	208
127.355	2310	150	1408
127.358	2311	150	208
127.36	2313	149	1408
127.365	2314	150	1408
127.37	2315	152	208
127.373	2316	154	1408
127.375	2317	152	1411
127.377	2318	152	1408
127.382	2320	153	1408
127.384	2321	152	1408
127.387	2322	152	208
127.392	2324	153	1408
127.393	2325	149	208
127.395	2326	152	1408
127.4	2327	154	1408
127.4	2328	150	208
127.403	2329	152	1408
127.405	2330	152	1408
127.408	2331	151	208
127.413	2333	151	1408
127.415	2334	151	208
127.418	2335	153	1408
127.421	2336	152	1408
127.423	2339	148	211
127.426	2340	150	1411
127.43	2341	151	1411
127.435	2342	153	1408
127.435	2343	150	208
127.44	2344	153	1408
127.443	2346	151	208
127.446	2347	152	1408
127.448	2348	152	1408
127.457	2350	154	1411
127.458	2351	152	208
127.463	2353	153	1411
127.466	2354	153	211
127.466	2356	149	208
127.469	2357	150	1408
127.473	2358	152	1411
127.476	2359	151	1411
127.479	2360	150	1408
127.484	2363	148	1411
127.486	2364	148	1408
127.493	2365	152	1411
127.498	2366	152	1411
127.498	2367	150	208
127.501	2368	152	1408
127.506	2369	153	1408
127.51	2370	155	1411
127.511	2371	152	208
127.516	2373	153	1408
127.516	2374	150	208
127.519	2375	152	1408
127.521	2376	151	1408
127.521	2377	148	208
127.524	2378	150	1408
127.531	2379	154	1408
127.538	2382	153	1408
127.538	2383	151	208
127.541	2384	153	1408
127.545	2385	154	1411
127.55	2386	155	1411
127.553	2387	153	1408
127.556	2388	152	208
127.563	2390	154	1411
127.565	2391	153	1411
127.572	2392	154	1408
127.572	2393	151	208
127.575	2394	153	1408
127.582	2395	155	1408
127.585	2396	155	208
127.587	2397	156	1408
127.588	2398	153	211
127.59	2399	154	1408
127.598	2400	157	208
127.6	2402	154	1411
127.605	2403	155	1408
127.61	2404	156	208
127.612	2405	158	1408
127.617	2406	158	1408
127.617	2407	155	208
127.62	2408	156	1411
127.625	2409	157	1408
127.627	2410	155	1408
127.632	2411	156	211
127.635	2412	158	1411
127.637	2413	157	208
127.639	2414	158	1408
127.642	2415	156	1408
127.647	2416	157	208
127.652	2418	158	1411
127.657	2419	157	1408
127.659	2420	156	208
127.662	2421	157	1408
127.669	2423	157	1408
127.672	2424	156	1411
127.677	2426	152	208
127.68	2427	154	1408
127.685	2428	154	1408
127.685	2429	151	211
127.687	2430	152	1411
127.692	2431	153	208
127.695	2432	155	1408
127.699	2433	156	1408
127.7	2434	151	208
127.702	2435	154	1408
127.709	2436	157	1408
127.71	2437	152	208
127.712	2438	155	1408
127.717	2439	156	1408
127.718	2440	152	208
127.722	2442	152	1408
127.725	2443	150	1408
127.73	2444	151	208
127.732	2445	152	1408
127.737	2446	153	1408
127.739	2447	152	208
127.74	2448	151	211
127.742	2449	153	1411
127.745	2450	152	1408
127.747	2451	150	1408
127.755	2452	153	208
127.757	2453	154	1408
127.759	2454	153	1408
127.76	2455	150	208
127.765	2456	153	1408
127.77	2457	154	1411
127.772	2458	152	1408
127.777	2459	153	208
127.781	2460	157	1408
127.784	2461	155	1408
127.785	2462	152	208
127.79	2463	156	1408
127.794	2464	157	1408
127.795	2465	153	208
127.797	2466	155	1408
127.804	2467	157	1408
127.808	2468	158	1411
127.818	2471	158	1408
127.818	2472	155	208
127.821	2473	157	1408
127.827	2474	159	1408
127.828	2475	156	208
127.831	2476	158	1408
127.836	2478	154	208
127.838	2479	157	1408
127.845	2480	160	1408
127.846	2481	156	208
127.848	2482	157	1408
127.852	2483	158	1408
127.855	2484	157	208
127.86	2485	161	1408
127.862	2486	159	1411
127.867	2487	160	1408
127.868	2488	157	208
127.87	2489	158	1408
127.875	2490	159	1408
127.88	2491	160	1411
127.883	2492	158	208
127.885	2493	160	1408
127.89	2494	160	1411
127.897	2495	163	1408
127.899	2496	161	208
127.902	2497	163	1408
127.904	2498	162	1408
127.91	2499	163	208
127.912	2501	160	1408
127.915	2502	159	208
127.917	2503	160	1408
127.919	2504	159	1408
127.92	2505	155	208
127.93	2508	156	1411
127.932	2509	155	208
127.935	2510	156	1408
127.939	2511	157	1408
127.942	2512	156	208
127.944	2513	157	1408
127.949	2514	158	1408
127.954	2516	158	1408
127.957	2517	157	1408
127.958	2518	153	208
127.96	2519	154	1408
127.967	2520	157	1408
127.969	2521	156	208
127.972	2522	158	1408
127.974	2523	156	1408
127.982	2524	159	208
127.984	2526	156	1408
127.991	2529	156	1408
127.994	2530	154	208
127.997	2531	156	1408
127.999	2533	151	208
128.002	2534	152	1408
128.009	2535	155	1408
128.012	2536	154	208
128.014	2537	155	1408
128.021	2538	158	1408
128.021	2539	155	208
128.024	2540	156	1408
128.027	2541	155	211
128.029	2542	157	1411
128.032	2543	155	1408
128.032	2544	152	208
128.035	2545	153	1408
128.044	2546	158	1408
128.046	2547	157	1411
128.047	2548	153	208
128.052	2551	150	208
128.055	2552	151	1408
128.062	2553	154	1408
128.065	2554	153	208
128.067	2555	155	1408
128.071	2556	155	1408
128.079	2559	154	1408
128.082	2560	152	208
128.084	2561	155	1408
128.086	2562	153	1408
128.089	2563	151	208
128.091	2564	153	1408
128.099	2565	156	1408
128.102	2567	154	1408
128.104	2568	153	1408
128.107	2569	152	208
128.114	2571	154	1408
128.119	2572	154	1411
128.122	2573	153	208
128.124	2575	150	1408
128.127	2576	149	208
128.129	2577	150	1408
128.136	2578	153	1411
128.141	2579	154	1411
128.146	2580	155	1408
128.149	2581	154	208
128.154	2583	154	1408
128.156	2584	153	208
128.161	2585	156	1408
128.164	2586	155	211
128.166	2587	157	1408
128.173	2590	157	1408
128.176	2591	157	208
128.178	2593	155	1408
128.179	2594	153	208
128.182	2595	154	1408
128.186	2596	156	1408
128.187	2597	153	208
128.189	2598	154	1411
128.191	2599	154	1408
128.197	2601	152	211
128.199	2602	155	1411
128.2	2603	151	208
128.202	2604	153	1408
128.207	2606	152	1408
128.208	2607	149	208
128.21	2608	151	1408
128.215	2609	152	1408
128.215	2610	150	208
128.22	2611	153	1408
128.222	2612	153	1408
128.223	2613	150	208
128.227	2615	151	1408
128.228	2616	148	208
128.231	2618	147	1408
128.231	2619	145	208
128.234	2620	146	1408
128.236	2621	145	1408
128.239	2622	144	208
128.241	2623	146	1408
128.246	2624	148	1408
128.246	2625	144	208
128.248	2626	147	1408
128.251	2627	145	1411
128.256	2629	144	1408
128.256	2630	142	208
128.259	2631	143	1408
128.266	2632	147	1408
128.269	2633	146	208
128.271	2635	145	1408
128.274	2636	145	211
128.277	2637	147	1411
128.277	2638	144	208
128.279	2639	146	1408
128.282	2640	145	1408
128.282	2641	142	208
128.284	2642	144	1408
128.287	2644	140	208
128.29	2645	142	1408
128.297	2646	145	1408
128.299	2647	145	211
128.3	2648	145	208
128.302	2649	146	1408
128.304	2650	146	1408
128.307	2651	146	208
128.31	2653	145	1411
128.317	2654	146	1408
128.322	2655	145	1411
128.327	2656	144	208
128.329	2657	146	1408
128.337	2658	148	1408
128.34	2659	145	208
128.345	2660	149	1408
128.35	2661	149	1408
128.355	2662	148	1411
128.359	2663	148	208
128.362	2664	149	1408
128.369	2665	151	1408
128.37	2666	146	208
128.37	2667	146	211
128.375	2668	149	1411
128.382	2669	152	1411
128.387	2670	151	1408
128.392	2671	151	1408
128.399	2672	152	1411
128.406	2673	154	208
128.409	2674	155	1408
128.413	2675	154	1411
128.418	2676	154	1408
128.424	2677	153	208
128.426	2678	154	1408
128.43	2679	154	1408
128.44	2680	158	1411
128.445	2681	157	1411
128.448	2682	154	208
128.45	2683	157	1408
128.457	2684	157	1408
128.463	2685	157	208
128.465	2686	160	1408
128.47	2687	158	1411
128.477	2688	160	1408
128.482	2689	159	1411
128.487	2690	159	208
128.489	2691	161	1408
128.494	2692	161	1408
128.497	2693	160	208
128.499	2694	161	1408
128.506	2695	164	1411
128.508	2696	163	1408
128.513	2697	164	208
128.515	2698	165	1408
128.52	2699	166	1408
128.521	2700	162	208
128.523	2701	163	1408
128.53	2703	163	1408
128.531	2704	160	208
128.536	2706	159	1408
128.538	2707	158	208
128.543	2708	161	1408
128.548	2709	162	1408
128.548	2710	159	208
128.551	2711	160	1408
128.555	2712	161	1408
128.558	2713	159	208
128.56	2714	161	1408
128.565	2715	161	1408
128.567	2716	160	208
128.57	2717	161	1408
128.575	2718	162	1408
128.576	2719	159	208
128.58	2720	163	1408
128.583	2722	158	208
128.59	2725	156	208
128.593	2726	158	1408
128.595	2727	157	1408
128.602	2728	159	208
128.605	2730	157	1408
128.613	2733	156	1408
128.615	2734	155	208
128.618	2736	152	1408
128.618	2737	149	208
128.623	2738	153	1408
128.628	2740	150	208
128.633	2741	154	1408
128.635	2742	152	1408
128.641	2743	153	208
128.643	2744	155	1408
128.646	2746	150	208
128.649	2747	151	1408
128.653	2748	152	1408
128.654	2749	148	208
128.658	2750	152	1408
128.664	2752	149	208
128.666	2753	152	1408
128.669	2754	149	1408
128.674	2755	150	208
128.676	2757	148	1408
128.681	2758	149	208
128.684	2759	151	1408
128.686	2760	149	1408
128.689	2761	148	208
128.691	2762	149	1408
128.698	2763	153	1408
128.699	2764	149	208
128.701	2765	150	1408
128.706	2766	151	1408
128.709	2767	150	208
128.711	2768	151	1408
128.713	2769	150	1408
128.719	2770	151	208
128.721	2771	152	1408
128.725	2772	153	1408
128.726	2773	150	208
128.731	2774	153	1408
128.733	2775	152	1411
128.735	2776	150	1408
128.743	2777	153	1411
128.745	2778	152	208
128.748	2779	153	1408
128.755	2780	157	1408
128.756	2781	153	208
128.758	2782	155	1408
128.765	2784	154	208
128.768	2785	155	1408
128.773	2786	156	1408
128.778	2788	156	1408
128.781	2789	155	1408
128.783	2790	154	208
128.786	2791	155	1408
128.788	2792	153	1411
128.795	2793	156	1408
128.8	2794	157	1411
128.805	2795	158	1411
128.805	2796	155	208
128.808	2797	156	1408
128.815	2799	155	1408
128.818	2800	155	211
128.821	2802	152	1411
128.823	2803	151	208
128.826	2804	152	1408
128.831	2805	153	1408
128.837	2806	156	1411
128.838	2807	152	208
128.84	2808	154	1408
128.847	2809	157	1408
128.85	2810	155	208
128.852	2811	157	1408
128.859	2813	156	1408
128.86	2814	153	208
128.863	2815	154	1408
128.867	2816	155	1408
128.87	2817	153	1411
128.875	2818	155	208
128.88	2820	154	1408
128.884	2821	155	1411
128.89	2822	156	208
128.892	2823	157	1408
128.897	2824	158	1408
128.9	2826	156	1408
128.904	2827	157	1408
128.905	2828	153	208
128.907	2829	155	1408
128.91	2830	153	1408
128.911	2831	151	208
128.916	2833	150	1408
128.916	2834	147	208
128.918	2835	148	1408
128.925	2836	151	1408
128.928	2837	149	208
128.93	2838	152	1408
128.933	2839	149	1408
128.936	2840	148	208
128.938	2841	150	1408
128.943	2842	151	1408
128.948	2843	151	208
128.95	2845	150	1408
128.956	2846	150	208
128.958	2848	149	1408
128.959	2849	145	208
128.961	2850	146	1408
128.968	2851	150	1411
128.973	2852	150	1408
128.976	2853	149	208
128.978	2854	151	1408
128.981	2855	149	211
128.983	2856	151	1408
128.984	2857	147	208
128.989	2859	147	1408
128.991	2860	146	208
128.994	2861	147	1408
128.998	2862	148	1408
129.001	2863	146	208
129.003	2864	149	1408
129.008	2865	148	1408
129.011	2866	147	208
129.013	2867	150	1408
129.02	2868	153	1411
129.025	2869	153	1411
129.028	2870	151	1408
129.03	2871	150	208
129.033	2872	152	1408
129.04	2873	154	1408
129.043	2874	153	208
129.045	2875	155	1408
129.048	2876	153	1408
129.051	2877	152	208
129.053	2878	154	1408
129.055	2879	153	1408
129.058	2880	150	208
129.06	2881	153	1408
129.065	2882	153	1411
129.073	2883	156	1408
129.076	2884	155	208
129.078	2886	153	1408
129.083	2887	153	208
129.085	2888	156	1408
129.088	2889	154	1411
129.094	2890	157	1408
129.097	2891	155	208
129.099	2892	157	1408
129.102	2893	155	1408
129.107	2894	156	211
129.108	2895	156	208
129.11	2897	154	1408
129.115	2898	155	208
129.12	2899	158	1408
129.122	2900	157	1408
129.127	2901	157	1411
129.132	2902	158	208
129.134	2904	155	1408
129.142	2905	159	208
129.144	2907	156	1408
129.149	2908	157	208
129.151	2910	155	1408
129.152	2911	151	208
129.154	2912	153	1408
129.164	2913	159	1411
129.167	2914	157	1411
129.173	2915	160	1408
129.174	2916	156	208
129.176	2917	158	1408
129.179	2918	157	1408
129.184	2919	158	208
129.186	2920	159	1408
129.189	2921	157	1408
129.198	2924	158	1411
129.201	2925	157	1408
129.202	2926	153	208
129.204	2927	156	1408
129.206	2928	153	1408
129.21	2929	152	208
129.212	2930	155	1408
129.219	2931	157	1408
129.22	2932	153	208
129.222	2933	156	1408
129.227	2934	156	1408
129.227	2935	152	208
129.229	2936	154	1408
129.233	2938	149	208
129.235	2939	150	1408
129.24	2940	151	1408
129.242	2941	150	208
129.245	2942	151	1408
129.247	2943	150	1408
129.251	2944	149	208
129.255	2946	149	1408
129.258	2947	148	208
129.26	2948	149	1408
129.267	2949	152	1408
129.27	2950	151	208
129.275	2952	151	1408
129.277	2953	149	1411
129.28	2954	148	208
129.283	2955	149	1408
129.287	2956	150	1408
129.288	2957	147	208
129.297	2959	151	1408
129.298	2960	147	208
129.3	2961	149	1408
129.305	2962	149	1408
129.31	2963	150	208
129.312	2964	153	1408
129.317	2965	152	1411
129.322	2967	150	208
129.325	2968	152	1408
129.332	2969	154	1408
129.335	2970	153	208
129.34	2972	153	1411
129.345	2973	154	1408
129.347	2974	153	1411
129.35	2975	151	208
129.357	2977	154	1411
129.362	2978	155	1408
129.365	2979	154	208
129.368	2980	155	1408
129.372	2981	156	1408
129.375	2982	154	208
129.379	2983	158	1408
129.384	2984	159	1408
129.39	2988	152	208
129.392	2989	154	1408
129.399	2990	157	1408
129.402	2991	155	208
129.404	2992	157	1408
129.409	2994	157	1411
129.417	2996	156	208
129.419	2997	157	1408
129.424	2998	158	1408
129.424	2999	154	208
129.429	3000	158	1408
129.431	3001	156	1408
129.436	3002	157	208
129.438	3003	159	1408
129.441	3004	157	1411
129.446	3005	159	1408
129.451	3006	160	208
129.453	3008	158	1408
129.456	3009	158	208
129.461	3011	158	1408
129.463	3012	158	1411
129.468	3013	159	208
129.473	3015	160	1408
129.473	3016	157	208
129.476	3017	159	1408
129.481	3018	160	1408
129.481	3019	158	208
129.483	3021	156	1411
129.488	3022	157	1408
129.495	3024	160	1408
129.497	3025	160	1408
129.503	3026	161	208
129.505	3027	163	1408
129.508	3029	159	1411
129.51	3030	159	208
129.513	3031	160	1408
129.518	3033	159	208
129.521	3035	158	1408
129.523	3037	157	1408
129.528	3038	158	1408
129.53	3039	158	1411
129.533	3040	157	208
129.536	3042	155	1408
129.538	3043	155	208
129.541	3045	153	1408
129.543	3046	153	1411
129.544	3047	150	208
129.546	3048	151	1408
129.551	3049	153	1408
129.554	3050	153	208
129.556	3051	155	1408
129.559	3052	154	1408
129.561	3053	153	1411
129.568	3056	153	1408
129.571	3057	153	208
129.574	3058	155	1408
129.576	3060	151	208
129.579	3061	152	1408
129.583	3062	154	1408
129.584	3063	152	208
129.587	3064	153	1408
129.589	3065	152	1408
129.589	3066	150	208
129.592	3068	148	211
129.594	3070	147	1411
129.599	3071	148	1408
129.605	3074	144	211
129.609	3075	148	1408
129.615	3076	148	208
129.617	3077	149	1411
129.622	3078	149	1408
129.627	3079	148	1408
129.632	3080	148	208
129.635	3081	150	1408
129.639	3082	149	1408
129.644	3083	148	208
129.647	3084	150	1408
129.654	3085	152	1408
129.659	3086	152	1411
129.664	3087	150	1411
129.669	3088	151	208
129.674	3089	154	1408
129.676	3090	150	1411
129.686	3091	155	1408
129.691	3092	154	1411
129.696	3093	154	208
129.698	3094	156	1408
129.701	3095	153	211
129.704	3096	154	1408
129.709	3097	154	208
129.711	3098	156	1408
129.714	3099	153	1411
129.721	3100	154	1408
129.728	3101	156	1411
129.733	3102	156	1411
129.738	3103	155	211
129.738	3104	155	208
129.741	3105	156	1408
129.746	3106	155	1411
129.753	3107	157	1411
129.758	3108	156	1408
129.763	3109	157	208
129.766	3110	158	1408
129.77	3111	157	1408
129.773	3112	156	208
129.775	3113	158	1408
129.776	3114	153	211
129.778	3115	156	1411
129.783	3116	156	1411
129.79	3117	158	1408
129.79	3118	155	208
129.793	3119	157	1408
129.798	3120	158	1408
129.802	3121	158	1411
129.805	3122	156	1411
129.81	3123	157	208
129.812	3124	160	1408
129.815	3125	157	211
129.817	3126	160	1411
129.822	3127	160	1408
129.824	3128	158	208
129.827	3129	160	1408
129.83	3130	159	1408
129.83	3131	155	208
129.833	3132	157	1408
129.837	3133	158	1408
129.84	3134	156	208
129.843	3136	154	1408
129.843	3137	150	208
129.846	3138	152	1408
129.852	3139	155	1408
129.856	3140	153	208
129.861	3142	154	1408
129.861	3143	149	208
129.863	3144	152	1408
129.87	3145	155	1408
129.873	3146	153	208
129.876	3148	151	1408
129.879	3149	149	208
129.881	3150	152	1408
129.884	3151	150	1408
129.887	3152	149	208
129.891	3154	149	1408
129.894	3155	147	208
129.896	3156	149	1408
129.901	3157	150	1408
129.902	3158	146	208
129.904	3159	148	1408
129.909	3160	148	1408
129.909	3161	145	208
129.914	3162	148	1408
129.916	3163	147	1408
129.921	3165	147	1408
129.924	3166	145	1408
129.925	3167	142	208
129.931	3168	148	1408
129.936	3169	149	1408
129.939	3170	147	208
129.941	3171	149	1408
129.946	3172	150	1408
129.956	3175	150	1408
129.959	3176	149	208
129.961	3177	150	1408
129.966	3178	151	1408
129.969	3179	151	208
129.971	3180	152	1408
129.974	3181	150	1408
129.981	3182	153	208
129.983	3184	151	1408
129.986	3185	149	208
129.989	3186	151	1408
129.996	3187	154	1408
129.999	3188	153	208
130.001	3189	155	1408
130.006	3190	155	1408
130.006	3191	152	208
130.013	3192	158	1408
130.016	3193	156	1408
130.021	3195	156	1408
130.025	3196	157	1408
130.028	3197	156	208
130.03	3198	157	1408
130.035	3199	158	1408
130.036	3200	155	208
130.038	3201	156	1408
130.043	3202	157	1408
130.043	3203	153	208
130.046	3204	154	1408
130.05	3205	155	1411
130.058	3206	158	1408
130.058	3207	155	208
130.06	3208	156	1408
130.067	3209	159	1408
130.072	3210	159	1411
130.075	3211	157	208
130.077	3212	159	1408
130.081	3213	160	1408
130.086	3214	161	208
130.089	3215	162	1411
130.096	3217	161	1408
130.101	3218	162	208
130.103	3219	164	1408
130.106	3220	162	1411
130.108	3221	160	1408
130.116	3222	163	208
130.118	3223	165	1408
130.12	3224	163	1408
130.124	3225	162	208
130.128	3227	162	1408
130.131	3228	160	208
130.133	3229	163	1408
130.136	3230	161	211
130.137	3232	158	208
130.139	3233	159	1408
130.144	3235	156	208
130.147	3236	157	1408
130.156	3237	162	1408
130.156	3238	159	208
130.159	3239	160	1408
130.166	3240	160	211
130.171	3242	160	1408
130.174	3243	159	208
130.176	3244	160	1408
130.177	3246	153	208
130.18	3247	155	1408
130.182	3248	153	1408
130.182	3249	150	208
130.185	3250	151	1411
130.192	3251	154	1408
130.194	3252	152	1408
130.199	3253	152	208
130.201	3255	151	1408
130.205	3256	149	208
130.207	3257	151	1408
130.211	3258	152	1408
130.214	3259	150	208
130.219	3261	151	1408
130.222	3262	149	211
130.223	3263	149	208
130.225	3264	150	1408
130.228	3266	145	208
130.23	3267	147	1408
130.235	3268	147	1408
130.24	3269	148	208
130.242	3270	150	1408
130.244	3271	148	1408
130.248	3272	148	208
130.251	3273	149	1408
130.253	3274	147	1408
130.253	3275	144	208
130.256	3276	145	1408
130.262	3277	148	1408
130.265	3278	147	208
130.267	3279	148	1408
130.272	3280	149	1408
130.272	3281	145	208
130.275	3282	146	1408
130.281	3283	148	1408
130.286	3284	149	208
130.288	3285	151	1408
130.293	3286	151	1408
130.295	3287	150	1411
130.298	3288	148	208
130.3	3289	150	1408
130.305	3290	151	1408
130.306	3291	147	208
130.308	3292	149	1408
130.313	3293	149	1408
130.315	3294	148	208
130.318	3295	149	1408
130.32	3296	147	1408
130.326	3297	149	208
130.328	3298	151	1408
130.333	3299	152	1411
130.338	3300	152	1408
130.342	3301	153	1411
130.347	3302	152	1411
130.352	3303	154	208
130.355	3304	156	1408
130.357	3305	153	1408
130.362	3306	155	208
130.365	3307	157	1408
130.369	3308	157	1408
130.37	3309	153	208
130.372	3310	156	1408
130.377	3311	156	1408
130.379	3312	154	1411
130.384	3313	154	1411
130.387	3314	153	208
130.389	3315	155	1408
130.396	3316	158	1408
130.399	3317	157	208
130.401	3318	158	1408
130.406	3319	159	1408
130.411	3320	159	1411
130.414	3321	158	208
130.416	3322	159	1408
130.423	3323	162	1408
130.428	3325	162	1408
130.435	3327	162	1408
130.436	3328	158	208
130.438	3329	160	1411
130.445	3330	163	1408
130.45	3331	164	1408
130.457	3334	162	1408
130.458	3335	158	208
130.46	3336	160	1408
130.463	3337	158	1408
130.465	3338	156	208
130.468	3339	158	1408
130.475	3340	161	1408
130.477	3341	160	208
130.48	3342	161	1408
130.488	3344	161	208
130.49	3346	159	1408
130.491	3347	155	208
130.493	3348	157	1408
130.498	3349	158	1408
130.501	3350	157	208
130.506	3352	156	1408
130.506	3353	153	208
130.509	3354	154	1408
130.511	3355	153	1408
130.514	3356	151	208
130.519	3357	155	1408
130.521	3358	154	1408
130.522	3359	150	208
130.529	3361	152	1408
130.531	3362	151	208
130.534	3363	152	1408
130.538	3364	153	1408
130.539	3365	149	208
130.543	3366	153	1408
130.546	3367	151	1408
130.549	3368	151	208
130.554	3370	150	1408
130.557	3371	149	208
130.559	3372	150	1408
130.561	3373	149	1408
130.571	3376	150	1408
130.572	3377	147	208
130.577	3379	147	1408
130.58	3380	145	208
130.582	3381	146	1408
130.585	3382	145	1408
130.588	3383	144	208
130.59	3384	146	1408
130.597	3385	149	1408
130.6	3386	148	208
130.602	3387	149	1408
130.607	3388	150	1408
130.61	3389	148	208
130.613	3391	147	1408
130.618	3392	148	208
130.62	3393	149	1408
130.625	3394	149	1408
130.635	3398	149	1411
130.64	3399	150	1408
130.64	3400	147	208
130.643	3401	148	1408
130.649	3402	151	1408
130.653	3403	150	208
130.655	3404	151	1408
130.659	3405	152	1408
130.664	3406	153	211
130.668	3408	151	208
130.67	3409	152	1408
130.673	3410	151	1408
130.677	3411	152	208
130.68	3412	153	1408
130.684	3413	154	1408
130.689	3414	154	208
130.692	3415	156	1408
130.696	3416	156	1411
130.701	3417	157	1411
130.706	3418	158	1408
130.707	3419	153	208
130.709	3420	154	1408
130.718	3421	160	1411
130.72	3422	158	1408
130.726	3423	158	208
130.728	3424	161	1408
130.733	3425	160	1408
130.733	3426	158	208
130.738	3427	161	1408
130.743	3429	159	1408
130.745	3430	159	208
130.75	3431	163	1408
130.753	3432	162	1408
130.755	3433	161	208
130.761	3436	159	208
130.763	3438	158	1411
130.77	3439	160	1408
130.771	3440	158	208
130.773	3442	157	1408
130.776	3443	156	208
130.779	3444	158	1408
130.781	3445	157	211
130.784	3447	155	1411
130.791	3449	156	208
130.793	3450	158	1408
130.796	3451	157	1408
130.799	3452	156	208
130.801	3454	155	1408
130.801	3455	151	208
130.804	3456	153	1408
130.811	3457	157	1408
130.811	3458	154	208
130.814	3459	155	1408
130.821	3461	155	1411
130.821	3462	152	208
130.823	3463	154	1408
130.829	3465	152	208
130.831	3466	154	1408
130.833	3467	153	1408
130.836	3468	152	208
130.839	3470	151	211
130.839	3471	151	211
130.842	3474	147	208
130.847	3476	148	1408
130.85	3477	146	208
130.852	3478	149	1408
130.857	3479	149	1408
130.857	3480	147	208
130.86	3481	148	1408
130.867	3483	148	1411
130.867	3484	146	208
130.87	3485	147	1408
130.877	3486	151	1408
130.88	3487	150	208
130.882	3488	151	1408
130.89	3490	149	208
130.892	3491	150	1408
130.9	3492	151	1408
130.9	3493	146	208
130.905	3494	149	1408
130.912	3495	151	1408
130.913	3496	147	208
130.918	3498	145	1408
130.921	3499	142	208
130.926	3500	146	1408
130.931	3501	144	1408
130.938	3502	145	1411
130.941	3503	144	208
130.943	3504	145	1408
130.953	3505	148	1408
130.958	3506	147	208
130.96	3507	149	1411
130.966	3508	148	1411
130.972	3509	150	1411
130.982	3510	154	1411
130.987	3511	153	1411
130.994	3512	153	1408
130.999	3513	152	1411
131.009	3514	156	1411
131.011	3515	153	1408
131.018	3516	155	208
131.02	3517	156	1408
131.03	3518	160	1411
131.033	3519	156	1408
131.042	3520	160	1411
131.045	3521	158	208
131.048	3522	159	1408
131.055	3523	162	1411
131.06	3524	162	1411
131.064	3525	163	1411
131.072	3526	165	1411
131.077	3527	166	1408
131.08	3528	165	208
131.082	3529	166	1408
131.089	3531	164	1408
131.094	3532	166	208
131.096	3534	163	1408
131.099	3535	161	208
131.101	3536	163	1408
131.111	3538	164	1408
131.114	3539	163	208
131.116	3541	160	1408
131.12	3542	158	208
131.122	3544	156	1408
131.127	3545	156	1411
131.129	3546	155	208
131.132	3547	156	1408
131.139	3548	158	1408
131.142	3549	157	208
131.144	3550	159	1408
131.146	3551	157	1408
131.149	3552	156	208
131.154	3554	155	1408
131.157	3555	154	208
131.16	3556	156	1408
131.162	3557	154	1408
131.165	3558	153	208
131.167	3560	150	1408
131.17	3561	149	208
131.175	3562	153	1408
131.177	3563	151	1408
131.18	3564	149	208
131.182	3565	151	1408
131.187	3566	151	1408
131.188	3567	148	208
131.195	3569	150	1408
131.2	3570	149	208
131.202	3571	152	1408
131.208	3573	149	208
131.215	3575	150	1408
131.218	3576	149	208
131.22	3577	150	1408
131.222	3578	149	1408
131.228	3579	149	208
131.23	3581	147	1408
131.235	3582	148	208
131.238	3583	149	1408
131.243	3584	150	1408
131.244	3585	146	208
131.246	3587	143	1408
131.253	3588	147	208
131.256	3589	148	1408
131.258	3590	146	1408
131.261	3591	146	208
131.266	3592	149	1408
131.271	3593	150	1408
131.274	3594	148	208
131.276	3595	150	1408
131.281	3596	150	1408
131.286	3597	151	208
131.288	3598	153	1408
131.293	3599	153	1411
131.295	3600	151	1408
131.301	3602	148	208
131.303	3603	150	1408
131.308	3604	151	1408
131.315	3605	153	1411
131.32	3607	153	1411
131.325	3608	154	1408
131.33	3609	154	1411
131.335	3610	154	1408
131.34	3611	155	208
131.342	3612	156	1408
131.345	3613	155	1408
131.35	3614	155	208
131.352	3615	157	1408
131.356	3616	157	1408
131.362	3617	158	208
131.364	3618	160	1411
131.366	3619	158	1408
131.376	3620	164	1408
131.376	3621	159	208
131.379	3622	161	1408
131.388	3624	162	1408
131.389	3625	159	208
131.391	3626	160	1408
131.396	3627	159	1408
131.397	3628	156	208
131.402	3630	156	1411
131.404	3631	155	1408
131.409	3632	155	208
131.412	3633	157	1408
131.419	3634	159	1411
131.424	3635	160	1408
131.429	3637	157	208
131.434	3639	156	1408
131.436	3640	155	1411
131.447	3643	155	1408
131.449	3644	154	208
131.452	3645	155	1411
131.459	3646	158	1408
131.461	3647	156	1408
131.464	3648	154	208
131.466	3649	156	1408
131.473	3650	159	1408
131.473	3651	155	208
131.476	3652	156	1408
131.48	3653	157	1408
131.485	3654	157	208
131.493	3656	159	1408
131.493	3657	156	208
131.499	3660	152	208
131.501	3661	154	1408
131.508	3662	157	1411
131.513	3663	156	1408
131.516	3664	156	208
131.523	3666	157	1408
131.526	3667	156	208
131.529	3669	155	211
131.529	3671	150	208
131.534	3672	154	1408
131.539	3673	153	1408
131.542	3674	153	208
131.547	3676	152	1408
131.55	3677	151	208
131.554	3678	155	1408
131.557	3679	153	1408
131.559	3680	151	208
131.562	3681	153	1408
131.567	3682	153	1408
131.567	3683	150	208
131.569	3684	151	1408
131.572	3686	146	208
131.577	3687	150	1408
131.58	3689	144	208
131.582	3690	146	1408
131.588	3691	146	1411
131.59	3692	145	1408
131.593	3693	143	208
131.595	3694	145	1408
131.602	3695	147	1411
131.607	3696	147	1408
131.608	3697	144	208
131.61	3698	146	1408
131.619	3699	151	1408
131.62	3700	146	208
131.622	3701	148	1408
131.629	3702	151	1408
131.634	3703	151	1411
131.636	3704	149	1411
131.641	3705	150	208
131.644	3706	151	1408
131.648	3707	152	1408
131.654	3708	153	211
131.656	3709	155	1411
131.656	3710	151	208
131.661	3711	155	1408
131.668	3712	158	1408
131.669	3713	153	208
131.671	3714	156	1408
131.676	3715	156	1408
131.679	3716	155	208
131.682	3717	156	1408
131.684	3718	155	1408
131.685	3719	151	208
131.689	3720	155	1408
131.696	3721	157	1408
131.701	3722	157	1411
131.704	3723	157	208
131.706	3724	158	1408
131.714	3726	156	1411
131.716	3727	155	1408
131.719	3728	154	208
131.724	3730	153	1408
131.729	3731	153	1411
131.736	3732	157	1411
131.739	3733	154	1411
131.748	3736	155	1408
131.753	3737	156	1411
131.756	3738	153	208
131.758	3739	156	1408
131.765	3740	158	1408
131.768	3741	157	208
131.775	3743	158	1408
131.775	3744	155	208
131.778	3745	156	1408
131.785	3746	158	1411
131.79	3747	159	1408
131.795	3748	160	1411
131.8	3749	160	208
131.802	3750	162	1408
131.807	3751	162	1408
131.81	3753	160	1408
131.814	3754	161	1408
131.817	3755	159	208
131.821	3756	163	1408
131.826	3757	164	1408
131.827	3758	159	208
131.829	3759	162	1408
131.836	3760	164	1408
131.837	3761	160	208
131.839	3762	162	1408
131.846	3764	160	208
131.849	3765	162	1408
131.854	3766	162	1408
131.856	3767	161	208
131.859	3768	162	1408
131.864	3770	159	208
131.866	3771	161	1408
131.869	3772	159	1408
131.872	3773	157	208
131.874	3775	154	1408
131.882	3776	158	208
131.884	3778	155	1408
131.894	3781	155	1408
131.899	3782	157	208
131.904	3784	156	1408
131.904	3785	153	208
131.909	3786	156	1408
131.911	3787	155	1408
131.921	3790	155	1411
131.926	3791	156	1408
131.931	3792	156	1411
131.933	3793	154	208
131.936	3794	155	1408
131.944	3796	155	208
131.946	3797	157	1408
131.954	3801	150	208
131.956	3802	153	1408
131.96	3804	147	208
131.962	3805	149	1408
131.969	3806	152	1408
131.972	3807	150	208
131.974	3808	152	1408
131.979	3809	153	1411
131.984	3810	153	1408
131.987	3811	152	208
131.99	3812	153	1408
131.992	3813	152	1408
131.997	3814	152	208
132.002	3816	153	1408
132.002	3817	150	208
132.005	3818	152	1408
132.01	3819	153	1408
132.01	3820	150	211
132.012	3822	151	1408
132.015	3823	150	1408
132.02	3824	152	208
132.022	3826	150	1408
132.029	3828	153	1408
132.032	3829	152	1408
132.032	3830	148	208
132.034	3831	151	1408
132.04	3833	149	208
132.042	3834	150	1408
132.044	3835	150	1408
132.053	3836	155	1411
132.054	3837	152	208
132.056	3838	154	1408
132.059	3839	153	1408
132.064	3840	155	208
132.066	3841	157	1408
132.069	3842	155	1408
132.071	3843	155	1411
132.076	3844	156	208
132.078	3846	154	1411
132.083	3847	156	1408
132.086	3848	155	208
132.088	3849	157	1408
132.093	3850	158	1411
132.098	3851	160	1408
132.099	3852	156	208
132.108	3856	157	1408
132.108	3857	155	208
132.111	3858	156	1411
132.118	3859	160	1408
132.121	3860	159	1408
132.121	3861	156	208
132.123	3862	158	1408
132.126	3863	157	1408
132.129	3864	156	211
132.131	3865	158	1411
132.134	3866	157	208
132.138	3868	158	1408
132.139	3869	155	208
132.141	3870	157	1408
132.147	3872	155	208
132.151	3874	156	1411
132.154	3875	155	1408
132.154	3876	152	208
132.159	3878	152	1411
132.164	3879	151	211
132.166	3880	153	1411
132.171	3881	152	1411
132.18	3882	156	1408
132.181	3883	150	208
132.183	3884	152	1408
132.19	3885	153	1408
132.196	3886	152	208
132.2	3887	156	1408
132.203	3888	153	1408
132.212	3889	156	1411
132.212	3890	151	208
132.215	3891	152	1408
132.223	3892	155	211
132.225	3893	156	1408
132.23	3894	155	1411
132.235	3895	154	211
132.238	3896	156	208
132.24	3897	157	1408
132.247	3898	158	1408
132.252	3899	157	1411
132.256	3900	156	208
132.26	3902	154	1408
132.268	3903	155	208
132.27	3904	157	1408
132.279	3906	153	208
132.286	3908	154	1411
132.291	3909	153	1408
132.294	3910	150	208
132.296	3911	151	1408
132.306	3912	155	1408
132.308	3913	153	208
132.313	3915	151	1411
132.314	3916	145	211
132.321	3917	151	1411
132.326	3918	152	1408
132.327	3919	149	208
132.334	3922	146	208
132.336	3923	149	1408
132.345	3924	153	1411
132.348	3925	151	1408
132.355	3927	150	1411
132.36	3928	151	1411
132.366	3929	151	208
132.371	3931	151	1408
132.376	3932	152	208
132.38	3933	156	1408
132.383	3934	154	1408
132.388	3935	156	208
132.39	3936	157	1408
132.393	3937	155	1408
132.396	3938	153	208
132.398	3939	156	1408
132.403	3940	156	1408
132.404	3941	152	208
132.409	3944	148	208
132.411	3945	150	1408
132.419	3946	152	1408
132.422	3947	151	208
132.424	3948	153	1408
132.427	3949	151	1408
132.428	3950	148	208
132.432	3951	152	1408
132.435	3952	150	1408
132.438	3953	148	208
132.442	3955	148	1408
132.443	3956	144	208
132.445	3957	146	1408
132.452	3958	149	1408
132.455	3959	147	208
132.457	3960	149	1408
132.46	3961	147	1411
132.465	3962	148	1408
132.465	3963	144	208
132.468	3964	145	1408
132.475	3965	149	1408
132.477	3966	146	1411
132.478	3967	142	208
132.482	3968	146	1411
132.487	3969	147	1408
132.49	3970	145	1408
132.495	3971	146	208
132.498	3972	148	1408
132.502	3973	148	1408
132.505	3974	147	208
132.51	3975	150	1408
132.512	3976	149	1411
132.52	3977	151	1408
132.523	3978	150	208
132.525	3979	151	1408
132.53	3980	152	1408
132.535	3981	153	208
132.537	3982	155	1408
132.54	3983	153	1411
132.545	3984	153	1411
132.552	3985	156	1408
132.554	3986	154	208
132.557	3987	156	1408
132.559	3988	154	1411
132.564	3989	155	1408
132.568	3990	154	208
132.573	3992	154	1408
132.579	3993	156	1411
132.58	3994	152	208
132.582	3995	154	1408
132.587	3996	155	1408
132.588	3997	151	208
132.59	3998	153	1408
132.595	3999	154	1408
132.6	4000	154	208
132.602	4001	156	1408
132.607	4002	156	1408
132.607	4003	152	208
132.612	4004	156	1408
132.615	4005	154	1411
132.619	4006	154	1411
132.626	4007	157	1408
132.632	4008	158	208
132.636	4010	158	1408
132.639	4011	156	208
132.644	4013	155	1408
132.651	4014	158	1411
132.654	4015	156	208
132.656	4016	159	1408
132.659	4018	153	208
132.662	4019	154	1408
132.664	4020	153	1408
132.671	4021	156	208
132.674	4022	157	1408
132.676	4023	156	1408
132.681	4024	156	208
132.684	4025	158	1408
132.686	4026	156	1408
132.691	4027	157	208
132.694	4028	158	1408
132.696	4029	157	1408
132.701	4030	158	208
132.703	4031	159	1408
132.708	4032	158	1408
132.711	4033	157	208
132.718	4035	159	1408
132.725	4037	162	1408
132.727	4038	160	1408
132.731	4039	158	208
132.733	4041	155	1408
132.74	4043	158	1408
132.748	4045	157	208
132.75	4046	159	1408
132.755	4047	158	1408
132.756	4048	155	208
132.758	4049	157	1408
132.763	4050	156	1408
132.765	4051	155	208
132.77	4052	159	1408
132.775	4053	159	1408
132.78	4056	155	1411
132.789	4057	159	1408
132.79	4058	154	208
132.792	4059	156	1408
132.8	4060	159	1408
132.802	4061	158	208
132.805	4062	159	1408
132.809	4063	159	1408
132.81	4064	155	208
132.819	4066	159	1408
132.822	4067	157	208
132.824	4068	159	1408
132.827	4069	157	1408
132.832	4070	157	208
132.834	4071	159	1408
132.837	4072	157	1408
132.84	4073	155	208
132.842	4074	157	1408
132.847	4075	157	1411
132.852	4076	157	1411
132.854	4077	156	1408
132.857	4078	154	208
132.862	4079	157	1408
132.866	4080	158	1408
132.872	4081	158	1411
132.875	4082	156	208
132.878	4085	150	208
132.88	4086	152	1408
132.887	4087	154	1408
132.89	4088	152	208
132.892	4089	154	1408
132.899	4090	156	1408
132.9	4091	152	208
132.902	4092	153	1408
132.907	4093	154	1408
132.907	4094	150	208
132.91	4095	151	1408
132.917	4096	154	1408
132.92	4097	152	208
132.922	4098	153	1411
132.927	4099	154	1408
132.927	4100	150	211
132.93	4101	151	1408
132.933	4102	151	208
132.938	4104	150	1408
132.941	4105	148	211
132.943	4106	150	1408
132.948	4107	151	208
132.95	4108	152	1411
132.955	4109	151	1408
132.96	4110	152	1408
132.963	4111	150	208
132.965	4113	148	1408
132.97	4114	148	208
132.973	4115	150	1408
132.982	4116	155	1408
132.983	4117	150	211
132.985	4118	152	1411
132.986	4119	148	208
132.988	4120	150	1408
132.991	4121	148	1408
132.991	4122	143	208
132.993	4123	146	1408
133.001	4124	148	1408
133.004	4125	146	208
133.006	4126	148	1408
133.011	4127	148	1408
133.014	4128	147	208
133.018	4129	151	1408
133.021	4130	148	1411
133.026	4131	149	1408
133.029	4132	147	208
133.031	4133	148	1408
133.036	4134	149	1408
133.039	4135	147	208
133.041	4136	148	1408
133.046	4137	150	1408
133.049	4138	147	208
133.051	4139	150	1408
133.058	4140	152	1408
133.061	4141	150	208
133.063	4142	152	1408
133.07	4143	154	1408
133.073	4144	153	208
133.075	4145	154	1408
133.082	4146	156	1408
133.085	4147	154	1411
133.092	4148	156	1411
133.095	4149	154	208
133.097	4150	157	1408
133.105	4152	155	208
133.109	4153	159	1408
133.115	4154	159	1408
133.115	4155	156	208
133.122	4157	157	1408
133.125	4158	155	208
133.129	4159	159	1408
133.132	4160	157	1408
133.138	4161	158	208
133.14	4163	155	1408
133.147	4164	158	1411
133.15	4165	155	208
133.152	4166	158	1408
133.161	4167	162	1408
133.162	4168	158	208
133.164	4169	159	1408
133.17	4171	156	208
133.172	4172	158	1408
133.177	4173	158	1411
133.182	4174	158	1408
133.185	4175	156	208
133.192	4180	149	1408
133.2	4181	152	208
133.202	4182	154	1408
133.205	4183	151	1408
133.21	4184	152	208
133.214	4186	151	1408
133.222	4187	155	208
133.225	4188	156	1408
133.227	4189	153	1408
133.232	4190	155	208
133.237	4192	153	1408
133.24	4193	152	208
133.242	4194	154	1408
133.249	4195	157	1408
133.25	4196	152	208
133.252	4197	154	1408
133.257	4198	155	1408
133.258	4199	150	208
133.26	4200	151	1408
133.267	4201	154	1408
133.267	4202	150	208
133.269	4203	152	1408
133.277	4204	155	1408
133.28	4205	153	208
133.283	4208	147	208
133.285	4209	150	1408
133.293	4210	153	1408
133.296	4211	153	208
133.298	4213	151	1408
133.301	4214	150	208
133.306	4216	150	1411
133.308	4217	150	1408
133.311	4218	149	208
133.314	4220	147	1408
133.319	4221	148	208
133.324	4223	149	1411
133.326	4224	148	1408
133.329	4225	147	208
133.331	4226	149	1408
133.336	4227	149	1408
133.338	4228	149	208
133.343	4229	153	1411
133.346	4230	151	1408
133.348	4231	151	1408
133.351	4232	149	208
133.353	4233	152	1408
133.355	4234	150	1408
133.361	4235	151	208
133.365	4237	152	1408
133.368	4238	151	208
133.373	4240	152	1411
133.375	4241	150	1408
133.376	4242	148	208
133.383	4244	150	1408
133.384	4245	147	208
133.386	4246	149	1408
133.395	4247	155	1408
133.398	4248	153	1411
133.402	4249	154	1411
133.407	4250	156	211
133.409	4251	157	1411
133.41	4252	154	208
133.413	4253	156	1408
133.418	4254	157	1408
133.423	4255	158	1411
133.427	4257	159	1408
133.432	4258	159	1408
133.435	4259	159	208
133.44	4261	160	1408
133.444	4263	160	1408
133.451	4265	157	1408
133.457	4266	156	208
133.461	4267	160	1408
133.466	4268	158	1408
133.472	4269	158	208
133.479	4271	158	1408
133.484	4272	157	208
133.486	4273	159	1408
133.496	4274	162	1411
133.498	4275	159	1411
133.508	4276	162	1408
133.512	4277	161	1411
133.52	4278	161	1411
133.527	4279	162	1411
133.532	4280	161	208
133.534	4281	163	1408
133.539	4282	161	1411
133.55	4284	160	208
133.554	4285	164	1408
133.559	4286	162	1408
133.566	4287	164	208
133.569	4289	160	1408
133.576	4290	160	1411
133.582	4291	159	208
133.584	4292	161	1411
133.589	4293	160	1408
133.597	4294	161	1411
133.601	4295	160	1408
133.604	4296	157	208
133.607	4297	159	1408
133.61	4299	153	208
133.612	4300	154	1408
133.617	4301	155	1408
133.622	4302	155	208
133.625	4304	153	1408
133.628	4305	151	211
133.634	4309	146	208
133.636	4310	147	1408
133.643	4311	150	1411
133.653	4314	149	1411
133.66	4316	152	1408
133.665	4318	147	208
133.668	4319	149	1408
133.673	4321	146	208
133.678	4322	150	1411
133.683	4323	150	1408
133.69	4324	152	1408
133.69	4325	149	208
133.693	4326	150	1408
133.698	4327	150	1408
133.705	4330	148	1408
133.708	4331	146	208
133.71	4332	148	1408
133.719	4334	147	208
133.721	4335	148	1408
133.728	4336	151	1408
133.731	4337	149	208
133.736	4338	153	1408
133.741	4339	154	1408
133.744	4340	152	208
133.746	4341	154	1408
133.755	4343	154	1411
133.756	4344	151	208
133.761	4346	149	1408
133.767	4347	151	208
133.769	4349	148	1411
133.774	4350	148	1408
133.779	4351	148	208
133.781	4352	151	1408
133.786	4353	150	1408
133.791	4354	151	208
133.793	4356	148	1408
133.799	4357	149	208
133.803	4358	153	1408
133.806	4359	150	1408
133.809	4360	149	208
133.816	4362	151	1411
133.821	4363	152	1408
133.824	4364	149	208
133.826	4365	152	1408
133.833	4366	153	1411
133.836	4367	151	211
133.838	4368	153	1411
133.845	4369	155	1411
133.849	4370	155	1408
133.853	4371	154	208
133.855	4372	155	1408
133.86	4373	157	211
133.865	4375	156	1408
133.868	4376	155	211
133.869	4377	154	208
133.871	4378	155	1411
133.878	4379	158	1408
133.88	4380	156	1411
133.887	4381	158	1408
133.89	4382	157	208
133.892	4383	158	1408
133.899	4384	161	1408
133.902	4385	159	208
133.904	4386	160	1408
133.91	4388	157	208
133.919	4391	160	1411
133.922	4392	158	1408
133.929	4393	160	208
133.931	4394	162	1411
133.934	4395	160	1408
133.94	4397	156	208
133.942	4398	158	1408
133.949	4399	160	1408
133.949	4400	157	208
133.952	4401	158	1408
133.955	4403	152	208
133.957	4404	153	1408
133.966	4405	158	1411
133.968	4406	156	1411
133.978	4407	161	1408
133.98	4408	159	1411
133.983	4409	157	208
133.988	4410	160	1408
133.993	4411	161	1408
134.002	4413	165	1408
134.004	4414	163	1408
134.012	4416	162	208
134.014	4417	163	1408
134.019	4418	163	1408
134.022	4419	162	208
134.032	4422	162	1408
134.033	4423	157	208
134.037	4425	157	1408
134.04	4426	155	208
134.042	4427	157	1408
134.047	4428	157	1408
134.057	4431	157	1408
134.063	4432	158	208
134.065	4433	160	1408
134.07	4434	160	1408
134.073	4435	158	208
134.078	4437	157	1408
134.085	4441	151	1408
134.091	4442	151	208
134.093	4443	154	1408
134.098	4444	153	1408
134.103	4445	153	208
134.104	4448	146	208
134.106	4449	147	1408
134.111	4450	147	1411
134.116	4451	147	1408
134.123	4452	150	1411
134.128	4453	150	211
134.129	4454	150	208
134.133	4456	150	1408
134.136	4457	148	208
134.142	4459	148	1411
134.146	4460	148	1408
134.151	4461	148	208
134.154	4462	150	1408
134.158	4463	150	1411
134.166	4464	153	1408
134.166	4465	149	208
134.169	4466	150	1408
134.176	4467	153	1408
134.183	4470	151	1408
134.193	4473	150	1408
134.201	4474	153	208
134.201	4476	149	211
134.204	4477	150	1408
134.207	4478	149	208
134.212	4479	153	1408
134.214	4480	150	1411
134.219	4481	151	1408
134.222	4482	149	208
134.224	4483	152	1408
134.229	4484	151	1408
134.234	4485	151	1411
134.241	4486	155	1411
134.246	4487	154	1411
134.248	4488	153	208
134.251	4489	154	1408
134.258	4490	156	1408
134.261	4491	155	208
134.263	4492	156	1408
134.266	4493	155	211
134.269	4495	152	1408
134.271	4496	150	208
134.274	4497	152	1408
134.279	4498	152	1408
134.281	4499	151	1411
134.284	4500	148	1411
134.291	4501	150	211
134.293	4502	153	1411
134.294	4503	148	208
134.297	4504	150	1408
134.301	4505	151	1408
134.306	4506	151	1411
134.313	4507	154	1411
134.316	4508	151	208
134.318	4509	153	1408
134.326	4510	156	1408
134.329	4511	154	208
134.331	4512	155	1408
134.336	4513	156	1408
134.343	4514	158	1411
134.343	4515	155	208
134.345	4516	156	1408
134.35	4517	156	1411
134.353	4518	154	1408
134.356	4519	152	208
134.36	4520	156	1408
134.363	4521	154	1408
134.365	4522	152	208
134.368	4523	154	1408
134.375	4524	157	1408
134.376	4525	152	208
134.378	4526	155	1408
134.385	4527	157	1408
134.386	4528	152	211
134.388	4529	155	1411
134.394	4532	150	211
134.398	4533	154	1411
134.403	4534	155	1408
134.41	4535	157	1411
134.413	4536	155	208
134.419	4539	151	208
134.421	4540	153	1408
134.425	4542	147	208
134.427	4543	148	1408
134.436	4544	153	1408
134.436	4545	149	208
134.439	4546	150	1408
134.446	4547	152	1408
134.449	4548	152	208
134.451	4549	153	1408
134.456	4550	153	1408
134.459	4551	151	208
134.461	4552	152	1408
134.468	4553	155	1408
134.476	4556	153	1411
134.482	4557	155	1408
134.485	4558	154	208
134.488	4559	155	1408
134.492	4560	155	1408
134.497	4561	156	208
134.5	4562	157	1408
134.505	4563	157	1408
134.508	4564	156	208
134.512	4566	156	1408
134.517	4567	156	208
134.52	4569	154	1408
134.525	4570	154	208
134.53	4571	157	1408
134.532	4572	156	1408
134.538	4573	157	208
134.54	4574	159	1408
134.545	4575	159	1408
134.548	4576	157	208
134.55	4577	159	1408
134.555	4578	158	1408
134.558	4579	156	208
134.56	4580	159	1408
134.563	4581	156	1408
134.563	4582	153	208
134.566	4583	154	1408
134.571	4585	152	208
134.573	4586	154	1408
134.576	4587	152	1408
134.583	4589	155	1408
134.585	4590	155	1408
134.588	4591	153	208
134.59	4592	155	1408
134.593	4593	154	1408
134.593	4594	151	208
134.596	4595	152	1408
134.6	4597	153	1411
134.605	4598	154	1408
134.61	4600	154	1408
134.612	4601	154	1408
134.615	4602	153	208
134.62	4604	153	1408
134.623	4605	152	1411
134.632	4607	154	1411
134.639	4608	157	208
134.642	4610	155	1408
134.647	4611	156	208
134.649	4612	158	1408
134.654	4613	159	1408
134.655	4614	156	208
134.657	4615	158	1408
134.662	4617	155	208
134.664	4618	157	1408
134.669	4619	158	1408
134.669	4620	155	208
134.672	4621	156	1408
134.678	4623	155	208
134.68	4624	156	1408
134.69	4627	158	1408
134.69	4628	154	208
134.692	4629	157	1408
134.695	4630	155	1408
134.698	4631	154	208
134.703	4633	155	1408
134.705	4634	154	208
134.708	4635	155	1408
134.71	4636	154	1408
134.713	4637	153	208
134.718	4639	153	1411
134.72	4640	152	1408
134.727	4641	155	1411
134.73	4642	151	208
134.732	4643	154	1408
134.739	4644	154	1408
134.744	4645	153	208
134.747	4646	154	1408
134.749	4647	151	1408
134.755	4648	149	208
134.757	4649	151	1408
134.764	4650	152	1408
134.774	4652	154	1408
134.781	4653	154	1411
134.785	4654	153	1408
134.793	4655	154	211
134.793	4656	154	208
134.795	4657	155	1408
134.803	4658	157	1408
134.808	4659	155	211
134.809	4660	154	208
134.813	4661	158	1408
134.819	4662	157	211
134.821	4663	159	1408
134.824	4664	156	208
134.831	4666	156	1411
134.839	4667	156	1411
134.843	4668	155	1408
134.853	4669	158	1411
134.856	4670	155	208
134.861	4671	159	1408
134.866	4672	157	1408
134.873	4673	158	1411
134.874	4674	152	208
134.876	4675	154	1408
134.883	4676	155	1411
134.889	4678	149	208
134.889	4679	149	211
134.896	4681	150	1408
134.903	4682	152	1408
134.907	4683	152	1411
134.913	4684	153	208
134.915	4685	155	1408
134.92	4686	154	1408
134.927	4687	157	1411
134.931	4688	156	208
134.938	4690	157	1408
134.943	4691	159	208
134.945	4693	155	1408
134.95	4694	155	208
134.955	4696	155	1408
134.96	4697	155	208
134.963	4698	157	1408
134.967	4699	157	1408
134.972	4700	157	208
134.976	4703	150	211
134.978	4704	152	208
134.981	4705	154	1408
134.988	4706	156	1408
134.991	4707	155	208
134.996	4709	154	1408
134.996	4710	150	208
135.003	4711	156	1408
135.005	4712	154	1408
135.008	4713	152	208
135.011	4714	153	1408
135.015	4715	154	1408
135.018	4716	151	208
135.023	4717	155	1408
135.028	4719	151	208
135.036	4721	153	1411
135.043	4723	152	208
135.048	4724	155	1408
135.054	4726	152	208
135.056	4727	153	1408
135.061	4729	149	208
135.063	4730	151	1408
135.07	4731	153	1408
135.075	4733	153	1408
135.08	4734	153	1408
135.085	4735	154	208
135.088	4736	155	1408
135.097	4738	154	1411
135.102	4739	155	1411
135.108	4740	156	208
135.112	4742	156	1408
135.115	4743	154	208
135.12	4745	153	1408
135.125	4746	154	208
135.128	4747	155	1408
135.13	4748	152	1408
135.13	4749	149	208
135.136	4750	153	1408
135.143	4751	155	1411
135.145	4752	153	1408
135.155	4753	158	1411
135.155	4754	153	208
135.158	4755	155	1408
135.165	4756	158	1411
135.167	4757	156	1408
135.17	4758	153	208
135.172	4759	156	1408
135.178	4761	151	1411
135.185	4762	154	1411
135.188	4763	152	208
135.19	4764	154	1408
135.193	4765	151	1408
135.198	4766	152	208
135.203	4768	151	1408
135.21	4769	154	1408
135.213	4770	152	208
135.217	4772	151	1408
135.225	4774	154	1408
135.228	4775	151	1408
135.235	4776	155	1411
135.238	4777	152	208
135.24	4778	154	1411
135.253	4781	152	1408
135.257	4782	152	1411
135.258	4783	148	208
135.26	4784	150	1408
135.265	4785	150	1411
135.267	4786	147	1408
135.27	4787	146	208
135.27	4788	145	211
135.273	4789	146	1408
135.275	4790	145	1408
135.278	4791	143	208
135.367	4792	52	1411
135.37	4793	52	1411
135.375	4794	53	1411
135.379	4795	52	1411
135.384	4796	52	1411
135.47	4797	52	1411
135.472	4798	51	211
135.477	4799	52	1411
135.482	4800	53	1411
135.487	4801	53	1408
135.572	4802	53	1408
135.574	4803	50	208
135.581	4804	56	1408
135.583	4805	53	1408
135.586	4806	52	208
135.588	4807	53	1408
135.595	4808	56	1408
135.598	4809	55	208
135.603	4810	58	1408
135.61	4811	61	1408
135.613	4812	59	208
135.615	4813	61	1408
135.622	4814	63	1408
135.628	4815	63	208
135.63	4816	66	1408
135.638	4817	68	1408
135.64	4818	66	208
135.643	4819	68	1408
135.65	4820	70	1408
135.653	4821	68	208
135.658	4822	72	1408
135.662	4823	73	1408
135.67	4824	76	208
135.673	4825	77	1408
135.675	4826	75	1408
135.68	4827	75	208
135.683	4828	77	1408
135.688	4829	77	1408
135.693	4830	78	208
135.695	4831	80	1408
135.702	4832	82	1408
135.705	4833	80	208
135.707	4834	82	1408
135.712	4835	82	1408
135.715	4836	81	208
135.72	4837	85	1408
135.725	4838	84	1408
135.728	4839	82	208
135.73	4840	85	1408
135.737	4841	86	1408
135.74	4842	85	208
135.742	4843	87	1408
135.75	4844	89	1408
135.753	4845	87	208
135.755	4846	89	1408
135.764	4847	94	1408
135.765	4848	89	208
135.767	4849	91	1408
135.775	4850	94	1408
135.778	4851	92	208
135.782	4852	96	1408
135.787	4853	96	1408
135.793	4854	97	208
135.797	4855	101	1408
135.799	4856	98	1408
135.807	4857	102	208
135.809	4858	103	1408
135.812	4859	100	1408
135.818	4860	102	208
135.822	4861	106	1408
135.824	4862	103	1408
135.832	4863	106	208
135.834	4864	108	1408
135.839	4865	108	1408
135.845	4866	108	208
135.847	4867	111	1408
135.852	4868	110	1408
135.854	4869	108	208
135.857	4870	110	1408
135.864	4871	113	1408
135.867	4872	111	208
135.872	4873	114	1408
135.877	4874	115	1408
135.882	4875	115	208
135.884	4876	117	1408
135.89	4877	118	1408
135.895	4878	118	208
135.897	4879	119	1408
135.904	4880	122	1408
135.907	4881	120	208
135.909	4882	122	1408
135.917	4883	124	1408
135.919	4884	123	208
135.922	4885	124	1408
135.929	4886	127	1408
135.932	4887	125	208
135.934	4888	127	1408
135.941	4889	129	1408
135.949	4890	132	208
135.952	4891	134	1408
135.954	4892	131	1408
135.962	4893	134	208
135.964	4894	136	1408
135.966	4895	134	1408
135.974	4896	137	208
135.977	4897	139	1408
135.981	4898	139	1408
135.987	4899	139	208
135.989	4900	140	1408
135.994	4901	141	1408
135.997	4902	139	208
135.999	4903	140	1408
136.007	4904	144	1408
136.012	4905	144	208
136.014	4906	146	1408
136.021	4907	148	1408
136.024	4908	146	208
136.026	4909	148	1408
136.031	4910	148	1408
136.037	4911	149	208
136.039	4912	151	1408
136.046	4913	153	1408
136.049	4914	151	208
136.051	4915	152	1408
136.059	4916	155	1408
136.059	4917	151	208
136.062	4918	153	1408
136.066	4919	153	1408
136.067	4920	149	208
136.07	4921	151	1408
136.077	4922	153	1408
136.082	4923	153	208
136.084	4924	154	1408
136.087	4925	153	1408
136.096	4927	156	1408
136.098	4928	155	1408
136.105	4929	157	208
136.108	4930	158	1408
136.113	4931	159	1408
136.114	4932	155	208
136.116	4933	157	1408
136.121	4934	156	1408
136.123	4935	155	208
136.127	4937	152	1408
136.132	4938	153	208
136.134	4939	154	1408
136.141	4940	157	1408
136.144	4941	155	208
136.147	4943	152	1408
136.147	4944	148	208
136.15	4945	150	1408
136.155	4946	150	1408
136.16	4947	150	208
136.162	4948	153	1408
136.167	4949	153	1408
136.168	4950	148	208
136.17	4951	150	1408
136.177	4952	153	1408
136.178	4953	148	208
136.187	4955	153	1408
136.19	4956	151	208
136.192	4958	148	1408
136.2	4960	149	1408
136.205	4961	149	1408
136.212	4963	151	1408
136.216	4964	151	1408
136.219	4965	150	208
136.224	4967	149	1408
136.227	4968	146	208
136.229	4969	149	1408
136.237	4970	151	1408
136.24	4971	150	208
136.247	4973	151	1408
136.25	4974	149	208
136.252	4975	151	1408
136.257	4976	152	1408
136.265	4977	154	208
136.267	4978	155	1408
136.275	4980	154	208
136.279	4981	158	1408
136.281	4982	156	1408
136.287	4983	156	208
136.289	4985	153	1408
136.292	4986	153	208
136.294	4987	154	1408
136.298	4989	150	211
136.299	4990	150	208
136.306	4994	149	1408
136.311	4995	148	1408
136.316	4997	149	1408
136.318	4998	147	1408
136.323	4999	149	208
136.325	5000	149	1411
136.33	5001	149	1408
136.337	5002	153	1408
136.338	5003	146	208
136.34	5004	149	1408
136.349	5005	154	1408
136.352	5006	152	1411
136.355	5007	152	208
136.359	5008	156	1408
136.364	5009	156	1408
136.364	5010	154	208
136.367	5011	154	1408
136.372	5012	154	1408
136.374	5013	154	208
136.383	5015	156	1408
136.386	5016	156	208
136.391	5017	154	1411
136.397	5018	153	1411
136.406	5019	157	1408
136.407	5020	151	211
136.409	5021	153	1408
136.415	5022	151	211
136.417	5023	153	208
136.42	5024	155	1408
136.426	5025	155	1408
136.431	5026	154	1411
136.437	5027	154	208
136.439	5028	155	1408
136.444	5029	153	1408
136.451	5030	154	1411
136.459	5031	155	208
136.461	5032	156	1408
136.468	5033	158	1408
136.47	5034	152	208
136.472	5035	154	1408
136.474	5036	150	1411
136.479	5037	149	1408
136.484	5038	148	208
136.489	5039	151	1408
136.494	5040	149	1411
136.501	5041	152	1411
136.506	5042	152	1408
136.513	5043	154	1411
136.52	5044	158	1411
136.521	5045	153	211
136.526	5046	157	211
136.529	5047	159	208
136.531	5049	156	1408
136.534	5050	154	208
136.536	5051	157	1408
136.543	5052	159	1408
136.544	5053	154	208
136.546	5054	157	1408
136.554	5056	154	208
136.556	5057	156	1408
136.559	5058	154	1408
136.561	5059	152	208
136.566	5061	152	1408
136.572	5062	152	208
136.574	5063	154	1408
136.579	5064	153	1408
136.581	5065	152	208
136.584	5066	153	1408
136.589	5067	154	1411
136.596	5068	157	1408
136.599	5069	155	208
136.604	5071	154	1408
136.606	5072	152	208
136.61	5075	146	208
136.612	5076	147	1408
136.619	5077	149	1408
136.622	5078	148	208
136.624	5079	149	1408
136.629	5080	149	1408
136.633	5081	147	208
136.635	5082	150	1408
136.64	5083	149	1408
136.643	5084	147	208
136.645	5085	150	1408
136.65	5086	149	1408
136.653	5087	147	208
136.655	5088	150	1408
136.66	5089	150	1408
136.663	5090	147	208
136.667	5091	151	1408
136.674	5092	154	1408
136.675	5093	149	208
136.68	5094	153	1408
136.687	5096	151	208
136.69	5097	153	1408
136.694	5098	153	1408
136.701	5100	155	1408
136.713	5101	151	1408
136.719	5102	148	208
136.721	5103	151	1408
136.736	5104	155	1411
136.738	5105	152	1408
136.741	5106	151	208
136.746	5107	155	1408
136.751	5108	155	1408
136.756	5109	154	208
136.759	5110	156	1408
136.766	5111	157	1411
136.77	5112	157	1408
136.778	5113	159	1411
136.781	5114	156	208
136.783	5115	158	1408
136.79	5116	160	1408
136.793	5117	158	208
136.8	5119	159	1408
136.806	5122	152	1408
136.815	5123	157	1411
136.822	5124	158	1411
136.825	5125	155	1411
136.832	5126	158	208
136.835	5127	159	1408
136.84	5128	159	1408
136.842	5129	156	208
136.845	5130	158	1408
136.85	5131	157	1408
136.855	5132	157	208
136.857	5133	159	1408
136.864	5134	161	1408
136.867	5135	157	208
136.869	5136	160	1408
136.872	5137	157	1408
136.879	5139	158	1408
136.882	5140	155	1408
136.889	5141	157	208
136.892	5142	159	1408
136.899	5143	161	1411
136.902	5144	158	1408
136.907	5147	153	211
136.909	5148	154	1408
136.917	5149	156	208
136.919	5150	158	1408
136.924	5151	156	1408
136.927	5152	155	208
136.932	5154	154	1408
136.939	5155	155	208
136.944	5157	154	1408
136.948	5158	152	208
136.95	5159	154	1408
136.955	5160	153	1408
136.958	5161	151	208
136.962	5162	155	1408
136.968	5164	149	208
136.97	5165	150	1408
136.978	5166	153	1408
136.981	5167	151	208
136.985	5169	149	1408
136.99	5170	149	208
136.993	5171	150	1408
136.998	5172	150	1408
137.005	5173	152	1411
137.012	5174	154	211
137.013	5176	148	208
137.015	5177	150	1408
137.022	5178	152	1408
137.025	5179	149	208
137.027	5180	151	1408
137.03	5181	149	1408
137.038	5182	150	208
137.042	5184	149	1408
137.048	5185	149	208
137.05	5186	151	1408
137.057	5187	153	1408
137.06	5188	150	208
137.063	5189	152	1408
137.067	5190	151	1408
137.073	5191	151	208
137.075	5192	153	1408
137.082	5193	155	1408
137.09	5194	157	211
137.097	5197	156	1408
137.1	5198	154	208
137.107	5200	156	1408
137.112	5202	155	211
137.117	5204	154	1408
137.122	5205	155	1408
137.127	5206	155	208
137.131	5208	156	1408
137.137	5209	157	208
137.142	5211	156	1411
137.157	5214	159	208
137.159	5216	156	1408
137.163	5217	155	208
137.167	5219	155	1408
137.174	5220	157	1411
137.179	5223	152	1408
137.187	5224	151	1411
137.192	5225	152	208
137.194	5226	154	1408
137.199	5227	154	1408
137.204	5228	155	208
137.206	5229	157	1408
137.214	5230	159	1408
137.219	5231	155	1411
137.224	5232	154	208
137.227	5233	155	1408
137.234	5234	155	1408
137.239	5235	153	208
137.243	5236	157	1408
137.248	5237	155	1411
137.258	5238	157	1408
137.258	5239	151	208
137.26	5240	152	1408
137.27	5241	155	1408
137.276	5242	152	208
137.278	5243	153	1408
137.288	5244	156	1408
137.29	5245	152	208
137.293	5246	153	1408
137.303	5247	156	1408
137.308	5248	154	211
137.31	5249	155	1411
137.318	5250	156	1411
137.324	5251	154	211
137.326	5252	156	1411
137.329	5253	153	208
137.331	5254	155	1408
137.336	5255	154	1411
137.343	5256	156	1408
137.344	5257	152	208
137.349	5259	151	1408
137.356	5260	153	1408
137.361	5261	152	1411
137.369	5262	154	1411
137.373	5263	154	1411
137.378	5264	153	1411
137.383	5265	152	211
137.385	5266	155	1411
137.39	5267	154	208
137.393	5268	155	1408
137.395	5269	153	1408
137.4	5270	153	208
137.403	5271	154	1408
137.411	5273	151	208
137.413	5274	153	1408
137.418	5275	153	1408
137.421	5276	150	208
137.425	5277	154	1408
137.428	5278	151	1408
137.433	5279	151	208
137.436	5280	153	1408
137.445	5281	156	1408
137.446	5282	152	208
137.451	5283	156	1408
137.456	5284	156	1408
137.461	5285	155	208
137.468	5287	157	1408
137.469	5288	152	208
137.471	5289	153	1408
137.476	5290	153	1408
137.479	5291	150	208
137.484	5293	149	1408
137.489	5294	149	208
137.491	5295	150	1408
137.496	5296	151	1408
137.504	5298	152	1408
137.508	5299	151	1408
137.514	5300	151	208
137.518	5301	155	1408
137.523	5302	155	1408
137.523	5303	150	208
137.526	5304	152	1408
137.533	5305	154	1408
137.534	5306	148	208
137.536	5307	150	1408
137.541	5308	150	1408
137.544	5309	148	208
137.549	5310	151	1408
137.554	5311	151	1411
137.561	5312	153	1408
137.564	5313	151	208
137.569	5314	154	1408
137.573	5315	154	1408
137.576	5316	151	208
137.578	5317	153	1408
137.584	5318	152	1408
137.589	5319	153	208
137.596	5321	154	1408
137.599	5322	152	208
137.601	5323	153	1408
137.607	5324	152	1408
137.607	5325	148	208
137.612	5326	151	1408
137.619	5327	153	1411
137.624	5328	153	1408
137.627	5329	150	208
137.629	5330	151	1408
137.636	5331	153	1408
137.639	5332	151	208
137.641	5333	153	1408
137.648	5334	155	1408
137.651	5335	152	208
137.653	5336	154	1408
137.661	5337	155	1408
137.673	5340	155	1411
137.675	5341	152	1408
137.683	5343	154	1408
137.686	5344	151	1411
137.695	5345	154	1408
137.7	5346	155	208
137.703	5347	156	1408
137.707	5348	156	1408
137.713	5349	156	211
137.713	5350	156	208
137.716	5351	157	1408
137.721	5353	152	208
137.726	5354	155	1408
137.731	5356	151	208
137.736	5357	154	1408
137.743	5358	156	1408
137.746	5359	153	208
137.748	5360	156	1408
137.751	5361	152	1408
137.759	5362	155	208
137.761	5363	156	1408
137.766	5364	156	1408
137.768	5365	153	208
137.77	5366	155	1408
137.774	5368	148	208
137.779	5369	151	1408
137.784	5370	151	1408
137.791	5372	153	1408
137.796	5373	151	1408
137.804	5375	149	208
137.806	5376	151	1408
137.811	5377	150	1408
137.816	5378	150	208
137.818	5379	151	1408
137.825	5380	153	1408
137.831	5381	153	208
137.833	5382	155	1408
137.836	5383	152	1408
137.839	5384	150	208
137.841	5385	152	1408
137.849	5387	149	208
137.851	5388	150	1408
137.859	5389	152	1408
137.866	5390	153	208
137.869	5392	151	1408
137.874	5393	151	211
137.877	5394	152	1411
137.879	5395	150	208
137.882	5396	151	1408
137.889	5397	154	211
137.891	5398	155	1408
137.894	5399	153	208
137.897	5401	149	1408
137.902	5402	149	208
137.904	5403	150	1408
137.912	5404	152	1408
137.912	5405	148	208
137.914	5406	149	1408
137.922	5407	150	1411
137.927	5408	150	1408
137.929	5409	148	208
137.934	5410	151	1411
137.939	5411	152	1408
137.941	5412	150	1408
137.949	5413	153	208
137.951	5414	156	1408
137.954	5415	153	1408
137.957	5416	152	208
137.961	5418	151	1408
137.966	5419	151	208
137.971	5421	151	1408
137.979	5422	154	1411
137.984	5423	154	208
137.989	5425	155	1408
137.994	5426	153	211
137.999	5428	156	1408
138.004	5429	157	1408
138.011	5430	157	1411
138.011	5431	154	208
138.014	5432	156	1408
138.018	5433	156	1408
138.024	5434	156	208
138.026	5435	158	1408
138.031	5436	155	1408
138.034	5437	150	208
138.036	5438	152	1408
138.044	5439	152	1408
138.049	5440	150	208
138.054	5441	154	1411
138.059	5442	152	1408
138.068	5443	155	1408
138.073	5444	153	1411
138.076	5445	149	208
138.078	5446	150	1408
138.085	5447	150	1408
138.093	5448	150	208
138.096	5449	151	1408
138.1	5450	149	1411
138.108	5451	150	1408
138.115	5452	150	208
138.118	5453	151	1408
138.123	5454	149	1408
138.128	5455	147	208
138.132	5456	151	1408
138.142	5457	154	1408
138.145	5458	150	208
138.148	5459	152	1408
138.157	5460	157	1408
138.16	5461	154	208
138.162	5462	156	1408
138.17	5463	158	1411
138.177	5464	159	1408
138.179	5465	157	1411
138.184	5466	157	208
138.187	5467	158	1408
138.194	5468	159	1408
138.199	5469	159	1411
138.201	5470	157	208
138.204	5471	158	1408
138.209	5472	159	211
138.212	5474	155	208
138.215	5475	157	1408
138.219	5476	156	1408
138.222	5477	154	208
138.23	5480	151	208
138.233	5481	152	1408
138.242	5482	155	1408
138.243	5483	151	208
138.247	5484	155	1408
138.252	5485	154	1408
138.255	5486	152	208
138.257	5487	153	1408
138.265	5489	150	208
138.267	5490	152	1408
138.276	5491	156	1408
138.277	5492	152	208
138.284	5494	153	1408
138.287	5495	150	208
138.289	5496	151	1408
138.295	5498	147	208
138.298	5499	148	1408
138.302	5500	148	1408
138.31	5501	150	208
138.312	5502	152	1408
138.315	5503	148	1408
138.322	5504	151	208
138.325	5505	152	1408
138.33	5506	153	1408
138.335	5507	152	208
138.337	5508	154	1408
138.344	5509	155	1408
138.35	5510	155	208
138.355	5512	154	1408
138.36	5513	153	208
138.365	5515	152	1408
138.368	5516	151	208
138.375	5518	151	1408
138.378	5519	150	208
138.38	5520	151	1408
138.388	5521	152	1408
138.388	5522	148	208
138.391	5523	149	1408
138.398	5524	151	1408
138.399	5525	147	208
138.408	5527	150	1408
138.415	5528	151	1411
138.425	5531	150	1408
138.434	5532	154	1411
138.439	5533	154	1411
138.444	5534	153	208
138.447	5535	155	1408
138.454	5536	156	1408
138.457	5537	155	208
138.462	5539	154	1408
138.467	5540	154	208
138.469	5541	154	1411
138.477	5542	156	1408
138.482	5543	155	1408
138.487	5544	155	208
138.492	5545	157	1411
138.494	5546	155	1408
138.504	5547	159	1408
138.508	5548	158	1411
138.514	5549	158	208
138.516	5550	160	1408
138.519	5551	158	1408
138.522	5552	155	208
138.524	5553	157	1408
138.531	5554	159	1408
138.535	5555	156	208
138.537	5556	157	1408
138.539	5557	155	1408
138.544	5558	155	208
138.548	5560	152	1408
138.551	5561	149	208
138.555	5562	151	1411
138.56	5563	151	1408
138.568	5564	153	1411
138.572	5565	152	1408
138.577	5566	152	1411
138.582	5567	152	208
138.589	5569	152	1408
138.595	5570	152	208
138.6	5572	151	1408
138.609	5574	150	1411
138.617	5575	152	1408
138.622	5576	152	1408
138.627	5577	151	211
138.631	5578	155	1411
138.632	5579	149	208
138.634	5580	152	1408
138.645	5582	151	208
138.647	5583	152	1408
138.654	5584	154	1408
138.66	5585	153	208
138.662	5586	154	1408
138.67	5587	156	1411
138.674	5588	156	1408
138.679	5589	155	208
138.684	5590	158	1408
138.688	5592	151	208
138.697	5594	153	1408
138.707	5596	156	1408
138.711	5597	156	1408
138.716	5598	155	208
138.721	5600	153	1408
138.729	5601	155	208
138.736	5603	155	1408
138.741	5604	155	208
138.744	5605	157	1408
138.746	5606	153	1408
138.755	5607	157	1411
138.76	5608	156	208
138.763	5609	158	1408
138.77	5610	160	1408
138.773	5611	157	208
138.775	5612	160	1408
138.782	5613	161	1408
138.783	5614	159	208
138.788	5616	158	1408
138.788	5617	154	208
138.796	5619	155	1411
138.8	5620	156	1408
138.808	5621	159	1411
138.811	5622	157	208
138.813	5623	159	1408
138.823	5626	157	208
138.83	5628	159	1408
138.836	5629	154	208
138.838	5630	156	1408
138.843	5631	156	1408
138.853	5632	157	1411
138.853	5633	153	208
138.856	5634	155	1408
138.861	5636	151	208
138.866	5637	154	1408
138.873	5638	153	1408
138.874	5639	147	208
138.876	5640	148	1408
138.885	5641	150	1408
138.895	5642	152	1411
138.9	5643	150	1411
138.908	5644	149	211
138.908	5645	149	208
138.91	5646	150	1408
138.918	5647	150	1408
138.928	5648	152	1411
138.931	5649	147	208
138.933	5650	149	1408
138.941	5651	148	1411
138.948	5652	149	1408
138.953	5653	146	208
138.958	5654	149	1408
138.968	5655	151	1408
138.97	5656	149	208
138.973	5657	150	1408
138.98	5658	151	1408
138.986	5659	151	208
138.988	5660	152	1408
138.995	5661	154	1411
139.002	5662	155	1411
139.011	5663	159	1408
139.012	5664	155	208
139.017	5665	158	1408
139.021	5666	157	1408
139.029	5667	158	208
139.031	5668	160	1408
139.036	5669	160	211
139.042	5671	159	1411
139.047	5672	157	1408
139.049	5673	155	208
139.052	5674	156	1408
139.061	5675	160	1408
139.064	5676	156	208
139.066	5677	159	1408
139.071	5678	158	1411
139.078	5679	159	1408
139.086	5680	160	208
139.088	5681	163	1408
139.093	5682	162	1408
139.096	5683	159	208
139.103	5685	160	1408
139.108	5686	159	208
139.113	5688	156	1408
139.116	5689	155	208
139.119	5690	156	1408
139.123	5691	155	1408
139.128	5692	154	208
139.131	5693	155	1408
139.136	5694	155	1408
139.141	5695	155	208
139.144	5696	156	1408
139.148	5697	155	1408
139.154	5698	155	208
139.156	5699	156	1408
139.164	5701	152	208
139.166	5702	154	1408
139.173	5703	156	1408
139.179	5704	155	208
139.183	5706	154	1408
139.186	5707	151	208
139.189	5708	152	1408
139.197	5710	149	208
139.201	5711	153	1408
139.206	5712	151	1408
139.211	5713	151	208
139.213	5714	152	1408
139.219	5715	152	1408
139.221	5716	149	208
139.226	5717	153	1408
139.233	5718	154	1408
139.234	5719	150	208
139.236	5720	151	1408
139.244	5721	151	1411
139.249	5722	152	1408
139.252	5723	148	208
139.254	5724	150	1408
139.261	5725	150	1408
139.267	5726	151	208
139.269	5727	153	1408
139.274	5728	151	1408
139.289	5731	154	1408
139.294	5732	153	208
139.296	5733	154	1408
139.3	5734	154	1408
139.309	5736	150	208
139.311	5737	152	1408
139.319	5738	153	1411
139.326	5739	154	1408
139.331	5740	154	208
139.333	5741	156	1408
139.34	5742	157	1408
139.346	5743	157	208
139.351	5745	155	1408
139.358	5746	157	208
139.36	5747	158	1408
139.366	5749	153	208
139.368	5750	154	1411
139.375	5751	155	1408
139.381	5753	150	208
139.384	5754	151	1408
139.393	5755	154	1411
139.4	5756	157	1408
139.403	5757	153	1411
139.41	5758	155	208
139.412	5759	156	1408
139.42	5760	159	1408
139.423	5761	155	208
139.425	5762	157	1408
139.428	5763	154	1408
139.44	5766	154	1408
139.445	5767	153	208
139.448	5768	154	1408
139.453	5769	154	1408
139.458	5770	153	208
139.463	5772	151	1408
139.469	5773	152	208
139.473	5774	156	1408
139.476	5775	152	1408
139.483	5776	154	208
139.485	5777	156	1408
139.493	5778	157	1408
139.498	5781	151	208
139.501	5782	152	1408
139.511	5784	150	1411
139.518	5785	152	208
139.52	5786	154	1408
139.528	5787	155	1408
139.535	5788	156	208
139.537	5789	158	1408
139.539	5790	155	1408
139.545	5791	155	208
139.548	5792	156	1408
139.554	5793	157	1408
139.559	5794	157	1411
139.562	5795	154	208
139.565	5796	155	1408
139.575	5798	154	1411
139.582	5799	156	208
139.585	5800	157	1408
139.592	5801	158	1411
139.597	5802	158	1408
139.6	5803	155	208
139.602	5804	156	1408
139.607	5805	157	1408
139.614	5806	160	208
139.617	5807	161	1408
139.627	5811	156	1408
139.63	5812	155	208
139.632	5813	156	1408
139.645	5815	154	211
139.647	5816	156	1411
139.652	5817	156	208
139.654	5818	159	1408
139.66	5820	154	208
139.667	5822	155	1411
139.67	5823	153	1408
139.675	5824	153	208
139.677	5825	154	1408
139.684	5826	157	1408
139.687	5827	154	208
139.69	5828	154	1408
139.697	5829	154	1408
139.702	5830	154	211
139.704	5831	155	1411
139.723	5834	158	1411
139.725	5835	152	1408
139.734	5836	154	208
139.737	5837	155	1408
139.746	5838	156	1408
139.75	5839	152	208
139.759	5841	153	1408
139.766	5842	153	208
139.768	5843	154	1408
139.777	5844	154	1408
139.783	5845	154	1411
139.789	5846	152	208
139.791	5847	153	1408
139.801	5848	154	1408
139.805	5849	151	208
139.807	5850	152	1408
139.814	5851	153	1408
139.821	5852	155	208
139.824	5854	152	1408
139.829	5855	151	1411
139.834	5856	150	211
139.836	5857	151	1411
139.842	5858	151	208
139.844	5859	153	1408
139.851	5860	154	1411
139.854	5861	151	1408
139.859	5862	151	208
139.862	5863	152	1408
139.869	5864	153	1411
139.876	5865	155	1411
139.881	5866	154	1408
139.886	5867	153	208
139.888	5868	155	1408
139.894	5869	154	1408
139.899	5870	154	208
139.905	5872	154	1408
139.911	5873	153	208
139.913	5874	156	1408
139.918	5875	155	1408
139.922	5876	152	208
139.924	5877	153	1408
139.927	5878	151	211
139.931	5879	155	1411
139.938	5880	156	1408
139.944	5881	155	208
139.946	5882	157	1408
139.948	5883	154	1408
139.954	5884	153	208
139.956	5885	155	1408
139.963	5886	155	1408
139.968	5887	156	1411
139.974	5889	154	1408
139.981	5890	155	1408
139.984	5891	153	208
139.992	5894	149	208
139.997	5895	152	1408
140.001	5896	152	1408
140.007	5897	151	208
140.014	5899	151	1408
140.017	5900	150	208
140.022	5901	153	1408
140.029	5902	154	1411
140.034	5903	153	1408
140.036	5904	151	208
140.041	5905	154	1408
140.048	5906	156	1408
140.051	5907	152	208
140.053	5908	155	1408
140.06	5909	156	1408
140.07	5911	158	1408
140.073	5912	156	1408
140.08	5913	154	208
140.083	5914	156	1408
140.085	5915	154	1408
140.093	5916	154	208
140.095	5917	156	1408
140.105	5918	159	1408
140.112	5919	157	1411
140.12	5920	158	208
140.122	5921	160	1408
140.127	5922	159	1408
140.135	5923	160	208
140.139	5925	158	1408
140.141	5926	153	208
140.143	5927	154	1408
140.15	5928	156	1408
140.155	5929	155	208
140.158	5930	156	1408
140.165	5931	157	1408
140.168	5932	153	208
140.17	5933	155	1408
140.177	5934	156	1408
140.178	5935	150	211
140.18	5936	152	208
140.183	5937	153	1408
140.193	5939	152	208
140.2	5941	152	1411
140.205	5942	150	1408
140.215	5943	154	1408
140.219	5944	152	1411
140.227	5945	154	208
140.23	5946	155	1408
140.238	5948	151	208
140.24	5949	153	1408
140.245	5950	151	1408
140.25	5951	151	208
140.255	5952	154	1408
140.26	5953	153	1408
140.266	5954	153	208
140.271	5956	151	1408
140.279	5958	151	208
140.281	5959	153	1408
140.283	5960	149	1408
140.29	5961	150	208
140.293	5962	151	1408
140.3	5963	153	1408
140.313	5966	152	1408
140.315	5967	149	208
140.318	5968	150	1408
140.323	5969	149	1408
140.328	5970	149	208
140.333	5971	153	1408
140.34	5972	153	1408
140.348	5973	154	1411
140.351	5974	151	208
140.353	5975	152	1408
140.358	5976	151	1408
140.361	5977	149	208
140.366	5978	152	1408
140.373	5979	153	1408
140.378	5980	153	208
140.381	5981	154	1408
140.385	5982	153	1408
140.391	5983	151	208
140.396	5985	149	1411
140.404	5986	151	1411
140.406	5987	147	1408
140.412	5988	147	208
140.417	5989	151	1408
140.421	5990	151	1408
140.424	5991	148	208
140.426	5992	150	1408
140.434	5993	152	1408
140.437	5994	150	208
140.445	5997	148	1408
140.447	5998	146	208
140.45	5999	147	1408
140.459	6000	151	1408
140.462	6001	149	208
140.464	6002	151	1408
140.467	6003	147	1411
140.474	6004	150	1408
140.479	6005	149	211
140.48	6006	149	208
140.485	6008	148	1408
140.49	6009	148	208
140.493	6010	150	1408
140.498	6011	147	1408
140.51	6012	147	211
140.512	6013	150	1411
140.515	6014	148	208
140.523	6016	145	1408
140.528	6017	143	208
140.533	6018	146	1408
140.543	6019	148	1408
140.548	6020	146	208
140.553	6021	148	1408
140.562	6022	150	1408
140.568	6023	147	208
140.572	6024	151	1408
140.58	6025	149	1408
140.585	6026	146	208
140.587	6027	148	1408
140.594	6028	147	1411
140.604	6029	149	1408
140.612	6030	147	208
140.617	6031	151	1408
140.626	6032	153	1408
140.631	6033	152	208
140.634	6034	153	1408
140.641	6035	155	1408
140.644	6036	152	208
140.651	6037	158	1408
140.654	6038	154	1411
140.663	6039	156	1411
140.67	6040	157	1408
140.673	6041	154	208
140.676	6042	156	1408
140.685	6043	160	1408
140.69	6044	159	208
140.692	6045	160	1408
140.702	6046	164	1411
140.707	6047	163	1408
140.712	6048	161	208
140.719	6050	161	1408
140.722	6051	157	208
140.724	6052	159	1408
140.737	6054	159	1411
140.742	6055	158	208
140.747	6056	162	1408
140.751	6057	161	1408
140.754	6058	157	208
140.756	6059	159	1408
140.766	6060	162	1408
140.769	6061	159	208
140.775	6064	151	208
140.78	6065	155	1408
140.787	6066	157	1408
140.792	6067	156	208
140.797	6069	153	1408
140.803	6070	153	208
140.805	6071	154	1408
140.809	6072	153	1408
140.815	6073	151	208
140.819	6074	155	1408
140.822	6075	151	1408
140.827	6076	151	208
140.832	6077	155	1408
140.837	6078	154	1408
140.842	6079	153	208
140.844	6080	154	1408
140.85	6082	148	208
140.859	6084	150	1408
140.865	6085	149	208
140.867	6086	151	1408
140.875	6087	151	1408
140.876	6088	146	208
140.883	6089	152	1408
140.885	6090	148	1408
140.89	6091	147	208
140.893	6092	149	1408
140.903	6093	153	1408
140.92	6094	150	1411
140.925	6095	149	208
140.927	6096	151	1408
140.934	6097	152	1408
140.942	6098	152	1411
140.949	6099	154	208
140.952	6100	155	1408
140.959	6101	156	1408
140.96	6102	150	208
140.967	6103	156	1408
140.972	6104	155	1408
140.977	6105	154	208
140.979	6106	155	1408
140.989	6107	158	1411
140.996	6108	158	1411
141.003	6109	160	1408
141.008	6110	159	1411
141.013	6111	157	208
141.016	6112	158	1408
141.021	6113	157	1408
141.028	6114	158	208
141.031	6115	159	1408
141.036	6116	158	1408
141.039	6117	155	208
141.046	6119	155	1408
141.051	6120	154	208
141.056	6121	157	1408
141.063	6122	158	1411
141.07	6123	159	1411
141.078	6124	160	1408
141.083	6125	158	208
141.085	6126	160	1408
141.091	6127	159	1408
141.093	6128	155	208
141.096	6129	156	1408
141.101	6130	155	1408
141.108	6131	157	208
141.115	6133	156	1408
141.123	6135	156	1408
141.127	6136	155	1408
141.132	6137	153	208
141.135	6138	155	1408
141.143	6139	156	1408
141.148	6140	154	208
141.15	6141	155	1408
141.158	6143	152	208
141.163	6144	155	1408
141.175	6146	155	208
141.18	6148	152	1408
141.186	6149	152	208
141.188	6150	153	1408
141.193	6151	151	1408
141.201	6152	153	208
141.203	6153	154	1408
141.21	6154	155	1408
141.216	6155	153	208
141.223	6157	154	1408
141.224	6158	148	208
141.226	6159	149	1408
141.231	6160	147	1408
141.236	6161	147	208
141.239	6162	148	1408
141.248	6163	151	1411
141.25	6164	148	1408
141.259	6165	151	208
141.261	6166	152	1408
141.267	6168	147	208
141.27	6169	149	1408
141.277	6170	149	1408
141.279	6171	144	208
141.282	6172	146	1408
141.292	6174	146	208
141.295	6175	148	1408
141.301	6176	150	1408
141.314	6177	148	1411
141.317	6178	146	208
141.319	6179	149	1408
141.327	6180	151	211
141.328	6182	146	208
141.33	6183	147	1408
141.337	6184	150	1408
141.342	6185	150	208
141.344	6186	151	1408
141.357	6188	148	1411
141.366	6189	149	208
141.369	6190	150	1408
141.379	6191	152	1411
141.391	6192	155	1411
141.394	6193	149	1408
141.402	6194	149	208
141.404	6195	150	1408
141.413	6196	151	1408
141.419	6197	148	208
141.422	6198	149	1408
141.431	6199	151	1411
141.441	6200	151	1408
141.448	6201	151	208
141.45	6202	151	1408
141.456	6203	150	1408
141.466	6204	153	208
141.468	6205	154	1408
141.475	6206	155	1411
141.482	6207	156	1408
141.487	6208	155	208
141.489	6209	156	1408
141.497	6210	158	1408
141.504	6211	158	1411
141.505	6212	152	208
141.509	6213	156	1408
141.519	6214	160	1408
141.522	6215	155	208
141.525	6216	157	1408
141.534	6217	160	1408
141.541	6218	160	1411
141.547	6219	160	208
141.554	6221	160	1408
141.557	6222	156	208
141.559	6223	158	1408
141.572	6225	157	1408
141.575	6226	154	208
141.577	6227	156	1408
141.584	6228	157	1408
141.587	6229	152	208
141.589	6230	154	1408
141.596	6231	155	1408
141.599	6232	151	208
141.601	6233	152	1408
141.611	6234	156	1408
141.617	6235	155	208
141.619	6236	157	1408
141.624	6237	155	1408
141.627	6238	151	208
141.631	6239	155	1408
141.636	6240	153	1408
141.649	6243	152	1408
141.654	6244	150	208
141.656	6245	152	1408
141.664	6246	153	1408
141.669	6247	153	208
141.674	6248	156	1408
141.679	6249	154	1408
141.684	6250	153	208
141.687	6251	155	1408
141.692	6252	153	1408
141.697	6253	152	208
141.699	6254	154	1408
141.704	6255	152	1408
141.709	6256	151	208
141.714	6257	154	1408
141.726	6259	154	208
141.729	6260	155	1408
141.734	6261	155	1408
141.737	6262	151	208
141.739	6263	153	1408
141.746	6264	153	1408
141.752	6265	152	208
141.761	6267	154	1411
141.769	6268	155	1408
141.772	6269	152	208
141.779	6271	152	1411
141.784	6272	151	1408
141.792	6273	151	208
141.794	6274	152	1408
141.799	6275	151	1408
141.804	6276	151	208
141.807	6277	153	1408
141.812	6278	150	1408
141.82	6279	152	208
141.822	6280	153	1408
141.83	6282	148	208
141.832	6283	149	1408
141.839	6284	151	1408
141.842	6285	147	208
141.845	6286	148	1408
141.852	6287	150	211
141.855	6288	151	1411
141.864	6289	155	1408
141.869	6290	153	208
141.871	6291	154	1408
141.875	6293	145	208
141.884	6294	153	1408
141.887	6295	150	1408
141.891	6296	147	208
141.9	6298	148	1408
141.905	6299	147	208
141.908	6300	149	1408
141.913	6301	147	1408
141.92	6302	149	208
141.922	6303	150	1408
141.932	6304	153	1411
141.939	6305	154	1408
141.94	6306	149	208
141.945	6307	153	1408
141.952	6308	152	1408
141.957	6309	152	208
141.962	6310	155	1408
141.967	6311	154	1411
141.974	6312	154	1408
141.979	6313	154	208
141.982	6314	155	1408
141.989	6315	155	1411
141.998	6316	159	1408
142	6317	154	208
142.011	6320	152	208
142.014	6321	153	1408
142.024	6322	156	1408
142.031	6323	158	208
142.036	6325	156	1411
142.044	6326	156	1408
142.049	6327	156	208
142.051	6328	157	1408
142.059	6329	157	1408
142.064	6330	157	208
142.069	6332	154	1408
142.074	6333	153	208
142.077	6334	154	1408
142.081	6335	153	1411
142.09	6336	155	1408
142.094	6337	153	208
142.096	6338	155	1408
142.098	6339	152	1408
142.106	6340	154	1411
142.111	6341	155	208
142.118	6343	156	1408
142.126	6345	157	1408
142.128	6346	155	1408
142.135	6347	157	208
142.138	6348	158	1408
142.145	6349	160	1408
142.148	6350	158	208
142.161	6353	158	208
142.17	6355	158	1408
142.171	6356	153	208
142.173	6357	155	1408
142.186	6359	154	208
142.188	6360	157	1408
142.193	6361	155	1408
142.201	6362	152	208
142.203	6363	153	1408
142.215	6364	154	1411
142.222	6365	153	1411
142.23	6366	152	1408
142.24	6367	153	1411
142.247	6368	152	208
142.25	6369	153	1408
142.26	6370	154	1408
142.267	6371	154	208
142.272	6372	157	1408
142.279	6373	155	1411
142.287	6374	154	1408
142.295	6375	154	208
142.299	6376	158	1408
142.307	6377	158	1408
142.307	6378	153	208
142.316	6379	161	1408
142.319	6380	157	1408
142.329	6381	160	1411
142.334	6382	160	208
142.339	6385	156	1408
142.347	6386	157	208
142.352	6388	155	1408
142.357	6389	154	208
142.36	6390	155	1408
142.367	6391	156	1408
142.374	6392	156	1411
142.379	6393	154	1411
142.386	6394	155	1411
142.395	6395	158	1411
142.398	6396	153	208
142.4	6397	155	1408
142.41	6398	158	1408
142.412	6399	152	208
142.414	6400	153	1408
142.425	6401	158	1408
142.428	6402	154	208
142.433	6403	158	1408
142.436	6404	154	1408
142.443	6405	155	208
142.446	6406	156	1408
142.455	6407	159	1408
142.458	6408	154	208
142.46	6409	156	1408
142.471	6410	159	1408
142.473	6411	155	208
142.478	6412	158	1408
142.483	6413	156	1408
142.491	6415	157	1408
142.496	6416	155	1408
142.498	6417	151	208
142.501	6418	152	1408
142.509	6419	153	1408
142.511	6420	149	208
142.514	6421	150	1408
142.521	6422	151	1408
142.531	6424	152	1408
142.533	6425	149	1408
142.543	6426	152	1411
142.549	6427	150	211
142.549	6428	150	208
142.554	6429	153	1408
142.556	6430	149	1411
142.565	6431	151	1408
142.574	6432	152	208
142.581	6434	152	1408
142.587	6435	151	208
142.596	6437	153	1408
142.599	6438	149	208
142.601	6439	150	1408
142.611	6440	152	1408
142.619	6441	154	208
142.621	6442	155	1408
142.629	6443	155	1408
142.631	6444	151	208
142.634	6445	152	1408
142.639	6446	151	1408
142.646	6447	152	208
142.649	6448	153	1408
142.654	6449	151	1408
142.661	6450	152	208
142.664	6451	153	1408
142.671	6452	153	1408
142.674	6453	150	208
142.684	6455	151	1408
142.689	6456	151	208
142.691	6457	152	1408
142.699	6458	152	211
142.701	6459	154	1408
142.707	6460	152	208
142.714	6462	151	1408
142.721	6463	152	208
142.724	6464	153	1408
142.731	6465	154	1408
142.739	6466	155	211
142.741	6468	155	1408
142.746	6469	153	1408
142.751	6470	152	208
142.754	6471	153	1408
142.761	6472	154	1408
142.774	6475	152	1408
142.782	6476	153	208
142.789	6478	153	1411
142.796	6479	153	1408
142.804	6480	154	1411
142.807	6481	151	208
142.812	6482	155	1408
142.816	6483	153	1408
142.822	6484	152	208
142.829	6486	152	1408
142.835	6487	150	208
142.837	6488	151	1408
142.842	6489	151	1408
142.845	6490	146	208
142.85	6491	150	1408
142.852	6492	146	1408
142.861	6493	148	208
142.87	6495	149	1408
142.873	6496	146	208
142.876	6497	148	1408
142.881	6498	146	1411
142.89	6499	148	1408
142.896	6500	148	208
142.903	6502	147	1408
142.908	6503	147	208
142.912	6504	151	1408
142.915	6505	148	1411
142.921	6506	148	1408
142.923	6507	146	208
142.926	6508	147	1408
142.932	6509	149	1408
142.936	6510	147	208
142.944	6512	149	211
142.946	6513	150	1408
142.951	6514	151	208
142.958	6516	151	1408
142.962	6517	149	208
142.974	6519	150	211
142.976	6520	153	1411
142.981	6521	151	1408
142.989	6522	150	1411
142.994	6523	150	208
142.999	6525	149	1408
143.004	6526	150	208
143.014	6528	149	1408
143.021	6529	148	208
143.026	6530	152	1408
143.033	6531	150	1411
143.043	6532	151	1408
143.053	6533	152	208
143.056	6534	153	1408
143.065	6535	153	1408
143.075	6536	154	1411
143.08	6537	150	208
143.084	6538	154	1408
143.092	6539	152	1408
143.1	6540	151	208
143.105	6541	155	1408
143.114	6542	155	1411
143.123	6543	158	1408
143.127	6544	155	208
143.129	6545	156	1408
143.139	6546	159	1408
143.144	6547	158	208
143.148	6548	162	1408
143.156	6549	162	1411
143.163	6550	162	1408
143.166	6551	160	208
143.168	6552	161	1408
143.173	6553	159	1411
143.183	6554	161	1408
143.19	6555	162	1411
143.195	6556	161	208
143.197	6557	162	1408
143.204	6558	163	1408
143.21	6560	155	208
143.217	6561	161	1408
143.222	6562	160	1408
143.232	6563	162	1411
143.234	6564	158	208
143.237	6565	159	1408
143.244	6566	161	1408
143.25	6567	159	208
143.252	6568	160	1408
143.257	6569	159	1408
143.262	6570	158	208
143.268	6572	155	1408
143.271	6573	152	208
143.275	6574	156	1408
143.285	6575	158	1408
143.285	6576	152	208
143.288	6577	154	1408
143.295	6578	154	1408
143.3	6579	152	208
143.302	6580	154	1408
143.308	6581	153	1408
143.313	6582	151	208
143.318	6583	155	1408
143.32	6584	151	1408
143.326	6585	150	208
143.328	6586	151	1408
143.333	6587	149	1408
143.338	6588	149	208
143.341	6589	150	1408
143.351	6591	146	208
143.355	6592	150	1408
143.36	6593	149	1408
143.369	6594	150	208
143.371	6595	151	1408
143.378	6596	152	1408
143.383	6597	150	208
143.393	6599	152	1408
143.4	6601	153	1408
143.413	6603	151	1411
143.416	6604	148	208
143.418	6605	150	1408
143.426	6606	150	1408
143.431	6607	149	208
143.433	6608	150	1408
143.439	6609	150	1408
143.446	6610	150	208
143.449	6611	151	1408
143.454	6612	150	1408
143.461	6613	151	208
143.464	6614	152	1408
143.473	6615	155	1408
143.483	6617	152	208
143.486	6618	153	1408
143.488	6619	150	1408
143.496	6620	150	208
143.498	6621	152	1408
143.505	6622	152	1408
143.511	6623	152	208
143.514	6624	153	1408
143.518	6625	151	1408
143.525	6626	152	208
143.528	6627	153	1408
143.535	6628	154	1408
143.543	6629	155	208
143.545	6630	156	1408
143.553	6631	157	1408
143.562	6632	160	1411
143.567	6633	158	208
143.57	6634	159	1408
143.575	6635	158	1408
143.58	6636	157	208
143.583	6638	152	1408
143.59	6639	153	208
143.593	6640	154	1408
143.602	6641	157	1411
143.607	6642	156	211
143.613	6644	154	208
143.621	6646	154	1411
143.63	6647	156	1408
143.637	6648	157	208
143.642	6650	155	1408
143.648	6651	153	208
143.655	6653	153	1408
143.658	6654	150	208
143.663	6655	153	1408
143.67	6656	153	1408
143.675	6657	153	208
143.678	6658	154	1408
143.687	6659	156	1408
143.692	6660	154	1411
143.698	6661	154	208
143.707	6663	155	1408
143.71	6664	151	208
143.712	6665	154	1408
143.717	6666	152	1408
143.725	6667	153	208
143.728	6668	154	1408
143.737	6669	157	1408
143.742	6671	155	1408
143.747	6672	155	1408
143.75	6673	152	208
143.752	6674	154	1408
143.762	6675	159	1408
143.765	6676	156	208
143.767	6677	157	1408
143.77	6678	154	1408
143.773	6679	152	208
143.775	6680	154	1408
143.78	6681	154	1408
143.787	6682	155	1411
143.788	6683	150	208
143.792	6684	154	1408
143.797	6685	153	1408
143.805	6686	153	208
143.815	6688	152	1411
143.825	6689	154	1411
143.83	6690	154	1408
143.835	6691	154	208
143.845	6693	152	1411
143.855	6694	154	1408
143.862	6695	152	1411
143.872	6696	154	208
143.874	6697	155	1408
143.884	6698	156	1408
143.889	6699	152	208
143.894	6700	156	1408
143.904	6701	157	1408
143.91	6702	153	208
143.912	6703	155	1411
143.921	6704	155	1408
143.931	6705	155	1408
143.939	6706	154	208
143.941	6707	156	1408
143.949	6708	154	211
143.951	6709	156	1408
143.957	6710	154	208
143.959	6711	155	1408
143.966	6712	157	1408
143.976	6714	158	1408
143.983	6715	159	1408
143.988	6716	158	208
143.99	6717	159	1408
143.996	6718	157	1408
144.001	6719	156	208
144.003	6720	158	1408
144.01	6721	158	1408
144.016	6722	157	208
144.018	6723	158	1408
144.03	6725	157	1408
144.036	6726	156	208
144.043	6728	155	1408
144.049	6729	154	208
144.051	6730	155	1411
144.058	6731	157	1408
144.071	6733	156	208
144.076	6735	153	1408
144.084	6737	153	1408
144.086	6738	149	1408
144.093	6739	150	208
144.095	6740	151	1408
144.103	6741	152	1408
144.108	6742	151	208
144.111	6743	152	1408
144.118	6744	153	1408
144.123	6745	152	208
144.125	6746	153	1408
144.133	6747	154	1408
144.14	6748	154	208
144.143	6749	155	1408
144.145	6750	151	1408
144.153	6751	152	208
144.155	6752	154	1408
144.16	6753	153	1408
144.168	6754	153	208
144.17	6755	155	1408
144.177	6756	155	1408
144.185	6757	157	211
144.186	6758	156	208
144.188	6759	157	1408
144.196	6761	151	208
144.198	6762	153	1408
144.206	6763	154	1408
144.215	6765	156	1408
144.22	6766	155	1408
144.225	6767	153	208
144.228	6768	154	1408
144.232	6769	152	1408
144.242	6770	156	1411
144.249	6771	156	1411
144.259	6773	159	1408
144.266	6774	159	1408
144.272	6775	157	208
144.274	6776	159	1408
144.279	6777	158	1411
144.286	6778	158	1411
144.29	6779	154	211
144.292	6780	155	1408
144.3	6781	157	208
144.302	6782	158	1408
144.307	6783	156	1408
144.314	6784	158	208
144.316	6785	159	1408
144.323	6787	151	208
144.325	6788	152	1408
144.332	6789	154	1408
144.337	6790	152	208
144.34	6791	154	1408
144.347	6792	154	1408
144.354	6794	154	1408
144.359	6795	151	1408
144.369	6797	154	1408
144.374	6798	152	1408
144.382	6799	153	208
144.384	6800	154	1408
144.392	6802	149	208
144.399	6803	155	1408
144.403	6804	154	1411
144.413	6805	157	1408
144.421	6806	157	208
144.423	6807	159	1408
144.426	6808	155	211
144.428	6809	157	1408
144.436	6810	158	208
144.438	6811	159	1408
144.445	6812	159	1408
144.453	6813	160	208
144.455	6814	162	1408
144.461	6816	155	208
144.466	6818	152	211
144.471	6819	156	1408
144.479	6821	156	1408
144.481	6822	152	1408
144.489	6823	152	208
144.491	6824	154	1408
144.501	6825	157	1408
144.506	6826	155	208
144.509	6828	150	1408
144.516	6829	151	208
144.518	6830	153	1408
144.528	6831	155	1408
144.537	6832	158	1411
144.54	6833	155	208
144.542	6834	156	1408
144.552	6835	158	1408
144.56	6838	152	211
144.565	6839	156	1408
144.566	6840	150	208
144.57	6841	154	1408
144.576	6842	153	211
144.58	6843	157	1408
144.583	6844	155	208
144.591	6846	156	1408
144.594	6847	153	208
144.596	6848	156	1408
144.599	6849	153	1411
144.606	6850	155	1408
144.609	6851	152	208
144.611	6852	154	1408
144.617	6854	148	208
144.619	6855	150	1408
144.626	6856	152	1408
144.629	6857	150	208
144.632	6858	151	1408
144.636	6859	150	1408
144.644	6861	148	1408
144.651	6862	147	1408
144.656	6863	148	208
144.666	6865	149	1411
144.673	6866	151	1408
144.681	6867	150	211
144.683	6868	152	1408
144.69	6869	150	208
144.693	6870	151	1408
144.705	6871	154	1408
144.715	6872	155	1411
144.723	6873	155	208
144.725	6874	156	1408
144.737	6875	159	1408
144.755	6878	157	1408
144.758	6879	152	208
144.763	6880	156	1408
144.771	6881	154	211
144.773	6882	155	1411
144.781	6883	154	1408
144.784	6884	150	208
144.788	6885	154	1408
144.793	6886	153	1408
144.8	6887	153	1411
144.805	6888	151	208
144.808	6889	152	1408
144.817	6890	156	1408
144.825	6891	156	1411
144.828	6892	152	208
144.83	6893	154	1408
144.84	6894	157	1408
144.849	6896	158	1408
144.852	6897	155	211
144.854	6898	157	1408
144.857	6899	153	208
144.862	6900	157	1408
144.872	6901	159	1408
144.885	6903	159	208
144.892	6905	158	1408
144.899	6907	158	1408
144.909	6908	160	1408
144.923	6911	161	1408
144.926	6912	157	208
144.931	6914	154	1408
144.937	6915	153	208
144.939	6916	155	1408
144.946	6917	155	1408
144.954	6919	154	1408
144.959	6920	153	211
144.961	6921	154	1411
144.967	6922	153	1408
144.972	6923	151	208
144.974	6924	153	1408
144.979	6925	151	1408
144.987	6926	151	208
144.989	6927	152	1408
144.993	6928	151	1408
145.001	6929	152	208
145.004	6930	153	1408
145.013	6931	156	1408
145.016	6932	152	208
145.021	6933	156	1408
145.026	6934	155	1408
145.031	6935	153	208
145.033	6936	154	1408
145.041	6937	155	1408
145.044	6938	152	208
145.046	6939	153	1408
145.052	6940	152	211
145.054	6941	153	1408
145.062	6943	152	1408
145.069	6944	153	1408
145.072	6945	150	208
145.075	6946	151	1408
145.094	6949	150	1411
145.1	6950	148	211
145.1	6951	148	208
145.108	6953	148	1408
145.113	6954	147	208
145.121	6956	147	211
145.126	6958	143	1411
145.135	6959	147	1408
145.141	6960	145	208
145.145	6961	149	1408
145.153	6962	150	1408
145.158	6963	148	211
145.158	6964	147	208
145.163	6965	150	1408
145.168	6966	149	1408
145.176	6967	151	208
145.183	6969	150	1408
145.191	6970	150	208
145.198	6972	150	1408
145.206	6973	152	208
145.209	6974	153	1408
145.216	6975	153	1408
145.216	6976	147	208
145.221	6977	151	1408
145.229	6978	152	1408
145.236	6979	152	208
145.244	6981	152	1408
145.246	6982	148	208
145.251	6983	151	1408
145.258	6984	153	1408
145.266	6985	153	211
145.266	6986	153	208
145.268	6987	154	1408
145.274	6988	152	1408
145.281	6989	153	208
145.286	6991	151	1408
145.292	6992	149	208
145.294	6993	151	1408
145.301	6994	151	1411
145.309	6995	152	1411
145.316	6996	153	1411
145.324	6997	153	1408
145.333	6998	156	1411
145.34	6999	156	1411
145.345	7000	155	208
145.348	7001	156	1408
145.353	7002	154	1408
145.358	7003	153	208
145.361	7004	154	1408
145.373	7006	154	208
145.375	7007	155	1408
145.385	7008	158	1408
145.393	7009	158	1411
145.395	7010	154	208
145.398	7011	155	1408
145.408	7012	159	1411
145.415	7013	160	1408
145.417	7014	158	208
145.42	7015	159	1408
145.425	7017	154	208
145.432	7018	160	1408
145.435	7019	157	1408
145.44	7020	157	208
145.442	7021	159	1408
145.453	7024	153	208
145.457	7025	157	1408
145.462	7026	156	1408
145.467	7027	156	208
145.469	7028	157	1408
145.477	7029	159	1408
145.48	7030	156	208
145.482	7031	159	1408
145.487	7032	157	1408
145.496	7033	159	1411
145.499	7034	158	208
145.502	7035	159	1408
145.504	7036	157	1408
145.509	7037	156	208
145.512	7038	157	1408
145.521	7039	158	1408
145.525	7040	153	208
145.527	7041	154	1408
145.537	7042	154	1408
145.545	7043	154	208
145.547	7044	155	1408
145.553	7045	151	1408
145.558	7046	148	208
145.563	7047	151	1408
145.573	7048	151	1408
145.582	7049	152	1411
145.585	7050	146	208
145.59	7051	150	1408
145.595	7052	146	1408
145.603	7053	144	208
145.605	7054	146	1408
145.615	7055	148	1408
145.623	7056	149	208
145.625	7057	151	1408
145.627	7058	147	1411
145.635	7059	147	1408
145.637	7060	143	208
145.64	7061	144	1408
145.642	7062	140	1408
145.647	7063	139	1411
145.652	7064	136	1411
145.652	7065	130	208
145.657	7066	134	1408
145.659	7067	129	1408
145.662	7068	125	208
145.664	7069	126	1408
145.667	7070	121	1408
145.667	7071	114	208
145.669	7072	116	1408
145.672	7073	111	1408
145.672	7074	104	208
145.674	7075	106	1408
145.677	7076	101	1408
145.677	7077	94	208
145.679	7078	96	1408
145.682	7079	91	1408
145.682	7080	84	208
145.684	7081	86	1408
145.687	7082	81	1408
145.687	7083	74	208
145.689	7084	76	1408
145.692	7085	71	1408
145.692	7086	64	208
145.694	7087	66	1408
145.789	7088	52	1408
145.79	7089	50	208
145.793	7090	52	1408
145.8	7091	52	1408
145.805	7092	51	208
145.808	7093	52	1408
145.891	7094	53	1408
145.896	7095	51	208
145.899	7096	52	1408
145.906	7097	52	1408
145.913	7098	52	208
145.915	7099	54	1408
145.995	7100	53	1408
146.002	7101	54	208
146.005	7102	55	1408
146.012	7103	56	1408
146.02	7104	56	208
146.022	7105	57	1408
146.03	7106	58	1408
146.037	7107	59	208
146.04	7108	60	1408
146.05	7109	63	1408
146.055	7110	61	208
146.06	7111	65	1408
146.067	7112	66	1408
146.075	7113	66	208
146.077	7114	67	1408
146.085	7115	68	1408
146.092	7116	69	208
146.097	7117	72	1408
146.102	7118	71	1408
146.11	7119	71	208
146.114	7120	75	1408
146.122	7121	76	1408
146.13	7122	76	208
146.134	7123	80	1408
146.142	7124	80	1408
146.147	7125	78	208
146.152	7126	82	1408
146.157	7127	80	1408
146.165	7128	81	208
146.167	7129	82	1408
146.174	7130	83	1408
146.18	7131	81	208
146.182	7132	82	1408
146.189	7133	83	1408
146.197	7134	84	208
146.2	7135	85	1408
146.206	7136	85	1408
146.212	7137	83	208
146.214	7138	85	1408
146.224	7139	88	1408
146.229	7140	86	208
146.234	7141	90	1408
146.241	7142	90	1408
146.247	7143	89	208
146.249	7144	90	1408
146.256	7145	90	1408
146.264	7146	90	208
146.267	7147	91	1408
146.276	7148	94	1408
146.282	7149	92	208
146.284	7150	94	1408
146.294	7151	96	1408
146.299	7152	95	208
146.301	7153	96	1408
146.311	7154	99	1408
146.317	7155	97	208
146.319	7156	99	1408
146.328	7157	101	1408
146.339	7158	105	208
146.341	7159	106	1408
146.349	7160	106	1408
146.354	7161	104	208
146.356	7162	105	1408
146.366	7163	111	1408
146.371	7164	110	208
146.376	7165	113	1408
146.381	7166	113	1408
146.389	7167	115	208
146.391	7168	117	1408
146.396	7169	117	1408
146.404	7170	118	208
146.406	7171	119	1408
146.412	7172	120	1408
146.419	7173	121	208
146.423	7174	125	1408
146.428	7175	125	1408
146.436	7176	127	208
146.439	7177	128	1408
146.446	7178	130	1408
146.449	7179	127	208
146.453	7180	131	1408
146.461	7181	132	1408
146.464	7182	130	208
146.466	7183	131	1408
146.473	7184	133	1408
146.479	7185	133	208
146.483	7186	137	1408
146.486	7187	133	1408
146.494	7188	132	208
146.499	7189	136	1408
146.508	7190	136	1408
146.519	7191	137	208
146.521	7192	137	1408
146.53	7193	138	1408
146.538	7194	137	208
146.541	7195	138	1408
146.553	7196	140	1408
146.561	7197	140	208
146.563	7198	140	1408
146.573	7199	140	1408
146.581	7200	140	208
146.586	7201	142	1408
146.596	7202	143	1408
146.606	7203	144	208
146.608	7204	144	1408
146.618	7205	147	1408
146.626	7206	148	208
146.628	7207	149	1408
146.635	7208	150	1408
146.643	7209	151	208
146.645	7210	152	1408
146.655	7211	155	1408
146.658	7212	150	208
146.66	7213	152	1408
146.67	7214	155	1408
146.675	7215	153	208
146.678	7216	154	1408
146.688	7217	157	1408
146.691	7218	153	208
146.693	7219	154	1408
146.698	7220	152	1408
146.706	7221	153	208
146.708	7222	154	1408
146.715	7223	155	1408
146.723	7225	154	1408
146.73	7226	155	1408
146.733	7227	150	208
146.738	7228	154	1408
146.743	7229	152	1408
146.748	7230	151	208
146.753	7231	154	1408
146.764	7233	151	208
146.768	7234	155	1408
146.773	7235	153	1408
146.774	7236	146	208
146.776	7237	148	1408
146.786	7238	150	1408
146.792	7239	149	208
146.794	7240	150	1408
146.801	7241	150	1408
146.804	7242	147	208
146.809	7243	151	1408
146.814	7244	148	1408
146.822	7245	149	208
146.824	7246	150	1408
146.831	7247	150	1408
146.837	7248	148	208
146.839	7249	150	1408
146.847	7250	150	1408
146.85	7251	146	208
146.852	7252	148	1408
146.857	7253	146	1408
146.865	7254	147	208
146.867	7255	148	1408
146.874	7256	148	1408
146.883	7257	149	208
146.892	7259	150	1408
146.895	7260	147	208
146.898	7261	148	1408
146.902	7262	146	1408
146.91	7263	147	208
146.913	7264	148	1408
146.922	7265	150	1408
146.928	7266	149	211
146.928	7267	149	208
146.93	7268	150	1408
146.94	7269	152	1408
146.943	7270	148	208
146.952	7272	150	1408
146.96	7273	151	208
146.963	7274	152	1408
146.972	7275	155	1411
146.982	7276	157	1408
146.987	7277	155	208
146.989	7278	157	1408
146.997	7279	157	1408
147.002	7280	155	208
147.004	7281	156	1408
147.012	7282	157	1408
147.014	7283	153	208
147.019	7284	156	1408
147.028	7285	159	1408
147.034	7286	156	208
147.036	7287	158	1408
147.044	7288	158	1408
147.048	7289	156	208
147.053	7290	160	1408
147.061	7291	160	1408
147.066	7292	158	208
147.068	7293	160	1408
147.081	7295	158	208
147.085	7296	162	1408
147.09	7297	160	1408
147.093	7298	155	208
147.095	7299	157	1408
147.103	7300	157	1411
147.11	7301	157	1408
147.115	7302	157	208
147.12	7303	160	1408
147.125	7304	158	1408
147.13	7305	157	208
147.133	7306	158	1408
147.137	7307	156	1408
147.14	7308	152	208
147.143	7309	153	1408
147.151	7310	154	1408
147.16	7311	156	1411
147.165	7312	155	208
147.168	7313	156	1408
147.178	7315	153	208
147.18	7316	154	1408
147.187	7317	154	1408
147.197	7319	156	1408
147.205	7320	156	1408
147.21	7321	154	208
147.212	7322	156	1408
147.217	7323	154	1408
147.221	7324	151	208
147.231	7327	146	208
147.233	7328	147	1408
147.243	7329	151	1408
147.246	7330	150	208
147.251	7331	153	1408
147.255	7332	153	1408
147.259	7333	150	208
147.264	7335	149	1408
147.269	7336	148	208
147.271	7337	149	1408
147.279	7338	152	1408
147.286	7339	153	1411
147.289	7340	151	208
147.296	7342	151	1408
147.296	7343	147	208
147.301	7344	150	1408
147.308	7345	151	1408
147.313	7346	152	208
147.316	7348	148	1408
147.323	7349	150	208
147.326	7350	151	1408
147.331	7351	151	1408
147.336	7352	151	208
147.338	7353	152	1408
147.35	7354	154	1408
147.356	7355	150	208
147.36	7356	154	1408
147.37	7357	154	1408
147.378	7358	153	208
147.38	7359	154	1408
147.389	7360	154	1411
147.4	7361	155	1408
147.408	7362	154	211
147.408	7363	153	208
147.418	7365	153	1408
147.428	7366	152	208
147.43	7367	154	1408
147.44	7368	155	1411
147.45	7369	157	1411
147.46	7371	154	208
147.463	7372	155	1408
147.475	7374	153	1408
147.482	7375	154	208
147.485	7376	155	1408
147.494	7377	157	1408
147.5	7378	156	208
147.512	7381	153	1408
147.517	7382	153	208
147.52	7383	154	1408
147.527	7384	154	1411
147.537	7385	157	1408
147.542	7386	155	208
147.544	7387	157	1408
147.549	7388	155	1408
147.557	7389	155	208
147.559	7390	157	1408
147.567	7391	157	1408
147.576	7393	159	1408
147.586	7395	155	208
147.589	7396	156	1408
147.596	7397	157	1408
147.601	7398	155	208
147.604	7399	156	1408
147.613	7400	159	1408
147.623	7402	161	1408
147.628	7403	159	1411
147.635	7404	160	1408
147.641	7405	158	208
147.647	7408	149	208
147.649	7409	151	1408
147.656	7410	151	1408
147.666	7411	154	1411
147.673	7412	154	208
147.676	7413	155	1408
147.686	7414	158	1411
147.69	7415	156	1408
147.694	7416	152	208
147.696	7417	153	1408
147.706	7418	156	1408
147.711	7419	155	208
147.719	7421	154	1411
147.731	7423	153	1408
147.741	7425	155	1408
147.748	7426	155	1408
147.748	7427	149	208
147.751	7428	151	1408
147.761	7429	153	1408
147.766	7430	152	208
147.771	7431	155	1408
147.781	7433	152	211
147.781	7434	151	208
147.786	7435	155	1408
147.791	7436	152	1411
147.796	7437	150	1408
147.801	7438	149	208
147.806	7439	152	1408
147.813	7440	153	1408
147.821	7441	153	208
147.823	7442	155	1408
147.827	7443	152	211
147.832	7445	150	208
147.834	7446	151	1408
147.842	7447	151	1408
147.849	7448	151	1411
147.858	7449	154	1411
147.864	7450	152	208
147.871	7452	151	1408
147.879	7453	152	208
147.881	7454	153	1408
147.891	7455	156	1408
147.894	7456	152	208
147.901	7458	151	1408
147.909	7459	152	208
147.911	7460	154	1408
147.918	7461	154	1408
147.928	7462	157	1411
147.931	7463	153	208
147.933	7464	155	1408
147.94	7465	155	1411
147.948	7466	156	211
147.951	7467	157	1408
147.958	7468	157	208
147.961	7470	153	1408
147.969	7471	153	208
147.971	7472	154	1408
147.974	7473	150	1408
147.981	7474	150	208
147.983	7475	152	1411
147.989	7476	150	1408
147.996	7477	151	1408
148.004	7478	151	208
148.006	7479	152	1408
148.014	7480	153	1408
148.021	7481	154	208
148.026	7483	151	1408
148.032	7484	150	208
148.034	7485	151	1411
148.046	7487	150	1408
148.054	7488	150	208
148.056	7489	152	1408
148.066	7490	155	1408
148.068	7491	153	208
148.071	7492	155	1408
148.076	7493	155	1411
148.085	7495	151	208
148.091	7497	152	1408
148.096	7498	152	208
148.099	7499	153	1408
148.106	7500	155	1411
148.111	7501	154	1408
148.118	7502	155	208
148.12	7503	157	1408
148.129	7505	150	208
148.131	7506	152	1408
148.138	7507	153	1408
148.144	7508	153	208
148.146	7509	156	1408
148.155	7510	155	1408
148.164	7511	152	1411
148.171	7512	150	208
148.173	7513	152	1408
148.183	7514	153	1408
148.19	7515	150	208
148.195	7516	153	1408
148.203	7517	152	1408
148.21	7518	151	208
148.215	7519	153	1408
148.222	7520	152	1408
148.232	7521	153	1411
148.242	7522	153	208
148.247	7523	157	1408
148.257	7524	157	1411
148.266	7525	158	1408
148.274	7526	159	208
148.277	7527	160	1408
148.284	7528	160	1408
148.294	7530	162	1408
148.299	7531	160	1411
148.308	7532	162	1411
148.315	7533	163	1408
148.319	7534	159	208
148.321	7535	160	1408
148.327	7536	159	1408
148.333	7538	158	1408
148.336	7539	154	1411
148.343	7540	155	1408
148.348	7541	153	208
148.351	7542	155	1408
148.361	7543	157	1408
148.366	7544	156	208
148.373	7546	154	1408
148.381	7547	156	208
148.383	7548	157	1408
148.388	7549	155	1408
148.396	7550	156	208
148.398	7551	157	1408
148.407	7553	151	208
148.414	7555	150	1408
148.419	7556	149	208
148.422	7557	150	1408
148.431	7558	153	1408
148.432	7559	148	208
148.442	7561	149	1408
148.447	7562	147	208
148.45	7563	149	1408
148.462	7565	147	208
148.465	7566	150	1408
148.475	7568	145	208
148.48	7569	149	1408
148.487	7570	150	1408
148.49	7571	146	211
148.493	7572	148	208
148.495	7573	149	1408
148.498	7574	144	1408
148.505	7575	145	208
148.508	7576	146	1408
148.518	7577	149	1408
148.525	7578	150	208
148.528	7579	151	1408
148.531	7580	147	211
148.535	7581	151	1408
148.538	7582	147	208
148.543	7583	150	1408
148.55	7584	151	1408
148.557	7585	152	208
148.559	7586	153	1408
148.569	7587	155	1408
148.574	7588	154	208
148.577	7589	155	1408
148.586	7590	158	1411
148.594	7591	158	1408
148.599	7592	157	208
148.604	7593	160	1408
148.611	7594	160	1408
148.618	7595	161	1411
148.628	7596	163	1411
148.633	7597	162	208
148.635	7598	163	1408
148.642	7599	163	1408
148.645	7600	158	208
148.65	7601	162	1408
148.655	7602	161	1411
148.662	7603	162	1408
148.669	7604	162	208
148.676	7606	161	1411
148.682	7607	159	1408
148.691	7608	161	1411
148.701	7610	163	1408
148.708	7611	164	1408
148.711	7612	160	208
148.716	7613	163	1408
148.723	7614	164	1408
148.73	7615	164	208
148.733	7616	165	1408
148.738	7617	163	1408
148.743	7618	162	208
148.745	7619	163	1408
148.752	7621	156	208
148.754	7622	158	1408
148.758	7624	148	208
148.763	7625	151	1408
148.768	7626	149	1408
148.773	7627	147	208
148.775	7628	148	1408
148.781	7629	147	1408
148.788	7630	148	208
148.79	7631	149	1408
148.798	7632	149	1408
148.803	7633	147	208
148.805	7634	149	1408
148.81	7635	147	1408
148.816	7636	145	208
148.818	7637	147	1408
148.824	7639	139	208
148.826	7640	140	1408
148.834	7641	140	1408
148.837	7642	137	208
148.841	7643	141	1408
148.849	7644	141	1408
148.854	7645	140	208
148.857	7646	141	1408
148.864	7647	142	1408
148.874	7648	144	1411
148.879	7649	143	208
148.881	7650	145	1408
148.889	7651	147	1408
148.894	7652	147	208
148.897	7653	149	1408
148.904	7654	151	211
148.905	7656	145	208
148.915	7658	148	1408
148.922	7659	149	208
148.93	7660	150	1408
148.933	7661	147	1408
148.941	7662	149	208
148.943	7663	149	1408
148.95	7664	151	1408
148.955	7665	150	1411
148.962	7666	153	1411
148.969	7667	154	208
148.972	7668	156	1408
148.974	7669	153	1408
148.979	7670	152	208
148.981	7671	154	1408
148.989	7672	155	1408
148.994	7673	152	208
148.999	7674	155	1408
149.006	7675	153	1408
149.014	7676	152	208
149.021	7677	158	1408
149.028	7678	156	1408
149.04	7679	158	1411
149.045	7680	154	208
149.048	7681	156	1408
149.057	7682	155	1408
149.065	7683	154	208
149.07	7684	157	1408
149.08	7685	158	1408
149.088	7686	156	208
149.09	7687	158	1408
149.093	7688	153	1408
149.101	7689	155	208
149.103	7690	156	1408
149.113	7691	159	1408
149.125	7693	158	1411
149.132	7694	158	208
149.145	7698	155	1408
149.152	7699	155	1408
149.158	7700	153	208
149.16	7701	155	1408
149.167	7702	155	1408
149.175	7704	155	1408
149.182	7705	154	1408
149.185	7706	151	208
149.188	7707	152	1408
149.197	7708	155	1408
149.2	7709	151	208
149.205	7710	155	1408
149.212	7711	156	1408
149.215	7712	151	208
149.22	7713	155	1408
149.225	7714	153	1408
149.232	7715	154	208
149.235	7716	155	1408
149.237	7717	151	1408
149.245	7718	150	208
149.247	7719	152	1408
149.257	7720	155	1408
149.26	7721	151	208
149.267	7722	157	1408
149.269	7723	152	1408
149.277	7724	153	208
149.279	7725	154	1408
149.287	7726	155	1408
149.292	7727	153	208
149.297	7728	157	1408
149.302	7729	154	1408
149.305	7730	150	208
149.307	7731	151	1408
149.317	7732	154	1408
149.325	7733	155	208
149.332	7735	154	1411
149.342	7736	157	1408
149.351	7737	156	1411
149.361	7738	158	1411
149.368	7739	159	211
149.369	7740	158	208
149.371	7741	160	1408
149.376	7742	158	1408
149.379	7743	153	208
149.38	7744	153	211
149.382	7745	155	1408
149.387	7746	152	1408
149.394	7747	153	208
149.399	7748	156	1408
149.406	7749	156	1408
149.412	7750	155	208
149.414	7751	157	1408
149.419	7752	155	1408
149.424	7753	153	208
149.427	7754	154	1408
149.436	7755	156	1408
149.451	7758	156	1408
149.456	7759	155	208
149.465	7761	156	1408
149.471	7762	154	208
149.48	7764	156	1408
149.488	7765	157	208
149.491	7766	158	1408
149.496	7767	157	1408
149.499	7768	153	208
149.506	7770	152	1408
149.514	7771	152	208
149.516	7772	154	1408
149.531	7774	154	208
149.534	7775	155	1408
149.539	7776	153	1411
149.548	7777	155	1408
149.554	7778	154	208
149.559	7780	151	1408
149.564	7781	149	208
149.566	7782	151	1408
149.574	7783	151	1408
149.579	7784	149	208
149.583	7785	153	1408
149.59	7786	153	1408
149.599	7787	154	208
149.601	7788	155	1408
149.61	7789	158	1408
149.613	7790	154	208
149.616	7791	155	1408
149.623	7792	156	1408
149.626	7793	152	208
149.631	7794	155	1408
149.638	7795	155	1408
149.643	7796	154	208
149.648	7797	157	1408
149.651	7798	154	1408
149.656	7799	152	211
149.661	7800	155	1411
149.661	7801	149	208
149.665	7802	151	1408
149.671	7803	151	1411
149.679	7804	151	1408
149.686	7805	152	1411
149.694	7806	153	208
149.701	7808	152	1408
149.709	7809	152	1411
149.716	7810	152	208
149.719	7811	154	1408
149.724	7812	153	1408
149.729	7813	152	208
149.731	7814	154	1408
149.739	7816	150	1408
149.744	7817	151	208
149.752	7819	151	1408
149.762	7820	153	1411
149.764	7821	151	208
149.767	7822	152	1408
149.776	7823	156	1408
149.777	7824	151	208
149.783	7825	157	1408
149.788	7826	155	1408
149.794	7827	153	208
149.803	7829	153	1408
149.809	7830	149	208
149.811	7831	151	1408
149.821	7832	155	1408
149.831	7834	154	1408
149.841	7835	154	1408
149.846	7836	150	208
149.853	7837	155	1408
149.86	7838	154	1408
149.868	7839	151	208
149.872	7840	155	1408
149.88	7841	154	1408
149.888	7842	151	208
149.89	7843	153	1408
149.902	7844	156	1408
149.912	7845	155	1411
149.92	7846	155	208
149.925	7847	158	1408
149.934	7848	161	1408
149.94	7849	158	208
149.947	7851	158	1411
149.952	7852	156	1408
149.96	7853	156	1411
149.967	7854	157	208
149.974	7856	156	1408
149.979	7857	154	208
149.983	7858	156	1408
149.988	7859	154	1408
149.99	7860	150	208
149.996	7861	154	1408
149.998	7862	150	1408
150.007	7863	152	1411
150.013	7864	151	208
150.023	7866	152	1408
150.028	7867	151	208
150.031	7868	152	1408
150.033	7869	148	211
150.035	7870	149	1408
150.041	7871	148	208
150.044	7872	149	1408
150.053	7873	152	1408
150.058	7874	150	208
150.061	7875	151	1408
150.069	7877	145	208
150.073	7878	149	1408
150.08	7879	149	1408
150.086	7880	148	208
150.091	7881	152	1408
150.096	7882	149	1408
150.101	7883	148	208
150.106	7884	152	1408
150.113	7885	151	1408
150.118	7886	148	208
150.12	7887	150	1408
150.13	7888	153	1408
150.137	7889	153	208
150.14	7890	154	1408
150.148	7891	155	1408
150.155	7892	155	1411
150.162	7893	156	208
150.165	7894	157	1408
150.172	7895	157	1408
150.177	7896	156	208
150.182	7897	159	1408
150.187	7898	157	1411
150.197	7899	160	1408
150.202	7900	158	208
150.204	7901	160	1408
150.211	7902	160	1408
150.216	7903	158	208
150.221	7904	162	1408
150.226	7905	160	1408
150.231	7906	158	1411
150.239	7907	158	208
150.241	7908	160	1408
150.246	7909	158	1408
150.251	7910	156	208
150.254	7911	158	1408
150.259	7912	156	1408
150.267	7913	156	208
150.275	7916	149	1411
150.283	7917	150	208
150.285	7918	151	1408
150.292	7919	152	1408
150.298	7920	150	208
150.306	7922	150	1408
150.309	7923	145	208
150.311	7924	146	1408
150.315	7925	144	1408
150.321	7926	143	208
150.324	7927	144	1408
150.329	7928	142	1408
150.337	7929	143	208
150.339	7930	144	1408
150.344	7931	143	1408
150.352	7932	143	208
150.354	7933	144	1408
150.362	7934	145	1408
150.369	7935	146	208
150.371	7936	147	1408
150.377	7937	146	1408
150.38	7938	141	208
150.385	7939	145	1408
150.392	7940	145	1408
150.397	7941	144	208
150.399	7942	145	1408
150.407	7943	145	1408
150.412	7944	144	208
150.414	7945	145	1408
150.422	7946	145	1408
150.427	7947	144	208
150.432	7948	147	1408
150.439	7949	147	1408
150.446	7950	148	208
150.449	7951	149	1408
150.458	7952	152	1408
150.466	7953	152	208
150.468	7954	154	1408
150.478	7955	156	1408
150.485	7956	157	1411
150.495	7957	159	1411
150.497	7958	155	208
150.5	7959	156	1408
150.509	7960	159	1408
150.519	7961	160	1411
150.524	7962	158	208
150.526	7963	160	1408
150.534	7964	160	1408
150.541	7965	161	208
150.544	7966	162	1408
150.551	7967	162	1408
150.556	7968	162	208
150.558	7969	163	1408
150.563	7970	162	1408
150.568	7971	163	208
150.578	7973	165	1408
150.578	7974	161	208
150.583	7975	164	1408
150.587	7976	163	1408
150.597	7978	167	1408
150.604	7979	167	1408
150.607	7980	165	208
150.612	7982	164	1408
150.615	7983	161	208
150.622	7985	162	1408
150.625	7986	159	208
150.63	7988	158	1408
150.638	7989	156	208
150.64	7990	159	1408
150.645	7991	157	1408
150.651	7992	152	208
150.655	7993	156	1408
150.663	7994	155	1408
150.671	7995	152	208
150.673	7996	153	1408
150.683	7997	154	1408
150.688	7998	150	208
150.693	7999	153	1408
150.698	8000	149	1408
150.701	8001	142	208
150.703	8002	144	1408
150.716	8003	146	1408
150.723	8004	145	208
150.726	8005	146	1408
150.738	8006	148	1408
150.744	8007	145	208
150.751	8008	151	1408
150.758	8009	151	1408
150.761	8010	148	208
150.766	8011	151	1408
150.775	8012	154	1408
150.783	8013	154	1411
150.786	8014	150	208
150.788	8015	152	1408
150.795	8016	152	1408
150.801	8017	150	211
150.801	8018	150	208
150.804	8019	151	1408
150.816	8021	150	1411
150.826	8022	153	1411
150.833	8023	153	1411
150.841	8024	153	208
150.848	8026	152	1408
150.856	8027	152	208
150.858	8028	153	1408
150.866	8029	154	1408
150.868	8030	150	208
150.871	8031	151	1408
150.878	8032	151	1408
150.884	8033	150	208
150.893	8035	151	1408
150.899	8036	150	208
150.903	8037	154	1408
150.908	8038	151	1408
150.914	8039	150	208
150.916	8040	151	1408
150.925	8041	154	1408
150.931	8042	152	208
150.933	8043	154	1408
150.94	8044	153	1408
150.948	8045	154	208
150.958	8046	157	1408
150.964	8048	149	208
150.968	8049	153	1408
150.978	8050	152	1408
150.984	8051	151	208
150.986	8052	152	1408
150.996	8053	155	1408
151.003	8055	154	1408
151.01	8056	155	1408
151.013	8057	150	208
151.018	8058	154	1408
151.025	8059	154	1411
151.034	8060	157	1408
151.042	8061	157	208
151.044	8062	159	1408
151.056	8064	157	1411
151.062	8065	155	208
151.064	8066	157	1408
151.074	8067	159	1408
151.079	8068	158	208
151.089	8070	160	1408
151.096	8071	160	208
151.099	8072	161	1408
151.109	8074	158	1408
151.114	8075	156	208
151.117	8076	157	1408
151.121	8077	155	1408
151.127	8078	154	208
151.129	8079	155	1408
151.137	8080	155	1408
151.144	8082	155	1408
151.149	8083	152	1408
151.157	8084	153	208
151.164	8086	152	1408
151.174	8087	155	1411
151.179	8088	153	208
151.189	8090	154	1408
151.192	8091	150	208
151.2	8093	150	1408
151.205	8094	148	211
151.205	8095	148	208
151.21	8096	151	1408
151.217	8097	151	1408
151.222	8098	150	208
151.225	8099	151	1408
151.232	8100	152	1408
151.238	8101	150	208
151.242	8102	154	1408
151.247	8103	151	1408
151.252	8104	150	208
151.254	8105	151	1408
151.264	8106	154	1411
151.269	8107	152	1408
151.277	8108	153	208
151.279	8109	154	1408
151.287	8110	154	1408
151.289	8111	150	1411
151.297	8112	150	208
151.299	8113	151	1408
151.309	8114	154	1408
151.316	8115	155	1411
151.324	8116	155	208
151.326	8117	157	1408
151.331	8118	154	1408
151.338	8119	155	208
151.343	8120	159	1408
151.348	8121	156	1408
151.354	8122	155	211
151.354	8123	155	208
151.357	8124	155	1408
151.363	8125	155	1408
151.371	8126	156	1411
151.374	8127	153	208
151.378	8128	157	1408
151.381	8129	154	1408
151.389	8130	156	208
151.394	8132	155	1411
151.399	8133	154	1408
151.406	8134	155	1411
151.411	8135	155	208
151.416	8137	154	1408
151.422	8138	153	208
151.424	8139	155	1408
151.429	8140	154	1408
151.444	8143	151	1408
151.449	8144	151	208
151.458	8146	154	1408
151.467	8147	152	208
151.469	8148	154	1408
151.476	8149	155	1408
151.482	8150	152	208
151.486	8151	155	1408
151.494	8152	153	1408
151.499	8153	149	208
151.504	8154	152	1408
151.512	8155	151	1408
151.519	8156	149	208
151.524	8157	152	1408
151.531	8158	150	1408
151.539	8159	149	208
151.541	8160	150	1408
151.551	8161	150	1408
151.559	8162	149	208
151.561	8163	149	1408
151.573	8164	152	1408
151.579	8165	151	208
151.581	8166	152	1408
151.588	8167	152	1408
151.591	8168	148	208
151.596	8169	151	1411
151.605	8170	154	1408
151.615	8171	156	1408
151.62	8172	155	208
151.623	8173	156	1411
151.63	8174	156	1408
151.639	8175	158	1408
151.645	8176	156	208
151.647	8177	157	1408
151.657	8178	160	211
151.659	8179	162	1411
151.664	8180	160	1408
151.669	8181	158	1411
151.677	8182	159	208
151.68	8183	160	1408
151.686	8184	160	1408
151.694	8185	161	208
151.701	8187	160	1408
151.704	8188	156	208
151.707	8189	157	1408
151.714	8190	158	1408
151.721	8191	158	208
151.731	8193	158	1408
151.736	8194	157	208
151.739	8195	158	1408
151.744	8196	156	1408
151.749	8197	154	208
151.753	8198	158	1408
151.756	8199	154	1408
151.762	8200	152	208
151.766	8201	156	1408
151.772	8202	154	1408
151.779	8203	154	208
151.781	8204	156	1408
151.788	8205	156	1408
151.796	8206	157	208
151.798	8207	158	1408
151.811	8209	157	208
151.816	8211	154	1408
151.821	8212	152	208
151.826	8213	155	1408
151.834	8214	155	1408
151.839	8215	153	208
151.841	8216	154	1408
151.854	8218	153	208
151.856	8219	154	1408
151.863	8220	155	1408
151.873	8222	157	1408
151.885	8224	155	208
151.888	8225	156	1408
151.894	8226	155	1408
151.896	8227	151	208
151.901	8228	154	1408
151.906	8229	152	1411
151.916	8230	155	1408
151.921	8231	153	208
151.923	8232	155	1408
151.931	8233	154	1408
151.94	8234	156	1411
151.946	8235	155	208
151.955	8237	157	1408
151.96	8238	155	208
151.965	8239	158	1408
151.972	8240	159	1408
151.982	8242	160	1408
151.991	8243	162	1408
151.994	8244	159	208
152.003	8246	160	1408
152.006	8247	156	208
152.009	8248	157	1408
152.021	8249	160	1411
152.029	8250	160	1411
152.038	8251	163	1408
152.042	8252	159	208
152.047	8254	156	1408
152.05	8255	152	208
152.054	8256	156	1408
152.062	8257	156	1411
152.067	8258	154	1408
152.077	8260	156	1408
152.08	8261	153	211
152.087	8263	152	1411
152.093	8264	150	208
152.098	8266	147	1408
152.107	8267	150	208
152.11	8268	150	1408
152.119	8269	153	1408
152.123	8270	149	208
152.125	8271	150	1408
152.132	8272	151	1408
152.133	8273	144	208
152.135	8274	146	1408
152.145	8275	149	1408
152.151	8276	147	208
152.153	8277	149	1408
152.161	8278	149	1411
152.168	8279	150	1408
152.181	8282	148	211
152.184	8283	149	1408
152.189	8284	147	208
152.191	8285	149	1408
152.197	8286	147	1408
152.202	8287	146	1411
152.207	8288	146	208
152.212	8290	144	1408
152.219	8291	146	208
152.222	8292	147	1408
152.227	8293	147	1408
152.235	8294	146	208
152.237	8295	148	1408
152.244	8296	147	1411
152.246	8297	144	1408
152.254	8298	146	208
152.256	8299	147	1408
152.266	8300	152	1408
152.269	8301	148	208
152.271	8302	150	1408
152.279	8303	152	211
152.281	8304	153	1408
152.291	8305	154	1411
152.294	8306	152	208
152.304	8308	154	1411
152.313	8309	155	1408
152.321	8310	154	208
152.324	8311	154	1408
152.333	8312	155	1408
152.336	8313	148	208
152.341	8314	151	1408
152.348	8315	150	1408
152.356	8316	148	208
152.358	8317	149	1408
152.37	8318	151	1408
152.376	8319	148	208
152.381	8320	152	1408
152.391	8321	151	211
152.393	8322	153	1411
152.403	8323	152	1408
152.411	8324	151	208
152.413	8325	152	1408
152.423	8326	155	1411
152.43	8327	156	1408
152.438	8328	156	208
152.447	8330	158	1408
152.451	8331	154	208
152.453	8332	155	1408
152.464	8334	151	208
152.468	8335	155	1408
152.474	8336	153	1408
152.479	8337	151	208
152.481	8338	152	1408
152.49	8339	155	1408
152.491	8340	149	208
152.493	8341	150	1408
152.503	8342	152	1408
152.51	8343	153	1411
152.518	8344	154	208
152.52	8345	155	1408
152.525	8346	153	1408
152.531	8347	151	208
152.535	8348	155	1408
152.542	8349	155	1408
152.548	8350	153	208
152.55	8351	155	1408
152.557	8352	154	1408
152.56	8353	150	208
152.565	8354	154	1408
152.572	8355	154	1408
152.58	8356	154	208
152.582	8357	156	1408
152.59	8358	156	1408
152.597	8359	157	208
152.599	8360	158	1408
152.605	8361	156	1408
152.608	8362	152	208
152.61	8363	154	1408
152.617	8364	154	1408
152.623	8365	152	208
152.625	8366	154	1408
152.634	8367	156	1408
152.64	8368	154	208
152.642	8369	155	1408
152.655	8371	154	1411
152.662	8372	154	208
152.672	8374	155	1411
152.679	8375	156	1408
152.683	8376	152	208
152.69	8378	151	1408
152.697	8379	152	208
152.699	8380	153	1408
152.704	8381	151	1408
152.712	8382	152	208
152.715	8383	153	1408
152.722	8384	154	1408
152.727	8385	152	208
152.729	8386	153	1408
152.74	8388	150	208
152.742	8389	151	1408
152.75	8390	151	1408
152.76	8392	153	1408
152.769	8393	155	1408
152.77	8394	148	208
152.773	8395	150	1408
152.778	8396	148	1408
152.785	8397	148	208
152.787	8398	150	1408
152.797	8399	153	1408
152.8	8400	148	208
152.805	8401	152	1408
152.81	8402	150	1408
152.818	8403	151	208
152.82	8404	152	1408
152.827	8405	153	1408
152.835	8406	153	208
152.837	8407	155	1408
152.845	8409	149	208
152.85	8410	153	1408
152.857	8411	152	1411
152.864	8412	152	1408
152.872	8413	153	208
152.875	8414	154	1408
152.884	8415	157	1411
152.892	8416	157	1408
152.899	8417	157	1411
152.902	8418	153	208
152.911	8420	155	1408
152.917	8421	153	208
152.922	8422	157	1408
152.932	8424	153	208
152.937	8425	157	1408
152.942	8426	155	1408
152.949	8427	155	1411
152.957	8428	155	208
152.961	8429	159	1408
152.966	8430	157	1408
152.974	8432	157	208
152.976	8433	158	1408
152.984	8434	158	1408
152.996	8437	156	1408
152.999	8438	152	208
153.004	8439	155	1408
153.008	8440	153	1408
153.012	8441	150	208
153.014	8442	150	1408
153.024	8443	152	1408
153.029	8444	151	208
153.032	8445	152	1408
153.041	8446	155	1408
153.044	8447	152	208
153.047	8448	154	1408
153.057	8450	152	1408
153.06	8451	150	208
153.062	8452	151	1408
153.067	8453	150	1408
153.075	8454	152	208
153.079	8456	151	1408
153.085	8457	150	208
153.087	8458	152	1408
153.094	8459	153	1408
153.098	8460	149	208
153.11	8462	148	1411
153.117	8463	151	1408
153.12	8464	147	208
153.122	8465	149	1408
153.134	8466	153	1411
153.139	8467	153	1408
153.147	8468	150	208
153.149	8469	151	1408
153.159	8470	152	1408
153.164	8471	147	208
153.167	8472	149	1408
153.175	8473	148	211
153.177	8474	149	1408
153.19	8475	151	208
153.192	8476	152	1408
153.2	8477	151	211
153.204	8478	154	1411
153.212	8479	152	1408
153.22	8480	150	208
153.222	8481	151	1408
153.231	8482	151	1408
153.239	8483	150	208
153.241	8484	151	1408
153.254	8485	153	1408
153.261	8486	153	1411
153.266	8487	152	208
153.271	8488	155	1408
153.278	8489	156	1408
153.285	8490	156	1411
153.293	8491	156	208
153.295	8492	158	1408
153.306	8494	153	208
153.31	8495	157	1408
153.32	8496	160	1411
153.328	8497	160	1408
153.333	8498	159	208
153.338	8500	156	1408
153.344	8501	154	208
153.346	8502	156	1408
153.359	8504	154	208
153.366	8506	153	1408
153.373	8507	153	208
153.376	8508	154	1408
153.381	8509	152	1408
153.386	8510	151	208
153.388	8511	152	1408
153.396	8512	153	1408
153.399	8513	148	208
153.403	8514	152	1408
153.411	8515	152	1408
153.416	8516	151	208
153.424	8518	150	1408
153.429	8519	148	208
153.434	8521	144	1408
153.442	8522	145	208
153.444	8523	146	1408
153.454	8524	149	1408
153.459	8525	148	208
153.462	8526	149	1408
153.468	8527	149	1408
153.475	8528	148	208
153.479	8529	152	1408
153.486	8530	152	1408
153.492	8531	150	208
153.504	8533	153	1408
153.509	8534	151	1411
153.514	8535	150	208
153.516	8536	151	1408
153.526	8537	153	1408
153.532	8538	152	208
153.536	8539	156	1408
153.543	8540	156	1408
153.551	8541	156	1411
153.556	8542	154	208
153.558	8543	156	1408
153.568	8544	158	1411
153.573	8545	157	1411
153.578	8546	153	1408
153.586	8547	155	208
153.589	8548	156	1408
153.594	8549	154	1408
153.597	8550	150	208
153.602	8551	154	1408
153.609	8552	154	1408
153.612	8553	150	208
153.614	8554	151	1408
153.624	8555	154	1408
153.631	8556	154	1411
153.636	8557	153	208
153.638	8558	154	1411
153.648	8559	155	1408
153.653	8560	153	1408
153.661	8561	154	208
153.663	8562	155	1408
153.671	8564	150	208
153.676	8565	153	1408
153.681	8566	151	1408
153.686	8567	150	208
153.689	8568	152	1408
153.698	8569	154	1408
153.704	8570	152	208
153.709	8571	156	1408
153.715	8572	155	1411
153.725	8573	158	1408
153.731	8574	156	208
153.743	8577	154	208
153.751	8579	153	1408
153.754	8580	150	208
153.759	8582	147	1408
153.767	8583	147	208
153.774	8584	153	1408
153.779	8585	151	1408
153.786	8586	151	208
153.788	8587	152	1408
153.804	8589	153	208
153.806	8590	154	1408
153.816	8591	157	1408
153.816	8592	151	208
153.821	8594	148	1408
153.829	8595	148	208
153.831	8596	150	1408
153.838	8597	150	1408
153.844	8598	149	208
153.847	8599	151	1408
153.854	8600	149	1408
153.862	8601	150	208
153.864	8602	151	1408
153.873	8603	154	1408
153.881	8604	154	1411
153.888	8605	156	208
153.89	8607	152	1408
153.898	8608	154	208
153.901	8609	155	1408
153.909	8611	152	208
153.916	8613	153	1408
153.922	8614	153	208
153.924	8615	155	1408
153.944	8617	150	1411
153.951	8618	152	1411
153.958	8619	153	1411
153.968	8620	157	1411
153.973	8621	157	208
153.981	8623	157	1408
153.986	8624	152	208
153.988	8625	152	1408
154	8626	155	1408
154.007	8627	152	1411
154.018	8628	152	208
154.022	8629	155	1408
154.032	8630	154	1411
154.042	8631	154	1408
154.049	8632	152	208
154.051	8633	153	1408
154.064	8634	155	1408
154.072	8635	153	208
154.075	8636	154	1408
154.084	8637	153	1408
154.092	8638	152	208
154.094	8639	153	1411
154.104	8640	156	1408
154.113	8641	157	1408
154.121	8642	158	1411
154.131	8643	159	1411
154.134	8644	156	208
154.137	8645	156	1408
154.144	8646	156	1408
154.153	8647	157	1411
154.158	8648	156	208
154.161	8649	157	1408
154.17	8650	159	1408
154.176	8651	157	208
154.178	8652	159	1408
154.186	8653	158	1408
154.191	8654	156	1411
154.191	8655	149	208
154.196	8656	153	1408
154.203	8657	153	1408
154.211	8658	153	208
154.221	8660	154	1408
154.226	8661	152	208
154.229	8662	153	1408
154.234	8663	151	1408
154.239	8664	148	208
154.241	8665	150	1408
154.249	8666	150	1408
154.254	8667	148	208
154.256	8668	149	1408
154.266	8669	151	1408
154.274	8670	151	208
154.279	8672	148	1408
154.287	8673	148	208
154.289	8674	150	1408
154.297	8675	149	1408
154.302	8676	147	208
154.304	8677	149	1408
154.312	8678	148	1408
154.32	8679	149	208
154.322	8680	150	1408
154.331	8681	152	1408
154.336	8682	150	208
154.341	8683	153	1408
154.349	8684	153	1408
154.354	8685	151	208
154.362	8687	150	1408
154.368	8688	148	208
154.37	8689	149	1408
154.377	8690	149	1408
154.385	8691	149	208
154.387	8692	151	1408
154.396	8693	153	1408
154.404	8694	152	208
154.406	8695	154	1408
154.412	8696	152	1408
154.421	8697	154	208
154.424	8698	155	1408
154.431	8699	156	1411
154.436	8700	153	1408
154.443	8701	153	208
154.446	8702	153	1408
154.454	8703	154	1408
154.459	8704	151	208
154.461	8705	153	1408
154.471	8706	156	1408
154.476	8707	153	208
154.478	8708	154	1408
154.488	8709	156	1411
154.498	8710	158	1408
154.505	8711	159	208
154.513	8713	157	1408
154.52	8714	158	208
154.522	8715	159	1408
154.53	8716	159	1408
154.536	8717	157	208
154.545	8719	158	1408
154.553	8721	156	1408
154.562	8722	159	1408
154.568	8723	157	208
154.58	8725	160	1408
154.59	8727	156	208
154.595	8728	159	1408
154.602	8729	158	1408
154.605	8730	155	208
154.613	8732	154	1408
154.618	8733	152	208
154.621	8734	153	1408
154.626	8735	150	1408
154.631	8736	149	208
154.636	8737	153	1408
154.645	8738	154	1408
154.653	8739	154	208
154.656	8740	155	1408
154.661	8741	153	1408
154.666	8742	150	208
154.669	8743	152	1408
154.673	8744	150	1408
154.681	8745	150	208
154.684	8746	151	1408
154.694	8748	146	208
154.698	8749	150	1408
154.704	8750	148	1408
154.711	8751	148	1411
154.717	8752	147	208
154.719	8753	148	1408
154.726	8754	149	1408
154.734	8755	151	208
154.736	8756	153	1408
154.749	8758	147	1408
154.756	8759	150	211
154.757	8760	149	208
154.761	8761	153	1408
154.764	8762	150	1408
154.781	8763	152	1411
154.793	8766	152	1411
154.803	8767	155	1408
154.81	8768	157	208
154.812	8769	158	1408
154.822	8770	159	1411
154.834	8771	161	1408
154.839	8772	157	208
154.844	8773	159	1408
154.856	8774	162	1408
154.864	8775	159	208
154.866	8776	160	1408
154.873	8777	158	1408
154.883	8778	158	208
154.89	8779	163	1408
154.9	8780	162	1408
154.908	8781	160	1411
154.918	8782	160	208
154.92	8783	162	1408
154.93	8784	161	1408
154.935	8785	159	208
154.938	8786	160	1408
154.943	8787	158	1408
154.951	8788	158	208
154.956	8790	155	1411
154.966	8791	157	1408
154.967	8792	151	208
154.969	8793	152	1408
154.976	8794	152	1408
154.984	8795	151	208
154.986	8796	152	1408
154.993	8797	153	1408
155.004	8800	147	208
155.009	8801	151	1408
155.017	8802	151	1408
155.017	8803	144	208
155.019	8804	146	1408
155.029	8805	147	1408
155.034	8806	146	208
155.037	8807	146	1408
155.046	8808	149	1408
155.055	8809	149	208
155.057	8810	150	1408
155.06	8811	146	1408
155.067	8812	145	208
155.07	8813	147	1408
155.079	8814	150	1408
155.087	8815	149	208
155.089	8816	151	1408
155.102	8818	148	208
155.104	8819	149	1408
155.114	8820	152	1408
155.117	8821	148	208
155.124	8822	153	1408
155.129	8823	151	1408
155.134	8824	149	208
155.137	8825	150	1408
155.147	8826	152	1408
155.154	8827	152	208
155.156	8828	154	1408
155.166	8829	155	1411
155.175	8830	158	1408
155.181	8831	155	208
155.185	8832	159	1408
155.192	8833	159	1408
155.196	8834	154	208
155.198	8835	155	1408
155.208	8836	158	1408
155.223	8839	157	208
155.225	8840	158	1408
155.235	8841	161	1408
155.238	8842	157	208
155.243	8843	159	1408
155.248	8844	157	1408
155.256	8845	157	208
155.258	8846	158	1408
155.263	8847	156	1408
155.269	8848	154	208
155.276	8850	153	1408
155.281	8851	151	208
155.289	8853	150	1408
155.292	8854	145	208
155.297	8855	149	1408
155.304	8856	150	1411
155.315	8858	145	208
155.32	8859	148	1408
155.322	8860	144	1408
155.33	8861	144	208
155.335	8862	147	1408
155.344	8863	150	1408
155.352	8864	149	208
155.354	8865	151	1408
155.357	8866	146	1408
155.367	8867	148	208
155.371	8868	152	1408
155.376	8869	149	1408
155.384	8870	150	208
155.387	8871	151	1408
155.394	8872	151	1408
155.402	8873	152	208
155.404	8874	153	1408
155.414	8875	155	1408
155.421	8876	155	208
155.424	8877	156	1408
155.429	8878	154	211
155.432	8879	155	1411
155.439	8880	155	1408
155.442	8881	151	208
155.445	8882	152	1408
155.452	8883	152	1408
155.457	8884	150	208
155.462	8885	154	1408
155.467	8886	151	1408
155.475	8887	151	208
155.479	8889	148	1411
155.489	8890	149	1411
155.498	8891	152	1408
155.506	8892	151	208
155.508	8893	153	1408
155.518	8894	155	1408
155.527	8895	157	1411
155.532	8896	155	208
155.535	8897	155	1408
155.545	8898	158	1408
155.553	8899	158	208
155.555	8900	161	1408
155.562	8901	162	1408
155.57	8903	162	1408
155.575	8904	161	1408
155.58	8905	160	208
155.584	8907	158	1408
155.591	8908	158	208
155.598	8910	158	1408
155.603	8911	157	208
155.605	8912	158	1408
155.61	8913	155	1408
155.618	8914	153	208
155.62	8915	155	1408
155.627	8916	154	1408
155.644	8919	156	1408
155.649	8920	156	208
155.654	8921	158	1408
155.663	8922	159	1408
155.673	8923	158	208
155.677	8924	161	1408
155.693	8926	157	1411
155.701	8927	154	208
155.703	8928	155	1408
155.713	8929	155	1408
155.723	8930	156	208
155.725	8931	156	1408
155.735	8932	156	1408
155.743	8933	154	208
155.748	8934	157	1408
155.76	8935	159	1408
155.766	8936	155	208
155.768	8937	157	1408
155.773	8938	153	1408
155.776	8939	149	211
155.779	8940	151	208
155.791	8942	154	1411
155.8	8943	155	1408
155.806	8944	154	1411
155.813	8945	153	208
155.815	8946	155	1408
155.82	8947	152	1408
155.825	8948	150	208
155.83	8949	154	1408
155.836	8950	152	1408
155.839	8951	147	208
155.843	8952	151	1408
155.849	8953	149	211
155.851	8954	151	1411
155.856	8955	148	1408
155.861	8956	146	208
155.867	8957	149	1408
155.874	8958	149	1408
155.881	8959	149	208
155.884	8960	150	1408
155.891	8961	151	1408
155.901	8962	152	1411
155.908	8963	153	208
155.911	8964	154	1408
155.918	8965	154	1408
155.919	8966	147	208
155.921	8967	149	1408
155.928	8968	148	1408
155.934	8969	147	208
155.939	8970	150	1408
155.946	8971	149	1408
155.954	8972	150	208
155.956	8973	151	1408
155.966	8974	153	1408
155.969	8975	149	208
155.976	8976	154	1408
155.985	8977	157	1408
155.99	8978	154	208
155.993	8979	156	1408
156.003	8980	158	1411
156.008	8981	155	1408
156.011	8982	152	208
156.019	8984	150	1408
156.024	8985	149	208
156.029	8986	152	1408
156.034	8987	150	1408
156.039	8988	148	208
156.044	8989	151	1408
156.049	8990	148	1408
156.054	8991	146	208
156.056	8992	148	1408
156.063	8993	147	1408
156.069	8994	145	208
156.074	8995	148	1408
156.076	8996	143	1408
156.079	8997	139	208
156.084	8998	141	1408
156.088	8999	139	1408
156.176	9000	53	1411
156.177	9001	50	208
156.179	9002	52	1408
156.187	9003	53	1408
156.194	9004	52	208
156.196	9005	54	1408
156.279	9006	52	1408
156.284	9007	50	208
156.287	9008	52	1408
156.294	9009	53	1408
156.3	9010	51	208
156.302	9011	52	1408
156.383	9012	54	1408
156.386	9013	52	208
156.388	9014	53	1408
156.395	9015	55	1408
156.398	9016	51	208
156.403	9017	55	1408
156.41	9018	57	1408
156.418	9019	58	208
156.42	9020	61	1408
156.426	9021	60	1408
156.431	9022	59	208
156.435	9023	63	1408
156.442	9024	64	1408
156.448	9025	64	208
156.453	9026	67	1408
156.46	9027	69	1408
156.463	9028	67	208
156.468	9029	70	1408
156.473	9030	69	1408
156.48	9031	71	208
156.482	9032	72	1408
156.493	9033	76	1408
156.495	9034	74	208
156.498	9035	75	1408
156.505	9036	76	1408
156.513	9037	78	208
156.515	9038	80	1408
156.525	9039	79	1408
156.538	9040	82	208
156.54	9041	83	1408
156.55	9042	83	1408
156.557	9043	81	208
156.56	9044	83	1408
156.572	9045	85	1408
156.583	9046	85	208
156.585	9047	87	1408
156.594	9048	86	1408
156.603	9049	84	208
156.61	9050	90	1408
156.62	9051	90	1408
156.627	9052	88	208
156.632	9053	91	1408
156.642	9054	92	1408
156.647	9055	90	208
156.65	9056	91	1408
156.659	9057	93	1408
156.667	9058	94	208
156.669	9059	95	1408
156.679	9060	98	1408
156.684	9061	95	208
156.689	9062	99	1408
156.697	9063	100	1408
156.704	9064	100	208
156.707	9065	101	1408
156.717	9066	103	1408
156.722	9067	101	208
156.727	9068	105	1408
156.732	9069	103	1408
156.74	9070	104	208
156.742	9071	105	1408
156.751	9072	107	1408
156.76	9073	108	208
156.762	9074	109	1408
156.771	9075	112	1408
156.777	9076	109	208
156.779	9077	111	1408
156.789	9078	114	1408
156.797	9079	114	208
156.799	9080	116	1408
156.807	9081	116	1408
156.812	9082	114	208
156.817	9083	117	1408
156.824	9084	117	1408
156.83	9085	116	208
156.834	9086	120	1408
156.844	9087	121	1408
156.849	9088	120	208
156.852	9089	121	1408
156.859	9090	121	1408
156.867	9091	122	208
156.869	9092	122	1408
156.879	9093	125	1408
156.886	9094	126	208
156.889	9095	127	1408
156.896	9096	128	1408
156.904	9097	128	208
156.906	9098	129	1408
156.916	9099	132	1408
156.924	9100	133	208
156.926	9101	134	1408
156.936	9102	135	1408
156.944	9103	136	208
156.946	9104	138	1408
156.956	9105	140	1408
156.962	9106	139	208
156.964	9107	140	1408
156.976	9108	144	1408
156.984	9109	145	208
156.986	9110	147	1408
156.996	9111	149	1408
157.004	9112	149	208
157.006	9113	151	1408
157.016	9114	153	1408
157.021	9115	152	208
157.026	9116	156	1408
157.031	9117	153	1408
157.045	9119	159	1408
157.052	9120	159	1408
157.057	9121	157	208
157.06	9122	159	1408
157.067	9123	158	1408
157.072	9124	156	208
157.075	9125	158	1408
157.08	9126	156	1408
157.085	9127	154	208
157.09	9128	157	1408
157.097	9129	157	1408
157.102	9130	155	208
157.105	9131	157	1408
157.112	9132	157	1408
157.12	9133	156	208
157.122	9134	158	1408
157.125	9135	154	1408
157.133	9136	154	208
157.135	9137	155	1408
157.146	9139	152	208
157.153	9141	150	1408
157.158	9142	149	208
157.161	9143	151	1408
157.168	9144	150	1408
157.171	9145	145	208
157.176	9146	149	1408
157.186	9147	152	1408
157.193	9148	152	208
157.196	9149	153	1408
157.201	9150	151	1408
157.204	9151	147	208
157.206	9152	149	1408
157.216	9153	151	1408
157.222	9154	149	208
157.224	9155	150	1408
157.231	9156	151	1408
157.234	9157	146	208
157.237	9158	148	1408
157.24	9159	144	211
157.242	9160	145	1408
157.248	9161	144	208
157.25	9162	145	1408
157.26	9163	147	1408
157.265	9164	145	208
157.268	9165	147	1408
157.273	9166	144	1408
157.281	9167	145	208
157.283	9168	146	1408
157.29	9169	147	1408
157.293	9170	142	208
157.3	9171	148	1408
157.305	9172	146	1408
157.313	9173	146	208
157.315	9174	148	1408
157.321	9175	147	1408
157.326	9176	146	208
157.328	9177	147	1408
157.333	9178	147	1408
157.336	9179	144	208
157.343	9180	147	1411
157.352	9181	149	1411
157.359	9182	151	1408
157.367	9183	152	1408
157.37	9184	150	208
157.375	9185	153	1408
157.379	9186	152	1408
157.387	9187	151	208
157.389	9188	154	1408
157.399	9189	156	1408
157.402	9190	154	208
157.405	9191	155	1408
157.412	9192	156	1408
157.419	9193	158	208
157.424	9195	157	1408
157.434	9196	157	208
157.439	9197	159	1408
157.448	9198	160	1408
157.454	9199	155	208
157.456	9200	156	1408
157.466	9201	156	1408
157.478	9202	159	208
157.481	9203	160	1408
157.486	9204	155	1408
157.493	9205	154	208
157.496	9206	154	1408
157.506	9207	154	1408
157.516	9208	156	208
157.521	9209	158	1408
157.528	9210	157	1408
157.536	9211	157	208
157.543	9213	156	1408
157.551	9214	156	208
157.559	9217	149	208
157.563	9218	153	1408
157.569	9219	151	1408
157.578	9221	153	1408
157.589	9223	150	208
157.599	9225	151	1408
157.607	9226	152	208
157.616	9228	153	1408
157.619	9229	150	208
157.624	9231	147	1411
157.634	9232	149	1408
157.64	9233	149	208
157.647	9235	148	1408
157.654	9236	149	208
157.657	9237	150	1408
157.665	9238	149	1408
157.675	9239	146	208
157.682	9241	146	1408
157.69	9242	146	208
157.692	9243	146	1408
157.704	9244	149	1408
157.711	9245	145	208
157.719	9246	149	1408
157.726	9247	148	1408
157.732	9248	145	208
157.742	9249	148	1411
157.751	9250	150	1408
157.758	9251	150	1411
157.766	9252	151	1411
157.775	9253	154	1408
157.778	9254	149	211
157.779	9255	149	208
157.781	9256	150	1408
157.791	9257	151	1411
157.805	9258	157	1411
157.813	9259	156	1408
157.825	9260	158	1411
157.832	9261	160	208
157.843	9264	155	1408
157.855	9265	160	208
157.86	9267	157	1411
157.868	9268	158	1408
157.873	9269	156	208
157.885	9272	154	208
157.887	9273	155	1411
157.895	9274	156	1408
157.902	9275	157	1408
157.908	9276	155	208
157.91	9277	157	1408
157.917	9278	157	1408
157.92	9279	153	208
157.927	9281	152	1408
157.933	9282	150	208
157.935	9283	152	1408
157.943	9284	152	1408
157.948	9285	150	208
157.95	9286	151	1408
157.957	9287	152	1408
157.963	9288	151	208
157.965	9289	153	1408
157.975	9290	155	1408
157.98	9291	153	208
157.982	9292	155	1408
157.988	9293	153	1408
157.991	9294	149	208
157.993	9295	151	1408
158.005	9296	155	1408
158.008	9297	151	208
158.011	9298	153	1408
158.018	9299	153	1408
158.021	9300	149	208
158.031	9302	152	1408
158.036	9303	151	208
158.039	9304	152	1408
158.051	9306	151	1411
158.054	9307	146	1408
158.063	9308	148	1411
158.071	9309	149	208
158.073	9310	151	1408
158.078	9311	149	1408
158.087	9312	151	1411
158.092	9313	149	1411
158.098	9314	149	208
158.103	9315	152	1408
158.11	9316	152	1408
158.115	9317	150	208
158.117	9318	152	1408
158.127	9319	155	1408
158.134	9320	155	1411
158.137	9321	151	208
158.14	9322	152	1408
158.149	9323	155	1408
158.157	9324	156	208
158.159	9325	158	1408
158.164	9326	157	1408
158.172	9328	158	1408
158.179	9329	159	1408
158.181	9330	157	208
158.184	9331	158	1408
158.191	9332	160	1408
158.194	9333	157	208
158.196	9334	159	1408
158.199	9335	156	1408
158.204	9336	155	208
158.206	9337	157	1408
158.214	9339	153	208
158.223	9341	156	1408
158.228	9342	156	208
158.238	9343	158	1411
158.243	9344	158	1408
158.248	9345	157	1408
158.253	9346	157	208
158.258	9347	157	1411
158.266	9348	155	1408
158.277	9349	158	1408
158.283	9350	154	208
158.285	9351	156	1408
158.293	9352	153	1408
158.301	9353	152	208
158.306	9354	156	1408
158.317	9355	159	1408
158.32	9356	153	208
158.325	9357	156	1408
158.335	9358	157	1408
158.34	9359	153	208
158.345	9360	156	1408
158.355	9361	157	1408
158.363	9362	155	208
158.365	9363	156	1408
158.37	9364	154	1408
158.375	9365	153	211
158.376	9366	152	208
158.385	9368	153	1408
158.39	9369	152	208
158.393	9370	154	1408
158.398	9371	152	1408
158.401	9372	148	208
158.41	9373	156	1408
158.412	9374	152	1408
158.422	9375	154	1411
158.432	9376	158	1411
158.437	9377	156	208
158.448	9380	151	208
158.45	9381	153	1408
158.458	9382	153	1408
158.46	9383	150	208
158.465	9384	154	1408
158.472	9385	154	1408
158.478	9386	152	208
158.48	9387	154	1408
158.488	9388	154	1408
158.488	9389	148	208
158.493	9390	152	1408
158.498	9391	150	1408
158.505	9392	150	208
158.508	9393	151	1408
158.515	9394	152	1408
158.521	9395	150	208
158.531	9397	153	1408
158.533	9398	149	208
158.541	9400	149	1408
158.549	9401	149	208
158.551	9402	150	1408
158.561	9403	153	1408
158.564	9404	150	208
158.573	9406	151	1408
158.579	9407	149	208
158.581	9408	151	1408
158.594	9410	151	1408
158.599	9411	149	208
158.602	9412	150	1408
158.609	9413	151	1408
158.612	9414	146	208
158.617	9415	150	1408
158.621	9416	148	1408
158.63	9417	149	208
158.632	9418	150	1408
158.639	9419	150	1408
158.649	9421	153	1408
158.666	9424	150	1408
158.674	9425	150	208
158.676	9426	152	1408
158.686	9427	154	1408
158.694	9428	155	208
158.696	9429	156	1408
158.703	9430	157	1408
158.713	9432	158	1408
158.724	9433	163	1408
158.73	9435	160	1408
158.739	9436	162	1408
158.752	9438	162	208
158.759	9440	162	1411
158.767	9441	162	1408
158.772	9442	160	208
158.774	9443	161	1408
158.781	9444	161	1408
158.788	9445	162	1411
158.796	9446	163	208
158.803	9448	162	1408
158.811	9449	163	1411
158.816	9451	161	1408
158.819	9452	156	1408
158.826	9453	157	208
158.829	9454	158	1408
158.833	9455	156	1408
158.841	9456	156	208
158.843	9457	158	1408
158.853	9458	160	1408
158.856	9459	156	211
158.856	9460	155	208
158.858	9461	157	1408
158.866	9462	157	1408
158.871	9463	156	208
158.876	9465	154	1411
158.885	9466	156	1408
158.89	9467	154	1408
158.898	9468	155	208
158.9	9469	156	1408
158.905	9470	154	1408
158.913	9471	155	208
158.915	9472	156	1408
158.92	9473	154	211
158.925	9474	157	1408
158.931	9475	156	208
158.94	9478	157	1408
158.941	9479	151	208
158.95	9481	152	1408
158.958	9482	153	1411
158.967	9483	156	1411
158.973	9484	154	208
158.975	9485	156	1408
158.983	9486	156	1408
158.986	9487	152	208
158.993	9489	154	1408
158.996	9490	150	208
158.998	9491	153	1408
159.004	9492	150	1411
159.011	9493	152	1408
159.021	9496	151	211
159.033	9500	151	1408
159.041	9501	152	208
159.043	9502	154	1408
159.048	9503	154	1408
159.054	9504	151	208
159.056	9505	154	1408
159.061	9506	152	1408
159.066	9507	150	208
159.074	9509	147	1411
159.083	9510	152	1408
159.088	9511	151	208
159.091	9512	152	1408
159.101	9513	154	1408
159.109	9514	152	208
159.111	9515	153	1408
159.121	9516	154	1408
159.129	9517	152	208
159.131	9518	153	1408
159.136	9519	149	1408
159.144	9520	148	1411
159.149	9521	144	211
159.154	9522	148	1411
159.164	9523	149	208
159.169	9524	151	1408
159.179	9525	152	1408
159.187	9526	151	208
159.189	9527	152	1408
159.199	9528	152	1411
159.212	9530	152	208
159.214	9531	153	1408
159.223	9532	156	1408
159.228	9533	154	211
159.234	9535	152	208
159.236	9536	153	1411
159.242	9537	151	211
159.246	9538	155	1411
159.252	9539	153	1408
159.261	9540	156	1408
159.269	9541	156	208
159.283	9544	156	1411
159.286	9545	152	208
159.288	9546	154	1408
159.298	9547	156	1408
159.306	9548	157	208
159.308	9549	158	1408
159.313	9550	157	1408
159.319	9551	155	208
159.321	9552	156	1408
159.336	9555	156	1408
159.34	9556	154	1408
159.346	9557	152	208
159.348	9558	154	1408
159.353	9559	153	1408
159.361	9560	154	208
159.363	9561	155	1408
159.373	9562	157	1408
159.385	9565	155	1408
159.389	9566	151	208
159.393	9567	155	1408
159.403	9568	157	1408
159.405	9569	153	208
159.408	9570	154	1408
159.415	9571	155	1408
159.422	9572	156	1411
159.43	9573	157	208
159.432	9574	158	1408
159.442	9575	161	1408
159.447	9576	159	1411
159.45	9577	154	208
159.452	9578	156	1408
159.458	9579	154	1408
159.465	9580	155	208
159.467	9581	156	1408
159.475	9582	157	1408
159.478	9583	152	208
159.482	9584	156	1408
159.488	9585	155	1411
159.497	9586	158	1411
159.508	9589	154	1408
159.515	9590	154	1408
159.521	9591	152	208
159.535	9594	152	208
159.538	9595	153	1408
159.55	9597	152	211
159.553	9598	153	1408
159.556	9599	151	208
159.566	9601	152	1408
159.573	9602	153	208
159.583	9604	154	1408
159.586	9605	150	211
159.588	9606	152	1411
159.594	9607	150	208
159.601	9609	150	1408
159.604	9610	145	208
159.606	9611	147	1408
159.616	9612	149	1408
159.619	9613	146	208
159.624	9614	149	1408
159.631	9615	151	1408
159.634	9616	147	208
159.637	9617	148	1408
159.643	9618	148	1408
159.65	9619	147	208
159.654	9620	151	1408
159.664	9621	153	1408
159.669	9622	151	208
159.671	9623	153	1408
159.676	9624	151	1408
159.681	9625	149	208
159.686	9626	153	1408
159.693	9627	152	1408
159.698	9628	152	208
159.701	9629	153	1408
159.708	9630	153	1408
159.713	9631	152	1411
159.721	9632	152	211
159.721	9633	151	208
159.723	9634	153	1408
159.735	9635	157	1408
159.741	9636	156	208
159.743	9637	158	1411
159.753	9639	154	1408
159.76	9640	154	1411
159.77	9641	157	1408
159.775	9642	156	1411
159.78	9643	154	208
159.785	9644	158	1408
159.793	9645	158	1411
159.797	9646	156	1408
159.805	9647	156	208
159.807	9648	158	1408
159.815	9649	158	1411
159.82	9650	156	1408
159.827	9651	157	208
159.834	9653	158	1408
159.837	9654	156	208
159.847	9656	159	1408
159.848	9657	154	208
159.85	9658	155	1408
159.857	9659	156	1408
159.863	9661	156	1408
159.865	9662	153	1408
159.872	9663	155	208
159.874	9664	156	1408
159.879	9665	156	1408
159.889	9667	158	1408
159.893	9668	157	1408
159.901	9669	158	208
159.904	9670	160	1408
159.906	9671	156	1408
159.912	9672	153	208
159.914	9673	155	1408
159.927	9675	153	208
159.929	9676	155	1408
159.937	9677	152	1408
159.945	9678	151	208
159.947	9679	152	1408
159.966	9681	153	1408
159.975	9682	151	208
159.979	9683	155	1408
159.996	9685	153	208
160.007	9687	152	1408
160.012	9688	148	208
160.014	9689	150	1408
160.027	9690	152	1408
160.034	9691	150	208
160.039	9692	154	1411
160.044	9693	152	1408
160.051	9694	153	1411
160.061	9695	155	1408
160.069	9696	156	211
160.071	9698	156	1408
160.08	9699	158	1408
160.086	9700	156	208
160.09	9701	160	1408
160.098	9702	160	1408
160.099	9703	154	211
160.101	9705	155	1408
160.109	9706	155	1408
160.118	9708	157	1408
160.123	9709	154	1408
160.129	9710	153	208
160.133	9711	157	1408
160.138	9712	155	1411
160.145	9713	155	1408
160.153	9714	155	208
160.155	9715	157	1408
160.162	9716	157	1408
160.168	9717	156	208
160.171	9718	156	1408
160.18	9719	158	1411
160.185	9720	156	1408
160.19	9721	155	208
160.192	9722	156	1408
160.2	9723	157	1408
160.203	9724	153	1411
160.213	9725	155	1411
160.22	9726	156	208
160.223	9727	157	1408
160.231	9729	152	208
160.233	9730	153	1408
160.24	9731	153	1408
160.246	9732	152	208
160.248	9733	153	1408
160.261	9736	151	1408
160.271	9737	152	1408
160.278	9738	153	211
160.296	9743	153	1408
160.303	9744	153	1408
160.308	9745	152	211
160.309	9746	151	208
160.311	9747	152	1408
160.316	9748	151	1408
160.319	9749	147	211
160.322	9750	149	208
160.33	9752	148	1408
160.337	9753	148	208
160.339	9754	150	1408
160.346	9755	150	1408
160.352	9756	149	208
160.357	9757	151	1408
160.364	9758	151	1408
160.368	9759	148	208
160.375	9761	147	1408
160.378	9762	143	208
160.382	9763	147	1408
160.39	9764	147	1408
160.398	9765	148	208
160.403	9767	145	1408
160.41	9768	145	208
160.414	9769	149	1408
160.423	9770	150	1408
160.43	9771	150	208
160.432	9772	152	1408
160.437	9773	150	1411
160.444	9774	150	1408
160.452	9775	150	208
160.454	9776	151	1408
160.461	9777	150	1408
160.471	9778	153	1411
160.476	9779	152	211
160.479	9780	153	208
160.481	9781	155	1408
160.486	9782	153	1408
160.494	9783	153	208
160.496	9784	155	1408
160.502	9785	153	211
160.506	9786	157	1411
160.514	9787	157	1411
160.527	9790	155	208
160.529	9791	156	1408
160.538	9792	158	1411
160.548	9793	160	1408
160.55	9794	156	208
160.556	9796	153	1408
160.563	9797	153	208
160.565	9798	155	1408
160.573	9799	154	1408
160.58	9800	155	1411
160.585	9801	153	208
160.59	9802	156	1408
160.597	9803	157	1408
160.605	9804	157	208
160.607	9805	158	1408
160.615	9806	158	1411
160.624	9807	161	1408
160.629	9808	159	208
160.632	9809	160	1408
160.637	9810	158	1408
160.642	9811	156	208
160.645	9812	157	1408
160.652	9813	157	1408
160.655	9814	154	208
160.66	9815	157	1408
160.667	9816	158	1408
160.67	9817	155	208
160.672	9818	157	1408
160.679	9819	159	1408
160.682	9820	156	208
160.687	9822	154	1408
160.7	9825	154	1408
160.705	9826	153	208
160.71	9828	153	1408
160.713	9829	149	208
160.715	9830	151	1408
160.73	9833	148	1408
160.736	9834	147	208
160.748	9836	150	1408
160.758	9837	152	1411
160.767	9839	151	1408
160.777	9840	151	1408
160.785	9841	149	208
160.789	9842	153	1408
160.802	9843	155	1408
160.809	9844	154	208
160.812	9845	154	1408
160.82	9846	153	1408
160.83	9847	153	208
160.832	9848	155	1408
160.842	9849	154	1408
160.85	9850	153	208
160.852	9851	154	1408
160.862	9852	153	1408
160.872	9853	155	208
160.879	9855	154	1408
160.885	9856	152	208
160.887	9857	153	1408
160.897	9859	149	1408
160.903	9860	147	211
160.912	9862	149	1411
160.92	9863	148	208
160.927	9864	154	1408
160.931	9865	152	1408
160.939	9866	153	211
160.942	9867	154	1411
160.947	9868	152	208
160.949	9869	154	1408
160.959	9870	155	1411
160.966	9871	155	1408
160.972	9872	154	211
160.972	9873	154	208
160.975	9874	155	1408
160.984	9875	157	1408
160.99	9876	155	208
160.999	9878	156	1408
161.004	9879	155	208
161.007	9880	156	1408
161.012	9881	154	1408
161.019	9882	155	208
161.027	9884	153	1408
161.034	9885	153	208
161.036	9886	155	1408
161.043	9887	155	1408
161.051	9889	155	1408
161.06	9890	156	1408
161.066	9891	155	208
161.073	9893	154	1408
161.079	9894	152	208
161.082	9895	154	1408
161.091	9896	155	1411
161.098	9897	156	1408
161.105	9898	156	1411
161.113	9899	156	208
161.115	9900	157	1408
161.123	9901	158	1411
161.132	9902	160	1408
161.14	9905	153	1408
161.148	9906	153	208
161.151	9907	155	1408
161.158	9908	155	1408
161.166	9909	155	208
161.171	9911	152	1408
161.174	9912	148	208
161.179	9913	152	1408
161.186	9914	152	1408
161.194	9915	152	208
161.204	9917	154	1411
161.208	9918	152	1408
161.211	9919	148	208
161.216	9920	151	1408
161.225	9921	154	1408
161.237	9923	150	208
161.239	9924	151	1408
161.247	9926	145	208
161.25	9927	147	211
161.252	9928	148	1408
161.261	9929	150	1408
161.267	9930	148	208
161.269	9931	150	1408
161.274	9932	148	1411
161.283	9933	150	1408
161.287	9934	146	208
161.294	9935	152	1408
161.299	9936	149	1408
161.306	9937	150	208
161.309	9938	151	1408
161.318	9939	154	1408
161.321	9940	150	208
161.324	9941	151	1408
161.333	9942	153	1408
161.339	9943	151	208
161.341	9944	153	1408
161.346	9945	151	211
161.349	9946	152	1411
161.358	9947	155	1408
161.364	9948	152	208
161.368	9949	156	1408
161.373	9950	154	1408
161.38	9951	154	1411
161.388	9952	154	208
161.39	9953	155	1408
161.4	9954	158	1408
161.406	9955	156	208
161.41	9957	153	1411
161.418	9958	154	1408
161.424	9959	152	208
161.428	9960	156	1408
161.435	9961	155	1408
161.448	9963	154	208
161.453	9964	157	1408
161.455	9965	153	1411
161.464	9966	155	1408
161.473	9967	155	208
161.475	9968	157	1408
161.482	9969	157	1408
161.487	9970	155	208
161.49	9971	156	1408
161.495	9972	154	1408
161.497	9973	151	208
161.502	9974	154	1408
161.51	9975	156	1408
161.515	9976	157	208
161.522	9978	157	1408
161.525	9979	154	208
161.53	9980	157	1408
161.537	9981	159	1408
161.542	9982	158	208
161.549	9984	159	1408
161.554	9985	158	208
161.564	9988	156	208
161.571	9990	157	1408
161.573	9991	152	208
161.578	9992	154	1408
161.587	9993	156	1408
161.59	9994	153	208
161.602	9996	152	1408
161.611	9997	151	208
161.624	9999	154	1408
161.634	10000	154	1408
161.642	10001	152	208
161.65	10003	150	1411
161.662	10004	151	1408
161.668	10005	147	208
161.673	10006	151	1408
161.684	10007	153	1408
161.69	10008	150	208
161.695	10009	153	1408
161.702	10010	153	1408
161.71	10011	153	208
161.712	10012	155	1408
161.722	10013	157	1408
161.734	10016	155	1411
161.744	10017	157	1408
161.747	10018	153	208
161.75	10019	154	1408
161.768	10022	151	1411
161.775	10023	150	1411
161.785	10024	153	1411
161.79	10025	152	208
161.795	10026	155	1408
161.799	10027	153	1408
161.807	10028	153	1411
161.815	10029	153	208
161.819	10030	157	1408
161.824	10031	154	1408
161.829	10032	152	1411
161.837	10033	153	208
161.839	10034	155	1408
161.846	10035	155	1408
161.852	10036	152	208
161.856	10037	156	1408
161.863	10038	156	1411
161.87	10039	156	1408
161.879	10040	157	208
161.881	10041	158	1408
161.888	10042	157	1408
161.894	10043	156	208
161.896	10044	157	1408
161.903	10045	158	1408
161.909	10046	156	208
161.919	10049	151	208
161.924	10050	155	1408
161.927	10051	150	1408
161.935	10052	151	208
161.935	10053	151	211
161.94	10055	148	1408
161.953	10057	146	208
161.958	10058	149	1408
161.963	10059	148	1408
161.965	10060	143	1411
161.975	10061	146	1411
161.983	10062	145	208
161.985	10063	146	1408
161.993	10064	147	1408
161.998	10065	145	208
162.001	10066	147	1408
162.01	10067	149	1408
162.017	10068	149	208
162.02	10069	150	1408
162.03	10070	153	1408
162.032	10071	149	208
162.037	10072	153	1408
162.044	10073	152	1408
162.052	10074	154	208
162.055	10075	154	1408
162.068	10077	153	208
162.07	10078	155	1408
162.077	10079	155	1408
162.085	10081	154	1408
162.092	10082	153	1408
162.099	10083	154	208
162.102	10084	155	1408
162.11	10085	156	1408
162.115	10086	154	208
162.117	10087	155	1408
162.126	10088	157	1408
162.134	10089	157	1411
162.141	10090	157	1411
162.148	10091	158	208
162.155	10093	157	1408
162.163	10094	156	1411
162.171	10095	157	1408
162.178	10096	157	208
162.18	10097	159	1408
162.189	10098	161	1408
162.195	10099	159	208
162.202	10100	165	1408
162.207	10101	162	1408
162.214	10102	163	208
162.217	10103	164	1408
162.224	10104	165	1408
162.229	10105	163	208
162.232	10106	164	1408
162.242	10108	159	208
162.244	10109	160	1408
162.251	10110	161	1408
162.254	10111	157	208
162.257	10112	158	1408
162.264	10113	158	1408
162.269	10114	156	208
162.279	10116	158	1411
162.288	10117	160	1408
162.291	10118	156	211
162.292	10119	155	208
162.294	10120	157	1408
162.299	10121	153	1408
162.304	10122	152	208
162.309	10123	156	1408
162.314	10124	154	1408
162.32	10125	152	208
162.322	10126	154	1408
162.329	10127	155	1408
162.332	10128	152	208
162.334	10129	153	1408
162.341	10130	155	1408
162.344	10131	152	208
162.347	10132	153	1408
162.359	10134	153	1411
162.364	10135	154	208
162.369	10137	152	1408
162.372	10138	148	208
162.374	10139	151	1408
162.401	10140	149	1408
162.409	10141	151	208
162.411	10142	152	1408
162.419	10143	153	1408
162.427	10144	150	208
162.429	10145	152	1408
162.439	10146	152	1408
162.46	10148	152	208
162.47	10150	149	1408
162.482	10151	151	1411
162.49	10152	149	208
162.492	10153	150	1408
162.504	10154	152	1408
162.512	10155	149	208
162.515	10156	151	1408
162.527	10157	152	1408
162.532	10158	150	208
162.534	10159	152	1408
162.544	10160	154	1408
162.552	10161	154	208
162.555	10162	155	1408
162.56	10163	153	1408
162.567	10164	152	1411
162.574	10165	151	1411
162.58	10166	150	208
162.584	10167	154	1408
162.594	10168	156	1408
162.6	10169	154	208
162.609	10171	155	1408
162.612	10172	151	208
162.615	10173	152	1408
162.625	10174	154	1408
162.638	10177	151	1408
162.64	10178	147	208
162.65	10179	154	1408
162.655	10180	153	1408
162.662	10181	152	1411
162.668	10182	150	208
162.678	10184	151	1411
162.685	10185	151	1408
162.693	10186	151	208
162.695	10187	152	1408
162.708	10189	150	208
162.712	10190	154	1408
162.72	10191	154	1408
162.727	10192	154	208
162.73	10193	155	1408
162.735	10194	153	1408
162.742	10195	153	208
162.745	10196	154	1408
162.752	10197	154	1408
162.76	10198	155	208
162.762	10199	156	1408
162.77	10200	155	1408
162.772	10201	151	208
162.775	10202	153	1408
162.785	10203	154	1408
162.79	10204	153	208
162.795	10205	156	1408
162.802	10206	155	1408
162.807	10207	153	208
162.81	10208	155	1408
162.812	10209	150	1411
162.821	10210	152	1408
162.832	10211	154	208
162.836	10212	158	1408
162.844	10213	159	1408
162.849	10214	156	211
162.857	10216	155	208
162.864	10218	154	1408
162.872	10219	154	208
162.875	10220	155	1408
162.879	10221	153	1408
162.89	10222	155	1411
162.895	10223	154	208
162.905	10226	148	208
162.908	10227	148	1411
162.916	10228	149	1408
162.925	10229	151	1408
162.93	10230	149	208
162.933	10231	150	1408
162.942	10232	152	1408
162.948	10233	150	208
162.955	10235	148	1408
162.963	10236	149	208
162.965	10237	150	1408
162.973	10238	150	1408
162.978	10239	148	208
162.98	10240	149	1408
162.992	10241	154	1408
162.997	10242	152	208
162.999	10243	153	1408
163.007	10244	153	1408
163.015	10245	153	208
163.019	10246	156	1408
163.027	10247	156	1408
163.032	10248	154	208
163.034	10249	155	1408
163.044	10250	157	1408
163.049	10251	155	208
163.052	10252	156	1408
163.061	10253	159	1408
163.069	10254	158	1411
163.078	10255	161	1411
163.082	10256	156	208
163.087	10258	153	1408
163.094	10259	153	208
163.099	10260	156	1408
163.103	10261	154	1408
163.113	10262	156	1411
163.12	10263	156	1411
163.128	10264	155	208
163.13	10265	157	1408
163.14	10266	159	1408
163.145	10267	157	208
163.148	10268	158	1408
163.158	10269	160	1408
163.165	10270	160	208
163.167	10271	162	1411
163.17	10272	158	1408
163.179	10273	161	1408
163.184	10274	160	208
163.189	10276	158	1408
163.197	10277	161	208
163.199	10278	162	1408
163.206	10279	163	1408
163.209	10280	159	208
163.215	10282	158	1408
163.217	10283	155	208
163.22	10284	156	1408
163.232	10286	157	208
163.237	10288	156	1408
163.243	10289	155	208
163.248	10291	153	1408
163.253	10292	151	208
163.255	10293	153	1408
163.261	10294	148	1408
163.271	10295	148	208
163.294	10298	151	1411
163.302	10299	149	208
163.305	10300	149	1408
163.315	10301	149	1408
163.325	10302	149	208
163.327	10303	151	1408
163.337	10304	151	1408
163.35	10305	153	208
163.352	10306	153	1408
163.362	10307	154	1408
163.37	10308	154	208
163.372	10309	156	1408
163.38	10310	155	1408
163.383	10311	152	208
163.386	10312	152	1408
163.39	10313	150	1411
163.396	10314	147	1408
163.403	10315	147	208
163.406	10316	149	1408
163.421	10318	149	1408
163.428	10319	148	208
163.431	10320	150	1408
163.44	10321	153	1411
163.447	10322	152	1411
163.455	10323	153	1411
163.464	10324	154	1408
163.472	10325	154	208
163.474	10326	155	1408
163.485	10328	152	208
163.49	10329	155	1408
163.497	10330	154	1408
163.507	10331	157	1411
163.517	10332	159	1411
163.524	10333	160	208
163.527	10334	160	1408
163.535	10336	153	208
163.537	10337	155	1408
163.545	10338	155	1408
163.552	10339	155	208
163.555	10340	156	1408
163.559	10341	154	1408
163.567	10342	154	208
163.569	10343	155	1408
163.572	10344	151	1408
163.579	10345	150	208
163.582	10346	152	1408
163.592	10347	155	1408
163.596	10348	150	208
163.602	10350	149	1408
163.61	10351	149	208
163.617	10352	155	1408
163.622	10353	151	1411
163.63	10354	152	1408
163.637	10355	152	208
163.64	10356	153	1408
163.647	10357	154	1408
163.657	10359	154	1408
163.662	10360	152	1408
163.669	10361	152	208
163.672	10362	153	1408
163.677	10363	152	1408
163.685	10364	151	208
163.687	10365	152	1408
163.695	10366	153	1411
163.704	10367	155	1408
163.708	10368	151	208
163.713	10369	154	1408
163.723	10371	150	208
163.741	10374	151	1411
163.746	10375	149	208
163.75	10376	153	1408
163.761	10378	149	208
163.768	10380	147	1408
163.774	10381	145	208
163.784	10383	146	1408
163.789	10384	144	208
163.791	10385	145	1408
163.801	10386	147	1411
163.806	10387	144	1408
163.813	10388	145	208
163.818	10389	149	1408
163.826	10390	148	1408
163.831	10391	146	208
163.833	10392	147	1408
163.843	10393	149	1408
163.848	10394	148	208
163.853	10395	151	1408
163.858	10396	149	211
163.861	10397	150	1408
163.868	10398	151	208
163.873	10399	153	1408
163.88	10400	154	1408
163.886	10401	151	208
163.888	10402	152	1408
163.895	10403	153	1408
163.903	10404	152	208
163.905	10405	154	1408
163.914	10406	156	1408
163.922	10407	156	208
163.929	10409	155	1411
163.939	10410	156	1408
163.944	10411	154	208
163.946	10412	156	1408
163.954	10413	156	1411
163.963	10414	158	1411
163.971	10415	157	1411
163.976	10416	155	1411
163.985	10417	157	1408
163.995	10418	161	1411
164	10419	160	208
164.003	10420	161	1408
164.007	10421	160	1408
164.015	10422	162	208
164.018	10423	163	1408
164.024	10424	164	1408
164.03	10426	162	1408
164.032	10427	159	1408
164.039	10428	160	208
164.042	10429	162	1408
164.047	10430	162	1408
164.054	10432	161	1408
164.062	10434	157	208
164.067	10435	161	1408
164.069	10436	158	1408
164.077	10437	159	208
164.085	10440	155	208
164.088	10441	155	1408
164.096	10442	153	1408
164.105	10443	153	208
164.108	10444	154	1408
164.116	10445	152	1408
164.123	10446	150	208
164.126	10447	151	1408
164.133	10448	149	1411
164.145	10449	151	1408
164.153	10450	149	208
164.156	10451	149	1408
164.165	10452	149	1408
164.175	10453	149	208
164.18	10454	153	1408
164.188	10455	150	1408
164.193	10456	148	208
164.2	10457	154	1408
164.205	10458	152	1408
164.213	10459	151	208
164.217	10460	155	1408
164.227	10461	156	1408
164.235	10462	157	208
164.237	10463	159	1408
164.245	10464	158	211
164.25	10467	155	1408
164.256	10468	152	1408
164.261	10469	151	211
164.261	10470	149	208
164.266	10471	153	1411
164.268	10472	148	1408
164.279	10473	150	1408
164.286	10474	150	208
164.291	10475	154	1411
164.305	10477	154	1408
164.314	10478	155	1408
164.32	10479	153	208
164.322	10480	155	1408
164.329	10481	154	1408
164.337	10482	155	208
164.339	10483	156	1408
164.347	10484	155	1408
164.352	10485	153	208
164.357	10486	156	1408
164.364	10487	156	1408
164.37	10488	154	208
164.374	10489	158	1408
164.379	10490	156	1408
164.387	10491	155	208
164.39	10492	157	1408
164.399	10493	159	1408
164.404	10494	157	208
164.422	10499	151	1408
164.43	10500	151	208
164.432	10501	152	1408
164.44	10502	152	1408
164.45	10504	153	1408
164.459	10505	154	1411
164.464	10506	153	211
164.467	10507	154	1408
164.472	10508	151	208
164.479	10509	157	1408
164.484	10510	155	1408
164.487	10511	150	208
164.492	10512	154	1408
164.501	10513	156	1408
164.508	10514	156	208
164.518	10516	157	1411
164.528	10517	160	1408
164.533	10518	158	208
164.538	10519	160	1408
164.546	10520	161	1408
164.553	10521	161	208
164.556	10522	162	1408
164.561	10523	160	1408
164.57	10525	161	1408
164.577	10526	161	1408
164.583	10527	158	208
164.59	10529	157	1408
164.6	10530	160	208
164.602	10531	161	1408
164.607	10532	159	1408
164.613	10533	156	208
164.62	10535	155	1408
164.628	10536	155	1411
164.637	10537	156	1411
164.64	10538	153	211
164.642	10539	154	1411
164.65	10540	154	208
164.652	10541	155	1408
164.663	10543	157	1408
164.666	10544	152	208
164.668	10545	154	1408
164.676	10546	153	1408
164.681	10547	151	208
164.683	10548	152	1408
164.69	10549	152	1408
164.696	10550	150	208
164.699	10551	151	1408
164.703	10552	149	1408
164.709	10553	146	208
164.711	10554	147	1408
164.721	10555	150	1411
164.726	10556	148	1408
164.732	10557	145	208
164.734	10558	147	1408
164.744	10559	148	1408
164.749	10560	147	208
164.752	10561	147	1408
164.759	10562	148	1408
164.764	10563	145	208
164.765	10564	145	211
164.77	10565	148	1408
164.777	10566	147	1408
164.785	10567	148	208
164.789	10568	151	1408
164.794	10569	148	1411
164.802	10570	148	1408
164.81	10571	148	208
164.812	10572	149	1408
164.82	10573	150	1408
164.829	10574	152	1411
164.836	10575	151	208
164.839	10576	152	1408
164.844	10577	150	1408
164.849	10578	150	208
164.854	10579	153	1408
164.861	10580	154	1408
164.869	10581	155	211
164.869	10582	155	208
164.871	10583	157	1408
164.879	10584	157	1408
164.881	10585	154	208
164.884	10586	155	1408
164.891	10587	156	1408
164.896	10588	155	208
164.903	10590	156	1408
164.911	10591	157	208
164.913	10592	159	1408
164.92	10593	160	1408
164.921	10594	154	208
164.925	10595	158	1408
164.93	10596	157	1408
164.936	10597	157	208
164.943	10599	157	1408
164.944	10600	152	208
164.947	10601	153	1408
164.954	10602	150	1408
164.964	10603	151	208
164.966	10604	151	1408
164.976	10605	152	1408
164.986	10606	152	208
164.991	10607	155	1408
164.997	10608	150	1408
165.006	10609	150	208
165.009	10610	151	1408
165.019	10611	152	1408
165.024	10612	147	208
165.027	10613	149	1408
165.039	10614	150	1408
165.047	10615	149	208
165.049	10616	149	1408
165.059	10617	152	1408
165.065	10618	150	208
165.072	10619	155	1408
165.082	10621	151	208
165.084	10622	153	1408
165.095	10624	148	208
165.097	10625	150	1408
165.115	10627	152	1408
165.118	10628	148	208
165.12	10629	149	1408
165.127	10630	150	1408
165.135	10631	149	208
165.137	10632	151	1408
165.147	10633	153	1411
165.156	10634	156	1408
165.164	10635	155	208
165.166	10636	156	1408
165.173	10637	156	1408
165.179	10638	155	208
165.181	10639	156	1408
165.188	10640	156	1408
165.196	10641	156	208
165.199	10642	158	1408
165.208	10643	161	1408
165.215	10644	160	208
165.218	10645	161	1408
165.224	10647	153	208
165.228	10648	157	1408
165.238	10649	158	1408
165.243	10650	157	208
165.246	10651	156	1408
165.255	10652	158	1408
165.261	10653	157	208
165.271	10656	151	208
165.281	10658	149	1411
165.288	10659	150	1408
165.296	10660	150	1411
165.301	10661	149	208
165.306	10662	151	1408
165.316	10663	151	1411
165.325	10664	154	1408
165.332	10665	154	208
165.335	10666	155	1408
165.345	10668	151	208
165.348	10669	152	1408
165.355	10670	153	1408
165.363	10671	152	208
165.368	10672	156	1408
165.375	10673	156	1408
165.381	10674	155	208
165.385	10675	159	1408
165.396	10677	155	208
165.405	10679	156	1408
165.42	10682	155	1408
165.428	10684	154	1408
165.435	10685	153	1411
165.445	10686	156	1408
165.452	10687	157	208
165.454	10688	158	1408
165.46	10689	155	1408
165.465	10690	154	208
165.474	10692	155	1408
165.479	10693	152	1411
165.487	10694	152	1411
165.497	10695	155	1411
165.502	10696	152	208
165.504	10697	154	1408
165.514	10698	156	1408
165.517	10699	152	208
165.522	10700	156	1408
165.531	10701	158	1408
165.537	10702	157	208
165.542	10704	154	1408
165.552	10705	155	1411
165.561	10707	157	1408
165.566	10708	155	1408
165.574	10709	155	208
165.579	10710	158	1408
165.584	10711	156	1408
165.589	10712	154	208
165.594	10713	157	1408
165.601	10714	157	1408
165.606	10715	155	1411
165.611	10716	153	1411
165.618	10717	153	208
165.62	10718	154	1408
165.629	10719	155	211
165.631	10720	156	1411
165.638	10721	156	211
165.64	10722	157	1408
165.648	10723	158	208
165.651	10724	159	1408
165.656	10725	157	1408
165.661	10726	154	208
165.663	10727	156	1408
165.668	10728	154	1408
165.674	10729	152	208
165.676	10730	154	1408
165.686	10731	155	1411
165.691	10732	154	1408
165.694	10733	152	208
165.698	10734	156	1408
165.703	10735	154	1408
165.707	10736	152	208
165.714	10738	152	1408
165.719	10739	152	208
165.722	10741	149	1408
165.727	10742	148	208
165.729	10743	149	1408
165.735	10744	148	1408
165.74	10745	147	1411
165.747	10746	149	208
165.753	10748	148	1408
165.755	10749	144	211
165.756	10750	144	208
165.763	10751	147	1408
165.771	10752	146	1408
165.776	10753	147	208
165.781	10754	147	1408
165.796	10756	143	208
165.798	10757	145	1408
165.808	10758	145	1408
165.818	10759	144	208
165.82	10760	146	1408
165.83	10761	146	1408
165.838	10762	144	208
165.846	10763	150	1408
165.857	10764	152	1408
165.866	10765	150	208
165.87	10766	154	1408
165.88	10767	154	1408
165.887	10768	151	208
165.89	10769	153	1408
165.899	10770	155	1408
165.905	10771	154	208
165.91	10772	157	1408
165.919	10773	159	1408
165.928	10774	161	1411
165.933	10775	159	1411
165.941	10776	159	208
165.943	10777	160	1408
165.953	10778	163	1408
165.958	10779	161	208
165.963	10780	164	1408
165.968	10781	162	1411
165.975	10782	163	1408
165.983	10783	162	208
165.985	10784	163	1408
165.993	10785	164	1408
165.998	10786	162	208
166.003	10788	159	1408
166.015	10790	159	208
166.02	10791	161	1408
166.026	10793	154	208
166.033	10795	154	1408
166.039	10796	152	208
166.043	10797	156	1408
166.05	10798	156	1408
166.06	10801	151	1408
166.066	10802	150	208
166.071	10803	153	1408
166.076	10804	152	1408
166.081	10805	150	208
166.083	10806	151	1408
166.089	10807	150	1408
166.092	10808	145	208
166.096	10809	149	1408
166.114	10812	151	1408
166.124	10814	147	208
166.126	10815	149	1408
166.134	10816	149	1408
166.141	10817	150	208
166.146	10818	153	1408
166.156	10820	150	208
166.161	10821	153	1408
166.169	10822	154	1408
166.169	10823	147	208
166.174	10824	151	1408
166.184	10825	154	1408
166.191	10826	154	208
166.193	10827	156	1408
166.206	10829	155	208
166.211	10830	158	1411
166.216	10831	156	1408
166.223	10832	156	1411
166.23	10833	157	1408
166.238	10834	157	1411
166.245	10835	157	1411
166.251	10836	156	208
166.26	10838	158	1408
166.265	10839	156	208
166.266	10840	155	211
166.275	10842	157	1408
166.284	10843	159	1408
166.29	10844	158	208
166.297	10846	157	1408
166.305	10847	157	208
166.307	10848	159	1408
166.314	10849	159	1408
166.322	10851	159	1408
166.327	10852	157	1411
166.335	10853	157	211
166.34	10855	155	1408
166.345	10856	153	208
166.348	10857	154	1408
166.353	10858	152	1408
166.36	10859	152	1411
166.368	10860	153	208
166.37	10861	154	1408
166.377	10862	155	1408
166.383	10863	153	208
166.385	10864	154	1408
166.39	10865	152	1408
166.395	10866	150	208
166.397	10867	152	1408
166.407	10868	154	1408
166.412	10869	152	1411
166.418	10870	151	208
166.42	10871	152	1408
166.427	10872	152	1408
166.429	10873	148	208
166.432	10874	149	1408
166.439	10875	150	1408
166.44	10876	143	208
166.442	10877	145	1408
166.449	10878	145	1408
166.457	10879	145	1411
166.46	10880	141	208
166.462	10881	143	1408
166.467	10882	141	1411
166.472	10883	139	1408
166.56	10884	53	1411
166.56	10885	51	211
166.567	10886	55	1411
166.57	10887	51	208
166.573	10888	52	1408
166.58	10889	52	1408
166.662	10890	53	208
166.664	10891	54	1408
166.669	10892	52	1408
166.674	10893	51	208
166.678	10894	53	1408
166.684	10895	53	1408
166.763	10896	50	208
166.767	10897	54	1408
166.777	10898	56	1408
166.78	10899	54	208
166.787	10900	59	1408
166.792	10901	57	1408
166.8	10902	59	208
166.803	10903	59	1408
166.812	10904	62	1408
166.815	10905	58	208
166.82	10906	62	1408
166.827	10907	63	1408
166.835	10908	63	208
166.837	10909	64	1408
166.847	10910	68	1408
166.854	10911	68	208
166.857	10912	69	1408
166.865	10913	70	1408
166.87	10914	68	208
166.874	10915	72	1408
166.882	10916	72	1408
166.89	10917	73	208
166.892	10918	75	1408
166.902	10919	77	1408
166.91	10920	78	208
166.912	10921	79	1408
166.919	10922	80	1408
166.922	10923	75	208
166.927	10924	79	1408
166.935	10925	80	1408
166.942	10926	80	208
166.946	10927	84	1408
166.952	10928	82	1408
166.96	10929	83	208
166.962	10930	84	1408
166.971	10931	87	1408
166.979	10932	88	208
166.982	10933	89	1408
166.989	10934	89	1408
166.994	10935	88	208
166.997	10936	90	1408
167.009	10937	94	1408
167.015	10938	93	208
167.019	10939	97	1408
167.029	10940	99	1408
167.034	10941	98	208
167.037	10942	99	1408
167.044	10943	99	1408
167.052	10944	100	208
167.055	10945	102	1408
167.064	10946	104	1408
167.069	10947	103	208
167.074	10948	107	1408
167.084	10949	109	1408
167.092	10950	110	208
167.097	10951	114	1408
167.104	10952	114	1408
167.111	10953	115	208
167.114	10954	117	1408
167.124	10955	119	1408
167.131	10956	120	208
167.134	10957	121	1408
167.144	10958	124	1408
167.149	10959	122	208
167.151	10960	124	1408
167.161	10961	126	1408
167.167	10962	125	208
167.169	10963	127	1408
167.181	10964	131	1408
167.187	10965	130	208
167.191	10966	134	1408
167.198	10967	134	1408
167.204	10968	132	208
167.206	10969	134	1408
167.213	10970	134	1408
167.219	10971	132	208
167.223	10972	136	1408
167.233	10973	139	1408
167.239	10974	137	208
167.241	10975	138	1408
167.248	10976	139	1408
167.256	10977	139	208
167.258	10978	141	1408
167.266	10979	141	1408
167.271	10980	140	208
167.274	10981	142	1408
167.283	10982	147	1408
167.286	10983	143	208
167.288	10984	145	1408
167.295	10985	147	1408
167.301	10986	147	208
167.303	10987	148	1408
167.308	10988	148	1408
167.313	10989	147	208
167.315	10990	148	1408
167.321	10991	148	1408
167.328	10992	150	208
167.331	10993	152	1408
167.338	10994	153	1408
167.341	10995	150	208
167.343	10996	152	1408
167.353	10997	156	1408
167.356	10998	153	208
167.363	11000	154	1408
167.368	11001	154	208
167.371	11002	156	1408
167.378	11004	152	208
167.381	11005	154	1408
167.396	11007	154	208
167.398	11008	155	1408
167.405	11009	153	1408
167.418	11011	154	1408
167.428	11012	155	1408
167.435	11013	154	208
167.438	11014	154	1408
167.447	11015	154	1408
167.455	11016	153	208
167.462	11017	158	1408
167.477	11019	156	208
167.479	11020	156	1408
167.497	11022	156	208
167.499	11023	157	1408
167.509	11024	160	1408
167.517	11025	160	208
167.52	11027	155	1408
167.525	11028	153	208
167.532	11029	159	1408
167.536	11030	157	1408
167.542	11031	156	208
167.547	11033	152	1408
167.553	11034	151	208
167.555	11035	152	1408
167.562	11036	152	1408
167.57	11037	153	1411
167.575	11038	151	208
167.577	11039	153	1408
167.592	11041	154	1408
167.598	11043	146	208
167.603	11044	149	1408
167.61	11045	149	1408
167.615	11046	148	211
167.616	11047	147	208
167.619	11048	149	1408
167.623	11049	146	1408
167.631	11050	145	208
167.636	11051	148	1408
167.646	11052	149	1408
167.652	11053	146	208
167.659	11054	147	1408
167.672	11055	144	1411
167.681	11056	147	1408
167.693	11057	146	1411
167.701	11058	148	208
167.703	11059	148	1408
167.711	11060	149	1408
167.717	11061	148	208
167.721	11062	151	1411
167.729	11063	151	1408
167.734	11064	151	1408
167.739	11065	149	208
167.744	11066	153	1408
167.749	11067	150	1411
167.756	11068	150	1408
167.761	11069	149	208
167.766	11070	152	1408
167.773	11071	153	1408
167.779	11072	152	208
167.786	11074	151	1408
167.796	11075	153	1411
167.801	11076	151	1411
167.808	11077	152	208
167.81	11078	153	1408
167.82	11079	156	1408
167.828	11080	157	208
167.83	11081	158	1408
167.84	11082	161	1408
167.843	11083	156	208
167.85	11084	162	1408
167.855	11085	160	1408
167.858	11086	156	208
167.86	11087	157	1408
167.865	11088	156	1408
167.873	11089	156	208
167.875	11090	158	1408
167.88	11091	156	1408
167.888	11092	156	208
167.89	11093	157	1408
167.898	11094	158	1408
167.905	11095	158	208
167.907	11096	160	1408
167.915	11098	154	208
167.917	11099	155	1408
167.923	11100	153	1408
167.931	11101	154	208
167.94	11103	156	1408
167.941	11104	150	208
167.944	11105	151	1408
167.953	11106	153	1408
167.956	11107	150	208
167.965	11109	151	1408
167.973	11110	152	208
167.983	11112	154	1408
167.986	11113	150	208
167.988	11114	151	1411
168.003	11116	151	1408
168.006	11117	148	208
168.009	11118	149	1408
168.016	11119	150	1408
168.023	11120	150	208
168.026	11121	151	1408
168.031	11122	150	1408
168.036	11123	148	208
168.039	11124	150	1408
168.046	11125	150	1408
168.052	11126	148	208
168.054	11127	150	1408
168.061	11128	150	1408
168.065	11129	146	208
168.074	11131	147	1408
168.082	11132	148	208
168.084	11133	149	1408
168.089	11134	147	1408
168.094	11135	146	208
168.097	11136	147	1408
168.106	11137	149	1408
168.112	11138	148	208
168.114	11139	149	1408
168.123	11140	152	1411
168.128	11141	151	1408
168.134	11142	151	208
168.136	11143	153	1408
168.143	11144	154	1408
168.148	11145	153	1411
168.153	11146	152	208
168.155	11147	154	1408
168.16	11148	153	1408
168.168	11149	155	208
168.17	11150	157	1408
168.177	11151	159	1411
168.182	11152	158	1408
168.19	11153	159	208
168.192	11154	159	1411
168.197	11155	159	1408
168.202	11156	158	1408
168.209	11157	160	208
168.212	11158	158	1411
168.219	11159	161	1408
168.224	11160	160	1408
168.229	11161	160	208
168.237	11163	156	1408
168.246	11164	157	208
168.251	11165	159	1408
168.259	11166	158	1408
168.268	11167	159	208
168.279	11169	158	1408
168.286	11170	156	1411
168.294	11171	155	208
168.296	11172	156	1408
168.304	11173	154	1408
168.312	11174	152	208
168.316	11175	156	1408
168.324	11176	155	1408
168.332	11177	152	208
168.336	11178	156	1408
168.342	11179	154	1408
168.344	11180	150	208
168.354	11182	151	1408
168.359	11183	150	208
168.364	11184	153	1408
168.372	11186	148	208
168.377	11187	151	1408
168.382	11188	149	1408
168.387	11189	147	208
168.389	11190	149	1408
168.397	11191	149	1408
168.405	11192	150	208
168.407	11193	151	1408
168.417	11194	154	1408
168.42	11195	150	208
168.422	11196	151	1408
168.43	11197	153	1408
168.433	11198	149	208
168.435	11199	151	1408
168.445	11201	146	1408
168.453	11202	147	208
168.455	11203	149	1408
168.46	11204	147	1408
168.468	11205	147	208
168.47	11206	149	1408
168.48	11207	151	1408
168.487	11208	152	1411
168.492	11209	150	208
168.495	11210	151	1408
168.504	11211	154	1408
168.512	11212	154	208
168.514	11213	155	1408
168.522	11214	156	1408
168.527	11215	154	208
168.53	11217	150	1408
168.537	11218	150	208
168.539	11219	152	1408
168.549	11220	155	1408
168.555	11221	153	208
168.559	11222	157	1408
168.566	11223	157	1411
168.574	11224	157	1408
168.583	11225	160	1411
168.591	11227	160	1408
168.601	11229	156	208
168.606	11230	159	1408
168.616	11232	155	208
168.618	11233	157	1408
168.633	11236	157	1408
168.638	11237	154	1408
168.644	11238	154	208
168.646	11239	155	1408
168.655	11240	158	1411
168.662	11241	158	1408
168.67	11242	159	208
168.672	11243	160	1408
168.68	11244	160	1408
168.689	11246	162	1408
168.697	11247	162	1408
168.7	11248	158	208
168.702	11249	159	1408
168.709	11250	160	1408
168.722	11253	157	1408
168.727	11254	156	208
168.73	11255	157	1408
168.735	11256	155	1408
168.744	11257	158	1411
168.752	11258	159	208
168.754	11259	161	1408
168.762	11261	155	208
168.765	11262	156	1408
168.77	11263	155	1408
168.775	11264	153	208
168.777	11265	154	1408
168.785	11266	154	1408
168.788	11267	150	208
168.795	11269	150	211
168.798	11270	151	1408
168.805	11271	151	1411
168.813	11272	152	208
168.817	11274	149	1411
168.827	11275	151	1408
168.833	11276	150	208
168.835	11277	151	1411
168.84	11278	150	211
168.845	11279	153	1408
168.855	11281	150	208
168.857	11282	151	1408
168.867	11283	154	1408
168.874	11284	155	208
168.877	11285	156	1408
168.884	11286	157	1408
168.889	11287	155	208
168.892	11288	156	1408
168.897	11289	155	211
168.899	11290	156	1408
168.905	11291	154	208
168.912	11293	154	1408
168.915	11294	150	208
168.917	11295	151	1408
168.925	11296	151	211
168.927	11297	153	1411
168.932	11298	151	1408
168.94	11299	151	208
168.942	11300	153	1408
168.951	11301	155	1408
168.954	11302	153	208
168.957	11303	154	1408
168.964	11304	156	1408
168.967	11305	153	1411
168.972	11306	152	208
168.976	11307	156	1408
168.981	11308	155	1408
168.983	11309	152	208
168.986	11310	154	1408
168.992	11311	154	1408
168.999	11312	154	1411
169.004	11313	154	208
169.007	11314	155	1408
169.014	11315	157	1408
169.019	11316	156	208
169.024	11317	156	1411
169.031	11319	153	1408
169.039	11320	156	208
169.041	11321	156	1408
169.046	11322	156	1408
169.049	11323	153	208
169.056	11324	151	1411
169.067	11325	152	1408
169.076	11326	153	1408
169.082	11327	150	208
169.084	11328	150	1408
169.094	11329	150	1408
169.102	11330	150	208
169.116	11332	153	1411
169.124	11333	152	1408
169.134	11334	153	208
169.137	11335	154	1408
169.145	11336	152	1408
169.152	11337	150	208
169.154	11338	152	1408
169.162	11339	153	1408
169.167	11340	151	208
169.172	11341	154	1408
169.179	11342	155	1408
169.184	11343	153	208
169.189	11344	156	1408
169.196	11345	157	1408
169.199	11346	153	208
169.206	11348	152	1408
169.212	11349	151	208
169.214	11350	152	1408
169.222	11351	152	1408
169.229	11352	153	208
169.232	11353	154	1408
169.242	11355	151	1408
169.249	11356	152	208
169.252	11357	153	1408
169.262	11358	156	1408
169.267	11359	154	208
169.269	11360	155	1408
169.278	11361	158	1408
169.287	11364	151	1408
169.29	11365	147	208
169.294	11366	151	1408
169.301	11367	151	1408
169.309	11368	152	208
169.312	11369	153	1408
169.317	11370	151	1408
169.327	11371	154	1411
169.332	11372	153	208
169.334	11373	155	1408
169.345	11375	151	208
169.349	11376	155	1408
169.354	11377	153	1408
169.362	11378	154	208
169.364	11379	155	1408
169.371	11380	155	1408
169.377	11381	154	208
169.384	11383	152	1408
169.39	11384	151	208
169.394	11385	155	1408
169.402	11387	148	208
169.409	11388	154	1408
169.414	11389	152	1411
169.421	11390	153	1408
169.429	11391	155	208
169.431	11392	156	1408
169.436	11393	154	1408
169.441	11394	152	208
169.446	11395	156	1408
169.453	11396	156	1411
169.463	11397	158	1408
169.471	11399	158	1408
169.478	11400	158	1408
169.483	11401	157	208
169.486	11402	158	1408
169.493	11403	158	1408
169.501	11404	159	211
169.503	11405	160	1411
169.508	11406	158	208
169.51	11407	160	1408
169.517	11408	160	1408
169.525	11409	160	208
169.532	11411	160	1408
169.535	11412	157	208
169.545	11414	158	1408
169.55	11415	157	208
169.552	11416	158	1408
169.562	11417	160	1411
169.567	11418	158	1408
169.57	11419	154	208
169.572	11420	155	1408
169.579	11421	156	1408
169.585	11422	154	208
169.587	11423	156	1408
169.597	11424	159	1411
169.6	11425	154	1408
169.609	11426	157	1411
169.613	11427	153	208
169.615	11428	154	1408
169.632	11432	151	1408
169.64	11433	152	208
169.645	11434	155	1408
169.65	11435	153	1408
169.651	11436	147	208
169.653	11437	148	1408
169.662	11438	151	1408
169.668	11439	150	208
169.676	11441	149	211
169.678	11442	151	1408
169.681	11443	147	208
169.683	11444	148	1408
169.693	11445	151	1408
169.699	11446	149	208
169.706	11448	149	1408
169.709	11449	145	208
169.711	11450	147	1408
169.721	11451	149	1408
169.727	11452	148	208
169.736	11454	150	1411
169.741	11455	148	1408
169.749	11456	148	1411
169.751	11457	144	208
169.754	11458	145	1408
169.761	11459	145	1408
169.766	11460	143	208
169.768	11461	145	1408
169.773	11462	143	1408
169.778	11463	143	208
169.783	11464	146	1408
169.791	11465	148	1408
169.793	11466	146	208
169.798	11467	149	1408
169.805	11468	151	1408
169.81	11469	151	208
169.813	11470	153	1408
169.818	11471	153	1408
169.823	11472	152	208
169.825	11473	153	1408
169.835	11474	152	1411
169.84	11475	153	211
169.843	11476	154	1411
169.848	11477	154	1408
169.855	11478	155	208
169.857	11479	157	1408
169.866	11481	154	208
169.873	11483	155	1408
169.882	11484	157	1411
169.885	11485	154	208
169.89	11486	158	1408
169.892	11487	155	1408
169.9	11488	154	208
169.903	11489	155	1408
169.912	11490	156	1411
169.922	11491	156	1408
169.932	11492	157	208
169.934	11493	158	1408
169.942	11494	156	1408
169.951	11495	157	1411
169.96	11496	155	208
169.972	11498	157	1408
169.98	11499	156	208
169.982	11500	156	1408
169.987	11501	152	1408
169.997	11503	154	1408
170.007	11504	157	1408
170.012	11505	155	208
170.014	11506	157	1408
170.025	11508	153	208
170.027	11509	154	1408
170.034	11510	155	1408
170.038	11511	152	208
170.04	11512	153	1408
170.054	11515	153	1408
170.061	11516	153	1408
170.064	11517	149	208
170.068	11518	151	1411
170.074	11519	151	1411
170.084	11520	153	1408
170.094	11521	156	1408
170.099	11522	154	208
170.101	11523	156	1408
170.109	11524	156	1408
170.112	11525	152	208
170.114	11526	153	1408
170.122	11527	154	1408
170.129	11528	155	208
170.132	11529	156	1408
170.139	11530	157	1408
170.142	11531	153	208
170.156	11533	159	1408
170.156	11534	153	208
170.162	11536	150	1408
170.169	11537	151	208
170.172	11538	152	1408
170.179	11539	153	1411
170.186	11540	153	1408
170.192	11541	151	208
170.196	11542	155	1408
170.199	11543	151	211
170.202	11544	152	1408
170.205	11545	148	208
170.207	11546	150	1408
170.217	11547	153	1408
170.222	11548	151	208
170.225	11549	152	1408
170.228	11550	149	1411
170.237	11551	152	1408
170.24	11552	148	208
170.245	11553	152	1408
170.252	11554	151	1408
170.257	11555	149	1411
170.265	11556	151	211
170.265	11557	150	208
170.275	11559	151	1408
170.28	11560	149	208
170.283	11561	151	1408
170.288	11562	149	1408
170.293	11563	147	208
170.295	11564	148	1408
170.303	11565	149	1408
170.308	11566	147	208
170.31	11567	149	1408
170.32	11568	152	1408
170.328	11569	153	208
170.33	11570	154	1408
170.339	11571	157	1408
170.342	11572	153	208
170.347	11573	156	1408
170.354	11574	157	1408
170.359	11575	155	208
170.367	11577	155	1411
170.374	11578	154	1408
170.379	11579	152	1408
170.387	11580	153	208
170.391	11581	157	1408
170.398	11582	157	1408
170.404	11583	155	208
170.407	11584	157	1408
170.413	11585	157	1408
170.422	11586	158	208
170.424	11587	159	1408
170.438	11589	161	208
170.443	11591	158	1408
170.451	11592	158	208
170.453	11593	159	1408
170.456	11594	156	1408
170.464	11595	156	208
170.474	11597	158	1408
170.474	11598	152	208
170.477	11599	153	1408
170.48	11600	149	1411
170.487	11601	149	1408
170.492	11602	148	208
170.495	11603	149	1408
170.502	11604	149	1408
170.51	11605	151	208
170.519	11607	152	1408
170.527	11608	153	208
170.529	11609	154	1408
170.532	11610	151	1408
170.539	11611	151	208
170.542	11612	152	1408
170.547	11613	150	1408
170.55	11614	146	208
170.552	11615	147	1408
170.559	11616	148	1408
170.567	11617	148	1411
170.575	11618	149	208
170.58	11619	153	1408
170.589	11620	156	1408
170.592	11621	152	208
170.595	11622	153	1408
170.602	11623	153	1408
170.605	11624	150	208
170.609	11625	154	1408
170.614	11626	153	1408
170.618	11627	151	208
170.624	11629	151	1408
170.628	11630	149	208
170.63	11631	150	1408
170.64	11632	151	1411
170.644	11633	151	1411
170.649	11634	149	1408
170.654	11635	150	208
170.657	11636	151	1408
170.66	11637	149	1408
170.674	11638	150	1411
170.679	11639	150	208
170.681	11640	151	1408
170.685	11641	151	1408
170.691	11642	150	208
170.695	11643	154	1408
170.7	11644	154	1408
170.705	11645	153	208
170.708	11646	155	1408
170.715	11647	157	1408
170.722	11648	153	1411
170.73	11649	152	208
170.733	11650	153	1408
170.742	11651	154	1408
170.75	11652	151	208
170.752	11653	153	1408
170.762	11654	154	1408
170.77	11655	152	208
170.774	11656	155	1408
170.782	11657	154	1408
170.792	11658	155	208
170.794	11659	156	1408
170.804	11660	156	1408
170.81	11661	152	208
170.814	11662	156	1408
170.82	11663	152	1408
170.829	11664	155	1411
170.834	11665	153	208
170.841	11666	159	1408
170.846	11667	157	1408
170.852	11668	155	208
170.854	11669	157	1408
170.859	11670	154	1408
170.864	11671	153	208
170.867	11672	154	1408
170.872	11673	152	1408
170.88	11674	153	208
170.882	11675	154	1408
170.89	11676	155	1408
170.895	11677	153	208
170.897	11678	155	1408
170.902	11679	152	1408
170.912	11681	155	1408
170.919	11682	156	1408
170.924	11683	154	208
170.927	11684	155	1408
170.934	11685	156	1408
170.944	11687	157	1408
170.946	11688	153	1408
170.952	11689	151	208
170.954	11690	152	1408
170.964	11692	150	208
170.967	11693	151	1408
170.977	11694	154	1408
170.984	11695	155	208
170.987	11696	156	1408
170.992	11697	154	1408
170.997	11698	153	208
171	11699	154	1408
171.012	11701	154	208
171.02	11703	153	1408
171.025	11704	151	208
171.027	11705	153	1408
171.034	11706	153	1408
171.038	11707	149	208
171.04	11708	151	1408
171.045	11709	149	1408
171.051	11710	148	208
171.053	11711	149	1408
171.06	11712	150	1408
171.065	11713	148	208
171.067	11714	149	1408
171.077	11715	152	1408
171.082	11716	151	208
171.085	11717	152	1408
171.09	11718	150	1408
171.097	11719	150	208
171.099	11720	152	1408
171.112	11722	151	208
171.113	11723	150	211
171.117	11724	154	1408
171.122	11725	152	1408
171.127	11726	151	208
171.13	11727	152	1408
171.137	11728	152	1408
171.147	11729	154	211
171.148	11730	153	208
171.15	11731	154	1408
171.153	11732	151	1408
171.158	11733	149	208
171.16	11734	151	1408
171.17	11735	153	1411
171.179	11736	156	1408
171.184	11737	154	208
171.189	11739	152	1408
171.197	11740	153	208
171.199	11741	154	1408
171.207	11742	154	1408
171.212	11743	153	208
171.217	11744	155	1411
171.224	11745	155	1411
171.234	11746	158	1408
171.241	11747	158	1408
171.246	11748	157	208
171.251	11749	160	1408
171.255	11750	158	1408
171.263	11751	159	208
171.265	11752	160	1408
171.275	11753	163	1408
171.278	11754	159	208
171.282	11755	163	1408
171.295	11758	160	1408
171.306	11760	157	208
171.308	11761	158	1408
171.317	11762	162	1408
171.325	11763	162	1411
171.328	11764	158	208
171.334	11765	164	1408
171.338	11766	160	1408
171.34	11767	156	208
171.342	11768	157	1408
171.35	11769	158	1408
171.355	11770	157	208
171.357	11771	158	1408
171.362	11772	156	1408
171.366	11773	152	208
171.375	11775	154	1408
171.38	11776	152	208
171.383	11777	153	1408
171.387	11778	152	1408
171.401	11780	151	208
171.403	11781	153	1408
171.408	11782	151	1408
171.416	11783	151	208
171.418	11784	153	1408
171.425	11785	154	1408
171.428	11786	150	208
171.43	11787	151	1408
171.436	11788	149	1408
171.438	11789	146	208
171.441	11790	148	1408
171.446	11791	148	1408
171.449	11792	146	208
171.451	11793	147	1408
171.459	11794	149	1408
171.466	11795	150	208
171.468	11796	152	1408
171.476	11797	151	1408
171.481	11798	151	208
171.484	11799	151	1408
171.494	11800	148	1411
171.499	11801	148	211
171.501	11802	149	1408
171.506	11803	149	1411
171.511	11804	148	208
171.513	11805	150	1408
171.52	11806	152	1408
171.523	11807	149	208
171.525	11808	151	1408
171.538	11809	154	1408
171.546	11810	152	208
171.548	11811	154	1408
171.553	11812	150	1408
171.561	11813	148	208
171.563	11814	150	1408
171.573	11815	149	1408
171.582	11816	150	1411
171.585	11817	144	208
171.59	11818	147	1408
171.6	11819	148	1411
171.607	11820	147	1408
171.614	11821	145	208
171.617	11822	145	1408
171.624	11823	144	1408
171.632	11824	143	208
171.635	11825	144	1408
171.644	11826	147	1408
171.649	11827	145	208
171.654	11828	148	1408
171.662	11829	150	1408
171.669	11830	150	208
171.671	11831	152	1408
171.682	11832	155	1408
171.682	11833	148	208
171.687	11834	152	1408
171.693	11835	152	1408
171.702	11836	154	208
171.704	11837	155	1408
171.713	11838	158	1408
171.719	11839	156	208
171.726	11841	156	1408
171.729	11842	153	208
171.734	11843	156	1408
171.739	11844	154	1408
171.747	11845	155	208
171.749	11846	157	1408
171.754	11847	155	1408
171.761	11848	156	208
171.764	11849	157	1408
171.77	11851	150	208
171.779	11853	151	1408
171.785	11854	151	208
171.787	11855	153	1408
171.792	11856	151	1408
171.797	11857	149	208
171.802	11858	152	1408
171.81	11860	148	208
171.812	11861	149	1408
171.822	11862	152	1408
171.828	11863	151	208
171.833	11865	148	1408
171.838	11866	147	208
171.84	11867	148	1408
171.848	11868	149	1408
171.851	11869	146	208
171.853	11870	147	1408
171.86	11871	148	1408
171.871	11873	150	1408
171.878	11874	150	1408
171.88	11875	147	208
171.883	11876	148	1408
171.893	11877	151	1408
171.898	11878	149	208
171.9	11879	151	1408
171.908	11880	152	1408
171.915	11881	153	208
171.921	11883	150	1408
171.928	11884	151	1411
171.931	11885	147	208
171.936	11886	151	1408
171.945	11887	154	1408
171.948	11888	151	208
171.95	11889	151	1408
171.958	11890	153	1408
171.963	11891	151	208
171.968	11892	155	1408
171.973	11893	154	1411
171.98	11894	151	1411
171.99	11895	155	1408
171.995	11896	153	208
171.998	11897	154	1408
172.005	11898	155	1408
172.011	11899	154	208
172.015	11901	151	1411
172.025	11902	154	1408
172.032	11903	155	208
172.035	11904	156	1408
172.044	11905	159	1411
172.047	11906	155	1408
172.054	11907	156	208
172.057	11908	158	1408
172.062	11909	156	1408
172.069	11910	157	208
172.072	11911	158	1408
172.082	11913	160	1408
172.089	11914	160	208
172.093	11916	158	1408
172.1	11917	157	208
172.109	11919	159	1408
172.11	11920	153	208
172.112	11921	155	1408
172.121	11922	157	1408
172.126	11923	156	208
172.129	11924	158	1411
172.135	11925	156	1408
172.141	11926	156	1408
172.156	11929	157	1408
172.162	11930	155	208
172.164	11931	157	1408
172.171	11932	157	1408
172.176	11933	156	208
172.186	11935	157	1408
172.191	11936	156	208
172.199	11939	151	208
172.204	11940	154	1408
172.211	11941	154	1408
172.217	11942	153	208
172.222	11943	157	1408
172.226	11944	156	1411
172.233	11945	156	1408
172.239	11946	154	208
172.241	11947	156	1408
172.247	11948	155	1408
172.252	11949	153	208
172.254	11950	155	1408
172.261	11951	155	1408
172.264	11952	152	208
172.266	11953	154	1408
172.271	11954	154	1408
172.274	11955	152	208
172.279	11956	155	1408
172.281	11957	153	1408
172.286	11958	152	211
172.292	11961	148	1411
172.301	11962	153	1408
172.309	11963	150	1411
172.316	11964	153	208
172.319	11965	154	1408
172.323	11966	154	1408
172.326	11967	152	208
172.329	11968	153	1408
172.337	11970	151	208
172.339	11971	153	1408
172.346	11972	154	1408
172.356	11973	149	211
172.358	11974	151	1411
172.364	11975	148	208
172.369	11976	151	1408
172.376	11977	150	1408
172.386	11978	151	208
172.388	11979	152	1411
172.398	11980	153	1408
172.405	11981	151	1411
172.415	11982	152	1411
172.425	11983	152	1408
172.433	11984	152	208
172.435	11985	153	1408
172.447	11986	156	1408
172.455	11987	155	208
172.458	11988	156	1408
172.467	11989	156	1408
172.472	11990	153	208
172.475	11991	155	1408
172.484	11992	158	1408
172.492	11994	158	1408
172.499	11995	159	1408
172.507	11996	160	211
172.509	11997	161	1411
172.514	11998	159	208
172.52	12000	157	1408
172.522	12001	153	208
172.525	12002	155	1408
172.532	12003	154	1408
172.537	12004	153	208
172.54	12005	155	1408
172.545	12006	153	1411
172.554	12007	156	1408
172.557	12008	153	208
172.562	12009	157	1408
172.565	12010	152	1408
172.572	12011	152	208
172.575	12012	154	1408
172.582	12013	155	1408
172.587	12014	153	208
172.589	12015	155	1408
172.597	12016	157	1408
172.609	12019	154	1408
172.612	12020	151	208
172.614	12021	152	1408
172.624	12022	154	1408
172.63	12023	153	208
172.634	12024	157	1408
172.639	12025	155	1408
172.645	12026	154	208
172.652	12028	153	1408
172.657	12029	153	208
172.667	12031	154	1408
172.677	12034	151	1408
172.682	12035	149	208
172.687	12036	152	1408
172.692	12037	152	1408
172.698	12038	150	211
172.698	12039	149	208
172.707	12041	151	1408
172.711	12042	149	208
172.713	12043	150	1408
172.725	12045	148	1408
172.728	12046	145	208
172.731	12047	146	1408
172.74	12048	148	1408
172.745	12049	147	208
172.747	12050	148	1408
172.757	12051	152	1408
172.765	12052	152	208
172.767	12053	154	1408
172.775	12054	154	1408
172.782	12056	155	1408
172.787	12057	153	1408
172.79	12058	150	208
172.792	12059	151	1408
172.802	12060	153	1408
172.81	12061	154	208
172.812	12062	155	1408
172.815	12063	152	211
172.817	12064	154	1411
172.825	12065	154	1408
172.832	12066	155	208
172.835	12067	156	1408
172.843	12069	151	208
172.845	12070	152	1408
172.857	12071	157	1408
172.862	12072	156	1411
172.867	12073	154	208
172.874	12075	154	1411
172.884	12076	157	1408
172.889	12077	156	211
172.891	12078	157	1411
172.899	12079	158	208
172.905	12082	149	208
172.912	12083	155	1408
172.916	12084	154	1411
172.924	12085	155	1408
172.934	12086	157	1411
172.939	12087	156	208
172.941	12088	158	1408
172.948	12089	158	1408
172.953	12090	156	208
172.956	12091	157	1408
172.963	12092	159	1408
172.973	12094	160	1408
172.98	12095	160	1408
172.987	12097	161	1408
172.992	12098	159	211
172.995	12099	160	1408
173.002	12101	160	1408
173.007	12102	158	1408
173.014	12103	159	208
173.017	12104	160	1408
173.024	12105	162	1408
173.032	12106	162	208
173.034	12107	164	1408
173.039	12108	162	1408
173.04	12109	156	208
173.045	12111	154	1408
173.052	12112	154	1411
173.058	12113	153	208
173.06	12114	155	1408
173.068	12115	155	1408
173.071	12116	151	208
173.074	12117	153	1408
173.078	12118	152	1411
173.086	12119	152	1408
173.089	12120	148	208
173.091	12121	150	1408
173.1	12123	149	208
173.103	12124	151	1408
173.11	12126	148	1411
173.12	12127	151	1408
173.122	12128	149	208
173.125	12129	150	1408
173.132	12130	153	1408
173.135	12131	150	208
173.137	12132	152	1408
173.142	12133	150	1408
173.148	12134	149	208
173.15	12135	151	1408
173.157	12136	151	1408
173.163	12137	149	208
173.165	12138	152	1408
173.175	12139	153	211
173.177	12140	155	1408
173.183	12141	152	208
173.185	12142	155	1408
173.191	12143	153	211
173.193	12144	155	1408
173.196	12145	148	208
173.201	12146	152	1408
173.206	12147	149	211
173.209	12148	150	1408
173.216	12149	149	208
173.219	12150	150	1408
173.225	12151	148	1408
173.233	12152	147	208
173.236	12153	148	1408
173.248	12154	151	1411
173.257	12155	151	1408
173.26	12156	146	208
173.263	12157	147	1408
173.274	12158	150	1408
173.279	12159	146	208
173.284	12160	149	1408
173.296	12161	153	1408
173.304	12162	153	1411
173.309	12163	152	208
173.311	12164	153	1408
173.319	12165	154	1411
173.329	12166	157	1408
173.336	12167	158	208
173.339	12168	160	1408
173.344	12169	158	1408
173.351	12170	159	208
173.354	12171	161	1408
173.359	12173	153	208
173.362	12174	154	1408
173.371	12175	157	1408
173.382	12178	153	1408
173.387	12179	151	208
173.389	12180	153	1408
173.397	12181	154	1408
173.4	12182	151	208
173.402	12183	152	1408
173.407	12184	149	1408
173.415	12185	151	208
173.417	12186	152	1408
173.425	12187	153	1408
173.428	12188	150	208
173.435	12190	149	1408
173.445	12192	151	1408
173.45	12193	150	1408
173.453	12194	146	208
173.455	12195	148	1408
173.465	12196	150	1408
173.468	12197	147	208
173.473	12198	151	1408
173.477	12199	149	1408
173.483	12200	148	208
173.486	12201	149	1408
173.495	12202	153	1408
173.498	12203	149	208
173.503	12204	152	1408
173.511	12206	147	208
173.513	12207	149	1408
173.518	12208	147	1408
173.524	12209	146	208
173.526	12210	148	1408
173.536	12211	150	1408
173.541	12212	149	208
173.544	12213	150	1408
173.554	12215	147	208
173.556	12216	149	1408
173.567	12218	146	1408
173.574	12219	147	208
173.576	12220	148	1408
173.584	12221	149	211
173.587	12222	150	1411
173.599	12224	150	208
173.601	12225	151	1408
173.606	12226	149	1408
173.611	12227	148	208
173.614	12228	150	1408
173.621	12229	149	1408
173.629	12230	151	208
173.631	12231	152	1408
173.642	12233	149	1408
173.649	12234	151	211
173.65	12235	150	208
173.659	12237	151	1408
173.667	12238	152	208
173.669	12239	153	1408
173.676	12240	155	1408
173.682	12241	153	208
173.686	12242	157	1408
173.693	12243	157	1408
173.698	12244	156	208
173.701	12245	157	1408
173.705	12246	155	1408
173.713	12247	156	208
173.716	12248	157	1408
173.72	12249	156	1411
173.73	12250	158	1408
173.733	12251	155	208
173.735	12252	157	1408
173.74	12253	154	1408
173.745	12254	152	208
173.748	12255	154	1408
173.757	12256	158	1408
173.764	12257	158	1411
173.772	12258	159	208
173.777	12259	161	1411
173.784	12260	161	1408
173.791	12261	162	1408
173.794	12262	159	208
173.801	12263	165	1408
173.804	12264	160	1408
173.811	12265	160	1411
173.816	12266	160	208
173.823	12268	159	1408
173.838	12271	160	1408
173.841	12272	156	208
173.843	12273	157	1408
173.853	12274	160	1411
173.862	12275	163	1408
173.87	12277	163	1408
173.878	12279	157	1408
173.886	12280	158	208
173.888	12281	159	1408
173.893	12282	158	1408
173.896	12283	154	208
173.898	12284	156	1408
173.906	12285	156	1408
173.909	12287	153	1408
173.918	12288	155	1408
173.922	12289	151	208
173.929	12291	152	1408
173.93	12292	148	208
173.937	12293	154	1408
173.939	12294	151	1408
173.944	12295	150	208
173.946	12296	153	1408
173.949	12297	150	1408
173.954	12298	150	208
173.957	12299	151	1408
173.959	12300	149	1408
173.962	12301	147	208
173.975	12303	147	1408
173.98	12304	145	208
173.982	12305	148	1408
173.987	12306	146	1408
173.998	12307	146	208
174	12308	148	1408
174.002	12309	145	1408
174.011	12310	148	208
174.013	12311	146	1408
174.02	12312	146	1411
174.028	12313	143	1408
174.035	12314	142	211
174.04	12315	145	1411
174.045	12316	142	208
174.05	12317	145	1408
174.055	12318	141	1408
174.063	12319	140	211
174.063	12320	139	208
174.066	12321	140	1408
174.076	12322	141	1411
174.087	12323	144	1408
174.095	12324	142	208
174.097	12325	143	1408
174.105	12326	142	211
174.107	12327	142	1408
174.114	12328	141	208
174.119	12329	144	1408
174.126	12330	146	1411
174.136	12331	149	1408
174.139	12332	144	208
174.141	12333	146	1408
174.15	12334	148	1408
174.156	12335	148	208
174.161	12336	151	1408
174.168	12337	151	1408
174.173	12338	149	208
174.176	12339	151	1408
174.185	12340	153	1411
174.194	12341	157	1408
174.198	12342	153	208
174.2	12343	154	1408
174.209	12344	157	1408
174.217	12345	158	208
174.219	12346	159	1408
174.225	12347	158	1408
174.23	12348	157	208
174.232	12349	158	1408
174.239	12350	158	1408
174.25	12352	160	1408
174.254	12353	159	1408
174.257	12354	155	208
174.26	12355	156	1408
174.267	12356	157	1408
174.277	12358	158	1408
174.282	12359	157	1408
174.291	12361	159	1408
174.296	12362	157	1408
174.299	12363	153	208
174.301	12364	154	1408
174.311	12365	158	1408
174.316	12366	156	208
174.319	12367	157	1408
174.324	12368	155	1408
174.332	12369	156	208
174.336	12371	154	1408
174.342	12372	153	208
174.347	12373	156	1408
174.349	12374	151	1408
174.357	12375	152	208
174.359	12376	153	1408
174.369	12377	157	1408
174.374	12378	156	208
174.389	12382	155	1408
174.394	12383	153	1408
174.397	12384	149	208
174.399	12385	151	1408
174.405	12386	149	1408
174.41	12387	148	208
174.415	12388	152	1408
174.422	12389	152	1408
174.43	12390	153	208
174.437	12392	153	1408
174.438	12393	147	208
174.44	12394	148	1408
174.449	12395	151	1408
174.455	12396	149	211
174.455	12397	149	208
174.458	12398	150	1408
174.467	12399	153	1408
174.472	12400	152	208
174.474	12401	153	1408
174.482	12402	153	211
174.484	12403	155	1408
174.492	12404	155	208
174.494	12405	156	1408
174.499	12408	147	208
174.502	12409	149	1408
174.51	12410	150	1408
174.517	12411	150	208
174.522	12412	154	1408
174.529	12413	155	1408
174.535	12414	154	208
174.537	12415	155	1408
174.544	12416	156	1411
174.554	12417	158	1408
174.557	12418	154	208
174.559	12419	155	1408
174.568	12420	159	1408
174.586	12424	155	208
174.594	12425	154	1411
174.601	12426	156	1411
174.604	12427	152	211
174.606	12428	153	1408
174.618	12429	157	1408
174.623	12430	156	208
174.626	12431	157	1408
174.633	12432	159	1408
174.638	12433	157	208
174.646	12434	158	1411
174.653	12435	159	1408
174.663	12437	156	208
174.665	12438	157	1408
174.672	12439	157	1408
174.678	12440	156	208
174.687	12442	158	1408
174.691	12443	154	208
174.695	12444	158	1408
174.7	12445	156	1408
174.706	12446	155	211
174.708	12447	157	1411
174.716	12448	157	208
174.724	12451	151	208
174.729	12453	148	1408
174.736	12454	149	208
174.739	12455	150	1408
174.746	12456	151	1408
174.754	12458	152	1408
174.756	12459	150	1408
174.759	12460	147	208
174.761	12461	148	1408
174.769	12462	151	1408
174.77	12463	146	208
174.777	12465	147	1408
174.782	12466	147	208
174.782	12467	146	211
174.795	12470	148	1408
174.802	12471	148	1408
174.802	12472	144	208
174.805	12473	145	1408
174.814	12474	150	1408
174.82	12475	150	208
174.822	12477	146	1408
174.83	12478	146	208
174.832	12479	148	1408
174.844	12480	149	1408
174.85	12481	146	208
174.853	12482	147	1408
174.862	12483	147	1411
174.872	12484	148	1408
174.874	12485	142	208
174.879	12486	146	1408
174.887	12487	145	1411
174.895	12488	144	1408
174.905	12489	144	208
174.907	12490	145	1408
174.917	12491	146	1408
174.924	12492	144	1411
174.934	12493	145	1411
174.944	12494	145	1411
174.947	12495	142	211
174.947	12496	142	208
174.952	12497	145	1408
174.959	12498	146	1408
174.967	12499	146	208
174.969	12500	147	1408
174.978	12501	150	1411
174.986	12502	151	1408
174.988	12503	147	208
174.991	12504	148	1408
175.001	12505	151	1411
175.01	12506	154	1411
175.016	12507	153	1408
175.023	12508	153	208
175.025	12509	155	1408
175.035	12510	157	1411
175.043	12511	158	1408
175.048	12512	157	208
175.05	12513	158	1408
175.057	12514	159	1408
175.062	12515	157	208
175.065	12516	158	1408
175.072	12517	159	1408
175.077	12518	158	208
175.08	12519	160	1408
175.088	12521	153	208
175.097	12523	155	1408
175.103	12524	155	208
175.105	12525	156	1408
175.112	12526	156	1408
175.116	12527	153	208
175.128	12530	151	208
175.131	12531	152	1408
175.138	12532	153	1408
175.143	12533	151	208
175.146	12534	152	1408
175.151	12535	151	1408
175.154	12536	147	208
175.156	12537	149	1408
175.163	12538	148	1408
175.171	12539	149	208
175.173	12540	151	1408
175.183	12541	153	1408
175.186	12542	150	208
175.196	12544	152	1408
175.199	12545	148	208
175.201	12546	149	1408
175.211	12547	152	1408
175.216	12548	151	208
175.218	12549	153	1408
175.225	12550	153	1408
175.231	12551	152	208
175.233	12552	153	1408
175.243	12553	155	1408
175.246	12554	153	208
175.258	12556	156	1408
175.26	12557	152	208
175.263	12558	154	1408
175.268	12559	152	1408
175.273	12560	150	208
175.275	12561	152	1408
175.291	12563	153	208
175.293	12564	154	1411
175.303	12565	155	1411
175.308	12566	154	1408
175.316	12567	155	1408
175.321	12568	153	208
175.323	12569	154	1408
175.335	12570	156	1411
175.341	12571	156	1411
175.343	12572	151	1408
175.351	12573	152	208
175.353	12574	153	1408
175.36	12575	154	1408
175.366	12576	153	208
175.368	12577	155	1408
175.378	12579	151	208
175.385	12580	157	1408
175.39	12581	155	1408
175.393	12582	152	208
175.401	12583	154	1411
175.403	12584	151	1408
175.413	12585	153	1408
175.423	12587	156	1408
175.43	12588	155	1408
175.431	12589	150	208
175.433	12590	151	1408
175.443	12591	154	1408
175.448	12592	152	208
175.452	12593	156	1408
175.467	12595	154	1408
175.473	12596	152	208
175.477	12597	156	1408
175.481	12598	152	1408
175.488	12599	152	208
175.495	12600	154	1411
175.502	12601	156	1408
175.507	12602	154	1408
175.515	12603	154	208
175.517	12604	155	1408
175.525	12605	157	1408
175.532	12606	157	208
175.538	12608	154	1408
175.543	12609	152	208
175.545	12610	153	1408
175.554	12611	156	1408
175.56	12612	154	208
175.569	12614	155	1408
175.574	12615	155	208
175.577	12616	156	1408
175.581	12617	154	1408
175.591	12618	157	1411
175.599	12619	159	208
175.604	12621	158	1408
175.609	12622	157	208
175.614	12623	160	1408
175.618	12624	160	1408
175.621	12625	157	208
175.624	12626	159	1408
175.628	12627	158	1408
175.634	12628	158	211
175.639	12631	155	1408
175.647	12632	158	208
175.654	12634	158	1408
175.654	12635	154	208
175.659	12637	153	1408
175.664	12638	152	208
175.67	12640	148	1408
175.679	12641	151	1408
175.682	12642	149	208
175.687	12643	152	1408
175.696	12644	152	1408
175.702	12645	149	208
175.707	12646	152	1408
175.714	12647	151	1408
175.719	12648	146	208
175.722	12649	147	1408
175.734	12650	151	1408
175.744	12651	152	1411
175.749	12652	147	208
175.751	12653	148	1408
175.759	12654	147	1408
175.769	12655	147	1411
175.777	12656	146	208
175.779	12657	147	1408
175.789	12658	149	1408
175.794	12659	148	208
175.797	12660	149	1408
175.806	12661	152	1411
175.809	12662	148	1408
175.817	12663	149	208
175.819	12664	150	1408
175.826	12665	151	1408
175.834	12666	152	208
175.836	12667	153	1408
175.842	12668	151	211
175.846	12669	155	1411
175.851	12670	153	1408
175.861	12671	156	1411
175.868	12672	156	1411
175.873	12673	154	208
175.876	12674	155	1411
175.883	12675	155	1408
175.893	12676	158	1408
175.898	12677	157	208
175.901	12678	158	1408
175.91	12679	161	1408
175.911	12680	155	208
175.913	12681	157	1408
175.918	12682	155	1408
175.924	12683	153	208
175.926	12684	155	1408
175.934	12685	155	1408
175.936	12686	151	208
175.941	12687	154	1408
175.948	12688	155	1408
175.954	12689	153	208
175.956	12690	155	1408
175.971	12693	155	1408
175.976	12694	153	1408
175.979	12695	148	208
175.981	12696	150	1408
175.989	12697	150	1408
175.994	12698	149	208
175.996	12699	150	1408
176.004	12700	151	1408
176.011	12702	151	1408
176.019	12703	151	1408
176.027	12704	152	208
176.029	12705	154	1408
176.034	12706	151	1408
176.041	12707	152	208
176.044	12708	153	1408
176.053	12709	155	1408
176.058	12710	154	208
176.063	12711	157	1408
176.068	12712	156	1408
176.073	12713	154	208
176.075	12714	155	1408
176.083	12715	155	1408
176.091	12716	156	208
176.093	12717	158	1408
176.1	12718	158	1408
176.101	12719	152	208
176.103	12720	154	1408
176.111	12721	154	1408
176.118	12722	154	208
176.12	12723	156	1408
176.128	12724	156	1408
176.133	12725	155	208
176.138	12726	158	1408
176.143	12727	156	1408
176.15	12728	156	208
176.152	12729	158	1408
176.158	12731	150	208
176.161	12732	151	1408
176.17	12733	154	1408
176.177	12734	154	1411
176.185	12735	155	211
176.186	12736	154	208
176.195	12738	155	1408
176.2	12739	154	208
176.202	12740	156	1408
176.212	12741	158	1408
176.22	12742	159	208
176.232	12746	155	208
176.235	12747	157	1408
176.242	12748	157	1408
176.245	12749	153	208
176.255	12751	155	1408
176.261	12752	154	208
176.266	12754	151	1408
176.273	12755	152	208
176.281	12757	151	1408
176.286	12758	150	208
176.293	12760	150	1408
176.301	12761	150	208
176.303	12762	151	1408
176.31	12763	152	1408
176.316	12764	150	208
176.325	12766	152	1408
176.331	12767	150	208
176.34	12769	152	1408
176.348	12770	152	208
176.35	12771	154	1408
176.355	12772	152	1408
176.36	12773	150	1411
176.365	12774	149	208
176.368	12775	150	1408
176.375	12776	150	1408
176.382	12777	151	208
176.385	12778	152	1408
176.392	12779	153	1408
176.397	12780	151	1411
176.405	12781	151	208
176.407	12782	153	1408
176.415	12783	155	1408
176.418	12784	152	208
176.423	12785	156	1408
176.429	12786	158	1408
176.436	12787	153	211
176.442	12789	154	1411
176.446	12790	152	208
176.452	12792	152	1408
176.46	12793	154	1411
176.469	12795	157	1408
176.472	12796	155	1411
176.479	12797	156	1408
176.489	12798	158	1411
176.492	12799	156	208
176.496	12800	160	1408
176.503	12801	160	1411
176.506	12802	158	1408
176.509	12803	154	208
176.511	12804	157	1408
176.516	12805	156	1408
176.533	12806	158	1411
176.539	12807	154	208
176.542	12808	156	1408
176.553	12809	159	1411
176.561	12810	158	1408
176.569	12811	155	208
176.576	12813	153	1408
176.582	12814	149	208
176.586	12815	152	1408
176.593	12816	150	1408
176.602	12817	149	208
176.604	12818	151	1408
176.616	12819	152	1408
176.624	12820	151	208
176.626	12821	153	1408
176.633	12822	153	1408
176.639	12823	151	208
176.641	12824	153	1408
176.648	12825	154	1411
176.658	12826	156	1408
176.666	12828	151	208
176.669	12829	152	1408
176.674	12830	150	211
176.676	12831	152	1408
176.682	12832	150	208
176.686	12833	154	1408
176.694	12834	154	1408
176.695	12835	148	208
176.697	12836	149	1408
176.704	12837	150	1408
176.71	12838	148	208
176.712	12839	150	1408
176.723	12841	147	208
176.727	12842	151	1408
176.739	12844	149	208
176.742	12845	150	1408
176.749	12846	151	1408
176.754	12847	149	208
176.757	12848	150	1408
176.762	12849	149	1408
176.77	12850	149	208
176.774	12851	153	1408
176.781	12852	153	1411
176.786	12853	152	1408
176.794	12854	152	208
176.796	12855	154	1408
176.803	12856	154	1408
176.807	12857	150	208
176.809	12858	151	1408
176.816	12859	151	1408
176.821	12860	150	208
176.824	12861	151	1408
176.831	12862	151	1408
176.836	12863	150	208
176.839	12864	151	1408
176.846	12865	151	1408
176.846	12866	145	208
176.848	12867	146	1408
176.853	12868	145	1408
176.856	12869	140	208
176.858	12870	142	1411
176.863	12871	140	1408
176.866	12872	135	1408
176.868	12873	131	208
176.871	12874	132	1408
176.876	12875	130	1408
176.878	12876	126	208
176.881	12877	127	1408
176.886	12878	125	1408
176.886	12879	118	208
176.891	12880	122	1408
176.893	12881	118	1411
176.897	12882	116	1408
176.9	12883	112	208
176.903	12884	113	1408
176.907	12885	111	1411
176.91	12886	107	1408
176.913	12887	102	208
176.915	12888	104	1408
176.925	12889	106	1408
177.008	12890	50	208
177.01	12891	53	1408
177.012	12892	52	1408
177.017	12893	51	208
177.019	12894	52	1408
177.027	12895	53	1408
177.111	12896	50	208
177.113	12897	52	1408
177.12	12898	52	1408
177.126	12899	51	208
177.128	12900	53	1408
177.137	12901	54	1408
177.214	12902	54	208
177.216	12903	56	1408
177.222	12904	54	1408
177.232	12905	57	208
177.234	12906	59	1408
177.241	12907	59	1408
177.249	12908	61	208
177.254	12909	65	1408
177.264	12910	67	1408
177.269	12911	66	208
177.274	12912	69	1408
177.281	12913	71	1408
177.289	12914	71	208
177.292	12915	73	1408
177.301	12916	76	1408
177.307	12917	75	208
177.311	12918	79	1408
177.321	12919	82	1408
177.327	12920	80	208
177.331	12921	84	1408
177.339	12922	85	1408
177.346	12923	86	208
177.348	12924	87	1408
177.356	12925	88	1408
177.361	12926	87	208
177.366	12927	91	1408
177.371	12928	89	1408
177.379	12929	89	208
177.381	12930	90	1408
177.389	12931	92	1408
177.394	12932	90	208
177.396	12933	92	1408
177.406	12934	94	1408
177.409	12935	91	208
177.411	12936	93	1408
177.421	12937	95	1408
177.426	12938	94	208
177.428	12939	95	1408
177.435	12940	96	1408
177.439	12941	92	208
177.442	12942	94	1408
177.448	12943	94	1408
177.453	12944	93	208
177.456	12945	94	1408
177.466	12946	97	1408
177.469	12947	93	208
177.476	12948	99	1408
177.481	12949	98	1408
177.488	12950	99	208
177.491	12951	100	1408
177.498	12952	100	1408
177.506	12953	102	208
177.508	12954	104	1408
177.516	12955	104	1408
177.518	12956	100	208
177.523	12957	104	1408
177.531	12958	105	1408
177.538	12959	106	208
177.54	12960	107	1408
177.548	12961	108	1408
177.556	12962	108	208
177.558	12963	110	1408
177.565	12964	111	1408
177.573	12965	112	208
177.576	12966	113	1408
177.585	12967	115	1408
177.591	12968	115	208
177.593	12969	117	1408
177.603	12970	119	1408
177.611	12971	120	208
177.613	12972	121	1408
177.616	12973	118	1408
177.623	12974	118	208
177.625	12975	120	1408
177.635	12976	123	1408
177.643	12977	124	208
177.645	12978	126	1408
177.655	12979	129	1408
177.66	12980	127	208
177.665	12981	131	1408
177.672	12982	132	1408
177.68	12983	133	208
177.683	12984	134	1408
177.692	12985	137	1408
177.696	12986	134	208
177.7	12987	138	1408
177.707	12988	138	1408
177.715	12989	139	208
177.718	12990	140	1408
177.728	12991	144	1408
177.733	12992	143	208
177.735	12993	145	1408
177.742	12994	147	1408
177.748	12995	147	208
177.75	12996	149	1408
177.759	12997	153	1408
177.763	12998	150	208
177.765	12999	153	1408
177.775	13000	156	1408
177.777	13001	154	208
177.785	13003	155	1408
177.786	13004	150	208
177.795	13006	154	1408
177.795	13007	149	208
177.798	13008	150	1408
177.806	13010	148	208
177.808	13011	150	1408
177.813	13012	149	1408
177.817	13013	147	208
177.822	13014	151	1408
177.824	13015	148	1408
177.831	13016	150	208
177.836	13018	149	1408
177.844	13019	147	208
177.846	13020	149	1408
177.856	13021	149	1408
177.864	13022	148	208
177.866	13023	150	1408
177.876	13024	150	1408
177.881	13025	147	208
177.886	13026	150	1408
177.894	13027	149	1408
177.899	13028	145	208
177.904	13029	149	1408
177.914	13030	150	1408
177.921	13031	149	208
177.926	13032	153	1408
177.936	13033	154	1408
177.942	13034	150	208
177.951	13036	151	1408
177.958	13037	152	208
177.961	13038	153	1408
177.968	13039	154	1408
177.973	13040	153	208
177.976	13041	155	1408
177.981	13042	153	1408
177.988	13043	153	1411
177.994	13044	153	208
178.001	13045	155	1411
178.008	13046	156	1408
178.013	13047	155	1411
178.02	13048	155	1408
178.026	13049	154	208
178.03	13050	158	1408
178.035	13051	156	1408
178.042	13052	156	1411
178.048	13053	156	208
178.065	13057	157	1408
178.07	13058	156	1408
178.075	13059	154	208
178.078	13060	155	1408
178.085	13061	155	1408
178.095	13063	158	1408
178.104	13064	161	1408
178.108	13065	157	208
178.12	13067	156	1408
178.123	13068	151	208
178.13	13069	153	1408
178.14	13070	153	1408
178.145	13071	153	208
178.156	13072	155	1411
178.162	13073	154	1408
178.173	13075	152	208
178.176	13076	153	1408
178.183	13077	153	1408
178.188	13078	152	208
178.19	13079	154	1408
178.2	13080	156	1408
178.205	13081	154	208
178.212	13083	154	1408
178.22	13084	156	208
178.222	13085	157	1408
178.227	13086	155	1408
178.24	13089	153	1408
178.247	13090	154	208
178.256	13092	156	1408
178.262	13093	154	208
178.266	13094	158	1408
178.272	13095	156	1411
178.281	13096	160	1411
178.284	13097	156	211
178.287	13098	157	1408
178.29	13099	154	208
178.295	13101	151	1408
178.302	13102	152	211
178.303	13103	151	208
178.305	13104	153	1408
178.312	13105	153	1408
178.316	13106	150	208
178.318	13107	151	1408
178.325	13108	152	1411
178.332	13109	152	1408
178.335	13110	149	208
178.34	13111	153	1408
178.347	13112	152	1408
178.35	13113	148	208
178.352	13114	149	1408
178.36	13115	151	1408
178.365	13116	149	208
178.367	13117	151	1408
178.377	13118	154	1411
178.384	13119	154	1408
178.385	13120	148	208
178.39	13121	152	1408
178.397	13122	153	1408
178.403	13123	151	208
178.407	13124	155	1408
178.415	13125	156	1408
178.42	13126	154	1411
178.427	13127	155	208
178.429	13128	156	1408
178.44	13130	153	208
178.444	13131	157	1408
178.452	13133	156	1411
178.456	13134	155	1408
178.464	13135	155	1411
178.467	13136	152	208
178.47	13137	153	1408
178.479	13138	157	1408
178.485	13139	155	208
178.492	13141	155	1408
178.493	13142	149	208
178.495	13143	151	1408
178.505	13144	153	1411
178.514	13145	156	1408
178.519	13146	155	208
178.524	13147	158	1408
178.531	13148	159	1408
178.541	13150	160	1408
178.548	13151	161	1408
178.551	13152	158	208
178.558	13154	156	1408
178.561	13155	153	208
178.571	13157	155	1408
178.576	13158	154	208
178.581	13159	157	1408
178.586	13160	155	1408
178.594	13161	157	208
178.596	13162	158	1408
178.603	13163	161	1408
178.606	13164	157	208
178.608	13165	160	1408
178.613	13166	158	1408
178.618	13167	159	208
178.623	13169	157	1408
178.628	13170	156	208
178.63	13171	159	1408
178.633	13172	155	1408
178.642	13174	159	1408
178.645	13175	156	1408
178.65	13176	155	1411
178.653	13177	154	208
178.656	13179	150	211
178.658	13180	152	1408
178.666	13181	154	208
178.668	13182	156	1408
178.673	13183	155	1408
178.678	13184	154	208
178.683	13185	158	1408
178.687	13186	158	1408
178.69	13187	156	208
178.693	13188	157	1408
178.697	13189	157	1408
178.704	13190	158	1411
178.714	13191	159	208
178.717	13192	160	1408
178.732	13195	157	1408
178.74	13196	155	1408
178.745	13197	152	211
178.752	13199	156	1408
178.762	13200	157	1408
178.769	13201	155	1411
178.781	13202	158	1411
178.787	13203	155	208
178.799	13205	157	1408
178.809	13207	157	1408
178.816	13208	158	1408
178.821	13209	156	208
178.826	13210	159	1408
178.833	13211	160	1408
178.839	13212	159	1411
178.841	13213	155	208
178.844	13214	156	1408
178.851	13215	158	211
178.859	13217	157	208
178.861	13218	158	1408
178.869	13220	154	1408
178.872	13221	150	208
178.875	13222	151	1408
178.882	13223	151	1408
178.89	13224	152	208
178.892	13225	155	1408
178.897	13226	153	1408
178.904	13227	153	208
178.907	13228	154	1408
178.912	13229	153	1408
178.915	13230	149	208
178.917	13231	151	1408
178.92	13232	147	1408
178.927	13233	147	208
178.93	13234	148	1408
178.937	13235	149	1411
178.943	13236	149	211
178.948	13238	146	211
178.948	13239	145	208
178.951	13240	146	1408
178.961	13242	144	208
178.971	13244	145	1408
178.976	13245	145	208
178.979	13246	146	1408
178.986	13247	147	1408
178.994	13248	147	208
178.996	13249	149	1408
179.006	13251	146	211
179.014	13253	146	208
179.019	13254	149	1408
179.023	13255	148	1408
179.027	13256	145	208
179.034	13258	143	1408
179.044	13259	147	208
179.047	13260	148	1408
179.057	13261	151	1408
179.064	13262	151	1411
179.069	13263	150	208
179.079	13265	152	1408
179.086	13266	152	1408
179.093	13267	153	208
179.096	13268	154	1408
179.101	13269	153	1408
179.108	13270	153	208
179.111	13271	154	1408
179.116	13272	153	1408
179.122	13273	151	208
179.124	13274	153	1408
179.129	13275	151	1408
179.136	13276	152	208
179.138	13277	153	1408
179.144	13278	151	1408
179.151	13279	151	1411
179.159	13280	152	208
179.161	13281	153	1408
179.166	13282	151	1411
179.175	13283	154	1411
179.178	13284	151	1408
179.186	13285	151	208
179.188	13286	153	1408
179.197	13287	155	1408
179.203	13288	153	208
179.205	13289	155	1408
179.215	13290	157	1411
179.219	13291	155	1411
179.23	13292	158	1408
179.235	13293	157	208
179.237	13294	158	1408
179.248	13296	155	1408
179.255	13297	156	208
179.258	13298	157	1408
179.265	13299	157	1408
179.27	13300	156	208
179.277	13302	155	1408
179.285	13303	156	1411
179.293	13304	157	208
179.295	13305	158	1408
179.298	13306	154	1408
179.301	13307	150	208
179.303	13308	151	1408
179.312	13309	154	1408
179.318	13310	152	208
179.325	13312	152	1408
179.331	13313	150	208
179.333	13314	151	1408
179.345	13316	151	208
179.35	13317	154	1408
179.357	13318	155	1408
179.36	13319	151	208
179.365	13320	155	1408
179.37	13321	152	1408
179.378	13322	153	208
179.38	13323	155	1408
179.389	13324	157	1408
179.393	13325	154	208
179.395	13327	149	1408
179.403	13328	150	208
179.408	13329	153	1408
179.423	13331	154	208
179.425	13332	155	1408
179.43	13333	155	1408
179.433	13334	152	208
179.435	13335	155	1408
179.44	13336	154	1408
179.443	13337	152	208
179.451	13339	152	1411
179.455	13340	152	1408
179.461	13341	151	208
179.465	13342	155	1408
179.47	13343	155	1408
179.471	13344	150	208
179.473	13345	152	1408
179.48	13346	153	1411
179.482	13347	150	1408
179.49	13348	152	208
179.492	13349	153	1408
179.502	13350	157	1408
179.504	13351	154	208
179.507	13352	156	1408
179.515	13353	158	1408
179.515	13354	152	208
179.517	13355	155	1408
179.529	13356	154	1411
179.538	13357	154	1408
179.546	13358	153	208
179.549	13359	154	1408
179.558	13360	155	1411
179.568	13361	156	1408
179.576	13362	153	208
179.578	13363	155	1408
179.588	13364	156	1408
179.596	13365	155	208
179.601	13366	158	1408
179.616	13368	154	1408
179.626	13369	156	208
179.629	13370	157	1408
179.641	13372	154	1408
179.648	13373	154	208
179.651	13374	155	1408
179.658	13375	156	1411
179.665	13376	156	1408
179.668	13377	152	208
179.671	13378	153	1408
179.678	13379	153	1408
179.683	13380	152	208
179.686	13381	153	1408
179.695	13382	157	1408
179.698	13383	153	208
179.703	13384	156	1408
179.708	13385	154	1408
179.713	13386	153	208
179.716	13387	155	1408
179.723	13388	154	1408
179.731	13389	155	208
179.733	13390	156	1408
179.738	13391	154	1408
179.746	13392	156	208
179.748	13393	157	1408
179.756	13395	151	208
179.758	13396	153	1408
179.771	13398	151	208
179.773	13399	153	1408
179.782	13400	155	1408
179.79	13401	156	208
179.8	13403	158	1408
179.8	13404	152	208
179.803	13405	154	1408
179.808	13406	152	1408
179.815	13407	152	208
179.818	13408	153	1408
179.828	13409	156	1411
179.835	13410	156	1408
179.838	13411	152	208
179.843	13412	156	1408
179.849	13413	157	1411
179.857	13414	158	1408
179.863	13415	156	208
179.868	13417	153	1408
179.873	13418	152	208
179.881	13420	151	1408
179.888	13421	152	208
179.891	13422	153	1408
179.9	13423	156	1408
179.903	13424	152	208
179.905	13425	154	1408
179.915	13426	156	1408
179.92	13427	154	208
179.922	13428	156	1408
179.933	13430	153	208
179.935	13431	154	1408
179.943	13432	154	1408
179.946	13433	151	208
179.948	13434	152	1408
179.955	13435	152	1408
179.962	13436	153	1411
179.965	13437	148	208
179.968	13438	150	1408
179.977	13439	153	1411
179.985	13440	153	1408
179.99	13441	152	208
179.993	13442	153	1408
180	13443	154	1408
180.005	13444	152	1411
180.013	13445	153	208
180.015	13446	155	1408
180.02	13447	152	1408
180.023	13448	148	208
180.025	13449	150	1408
180.032	13450	150	1408
180.035	13451	146	208
180.038	13452	147	1408
180.047	13453	150	1408
180.053	13454	149	208
180.055	13455	151	1408
180.065	13456	153	1408
180.072	13457	153	1411
180.077	13458	151	208
180.079	13459	153	1408
180.087	13460	153	1411
180.096	13461	156	1408
180.102	13462	155	208
180.107	13463	158	1408
180.114	13464	159	1408
180.116	13465	155	208
180.119	13466	156	1408
180.126	13467	157	1408
180.132	13468	155	208
180.139	13470	155	1411
180.149	13471	157	1408
180.154	13472	156	208
180.156	13473	157	1408
180.162	13474	156	1408
180.171	13476	158	1408
180.179	13477	158	1408
180.182	13478	154	208
180.189	13480	154	1408
180.194	13481	152	208
180.204	13483	153	1408
180.212	13484	154	208
180.225	13487	154	208
180.23	13489	150	1408
180.235	13490	149	208
180.24	13491	152	1408
180.247	13492	152	1408
180.253	13493	151	208
180.26	13495	150	1408
180.265	13496	150	208
180.268	13497	151	1408
180.273	13498	150	1408
180.275	13499	148	208
180.278	13500	149	1408
180.282	13501	149	1408
180.288	13502	148	208
180.291	13503	150	1408
180.293	13504	147	1408
180.298	13505	146	208
180.3	13506	148	1408
180.306	13508	144	208
180.309	13509	145	1408
180.318	13510	149	1408
180.321	13511	146	208
180.324	13512	148	1408
180.331	13513	149	1408
180.335	13514	146	1411
180.341	13515	147	208
180.346	13516	150	1408
180.349	13517	148	1408
180.356	13518	149	208
180.358	13519	151	1408
180.363	13520	151	1408
180.371	13521	149	211
180.371	13522	149	208
180.373	13523	150	1408
180.383	13524	151	1408
180.393	13525	151	1411
180.4	13526	149	208
180.403	13527	150	1408
180.413	13528	151	1411
180.423	13529	152	1408
180.433	13530	153	1411
180.444	13531	155	1411
180.454	13532	156	1411
180.462	13533	155	208
180.464	13534	156	1408
180.474	13535	156	1411
180.483	13536	156	1408
180.491	13537	158	208
180.494	13538	159	1408
180.504	13540	156	208
180.509	13541	159	1408
180.514	13542	157	1408
180.523	13543	160	1411
180.528	13544	158	208
180.531	13545	159	1408
180.538	13546	160	1408
180.546	13547	161	208
180.548	13548	163	1408
180.553	13549	161	1408
180.558	13550	159	208
180.561	13551	160	1408
180.566	13552	158	1408
180.568	13553	154	208
180.571	13554	156	1408
180.576	13555	154	1408
180.584	13556	154	208
180.591	13558	154	1408
180.594	13559	151	208
180.599	13561	148	1408
180.607	13562	148	208
180.609	13563	149	1408
180.619	13564	152	1408
180.624	13565	151	208
180.63	13567	148	1408
180.635	13568	147	208
180.637	13569	148	1408
180.645	13570	149	1408
180.65	13571	148	208
180.655	13572	151	1408
180.665	13574	147	208
180.667	13575	149	1408
180.677	13576	151	1408
180.682	13577	150	208
180.695	13580	148	208
180.698	13581	150	1408
180.703	13582	148	1411
180.712	13583	151	1408
180.716	13584	147	208
180.718	13585	149	1408
180.725	13586	149	1408
180.732	13587	149	208
180.735	13588	150	1408
180.743	13589	151	1408
180.75	13590	153	208
180.752	13591	154	1408
180.757	13592	152	1408
180.763	13593	150	208
180.765	13594	152	1408
180.774	13595	154	1408
180.78	13596	153	208
180.782	13597	154	1408
180.792	13598	156	1408
180.799	13600	151	208
180.804	13601	154	1411
180.811	13602	154	1408
180.818	13603	155	1408
180.826	13604	155	208
180.828	13605	156	1408
180.835	13606	157	1408
180.842	13607	157	1411
180.845	13608	152	208
180.848	13609	154	1408
180.858	13610	158	1408
180.86	13611	154	208
180.863	13612	155	1408
180.872	13613	158	1408
180.88	13614	158	1411
180.883	13615	154	208
180.89	13616	160	1408
180.894	13617	158	1408
180.9	13618	156	208
180.902	13619	158	1408
180.91	13620	159	1411
180.917	13621	159	1411
180.922	13622	157	1408
180.929	13623	158	208
180.937	13625	157	1408
180.94	13626	153	208
180.942	13627	155	1408
180.949	13628	155	1408
180.957	13629	155	208
180.959	13630	157	1408
180.965	13631	156	1408
180.97	13632	154	208
180.972	13633	155	1408
180.98	13634	156	1408
180.983	13635	152	208
180.993	13637	154	1408
181	13638	154	208
181.007	13640	154	1411
181.015	13641	155	1408
181.017	13642	151	208
181.022	13643	155	1408
181.027	13644	153	1408
181.032	13645	151	208
181.035	13646	152	1408
181.044	13647	155	1408
181.05	13648	154	208
181.055	13650	150	1408
181.056	13651	145	208
181.058	13652	147	1408
181.068	13653	150	1408
181.076	13654	150	208
181.078	13655	152	1408
181.086	13656	152	1408
181.091	13657	151	208
181.097	13660	142	208
181.099	13661	145	1408
181.109	13662	148	1408
181.112	13663	147	208
181.119	13665	147	1408
181.124	13666	147	208
181.127	13667	148	1408
181.134	13669	145	1411
181.142	13670	146	208
181.144	13671	148	1408
181.149	13672	147	1408
181.152	13673	145	208
181.154	13674	146	1408
181.162	13675	148	1408
181.169	13676	149	208
181.171	13677	151	1408
181.174	13678	148	1408
181.181	13679	150	208
181.184	13680	151	1408
181.193	13681	151	1411
181.198	13682	151	1408
181.211	13683	154	1411
181.217	13684	150	208
181.219	13685	151	1408
181.224	13686	148	1408
181.234	13687	147	208
181.236	13688	149	1408
181.246	13689	150	1408
181.258	13690	152	1411
181.264	13691	148	208
181.271	13692	154	1408
181.28	13693	153	1408
181.288	13694	152	208
181.29	13695	153	1408
181.299	13696	154	1408
181.309	13697	153	1411
181.319	13698	154	1411
181.329	13699	157	1411
181.336	13700	157	208
181.338	13701	159	1408
181.348	13702	162	1411
181.355	13703	162	1408
181.36	13704	160	208
181.363	13705	162	1408
181.368	13706	160	1408
181.376	13707	160	208
181.38	13708	164	1408
181.387	13709	164	1408
181.393	13710	162	208
181.395	13711	163	1408
181.402	13712	163	1408
181.408	13713	162	208
181.415	13715	161	1408
181.415	13716	156	208
181.421	13718	153	1408
181.428	13719	154	208
181.431	13720	155	1408
181.436	13721	153	1408
181.446	13723	155	1408
181.454	13725	149	208
181.461	13727	148	1408
181.469	13728	149	208
181.471	13729	151	1408
181.479	13730	151	1408
181.486	13732	151	1408
181.493	13733	151	1408
181.495	13734	145	208
181.499	13736	142	1408
181.507	13737	143	208
181.512	13738	146	1408
181.521	13739	149	1408
181.529	13740	150	208
181.532	13741	151	1408
181.541	13742	154	1408
181.544	13743	150	208
181.552	13745	149	1408
181.559	13746	150	208
181.561	13747	151	1408
181.569	13748	151	1408
181.576	13749	152	208
181.579	13750	153	1408
181.589	13751	156	1408
181.591	13752	152	208
181.604	13754	156	1408
181.607	13755	152	208
181.609	13756	153	1408
181.617	13757	154	1408
181.623	13758	155	1411
181.63	13759	155	1411
181.638	13760	156	208
181.64	13761	157	1408
181.65	13762	159	1408
181.653	13763	156	211
181.653	13764	155	208
181.658	13765	159	1408
181.665	13766	158	1411
181.675	13768	154	1408
181.683	13769	155	208
181.685	13770	156	1408
181.692	13771	157	1408
181.697	13772	155	211
181.698	13773	154	208
181.7	13774	156	1408
181.708	13775	156	1411
181.714	13776	156	1408
181.719	13777	154	208
181.722	13778	156	1408
181.731	13779	158	1408
181.739	13780	158	208
181.741	13781	160	1408
181.749	13782	157	1408
181.754	13783	156	208
181.759	13784	157	1411
181.769	13785	159	1408
181.774	13786	158	1408
181.779	13787	157	208
181.782	13788	158	1408
181.787	13789	156	1408
181.792	13790	155	208
181.797	13792	151	1408
181.805	13793	151	1411
181.81	13794	150	208
181.812	13795	152	1408
181.822	13796	154	1408
181.827	13797	153	208
181.838	13800	148	208
181.84	13801	149	1408
181.847	13802	150	1408
181.851	13803	146	208
181.853	13804	147	1408
181.862	13805	150	1408
181.868	13806	149	208
181.871	13807	150	1408
181.883	13809	149	1408
181.888	13810	147	208
181.89	13811	148	1408
181.898	13812	149	1408
181.906	13813	149	208
181.908	13814	151	1408
181.915	13815	151	1408
181.925	13817	152	1408
181.927	13818	148	1408
181.935	13819	148	208
181.937	13820	150	1408
181.945	13821	152	1408
181.95	13822	152	208
181.958	13824	153	1408
181.963	13825	152	208
181.965	13826	154	1408
181.97	13827	154	1408
181.974	13828	151	208
181.976	13829	153	1408
181.981	13830	152	1408
181.988	13831	153	208
181.99	13832	156	1408
181.992	13833	152	1408
182.001	13834	154	208
182.003	13835	156	1408
182.008	13836	155	1411
182.013	13838	150	208
182.018	13839	153	1408
182.025	13840	156	1408
182.028	13841	153	208
182.036	13843	149	1411
182.045	13844	149	1411
182.055	13845	150	1408
182.06	13846	146	208
182.068	13847	151	1408
182.075	13848	149	1408
182.082	13849	148	1411
182.095	13850	150	208
182.1	13851	154	1408
182.107	13852	152	1408
182.114	13853	151	208
182.117	13854	151	1408
182.127	13855	152	1408
182.134	13856	151	211
182.135	13857	149	208
182.137	13858	151	1408
182.147	13859	152	1408
182.155	13860	152	208
182.157	13861	154	1408
182.165	13862	154	1411
182.172	13863	155	1408
182.175	13864	150	208
182.18	13865	154	1408
182.184	13866	152	1408
182.192	13867	152	208
182.194	13868	154	1408
182.204	13869	156	1408
182.209	13870	155	208
182.212	13871	156	1408
182.224	13873	154	1411
182.229	13874	152	208
182.231	13875	154	1408
182.239	13876	154	1408
182.248	13877	157	1411
182.256	13878	157	208
182.258	13879	158	1408
182.269	13881	155	208
182.273	13882	159	1408
182.281	13883	159	1408
182.284	13884	156	208
182.286	13885	157	1408
182.293	13886	157	1408
182.301	13888	157	1408
182.308	13889	157	1408
182.314	13890	155	208
182.316	13891	157	1408
182.323	13892	157	1408
182.328	13893	156	208
182.331	13894	157	1408
182.338	13895	157	1408
182.343	13896	155	208
182.345	13897	156	1408
182.353	13898	157	1408
182.365	13901	154	1408
182.377	13903	159	1408
182.386	13904	161	1408
182.394	13906	161	1408
182.407	13908	159	208
182.409	13909	161	1408
182.416	13910	161	1408
182.421	13911	159	208
182.426	13912	162	1408
182.438	13914	161	1411
182.446	13915	161	208
182.448	13916	163	1408
182.455	13917	163	1408
182.46	13918	161	208
182.465	13919	164	1408
182.47	13920	163	1408
182.473	13921	158	208
182.475	13922	160	1408
182.48	13923	158	1411
182.488	13924	158	1408
182.49	13925	154	208
182.493	13926	155	1408
182.503	13927	158	1408
182.508	13928	156	208
182.508	13929	155	211
182.513	13931	152	1408
182.521	13932	153	208
182.523	13933	154	1408
182.53	13934	155	1408
182.536	13935	154	208
182.54	13936	157	1408
182.544	13938	148	208
182.547	13939	149	1408
182.554	13940	149	1408
182.559	13941	148	208
182.564	13942	151	1408
182.566	13943	147	211
182.569	13944	148	1411
182.57	13945	142	211
182.572	13946	144	1408
182.58	13947	144	208
182.582	13948	146	1408
182.587	13949	144	1408
182.595	13950	145	211
182.595	13951	144	208
182.598	13952	145	1408
182.605	13953	145	1411
182.613	13954	147	1408
182.618	13955	145	208
182.62	13956	146	1408
182.625	13957	144	1408
182.631	13958	142	208
182.633	13959	144	1411
182.64	13960	144	1408
182.649	13961	145	1408
182.654	13962	144	208
182.663	13964	145	1408
182.669	13965	144	208
182.671	13966	145	1408
182.681	13967	146	1408
182.686	13968	144	208
182.688	13969	146	1408
182.698	13970	148	1408
182.703	13971	147	208
182.706	13972	148	1408
182.715	13973	151	1411
182.725	13974	153	1408
182.733	13975	153	208
182.735	13976	155	1408
182.743	13977	155	1408
182.747	13978	153	1411
182.755	13979	153	208
182.757	13980	154	1408
182.767	13981	158	1408
182.775	13982	159	208
182.777	13983	160	1408
182.782	13984	159	1408
182.787	13985	159	208
182.794	13987	160	1408
182.797	13988	157	208
182.802	13990	155	1408
182.808	13991	155	208
182.81	13992	156	1408
182.815	13993	155	1408
182.818	13994	153	208
182.82	13995	154	1408
182.829	13996	158	1408
182.832	13997	155	208
182.834	13998	157	1408
182.837	13999	154	1408
182.852	14002	156	1408
182.854	14003	154	208
182.864	14005	156	1408
182.867	14006	154	208
182.869	14007	155	1411
182.877	14008	154	1408
182.886	14009	155	1408
182.892	14010	151	208
182.894	14011	153	1408
182.902	14012	151	1408
182.91	14013	150	208
182.912	14014	151	1408
182.921	14015	152	1408
182.93	14016	151	208
182.934	14017	154	1408
182.942	14018	152	1408
182.949	14019	151	208
182.954	14020	155	1408
182.957	14021	149	1408
182.965	14022	148	208
182.97	14023	151	1408
182.972	14024	147	1408
182.98	14025	148	208
182.983	14026	149	1408
182.99	14027	149	1408
183	14028	152	1411
183.005	14029	151	1411
183.01	14030	150	208
183.013	14031	151	1408
183.02	14032	151	1408
183.027	14033	152	208
183.03	14034	153	1408
183.037	14035	154	1408
183.04	14036	150	208
183.045	14037	154	1408
183.052	14038	154	1408
183.055	14039	150	211
183.057	14040	152	1411
183.065	14041	153	208
183.067	14042	155	1408
183.075	14044	149	1408
183.083	14045	149	208
183.085	14046	150	1408
183.093	14047	152	1408
183.1	14048	153	208
183.102	14049	154	1408
183.108	14050	152	1408
183.111	14051	148	208
183.116	14052	152	1408
183.122	14053	153	1408
183.125	14054	149	208
183.128	14055	151	1408
183.135	14056	151	1408
183.141	14057	149	208
183.145	14058	153	1408
183.148	14059	150	1408
183.151	14060	146	208
183.153	14061	147	1408
183.163	14062	150	1408
183.17	14063	150	208
183.173	14064	151	1408
183.18	14065	153	1408
183.183	14066	149	208
183.19	14067	155	1408
183.193	14068	150	1408
183.2	14069	151	208
183.205	14070	154	1408
183.212	14071	156	1408
183.219	14072	156	208
183.222	14073	158	1408
183.228	14075	149	208
183.235	14076	155	1408
183.238	14077	152	1408
183.243	14078	151	208
183.246	14079	152	1408
183.26	14081	153	208
183.263	14082	154	1408
183.27	14083	155	1408
183.275	14084	154	208
183.277	14085	155	1408
183.287	14086	157	1411
183.294	14087	157	1408
183.302	14088	158	208
183.305	14090	154	1408
183.312	14091	154	208
183.314	14092	156	1408
183.32	14093	154	1408
183.323	14094	150	208
183.325	14095	151	1408
183.334	14096	155	1408
183.337	14097	151	208
183.342	14098	155	1408
183.349	14099	155	1408
183.352	14100	151	208
183.357	14101	154	1408
183.364	14102	156	1408
183.369	14103	154	208
183.371	14104	155	1408
183.379	14105	156	1408
183.384	14106	153	208
183.389	14107	157	1408
183.391	14108	153	1408
183.399	14109	154	208
183.401	14110	156	1408
183.406	14111	153	1408
183.414	14112	154	208
183.416	14113	156	1408
183.421	14114	155	1408
183.427	14115	153	208
183.429	14116	155	1408
183.437	14117	155	1411
183.443	14118	155	1408
183.451	14119	157	208
183.453	14120	158	1408
183.463	14121	160	1408
183.466	14122	157	208
183.473	14124	155	1408
183.48	14125	156	1408
183.49	14127	159	1408
183.497	14128	159	1408
183.505	14129	159	208
183.508	14131	155	1408
183.517	14132	158	1411
183.522	14133	156	208
183.527	14134	160	1408
183.535	14136	155	208
183.54	14137	158	1408
183.547	14138	158	1408
183.554	14139	159	208
183.559	14140	162	1408
183.573	14143	163	1408
183.578	14144	161	1408
183.584	14145	159	208
183.586	14146	161	1408
183.591	14147	159	1408
183.597	14148	158	208
183.601	14150	156	1408
183.606	14151	156	208
183.609	14152	157	1408
183.616	14153	160	1408
183.619	14154	157	208
183.626	14156	158	1408
183.627	14157	153	208
183.631	14158	157	1408
183.638	14159	158	1408
183.641	14160	156	208
183.644	14161	158	1408
183.654	14163	153	208
183.666	14165	153	1408
183.671	14166	153	208
183.686	14169	152	1408
183.692	14170	151	211
183.692	14171	151	208
183.7	14173	148	1408
183.707	14174	147	1411
183.717	14175	148	208
183.72	14176	148	1408
183.73	14177	149	1408
183.739	14178	149	1411
183.747	14179	149	208
183.75	14180	150	1408
183.759	14181	150	1408
183.777	14184	149	1411
183.785	14185	148	211
183.787	14186	149	1408
183.795	14187	147	208
183.797	14188	149	1408
183.806	14189	152	1411
183.816	14190	154	1408
183.817	14191	149	208
183.822	14192	153	1408
183.829	14193	153	1411
183.839	14194	156	1408
183.842	14195	152	208
183.844	14196	154	1408
183.854	14197	156	1408
183.856	14198	152	1411
183.862	14199	151	208
183.864	14200	153	1408
183.874	14201	155	1411
183.887	14203	154	208
183.889	14204	156	1408
183.891	14205	151	1411
183.901	14206	155	1411
183.917	14209	149	208
183.921	14210	153	1408
183.929	14211	154	1408
183.936	14212	155	208
183.939	14213	156	1408
183.946	14214	157	1408
183.949	14215	153	208
183.952	14216	154	1408
183.957	14217	153	1408
183.964	14218	153	208
183.966	14219	155	1408
183.979	14221	154	208
183.984	14223	152	211
183.989	14224	155	1411
183.994	14225	153	1408
184.002	14226	154	208
184.004	14227	155	1408
184.011	14228	155	1408
184.014	14229	153	208
184.024	14231	154	1408
184.029	14232	153	208
184.044	14235	153	208
184.046	14236	155	1408
184.057	14238	151	208
184.059	14239	153	1408
184.066	14240	153	1408
184.072	14241	152	208
184.077	14243	150	1408
184.085	14244	150	208
184.087	14245	152	1408
184.092	14246	150	1411
184.1	14247	151	1408
184.114	14250	151	1408
184.124	14251	154	1411
184.129	14252	152	1411
184.135	14253	151	208
184.137	14254	152	1408
184.147	14256	148	208
184.152	14257	152	1408
184.157	14258	151	1408
184.162	14259	150	208
184.167	14260	153	1408
184.171	14261	151	1408
184.179	14262	152	208
184.182	14263	153	1408
184.189	14264	154	1411
184.194	14265	153	1411
184.202	14266	153	1408
184.207	14267	152	208
184.212	14268	155	1408
184.219	14269	156	1408
184.22	14270	150	208
184.227	14271	156	1408
184.234	14272	156	1411
184.242	14274	151	208
184.245	14275	152	1408
184.25	14276	151	1411
184.257	14277	152	1411
184.264	14278	152	1411
184.274	14279	154	1408
184.277	14280	151	208
184.281	14281	155	1408
184.288	14282	155	1411
184.296	14283	155	1408
184.303	14284	156	208
184.306	14285	157	1408
184.311	14286	156	1408
184.318	14287	157	208
184.321	14288	158	1408
184.326	14289	156	211
184.328	14290	157	1411
184.336	14291	158	1408
184.339	14292	154	208
184.341	14293	156	1408
184.348	14294	157	1408
184.353	14295	154	1411
184.361	14296	155	208
184.363	14297	157	1408
184.371	14298	157	1408
184.378	14299	159	208
184.386	14301	158	1408
184.391	14302	156	208
184.393	14304	151	1408
184.401	14305	153	208
184.404	14306	154	1408
184.413	14307	156	1408
184.418	14308	155	208
184.428	14310	156	1408
184.43	14311	154	208
184.439	14314	150	208
184.441	14315	153	1408
184.448	14316	154	1411
184.453	14317	154	1408
184.458	14318	153	208
184.461	14319	155	1408
184.463	14320	151	1408
184.466	14321	150	208
184.478	14323	154	1408
184.481	14324	152	208
184.483	14325	151	1408
184.491	14326	152	1408
184.498	14327	152	208
184.5	14328	155	1408
184.511	14329	155	1408
184.516	14330	155	208
184.525	14332	155	1408
184.531	14333	151	208
184.533	14334	153	1408
184.54	14335	151	1408
184.548	14336	149	208
184.55	14337	151	1408
184.56	14338	151	1408
184.565	14339	148	208
184.57	14340	150	1408
184.577	14341	149	1408
184.587	14342	149	1411
184.6	14343	153	1411
184.607	14344	152	208
184.609	14345	153	1408
184.62	14346	154	1408
184.628	14347	153	208
184.636	14349	151	1411
184.645	14350	154	1411
184.652	14351	154	1411
184.662	14352	156	1408
184.667	14353	156	208
184.669	14354	157	1408
184.674	14355	154	1408
184.682	14356	155	208
184.684	14357	157	1408
184.696	14359	156	1408
184.704	14360	156	208
184.706	14361	158	1408
184.711	14362	155	1408
184.718	14363	156	208
184.721	14364	157	1408
184.726	14365	157	1408
184.735	14366	159	1411
184.743	14367	160	208
184.746	14368	161	1408
184.755	14369	164	1408
184.758	14370	160	208
184.765	14372	160	1408
184.771	14373	158	208
184.773	14374	159	1408
184.78	14375	160	1408
184.79	14378	156	1408
184.798	14379	156	208
184.8	14380	158	1408
184.807	14381	158	1408
184.82	14384	156	1408
184.823	14385	153	208
184.828	14386	156	1408
184.835	14387	157	1408
184.848	14390	155	1411
184.855	14391	155	1408
184.86	14392	153	208
184.87	14394	156	1408
184.875	14395	154	208
184.877	14396	155	1408
184.884	14397	156	1408
184.892	14398	156	208
184.902	14401	152	1411
184.91	14402	154	208
184.92	14404	155	1408
184.926	14406	153	1408
184.932	14407	154	1408
184.94	14408	155	208
184.95	14410	157	1408
184.953	14411	153	208
184.958	14413	150	1408
184.966	14414	150	1411
184.975	14416	153	1408
184.985	14417	155	1408
184.99	14419	150	211
184.996	14421	148	1408
185.003	14422	148	1408
185.011	14423	149	208
185.013	14424	150	1408
185.018	14425	148	211
185.02	14426	150	1411
185.03	14427	153	1408
185.036	14428	151	208
185.038	14429	152	1408
185.04	14430	148	1408
185.048	14431	148	211
185.05	14432	150	1411
185.056	14433	148	208
185.06	14434	152	1408
185.065	14435	150	1408
185.075	14436	153	1411
185.076	14437	146	208
185.081	14438	150	1408
185.088	14439	150	1408
185.094	14440	149	208
185.096	14441	151	1408
185.104	14442	152	1411
185.11	14443	152	1411
185.115	14444	150	1408
185.125	14445	153	1411
185.128	14446	149	211
185.133	14447	153	208
185.135	14448	154	1408
185.14	14449	152	1408
185.146	14450	150	208
185.148	14451	152	1408
185.156	14452	152	1411
185.165	14453	155	1411
185.171	14454	153	1408
185.178	14455	153	208
185.18	14457	154	1408
185.19	14458	156	1408
185.195	14459	155	208
185.205	14462	155	1411
185.212	14463	156	1408
185.22	14464	156	208
185.222	14465	158	1408
185.229	14466	158	1408
185.234	14467	156	208
185.237	14468	158	1408
185.244	14469	158	1408
185.251	14470	159	208
185.254	14471	160	1408
185.261	14472	161	1408
185.271	14474	162	1408
185.276	14475	162	1408
185.279	14476	159	208
185.289	14479	158	208
185.291	14480	159	1408
185.296	14481	159	1408
185.301	14482	158	208
185.305	14484	155	1408
185.305	14485	150	208
185.308	14486	152	1408
185.314	14487	153	1408
185.32	14489	152	1408
185.329	14490	154	1408
185.335	14491	149	208
185.337	14492	152	1408
185.344	14493	153	1408
185.347	14494	149	208
185.349	14495	151	1408
185.354	14496	148	1408
185.364	14497	149	208
185.367	14498	150	1408
185.376	14499	151	1408
185.382	14500	147	211
185.385	14501	148	208
185.387	14502	149	1408
185.397	14503	150	1408
185.405	14504	149	211
185.41	14505	152	1411
185.418	14506	151	208
185.42	14507	152	1408
185.43	14508	152	1408
185.436	14509	149	208
185.438	14510	150	1408
185.447	14511	151	1408
185.456	14512	149	208
185.458	14513	150	1408
185.466	14514	149	1408
185.473	14515	147	211
185.474	14516	146	208
185.476	14517	147	1408
185.486	14518	151	1408
185.492	14519	151	1411
185.497	14520	149	1411
185.507	14521	152	1411
185.515	14522	152	208
185.517	14523	154	1408
185.524	14524	154	211
185.527	14525	155	1408
185.532	14526	153	208
185.534	14527	155	1408
185.542	14528	155	1408
185.549	14529	156	208
185.552	14530	157	1408
185.559	14531	158	1408
185.565	14532	156	208
185.569	14533	160	1408
185.577	14534	160	1408
185.577	14535	154	208
185.58	14536	155	1408
185.589	14537	158	1408
185.597	14538	158	208
185.602	14540	155	1408
185.609	14541	156	208
185.612	14542	157	1408
185.622	14544	154	208
185.632	14547	149	208
185.637	14548	153	1408
185.642	14549	151	1408
185.648	14550	149	208
185.65	14551	151	1408
185.66	14552	153	1408
185.665	14553	152	208
185.667	14554	153	1408
185.672	14555	151	1408
185.677	14556	149	208
185.68	14557	150	1408
185.689	14558	153	1408
185.693	14559	150	208
185.695	14560	151	1408
185.703	14561	151	1408
185.71	14563	151	1408
185.72	14564	153	1408
185.734	14567	153	1408
185.738	14568	149	208
185.743	14569	152	1408
185.752	14570	155	1408
185.757	14571	153	208
185.76	14572	155	1408
185.765	14573	152	1408
185.777	14575	157	1408
185.784	14576	156	1408
185.79	14577	155	208
185.799	14579	156	1408
185.809	14581	158	1408
185.818	14582	161	1411
185.823	14583	159	1408
185.827	14584	155	208
185.829	14585	156	1411
185.841	14586	158	1411
185.848	14587	159	1411
185.855	14588	159	1408
185.862	14589	159	1408
185.868	14590	157	208
185.87	14591	158	1408
185.877	14592	159	1408
185.883	14593	157	208
185.887	14594	161	1408
185.894	14595	161	1408
185.898	14596	157	208
185.9	14597	159	1408
185.907	14598	159	1408
185.914	14599	159	208
185.917	14600	160	1408
185.926	14602	162	1408
185.929	14603	158	208
185.939	14605	155	211
185.942	14606	156	1411
185.949	14607	156	1408
185.955	14608	155	208
185.957	14609	156	1408
185.964	14610	157	1408
185.969	14611	155	208
185.972	14612	156	1408
185.979	14613	157	1408
185.982	14614	152	211
185.985	14615	154	208
185.992	14617	153	1408
186	14618	154	208
186.005	14619	155	1411
186.02	14622	151	1408
186.023	14623	147	208
186.033	14626	143	208
186.043	14627	151	1408
186.045	14628	147	1408
186.053	14629	148	208
186.056	14630	149	1408
186.063	14631	149	1408
186.068	14632	148	208
186.073	14633	151	1408
186.08	14634	151	1408
186.086	14635	150	208
186.093	14637	150	1408
186.098	14638	148	208
186.103	14639	152	1408
186.113	14641	150	208
186.115	14642	151	1408
186.12	14643	152	1408
186.128	14644	153	208
186.13	14645	154	1408
186.133	14646	152	211
186.135	14647	153	1408
186.141	14648	153	208
186.148	14650	154	1411
186.154	14651	155	1408
186.158	14652	152	208
186.16	14653	155	1408
186.163	14654	151	1408
186.17	14655	153	208
186.173	14656	155	1408
186.175	14657	152	1408
186.192	14660	151	1411
186.197	14661	151	1408
186.205	14662	151	208
186.208	14663	152	1408
186.22	14664	151	211
186.223	14665	152	1411
186.232	14666	153	1408
186.242	14667	152	1411
186.252	14668	153	1411
186.26	14669	152	208
186.262	14670	153	1408
186.274	14671	155	1408
186.28	14672	152	208
186.295	14674	156	1408
186.304	14675	156	1411
186.31	14676	153	208
186.315	14677	156	1408
186.324	14678	156	1411
186.332	14679	157	1408
186.341	14681	158	1408
186.346	14682	156	1408
186.354	14683	157	1411
186.357	14684	153	208
186.367	14686	154	1408
186.381	14689	154	1408
186.387	14690	152	208
186.389	14691	153	1408
186.397	14692	154	1408
186.404	14693	154	211
186.406	14694	156	1411
186.414	14695	157	208
186.423	14697	158	1408
186.429	14698	157	208
186.436	14700	156	1408
186.439	14701	152	208
186.445	14703	149	1408
186.452	14704	149	208
186.454	14705	151	1408
186.464	14706	154	1408
186.469	14707	152	208
186.474	14708	156	1408
186.479	14709	154	1408
186.484	14710	152	208
186.489	14711	154	1408
186.496	14712	155	1408
186.504	14713	155	1411
186.511	14714	155	208
186.513	14715	157	1408
186.524	14717	153	208
186.526	14718	155	1408
186.535	14720	149	208
186.537	14721	151	1408
186.54	14722	147	211
186.543	14723	148	1408
186.555	14725	152	1408
186.562	14726	153	1408
186.567	14727	151	208
186.572	14728	154	1411
186.579	14729	154	1408
186.589	14731	156	1411
186.594	14732	154	1408
186.599	14733	153	208
186.61	14736	148	208
186.612	14737	150	1408
186.622	14738	152	1408
186.627	14739	150	1411
186.635	14740	151	208
186.639	14741	155	1408
186.645	14742	153	1411
186.652	14743	153	1411
186.661	14744	156	1408
186.678	14747	158	1408
186.686	14749	156	1408
186.693	14750	157	1408
186.694	14751	150	208
186.697	14752	152	1408
186.704	14753	152	1408
186.709	14754	151	208
186.711	14755	152	1408
186.716	14756	150	1408
186.724	14757	151	208
186.726	14758	152	1411
186.734	14759	152	1408
186.741	14760	152	1411
186.748	14761	152	1408
186.753	14762	150	208
186.758	14763	154	1408
186.763	14764	153	211
186.768	14765	156	1408
186.768	14766	150	208
186.775	14767	156	1408
186.781	14768	154	1408
186.786	14769	152	208
186.788	14770	154	1408
186.794	14771	152	211
186.802	14773	152	208
186.804	14774	153	1408
186.813	14775	156	1408
186.82	14776	156	1411
186.825	14777	154	1411
186.833	14778	155	208
186.838	14779	158	1408
186.842	14780	156	1408
186.85	14781	155	208
186.852	14782	157	1408
186.859	14783	157	1408
186.867	14784	157	208
186.87	14785	158	1408
186.876	14786	158	1408
186.885	14787	156	211
186.892	14789	156	211
186.895	14790	157	208
186.897	14791	159	1408
186.907	14792	161	1408
186.91	14793	157	208
186.915	14794	160	1408
186.922	14795	160	1408
186.929	14797	159	1408
186.936	14798	159	1408
186.944	14799	159	208
186.949	14801	155	1408
186.954	14802	155	208
186.957	14803	156	1408
186.96	14804	153	1408
186.965	14805	152	208
186.967	14806	154	1408
186.969	14807	151	1408
186.975	14808	151	208
186.984	14810	153	1408
186.988	14811	150	208
186.993	14813	148	1408
187.002	14814	150	1411
187.005	14815	148	208
187.01	14816	152	1408
187.017	14817	154	1408
187.022	14818	152	208
187.025	14819	154	1408
187.053	14824	149	208
187.055	14825	149	1408
187.063	14826	148	1408
187.073	14827	149	208
187.078	14828	151	1408
187.086	14829	150	1408
187.095	14830	150	1411
187.104	14831	148	208
187.106	14832	148	1408
187.116	14833	149	1408
187.121	14834	145	208
187.126	14835	148	1408
187.132	14836	144	211
187.138	14837	149	1408
187.148	14838	149	1411
187.156	14839	150	208
187.158	14840	151	1408
187.168	14841	153	1408
187.176	14842	153	208
187.178	14843	154	1408
187.183	14844	152	1408
187.193	14845	154	1411
187.2	14846	154	1411
187.206	14847	152	208
187.21	14848	156	1408
187.217	14849	156	1408
187.225	14850	157	208
187.227	14851	158	1408
187.235	14852	157	1408
187.24	14853	156	208
187.242	14854	157	1408
187.248	14855	154	1408
187.25	14856	150	208
187.253	14857	151	1408
187.257	14858	149	1411
187.26	14859	144	211
187.263	14860	145	1411
187.267	14861	143	1411
187.272	14862	140	1408
187.275	14863	136	208
187.277	14864	137	1408
187.282	14865	134	1408
187.283	14866	127	208
187.287	14867	131	1408
187.29	14868	126	1408
187.378	14869	50	208
187.38	14870	53	1408
187.384	14871	52	1408
187.39	14872	50	208
187.393	14873	52	1408
187.4	14874	52	1408
187.481	14875	50	208
187.486	14876	54	1408
187.491	14877	52	1408
187.495	14878	50	208
187.498	14879	52	1408
187.506	14880	52	1408
187.585	14881	54	208
187.587	14882	56	1408
187.595	14883	57	1408
187.603	14884	57	208
187.605	14885	58	1408
187.615	14886	60	1408
187.622	14887	61	208
187.625	14888	62	1408
187.635	14889	64	1408
187.642	14890	65	208
187.645	14891	67	1408
187.655	14892	69	1408
187.665	14893	72	208
187.667	14894	73	1408
187.677	14895	75	1408
187.683	14896	73	208
187.685	14897	74	1408
187.695	14898	77	1408
187.702	14899	78	208
187.704	14900	79	1408
187.714	14901	81	1408
187.722	14902	82	208
187.724	14903	83	1408
187.732	14904	83	1408
187.737	14905	81	208
187.742	14906	84	1408
187.75	14907	85	1408
187.755	14908	82	208
187.762	14909	88	1408
187.767	14910	86	1408
187.775	14911	86	208
187.779	14912	90	1408
187.782	14913	85	1408
187.79	14914	86	208
187.792	14915	86	1408
187.802	14916	89	1408
187.807	14917	88	208
187.81	14918	89	1408
187.819	14919	90	1408
187.827	14920	92	208
187.829	14921	93	1408
187.839	14922	94	1408
187.845	14923	93	208
187.849	14924	97	1408
187.856	14925	97	1408
187.862	14926	94	208
187.865	14927	96	1408
187.874	14928	98	1408
187.879	14929	96	208
187.884	14930	99	1408
187.892	14931	100	1408
187.899	14932	100	208
187.904	14933	103	1408
187.914	14934	105	1408
187.919	14935	104	208
187.924	14936	107	1408
187.934	14937	109	1408
187.939	14938	106	208
187.941	14939	108	1408
187.951	14940	111	1408
187.954	14941	108	208
187.959	14942	111	1408
187.966	14943	113	1408
187.974	14944	115	208
187.976	14945	116	1408
187.984	14946	117	1408
187.986	14947	114	208
187.989	14948	116	1408
187.999	14949	119	1408
188.006	14950	121	208
188.009	14951	122	1408
188.016	14952	124	1408
188.019	14953	121	208
188.022	14954	122	1408
188.031	14955	125	1408
188.037	14956	125	208
188.041	14957	129	1408
188.048	14958	130	1408
188.051	14959	127	208
188.056	14960	130	1408
188.063	14961	132	1408
188.069	14962	131	208
188.073	14963	135	1408
188.081	14964	136	1408
188.089	14965	134	208
188.093	14966	137	1408
188.106	14967	139	1408
188.113	14968	137	208
188.116	14969	138	1408
188.128	14970	140	1408
188.136	14971	137	208
188.139	14972	139	1408
188.153	14973	143	1408
188.163	14974	144	208
188.166	14975	144	1408
188.175	14976	144	1408
188.188	14977	147	208
188.191	14978	148	1408
188.203	14979	150	1408
188.211	14980	150	208
188.213	14981	151	1408
188.223	14982	153	1408
188.231	14983	154	208
188.233	14984	155	1408
188.24	14985	155	1408
188.248	14986	154	208
188.25	14987	156	1408
188.256	14988	154	1408
188.261	14989	151	208
188.263	14990	153	1408
188.276	14992	151	208
188.281	14993	154	1408
188.286	14994	152	1408
188.306	14997	155	1408
188.311	14998	152	208
188.313	14999	154	1408
188.321	15000	154	1408
188.326	15001	151	208
188.33	15002	155	1408
188.336	15003	153	1408
188.339	15004	148	208
188.343	15005	152	1408
188.351	15006	151	1408
188.354	15007	148	208
188.357	15008	149	1408
188.364	15009	148	1408
188.371	15010	148	208
188.376	15011	152	1408
188.384	15012	152	1408
188.389	15013	149	208
188.394	15014	153	1408
188.401	15015	153	1408
188.407	15016	151	208
188.409	15017	152	1408
188.414	15018	149	1408
188.422	15019	150	208
188.424	15020	151	1408
188.433	15021	153	1408
188.439	15022	150	208
188.441	15023	152	1408
188.448	15024	152	1408
188.455	15025	150	208
188.459	15026	154	1408
188.466	15027	154	1408
188.471	15028	151	208
188.476	15029	154	1408
188.483	15030	154	1411
188.493	15031	156	1408
188.501	15032	156	208
188.511	15034	155	211
188.513	15035	157	1411
188.518	15036	155	1408
188.526	15037	154	208
188.536	15039	156	1408
188.541	15040	154	208
188.553	15042	157	1408
188.556	15043	152	208
188.558	15044	154	1408
188.568	15045	155	1408
188.575	15046	155	208
188.578	15047	156	1408
188.585	15048	156	1408
188.59	15049	154	208
188.595	15050	157	1408
188.606	15052	153	208
188.615	15054	153	1408
188.623	15055	154	208
188.625	15056	155	1408
188.632	15057	155	1408
188.638	15058	152	208
188.64	15059	154	1408
188.65	15060	156	1408
188.653	15061	152	208
188.658	15062	155	1408
188.665	15063	155	1408
188.67	15064	152	208
188.672	15065	154	1408
188.682	15066	155	1408
188.689	15067	156	208
188.692	15068	157	1408
188.702	15070	153	208
188.705	15071	153	1408
188.715	15072	156	1408
188.722	15073	155	1411
188.727	15074	154	208
188.73	15075	155	1408
188.736	15076	154	1408
188.747	15077	156	1411
188.752	15078	155	208
188.754	15079	156	1408
188.759	15080	153	1411
188.769	15081	156	1408
188.774	15082	153	208
188.777	15083	154	1408
188.787	15084	156	1408
188.787	15085	150	208
188.79	15086	151	1408
188.797	15087	151	1408
188.803	15088	150	208
188.805	15089	150	1408
188.815	15090	153	1411
188.823	15091	152	1411
188.83	15092	152	1408
188.833	15093	148	208
188.843	15095	150	1408
188.846	15096	148	208
188.851	15098	146	1408
188.858	15099	147	208
188.861	15100	148	1408
188.869	15102	145	208
188.874	15103	148	1408
188.878	15104	147	1408
188.882	15105	145	208
188.885	15106	146	1408
188.889	15107	145	1408
188.898	15108	147	208
188.9	15109	148	1408
188.905	15110	147	1411
188.909	15111	146	1408
188.917	15112	147	208
188.919	15113	148	1408
188.928	15115	144	208
188.935	15116	150	1408
188.937	15117	147	1408
188.945	15118	145	208
188.952	15119	149	1408
188.962	15120	150	1408
188.972	15121	148	208
188.974	15122	150	1408
188.984	15123	149	1408
188.995	15124	149	208
189.001	15125	154	1408
189.011	15126	153	1408
189.018	15127	151	208
189.023	15128	153	1408
189.036	15129	156	1408
189.048	15130	159	208
189.051	15131	159	1408
189.06	15132	158	1411
189.07	15133	160	1411
189.079	15134	161	1408
189.087	15135	162	1411
189.092	15136	160	208
189.097	15137	163	1408
189.102	15138	160	1408
189.107	15139	157	208
189.112	15140	161	1408
189.12	15142	154	208
189.124	15143	158	1408
189.132	15144	157	1408
189.142	15145	160	1411
189.147	15146	157	208
189.156	15148	159	1408
189.163	15149	159	208
189.166	15150	159	1408
189.173	15151	159	1408
189.181	15152	160	208
189.191	15155	154	208
189.196	15156	158	1408
189.203	15157	158	1408
189.211	15158	158	208
189.213	15159	159	1408
189.221	15161	153	208
189.226	15162	156	1408
189.231	15163	154	1408
189.237	15164	152	208
189.243	15165	158	1408
189.248	15166	156	1408
189.249	15167	149	208
189.253	15168	152	1408
189.261	15169	153	1408
189.264	15170	149	208
189.269	15171	152	1408
189.274	15172	149	1408
189.28	15173	148	208
189.282	15174	149	1408
189.295	15176	147	208
189.297	15177	148	1408
189.306	15178	151	1408
189.314	15179	150	208
189.316	15180	151	1408
189.321	15181	150	1411
189.331	15182	151	1408
189.338	15183	152	208
189.341	15184	153	1408
189.348	15185	153	1408
189.356	15186	154	208
189.361	15187	157	1408
189.372	15189	153	1408
189.377	15190	151	208
189.379	15191	153	1408
189.388	15192	154	1408
189.398	15193	157	1411
189.406	15194	158	1411
189.413	15196	156	1408
189.421	15197	156	1408
189.428	15198	156	1411
189.435	15199	156	208
189.438	15200	157	1408
189.443	15201	154	1408
189.448	15202	152	208
189.45	15203	154	1408
189.46	15204	156	1408
189.468	15205	156	208
189.47	15206	158	1408
189.479	15207	160	1408
189.487	15208	160	208
189.49	15209	161	1408
189.497	15210	161	1408
189.5	15211	157	208
189.505	15212	160	1411
189.51	15213	158	1408
189.519	15214	161	1408
189.522	15215	156	208
189.527	15216	159	1408
189.53	15217	155	1408
189.537	15218	156	208
189.54	15219	156	1408
189.547	15220	157	1408
189.553	15221	155	208
189.555	15222	156	1408
189.56	15223	153	1408
189.568	15224	154	208
189.575	15226	152	1411
189.582	15227	153	1408
189.584	15228	147	208
189.586	15229	148	1408
189.596	15230	150	1408
189.601	15231	149	208
189.604	15232	150	1408
189.611	15233	149	1408
189.619	15235	149	208
189.628	15237	150	1408
189.634	15238	148	208
189.644	15240	149	1408
189.654	15242	151	1408
189.661	15243	151	1408
189.669	15244	151	208
189.671	15245	153	1408
189.678	15246	153	1408
189.686	15247	152	208
189.688	15248	155	1408
189.695	15249	155	1408
189.7	15250	155	208
189.703	15251	156	1408
189.708	15252	156	1408
189.715	15253	157	208
189.718	15254	158	1408
189.725	15256	154	208
189.728	15257	156	1408
189.733	15258	155	1408
189.738	15259	155	208
189.741	15260	156	1408
189.748	15261	157	1408
189.753	15262	155	208
189.755	15263	158	1408
189.762	15264	157	1408
189.767	15265	157	208
189.77	15266	158	1408
189.782	15267	158	1411
189.787	15268	158	1408
189.792	15269	157	208
189.795	15270	157	1408
189.804	15271	156	1408
189.812	15272	156	208
189.817	15273	158	1408
189.822	15274	153	1408
189.834	15275	156	211
189.839	15276	159	1411
189.847	15277	158	208
189.85	15278	159	1408
189.859	15279	158	1411
189.869	15280	159	211
189.871	15281	159	1408
189.875	15282	153	208
189.877	15283	154	1408
189.887	15284	154	1408
189.891	15285	149	208
189.894	15286	149	1408
189.904	15288	145	208
189.906	15289	146	1408
189.913	15290	146	1408
189.921	15291	147	208
189.924	15292	148	1411
189.93	15293	147	1408
189.938	15294	147	1408
189.945	15295	148	208
189.947	15296	149	1408
189.955	15297	149	1408
189.963	15298	149	208
189.965	15299	151	1408
189.973	15300	150	1408
189.975	15301	146	208
189.978	15302	147	1408
189.988	15303	149	1408
189.995	15304	150	208
189.998	15305	151	1408
190.005	15306	151	1408
190.013	15307	151	208
190.015	15308	152	1408
190.024	15309	155	1408
190.03	15310	153	208
190.033	15311	154	1408
190.042	15312	156	1408
190.047	15313	155	208
190.05	15314	155	1408
190.057	15315	156	1408
190.065	15316	156	208
190.073	15318	155	1408
190.078	15319	153	208
190.08	15320	155	1408
190.09	15321	156	1408
190.092	15322	152	208
190.097	15323	155	1408
190.104	15324	156	1408
190.112	15325	155	1411
190.117	15326	153	208
190.122	15327	157	1408
190.129	15328	156	1408
190.136	15329	157	208
190.139	15330	158	1408
190.145	15332	149	208
190.151	15333	155	1408
190.156	15334	153	1408
190.164	15335	153	208
190.169	15336	157	1408
190.171	15337	152	1408
190.179	15338	152	208
190.182	15339	154	1408
190.192	15340	156	1408
190.199	15341	157	208
190.201	15342	157	1408
190.207	15343	155	1408
190.224	15346	156	1408
190.229	15347	155	208
190.237	15349	153	1408
190.242	15350	151	208
190.244	15351	152	1408
190.254	15352	155	1408
190.261	15353	155	208
190.263	15354	156	1408
190.271	15355	156	1408
190.278	15356	156	208
190.281	15357	157	1411
190.284	15358	154	1408
190.293	15359	155	1408
190.301	15360	156	208
190.303	15361	157	1408
190.31	15362	157	1408
190.316	15363	154	208
190.32	15364	158	1408
190.328	15365	158	1408
190.336	15366	158	208
190.343	15368	157	1408
190.35	15369	158	208
190.353	15370	158	1411
190.362	15371	161	1408
190.367	15372	159	1408
190.37	15373	154	208
190.373	15374	155	1408
190.38	15375	156	1408
190.388	15376	155	208
190.39	15377	156	1408
190.397	15378	157	1408
190.405	15379	157	208
190.407	15380	158	1408
190.416	15381	160	1408
190.424	15382	160	208
190.433	15384	161	1408
190.439	15385	159	211
190.448	15387	160	1411
190.454	15388	159	208
190.469	15391	157	208
190.471	15392	158	1408
190.482	15394	155	208
190.484	15395	156	1408
190.494	15396	158	1408
190.499	15397	156	208
190.504	15398	159	1408
190.509	15400	152	208
190.516	15401	158	1408
190.519	15402	154	1408
190.522	15403	152	208
190.529	15405	152	1408
190.534	15406	152	208
190.542	15408	149	1411
190.549	15409	152	1408
190.552	15410	149	208
190.555	15411	150	1408
190.562	15412	150	1408
190.565	15413	148	208
190.568	15414	149	1408
190.57	15415	146	1408
190.578	15416	147	208
190.58	15417	148	1408
190.59	15418	149	1408
190.597	15419	150	208
190.599	15420	152	1408
190.607	15421	151	1408
190.615	15422	149	208
190.618	15423	150	1408
190.633	15424	149	1411
190.643	15425	150	1408
190.652	15426	150	1411
190.661	15427	149	208
190.663	15428	149	1408
190.673	15429	150	1411
190.686	15430	152	1411
190.695	15431	151	1411
190.705	15432	151	1408
190.715	15433	152	1411
190.723	15434	152	208
190.728	15435	156	1408
190.735	15436	156	1411
190.743	15437	156	1408
190.75	15438	156	1411
190.755	15439	153	208
190.757	15440	155	1408
190.767	15441	158	1408
190.772	15442	155	208
190.777	15443	159	1408
190.782	15444	156	1408
190.787	15445	155	208
190.797	15447	156	1408
190.8	15448	152	208
190.81	15450	153	1408
190.813	15451	149	208
190.818	15452	152	1408
190.826	15453	152	1408
190.833	15454	153	208
190.836	15455	154	1408
190.846	15457	150	208
190.848	15458	151	1408
190.856	15459	151	1408
190.859	15460	146	208
190.861	15461	148	1408
190.866	15462	146	1408
190.874	15463	146	208
190.876	15464	147	1408
190.879	15465	143	1408
190.887	15466	144	208
190.889	15467	145	1408
190.899	15468	146	1408
190.904	15469	145	208
190.907	15470	146	1408
190.916	15471	148	1408
190.922	15472	146	208
190.924	15473	147	1408
190.934	15474	149	1408
190.939	15475	148	208
190.944	15476	151	1408
190.951	15477	152	1408
190.957	15478	149	208
190.964	15480	148	1408
190.972	15481	148	208
190.974	15482	149	1408
190.983	15483	152	1408
190.989	15484	150	208
190.991	15485	151	1408
191.001	15486	153	1411
191.01	15487	156	1408
191.017	15488	155	1411
191.023	15489	153	208
191.028	15490	157	1408
191.037	15491	159	1408
191.042	15492	157	208
191.047	15493	161	1408
191.057	15494	160	1411
191.062	15495	159	1408
191.067	15496	157	208
191.07	15497	158	1408
191.081	15498	162	1408
191.089	15499	162	208
191.091	15500	164	1408
191.096	15501	161	1408
191.102	15502	159	208
191.104	15503	161	1408
191.113	15504	163	1408
191.126	15507	159	1408
191.129	15508	155	208
191.132	15509	156	1408
191.141	15510	159	1408
191.156	15513	158	1408
191.159	15514	153	208
191.161	15515	155	1408
191.169	15516	155	1411
191.178	15517	157	1408
191.189	15520	151	1408
191.196	15521	152	208
191.199	15522	153	1408
191.206	15523	153	1408
191.214	15524	153	208
191.216	15525	155	1408
191.224	15526	154	1408
191.229	15527	152	208
191.231	15528	154	1408
191.243	15529	158	1408
191.246	15530	153	208
191.248	15531	155	1408
191.255	15532	155	1408
191.261	15533	152	208
191.265	15534	156	1408
191.273	15535	156	1408
191.28	15536	156	208
191.283	15537	157	1408
191.288	15538	155	1408
191.296	15539	156	208
191.298	15540	156	1408
191.312	15542	157	208
191.315	15543	158	1408
191.324	15544	160	1408
191.33	15545	158	208
191.333	15547	153	211
191.338	15548	156	1411
191.342	15549	154	1408
191.35	15550	154	208
191.352	15551	156	1408
191.36	15552	157	1408
191.367	15553	159	211
191.373	15556	156	1408
191.377	15557	155	1408
191.385	15558	156	208
191.39	15560	156	1408
191.398	15561	157	211
191.4	15563	153	208
191.403	15564	155	1408
191.408	15565	154	1408
191.411	15566	151	208
191.416	15568	149	1408
191.421	15569	148	208
191.423	15570	150	1408
191.429	15571	147	1408
191.437	15572	143	208
191.439	15573	145	1408
191.46	15575	145	208
191.469	15577	144	1408
191.48	15578	144	208
191.482	15579	146	1408
191.492	15580	145	1408
191.499	15581	143	208
191.503	15582	144	1408
191.517	15583	148	1411
191.527	15584	149	1408
191.536	15585	149	1411
191.544	15586	147	208
191.549	15587	150	1408
191.561	15588	152	1408
191.569	15589	153	208
191.571	15590	154	1408
191.581	15591	156	1411
191.587	15592	154	211
191.591	15593	158	1408
191.602	15595	153	208
191.604	15596	155	1408
191.611	15597	154	1411
191.62	15598	156	1408
191.627	15599	156	1411
191.64	15600	160	208
191.642	15601	162	1408
191.649	15602	162	1408
191.654	15603	159	208
191.657	15604	160	1408
191.664	15605	161	1408
191.674	15606	163	1411
191.68	15607	161	208
191.687	15609	160	1408
191.692	15610	157	1408
191.7	15611	158	208
191.705	15612	161	1408
191.71	15613	159	1408
191.717	15614	160	208
191.72	15615	161	1408
191.726	15616	160	1408
191.731	15617	158	208
191.739	15619	156	1408
191.744	15620	155	208
191.746	15621	156	1408
191.754	15622	156	1408
191.759	15623	154	208
191.764	15625	150	1408
191.775	15626	153	208
191.777	15627	155	1408
191.784	15628	154	1408
191.789	15629	152	208
191.792	15630	153	1408
191.801	15631	155	1408
191.807	15632	153	1411
191.814	15633	153	208
191.816	15634	155	1408
191.826	15635	157	1408
191.833	15637	156	1408
191.843	15638	157	1408
191.848	15639	156	208
191.858	15641	156	1408
191.866	15642	157	208
191.868	15643	158	1408
191.875	15644	157	1408
191.883	15645	158	208
191.885	15646	160	1408
191.895	15647	161	1408
191.9	15648	160	1411
191.905	15649	158	208
191.908	15650	158	1408
191.917	15651	161	1408
191.92	15652	156	208
191.927	15654	155	1408
191.936	15655	156	208
191.938	15656	157	1408
191.943	15657	155	1408
191.95	15658	155	1411
191.956	15659	152	208
191.963	15661	152	1408
191.975	15662	156	1411
191.985	15665	150	1408
191.992	15666	149	208
191.994	15667	150	1408
191.997	15668	145	1408
192.004	15669	145	208
192.006	15670	147	1408
192.016	15671	149	1408
192.021	15672	147	208
192.026	15673	151	1408
192.031	15674	149	1408
192.039	15675	149	211
192.04	15676	148	208
192.044	15677	152	1408
192.049	15678	149	1408
192.057	15679	149	1411
192.062	15680	146	208
192.065	15681	147	1408
192.07	15682	146	1408
192.077	15683	145	208
192.08	15684	146	1408
192.09	15685	149	1408
192.095	15686	146	208
192.097	15687	147	1408
192.107	15688	149	1408
192.115	15689	149	208
192.117	15690	150	1408
192.127	15691	151	1408
192.134	15692	152	1411
192.142	15693	152	208
192.145	15694	153	1408
192.154	15695	154	1408
192.16	15696	152	208
192.17	15698	153	1411
192.179	15699	154	1408
192.185	15700	152	208
192.189	15701	156	1408
192.196	15702	155	211
192.199	15703	157	1411
192.208	15704	160	1408
192.213	15705	159	208
192.216	15706	160	1408
192.221	15707	160	1408
192.224	15708	157	208
192.234	15710	158	1408
192.234	15711	153	208
192.236	15712	154	1408
192.244	15713	155	1408
192.254	15715	158	1408
192.262	15717	153	208
192.264	15718	155	1408
192.269	15719	153	1408
192.274	15720	152	208
192.277	15721	154	1408
192.284	15722	155	1408
192.289	15723	154	208
192.291	15724	156	1408
192.307	15726	155	208
192.314	15728	150	1408
192.324	15729	151	208
192.326	15730	151	1408
192.339	15731	153	1408
192.347	15732	151	208
192.351	15733	154	1408
192.367	15735	149	208
192.374	15736	154	1408
192.384	15737	155	1411
192.394	15738	154	1408
192.402	15739	152	208
192.404	15740	153	1408
192.409	15741	151	1408
192.417	15742	151	208
192.419	15743	152	1408
192.427	15744	152	1408
192.434	15745	152	208
192.439	15746	155	1408
192.442	15747	150	1411
192.45	15748	150	1408
192.457	15749	150	211
192.458	15750	150	208
192.465	15752	149	1411
192.474	15753	150	1408
192.482	15754	151	208
192.485	15755	151	1408
192.494	15756	153	1408
192.497	15757	148	208
192.5	15758	150	1408
192.507	15759	149	1411
192.514	15760	150	1411
192.526	15761	154	1408
192.529	15762	149	208
192.534	15763	152	1408
192.544	15764	155	1408
192.551	15765	155	208
192.554	15766	156	1408
192.561	15767	155	1408
192.564	15768	152	208
192.567	15769	152	1408
192.576	15770	155	1411
192.584	15771	154	1408
192.587	15772	149	208
192.589	15773	151	1408
192.599	15774	153	1408
192.607	15775	153	208
192.609	15776	154	1408
192.616	15777	154	1408
192.623	15778	154	208
192.626	15779	155	1408
192.633	15780	155	1408
192.639	15781	152	208
192.643	15782	156	1408
192.658	15784	155	208
192.66	15785	157	1408
192.668	15786	156	1408
192.677	15787	158	1411
192.68	15788	154	208
192.683	15789	155	1408
192.69	15790	155	1408
192.698	15791	154	208
192.702	15792	158	1408
192.705	15793	153	1408
192.715	15794	156	208
192.72	15795	159	1408
192.725	15796	156	1408
192.73	15797	154	208
192.735	15798	158	1408
192.748	15800	155	208
192.75	15801	157	1408
192.76	15802	158	1408
192.762	15803	154	208
192.765	15804	156	1408
192.775	15805	157	1408
192.78	15806	154	208
192.787	15808	153	1408
192.795	15809	154	208
192.805	15811	154	1408
192.811	15812	152	208
192.813	15813	153	1408
192.818	15814	151	1408
192.823	15815	149	208
192.826	15816	150	1408
192.831	15817	147	1408
192.839	15818	148	208
192.841	15819	148	1408
192.848	15820	148	1408
192.856	15821	148	208
192.858	15822	150	1411
192.868	15823	151	1408
192.873	15824	149	1408
192.878	15825	147	208
192.88	15826	148	1408
192.89	15827	150	1408
192.896	15828	148	208
192.9	15829	152	1408
192.908	15830	151	1408
192.913	15831	149	208
192.915	15832	150	1408
192.925	15833	152	1408
192.93	15834	150	208
192.933	15835	151	1408
192.943	15836	153	1408
192.95	15837	153	208
192.953	15838	154	1411
192.96	15839	155	1408
192.97	15840	156	1408
192.975	15841	153	208
192.978	15842	155	1408
192.983	15843	153	1408
192.988	15844	150	208
192.99	15845	152	1411
193	15846	153	1408
193.009	15847	155	1408
193.019	15848	157	1411
193.027	15849	157	208
193.029	15850	158	1408
193.037	15851	158	1408
193.042	15852	157	208
193.044	15853	158	1408
193.053	15854	162	1408
193.061	15857	156	1408
193.068	15858	158	208
193.07	15859	159	1408
193.081	15861	158	208
193.083	15862	159	1408
193.088	15863	158	1408
193.096	15864	160	208
193.098	15865	161	1408
193.106	15866	162	1408
193.118	15869	160	1408
193.123	15870	158	208
193.135	15872	159	1408
193.143	15873	158	208
193.146	15874	159	1408
193.155	15875	159	1408
193.159	15876	151	208
193.161	15877	152	1408
193.171	15878	152	1408
193.179	15879	150	208
193.191	15881	150	1408
193.199	15882	148	208
193.203	15883	151	1408
193.213	15884	151	1408
193.226	15885	153	208
193.228	15886	154	1408
193.245	15888	153	208
193.248	15889	154	1408
193.257	15890	157	1408
193.263	15891	154	208
193.265	15892	156	1408
193.271	15893	153	211
193.273	15894	154	1411
193.28	15895	154	1408
193.29	15896	156	1411
193.295	15897	154	208
193.298	15898	155	1408
193.307	15899	157	1408
193.313	15900	155	208
193.315	15901	157	1408
193.322	15902	156	1408
193.328	15903	155	211
193.338	15905	154	1411
193.344	15906	150	208
193.346	15907	151	1408
193.354	15908	148	1408
193.359	15909	146	208
193.363	15910	150	1408
193.373	15911	151	1408
193.39	15913	149	1411
193.397	15914	149	1408
193.407	15915	152	1408
193.415	15916	151	208
193.417	15917	153	1408
193.43	15918	154	1408
193.435	15919	153	208
193.438	15920	154	1408
193.45	15921	155	1411
193.458	15922	155	1408
193.466	15923	155	208
193.468	15924	156	1408
193.475	15925	156	1408
193.478	15926	152	208
193.481	15927	153	1408
193.49	15928	155	1408
193.495	15929	153	208
193.498	15930	153	1408
193.503	15931	152	1408
193.511	15932	151	208
193.513	15933	153	1408
193.518	15934	150	1408
193.525	15935	150	208
193.53	15936	154	1408
193.54	15938	148	1411
193.55	15939	150	208
193.552	15940	152	1408
193.562	15941	154	1408
193.567	15942	152	208
193.572	15943	155	1408
193.582	15944	157	1408
193.589	15945	157	208
193.592	15946	158	1408
193.602	15949	153	208
193.608	15950	157	1408
193.614	15951	156	1408
193.62	15952	155	208
193.622	15953	155	1408
193.625	15954	151	1408
193.636	15955	153	208
193.638	15956	154	1408
193.645	15957	155	1408
193.65	15958	152	208
193.658	15960	151	1408
193.663	15961	149	208
193.669	15963	145	1408
193.676	15964	145	208
193.678	15965	146	1408
193.686	15966	147	1408
193.691	15967	144	208
193.694	15968	145	1408
193.704	15969	147	1408
193.709	15970	145	208
193.713	15971	148	1408
193.723	15972	150	1408
193.723	15973	143	208
193.729	15974	147	1408
193.736	15975	147	1408
193.745	15976	149	1411
193.753	15977	149	208
193.756	15978	150	1408
193.763	15979	150	1408
193.771	15980	150	208
193.773	15981	151	1408
193.783	15982	153	1408
193.788	15983	152	208
193.79	15984	153	1408
193.8	15985	155	1408
193.808	15986	154	211
193.81	15987	156	1411
193.816	15988	154	208
193.82	15989	157	1408
193.827	15990	157	1408
193.835	15991	156	208
193.837	15992	158	1408
193.847	15993	160	1408
193.862	15996	158	1408
193.871	15997	161	1411
193.888	16000	163	1411
193.892	16001	162	1408
193.898	16002	161	208
193.908	16004	164	1408
193.913	16005	163	208
193.915	16006	164	1408
193.918	16007	161	1408
193.923	16008	160	208
193.925	16009	162	1408
193.935	16010	165	1408
193.942	16013	160	1408
193.948	16014	159	208
193.95	16015	161	1408
193.961	16017	155	208
193.963	16018	158	1408
193.97	16019	158	1408
193.981	16021	157	1408
193.994	16023	150	208
193.998	16024	153	1408
194.008	16025	153	1408
194.016	16026	150	208
194.018	16027	150	1408
194.026	16028	149	1408
194.034	16029	146	208
194.036	16030	148	1408
194.049	16031	149	1408
194.057	16032	147	208
194.059	16033	149	1408
194.069	16034	149	211
194.072	16035	149	1411
194.087	16037	150	208
194.087	16038	149	211
194.09	16039	150	1411
194.107	16041	152	1408
194.109	16042	147	1411
194.115	16043	145	208
194.12	16044	148	1408
194.129	16045	150	1408
194.14	16046	153	208
194.142	16047	154	1408
194.152	16049	155	1411
194.158	16050	154	1408
194.168	16051	157	1411
194.171	16052	152	208
194.176	16053	156	1408
194.185	16054	157	1408
194.193	16055	157	211
194.193	16056	157	208
194.196	16057	158	1408
194.206	16058	160	1411
194.215	16059	161	1408
194.218	16060	158	208
194.226	16062	156	1408
194.236	16063	158	208
194.243	16065	158	1408
194.249	16066	155	208
194.251	16067	156	1408
194.261	16068	158	1408
194.266	16069	156	208
194.271	16071	153	1408
194.277	16072	150	208
194.281	16073	154	1408
194.294	16075	151	1411
194.297	16076	146	208
194.302	16077	150	1408
194.307	16078	148	1411
194.318	16079	152	1408
194.322	16080	148	208
194.326	16081	151	1408
194.331	16082	149	1408
194.339	16083	149	208
194.344	16084	152	1408
194.351	16085	152	1408
194.357	16086	150	211
194.361	16088	153	1408
194.371	16089	154	1408
194.376	16090	152	208
194.379	16091	153	1408
194.388	16092	156	1408
194.398	16094	157	1408
194.408	16095	158	1408
194.414	16096	157	208
194.421	16098	155	1408
194.427	16099	153	208
194.429	16100	154	1408
194.436	16101	154	1411
194.443	16102	154	1408
194.451	16103	153	1411
194.458	16104	154	208
194.468	16106	155	1408
194.478	16108	156	1411
194.488	16109	158	1408
194.492	16110	155	1408
194.502	16111	158	1411
194.512	16113	159	1408
194.519	16114	158	1408
194.527	16116	157	1408
194.536	16117	159	1408
194.547	16119	160	1408
194.554	16120	160	1408
194.559	16121	157	208
194.561	16122	159	1408
194.571	16123	161	1408
194.576	16124	159	211
194.579	16125	159	208
194.581	16126	161	1408
194.587	16127	159	1408
194.594	16128	158	208
194.596	16129	160	1408
194.607	16131	155	211
194.609	16132	157	208
194.619	16134	157	1408
194.624	16135	154	208
194.626	16136	156	1408
194.632	16137	154	1411
194.641	16138	155	1408
194.648	16139	155	208
194.651	16140	156	1408
194.658	16141	157	1408
194.663	16142	154	208
194.666	16143	155	1408
194.675	16144	157	1411
194.69	16146	157	211
194.691	16147	156	208
194.693	16148	157	1408
194.704	16150	153	208
194.708	16151	157	1408
194.716	16152	156	1408
194.723	16153	158	211
194.725	16155	158	1408
194.731	16157	151	211
194.732	16158	151	208
194.739	16160	151	1408
194.747	16161	150	211
194.75	16164	146	1408
194.757	16165	145	208
194.759	16166	148	1408
194.769	16167	148	1408
194.777	16168	146	208
194.78	16169	148	1408
194.786	16170	149	1408
194.792	16171	146	208
194.795	16172	148	1408
194.805	16173	148	1411
194.815	16174	148	1408
194.824	16175	148	1411
194.831	16176	144	208
194.838	16177	150	1408
194.847	16178	149	1408
194.855	16179	147	208
194.86	16180	150	1408
194.872	16181	153	1408
194.88	16182	150	208
194.885	16183	153	1408
194.89	16184	149	1411
194.905	16185	154	1408
194.912	16186	151	1411
194.922	16187	153	208
194.927	16188	156	1408
194.933	16189	155	211
194.942	16191	155	1411
194.95	16192	155	1411
194.957	16193	155	211
194.965	16195	153	208
194.969	16196	157	1408
194.977	16197	157	1408
194.98	16198	152	208
194.984	16199	156	1408
194.99	16200	154	1408
194.998	16201	154	208
195.005	16203	153	1408
195.013	16204	152	208
195.015	16205	154	1408
195.022	16206	154	1408
195.026	16207	149	208
195.028	16208	151	1408
195.04	16209	155	1408
195.047	16210	155	208
195.054	16213	145	208
195.058	16214	148	1408
195.068	16215	151	1408
195.076	16216	150	208
195.083	16218	149	1408
195.091	16219	149	208
195.093	16220	151	1408
195.103	16221	153	1408
195.113	16223	153	1408
195.12	16224	154	1408
195.125	16225	151	208
195.128	16226	152	1408
195.138	16227	154	1408
195.145	16228	155	208
195.151	16230	151	1411
195.16	16231	154	1408
195.167	16232	153	208
195.17	16233	154	1411
195.178	16234	154	1408
195.185	16235	154	1408
195.192	16236	154	208
195.195	16237	155	1408
195.204	16238	157	1408
195.21	16239	155	208
195.212	16240	156	1411
195.221	16241	158	1408
195.229	16242	158	1408
195.234	16243	156	208
195.239	16244	159	1408
195.248	16245	161	1408
195.256	16247	160	1408
195.263	16248	160	1408
195.273	16249	161	1411
195.28	16250	160	1411
195.288	16251	161	208
195.293	16252	165	1408
195.298	16253	162	1411
195.305	16254	162	1408
195.325	16258	159	211
195.33	16260	160	1408
195.337	16261	161	1408
195.343	16262	158	208
195.353	16265	153	208
195.358	16266	157	1411
195.36	16267	151	1408
195.368	16268	151	1408
195.376	16269	151	208
195.378	16270	153	1408
195.385	16271	152	1408
195.393	16272	152	208
195.395	16273	153	1408
195.405	16274	155	1408
195.41	16275	153	208
195.413	16276	154	1408
195.42	16277	153	1408
195.426	16278	152	208
195.433	16280	150	1408
195.441	16281	150	208
195.443	16282	151	1408
195.45	16283	152	1408
195.458	16284	152	211
195.459	16285	151	208
195.461	16286	152	1408
195.47	16287	154	1408
195.478	16288	155	208
195.487	16290	155	1408
195.497	16292	156	1408
195.505	16293	156	1408
195.514	16295	157	1408
195.524	16296	158	1408
195.53	16297	154	211
195.532	16298	155	1411
195.542	16299	158	1411
195.549	16300	158	211
195.55	16301	157	208
195.552	16302	158	1408
195.557	16303	157	1408
195.564	16304	158	1411
195.569	16305	157	1411
195.576	16306	158	208
195.578	16307	160	1408
195.586	16308	158	1408
195.591	16309	156	208
195.594	16310	158	1408
195.606	16311	161	1408
195.611	16312	157	208
195.616	16314	154	1408
195.624	16315	154	208
195.636	16317	153	1411
195.644	16318	154	1408
195.649	16319	154	208
195.654	16320	156	1408
195.664	16321	155	1408
195.671	16322	153	208
195.674	16323	153	1408
195.686	16324	154	1408
195.698	16325	157	1411
195.707	16326	154	211
195.707	16327	152	208
195.712	16329	146	211
195.72	16330	151	1408
195.73	16331	151	208
195.732	16332	151	1408
195.744	16333	153	1408
195.752	16334	151	208
195.755	16335	152	1408
195.76	16336	149	1408
195.772	16338	152	1408
195.779	16339	151	1408
195.785	16340	148	208
195.787	16341	150	1408
195.794	16342	149	1408
195.802	16343	149	208
195.805	16344	150	1408
195.817	16345	154	1408
195.822	16346	152	1411
195.827	16347	149	208
195.832	16348	153	1408
195.842	16349	154	1411
195.851	16350	155	1408
195.86	16351	155	208
195.862	16352	156	1408
195.869	16353	155	1408
195.877	16354	155	208
195.879	16355	157	1408
195.886	16356	156	1408
195.895	16358	155	1408
195.902	16359	154	1408
195.91	16360	154	208
195.912	16361	155	1408
195.917	16362	152	1411
195.926	16363	153	1408
195.935	16364	153	208
195.937	16365	155	1408
195.95	16367	151	208
195.955	16369	147	1408
195.961	16370	145	208
195.967	16371	151	1408
195.97	16372	146	211
195.977	16373	151	1408
195.994	16376	151	1408
196.002	16377	151	208
196.004	16378	152	1408
196.012	16379	151	1408
196.02	16380	151	208
196.022	16381	152	1408
196.032	16382	154	1408
196.037	16383	151	208
196.039	16384	153	1408
196.049	16385	154	1408
196.059	16386	156	208
196.061	16387	157	1408
196.069	16388	157	1408
196.077	16389	156	208
196.079	16390	158	1408
196.087	16391	157	1408
196.092	16392	155	208
196.1	16394	153	211
196.102	16395	155	1408
196.108	16396	152	208
196.11	16397	152	1408
196.117	16398	152	1408
196.123	16399	149	208
196.127	16400	153	1408
196.133	16401	150	1408
196.14	16402	150	208
196.142	16403	151	1408
196.152	16404	153	1408
196.162	16405	154	1411
196.169	16406	153	1411
196.177	16407	153	208
196.179	16408	154	1408
196.187	16409	153	1408
196.195	16410	153	208
196.197	16411	154	1408
196.202	16412	152	211
196.207	16413	155	1411
196.214	16414	154	1408
196.222	16415	153	208
196.225	16416	155	1408
196.234	16417	156	1408
196.242	16418	156	208
196.244	16419	157	1408
196.253	16420	158	1408
196.259	16421	156	208
196.264	16422	159	1408
196.268	16423	156	1408
196.276	16424	154	208
196.278	16425	156	1408
196.286	16426	155	1408
196.293	16427	155	208
196.295	16428	156	1408
196.305	16429	157	1408
196.315	16430	159	1411
196.322	16431	158	208
196.325	16432	159	1408
196.334	16433	161	1408
196.342	16434	159	208
196.344	16435	160	1408
196.349	16436	158	1408
196.357	16437	157	208
196.359	16438	159	1408
196.371	16439	162	1408
196.384	16442	160	1408
196.392	16443	160	208
196.396	16445	158	1408
196.402	16446	156	208
196.407	16447	160	1408
196.409	16448	157	1408
196.417	16449	157	208
196.419	16450	159	1408
196.429	16452	155	208
196.437	16454	154	1408
196.444	16455	150	208
196.447	16456	152	1408
196.457	16457	154	1408
196.477	16460	151	1408
196.485	16461	149	208
196.505	16464	146	208
196.508	16465	146	1408
196.52	16466	147	1408
196.533	16467	149	208
196.535	16468	151	1408
196.548	16469	152	1408
196.558	16470	151	208
196.562	16471	154	1408
196.574	16472	155	1408
196.582	16473	152	208
196.584	16474	153	1408
196.597	16476	157	1411
196.606	16477	157	1411
196.614	16478	156	1408
196.621	16479	156	208
196.626	16480	159	1408
196.633	16481	158	1408
196.644	16482	160	1411
196.653	16483	162	1411
196.659	16484	159	208
196.661	16485	161	1408
196.677	16487	151	211
196.682	16488	154	1411
196.69	16489	154	208
196.707	16490	151	1411
196.724	16492	153	1408
196.732	16493	148	1408
196.739	16494	148	208
196.742	16495	149	1408
196.75	16496	149	1408
196.757	16497	149	208
196.764	16498	152	1408
196.775	16499	150	1408
196.783	16500	150	208
196.785	16501	151	1408
196.795	16502	148	211
196.798	16503	149	1408
196.805	16504	149	208
196.808	16505	150	1408
196.813	16506	148	1408
196.821	16507	146	208
196.823	16508	148	1408
196.833	16509	150	1408
196.836	16510	145	208
196.839	16511	146	1408
196.851	16512	150	1408
196.858	16513	149	208
196.861	16514	150	1408
196.866	16515	147	1408
196.873	16516	147	208
196.876	16517	148	1408
196.885	16518	149	1411
196.895	16519	151	1408
196.902	16520	150	208
196.905	16521	152	1408
196.915	16522	154	1408
196.926	16523	155	208
196.935	16525	156	1411
196.945	16526	157	1408
196.955	16527	159	208
196.965	16529	159	1408
196.97	16530	156	208
196.985	16533	153	208
196.988	16534	155	1408
197.005	16537	155	1408
197.014	16538	156	1408
197.029	16541	154	1408
197.037	16542	153	208
197.039	16543	154	1408
197.049	16544	156	1408
197.057	16545	155	208
197.059	16546	157	1408
197.068	16547	158	1408
197.074	16548	154	208
197.077	16549	156	1408
197.081	16550	153	1408
197.089	16551	152	208
197.092	16552	154	1408
197.101	16553	154	1408
197.109	16554	154	208
197.112	16555	156	1408
197.121	16556	157	1408
197.124	16557	152	208
197.129	16558	156	1408
197.138	16559	157	1408
197.144	16560	154	1411
197.154	16561	156	208
197.162	16563	154	1408
197.169	16564	153	1411
197.173	16565	149	208
197.175	16566	150	1408
197.184	16567	149	1411
197.194	16568	150	1411
197.203	16569	152	1408
197.213	16570	154	1411
197.221	16571	154	211
197.221	16572	153	208
197.223	16573	155	1408
197.229	16574	154	1408
197.236	16575	154	211
197.238	16576	156	1411
197.241	16577	153	208
197.244	16578	154	1408
197.251	16579	154	1408
197.258	16580	156	208
197.266	16582	156	1408
197.284	16585	157	1408
197.287	16586	154	208
197.294	16588	152	1408
197.313	16591	152	1408
197.319	16592	148	208
197.324	16593	150	1408
197.336	16594	152	1408
197.346	16595	151	208
197.349	16596	152	1408
197.361	16597	153	1408
197.371	16598	152	1411
197.386	16599	156	208
197.388	16600	156	1408
197.398	16601	155	1408
197.41	16602	157	208
197.413	16603	158	1408
197.422	16604	157	1408
197.43	16605	157	208
197.433	16606	157	1408
197.44	16607	156	1408
197.448	16608	156	208
197.45	16609	157	1408
197.455	16610	155	1408
197.465	16611	156	208
197.468	16612	157	1408
197.475	16613	157	1411
197.485	16614	158	1408
197.492	16616	156	1411
197.501	16617	157	1411
197.507	16618	154	208
197.509	16619	156	1408
197.517	16620	155	1408
197.524	16621	154	211
197.526	16622	155	1411
197.534	16623	155	208
197.539	16624	159	1408
197.544	16625	156	1408
197.547	16626	150	208
197.552	16627	154	1408
197.562	16628	156	1408
197.57	16629	155	208
197.572	16630	157	1408
197.582	16631	157	1408
197.587	16632	155	208
197.61	16637	150	1408
197.618	16638	151	208
197.628	16640	151	1408
197.631	16641	145	208
197.633	16642	147	1408
197.638	16643	143	1408
197.64	16644	138	208
197.643	16645	139	1408
197.647	16646	135	1408
197.65	16647	130	208
197.653	16648	131	1408
197.655	16649	125	1408
197.743	16650	51	211
197.745	16651	53	1411
197.752	16652	54	1411
197.758	16653	52	211
197.76	16654	53	1411
197.768	16655	53	1411
197.846	16656	50	208
197.849	16657	52	1408
197.857	16658	52	1408
197.862	16659	50	208
197.865	16660	52	1408
197.874	16661	52	1408
197.946	16662	51	208
197.951	16663	55	1408
197.961	16664	56	1408
197.966	16665	54	208
197.969	16666	55	1408
197.978	16667	57	1408
197.986	16668	56	208
197.991	16669	60	1408
197.999	16670	59	1408
198.006	16671	59	208
198.014	16672	65	1408
198.026	16673	68	1408
198.034	16674	68	208
198.036	16675	69	1408
198.046	16676	71	1408
198.054	16677	71	208
198.056	16678	71	1408
198.065	16679	73	1408
198.076	16680	75	208
198.078	16681	77	1408
198.088	16682	79	1408
198.096	16683	77	208
198.101	16684	81	1408
198.113	16685	86	1408
198.121	16686	85	208
198.123	16687	87	1408
198.133	16688	87	1408
198.141	16689	87	208
198.145	16690	91	1408
198.153	16691	91	1408
198.163	16692	92	208
198.166	16693	93	1408
198.176	16694	95	1408
198.181	16695	92	208
198.183	16696	94	1408
198.195	16697	98	1408
198.203	16698	97	208
198.206	16699	98	1408
198.215	16700	100	1408
198.221	16701	97	208
198.225	16702	101	1408
198.235	16703	102	1408
198.243	16704	102	208
198.245	16705	103	1408
198.255	16706	104	1408
198.261	16707	102	208
198.265	16708	105	1408
198.272	16709	104	1408
198.281	16710	104	208
198.283	16711	105	1408
198.292	16712	107	1408
198.303	16713	108	208
198.305	16714	110	1408
198.315	16715	112	1408
198.325	16716	114	208
198.327	16717	115	1408
198.34	16718	118	1408
198.348	16719	118	208
198.35	16720	120	1408
198.36	16721	121	1408
198.37	16722	124	208
198.372	16723	124	1408
198.382	16724	126	1408
198.39	16725	125	208
198.392	16726	127	1408
198.405	16727	131	1408
198.41	16728	128	208
198.413	16729	129	1408
198.422	16730	131	1408
198.43	16731	131	208
198.437	16732	136	1408
198.444	16733	135	1408
198.45	16734	133	208
198.457	16735	139	1408
198.462	16736	135	1408
198.47	16737	135	208
198.472	16738	136	1408
198.482	16739	137	1408
198.492	16740	139	208
198.495	16741	140	1408
198.504	16742	141	1408
198.51	16743	138	208
198.514	16744	142	1408
198.525	16745	144	1408
198.535	16746	145	208
198.537	16747	146	1408
198.547	16748	148	1408
198.554	16749	147	208
198.557	16750	148	1408
198.567	16751	150	1408
198.574	16752	149	208
198.577	16753	150	1408
198.587	16754	154	1408
198.594	16755	155	208
198.597	16756	156	1408
198.602	16757	155	1408
198.607	16758	154	208
198.609	16759	155	1408
198.615	16760	153	1408
198.622	16761	154	208
198.63	16763	154	1408
198.633	16764	150	208
198.64	16766	150	1408
198.645	16767	149	208
198.648	16768	150	1408
198.653	16769	148	1408
198.661	16770	150	208
198.663	16771	152	1408
198.671	16773	146	208
198.686	16775	148	1408
198.698	16776	149	208
198.701	16777	150	1408
198.713	16778	152	1408
198.724	16779	151	208
198.734	16781	148	1408
198.746	16782	150	208
198.751	16783	152	1408
198.761	16784	151	1408
198.771	16785	151	208
198.776	16786	154	1408
198.788	16787	155	1408
198.794	16788	152	208
198.796	16789	153	1408
198.806	16790	154	1408
198.811	16791	152	208
198.814	16792	153	1408
198.821	16793	151	1408
198.828	16794	151	208
198.831	16795	152	1408
198.841	16796	153	1411
198.85	16797	155	1411
198.858	16798	154	1408
198.865	16799	153	208
198.867	16800	154	1408
198.875	16801	153	1408
198.887	16802	156	1411
198.894	16803	155	1411
198.904	16804	156	208
198.911	16805	161	1408
198.922	16806	158	1408
198.93	16807	155	208
198.941	16808	157	1411
198.953	16809	157	1408
198.963	16810	159	1408
198.969	16811	156	208
198.973	16812	160	1408
198.981	16813	159	1408
198.987	16814	156	208
199.002	16817	154	208
199.012	16819	153	1408
199.018	16820	151	208
199.02	16821	152	1408
199.032	16823	148	208
199.035	16824	149	1408
199.05	16826	148	208
199.06	16828	149	1408
199.068	16829	147	208
199.07	16830	149	1408
199.078	16831	149	1408
199.083	16832	146	208
199.088	16833	148	1408
199.095	16834	148	1408
199.103	16835	148	208
199.106	16836	148	1408
199.115	16837	150	1408
199.123	16838	150	208
199.126	16839	151	1408
199.133	16840	150	1408
199.141	16841	149	208
199.143	16842	150	1408
199.151	16843	149	1408
199.158	16844	149	208
199.161	16845	150	1408
199.171	16846	151	1408
199.179	16847	151	208
199.181	16848	153	1408
199.188	16849	152	1408
199.196	16850	151	208
199.199	16851	152	1408
199.21	16852	156	1411
199.22	16853	157	1411
199.235	16855	155	1408
199.247	16856	158	1411
199.254	16857	158	208
199.257	16858	156	1411
199.267	16859	156	1411
199.276	16860	158	1408
199.286	16861	159	1408
199.294	16862	158	208
199.296	16863	160	1408
199.306	16864	161	1408
199.311	16865	159	208
199.326	16867	163	1408
199.329	16868	159	208
199.331	16869	159	1408
199.341	16870	160	1408
199.344	16871	156	208
199.349	16872	159	1408
199.354	16873	155	1408
199.359	16874	152	208
199.361	16875	154	1408
199.373	16876	157	1408
199.379	16877	154	208
199.388	16879	154	1408
199.394	16880	151	208
199.396	16881	153	1408
199.406	16882	154	1408
199.412	16883	151	208
199.416	16884	155	1408
199.423	16885	156	1408
199.426	16886	151	208
199.428	16887	153	1408
199.436	16888	153	1408
199.445	16889	157	1411
199.455	16891	159	1408
199.462	16892	159	1408
199.466	16893	156	208
199.473	16895	155	1408
199.478	16896	154	208
199.481	16897	155	1408
199.487	16898	156	1408
199.495	16899	157	208
199.497	16900	158	1408
199.506	16902	153	208
199.51	16903	157	1408
199.54	16906	154	208
199.545	16907	157	1408
199.553	16908	154	1408
199.565	16910	153	1408
199.577	16911	154	1408
199.59	16912	156	208
199.592	16913	157	1408
199.604	16914	157	1411
199.616	16915	158	1408
199.626	16916	157	208
199.628	16917	158	1408
199.636	16918	158	1408
199.644	16919	158	208
199.646	16920	159	1408
199.654	16921	157	1408
199.662	16922	157	208
199.662	16923	157	211
199.664	16924	157	1408
199.667	16925	151	1408
199.675	16926	151	1411
199.682	16927	150	208
199.685	16928	151	1408
199.695	16929	153	1408
199.7	16930	151	208
199.703	16931	151	1408
199.708	16932	148	1411
199.713	16933	145	1408
199.721	16934	144	208
199.725	16935	148	1408
199.73	16936	145	1408
199.74	16937	146	1411
199.75	16938	147	1411
199.756	16939	145	208
199.763	16940	150	1408
199.763	16941	143	211
199.768	16942	147	1408
199.781	16943	151	208
199.783	16944	151	1408
199.793	16945	153	1408
199.798	16946	151	208
199.801	16947	151	1408
199.809	16948	152	1408
199.817	16949	151	208
199.819	16950	152	1408
199.827	16951	151	1408
199.834	16952	151	208
199.837	16953	152	1408
199.842	16954	148	1408
199.847	16955	145	208
199.85	16956	146	1408
199.859	16957	147	1408
199.867	16958	147	208
199.872	16959	150	1408
199.883	16960	153	1408
199.887	16961	148	208
199.898	16963	150	1408
199.906	16964	149	208
199.909	16965	150	1408
199.918	16966	152	1408
199.926	16967	150	208
199.928	16968	151	1408
199.938	16969	152	1408
199.943	16970	150	208
199.948	16971	152	1408
199.956	16972	152	1408
199.965	16973	153	208
199.967	16974	154	1408
199.977	16975	156	1408
199.985	16976	154	208
199.987	16977	156	1408
200	16978	159	1408
200.009	16980	159	1408
200.017	16981	158	1408
200.027	16982	159	208
200.029	16983	161	1408
200.034	16984	156	1408
200.039	16985	154	208
200.044	16986	158	1408
200.056	16987	161	1408
200.062	16988	158	208
200.079	16991	158	208
200.081	16992	159	1408
200.089	16993	158	1408
200.096	16994	157	208
200.099	16995	158	1408
200.106	16996	157	1411
200.121	16998	155	208
200.123	16999	157	1408
200.131	17000	156	1408
200.138	17001	155	208
200.141	17002	156	1408
200.146	17003	153	1408
200.163	17005	160	1408
200.171	17007	152	208
200.178	17008	158	1408
200.185	17009	156	1408
200.188	17010	151	208
200.19	17011	152	1408
200.2	17012	150	1408
200.205	17013	146	211
200.208	17014	147	208
200.21	17015	149	1408
200.218	17016	148	1408
200.223	17017	144	208
200.225	17018	146	1408
200.233	17019	145	1408
200.238	17020	142	208
200.24	17021	143	1408
200.247	17022	141	1408
200.253	17023	138	208
200.265	17024	136	1411
200.27	17025	134	1411
200.278	17026	135	1408
200.282	17027	134	1408
200.287	17028	132	208
200.29	17029	133	1408
200.297	17030	134	1408
200.302	17031	133	208
200.305	17032	134	1408
200.31	17033	133	1411
200.315	17034	130	1408
200.32	17035	129	208
200.322	17036	130	1408
200.33	17037	131	1408
200.333	17038	128	208
200.335	17039	130	1408
200.343	17040	130	211
200.345	17041	131	1408
200.353	17042	132	208
200.355	17043	133	1411
200.365	17044	137	1408
200.369	17045	135	1408
200.38	17046	134	208
200.384	17047	137	1408
200.392	17048	134	1408
200.4	17049	131	208
200.405	17050	134	1408
200.414	17051	132	1408
200.42	17052	127	208
200.425	17053	130	1408
200.434	17054	129	1408
200.437	17055	121	208
200.442	17056	123	1408
200.452	17057	122	1408
200.457	17058	117	208
200.46	17059	118	1408
200.467	17060	116	1408
200.47	17061	111	208
200.472	17062	113	1408
200.479	17063	111	1408
200.485	17064	108	208
200.487	17065	109	1408
200.495	17066	109	1408
200.502	17067	108	208
200.504	17068	109	1408
200.514	17069	111	1408
200.522	17070	111	208
200.524	17071	112	1408
200.532	17072	111	1408
200.54	17073	111	208
200.542	17074	113	1408
200.552	17075	114	1408
200.56	17076	114	208
200.562	17077	115	1408
200.572	17078	117	1408
200.577	17079	115	208
200.582	17080	119	1408
200.589	17081	118	1408
200.6	17082	121	208
200.602	17083	121	1408
200.611	17084	124	1408
200.619	17085	124	208
200.622	17086	125	1408
200.631	17087	127	1408
200.637	17088	125	208
200.642	17089	128	1408
200.651	17090	130	1408
200.659	17091	131	208
200.662	17092	131	1408
200.671	17093	134	1408
200.679	17094	134	208
200.682	17095	135	1408
200.689	17096	134	1408
200.697	17097	134	208
200.699	17098	136	1408
200.711	17099	140	1408
200.719	17100	141	208
200.721	17101	141	1408
200.731	17102	144	1408
200.737	17103	141	208
200.739	17104	143	1408
200.748	17105	144	1408
200.757	17106	144	208
200.761	17107	148	1408
200.771	17108	149	1408
200.779	17109	149	208
200.781	17110	151	1408
200.789	17111	151	1408
200.796	17112	151	208
200.798	17113	152	1408
200.808	17114	154	1408
200.816	17115	154	208
200.826	17117	155	1408
200.841	17120	153	1408
200.847	17121	151	208
200.849	17122	153	1408
200.854	17123	150	1408
200.864	17124	152	208
200.867	17125	153	1408
200.874	17126	152	1408
200.879	17127	150	208
200.882	17128	152	1408
200.892	17129	153	1408
200.892	17130	147	208
200.895	17131	148	1408
200.914	17134	151	1408
200.922	17135	150	1408
200.93	17136	150	208
200.932	17137	152	1408
200.942	17138	153	1408
200.945	17139	149	208
200.949	17140	152	1408
200.957	17141	153	1408
200.963	17142	150	208
200.975	17144	153	1408
200.98	17145	150	208
200.984	17146	154	1408
200.992	17147	154	1408
200.995	17148	149	208
201	17149	152	1408
201.007	17150	152	1408
201.013	17151	150	208
201.022	17153	151	1408
201.029	17154	150	1411
201.042	17155	150	211
201.044	17156	152	1411
201.052	17157	153	208
201.055	17158	153	1408
201.061	17159	153	1408
201.071	17160	155	208
201.076	17161	159	1408
201.084	17162	158	1408
201.089	17163	156	208
201.099	17165	156	1408
201.104	17166	155	208
201.117	17168	152	1411
201.127	17169	155	211
201.129	17170	156	1408
201.134	17171	154	208
201.139	17172	156	1408
201.144	17173	153	1408
201.15	17174	152	208
201.154	17175	155	1408
201.16	17176	152	1408
201.177	17178	152	1411
201.184	17179	154	1408
201.189	17180	153	1408
201.195	17181	152	208
201.202	17183	152	1408
201.208	17184	151	208
201.21	17185	152	1408
201.213	17186	149	1408
201.223	17187	150	1411
201.23	17188	148	208
201.24	17190	146	1408
201.251	17191	146	208
201.256	17192	149	1408
201.268	17193	151	1408
201.275	17194	149	208
201.288	17196	149	1408
201.3	17197	151	1411
201.315	17199	153	1408
201.327	17200	155	1411
201.335	17201	153	1408
201.343	17202	153	208
201.345	17203	154	1408
201.354	17204	156	1408
201.362	17205	156	208
201.374	17207	159	1408
201.381	17208	159	208
201.389	17210	157	211
201.393	17211	161	1408
201.403	17213	162	1408
201.413	17214	163	1408
201.422	17215	164	1411
201.427	17216	162	208
201.443	17220	159	1408
201.45	17221	159	1411
201.457	17222	159	1408
201.463	17223	156	208
201.47	17224	162	1408
201.484	17226	161	208
201.487	17227	162	1408
201.494	17228	162	1408
201.501	17229	162	1411
201.511	17231	163	1408
201.522	17234	157	211
201.536	17237	153	208
201.545	17239	155	1408
201.562	17242	155	1408
201.568	17243	152	208
201.575	17245	150	1411
201.585	17246	152	1408
201.592	17247	153	1411
201.595	17248	148	208
201.598	17249	149	1408
201.605	17250	149	211
201.608	17251	150	1408
201.613	17252	148	208
201.618	17253	151	1408
201.623	17254	149	1408
201.635	17255	153	208
201.637	17256	154	1408
201.643	17257	151	1408
201.654	17258	156	1411
201.662	17259	156	1411
201.667	17260	153	211
201.668	17261	152	208
201.67	17262	154	1408
201.678	17263	153	1408
201.685	17264	153	208
201.688	17265	154	1408
201.71	17268	154	208
201.713	17269	155	1408
201.725	17271	158	1408
201.732	17272	158	1411
201.74	17274	156	208
201.764	17278	156	1411
201.772	17279	156	211
201.78	17281	156	1408
201.785	17282	153	1411
201.795	17283	154	208
201.8	17284	158	1408
201.815	17287	156	1408
201.822	17288	157	1408
201.827	17289	154	208
201.842	17292	152	208
201.845	17293	153	1408
201.854	17295	146	208
201.858	17296	150	1408
201.867	17297	152	1408
201.872	17298	149	208
201.875	17299	151	1408
201.885	17300	152	1408
201.905	17303	155	1408
201.915	17305	156	1408
201.933	17308	151	211
201.937	17309	155	1408
201.949	17312	157	1408
201.959	17313	158	1408
201.969	17314	161	208
201.979	17317	156	1411
201.984	17318	155	1411
201.992	17319	156	1411
202.003	17320	161	1408
202.009	17322	159	1408
202.018	17323	162	1408
202.019	17324	157	208
202.022	17325	159	1408
202.03	17327	154	211
202.035	17329	153	208
202.038	17330	154	1408
202.045	17331	155	1408
202.049	17332	154	1411
202.057	17333	155	1411
202.067	17335	152	208
202.075	17337	153	1408
202.08	17338	148	208
202.087	17339	154	1408
202.103	17341	149	208
202.105	17343	148	1411
202.115	17345	146	1408
202.13	17346	151	1408
202.142	17347	153	1411
202.153	17348	152	1411
202.161	17349	150	211
202.166	17352	150	1408
202.176	17353	150	1408
202.188	17354	154	1411
202.195	17355	153	1411
202.2	17356	152	208
202.205	17357	155	1408
202.212	17358	155	1408
202.218	17359	153	211
202.219	17360	152	208
202.226	17362	150	1408
202.242	17363	158	1411
202.255	17365	156	208
202.259	17366	159	1408
202.267	17367	159	1408
202.272	17368	157	208
202.286	17370	162	1411
202.293	17371	161	1411
202.303	17372	162	1408
202.304	17373	157	208
202.316	17375	159	1411
202.321	17376	157	211
202.321	17377	156	211
202.326	17378	160	1408
202.334	17379	160	208
202.342	17381	158	1408
202.349	17383	157	1408
202.358	17384	158	1408
202.366	17385	157	208
202.374	17387	157	211
202.378	17389	159	1408
202.396	17393	153	208
202.401	17394	156	1408
202.414	17396	153	208
202.418	17397	157	1408
202.437	17399	160	1411
202.438	17400	154	208
202.443	17401	158	1408
202.451	17402	157	1408
202.46	17404	158	1408
202.465	17405	155	1411
202.471	17406	153	1408
202.476	17407	151	208
202.481	17408	154	1408
202.488	17409	154	1408
202.496	17410	154	1411
202.504	17411	153	208
202.506	17412	154	1408
202.521	17414	153	1411
202.526	17415	151	208
202.531	17416	154	1408
202.536	17417	152	1408
202.541	17418	149	208
202.546	17419	153	1411
202.553	17420	153	211
202.556	17421	154	1408
202.563	17422	153	1408
202.569	17423	151	208
202.574	17424	155	1408
202.581	17425	154	1411
202.586	17426	153	211
202.596	17428	154	208
202.599	17429	154	1408
202.61	17432	150	1411
202.62	17433	151	1411
202.629	17434	153	1408
202.632	17435	147	208
202.635	17436	149	1408
202.642	17437	149	1411
202.653	17438	153	1408
202.657	17439	148	208
202.659	17440	150	1408
202.666	17441	149	211
202.669	17442	150	1408
202.679	17443	152	208
202.681	17444	154	1408
202.689	17445	153	1408
202.701	17447	156	1408
202.712	17448	161	1408
202.721	17449	161	208
202.723	17450	162	1408
202.732	17451	164	1408
202.737	17452	161	1411
202.743	17453	158	208
202.747	17454	162	1408
202.754	17455	161	1408
202.76	17456	159	208
202.762	17457	160	1408
202.77	17458	160	1408
202.773	17459	155	208
202.776	17460	157	1408
202.783	17461	156	1408
202.79	17462	156	208
202.793	17463	158	1408
202.802	17464	159	1408
202.81	17465	159	1411
202.815	17466	156	208
202.817	17467	157	1408
202.82	17468	152	211
202.825	17469	156	1411
202.832	17470	157	1408
202.837	17471	155	208
202.842	17473	154	1408
202.847	17474	153	208
202.852	17475	156	1408
202.869	17479	155	1408
202.882	17482	154	1408
202.887	17483	153	208
202.892	17484	157	1408
202.899	17485	158	1408
202.905	17486	157	208
202.908	17488	153	211
202.933	17490	141	208
202.94	17491	143	1408
202.953	17492	144	1408
202.96	17493	141	208
202.965	17494	145	1408
202.975	17495	143	1408
202.985	17496	142	208
202.988	17497	143	1408
203.005	17498	149	1408
203.015	17499	148	208
203.017	17500	148	1408
203.03	17501	153	1408
203.035	17502	151	208
203.038	17503	152	1408
203.049	17504	156	1411
203.058	17505	157	1408
203.071	17507	160	1408
203.078	17508	160	1408
203.095	17510	160	211
203.097	17511	162	1411
203.105	17512	162	211
203.107	17513	163	1411
203.115	17514	162	208
203.129	17516	166	1411
203.136	17517	166	1408
203.148	17519	169	1408
203.153	17520	166	1411
203.161	17521	166	1408
203.168	17522	165	208
203.176	17524	163	1408
203.181	17525	161	208
203.184	17526	162	1408
203.189	17527	160	1408
203.201	17530	155	1408
203.209	17531	155	208
203.212	17532	156	1408
203.217	17533	154	1408
203.223	17534	151	208
203.236	17537	147	208
203.245	17539	148	1408
203.252	17540	147	208
203.26	17542	146	1408
203.264	17543	141	211
203.277	17546	143	1408
203.287	17547	145	208
203.289	17548	147	1408
203.297	17549	146	1411
203.304	17550	145	1408
203.312	17551	145	208
203.315	17552	147	1408
203.325	17553	146	1411
203.332	17554	147	1408
203.34	17555	147	208
203.343	17556	147	1408
203.346	17557	142	211
203.351	17558	146	1408
203.358	17559	145	208
203.363	17560	149	1408
203.374	17561	153	1408
203.384	17562	155	1411
203.392	17563	155	208
203.407	17566	153	211
203.412	17567	156	1411
203.417	17568	154	208
203.422	17569	157	1408
203.437	17571	157	208
203.444	17573	155	1411
203.454	17574	157	1411
203.462	17575	157	1411
203.479	17577	157	1408
203.488	17578	159	211
203.491	17579	160	1411
203.496	17580	157	208
203.498	17581	159	1408
203.503	17582	156	1408
203.516	17584	159	1408
203.523	17585	157	1408
203.529	17586	156	208
203.539	17588	156	1408
203.544	17589	154	208
203.556	17591	157	1408
203.562	17592	154	208
203.564	17593	155	1408
203.581	17595	157	208
203.596	17598	154	208
203.605	17600	155	1408
203.615	17601	157	1411
203.623	17602	157	1411
203.628	17603	154	208
203.633	17604	157	1408
203.642	17605	158	1408
203.649	17606	158	1411
203.659	17607	159	1411
203.669	17608	162	208
203.679	17610	164	1408
203.684	17611	163	208
203.702	17615	160	208
203.706	17617	158	1408
203.714	17619	159	1408
203.724	17620	157	211
203.726	17621	160	1408
203.732	17622	158	208
203.745	17625	151	1408
203.75	17626	150	208
203.763	17628	147	1408
203.776	17629	148	1408
203.794	17631	145	1411
203.804	17632	144	1411
203.816	17633	147	1411
203.824	17634	144	208
203.826	17635	145	1408
203.837	17636	144	1408
203.848	17637	144	208
203.852	17638	148	1408
203.864	17639	149	1408
203.872	17640	149	208
203.884	17642	151	1411
203.897	17644	148	208
203.9	17645	150	1408
203.91	17646	152	1411
203.915	17647	150	1411
203.932	17649	150	1411
203.94	17650	150	211
203.945	17651	154	1408
203.954	17652	155	1411
203.963	17653	157	1411
203.973	17654	159	1411
203.983	17655	160	208
203.985	17656	161	1408
203.994	17657	163	1408
203.998	17658	158	208
204.001	17659	160	1408
204.008	17660	159	1411
204.02	17661	163	1408
204.027	17662	163	208
204.037	17664	164	1408
204.043	17666	160	1408
204.055	17667	164	1408
204.062	17669	162	1408
204.071	17671	155	208
204.073	17672	156	1408
204.08	17673	155	1408
204.082	17674	148	208
204.1	17677	149	1411
204.109	17678	150	1408
204.112	17679	145	208
204.116	17680	149	1408
204.121	17681	146	1408
204.131	17682	147	1411
204.137	17683	145	208
204.139	17684	147	1408
204.151	17685	150	1408
204.159	17686	150	208
204.161	17687	151	1408
204.172	17689	146	208
204.174	17690	148	1408
204.186	17691	152	1408
204.194	17692	152	208
204.197	17693	153	1408
204.206	17694	155	1408
204.212	17695	152	208
204.214	17696	153	1408
204.223	17697	155	1408
204.242	17700	154	1411
204.247	17701	152	211
204.249	17702	153	1408
204.257	17703	152	208
204.268	17706	154	1408
204.281	17707	158	1411
204.288	17708	157	208
204.29	17709	159	1408
204.298	17710	158	1408
204.305	17711	158	208
204.308	17712	159	1408
204.317	17713	160	1411
204.324	17714	160	1411
204.334	17715	161	1408
204.341	17716	161	208
204.344	17717	163	1408
204.353	17718	164	1408
204.359	17719	161	208
204.362	17720	163	1408
204.375	17722	160	208
204.382	17724	159	1411
204.392	17725	160	1408
204.399	17726	159	208
204.401	17727	161	1408
204.412	17729	155	208
204.414	17730	156	1408
204.422	17731	156	1408
204.427	17732	153	208
204.429	17733	154	1408
204.44	17735	148	208
204.44	17736	148	211
204.445	17737	151	1411
204.452	17738	151	1408
204.459	17739	150	1408
204.469	17740	152	208
204.478	17742	151	211
204.482	17743	155	1408
204.487	17744	152	1408
204.493	17745	149	208
204.495	17746	151	1408
204.506	17748	148	208
204.515	17750	151	1408
204.518	17751	148	208
204.52	17752	149	1408
204.53	17753	152	1408
204.536	17754	151	208
204.545	17756	151	1408
204.553	17757	150	208
204.576	17760	151	1411
204.585	17761	152	1411
204.593	17762	154	208
204.602	17764	157	1408
204.626	17767	157	1411
204.638	17768	159	1408
204.648	17769	159	208
204.653	17770	162	1411
204.665	17771	164	1408
204.677	17772	165	1408
204.687	17773	164	208
204.702	17775	166	1411
204.711	17776	165	1408
204.723	17778	168	1408
204.74	17780	168	1411
204.749	17782	162	208
204.758	17784	162	1411
204.768	17785	163	1408
204.775	17786	163	208
204.785	17788	163	1408
204.788	17789	158	1411
204.799	17790	162	1411
204.803	17791	158	208
204.811	17793	156	1411
204.818	17794	155	1408
204.826	17795	155	208
204.827	17797	148	211
204.829	17798	149	1411
204.845	17800	148	208
204.847	17801	150	1408
204.859	17803	145	208
204.872	17806	141	208
204.885	17809	137	208
204.897	17811	141	1411
204.906	17812	142	1408
204.91	17813	137	208
204.91	17814	137	211
204.913	17815	137	1408
204.93	17816	139	1411
204.939	17817	142	1408
204.949	17818	144	1411
204.961	17819	147	1411
204.969	17820	148	208
204.971	17821	148	1408
204.983	17822	152	1408
204.994	17823	155	1411
205.001	17824	155	208
205.004	17825	155	1408
205.013	17826	157	1408
205.025	17827	161	1411
205.033	17828	161	208
205.035	17829	162	1408
205.043	17830	161	1411
205.05	17831	160	1408
205.059	17832	162	1411
205.065	17833	159	208
205.067	17834	160	1408
205.074	17835	160	1411
205.086	17836	164	1411
205.101	17838	162	1411
205.111	17839	165	1411
205.116	17840	162	1411
205.123	17841	161	1408
205.125	17842	155	208
205.143	17845	155	208
205.152	17847	156	1408
205.16	17849	154	1408
205.167	17850	154	1408
205.173	17851	151	208
205.175	17852	153	1408
205.182	17853	152	1408
205.185	17854	147	208
205.188	17855	148	1408
205.195	17856	147	1408
205.198	17857	142	208
205.2	17858	143	1408
205.22	17859	144	1408
205.238	17860	145	208
205.24	17861	146	1408
205.25	17862	147	1408
205.26	17863	149	208
205.263	17864	150	1408
205.275	17865	153	1408
205.282	17866	152	208
205.287	17867	155	1408
205.293	17868	151	1408
205.302	17869	152	1411
205.309	17870	149	208
205.311	17871	150	1408
205.32	17872	151	1408
205.33	17873	152	208
205.333	17874	153	1408
205.342	17875	153	1408
205.354	17876	157	1411
205.36	17877	154	1411
205.37	17878	157	1411
205.373	17880	152	208
205.375	17881	154	1408
205.382	17882	153	1408
205.392	17884	155	1408
205.402	17885	157	1408
205.407	17886	156	208
205.417	17888	157	1408
205.427	17890	158	1408
205.434	17891	159	1408
205.439	17892	157	208
205.446	17894	156	1408
205.451	17895	154	208
205.454	17896	155	1408
205.464	17897	157	1408
205.471	17898	154	208
205.477	17899	157	1408
205.486	17900	154	1408
205.497	17901	153	208
205.501	17902	156	1408
205.511	17903	153	1408
205.521	17904	151	208
205.523	17905	153	1408
205.535	17906	152	1408
205.545	17907	150	208
205.547	17908	151	1408
205.562	17909	153	1408
205.569	17910	152	208
205.572	17911	153	1408
205.579	17912	152	211
205.582	17913	153	1408
205.589	17914	152	208
205.592	17915	152	1408
205.602	17916	154	211
205.607	17917	157	1408
205.614	17918	155	208
205.617	17919	157	1408
205.629	17920	160	1411
205.636	17921	159	211
205.66	17926	153	1408
205.663	17927	148	208
205.668	17928	151	1408
205.675	17929	149	1408
205.681	17930	146	208
205.686	17931	150	1408
205.691	17932	146	1408
205.696	17933	142	208
205.699	17934	144	1408
205.711	17935	147	1408
205.714	17936	141	208
205.719	17937	145	1408
205.729	17938	144	1408
205.74	17939	145	208
205.742	17940	145	1408
205.765	17942	145	208
205.769	17943	148	1408
205.78	17944	149	1408
205.789	17945	150	208
205.792	17946	151	1408
205.804	17947	155	1408
205.812	17948	153	208
205.829	17951	152	208
205.832	17952	153	1408
205.842	17953	154	1408
205.849	17954	153	208
205.851	17955	154	1408
205.861	17956	155	1408
205.871	17957	156	1411
205.881	17958	156	211
205.883	17959	157	1411
205.893	17960	157	1411
205.898	17961	154	208
205.9	17962	155	1408
205.912	17963	158	1408
205.92	17964	157	208
205.923	17965	158	1408
205.935	17966	161	1408
205.94	17967	157	208
205.943	17968	159	1408
205.955	17969	162	1408
205.958	17970	156	208
205.963	17971	160	1408
205.97	17972	158	1408
205.98	17973	159	1411
205.985	17974	156	208
205.988	17975	156	1408
205.993	17976	154	1408
205.996	17977	148	208
206.006	17978	155	1408
206.013	17979	153	1408
206.021	17980	152	208
206.029	17982	150	1408
206.039	17983	151	1411
206.046	17984	149	1411
206.056	17985	151	208
206.066	17987	151	1408
206.071	17988	147	208
206.074	17989	148	1408
206.086	17990	151	1408
206.096	17991	153	208
206.098	17992	154	1408
206.108	17993	155	1408
206.113	17994	151	208
206.118	17995	154	1408
206.128	17996	154	1408
206.136	17997	154	208
206.14	17998	157	1408
206.15	17999	158	1408
206.16	18000	159	208
206.17	18002	158	1408
206.179	18003	159	208
206.182	18004	160	1408
206.192	18005	161	1408
206.2	18006	160	208
206.209	18008	161	1408
206.216	18009	162	208
206.226	18011	162	1408
206.231	18012	161	208
206.239	18014	160	1411
206.244	18015	158	1408
206.251	18016	159	208
206.254	18017	160	1408
206.274	18021	157	1411
206.283	18022	159	1408
206.292	18024	161	1408
206.308	18026	159	208
206.31	18027	161	1408
206.322	18028	161	1408
206.328	18029	154	208
206.342	18031	155	1408
206.351	18032	151	208
206.353	18033	153	1408
206.368	18034	155	1408
206.38	18035	156	1411
206.388	18036	152	208
206.393	18037	154	1408
206.403	18038	152	1408
206.418	18040	150	208
206.429	18042	150	1411
206.44	18043	153	1408
206.448	18044	151	1411
206.457	18045	152	208
206.462	18046	156	1408
206.47	18047	155	1408
206.484	18048	159	1411
206.497	18051	154	211
206.498	18052	153	208
206.501	18053	154	1408
206.506	18054	151	1408
206.516	18055	151	1411
206.526	18057	152	1408
206.536	18058	152	1408
206.545	18059	153	1411
206.553	18060	151	208
206.558	18061	155	1408
206.568	18063	148	208
206.571	18064	149	1408
206.581	18065	150	1408
206.586	18066	146	208
206.588	18067	147	1408
206.599	18068	149	1408
206.606	18069	148	208
206.611	18070	150	1408
206.621	18071	152	1411
206.633	18072	154	1408
206.643	18073	155	1411
206.662	18076	156	1408
206.668	18077	152	208
206.673	18078	156	1408
206.678	18079	152	1408
206.688	18080	153	208
206.693	18081	157	1408
206.698	18082	154	1408
206.708	18083	155	211
206.711	18084	156	1411
206.718	18085	154	208
206.732	18087	158	1408
206.737	18088	154	211
206.744	18090	159	1408
206.755	18092	152	208
206.757	18093	153	1408
206.763	18094	149	1408
206.774	18095	152	1411
206.782	18096	151	208
206.785	18097	152	1408
206.792	18098	151	1408
206.8	18099	149	208
206.807	18100	154	1408
206.814	18101	153	1408
206.824	18102	154	208
206.826	18103	155	1408
206.836	18104	156	1408
206.844	18105	155	208
206.846	18106	156	1408
206.854	18107	154	1408
206.861	18108	153	208
206.864	18109	154	1408
206.872	18110	154	211
206.877	18111	156	1411
206.881	18112	153	1408
206.887	18113	150	208
206.897	18114	157	1408
206.906	18115	157	1408
206.914	18116	156	208
206.922	18118	154	1408
206.93	18119	153	208
206.932	18120	154	1408
206.94	18121	153	1411
206.947	18122	152	211
206.95	18123	153	1408
206.959	18124	153	1411
206.967	18125	152	208
206.979	18127	155	1408
206.989	18128	155	208
206.991	18129	156	1408
206.999	18130	155	1408
207.007	18131	153	208
207.013	18133	149	1408
207.02	18134	147	208
207.022	18135	149	1408
207.032	18136	150	1408
207.04	18137	149	208
207.06	18141	151	1408
207.065	18142	148	1408
207.073	18143	148	208
207.076	18144	150	1408
207.084	18146	144	208
207.088	18147	148	1408
207.096	18148	148	1408
207.101	18149	147	208
207.111	18151	147	1408
207.121	18152	149	1411
207.128	18153	150	208
207.131	18154	152	1408
207.136	18155	149	1408
207.143	18156	150	208
207.156	18158	154	1408
207.164	18159	151	208
207.167	18160	151	1408
207.177	18161	147	1411
207.189	18162	148	1408
207.199	18163	147	208
207.206	18164	152	1408
207.218	18165	152	1411
207.23	18166	152	1408
207.24	18167	150	208
207.245	18168	152	1408
207.258	18169	153	1408
207.267	18170	152	1411
207.281	18171	157	1411
207.287	18172	154	211
207.294	18173	159	1411
207.302	18174	157	208
207.304	18175	159	1408
207.316	18176	161	1408
207.326	18177	163	1411
207.334	18178	161	208
207.336	18179	162	1408
207.349	18181	157	208
207.354	18182	161	1408
207.363	18183	162	1408
207.371	18184	160	1411
207.378	18185	159	208
207.381	18186	160	1408
207.388	18187	159	1408
207.395	18188	157	208
207.398	18189	157	1408
207.413	18191	156	208
207.416	18192	156	1408
207.421	18193	153	1408
207.431	18194	153	208
207.433	18195	154	1408
207.441	18196	153	1408
207.448	18197	152	208
207.451	18198	153	1408
207.458	18199	152	1408
207.466	18200	151	208
207.471	18201	154	1408
207.48	18202	155	1408
207.486	18203	152	208
207.491	18204	154	1408
207.498	18205	153	1408
207.508	18206	154	208
207.51	18207	155	1408
207.52	18208	155	1408
207.528	18209	155	208
207.535	18211	152	1408
207.546	18212	154	208
207.556	18214	153	1411
207.568	18215	156	1408
207.573	18216	153	208
207.585	18218	155	1408
207.593	18219	154	208
207.596	18220	155	1408
207.601	18221	151	1408
207.609	18222	150	208
207.613	18223	153	1408
207.62	18224	151	1411
207.628	18225	151	1408
207.636	18226	149	208
207.641	18227	152	1408
207.648	18228	151	1408
207.658	18229	152	208
207.67	18231	154	1408
207.681	18232	155	208
207.683	18233	157	1408
207.688	18234	153	1408
207.696	18235	152	208
207.698	18236	152	1408
207.709	18237	153	1408
207.712	18238	147	208
207.721	18240	147	1408
207.731	18241	148	208
207.738	18242	153	1411
207.746	18243	151	1408
207.756	18244	152	1408
207.774	18246	152	208
207.783	18248	151	1408
207.795	18249	155	1411
207.803	18250	153	208
207.807	18251	157	1408
207.819	18252	160	1408
207.827	18253	157	208
207.83	18254	159	1408
207.841	18255	162	1408
207.849	18256	161	208
207.859	18258	160	1408
207.867	18259	159	208
207.871	18260	162	1408
207.881	18261	162	1408
207.889	18262	161	1411
207.894	18263	157	208
207.904	18265	157	1408
207.909	18266	156	208
207.912	18267	157	1408
207.926	18269	157	208
207.931	18271	154	1411
207.941	18272	157	1408
207.947	18273	154	208
207.954	18275	154	1408
207.964	18277	155	1408
207.979	18278	155	1411
207.982	18279	149	1411
207.992	18280	152	1408
207.999	18281	153	208
208.001	18282	153	1408
208.014	18283	154	1408
208.022	18284	150	208
208.025	18285	150	1408
208.035	18286	148	1408
208.04	18287	141	208
208.105	18288	54	1411
208.116	18289	52	1411
208.127	18290	53	1411
208.138	18291	53	1411
208.146	18292	53	1411
208.206	18293	50	211
208.219	18294	52	1408
208.231	18295	54	1408
208.239	18296	52	208
208.242	18297	53	1408
208.251	18298	54	1408
208.306	18299	51	208
208.309	18300	53	1408
208.319	18301	54	1408
208.327	18302	53	208
208.332	18303	56	1408
208.341	18304	57	1408
208.352	18305	58	208
208.354	18306	59	1408
208.369	18307	64	1408
208.379	18308	66	208
208.382	18309	67	1408
208.394	18310	70	1408
208.404	18311	72	208
208.409	18312	75	1408
208.419	18313	77	1408
208.429	18314	77	208
208.434	18315	80	1408
208.444	18316	81	1408
208.449	18317	80	208
208.454	18318	83	1408
208.464	18319	86	1408
208.472	18320	86	208
208.476	18321	90	1408
208.484	18322	90	1408
208.491	18323	91	208
208.494	18324	92	1408
208.502	18325	93	1408
208.509	18326	92	208
208.513	18327	96	1408
208.521	18328	97	1408
208.529	18329	97	208
208.531	18330	99	1408
208.541	18331	101	1408
208.551	18332	104	208
208.553	18333	105	1408
208.561	18334	105	1408
208.569	18335	107	208
208.574	18336	109	1408
208.586	18337	109	1408
208.601	18338	112	208
208.605	18339	115	1408
208.618	18340	116	1408
208.633	18341	119	208
208.636	18342	119	1408
208.648	18343	120	1408
208.666	18344	125	208
208.668	18345	126	1408
208.681	18346	127	1408
208.693	18347	128	208
208.698	18348	131	1408
208.708	18349	131	1408
208.719	18350	133	208
208.723	18351	137	1408
208.733	18352	137	1408
208.741	18353	136	208
208.748	18354	142	1408
208.76	18355	145	1408
208.77	18356	146	208
208.773	18357	147	1408
208.785	18358	150	1408
208.796	18359	152	208
208.798	18360	153	1408
208.808	18361	154	1408
208.816	18362	153	208
208.83	18364	157	1408
208.835	18365	153	208
208.837	18366	154	1408
208.867	18370	156	1408
208.877	18371	155	208
208.879	18372	157	1408
208.895	18374	154	208
208.907	18376	157	1408
208.915	18377	155	208
208.917	18378	156	1408
208.925	18379	155	1408
208.928	18380	149	208
208.933	18381	152	1408
208.94	18382	151	1408
208.948	18383	150	208
208.951	18384	151	1408
208.958	18385	150	1408
208.968	18386	151	208
208.976	18388	147	1408
208.982	18389	144	208
208.984	18390	146	1408
208.996	18391	148	1408
209.002	18392	145	208
209.007	18393	148	1408
209.013	18394	146	1408
209.022	18395	145	208
209.027	18396	149	1408
209.042	18398	147	1408
209.05	18399	145	208
209.064	18400	147	1411
209.073	18401	146	211
209.076	18402	146	1411
209.091	18403	145	1411
209.105	18404	148	1411
209.111	18405	144	1408
209.123	18406	147	1408
209.128	18407	144	208
209.133	18408	147	1408
209.147	18409	152	1408
209.155	18410	151	208
209.157	18411	152	1408
209.169	18412	155	1408
209.177	18413	154	208
209.18	18414	154	1408
209.191	18415	157	1411
209.201	18416	158	1408
209.211	18417	159	208
209.214	18418	159	1408
209.223	18419	159	1408
209.236	18420	163	208
209.243	18422	160	1408
209.253	18423	160	1411
209.261	18424	159	208
209.263	18425	160	1408
209.271	18426	159	1408
209.281	18428	158	1408
209.288	18429	157	1408
209.31	18432	158	1408
209.313	18433	153	208
209.33	18436	151	208
209.343	18438	152	1408
209.351	18439	151	208
209.355	18440	155	1408
209.36	18441	153	1408
209.366	18442	150	208
209.368	18443	151	1408
209.378	18444	154	1408
209.395	18447	156	1408
209.41	18450	155	1408
209.415	18451	152	208
209.42	18452	156	1408
209.427	18453	154	1408
209.448	18454	155	1411
209.448	18455	149	208
209.453	18456	153	1408
209.462	18457	155	1408
209.473	18458	154	208
209.478	18459	156	1408
209.488	18460	154	211
209.493	18461	157	1408
209.498	18462	149	208
209.511	18464	148	211
209.513	18465	150	1411
209.528	18466	151	1408
209.543	18467	155	1411
209.555	18468	155	1411
209.565	18469	153	1411
209.57	18470	149	208
209.577	18471	154	1408
209.585	18472	153	1408
209.593	18473	152	208
209.598	18474	155	1408
209.606	18475	153	211
209.612	18477	149	211
209.617	18478	152	1411
209.626	18479	153	1408
209.631	18480	149	208
209.634	18481	150	1408
209.646	18482	154	1408
209.652	18483	149	208
209.674	18487	151	1408
209.679	18488	147	1408
209.687	18489	145	208
209.701	18491	150	1408
209.709	18492	147	208
209.711	18493	149	1411
209.724	18494	152	1408
209.744	18496	154	208
209.746	18497	155	1408
209.756	18498	155	1408
209.761	18499	152	208
209.766	18500	156	1408
209.778	18501	157	1408
209.786	18502	156	208
209.788	18503	157	1408
209.798	18504	158	1408
209.806	18505	157	208
209.815	18507	156	1408
209.827	18508	159	1411
209.837	18510	158	1408
209.847	18511	159	1408
209.852	18512	155	208
209.867	18514	159	1408
209.876	18515	159	208
209.879	18516	160	1408
209.896	18518	159	1411
209.904	18519	158	211
209.908	18520	161	1408
209.916	18521	159	1411
209.926	18522	161	208
209.941	18525	156	208
209.946	18526	160	1408
209.961	18528	155	1408
209.973	18530	158	1408
209.979	18531	154	1408
209.986	18532	153	208
209.991	18533	155	1408
209.999	18534	154	1408
210.006	18535	153	208
210.009	18536	154	1408
210.016	18537	152	1408
210.026	18538	152	1411
210.036	18539	153	208
210.046	18541	154	211
210.048	18542	154	1408
210.056	18543	153	208
210.058	18544	154	1408
210.07	18545	157	1408
210.078	18546	154	1411
210.084	18547	151	208
210.086	18548	153	1408
210.098	18549	156	1408
210.114	18551	152	208
210.118	18552	156	1408
210.131	18554	151	208
210.145	18556	154	1411
210.157	18557	157	1411
210.165	18558	156	1408
210.175	18559	156	1411
210.181	18560	153	211
210.181	18561	152	208
210.183	18562	153	1408
210.195	18563	156	1408
210.205	18565	155	1408
210.218	18567	154	208
210.221	18568	154	1408
210.226	18569	152	1408
210.234	18570	153	208
210.236	18571	155	1408
210.241	18572	152	1408
210.253	18574	150	208
210.256	18575	151	1408
210.263	18576	151	1408
210.271	18577	151	208
210.278	18579	150	1408
210.286	18580	149	208
210.289	18581	151	1408
210.3	18582	152	1408
210.32	18583	156	1411
210.33	18584	155	208
210.343	18586	154	1411
210.356	18587	154	1411
210.366	18588	153	1408
210.376	18589	151	208
210.393	18591	154	1408
210.408	18593	154	1408
210.418	18594	152	211
210.421	18595	153	1408
210.435	18596	154	1411
210.442	18597	153	208
210.445	18598	154	1408
210.457	18599	158	1408
210.467	18600	158	1411
210.477	18602	158	1408
210.482	18603	154	1411
210.503	18606	155	1408
210.513	18607	155	1408
210.523	18608	156	208
210.525	18609	156	1408
210.538	18611	151	208
210.54	18612	153	1408
210.55	18613	154	1411
210.56	18614	153	1408
210.568	18615	152	208
210.577	18617	152	1408
210.587	18618	153	208
210.589	18619	153	1408
210.599	18620	154	1411
210.61	18621	155	1408
210.615	18622	151	211
210.62	18623	154	208
210.622	18624	155	1408
210.634	18625	159	1408
210.639	18626	155	208
210.644	18627	158	1408
210.655	18628	159	1408
210.664	18630	158	1408
210.671	18631	157	1408
210.679	18632	155	208
210.681	18633	156	1408
210.689	18634	155	211
210.699	18636	154	208
210.704	18637	157	1408
210.711	18638	156	1411
210.718	18639	154	211
210.723	18640	156	1408
210.731	18641	155	208
210.733	18642	157	1408
210.743	18643	158	1408
210.751	18644	155	1411
210.761	18645	157	208
210.764	18646	158	1408
210.773	18647	159	1408
210.779	18648	155	208
210.787	18650	152	1411
210.798	18651	155	1408
210.806	18652	154	208
210.808	18653	154	1408
210.818	18654	155	1408
210.824	18655	151	208
210.826	18656	153	1408
210.841	18658	149	208
210.844	18659	151	1408
210.854	18660	152	1408
210.862	18661	150	208
210.864	18662	151	1408
210.87	18663	148	211
210.873	18664	149	1408
210.878	18665	145	208
210.883	18666	148	1408
210.902	18668	150	1411
210.905	18669	144	208
210.908	18670	145	1408
210.92	18671	147	1408
210.928	18672	147	208
210.933	18673	150	1408
210.942	18674	151	1408
210.963	18676	149	1408
210.975	18677	151	1408
210.985	18678	151	208
210.992	18679	156	1411
211.012	18681	155	1408
211.02	18682	154	208
211.023	18683	155	1408
211.032	18684	153	1408
211.04	18685	152	208
211.044	18686	155	1408
211.054	18687	154	1411
211.066	18688	159	1408
211.074	18689	158	208
211.076	18690	159	1408
211.081	18691	157	1408
211.086	18692	154	208
211.089	18693	155	1408
211.101	18694	159	1408
211.107	18695	157	208
211.118	18697	160	1411
211.127	18698	161	1408
211.135	18699	161	208
211.143	18701	159	1408
211.151	18702	159	208
211.153	18703	160	1408
211.158	18704	157	1408
211.175	18707	159	1408
211.185	18708	157	1408
211.198	18709	155	208
211.2	18710	157	1408
211.217	18711	156	1411
211.228	18712	153	1408
211.24	18713	153	208
211.242	18714	153	1408
211.255	18715	152	1408
211.268	18716	152	208
211.273	18717	155	1408
211.283	18718	155	1408
211.286	18719	149	208
211.29	18720	152	1408
211.3	18721	152	1408
211.312	18722	155	208
211.315	18723	155	1408
211.321	18724	151	1411
211.33	18725	151	1408
211.345	18727	155	1408
211.355	18728	155	1411
211.362	18729	153	1408
211.372	18730	153	208
211.377	18731	155	1408
211.383	18732	152	211
211.385	18733	153	211
211.388	18734	154	1408
211.398	18735	154	208
211.4	18736	154	1408
211.409	18737	155	1408
211.417	18738	153	208
211.42	18739	153	1408
211.431	18740	155	1408
211.437	18741	151	208
211.444	18742	156	1408
211.451	18743	153	1408
211.461	18744	155	208
211.464	18745	155	1408
211.473	18746	155	1408
211.482	18747	153	208
211.486	18748	157	1408
211.498	18749	158	1408
211.506	18750	156	208
211.508	18751	158	1408
211.52	18752	160	1408
211.526	18753	155	208
211.528	18754	157	1408
211.552	18757	160	1408
211.572	18760	158	208
211.574	18761	159	1408
211.582	18762	157	1408
211.59	18763	155	208
211.595	18764	158	1408
211.6	18765	154	1408
211.608	18766	152	208
211.611	18767	153	1408
211.618	18768	150	1408
211.624	18769	147	208
211.631	18770	152	1408
211.641	18771	152	1408
211.667	18775	147	208
211.676	18777	146	1408
211.686	18778	146	208
211.689	18779	147	1408
211.701	18780	150	1408
211.709	18781	149	208
211.714	18782	151	1408
211.721	18783	149	1408
211.732	18784	150	208
211.734	18785	152	1408
211.746	18786	153	1408
211.761	18788	150	211
211.764	18789	151	208
211.769	18790	154	1408
211.777	18791	152	211
211.779	18792	153	1411
211.788	18793	153	1408
211.799	18794	153	208
211.801	18795	155	1408
211.813	18796	157	1408
211.823	18797	157	208
211.833	18799	155	1408
211.843	18800	156	208
211.848	18801	159	1408
211.863	18803	155	208
211.865	18804	157	1408
211.875	18805	156	211
211.877	18806	158	1411
211.889	18807	160	1411
211.901	18808	162	1411
211.909	18809	160	1408
211.917	18810	158	208
211.919	18811	159	1408
211.927	18812	159	1408
211.932	18813	156	208
211.934	18814	158	1408
211.942	18815	157	1408
211.943	18816	151	208
211.953	18818	152	1408
211.958	18819	150	208
211.97	18821	151	1408
211.982	18822	155	1408
211.99	18823	155	208
211.995	18825	151	1408
212.005	18827	152	1408
212.017	18828	153	1408
212.034	18829	152	1411
212.044	18830	150	208
212.047	18831	151	1408
212.067	18832	157	1408
212.079	18833	157	1411
212.087	18834	152	208
212.092	18835	155	1408
212.106	18836	156	1408
212.113	18837	149	208
212.115	18838	150	1408
212.131	18839	154	1408
212.142	18840	154	208
212.144	18841	156	1408
212.158	18842	159	1408
212.17	18843	161	1411
212.173	18844	156	208
212.178	18845	158	1408
212.198	18847	160	1408
212.208	18848	160	1411
212.216	18849	157	211
212.216	18850	157	208
212.219	18851	158	1408
212.228	18852	158	1408
212.236	18853	155	208
212.238	18854	157	1408
212.248	18855	156	1408
212.251	18856	150	208
212.258	18857	155	1408
212.268	18858	156	1408
212.276	18859	154	208
212.278	18860	154	1408
212.285	18861	153	1408
212.296	18862	153	208
212.298	18863	154	1408
212.307	18864	154	1408
212.315	18865	152	208
212.317	18866	153	1408
212.327	18867	153	1408
212.336	18868	152	208
212.34	18869	155	1408
212.35	18870	156	1408
212.354	18871	149	208
212.356	18872	150	1408
212.368	18873	153	1408
212.374	18874	148	208
212.376	18875	150	1408
212.388	18876	152	1408
212.398	18877	151	208
212.4	18878	153	1408
212.418	18880	151	1408
212.428	18881	152	208
212.431	18882	153	1408
212.439	18883	151	1408
212.449	18885	150	1408
212.458	18886	150	1408
212.469	18887	151	208
212.471	18888	151	1408
212.483	18889	154	1408
212.491	18890	153	208
212.501	18892	152	1408
212.509	18893	149	208
212.513	18894	153	1408
212.519	18895	149	1408
212.529	18896	149	208
212.531	18897	150	1408
212.542	18898	150	1408
212.552	18899	151	208
212.554	18900	152	1408
212.562	18901	151	1408
212.57	18902	148	208
212.572	18903	149	1408
212.582	18904	150	1408
212.59	18905	148	208
212.602	18907	150	1408
212.612	18908	149	208
212.614	18909	151	1408
212.629	18910	155	1411
212.637	18911	154	1408
212.645	18912	152	208
212.65	18914	147	211
212.655	18915	150	1408
212.665	18916	151	208
212.667	18917	152	1408
212.677	18918	152	1408
212.689	18920	154	1408
212.699	18921	155	1408
212.709	18922	155	1411
212.719	18923	156	208
212.721	18924	156	1408
212.729	18925	154	1408
212.739	18926	155	208
212.741	18927	155	1408
212.753	18928	158	1408
212.761	18929	157	208
212.763	18930	158	1408
212.773	18931	159	1408
212.78	18932	158	208
212.783	18933	159	1408
212.793	18935	155	208
212.796	18936	156	1408
212.805	18937	157	1408
212.813	18938	158	1411
212.816	18939	154	208
212.824	18941	152	1408
212.832	18942	153	208
212.851	18945	151	1411
212.857	18946	149	208
212.859	18947	150	1408
212.868	18948	152	1408
212.877	18949	148	208
212.882	18950	151	1408
212.892	18951	148	211
212.897	18952	151	1408
212.909	18954	149	1408
212.924	18955	152	1408
212.936	18956	152	208
212.939	18957	152	1408
212.953	18958	154	1408
212.966	18959	155	208
212.981	18961	154	1408
212.991	18962	155	208
212.993	18963	157	1408
213.003	18964	156	1411
213.013	18965	157	1408
213.023	18967	156	1408
213.035	18968	159	1411
213.047	18969	161	1408
213.059	18971	162	1408
213.071	18973	156	1411
213.083	18974	159	1408
213.089	18975	156	208
213.094	18976	158	1408
213.103	18977	158	1408
213.111	18978	156	208
213.113	18979	158	1408
213.121	18980	157	211
213.124	18981	157	1408
213.131	18982	155	208
213.133	18983	156	1408
213.144	18984	157	1408
213.154	18985	157	208
213.156	18986	158	1408
213.161	18987	154	1408
213.169	18988	152	208
213.171	18989	154	1408
213.181	18990	153	1408
213.193	18991	156	1411
213.198	18992	153	208
213.201	18993	153	1408
213.209	18994	152	1408
213.215	18995	148	208
213.219	18996	152	1408
213.229	18997	152	211
213.231	18998	153	1408
213.237	18999	150	208
213.242	19000	152	1408
213.249	19001	151	1408
213.259	19002	151	208
213.26	19003	150	211
213.262	19004	152	1408
213.274	19005	153	1408
213.284	19006	154	1411
213.291	19007	152	208
213.304	19009	153	1408
213.311	19010	152	208
213.314	19011	153	1408
213.323	19012	153	1408
213.331	19013	152	208
213.334	19014	152	1408
213.348	19015	158	1408
213.354	19016	154	208
213.366	19018	156	1408
213.376	19019	156	208
213.384	19021	154	1408
213.392	19022	151	208
213.394	19023	153	1408
213.404	19024	153	1408
213.412	19025	151	208
213.414	19026	151	1408
213.422	19027	150	1408
213.429	19028	148	208
213.434	19029	151	1408
213.446	19030	154	1408
213.465	19033	154	1408
213.474	19034	153	208
213.484	19036	151	1408
213.494	19037	153	208
213.496	19038	154	1408
213.506	19039	154	1408
213.524	19041	153	208
213.532	19043	150	1408
213.542	19044	150	208
213.544	19045	152	1408
213.552	19046	151	1408
213.56	19047	148	208
213.565	19048	148	1411
213.572	19049	146	1408
213.582	19050	146	1411
213.594	19051	149	1408
213.602	19052	147	208
213.607	19053	151	1408
213.614	19054	149	1408
213.624	19055	151	208
213.626	19056	153	1408
213.634	19057	153	1408
213.639	19058	150	208
213.641	19059	152	1408
213.651	19060	154	1408
213.669	19061	153	211
213.671	19062	154	1411
213.688	19064	155	1411
213.701	19065	156	1408
213.71	19066	159	1408
213.714	19067	155	208
213.73	19069	156	1411
213.745	19070	159	1411
213.766	19072	154	208
213.768	19073	155	1408
213.785	19074	159	1408
213.795	19075	156	208
213.797	19076	158	1408
213.809	19077	157	1408
213.822	19078	158	208
213.824	19079	158	1408
213.843	19081	154	208
213.852	19083	153	1408
213.858	19084	150	208
213.865	19085	156	1408
213.873	19086	154	1408
213.88	19087	152	208
213.891	19090	150	1408
213.901	19091	151	208
213.908	19093	148	1408
213.916	19094	146	208
213.919	19095	147	1408
213.928	19096	148	1411
213.941	19097	150	1408
213.946	19098	146	208
213.948	19099	148	1408
213.96	19100	150	1408
213.97	19101	151	1411
213.975	19102	147	208
213.98	19103	150	1408
213.988	19104	148	1408
213.995	19105	147	208
214	19106	150	1408
214.01	19107	151	1408
214.016	19108	147	208
214.023	19109	153	1408
214.03	19110	150	1408
214.041	19111	151	208
214.045	19112	155	1408
214.055	19113	155	1411
214.067	19114	157	1411
214.076	19115	158	1408
214.084	19116	157	208
214.087	19117	157	1408
214.094	19118	156	1408
214.106	19119	158	1411
214.116	19120	159	211
214.117	19121	158	208
214.119	19122	159	1411
214.129	19123	159	1408
214.149	19125	160	208
214.156	19127	158	1408
214.164	19129	155	1408
214.173	19130	155	1408
214.184	19132	154	1408
214.191	19133	153	1408
214.201	19134	153	208
214.204	19135	154	1408
214.216	19137	148	208
214.219	19138	149	1408
214.231	19139	152	1408
214.239	19140	151	208
214.241	19141	152	1408
214.251	19142	152	1408
214.259	19143	150	208
214.261	19144	152	1408
214.274	19145	154	1408
214.277	19146	149	208
214.282	19147	152	1408
214.289	19148	150	1408
214.302	19150	152	1408
214.313	19151	154	1408
214.321	19152	153	208
214.324	19153	154	1408
214.338	19154	158	1408
214.343	19155	155	208
214.348	19156	158	1408
214.356	19157	156	1411
214.363	19158	155	1411
214.369	19159	150	211
214.376	19160	156	1408
214.384	19161	155	208
214.388	19162	158	1408
214.396	19163	156	211
214.398	19164	158	1408
214.415	19167	155	1408
214.423	19168	153	1411
214.431	19169	151	208
214.436	19170	154	1408
214.443	19171	152	1408
214.449	19172	149	208
214.451	19173	150	1408
214.463	19174	153	1408
214.469	19175	152	208
214.471	19176	153	1408
214.478	19177	152	1408
214.486	19178	153	208
214.489	19179	153	1408
214.504	19181	152	211
214.504	19182	152	208
214.506	19183	153	1408
214.519	19185	148	208
214.524	19186	151	1408
214.543	19188	147	208
214.547	19189	149	1408
214.555	19190	150	1408
214.567	19192	152	1408
214.581	19193	155	1408
214.594	19195	153	1408
214.616	19197	151	208
214.616	19198	149	211
214.621	19199	152	1411
214.636	19200	155	1408
214.651	19201	156	1408
214.664	19202	157	208
214.666	19203	157	1408
214.688	19206	157	1408
214.697	19207	156	1408
214.706	19208	155	208
214.72	19210	159	1411
214.73	19211	160	1411
214.74	19212	160	1408
214.747	19213	158	208
214.752	19214	161	1408
214.759	19215	160	1411
214.77	19216	160	1408
214.777	19217	158	211
214.777	19218	157	208
214.785	19220	154	1408
214.793	19221	152	208
214.795	19222	154	1408
214.803	19223	152	211
214.805	19224	153	1408
214.816	19225	154	208
214.818	19226	155	1408
214.826	19227	153	1411
214.832	19228	151	1408
214.84	19229	150	208
214.843	19230	150	1408
214.855	19231	153	1408
214.86	19232	150	208
214.863	19233	151	1408
214.872	19234	151	1408
214.878	19235	147	208
214.881	19236	148	1408
214.893	19237	151	1411
214.901	19238	150	211
214.903	19239	151	1408
214.911	19240	150	208
214.914	19241	150	1408
214.926	19242	153	1411
214.933	19243	152	1408
214.941	19244	149	208
214.943	19245	150	1408
214.951	19246	149	1408
214.961	19247	150	208
214.966	19248	153	1408
214.975	19249	153	1408
214.983	19250	151	208
214.985	19251	153	1408
214.997	19252	155	1411
215.007	19253	156	1408
215.015	19254	154	208
215.022	19255	160	1408
215.03	19256	158	1408
215.04	19257	159	208
215.051	19259	160	1408
215.059	19260	159	208
215.069	19262	158	1408
215.079	19263	159	208
215.084	19264	161	1408
215.089	19265	158	1408
215.099	19266	158	208
215.101	19267	159	1408
215.109	19268	157	1408
215.121	19269	159	208
215.123	19270	161	1408
215.132	19271	161	1408
215.139	19272	157	208
215.141	19273	158	1408
215.15	19274	159	1408
215.152	19275	150	208
215.156	19276	154	1408
215.168	19277	157	1408
215.176	19278	156	208
215.178	19279	157	1408
215.184	19280	153	1408
215.191	19281	152	208
215.199	19283	150	1408
215.209	19284	151	208
215.217	19286	147	1408
215.222	19287	144	208
215.225	19288	145	1408
215.237	19289	148	1408
215.245	19290	147	208
215.247	19291	149	1408
215.252	19292	145	1411
215.262	19293	146	1408
215.272	19294	146	1411
215.282	19295	147	208
215.285	19296	149	1408
215.294	19297	150	1408
215.302	19298	148	208
215.315	19300	150	1408
215.32	19301	149	208
215.323	19302	149	1408
215.335	19303	152	1408
215.338	19304	149	208
215.341	19305	150	1408
215.35	19306	150	1408
215.358	19307	150	208
215.36	19308	152	1408
215.37	19309	151	1408
215.373	19310	147	208
215.376	19311	147	1408
215.385	19312	150	1408
215.393	19313	150	208
215.4	19314	151	1411
215.414	19315	155	1408
215.425	19316	154	1411
215.439	19317	156	1408
215.452	19318	158	208
215.455	19319	158	1408
215.467	19320	158	1408
215.477	19321	156	208
215.479	19322	157	1408
215.5	19324	154	208
215.505	19325	156	1408
215.515	19326	155	1408
215.525	19327	153	1411
215.54	19330	149	1408
215.548	19331	147	208
215.55	19332	149	1408
215.562	19333	152	1408
215.568	19334	148	208
215.572	19335	152	1408
215.579	19336	150	1408
215.584	19337	146	208
215.59	19338	149	1408
215.601	19339	153	1408
215.605	19340	147	208
215.611	19341	152	1408
215.621	19342	152	1408
215.629	19343	152	208
215.631	19344	153	1408
215.641	19345	153	1408
215.646	19346	150	208
215.649	19347	151	1408
215.661	19348	154	1408
215.669	19349	153	208
215.673	19350	156	1408
215.682	19351	156	1408
215.688	19352	154	208
215.693	19353	157	1408
215.703	19354	157	1408
215.712	19355	158	1411
215.723	19356	159	208
215.732	19358	158	1408
215.742	19359	159	208
215.744	19360	161	1408
215.752	19361	159	211
215.754	19362	160	1411
215.766	19363	162	1408
215.774	19364	161	208
215.776	19365	163	1408
215.783	19366	161	1408
215.789	19367	158	208
215.797	19369	155	1408
215.807	19370	157	208
215.809	19371	158	1408
215.817	19372	156	1408
215.822	19373	153	208
215.827	19374	155	1408
215.835	19375	154	1408
215.84	19376	151	208
215.85	19378	151	1408
215.855	19379	147	208
215.858	19380	149	1408
215.865	19381	147	1408
215.871	19382	143	208
215.873	19383	145	1408
215.883	19384	146	1408
215.891	19385	144	208
215.896	19386	148	1408
215.906	19387	148	1408
215.911	19388	145	208
215.918	19389	151	1408
215.926	19390	149	1408
215.936	19391	150	1411
215.941	19392	146	208
215.946	19393	150	1408
215.959	19395	146	208
215.962	19396	147	1408
215.974	19397	151	1408
215.98	19398	147	208
215.984	19399	150	1408
215.992	19400	148	1408
216.004	19401	152	1411
216.01	19402	148	208
216.016	19403	154	1408
216.024	19404	152	1408
216.049	19408	150	208
216.061	19410	151	1411
216.071	19411	152	1408
216.078	19412	151	208
216.083	19413	154	1408
216.093	19414	154	1408
216.103	19415	155	208
216.107	19416	159	1408
216.115	19417	157	1408
216.125	19418	159	208
216.127	19419	160	1408
216.135	19420	158	1408
216.142	19421	157	208
216.145	19422	157	1408
216.162	19424	158	208
216.165	19425	158	1408
216.176	19426	161	1411
216.183	19427	161	1408
216.187	19428	157	208
216.189	19429	159	1408
216.198	19430	161	1408
216.204	19431	159	208
216.211	19433	157	1408
216.228	19436	160	1408
216.231	19437	156	208
216.254	19439	154	211
216.259	19440	158	1411
216.265	19441	158	1411
216.273	19442	159	1411
216.285	19443	159	1408
216.293	19444	155	208
216.298	19445	157	1408
216.316	19447	151	208
216.32	19448	155	1408
216.333	19449	155	1408
216.343	19450	154	208
216.348	19451	157	1408
216.356	19452	152	1408
216.366	19453	151	1411
216.374	19454	149	208
216.376	19455	151	1408
216.384	19456	149	1408
216.387	19457	143	208
216.394	19458	148	1408
216.402	19459	148	1408
216.411	19460	149	1411
216.419	19461	147	208
216.423	19462	150	1408
216.436	19464	152	1411
216.445	19465	153	1408
216.451	19466	150	208
216.453	19467	151	1408
216.463	19468	152	1411
216.473	19469	153	1408
216.479	19470	149	208
216.486	19471	154	1408
216.493	19472	152	1408
216.504	19473	154	208
216.506	19474	155	1408
216.516	19475	156	1408
216.523	19476	154	1411
216.529	19477	151	208
216.533	19478	155	1408
216.544	19480	147	208
216.551	19481	153	1408
216.56	19482	154	1408
216.568	19483	153	208
216.573	19484	155	1408
216.583	19485	156	1408
216.595	19487	158	1408
216.602	19488	157	1408
216.61	19489	155	208
216.612	19490	156	1408
216.624	19491	160	1408
216.629	19492	156	208
216.632	19493	157	1408
216.644	19494	161	1408
216.649	19495	157	211
216.653	19496	158	208
216.662	19498	158	1408
216.67	19499	157	208
216.68	19501	156	1408
216.688	19502	155	208
216.693	19504	150	1408
216.701	19505	149	208
216.703	19506	150	1408
216.71	19507	148	1408
216.718	19508	147	208
216.721	19509	148	1408
216.728	19510	147	1408
216.736	19511	146	208
216.738	19512	147	1408
216.75	19513	150	1411
216.762	19514	153	1408
216.77	19515	152	208
216.775	19516	154	1408
216.783	19517	154	1408
216.791	19518	153	208
216.793	19519	153	1408
216.803	19520	155	211
216.809	19522	150	208
216.811	19523	152	1408
216.821	19524	152	1408
216.829	19525	151	208
216.841	19527	153	1408
216.844	19528	147	208
216.849	19529	150	1408
216.858	19530	151	1408
216.866	19531	150	1411
216.876	19532	151	208
216.878	19533	152	1408
216.886	19534	151	1411
216.896	19535	151	1411
216.908	19536	154	1408
216.915	19537	152	208
216.919	19538	156	1408
216.927	19539	155	1408
216.935	19540	153	208
216.94	19541	156	1408
216.949	19542	156	1408
216.96	19543	158	208
216.962	19544	160	1408
216.972	19545	160	1408
216.982	19547	160	1408
216.988	19548	158	1408
216.998	19549	159	208
217.001	19550	160	1408
217.011	19551	161	1408
217.016	19552	159	208
217.021	19554	156	1411
217.028	19555	156	1408
217.036	19556	157	208
217.038	19557	158	1408
217.048	19558	157	1411
217.054	19559	155	1408
217.061	19560	156	208
217.064	19561	157	1408
217.074	19563	153	208
217.086	19565	156	1408
217.095	19567	158	1408
217.1	19568	155	1408
217.11	19569	153	208
217.113	19570	155	1408
217.128	19571	157	1408
217.138	19572	156	208
217.152	19574	156	1409
217.161	19575	152	209
217.168	19576	157	1409
217.178	19577	155	1409
217.188	19578	153	211
217.209	19582	151	209
217.219	19584	150	1409
217.228	19585	151	1411
217.236	19586	149	209
217.238	19587	150	1409
217.248	19588	151	1409
217.255	19589	149	209
217.258	19590	150	1409
217.268	19591	152	1409
217.275	19592	150	1411
217.283	19593	149	209
217.288	19594	153	1409
217.298	19595	153	1411
217.301	19596	148	211
217.31	19597	155	1409
217.315	19598	152	209
217.318	19599	152	1409
217.328	19600	153	1409
217.338	19601	154	209
217.34	19602	156	1409
217.348	19603	154	1409
217.36	19605	155	1411
217.37	19606	156	1409
217.379	19607	157	1409
217.383	19608	151	209
217.385	19609	153	1409
217.395	19610	153	1409
217.405	19611	154	209
217.407	19612	155	1409
217.429	19615	157	1412
217.441	19616	161	1412
217.449	19617	159	1409
217.457	19618	158	209
217.459	19619	159	1409
217.469	19620	159	1409
217.472	19621	154	209
217.485	19624	147	209
217.49	19625	151	1409
217.5	19626	151	1409
217.505	19627	148	209
217.51	19628	152	1409
217.517	19629	150	1409
217.525	19630	148	209
217.539	19632	152	1409
217.547	19633	151	209
217.55	19634	152	1409
217.557	19635	151	1409
217.563	19636	148	212
217.566	19637	148	209
217.568	19638	150	1409
217.577	19639	150	1409
217.586	19640	149	209
217.588	19641	150	1409
217.6	19642	152	1409
217.605	19643	149	209
217.608	19644	151	1409
217.62	19645	153	1409
217.628	19646	152	209
217.631	19647	152	212
217.64	19649	152	1409
217.65	19650	152	1409
217.66	19651	154	209
217.662	19652	155	1409
217.672	19653	155	1409
217.682	19654	156	209
217.692	19656	155	1412
217.706	19657	160	1412
217.719	19659	155	209
217.724	19660	158	1409
217.732	19661	157	1409
217.74	19662	156	209
217.752	19664	158	1412
217.759	19665	157	1409
217.764	19666	153	209
217.766	19667	153	1409
217.774	19668	151	1409
217.782	19669	151	209
217.785	19670	152	1409
217.794	19671	152	1409
217.804	19672	154	209
217.806	19673	154	1409
217.814	19674	153	1409
217.822	19675	151	209
217.826	19676	155	1409
217.834	19677	153	1409
217.842	19678	153	209
217.852	19680	154	1409
217.859	19681	153	1409
217.869	19683	154	1409
217.876	19684	155	1409
217.877	19685	149	209
217.882	19686	152	1409
217.897	19687	155	1412
217.902	19688	153	1409
217.907	19689	151	209
217.911	19690	155	1409
217.921	19691	153	1412
217.931	19692	155	1409
217.938	19693	156	209
217.959	19695	157	1412
217.969	19696	155	1409
217.981	19698	154	1409
217.994	19699	154	1409
218.009	19700	157	209
218.011	19701	157	1409
218.019	19702	153	1409
218.029	19703	152	209
218.032	19704	152	1409
218.041	19705	149	1409
218.053	19706	150	1412
218.061	19707	149	209
218.064	19708	150	1409
218.074	19709	151	212
218.079	19710	154	1409
218.084	19711	151	209
218.086	19712	152	1409
218.096	19713	153	1409
218.104	19714	151	209
218.108	19715	154	1409
218.116	19716	152	1409
218.123	19717	151	209
218.126	19718	152	1409
218.136	19719	153	1409
218.141	19720	150	209
218.146	19721	152	1409
218.153	19722	150	1409
218.168	19723	156	1412
218.174	19724	153	209
218.178	19725	157	1409
218.185	19726	155	1409
218.195	19727	156	212
218.196	19728	154	209
218.198	19729	156	1409
218.205	19730	154	1409
218.214	19731	153	209
218.221	19733	150	1409
218.229	19734	148	209
218.233	19735	152	1409
218.244	19736	153	1409
218.251	19737	152	209
218.256	19738	155	1409
218.263	19739	153	1409
218.269	19740	150	209
218.274	19741	153	1409
218.283	19742	154	1409
218.284	19743	146	209
218.287	19744	147	1409
218.299	19745	150	1409
218.307	19746	148	209
218.311	19747	152	1409
218.323	19748	155	1409
218.331	19749	154	209
218.333	19750	155	1409
218.346	19751	157	1409
218.355	19753	157	1409
218.363	19754	155	1409
218.366	19755	149	209
218.37	19756	153	1409
218.375	19757	149	1409
218.381	19758	144	209
218.388	19759	150	1409
218.393	19760	146	1409
218.398	19761	142	209
218.4	19762	144	1409
218.478	19763	52	1412
218.488	19764	51	212
218.491	19765	52	1409
218.498	19766	51	209
218.501	19767	53	1409
218.51	19768	52	1409
218.578	19769	51	209
218.581	19770	53	1409
218.593	19771	52	1409
218.602	19772	50	209
218.605	19773	52	1409
218.614	19774	52	1409
218.679	19775	50	209
218.682	19776	52	1409
218.69	19777	52	1409
218.699	19778	51	209
218.701	19779	53	1409
218.71	19780	53	1409
218.717	19781	50	209
218.722	19782	54	1409
218.729	19783	52	1409
218.737	19784	52	209
218.74	19785	53	1409
218.752	19786	57	1409
218.76	19787	55	209
218.762	19788	56	1409
218.774	19789	60	1409
218.782	19790	59	209
218.785	19791	60	1409
218.797	19792	64	1409
218.807	19793	65	209
218.809	19794	66	1409
218.819	19795	67	1409
218.827	19796	66	209
218.832	19797	70	1409
218.842	19798	70	1409
218.847	19799	67	209
218.857	19800	75	1409
218.865	19801	74	1409
218.872	19802	72	209
218.874	19803	74	1409
218.886	19804	77	1409
218.895	19805	76	209
218.897	19806	77	1409
218.907	19807	78	1409
218.917	19808	80	209
218.922	19809	83	1409
218.931	19810	84	1409
218.94	19811	83	209
218.944	19812	87	1409
218.954	19813	87	1409
218.962	19814	87	209
218.964	19815	88	1409
218.976	19816	91	1409
218.987	19817	92	209
218.989	19818	93	1409
219.001	19819	97	1409
219.007	19820	93	209
219.011	19821	97	1409
219.019	19822	96	1409
219.029	19823	96	209
219.031	19824	97	1409
219.041	19825	99	1409
219.052	19826	100	209
219.057	19827	103	1409
219.066	19828	104	1409
219.074	19829	104	209
219.079	19830	106	1409
219.089	19831	108	1409
219.096	19832	107	209
219.099	19833	107	1409
219.114	19834	113	1409
219.119	19835	110	209
219.123	19836	113	1409
219.136	19837	117	1409
219.143	19838	116	209
219.148	19839	119	1409
219.158	19840	120	1409
219.169	19841	122	209
219.173	19842	125	1409
219.183	19843	126	1409
219.191	19844	125	209
219.198	19845	131	1409
219.206	19846	129	1409
219.214	19847	128	209
219.219	19848	132	1409
219.23	19849	135	1409
219.239	19850	134	209
219.241	19851	136	1409
219.253	19852	139	1409
219.261	19853	137	209
219.263	19854	139	1409
219.273	19855	140	1409
219.283	19856	141	209
219.286	19857	142	1409
219.295	19858	143	1409
219.299	19859	139	209
219.306	19860	145	1409
219.311	19861	143	1409
219.318	19862	144	209
219.323	19863	147	1409
219.331	19864	148	1409
219.336	19865	146	209
219.34	19866	150	1409
219.348	19867	150	1409
219.356	19868	150	209
219.358	19869	151	1409
219.365	19870	152	1409
219.374	19871	153	209
219.38	19873	152	1409
219.386	19874	151	209
219.388	19875	152	1409
219.404	19877	153	209
219.406	19878	154	1409
219.424	19880	147	209
219.429	19881	150	1409
219.441	19882	152	1409
219.452	19883	150	209
219.454	19884	151	1409
219.466	19885	151	1409
219.474	19886	147	209
219.479	19887	150	1409
219.494	19888	153	1409
219.504	19889	151	209
219.506	19890	152	1409
219.519	19891	152	1409
219.524	19892	150	209
219.529	19893	153	1409
219.539	19894	153	1409
219.546	19896	151	1409
219.556	19897	152	1409
219.562	19898	149	209
219.564	19899	150	1409
219.573	19900	150	1409
219.584	19901	151	1412
219.589	19902	149	209
219.596	19903	153	1409
219.606	19904	152	1412
219.616	19905	154	1409
219.63	19906	157	1412
219.636	19907	154	209
219.643	19908	159	1409
219.65	19909	157	1409
219.656	19910	154	209
219.66	19911	156	1409
219.675	19912	158	1409
219.682	19913	158	209
219.685	19914	156	1409
219.7	19915	156	1409
219.708	19916	154	209
219.713	19917	156	1409
219.723	19918	154	1409
219.728	19919	151	209
219.735	19920	155	1409
219.742	19921	153	1409
219.748	19922	151	212
219.748	19923	149	209
219.75	19924	151	1409
219.76	19925	151	1409
219.77	19926	152	209
219.772	19927	154	1409
219.78	19928	152	1409
219.788	19929	152	209
219.791	19930	153	1409
219.802	19931	156	1409
219.804	19932	148	209
219.806	19933	149	1409
219.818	19934	152	1409
219.83	19936	155	1409
219.848	19939	153	1409
219.857	19940	154	1409
219.863	19941	150	209
219.875	19943	153	1409
219.883	19944	151	209
219.885	19945	153	1409
219.893	19946	151	1409
219.901	19947	150	209
219.903	19948	151	1409
219.91	19949	150	1409
219.921	19950	152	209
219.924	19951	153	1409
219.931	19952	151	1409
219.936	19953	148	209
219.941	19954	151	1409
219.949	19955	150	1409
219.956	19956	149	209
219.959	19957	150	1409
219.968	19958	151	1409
219.977	19959	150	209
219.988	19961	152	1409
219.996	19962	151	209
219.999	19963	151	1409
220.006	19964	151	1409
220.018	19966	152	1409
220.03	19967	155	1409
220.038	19968	154	212
220.041	19969	155	209
220.043	19970	156	1409
220.051	19971	153	1412
220.071	19974	153	209
220.079	19975	153	1412
220.09	19976	157	1409
220.098	19977	155	1409
220.105	19978	154	209
220.112	19979	159	1409
220.119	19980	158	1409
220.127	19981	157	209
220.13	19982	158	1409
220.139	19983	158	1409
220.144	19984	155	209
220.151	19985	160	1409
220.156	19986	156	1409
220.164	19987	157	209
220.168	19988	160	1409
220.178	19989	162	1409
220.183	19990	161	209
220.188	19991	164	1409
220.193	19992	163	1409
220.2	19993	162	1412
220.208	19994	162	209
220.211	19995	162	1409
220.216	19996	159	1409
220.228	19998	159	209
220.231	19999	160	1409
220.24	20000	160	1409
220.245	20001	157	209
220.248	20002	158	1409
220.253	20003	156	1409
220.26	20005	156	1409
220.275	20006	158	1409
220.283	20007	155	212
220.285	20008	155	1412
220.296	20009	153	209
220.298	20010	154	1409
220.305	20011	150	1409
220.318	20012	151	209
220.321	20013	151	1409
220.331	20014	150	1409
220.342	20015	148	209
220.356	20017	150	1409
220.366	20018	151	209
220.369	20019	152	1409
220.376	20020	150	1409
220.384	20021	149	209
220.386	20022	150	1409
220.394	20023	149	1409
220.401	20024	148	209
220.406	20025	151	1409
220.418	20026	155	1409
220.423	20027	151	209
220.426	20028	153	1409
220.436	20029	154	212
220.438	20030	154	1409
220.445	20031	152	209
220.449	20032	155	1409
220.457	20033	153	1409
220.465	20034	152	212
220.476	20037	152	1409
220.484	20038	150	209
220.488	20039	153	1409
220.498	20040	154	1409
220.504	20041	150	209
220.506	20042	152	1409
220.516	20043	152	1409
220.524	20044	152	209
220.528	20045	155	1409
220.538	20046	156	1409
220.546	20048	154	1409
220.555	20049	155	1409
220.565	20050	156	1412
220.573	20051	155	209
220.575	20052	157	1409
220.583	20053	155	1409
220.587	20054	150	209
220.589	20055	151	1409
220.601	20056	155	1409
220.607	20057	152	209
220.609	20058	152	1409
220.618	20059	154	1409
220.628	20061	154	1409
220.636	20062	153	1409
220.644	20063	152	209
220.648	20064	155	1409
220.656	20065	154	1409
220.663	20066	153	209
220.666	20067	154	1409
220.673	20068	153	1409
220.677	20069	148	212
220.687	20071	148	209
220.691	20072	151	1409
220.704	20073	155	1409
220.709	20074	151	209
220.711	20075	153	1409
220.717	20076	149	1409
220.727	20077	151	209
220.729	20078	152	1409
220.734	20079	149	1409
220.742	20080	147	209
220.747	20081	151	1409
220.754	20082	150	212
220.757	20083	151	1409
220.76	20084	145	209
220.762	20085	147	1409
220.775	20086	150	1409
220.782	20087	150	209
220.785	20088	150	1409
220.794	20089	152	1409
220.802	20090	150	209
220.804	20091	152	1409
220.814	20092	153	1409
220.822	20093	152	209
220.826	20094	155	1409
220.834	20095	155	212
220.842	20097	153	209
220.852	20099	153	1409
220.862	20101	153	1409
220.874	20102	155	1409
220.884	20103	157	209
220.886	20104	158	1409
220.895	20105	159	1412
220.918	20109	155	1409
220.924	20110	151	209
220.928	20111	155	1409
220.938	20112	155	1409
220.946	20113	155	209
220.948	20114	156	1409
220.96	20115	159	1409
220.968	20116	158	209
220.97	20117	160	1409
220.975	20118	156	1409
220.985	20119	157	209
220.99	20120	160	1409
220.997	20121	160	1409
221.002	20122	156	209
221.005	20123	158	1409
221.012	20124	158	1409
221.017	20125	156	209
221.022	20126	160	1409
221.029	20127	159	1409
221.037	20128	161	209
221.039	20129	162	1409
221.044	20130	160	1409
221.054	20132	162	1409
221.061	20133	162	1412
221.068	20134	162	1412
221.073	20136	160	1409
221.083	20138	162	1409
221.088	20139	160	1409
221.091	20140	155	209
221.096	20141	159	1409
221.103	20142	158	1409
221.125	20143	157	1412
221.136	20144	156	212
221.14	20145	159	1412
221.15	20146	158	209
221.152	20147	158	1409
221.17	20149	153	209
221.173	20150	154	1409
221.187	20151	157	1409
221.193	20152	151	209
221.195	20153	152	1409
221.208	20154	154	1409
221.216	20155	152	209
221.218	20156	154	1409
221.228	20157	155	1409
221.233	20158	152	209
221.243	20160	152	1409
221.249	20161	149	209
221.253	20162	152	1409
221.261	20163	152	212
221.263	20164	153	1409
221.264	20165	145	209
221.267	20166	146	1409
221.275	20167	145	212
221.279	20168	149	1409
221.287	20169	148	212
221.288	20170	147	209
221.297	20172	147	1409
221.302	20173	144	209
221.305	20174	144	1409
221.314	20175	146	1409
221.324	20176	147	209
221.327	20177	148	1409
221.337	20178	151	1409
221.342	20179	147	209
221.345	20180	149	1409
221.352	20181	147	1409
221.36	20182	147	209
221.368	20183	152	1409
221.377	20184	153	1412
221.387	20185	155	1409
221.393	20186	152	209
221.405	20188	154	1409
221.417	20190	156	1409
221.424	20191	156	1409
221.428	20192	150	209
221.432	20193	154	1409
221.439	20194	152	1409
221.449	20195	154	1412
221.455	20196	150	209
221.458	20197	152	1409
221.469	20198	155	1409
221.477	20199	154	209
221.481	20200	157	1409
221.491	20201	158	1409
221.501	20203	159	1409
221.51	20204	160	1412
221.518	20205	159	1409
221.526	20206	157	209
221.536	20208	158	1409
221.543	20209	157	209
221.545	20210	158	1409
221.558	20212	154	209
221.564	20213	157	1409
221.579	20215	155	209
221.581	20216	157	1409
221.589	20217	156	1409
221.592	20218	151	209
221.599	20220	148	1409
221.609	20221	150	1412
221.617	20222	149	212
221.618	20223	148	209
221.62	20224	150	1409
221.627	20225	148	1409
221.633	20226	145	209
221.635	20227	146	1409
221.64	20228	143	1409
221.653	20229	147	209
221.662	20231	146	1409
221.668	20232	143	209
221.673	20233	147	1409
221.683	20234	148	1409
221.69	20235	147	209
221.693	20236	149	1409
221.698	20237	146	212
221.701	20238	146	1409
221.711	20239	148	209
221.72	20241	148	1409
221.73	20242	149	209
221.733	20243	150	1409
221.743	20244	152	1412
221.756	20246	147	209
221.761	20247	151	1412
221.768	20248	150	1409
221.777	20249	151	1409
221.789	20250	154	1412
221.797	20251	154	209
221.8	20252	155	1409
221.809	20253	155	1412
221.816	20254	154	1409
221.827	20255	156	209
221.829	20256	157	1409
221.838	20257	160	1409
221.843	20258	158	209
221.848	20259	161	1409
221.853	20260	159	1409
221.86	20261	160	209
221.862	20262	162	1409
221.868	20263	161	1409
221.877	20264	163	1412
221.889	20266	167	1409
221.898	20268	161	209
221.907	20270	163	1409
221.912	20271	162	209
221.917	20273	159	1409
221.921	20274	155	209
221.925	20275	159	1409
221.927	20276	154	1412
221.937	20277	157	1409
221.946	20278	154	209
221.948	20279	154	1409
221.957	20280	153	1409
221.967	20281	151	1412
221.978	20282	150	209
221.982	20283	153	1409
221.992	20284	152	1409
222.003	20285	151	209
222.007	20286	154	1409
222.015	20287	149	1409
222.028	20288	151	209
222.033	20289	154	1409
222.042	20290	153	1409
222.053	20291	154	209
222.055	20292	156	1409
222.062	20293	155	1409
222.068	20294	151	209
222.07	20295	153	1409
222.078	20296	151	1409
222.083	20297	149	209
222.09	20298	154	1409
222.098	20300	153	1409
222.108	20301	153	1412
222.125	20303	154	1412
222.132	20304	152	209
222.135	20305	153	1409
222.145	20306	155	1409
222.157	20308	157	1409
222.164	20309	156	1409
222.171	20310	155	209
222.174	20311	155	1409
222.184	20312	157	1409
222.191	20313	156	209
222.194	20314	158	1409
222.203	20315	158	1409
222.212	20316	158	209
222.221	20318	158	1409
222.227	20319	156	209
222.232	20320	158	1409
222.237	20321	155	1409
222.242	20322	152	209
222.247	20323	156	1409
222.254	20324	154	1409
222.262	20325	154	209
222.27	20327	151	1409
222.272	20328	146	209
222.282	20329	153	1409
222.287	20330	150	1409
222.294	20331	148	209
222.299	20332	152	1409
222.307	20333	151	212
222.309	20334	153	1409
222.317	20335	152	209
222.319	20336	153	1409
222.329	20337	155	1409
222.338	20338	155	1412
222.345	20339	153	209
222.351	20340	158	1409
222.361	20341	159	1409
222.364	20342	154	212
222.365	20343	153	209
222.369	20344	157	1409
222.382	20346	153	209
222.394	20348	154	1409
222.399	20349	151	209
222.404	20350	154	1409
222.412	20351	153	1409
222.419	20352	153	209
222.424	20353	156	1409
222.429	20354	153	1412
222.442	20356	148	209
222.447	20357	152	1409
222.458	20358	155	1409
222.464	20359	153	209
222.473	20361	152	1412
222.484	20362	154	1409
222.489	20363	151	209
222.496	20364	156	1409
222.502	20365	153	1409
222.509	20366	152	209
222.511	20367	153	1409
222.519	20368	152	1409
222.524	20369	149	209
222.529	20370	153	1409
222.541	20371	156	1409
222.546	20372	153	209
222.551	20373	155	1409
222.558	20374	155	1409
222.562	20375	150	209
222.564	20376	151	1409
222.576	20377	154	1409
222.584	20378	153	209
222.586	20379	154	1409
222.596	20380	156	1412
222.604	20381	154	1412
222.611	20382	154	1409
222.618	20383	152	209
222.621	20384	153	1409
222.629	20385	153	1409
222.638	20386	154	209
222.641	20387	155	1409
222.656	20389	153	1409
222.663	20390	152	209
222.668	20391	155	1409
222.678	20392	157	1409
222.688	20393	158	1412
222.693	20394	156	209
222.695	20395	158	1409
222.703	20396	158	1409
222.703	20397	152	209
222.708	20398	155	1409
222.715	20399	155	1409
222.722	20400	157	209
222.725	20401	158	1409
222.729	20402	156	1409
222.735	20403	155	209
222.74	20404	159	1409
222.745	20405	156	1409
222.75	20406	155	209
222.755	20407	159	1409
222.765	20409	155	209
222.77	20411	153	1409
222.778	20412	153	209
222.78	20413	155	1409
222.793	20415	150	209
222.798	20416	153	1409
222.808	20417	150	1409
222.816	20418	148	209
222.821	20419	150	1409
222.833	20420	151	1409
222.84	20421	148	209
222.843	20422	148	1409
222.857	20423	151	1412
222.867	20424	150	1409
222.877	20425	149	209
222.882	20426	152	1409
222.892	20427	153	1409
222.9	20428	152	209
222.902	20429	154	1409
222.918	20431	153	209
222.923	20432	155	1409
222.93	20433	155	1409
222.936	20434	152	209
222.945	20436	152	1409
222.949	20437	146	209
222.953	20438	150	1409
222.963	20439	151	1409
222.973	20440	152	1412
222.982	20441	154	1412
222.987	20442	151	209
222.99	20443	152	1409
223.003	20445	148	1409
223.01	20446	148	209
223.015	20447	151	1409
223.022	20448	151	1409
223.03	20449	151	209
223.037	20450	156	1409
223.042	20451	153	1409
223.05	20452	153	209
223.055	20453	156	1409
223.062	20454	155	1409
223.068	20455	152	209
223.072	20456	156	1409
223.077	20457	152	1409
223.081	20458	148	209
223.093	20460	150	1409
223.101	20461	150	209
223.105	20462	154	1409
223.113	20463	153	1409
223.12	20464	152	209
223.123	20465	153	1412
223.134	20466	157	1409
223.144	20467	158	1409
223.149	20468	156	209
223.152	20469	156	1409
223.164	20471	153	1409
223.17	20472	151	209
223.177	20473	157	1409
223.182	20474	153	1409
223.19	20475	153	209
223.192	20476	154	1409
223.205	20477	158	1409
223.21	20478	155	1412
223.217	20479	154	209
223.225	20481	152	1409
223.23	20482	149	209
223.232	20483	151	1409
223.245	20485	147	209
223.248	20486	148	1409
223.256	20487	148	1409
223.263	20488	147	209
223.27	20489	152	1409
223.275	20490	149	1409
223.283	20491	149	209
223.288	20492	153	1409
223.294	20493	152	1412
223.307	20494	155	1409
223.312	20495	153	209
223.317	20496	156	1409
223.32	20497	151	1409
223.323	20498	147	209
223.33	20499	152	1409
223.337	20500	151	1409
223.345	20501	151	209
223.347	20502	152	1409
223.358	20503	153	1409
223.367	20504	155	209
223.372	20505	158	1409
223.377	20506	155	1412
223.384	20507	155	1409
223.394	20508	156	209
223.407	20511	151	209
223.41	20512	153	1409
223.417	20513	151	1409
223.425	20514	151	209
223.429	20515	155	1409
223.439	20516	157	1412
223.449	20517	158	1409
223.456	20518	157	1412
223.464	20519	156	209
223.466	20520	157	1409
223.474	20521	157	1409
223.481	20522	157	209
223.484	20523	157	1409
223.489	20524	154	1409
223.494	20525	152	209
223.497	20526	153	1409
223.506	20527	155	1409
223.514	20528	154	209
223.517	20529	155	1409
223.524	20530	156	1409
223.527	20531	152	209
223.529	20532	153	1409
223.536	20533	155	1409
223.546	20534	157	209
223.548	20535	159	1409
223.555	20536	159	1409
223.56	20537	157	209
223.563	20538	159	1409
223.565	20539	156	1409
223.573	20540	156	209
223.58	20542	156	1409
223.581	20543	151	209
223.584	20544	152	1409
223.593	20545	155	1409
223.611	20546	154	1412
223.618	20547	156	1412
223.626	20548	152	209
223.631	20549	155	1409
223.645	20550	159	1409
223.65	20551	153	209
223.653	20552	154	1409
223.67	20554	150	209
223.673	20555	150	1409
223.683	20556	149	1409
223.69	20557	147	209
223.696	20558	150	1409
223.71	20559	153	1409
223.72	20560	153	209
223.723	20561	154	1409
223.732	20562	155	1409
223.74	20563	155	209
223.743	20564	156	1409
223.758	20566	155	209
223.76	20567	156	1409
223.765	20568	153	1409
223.773	20569	153	209
223.785	20571	156	1409
223.792	20572	155	1412
223.797	20573	151	209
223.8	20574	152	1409
223.81	20575	154	1409
223.815	20576	152	209
223.82	20577	155	1409
223.829	20578	156	1409
223.837	20580	154	1409
223.844	20581	153	1409
223.852	20582	153	209
223.854	20583	155	1409
223.862	20584	154	1409
223.87	20585	154	209
223.872	20586	156	1409
223.884	20587	159	1412
223.891	20588	159	1409
223.897	20589	156	209
223.899	20590	158	1409
223.907	20591	157	1409
223.912	20592	154	209
223.914	20593	156	1409
223.924	20594	158	1409
223.931	20595	157	209
223.934	20596	157	1409
223.943	20597	159	1409
223.949	20598	156	209
223.957	20600	155	1409
223.966	20601	157	1412
223.972	20602	155	209
223.982	20604	155	1409
223.989	20605	155	209
223.997	20607	153	1409
224.004	20608	153	1409
224.01	20609	151	209
224.022	20611	153	1409
224.027	20612	151	209
224.032	20613	153	1409
224.036	20614	150	1409
224.043	20615	148	212
224.043	20616	147	209
224.048	20618	143	1409
224.058	20619	145	209
224.06	20620	147	1409
224.07	20621	148	1409
224.078	20622	148	209
224.08	20623	150	1409
224.09	20624	151	1409
224.096	20625	149	209
224.105	20627	149	1409
224.113	20628	148	209
224.115	20629	150	1409
224.129	20631	147	209
224.131	20632	148	1409
224.138	20633	148	1409
224.144	20634	146	209
224.149	20635	150	1409
224.159	20636	151	1412
224.166	20637	151	1409
224.174	20638	150	209
224.183	20640	151	1412
224.193	20641	152	1409
224.2	20642	152	1412
224.208	20643	152	209
224.211	20644	152	1409
224.22	20645	154	1409
224.23	20646	155	1412
224.238	20647	155	209
224.242	20648	159	1409
224.248	20649	156	1409
224.257	20650	158	1412
224.265	20651	157	209
224.267	20652	159	1409
224.279	20653	162	1409
224.284	20654	160	209
224.287	20655	161	1409
224.296	20656	162	1409
224.299	20657	157	209
224.301	20658	158	1409
224.311	20659	160	1409
224.32	20660	162	1412
224.325	20661	159	209
224.332	20662	164	1409
224.34	20663	163	1409
224.347	20664	163	1412
224.355	20665	162	209
224.357	20666	164	1409
224.365	20667	165	1409
224.366	20668	160	209
224.37	20670	157	1409
224.376	20671	157	209
224.378	20672	158	1409
224.388	20674	154	1412
224.396	20675	156	209
224.403	20677	155	1409
224.408	20678	155	209
224.411	20679	156	1409
224.428	20683	153	1409
224.431	20684	150	209
224.434	20685	151	1409
224.441	20686	149	1409
224.449	20687	146	209
224.456	20688	151	1409
224.464	20689	149	1409
224.471	20690	146	209
224.474	20691	146	1409
224.483	20692	146	1409
224.497	20693	148	209
224.499	20694	148	1409
224.509	20695	148	1409
224.517	20696	145	209
224.521	20697	148	1409
224.531	20698	148	1409
224.542	20699	147	209
224.544	20700	149	1409
224.554	20701	147	1409
224.561	20702	147	209
224.564	20703	149	1409
224.576	20704	152	1412
224.588	20705	156	1409
224.597	20706	158	1412
224.604	20707	156	209
224.606	20708	156	1409
224.615	20709	158	1412
224.633	20711	159	209
224.635	20712	161	1409
224.64	20713	158	1412
224.648	20714	157	212
224.65	20715	159	1412
224.656	20716	156	1409
224.665	20718	157	1409
224.673	20719	156	1409
224.68	20720	156	209
224.683	20721	157	1409
224.688	20722	155	1409
224.693	20723	152	209
224.701	20725	150	1409
224.709	20726	149	209
224.711	20727	151	1409
224.721	20728	153	1409
224.727	20729	150	209
224.736	20731	151	1409
224.744	20732	151	209
224.752	20734	149	1409
224.757	20735	147	209
224.762	20736	150	1409
224.769	20737	149	1409
224.774	20738	147	209
224.777	20739	147	1409
224.784	20740	146	1409
224.792	20741	146	209
224.801	20742	155	1409
224.807	20743	152	1409
224.812	20744	149	209
224.817	20745	153	1409
224.824	20746	153	1409
224.827	20747	147	209
224.832	20748	151	1409
224.839	20749	151	1412
224.849	20750	152	1409
224.856	20751	152	209
224.861	20752	156	1409
224.868	20753	155	1409
224.876	20754	155	212
224.877	20755	153	209
224.879	20756	155	1409
224.886	20757	153	1409
224.894	20758	154	209
224.896	20759	155	1409
224.908	20760	158	1409
224.915	20761	158	1412
224.921	20762	155	209
224.925	20763	159	1409
224.933	20764	158	1409
224.938	20765	156	209
224.94	20766	157	1409
224.95	20767	158	1412
224.955	20768	156	1409
224.962	20769	155	1412
224.97	20770	155	209
224.975	20771	157	1409
224.988	20773	155	209
224.991	20774	156	1409
224.998	20775	156	1409
225.005	20776	155	209
225.008	20777	156	1409
225.013	20778	153	1409
225.02	20779	153	209
225.025	20780	156	1409
225.038	20782	153	209
225.04	20783	155	1409
225.05	20784	156	1409
225.053	20785	152	209
225.058	20786	154	1409
225.073	20788	153	209
225.075	20789	155	1409
225.083	20790	154	1409
225.09	20791	154	209
225.093	20792	155	1409
225.102	20793	157	1409
225.108	20794	154	209
225.117	20796	155	1409
225.123	20797	152	209
225.127	20798	156	1409
225.135	20799	155	1409
225.142	20800	155	209
225.145	20801	156	1409
225.152	20802	156	1409
225.16	20803	154	209
225.162	20804	156	1409
225.17	20805	155	1409
225.173	20806	152	209
225.175	20807	153	1409
225.184	20808	157	1409
225.199	20811	158	1412
225.204	20812	156	1409
225.207	20813	153	209
225.209	20814	154	1409
225.219	20815	157	1409
225.222	20816	154	209
225.23	20818	154	1409
225.238	20819	155	209
225.242	20820	154	1412
225.247	20821	152	1409
225.257	20822	156	1409
225.262	20823	155	209
225.277	20825	155	1412
225.285	20826	152	1409
225.293	20827	149	209
225.297	20828	153	1409
225.315	20830	149	209
225.318	20831	150	1412
225.33	20832	152	1409
225.34	20833	150	1409
225.348	20834	148	209
225.364	20836	152	1409
225.372	20837	150	209
225.375	20838	150	1409
225.387	20839	152	1409
225.395	20840	151	209
225.399	20841	155	1409
225.403	20842	150	212
225.407	20843	154	1412
225.422	20845	153	209
225.427	20846	156	1409
225.435	20847	156	1409
225.442	20848	155	1412
225.45	20849	155	209
225.459	20851	155	1409
225.467	20852	155	209
225.472	20854	151	1409
225.486	20855	157	1412
225.492	20856	155	209
225.499	20858	153	1409
225.508	20859	153	209
225.51	20860	154	1409
225.517	20861	154	1409
225.527	20862	155	1412
225.532	20863	153	209
225.535	20864	154	1409
225.548	20866	151	209
225.553	20868	147	1409
225.558	20869	145	209
225.563	20870	147	1412
225.573	20871	149	1409
225.582	20872	151	1409
225.588	20873	149	209
225.59	20874	150	1409
225.598	20875	149	1409
225.605	20876	149	209
225.608	20877	150	1409
225.618	20878	152	1409
225.627	20879	154	1412
225.633	20880	151	209
225.635	20881	152	1409
225.648	20883	149	209
225.655	20884	155	1409
225.662	20885	155	1409
225.672	20886	156	1412
225.679	20887	156	1412
225.685	20888	153	209
225.697	20890	156	1409
225.707	20892	157	1412
225.716	20893	158	1409
225.726	20894	160	1409
225.732	20895	157	209
225.734	20896	158	1409
225.739	20897	156	1409
225.747	20898	155	209
225.749	20899	157	1409
225.759	20900	158	1412
225.764	20901	155	1412
225.773	20902	157	1409
225.779	20903	155	209
225.784	20904	158	1409
225.791	20905	158	1409
225.801	20907	158	1409
225.808	20908	157	1409
225.816	20909	157	209
225.823	20911	155	1409
225.829	20912	153	209
225.832	20913	154	1409
225.839	20914	153	1409
225.847	20915	154	209
225.849	20916	155	1409
225.856	20917	154	1412
225.867	20919	148	209
225.872	20920	152	1409
225.883	20922	147	209
225.887	20923	150	1409
225.897	20924	151	1409
225.91	20926	148	212
225.91	20927	148	209
225.92	20929	148	1409
225.926	20930	146	209
225.928	20931	147	1409
225.935	20932	147	1409
225.943	20933	146	209
225.945	20934	148	1409
225.954	20935	149	1409
225.96	20936	147	209
225.967	20937	152	1409
225.977	20938	153	1409
225.98	20939	148	209
225.984	20940	152	1409
225.994	20941	153	1409
226	20942	151	209
226.002	20943	153	1409
226.009	20944	152	212
226.012	20945	153	1409
226.019	20946	153	209
226.022	20947	154	1409
226.032	20948	157	1412
226.039	20949	158	1409
226.046	20950	160	209
226.048	20951	161	1409
226.053	20952	159	1409
226.059	20953	158	209
226.062	20955	153	1409
226.071	20956	157	209
226.074	20957	158	1409
226.086	20959	158	1409
226.095	20960	161	1412
226.105	20963	157	1409
226.113	20964	158	209
226.122	20965	162	1412
226.13	20966	159	1412
226.139	20967	158	1409
226.152	20968	159	1409
226.159	20969	156	209
226.164	20970	159	1409
226.172	20971	158	1409
226.184	20972	159	209
226.189	20973	161	1409
226.199	20974	161	1409
226.207	20975	158	209
226.209	20976	159	1409
226.219	20977	158	1409
226.231	20979	159	1409
226.248	20982	158	1409
226.254	20983	155	1409
226.259	20984	153	209
226.268	20986	153	1412
226.278	20987	154	1409
226.29	20988	159	209
226.292	20989	160	1409
226.298	20990	158	1412
226.311	20992	154	212
226.313	20993	156	1412
226.321	20994	155	209
226.324	20995	156	1409
226.337	20997	153	209
226.341	20998	157	1409
226.344	20999	151	1409
226.347	21000	146	209
226.349	21001	148	1409
226.358	21002	149	1409
226.365	21003	147	209
226.379	21005	151	1409
226.382	21006	146	209
226.384	21007	148	1409
226.392	21008	147	1409
226.4	21009	147	209
226.402	21010	148	1409
226.412	21011	150	1409
226.417	21012	148	209
226.419	21013	149	1409
226.429	21014	151	1409
226.436	21015	150	212
226.437	21016	148	209
226.439	21017	150	1409
226.45	21018	151	1412
226.457	21019	151	212
226.462	21021	147	209
226.467	21022	151	1409
226.477	21023	153	1412
226.488	21025	148	209
226.493	21026	151	1409
226.498	21027	149	1409
226.508	21028	150	209
226.512	21029	153	1409
226.52	21030	152	1412
226.528	21031	152	1409
226.533	21032	149	209
226.545	21034	152	1412
226.554	21035	154	1409
226.562	21036	153	209
226.564	21037	155	1409
226.574	21038	156	1409
226.582	21039	157	209
226.584	21040	157	1409
226.591	21041	156	1412
226.601	21042	158	1409
226.607	21043	155	209
226.611	21044	159	1409
226.618	21045	158	1409
226.624	21046	155	209
226.634	21048	156	1409
226.639	21049	153	209
226.642	21050	156	1409
226.657	21052	153	209
226.659	21053	155	1409
226.667	21054	154	1412
226.674	21055	154	1409
226.682	21056	153	209
226.684	21057	154	1409
226.694	21058	156	1409
226.703	21059	158	1412
226.711	21061	156	1409
226.72	21062	158	1409
226.721	21063	151	209
226.726	21064	154	1409
226.736	21065	155	1409
226.744	21066	155	209
226.746	21067	156	1409
226.756	21068	158	1412
226.761	21069	155	1409
226.769	21070	155	209
226.776	21072	154	1409
226.782	21073	152	209
226.789	21075	149	1409
226.795	21076	146	209
226.8	21077	150	1409
226.809	21078	152	1409
226.815	21079	149	209
226.825	21081	150	1409
226.83	21082	148	209
226.84	21084	149	1409
226.845	21085	148	1409
226.85	21086	146	209
226.852	21087	148	1409
226.859	21088	149	1412
226.866	21089	150	1409
226.874	21090	151	209
226.876	21091	152	1409
226.884	21092	153	1409
226.892	21093	154	209
226.894	21094	156	1409
226.899	21095	155	1409
226.904	21096	151	209
226.906	21097	153	1409
226.914	21098	154	212
226.917	21099	155	1409
226.919	21100	149	209
226.922	21101	151	1409
226.929	21102	151	1409
226.937	21103	150	209
226.944	21104	156	1409
226.956	21105	157	1409
226.964	21106	154	209
226.975	21108	154	1409
226.985	21109	153	1412
226.997	21110	155	1412
227.01	21111	156	209
227.012	21112	156	1409
227.025	21113	159	1409
227.034	21114	158	1412
227.042	21115	154	209
227.046	21116	158	1409
227.059	21117	160	1412
227.066	21118	159	1409
227.071	21119	156	209
227.076	21120	160	1409
227.086	21121	161	1409
227.092	21122	158	209
227.094	21123	159	1409
227.099	21124	156	1409
227.107	21125	156	209
227.114	21127	154	1409
227.122	21128	154	209
227.124	21129	156	1409
227.132	21130	155	1409
227.139	21131	154	209
227.155	21134	152	209
227.157	21135	154	1409
227.168	21137	149	209
227.17	21138	150	1409
227.185	21140	149	1409
227.193	21141	148	209
227.195	21142	150	1409
227.201	21143	147	1409
227.208	21144	147	209
227.211	21145	147	1409
227.218	21146	147	1409
227.223	21147	144	209
227.226	21148	146	1409
227.241	21150	144	209
227.244	21151	146	1409
227.254	21152	148	1409
227.257	21153	143	209
227.266	21154	150	1409
227.271	21155	147	1409
227.279	21156	147	209
227.281	21157	149	1409
227.29	21158	150	1409
227.298	21159	150	209
227.301	21160	151	1409
227.31	21161	153	1409
227.318	21162	152	1412
227.325	21163	152	209
227.328	21164	153	1409
227.338	21165	155	1409
227.348	21166	157	209
227.36	21168	159	1409
227.369	21169	161	1412
227.377	21170	160	1412
227.386	21171	161	1412
227.394	21172	161	209
227.396	21173	162	1409
227.403	21174	162	1412
227.411	21175	161	1409
227.419	21176	161	209
227.421	21177	162	1409
227.43	21178	164	1409
227.436	21179	160	209
227.438	21180	162	1409
227.448	21181	163	1409
227.455	21182	163	1412
227.46	21183	160	209
227.465	21184	164	1409
227.472	21185	163	1409
227.48	21186	162	209
227.487	21188	160	1409
227.495	21189	159	209
227.497	21190	160	1409
227.506	21191	162	1409
227.514	21192	161	209
227.516	21193	162	1409
227.523	21194	161	1409
227.529	21195	158	209
227.534	21196	161	1409
227.541	21197	161	1409
227.549	21198	159	209
227.551	21199	161	1409
227.557	21200	157	1409
227.562	21201	155	209
227.564	21202	156	1409
227.575	21203	157	1412
227.585	21205	152	209
227.603	21209	149	1409
227.608	21210	147	1409
227.616	21211	146	209
227.618	21212	147	1409
227.626	21213	146	1409
227.634	21214	146	209
227.636	21215	147	1409
227.645	21216	148	1409
227.649	21217	142	209
227.651	21218	144	1409
227.661	21219	145	1409
227.668	21220	146	209
227.671	21221	147	1409
227.676	21222	145	1409
227.683	21223	147	1412
227.689	21224	146	209
227.694	21225	149	1409
227.701	21226	149	1409
227.706	21227	149	209
227.709	21228	150	1409
227.717	21229	150	1409
227.719	21230	146	209
227.722	21231	148	1409
227.732	21232	148	1409
227.74	21233	148	209
227.742	21234	150	1409
227.752	21235	150	1409
227.757	21236	149	209
227.759	21237	150	1409
227.768	21238	153	1409
227.776	21239	149	209
227.778	21240	150	1409
227.793	21241	153	1412
227.805	21242	152	1412
227.815	21243	151	1412
227.824	21244	150	212
227.829	21245	153	1409
227.839	21246	152	209
227.842	21247	153	1409
227.854	21248	154	1409
227.861	21249	150	209
227.864	21250	151	1409
227.879	21251	154	1409
227.884	21252	152	209
227.889	21253	155	1409
227.899	21254	156	1409
227.904	21255	153	209
227.906	21256	155	1409
227.914	21257	153	1409
227.922	21258	153	209
227.924	21259	154	1409
227.929	21260	150	1409
227.936	21261	150	209
227.939	21262	151	1409
227.949	21263	152	1409
227.959	21264	154	209
227.966	21266	152	1409
227.975	21267	152	209
227.985	21269	152	1409
227.992	21270	152	209
227.994	21271	153	1409
227.998	21272	147	1409
228.006	21273	147	209
228.008	21274	149	1409
228.018	21275	149	1409
228.024	21276	147	209
228.026	21277	148	1409
228.037	21279	142	209
228.041	21280	146	1409
228.049	21281	145	1409
228.052	21282	140	209
228.057	21283	143	1409
228.063	21284	142	1409
228.072	21285	142	209
228.077	21286	146	1409
228.086	21287	147	1409
228.094	21288	147	209
228.096	21289	148	1409
228.104	21290	147	1409
228.111	21291	146	209
228.114	21292	147	1409
228.124	21293	149	1409
228.131	21294	149	209
228.134	21295	150	1409
228.144	21296	151	1409
228.149	21297	149	209
228.154	21298	153	1409
228.161	21299	152	1409
228.173	21300	155	1412
228.179	21301	152	209
228.188	21302	154	1412
228.198	21303	155	1409
228.208	21304	157	1409
228.215	21305	157	209
228.217	21306	158	1409
228.227	21307	158	1409
228.235	21308	158	209
228.237	21309	160	1409
228.244	21310	159	1409
228.256	21311	161	1412
228.263	21312	161	209
228.266	21313	162	1409
228.276	21314	165	1409
228.281	21315	161	209
228.286	21316	164	1409
228.291	21317	162	1409
228.298	21318	161	209
228.301	21319	161	1409
228.306	21320	159	1409
228.314	21321	158	209
228.316	21322	159	1409
228.321	21323	156	1409
228.329	21324	155	209
228.331	21325	157	1409
228.34	21326	158	1409
228.348	21327	157	209
228.35	21328	158	1409
228.358	21329	157	1409
228.367	21331	157	1409
228.375	21332	156	1409
228.382	21333	156	209
228.385	21334	157	1409
228.392	21335	157	1409
228.4	21336	156	209
228.41	21338	157	1409
228.418	21339	156	209
228.421	21340	157	1409
228.428	21341	156	1409
228.434	21342	154	209
228.443	21344	154	1409
228.446	21345	149	209
228.449	21346	150	1409
228.458	21347	152	1409
228.466	21348	150	209
228.473	21350	149	1409
228.478	21351	146	209
228.483	21352	149	1409
228.493	21353	151	1409
228.496	21354	147	209
228.5	21355	151	1409
228.506	21356	149	1409
228.513	21357	150	209
228.516	21358	151	1409
228.523	21359	152	1409
228.528	21360	151	209
228.53	21361	152	1409
228.54	21362	155	1409
228.543	21363	152	209
228.548	21364	155	1409
228.553	21365	155	1409
228.563	21367	156	1409
228.568	21368	154	1409
228.573	21369	154	212
228.576	21371	155	1409
228.579	21372	151	1409
228.586	21373	152	209
228.589	21374	153	1409
228.593	21375	151	1409
228.612	21376	152	1412
228.626	21377	154	209
228.628	21378	155	1409
228.637	21379	154	1409
228.648	21380	153	1412
228.657	21381	152	209
228.66	21382	152	1409
228.67	21383	152	1409
228.68	21384	150	1412
228.69	21385	150	209
228.693	21386	151	1409
228.703	21387	150	1409
228.713	21388	151	209
228.717	21389	155	1409
228.723	21390	152	1409
228.73	21391	152	209
228.735	21392	154	1409
228.742	21393	154	1409
228.748	21394	151	209
228.752	21395	155	1409
228.759	21396	153	1409
228.765	21397	150	212
228.765	21398	150	209
228.768	21399	151	1409
228.774	21400	149	1409
228.777	21401	144	212
228.778	21402	143	209
228.78	21403	145	1409
228.787	21404	143	1409
228.792	21405	140	209
228.795	21406	141	1409
228.8	21407	138	1409
228.881	21408	50	209
228.883	21409	53	1409
228.89	21410	53	1409
228.897	21411	51	209
228.899	21412	53	1409
228.907	21413	53	1409
228.984	21414	51	209
228.987	21415	52	1409
228.995	21416	52	1409
229.001	21417	50	209
229.004	21418	52	1409
229.012	21419	52	1409
229.087	21420	53	209
229.089	21421	54	1409
229.097	21422	54	1409
229.103	21423	51	209
229.105	21424	53	1409
229.117	21425	57	1409
229.125	21426	57	209
229.128	21427	57	1409
229.137	21428	59	1409
229.145	21429	59	209
229.147	21430	60	1409
229.157	21431	62	1409
229.163	21432	59	209
229.167	21433	63	1409
229.175	21434	62	1409
229.182	21435	61	209
229.187	21436	64	1409
229.195	21437	65	1409
229.202	21438	64	209
229.205	21439	65	1409
229.212	21440	67	1409
229.22	21441	67	209
229.225	21442	71	1409
229.232	21443	72	1409
229.24	21444	73	209
229.242	21445	75	1409
229.249	21446	76	1409
229.258	21447	77	209
229.262	21448	81	1409
229.267	21449	80	1409
229.275	21450	80	209
229.279	21451	84	1409
229.287	21452	86	1409
229.294	21453	86	209
229.297	21454	87	1409
229.307	21455	92	1409
229.314	21456	92	209
229.317	21457	93	1409
229.327	21458	97	1409
229.334	21459	98	209
229.337	21460	99	1409
229.345	21461	101	1409
229.352	21462	101	209
229.357	21463	105	1409
229.369	21464	107	1409
229.38	21465	106	209
229.384	21466	110	1409
229.396	21467	111	1409
229.404	21468	108	209
229.407	21469	109	1409
229.422	21470	113	1409
229.429	21471	110	209
229.434	21472	112	1409
229.446	21473	114	1409
229.457	21474	114	209
229.459	21475	114	1409
229.472	21476	116	1409
229.479	21477	116	209
229.482	21478	117	1409
229.494	21479	122	1409
229.499	21480	119	209
229.504	21481	121	1409
229.514	21482	123	1409
229.522	21483	123	209
229.526	21484	127	1409
229.536	21485	128	1409
229.544	21486	129	209
229.546	21487	130	1409
229.559	21488	133	1409
229.566	21489	133	209
229.569	21490	134	1409
229.579	21491	136	1409
229.586	21492	136	209
229.589	21493	137	1409
229.599	21494	139	1409
229.607	21495	138	209
229.609	21496	140	1409
229.621	21497	144	1409
229.628	21498	143	209
229.631	21499	145	1409
229.643	21500	149	1409
229.649	21501	146	209
229.653	21502	149	1409
229.666	21503	153	1409
229.674	21504	153	209
229.676	21505	154	1409
229.686	21506	156	1409
229.697	21508	159	1409
229.705	21509	158	1409
229.71	21510	155	209
229.713	21511	157	1409
229.723	21512	158	1409
229.726	21513	154	209
229.733	21515	152	1409
229.739	21516	150	209
229.744	21517	152	1409
229.754	21518	154	1409
229.757	21519	149	209
229.761	21520	153	1409
229.775	21522	150	209
229.777	21523	151	1409
229.785	21524	150	1409
229.794	21526	151	1409
229.804	21527	152	1409
229.809	21528	150	209
229.811	21529	151	1409
229.821	21530	151	1409
229.829	21531	151	209
229.831	21532	153	1409
229.838	21533	152	1409
229.849	21534	154	209
229.851	21535	155	1409
229.864	21537	152	209
229.867	21538	153	1409
229.879	21539	157	1409
229.884	21540	155	209
229.887	21541	156	1409
229.9	21543	153	209
229.904	21545	155	1409
229.909	21546	152	1409
229.914	21547	149	209
229.917	21548	150	1409
229.924	21549	149	1409
229.933	21550	151	209
229.936	21551	151	1412
229.948	21552	155	1409
229.958	21553	157	1409
229.965	21554	157	209
229.967	21555	158	1409
229.972	21556	155	1409
229.984	21557	159	1412
229.99	21558	156	209
229.997	21559	161	1409
230.004	21560	160	1409
230.007	21561	156	212
230.012	21562	160	209
230.02	21564	159	1409
230.026	21565	156	209
230.033	21567	154	1409
230.041	21568	153	209
230.043	21569	155	1409
230.052	21570	156	1409
230.058	21571	154	209
230.068	21573	153	1412
230.077	21574	155	1409
230.081	21575	150	209
230.09	21577	150	1409
230.098	21578	150	209
230.103	21579	153	1412
230.106	21580	148	212
230.11	21581	152	1409
230.116	21582	150	1409
230.124	21583	149	209
230.128	21584	153	1409
230.136	21585	152	1409
230.146	21586	155	209
230.148	21587	156	1409
230.156	21589	151	209
230.158	21590	153	1409
230.163	21591	152	1409
230.171	21592	152	209
230.18	21594	155	1409
230.186	21595	153	209
230.188	21596	155	1409
230.201	21599	153	1409
230.209	21601	148	209
230.212	21602	150	1409
230.224	21604	147	1409
230.234	21605	150	1412
230.241	21606	152	209
230.249	21608	152	1409
230.255	21609	147	209
230.257	21610	147	1409
230.271	21611	151	1412
230.281	21612	149	1409
230.291	21613	150	1412
230.304	21614	151	209
230.306	21615	151	1409
230.319	21616	153	1409
230.327	21617	151	209
230.331	21618	154	1409
230.339	21619	150	1409
230.349	21620	149	209
230.352	21621	151	1409
230.362	21622	153	1412
230.372	21623	155	1409
230.379	21624	155	209
230.384	21626	151	1412
230.394	21627	152	1409
230.404	21629	152	1412
230.412	21630	152	212
230.414	21631	154	1412
230.421	21632	153	1409
230.433	21633	156	1412
230.443	21634	157	1409
230.446	21635	152	209
230.451	21636	156	1409
230.458	21637	155	1412
230.468	21638	157	1409
230.476	21639	157	209
230.478	21640	157	1409
230.495	21642	159	209
230.498	21643	160	1409
230.505	21644	160	1409
230.51	21645	157	209
230.52	21647	157	1409
230.528	21648	156	209
230.53	21649	157	1409
230.538	21650	157	1409
230.545	21651	156	209
230.551	21653	153	1409
230.558	21654	152	209
230.571	21656	155	1409
230.585	21659	153	1409
230.59	21660	150	1412
230.6	21661	152	209
230.602	21662	152	1409
230.61	21663	152	212
230.615	21664	155	1409
230.624	21666	156	1409
230.632	21667	155	1409
230.639	21668	155	209
230.652	21670	157	1409
230.657	21671	155	209
230.66	21672	157	1409
230.669	21673	158	1409
230.677	21674	158	209
230.68	21675	158	1409
230.695	21677	157	209
230.702	21679	156	1412
230.715	21681	153	209
230.718	21682	154	1409
230.725	21683	153	1412
230.73	21684	150	1409
230.736	21685	148	209
230.738	21686	149	1409
230.753	21687	152	1412
230.76	21688	151	1409
230.77	21689	153	209
230.775	21690	154	1412
230.782	21691	154	1409
230.787	21692	151	212
230.79	21693	151	1412
230.798	21694	151	1409
230.805	21695	151	209
230.81	21696	154	1409
230.82	21697	155	1409
230.826	21698	152	209
230.826	21699	152	212
230.828	21700	153	1409
230.836	21701	151	1409
230.841	21702	149	209
230.843	21703	150	1409
230.855	21704	153	1412
230.862	21705	152	1409
230.868	21706	150	209
230.873	21707	152	1409
230.88	21708	152	1409
230.884	21709	146	209
230.888	21710	150	1409
230.896	21711	149	1412
230.906	21712	150	1412
230.915	21713	152	1409
230.925	21714	152	1412
230.93	21715	150	209
230.937	21716	156	1409
230.947	21717	156	1409
230.954	21718	156	209
230.957	21719	157	1409
230.969	21720	160	1409
230.974	21721	157	209
230.976	21722	159	1409
230.986	21723	159	1409
230.992	21724	158	209
230.994	21725	159	1409
231.002	21726	161	1409
231.007	21727	159	209
231.011	21728	163	1409
231.016	21729	161	1409
231.023	21730	161	209
231.026	21731	162	1409
231.03	21732	161	1409
231.04	21734	162	1409
231.048	21736	157	209
231.051	21737	159	1409
231.058	21738	159	1409
231.063	21739	157	209
231.068	21740	156	1409
231.079	21742	153	209
231.086	21743	155	1409
231.098	21744	156	1409
231.111	21745	158	209
231.113	21746	158	1409
231.121	21747	155	1409
231.126	21748	150	209
231.131	21749	153	1409
231.139	21750	149	1409
231.149	21751	149	209
231.152	21752	149	1409
231.164	21753	150	1409
231.174	21754	149	209
231.179	21755	152	1409
231.192	21757	149	209
231.196	21758	152	1409
231.209	21760	148	209
231.211	21761	149	1409
231.219	21762	148	1409
231.229	21763	151	209
231.232	21764	151	1409
231.239	21765	151	1409
231.247	21766	151	212
231.247	21767	150	209
231.25	21768	151	1412
231.259	21769	152	1409
231.267	21770	152	1409
231.272	21771	149	209
231.275	21772	150	1409
231.285	21773	152	1412
231.292	21774	151	1409
231.302	21775	152	209
231.307	21776	156	1409
231.314	21777	153	1409
231.32	21778	151	209
231.331	21780	154	1409
231.339	21781	153	209
231.341	21782	155	1409
231.351	21783	156	1409
231.359	21784	155	209
231.361	21785	157	1409
231.368	21786	155	1409
231.379	21787	156	209
231.397	21789	155	1412
231.404	21790	154	1409
231.414	21791	154	1412
231.419	21792	152	209
231.424	21793	155	1409
231.431	21794	154	1409
231.434	21795	150	209
231.437	21796	152	1409
231.442	21797	148	1409
231.452	21798	149	209
231.462	21800	150	1409
231.468	21801	148	209
231.48	21803	151	1409
231.485	21804	148	209
231.492	21805	153	1409
231.499	21806	153	1409
231.505	21807	150	209
231.513	21809	149	1409
231.523	21810	151	209
231.525	21811	151	1409
231.53	21812	148	1412
231.54	21813	150	1409
231.55	21814	152	209
231.552	21815	154	1409
231.562	21816	155	1409
231.567	21817	153	209
231.572	21818	156	1409
231.584	21819	159	1409
231.591	21821	158	1409
231.608	21823	159	1412
231.616	21824	159	209
231.618	21825	159	1409
231.628	21826	161	1409
231.631	21827	156	209
231.634	21828	157	1409
231.641	21829	156	1409
231.646	21830	154	209
231.651	21831	157	1409
231.658	21832	155	1409
231.666	21833	155	209
231.668	21834	156	1409
231.675	21835	156	1412
231.685	21836	157	1409
231.69	21837	154	1412
231.7	21838	156	209
231.702	21839	157	1409
231.709	21840	156	1409
231.717	21841	156	209
231.72	21842	157	1409
231.729	21843	159	1412
231.739	21844	160	1409
231.749	21846	161	1409
231.759	21847	162	1409
231.764	21848	159	209
231.766	21849	161	1409
231.772	21850	158	1409
231.774	21851	153	209
231.78	21852	156	1409
231.787	21853	155	1409
231.792	21854	153	209
231.795	21855	154	1409
231.802	21856	154	212
231.812	21858	153	1412
231.817	21859	153	209
231.82	21860	154	1409
231.827	21861	155	1409
231.83	21862	152	209
231.835	21864	150	1409
231.836	21865	144	209
231.843	21866	149	1409
231.848	21867	148	1409
231.858	21869	149	1409
231.864	21870	149	1409
231.87	21871	148	209
231.875	21872	149	1409
231.887	21873	152	1409
231.895	21874	154	209
231.897	21875	156	1409
231.907	21876	154	1409
231.917	21878	156	1409
231.924	21879	153	1409
231.935	21880	152	209
231.937	21881	153	1409
231.95	21882	155	1409
231.962	21883	157	212
231.965	21885	156	1409
231.98	21887	149	209
231.987	21888	154	1409
231.994	21889	151	1409
232.005	21890	151	209
232.007	21891	152	1409
232.019	21892	153	1412
232.029	21893	154	1409
232.036	21894	153	209
232.038	21895	155	1409
232.047	21896	156	1412
232.055	21897	156	1409
232.065	21898	158	212
232.065	21899	157	209
232.068	21900	157	1409
232.077	21901	160	1409
232.085	21902	160	209
232.097	21904	162	1409
232.1	21905	158	209
232.103	21906	159	1409
232.11	21907	158	1409
232.118	21908	158	209
232.122	21909	162	1409
232.128	21910	159	212
232.13	21911	160	1409
232.137	21912	160	209
232.143	21914	156	1409
232.148	21915	153	209
232.155	21917	152	1409
232.171	21920	150	212
232.173	21921	151	1409
232.181	21922	151	209
232.183	21923	153	1412
232.198	21925	151	1409
232.204	21926	149	209
232.213	21928	150	1409
232.219	21929	147	209
232.221	21930	149	1409
232.229	21931	148	1409
232.234	21932	146	209
232.236	21933	147	1409
232.247	21934	150	1409
232.254	21935	150	209
232.264	21937	151	1409
232.27	21938	148	209
232.28	21940	149	1409
232.287	21941	149	209
232.289	21942	150	1409
232.306	21944	151	1409
232.312	21945	149	209
232.319	21946	155	1409
232.324	21947	151	1409
232.332	21948	151	209
232.334	21949	152	1409
232.341	21950	151	1409
232.349	21951	152	1412
232.359	21952	154	209
232.363	21953	158	1409
232.372	21954	159	1412
232.38	21955	159	212
232.383	21956	160	1412
232.392	21957	162	1409
232.398	21958	160	209
232.405	21960	157	1409
232.423	21962	159	1412
232.44	21965	159	1409
232.447	21966	159	209
232.455	21968	157	1409
232.46	21969	156	209
232.47	21971	157	1409
232.475	21972	154	1412
232.485	21973	155	1412
232.494	21975	156	1409
232.502	21976	156	1409
232.506	21977	151	209
232.51	21978	155	1409
232.517	21979	154	1412
232.525	21980	153	1409
232.532	21981	153	209
232.535	21982	155	1409
232.542	21983	153	1409
232.545	21984	150	209
232.548	21985	151	1409
232.555	21986	151	1409
232.563	21987	151	209
232.565	21988	151	1409
232.575	21989	154	1409
232.585	21991	154	1409
232.59	21992	152	1409
232.598	21993	151	209
232.6	21994	152	1409
232.61	21995	154	1412
232.619	21996	156	1409
232.627	21998	155	1412
232.64	22000	150	212
232.642	22001	153	1412
232.649	22002	153	1409
232.655	22003	153	209
232.66	22004	155	1412
232.667	22005	156	1409
232.674	22006	157	1409
232.681	22007	159	1412
232.687	22008	157	209
232.696	22010	160	1409
232.702	22011	157	212
232.704	22013	158	1409
232.717	22015	156	209
232.719	22016	158	1409
232.732	22018	157	209
232.743	22020	158	1409
232.751	22022	158	1409
232.761	22023	156	1409
232.769	22024	154	209
232.783	22026	157	1409
232.794	22028	155	209
232.796	22029	156	1409
232.803	22030	153	1409
232.814	22031	152	209
232.818	22032	156	1409
232.828	22033	155	1409
232.838	22034	155	212
232.839	22035	153	209
232.841	22036	154	1409
232.851	22037	153	1412
232.863	22038	155	1409
232.871	22039	155	209
232.878	22041	154	1409
232.886	22042	153	209
232.888	22043	155	1409
232.898	22044	157	1409
232.903	22045	153	1412
232.909	22046	151	212
232.909	22047	151	209
232.911	22048	152	1409
232.921	22049	153	1412
232.931	22050	155	1409
232.937	22052	147	209
232.95	22054	150	1412
232.957	22055	149	212
232.959	22056	151	1409
232.965	22058	147	1409
232.972	22059	146	1409
232.981	22060	148	1412
232.989	22061	148	209
232.992	22062	149	1409
233.004	22064	152	1409
233.012	22065	152	209
233.014	22066	153	1409
233.027	22068	151	209
233.034	22070	149	1409
233.042	22071	149	209
233.045	22072	150	1409
233.055	22073	152	1409
233.062	22074	152	209
233.065	22075	153	1409
233.074	22076	155	1409
233.089	22079	153	1409
233.096	22080	153	1409
233.102	22081	150	209
233.104	22082	152	1409
233.114	22083	154	1409
233.121	22084	153	209
233.124	22085	154	1409
233.131	22086	154	1409
233.141	22087	156	209
233.144	22088	157	1409
233.153	22089	158	1412
233.163	22090	161	1412
233.17	22091	160	1409
233.176	22092	157	212
233.179	22093	159	209
233.186	22095	157	1409
233.194	22096	157	209
233.196	22097	158	1409
233.21	22099	158	209
233.211	22100	156	212
233.213	22101	158	1409
233.223	22102	159	1409
233.228	22103	157	209
233.236	22105	155	1412
233.253	22107	157	1409
233.254	22108	151	209
233.259	22109	154	1409
233.266	22110	154	1409
233.274	22112	153	1409
233.281	22113	152	1409
233.289	22114	151	209
233.291	22115	153	1409
233.294	22116	148	212
233.297	22117	149	1412
233.304	22118	148	1409
233.309	22119	146	209
233.312	22120	147	1409
233.321	22121	148	1409
233.327	22122	146	209
233.329	22123	148	1409
233.339	22124	149	1409
233.344	22125	146	209
233.347	22126	148	1409
233.354	22127	147	1409
233.359	22128	146	209
233.364	22129	148	1409
233.371	22130	149	1409
233.376	22131	146	209
233.379	22132	147	1409
233.389	22133	149	1412
233.396	22134	148	1409
233.404	22135	149	209
233.407	22136	150	1409
233.416	22137	151	1412
233.423	22138	151	1409
233.432	22139	151	209
233.434	22140	153	1409
233.443	22141	154	1412
233.453	22142	156	1409
233.46	22143	156	1412
233.468	22144	155	209
233.47	22145	157	1409
233.48	22146	158	1409
233.488	22147	158	212
233.488	22148	157	209
233.493	22149	160	1409
233.498	22151	153	209
233.505	22153	154	1409
233.513	22154	155	209
233.516	22155	156	1409
233.525	22156	159	1409
233.525	22157	154	209
233.528	22158	155	1409
233.537	22159	159	1409
233.542	22160	157	209
233.545	22161	159	1409
233.549	22163	150	209
233.554	22164	154	1409
233.558	22165	153	1409
233.575	22168	154	1409
233.578	22169	150	209
233.588	22171	150	1409
233.601	22172	152	209
233.603	22173	153	1409
233.611	22174	150	1409
233.621	22175	151	209
233.624	22176	151	1409
233.636	22177	153	1409
233.644	22178	150	209
233.656	22180	150	1409
233.661	22181	146	209
233.669	22182	151	1409
233.678	22183	151	1409
233.688	22184	150	209
233.691	22185	151	1409
233.703	22186	153	1412
233.71	22187	152	1412
233.72	22188	154	1409
233.727	22189	154	209
233.73	22190	155	1409
233.737	22191	155	1409
233.745	22192	155	209
233.747	22193	156	1409
233.755	22194	155	1412
233.765	22195	157	1409
233.77	22196	154	209
233.775	22197	158	1409
233.784	22198	159	1409
233.791	22199	159	212
233.794	22200	160	1412
233.801	22201	160	1412
233.809	22202	160	209
233.822	22205	157	209
233.829	22207	155	1409
233.837	22208	154	209
233.842	22209	156	1409
233.851	22210	158	1409
233.863	22211	158	1412
233.876	22213	157	1409
233.886	22214	157	1409
233.893	22215	155	209
233.911	22218	151	209
233.913	22219	152	1409
233.923	22220	154	1409
233.931	22221	154	209
233.933	22222	155	1409
233.941	22223	155	1409
233.949	22224	155	209
233.959	22226	155	1409
233.964	22227	153	209
233.972	22229	151	1409
233.975	22230	147	209
233.979	22231	150	1409
233.987	22232	151	1409
233.99	22233	146	209
233.995	22234	149	1409
234.002	22235	149	1409
234.02	22238	149	1409
234.027	22239	149	1412
234.037	22240	150	1412
234.044	22241	150	1412
234.052	22242	151	209
234.065	22245	147	209
234.072	22246	153	1409
234.078	22247	151	212
234.086	22249	149	209
234.088	22250	151	1409
234.098	22251	153	1409
234.115	22254	152	1412
234.125	22255	154	1412
234.13	22256	151	1409
234.135	22257	150	209
234.14	22258	152	1409
234.153	22260	150	209
234.155	22261	151	1409
234.164	22262	153	1412
234.172	22263	152	1409
234.179	22264	152	1412
234.186	22265	151	209
234.189	22266	152	1409
234.199	22267	154	1409
234.204	22268	152	209
234.208	22269	155	1409
234.213	22270	153	1409
234.221	22271	152	209
234.225	22272	156	1409
234.229	22273	151	212
234.235	22274	157	1412
234.24	22275	154	1409
234.246	22276	152	209
234.251	22277	155	1409
234.26	22278	157	1409
234.268	22279	157	209
234.271	22280	158	1409
234.278	22281	158	1412
234.288	22282	159	1412
234.295	22283	159	1412
234.3	22284	157	1409
234.308	22285	157	209
234.317	22288	149	212
234.325	22290	147	209
234.329	22291	151	1409
234.334	22292	150	1409
234.339	22293	149	209
234.351	22295	153	1409
234.354	22296	150	1412
234.362	22297	151	209
234.366	22299	149	1409
234.374	22300	150	209
234.377	22301	152	1409
234.381	22302	150	1409
234.389	22303	151	209
234.396	22305	148	1409
234.404	22306	149	209
234.409	22307	150	1409
234.416	22308	152	1409
234.424	22309	153	209
234.431	22310	156	1409
234.437	22311	155	1409
234.444	22312	153	209
234.447	22313	153	1409
234.457	22314	153	1409
234.466	22315	152	209
234.469	22316	154	1409
234.479	22317	153	1409
234.487	22318	150	209
234.489	22319	151	1409
234.501	22320	153	1409
234.509	22321	151	209
234.514	22322	153	1409
234.523	22323	153	1412
234.537	22324	156	1412
234.545	22325	155	1412
234.552	22326	156	1409
234.56	22327	155	1412
234.567	22328	155	209
234.572	22329	159	1409
234.582	22330	160	1412
234.592	22331	162	1409
234.595	22332	158	209
234.608	22335	154	1409
234.616	22336	154	209
234.626	22338	155	1409
234.633	22339	155	209
234.636	22341	149	1409
234.646	22342	150	209
234.648	22343	151	1409
234.658	22344	153	1409
234.663	22345	151	209
234.666	22346	152	1409
234.673	22347	151	1409
234.681	22348	151	209
234.691	22350	152	1409
234.696	22351	150	209
234.698	22352	152	1409
234.706	22353	151	1409
234.713	22354	151	209
234.716	22355	152	1409
234.725	22356	154	1409
234.731	22357	152	209
234.741	22359	152	1409
234.749	22360	152	209
234.757	22362	151	1409
234.764	22363	151	209
234.767	22364	152	1409
234.772	22365	150	1409
234.78	22367	149	1409
234.789	22368	150	1409
234.795	22369	148	209
234.809	22371	150	1412
234.814	22372	148	1412
234.824	22373	150	1409
234.833	22374	151	1412
234.843	22375	153	1412
234.853	22376	156	209
234.863	22378	156	1409
234.868	22379	155	209
234.871	22380	155	1409
234.881	22381	158	1409
234.886	22382	156	209
234.896	22384	156	1409
234.904	22385	156	1412
234.919	22388	154	1409
234.927	22389	154	209
234.934	22391	152	1409
234.939	22392	150	209
234.943	22393	153	1409
234.948	22394	151	1412
234.961	22395	155	1409
234.968	22396	155	1412
234.971	22397	150	209
234.981	22399	151	212
234.986	22400	155	1409
234.991	22401	152	209
235.001	22403	152	1409
235.006	22404	150	209
235.011	22405	153	1409
235.02	22406	155	1412
235.025	22407	152	1409
235.033	22408	153	209
235.036	22409	154	1409
235.043	22410	153	1409
235.048	22411	151	209
235.051	22412	152	1409
235.06	22413	154	1409
235.07	22414	156	1412
235.075	22415	153	209
235.077	22416	154	1409
235.088	22417	156	1409
235.095	22418	156	209
235.097	22419	157	1409
235.105	22420	157	1412
235.112	22421	156	1409
235.12	22422	156	209
235.122	22423	157	1409
235.127	22424	155	212
235.137	22426	156	1409
235.146	22427	157	1412
235.152	22428	155	209
235.157	22429	158	1409
235.162	22430	155	1409
235.17	22431	155	209
235.172	22432	157	1409
235.179	22433	158	1409
235.187	22435	158	1409
235.191	22436	157	1412
235.199	22437	159	1409
235.204	22438	157	209
235.207	22439	158	1409
235.214	22441	154	1409
235.22	22442	153	209
235.222	22443	155	1409
235.229	22444	155	1409
235.234	22445	154	209
235.239	22446	156	1409
235.245	22447	155	1409
235.252	22449	153	1409
235.261	22450	157	1409
235.267	22451	156	209
235.276	22452	156	1409
235.286	22453	156	1409
235.296	22455	154	1409
235.306	22456	154	1409
235.317	22457	153	209
235.319	22458	155	1409
235.331	22459	156	1409
235.339	22460	154	209
235.341	22461	154	1412
235.353	22462	156	1409
235.365	22463	157	1409
235.373	22464	155	209
235.376	22465	155	1409
235.387	22466	157	1409
235.393	22467	154	212
235.395	22468	156	209
235.398	22469	157	1409
235.405	22470	157	1409
235.415	22471	158	209
235.417	22472	159	1409
235.425	22473	159	1412
235.432	22474	158	1409
235.44	22475	159	209
235.442	22476	159	1409
235.449	22477	160	1409
235.459	22478	162	209
235.462	22479	163	1409
235.463	22480	156	212
235.465	22481	157	1409
235.468	22482	153	209
235.471	22483	154	1409
235.478	22484	154	1409
235.483	22485	152	209
235.488	22486	155	1409
235.493	22487	152	1409
235.498	22488	150	212
235.499	22489	149	209
235.503	22490	153	1409
235.508	22491	149	1409
235.516	22492	150	209
235.518	22493	151	1409
235.525	22494	150	1409
235.531	22495	148	209
235.541	22497	149	1409
235.549	22498	149	209
235.559	22501	143	209
235.562	22502	144	1409
235.571	22503	147	1409
235.581	22504	149	209
235.584	22505	150	1409
235.591	22506	149	1409
235.599	22507	150	209
235.601	22508	151	1409
235.609	22509	151	1409
235.614	22510	149	209
235.617	22511	150	1409
235.627	22513	145	209
235.63	22514	146	1409
235.637	22515	146	1409
235.643	22516	144	209
235.645	22517	145	1409
235.657	22518	149	1409
235.663	22519	147	209
235.665	22520	148	1409
235.674	22521	150	1409
235.681	22522	150	209
235.684	22523	151	1409
235.701	22525	153	209
235.704	22526	154	1409
235.714	22527	156	1409
235.719	22528	154	209
235.721	22529	156	1409
235.729	22530	155	1409
235.734	22531	153	209
235.739	22532	156	1409
235.745	22533	154	1409
235.754	22534	157	1412
235.771	22537	156	1412
235.779	22538	155	1409
235.786	22539	155	1409
235.796	22541	157	1409
235.798	22542	151	1409
235.809	22543	153	209
235.811	22544	155	1409
235.818	22545	154	1409
235.826	22546	154	209
235.83	22547	157	1409
235.837	22548	157	1412
235.845	22549	157	1409
235.853	22550	156	209
235.857	22551	160	1409
235.86	22552	154	1409
235.867	22553	155	209
235.87	22554	156	1409
235.879	22555	158	1409
235.885	22556	155	209
235.887	22557	157	1409
235.897	22558	159	1409
235.905	22559	159	209
235.907	22560	156	1412
235.915	22561	156	1409
235.924	22562	158	1409
235.932	22563	157	209
235.934	22564	159	1409
235.942	22565	159	1409
235.945	22566	154	209
235.947	22567	156	1409
235.952	22568	152	1409
235.96	22569	152	209
235.962	22570	153	1409
235.974	22571	157	1409
235.981	22572	158	212
235.985	22574	152	209
235.987	22575	154	1409
235.997	22576	155	1409
236.004	22577	155	212
236.005	22578	154	209
236.013	22580	153	1409
236.018	22581	152	209
236.023	22583	150	1409
236.028	22584	150	209
236.031	22585	151	1409
236.036	22586	150	1409
236.043	22588	150	1409
236.052	22589	154	1409
236.056	22590	150	209
236.058	22591	151	1409
236.065	22592	153	1409
236.07	22594	151	1409
236.075	22595	150	1409
236.08	22596	149	209
236.083	22597	150	1409
236.09	22598	152	1409
236.098	22599	150	209
236.1	22600	153	1409
236.108	22601	151	1409
236.116	22602	151	209
236.118	22603	153	1409
236.126	22604	150	1409
236.136	22605	149	209
236.138	22606	150	1409
236.148	22607	150	1409
236.156	22608	147	209
236.158	22609	148	1409
236.17	22610	150	1409
236.181	22611	150	209
236.185	22612	154	1409
236.194	22613	152	1412
236.204	22614	152	1409
236.214	22615	151	1412
236.224	22616	151	209
236.226	22617	152	1412
236.236	22618	155	1409
236.244	22619	154	1409
236.252	22620	154	212
236.254	22621	156	209
236.257	22622	157	1409
236.266	22623	158	1409
236.273	22624	159	209
236.276	22625	160	1409
236.279	22626	156	212
236.282	22627	157	1409
236.291	22628	159	209
236.293	22629	160	1409
236.307	22631	157	209
236.312	22633	154	1409
236.317	22634	151	209
236.324	22636	150	1409
236.33	22637	147	209
236.335	22638	151	1409
236.341	22639	150	1409
236.352	22641	152	1409
236.361	22642	153	1409
236.367	22643	151	209
236.369	22644	153	1409
236.376	22645	152	1409
236.386	22646	155	209
236.389	22647	155	1409
236.397	22649	149	209
236.402	22650	152	1409
236.409	22651	152	1409
236.417	22652	152	209
236.422	22653	155	1409
236.429	22654	155	1409
236.434	22655	153	209
236.437	22656	154	1409
236.446	22657	156	1409
236.45	22658	151	209
236.452	22659	152	1409
236.467	22661	153	209
236.478	22664	146	209
236.482	22665	150	1409
236.492	22666	151	1409
236.497	22667	149	209
236.499	22668	151	1409
236.509	22669	153	1409
236.519	22670	154	1412
236.526	22671	153	1412
236.536	22672	156	1412
236.539	22673	152	209
236.551	22675	154	1409
236.559	22676	154	212
236.561	22677	156	209
236.564	22678	157	1409
236.574	22680	153	209
236.577	22681	154	1409
236.587	22682	156	1409
236.59	22683	152	209
236.593	22684	153	1409
236.598	22685	150	1412
236.605	22686	150	1409
236.613	22687	150	209
236.623	22689	151	1409
236.626	22690	146	209
236.628	22691	148	1409
236.631	22692	144	1409
236.638	22693	143	209
236.641	22694	144	1409
236.653	22695	148	1409
236.656	22696	144	209
236.663	22697	146	1412
236.675	22698	148	1412
236.683	22699	148	1412
236.693	22700	150	1409
236.698	22701	147	1409
236.705	22702	148	209
236.707	22703	148	1409
236.717	22704	149	1409
236.723	22705	147	209
236.725	22706	149	1409
236.735	22707	150	1409
236.742	22708	150	209
236.745	22709	151	1409
236.752	22710	150	1412
236.759	22711	151	1409
236.767	22712	150	209
236.769	22713	152	1409
236.777	22714	151	1412
236.786	22715	153	1409
236.794	22716	153	209
236.796	22717	155	1409
236.803	22718	154	1409
236.813	22719	156	209
236.815	22720	157	1409
236.825	22721	158	1409
236.832	22722	159	1412
236.84	22723	158	209
236.842	22724	160	1409
236.852	22725	161	1409
236.859	22726	163	209
236.862	22727	164	1409
236.864	22728	161	1409
236.872	22729	162	209
236.874	22730	164	1409
236.883	22732	159	209
236.887	22733	163	1409
236.892	22734	161	1409
236.899	22736	162	1409
236.907	22738	158	209
236.912	22739	161	1409
236.917	22740	160	1409
236.922	22742	158	1409
236.927	22743	157	1409
236.932	22744	155	209
236.942	22746	157	1409
236.949	22747	154	209
236.952	22748	156	1409
236.961	22749	155	1409
236.973	22751	156	1409
236.985	22752	158	1409
236.993	22753	155	209
236.996	22754	156	1409
237.005	22755	156	1409
237.011	22756	151	209
237.016	22757	155	1409
237.028	22758	156	1409
237.036	22759	153	209
237.048	22761	154	1409
237.056	22762	152	209
237.059	22763	153	1409
237.066	22764	153	1409
237.074	22765	153	209
237.076	22766	153	1409
237.083	22767	154	1409
237.09	22768	153	1412
237.099	22769	153	209
237.101	22770	155	1409
237.113	22773	151	1412
237.117	22774	147	209
237.118	22775	146	212
237.122	22776	150	1409
237.129	22777	149	1409
237.137	22778	148	209
237.139	22779	149	1409
237.147	22780	149	1412
237.156	22781	152	1409
237.162	22782	150	209
237.167	22783	153	1409
237.173	22784	149	212
237.175	22785	150	1409
237.183	22786	148	209
237.185	22787	149	1409
237.192	22788	149	1409
237.198	22789	146	209
237.2	22790	148	1409
237.21	22791	149	1409
237.215	22792	147	209
237.222	22793	153	1409
237.232	22794	153	1409
237.237	22795	151	209
237.25	22796	151	1412
237.257	22797	151	1409
237.267	22798	154	1409
237.274	22799	153	209
237.277	22800	154	1409
237.284	22801	154	1409
237.29	22802	152	209
237.297	22803	157	1409
237.303	22804	157	1409
237.31	22805	155	209
237.314	22806	159	1409
237.319	22807	155	1409
237.327	22808	155	212
237.329	22809	157	1412
237.332	22810	153	209
237.342	22812	153	1409
237.35	22813	153	209
237.352	22814	155	1409
237.362	22815	156	1409
237.378	22819	148	209
237.38	22820	150	1409
237.387	22821	149	1409
237.397	22822	151	209
237.399	22823	152	1409
237.404	22824	149	1409
237.415	22825	152	209
237.417	22826	154	1409
237.424	22827	153	1409
237.432	22828	153	209
237.442	22830	153	1409
237.449	22831	154	209
237.452	22832	155	1409
237.462	22833	157	1409
237.465	22834	153	209
237.475	22836	153	1409
237.48	22837	151	209
237.485	22838	154	1409
237.49	22839	152	1409
237.497	22840	152	209
237.5	22841	153	1409
237.505	22842	150	1409
237.513	22843	150	209
237.515	22844	151	1409
237.522	22845	152	1409
237.53	22846	151	209
237.532	22847	153	1409
237.542	22848	154	1409
237.551	22849	156	1412
237.552	22850	149	209
237.554	22851	151	1409
237.563	22852	152	1409
237.576	22853	149	212
237.579	22854	148	1412
237.588	22855	151	1412
237.596	22856	148	209
237.6	22857	151	1409
237.61	22858	154	1409
237.616	22859	151	209
237.619	22860	151	1409
237.628	22861	153	1409
237.636	22862	154	209
237.646	22863	153	1412
237.65	22864	151	1409
237.661	22865	153	1409
237.67	22866	155	209
237.673	22867	156	1409
237.68	22868	156	1412
237.688	22869	156	1409
237.693	22870	155	209
237.7	22872	156	1409
237.708	22873	156	209
237.71	22874	157	1409
237.724	22877	159	1409
237.731	22878	159	1409
237.739	22879	160	209
237.742	22880	159	1409
237.752	22881	160	1409
237.759	22882	158	209
237.762	22883	160	1409
237.767	22884	159	1409
237.782	22888	154	209
237.784	22889	156	1409
237.792	22890	157	1409
237.797	22891	156	209
237.799	22892	157	1409
237.809	22893	157	1409
237.817	22894	154	209
237.822	22895	157	1409
237.831	22896	157	1409
237.841	22897	157	209
237.849	22899	152	1409
237.859	22900	153	209
237.861	22901	153	1409
237.871	22902	152	1409
237.882	22903	152	209
237.886	22904	156	1409
237.896	22905	155	1409
237.908	22906	157	1412
237.911	22907	153	209
237.916	22908	156	1409
237.927	22909	152	1412
237.932	22910	151	212
237.934	22911	152	1409
237.94	22912	149	209
237.943	22913	151	1409
237.952	22914	150	1409
237.96	22915	151	209
237.962	22916	151	1409
237.972	22917	153	1409
237.98	22918	147	212
237.984	22919	150	1412
237.992	22920	151	1412
237.995	22921	146	209
237.998	22922	148	1409
238.007	22923	148	1409
238.013	22924	146	209
238.02	22925	148	1409
238.03	22926	148	1409
238.038	22927	147	209
238.048	22928	149	1412
238.06	22929	150	1409
238.07	22930	153	1409
238.075	22931	150	209
238.077	22932	152	1409
238.085	22933	152	1409
238.09	22934	150	209
238.095	22935	152	1409
238.1	22936	151	1409
238.11	22937	152	209
238.115	22939	149	1409
238.123	22940	148	209
238.125	22941	150	1409
238.133	22942	149	1409
238.138	22943	147	209
238.143	22944	150	1409
238.152	22945	153	1409
238.16	22946	152	209
238.162	22947	154	1409
238.17	22948	153	1409
238.178	22949	153	209
238.18	22950	154	1409
238.187	22951	153	1409
238.19	22952	149	209
238.193	22953	151	1409
238.202	22954	153	1409
238.21	22955	152	209
238.212	22956	154	1409
238.222	22957	156	1409
238.227	22958	154	209
238.232	22959	157	1409
238.239	22960	157	1409
238.245	22961	154	209
238.247	22962	156	1409
238.26	22964	154	209
238.269	22967	145	209
238.276	22968	151	1409
238.281	22969	148	1409
238.289	22970	148	209
238.291	22971	150	1409
238.301	22972	152	1409
238.308	22974	151	1409
238.318	22975	152	1412
238.327	22976	154	1409
238.33	22977	149	209
238.332	22978	150	1409
238.342	22979	152	1409
238.352	22980	155	209
238.362	22982	155	1409
238.369	22983	155	209
238.372	22984	156	1409
238.379	22985	156	1409
238.387	22986	157	209
238.389	22987	157	1409
238.397	22988	157	1409
238.402	22989	154	209
238.404	22990	155	1409
238.414	22991	157	1409
238.419	22992	154	209
238.421	22993	156	1409
238.431	22994	157	1409
238.437	22995	156	209
238.441	22996	159	1409
238.443	22997	154	1409
238.449	22998	152	209
238.452	22999	153	1409
238.463	23000	153	1412
238.473	23001	154	1412
238.48	23002	154	1412
238.492	23003	158	1409
238.5	23004	158	209
238.502	23005	160	1409
238.511	23006	161	1409
238.517	23007	159	212
238.52	23008	160	209
238.528	23010	159	1409
238.535	23012	158	1409
238.538	23013	153	1409
238.546	23014	155	209
238.548	23015	156	1409
238.556	23016	157	1409
238.559	23017	154	209
238.566	23019	154	1409
238.576	23021	153	209
238.581	23023	150	1409
238.584	23024	146	209
238.586	23025	148	1409
238.594	23026	149	1409
238.599	23027	148	209
238.604	23029	147	1409
238.605	23030	142	209
238.61	23031	145	1409
238.615	23032	143	1409
238.625	23033	145	209
238.63	23034	148	1409
238.64	23035	148	1409
238.647	23036	145	209
238.65	23037	146	1409
238.665	23038	150	1409
238.673	23039	148	209
238.675	23040	149	1409
238.685	23041	148	1409
238.693	23042	146	209
238.698	23043	149	1409
238.707	23044	149	1409
238.717	23045	149	209
238.72	23046	149	1409
238.729	23047	149	1412
238.74	23048	148	212
238.742	23049	150	1409
238.747	23050	148	209
238.754	23051	153	1409
238.759	23052	151	1409
238.771	23053	154	1412
238.776	23054	152	209
238.779	23055	153	1409
238.789	23056	155	1412
238.799	23057	157	1412
238.808	23058	160	1409
238.813	23059	157	1412
238.821	23060	157	209
238.823	23061	158	1409
238.833	23062	159	1409
238.84	23063	160	209
238.845	23064	162	1409
238.852	23065	163	1409
238.858	23066	160	209
238.865	23068	159	1409
238.871	23069	156	209
238.88	23071	156	1409
238.888	23072	157	209
238.89	23073	157	1409
238.899	23074	160	1409
238.907	23075	160	209
238.913	23077	156	1409
238.918	23078	153	209
238.928	23080	154	1409
238.933	23081	153	209
238.943	23083	152	1409
238.949	23084	150	209
238.951	23085	151	1409
238.96	23086	153	1409
238.966	23087	151	209
238.976	23089	152	1409
238.981	23090	149	209
238.984	23091	149	1409
238.991	23092	148	1409
239.001	23093	150	209
239.003	23094	152	1409
239.013	23095	153	1409
239.02	23096	153	209
239.023	23097	154	1409
239.033	23098	156	1409
239.038	23099	154	209
239.043	23100	156	1409
239.05	23101	156	1409
239.054	23102	151	209
239.056	23103	152	1409
239.067	23104	156	1409
239.075	23105	156	1412
239.082	23106	155	209
239.093	23108	156	1409
239.1	23109	155	1409
239.106	23110	152	209
239.108	23111	154	1409
239.121	23113	150	1412
239.133	23114	155	1412
239.138	23115	152	209
239.141	23116	153	1409
239.148	23117	152	1412
239.158	23118	154	1409
239.161	23119	149	209
239.163	23120	150	1409
239.17	23121	149	1409
239.178	23122	149	1412
239.181	23123	143	209
239.183	23124	145	1409
239.266	23125	52	1412
239.275	23126	53	1412
239.283	23127	54	1409
239.287	23128	50	209
239.29	23129	52	1409
239.368	23130	53	1409
239.376	23131	52	209
239.378	23132	53	1409
239.387	23133	53	1409
239.392	23134	50	209
239.395	23135	52	1409
239.471	23136	52	1409
239.477	23137	50	209
239.48	23138	52	1409
239.491	23139	56	1409
239.499	23140	56	209
239.502	23141	57	1409
239.512	23142	59	1409
239.522	23143	61	209
239.526	23144	65	1409
239.537	23145	66	1409
239.544	23146	66	209
239.546	23147	67	1409
239.557	23148	69	1409
239.567	23149	71	209
239.569	23150	72	1409
239.579	23151	74	1409
239.587	23152	74	209
239.592	23153	77	1409
239.602	23154	79	1409
239.609	23155	79	209
239.614	23156	82	1409
239.621	23157	82	1409
239.629	23158	82	209
239.631	23159	83	1409
239.641	23160	85	1409
239.649	23161	85	209
239.651	23162	85	1409
239.661	23163	87	1409
239.669	23164	87	209
239.671	23165	88	1409
239.681	23166	89	1409
239.689	23167	90	209
239.691	23168	91	1409
239.701	23169	92	1409
239.707	23170	90	209
239.711	23171	93	1409
239.721	23172	94	1409
239.727	23173	92	209
239.731	23174	96	1409
239.736	23175	92	1409
239.746	23176	95	209
239.748	23177	96	1409
239.758	23178	98	1409
239.766	23179	98	209
239.769	23180	98	1409
239.781	23181	102	1409
239.789	23182	102	209
239.791	23183	104	1409
239.801	23184	105	1409
239.809	23185	105	209
239.811	23186	106	1409
239.821	23187	108	1409
239.826	23188	105	209
239.833	23189	111	1409
239.841	23190	110	1409
239.846	23191	108	209
239.851	23192	112	1409
239.86	23193	115	1409
239.869	23194	116	209
239.871	23195	117	1409
239.88	23196	121	1409
239.886	23197	119	209
239.888	23198	121	1409
239.896	23199	122	1409
239.903	23200	124	209
239.906	23201	125	1409
239.913	23202	125	1409
239.921	23203	128	209
239.923	23204	129	1409
239.93	23205	129	1409
239.938	23206	131	209
239.943	23207	134	1409
239.951	23208	135	1409
239.958	23209	136	209
239.96	23210	138	1409
239.973	23211	143	1409
239.976	23212	140	209
239.981	23213	144	1409
239.987	23214	145	1409
239.998	23215	145	209
240.005	23216	150	1409
240.018	23217	151	1409
240.028	23218	151	209
240.03	23219	152	1409
240.041	23220	151	1409
240.051	23221	151	209
240.055	23222	154	1409
240.065	23223	153	1409
240.076	23224	152	209
240.078	23225	154	1409
240.088	23226	152	1409
240.098	23227	152	209
240.101	23228	153	1409
240.11	23229	155	1409
240.118	23230	155	209
240.126	23232	153	1409
240.143	23235	152	1409
240.148	23236	150	209
240.156	23238	148	1409
240.164	23239	148	209
240.166	23240	149	1409
240.178	23241	153	1409
240.185	23242	153	209
240.188	23243	153	1409
240.193	23244	151	1409
240.201	23245	150	209
240.203	23246	152	1409
240.211	23247	151	1409
240.219	23248	151	209
240.221	23249	153	1409
240.226	23250	150	1409
240.239	23252	152	1409
240.246	23253	151	1409
240.254	23254	151	209
240.256	23255	152	1409
240.263	23256	152	1409
240.271	23257	151	209
240.281	23259	151	1409
240.284	23260	147	209
240.287	23261	148	1409
240.296	23262	150	1409
240.302	23263	147	209
240.307	23264	151	1409
240.316	23265	152	1409
240.322	23266	150	209
240.327	23267	154	1409
240.336	23268	154	1412
240.342	23269	149	212
240.347	23270	153	1412
240.356	23271	155	1409
240.363	23272	154	1412
240.371	23273	154	209
240.373	23274	155	1409
240.381	23275	153	1409
240.389	23276	154	209
240.394	23277	156	1409
240.399	23278	154	1409
240.404	23279	151	209
240.409	23280	154	1409
240.418	23281	156	1409
240.426	23282	155	209
240.428	23283	157	1409
240.438	23284	158	1409
240.441	23285	152	212
240.441	23286	152	209
240.444	23287	153	1409
240.451	23288	153	1409
240.463	23290	156	1409
240.47	23291	155	1409
240.478	23292	155	209
240.485	23293	155	1412
240.495	23294	157	1409
240.505	23295	158	1409
240.512	23296	158	209
240.515	23297	160	1409
240.525	23298	161	1409
240.539	23301	159	1409
240.547	23302	158	209
240.549	23303	159	1409
240.557	23304	158	1409
240.564	23305	158	209
240.567	23306	159	1409
240.572	23307	156	1409
240.578	23308	154	209
240.58	23309	155	1409
240.589	23310	157	1409
240.594	23311	154	209
240.599	23312	157	1409
240.605	23313	154	1409
240.612	23314	154	209
240.615	23315	155	1409
240.624	23316	157	1409
240.63	23317	155	209
240.637	23319	153	1409
240.645	23320	152	209
240.652	23322	149	1409
240.662	23323	151	209
240.664	23324	153	1409
240.672	23325	152	212
240.674	23326	153	1409
240.68	23327	151	209
240.682	23328	151	1409
240.69	23329	151	1409
240.698	23330	152	209
240.71	23332	154	1409
240.713	23333	149	209
240.716	23334	151	1409
240.725	23335	153	1409
240.731	23336	153	209
240.738	23338	149	212
240.741	23339	151	1412
240.749	23341	147	209
240.751	23342	148	1409
240.759	23343	148	1409
240.764	23344	148	209
240.769	23346	145	1409
240.774	23347	144	209
240.779	23348	148	1409
240.786	23349	147	1409
240.792	23350	146	209
240.801	23351	151	1409
240.806	23352	151	1409
240.809	23353	146	209
240.811	23354	147	1409
240.82	23355	146	1409
240.833	23356	148	209
240.836	23357	148	1412
240.848	23358	151	1409
240.861	23359	152	1412
240.873	23360	154	1409
240.883	23361	152	209
240.885	23362	154	1409
240.895	23363	153	1409
240.903	23364	149	209
240.908	23365	153	1409
240.92	23366	154	1412
240.929	23367	153	1409
240.937	23368	153	209
240.94	23369	154	1409
240.949	23370	155	1412
240.954	23371	153	1412
240.966	23372	156	1409
240.973	23373	154	1412
240.984	23374	156	209
240.986	23375	156	1409
240.995	23376	158	1409
241.003	23377	157	209
241.005	23378	158	1409
241.016	23379	159	1409
241.021	23380	156	209
241.028	23381	162	1409
241.041	23383	157	209
241.043	23384	159	1409
241.051	23385	158	1409
241.061	23387	158	1409
241.07	23388	158	1409
241.074	23389	154	209
241.076	23390	155	1409
241.083	23391	154	1409
241.091	23392	153	209
241.094	23393	154	1409
241.101	23394	152	1409
241.104	23395	148	209
241.106	23396	149	1409
241.116	23397	149	1409
241.124	23398	149	209
241.134	23400	149	1409
241.142	23401	148	209
241.144	23402	149	1409
241.154	23403	150	1409
241.159	23404	148	209
241.162	23405	148	1409
241.167	23406	145	1409
241.175	23407	145	209
241.18	23408	148	1409
241.189	23409	149	1409
241.195	23410	146	209
241.199	23411	149	1409
241.21	23412	151	1409
241.217	23413	149	209
241.219	23414	151	1409
241.229	23415	152	1409
241.237	23416	151	209
241.239	23417	153	1409
241.249	23418	154	1412
241.259	23419	154	1409
241.264	23420	152	212
241.267	23421	153	209
241.269	23422	154	1409
241.279	23423	155	1409
241.287	23424	155	209
241.296	23426	154	1409
241.302	23427	151	209
241.307	23428	155	1409
241.316	23429	156	1409
241.324	23430	154	209
241.326	23431	156	1409
241.333	23432	154	1409
241.341	23433	153	1412
241.348	23434	152	209
241.355	23435	158	1409
241.368	23437	154	209
241.371	23438	155	1409
241.381	23439	156	1409
241.391	23440	157	209
241.393	23441	158	1409
241.4	23442	158	1409
241.405	23443	154	209
241.408	23444	155	1409
241.42	23445	159	1409
241.426	23446	156	209
241.428	23447	156	1409
241.437	23448	158	1409
241.443	23449	155	209
241.451	23451	152	1409
241.458	23452	152	209
241.46	23453	152	1409
241.47	23454	154	1409
241.476	23455	151	209
241.483	23456	157	1409
241.49	23457	155	1409
241.495	23458	152	209
241.5	23459	156	1409
241.517	23461	155	1409
241.525	23462	154	209
241.527	23463	156	1409
241.537	23464	157	1409
241.545	23465	156	209
241.548	23466	157	1409
241.557	23467	158	1409
241.563	23468	155	209
241.565	23469	157	1409
241.572	23470	157	1409
241.579	23471	157	1412
241.587	23472	158	209
241.589	23473	159	1409
241.594	23474	158	1409
241.6	23475	156	209
241.609	23477	158	1409
241.611	23478	152	209
241.623	23480	152	1409
241.629	23481	151	209
241.631	23482	152	1409
241.64	23483	153	1409
241.65	23484	150	1412
241.66	23486	153	1409
241.67	23487	155	1409
241.678	23488	151	209
241.68	23489	152	1409
241.692	23490	152	1409
241.7	23491	149	209
241.702	23492	150	1409
241.715	23493	151	1409
241.729	23494	154	1412
241.735	23495	149	209
241.74	23496	151	1409
241.749	23497	150	1409
241.762	23498	151	209
241.764	23499	151	1409
241.774	23500	153	1409
241.782	23501	152	209
241.785	23502	153	1409
241.795	23503	154	1409
241.8	23504	151	209
241.802	23505	153	1409
241.821	23507	154	1412
241.829	23508	153	1412
241.836	23509	152	209
241.839	23510	153	1409
241.85	23511	156	1409
241.858	23512	156	209
241.861	23513	157	1409
241.868	23514	156	212
241.871	23515	157	1409
241.879	23516	156	209
241.888	23518	156	1409
241.896	23519	156	209
241.899	23520	157	1409
241.907	23521	156	1409
241.912	23522	153	209
241.914	23523	154	1409
241.92	23524	150	1409
241.925	23525	148	209
241.928	23526	149	1409
241.933	23527	145	1409
241.941	23528	144	209
241.95	23530	145	1409
241.958	23531	144	209
241.98	23534	148	209
241.983	23535	148	1409
241.998	23537	147	209
242	23538	148	1409
242.01	23539	149	1409
242.018	23540	149	209
242.02	23541	150	1409
242.028	23542	148	1412
242.04	23543	151	1409
242.048	23544	151	209
242.05	23545	152	1409
242.057	23546	151	1409
242.068	23547	152	209
242.07	23548	154	1409
242.08	23549	154	1409
242.085	23550	152	209
242.087	23551	153	1409
242.095	23552	152	1412
242.107	23553	155	1409
242.115	23554	155	209
242.12	23555	158	1409
242.129	23556	158	1409
242.137	23557	157	209
242.141	23558	161	1409
242.148	23559	160	1409
242.156	23560	159	209
242.159	23561	160	1409
242.166	23562	158	1412
242.174	23563	158	1409
242.182	23564	157	209
242.184	23565	159	1409
242.192	23566	157	1412
242.201	23567	159	1412
242.207	23568	155	1412
242.216	23569	156	1409
242.224	23570	156	209
242.226	23571	157	1409
242.234	23572	155	1409
242.239	23573	152	209
242.249	23575	153	1409
242.254	23576	149	209
242.256	23577	150	1409
242.267	23578	151	1409
242.267	23579	144	209
242.277	23580	151	1409
242.282	23581	148	1409
242.29	23582	147	209
242.292	23583	149	1409
242.301	23584	149	1409
242.309	23585	149	209
242.312	23586	149	1409
242.321	23587	151	1409
242.329	23588	150	209
242.334	23589	153	1409
242.342	23590	152	1409
242.349	23591	152	209
242.351	23592	153	1409
242.361	23593	153	1409
242.373	23594	157	209
242.376	23595	158	1409
242.383	23596	157	1409
242.391	23597	156	209
242.401	23599	156	1409
242.406	23600	155	209
242.416	23602	156	1409
242.419	23603	153	209
242.421	23604	154	1409
242.43	23605	157	1409
242.438	23606	158	209
242.446	23608	157	1409
242.451	23609	155	209
242.458	23610	158	1412
242.461	23611	155	1409
242.466	23612	154	1409
242.481	23615	153	1409
242.488	23616	154	209
242.49	23617	155	1409
242.495	23618	153	1409
242.503	23619	150	209
242.51	23620	155	1409
242.523	23621	156	1409
242.531	23622	152	209
242.543	23624	151	1409
242.551	23625	148	209
242.555	23626	151	1409
242.566	23627	150	1409
242.573	23628	147	209
242.578	23629	149	1409
242.586	23630	146	1409
242.602	23631	152	1412
242.611	23632	151	209
242.613	23633	152	1409
242.618	23634	149	1412
242.627	23635	150	1409
242.633	23636	148	209
242.638	23637	151	1409
242.65	23638	154	1409
242.659	23639	156	1412
242.665	23640	152	209
242.667	23641	154	1409
242.677	23642	155	1409
242.684	23643	154	209
242.687	23644	155	212
242.691	23645	159	1412
242.699	23646	159	1409
242.705	23647	155	1409
242.71	23648	152	209
242.715	23649	156	1409
242.722	23650	155	1409
242.73	23651	155	209
242.738	23653	152	1409
242.745	23654	151	1412
242.756	23655	153	209
242.761	23657	149	1409
242.771	23658	150	209
242.782	23661	143	209
242.786	23662	147	1409
242.794	23663	147	1409
242.802	23664	145	209
242.804	23665	146	1409
242.814	23666	149	1409
242.822	23667	147	209
242.824	23668	149	1409
242.832	23669	148	1409
242.84	23670	147	209
242.852	23672	150	1409
242.857	23673	146	209
242.859	23674	148	1409
242.87	23675	150	1409
242.877	23676	148	209
242.882	23677	152	1409
242.889	23678	152	1409
242.897	23679	151	209
242.899	23680	152	1409
242.909	23681	153	1409
242.914	23682	150	209
242.919	23683	153	1409
242.929	23684	155	1409
242.936	23685	154	209
242.939	23686	155	1409
242.946	23687	155	1412
242.958	23688	158	1409
242.964	23689	155	209
242.966	23690	157	1409
242.975	23691	157	1412
242.985	23692	159	1409
242.995	23693	160	1412
243.012	23695	161	209
243.015	23696	162	1409
243.022	23697	161	1409
243.027	23698	158	209
243.032	23699	162	1409
243.037	23700	158	1409
243.043	23701	155	209
243.045	23702	156	1409
243.055	23703	157	1409
243.064	23704	159	1412
243.068	23705	153	209
243.075	23706	159	1409
243.08	23707	157	1409
243.085	23708	153	209
243.087	23709	154	1409
243.093	23710	151	1409
243.099	23711	148	209
243.108	23713	149	1409
243.114	23714	145	209
243.116	23715	146	1409
243.125	23716	148	1409
243.134	23717	147	209
243.138	23718	151	1409
243.146	23719	150	1409
243.153	23720	149	209
243.156	23721	150	1409
243.165	23722	151	1409
243.178	23724	154	1409
243.187	23725	155	1409
243.193	23726	152	209
243.195	23727	154	1409
243.203	23728	153	1409
243.213	23729	154	209
243.215	23730	155	1409
243.224	23731	157	1412
243.232	23732	156	1409
243.239	23733	155	209
243.244	23734	159	1409
243.254	23735	162	1409
243.257	23736	159	209
243.266	23738	160	1409
243.27	23739	156	209
243.275	23741	153	1409
243.282	23742	155	209
243.284	23743	156	1409
243.297	23745	155	209
243.3	23746	156	1409
243.307	23747	157	1409
243.318	23748	160	1412
243.324	23750	158	1409
243.331	23751	158	1409
243.334	23752	154	209
243.337	23753	156	1409
243.344	23754	155	1409
243.351	23755	152	209
243.354	23756	153	1409
243.368	23757	155	1409
243.374	23758	151	209
243.379	23759	154	1409
243.386	23760	150	212
243.389	23761	152	1409
243.399	23762	151	209
243.404	23763	153	1409
243.413	23764	152	1409
243.421	23765	149	209
243.424	23766	149	1409
243.431	23767	145	1409
243.441	23768	145	209
243.448	23769	150	1409
243.453	23770	147	1409
243.461	23771	147	209
243.466	23772	149	1409
243.475	23773	151	1412
243.485	23774	153	1412
243.495	23775	153	1409
243.504	23776	155	1412
243.515	23777	156	209
243.517	23778	157	1409
243.525	23779	157	1409
243.532	23780	155	212
243.533	23781	155	209
243.535	23782	156	1409
243.542	23783	156	1409
243.552	23784	157	209
243.557	23785	160	1409
243.572	23787	158	209
243.574	23788	160	1409
243.578	23789	155	1409
243.59	23790	158	209
243.597	23792	157	1409
243.602	23793	153	209
243.618	23796	150	209
243.62	23797	152	1409
243.633	23799	148	209
243.635	23800	149	1409
243.643	23801	149	1409
243.651	23802	147	209
243.653	23803	149	1409
243.661	23804	148	1409
243.671	23805	149	209
243.678	23807	148	1409
243.686	23808	147	209
243.689	23809	148	1409
243.701	23811	144	209
243.706	23812	148	1409
243.716	23813	149	1409
243.724	23814	148	209
243.726	23815	149	1409
243.733	23816	149	1409
243.741	23817	148	209
243.744	23818	149	1409
243.753	23819	151	1409
243.761	23820	149	209
243.763	23821	151	1409
243.771	23822	151	1409
243.791	23824	153	209
243.793	23825	154	1409
243.801	23826	154	1412
243.81	23827	155	1409
243.821	23828	153	1412
243.833	23829	157	1412
243.848	23831	155	209
243.85	23832	156	1409
243.859	23833	158	1409
243.872	23835	160	1409
243.881	23836	162	1409
243.886	23837	158	1412
243.894	23838	158	209
243.897	23839	159	1409
243.902	23840	155	1409
243.912	23841	157	1412
243.921	23842	159	209
243.924	23843	159	1409
243.932	23844	159	1409
243.937	23845	156	209
243.939	23846	156	1409
243.947	23847	156	1409
243.952	23848	153	209
243.957	23849	157	1409
243.964	23850	155	1409
243.97	23851	153	209
243.972	23852	154	1409
243.979	23853	153	1409
243.994	23854	154	1412
243.997	23855	149	209
244	23856	150	1409
244.01	23857	151	1409
244.018	23858	151	209
244.028	23860	151	1409
244.035	23861	151	209
244.045	23863	151	1409
244.052	23864	150	1412
244.06	23865	150	209
244.065	23866	152	1409
244.073	23867	152	1409
244.08	23868	152	212
244.081	23869	151	209
244.086	23871	148	1409
244.096	23873	150	1409
244.108	23875	150	209
244.111	23876	151	1409
244.118	23877	152	1409
244.121	23878	148	209
244.128	23879	154	1409
244.133	23880	152	1409
244.138	23881	151	209
244.14	23882	152	1409
244.148	23883	153	1409
244.153	23884	152	209
244.155	23885	153	1409
244.173	23889	149	1409
244.185	23890	150	209
244.188	23891	151	1409
244.198	23892	150	1409
244.21	23893	150	209
244.212	23894	151	1409
244.222	23895	151	1409
244.234	23896	150	1412
244.242	23897	148	209
244.245	23898	149	1412
244.262	23899	154	1409
244.271	23900	153	1409
244.279	23901	150	209
244.284	23902	152	1409
244.294	23903	154	1412
244.299	23904	151	212
244.304	23905	154	1409
244.311	23906	153	209
244.314	23907	155	1409
244.326	23908	158	1412
244.333	23909	157	1409
244.339	23910	155	209
244.348	23912	155	1409
244.356	23913	154	209
244.361	23914	157	1409
244.37	23915	159	1409
244.376	23916	157	209
244.378	23917	157	1409
244.39	23918	160	1412
244.396	23919	157	212
244.411	23922	155	209
244.421	23924	155	1409
244.429	23925	154	209
244.442	23928	149	209
244.444	23929	151	1409
244.454	23930	152	1409
244.459	23931	148	209
244.462	23932	151	1409
244.469	23933	149	1409
244.48	23934	151	209
244.493	23937	146	209
244.495	23938	148	1409
244.505	23939	149	1409
244.512	23940	148	209
244.515	23941	149	1409
244.523	23942	149	1409
244.53	23943	147	209
244.532	23944	149	1409
244.54	23945	148	1409
244.55	23946	149	1412
244.558	23947	149	209
244.56	23948	150	1409
244.568	23949	149	1409
244.575	23950	149	209
244.578	23951	150	1409
244.587	23952	151	1409
244.593	23953	149	209
244.598	23954	152	1409
244.607	23955	153	1409
244.615	23956	152	1412
244.627	23957	156	1412
244.635	23958	155	1412
244.642	23959	155	209
244.644	23960	156	1409
244.652	23961	154	1412
244.669	23963	154	1409
244.674	23964	151	209
244.678	23965	155	1409
244.689	23966	156	1409
244.696	23967	156	209
244.699	23968	157	1409
244.711	23969	160	1412
244.72	23970	162	1412
244.735	23972	160	209
244.738	23973	161	1409
244.743	23974	158	1409
244.751	23975	157	209
244.755	23976	161	1409
244.763	23977	160	1409
244.77	23978	159	209
244.772	23979	160	1409
244.778	23980	157	1409
244.785	23981	156	209
244.788	23982	157	1409
244.796	23983	157	1409
244.803	23984	155	209
244.805	23985	157	1409
244.813	23986	156	1409
244.818	23987	153	209
244.83	23989	155	1409
244.835	23990	152	209
244.838	23991	153	1409
244.845	23992	151	1409
244.853	23993	150	209
244.857	23994	154	1409
244.867	23995	156	1409
244.877	23996	157	1412
244.885	23997	155	209
244.887	23998	156	1409
244.895	23999	156	1409
244.902	24000	155	209
244.904	24001	156	1409
244.913	24002	155	1409
244.918	24003	152	209
244.92	24004	154	1409
244.928	24005	154	1409
244.953	24009	153	1409
244.956	24010	149	209
244.958	24011	151	1409
244.968	24012	153	1409
244.973	24013	152	209
244.975	24014	153	1409
244.983	24015	153	1409
244.985	24016	149	209
244.992	24017	155	1409
245	24018	155	1409
245.003	24019	151	209
245.005	24020	150	1409
245.015	24021	153	1409
245.023	24022	150	209
245.033	24023	152	1412
245.043	24024	152	1409
245.055	24025	153	1409
245.065	24026	150	209
245.068	24027	151	1409
245.08	24028	152	1409
245.088	24029	150	209
245.093	24030	152	1409
245.103	24031	150	1409
245.112	24032	149	209
245.115	24033	149	1409
245.127	24034	151	1409
245.135	24035	149	209
245.137	24036	151	1409
245.149	24037	153	1409
245.159	24038	155	1412
245.167	24039	154	212
245.169	24040	156	1412
245.177	24041	155	209
245.18	24042	156	1409
245.195	24044	154	209
245.199	24045	158	1409
245.207	24046	156	1409
245.215	24047	156	209
245.217	24048	156	1409
245.224	24049	155	1409
245.231	24050	154	209
245.236	24051	158	1409
245.244	24052	156	1409
245.249	24053	154	209
245.251	24054	154	1409
245.257	24055	151	1409
245.267	24056	152	209
245.279	24058	155	1409
245.287	24059	155	209
245.297	24061	154	1409
245.305	24062	154	209
245.314	24064	154	1409
245.32	24065	151	209
245.322	24066	152	1409
245.327	24067	147	1409
245.333	24068	145	209
245.34	24069	151	1409
245.348	24070	150	1409
245.351	24071	144	209
245.355	24072	148	1409
245.365	24073	148	1409
245.371	24074	146	209
245.376	24075	150	1409
245.383	24076	148	1409
245.391	24077	147	209
245.393	24078	148	1412
245.403	24079	150	1409
245.41	24080	149	1409
245.42	24081	150	209
245.423	24082	151	1409
245.433	24083	153	1409
245.438	24084	149	209
245.443	24085	153	1409
245.45	24086	152	1409
245.458	24087	151	209
245.462	24088	154	1409
245.472	24089	156	1409
245.48	24090	155	209
245.5	24093	153	1412
245.515	24095	151	1412
245.523	24096	150	209
245.527	24097	154	1409
245.537	24098	155	1409
245.545	24099	153	209
245.547	24100	154	1409
245.557	24101	156	1409
245.566	24102	157	209
245.569	24103	158	1409
245.576	24104	157	1409
245.581	24105	154	209
245.584	24106	155	1409
245.594	24107	157	1409
245.604	24108	157	209
245.606	24109	158	1409
245.614	24110	158	1409
245.621	24111	157	209
245.624	24112	158	1409
245.632	24113	157	1409
245.639	24114	156	209
245.642	24115	157	1409
245.649	24116	156	1409
245.657	24117	155	209
245.659	24118	156	1409
245.666	24119	155	1409
245.673	24120	154	209
245.676	24121	154	1409
245.686	24122	156	1409
245.691	24123	152	209
245.695	24124	156	1409
245.705	24125	157	1409
245.715	24126	158	1412
245.725	24127	159	1412
245.735	24128	160	1412
245.74	24129	158	209
245.749	24131	157	1409
245.76	24132	158	209
245.762	24133	160	1409
245.769	24134	161	1409
245.775	24135	159	209
245.777	24136	161	1409
245.784	24137	161	1409
245.787	24138	157	209
245.79	24139	158	1409
245.797	24140	159	1409
245.804	24142	158	1409
245.81	24143	156	1409
245.82	24144	155	209
245.822	24145	156	1409
245.83	24146	156	1409
245.835	24147	153	209
245.837	24148	155	1409
245.845	24149	154	1409
245.852	24150	154	209
245.855	24151	155	1409
245.863	24152	151	1409
245.872	24153	149	209
245.878	24154	153	1409
245.888	24155	151	1409
245.895	24156	147	209
245.898	24157	148	1409
245.91	24158	149	1409
245.921	24159	147	209
245.925	24160	150	1409
245.935	24161	148	1409
245.945	24162	147	209
245.947	24163	147	1412
245.958	24164	148	1409
245.967	24165	150	1409
245.973	24166	147	209
245.975	24167	148	1409
245.988	24168	151	1409
245.993	24169	149	209
245.998	24170	152	1409
246.005	24171	151	1409
246.015	24172	151	212
246.017	24173	153	209
246.02	24174	155	1409
246.03	24175	155	1409
246.037	24176	155	209
246.04	24177	156	1409
246.049	24178	157	1409
246.057	24179	156	209
246.059	24180	158	1409
246.069	24181	158	1409
246.072	24182	154	209
246.075	24183	155	1409
246.084	24184	155	1409
246.094	24185	158	209
246.106	24187	160	1409
246.112	24188	157	209
246.121	24190	157	1409
246.129	24191	157	209
246.139	24193	157	1409
246.145	24194	154	209
246.152	24196	153	1409
246.16	24197	151	209
246.162	24198	153	1409
246.172	24199	154	1409
246.179	24200	153	209
246.182	24201	154	1409
246.187	24202	152	1409
246.197	24203	152	209
246.199	24204	154	1409
246.205	24205	151	1409
246.21	24206	148	209
246.217	24207	153	1409
246.23	24209	150	209
246.232	24210	151	1409
246.242	24211	152	1409
246.249	24212	152	209
246.252	24213	152	1409
246.261	24214	154	1409
246.269	24215	154	209
246.281	24217	156	1409
246.287	24218	153	209
246.289	24219	155	1409
246.307	24222	155	1409
246.317	24223	156	1412
246.322	24224	153	1409
246.338	24226	151	209
246.342	24227	154	1412
246.354	24228	157	1409
246.361	24229	157	1412
246.369	24230	155	1409
246.375	24231	153	209
246.379	24232	157	1409
246.382	24233	151	1409
246.392	24234	153	209
246.402	24236	153	1409
246.41	24237	152	209
246.412	24238	153	1409
246.42	24239	153	1409
246.43	24240	154	209
246.432	24241	155	1409
246.442	24242	157	1412
246.451	24243	158	1409
246.457	24245	154	1409
246.464	24246	153	1409
246.469	24247	150	209
246.474	24248	154	1409
246.484	24249	153	1412
246.491	24250	151	1409
246.499	24251	152	209
246.513	24252	156	1412
246.522	24253	154	212
246.524	24254	155	1409
246.533	24255	157	1409
246.541	24256	156	209
246.545	24257	159	1409
246.563	24259	160	1409
246.568	24260	157	209
246.57	24261	158	1409
246.58	24262	159	1409
246.587	24263	158	209
246.59	24264	159	1409
246.602	24266	159	209
246.607	24267	162	1409
246.617	24269	160	1412
246.624	24270	160	209
246.627	24271	161	1409
246.634	24272	162	1409
246.637	24273	159	209
246.645	24275	158	1409
246.65	24276	156	209
246.656	24278	155	1409
246.663	24279	155	212
246.663	24280	155	209
246.668	24282	152	1409
246.68	24285	150	1409
246.686	24286	148	209
246.69	24287	152	1409
246.7	24288	151	1409
246.711	24289	148	209
246.713	24290	149	1409
246.725	24291	150	1409
246.734	24292	147	209
246.736	24293	148	1409
246.748	24294	149	1409
246.761	24295	149	1412
246.77	24296	146	209
246.772	24297	148	1409
246.786	24298	151	1409
246.795	24299	147	209
246.797	24300	149	1409
246.804	24301	148	1412
246.814	24302	150	1409
246.822	24303	148	1412
246.83	24304	148	209
246.832	24305	150	1409
246.842	24306	151	1409
246.852	24307	152	1412
246.859	24308	151	1412
246.869	24309	152	209
246.871	24310	153	1409
246.879	24311	153	1412
246.886	24312	152	212
246.891	24313	156	1412
246.899	24314	155	1409
246.906	24315	154	209
246.913	24316	160	1409
246.92	24317	159	1409
246.926	24318	155	209
246.928	24319	157	1409
246.938	24320	158	1409
246.946	24321	158	209
246.948	24322	159	1409
246.955	24323	158	1409
246.965	24325	158	1409
246.978	24327	155	209
246.981	24328	155	1409
246.992	24330	150	209
247.004	24332	153	1409
247.012	24333	152	209
247.031	24337	153	1409
247.051	24340	154	1409
247.06	24341	155	1409
247.066	24342	152	209
247.073	24344	150	1409
247.081	24345	149	209
247.085	24346	153	1409
247.093	24347	153	1409
247.103	24348	154	209
247.105	24349	155	1409
247.115	24350	156	1409
247.121	24351	153	209
247.126	24352	157	1409
247.133	24353	156	1409
247.143	24355	156	1409
247.153	24356	158	1409
247.156	24357	153	209
247.166	24359	153	1409
247.171	24360	150	212
247.178	24362	155	1409
247.187	24363	156	1412
247.197	24364	157	1409
247.205	24365	156	1412
247.214	24366	157	1412
247.22	24367	154	209
247.235	24368	153	1412
247.254	24369	154	1412
247.262	24370	151	212
247.264	24371	153	1412
247.27	24372	150	212
247.278	24373	155	1412
247.285	24374	154	1409
247.294	24375	156	1409
247.302	24376	155	209
247.305	24377	156	1409
247.315	24379	151	209
247.318	24380	151	1409
247.328	24381	153	1409
247.335	24382	153	209
247.338	24383	153	1409
247.347	24384	155	1409
247.352	24385	152	212
247.355	24386	153	209
247.362	24388	151	1409
247.372	24389	152	1412
247.379	24390	151	209
247.38	24391	150	212
247.382	24392	152	1409
247.392	24393	153	1409
247.397	24394	150	209
247.4	24395	151	1409
247.419	24397	154	209
247.422	24398	155	1409
247.429	24399	156	1409
247.437	24400	157	209
247.439	24401	159	1409
247.446	24402	159	1409
247.454	24404	158	1409
247.464	24406	155	209
247.47	24408	153	1409
247.477	24409	154	209
247.482	24411	152	1409
247.487	24412	150	209
247.492	24413	153	1409
247.497	24414	153	1409
247.505	24415	150	209
247.507	24416	153	1409
247.517	24417	152	1412
247.527	24418	151	1409
247.539	24419	152	209
247.542	24420	153	1409
247.552	24421	151	1409
247.56	24422	148	209
247.562	24423	150	1412
247.575	24424	151	1409
247.587	24425	151	1409
247.597	24426	150	209
247.599	24427	152	1409
247.612	24428	153	1409
247.622	24429	151	1412
247.63	24430	151	209
247.632	24431	152	1409
247.642	24432	154	1409
247.647	24433	151	209
247.652	24434	154	1409
247.658	24435	152	212
247.66	24436	153	1409
247.668	24437	152	1412
247.677	24438	154	1412
247.684	24439	152	1412
247.694	24440	154	209
247.697	24441	155	1409
247.704	24442	154	1409
247.712	24443	154	209
247.714	24444	155	1409
247.726	24445	157	1409
247.736	24447	158	1409
247.747	24448	162	1409
247.753	24449	159	209
247.761	24451	157	1409
247.769	24452	156	209
247.773	24453	160	1409
247.78	24454	159	1409
247.788	24455	158	209
247.796	24457	156	1409
247.803	24458	155	209
247.808	24459	159	1409
247.816	24460	159	1409
247.823	24461	158	209
247.826	24462	158	1409
247.829	24463	153	1409
247.834	24464	150	209
247.836	24465	151	1409
247.846	24466	152	1409
247.853	24467	151	209
247.868	24469	156	1409
247.873	24470	154	209
247.883	24472	153	1409
247.889	24473	151	209
247.891	24474	152	1409
247.901	24475	153	1409
247.906	24476	150	209
247.911	24477	154	1409
247.92	24478	155	1409
247.925	24479	152	209
247.928	24480	153	1409
247.934	24481	150	1409
247.941	24482	150	212
247.942	24483	149	209
247.945	24484	151	1409
247.952	24485	149	1409
247.959	24486	149	209
247.962	24487	150	1412
247.972	24488	151	1409
247.977	24489	148	1409
247.983	24490	146	209
247.987	24491	149	1409
247.997	24492	150	1412
248.006	24493	152	1409
248.015	24494	151	209
248.017	24495	152	1409
248.024	24496	151	1409
248.031	24497	150	209
248.034	24498	151	1409
248.043	24499	153	1409
248.049	24500	151	209
248.054	24501	154	1409
248.064	24502	155	1409
248.072	24503	155	209
248.074	24504	156	1412
248.091	24506	157	1412
248.096	24507	152	1409
248.106	24508	154	209
248.108	24509	156	1409
248.116	24510	154	1409
248.124	24511	154	209
248.126	24512	155	1409
248.133	24513	155	1409
248.141	24514	154	209
248.153	24516	156	1409
248.161	24517	155	209
248.163	24518	157	1409
248.171	24519	156	1409
248.178	24520	155	209
248.181	24521	156	1409
248.191	24522	158	1409
248.198	24523	157	209
248.21	24525	159	1409
248.215	24526	157	209
248.223	24528	154	1409
248.233	24529	156	209
248.235	24530	157	1409
248.243	24531	156	1409
248.253	24532	158	209
248.261	24535	151	209
248.269	24537	152	1409
248.276	24538	152	209
248.281	24539	156	1409
248.286	24540	154	1409
248.298	24542	156	1412
248.306	24544	151	1409
248.311	24545	149	209
248.314	24546	151	1409
248.318	24547	150	1409
248.323	24548	148	209
248.328	24549	152	1409
248.333	24550	150	1409
248.353	24552	151	1412
248.366	24553	152	1409
248.378	24554	153	1409
248.388	24555	152	209
248.393	24556	155	1409
248.402	24557	154	1409
248.415	24558	156	209
248.426	24560	153	1409
248.437	24561	154	1412
248.45	24562	156	1409
248.458	24563	153	209
248.463	24564	155	1409
248.475	24565	156	1412
248.482	24566	156	1412
248.49	24567	155	1412
248.505	24569	153	212
248.505	24570	153	209
248.51	24571	156	1409
248.518	24572	155	1412
248.525	24573	154	1409
248.532	24574	152	209
248.535	24575	154	1409
248.547	24576	158	1409
248.559	24578	160	1409
248.564	24579	157	212
248.566	24580	159	1409
248.57	24581	153	209
248.575	24582	157	1409
248.585	24583	158	1409
248.588	24584	153	209
248.59	24585	153	1409
248.599	24586	155	1409
248.607	24587	154	209
248.615	24589	151	1409
248.625	24590	154	209
248.637	24592	155	1412
248.642	24593	152	1409
248.649	24594	151	209
248.652	24595	152	1409
248.657	24596	149	1409
248.67	24597	153	209
248.679	24599	152	1409
248.685	24600	150	209
248.688	24601	150	1409
248.697	24602	152	1409
248.705	24603	151	1412
248.713	24604	151	209
248.718	24605	153	1409
248.725	24606	152	1409
248.733	24607	151	209
248.735	24608	152	1409
248.745	24609	153	1409
248.748	24610	148	209
248.753	24611	151	1409
248.76	24612	151	212
248.763	24613	152	1409
248.771	24614	151	209
248.773	24615	152	1409
248.783	24616	153	1409
248.788	24617	150	209
248.795	24618	155	1409
248.804	24619	157	1409
248.812	24620	155	209
248.814	24621	156	1409
248.824	24622	157	1412
248.831	24623	156	1409
248.842	24624	158	209
248.852	24626	158	1412
248.861	24627	160	1409
248.867	24628	156	209
248.869	24629	158	1409
248.877	24630	156	1409
248.887	24631	158	209
248.889	24632	159	1412
248.897	24633	158	1409
248.904	24634	157	1409
248.907	24635	151	209
248.912	24636	154	1409
248.917	24637	151	1409
248.929	24638	154	209
248.931	24639	156	1409
248.936	24640	152	1409
248.944	24641	151	209
248.946	24642	152	1409
248.956	24643	153	1409
248.961	24644	150	209
248.966	24645	154	1409
248.975	24646	154	1409
248.984	24647	154	209
248.986	24648	154	1409
248.991	24649	151	1409
249.004	24650	156	209
249.006	24651	157	1409
249.016	24652	157	1409
249.019	24653	153	209
249.022	24654	154	1409
249.029	24655	152	1409
249.037	24656	152	209
249.04	24657	153	1409
249.047	24658	152	1409
249.055	24659	151	1412
249.06	24660	147	209
249.065	24661	151	1409
249.077	24663	147	209
249.08	24664	148	1409
249.089	24665	149	1409
249.1	24666	152	209
249.109	24668	153	1409
249.115	24669	152	209
249.117	24670	153	1409
249.121	24671	152	1409
249.129	24672	153	209
249.131	24673	154	1409
249.139	24674	154	1409
249.146	24675	155	209
249.151	24676	158	1409
249.159	24678	153	209
249.162	24679	154	1409
249.167	24680	151	1409
249.179	24681	154	209
249.182	24682	155	1409
249.192	24683	155	1409
249.197	24684	154	209
249.199	24685	154	1409
249.209	24686	152	1409
249.219	24687	151	209
249.224	24688	154	1409
249.234	24689	153	1409
249.243	24690	151	209
249.246	24691	152	1409
249.261	24692	155	1409
249.271	24693	154	209
249.273	24694	155	1409
249.285	24695	156	1412
249.295	24696	155	1409
249.306	24697	154	209
249.308	24698	154	1409
249.318	24699	156	1412
249.325	24700	156	1409
249.333	24701	155	209
249.336	24702	156	1409
249.351	24704	154	209
249.356	24706	150	1409
249.366	24707	151	1412
249.374	24708	152	209
249.376	24709	152	1409
249.386	24710	153	1409
249.394	24711	153	209
249.401	24713	150	1409
249.409	24714	150	209
249.411	24715	151	1409
249.421	24716	152	1409
249.429	24717	151	209
249.438	24719	152	1409
249.444	24720	149	209
249.449	24721	152	1409
249.464	24722	153	1409
249.476	24724	153	1409
249.496	24726	153	209
249.498	24727	154	1409
249.506	24728	153	1409
249.511	24729	150	209
249.514	24730	151	1409
249.524	24731	152	1409
249.525	24732	145	209
249.53	24733	149	1409
249.539	24734	150	1409
249.549	24735	151	209
249.551	24736	153	1409
249.561	24737	154	1412
249.569	24738	153	1412
249.642	24739	52	1412
249.651	24740	52	1412
249.658	24741	50	212
249.664	24742	53	1412
249.673	24743	53	1409
249.742	24744	51	209
249.745	24745	53	1409
249.754	24746	52	1409
249.765	24747	50	209
249.768	24748	52	1409
249.776	24749	53	1409
249.843	24750	50	209
249.847	24751	54	1409
249.854	24752	52	1409
249.861	24753	51	209
249.866	24754	54	1409
249.872	24755	53	1409
249.88	24756	52	209
249.882	24757	53	1409
249.889	24758	52	1409
249.9	24759	53	209
249.902	24760	55	1409
249.911	24761	56	1409
249.92	24762	55	209
249.924	24763	59	1409
249.934	24764	60	1409
249.944	24765	62	209
249.947	24766	63	1409
249.957	24767	64	1409
249.964	24768	64	209
249.967	24769	65	1409
249.979	24770	68	1409
249.985	24771	66	209
249.989	24772	70	1409
249.999	24773	70	1409
250.005	24774	68	209
250.009	24775	72	1409
250.021	24776	75	1409
250.029	24777	75	209
250.031	24778	76	1409
250.041	24779	77	1409
250.049	24780	77	209
250.051	24781	78	1409
250.061	24782	79	1409
250.069	24783	79	209
250.076	24784	84	1409
250.084	24785	83	1409
250.094	24786	85	209
250.096	24787	86	1409
250.106	24788	88	1409
250.114	24789	87	209
250.118	24790	90	1409
250.127	24791	90	1409
250.134	24792	89	209
250.137	24793	90	1409
250.148	24794	94	1409
250.156	24795	93	209
250.159	24796	94	1409
250.168	24797	96	1409
250.177	24798	95	209
250.181	24799	99	1409
250.191	24800	100	1409
250.199	24801	100	209
250.201	24802	101	1409
250.211	24803	102	1409
250.221	24804	104	209
250.224	24805	105	1409
250.233	24806	107	1409
250.241	24807	106	209
250.244	24808	107	1409
250.256	24809	111	1409
250.266	24810	112	209
250.268	24811	114	1409
250.283	24812	120	1409
250.291	24813	120	209
250.293	24814	121	1409
250.306	24815	124	1409
250.313	24816	124	209
250.316	24817	125	1409
250.328	24818	128	1409
250.336	24819	129	209
250.338	24820	130	1409
250.349	24821	131	1409
250.356	24822	130	209
250.361	24823	134	1409
250.371	24824	135	1409
250.381	24825	137	209
250.383	24826	138	1409
250.388	24827	135	1409
250.395	24828	134	209
250.398	24829	135	1409
250.41	24830	139	1409
250.416	24831	136	209
250.42	24832	139	1409
250.428	24833	138	1409
250.438	24834	141	209
250.44	24835	141	1409
250.448	24836	141	1409
250.458	24837	142	209
250.461	24838	143	1409
250.468	24839	142	1409
250.478	24840	143	209
250.48	24841	145	1409
250.49	24842	147	1409
250.498	24843	146	209
250.503	24844	149	1409
250.512	24845	151	1409
250.523	24846	152	209
250.527	24847	156	1409
250.538	24849	150	209
250.543	24850	153	1409
250.551	24851	152	1409
250.556	24852	149	209
250.558	24853	151	1409
250.568	24854	151	1409
250.576	24855	151	209
250.578	24856	153	1409
250.588	24857	153	1409
250.598	24859	155	1409
250.605	24860	154	1409
250.608	24861	151	209
250.613	24862	154	1409
250.618	24863	153	1409
250.623	24864	151	209
250.627	24865	155	1409
250.635	24866	155	1409
250.638	24867	152	209
250.64	24868	154	1409
250.648	24869	154	1409
250.656	24870	155	209
250.658	24871	156	1409
250.663	24872	154	1409
250.668	24873	154	209
250.671	24874	155	1409
250.678	24875	155	1409
250.686	24876	156	209
250.693	24879	150	209
250.703	24880	154	1409
250.715	24881	156	1409
250.723	24882	153	209
250.725	24883	153	1409
250.745	24885	151	1412
250.754	24886	148	209
250.761	24887	153	1409
250.77	24888	152	1409
250.783	24889	153	209
250.788	24890	156	1409
250.798	24891	155	1409
250.808	24892	154	212
250.808	24893	153	209
250.811	24894	154	1409
250.82	24895	156	1409
250.826	24896	152	209
250.828	24897	153	1409
250.837	24898	155	1409
250.846	24899	154	209
250.848	24900	155	1409
250.857	24901	156	1409
250.865	24902	156	209
250.867	24903	157	1409
250.877	24904	157	1409
250.882	24905	155	209
250.887	24906	158	1409
250.892	24907	155	1409
250.904	24908	158	1412
250.919	24910	157	209
250.922	24911	158	1409
250.929	24912	158	1409
250.935	24913	155	209
250.937	24914	155	1409
250.946	24915	157	1409
250.956	24916	159	1412
250.966	24918	159	1409
250.974	24919	158	1409
250.981	24920	156	209
250.991	24922	157	1409
250.999	24923	157	209
251.004	24925	152	1409
251.012	24926	152	209
251.017	24927	155	1409
251.024	24928	154	1409
251.028	24929	150	209
251.032	24930	153	1409
251.037	24931	150	1409
251.05	24933	153	1409
251.059	24934	154	1409
251.067	24936	152	1409
251.077	24937	153	1409
251.08	24938	148	209
251.085	24939	152	1409
251.092	24940	151	1409
251.098	24941	149	209
251.108	24943	149	1409
251.115	24944	148	209
251.118	24945	149	1409
251.125	24946	149	1412
251.138	24947	152	1409
251.148	24948	154	209
251.15	24949	155	1409
251.157	24950	154	1409
251.162	24951	151	209
251.165	24952	152	1409
251.173	24953	152	212
251.175	24954	153	1409
251.181	24955	150	209
251.183	24956	152	1409
251.193	24957	152	1409
251.201	24958	152	1412
251.21	24959	154	1412
251.218	24960	152	209
251.222	24961	156	1409
251.229	24962	155	1409
251.24	24963	156	209
251.249	24965	156	1409
251.254	24966	154	212
251.257	24967	154	209
251.259	24968	156	1409
251.267	24969	155	1409
251.274	24970	154	212
251.275	24971	153	209
251.284	24973	154	1409
251.294	24974	155	209
251.296	24975	156	1409
251.306	24976	158	1409
251.315	24977	157	209
251.317	24978	158	1412
251.334	24980	158	1409
251.337	24981	153	209
251.341	24982	157	1409
251.344	24983	151	1409
251.352	24984	151	209
251.354	24985	152	1409
251.364	24986	154	1409
251.372	24987	153	209
251.381	24989	153	1409
251.389	24990	151	209
251.391	24991	153	1409
251.401	24992	155	1409
251.409	24993	153	209
251.411	24994	155	1409
251.419	24995	154	1409
251.426	24996	154	209
251.431	24997	156	1409
251.437	24998	154	1409
251.444	24999	155	209
251.452	25001	155	1409
251.459	25002	155	1412
251.464	25003	154	209
251.47	25005	152	1409
251.47	25006	146	209
251.475	25007	149	1409
251.483	25008	150	1409
251.493	25010	147	209
251.495	25011	148	1409
251.501	25012	147	1409
251.508	25013	148	209
251.51	25014	150	1409
251.528	25016	145	1412
251.538	25017	144	209
251.541	25018	145	1409
251.553	25019	146	1409
251.564	25020	146	209
251.568	25021	149	1409
251.583	25022	152	1409
251.592	25023	151	1412
251.601	25024	148	209
251.608	25025	153	1409
251.617	25026	152	1409
251.628	25027	152	209
251.631	25028	152	1409
251.643	25029	154	1409
251.648	25030	151	209
251.655	25031	155	1409
251.663	25032	155	1412
251.672	25033	157	1409
251.682	25034	157	1412
251.689	25035	157	209
251.691	25036	158	1409
251.701	25037	159	1412
251.711	25038	160	1409
251.714	25039	156	209
251.726	25041	157	1409
251.734	25042	157	209
251.736	25043	158	1409
251.746	25044	159	1412
251.755	25045	161	1409
251.765	25046	163	209
251.768	25047	163	1409
251.775	25048	163	1409
251.78	25049	160	209
251.783	25050	161	1409
251.788	25051	158	1409
251.794	25052	155	209
251.805	25054	157	1409
251.813	25055	157	209
251.823	25057	157	1409
251.826	25058	152	209
251.839	25060	154	1409
251.854	25063	151	1409
251.859	25064	149	209
251.861	25065	150	1409
251.868	25066	149	1409
251.877	25067	148	209
251.895	25070	148	209
251.897	25071	150	1409
251.905	25072	149	1409
251.912	25073	148	209
251.915	25074	149	1409
251.932	25076	150	1412
251.94	25077	149	209
251.942	25078	150	1409
251.952	25079	152	1409
251.96	25080	151	209
251.962	25081	152	1409
251.973	25083	146	209
251.977	25084	150	1409
251.985	25085	149	1409
251.99	25086	146	209
251.992	25087	147	1409
252.002	25088	148	1409
252.011	25089	150	1412
252.02	25090	149	209
252.027	25091	155	1409
252.03	25092	150	1412
252.039	25093	151	1409
252.051	25094	154	1412
252.056	25095	152	212
252.059	25096	153	1412
252.067	25097	152	209
252.069	25098	154	1409
252.074	25099	151	1409
252.082	25100	149	209
252.086	25101	153	1409
252.094	25102	152	1409
252.103	25103	153	1412
252.113	25104	155	1412
252.118	25105	152	209
252.125	25106	157	1409
252.133	25107	156	1409
252.14	25108	156	1412
252.15	25109	157	209
252.153	25110	158	1409
252.168	25112	157	209
252.171	25113	158	1409
252.175	25114	155	1409
252.195	25116	158	209
252.198	25117	159	1409
252.209	25119	153	209
252.211	25120	154	1409
252.218	25121	154	1409
252.224	25122	150	209
252.226	25123	151	1409
252.235	25124	153	1409
252.243	25125	151	209
252.245	25126	153	1409
252.253	25127	152	1409
252.26	25128	152	209
252.263	25129	152	1409
252.273	25130	154	1409
252.278	25131	152	209
252.283	25132	156	1409
252.29	25133	157	1409
252.295	25134	156	209
252.297	25135	157	1409
252.304	25136	157	1409
252.31	25137	156	209
252.312	25138	157	1409
252.322	25139	160	1409
252.332	25142	156	1409
252.337	25143	155	209
252.345	25145	154	1409
252.35	25146	154	209
252.353	25147	155	1409
252.373	25149	154	1412
252.382	25150	153	209
252.385	25151	154	1409
252.407	25153	155	1412
252.419	25154	154	1412
252.429	25155	154	209
252.432	25156	155	1409
252.443	25157	155	1409
252.458	25159	158	1409
252.468	25160	157	1409
252.479	25161	156	209
252.483	25162	159	1409
252.493	25163	161	1409
252.499	25164	158	209
252.501	25165	159	1409
252.509	25166	158	1409
252.514	25167	156	209
252.516	25168	156	1409
252.524	25169	156	1409
252.527	25170	150	209
252.537	25172	150	212
252.539	25173	152	1412
252.546	25174	151	1412
252.558	25175	154	1409
252.566	25176	153	209
252.569	25177	155	1409
252.588	25179	157	1409
252.595	25180	157	209
252.598	25181	157	1409
252.606	25182	157	1409
252.611	25183	154	209
252.613	25184	156	1412
252.623	25185	157	1409
252.63	25186	156	1409
252.636	25187	154	209
252.638	25188	154	1409
252.647	25189	154	1409
252.652	25190	152	209
252.655	25191	152	1409
252.66	25192	149	212
252.668	25194	148	209
252.67	25195	148	1409
252.683	25197	145	209
252.691	25199	143	1409
252.698	25200	143	209
252.701	25201	143	1409
252.711	25202	145	1409
252.718	25203	144	209
252.72	25204	146	1409
252.732	25205	149	1409
252.74	25206	148	1412
252.746	25207	146	209
252.751	25208	149	1409
252.763	25210	146	209
252.769	25211	149	1409
252.778	25212	151	1409
252.786	25213	150	209
252.789	25214	152	1409
252.8	25215	155	1412
252.811	25216	157	1409
252.818	25218	155	1409
252.828	25219	156	1409
252.85	25223	152	209
252.855	25224	155	1409
252.865	25225	157	1409
252.872	25226	156	209
252.874	25227	158	1409
252.885	25228	159	1412
252.889	25229	156	1409
252.902	25230	160	1412
252.909	25231	158	1412
252.916	25232	158	209
252.919	25233	159	1409
252.929	25234	161	1409
252.934	25235	158	209
252.936	25236	159	1409
252.946	25237	159	1409
252.949	25238	154	209
252.956	25239	160	1409
252.961	25240	157	1409
252.969	25241	156	209
252.971	25242	157	1412
252.979	25243	157	1409
252.988	25244	158	1409
252.996	25245	157	209
253.006	25247	158	1409
253.013	25248	157	209
253.023	25250	157	1409
253.028	25251	154	212
253.029	25252	153	209
253.041	25254	155	1409
253.047	25255	153	209
253.054	25257	151	212
253.056	25258	152	1412
253.071	25260	149	1409
253.077	25261	147	209
253.084	25262	150	1409
253.092	25263	149	1409
253.102	25264	150	209
253.104	25265	151	1409
253.111	25266	152	1409
253.119	25267	151	209
253.127	25269	147	1409
253.134	25270	148	209
253.137	25271	149	1409
253.146	25272	151	1409
253.154	25273	149	209
253.157	25274	150	1409
253.164	25275	150	1409
253.172	25276	151	209
253.174	25277	152	1409
253.182	25278	153	1409
253.189	25279	151	209
253.194	25280	155	1409
253.211	25281	155	1412
253.223	25282	156	1409
253.236	25283	156	1412
253.246	25284	154	1412
253.258	25285	155	209
253.261	25286	156	1412
253.273	25287	156	1409
253.285	25288	156	1412
253.302	25289	162	1409
253.31	25290	159	209
253.315	25291	161	1409
253.32	25292	155	1409
253.33	25293	156	209
253.34	25295	156	1412
253.348	25296	154	1409
253.356	25297	153	209
253.36	25298	157	1409
253.368	25299	155	1409
253.373	25300	152	209
253.376	25301	153	1409
253.386	25303	146	209
253.391	25304	150	1409
253.399	25305	149	1409
253.404	25306	145	209
253.409	25307	149	1409
253.414	25308	145	1409
253.422	25309	145	209
253.424	25310	145	1409
253.437	25311	149	1409
253.444	25312	148	209
253.447	25313	148	1409
253.457	25314	150	1409
253.467	25315	151	209
253.469	25316	151	1409
253.477	25317	150	1409
253.484	25318	150	209
253.487	25319	150	1409
253.499	25320	155	1409
253.505	25321	151	209
253.507	25322	151	1409
253.515	25323	151	1409
253.525	25324	152	209
253.53	25325	155	1409
253.539	25326	156	1409
253.546	25327	155	1412
253.554	25328	153	209
253.558	25329	157	1409
253.568	25330	158	1409
253.574	25331	154	209
253.579	25332	158	1409
253.588	25333	158	1409
253.593	25334	154	1412
253.6	25335	153	209
253.605	25336	157	1409
253.617	25337	160	1409
253.622	25338	156	209
253.625	25339	158	1409
253.64	25340	163	1409
253.647	25341	162	209
253.649	25342	163	1409
253.652	25343	156	1409
253.662	25344	158	209
253.674	25346	160	1409
253.682	25347	159	209
253.685	25348	160	1409
253.7	25350	156	209
253.708	25352	154	1409
253.715	25353	153	209
253.725	25355	151	1409
253.731	25356	148	209
253.735	25357	152	1409
253.745	25358	152	1409
253.75	25359	149	209
253.755	25360	152	1409
253.762	25361	150	1409
253.77	25362	148	209
253.772	25363	150	1409
253.785	25364	153	1409
253.792	25365	152	209
253.795	25366	152	1409
253.802	25367	150	1409
253.81	25368	150	209
253.814	25369	153	1409
253.824	25370	153	1409
253.834	25371	156	209
253.837	25372	156	1409
253.846	25373	157	1409
253.864	25376	157	1409
253.872	25377	155	209
253.874	25378	156	1409
253.892	25380	156	1409
253.895	25381	150	209
253.899	25382	150	1412
253.907	25383	149	1412
253.919	25384	152	1409
253.928	25385	153	1412
253.938	25386	154	1409
253.946	25387	152	209
253.948	25388	154	1409
253.958	25389	155	1409
253.966	25390	155	209
253.968	25391	157	1409
253.979	25393	153	209
253.991	25395	157	1409
253.999	25396	156	209
254.001	25397	157	1409
254.014	25399	155	209
254.019	25400	154	1409
254.022	25401	149	1409
254.033	25402	148	209
254.037	25403	151	1409
254.044	25404	148	1409
254.062	25405	147	212
254.064	25406	149	1412
254.079	25407	152	209
254.082	25408	152	1409
254.096	25409	155	1412
254.106	25410	153	1409
254.119	25411	154	209
254.123	25412	157	1409
254.135	25413	157	1409
254.146	25414	156	209
254.16	25416	157	1409
254.168	25417	156	209
254.18	25419	158	1409
254.186	25420	154	1412
254.196	25421	156	209
254.206	25423	156	1412
254.213	25424	154	1409
254.228	25426	152	209
254.231	25427	152	1409
254.24	25428	154	1409
254.25	25429	154	209
254.252	25430	156	1409
254.263	25431	157	1409
254.27	25433	155	1409
254.282	25434	157	1409
254.29	25435	157	209
254.292	25436	158	1409
254.304	25437	161	1409
254.31	25438	158	209
254.312	25439	159	1409
254.322	25440	159	1409
254.325	25441	154	209
254.337	25443	156	1409
254.345	25444	155	209
254.361	25447	151	209
254.363	25448	153	1412
254.371	25449	152	1409
254.386	25451	149	1412
254.394	25452	148	209
254.396	25453	149	1409
254.404	25454	148	1412
254.418	25455	152	1409
254.422	25456	148	209
254.424	25457	149	1409
254.436	25458	151	1412
254.444	25459	151	1409
254.451	25460	150	209
254.456	25461	152	1409
254.463	25462	152	1409
254.471	25463	151	212
254.472	25464	150	209
254.476	25465	153	1409
254.487	25466	154	1409
254.487	25467	147	209
254.495	25468	152	1409
254.507	25469	155	1409
254.512	25470	152	209
254.514	25471	153	1409
254.534	25474	153	1409
254.542	25475	152	1412
254.549	25476	151	1409
254.559	25477	153	209
254.561	25478	154	1409
254.566	25479	150	1412
254.576	25480	151	1412
254.588	25481	153	1409
254.595	25482	152	1412
254.603	25483	150	209
254.606	25484	152	1409
254.618	25485	155	1409
254.625	25486	154	209
254.63	25487	157	1409
254.637	25488	156	1409
254.645	25489	155	209
254.65	25490	158	1409
254.662	25491	162	1409
254.67	25492	160	209
254.672	25493	161	1409
254.679	25494	160	1409
254.689	25495	161	209
254.692	25496	162	1409
254.701	25497	162	1409
254.706	25498	160	209
254.708	25499	160	1409
254.713	25500	156	1409
254.722	25501	156	209
254.724	25502	157	1409
254.734	25503	157	1409
254.743	25504	159	1412
254.751	25505	158	212
254.752	25506	156	209
254.761	25508	156	1409
254.766	25509	152	209
254.769	25510	154	1409
254.779	25511	154	1409
254.786	25512	153	209
254.791	25513	156	1409
254.801	25515	151	209
254.804	25516	153	1409
254.814	25517	155	1409
254.816	25518	151	209
254.821	25519	154	1409
254.828	25520	155	1409
254.834	25521	153	209
254.836	25522	155	1409
254.841	25523	153	1409
254.852	25524	152	209
254.864	25526	151	1409
254.875	25527	152	209
254.877	25528	153	1409
254.882	25529	151	1409
254.885	25530	144	209
254.89	25531	147	1409
254.9	25532	146	1409
254.911	25533	144	209
254.913	25534	144	1409
254.925	25535	145	1409
254.938	25536	146	209
254.941	25537	147	1409
254.955	25538	149	1409
254.967	25539	151	1412
254.977	25540	149	209
254.98	25541	149	1409
254.992	25542	150	1409
255	25543	150	209
255.005	25544	152	1412
255.017	25545	155	1409
255.024	25546	155	1409
255.032	25547	154	209
255.035	25548	155	1409
255.04	25549	152	1409
255.05	25550	152	209
255.052	25551	153	1409
255.062	25552	154	1409
255.07	25553	153	1412
255.08	25554	154	209
255.089	25556	154	1409
255.099	25557	154	209
255.101	25558	156	1409
255.111	25559	157	1409
255.119	25560	155	209
255.121	25561	157	1409
255.129	25562	155	1409
255.134	25563	152	209
255.137	25564	153	1409
255.149	25565	157	1409
255.157	25566	155	209
255.161	25567	157	1409
255.175	25568	158	1409
255.181	25569	156	209
255.184	25570	156	1409
255.193	25571	158	1409
255.197	25572	152	209
255.201	25573	155	1409
255.205	25574	150	1409
255.217	25575	153	209
255.219	25576	153	1409
255.232	25578	149	209
255.239	25579	155	1409
255.247	25580	154	1409
255.252	25581	150	209
255.254	25582	152	1409
255.264	25583	152	1409
255.271	25584	151	209
255.274	25585	152	1409
255.285	25586	155	1409
255.293	25587	153	1412
255.302	25588	154	209
255.31	25589	158	1409
255.322	25590	161	1409
255.328	25591	158	209
255.335	25593	156	1409
255.348	25594	159	209
255.35	25595	160	1409
255.36	25596	160	1409
255.365	25597	158	209
255.377	25599	151	1409
255.384	25600	151	209
255.387	25601	151	1409
255.391	25602	148	1409
255.403	25603	151	209
255.406	25604	151	1409
255.415	25605	152	1409
255.421	25606	149	209
255.43	25608	149	1412
255.44	25609	149	1409
255.45	25610	151	209
255.453	25611	152	1409
255.462	25612	153	1409
255.47	25613	152	209
255.475	25614	155	1409
255.482	25615	154	1409
255.489	25616	151	209
255.494	25617	155	1409
255.501	25618	153	1409
255.511	25619	154	209
255.523	25622	148	209
255.526	25623	149	1409
255.535	25624	150	1412
255.545	25625	150	1409
255.553	25626	150	209
255.555	25627	151	1409
255.565	25628	151	1409
255.57	25629	148	209
255.573	25630	150	1409
255.582	25631	150	1412
255.592	25632	151	1409
255.6	25633	150	209
255.604	25634	153	1409
255.615	25635	154	1409
255.622	25636	154	209
255.624	25637	154	1409
255.634	25638	155	1409
255.644	25639	157	1412
255.65	25640	155	209
255.652	25641	156	1409
255.659	25642	156	1409
255.667	25643	157	209
255.669	25644	158	1409
255.672	25645	154	1409
255.68	25646	155	209
255.682	25647	156	1409
255.687	25648	154	1409
255.689	25649	148	209
255.691	25650	149	1409
255.698	25651	149	1409
255.704	25652	148	209
255.706	25653	150	1409
255.721	25654	147	1412
255.731	25655	151	1412
255.738	25656	151	1409
255.746	25657	148	209
255.748	25658	148	1409
255.761	25659	148	1409
255.773	25660	149	209
255.776	25661	150	1409
255.788	25662	150	1409
255.801	25663	151	209
255.803	25664	151	1409
255.815	25665	153	1409
255.826	25666	151	209
255.833	25667	156	1409
255.845	25668	157	1409
255.854	25669	153	209
255.856	25670	154	1409
255.865	25671	155	1409
255.869	25672	149	209
255.881	25674	151	1409
255.886	25675	149	209
255.9	25677	152	1409
255.908	25678	151	209
255.91	25679	153	1409
255.922	25680	156	1409
255.93	25681	154	209
255.933	25682	156	1409
255.944	25683	160	1409
255.952	25685	158	1409
255.961	25686	160	1409
255.969	25687	160	209
255.972	25688	160	1409
255.979	25689	160	1409
255.984	25690	157	209
255.989	25691	160	1409
255.999	25692	162	1409
256.004	25693	159	209
256.007	25694	160	1409
256.014	25695	159	1409
256.023	25696	161	209
256.026	25697	162	1409
256.038	25699	159	209
256.043	25700	162	1409
256.048	25701	159	1409
256.056	25702	158	209
256.058	25703	160	1409
256.064	25704	157	1409
256.067	25705	152	209
256.071	25706	155	1409
256.078	25707	154	1409
256.088	25708	156	1412
256.093	25709	153	209
256.106	25710	155	1412
256.116	25711	157	1409
256.124	25713	150	209
256.129	25714	153	1409
256.134	25715	151	1409
256.141	25716	150	209
256.149	25717	154	1409
256.152	25718	150	212
256.157	25720	146	209
256.16	25721	148	1409
256.174	25722	153	1409
256.193	25725	155	1409
256.199	25726	153	209
256.215	25729	151	209
256.217	25730	151	1409
256.225	25731	151	1409
256.228	25732	147	209
256.23	25733	148	1409
256.24	25734	149	1412
256.25	25735	151	1409
256.258	25736	151	209
256.26	25737	151	1409
256.268	25738	151	1409
256.275	25739	150	209
256.277	25740	152	1409
256.289	25741	155	1409
256.292	25742	151	209
256.294	25743	151	1409
256.299	25744	148	1409
256.309	25745	150	209
256.312	25746	151	1409
256.322	25747	153	1409
256.329	25748	152	1412
256.339	25749	153	209
256.341	25750	155	1409
256.351	25751	156	1409
256.359	25752	156	209
256.361	25753	157	1409
256.372	25754	161	1412
256.378	25755	159	1409
256.381	25756	153	209
256.386	25757	157	1409
256.393	25758	156	1409
256.398	25759	153	212
256.401	25760	155	1412
256.409	25761	154	209
256.411	25762	155	1409
256.421	25763	156	1409
256.431	25764	158	1412
256.438	25765	157	1412
256.445	25766	157	209
256.45	25767	160	1409
256.458	25769	152	209
256.461	25770	153	1409
256.473	25771	157	1409
256.475	25772	152	209
256.487	25774	154	1409
256.496	25775	156	209
256.498	25776	157	1409
256.506	25778	152	209
256.508	25779	153	1409
256.517	25780	157	1409
256.523	25781	155	209
256.528	25783	154	1409
256.533	25784	152	209
256.538	25785	156	1409
256.543	25786	155	1409
256.548	25787	153	209
256.555	25789	153	1409
256.573	25792	156	1409
256.576	25793	152	209
256.585	25795	155	1409
256.593	25796	151	209
256.598	25797	154	1409
256.608	25798	153	1409
256.616	25799	150	209
256.618	25800	152	1409
256.628	25801	150	1409
256.639	25802	150	209
256.641	25803	151	1409
256.653	25804	153	1409
256.661	25805	150	1412
256.671	25806	149	209
256.696	25809	150	1412
256.704	25810	151	209
256.707	25811	151	1412
256.712	25812	148	1409
256.721	25813	150	1409
256.733	25814	154	1412
256.741	25815	153	209
256.743	25816	155	1409
256.753	25817	156	1409
256.768	25819	155	209
256.771	25820	156	1409
256.776	25821	154	212
256.781	25822	157	1412
256.794	25824	153	1412
256.801	25825	153	209
256.803	25826	154	1409
256.811	25827	153	1409
256.819	25828	152	209
256.826	25829	157	1409
256.833	25830	155	1409
256.841	25831	153	209
256.844	25832	152	1409
256.858	25833	155	1409
256.861	25834	149	209
256.865	25835	153	1409
256.871	25836	151	1409
256.881	25837	152	209
256.883	25838	154	1409
256.896	25839	151	1412
256.908	25840	154	1412
256.918	25841	157	1409
256.925	25842	156	209
256.928	25843	157	1409
256.933	25844	154	1409
256.941	25845	154	209
256.948	25847	151	1409
256.954	25848	149	209
256.956	25849	151	1409
256.975	25851	154	1412
256.981	25852	151	209
256.993	25854	153	1409
257.003	25855	155	1412
257.008	25856	153	209
257.02	25858	156	1409
257.028	25859	154	209
257.031	25861	148	1409
257.036	25862	146	209
257.043	25863	152	1409
257.053	25864	154	1409
257.061	25865	152	209
257.063	25866	154	1409
257.075	25867	157	1409
257.082	25868	157	209
257.087	25869	160	1409
257.092	25870	158	1409
257.102	25872	157	1409
257.107	25873	154	1409
257.115	25874	155	209
257.118	25875	156	1409
257.125	25876	155	1409
257.13	25877	153	209
257.138	25878	158	1409
257.145	25879	157	1409
257.152	25880	157	209
257.155	25881	158	1409
257.162	25882	157	1412
257.172	25883	159	1409
257.175	25884	153	209
257.187	25886	156	1412
257.194	25887	155	1409
257.202	25888	155	1412
257.207	25889	152	209
257.209	25890	153	1409
257.216	25891	152	1409
257.227	25892	154	1412
257.235	25893	154	209
257.237	25894	155	1412
257.246	25895	157	1409
257.253	25896	156	1409
257.261	25897	155	209
257.263	25898	156	1409
257.273	25899	158	1409
257.281	25900	157	209
257.283	25901	158	1409
257.293	25902	160	1409
257.303	25904	160	1409
257.312	25905	161	1409
257.317	25906	159	212
257.318	25907	158	209
257.328	25909	158	1409
257.336	25910	160	209
257.338	25911	161	1409
257.345	25912	162	1409
257.347	25913	158	209
257.35	25914	159	1409
257.357	25915	161	1409
257.364	25916	161	209
257.372	25918	161	1409
257.375	25919	157	209
257.377	25920	159	1409
257.384	25921	159	1409
257.385	25922	154	209
257.397	25924	158	1412
257.402	25925	157	1409
257.405	25926	154	209
257.41	25927	157	1409
257.417	25928	157	1409
257.433	25931	156	1409
257.444	25932	155	209
257.448	25933	158	1409
257.461	25934	159	1409
257.483	25937	158	1409
257.491	25938	156	209
257.496	25939	159	1409
257.506	25940	158	1409
257.512	25941	154	212
257.515	25942	154	209
257.529	25945	149	1412
257.537	25946	149	209
257.542	25947	152	1409
257.552	25948	153	1409
257.557	25949	150	209
257.559	25950	151	1409
257.565	25951	149	1409
257.572	25952	149	1412
257.58	25953	148	209
257.582	25954	149	1409
257.589	25955	148	1409
257.601	25956	152	1412
257.607	25957	149	209
257.611	25958	153	1409
257.619	25959	152	1409
257.625	25960	150	209
257.631	25961	155	1409
257.635	25962	150	212
257.637	25963	152	1412
257.647	25964	154	1409
257.657	25966	153	1409
257.666	25967	155	1409
257.671	25968	152	209
257.676	25969	156	1409
257.692	25971	155	212
257.694	25972	156	1412
257.702	25974	154	1409
257.714	25976	151	209
257.717	25977	152	1409
257.724	25978	152	1409
257.736	25979	154	1412
257.745	25980	156	1412
257.749	25981	152	209
257.756	25982	158	1409
257.763	25983	157	1409
257.769	25984	154	209
257.774	25986	149	1409
257.784	25987	151	209
257.786	25988	153	1409
257.796	25989	154	1409
257.801	25990	152	209
257.806	25991	155	1409
257.814	25992	154	1409
257.821	25993	154	209
257.823	25994	155	1409
257.829	25995	153	1409
257.837	25996	152	209
257.839	25997	154	1409
257.844	25998	150	1409
257.85	25999	148	209
257.858	26001	146	212
257.86	26002	148	1409
257.866	26003	145	209
257.868	26004	146	1409
257.884	26006	145	209
257.886	26007	146	1409
257.891	26008	144	1412
257.899	26009	144	212
257.904	26010	146	1409
257.917	26012	143	209
257.919	26013	145	1409
257.931	26014	148	1409
257.933	26015	143	209
257.936	26016	143	1409
257.946	26017	146	1409
257.949	26018	141	209
257.952	26019	142	1409
257.963	26020	146	1409
257.973	26021	148	1412
257.979	26022	145	209
257.984	26023	148	1409
257.991	26024	148	1409
257.998	26025	147	209
258.001	26026	148	1409
258.011	26027	150	1409
258.014	26028	145	209
258.019	26029	149	1409
258.026	26030	147	1409
258.033	26031	147	209
258.036	26032	148	1409
258.042	26033	147	1409
258.05	26034	146	209
258.052	26035	147	1409
258.062	26036	149	1412
258.069	26037	147	1409
258.077	26038	148	209
258.079	26039	149	1409
258.089	26040	151	1412
258.099	26041	152	1409
258.102	26042	146	209
258.107	26043	150	1409
258.113	26044	149	1409
258.123	26045	151	1412
258.131	26046	151	209
258.133	26047	152	1409
258.143	26048	153	1409
258.151	26049	153	209
258.153	26050	154	1409
258.161	26051	153	1409
258.171	26052	156	209
258.173	26053	158	1409
258.181	26055	153	209
258.183	26056	155	1409
258.191	26057	156	1409
258.196	26058	155	209
258.204	26060	155	1409
258.207	26061	151	209
258.209	26062	153	1409
258.217	26063	153	1409
258.222	26064	152	209
258.231	26066	154	1409
258.239	26068	154	1409
258.244	26069	152	1409
258.251	26070	153	209
258.253	26071	155	1409
258.264	26073	148	209
258.269	26074	151	1409
258.279	26075	150	1409
258.289	26076	149	209
258.294	26077	152	1409
258.306	26078	155	1409
258.314	26079	152	209
258.319	26080	154	1409
258.326	26081	151	1409
258.337	26082	150	209
258.339	26083	152	1409
258.355	26085	145	209
258.36	26086	149	1409
258.369	26087	151	1409
258.377	26088	151	209
258.379	26089	151	1409
258.389	26090	153	1412
258.396	26091	152	1409
258.406	26092	154	209
258.409	26093	155	1409
258.414	26094	152	1412
258.423	26095	153	1409
258.431	26096	153	209
258.436	26097	156	1409
258.445	26098	158	1412
258.453	26099	158	212
258.455	26100	159	1409
258.463	26101	159	209
258.465	26102	159	1409
258.471	26103	156	1409
258.482	26104	160	1412
258.488	26105	158	209
258.491	26106	159	1409
258.5	26107	160	1409
258.504	26108	155	209
258.506	26109	157	1409
258.516	26111	151	209
258.528	26113	152	1409
258.536	26114	149	209
258.556	26116	151	1412
258.565	26117	153	1409
258.57	26118	150	209
258.575	26119	154	1409
258.583	26120	153	1409
258.586	26121	148	209
258.588	26122	150	1409
258.595	26123	148	1409
258.603	26124	148	209
258.606	26125	150	1409
258.618	26126	154	1409
258.624	26127	150	209
258.628	26128	154	1409
258.636	26129	153	1409
258.644	26130	153	209
258.646	26131	154	1409
258.652	26132	151	1409
258.657	26133	148	209
258.667	26135	149	1409
258.673	26136	146	209
258.677	26137	150	1409
258.687	26138	150	1409
258.692	26139	148	209
258.694	26140	149	1409
258.704	26141	151	1409
258.709	26142	147	209
258.714	26143	150	1409
258.726	26144	154	1412
258.739	26146	150	1409
258.747	26147	151	209
258.749	26148	152	1409
258.763	26149	157	1412
258.773	26150	159	1409
258.781	26151	159	209
258.783	26152	160	1409
258.791	26153	158	1409
258.796	26154	156	209
258.798	26155	157	1409
258.81	26156	160	1409
258.82	26158	160	1409
258.825	26159	158	1409
258.831	26160	154	209
258.835	26161	158	1409
258.843	26162	157	1409
258.849	26163	155	209
258.856	26165	152	1409
258.863	26166	151	209
258.865	26167	153	1409
258.877	26168	156	1412
258.884	26169	155	1409
258.89	26170	153	209
258.897	26171	158	1409
258.902	26172	154	1409
258.907	26173	152	209
258.912	26174	155	1409
258.922	26175	156	1409
258.93	26176	156	209
258.932	26177	157	1409
258.942	26178	158	1409
258.949	26179	158	1412
258.954	26180	155	209
258.957	26181	156	1409
258.966	26182	157	1409
258.974	26183	156	209
258.981	26185	155	1409
258.99	26186	154	209
258.996	26188	154	1409
259.003	26189	153	209
259.01	26191	152	1409
259.015	26192	151	209
259.018	26193	153	1409
259.025	26194	153	212
259.027	26195	155	1409
259.032	26196	154	209
259.034	26197	155	1409
259.04	26198	154	1409
259.043	26199	149	209
259.047	26200	153	1409
259.057	26201	152	1412
259.064	26202	152	1409
259.07	26203	151	209
259.072	26204	153	1409
259.079	26205	151	1409
259.084	26206	150	209
259.087	26207	151	1409
259.102	26208	154	1409
259.112	26209	153	209
259.115	26210	155	1409
259.124	26211	153	1409
259.132	26212	151	209
259.137	26213	153	1409
259.147	26214	152	1409
259.157	26215	152	209
259.159	26216	152	1409
259.172	26217	153	1409
259.18	26218	150	209
259.182	26219	152	1409
259.192	26220	151	1412
259.202	26221	151	1412
259.211	26222	153	1409
259.221	26223	155	1412
259.229	26224	154	209
259.232	26225	155	1409
259.239	26226	155	1409
259.245	26227	153	209
259.247	26228	153	1409
259.259	26229	156	1409
259.265	26230	154	209
259.28	26233	151	209
259.282	26234	152	1409
259.292	26235	153	1409
259.298	26236	151	209
259.31	26238	154	1409
259.317	26239	153	209
259.322	26241	149	1409
259.33	26242	147	209
259.334	26243	151	1409
259.344	26244	153	1409
259.352	26245	152	209
259.354	26246	153	1409
259.364	26247	155	1409
259.372	26248	155	209
259.379	26250	152	1409
259.383	26251	147	209
259.387	26252	151	1409
259.397	26253	153	1409
259.405	26254	151	209
259.409	26255	155	1409
259.417	26256	154	1409
259.425	26257	154	209
259.427	26258	155	1409
259.432	26259	151	1409
259.438	26260	149	209
259.44	26261	150	1409
259.452	26262	153	1409
259.458	26263	151	209
259.46	26264	152	1409
259.469	26265	153	1409
259.478	26266	153	209
259.487	26268	154	1412
259.494	26269	152	1412
259.504	26270	154	1409
259.516	26271	157	1412
259.522	26272	155	209
259.527	26273	154	1412
259.542	26275	154	1409
259.55	26276	154	209
259.552	26277	154	1409
259.56	26278	154	1409
259.57	26280	154	1409
259.577	26281	152	1409
259.587	26282	154	1412
259.595	26283	154	209
259.597	26284	154	1409
259.605	26285	154	1409
259.614	26287	155	1409
259.623	26288	155	1409
259.631	26289	155	209
259.634	26290	156	1409
259.643	26291	158	1409
259.649	26292	154	209
259.651	26293	156	1409
259.663	26294	160	1409
259.668	26295	156	209
259.671	26296	157	1409
259.681	26297	159	1409
259.686	26298	156	209
259.696	26299	158	1412
259.703	26300	157	1409
259.712	26301	159	1409
259.718	26302	157	209
259.72	26303	157	1409
259.73	26304	159	1409
259.735	26305	156	209
259.737	26306	157	1409
259.748	26307	158	1409
259.755	26308	157	1412
259.758	26309	153	209
259.765	26310	157	1409
259.774	26311	159	1409
259.777	26312	154	212
259.782	26313	158	209
259.785	26314	158	1409
259.787	26315	153	1409
259.795	26316	152	209
259.798	26317	154	1409
259.807	26318	154	1409
259.81	26319	150	209
259.813	26320	151	1409
259.82	26321	151	212
259.827	26322	156	1409
259.833	26323	153	209
259.835	26324	155	1409
259.84	26325	150	1409
259.846	26326	150	209
259.85	26327	154	1409
259.857	26328	154	1409
259.862	26329	153	209
259.865	26330	154	1409
259.87	26331	152	1409
259.875	26332	151	209
259.877	26333	152	1409
259.882	26334	151	1409
259.888	26335	150	209
259.897	26337	151	1409
259.905	26338	153	209
259.912	26340	150	1409
259.918	26341	148	209
259.921	26342	150	1409
259.932	26343	152	1409
259.938	26344	150	209
259.94	26345	152	1409
260.015	26346	52	1412
260.023	26347	53	1412
260.035	26348	52	1409
260.04	26349	51	209
260.043	26350	52	1409
260.119	26351	55	1409
260.124	26352	50	209
260.127	26353	52	1409
260.137	26354	53	1409
260.143	26355	51	209
260.146	26356	53	1409
260.222	26357	52	1409
260.228	26358	51	209
260.23	26359	53	1409
260.238	26360	52	1409
260.243	26361	50	209
260.247	26362	52	1409
260.254	26363	52	1409
260.261	26364	50	209
260.263	26365	52	1409
260.271	26366	52	1409
260.277	26367	50	209
260.28	26368	52	1409
260.287	26369	52	1409
260.295	26370	52	209
260.298	26371	53	1409
260.306	26372	54	1409
260.314	26373	54	209
260.317	26374	55	1409
260.326	26375	57	1409
260.334	26376	57	209
260.337	26377	58	1409
260.344	26378	58	1409
260.354	26379	60	209
260.356	26380	61	1409
260.367	26381	64	1409
260.371	26382	61	209
260.376	26383	65	1409
260.386	26384	67	1409
260.392	26385	64	209
260.396	26386	68	1409
260.403	26387	67	1409
260.412	26388	67	209
260.414	26389	69	1409
260.426	26390	72	1409
260.432	26391	71	209
260.436	26392	75	1409
260.446	26393	76	1409
260.451	26394	74	209
260.454	26395	75	1409
260.464	26396	77	1409
260.474	26397	79	209
260.476	26398	81	1409
260.486	26399	82	1409
260.494	26400	82	209
260.496	26401	84	1409
260.506	26402	86	1409
260.512	26403	84	209
260.518	26404	90	1409
260.526	26405	89	1409
260.534	26406	89	209
260.536	26407	91	1409
260.546	26408	92	1409
260.556	26409	95	209
260.559	26410	96	1409
260.568	26411	97	1409
260.579	26412	101	209
260.581	26413	101	1409
260.588	26414	102	1409
260.596	26415	101	209
260.598	26416	103	1409
260.611	26417	107	1409
260.616	26418	104	209
260.618	26419	106	1409
260.63	26420	110	1409
260.636	26421	107	209
260.638	26422	109	1409
260.651	26423	113	1409
260.658	26424	114	209
260.661	26425	114	1409
260.67	26426	117	1409
260.678	26427	117	209
260.681	26428	118	1409
260.69	26429	120	1409
260.696	26430	117	209
260.698	26431	118	1409
260.708	26432	120	1409
260.713	26433	120	209
260.718	26434	123	1409
260.723	26435	122	1409
260.728	26436	122	209
260.731	26437	123	1409
260.741	26438	126	1409
260.746	26439	125	209
260.748	26440	126	1409
260.755	26441	128	1409
260.761	26442	127	209
260.763	26443	129	1409
260.772	26444	132	1409
260.781	26445	133	209
260.783	26446	136	1409
260.785	26447	131	1409
260.793	26448	132	209
260.795	26449	134	1409
260.803	26450	136	1409
260.808	26451	135	209
260.81	26452	136	1409
260.818	26453	137	1409
260.825	26454	138	209
260.828	26455	139	1409
260.84	26456	140	1409
260.848	26457	138	209
260.85	26458	139	1409
260.86	26459	139	1409
260.868	26460	137	209
260.873	26461	139	1409
260.882	26462	139	1409
260.893	26463	138	209
260.895	26464	140	1409
260.907	26465	141	1409
260.915	26466	139	209
260.918	26467	140	1409
260.93	26468	142	1409
260.94	26469	142	209
260.945	26470	145	1409
260.952	26471	144	1409
260.96	26472	145	209
260.963	26473	146	1409
260.972	26474	147	1409
260.983	26475	150	209
260.985	26476	151	1409
260.994	26477	153	1409
260.997	26478	149	209
261	26479	150	1409
261.01	26480	152	1409
261.017	26481	152	209
261.022	26482	156	1409
261.027	26483	153	1409
261.035	26484	153	209
261.037	26485	154	1409
261.047	26486	156	1409
261.05	26487	151	209
261.06	26489	151	1409
261.068	26490	152	209
261.07	26491	153	1409
261.075	26492	151	1409
261.081	26493	148	209
261.086	26494	152	1409
261.093	26495	151	1409
261.098	26496	149	209
261.103	26497	153	1409
261.108	26498	150	1409
261.12	26500	152	1409
261.13	26501	155	1409
261.135	26502	153	209
261.138	26503	154	1409
261.143	26504	151	1409
261.151	26505	151	209
261.153	26506	152	1409
261.162	26507	154	1409
261.168	26508	152	209
261.171	26509	153	1409
261.18	26510	154	1409
261.183	26511	151	209
261.188	26512	154	1409
261.203	26514	154	209
261.205	26515	155	1409
261.213	26516	155	1409
261.218	26517	152	209
261.226	26519	150	1409
261.233	26520	150	209
261.235	26521	151	1409
261.243	26522	150	1409
261.251	26523	151	209
261.254	26524	152	1409
261.261	26525	152	1409
261.268	26526	152	1412
261.273	26527	149	209
261.276	26528	150	1409
261.283	26529	150	1409
261.293	26530	152	209
261.296	26531	153	1409
261.305	26532	154	1409
261.311	26533	153	209
261.313	26534	154	1409
261.326	26536	151	212
261.326	26537	151	209
261.331	26538	154	1409
261.334	26539	149	1409
261.341	26540	148	209
261.346	26541	152	1409
261.353	26542	151	1409
261.359	26543	149	209
261.366	26544	155	1409
261.371	26545	152	1409
261.376	26546	150	209
261.381	26547	153	1409
261.388	26548	154	1409
261.407	26551	154	1412
261.413	26552	152	1409
261.421	26553	152	209
261.433	26555	155	1412
261.442	26556	157	1409
261.453	26557	159	209
261.46	26559	157	1409
261.463	26560	153	209
261.47	26561	158	1409
261.477	26562	158	1409
261.487	26563	161	209
261.494	26565	159	1409
261.502	26566	159	209
261.504	26567	160	1409
261.512	26568	159	1409
261.515	26569	154	209
261.519	26570	158	1409
261.525	26571	156	1409
261.532	26572	155	1412
261.54	26573	155	209
261.542	26574	156	1409
261.549	26575	156	1409
261.559	26577	157	1409
261.568	26578	158	1409
261.579	26580	159	1409
261.589	26582	156	209
261.591	26583	157	1409
261.599	26585	153	209
261.604	26586	156	1409
261.609	26587	155	1409
261.615	26588	155	212
261.617	26590	150	209
261.62	26591	151	1409
261.627	26592	153	1409
261.637	26593	154	1412
261.647	26595	157	1409
261.649	26596	154	1409
261.661	26597	152	1412
261.666	26598	151	209
261.669	26599	152	1409
261.674	26600	152	1409
261.685	26601	147	209
261.695	26602	150	1412
261.704	26603	149	1409
261.717	26604	152	1409
261.724	26605	149	209
261.727	26606	150	1409
261.738	26607	151	1409
261.748	26608	151	209
261.751	26609	151	1409
261.759	26610	150	212
261.761	26611	151	1409
261.771	26612	150	209
261.774	26613	151	1409
261.784	26614	151	212
261.787	26615	152	1409
261.796	26616	154	1412
261.806	26617	156	1412
261.811	26618	154	209
261.816	26619	156	1409
261.821	26620	155	1409
261.829	26621	154	1412
261.836	26622	153	209
261.841	26623	157	1409
261.85	26624	159	1409
261.853	26625	154	212
261.854	26626	153	209
261.856	26627	154	1409
261.872	26629	154	209
261.879	26631	153	1409
261.886	26632	153	209
261.888	26633	154	1409
261.898	26634	156	1409
261.904	26635	154	209
261.909	26636	157	1409
261.916	26637	156	1409
261.921	26638	154	209
261.923	26639	155	1409
261.929	26640	152	1409
261.936	26641	152	209
261.939	26642	153	1409
261.944	26643	151	1409
261.952	26644	150	209
261.954	26645	152	1409
261.961	26646	150	1409
261.967	26647	149	209
261.972	26648	152	1409
261.979	26649	152	1409
261.987	26650	152	209
261.997	26652	153	1409
262.002	26653	150	209
262.004	26654	151	1409
262.012	26655	152	1409
262.019	26656	151	209
262.022	26657	152	1409
262.032	26658	154	1409
262.039	26659	153	209
262.047	26661	152	1409
262.052	26662	149	209
262.055	26663	151	1409
262.064	26664	152	1409
262.071	26665	152	209
262.073	26666	153	1409
262.081	26667	153	1412
262.088	26668	153	1412
262.101	26669	157	1409
262.108	26670	157	209
262.111	26671	158	1409
262.12	26672	160	1409
262.128	26674	159	1409
262.131	26675	153	1409
262.141	26676	155	209
262.143	26677	157	1409
262.153	26678	158	1409
262.161	26679	158	209
262.165	26680	162	1409
262.174	26682	154	209
262.176	26683	155	1409
262.185	26684	157	1409
262.203	26687	157	1409
262.213	26689	153	209
262.215	26690	154	1409
262.223	26691	154	1409
262.231	26692	153	209
262.233	26693	155	1409
262.24	26694	154	1409
262.246	26695	152	209
262.251	26696	154	1412
262.258	26697	154	1409
262.266	26698	154	1409
262.271	26699	152	209
262.274	26700	153	1409
262.281	26701	153	1409
262.284	26702	148	209
262.297	26704	151	1409
262.302	26705	148	209
262.304	26706	150	1409
262.315	26708	145	209
262.317	26709	146	1409
262.327	26710	148	212
262.33	26711	149	1409
262.333	26712	145	209
262.34	26714	143	1409
262.35	26715	145	209
262.353	26716	146	1409
262.36	26717	146	1409
262.366	26718	144	209
262.37	26719	147	1409
262.38	26720	149	1412
262.385	26721	146	1409
262.39	26722	143	209
262.395	26723	147	1409
262.405	26724	149	212
262.407	26725	151	1412
262.412	26726	149	1409
262.419	26727	150	1412
262.425	26728	149	209
262.429	26729	153	1409
262.436	26730	154	1409
262.442	26731	153	209
262.444	26732	155	1409
262.451	26733	155	1409
262.459	26734	157	209
262.462	26735	158	1409
262.469	26736	160	1409
262.472	26737	156	209
262.474	26738	158	1409
262.484	26739	160	1409
262.487	26740	155	209
262.489	26741	158	1409
262.504	26742	157	1412
262.511	26743	158	1409
262.513	26744	155	209
262.52	26745	160	1409
262.528	26746	157	1412
262.54	26747	158	1409
262.547	26748	156	1412
262.557	26749	155	209
262.56	26750	156	1409
262.572	26751	157	1409
262.579	26752	155	209
262.582	26753	155	1409
262.594	26754	158	1409
262.602	26755	155	209
262.606	26756	158	1409
262.614	26757	156	1409
262.625	26758	158	209
262.627	26759	159	1409
262.636	26760	161	1409
262.639	26761	156	209
262.649	26763	157	1409
262.655	26764	154	209
262.662	26766	153	1409
262.668	26767	150	209
262.677	26769	151	1409
262.685	26770	151	209
262.688	26771	152	1409
262.693	26772	149	1409
262.7	26773	149	209
262.705	26774	153	1409
262.712	26775	151	1409
262.722	26777	152	1409
262.729	26778	153	1409
262.739	26780	153	1409
262.747	26781	153	1409
262.752	26782	150	209
262.756	26783	154	1409
262.765	26784	154	1409
262.77	26785	151	209
262.775	26786	155	1409
262.784	26787	157	1409
262.79	26788	154	209
262.794	26789	158	1409
262.799	26790	155	1409
262.809	26791	157	209
262.812	26792	158	1409
262.829	26795	158	1409
262.836	26796	157	1409
262.837	26797	151	209
262.842	26798	154	1409
262.849	26799	155	1409
262.859	26800	156	1412
262.866	26801	156	209
262.869	26802	156	1412
262.88	26803	161	1409
262.888	26804	161	1412
262.897	26805	162	1409
262.905	26806	161	209
262.907	26807	163	1409
262.915	26808	162	1409
262.918	26809	158	209
262.92	26810	159	1409
262.927	26811	158	1409
262.933	26812	155	212
262.936	26814	156	1409
262.945	26815	157	1409
262.953	26816	157	212
262.953	26817	157	209
262.956	26818	158	1409
262.971	26820	157	209
262.978	26822	155	1409
262.986	26823	155	209
262.997	26825	158	1409
262.998	26826	152	209
263.003	26827	154	1409
263.01	26828	154	1409
263.015	26829	151	209
263.02	26830	155	1409
263.033	26831	154	1412
263.039	26832	153	212
263.044	26834	149	209
263.049	26835	152	1409
263.053	26836	150	1409
263.063	26837	152	209
263.066	26838	153	1409
263.073	26839	152	1409
263.081	26840	152	209
263.083	26841	153	1409
263.089	26842	150	1409
263.094	26843	148	209
263.096	26844	149	1409
263.106	26845	151	1409
263.114	26847	148	1409
263.121	26848	148	1409
263.131	26849	150	209
263.133	26850	151	1409
263.141	26851	150	212
263.143	26852	152	1409
263.153	26853	153	209
263.156	26854	154	1409
263.163	26855	154	1409
263.169	26856	151	209
263.171	26857	153	1409
263.183	26858	157	1412
263.188	26859	154	1412
263.196	26860	153	1409
263.205	26861	154	1412
263.211	26862	152	209
263.216	26863	156	1409
263.224	26864	155	1409
263.229	26865	153	209
263.234	26867	148	1409
263.242	26868	148	209
263.244	26869	150	1412
263.251	26870	150	1409
263.258	26871	151	1409
263.268	26872	154	209
263.271	26873	155	1409
263.273	26874	152	1409
263.281	26875	152	209
263.283	26876	154	1409
263.291	26877	155	1409
263.296	26878	153	209
263.298	26879	154	1409
263.303	26880	153	1409
263.309	26881	152	209
263.313	26882	156	1409
263.318	26883	154	1409
263.326	26884	156	212
263.326	26885	155	209
263.336	26887	157	1409
263.339	26888	154	209
263.346	26890	152	1409
263.354	26891	149	209
263.357	26892	150	1409
263.369	26893	151	1409
263.377	26894	148	209
263.379	26895	149	1409
263.391	26896	151	1409
263.4	26897	148	209
263.404	26898	151	1409
263.414	26899	150	1409
263.422	26900	147	209
263.427	26901	150	1409
263.438	26902	151	1412
263.446	26903	148	1409
263.454	26904	148	209
263.456	26905	149	1409
263.468	26906	152	1409
263.476	26907	153	209
263.478	26908	154	1409
263.488	26909	155	1409
263.493	26910	153	209
263.496	26911	155	1409
263.506	26912	155	1409
263.514	26913	155	209
263.516	26914	156	1409
263.525	26915	158	1409
263.533	26916	158	209
263.543	26918	158	1409
263.548	26919	155	1412
263.555	26920	154	1412
263.562	26921	154	209
263.565	26922	155	1409
263.574	26923	157	1409
263.587	26925	160	1409
263.592	26926	157	1409
263.599	26927	157	209
263.602	26928	158	1409
263.611	26929	160	1409
263.615	26930	155	209
263.62	26931	158	1409
263.629	26932	160	1409
263.632	26933	156	209
263.637	26934	159	1409
263.642	26935	156	1409
263.648	26936	153	209
263.652	26937	157	1409
263.659	26938	156	1409
263.665	26939	153	209
263.667	26940	155	1409
263.672	26941	152	1409
263.678	26942	149	209
263.68	26943	151	1409
263.69	26944	153	1409
263.695	26945	150	209
263.697	26946	151	1409
263.705	26947	151	1409
263.71	26948	148	209
263.713	26949	149	1409
263.722	26950	151	1409
263.73	26951	151	209
263.733	26952	152	1409
263.74	26953	152	1409
263.75	26954	153	1412
263.756	26955	151	209
263.758	26956	153	1409
263.765	26957	151	1409
263.772	26958	151	209
263.775	26959	152	1409
263.785	26960	154	1409
263.792	26961	154	212
263.793	26962	153	209
263.795	26963	154	1409
263.804	26964	155	1409
263.812	26965	155	209
263.814	26966	156	1409
263.824	26967	158	1409
263.832	26968	157	209
263.834	26969	159	1409
263.839	26970	155	1409
263.849	26971	157	209
263.851	26972	158	1409
263.856	26973	156	1409
263.864	26974	155	209
263.866	26975	157	1409
263.879	26977	154	209
263.884	26978	157	1409
263.891	26979	157	1409
263.896	26980	154	209
263.898	26981	155	1409
263.908	26982	157	1409
263.914	26983	155	209
263.917	26984	156	1409
263.924	26985	155	1409
263.929	26986	153	209
263.932	26987	154	1409
263.941	26988	156	1409
263.948	26989	155	209
263.959	26991	156	1409
263.964	26992	153	209
263.973	26994	154	1409
263.982	26995	154	209
263.991	26997	155	1409
263.993	26998	149	209
264	27000	148	1409
264.008	27001	148	209
264.011	27002	149	1409
264.019	27003	149	1409
264.019	27004	143	209
264.022	27005	143	1409
264.031	27006	145	1409
264.036	27007	143	209
264.039	27008	144	1409
264.046	27009	143	1409
264.053	27010	144	209
264.055	27011	144	1409
264.06	27012	142	1409
264.069	27013	144	209
264.071	27014	145	1409
264.078	27015	145	1412
264.085	27016	147	1409
264.088	27017	143	209
264.09	27018	145	1409
264.1	27019	148	1409
264.105	27020	148	209
264.108	27021	149	1409
264.117	27022	152	1409
264.12	27023	150	209
264.125	27024	153	1409
264.132	27025	154	1409
264.138	27026	153	209
264.14	27027	156	1409
264.147	27028	156	1409
264.161	27029	153	1412
264.17	27030	155	209
264.174	27031	159	1409
264.182	27032	159	1412
264.189	27033	156	1409
264.199	27034	156	1412
264.213	27035	160	1412
264.221	27036	156	209
264.224	27037	158	1409
264.233	27038	158	1409
264.241	27039	154	209
264.246	27040	158	1409
264.255	27041	158	1409
264.266	27042	157	209
264.268	27043	159	1409
264.278	27044	158	1409
264.288	27045	158	209
264.29	27046	159	1409
264.298	27047	159	1409
264.306	27048	159	209
264.308	27049	161	1409
264.315	27050	159	1409
264.321	27051	157	209
264.33	27053	157	1409
264.335	27054	156	209
264.343	27056	154	1409
264.346	27057	150	209
264.351	27058	153	1409
264.358	27059	153	1409
264.366	27060	153	209
264.368	27061	153	1409
264.376	27062	154	1409
264.383	27063	154	209
264.386	27064	155	1409
264.391	27065	152	1409
264.398	27066	152	209
264.405	27067	157	1409
264.41	27068	155	1409
264.42	27070	156	1409
264.429	27071	158	1409
264.437	27073	156	1409
264.442	27074	154	1409
264.452	27075	156	209
264.454	27076	158	1409
264.464	27077	160	1409
264.474	27079	160	1409
264.481	27080	161	1409
264.489	27081	160	209
264.5	27083	163	1409
264.504	27084	159	209
264.513	27086	159	1409
264.516	27087	155	209
264.519	27088	157	1409
264.526	27089	156	1409
264.532	27090	153	209
264.537	27091	157	1409
264.544	27092	157	1412
264.547	27093	152	1412
264.558	27094	156	1409
264.566	27095	156	209
264.569	27096	157	1409
264.575	27097	156	1409
264.579	27098	152	209
264.582	27099	154	1409
264.589	27100	153	1409
264.595	27101	151	209
264.602	27103	149	1409
264.61	27104	150	209
264.612	27105	151	1409
264.619	27106	151	1409
264.627	27107	150	212
264.628	27108	150	209
264.637	27110	150	1409
264.645	27111	151	212
264.646	27112	150	209
264.653	27114	148	1409
264.658	27115	146	209
264.668	27117	147	1409
264.674	27118	145	212
264.674	27119	145	209
264.679	27120	148	1409
264.683	27121	145	1409
264.689	27122	144	209
264.694	27123	144	1412
264.704	27124	147	1409
264.714	27125	149	1412
264.719	27126	145	1409
264.726	27127	146	209
264.729	27128	147	1409
264.741	27129	151	1409
264.748	27130	151	209
264.75	27131	152	1409
264.76	27132	154	1409
264.765	27133	152	209
264.77	27134	155	1409
264.78	27135	157	1409
264.785	27136	155	209
264.788	27137	157	1409
264.797	27138	158	1409
264.802	27139	156	209
264.807	27140	159	1409
264.816	27141	161	1412
264.826	27142	163	1409
264.83	27143	158	209
264.834	27144	162	1409
264.84	27145	159	1409
264.845	27146	157	1412
264.854	27148	158	1409
264.86	27149	155	1412
264.871	27150	159	1409
264.879	27151	159	1412
264.898	27154	162	1409
264.901	27155	157	209
264.909	27157	156	1409
264.916	27158	156	209
264.919	27159	157	1409
264.924	27160	156	1409
264.929	27161	155	209
264.931	27162	156	1409
264.936	27163	155	1409
264.944	27164	157	209
264.946	27165	158	1409
264.955	27166	161	1409
264.958	27167	158	209
264.966	27169	159	1409
264.973	27171	159	1409
264.984	27173	155	209
264.995	27176	147	209
264.997	27177	149	1409
265.007	27178	149	1409
265.014	27179	147	209
265.017	27180	148	1409
265.029	27181	150	1409
265.034	27182	145	209
265.041	27183	151	1409
265.053	27184	152	1409
265.063	27185	152	212
265.064	27186	151	209
265.066	27187	151	1409
265.076	27188	151	1409
265.086	27189	152	209
265.089	27190	152	1409
265.098	27191	152	1409
265.109	27192	152	212
265.111	27193	152	1412
265.12	27194	152	1412
265.129	27195	152	209
265.131	27196	153	1409
265.14	27197	155	1409
265.148	27198	155	209
265.151	27199	156	1409
265.156	27200	154	1409
265.161	27201	151	209
265.163	27202	153	1409
265.175	27203	157	1412
265.19	27206	154	1412
265.198	27207	155	209
265.2	27208	156	1409
265.205	27209	154	1412
265.217	27210	158	1412
265.225	27211	158	1409
265.23	27212	155	209
265.232	27213	157	1409
265.247	27215	156	209
265.26	27218	153	209
265.263	27219	154	1409
265.268	27220	152	1409
265.276	27221	152	209
265.286	27223	152	1409
265.289	27224	149	209
265.296	27226	147	1409
265.304	27227	147	209
265.307	27228	148	1409
265.322	27230	148	209
265.324	27231	149	1409
265.33	27232	147	1409
265.337	27233	146	209
265.339	27234	148	1409
265.346	27235	147	1409
265.354	27236	148	209
265.359	27237	151	1409
265.368	27238	153	1409
265.374	27239	151	209
265.377	27240	152	1409
265.384	27241	152	1409
265.392	27242	152	212
265.394	27243	153	1412
265.398	27244	149	209
265.41	27246	152	1409
265.412	27247	147	209
265.417	27248	151	1409
265.427	27249	153	1409
265.433	27250	151	209
265.44	27252	149	1409
265.447	27253	149	1412
265.455	27254	148	209
265.457	27255	150	1409
265.465	27256	150	1412
265.47	27257	147	1412
265.48	27258	149	1409
265.491	27259	153	1412
265.497	27260	151	209
265.501	27261	154	1412
265.511	27262	156	1409
265.519	27263	156	1409
265.526	27264	156	209
265.528	27265	157	1409
265.538	27266	159	1412
265.551	27268	157	209
265.556	27269	160	1409
265.567	27271	156	209
265.574	27273	155	1409
265.582	27274	155	209
265.587	27276	151	1409
265.592	27277	149	209
265.595	27278	150	1409
265.605	27279	152	1409
265.609	27280	149	1412
265.617	27281	149	209
265.62	27282	150	1409
265.627	27283	149	1409
265.633	27284	148	209
265.635	27285	150	1409
265.64	27286	146	1412
265.65	27287	148	1409
265.657	27288	147	209
265.66	27289	149	1409
265.67	27290	152	1409
265.677	27291	151	209
265.679	27292	153	1409
265.689	27293	155	1409
265.699	27294	157	209
265.701	27295	158	1409
265.712	27297	154	209
265.714	27298	155	1409
265.72	27299	153	1409
265.728	27300	152	209
265.735	27302	151	1409
265.74	27303	149	209
265.742	27304	150	1409
265.752	27305	154	1409
265.757	27306	153	1412
265.762	27307	151	209
265.765	27308	152	1409
265.77	27309	152	1412
265.782	27311	152	1409
265.789	27312	152	1412
265.797	27313	153	209
265.799	27314	154	1409
265.807	27316	150	209
265.809	27317	151	1409
265.819	27318	155	1409
265.824	27319	154	209
265.828	27320	158	1409
265.834	27321	157	1409
265.841	27322	156	209
265.843	27323	158	1409
265.853	27324	160	1409
265.863	27325	161	209
265.865	27326	162	1409
265.873	27327	159	1409
265.883	27328	159	209
265.893	27330	157	1409
265.901	27331	154	209
265.906	27332	158	1409
265.914	27333	155	1409
265.923	27334	154	1412
265.929	27335	150	209
265.936	27336	155	1409
265.942	27337	152	1412
265.952	27338	154	1409
265.96	27339	155	209
265.965	27341	151	1409
265.973	27342	150	209
265.975	27343	152	1409
265.985	27344	154	1409
265.995	27345	155	1412
266	27346	154	209
266.005	27347	157	1409
266.015	27348	159	1409
266.02	27349	156	1412
266.028	27350	157	209
266.03	27351	157	1409
266.037	27352	157	1409
266.045	27353	157	209
266.049	27355	153	1409
266.059	27356	155	209
266.062	27357	156	1409
266.068	27358	155	1409
266.075	27359	154	209
266.077	27360	156	1409
266.088	27362	150	209
266.091	27363	152	1409
266.096	27364	150	1412
266.105	27365	152	1409
266.115	27366	154	209
266.117	27367	155	1409
266.13	27369	153	209
266.133	27370	153	1409
266.147	27372	153	209
266.15	27373	154	1409
266.157	27374	154	1409
266.16	27375	149	209
266.167	27376	155	1409
266.172	27377	153	1412
266.181	27378	154	1409
266.189	27379	154	209
266.192	27380	155	1409
266.199	27381	155	1409
266.204	27382	153	209
266.207	27383	154	1409
266.214	27384	154	1409
266.22	27385	151	209
266.222	27386	153	1409
266.232	27387	155	1409
266.235	27388	151	209
266.247	27390	154	1409
266.257	27391	155	1412
266.267	27393	156	1409
266.274	27394	157	1409
266.28	27395	154	209
266.282	27396	156	1409
266.287	27397	153	1409
266.294	27398	152	1412
266.3	27399	151	209
266.302	27400	152	1409
266.309	27401	151	1409
266.315	27402	148	209
266.319	27403	152	1409
266.327	27404	151	1409
266.336	27405	154	1412
266.345	27406	154	209
266.347	27407	155	1409
266.356	27408	157	1412
266.362	27409	154	1409
266.367	27410	152	209
266.37	27411	153	1409
266.377	27412	153	1409
266.389	27414	157	1409
266.397	27415	156	1409
266.402	27416	155	209
266.409	27418	153	1409
266.415	27419	150	209
266.42	27420	153	1409
266.429	27421	155	1409
266.435	27422	152	209
266.442	27424	151	1409
266.452	27425	152	1412
266.462	27426	155	209
266.464	27427	156	1409
266.468	27428	151	212
266.47	27429	152	1409
266.478	27430	151	209
266.48	27431	153	1409
266.49	27432	154	1409
266.497	27433	153	209
266.499	27434	155	1409
266.509	27435	156	1409
266.517	27436	156	209
266.521	27437	159	1409
266.531	27438	160	1409
266.536	27439	157	209
266.545	27441	158	1409
266.56	27444	156	1409
266.566	27445	152	209
266.568	27446	154	1409
266.578	27447	157	1409
266.583	27448	156	209
266.585	27449	158	1409
266.59	27450	157	1409
266.597	27451	157	212
266.598	27452	156	209
266.6	27453	158	1409
266.607	27454	159	1409
266.611	27455	156	209
266.613	27456	158	1409
266.62	27457	158	1412
266.63	27458	161	1409
266.635	27460	159	1409
266.64	27461	157	1409
266.649	27462	156	1412
266.654	27463	156	209
266.657	27464	157	1409
266.667	27465	161	1409
266.672	27466	157	209
266.674	27467	159	1409
266.678	27468	151	1409
266.687	27469	151	209
266.69	27470	151	1409
266.705	27471	156	1409
266.713	27472	153	209
266.715	27473	154	1409
266.725	27474	153	1409
266.733	27475	152	209
266.743	27477	149	1409
266.753	27478	149	1412
266.764	27479	148	212
266.766	27480	149	1412
266.769	27481	144	209
266.771	27482	146	1409
266.781	27483	147	1409
266.786	27484	145	209
266.789	27485	146	1409
266.801	27486	150	1409
266.807	27487	148	209
266.814	27489	146	1409
266.821	27490	146	209
266.824	27491	147	1409
266.832	27492	147	212
266.834	27493	149	1409
266.844	27494	150	209
266.846	27495	152	1409
266.856	27496	154	1409
266.863	27497	153	209
266.866	27498	154	1409
266.873	27499	154	1409
266.881	27500	154	209
266.886	27501	157	1409
266.893	27502	156	1409
266.9	27503	156	209
266.903	27504	157	1409
266.91	27505	156	1409
266.918	27506	157	209
266.925	27508	155	1409
266.933	27509	154	209
266.935	27510	156	1409
266.945	27511	158	1409
266.954	27512	159	1412
266.965	27514	160	1409
266.977	27516	157	209
266.98	27517	159	1409
266.985	27518	155	1409
266.997	27520	158	1409
267.012	27522	157	209
267.014	27523	159	1409
267.022	27524	158	1412
267.027	27525	155	1409
267.036	27526	157	209
267.039	27527	159	1409
267.046	27528	158	1409
267.054	27529	158	209
267.06	27531	154	1409
267.065	27532	151	209
267.067	27533	153	1409
267.083	27535	152	209
267.085	27536	153	1409
267.09	27537	151	1409
267.098	27538	150	209
267.1	27539	151	1409
267.108	27540	151	1409
267.116	27541	151	209
267.125	27543	152	1409
267.132	27544	151	1412
267.14	27545	151	209
267.143	27546	152	1409
267.15	27547	151	1409
267.155	27548	149	209
267.158	27549	150	1409
267.165	27550	150	212
267.168	27551	151	1409
267.175	27552	151	209
267.18	27553	155	1409
267.188	27554	154	1412
267.197	27555	156	1409
267.2	27556	150	212
267.205	27557	154	209
267.207	27558	156	1409
267.213	27559	153	1409
267.222	27560	155	1412
267.228	27561	152	209
267.236	27563	151	1409
267.243	27564	150	209
267.245	27565	152	1409
267.253	27566	151	1409
267.258	27567	148	209
267.263	27568	153	1412
267.27	27569	152	1409
267.28	27570	153	1409
267.29	27571	155	1412
267.299	27573	156	1409
267.309	27574	157	1409
267.314	27575	156	209
267.319	27576	158	1409
267.326	27577	159	1409
267.334	27578	158	1412
267.339	27579	156	209
267.344	27580	160	1409
267.354	27581	161	1409
267.361	27582	161	209
267.363	27583	162	1409
267.381	27586	162	1409
267.386	27587	160	1409
267.392	27588	157	209
267.399	27590	156	1409
267.404	27591	154	209
267.411	27593	154	1409
267.417	27594	153	209
267.419	27595	155	1409
267.429	27597	152	209
267.431	27598	153	1409
267.437	27599	152	1409
267.441	27600	151	1412
267.449	27601	152	209
267.451	27602	153	1409
267.459	27603	154	1409
267.464	27604	153	209
267.466	27605	154	1409
267.473	27606	155	1409
267.479	27607	154	209
267.486	27609	154	1409
267.494	27610	154	209
267.496	27611	156	1409
267.504	27612	153	212
267.507	27613	154	1409
267.515	27614	151	209
267.524	27616	149	1409
267.534	27617	149	209
267.537	27618	149	1409
267.548	27619	151	1409
267.559	27620	151	209
267.562	27621	151	1409
267.571	27622	151	1409
267.581	27623	150	1412
267.589	27624	147	212
267.594	27625	150	209
267.596	27626	152	1409
267.601	27627	149	1412
267.611	27628	150	1409
267.623	27629	154	1412
267.629	27630	152	209
267.631	27631	154	1409
267.641	27632	155	1412
267.648	27633	154	1409
267.654	27634	153	209
267.661	27635	158	1409
267.671	27636	160	1409
267.676	27637	158	209
267.678	27638	158	1409
267.686	27639	158	1409
267.689	27640	154	209
267.698	27642	153	1409
267.707	27643	156	1409
267.715	27644	156	209
267.718	27645	157	1409
267.727	27646	159	1409
267.732	27647	155	1412
267.74	27648	155	209
267.742	27649	156	1409
267.752	27650	158	1409
267.76	27651	158	209
267.762	27652	159	1409
267.77	27654	152	209
267.775	27655	155	1409
267.783	27656	155	1409
267.79	27657	154	209
267.792	27658	156	1409
267.8	27659	156	1409
267.805	27660	153	209
267.808	27661	154	1409
267.821	27663	151	209
267.826	27664	155	1409
267.831	27665	152	1409
267.832	27666	145	209
267.836	27667	149	1409
267.843	27668	148	1409
267.851	27669	148	209
267.856	27670	151	1409
267.863	27671	151	1409
267.866	27672	146	209
267.868	27673	147	1409
267.878	27674	149	1409
267.886	27675	149	209
267.888	27676	150	1409
267.896	27677	150	1409
267.906	27678	151	1412
267.911	27679	149	209
267.914	27680	150	1409
267.924	27681	152	1409
267.931	27682	152	209
267.933	27683	153	1409
267.943	27684	155	1409
267.949	27685	153	209
267.956	27687	151	1409
267.964	27688	151	209
267.967	27689	152	1409
267.974	27690	152	1412
267.986	27691	155	1409
267.993	27692	155	209
267.996	27693	156	1409
268.003	27694	156	1409
268.01	27695	155	209
268.013	27696	156	1409
268.022	27697	157	1409
268.032	27698	160	1412
268.042	27700	160	1409
268.049	27701	160	1409
268.052	27702	154	209
268.055	27703	156	1409
268.069	27704	162	1409
268.074	27705	160	209
268.077	27706	161	1409
268.088	27707	165	1409
268.094	27708	163	209
268.099	27710	158	1409
268.102	27711	154	209
268.106	27712	157	1409
268.116	27713	159	1409
268.124	27714	159	209
268.126	27715	160	1409
268.131	27716	156	1409
268.138	27717	157	209
268.141	27718	157	1409
268.156	27720	157	209
268.158	27721	158	1409
268.168	27722	161	1412
268.181	27725	156	1409
268.19	27726	158	1409
268.194	27727	153	209
268.203	27729	154	1409
268.209	27730	152	209
268.214	27731	155	1409
268.221	27732	154	1409
268.23	27734	156	1409
268.238	27735	157	1409
268.241	27736	154	209
268.241	27738	148	212
268.246	27739	152	1409
268.252	27740	150	209
268.256	27742	148	1409
268.262	27743	148	209
268.269	27745	147	1409
268.277	27746	148	209
268.279	27747	150	1409
268.287	27748	148	1409
268.296	27749	147	1412
268.3	27750	145	209
268.307	27751	151	1409
268.312	27752	150	1409
268.314	27753	147	209
268.321	27754	152	1409
268.327	27755	147	1409
268.337	27756	146	209
268.341	27757	149	1409
268.351	27758	149	1409
268.364	27759	150	1412
268.374	27760	150	209
268.376	27761	151	1409
268.386	27762	151	1412
268.397	27763	150	212
268.399	27764	151	1409
268.41	27765	152	1412
268.416	27766	147	209
268.418	27767	148	1409
268.428	27768	150	1409
268.436	27769	150	212
268.437	27770	149	209
268.441	27771	153	1409
268.448	27772	152	1412
268.456	27773	151	1409
268.466	27774	153	1412
268.473	27775	152	1412
268.481	27776	152	209
268.483	27777	153	1409
268.495	27778	158	1409
268.498	27779	152	209
268.5	27780	154	1409
268.51	27781	156	1409
268.516	27782	153	209
268.518	27783	154	1409
268.528	27784	156	1409
268.535	27785	156	209
268.543	27787	155	1409
268.551	27788	155	209
268.56	27790	155	1409
268.575	27793	153	1409
268.577	27794	146	209
268.579	27795	148	1409
268.586	27796	147	1409
268.596	27797	149	209
268.599	27798	150	1409
268.606	27799	150	1409
268.614	27800	149	209
268.616	27801	151	1409
268.624	27802	151	1409
268.629	27803	148	209
268.639	27805	149	1409
268.647	27806	149	209
268.649	27807	150	1409
268.659	27808	152	1409
268.669	27810	152	1409
268.681	27812	149	209
268.684	27813	150	1409
268.694	27814	152	1409
268.703	27815	153	209
268.706	27816	154	1409
268.714	27817	154	1409
268.723	27818	155	209
268.726	27819	156	1409
268.734	27821	149	209
268.741	27822	154	1409
268.746	27823	151	1412
268.756	27824	153	1409
268.766	27825	154	1412
268.778	27826	153	212
268.781	27827	155	1412
268.788	27828	154	209
268.791	27829	155	1409
268.798	27830	154	1409
268.806	27831	153	209
268.808	27832	154	1409
268.818	27833	157	1409
268.828	27835	156	1409
268.837	27836	158	1409
268.842	27837	155	209
268.845	27838	156	1412
268.855	27839	158	1409
268.864	27840	159	1409
268.87	27841	156	209
268.882	27844	158	1409
268.892	27845	159	1412
268.896	27846	154	209
268.905	27848	155	1409
268.911	27849	152	209
268.916	27850	155	1409
268.923	27851	155	1409
268.928	27852	152	209
268.931	27853	152	1409
268.938	27854	151	1412
268.945	27855	150	1409
268.951	27856	148	209
268.958	27857	153	1409
268.965	27858	152	1409
268.97	27859	150	209
268.975	27860	152	1409
268.982	27861	152	1409
268.99	27862	152	209
268.995	27863	155	1409
269.002	27864	153	1409
269.01	27865	153	209
269.012	27866	155	1409
269.027	27867	161	1409
269.032	27868	157	209
269.034	27869	159	1409
269.04	27870	156	212
269.042	27871	157	1409
269.05	27872	156	209
269.06	27875	152	209
269.062	27876	154	1409
269.068	27877	153	1409
269.071	27878	149	209
269.073	27879	151	1409
269.082	27880	153	1409
269.09	27881	154	1412
269.097	27882	155	212
269.098	27883	154	209
269.103	27885	151	1409
269.105	27886	148	1412
269.111	27887	146	209
269.113	27888	147	1409
269.122	27889	151	1409
269.126	27890	147	209
269.133	27892	146	1409
269.136	27893	144	209
269.143	27894	150	1409
269.155	27895	148	1409
269.163	27896	144	209
269.167	27897	148	1409
269.18	27898	150	1409
269.186	27899	145	209
269.191	27900	147	1409
269.2	27901	146	1409
269.209	27902	143	209
269.215	27903	148	1409
269.225	27904	147	1409
269.236	27905	146	209
269.238	27906	148	1409
269.25	27907	149	1409
269.26	27908	149	1412
269.27	27909	151	1412
269.272	27910	146	209
269.277	27911	149	1409
269.285	27912	148	1409
269.294	27913	150	209
269.297	27914	151	1409
269.307	27915	152	1412
269.314	27916	152	1409
269.322	27917	151	209
269.324	27918	153	1409
269.336	27919	156	1409
269.343	27920	155	1412
269.349	27921	152	209
269.354	27922	156	1409
269.361	27923	155	1409
269.369	27924	155	209
269.371	27925	156	1409
269.383	27926	161	1409
269.389	27927	158	209
269.391	27928	158	1409
269.398	27929	158	1409
269.406	27930	157	209
269.408	27931	159	1409
269.415	27932	158	1409
269.423	27933	157	209
269.425	27934	159	1409
269.435	27935	159	1409
269.442	27936	159	209
269.445	27937	160	1409
269.451	27938	159	1409
269.457	27939	156	209
269.459	27940	158	1409
269.472	27942	155	209
269.477	27943	158	1409
269.484	27944	157	1409
269.492	27945	157	209
269.495	27946	158	1409
269.502	27947	157	1409
269.51	27948	157	209
269.519	27950	157	1409
269.525	27951	155	209
269.532	27953	152	1409
269.537	27954	150	209
269.54	27955	152	1409
269.55	27956	153	1409
269.555	27957	150	209
269.56	27958	153	1409
269.565	27959	150	1409
269.573	27960	150	209
269.575	27961	151	1409
269.585	27962	153	1409
269.591	27963	151	209
269.598	27965	148	1409
269.606	27966	149	209
269.616	27968	149	1409
269.624	27969	150	209
269.626	27970	151	1409
269.637	27972	146	209
269.648	27975	139	209
269.651	27976	140	1409
269.658	27977	140	1409
269.667	27978	141	1412
269.678	27979	144	209
269.688	27981	143	1409
269.699	27982	146	209
269.701	27983	147	1409
269.71	27984	149	1409
269.717	27985	148	1412
269.723	27986	146	209
269.728	27987	145	1412
269.738	27988	147	1409
269.747	27989	149	1409
269.755	27990	149	209
269.758	27991	150	1409
269.768	27992	152	1409
269.777	27993	154	209
269.78	27994	155	1409
269.787	27995	153	1409
269.794	27996	153	209
269.797	27997	155	1409
269.804	27998	154	1412
269.816	27999	158	1409
269.834	28001	160	209
269.836	28002	160	1409
269.846	28003	158	1412
269.859	28004	160	1412
269.866	28005	159	1412
269.881	28007	159	209
269.891	28009	159	1409
269.903	28011	159	209
269.905	28012	160	1409
269.911	28013	158	1409
269.914	28014	155	209
269.916	28015	157	1409
269.921	28016	156	1409
269.926	28017	154	209
269.928	28018	155	1409
269.935	28019	156	1409
269.941	28020	154	209
269.945	28021	158	1409
269.953	28022	159	1409
269.956	28023	155	209
269.958	28024	157	1409
269.965	28025	158	1409
269.978	28028	156	1409
269.981	28029	151	209
269.996	28031	154	1409
270.003	28032	151	209
270.006	28033	152	1409
270.018	28034	153	1409
270.026	28035	150	209
270.03	28036	154	1409
270.04	28037	153	1412
270.05	28038	152	1409
270.065	28039	156	209
270.067	28040	156	1409
270.079	28041	158	1409
270.087	28042	154	1412
270.097	28043	156	209
270.099	28044	158	1412
270.108	28045	157	1409
270.113	28046	154	1412
270.122	28047	156	1409
270.13	28048	155	209
270.132	28049	156	1409
270.14	28050	156	1409
270.145	28051	154	209
270.15	28052	157	1409
270.157	28053	156	1409
270.165	28055	154	1409
270.17	28056	151	1409
270.18	28057	153	209
270.182	28058	155	1409
270.185	28059	149	212
270.19	28060	152	1412
270.197	28061	152	1409
270.207	28062	154	1412
270.215	28063	154	209
270.217	28064	155	1409
270.227	28065	157	1409
270.235	28067	154	1409
270.244	28068	155	1409
270.252	28069	155	209
270.254	28070	157	1409
270.264	28071	158	1409
270.27	28072	156	209
270.277	28074	154	1409
270.285	28075	153	209
270.289	28076	157	1409
270.298	28077	158	1409
270.305	28078	156	209
270.311	28080	154	1409
270.319	28081	154	209
270.322	28082	154	1409
270.331	28083	156	1409
270.412	28084	50	212
270.412	28085	51	212
270.415	28086	53	1412
270.417	28087	55	1412
270.422	28088	51	209
270.425	28089	53	1409
270.433	28090	52	1409
270.516	28091	51	209
270.518	28092	52	1409
270.526	28093	52	1409
270.532	28094	50	209
270.535	28095	52	1409
270.543	28096	52	1409
270.616	28097	50	209
270.619	28098	52	1409
270.627	28099	52	1409
270.633	28100	51	209
270.636	28101	53	1409
270.644	28102	52	1409
270.65	28103	51	209
270.653	28104	53	1409
270.662	28105	53	1409
270.668	28106	51	209
270.671	28107	53	1409
270.68	28108	53	1409
270.687	28109	52	209
270.689	28110	53	1409
270.696	28111	53	1409
270.704	28112	53	209
270.707	28113	53	1409
270.716	28114	55	1409
270.724	28115	55	209
270.726	28116	56	1409
270.736	28117	58	1409
270.746	28118	60	209
270.749	28119	61	1409
270.759	28120	62	1409
270.766	28121	62	209
270.769	28122	63	1409
270.779	28123	65	1409
270.784	28124	62	209
270.791	28125	69	1409
270.796	28126	65	1409
270.807	28127	68	209
270.811	28128	71	1409
270.819	28129	70	1409
270.827	28130	70	209
270.831	28131	74	1409
270.841	28132	75	1409
270.847	28133	73	209
270.851	28134	77	1409
270.861	28135	78	1409
270.871	28136	80	209
270.873	28137	81	1409
270.883	28138	83	1409
270.889	28139	80	209
270.893	28140	84	1409
270.901	28141	83	1409
270.908	28142	83	209
270.911	28143	84	1409
270.921	28144	85	1409
270.929	28145	85	209
270.933	28146	89	1409
270.943	28147	91	1409
270.951	28148	90	209
270.953	28149	92	1409
270.963	28150	93	1409
270.971	28151	92	209
270.973	28152	94	1409
270.983	28153	96	1409
270.991	28154	95	209
270.995	28155	99	1409
271.003	28156	99	1409
271.011	28157	98	209
271.013	28158	99	1409
271.023	28159	100	1409
271.031	28160	100	209
271.036	28161	104	1409
271.048	28162	107	1409
271.056	28163	107	209
271.058	28164	108	1409
271.068	28165	109	1409
271.081	28166	114	209
271.083	28167	114	1409
271.093	28168	116	1409
271.103	28169	119	209
271.108	28170	122	1409
271.12	28171	126	1409
271.13	28172	128	209
271.133	28173	128	1409
271.143	28174	130	1409
271.153	28175	133	209
271.158	28176	135	1409
271.165	28177	135	1409
271.175	28178	137	209
271.18	28179	140	1409
271.19	28180	141	1409
271.198	28181	141	209
271.2	28182	142	1409
271.21	28183	143	1409
271.215	28184	141	209
271.217	28185	141	1409
271.227	28186	143	1409
271.23	28187	138	209
271.235	28188	140	1409
271.243	28189	140	1409
271.248	28190	137	209
271.252	28191	140	1409
271.257	28192	136	1409
271.265	28193	137	209
271.27	28194	140	1409
271.277	28195	139	1409
271.283	28196	137	209
271.29	28197	141	1409
271.295	28198	138	1409
271.303	28199	138	209
271.307	28200	141	1409
271.317	28201	143	1409
271.325	28202	142	209
271.329	28203	145	1409
271.335	28204	144	1409
271.343	28205	145	209
271.347	28206	149	1409
271.352	28207	147	1409
271.36	28208	149	209
271.365	28209	152	1409
271.369	28210	150	1409
271.377	28211	151	209
271.38	28212	152	1409
271.389	28213	155	1409
271.395	28214	155	209
271.398	28216	149	1409
271.405	28217	150	209
271.408	28218	151	1409
271.417	28219	155	1409
271.421	28220	151	209
271.423	28221	153	1409
271.43	28222	153	1409
271.435	28223	152	209
271.455	28226	153	209
271.458	28227	153	1409
271.466	28228	150	1409
271.474	28229	148	209
271.488	28231	148	1409
271.499	28232	148	209
271.503	28233	151	1409
271.516	28234	152	1409
271.524	28235	149	209
271.529	28236	152	1409
271.541	28237	153	1409
271.549	28238	150	209
271.551	28239	150	1409
271.556	28240	148	1409
271.564	28241	147	209
271.569	28242	150	1409
271.578	28243	152	1409
271.587	28244	152	209
271.596	28246	152	1409
271.606	28247	153	1412
271.611	28248	151	209
271.623	28250	153	1409
271.626	28251	148	209
271.631	28252	152	1409
271.636	28253	149	1409
271.644	28254	149	209
271.656	28255	151	1412
271.666	28256	153	1412
271.676	28257	154	1409
271.686	28258	156	1409
271.695	28259	157	1412
271.706	28260	157	209
271.72	28262	155	1409
271.726	28263	152	209
271.733	28264	154	1409
271.743	28265	153	1409
271.75	28266	152	209
271.755	28267	155	1409
271.765	28268	156	1409
271.773	28269	156	209
271.778	28270	159	1409
271.787	28271	158	1409
271.793	28272	156	209
271.802	28273	156	1412
271.812	28274	157	1409
271.819	28275	156	1409
271.839	28278	159	1412
271.846	28279	158	1409
271.854	28280	157	209
271.856	28281	158	1409
271.866	28282	160	1409
271.874	28283	159	209
271.876	28284	160	1409
271.883	28285	160	1409
271.89	28286	159	209
271.904	28289	154	209
271.911	28290	160	1409
271.918	28291	160	1409
271.926	28293	159	1409
271.933	28294	158	1412
271.943	28295	159	1409
271.946	28296	154	209
271.948	28297	155	1409
271.956	28298	155	1409
271.962	28299	152	209
271.966	28300	156	1409
271.977	28302	150	209
271.982	28303	153	1409
271.992	28305	147	209
271.994	28306	149	1409
272.004	28307	151	1409
272.009	28308	148	209
272.014	28309	151	1409
272.021	28310	150	1409
272.03	28311	150	209
272.035	28313	146	212
272.04	28314	149	1412
272.05	28315	151	1409
272.052	28316	146	209
272.057	28317	149	1409
272.062	28318	147	1409
272.07	28319	147	209
272.073	28320	147	1409
272.083	28321	149	1409
272.086	28322	144	209
272.088	28323	146	1409
272.1	28324	147	1412
272.105	28325	144	1412
272.115	28326	145	1409
272.123	28327	145	212
272.123	28328	144	209
272.126	28329	146	1409
272.133	28330	145	1409
272.143	28331	146	209
272.145	28332	147	1409
272.154	28333	149	1409
272.16	28334	146	209
272.164	28335	150	1409
272.171	28336	149	1409
272.181	28337	151	1412
272.189	28338	151	209
272.191	28339	152	1409
272.196	28340	151	1412
272.206	28341	155	1409
272.214	28342	156	209
272.216	28343	158	1409
272.226	28344	160	1409
272.229	28345	157	209
272.231	28346	159	1409
272.24	28347	161	1409
272.248	28348	162	1412
272.251	28349	158	209
272.254	28350	160	1409
272.26	28351	161	1409
272.265	28352	158	209
272.268	28353	160	1409
272.278	28355	156	209
272.281	28356	158	1409
272.294	28358	151	209
272.298	28359	154	1409
272.311	28360	155	1409
272.318	28361	152	209
272.321	28362	154	1409
272.333	28363	155	1409
272.341	28364	152	209
272.344	28365	153	1409
272.351	28366	150	1409
272.359	28367	147	209
272.371	28369	146	1409
272.38	28370	144	209
272.382	28371	145	1409
272.399	28372	151	1409
272.404	28373	148	209
272.409	28374	151	1409
272.414	28375	149	1409
272.42	28376	146	209
272.424	28377	149	1409
272.434	28378	151	1409
272.442	28379	150	209
272.445	28380	152	1409
272.451	28381	151	1409
272.46	28382	151	209
272.462	28383	152	1409
272.472	28384	154	1409
272.477	28385	152	209
272.479	28386	153	1409
272.489	28387	154	1412
272.496	28388	153	1409
272.506	28389	155	1412
272.514	28390	155	209
272.516	28391	155	1409
272.524	28392	155	1409
272.529	28393	154	209
272.532	28394	154	1409
272.541	28395	157	1409
272.549	28396	156	209
272.551	28397	158	1409
272.564	28399	154	209
272.576	28400	154	1412
272.585	28401	156	1409
272.595	28402	159	1409
272.603	28403	154	209
272.606	28404	155	1409
272.615	28405	156	1409
272.621	28406	155	209
272.623	28407	156	1409
272.63	28408	156	1409
272.638	28409	156	209
272.641	28410	156	1409
272.65	28411	158	1409
272.656	28412	156	209
272.658	28413	157	1409
272.665	28414	156	1409
272.673	28415	156	209
272.675	28416	157	1409
272.68	28417	155	1409
272.688	28418	154	209
272.697	28420	155	1409
272.705	28421	154	209
272.711	28423	151	1409
272.718	28424	151	209
272.723	28425	154	1409
272.73	28426	154	1409
272.738	28427	153	209
272.74	28428	155	1409
272.75	28429	157	1409
272.753	28430	152	209
272.755	28431	153	1409
272.761	28432	151	1409
272.774	28434	147	209
272.779	28435	151	1409
272.79	28437	146	209
272.794	28438	150	1409
272.797	28439	145	1409
272.803	28440	142	209
272.805	28441	143	1409
272.815	28442	145	1409
272.822	28443	145	209
272.827	28444	148	1409
272.834	28445	148	1409
272.842	28446	148	209
272.847	28447	151	1409
272.851	28448	149	1409
272.857	28449	147	209
272.86	28450	148	1409
272.872	28451	152	1409
272.872	28452	145	209
272.877	28453	149	1409
272.884	28454	148	1409
272.892	28455	147	209
272.894	28456	149	1409
272.902	28457	148	1412
272.911	28458	150	1412
272.919	28459	149	1409
272.922	28460	144	209
272.926	28461	148	1409
272.933	28462	147	1409
272.941	28463	147	209
272.943	28464	148	1409
272.951	28465	147	1409
272.956	28466	145	209
272.958	28467	146	1409
272.97	28468	150	1409
272.978	28469	149	1412
272.985	28470	148	209
272.987	28471	150	1409
272.997	28472	151	1412
273.004	28473	150	1409
273.009	28474	148	209
273.011	28475	149	1409
273.021	28476	151	1409
273.029	28477	151	209
273.031	28478	152	1409
273.038	28479	153	1409
273.046	28480	155	209
273.049	28481	156	1409
273.059	28482	160	1409
273.059	28483	154	209
273.066	28484	160	1409
273.07	28485	158	1409
273.079	28486	160	209
273.081	28487	161	1409
273.095	28490	162	1409
273.1	28491	161	1409
273.107	28492	162	209
273.118	28495	156	209
273.12	28496	158	1409
273.128	28497	159	1409
273.133	28498	157	209
273.143	28500	155	1409
273.151	28501	152	209
273.156	28502	155	1409
273.163	28503	152	1409
273.174	28504	152	209
273.186	28506	152	1409
273.194	28507	150	209
273.196	28508	150	1409
273.212	28510	145	209
273.214	28511	146	1409
273.227	28512	148	1409
273.234	28513	145	209
273.237	28514	146	1409
273.247	28515	149	1409
273.254	28516	148	209
273.256	28517	150	1409
273.264	28518	150	1409
273.272	28519	149	209
273.274	28520	150	1409
273.282	28521	150	1409
273.29	28522	150	209
273.292	28523	151	1409
273.298	28524	149	1412
273.303	28525	146	212
273.305	28526	148	1409
273.311	28527	146	209
273.316	28528	148	1412
273.325	28529	151	1412
273.34	28531	149	1409
273.347	28532	149	1412
273.355	28533	149	209
273.357	28534	150	1409
273.364	28535	149	1409
273.375	28536	151	209
273.384	28537	148	1412
273.394	28538	151	1409
273.404	28539	152	1409
273.416	28540	154	1412
273.424	28541	155	209
273.426	28542	157	1409
273.435	28543	158	1409
273.442	28544	156	209
273.446	28545	160	1409
273.455	28546	159	1409
273.461	28547	158	209
273.466	28548	160	1409
273.471	28549	157	1409
273.476	28550	155	209
273.486	28552	155	1409
273.494	28553	154	209
273.496	28554	155	1409
273.504	28555	155	1409
273.511	28556	155	209
273.524	28559	151	209
273.526	28560	152	1409
273.534	28561	151	1409
273.539	28562	149	1412
273.547	28563	148	209
273.549	28564	149	1409
273.559	28565	152	1409
273.567	28566	152	209
273.579	28568	155	1409
273.585	28569	153	209
273.594	28571	153	1409
273.6	28572	151	209
273.602	28573	153	1409
273.609	28574	152	1409
273.61	28575	145	209
273.615	28576	148	1409
273.627	28577	153	1409
273.632	28578	151	209
273.648	28581	149	209
273.65	28582	151	1409
273.656	28583	148	1409
273.661	28584	145	209
273.663	28585	146	1409
273.675	28586	151	1409
273.683	28587	150	209
273.692	28589	151	1412
273.697	28590	148	1409
273.703	28591	147	209
273.706	28592	147	1409
273.715	28593	149	1409
273.723	28594	149	209
273.725	28595	151	1412
273.735	28596	152	1412
273.742	28597	151	1409
273.749	28598	151	1409
273.755	28599	148	209
273.759	28600	152	1409
273.764	28601	148	1409
273.769	28602	147	209
273.774	28603	149	1409
273.782	28604	150	1412
273.786	28605	147	1409
273.795	28606	148	1412
273.804	28607	148	209
273.806	28608	150	1409
273.811	28609	146	1409
273.82	28610	148	209
273.823	28611	149	1409
273.833	28612	151	1409
273.838	28613	149	209
273.84	28614	150	1409
273.848	28615	150	1409
273.855	28616	150	1412
273.864	28617	152	1412
273.872	28618	154	209
273.874	28619	155	1409
273.882	28620	157	1409
273.885	28621	153	209
273.889	28622	157	1409
273.897	28623	158	1409
273.906	28624	161	1412
273.912	28625	161	209
273.921	28627	163	1409
273.926	28629	161	1409
273.931	28630	160	1409
273.936	28631	158	209
273.939	28632	159	1409
273.949	28634	158	209
273.952	28635	159	1409
273.957	28636	157	1409
273.964	28637	155	209
273.967	28638	156	1409
273.977	28639	155	1409
273.985	28640	153	209
273.987	28641	153	1409
273.997	28642	153	1409
274.004	28643	150	209
274.007	28644	152	1409
274.019	28645	153	1409
274.027	28646	151	209
274.03	28647	151	1409
274.037	28648	149	1409
274.047	28649	149	209
274.052	28650	152	1409
274.062	28651	152	1409
274.067	28652	149	209
274.072	28653	153	1409
274.08	28654	153	1409
274.083	28655	147	209
274.09	28656	153	1409
274.093	28657	148	1409
274.098	28658	146	209
274.103	28659	150	1409
274.112	28660	151	1409
274.118	28661	149	209
274.125	28663	147	1412
274.131	28664	146	212
274.136	28665	149	1409
274.144	28666	149	209
274.146	28667	150	1409
274.153	28668	150	1412
274.161	28669	149	1409
274.168	28670	149	209
274.171	28671	151	1409
274.176	28672	147	1409
274.184	28673	147	209
274.188	28674	151	1409
274.198	28675	152	1409
274.206	28676	153	209
274.208	28677	154	1409
274.219	28679	149	209
274.223	28680	153	1409
274.235	28681	157	1409
274.238	28682	152	209
274.24	28683	153	1409
274.25	28684	154	1409
274.258	28685	154	209
274.262	28686	158	1409
274.27	28687	157	1409
274.275	28688	156	209
274.282	28689	159	1409
274.287	28690	157	1409
274.295	28691	157	209
274.299	28692	160	1409
274.302	28693	156	1409
274.307	28694	153	209
274.312	28695	156	1409
274.321	28696	158	1409
274.329	28697	158	209
274.334	28698	158	1412
274.341	28699	158	1409
274.35	28700	160	1409
274.356	28701	157	209
274.358	28702	159	1409
274.366	28703	158	1409
274.374	28704	158	209
274.381	28706	157	1409
274.398	28709	157	1409
274.406	28710	157	209
274.408	28711	159	1409
274.415	28712	158	1409
274.421	28713	156	209
274.431	28715	156	1412
274.443	28717	154	209
274.453	28719	155	1409
274.458	28720	152	209
274.461	28721	153	1409
274.464	28722	148	1409
274.476	28723	153	209
274.479	28724	154	1409
274.486	28725	154	1409
274.49	28726	149	209
274.492	28727	151	1409
274.503	28729	146	209
274.505	28730	147	1409
274.511	28731	145	1409
274.516	28732	142	209
274.518	28733	144	1409
274.528	28734	146	1409
274.536	28735	145	209
274.543	28737	144	1409
274.546	28738	139	209
274.549	28739	140	1409
274.558	28740	143	1409
274.566	28741	142	209
274.568	28742	144	1409
274.575	28743	143	1412
274.583	28744	142	1409
274.59	28745	142	212
274.593	28746	143	1412
274.598	28747	141	209
274.6	28748	142	1409
274.608	28749	141	1409
274.615	28750	142	209
274.617	28751	142	1409
274.627	28752	145	1412
274.632	28753	141	1409
274.64	28754	141	1412
274.647	28755	140	1412
274.655	28756	141	209
274.66	28757	144	1409
274.669	28758	146	1409
274.672	28759	142	209
274.677	28760	145	1409
274.681	28761	144	1409
274.686	28762	142	209
274.691	28763	146	1409
274.698	28764	147	1409
274.708	28765	150	1412
274.713	28766	149	209
274.715	28767	151	1409
274.723	28768	152	1409
274.73	28769	153	209
274.732	28770	154	1409
274.74	28771	155	1409
274.742	28772	152	209
274.745	28773	153	1409
274.755	28774	157	1412
274.764	28775	160	1409
274.767	28776	157	209
274.772	28777	161	1409
274.779	28778	162	1409
274.784	28779	161	209
274.787	28780	162	1409
274.795	28782	158	209
274.802	28783	163	1409
274.817	28785	157	209
274.819	28786	159	1409
274.835	28788	153	209
274.837	28789	154	1409
274.845	28790	151	1409
274.855	28791	152	209
274.867	28793	152	1409
274.876	28794	149	209
274.89	28796	151	1409
274.896	28797	150	209
274.9	28798	153	1409
274.907	28799	153	1409
274.91	28800	148	209
274.913	28801	150	1409
274.922	28802	151	1409
274.93	28803	151	209
274.932	28804	152	1409
274.94	28805	152	1409
274.948	28806	151	209
274.95	28807	153	1409
274.965	28809	153	209
274.968	28810	154	1409
274.972	28811	152	1409
274.98	28812	151	209
274.982	28813	153	1409
274.988	28814	150	1409
274.995	28815	151	209
274.998	28816	152	1412
275.008	28817	154	1409
275.02	28818	154	1412
275.029	28819	156	1409
275.039	28820	155	1412
275.047	28821	156	209
275.054	28823	154	1409
275.06	28824	152	209
275.069	28825	152	1412
275.08	28826	154	1409
275.094	28827	155	1412
275.102	28828	155	1409
275.109	28829	154	209
275.111	28830	156	1409
275.119	28831	157	1409
275.127	28832	156	209
275.129	28833	157	1409
275.138	28835	151	209
275.142	28836	155	1409
275.147	28837	152	1409
275.152	28838	150	209
275.155	28839	151	1409
275.17	28840	154	1412
275.177	28841	154	1409
275.178	28842	147	209
275.18	28843	148	1409
275.188	28844	149	1409
275.195	28845	149	209
275.198	28846	150	1409
275.207	28847	153	1409
275.215	28848	152	209
275.222	28850	152	1409
275.227	28851	149	209
275.23	28852	151	1409
275.233	28853	146	1409
275.241	28854	146	209
275.245	28855	150	1409
275.25	28856	147	1409
275.26	28857	150	1412
275.27	28858	152	209
275.283	28861	149	209
275.288	28862	153	1409
275.295	28863	153	1409
275.303	28864	153	209
275.313	28866	153	1409
275.316	28867	149	209
275.318	28868	151	1409
275.328	28869	152	1409
275.333	28870	151	209
275.338	28871	154	1409
275.345	28872	154	1412
275.351	28873	152	1409
275.356	28874	149	209
275.358	28875	151	1409
275.366	28876	151	1409
275.371	28877	148	209
275.376	28878	152	1409
275.383	28879	151	1409
275.386	28880	147	209
275.388	28881	148	1409
275.397	28882	150	1409
275.403	28883	149	209
275.408	28884	152	1409
275.415	28885	152	1409
275.42	28886	150	209
275.423	28887	151	1409
275.433	28888	153	1412
275.44	28889	153	1409
275.445	28890	151	209
275.447	28891	152	1409
275.452	28892	149	1409
275.46	28893	150	209
275.462	28894	151	1409
275.47	28895	150	1409
275.475	28896	148	209
275.477	28897	150	1409
275.487	28898	151	1412
275.494	28899	151	1412
275.504	28900	154	1409
275.507	28901	149	209
275.514	28902	155	1409
275.522	28903	155	1412
275.527	28904	154	1409
275.532	28905	153	209
275.534	28906	155	1409
275.544	28907	158	1409
275.549	28908	158	209
275.554	28910	155	1409
275.561	28911	156	209
275.563	28912	158	1409
275.571	28913	159	1409
275.574	28914	157	209
275.576	28915	158	1409
275.583	28916	158	1409
275.587	28917	155	209
275.589	28918	157	1409
275.602	28920	154	209
275.604	28921	156	1409
275.612	28922	154	1409
275.617	28923	151	209
275.619	28924	153	1409
275.632	28925	155	1409
275.642	28926	155	209
275.649	28928	151	1409
275.66	28929	151	209
275.666	28931	147	1409
275.677	28932	148	209
275.682	28933	150	1409
275.692	28934	151	1409
275.702	28935	150	209
275.704	28936	152	1409
275.717	28937	154	1409
275.725	28938	152	209
275.734	28940	153	1409
275.74	28941	151	209
275.742	28942	153	1409
275.752	28943	155	1409
275.757	28944	152	1412
275.764	28945	153	209
275.767	28946	153	1409
275.776	28947	155	1409
275.782	28948	153	209
275.784	28949	155	1409
275.791	28950	155	1409
275.799	28951	155	209
275.802	28952	156	1409
275.809	28953	156	1412
275.816	28954	155	1409
275.821	28955	154	209
275.823	28956	155	1409
275.831	28957	155	1409
275.836	28958	153	209
275.841	28959	157	1409
275.851	28960	158	1409
275.86	28961	161	1412
275.868	28962	159	209
275.873	28963	156	1412
275.883	28964	156	1409
275.892	28965	158	1409
275.895	28966	153	209
275.898	28967	155	1409
275.91	28968	159	1409
275.913	28969	154	209
275.916	28970	156	1409
275.929	28972	154	209
275.939	28973	154	1412
275.946	28974	154	1409
275.955	28975	157	1409
275.961	28976	154	209
275.968	28978	154	1409
275.978	28980	155	1409
275.988	28981	157	1409
275.988	28982	151	209
275.991	28983	152	1409
275.996	28984	149	1409
276.003	28985	150	209
276.005	28986	151	1409
276.018	28987	155	1409
276.023	28988	153	209
276.027	28989	157	1409
276.034	28990	157	1409
276.042	28991	157	209
276.044	28992	158	1409
276.049	28993	156	1409
276.062	28995	159	1409
276.069	28996	159	1409
276.074	28997	157	209
276.079	28998	160	1409
276.089	29000	156	209
276.099	29002	158	1409
276.102	29003	154	209
276.107	29004	158	1409
276.112	29005	155	1409
276.118	29006	153	209
276.122	29007	157	1409
276.127	29008	155	1409
276.142	29010	155	209
276.15	29012	153	1409
276.157	29013	153	209
276.16	29014	155	1409
276.165	29015	153	1409
276.17	29016	150	1412
276.175	29017	148	209
276.178	29018	150	1409
276.185	29019	149	212
276.191	29021	148	209
276.193	29022	149	1409
276.203	29023	151	1409
276.206	29024	147	209
276.209	29025	149	1409
276.214	29026	146	1409
276.222	29027	146	209
276.226	29028	150	1409
276.233	29029	150	1409
276.237	29030	145	209
276.239	29031	147	1409
276.249	29032	149	1409
276.254	29033	147	209
276.256	29034	147	1409
276.262	29035	146	212
276.264	29036	147	1409
276.267	29037	144	209
276.272	29038	147	1409
276.277	29039	144	1409
276.284	29040	144	1412
276.289	29041	142	209
276.292	29042	143	1409
276.298	29043	143	1412
276.306	29044	142	1409
276.314	29045	143	209
276.318	29046	147	1409
276.323	29047	145	1409
276.328	29048	142	209
276.335	29049	148	1409
276.342	29050	148	1412
276.35	29051	147	1412
276.357	29052	149	1409
276.36	29053	147	209
276.363	29054	149	1409
276.373	29055	152	1409
276.378	29056	151	209
276.38	29057	152	1409
276.389	29058	156	1409
276.395	29059	155	209
276.397	29060	156	1409
276.401	29061	156	1412
276.411	29062	160	1409
276.414	29063	157	209
276.419	29064	161	1409
276.424	29065	159	1409
276.429	29066	159	209
276.434	29067	162	1409
276.441	29068	163	1409
276.451	29071	161	1409
276.458	29072	160	209
276.465	29074	160	1409
276.473	29075	159	209
276.475	29076	159	1409
276.485	29077	159	1409
276.491	29078	156	209
276.496	29079	158	1409
276.505	29080	158	1409
276.509	29081	152	209
276.514	29082	155	1409
276.523	29083	155	1409
276.531	29084	153	209
276.534	29085	154	1409
276.541	29086	152	1409
276.549	29087	150	209
276.552	29088	151	1409
276.559	29089	149	1409
276.569	29091	151	1409
276.579	29092	152	1409
276.584	29093	151	209
276.589	29095	148	1409
276.597	29096	149	209
276.602	29097	152	1409
276.607	29098	150	1409
276.614	29099	150	209
276.617	29100	151	1409
276.626	29101	154	1409
276.63	29102	150	209
276.639	29104	151	1409
276.647	29105	152	209
276.649	29106	154	1409
276.657	29107	154	212
276.66	29108	155	1412
276.672	29110	153	1412
276.677	29111	151	209
276.679	29112	153	1409
276.686	29113	151	1409
276.695	29114	152	209
276.699	29115	154	1409
276.708	29116	153	1409
276.714	29117	152	209
276.726	29119	153	1409
276.734	29120	152	209
276.736	29121	153	1409
276.746	29122	154	1409
276.754	29123	154	209
276.756	29124	155	1409
276.766	29125	156	1409
276.776	29126	156	212
276.776	29127	155	209
276.779	29128	157	1409
276.786	29129	157	1409
276.791	29130	156	209
276.794	29131	154	1412
276.801	29132	153	1409
276.809	29133	154	1409
276.814	29134	152	209
276.816	29135	153	1409
276.826	29136	157	1409
276.837	29139	152	1409
276.846	29140	153	1412
276.851	29141	152	209
276.853	29142	153	1409
276.863	29143	156	1409
276.873	29145	157	1409
276.885	29147	155	1409
276.888	29148	151	209
276.893	29149	155	1409
276.9	29150	155	1409
276.906	29151	153	209
276.908	29152	154	1409
276.915	29153	155	1409
276.923	29154	155	209
276.925	29155	156	1409
276.935	29156	159	1409
276.942	29157	159	1412
276.952	29159	161	1409
276.96	29161	154	209
276.963	29162	156	1409
276.972	29163	159	1409
276.98	29165	157	1409
276.994	29168	157	1409
276.999	29169	154	1409
277.007	29170	155	209
277.009	29171	157	1409
277.018	29172	159	1409
277.023	29173	156	209
277.026	29174	157	1409
277.036	29175	160	1409
277.047	29177	164	1409
277.064	29180	166	1409
277.074	29182	166	1409
277.081	29183	166	1409
277.086	29184	165	209
277.089	29185	167	1409
277.092	29186	163	212
277.094	29187	164	1409
277.102	29188	164	1412
277.107	29189	163	209
277.112	29191	159	1409
277.115	29192	155	209
277.12	29193	158	1409
277.127	29194	159	1409
277.132	29195	157	209
277.134	29196	158	1409
277.14	29197	156	1409
277.143	29198	151	209
277.145	29199	153	1409
277.154	29200	155	1409
277.16	29201	153	212
277.16	29202	153	209
277.165	29204	149	1412
277.172	29205	150	1409
277.18	29206	149	212
277.18	29207	149	209
277.187	29209	147	1409
277.197	29210	150	1412
277.203	29211	150	212
277.203	29212	150	209
277.205	29213	152	1409
277.212	29214	153	1409
277.215	29215	150	209
277.22	29216	153	1409
277.225	29217	154	1409
277.228	29218	151	209
277.238	29220	153	1409
277.244	29221	146	212
277.244	29222	147	209
277.246	29223	148	1409
277.258	29224	143	212
277.26	29225	145	1412
277.267	29226	146	1409
277.279	29230	146	1409
277.287	29232	146	1409
277.294	29233	148	1409
277.304	29235	150	1409
277.313	29236	151	1412
277.323	29237	151	1409
277.331	29238	149	209
277.334	29239	150	1409
277.345	29240	153	1409
277.356	29241	153	209
277.358	29242	155	1409
277.367	29243	154	1409
277.378	29244	155	1412
277.385	29245	153	209
277.388	29246	154	1409
277.398	29247	155	1412
277.408	29248	156	1409
277.422	29250	159	1409
277.427	29251	157	1409
277.431	29252	153	209
277.433	29253	154	1409
277.44	29254	154	1409
277.447	29255	154	1412
277.455	29256	155	209
277.458	29257	156	1409
277.467	29258	158	1409
277.47	29259	154	209
277.472	29260	156	1409
277.482	29261	158	1409
277.487	29262	157	212
277.487	29263	156	212
277.49	29264	156	1412
277.495	29265	155	212
277.496	29266	154	209
277.498	29267	155	1409
277.505	29268	156	1409
277.513	29271	155	1409
277.521	29272	155	1409
277.524	29273	150	209
277.531	29275	149	1409
277.536	29276	147	209
277.54	29277	151	1409
277.548	29278	152	1409
277.556	29279	152	209
277.563	29281	151	1409
277.567	29282	147	209
277.569	29283	148	1409
277.576	29284	149	1409
277.591	29287	149	1409
277.594	29288	144	209
277.596	29289	146	1409
277.606	29290	148	1409
277.613	29291	148	209
277.616	29292	149	1409
277.622	29293	148	212
277.624	29294	150	1409
277.631	29295	150	209
277.634	29296	151	1409
277.647	29298	149	209
277.649	29299	151	1409
277.656	29300	150	1409
277.661	29301	149	209
277.664	29302	150	1409
277.674	29303	153	1409
277.679	29304	152	209
277.689	29306	153	1409
277.694	29307	150	209
277.697	29308	152	1409
277.706	29309	154	1409
277.717	29312	150	212
277.719	29313	152	212
277.722	29314	153	1409
277.73	29316	152	1409
277.739	29317	154	1412
277.746	29318	154	1409
277.749	29319	151	209
277.754	29320	154	1409
277.761	29321	155	1409
277.767	29322	153	1412
277.774	29323	153	209
277.776	29324	154	1409
277.784	29325	154	1409
277.789	29326	153	209
277.794	29327	156	1409
277.797	29328	152	212
277.799	29329	154	1412
277.806	29330	154	1409
277.81	29331	150	209
277.812	29332	151	1409
277.822	29333	153	1409
277.825	29334	150	209
277.835	29336	151	1409
277.844	29338	153	1409
277.852	29339	153	1412
277.861	29340	155	1409
277.871	29342	157	1409
277.879	29343	157	1409
277.886	29345	156	1409
277.893	29346	157	1409
277.9	29347	157	1412
277.906	29348	155	209
277.909	29349	156	1409
277.916	29350	156	1409
277.918	29351	152	212
277.923	29352	156	1412
277.929	29353	154	209
277.931	29354	156	1409
277.938	29355	156	212
277.941	29356	157	1409
277.949	29357	157	209
277.951	29358	159	1409
277.953	29359	154	1409
277.959	29360	152	209
277.961	29361	154	1409
277.968	29362	154	1409
277.971	29363	150	209
277.976	29364	153	1409
277.983	29365	152	1409
277.991	29366	154	209
277.993	29367	155	1409
277.996	29368	150	1409
278.003	29369	151	209
278.006	29370	152	1409
278.015	29371	155	1409
278.02	29372	153	209
278.022	29373	154	1409
278.032	29374	156	1409
278.035	29375	154	209
278.038	29376	155	1409
278.047	29377	159	1412
278.05	29378	155	212
278.052	29379	158	1409
278.06	29380	159	209
278.062	29381	161	1409
278.068	29383	155	209
278.07	29384	157	1409
278.077	29385	156	212
278.08	29386	158	1409
278.081	29387	153	209
278.084	29388	155	1409
278.089	29389	153	212
278.091	29390	155	1409
278.103	29393	153	1409
278.108	29394	150	209
278.111	29395	152	1409
278.118	29396	153	1409
278.123	29397	150	209
278.126	29398	152	1409
278.131	29399	148	1409
278.141	29400	148	209
278.144	29401	150	1409
278.154	29402	149	1409
278.16	29403	146	209
278.164	29404	149	1409
278.174	29405	149	1409
278.181	29406	147	209
278.184	29407	148	1409
278.194	29408	148	1409
278.201	29409	147	209
278.204	29410	148	1409
278.214	29411	148	1409
278.224	29412	148	209
278.229	29413	152	1409
278.241	29414	154	1409
278.246	29415	153	209
278.249	29416	154	1409
278.258	29417	157	1409
278.261	29418	153	209
278.266	29419	157	1409
278.274	29420	156	1409
278.278	29421	154	1412
278.284	29422	152	209
278.286	29423	154	1409
278.293	29424	154	1409
278.301	29425	154	209
278.303	29426	156	1409
278.309	29427	154	212
278.321	29429	158	1409
278.333	29432	155	1409
278.338	29433	154	209
278.341	29434	155	1409
278.348	29435	155	1409
278.355	29436	156	209
278.358	29437	157	1409
278.367	29438	160	1409
278.37	29439	156	209
278.375	29440	159	1409
278.379	29441	157	1409
278.386	29442	156	209
278.388	29443	157	1409
278.397	29444	160	1409
278.401	29445	157	209
278.405	29447	154	1409
278.41	29448	152	209
278.415	29449	156	1409
278.423	29450	156	1409
278.43	29451	157	209
278.432	29452	158	1409
278.44	29454	152	209
278.443	29455	153	1409
278.45	29456	153	1409
278.458	29457	154	209
278.46	29458	155	1409
278.467	29459	156	1409
278.47	29460	152	209
278.48	29462	153	1409
278.487	29463	154	209
278.49	29464	155	1409
278.504	29466	156	209
278.51	29468	153	1409
278.515	29469	151	209
278.517	29470	153	1409
278.524	29471	153	1412
278.535	29472	153	212
278.54	29473	156	1412
278.545	29474	155	1409
278.55	29475	154	209
278.552	29476	155	1409
278.56	29477	155	1409
278.569	29479	157	1409
278.577	29480	157	1409
278.582	29481	156	209
278.585	29482	157	1409
278.594	29484	153	209
278.597	29485	154	1409
278.602	29486	152	1409
278.611	29487	155	1412
278.619	29488	156	209
278.622	29489	157	1409
278.629	29490	157	1409
278.635	29491	156	209
278.637	29492	157	1409
278.646	29493	160	1409
278.653	29494	160	1412
278.659	29495	158	209
278.661	29496	160	1409
278.668	29497	160	1409
278.674	29498	158	209
278.679	29500	155	1409
278.686	29501	155	1412
278.693	29502	155	209
278.696	29503	157	1409
278.704	29504	158	1409
278.711	29505	156	1412
278.716	29507	149	209
278.721	29508	153	1409
278.729	29509	153	1409
278.738	29510	156	209
278.741	29511	157	1409
278.751	29513	153	209
278.753	29514	155	1409
278.76	29515	155	1409
278.765	29516	153	209
278.77	29517	157	1409
278.773	29518	153	212
278.775	29519	154	1409
278.784	29520	155	209
278.788	29522	152	1409
278.791	29523	148	209
278.793	29524	149	1412
278.803	29525	152	1409
278.808	29526	150	1409
278.813	29527	148	209
278.816	29528	150	1409
278.826	29529	153	1409
278.829	29530	148	209
278.831	29531	150	1409
278.838	29532	150	1409
278.846	29533	151	209
278.849	29534	152	1409
278.856	29535	153	1409
278.859	29536	150	209
278.861	29537	152	1409
278.866	29538	151	1409
278.87	29539	149	209
278.875	29541	147	1409
278.88	29542	147	1412
278.883	29543	144	209
278.885	29544	146	1409
278.892	29545	148	1409
278.897	29546	147	209
278.904	29547	151	1409
278.909	29548	148	1409
278.919	29549	153	1412
278.922	29550	149	209
278.924	29551	151	1409
278.931	29552	153	1409
278.935	29553	146	209
278.939	29554	149	1409
278.952	29555	152	1412
278.957	29556	151	1409
278.964	29557	152	209
278.966	29558	154	1409
278.977	29559	155	1409
278.984	29560	153	209
278.986	29561	154	1409
278.999	29562	157	1412
279.008	29563	158	1409
279.016	29564	156	209
279.018	29565	157	1409
279.028	29566	157	1409
279.036	29567	155	209
279.038	29568	156	1409
279.048	29569	157	1409
279.056	29570	156	209
279.058	29571	156	1409
279.071	29573	151	209
279.076	29574	155	1409
279.083	29575	156	1412
279.092	29576	158	1409
279.1	29577	159	209
279.102	29578	160	1409
279.11	29579	160	1409
279.112	29580	156	209
279.122	29582	158	1409
279.126	29583	154	209
279.136	29586	150	209
279.138	29587	151	1409
279.148	29588	154	1409
279.153	29589	152	209
279.156	29590	153	1409
279.166	29592	150	209
279.168	29593	151	1409
279.176	29594	152	1409
279.184	29595	152	209
279.186	29596	154	1409
279.191	29597	152	1409
279.194	29598	148	209
279.199	29600	146	1409
279.207	29601	147	209
279.217	29603	148	1409
279.222	29604	147	209
279.225	29605	148	1409
279.232	29606	149	1409
279.237	29607	147	209
279.242	29608	151	1409
279.249	29609	150	1409
279.252	29610	147	209
279.255	29611	148	1409
279.264	29612	151	1409
279.27	29613	150	209
279.28	29615	151	1409
279.285	29616	149	1409
279.292	29617	149	209
279.294	29618	151	1409
279.304	29619	154	1409
279.31	29620	152	209
279.312	29621	153	1409
279.322	29622	156	1409
279.327	29623	154	1412
279.332	29624	153	209
279.337	29625	156	1409
279.339	29626	152	1412
279.349	29627	154	1412
279.356	29628	155	1409
279.364	29629	155	209
279.366	29630	157	1409
279.378	29632	156	1412
279.383	29633	154	209
279.386	29634	155	1409
279.394	29635	156	1409
279.401	29636	156	209
279.403	29637	158	1409
279.411	29638	158	1412
279.42	29639	161	1409
279.423	29640	157	209
279.428	29641	160	1412
279.432	29642	158	1409
279.442	29643	161	1409
279.445	29644	157	209
279.45	29645	161	1409
279.455	29646	159	1409
279.459	29647	155	209
279.461	29648	156	1409
279.47	29649	159	1409
279.477	29650	159	209
279.48	29651	160	1409
279.487	29652	160	1409
279.494	29653	160	1412
279.502	29654	161	209
279.504	29655	163	1409
279.509	29656	161	1409
279.515	29658	158	1409
279.522	29659	158	1409
279.527	29661	156	1409
279.532	29662	154	1409
279.54	29663	155	209
279.542	29664	157	1409
279.555	29666	155	209
279.562	29668	155	1409
279.568	29669	153	209
279.57	29670	155	1409
279.575	29671	153	1409
279.582	29672	153	1412
279.587	29673	151	209
279.59	29674	152	1409
279.595	29675	150	1409
279.602	29676	151	209
279.605	29677	152	1409
279.612	29678	152	1409
279.617	29679	151	209
279.62	29680	152	1409
279.627	29681	152	1409
279.632	29682	151	209
279.635	29683	152	1409
279.644	29684	154	1409
279.65	29685	153	209
279.659	29687	154	1409
279.662	29688	150	209
279.664	29689	151	1409
279.674	29690	154	1409
279.675	29691	148	209
279.68	29692	152	1409
279.687	29693	152	1409
279.695	29694	154	209
279.697	29695	155	1409
279.705	29696	157	1409
279.707	29697	155	209
279.712	29699	152	1409
279.715	29700	151	209
279.718	29701	152	212
279.725	29703	153	1409
279.728	29704	150	212
279.73	29706	151	1409
279.735	29707	150	1409
279.742	29708	150	209
279.745	29709	152	1409
279.754	29710	150	1412
279.764	29711	152	1412
279.769	29712	152	1409
279.774	29713	151	209
279.777	29714	153	1409
279.781	29715	152	1409
279.787	29716	152	209
279.789	29717	154	1409
279.799	29718	157	1409
279.806	29719	156	209
279.809	29720	156	1409
279.817	29721	155	1409
279.824	29722	154	209
279.827	29723	155	1409
279.837	29724	155	1409
279.844	29725	154	209
279.847	29726	155	1409
279.854	29727	152	1409
279.864	29728	153	1412
279.874	29729	155	209
279.876	29730	156	1409
279.886	29731	156	1409
279.894	29732	155	209
279.896	29733	156	1409
279.904	29734	153	1409
279.919	29737	154	1412
279.924	29738	152	1409
279.934	29739	155	1412
279.939	29740	153	212
279.939	29741	153	209
279.944	29742	156	1409
279.947	29743	152	1409
279.954	29744	153	209
279.956	29745	154	1409
279.964	29746	155	1409
279.967	29747	151	209
279.974	29749	149	1409
279.982	29750	151	209
279.984	29751	152	1409
279.991	29752	152	1409
279.997	29753	151	209
279.999	29754	152	1409
280.007	29755	152	1409
280.012	29756	150	209
280.017	29757	154	1409
280.024	29758	155	1409
280.029	29759	153	209
280.032	29760	154	1409
280.039	29761	154	1409
280.042	29762	150	209
280.044	29763	152	1409
280.051	29764	152	1409
280.057	29765	151	209
280.06	29766	152	1409
280.065	29767	150	1409
280.072	29768	150	209
280.075	29769	152	1409
280.084	29770	155	1409
280.087	29771	152	209
280.089	29772	152	1409
280.097	29773	153	1409
280.114	29776	155	1409
280.117	29777	151	209
280.121	29778	155	1409
280.127	29779	153	212
280.129	29780	155	1412
280.132	29781	151	1409
280.137	29782	149	209
280.14	29783	150	1409
280.15	29784	153	1409
280.152	29785	149	209
280.155	29786	150	1409
280.164	29787	153	1409
280.167	29788	149	209
280.172	29789	152	1409
280.179	29790	153	1412
280.189	29791	155	1409
280.194	29792	154	209
280.202	29794	153	1409
280.207	29795	151	209
280.214	29797	151	1409
280.222	29798	151	209
280.224	29799	153	1409
280.231	29800	153	1409
280.239	29801	154	209
280.241	29802	155	1409
280.251	29803	158	1409
280.256	29804	156	209
280.259	29806	152	1409
280.267	29807	152	209
280.269	29808	154	1409
280.279	29809	157	1409
280.284	29810	155	209
280.287	29811	156	1409
280.292	29812	154	1409
280.294	29813	150	209
280.299	29814	154	1409
280.307	29815	154	1409
280.312	29816	153	209
280.314	29817	154	1409
280.327	29820	151	1409
280.332	29821	150	209
280.344	29823	154	1409
280.352	29824	154	209
280.354	29825	155	1409
280.359	29826	153	1409
280.364	29827	151	209
280.367	29828	153	1409
280.376	29829	156	1409
280.384	29830	156	209
280.391	29832	156	1409
280.396	29833	154	209
280.404	29835	153	1409
280.409	29836	151	1412
280.419	29837	154	1412
280.421	29838	150	209
280.424	29839	151	1409
280.433	29840	153	1409
280.439	29841	153	209
280.444	29842	156	1409
280.448	29843	154	1409
280.456	29844	154	209
280.458	29845	156	1409
280.466	29846	156	1412
280.473	29847	156	1409
280.48	29848	157	209
280.482	29849	158	1409
280.488	29850	156	1409
280.495	29851	157	209
280.497	29852	158	1409
280.502	29853	156	1409
280.507	29854	154	209
280.51	29855	155	1409
280.517	29856	156	1409
280.525	29857	156	209
280.527	29858	157	1409
280.534	29859	158	1409
280.539	29860	156	212
280.544	29861	159	1412
280.545	29862	155	209
280.55	29863	159	1409
280.557	29864	160	1412
280.561	29865	160	1409
280.569	29867	161	1409
280.574	29868	160	1409
280.579	29869	160	209
280.586	29871	161	1409
280.594	29873	160	1409
280.599	29874	157	1412
280.606	29875	159	1409
280.618	29877	160	209
280.621	29878	161	1409
280.626	29879	160	1409
280.626	29880	156	209
280.629	29881	157	1409
280.636	29883	153	209
280.644	29884	155	1409
280.649	29885	151	1409
280.657	29886	149	209
280.659	29887	150	1409
280.669	29888	150	1409
280.677	29889	150	209
280.679	29890	151	1409
280.687	29891	149	1409
280.695	29892	147	209
280.697	29893	148	1409
280.707	29894	148	1409
280.78	29895	50	212
280.782	29896	53	1412
280.788	29897	50	212
280.791	29898	52	1412
280.799	29899	52	1412
280.807	29900	50	209
280.81	29901	52	1409
280.884	29902	52	1409
280.891	29903	51	209
280.894	29904	53	1409
280.902	29905	52	1409
280.911	29906	50	209
280.914	29907	52	1409
280.987	29908	52	1409
280.99	29909	50	209
280.993	29910	52	1409
280.998	29911	52	1409
281.002	29912	50	209
281.005	29913	53	1409
281.01	29914	53	1409
281.014	29915	51	209
281.017	29916	53	1409
281.022	29917	53	1409
281.026	29918	51	209
281.029	29919	53	1409
281.034	29920	53	1409
281.039	29921	51	209
281.041	29922	53	1409
281.046	29923	53	1409
281.05	29924	51	209
281.055	29925	54	1409
281.06	29926	54	1409
281.065	29927	54	209
281.068	29928	55	1409
281.075	29929	57	1409
281.08	29930	56	209
281.083	29931	58	1409
281.088	29932	58	1409
281.095	29933	60	209
281.098	29934	61	1409
281.102	29935	61	1409
281.115	29936	64	209
281.118	29937	65	1409
281.127	29938	66	1409
281.135	29939	64	209
281.137	29940	65	1409
281.147	29941	66	1409
281.155	29942	64	209
281.157	29943	65	1409
281.167	29944	68	1409
281.175	29945	69	209
281.177	29946	70	1409
281.185	29947	70	1409
281.19	29948	69	209
281.195	29949	72	1409
281.202	29950	73	1409
281.21	29951	73	209
281.215	29952	77	1409
281.225	29953	80	1409
281.228	29954	76	209
281.235	29955	82	1409
281.239	29956	81	1409
281.245	29957	81	209
281.248	29958	83	1409
281.257	29959	86	1409
281.259	29960	83	209
281.262	29961	84	1409
281.272	29962	89	1409
281.277	29963	89	209
281.282	29964	92	1409
281.287	29965	91	1409
281.295	29966	93	209
281.297	29967	95	1409
281.307	29968	98	1409
281.31	29969	95	209
281.312	29970	98	1409
281.319	29971	99	1409
281.327	29972	100	209
281.329	29973	102	1409
281.332	29974	98	1409
281.34	29975	100	209
281.342	29976	101	1409
281.349	29977	104	1409
281.352	29978	101	209
281.355	29979	103	1409
281.364	29980	106	1409
281.369	29981	105	209
281.371	29982	106	1409
281.377	29983	106	1409
281.382	29984	106	209
281.385	29985	107	1409
281.394	29986	110	1409
281.395	29987	105	209
281.402	29988	112	1409
281.407	29989	111	1409
281.412	29990	110	209
281.416	29991	114	1409
281.424	29992	116	1409
281.427	29993	113	209
281.429	29994	114	1409
281.439	29995	117	1409
281.44	29996	113	209
281.444	29997	117	1409
281.452	29998	118	1409
281.459	29999	119	209
281.462	30000	121	1409
281.469	30001	123	1409
281.474	30002	123	209
281.477	30003	124	1409
281.486	30004	128	1409
281.494	30005	130	209
281.497	30006	131	1409
281.499	30007	128	1409
281.507	30008	129	209
281.509	30009	131	1409
281.519	30010	135	1409
281.522	30011	132	209
281.526	30012	136	1409
281.533	30013	137	1409
281.542	30014	139	209
281.544	30015	141	1409
281.549	30016	140	1409
281.554	30017	139	209
281.556	30018	141	1409
281.566	30019	145	1409
281.571	30020	144	209
281.576	30021	147	1409
281.584	30022	150	1409
281.587	30023	147	209
281.589	30024	149	1409
281.598	30025	152	1409
281.601	30026	149	209
281.604	30027	150	1409
281.614	30028	154	1409
281.614	30029	150	209
281.621	30030	156	1409
281.626	30031	154	1409
281.631	30032	154	209
281.634	30033	155	1409
281.639	30034	154	1409
281.641	30035	152	209
281.646	30036	155	1409
281.653	30037	157	1409
281.66	30039	157	1409
281.668	30040	158	1409
281.671	30041	156	209
281.676	30043	154	1409
281.681	30044	153	209
281.683	30045	155	1409
281.691	30046	156	1409
281.691	30047	151	209
281.693	30048	153	1409
281.703	30049	156	1409
281.708	30050	156	209
281.715	30052	156	1409
281.718	30053	152	209
281.721	30054	154	1409
281.731	30056	153	209
281.733	30057	155	1409
281.738	30058	154	1409
281.746	30060	154	1409
281.753	30061	156	1409
281.76	30063	157	1409
281.766	30065	150	209
281.769	30066	152	1409
281.776	30067	153	1409
281.783	30069	155	1409
281.788	30070	154	1409
281.793	30071	153	209
281.796	30072	154	1409
281.806	30075	152	1409
281.815	30076	155	1409
281.818	30077	153	209
281.823	30079	151	1409
281.831	30080	152	209
281.833	30081	155	1409
281.837	30083	146	209
281.841	30084	150	1409
281.849	30085	151	1409
281.854	30086	151	209
281.859	30088	149	1409
281.864	30089	149	212
281.864	30090	148	209
281.867	30091	149	1409
281.872	30092	149	1409
281.879	30093	150	1412
281.882	30094	149	209
281.884	30095	150	1409
281.891	30096	152	1409
281.892	30097	148	209
281.894	30098	150	1409
281.9	30100	146	209
281.902	30101	148	1409
281.909	30102	150	1409
281.912	30103	146	1412
281.917	30104	148	209
281.922	30105	152	1409
281.929	30106	148	1412
281.936	30107	151	1409
281.94	30108	149	209
281.942	30109	150	1409
281.952	30112	149	209
281.954	30113	151	1409
281.962	30114	151	212
281.965	30116	149	1412
281.97	30117	149	209
281.972	30118	151	1409
281.977	30119	151	1409
281.984	30120	151	212
281.985	30121	150	209
281.987	30122	151	1409
281.997	30123	153	1409
282.004	30124	154	209
282.006	30125	154	1409
282.014	30126	155	1412
282.022	30127	154	212
282.024	30128	156	1409
282.037	30130	153	209
282.046	30132	153	1412
282.054	30133	152	1409
282.056	30134	148	209
282.059	30135	149	1412
282.069	30136	151	1409
282.079	30137	153	1409
282.086	30138	152	209
282.088	30139	154	1409
282.096	30140	153	1409
282.104	30141	155	209
282.106	30142	156	1409
282.111	30143	156	1412
282.118	30144	157	1409
282.122	30145	155	209
282.124	30146	156	1409
282.129	30147	155	1409
282.134	30148	154	209
282.136	30149	157	1409
282.141	30150	156	1409
282.144	30151	153	209
282.147	30152	154	1409
282.152	30153	153	1409
282.16	30156	149	209
282.162	30157	150	1409
282.175	30159	151	1409
282.177	30160	148	209
282.18	30161	149	1409
282.183	30162	146	1409
282.185	30163	144	209
282.19	30164	148	1409
282.195	30165	146	1409
282.203	30166	148	209
282.205	30167	149	1409
282.208	30168	146	1409
282.208	30169	142	209
282.213	30170	145	1409
282.218	30171	144	1409
282.226	30172	146	209
282.228	30173	148	1409
282.231	30174	144	1409
282.24	30175	148	1412
282.245	30176	147	1412
282.25	30177	146	209
282.252	30178	148	1409
282.26	30179	150	1409
282.267	30180	151	209
282.27	30181	152	1409
282.274	30182	152	1409
282.28	30183	152	209
282.282	30184	153	1409
282.292	30185	156	1409
282.292	30186	151	209
282.295	30187	153	1409
282.3	30188	152	1409
282.303	30189	149	209
282.308	30190	153	1409
282.312	30191	152	1409
282.32	30192	154	209
282.323	30193	155	1409
282.33	30194	156	1409
282.33	30195	152	209
282.34	30197	154	1409
282.347	30198	156	209
282.357	30201	153	209
282.36	30202	155	1409
282.367	30203	157	212
282.372	30205	154	1409
282.377	30206	154	209
282.388	30209	152	1409
282.393	30210	151	209
282.395	30211	152	1409
282.402	30212	154	1409
282.41	30213	155	209
282.412	30214	157	1409
282.417	30215	157	1409
282.423	30216	156	209
282.429	30218	156	1409
282.434	30219	155	209
282.439	30220	159	1409
282.444	30221	158	1409
282.449	30223	157	1409
282.454	30224	155	1409
282.464	30226	158	1409
282.469	30227	157	1409
282.472	30228	155	209
282.476	30229	159	1409
282.479	30230	155	1409
282.488	30232	158	1409
282.491	30233	155	1409
282.497	30234	155	209
282.499	30235	156	1409
282.506	30236	158	1409
282.512	30237	157	209
282.516	30239	155	1409
282.521	30240	154	209
282.524	30241	156	1409
282.531	30242	157	1409
282.536	30243	157	209
282.538	30244	158	1409
282.545	30245	159	1409
282.551	30246	158	1412
282.551	30247	154	209
282.554	30248	155	1409
282.561	30249	157	1409
282.566	30250	156	1412
282.569	30251	152	1412
282.578	30252	156	1412
282.581	30253	152	209
282.583	30254	155	1409
282.591	30255	156	1409
282.598	30256	157	1412
282.605	30257	158	1412
282.607	30258	155	209
282.61	30259	156	1409
282.62	30260	160	1409
282.623	30261	158	209
282.627	30263	156	1409
282.633	30264	155	209
282.637	30265	159	1409
282.642	30266	158	1412
282.647	30267	158	1409
282.654	30269	158	1409
282.66	30270	158	212
282.663	30272	154	209
282.67	30274	155	212
282.675	30275	159	1409
282.678	30276	156	209
282.681	30277	157	1409
282.686	30279	151	209
282.688	30280	152	1409
282.696	30281	154	212
282.698	30282	156	1409
282.701	30283	153	209
282.706	30285	152	1409
282.708	30286	150	209
282.711	30287	151	1409
282.716	30288	152	1409
282.721	30289	152	1412
282.723	30290	150	209
282.726	30291	152	1409
282.731	30292	152	1409
282.734	30293	150	209
282.741	30295	152	1409
282.751	30298	152	1409
282.756	30300	151	1409
282.76	30301	152	1409
282.763	30302	150	209
282.768	30303	153	1409
282.772	30304	154	1409
282.778	30305	154	209
282.782	30307	154	1409
282.787	30308	154	209
282.79	30309	155	1409
282.797	30310	157	1409
282.802	30311	155	209
282.81	30312	155	1409
282.82	30313	158	1409
282.827	30314	158	209
282.83	30315	159	1409
282.837	30316	159	1412
282.844	30317	158	1409
282.85	30318	155	209
282.852	30319	156	1409
282.86	30320	156	1409
282.867	30321	156	212
282.867	30322	156	209
282.872	30323	158	1409
282.877	30324	157	1412
282.884	30325	156	1412
282.891	30326	155	1412
282.901	30327	156	1409
282.909	30328	156	209
282.911	30329	159	1409
282.918	30330	160	1412
282.923	30331	159	1409
282.931	30332	161	209
282.934	30334	156	1409
282.937	30335	153	209
282.939	30336	156	1409
282.949	30337	159	1409
282.953	30339	151	212
282.955	30340	152	1412
282.96	30341	152	212
282.963	30342	153	209
282.971	30345	149	209
282.973	30346	150	1409
282.982	30347	154	1409
282.997	30351	151	1409
283.005	30353	151	1409
283.01	30354	151	1409
283.013	30355	147	209
283.015	30356	150	1409
283.025	30358	148	209
283.028	30359	149	1409
283.032	30360	148	1409
283.04	30361	150	209
283.042	30362	152	1409
283.045	30363	149	1409
283.05	30364	148	209
283.052	30365	149	1409
283.06	30366	150	1409
283.063	30367	148	209
283.07	30368	153	1409
283.075	30369	153	1409
283.08	30370	152	209
283.082	30371	154	1409
283.087	30372	153	1409
283.092	30373	152	209
283.097	30374	155	1409
283.102	30375	155	1409
283.108	30376	155	209
283.114	30378	155	1409
283.119	30379	154	209
283.122	30380	155	1409
283.129	30381	157	1409
283.132	30382	155	209
283.134	30383	156	1409
283.144	30384	159	1412
283.146	30385	155	1409
283.154	30386	157	209
283.156	30387	158	1409
283.163	30388	161	1412
283.166	30389	157	1409
283.171	30390	156	209
283.175	30391	160	1409
283.182	30392	161	1412
283.19	30393	162	1412
283.195	30394	162	1409
283.198	30395	159	209
283.2	30396	161	1409
283.207	30397	162	1409
283.212	30398	161	1412
283.22	30399	163	212
283.222	30400	164	1412
283.225	30402	161	209
283.23	30404	159	1409
283.24	30405	163	1412
283.247	30407	163	1409
283.25	30408	160	1409
283.255	30410	158	1409
283.262	30411	159	1409
283.271	30413	162	1409
283.275	30415	154	209
283.277	30416	156	1409
283.286	30417	159	1409
283.287	30418	154	209
283.294	30420	154	1409
283.299	30421	154	209
283.302	30422	155	1409
283.309	30423	157	1409
283.315	30424	156	209
283.32	30426	154	1412
283.324	30427	153	1409
283.33	30428	154	209
283.332	30429	155	1409
283.337	30430	154	1409
283.342	30431	153	209
283.345	30432	155	1409
283.351	30434	149	209
283.355	30435	153	1409
283.361	30436	152	1409
283.361	30437	146	209
283.364	30438	148	1409
283.369	30439	147	1409
283.374	30440	146	209
283.376	30441	149	1409
283.379	30442	145	1409
283.384	30443	145	209
283.387	30444	146	1409
283.394	30445	147	1409
283.397	30446	144	209
283.399	30447	146	1409
283.408	30448	150	1409
283.411	30449	147	209
283.413	30450	148	1409
283.423	30451	151	1409
283.428	30452	151	212
283.431	30454	150	1412
283.438	30455	153	1409
283.443	30456	151	1409
283.45	30457	153	212
283.451	30458	152	209
283.453	30459	153	1409
283.458	30460	152	212
283.46	30461	155	1409
283.466	30462	155	209
283.468	30463	156	1409
283.476	30464	157	1409
283.476	30465	152	212
283.478	30466	153	1412
283.486	30467	155	209
283.488	30468	157	1409
283.498	30469	160	1409
283.499	30470	155	209
283.513	30473	156	1409
283.518	30474	156	209
283.524	30476	155	1409
283.526	30477	151	1412
283.531	30478	152	209
283.534	30479	153	1409
283.539	30480	154	1409
283.541	30481	152	209
283.544	30482	153	1409
283.547	30484	146	1412
283.554	30485	149	209
283.557	30486	150	1409
283.564	30487	152	1409
283.567	30488	150	209
283.569	30489	153	1409
283.572	30490	150	1409
283.574	30491	148	209
283.579	30492	151	1409
283.586	30493	154	1409
283.589	30494	152	209
283.591	30495	154	1409
283.593	30496	151	1409
283.598	30497	152	209
283.601	30498	153	1409
283.606	30499	153	1409
283.61	30500	151	209
283.612	30501	150	1409
283.614	30502	149	1409
283.622	30503	148	209
283.629	30504	151	1409
283.635	30505	149	212
283.64	30506	152	1409
283.645	30507	149	209
283.647	30508	151	1409
283.654	30509	150	1409
283.662	30510	149	209
283.664	30511	151	1409
283.67	30512	148	1409
283.678	30513	148	209
283.682	30514	152	1409
283.687	30515	149	1409
283.697	30516	151	209
283.707	30518	152	1409
283.714	30519	151	1412
283.724	30520	153	1412
283.732	30521	152	1412
283.737	30522	150	209
283.739	30523	151	1409
283.747	30524	152	1409
283.754	30525	153	1412
283.759	30526	152	209
283.763	30527	156	1409
283.768	30528	155	1409
283.773	30529	154	209
283.778	30530	157	1409
283.785	30531	159	1409
283.788	30532	156	209
283.793	30533	160	1409
283.8	30534	160	1409
283.805	30535	159	209
283.807	30536	161	1409
283.815	30537	162	1409
283.82	30538	162	209
283.823	30540	158	1409
283.828	30541	157	209
283.833	30542	161	1409
283.84	30543	162	1409
283.84	30544	157	209
283.845	30545	160	1409
283.848	30546	157	1409
283.856	30547	159	209
283.863	30549	159	1409
283.867	30550	158	209
283.87	30551	159	1409
283.88	30553	157	209
283.882	30554	159	1409
283.887	30555	158	1409
283.888	30556	152	209
283.891	30557	154	1409
283.9	30558	157	1409
283.907	30561	153	1409
283.917	30562	156	1412
283.92	30563	153	209
283.924	30564	157	1409
283.929	30565	156	1409
283.935	30566	156	209
283.937	30567	157	1409
283.942	30568	155	1409
283.945	30569	152	209
283.947	30570	153	1409
283.953	30571	153	1409
283.958	30572	152	209
283.96	30573	153	1409
283.967	30574	155	1409
283.968	30575	150	209
283.975	30577	150	1409
283.983	30578	151	209
283.985	30579	153	1409
283.99	30580	152	1409
283.996	30581	151	209
283.998	30582	153	1409
284.003	30583	152	1409
284.006	30584	149	209
284.008	30585	150	1409
284.021	30588	150	1409
284.025	30589	149	1412
284.035	30590	153	1409
284.04	30591	152	209
284.045	30592	155	1409
284.049	30593	154	1409
284.055	30594	153	209
284.057	30595	155	1409
284.064	30596	156	1409
284.071	30597	157	1412
284.074	30598	154	209
284.077	30599	155	1409
284.082	30600	155	1409
284.09	30601	156	1412
284.09	30602	151	209
284.093	30603	152	1409
284.102	30604	155	1409
284.105	30605	154	209
284.11	30607	152	212
284.113	30608	154	1412
284.12	30609	155	1409
284.125	30610	153	209
284.128	30611	155	1409
284.135	30612	156	1409
284.137	30613	153	209
284.14	30614	154	1409
284.144	30615	153	1409
284.147	30616	150	209
284.152	30617	153	1409
284.159	30618	155	1409
284.162	30619	151	209
284.164	30620	153	1409
284.171	30621	154	1409
284.176	30622	153	209
284.181	30623	157	1409
284.186	30624	156	1412
284.193	30625	157	1409
284.196	30626	154	209
284.198	30627	156	1409
284.208	30628	160	1409
284.211	30629	156	209
284.213	30630	158	1409
284.218	30631	157	1409
284.226	30632	159	209
284.229	30633	160	1409
284.236	30634	161	1412
284.236	30635	155	212
284.238	30636	157	1409
284.244	30637	156	209
284.246	30638	157	1409
284.251	30639	157	1409
284.252	30640	152	209
284.254	30641	153	1409
284.262	30642	154	1409
284.265	30643	151	209
284.267	30644	152	1409
284.27	30645	149	1409
284.277	30646	150	209
284.279	30647	153	1409
284.284	30648	152	1409
284.29	30649	151	209
284.294	30651	149	1409
284.302	30652	150	209
284.304	30653	151	1409
284.311	30654	153	1409
284.316	30655	152	1412
284.321	30656	151	209
284.323	30657	152	1409
284.331	30658	154	1409
284.334	30659	151	209
284.342	30661	151	1409
284.345	30662	148	209
284.347	30663	150	1409
284.357	30664	153	1409
284.366	30667	153	1409
284.377	30670	153	1409
284.382	30671	153	209
284.384	30672	155	1409
284.388	30674	149	209
284.39	30675	151	1409
284.399	30676	155	1409
284.4	30677	150	209
284.402	30678	153	1409
284.405	30679	151	1409
284.406	30680	146	209
284.408	30681	147	1409
284.415	30682	150	1409
284.415	30683	146	209
284.428	30685	149	1409
284.43	30686	145	209
284.433	30687	147	1409
284.44	30688	150	1409
284.443	30689	148	209
284.445	30690	150	1409
284.452	30691	151	1409
284.46	30692	152	209
284.462	30693	152	1409
284.469	30694	151	1409
284.477	30695	151	209
284.48	30696	152	1409
284.489	30697	153	1409
284.492	30698	149	209
284.495	30699	150	1412
284.504	30700	151	1409
284.511	30701	151	1409
284.52	30702	151	209
284.522	30703	152	1409
284.531	30704	154	1409
284.536	30705	151	209
284.539	30706	152	1409
284.548	30707	154	1412
284.558	30708	155	1409
284.566	30709	155	209
284.568	30710	157	1409
284.569	30711	152	212
284.576	30712	157	1412
284.578	30713	154	1409
284.586	30714	156	212
284.589	30715	158	1412
284.589	30716	153	209
284.596	30718	153	1412
284.603	30719	154	1409
284.611	30720	155	209
284.613	30721	157	1409
284.619	30722	156	1409
284.621	30723	153	209
284.624	30724	154	1409
284.633	30725	157	1409
284.64	30726	158	1412
284.645	30727	158	209
284.647	30728	159	1409
284.653	30729	158	1409
284.665	30732	158	1409
284.67	30734	157	1409
284.675	30735	155	1409
284.68	30736	154	209
284.682	30737	156	1409
284.695	30739	157	209
284.698	30740	158	1409
284.705	30741	159	1409
284.708	30742	156	209
284.715	30744	157	1409
284.72	30745	156	209
284.731	30748	154	209
284.736	30750	152	1409
284.739	30751	150	209
284.746	30753	150	1409
284.749	30754	147	209
284.754	30755	150	1409
284.759	30756	149	1409
284.764	30757	149	209
284.767	30758	150	1409
284.769	30759	147	1409
284.777	30760	148	209
284.784	30762	148	1409
284.787	30763	146	209
284.789	30764	148	1409
284.797	30765	149	1412
284.803	30766	150	1409
284.809	30767	149	209
284.811	30768	151	1409
284.816	30769	150	1409
284.823	30770	151	209
284.826	30771	152	1409
284.828	30772	149	1409
284.836	30773	151	209
284.839	30774	152	1409
284.846	30775	154	1409
284.849	30776	150	209
284.851	30777	152	1409
284.861	30778	156	1409
284.868	30780	156	1409
284.869	30781	151	212
284.873	30782	155	1412
284.879	30783	154	212
284.881	30784	155	1409
284.89	30786	158	1409
284.895	30787	157	1409
284.901	30788	156	209
284.913	30791	155	1409
284.916	30792	153	209
284.921	30794	152	1412
284.931	30795	155	1409
284.936	30796	154	1412
284.945	30797	158	1412
284.948	30798	154	1412
284.957	30799	158	1412
284.965	30800	159	209
284.967	30801	160	1409
284.975	30803	157	209
284.977	30804	158	1409
284.988	30806	156	209
284.99	30807	158	1409
284.997	30808	158	1412
284.999	30809	155	1409
285.007	30810	157	209
285.01	30811	158	1409
285.015	30812	157	1409
285.02	30813	156	209
285.022	30814	158	1409
285.029	30815	160	1409
285.037	30817	160	1409
285.039	30818	157	1409
285.044	30819	156	209
285.049	30820	160	1409
285.054	30821	159	1409
285.059	30822	158	209
285.064	30824	156	1409
285.067	30825	153	209
285.069	30826	154	1409
285.075	30827	153	212
285.08	30829	153	209
285.082	30830	154	1409
285.087	30831	153	1409
285.092	30832	152	209
285.095	30833	154	212
285.098	30835	150	1409
285.103	30836	149	209
285.105	30837	150	1409
285.112	30838	151	1409
285.123	30840	149	1412
285.13	30841	150	1412
285.135	30842	149	209
285.137	30843	150	1409
285.143	30844	150	1409
285.145	30845	148	209
285.15	30846	152	1409
285.155	30847	150	1409
285.167	30850	150	1409
285.173	30851	150	209
285.18	30853	150	1412
285.187	30854	151	1409
285.195	30855	152	1412
285.2	30856	152	209
285.202	30857	155	1409
285.209	30858	157	1409
285.217	30860	158	1409
285.219	30861	157	1409
285.224	30862	157	209
285.226	30863	158	1409
285.232	30864	158	1409
285.234	30865	157	209
285.242	30868	154	212
285.242	30869	154	209
285.245	30870	155	1409
285.252	30871	157	1409
285.257	30872	157	209
285.259	30874	155	1409
285.271	30875	157	1412
285.274	30876	156	209
285.277	30877	157	1409
285.282	30878	158	1409
285.285	30879	155	209
285.287	30880	157	1412
285.292	30881	157	1409
285.294	30882	155	1409
285.304	30884	158	1409
285.311	30885	157	1412
285.318	30886	157	1409
285.323	30887	154	209
285.328	30888	158	1409
285.335	30889	157	1412
285.345	30890	159	1409
285.35	30891	156	209
285.353	30892	157	1409
285.363	30893	159	1409
285.37	30894	158	209
285.372	30895	160	1409
285.378	30896	157	212
285.38	30897	158	1412
285.39	30898	160	1409
285.397	30899	160	1412
285.403	30900	157	209
285.407	30901	161	1409
285.409	30902	157	1409
285.415	30903	157	209
285.418	30904	158	1409
285.423	30906	152	212
285.424	30907	151	209
285.428	30908	155	1409
285.433	30909	154	1409
285.436	30910	152	209
285.439	30911	153	1409
285.446	30912	154	1409
285.451	30913	153	1412
285.453	30914	150	1412
285.462	30916	146	209
285.464	30917	148	1409
285.469	30918	146	1409
285.474	30919	146	209
285.479	30920	149	1409
285.487	30921	151	1409
285.489	30922	148	209
285.492	30923	149	1409
285.497	30924	148	1409
285.499	30925	145	212
285.5	30926	145	209
285.502	30927	147	1409
285.51	30929	143	209
285.513	30930	144	1409
285.522	30931	147	1409
285.528	30932	148	209
285.53	30933	149	1409
285.537	30934	150	1409
285.543	30935	149	209
285.548	30937	147	1409
285.553	30938	146	209
285.555	30939	148	1409
285.563	30940	149	1409
285.568	30941	148	209
285.57	30942	151	1409
285.575	30943	150	1409
285.578	30944	147	209
285.581	30945	148	1409
285.586	30946	147	1409
285.593	30947	149	209
285.596	30948	150	1409
285.601	30949	149	1409
285.606	30950	148	209
285.608	30951	150	1409
285.616	30952	151	1409
285.621	30953	150	209
285.63	30955	153	1412
285.633	30956	149	1409
285.64	30957	151	209
285.642	30958	153	1409
285.647	30959	152	1409
285.653	30960	151	209
285.655	30961	153	1409
285.662	30962	154	1409
285.67	30963	155	1412
285.672	30964	152	209
285.675	30965	154	1409
285.684	30966	157	1409
285.687	30967	154	209
285.692	30968	157	1409
285.699	30969	159	1409
285.702	30970	155	209
285.707	30971	159	1409
285.712	30972	158	1409
285.717	30973	157	209
285.719	30974	160	1409
285.724	30975	159	1412
285.731	30976	160	1409
285.744	30979	159	1409
285.747	30980	156	209
285.756	30982	159	1409
285.763	30983	160	1412
285.767	30984	157	209
285.774	30986	157	1409
285.781	30987	158	209
285.783	30988	160	1409
285.789	30990	154	209
285.791	30991	156	1409
285.799	30992	157	1409
285.804	30993	156	209
285.809	30995	154	1409
285.812	30996	151	209
285.814	30997	153	1409
285.819	30998	152	1409
285.827	30999	153	209
285.829	31000	154	1409
285.832	31001	151	1412
285.837	31002	150	1409
285.842	31003	149	209
285.844	31004	151	1409
285.852	31005	152	1409
285.855	31006	149	209
285.857	31007	151	1409
285.866	31008	155	1409
285.869	31009	152	209
285.871	31010	153	1409
285.879	31011	154	1409
285.879	31012	149	209
285.881	31013	150	1409
285.891	31014	154	1409
285.894	31015	151	209
285.899	31016	154	1409
285.901	31017	151	1409
285.907	31018	150	209
285.911	31019	154	1409
285.916	31020	153	1409
285.922	31021	152	209
285.924	31022	155	1409
285.929	31023	153	1409
285.934	31024	153	209
285.936	31025	154	1409
285.946	31026	157	1409
285.951	31027	156	212
285.953	31028	158	1412
285.956	31029	154	209
285.959	31030	156	1409
285.966	31031	157	1412
285.971	31032	156	1409
285.976	31033	156	209
285.979	31034	157	1409
285.985	31035	158	1412
285.99	31036	157	1409
285.996	31037	156	1412
285.999	31038	153	209
286.001	31039	155	1409
286.008	31040	157	1409
286.011	31041	154	209
286.013	31042	155	1409
286.02	31043	156	1412
286.03	31044	160	1409
286.031	31045	155	209
286.035	31046	159	1409
286.043	31048	157	209
286.045	31049	158	1409
286.05	31050	158	1409
286.057	31052	160	1409
286.059	31053	158	1409
286.065	31054	158	209
286.067	31055	160	1409
286.07	31056	158	1409
286.073	31057	156	209
286.075	31058	157	1409
286.082	31059	160	1409
286.082	31060	156	209
286.085	31061	157	1409
286.093	31063	156	209
286.097	31065	155	1409
286.104	31066	155	209
286.106	31068	152	1409
286.113	31069	152	209
286.116	31070	154	1409
286.123	31071	156	1409
286.126	31072	151	209
286.136	31074	152	1409
286.139	31075	147	209
286.144	31076	151	1409
286.148	31077	148	1409
286.154	31078	145	209
286.156	31079	147	1409
286.161	31080	143	1409
286.167	31081	141	209
286.171	31082	145	1409
286.178	31083	144	1409
286.186	31084	143	209
286.188	31085	145	1409
286.195	31086	144	1409
286.203	31087	143	209
286.205	31088	144	1409
286.213	31089	145	1409
286.22	31090	144	209
286.223	31091	145	1409
286.232	31092	147	1409
286.238	31093	146	209
286.24	31094	147	1409
286.245	31095	147	1412
286.253	31096	148	1409
286.258	31097	147	212
286.258	31098	148	209
286.261	31099	149	1409
286.27	31100	153	1409
286.271	31101	147	209
286.273	31102	149	1409
286.28	31103	150	1409
286.286	31104	149	209
286.288	31105	150	1409
286.291	31106	147	1412
286.298	31107	148	1412
286.305	31108	150	1409
286.312	31109	151	1412
286.315	31110	148	209
286.318	31111	150	1409
286.327	31112	154	1409
286.332	31113	153	209
286.337	31114	157	1409
286.339	31115	153	1412
286.349	31116	157	1409
286.355	31117	157	209
286.357	31118	159	1409
286.362	31119	157	1409
286.367	31120	156	209
286.369	31121	158	1409
286.38	31123	156	209
286.382	31124	158	1409
286.387	31125	157	1409
286.392	31126	156	209
286.395	31127	156	1409
286.406	31128	161	1409
286.41	31129	157	209
286.412	31130	156	1409
286.419	31131	155	1409
286.427	31132	156	209
286.429	31133	157	1409
286.436	31134	154	1409
286.444	31135	157	209
286.446	31136	157	1409
286.451	31137	156	1409
286.454	31138	154	209
286.461	31140	154	1409
286.467	31141	153	209
286.469	31142	155	1409
286.474	31143	154	1409
286.477	31144	151	209
286.479	31145	153	1409
286.486	31146	154	1409
286.492	31147	154	209
286.495	31149	149	1409
286.502	31150	151	209
286.504	31151	152	1409
286.509	31152	151	1409
286.519	31154	155	1409
286.522	31155	151	1409
286.529	31156	153	209
286.532	31157	154	1409
286.537	31158	153	1409
286.54	31159	151	209
286.542	31160	152	1409
286.547	31161	151	1409
286.55	31162	148	209
286.552	31163	150	1409
286.56	31164	151	1409
286.565	31165	150	209
286.567	31166	152	1409
286.576	31167	155	1409
286.581	31168	154	209
286.584	31169	156	1409
286.589	31170	155	1412
286.596	31171	157	1409
286.596	31172	151	209
286.599	31173	152	1409
286.608	31174	155	1409
286.611	31175	153	209
286.621	31177	156	1409
286.626	31178	155	209
286.629	31179	157	1409
286.636	31180	158	1409
286.639	31181	155	209
286.641	31182	156	1409
286.646	31183	155	1409
286.654	31184	157	209
286.656	31186	154	1409
286.664	31187	155	209
286.666	31188	155	1412
286.674	31189	157	1409
286.68	31190	158	1409
286.684	31191	155	209
286.686	31193	151	1409
286.692	31194	150	209
286.696	31195	154	1409
286.701	31196	154	1412
286.708	31197	155	1409
286.713	31198	154	209
286.715	31199	155	1409
286.723	31200	157	1409
286.726	31201	154	212
286.728	31203	154	1409
286.733	31204	153	1409
286.736	31205	151	209
286.739	31206	152	1409
286.746	31207	154	1409
286.751	31208	153	209
286.753	31209	154	1409
286.76	31210	155	1409
286.763	31211	152	209
286.766	31212	154	1409
286.771	31213	153	1409
286.778	31214	155	209
286.781	31215	156	1409
286.786	31216	155	1409
286.788	31217	152	209
286.791	31218	154	1409
286.798	31219	155	1409
286.806	31221	156	1409
286.811	31222	155	1409
286.813	31223	152	209
286.816	31224	153	1409
286.823	31225	155	1409
286.828	31226	153	1412
286.833	31227	153	209
286.836	31228	155	1409
286.843	31229	157	1409
286.846	31230	153	209
286.848	31231	155	1409
286.855	31232	156	1409
286.859	31233	153	209
286.864	31235	153	1409
286.868	31236	153	1409
286.871	31237	151	209
286.874	31238	153	1409
286.877	31239	151	1409
286.877	31240	146	209
286.879	31241	149	1409
286.888	31242	153	1409
286.891	31243	151	1412
286.895	31244	149	209
286.897	31245	151	1409
286.902	31246	151	1409
286.906	31247	151	209
286.909	31248	153	1409
286.914	31250	149	209
286.916	31251	151	1409
286.924	31252	151	1409
286.934	31256	150	1409
286.939	31257	151	209
286.941	31258	152	1409
286.949	31259	153	1409
286.952	31260	148	209
286.954	31261	151	1409
286.961	31262	151	1409
286.967	31263	150	209
286.969	31264	151	1409
286.979	31265	152	1409
286.987	31266	152	209
286.989	31267	153	1409
286.997	31268	153	1409
287.004	31269	153	209
287.007	31270	154	1409
287.014	31272	153	1409
287.019	31273	150	209
287.022	31274	151	1409
287.031	31275	153	1409
287.037	31276	150	209
287.042	31277	154	1409
287.048	31278	153	1409
287.053	31279	150	209
287.056	31280	152	1409
287.063	31281	151	1409
287.073	31282	154	1412
287.079	31283	153	209
287.081	31284	155	1409
287.088	31285	156	1409
287.091	31286	152	209
287.093	31287	154	1409
287.102	31288	157	1409
287.108	31289	157	209
287.11	31290	159	1409
287.115	31291	157	1409
287.12	31292	156	209
287.122	31293	159	1409
287.13	31294	160	1412
287.132	31295	157	1409
287.14	31296	159	209
287.142	31297	161	1409
287.147	31298	160	212
287.148	31299	159	212
287.157	31301	162	1409
287.162	31303	160	1409
287.166	31304	159	1409
287.172	31305	159	209
287.176	31306	163	1409
287.181	31307	162	1409
287.184	31308	159	209
287.193	31310	162	1409
287.199	31311	161	209
287.201	31312	162	1409
287.206	31313	162	1409
287.211	31316	156	1409
287.219	31317	157	209
287.221	31318	158	1409
287.226	31319	158	212
287.232	31321	157	209
287.24	31324	153	209
287.247	31326	154	1409
287.252	31327	153	209
287.255	31328	155	1409
287.262	31329	156	1409
287.266	31330	155	209
287.269	31331	156	1409
287.275	31333	151	209
287.277	31334	152	1409
287.282	31335	152	1409
287.287	31336	151	209
287.289	31337	153	1409
287.292	31338	150	1409
287.295	31339	147	209
287.297	31340	149	1409
287.304	31341	150	1409
287.31	31342	149	209
287.312	31343	152	1409
287.314	31344	148	1409
287.322	31345	150	209
287.324	31346	151	1409
287.329	31347	151	1409
287.335	31348	150	209
287.339	31349	154	1409
287.344	31350	152	1409
287.349	31351	153	209
287.352	31352	154	1409
287.357	31353	154	1409
287.362	31354	154	1412
287.367	31355	153	212
287.369	31357	153	1409
287.377	31359	150	209
287.384	31360	156	1409
287.387	31361	152	1409
287.397	31363	156	1409
287.404	31364	157	1412
287.411	31365	158	1409
287.416	31366	159	209
287.417	31368	152	212
287.419	31369	153	1412
287.428	31370	158	1409
287.433	31371	157	209
287.438	31372	160	1409
287.442	31373	159	1412
287.448	31374	160	1409
287.455	31375	160	1412
287.462	31376	161	1412
287.47	31377	164	1412
287.475	31379	162	1409
287.478	31380	160	1409
287.485	31382	161	1412
287.49	31383	160	1409
287.497	31384	162	1409
287.498	31385	156	209
287.503	31386	160	1409
287.509	31387	161	1409
287.514	31388	161	209
287.517	31389	162	1409
287.522	31390	161	1409
287.527	31392	160	1409
287.534	31393	162	1409
287.537	31394	158	209
287.544	31396	159	1409
287.547	31397	157	209
287.552	31399	156	1409
287.557	31400	155	209
287.559	31401	156	1409
287.564	31402	155	1409
287.567	31403	153	209
287.572	31404	156	1409
287.577	31405	156	212
287.585	31408	157	1412
287.587	31409	153	1409
287.595	31410	155	1409
287.596	31411	150	209
287.596	31412	150	212
287.598	31413	151	1409
287.605	31414	152	1409
287.612	31417	146	1409
287.621	31418	149	1412
287.624	31419	148	209
287.626	31420	149	1409
287.63	31422	141	209
287.632	31423	143	1409
287.642	31425	141	209
287.645	31426	143	1409
287.652	31427	145	1409
287.657	31428	144	209
287.662	31429	147	1409
287.666	31430	147	1409
287.674	31431	149	212
287.674	31432	148	209
287.677	31433	149	1409
287.681	31434	149	1409
287.687	31435	148	212
287.689	31436	150	209
287.692	31437	152	1409
287.696	31438	152	1409
287.702	31439	152	209
287.704	31441	150	1409
287.712	31442	153	209
287.714	31443	155	1409
287.716	31444	152	1409
287.722	31445	153	209
287.724	31446	152	1409
287.73	31447	153	212
287.735	31449	151	209
287.737	31450	153	1409
287.747	31451	153	1412
287.752	31452	153	1409
287.759	31453	156	1412
287.762	31454	154	209
287.764	31455	156	1409
287.767	31456	154	1409
287.77	31457	152	209
287.772	31458	153	1409
287.775	31459	152	1409
287.782	31460	154	209
287.789	31462	153	1412
287.789	31463	150	212
287.792	31464	151	1409
287.8	31465	151	209
287.805	31467	148	1409
287.812	31468	148	212
287.815	31469	149	1412
287.822	31470	149	209
287.825	31471	150	1409
287.834	31472	152	1412
287.843	31473	153	1409
287.853	31474	155	1412
287.861	31475	156	209
287.863	31476	157	1409
287.87	31477	157	1409
287.876	31478	156	209
287.881	31479	158	1409
287.891	31481	153	209
287.894	31482	155	1409
287.901	31483	156	1409
287.906	31484	155	209
287.909	31485	156	1409
287.914	31486	155	1412
287.921	31487	157	1409
287.926	31488	157	209
287.929	31489	158	1409
287.936	31491	155	209
287.939	31492	156	1409
287.945	31493	157	1412
287.95	31494	157	1409
287.953	31495	153	209
287.955	31496	155	1409
287.96	31497	154	1409
287.963	31498	152	209
287.968	31499	155	1409
287.97	31500	151	1409
287.976	31501	152	209
287.978	31502	154	1409
287.986	31503	155	1409
287.988	31504	152	209
287.993	31505	156	1409
287.998	31506	155	1412
288.005	31507	156	1409
288.011	31508	156	1412
288.013	31509	154	209
288.016	31510	155	1409
288.023	31511	156	1409
288.036	31514	157	1409
288.038	31515	154	209
288.041	31516	155	1409
288.048	31517	157	1409
288.049	31518	152	209
288.051	31520	149	1409
288.057	31521	148	209
288.059	31522	150	1409
288.066	31523	151	1409
288.067	31524	147	209
288.074	31526	147	1409
288.082	31527	149	209
288.084	31528	151	1409
288.089	31529	150	1409
288.095	31530	149	1412
288.095	31531	145	209
288.097	31532	146	1409
288.102	31533	145	1409
288.108	31534	144	209
288.112	31535	148	1409
288.115	31536	145	1409
288.122	31537	147	209
288.125	31538	148	1409
288.13	31539	148	1409
288.135	31540	148	1412
288.14	31541	146	209
288.142	31542	148	1409
288.147	31543	148	1409
288.148	31544	142	209
288.151	31545	144	1409
288.16	31546	148	1409
288.163	31547	146	209
288.168	31548	150	1409
288.173	31549	149	1409
288.176	31550	146	209
288.183	31551	152	1409
288.187	31552	151	1409
288.193	31553	150	209
288.195	31554	153	1409
288.2	31555	151	1409
288.207	31556	153	209
288.209	31557	154	1409
288.217	31558	156	1409
288.224	31560	157	1409
288.231	31561	158	1409
288.232	31562	153	209
288.234	31563	155	1409
288.244	31564	159	1409
288.249	31565	158	212
288.252	31567	154	209
288.254	31568	155	1409
288.264	31569	160	1412
288.269	31570	159	1409
288.272	31571	156	209
288.276	31572	160	1409
288.281	31573	159	1409
288.29	31574	163	1412
288.293	31575	160	209
288.3	31577	161	1409
288.308	31578	162	209
288.31	31579	164	1409
288.315	31580	163	1409
288.318	31581	160	209
288.32	31582	162	1409
288.327	31583	162	1409
288.332	31584	163	209
288.339	31586	163	1409
288.345	31587	162	209
288.353	31590	158	209
288.355	31591	159	1409
288.36	31592	159	1409
288.365	31593	158	209
288.367	31594	160	1409
288.372	31595	160	1409
288.377	31596	159	209
288.38	31597	160	1409
288.387	31598	161	1409
288.392	31600	160	1409
288.394	31601	157	1409
288.4	31602	156	209
288.404	31604	155	1409
288.41	31605	154	209
288.415	31607	154	1409
288.416	31608	148	209
288.422	31609	154	1409
288.426	31610	151	212
288.429	31612	148	209
288.436	31614	148	1409
288.439	31615	146	209
288.441	31616	147	1409
288.449	31617	149	1409
288.453	31618	149	1412
288.459	31619	148	209
288.466	31621	148	1409
288.471	31622	148	209
288.473	31623	150	1409
288.48	31624	151	1409
288.493	31627	151	1409
288.495	31628	148	209
288.498	31629	150	1409
288.513	31631	153	1409
288.515	31632	150	209
288.518	31633	152	1409
288.526	31635	151	209
288.528	31636	153	1409
288.535	31637	155	1409
288.545	31638	155	1412
288.548	31639	155	209
288.553	31640	158	1409
288.558	31641	155	1412
288.563	31642	156	1412
288.565	31643	154	1409
288.573	31645	156	1409
288.58	31647	155	209
288.583	31648	156	1409
288.588	31649	157	1409
288.591	31650	154	209
288.593	31651	156	1409
288.596	31652	154	212
288.601	31654	154	209
288.608	31656	154	1412
288.62	31658	155	1412
288.626	31659	153	209
288.628	31660	155	1409
288.635	31661	154	1412
288.643	31662	154	1412
288.65	31663	153	1409
288.658	31664	153	209
288.66	31665	155	1409
288.667	31666	155	1409
288.677	31667	157	1412
288.682	31668	155	209
288.69	31670	153	1409
288.697	31671	153	212
288.7	31672	154	1412
288.703	31673	151	209
288.71	31674	156	1409
288.715	31675	153	1409
288.721	31676	151	1412
288.726	31677	151	209
288.728	31678	152	1409
288.733	31679	152	1412
288.74	31680	153	1409
288.745	31681	153	209
288.748	31682	154	1409
288.756	31684	151	209
288.758	31685	152	1409
288.765	31686	154	1409
288.768	31687	151	209
288.771	31688	152	1409
288.771	31689	147	212
288.778	31691	148	209
288.781	31692	149	1412
288.786	31693	150	1409
288.793	31694	151	1409
288.796	31695	148	209
288.799	31696	150	1409
288.806	31697	151	1412
288.813	31698	152	1412
288.822	31699	156	1409
288.825	31700	153	1412
288.83	31701	153	209
288.835	31702	157	1409
288.845	31704	156	209
288.85	31706	154	1409
288.853	31707	152	209
288.858	31708	155	1409
288.865	31709	156	1409
288.865	31710	151	209
288.868	31711	153	1409
288.875	31712	155	1409
288.881	31713	154	209
288.888	31715	156	1409
288.891	31716	152	209
288.893	31717	154	1409
288.9	31718	156	1412
288.903	31719	152	1409
288.911	31720	154	209
288.916	31722	153	1409
288.921	31723	153	209
288.926	31726	146	209
288.929	31727	147	1409
288.938	31728	151	1409
288.946	31730	152	1409
288.948	31731	148	1409
288.956	31732	150	209
288.958	31733	153	1409
288.963	31734	151	1412
288.971	31735	153	1409
288.971	31736	147	209
288.973	31737	150	1409
288.983	31738	153	1412
288.988	31739	152	1409
288.993	31740	152	209
288.995	31741	154	1409
289	31742	153	1409
289.008	31743	154	209
289.01	31744	157	1409
289.017	31745	157	1409
289.02	31746	154	209
289.022	31747	155	1409
289.03	31748	158	1409
289.035	31749	157	209
289.037	31750	159	1409
289.042	31751	157	1409
289.045	31752	155	209
289.048	31753	157	1409
289.052	31754	156	1412
289.06	31755	158	1412
289.065	31756	157	1409
289.07	31757	156	209
289.077	31759	158	1409
289.091	31762	159	1409
289.094	31763	157	209
289.096	31764	158	1412
289.102	31765	157	1409
289.106	31766	157	1409
289.112	31767	157	209
289.119	31769	157	1409
289.122	31771	149	209
289.127	31772	153	1409
289.137	31773	157	1412
289.139	31774	154	1412
289.149	31775	157	1409
289.152	31776	154	212
289.152	31777	155	209
289.157	31778	158	1409
289.161	31779	157	1409
289.164	31780	154	209
289.169	31782	153	1409
289.175	31783	153	209
289.177	31784	154	1409
289.184	31785	156	1409
289.187	31786	152	209
289.192	31787	156	1409
289.195	31788	153	1409
289.195	31789	149	209
289.2	31790	153	1409
289.202	31791	149	1409
289.21	31792	151	209
289.212	31793	153	1409
289.22	31794	154	1409
289.223	31795	151	209
289.225	31796	152	1409
289.235	31798	151	209
289.237	31799	153	1409
289.242	31800	153	1409
289.245	31801	150	209
289.252	31803	150	1409
289.255	31804	148	209
289.258	31805	149	1409
289.265	31806	150	1409
289.27	31807	149	209
289.272	31808	152	1409
289.277	31809	150	1409
289.284	31810	152	1412
289.292	31811	151	212
289.294	31812	153	1412
289.3	31813	152	209
289.302	31814	154	1409
289.309	31815	155	1409
289.315	31816	154	209
289.317	31817	156	1409
289.322	31818	152	1412
289.329	31819	154	1412
289.336	31820	155	1409
289.341	31821	155	209
289.344	31822	156	1409
289.353	31823	160	1409
289.356	31824	157	209
289.359	31825	159	1409
289.368	31827	159	209
289.371	31828	161	1409
289.378	31830	159	1412
289.379	31831	154	209
289.381	31832	157	1409
289.386	31833	156	1409
289.391	31834	157	209
289.398	31836	157	1409
289.401	31837	156	209
289.403	31838	157	1409
289.408	31839	157	1409
289.411	31840	156	209
289.413	31841	157	1409
289.419	31843	153	209
289.426	31844	157	1409
289.432	31846	153	209
289.439	31847	153	1412
289.443	31848	154	1409
289.449	31849	154	1409
289.454	31852	150	1412
289.464	31853	151	1409
289.471	31854	151	209
289.474	31855	152	1409
289.481	31856	151	1409
289.488	31857	152	209
289.491	31858	152	1409
289.501	31859	155	1409
289.508	31860	155	209
289.51	31861	156	1409
289.516	31862	153	1409
289.523	31863	153	209
289.525	31864	154	1409
289.535	31865	156	1409
289.543	31866	156	209
289.545	31867	157	1409
289.553	31868	156	1409
289.561	31869	156	209
289.563	31870	159	1409
289.568	31871	158	1409
289.573	31872	157	209
289.578	31874	155	1412
289.583	31875	154	1412
289.593	31877	152	209
289.595	31878	154	1409
289.605	31879	157	1409
289.61	31880	156	1412
289.613	31881	153	209
289.618	31882	157	1409
289.624	31883	158	1409
289.629	31884	157	1412
289.634	31885	157	209
289.639	31886	161	1409
289.644	31888	154	1409
289.652	31889	155	209
289.654	31890	157	1409
289.662	31891	158	1409
289.667	31892	157	212
289.669	31893	160	1412
289.669	31894	154	209
289.674	31895	157	1409
289.681	31896	159	1409
289.687	31897	158	209
289.689	31898	159	1409
289.696	31899	161	1409
289.699	31900	158	209
289.701	31901	160	1409
289.708	31902	161	1409
289.719	31905	158	1409
289.722	31906	155	209
289.727	31907	159	1409
289.729	31908	156	1409
289.736	31910	157	1409
289.743	31911	158	1409
289.748	31912	157	209
289.751	31913	159	1409
289.756	31914	157	1409
289.763	31916	159	1409
289.771	31918	154	209
289.773	31919	155	1409
289.788	31921	158	1412
289.793	31922	157	209
289.795	31924	154	1409
289.805	31925	158	1412
289.811	31927	156	1409
289.818	31928	157	1409
289.818	31929	151	209
289.82	31930	154	1409
289.83	31931	157	1409
289.833	31932	154	209
289.835	31933	156	1409
289.845	31934	159	1409
289.847	31935	156	209
289.85	31937	152	1412
289.86	31938	157	1409
289.86	31939	151	209
289.865	31940	155	1409
289.872	31941	156	1409
289.875	31942	153	209
289.877	31943	154	1409
289.887	31944	157	1409
289.89	31945	155	209
289.892	31946	156	1409
289.897	31947	156	1409
289.898	31948	150	209
289.9	31949	152	1409
289.91	31950	155	1409
289.911	31951	151	209
289.916	31953	150	1409
289.924	31954	151	212
289.931	31956	152	209
289.934	31958	148	212
289.939	31960	147	209
289.942	31961	148	1409
289.946	31962	147	1409
289.952	31963	147	209
289.96	31965	147	1409
289.967	31966	148	212
289.967	31967	148	209
289.97	31969	145	1412
289.983	31971	144	1412
289.986	31972	142	209
289.988	31973	144	1409
289.996	31974	145	1412
290	31975	144	1409
290.004	31976	141	212
290.004	31977	141	209
290.006	31978	142	1409
290.014	31979	145	1409
290.014	31980	139	209
290.021	31981	145	1409
290.026	31982	143	1409
290.032	31983	144	209
290.034	31984	145	1409
290.039	31985	144	1409
290.046	31986	145	1412
290.049	31987	142	209
290.051	31988	144	1409
290.061	31989	147	1409
290.061	31990	142	209
290.064	31991	143	1409
290.074	31992	147	1409
290.081	31993	149	209
290.083	31994	151	1409
290.086	31995	147	1409
290.089	31996	145	209
290.094	31997	148	1409
290.101	31998	150	1409
290.106	31999	149	209
290.111	32000	152	1409
290.113	32001	150	1409
290.123	32002	154	1412
290.126	32003	150	209
290.128	32004	152	1409
290.135	32005	153	1412
290.143	32006	154	1412
290.152	32007	158	1412
290.157	32008	157	1409
290.162	32009	157	209
290.164	32010	158	1409
290.174	32011	162	1412
290.177	32012	158	1409
290.184	32013	161	1412
290.191	32016	158	1412
290.201	32017	162	1409
290.201	32018	159	209
290.206	32019	162	1409
290.213	32020	165	1409
290.216	32021	163	209
290.221	32023	162	1409
290.226	32025	162	1409
290.233	32026	164	1409
290.235	32027	163	209
290.238	32028	164	1409
290.243	32029	164	1409
290.244	32030	160	209
290.246	32031	162	1409
290.253	32032	164	1409
290.258	32035	160	1409
290.263	32036	160	209
290.265	32037	162	1409
290.273	32039	159	209
290.276	32040	160	1409
290.28	32041	157	1409
290.291	32042	157	209
290.293	32043	159	1409
290.3	32044	158	1409
290.308	32046	157	1409
290.315	32047	156	1409
290.322	32048	156	209
290.324	32049	157	1409
290.331	32050	156	1409
290.337	32051	154	209
290.339	32052	155	1409
290.347	32053	154	1409
290.355	32054	154	209
290.357	32055	156	1409
290.364	32056	155	1409
290.372	32057	156	209
290.375	32058	156	1409
290.382	32059	157	1409
290.39	32061	157	1409
290.394	32062	156	1409
290.4	32063	156	212
290.402	32064	157	1412
290.403	32065	152	209
290.408	32067	150	1409
290.415	32068	152	209
290.418	32069	153	1409
290.426	32071	149	212
290.427	32073	143	209
290.429	32074	145	1409
290.436	32075	146	1409
290.443	32076	148	209
290.446	32077	149	1409
290.451	32078	148	1409
290.456	32079	147	212
290.458	32080	149	1412
290.463	32081	148	209
290.466	32082	150	1409
290.473	32083	152	1409
290.48	32084	152	1412
290.48	32085	147	209
290.483	32086	148	1409
290.493	32087	152	1409
290.498	32088	151	209
290.5	32090	148	1409
290.508	32091	150	212
290.509	32092	149	209
290.511	32093	151	1409
290.518	32094	152	1409
290.526	32095	153	209
290.528	32096	154	1409
290.533	32097	154	1409
290.537	32098	151	209
290.542	32100	149	1409
290.547	32101	149	209
290.552	32102	152	1409
290.559	32103	153	1409
290.559	32104	148	209
290.562	32105	150	1409
290.569	32106	150	1409
290.574	32107	148	209
290.576	32108	151	1409
290.581	32109	149	1409
290.589	32110	150	209
290.589	32111	150	212
290.592	32112	151	1409
290.597	32113	150	1409
290.6	32114	147	209
290.602	32115	148	1409
290.607	32116	147	1412
290.616	32117	151	1409
290.624	32118	152	209
290.629	32120	150	1412
290.636	32121	151	1412
290.645	32122	154	1409
290.651	32123	153	209
290.653	32124	155	1409
290.663	32125	158	1409
290.663	32126	153	209
290.666	32127	155	1409
290.675	32128	158	1409
290.678	32129	154	209
290.68	32130	156	1409
290.688	32131	157	1409
290.691	32132	154	209
290.695	32133	158	1409
290.7	32134	156	1409
290.705	32135	155	209
290.708	32136	157	1409
290.715	32137	157	1412
290.723	32139	153	209
290.727	32140	157	1409
290.733	32141	156	1409
290.738	32142	156	209
290.745	32144	156	1409
290.752	32145	157	1412
290.753	32146	152	209
290.765	32148	155	1409
290.768	32149	153	209
290.773	32150	156	1409
290.785	32152	157	209
290.792	32154	157	1409
290.795	32155	154	209
290.805	32157	156	1409
290.805	32158	151	209
290.81	32159	154	1409
290.819	32160	158	1409
290.825	32161	156	209
290.832	32163	157	1409
290.838	32164	156	1412
290.843	32165	155	209
290.847	32166	159	1409
290.857	32168	157	209
290.862	32170	154	1409
290.867	32171	154	209
290.869	32172	155	1409
290.877	32173	157	1409
290.88	32174	154	209
290.883	32175	155	1409
290.887	32176	153	1409
290.89	32177	150	209
290.895	32178	154	1409
290.902	32179	155	1409
290.906	32180	152	209
290.91	32182	150	1409
290.92	32184	153	1409
290.925	32185	151	1412
290.932	32186	153	1409
290.935	32187	150	209
290.94	32188	154	1409
290.947	32189	153	1409
290.952	32190	152	1412
290.957	32191	152	209
290.96	32192	153	1409
290.967	32193	154	1409
290.978	32195	153	209
290.98	32196	154	1409
290.983	32197	151	1409
290.992	32198	155	1412
290.997	32199	153	1412
291.005	32200	155	209
291.015	32203	152	1409
291.021	32204	153	209
291.025	32206	153	1409
291.028	32207	151	209
291.038	32209	151	1409
291.045	32210	154	1409
291.046	32211	149	209
291.048	32212	150	1409
291.056	32213	148	1412
291.063	32214	152	1409
291.068	32215	151	1412
291.071	32216	149	209
291.075	32217	153	1409
291.08	32218	153	1409
291.083	32219	151	209
291.088	32220	154	1409
291.17	32221	53	1412
291.176	32222	50	212
291.178	32223	52	1412
291.185	32224	52	1412
291.191	32225	53	1412
291.273	32226	52	1412
291.279	32227	53	1412
291.284	32228	52	1409
291.289	32229	50	209
291.294	32230	52	1409
291.376	32231	53	1409
291.379	32232	51	209
291.381	32233	52	1409
291.388	32234	52	1409
291.391	32235	50	209
291.394	32236	52	1409
291.401	32237	52	1409
291.405	32238	51	209
291.408	32239	52	1409
291.416	32240	55	1409
291.418	32241	51	209
291.421	32242	52	1409
291.427	32243	52	1409
291.431	32244	51	209
291.434	32245	52	1409
291.442	32246	53	1409
291.447	32247	52	209
291.449	32248	54	1409
291.456	32249	54	1409
291.464	32250	57	209
291.467	32251	58	1409
291.474	32252	59	1409
291.476	32253	56	209
291.479	32254	58	1409
291.487	32255	59	1409
291.494	32256	60	209
291.496	32257	62	1409
291.504	32258	63	1409
291.509	32259	62	209
291.511	32260	64	1409
291.519	32261	64	1409
291.522	32262	61	209
291.527	32263	65	1409
291.533	32264	66	1409
291.539	32265	65	209
291.542	32266	67	1409
291.551	32267	71	1409
291.554	32268	67	209
291.558	32269	71	1409
291.563	32270	70	1409
291.571	32271	72	209
291.574	32272	73	1409
291.581	32273	75	1409
291.586	32274	73	209
291.588	32275	75	1409
291.596	32276	76	1409
291.601	32277	75	209
291.604	32278	76	1409
291.613	32279	80	1409
291.616	32280	77	209
291.619	32281	78	1409
291.628	32282	82	1409
291.632	32283	79	209
291.639	32284	85	1409
291.643	32285	84	1409
291.646	32286	81	209
291.651	32287	84	1409
291.659	32288	86	1409
291.666	32289	86	209
291.668	32290	89	1409
291.673	32291	87	1409
291.679	32292	86	209
291.681	32293	88	1409
291.688	32294	89	1409
291.696	32295	91	209
291.698	32296	92	1409
291.706	32297	93	1409
291.708	32298	90	209
291.711	32299	92	1409
291.721	32300	95	1409
291.723	32301	92	209
291.728	32302	95	1409
291.736	32303	98	1409
291.739	32304	96	209
291.741	32305	98	1409
291.748	32306	99	1409
291.753	32307	101	209
291.756	32308	102	1409
291.761	32309	102	1409
291.766	32310	102	209
291.768	32311	104	1409
291.778	32312	108	1409
291.778	32313	104	209
291.781	32314	106	1409
291.788	32315	109	1409
291.794	32316	109	209
291.796	32317	110	1409
291.803	32318	112	1409
291.806	32319	110	209
291.808	32320	113	1409
291.813	32321	112	1409
291.821	32322	115	209
291.823	32323	117	1409
291.828	32324	116	1409
291.833	32325	117	209
291.838	32326	121	1409
291.84	32327	118	1409
291.848	32328	122	209
291.85	32329	123	1409
291.853	32330	121	1409
291.861	32331	123	209
291.863	32332	125	1409
291.87	32333	123	1409
291.878	32334	124	209
291.881	32335	125	1409
291.89	32336	125	1409
291.898	32337	126	209
291.901	32338	127	1409
291.908	32339	126	1409
291.916	32340	126	209
291.92	32341	129	1409
291.93	32342	131	1409
291.936	32343	128	209
291.94	32344	132	1409
291.948	32345	131	1409
291.955	32346	130	209
291.958	32347	131	1409
291.97	32348	135	1409
291.978	32349	136	209
291.98	32350	137	1409
291.99	32351	137	1409
291.993	32352	135	209
291.998	32353	138	1409
292.005	32354	140	1409
292.01	32355	139	209
292.017	32356	145	1409
292.022	32357	144	1409
292.026	32358	141	209
292.033	32359	147	1409
292.037	32360	146	1409
292.045	32361	148	209
292.048	32362	149	1409
292.057	32363	153	1409
292.062	32364	151	209
292.065	32365	153	1409
292.072	32366	154	1409
292.077	32367	153	209
292.08	32368	154	1409
292.088	32370	151	209
292.093	32371	154	1409
292.097	32372	153	1409
292.103	32373	153	209
292.108	32375	151	1409
292.115	32376	152	209
292.118	32377	153	1409
292.125	32378	154	1409
292.133	32379	155	209
292.14	32381	155	1409
292.14	32382	150	209
292.143	32383	151	1409
292.15	32384	153	1409
292.151	32385	148	209
292.158	32386	154	1409
292.163	32387	152	1409
292.168	32388	151	209
292.17	32389	153	1409
292.176	32390	152	1409
292.176	32391	146	209
292.181	32392	149	1409
292.186	32393	149	1409
292.193	32394	150	209
292.196	32395	151	1409
292.203	32396	152	1409
292.209	32397	151	209
292.211	32398	152	1409
292.218	32399	153	1409
292.221	32400	150	209
292.228	32402	150	1409
292.234	32403	149	209
292.239	32405	146	1409
292.247	32406	147	209
292.249	32407	149	1409
292.256	32408	150	1409
292.264	32410	150	1409
292.268	32411	148	1409
292.276	32412	150	209
292.278	32413	151	1409
292.288	32414	154	1409
292.293	32415	153	1412
292.303	32418	149	1409
292.312	32419	152	1412
292.316	32420	148	209
292.321	32421	152	1409
292.328	32422	153	1409
292.336	32423	153	209
292.341	32424	151	1412
292.348	32425	153	1409
292.353	32426	151	1409
292.36	32427	152	209
292.362	32428	153	1409
292.37	32429	154	1409
292.372	32430	150	209
292.375	32431	152	1409
292.382	32432	153	1409
292.388	32433	152	209
292.39	32434	154	1409
292.399	32435	156	1409
292.405	32436	156	209
292.407	32437	157	1409
292.415	32439	151	209
292.42	32440	155	1409
292.424	32441	154	1409
292.432	32442	155	209
292.435	32443	156	1412
292.44	32444	155	1409
292.447	32445	155	1412
292.454	32446	156	1409
292.459	32447	156	209
292.464	32448	159	1409
292.471	32449	159	1409
292.474	32450	156	212
292.475	32451	156	209
292.477	32453	151	1409
292.485	32454	152	209
292.487	32455	153	1409
292.495	32456	155	1409
292.504	32458	157	1409
292.505	32459	151	212
292.512	32461	151	1409
292.52	32462	152	209
292.522	32463	154	1409
292.529	32464	155	1409
292.537	32465	155	209
292.539	32466	157	1409
292.545	32468	150	209
292.547	32469	151	1409
292.554	32470	152	1409
292.558	32471	149	209
292.56	32472	151	1409
292.567	32473	151	1409
292.57	32474	148	209
292.573	32475	149	1409
292.58	32476	149	1409
292.588	32477	151	209
292.59	32478	153	1409
292.597	32479	154	1409
292.602	32480	152	209
292.605	32481	153	1409
292.61	32482	152	1409
292.613	32483	149	209
292.615	32484	150	1412
292.623	32485	152	1409
292.625	32486	149	1409
292.631	32487	150	209
292.638	32489	151	1409
292.641	32490	149	209
292.645	32491	153	1409
292.648	32492	150	1409
292.651	32493	149	209
292.658	32495	148	1409
292.663	32496	149	209
292.671	32497	150	1409
292.676	32498	150	1409
292.681	32499	150	1412
292.686	32500	150	209
292.688	32501	152	1409
292.697	32502	156	1409
292.7	32503	154	209
292.702	32504	155	1409
292.703	32505	148	212
292.705	32506	151	1409
292.713	32507	151	1412
292.721	32508	153	209
292.723	32509	155	1409
292.726	32510	152	1409
292.729	32511	147	209
292.736	32512	153	1409
292.744	32513	152	1409
292.751	32514	150	1412
292.761	32515	152	209
292.763	32516	154	1409
292.773	32517	154	1409
292.778	32518	152	209
292.783	32519	154	1409
292.795	32520	158	1409
292.812	32523	157	1409
292.82	32524	156	209
292.822	32525	157	1409
292.831	32526	158	1409
292.837	32527	157	209
292.839	32528	159	1409
292.847	32529	159	1412
292.856	32530	162	1409
292.857	32531	157	209
292.859	32532	158	1409
292.866	32533	159	1409
292.877	32535	156	209
292.879	32536	158	1409
292.884	32537	157	1409
292.889	32538	155	209
292.894	32539	158	1409
292.899	32540	157	1409
292.905	32541	156	209
292.909	32543	154	1409
292.917	32544	156	209
292.919	32545	157	1409
292.927	32547	151	209
292.932	32548	155	1409
292.935	32549	151	1409
292.94	32550	150	209
292.944	32551	154	1409
292.952	32552	155	1409
292.957	32553	153	209
292.962	32555	151	1409
292.965	32556	147	209
292.975	32558	150	1409
292.977	32559	147	209
292.98	32560	148	1409
292.99	32561	151	1409
292.99	32562	145	209
292.992	32563	147	1409
293.002	32564	149	1409
293.008	32565	149	209
293.01	32566	150	1409
293.015	32567	149	212
293.017	32568	151	1412
293.025	32569	151	1409
293.032	32570	153	209
293.034	32571	154	1409
293.04	32572	152	1409
293.047	32573	154	209
293.049	32574	155	1409
293.054	32575	154	1409
293.056	32576	148	209
293.058	32577	149	1409
293.065	32578	151	1409
293.07	32579	149	209
293.072	32580	151	1409
293.082	32581	154	1412
293.087	32582	153	1409
293.092	32583	151	209
293.095	32584	152	1409
293.104	32585	155	1409
293.11	32586	154	209
293.117	32588	154	1412
293.122	32589	153	1409
293.129	32590	154	209
293.134	32591	157	1409
293.139	32592	156	1412
293.146	32593	157	1409
293.149	32594	154	209
293.151	32595	155	1409
293.161	32596	158	1409
293.162	32597	152	209
293.166	32598	156	1409
293.174	32599	157	1412
293.181	32600	157	1409
293.188	32601	158	1412
293.196	32602	160	209
293.198	32603	161	1409
293.203	32604	159	1409
293.206	32605	156	209
293.208	32606	158	1409
293.216	32607	158	1409
293.216	32608	153	209
293.219	32609	154	1409
293.226	32610	155	1409
293.236	32612	157	1409
293.243	32613	158	1409
293.249	32614	157	209
293.254	32616	155	1409
293.257	32617	152	209
293.259	32618	153	1409
293.266	32619	153	1409
293.271	32620	153	209
293.273	32621	154	1409
293.283	32622	157	1409
293.29	32624	156	1409
293.297	32625	158	1409
293.3	32626	154	209
293.308	32628	155	1409
293.311	32629	150	209
293.315	32630	154	1409
293.323	32631	155	1412
293.33	32632	157	1409
293.333	32633	153	209
293.336	32634	155	1409
293.346	32636	151	209
293.348	32637	153	1409
293.354	32638	153	1409
293.357	32639	149	209
293.361	32640	153	1409
293.368	32641	153	1409
293.376	32642	155	209
293.386	32644	156	1409
293.389	32645	153	209
293.396	32647	153	1409
293.401	32648	152	209
293.404	32649	153	1409
293.411	32650	154	1409
293.416	32651	153	209
293.419	32653	148	1409
293.426	32654	150	209
293.428	32655	151	1409
293.438	32656	154	1409
293.444	32657	153	212
293.444	32658	153	209
293.451	32660	154	1409
293.452	32661	149	209
293.457	32662	153	1412
293.461	32663	153	1409
293.468	32664	154	1409
293.472	32665	152	209
293.474	32667	149	1409
293.48	32668	149	209
293.485	32670	148	1409
293.488	32671	146	212
293.488	32672	146	209
293.498	32674	145	1409
293.508	32675	149	1412
293.513	32676	149	209
293.518	32679	144	209
293.528	32680	147	1409
293.531	32681	145	1409
293.536	32682	145	209
293.543	32683	146	1412
293.553	32684	148	1409
293.562	32685	149	1409
293.57	32686	148	209
293.572	32687	150	1409
293.582	32688	151	1409
293.592	32689	151	1412
293.599	32690	151	1412
293.607	32691	150	209
293.61	32692	152	1409
293.622	32693	154	1409
293.634	32694	158	1412
293.642	32695	157	209
293.644	32696	158	1409
293.654	32697	159	1409
293.663	32698	161	1412
293.669	32699	159	209
293.671	32700	161	1409
293.681	32702	159	209
293.683	32703	160	1409
293.696	32705	159	1412
293.701	32706	157	1409
293.713	32708	157	209
293.715	32709	159	1409
293.725	32710	162	1409
293.73	32711	161	1412
293.739	32712	163	1412
293.752	32715	161	1409
293.757	32716	161	209
293.759	32717	162	1409
293.765	32718	161	1409
293.77	32719	159	209
293.772	32720	160	1409
293.78	32722	156	209
293.782	32723	158	1409
293.792	32724	160	1409
293.793	32725	155	209
293.797	32726	159	1409
293.802	32727	156	1409
293.81	32728	158	209
293.817	32730	158	1409
293.824	32732	158	1409
293.831	32733	159	1409
293.835	32734	155	209
293.842	32736	155	1409
293.845	32737	151	209
293.847	32738	154	1409
293.854	32739	154	1409
293.858	32740	151	209
293.862	32741	155	1409
293.87	32743	150	209
293.872	32744	151	1409
293.877	32745	150	1409
293.885	32746	150	1412
293.892	32747	152	209
293.9	32749	152	1412
293.912	32750	157	1409
293.915	32751	153	209
293.917	32752	155	1409
293.927	32754	152	1409
293.932	32755	151	209
293.94	32757	151	1409
293.945	32758	150	209
293.947	32759	151	1409
293.95	32760	148	212
293.957	32761	154	1412
293.962	32762	153	1409
293.968	32763	151	209
293.97	32764	152	1409
293.977	32765	153	1409
293.983	32766	152	209
293.985	32767	153	1412
293.992	32768	155	1409
294	32769	156	1409
294.002	32770	152	209
294.005	32771	153	1409
294.016	32773	151	209
294.018	32774	152	1409
294.025	32775	153	1412
294.03	32776	153	212
294.033	32778	148	209
294.036	32779	149	1409
294.043	32780	150	1412
294.052	32781	153	1409
294.057	32782	152	209
294.06	32783	153	1409
294.069	32784	157	1409
294.073	32785	153	209
294.075	32786	155	1409
294.077	32787	151	1412
294.087	32788	153	1409
294.092	32789	153	209
294.097	32790	157	1409
294.102	32791	155	1409
294.107	32792	154	1412
294.112	32793	153	209
294.115	32794	154	1409
294.125	32795	157	1409
294.125	32796	152	209
294.132	32798	152	1412
294.142	32799	154	1409
294.15	32800	156	1412
294.157	32801	156	209
294.159	32802	158	1409
294.162	32803	155	1409
294.167	32804	153	209
294.174	32806	153	1409
294.183	32807	155	209
294.187	32809	152	1409
294.197	32811	155	1409
294.205	32813	149	209
294.21	32814	153	1409
294.215	32815	152	1409
294.222	32816	152	1412
294.23	32817	154	209
294.232	32818	156	1409
294.241	32819	158	1409
294.247	32821	152	209
294.25	32822	153	1409
294.257	32823	154	1409
294.26	32824	150	209
294.262	32825	152	1409
294.27	32826	152	1409
294.279	32828	155	1409
294.284	32829	154	1409
294.29	32830	155	209
294.292	32831	156	1409
294.294	32832	154	1409
294.3	32833	155	209
294.305	32835	153	1409
294.31	32836	153	209
294.312	32837	154	1409
294.317	32838	154	1409
294.322	32839	155	209
294.33	32841	155	1409
294.335	32842	152	1412
294.342	32843	154	209
294.354	32845	155	1409
294.359	32846	153	209
294.364	32847	155	1409
294.369	32848	155	1409
294.373	32849	153	209
294.378	32850	153	1412
294.385	32851	152	1409
294.394	32852	153	1412
294.4	32853	150	212
294.407	32854	156	1409
294.414	32855	154	1412
294.42	32856	151	209
294.422	32857	153	1409
294.432	32858	154	1409
294.44	32859	152	209
294.452	32861	154	1409
294.462	32862	156	1412
294.467	32863	153	209
294.47	32864	154	1409
294.479	32865	154	1409
294.487	32866	153	212
294.488	32867	153	209
294.497	32869	155	1409
294.5	32870	151	209
294.502	32871	153	1409
294.51	32872	154	1412
294.517	32873	154	1409
294.524	32874	156	209
294.526	32875	157	1409
294.539	32877	157	1412
294.542	32878	153	209
294.547	32879	156	1409
294.549	32880	153	1409
294.557	32881	153	209
294.559	32882	155	1412
294.571	32884	153	1409
294.577	32885	154	209
294.579	32886	155	1409
294.586	32887	155	1409
294.589	32888	152	209
294.594	32889	155	1409
294.599	32890	154	1409
294.604	32891	152	209
294.606	32892	154	1409
294.614	32893	155	1409
294.622	32894	156	209
294.63	32897	150	209
294.634	32898	154	1409
294.642	32899	155	1409
294.645	32900	151	209
294.649	32901	155	1409
294.656	32902	156	1409
294.666	32903	158	1412
294.669	32904	155	209
294.676	32906	154	1409
294.683	32907	156	209
294.686	32908	157	1409
294.693	32909	157	1409
294.708	32912	158	1412
294.716	32914	153	209
294.72	32915	157	1409
294.73	32916	160	1409
294.733	32917	156	209
294.735	32918	157	1409
294.745	32919	161	1409
294.752	32920	161	1412
294.762	32922	164	1409
294.767	32923	162	1409
294.774	32925	162	1409
294.784	32927	159	1412
294.787	32928	155	209
294.789	32929	156	1409
294.797	32930	158	1409
294.804	32931	159	209
294.811	32933	159	1409
294.817	32934	157	209
294.819	32935	160	1409
294.827	32936	160	1409
294.829	32937	157	209
294.832	32938	158	1409
294.837	32939	156	1412
294.839	32940	153	1412
294.848	32941	155	1409
294.854	32942	155	209
294.856	32943	156	1409
294.864	32944	157	1409
294.865	32945	151	209
294.867	32946	152	1409
294.875	32947	153	1409
294.882	32948	154	1412
294.887	32949	153	209
294.898	32952	149	209
294.9	32953	151	1409
294.906	32954	148	212
294.908	32955	150	1412
294.915	32956	151	1409
294.922	32957	152	1412
294.927	32958	150	209
294.93	32959	151	1409
294.937	32960	153	1409
294.943	32961	151	209
294.95	32963	151	1409
294.958	32965	151	1409
294.96	32966	148	212
294.966	32968	146	209
294.973	32969	152	1409
294.974	32970	146	212
294.976	32971	148	1409
294.983	32972	148	1412
294.988	32973	147	209
294.99	32974	148	1409
295	32975	151	1409
295.006	32976	150	209
295.01	32977	154	1409
295.016	32978	152	1412
295.023	32979	153	1409
295.024	32980	147	209
295.029	32981	151	1409
295.031	32982	148	1409
295.038	32983	148	209
295.041	32984	149	1409
295.053	32986	149	209
295.056	32987	150	1409
295.065	32988	154	1409
295.071	32989	152	209
295.075	32990	156	1409
295.083	32991	157	1409
295.086	32992	153	209
295.091	32994	151	1409
295.098	32995	152	209
295.101	32996	153	1409
295.106	32997	152	1412
295.111	32998	152	1412
295.117	32999	154	1409
295.123	33000	153	209
295.125	33001	156	1409
295.132	33003	151	209
295.136	33004	155	1409
295.141	33005	154	1409
295.144	33006	152	209
295.152	33008	152	1412
295.154	33009	149	1409
295.159	33010	150	212
295.16	33011	149	209
295.172	33014	148	1409
295.189	33015	149	209
295.192	33016	151	1409
295.201	33017	151	1409
295.209	33018	149	209
295.214	33019	152	1409
295.223	33020	153	1409
295.231	33021	151	209
295.233	33022	152	1409
295.243	33023	151	1409
295.253	33024	152	209
295.258	33025	155	1409
295.268	33026	156	1412
295.274	33027	154	1409
295.283	33028	152	209
295.285	33029	154	1409
295.295	33030	154	1412
295.309	33031	159	1409
295.317	33032	157	209
295.322	33033	160	1409
295.329	33034	161	1409
295.334	33035	159	209
295.339	33036	162	1409
295.344	33037	160	1412
295.351	33038	161	1409
295.356	33039	159	209
295.361	33040	162	1409
295.366	33041	160	1412
295.375	33042	163	1409
295.39	33045	161	1412
295.399	33046	164	1412
295.406	33047	164	1409
295.412	33048	162	209
295.414	33049	164	1409
295.424	33050	166	1409
295.427	33051	163	209
295.432	33053	160	1409
295.44	33054	160	209
295.442	33055	162	1409
295.449	33056	162	1409
295.453	33057	157	209
295.455	33058	159	1409
295.46	33059	157	1409
295.47	33061	159	1409
295.475	33062	156	1409
295.48	33063	155	209
295.49	33066	150	209
295.495	33067	154	1409
295.5	33068	152	1409
295.505	33069	150	209
295.507	33070	151	1409
295.517	33071	153	1409
295.525	33073	152	1409
295.532	33074	153	1409
295.538	33075	151	209
295.542	33076	155	1409
295.548	33077	153	1409
295.553	33078	151	209
295.555	33079	152	1409
295.56	33080	150	1409
295.57	33081	153	209
295.575	33082	157	1409
295.579	33083	155	1409
295.583	33084	151	209
295.588	33085	155	1409
295.591	33086	150	212
295.593	33087	152	1412
295.598	33088	150	1409
295.604	33089	148	209
295.606	33090	150	1409
295.611	33091	147	1409
295.617	33092	147	209
295.619	33093	148	1409
295.626	33094	148	1409
295.631	33095	146	1412
295.639	33096	146	209
295.641	33097	147	1409
295.649	33098	148	1409
295.654	33099	145	209
295.656	33100	147	1409
295.665	33101	149	1409
295.673	33102	150	212
295.673	33103	149	209
295.676	33104	150	1409
295.685	33105	153	1409
295.688	33106	149	209
295.691	33107	150	1412
295.7	33108	153	1412
295.706	33109	151	1409
295.713	33110	151	1409
295.721	33111	152	209
295.723	33112	154	1409
295.731	33113	153	212
295.735	33114	157	1409
295.741	33115	155	209
295.748	33117	155	1409
295.754	33118	153	209
295.756	33119	155	1409
295.763	33120	154	1409
295.771	33122	154	1409
295.778	33123	154	1409
295.786	33124	155	209
295.795	33126	157	1409
295.802	33127	156	209
295.805	33128	157	1409
295.812	33129	158	1409
295.815	33130	154	209
295.817	33131	155	1409
295.827	33132	158	1409
295.832	33133	156	209
295.837	33134	159	1409
295.844	33135	159	1409
295.851	33136	160	209
295.854	33137	161	1409
295.863	33138	164	1409
295.867	33139	160	209
295.876	33141	161	1409
295.882	33142	159	209
295.884	33143	160	1409
295.889	33144	159	1409
295.895	33145	157	209
295.904	33147	158	1409
295.905	33148	153	209
295.917	33150	156	1409
295.92	33151	153	209
295.929	33153	154	1409
295.935	33154	152	209
295.937	33155	155	1409
295.942	33156	153	1409
295.949	33158	155	1409
295.959	33160	153	1409
295.962	33161	150	209
295.967	33163	149	1409
295.974	33164	151	212
295.977	33165	153	209
295.982	33167	151	1409
295.987	33168	152	209
295.999	33169	153	1412
296.005	33170	152	1409
296.007	33171	150	1409
296.014	33172	151	209
296.017	33173	153	1409
296.022	33174	152	1409
296.027	33175	153	209
296.032	33176	154	1409
296.037	33177	154	1409
296.042	33178	150	209
296.053	33180	150	1409
296.06	33181	149	209
296.063	33182	150	1409
296.07	33183	148	1409
296.08	33184	148	1412
296.088	33185	147	209
296.09	33186	149	1409
296.104	33187	153	1409
296.114	33188	154	1412
296.124	33189	154	1412
296.132	33190	154	209
296.137	33191	156	1412
296.144	33192	155	1409
296.151	33193	155	1409
296.157	33194	154	212
296.157	33195	153	209
296.16	33196	154	1409
296.167	33197	155	1412
296.177	33198	157	1412
296.191	33200	159	1412
296.192	33201	153	209
296.202	33203	154	1409
296.207	33204	152	209
296.21	33205	154	1409
296.215	33206	153	1409
296.218	33207	148	209
296.22	33208	150	1409
296.227	33209	150	1409
296.232	33210	148	209
296.237	33211	151	1409
296.242	33212	150	1409
296.25	33213	150	209
296.252	33214	152	1409
296.261	33215	154	1412
296.269	33216	155	1409
296.272	33217	151	209
296.277	33218	154	1409
296.286	33219	157	1409
296.289	33220	153	209
296.291	33221	155	1409
296.299	33222	155	1409
296.304	33223	154	209
296.309	33224	157	1409
296.314	33225	155	1409
296.319	33226	154	209
296.322	33227	155	1409
296.331	33228	158	1409
296.337	33229	156	209
296.342	33231	154	1409
296.349	33232	154	209
296.352	33233	155	1409
296.359	33234	156	1409
296.362	33235	152	209
296.365	33236	153	1409
296.372	33237	153	1409
296.38	33239	153	1409
296.388	33241	148	209
296.39	33242	150	1409
296.4	33243	152	1412
296.402	33244	148	1412
296.414	33245	153	1409
296.419	33246	151	209
296.421	33247	152	1409
296.431	33248	155	1409
296.441	33250	156	1409
296.448	33251	156	1409
296.454	33252	155	209
296.456	33253	157	1409
296.461	33254	155	1409
296.469	33255	156	209
296.471	33256	157	1409
296.476	33257	154	1409
296.482	33258	154	209
296.486	33259	158	1409
296.494	33260	158	1409
296.496	33261	154	209
296.499	33262	155	1409
296.506	33263	156	1409
296.514	33264	156	209
296.521	33266	155	1409
296.527	33267	154	209
296.529	33268	155	1409
296.534	33269	153	1409
296.539	33270	152	209
296.542	33271	153	1409
296.553	33273	151	1409
296.561	33274	151	209
296.563	33275	153	1409
296.573	33276	155	1409
296.573	33277	150	209
296.58	33278	156	1409
296.585	33279	154	212
296.59	33280	157	1409
296.598	33281	158	1412
296.603	33282	156	209
296.607	33283	160	1409
296.615	33284	160	1409
296.616	33285	154	209
296.618	33286	155	1409
296.627	33287	158	1409
296.633	33288	157	209
296.636	33289	158	1409
296.643	33290	158	1409
296.648	33291	156	212
296.648	33292	156	209
296.651	33293	157	1409
296.656	33294	155	1409
296.661	33295	153	209
296.663	33296	155	1409
296.67	33297	155	1409
296.678	33299	154	1409
296.685	33300	156	1409
296.686	33301	149	209
296.698	33303	153	1409
296.703	33304	152	209
296.71	33306	151	1409
296.716	33307	149	209
296.718	33308	151	1409
296.723	33309	149	1412
296.733	33310	152	1409
296.738	33311	150	209
296.741	33312	151	1409
296.75	33313	154	1409
296.76	33314	156	1412
296.768	33316	157	1409
296.77	33317	154	1409
296.773	33318	151	209
296.778	33319	154	1409
296.781	33320	152	1409
296.79	33323	150	1409
296.798	33324	153	209
296.801	33325	154	1409
296.805	33326	153	1409
296.809	33327	152	209
296.811	33328	153	1409
296.818	33329	154	1409
296.819	33330	149	209
296.821	33331	150	1409
296.831	33332	153	1409
296.839	33333	153	209
296.846	33335	153	1409
296.849	33336	149	209
296.852	33337	151	1409
296.859	33339	146	209
296.862	33340	147	1409
296.874	33341	150	1409
296.882	33342	150	212
296.882	33343	148	209
296.885	33344	149	1409
296.892	33345	148	1409
296.902	33346	148	1412
296.914	33347	151	1412
296.922	33348	149	209
296.924	33349	151	1409
296.936	33350	153	1409
296.944	33351	151	209
296.946	33352	153	1409
296.958	33353	156	1409
296.969	33354	156	209
296.971	33355	158	1409
296.977	33356	154	212
296.984	33358	154	209
296.987	33359	155	1409
296.996	33360	157	1409
297.004	33361	158	212
297.013	33364	159	1409
297.018	33365	157	1409
297.026	33366	157	209
297.028	33367	158	1409
297.034	33369	150	209
297.041	33370	156	1409
297.048	33371	157	1409
297.055	33372	158	1412
297.06	33373	156	209
297.065	33374	159	1409
297.069	33375	157	1412
297.077	33376	157	1409
297.085	33377	158	209
297.087	33378	159	1409
297.092	33379	157	1409
297.1	33380	158	209
297.102	33381	159	1409
297.111	33382	162	1409
297.117	33383	160	209
297.119	33384	162	1409
297.124	33385	160	1409
297.129	33386	158	209
297.131	33387	159	1409
297.135	33389	150	209
297.142	33390	155	1409
297.147	33391	154	1409
297.155	33392	155	209
297.158	33393	156	1409
297.163	33394	154	1409
297.168	33395	152	209
297.175	33397	151	1409
297.183	33398	152	209
297.188	33400	149	1412
297.197	33401	152	1409
297.203	33402	150	209
297.21	33404	150	1409
297.218	33405	150	1412
297.223	33406	149	212
297.228	33408	151	1409
297.235	33409	151	1409
297.242	33410	152	1412
297.247	33411	151	209
297.252	33412	154	1409
297.259	33413	155	1409
297.264	33414	153	209
297.267	33415	154	1409
297.277	33416	157	1409
297.279	33417	153	209
297.282	33418	154	1409
297.291	33419	157	1409
297.297	33420	155	209
297.299	33421	156	1409
297.306	33422	157	1409
297.311	33423	155	209
297.314	33424	156	1409
297.324	33425	159	1409
297.326	33426	155	209
297.329	33427	157	1409
297.339	33428	159	1409
297.343	33429	158	1412
297.346	33430	154	209
297.349	33431	155	1409
297.356	33432	155	1409
297.363	33433	155	209
297.365	33434	157	1409
297.372	33435	157	1409
297.378	33436	155	209
297.382	33437	159	1409
297.389	33438	159	1412
297.397	33439	160	1412
297.402	33440	158	1409
297.41	33441	158	209
297.412	33442	160	1409
297.422	33443	162	1409
297.427	33444	160	1412
297.434	33445	161	209
297.437	33446	162	1409
297.442	33447	162	212
297.445	33449	157	209
297.448	33450	158	1409
297.453	33451	156	1409
297.462	33453	158	1409
297.469	33455	150	209
297.478	33457	152	1409
297.491	33460	149	1409
297.499	33461	150	209
297.501	33462	152	1409
297.51	33464	146	209
297.519	33466	147	1409
297.522	33467	144	209
297.527	33469	142	1409
297.535	33470	142	209
297.537	33471	144	1409
297.547	33472	147	1409
297.553	33473	145	209
297.56	33475	145	1409
297.568	33476	145	209
297.57	33477	146	1409
297.58	33478	149	1409
297.585	33479	148	209
297.59	33480	151	1409
297.595	33481	149	1409
297.598	33482	146	209
297.603	33483	149	1409
297.61	33484	151	1409
297.613	33485	149	209
297.622	33487	152	1409
297.625	33488	149	209
297.628	33489	151	1409
297.633	33490	151	1409
297.638	33491	151	209
297.643	33492	154	1409
297.65	33493	154	1412
297.658	33495	152	209
297.66	33496	154	1409
297.665	33497	153	212
297.672	33499	154	1412
297.682	33500	154	1412
297.692	33501	152	212
297.695	33502	154	1412
297.702	33503	153	209
297.707	33504	155	1409
297.715	33505	154	1412
297.727	33506	157	1412
297.736	33507	158	1412
297.746	33508	158	1409
297.754	33509	156	209
297.758	33510	160	1409
297.768	33511	160	1409
297.778	33512	161	1412
297.79	33514	163	1409
297.797	33515	161	1409
297.806	33516	160	209
297.808	33517	160	1409
297.817	33518	161	1409
297.822	33519	159	209
297.825	33520	160	1409
297.832	33521	161	1409
297.841	33523	155	209
297.843	33524	157	1409
297.848	33525	155	1409
297.854	33526	153	209
297.859	33528	152	1409
297.862	33529	147	1412
297.87	33530	149	209
297.879	33532	150	1409
297.884	33533	147	1409
297.892	33534	148	209
297.899	33536	148	1409
297.902	33537	144	209
297.905	33538	145	1409
297.915	33539	148	1409
297.92	33540	146	209
297.922	33541	147	1409
297.93	33542	148	1409
297.934	33543	146	209
297.937	33544	147	1409
297.947	33545	150	1409
297.949	33546	147	209
297.957	33547	152	1409
297.959	33548	149	1409
297.967	33549	150	209
297.969	33550	151	1409
297.977	33551	151	1409
297.985	33552	152	209
297.987	33553	154	1409
297.992	33554	152	212
298	33556	152	209
298.002	33557	153	1409
298.009	33558	153	1409
298.013	33559	149	209
298.017	33560	153	1409
298.022	33561	150	1409
298.028	33562	149	209
298.03	33563	151	1409
298.037	33564	151	1409
298.047	33565	153	1412
298.052	33566	152	209
298.055	33567	153	1409
298.064	33568	157	1409
298.069	33569	154	1412
298.076	33570	155	209
298.093	33573	157	1412
298.099	33574	156	209
298.104	33575	159	1409
298.106	33576	155	1412
298.118	33577	159	1409
298.123	33578	158	209
298.126	33579	159	1409
298.133	33580	159	1409
298.138	33581	158	209
298.141	33582	159	1409
298.15	33583	161	1409
298.153	33584	158	209
298.161	33586	158	1409
298.166	33587	156	209
298.168	33588	158	1409
298.176	33589	158	1409
298.176	33590	152	209
298.186	33592	153	1409
298.187	33593	147	209
298.191	33594	151	1409
298.199	33595	151	1409
298.208	33596	154	1412
298.214	33597	152	209
298.219	33599	149	1409
298.226	33600	150	209
298.229	33601	151	1409
298.236	33602	151	1409
298.243	33603	152	209
298.246	33604	153	1409
298.251	33605	152	1409
298.258	33606	153	209
298.261	33607	154	1409
298.268	33608	155	1409
298.276	33609	155	209
298.283	33611	154	1409
298.286	33612	151	209
298.291	33613	155	1409
298.298	33614	155	1412
298.303	33615	152	1412
298.313	33616	154	1409
298.319	33617	153	209
298.328	33619	154	1409
298.334	33620	153	209
298.336	33621	155	1409
298.347	33623	151	209
298.349	33624	153	1409
298.354	33625	150	1409
298.362	33626	151	209
298.364	33627	153	1412
298.371	33628	152	1409
298.378	33629	152	1409
298.384	33630	151	209
298.386	33631	153	1409
298.393	33632	153	1412
298.403	33633	154	1409
298.408	33634	153	209
298.41	33635	154	1409
298.42	33636	157	1409
298.429	33638	151	209
298.431	33639	152	1409
298.44	33640	157	1409
298.446	33641	156	209
298.45	33643	155	1409
298.456	33644	154	209
298.46	33645	158	1409
298.463	33646	156	1409
298.471	33647	157	209
298.473	33648	159	1409
298.475	33649	155	1409
298.483	33651	156	1409
298.49	33652	157	1412
298.499	33653	161	1409
298.499	33654	156	209
298.502	33655	157	1409
298.505	33656	155	1409
298.512	33657	156	209
298.514	33658	158	1409
298.521	33659	158	1409
298.536	33660	157	1412
298.544	33661	157	209
298.556	33663	157	1412
298.566	33664	158	1409
298.574	33665	156	209
298.578	33666	160	1409
298.586	33667	158	1409
298.594	33668	156	209
298.612	33671	154	209
298.614	33672	155	1409
298.621	33673	153	1409
298.629	33674	152	209
298.632	33675	152	1412
298.644	33676	155	1409
298.649	33677	153	1409
298.657	33678	154	1412
298.662	33679	152	209
298.676	33682	152	209
298.679	33683	153	1409
298.69	33685	150	212
298.69	33686	149	209
298.7	33688	150	1409
298.708	33689	151	209
298.717	33691	152	1409
298.72	33692	148	209
298.729	33694	150	1409
298.739	33696	152	1409
298.744	33697	150	1409
298.749	33698	148	209
298.752	33699	149	1409
298.762	33700	152	1412
298.769	33701	153	1409
298.774	33702	150	209
298.777	33703	152	1409
298.784	33704	153	1409
298.789	33705	151	209
298.794	33706	154	1409
298.802	33707	154	1409
298.807	33708	152	209
298.809	33709	154	1409
298.819	33710	156	1412
298.826	33711	156	1412
298.833	33712	157	1409
298.841	33713	157	209
298.843	33714	159	1409
298.85	33715	159	1409
298.858	33716	159	209
298.86	33717	160	1409
298.865	33718	159	1409
298.873	33719	159	209
298.875	33720	160	1409
298.882	33721	161	1409
298.89	33722	161	1412
298.902	33724	160	1412
298.909	33725	159	1412
298.915	33726	158	209
298.921	33728	155	1409
298.928	33729	155	1412
298.935	33730	156	1412
298.943	33731	156	209
298.945	33732	157	1409
298.948	33733	153	212
298.95	33734	155	1409
298.958	33735	155	209
298.963	33737	153	1409
298.968	33738	151	209
298.971	33739	152	1409
298.978	33740	153	1409
298.981	33741	148	209
298.983	33742	150	1409
298.991	33743	150	1409
298.996	33744	148	209
299.006	33746	149	1409
299.009	33747	145	209
299.013	33748	149	1409
299.019	33749	147	1409
299.026	33750	148	209
299.031	33751	151	1409
299.036	33752	149	1409
299.039	33753	146	209
299.048	33755	147	1409
299.056	33756	148	209
299.058	33757	149	1409
299.069	33758	152	1409
299.074	33759	150	209
299.076	33760	152	1409
299.084	33761	152	1409
299.09	33762	151	209
299.092	33763	152	1409
299.097	33764	150	1409
299.106	33765	152	1412
299.114	33766	153	209
299.116	33767	154	1409
299.126	33768	156	1409
299.133	33769	156	1412
299.136	33770	152	209
299.14	33771	156	1409
299.147	33772	156	1409
299.154	33773	156	209
299.156	33775	150	1409
299.166	33776	152	1412
299.174	33777	153	209
299.176	33778	155	1409
299.181	33779	152	1409
299.189	33780	153	209
299.191	33781	155	1409
299.2	33782	157	1409
299.21	33784	158	1409
299.218	33785	158	1412
299.225	33786	159	1409
299.23	33787	157	209
299.238	33789	156	1409
299.243	33790	154	209
299.245	33791	155	1409
299.25	33792	154	1409
299.26	33793	156	1412
299.263	33794	152	209
299.266	33795	154	1409
299.275	33796	157	1409
299.28	33797	157	209
299.282	33798	159	1409
299.29	33799	160	1409
299.297	33802	156	1409
299.303	33803	156	209
299.305	33804	157	1409
299.313	33805	159	1409
299.32	33807	155	1409
299.327	33808	157	1409
299.332	33809	157	209
299.337	33810	155	1409
299.344	33811	157	1409
299.347	33812	154	209
299.35	33813	152	1409
299.359	33814	154	1409
299.365	33816	150	209
299.367	33817	151	1409
299.379	33818	152	1409
299.387	33819	151	209
299.392	33820	153	1409
299.401	33821	153	1409
299.41	33822	151	209
299.414	33823	155	1409
299.425	33824	155	212
299.427	33825	156	1409
299.43	33826	149	209
299.432	33827	150	1409
299.447	33828	154	1412
299.455	33829	153	1409
299.463	33830	150	209
299.465	33831	151	1409
299.477	33832	154	1409
299.483	33833	149	209
299.485	33834	150	1409
299.493	33835	150	1409
299.496	33836	147	212
299.501	33838	143	209
299.504	33839	145	1409
299.513	33840	147	1409
299.521	33841	147	212
299.522	33842	146	209
299.534	33844	150	1409
299.539	33845	148	209
299.541	33846	149	1409
299.549	33847	149	1409
299.556	33848	149	209
299.559	33849	150	1409
299.566	33850	150	1409
299.571	33851	147	1412
299.578	33852	148	209
299.58	33853	149	1409
299.59	33854	151	1409
299.595	33855	149	209
299.598	33856	151	1409
299.605	33857	150	1409
299.613	33858	151	209
299.615	33859	152	1409
299.625	33860	153	1409
299.631	33861	152	209
299.635	33862	156	1409
299.642	33863	155	1409
299.648	33864	153	209
299.65	33865	154	1409
299.66	33866	156	1409
299.665	33867	154	209
299.667	33868	156	1409
299.677	33869	157	1409
299.68	33870	153	209
299.684	33871	157	1409
299.694	33872	159	1409
299.7	33873	157	209
299.709	33875	158	1409
299.716	33876	158	1412
299.722	33877	155	209
299.726	33878	159	1409
299.733	33879	159	1409
299.741	33880	159	209
299.744	33881	160	1412
299.749	33882	158	1409
299.754	33883	156	1409
299.762	33884	157	209
299.772	33886	157	1409
299.779	33887	157	209
299.781	33888	159	1409
299.789	33889	158	1409
299.792	33890	154	209
299.796	33891	158	1409
299.801	33892	155	1409
299.809	33893	155	209
299.811	33894	157	1409
299.816	33895	154	1409
299.82	33896	150	209
299.822	33897	151	1409
299.829	33898	150	1409
299.835	33899	149	209
299.839	33900	153	1409
299.844	33901	150	1409
299.85	33902	148	209
299.852	33903	149	1409
299.861	33904	151	1409
299.865	33905	147	209
299.867	33906	148	1409
299.876	33907	150	1409
299.882	33908	149	209
299.884	33909	150	1409
299.894	33910	151	1409
299.899	33911	150	209
299.902	33912	151	1409
299.909	33913	151	1409
299.916	33914	151	1412
299.924	33915	150	209
299.927	33916	152	1409
299.936	33917	155	1409
299.942	33918	152	209
299.944	33919	153	1409
299.953	33920	156	1409
299.961	33921	156	209
299.964	33922	157	1409
299.968	33923	155	1409
299.976	33924	154	209
299.978	33925	156	1412
299.986	33926	156	1409
299.997	33928	152	209
299.999	33929	153	1409
