120	0
120	0
120	0
120	0
120	0
120	0
120	0
120	0
120	0
120	0
120	0
120.004	0
120.005	0
120.01	0
120.203	55
120.204	55
120.214	62
120.222	112
120.224	112
120.233	112
120.411	112
120.421	113
120.429	113
120.439	118
120.44	118
120.45	163
120.459	163
120.469	163
120.479	163
120.615	181
120.616	181
120.626	181
120.635	225
120.637	225
120.647	225
120.657	225
120.666	225
120.668	225
120.677	257
120.686	297
120.688	297
120.818	349
120.828	350
120.837	350
120.838	350
120.87	350
120.889	350
121.025	350
121.033	350
121.043	350
121.053	350
121.075	350
121.084	350
121.086	350
121.097	350
121.106	350
121.108	350
121.231	350
121.24	350
121.241	350
121.25	350
121.261	350
121.262	350
121.272	350
121.281	350
121.283	350
121.292	369
121.301	369
121.303	369
121.313	386
121.322	418
121.323	418
121.325	418
121.434	449
121.445	449
121.455	449
121.464	449
121.474	449
121.483	449
121.492	449
121.493	449
121.503	449
121.513	449
121.514	449
121.524	449
121.525	449
121.535	449
121.544	449
121.546	449
121.641	449
121.65	449
121.652	449
121.661	449
121.663	449
121.672	449
121.674	449
121.684	449
121.693	486
121.694	486
121.705	486
121.715	486
121.724	486
121.725	486
121.734	486
121.744	486
121.755	486
121.764	486
121.766	486
121.775	486
121.841	486
121.85	486
121.852	486
121.862	494
121.872	494
121.873	494
121.883	503
121.893	503
121.894	503
121.903	503
121.913	537
121.915	537
121.923	542
121.933	596
121.934	596
121.945	639
121.954	662
121.955	662
121.963	689
121.971	689
121.973	689
121.98	691
121.988	691
121.996	691
121.997	691
122.005	691
122.014	691
122.015	691
122.023	691
122.031	691
122.032	691
122.04	691
122.049	769
122.051	769
122.057	769
122.065	769
122.066	769
122.074	769
122.081	769
122.087	769
122.095	769
122.096	769
122.104	769
122.11	769
122.118	769
122.119	769
122.127	769
122.134	769
122.141	769
122.156	769
122.162	769
122.169	769
122.177	769
122.185	769
122.186	769
122.193	769
122.2	769
122.202	769
122.209	769
122.21	769
122.217	769
122.226	769
122.227	769
122.233	769
122.24	769
122.241	769
122.253	769
122.261	806
122.262	806
122.268	846
122.274	907
122.275	907
122.281	907
122.282	907
122.289	907
122.29	907
122.296	981
122.301	1023
122.302	1023
122.308	1023
122.313	1023
122.314	1023
122.319	1023
122.326	1023
122.33	1023
122.336	1048
122.341	1048
122.342	1048
122.347	1048
122.353	1048
122.358	1048
122.36	1111
122.364	1111
122.369	1111
122.37	1111
122.376	1111
122.381	1111
122.382	1111
122.386	1111
122.391	1143
122.392	1143
122.396	1143
122.402	1143
122.403	1143
122.408	1143
122.413	1143
122.418	1143
122.423	1143
122.423	1143
122.427	1143
122.432	1143
122.433	1143
122.439	1143
122.443	1143
122.448	1143
122.449	1143
122.453	1143
122.459	1143
122.46	1143
122.465	1143
122.47	1143
122.471	1143
122.476	1143
122.481	1143
122.484	1143
122.485	1143
122.49	1143
122.491	1143
122.496	1143
122.502	1143
122.506	1143
122.506	1143
122.511	1143
122.519	1143
122.519	1143
122.526	1143
122.536	1148
122.536	1148
122.543	1148
122.548	1148
122.553	1148
122.554	1148
122.565	1148
122.569	1148
122.574	1156
122.579	1161
122.58	1161
122.587	1161
122.587	1161
122.592	1161
122.6	1161
122.604	1161
122.606	1161
122.611	1161
122.616	1161
122.621	1161
122.621	1161
122.621	1161
122.626	1225
122.631	1225
122.631	1225
122.636	1225
122.64	1225
122.641	1263
122.642	1263
122.647	1263
122.651	1289
122.655	1318
122.66	1318
122.661	1318
122.665	1318
122.668	1318
122.673	1318
122.673	1318
122.678	1318
122.682	1323
122.686	1323
122.687	1323
122.691	1419
122.693	1419
122.697	1420
122.701	1420
122.701	1420
122.704	1420
122.708	1420
122.713	1480
122.714	1480
122.717	1480
122.721	1480
122.722	1480
122.725	1480
122.728	1480
122.732	1480
122.736	1480
122.737	1480
122.74	1480
122.744	1480
122.745	1480
122.749	1480
122.752	1480
122.754	1480
122.758	1480
122.762	1480
122.765	1480
122.769	1480
122.77	1480
122.774	1480
122.777	1480
122.778	1480
122.781	1480
122.785	1480
122.785	1480
122.789	1480
122.794	1480
122.794	1480
122.798	1480
122.802	1480
122.802	1480
122.805	1480
122.809	1480
122.81	1480
122.814	1480
122.817	1480
122.824	1480
122.832	1480
122.832	1480
122.836	1480
122.836	1480
122.84	1480
122.841	1480
122.845	1480
122.849	1480
122.855	1480
122.858	1480
122.862	1480
122.866	1480
122.87	1480
122.87	1480
122.871	1480
122.876	1480
122.879	1480
122.884	1480
122.885	1480
122.889	1480
122.889	1480
122.893	1480
122.896	1480
122.896	1480
122.903	1480
122.905	1480
122.909	1480
122.913	1480
122.917	1480
122.917	1480
122.921	1480
122.922	1480
122.926	1480
122.927	1480
122.93	1480
122.93	1480
122.935	1480
122.939	1480
122.94	1480
122.942	1480
122.946	1480
122.947	1480
122.951	1480
122.955	1489
122.956	1489
122.956	1489
122.959	1500
122.963	1500
122.965	1514
122.965	1514
122.968	1531
122.973	1568
122.973	1568
122.976	1621
122.979	1658
122.98	1658
122.983	1690
122.986	1690
122.987	1690
122.991	1722
122.991	1751
122.995	1788
122.998	1788
122.999	1788
123.001	1822
123.004	1831
123.007	1831
123.007	1831
123.01	1831
123.013	1831
123.015	1831
123.018	1831
123.021	1831
123.023	1832
123.024	1832
123.028	1858
123.031	1858
123.033	1921
123.033	1921
123.036	1921
123.039	1921
123.042	1921
123.042	1921
123.045	1921
123.049	2006
123.05	2006
123.052	2006
123.053	2006
123.056	2006
123.058	2006
123.059	2006
123.061	2006
123.064	2006
123.064	2006
123.068	2032
123.071	2032
123.071	2032
123.073	2037
123.075	2037
123.076	2073
123.076	2073
123.077	2073
123.079	2073
123.082	2077
123.085	2077
123.085	2077
123.089	2077
123.092	2077
123.092	2077
123.095	2077
123.097	2077
123.098	2077
123.101	2077
123.103	2077
123.104	2077
123.106	2077
123.109	2077
123.112	2077
123.112	2077
123.115	2077
123.117	2077
123.12	2077
123.122	2077
123.122	2077
123.125	2077
123.128	2077
123.128	2077
123.131	2077
123.134	2077
123.134	2077
123.137	2077
123.137	2077
123.14	2077
123.143	2077
123.143	2077
123.146	2077
123.148	2077
123.152	2077
123.155	2077
123.155	2077
123.157	2077
123.16	2077
123.16	2077
123.164	2077
123.166	2077
123.169	2077
123.17	2077
123.172	2077
123.175	2077
123.178	2077
123.181	2077
123.183	2077
123.184	2077
123.186	2077
123.191	2077
123.193	2077
123.194	2077
123.194	2077
123.197	2077
123.201	2077
123.206	2077
123.208	2077
123.209	2077
123.211	2077
123.216	2077
123.218	2077
123.224	2077
123.226	2077
123.23	2077
123.23	2077
123.233	2077
123.233	2077
123.235	2077
123.238	2077
123.241	2077
123.243	2077
123.244	2077
123.246	2077
123.25	2077
123.251	2077
123.252	2077
123.255	2077
123.255	2077
123.258	2077
123.261	2077
123.261	2077
123.265	2077
123.265	2077
123.268	2077
123.268	2077
123.271	2077
123.274	2077
123.274	2077
123.279	2077
123.284	2077
123.284	2077
123.288	2077
123.288	2077
123.288	2077
123.289	2077
123.295	2077
123.297	2077
123.298	2077
123.3	2077
123.301	2077
123.304	2077
123.307	2077
123.31	2077
123.31	2077
123.313	2077
123.315	2077
123.317	2077
123.318	2077
123.322	2077
123.324	2077
123.326	2077
123.326	2077
123.33	2077
123.333	2077
123.333	2077
123.336	2077
123.34	2077
123.341	2077
123.345	2077
123.345	2077
123.347	2077
123.347	2077
123.35	2077
123.353	2083
123.356	2083
123.358	2083
123.359	2083
123.361	2083
123.365	2083
123.368	2083
123.368	2083
123.371	2083
123.373	2083
123.373	2083
123.376	2083
123.376	2083
123.379	2083
123.382	2083
123.382	2083
123.385	2083
123.385	2083
123.388	2083
123.39	2083
123.394	2083
123.397	2083
123.397	2083
123.398	2154
123.4	2162
123.403	2162
123.403	2162
123.406	2233
123.406	2233
123.409	2233
123.411	2233
123.412	2233
123.413	2233
123.416	2233
123.416	2233
123.42	2255
123.422	2255
123.425	2280
123.425	2280
123.427	2280
123.429	2301
123.429	2301
123.432	2301
123.434	2301
123.435	2301
123.438	2301
123.44	2301
123.443	2302
123.443	2302
123.446	2334
123.448	2334
123.45	2334
123.45	2334
123.452	2334
123.456	2334
123.456	2334
123.458	2334
123.461	2334
123.461	2334
123.463	2334
123.465	2334
123.467	2334
123.468	2334
123.47	2334
123.471	2334
123.473	2334
123.476	2334
123.479	2334
123.479	2334
123.482	2334
123.484	2334
123.485	2334
123.486	2334
123.488	2334
123.489	2334
123.492	2334
123.494	2334
123.496	2334
123.496	2334
123.499	2334
123.501	2334
123.501	2334
123.504	2334
123.507	2334
123.507	2334
123.507	2334
123.51	2334
123.512	2334
123.515	2334
123.518	2334
123.518	2334
123.52	2334
123.522	2334
123.522	2334
123.525	2334
123.525	2334
123.527	2334
123.531	2334
123.535	2334
123.535	2334
123.536	2334
123.54	2334
123.542	2334
123.543	2334
123.545	2334
123.55	2334
123.55	2334
123.552	2334
123.552	2334
123.557	2334
123.559	2334
123.563	2334
123.565	2334
123.567	2334
123.568	2334
123.568	2334
123.57	2334
123.572	2334
123.572	2334
123.576	2334
123.578	2334
123.58	2334
123.581	2334
123.583	2334
123.584	2334
123.585	2334
123.587	2334
123.59	2378
123.592	2378
123.593	2378
123.596	2378
123.598	2378
123.599	2378
123.6	2378
123.602	2378
123.604	2378
123.606	2378
123.607	2378
123.609	2378
123.611	2378
123.614	2378
123.616	2378
123.618	2378
123.621	2378
123.621	2378
123.623	2378
123.625	2378
123.625	2378
123.628	2378
123.63	2378
123.632	2378
123.633	2378
123.636	2383
123.637	2403
123.638	2403
123.638	2403
123.64	2403
123.643	2497
123.643	2497
123.645	2497
123.648	2497
123.65	2547
123.65	2547
123.652	2555
123.655	2576
123.658	2606
123.658	2606
123.66	2606
123.662	2606
123.663	2606
123.665	2611
123.665	2611
123.666	2629
123.668	2691
123.669	2691
123.671	2691
123.673	2691
123.675	2691
123.677	2691
123.679	2691
123.68	2691
123.682	2691
123.684	2708
123.686	2708
123.686	2708
123.688	2708
123.691	2769
123.693	2769
123.695	2778
123.697	2807
123.698	2807
123.7	2807
123.702	2807
123.702	2807
123.704	2807
123.706	2807
123.706	2807
123.708	2807
123.71	2807
123.71	2807
123.71	2807
123.712	2807
123.714	2807
123.714	2807
123.716	2807
123.718	2807
123.719	2807
123.722	2807
123.724	2807
123.725	2807
123.725	2807
123.727	2807
123.727	2807
123.729	2807
123.729	2807
123.731	2807
123.733	2807
123.734	2807
123.736	2807
123.739	2807
123.739	2807
123.74	2807
123.742	2807
123.745	2807
123.747	2807
123.747	2807
123.748	2807
123.75	2807
123.752	2807
123.753	2807
123.755	2807
123.755	2807
123.757	2807
123.759	2807
123.759	2807
123.762	2807
123.763	2807
123.764	2807
123.766	2807
123.768	2807
123.77	2807
123.77	2807
123.772	2807
123.775	2807
123.775	2807
123.776	2807
123.778	2807
123.781	2807
123.783	2807
123.784	2807
123.786	2807
123.788	2807
123.788	2807
123.79	2807
123.79	2807
123.792	2807
123.792	2807
123.795	2807
123.798	2807
123.798	2807
123.805	2807
123.807	2807
123.809	2807
123.809	2807
123.809	2807
123.814	2807
123.816	2807
123.816	2807
123.818	2807
123.821	2807
123.821	2807
123.823	2807
123.826	2807
123.828	2807
123.83	2807
123.83	2807
123.833	2807
123.837	2807
123.837	2807
123.84	2807
123.842	2807
123.842	2807
123.845	2807
123.849	2807
123.849	2807
123.849	2807
123.857	2807
123.859	2807
123.859	2807
123.859	2807
123.861	2807
123.864	2807
123.864	2807
123.866	2807
123.866	2807
123.868	2807
123.873	2807
123.873	2807
123.875	2807
123.875	2807
123.876	2807
123.88	2807
123.88	2807
123.883	2807
123.885	2807
123.885	2807
123.887	2807
123.889	2807
123.891	2807
123.891	2807
123.891	2807
123.893	2807
123.895	2807
123.897	2807
123.898	2807
123.9	2807
123.902	2807
123.906	2807
123.908	2807
123.909	2807
123.911	2807
123.911	2807
123.913	2807
123.916	2807
123.918	2807
123.918	2807
123.919	2807
123.922	2807
123.922	2807
123.923	2807
123.924	2807
123.926	2807
123.93	2807
123.933	2807
123.935	2807
123.935	2807
123.935	2807
123.937	2807
123.938	2807
123.941	2807
123.941	2807
123.943	2807
123.943	2807
123.946	2807
123.946	2807
123.947	2807
123.949	2807
123.951	2807
123.951	2807
123.953	2807
123.954	2807
123.956	2807
123.958	2807
123.96	2807
123.96	2807
123.962	2807
123.964	2807
123.966	2807
123.968	2807
123.97	2807
123.973	2807
123.973	2807
123.974	2807
123.975	2807
123.977	2807
123.98	2807
123.98	2807
123.982	2807
123.982	2807
123.984	2807
123.985	2807
123.987	2807
123.989	2807
123.991	2807
123.991	2807
123.993	2807
123.995	2807
123.995	2807
123.997	2807
123.998	2807
124	2807
124.002	2807
124.002	2807
124.004	2807
124.006	2807
124.006	2807
124.008	2807
124.01	2807
124.01	2807
124.011	2807
124.013	2807
124.014	2807
124.016	2807
124.018	2807
124.018	2807
124.02	2807
124.023	2807
124.024	2807
124.024	2807
124.026	2807
124.028	2807
124.03	2807
124.031	2807
124.033	2807
124.035	2807
124.037	2807
124.039	2807
124.041	2807
124.043	2807
124.046	2807
124.046	2807
124.048	2807
124.049	2807
124.049	2807
124.052	2807
124.054	2807
124.055	2807
124.056	2807
124.056	2807
124.056	2807
124.059	2807
124.06	2807
124.061	2807
124.064	2807
124.065	2807
124.067	2807
124.067	2807
124.069	2807
124.071	2807
124.071	2807
124.074	2807
124.076	2807
124.077	2807
124.079	2807
124.08	2807
124.082	2807
124.082	2807
124.084	2807
124.086	2807
124.086	2807
124.089	2807
124.09	2807
124.092	2807
124.094	2807
124.094	2807
124.094	2807
124.096	2807
124.098	2807
124.098	2807
124.103	2838
124.105	2866
124.105	2866
124.107	2866
124.109	2866
124.112	2866
124.114	2866
124.116	2866
124.117	2866
124.119	2866
124.119	2866
124.121	2866
124.124	2866
124.124	2866
124.126	2866
124.127	2866
124.13	2866
124.13	2866
124.132	2866
124.133	2878
124.133	2878
124.135	2878
124.137	2878
124.139	2878
124.14	2878
124.143	2878
124.144	2878
124.147	2878
124.148	2878
124.148	2878
124.151	2878
124.153	2878
124.153	2878
124.153	2878
124.158	2901
124.159	2909
124.162	2936
124.163	2936
124.164	2948
124.165	2948
124.166	2948
124.169	3010
124.171	3010
124.171	3010
124.172	3010
124.175	3010
124.176	3010
124.178	3010
124.179	3010
124.181	3010
124.181	3010
124.183	3010
124.183	3010
124.186	3010
124.187	3010
124.189	3010
124.191	3010
124.191	3010
124.193	3010
124.193	3010
124.196	3010
124.198	3010
124.198	3010
124.2	3010
124.201	3010
124.201	3010
124.203	3010
124.204	3010
124.205	3010
124.207	3010
124.208	3010
124.209	3010
124.212	3037
124.213	3037
124.213	3037
124.215	3037
124.216	3037
124.217	3037
124.22	3037
124.22	3037
124.221	3037
124.223	3037
124.224	3037
124.225	3037
124.226	3037
124.228	3037
124.229	3037
124.233	3037
124.233	3037
124.235	3037
124.235	3037
124.236	3037
124.238	3037
124.242	3037
124.243	3037
124.244	3037
124.245	3037
124.248	3055
124.254	3055
124.255	3055
124.259	3055
124.259	3055
124.261	3055
124.263	3055
124.264	3055
124.266	3055
124.267	3055
124.269	3055
124.27	3055
124.27	3055
124.273	3055
124.274	3055
124.274	3055
124.275	3055
124.276	3055
124.277	3055
124.283	3055
124.283	3055
124.286	3055
124.287	3055
124.288	3055
124.289	3055
124.293	3055
124.293	3055
124.296	3055
124.297	3055
124.298	3055
124.3	3055
124.301	3055
124.301	3055
124.303	3055
124.304	3055
124.306	3055
124.308	3055
124.308	3055
124.311	3055
124.311	3055
124.313	3055
124.319	3055
124.319	3055
124.321	3055
124.322	3055
124.323	3055
124.324	3055
124.324	3055
124.326	3055
124.329	3055
124.329	3055
124.33	3055
124.333	3055
124.333	3055
124.336	3055
124.336	3055
124.338	3055
124.339	3055
124.339	3055
124.342	3055
124.346	3055
124.347	3055
124.348	3055
124.35	3055
124.352	3055
124.352	3055
124.355	3055
124.355	3055
124.357	3055
124.358	3055
124.36	3055
124.36	3055
124.362	3055
124.364	3055
124.369	3055
124.369	3055
124.369	3055
124.371	3055
124.371	3055
124.374	3055
124.377	3055
124.377	3055
124.378	3055
124.378	3055
124.381	3055
124.382	3055
124.385	3055
124.386	3055
124.387	3055
124.389	3055
124.39	3055
124.392	3055
124.394	3055
124.397	3055
124.399	3055
124.399	3055
124.4	3055
124.4	3055
124.402	3055
124.405	3055
124.405	3055
124.407	3055
124.409	3055
124.409	3055
124.41	3055
124.41	3055
124.412	3055
124.415	3055
124.415	3055
124.416	3055
124.419	3055
124.42	3072
124.421	3072
124.422	3072
124.424	3072
124.426	3072
124.427	3077
124.429	3090
124.429	3090
124.43	3104
124.431	3104
124.434	3142
124.436	3142
124.436	3142
124.437	3142
124.437	3142
124.439	3142
124.439	3142
124.442	3151
124.449	3151
124.457	3190
124.458	3190
124.464	3190
124.471	3197
124.472	3197
124.473	3197
124.481	3220
124.482	3220
124.488	3220
124.496	3220
124.502	3220
124.509	3220
124.51	3220
124.511	3220
124.518	3252
124.526	3259
124.532	3321
124.539	3321
124.54	3321
124.547	3321
124.548	3321
124.555	3321
124.561	3321
124.568	3321
124.576	3321
124.583	3321
124.583	3321
124.586	3321
124.59	3321
124.593	3321
124.597	3321
124.599	3321
124.602	3321
124.606	3321
124.609	3321
124.61	3321
124.61	3321
124.615	3321
124.618	3321
124.622	3321
124.624	3321
124.624	3321
124.628	3321
124.631	3321
124.635	3321
124.635	3321
124.64	3321
124.642	3321
124.646	3321
124.65	3321
124.653	3321
124.654	3321
124.656	3321
124.659	3321
124.664	3321
124.666	3321
124.667	3321
124.67	3321
124.674	3321
124.674	3321
124.677	3321
124.682	3321
124.682	3321
124.685	3321
124.688	3321
124.689	3321
124.692	3321
124.695	3321
124.696	3321
124.699	3321
124.703	3321
124.703	3321
124.707	3321
124.711	3321
124.711	3321
124.715	3321
124.717	3321
124.718	3321
124.721	3321
124.724	3321
124.725	3321
124.728	3321
124.733	3321
124.733	3321
124.737	3321
124.739	3321
124.74	3321
124.744	3321
124.746	3321
124.747	3321
124.75	3321
124.754	3321
124.754	3321
124.758	3321
124.761	3321
124.761	3321
124.765	3321
124.768	3321
124.769	3321
124.772	3321
124.776	3321
124.777	3321
124.78	3321
124.783	3321
124.783	3321
124.788	3321
124.791	3321
124.791	3321
124.794	3321
124.798	3321
124.799	3321
124.801	3321
124.805	3321
124.805	3321
124.809	3321
124.813	3321
124.813	3321
124.816	3321
124.819	3321
124.82	3321
124.824	3321
124.826	3321
124.827	3321
124.831	3321
124.835	3321
124.835	3321
124.839	3321
124.839	3321
124.842	3321
124.846	3321
124.846	3321
124.85	3321
124.853	3321
124.854	3321
124.857	3321
124.86	3321
124.861	3321
124.864	3321
124.868	3321
124.868	3321
124.872	3321
124.875	3321
124.876	3321
124.879	3321
124.881	3321
124.882	3321
124.885	3321
124.889	3321
124.889	3321
124.893	3321
124.896	3321
124.896	3321
124.901	3321
124.903	3321
124.905	3321
124.908	3321
124.911	3321
124.912	3321
124.914	3321
124.918	3321
124.918	3321
124.922	3321
124.926	3321
124.926	3321
124.93	3321
124.932	3321
124.933	3321
124.936	3321
124.94	3321
124.94	3321
124.945	3321
124.947	3321
124.947	3321
124.951	3321
124.955	3321
124.956	3321
124.958	3321
124.962	3321
124.963	3321
124.966	3321
124.97	3321
124.97	3321
124.973	3321
124.976	3369
124.977	3369
124.98	3369
124.983	3369
124.984	3369
124.987	3369
124.99	3369
124.991	3369
124.994	3369
124.999	3369
124.999	3369
125.001	3369
125.005	3369
125.005	3369
125.009	3369
125.012	3369
125.012	3369
125.016	3369
125.019	3369
125.02	3369
125.023	3369
125.027	3369
125.028	3369
125.03	3369
125.033	3369
125.034	3369
125.038	3369
125.042	3369
125.042	3369
125.044	3369
125.048	3376
125.048	3376
125.053	3376
125.055	3376
125.055	3376
125.06	3376
125.063	3376
125.063	3376
125.066	3376
125.069	3376
125.07	3376
125.074	3376
125.076	3376
125.077	3376
125.08	3376
125.085	3376
125.085	3376
125.087	3376
125.091	3376
125.091	3376
125.095	3376
125.099	3376
125.099	3376
125.102	3376
125.105	3376
125.106	3376
125.109	3376
125.112	3376
125.113	3376
125.116	3376
125.119	3376
125.12	3376
125.123	3376
125.128	3376
125.128	3376
125.131	3376
125.135	3376
125.135	3376
125.138	3376
125.141	3376
125.141	3376
125.145	3376
125.148	3385
125.15	3385
125.153	3385
125.155	3385
125.156	3385
125.16	3385
125.163	3385
125.163	3385
125.166	3385
125.171	3385
125.171	3385
125.173	3385
125.178	3398
125.178	3398
125.181	3398
125.185	3398
125.185	3398
125.189	3398
125.192	3398
125.192	3398
125.196	3398
125.199	3398
125.2	3398
125.203	3398
125.206	3398
125.207	3398
125.209	3398
125.212	3398
125.213	3398
125.217	3398
125.219	3398
125.22	3398
125.223	3398
125.226	3398
125.227	3398
125.23	3398
125.234	3398
125.234	3398
125.237	3398
125.241	3398
125.241	3398
125.245	3398
125.248	3398
125.248	3398
125.252	3398
125.255	3398
125.255	3398
125.26	3398
125.262	3398
125.263	3398
125.267	3398
125.27	3398
125.271	3398
125.273	3398
125.277	3398
125.278	3398
125.281	3398
125.284	3398
125.285	3398
125.287	3398
125.291	3398
125.291	3398
125.294	3398
125.298	3398
125.298	3398
125.302	3398
125.306	3398
125.306	3398
125.31	3398
125.312	3398
125.312	3398
125.316	3398
125.319	3398
125.319	3398
125.323	3398
125.323	3398
125.327	3398
125.327	3398
125.33	3398
125.331	3398
125.335	3398
125.338	3398
125.341	3398
125.345	3398
125.347	3398
125.351	3398
125.352	3398
125.356	3398
125.36	3398
125.363	3398
125.366	3398
125.37	3398
125.37	3398
125.373	3398
125.376	3398
125.38	3398
125.383	3398
125.383	3398
125.387	3398
125.388	3398
125.393	3398
125.396	3398
125.399	3398
125.403	3398
125.408	3398
125.412	3398
125.412	3398
125.416	3398
125.42	3398
125.42	3398
125.423	3398
125.426	3398
125.426	3398
125.43	3398
125.433	3398
125.433	3398
125.438	3398
125.442	3398
125.442	3398
125.445	3398
125.447	3398
125.454	3398
125.457	3398
125.458	3398
125.464	3398
125.467	3398
125.469	3398
125.474	3398
125.476	3398
125.479	3398
125.48	3398
125.482	3398
125.484	3398
125.484	3398
125.489	3398
125.491	3398
125.494	3398
125.496	3398
125.499	3398
125.504	3398
125.506	3398
125.509	3398
125.514	3398
125.514	3398
125.516	3398
125.519	3398
125.526	3398
125.526	3398
125.529	3398
125.532	3398
125.533	3398
125.537	3398
125.539	3398
125.542	3398
125.544	3398
125.546	3398
125.55	3398
125.55	3398
125.554	3398
125.557	3398
125.559	3398
125.561	3398
125.563	3398
125.565	3398
125.565	3398
125.568	3398
125.572	3398
125.572	3398
125.575	3398
125.579	3398
125.579	3398
125.582	3398
125.583	3398
125.584	3398
125.586	3398
125.59	3398
125.59	3398
125.593	3398
125.596	3398
125.596	3398
125.598	3398
125.6	3398
125.607	3398
125.607	3398
125.608	3398
125.613	3398
125.617	3398
125.617	3398
125.622	3398
125.626	3398
125.632	3398
125.632	3398
125.637	3398
125.64	3398
125.641	3398
125.646	3398
125.651	3398
125.651	3398
125.655	3398
125.659	3398
125.66	3398
125.664	3398
125.669	3398
125.673	3398
125.677	3398
125.682	3398
125.682	3398
125.687	3398
125.692	3398
125.696	3398
125.701	3398
125.702	3398
125.706	3398
125.711	3398
125.711	3398
125.716	3398
125.716	3398
125.72	3398
125.725	3398
125.726	3398
125.729	3398
125.735	3398
125.735	3398
125.739	3398
125.744	3398
125.748	3398
125.753	3398
125.754	3398
125.757	3398
125.763	3398
125.766	3398
125.769	3398
125.77	3398
125.773	3398
125.776	3398
125.777	3398
125.78	3398
125.781	3398
125.784	3398
125.787	3398
125.792	3398
125.794	3398
125.796	3398
125.796	3398
125.799	3398
125.803	3398
125.803	3398
125.806	3398
125.807	3398
125.81	3398
125.813	3398
125.816	3398
125.819	3398
125.824	3398
125.824	3398
125.825	3398
125.828	3398
125.83	3398
125.833	3398
125.837	3398
125.837	3398
125.841	3398
125.845	3398
125.845	3398
125.849	3398
125.852	3398
125.853	3398
125.856	3398
125.856	3398
125.86	3398
125.86	3398
125.863	3398
125.867	3398
125.867	3398
125.87	3398
125.873	3398
125.873	3398
125.877	3398
125.88	3398
125.883	3398
125.884	3398
125.887	3398
125.89	3398
125.891	3398
125.894	3398
125.898	3398
125.901	3398
125.901	3398
125.905	3398
125.908	3398
125.911	3398
125.915	3398
125.915	3398
125.918	3398
125.922	3398
125.922	3398
125.926	3398
125.929	3398
125.929	3398
125.933	3398
125.933	3398
125.936	3398
125.937	3398
125.94	3398
125.944	3398
125.947	3398
125.951	3398
125.952	3398
125.954	3398
125.957	3398
125.958	3398
125.961	3398
125.964	3398
125.966	3398
125.969	3398
125.972	3398
125.975	3398
125.975	3398
125.979	3398
125.982	3398
125.983	3398
125.987	3398
125.99	3398
125.991	3398
125.994	3398
125.994	3398
125.997	3398
126	3398
126.001	3398
126.004	3398
126.008	3398
126.009	3398
126.011	3398
126.015	3398
126.016	3398
126.018	3398
126.022	3398
126.023	3398
126.026	3398
126.029	3398
126.032	3398
126.032	3398
126.036	3398
126.039	3398
126.039	3398
126.044	3398
126.046	3398
126.049	3398
126.05	3398
126.054	3398
126.058	3398
126.058	3398
126.061	3398
126.064	3398
126.064	3398
126.065	3398
126.068	3398
126.072	3398
126.072	3398
126.075	3398
126.078	3398
126.079	3398
126.082	3398
126.086	3398
126.089	3398
126.092	3398
126.093	3398
126.096	3398
126.1	3398
126.103	3398
126.106	3398
126.106	3398
126.11	3398
126.113	3398
126.115	3398
126.117	3398
126.12	3398
126.123	3398
126.124	3398
126.128	3398
126.131	3398
126.135	3398
126.138	3398
126.139	3398
126.142	3398
126.145	3398
126.146	3398
126.149	3398
126.151	3398
126.156	3398
126.156	3398
126.16	3398
126.163	3398
126.166	3398
126.169	3398
126.169	3398
126.172	3398
126.177	3398
126.18	3398
126.18	3398
126.184	3398
126.187	3398
126.189	3398
126.194	3398
126.196	3398
126.198	3398
126.2	3398
126.203	3398
126.204	3398
126.207	3398
126.21	3398
126.214	3398
126.218	3398
126.218	3398
126.222	3398
126.224	3398
126.227	3398
126.228	3398
126.231	3398
126.235	3398
126.238	3398
126.238	3398
126.242	3398
126.246	3398
126.246	3398
126.25	3398
126.252	3398
126.256	3398
126.257	3398
126.26	3398
126.263	3398
126.264	3398
126.264	3398
126.268	3398
126.271	3398
126.272	3398
126.275	3398
126.277	3398
126.281	3398
126.281	3398
126.284	3398
126.289	3398
126.292	3398
126.292	3398
126.296	3398
126.298	3398
126.299	3398
126.302	3398
126.305	3398
126.306	3398
126.309	3398
126.313	3398
126.314	3398
126.317	3398
126.319	3398
126.32	3398
126.323	3398
126.328	3398
126.328	3398
126.331	3398
126.334	3398
126.334	3398
126.337	3398
126.341	3398
126.345	3398
126.345	3398
126.348	3398
126.351	3398
126.352	3398
126.355	3398
126.356	3398
126.36	3398
126.363	3398
126.366	3398
126.367	3398
126.37	3398
126.374	3398
126.377	3398
126.377	3398
126.38	3398
126.383	3398
126.384	3398
126.387	3398
126.39	3398
126.391	3398
126.394	3398
126.398	3398
126.399	3398
126.402	3398
126.405	3398
126.409	3398
126.409	3398
126.412	3398
126.415	3398
126.415	3398
126.419	3398
126.422	3398
126.422	3398
126.426	3398
126.426	3398
126.431	3398
126.433	3398
126.433	3398
126.437	3398
126.44	3398
126.44	3398
126.445	3398
126.445	3398
126.449	3398
126.451	3398
126.451	3398
126.455	3398
126.458	3398
126.459	3398
126.463	3398
126.465	3398
126.468	3398
126.469	3398
126.473	3398
126.476	3398
126.479	3398
126.479	3398
126.483	3398
126.486	3398
126.487	3398
126.487	3398
126.491	3398
126.495	3398
126.498	3398
126.498	3398
126.502	3398
126.505	3398
126.507	3398
126.512	3398
126.512	3398
126.515	3398
126.518	3398
126.518	3398
126.519	3398
126.523	3398
126.525	3398
126.526	3398
126.526	3398
126.53	3398
126.534	3398
126.537	3398
126.538	3398
126.54	3398
126.541	3398
126.544	3398
126.547	3398
126.551	3398
126.551	3398
126.555	3398
126.558	3398
126.558	3398
126.563	3398
126.566	3398
126.569	3398
126.569	3398
126.573	3398
126.576	3398
126.577	3398
126.58	3398
126.583	3398
126.587	3398
126.59	3398
126.591	3398
126.591	3398
126.594	3398
126.597	3398
126.597	3398
126.601	3398
126.605	3398
126.605	3398
126.608	3398
126.611	3398
126.614	3398
126.615	3398
126.618	3398
126.621	3398
126.622	3398
126.626	3398
126.629	3398
126.632	3398
126.632	3398
126.636	3398
126.636	3398
126.639	3398
126.643	3398
126.643	3398
126.647	3398
126.651	3398
126.654	3398
126.658	3398
126.661	3398
126.661	3398
126.665	3398
126.667	3398
126.671	3398
126.672	3398
126.675	3398
126.678	3398
126.679	3398
126.682	3398
126.685	3398
126.688	3398
126.688	3398
126.692	3398
126.695	3398
126.695	3398
126.699	3398
126.703	3398
126.706	3398
126.709	3398
126.713	3398
126.714	3398
126.716	3398
126.716	3398
126.72	3398
126.72	3398
126.72	3398
126.723	3398
126.726	3398
126.728	3398
126.729	3398
126.731	3398
126.735	3398
126.737	3398
126.737	3398
126.74	3398
126.742	3398
126.743	3398
126.747	3398
126.748	3398
126.751	3398
126.751	3398
126.754	3398
126.757	3398
126.757	3398
126.76	3398
126.762	3398
126.763	3398
126.765	3398
126.768	3398
126.768	3398
126.771	3398
126.774	3398
126.776	3398
126.777	3398
126.779	3398
126.782	3398
126.785	3398
126.787	3398
126.788	3398
126.79	3398
126.793	3398
126.793	3398
126.796	3398
126.796	3398
126.799	3398
126.802	3398
126.802	3398
126.805	3398
126.808	3398
126.808	3398
126.81	3398
126.813	3398
126.813	3398
126.816	3398
126.819	3398
126.819	3398
126.823	3398
126.825	3398
126.826	3398
126.828	3398
126.83	3398
126.831	3398
126.833	3398
126.836	3398
126.836	3398
126.84	3398
126.843	3398
126.843	3398
126.846	3398
126.848	3398
126.851	3398
126.854	3398
126.854	3398
126.856	3398
126.859	3398
126.86	3398
126.862	3398
126.865	3398
126.865	3398
126.868	3398
126.87	3398
126.87	3398
126.874	3398
126.875	3398
126.876	3398
126.878	3398
126.881	3398
126.882	3398
126.886	3398
126.892	3398
126.892	3398
126.897	3398
126.901	3398
126.904	3398
126.905	3398
126.911	3398
126.915	3398
126.918	3398
126.919	3398
126.923	3398
126.929	3398
126.929	3398
126.933	3398
126.934	3398
126.939	3398
126.94	3398
126.944	3398
126.948	3398
126.952	3398
126.953	3398
126.958	3398
126.959	3398
126.962	3398
126.963	3398
126.968	3398
126.973	3398
126.973	3398
126.977	3398
126.977	3398
126.982	3398
126.982	3398
126.987	3398
126.992	3398
126.992	3398
126.996	3398
127.001	3398
127.006	3398
127.006	3398
127.008	3398
127.012	3398
127.016	3398
127.021	3398
127.021	3398
127.026	3398
127.029	3398
127.034	3398
127.034	3398
127.039	3398
127.044	3398
127.047	3398
127.05	3398
127.053	3398
127.057	3398
127.057	3398
127.06	3398
127.064	3398
127.064	3398
127.068	3398
127.069	3398
127.072	3398
127.076	3398
127.076	3398
127.079	3398
127.079	3398
127.083	3398
127.086	3398
127.089	3398
127.092	3398
127.093	3398
127.096	3398
127.1	3398
127.101	3398
127.104	3398
127.107	3398
127.108	3398
127.11	3398
127.114	3398
127.117	3398
127.12	3398
127.123	3398
127.124	3398
127.127	3398
127.131	3398
127.131	3398
127.134	3398
127.138	3398
127.138	3398
127.142	3398
127.145	3398
127.148	3398
127.149	3398
127.152	3398
127.156	3398
127.16	3398
127.162	3398
127.162	3398
127.166	3398
127.169	3398
127.17	3398
127.174	3398
127.176	3398
127.18	3398
127.184	3398
127.187	3398
127.188	3398
127.19	3398
127.194	3398
127.195	3398
127.197	3398
127.2	3398
127.201	3398
127.204	3398
127.207	3398
127.208	3398
127.211	3398
127.216	3398
127.218	3398
127.218	3398
127.222	3398
127.225	3398
127.228	3398
127.229	3398
127.232	3398
127.235	3398
127.236	3398
127.239	3398
127.243	3398
127.243	3398
127.247	3398
127.25	3398
127.25	3398
127.253	3398
127.257	3398
127.257	3398
127.261	3398
127.264	3398
127.264	3398
127.268	3398
127.271	3398
127.272	3398
127.276	3398
127.276	3398
127.28	3398
127.283	3398
127.286	3398
127.287	3398
127.29	3398
127.292	3398
127.293	3398
127.296	3398
127.3	3398
127.303	3398
127.306	3398
127.307	3398
127.31	3398
127.314	3398
127.315	3398
127.318	3398
127.319	3398
127.322	3398
127.324	3398
127.328	3398
127.331	3398
127.331	3398
127.335	3398
127.338	3398
127.342	3398
127.345	3398
127.348	3398
127.348	3398
127.352	3398
127.355	3398
127.358	3398
127.359	3398
127.362	3398
127.366	3398
127.366	3398
127.37	3398
127.373	3398
127.373	3398
127.376	3398
127.38	3398
127.38	3398
127.384	3398
127.387	3398
127.387	3398
127.391	2657
127.395	2657
127.399	2657
127.404	2657
127.405	2657
127.408	2657
127.412	2657
127.417	2657
127.421	2657
127.422	2657
127.427	2657
127.43	2657
127.431	2657
127.436	2657
127.437	2657
127.441	2657
127.441	2657
127.445	2657
127.449	2657
127.454	2657
127.455	2657
127.458	2657
127.462	2657
127.464	2657
127.468	2657
127.472	2657
127.477	2657
127.477	2657
127.481	2657
127.482	2657
127.485	2657
127.49	2657
127.49	2657
127.495	2657
127.499	2657
127.503	2657
127.504	2657
127.508	2657
127.512	2657
127.516	2657
127.522	2657
127.525	2657
127.525	2657
127.531	2657
127.535	2667
127.536	2667
127.539	2716
127.539	2716
127.543	2716
127.548	2716
127.548	2716
127.553	2716
127.558	2718
127.558	2718
127.561	2718
127.565	2718
127.566	2718
127.571	2718
127.575	2718
127.579	2718
127.58	2718
127.584	2718
127.588	2718
127.588	2718
127.589	2718
127.594	2718
127.598	2718
127.602	2718
127.603	2718
127.607	2718
127.611	2718
127.612	2718
127.615	2718
127.619	2718
127.623	2718
127.624	2718
127.628	2718
127.632	2718
127.633	2718
127.637	2718
127.641	2718
127.641	2718
127.646	2718
127.65	2718
127.654	2718
127.654	2718
127.66	2718
127.663	2718
127.663	2718
127.668	2718
127.672	2718
127.672	2718
127.677	2718
127.682	2718
127.682	2718
127.686	2718
127.689	2718
127.691	2718
127.695	2718
127.698	2718
127.699	2718
127.703	2718
127.708	2718
127.712	2718
127.713	2718
127.717	2718
127.721	2718
127.724	2718
127.725	2718
127.73	2718
127.734	2718
127.739	2718
127.739	2718
127.743	2718
127.747	2718
127.748	2718
127.752	2718
127.755	2718
127.756	2718
127.761	2718
127.764	2718
127.765	2718
127.77	2718
127.773	2718
127.778	2718
127.779	2718
127.782	2718
127.786	2718
127.788	2718
127.792	2718
127.795	2718
127.796	2718
127.8	2718
127.804	2718
127.806	2718
127.809	2718
127.813	2718
127.813	2718
127.818	2718
127.823	2718
127.823	2718
127.828	2718
127.832	2718
127.832	2718
127.835	2718
127.841	2718
127.841	2718
127.844	2718
127.849	2718
127.85	2718
127.854	2718
127.858	2718
127.858	2718
127.862	2718
127.866	2718
127.867	2718
127.872	2718
127.873	2718
127.877	2718
127.88	2718
127.882	2718
127.886	2718
127.889	2718
127.893	2718
127.894	2718
127.899	2718
127.903	2718
127.904	2718
127.908	2718
127.911	2718
127.911	2718
127.916	2718
127.92	2718
127.92	2718
127.925	2718
127.929	2718
127.929	2718
127.934	2718
127.938	2718
127.938	2718
127.943	2718
127.947	2718
127.948	2718
127.951	2718
127.955	2718
127.956	2718
127.961	2718
127.965	2718
127.969	2718
127.969	2718
127.973	2718
127.977	2718
127.978	2718
127.982	2718
127.987	2718
127.991	2718
127.994	2718
127.996	2718
127.999	2718
128.003	2718
128.004	2718
128.009	2718
128.01	2718
128.013	2718
128.013	2718
128.017	2718
128.02	2718
128.02	2718
128.024	2718
128.026	2718
128.027	2718
128.03	2718
128.034	2718
128.034	2718
128.037	2718
128.04	2718
128.044	2718
128.044	2718
128.049	2718
128.049	2718
128.051	2718
128.056	2718
128.059	2718
128.059	2718
128.063	2718
128.066	2718
128.067	2718
128.07	2718
128.072	2718
128.073	2718
128.077	2718
128.079	2718
128.08	2718
128.083	2718
128.087	2718
128.088	2718
128.091	2718
128.095	2718
128.095	2718
128.098	2718
128.102	2718
128.102	2718
128.105	2718
128.108	2718
128.111	2718
128.115	2718
128.116	2718
128.119	2718
128.123	2718
128.123	2718
128.126	2718
128.13	2718
128.13	2718
128.134	2718
128.134	2718
128.136	2718
128.14	2718
128.14	2718
128.143	2718
128.147	2718
128.147	2718
128.152	2718
128.154	2718
128.154	2718
128.155	2718
128.158	2718
128.161	2718
128.162	2718
128.165	2718
128.171	2718
128.176	2718
128.182	2718
128.183	2718
128.189	2718
128.195	2718
128.196	2718
128.2	2718
128.206	2718
128.212	2718
128.213	2718
128.218	2718
128.223	2718
128.225	2718
128.226	2718
128.23	2718
128.236	2718
128.241	2718
128.248	2718
128.253	2718
128.254	2718
128.26	2718
128.264	2718
128.271	2718
128.272	2718
128.277	2718
128.283	2718
128.287	2718
128.293	2718
128.293	2718
128.299	2718
128.305	2718
128.305	2718
128.312	2718
128.316	2718
128.322	2718
128.327	2718
128.328	2718
128.332	2718
128.336	2718
128.337	2718
128.342	2718
128.346	2718
128.349	2718
128.351	2718
128.354	2718
128.358	2718
128.359	2718
128.363	2718
128.367	2718
128.371	2718
128.372	2718
128.376	2718
128.38	2718
128.381	2718
128.385	2718
128.39	2718
128.39	2718
128.394	2718
128.399	2718
128.4	2718
128.404	2718
128.408	2718
128.409	2718
128.413	2718
128.417	2718
128.418	2718
128.421	2718
128.426	2718
128.426	2718
128.431	2718
128.434	2718
128.434	2718
128.438	2718
128.443	2718
128.443	2718
128.447	2718
128.451	2718
128.452	2718
128.456	2718
128.461	2718
128.462	2718
128.465	2718
128.469	2718
128.47	2718
128.475	2718
128.479	2718
128.48	2718
128.484	2718
128.488	2718
128.489	2718
128.492	2718
128.497	2718
128.498	2718
128.501	2718
128.505	2718
128.506	2718
128.51	2718
128.515	2718
128.515	2718
128.519	2718
128.524	2718
128.524	2718
128.528	2718
128.533	2718
128.533	2718
128.537	2718
128.54	2718
128.541	2718
128.546	2718
128.55	2718
128.551	2718
128.555	2718
128.558	2718
128.559	2718
128.563	2718
128.567	2718
128.568	2718
128.573	2718
128.576	2718
128.577	2718
128.581	2718
128.585	2718
128.589	2718
128.593	2718
128.594	2718
128.598	2718
128.603	2718
128.604	2718
128.607	2718
128.611	2718
128.612	2718
128.617	2718
128.621	2718
128.622	2718
128.626	2718
128.63	2718
128.63	2718
128.634	2718
128.638	2718
128.643	2718
128.646	2718
128.65	2718
128.651	2718
128.656	2718
128.66	2718
128.664	2718
128.665	2718
128.669	2718
128.673	2718
128.673	2718
128.677	2718
128.682	2718
128.685	2718
128.686	2718
128.69	2718
128.694	2718
128.695	2718
128.7	2718
128.703	2718
128.708	2718
128.708	2718
128.712	2718
128.716	2718
128.721	2718
128.722	2718
128.726	2718
128.729	2718
128.733	2718
128.735	2718
128.738	2718
128.742	2718
128.743	2718
128.747	2718
128.751	2718
128.752	2718
128.757	2718
128.761	2718
128.762	2718
128.765	2718
128.77	2718
128.771	2718
128.775	2718
128.778	2718
128.778	2718
128.783	2718
128.788	2718
128.788	2718
128.792	2718
128.796	2718
128.796	2718
128.801	2718
128.805	2718
128.805	2718
128.809	2718
128.813	2718
128.814	2718
128.819	2718
128.823	2718
128.827	2718
128.828	2718
128.832	2718
128.833	2718
128.837	2718
128.838	2718
128.841	2718
128.846	2718
128.847	2718
128.851	2718
128.855	2718
128.855	2718
128.859	2718
128.863	2718
128.863	2718
128.868	2718
128.873	2718
128.877	2718
128.881	2718
128.882	2718
128.886	2718
128.89	2718
128.89	2718
128.894	2718
128.898	2718
128.898	2718
128.902	2718
128.907	2718
128.907	2718
128.911	2718
128.917	2718
128.921	2718
128.921	2718
128.925	2718
128.929	2718
128.929	2718
128.934	2718
128.937	2718
128.942	2718
128.942	2718
128.946	2718
128.952	2718
128.952	2718
128.953	2718
128.956	2718
128.961	2718
128.961	2718
128.965	2718
128.969	2718
128.973	2718
128.974	2718
128.978	2718
128.982	2718
128.983	2718
128.988	2718
128.991	2718
128.992	2718
128.996	2718
129	2718
129	2718
129.005	2718
129.01	2718
129.013	2718
129.017	2718
129.018	2718
129.022	2718
129.026	2718
129.027	2718
129.032	2718
129.035	2718
129.035	2718
129.041	2718
129.045	2718
129.048	2718
129.048	2718
129.053	2718
129.057	2718
129.057	2718
129.063	2718
129.066	2718
129.066	2718
129.07	2718
129.075	2718
129.075	2718
129.08	2718
129.083	2718
129.084	2718
129.088	2718
129.092	2718
129.094	2718
129.097	2718
129.102	2718
129.103	2718
129.106	2718
129.11	2718
129.111	2718
129.116	2718
129.12	2718
129.121	2718
129.124	2718
129.128	2718
129.132	2718
129.133	2718
129.137	2718
129.142	2718
129.143	2718
129.147	2718
129.151	2718
129.152	2718
129.156	2718
129.16	2718
129.16	2718
129.164	2718
129.168	2718
129.172	2718
129.172	2718
129.178	2718
129.182	2718
129.182	2718
129.186	2718
129.19	2718
129.194	2718
129.198	2718
129.199	2718
129.204	2718
129.208	2718
129.212	2718
129.213	2718
129.216	2718
129.221	2718
129.222	2718
129.226	2718
129.229	2718
129.229	2718
129.234	2718
129.239	2718
129.239	2718
129.243	2718
129.248	2718
129.248	2718
129.251	2718
129.253	2718
129.256	2718
129.261	2718
129.262	2718
129.265	2718
129.269	2718
129.271	2718
129.274	2718
129.278	2718
129.279	2718
129.284	2718
129.288	2718
129.292	2718
129.293	2718
129.296	2718
129.298	2718
129.299	2718
129.303	2718
129.305	2718
129.309	2718
129.309	2718
129.314	2718
129.317	2718
129.317	2718
129.32	2718
129.323	2718
129.324	2718
129.327	2718
129.33	2718
129.334	2718
129.335	2718
129.337	2718
129.341	2718
129.341	2718
129.344	2718
129.349	2718
129.351	2718
129.352	2718
129.355	2718
129.358	2718
129.359	2718
129.362	2718
129.365	2718
129.366	2718
129.37	2718
129.372	2718
129.377	2718
129.377	2718
129.381	2718
129.384	2718
129.384	2718
129.387	2718
129.39	2718
129.393	2718
129.394	2718
129.397	2718
129.401	2718
129.402	2718
129.405	2718
129.408	2718
129.411	2718
129.411	2718
129.415	2718
129.419	2718
129.419	2718
129.422	2718
129.426	2718
129.427	2718
129.43	2718
129.433	2718
129.434	2718
129.436	2718
129.439	2718
129.44	2718
129.444	2718
129.445	2718
129.448	2718
129.45	2718
129.454	2718
129.454	2718
129.46	2718
129.461	2718
129.466	2718
129.468	2718
129.473	2718
129.478	2718
129.485	2718
129.485	2718
129.49	2718
129.496	2718
129.496	2718
129.502	2718
129.507	2718
129.513	2718
129.518	2718
129.52	2718
129.526	2718
129.531	2718
129.536	2718
129.541	2718
129.542	2718
129.548	2718
129.549	2718
129.555	2718
129.556	2718
129.56	2718
129.567	2718
129.573	2718
129.577	2718
129.583	2718
129.583	2718
129.584	2718
129.59	2718
129.596	2718
129.601	2718
129.606	2718
129.607	2718
129.613	2718
129.617	2718
129.617	2718
129.622	2718
129.622	2718
129.626	2718
129.632	2718
129.635	2718
129.635	2718
129.639	2718
129.644	2718
129.648	2718
129.653	2718
129.653	2718
129.658	2693
129.658	2693
129.661	2693
129.667	2693
129.667	2693
129.671	2693
129.675	2693
129.675	2693
129.68	2693
129.684	2693
129.684	2693
129.689	2693
129.693	2693
129.693	2693
129.698	2693
129.703	2693
129.703	2693
129.706	2693
129.711	2693
129.711	2693
129.716	2693
129.72	2693
129.72	2693
129.725	2693
129.729	2693
129.729	2693
129.733	2693
129.737	2693
129.738	2693
129.742	2693
129.746	2693
129.747	2693
129.751	2693
129.755	2693
129.756	2693
129.76	2693
129.764	2693
129.765	2693
129.769	2693
129.774	2693
129.775	2693
129.778	2693
129.782	2693
129.783	2693
129.787	2693
129.792	2693
129.793	2693
129.797	2693
129.801	2693
129.802	2693
129.806	2693
129.81	2693
129.811	2693
129.815	2693
129.819	2693
129.82	2693
129.823	2693
129.828	2693
129.828	2693
129.832	2693
129.837	2693
129.838	2693
129.841	2693
129.846	2693
129.847	2693
129.851	2693
129.854	2693
129.856	2693
129.86	2693
129.863	2693
129.864	2693
129.868	2693
129.873	2693
129.874	2693
129.878	2693
129.881	2693
129.882	2693
129.887	2693
129.89	2693
129.891	2693
129.895	2693
129.9	2693
129.904	2693
129.905	2693
129.909	2693
129.913	2693
129.917	2693
129.917	2693
129.922	2693
129.925	2693
129.927	2693
129.93	2693
129.935	2693
129.94	2693
129.94	2693
129.943	2693
129.948	2693
129.953	2693
129.953	2693
129.957	2693
129.961	2693
129.961	2693
129.966	2693
129.97	2693
129.97	2693
129.976	2693
129.976	2693
129.98	2693
129.981	2693
129.985	2693
129.988	2693
129.99	2693
129.993	2693
129.997	2693
129.998	2693
130.006	2693
130.006	2693
130.011	2693
130.014	2693
130.015	2693
130.019	2693
130.023	2693
130.025	2693
130.029	2693
130.032	2693
130.033	2693
130.037	2693
130.042	2693
130.047	2693
130.047	2693
130.05	2693
130.055	2693
130.055	2693
130.059	2693
130.064	2693
130.064	2693
130.069	2693
130.074	2693
130.074	2693
130.075	2693
130.078	2693
130.083	2693
130.083	2693
130.087	2693
130.092	2693
130.093	2693
130.097	2693
130.1	2693
130.101	2693
130.105	2693
130.109	2693
130.11	2693
130.114	2693
130.118	2693
130.119	2693
130.124	2693
130.128	2693
130.129	2693
130.133	2693
130.137	2693
130.138	2693
130.142	2693
130.146	2693
130.15	2693
130.151	2693
130.154	2693
130.158	2693
130.159	2693
130.163	2693
130.168	2693
130.169	2693
130.172	2693
130.177	2693
130.178	2693
130.181	2693
130.185	2693
130.189	2693
130.194	2693
130.199	2693
130.199	2693
130.204	2693
130.207	2693
130.207	2693
130.213	2693
130.216	2693
130.216	2693
130.22	2693
130.226	2693
130.229	2693
130.233	2693
130.234	2693
130.239	2693
130.243	2693
130.244	2693
130.248	2693
130.251	2693
130.256	2693
130.257	2693
130.261	2693
130.264	2693
130.265	2693
130.269	2693
130.274	2693
130.278	2693
130.278	2693
130.282	2693
130.287	2693
130.292	2693
130.292	2693
130.296	2693
130.3	2693
130.3	2693
130.304	2693
130.31	2693
130.31	2693
130.314	2693
130.317	2693
130.319	2693
130.322	2693
130.327	2693
130.328	2693
130.332	2693
130.336	2693
130.337	2693
130.34	2693
130.345	2693
130.345	2693
130.35	2693
130.353	2693
130.354	2693
130.358	2693
130.362	2693
130.364	2693
130.367	2693
130.371	2693
130.372	2693
130.377	2693
130.381	2693
130.382	2693
130.385	2693
130.39	2693
130.391	2693
130.394	2693
130.399	2693
130.4	2693
130.403	2693
130.408	2693
130.409	2693
130.412	2693
130.417	2693
130.418	2693
130.422	2693
130.425	2693
130.426	2693
130.43	2693
130.435	2693
130.436	2693
130.439	2693
130.443	2693
130.444	2693
130.448	2693
130.452	2693
130.453	2693
130.457	2693
130.461	2693
130.462	2693
130.467	2693
130.471	2693
130.472	2693
130.476	2693
130.48	2693
130.481	2693
130.481	2693
130.485	2693
130.489	2693
130.493	2693
130.494	2693
130.498	2693
130.502	2693
130.503	2693
130.507	2693
130.512	2576
130.513	2576
130.516	2576
130.517	2576
130.522	2576
130.526	2576
130.527	2576
130.531	2576
130.536	2576
130.536	2576
130.54	2576
130.545	2576
130.548	2576
130.553	2576
130.554	2576
130.559	2576
130.562	2576
130.568	2576
130.568	2576
130.573	2576
130.576	2576
130.577	2576
130.58	2576
130.583	2576
130.587	2576
130.588	2576
130.591	2576
130.594	2576
130.594	2576
130.598	2576
130.601	2576
130.602	2576
130.605	2576
130.609	2576
130.612	2576
130.613	2576
130.616	2576
130.62	2576
130.62	2576
130.624	2576
130.624	2576
130.628	2576
130.632	2576
130.636	2576
130.636	2576
130.64	2576
130.642	2576
130.643	2576
130.646	2576
130.65	2576
130.65	2576
130.654	2576
130.657	2576
130.658	2576
130.661	2576
130.665	2576
130.668	2576
130.669	2576
130.672	2576
130.676	2576
130.676	2576
130.68	2576
130.683	2576
130.684	2576
130.687	2576
130.688	2576
130.688	2576
130.692	2576
130.696	2576
130.697	2576
130.7	2576
130.704	2576
130.704	2576
130.708	2576
130.711	2576
130.712	2576
130.715	2576
130.719	2576
130.722	2576
130.723	2576
130.726	2576
130.73	2576
130.731	2576
130.737	2576
130.741	2576
130.743	2576
130.748	2576
130.754	2576
130.755	2576
130.761	2576
130.766	2576
130.767	2576
130.774	2576
130.779	2576
130.78	2576
130.786	2576
130.793	2576
130.798	2576
130.799	2576
130.805	2576
130.81	2576
130.812	2576
130.817	2576
130.823	2576
130.829	2576
130.835	2576
130.841	2576
130.846	2576
130.853	2576
130.858	2576
130.863	2576
130.865	2576
130.871	2576
130.876	2576
130.882	2576
130.887	2576
130.888	2576
130.894	2576
130.897	2576
130.902	2576
130.906	2576
130.911	2576
130.915	2576
130.916	2576
130.919	2576
130.925	2576
130.929	2576
130.93	2576
130.933	2576
130.938	2576
130.938	2576
130.943	2576
130.947	2576
130.951	2576
130.952	2576
130.956	2576
130.961	2576
130.961	2576
130.966	2576
130.971	2576
130.975	2576
130.976	2576
130.98	2576
130.985	2576
130.986	2576
130.989	2576
130.993	2576
130.994	2576
130.998	2576
131.003	2576
131.003	2576
131.008	2576
131.012	2576
131.013	2576
131.018	2576
131.022	2576
131.023	2576
131.027	2576
131.032	2576
131.032	2576
131.036	2576
131.04	2576
131.041	2576
131.045	2576
131.051	2576
131.051	2576
131.056	2576
131.06	2576
131.061	2576
131.065	2576
131.068	2576
131.069	2576
131.074	2576
131.079	2576
131.079	2576
131.084	2576
131.088	2576
131.089	2576
131.092	2576
131.098	2576
131.098	2576
131.103	2576
131.106	2576
131.107	2576
131.112	2576
131.115	2576
131.116	2576
131.12	2576
131.126	2576
131.126	2576
131.131	2576
131.135	2576
131.136	2576
131.14	2576
131.144	2576
131.149	2576
131.153	2576
131.154	2576
131.158	2576
131.162	2576
131.166	2576
131.167	2576
131.172	2576
131.175	2576
131.181	2576
131.185	2576
131.186	2576
131.19	2576
131.194	2576
131.194	2576
131.199	2576
131.203	2576
131.204	2576
131.209	2576
131.212	2576
131.217	2576
131.217	2576
131.222	2576
131.226	2576
131.23	2576
131.231	2576
131.236	2576
131.24	2576
131.241	2576
131.245	2576
131.249	2576
131.254	2576
131.254	2576
131.259	2576
131.263	2576
131.267	2576
131.272	2576
131.272	2576
131.277	2576
131.281	2576
131.286	2576
131.286	2576
131.292	2576
131.296	2576
131.296	2576
131.3	2576
131.304	2576
131.31	2576
131.31	2576
131.314	2576
131.318	2576
131.319	2576
131.323	2576
131.328	2576
131.328	2576
131.334	2576
131.338	2576
131.338	2576
131.342	2576
131.347	2576
131.348	2576
131.352	2576
131.356	2576
131.36	2576
131.361	2576
131.365	2576
131.369	2576
131.37	2576
131.375	2576
131.375	2576
131.379	2576
131.381	2576
131.386	2576
131.39	2576
131.391	2576
131.394	2576
131.399	2576
131.4	2576
131.404	2576
131.409	2576
131.409	2576
131.414	2576
131.418	2576
131.419	2576
131.423	2576
131.426	2576
131.428	2576
131.432	2576
131.437	2576
131.437	2576
131.441	2576
131.445	2576
131.451	2576
131.451	2576
131.455	2576
131.459	2576
131.464	2576
131.465	2576
131.469	2576
131.474	2576
131.474	2576
131.479	2576
131.482	2576
131.487	2576
131.491	2576
131.492	2576
131.496	2576
131.5	2576
131.501	2576
131.506	2576
131.507	2576
131.511	2576
131.516	2576
131.516	2576
131.521	2576
131.525	2576
131.526	2576
131.53	2576
131.533	2576
131.534	2576
131.539	2576
131.543	2576
131.547	2576
131.548	2576
131.552	2576
131.557	2576
131.561	2576
131.565	2576
131.566	2576
131.57	2576
131.575	2576
131.579	2576
131.584	2576
131.588	2576
131.59	2576
131.593	2576
131.598	2576
131.603	2576
131.603	2576
131.608	2576
131.612	2576
131.613	2576
131.617	2576
131.62	2576
131.621	2576
131.627	2576
131.63	2576
131.635	2576
131.64	2576
131.64	2576
131.644	2576
131.649	2576
131.65	2576
131.653	2576
131.657	2576
131.659	2576
131.662	2576
131.667	2576
131.667	2576
131.672	2576
131.676	2576
131.677	2576
131.681	2576
131.687	2576
131.687	2576
131.692	2576
131.696	2576
131.697	2576
131.7	2576
131.705	2576
131.706	2576
131.71	2576
131.714	2576
131.714	2576
131.72	2576
131.723	2576
131.724	2576
131.729	2576
131.734	2576
131.734	2576
131.739	2576
131.743	2576
131.744	2576
131.747	2576
131.751	2576
131.752	2576
131.756	2576
131.761	2576
131.761	2576
131.766	2576
131.77	2576
131.774	2576
131.779	2576
131.78	2576
131.784	2576
131.788	2576
131.79	2576
131.794	2576
131.798	2576
131.798	2576
131.803	2576
131.803	2576
131.808	2576
131.812	2576
131.813	2576
131.817	2576
131.821	2576
131.822	2576
131.826	2576
131.832	2576
131.836	2576
131.837	2576
131.841	2576
131.846	2576
131.846	2576
131.85	2576
131.853	2576
131.854	2576
131.857	2576
131.861	2576
131.861	2576
131.862	2576
131.864	2576
131.869	2576
131.869	2576
131.873	2576
131.876	2576
131.876	2576
131.879	2576
131.883	2576
131.883	2576
131.888	2576
131.89	2576
131.891	2576
131.894	2576
131.898	2576
131.902	2576
131.903	2576
131.906	2576
131.91	2576
131.91	2576
131.914	2576
131.916	2576
131.92	2576
131.92	2576
131.924	2576
131.927	2576
131.931	2576
131.931	2576
131.935	2576
131.938	2576
131.942	2576
131.942	2576
131.946	2576
131.946	2576
131.95	2576
131.953	2576
131.954	2576
131.957	2576
131.961	2576
131.964	2576
131.965	2576
131.968	2576
131.972	2576
131.972	2576
131.976	2576
131.976	2576
131.98	2576
131.984	2576
131.985	2576
131.988	2576
131.992	2576
131.992	2576
131.996	2576
131.998	2576
132.002	2576
132.002	2576
132.006	2576
132.012	2576
132.013	2576
132.018	2576
132.024	2576
132.03	2576
132.031	2576
132.038	2576
132.043	2576
132.044	2576
132.049	2576
132.055	2576
132.061	2576
132.062	2576
132.069	2576
132.07	2576
132.074	2576
132.08	2576
132.081	2576
132.082	2576
132.088	2576
132.094	2576
132.099	2576
132.1	2576
132.106	2576
132.113	2576
132.114	2576
132.12	2576
132.125	2576
132.125	2576
132.132	2576
132.137	2576
132.143	2576
132.144	2576
132.151	2576
132.156	2576
132.157	2576
132.163	2576
132.168	2576
132.169	2576
132.173	2576
132.177	2576
132.178	2576
132.182	2576
132.188	2576
132.188	2576
132.192	2576
132.196	2576
132.201	2576
132.205	2576
132.209	2576
132.214	2576
132.214	2576
132.219	2576
132.224	2576
132.225	2576
132.229	2576
132.233	2576
132.233	2576
132.237	2576
132.243	2576
132.243	2576
132.248	2576
132.251	2576
132.253	2576
132.257	2576
132.262	2576
132.262	2576
132.266	2576
132.27	2576
132.271	2576
132.275	2576
132.279	2576
132.28	2576
132.284	2576
132.29	2576
132.29	2576
132.294	2576
132.299	2576
132.3	2576
132.304	2576
132.309	2576
132.309	2576
132.313	2576
132.317	2576
132.321	2576
132.322	2576
132.326	2576
132.332	2576
132.336	2576
132.336	2576
132.34	2576
132.345	2576
132.349	2576
132.349	2576
132.354	2576
132.358	2576
132.359	2576
132.363	2576
132.368	2576
132.373	2576
132.374	2576
132.378	2576
132.382	2576
132.383	2576
132.386	2576
132.391	2576
132.395	2576
132.401	2576
132.401	2576
132.406	2576
132.41	2576
132.414	2576
132.415	2576
132.419	2576
132.424	2576
132.428	2576
132.429	2576
132.432	2576
132.437	2576
132.438	2576
132.441	2576
132.447	2576
132.447	2576
132.451	2576
132.456	2576
132.457	2576
132.46	2576
132.466	2576
132.47	2576
132.474	2576
132.474	2576
132.479	2576
132.483	2576
132.483	2576
132.489	2576
132.493	2576
132.497	2576
132.497	2576
132.502	2576
132.506	2576
132.507	2576
132.511	2576
132.515	2576
132.517	2576
132.521	2576
132.525	2576
132.525	2576
132.531	2576
132.534	2576
132.535	2576
132.539	2576
132.544	2576
132.545	2576
132.55	2576
132.553	2576
132.554	2576
132.558	2576
132.562	2576
132.563	2576
132.567	2576
132.573	2576
132.573	2576
132.577	2576
132.581	2576
132.582	2576
132.586	2576
132.59	2448
132.591	2448
132.597	2448
132.601	2448
132.602	2448
132.607	2448
132.611	2448
132.612	2448
132.616	2448
132.62	2448
132.621	2448
132.626	2448
132.631	2448
132.635	2448
132.635	2448
132.64	2448
132.644	2448
132.645	2448
132.65	2448
132.655	2448
132.656	2448
132.66	2448
132.664	2448
132.666	2448
132.669	2448
132.674	2448
132.675	2448
132.679	2448
132.685	2448
132.686	2448
132.689	2448
132.695	2448
132.699	2448
132.704	2448
132.705	2448
132.708	2448
132.714	2448
132.718	2448
132.718	2448
132.724	2448
132.727	2448
132.728	2448
132.734	2448
132.737	2448
132.738	2448
132.744	2448
132.747	2448
132.748	2448
132.752	2448
132.757	2448
132.758	2448
132.762	2448
132.767	2448
132.769	2448
132.773	2448
132.777	2448
132.779	2448
132.783	2448
132.784	2448
132.788	2448
132.792	2448
132.793	2448
132.797	2448
132.799	2448
132.803	2448
132.808	2448
132.812	2448
132.812	2448
132.818	2448
132.822	2448
132.822	2448
132.828	2448
132.832	2448
132.832	2448
132.837	2448
132.838	2448
132.842	2448
132.847	2448
132.847	2448
132.852	2448
132.858	2448
132.858	2448
132.862	2448
132.866	2448
132.867	2448
132.873	2448
132.876	2448
132.882	2448
132.883	2448
132.886	2448
132.892	2448
132.892	2448
132.896	2448
132.902	2448
132.902	2448
132.907	2448
132.911	2448
132.911	2448
132.916	2448
132.92	2448
132.921	2448
132.927	2448
132.93	2448
132.935	2448
132.941	2448
132.941	2448
132.945	2448
132.949	2448
132.951	2448
132.955	2448
132.959	2448
132.961	2448
132.966	2448
132.969	2448
132.971	2448
132.975	2448
132.979	2448
132.98	2448
132.984	2448
132.99	2448
132.994	2448
132.994	2448
132.999	2448
133.003	2448
133.004	2448
133.009	2448
133.013	2448
133.014	2448
133.019	2448
133.024	2448
133.029	2448
133.03	2448
133.034	2448
133.038	2448
133.038	2448
133.043	2448
133.048	2448
133.048	2448
133.054	2448
133.057	2448
133.058	2448
133.063	2448
133.068	2448
133.068	2448
133.074	2448
133.078	2448
133.079	2448
133.084	2448
133.088	2448
133.089	2448
133.093	2448
133.097	2448
133.098	2448
133.102	2448
133.107	2448
133.108	2448
133.112	2448
133.118	2448
133.118	2448
133.122	2448
133.127	2448
133.127	2448
133.131	2448
133.136	2448
133.136	2448
133.14	2448
133.143	2448
133.144	2448
133.147	2448
133.15	2448
133.151	2448
133.156	2448
133.159	2448
133.162	2448
133.162	2448
133.166	2448
133.17	2448
133.17	2448
133.174	2448
133.179	2448
133.182	2448
133.182	2448
133.186	2448
133.19	2448
133.191	2448
133.195	2448
133.197	2448
133.202	2448
133.202	2448
133.205	2448
133.209	2448
133.209	2448
133.214	2448
133.217	2448
133.217	2448
133.222	2448
133.225	2448
133.228	2448
133.229	2448
133.234	2448
133.237	2448
133.238	2448
133.241	2448
133.244	2448
133.248	2448
133.251	2448
133.252	2448
133.257	2448
133.257	2448
133.261	2448
133.264	2448
133.267	2448
133.268	2448
133.272	2448
133.276	2448
133.277	2448
133.28	2448
133.283	2448
133.284	2448
133.288	2448
133.294	2448
133.301	2448
133.302	2448
133.307	2448
133.314	2448
133.315	2448
133.321	2448
133.327	2448
133.327	2448
133.334	2448
133.339	2448
133.346	2448
133.351	2448
133.358	2448
133.365	2448
133.37	2448
133.371	2448
133.377	2448
133.383	2448
133.39	2448
133.391	2448
133.397	2448
133.403	2448
133.403	2448
133.409	2448
133.416	2448
133.422	2448
133.423	2448
133.43	2448
133.436	2448
133.441	2448
133.447	2448
133.449	2448
133.452	2448
133.457	2448
133.458	2448
133.462	2448
133.468	2448
133.469	2448
133.473	2448
133.477	2448
133.477	2448
133.478	2448
133.484	2448
133.488	2448
133.489	2448
133.494	2448
133.497	2448
133.498	2448
133.503	2448
133.508	2448
133.509	2448
133.512	2448
133.518	2448
133.519	2448
133.523	2448
133.528	2448
133.529	2448
133.533	2448
133.537	2448
133.541	2448
133.542	2448
133.548	2448
133.551	2448
133.552	2448
133.557	2448
133.562	2448
133.562	2448
133.566	2448
133.572	2448
133.573	2448
133.577	2448
133.582	2448
133.583	2448
133.586	2448
133.592	2448
133.592	2448
133.597	2448
133.602	2448
133.605	2448
133.606	2448
133.612	2448
133.616	2448
133.616	2448
133.621	2448
133.626	2448
133.63	2448
133.63	2448
133.635	2448
133.64	2448
133.64	2448
133.645	2448
133.65	2448
133.651	2448
133.655	2448
133.659	2448
133.66	2448
133.666	2448
133.669	2448
133.674	2448
133.674	2448
133.679	2448
133.685	2448
133.685	2448
133.69	2448
133.694	2448
133.698	2448
133.699	2448
133.704	2448
133.705	2448
133.71	2448
133.713	2448
133.714	2448
133.715	2448
133.72	2448
133.725	2448
133.729	2448
133.734	2448
133.735	2448
133.739	2448
133.743	2448
133.744	2448
133.748	2448
133.753	2448
133.754	2448
133.758	2448
133.759	2448
133.763	2448
133.768	2448
133.77	2448
133.773	2448
133.779	2448
133.783	2448
133.783	2448
133.789	2448
133.793	2448
133.794	2448
133.798	2448
133.802	2448
133.803	2448
133.808	2448
133.813	2448
133.818	2448
133.821	2448
133.826	2448
133.827	2448
133.831	2448
133.837	2448
133.838	2448
133.841	2448
133.847	2448
133.851	2448
133.852	2448
133.857	2448
133.861	2448
133.862	2448
133.866	2448
133.87	2448
133.876	2448
133.876	2448
133.88	2448
133.885	2448
133.885	2448
133.89	2448
133.896	2448
133.896	2448
133.901	2448
133.905	2448
133.906	2448
133.91	2448
133.914	2448
133.915	2448
133.921	2448
133.924	2448
133.93	2448
133.93	2448
133.934	2448
133.94	2448
133.94	2448
133.945	2448
133.949	2448
133.949	2448
133.954	2448
133.958	2448
133.959	2448
133.964	2448
133.968	2448
133.974	2448
133.979	2448
133.979	2448
133.979	2448
133.983	2448
133.989	2448
133.99	2448
133.993	2448
133.998	2448
134.004	2448
134.004	2448
134.009	2448
134.013	2448
134.017	2448
134.018	2448
134.023	2448
134.028	2448
134.028	2448
134.032	2448
134.037	2448
134.037	2448
134.042	2448
134.048	2448
134.048	2448
134.052	2448
134.053	2448
134.058	2448
134.059	2448
134.063	2448
134.068	2448
134.073	2448
134.073	2448
134.078	2448
134.082	2448
134.087	2448
134.091	2448
134.096	2448
134.097	2448
134.102	2448
134.106	2448
134.107	2448
134.111	2448
134.111	2448
134.116	2448
134.121	2448
134.121	2448
134.127	2448
134.131	2448
134.135	2448
134.14	2448
134.14	2448
134.145	2448
134.146	2448
134.151	2448
134.155	2448
134.16	2448
134.164	2448
134.165	2448
134.17	2448
134.174	2448
134.175	2448
134.18	2448
134.184	2448
134.188	2448
134.189	2448
134.195	2448
134.198	2448
134.203	2448
134.205	2448
134.208	2448
134.213	2448
134.213	2448
134.218	2448
134.224	2448
134.224	2448
134.229	2448
134.233	2448
134.233	2448
134.238	2448
134.238	2448
134.244	2448
134.245	2448
134.249	2448
134.253	2448
134.258	2448
134.258	2448
134.264	2448
134.268	2448
134.269	2448
134.273	2448
134.277	2448
134.278	2448
134.284	2448
134.288	2448
134.289	2448
134.293	2448
134.298	2448
134.299	2448
134.303	2448
134.308	2448
134.308	2448
134.313	2448
134.318	2448
134.319	2448
134.323	2448
134.328	2448
134.331	2448
134.332	2448
134.338	2448
134.341	2448
134.342	2448
134.348	2448
134.351	2448
134.352	2448
134.356	2448
134.361	2448
134.362	2448
134.366	2448
134.371	2448
134.372	2448
134.377	2448
134.382	2448
134.382	2448
134.387	2448
134.392	2448
134.392	2448
134.397	2448
134.402	2448
134.402	2448
134.407	2448
134.411	2448
134.412	2448
134.416	2448
134.419	2448
134.42	2448
134.424	2448
134.427	2448
134.428	2448
134.43	2448
134.434	2448
134.435	2448
134.438	2448
134.442	2448
134.443	2448
134.447	2448
134.448	2448
134.451	2448
134.454	2448
134.455	2448
134.458	2448
134.462	2375
134.463	2375
134.466	2375
134.471	2375
134.474	2375
134.479	2375
134.483	2375
134.483	2375
134.486	2375
134.491	2375
134.491	2375
134.495	2375
134.498	2375
134.498	2375
134.502	2375
134.506	2375
134.507	2375
134.511	2375
134.514	2375
134.515	2375
134.52	2375
134.523	2375
134.524	2375
134.528	2375
134.528	2375
134.532	2375
134.536	2375
134.536	2375
134.54	2375
134.543	2375
134.544	2375
134.547	2375
134.552	2375
134.553	2375
134.556	2375
134.56	2375
134.561	2375
134.564	2375
134.567	2375
134.571	2375
134.578	2375
134.578	2375
134.585	2375
134.591	2375
134.592	2375
134.598	2375
134.606	2375
134.607	2375
134.612	2375
134.619	2375
134.62	2375
134.626	2375
134.632	2375
134.639	2375
134.64	2375
134.64	2375
134.647	2375
134.653	2375
134.654	2375
134.656	2375
134.662	2375
134.662	2375
134.668	2375
134.669	2375
134.676	2375
134.682	2375
134.688	2375
134.695	2375
134.702	2375
134.703	2375
134.708	2375
134.714	2375
134.721	2375
134.723	2375
134.729	2375
134.734	2375
134.739	2375
134.74	2375
134.74	2375
134.745	2375
134.75	2375
134.755	2375
134.76	2375
134.761	2375
134.765	2375
134.771	2387
134.775	2387
134.776	2387
134.781	2387
134.784	2387
134.785	2387
134.79	2387
134.796	2387
134.796	2387
134.8	2391
134.806	2391
134.806	2391
134.811	2391
134.815	2391
134.815	2391
134.82	2391
134.825	2391
134.826	2391
134.826	2391
134.832	2391
134.837	2391
134.837	2391
134.842	2391
134.847	2391
134.848	2391
134.852	2391
134.857	2391
134.858	2391
134.862	2391
134.867	2391
134.868	2391
134.871	2391
134.876	2391
134.877	2391
134.883	2391
134.887	2391
134.892	2391
134.893	2391
134.896	2391
134.902	2391
134.902	2391
134.908	2391
134.911	2391
134.912	2391
134.918	2391
134.922	2391
134.923	2391
134.927	2391
134.931	2391
134.932	2391
134.937	2391
134.942	2391
134.946	2391
134.951	2391
134.952	2391
134.957	2391
134.962	2391
134.963	2391
134.967	2391
134.972	2391
134.973	2391
134.978	2391
134.982	2391
134.983	2391
134.988	2391
134.992	2391
134.997	2391
135.002	2391
135.003	2391
135.007	2391
135.012	2391
135.017	2391
135.017	2391
135.021	2391
135.027	2391
135.032	2391
135.036	2391
135.037	2391
135.041	2391
135.045	2391
135.046	2391
135.051	2391
135.056	2391
135.06	2391
135.062	2391
135.066	2391
135.07	2391
135.071	2391
135.077	2391
135.081	2391
135.086	2391
135.087	2391
135.092	2391
135.095	2391
135.101	2391
135.106	2391
135.109	2391
135.11	2391
135.115	2391
135.12	2391
135.125	2391
135.125	2391
135.126	2391
135.13	2391
135.135	2391
135.315	2391
135.317	2391
135.323	2391
135.326	2391
135.331	2391
135.417	2391
135.422	2391
135.425	2391
135.43	2391
135.435	2391
135.52	2391
135.523	2391
135.524	2391
135.53	2391
135.533	2391
135.534	2391
135.539	2391
135.543	2391
135.544	2391
135.549	2391
135.554	2391
135.554	2391
135.559	2391
135.564	2391
135.564	2391
135.569	2391
135.574	2391
135.574	2391
135.579	2391
135.584	2391
135.585	2391
135.589	2391
135.594	2391
135.595	2391
135.599	2391
135.604	2391
135.605	2391
135.61	2391
135.614	2391
135.615	2391
135.62	2391
135.625	2391
135.626	2391
135.631	2391
135.635	2391
135.636	2391
135.641	2391
135.645	2391
135.645	2391
135.65	2391
135.656	2391
135.656	2391
135.66	2391
135.665	2391
135.667	2391
135.671	2391
135.675	2391
135.676	2391
135.68	2391
135.685	2391
135.686	2391
135.69	2391
135.696	2391
135.697	2391
135.701	2391
135.706	2391
135.707	2391
135.712	2391
135.715	2391
135.716	2391
135.721	2391
135.727	2391
135.727	2391
135.732	2391
135.737	2391
135.737	2391
135.742	2391
135.746	2391
135.746	2391
135.751	2391
135.757	2391
135.757	2391
135.761	2391
135.767	2391
135.768	2391
135.771	2391
135.777	2391
135.778	2391
135.781	2391
135.786	2391
135.787	2391
135.792	2391
135.796	2391
135.797	2391
135.803	2391
135.806	2391
135.807	2391
135.812	2391
135.817	2391
135.817	2391
135.822	2391
135.827	2391
135.827	2391
135.832	2391
135.838	2391
135.838	2391
135.843	2391
135.847	2391
135.848	2391
135.853	2391
135.857	2391
135.858	2391
135.863	2391
135.868	2391
135.869	2391
135.873	2391
135.877	2391
135.878	2391
135.883	2391
135.887	2391
135.888	2391
135.893	2391
135.897	2391
135.898	2391
135.904	2391
135.909	2391
135.909	2391
135.914	2391
135.918	2391
135.918	2391
135.923	2391
135.929	2391
135.93	2391
135.934	2391
135.938	2391
135.939	2391
135.944	2391
135.949	2391
135.95	2391
135.954	2391
135.959	2391
135.959	2391
135.964	2391
135.969	2391
135.97	2391
135.975	2391
135.979	2391
135.979	2391
135.985	2391
135.99	2391
135.99	2391
135.994	2391
135.999	2391
135.999	2391
136.004	2391
136.009	2391
136.009	2391
136.014	2391
136.019	2391
136.02	2391
136.024	2391
136.03	2391
136.031	2391
136.034	2391
136.04	2391
136.041	2391
136.045	2391
136.05	2391
136.051	2391
136.056	2391
136.06	2391
136.061	2391
136.065	2391
136.069	2391
136.07	2391
136.076	2391
136.08	2391
136.08	2391
136.085	2391
136.09	2391
136.09	2391
136.095	2391
136.101	2391
136.101	2391
136.105	2391
136.111	2391
136.111	2391
136.116	2391
136.121	2391
136.122	2391
136.126	2391
136.131	2391
136.132	2391
136.136	2391
136.14	2391
136.141	2391
136.145	2391
136.148	2391
136.148	2391
136.148	2391
136.152	2391
136.157	2391
136.158	2391
136.163	2391
136.166	2391
136.166	2391
136.171	2391
136.174	2391
136.177	2391
136.182	2391
136.185	2391
136.191	2391
136.191	2391
136.195	2391
136.199	2391
136.203	2391
136.204	2391
136.208	2391
136.211	2391
136.212	2391
136.217	2391
136.22	2391
136.221	2391
136.227	2391
136.231	2391
136.237	2391
136.244	2391
136.25	2391
136.256	2391
136.257	2391
136.264	2391
136.265	2391
136.265	2391
136.271	2391
136.277	2391
136.283	2391
136.284	2391
136.291	2391
136.297	2391
136.304	2391
136.305	2391
136.31	2391
136.318	2391
136.319	2391
136.325	2391
136.33	2391
136.337	2391
136.338	2391
136.344	2391
136.348	2391
136.354	2391
136.358	2391
136.362	2391
136.368	2391
136.369	2391
136.37	2391
136.37	2391
136.375	2391
136.379	2391
136.379	2391
136.384	2391
136.39	2391
136.39	2391
136.394	2391
136.399	2391
136.4	2391
136.405	2391
136.409	2391
136.41	2391
136.414	2391
136.42	2391
136.421	2391
136.425	2391
136.429	2391
136.43	2391
136.436	2391
136.439	2391
136.444	2391
136.445	2391
136.45	2391
136.455	2391
136.456	2391
136.46	2391
136.464	2391
136.466	2391
136.471	2391
136.475	2391
136.476	2391
136.481	2391
136.486	2391
136.486	2391
136.491	2391
136.495	2391
136.495	2391
136.5	2391
136.505	2391
136.505	2391
136.511	2391
136.515	2391
136.516	2391
136.521	2391
136.525	2391
136.527	2391
136.53	2391
136.535	2391
136.536	2391
136.541	2391
136.546	2391
136.547	2391
136.563	2110
136.57	2110
136.571	2110
136.581	2110
136.586	2110
136.59	2110
136.591	2110
136.596	2110
136.602	2110
136.602	2110
136.608	2110
136.614	2110
136.619	2110
136.624	2110
136.625	2110
136.631	2110
136.636	2110
136.637	2110
136.641	2110
136.647	2110
136.648	2110
136.653	2110
136.658	2110
136.665	2110
136.669	2110
136.674	2110
136.675	2110
136.68	2110
136.686	2110
136.686	2110
136.693	2110
136.697	2110
136.698	2110
136.704	2110
136.709	2110
136.709	2110
136.716	2110
136.72	2110
136.721	2110
136.726	2110
136.733	2110
136.733	2110
136.739	2110
136.744	2110
136.748	2110
136.749	2110
136.754	2110
136.755	2110
136.761	2110
136.761	2110
136.767	2110
136.772	2110
136.773	2110
136.778	2110
136.784	2110
136.784	2110
136.791	2110
136.795	2110
136.796	2110
136.801	2110
136.806	2110
136.807	2110
136.814	2110
136.819	2110
136.82	2110
136.825	2110
136.83	2110
136.831	2110
136.836	2110
136.842	2110
136.843	2110
136.847	2110
136.852	2110
136.859	2110
136.859	2110
136.865	2110
136.865	2110
136.87	2110
136.875	2110
136.876	2110
136.881	2110
136.888	2110
136.889	2110
136.893	2110
136.899	2110
136.9	2110
136.905	2110
136.91	2110
136.91	2110
136.916	2110
136.921	2110
136.922	2110
136.927	2110
136.934	2110
136.934	2110
136.935	2110
136.941	2110
136.946	2110
136.947	2110
136.951	2110
136.957	2110
136.957	2110
136.958	2110
136.962	2110
136.966	2110
136.971	2110
136.971	2110
136.975	2110
136.98	2110
136.98	2110
136.985	2110
136.989	2110
136.994	2110
136.999	2110
136.999	2110
137.003	2110
137.008	2110
137.009	2110
137.012	2110
137.018	2110
137.021	2110
137.021	2110
137.028	2110
137.035	2110
137.039	2110
137.039	2110
137.045	2110
137.049	2110
137.05	2110
137.055	2110
137.063	2110
137.07	2110
137.071	2110
137.079	2110
137.085	2110
137.086	2110
137.094	2110
137.101	2110
137.108	2110
137.109	2110
137.116	2110
137.124	2110
137.125	2110
137.131	2110
137.138	2110
137.139	2110
137.146	2110
137.153	2110
137.154	2110
137.161	2110
137.17	2110
137.17	2110
137.176	2110
137.176	2110
137.182	2110
137.187	2110
137.191	2110
137.193	2110
137.199	2110
137.204	2110
137.208	2110
137.215	2110
137.219	2110
137.224	2110
137.231	2110
137.231	2110
137.237	2110
137.238	2110
137.243	2110
137.247	2110
137.248	2110
137.253	2110
137.259	2110
137.26	2110
137.266	2110
137.271	2110
137.272	2110
137.276	2110
137.283	2110
137.283	2110
137.289	2110
137.294	2110
137.295	2110
137.299	2110
137.305	2110
137.305	2110
137.311	2110
137.316	2110
137.317	2110
137.322	2110
137.328	2110
137.328	2110
137.334	2110
137.34	2110
137.34	2110
137.345	2110
137.35	2110
137.351	2110
137.358	2110
137.363	2110
137.364	2110
137.369	2110
137.374	2110
137.375	2110
137.38	2110
137.385	2110
137.386	2110
137.391	2110
137.397	2110
137.398	2110
137.402	2110
137.408	2110
137.414	2110
137.415	2110
137.42	2110
137.425	2110
137.425	2110
137.432	2110
137.436	2110
137.437	2110
137.442	2110
137.447	2110
137.448	2110
137.455	2110
137.46	2110
137.461	2110
137.465	2110
137.47	2110
137.476	2110
137.477	2110
137.482	2110
137.488	2110
137.489	2110
137.494	2110
137.5	2110
137.5	2110
137.506	2110
137.511	2110
137.511	2110
137.518	2110
137.523	2110
137.528	2110
137.529	2110
137.535	2110
137.541	2110
137.546	2110
137.546	2110
137.551	2110
137.557	2110
137.558	2110
137.558	2110
137.563	2110
137.57	2110
137.571	2110
137.576	2110
137.58	2110
137.581	2110
137.587	2110
137.592	2110
137.592	2110
137.598	2110
137.604	2110
137.605	2110
137.61	2110
137.615	2110
137.615	2110
137.622	2110
137.626	2110
137.627	2110
137.632	2110
137.638	2110
137.639	2110
137.644	2110
137.649	2110
137.654	2110
137.655	2110
137.66	2110
137.667	2110
137.668	2110
137.673	2110
137.678	2110
137.679	2110
137.683	2110
137.69	2110
137.69	2110
137.695	2110
137.701	2110
137.701	2110
137.707	2110
137.713	2110
137.713	2110
137.719	2110
137.723	2110
137.724	2110
137.729	2110
137.73	2110
137.735	2110
137.737	2110
137.742	2110
137.743	2110
137.748	2110
137.754	2110
137.755	2110
137.759	2110
137.764	2110
137.765	2110
137.771	2110
137.776	2110
137.781	2110
137.782	2110
137.786	2110
137.791	2110
137.796	2110
137.796	2110
137.8	2110
137.804	2110
137.805	2110
137.811	2110
137.816	2110
137.816	2110
137.821	2110
137.824	2110
137.829	2110
137.829	2110
137.834	2110
137.841	2110
137.841	2110
137.842	2110
137.847	2110
137.854	2110
137.857	2110
137.857	2110
137.863	2110
137.869	2110
137.869	2110
137.875	2110
137.883	2110
137.884	2110
137.891	2110
137.899	2110
137.899	2110
137.907	2110
137.914	2110
137.92	2110
137.928	2110
137.929	2110
137.936	2110
137.943	2110
137.944	2110
137.951	2110
137.958	2110
137.965	2110
137.966	2110
137.973	2110
137.98	2110
137.981	2110
137.989	2110
137.994	2110
137.995	2110
138.001	2110
138.006	2110
138.007	2110
138.012	2110
138.018	2110
138.023	2110
138.028	2110
138.029	2110
138.035	2110
138.04	2110
138.044	2110
138.045	2110
138.051	2110
138.052	2110
138.058	2110
138.058	2110
138.063	2110
138.068	2110
138.069	2110
138.074	2110
138.079	2110
138.08	2110
138.086	2110
138.091	2110
138.092	2110
138.097	2110
138.102	2110
138.103	2110
138.109	2110
138.115	2110
138.116	2110
138.12	2110
138.125	2110
138.126	2110
138.132	2110
138.137	2110
138.138	2110
138.143	2110
138.149	2110
138.15	2110
138.154	2110
138.16	2110
138.16	2110
138.166	2110
138.172	2110
138.173	2110
138.178	2110
138.183	2110
138.183	2110
138.189	2110
138.194	2110
138.196	2110
138.201	2110
138.207	2110
138.207	2110
138.212	2110
138.217	2110
138.218	2110
138.224	2110
138.229	2110
138.229	2110
138.235	2110
138.241	2110
138.242	2110
138.246	2110
138.251	2110
138.252	2110
138.258	2110
138.263	2110
138.269	2110
138.269	2110
138.274	2110
138.28	2110
138.286	2110
138.292	2110
138.292	2110
138.297	2110
138.303	2110
138.304	2110
138.309	2110
138.314	2110
138.315	2110
138.32	2110
138.327	2110
138.331	2110
138.335	2110
138.339	2110
138.345	2110
138.351	2110
138.356	2110
138.357	2110
138.361	2110
138.367	2110
138.368	2110
138.373	2110
138.379	2110
138.38	2110
138.384	2110
138.389	2110
138.39	2110
138.395	2110
138.402	2110
138.405	2110
138.41	2110
138.415	2110
138.42	2110
138.425	2110
138.43	2110
138.431	2110
138.438	2110
138.443	2110
138.444	2110
138.449	2110
138.454	2110
138.458	2110
138.465	1969
138.47	1969
138.476	1969
138.477	1969
138.483	1969
138.483	1969
138.489	1969
138.494	1969
138.495	1969
138.501	1969
138.506	1969
138.507	1969
138.513	1969
138.518	1969
138.524	1969
138.525	1969
138.532	1969
138.537	1969
138.537	1969
138.543	1969
138.549	1969
138.55	1969
138.556	1969
138.562	1969
138.563	1969
138.568	1969
138.574	1969
138.574	1969
138.58	1969
138.587	1969
138.587	1969
138.592	1969
138.599	1969
138.605	1969
138.605	1969
138.61	1969
138.615	1969
138.615	1969
138.621	1969
138.624	1969
138.625	1969
138.63	1969
138.635	1969
138.636	1969
138.64	1969
138.644	1969
138.65	1969
138.654	1969
138.655	1969
138.659	1969
138.659	1969
138.667	1969
138.667	1969
138.672	1969
138.681	1969
138.681	1969
138.686	1969
138.695	1969
138.699	1969
138.7	1969
138.704	1969
138.71	1969
138.712	1969
138.72	1969
138.726	1969
138.727	1969
138.736	1969
138.744	1969
138.751	1969
138.759	1969
138.76	1969
138.761	1969
138.768	1969
138.775	1969
138.783	1969
138.784	1969
138.792	1969
138.8	1969
138.808	1969
138.809	1969
138.817	1969
138.821	1969
138.822	1969
138.828	1969
138.834	1969
138.835	1969
138.841	1969
138.847	1969
138.852	1969
138.857	1969
138.858	1969
138.864	1969
138.87	1969
138.871	1969
138.876	1969
138.877	1969
138.883	1969
138.889	1969
138.894	1969
138.895	1969
138.901	1969
138.908	1969
138.908	1969
138.913	1969
138.92	1969
138.926	1969
138.926	1969
138.931	1969
138.938	1969
138.939	1969
138.944	1969
138.95	1969
138.95	1969
138.956	1969
138.962	1969
138.963	1969
138.968	1969
138.974	1969
138.975	1969
138.981	1969
138.987	1969
138.988	1969
138.994	1969
138.998	1969
138.999	1969
139.005	1969
139.011	1969
139.011	1969
139.017	1969
139.024	1969
139.025	1969
139.03	1969
139.036	1969
139.037	1969
139.043	1969
139.048	1969
139.049	1969
139.055	1969
139.061	1969
139.061	1969
139.066	1969
139.072	1969
139.073	1969
139.079	1969
139.084	1969
139.085	1969
139.092	1969
139.098	1969
139.104	1969
139.105	1969
139.111	1969
139.116	1969
139.116	1969
139.122	1969
139.128	1969
139.128	1969
139.134	1969
139.14	1969
139.141	1969
139.146	1969
139.153	1969
139.158	1969
139.159	1969
139.165	1969
139.172	1969
139.176	1969
139.177	1969
139.184	1969
139.19	1969
139.19	1969
139.196	1969
139.201	1969
139.202	1969
139.207	1969
139.213	1969
139.215	1969
139.221	1969
139.225	1969
139.232	1969
139.233	1969
139.238	1969
139.244	1969
139.25	1969
139.255	1969
139.257	1969
139.261	1969
139.268	1969
139.269	1969
139.275	1969
139.279	1969
139.28	1969
139.286	1969
139.293	1969
139.294	1969
139.299	1969
139.304	1969
139.305	1969
139.311	1969
139.316	1969
139.318	1969
139.323	1969
139.33	1969
139.33	1969
139.336	1969
139.342	1969
139.343	1969
139.348	1969
139.349	1969
139.355	1969
139.36	1969
139.365	1969
139.366	1969
139.373	1969
139.379	1969
139.38	1969
139.384	1969
139.39	1969
139.391	1969
139.397	1969
139.403	1969
139.408	1969
139.409	1969
139.415	1969
139.42	1969
139.426	1969
139.427	1969
139.434	1969
139.439	1969
139.444	1969
139.445	1969
139.449	1969
139.455	1969
139.456	1969
139.46	1969
139.465	1969
139.465	1969
139.47	1969
139.475	1969
139.475	1969
139.479	1969
139.491	1969
139.491	1969
139.496	1969
139.496	1969
139.501	1969
139.506	1969
139.506	1969
139.513	1969
139.517	1969
139.522	1969
139.523	1969
139.528	1969
139.533	1969
139.535	1969
139.543	1969
139.549	1969
139.55	1969
139.557	1969
139.558	1969
139.566	1969
139.573	1969
139.581	1969
139.582	1969
139.589	1969
139.597	1969
139.599	1969
139.605	1969
139.614	1969
139.615	1969
139.623	1969
139.63	1969
139.638	1969
139.639	1969
139.647	1969
139.653	1969
139.654	1969
139.66	1969
139.666	1969
139.668	1969
139.673	1969
139.679	1969
139.685	1969
139.686	1969
139.691	1969
139.692	1969
139.698	1969
139.704	1969
139.708	1969
139.709	1969
139.716	1969
139.722	1969
139.727	1969
139.732	1969
139.733	1969
139.739	1969
139.745	1969
139.746	1969
139.752	1969
139.757	1969
139.757	1969
139.763	1969
139.769	1969
139.77	1969
139.775	1969
139.777	1969
139.783	1969
139.789	1969
139.79	1969
139.795	1969
139.801	1969
139.802	1969
139.808	1969
139.813	1969
139.818	1969
139.82	1969
139.826	1969
139.831	1969
139.832	1969
139.838	1969
139.844	1969
139.845	1969
139.85	1969
139.856	1969
139.857	1969
139.863	1969
139.868	1969
139.869	1969
139.874	1969
139.88	1969
139.885	1969
139.886	1969
139.893	1969
139.898	1969
139.898	1969
139.904	1969
139.91	1969
139.911	1969
139.917	1969
139.926	1828
139.926	1828
139.931	1828
139.938	1828
139.938	1828
139.946	1828
139.956	1828
139.962	1828
139.963	1828
139.968	1828
139.975	1828
139.976	1828
139.981	1828
139.987	1828
139.988	1828
139.995	1828
140	1828
140.001	1828
140.007	1828
140.014	1828
140.015	1828
140.021	1828
140.028	1828
140.029	1828
140.03	1828
140.036	1828
140.042	1828
140.042	1828
140.049	1828
140.054	1828
140.061	1828
140.067	1828
140.074	1828
140.075	1828
140.081	1828
140.086	1828
140.087	1828
140.094	1828
140.099	1828
140.1	1828
140.106	1828
140.112	1828
140.113	1828
140.119	1828
140.127	1828
140.128	1828
140.128	1828
140.135	1828
140.14	1828
140.141	1828
140.148	1828
140.154	1828
140.155	1828
140.161	1828
140.166	1828
140.167	1828
140.173	1828
140.179	1828
140.18	1828
140.188	1828
140.194	1828
140.2	1828
140.2	1828
140.207	1828
140.213	1828
140.214	1828
140.22	1828
140.225	1828
140.226	1828
140.232	1828
140.24	1828
140.24	1828
140.246	1828
140.252	1828
140.258	1828
140.264	1828
140.266	1828
140.27	1828
140.275	1828
140.276	1828
140.282	1828
140.287	1828
140.287	1828
140.291	1828
140.297	1828
140.301	1828
140.302	1828
140.308	1828
140.313	1828
140.313	1828
140.321	1828
140.325	1828
140.331	1828
140.331	1828
140.332	1828
140.336	1828
140.343	1828
140.343	1828
140.351	1828
140.363	1828
140.363	1828
140.368	1828
140.369	1828
140.378	1828
140.385	1828
140.386	1828
140.394	1828
140.403	1828
140.404	1828
140.412	1828
140.421	1828
140.422	1828
140.43	1828
140.438	1828
140.439	1828
140.447	1828
140.456	1828
140.465	1828
140.466	1828
140.473	1828
140.479	1828
140.48	1828
140.487	1828
140.493	1828
140.494	1828
140.499	1828
140.507	1828
140.513	1828
140.518	1828
140.519	1828
140.525	1828
140.532	1828
140.533	1828
140.538	1828
140.545	1828
140.552	1828
140.553	1828
140.559	1828
140.564	1828
140.565	1828
140.571	1828
140.578	1828
140.584	1828
140.585	1828
140.591	1828
140.597	1828
140.598	1828
140.605	1828
140.611	1828
140.612	1828
140.617	1828
140.623	1828
140.624	1828
140.631	1828
140.637	1828
140.637	1828
140.643	1828
140.649	1828
140.65	1828
140.656	1828
140.664	1828
140.665	1828
140.671	1828
140.676	1828
140.677	1828
140.684	1828
140.69	1828
140.691	1828
140.696	1828
140.702	1828
140.703	1828
140.71	1828
140.716	1828
140.716	1828
140.724	1828
140.729	1828
140.73	1828
140.736	1828
140.742	1828
140.744	1828
140.75	1828
140.769	1755
140.775	1755
140.776	1755
140.782	1755
140.79	1755
140.795	1755
140.796	1755
140.803	1755
140.809	1755
140.81	1755
140.816	1755
140.823	1755
140.824	1755
140.831	1755
140.837	1755
140.843	1755
140.85	1755
140.857	1755
140.858	1755
140.864	1755
140.87	1755
140.871	1755
140.878	1755
140.883	1755
140.884	1755
140.891	1755
140.897	1755
140.898	1755
140.904	1755
140.911	1755
140.917	1755
140.924	1755
140.926	1755
140.932	1755
140.938	1755
140.939	1755
140.946	1755
140.952	1755
140.953	1755
140.96	1755
140.966	1755
140.967	1755
140.973	1755
140.979	1755
140.98	1755
140.987	1755
140.994	1755
140.995	1755
141	1755
141.007	1755
141.008	1755
141.015	1755
141.021	1755
141.022	1755
141.028	1755
141.034	1755
141.035	1755
141.042	1755
141.049	1755
141.05	1755
141.056	1755
141.063	1755
141.064	1755
141.07	1755
141.076	1755
141.077	1755
141.084	1755
141.09	1755
141.091	1755
141.097	1755
141.102	1755
141.108	1755
141.109	1755
141.114	1755
141.12	1755
141.12	1755
141.128	1755
141.135	1755
141.135	1755
141.141	1755
141.147	1755
141.147	1755
141.152	1755
141.165	1755
141.17	1755
141.17	1755
141.177	1755
141.177	1755
141.181	1755
141.182	1755
141.187	1755
141.193	1755
141.194	1755
141.2	1755
141.208	1755
141.218	1755
141.219	1755
141.226	1755
141.235	1755
141.244	1755
141.252	1755
141.253	1755
141.262	1755
141.272	1755
141.273	1755
141.28	1755
141.289	1755
141.297	1755
141.299	1755
141.306	1755
141.313	1755
141.314	1755
141.319	1755
141.326	1755
141.333	1755
141.334	1755
141.34	1755
141.347	1755
141.353	1755
141.354	1755
141.36	1755
141.367	1755
141.368	1755
141.373	1755
141.381	1755
141.387	1755
141.387	1755
141.393	1755
141.401	1755
141.402	1755
141.408	1755
141.415	1755
141.421	1755
141.422	1755
141.428	1755
141.434	1755
141.435	1755
141.442	1755
141.448	1755
141.449	1755
141.456	1755
141.462	1755
141.463	1755
141.469	1755
141.475	1755
141.476	1755
141.482	1755
141.489	1755
141.49	1755
141.497	1755
141.503	1755
141.504	1755
141.511	1755
141.517	1755
141.518	1755
141.524	1755
141.531	1755
141.532	1755
141.538	1755
141.545	1755
141.546	1755
141.551	1755
141.559	1755
141.559	1755
141.565	1755
141.573	1755
141.574	1755
141.58	1755
141.585	1755
141.586	1755
141.594	1755
141.599	1755
141.6	1755
141.607	1755
141.613	1755
141.619	1755
141.62	1755
141.627	1755
141.633	1755
141.64	1755
141.641	1755
141.648	1755
141.654	1755
141.655	1755
141.662	1755
141.668	1755
141.669	1755
141.675	1755
141.681	1755
141.682	1755
141.688	1755
141.695	1755
141.696	1755
141.703	1755
141.704	1755
141.709	1755
141.716	1755
141.717	1755
141.723	1755
141.731	1755
141.732	1755
141.738	1755
141.744	1755
141.745	1755
141.751	1755
141.758	1755
141.759	1755
141.766	1755
141.772	1755
141.773	1755
141.779	1755
141.785	1755
141.791	1755
141.792	1755
141.799	1755
141.806	1755
141.807	1755
141.812	1755
141.82	1755
141.826	1755
141.827	1755
141.833	1755
141.839	1755
141.845	1755
141.846	1755
141.854	1755
141.859	1755
141.86	1755
141.868	1755
141.873	1755
141.874	1755
141.881	1755
141.887	1755
141.893	1755
141.894	1755
141.902	1755
141.908	1755
141.909	1755
141.914	1755
141.921	1755
141.923	1755
141.928	1755
141.936	1755
141.94	1755
141.94	1755
141.947	1755
141.952	1755
141.957	1755
141.958	1755
141.963	1755
141.968	1755
141.969	1755
141.974	1755
141.979	1755
141.98	1755
141.985	1755
141.989	1755
141.99	1755
141.995	1755
142.002	1755
142.002	1755
142.012	1755
142.017	1755
142.017	1755
142.024	1755
142.032	1755
142.032	1755
142.039	1755
142.049	1755
142.049	1755
142.062	1755
142.07	1755
142.079	1755
142.086	1755
142.096	1755
142.097	1755
142.105	1755
142.114	1755
142.114	1755
142.123	1755
142.132	1755
142.14	1755
142.142	1755
142.148	1755
142.154	1755
142.155	1755
142.162	1755
142.168	1755
142.174	1755
142.175	1755
142.182	1755
142.183	1755
142.19	1755
142.191	1755
142.197	1755
142.204	1755
142.205	1755
142.211	1755
142.218	1644
142.224	1644
142.23	1644
142.237	1644
142.244	1644
142.245	1644
142.253	1644
142.26	1644
142.261	1644
142.268	1644
142.274	1644
142.275	1644
142.281	1644
142.288	1644
142.289	1644
142.297	1644
142.304	1644
142.305	1644
142.311	1644
142.318	1644
142.319	1644
142.327	1644
142.333	1644
142.334	1644
142.341	1644
142.348	1644
142.349	1644
142.356	1644
142.362	1644
142.363	1644
142.37	1644
142.377	1644
142.378	1644
142.384	1644
142.391	1644
142.399	1644
142.4	1644
142.401	1644
142.407	1644
142.415	1644
142.422	1644
142.423	1644
142.43	1644
142.436	1644
142.438	1644
142.444	1644
142.45	1644
142.451	1644
142.458	1644
142.466	1644
142.467	1644
142.474	1644
142.48	1644
142.481	1644
142.488	1644
142.494	1644
142.495	1644
142.503	1644
142.509	1644
142.51	1644
142.517	1644
142.524	1644
142.525	1644
142.533	1644
142.539	1644
142.54	1644
142.547	1644
142.548	1644
142.555	1644
142.556	1644
142.562	1644
142.57	1644
142.571	1644
142.577	1644
142.585	1668
142.586	1668
142.587	1668
142.593	1668
142.599	1668
142.6	1668
142.607	1699
142.614	1699
142.614	1699
142.621	1699
142.629	1699
142.63	1699
142.635	1699
142.643	1699
142.649	1699
142.655	1699
142.656	1699
142.663	1699
142.669	1699
142.67	1699
142.677	1699
142.684	1699
142.685	1699
142.691	1699
142.698	1699
142.7	1699
142.706	1699
142.712	1699
142.713	1699
142.721	1699
142.726	1699
142.727	1699
142.735	1699
142.741	1699
142.748	1699
142.749	1699
142.755	1699
142.761	1699
142.762	1699
142.767	1699
142.773	1699
142.778	1699
142.779	1699
142.783	1699
142.788	1699
142.789	1699
142.794	1699
142.795	1699
142.8	1699
142.801	1699
142.808	1699
142.812	1699
142.813	1699
142.824	1699
142.824	1699
142.83	1699
142.839	1699
142.844	1699
142.845	1699
142.85	1699
142.855	1699
142.857	1699
142.865	1699
142.873	1699
142.874	1699
142.883	1699
142.892	1699
142.901	1699
142.902	1699
142.912	1699
142.921	1699
142.93	1699
142.931	1699
142.94	1699
142.949	1699
142.95	1699
142.959	1699
142.966	1699
142.972	1699
142.973	1699
142.98	1699
142.986	1699
142.987	1699
142.994	1699
143.001	1699
143.006	1699
143.007	1699
143.015	1699
143.022	1699
143.027	1699
143.035	1699
143.036	1699
143.042	1699
143.049	1699
143.055	1699
143.056	1699
143.062	1699
143.07	1699
143.076	1699
143.077	1699
143.083	1699
143.09	1699
143.091	1699
143.097	1699
143.104	1699
143.105	1699
143.113	1699
143.119	1699
143.12	1699
143.127	1699
143.133	1699
143.134	1699
143.14	1699
143.148	1699
143.149	1699
143.155	1699
143.162	1699
143.163	1699
143.17	1699
143.176	1699
143.177	1699
143.184	1699
143.19	1699
143.191	1699
143.198	1699
143.204	1699
143.205	1699
143.212	1699
143.218	1699
143.219	1699
143.225	1699
143.232	1699
143.234	1699
143.241	1699
143.246	1699
143.247	1699
143.254	1699
143.261	1699
143.267	1699
143.268	1699
143.275	1699
143.281	1699
143.283	1699
143.29	1699
143.296	1699
143.297	1699
143.303	1699
143.31	1699
143.311	1699
143.317	1699
143.325	1699
143.331	1699
143.332	1699
143.338	1699
143.346	1699
143.347	1699
143.353	1699
143.36	1699
143.361	1699
143.368	1699
143.373	1699
143.374	1699
143.382	1699
143.388	1699
143.389	1699
143.396	1699
143.403	1699
143.41	1699
143.411	1699
143.417	1699
143.424	1699
143.425	1699
143.431	1699
143.438	1699
143.439	1699
143.446	1699
143.451	1699
143.452	1699
143.459	1699
143.46	1699
143.467	1699
143.473	1699
143.481	1699
143.482	1699
143.487	1699
143.494	1699
143.495	1699
143.503	1699
143.509	1699
143.51	1699
143.517	1699
143.523	1699
143.524	1699
143.531	1699
143.538	1699
143.543	1699
143.544	1699
143.551	1699
143.559	1699
143.559	1699
143.566	1699
143.572	1699
143.573	1699
143.58	1699
143.586	1699
143.587	1699
143.592	1699
143.597	1699
143.598	1699
143.604	1699
143.61	1699
143.611	1699
143.615	1699
143.621	1699
143.622	1699
143.627	1699
143.633	1699
143.638	1699
143.639	1699
143.644	1699
143.652	1699
143.652	1699
143.663	1699
143.671	1699
143.676	1699
143.681	1699
143.682	1699
143.693	1699
143.701	1699
143.709	1699
143.719	1699
143.72	1699
143.729	1699
143.738	1699
143.739	1699
143.748	1699
143.757	1699
143.758	1699
143.766	1699
143.775	1699
143.785	1699
143.786	1699
143.794	1699
143.795	1699
143.802	1699
143.803	1699
143.809	1699
143.816	1699
143.817	1699
143.824	1699
143.83	1699
143.831	1699
143.839	1699
143.844	1699
143.845	1699
143.852	1699
143.858	1699
143.859	1699
143.866	1699
143.873	1699
143.88	1699
143.881	1699
143.887	1699
143.894	1699
143.896	1699
143.902	1699
143.909	1699
143.915	1699
143.916	1699
143.922	1699
143.93	1699
143.931	1699
143.936	1699
143.944	1699
143.944	1699
143.951	1699
143.957	1699
143.958	1699
143.965	1699
143.971	1699
143.972	1699
143.979	1699
143.987	1699
143.988	1699
143.993	1699
144.001	1699
144.001	1699
144.008	1699
144.015	1699
144.016	1699
144.022	1699
144.029	1699
144.03	1699
144.031	1699
144.038	1699
144.044	1699
144.044	1699
144.052	1699
144.058	1699
144.059	1699
144.065	1699
144.072	1699
144.073	1699
144.08	1699
144.087	1699
144.094	1699
144.1	1699
144.101	1699
144.107	1699
144.114	1699
144.115	1699
144.121	1699
144.129	1699
144.136	1699
144.137	1699
144.143	1699
144.143	1699
144.151	1699
144.156	1699
144.157	1699
144.165	1699
144.171	1699
144.172	1699
144.178	1699
144.185	1699
144.186	1699
144.194	1699
144.199	1699
144.2	1699
144.207	1699
144.213	1699
144.214	1699
144.221	1699
144.228	1699
144.229	1699
144.235	1699
144.243	1699
144.244	1699
144.25	1699
144.257	1699
144.264	1699
144.265	1699
144.27	1699
144.271	1699
144.279	1699
144.28	1699
144.286	1699
144.292	1699
144.293	1699
144.3	1699
144.306	1699
144.307	1699
144.314	1699
144.315	1699
144.323	1699
144.324	1699
144.329	1699
144.336	1699
144.337	1699
144.344	1699
144.351	1699
144.352	1699
144.359	1699
144.364	1699
144.365	1699
144.372	1699
144.38	1699
144.385	1699
144.386	1699
144.393	1699
144.399	1699
144.4	1699
144.407	1699
144.408	1699
144.415	1699
144.416	1699
144.422	1699
144.423	1699
144.428	1699
144.429	1699
144.435	1699
144.441	1699
144.441	1699
144.446	1699
144.452	1699
144.457	1699
144.458	1699
144.463	1699
144.468	1699
144.469	1699
144.474	1699
144.479	1699
144.48	1699
144.486	1699
144.491	1699
144.495	1699
144.503	1699
144.508	1699
144.511	1699
144.516	1699
144.521	1699
144.53	1699
144.531	1699
144.54	1699
144.541	1699
144.55	1699
144.56	1699
144.568	1699
144.569	1699
144.579	1699
144.587	1699
144.588	1699
144.597	1699
144.606	1699
144.607	1699
144.617	1699
144.618	1699
144.627	1699
144.633	1699
144.634	1699
144.64	1699
144.647	1699
144.654	1699
144.655	1699
144.661	1699
144.669	1699
144.675	1699
144.676	1699
144.683	1699
144.689	1699
144.69	1699
144.697	1699
144.698	1699
144.705	1668
144.706	1668
144.712	1668
144.72	1668
144.726	1668
144.727	1668
144.733	1668
144.74	1668
144.741	1668
144.749	1668
144.755	1668
144.755	1668
144.762	1668
144.769	1668
144.77	1668
144.777	1668
144.783	1668
144.784	1668
144.791	1668
144.798	1668
144.799	1668
144.806	1668
144.808	1668
144.813	1668
144.82	1668
144.822	1668
144.829	1668
144.836	1668
144.837	1668
144.842	1668
144.849	1668
144.85	1668
144.858	1668
144.865	1668
144.866	1668
144.871	1668
144.879	1668
144.88	1668
144.886	1668
144.893	1668
144.894	1668
144.901	1668
144.902	1668
144.908	1668
144.909	1668
144.916	1668
144.923	1668
144.924	1668
144.931	1668
144.938	1668
144.945	1668
144.952	1668
144.953	1668
144.954	1668
144.96	1668
144.967	1668
144.968	1668
144.974	1668
144.975	1668
144.982	1668
144.989	1668
144.995	1668
144.996	1668
145.003	1668
145.01	1668
145.011	1668
145.012	1668
145.019	1668
145.025	1668
145.026	1668
145.033	1668
145.041	1668
145.042	1668
145.048	1668
145.055	1668
145.056	1668
145.063	1668
145.07	1668
145.071	1668
145.076	1668
145.083	1668
145.084	1668
145.091	1668
145.098	1668
145.099	1668
145.106	1668
145.113	1668
145.114	1668
145.115	1668
145.121	1668
145.129	1668
145.13	1668
145.136	1668
145.143	1668
145.144	1668
145.15	1668
145.157	1668
145.164	1668
145.171	1668
145.178	1668
145.185	1668
145.19	1668
145.192	1668
145.198	1668
145.205	1668
145.206	1668
145.213	1668
145.219	1668
145.22	1668
145.227	1668
145.234	1668
145.241	1668
145.242	1668
145.249	1668
145.255	1668
145.26	1668
145.261	1668
145.266	1668
145.271	1668
145.272	1668
145.277	1668
145.283	1668
145.284	1668
145.29	1668
145.295	1668
145.299	1668
145.3	1668
145.307	1668
145.311	1668
145.312	1668
145.317	1668
145.324	1668
145.324	1668
145.33	1668
145.336	1668
145.341	1668
145.343	1668
145.347	1668
145.353	1668
145.354	1668
145.363	1668
145.372	1668
145.373	1668
145.383	1668
145.391	1668
145.392	1668
145.402	1668
145.41	1668
145.413	1668
145.422	1668
145.431	1668
145.439	1668
145.44	1668
145.45	1668
145.459	1668
145.46	1668
145.467	1668
145.474	1668
145.475	1668
145.48	1668
145.488	1668
145.494	1668
145.495	1668
145.502	1668
145.508	1668
145.515	1668
145.523	1668
145.524	1668
145.531	1605
145.538	1605
145.539	1605
145.546	1605
145.553	1605
145.554	1605
145.56	1605
145.568	1605
145.569	1605
145.575	1605
145.582	1605
145.583	1605
145.59	1605
145.597	1605
145.598	1605
145.606	1605
145.613	1605
145.613	1605
145.62	1605
145.628	1605
145.629	1605
145.737	1605
145.739	1605
145.74	1605
145.747	1605
145.754	1605
145.755	1605
145.839	1605
145.846	1605
145.847	1605
145.854	1605
145.861	1605
145.862	1605
145.941	1605
145.948	1605
145.949	1605
145.956	1605
145.964	1605
145.965	1605
145.971	1605
145.978	1605
145.979	1605
145.986	1605
145.993	1605
145.994	1605
146.001	1605
146.008	1605
146.009	1605
146.016	1605
146.023	1605
146.024	1605
146.031	1605
146.038	1605
146.039	1605
146.047	1605
146.053	1605
146.054	1605
146.062	1605
146.068	1605
146.069	1605
146.076	1605
146.084	1605
146.085	1605
146.092	1605
146.099	1605
146.1	1605
146.106	1605
146.114	1605
146.115	1605
146.121	1605
146.129	1605
146.13	1605
146.137	1605
146.143	1605
146.144	1605
146.152	1605
146.159	1605
146.16	1605
146.166	1605
146.174	1605
146.175	1605
146.183	1605
146.189	1605
146.19	1605
146.197	1605
146.205	1605
146.206	1605
146.213	1605
146.22	1605
146.221	1605
146.227	1605
146.235	1605
146.236	1605
146.242	1605
146.249	1605
146.251	1605
146.256	1605
146.261	1605
146.263	1605
146.268	1605
146.274	1605
146.274	1605
146.279	1605
146.285	1605
146.286	1605
146.291	1605
146.297	1605
146.298	1605
146.303	1605
146.309	1605
146.31	1605
146.316	1605
146.322	1605
146.323	1605
146.328	1605
146.334	1605
146.334	1605
146.34	1605
146.346	1605
146.347	1605
146.353	1605
146.361	1605
146.362	1605
146.372	1605
146.381	1605
146.383	1605
146.392	1605
146.402	1605
146.404	1605
146.412	1605
146.421	1605
146.423	1605
146.433	1605
146.441	1605
146.443	1605
146.452	1605
146.462	1605
146.464	1605
146.471	1605
146.478	1605
146.479	1605
146.486	1605
146.493	1605
146.494	1605
146.501	1604
146.507	1604
146.508	1604
146.516	1604
146.522	1604
146.523	1604
146.531	1604
146.537	1604
146.538	1604
146.546	1604
146.553	1604
146.554	1604
146.56	1604
146.567	1604
146.568	1604
146.576	1604
146.582	1604
146.583	1604
146.591	1604
146.597	1604
146.598	1604
146.606	1604
146.612	1604
146.613	1604
146.62	1604
146.628	1604
146.629	1604
146.635	1604
146.643	1604
146.644	1604
146.651	1604
146.658	1604
146.659	1604
146.666	1604
146.673	1604
146.675	1604
146.682	1604
146.689	1604
146.69	1604
146.697	1604
146.704	1604
146.705	1604
146.711	1604
146.718	1604
146.719	1604
146.726	1604
146.734	1604
146.735	1604
146.742	1604
146.748	1604
146.749	1604
146.757	1604
146.763	1604
146.764	1604
146.771	1604
146.779	1604
146.78	1604
146.78	1604
146.788	1604
146.795	1604
146.796	1604
146.802	1604
146.81	1604
146.811	1604
146.818	1604
146.825	1604
146.831	1604
146.832	1604
146.84	1604
146.847	1604
146.848	1604
146.854	1604
146.861	1604
146.862	1604
146.87	1604
146.877	1604
146.878	1604
146.885	1604
146.892	1604
146.893	1604
146.901	1604
146.907	1604
146.908	1604
146.915	1604
146.923	1604
146.924	1604
146.93	1628
146.938	1628
146.939	1628
146.945	1628
146.952	1628
146.958	1628
146.96	1628
146.967	1628
146.974	1628
146.975	1628
146.981	1628
146.988	1628
146.989	1628
146.996	1628
147.003	1628
147.01	1628
147.011	1628
147.019	1628
147.025	1628
147.026	1628
147.034	1628
147.04	1628
147.041	1628
147.049	1628
147.055	1628
147.056	1628
147.063	1628
147.069	1628
147.07	1628
147.077	1628
147.084	1628
147.085	1628
147.091	1628
147.097	1628
147.098	1628
147.103	1628
147.109	1628
147.11	1628
147.115	1628
147.12	1628
147.121	1628
147.126	1628
147.133	1628
147.137	1628
147.138	1628
147.144	1628
147.149	1628
147.15	1628
147.156	1628
147.162	1628
147.163	1628
147.167	1628
147.173	1628
147.174	1628
147.18	1628
147.186	1628
147.187	1628
147.196	1628
147.206	1628
147.207	1628
147.216	1628
147.225	1628
147.227	1628
147.236	1628
147.244	1628
147.253	1628
147.256	1628
147.257	1628
147.265	1628
147.276	1628
147.277	1628
147.285	1628
147.292	1628
147.299	1628
147.306	1628
147.307	1628
147.315	1628
147.321	1628
147.328	1628
147.33	1628
147.337	1628
147.344	1628
147.345	1628
147.352	1628
147.359	1628
147.364	1628
147.365	1628
147.373	1628
147.38	1628
147.386	1628
147.387	1628
147.395	1628
147.401	1628
147.402	1628
147.41	1628
147.416	1628
147.417	1628
147.425	1628
147.431	1628
147.432	1628
147.439	1628
147.447	1628
147.448	1628
147.455	1628
147.461	1628
147.462	1628
147.468	1628
147.475	1628
147.482	1628
147.483	1628
147.49	1628
147.497	1628
147.498	1628
147.506	1628
147.512	1628
147.52	1628
147.521	1628
147.528	1628
147.534	1628
147.542	1628
147.543	1628
147.55	1628
147.557	1628
147.558	1628
147.565	1628
147.571	1628
147.578	1628
147.585	1628
147.586	1628
147.593	1628
147.599	1628
147.6	1628
147.608	1628
147.614	1628
147.615	1628
147.623	1628
147.629	1628
147.63	1628
147.631	1628
147.638	1628
147.646	1628
147.652	1628
147.653	1628
147.661	1628
147.668	1628
147.669	1628
147.674	1628
147.675	1628
147.683	1628
147.684	1628
147.69	1628
147.698	1628
147.704	1628
147.712	1628
147.713	1628
147.719	1628
147.727	1628
147.728	1628
147.735	1628
147.741	1628
147.742	1628
147.749	1628
147.757	1628
147.758	1628
147.764	1628
147.772	1628
147.778	1628
147.779	1628
147.786	1628
147.793	1628
147.794	1628
147.801	1628
147.801	1628
147.808	1628
147.816	1628
147.816	1628
147.824	1628
147.831	1628
147.831	1628
147.838	1628
147.846	1628
147.852	1628
147.853	1628
147.861	1628
147.867	1628
147.868	1628
147.875	1628
147.882	1628
147.883	1628
147.889	1628
147.897	1628
147.903	1628
147.904	1628
147.91	1628
147.915	1628
147.916	1628
147.922	1628
147.928	1628
147.934	1628
147.934	1628
147.94	1628
147.945	1628
147.946	1628
147.952	1628
147.957	1628
147.962	1628
147.963	1628
147.969	1628
147.978	1628
147.978	1628
147.984	1628
147.99	1628
147.99	1628
148.001	1628
148.011	1628
148.021	1628
148.021	1628
148.031	1628
148.041	1628
148.042	1628
148.05	1628
148.06	1628
148.062	1628
148.071	1628
148.079	1628
148.088	1628
148.09	1628
148.099	1628
148.108	1628
148.115	1628
148.117	1628
148.123	1628
148.13	1628
148.131	1628
148.139	1628
148.146	1628
148.153	1628
148.159	1628
148.16	1628
148.168	1628
148.174	1628
148.175	1628
148.181	1628
148.189	1628
148.195	1628
148.196	1628
148.203	1628
148.211	1628
148.212	1628
148.219	1628
148.225	1628
148.226	1628
148.233	1628
148.24	1628
148.241	1628
148.248	1628
148.256	1628
148.257	1628
148.263	1628
148.27	1628
148.271	1628
148.278	1628
148.284	1628
148.285	1628
148.293	1628
148.299	1628
148.3	1628
148.308	1628
148.315	1628
148.316	1628
148.322	1628
148.33	1628
148.331	1628
148.338	1628
148.345	1628
148.346	1628
148.347	1628
148.354	1628
148.361	1628
148.362	1628
148.369	1628
148.376	1628
148.377	1628
148.384	1628
148.385	1628
148.392	1628
148.393	1628
148.399	1628
148.405	1628
148.406	1628
148.414	1628
148.42	1628
148.421	1628
148.428	1628
148.435	1628
148.442	1628
148.443	1628
148.45	1628
148.458	1628
148.465	1628
148.471	1628
148.473	1628
148.48	1628
148.487	1628
148.488	1628
148.494	1628
148.501	1628
148.508	1628
148.509	1628
148.515	1628
148.522	1628
148.529	1628
148.536	1628
148.537	1628
148.544	1628
148.552	1628
148.553	1628
148.56	1628
148.567	1628
148.568	1628
148.575	1628
148.582	1628
148.583	1628
148.589	1628
148.596	1628
148.597	1628
148.604	1628
148.61	1628
148.611	1628
148.618	1628
148.625	1628
148.626	1628
148.634	1628
148.64	1628
148.641	1628
148.648	1628
148.656	1628
148.657	1628
148.664	1628
148.671	1628
148.672	1628
148.679	1628
148.685	1628
148.686	1628
148.693	1628
148.699	1628
148.7	1628
148.708	1628
148.714	1628
148.715	1628
148.723	1628
148.729	1628
148.736	1628
148.737	1628
148.741	1628
148.747	1628
148.747	1628
148.753	1628
148.754	1628
148.759	1628
148.761	1628
148.767	1628
148.773	1628
148.781	1628
148.786	1628
148.792	1628
148.793	1628
148.799	1628
148.804	1628
148.809	1628
148.816	1628
148.816	1628
148.822	1628
148.827	1628
148.827	1628
148.834	1628
148.842	1628
148.843	1628
148.853	1628
148.862	1628
148.863	1628
148.872	1628
148.882	1628
148.891	1628
148.892	1628
148.902	1628
148.912	1628
148.913	1628
148.921	1628
148.931	1628
148.932	1628
148.94	1628
148.945	1628
148.946	1628
148.954	1628
148.961	1628
148.968	1628
148.974	1628
148.975	1628
148.982	1628
148.99	1628
148.991	1628
148.997	1628
149.005	1628
149.006	1628
149.012	1628
149.019	1628
149.021	1628
149.027	1628
149.034	1628
149.035	1628
149.042	1628
149.048	1628
149.05	1628
149.056	1604
149.063	1604
149.064	1604
149.071	1604
149.078	1604
149.079	1604
149.086	1604
149.094	1604
149.095	1604
149.102	1604
149.109	1604
149.11	1604
149.117	1604
149.124	1604
149.125	1604
149.133	1604
149.14	1604
149.14	1604
149.148	1604
149.154	1604
149.155	1604
149.162	1604
149.17	1604
149.171	1604
149.177	1604
149.185	1604
149.195	1604
149.202	1604
149.21	1604
149.21	1604
149.211	1604
149.218	1604
149.225	1604
149.226	1604
149.227	1604
149.234	1604
149.242	1604
149.243	1604
149.249	1604
149.257	1604
149.258	1604
149.264	1604
149.272	1604
149.273	1604
149.28	1604
149.287	1604
149.287	1604
149.294	1604
149.301	1604
149.302	1604
149.309	1604
149.316	1604
149.317	1604
149.324	1604
149.331	1604
149.332	1604
149.339	1604
149.346	1604
149.347	1604
149.354	1604
149.361	1604
149.362	1604
149.371	1604
149.378	1604
149.379	1604
149.385	1604
149.393	1604
149.4	1604
149.401	1604
149.407	1604
149.415	1604
149.416	1604
149.422	1604
149.43	1604
149.431	1604
149.438	1604
149.444	1604
149.445	1604
149.453	1604
149.459	1604
149.46	1604
149.467	1604
149.474	1604
149.475	1604
149.483	1604
149.49	1604
149.491	1604
149.498	1604
149.505	1604
149.506	1604
149.512	1604
149.513	1604
149.521	1604
149.528	1604
149.534	1604
149.542	1604
149.543	1604
149.549	1604
149.556	1604
149.565	1604
149.565	1604
149.57	1604
149.576	1604
149.576	1604
149.582	1604
149.589	1604
149.594	1604
149.595	1604
149.601	1604
149.609	1604
149.614	1604
149.615	1604
149.62	1604
149.626	1604
149.627	1604
149.633	1604
149.641	1604
149.641	1604
149.651	1604
149.66	1604
149.66	1604
149.667	1604
149.675	1604
149.677	1604
149.687	1604
149.695	1604
149.697	1604
149.706	1604
149.717	1604
149.718	1604
149.727	1604
149.736	1604
149.737	1604
149.746	1604
149.756	1604
149.766	1604
149.766	1604
149.774	1604
149.782	1604
149.783	1604
149.79	1604
149.796	1604
149.804	1604
149.811	1604
149.812	1604
149.819	1604
149.826	1604
149.826	1604
149.834	1604
149.841	1604
149.842	1604
149.849	1604
149.855	1604
149.863	1604
149.864	1604
149.871	1604
149.877	1604
149.878	1604
149.885	1604
149.886	1604
149.894	1604
149.895	1604
149.901	1604
149.909	1604
149.91	1604
149.916	1604
149.924	1604
149.925	1604
149.931	1604
149.939	1604
149.94	1604
149.946	1604
149.953	1604
149.954	1604
149.961	1604
149.969	1604
149.97	1604
149.978	1604
149.984	1604
149.985	1604
149.992	1604
149.999	1604
150.006	1604
150.007	1604
150.015	1604
150.021	1604
150.022	1604
150.03	1604
150.037	1604
150.043	1604
150.044	1604
150.051	1604
150.059	1604
150.06	1604
150.066	1604
150.074	1604
150.08	1604
150.082	1604
150.089	1604
150.096	1604
150.097	1604
150.103	1604
150.111	1604
150.112	1604
150.119	1604
150.126	1604
150.132	1604
150.133	1604
150.141	1604
150.148	1604
150.149	1604
150.155	1604
150.163	1604
150.164	1604
150.171	1604
150.178	1604
150.179	1604
150.186	1604
150.194	1604
150.195	1604
150.202	1604
150.209	1604
150.21	1604
150.217	1604
150.224	1604
150.225	1604
150.231	1604
150.239	1604
150.24	1604
150.247	1604
150.253	1604
150.254	1604
150.261	1604
150.268	1604
150.269	1604
150.276	1604
150.283	1604
150.284	1604
150.291	1604
150.298	1604
150.299	1604
150.306	1604
150.313	1604
150.314	1604
150.322	1604
150.329	1604
150.336	1604
150.343	1604
150.344	1604
150.351	1604
150.359	1604
150.366	1604
150.367	1604
150.373	1604
150.381	1604
150.382	1604
150.389	1604
150.394	1604
150.394	1604
150.4	1604
150.406	1604
150.407	1604
150.413	1604
150.418	1604
150.419	1604
150.425	1604
150.429	1604
150.431	1604
150.437	1604
150.443	1604
150.443	1604
150.448	1604
150.455	1604
150.455	1604
150.461	1604
150.467	1604
150.467	1604
150.473	1604
150.482	1604
150.482	1604
150.489	1604
150.499	1604
150.5	1604
150.508	1604
150.518	1604
150.519	1604
150.529	1604
150.538	1604
150.539	1604
150.548	1604
150.559	1604
150.559	1604
150.57	1604
150.578	1604
150.579	1604
150.59	1604
150.599	1604
150.6	1604
150.607	1604
150.613	1604
150.614	1604
150.621	1604
150.628	1604
150.636	1604
150.637	1604
150.644	1604
150.65	1604
150.651	1604
150.652	1604
150.659	1604
150.666	1604
150.673	1604
150.68	1604
150.689	1604
150.69	1604
150.696	1604
150.704	1604
150.705	1604
150.711	1604
150.718	1604
150.719	1604
150.726	1604
150.733	1604
150.734	1604
150.741	1604
150.748	1604
150.749	1604
150.756	1604
150.763	1604
150.764	1604
150.772	1604
150.779	1604
150.78	1604
150.788	1604
150.794	1604
150.801	1604
150.808	1604
150.814	1604
150.816	1604
150.825	1604
150.833	1604
150.834	1604
150.841	1604
150.847	1604
150.848	1604
150.856	1604
150.863	1604
150.864	1604
150.871	1604
150.877	1604
150.884	1604
150.885	1604
150.892	1604
150.899	1604
150.907	1604
150.908	1604
150.915	1604
150.922	1604
150.923	1604
150.93	1604
150.937	1604
150.938	1604
150.945	1604
150.952	1604
150.959	1604
150.96	1604
150.967	1604
150.974	1604
150.975	1604
150.982	1604
150.988	1604
150.989	1604
150.996	1604
151.003	1604
151.005	1604
151.012	1604
151.018	1604
151.026	1604
151.027	1604
151.035	1604
151.041	1604
151.042	1604
151.05	1604
151.057	1604
151.058	1604
151.059	1604
151.066	1604
151.073	1604
151.074	1604
151.081	1604
151.087	1604
151.088	1604
151.095	1604
151.102	1604
151.103	1604
151.11	1604
151.117	1604
151.125	1604
151.126	1604
151.132	1604
151.139	1604
151.146	1604
151.148	1604
151.155	1604
151.161	1604
151.169	1604
151.17	1604
151.176	1604
151.184	1604
151.185	1604
151.192	1604
151.198	1604
151.2	1604
151.202	1604
151.209	1604
151.215	1604
151.22	1604
151.221	1604
151.227	1604
151.232	1604
151.233	1604
151.24	1596
151.244	1596
151.251	1596
151.256	1596
151.256	1596
151.262	1596
151.269	1596
151.27	1596
151.275	1596
151.282	1596
151.282	1596
151.292	1596
151.298	1596
151.299	1596
151.305	1596
151.315	1596
151.315	1596
151.321	1596
151.329	1596
151.331	1596
151.34	1596
151.35	1596
151.351	1596
151.36	1596
151.37	1596
151.371	1596
151.382	1596
151.391	1596
151.392	1596
151.402	1596
151.411	1596
151.413	1596
151.421	1596
151.428	1596
151.429	1596
151.436	1596
151.444	1596
151.444	1596
151.452	1596
151.459	1596
151.465	1596
151.466	1596
151.474	1596
151.481	1596
151.488	1596
151.489	1596
151.497	1596
151.498	1596
151.504	1596
151.511	1596
151.519	1596
151.519	1596
151.527	1596
151.534	1596
151.535	1596
151.541	1596
151.549	1596
151.549	1596
151.557	1596
151.564	1596
151.565	1596
151.572	1596
151.58	1596
151.581	1596
151.588	1596
151.594	1596
151.596	1596
151.602	1596
151.609	1596
151.61	1596
151.617	1596
151.624	1596
151.625	1596
151.632	1596
151.639	1596
151.64	1596
151.648	1596
151.655	1596
151.656	1596
151.663	1596
151.67	1596
151.672	1596
151.679	1596
151.685	1596
151.686	1596
151.693	1596
151.701	1596
151.702	1596
151.709	1596
151.715	1596
151.716	1596
151.723	1596
151.731	1596
151.732	1596
151.739	1596
151.746	1596
151.747	1596
151.753	1596
151.761	1596
151.767	1596
151.768	1596
151.776	1596
151.783	1596
151.791	1596
151.792	1596
151.799	1596
151.805	1596
151.806	1596
151.814	1596
151.82	1596
151.821	1596
151.829	1596
151.835	1596
151.836	1596
151.844	1596
151.85	1596
151.851	1596
151.862	1596
151.869	1596
151.876	1596
151.882	1596
151.883	1596
151.891	1596
151.897	1596
151.898	1596
151.906	1596
151.912	1596
151.919	1596
151.92	1596
151.927	1596
151.928	1596
151.936	1596
151.943	1596
151.944	1596
151.95	1596
151.958	1596
151.96	1596
151.967	1596
151.973	1596
151.974	1596
151.982	1596
151.989	1596
151.99	1596
151.997	1596
152.004	1596
152.005	1596
152.011	1596
152.019	1596
152.025	1596
152.026	1596
152.034	1596
152.035	1596
152.041	1596
152.042	1596
152.049	1596
152.055	1596
152.061	1596
152.062	1596
152.067	1596
152.073	1596
152.074	1596
152.08	1596
152.088	1596
152.088	1596
152.097	1596
152.103	1596
152.108	1596
152.109	1596
152.115	1596
152.12	1596
152.121	1596
152.127	1596
152.128	1596
152.137	1596
152.142	1596
152.144	1596
152.15	1596
152.158	1596
152.168	1596
152.17	1596
152.179	1596
152.188	1596
152.189	1596
152.198	1596
152.208	1596
152.209	1596
152.219	1596
152.228	1596
152.229	1596
152.239	1596
152.24	1596
152.25	1596
152.259	1596
152.26	1596
152.267	1596
152.275	1596
152.282	1596
152.283	1596
152.29	1596
152.296	1596
152.299	1596
152.305	1596
152.313	1596
152.314	1596
152.321	1596
152.327	1596
152.328	1596
152.335	1596
152.342	1596
152.343	1596
152.351	1596
152.358	1596
152.364	1596
152.365	1596
152.372	1596
152.38	1596
152.381	1596
152.387	1596
152.395	1596
152.396	1596
152.403	1596
152.411	1596
152.412	1596
152.419	1596
152.425	1596
152.426	1596
152.433	1596
152.44	1596
152.442	1596
152.448	1596
152.455	1596
152.456	1596
152.463	1596
152.47	1596
152.471	1596
152.479	1596
152.485	1596
152.486	1596
152.494	1596
152.501	1596
152.508	1596
152.509	1596
152.517	1596
152.523	1596
152.531	1596
152.532	1596
152.539	1596
152.546	1596
152.547	1596
152.554	1596
152.56	1596
152.561	1596
152.568	1596
152.575	1596
152.576	1596
152.584	1596
152.59	1596
152.591	1596
152.599	1596
152.606	1596
152.607	1596
152.614	1596
152.621	1596
152.622	1596
152.629	1596
152.636	1596
152.637	1596
152.645	1596
152.651	1596
152.652	1596
152.66	1596
152.666	1596
152.667	1596
152.675	1596
152.681	1596
152.682	1596
152.689	1596
152.697	1596
152.698	1596
152.706	1596
152.712	1596
152.719	1596
152.72	1596
152.728	1596
152.735	1596
152.742	1596
152.748	1596
152.749	1596
152.757	1596
152.764	1596
152.765	1596
152.772	1596
152.778	1589
152.779	1589
152.786	1589
152.794	1589
152.802	1589
152.803	1589
152.81	1589
152.816	1589
152.817	1589
152.818	1589
152.826	1589
152.833	1589
152.834	1589
152.84	1589
152.847	1589
152.848	1589
152.856	1589
152.862	1589
152.864	1589
152.872	1589
152.878	1589
152.879	1589
152.887	1589
152.892	1589
152.892	1589
152.898	1589
152.904	1589
152.909	1589
152.91	1589
152.916	1589
152.922	1589
152.922	1589
152.929	1589
152.934	1589
152.935	1589
152.942	1589
152.949	1589
152.949	1589
152.961	1589
152.966	1589
152.973	1589
152.974	1589
152.982	1589
152.987	1589
152.997	1589
152.998	1589
153.007	1589
153.017	1589
153.018	1589
153.027	1589
153.028	1589
153.039	1589
153.04	1589
153.048	1589
153.05	1589
153.059	1589
153.069	1589
153.07	1589
153.08	1589
153.09	1589
153.091	1589
153.101	1589
153.108	1589
153.115	1589
153.116	1589
153.123	1589
153.129	1589
153.136	1589
153.137	1589
153.146	1589
153.152	1589
153.153	1589
153.161	1589
153.167	1589
153.174	1589
153.175	1589
153.182	1589
153.189	1589
153.19	1589
153.198	1589
153.204	1589
153.205	1589
153.213	1589
153.22	1589
153.221	1589
153.228	1589
153.235	1589
153.236	1589
153.243	1589
153.251	1589
153.252	1589
153.258	1589
153.266	1589
153.267	1589
153.274	1589
153.281	1589
153.282	1589
153.289	1589
153.297	1589
153.298	1589
153.305	1589
153.312	1589
153.313	1589
153.319	1589
153.326	1589
153.327	1589
153.334	1589
153.341	1589
153.342	1589
153.35	1589
153.358	1589
153.365	1589
153.366	1589
153.372	1589
153.38	1589
153.381	1589
153.387	1589
153.395	1589
153.401	1589
153.402	1589
153.41	1589
153.416	1589
153.424	1589
153.432	1589
153.433	1589
153.439	1589
153.446	1589
153.447	1589
153.454	1589
153.461	1589
153.462	1589
153.469	1589
153.477	1589
153.483	1589
153.484	1589
153.493	1589
153.499	1589
153.507	1589
153.508	1589
153.515	1589
153.522	1589
153.523	1589
153.529	1589
153.536	1589
153.537	1589
153.545	1589
153.552	1589
153.553	1589
153.561	1589
153.568	1589
153.574	1589
153.576	1589
153.583	1589
153.589	1589
153.59	1589
153.597	1589
153.605	1589
153.606	1589
153.612	1589
153.62	1589
153.621	1589
153.627	1589
153.636	1589
153.636	1589
153.644	1589
153.651	1589
153.652	1589
153.659	1589
153.666	1589
153.667	1589
153.674	1589
153.681	1589
153.682	1589
153.688	1589
153.695	1589
153.696	1589
153.704	1589
153.712	1589
153.713	1589
153.719	1589
153.726	1589
153.733	1589
153.733	1589
153.738	1589
153.744	1589
153.745	1589
153.75	1589
153.756	1589
153.757	1589
153.763	1589
153.769	1589
153.77	1589
153.775	1589
153.794	1589
153.799	1589
153.804	1503
153.81	1503
153.816	1503
153.818	1503
153.824	1503
153.834	1503
153.836	1503
153.845	1503
153.856	1503
153.865	1503
153.867	1503
153.877	1503
153.887	1503
153.897	1503
153.898	1503
153.908	1503
153.919	1503
153.921	1503
153.931	1503
153.94	1503
153.941	1503
153.948	1503
153.957	1503
153.964	1503
153.972	1503
153.978	1503
153.98	1503
153.987	1503
153.996	1503
154.002	1503
154.003	1503
154.012	1503
154.019	1503
154.02	1503
154.027	1503
154.035	1503
154.042	1503
154.043	1503
154.05	1503
154.058	1503
154.059	1503
154.066	1503
154.074	1503
154.075	1503
154.082	1503
154.09	1503
154.091	1503
154.099	1503
154.107	1503
154.108	1503
154.116	1503
154.123	1503
154.124	1503
154.132	1503
154.139	1503
154.14	1503
154.148	1503
154.154	1503
154.155	1503
154.163	1503
154.17	1503
154.171	1503
154.179	1503
154.186	1503
154.189	1503
154.196	1503
154.204	1503
154.205	1503
154.212	1503
154.22	1503
154.22	1503
154.228	1503
154.235	1503
154.237	1503
154.244	1503
154.251	1503
154.252	1503
154.259	1503
154.268	1503
154.269	1503
154.276	1503
154.284	1503
154.291	1503
154.292	1503
154.299	1503
154.307	1503
154.308	1503
154.315	1503
154.323	1503
154.324	1503
154.331	1503
154.339	1503
154.346	1503
154.347	1503
154.355	1503
154.363	1503
154.364	1503
154.372	1503
154.379	1503
154.38	1503
154.388	1503
154.395	1503
154.397	1503
154.404	1503
154.411	1503
154.413	1503
154.42	1503
154.428	1503
154.435	1503
154.436	1503
154.443	1503
154.45	1503
154.451	1503
154.459	1503
154.467	1503
154.468	1503
154.476	1503
154.482	1503
154.483	1503
154.491	1503
154.499	1503
154.501	1503
154.508	1503
154.515	1503
154.516	1503
154.523	1503
154.531	1503
154.532	1503
154.539	1503
154.547	1503
154.548	1503
154.555	1503
154.564	1503
154.57	1503
154.57	1503
154.577	1503
154.582	1503
154.583	1503
154.595	1503
154.601	1503
154.607	1503
154.608	1503
154.609	1503
154.614	1503
154.63	1503
154.636	1503
154.636	1503
154.641	1503
154.648	1503
154.654	1503
154.655	1503
154.663	1503
154.674	1503
154.683	1503
154.685	1503
154.694	1503
154.704	1503
154.705	1503
154.716	1503
154.725	1503
154.727	1503
154.738	1503
154.748	1503
154.758	1503
154.759	1503
154.769	1503
154.777	1503
154.778	1503
154.785	1503
154.792	1503
154.793	1503
154.801	1503
154.809	1503
154.815	1503
154.817	1503
154.824	1503
154.832	1503
154.833	1503
154.84	1503
154.848	1503
154.849	1503
154.857	1503
154.858	1503
154.866	1503
154.872	1503
154.873	1503
154.881	1503
154.888	1503
154.89	1503
154.897	1503
154.905	1503
154.906	1503
154.913	1503
154.922	1503
154.923	1503
154.93	1503
154.938	1503
154.939	1503
154.945	1503
154.953	1503
154.954	1503
154.962	1503
154.969	1503
154.97	1503
154.977	1503
154.985	1503
154.986	1503
154.994	1503
155.002	1503
155.003	1503
155.011	1503
155.018	1503
155.025	1503
155.026	1503
155.033	1503
155.042	1503
155.043	1503
155.049	1503
155.058	1503
155.059	1503
155.066	1503
155.067	1503
155.074	1503
155.082	1503
155.084	1503
155.091	1503
155.099	1503
155.1	1503
155.107	1503
155.115	1503
155.116	1503
155.123	1503
155.131	1503
155.132	1503
155.139	1503
155.146	1503
155.147	1503
155.154	1503
155.162	1503
155.169	1503
155.171	1503
155.178	1503
155.185	1503
155.188	1503
155.195	1503
155.203	1503
155.204	1503
155.21	1503
155.219	1503
155.22	1503
155.226	1503
155.235	1503
155.235	1503
155.242	1503
155.25	1503
155.251	1503
155.259	1503
155.267	1503
155.268	1503
155.275	1503
155.276	1503
155.283	1503
155.291	1503
155.292	1503
155.3	1503
155.308	1503
155.309	1503
155.316	1503
155.324	1503
155.325	1503
155.331	1503
155.34	1503
155.346	1503
155.354	1503
155.355	1503
155.362	1503
155.371	1503
155.377	1503
155.379	1503
155.387	1503
155.394	1503
155.394	1503
155.4	1503
155.406	1503
155.408	1503
155.414	1503
155.42	1503
155.421	1503
155.426	1503
155.432	1503
155.433	1503
155.44	1503
155.445	1503
155.446	1503
155.454	1503
155.464	1503
155.464	1503
155.474	1503
155.479	1503
155.482	1503
155.489	1503
155.493	1503
155.495	1503
155.505	1503
155.514	1503
155.516	1503
155.527	1503
155.536	1503
155.547	1503
155.548	1503
155.557	1503
155.567	1503
155.57	1503
155.58	1503
155.59	1503
155.591	1503
155.601	1503
155.61	1503
155.611	1503
155.619	1503
155.627	1503
155.628	1503
155.63	1503
155.636	1503
155.645	1503
155.652	1503
155.659	1503
155.66	1503
155.667	1503
155.675	1503
155.676	1503
155.683	1503
155.691	1503
155.692	1503
155.699	1503
155.7	1503
155.709	1503
155.715	1503
155.717	1503
155.725	1503
155.733	1503
155.734	1503
155.741	1503
155.748	1503
155.756	1503
155.757	1503
155.765	1503
155.772	1503
155.773	1503
155.781	1503
155.787	1503
155.788	1503
155.796	1503
155.804	1503
155.805	1503
155.812	1503
155.819	1503
155.821	1503
155.829	1503
155.837	1503
155.838	1503
155.845	1503
155.853	1503
155.86	1503
155.861	1503
155.868	1503
155.875	1503
155.876	1503
155.884	1503
155.892	1503
155.893	1503
155.9	1503
155.907	1503
155.908	1503
155.916	1450
155.925	1450
155.926	1450
155.933	1450
155.941	1450
155.942	1450
155.949	1450
156.124	1507
156.126	1538
156.127	1538
156.135	1538
156.141	1538
156.142	1538
156.226	1538
156.234	1538
156.235	1538
156.241	1538
156.249	1538
156.25	1538
156.329	1538
156.334	1538
156.335	1538
156.341	1538
156.346	1538
156.347	1538
156.354	1538
156.36	1538
156.36	1538
156.366	1538
156.372	1538
156.373	1538
156.379	1538
156.385	1538
156.386	1538
156.391	1538
156.397	1538
156.398	1538
156.404	1538
156.41	1538
156.411	1538
156.417	1538
156.422	1538
156.423	1538
156.429	1538
156.435	1538
156.436	1538
156.445	1538
156.456	1538
156.457	1538
156.466	1538
156.477	1538
156.478	1538
156.487	1538
156.498	1538
156.498	1538
156.509	1538
156.519	1538
156.52	1538
156.53	1538
156.539	1538
156.54	1538
156.551	1538
156.558	1538
156.559	1538
156.566	1552
156.573	1552
156.574	1552
156.582	1552
156.59	1552
156.591	1552
156.598	1552
156.605	1552
156.606	1552
156.613	1552
156.62	1552
156.621	1552
156.628	1552
156.635	1552
156.636	1552
156.644	1552
156.651	1552
156.652	1552
156.66	1552
156.668	1552
156.669	1552
156.675	1552
156.683	1552
156.684	1552
156.691	1552
156.698	1552
156.699	1552
156.707	1552
156.714	1552
156.715	1552
156.723	1552
156.729	1552
156.73	1552
156.737	1552
156.744	1552
156.746	1552
156.753	1552
156.761	1552
156.762	1552
156.768	1552
156.776	1552
156.778	1552
156.784	1552
156.792	1552
156.793	1552
156.801	1552
156.808	1552
156.809	1552
156.816	1552
156.823	1552
156.824	1552
156.831	1552
156.838	1552
156.839	1552
156.846	1552
156.854	1552
156.855	1552
156.862	1552
156.87	1552
156.871	1552
156.877	1552
156.885	1552
156.886	1552
156.893	1552
156.9	1552
156.901	1552
156.91	1552
156.917	1552
156.918	1552
156.925	1552
156.932	1552
156.934	1552
156.941	1552
156.948	1552
156.949	1552
156.955	1552
156.963	1552
156.964	1552
156.971	1552
156.978	1552
156.979	1552
156.987	1552
156.994	1552
156.995	1552
157.002	1552
157.01	1552
157.011	1552
157.018	1552
157.025	1552
157.027	1552
157.034	1552
157.041	1552
157.042	1552
157.05	1552
157.056	1552
157.057	1552
157.064	1552
157.073	1552
157.074	1552
157.08	1552
157.088	1552
157.089	1552
157.096	1552
157.097	1552
157.104	1552
157.105	1552
157.112	1552
157.12	1552
157.121	1552
157.128	1552
157.135	1552
157.137	1552
157.143	1552
157.151	1552
157.152	1552
157.159	1552
157.166	1552
157.167	1552
157.173	1552
157.179	1552
157.18	1552
157.185	1552
157.191	1552
157.196	1552
157.203	1552
157.208	1552
157.214	1552
157.22	1552
157.221	1552
157.228	1552
157.236	1552
157.236	1552
157.243	1552
157.249	1552
157.25	1552
157.255	1552
157.261	1552
157.262	1552
157.268	1552
157.278	1552
157.28	1552
157.289	1552
157.298	1552
157.299	1552
157.309	1552
157.319	1552
157.32	1552
157.331	1552
157.339	1552
157.341	1552
157.351	1552
157.36	1552
157.362	1552
157.372	1552
157.38	1552
157.381	1552
157.388	1552
157.394	1605
157.395	1605
157.402	1605
157.409	1621
157.41	1621
157.417	1621
157.424	1621
157.426	1621
157.432	1621
157.439	1621
157.44	1621
157.447	1621
157.454	1636
157.456	1636
157.463	1636
157.469	1636
157.47	1636
157.477	1636
157.484	1636
157.491	1636
157.492	1636
157.498	1636
157.506	1636
157.506	1636
157.516	1636
157.528	1636
157.531	1636
157.537	1636
157.543	1636
157.546	1636
157.556	1636
157.566	1636
157.571	1636
157.578	1636
157.586	1636
157.593	1636
157.601	1636
157.609	1636
157.614	1636
157.622	1636
157.628	1636
157.629	1636
157.63	1636
157.639	1636
157.649	1636
157.657	1636
157.666	1636
157.672	1636
157.674	1636
157.68	1636
157.687	1636
157.695	1636
157.696	1636
157.702	1636
157.71	1636
157.717	1636
157.718	1636
157.725	1636
157.732	1636
157.732	1636
157.739	1636
157.746	1636
157.753	1636
157.754	1636
157.76	1636
157.768	1636
157.769	1636
157.775	1636
157.783	1636
157.784	1636
157.791	1636
157.798	1636
157.799	1636
157.805	1636
157.811	1636
157.812	1636
157.82	1636
157.826	1636
157.827	1636
157.835	1636
157.842	1636
157.843	1636
157.85	1636
157.856	1636
157.857	1636
157.865	1636
157.872	1636
157.873	1636
157.878	1636
157.885	1636
157.886	1636
157.894	1636
157.901	1636
157.908	1636
157.915	1636
157.922	1636
157.923	1636
157.93	1636
157.936	1636
157.944	1636
157.949	1636
157.95	1636
157.958	1636
157.964	1636
157.965	1636
157.973	1636
157.979	1636
157.986	1636
157.987	1636
157.995	1636
158.001	1636
158.001	1636
158.007	1636
158.012	1636
158.014	1636
158.019	1636
158.024	1636
158.025	1636
158.032	1636
158.036	1636
158.037	1636
158.043	1636
158.048	1636
158.049	1636
158.055	1636
158.061	1636
158.062	1636
158.068	1636
158.072	1636
158.081	1636
158.086	1636
158.092	1636
158.097	1636
158.101	1636
158.111	1636
158.12	1636
158.128	1636
158.129	1636
158.139	1636
158.148	1636
158.149	1636
158.159	1636
158.167	1636
158.169	1636
158.178	1636
158.187	1636
158.189	1636
158.199	1636
158.207	1636
158.208	1636
158.215	1636
158.223	1636
158.224	1636
158.225	1636
158.231	1636
158.237	1636
158.238	1636
158.245	1636
158.253	1636
158.254	1636
158.26	1636
158.268	1636
158.275	1636
158.282	1636
158.283	1636
158.289	1636
158.296	1636
158.298	1636
158.304	1636
158.31	1636
158.311	1636
158.319	1636
158.326	1636
158.327	1636
158.333	1636
158.34	1636
158.341	1636
158.349	1636
158.356	1636
158.357	1636
158.364	1636
158.37	1636
158.371	1636
158.378	1636
158.385	1636
158.385	1636
158.393	1636
158.399	1636
158.4	1636
158.407	1636
158.415	1636
158.415	1636
158.422	1636
158.43	1636
158.431	1636
158.437	1636
158.444	1636
158.45	1636
158.452	1636
158.459	1636
158.465	1636
158.466	1636
158.474	1636
158.481	1636
158.482	1636
158.488	1636
158.495	1636
158.496	1636
158.503	1636
158.51	1636
158.516	1636
158.523	1636
158.524	1636
158.531	1636
158.539	1636
158.54	1636
158.546	1636
158.553	1636
158.554	1636
158.562	1636
158.568	1636
158.569	1636
158.577	1636
158.583	1636
158.589	1636
158.59	1636
158.597	1636
158.604	1636
158.612	1636
158.613	1636
158.619	1636
158.626	1636
158.633	1636
158.634	1636
158.641	1636
158.647	1636
158.655	1636
158.656	1636
158.662	1636
158.67	1636
158.671	1636
158.677	1636
158.684	1636
158.685	1636
158.693	1636
158.699	1636
158.7	1636
158.701	1636
158.708	1636
158.714	1636
158.716	1636
158.722	1636
158.73	1636
158.737	1636
158.744	1636
158.745	1636
158.751	1636
158.758	1636
158.759	1636
158.767	1636
158.768	1636
158.774	1636
158.775	1636
158.783	1636
158.784	1636
158.789	1636
158.79	1636
158.797	1636
158.804	1636
158.811	1636
158.819	1636
158.82	1636
158.827	1636
158.834	1636
158.835	1636
158.839	1636
158.845	1636
158.845	1636
158.853	1636
158.858	1636
158.865	1636
158.865	1636
158.871	1636
158.872	1636
158.877	1636
158.878	1636
158.883	1636
158.888	1636
158.889	1636
158.894	1636
158.903	1636
158.903	1636
158.908	1636
158.916	1636
158.916	1636
158.926	1636
158.931	1636
158.938	1636
158.939	1636
158.948	1636
158.957	1636
158.959	1636
158.967	1636
158.976	1636
158.977	1636
158.987	1636
158.997	1636
159.005	1636
159.006	1636
159.015	1636
159.017	1636
159.026	1636
159.035	1636
159.036	1636
159.046	1636
159.053	1636
159.06	1636
159.061	1636
159.068	1636
159.074	1636
159.075	1636
159.082	1636
159.083	1636
159.09	1636
159.092	1636
159.098	1636
159.106	1636
159.113	1636
159.114	1636
159.12	1636
159.128	1636
159.133	1636
159.135	1636
159.142	1636
159.149	1636
159.15	1636
159.156	1636
159.163	1636
159.164	1636
159.171	1636
159.178	1636
159.18	1636
159.186	1636
159.193	1636
159.194	1636
159.2	1636
159.207	1636
159.208	1636
159.215	1636
159.222	1636
159.223	1636
159.23	1636
159.238	1636
159.239	1636
159.246	1636
159.253	1636
159.254	1636
159.261	1636
159.267	1636
159.273	1636
159.274	1636
159.281	1636
159.289	1636
159.296	1636
159.297	1636
159.304	1636
159.311	1636
159.311	1636
159.318	1636
159.326	1636
159.327	1636
159.333	1636
159.339	1636
159.346	1636
159.354	1636
159.355	1636
159.362	1636
159.368	1636
159.37	1636
159.377	1636
159.384	1636
159.385	1636
159.392	1636
159.399	1636
159.4	1636
159.406	1636
159.407	1636
159.413	1636
159.421	1636
159.422	1636
159.429	1636
159.435	1636
159.436	1636
159.443	1636
159.444	1636
159.451	1636
159.458	1636
159.459	1636
159.466	1636
159.473	1636
159.474	1636
159.48	1636
159.488	1636
159.489	1636
159.495	1636
159.502	1636
159.503	1636
159.511	1636
159.517	1636
159.518	1636
159.525	1636
159.532	1636
159.533	1636
159.54	1636
159.546	1636
159.547	1636
159.554	1636
159.561	1636
159.568	1636
159.569	1636
159.57	1636
159.578	1636
159.585	1636
159.585	1636
159.593	1636
159.6	1636
159.606	1636
159.613	1636
159.62	1636
159.626	1636
159.627	1636
159.635	1636
159.641	1636
159.649	1636
159.65	1636
159.656	1636
159.663	1636
159.67	1636
159.67	1636
159.677	1636
159.681	1636
159.682	1636
159.689	1636
159.694	1636
159.695	1636
159.701	1636
159.705	1636
159.706	1636
159.711	1636
159.718	1636
159.719	1636
159.723	1636
159.729	1636
159.73	1636
159.736	1636
159.743	1596
159.743	1596
159.751	1596
159.758	1596
159.758	1596
159.764	1596
159.773	1596
159.774	1596
159.785	1596
159.793	1596
159.794	1596
159.804	1596
159.813	1596
159.823	1596
159.824	1596
159.834	1596
159.844	1596
159.845	1596
159.854	1596
159.863	1596
159.864	1596
159.875	1596
159.883	1596
159.884	1596
159.891	1596
159.899	1596
159.906	1596
159.913	1596
159.914	1596
159.916	1596
159.922	1596
159.929	1596
159.93	1596
159.937	1596
159.944	1596
159.945	1596
159.946	1596
159.953	1596
159.96	1596
159.961	1596
159.968	1596
159.975	1596
159.976	1596
159.983	1596
159.99	1596
159.998	1596
159.999	1596
160.006	1596
160.013	1596
160.015	1596
160.022	1596
160.029	1596
160.035	1596
160.036	1596
160.043	1596
160.05	1596
160.058	1596
160.064	1596
160.065	1596
160.072	1596
160.08	1596
160.081	1596
160.087	1596
160.095	1596
160.096	1596
160.102	1596
160.109	1596
160.11	1596
160.119	1596
160.125	1596
160.126	1596
160.127	1596
160.134	1596
160.141	1596
160.142	1596
160.15	1596
160.156	1596
160.157	1596
160.158	1596
160.166	1596
160.172	1596
160.173	1596
160.174	1596
160.182	1596
160.188	1596
160.189	1596
160.196	1596
160.204	1596
160.205	1596
160.212	1596
160.219	1596
160.22	1596
160.228	1596
160.235	1596
160.236	1596
160.242	1596
160.249	1596
160.25	1596
160.257	1596
160.265	1596
160.266	1596
160.272	1596
160.28	1596
160.281	1596
160.288	1596
160.294	1596
160.301	1596
160.302	1596
160.31	1596
160.317	1596
160.325	1596
160.326	1596
160.327	1596
160.333	1596
160.34	1596
160.341	1596
160.349	1596
160.35	1596
160.357	1596
160.363	1596
160.364	1596
160.371	1566
160.372	1566
160.381	1566
160.387	1566
160.394	1566
160.395	1566
160.402	1566
160.409	1566
160.41	1566
160.419	1566
160.425	1566
160.432	1566
160.433	1566
160.44	1566
160.447	1566
160.45	1566
160.457	1566
160.464	1566
160.471	1566
160.472	1566
160.479	1566
160.486	1566
160.487	1566
160.494	1566
160.501	1566
160.503	1566
160.508	1566
160.515	1566
160.515	1566
160.521	1566
160.526	1566
160.527	1566
160.533	1566
160.538	1566
160.539	1566
160.546	1566
160.551	1566
160.551	1566
160.557	1566
160.564	1566
160.565	1566
160.577	1566
160.577	1566
160.583	1566
160.588	1566
160.589	1566
160.598	1566
160.606	1566
160.614	1566
160.616	1566
160.625	1566
160.635	1566
160.636	1566
160.647	1566
160.656	1566
160.657	1566
160.667	1566
160.676	1566
160.677	1566
160.688	1566
160.697	1566
160.699	1566
160.708	1566
160.718	1566
160.719	1566
160.726	1566
160.733	1566
160.734	1566
160.741	1566
160.748	1566
160.756	1566
160.757	1566
160.763	1566
160.771	1566
160.772	1566
160.779	1566
160.786	1566
160.787	1566
160.794	1566
160.795	1566
160.804	1566
160.811	1566
160.817	1566
160.818	1566
160.819	1566
160.826	1566
160.835	1566
160.836	1566
160.842	1566
160.849	1566
160.85	1566
160.857	1566
160.865	1566
160.867	1566
160.874	1566
160.881	1566
160.882	1566
160.888	1566
160.896	1566
160.897	1566
160.904	1566
160.911	1566
160.913	1566
160.92	1566
160.927	1566
160.928	1566
160.935	1566
160.943	1566
160.95	1566
160.957	1566
160.958	1566
160.964	1566
160.973	1566
160.98	1566
160.981	1566
160.987	1566
160.995	1566
160.996	1566
161.002	1566
161.011	1566
161.012	1566
161.019	1566
161.026	1566
161.027	1566
161.034	1566
161.042	1566
161.043	1566
161.05	1566
161.057	1566
161.064	1566
161.065	1566
161.071	1566
161.08	1566
161.086	1566
161.087	1566
161.094	1566
161.101	1566
161.102	1566
161.103	1566
161.112	1566
161.118	1566
161.119	1566
161.126	1566
161.134	1566
161.141	1566
161.143	1566
161.149	1566
161.156	1566
161.157	1566
161.165	1566
161.171	1566
161.172	1566
161.18	1566
161.187	1566
161.188	1566
161.195	1566
161.196	1566
161.204	1566
161.212	1566
161.213	1566
161.22	1566
161.226	1566
161.234	1566
161.235	1566
161.242	1566
161.249	1566
161.25	1566
161.258	1566
161.264	1566
161.272	1566
161.273	1566
161.28	1566
161.288	1566
161.295	1566
161.296	1566
161.303	1566
161.31	1566
161.318	1566
161.319	1566
161.325	1566
161.332	1566
161.333	1566
161.341	1566
161.346	1566
161.347	1566
161.354	1566
161.358	1566
161.36	1566
161.366	1566
161.371	1566
161.372	1566
161.378	1566
161.383	1566
161.384	1566
161.391	1566
161.396	1566
161.396	1566
161.403	1566
161.409	1566
161.41	1566
161.415	1566
161.421	1566
161.423	1566
161.43	1566
161.438	1566
161.44	1566
161.45	1566
161.46	1566
161.461	1566
161.47	1566
161.48	1566
161.489	1566
161.491	1566
161.5	1566
161.51	1566
161.52	1566
161.521	1566
161.531	1566
161.541	1566
161.542	1566
161.548	1566
161.556	1566
161.557	1566
161.565	1566
161.571	1566
161.572	1566
161.579	1566
161.586	1566
161.595	1566
161.596	1566
161.602	1566
161.609	1566
161.617	1566
161.624	1566
161.632	1566
161.639	1566
161.64	1566
161.646	1566
161.653	1566
161.662	1566
161.663	1566
161.67	1566
161.676	1566
161.683	1566
161.684	1566
161.691	1566
161.699	1566
161.7	1566
161.707	1566
161.714	1566
161.722	1566
161.723	1566
161.731	1566
161.737	1566
161.738	1566
161.746	1566
161.753	1566
161.754	1566
161.761	1566
161.768	1566
161.769	1566
161.777	1566
161.784	1566
161.784	1566
161.785	1566
161.792	1566
161.801	1566
161.808	1566
161.809	1566
161.816	1566
161.823	1566
161.83	1566
161.838	1566
161.839	1566
161.846	1566
161.852	1566
161.853	1566
161.86	1566
161.869	1566
161.869	1566
161.877	1566
161.884	1566
161.885	1566
161.891	1566
161.898	1566
161.9	1566
161.907	1566
161.914	1566
161.915	1566
161.922	1566
161.93	1566
161.931	1566
161.939	1566
161.946	1566
161.947	1566
161.953	1566
161.96	1566
161.961	1566
161.969	1566
161.976	1566
161.984	1566
161.99	1566
161.991	1566
161.998	1566
162.006	1566
162.013	1566
162.02	1566
162.021	1566
162.028	1566
162.036	1566
162.038	1566
162.045	1566
162.052	1566
162.053	1566
162.06	1566
162.067	1566
162.067	1566
162.076	1566
162.083	1566
162.084	1566
162.09	1566
162.097	1566
162.098	1566
162.106	1566
162.114	1566
162.115	1566
162.122	1566
162.128	1566
162.135	1566
162.136	1566
162.137	1566
162.146	1566
162.153	1566
162.154	1566
162.161	1566
162.168	1566
162.169	1566
162.175	1566
162.181	1566
162.182	1566
162.187	1566
162.193	1566
162.194	1566
162.199	1566
162.205	1566
162.21	1566
162.211	1566
162.218	1566
162.224	1566
162.224	1566
162.252	1472
162.259	1472
162.26	1472
162.267	1472
162.276	1472
162.277	1472
162.288	1472
162.299	1472
162.309	1472
162.31	1472
162.32	1472
162.33	1472
162.34	1472
162.341	1472
162.353	1472
162.362	1472
162.363	1472
162.374	1472
162.381	1472
162.382	1472
162.39	1472
162.399	1480
162.4	1480
162.407	1480
162.414	1494
162.422	1494
162.429	1503
162.43	1503
162.438	1503
162.445	1503
162.446	1503
162.455	1503
162.461	1503
162.463	1503
162.471	1503
162.478	1503
162.479	1503
162.487	1503
162.494	1503
162.496	1503
162.503	1503
162.51	1503
162.517	1503
162.518	1503
162.527	1503
162.534	1503
162.542	1503
162.542	1503
162.549	1503
162.557	1503
162.558	1503
162.566	1503
162.574	1503
162.575	1503
162.581	1503
162.589	1503
162.59	1503
162.598	1503
162.606	1503
162.607	1503
162.615	1503
162.622	1503
162.623	1503
162.631	1503
162.638	1503
162.639	1503
162.646	1503
162.654	1503
162.655	1503
162.662	1503
162.67	1503
162.678	1503
162.679	1503
162.686	1503
162.694	1503
162.695	1503
162.703	1503
162.704	1503
162.71	1503
162.719	1503
162.72	1503
162.727	1503
162.735	1503
162.741	1503
162.742	1503
162.75	1503
162.757	1503
162.76	1503
162.766	1503
162.775	1503
162.782	1503
162.783	1503
162.791	1503
162.798	1503
162.799	1503
162.806	1503
162.813	1503
162.814	1503
162.822	1503
162.829	1503
162.83	1503
162.839	1503
162.846	1503
162.847	1503
162.855	1503
162.862	1503
162.863	1503
162.87	1503
162.879	1503
162.88	1503
162.887	1503
162.894	1503
162.895	1503
162.903	1503
162.91	1503
162.918	1503
162.926	1503
162.927	1503
162.933	1503
162.942	1503
162.943	1503
162.949	1503
162.958	1503
162.965	1503
162.973	1503
162.974	1503
162.981	1503
162.989	1503
162.99	1503
162.997	1503
163.005	1503
163.005	1503
163.011	1503
163.017	1503
163.024	1503
163.025	1503
163.031	1503
163.037	1503
163.038	1503
163.043	1503
163.049	1503
163.051	1503
163.057	1503
163.062	1503
163.063	1503
163.069	1503
163.075	1503
163.075	1503
163.082	1503
163.087	1503
163.088	1503
163.094	1503
163.102	1503
163.103	1503
163.112	1503
163.123	1503
163.124	1503
163.133	1503
163.144	1503
163.154	1503
163.156	1503
163.165	1503
163.175	1503
163.176	1503
163.186	1503
163.196	1503
163.198	1503
163.209	1503
163.216	1503
163.217	1503
163.225	1503
163.231	1503
163.233	1503
163.24	1503
163.248	1503
163.255	1503
163.256	1503
163.265	1503
163.272	1503
163.28	1503
163.281	1503
163.287	1503
163.296	1503
163.303	1503
163.31	1503
163.318	1503
163.319	1503
163.327	1503
163.334	1503
163.335	1503
163.343	1503
163.35	1503
163.358	1503
163.365	1503
163.367	1503
163.374	1503
163.381	1503
163.382	1503
163.389	1503
163.397	1503
163.398	1503
163.405	1503
163.413	1503
163.414	1503
163.421	1503
163.429	1503
163.43	1503
163.438	1503
163.445	1503
163.447	1503
163.453	1503
163.462	1503
163.463	1503
163.471	1503
163.478	1503
163.486	1503
163.487	1503
163.493	1503
163.502	1503
163.503	1503
163.509	1503
163.517	1503
163.518	1503
163.525	1503
163.533	1503
163.534	1503
163.542	1503
163.549	1503
163.556	1503
163.559	1503
163.566	1503
163.574	1503
163.574	1503
163.582	1503
163.589	1503
163.597	1503
163.598	1503
163.606	1503
163.613	1503
163.614	1503
163.622	1503
163.628	1503
163.629	1503
163.637	1503
163.645	1503
163.647	1503
163.654	1503
163.661	1503
163.668	1503
163.669	1503
163.678	1503
163.685	1503
163.686	1503
163.694	1503
163.7	1503
163.701	1503
163.71	1503
163.711	1503
163.718	1503
163.719	1503
163.727	1503
163.734	1503
163.736	1503
163.743	1503
163.751	1503
163.752	1503
163.759	1503
163.767	1503
163.768	1503
163.774	1503
163.782	1503
163.789	1503
163.79	1503
163.799	1503
163.806	1503
163.813	1503
163.82	1503
163.829	1503
163.835	1503
163.841	1503
163.841	1503
163.847	1503
163.854	1503
163.855	1503
163.861	1503
163.867	1503
163.868	1503
163.873	1503
163.88	1503
163.88	1503
163.885	1503
163.891	1503
163.892	1503
163.898	1503
163.904	1503
163.905	1503
163.912	1503
163.918	1503
163.918	1503
163.925	1503
163.93	1503
163.932	1503
163.943	1503
163.952	1503
163.954	1503
163.963	1503
163.973	1503
163.974	1503
163.984	1503
163.995	1503
164.004	1503
164.006	1503
164.016	1503
164.027	1503
164.028	1503
164.037	1503
164.045	1503
164.046	1503
164.054	1503
164.061	1503
164.062	1503
164.071	1503
164.077	1503
164.078	1503
164.086	1503
164.087	1503
164.095	1503
164.096	1503
164.103	1503
164.11	1503
164.112	1503
164.113	1503
164.12	1503
164.128	1503
164.135	1503
164.136	1503
164.145	1503
164.152	1503
164.16	1503
164.167	1503
164.168	1503
164.175	1503
164.183	1503
164.183	1503
164.191	1503
164.198	1503
164.2	1503
164.208	1503
164.215	1503
164.216	1503
164.223	1503
164.231	1503
164.232	1503
164.24	1503
164.247	1503
164.248	1503
164.255	1503
164.264	1503
164.265	1503
164.271	1503
164.28	1503
164.281	1503
164.287	1503
164.296	1503
164.297	1503
164.304	1503
164.311	1503
164.312	1503
164.32	1503
164.321	1503
164.328	1503
164.336	1503
164.337	1503
164.345	1503
164.353	1503
164.354	1503
164.36	1503
164.368	1503
164.376	1503
164.378	1503
164.384	1503
164.392	1503
164.393	1503
164.401	1503
164.409	1503
164.41	1503
164.417	1503
164.424	1503
164.425	1503
164.432	1503
164.441	1503
164.442	1503
164.449	1503
164.457	1503
164.458	1503
164.466	1503
164.472	1503
164.48	1503
164.488	1503
164.489	1503
164.497	1503
164.498	1503
164.505	1503
164.506	1503
164.513	1503
164.514	1503
164.523	1473
164.53	1473
164.531	1473
164.538	1473
164.547	1473
164.548	1473
164.555	1473
164.563	1473
164.564	1473
164.572	1473
164.578	1473
164.586	1473
164.587	1473
164.596	1473
164.603	1473
164.604	1473
164.612	1473
164.62	1473
164.62	1473
164.621	1473
164.629	1473
164.637	1473
164.639	1473
164.646	1473
164.654	1473
164.661	1473
164.663	1473
164.67	1473
164.678	1473
164.686	1473
164.687	1473
164.693	1473
164.699	1473
164.7	1473
164.706	1473
164.714	1473
164.715	1473
164.715	1473
164.721	1473
164.728	1473
164.729	1473
164.734	1473
164.74	1473
164.741	1473
164.748	1473
164.753	1473
164.754	1473
164.761	1473
164.766	1473
164.767	1473
164.773	1473
164.779	1473
164.78	1473
164.786	1492
164.792	1492
164.794	1492
164.804	1515
164.813	1515
164.815	1515
164.825	1515
164.835	1515
164.837	1515
164.847	1515
164.857	1515
164.858	1515
164.868	1515
164.878	1515
164.879	1515
164.889	1515
164.899	1515
164.9	1515
164.908	1541
164.915	1541
164.917	1541
164.923	1541
164.931	1541
164.931	1541
164.94	1541
164.947	1541
164.948	1541
164.954	1541
164.963	1541
164.969	1541
164.97	1541
164.978	1541
164.986	1541
164.986	1541
164.993	1541
165.001	1541
165.009	1541
165.01	1541
165.016	1541
165.024	1541
165.025	1541
165.032	1541
165.04	1541
165.041	1541
165.048	1541
165.056	1541
165.056	1541
165.064	1541
165.07	1541
165.071	1541
165.079	1541
165.086	1541
165.089	1541
165.097	1541
165.104	1541
165.105	1541
165.112	1541
165.121	1541
165.122	1541
165.132	1541
165.138	1541
165.145	1541
165.152	1541
165.154	1541
165.165	1541
165.172	1541
165.178	1541
165.179	1541
165.187	1541
165.194	1541
165.195	1541
165.203	1541
165.21	1541
165.211	1541
165.218	1541
165.226	1541
165.227	1541
165.235	1541
165.241	1541
165.242	1541
165.25	1541
165.258	1541
165.258	1541
165.265	1541
165.273	1541
165.274	1541
165.282	1541
165.289	1541
165.296	1541
165.297	1541
165.305	1541
165.311	1541
165.312	1541
165.319	1541
165.327	1541
165.334	1541
165.341	1541
165.35	1541
165.351	1541
165.357	1541
165.364	1541
165.365	1541
165.374	1541
165.38	1541
165.381	1541
165.389	1541
165.397	1541
165.404	1541
165.405	1541
165.411	1541
165.42	1541
165.421	1541
165.428	1541
165.435	1541
165.436	1541
165.443	1541
165.45	1541
165.457	1541
165.465	1541
165.466	1541
165.473	1541
165.474	1541
165.483	1541
165.484	1541
165.491	1541
165.492	1541
165.499	1541
165.506	1541
165.507	1541
165.515	1541
165.521	1541
165.522	1541
165.53	1541
165.536	1541
165.541	1541
165.542	1541
165.549	1541
165.554	1541
165.555	1541
165.561	1541
165.568	1541
165.568	1541
165.574	1541
165.58	1541
165.581	1541
165.587	1541
165.592	1541
165.598	1541
165.598	1541
165.605	1541
165.611	1541
165.611	1541
165.616	1541
165.624	1541
165.63	1541
165.634	1541
165.642	1541
165.653	1541
165.654	1541
165.664	1541
165.674	1541
165.675	1541
165.685	1541
165.695	1541
165.695	1541
165.706	1541
165.716	1541
165.717	1541
165.726	1541
165.737	1541
165.738	1541
165.745	1541
165.751	1541
165.752	1541
165.761	1541
165.768	1541
165.774	1541
165.782	1541
165.783	1541
165.791	1588
165.798	1588
165.798	1588
165.806	1588
165.813	1588
165.82	1588
165.822	1614
165.828	1614
165.836	1614
165.837	1614
165.844	1614
165.849	1614
165.856	1614
165.858	1614
165.864	1614
165.871	1614
165.873	1614
165.879	1614
165.886	1614
165.887	1614
165.894	1614
165.902	1614
165.903	1614
165.91	1614
165.917	1614
165.918	1614
165.924	1614
165.931	1614
165.932	1614
165.939	1614
165.946	1614
165.947	1614
165.954	1614
165.962	1614
165.963	1614
165.969	1614
165.976	1614
165.977	1614
165.985	1614
165.991	1614
165.992	1614
166	1614
166.006	1614
166.007	1614
166.015	1614
166.021	1614
166.022	1614
166.029	1614
166.037	1614
166.038	1614
166.045	1614
166.052	1614
166.053	1614
166.06	1614
166.066	1614
166.074	1614
166.081	1614
166.087	1614
166.094	1614
166.095	1614
166.103	1614
166.11	1614
166.111	1614
166.112	1614
166.118	1614
166.126	1614
166.132	1614
166.133	1614
166.14	1614
166.148	1614
166.149	1614
166.156	1614
166.163	1614
166.164	1614
166.171	1614
166.177	1614
166.178	1614
166.186	1614
166.192	1614
166.193	1614
166.2	1614
166.207	1614
166.215	1614
166.216	1614
166.222	1614
166.229	1614
166.23	1614
166.238	1614
166.244	1614
166.245	1614
166.252	1614
166.259	1614
166.267	1614
166.268	1614
166.275	1614
166.281	1614
166.282	1614
166.29	1614
166.296	1614
166.297	1614
166.305	1614
166.311	1614
166.319	1614
166.32	1614
166.326	1614
166.333	1614
166.507	1614
166.51	1614
166.513	1614
166.518	1614
166.52	1614
166.527	1614
166.61	1614
166.61	1614
166.617	1614
166.624	1614
166.626	1614
166.632	1614
166.712	1614
166.713	1614
166.72	1614
166.726	1614
166.728	1614
166.734	1614
166.741	1614
166.743	1614
166.749	1614
166.756	1614
166.757	1614
166.764	1614
166.771	1614
166.772	1614
166.779	1614
166.786	1614
166.787	1614
166.794	1614
166.801	1614
166.802	1614
166.809	1614
166.817	1614
166.817	1614
166.824	1614
166.832	1614
166.833	1614
166.839	1614
166.846	1614
166.847	1614
166.855	1614
166.862	1614
166.863	1614
166.869	1614
166.877	1614
166.877	1614
166.884	1614
166.892	1614
166.893	1614
166.899	1614
166.907	1614
166.908	1614
166.915	1614
166.922	1614
166.923	1614
166.929	1614
166.937	1614
166.938	1614
166.944	1614
166.951	1614
166.953	1614
166.96	1614
166.966	1614
166.967	1614
166.974	1614
166.982	1614
166.983	1614
166.99	1614
166.997	1614
166.998	1614
167.005	1614
167.012	1614
167.013	1614
167.02	1614
167.026	1614
167.027	1614
167.035	1614
167.042	1614
167.043	1614
167.049	1614
167.056	1614
167.057	1614
167.065	1614
167.071	1614
167.072	1614
167.08	1614
167.086	1614
167.087	1614
167.095	1614
167.102	1614
167.103	1614
167.11	1614
167.117	1614
167.118	1614
167.124	1614
167.13	1614
167.131	1614
167.137	1614
167.143	1614
167.144	1614
167.149	1614
167.155	1614
167.156	1614
167.161	1614
167.166	1614
167.167	1614
167.172	1614
167.179	1614
167.179	1614
167.185	1614
167.191	1614
167.191	1614
167.197	1614
167.202	1614
167.202	1614
167.208	1614
167.215	1614
167.215	1614
167.22	1614
167.226	1614
167.226	1614
167.233	1614
167.241	1614
167.243	1614
167.252	1614
167.261	1614
167.263	1614
167.273	1614
167.281	1614
167.283	1614
167.292	1614
167.301	1614
167.303	1614
167.312	1614
167.322	1614
167.324	1614
167.333	1614
167.341	1614
167.342	1614
167.349	1614
167.357	1614
167.358	1614
167.364	1614
167.372	1614
167.373	1614
167.379	1614
167.387	1614
167.388	1614
167.394	1614
167.401	1614
167.402	1614
167.41	1614
167.417	1614
167.424	1614
167.425	1614
167.432	1614
167.439	1614
167.446	1614
167.452	1614
167.453	1614
167.461	1614
167.468	1614
167.469	1614
167.47	1614
167.478	1614
167.485	1614
167.488	1614
167.497	1614
167.505	1614
167.512	1614
167.527	1614
167.534	1614
167.547	1614
167.553	1614
167.555	1614
167.562	1614
167.569	1614
167.571	1614
167.578	1614
167.584	1614
167.59	1614
167.591	1614
167.598	1614
167.605	1614
167.612	1614
167.613	1614
167.621	1614
167.627	1614
167.628	1614
167.635	1614
167.642	1614
167.649	1614
167.656	1614
167.657	1614
167.665	1614
167.672	1614
167.673	1614
167.679	1614
167.686	1614
167.687	1614
167.694	1614
167.702	1614
167.703	1614
167.709	1614
167.716	1614
167.717	1614
167.725	1614
167.732	1614
167.733	1614
167.74	1614
167.747	1614
167.748	1614
167.755	1614
167.762	1614
167.763	1614
167.77	1614
167.777	1614
167.778	1614
167.785	1614
167.792	1614
167.793	1614
167.8	1614
167.806	1614
167.807	1614
167.814	1614
167.821	1614
167.822	1614
167.829	1613
167.836	1613
167.837	1613
167.844	1613
167.852	1613
167.858	1613
167.859	1613
167.867	1613
167.874	1613
167.875	1613
167.881	1613
167.888	1613
167.889	1613
167.897	1613
167.904	1613
167.905	1613
167.911	1613
167.918	1613
167.919	1613
167.926	1613
167.933	1613
167.934	1613
167.942	1613
167.949	1613
167.95	1613
167.957	1613
167.963	1613
167.964	1613
167.972	1613
167.978	1613
167.983	1613
167.984	1613
167.99	1613
167.995	1613
168.001	1613
168.002	1613
168.006	1613
168.012	1613
168.013	1613
168.018	1613
168.025	1613
168.031	1613
168.033	1613
168.038	1613
168.045	1613
168.05	1613
168.053	1613
168.059	1613
168.065	1613
168.069	1613
168.071	1613
168.08	1613
168.089	1613
168.091	1613
168.1	1613
168.109	1613
168.111	1613
168.121	1613
168.129	1613
168.139	1613
168.14	1613
168.15	1613
168.16	1613
168.161	1613
168.17	1613
168.179	1613
168.18	1613
168.187	1613
168.194	1613
168.195	1613
168.202	1613
168.209	1613
168.211	1613
168.218	1613
168.224	1613
168.225	1613
168.232	1613
168.239	1613
168.241	1613
168.247	1613
168.254	1613
168.255	1613
168.263	1620
168.269	1627
168.27	1627
168.276	1627
168.283	1627
168.284	1627
168.292	1627
168.298	1627
168.306	1627
168.307	1627
168.314	1627
168.321	1627
168.322	1627
168.329	1627
168.336	1627
168.343	1627
168.344	1627
168.351	1627
168.358	1627
168.359	1627
168.366	1627
168.372	1627
168.373	1627
168.379	1627
168.386	1627
168.387	1627
168.394	1627
168.401	1627
168.402	1627
168.409	1627
168.416	1627
168.423	1627
168.43	1627
168.431	1627
168.438	1627
168.445	1627
168.446	1627
168.453	1627
168.461	1627
168.462	1627
168.469	1627
168.476	1627
168.477	1627
168.483	1627
168.489	1627
168.49	1627
168.498	1627
168.504	1627
168.511	1627
168.512	1627
168.52	1627
168.526	1627
168.527	1627
168.535	1627
168.541	1627
168.542	1627
168.55	1627
168.556	1627
168.557	1627
168.564	1627
168.571	1627
168.573	1627
168.579	1627
168.587	1627
168.592	1627
168.593	1627
168.6	1627
168.608	1627
168.609	1627
168.615	1627
168.623	1627
168.624	1627
168.631	1627
168.637	1627
168.638	1627
168.645	1627
168.646	1627
168.653	1627
168.661	1627
168.662	1627
168.668	1627
168.675	1627
168.682	1627
168.683	1627
168.691	1627
168.692	1627
168.699	1627
168.705	1627
168.706	1627
168.712	1627
168.719	1627
168.72	1627
168.727	1627
168.735	1627
168.736	1627
168.742	1627
168.743	1627
168.751	1627
168.752	1627
168.759	1627
168.765	1627
168.766	1627
168.774	1627
168.775	1627
168.782	1627
168.789	1627
168.79	1627
168.797	1627
168.802	1627
168.803	1627
168.808	1627
168.814	1627
168.82	1627
168.82	1627
168.825	1627
168.832	1627
168.832	1627
168.838	1627
168.845	1627
168.851	1627
168.852	1627
168.857	1627
168.863	1627
168.867	1627
168.872	1627
168.878	1627
168.884	1627
168.885	1627
168.89	1627
168.896	1627
168.905	1627
168.914	1627
168.924	1627
168.933	1627
168.934	1627
168.944	1627
168.953	1627
168.954	1627
168.963	1627
168.973	1627
168.981	1627
168.982	1627
168.992	1627
169.001	1627
169.002	1627
169.01	1627
169.016	1627
169.018	1627
169.025	1627
169.032	1627
169.033	1627
169.04	1627
169.047	1627
169.048	1627
169.054	1627
169.062	1627
169.063	1627
169.07	1627
169.077	1627
169.078	1627
169.084	1627
169.09	1627
169.097	1627
169.098	1627
169.105	1627
169.112	1629
169.113	1629
169.121	1629
169.127	1629
169.128	1629
169.135	1629
169.142	1629
169.143	1629
169.15	1629
169.157	1629
169.158	1629
169.165	1629
169.172	1629
169.178	1629
169.179	1629
169.186	1629
169.194	1629
169.195	1629
169.202	1629
169.208	1629
169.209	1629
169.216	1629
169.224	1629
169.225	1629
169.231	1629
169.238	1629
169.24	1629
169.246	1629
169.254	1629
169.255	1629
169.261	1629
169.268	1629
169.275	1629
169.276	1629
169.283	1629
169.29	1629
169.291	1629
169.297	1629
169.305	1629
169.312	1629
169.313	1629
169.32	1629
169.327	1629
169.328	1629
169.335	1629
169.342	1629
169.343	1629
169.349	1629
169.35	1629
169.358	1629
169.365	1629
169.366	1629
169.372	1629
169.379	1629
169.38	1629
169.386	1629
169.393	1629
169.394	1629
169.401	1629
169.408	1629
169.415	1629
169.416	1629
169.423	1629
169.43	1629
169.431	1629
169.439	1629
169.445	1629
169.452	1629
169.46	1629
169.461	1629
169.467	1629
169.473	1629
169.474	1629
169.481	1629
169.489	1629
169.49	1629
169.497	1629
169.503	1629
169.504	1629
169.511	1629
169.518	1629
169.519	1629
169.527	1629
169.528	1629
169.534	1629
169.535	1629
169.543	1629
169.55	1629
169.551	1629
169.558	1629
169.563	1629
169.564	1629
169.572	1629
169.579	1629
169.58	1629
169.586	1629
169.593	1629
169.6	1629
169.607	1629
169.608	1629
169.616	1629
169.623	1629
169.624	1629
169.63	1629
169.635	1629
169.636	1629
169.642	1629
169.647	1629
169.648	1629
169.655	1629
169.659	1629
169.66	1629
169.666	1629
169.672	1629
169.673	1629
169.683	1629
169.688	1629
169.689	1629
169.693	1629
169.7	1629
169.701	1629
169.706	1629
169.712	1629
169.712	1629
169.717	1629
169.726	1629
169.73	1629
169.731	1629
169.737	1629
169.746	1629
169.747	1629
169.756	1629
169.765	1629
169.776	1629
169.777	1629
169.786	1629
169.794	1629
169.805	1629
169.806	1629
169.815	1629
169.823	1629
169.825	1629
169.835	1629
169.842	1629
169.843	1629
169.85	1629
169.856	1629
169.857	1629
169.864	1629
169.871	1629
169.872	1629
169.88	1629
169.886	1629
169.887	1629
169.894	1629
169.901	1629
169.902	1629
169.908	1629
169.915	1629
169.917	1629
169.924	1629
169.931	1629
169.937	1629
169.945	1629
169.946	1629
169.952	1629
169.96	1629
169.961	1629
169.967	1629
169.975	1629
169.976	1629
169.982	1629
169.989	1629
169.99	1629
169.997	1629
170.003	1629
170.004	1629
170.012	1629
170.019	1629
170.02	1629
170.027	1629
170.033	1629
170.04	1629
170.041	1629
170.048	1629
170.049	1629
170.056	1629
170.058	1629
170.064	1629
170.071	1629
170.072	1629
170.079	1629
170.085	1629
170.093	1629
170.094	1629
170.101	1629
170.108	1629
170.114	1629
170.115	1629
170.116	1629
170.124	1629
170.131	1629
170.132	1629
170.139	1629
170.145	1629
170.146	1629
170.153	1629
170.16	1629
170.161	1629
170.168	1629
170.175	1629
170.176	1629
170.183	1629
170.19	1629
170.191	1629
170.198	1629
170.205	1629
170.206	1629
170.213	1629
170.219	1629
170.227	1629
170.234	1629
170.235	1629
170.241	1629
170.248	1629
170.249	1629
170.257	1629
170.263	1629
170.264	1629
170.27	1629
170.278	1629
170.279	1629
170.286	1629
170.293	1629
170.294	1629
170.3	1629
170.308	1629
170.309	1629
170.315	1629
170.322	1629
170.324	1629
170.33	1629
170.338	1629
170.345	1629
170.345	1629
170.352	1629
170.358	1629
170.36	1629
170.366	1629
170.373	1629
170.374	1629
170.382	1629
170.389	1629
170.39	1629
170.396	1629
170.404	1629
170.404	1629
170.411	1629
170.418	1629
170.425	1629
170.426	1629
170.433	1629
170.441	1629
170.441	1629
170.448	1629
170.455	1629
170.456	1629
170.462	1629
170.467	1629
170.468	1629
170.474	1629
170.479	1629
170.48	1629
170.488	1629
170.493	1629
170.499	1629
170.504	1629
170.505	1629
170.511	1629
170.524	1629
170.529	1629
170.53	1629
170.535	1629
170.541	1629
170.542	1629
170.547	1629
170.553	1629
170.554	1629
170.559	1629
170.569	1629
170.579	1629
170.579	1629
170.588	1629
170.598	1629
170.599	1629
170.608	1629
170.618	1629
170.62	1629
170.628	1629
170.638	1629
170.639	1629
170.649	1629
170.658	1629
170.659	1629
170.668	1629
170.675	1629
170.682	1629
170.683	1629
170.69	1629
170.696	1629
170.697	1629
170.704	1629
170.712	1629
170.713	1629
170.72	1629
170.727	1629
170.728	1629
170.735	1629
170.742	1629
170.743	1629
170.75	1629
170.756	1629
170.757	1629
170.763	1629
170.77	1629
170.771	1629
170.778	1652
170.786	1652
170.787	1652
170.793	1652
170.801	1652
170.802	1652
170.808	1652
170.814	1652
170.815	1652
170.823	1652
170.83	1652
170.831	1652
170.837	1652
170.844	1652
170.845	1652
170.851	1652
170.858	1652
170.859	1652
170.866	1652
170.874	1652
170.875	1652
170.881	1652
170.888	1652
170.889	1652
170.895	1652
170.902	1652
170.903	1652
170.911	1652
170.918	1652
170.919	1652
170.926	1652
170.932	1652
170.933	1652
170.94	1652
170.947	1652
170.947	1652
170.955	1652
170.962	1652
170.962	1652
170.963	1652
170.97	1652
170.977	1652
170.978	1652
170.984	1652
170.994	1652
170.995	1652
170.996	1652
171.001	1652
171.008	1652
171.009	1652
171.016	1652
171.024	1652
171.031	1652
171.032	1652
171.038	1652
171.045	1652
171.046	1652
171.053	1652
171.06	1652
171.062	1652
171.07	1652
171.076	1652
171.082	1652
171.09	1652
171.09	1652
171.098	1652
171.105	1652
171.106	1652
171.111	1652
171.119	1652
171.12	1652
171.127	1652
171.133	1652
171.134	1652
171.142	1652
171.148	1652
171.149	1652
171.155	1652
171.162	1652
171.169	1652
171.17	1652
171.177	1652
171.185	1652
171.186	1652
171.192	1652
171.199	1652
171.2	1652
171.207	1652
171.213	1652
171.214	1652
171.222	1652
171.229	1652
171.23	1652
171.236	1652
171.243	1652
171.249	1652
171.251	1652
171.258	1652
171.264	1652
171.265	1652
171.271	1652
171.278	1652
171.279	1652
171.287	1652
171.293	1652
171.293	1652
171.298	1652
171.304	1652
171.305	1652
171.31	1652
171.315	1652
171.316	1652
171.325	1652
171.331	1652
171.332	1652
171.345	1652
171.35	1652
171.351	1652
171.357	1652
171.362	1652
171.363	1652
171.368	1652
171.375	1652
171.375	1652
171.385	1652
171.394	1652
171.395	1652
171.404	1652
171.413	1652
171.414	1652
171.424	1652
171.433	1652
171.441	1652
171.442	1652
171.452	1652
171.46	1652
171.469	1652
171.471	1652
171.48	1652
171.489	1652
171.49	1652
171.498	1652
171.505	1652
171.505	1652
171.512	1652
171.518	1652
171.519	1652
171.526	1652
171.533	1652
171.535	1652
171.542	1652
171.548	1652
171.549	1652
171.556	1685
171.563	1685
171.563	1685
171.57	1685
171.577	1693
171.578	1693
171.585	1693
171.591	1693
171.592	1693
171.598	1693
171.605	1693
171.606	1693
171.613	1693
171.619	1693
171.62	1693
171.628	1693
171.633	1693
171.634	1693
171.641	1693
171.648	1693
171.649	1693
171.656	1693
171.662	1693
171.663	1693
171.671	1693
171.677	1693
171.678	1693
171.684	1693
171.692	1693
171.693	1693
171.698	1693
171.705	1693
171.706	1693
171.713	1693
171.719	1693
171.72	1693
171.727	1693
171.733	1693
171.734	1693
171.742	1693
171.749	1693
171.75	1693
171.756	1693
171.763	1693
171.764	1693
171.771	1693
171.777	1693
171.783	1693
171.785	1693
171.792	1693
171.798	1693
171.799	1693
171.806	1693
171.812	1693
171.814	1693
171.82	1693
171.829	1693
171.836	1693
171.842	1693
171.843	1693
171.849	1693
171.856	1693
171.857	1693
171.864	1693
171.87	1693
171.877	1693
171.879	1693
171.886	1693
171.891	1693
171.899	1693
171.9	1693
171.906	1693
171.912	1693
171.913	1693
171.921	1693
171.922	1693
171.929	1693
171.93	1693
171.936	1693
171.943	1693
171.944	1693
171.95	1693
171.956	1693
171.957	1693
171.965	1693
171.971	1693
171.972	1693
171.979	1693
171.986	1693
171.992	1693
171.993	1693
171.999	1693
172.006	1693
172.007	1693
172.013	1693
172.02	1693
172.021	1693
172.028	1693
172.034	1693
172.035	1693
172.042	1693
172.049	1693
172.05	1693
172.057	1693
172.064	1693
172.065	1693
172.07	1693
172.078	1693
172.085	1693
172.086	1693
172.092	1693
172.099	1693
172.1	1693
172.106	1693
172.111	1693
172.112	1693
172.117	1693
172.123	1693
172.124	1693
172.129	1693
172.135	1693
172.136	1693
172.136	1693
172.144	1693
172.149	1693
172.159	1693
172.163	1693
172.164	1693
172.169	1693
172.175	1693
172.176	1693
172.18	1693
172.187	1693
172.187	1693
172.193	1693
172.206	1693
172.207	1693
172.216	1693
172.217	1693
172.226	1693
172.235	1693
172.236	1693
172.245	1693
172.254	1693
172.264	1693
172.273	1693
172.28	1693
172.282	1693
172.291	1693
172.301	1693
172.302	1693
172.31	1693
172.319	1693
172.32	1693
172.326	1693
172.333	1693
172.334	1693
172.34	1693
172.348	1693
172.349	1693
172.355	1693
172.356	1693
172.363	1693
172.37	1693
172.371	1693
172.377	1693
172.383	1693
172.384	1693
172.391	1693
172.398	1693
172.404	1693
172.405	1693
172.412	1693
172.42	1693
172.421	1693
172.426	1693
172.433	1693
172.434	1693
172.441	1693
172.448	1693
172.449	1693
172.455	1693
172.461	1693
172.462	1693
172.469	1693
172.477	1693
172.478	1693
172.483	1693
172.49	1693
172.491	1693
172.498	1693
172.504	1693
172.505	1693
172.513	1693
172.52	1693
172.521	1693
172.526	1693
172.533	1693
172.534	1693
172.54	1693
172.548	1693
172.549	1693
172.549	1693
172.556	1693
172.562	1693
172.563	1693
172.571	1693
172.577	1693
172.583	1693
172.584	1693
172.592	1693
172.598	1693
172.599	1693
172.605	1693
172.612	1693
172.613	1693
172.621	1693
172.627	1693
172.628	1693
172.635	1693
172.64	1693
172.641	1693
172.648	1693
172.655	1693
172.656	1693
172.662	1693
172.663	1693
172.67	1693
172.678	1693
172.679	1693
172.684	1693
172.691	1693
172.692	1693
172.7	1693
172.705	1693
172.712	1693
172.713	1693
172.72	1693
172.726	1693
172.733	1693
172.734	1693
172.742	1693
172.742	1693
172.748	1693
172.755	1693
172.756	1693
172.762	1693
172.769	1693
172.776	1693
172.783	1693
172.784	1693
172.791	1693
172.797	1693
172.799	1693
172.805	1693
172.812	1693
172.813	1693
172.819	1693
172.826	1693
172.827	1693
172.833	1693
172.834	1693
172.841	1693
172.842	1693
172.848	1693
172.855	1693
172.856	1693
172.862	1693
172.869	1693
172.87	1693
172.878	1693
172.883	1693
172.884	1693
172.892	1693
172.898	1693
172.904	1693
172.905	1693
172.913	1693
172.92	1693
172.921	1693
172.926	1693
172.933	1693
172.94	1693
172.94	1693
172.946	1693
172.951	1693
172.952	1693
172.958	1693
172.963	1693
172.968	1693
172.973	1693
172.974	1693
172.979	1693
172.985	1693
172.986	1693
172.991	1693
172.998	1693
172.998	1693
173.006	1693
173.013	1693
173.013	1693
173.023	1693
173.023	1693
173.03	1693
173.03	1693
173.037	1693
173.038	1693
173.048	1693
173.049	1693
173.058	1693
173.059	1693
173.068	1693
173.069	1693
173.077	1693
173.086	1693
173.087	1693
173.096	1693
173.106	1693
173.114	1693
173.115	1693
173.125	1693
173.133	1693
173.134	1693
173.144	1693
173.15	1693
173.157	1693
173.158	1693
173.164	1693
173.172	1693
173.179	1693
173.179	1693
173.185	1693
173.193	1693
173.194	1693
173.2	1693
173.207	1693
173.208	1693
173.214	1693
173.22	1693
173.221	1693
173.229	1693
173.235	1693
173.236	1693
173.242	1693
173.25	1693
173.251	1693
173.257	1693
173.263	1693
173.264	1693
173.272	1693
173.278	1693
173.279	1693
173.285	1693
173.293	1693
173.294	1693
173.3	1693
173.307	1693
173.307	1693
173.315	1693
173.321	1693
173.322	1693
173.328	1693
173.336	1693
173.337	1693
173.343	1693
173.349	1693
173.35	1693
173.358	1693
173.363	1693
173.365	1693
173.372	1693
173.378	1693
173.379	1693
173.386	1693
173.393	1693
173.394	1693
173.4	1693
173.406	1693
173.407	1693
173.415	1693
173.421	1693
173.427	1693
173.428	1693
173.436	1693
173.437	1693
173.442	1693
173.45	1693
173.45	1693
173.457	1693
173.463	1693
173.464	1693
173.472	1693
173.478	1693
173.479	1693
173.485	1693
173.492	1693
173.499	1693
173.5	1693
173.501	1693
173.507	1693
173.514	1693
173.516	1693
173.522	1693
173.529	1693
173.53	1693
173.537	1693
173.543	1693
173.544	1693
173.55	1693
173.558	1693
173.559	1693
173.564	1693
173.571	1693
173.577	1693
173.578	1693
173.585	1693
173.592	1693
173.593	1693
173.6	1693
173.606	1693
173.613	1693
173.617	1693
173.623	1693
173.63	1693
173.636	1693
173.637	1693
173.644	1693
173.65	1693
173.656	1693
173.657	1693
173.664	1693
173.671	1693
173.672	1693
173.678	1693
173.685	1693
173.686	1693
173.694	1693
173.699	1693
173.707	1693
173.708	1693
173.714	1693
173.721	1693
173.727	1693
173.728	1693
173.735	1693
173.741	1693
173.742	1693
173.75	1693
173.755	1693
173.756	1693
173.763	1693
173.77	1693
173.77	1693
173.776	1693
173.782	1693
173.783	1693
173.787	1693
173.794	1693
173.794	1693
173.8	1693
173.805	1693
173.806	1693
173.811	1693
173.815	1693
173.816	1693
173.827	1668
173.834	1668
173.834	1668
173.841	1668
173.851	1668
173.851	1668
173.858	1668
173.863	1668
173.866	1668
173.875	1668
173.885	1668
173.893	1668
173.895	1668
173.903	1668
173.904	1668
173.913	1668
173.922	1668
173.924	1668
173.925	1668
173.935	1668
173.944	1668
173.952	1668
173.953	1668
173.962	1668
173.964	1668
173.974	1668
173.975	1668
173.981	1668
173.988	1668
173.994	1668
173.995	1668
174.002	1668
174.009	1668
174.009	1668
174.016	1668
174.023	1668
174.024	1668
174.031	1668
174.037	1668
174.044	1668
174.045	1668
174.052	1668
174.059	1668
174.06	1668
174.066	1668
174.073	1668
174.074	1668
174.082	1668
174.088	1668
174.089	1668
174.095	1668
174.103	1668
174.104	1668
174.111	1668
174.118	1668
174.119	1668
174.125	1668
174.132	1668
174.133	1668
174.139	1668
174.147	1668
174.147	1668
174.153	1668
174.16	1668
174.161	1668
174.168	1668
174.176	1668
174.176	1668
174.182	1668
174.19	1668
174.191	1668
174.197	1668
174.204	1668
174.205	1668
174.212	1668
174.218	1668
174.219	1668
174.227	1668
174.234	1668
174.235	1668
174.241	1668
174.248	1668
174.249	1668
174.256	1668
174.262	1668
174.262	1668
174.269	1668
174.277	1668
174.278	1668
174.285	1668
174.29	1668
174.291	1668
174.298	1668
174.305	1668
174.306	1668
174.307	1668
174.315	1668
174.32	1668
174.321	1668
174.329	1668
174.33	1668
174.337	1668
174.338	1668
174.345	1668
174.346	1668
174.353	1668
174.353	1668
174.36	1668
174.366	1668
174.367	1668
174.375	1668
174.381	1668
174.382	1668
174.388	1668
174.395	1668
174.402	1668
174.403	1668
174.409	1668
174.416	1668
174.417	1668
174.424	1668
174.431	1668
174.439	1668
174.446	1668
174.452	1668
174.453	1668
174.46	1668
174.468	1668
174.469	1668
174.475	1668
174.482	1668
174.487	1668
174.494	1668
174.501	1668
174.507	1668
174.509	1668
174.516	1668
174.521	1668
174.522	1668
174.529	1668
174.536	1668
174.537	1668
174.544	1668
174.55	1668
174.551	1668
174.559	1668
174.56	1668
174.567	1668
174.574	1668
174.575	1668
174.58	1668
174.587	1668
174.588	1668
174.595	1668
174.6	1668
174.601	1668
174.607	1668
174.613	1668
174.614	1668
174.618	1668
174.623	1668
174.624	1668
174.63	1668
174.635	1668
174.636	1668
174.637	1668
174.642	1668
174.648	1668
174.653	1668
174.658	1668
174.659	1668
174.664	1668
174.671	1668
174.672	1668
174.677	1668
174.683	1668
174.683	1668
174.696	1668
174.704	1668
174.706	1668
174.714	1668
174.723	1668
174.733	1668
174.734	1668
174.743	1668
174.751	1668
174.76	1668
174.762	1668
174.772	1668
174.781	1668
174.79	1668
174.798	1668
174.805	1668
174.806	1668
174.806	1668
174.813	1668
174.821	1668
174.822	1668
174.828	1668
174.835	1668
174.842	1668
174.843	1668
174.849	1668
174.857	1668
174.863	1668
174.869	1668
174.87	1668
174.877	1668
174.884	1668
174.89	1668
174.891	1668
174.898	1668
174.906	1668
174.907	1668
174.914	1668
174.92	1668
174.921	1668
174.928	1668
174.935	1668
174.936	1668
174.942	1668
174.948	1668
174.949	1668
174.957	1668
174.963	1668
174.964	1668
174.972	1668
174.977	1668
174.978	1668
174.985	1668
174.992	1668
174.993	1668
175	1668
175.006	1668
175.007	1668
175.014	1668
175.022	1668
175.023	1668
175.03	1668
175.036	1668
175.037	1668
175.044	1668
175.051	1668
175.052	1668
175.059	1668
175.064	1668
175.065	1668
175.073	1668
175.079	1668
175.08	1668
175.088	1668
175.094	1668
175.095	1668
175.102	1668
175.108	1668
175.109	1668
175.117	1668
175.123	1668
175.124	1668
175.13	1668
175.137	1668
175.139	1668
175.147	1668
175.153	1668
175.161	1668
175.167	1668
175.168	1668
175.179	1668
175.185	1668
175.191	1668
175.199	1668
175.2	1668
175.206	1668
175.212	1668
175.213	1668
175.22	1668
175.227	1668
175.228	1668
175.236	1668
175.241	1668
175.246	1668
175.253	1668
175.26	1668
175.267	1668
175.268	1668
175.274	1668
175.281	1668
175.281	1668
175.289	1668
175.296	1668
175.296	1668
175.308	1668
175.313	1668
175.32	1668
175.321	1668
175.328	1668
175.335	1668
175.341	1668
175.346	1629
175.353	1629
175.361	1629
175.362	1629
175.369	1629
175.376	1629
175.377	1629
175.384	1629
175.391	1629
175.392	1629
175.399	1629
175.406	1629
175.407	1629
175.414	1629
175.419	1629
175.42	1629
175.427	1629
175.434	1629
175.44	1629
175.441	1629
175.446	1629
175.453	1629
175.454	1629
175.459	1629
175.465	1629
175.465	1629
175.471	1629
175.475	1629
175.476	1629
175.477	1629
175.483	1629
175.488	1629
175.489	1629
175.496	1629
175.501	1629
175.502	1629
175.506	1629
175.512	1629
175.518	1629
175.523	1629
175.529	1629
175.534	1629
175.535	1629
175.545	1629
175.553	1629
175.554	1629
175.563	1629
175.573	1629
175.574	1629
175.583	1629
175.593	1629
175.602	1629
175.603	1629
175.613	1629
175.622	1629
175.632	1629
175.633	1629
175.64	1629
175.646	1629
175.647	1629
175.654	1629
175.66	1629
175.668	1629
175.668	1629
175.676	1629
175.682	1629
175.683	1629
175.691	1629
175.692	1629
175.699	1629
175.705	1629
175.712	1629
175.719	1629
175.72	1629
175.727	1629
175.734	1629
175.742	1629
175.743	1629
175.75	1629
175.755	1629
175.756	1629
175.764	1629
175.771	1629
175.772	1629
175.779	1629
175.785	1629
175.786	1629
175.793	1629
175.8	1629
175.801	1629
175.808	1629
175.815	1629
175.816	1629
175.823	1629
175.83	1629
175.831	1629
175.838	1629
175.845	1629
175.846	1629
175.853	1629
175.86	1629
175.861	1629
175.868	1629
175.875	1629
175.876	1629
175.882	1629
175.89	1629
175.891	1629
175.898	1629
175.905	1629
175.906	1629
175.912	1629
175.919	1629
175.92	1629
175.928	1629
175.935	1629
175.936	1629
175.943	1629
175.948	1629
175.949	1629
175.957	1629
175.963	1629
175.964	1629
175.971	1629
175.978	1629
175.979	1629
175.986	1629
175.994	1629
175.995	1629
176.001	1629
176.008	1629
176.009	1629
176.016	1629
176.023	1629
176.031	1629
176.032	1629
176.033	1629
176.04	1629
176.045	1629
176.046	1629
176.053	1629
176.061	1629
176.061	1629
176.062	1629
176.07	1629
176.077	1629
176.078	1629
176.085	1629
176.091	1629
176.092	1629
176.1	1629
176.107	1629
176.108	1629
176.115	1629
176.121	1629
176.122	1629
176.13	1629
176.137	1629
176.138	1629
176.143	1629
176.15	1629
176.152	1629
176.158	1635
176.166	1635
176.167	1635
176.173	1635
176.18	1635
176.181	1635
176.188	1635
176.196	1635
176.197	1635
176.203	1635
176.21	1635
176.217	1635
176.218	1635
176.224	1635
176.232	1635
176.233	1635
176.24	1635
176.247	1635
176.253	1635
176.254	1635
176.259	1635
176.266	1635
176.267	1635
176.272	1635
176.282	1635
176.282	1635
176.289	1635
176.294	1635
176.295	1635
176.3	1635
176.306	1635
176.312	1635
176.313	1635
176.318	1635
176.323	1635
176.331	1635
176.336	1635
176.336	1635
176.343	1635
176.348	1635
176.355	1635
176.355	1635
176.36	1635
176.375	1635
176.385	1635
176.386	1635
176.394	1635
176.403	1635
176.413	1635
176.414	1635
176.424	1635
176.432	1635
176.434	1635
176.443	1635
176.452	1635
176.453	1635
176.463	1635
176.472	1635
176.474	1635
176.481	1635
176.488	1635
176.489	1635
176.495	1635
176.502	1635
176.509	1635
176.516	1635
176.517	1635
176.524	1635
176.525	1635
176.531	1635
176.532	1635
176.54	1635
176.546	1635
176.547	1635
176.554	1635
176.561	1635
176.562	1635
176.568	1635
176.575	1635
176.576	1635
176.583	1635
176.591	1635
176.592	1635
176.599	1635
176.605	1635
176.606	1635
176.613	1635
176.621	1635
176.622	1635
176.628	1635
176.635	1635
176.641	1635
176.642	1635
176.649	1635
176.656	1635
176.657	1635
176.664	1635
176.672	1635
176.673	1635
176.679	1635
176.686	1635
176.687	1635
176.694	1635
176.701	1635
176.702	1635
176.709	1635
176.716	1635
176.716	1635
176.724	1635
176.73	1635
176.738	1635
176.739	1635
176.746	1635
176.753	1635
176.754	1635
176.761	1635
176.767	1635
176.768	1635
176.775	1635
176.781	1635
176.788	1635
176.789	1635
176.797	1635
176.803	1635
176.811	1635
176.812	1635
176.818	1635
176.957	1685
176.957	1685
176.96	1685
176.966	1685
176.967	1685
176.975	1685
177.06	1685
177.06	1685
177.067	1685
177.075	1685
177.076	1685
177.082	1685
177.161	1685
177.161	1685
177.168	1685
177.175	1685
177.176	1685
177.182	1685
177.189	1685
177.19	1685
177.197	1685
177.204	1685
177.205	1685
177.211	1685
177.218	1685
177.219	1685
177.226	1685
177.232	1685
177.233	1685
177.24	1685
177.247	1685
177.248	1685
177.254	1685
177.261	1685
177.262	1685
177.269	1685
177.275	1685
177.276	1685
177.283	1685
177.289	1685
177.29	1685
177.296	1685
177.304	1685
177.304	1685
177.311	1685
177.318	1685
177.319	1685
177.325	1685
177.332	1685
177.333	1685
177.339	1685
177.347	1685
177.348	1685
177.354	1685
177.361	1685
177.361	1685
177.368	1685
177.375	1685
177.376	1685
177.382	1685
177.39	1685
177.391	1685
177.397	1685
177.403	1685
177.404	1685
177.411	1685
177.418	1685
177.419	1685
177.425	1685
177.432	1685
177.433	1685
177.441	1685
177.447	1685
177.448	1685
177.454	1685
177.461	1685
177.462	1685
177.469	1685
177.476	1685
177.476	1685
177.484	1685
177.491	1685
177.492	1685
177.498	1685
177.505	1685
177.505	1685
177.513	1685
177.519	1685
177.52	1685
177.527	1685
177.534	1685
177.535	1685
177.54	1685
177.548	1685
177.549	1685
177.556	1685
177.561	1685
177.562	1685
177.569	1685
177.576	1685
177.577	1685
177.584	1685
177.589	1685
177.589	1685
177.596	1685
177.6	1685
177.601	1685
177.607	1685
177.612	1685
177.612	1685
177.618	1685
177.623	1685
177.625	1685
177.63	1685
177.635	1685
177.635	1685
177.642	1685
177.646	1685
177.647	1685
177.652	1685
177.659	1685
177.659	1685
177.664	1685
177.67	1685
177.671	1685
177.675	1685
177.681	1685
177.681	1685
177.687	1685
177.696	1685
177.697	1685
177.706	1685
177.715	1685
177.716	1685
177.725	1685
177.735	1685
177.736	1685
177.744	1685
177.753	1685
177.754	1685
177.763	1685
177.773	1685
177.774	1685
177.783	1685
177.792	1685
177.793	1685
177.8	1685
177.806	1685
177.807	1685
177.815	1685
177.82	1685
177.821	1685
177.829	1685
177.836	1685
177.842	1685
177.845	1685
177.852	1685
177.858	1685
177.865	1685
177.871	1685
177.873	1685
177.88	1685
177.886	1685
177.892	1685
177.893	1685
177.9	1685
177.908	1685
177.909	1685
177.915	1685
177.921	1685
177.922	1685
177.93	1685
177.935	1685
177.936	1685
177.944	1685
177.95	1685
177.954	1685
177.964	1685
177.971	1685
177.976	1685
177.986	1685
177.993	1685
178.001	1685
178.008	1685
178.015	1685
178.021	1685
178.022	1685
178.029	1685
178.036	1685
178.037	1685
178.043	1685
178.05	1685
178.051	1685
178.057	1685
178.064	1685
178.065	1685
178.072	1685
178.079	1685
178.08	1685
178.086	1685
178.093	1685
178.094	1685
178.1	1685
178.107	1685
178.108	1685
178.115	1685
178.121	1685
178.129	1685
178.13	1685
178.136	1685
178.137	1685
178.143	1685
178.15	1685
178.151	1685
178.152	1685
178.16	1685
178.166	1685
178.167	1685
178.174	1685
178.181	1685
178.187	1685
178.188	1685
178.195	1685
178.201	1685
178.202	1685
178.209	1685
178.216	1685
178.217	1685
178.223	1685
178.231	1685
178.237	1685
178.238	1685
178.244	1685
178.252	1685
178.253	1685
178.259	1685
178.265	1685
178.272	1685
178.273	1685
178.279	1685
178.286	1685
178.287	1685
178.295	1685
178.296	1685
178.301	1685
178.309	1685
178.316	1685
178.317	1685
178.323	1685
178.33	1685
178.331	1685
178.338	1685
178.343	1685
178.344	1685
178.352	1685
178.358	1685
178.365	1685
178.366	1685
178.373	1685
178.379	1685
178.38	1685
178.387	1685
178.393	1685
178.394	1685
178.402	1685
178.408	1685
178.408	1685
178.416	1685
178.422	1685
178.423	1685
178.43	1685
178.436	1685
178.437	1685
178.443	1685
178.448	1685
178.448	1685
178.455	1685
178.459	1685
178.46	1685
178.466	1685
178.472	1685
178.472	1685
178.477	1685
178.483	1685
178.484	1685
178.489	1685
178.494	1685
178.499	1685
178.5	1685
178.506	1685
178.506	1685
178.511	1685
178.512	1685
178.517	1685
178.524	1685
178.525	1685
178.529	1685
178.534	1685
178.536	1685
178.541	1685
178.546	1685
178.556	1685
178.557	1685
178.565	1685
178.575	1685
178.576	1685
178.584	1685
178.594	1685
178.595	1685
178.597	1685
178.604	1685
178.613	1685
178.623	1685
178.631	1685
178.633	1685
178.641	1685
178.651	1685
178.652	1685
178.658	1685
178.666	1685
178.667	1685
178.672	1685
178.68	1685
178.687	1685
178.688	1685
178.693	1685
178.694	1685
178.701	1685
178.702	1685
178.709	1685
178.715	1685
178.722	1685
178.724	1685
178.73	1685
178.737	1685
178.737	1685
178.745	1685
178.751	1685
178.752	1685
178.76	1685
178.766	1685
178.767	1685
178.774	1685
178.781	1685
178.782	1685
178.787	1685
178.795	1685
178.795	1685
178.802	1685
178.803	1685
178.804	1685
178.81	1685
178.817	1685
178.818	1685
178.825	1685
178.832	1685
178.833	1685
178.84	1685
178.847	1685
178.848	1685
178.854	1685
178.861	1685
178.862	1685
178.868	1685
178.869	1685
178.875	1643
178.883	1643
178.884	1643
178.891	1643
178.898	1643
178.899	1643
178.905	1643
178.912	1643
178.919	1643
178.92	1643
178.927	1643
178.934	1643
178.941	1643
178.942	1643
178.948	1643
178.955	1643
178.956	1643
178.963	1643
178.97	1643
178.971	1643
178.977	1643
178.985	1643
178.986	1643
178.993	1643
179	1643
179.007	1643
179.008	1643
179.015	1643
179.022	1643
179.028	1643
179.035	1643
179.036	1643
179.042	1643
179.049	1643
179.05	1643
179.057	1643
179.064	1643
179.072	1643
179.078	1643
179.079	1643
179.085	1643
179.092	1643
179.1	1643
179.101	1643
179.108	1643
179.114	1643
179.115	1643
179.122	1643
179.13	1643
179.136	1643
179.137	1643
179.144	1643
179.151	1643
179.151	1643
179.158	1643
179.166	1643
179.167	1643
179.174	1643
179.181	1643
179.182	1643
179.187	1643
179.195	1643
179.196	1643
179.203	1643
179.21	1643
179.211	1643
179.218	1643
179.225	1643
179.225	1643
179.232	1643
179.238	1643
179.239	1643
179.246	1643
179.254	1643
179.255	1643
179.261	1643
179.269	1643
179.269	1643
179.274	1643
179.281	1643
179.281	1643
179.286	1643
179.291	1643
179.292	1643
179.299	1643
179.304	1643
179.31	1643
179.311	1643
179.316	1643
179.32	1643
179.321	1643
179.327	1643
179.332	1643
179.338	1643
179.339	1643
179.345	1643
179.35	1643
179.35	1643
179.357	1643
179.362	1643
179.362	1643
179.375	1643
179.385	1643
179.394	1643
179.395	1643
179.404	1643
179.413	1643
179.423	1643
179.424	1643
179.432	1643
179.441	1643
179.444	1643
179.452	1643
179.461	1643
179.47	1643
179.471	1643
179.481	1643
179.487	1643
179.494	1643
179.495	1643
179.503	1643
179.509	1643
179.516	1643
179.517	1643
179.524	1643
179.531	1643
179.532	1643
179.538	1643
179.545	1643
179.546	1643
179.554	1643
179.561	1643
179.562	1643
179.568	1643
179.575	1643
179.576	1643
179.583	1643
179.589	1643
179.59	1643
179.598	1643
179.605	1643
179.606	1643
179.612	1643
179.619	1643
179.62	1643
179.627	1643
179.634	1643
179.635	1643
179.641	1643
179.648	1643
179.649	1643
179.656	1643
179.663	1643
179.664	1643
179.672	1643
179.678	1643
179.686	1643
179.687	1643
179.692	1643
179.7	1643
179.707	1643
179.708	1643
179.714	1643
179.722	1643
179.723	1643
179.73	1643
179.737	1643
179.738	1643
179.744	1643
179.75	1643
179.751	1643
179.759	1643
179.765	1643
179.766	1643
179.774	1643
179.781	1643
179.782	1643
179.789	1643
179.795	1643
179.797	1643
179.803	1643
179.809	1643
179.816	1643
179.817	1643
179.824	1643
179.831	1643
179.838	1643
179.839	1643
179.846	1643
179.852	1643
179.859	1643
179.86	1643
179.867	1643
179.875	1643
179.876	1643
179.883	1643
179.889	1643
179.89	1643
179.898	1643
179.904	1643
179.905	1643
179.911	1643
179.919	1643
179.925	1643
179.926	1643
179.933	1643
179.94	1643
179.948	1643
179.949	1643
179.955	1643
179.961	1643
179.962	1643
179.97	1643
179.976	1643
179.977	1643
179.984	1643
179.992	1643
179.998	1643
179.999	1643
180.005	1643
180.012	1643
180.013	1643
180.021	1643
180.027	1643
180.028	1643
180.036	1643
180.042	1643
180.044	1643
180.05	1643
180.058	1643
180.059	1643
180.065	1643
180.072	1643
180.073	1643
180.079	1643
180.086	1643
180.087	1643
180.095	1643
180.102	1643
180.103	1643
180.109	1643
180.116	1643
180.117	1643
180.122	1643
180.127	1643
180.128	1643
180.133	1643
180.139	1643
180.14	1643
180.145	1643
180.151	1643
180.152	1643
180.158	1643
180.163	1643
180.164	1643
180.17	1643
180.175	1643
180.176	1643
180.182	1643
180.189	1643
180.194	1643
180.195	1643
180.201	1643
180.206	1643
180.207	1643
180.213	1643
180.221	1643
180.222	1643
180.223	1643
180.233	1643
180.241	1643
180.251	1643
180.252	1643
180.261	1643
180.27	1643
180.279	1643
180.289	1643
180.299	1643
180.308	1643
180.309	1643
180.317	1643
180.327	1643
180.333	1643
180.334	1643
180.342	1643
180.349	1643
180.35	1643
180.356	1643
180.364	1643
180.37	1643
180.372	1643
180.379	1643
180.385	1643
180.386	1643
180.392	1643
180.4	1643
180.401	1643
180.408	1643
180.415	1643
180.416	1643
180.422	1643
180.43	1643
180.431	1643
180.437	1643
180.444	1643
180.445	1643
180.451	1643
180.458	1643
180.459	1643
180.466	1643
180.474	1643
180.475	1643
180.482	1643
180.488	1643
180.489	1643
180.496	1643
180.503	1643
180.504	1643
180.51	1643
180.517	1643
180.518	1643
180.525	1643
180.532	1643
180.533	1643
180.54	1643
180.547	1643
180.548	1643
180.554	1643
180.562	1643
180.569	1643
180.57	1643
180.576	1643
180.584	1643
180.585	1643
180.592	1643
180.598	1643
180.598	1643
180.605	1643
180.613	1643
180.614	1643
180.62	1643
180.627	1643
180.628	1643
180.636	1643
180.642	1643
180.648	1643
180.649	1643
180.656	1643
180.663	1643
180.67	1643
180.671	1643
180.678	1643
180.686	1643
180.692	1643
180.693	1643
180.7	1643
180.707	1643
180.708	1643
180.715	1643
180.721	1643
180.729	1643
180.73	1643
180.736	1643
180.743	1643
180.744	1643
180.751	1643
180.757	1643
180.764	1643
180.771	1643
180.772	1643
180.779	1643
180.787	1643
180.788	1643
180.795	1643
180.801	1643
180.802	1643
180.808	1643
180.815	1643
180.816	1643
180.823	1643
180.83	1643
180.831	1643
180.838	1643
180.846	1643
180.847	1643
180.853	1643
180.86	1643
180.867	1643
180.868	1643
180.874	1643
180.881	1643
180.882	1643
180.889	1643
180.897	1643
180.898	1643
180.904	1643
180.91	1643
180.911	1643
180.919	1643
180.925	1643
180.926	1643
180.934	1620
180.941	1620
180.942	1620
180.948	1620
180.954	1620
180.954	1620
180.961	1620
180.966	1620
180.967	1620
180.973	1620
180.978	1620
180.979	1620
180.984	1620
180.99	1620
180.995	1620
180.996	1620
181.001	1620
181.008	1620
181.009	1620
181.013	1620
181.02	1620
181.021	1620
181.026	1620
181.032	1620
181.033	1620
181.043	1620
181.048	1620
181.057	1620
181.067	1620
181.068	1620
181.076	1620
181.087	1620
181.088	1620
181.096	1620
181.107	1620
181.115	1620
181.116	1620
181.127	1620
181.135	1620
181.137	1620
181.145	1620
181.155	1620
181.164	1620
181.171	1620
181.179	1620
181.18	1620
181.187	1620
181.194	1620
181.2	1620
181.201	1620
181.208	1620
181.216	1620
181.217	1620
181.223	1620
181.231	1620
181.231	1620
181.239	1620
181.246	1620
181.247	1620
181.254	1620
181.26	1620
181.261	1620
181.268	1620
181.274	1620
181.275	1620
181.282	1620
181.29	1620
181.291	1620
181.297	1620
181.304	1620
181.305	1620
181.312	1620
181.32	1620
181.321	1620
181.328	1620
181.335	1620
181.336	1620
181.343	1620
181.349	1620
181.35	1620
181.357	1620
181.364	1620
181.365	1620
181.373	1620
181.38	1620
181.381	1620
181.388	1620
181.394	1620
181.395	1620
181.402	1620
181.41	1620
181.41	1620
181.417	1620
181.424	1620
181.425	1620
181.432	1620
181.439	1620
181.44	1620
181.448	1620
181.455	1620
181.456	1620
181.463	1620
181.468	1620
181.476	1620
181.483	1620
181.484	1620
181.49	1620
181.498	1620
181.499	1620
181.5	1620
181.507	1620
181.514	1620
181.52	1620
181.527	1620
181.528	1620
181.536	1620
181.542	1620
181.543	1620
181.545	1620
181.551	1620
181.558	1620
181.566	1620
181.567	1620
181.574	1620
181.581	1620
181.582	1620
181.591	1620
181.597	1620
181.602	1620
181.609	1620
181.615	1620
181.622	1620
181.623	1620
181.631	1620
181.638	1620
181.639	1620
181.645	1620
181.654	1620
181.66	1620
181.661	1620
181.668	1620
181.675	1620
181.676	1620
181.682	1620
181.689	1620
181.69	1620
181.697	1620
181.704	1620
181.705	1620
181.712	1620
181.719	1620
181.72	1620
181.728	1620
181.735	1620
181.742	1620
181.742	1620
181.75	1620
181.756	1620
181.757	1620
181.764	1620
181.771	1620
181.772	1620
181.779	1620
181.786	1620
181.787	1620
181.792	1620
181.798	1620
181.799	1620
181.804	1620
181.811	1620
181.812	1620
181.817	1620
181.823	1620
181.823	1620
181.829	1620
181.835	1620
181.835	1620
181.841	1620
181.846	1620
181.846	1620
181.853	1620
181.858	1620
181.863	1620
181.864	1620
181.869	1620
181.876	1620
181.877	1620
181.888	1620
181.897	1620
181.906	1620
181.915	1620
181.917	1620
181.926	1620
181.934	1620
181.945	1620
181.946	1620
181.954	1620
181.963	1620
181.965	1620
181.974	1620
181.983	1620
181.985	1620
181.986	1620
181.996	1620
182.002	1620
182.003	1620
182.011	1620
182.017	1620
182.025	1620
182.026	1620
182.033	1620
182.04	1620
182.04	1620
182.048	1620
182.055	1620
182.056	1620
182.063	1620
182.07	1620
182.076	1620
182.077	1620
182.084	1620
182.091	1620
182.098	1620
182.099	1620
182.106	1620
182.113	1620
182.114	1620
182.122	1620
182.128	1620
182.129	1620
182.136	1620
182.143	1620
182.144	1620
182.152	1620
182.159	1620
182.16	1620
182.167	1620
182.173	1620
182.174	1620
182.181	1620
182.187	1620
182.188	1620
182.195	1620
182.203	1620
182.204	1620
182.21	1620
182.218	1620
182.219	1620
182.226	1620
182.233	1620
182.234	1620
182.24	1620
182.247	1620
182.248	1620
182.256	1620
182.263	1620
182.264	1620
182.271	1620
182.278	1620
182.285	1620
182.286	1620
182.293	1620
182.299	1620
182.3	1620
182.308	1620
182.314	1620
182.315	1620
182.323	1620
182.329	1620
182.336	1620
182.337	1620
182.344	1620
182.351	1620
182.352	1620
182.353	1620
182.36	1620
182.367	1620
182.368	1620
182.375	1620
182.382	1620
182.384	1620
182.39	1620
182.396	1620
182.397	1620
182.405	1620
182.412	1620
182.413	1620
182.42	1620
182.421	1620
182.427	1620
182.428	1620
182.435	1620
182.436	1620
182.443	1620
182.451	1620
182.452	1620
182.453	1620
182.459	1620
182.466	1620
182.473	1620
182.474	1620
182.481	1620
182.488	1620
182.489	1620
182.497	1620
182.503	1620
182.51	1572
182.511	1572
182.519	1572
182.525	1572
182.526	1572
182.534	1572
182.541	1572
182.542	1572
182.55	1572
182.557	1572
182.558	1572
182.564	1572
182.573	1572
182.579	1572
182.58	1572
182.588	1572
182.594	1572
182.602	1572
182.603	1572
182.609	1572
182.616	1572
182.616	1572
182.623	1572
182.629	1572
182.629	1572
182.634	1572
182.64	1572
182.641	1572
182.647	1572
182.653	1572
182.654	1572
182.66	1581
182.664	1581
182.665	1581
182.671	1606
182.677	1606
182.677	1606
182.683	1622
182.689	1622
182.689	1622
182.695	1667
182.701	1667
182.702	1667
182.707	1667
182.712	1667
182.713	1667
182.722	1667
182.731	1667
182.74	1667
182.741	1667
182.751	1667
182.76	1667
182.761	1667
182.769	1667
182.778	1667
182.78	1667
182.789	1667
182.798	1667
182.799	1667
182.808	1667
182.817	1667
182.818	1667
182.826	1667
182.833	1667
182.834	1667
182.84	1667
182.847	1667
182.854	1667
182.861	1667
182.862	1667
182.869	1667
182.876	1667
182.877	1667
182.882	1667
182.889	1667
182.89	1667
182.897	1667
182.904	1667
182.905	1667
182.911	1667
182.912	1667
182.919	1667
182.926	1667
182.933	1667
182.934	1667
182.94	1667
182.947	1667
182.948	1667
182.956	1667
182.963	1667
182.964	1667
182.97	1667
182.977	1667
182.978	1667
182.984	1667
182.991	1667
182.993	1667
182.999	1667
183.005	1667
183.006	1667
183.013	1667
183.021	1667
183.022	1667
183.028	1667
183.035	1667
183.036	1667
183.043	1667
183.05	1667
183.051	1667
183.057	1667
183.064	1667
183.065	1667
183.072	1667
183.078	1667
183.079	1667
183.086	1667
183.092	1667
183.093	1667
183.101	1667
183.107	1667
183.108	1667
183.114	1667
183.121	1667
183.122	1667
183.129	1667
183.137	1667
183.144	1667
183.145	1667
183.15	1667
183.158	1667
183.159	1667
183.166	1667
183.173	1667
183.174	1667
183.179	1667
183.187	1667
183.188	1667
183.195	1667
183.201	1667
183.202	1667
183.209	1667
183.215	1667
183.216	1667
183.224	1667
183.23	1667
183.231	1667
183.237	1667
183.244	1667
183.245	1667
183.252	1667
183.26	1667
183.261	1667
183.266	1667
183.273	1667
183.274	1667
183.282	1667
183.289	1667
183.294	1667
183.295	1667
183.303	1667
183.31	1667
183.311	1667
183.318	1667
183.324	1667
183.33	1667
183.331	1667
183.339	1667
183.346	1667
183.347	1667
183.353	1667
183.36	1667
183.366	1667
183.367	1667
183.375	1667
183.38	1667
183.381	1667
183.388	1667
183.395	1667
183.396	1667
183.403	1667
183.41	1667
183.411	1667
183.417	1667
183.424	1667
183.425	1667
183.432	1667
183.438	1667
183.44	1667
183.446	1667
183.45	1667
183.451	1667
183.457	1667
183.463	1667
183.464	1667
183.468	1667
183.473	1667
183.474	1667
183.48	1667
183.485	1667
183.487	1667
183.494	1667
183.501	1667
183.504	1667
183.513	1667
183.517	1667
183.523	1667
183.528	1667
183.534	1667
183.54	1667
183.541	1667
183.542	1667
183.551	1667
183.561	1667
183.569	1667
183.571	1667
183.58	1667
183.589	1667
183.599	1667
183.6	1667
183.608	1667
183.617	1667
183.618	1667
183.627	1667
183.636	1667
183.638	1667
183.648	1667
183.649	1667
183.655	1667
183.662	1667
183.668	1667
183.669	1667
183.676	1667
183.682	1667
183.689	1667
183.69	1667
183.697	1667
183.704	1667
183.71	1667
183.711	1667
183.718	1667
183.726	1667
183.733	1667
183.734	1667
183.741	1667
183.746	1667
183.754	1667
183.76	1667
183.767	1667
183.768	1667
183.775	1667
183.782	1667
183.783	1667
183.79	1667
183.797	1667
183.797	1667
183.804	1667
183.811	1667
183.812	1667
183.819	1667
183.826	1667
183.827	1667
183.833	1667
183.834	1667
183.84	1667
183.847	1667
183.848	1667
183.855	1667
183.861	1667
183.862	1667
183.869	1667
183.876	1667
183.877	1667
183.884	1667
183.89	1667
183.891	1667
183.898	1667
183.906	1667
183.906	1667
183.913	1667
183.919	1667
183.92	1667
183.928	1667
183.935	1667
183.936	1667
183.943	1667
183.949	1667
183.956	1667
183.957	1667
183.964	1667
183.971	1667
183.977	1667
183.984	1667
183.985	1667
183.992	1667
183.998	1667
183.999	1667
184.007	1667
184.013	1667
184.014	1667
184.02	1667
184.027	1667
184.028	1667
184.035	1667
184.042	1667
184.049	1667
184.056	1667
184.057	1667
184.064	1667
184.069	1667
184.07	1667
184.078	1667
184.084	1667
184.091	1667
184.092	1667
184.098	1667
184.105	1667
184.112	1667
184.119	1667
184.126	1667
184.127	1667
184.134	1667
184.14	1667
184.148	1667
184.149	1667
184.155	1667
184.162	1667
184.163	1667
184.169	1667
184.17	1667
184.177	1667
184.184	1667
184.186	1667
184.191	1667
184.199	1667
184.206	1667
184.207	1667
184.213	1667
184.22	1667
184.221	1667
184.228	1667
184.235	1667
184.236	1667
184.242	1667
184.248	1667
184.249	1667
184.257	1667
184.264	1667
184.265	1667
184.272	1667
184.277	1667
184.278	1667
184.283	1667
184.288	1667
184.288	1667
184.295	1667
184.3	1667
184.306	1667
184.306	1667
184.311	1667
184.316	1667
184.317	1667
184.324	1667
184.329	1667
184.331	1667
184.339	1667
184.346	1667
184.346	1667
184.356	1667
184.361	1667
184.362	1667
184.371	1667
184.379	1667
184.38	1667
184.39	1667
184.398	1667
184.399	1667
184.408	1667
184.417	1667
184.419	1667
184.428	1667
184.438	1667
184.446	1667
184.456	1667
184.457	1667
184.466	1667
184.474	1667
184.475	1667
184.484	1667
184.491	1667
184.498	1667
184.505	1667
184.512	1667
184.513	1667
184.52	1667
184.527	1667
184.528	1667
184.534	1667
184.54	1667
184.548	1667
184.549	1667
184.555	1667
184.563	1667
184.564	1667
184.57	1667
184.577	1667
184.583	1667
184.584	1667
184.592	1667
184.598	1667
184.599	1667
184.605	1667
184.613	1667
184.614	1667
184.62	1667
184.626	1667
184.627	1667
184.634	1667
184.642	1667
184.643	1667
184.65	1667
184.656	1667
184.657	1667
184.664	1667
184.671	1667
184.672	1667
184.678	1667
184.684	1667
184.685	1667
184.693	1667
184.699	1667
184.706	1667
184.707	1667
184.714	1667
184.72	1667
184.721	1667
184.728	1667
184.735	1667
184.736	1667
184.743	1667
184.749	1667
184.756	1667
184.757	1667
184.765	1667
184.772	1667
184.773	1667
184.778	1667
184.785	1667
184.786	1667
184.793	1667
184.801	1667
184.802	1667
184.807	1628
184.815	1628
184.822	1628
184.823	1628
184.83	1628
184.836	1628
184.84	1628
184.841	1628
184.847	1628
184.854	1628
184.861	1628
184.863	1628
184.87	1628
184.871	1628
184.877	1628
184.885	1628
184.885	1628
184.892	1628
184.9	1628
184.901	1628
184.908	1628
184.909	1628
184.915	1628
184.923	1628
184.93	1628
184.931	1628
184.938	1628
184.945	1628
184.946	1628
184.952	1628
184.959	1628
184.965	1628
184.973	1628
184.98	1628
184.981	1628
184.982	1628
184.989	1628
184.995	1628
184.996	1628
185.003	1628
185.011	1628
185.018	1628
185.025	1628
185.025	1628
185.026	1628
185.033	1628
185.04	1628
185.041	1628
185.042	1628
185.05	1628
185.057	1628
185.063	1628
185.064	1628
185.07	1628
185.077	1628
185.078	1628
185.085	1628
185.092	1628
185.093	1628
185.1	1628
185.108	1628
185.109	1628
185.113	1628
185.119	1628
185.12	1628
185.125	1628
185.132	1628
185.133	1628
185.138	1628
185.144	1628
185.144	1628
185.149	1628
185.156	1628
185.156	1628
185.162	1628
185.167	1628
185.168	1628
185.175	1628
185.185	1628
185.185	1628
185.191	1628
185.198	1628
185.198	1628
185.206	1628
185.215	1628
185.216	1628
185.226	1628
185.234	1628
185.236	1628
185.237	1628
185.246	1628
185.256	1628
185.258	1628
185.266	1628
185.267	1628
185.277	1628
185.286	1628
185.288	1628
185.296	1628
185.307	1628
185.308	1628
185.316	1628
185.327	1628
185.328	1628
185.329	1628
185.335	1628
185.341	1628
185.349	1628
185.355	1628
185.363	1628
185.364	1628
185.371	1628
185.372	1628
185.379	1628
185.379	1628
185.387	1628
185.393	1628
185.394	1628
185.401	1628
185.408	1628
185.409	1628
185.416	1605
185.424	1605
185.425	1605
185.431	1605
185.438	1605
185.439	1605
185.446	1605
185.454	1605
185.455	1605
185.462	1605
185.469	1605
185.47	1605
185.476	1605
185.484	1605
185.485	1605
185.491	1605
185.498	1605
185.499	1605
185.507	1605
185.514	1605
185.515	1605
185.522	1605
185.528	1605
185.529	1605
185.537	1605
185.544	1605
185.545	1605
185.551	1605
185.558	1605
185.559	1605
185.567	1605
185.573	1605
185.574	1605
185.582	1605
185.589	1605
185.59	1605
185.598	1605
185.605	1605
185.606	1605
185.612	1605
185.619	1605
185.62	1605
185.627	1605
185.635	1605
185.636	1605
185.642	1605
185.65	1605
185.651	1605
185.658	1605
185.665	1605
185.672	1605
185.672	1605
185.683	1605
185.689	1605
185.697	1605
185.703	1605
185.711	1605
185.712	1605
185.718	1605
185.725	1605
185.726	1605
185.734	1605
185.74	1605
185.741	1605
185.748	1605
185.756	1605
185.757	1605
185.763	1605
185.764	1605
185.772	1605
185.773	1605
185.785	1605
185.786	1605
185.792	1605
185.8	1605
185.801	1605
185.807	1605
185.814	1605
185.816	1605
185.823	1605
185.829	1605
185.83	1605
185.831	1605
185.838	1605
185.846	1605
185.849	1605
185.859	1605
185.86	1605
185.868	1605
185.875	1605
185.876	1605
185.884	1605
185.891	1605
185.892	1605
185.898	1605
185.905	1605
185.906	1605
185.913	1605
185.921	1605
185.922	1605
185.928	1605
185.936	1605
185.937	1605
185.943	1605
185.95	1605
185.951	1605
185.956	1605
185.962	1605
185.963	1605
185.969	1605
185.975	1605
185.976	1605
185.98	1605
185.981	1605
185.987	1605
185.988	1605
185.994	1605
185.999	1605
186.006	1605
186.006	1605
186.011	1605
186.017	1605
186.017	1605
186.023	1605
186.029	1605
186.029	1605
186.042	1605
186.047	1605
186.055	1605
186.056	1605
186.07	1605
186.071	1605
186.08	1605
186.089	1605
186.098	1605
186.108	1605
186.11	1605
186.118	1605
186.128	1605
186.13	1605
186.139	1605
186.148	1605
186.157	1605
186.158	1605
186.168	1605
186.175	1605
186.182	1605
186.184	1605
186.19	1605
186.198	1605
186.205	1605
186.206	1605
186.212	1605
186.219	1605
186.22	1605
186.227	1605
186.234	1605
186.235	1605
186.242	1605
186.25	1605
186.251	1605
186.257	1605
186.259	1605
186.266	1605
186.273	1605
186.274	1605
186.281	1605
186.287	1605
186.288	1605
186.295	1605
186.302	1605
186.303	1605
186.311	1605
186.317	1605
186.318	1605
186.326	1605
186.332	1605
186.334	1605
186.341	1605
186.349	1605
186.355	1605
186.356	1605
186.363	1605
186.371	1605
186.372	1605
186.379	1605
186.385	1605
186.386	1605
186.393	1605
186.394	1605
186.401	1605
186.402	1605
186.41	1605
186.417	1605
186.418	1605
186.425	1605
186.431	1605
186.432	1605
186.44	1605
186.447	1605
186.448	1605
186.455	1605
186.461	1605
186.462	1605
186.469	1605
186.477	1605
186.483	1605
186.484	1605
186.491	1605
186.499	1605
186.505	1605
186.512	1605
186.513	1605
186.521	1605
186.527	1605
186.529	1605
186.536	1605
186.543	1605
186.544	1605
186.551	1605
186.559	1605
186.56	1605
186.566	1605
186.573	1605
186.575	1605
186.581	1605
186.588	1605
186.596	1605
186.603	1605
186.604	1605
186.61	1605
186.611	1605
186.618	1605
186.619	1605
186.627	1605
186.634	1605
186.635	1605
186.642	1605
186.643	1605
186.65	1605
186.651	1605
186.658	1605
186.664	1605
186.671	1605
186.679	1605
186.68	1605
186.687	1529
186.694	1529
186.696	1529
186.703	1529
186.711	1529
186.711	1529
186.718	1529
186.729	1529
186.73	1529
186.737	1529
186.738	1529
186.739	1529
186.747	1529
186.753	1529
186.755	1529
186.761	1529
186.77	1529
186.771	1529
186.778	1529
186.786	1529
186.787	1529
186.794	1529
186.8	1529
186.801	1529
186.806	1529
186.813	1529
186.813	1529
186.818	1529
186.824	1529
186.825	1529
186.832	1529
186.837	1529
186.838	1529
186.844	1529
186.852	1529
186.856	1529
186.857	1529
186.863	1529
186.871	1529
186.871	1529
186.877	1529
186.888	1529
186.888	1529
186.893	1529
186.903	1529
186.905	1529
186.914	1529
186.925	1529
186.927	1529
186.936	1529
186.946	1529
186.955	1529
186.957	1529
186.967	1529
186.977	1529
186.979	1529
186.987	1529
186.989	1529
186.999	1529
187.006	1529
187.008	1529
187.016	1529
187.022	1529
187.023	1529
187.03	1529
187.039	1529
187.046	1529
187.054	1529
187.055	1529
187.062	1529
187.068	1529
187.069	1529
187.078	1529
187.085	1529
187.086	1529
187.094	1529
187.101	1529
187.102	1529
187.109	1529
187.117	1529
187.118	1529
187.124	1529
187.133	1529
187.14	1529
187.141	1529
187.148	1529
187.156	1529
187.157	1529
187.164	1529
187.327	1529
187.327	1529
187.332	1529
187.339	1529
187.341	1529
187.348	1529
187.43	1529
187.431	1529
187.438	1529
187.445	1529
187.446	1529
187.454	1529
187.531	1529
187.532	1529
187.539	1529
187.546	1529
187.547	1529
187.554	1529
187.561	1529
187.562	1529
187.57	1529
187.577	1529
187.578	1529
187.585	1529
187.593	1529
187.594	1529
187.601	1529
187.609	1529
187.61	1529
187.617	1529
187.624	1529
187.625	1529
187.633	1529
187.64	1529
187.641	1529
187.649	1529
187.657	1529
187.658	1529
187.665	1529
187.673	1529
187.674	1529
187.681	1529
187.689	1529
187.69	1529
187.696	1529
187.703	1529
187.706	1529
187.713	1529
187.719	1529
187.72	1529
187.729	1529
187.735	1529
187.736	1529
187.744	1529
187.752	1529
187.752	1529
187.76	1529
187.768	1529
187.769	1529
187.776	1488
187.783	1488
187.784	1488
187.791	1488
187.8	1488
187.801	1488
187.809	1488
187.816	1488
187.817	1488
187.825	1488
187.832	1488
187.833	1488
187.841	1488
187.847	1488
187.848	1488
187.854	1488
187.859	1488
187.861	1488
187.867	1488
187.873	1488
187.874	1488
187.879	1488
187.886	1488
187.887	1488
187.893	1488
187.899	1488
187.9	1488
187.906	1488
187.911	1488
187.913	1488
187.919	1488
187.924	1488
187.925	1488
187.931	1488
187.937	1488
187.938	1488
187.945	1488
187.955	1488
187.957	1488
187.967	1488
187.977	1488
187.978	1488
187.989	1488
187.999	1488
188	1488
188.01	1488
188.019	1488
188.021	1488
188.031	1488
188.041	1488
188.042	1488
188.054	1488
188.061	1488
188.062	1488
188.069	1488
188.077	1488
188.078	1488
188.086	1488
188.093	1488
188.094	1488
188.101	1488
188.11	1488
188.111	1488
188.117	1488
188.125	1488
188.126	1488
188.135	1488
188.142	1488
188.143	1488
188.15	1488
188.158	1488
188.159	1488
188.167	1488
188.175	1488
188.176	1488
188.182	1488
188.19	1488
188.191	1488
188.199	1488
188.207	1488
188.208	1488
188.216	1488
188.224	1488
188.225	1488
188.231	1488
188.239	1488
188.24	1488
188.248	1488
188.255	1488
188.256	1488
188.264	1488
188.271	1488
188.272	1488
188.281	1488
188.289	1488
188.29	1488
188.296	1488
188.304	1488
188.305	1488
188.313	1488
188.32	1488
188.321	1488
188.329	1488
188.336	1488
188.344	1488
188.345	1488
188.356	1488
188.357	1488
188.363	1488
188.372	1488
188.373	1488
188.38	1488
188.388	1488
188.389	1488
188.396	1488
188.403	1488
188.404	1488
188.413	1488
188.421	1488
188.421	1488
188.428	1488
188.436	1488
188.437	1488
188.445	1488
188.453	1488
188.454	1488
188.462	1488
188.469	1488
188.47	1488
188.478	1488
188.486	1488
188.486	1488
188.493	1488
188.501	1488
188.502	1488
188.509	1488
188.517	1488
188.518	1488
188.527	1488
188.533	1488
188.534	1488
188.542	1488
188.55	1488
188.552	1488
188.559	1488
188.566	1488
188.573	1488
188.574	1488
188.583	1488
188.591	1488
188.597	1488
188.598	1488
188.607	1488
188.613	1488
188.622	1488
188.623	1488
188.631	1488
188.637	1488
188.638	1488
188.646	1488
188.653	1488
188.655	1488
188.663	1488
188.671	1488
188.678	1488
188.685	1488
188.686	1488
188.692	1488
188.698	1488
188.699	1488
188.705	1488
188.712	1488
188.713	1488
188.719	1488
188.724	1488
188.725	1488
188.731	1488
188.737	1488
188.738	1488
188.745	1448
188.751	1448
188.752	1448
188.758	1448
188.764	1448
188.771	1448
188.772	1448
188.777	1448
188.784	1448
188.785	1448
188.791	1448
188.801	1448
188.802	1448
188.812	1448
188.824	1448
188.824	1448
188.836	1448
188.846	1448
188.848	1448
188.858	1448
188.867	1448
188.869	1448
188.88	1455
188.89	1455
188.892	1455
188.901	1455
188.909	1455
188.918	1455
188.926	1455
188.932	1455
188.933	1455
188.942	1458
188.95	1458
188.951	1458
188.959	1500
188.965	1518
188.966	1518
188.974	1526
188.982	1526
188.989	1526
188.99	1526
188.997	1526
189.004	1526
189.006	1526
189.013	1526
189.02	1526
189.021	1526
189.029	1526
189.036	1526
189.037	1526
189.046	1526
189.053	1526
189.054	1526
189.061	1526
189.068	1526
189.069	1526
189.076	1526
189.084	1526
189.085	1526
189.093	1526
189.099	1526
189.102	1526
189.109	1526
189.116	1526
189.117	1526
189.125	1526
189.131	1526
189.132	1526
189.14	1526
189.148	1526
189.149	1526
189.155	1526
189.164	1526
189.165	1526
189.172	1526
189.179	1526
189.187	1526
189.188	1526
189.196	1526
189.203	1526
189.204	1526
189.21	1526
189.219	1526
189.225	1526
189.226	1526
189.235	1526
189.242	1526
189.249	1526
189.256	1526
189.257	1526
189.265	1526
189.272	1526
189.28	1526
189.281	1526
189.289	1526
189.296	1526
189.297	1526
189.304	1526
189.311	1526
189.312	1526
189.32	1526
189.328	1526
189.329	1526
189.336	1526
189.343	1526
189.345	1526
189.352	1526
189.358	1526
189.366	1526
189.367	1526
189.374	1526
189.381	1526
189.383	1526
189.39	1526
189.398	1526
189.398	1526
189.406	1526
189.414	1526
189.415	1526
189.423	1526
189.429	1526
189.436	1526
189.438	1526
189.446	1526
189.453	1526
189.454	1526
189.461	1526
189.469	1526
189.47	1526
189.471	1526
189.478	1526
189.485	1526
189.486	1526
189.494	1526
189.501	1526
189.502	1526
189.509	1526
189.518	1526
189.519	1526
189.525	1526
189.533	1526
189.533	1526
189.54	1526
189.546	1526
189.547	1526
189.553	1526
189.559	1526
189.56	1526
189.566	1526
189.571	1526
189.571	1526
189.577	1526
189.584	1526
189.585	1526
189.591	1526
189.597	1526
189.597	1526
189.605	1526
189.61	1526
189.611	1526
189.625	1526
189.63	1526
189.636	1526
189.637	1526
189.648	1526
189.657	1526
189.659	1526
189.668	1526
189.678	1526
189.679	1526
189.69	1526
189.691	1526
189.7	1526
189.711	1526
189.713	1526
189.721	1526
189.723	1526
189.733	1526
189.742	1526
189.744	1526
189.751	1526
189.758	1526
189.759	1526
189.767	1526
189.775	1526
189.775	1526
189.783	1526
189.79	1526
189.798	1526
189.799	1526
189.806	1526
189.814	1526
189.815	1526
189.823	1526
189.83	1526
189.831	1526
189.838	1526
189.846	1526
189.847	1526
189.854	1526
189.861	1526
189.862	1526
189.869	1526
189.877	1526
189.878	1526
189.885	1526
189.893	1526
189.895	1526
189.902	1526
189.909	1526
189.91	1526
189.918	1526
189.924	1526
189.926	1526
189.933	1526
189.94	1526
189.941	1526
189.949	1526
189.956	1526
189.963	1526
189.964	1526
189.972	1526
189.98	1526
189.981	1526
189.989	1526
189.995	1526
189.996	1526
190.003	1526
190.012	1526
190.012	1526
190.019	1526
190.027	1526
190.029	1526
190.036	1526
190.043	1526
190.045	1526
190.052	1526
190.059	1526
190.06	1526
190.068	1526
190.075	1526
190.076	1526
190.084	1526
190.091	1526
190.092	1526
190.099	1526
190.107	1526
190.107	1526
190.114	1526
190.123	1526
190.124	1526
190.13	1526
190.138	1526
190.145	1526
190.146	1526
190.153	1526
190.161	1526
190.163	1526
190.17	1526
190.178	1526
190.179	1526
190.186	1526
190.193	1526
190.195	1526
190.202	1526
190.209	1526
190.217	1526
190.218	1526
190.224	1526
190.232	1526
190.233	1526
190.24	1526
190.248	1526
190.249	1526
190.256	1526
190.264	1526
190.265	1526
190.273	1526
190.279	1526
190.28	1526
190.289	1526
190.296	1526
190.297	1526
190.304	1526
190.311	1526
190.312	1526
190.32	1526
190.328	1526
190.328	1526
190.335	1526
190.342	1526
190.344	1526
190.351	1526
190.357	1526
190.358	1526
190.364	1526
190.37	1526
190.37	1526
190.376	1526
190.383	1526
190.384	1526
190.393	1526
190.398	1526
190.404	1526
190.405	1526
190.412	1526
190.417	1526
190.418	1526
190.425	1526
190.43	1526
190.431	1526
190.44	1526
190.447	1526
190.447	1526
190.457	1526
190.467	1526
190.468	1526
190.483	1526
190.493	1526
190.502	1526
190.512	1526
190.514	1526
190.523	1526
190.533	1526
190.543	1526
190.553	1526
190.563	1526
190.571	1526
190.572	1526
190.58	1526
190.586	1526
190.593	1526
190.601	1526
190.602	1526
190.61	1526
190.617	1526
190.619	1526
190.625	1526
190.633	1526
190.635	1526
190.642	1526
190.648	1526
190.649	1526
190.658	1526
190.665	1526
190.665	1526
190.674	1526
190.681	1526
190.682	1526
190.689	1526
190.697	1526
190.698	1526
190.704	1526
190.712	1526
190.713	1526
190.721	1526
190.728	1526
190.729	1526
190.737	1526
190.744	1526
190.745	1526
190.752	1526
190.759	1526
190.76	1526
190.768	1526
190.775	1526
190.776	1526
190.785	1526
190.791	1526
190.792	1526
190.8	1526
190.807	1526
190.808	1526
190.815	1526
190.824	1526
190.825	1526
190.831	1526
190.838	1526
190.84	1526
190.847	1526
190.855	1526
190.862	1526
190.87	1526
190.871	1526
190.879	1526
190.885	1526
190.887	1526
190.896	1526
190.903	1526
190.911	1526
190.911	1526
190.92	1526
190.926	1526
190.927	1526
190.935	1526
190.943	1526
190.944	1526
190.951	1526
190.959	1526
190.96	1526
190.966	1526
190.974	1526
190.975	1526
190.982	1526
190.989	1526
190.991	1526
190.999	1526
191.005	1526
191.006	1526
191.015	1526
191.022	1526
191.03	1526
191.031	1526
191.037	1526
191.045	1526
191.046	1526
191.054	1526
191.06	1526
191.061	1526
191.069	1526
191.076	1526
191.077	1526
191.086	1526
191.092	1526
191.093	1526
191.1	1526
191.109	1526
191.11	1526
191.116	1526
191.125	1526
191.126	1526
191.132	1526
191.139	1526
191.141	1526
191.148	1526
191.155	1526
191.156	1526
191.165	1526
191.172	1526
191.173	1526
191.18	1526
191.181	1526
191.189	1526
191.195	1526
191.196	1526
191.202	1526
191.208	1526
191.21	1526
191.215	1526
191.216	1526
191.222	1526
191.228	1526
191.229	1526
191.234	1526
191.241	1526
191.242	1526
191.247	1526
191.248	1526
191.255	1526
191.26	1518
191.261	1518
191.267	1518
191.274	1518
191.274	1518
191.281	1518
191.293	1518
191.294	1518
191.305	1518
191.315	1518
191.315	1518
191.325	1518
191.336	1518
191.337	1518
191.347	1518
191.356	1518
191.358	1518
191.369	1518
191.377	1518
191.387	1518
191.398	1518
191.4	1518
191.409	1518
191.417	1518
191.417	1518
191.426	1518
191.432	1518
191.433	1518
191.441	1518
191.449	1518
191.45	1518
191.456	1518
191.464	1518
191.471	1518
191.48	1518
191.481	1518
191.488	1518
191.496	1518
191.497	1518
191.504	1518
191.512	1518
191.519	1518
191.52	1518
191.527	1518
191.534	1518
191.541	1518
191.544	1518
191.55	1518
191.558	1518
191.559	1518
191.567	1518
191.574	1518
191.575	1518
191.582	1518
191.589	1518
191.59	1518
191.598	1518
191.605	1518
191.606	1518
191.615	1518
191.621	1518
191.623	1518
191.631	1518
191.638	1518
191.639	1518
191.646	1518
191.654	1518
191.66	1518
191.661	1518
191.669	1518
191.676	1518
191.677	1518
191.685	1518
191.692	1518
191.693	1518
191.701	1518
191.709	1518
191.71	1518
191.717	1518
191.724	1518
191.725	1518
191.734	1518
191.74	1518
191.747	1518
191.749	1518
191.757	1518
191.764	1518
191.766	1518
191.773	1518
191.78	1518
191.781	1518
191.789	1518
191.795	1518
191.803	1518
191.804	1518
191.812	1518
191.82	1518
191.827	1518
191.827	1518
191.835	1518
191.843	1518
191.844	1518
191.851	1518
191.859	1518
191.86	1518
191.866	1518
191.874	1518
191.875	1518
191.882	1518
191.891	1444
191.892	1444
191.893	1444
191.901	1444
191.909	1444
191.917	1444
191.918	1444
191.924	1444
191.933	1444
191.933	1444
191.941	1444
191.95	1444
191.95	1444
191.959	1444
191.967	1444
191.967	1444
191.976	1444
191.983	1444
191.991	1444
191.992	1444
191.999	1444
192.008	1444
192.009	1444
192.016	1444
192.024	1444
192.032	1444
192.033	1444
192.042	1444
192.042	1444
192.049	1444
192.055	1444
192.056	1444
192.061	1444
192.068	1444
192.069	1444
192.076	1444
192.081	1444
192.082	1444
192.088	1444
192.094	1444
192.095	1444
192.101	1444
192.108	1444
192.108	1444
192.116	1451
192.121	1451
192.122	1451
192.129	1451
192.135	1473
192.136	1473
192.141	1473
192.152	1473
192.154	1473
192.163	1473
192.173	1473
192.175	1473
192.185	1473
192.196	1473
192.198	1473
192.208	1473
192.217	1473
192.219	1473
192.23	1473
192.239	1473
192.25	1473
192.251	1473
192.258	1473
192.267	1473
192.268	1473
192.274	1473
192.282	1473
192.283	1473
192.291	1473
192.3	1473
192.307	1473
192.308	1473
192.309	1473
192.316	1473
192.324	1473
192.332	1473
192.334	1473
192.341	1473
192.348	1473
192.349	1473
192.358	1473
192.365	1473
192.373	1473
192.381	1473
192.382	1473
192.389	1473
192.397	1473
192.398	1473
192.406	1473
192.413	1473
192.415	1473
192.422	1473
192.43	1473
192.437	1473
192.438	1473
192.446	1473
192.454	1473
192.454	1473
192.462	1473
192.469	1473
192.47	1473
192.479	1473
192.486	1473
192.487	1473
192.496	1473
192.503	1473
192.504	1473
192.512	1473
192.519	1473
192.526	1473
192.527	1473
192.536	1473
192.544	1473
192.545	1473
192.551	1473
192.56	1473
192.561	1473
192.568	1473
192.576	1473
192.577	1473
192.585	1473
192.593	1473
192.594	1473
192.601	1473
192.609	1473
192.61	1473
192.618	1473
192.626	1473
192.626	1473
192.634	1473
192.641	1473
192.642	1473
192.651	1473
192.659	1473
192.66	1473
192.666	1473
192.675	1473
192.676	1473
192.683	1473
192.691	1473
192.693	1473
192.699	1473
192.707	1473
192.708	1473
192.716	1473
192.723	1473
192.731	1473
192.732	1473
192.74	1473
192.747	1473
192.749	1473
192.757	1473
192.765	1473
192.765	1473
192.774	1473
192.78	1473
192.781	1473
192.789	1473
192.797	1473
192.799	1473
192.805	1473
192.813	1473
192.821	1473
192.822	1473
192.83	1473
192.837	1473
192.838	1473
192.846	1473
192.854	1473
192.862	1473
192.87	1473
192.871	1473
192.879	1473
192.885	1473
192.886	1473
192.891	1473
192.897	1473
192.899	1473
192.905	1473
192.91	1473
192.911	1473
192.917	1473
192.924	1473
192.925	1473
192.93	1473
192.937	1473
192.938	1473
192.944	1473
192.951	1473
192.951	1473
192.958	1473
192.965	1473
192.965	1473
192.975	1473
192.986	1473
192.987	1473
192.997	1473
193.008	1473
193.009	1473
193.018	1473
193.029	1473
193.031	1473
193.04	1473
193.051	1473
193.053	1473
193.062	1473
193.072	1481
193.074	1481
193.084	1481
193.093	1481
193.094	1481
193.101	1481
193.108	1481
193.109	1481
193.118	1481
193.118	1481
193.125	1481
193.133	1481
193.141	1481
193.143	1481
193.149	1481
193.158	1481
193.159	1481
193.167	1481
193.173	1481
193.174	1481
193.185	1481
193.193	1481
193.196	1481
193.205	1481
193.212	1481
193.213	1481
193.222	1481
193.229	1481
193.241	1481
193.249	1481
193.255	1481
193.264	1481
193.265	1481
193.276	1481
193.282	1481
193.283	1481
193.295	1481
193.303	1481
193.31	1481
193.311	1481
193.318	1481
193.326	1481
193.327	1481
193.336	1481
193.343	1481
193.345	1481
193.352	1481
193.36	1481
193.361	1481
193.367	1481
193.376	1481
193.377	1481
193.384	1481
193.391	1481
193.399	1481
193.4	1481
193.409	1481
193.416	1481
193.417	1481
193.425	1481
193.433	1481
193.434	1481
193.44	1481
193.442	1481
193.449	1481
193.45	1481
193.458	1481
193.465	1481
193.467	1481
193.474	1481
193.483	1481
193.484	1481
193.49	1481
193.498	1481
193.499	1481
193.507	1481
193.515	1481
193.517	1481
193.524	1481
193.532	1481
193.533	1481
193.54	1481
193.548	1481
193.549	1481
193.556	1481
193.563	1481
193.565	1481
193.573	1481
193.58	1481
193.581	1481
193.588	1481
193.596	1481
193.604	1481
193.605	1481
193.612	1481
193.62	1481
193.621	1481
193.63	1481
193.637	1481
193.638	1481
193.646	1481
193.653	1481
193.654	1481
193.662	1481
193.664	1481
193.67	1481
193.678	1481
193.679	1481
193.687	1481
193.695	1481
193.695	1481
193.704	1481
193.71	1481
193.717	1481
193.717	1481
193.725	1481
193.731	1481
193.736	1481
193.737	1481
193.743	1481
193.75	1481
193.751	1481
193.757	1481
193.763	1481
193.763	1481
193.769	1481
193.775	1481
193.776	1481
193.783	1481
193.789	1481
193.79	1481
193.795	1481
193.806	1481
193.806	1481
193.813	1481
193.823	1481
193.824	1481
193.834	1481
193.844	1481
193.846	1481
193.856	1481
193.865	1481
193.868	1481
193.877	1481
193.887	1481
193.888	1481
193.9	1481
193.91	1481
193.911	1481
193.921	1481
193.922	1481
193.93	1481
193.937	1481
193.939	1481
193.94	1481
193.947	1481
193.955	1481
193.963	1481
193.971	1481
193.972	1481
193.979	1481
193.987	1481
193.988	1481
193.996	1481
193.997	1481
194.005	1481
194.012	1481
194.019	1481
194.02	1481
194.029	1481
194.036	1481
194.037	1481
194.038	1481
194.046	1481
194.054	1481
194.061	1481
194.062	1481
194.069	1481
194.077	1481
194.078	1481
194.086	1481
194.093	1481
194.094	1481
194.103	1481
194.109	1481
194.11	1481
194.118	1481
194.127	1481
194.128	1481
194.135	1481
194.143	1481
194.151	1481
194.152	1481
194.158	1481
194.166	1481
194.174	1481
194.176	1481
194.182	1481
194.191	1481
194.192	1481
194.199	1481
194.207	1481
194.208	1481
194.209	1481
194.217	1481
194.224	1481
194.225	1481
194.232	1481
194.24	1481
194.241	1481
194.25	1481
194.257	1481
194.258	1481
194.266	1481
194.273	1481
194.274	1481
194.281	1481
194.289	1481
194.297	1481
194.304	1481
194.305	1481
194.314	1481
194.321	1481
194.322	1481
194.33	1481
194.337	1481
194.345	1481
194.353	1481
194.354	1481
194.362	1481
194.368	1481
194.37	1481
194.378	1481
194.386	1481
194.387	1481
194.393	1481
194.401	1481
194.402	1481
194.411	1481
194.417	1481
194.419	1481
194.421	1481
194.427	1481
194.436	1481
194.437	1481
194.444	1481
194.451	1481
194.452	1481
194.453	1481
194.462	1481
194.47	1481
194.471	1481
194.478	1481
194.485	1481
194.493	1481
194.494	1481
194.502	1481
194.51	1481
194.511	1481
194.519	1481
194.526	1481
194.533	1481
194.534	1481
194.535	1481
194.543	1481
194.55	1481
194.551	1481
194.559	1481
194.565	1481
194.566	1481
194.567	1481
194.573	1481
194.579	1481
194.58	1481
194.581	1481
194.587	1481
194.597	1481
194.597	1481
194.598	1481
194.604	1481
194.611	1481
194.611	1481
194.621	1481
194.631	1481
194.631	1481
194.638	1481
194.646	1481
194.646	1481
194.657	1481
194.666	1481
194.677	1481
194.687	1481
194.688	1481
194.698	1481
194.708	1481
194.709	1481
194.72	1481
194.73	1481
194.731	1481
194.742	1481
194.752	1481
194.761	1481
194.77	1481
194.771	1481
194.779	1481
194.78	1481
194.788	1481
194.794	1481
194.803	1481
194.804	1481
194.811	1481
194.812	1481
194.819	1481
194.827	1481
194.828	1481
194.837	1481
194.843	1481
194.844	1481
194.853	1481
194.861	1481
194.862	1481
194.869	1481
194.877	1481
194.878	1481
194.886	1481
194.893	1481
194.894	1481
194.902	1481
194.908	1481
194.911	1481
194.918	1481
194.926	1481
194.927	1481
194.934	1481
194.941	1481
194.942	1481
194.95	1481
194.957	1481
194.959	1481
194.966	1481
194.974	1481
194.975	1481
194.983	1481
194.99	1481
194.991	1481
194.999	1481
195.007	1481
195.014	1481
195.016	1481
195.023	1481
195.031	1481
195.039	1481
195.04	1481
195.047	1481
195.055	1481
195.055	1481
195.064	1481
195.071	1481
195.078	1481
195.079	1481
195.087	1481
195.095	1481
195.096	1481
195.104	1481
195.111	1481
195.119	1481
195.127	1481
195.128	1481
195.136	1481
195.144	1481
195.151	1481
195.152	1481
195.159	1481
195.166	1481
195.168	1481
195.169	1481
195.176	1481
195.184	1481
195.185	1481
195.193	1481
195.2	1481
195.202	1481
195.21	1481
195.217	1481
195.225	1481
195.226	1481
195.234	1481
195.242	1481
195.243	1481
195.25	1481
195.257	1481
195.258	1481
195.266	1481
195.273	1481
195.274	1481
195.282	1481
195.291	1481
195.292	1481
195.299	1481
195.306	1481
195.307	1481
195.308	1481
195.316	1481
195.324	1481
195.325	1481
195.332	1481
195.34	1481
195.341	1481
195.349	1481
195.356	1481
195.357	1481
195.365	1481
195.375	1481
195.376	1481
195.384	1481
195.391	1481
195.392	1481
195.394	1481
195.4	1481
195.405	1481
195.412	1402
195.418	1402
195.418	1402
195.428	1402
195.435	1402
195.435	1402
195.445	1402
195.455	1402
195.455	1402
195.463	1402
195.47	1402
195.47	1402
195.483	1402
195.489	1402
195.495	1402
195.497	1402
195.508	1402
195.518	1402
195.52	1402
195.531	1402
195.542	1402
195.553	1402
195.555	1402
195.556	1402
195.566	1402
195.568	1402
195.579	1402
195.581	1402
195.591	1402
195.602	1402
195.602	1402
195.611	1402
195.62	1402
195.621	1402
195.628	1402
195.636	1402
195.637	1402
195.646	1402
195.654	1402
195.655	1402
195.663	1402
195.671	1402
195.678	1402
195.679	1402
195.688	1402
195.697	1402
195.705	1402
195.706	1402
195.714	1402
195.721	1402
195.722	1402
195.731	1402
195.739	1402
195.74	1402
195.748	1402
195.755	1402
195.756	1402
195.765	1402
195.774	1402
195.782	1402
195.783	1402
195.791	1402
195.798	1402
195.799	1402
195.808	1402
195.816	1402
195.817	1402
195.824	1402
195.826	1402
195.834	1402
195.836	1402
195.843	1402
195.852	1402
195.852	1402
195.861	1402
195.869	1402
195.87	1402
195.877	1402
195.885	1402
195.886	1402
195.894	1402
195.903	1402
195.904	1402
195.912	1402
195.921	1402
195.922	1402
195.929	1402
195.937	1402
195.938	1402
195.947	1402
195.948	1402
195.956	1402
195.958	1402
195.966	1402
195.973	1402
195.974	1402
195.982	1402
195.99	1402
195.991	1402
195.999	1402
196.008	1402
196.016	1402
196.023	1375
196.024	1375
196.034	1375
196.042	1375
196.043	1375
196.05	1375
196.051	1375
196.06	1375
196.069	1375
196.07	1375
196.077	1375
196.086	1375
196.087	1375
196.095	1375
196.104	1375
196.105	1375
196.113	1375
196.121	1375
196.122	1375
196.13	1375
196.139	1375
196.14	1375
196.148	1375
196.156	1375
196.165	1375
196.166	1375
196.174	1375
196.183	1375
196.184	1375
196.191	1375
196.2	1375
196.201	1375
196.209	1375
196.218	1375
196.219	1375
196.225	1375
196.232	1375
196.233	1375
196.238	1375
196.246	1375
196.247	1375
196.252	1375
196.26	1375
196.261	1375
196.267	1375
196.275	1375
196.275	1375
196.284	1375
196.294	1375
196.294	1375
196.303	1375
196.314	1375
196.315	1375
196.325	1375
196.337	1375
196.339	1375
196.349	1375
196.359	1375
196.361	1375
196.372	1375
196.384	1375
196.384	1375
196.396	1375
196.406	1375
196.409	1375
196.419	1375
196.43	1375
196.431	1375
196.439	1375
196.44	1375
196.45	1375
196.458	1375
196.466	1375
196.467	1375
196.474	1375
196.483	1375
196.491	1375
196.5	1375
196.501	1375
196.508	1375
196.527	1375
196.528	1375
196.535	1375
196.555	1375
196.564	1375
196.571	1375
196.583	1375
196.591	1375
196.592	1375
196.601	1375
196.609	1375
196.612	1375
196.625	1375
196.632	1375
196.634	1375
196.647	1375
196.648	1375
196.656	1375
196.657	1375
196.666	1375
196.674	1375
196.675	1375
196.684	1375
196.692	1375
196.693	1375
196.701	1375
196.71	1375
196.711	1375
196.718	1375
196.726	1375
196.727	1375
196.737	1375
196.745	1375
196.753	1375
196.754	1375
196.762	1375
196.771	1375
196.772	1375
196.779	1375
196.788	1375
196.796	1375
196.798	1375
196.806	1375
196.813	1375
196.814	1375
196.822	1375
196.832	1375
196.833	1375
196.84	1375
196.849	1375
196.85	1375
196.859	1375
196.866	1375
196.867	1375
196.875	1375
196.883	1375
196.886	1375
196.894	1375
196.902	1375
196.903	1375
196.91	1375
196.92	1375
196.921	1375
196.929	1375
196.936	1375
196.937	1375
196.946	1375
196.955	1375
196.955	1375
196.963	1375
196.971	1375
196.973	1375
196.982	1375
196.989	1375
196.998	1375
196.999	1375
197.008	1375
197.016	1375
197.024	1375
197.025	1375
197.035	1375
197.044	1375
197.052	1375
197.059	1375
197.066	1375
197.067	1375
197.068	1375
197.074	1375
197.081	1375
197.082	1375
197.089	1375
197.089	1375
197.096	1375
197.102	1375
197.103	1375
197.11	1375
197.118	1375
197.118	1375
197.127	1375
197.132	1375
197.133	1375
197.142	1375
197.151	1375
197.151	1375
197.162	1375
197.172	1375
197.174	1375
197.184	1375
197.196	1375
197.197	1375
197.208	1375
197.219	1375
197.23	1375
197.232	1375
197.242	1375
197.253	1375
197.254	1375
197.265	1375
197.273	1375
197.275	1375
197.284	1375
197.291	1375
197.292	1375
197.301	1375
197.309	1375
197.31	1375
197.318	1375
197.326	1375
197.335	1375
197.337	1375
197.345	1375
197.353	1375
197.354	1375
197.362	1375
197.37	1375
197.371	1375
197.38	1375
197.381	1375
197.388	1375
197.397	1375
197.398	1375
197.407	1375
197.414	1375
197.415	1375
197.425	1375
197.433	1375
197.434	1375
197.442	1375
197.45	1375
197.452	1375
197.46	1375
197.468	1375
197.469	1375
197.476	1375
197.486	1375
197.487	1375
197.495	1375
197.502	1375
197.503	1375
197.512	1375
197.521	1375
197.522	1375
197.529	1375
197.693	1375
197.693	1375
197.697	1375
197.706	1375
197.707	1375
197.715	1375
197.795	1375
197.796	1375
197.805	1375
197.812	1375
197.813	1375
197.822	1375
197.896	1375
197.897	1375
197.905	1375
197.912	1375
197.914	1375
197.921	1375
197.93	1375
197.931	1375
197.939	1375
197.947	1375
197.948	1375
197.957	1375
197.965	1375
197.966	1375
197.974	1375
197.982	1375
197.984	1375
197.992	1375
198	1375
198.001	1375
198.009	1375
198.018	1375
198.02	1375
198.028	1375
198.035	1375
198.036	1375
198.046	1375
198.054	1375
198.055	1375
198.062	1375
198.071	1375
198.073	1375
198.081	1375
198.088	1375
198.089	1375
198.098	1375
198.107	1375
198.108	1375
198.116	1375
198.124	1375
198.125	1375
198.133	1373
198.141	1373
198.142	1373
198.151	1373
198.159	1373
198.161	1373
198.168	1373
198.176	1373
198.177	1373
198.185	1373
198.195	1373
198.195	1373
198.203	1373
198.211	1373
198.212	1373
198.222	1373
198.23	1373
198.231	1373
198.238	1373
198.246	1373
198.248	1373
198.257	1373
198.265	1373
198.265	1373
198.274	1373
198.282	1373
198.283	1373
198.291	1352
198.299	1352
198.301	1352
198.309	1352
198.317	1352
198.318	1352
198.327	1352
198.335	1352
198.336	1352
198.345	1352
198.354	1352
198.355	1352
198.363	1352
198.371	1352
198.372	1352
198.381	1352
198.39	1352
198.391	1352
198.399	1352
198.407	1352
198.408	1352
198.417	1352
198.425	1352
198.426	1352
198.432	1352
198.439	1352
198.44	1352
198.447	1352
198.453	1352
198.454	1352
198.461	1352
198.468	1352
198.469	1352
198.475	1352
198.482	1352
198.483	1352
198.49	1352
198.496	1352
198.497	1352
198.504	1352
198.51	1352
198.511	1352
198.518	1352
198.525	1352
198.526	1352
198.538	1352
198.55	1352
198.551	1352
198.562	1352
198.573	1352
198.574	1352
198.586	1352
198.597	1352
198.599	1352
198.61	1352
198.621	1352
198.623	1352
198.634	1352
198.642	1352
198.644	1352
198.652	1352
198.659	1352
198.66	1352
198.67	1352
198.677	1352
198.678	1352
198.688	1352
198.695	1352
198.704	1352
198.713	1352
198.713	1352
198.721	1352
198.731	1352
198.738	1352
198.748	1352
198.751	1352
198.763	1352
198.774	1352
198.784	1352
198.796	1352
198.805	1352
198.813	1352
198.814	1352
198.822	1352
198.83	1352
198.831	1352
198.84	1352
198.848	1352
198.849	1352
198.859	1352
198.867	1352
198.868	1352
198.876	1352
198.885	1352
198.886	1352
198.894	1352
198.902	1352
198.903	1352
198.912	1352
198.921	1352
198.922	1352
198.93	1352
198.938	1352
198.94	1352
198.948	1352
198.955	1352
198.957	1352
198.965	1352
198.974	1352
198.975	1352
198.984	1352
198.991	1352
198.992	1352
199.001	1352
199.01	1352
199.011	1352
199.02	1352
199.027	1352
199.028	1352
199.036	1352
199.046	1352
199.047	1352
199.054	1352
199.064	1352
199.072	1352
199.08	1352
199.089	1352
199.097	1352
199.1	1352
199.111	1352
199.119	1352
199.126	1352
199.135	1352
199.136	1352
199.145	1352
199.152	1352
199.155	1352
199.163	1352
199.17	1352
199.172	1352
199.181	1352
199.188	1352
199.189	1352
199.198	1352
199.206	1352
199.207	1352
199.217	1352
199.224	1352
199.225	1352
199.234	1352
199.242	1352
199.243	1352
199.252	1352
199.26	1352
199.261	1352
199.267	1352
199.274	1352
199.275	1352
199.282	1352
199.289	1352
199.296	1352
199.297	1352
199.303	1352
199.31	1352
199.311	1352
199.318	1352
199.325	1352
199.326	1352
199.331	1352
199.339	1352
199.34	1352
199.346	1352
199.352	1352
199.353	1352
199.361	1352
199.376	1352
199.386	1352
199.387	1352
199.398	1352
199.409	1352
199.411	1352
199.422	1352
199.434	1352
199.436	1352
199.446	1352
199.458	1352
199.468	1352
199.47	1352
199.478	1352
199.487	1352
199.488	1352
199.496	1352
199.504	1352
199.505	1352
199.507	1352
199.515	1352
199.524	1352
199.533	1352
199.534	1352
199.542	1352
199.55	1352
199.552	1352
199.56	1352
199.567	1352
199.576	1352
199.577	1352
199.585	1352
199.594	1352
199.603	1352
199.611	1352
199.613	1352
199.62	1352
199.621	1352
199.63	1352
199.632	1352
199.64	1352
199.647	1352
199.649	1352
199.658	1352
199.666	1352
199.667	1352
199.676	1352
199.683	1317
199.684	1317
199.693	1317
199.702	1317
199.703	1317
199.712	1317
199.721	1317
199.722	1317
199.731	1317
199.739	1317
199.74	1317
199.749	1317
199.758	1317
199.759	1317
199.767	1317
199.775	1317
199.776	1317
199.785	1317
199.793	1317
199.795	1317
199.803	1317
199.813	1317
199.813	1317
199.821	1317
199.83	1317
199.832	1317
199.84	1317
199.848	1317
199.85	1317
199.859	1317
199.868	1317
199.869	1317
199.878	1335
199.885	1335
199.886	1335
199.896	1357
199.904	1357
199.905	1357
199.914	1357
199.921	1357
199.923	1357
199.931	1357
199.94	1357
199.941	1357
199.948	1357
199.957	1357
199.966	1357
199.967	1357
199.974	1357
199.983	1357
199.984	1357
199.992	1357
200.001	1357
200.003	1357
200.011	1357
200.019	1357
200.02	1357
200.029	1357
200.037	1357
200.037	1357
200.05	1357
200.059	1357
200.06	1357
200.061	1357
200.069	1357
200.078	1357
200.079	1357
200.088	1357
200.095	1357
200.097	1357
200.107	1357
200.115	1357
200.129	1357
200.136	1357
200.143	1357
200.148	1357
200.156	1357
200.156	1357
200.163	1357
200.169	1357
200.17	1357
200.177	1357
200.185	1357
200.19	1357
200.192	1357
200.199	1357
200.206	1357
200.206	1357
200.213	1357
200.214	1357
200.221	1357
200.222	1357
200.228	1357
200.235	1357
200.245	1357
200.247	1357
200.258	1357
200.27	1357
200.271	1357
200.282	1357
200.293	1357
200.294	1357
200.306	1357
200.316	1357
200.318	1357
200.33	1357
200.341	1357
200.342	1357
200.35	1357
200.359	1357
200.36	1357
200.369	1357
200.376	1357
200.377	1357
200.385	1357
200.395	1363
200.396	1376
200.404	1376
200.412	1430
200.413	1430
200.421	1430
200.429	1430
200.43	1430
200.438	1430
200.445	1449
200.446	1449
200.454	1449
200.463	1449
200.464	1449
200.471	1449
200.479	1449
200.481	1449
200.487	1449
200.495	1449
200.496	1449
200.505	1449
200.513	1449
200.514	1449
200.522	1449
200.528	1449
200.53	1449
200.538	1449
200.546	1449
200.547	1449
200.554	1449
200.563	1449
200.564	1449
200.571	1449
200.578	1449
200.58	1449
200.588	1449
200.595	1449
200.596	1449
200.605	1449
200.612	1449
200.613	1449
200.621	1449
200.629	1449
200.63	1449
200.637	1449
200.645	1449
200.646	1449
200.655	1449
200.663	1449
200.663	1449
200.672	1449
200.68	1449
200.681	1449
200.688	1449
200.696	1449
200.697	1449
200.704	1449
200.713	1449
200.714	1449
200.721	1449
200.729	1449
200.73	1449
200.739	1449
200.746	1449
200.747	1449
200.754	1449
200.762	1449
200.763	1449
200.771	1449
200.78	1449
200.781	1449
200.789	1449
200.795	1449
200.797	1449
200.804	1449
200.812	1449
200.813	1449
200.822	1449
200.829	1449
200.83	1449
200.838	1449
200.846	1449
200.847	1449
200.855	1449
200.863	1449
200.864	1449
200.872	1449
200.879	1449
200.891	1449
200.892	1449
200.899	1449
200.901	1449
200.909	1449
200.916	1449
200.918	1449
200.925	1449
200.933	1449
200.934	1449
200.942	1449
200.95	1449
200.952	1449
200.964	1449
200.972	1449
200.973	1449
200.98	1449
200.982	1449
200.992	1449
200.998	1449
201	1449
201.007	1449
201.014	1449
201.025	1449
201.031	1449
201.036	1449
201.042	1449
201.043	1449
201.05	1449
201.057	1449
201.057	1449
201.064	1449
201.072	1449
201.082	1449
201.083	1449
201.094	1449
201.104	1449
201.107	1449
201.117	1449
201.126	1449
201.128	1449
201.139	1449
201.15	1449
201.16	1449
201.162	1449
201.172	1449
201.181	1449
201.189	1449
201.19	1449
201.198	1449
201.206	1449
201.207	1449
201.216	1449
201.223	1449
201.225	1449
201.232	1449
201.233	1449
201.24	1449
201.241	1449
201.25	1449
201.258	1449
201.265	1449
201.266	1449
201.274	1449
201.281	1449
201.283	1449
201.29	1449
201.298	1449
201.307	1449
201.308	1449
201.316	1449
201.324	1449
201.325	1449
201.332	1449
201.34	1449
201.348	1449
201.349	1449
201.356	1449
201.364	1449
201.365	1449
201.366	1449
201.374	1449
201.383	1449
201.384	1449
201.391	1449
201.399	1449
201.4	1449
201.408	1449
201.415	1449
201.416	1449
201.424	1449
201.432	1449
201.44	1449
201.447	1449
201.448	1449
201.456	1449
201.457	1449
201.466	1449
201.467	1449
201.474	1449
201.482	1449
201.483	1449
201.491	1449
201.499	1449
201.507	1449
201.515	1449
201.516	1449
201.517	1449
201.525	1449
201.533	1449
201.534	1449
201.542	1449
201.549	1449
201.556	1449
201.557	1449
201.565	1449
201.566	1449
201.574	1449
201.582	1449
201.583	1449
201.584	1449
201.593	1449
201.601	1449
201.609	1449
201.615	1449
201.616	1449
201.625	1449
201.632	1449
201.64	1449
201.641	1449
201.65	1449
201.656	1449
201.658	1449
201.665	1449
201.673	1449
201.674	1449
201.682	1449
201.691	1449
201.692	1449
201.7	1449
201.707	1449
201.708	1449
201.716	1449
201.723	1449
201.724	1449
201.733	1449
201.741	1449
201.742	1449
201.75	1449
201.758	1449
201.759	1449
201.767	1449
201.774	1449
201.782	1449
201.782	1449
201.791	1449
201.792	1449
201.793	1449
201.801	1449
201.809	1449
201.81	1449
201.817	1449
201.824	1449
201.83	1449
201.835	1449
201.842	1449
201.849	1449
201.85	1449
201.856	1449
201.862	1449
201.863	1449
201.869	1449
201.875	1449
201.876	1449
201.883	1449
201.884	1449
201.89	1449
201.896	1449
201.902	1449
201.908	1449
201.914	1449
201.915	1449
201.921	1449
201.931	1449
201.933	1449
201.944	1449
201.954	1449
201.955	1449
201.957	1449
201.967	1449
201.969	1449
201.979	1449
201.989	1449
202	1449
202.011	1449
202.013	1449
202.014	1449
202.016	1449
202.025	1449
202.034	1449
202.042	1449
202.049	1449
202.05	1449
202.057	1449
202.066	1449
202.067	1449
202.068	1449
202.076	1449
202.084	1449
202.092	1449
202.099	1449
202.1	1449
202.108	1449
202.116	1449
202.117	1449
202.124	1449
202.133	1449
202.14	1449
202.147	1449
202.148	1449
202.156	1449
202.164	1449
202.165	1449
202.166	1449
202.174	1449
202.175	1449
202.183	1449
202.191	1449
202.192	1449
202.2	1449
202.209	1449
202.21	1449
202.217	1449
202.219	1449
202.22	1449
202.228	1449
202.229	1449
202.236	1449
202.244	1449
202.245	1449
202.252	1449
202.261	1449
202.262	1449
202.27	1449
202.278	1449
202.285	1449
202.286	1449
202.293	1449
202.301	1449
202.302	1449
202.31	1449
202.319	1449
202.325	1449
202.327	1449
202.334	1449
202.342	1449
202.35	1449
202.351	1449
202.359	1449
202.368	1449
202.374	1449
202.376	1449
202.383	1449
202.392	1449
202.393	1449
202.4	1449
202.401	1449
202.409	1449
202.417	1449
202.418	1449
202.427	1449
202.433	1449
202.435	1449
202.442	1449
202.444	1449
202.452	1449
202.453	1449
202.461	1449
202.468	1449
202.476	1449
202.484	1449
202.485	1449
202.492	1449
202.5	1449
202.509	1449
202.51	1449
202.517	1449
202.518	1449
202.526	1449
202.528	1449
202.535	1449
202.543	1449
202.544	1449
202.551	1449
202.559	1449
202.56	1449
202.568	1449
202.576	1449
202.584	1449
202.585	1449
202.593	1449
202.601	1449
202.603	1449
202.61	1449
202.618	1449
202.619	1449
202.627	1449
202.635	1449
202.636	1449
202.643	1449
202.651	1449
202.659	1449
202.66	1449
202.667	1449
202.668	1449
202.675	1449
202.681	1449
202.681	1449
202.689	1449
202.695	1449
202.696	1449
202.702	1449
202.708	1449
202.709	1449
202.714	1449
202.722	1449
202.722	1449
202.729	1449
202.735	1449
202.736	1449
202.742	1449
202.748	1449
202.749	1449
202.755	1449
202.756	1449
202.793	1351
202.798	1351
202.809	1351
202.819	1351
202.821	1351
202.832	1351
202.843	1351
202.844	1351
202.855	1351
202.867	1352
202.868	1362
202.877	1402
202.885	1415
202.886	1415
202.893	1415
202.901	1415
202.91	1415
202.911	1415
202.919	1415
202.927	1415
202.934	1415
202.935	1415
202.943	1415
202.944	1415
202.952	1415
202.954	1415
202.963	1415
202.971	1415
202.979	1415
202.98	1415
202.987	1415
202.996	1415
203.004	1415
203.005	1415
203.012	1415
203.02	1415
203.021	1415
203.03	1415
203.037	1415
203.039	1415
203.047	1415
203.055	1415
203.056	1415
203.064	1415
203.072	1415
203.073	1415
203.081	1415
203.089	1415
203.09	1415
203.098	1415
203.105	1415
203.106	1415
203.114	1415
203.122	1415
203.123	1415
203.125	1415
203.133	1415
203.141	1415
203.142	1415
203.15	1415
203.159	1415
203.167	1415
203.168	1415
203.179	1415
203.186	1415
203.193	1415
203.195	1415
203.203	1415
203.204	1415
203.212	1415
203.213	1415
203.222	1415
203.23	1415
203.238	1415
203.239	1415
203.246	1415
203.255	1415
203.256	1415
203.264	1415
203.265	1415
203.272	1415
203.281	1415
203.282	1415
203.29	1415
203.297	1415
203.306	1415
203.314	1415
203.321	1415
203.33	1415
203.331	1415
203.338	1415
203.339	1415
203.348	1415
203.356	1415
203.358	1415
203.366	1415
203.373	1415
203.375	1415
203.382	1415
203.39	1415
203.391	1415
203.4	1415
203.408	1415
203.408	1415
203.417	1415
203.425	1415
203.426	1415
203.434	1415
203.441	1415
203.442	1415
203.45	1415
203.458	1415
203.467	1415
203.475	1415
203.476	1415
203.484	1415
203.491	1415
203.499	1415
203.507	1415
203.508	1415
203.514	1415
203.521	1415
203.522	1415
203.529	1415
203.535	1415
203.542	1415
203.543	1415
203.548	1415
203.554	1415
203.555	1415
203.566	1415
203.566	1415
203.573	1415
203.574	1415
203.589	1415
203.595	1415
203.601	1415
203.606	1415
203.616	1415
203.627	1415
203.637	1415
203.649	1415
203.66	1415
203.669	1415
203.68	1415
203.681	1415
203.693	1415
203.703	1415
203.704	1415
203.716	1415
203.723	1415
203.724	1415
203.733	1415
203.74	1415
203.748	1415
203.749	1415
203.757	1415
203.765	1415
203.773	1415
203.781	1415
203.79	1415
203.791	1415
203.798	1415
203.806	1415
203.814	1415
203.822	1415
203.823	1415
203.832	1415
203.84	1415
203.841	1415
203.849	1415
203.857	1415
203.865	1415
203.866	1415
203.873	1415
203.882	1415
203.882	1415
203.891	1415
203.899	1415
203.901	1415
203.907	1415
203.915	1415
203.917	1415
203.926	1415
203.934	1415
203.934	1415
203.942	1415
203.951	1415
203.959	1415
203.966	1415
203.967	1415
203.975	1415
203.983	1415
203.991	1415
203.992	1415
204.001	1415
204.009	1415
204.01	1415
204.018	1415
204.025	1415
204.026	1415
204.035	1415
204.042	1415
204.043	1415
204.052	1415
204.059	1415
204.06	1415
204.068	1415
204.077	1415
204.078	1415
204.088	1415
204.095	1415
204.097	1415
204.105	1415
204.106	1415
204.113	1415
204.114	1415
204.123	1415
204.13	1415
204.132	1415
204.139	1415
204.147	1415
204.148	1415
204.157	1415
204.165	1415
204.173	1415
204.181	1415
204.182	1415
204.189	1415
204.197	1415
204.198	1415
204.206	1415
204.214	1415
204.215	1415
204.224	1415
204.231	1415
204.239	1415
204.24	1415
204.249	1415
204.256	1415
204.258	1415
204.266	1415
204.274	1415
204.276	1415
204.284	1415
204.292	1415
204.293	1415
204.294	1415
204.301	1415
204.31	1415
204.318	1415
204.318	1415
204.326	1415
204.327	1415
204.336	1415
204.343	1415
204.344	1415
204.35	1415
204.357	1415
204.359	1415
204.365	1415
204.371	1415
204.372	1415
204.379	1415
204.385	1415
204.386	1415
204.394	1415
204.403	1415
204.403	1415
204.412	1415
204.425	1415
204.432	1415
204.438	1415
204.439	1415
204.446	1415
204.456	1415
204.457	1415
204.468	1415
204.479	1415
204.489	1415
204.491	1415
204.501	1415
204.512	1415
204.524	1415
204.525	1415
204.535	1415
204.545	1415
204.553	1415
204.555	1415
204.564	1415
204.572	1415
204.579	1415
204.587	1415
204.589	1415
204.597	1415
204.605	1415
204.613	1415
204.614	1415
204.622	1415
204.63	1415
204.637	1415
204.646	1415
204.647	1415
204.654	1415
204.662	1415
204.67	1415
204.671	1415
204.679	1415
204.68	1415
204.688	1415
204.696	1415
204.697	1415
204.705	1415
204.713	1415
204.714	1415
204.722	1415
204.73	1415
204.731	1415
204.74	1415
204.748	1415
204.749	1415
204.757	1415
204.765	1415
204.773	1415
204.773	1415
204.775	1415
204.79	1415
204.797	1415
204.806	1415
204.813	1415
204.822	1415
204.824	1415
204.831	1415
204.839	1415
204.847	1415
204.849	1415
204.856	1415
204.865	1415
204.873	1415
204.874	1415
204.881	1415
204.889	1415
204.897	1415
204.905	1415
204.906	1415
204.915	1415
204.923	1415
204.931	1415
204.939	1415
204.947	1415
204.954	1415
204.962	1415
204.97	1415
204.972	1415
204.98	1415
204.988	1415
204.989	1415
204.997	1415
205.004	1415
205.005	1415
205.014	1415
205.021	1415
205.022	1415
205.03	1415
205.038	1415
205.039	1415
205.048	1415
205.056	1415
205.057	1415
205.076	1247
205.093	1247
205.094	1247
205.102	1247
205.111	1247
205.112	1247
205.122	1247
205.13	1247
205.132	1247
205.141	1247
205.151	1247
205.16	1247
205.161	1247
205.169	1247
205.179	1247
205.18	1247
205.189	1247
205.198	1247
205.205	1247
205.213	1247
205.219	1247
205.22	1247
205.221	1247
205.229	1247
205.237	1247
205.238	1247
205.245	1247
205.251	1260
205.252	1260
205.259	1260
205.267	1260
205.268	1260
205.276	1260
205.283	1260
205.284	1260
205.291	1260
205.298	1260
205.299	1260
205.307	1260
205.318	1260
205.32	1260
205.332	1260
205.344	1260
205.346	1260
205.358	1260
205.37	1260
205.371	1260
205.383	1260
205.394	1260
205.396	1260
205.408	1260
205.418	1260
205.419	1260
205.427	1260
205.428	1260
205.437	1260
205.439	1260
205.448	1260
205.449	1260
205.458	1260
205.459	1260
205.469	1260
205.478	1260
205.479	1260
205.487	1260
205.489	1260
205.498	1260
205.507	1260
205.516	1260
205.518	1260
205.526	1260
205.536	1260
205.537	1260
205.546	1260
205.554	1260
205.555	1260
205.565	1260
205.573	1260
205.574	1260
205.585	1260
205.595	1260
205.597	1260
205.612	1260
205.62	1260
205.622	1260
205.631	1260
205.639	1260
205.64	1260
205.65	1260
205.659	1260
205.66	1260
205.669	1260
205.678	1260
205.679	1260
205.687	1260
205.696	1260
205.697	1260
205.706	1260
205.715	1260
205.724	1260
205.726	1260
205.735	1260
205.744	1260
205.745	1260
205.755	1260
205.763	1260
205.764	1260
205.774	1260
205.782	1260
205.783	1260
205.792	1260
205.801	1260
205.802	1260
205.811	1260
205.82	1260
205.829	1260
205.832	1260
205.839	1260
205.849	1260
205.851	1260
205.859	1260
205.869	1260
205.87	1260
205.879	1260
205.888	1260
205.897	1260
205.905	1260
205.906	1260
205.915	1260
205.924	1260
205.925	1260
205.934	1260
205.944	1260
205.945	1260
205.954	1260
205.962	1260
205.964	1260
205.974	1260
205.982	1260
205.984	1260
205.992	1260
206.002	1260
206.003	1260
206.012	1260
206.021	1260
206.022	1260
206.031	1260
206.04	1260
206.041	1260
206.047	1260
206.054	1260
206.055	1260
206.064	1260
206.071	1260
206.072	1260
206.079	1260
206.086	1260
206.093	1260
206.094	1260
206.101	1260
206.108	1260
206.109	1260
206.116	1260
206.123	1260
206.131	1260
206.132	1260
206.139	1260
206.148	1260
206.149	1260
206.161	1260
206.173	1260
206.175	1260
206.188	1260
206.199	1260
206.2	1260
206.212	1260
206.225	1260
206.237	1260
206.239	1260
206.251	1260
206.26	1260
206.268	1260
206.269	1260
206.279	1260
206.287	1260
206.297	1260
206.306	1260
206.307	1260
206.316	1260
206.325	1260
206.334	1260
206.335	1260
206.344	1260
206.346	1260
206.347	1260
206.356	1260
206.364	1260
206.373	1260
206.374	1260
206.384	1260
206.392	1260
206.402	1260
206.403	1260
206.411	1260
206.421	1260
206.422	1260
206.43	1260
206.439	1260
206.441	1260
206.449	1260
206.458	1260
206.46	1260
206.469	1260
206.478	1260
206.488	1260
206.496	1260
206.497	1260
206.507	1260
206.515	1260
206.516	1260
206.525	1260
206.535	1260
206.536	1260
206.545	1260
206.554	1260
206.555	1260
206.563	1260
206.565	1260
206.575	1260
206.584	1260
206.585	1260
206.586	1260
206.595	1260
206.603	1260
206.604	1260
206.614	1260
206.622	1260
206.632	1260
206.634	1260
206.641	1260
206.651	1260
206.653	1260
206.662	1260
206.671	1260
206.671	1260
206.68	1260
206.69	1260
206.691	1260
206.7	1260
206.709	1260
206.71	1260
206.719	1260
206.721	1260
206.728	1260
206.737	1260
206.739	1260
206.748	1260
206.757	1260
206.758	1260
206.768	1260
206.777	1260
206.778	1260
206.787	1260
206.795	1260
206.796	1260
206.805	1260
206.815	1260
206.817	1260
206.824	1260
206.833	1260
206.835	1260
206.844	1260
206.854	1260
206.855	1260
206.864	1260
206.872	1260
206.873	1260
206.883	1260
206.892	1260
206.893	1260
206.901	1260
206.909	1260
206.91	1260
206.918	1260
206.924	1260
206.925	1260
206.932	1260
206.939	1260
206.94	1260
206.948	1260
206.955	1260
206.956	1260
206.964	1260
206.972	1260
206.979	1260
206.98	1260
206.986	1260
206.994	1260
206.995	1260
207.002	1260
207.014	1260
207.016	1260
207.029	1260
207.041	1260
207.052	1260
207.054	1260
207.067	1260
207.079	1260
207.091	1260
207.093	1260
207.105	1260
207.115	1260
207.125	1260
207.134	1260
207.136	1260
207.145	1260
207.146	1260
207.155	1260
207.164	1260
207.173	1260
207.174	1260
207.182	1260
207.192	1260
207.193	1260
207.201	1260
207.211	1260
207.22	1260
207.221	1260
207.23	1260
207.239	1260
207.24	1260
207.249	1260
207.257	1260
207.259	1260
207.268	1260
207.277	1260
207.278	1260
207.287	1260
207.296	1260
207.297	1260
207.306	1260
207.316	1260
207.317	1260
207.325	1260
207.334	1260
207.336	1260
207.344	1260
207.354	1260
207.355	1260
207.364	1260
207.374	1260
207.375	1260
207.383	1260
207.393	1260
207.394	1260
207.402	1260
207.412	1260
207.42	1260
207.422	1260
207.431	1260
207.439	1260
207.44	1260
207.45	1260
207.459	1260
207.461	1260
207.47	1260
207.477	1260
207.486	1260
207.488	1260
207.498	1247
207.507	1247
207.508	1247
207.516	1247
207.526	1247
207.527	1247
207.536	1247
207.545	1247
207.547	1247
207.556	1247
207.564	1247
207.565	1247
207.574	1247
207.583	1247
207.585	1247
207.594	1247
207.603	1247
207.613	1247
207.622	1247
207.623	1247
207.631	1247
207.64	1247
207.65	1247
207.651	1247
207.66	1247
207.669	1247
207.67	1247
207.679	1247
207.689	1247
207.69	1247
207.699	1247
207.708	1247
207.71	1247
207.719	1247
207.727	1247
207.736	1247
207.737	1247
207.746	1247
207.753	1247
207.754	1247
207.763	1247
207.77	1247
207.771	1247
207.777	1247
207.784	1247
207.792	1247
207.793	1247
207.8	1247
207.808	1247
207.809	1247
207.824	1247
207.833	1247
207.84	1247
207.847	1247
207.849	1247
207.86	1247
207.872	1247
207.874	1247
207.887	1247
207.899	1247
208.051	1247
208.064	1247
208.075	1247
208.085	1247
208.094	1247
208.156	1247
208.167	1247
208.177	1247
208.188	1247
208.189	1247
208.197	1247
208.256	1247
208.257	1247
208.266	1247
208.275	1247
208.276	1247
208.284	1247
208.294	1247
208.296	1247
208.304	1247
208.313	1247
208.314	1247
208.323	1247
208.332	1247
208.333	1247
208.342	1247
208.351	1247
208.353	1247
208.362	1247
208.369	1247
208.371	1247
208.377	1247
208.386	1247
208.387	1247
208.393	1247
208.4	1247
208.401	1247
208.408	1247
208.416	1247
208.417	1247
208.425	1247
208.431	1247
208.433	1247
208.44	1247
208.448	1247
208.449	1247
208.455	1247
208.463	1247
208.465	1247
208.476	1247
208.489	1247
208.491	1247
208.502	1247
208.515	1247
208.517	1247
208.528	1247
208.541	1247
208.541	1247
208.554	1247
208.566	1247
208.568	1247
208.576	1247
208.585	1247
208.586	1247
208.596	1247
208.604	1247
208.606	1247
208.616	1247
208.625	1247
208.626	1247
208.635	1247
208.643	1247
208.644	1247
208.654	1247
208.663	1247
208.665	1247
208.673	1247
208.682	1247
208.683	1247
208.693	1247
208.701	1247
208.702	1247
208.712	1247
208.721	1247
208.722	1247
208.732	1247
208.741	1247
208.742	1247
208.75	1247
208.76	1247
208.762	1247
208.771	1247
208.779	1247
208.78	1247
208.79	1247
208.798	1247
208.799	1247
208.808	1247
208.817	1247
208.819	1247
208.829	1247
208.837	1247
208.838	1247
208.848	1247
208.856	1247
208.859	1247
208.868	1247
208.877	1247
208.878	1247
208.886	1229
208.896	1229
208.905	1229
208.917	1229
208.927	1229
208.929	1229
208.945	1229
208.957	1229
208.966	1229
208.975	1229
208.984	1229
208.985	1229
208.995	1229
209.005	1229
209.006	1229
209.014	1229
209.023	1229
209.025	1229
209.034	1229
209.043	1229
209.052	1229
209.054	1229
209.064	1229
209.073	1229
209.074	1229
209.083	1229
209.092	1229
209.101	1229
209.102	1229
209.111	1229
209.121	1229
209.123	1229
209.132	1229
209.141	1229
209.141	1229
209.151	1229
209.16	1229
209.161	1229
209.17	1229
209.179	1229
209.181	1229
209.191	1229
209.199	1229
209.2	1229
209.207	1229
209.215	1229
209.216	1229
209.223	1229
209.231	1229
209.233	1229
209.24	1229
209.247	1229
209.248	1229
209.255	1229
209.264	1229
209.265	1229
209.273	1229
209.293	1229
209.3	1229
209.301	1229
209.308	1229
209.32	1229
209.322	1229
209.334	1229
209.336	1229
209.348	1229
209.349	1229
209.363	1229
209.364	1229
209.377	1229
209.388	1229
209.401	1229
209.412	1229
209.421	1229
209.423	1229
209.433	1229
209.442	1229
209.443	1229
209.452	1229
209.453	1229
209.462	1229
209.464	1229
209.473	1229
209.482	1229
209.483	1229
209.492	1229
209.503	1229
209.503	1229
209.512	1229
209.521	1229
209.523	1229
209.533	1229
209.541	1229
209.542	1229
209.551	1229
209.561	1229
209.562	1229
209.571	1229
209.581	1229
209.59	1229
209.592	1229
209.6	1229
209.609	1229
209.61	1229
209.62	1229
209.629	1229
209.63	1229
209.64	1229
209.649	1229
209.651	1229
209.66	1229
209.669	1229
209.677	1229
209.679	1229
209.689	1229
209.697	1229
209.698	1229
209.708	1229
209.718	1229
209.719	1229
209.727	1229
209.736	1229
209.746	1229
209.748	1229
209.756	1229
209.765	1229
209.767	1229
209.777	1229
209.786	1229
209.787	1229
209.796	1229
209.805	1229
209.814	1229
209.815	1229
209.824	1229
209.833	1229
209.835	1229
209.844	1229
209.853	1229
209.854	1229
209.865	1229
209.873	1229
209.882	1229
209.883	1229
209.893	1229
209.895	1229
209.904	1229
209.905	1229
209.914	1229
209.924	1229
209.933	1229
209.934	1229
209.943	1229
209.952	1229
209.962	1229
209.963	1229
209.972	1229
209.98	1229
209.982	1229
209.992	1229
210	1229
210.009	1229
210.018	1229
210.027	1229
210.03	1229
210.031	1229
210.039	1229
210.048	1229
210.051	1229
210.057	1229
210.065	1229
210.066	1229
210.073	1229
210.081	1229
210.082	1229
210.09	1229
210.096	1229
210.104	1229
210.105	1229
210.113	1229
210.12	1229
210.121	1229
210.128	1229
210.136	1229
210.137	1229
210.148	1229
210.164	1229
210.175	1229
210.177	1229
210.189	1229
210.201	1229
210.213	1229
210.226	1229
210.228	1229
210.24	1229
210.252	1229
210.253	1229
210.266	1229
210.267	1229
210.281	1229
210.29	1229
210.291	1229
210.299	1229
210.309	1229
210.318	1229
210.319	1229
210.328	1229
210.337	1229
210.348	1229
210.349	1229
210.358	1229
210.367	1229
210.369	1229
210.378	1229
210.387	1229
210.388	1229
210.396	1229
210.407	1229
210.416	1229
210.416	1229
210.425	1229
210.435	1229
210.437	1229
210.445	1229
210.454	1229
210.463	1229
210.465	1229
210.466	1229
210.476	1229
210.485	1229
210.487	1229
210.496	1229
210.505	1229
210.506	1229
210.514	1229
210.524	1229
210.525	1229
210.534	1229
210.536	1229
210.545	1229
210.546	1229
210.555	1229
210.565	1229
210.567	1229
210.575	1229
210.576	1229
210.585	1229
210.595	1229
210.604	1229
210.605	1229
210.615	1229
210.624	1229
210.626	1229
210.634	1229
210.643	1229
210.652	1229
210.654	1229
210.664	1229
210.672	1229
210.673	1229
210.682	1229
210.692	1229
210.693	1229
210.702	1229
210.712	1229
210.714	1229
210.723	1229
210.724	1229
210.733	1229
210.735	1229
210.743	1229
210.752	1229
210.761	1229
210.762	1229
210.772	1229
210.781	1229
210.782	1229
210.791	1229
210.8	1229
210.814	1102
210.823	1102
210.833	1102
210.837	1112
210.847	1112
210.856	1112
210.867	1112
210.868	1112
210.878	1131
210.887	1131
210.889	1131
210.899	1131
210.907	1131
210.915	1131
210.916	1131
210.925	1131
210.933	1131
210.934	1131
210.942	1131
210.95	1131
210.951	1131
210.959	1136
210.967	1136
210.975	1148
210.976	1148
210.984	1148
210.992	1148
210.992	1148
211	1148
211.013	1148
211.014	1148
211.016	1148
211.029	1148
211.042	1148
211.043	1148
211.062	1148
211.075	1148
211.088	1148
211.09	1148
211.102	1148
211.115	1148
211.117	1148
211.128	1148
211.136	1148
211.138	1148
211.149	1148
211.158	1148
211.16	1148
211.169	1148
211.179	1148
211.188	1148
211.19	1148
211.201	1148
211.21	1148
211.22	1148
211.222	1148
211.231	1148
211.233	1148
211.234	1148
211.243	1148
211.245	1148
211.254	1148
211.264	1148
211.266	1148
211.276	1148
211.286	1148
211.288	1148
211.297	1148
211.307	1148
211.309	1148
211.319	1148
211.329	1148
211.33	1148
211.34	1148
211.349	1148
211.35	1148
211.36	1148
211.371	1148
211.372	1148
211.381	1148
211.391	1148
211.392	1148
211.402	1148
211.403	1148
211.413	1148
211.415	1148
211.425	1148
211.435	1148
211.436	1148
211.447	1148
211.455	1148
211.457	1148
211.467	1148
211.477	1148
211.479	1148
211.489	1148
211.499	1148
211.5	1148
211.509	1148
211.52	1148
211.521	1148
211.53	1166
211.54	1166
211.541	1166
211.552	1166
211.56	1166
211.562	1166
211.571	1166
211.582	1166
211.583	1166
211.593	1166
211.602	1166
211.611	1166
211.613	1166
211.614	1166
211.624	1166
211.625	1166
211.635	1166
211.646	1166
211.647	1166
211.656	1166
211.666	1166
211.668	1166
211.678	1166
211.687	1166
211.689	1166
211.698	1166
211.708	1166
211.709	1166
211.719	1166
211.72	1166
211.729	1166
211.74	1166
211.749	1166
211.758	1166
211.759	1166
211.768	1166
211.775	1166
211.776	1166
211.784	1166
211.791	1166
211.792	1166
211.8	1166
211.808	1166
211.811	1166
211.818	1166
211.826	1166
211.835	1166
211.836	1166
211.844	1166
211.851	1166
211.852	1166
211.863	1166
211.883	1166
211.894	1166
211.896	1166
211.91	1166
211.922	1166
211.935	1166
211.937	1166
211.95	1166
211.963	1166
211.964	1166
211.978	1166
211.987	1166
211.988	1166
211.999	1166
212.008	1166
212.017	1166
212.019	1166
212.029	1166
212.039	1166
212.049	1166
212.059	1166
212.06	1166
212.061	1166
212.071	1166
212.081	1166
212.082	1166
212.091	1166
212.1	1166
212.102	1166
212.111	1166
212.122	1166
212.124	1166
212.132	1166
212.142	1166
212.143	1166
212.153	1166
212.164	1166
212.165	1166
212.174	1166
212.184	1166
212.186	1166
212.194	1166
212.204	1166
212.206	1166
212.216	1166
212.225	1166
212.226	1166
212.237	1166
212.247	1166
212.248	1166
212.257	1166
212.266	1166
212.277	1166
212.278	1166
212.288	1166
212.298	1166
212.299	1166
212.308	1166
212.317	1166
212.32	1166
212.329	1166
212.338	1166
212.34	1166
212.35	1166
212.36	1166
212.361	1166
212.371	1166
212.38	1166
212.381	1166
212.392	1166
212.4	1166
212.402	1166
212.411	1166
212.421	1166
212.423	1166
212.432	1191
212.442	1191
212.443	1191
212.452	1191
212.462	1191
212.463	1191
212.474	1195
212.483	1195
212.493	1195
212.494	1195
212.502	1195
212.504	1195
212.513	1195
212.515	1195
212.525	1195
212.534	1195
212.535	1195
212.544	1195
212.554	1195
212.564	1195
212.566	1195
212.574	1195
212.584	1195
212.586	1195
212.595	1195
212.604	1195
212.605	1195
212.614	1195
212.622	1195
212.623	1195
212.631	1195
212.638	1195
212.639	1195
212.647	1195
212.654	1195
212.662	1195
212.663	1195
212.671	1195
212.679	1195
212.68	1195
212.688	1195
212.7	1195
212.708	1195
212.709	1195
212.716	1195
212.729	1195
212.731	1195
212.744	1195
212.746	1195
212.758	1195
212.759	1195
212.772	1195
212.785	1195
212.787	1195
212.8	1195
212.811	1195
212.813	1195
212.826	1195
212.836	1195
212.837	1195
212.847	1195
212.855	1195
212.865	1195
212.866	1195
212.876	1195
212.886	1195
212.895	1195
212.897	1195
212.905	1195
212.915	1195
212.924	1195
212.934	1195
212.936	1195
212.944	1195
212.955	1195
212.956	1195
212.965	1195
212.967	1195
212.975	1195
212.977	1195
212.986	1195
212.997	1195
212.998	1195
213.006	1195
213.016	1195
213.017	1195
213.027	1195
213.037	1195
213.045	1195
213.047	1195
213.057	1195
213.067	1195
213.068	1195
213.078	1195
213.079	1195
213.088	1195
213.09	1195
213.099	1195
213.109	1195
213.11	1195
213.111	1195
213.121	1195
213.13	1195
213.139	1195
213.14	1195
213.151	1195
213.159	1195
213.16	1195
213.17	1195
213.18	1195
213.181	1195
213.19	1195
213.2	1195
213.202	1195
213.211	1195
213.221	1195
213.221	1195
213.23	1195
213.241	1195
213.242	1195
213.252	1195
213.261	1195
213.263	1195
213.271	1195
213.28	1195
213.283	1195
213.291	1195
213.302	1195
213.303	1195
213.312	1195
213.321	1199
213.322	1199
213.333	1199
213.341	1199
213.342	1199
213.352	1199
213.361	1199
213.372	1199
213.373	1199
213.381	1199
213.392	1206
213.393	1206
213.401	1206
213.412	1206
213.416	1206
213.426	1206
213.435	1206
213.445	1206
213.454	1206
213.455	1206
213.464	1206
213.473	1206
213.474	1206
213.48	1206
213.489	1206
213.49	1206
213.497	1206
213.515	1206
213.516	1206
213.524	1206
213.534	1206
213.544	1206
213.552	1206
213.558	1206
213.56	1206
213.575	1206
213.587	1206
213.598	1206
213.612	1206
213.614	1206
213.625	1206
213.638	1206
213.639	1206
213.652	1206
213.665	1206
213.667	1206
213.679	1206
213.689	1206
213.69	1206
213.699	1206
213.709	1206
213.71	1206
213.72	1206
213.728	1206
213.729	1206
213.739	1206
213.74	1206
213.75	1206
213.752	1206
213.76	1206
213.771	1206
213.772	1206
213.781	1206
213.791	1206
213.799	1206
213.8	1206
213.81	1206
213.819	1206
213.828	1206
213.83	1206
213.84	1206
213.848	1206
213.85	1206
213.859	1206
213.87	1206
213.871	1206
213.88	1206
213.89	1206
213.891	1206
213.9	1206
213.909	1206
213.918	1206
213.927	1206
213.929	1206
213.938	1206
213.948	1206
213.957	1206
213.958	1206
213.96	1206
213.97	1206
213.978	1206
213.988	1206
213.989	1206
213.998	1206
214.008	1206
214.009	1206
214.018	1206
214.028	1206
214.029	1206
214.039	1206
214.048	1206
214.049	1206
214.058	1206
214.068	1206
214.069	1206
214.079	1206
214.088	1206
214.089	1206
214.099	1206
214.109	1206
214.11	1206
214.12	1206
214.129	1206
214.13	1206
214.14	1206
214.148	1206
214.149	1206
214.159	1206
214.169	1206
214.169	1206
214.179	1206
214.188	1206
214.189	1206
214.199	1206
214.208	1206
214.218	1206
214.219	1206
214.229	1206
214.231	1206
214.24	1206
214.241	1206
214.25	1206
214.251	1206
214.261	1206
214.271	1206
214.28	1206
214.281	1206
214.29	1206
214.299	1206
214.301	1206
214.311	1206
214.317	1206
214.318	1206
214.327	1206
214.333	1206
214.335	1206
214.342	1206
214.352	1206
214.353	1206
214.354	1206
214.364	1206
214.372	1206
214.374	1206
214.388	1206
214.395	1206
214.398	1206
214.406	1206
214.413	1206
214.414	1206
214.427	1206
214.438	1206
214.44	1206
214.453	1206
214.465	1206
214.468	1206
214.47	1206
214.482	1206
214.495	1206
214.506	1206
214.508	1206
214.521	1206
214.53	1206
214.531	1206
214.542	1206
214.551	1206
214.552	1206
214.561	1206
214.571	1206
214.579	1206
214.589	1206
214.59	1206
214.6	1206
214.609	1206
214.619	1206
214.621	1206
214.622	1206
214.631	1206
214.64	1206
214.641	1206
214.651	1206
214.653	1206
214.662	1206
214.663	1206
214.673	1206
214.682	1206
214.691	1206
214.693	1206
214.701	1206
214.71	1206
214.712	1206
214.721	1206
214.731	1206
214.732	1206
214.741	1206
214.751	1206
214.753	1206
214.762	1206
214.764	1206
214.772	1206
214.781	1206
214.792	1206
214.793	1206
214.801	1206
214.811	1206
214.812	1206
214.823	1206
214.831	1206
214.832	1206
214.843	1206
214.851	1206
214.86	1206
214.862	1206
214.872	1206
214.881	1206
214.883	1206
214.892	1206
214.901	1206
214.903	1206
214.911	1206
214.92	1206
214.922	1206
214.932	1206
214.941	1206
214.943	1206
214.951	1206
214.961	1206
214.963	1206
214.972	1206
214.982	1206
214.983	1206
214.992	1206
215.002	1256
215.003	1256
215.011	1256
215.021	1256
215.022	1256
215.031	1256
215.04	1256
215.041	1256
215.049	1256
215.058	1256
215.06	1256
215.069	1256
215.078	1256
215.079	1256
215.089	1256
215.098	1256
215.099	1256
215.108	1256
215.117	1256
215.126	1256
215.135	1256
215.136	1256
215.144	1256
215.153	1256
215.155	1256
215.165	1256
215.172	1256
215.173	1256
215.182	1256
215.19	1256
215.191	1256
215.2	1256
215.207	1256
215.208	1256
215.218	1256
215.226	1256
215.228	1256
215.236	1256
215.243	1256
215.249	1256
215.259	1256
215.271	1256
215.283	1256
215.295	1256
215.297	1256
215.308	1256
215.32	1256
215.322	1256
215.334	1256
215.346	1256
215.348	1256
215.36	1256
215.371	1256
215.381	1256
215.383	1256
215.392	1256
215.4	1256
215.401	1256
215.41	1256
215.419	1256
215.421	1256
215.429	1256
215.438	1256
215.44	1256
215.449	1256
215.457	1256
215.459	1256
215.468	1256
215.478	1256
215.479	1256
215.488	1256
215.497	1256
215.498	1256
215.507	1256
215.516	1256
215.518	1256
215.527	1256
215.534	1256
215.536	1256
215.545	1256
215.554	1256
215.564	1256
215.565	1256
215.574	1256
215.583	1256
215.584	1256
215.592	1256
215.594	1256
215.603	1256
215.612	1256
215.613	1256
215.622	1256
215.631	1256
215.632	1256
215.642	1256
215.651	1256
215.651	1256
215.661	1256
215.67	1256
215.672	1256
215.68	1256
215.689	1256
215.69	1256
215.7	1256
215.709	1256
215.71	1256
215.718	1256
215.727	1256
215.728	1256
215.737	1256
215.746	1256
215.748	1256
215.758	1256
215.766	1256
215.767	1256
215.777	1256
215.786	1256
215.794	1256
215.795	1256
215.804	1256
215.813	1256
215.814	1256
215.824	1256
215.832	1256
215.834	1256
215.843	1256
215.853	1256
215.861	1256
215.862	1256
215.872	1256
215.881	1256
215.882	1256
215.89	1256
215.899	1256
215.9	1256
215.909	1256
215.918	1256
215.928	1256
215.93	1256
215.938	1256
215.947	1256
215.948	1256
215.958	1256
215.966	1256
215.967	1256
215.976	1256
215.985	1256
215.988	1256
215.996	1256
216.005	1256
216.007	1256
216.015	1256
216.022	1256
216.029	1256
216.031	1256
216.037	1256
216.046	1256
216.047	1256
216.054	1256
216.061	1256
216.062	1256
216.069	1256
216.076	1256
216.077	1256
216.099	1256
216.1	1256
216.107	1256
216.115	1256
216.126	1256
216.138	1256
216.14	1256
216.153	1256
216.165	1256
216.166	1256
216.177	1256
216.19	1256
216.192	1256
216.204	1256
216.216	1256
216.225	1256
216.226	1256
216.234	1256
216.243	1256
216.245	1256
216.253	1256
216.262	1256
216.271	1256
216.273	1256
216.282	1256
216.283	1256
216.292	1256
216.301	1256
216.302	1256
216.312	1256
216.321	1256
216.329	1256
216.331	1256
216.34	1256
216.35	1256
216.351	1256
216.36	1256
216.369	1256
216.377	1256
216.378	1256
216.388	1256
216.396	1256
216.397	1256
216.406	1256
216.415	1256
216.417	1256
216.426	1256
216.435	1256
216.436	1256
216.445	1256
216.455	1256
216.456	1256
216.464	1256
216.474	1256
216.475	1256
216.484	1256
216.493	1256
216.495	1256
216.495	1256
216.504	1256
216.513	1256
216.514	1256
216.523	1256
216.533	1256
216.534	1256
216.543	1256
216.551	1256
216.553	1256
216.562	1256
216.572	1256
216.573	1256
216.582	1256
216.59	1256
216.591	1256
216.6	1256
216.61	1256
216.618	1256
216.62	1256
216.629	1256
216.638	1256
216.64	1256
216.649	1256
216.65	1256
216.658	1256
216.659	1256
216.669	1256
216.677	1256
216.679	1256
216.689	1256
216.697	1256
216.698	1256
216.708	1256
216.716	1256
216.725	1256
216.726	1256
216.736	1256
216.745	1256
216.753	1256
216.762	1256
216.763	1256
216.773	1256
216.781	1256
216.783	1256
216.792	1256
216.801	1256
216.802	1256
216.811	1256
216.82	1256
216.821	1256
216.831	1256
216.84	1256
216.841	1256
216.85	1256
216.857	1256
216.858	1256
216.865	1256
216.873	1256
216.88	1256
216.881	1256
216.891	1256
216.898	1256
216.906	1256
216.907	1256
216.914	1256
216.92	1256
216.921	1256
216.929	1256
216.936	1256
216.937	1256
216.946	1256
216.958	1256
216.959	1256
216.971	1256
216.982	1256
216.984	1256
216.997	1256
217.008	1256
217.011	1256
217.023	1256
217.035	1256
217.036	1256
217.038	1256
217.05	1256
217.059	1256
217.06	1256
217.068	1256
217.078	1256
217.086	1256
217.088	1256
217.097	1256
217.107	1256
217.108	1256
217.117	1256
217.126	1256
217.135	1256
217.136	1256
217.144	1256
217.153	1256
217.155	1256
217.163	1256
217.165	1256
217.174	1256
217.184	1241
217.185	1241
217.193	1241
217.202	1241
217.204	1241
217.214	1241
217.223	1241
217.231	1241
217.232	1241
217.241	1241
217.25	1241
217.252	1241
217.261	1241
217.262	1241
217.272	1241
217.28	1241
217.289	1241
217.298	1241
217.3	1241
217.31	1241
217.318	1241
217.319	1241
217.328	1241
217.338	1241
217.339	1241
217.349	1241
217.357	1241
217.358	1241
217.367	1241
217.377	1241
217.378	1241
217.387	1241
217.396	1241
217.397	1241
217.407	1241
217.416	1241
217.418	1241
217.419	1241
217.428	1241
217.436	1241
217.438	1241
217.448	1241
217.457	1241
217.457	1241
217.466	1241
217.475	1241
217.479	1241
217.48	1241
217.489	1241
217.497	1241
217.507	1241
217.508	1241
217.517	1241
217.526	1241
217.527	1241
217.537	1241
217.545	1241
217.555	1241
217.563	1241
217.565	1241
217.575	1241
217.584	1241
217.585	1241
217.593	1241
217.603	1241
217.611	1241
217.613	1241
217.622	1241
217.631	1241
217.632	1241
217.641	1241
217.651	1241
217.653	1241
217.661	1241
217.671	1241
217.672	1241
217.681	1241
217.69	1241
217.691	1241
217.698	1241
217.706	1241
217.714	1241
217.715	1241
217.722	1241
217.728	1241
217.729	1241
217.742	1241
217.749	1241
217.756	1241
217.757	1241
217.769	1241
217.776	1241
217.783	1241
217.784	1241
217.802	1241
217.813	1241
217.826	1241
217.828	1241
217.84	1241
217.852	1241
217.854	1241
217.865	1241
217.877	1241
217.879	1241
217.891	1241
217.903	1241
217.912	1241
217.913	1241
217.923	1241
217.925	1241
217.933	1241
217.934	1241
217.943	1241
217.953	1241
217.955	1241
217.964	1241
217.973	1241
217.974	1241
217.983	1241
217.991	1241
217.993	1241
218.002	1241
218.012	1241
218.021	1241
218.022	1241
218.031	1241
218.039	1241
218.041	1241
218.042	1241
218.052	1241
218.061	1241
218.062	1241
218.072	1241
218.08	1241
218.081	1241
218.091	1241
218.1	1241
218.101	1241
218.111	1241
218.12	1241
218.121	1241
218.13	1241
218.138	1241
218.139	1241
218.149	1241
218.158	1241
218.159	1241
218.169	1241
218.178	1241
218.179	1241
218.189	1241
218.198	1241
218.199	1241
218.208	1241
218.217	1241
218.218	1241
218.227	1241
218.236	1241
218.237	1241
218.247	1241
218.255	1241
218.256	1241
218.425	1254
218.438	1254
218.439	1254
218.447	1271
218.449	1271
218.457	1271
218.528	1271
218.529	1271
218.541	1271
218.551	1271
218.552	1271
218.562	1271
218.628	1271
218.629	1271
218.638	1271
218.647	1271
218.648	1271
218.658	1271
218.666	1271
218.667	1271
218.676	1271
218.685	1271
218.686	1271
218.695	1271
218.704	1271
218.705	1271
218.714	1271
218.723	1271
218.724	1271
218.734	1271
218.742	1271
218.743	1271
218.752	1271
218.761	1271
218.762	1271
218.772	1271
218.781	1271
218.782	1271
218.791	1271
218.8	1271
218.801	1271
218.809	1271
218.819	1271
218.82	1271
218.829	1271
218.838	1271
218.839	1271
218.847	1271
218.856	1271
218.857	1271
218.866	1271
218.875	1271
218.876	1271
218.885	1271
218.895	1271
218.896	1271
218.904	1271
218.914	1271
218.915	1271
218.924	1271
218.932	1271
218.934	1271
218.943	1271
218.952	1271
218.954	1271
218.962	1271
218.97	1271
218.973	1271
218.981	1271
218.989	1271
218.992	1271
219	1271
219.009	1271
219.011	1271
219.019	1271
219.027	1271
219.029	1271
219.039	1271
219.047	1271
219.049	1271
219.058	1271
219.067	1271
219.068	1271
219.076	1271
219.086	1271
219.087	1271
219.095	1271
219.105	1271
219.106	1271
219.115	1271
219.123	1271
219.124	1271
219.134	1271
219.143	1271
219.144	1271
219.152	1271
219.159	1271
219.16	1271
219.168	1271
219.175	1271
219.176	1271
219.183	1271
219.189	1271
219.19	1271
219.198	1271
219.205	1271
219.206	1271
219.213	1271
219.221	1271
219.222	1271
219.228	1271
219.235	1271
219.236	1271
219.243	1271
219.25	1271
219.252	1271
219.265	1271
219.277	1271
219.279	1271
219.29	1271
219.301	1271
219.303	1271
219.315	1271
219.327	1271
219.328	1271
219.341	1271
219.353	1271
219.355	1271
219.367	1271
219.375	1271
219.377	1271
219.386	1271
219.393	1271
219.395	1271
219.404	1271
219.413	1271
219.415	1271
219.424	1271
219.433	1271
219.441	1271
219.443	1271
219.454	1271
219.461	1271
219.474	1271
219.482	1271
219.484	1271
219.492	1271
219.502	1271
219.504	1271
219.516	1271
219.524	1271
219.529	1271
219.544	1271
219.554	1271
219.556	1271
219.569	1271
219.576	1271
219.579	1271
219.589	1271
219.597	1271
219.599	1271
219.6	1271
219.608	1271
219.617	1271
219.618	1271
219.627	1271
219.637	1271
219.638	1271
219.646	1271
219.655	1271
219.657	1271
219.666	1271
219.675	1271
219.676	1271
219.684	1271
219.694	1271
219.695	1271
219.704	1271
219.713	1271
219.714	1271
219.723	1271
219.732	1271
219.732	1271
219.741	1271
219.75	1271
219.751	1271
219.76	1271
219.77	1271
219.771	1271
219.779	1271
219.789	1271
219.79	1271
219.798	1271
219.807	1271
219.808	1271
219.818	1271
219.827	1271
219.829	1271
219.837	1271
219.846	1271
219.848	1271
219.856	1271
219.865	1271
219.867	1271
219.875	1271
219.883	1271
219.885	1271
219.886	1271
219.898	1271
219.907	1271
219.908	1271
219.917	1271
219.925	1271
219.933	1271
219.942	1271
219.952	1271
219.953	1271
219.961	1271
219.97	1271
219.971	1271
219.981	1271
219.989	1271
219.992	1271
219.999	1271
220.006	1271
220.008	1271
220.016	1271
220.023	1271
220.024	1271
220.031	1271
220.039	1271
220.047	1271
220.049	1271
220.056	1271
220.068	1271
220.069	1271
220.07	1271
220.08	1271
220.088	1271
220.089	1271
220.096	1271
220.103	1271
220.104	1271
220.116	1271
220.129	1271
220.131	1271
220.142	1271
220.144	1271
220.155	1271
220.167	1271
220.169	1271
220.182	1271
220.194	1271
220.194	1271
220.207	1271
220.216	1271
220.217	1271
220.225	1271
220.234	1271
220.235	1271
220.244	1271
220.253	1271
220.254	1271
220.264	1271
220.273	1271
220.274	1271
220.283	1271
220.285	1271
220.293	1271
220.295	1271
220.304	1212
220.313	1212
220.314	1212
220.316	1212
220.325	1212
220.333	1235
220.335	1235
220.344	1271
220.353	1271
220.354	1271
220.363	1306
220.372	1306
220.374	1306
220.381	1306
220.39	1306
220.391	1306
220.401	1306
220.409	1306
220.417	1306
220.418	1306
220.427	1306
220.437	1306
220.438	1306
220.447	1306
220.454	1306
220.457	1306
220.465	1306
220.473	1306
220.475	1306
220.483	1306
220.492	1306
220.494	1306
220.501	1306
220.511	1306
220.512	1306
220.521	1306
220.528	1306
220.53	1306
220.538	1306
220.54	1306
220.548	1306
220.557	1306
220.558	1306
220.567	1306
220.576	1306
220.578	1306
220.585	1306
220.595	1306
220.596	1306
220.604	1306
220.605	1306
220.614	1306
220.615	1306
220.625	1306
220.633	1306
220.635	1306
220.643	1306
220.651	1306
220.652	1306
220.662	1306
220.669	1306
220.671	1306
220.679	1306
220.681	1306
220.689	1306
220.691	1306
220.699	1306
220.709	1306
220.71	1306
220.719	1306
220.726	1306
220.729	1306
220.737	1306
220.745	1306
220.755	1306
220.756	1306
220.763	1306
220.773	1306
220.774	1306
220.782	1306
220.791	1306
220.792	1306
220.802	1306
220.81	1306
220.81	1306
220.819	1306
220.829	1318
220.83	1318
220.838	1318
220.847	1318
220.848	1318
220.854	1318
220.861	1318
220.862	1318
220.869	1318
220.876	1318
220.876	1318
220.883	1318
220.89	1318
220.891	1318
220.898	1318
220.905	1318
220.912	1318
220.913	1318
220.92	1318
220.921	1318
220.927	1318
220.936	1318
220.937	1318
220.945	1318
220.969	1318
220.979	1318
220.981	1318
220.992	1318
220.994	1318
221.005	1318
221.017	1318
221.018	1318
221.03	1318
221.042	1318
221.044	1318
221.055	1318
221.063	1318
221.064	1318
221.072	1318
221.081	1318
221.082	1318
221.092	1318
221.1	1318
221.102	1318
221.11	1318
221.111	1318
221.12	1318
221.121	1318
221.13	1318
221.131	1318
221.14	1318
221.141	1318
221.142	1318
221.15	1318
221.158	1318
221.16	1318
221.168	1318
221.177	1318
221.178	1318
221.187	1318
221.195	1318
221.196	1318
221.206	1318
221.214	1318
221.216	1318
221.224	1318
221.233	1318
221.24	1318
221.242	1318
221.25	1318
221.259	1318
221.26	1318
221.269	1318
221.278	1318
221.279	1318
221.288	1318
221.295	1318
221.304	1318
221.305	1318
221.314	1318
221.323	1318
221.325	1318
221.333	1318
221.342	1318
221.343	1318
221.35	1318
221.36	1318
221.368	1318
221.369	1318
221.378	1318
221.387	1318
221.387	1318
221.396	1318
221.404	1318
221.406	1318
221.414	1318
221.424	1318
221.425	1318
221.432	1318
221.441	1318
221.442	1318
221.452	1318
221.46	1318
221.469	1318
221.47	1318
221.471	1318
221.48	1318
221.488	1318
221.489	1318
221.498	1318
221.507	1318
221.508	1318
221.517	1318
221.524	1318
221.526	1318
221.534	1318
221.544	1318
221.545	1318
221.552	1318
221.554	1318
221.563	1318
221.565	1318
221.572	1318
221.582	1318
221.583	1318
221.591	1318
221.599	1318
221.608	1318
221.609	1318
221.618	1318
221.627	1318
221.635	1318
221.643	1318
221.644	1318
221.654	1318
221.661	1318
221.67	1318
221.671	1318
221.679	1318
221.685	1318
221.687	1318
221.693	1318
221.699	1318
221.7	1318
221.707	1318
221.714	1318
221.722	1318
221.723	1318
221.729	1318
221.737	1318
221.738	1318
221.743	1318
221.75	1318
221.752	1318
221.759	1318
221.766	1318
221.767	1318
221.773	1318
221.78	1318
221.791	1318
221.793	1318
221.804	1318
221.817	1318
221.828	1318
221.83	1318
221.84	1318
221.852	1318
221.854	1318
221.865	1318
221.877	1318
221.879	1318
221.889	1318
221.899	1318
221.9	1318
221.908	1318
221.916	1318
221.917	1318
221.926	1318
221.934	1318
221.936	1318
221.944	1318
221.945	1318
221.955	1318
221.962	1318
221.972	1318
221.981	1318
221.982	1318
221.99	1318
221.999	1318
222	1318
222.008	1318
222.016	1318
222.018	1318
222.026	1318
222.035	1318
222.036	1318
222.045	1318
222.054	1318
222.055	1318
222.063	1318
222.071	1318
222.073	1318
222.081	1318
222.091	1318
222.092	1318
222.1	1318
222.108	1318
222.109	1318
222.119	1318
222.126	1318
222.129	1318
222.136	1318
222.145	1318
222.146	1318
222.155	1318
222.156	1318
222.165	1318
222.167	1318
222.175	1318
222.183	1318
222.192	1318
222.194	1318
222.202	1318
222.211	1318
222.212	1318
222.213	1318
222.221	1318
222.23	1318
222.232	1318
222.24	1318
222.248	1318
222.249	1318
222.258	1318
222.267	1318
222.268	1318
222.276	1318
222.286	1318
222.293	1318
222.294	1318
222.303	1318
222.311	1318
222.313	1318
222.322	1318
222.33	1318
222.339	1318
222.341	1318
222.349	1318
222.357	1318
222.358	1318
222.368	1318
222.375	1318
222.376	1318
222.385	1318
222.393	1318
222.396	1318
222.404	1318
222.413	1318
222.414	1318
222.423	1318
222.431	1318
222.432	1318
222.441	1318
222.449	1318
222.457	1318
222.467	1318
222.468	1318
222.475	1318
222.484	1318
222.485	1318
222.495	1318
222.503	1318
222.512	1318
222.513	1318
222.521	1318
222.529	1318
222.536	1318
222.537	1318
222.544	1318
222.552	1318
222.553	1318
222.559	1318
222.565	1318
222.566	1318
222.573	1318
222.581	1318
222.582	1318
222.589	1318
222.595	1318
222.596	1318
222.603	1318
222.61	1318
222.611	1318
222.617	1318
222.624	1318
222.625	1318
222.632	1318
222.644	1318
222.646	1318
222.658	1318
222.668	1318
222.671	1318
222.682	1318
222.693	1318
222.695	1318
222.707	1318
222.717	1318
222.728	1318
222.73	1318
222.74	1318
222.747	1318
222.748	1318
222.757	1318
222.766	1338
222.768	1338
222.776	1338
222.784	1338
222.785	1338
222.793	1338
222.802	1338
222.803	1338
222.811	1374
222.82	1374
222.829	1374
222.836	1374
222.837	1374
222.846	1374
222.854	1374
222.862	1374
222.863	1374
222.872	1374
222.88	1374
222.882	1374
222.89	1374
222.898	1374
222.899	1374
222.907	1374
222.916	1374
222.917	1374
222.924	1374
222.932	1374
222.934	1374
222.942	1374
222.951	1374
222.952	1374
222.959	1374
222.967	1374
222.969	1374
222.978	1374
222.985	1374
222.993	1374
222.995	1374
223.003	1374
223.011	1374
223.02	1374
223.021	1374
223.03	1374
223.037	1374
223.038	1374
223.047	1374
223.055	1374
223.063	1374
223.064	1374
223.073	1374
223.08	1374
223.081	1374
223.091	1374
223.098	1374
223.1	1374
223.108	1374
223.115	1374
223.117	1374
223.125	1374
223.134	1374
223.135	1374
223.143	1374
223.152	1374
223.159	1374
223.16	1374
223.169	1374
223.177	1374
223.179	1374
223.186	1374
223.195	1374
223.196	1374
223.205	1374
223.213	1374
223.214	1374
223.221	1374
223.229	1374
223.239	1374
223.24	1374
223.247	1374
223.256	1374
223.257	1374
223.266	1374
223.273	1374
223.274	1374
223.282	1374
223.29	1374
223.3	1374
223.308	1374
223.309	1374
223.316	1374
223.325	1374
223.327	1374
223.334	1374
223.343	1374
223.344	1374
223.352	1374
223.361	1374
223.362	1374
223.368	1374
223.374	1374
223.375	1374
223.382	1374
223.388	1374
223.389	1374
223.395	1374
223.402	1374
223.403	1374
223.41	1374
223.417	1374
223.417	1374
223.424	1374
223.43	1374
223.431	1374
223.438	1374
223.457	1374
223.463	1374
223.474	1374
223.476	1374
223.487	1374
223.497	1374
223.498	1374
223.509	1374
223.52	1374
223.522	1374
223.533	1374
223.544	1374
223.545	1374
223.556	1374
223.568	1374
223.569	1374
223.577	1374
223.586	1374
223.586	1374
223.594	1374
223.602	1374
223.603	1374
223.612	1374
223.62	1374
223.621	1374
223.629	1374
223.638	1374
223.646	1374
223.647	1374
223.655	1374
223.664	1408
223.665	1408
223.672	1408
223.68	1408
223.682	1408
223.69	1408
223.698	1408
223.699	1408
223.708	1408
223.716	1408
223.717	1408
223.725	1408
223.733	1408
223.74	1408
223.741	1408
223.75	1408
223.758	1408
223.759	1408
223.766	1408
223.775	1408
223.777	1408
223.785	1408
223.792	1408
223.794	1408
223.802	1408
223.81	1408
223.817	1408
223.818	1408
223.826	1408
223.834	1408
223.835	1408
223.844	1408
223.852	1408
223.86	1408
223.861	1408
223.868	1408
223.877	1408
223.879	1408
223.886	1408
223.895	1408
223.896	1408
223.897	1408
223.904	1408
223.913	1408
223.914	1408
223.922	1408
223.929	1408
223.93	1408
223.939	1408
223.947	1408
223.949	1408
223.956	1408
223.965	1408
223.966	1408
223.974	1408
223.981	1408
223.982	1408
223.991	1408
223.998	1408
224	1408
224.008	1408
224.016	1408
224.023	1408
224.024	1408
224.033	1408
224.04	1408
224.048	1408
224.056	1408
224.058	1408
224.066	1408
224.075	1408
224.083	1408
224.084	1408
224.092	1408
224.099	1408
224.107	1408
224.108	1408
224.116	1408
224.125	1408
224.126	1408
224.133	1408
224.142	1408
224.143	1408
224.151	1408
224.158	1408
224.166	1408
224.168	1408
224.176	1408
224.185	1408
224.192	1408
224.193	1408
224.199	1408
224.205	1408
224.206	1408
224.214	1408
224.219	1408
224.22	1408
224.228	1408
224.233	1408
224.239	1408
224.24	1408
224.248	1408
224.253	1408
224.254	1408
224.26	1408
224.268	1408
224.269	1408
224.274	1408
224.282	1408
224.283	1408
224.292	1408
224.303	1408
224.305	1408
224.314	1408
224.325	1408
224.327	1408
224.338	1408
224.349	1408
224.351	1408
224.361	1408
224.371	1408
224.373	1408
224.383	1408
224.394	1408
224.395	1408
224.406	1408
224.414	1408
224.416	1408
224.423	1408
224.431	1408
224.439	1408
224.448	1408
224.45	1408
224.458	1408
224.466	1408
224.474	1408
224.475	1408
224.482	1408
224.49	1408
224.491	1408
224.499	1408
224.508	1408
224.509	1408
224.517	1408
224.525	1408
224.526	1408
224.534	1408
224.542	1408
224.544	1408
224.552	1408
224.56	1408
224.561	1408
224.569	1408
224.577	1408
224.578	1408
224.586	1408
224.594	1408
224.594	1408
224.602	1408
224.611	1408
224.611	1408
224.619	1408
224.627	1408
224.629	1408
224.637	1408
224.646	1408
224.647	1408
224.655	1408
224.663	1408
224.664	1408
224.672	1408
224.68	1408
224.681	1408
224.688	1408
224.697	1408
224.704	1408
224.705	1408
224.714	1408
224.721	1408
224.724	1408
224.725	1408
224.732	1408
224.74	1408
224.742	1408
224.749	1408
224.757	1408
224.765	1408
224.766	1408
224.774	1408
224.783	1408
224.784	1408
224.791	1408
224.799	1408
224.807	1408
224.816	1408
224.818	1408
224.825	1408
224.834	1408
224.835	1408
224.842	1408
224.85	1408
224.851	1408
224.86	1408
224.868	1408
224.869	1408
224.876	1408
224.885	1408
224.886	1408
224.893	1408
224.902	1408
224.904	1408
224.911	1408
224.919	1408
224.92	1408
224.929	1408
224.936	1408
224.937	1408
224.945	1408
224.953	1408
224.954	1408
224.963	1408
224.97	1408
224.972	1408
224.979	1408
224.988	1408
224.988	1408
224.997	1408
225.006	1408
225.007	1408
225.014	1408
225.02	1408
225.021	1408
225.027	1408
225.034	1408
225.035	1408
225.042	1408
225.048	1408
225.054	1408
225.055	1408
225.062	1408
225.068	1408
225.069	1408
225.076	1408
225.083	1408
225.088	1408
225.094	1408
225.101	1408
225.107	1408
225.109	1408
225.123	1408
225.132	1408
225.144	1408
225.145	1408
225.155	1408
225.167	1408
225.167	1408
225.178	1408
225.189	1408
225.2	1408
225.202	1408
225.212	1408
225.223	1408
225.225	1408
225.235	1408
225.243	1408
225.244	1408
225.252	1408
225.253	1408
225.261	1408
225.269	1408
225.27	1408
225.278	1408
225.287	1408
225.294	1408
225.295	1408
225.303	1408
225.311	1408
225.313	1408
225.321	1408
225.329	1408
225.337	1408
225.338	1408
225.347	1408
225.354	1408
225.355	1408
225.363	1408
225.372	1408
225.38	1408
225.38	1408
225.388	1408
225.397	1408
225.398	1408
225.406	1408
225.414	1408
225.415	1408
225.424	1408
225.432	1408
225.439	1408
225.44	1408
225.449	1408
225.457	1408
225.457	1408
225.465	1408
225.473	1408
225.481	1408
225.482	1408
225.491	1408
225.499	1408
225.5	1408
225.508	1408
225.516	1408
225.523	1408
225.531	1408
225.533	1408
225.541	1408
225.549	1408
225.551	1408
225.559	1408
225.567	1408
225.574	1408
225.575	1408
225.584	1408
225.592	1408
225.593	1408
225.601	1408
225.608	1408
225.617	1408
225.625	1408
225.626	1408
225.633	1408
225.641	1408
225.643	1408
225.652	1408
225.66	1408
225.661	1408
225.669	1408
225.677	1408
225.677	1408
225.686	1408
225.694	1408
225.695	1408
225.702	1408
225.711	1408
225.718	1408
225.719	1408
225.728	1408
225.736	1408
225.738	1408
225.746	1408
225.753	1408
225.761	1408
225.762	1408
225.763	1408
225.771	1408
225.779	1408
225.78	1408
225.789	1408
225.796	1408
225.797	1408
225.805	1408
225.814	1408
225.816	1408
225.823	1408
225.831	1408
225.832	1408
225.841	1408
225.848	1408
225.849	1408
225.857	1408
225.858	1408
225.866	1408
225.867	1408
225.874	1408
225.88	1408
225.887	1408
225.888	1408
225.894	1408
225.9	1408
225.901	1408
225.908	1408
225.914	1408
225.915	1408
225.921	1408
225.928	1408
225.935	1408
225.941	1408
225.941	1408
225.948	1408
225.954	1408
225.96	1408
225.97	1408
225.981	1408
225.992	1408
226.002	1408
226.004	1408
226.014	1408
226.025	1408
226.028	1408
226.037	1408
226.048	1408
226.051	1408
226.06	1408
226.071	1408
226.073	1401
226.081	1401
226.089	1401
226.09	1401
226.098	1401
226.107	1401
226.108	1401
226.116	1401
226.124	1401
226.132	1401
226.133	1401
226.14	1401
226.148	1401
226.156	1401
226.157	1401
226.165	1401
226.167	1401
226.175	1401
226.184	1401
226.185	1401
226.192	1401
226.2	1401
226.201	1401
226.209	1401
226.217	1401
226.218	1401
226.227	1401
226.235	1401
226.236	1401
226.245	1401
226.253	1401
226.254	1401
226.261	1401
226.27	1401
226.271	1401
226.279	1401
226.286	1401
226.288	1401
226.289	1401
226.298	1401
226.307	1401
226.308	1401
226.315	1401
226.316	1401
226.324	1401
226.333	1401
226.34	1401
226.341	1401
226.349	1401
226.357	1401
226.359	1401
226.367	1401
226.376	1401
226.384	1401
226.385	1401
226.392	1401
226.4	1401
226.408	1401
226.41	1401
226.418	1401
226.426	1401
226.428	1401
226.435	1401
226.444	1401
226.452	1401
226.453	1401
226.461	1401
226.468	1401
226.469	1401
226.478	1401
226.485	1401
226.486	1401
226.495	1401
226.504	1401
226.505	1401
226.513	1401
226.521	1401
226.529	1401
226.53	1401
226.538	1401
226.546	1401
226.553	1401
226.554	1401
226.562	1401
226.571	1401
226.573	1401
226.581	1401
226.589	1401
226.59	1401
226.598	1401
226.605	1401
226.614	1401
226.614	1401
226.622	1401
226.631	1401
226.632	1401
226.641	1401
226.648	1401
226.649	1401
226.658	1401
226.665	1401
226.666	1401
226.675	1401
226.683	1401
226.684	1401
226.69	1401
226.696	1401
226.703	1401
226.704	1401
226.71	1401
226.716	1401
226.724	1401
226.724	1401
226.73	1401
226.738	1401
226.739	1401
226.745	1401
226.753	1401
226.753	1401
226.761	1401
226.762	1401
226.77	1401
226.77	1401
226.777	1401
226.786	1401
226.787	1401
226.798	1401
226.81	1401
226.811	1401
226.821	1401
226.832	1401
226.842	1401
226.854	1401
226.856	1401
226.866	1401
226.877	1401
226.887	1401
226.888	1401
226.9	1401
226.907	1401
226.915	1401
226.916	1401
226.924	1401
226.934	1401
226.935	1401
226.943	1401
226.95	1401
226.951	1401
226.959	1401
226.968	1401
226.969	1401
226.977	1401
226.984	1401
226.986	1401
226.994	1401
227.002	1401
227.003	1401
227.012	1401
227.02	1401
227.021	1401
227.029	1401
227.036	1401
227.044	1401
227.045	1401
227.053	1401
227.062	1401
227.064	1401
227.072	1401
227.08	1401
227.081	1401
227.088	1401
227.096	1401
227.098	1401
227.105	1401
227.113	1401
227.115	1401
227.123	1401
227.131	1401
227.132	1401
227.14	1401
227.148	1401
227.149	1401
227.158	1401
227.165	1401
227.173	1401
227.174	1401
227.183	1401
227.191	1401
227.193	1401
227.201	1401
227.208	1401
227.216	1401
227.224	1401
227.232	1401
227.233	1401
227.241	1401
227.249	1401
227.258	1401
227.258	1401
227.267	1401
227.275	1401
227.276	1401
227.284	1401
227.293	1401
227.301	1401
227.302	1401
227.31	1401
227.318	1401
227.319	1401
227.327	1342
227.335	1342
227.336	1342
227.344	1342
227.354	1342
227.355	1342
227.362	1342
227.372	1342
227.373	1342
227.381	1342
227.39	1342
227.391	1342
227.399	1342
227.407	1342
227.408	1342
227.418	1342
227.426	1342
227.434	1342
227.436	1342
227.443	1342
227.451	1342
227.453	1342
227.462	1342
227.47	1342
227.472	1342
227.48	1342
227.488	1342
227.489	1342
227.497	1342
227.506	1342
227.507	1342
227.515	1342
227.522	1342
227.523	1342
227.53	1342
227.537	1342
227.544	1342
227.545	1342
227.552	1342
227.557	1342
227.558	1342
227.566	1342
227.573	1342
227.573	1342
227.584	1342
227.591	1342
227.591	1342
227.601	1342
227.608	1342
227.609	1342
227.615	1342
227.627	1342
227.629	1342
227.64	1342
227.653	1342
227.664	1342
227.674	1342
227.677	1342
227.687	1342
227.688	1342
227.701	1342
227.712	1342
227.714	1342
227.725	1342
227.733	1342
227.733	1342
227.742	1342
227.751	1342
227.751	1342
227.761	1342
227.769	1342
227.769	1342
227.779	1345
227.787	1345
227.788	1345
227.796	1345
227.805	1345
227.806	1345
227.815	1345
227.823	1345
227.824	1345
227.832	1345
227.84	1345
227.841	1345
227.851	1345
227.859	1366
227.86	1366
227.869	1366
227.876	1366
227.877	1366
227.885	1366
227.895	1366
227.896	1366
227.904	1366
227.911	1366
227.913	1366
227.921	1366
227.93	1366
227.931	1366
227.939	1366
227.947	1366
227.948	1366
227.956	1366
227.966	1366
227.967	1366
227.975	1366
227.983	1366
227.984	1366
227.993	1366
228.001	1366
228.002	1366
228.01	1366
228.019	1366
228.027	1366
228.035	1366
228.042	1366
228.051	1366
228.058	1366
228.059	1366
228.069	1366
228.077	1366
228.078	1366
228.086	1366
228.094	1366
228.102	1366
228.103	1366
228.112	1366
228.121	1366
228.122	1366
228.13	1366
228.137	1366
228.139	1366
228.148	1366
228.156	1366
228.157	1366
228.166	1366
228.174	1366
228.175	1366
228.182	1366
228.192	1366
228.193	1366
228.2	1366
228.208	1366
228.21	1366
228.218	1366
228.226	1366
228.227	1366
228.235	1366
228.244	1366
228.245	1366
228.254	1366
228.262	1366
228.264	1366
228.271	1366
228.279	1366
228.28	1366
228.289	1366
228.297	1366
228.298	1366
228.307	1366
228.315	1366
228.317	1366
228.325	1366
228.332	1366
228.334	1366
228.342	1366
228.348	1366
228.349	1366
228.356	1366
228.363	1366
228.365	1366
228.37	1366
228.377	1366
228.378	1366
228.384	1366
228.392	1366
228.393	1366
228.398	1366
228.406	1366
228.407	1366
228.414	1366
228.419	1366
228.42	1366
228.421	1366
228.429	1366
228.435	1366
228.436	1366
228.442	1366
228.46	1366
228.472	1366
228.473	1366
228.483	1366
228.494	1366
228.506	1366
228.508	1366
228.519	1366
228.529	1366
228.54	1366
228.541	1366
228.553	1366
228.562	1366
228.563	1366
228.571	1366
228.578	1366
228.58	1366
228.588	1366
228.596	1366
228.597	1366
228.606	1366
228.614	1366
228.615	1366
228.616	1366
228.625	1366
228.633	1366
228.634	1366
228.635	1366
228.644	1389
228.652	1389
228.653	1389
228.661	1389
228.83	1389
228.83	1389
228.837	1389
228.846	1389
228.847	1389
228.855	1389
228.933	1389
228.934	1389
228.943	1389
228.95	1389
228.951	1389
228.959	1389
229.034	1389
229.035	1389
229.044	1389
229.052	1389
229.053	1389
229.061	1389
229.069	1389
229.071	1389
229.079	1389
229.087	1389
229.088	1389
229.096	1389
229.104	1389
229.105	1389
229.114	1389
229.122	1389
229.123	1389
229.131	1389
229.138	1389
229.139	1389
229.145	1389
229.152	1389
229.154	1389
229.159	1389
229.166	1389
229.167	1389
229.173	1389
229.181	1389
229.182	1389
229.187	1389
229.194	1389
229.195	1389
229.202	1389
229.208	1389
229.209	1389
229.216	1389
229.223	1389
229.223	1389
229.229	1389
229.236	1389
229.237	1389
229.243	1389
229.25	1389
229.251	1389
229.262	1389
229.273	1389
229.274	1389
229.286	1389
229.296	1389
229.298	1389
229.309	1389
229.319	1389
229.321	1389
229.332	1389
229.342	1389
229.344	1389
229.356	1389
229.363	1389
229.364	1389
229.373	1389
229.38	1389
229.382	1389
229.391	1389
229.399	1389
229.4	1389
229.408	1389
229.416	1389
229.417	1389
229.425	1389
229.434	1389
229.434	1389
229.442	1389
229.45	1389
229.451	1389
229.459	1389
229.468	1389
229.469	1389
229.478	1389
229.485	1389
229.486	1389
229.494	1389
229.502	1389
229.504	1389
229.513	1389
229.521	1389
229.522	1389
229.529	1389
229.538	1389
229.539	1389
229.547	1389
229.556	1389
229.557	1389
229.565	1389
229.573	1389
229.574	1389
229.581	1389
229.589	1389
229.591	1389
229.599	1389
229.607	1389
229.608	1389
229.616	1389
229.625	1389
229.627	1389
229.635	1389
229.643	1389
229.644	1389
229.652	1389
229.659	1389
229.66	1389
229.669	1389
229.677	1389
229.678	1389
229.686	1389
229.694	1389
229.695	1389
229.703	1389
229.711	1389
229.713	1389
229.722	1389
229.729	1389
229.73	1389
229.739	1389
229.747	1389
229.749	1389
229.75	1389
229.757	1389
229.765	1389
229.766	1389
229.775	1389
229.782	1389
229.784	1389
229.792	1389
229.801	1389
229.809	1389
229.81	1389
229.818	1389
229.825	1389
229.833	1389
229.836	1389
229.844	1389
229.851	1389
229.852	1389
229.853	1389
229.861	1389
229.87	1389
229.871	1389
229.879	1389
229.887	1389
229.888	1389
229.896	1389
229.905	1389
229.907	1389
229.915	1389
229.923	1389
229.931	1389
229.932	1389
229.94	1389
229.948	1389
229.95	1389
229.957	1389
229.958	1389
229.966	1389
229.975	1389
229.976	1389
229.983	1389
229.991	1389
229.992	1389
229.998	1389
230.004	1389
230.005	1389
230.012	1389
230.019	1389
230.02	1389
230.026	1389
230.033	1389
230.034	1389
230.039	1389
230.047	1389
230.048	1389
230.054	1389
230.06	1389
230.061	1389
230.07	1389
230.076	1389
230.083	1389
230.089	1389
230.09	1389
230.096	1389
230.107	1389
230.109	1389
230.121	1389
230.132	1389
230.141	1389
230.152	1389
230.155	1389
230.165	1389
230.176	1389
230.178	1389
230.188	1389
230.2	1389
230.201	1389
230.208	1389
230.216	1389
230.225	1389
230.226	1389
230.233	1389
230.242	1389
230.25	1389
230.252	1389
230.26	1389
230.261	1389
230.269	1389
230.278	1389
230.286	1389
230.294	1389
230.295	1389
230.303	1389
230.311	1389
230.319	1389
230.321	1389
230.328	1389
230.336	1389
230.337	1389
230.345	1389
230.353	1389
230.355	1389
230.362	1389
230.371	1389
230.372	1389
230.381	1389
230.388	1389
230.39	1389
230.398	1389
230.406	1389
230.408	1389
230.416	1389
230.424	1389
230.425	1389
230.432	1389
230.44	1389
230.448	1389
230.45	1389
230.459	1389
230.46	1389
230.467	1389
230.468	1389
230.477	1389
230.484	1389
230.486	1389
230.495	1389
230.502	1389
230.503	1389
230.512	1389
230.52	1389
230.522	1389
230.53	1389
230.538	1389
230.539	1389
230.547	1389
230.555	1389
230.563	1389
230.564	1389
230.573	1389
230.58	1338
230.589	1338
230.59	1338
230.601	1338
230.608	1338
230.616	1338
230.621	1338
230.629	1338
230.636	1338
230.638	1338
230.646	1338
230.655	1338
230.657	1338
230.664	1338
230.674	1338
230.674	1338
230.675	1338
230.685	1338
230.692	1338
230.693	1338
230.703	1338
230.71	1338
230.718	1338
230.72	1338
230.728	1338
230.738	1338
230.739	1338
230.746	1338
230.755	1338
230.763	1338
230.773	1338
230.78	1338
230.781	1338
230.79	1338
230.798	1338
230.799	1338
230.809	1338
230.817	1338
230.818	1338
230.827	1338
230.833	1338
230.834	1338
230.841	1338
230.848	1338
230.849	1338
230.856	1338
230.862	1338
230.863	1338
230.87	1338
230.876	1338
230.877	1338
230.885	1338
230.891	1338
230.891	1338
230.899	1338
230.905	1338
230.912	1338
230.918	1338
230.925	1338
230.93	1338
230.941	1338
230.953	1338
230.955	1338
230.965	1338
230.977	1338
230.979	1338
230.989	1338
231.001	1338
231.003	1338
231.014	1338
231.024	1338
231.026	1338
231.034	1338
231.043	1338
231.045	1338
231.053	1338
231.061	1338
231.062	1338
231.07	1361
231.079	1361
231.08	1369
231.088	1369
231.096	1387
231.097	1387
231.099	1387
231.108	1387
231.116	1387
231.123	1387
231.124	1387
231.133	1387
231.141	1387
231.15	1387
231.151	1387
231.161	1387
231.169	1387
231.17	1387
231.177	1387
231.185	1387
231.186	1387
231.195	1387
231.204	1387
231.205	1387
231.214	1387
231.224	1387
231.229	1387
231.242	1387
231.25	1387
231.259	1387
231.267	1387
231.268	1387
231.277	1387
231.285	1387
231.286	1387
231.294	1387
231.302	1387
231.303	1387
231.311	1387
231.319	1387
231.32	1387
231.329	1387
231.337	1387
231.339	1387
231.347	1387
231.354	1387
231.355	1387
231.364	1387
231.372	1387
231.374	1387
231.381	1387
231.39	1387
231.397	1387
231.398	1387
231.407	1387
231.414	1387
231.416	1387
231.424	1387
231.432	1387
231.433	1387
231.441	1387
231.45	1387
231.458	1387
231.46	1387
231.468	1387
231.475	1387
231.476	1387
231.484	1387
231.492	1387
231.494	1387
231.502	1387
231.51	1387
231.511	1387
231.52	1387
231.528	1387
231.535	1387
231.545	1387
231.546	1387
231.553	1387
231.562	1387
231.563	1387
231.571	1387
231.579	1387
231.588	1387
231.589	1387
231.597	1387
231.604	1387
231.605	1387
231.614	1387
231.621	1387
231.623	1387
231.631	1387
231.64	1387
231.641	1387
231.648	1387
231.649	1387
231.658	1387
231.664	1387
231.665	1387
231.673	1387
231.678	1387
231.679	1387
231.686	1387
231.693	1387
231.694	1387
231.699	1387
231.706	1387
231.708	1387
231.716	1387
231.721	1387
231.725	1387
231.735	1387
231.741	1387
231.742	1387
231.753	1387
231.759	1387
231.76	1387
231.772	1387
231.782	1387
231.783	1387
231.795	1387
231.805	1387
231.807	1387
231.808	1387
231.819	1387
231.831	1387
231.833	1387
231.842	1387
231.853	1387
231.855	1387
231.867	1387
231.875	1387
231.882	1387
231.883	1387
231.891	1387
231.9	1429
231.908	1429
231.909	1429
231.911	1429
231.918	1435
231.926	1435
231.928	1435
231.935	1435
231.943	1435
231.944	1435
231.951	1435
231.959	1435
231.96	1435
231.969	1435
231.97	1435
231.977	1435
231.978	1435
231.987	1435
231.994	1435
231.995	1435
232.004	1435
232.012	1435
232.012	1435
232.021	1435
232.022	1435
232.03	1435
232.031	1435
232.039	1435
232.047	1435
232.055	1435
232.056	1435
232.063	1435
232.071	1435
232.072	1435
232.081	1435
232.087	1435
232.089	1435
232.096	1435
232.105	1435
232.105	1435
232.113	1435
232.122	1435
232.123	1435
232.13	1435
232.139	1435
232.14	1435
232.147	1435
232.156	1435
232.164	1435
232.165	1435
232.172	1435
232.18	1435
232.181	1435
232.189	1435
232.196	1435
232.204	1435
232.205	1435
232.213	1435
232.222	1435
232.223	1435
232.231	1435
232.238	1435
232.239	1435
232.247	1435
232.256	1435
232.263	1435
232.271	1435
232.272	1435
232.281	1435
232.288	1435
232.289	1435
232.298	1435
232.304	1435
232.306	1435
232.313	1435
232.322	1435
232.33	1435
232.337	1435
232.338	1435
232.347	1435
232.355	1435
232.356	1435
232.363	1435
232.371	1435
232.38	1435
232.381	1435
232.388	1435
232.395	1435
232.397	1435
232.405	1435
232.413	1435
232.414	1435
232.421	1435
232.429	1435
232.43	1435
232.439	1435
232.446	1435
232.447	1435
232.455	1435
232.463	1435
232.471	1435
232.473	1435
232.481	1435
232.49	1435
232.49	1435
232.497	1435
232.502	1435
232.505	1435
232.51	1435
232.516	1435
232.522	1435
232.529	1435
232.53	1435
232.537	1435
232.544	1435
232.544	1435
232.545	1435
232.553	1435
232.56	1435
232.56	1435
232.567	1435
232.575	1435
232.575	1435
232.585	1435
232.592	1435
232.593	1435
232.604	1435
232.614	1435
232.616	1435
232.626	1435
232.636	1435
232.638	1435
232.64	1435
232.651	1435
232.662	1435
232.663	1435
232.674	1435
232.683	1435
232.685	1435
232.686	1435
232.697	1435
232.707	1435
232.716	1435
232.717	1435
232.724	1435
232.732	1435
232.733	1435
232.742	1435
232.749	1435
232.757	1435
232.758	1435
232.759	1435
232.768	1435
232.776	1435
232.783	1435
232.791	1435
232.793	1435
232.8	1435
232.807	1435
232.808	1435
232.817	1435
232.818	1435
232.826	1435
232.833	1435
232.841	1435
232.842	1435
232.85	1435
232.851	1435
232.859	1435
232.86	1435
232.868	1435
232.876	1435
232.877	1435
232.885	1435
232.894	1435
232.895	1435
232.903	1435
232.911	1435
232.912	1435
232.92	1435
232.928	1435
232.928	1435
232.937	1435
232.943	1435
232.951	1435
232.952	1435
232.96	1435
232.969	1435
232.97	1435
232.978	1435
232.986	1435
232.987	1435
232.994	1435
233.003	1435
233.01	1435
233.019	1435
233.02	1435
233.021	1435
233.029	1435
233.036	1435
233.037	1435
233.046	1435
233.053	1435
233.055	1435
233.056	1435
233.064	1435
233.071	1435
233.072	1435
233.08	1435
233.087	1435
233.096	1435
233.104	1435
233.105	1435
233.112	1435
233.121	1435
233.122	1435
233.129	1435
233.137	1435
233.138	1435
233.146	1435
233.148	1435
233.155	1435
233.163	1435
233.164	1435
233.173	1435
233.181	1435
233.181	1435
233.189	1435
233.198	1435
233.199	1435
233.207	1435
233.213	1435
233.215	1435
233.222	1435
233.231	1435
233.232	1435
233.24	1435
233.248	1435
233.256	1435
233.257	1435
233.264	1435
233.272	1435
233.28	1435
233.281	1435
233.29	1435
233.298	1435
233.304	1435
233.313	1435
233.314	1435
233.321	1435
233.329	1435
233.33	1435
233.332	1435
233.338	1435
233.344	1435
233.346	1435
233.352	1435
233.359	1435
233.36	1435
233.366	1435
233.371	1435
233.372	1435
233.379	1435
233.385	1435
233.385	1435
233.393	1435
233.399	1435
233.4	1435
233.406	1435
233.414	1435
233.414	1435
233.421	1435
233.429	1435
233.429	1435
233.439	1435
233.449	1435
233.451	1435
233.461	1435
233.471	1435
233.473	1435
233.483	1435
233.493	1435
233.494	1435
233.505	1435
233.515	1441
233.517	1441
233.527	1441
233.538	1441
233.539	1441
233.55	1441
233.558	1441
233.565	1441
233.574	1441
233.575	1441
233.583	1441
233.591	1441
233.592	1441
233.599	1441
233.608	1441
233.615	1441
233.616	1441
233.624	1441
233.633	1441
233.634	1441
233.641	1441
233.648	1441
233.651	1441
233.657	1441
233.666	1441
233.667	1441
233.675	1441
233.683	1441
233.686	1441
233.694	1441
233.706	1441
233.712	1441
233.719	1441
233.728	1441
233.738	1441
233.741	1441
233.753	1441
233.76	1441
233.761	1441
233.769	1441
233.777	1441
233.778	1441
233.787	1441
233.794	1441
233.795	1441
233.803	1441
233.811	1441
233.812	1441
233.821	1441
233.828	1441
233.83	1441
233.837	1441
233.845	1441
233.846	1441
233.853	1441
233.862	1441
233.863	1441
233.871	1441
233.878	1441
233.887	1441
233.895	1441
233.901	1441
233.903	1441
233.91	1441
233.918	1441
233.919	1441
233.928	1441
233.929	1441
233.937	1441
233.938	1441
233.945	1441
233.953	1441
233.954	1441
233.962	1441
233.971	1441
233.979	1441
233.986	1441
233.988	1441
233.994	1441
234.002	1441
234.003	1441
234.012	1441
234.019	1441
234.028	1441
234.036	1441
234.037	1441
234.044	1441
234.052	1441
234.053	1441
234.06	1441
234.068	1441
234.069	1441
234.077	1441
234.078	1441
234.086	1441
234.094	1441
234.095	1441
234.103	1441
234.111	1441
234.112	1441
234.121	1441
234.128	1441
234.137	1441
234.143	1441
234.151	1441
234.152	1441
234.16	1441
234.168	1441
234.169	1441
234.177	1441
234.178	1441
234.185	1441
234.191	1441
234.192	1441
234.199	1441
234.205	1441
234.211	1441
234.212	1441
234.217	1441
234.225	1441
234.225	1441
234.231	1441
234.237	1441
234.239	1441
234.249	1441
234.255	1441
234.258	1441
234.264	1441
234.271	1441
234.276	1441
234.282	1441
234.292	1441
234.294	1441
234.304	1441
234.314	1441
234.315	1441
234.327	1441
234.336	1441
234.339	1441
234.348	1441
234.358	1441
234.36	1441
234.37	1441
234.381	1441
234.389	1441
234.397	1441
234.404	1441
234.413	1441
234.414	1441
234.421	1441
234.43	1441
234.437	1441
234.438	1441
234.446	1441
234.454	1441
234.461	1441
234.463	1441
234.47	1441
234.479	1441
234.48	1441
234.488	1441
234.495	1441
234.496	1441
234.505	1441
234.513	1441
234.514	1441
234.521	1441
234.529	1441
234.53	1441
234.539	1441
234.545	1441
234.546	1441
234.554	1441
234.562	1441
234.563	1441
234.572	1441
234.579	1441
234.58	1441
234.589	1441
234.597	1441
234.598	1441
234.606	1441
234.614	1441
234.615	1441
234.621	1441
234.629	1441
234.63	1441
234.638	1441
234.646	1441
234.647	1441
234.658	1441
234.665	1441
234.674	1441
234.682	1441
234.689	1441
234.698	1441
234.698	1441
234.706	1441
234.713	1441
234.715	1441
234.723	1441
234.731	1441
234.732	1441
234.74	1441
234.748	1441
234.755	1441
234.756	1441
234.764	1441
234.773	1441
234.774	1441
234.781	1441
234.788	1441
234.79	1441
234.798	1441
234.806	1441
234.814	1441
234.822	1441
234.823	1441
234.831	1441
234.832	1441
234.84	1441
234.841	1441
234.849	1441
234.857	1441
234.858	1441
234.866	1441
234.874	1441
234.881	1441
234.882	1441
234.889	1441
234.897	1441
234.898	1441
234.906	1441
234.915	1441
234.922	1441
234.923	1441
234.932	1441
234.939	1441
234.94	1441
234.949	1441
234.956	1441
234.964	1441
234.965	1441
234.973	1441
234.974	1441
234.982	1441
234.99	1441
234.998	1441
234.999	1441
235.007	1441
235.015	1441
235.016	1441
235.021	1441
235.028	1441
235.029	1441
235.035	1441
235.04	1441
235.048	1441
235.049	1441
235.055	1441
235.06	1441
235.066	1441
235.067	1441
235.074	1441
235.08	1441
235.083	1441
235.09	1441
235.096	1441
235.098	1441
235.105	1441
235.11	1441
235.12	1441
235.13	1441
235.141	1441
235.143	1441
235.152	1441
235.163	1441
235.164	1441
235.176	1441
235.185	1441
235.187	1441
235.198	1441
235.209	1441
235.219	1441
235.221	1441
235.23	1441
235.239	1441
235.24	1441
235.241	1441
235.248	1441
235.257	1441
235.258	1441
235.265	1441
235.273	1441
235.28	1441
235.282	1441
235.289	1449
235.298	1449
235.299	1449
235.307	1462
235.308	1462
235.315	1462
235.316	1462
235.325	1462
235.331	1462
235.333	1462
235.34	1462
235.349	1462
235.35	1462
235.351	1462
235.358	1462
235.366	1462
235.368	1462
235.375	1462
235.382	1462
235.383	1462
235.391	1462
235.399	1462
235.4	1462
235.408	1462
235.415	1462
235.417	1462
235.424	1462
235.433	1462
235.434	1462
235.442	1462
235.449	1462
235.451	1462
235.457	1462
235.466	1462
235.467	1462
235.474	1462
235.483	1462
235.484	1462
235.491	1462
235.498	1462
235.499	1462
235.507	1462
235.515	1462
235.516	1462
235.525	1462
235.531	1462
235.532	1462
235.54	1462
235.548	1462
235.55	1462
235.557	1462
235.564	1462
235.565	1462
235.573	1462
235.581	1462
235.582	1462
235.59	1462
235.598	1462
235.606	1462
235.609	1462
235.616	1462
235.623	1462
235.631	1462
235.639	1462
235.64	1462
235.648	1462
235.655	1462
235.656	1462
235.664	1462
235.672	1462
235.674	1462
235.681	1462
235.689	1462
235.697	1462
235.698	1462
235.706	1462
235.713	1462
235.714	1462
235.722	1462
235.729	1462
235.73	1462
235.739	1462
235.746	1462
235.751	1462
235.759	1462
235.767	1462
235.774	1462
235.775	1462
235.783	1462
235.79	1462
235.791	1462
235.8	1462
235.807	1462
235.808	1462
235.816	1462
235.823	1462
235.824	1462
235.833	1462
235.834	1462
235.841	1462
235.85	1462
235.851	1462
235.852	1462
235.86	1462
235.865	1462
235.866	1462
235.872	1462
235.879	1462
235.88	1462
235.885	1462
235.891	1462
235.892	1462
235.898	1462
235.906	1462
235.907	1462
235.913	1462
235.919	1462
235.92	1462
235.926	1462
235.931	1462
235.932	1462
235.938	1462
235.947	1462
235.947	1462
235.957	1462
235.965	1462
235.966	1462
235.975	1462
235.986	1462
235.987	1462
235.997	1462
236.009	1462
236.01	1462
236.02	1462
236.031	1462
236.032	1462
236.042	1462
236.053	1462
236.063	1462
236.072	1462
236.075	1462
236.082	1462
236.09	1462
236.098	1462
236.099	1462
236.1	1462
236.108	1462
236.115	1462
236.115	1462
236.124	1462
236.125	1462
236.133	1462
236.134	1462
236.142	1462
236.15	1462
236.15	1462
236.157	1462
236.165	1462
236.167	1462
236.174	1462
236.183	1462
236.184	1462
236.191	1462
236.198	1462
236.199	1462
236.208	1462
236.215	1462
236.216	1462
236.225	1462
236.232	1462
236.234	1462
236.24	1462
236.249	1462
236.249	1462
236.257	1462
236.265	1462
236.267	1462
236.274	1462
236.281	1462
236.282	1462
236.29	1462
236.299	1462
236.3	1462
236.306	1462
236.315	1462
236.316	1462
236.324	1462
236.331	1462
236.333	1462
236.341	1462
236.348	1462
236.349	1462
236.357	1462
236.365	1462
236.373	1462
236.379	1462
236.388	1462
236.389	1462
236.397	1462
236.405	1462
236.406	1462
236.407	1462
236.414	1462
236.421	1462
236.422	1462
236.43	1462
236.438	1462
236.44	1462
236.447	1462
236.455	1462
236.462	1462
236.463	1462
236.472	1462
236.48	1462
236.481	1462
236.488	1462
236.496	1462
236.496	1462
236.505	1462
236.513	1462
236.517	1462
236.528	1462
236.534	1462
236.543	1462
236.551	1462
236.558	1462
236.559	1462
236.569	1462
236.576	1462
236.576	1462
236.584	1462
236.592	1462
236.593	1462
236.601	1462
236.608	1462
236.617	1462
236.618	1462
236.625	1462
236.634	1462
236.641	1462
236.642	1462
236.65	1462
236.658	1462
236.659	1462
236.667	1462
236.674	1462
236.681	1462
236.682	1462
236.69	1462
236.697	1462
236.698	1462
236.703	1462
236.71	1462
236.711	1462
236.716	1462
236.723	1462
236.724	1462
236.73	1462
236.736	1462
236.737	1462
236.743	1462
236.75	1462
236.751	1462
236.756	1462
236.763	1462
236.764	1462
236.77	1462
236.776	1462
236.777	1462
236.785	1462
236.795	1462
236.796	1462
236.806	1462
236.816	1462
236.817	1462
236.828	1462
236.838	1462
236.839	1462
236.849	1462
236.861	1462
236.862	1462
236.872	1462
236.882	1462
236.883	1462
236.894	1462
236.905	1462
236.906	1462
236.914	1462
236.92	1462
236.923	1462
236.929	1462
236.937	1462
236.946	1462
236.947	1462
236.954	1462
236.955	1462
236.963	1462
236.971	1462
236.972	1462
236.973	1462
236.981	1462
236.989	1462
236.99	1462
236.998	1462
237.005	1462
237.013	1462
237.014	1462
237.024	1462
237.025	1462
237.035	1462
237.036	1462
237.044	1462
237.052	1462
237.053	1462
237.06	1462
237.068	1462
237.069	1462
237.078	1462
237.086	1462
237.098	1462
237.106	1462
237.114	1462
237.121	1462
237.122	1462
237.131	1462
237.137	1462
237.139	1462
237.147	1462
237.154	1462
237.155	1462
237.163	1462
237.172	1462
237.172	1462
237.179	1462
237.181	1462
237.189	1462
237.197	1462
237.197	1462
237.205	1462
237.213	1462
237.214	1462
237.222	1462
237.229	1462
237.23	1462
237.238	1462
237.246	1462
237.247	1462
237.255	1462
237.263	1462
237.264	1462
237.271	1462
237.279	1462
237.28	1462
237.288	1462
237.295	1462
237.296	1462
237.305	1462
237.312	1462
237.313	1462
237.321	1462
237.329	1462
237.331	1462
237.337	1462
237.346	1462
237.347	1462
237.355	1462
237.363	1462
237.364	1462
237.371	1462
237.379	1462
237.379	1462
237.387	1462
237.396	1462
237.402	1462
237.403	1462
237.412	1462
237.428	1462
237.43	1462
237.437	1462
237.447	1462
237.449	1462
237.456	1462
237.465	1462
237.467	1462
237.474	1462
237.482	1462
237.492	1462
237.499	1462
237.507	1462
237.515	1462
237.516	1462
237.525	1462
237.532	1462
237.537	1462
237.538	1462
237.544	1462
237.552	1462
237.553	1462
237.559	1462
237.565	1462
237.566	1462
237.572	1462
237.58	1462
237.582	1462
237.592	1462
237.601	1462
237.601	1462
237.608	1462
237.614	1462
237.615	1462
237.621	1462
237.627	1462
237.628	1462
237.635	1462
237.64	1462
237.642	1462
237.653	1462
237.663	1462
237.665	1462
237.675	1462
237.685	1462
237.686	1462
237.697	1462
237.706	1462
237.708	1462
237.719	1462
237.73	1462
237.73	1462
237.741	1462
237.751	1462
237.759	1462
237.76	1462
237.775	1462
237.781	1462
237.782	1462
237.79	1462
237.792	1462
237.802	1462
237.809	1462
237.812	1462
237.818	1462
237.832	1462
237.834	1462
237.842	1462
237.849	1462
237.85	1462
237.859	1462
237.867	1462
237.872	1462
237.882	1462
237.891	1462
237.899	1462
237.909	1462
237.916	1462
237.924	1462
237.925	1462
237.934	1462
237.94	1462
237.942	1462
237.95	1462
237.958	1462
237.959	1462
237.967	1462
237.975	1462
237.976	1462
237.983	1462
237.992	1462
237.993	1462
238	1462
238.007	1462
238.008	1462
238.016	1462
238.025	1462
238.026	1462
238.034	1462
238.04	1462
238.041	1462
238.049	1462
238.057	1462
238.058	1462
238.067	1462
238.074	1462
238.076	1462
238.083	1462
238.09	1462
238.091	1462
238.1	1462
238.107	1462
238.109	1462
238.116	1462
238.124	1462
238.125	1462
238.132	1462
238.14	1462
238.141	1462
238.149	1462
238.156	1462
238.157	1462
238.166	1454
238.174	1454
238.18	1454
238.182	1454
238.189	1454
238.198	1454
238.199	1454
238.206	1454
238.214	1454
238.215	1454
238.224	1454
238.231	1454
238.233	1454
238.24	1454
238.247	1454
238.248	1454
238.256	1454
238.264	1454
238.265	1454
238.273	1454
238.28	1454
238.283	1454
238.289	1454
238.297	1454
238.298	1454
238.31	1454
238.319	1454
238.326	1454
238.334	1454
238.341	1454
238.342	1454
238.351	1454
238.358	1454
238.359	1454
238.36	1454
238.369	1454
238.376	1454
238.377	1454
238.384	1454
238.39	1454
238.391	1454
238.399	1454
238.404	1454
238.405	1454
238.411	1454
238.418	1454
238.424	1454
238.425	1454
238.43	1454
238.437	1454
238.438	1454
238.444	1454
238.451	1454
238.452	1454
238.457	1454
238.464	1454
238.465	1454
238.471	1454
238.481	1454
238.482	1454
238.491	1454
238.503	1454
238.504	1454
238.515	1454
238.525	1454
238.526	1454
238.536	1454
238.547	1454
238.549	1454
238.558	1454
238.568	1454
238.571	1454
238.581	1454
238.591	1454
238.592	1454
238.6	1454
238.602	1454
238.608	1454
238.616	1454
238.624	1454
238.625	1454
238.634	1454
238.641	1454
238.649	1454
238.656	1454
238.665	1454
238.666	1454
238.674	1454
238.681	1454
238.683	1454
238.69	1454
238.697	1454
238.698	1454
238.707	1454
238.715	1454
238.716	1454
238.724	1454
238.73	1454
238.732	1454
238.74	1454
238.748	1454
238.748	1454
238.756	1454
238.764	1454
238.765	1454
238.774	1454
238.78	1395
238.782	1395
238.791	1395
238.798	1395
238.799	1395
238.807	1395
238.815	1395
238.816	1395
238.825	1395
238.833	1395
238.835	1395
238.843	1395
238.851	1395
238.852	1395
238.86	1395
238.867	1395
238.868	1395
238.877	1395
238.885	1395
238.887	1395
238.894	1395
238.902	1395
238.903	1395
238.912	1395
238.919	1395
238.928	1395
238.93	1395
238.938	1395
238.946	1395
238.954	1395
238.955	1395
238.963	1395
238.971	1395
238.979	1395
238.986	1395
238.987	1395
238.997	1395
239.005	1395
239.013	1395
239.014	1395
239.021	1395
239.029	1395
239.038	1395
239.039	1395
239.214	1395
239.221	1395
239.229	1395
239.237	1395
239.238	1395
239.316	1395
239.325	1395
239.326	1395
239.333	1395
239.341	1395
239.342	1395
239.418	1395
239.426	1395
239.427	1395
239.436	1395
239.444	1395
239.445	1395
239.453	1395
239.461	1395
239.462	1395
239.471	1395
239.479	1395
239.48	1395
239.488	1395
239.496	1395
239.497	1395
239.505	1395
239.513	1395
239.515	1395
239.523	1395
239.531	1395
239.532	1395
239.54	1395
239.548	1395
239.549	1395
239.557	1395
239.565	1395
239.567	1395
239.575	1395
239.582	1395
239.583	1395
239.592	1395
239.599	1395
239.6	1395
239.609	1395
239.617	1395
239.619	1395
239.626	1395
239.635	1395
239.636	1395
239.644	1395
239.652	1395
239.653	1395
239.66	1395
239.669	1395
239.671	1395
239.678	1395
239.687	1395
239.688	1395
239.695	1395
239.703	1395
239.704	1395
239.712	1395
239.721	1395
239.722	1395
239.73	1395
239.738	1395
239.739	1395
239.745	1395
239.753	1395
239.754	1395
239.76	1395
239.766	1395
239.767	1395
239.774	1395
239.78	1395
239.781	1395
239.788	1395
239.794	1395
239.795	1395
239.802	1395
239.808	1395
239.809	1395
239.816	1395
239.822	1395
239.823	1395
239.83	1395
239.836	1395
239.837	1395
239.842	1395
239.854	1395
239.856	1395
239.866	1395
239.876	1395
239.878	1395
239.889	1395
239.899	1395
239.901	1395
239.913	1395
239.924	1395
239.925	1395
239.936	1395
239.947	1395
239.948	1395
239.956	1395
239.964	1395
239.965	1395
239.972	1395
239.98	1395
239.982	1395
239.99	1395
239.998	1395
239.999	1395
240.008	1395
240.015	1395
240.016	1395
240.025	1395
240.033	1395
240.035	1395
240.043	1395
240.05	1395
240.051	1395
240.06	1395
240.068	1395
240.069	1395
240.077	1395
240.085	1395
240.086	1395
240.095	1395
240.103	1395
240.104	1395
240.111	1395
240.119	1395
240.12	1395
240.129	1395
240.137	1395
240.138	1395
240.146	1395
240.155	1395
240.156	1395
240.163	1395
240.171	1395
240.172	1395
240.182	1395
240.193	1395
240.194	1395
240.201	1395
240.21	1395
240.218	1395
240.219	1395
240.228	1395
240.235	1395
240.238	1395
240.245	1395
240.253	1395
240.255	1395
240.263	1395
240.271	1395
240.271	1395
240.279	1395
240.289	1395
240.29	1395
240.291	1395
240.298	1395
240.306	1395
240.307	1395
240.315	1395
240.323	1395
240.331	1395
240.339	1395
240.346	1395
240.355	1395
240.356	1395
240.364	1395
240.372	1395
240.372	1395
240.381	1395
240.389	1395
240.391	1395
240.399	1395
240.406	1395
240.407	1395
240.415	1395
240.423	1395
240.424	1395
240.433	1395
240.44	1395
240.442	1395
240.45	1395
240.458	1395
240.46	1395
240.468	1395
240.475	1395
240.476	1395
240.484	1395
240.493	1395
240.494	1395
240.502	1395
240.51	1395
240.511	1395
240.519	1395
240.52	1395
240.528	1395
240.53	1395
240.539	1395
240.547	1395
240.548	1395
240.556	1395
240.563	1395
240.564	1395
240.571	1395
240.578	1395
240.579	1395
240.589	1395
240.589	1395
240.596	1395
240.602	1395
240.603	1395
240.611	1395
240.617	1395
240.618	1395
240.625	1395
240.631	1395
240.632	1395
240.64	1395
240.645	1395
240.649	1395
240.656	1395
240.662	1395
240.665	1395
240.674	1395
240.685	1395
240.687	1395
240.697	1395
240.708	1395
240.719	1395
240.731	1395
240.732	1395
240.743	1395
240.753	1395
240.754	1395
240.765	1395
240.777	1395
240.785	1395
240.786	1395
240.794	1395
240.801	1314
240.811	1314
240.819	1314
240.827	1314
240.829	1314
240.837	1314
240.847	1314
240.848	1314
240.856	1314
240.864	1314
240.865	1314
240.875	1314
240.883	1314
240.884	1314
240.893	1314
240.901	1314
240.902	1314
240.912	1314
240.92	1314
240.922	1314
240.929	1314
240.938	1314
240.939	1314
240.948	1314
240.956	1314
240.957	1314
240.967	1314
240.976	1314
240.977	1314
240.984	1314
240.994	1314
240.995	1314
241.003	1314
241.011	1314
241.013	1314
241.021	1314
241.03	1314
241.031	1314
241.041	1314
241.049	1314
241.051	1314
241.059	1314
241.068	1314
241.069	1314
241.078	1314
241.086	1314
241.087	1314
241.096	1314
241.105	1314
241.113	1314
241.114	1314
241.116	1314
241.124	1314
241.132	1314
241.133	1314
241.142	1314
241.151	1314
241.153	1314
241.16	1314
241.169	1314
241.17	1314
241.179	1314
241.187	1314
241.196	1314
241.197	1314
241.207	1314
241.215	1314
241.216	1314
241.225	1314
241.234	1314
241.235	1314
241.242	1314
241.251	1314
241.252	1314
241.262	1314
241.269	1314
241.271	1314
241.279	1314
241.289	1314
241.29	1314
241.299	1314
241.306	1314
241.308	1314
241.316	1314
241.325	1314
241.326	1314
241.335	1314
241.343	1314
241.344	1314
241.354	1314
241.362	1314
241.37	1314
241.371	1314
241.38	1314
241.39	1314
241.391	1314
241.399	1314
241.407	1314
241.408	1314
241.415	1314
241.423	1314
241.43	1314
241.431	1314
241.437	1314
241.443	1314
241.444	1314
241.451	1314
241.459	1314
241.46	1314
241.47	1314
241.478	1314
241.479	1314
241.488	1314
241.501	1314
241.507	1314
241.508	1314
241.515	1314
241.526	1314
241.527	1314
241.539	1314
241.55	1314
241.552	1314
241.563	1314
241.575	1314
241.586	1314
241.588	1314
241.6	1314
241.612	1314
241.614	1314
241.621	1314
241.631	1314
241.632	1314
241.641	1314
241.648	1314
241.649	1314
241.659	1314
241.668	1314
241.676	1314
241.685	1314
241.686	1314
241.695	1314
241.703	1314
241.704	1314
241.712	1314
241.713	1314
241.722	1314
241.723	1314
241.732	1314
241.74	1314
241.743	1314
241.75	1314
241.759	1314
241.76	1314
241.77	1314
241.778	1314
241.779	1314
241.787	1314
241.797	1314
241.798	1314
241.805	1314
241.814	1314
241.815	1314
241.824	1314
241.832	1314
241.835	1314
241.843	1314
241.852	1314
241.852	1314
241.861	1314
241.869	1314
241.87	1314
241.88	1314
241.888	1314
241.897	1314
241.899	1314
241.906	1314
241.916	1314
241.917	1314
241.926	1314
241.934	1314
241.935	1314
241.943	1314
241.952	1314
241.961	1314
241.962	1314
241.971	1314
241.98	1314
241.981	1314
241.989	1314
241.997	1314
241.998	1314
242.007	1314
242.015	1314
242.024	1314
242.025	1314
242.035	1314
242.043	1314
242.051	1314
242.06	1314
242.068	1314
242.069	1314
242.079	1314
242.088	1314
242.089	1314
242.097	1314
242.105	1314
242.106	1314
242.115	1314
242.123	1314
242.125	1314
242.134	1314
242.143	1314
242.144	1314
242.152	1314
242.16	1314
242.162	1314
242.171	1314
242.179	1314
242.18	1314
242.19	1314
242.197	1314
242.198	1314
242.207	1314
242.217	1314
242.218	1314
242.226	1314
242.234	1314
242.235	1314
242.245	1314
242.252	1314
242.253	1314
242.26	1314
242.266	1314
242.266	1314
242.273	1314
242.281	1314
242.282	1314
242.289	1314
242.296	1314
242.299	1314
242.305	1314
242.312	1314
242.32	1314
242.321	1314
242.328	1314
242.335	1314
242.336	1314
242.342	1314
242.353	1314
242.355	1314
242.367	1314
242.378	1314
242.379	1314
242.392	1314
242.403	1338
242.405	1338
242.416	1345
242.427	1345
242.429	1345
242.439	1345
242.451	1345
242.459	1345
242.46	1345
242.469	1345
242.477	1345
242.485	1345
242.486	1345
242.495	1345
242.504	1345
242.513	1345
242.514	1345
242.521	1345
242.53	1345
242.532	1345
242.533	1345
242.54	1345
242.549	1345
242.557	1345
242.558	1345
242.567	1345
242.576	1345
242.577	1345
242.586	1345
242.593	1345
242.603	1345
242.604	1345
242.611	1345
242.621	1345
242.622	1345
242.63	1345
242.638	1345
242.639	1345
242.647	1345
242.657	1345
242.658	1345
242.666	1345
242.675	1345
242.676	1345
242.683	1345
242.693	1345
242.694	1345
242.702	1345
242.71	1345
242.711	1345
242.719	1345
242.729	1345
242.73	1345
242.738	1345
242.747	1345
242.748	1345
242.756	1345
242.765	1345
242.766	1345
242.773	1345
242.782	1345
242.783	1345
242.791	1345
242.801	1345
242.809	1345
242.81	1345
242.818	1345
242.826	1345
242.835	1345
242.843	1345
242.851	1345
242.853	1345
242.862	1345
242.869	1345
242.87	1345
242.879	1345
242.888	1345
242.889	1345
242.898	1345
242.906	1345
242.914	1345
242.915	1345
242.924	1345
242.933	1345
242.934	1345
242.941	1345
242.951	1345
242.952	1345
242.96	1345
242.968	1345
242.969	1345
242.977	1345
242.986	1345
242.987	1345
242.996	1345
243.004	1345
243.005	1345
243.013	1345
243.022	1345
243.023	1345
243.032	1345
243.04	1345
243.041	1345
243.05	1345
243.059	1345
243.06	1345
243.068	1345
243.076	1345
243.084	1345
243.085	1345
243.092	1345
243.099	1345
243.1	1345
243.107	1345
243.114	1345
243.115	1345
243.121	1345
243.128	1345
243.129	1345
243.135	1345
243.143	1345
243.144	1345
243.15	1345
243.158	1345
243.165	1345
243.166	1345
243.173	1345
243.18	1345
243.181	1345
243.188	1345
243.2	1345
243.201	1345
243.213	1345
243.223	1345
243.224	1345
243.237	1345
243.238	1345
243.248	1345
243.25	1345
243.262	1345
243.273	1345
243.275	1345
243.285	1345
243.296	1345
243.298	1345
243.306	1345
243.314	1345
243.316	1345
243.325	1345
243.332	1345
243.341	1345
243.349	1345
243.359	1345
243.36	1345
243.368	1345
243.377	1345
243.378	1345
243.379	1345
243.387	1345
243.396	1345
243.397	1345
243.405	1345
243.414	1345
243.415	1345
243.422	1345
243.432	1345
243.433	1345
243.44	1345
243.449	1345
243.45	1345
243.459	1345
243.467	1345
243.468	1345
243.477	1345
243.486	1345
243.487	1345
243.494	1345
243.503	1345
243.504	1345
243.512	1345
243.522	1345
243.523	1345
243.531	1345
243.539	1345
243.54	1345
243.549	1345
243.557	1345
243.558	1345
243.567	1345
243.576	1345
243.577	1345
243.585	1345
243.593	1345
243.594	1345
243.602	1345
243.612	1345
243.613	1345
243.621	1345
243.63	1345
243.638	1345
243.64	1345
243.647	1345
243.656	1345
243.668	1345
243.675	1345
243.683	1345
243.693	1345
243.694	1345
243.702	1345
243.71	1345
243.712	1345
243.72	1345
243.728	1345
243.736	1345
243.737	1345
243.747	1345
243.755	1345
243.762	1345
243.764	1345
243.772	1345
243.78	1345
243.782	1345
243.79	1345
243.799	1345
243.8	1345
243.808	1345
243.817	1345
243.818	1345
243.826	1345
243.841	1345
243.848	1345
243.849	1345
243.858	1345
243.867	1345
243.867	1345
243.877	1345
243.885	1345
243.886	1345
243.895	1345
243.902	1345
243.91	1345
243.912	1345
243.92	1345
243.929	1345
243.93	1345
243.931	1345
243.938	1345
243.945	1345
243.946	1345
243.952	1345
243.959	1345
243.96	1345
243.967	1345
243.973	1345
243.975	1345
243.981	1345
243.988	1345
243.989	1345
243.995	1345
244.002	1345
244.002	1345
244.009	1345
244.016	1345
244.017	1345
244.023	1345
244.035	1345
244.036	1345
244.047	1345
244.06	1345
244.061	1345
244.072	1345
244.084	1345
244.094	1345
244.095	1345
244.107	1345
244.119	1345
244.13	1345
244.132	1345
244.139	1345
244.147	1345
244.149	1345
244.157	1345
244.158	1345
244.168	1345
244.175	1345
244.184	1345
244.186	1345
244.194	1345
244.201	1345
244.203	1345
244.211	1345
244.219	1345
244.221	1345
244.23	1345
244.239	1345
244.24	1345
244.248	1345
244.257	1345
244.258	1345
244.266	1345
244.274	1345
244.275	1345
244.283	1345
244.292	1345
244.293	1345
244.302	1345
244.311	1345
244.312	1345
244.32	1345
244.328	1345
244.329	1345
244.337	1345
244.347	1345
244.348	1345
244.356	1345
244.365	1345
244.366	1345
244.374	1345
244.383	1345
244.384	1345
244.392	1345
244.4	1345
244.409	1345
244.41	1345
244.419	1345
244.426	1345
244.427	1345
244.436	1345
244.445	1345
244.446	1345
244.455	1345
244.462	1345
244.47	1345
244.48	1345
244.488	1345
244.489	1345
244.497	1345
244.506	1345
244.514	1345
244.522	1345
244.523	1345
244.533	1345
244.541	1345
244.542	1345
244.55	1345
244.559	1345
244.566	1345
244.576	1345
244.577	1345
244.584	1345
244.594	1345
244.595	1345
244.603	1345
244.612	1345
244.613	1345
244.621	1345
244.63	1345
244.631	1345
244.639	1345
244.647	1345
244.649	1345
244.657	1345
244.666	1314
244.667	1314
244.676	1314
244.684	1314
244.685	1314
244.693	1314
244.702	1314
244.703	1314
244.711	1314
244.721	1314
244.73	1314
244.731	1314
244.739	1314
244.747	1314
244.748	1314
244.758	1314
244.766	1314
244.767	1314
244.773	1314
244.785	1314
244.792	1314
244.793	1314
244.8	1314
244.806	1314
244.807	1314
244.815	1314
244.821	1314
244.823	1314
244.83	1314
244.836	1314
244.838	1314
244.846	1314
244.853	1314
244.856	1314
244.863	1314
244.873	1314
244.881	1314
244.892	1314
244.902	1314
244.914	1314
244.916	1314
244.927	1314
244.939	1314
244.941	1314
244.952	1314
244.964	1314
244.966	1314
244.976	1314
244.986	1314
244.987	1314
244.996	1314
245.004	1314
245.012	1314
245.013	1314
245.023	1314
245.023	1314
245.032	1314
245.041	1314
245.042	1314
245.05	1314
245.058	1314
245.06	1314
245.068	1314
245.077	1314
245.078	1314
245.088	1314
245.095	1314
245.097	1314
245.105	1314
245.114	1314
245.116	1314
245.125	1314
245.133	1314
245.134	1314
245.142	1314
245.152	1314
245.153	1314
245.161	1314
245.17	1314
245.171	1314
245.179	1314
245.187	1314
245.189	1314
245.197	1314
245.206	1314
245.207	1314
245.217	1314
245.224	1314
245.225	1314
245.235	1314
245.244	1314
245.245	1314
245.252	1314
245.262	1314
245.271	1314
245.272	1314
245.28	1314
245.288	1314
245.289	1314
245.299	1314
245.306	1314
245.309	1314
245.317	1314
245.326	1314
245.329	1314
245.337	1314
245.347	1314
245.355	1314
245.364	1314
245.372	1314
245.373	1314
245.382	1314
245.391	1314
245.392	1314
245.401	1314
245.409	1314
245.41	1314
245.419	1314
245.428	1314
245.43	1314
245.438	1314
245.446	1314
245.447	1314
245.457	1314
245.464	1314
245.465	1314
245.475	1314
245.484	1314
245.485	1314
245.493	1314
245.501	1314
245.502	1314
245.512	1314
245.52	1314
245.522	1314
245.529	1314
245.539	1314
245.54	1314
245.549	1314
245.557	1314
245.565	1314
245.575	1314
245.582	1314
245.583	1314
245.592	1314
245.602	1314
245.603	1314
245.609	1314
245.616	1314
245.617	1314
245.624	1314
245.631	1314
245.632	1314
245.638	1314
245.645	1314
245.646	1314
245.653	1314
245.664	1286
245.665	1286
245.674	1286
245.682	1286
245.683	1286
245.692	1286
245.699	1286
245.7	1286
245.711	1286
245.723	1286
245.725	1286
245.737	1286
245.748	1286
245.749	1286
245.761	1286
245.773	1286
245.776	1286
245.787	1294
245.798	1294
245.801	1294
245.81	1294
245.817	1294
245.827	1294
245.827	1308
245.836	1308
245.845	1327
245.847	1327
245.854	1327
245.864	1336
245.865	1336
245.866	1336
245.874	1336
245.883	1336
245.884	1336
245.892	1340
245.9	1344
245.901	1344
245.911	1344
245.919	1351
245.92	1351
245.929	1351
245.937	1351
245.938	1351
245.946	1351
245.955	1351
245.956	1351
245.964	1351
245.973	1351
245.974	1351
245.981	1351
245.991	1351
245.992	1351
246	1351
246.009	1351
246.01	1351
246.018	1351
246.027	1351
246.028	1351
246.036	1351
246.044	1351
246.045	1351
246.053	1351
246.061	1351
246.063	1351
246.071	1351
246.079	1351
246.082	1351
246.089	1351
246.098	1351
246.099	1351
246.108	1351
246.115	1351
246.116	1351
246.126	1351
246.134	1351
246.135	1351
246.144	1351
246.152	1351
246.153	1351
246.161	1351
246.17	1351
246.177	1351
246.186	1351
246.189	1351
246.197	1351
246.204	1351
246.213	1351
246.221	1351
246.223	1351
246.23	1351
246.239	1351
246.24	1351
246.248	1351
246.258	1351
246.259	1351
246.267	1351
246.276	1351
246.277	1351
246.284	1351
246.294	1351
246.302	1351
246.303	1351
246.311	1351
246.319	1351
246.321	1351
246.331	1351
246.339	1351
246.347	1351
246.357	1351
246.367	1351
246.368	1351
246.377	1351
246.385	1351
246.387	1351
246.394	1351
246.402	1351
246.411	1351
246.412	1351
246.421	1351
246.429	1351
246.43	1351
246.436	1351
246.443	1351
246.444	1351
246.451	1351
246.458	1351
246.465	1351
246.466	1351
246.473	1351
246.479	1351
246.48	1351
246.487	1351
246.494	1351
246.495	1351
246.501	1351
246.508	1351
246.509	1351
246.51	1351
246.517	1351
246.523	1351
246.524	1351
246.53	1351
246.537	1351
246.538	1351
246.549	1351
246.563	1351
246.564	1351
246.575	1351
246.586	1351
246.588	1351
246.6	1351
246.613	1351
246.623	1351
246.624	1351
246.636	1351
246.647	1351
246.648	1351
246.656	1351
246.665	1351
246.673	1351
246.682	1351
246.683	1351
246.691	1351
246.7	1351
246.708	1351
246.716	1351
246.717	1351
246.725	1351
246.735	1351
246.736	1351
246.744	1351
246.753	1351
246.754	1351
246.761	1351
246.771	1351
246.772	1351
246.779	1351
246.788	1351
246.789	1351
246.797	1351
246.805	1351
246.807	1351
246.815	1351
246.823	1351
246.825	1351
246.833	1351
246.842	1351
246.842	1351
246.851	1351
246.86	1351
246.861	1351
246.869	1351
246.878	1351
246.879	1351
246.887	1351
246.895	1351
246.896	1351
246.906	1351
246.914	1351
246.915	1351
246.923	1351
246.931	1351
246.932	1351
246.94	1351
246.95	1351
246.951	1351
246.958	1351
246.967	1351
246.968	1351
246.977	1351
246.985	1351
246.986	1351
246.995	1351
247.002	1351
247.004	1351
247.012	1351
247.02	1351
247.022	1351
247.023	1351
247.032	1351
247.041	1351
247.049	1351
247.056	1351
247.066	1351
247.081	1351
247.101	1351
247.111	1351
247.112	1351
247.12	1351
247.123	1351
247.131	1351
247.138	1351
247.147	1351
247.148	1351
247.156	1351
247.164	1351
247.166	1351
247.175	1351
247.183	1351
247.185	1351
247.193	1351
247.2	1351
247.202	1351
247.203	1351
247.211	1351
247.22	1351
247.228	1351
247.229	1351
247.23	1351
247.24	1351
247.248	1351
247.249	1351
247.258	1351
247.265	1351
247.266	1351
247.274	1351
247.28	1351
247.281	1351
247.288	1351
247.295	1351
247.296	1351
247.302	1351
247.308	1351
247.309	1351
247.316	1351
247.322	1351
247.323	1351
247.331	1351
247.338	1351
247.339	1351
247.344	1351
247.355	1351
247.355	1351
247.365	1351
247.377	1351
247.387	1351
247.389	1351
247.4	1351
247.411	1351
247.412	1351
247.424	1351
247.436	1351
247.446	1351
247.447	1351
247.459	1351
247.47	1351
247.479	1351
247.479	1351
247.487	1351
247.496	1351
247.497	1351
247.506	1351
247.508	1351
247.516	1351
247.524	1351
247.532	1351
247.54	1351
247.541	1351
247.55	1351
247.558	1351
247.559	1351
247.568	1351
247.576	1351
247.577	1351
247.586	1351
247.595	1351
247.596	1351
247.604	1351
247.613	1351
247.614	1351
247.622	1351
247.631	1351
247.632	1351
247.639	1351
247.648	1351
247.649	1351
247.657	1351
247.665	1351
247.667	1351
247.676	1351
247.684	1351
247.686	1351
247.694	1351
247.701	1351
247.704	1351
247.711	1351
247.72	1351
247.721	1351
247.729	1351
247.738	1351
247.739	1351
247.748	1351
247.756	1351
247.757	1351
247.766	1351
247.773	1351
247.774	1351
247.783	1351
247.792	1351
247.793	1351
247.794	1351
247.803	1351
247.81	1351
247.812	1351
247.821	1351
247.828	1351
247.836	1351
247.838	1351
247.847	1351
247.855	1351
247.863	1351
247.864	1351
247.872	1351
247.882	1351
247.883	1351
247.891	1351
247.899	1351
247.901	1351
247.908	1351
247.916	1351
247.918	1351
247.926	1351
247.935	1351
247.943	1351
247.951	1351
247.952	1351
247.962	1351
247.97	1351
247.971	1351
247.979	1351
247.987	1351
247.988	1351
247.997	1351
248.006	1351
248.007	1351
248.014	1351
248.024	1351
248.025	1351
248.033	1351
248.041	1351
248.042	1351
248.051	1351
248.059	1351
248.061	1351
248.069	1351
248.077	1351
248.079	1351
248.087	1351
248.094	1351
248.095	1351
248.103	1351
248.109	1351
248.11	1351
248.117	1351
248.124	1351
248.124	1351
248.131	1351
248.137	1351
248.141	1351
248.147	1351
248.154	1351
248.161	1351
248.162	1351
248.169	1351
248.176	1351
248.177	1351
248.183	1351
248.191	1351
248.203	1351
248.213	1351
248.225	1351
248.236	1351
248.238	1351
248.248	1351
248.259	1351
248.26	1351
248.272	1351
248.283	1351
248.295	1351
248.306	1351
248.308	1351
248.318	1351
248.326	1351
248.335	1351
248.344	1351
248.352	1351
248.353	1351
248.355	1351
248.363	1351
248.371	1351
248.379	1351
248.38	1351
248.389	1351
248.398	1351
248.399	1351
248.406	1312
248.407	1312
248.417	1312
248.418	1312
248.427	1312
248.434	1312
248.436	1312
248.445	1312
248.453	1312
248.454	1312
248.463	1312
248.471	1312
248.473	1312
248.482	1312
248.491	1312
248.499	1312
248.5	1312
248.508	1312
248.518	1312
248.519	1312
248.528	1312
248.535	1312
248.537	1312
248.546	1312
248.555	1312
248.562	1312
248.564	1312
248.573	1312
248.582	1312
248.582	1312
248.592	1312
248.6	1312
248.602	1312
248.61	1312
248.611	1312
248.619	1312
248.62	1312
248.63	1312
248.638	1312
248.64	1312
248.648	1312
248.657	1312
248.657	1312
248.667	1312
248.675	1312
248.683	1312
248.684	1312
248.693	1312
248.701	1312
248.71	1312
248.711	1312
248.72	1312
248.728	1312
248.73	1312
248.739	1312
248.747	1312
248.755	1312
248.757	1312
248.765	1312
248.775	1312
248.775	1312
248.785	1312
248.792	1312
248.794	1312
248.802	1312
248.811	1312
248.812	1312
248.822	1312
248.83	1312
248.832	1312
248.84	1312
248.849	1312
248.85	1312
248.858	1312
248.866	1312
248.867	1312
248.876	1312
248.886	1312
248.887	1312
248.895	1312
248.904	1312
248.912	1312
248.913	1312
248.922	1312
248.931	1312
248.932	1312
248.94	1312
248.948	1312
248.949	1312
248.955	1312
248.963	1312
248.964	1312
248.97	1312
248.977	1312
248.978	1312
248.984	1312
248.992	1312
248.993	1312
248.999	1312
249.007	1312
249.008	1312
249.016	1312
249.025	1312
249.026	1312
249.036	1312
249.042	1312
249.044	1312
249.056	1312
249.068	1312
249.069	1312
249.081	1312
249.093	1312
249.094	1312
249.106	1339
249.117	1339
249.119	1339
249.129	1339
249.14	1339
249.152	1339
249.154	1339
249.162	1339
249.17	1339
249.179	1339
249.179	1339
249.188	1339
249.196	1339
249.197	1339
249.205	1339
249.215	1339
249.222	1339
249.224	1339
249.233	1339
249.241	1339
249.243	1339
249.25	1339
249.258	1339
249.26	1339
249.268	1339
249.278	1339
249.279	1339
249.287	1339
249.296	1339
249.297	1339
249.311	1339
249.321	1339
249.323	1339
249.335	1339
249.343	1339
249.344	1339
249.353	1339
249.361	1339
249.362	1339
249.372	1339
249.379	1339
249.38	1339
249.39	1339
249.398	1339
249.399	1339
249.407	1339
249.415	1339
249.589	1339
249.599	1339
249.607	1339
249.611	1339
249.62	1339
249.692	1339
249.693	1339
249.701	1339
249.714	1339
249.715	1339
249.724	1339
249.792	1339
249.793	1339
249.801	1339
249.811	1339
249.812	1339
249.82	1339
249.828	1339
249.829	1339
249.837	1339
249.846	1339
249.847	1339
249.855	1339
249.864	1339
249.865	1339
249.873	1339
249.882	1339
249.883	1339
249.892	1339
249.9	1339
249.901	1339
249.911	1339
249.919	1339
249.92	1339
249.928	1339
249.937	1339
249.938	1339
249.946	1339
249.954	1339
249.955	1339
249.964	1339
249.973	1339
249.974	1339
249.982	1339
249.99	1339
249.992	1339
250.001	1339
250.009	1339
250.011	1339
250.019	1339
250.027	1339
250.029	1339
250.037	1339
250.044	1339
250.046	1339
250.055	1339
250.063	1339
250.064	1339
250.073	1339
250.081	1339
250.082	1339
250.09	1339
250.099	1339
250.1	1339
250.108	1339
250.117	1339
250.118	1339
250.126	1339
250.135	1339
250.136	1339
250.145	1339
250.153	1339
250.154	1339
250.163	1339
250.172	1339
250.173	1339
250.182	1339
250.19	1339
250.191	1339
250.199	1339
250.208	1339
250.209	1339
250.218	1339
250.225	1339
250.226	1339
250.235	1339
250.244	1339
250.246	1339
250.253	1339
250.262	1339
250.264	1339
250.271	1339
250.28	1339
250.282	1339
250.289	1339
250.298	1339
250.3	1339
250.307	1339
250.317	1339
250.318	1339
250.325	1339
250.334	1339
250.335	1339
250.343	1339
250.353	1339
250.354	1339
250.362	1339
250.371	1339
250.372	1339
250.379	1339
250.388	1339
250.389	1339
250.398	1339
250.406	1339
250.407	1339
250.417	1339
250.425	1339
250.426	1339
250.434	1339
250.442	1339
250.443	1339
250.45	1339
250.457	1339
250.458	1339
250.465	1339
250.471	1339
250.472	1339
250.48	1339
250.486	1339
250.487	1339
250.493	1339
250.5	1339
250.501	1339
250.508	1339
250.515	1339
250.516	1339
250.523	1339
250.529	1339
250.53	1339
250.537	1339
250.543	1339
250.548	1339
250.56	1339
250.571	1339
250.573	1339
250.584	1339
250.595	1339
250.606	1339
250.608	1339
250.619	1339
250.629	1339
250.631	1339
250.643	1339
250.653	1339
250.655	1339
250.656	1339
250.664	1339
250.674	1339
250.675	1339
250.682	1339
250.691	1339
250.692	1339
250.702	1339
250.71	1339
250.711	1339
250.719	1352
250.728	1352
250.729	1352
250.737	1352
250.745	1352
250.754	1352
250.763	1352
250.764	1352
250.772	1352
250.779	1352
250.781	1352
250.789	1352
250.797	1352
250.807	1352
250.808	1352
250.816	1352
250.824	1352
250.825	1352
250.833	1352
250.842	1352
250.844	1352
250.852	1352
250.859	1352
250.862	1352
250.87	1352
250.878	1352
250.88	1352
250.888	1352
250.896	1352
250.897	1352
250.906	1352
250.913	1352
250.914	1352
250.923	1352
250.932	1352
250.932	1352
250.941	1352
250.95	1352
250.951	1352
250.959	1352
250.968	1352
250.969	1352
250.977	1352
250.986	1352
250.994	1352
250.995	1352
251.004	1352
251.012	1352
251.013	1352
251.02	1352
251.022	1352
251.031	1352
251.031	1352
251.04	1352
251.048	1352
251.056	1352
251.066	1352
251.067	1352
251.075	1352
251.083	1352
251.084	1352
251.092	1352
251.101	1352
251.103	1352
251.104	1352
251.111	1352
251.12	1352
251.121	1352
251.122	1352
251.13	1352
251.14	1352
251.141	1352
251.148	1352
251.157	1352
251.158	1352
251.166	1352
251.175	1352
251.183	1352
251.184	1352
251.193	1352
251.202	1352
251.203	1352
251.21	1352
251.22	1352
251.221	1352
251.228	1352
251.237	1352
251.238	1352
251.247	1352
251.256	1352
251.257	1352
251.264	1352
251.272	1352
251.274	1352
251.282	1352
251.289	1352
251.291	1352
251.297	1352
251.304	1352
251.31	1352
251.311	1352
251.318	1352
251.324	1352
251.325	1352
251.332	1352
251.338	1352
251.345	1352
251.346	1352
251.354	1352
251.36	1352
251.361	1352
251.368	1352
251.384	1352
251.395	1352
251.396	1352
251.407	1352
251.417	1352
251.419	1352
251.43	1352
251.441	1352
251.452	1352
251.454	1352
251.465	1352
251.476	1352
251.478	1352
251.49	1352
251.497	1352
251.499	1352
251.508	1352
251.515	1352
251.524	1352
251.532	1352
251.534	1352
251.543	1352
251.551	1352
251.558	1352
251.56	1352
251.568	1352
251.576	1352
251.577	1352
251.586	1352
251.595	1352
251.603	1352
251.605	1352
251.613	1352
251.62	1352
251.622	1352
251.63	1352
251.639	1352
251.64	1352
251.648	1352
251.657	1352
251.658	1352
251.667	1352
251.674	1352
251.675	1352
251.685	1352
251.693	1352
251.693	1352
251.702	1352
251.71	1352
251.711	1352
251.72	1352
251.728	1352
251.729	1352
251.738	1352
251.746	1352
251.747	1352
251.755	1352
251.764	1352
251.765	1352
251.773	1352
251.782	1352
251.79	1352
251.791	1352
251.8	1352
251.809	1352
251.81	1352
251.818	1352
251.827	1352
251.828	1352
251.835	1352
251.843	1352
251.846	1352
251.854	1352
251.861	1352
251.87	1352
251.872	1352
251.88	1352
251.889	1352
251.897	1352
251.905	1352
251.907	1352
251.914	1352
251.915	1352
251.923	1352
251.933	1352
251.934	1352
251.942	1352
251.95	1352
251.959	1352
251.967	1352
251.969	1352
251.977	1352
251.985	1352
251.993	1352
251.994	1352
252.002	1352
252.012	1352
252.013	1352
252.021	1352
252.028	1352
252.038	1352
252.039	1352
252.046	1352
252.056	1352
252.057	1352
252.065	1352
252.074	1352
252.075	1352
252.083	1352
252.091	1352
252.092	1352
252.1	1352
252.108	1352
252.11	1352
252.119	1352
252.125	1352
252.126	1352
252.133	1352
252.139	1352
252.14	1352
252.148	1352
252.153	1352
252.154	1352
252.161	1352
252.168	1352
252.17	1352
252.176	1352
252.182	1352
252.184	1352
252.19	1352
252.196	1352
252.197	1352
252.205	1352
252.218	1352
252.229	1352
252.23	1352
252.241	1352
252.253	1352
252.264	1352
252.276	1352
252.276	1352
252.288	1352
252.299	1352
252.3	1352
252.311	1352
252.323	1352
252.325	1352
252.333	1352
252.341	1352
252.343	1352
252.35	1352
252.358	1352
252.361	1352
252.369	1352
252.377	1352
252.378	1352
252.387	1352
252.387	1352
252.396	1352
252.405	1352
252.413	1352
252.414	1352
252.423	1352
252.431	1352
252.439	1352
252.441	1352
252.449	1352
252.457	1352
252.457	1352
252.466	1352
252.474	1352
252.483	1352
252.485	1352
252.493	1352
252.5	1352
252.502	1352
252.511	1352
252.512	1352
252.52	1352
252.522	1352
252.53	1352
252.538	1352
252.54	1352
252.547	1352
252.555	1352
252.557	1352
252.565	1352
252.574	1352
252.574	1352
252.584	1352
252.591	1352
252.599	1352
252.601	1352
252.609	1352
252.617	1352
252.62	1352
252.628	1352
252.636	1352
252.637	1352
252.646	1352
252.654	1352
252.662	1352
252.663	1352
252.671	1352
252.679	1352
252.681	1352
252.69	1352
252.698	1352
252.7	1352
252.708	1352
252.715	1352
252.716	1352
252.725	1352
252.733	1352
252.742	1352
252.75	1352
252.759	1352
252.76	1352
252.769	1352
252.776	1352
252.777	1352
252.786	1352
252.795	1352
252.796	1352
252.804	1352
252.813	1352
252.813	1352
252.822	1352
252.83	1352
252.839	1352
252.839	1352
252.848	1352
252.857	1352
252.858	1352
252.867	1352
252.874	1352
252.875	1352
252.876	1352
252.886	1352
252.894	1352
252.895	1352
252.903	1277
252.904	1277
252.913	1277
252.923	1277
252.93	1277
252.935	1277
252.942	1277
252.952	1277
252.953	1277
252.96	1277
252.969	1277
252.97	1277
252.979	1277
252.986	1277
252.987	1277
252.996	1277
253.006	1277
253.007	1277
253.014	1277
253.021	1277
253.022	1277
253.029	1277
253.038	1277
253.039	1277
253.056	1277
253.068	1277
253.08	1277
253.092	1277
253.104	1277
253.104	1277
253.117	1277
253.128	1277
253.141	1277
253.152	1277
253.154	1277
253.165	1277
253.174	1277
253.175	1277
253.184	1277
253.194	1277
253.202	1277
253.203	1277
253.213	1277
253.222	1277
253.223	1277
253.232	1277
253.24	1277
253.241	1277
253.25	1277
253.259	1277
253.26	1277
253.269	1277
253.277	1277
253.279	1277
253.289	1277
253.296	1277
253.298	1277
253.307	1277
253.316	1277
253.318	1277
253.327	1277
253.335	1277
253.337	1277
253.345	1277
253.353	1277
253.355	1277
253.363	1277
253.373	1277
253.375	1277
253.382	1277
253.391	1277
253.401	1277
253.402	1277
253.41	1277
253.42	1277
253.421	1277
253.43	1277
253.439	1277
253.447	1277
253.448	1277
253.458	1277
253.467	1277
253.468	1277
253.476	1277
253.485	1277
253.486	1277
253.495	1277
253.505	1277
253.506	1277
253.514	1277
253.524	1215
253.525	1215
253.533	1215
253.543	1215
253.544	1215
253.553	1215
253.563	1215
253.565	1242
253.574	1242
253.583	1242
253.584	1242
253.593	1242
253.602	1242
253.604	1242
253.612	1242
253.621	1242
253.622	1242
253.632	1242
253.641	1242
253.643	1277
253.651	1277
253.659	1277
253.661	1277
253.67	1277
253.678	1277
253.68	1277
253.689	1277
253.697	1277
253.699	1277
253.707	1277
253.716	1277
253.718	1277
253.726	1277
253.736	1277
253.745	1277
253.75	1277
253.758	1277
253.766	1277
253.776	1277
253.785	1277
253.793	1277
253.794	1277
253.803	1277
253.81	1277
253.811	1277
253.819	1277
253.825	1277
253.826	1277
253.835	1277
253.842	1277
253.845	1277
253.852	1277
253.86	1277
253.864	1277
253.874	1277
253.884	1277
253.887	1277
253.897	1277
253.914	1277
253.915	1277
253.927	1277
253.929	1277
253.942	1277
253.953	1277
253.965	1277
253.967	1277
253.978	1277
253.989	1277
253.991	1277
254.003	1277
254.012	1277
254.013	1277
254.022	1277
254.031	1277
254.04	1277
254.041	1277
254.051	1277
254.059	1277
254.067	1277
254.076	1277
254.078	1277
254.087	1277
254.095	1277
254.096	1277
254.105	1277
254.114	1277
254.115	1277
254.124	1277
254.134	1277
254.135	1277
254.144	1277
254.152	1277
254.153	1277
254.162	1277
254.172	1277
254.173	1277
254.181	1277
254.191	1277
254.192	1277
254.201	1277
254.21	1277
254.211	1277
254.22	1277
254.229	1277
254.238	1277
254.246	1277
254.247	1277
254.256	1277
254.265	1277
254.273	1277
254.275	1277
254.285	1277
254.292	1277
254.302	1277
254.303	1277
254.311	1277
254.32	1277
254.321	1277
254.323	1277
254.333	1277
254.34	1277
254.342	1277
254.352	1277
254.359	1277
254.361	1277
254.37	1277
254.379	1277
254.381	1277
254.389	1277
254.397	1277
254.406	1277
254.407	1277
254.416	1277
254.425	1277
254.434	1277
254.443	1277
254.453	1277
254.454	1277
254.462	1277
254.471	1277
254.473	1277
254.481	1277
254.49	1277
254.491	1277
254.501	1277
254.51	1277
254.511	1277
254.519	1277
254.528	1277
254.529	1277
254.538	1277
254.547	1277
254.549	1277
254.558	1277
254.565	1277
254.567	1277
254.576	1277
254.585	1277
254.594	1277
254.596	1277
254.597	1277
254.606	1277
254.615	1277
254.616	1277
254.625	1277
254.634	1277
254.635	1277
254.643	1277
254.65	1277
254.651	1277
254.659	1277
254.666	1277
254.667	1277
254.674	1277
254.681	1277
254.682	1277
254.689	1277
254.7	1277
254.701	1277
254.712	1277
254.722	1277
254.723	1277
254.73	1277
254.742	1277
254.743	1277
254.755	1277
254.766	1277
254.768	1277
254.779	1277
254.792	1277
254.793	1277
254.806	1277
254.816	1277
254.828	1277
254.831	1277
254.842	1277
254.85	1277
254.852	1277
254.861	1277
254.869	1277
254.878	1277
254.88	1277
254.888	1277
254.897	1277
254.899	1277
254.908	1277
254.917	1277
254.926	1277
254.927	1277
254.935	1277
254.944	1277
254.945	1277
254.954	1277
254.963	1277
254.964	1277
254.973	1277
254.983	1277
254.984	1277
254.993	1277
255.002	1277
255.005	1277
255.018	1277
255.026	1277
255.027	1277
255.036	1277
255.044	1277
255.046	1277
255.054	1277
255.064	1277
255.066	1277
255.073	1277
255.082	1277
255.084	1277
255.092	1277
255.101	1277
255.102	1277
255.111	1277
255.121	1277
255.122	1277
255.131	1277
255.139	1277
255.149	1277
255.151	1277
255.161	1277
255.17	1277
255.171	1277
255.18	1277
255.189	1277
255.191	1277
255.199	1277
255.208	1277
255.211	1277
255.226	1277
255.233	1277
255.236	1277
255.244	1277
255.252	1277
255.254	1277
255.263	1277
255.272	1277
255.274	1277
255.282	1277
255.29	1277
255.3	1277
255.301	1277
255.309	1277
255.319	1277
255.32	1277
255.329	1277
255.337	1277
255.338	1277
255.348	1277
255.357	1277
255.358	1277
255.367	1277
255.375	1277
255.376	1277
255.385	1277
255.394	1277
255.403	1277
255.404	1277
255.414	1277
255.422	1277
255.423	1277
255.433	1277
255.441	1277
255.449	1277
255.451	1277
255.461	1277
255.469	1277
255.471	1277
255.48	1277
255.487	1277
255.495	1277
255.497	1277
255.504	1277
255.511	1277
255.512	1277
255.519	1277
255.526	1277
255.527	1277
255.534	1277
255.54	1277
255.541	1277
255.549	1277
255.556	1277
255.557	1277
255.574	1277
255.581	1277
255.587	1277
255.598	1277
255.6	1277
255.612	1277
255.624	1277
255.625	1277
255.637	1277
255.649	1277
255.652	1277
255.663	1277
255.674	1277
255.677	1277
255.689	1277
255.701	1277
255.702	1277
255.71	1277
255.719	1277
255.72	1277
255.729	1277
255.737	1277
255.74	1277
255.749	1317
255.756	1317
255.757	1317
255.766	1317
255.776	1385
255.777	1385
255.784	1385
255.792	1385
255.793	1385
255.801	1385
255.809	1385
255.812	1385
255.82	1385
255.828	1385
255.829	1385
255.837	1385
255.845	1385
255.847	1385
255.855	1385
255.863	1385
255.864	1385
255.871	1385
255.88	1385
255.882	1385
255.89	1385
255.897	1385
255.898	1385
255.907	1385
255.915	1385
255.916	1385
255.925	1385
255.933	1385
255.94	1385
255.95	1385
255.958	1385
255.966	1385
255.974	1385
255.975	1385
255.984	1385
255.992	1385
255.994	1385
256.003	1385
256.004	1385
256.011	1385
256.012	1385
256.021	1385
256.029	1385
256.03	1385
256.038	1385
256.046	1385
256.047	1385
256.055	1385
256.064	1385
256.066	1385
256.074	1385
256.082	1385
256.083	1385
256.091	1385
256.098	1385
256.107	1385
256.108	1385
256.117	1385
256.125	1385
256.126	1385
256.133	1385
256.141	1385
256.143	1385
256.151	1385
256.16	1385
256.161	1385
256.169	1385
256.176	1385
256.185	1385
256.186	1385
256.194	1385
256.202	1385
256.203	1385
256.211	1385
256.219	1385
256.229	1385
256.23	1385
256.238	1385
256.245	1385
256.246	1385
256.254	1385
256.256	1385
256.264	1385
256.273	1385
256.28	1385
256.288	1385
256.289	1385
256.298	1385
256.307	1385
256.308	1385
256.316	1385
256.324	1385
256.325	1385
256.333	1385
256.34	1385
256.341	1385
256.348	1385
256.353	1385
256.354	1385
256.36	1385
256.368	1385
256.369	1385
256.375	1385
256.381	1385
256.382	1385
256.388	1385
256.395	1385
256.396	1385
256.403	1385
256.41	1385
256.411	1385
256.417	1385
256.423	1385
256.424	1385
256.43	1385
256.441	1385
256.443	1385
256.454	1385
256.466	1385
256.467	1385
256.478	1385
256.488	1385
256.489	1385
256.501	1385
256.512	1385
256.523	1385
256.525	1385
256.534	1385
256.546	1385
256.554	1385
256.556	1385
256.564	1385
256.572	1385
256.579	1385
256.587	1385
256.588	1385
256.597	1385
256.605	1385
256.613	1385
256.615	1385
256.623	1385
256.624	1385
256.633	1385
256.64	1385
256.648	1385
256.649	1385
256.658	1385
256.667	1385
256.668	1385
256.678	1385
256.689	1385
256.691	1385
256.703	1385
256.711	1385
256.712	1385
256.72	1385
256.728	1385
256.729	1385
256.746	1385
256.754	1385
256.762	1385
256.77	1385
256.771	1385
256.778	1385
256.786	1385
256.788	1385
256.796	1385
256.804	1385
256.805	1385
256.813	1385
256.822	1385
256.829	1385
256.832	1385
256.84	1385
256.848	1385
256.855	1385
256.856	1385
256.864	1385
256.874	1385
256.875	1385
256.883	1385
256.89	1385
256.891	1385
256.9	1385
256.908	1385
256.909	1385
256.918	1385
256.925	1385
256.926	1385
256.934	1385
256.942	1385
256.944	1385
256.952	1385
256.961	1385
256.962	1385
256.969	1385
256.977	1385
256.98	1385
256.988	1385
256.996	1385
256.997	1385
257.005	1385
257.012	1385
257.021	1385
257.022	1385
257.03	1385
257.038	1385
257.047	1385
257.055	1385
257.056	1385
257.064	1385
257.072	1385
257.081	1385
257.082	1385
257.089	1385
257.097	1385
257.106	1385
257.107	1385
257.115	1385
257.123	1385
257.124	1385
257.132	1385
257.141	1385
257.142	1385
257.15	1385
257.159	1385
257.16	1385
257.161	1385
257.17	1385
257.176	1385
257.177	1385
257.182	1385
257.19	1385
257.191	1385
257.197	1385
257.204	1385
257.205	1385
257.211	1385
257.218	1385
257.219	1385
257.225	1385
257.232	1385
257.233	1385
257.239	1385
257.245	1385
257.251	1385
257.253	1385
257.26	1385
257.266	1385
257.266	1385
257.277	1385
257.288	1385
257.29	1385
257.301	1385
257.311	1385
257.313	1385
257.324	1385
257.335	1385
257.336	1385
257.347	1385
257.359	1385
257.361	1385
257.362	1385
257.372	1385
257.381	1385
257.389	1385
257.391	1385
257.399	1385
257.407	1385
257.407	1385
257.415	1385
257.424	1385
257.431	1385
257.433	1385
257.441	1385
257.449	1385
257.457	1385
257.458	1385
257.467	1385
257.475	1385
257.477	1385
257.484	1385
257.485	1385
257.493	1385
257.501	1385
257.503	1385
257.512	1385
257.52	1385
257.521	1385
257.529	1385
257.536	1385
257.538	1385
257.546	1385
257.547	1385
257.555	1385
257.563	1385
257.564	1385
257.573	1385
257.581	1385
257.59	1385
257.597	1385
257.598	1385
257.607	1385
257.615	1385
257.617	1385
257.624	1385
257.632	1385
257.633	1385
257.641	1385
257.649	1385
257.651	1385
257.66	1385
257.667	1385
257.668	1385
257.677	1385
257.685	1385
257.686	1385
257.694	1385
257.702	1385
257.703	1385
257.712	1385
257.713	1385
257.72	1385
257.722	1385
257.73	1385
257.738	1385
257.739	1385
257.747	1385
257.756	1385
257.758	1385
257.765	1385
257.774	1385
257.774	1385
257.782	1385
257.791	1385
257.793	1385
257.8	1385
257.808	1385
257.809	1385
257.818	1385
257.826	1385
257.834	1385
257.836	1385
257.843	1385
257.852	1385
257.853	1385
257.861	1385
257.869	1385
257.871	1385
257.878	1385
257.886	1385
257.888	1385
257.895	1385
257.903	1385
257.905	1385
257.913	1385
257.921	1385
257.929	1385
257.93	1385
257.939	1385
257.946	1385
257.955	1385
257.956	1385
257.964	1385
257.972	1385
257.98	1385
257.982	1385
257.991	1385
257.998	1385
257.999	1385
258.008	1385
258.014	1385
258.014	1385
258.021	1385
258.028	1385
258.028	1385
258.036	1385
258.041	1385
258.042	1385
258.049	1385
258.056	1385
258.057	1385
258.064	1385
258.069	1385
258.07	1385
258.077	1385
258.083	1385
258.084	1385
258.092	1385
258.098	1385
258.099	1385
258.105	1385
258.116	1385
258.117	1385
258.128	1385
258.139	1385
258.141	1385
258.152	1385
258.163	1385
258.165	1385
258.175	1385
258.187	1385
258.188	1385
258.198	1385
258.21	1385
258.21	1385
258.219	1385
258.226	1385
258.228	1385
258.236	1385
258.244	1385
258.252	1385
258.253	1385
258.261	1385
258.27	1385
258.279	1385
258.28	1385
258.287	1385
258.296	1385
258.297	1385
258.304	1385
258.306	1385
258.314	1385
258.323	1385
258.331	1385
258.332	1385
258.34	1385
258.349	1385
258.35	1385
258.357	1385
258.365	1385
258.369	1385
258.377	1385
258.387	1385
258.389	1385
258.405	1385
258.413	1385
258.42	1385
258.421	1385
258.429	1385
258.437	1385
258.438	1385
258.447	1359
258.455	1359
258.456	1359
258.465	1359
258.474	1359
258.475	1359
258.482	1359
258.491	1359
258.493	1359
258.5	1359
258.508	1359
258.51	1359
258.518	1359
258.527	1359
258.528	1359
258.536	1359
258.545	1359
258.546	1359
258.554	1359
258.562	1359
258.563	1359
258.571	1359
258.58	1359
258.588	1359
258.596	1359
258.597	1359
258.607	1359
258.615	1359
258.623	1359
258.624	1359
258.632	1359
258.64	1359
258.641	1359
258.651	1359
258.658	1359
258.659	1359
258.667	1359
258.677	1359
258.678	1359
258.686	1359
258.694	1359
258.696	1359
258.704	1359
258.712	1359
258.713	1359
258.721	1359
258.729	1359
258.738	1359
258.74	1359
258.747	1359
258.755	1359
258.756	1359
258.765	1359
258.773	1359
258.774	1359
258.784	1359
258.792	1359
258.799	1359
258.8	1359
258.809	1359
258.818	1359
258.819	1359
258.827	1359
258.836	1359
258.837	1359
258.843	1359
258.849	1359
258.85	1359
258.857	1359
258.863	1359
258.864	1359
258.872	1359
258.873	1359
258.878	1359
258.879	1359
258.886	1359
258.894	1359
258.895	1359
258.906	1359
258.912	1359
258.918	1359
258.919	1359
258.927	1359
258.934	1359
258.935	1359
258.947	1359
258.958	1359
258.959	1359
258.971	1359
258.982	1359
258.983	1359
258.994	1359
259.005	1359
259.008	1359
259.019	1359
259.03	1359
259.031	1359
259.042	1359
259.051	1359
259.059	1359
259.067	1359
259.076	1359
259.077	1359
259.084	1359
259.092	1359
259.095	1359
259.103	1359
259.11	1359
259.112	1359
259.121	1359
259.128	1359
259.129	1359
259.138	1359
259.146	1359
259.147	1359
259.156	1359
259.165	1359
259.166	1359
259.174	1359
259.182	1359
259.183	1359
259.192	1359
259.2	1359
259.202	1359
259.209	1359
259.218	1359
259.219	1359
259.228	1359
259.235	1359
259.236	1359
259.244	1359
259.254	1359
259.255	1359
259.262	1359
259.271	1359
259.272	1359
259.28	1359
259.289	1359
259.29	1359
259.298	1359
259.306	1359
259.307	1359
259.317	1359
259.325	1359
259.326	1359
259.334	1359
259.343	1359
259.351	1359
259.36	1359
259.367	1359
259.372	1359
259.381	1359
259.389	1359
259.397	1359
259.399	1359
259.406	1359
259.414	1359
259.415	1359
259.424	1359
259.432	1359
259.44	1359
259.443	1359
259.45	1359
259.459	1359
259.459	1359
259.469	1359
259.476	1359
259.477	1359
259.486	1359
259.494	1359
259.495	1359
259.504	1359
259.512	1359
259.513	1359
259.521	1359
259.53	1359
259.537	1359
259.546	1359
259.554	1359
259.562	1359
259.564	1359
259.571	1359
259.58	1359
259.581	1359
259.59	1359
259.597	1359
259.605	1359
259.607	1359
259.615	1359
259.624	1359
259.625	1359
259.627	1359
259.634	1359
259.642	1359
259.643	1359
259.652	1359
259.661	1359
259.662	1359
259.669	1359
259.671	1359
259.679	1359
259.68	1359
259.69	1359
259.695	1359
259.696	1359
259.703	1359
259.709	1359
259.71	1359
259.717	1359
259.724	1359
259.725	1359
259.732	1359
259.738	1359
259.739	1359
259.747	1359
259.753	1359
259.754	1359
259.762	1359
259.771	1359
259.771	1359
259.78	1359
259.787	1359
259.788	1359
259.962	1447
259.971	1447
259.982	1447
259.99	1447
259.99	1447
260.065	1447
260.073	1447
260.074	1447
260.085	1447
260.093	1447
260.094	1447
260.169	1447
260.177	1447
260.178	1447
260.186	1447
260.193	1447
260.194	1447
260.202	1447
260.21	1447
260.211	1447
260.219	1447
260.226	1447
260.228	1447
260.235	1447
260.243	1447
260.244	1447
260.252	1447
260.26	1447
260.261	1447
260.269	1447
260.278	1447
260.279	1447
260.286	1447
260.294	1447
260.296	1447
260.303	1447
260.311	1447
260.312	1447
260.32	1447
260.328	1447
260.329	1447
260.337	1447
260.345	1447
260.346	1447
260.354	1447
260.36	1447
260.361	1447
260.37	1447
260.377	1447
260.378	1447
260.386	1447
260.394	1447
260.395	1447
260.403	1447
260.411	1447
260.412	1447
260.42	1447
260.427	1447
260.428	1447
260.436	1447
260.445	1447
260.446	1447
260.453	1447
260.461	1447
260.463	1447
260.47	1447
260.477	1447
260.479	1447
260.486	1447
260.494	1447
260.495	1447
260.503	1447
260.512	1447
260.513	1447
260.521	1447
260.528	1447
260.529	1447
260.538	1447
260.545	1447
260.546	1447
260.553	1447
260.562	1447
260.563	1447
260.57	1447
260.579	1447
260.58	1447
260.587	1447
260.593	1447
260.594	1447
260.601	1447
260.606	1447
260.607	1447
260.615	1447
260.621	1447
260.622	1447
260.628	1447
260.633	1447
260.634	1447
260.64	1447
260.648	1447
260.648	1447
260.654	1447
260.66	1447
260.662	1447
260.668	1447
260.673	1447
260.674	1447
260.68	1447
260.688	1447
260.689	1447
260.7	1447
260.709	1447
260.712	1447
260.721	1447
260.732	1447
260.734	1447
260.743	1447
260.754	1447
260.755	1447
260.766	1447
260.777	1447
260.778	1447
260.789	1447
260.799	1447
260.8	1447
260.807	1447
260.815	1447
260.816	1447
260.824	1447
260.833	1447
260.833	1447
260.841	1447
260.848	1447
260.85	1447
260.857	1447
260.865	1447
260.866	1447
260.875	1447
260.883	1447
260.884	1447
260.892	1447
260.899	1447
260.9	1447
260.908	1447
260.915	1447
260.917	1447
260.925	1447
260.932	1447
260.933	1447
260.941	1447
260.949	1447
260.95	1447
260.958	1447
260.967	1447
260.967	1447
260.976	1447
260.982	1447
260.983	1447
260.991	1447
260.999	1447
261	1447
261.009	1447
261.017	1447
261.018	1447
261.026	1447
261.033	1447
261.035	1447
261.042	1447
261.049	1447
261.05	1447
261.058	1447
261.067	1447
261.068	1447
261.075	1447
261.084	1447
261.085	1447
261.092	1447
261.099	1447
261.101	1447
261.108	1447
261.117	1447
261.124	1447
261.125	1447
261.134	1447
261.142	1447
261.143	1447
261.15	1447
261.157	1447
261.159	1447
261.166	1447
261.175	1447
261.176	1447
261.177	1447
261.184	1447
261.193	1447
261.194	1447
261.202	1447
261.21	1447
261.211	1447
261.218	1447
261.227	1447
261.228	1447
261.234	1447
261.242	1447
261.243	1447
261.253	1447
261.261	1447
261.268	1447
261.27	1447
261.278	1447
261.285	1447
261.294	1447
261.295	1447
261.303	1447
261.31	1447
261.312	1447
261.318	1447
261.327	1447
261.328	1447
261.335	1447
261.343	1447
261.344	1447
261.353	1447
261.361	1447
261.362	1447
261.368	1447
261.376	1447
261.385	1447
261.386	1447
261.394	1447
261.402	1447
261.403	1447
261.41	1447
261.419	1447
261.42	1447
261.426	1447
261.434	1447
261.435	1447
261.44	1447
261.446	1447
261.447	1447
261.453	1447
261.459	1447
261.46	1447
261.468	1447
261.469	1447
261.475	1447
261.483	1447
261.489	1447
261.49	1447
261.495	1447
261.51	1447
261.516	1447
261.517	1447
261.523	1447
261.537	1447
261.544	1447
261.554	1447
261.565	1447
261.576	1447
261.577	1447
261.588	1447
261.597	1447
261.599	1447
261.609	1447
261.61	1447
261.622	1447
261.623	1447
261.634	1447
261.635	1447
261.643	1447
261.65	1447
261.658	1447
261.66	1447
261.667	1447
261.675	1447
261.682	1447
261.683	1447
261.692	1447
261.699	1447
261.7	1447
261.701	1447
261.709	1447
261.717	1447
261.718	1447
261.725	1447
261.733	1447
261.734	1447
261.743	1436
261.751	1436
261.752	1436
261.76	1436
261.767	1436
261.768	1436
261.776	1436
261.785	1436
261.786	1436
261.794	1436
261.802	1436
261.803	1436
261.81	1436
261.818	1436
261.82	1436
261.827	1436
261.835	1436
261.836	1436
261.844	1436
261.851	1436
261.852	1436
261.86	1436
261.868	1436
261.869	1436
261.877	1436
261.886	1436
261.886	1436
261.895	1436
261.902	1436
261.903	1436
261.912	1436
261.92	1436
261.921	1436
261.929	1436
261.936	1436
261.944	1436
261.952	1436
261.953	1436
261.961	1436
261.969	1436
261.97	1436
261.977	1436
261.986	1436
261.987	1436
261.994	1436
262.003	1436
262.004	1436
262.011	1436
262.02	1436
262.021	1436
262.029	1436
262.036	1436
262.038	1436
262.046	1436
262.053	1436
262.06	1436
262.061	1436
262.069	1436
262.078	1436
262.079	1436
262.087	1436
262.095	1436
262.097	1436
262.104	1436
262.112	1436
262.12	1436
262.121	1436
262.129	1436
262.137	1436
262.138	1436
262.145	1436
262.154	1436
262.155	1436
262.163	1436
262.17	1436
262.171	1436
262.179	1436
262.18	1436
262.188	1436
262.189	1436
262.197	1436
262.206	1436
262.207	1436
262.215	1436
262.221	1436
262.223	1436
262.231	1436
262.238	1436
262.246	1436
262.247	1436
262.256	1436
262.257	1436
262.263	1436
262.27	1436
262.275	1436
262.276	1436
262.283	1436
262.288	1436
262.289	1436
262.296	1436
262.303	1436
262.304	1436
262.31	1436
262.316	1436
262.317	1436
262.324	1436
262.331	1436
262.331	1436
262.347	1436
262.353	1436
262.359	1436
262.361	1436
262.371	1436
262.382	1436
262.391	1436
262.403	1436
262.404	1436
262.415	1436
262.424	1436
262.427	1436
262.437	1436
262.447	1436
262.449	1436
262.458	1436
262.467	1436
262.468	1436
262.476	1436
262.483	1436
262.484	1436
262.493	1436
262.5	1436
262.501	1436
262.509	1436
262.518	1436
262.519	1436
262.526	1436
262.535	1436
262.536	1436
262.543	1436
262.551	1436
262.552	1436
262.561	1436
262.567	1436
262.569	1436
262.576	1436
262.585	1436
262.587	1436
262.594	1436
262.601	1436
262.602	1436
262.611	1436
262.619	1436
262.62	1436
262.627	1436
262.636	1436
262.637	1436
262.644	1436
262.653	1436
262.654	1436
262.662	1436
262.669	1436
262.67	1436
262.679	1436
262.686	1436
262.687	1436
262.695	1436
262.703	1436
262.711	1436
262.712	1436
262.72	1436
262.728	1436
262.735	1436
262.744	1436
262.745	1436
262.752	1436
262.76	1436
262.761	1436
262.769	1436
262.777	1436
262.778	1436
262.779	1436
262.787	1436
262.795	1436
262.796	1436
262.798	1436
262.806	1436
262.814	1436
262.815	1436
262.823	1436
262.831	1436
262.832	1436
262.839	1436
262.847	1436
262.849	1436
262.855	1436
262.864	1436
262.865	1436
262.879	1436
262.886	1436
262.888	1436
262.895	1436
262.897	1436
262.903	1436
262.912	1391
262.913	1391
262.922	1391
262.93	1391
262.931	1391
262.938	1391
262.946	1391
262.947	1391
262.955	1391
262.963	1391
262.965	1391
262.973	1391
262.981	1391
262.982	1391
262.991	1391
262.992	1391
263.001	1391
263.002	1391
263.01	1391
263.018	1391
263.019	1391
263.027	1391
263.035	1391
263.043	1391
263.051	1391
263.06	1391
263.061	1391
263.069	1391
263.077	1391
263.078	1391
263.086	1391
263.094	1391
263.095	1391
263.102	1391
263.107	1391
263.115	1391
263.116	1391
263.122	1391
263.128	1391
263.129	1391
263.136	1391
263.143	1391
263.144	1391
263.15	1391
263.156	1391
263.157	1391
263.163	1391
263.171	1391
263.172	1391
263.173	1391
263.178	1391
263.185	1391
263.185	1391
263.193	1391
263.206	1391
263.207	1391
263.217	1391
263.228	1391
263.229	1391
263.24	1391
263.252	1391
263.254	1391
263.263	1391
263.275	1391
263.277	1391
263.288	1391
263.297	1391
263.305	1391
263.307	1391
263.316	1391
263.323	1391
263.324	1391
263.333	1391
263.34	1391
263.342	1391
263.35	1391
263.358	1391
263.36	1391
263.367	1396
263.375	1416
263.376	1416
263.384	1416
263.392	1416
263.4	1416
263.409	1416
263.41	1416
263.418	1416
263.425	1416
263.426	1416
263.434	1416
263.442	1416
263.443	1416
263.452	1416
263.459	1416
263.461	1416
263.47	1416
263.476	1416
263.479	1416
263.487	1416
263.495	1416
263.496	1416
263.504	1416
263.511	1416
263.512	1416
263.52	1416
263.528	1416
263.529	1416
263.537	1416
263.545	1416
263.546	1416
263.554	1416
263.563	1416
263.564	1416
263.571	1416
263.579	1416
263.58	1416
263.588	1416
263.597	1416
263.605	1416
263.606	1416
263.613	1416
263.622	1416
263.623	1416
263.63	1416
263.639	1416
263.64	1416
263.642	1416
263.649	1416
263.658	1416
263.659	1416
263.667	1416
263.675	1416
263.676	1416
263.683	1416
263.691	1416
263.692	1416
263.701	1416
263.708	1416
263.709	1416
263.717	1416
263.726	1416
263.727	1416
263.734	1416
263.742	1416
263.743	1416
263.751	1416
263.759	1416
263.76	1416
263.769	1416
263.776	1416
263.777	1416
263.786	1416
263.793	1442
263.795	1442
263.803	1442
263.81	1442
263.811	1442
263.819	1464
263.828	1464
263.829	1464
263.837	1464
263.844	1464
263.845	1464
263.852	1464
263.861	1464
263.862	1464
263.87	1464
263.876	1464
263.878	1464
263.885	1464
263.894	1464
263.895	1464
263.903	1464
263.909	1464
263.911	1464
263.918	1464
263.924	1464
263.925	1464
263.932	1464
263.939	1464
263.944	1464
263.945	1464
263.952	1464
263.958	1464
263.959	1464
263.964	1464
263.971	1464
263.972	1464
263.978	1464
263.985	1464
263.985	1464
263.991	1464
264.009	1464
264.015	1464
264.016	1464
264.023	1464
264.034	1464
264.043	1464
264.053	1464
264.065	1464
264.066	1464
264.076	1464
264.086	1464
264.087	1464
264.098	1464
264.109	1464
264.11	1464
264.12	1464
264.131	1464
264.132	1464
264.14	1464
264.146	1464
264.147	1464
264.155	1464
264.164	1464
264.165	1464
264.172	1464
264.179	1464
264.18	1464
264.188	1464
264.196	1464
264.197	1464
264.205	1464
264.213	1464
264.215	1464
264.222	1464
264.23	1464
264.231	1464
264.238	1464
264.246	1464
264.248	1464
264.254	1464
264.263	1464
264.263	1464
264.271	1464
264.28	1464
264.281	1464
264.287	1464
264.296	1464
264.297	1464
264.305	1464
264.313	1464
264.314	1464
264.32	1464
264.329	1464
264.33	1464
264.338	1464
264.345	1464
264.346	1464
264.354	1464
264.361	1464
264.362	1464
264.37	1464
264.379	1464
264.38	1464
264.387	1464
264.394	1464
264.403	1464
264.41	1464
264.411	1464
264.42	1464
264.427	1464
264.428	1464
264.435	1464
264.444	1464
264.445	1464
264.453	1464
264.46	1464
264.461	1464
264.469	1464
264.477	1464
264.478	1464
264.479	1464
264.486	1464
264.495	1464
264.496	1464
264.497	1464
264.504	1464
264.511	1464
264.512	1464
264.52	1464
264.529	1464
264.53	1464
264.531	1464
264.538	1464
264.546	1464
264.55	1464
264.557	1464
264.565	1464
264.573	1464
264.58	1464
264.581	1464
264.59	1464
264.598	1464
264.599	1464
264.607	1464
264.613	1464
264.615	1464
264.623	1464
264.63	1464
264.631	1464
264.64	1464
264.647	1464
264.649	1464
264.656	1464
264.663	1464
264.671	1464
264.672	1464
264.681	1464
264.688	1464
264.695	1464
264.697	1464
264.705	1464
264.712	1464
264.719	1464
264.727	1464
264.728	1464
264.736	1464
264.744	1464
264.746	1464
264.753	1464
264.76	1464
264.761	1464
264.767	1464
264.774	1464
264.775	1464
264.781	1464
264.787	1464
264.788	1464
264.795	1464
264.8	1464
264.802	1464
264.808	1464
264.814	1464
264.815	1464
264.82	1464
264.83	1464
264.83	1464
264.838	1464
264.847	1464
264.847	1464
264.857	1464
264.868	1464
264.869	1464
264.88	1464
264.889	1464
264.891	1464
264.902	1464
264.912	1464
264.913	1464
264.915	1464
264.924	1464
264.935	1464
264.937	1464
264.947	1464
264.957	1464
264.959	1464
264.968	1464
264.977	1464
264.978	1464
264.986	1464
264.994	1464
264.995	1464
265.002	1464
265.009	1464
265.01	1464
265.018	1464
265.027	1464
265.028	1464
265.035	1464
265.042	1464
265.043	1464
265.052	1464
265.06	1464
265.067	1464
265.075	1464
265.076	1464
265.083	1464
265.091	1464
265.092	1464
265.1	1464
265.107	1464
265.108	1464
265.116	1464
265.124	1464
265.125	1464
265.134	1464
265.141	1464
265.142	1464
265.149	1464
265.157	1464
265.158	1464
265.167	1464
265.174	1464
265.176	1464
265.183	1464
265.19	1464
265.191	1464
265.2	1464
265.207	1464
265.209	1464
265.215	1464
265.223	1464
265.224	1464
265.232	1464
265.241	1464
265.242	1464
265.249	1464
265.251	1464
265.257	1464
265.265	1464
265.266	1464
265.274	1464
265.282	1464
265.283	1464
265.29	1464
265.299	1464
265.307	1464
265.308	1464
265.316	1464
265.322	1464
265.33	1464
265.339	1464
265.345	1464
265.347	1464
265.354	1464
265.363	1464
265.371	1464
265.372	1464
265.378	1464
265.387	1464
265.394	1464
265.395	1464
265.403	1464
265.41	1464
265.412	1464
265.419	1464
265.428	1464
265.429	1464
265.437	1464
265.443	1464
265.445	1464
265.453	1464
265.461	1464
265.469	1464
265.47	1464
265.477	1464
265.485	1464
265.486	1464
265.494	1464
265.501	1464
265.509	1464
265.51	1464
265.517	1464
265.526	1464
265.527	1464
265.535	1464
265.542	1464
265.543	1464
265.551	1464
265.559	1464
265.56	1464
265.568	1464
265.576	1464
265.576	1464
265.584	1464
265.591	1464
265.592	1464
265.598	1464
265.604	1464
265.611	1464
265.612	1464
265.619	1464
265.624	1464
265.63	1464
265.637	1464
265.644	1464
265.645	1464
265.65	1464
265.657	1464
265.658	1464
265.663	1464
265.67	1464
265.671	1464
265.677	1464
265.685	1464
265.685	1464
265.693	1464
265.703	1464
265.704	1464
265.715	1464
265.725	1464
265.726	1464
265.736	1464
265.746	1464
265.747	1464
265.759	1464
265.769	1464
265.779	1464
265.781	1464
265.79	1464
265.799	1464
265.806	1464
265.808	1464
265.815	1464
265.822	1464
265.823	1464
265.831	1464
265.839	1464
265.846	1464
265.848	1464
265.856	1464
265.864	1464
265.871	1464
265.873	1464
265.88	1464
265.888	1464
265.889	1464
265.897	1464
265.905	1464
265.906	1464
265.913	1464
265.92	1464
265.921	1464
265.929	1464
265.937	1464
265.938	1464
265.945	1464
265.953	1464
265.962	1464
265.963	1464
265.971	1464
265.978	1464
265.98	1464
265.987	1464
265.995	1464
265.996	1464
266.004	1464
266.01	1464
266.012	1464
266.02	1464
266.027	1464
266.035	1464
266.036	1464
266.044	1464
266.051	1464
266.052	1464
266.06	1464
266.068	1464
266.069	1464
266.078	1464
266.084	1464
266.085	1464
266.094	1464
266.102	1464
266.11	1464
266.111	1464
266.118	1464
266.126	1464
266.127	1464
266.134	1464
266.143	1464
266.15	1464
266.151	1464
266.158	1464
266.166	1464
266.167	1464
266.175	1464
266.182	1464
266.191	1464
266.192	1464
266.199	1464
266.207	1464
266.214	1464
266.216	1464
266.223	1464
266.231	1464
266.233	1464
266.24	1464
266.248	1464
266.249	1464
266.257	1394
266.265	1394
266.267	1394
266.274	1394
266.282	1394
266.284	1394
266.291	1394
266.3	1394
266.308	1394
266.309	1394
266.317	1394
266.319	1394
266.326	1394
266.327	1394
266.335	1394
266.343	1394
266.344	1394
266.352	1394
266.36	1394
266.362	1394
266.37	1394
266.378	1394
266.379	1394
266.387	1394
266.396	1394
266.397	1394
266.405	1394
266.414	1420
266.414	1420
266.421	1420
266.427	1420
266.428	1420
266.434	1420
266.441	1420
266.442	1420
266.443	1420
266.449	1426
266.454	1426
266.455	1426
266.463	1426
266.469	1426
266.475	1426
266.476	1426
266.482	1426
266.492	1426
266.498	1426
266.499	1426
266.506	1426
266.514	1426
266.515	1426
266.526	1426
266.536	1426
266.538	1426
266.548	1426
266.56	1426
266.561	1426
266.571	1426
266.582	1426
266.584	1426
266.595	1426
266.604	1426
266.615	1426
266.617	1426
266.624	1426
266.625	1426
266.634	1426
266.641	1426
266.642	1426
266.65	1426
266.659	1426
266.66	1426
266.667	1426
266.675	1426
266.676	1426
266.685	1426
266.686	1426
266.694	1426
266.695	1426
266.702	1426
266.711	1426
266.712	1426
266.72	1426
266.727	1426
266.729	1426
266.737	1426
266.745	1426
266.746	1426
266.754	1426
266.762	1426
266.763	1426
266.77	1426
266.778	1426
266.779	1426
266.787	1426
266.795	1426
266.803	1426
266.804	1426
266.812	1426
266.821	1426
266.821	1426
266.829	1426
266.837	1426
266.838	1426
266.847	1426
266.855	1426
266.856	1426
266.864	1426
266.871	1426
266.88	1426
266.881	1426
266.888	1426
266.896	1426
266.897	1426
266.905	1426
266.913	1426
266.915	1426
266.923	1426
266.931	1426
266.931	1426
266.94	1426
266.948	1426
266.949	1426
266.957	1426
266.965	1426
266.966	1426
266.973	1426
266.981	1426
266.989	1426
266.99	1426
266.998	1426
267.007	1426
267.007	1426
267.016	1426
267.017	1426
267.025	1426
267.026	1426
267.033	1426
267.042	1426
267.049	1426
267.05	1426
267.051	1426
267.059	1426
267.067	1426
267.075	1426
267.076	1426
267.085	1426
267.092	1426
267.093	1426
267.102	1426
267.109	1426
267.111	1426
267.118	1426
267.126	1426
267.135	1426
267.141	1426
267.143	1426
267.152	1426
267.159	1426
267.161	1426
267.168	1426
267.175	1426
267.183	1426
267.184	1426
267.193	1426
267.201	1426
267.202	1426
267.21	1426
267.218	1426
267.219	1426
267.227	1426
267.234	1426
267.235	1426
267.244	1426
267.25	1426
267.251	1426
267.257	1426
267.264	1426
267.265	1426
267.271	1426
267.277	1426
267.279	1426
267.285	1426
267.291	1426
267.297	1426
267.298	1426
267.304	1426
267.31	1426
267.311	1426
267.318	1426
267.324	1426
267.325	1426
267.332	1426
267.34	1426
267.341	1426
267.351	1426
267.352	1426
267.363	1426
267.364	1426
267.375	1426
267.386	1426
267.388	1426
267.397	1426
267.409	1426
267.411	1426
267.421	1426
267.432	1426
267.441	1426
267.444	1426
267.445	1426
267.452	1426
267.46	1426
267.469	1426
267.476	1426
267.477	1426
267.485	1426
267.493	1426
267.5	1426
267.502	1426
267.511	1426
267.517	1426
267.519	1426
267.527	1426
267.534	1426
267.537	1426
267.544	1426
267.551	1426
267.56	1426
267.561	1426
267.569	1426
267.576	1426
267.584	1426
267.585	1426
267.593	1426
267.602	1426
267.603	1426
267.61	1426
267.619	1426
267.62	1426
267.627	1426
267.636	1426
267.637	1426
267.645	1426
267.652	1426
267.653	1426
267.662	1426
267.67	1426
267.671	1426
267.678	1426
267.686	1426
267.687	1426
267.695	1426
267.704	1426
267.705	1426
267.713	1426
267.721	1426
267.722	1426
267.73	1426
267.738	1426
267.739	1426
267.747	1426
267.755	1426
267.762	1426
267.763	1426
267.772	1426
267.779	1426
267.78	1426
267.789	1426
267.797	1426
267.798	1426
267.806	1426
267.814	1426
267.815	1426
267.822	1426
267.831	1426
267.839	1426
267.84	1426
267.847	1426
267.855	1426
267.856	1426
267.865	1426
267.873	1426
267.881	1426
267.882	1426
267.889	1426
267.897	1426
267.898	1426
267.907	1426
267.915	1426
267.916	1426
267.924	1426
267.932	1426
267.933	1426
267.94	1426
267.947	1426
267.949	1426
267.958	1426
267.965	1426
267.967	1426
267.975	1426
267.981	1426
267.983	1426
267.991	1426
267.998	1426
268	1426
268.007	1426
268.015	1426
268.024	1426
268.024	1426
268.032	1426
268.041	1426
268.042	1426
268.05	1426
268.057	1426
268.058	1426
268.067	1426
268.073	1426
268.074	1426
268.08	1426
268.086	1426
268.087	1426
268.094	1426
268.095	1426
268.101	1426
268.102	1426
268.109	1426
268.115	1426
268.116	1426
268.123	1426
268.129	1426
268.13	1426
268.138	1426
268.149	1426
268.155	1426
268.156	1426
268.162	1426
268.167	1426
268.169	1426
268.18	1426
268.19	1426
268.192	1426
268.202	1426
268.213	1426
268.223	1426
268.225	1426
268.236	1426
268.247	1426
268.248	1426
268.259	1426
268.27	1426
268.271	1426
268.279	1426
268.286	1426
268.287	1426
268.289	1426
268.296	1426
268.305	1426
268.312	1426
268.32	1426
268.329	1426
268.329	1426
268.338	1426
268.346	1426
268.346	1426
268.355	1426
268.363	1426
268.364	1426
268.371	1426
268.379	1426
268.38	1426
268.389	1426
268.396	1426
268.397	1426
268.405	1426
268.413	1426
268.414	1426
268.422	1426
268.43	1426
268.431	1426
268.439	1426
268.448	1426
268.449	1426
268.457	1426
268.464	1426
268.465	1426
268.474	1426
268.482	1426
268.483	1426
268.491	1426
268.498	1426
268.499	1426
268.508	1426
268.516	1426
268.517	1426
268.525	1361
268.533	1361
268.533	1361
268.541	1361
268.55	1361
268.551	1361
268.559	1361
268.569	1361
268.57	1361
268.578	1361
268.586	1361
268.588	1361
268.595	1361
268.603	1361
268.612	1361
268.625	1361
268.626	1361
268.634	1361
268.635	1361
268.645	1361
268.653	1361
268.654	1361
268.662	1361
268.67	1361
268.671	1361
268.679	1361
268.688	1361
268.689	1361
268.697	1361
268.706	1361
268.713	1361
268.715	1361
268.723	1361
268.724	1361
268.733	1361
268.742	1361
268.743	1361
268.75	1361
268.76	1361
268.761	1361
268.769	1361
268.777	1361
268.779	1361
268.786	1361
268.794	1361
268.802	1361
268.804	1361
268.812	1361
268.821	1361
268.823	1361
268.83	1361
268.838	1361
268.839	1361
268.848	1361
268.857	1361
268.858	1361
268.866	1361
268.874	1361
268.875	1361
268.884	1361
268.885	1361
268.894	1361
268.895	1361
268.9	1361
268.907	1361
268.908	1361
268.915	1361
268.922	1361
268.923	1361
268.93	1361
268.935	1361
268.942	1361
268.943	1361
268.944	1361
268.952	1361
268.957	1361
268.964	1361
268.965	1361
268.972	1361
268.978	1361
268.979	1361
268.987	1361
268.992	1361
268.993	1361
269.008	1361
269.019	1361
269.02	1361
269.031	1361
269.041	1361
269.043	1361
269.055	1361
269.065	1361
269.067	1361
269.079	1361
269.089	1361
269.091	1361
269.102	1361
269.11	1361
269.118	1361
269.126	1361
269.127	1361
269.136	1361
269.145	1361
269.146	1361
269.154	1361
269.163	1361
269.17	1391
269.171	1391
269.18	1391
269.188	1391
269.196	1391
269.197	1391
269.205	1391
269.214	1391
269.215	1391
269.223	1391
269.23	1391
269.232	1391
269.24	1391
269.249	1391
269.25	1391
269.258	1391
269.266	1391
269.267	1391
269.275	1391
269.283	1391
269.284	1391
269.292	1391
269.3	1391
269.301	1391
269.309	1391
269.318	1391
269.32	1391
269.328	1391
269.336	1391
269.337	1391
269.345	1391
269.353	1391
269.354	1391
269.363	1391
269.371	1391
269.372	1391
269.379	1391
269.387	1391
269.388	1391
269.396	1391
269.405	1391
269.407	1391
269.415	1391
269.423	1391
269.424	1391
269.432	1391
269.44	1391
269.441	1391
269.449	1391
269.458	1391
269.458	1391
269.466	1391
269.475	1391
269.475	1391
269.483	1391
269.492	1391
269.493	1391
269.501	1391
269.509	1391
269.51	1391
269.518	1391
269.526	1391
269.534	1391
269.536	1391
269.544	1391
269.553	1391
269.554	1391
269.562	1391
269.569	1391
269.577	1391
269.582	1391
269.59	1391
269.598	1391
269.606	1391
269.607	1391
269.615	1391
269.624	1391
269.625	1391
269.633	1391
269.642	1391
269.643	1391
269.65	1391
269.658	1391
269.667	1391
269.674	1391
269.676	1391
269.687	1391
269.698	1391
269.706	1391
269.714	1391
269.723	1391
269.724	1391
269.731	1391
269.739	1391
269.745	1391
269.746	1391
269.753	1391
269.759	1391
269.76	1391
269.765	1391
269.772	1391
269.773	1391
269.78	1391
269.787	1391
269.788	1391
269.794	1391
269.8	1391
269.801	1391
269.807	1391
269.815	1391
269.816	1391
269.822	1391
269.83	1391
269.831	1391
269.842	1391
269.852	1391
269.853	1391
269.865	1391
269.875	1391
269.876	1391
269.887	1391
269.898	1391
269.91	1391
269.912	1391
269.922	1391
269.932	1391
269.94	1391
269.942	1391
269.951	1391
269.958	1391
269.966	1391
269.974	1391
269.975	1391
269.984	1391
269.992	1391
269.993	1391
270.001	1391
270.009	1391
270.01	1391
270.018	1391
270.026	1391
270.027	1391
270.035	1391
270.037	1391
270.045	1391
270.053	1391
270.062	1391
270.063	1391
270.071	1391
270.079	1391
270.081	1391
270.089	1391
270.097	1391
270.098	1391
270.105	1391
270.113	1391
270.114	1391
270.122	1391
270.131	1391
270.132	1391
270.14	1391
270.149	1391
270.149	1391
270.157	1391
270.166	1391
270.168	1391
270.175	1391
270.362	1391
270.362	1391
270.362	1391
270.362	1391
270.372	1391
270.373	1391
270.381	1391
270.465	1391
270.466	1391
270.473	1391
270.481	1391
270.482	1391
270.49	1391
270.566	1391
270.567	1391
270.574	1391
270.583	1391
270.584	1391
270.592	1391
270.6	1391
270.601	1391
270.61	1391
270.618	1391
270.619	1391
270.627	1391
270.635	1391
270.636	1391
270.644	1391
270.652	1391
270.654	1391
270.662	1391
270.67	1391
270.671	1391
270.679	1391
270.686	1391
270.687	1391
270.696	1391
270.704	1391
270.705	1391
270.713	1391
270.721	1391
270.722	1391
270.73	1391
270.739	1391
270.74	1391
270.748	1391
270.756	1391
270.758	1391
270.766	1391
270.773	1391
270.774	1391
270.784	1391
270.792	1391
270.792	1391
270.801	1391
270.809	1391
270.81	1391
270.817	1391
270.826	1391
270.828	1391
270.835	1391
270.843	1391
270.844	1391
270.853	1391
270.861	1391
270.861	1391
270.871	1391
270.879	1391
270.88	1391
270.887	1391
270.896	1391
270.897	1391
270.904	1391
270.912	1345
270.914	1345
270.922	1345
270.93	1345
270.932	1345
270.941	1345
270.948	1345
270.95	1345
270.958	1345
270.966	1345
270.968	1345
270.976	1345
270.984	1345
270.986	1345
270.994	1345
271.003	1345
271.004	1345
271.012	1345
271.02	1345
271.023	1345
271.03	1345
271.038	1345
271.04	1345
271.048	1345
271.056	1345
271.059	1345
271.066	1345
271.074	1345
271.076	1345
271.085	1345
271.092	1345
271.094	1345
271.103	1345
271.11	1345
271.112	1345
271.121	1345
271.129	1345
271.131	1345
271.139	1345
271.147	1345
271.149	1345
271.156	1345
271.164	1345
271.166	1345
271.174	1345
271.182	1345
271.185	1345
271.191	1345
271.198	1345
271.199	1345
271.205	1345
271.212	1345
271.213	1345
271.219	1345
271.226	1345
271.227	1345
271.234	1345
271.241	1345
271.242	1345
271.249	1345
271.255	1345
271.256	1345
271.263	1345
271.27	1345
271.271	1345
271.278	1345
271.283	1345
271.284	1345
271.292	1345
271.302	1345
271.304	1345
271.315	1345
271.326	1345
271.328	1345
271.339	1345
271.35	1345
271.352	1345
271.363	1345
271.374	1345
271.377	1345
271.388	1345
271.398	1345
271.4	1345
271.408	1345
271.417	1345
271.419	1345
271.426	1345
271.435	1361
271.437	1361
271.444	1361
271.453	1388
271.461	1388
271.462	1388
271.47	1388
271.478	1388
271.479	1388
271.487	1388
271.495	1388
271.505	1388
271.514	1388
271.522	1388
271.529	1388
271.538	1388
271.549	1388
271.553	1388
271.566	1388
271.574	1388
271.579	1388
271.591	1388
271.599	1388
271.601	1388
271.608	1388
271.617	1388
271.619	1388
271.629	1388
271.637	1388
271.647	1388
271.656	1388
271.664	1388
271.672	1388
271.673	1388
271.681	1388
271.688	1388
271.696	1388
271.698	1388
271.706	1388
271.714	1388
271.715	1388
271.723	1388
271.731	1388
271.732	1388
271.742	1388
271.749	1388
271.75	1388
271.759	1388
271.767	1388
271.768	1388
271.776	1388
271.785	1388
271.793	1388
271.793	1388
271.801	1388
271.809	1388
271.81	1388
271.818	1388
271.828	1388
271.829	1388
271.837	1388
271.845	1388
271.846	1388
271.853	1388
271.861	1388
271.863	1388
271.872	1388
271.88	1388
271.881	1388
271.889	1388
271.89	1388
271.898	1388
271.906	1388
271.907	1388
271.915	1388
271.923	1388
271.926	1388
271.933	1388
271.942	1388
271.943	1388
271.954	1388
271.962	1388
271.97	1388
271.977	1388
271.978	1388
271.979	1388
271.987	1388
271.996	1388
271.997	1388
272.005	1388
272.014	1388
272.015	1388
272.022	1388
272.03	1388
272.038	1388
272.039	1388
272.044	1388
272.051	1388
272.057	1388
272.059	1388
272.065	1388
272.071	1388
272.072	1388
272.079	1388
272.085	1388
272.093	1388
272.094	1388
272.1	1388
272.107	1388
272.107	1388
272.114	1388
272.123	1388
272.123	1388
272.133	1388
272.143	1388
272.145	1388
272.155	1388
272.166	1388
272.167	1388
272.179	1388
272.19	1388
272.191	1388
272.202	1388
272.213	1388
272.215	1388
272.225	1388
272.235	1388
272.237	1388
272.249	1388
272.256	1388
272.257	1388
272.265	1388
272.273	1388
272.275	1388
272.283	1388
272.292	1388
272.293	1388
272.301	1408
272.309	1408
272.31	1408
272.317	1423
272.326	1430
272.327	1430
272.335	1430
272.343	1430
272.35	1430
272.358	1430
272.361	1430
272.368	1430
272.375	1430
272.377	1430
272.384	1430
272.392	1430
272.394	1430
272.401	1430
272.409	1430
272.421	1430
272.43	1430
272.436	1430
272.449	1430
272.45	1430
272.458	1430
272.465	1430
272.467	1430
272.474	1430
272.482	1430
272.484	1430
272.491	1430
272.5	1430
272.501	1430
272.509	1430
272.517	1430
272.518	1430
272.526	1430
272.534	1430
272.535	1430
272.543	1430
272.55	1430
272.551	1430
272.559	1430
272.567	1430
272.568	1430
272.577	1430
272.585	1430
272.586	1430
272.593	1430
272.601	1430
272.602	1430
272.61	1430
272.618	1430
272.627	1430
272.628	1430
272.635	1430
272.643	1430
272.644	1430
272.652	1430
272.661	1430
272.662	1430
272.669	1430
272.677	1430
272.678	1430
272.686	1430
272.694	1430
272.696	1430
272.703	1430
272.71	1430
272.712	1430
272.72	1430
272.728	1430
272.729	1430
272.736	1430
272.745	1430
272.746	1430
272.754	1430
272.762	1430
272.769	1430
272.778	1430
272.779	1430
272.786	1430
272.794	1430
272.795	1430
272.803	1430
272.811	1430
272.812	1430
272.82	1430
272.829	1430
272.837	1430
272.838	1430
272.845	1430
272.854	1430
272.861	1430
272.863	1430
272.871	1430
272.878	1430
272.879	1430
272.885	1430
272.891	1430
272.893	1430
272.899	1430
272.904	1430
272.905	1430
272.912	1430
272.918	1430
272.919	1430
272.925	1430
272.932	1430
272.933	1430
272.939	1430
272.945	1430
272.946	1430
272.952	1430
272.961	1430
272.961	1430
272.969	1430
272.976	1430
272.977	1430
272.989	1430
272.999	1430
273.001	1430
273.01	1430
273.021	1430
273.022	1430
273.034	1430
273.043	1430
273.045	1430
273.056	1430
273.066	1430
273.067	1430
273.078	1430
273.088	1430
273.09	1430
273.097	1430
273.106	1442
273.107	1442
273.114	1442
273.123	1442
273.124	1442
273.132	1442
273.14	1442
273.141	1442
273.148	1442
273.156	1442
273.157	1442
273.165	1442
273.168	1442
273.174	1442
273.183	1442
273.19	1442
273.198	1442
273.207	1442
273.208	1442
273.215	1442
273.224	1442
273.236	1442
273.244	1442
273.251	1442
273.262	1442
273.268	1442
273.269	1442
273.278	1442
273.285	1442
273.287	1442
273.297	1442
273.304	1442
273.306	1442
273.314	1442
273.322	1442
273.324	1442
273.332	1442
273.34	1442
273.342	1442
273.349	1442
273.356	1442
273.357	1442
273.365	1442
273.374	1442
273.375	1442
273.382	1442
273.391	1442
273.398	1442
273.399	1442
273.406	1442
273.414	1442
273.415	1442
273.423	1442
273.432	1442
273.433	1442
273.44	1442
273.448	1442
273.449	1442
273.457	1442
273.465	1442
273.467	1442
273.475	1442
273.481	1442
273.483	1442
273.49	1442
273.498	1442
273.499	1442
273.507	1442
273.515	1442
273.516	1442
273.524	1442
273.533	1442
273.534	1442
273.541	1442
273.549	1442
273.557	1442
273.559	1442
273.565	1442
273.573	1442
273.574	1442
273.582	1442
273.59	1442
273.599	1442
273.606	1442
273.607	1442
273.616	1442
273.623	1442
273.625	1442
273.632	1442
273.64	1442
273.648	1442
273.655	1442
273.656	1442
273.664	1442
273.672	1442
273.673	1442
273.681	1442
273.688	1442
273.69	1442
273.697	1442
273.705	1442
273.713	1442
273.718	1442
273.719	1442
273.725	1442
273.731	1442
273.732	1442
273.739	1442
273.746	1442
273.752	1442
273.753	1442
273.759	1442
273.765	1442
273.766	1442
273.772	1442
273.778	1442
273.779	1442
273.786	1442
273.792	1442
273.793	1442
273.799	1442
273.809	1442
273.81	1442
273.821	1442
273.832	1442
273.834	1442
273.843	1442
273.855	1442
273.856	1442
273.867	1442
273.877	1442
273.879	1442
273.888	1442
273.899	1442
273.901	1442
273.91	1442
273.919	1442
273.92	1442
273.927	1442
273.936	1442
273.937	1442
273.944	1442
273.953	1442
273.954	1442
273.961	1442
273.969	1442
273.97	1442
273.978	1442
273.985	1442
273.987	1442
273.995	1447
273.997	1447
274.004	1447
274.012	1447
274.02	1447
274.021	1447
274.029	1447
274.037	1447
274.038	1447
274.046	1447
274.053	1447
274.055	1447
274.061	1447
274.069	1447
274.07	1447
274.079	1447
274.087	1447
274.087	1447
274.095	1447
274.103	1447
274.104	1447
274.112	1447
274.119	1447
274.122	1447
274.13	1447
274.138	1447
274.14	1447
274.147	1447
274.154	1447
274.155	1447
274.163	1447
274.172	1447
274.175	1447
274.183	1447
274.19	1447
274.198	1447
274.199	1447
274.207	1447
274.216	1447
274.217	1447
274.224	1447
274.232	1447
274.233	1447
274.24	1447
274.249	1447
274.25	1447
274.257	1447
274.265	1447
274.266	1447
274.274	1447
274.282	1447
274.289	1447
274.29	1447
274.299	1447
274.307	1447
274.308	1447
274.315	1447
274.324	1447
274.325	1447
274.332	1447
274.34	1447
274.341	1447
274.349	1447
274.356	1447
274.357	1447
274.366	1447
274.373	1447
274.374	1447
274.382	1447
274.391	1447
274.392	1447
274.4	1447
274.406	1447
274.408	1447
274.415	1447
274.423	1447
274.425	1447
274.432	1447
274.44	1447
274.449	1447
274.45	1447
274.458	1447
274.458	1447
274.467	1447
274.473	1447
274.475	1447
274.483	1447
274.491	1447
274.499	1447
274.506	1447
274.515	1447
274.516	1447
274.524	1447
274.531	1447
274.532	1447
274.538	1447
274.544	1447
274.545	1447
274.551	1447
274.558	1447
274.564	1447
274.565	1447
274.57	1447
274.577	1447
274.578	1447
274.584	1447
274.59	1447
274.591	1447
274.597	1447
274.604	1447
274.61	1447
274.611	1447
274.618	1447
274.623	1447
274.624	1447
274.63	1447
274.637	1447
274.639	1447
274.648	1447
274.66	1447
274.661	1447
274.671	1447
274.681	1447
274.684	1447
274.694	1447
274.704	1447
274.705	1447
274.715	1447
274.726	1447
274.728	1447
274.738	1447
274.745	1447
274.747	1447
274.754	1447
274.763	1447
274.764	1447
274.771	1447
274.78	1447
274.78	1447
274.789	1447
274.797	1498
274.798	1498
274.805	1498
274.813	1498
274.814	1498
274.82	1498
274.828	1498
274.829	1501
274.838	1501
274.845	1501
274.846	1501
274.854	1501
274.867	1501
274.873	1501
274.885	1501
274.891	1501
274.892	1501
274.901	1501
274.907	1501
274.917	1501
274.926	1501
274.94	1501
274.947	1501
274.954	1501
274.955	1501
274.963	1501
274.97	1501
274.971	1501
274.978	1501
274.986	1501
274.987	1501
274.994	1501
275.002	1501
275.003	1501
275.015	1501
275.022	1501
275.03	1501
275.031	1501
275.039	1501
275.046	1501
275.047	1501
275.055	1501
275.062	1501
275.063	1501
275.07	1501
275.078	1501
275.079	1501
275.088	1501
275.095	1501
275.096	1501
275.103	1501
275.111	1501
275.119	1501
275.119	1501
275.126	1501
275.135	1501
275.136	1501
275.143	1501
275.15	1501
275.151	1501
275.16	1501
275.166	1501
275.167	1501
275.175	1501
275.183	1501
275.184	1501
275.192	1501
275.199	1501
275.207	1501
275.208	1501
275.215	1501
275.223	1501
275.224	1501
275.232	1501
275.239	1501
275.24	1501
275.247	1501
275.255	1501
275.256	1501
275.263	1501
275.271	1501
275.272	1501
275.28	1501
275.287	1501
275.295	1501
275.295	1501
275.304	1501
275.31	1501
275.311	1501
275.319	1501
275.327	1501
275.328	1501
275.335	1501
275.342	1501
275.35	1501
275.357	1501
275.359	1501
275.367	1501
275.372	1501
275.378	1501
275.379	1501
275.385	1501
275.391	1501
275.392	1501
275.398	1501
275.405	1501
275.406	1501
275.411	1501
275.417	1501
275.418	1501
275.426	1501
275.433	1501
275.433	1501
275.439	1501
275.448	1501
275.448	1501
275.458	1501
275.465	1501
275.466	1501
275.477	1501
275.487	1501
275.488	1501
275.498	1501
275.508	1501
275.509	1501
275.519	1501
275.529	1501
275.531	1501
275.542	1501
275.552	1501
275.553	1501
275.563	1501
275.573	1504
275.574	1504
275.582	1504
275.588	1512
275.589	1512
275.598	1529
275.605	1529
275.611	1529
275.613	1529
275.621	1529
275.628	1529
275.629	1529
275.636	1529
275.644	1529
275.645	1529
275.653	1529
275.66	1529
275.667	1529
275.668	1529
275.675	1529
275.684	1529
275.685	1529
275.692	1529
275.699	1529
275.71	1529
275.717	1529
275.727	1529
275.735	1529
275.742	1529
275.743	1529
275.752	1529
275.758	1529
275.759	1529
275.767	1529
275.775	1529
275.784	1529
275.792	1529
275.798	1529
275.806	1529
275.808	1529
275.814	1529
275.822	1529
275.824	1529
275.83	1529
275.837	1529
275.838	1529
275.846	1529
275.854	1529
275.855	1529
275.863	1529
275.87	1529
275.871	1529
275.878	1529
275.886	1529
275.887	1529
275.893	1529
275.902	1529
275.903	1529
275.91	1529
275.916	1529
275.918	1529
275.925	1529
275.932	1529
275.933	1529
275.941	1529
275.948	1529
275.949	1529
275.957	1529
275.965	1529
275.966	1529
275.973	1529
275.981	1529
275.988	1529
275.989	1529
275.997	1529
276.004	1529
276.005	1529
276.012	1529
276.019	1529
276.026	1529
276.027	1529
276.035	1529
276.036	1529
276.044	1529
276.045	1529
276.053	1529
276.059	1529
276.06	1529
276.067	1529
276.076	1529
276.077	1529
276.083	1529
276.092	1529
276.092	1529
276.1	1529
276.107	1529
276.109	1529
276.116	1529
276.117	1529
276.124	1529
276.125	1529
276.132	1529
276.139	1529
276.147	1529
276.148	1529
276.155	1529
276.163	1529
276.171	1529
276.172	1529
276.178	1529
276.186	1529
276.187	1529
276.194	1529
276.203	1529
276.208	1529
276.214	1529
276.215	1529
276.221	1529
276.226	1529
276.227	1529
276.234	1529
276.24	1529
276.241	1529
276.245	1529
276.251	1529
276.257	1529
276.258	1529
276.265	1529
276.271	1529
276.272	1529
276.277	1529
276.283	1529
276.283	1529
276.289	1529
276.299	1529
276.299	1529
276.306	1529
276.314	1529
276.316	1529
276.326	1529
276.336	1529
276.338	1529
276.348	1529
276.358	1529
276.359	1529
276.369	1529
276.379	1529
276.38	1529
276.389	1529
276.399	1529
276.401	1529
276.41	1566
276.417	1566
276.418	1566
276.427	1566
276.434	1566
276.435	1566
276.442	1566
276.449	1566
276.45	1566
276.456	1566
276.464	1566
276.466	1566
276.472	1576
276.479	1576
276.48	1576
276.488	1576
276.495	1576
276.496	1576
276.504	1576
276.505	1576
276.511	1576
276.519	1576
276.525	1576
276.527	1576
276.536	1576
276.542	1576
276.546	1576
276.555	1576
276.562	1576
276.564	1576
276.574	1576
276.582	1576
276.584	1576
276.592	1576
276.6	1576
276.602	1576
276.609	1576
276.619	1576
276.62	1576
276.621	1576
276.629	1576
276.635	1576
276.639	1576
276.647	1576
276.655	1576
276.662	1576
276.663	1576
276.67	1576
276.676	1576
276.677	1576
276.685	1576
276.693	1576
276.699	1576
276.7	1576
276.707	1576
276.715	1576
276.716	1576
276.722	1576
276.729	1576
276.738	1576
276.739	1576
276.746	1576
276.752	1576
276.753	1576
276.76	1576
276.767	1576
276.768	1576
276.775	1576
276.783	1576
276.79	1576
276.791	1576
276.798	1576
276.806	1576
276.806	1576
276.813	1576
276.822	1576
276.823	1576
276.83	1576
276.837	1576
276.838	1576
276.844	1576
276.852	1576
276.853	1576
276.86	1576
276.868	1576
276.869	1576
276.876	1576
276.882	1576
276.883	1576
276.891	1576
276.892	1576
276.899	1576
276.907	1576
276.908	1576
276.915	1576
276.922	1576
276.923	1576
276.93	1576
276.931	1576
276.938	1576
276.944	1576
276.946	1576
276.953	1576
276.96	1576
276.961	1576
276.968	1576
276.976	1576
276.977	1576
276.984	1576
276.992	1576
276.992	1576
276.999	1576
277.006	1576
277.007	1576
277.008	1576
277.016	1576
277.022	1576
277.031	1576
277.032	1576
277.033	1576
277.04	1576
277.046	1576
277.053	1576
277.054	1576
277.054	1576
277.059	1576
277.065	1576
277.066	1576
277.072	1576
277.078	1576
277.079	1576
277.086	1576
277.097	1576
277.097	1576
277.098	1576
277.114	1576
277.114	1576
277.12	1576
277.127	1576
277.128	1576
277.129	1576
277.134	1576
277.139	1576
277.14	1576
277.147	1576
277.152	1576
277.154	1576
277.162	1576
277.173	1576
277.181	1576
277.183	1576
277.193	1576
277.202	1576
277.203	1576
277.213	1576
277.222	1576
277.232	1576
277.233	1576
277.243	1576
277.252	1576
277.262	1576
277.263	1576
277.27	1576
277.277	1576
277.278	1576
277.285	1576
277.293	1576
277.301	1576
277.302	1576
277.309	1576
277.315	1576
277.316	1576
277.324	1576
277.331	1576
277.332	1576
277.334	1576
277.341	1576
277.342	1576
277.343	1576
277.349	1576
277.357	1576
277.358	1576
277.359	1576
277.365	1576
277.373	1576
277.374	1576
277.381	1576
277.389	1576
277.39	1576
277.397	1576
277.404	1576
277.405	1576
277.412	1576
277.419	1576
277.42	1576
277.427	1576
277.435	1576
277.436	1576
277.443	1576
277.449	1576
277.45	1576
277.458	1576
277.465	1576
277.466	1576
277.473	1576
277.474	1576
277.482	1576
277.483	1576
277.489	1576
277.497	1576
277.498	1576
277.505	1576
277.513	1576
277.514	1576
277.521	1576
277.527	1576
277.528	1576
277.536	1576
277.544	1576
277.545	1576
277.552	1576
277.558	1576
277.559	1576
277.566	1576
277.567	1576
277.568	1576
277.576	1576
277.578	1576
277.585	1576
277.592	1576
277.598	1576
277.599	1576
277.607	1576
277.614	1576
277.622	1576
277.623	1576
277.629	1576
277.636	1576
277.637	1576
277.645	1576
277.646	1576
277.653	1576
277.659	1576
277.661	1576
277.669	1576
277.675	1576
277.676	1576
277.683	1576
277.691	1576
277.692	1576
277.699	1576
277.706	1576
277.713	1576
277.715	1576
277.722	1576
277.729	1576
277.729	1576
277.736	1576
277.743	1576
277.752	1576
277.753	1576
277.76	1576
277.767	1576
277.768	1576
277.775	1576
277.776	1576
277.783	1576
277.784	1576
277.792	1576
277.793	1576
277.799	1576
277.807	1576
277.808	1576
277.814	1576
277.822	1576
277.823	1576
277.831	1576
277.838	1576
277.839	1576
277.846	1576
277.852	1576
277.853	1576
277.861	1576
277.867	1576
277.868	1576
277.876	1576
277.881	1576
277.882	1576
277.889	1576
277.895	1576
277.895	1576
277.901	1576
277.902	1576
277.908	1576
277.912	1576
277.913	1576
277.921	1576
277.921	1576
277.929	1576
277.929	1576
277.936	1576
277.936	1576
277.943	1576
277.943	1576
277.951	1576
277.959	1576
277.959	1576
277.966	1576
277.973	1576
277.974	1576
277.983	1576
277.994	1576
277.995	1576
278.004	1576
278.013	1576
278.015	1576
278.024	1576
278.034	1576
278.035	1576
278.045	1576
278.054	1576
278.057	1576
278.065	1576
278.076	1576
278.077	1576
278.086	1576
278.094	1576
278.095	1576
278.102	1576
278.108	1576
278.109	1576
278.117	1576
278.124	1576
278.131	1584
278.132	1584
278.14	1615
278.147	1624
278.148	1624
278.155	1624
278.156	1624
278.163	1624
278.17	1624
278.171	1624
278.177	1624
278.184	1624
278.185	1624
278.193	1624
278.199	1624
278.2	1624
278.208	1624
278.214	1624
278.215	1624
278.222	1624
278.23	1624
278.231	1624
278.238	1624
278.244	1624
278.245	1624
278.251	1624
278.258	1624
278.259	1624
278.266	1624
278.273	1624
278.274	1624
278.281	1624
278.288	1624
278.289	1624
278.296	1624
278.304	1624
278.305	1624
278.311	1624
278.318	1624
278.319	1624
278.327	1624
278.334	1624
278.335	1624
278.342	1624
278.349	1624
278.349	1624
278.356	1624
278.364	1624
278.365	1624
278.372	1624
278.383	1624
278.384	1624
278.389	1624
278.397	1624
278.398	1624
278.405	1624
278.412	1624
278.413	1624
278.419	1624
278.427	1624
278.428	1624
278.434	1624
278.442	1624
278.443	1624
278.449	1624
278.456	1624
278.464	1624
278.465	1624
278.471	1624
278.479	1624
278.48	1624
278.486	1624
278.494	1624
278.5	1624
278.501	1624
278.509	1624
278.515	1624
278.516	1624
278.523	1624
278.53	1624
278.537	1624
278.538	1624
278.546	1624
278.555	1624
278.561	1624
278.567	1624
278.568	1624
278.576	1624
278.583	1624
278.584	1624
278.591	1624
278.598	1624
278.599	1624
278.606	1624
278.613	1624
278.614	1624
278.62	1624
278.621	1624
278.629	1624
278.63	1624
278.637	1624
278.644	1624
278.644	1624
278.651	1624
278.658	1624
278.665	1624
278.666	1624
278.674	1624
278.681	1624
278.682	1624
278.689	1624
278.696	1624
278.696	1624
278.703	1624
278.708	1624
278.71	1624
278.715	1624
278.72	1624
278.721	1624
278.728	1624
278.733	1624
278.739	1624
278.739	1624
278.744	1624
278.751	1624
278.754	1624
278.761	1624
278.766	1624
278.772	1624
278.772	1624
278.779	1624
278.788	1624
278.791	1624
278.801	1624
278.805	1624
278.812	1624
278.813	1624
278.821	1624
278.831	1624
278.833	1624
278.841	1624
278.851	1624
278.86	1624
278.861	1624
278.87	1624
278.881	1624
278.881	1624
278.89	1624
278.9	1624
278.902	1624
278.911	1624
278.919	1624
278.921	1624
278.928	1624
278.935	1624
278.942	1624
278.942	1624
278.95	1624
278.956	1624
278.957	1624
278.964	1624
278.971	1624
278.973	1624
278.979	1624
278.987	1624
278.988	1624
278.994	1624
279.001	1624
279.002	1624
279.01	1624
279.016	1624
279.017	1624
279.024	1624
279.032	1624
279.033	1624
279.039	1624
279.046	1624
279.047	1624
279.054	1624
279.06	1624
279.061	1624
279.068	1624
279.075	1624
279.076	1624
279.083	1624
279.09	1624
279.091	1624
279.098	1624
279.105	1624
279.107	1624
279.114	1624
279.121	1624
279.121	1624
279.129	1624
279.135	1624
279.142	1624
279.144	1624
279.15	1624
279.158	1624
279.159	1624
279.165	1624
279.172	1624
279.18	1624
279.181	1624
279.187	1624
279.195	1624
279.202	1624
279.209	1624
279.21	1624
279.216	1624
279.223	1624
279.229	1624
279.23	1624
279.237	1624
279.244	1624
279.246	1624
279.253	1624
279.259	1624
279.266	1624
279.268	1624
279.274	1624
279.282	1624
279.289	1624
279.29	1624
279.296	1624
279.304	1624
279.305	1624
279.312	1624
279.318	1624
279.319	1624
279.326	1624
279.334	1624
279.341	1624
279.342	1624
279.348	1624
279.355	1624
279.356	1624
279.363	1624
279.369	1624
279.371	1624
279.378	1624
279.384	1624
279.385	1624
279.392	1624
279.4	1624
279.401	1624
279.407	1624
279.415	1624
279.416	1624
279.422	1624
279.429	1624
279.437	1624
279.438	1624
279.445	1624
279.451	1624
279.452	1624
279.459	1624
279.467	1624
279.468	1624
279.474	1624
279.482	1624
279.483	1624
279.49	1624
279.497	1624
279.498	1624
279.504	1624
279.512	1624
279.513	1624
279.52	1624
279.526	1624
279.527	1624
279.535	1624
279.54	1624
279.541	1624
279.548	1624
279.553	1624
279.554	1624
279.559	1624
279.564	1624
279.566	1624
279.567	1624
279.573	1624
279.577	1624
279.578	1624
279.579	1624
279.585	1624
279.592	1624
279.592	1624
279.605	1624
279.612	1624
279.617	1624
279.623	1624
279.623	1624
279.629	1624
279.635	1624
279.635	1624
279.642	1624
279.651	1624
279.653	1624
279.662	1624
279.671	1624
279.672	1624
279.682	1624
279.691	1624
279.692	1624
279.702	1624
279.711	1624
279.72	1624
279.721	1624
279.73	1624
279.74	1624
279.741	1624
279.751	1624
279.757	1624
279.758	1624
279.765	1624
279.771	1624
279.778	1624
279.786	1624
279.787	1624
279.788	1624
279.794	1624
279.802	1624
279.803	1624
279.81	1624
279.816	1624
279.817	1624
279.825	1624
279.831	1624
279.832	1624
279.839	1624
279.846	1624
279.847	1624
279.855	1624
279.862	1624
279.863	1624
279.87	1624
279.876	1624
279.878	1624
279.885	1624
279.892	1624
279.893	1624
279.9	1624
279.907	1624
279.908	1624
279.915	1624
279.922	1624
279.923	1624
279.93	1624
279.936	1624
279.937	1624
279.943	1624
279.951	1624
279.952	1624
279.959	1624
279.966	1624
279.967	1624
279.974	1624
279.975	1624
279.982	1624
279.989	1624
279.989	1624
279.997	1624
280.004	1624
280.004	1624
280.011	1624
280.018	1624
280.019	1624
280.026	1624
280.033	1624
280.04	1624
280.041	1624
280.048	1624
280.055	1624
280.056	1624
280.063	1624
280.071	1624
280.072	1624
280.078	1624
280.086	1624
280.087	1624
280.094	1624
280.1	1624
280.101	1624
280.107	1624
280.114	1624
280.116	1624
280.123	1624
280.13	1624
280.131	1624
280.137	1624
280.145	1624
280.146	1624
280.153	1624
280.16	1624
280.161	1624
280.168	1624
280.169	1624
280.175	1624
280.182	1624
280.183	1624
280.191	1624
280.198	1624
280.199	1624
280.206	1624
280.213	1624
280.214	1624
280.22	1615
280.227	1615
280.228	1615
280.235	1615
280.243	1615
280.244	1615
280.25	1615
280.258	1615
280.264	1615
280.271	1615
280.273	1615
280.279	1615
280.287	1615
280.288	1615
280.295	1615
280.301	1615
280.302	1615
280.309	1615
280.316	1615
280.324	1615
280.325	1615
280.331	1615
280.339	1615
280.34	1615
280.346	1615
280.353	1615
280.354	1615
280.362	1615
280.368	1615
280.369	1615
280.376	1615
280.383	1615
280.384	1615
280.389	1615
280.39	1615
280.396	1615
280.401	1615
280.408	1615
280.409	1615
280.414	1615
280.42	1615
280.421	1615
280.426	1615
280.431	1615
280.434	1615
280.441	1615
280.446	1615
280.454	1615
280.459	1615
280.46	1615
280.466	1615
280.471	1615
280.471	1615
280.477	1615
280.483	1615
280.489	1615
280.498	1615
280.507	1615
280.508	1615
280.519	1615
280.528	1615
280.529	1615
280.539	1615
280.547	1615
280.548	1615
280.558	1615
280.729	1615
280.729	1615
280.737	1615
280.738	1615
280.747	1615
280.757	1615
280.758	1615
280.832	1615
280.841	1615
280.842	1615
280.849	1615
280.86	1615
280.861	1615
280.935	1615
280.94	1615
280.941	1615
280.945	1615
280.951	1615
280.953	1615
280.958	1615
280.964	1615
280.965	1615
280.97	1615
280.976	1615
280.977	1615
280.982	1615
280.988	1615
280.989	1615
280.994	1615
281	1615
281.001	1615
281.006	1615
281.012	1615
281.013	1615
281.018	1615
281.024	1615
281.025	1615
281.03	1615
281.036	1615
281.037	1615
281.041	1615
281.052	1615
281.053	1615
281.061	1615
281.071	1615
281.072	1615
281.081	1615
281.091	1615
281.092	1615
281.099	1615
281.107	1615
281.108	1615
281.115	1615
281.122	1615
281.123	1615
281.129	1615
281.137	1615
281.138	1615
281.145	1615
281.152	1615
281.152	1931
281.158	1931
281.163	1931
281.164	1931
281.171	1931
281.177	1931
281.177	1931
281.183	1931
281.189	1931
281.19	1931
281.196	1931
281.201	1931
281.202	1931
281.209	1931
281.215	1931
281.215	1931
281.22	1931
281.226	1931
281.227	1931
281.233	1931
281.24	1931
281.24	1931
281.246	1931
281.252	1931
281.252	1931
281.258	1931
281.264	1931
281.266	1931
281.271	1931
281.277	1931
281.278	1931
281.284	1931
281.289	1931
281.29	1931
281.296	1931
281.302	1931
281.303	1931
281.309	1931
281.315	1931
281.316	1931
281.322	1931
281.326	1931
281.327	1931
281.334	1931
281.34	1931
281.341	1931
281.347	1931
281.351	1931
281.352	1931
281.359	1931
281.364	1931
281.365	1931
281.371	1931
281.377	1931
281.377	1931
281.383	1931
281.389	1931
281.391	1931
281.396	1931
281.402	1931
281.403	1931
281.408	1931
281.414	1931
281.415	1931
281.421	1931
281.428	1931
281.429	1931
281.433	1931
281.44	1931
281.441	1931
281.447	1931
281.452	1931
281.453	1931
281.46	1931
281.465	1931
281.466	1931
281.471	1931
281.477	1931
281.478	1931
281.484	1931
281.49	1931
281.491	1931
281.496	1931
281.503	1931
281.504	1931
281.509	1931
281.515	1931
281.516	1931
281.521	1931
281.528	1931
281.529	1931
281.535	1931
281.54	1931
281.54	1931
281.546	1931
281.552	1931
281.553	1931
281.56	1931
281.566	1931
281.567	1931
281.572	1931
281.578	1931
281.579	1931
281.584	1931
281.59	1931
281.591	1931
281.596	1931
281.603	1931
281.604	1931
281.609	1931
281.615	1931
281.616	1931
281.622	1931
281.627	1931
281.628	1931
281.635	1931
281.64	1931
281.641	1931
281.647	1931
281.652	1931
281.653	1931
281.66	1931
281.665	1931
281.666	1931
281.672	1931
281.679	1931
281.679	1931
281.685	1931
281.691	1931
281.691	1931
281.698	1931
281.703	1931
281.703	1931
281.709	1931
281.715	1931
281.716	1931
281.717	1931
281.724	1931
281.73	1931
281.733	1931
281.734	1931
281.739	1931
281.743	1931
281.744	1931
281.749	1931
281.754	1931
281.755	1931
281.759	1931
281.765	1931
281.769	1931
281.771	1931
281.781	1931
281.785	1931
281.79	1931
281.791	1931
281.796	1931
281.796	1931
281.803	1931
281.803	1931
281.81	1931
281.81	1931
281.816	1931
281.821	1931
281.821	1931
281.826	1931
281.833	1931
281.834	1931
281.835	1931
281.843	1931
281.851	1931
281.853	1931
281.86	1931
281.867	1931
281.868	1931
281.877	1931
281.884	1931
281.885	1931
281.894	1931
281.902	1931
281.908	1931
281.911	1931
281.918	1931
281.925	1931
281.933	1931
281.934	1931
281.943	1931
281.949	1931
281.949	1931
281.954	1931
281.96	1931
281.967	1931
281.968	1931
281.973	1931
281.979	1931
281.979	1931
281.985	1931
281.992	1931
281.992	1931
281.998	1931
282.005	1931
282.006	1931
282.011	1931
282.012	1931
282.018	1931
282.023	1931
282.029	1931
282.03	1931
282.037	1931
282.041	1931
282.042	1931
282.049	1931
282.054	1931
282.055	1931
282.062	1931
282.066	1931
282.067	1931
282.074	1931
282.079	1931
282.08	1931
282.086	1931
282.092	1931
282.098	1931
282.104	1931
282.105	1931
282.11	1931
282.116	1931
282.117	1931
282.123	1931
282.129	1931
282.13	1931
282.136	1931
282.141	1931
282.142	1931
282.148	1931
282.153	1931
282.155	1931
282.16	1931
282.167	1931
282.168	1931
282.174	1931
282.178	1931
282.18	1931
282.185	1931
282.191	1931
282.192	1931
282.199	1931
282.205	1931
282.205	1931
282.211	1931
282.212	1931
282.217	1931
282.223	1931
282.224	1931
282.229	1931
282.235	1931
282.241	1931
282.242	1931
282.248	1931
282.255	1931
282.256	1931
282.26	1931
282.266	1931
282.267	1931
282.273	1931
282.279	1931
282.28	1931
282.286	1931
282.291	1931
282.292	1931
282.299	1931
282.304	1931
282.305	1931
282.311	1931
282.316	1931
282.317	1931
282.324	1931
282.329	1931
282.33	1931
282.336	1931
282.341	1931
282.342	1931
282.348	1931
282.355	1931
282.356	1931
282.362	1931
282.367	1931
282.367	1931
282.374	1931
282.38	1931
282.38	1931
282.386	1931
282.392	1931
282.397	1931
282.398	1931
282.404	1931
282.411	1931
282.417	1931
282.423	1931
282.428	1931
282.428	1931
282.434	1931
282.441	1931
282.447	1931
282.452	1931
282.453	1931
282.459	1931
282.464	1931
282.465	1931
282.471	1931
282.478	1931
282.479	1931
282.484	1931
282.489	1931
282.495	1931
282.496	1931
282.502	1931
282.503	1931
282.509	1931
282.51	1931
282.516	1931
282.517	1931
282.523	1931
282.524	1931
282.529	1931
282.535	1931
282.536	1931
282.541	1931
282.542	1931
282.549	1931
282.55	1931
282.554	1931
282.558	1931
282.559	1931
282.564	1931
282.568	1931
282.574	1931
282.574	1931
282.579	1931
282.584	1931
282.585	1931
282.588	1931
282.593	1931
282.594	1931
282.598	1931
282.604	1931
282.605	1931
282.609	1931
282.613	1931
282.614	1931
282.618	1931
282.624	1931
282.625	1931
282.628	1931
282.633	1931
282.634	1931
282.641	1931
282.648	1931
282.655	1931
282.662	1931
282.67	1931
282.671	1931
282.679	1931
282.687	1931
282.694	1931
282.695	1931
282.703	1931
282.71	1931
282.711	1931
282.713	1931
282.72	1931
282.728	1931
282.736	1931
282.745	1931
282.752	1931
282.752	1931
282.759	1931
282.765	1931
282.771	1931
282.772	1931
282.778	1931
282.784	1931
282.784	1931
282.79	1931
282.796	1931
282.802	1931
282.803	1931
282.809	1931
282.81	1931
282.81	1931
282.815	1931
282.822	1931
282.823	1931
282.829	1931
282.835	1931
282.84	1931
282.841	1931
282.847	1931
282.852	1931
282.854	1931
282.86	1931
282.866	1931
282.866	1931
282.872	1931
282.877	1931
282.878	1931
282.885	1931
282.89	1931
282.89	1931
282.896	1931
282.902	1931
282.903	1931
282.909	1931
282.916	1931
282.917	1931
282.921	1931
282.927	1931
282.928	1931
282.934	1931
282.94	1931
282.941	1931
282.946	1931
282.953	1931
282.954	1931
282.96	1931
282.965	1931
282.966	1931
282.972	1931
282.977	1931
282.978	1931
282.985	1931
282.99	1931
282.996	1931
282.997	1931
283.003	1931
283.009	1931
283.015	1931
283.016	1931
283.022	1931
283.028	1931
283.033	1931
283.038	1931
283.039	1931
283.045	1931
283.052	1931
283.058	1931
283.059	1931
283.064	1931
283.065	1931
283.065	1931
283.071	1931
283.078	1931
283.083	1931
283.084	1931
283.089	1931
283.095	1931
283.096	1931
283.102	1931
283.108	1931
283.109	1931
283.115	1931
283.12	1931
283.121	1931
283.128	1931
283.133	1931
283.134	1931
283.14	1931
283.145	1931
283.146	1931
283.153	1931
283.159	1931
283.16	1931
283.166	1931
283.172	1931
283.177	1931
283.178	1931
283.183	1931
283.19	1931
283.191	1931
283.196	1931
283.201	1931
283.202	1931
283.208	1931
283.214	1931
283.215	1931
283.222	1931
283.227	1931
283.227	1931
283.234	1931
283.24	1931
283.241	1931
283.246	1931
283.252	1931
283.252	1931
283.258	1931
283.264	1931
283.265	1931
283.272	1931
283.277	1931
283.279	1931
283.28	1931
283.285	1931
283.291	1931
283.297	1931
283.298	1931
283.299	1931
283.305	1931
283.305	1931
283.311	1931
283.313	1931
283.319	1931
283.325	1931
283.325	1931
283.331	1931
283.331	1931
283.337	1931
283.343	1931
283.344	1931
283.351	1931
283.357	1931
283.363	1931
283.363	1931
283.369	1931
283.375	1883
283.38	1883
283.38	1883
283.385	1883
283.39	1883
283.391	1883
283.395	1883
283.401	1883
283.405	1883
283.407	1883
283.412	1883
283.417	1883
283.417	1883
283.422	1883
283.426	1883
283.427	1883
283.431	1883
283.436	1883
283.438	1883
283.443	1883
283.447	1883
283.448	1883
283.453	1883
283.459	1883
283.461	1883
283.466	1883
283.473	1883
283.479	1883
283.486	1883
283.488	1883
283.496	1883
283.497	1883
283.504	1883
283.512	1883
283.513	1883
283.521	1883
283.529	1883
283.53	1883
283.538	1883
283.546	1883
283.547	1883
283.556	1883
283.564	1883
283.571	1883
283.579	1883
283.588	1883
283.589	1883
283.595	1883
283.6	1883
283.606	1883
283.608	1883
283.614	1883
283.619	1883
283.62	1883
283.626	1883
283.633	1883
283.634	1883
283.64	1883
283.646	1883
283.647	1883
283.653	1883
283.659	1883
283.659	1883
283.664	1883
283.67	1883
283.671	1883
283.678	1883
283.683	1883
283.684	1883
283.691	1883
283.697	1883
283.697	1883
283.703	1883
283.71	1883
283.711	1883
283.717	1883
283.723	1883
283.724	1883
283.73	1883
283.735	1883
283.736	1883
283.742	1883
283.748	1883
283.748	1883
283.754	1883
283.76	1883
283.766	1883
283.767	1883
283.773	1883
283.779	1883
283.78	1883
283.787	1883
283.792	1883
283.793	1883
283.8	1883
283.806	1883
283.807	1883
283.813	1883
283.818	1883
283.819	1883
283.825	1883
283.832	1883
283.833	1883
283.838	1883
283.844	1883
283.844	1883
283.85	1883
283.856	1883
283.857	1883
283.863	1883
283.869	1883
283.87	1883
283.876	1883
283.882	1883
283.889	1883
283.89	1883
283.896	1883
283.902	1883
283.903	1883
283.909	1883
283.915	1883
283.921	1883
283.922	1883
283.928	1883
283.933	1883
283.94	1883
283.941	1883
283.947	1883
283.952	1883
283.953	1883
283.958	1883
283.959	1883
283.965	1883
283.972	1883
283.973	1883
283.978	1883
283.984	1883
283.985	1883
283.991	1883
283.997	1883
283.998	1883
284.005	1883
284.01	1883
284.011	1883
284.017	1883
284.023	1883
284.024	1883
284.03	1883
284.036	1883
284.042	1883
284.042	1883
284.048	1883
284.054	1883
284.055	1883
284.061	1883
284.067	1883
284.068	1883
284.075	1883
284.08	1883
284.081	1883
284.087	1883
284.088	1883
284.094	1883
284.1	1883
284.101	1883
284.107	1883
284.113	1883
284.114	1883
284.12	1883
284.126	1883
284.126	1883
284.132	1883
284.138	1883
284.139	1883
284.146	1883
284.152	1883
284.152	1883
284.158	1883
284.164	1883
284.17	1883
284.171	1883
284.177	1883
284.184	1883
284.185	1883
284.191	1883
284.196	1883
284.197	1883
284.204	1883
284.209	1883
284.209	1883
284.214	1883
284.218	1883
284.219	1883
284.224	1883
284.229	1883
284.23	1883
284.234	1883
284.238	1883
284.239	1883
284.244	1883
284.249	1883
284.249	1883
284.254	1883
284.259	1883
284.26	1883
284.264	1883
284.269	1883
284.27	1883
284.279	1883
284.286	1883
284.286	1883
284.29	1883
284.296	1883
284.296	1883
284.301	1883
284.308	1883
284.31	1883
284.318	1883
284.327	1883
284.327	1883
284.335	1890
284.344	1890
284.344	1890
284.353	1890
284.361	1890
284.368	1890
284.369	1890
284.378	1890
284.385	1890
284.386	1890
284.395	1890
284.402	1890
284.411	1890
284.412	1890
284.417	1890
284.418	1890
284.424	1890
284.431	1890
284.431	1890
284.436	1890
284.437	1890
284.443	1890
284.449	1890
284.455	1890
284.457	1890
284.463	1890
284.469	1890
284.47	1890
284.476	1890
284.482	1890
284.488	1890
284.489	1890
284.494	1890
284.501	1890
284.501	1890
284.506	1890
284.512	1890
284.513	1890
284.519	1890
284.525	1890
284.526	1890
284.533	1890
284.539	1890
284.54	1890
284.546	1890
284.552	1890
284.553	1890
284.559	1890
284.565	1890
284.566	1890
284.571	1890
284.577	1890
284.578	1890
284.583	1890
284.59	1890
284.591	1890
284.597	1890
284.602	1890
284.603	1890
284.61	1890
284.616	1890
284.616	1890
284.622	1890
284.628	1890
284.629	1890
284.635	1890
284.64	1890
284.641	1890
284.647	1890
284.653	1890
284.659	1890
284.66	1890
284.666	1890
284.672	1890
284.673	1890
284.68	1890
284.686	1890
284.687	1890
284.693	1890
284.698	1890
284.699	1890
284.706	1890
284.711	1890
284.712	1890
284.718	1890
284.719	1890
284.724	1890
284.725	1890
284.731	1890
284.732	1890
284.738	1890
284.744	1890
284.745	1890
284.752	1890
284.758	1890
284.763	1890
284.764	1890
284.769	1890
284.775	1890
284.781	1890
284.788	1890
284.793	1890
284.799	1890
284.805	1890
284.806	1890
284.813	1890
284.819	1890
284.819	1890
284.825	1890
284.832	1890
284.833	1890
284.838	1890
284.844	1890
284.851	1890
284.852	1890
284.858	1890
284.863	1890
284.863	1890
284.869	1890
284.876	1890
284.877	1890
284.883	1890
284.889	1890
284.89	1890
284.896	1890
284.901	1890
284.902	1890
284.908	1890
284.914	1890
284.915	1890
284.922	1890
284.922	1890
284.927	1890
284.928	1890
284.934	1890
284.94	1890
284.941	1890
284.942	1890
284.948	1890
284.954	1890
284.955	1890
284.961	1890
284.967	1890
284.973	1890
284.979	1890
284.986	1890
284.987	1890
284.993	1890
284.998	1890
284.999	1890
285.005	1890
285.01	1890
285.012	1890
285.017	1890
285.023	1890
285.024	1890
285.03	1890
285.036	1890
285.042	1890
285.047	1890
285.047	1890
285.052	1890
285.057	1890
285.058	1890
285.063	1890
285.068	1890
285.069	1890
285.074	1890
285.078	1890
285.079	1890
285.083	1890
285.089	1890
285.089	1890
285.089	1890
285.094	1890
285.099	1890
285.099	1890
285.105	1890
285.114	1890
285.118	1890
285.119	1890
285.125	1890
285.13	1890
285.13	1890
285.135	1890
285.139	1890
285.145	1890
285.145	1890
285.153	1890
285.162	1890
285.17	1890
285.171	1890
285.179	1890
285.187	1890
285.195	1890
285.196	1890
285.203	1890
285.212	1890
285.213	1890
285.22	1890
285.221	1890
285.229	1890
285.237	1890
285.245	1890
285.246	1890
285.252	1890
285.258	1890
285.259	1890
285.265	1890
285.271	1890
285.272	1890
285.273	1890
285.279	1890
285.285	1890
285.286	1890
285.292	1890
285.298	1890
285.304	1890
285.309	1890
285.315	1890
285.316	1890
285.322	1890
285.329	1890
285.33	1890
285.336	1890
285.341	1890
285.343	1890
285.348	1890
285.354	1890
285.355	1890
285.355	1890
285.362	1890
285.368	1890
285.368	1890
285.375	1890
285.38	1890
285.381	1890
285.387	1890
285.393	1890
285.395	1890
285.4	1890
285.407	1890
285.408	1890
285.414	1890
285.42	1890
285.42	1890
285.425	1890
285.431	1890
285.432	1890
285.438	1890
285.445	1890
285.446	1890
285.451	1890
285.457	1890
285.458	1890
285.465	1890
285.471	1890
285.472	1890
285.478	1890
285.483	1890
285.49	1890
285.49	1890
285.496	1890
285.502	1890
285.503	1890
285.508	1890
285.514	1890
285.52	1890
285.521	1890
285.527	1890
285.533	1890
285.534	1890
285.54	1890
285.547	1890
285.548	1890
285.553	1890
285.559	1890
285.559	1890
285.566	1890
285.572	1890
285.578	1890
285.578	1890
285.584	1890
285.59	1890
285.591	1890
285.598	1890
285.603	1890
285.609	1890
285.61	1890
285.616	1890
285.622	1890
285.623	1890
285.629	1890
285.635	1890
285.635	1890
285.642	1890
285.648	1890
285.649	1890
285.654	1890
285.66	1890
285.661	1890
285.668	1890
285.674	1890
285.675	1890
285.681	1890
285.687	1890
285.692	1890
285.693	1890
285.699	1890
285.706	1890
285.706	1890
285.712	1890
285.717	1890
285.718	1890
285.724	1890
285.73	1890
285.731	1890
285.737	1890
285.743	1890
285.744	1890
285.75	1890
285.757	1890
285.758	1890
285.764	1890
285.769	1890
285.769	1890
285.775	1890
285.781	1890
285.782	1890
285.788	1890
285.795	1890
285.796	1890
285.802	1890
285.803	1890
285.808	1890
285.814	1890
285.821	1890
285.822	1890
285.828	1890
285.833	1890
285.839	1890
285.845	1890
285.845	1890
285.852	1890
285.857	1890
285.858	1890
285.864	1890
285.87	1890
285.875	1890
285.876	1890
285.88	1890
285.885	1890
285.886	1890
285.891	1890
285.895	1890
285.896	1890
285.901	1890
285.907	1890
285.907	1890
285.911	1890
285.916	1890
285.917	1890
285.921	1890
285.927	1890
285.928	1890
285.933	1890
285.937	1890
285.938	1890
285.942	1890
285.949	1890
285.949	1890
285.953	1890
285.961	1890
285.961	1890
285.966	1890
285.974	1890
285.975	1890
285.984	1890
285.991	1890
285.992	1890
286	1890
286.008	1890
286.01	1890
286.018	1890
286.026	1890
286.026	1890
286.035	1890
286.042	1890
286.043	1890
286.052	1890
286.059	1890
286.06	1890
286.069	1900
286.076	1900
286.077	1900
286.085	1900
286.091	1900
286.092	1900
286.098	1900
286.105	1900
286.11	1900
286.11	1900
286.111	1900
286.118	1900
286.124	1900
286.125	1900
286.131	1909
286.137	1918
286.138	1918
286.144	1918
286.149	1918
286.155	1918
286.16	1918
286.167	1918
286.168	1918
286.174	1918
286.179	1918
286.18	1918
286.186	1918
286.191	1918
286.198	1918
286.198	1918
286.205	1918
286.21	1918
286.212	1918
286.218	1918
286.223	1918
286.223	1918
286.23	1918
286.236	1918
286.238	1918
286.245	1918
286.253	1918
286.255	1918
286.263	1918
286.27	1918
286.273	1918
286.282	1918
286.288	1918
286.29	1918
286.295	1918
286.3	1918
286.301	1918
286.308	1918
286.314	1918
286.315	1918
286.32	1918
286.326	1918
286.326	1918
286.332	1918
286.339	1918
286.34	1918
286.346	1918
286.352	1918
286.353	1918
286.359	1918
286.364	1918
286.365	1918
286.371	1918
286.377	1918
286.377	1918
286.384	1918
286.389	1918
286.39	1918
286.395	1918
286.401	1918
286.402	1918
286.408	1918
286.415	1918
286.416	1918
286.421	1918
286.427	1918
286.427	1918
286.433	1918
286.44	1918
286.446	1918
286.447	1918
286.453	1918
286.458	1918
286.459	1918
286.465	1918
286.471	1918
286.472	1918
286.478	1918
286.483	1918
286.484	1918
286.49	1918
286.496	1918
286.496	1918
286.502	1918
286.508	1918
286.511	1918
286.517	1918
286.522	1918
286.528	1918
286.529	1918
286.535	1918
286.541	1918
286.542	1918
286.548	1918
286.553	1918
286.559	1918
286.56	1918
286.566	1918
286.572	1918
286.573	1918
286.574	1918
286.58	1918
286.586	1918
286.587	1918
286.592	1918
286.599	1918
286.6	1918
286.605	1918
286.612	1918
286.612	1918
286.617	1918
286.623	1918
286.624	1918
286.631	1918
286.637	1918
286.638	1918
286.644	1918
286.648	1918
286.65	1918
286.656	1918
286.661	1918
286.662	1918
286.668	1918
286.674	1918
286.681	1918
286.681	1918
286.687	1918
286.692	1918
286.693	1918
286.7	1918
286.706	1918
286.706	1918
286.71	1918
286.715	1918
286.72	1918
286.72	1918
286.726	1918
286.731	1918
286.731	1918
286.736	1918
286.74	1918
286.746	1918
286.746	1918
286.75	1918
286.755	1918
286.755	1918
286.76	1918
286.766	1918
286.766	1918
286.773	1918
286.779	1918
286.779	1918
286.78	1918
286.784	1918
286.789	1918
286.79	1918
286.796	1918
286.803	1918
286.803	1918
286.81	1918
286.818	1918
286.819	1918
286.827	1918
286.835	1918
286.836	1918
286.843	1918
286.851	1918
286.852	1918
286.86	1918
286.862	1918
286.87	1918
286.871	1918
286.879	1918
286.887	1918
286.888	1918
286.895	1918
286.903	1918
286.904	1918
286.912	1918
286.919	1918
286.926	1918
286.927	1918
286.932	1938
286.938	1938
286.94	1938
286.946	1948
286.951	1984
286.952	1984
286.958	1984
286.964	1984
286.964	1984
286.97	1984
286.975	1984
286.98	1984
286.981	1984
286.987	1984
286.988	1984
286.989	1984
286.995	1984
287	1984
287.001	1984
287.007	1984
287.012	1984
287.013	1984
287.019	1984
287.025	1984
287.026	1984
287.032	1984
287.038	1984
287.039	1984
287.043	1984
287.05	1984
287.051	1984
287.055	1984
287.062	1984
287.063	1984
287.068	1984
287.068	1984
287.075	1984
287.076	1984
287.081	1984
287.086	1984
287.087	1984
287.094	1984
287.1	1984
287.1	1984
287.106	1984
287.111	1984
287.112	1984
287.118	1984
287.123	1984
287.124	1984
287.13	1984
287.135	1984
287.136	1984
287.143	1984
287.147	1984
287.148	1984
287.154	1984
287.16	1984
287.16	1984
287.167	1984
287.172	1984
287.173	1984
287.178	1984
287.184	1984
287.185	1984
287.192	1984
287.196	1984
287.197	1984
287.204	1984
287.209	1984
287.215	1984
287.216	1984
287.216	1984
287.221	1984
287.227	1984
287.228	1984
287.234	1984
287.239	1984
287.24	1984
287.246	1984
287.253	1984
287.258	1984
287.259	1984
287.264	1984
287.265	1984
287.271	1984
287.276	1984
287.277	1984
287.283	1984
287.288	1984
287.295	1984
287.3	1984
287.306	1984
287.312	1984
287.313	1984
287.318	1984
287.324	1984
287.325	1984
287.331	1984
287.336	1984
287.341	1984
287.342	1984
287.348	1984
287.353	1984
287.354	1984
287.361	1984
287.366	1984
287.367	1984
287.372	1984
287.379	1984
287.379	1984
287.384	1984
287.39	1984
287.391	1984
287.396	1984
287.403	1984
287.404	1984
287.41	1984
287.414	1984
287.415	1984
287.421	1984
287.422	1984
287.427	1984
287.428	1984
287.434	1984
287.441	1984
287.446	1984
287.447	1984
287.448	1984
287.454	1984
287.459	1984
287.46	1984
287.466	1984
287.472	1984
287.477	1984
287.478	1984
287.483	1984
287.489	1984
287.49	1984
287.495	1984
287.501	1984
287.501	1984
287.507	1984
287.514	1984
287.515	1984
287.52	1984
287.526	1984
287.527	1984
287.528	1984
287.533	1984
287.538	1984
287.539	1984
287.539	1984
287.544	1984
287.549	1984
287.549	1984
287.555	1984
287.559	1984
287.56	1984
287.565	1984
287.569	1984
287.572	1984
287.577	1984
287.577	1984
287.584	1984
287.584	1984
287.594	1984
287.598	1984
287.603	1984
287.607	1984
287.608	1984
287.612	1984
287.617	1984
287.618	1984
287.622	1984
287.627	1984
287.627	1984
287.635	1984
287.639	1984
287.64	1984
287.648	1984
287.65	1984
287.656	1984
287.665	1984
287.666	1984
287.674	1984
287.674	1984
287.681	1984
287.689	1984
287.698	1984
287.704	1984
287.705	1984
287.714	1984
287.721	1984
287.723	1984
287.73	1984
287.738	1984
287.739	1984
287.746	1984
287.751	1984
287.753	1984
287.758	1984
287.764	1984
287.769	1984
287.77	1984
287.776	1984
287.782	1984
287.783	1984
287.789	1984
287.794	1984
287.799	1984
287.8	1984
287.806	1984
287.811	1984
287.812	1984
287.819	1984
287.824	1984
287.824	1984
287.831	1984
287.836	1984
287.837	1984
287.843	1984
287.849	1984
287.855	1984
287.86	1984
287.861	1984
287.867	1984
287.872	1984
287.872	1984
287.879	1984
287.885	1984
287.886	1984
287.891	1984
287.896	1984
287.897	1984
287.902	1984
287.908	1984
287.909	1984
287.915	1984
287.92	1984
287.921	1984
287.927	1984
287.933	1984
287.933	1984
287.939	1984
287.946	1984
287.951	1984
287.951	1984
287.957	1984
287.964	1984
287.965	1984
287.97	1984
287.976	1984
287.976	1984
287.982	1984
287.987	1984
287.994	1984
287.995	1984
288	1984
288.005	1984
288.006	1984
288.011	1984
288.017	1984
288.019	1984
288.024	1984
288.03	1984
288.031	1984
288.037	1984
288.043	1984
288.043	1984
288.049	1984
288.055	1984
288.055	1984
288.06	1984
288.067	1984
288.068	1984
288.073	1984
288.078	1984
288.079	1984
288.085	1984
288.09	1984
288.092	1984
288.098	1984
288.099	1984
288.103	1984
288.109	1984
288.115	1984
288.116	1984
288.122	1984
288.127	1984
288.133	1984
288.134	1984
288.139	1984
288.145	1984
288.146	1984
288.151	1984
288.157	1984
288.159	1984
288.164	1984
288.17	1984
288.171	1984
288.177	1984
288.183	1984
288.183	1984
288.188	1984
288.194	1984
288.195	1984
288.201	1984
288.207	1984
288.208	1984
288.212	1984
288.218	1984
288.219	1984
288.225	1984
288.231	1984
288.232	1984
288.237	1984
288.243	1984
288.243	1984
288.249	1984
288.256	1984
288.257	1984
288.262	1984
288.268	1984
288.269	1984
288.274	1984
288.274	1984
288.28	1984
288.281	1984
288.287	1984
288.292	1984
288.293	1984
288.299	1984
288.304	1984
288.31	1984
288.311	1984
288.317	1984
288.323	1984
288.324	1984
288.329	1984
288.336	1984
288.336	1984
288.341	1984
288.347	1984
288.348	1984
288.353	1984
288.36	1984
288.366	1984
288.366	1984
288.37	1984
288.374	1984
288.375	1984
288.38	1984
288.389	1984
288.393	1984
288.394	1984
288.403	1984
288.406	1984
288.412	1984
288.416	1984
288.417	1984
288.42	1984
288.425	1984
288.426	1984
288.431	1984
288.437	1984
288.437	1984
288.442	1984
288.442	1984
288.447	1984
288.448	1984
288.455	1984
288.459	1984
288.465	1984
288.473	1984
288.474	1984
288.481	1984
288.488	1984
288.497	1984
288.504	1984
288.505	1984
288.513	1984
288.521	1984
288.527	1984
288.529	1984
288.537	1984
288.545	1984
288.546	1984
288.552	1984
288.554	1984
288.561	1984
288.57	1984
288.575	1984
288.576	1984
288.581	1984
288.587	1984
288.592	1984
288.593	1984
288.599	1984
288.604	1984
288.605	1984
288.611	1984
288.617	1984
288.618	1984
288.623	1984
288.624	1984
288.63	1984
288.631	1984
288.637	1984
288.643	1984
288.649	1984
288.649	1984
288.654	1984
288.66	1984
288.666	1984
288.671	1984
288.677	1984
288.678	1984
288.683	1984
288.689	1984
288.69	1984
288.697	1984
288.702	1984
288.703	1984
288.709	1984
288.714	1984
288.714	1984
288.72	1984
288.726	1984
288.727	1984
288.732	1984
288.738	1984
288.739	1984
288.744	1984
288.75	1984
288.757	1984
288.758	1984
288.762	1984
288.768	1984
288.769	1984
288.776	1984
288.78	1984
288.781	1984
288.787	1984
288.792	1984
288.793	1984
288.8	1984
288.806	1984
288.806	1984
288.811	1984
288.817	1984
288.823	1984
288.823	1984
288.829	1984
288.835	1984
288.84	1984
288.841	1984
288.847	1984
288.854	1984
288.854	1984
288.86	1984
288.866	1984
288.867	1984
288.872	1984
288.878	1984
288.879	1984
288.885	1984
288.889	1984
288.89	1984
288.896	1984
288.902	1984
288.907	1984
288.914	1984
288.915	1984
288.92	1984
288.925	1984
288.926	1984
288.933	1984
288.938	1984
288.938	1984
288.944	1984
288.949	1984
288.955	1984
288.956	1984
288.963	1984
288.968	1984
288.973	1984
288.974	1984
288.981	1984
288.986	1984
288.991	1984
288.998	1984
288.998	1984
288.999	1984
289.005	1984
289.01	1984
289.011	1984
289.017	1984
289.022	1984
289.023	1984
289.028	1984
289.035	1984
289.036	1984
289.042	1984
289.046	1984
289.047	1984
289.053	1984
289.06	1984
289.06	1984
289.065	1984
289.072	1984
289.072	1984
289.077	1984
289.084	1984
289.085	1984
289.089	1984
289.095	1984
289.096	1984
289.102	1984
289.107	1984
289.108	1984
289.114	1984
289.12	1984
289.12	1984
289.126	1984
289.132	1922
289.142	1922
289.142	1922
289.147	1922
289.148	1922
289.155	1922
289.16	1922
289.161	1922
289.169	1922
289.175	1922
289.18	1922
289.186	1922
289.187	1922
289.193	1922
289.2	1922
289.2	1922
289.204	1922
289.21	1922
289.21	1922
289.214	1922
289.219	1922
289.224	1922
289.224	1922
289.229	1922
289.234	1922
289.234	1922
289.242	1922
289.246	1922
289.247	1922
289.251	1922
289.255	1922
289.256	1922
289.261	1922
289.265	1922
289.27	1922
289.274	1922
289.278	1922
289.285	1922
289.289	1922
289.294	1922
289.299	1922
289.299	1922
289.304	1922
289.312	1922
289.321	1922
289.322	1922
289.33	1922
289.337	1922
289.339	1922
289.346	1922
289.353	1922
289.354	1922
289.362	1922
289.37	1922
289.371	1922
289.379	1922
289.388	1922
289.389	1922
289.397	1922
289.404	1922
289.404	1922
289.411	1922
289.417	1922
289.418	1922
289.424	1922
289.43	1922
289.435	1922
289.441	1922
289.441	1922
289.447	1922
289.453	1922
289.46	1922
289.461	1922
289.466	1922
289.473	1922
289.477	1922
289.478	1922
289.485	1922
289.491	1922
289.496	1922
289.497	1922
289.504	1922
289.509	1922
289.509	1922
289.516	1922
289.517	1922
289.522	1922
289.529	1922
289.53	1922
289.535	1922
289.54	1922
289.542	1922
289.548	1922
289.553	1922
289.554	1922
289.56	1922
289.567	1922
289.568	1922
289.573	1922
289.579	1922
289.58	1922
289.586	1922
289.592	1922
289.593	1922
289.599	1922
289.604	1922
289.605	1922
289.611	1922
289.616	1922
289.617	1922
289.623	1922
289.63	1922
289.635	1922
289.635	1922
289.642	1922
289.647	1922
289.653	1922
289.654	1922
289.661	1922
289.666	1922
289.666	1922
289.673	1922
289.679	1922
289.679	1922
289.686	1922
289.691	1922
289.692	1922
289.699	1922
289.704	1922
289.709	1922
289.71	1922
289.717	1922
289.722	1922
289.723	1922
289.729	1922
289.734	1922
289.735	1922
289.741	1922
289.747	1922
289.748	1922
289.754	1922
289.76	1922
289.76	1922
289.766	1922
289.773	1922
289.774	1922
289.78	1922
289.781	1922
289.786	1922
289.787	1922
289.792	1922
289.793	1922
289.8	1922
289.805	1922
289.807	1922
289.813	1922
289.818	1922
289.819	1922
289.819	1922
289.825	1922
289.831	1922
289.838	1922
289.843	1922
289.844	1922
289.85	1922
289.856	1922
289.863	1922
289.864	1922
289.865	1922
289.87	1922
289.875	1922
289.876	1922
289.883	1922
289.888	1922
289.889	1922
289.896	1922
289.901	1922
289.906	1922
289.907	1922
289.914	1922
289.919	1922
289.92	1922
289.926	1922
289.932	1922
289.932	1922
289.938	1922
289.944	1922
289.945	1922
289.951	1922
289.957	1922
289.958	1922
289.964	1922
289.969	1922
289.976	1922
289.977	1922
289.982	1922
289.988	1922
289.995	1922
290.001	1922
290.005	1922
290.006	1922
290.013	1922
290.018	1922
290.023	1922
290.027	1922
290.028	1922
290.034	1922
290.038	1922
290.042	1922
290.043	1922
290.049	1922
290.052	1922
290.053	1922
290.058	1922
290.062	1922
290.063	1922
290.068	1922
290.072	1922
290.073	1922
290.078	1922
290.083	1922
290.083	1922
290.088	1922
290.093	1922
290.093	1922
290.098	1922
290.103	1922
290.103	1922
290.111	1922
290.114	1922
290.115	1922
290.124	1922
290.134	1922
290.135	1922
290.141	1922
290.15	1922
290.151	1922
290.158	1922
290.166	1922
290.167	1922
290.175	1922
290.183	1922
290.184	1922
290.192	1922
290.201	1922
290.202	1922
290.209	1922
290.217	1922
290.219	1922
290.225	1922
290.232	1922
290.233	1922
290.238	1922
290.244	1922
290.245	1922
290.251	1922
290.252	1922
290.257	1922
290.263	1922
290.264	1922
290.271	1922
290.277	1922
290.278	1922
290.284	1922
290.284	1922
290.29	1922
290.296	1922
290.297	1922
290.303	1922
290.308	1922
290.309	1922
290.315	1922
290.315	1922
290.322	1922
290.328	1922
290.333	1922
290.334	1922
290.34	1922
290.346	1922
290.346	1922
290.352	1922
290.359	1922
290.36	1922
290.361	1922
290.367	1922
290.372	1833
290.373	1833
290.38	1833
290.385	1833
290.387	1833
290.393	1833
290.399	1833
290.4	1833
290.406	1833
290.411	1833
290.412	1833
290.418	1833
290.426	1833
290.426	1833
290.432	1833
290.438	1833
290.44	1833
290.441	1833
290.446	1833
290.452	1833
290.453	1833
290.46	1833
290.466	1833
290.472	1833
290.473	1833
290.479	1833
290.485	1833
290.492	1833
290.498	1833
290.499	1833
290.505	1833
290.51	1833
290.511	1833
290.518	1833
290.523	1833
290.524	1833
290.53	1833
290.537	1833
290.538	1833
290.544	1833
290.55	1833
290.55	1833
290.557	1833
290.563	1833
290.569	1833
290.57	1833
290.577	1833
290.583	1833
290.583	1833
290.59	1833
290.596	1833
290.601	1833
290.603	1833
290.609	1833
290.615	1833
290.616	1833
290.622	1833
290.628	1833
290.629	1833
290.635	1833
290.641	1833
290.643	1833
290.649	1833
290.654	1833
290.655	1833
290.661	1833
290.668	1833
290.668	1833
290.676	1833
290.682	1833
290.688	1833
290.689	1833
290.695	1833
290.7	1833
290.702	1833
290.707	1833
290.713	1833
290.714	1833
290.72	1833
290.726	1833
290.727	1833
290.734	1833
290.74	1833
290.742	1833
290.747	1833
290.754	1833
290.755	1833
290.761	1833
290.767	1833
290.768	1833
290.774	1833
290.78	1833
290.786	1833
290.787	1833
290.793	1833
290.799	1833
290.805	1833
290.806	1833
290.812	1833
290.818	1833
290.825	1833
290.826	1833
290.832	1833
290.837	1833
290.844	1833
290.85	1833
290.852	1833
290.857	1833
290.862	1833
290.867	1833
290.867	1833
290.872	1833
290.877	1833
290.882	1833
290.886	1833
290.892	1833
290.897	1833
290.897	1833
290.907	1833
290.911	1833
290.917	1833
290.922	1833
290.923	1833
290.927	1833
290.932	1833
290.934	1833
291.118	1833
291.125	1833
291.125	1833
291.132	1833
291.139	1833
291.22	1833
291.227	1833
291.232	1833
291.239	1833
291.241	1833
291.323	1833
291.329	1833
291.329	1833
291.335	1833
291.341	1833
291.342	1833
291.349	1833
291.355	1833
291.356	1833
291.362	1833
291.368	1833
291.369	1833
291.375	1833
291.381	1833
291.382	1833
291.389	1833
291.395	1833
291.396	1833
291.402	1833
291.408	1833
291.409	1833
291.415	1833
291.421	1833
291.422	1833
291.428	1833
291.433	1833
291.434	1833
291.441	1833
291.446	1833
291.447	1833
291.454	1833
291.46	1833
291.461	1833
291.467	1833
291.473	1833
291.474	1833
291.48	1833
291.486	1833
291.487	1833
291.494	1833
291.499	1833
291.5	1833
291.506	1833
291.513	1833
291.513	1833
291.521	1833
291.526	1833
291.527	1833
291.533	1833
291.54	1833
291.541	1833
291.546	1833
291.552	1833
291.553	1833
291.56	1833
291.565	1833
291.566	1833
291.572	1833
291.58	1833
291.58	1833
291.587	1833
291.593	1833
291.594	1833
291.6	1833
291.606	1833
291.607	1833
291.612	1833
291.618	1833
291.619	1833
291.626	1833
291.631	1833
291.632	1833
291.637	1833
291.642	1833
291.643	1833
291.648	1833
291.652	1833
291.653	1833
291.659	1833
291.663	1833
291.664	1833
291.67	1833
291.675	1833
291.675	1833
291.679	1833
291.685	1833
291.686	1833
291.691	1833
291.695	1833
291.695	1833
291.7	1833
291.706	1833
291.707	1833
291.712	1833
291.717	1833
291.718	1833
291.722	1833
291.727	1833
291.728	1833
291.732	1833
291.737	1833
291.738	1833
291.746	1833
291.755	1833
291.755	1833
291.764	1833
291.773	1833
291.773	1833
291.781	1833
291.79	1833
291.791	1833
291.8	1833
291.808	1833
291.809	1833
291.816	1833
291.825	1833
291.826	1833
291.835	1833
291.842	1833
291.843	1833
291.853	1833
291.858	1833
291.859	1833
291.866	1833
291.872	1833
291.873	1833
291.879	1833
291.885	1833
291.886	1833
291.891	1833
291.897	1833
291.898	1833
291.904	1833
291.912	1833
291.912	1833
291.918	1833
291.925	1833
291.926	1833
291.932	1833
291.938	1833
291.939	1833
291.945	1833
291.95	1833
291.952	1833
291.958	1833
291.964	1833
291.965	1833
291.97	1833
291.977	1833
291.977	1833
291.984	1833
291.99	1833
291.991	1833
291.997	1833
292.004	1833
292.005	1833
292.011	1833
292.017	1833
292.018	1833
292.024	1755
292.03	1755
292.031	1755
292.037	1755
292.043	1755
292.044	1755
292.052	1755
292.057	1755
292.058	1755
292.065	1755
292.071	1755
292.072	1755
292.079	1755
292.086	1755
292.087	1755
292.092	1755
292.1	1755
292.101	1755
292.107	1755
292.112	1755
292.114	1755
292.121	1755
292.126	1755
292.127	1755
292.135	1755
292.14	1755
292.147	1755
292.147	1755
292.154	1755
292.16	1755
292.168	1755
292.169	1755
292.175	1755
292.183	1755
292.19	1755
292.196	1755
292.201	1755
292.208	1755
292.209	1755
292.216	1755
292.222	1755
292.223	1755
292.229	1755
292.236	1755
292.236	1755
292.243	1755
292.25	1755
292.251	1755
292.257	1755
292.263	1755
292.264	1755
292.27	1755
292.277	1755
292.278	1755
292.284	1755
292.291	1755
292.297	1755
292.303	1755
292.304	1755
292.311	1755
292.318	1755
292.319	1755
292.32	1755
292.326	1755
292.333	1755
292.334	1755
292.34	1755
292.346	1755
292.347	1755
292.353	1755
292.354	1755
292.361	1755
292.368	1755
292.369	1755
292.375	1755
292.382	1755
292.383	1755
292.389	1755
292.396	1755
292.397	1755
292.402	1755
292.409	1755
292.41	1755
292.417	1755
292.423	1755
292.424	1755
292.43	1755
292.436	1755
292.437	1755
292.443	1755
292.45	1755
292.451	1755
292.457	1755
292.464	1755
292.466	1755
292.471	1755
292.475	1755
292.48	1755
292.481	1755
292.487	1755
292.492	1755
292.493	1755
292.498	1755
292.503	1755
292.504	1755
292.509	1755
292.515	1755
292.521	1755
292.526	1755
292.53	1755
292.536	1755
292.537	1755
292.542	1755
292.547	1755
292.548	1755
292.554	1755
292.554	1755
292.562	1755
292.567	1755
292.567	1755
292.573	1755
292.582	1755
292.583	1755
292.591	1755
292.601	1755
292.609	1755
292.61	1755
292.618	1755
292.627	1755
292.629	1755
292.637	1755
292.645	1755
292.646	1755
292.656	1755
292.663	1755
292.665	1755
292.674	1755
292.68	1755
292.68	1755
292.688	1755
292.694	1755
292.7	1755
292.701	1755
292.707	1755
292.714	1755
292.72	1755
292.722	1755
292.728	1755
292.735	1755
292.736	1755
292.741	1755
292.749	1755
292.75	1755
292.755	1755
292.761	1755
292.762	1755
292.769	1755
292.776	1755
292.777	1755
292.783	1755
292.79	1755
292.791	1755
292.797	1755
292.804	1755
292.805	1755
292.811	1755
292.817	1755
292.818	1755
292.825	1755
292.83	1755
292.831	1755
292.839	1755
292.845	1755
292.845	1755
292.852	1755
292.858	1755
292.859	1755
292.865	1755
292.866	1755
292.873	1755
292.879	1755
292.88	1755
292.887	1755
292.894	1755
292.895	1755
292.901	1755
292.907	1755
292.908	1755
292.915	1755
292.921	1755
292.921	1755
292.929	1755
292.934	1755
292.941	1755
292.942	1755
292.948	1755
292.956	1755
292.957	1755
292.962	1755
292.968	1755
292.975	1755
292.976	1755
292.982	1755
292.99	1755
292.995	1755
292.996	1755
293.003	1755
293.009	1755
293.01	1755
293.016	1755
293.023	1755
293.029	1755
293.036	1755
293.037	1755
293.043	1755
293.049	1755
293.05	1755
293.058	1755
293.064	1755
293.065	1755
293.07	1755
293.078	1755
293.079	1755
293.084	1755
293.092	1755
293.093	1755
293.098	1755
293.104	1755
293.105	1755
293.113	1755
293.118	1755
293.119	1755
293.126	1755
293.132	1755
293.133	1755
293.139	1755
293.147	1755
293.148	1755
293.154	1755
293.16	1755
293.161	1755
293.168	1755
293.174	1755
293.18	1755
293.181	1755
293.188	1755
293.195	1755
293.196	1755
293.201	1755
293.208	1755
293.209	1755
293.216	1755
293.221	1755
293.223	1755
293.23	1755
293.236	1755
293.237	1755
293.243	1755
293.25	1755
293.251	1755
293.256	1755
293.263	1755
293.264	1755
293.27	1755
293.277	1755
293.278	1755
293.285	1755
293.291	1755
293.292	1755
293.293	1755
293.298	1755
293.303	1755
293.304	1755
293.309	1755
293.315	1755
293.32	1755
293.32	1755
293.326	1755
293.331	1755
293.331	1755
293.336	1755
293.341	1755
293.341	1755
293.347	1755
293.352	1755
293.358	1755
293.364	1755
293.364	1755
293.369	1755
293.374	1755
293.38	1755
293.385	1755
293.39	1755
293.396	1755
293.404	1755
293.413	1755
293.421	1755
293.422	1755
293.431	1755
293.441	1755
293.449	1755
293.458	1755
293.459	1755
293.467	1755
293.476	1755
293.485	1755
293.486	1755
293.494	1755
293.503	1755
293.51	1755
293.511	1755
293.517	1755
293.523	1755
293.524	1755
293.53	1755
293.536	1755
293.543	1755
293.549	1755
293.555	1755
293.556	1755
293.563	1755
293.569	1755
293.576	1755
293.583	1755
293.584	1755
293.591	1755
293.597	1755
293.598	1755
293.604	1755
293.611	1755
293.612	1755
293.618	1755
293.624	1755
293.624	1755
293.631	1755
293.637	1755
293.638	1755
293.646	1755
293.651	1755
293.652	1755
293.658	1755
293.665	1755
293.666	1755
293.672	1755
293.679	1755
293.68	1755
293.687	1755
293.694	1755
293.694	1755
293.701	1755
293.707	1755
293.708	1755
293.714	1755
293.721	1755
293.721	1755
293.727	1755
293.734	1755
293.74	1755
293.741	1755
293.749	1755
293.755	1755
293.762	1755
293.763	1755
293.768	1755
293.774	1755
293.781	1755
293.782	1755
293.788	1755
293.795	1755
293.796	1755
293.803	1755
293.804	1755
293.809	1755
293.817	1755
293.818	1755
293.823	1755
293.83	1755
293.831	1755
293.837	1755
293.844	1755
293.85	1755
293.851	1755
293.857	1755
293.865	1755
293.866	1755
293.872	1755
293.877	1755
293.878	1755
293.886	1755
293.887	1755
293.893	1755
293.899	1755
293.906	1755
293.907	1755
293.912	1755
293.919	1755
293.92	1755
293.927	1755
293.933	1755
293.94	1755
293.941	1755
293.947	1755
293.953	1755
293.959	1755
293.96	1755
293.967	1755
293.974	1755
293.974	1755
293.98	1755
293.987	1755
293.994	1755
294	1755
294.001	1755
294.007	1755
294.014	1755
294.015	1755
294.021	1755
294.028	1755
294.029	1755
294.035	1755
294.041	1755
294.042	1755
294.049	1755
294.056	1755
294.057	1755
294.063	1755
294.069	1755
294.076	1755
294.077	1755
294.083	1755
294.089	1755
294.096	1755
294.097	1755
294.104	1755
294.11	1755
294.111	1755
294.118	1755
294.124	1755
294.125	1755
294.13	1755
294.135	1755
294.136	1755
294.141	1755
294.146	1755
294.147	1755
294.151	1755
294.157	1755
294.157	1755
294.162	1755
294.168	1755
294.169	1755
294.175	1755
294.182	1755
294.187	1755
294.187	1755
294.2	1734
294.207	1734
294.209	1734
294.214	1734
294.219	1734
294.224	1734
294.232	1734
294.241	1734
294.25	1734
294.251	1734
294.261	1734
294.269	1734
294.27	1734
294.279	1734
294.287	1734
294.288	1734
294.297	1734
294.306	1734
294.314	1734
294.315	1734
294.325	1734
294.333	1734
294.335	1734
294.336	1734
294.342	1734
294.348	1734
294.349	1734
294.356	1734
294.362	1734
294.369	1734
294.37	1734
294.376	1734
294.383	1734
294.39	1734
294.391	1734
294.397	1734
294.404	1734
294.405	1734
294.411	1734
294.417	1734
294.424	1734
294.425	1734
294.432	1734
294.438	1734
294.439	1734
294.445	1734
294.451	1734
294.452	1734
294.458	1734
294.465	1734
294.466	1734
294.472	1734
294.479	1734
294.48	1734
294.487	1734
294.494	1734
294.495	1734
294.501	1734
294.508	1734
294.514	1734
294.515	1734
294.522	1734
294.528	1734
294.529	1734
294.536	1734
294.542	1734
294.543	1734
294.55	1734
294.555	1734
294.563	1734
294.564	1734
294.57	1734
294.576	1734
294.578	1734
294.584	1734
294.59	1734
294.596	1734
294.598	1734
294.604	1734
294.61	1734
294.611	1734
294.618	1734
294.624	1734
294.632	1734
294.632	1734
294.638	1734
294.646	1734
294.647	1734
294.652	1734
294.659	1734
294.659	1734
294.667	1734
294.673	1734
294.674	1734
294.681	1734
294.686	1734
294.694	1734
294.699	1734
294.7	1734
294.707	1734
294.713	1734
294.714	1734
294.722	1734
294.728	1734
294.734	1734
294.736	1734
294.742	1734
294.748	1734
294.749	1734
294.758	1734
294.758	1734
294.765	1734
294.77	1734
294.777	1734
294.778	1734
294.785	1734
294.792	1734
294.793	1734
294.799	1734
294.806	1734
294.807	1734
294.813	1734
294.814	1734
294.821	1734
294.822	1734
294.827	1734
294.828	1734
294.835	1734
294.841	1734
294.842	1734
294.85	1734
294.855	1734
294.856	1734
294.863	1734
294.869	1734
294.876	1734
294.878	1734
294.883	1734
294.89	1734
294.891	1734
294.897	1734
294.904	1734
294.905	1734
294.912	1734
294.919	1734
294.92	1734
294.926	1734
294.933	1734
294.934	1734
294.939	1734
294.946	1734
294.947	1734
294.953	1734
294.958	1734
294.963	1734
294.969	1734
294.969	1734
294.975	1734
294.981	1734
294.982	1734
294.987	1734
294.991	1734
294.992	1734
295	1734
295.005	1734
295.01	1734
295.011	1734
295.011	1734
295.016	1734
295.023	1734
295.041	1583
295.041	1583
295.05	1583
295.06	1583
295.061	1583
295.071	1583
295.081	1591
295.081	1591
295.092	1591
295.101	1591
295.103	1591
295.112	1591
295.12	1591
295.13	1591
295.131	1591
295.142	1591
295.15	1591
295.16	1591
295.162	1591
295.169	1591
295.175	1591
295.176	1591
295.184	1591
295.19	1591
295.197	1591
295.198	1591
295.206	1591
295.213	1591
295.22	1591
295.222	1591
295.228	1591
295.235	1591
295.243	1591
295.25	1591
295.251	1591
295.257	1591
295.265	1591
295.266	1591
295.273	1591
295.279	1591
295.28	1591
295.287	1591
295.295	1591
295.296	1591
295.303	1591
295.311	1591
295.312	1591
295.319	1591
295.326	1591
295.327	1591
295.334	1591
295.34	1591
295.341	1591
295.348	1591
295.355	1591
295.356	1591
295.364	1591
295.371	1591
295.372	1591
295.379	1591
295.386	1591
295.387	1591
295.395	1591
295.401	1591
295.402	1591
295.409	1591
295.417	1591
295.418	1591
295.425	1591
295.431	1591
295.432	1591
295.44	1591
295.441	1591
295.448	1591
295.455	1591
295.456	1591
295.464	1591
295.471	1591
295.472	1591
295.478	1591
295.485	1591
295.492	1591
295.493	1591
295.5	1591
295.508	1591
295.509	1591
295.516	1591
295.523	1591
295.524	1591
295.526	1591
295.533	1591
295.54	1591
295.541	1591
295.547	1591
295.554	1591
295.561	1591
295.568	1591
295.569	1591
295.578	1591
295.579	1591
295.585	1591
295.586	1591
295.593	1591
295.601	1591
295.602	1591
295.608	1591
295.615	1591
295.616	1591
295.624	1591
295.631	1591
295.632	1591
295.639	1591
295.646	1591
295.647	1591
295.655	1591
295.661	1591
295.662	1591
295.669	1591
295.676	1591
295.677	1591
295.684	1591
295.692	1591
295.693	1591
295.7	1591
295.706	1591
295.707	1591
295.715	1591
295.723	1591
295.723	1591
295.731	1591
295.737	1591
295.738	1591
295.746	1631
295.752	1631
295.753	1631
295.761	1631
295.768	1631
295.769	1631
295.775	1631
295.783	1631
295.783	1631
295.788	1631
295.794	1631
295.795	1631
295.8	1631
295.806	1631
295.811	1631
295.812	1631
295.817	1631
295.824	1631
295.825	1631
295.825	1631
295.83	1631
295.836	1631
295.845	1631
295.853	1631
295.858	1631
295.863	1631
295.863	1631
295.87	1631
295.875	1631
295.877	1631
295.882	1631
295.892	1631
295.894	1631
295.902	1631
295.912	1631
295.913	1631
295.923	1631
295.931	1631
295.94	1631
295.941	1631
295.952	1631
295.96	1631
295.97	1631
295.978	1631
295.981	1631
295.989	1631
295.997	1631
296.003	1631
296.004	1631
296.005	1631
296.013	1631
296.02	1631
296.026	1631
296.033	1631
296.039	1631
296.04	1631
296.047	1631
296.054	1631
296.056	1631
296.062	1631
296.07	1631
296.071	1631
296.077	1631
296.084	1631
296.085	1631
296.092	1631
296.099	1631
296.1	1631
296.108	1631
296.115	1631
296.121	1631
296.122	1631
296.129	1631
296.136	1631
296.137	1631
296.143	1631
296.15	1631
296.151	1631
296.159	1631
296.165	1631
296.166	1631
296.173	1631
296.181	1631
296.182	1631
296.189	1631
296.195	1631
296.196	1631
296.203	1631
296.211	1631
296.212	1631
296.218	1631
296.224	1631
296.226	1631
296.233	1631
296.24	1631
296.241	1631
296.247	1631
296.254	1631
296.262	1631
296.269	1631
296.27	1631
296.276	1631
296.283	1631
296.284	1631
296.292	1631
296.298	1631
296.299	1631
296.306	1631
296.314	1631
296.315	1631
296.321	1631
296.328	1631
296.329	1631
296.336	1631
296.342	1631
296.343	1631
296.351	1631
296.357	1631
296.358	1631
296.366	1631
296.373	1631
296.374	1631
296.381	1631
296.388	1631
296.389	1631
296.395	1631
296.403	1631
296.409	1631
296.41	1631
296.418	1631
296.423	1631
296.424	1631
296.432	1631
296.433	1631
296.44	1631
296.446	1631
296.447	1631
296.454	1631
296.461	1631
296.462	1631
296.469	1631
296.477	1631
296.478	1631
296.485	1631
296.492	1631
296.493	1631
296.494	1631
296.501	1631
296.507	1631
296.508	1631
296.515	1631
296.522	1631
296.523	1631
296.529	1631
296.536	1631
296.537	1631
296.545	1631
296.551	1631
296.552	1631
296.559	1631
296.566	1631
296.567	1631
296.575	1631
296.582	1631
296.589	1631
296.589	1631
296.597	1631
296.603	1631
296.61	1631
296.612	1631
296.616	1631
296.622	1631
296.624	1631
296.629	1631
296.634	1631
296.634	1631
296.64	1631
296.645	1631
296.646	1631
296.653	1631
296.657	1631
296.658	1631
296.665	1631
296.669	1631
296.67	1631
296.677	1631
296.686	1631
296.686	1631
296.693	1631
296.701	1631
296.701	1631
296.707	1631
296.713	1631
296.714	1631
296.723	1631
296.733	1631
296.735	1631
296.735	1631
296.745	1631
296.753	1631
296.764	1631
296.772	1631
296.773	1631
296.783	1631
296.793	1631
296.794	1631
296.802	1631
296.812	1631
296.813	1631
296.822	1631
296.823	1631
296.831	1631
296.832	1631
296.839	1631
296.845	1631
296.846	1631
296.854	1631
296.855	1631
296.861	1631
296.868	1631
296.87	1631
296.876	1631
296.883	1631
296.884	1631
296.892	1631
296.898	1631
296.905	1631
296.906	1631
296.913	1631
296.92	1631
296.926	1631
296.927	1631
296.934	1631
296.942	1631
296.942	1631
296.949	1631
296.957	1631
296.958	1631
296.964	1631
296.971	1631
296.972	1631
296.979	1631
296.985	1631
296.987	1631
296.993	1631
297	1631
297.001	1631
297.008	1631
297.015	1631
297.016	1631
297.023	1631
297.031	1631
297.032	1631
297.039	1631
297.046	1631
297.052	1631
297.053	1631
297.061	1631
297.067	1631
297.074	1631
297.075	1631
297.077	1631
297.084	1631
297.089	1631
297.097	1631
297.098	1631
297.104	1631
297.111	1631
297.112	1631
297.119	1631
297.126	1631
297.128	1631
297.135	1631
297.141	1631
297.143	1631
297.15	1631
297.156	1631
297.157	1631
297.164	1631
297.171	1631
297.172	1631
297.179	1631
297.185	1631
297.192	1631
297.193	1631
297.2	1631
297.207	1631
297.209	1631
297.216	1631
297.223	1631
297.224	1631
297.231	1631
297.238	1631
297.245	1631
297.252	1631
297.253	1631
297.26	1631
297.266	1631
297.273	1631
297.274	1631
297.281	1631
297.283	1631
297.289	1631
297.29	1631
297.297	1631
297.303	1631
297.304	1631
297.311	1631
297.319	1631
297.32	1631
297.327	1631
297.334	1631
297.335	1631
297.341	1631
297.349	1631
297.35	1631
297.357	1631
297.364	1631
297.365	1631
297.372	1631
297.379	1631
297.379	1631
297.385	1631
297.393	1631
297.393	1631
297.401	1631
297.408	1631
297.409	1631
297.415	1631
297.422	1631
297.423	1631
297.431	1631
297.438	1631
297.439	1631
297.445	1631
297.453	1631
297.454	1631
297.459	1631
297.464	1631
297.464	1631
297.47	1631
297.477	1631
297.477	1631
297.483	1631
297.488	1631
297.489	1631
297.496	1631
297.501	1631
297.507	1631
297.507	1631
297.512	1631
297.513	1631
297.519	1631
297.529	1631
297.541	1631
297.541	1631
297.549	1631
297.551	1631
297.561	1631
297.57	1631
297.578	1631
297.587	1631
297.597	1631
297.598	1631
297.607	1631
297.616	1631
297.627	1631
297.628	1631
297.636	1631
297.646	1631
297.648	1631
297.657	1631
297.663	1631
297.664	1631
297.671	1631
297.679	1631
297.685	1631
297.686	1631
297.694	1631
297.701	1631
297.702	1631
297.708	1631
297.715	1631
297.721	1631
297.722	1631
297.729	1631
297.736	1631
297.743	1631
297.744	1631
297.752	1631
297.759	1631
297.76	1631
297.767	1631
297.774	1631
297.775	1631
297.782	1631
297.788	1631
297.789	1631
297.797	1631
297.803	1631
297.805	1631
297.81	1631
297.817	1631
297.818	1631
297.825	1631
297.833	1631
297.834	1631
297.84	1631
297.841	1631
297.848	1631
297.849	1631
297.857	1631
297.864	1631
297.865	1631
297.872	1631
297.879	1631
297.88	1631
297.886	1631
297.893	1631
297.9	1631
297.901	1631
297.908	1631
297.914	1631
297.921	1631
297.922	1631
297.929	1631
297.937	1631
297.944	1631
297.945	1631
297.951	1631
297.959	1631
297.966	1631
297.967	1631
297.974	1631
297.981	1631
297.982	1631
297.989	1631
297.996	1631
297.997	1631
298.003	1631
298.01	1631
298.011	1631
298.017	1631
298.025	1631
298.025	1631
298.033	1631
298.039	1631
298.04	1631
298.047	1631
298.055	1631
298.061	1631
298.062	1631
298.069	1631
298.076	1631
298.077	1631
298.084	1631
298.091	1631
298.092	1631
298.098	1631
298.106	1631
298.107	1631
298.114	1631
298.121	1598
298.122	1598
298.128	1598
298.135	1598
298.136	1598
298.143	1598
298.151	1598
298.158	1598
298.165	1598
298.166	1598
298.173	1598
298.181	1598
298.182	1598
298.188	1598
298.196	1598
298.197	1598
298.203	1598
298.21	1598
298.212	1598
298.218	1598
298.225	1598
298.232	1598
298.233	1598
298.241	1598
298.248	1598
298.256	1598
298.257	1598
298.263	1598
298.271	1598
298.277	1598
298.278	1598
298.284	1598
298.29	1598
298.291	1598
298.296	1598
298.302	1598
298.303	1598
298.308	1598
298.314	1598
298.315	1598
298.32	1598
298.325	1598
298.327	1598
298.333	1598
298.338	1598
298.343	1598
298.344	1598
298.349	1598
298.355	1598
298.356	1598
298.363	1598
298.378	1598
298.387	1598
298.388	1598
298.399	1598
298.408	1598
298.417	1598
298.418	1598
298.427	1598
298.437	1598
298.438	1598
298.448	1598
298.458	1598
298.458	1598
298.469	1598
298.477	1598
298.48	1598
298.489	1598
298.496	1598
298.502	1598
298.51	1598
298.51	1598
298.517	1598
298.524	1598
298.525	1598
298.532	1598
298.54	1598
298.541	1598
298.543	1598
298.549	1598
298.557	1598
298.558	1598
298.564	1598
298.571	1598
298.572	1598
298.579	1598
298.586	1598
298.587	1598
298.594	1598
298.602	1598
298.603	1598
298.609	1598
298.617	1598
298.624	1598
298.625	1598
298.631	1598
298.639	1598
298.64	1598
298.647	1598
298.654	1598
298.655	1598
298.663	1598
298.669	1598
298.676	1598
298.684	1598
298.685	1598
298.692	1598
298.699	1598
298.7	1598
298.707	1598
298.714	1598
298.715	1598
298.722	1598
298.729	1598
298.736	1598
298.742	1598
298.751	1598
298.758	1598
298.759	1598
298.766	1598
298.773	1598
298.779	1598
298.786	1598
298.787	1598
298.794	1598
298.795	1598
298.803	1598
298.804	1598
298.811	1598
298.818	1598
298.819	1598
298.825	1598
298.833	1598
298.834	1598
298.84	1598
298.848	1598
298.849	1598
298.857	1598
298.863	1598
298.864	1598
298.872	1598
298.879	1598
298.88	1598
298.887	1598
298.893	1598
298.894	1598
298.901	1598
298.909	1598
298.91	1598
298.916	1598
298.924	1598
298.925	1598
298.931	1598
298.938	1598
298.939	1598
298.947	1598
298.954	1598
298.962	1598
298.963	1598
298.969	1598
298.977	1598
298.983	1598
298.984	1598
298.991	1598
298.999	1598
299	1598
299.006	1598
299.013	1598
299.02	1598
299.022	1598
299.028	1598
299.035	1598
299.036	1598
299.044	1598
299.05	1598
299.052	1598
299.06	1598
299.067	1598
299.074	1598
299.075	1598
299.082	1598
299.089	1598
299.089	1598
299.096	1598
299.104	1598
299.11	1598
299.111	1598
299.117	1598
299.123	1598
299.124	1598
299.129	1598
299.135	1598
299.136	1598
299.142	1598
299.147	1598
299.148	1598
299.154	1598
299.159	1512
299.164	1512
299.169	1512
299.176	1512
299.183	1512
299.188	1512
299.193	1512
299.198	1512
299.204	1512
299.209	1512
299.215	1512
299.216	1512
299.226	1512
299.237	1512
299.239	1512
299.248	1512
299.259	1512
299.26	1512
299.27	1512
299.271	1512
299.28	1512
299.283	1512
299.293	1512
299.302	1512
299.313	1512
299.314	1512
299.324	1512
299.333	1512
299.334	1512
299.343	1512
299.349	1512
299.35	1512
299.359	1512
299.36	1512
299.367	1512
299.375	1512
299.376	1512
299.377	1512
299.384	1512
299.391	1512
299.392	1512
299.4	1512
299.408	1512
299.409	1512
299.415	1512
299.424	1512
299.43	1512
299.431	1512
299.439	1512
299.446	1512
299.447	1512
299.455	1512
299.463	1512
299.464	1512
299.471	1512
299.479	1512
299.48	1512
299.487	1512
299.494	1512
299.495	1512
299.504	1512
299.51	1512
299.511	1512
299.519	1512
299.526	1512
299.527	1512
299.536	1512
299.543	1512
299.543	1512
299.551	1512
299.558	1512
299.566	1512
299.567	1512
299.575	1512
299.583	1512
299.584	1512
299.59	1512
299.598	1512
299.606	1512
299.606	1512
299.615	1512
299.622	1512
299.623	1512
299.63	1512
299.638	1512
299.639	1512
299.647	1512
299.653	1512
299.654	1512
299.662	1512
299.669	1512
299.67	1512
299.678	1512
299.685	1512
299.686	1512
299.694	1512
299.701	1512
299.702	1512
299.711	1512
299.717	1512
299.718	1512
299.726	1512
299.734	1512
299.735	1512
299.743	1512
299.75	1512
299.751	1512
299.759	1512
299.765	1512
299.774	1512
299.775	1512
299.781	1512
299.789	1512
299.79	1512
299.797	1512
299.805	1512
299.806	1512
299.813	1512
299.821	1512
299.823	1512
299.829	1512
299.837	1512
299.845	1512
299.846	1512
299.853	1512
299.861	1512
299.861	1512
299.869	1512
299.877	1512
299.878	1512
299.886	1512
299.892	1512
299.893	1512
299.902	1512
299.909	1512
299.91	1512
299.918	1512
299.925	1512
299.926	1512
299.933	1512
299.941	1512
299.943	1512
299.949	1512
299.956	1512
299.957	1512
299.962	1512
299.968	1513
299.969	1513
299.975	1513
299.982	1527
299.982	1527
299.987	1527
299.994	1527
299.994	1527
