80	0
80	0
80	0
80	0
80	0
80	0
80	0
80	0
80	0
80	0
80	0
80.004	0
80.005	0
80.01	0
80.2076	54
80.2086	54
80.2186	214
80.2271	260
80.2291	260
80.2382	260
80.407	260
80.4215	260
80.4305	260
80.4404	260
80.4414	260
80.451	260
80.452	260
80.462	260
80.463	260
80.473	260
80.6528	260
80.6538	260
80.6631	260
80.6724	260
80.6744	260
80.6831	260
80.6851	260
80.6861	260
80.6961	260
80.7051	260
80.7071	260
80.7161	260
80.8561	260
80.8571	260
80.8674	260
80.876	260
80.878	260
80.8877	260
80.8977	260
80.8987	260
80.9086	260
80.9185	266
80.9275	266
81.0498	334
81.0521	386
81.0644	386
81.0748	386
81.077	386
81.0916	386
81.1024	386
81.1342	386
81.1432	386
81.2562	386
81.2655	386
81.2757	386
81.2849	386
81.2868	386
81.2959	386
81.3055	386
81.3065	386
81.3165	386
81.3265	386
81.3275	386
81.3373	386
81.3467	386
81.3487	386
81.3577	386
81.3677	386
81.3687	386
81.3787	386
81.3887	386
81.3897	386
81.3997	386
81.4087	386
81.4107	386
81.4197	386
81.4297	386
81.4317	386
81.4407	386
81.4613	396
81.4623	396
81.4886	396
81.4979	396
81.5089	396
81.5172	396
81.5278	396
81.5288	396
81.5385	396
81.5471	408
81.5498	408
81.5597	408
81.5686	427
81.5706	427
81.5796	427
81.5896	448
81.5987	485
81.6007	485
81.61	508
81.62	538
81.622	538
81.6303	559
81.6402	578
81.6412	578
81.6517	594
81.6611	861
81.6657	899
81.6884	966
81.6934	966
81.6944	966
81.701	966
81.707	966
81.708	966
81.7148	984
81.7198	984
81.7208	984
81.7356	984
81.7413	984
81.7463	984
81.7689	984
81.7916	984
81.7966	984
81.8022	984
81.8085	984
81.8137	984
81.8147	984
81.8207	984
81.8268	984
81.8278	984
81.8334	984
81.8384	984
81.8441	984
81.8461	984
81.8511	984
81.8574	984
81.8584	984
81.8634	984
81.8697	984
81.8706	984
81.8766	984
81.8948	984
81.8948	984
81.9002	984
81.9065	984
81.9075	984
81.9129	984
81.9189	984
81.9249	984
81.9255	984
81.9255	984
81.9315	984
81.9375	984
81.9385	984
81.9435	984
81.9497	984
81.9556	984
81.9566	984
81.9616	984
81.9676	984
81.9686	984
81.9746	984
81.9792	984
81.9802	984
81.9972	984
82.0022	984
82.0068	984
82.0118	984
82.0194	984
82.024	984
82.0304	984
82.0314	984
82.0364	984
82.0427	984
82.0436	984
82.0446	984
82.0506	984
82.056	984
82.057	984
82.0621	984
82.0681	984
82.0734	984
82.0794	984
82.0854	984
82.0904	984
82.0914	984
82.0974	984
82.1037	1005
82.1047	1005
82.1097	1005
82.1154	1005
82.1204	1005
82.1214	1005
82.1278	1005
82.1328	1005
82.1388	1005
82.1441	1005
82.1491	1005
82.1551	1005
82.16	1005
82.161	1005
82.167	1005
82.173	1005
82.174	1005
82.175	1005
82.18	1048
82.185	1048
82.186	1048
82.191	1048
82.1972	1053
82.2026	1053
82.2036	1053
82.2087	1067
82.2136	1085
82.2146	1085
82.2196	1085
82.2246	1085
82.2256	1085
82.2309	1093
82.2365	1093
82.2415	1093
82.2415	1093
82.2479	1093
82.2525	1093
82.2535	1093
82.2585	1093
82.2585	1093
82.2647	1093
82.2647	1093
82.2703	1116
82.2703	1116
82.2754	1116
82.2803	1116
82.2853	1116
82.2863	1116
82.2916	1116
82.3002	1116
82.3052	1197
82.3072	1197
82.3102	1197
82.3294	1197
82.3486	1311
82.3506	1311
82.3677	1365
82.3847	1396
82.3861	1396
82.4028	1396
82.4197	1432
82.4343	1432
82.4425	1432
82.4435	1476
82.4516	1504
82.4526	1504
82.4605	1557
82.4675	1580
82.4682	1580
82.4757	1580
82.4826	1580
82.4895	1580
82.4976	1580
82.4988	1580
82.4998	1580
82.5064	1580
82.5131	1580
82.5141	1580
82.5211	1580
82.5281	1580
82.5291	1580
82.5363	1580
82.5443	1580
82.551	1580
82.552	1580
82.5599	1580
82.5669	1580
82.5679	1580
82.5743	1580
82.5813	1580
82.5823	1580
82.5899	1580
82.5979	1580
82.5989	1580
82.6059	1580
82.6129	1580
82.6199	1580
82.6209	1580
82.6279	1580
82.6349	1580
82.6359	1580
82.6428	1580
82.6485	1580
82.6542	1580
82.6552	1580
82.6605	1580
82.6667	1580
82.6677	1580
82.6734	1580
82.6787	1580
82.6797	1580
82.6851	1580
82.692	1580
82.692	1580
82.6977	1580
82.7037	1580
82.7047	1580
82.709	1580
82.7159	1580
82.7169	1580
82.723	1580
82.7272	1580
82.7283	1580
82.7346	1580
82.7409	1580
82.7409	1580
82.7466	1580
82.7522	1580
82.7532	1580
82.7586	1580
82.7646	1580
82.7658	1580
82.7719	1580
82.7761	1580
82.7821	1580
82.7831	1580
82.7891	1580
82.7945	1580
82.8005	1580
82.8065	1580
82.8118	1580
82.8178	1580
82.8188	1580
82.8248	1580
82.8291	1580
82.8351	1580
82.8361	1580
82.8427	1580
82.8514	1580
82.862	1580
82.863	1580
82.865	1580
82.8732	1580
82.8742	1580
82.8842	1580
82.8855	1580
82.8954	1580
82.9041	1580
82.907	1580
82.9157	1580
82.9254	1580
82.9343	1580
82.9446	1580
82.9456	1580
82.9559	1580
82.9641	1580
82.9746	1580
82.9756	1580
82.9851	1580
82.9921	1580
82.9994	1580
83.0063	1580
83.0133	1580
83.0206	1580
83.0216	1580
83.0298	1580
83.0368	1580
83.0378	1580
83.0448	1580
83.0513	1580
83.0523	1580
83.0599	1580
83.0609	1580
83.0671	1580
83.0751	1580
83.0761	1580
83.0837	1580
83.0847	1580
83.091	1580
83.0987	1580
83.0997	1580
83.1063	1580
83.1133	1580
83.1143	1580
83.1226	1580
83.1236	1580
83.1304	1580
83.138	1580
83.139	1580
83.1458	1580
83.1527	1580
83.1597	1580
83.1607	1580
83.1686	1580
83.176	1580
83.177	1580
83.184	1580
83.1906	1580
83.1978	1580
83.1988	1580
83.2058	1580
83.2125	1580
83.2135	1580
83.2217	1580
83.2281	1580
83.2297	1580
83.2364	1580
83.2434	1580
83.2444	1580
83.2514	1580
83.2583	1580
83.259	1580
83.267	1580
83.2749	1580
83.2815	1580
83.2825	1580
83.2899	1580
83.2962	1580
83.2972	1580
83.3046	1580
83.3118	1580
83.3128	1580
83.3201	1580
83.3278	1580
83.3288	1580
83.3351	1580
83.3423	1580
83.343	1580
83.3503	1606
83.3573	1606
83.3586	1606
83.3653	1606
83.3722	1629
83.3735	1629
83.3803	1629
83.3879	1629
83.3889	1629
83.3953	1629
83.4026	1629
83.4036	1629
83.4109	1629
83.4172	1629
83.4182	1629
83.4255	1629
83.4322	1629
83.4332	1629
83.4404	1629
83.4464	1641
83.4474	1641
83.4547	1644
83.462	1644
83.463	1644
83.4696	1665
83.4769	1665
83.4779	1665
83.4847	1665
83.4904	1665
83.4913	1665
83.4986	1665
83.5051	1665
83.5061	1665
83.5133	1665
83.5193	1665
83.5207	1665
83.5278	1665
83.5342	1665
83.5352	1665
83.5425	1665
83.5489	1665
83.5498	1665
83.5568	1665
83.5634	1665
83.5644	1665
83.5713	1665
83.5784	1665
83.5794	1665
83.5853	1665
83.5928	1665
83.5937	1665
83.6007	1665
83.6075	1665
83.6084	1736
83.6144	1736
83.621	1736
83.622	1736
83.6283	1736
83.6343	1736
83.6353	1736
83.6424	1736
83.6487	1736
83.6497	1736
83.6567	1736
83.662	1736
83.663	1736
83.6709	1736
83.6766	1736
83.6776	1736
83.6846	1736
83.6906	1736
83.6916	1736
83.6985	1736
83.7049	1736
83.7059	1736
83.7129	1736
83.7188	1736
83.7198	1736
83.7261	1736
83.7321	1736
83.7331	1736
83.7394	1736
83.7464	1736
83.7474	1736
83.7537	1736
83.7603	1736
83.7613	1736
83.768	1736
83.773	1736
83.7733	1736
83.7786	1736
83.7842	1736
83.7842	1736
83.7902	1736
83.7952	1736
83.7962	1736
83.8015	1736
83.8069	1736
83.8079	1736
83.8125	1736
83.8175	1736
83.8181	1736
83.8231	1736
83.8281	1736
83.8291	1736
83.8341	1736
83.8394	1736
83.8404	1736
83.8457	1736
83.85	1736
83.851	1736
83.8563	1736
83.8627	1736
83.8627	1736
83.8684	1736
83.8736	1736
83.8746	1736
83.8836	1736
83.8916	1736
83.8939	1736
83.9012	1736
83.9108	1736
83.9118	1736
83.9208	1736
83.9282	1736
83.9302	1736
83.9388	1736
83.9474	1736
83.9487	1736
83.9577	1736
83.967	1736
83.9677	1736
83.9763	1736
83.9822	1736
83.9832	1736
83.99	1736
83.9969	1736
83.9979	1736
84.0035	1736
84.0105	1736
84.0115	1736
84.0172	1736
84.0241	1736
84.0251	1736
84.0312	1736
84.0384	1736
84.0394	1736
84.0457	1736
84.0524	1736
84.0534	1736
84.0594	1736
84.0667	1736
84.0673	1736
84.0734	1736
84.0803	1736
84.0813	1736
84.0876	1736
84.0933	1736
84.0943	1736
84.1013	1736
84.1075	1736
84.1085	1736
84.1159	1736
84.1219	1736
84.1229	1736
84.1299	1736
84.1358	1736
84.1368	1736
84.1438	1736
84.1499	1736
84.1565	1736
84.1575	1736
84.1635	1736
84.1702	1736
84.1712	1736
84.1778	1736
84.1848	1736
84.1904	1736
84.1962	1736
84.2025	1736
84.2098	1736
84.2151	1736
84.2161	1736
84.2234	1736
84.2291	1736
84.2301	1736
84.2311	1736
84.2384	1736
84.2447	1736
84.2457	1736
84.2524	1736
84.2584	1736
84.2594	1736
84.2663	1736
84.2726	1736
84.2736	1736
84.2809	1736
84.2862	1736
84.2928	1736
84.2982	1736
84.3045	1736
84.3118	1736
84.3171	1736
84.3181	1736
84.3254	1736
84.3311	1736
84.3321	1736
84.3391	1736
84.3451	1736
84.3463	1736
84.3532	1736
84.3596	1736
84.3606	1736
84.3673	1736
84.3739	1736
84.381	1736
84.382	1736
84.388	1736
84.3949	1736
84.4002	1736
84.4012	1736
84.4022	1736
84.4091	1736
84.4151	1736
84.4161	1736
84.4221	1736
84.4291	1736
84.4301	1736
84.4368	1736
84.4434	1736
84.4444	1736
84.4507	1736
84.4517	1736
84.4583	1736
84.4643	1736
84.4653	1736
84.4723	1736
84.4783	1736
84.4793	1736
84.4864	1736
84.4924	1736
84.4934	1736
84.5007	1736
84.5067	1736
84.5077	1736
84.5147	1736
84.5203	1736
84.5213	1736
84.5273	1736
84.5346	1736
84.5409	1736
84.5419	1736
84.549	1736
84.555	1736
84.556	1736
84.5626	1736
84.5685	1736
84.5752	1736
84.5819	1736
84.5882	1736
84.5892	1736
84.5958	1736
84.6027	1736
84.6027	1736
84.6084	1736
84.6134	1736
84.6144	1736
84.6191	1736
84.6241	1736
84.629	1736
84.634	1736
84.635	1736
84.641	1736
84.6467	1736
84.6467	1736
84.6527	1736
84.6573	1736
84.6623	1736
84.664	1736
84.6683	1736
84.6733	1736
84.6743	1736
84.6799	1736
84.6849	1736
84.6859	1736
84.6909	1736
84.6953	1736
84.6966	1736
84.7016	1736
84.7066	1736
84.7152	1736
84.7165	1736
84.7253	1736
84.7343	1736
84.7353	1736
84.7442	1736
84.7529	1736
84.7615	1736
84.7705	1736
84.7715	1736
84.7804	1736
84.7887	1736
84.7971	1736
84.7981	1736
84.8078	1736
84.8153	1736
84.8163	1736
84.8234	1736
84.8297	1736
84.8367	1736
84.8377	1736
84.8437	1736
84.85	1736
84.8563	1736
84.8573	1736
84.8642	1736
84.8703	1736
84.8776	1736
84.8836	1736
84.8843	1736
84.8919	1736
84.8978	1736
84.9042	1736
84.9052	1736
84.9118	1736
84.9182	1736
84.9192	1736
84.9258	1736
84.9317	1736
84.9327	1736
84.9394	1736
84.9454	1736
84.9464	1736
84.9534	1736
84.96	1736
84.967	1736
84.9679	1736
84.9733	1736
84.9806	1736
84.9816	1736
84.9872	1736
84.9942	1736
84.9952	1736
85.0012	1736
85.0088	1736
85.0098	1736
85.0157	1736
85.0221	1736
85.0288	1736
85.0298	1736
85.037	1736
85.0423	1736
85.0433	1736
85.0496	1736
85.0562	1736
85.0572	1736
85.0631	1736
85.0702	1736
85.0712	1736
85.0779	1736
85.0849	1736
85.0904	1736
85.0914	1736
85.0984	1736
85.1047	1736
85.1111	1736
85.1121	1736
85.1187	1736
85.126	1736
85.127	1736
85.1323	1736
85.1399	1736
85.1405	1736
85.1461	1736
85.1536	1736
85.1536	1736
85.1605	1736
85.1669	1736
85.1732	1736
85.1745	1736
85.1805	1736
85.1878	1736
85.1931	1736
85.1941	1736
85.2018	1736
85.2077	1736
85.2087	1736
85.2154	1736
85.2211	1736
85.2221	1736
85.23	1736
85.235	1736
85.236	1736
85.243	1736
85.25	1736
85.2564	1736
85.2627	1736
85.2637	1736
85.2704	1736
85.2767	1736
85.2833	1736
85.2833	1736
85.2902	1736
85.2966	1736
85.2976	1736
85.3049	1736
85.3102	1736
85.3112	1736
85.3182	1736
85.3245	1736
85.3315	1736
85.3325	1736
85.3382	1736
85.3391	1736
85.3465	1736
85.3522	1736
85.3599	1736
85.3609	1736
85.3661	1736
85.3731	1736
85.3741	1736
85.3801	1736
85.3873	1736
85.3883	1736
85.3893	1736
85.3951	1736
85.4018	1736
85.4084	1736
85.4094	1736
85.4156	1736
85.4226	1736
85.4236	1736
85.4292	1736
85.4302	1736
85.4371	1736
85.4381	1736
85.4448	1736
85.4498	1736
85.4501	1736
85.4551	1736
85.4618	1736
85.4618	1736
85.4674	1736
85.4724	1736
85.4724	1736
85.478	1736
85.4833	1736
85.4843	1736
85.4897	1736
85.495	1736
85.496	1736
85.5004	1736
85.5057	1736
85.5067	1736
85.5117	1736
85.5163	1736
85.5173	1736
85.5226	1736
85.5273	1736
85.5283	1736
85.5339	1736
85.5393	1736
85.5443	1736
85.5453	1736
85.551	1736
85.5583	1736
85.5672	1736
85.5688	1736
85.5774	1736
85.5865	1736
85.5875	1736
85.5968	1736
85.6048	1736
85.605	1736
85.6147	1736
85.6239	1736
85.6317	1736
85.6337	1736
85.6414	1736
85.643	1736
85.6516	1736
85.6526	1736
85.6593	1736
85.6653	1736
85.6667	1736
85.6736	1736
85.6796	1736
85.6866	1736
85.6876	1736
85.6939	1736
85.6948	1736
85.7019	1736
85.7071	1736
85.7081	1736
85.7151	1736
85.7217	1736
85.727	1736
85.728	1736
85.735	1736
85.7413	1736
85.7423	1736
85.7492	1736
85.7552	1736
85.7562	1736
85.7638	1736
85.7695	1736
85.7705	1736
85.7775	1736
85.7837	1736
85.7847	1736
85.7857	1736
85.7927	1736
85.799	1736
85.8053	1736
85.8063	1736
85.8126	1736
85.8196	1736
85.8206	1736
85.8263	1636
85.8339	1636
85.8349	1636
85.8416	1636
85.8482	1636
85.8555	1636
85.8569	1636
85.8622	1636
85.8696	1636
85.8768	1636
85.8778	1636
85.8848	1636
85.8914	1636
85.8924	1636
85.8995	1636
85.9065	1636
85.9138	1636
85.9202	1636
85.9212	1636
85.9278	1636
85.9341	1636
85.9351	1636
85.9425	1636
85.9491	1636
85.9501	1636
85.9574	1636
85.9641	1636
85.9651	1636
85.9727	1636
85.979	1636
85.98	1636
85.9873	1636
85.9883	1636
85.9943	1636
85.9953	1636
86.003	1636
86.0093	1636
86.0163	1636
86.0176	1636
86.0249	1636
86.0312	1636
86.0322	1636
86.0396	1636
86.0468	1636
86.0478	1636
86.0544	1636
86.0602	1636
86.0612	1636
86.0684	1636
86.0754	1636
86.0761	1636
86.0831	1636
86.0907	1636
86.0917	1636
86.0985	1636
86.1051	1636
86.107	1636
86.1139	1636
86.1206	1636
86.1216	1636
86.1276	1636
86.1342	1636
86.1351	1636
86.1361	1636
86.1434	1636
86.1501	1636
86.1511	1636
86.1585	1636
86.1658	1636
86.1727	1636
86.1737	1636
86.18	1636
86.1874	1636
86.1884	1636
86.1945	1636
86.2012	1636
86.2082	1636
86.2092	1636
86.2165	1636
86.2238	1636
86.2301	1636
86.2374	1636
86.2384	1636
86.2451	1636
86.2527	1636
86.2537	1636
86.2601	1636
86.2661	1636
86.2731	1636
86.2794	1636
86.2804	1636
86.2857	1636
86.2913	1636
86.2913	1636
86.2972	1636
86.3022	1636
86.3032	1636
86.3096	1636
86.3146	1636
86.3156	1636
86.3212	1636
86.3265	1636
86.3275	1636
86.3325	1636
86.3411	1636
86.3411	1636
86.3484	1636
86.3614	1636
86.3664	1636
86.3674	1636
86.372	1636
86.3827	1636
86.3837	1636
86.393	1636
86.4016	1636
86.4036	1636
86.4122	1636
86.4214	1636
86.4224	1636
86.4316	1636
86.441	1635
86.442	1635
86.4516	1635
86.4609	1635
86.4629	1635
86.4712	1635
86.4801	1635
86.4811	1635
86.4884	1635
86.4957	1635
86.4967	1635
86.504	1635
86.5103	1635
86.5113	1635
86.5183	1635
86.5246	1635
86.5315	1635
86.5325	1635
86.5335	1635
86.5408	1635
86.5475	1635
86.5548	1635
86.5558	1635
86.5624	1635
86.5694	1635
86.5704	1635
86.5774	1635
86.585	1635
86.586	1635
86.593	1635
86.5989	1635
86.5999	1635
86.6069	1635
86.6132	1635
86.6142	1635
86.6212	1635
86.6282	1635
86.6292	1635
86.6366	1635
86.644	1635
86.645	1635
86.6516	1635
86.6586	1635
86.6597	1635
86.6653	1635
86.6726	1635
86.6736	1635
86.6805	1635
86.6878	1635
86.6888	1635
86.6955	1635
86.7028	1635
86.7038	1635
86.7101	1635
86.7178	1635
86.7248	1635
86.7258	1635
86.7312	1635
86.7385	1635
86.7395	1635
86.7467	1635
86.7533	1635
86.7543	1635
86.7618	1635
86.7688	1635
86.7698	1635
86.7764	1635
86.7836	1635
86.7904	1635
86.7974	1635
86.7984	1635
86.8044	1635
86.8114	1635
86.8127	1635
86.819	1635
86.8263	1635
86.8333	1635
86.8343	1635
86.8412	1635
86.8489	1635
86.8499	1635
86.8568	1635
86.8631	1635
86.8641	1635
86.8701	1635
86.8772	1635
86.8782	1635
86.8854	1635
86.8925	1635
86.8998	1635
86.9008	1635
86.9075	1635
86.9141	1635
86.921	1635
86.922	1635
86.929	1635
86.9367	1635
86.9421	1635
86.9431	1635
86.9501	1635
86.9574	1635
86.9648	1635
86.9651	1635
86.9721	1635
86.9794	1635
86.9868	1635
86.9878	1635
86.9947	1635
87.0017	1635
87.0027	1635
87.0089	1635
87.0153	1635
87.0229	1635
87.0239	1635
87.0303	1635
87.0379	1635
87.0389	1635
87.0452	1635
87.0522	1635
87.0532	1635
87.0602	1635
87.0675	1635
87.0685	1635
87.0754	1635
87.0814	1635
87.0821	1635
87.0891	1635
87.0967	1635
87.0977	1635
87.1044	1635
87.1106	1635
87.1106	1635
87.1166	1635
87.1212	1635
87.1222	1635
87.1282	1635
87.1339	1635
87.1349	1635
87.1402	1635
87.1455	1635
87.1461	1635
87.1518	1635
87.1577	1635
87.1653	1635
87.1707	1635
87.176	1635
87.1822	1635
87.1876	1635
87.1975	1635
87.1998	1635
87.2081	1635
87.2175	1635
87.2194	1635
87.2287	1635
87.2371	1635
87.2463	1635
87.2477	1635
87.2576	1635
87.267	1635
87.2753	1635
87.2763	1635
87.2866	1635
87.2959	1635
87.2965	1635
87.3052	1635
87.3125	1635
87.3195	1635
87.3204	1635
87.3274	1635
87.3344	1635
87.3354	1635
87.3424	1635
87.35	1635
87.351	1635
87.3566	1635
87.3586	1635
87.3643	1635
87.3712	1635
87.3722	1635
87.3799	1635
87.3869	1635
87.3879	1635
87.3941	1635
87.4011	1635
87.4021	1635
87.4098	1635
87.4161	1635
87.4171	1635
87.4241	1635
87.4307	1635
87.4317	1635
87.4387	1635
87.4456	1635
87.4466	1635
87.454	1635
87.4606	1635
87.4676	1635
87.4686	1635
87.4752	1635
87.4826	1635
87.4836	1635
87.4902	1635
87.4972	1635
87.4982	1635
87.5045	1635
87.5111	1635
87.5121	1635
87.5191	1635
87.5261	1635
87.5334	1635
87.5344	1635
87.541	1635
87.5483	1635
87.5493	1635
87.5567	1635
87.563	1635
87.5694	1635
87.571	1635
87.578	1635
87.5842	1635
87.5852	1635
87.5923	1635
87.5933	1635
87.6002	1635
87.6079	1635
87.6089	1635
87.6159	1635
87.6222	1635
87.6296	1635
87.6306	1635
87.6375	1635
87.6435	1635
87.6445	1635
87.6519	1635
87.6586	1635
87.6652	1635
87.6662	1635
87.6734	1635
87.6801	1635
87.6811	1635
87.6888	1635
87.6951	1635
87.6961	1635
87.7031	1635
87.7093	1635
87.7111	1635
87.7177	1635
87.7187	1635
87.726	1635
87.7323	1635
87.7333	1635
87.7409	1635
87.7473	1635
87.7483	1635
87.7557	1635
87.762	1635
87.763	1635
87.7704	1635
87.7777	1635
87.7787	1635
87.7849	1635
87.7916	1635
87.7926	1635
87.7995	1635
87.8065	1635
87.8075	1635
87.8148	1635
87.8218	1635
87.8228	1635
87.8292	1635
87.8365	1635
87.8375	1635
87.8448	1635
87.8505	1635
87.8525	1635
87.8581	1635
87.8653	1635
87.8663	1635
87.873	1635
87.88	1635
87.8812	1635
87.889	1605
87.895	1605
87.896	1605
87.9039	1605
87.9102	1605
87.9112	1605
87.9189	1644
87.9252	1644
87.9262	1644
87.9312	1644
87.9379	1644
87.9389	1644
87.9435	1644
87.9485	1644
87.9495	1644
87.9558	1644
87.9601	1644
87.9611	1644
87.9674	1644
87.9724	1644
87.973	1652
87.978	1652
87.9846	1652
87.9856	1652
87.9909	1652
87.9976	1652
87.9976	1652
88.0049	1652
88.0198	1652
88.0256	1652
88.0352	1652
88.0448	1652
88.0538	1652
88.0628	1652
88.0638	1652
88.0724	1652
88.0812	1652
88.0832	1652
88.0925	1652
88.1018	1652
88.1104	1652
88.1114	1652
88.12	1652
88.1297	1652
88.1317	1652
88.14	1652
88.1472	1652
88.1482	1652
88.1549	1652
88.1612	1652
88.1622	1652
88.1699	1652
88.1769	1652
88.1835	1652
88.1845	1652
88.1912	1652
88.1975	1652
88.1985	1652
88.2058	1652
88.2128	1652
88.2138	1652
88.2208	1652
88.2278	1652
88.2348	1652
88.2357	1652
88.2417	1652
88.2483	1652
88.2493	1652
88.2569	1652
88.2636	1652
88.2646	1652
88.2716	1652
88.2778	1652
88.2788	1652
88.2852	1652
88.2925	1652
88.2935	1652
88.3007	1652
88.3079	1652
88.3089	1652
88.316	1652
88.3216	1652
88.3226	1652
88.3293	1652
88.3369	1652
88.3379	1652
88.3449	1652
88.3515	1652
88.3525	1652
88.3582	1652
88.3654	1652
88.3664	1652
88.3738	1652
88.3808	1652
88.3818	1652
88.3881	1652
88.3954	1652
88.3964	1652
88.4026	1652
88.4097	1652
88.4164	1652
88.4174	1652
88.4247	1652
88.432	1652
88.433	1652
88.4387	1652
88.4459	1652
88.4526	1652
88.4536	1652
88.46	1652
88.4676	1652
88.4686	1652
88.4753	1652
88.4812	1652
88.4825	1652
88.4899	1652
88.4966	1652
88.4976	1652
88.5046	1652
88.5119	1652
88.5129	1652
88.5189	1652
88.5256	1652
88.5266	1652
88.5339	1652
88.5405	1652
88.5475	1652
88.5485	1652
88.5556	1652
88.5615	1652
88.5682	1652
88.5692	1652
88.5764	1652
88.5838	1652
88.5901	1652
88.5911	1652
88.597	1652
88.6047	1652
88.605	1652
88.612	1652
88.6195	1652
88.6205	1652
88.6272	1652
88.6342	1652
88.6356	1652
88.6419	1652
88.6482	1652
88.6491	1652
88.6565	1652
88.6631	1652
88.6641	1652
88.6711	1652
88.6777	1652
88.6787	1652
88.6853	1652
88.6929	1652
88.6939	1652
88.7006	1652
88.708	1652
88.709	1652
88.7152	1652
88.7219	1652
88.7289	1652
88.7352	1652
88.7362	1652
88.7438	1652
88.7505	1652
88.7568	1652
88.7578	1652
88.7631	1652
88.768	1652
88.769	1652
88.774	1652
88.7807	1652
88.7817	1652
88.7866	1652
88.7929	1652
88.7929	1652
88.7986	1652
88.8048	1652
88.8048	1652
88.8129	1652
88.8179	1652
88.8189	1652
88.8256	1652
88.8382	1652
88.8435	1652
88.8445	1652
88.8495	1652
88.8552	1652
88.8555	1652
88.8627	1652
88.871	1652
88.872	1652
88.8818	1652
88.8901	1652
88.8911	1652
88.9017	1652
88.9104	1652
88.9114	1652
88.9207	1652
88.9296	1652
88.9386	1652
88.9402	1652
88.9491	1652
88.9588	1652
88.9598	1652
88.9684	1652
88.9754	1652
88.9764	1652
88.9837	1652
88.9904	1652
88.9914	1652
88.9974	1652
89.0047	1652
89.005	1652
89.012	1652
89.0194	1660
89.0204	1660
89.027	1660
89.034	1660
89.035	1660
89.0419	1724
89.0483	1724
89.0493	1724
89.0556	1724
89.0625	1724
89.0683	1724
89.0693	1724
89.0762	1724
89.0822	1724
89.0835	1724
89.0902	1724
89.0968	1724
89.0978	1724
89.105	1724
89.111	1724
89.112	1724
89.1183	1724
89.1243	1724
89.1253	1724
89.1323	1724
89.1383	1724
89.1393	1724
89.1469	1724
89.1529	1724
89.1539	1724
89.1601	1724
89.1675	1724
89.1675	1724
89.1745	1724
89.1814	1724
89.1814	1724
89.188	1724
89.1954	1724
89.1964	1724
89.2027	1724
89.209	1724
89.21	1724
89.2163	1724
89.2233	1724
89.2246	1724
89.2309	1724
89.2375	1724
89.2385	1724
89.245	1724
89.2512	1724
89.2572	1724
89.2582	1724
89.2658	1724
89.2712	1724
89.2722	1724
89.2799	1724
89.2859	1724
89.2869	1724
89.2934	1724
89.2998	1724
89.3008	1724
89.3074	1724
89.3084	1724
89.3144	1724
89.3214	1724
89.3273	1724
89.3283	1724
89.3357	1724
89.3411	1724
89.3484	1724
89.3494	1724
89.355	1724
89.3627	1724
89.3687	1724
89.37	1724
89.376	1724
89.3821	1724
89.3831	1724
89.3903	1724
89.397	1724
89.397	1724
89.4042	1724
89.4117	1724
89.4117	1724
89.4183	1724
89.4256	1724
89.4316	1724
89.4326	1724
89.4398	1724
89.4458	1724
89.4468	1724
89.4537	1724
89.4595	1724
89.4605	1724
89.4678	1724
89.4737	1724
89.4744	1724
89.481	1724
89.4876	1724
89.4886	1724
89.4957	1724
89.5013	1724
89.5083	1724
89.5093	1724
89.5157	1724
89.5227	1724
89.5237	1724
89.5297	1724
89.5364	1724
89.5429	1724
89.5497	1724
89.5553	1724
89.5563	1724
89.5633	1724
89.5693	1724
89.5706	1724
89.5778	1724
89.5838	1724
89.5841	1724
89.5911	1724
89.5978	1724
89.5988	1724
89.6054	1724
89.6104	1724
89.6114	1724
89.6161	1724
89.622	1724
89.623	1724
89.628	1724
89.6332	1724
89.6332	1724
89.6399	1724
89.6442	1724
89.6452	1724
89.6509	1724
89.6553	1724
89.6562	1724
89.6612	1724
89.6685	1724
89.6685	1724
89.6758	1724
89.6861	1724
89.6911	1724
89.6925	1724
89.6978	1724
89.7028	1724
89.7038	1724
89.7114	1724
89.7207	1724
89.721	1724
89.7308	1724
89.7394	1724
89.7404	1724
89.75	1724
89.7583	1724
89.7593	1724
89.7682	1724
89.7765	1724
89.7785	1724
89.7868	1724
89.7952	1724
89.7964	1724
89.8051	1724
89.8144	1724
89.8154	1724
89.8211	1724
89.8281	1724
89.8294	1724
89.8353	1724
89.8424	1724
89.8434	1724
89.8497	1724
89.8563	1724
89.8621	1724
89.8694	1724
89.8704	1724
89.8763	1724
89.8833	1724
89.8893	1724
89.8903	1724
89.898	1724
89.9039	1724
89.9049	1724
89.9112	1724
89.9122	1724
89.9182	1724
89.9192	1724
89.9264	1724
89.9324	1724
89.9334	1724
89.9404	1724
89.946	1724
89.947	1724
89.954	1724
89.961	1724
89.962	1724
89.9689	1724
89.9745	1724
89.9755	1724
89.9825	1724
89.9889	1724
89.9899	1724
89.9961	1724
90.0021	1724
90.0032	1724
90.0105	1724
90.017	1724
90.017	1724
90.0247	1724
90.0318	1724
90.0328	1724
90.0388	1724
90.0457	1724
90.0467	1724
90.0527	1724
90.0597	1724
90.0607	1724
90.0666	1724
90.0739	1724
90.0749	1724
90.0805	1724
90.0875	1724
90.0885	1724
90.0942	1724
90.1015	1724
90.1078	1724
90.1088	1724
90.1154	1724
90.1218	1724
90.1228	1724
90.1238	1724
90.1308	1724
90.1361	1724
90.1371	1724
90.1441	1724
90.1504	1724
90.1514	1724
90.1581	1724
90.1641	1724
90.1651	1724
90.1727	1724
90.1784	1724
90.1794	1724
90.1863	1724
90.192	1724
90.1933	1724
90.2009	1724
90.2067	1724
90.2077	1724
90.2143	1724
90.2209	1724
90.2279	1724
90.2289	1724
90.2346	1724
90.2419	1724
90.2429	1724
90.2481	1724
90.2558	1724
90.2568	1724
90.2621	1724
90.2694	1724
90.2704	1724
90.2767	1724
90.2834	1724
90.2903	1724
90.2913	1724
90.2974	1724
90.3049	1724
90.3059	1724
90.3116	1724
90.3189	1724
90.3199	1724
90.3252	1724
90.3326	1724
90.3336	1724
90.3398	1724
90.3461	1724
90.3471	1724
90.3531	1724
90.3605	1724
90.3615	1724
90.3678	1724
90.3744	1724
90.3803	1724
90.3814	1724
90.3886	1724
90.3943	1724
90.3953	1724
90.403	1724
90.409	1724
90.41	1724
90.4163	1724
90.4229	1724
90.4298	1724
90.4308	1724
90.4352	1724
90.4405	1724
90.4415	1724
90.4468	1724
90.4512	1724
90.4522	1724
90.4574	1724
90.4635	1724
90.4681	1724
90.4691	1724
90.4745	1724
90.483	1724
90.4881	1724
90.4891	1724
90.495	1724
90.4996	1724
90.5006	1724
90.5016	1724
90.5065	1724
90.5126	1724
90.5126	1724
90.5195	1724
90.5275	1724
90.5275	1724
90.5356	1724
90.5439	1724
90.5522	1724
90.5535	1724
90.5621	1724
90.5717	1724
90.5727	1724
90.5817	1724
90.5898	1724
90.5982	1724
90.5992	1724
90.6084	1724
90.6177	1724
90.6187	1724
90.6277	1724
90.6356	1724
90.6447	1724
90.6453	1724
90.6529	1724
90.6589	1724
90.6652	1724
90.6662	1724
90.6726	1724
90.6796	1724
90.6806	1724
90.6865	1724
90.6935	1724
90.6998	1724
90.7008	1724
90.7073	1724
90.7132	1724
90.7209	1724
90.7219	1724
90.7279	1724
90.7345	1724
90.7355	1724
90.7412	1724
90.7484	1724
90.7544	1724
90.7554	1724
90.7624	1724
90.7687	1724
90.7692	1724
90.7768	1724
90.7833	1724
90.7833	1724
90.7903	1724
90.7979	1724
90.7989	1724
90.8042	1724
90.8112	1724
90.8122	1724
90.8185	1724
90.8259	1724
90.8269	1724
90.8321	1724
90.8391	1724
90.8407	1724
90.8467	1724
90.8537	1724
90.8547	1724
90.8607	1724
90.8673	1724
90.8683	1724
90.8743	1724
90.8813	1724
90.8825	1724
90.889	1724
90.8952	1724
90.8962	1724
90.9029	1724
90.9091	1724
90.9101	1724
90.9161	1724
90.9231	1724
90.9291	1724
90.9301	1724
90.9374	1724
90.9434	1724
90.9447	1724
90.9457	1724
90.9527	1724
90.9586	1724
90.9657	1724
90.9667	1724
90.9726	1724
90.9796	1724
90.9806	1724
90.9865	1724
90.9939	1724
90.9949	1724
91.0003	1724
91.0079	1724
91.0089	1724
91.0142	1724
91.0215	1724
91.0225	1724
91.0289	1724
91.0355	1724
91.0361	1724
91.0425	1724
91.0491	1724
91.0501	1724
91.0565	1724
91.0638	1724
91.0648	1724
91.0704	1724
91.0774	1724
91.0841	1724
91.0854	1724
91.0914	1724
91.098	1724
91.099	1724
91.1053	1724
91.113	1724
91.119	1724
91.1193	1724
91.1263	1724
91.1326	1724
91.1392	1724
91.1402	1724
91.147	1724
91.1536	1724
91.1546	1724
91.1605	1724
91.1672	1724
91.1682	1724
91.1741	1724
91.1819	1724
91.1822	1724
91.1882	1724
91.1958	1724
91.1968	1724
91.2024	1724
91.209	1724
91.21	1724
91.217	1724
91.2233	1724
91.2243	1724
91.231	1724
91.232	1724
91.2389	1724
91.2399	1724
91.2455	1724
91.2528	1724
91.2538	1724
91.2595	1724
91.2661	1724
91.2671	1724
91.2724	1724
91.2774	1724
91.2787	1724
91.2837	1724
91.289	1724
91.29	1724
91.2946	1724
91.3009	1724
91.3009	1724
91.3076	1724
91.3122	1724
91.3122	1724
91.3185	1724
91.3248	1724
91.3248	1724
91.3325	1724
91.3417	1724
91.3417	1724
91.3548	1724
91.3597	1724
91.3643	1724
91.3653	1724
91.3744	1724
91.384	1724
91.3913	1724
91.3933	1724
91.4012	1724
91.4108	1724
91.4118	1724
91.4209	1724
91.4299	1724
91.4309	1724
91.4399	1724
91.4486	1724
91.4562	1724
91.4572	1724
91.4663	1724
91.4755	1724
91.4765	1724
91.4825	1724
91.4898	1724
91.4958	1724
91.4968	1724
91.5035	1724
91.5104	1724
91.5104	1724
91.5177	1724
91.5241	1724
91.5241	1724
91.5314	1724
91.5387	1724
91.5397	1724
91.545	1724
91.552	1724
91.553	1724
91.5593	1724
91.567	1724
91.568	1724
91.574	1724
91.5802	1724
91.5812	1724
91.5871	1724
91.5945	1724
91.5955	1724
91.6015	1724
91.6081	1724
91.6091	1724
91.6151	1724
91.6221	1724
91.6231	1724
91.629	1724
91.6364	1724
91.637	1724
91.643	1724
91.6506	1724
91.6516	1724
91.6576	1724
91.6642	1724
91.6652	1724
91.6712	1724
91.6789	1724
91.6799	1724
91.6858	1724
91.6924	1724
91.6934	1724
91.6993	1724
91.7067	1724
91.7077	1724
91.7139	1724
91.7203	1724
91.7213	1724
91.7273	1724
91.735	1724
91.7402	1724
91.7412	1724
91.7482	1724
91.7542	1724
91.7552	1724
91.7625	1724
91.7689	1724
91.7699	1724
91.7764	1724
91.7834	1724
91.7858	1724
91.7911	1724
91.7985	1724
91.8057	1724
91.8057	1724
91.8121	1724
91.8134	1724
91.8203	1724
91.8267	1724
91.828	1724
91.8353	1724
91.8413	1724
91.8429	1724
91.8533	1724
91.8596	1724
91.8665	1724
91.8675	1724
91.8732	1724
91.8802	1724
91.8812	1724
91.8873	1724
91.8949	1724
91.8959	1724
91.9015	1724
91.9085	1724
91.9095	1724
91.9152	1724
91.9225	1724
91.9235	1724
91.9307	1724
91.9367	1724
91.9431	1724
91.9441	1724
91.9507	1724
91.957	1724
91.958	1724
91.9643	1724
91.971	1724
91.972	1724
91.978	1724
91.9853	1724
91.9863	1724
91.993	1724
91.9996	1724
92.0006	1724
92.0068	1724
92.0135	1724
92.0145	1724
92.0205	1724
92.0275	1724
92.0285	1724
92.0341	1724
92.0412	1724
92.0472	1724
92.0482	1724
92.0552	1724
92.0611	1724
92.0621	1724
92.0698	1724
92.0751	1724
92.0767	1724
92.0831	1724
92.0894	1724
92.0903	1724
92.097	1724
92.1023	1724
92.1033	1724
92.1082	1724
92.1139	1724
92.1149	1724
92.1199	1724
92.1253	1724
92.1253	1724
92.1319	1724
92.1369	1724
92.1379	1724
92.1421	1724
92.1478	1724
92.1488	1724
92.1551	1724
92.1624	1724
92.1624	1724
92.1701	1724
92.1773	1724
92.1773	1724
92.1823	1724
92.1927	1724
92.1927	1724
92.1996	1724
92.2076	1724
92.2086	1724
92.2175	1724
92.2269	1724
92.2279	1724
92.2366	1724
92.2453	1724
92.2463	1724
92.2559	1724
92.2639	1724
92.2652	1728
92.2734	1762
92.2821	1762
92.2831	1762
92.2925	1762
92.3	1762
92.3018	1762
92.3077	1762
92.314	1762
92.315	1762
92.322	1770
92.323	1770
92.3283	1817
92.3293	1817
92.3369	1817
92.3429	1817
92.3439	1817
92.3492	1817
92.3559	1817
92.3569	1817
92.3629	1825
92.3681	1825
92.3691	1825
92.3754	1825
92.3821	1825
92.3831	1825
92.3891	1825
92.3954	1825
92.3964	1825
92.4024	1825
92.4087	1825
92.414	1825
92.4153	1825
92.4216	1825
92.4297	1825
92.432	1825
92.4416	1825
92.4489	1825
92.4511	1825
92.4607	1825
92.4661	1825
92.4684	1825
92.4784	1825
92.4864	1825
92.4887	1825
92.4979	1825
92.5037	1825
92.5083	1825
92.516	1825
92.5213	1825
92.5232	1825
92.5294	1825
92.536	1825
92.5413	1825
92.5423	1825
92.5486	1825
92.5546	1825
92.5556	1825
92.5612	1825
92.5689	1825
92.5689	1825
92.5756	1825
92.5815	1825
92.5825	1825
92.5888	1825
92.5945	1825
92.5955	1825
92.6018	1825
92.6078	1825
92.6088	1825
92.6147	1825
92.6217	1825
92.6217	1825
92.6286	1825
92.6343	1825
92.6353	1825
92.642	1825
92.6476	1825
92.6486	1825
92.6546	1825
92.6609	1825
92.6619	1825
92.6673	1825
92.6742	1825
92.6802	1825
92.6818	1825
92.6878	1825
92.6935	1825
92.6945	1825
92.7005	1825
92.7061	1825
92.7071	1825
92.7131	1825
92.7194	1825
92.7204	1825
92.7271	1825
92.733	1825
92.7344	1825
92.7403	1825
92.7464	1825
92.7474	1825
92.754	1825
92.7593	1825
92.7603	1825
92.7666	1825
92.7733	1825
92.7733	1825
92.7802	1825
92.7869	1825
92.7879	1825
92.7935	1825
92.7993	1825
92.806	1825
92.8113	1825
92.8123	1825
92.8183	1825
92.8253	1825
92.8263	1825
92.8323	1825
92.8385	1825
92.8395	1825
92.8456	1825
92.8513	1825
92.8523	1825
92.8586	1825
92.8646	1825
92.8716	1825
92.8716	1825
92.8789	1825
92.8849	1825
92.8908	1825
92.8918	1825
92.8971	1825
92.9035	1825
92.9045	1825
92.9108	1825
92.9171	1825
92.9171	1825
92.9247	1825
92.929	1825
92.929	1825
92.9343	1825
92.9393	1825
92.9403	1825
92.9457	1825
92.951	1825
92.951	1825
92.9559	1825
92.9606	1825
92.9616	1825
92.9669	1825
92.9718	1825
92.9729	1825
92.9772	1825
92.9825	1825
92.9825	1825
92.9888	1825
92.9961	1825
92.9961	1825
93.0033	1825
93.0103	1825
93.0103	1825
93.0183	1825
93.0275	1825
93.0285	1825
93.0375	1825
93.0458	1825
93.0468	1825
93.0541	1825
93.0551	1825
93.0643	1825
93.0653	1825
93.0736	1825
93.0746	1825
93.0835	1825
93.0918	1825
93.0928	1825
93.1004	1825
93.1085	1825
93.1171	1825
93.1181	1825
93.1261	1825
93.1324	1825
93.1385	1825
93.1395	1825
93.1464	1825
93.152	1825
93.1587	1825
93.1597	1825
93.1654	1825
93.1717	1825
93.1774	1825
93.1784	1825
93.1842	1825
93.1911	1825
93.1971	1825
93.1981	1825
93.2047	1825
93.2104	1825
93.2114	1825
93.2173	1825
93.2237	1825
93.2247	1825
93.23	1825
93.2376	1825
93.2376	1825
93.2447	1825
93.2503	1825
93.2513	1825
93.257	1825
93.2633	1825
93.2643	1825
93.2703	1825
93.2769	1825
93.2779	1825
93.2836	1825
93.2902	1825
93.2902	1825
93.2972	1825
93.3039	1825
93.3049	1825
93.3102	1825
93.3165	1825
93.3175	1825
93.3238	1825
93.3297	1825
93.3301	1825
93.3368	1825
93.3438	1825
93.3448	1825
93.3504	1825
93.357	1825
93.358	1825
93.3633	1825
93.3692	1825
93.3702	1825
93.3761	1825
93.3825	1825
93.3835	1825
93.5617	1825
93.5698	1825
93.5767	1825
93.5821	1825
93.5887	1825
93.6902	1825
93.6925	1825
93.6981	1825
93.7044	1825
93.7054	1825
93.7114	1825
93.7927	1825
93.7927	1825
93.8	1825
93.8059	1825
93.8069	1825
93.8128	1825
93.8188	1825
93.8198	1825
93.8258	1825
93.8318	1825
93.8328	1825
93.8388	1825
93.8458	1825
93.8458	1825
93.8528	1825
93.8588	1825
93.8598	1825
93.8658	1825
93.8718	1825
93.8728	1825
93.8788	1825
93.8848	1825
93.8858	1825
93.8918	1825
93.8983	1825
93.8983	1825
93.9034	1825
93.908	1825
93.909	1825
93.9143	1825
93.9192	1825
93.9192	1825
93.9242	1825
93.9292	1825
93.9302	1825
93.9352	1825
93.9402	1825
93.9412	1825
93.9462	1825
93.9516	1825
93.9516	1825
93.9562	1825
93.9613	1825
93.9622	1825
93.9672	1825
93.9721	1825
93.9721	1825
93.9776	1825
93.9822	1825
93.9832	1825
93.9882	1825
93.9932	1825
93.9942	1825
93.9999	1825
94.0041	1825
94.0051	1825
94.0138	1825
94.0211	1861
94.0221	1861
94.0304	1861
94.039	1861
94.04	1861
94.0487	1861
94.0567	1861
94.0577	1861
94.0653	1861
94.0739	1861
94.0749	1861
94.0823	1861
94.0916	1861
94.0926	1861
94.1002	1861
94.1081	1861
94.1091	1861
94.1152	1861
94.1211	1861
94.1221	1861
94.1288	1861
94.1347	1861
94.1357	1861
94.1414	1861
94.1474	1861
94.1481	1861
94.1541	1861
94.1603	1861
94.1613	1861
94.1673	1861
94.1736	1861
94.1746	1861
94.181	1861
94.187	1861
94.188	1861
94.1932	1861
94.1995	1861
94.2005	1861
94.2065	1861
94.2125	1861
94.2132	1861
94.2198	1861
94.2257	1861
94.2267	1861
94.2327	1861
94.2381	1861
94.2391	1861
94.2457	1861
94.2517	1861
94.2527	1861
94.258	1861
94.2643	1861
94.2653	1861
94.272	1861
94.278	1861
94.279	1861
94.2849	1861
94.2902	1861
94.2912	1861
94.2976	1861
94.3032	1861
94.3042	1861
94.3106	1861
94.3168	1861
94.3171	1861
94.3231	1861
94.3298	1861
94.3308	1861
94.3365	1861
94.3428	1861
94.3438	1861
94.3491	1861
94.3553	1861
94.3563	1861
94.3621	1861
94.3687	1861
94.3693	1861
94.375	1861
94.3813	1861
94.3823	1861
94.3886	1861
94.3943	1861
94.3956	1861
94.4016	1861
94.4072	1861
94.4082	1861
94.4145	1861
94.4208	1861
94.4218	1861
94.4275	1861
94.4338	1861
94.4348	1861
94.4408	1861
94.4468	1861
94.4478	1861
94.453	1861
94.4591	1861
94.4601	1861
94.467	1861
94.472	1861
94.473	1861
94.4799	1861
94.4857	1861
94.4867	1861
94.493	1861
94.4989	1861
94.4999	1861
94.5052	1861
94.5112	1861
94.5129	1861
94.5189	1861
94.5245	1861
94.5255	1861
94.5312	1861
94.5375	1861
94.5375	1861
94.5441	1861
94.5504	1861
94.5504	1861
94.5575	1861
94.5634	1861
94.5634	1861
94.5707	1861
94.5767	1861
94.5767	1861
94.583	1861
94.5896	1861
94.5896	1861
94.5906	1861
94.5969	1861
94.6022	1861
94.6032	1861
94.6092	1861
94.6157	1861
94.617	1861
94.6229	1861
94.6282	1861
94.6359	1861
94.6359	1861
94.6412	1861
94.6482	1861
94.6482	1861
94.6545	1861
94.6613	1861
94.6613	1861
94.6672	1861
94.6745	1861
94.6745	1861
94.6808	1861
94.6862	1861
94.6872	1861
94.6931	1861
94.6991	1861
94.7008	1861
94.7061	1861
94.7127	1861
94.7197	1861
94.7197	1861
94.725	1861
94.7307	1861
94.7317	1861
94.7367	1861
94.7417	1861
94.742	1861
94.746	1861
94.7514	1861
94.7527	1861
94.7577	1861
94.7653	1861
94.7676	1861
94.7717	1861
94.7784	1861
94.7834	1861
94.7887	1861
94.7991	1861
94.8014	1861
94.8054	1861
94.8114	1861
94.8157	1861
94.8206	1861
94.8216	1861
94.8266	1861
94.8319	1861
94.8329	1861
94.8405	1861
94.8488	1861
94.8498	1861
94.8571	1861
94.8655	1861
94.8665	1861
94.8744	1861
94.8837	1861
94.8847	1861
94.8926	1861
94.9003	1861
94.9013	1861
94.9096	1861
94.9175	1861
94.9186	1861
94.9268	1861
94.9352	1861
94.9352	1861
94.9418	1861
94.9488	1861
94.9488	1861
94.9545	1861
94.9611	1861
94.9611	1861
94.9677	1861
94.9747	1861
94.9747	1861
94.9806	1861
94.9866	1861
94.9876	1861
94.9939	1861
94.9992	1861
95.0002	1861
95.0068	1861
95.0125	1861
95.0131	1861
95.0191	1861
95.0254	1861
95.0264	1861
95.0328	1861
95.0384	1861
95.0454	1861
95.0454	1861
95.0517	1861
95.0603	1861
95.0603	1861
95.0613	1861
95.068	1861
95.0753	1861
95.0753	1861
95.0763	1861
95.0822	1861
95.0883	1861
95.0929	1861
95.0998	1861
95.1052	1861
95.1128	1861
95.1205	1861
95.1268	1861
95.1321	1861
95.1321	1861
95.147	1861
95.147	1861
95.1527	1861
95.159	1861
95.159	1861
95.1654	1861
95.1727	1861
95.1727	1861
95.178	1861
95.185	1861
95.1917	1861
95.1917	1861
95.199	1861
95.2049	1861
95.2049	1861
95.2113	1861
95.2176	1861
95.2176	1861
95.2236	1861
95.2302	1861
95.2302	1861
95.2362	1861
95.2438	1861
95.2438	1861
95.2498	1861
95.2568	1861
95.2629	1861
95.2629	1861
95.2698	1861
95.2753	1861
95.2812	1861
95.2822	1861
95.2882	1861
95.2945	1861
95.2955	1861
95.3011	1861
95.3072	1861
95.3082	1861
95.3144	1861
95.3204	1861
95.3211	1861
95.3271	1861
95.334	1861
95.335	1861
95.341	1861
95.347	1861
95.348	1861
95.3537	1861
95.3537	1861
95.3607	1861
95.3607	1861
95.367	1861
95.3736	1861
95.3736	1861
95.3799	1861
95.3862	1861
95.3862	1861
95.3928	1861
95.3994	1861
95.3994	1861
95.4051	1861
95.4124	1861
95.4124	1861
95.4187	1861
95.426	1861
95.426	1861
95.4314	1861
95.4385	1861
95.4447	1861
95.45	1861
95.4513	1861
95.4574	1861
95.4636	1861
95.4646	1861
95.471	1861
95.4763	1861
95.4773	1861
95.4832	1861
95.4899	1861
95.4909	1861
95.4966	1861
95.5029	1861
95.5029	1861
95.5099	1861
95.5155	1861
95.5155	1861
95.5228	1861
95.5282	1861
95.5346	1861
95.5356	1861
95.5415	1861
95.5478	1861
95.5485	1861
95.5548	1861
95.5605	1861
95.5615	1861
95.5676	1861
95.5735	1861
95.5772	1861
95.5821	1861
95.5875	1861
95.5885	1861
95.5935	1861
95.5988	1861
95.5988	1861
95.6031	1861
95.6087	1861
95.6097	1861
95.6147	1861
95.6187	1861
95.6197	1861
95.6241	1861
95.6293	1861
95.6293	1861
95.6343	1861
95.6392	1861
95.6402	1861
95.6452	1861
95.6502	1861
95.6502	1861
95.6628	1861
95.6674	1861
95.6728	1861
95.6801	1861
95.689	1861
95.69	1861
95.697	1861
95.7059	1861
95.7069	1861
95.7146	1861
95.7229	1861
95.7239	1861
95.7321	1861
95.7401	1861
95.7411	1861
95.7491	1861
95.7571	1861
95.7581	1861
95.7667	1861
95.774	1861
95.7827	1861
95.7886	1861
95.7941	1861
95.7951	1861
95.802	1861
95.807	1861
95.814	1861
95.814	1861
95.8209	1861
95.8279	1861
95.8279	1861
95.8289	1861
95.8343	1861
95.8406	1861
95.8462	1861
95.8539	1861
95.8539	1861
95.8599	1861
95.8669	1861
95.8669	1861
95.8729	1861
95.8795	1861
95.8795	1861
95.8858	1861
95.8928	1861
95.8928	1861
95.8988	1861
95.9044	1861
95.9054	1861
95.9114	1861
95.9171	1861
95.9181	1861
95.9241	1861
95.93	1861
95.931	1861
95.9376	1861
95.9434	1861
95.9444	1861
95.9503	1861
95.9563	1861
95.9573	1861
95.9639	1861
95.9692	1861
95.9702	1861
95.9762	1861
95.9828	1861
95.9838	1861
95.9891	1861
95.9954	1861
95.9964	1861
96.0021	1861
96.0081	1861
96.0094	1861
96.0154	1861
96.021	1861
96.022	1861
96.028	1861
96.0341	1861
96.0401	1861
96.0411	1861
96.047	1861
96.054	1861
96.055	1861
96.06	1861
96.066	1861
96.0673	1861
96.0733	1861
96.0799	1861
96.081	1861
96.0863	1861
96.1016	1861
96.1073	1861
96.1139	1861
96.1149	1861
96.1202	1861
96.1202	1861
96.1275	1861
96.1339	1861
96.1339	1861
96.1402	1861
96.1465	1861
96.1465	1861
96.1538	1861
96.1595	1861
96.1595	1861
96.1664	1861
96.1724	1861
96.1724	1861
96.179	1861
96.185	1861
96.1917	1861
96.1927	1861
96.1927	1861
96.1986	1861
96.2057	1861
96.2057	1861
96.2116	1861
96.2189	1861
96.2189	1861
96.2249	1861
96.2315	1861
96.2315	1861
96.2375	1861
96.2435	1861
96.2501	1861
96.2501	1861
96.257	1861
96.2637	1861
96.2637	1861
96.269	1861
96.276	1861
96.276	1861
96.2823	1775
96.2833	1775
96.29	1775
96.2969	1775
96.3039	1775
96.3039	1775
96.3108	1775
96.3166	1775
96.3176	1775
96.3232	1775
96.3305	1775
96.3315	1775
96.3378	1775
96.343	1775
96.344	1775
96.3517	1775
96.3577	1775
96.3587	1775
96.3646	1775
96.372	1775
96.373	1775
96.3782	1775
96.3845	1775
96.3855	1775
96.3928	1775
96.4007	1775
96.4088	1775
96.4142	1775
96.4152	1775
96.4209	1775
96.4252	1775
96.4301	1775
96.4359	1775
96.4369	1775
96.4412	1775
96.4525	1775
96.4578	1775
96.4627	1775
96.4627	1775
96.4672	1775
96.4731	1775
96.4781	1775
96.4781	1775
96.4831	1775
96.4841	1775
96.4897	1775
96.4947	1775
96.5	1775
96.501	1775
96.5057	1775
96.5107	1775
96.5117	1775
96.516	1775
96.5259	1775
96.5269	1775
96.5346	1775
96.5432	1775
96.5442	1775
96.5538	1775
96.5612	1775
96.5622	1775
96.5718	1775
96.5794	1775
96.5804	1775
96.5895	1775
96.5971	1775
96.5991	1775
96.6074	1775
96.6163	1775
96.6173	1775
96.6256	1775
96.6326	1775
96.6389	1775
96.6399	1775
96.6459	1775
96.6525	1775
96.6535	1775
96.6594	1775
96.6653	1775
96.6663	1775
96.6721	1775
96.6797	1775
96.686	1775
96.687	1775
96.6921	1775
96.6997	1775
96.7051	1775
96.7128	1775
96.7184	1775
96.719	1775
96.725	1775
96.7327	1775
96.7327	1775
96.7391	1775
96.7457	1775
96.7467	1775
96.7524	1775
96.7594	1775
96.7604	1775
96.7664	1775
96.7726	1775
96.7797	1775
96.7807	1775
96.7867	1775
96.7926	1775
96.7936	1775
96.8002	1775
96.8062	1775
96.8072	1775
96.814	1775
96.8203	1775
96.8213	1775
96.8272	1775
96.8335	1775
96.8345	1775
96.8412	1775
96.8471	1775
96.8481	1775
96.8545	1775
96.8615	1775
96.8615	1775
96.8684	1775
96.874	1775
96.875	1775
96.8813	1775
96.8882	1775
96.8892	1775
96.8953	1775
96.9019	1775
96.9029	1775
96.9098	1775
96.9154	1775
96.9164	1775
96.9227	1775
96.929	1775
96.93	1775
96.9363	1775
96.9427	1775
96.944	1775
96.951	1775
96.9566	1775
96.9576	1775
96.9645	1775
96.9702	1775
96.9765	1775
96.9775	1775
96.9834	1775
96.9907	1775
96.9917	1775
96.9971	1775
97.0034	1775
97.0107	1775
97.0117	1775
97.0171	1775
97.0234	1775
97.0307	1775
97.0317	1775
97.0377	1775
97.043	1775
97.0504	1775
97.0567	1775
97.0576	1775
97.063	1775
97.07	1775
97.0717	1775
97.077	1775
97.0837	1775
97.0847	1775
97.0913	1775
97.0979	1775
97.0983	1775
97.1046	1775
97.1115	1775
97.1125	1775
97.1185	1775
97.1245	1775
97.1255	1775
97.1325	1775
97.1384	1775
97.1394	1775
97.1451	1775
97.1521	1775
97.1521	1775
97.1597	1775
97.165	1775
97.1664	1775
97.1723	1775
97.1797	1775
97.181	1775
97.187	1775
97.1926	1775
97.1936	1775
97.2003	1775
97.2062	1775
97.2072	1775
97.2136	1775
97.2206	1775
97.2262	1775
97.2325	1775
97.2335	1775
97.2405	1775
97.2466	1775
97.2529	1775
97.2539	1775
97.2581	1775
97.2631	1775
97.2641	1775
97.2694	1775
97.2704	1775
97.2753	1775
97.2763	1775
97.2859	1775
97.2909	1775
97.2959	1775
97.2959	1775
97.3005	1775
97.3193	1676
97.3262	1676
97.3262	1676
97.3272	1676
97.3325	1676
97.3385	1676
97.3395	1676
97.3442	1676
97.3515	1676
97.3525	1676
97.3611	1676
97.3704	1676
97.3714	1676
97.381	1676
97.3817	1676
97.3906	1676
97.3997	1676
97.4017	1676
97.41	1676
97.4195	1676
97.4205	1676
97.4299	1676
97.4386	1676
97.4479	1676
97.4568	1676
97.4578	1676
97.4634	1676
97.4707	1676
97.4717	1676
97.4782	1676
97.4851	1676
97.491	1676
97.492	1676
97.493	1676
97.5001	1676
97.507	1676
97.508	1676
97.514	1676
97.5216	1676
97.5226	1676
97.5297	1676
97.5363	1676
97.5373	1676
97.5437	1676
97.5509	1676
97.5519	1676
97.5589	1676
97.5641	1676
97.5651	1676
97.5728	1676
97.5738	1676
97.5804	1676
97.5878	1676
97.5888	1676
97.5948	1676
97.6017	1676
97.6027	1676
97.6093	1676
97.6153	1676
97.6163	1676
97.623	1676
97.6306	1676
97.6316	1676
97.6389	1676
97.6449	1676
97.6459	1676
97.6522	1676
97.6592	1676
97.6602	1676
97.6665	1676
97.6731	1676
97.6742	1676
97.6815	1676
97.6882	1676
97.6892	1676
97.6951	1676
97.7021	1676
97.7031	1676
97.7105	1676
97.7168	1676
97.7178	1676
97.7241	1676
97.7314	1676
97.7324	1676
97.739	1676
97.7453	1676
97.7463	1676
97.754	1676
97.7603	1676
97.766	1676
97.767	1676
97.7748	1676
97.7814	1676
97.7827	1676
97.789	1676
97.7951	1676
97.8027	1676
97.8037	1676
97.8103	1676
97.8164	1676
97.823	1676
97.824	1676
97.8317	1676
97.8387	1676
97.8393	1676
97.8456	1676
97.8524	1676
97.86	1676
97.8653	1676
97.8667	1676
97.8733	1676
97.8802	1676
97.8812	1676
97.8883	1676
97.8943	1676
97.8955	1676
97.9022	1676
97.9098	1676
97.9108	1676
97.9167	1676
97.9237	1676
97.9247	1676
97.9317	1676
97.9384	1676
97.9394	1676
97.9454	1676
97.9527	1676
97.96	1676
97.9663	1676
97.9663	1676
97.9736	1676
97.9805	1676
97.9815	1676
97.9885	1676
97.9945	1676
97.9955	1676
98.0024	1676
98.0094	1676
98.0104	1676
98.0167	1676
98.0237	1676
98.0247	1676
98.0316	1676
98.0389	1676
98.0399	1676
98.0459	1676
98.0523	1676
98.0533	1676
98.0625	1676
98.0685	1676
98.0751	1676
98.0761	1676
98.0834	1676
98.0884	1676
98.0894	1676
98.0941	1676
98.0951	1676
98.1027	1676
98.1077	1676
98.1127	1676
98.1137	1676
98.1227	1676
98.1277	1676
98.132	1676
98.133	1676
98.139	1676
98.144	1676
98.145	1676
98.1509	1676
98.1553	1676
98.1563	1676
98.1645	1676
98.1699	1676
98.1709	1676
98.1768	1676
98.1844	1676
98.1854	1676
98.1947	1676
98.2034	1676
98.2044	1676
98.213	1676
98.223	1676
98.224	1676
98.2326	1676
98.2419	1676
98.2439	1676
98.2519	1676
98.2603	1676
98.2629	1676
98.2718	1676
98.2806	1676
98.2816	1676
98.2905	1676
98.2971	1676
98.3035	1676
98.3045	1676
98.3117	1676
98.3187	1676
98.3197	1676
98.3267	1676
98.3326	1676
98.3393	1676
98.3466	1676
98.3476	1676
98.3532	1676
98.361	1676
98.362	1676
98.369	1676
98.3752	1676
98.3815	1676
98.3829	1676
98.3892	1676
98.3962	1676
98.3972	1676
98.4032	1676
98.4105	1676
98.4115	1676
98.4188	1676
98.4258	1676
98.4268	1676
98.4321	1676
98.4394	1676
98.4404	1676
98.4474	1676
98.4534	1676
98.4544	1676
98.4617	1676
98.4684	1676
98.4694	1676
98.4766	1676
98.483	1676
98.484	1676
98.4903	1676
98.4972	1676
98.4982	1676
98.5049	1676
98.5115	1676
98.5125	1676
98.5191	1676
98.5268	1676
98.5278	1676
98.5331	1676
98.541	1676
98.542	1676
98.5487	1676
98.5544	1676
98.5554	1676
98.5623	1676
98.5693	1676
98.5703	1676
98.5779	1676
98.5859	1676
98.5915	1676
98.5988	1676
98.5998	1676
98.6066	1676
98.6122	1676
98.6132	1676
98.6202	1676
98.6271	1676
98.6281	1676
98.6352	1676
98.6411	1676
98.6421	1676
98.6494	1676
98.6567	1676
98.6577	1676
98.663	1676
98.6707	1676
98.6717	1676
98.6783	1676
98.6857	1676
98.6864	1676
98.6924	1676
98.699	1676
98.7	1676
98.7073	1676
98.7133	1676
98.715	1676
98.7213	1676
98.7287	1676
98.7297	1676
98.7367	1676
98.7424	1676
98.7497	1676
98.756	1676
98.757	1676
98.7637	1676
98.7703	1676
98.7713	1676
98.779	1676
98.7859	1676
98.7868	1676
98.7928	1676
98.7998	1676
98.8008	1676
98.8071	1676
98.8138	1676
98.8148	1676
98.8217	1676
98.8284	1676
98.8294	1676
98.8366	1676
98.8429	1676
98.8439	1676
98.8506	1676
98.8577	1676
98.8587	1676
98.865	1676
98.8712	1676
98.8722	1676
98.8795	1676
98.8861	1676
98.8871	1676
98.8931	1676
98.9	1676
98.901	1676
98.9088	1676
98.9144	1676
98.9154	1676
98.9226	1676
98.9319	1676
98.9319	1676
98.9372	1676
98.9372	1676
98.9435	1676
98.9487	1676
98.9497	1676
98.956	1676
98.9633	1676
98.9633	1676
98.971	1676
98.976	1676
98.977	1676
98.9836	1676
98.9909	1676
98.9909	1676
98.9986	1676
99.0036	1676
99.0086	1676
99.0096	1676
99.0142	1676
99.0212	1676
99.0222	1676
99.0315	1676
99.0402	1676
99.0412	1676
99.0505	1676
99.0592	1676
99.0685	1676
99.0695	1676
99.0781	1676
99.0871	1676
99.0892	1676
99.0975	1676
99.1064	1676
99.1158	1676
99.1178	1676
99.1264	1676
99.132	1676
99.133	1676
99.1401	1676
99.1471	1676
99.1487	1676
99.155	1676
99.1618	1676
99.1628	1676
99.1691	1676
99.1763	1676
99.1773	1676
99.1833	1676
99.19	1676
99.1913	1676
99.1983	1676
99.2059	1685
99.2069	1685
99.2122	1685
99.2196	1685
99.2206	1685
99.2279	1685
99.2339	1685
99.2402	1685
99.2412	1685
99.2488	1685
99.2544	1685
99.2554	1685
99.2624	1685
99.2694	1685
99.2701	1685
99.2764	1685
99.284	1685
99.285	1685
99.2916	1685
99.2972	1685
99.2982	1685
99.3059	1685
99.3129	1685
99.3138	1685
99.3192	1685
99.3268	1685
99.3278	1685
99.3341	1685
99.3407	1685
99.3417	1685
99.3483	1685
99.3557	1685
99.3567	1685
99.3623	1685
99.3696	1685
99.3706	1685
99.378	1685
99.3837	1685
99.391	1685
99.3977	1685
99.3987	1685
99.4056	1685
99.4113	1685
99.4126	1685
99.4194	1685
99.427	1685
99.428	1685
99.4333	1685
99.4402	1685
99.4412	1685
99.4482	1685
99.4543	1685
99.4553	1685
99.4622	1685
99.4692	1685
99.4702	1685
99.4769	1685
99.4835	1685
99.4908	1685
99.4919	1685
99.4971	1685
99.5048	1685
99.5058	1685
99.5128	1685
99.5188	1685
99.5198	1685
99.526	1685
99.527	1685
99.5347	1685
99.5404	1685
99.5414	1685
99.5483	1685
99.5551	1685
99.5561	1685
99.5623	1685
99.569	1685
99.57	1685
99.5779	1685
99.5833	1685
99.5843	1685
99.5919	1685
99.5985	1685
99.5995	1685
99.6058	1685
99.6125	1685
99.6135	1685
99.6208	1685
99.627	1685
99.6281	1685
99.634	1685
99.6413	1685
99.6427	1685
99.65	1685
99.6556	1685
99.6566	1685
99.6639	1685
99.6709	1685
99.6712	1685
99.6778	1685
99.6847	1685
99.6857	1685
99.692	1685
99.698	1685
99.6991	1685
99.7064	1685
99.713	1685
99.714	1685
99.72	1685
99.7274	1685
99.7284	1685
99.7351	1685
99.742	1685
99.743	1685
99.7499	1685
99.7509	1685
99.7579	1685
99.7579	1685
99.7635	1685
99.7688	1685
99.7698	1685
99.7748	1685
99.7802	1685
99.7825	1685
99.7875	1685
99.7928	1685
99.7982	1685
99.7982	1685
99.8048	1685
99.8094	1685
99.8104	1685
99.8151	1685
99.8214	1685
99.8214	1685
99.8276	1685
99.8327	1685
99.8337	1685
99.8396	1685
99.8476	1685
99.8476	1685
99.8545	1685
99.8599	1685
99.8609	1685
99.8698	1685
99.8785	1685
99.8795	1685
99.8888	1685
99.8971	1685
99.8981	1685
99.9071	1685
99.9161	1685
99.9181	1685
99.9266	1685
99.936	1685
99.938	1685
99.946	1685
99.956	1685
99.957	1685
99.9657	1685
99.971	1685
99.978	1685
99.985	1685
99.9867	1685
99.9936	1685
99.9999	1685
100.007	1685
100.014	1685
100.02	1685
100.021	1685
100.028	1685
100.034	1685
100.035	1685
100.042	1685
100.048	1685
100.055	1685
100.056	1685
100.063	1685
100.07	1685
100.071	1685
100.078	1685
100.084	1685
100.085	1685
100.091	1685
100.099	1685
100.1	1685
100.106	1685
100.112	1685
100.113	1685
100.12	1685
100.126	1685
100.127	1685
100.135	1685
100.141	1685
100.142	1685
100.149	1685
100.156	1685
100.157	1685
100.164	1685
100.171	1685
100.171	1685
100.177	1685
100.184	1685
100.185	1685
100.192	1685
100.198	1685
100.199	1685
100.206	1685
100.213	1685
100.214	1685
100.22	1685
100.227	1685
100.228	1685
100.235	1685
100.242	1685
100.243	1685
100.249	1685
100.257	1685
100.258	1685
100.264	1685
100.27	1685
100.271	1685
100.278	1685
100.285	1685
100.286	1685
100.287	1685
100.293	1685
100.3	1685
100.301	1685
100.308	1685
100.315	1685
100.316	1685
100.322	1685
100.329	1685
100.336	1685
100.343	1685
100.344	1685
100.35	1685
100.357	1685
100.358	1685
100.365	1685
100.372	1685
100.382	1685
100.387	1685
100.394	1685
100.395	1685
100.402	1685
100.408	1685
100.409	1685
100.416	1685
100.423	1685
100.424	1685
100.431	1685
100.437	1685
100.438	1685
100.446	1685
100.451	1685
100.452	1685
100.46	1685
100.466	1685
100.467	1685
100.473	1685
100.481	1685
100.482	1685
100.488	1685
100.494	1685
100.495	1685
100.502	1685
100.509	1685
100.51	1685
100.517	1685
100.524	1685
100.531	1685
100.532	1685
100.538	1685
100.544	1685
100.545	1685
100.553	1685
100.559	1685
100.559	1685
100.566	1685
100.573	1685
100.574	1685
100.58	1685
100.588	1685
100.595	1685
100.596	1685
100.601	1685
100.606	1685
100.606	1685
100.611	1685
100.618	1685
100.619	1685
100.624	1685
100.629	1685
100.63	1685
100.635	1685
100.641	1685
100.645	1685
100.646	1685
100.652	1685
100.658	1685
100.658	1685
100.664	1685
100.67	1685
100.67	1685
100.677	1685
100.685	1685
100.685	1685
100.69	1685
100.702	1685
100.71	1685
100.712	1685
100.721	1685
100.731	1685
100.732	1685
100.741	1685
100.749	1685
100.751	1685
100.76	1685
100.768	1685
100.769	1685
100.779	1685
100.787	1685
100.796	1685
100.797	1685
100.807	1685
100.813	1685
100.814	1685
100.821	1685
100.828	1685
100.829	1685
100.835	1685
100.843	1685
100.844	1685
100.849	1685
100.856	1685
100.857	1685
100.865	1685
100.87	1690
100.871	1690
100.878	1690
100.885	1690
100.886	1690
100.893	1690
100.899	1690
100.9	1690
100.906	1690
100.913	1691
100.914	1691
100.922	1691
100.928	1691
100.928	1691
100.935	1691
100.943	1691
100.944	1691
100.95	1691
100.957	1691
100.958	1691
100.965	1691
100.97	1691
100.971	1691
100.979	1691
100.986	1691
100.987	1691
100.993	1691
101	1691
101.001	1691
101.008	1691
101.013	1691
101.015	1691
101.021	1691
101.029	1691
101.03	1691
101.035	1691
101.042	1691
101.043	1691
101.05	1691
101.056	1691
101.057	1691
101.064	1691
101.07	1691
101.078	1691
101.079	1691
101.086	1691
101.091	1691
101.092	1691
101.099	1691
101.106	1691
101.107	1691
101.113	1691
101.12	1691
101.121	1691
101.128	1691
101.135	1691
101.136	1691
101.143	1691
101.15	1691
101.151	1691
101.157	1691
101.164	1691
101.165	1691
101.171	1691
101.177	1691
101.178	1691
101.189	1691
101.195	1691
101.202	1691
101.203	1691
101.217	1691
101.223	1691
101.23	1691
101.237	1691
101.237	1691
101.244	1691
101.251	1691
101.252	1691
101.259	1691
101.266	1691
101.267	1691
101.274	1691
101.279	1691
101.287	1691
101.288	1691
101.295	1691
101.301	1691
101.302	1691
101.309	1691
101.315	1691
101.316	1691
101.322	1691
101.329	1691
101.33	1691
101.338	1691
101.343	1691
101.35	1691
101.351	1691
101.359	1691
101.364	1691
101.365	1691
101.373	1691
101.379	1691
101.386	1691
101.387	1691
101.394	1691
101.4	1691
101.401	1691
101.408	1691
101.415	1691
101.416	1691
101.422	1691
101.429	1691
101.434	1691
101.434	1691
101.44	1691
101.446	1691
101.447	1691
101.452	1691
101.457	1691
101.458	1691
101.464	1691
101.468	1691
101.469	1691
101.475	1691
101.48	1691
101.481	1691
101.485	1691
101.491	1691
101.492	1691
101.497	1691
101.502	1691
101.503	1691
101.508	1691
101.515	1691
101.517	1691
101.523	1691
101.527	1691
101.535	1691
101.543	1691
101.552	1691
101.554	1691
101.562	1691
101.57	1691
101.573	1691
101.582	1691
101.59	1691
101.599	1691
101.608	1691
101.616	1691
101.617	1691
101.627	1691
101.629	1691
101.637	1691
101.637	1691
101.645	1691
101.646	1691
101.653	1691
101.659	1691
101.66	1691
101.667	1691
101.668	1691
101.675	1691
101.676	1691
101.682	1691
101.683	1691
101.689	1691
101.69	1691
101.697	1691
101.704	1691
101.711	1691
101.711	1691
101.719	1691
101.725	1691
101.726	1691
101.733	1691
101.74	1691
101.741	1691
101.747	1691
101.754	1691
101.755	1691
101.762	1691
101.768	1691
101.768	1691
101.776	1691
101.783	1691
101.784	1691
101.79	1691
101.796	1691
101.797	1691
101.804	1691
101.81	1691
101.811	1691
101.818	1691
101.824	1691
101.825	1691
101.832	1691
101.84	1691
101.841	1691
101.847	1691
101.854	1691
101.855	1691
101.862	1691
101.867	1691
101.868	1691
101.876	1691
101.883	1691
101.884	1691
101.889	1691
101.896	1691
101.897	1691
101.904	1691
101.911	1691
101.912	1691
101.919	1691
101.925	1691
101.926	1691
101.932	1691
101.939	1691
101.94	1691
101.947	1691
101.953	1691
101.954	1691
101.961	1691
101.968	1691
101.968	1691
101.976	1691
101.983	1691
101.984	1691
101.99	1691
101.996	1691
101.997	1691
102.005	1691
102.011	1691
102.012	1691
102.019	1691
102.026	1691
102.027	1691
102.033	1691
102.04	1691
102.047	1691
102.049	1691
102.055	1691
102.061	1691
102.067	1691
102.068	1691
102.075	1691
102.082	1691
102.083	1691
102.09	1691
102.096	1691
102.097	1691
102.104	1691
102.111	1691
102.111	1691
102.118	1691
102.125	1691
102.126	1691
102.132	1691
102.14	1691
102.141	1691
102.148	1691
102.154	1691
102.155	1691
102.162	1691
102.169	1691
102.17	1691
102.175	1691
102.183	1691
102.184	1691
102.19	1691
102.196	1691
102.204	1691
102.208	1691
102.214	1691
102.222	1691
102.229	1691
102.234	1691
102.235	1691
102.242	1691
102.249	1691
102.25	1691
102.256	1691
102.263	1691
102.268	1691
102.27	1691
102.275	1691
102.281	1691
102.281	1691
102.287	1691
102.292	1691
102.293	1691
102.297	1691
102.303	1691
102.304	1691
102.309	1691
102.315	1691
102.316	1691
102.32	1691
102.325	1691
102.326	1691
102.331	1691
102.337	1691
102.338	1691
102.343	1691
102.348	1691
102.349	1691
102.354	1691
102.36	1691
102.36	1691
102.366	1691
102.376	1691
102.377	1691
102.385	1691
102.394	1691
102.395	1691
102.404	1691
102.414	1691
102.415	1691
102.423	1691
102.432	1691
102.433	1691
102.442	1691
102.451	1691
102.461	1691
102.462	1691
102.47	1691
102.477	1691
102.478	1691
102.484	1691
102.491	1691
102.498	1691
102.505	1691
102.506	1691
102.513	1691
102.52	1691
102.525	1691
102.526	1691
102.533	1691
102.54	1691
102.541	1691
102.547	1691
102.555	1691
102.561	1691
102.567	1691
102.568	1691
102.575	1691
102.583	1691
102.584	1691
102.59	1691
102.597	1691
102.604	1691
102.605	1691
102.611	1691
102.618	1691
102.619	1691
102.626	1691
102.632	1691
102.633	1691
102.639	1691
102.645	1691
102.646	1691
102.653	1691
102.66	1691
102.661	1691
102.667	1691
102.675	1691
102.676	1691
102.682	1691
102.688	1691
102.689	1691
102.696	1691
102.704	1691
102.705	1691
102.71	1691
102.718	1691
102.718	1691
102.725	1691
102.732	1691
102.733	1691
102.739	1691
102.747	1691
102.748	1691
102.753	1691
102.76	1691
102.761	1691
102.769	1691
102.774	1691
102.775	1691
102.783	1691
102.789	1691
102.79	1691
102.797	1691
102.803	1691
102.804	1691
102.81	1691
102.818	1691
102.819	1691
102.825	1691
102.831	1691
102.832	1691
102.84	1691
102.847	1691
102.848	1691
102.854	1691
102.86	1691
102.861	1691
102.869	1691
102.875	1691
102.876	1691
102.883	1691
102.89	1691
102.896	1691
102.899	1691
102.904	1691
102.913	1691
102.92	1691
102.921	1691
102.928	1691
102.933	1691
102.934	1691
102.943	1691
102.95	1691
102.951	1691
102.958	1691
102.964	1691
102.965	1691
102.973	1691
102.978	1691
102.98	1691
102.99	1691
102.996	1691
102.998	1691
103.005	1691
103.011	1691
103.012	1691
103.021	1691
103.027	1691
103.034	1691
103.041	1691
103.043	1691
103.049	1691
103.056	1691
103.057	1691
103.062	1691
103.07	1691
103.071	1691
103.077	1691
103.083	1691
103.084	1691
103.091	1691
103.099	1691
103.1	1691
103.104	1691
103.109	1691
103.11	1691
103.115	1691
103.122	1691
103.122	1691
103.127	1691
103.132	1691
103.133	1691
103.138	1691
103.143	1691
103.144	1691
103.151	1691
103.155	1691
103.156	1691
103.161	1691
103.167	1691
103.168	1691
103.173	1691
103.178	1691
103.179	1691
103.185	1691
103.19	1691
103.195	1691
103.202	1691
103.211	1691
103.214	1691
103.222	1691
103.231	1691
103.232	1691
103.241	1691
103.249	1691
103.251	1691
103.261	1691
103.269	1691
103.271	1691
103.28	1691
103.288	1691
103.297	1691
103.305	1691
103.306	1691
103.314	1691
103.321	1691
103.322	1691
103.323	1691
103.328	1691
103.335	1691
103.336	1691
103.343	1691
103.344	1691
103.351	1691
103.358	1691
103.364	1691
103.371	1691
103.378	1691
103.384	1691
103.385	1691
103.392	1691
103.398	1691
103.399	1691
103.406	1691
103.412	1691
103.413	1691
103.42	1691
103.426	1691
103.427	1691
103.434	1691
103.442	1691
103.443	1691
103.448	1691
103.456	1691
103.457	1691
103.463	1691
103.47	1691
103.47	1691
103.48	1691
103.486	1691
103.487	1691
103.494	1691
103.501	1691
103.502	1691
103.508	1691
103.515	1691
103.516	1691
103.522	1691
103.53	1691
103.531	1691
103.537	1691
103.544	1691
103.545	1691
103.552	1691
103.558	1691
103.559	1691
103.565	1691
103.572	1691
103.573	1691
103.58	1691
103.587	1691
103.588	1691
103.595	1691
103.602	1691
103.603	1691
103.609	1691
103.615	1691
103.623	1691
103.624	1691
103.63	1691
103.637	1691
103.638	1691
103.643	1691
103.651	1691
103.651	1691
103.658	1691
103.666	1691
103.671	1691
103.677	1691
103.685	1691
103.691	1691
103.698	1691
103.704	1691
103.705	1691
103.711	1691
103.718	1691
103.719	1691
103.72	1691
103.727	1691
103.734	1691
103.735	1691
103.743	1691
103.75	1691
103.755	1691
103.762	1691
103.763	1691
103.769	1691
103.778	1691
103.783	1691
103.786	1691
103.791	1691
103.798	1691
103.8	1691
103.987	1691
103.994	1691
104	1691
104.001	1691
104.008	1691
104.089	1691
104.089	1691
104.097	1691
104.104	1691
104.105	1691
104.11	1691
104.19	1691
104.19	1691
104.196	1691
104.2	1691
104.201	1691
104.206	1691
104.211	1691
104.212	1691
104.218	1691
104.224	1691
104.225	1691
104.23	1691
104.235	1691
104.236	1691
104.241	1691
104.247	1691
104.247	1691
104.253	1691
104.258	1691
104.259	1691
104.264	1691
104.27	1691
104.27	1691
104.276	1691
104.281	1691
104.282	1691
104.287	1691
104.291	1691
104.293	1691
104.303	1691
104.312	1691
104.313	1691
104.321	1691
104.33	1691
104.331	1691
104.34	1691
104.349	1691
104.351	1691
104.356	1691
104.363	1691
104.364	1691
104.371	1691
104.378	1691
104.379	1691
104.385	1691
104.393	1691
104.394	1691
104.4	2034
104.406	2034
104.407	2034
104.412	2034
104.417	2034
104.417	2034
104.423	2034
104.429	2034
104.429	2034
104.435	2034
104.441	2034
104.442	2034
104.448	2034
104.453	2034
104.454	2034
104.46	2034
104.464	2034
104.466	2034
104.472	2034
104.477	2034
104.477	2034
104.483	2034
104.489	2034
104.49	2034
104.495	2034
104.5	2034
104.501	2034
104.506	2034
104.512	2034
104.513	2034
104.518	2034
104.524	2034
104.524	2034
104.53	2034
104.535	2034
104.536	2034
104.542	2034
104.547	2034
104.548	2034
104.554	2034
104.56	2034
104.561	2034
104.566	2034
104.571	2034
104.573	2034
104.579	2034
104.583	2034
104.584	2034
104.59	2034
104.595	2034
104.596	2034
104.601	2034
104.608	2034
104.609	2034
104.614	2034
104.62	2034
104.621	2034
104.626	2034
104.631	2034
104.631	2034
104.638	2034
104.643	2034
104.644	2034
104.649	2034
104.654	2034
104.655	2034
104.661	2034
104.667	2034
104.668	2034
104.674	2034
104.679	2034
104.68	2034
104.685	2034
104.69	2034
104.691	2034
104.696	2034
104.702	2034
104.703	2034
104.709	2034
104.714	2034
104.715	2034
104.721	2034
104.727	2034
104.728	2034
104.733	2034
104.739	2034
104.739	2034
104.744	2034
104.749	2034
104.75	2034
104.756	2034
104.761	2034
104.762	2034
104.768	2034
104.773	2034
104.774	2034
104.781	2034
104.786	2034
104.787	2034
104.792	2034
104.798	2034
104.799	2034
104.803	2034
104.81	2034
104.811	2034
104.816	2034
104.821	2034
104.822	2034
104.827	2034
104.833	2034
104.833	2034
104.839	2034
104.845	2034
104.845	2034
104.851	2034
104.857	2034
104.858	2034
104.863	2034
104.868	2034
104.869	2034
104.876	2034
104.88	2034
104.881	2034
104.888	2034
104.893	2034
104.893	2034
104.898	2034
104.904	2034
104.905	2034
104.911	2034
104.916	2034
104.917	2034
104.923	2034
104.928	2034
104.929	2034
104.934	2034
104.94	2034
104.94	2034
104.947	2034
104.952	2034
104.952	2034
104.959	2034
104.963	2034
104.964	2034
104.97	2034
104.976	2034
104.977	2034
104.98	2034
104.985	2034
104.985	2034
104.991	2034
104.995	2034
104.996	2034
105.003	2034
105.003	2034
105.009	2034
105.022	2034
105.022	2034
105.028	2034
105.033	2034
105.037	2034
105.04	2034
105.045	2034
105.045	2034
105.05	2034
105.054	2034
105.055	2034
105.059	2034
105.064	2034
105.068	2034
105.072	2034
105.08	2034
105.088	2034
105.089	2034
105.096	2034
105.103	2034
105.104	2034
105.111	2034
105.12	2034
105.127	2034
105.128	2034
105.134	2034
105.142	2034
105.143	2034
105.15	2034
105.159	2034
105.165	2034
105.166	2034
105.174	2034
105.181	2034
105.182	2034
105.189	2034
105.195	2034
105.202	2034
105.202	2034
105.208	2034
105.213	2034
105.218	2034
105.219	2034
105.225	2034
105.231	2034
105.232	2034
105.237	2034
105.243	2034
105.244	2034
105.248	2034
105.254	2034
105.254	2034
105.26	2034
105.267	2034
105.267	2034
105.273	2034
105.277	2034
105.283	2034
105.284	2034
105.289	2034
105.296	2034
105.297	2034
105.302	2034
105.308	2034
105.309	2034
105.314	2034
105.319	2034
105.319	2034
105.326	2034
105.331	2034
105.332	2034
105.338	2034
105.342	2034
105.343	2034
105.349	2034
105.354	2034
105.355	2034
105.361	2034
105.367	2034
105.368	2034
105.372	2034
105.379	2034
105.38	2034
105.384	2034
105.391	2034
105.392	2034
105.397	2034
105.403	2034
105.404	2034
105.409	2034
105.414	2034
105.415	2034
105.42	2034
105.426	2034
105.431	2034
105.433	2034
105.434	2034
105.439	2034
105.445	2034
105.446	2034
105.446	2034
105.452	2034
105.458	2034
105.458	2034
105.464	2034
105.465	2034
105.47	2034
105.476	2034
105.476	2034
105.481	2034
105.488	2034
105.489	2034
105.494	2034
105.5	2034
105.5	2034
105.505	2034
105.507	2034
105.512	2034
105.518	2034
105.522	2034
105.523	2034
105.529	2034
105.534	2034
105.535	2034
105.542	2034
105.542	2034
105.547	2034
105.554	2034
105.559	2034
105.564	2034
105.569	2034
105.57	2034
105.576	2034
105.581	2034
105.582	2034
105.587	2034
105.594	2034
105.595	2034
105.6	2034
105.606	2034
105.606	2034
105.607	2034
105.612	2034
105.618	2034
105.618	2034
105.624	2034
105.625	2034
105.63	2034
105.637	2034
105.638	2034
105.643	2034
105.649	2034
105.653	2034
105.654	2034
105.661	2034
105.666	2034
105.667	2034
105.672	2034
105.678	2034
105.679	2034
105.683	2034
105.689	2034
105.691	2034
105.696	2034
105.701	2034
105.707	2034
105.708	2034
105.713	2034
105.718	2034
105.719	2034
105.725	2034
105.73	2034
105.731	2034
105.738	2034
105.738	2034
105.744	2034
105.748	2034
105.749	2034
105.755	2034
105.76	2034
105.761	2034
105.767	2034
105.773	2034
105.774	2034
105.779	2034
105.785	2034
105.786	2034
105.79	2034
105.796	2034
105.797	2034
105.802	2034
105.807	2034
105.807	2034
105.812	2034
105.816	2034
105.817	2034
105.821	2034
105.827	2034
105.83	2034
105.831	2034
105.835	2034
105.84	2034
105.845	2034
105.85	2034
105.85	2034
105.854	2034
105.859	2034
105.86	2034
105.864	2034
105.868	2034
105.872	2034
105.873	2034
105.878	2034
105.882	2034
105.882	2034
105.888	2034
105.892	2034
105.896	2034
105.897	2034
105.902	2034
105.906	2034
105.907	2034
105.914	2034
105.921	2034
105.922	2034
105.93	2034
105.937	2034
105.938	2034
105.946	2034
105.953	2034
105.96	2034
105.962	2034
105.968	2034
105.977	2034
105.984	2034
105.985	2034
105.992	2034
105.999	2034
106	2034
106.008	2034
106.014	2034
106.02	2034
106.02	2034
106.025	2034
106.03	2034
106.037	2034
106.038	2034
106.043	2034
106.048	2034
106.049	2034
106.055	2034
106.061	2034
106.062	2034
106.066	2034
106.073	2034
106.074	2034
106.079	2034
106.085	2034
106.085	2034
106.085	2034
106.092	2034
106.096	2034
106.097	2034
106.103	2034
106.108	2034
106.109	2034
106.116	2034
106.121	2034
106.122	2034
106.123	2034
106.128	2034
106.134	2034
106.135	2034
106.14	2034
106.145	2034
106.145	2034
106.152	2034
106.158	2034
106.158	2034
106.164	2034
106.169	2034
106.169	2034
106.175	2034
106.181	2034
106.187	2034
106.187	2034
106.193	2034
106.199	2034
106.2	2034
106.204	2034
106.21	2034
106.21	2034
106.216	2034
106.223	2034
106.227	2034
106.228	2034
106.233	2034
106.24	2034
106.241	2034
106.246	2034
106.251	2034
106.252	2034
106.258	2034
106.264	2034
106.265	2034
106.27	2034
106.275	2034
106.275	2034
106.276	2034
106.282	2034
106.287	2034
106.293	2034
106.294	2034
106.299	2034
106.305	2034
106.31	2034
106.311	2034
106.312	2034
106.318	2034
106.323	2034
106.324	2034
106.329	2034
106.335	2034
106.34	2034
106.342	2034
106.347	2034
106.352	2034
106.358	2034
106.359	2034
106.365	2034
106.366	2034
106.372	2034
106.377	2034
106.383	2034
106.384	2034
106.388	2034
106.394	2034
106.394	2034
106.401	2034
106.406	2034
106.411	2034
106.412	2034
106.417	2034
106.423	2034
106.424	2034
106.429	2034
106.435	2034
106.436	2034
106.441	2034
106.447	2034
106.448	2034
106.454	2034
106.46	2034
106.46	2034
106.466	2034
106.47	2034
106.477	2034
106.478	2034
106.482	2034
106.489	2034
106.49	2034
106.491	2034
106.495	2034
106.501	2034
106.507	2034
106.508	2034
106.513	2034
106.519	2034
106.52	2034
106.521	2034
106.525	2034
106.532	2034
106.533	2034
106.537	2034
106.543	2034
106.543	2034
106.549	2034
106.556	2034
106.56	2034
106.561	2034
106.566	2034
106.572	2034
106.573	2034
106.578	2034
106.584	2034
106.585	2034
106.59	2034
106.597	2034
106.602	2034
106.603	2034
106.609	2034
106.614	2034
106.615	2034
106.62	2034
106.62	2034
106.626	2034
106.627	2034
106.633	2034
106.638	2034
106.644	2034
106.645	2034
106.649	2034
106.653	1962
106.654	1962
106.661	1962
106.667	1962
106.674	1962
106.678	1962
106.683	1962
106.686	1962
106.687	1962
106.692	1962
106.696	1962
106.699	1962
106.699	1962
106.707	1962
106.71	1962
106.716	1962
106.72	1962
106.72	1962
106.721	1962
106.725	1962
106.73	1962
106.734	1962
106.735	1962
106.741	1962
106.744	1962
106.745	1962
106.753	1962
106.761	1962
106.769	1962
106.777	1962
106.784	1962
106.785	1962
106.793	1962
106.801	1962
106.802	1962
106.81	1962
106.818	1962
106.819	1962
106.826	1962
106.834	1962
106.835	1962
106.842	1962
106.85	1962
106.85	1962
106.856	1962
106.863	1962
106.864	1962
106.869	1962
106.874	1962
106.875	1962
106.881	1962
106.886	1962
106.887	1962
106.894	1962
106.9	1962
106.901	1962
106.905	1962
106.911	1962
106.912	1962
106.919	1962
106.923	1962
106.93	1962
106.931	1962
106.937	1962
106.942	1962
106.942	1962
106.948	1962
106.954	1962
106.955	1962
106.96	1962
106.966	1962
106.973	1962
106.974	1962
106.979	1962
106.985	1962
106.986	1962
106.992	1962
106.998	1962
106.998	1962
107.003	1962
107.009	1962
107.01	1962
107.017	1962
107.021	1962
107.022	1962
107.028	1962
107.034	1962
107.034	1962
107.041	1962
107.046	1962
107.052	1962
107.053	1962
107.058	1962
107.064	1962
107.065	1962
107.072	1962
107.076	1962
107.082	1962
107.088	1962
107.094	1962
107.094	1962
107.1	1962
107.107	1962
107.108	1962
107.114	1962
107.119	1962
107.119	1962
107.125	1962
107.131	1962
107.137	1962
107.138	1962
107.144	1962
107.149	1962
107.149	1962
107.155	1962
107.162	1962
107.168	1962
107.169	1962
107.174	1962
107.18	1962
107.181	1962
107.187	1962
107.191	1962
107.192	1962
107.199	1962
107.205	1962
107.206	1962
107.21	1962
107.216	1962
107.217	1962
107.224	1962
107.229	1962
107.23	1962
107.231	1962
107.237	1962
107.242	1962
107.242	1962
107.248	1962
107.255	1962
107.256	1962
107.261	1962
107.267	1962
107.268	1962
107.273	1962
107.28	1962
107.28	1962
107.285	1962
107.291	1962
107.292	1962
107.297	1962
107.304	1962
107.305	1962
107.31	1962
107.317	1962
107.317	1962
107.323	1962
107.329	1962
107.33	1962
107.334	1962
107.341	1962
107.342	1962
107.348	1962
107.354	1962
107.354	1962
107.36	1962
107.366	1962
107.367	1962
107.372	1962
107.377	1962
107.378	1962
107.385	1962
107.39	1962
107.39	1962
107.397	1962
107.402	1962
107.409	1962
107.409	1962
107.414	1962
107.415	1962
107.421	1962
107.422	1962
107.427	1962
107.434	1962
107.435	1962
107.441	1962
107.446	1962
107.446	1962
107.452	1962
107.458	1962
107.459	1962
107.464	1962
107.47	1962
107.47	1962
107.474	1962
107.48	1962
107.48	1962
107.484	1962
107.489	1962
107.489	1962
107.495	1962
107.5	1962
107.5	1962
107.504	1962
107.51	1962
107.514	1962
107.515	1962
107.52	1962
107.523	1962
107.529	1962
107.529	1962
107.534	1962
107.538	1962
107.538	1962
107.544	1962
107.548	1962
107.551	1962
107.554	1962
107.56	1962
107.566	1962
107.573	1962
107.58	1962
107.583	1962
107.584	1962
107.591	1962
107.599	1962
107.6	1962
107.608	1962
107.614	1962
107.622	1962
107.623	1962
107.631	1962
107.639	1962
107.64	1962
107.648	1962
107.655	1962
107.664	1962
107.664	1962
107.669	1962
107.676	1962
107.677	1962
107.683	1962
107.688	1962
107.689	1962
107.694	1962
107.701	1962
107.706	1962
107.707	1962
107.713	1962
107.718	1962
107.719	1962
107.724	1962
107.73	1962
107.731	1962
107.737	1962
107.742	1962
107.743	1962
107.75	1962
107.755	1962
107.755	1962
107.762	1962
107.767	1962
107.774	1962
107.775	1962
107.78	1962
107.785	1962
107.786	1962
107.793	1962
107.797	1962
107.804	1962
107.805	1962
107.811	1962
107.816	1962
107.817	1962
107.822	1962
107.829	1962
107.83	1962
107.835	1962
107.841	1962
107.842	1962
107.847	1962
107.853	1962
107.854	1962
107.859	1962
107.865	1962
107.866	1962
107.871	1962
107.878	1962
107.879	1962
107.884	1962
107.889	1962
107.89	1962
107.897	1962
107.903	1962
107.904	1962
107.909	1962
107.915	1962
107.921	1962
107.922	1962
107.926	1962
107.932	1962
107.933	1962
107.939	1962
107.944	1962
107.945	1962
107.951	1962
107.952	1962
107.958	1962
107.964	1962
107.965	1962
107.97	1962
107.976	1962
107.977	1962
107.982	1962
107.989	1962
107.99	1962
107.995	1962
108	1962
108.001	1962
108.008	1962
108.014	1962
108.015	1962
108.02	1962
108.025	1962
108.026	1962
108.027	1962
108.034	1962
108.039	1962
108.04	1962
108.045	1962
108.052	1962
108.052	1962
108.053	1962
108.058	1962
108.065	1962
108.066	1962
108.07	1962
108.077	1962
108.078	1962
108.084	1962
108.088	1962
108.089	1962
108.095	1962
108.101	1962
108.102	1962
108.108	1962
108.114	1962
108.115	1962
108.121	1962
108.125	1962
108.126	1962
108.133	1962
108.138	1962
108.139	1962
108.144	1962
108.151	1962
108.152	1962
108.157	1962
108.162	1962
108.163	1962
108.169	1962
108.176	1962
108.181	1962
108.182	1962
108.187	1962
108.193	1962
108.194	1962
108.2	1962
108.206	1962
108.212	1962
108.213	1962
108.218	1962
108.224	1962
108.225	1962
108.23	1962
108.236	1962
108.236	1962
108.242	1962
108.249	1962
108.255	1962
108.255	1962
108.26	1962
108.261	1962
108.267	1962
108.268	1962
108.273	1962
108.28	1962
108.281	1962
108.287	1962
108.29	1962
108.295	1962
108.296	1962
108.301	1962
108.306	1962
108.309	1962
108.31	1962
108.315	1962
108.319	1944
108.32	1944
108.325	1944
108.329	1944
108.335	1944
108.338	1944
108.339	1944
108.344	1944
108.348	1944
108.349	1944
108.355	1944
108.361	1944
108.364	1944
108.365	1944
108.369	1944
108.378	1944
108.378	1944
108.383	1944
108.384	1944
108.392	1944
108.393	1944
108.401	1944
108.408	1944
108.409	1944
108.416	1944
108.425	1944
108.425	1944
108.434	1944
108.44	1944
108.442	1944
108.449	1944
108.457	1944
108.458	1944
108.466	1944
108.474	1944
108.475	1944
108.483	1944
108.49	1944
108.491	1944
108.498	1944
108.503	1944
108.509	1944
108.51	1944
108.516	1944
108.521	1944
108.522	1944
108.529	1944
108.534	1944
108.534	1944
108.54	1944
108.546	1944
108.548	1944
108.552	1944
108.558	1944
108.564	1944
108.571	1944
108.572	1944
108.576	1944
108.582	1944
108.583	1944
108.589	1944
108.595	1944
108.596	1944
108.601	1944
108.608	1944
108.609	1944
108.614	1944
108.62	1944
108.62	1944
108.626	1944
108.633	1944
108.634	1944
108.639	1944
108.644	1944
108.645	1944
108.651	1944
108.658	1944
108.659	1944
108.664	1944
108.669	1944
108.67	1944
108.676	1944
108.683	1944
108.688	1944
108.688	1944
108.694	1944
108.7	1944
108.701	1944
108.708	1944
108.713	1944
108.714	1944
108.719	1944
108.72	1944
108.727	1944
108.728	1944
108.733	1944
108.738	1944
108.74	1944
108.746	1944
108.752	1944
108.753	1944
108.758	1944
108.764	1944
108.765	1944
108.77	1944
108.777	1944
108.777	1944
108.782	1944
108.789	1944
108.79	1944
108.796	1944
108.801	1944
108.807	1944
108.808	1944
108.814	1944
108.82	1944
108.825	1944
108.826	1944
108.831	1944
108.838	1944
108.839	1944
108.844	1944
108.844	1944
108.851	1944
108.856	1944
108.857	1944
108.858	1944
108.864	1944
108.87	1944
108.871	1944
108.877	1944
108.883	1944
108.889	1944
108.889	1944
108.894	1944
108.9	1944
108.901	1944
108.908	1944
108.913	1944
108.914	1944
108.919	1944
108.925	1944
108.926	1944
108.932	1944
108.937	1944
108.938	1944
108.945	1944
108.951	1944
108.952	1944
108.957	1944
108.962	1944
108.964	1944
108.969	1944
108.975	1944
108.975	1944
108.982	1944
108.988	1944
108.988	1944
108.994	1944
109	1944
109	1944
109.007	1944
109.012	1944
109.013	1944
109.019	1944
109.024	1944
109.025	1944
109.032	1944
109.037	1944
109.038	1944
109.044	1944
109.049	1944
109.055	1944
109.056	1944
109.062	1944
109.063	1944
109.068	1944
109.069	1944
109.075	1944
109.081	1944
109.082	1944
109.088	1944
109.094	1944
109.095	1944
109.1	1944
109.107	1944
109.107	1944
109.112	1944
109.117	1944
109.117	1944
109.121	1944
109.127	1944
109.131	1944
109.131	1944
109.136	1944
109.14	1944
109.146	1944
109.147	1944
109.151	1944
109.155	1944
109.16	1944
109.161	1944
109.165	1944
109.169	1944
109.17	1944
109.176	1944
109.181	1944
109.181	1944
109.186	1944
109.192	1944
109.196	1944
109.197	1944
109.2	1944
109.206	1944
109.207	1944
109.212	1944
109.219	1944
109.22	1944
109.229	1944
109.237	1944
109.237	1944
109.245	1944
109.253	1944
109.255	1944
109.261	1944
109.27	1944
109.27	1944
109.278	1944
109.286	1944
109.287	1944
109.294	1944
109.302	1944
109.303	1944
109.312	1944
109.32	1944
109.32	1944
109.325	1944
109.332	1944
109.338	1944
109.339	1944
109.345	1944
109.35	1944
109.351	1944
109.356	1944
109.363	1979
109.364	1979
109.369	1979
109.374	1979
109.381	1979
109.382	1979
109.387	1979
109.392	1979
109.393	1979
109.399	1979
109.404	1979
109.405	1979
109.411	1979
109.417	1979
109.422	1979
109.423	1979
109.43	1979
109.434	1979
109.441	1979
109.442	1979
109.448	1979
109.452	1979
109.453	1979
109.46	1979
109.466	1979
109.466	1979
109.471	1979
109.477	1979
109.478	1979
109.483	1979
109.489	1979
109.49	1979
109.496	1979
109.501	1979
109.502	1979
109.508	1979
109.513	1979
109.515	1979
109.521	1979
109.526	1979
109.532	1979
109.533	1979
109.539	1979
109.545	1979
109.545	1979
109.55	1979
109.557	1979
109.558	1979
109.562	1979
109.569	1979
109.574	1979
109.575	1979
109.58	1979
109.586	1979
109.587	1979
109.588	1979
109.593	1979
109.6	1979
109.601	1979
109.606	1979
109.611	1979
109.617	1979
109.618	1979
109.623	1979
109.629	1979
109.636	1979
109.642	1979
109.642	1979
109.648	1979
109.653	1979
109.654	1979
109.654	1979
109.66	1979
109.667	1979
109.668	1979
109.672	1979
109.678	1979
109.679	1979
109.685	1979
109.691	1979
109.696	1979
109.697	1979
109.702	1979
109.709	1979
109.714	1979
109.715	1979
109.72	1979
109.727	1979
109.728	1979
109.734	1979
109.738	1979
109.739	1979
109.745	1979
109.752	1979
109.752	1979
109.758	1979
109.764	1979
109.768	1979
109.769	1979
109.775	1979
109.781	1979
109.782	1979
109.787	1979
109.793	1979
109.794	1979
109.8	1979
109.805	1979
109.806	1979
109.812	1979
109.817	1979
109.818	1979
109.825	1979
109.831	1979
109.831	1979
109.837	1979
109.842	1979
109.843	1979
109.849	1979
109.855	1979
109.856	1979
109.861	1979
109.866	1979
109.872	1979
109.874	1979
109.878	1979
109.884	1979
109.891	1979
109.892	1979
109.897	1979
109.902	1979
109.903	1979
109.909	1979
109.914	1979
109.915	1979
109.921	1979
109.927	1979
109.928	1979
109.933	1979
109.939	1979
109.939	1979
109.943	1979
109.947	1979
109.948	1979
109.954	1979
109.958	1979
109.962	1979
109.962	1979
109.967	1979
109.971	1979
109.972	1979
109.978	1979
109.983	1979
109.988	1979
109.988	1979
109.992	1979
110.001	1979
110.005	1979
110.006	1979
110.016	1979
110.021	1979
110.026	1979
110.03	1979
110.031	1979
110.036	1979
110.042	1979
110.05	1979
110.051	1979
110.059	1979
110.066	1979
110.067	1979
110.076	1979
110.082	1979
110.083	1979
110.092	1979
110.099	1979
110.1	1979
110.108	1979
110.116	1979
110.117	1979
110.125	1979
110.131	1979
110.132	1979
110.141	1979
110.147	1979
110.147	1979
110.153	1979
110.158	1979
110.16	1979
110.164	1979
110.17	1979
110.177	1979
110.181	1979
110.182	1979
110.189	1979
110.195	1979
110.195	1979
110.201	1979
110.207	1979
110.212	1979
110.212	1979
110.218	1979
110.225	1979
110.226	1979
110.231	1979
110.236	1979
110.237	1979
110.243	1979
110.248	1979
110.249	1979
110.256	1979
110.261	1979
110.262	1979
110.267	1979
110.274	1979
110.274	1979
110.279	1979
110.286	1979
110.287	1979
110.291	1979
110.297	1979
110.298	1979
110.305	1979
110.309	1979
110.31	1979
110.317	1979
110.322	1979
110.322	1979
110.329	1979
110.334	1979
110.335	1979
110.341	1979
110.346	1979
110.347	1979
110.353	1979
110.359	1979
110.365	1979
110.366	1979
110.371	1979
110.376	1979
110.377	1979
110.383	1979
110.388	1979
110.394	1979
110.395	1979
110.401	1979
110.406	1979
110.413	1979
110.414	1979
110.418	1979
110.424	1979
110.425	1979
110.432	1979
110.437	1979
110.442	1979
110.443	1979
110.45	1979
110.455	1979
110.46	1979
110.461	1979
110.467	1979
110.472	1979
110.473	1979
110.474	1979
110.48	1979
110.486	1979
110.487	1979
110.492	1979
110.499	1979
110.499	1979
110.505	1979
110.506	1979
110.511	1979
110.511	1979
110.518	1979
110.519	1979
110.524	1979
110.53	1979
110.531	1979
110.537	1979
110.543	1979
110.543	1979
110.549	1979
110.554	1979
110.561	1979
110.561	1979
110.567	1979
110.572	1979
110.573	1979
110.579	1979
110.584	1979
110.585	1979
110.59	1979
110.596	1979
110.603	1979
110.604	1979
110.609	1979
110.615	1979
110.616	1979
110.622	1979
110.627	1979
110.627	1979
110.634	1979
110.639	1979
110.639	1979
110.646	1979
110.652	1979
110.653	1979
110.657	1979
110.664	1979
110.664	1979
110.671	1979
110.675	1979
110.677	1979
110.683	1979
110.688	1979
110.693	1979
110.694	1979
110.701	1979
110.706	1979
110.707	1979
110.713	1979
110.718	1979
110.723	1979
110.73	1979
110.731	1979
110.735	1979
110.741	1979
110.742	1979
110.748	1979
110.753	1979
110.754	1979
110.759	1979
110.763	1979
110.768	1979
110.768	1979
110.773	1979
110.778	1979
110.778	1979
110.783	1979
110.788	1979
110.789	1979
110.794	1979
110.798	1979
110.798	1979
110.803	1979
110.808	1979
110.809	1979
110.816	1979
110.82	1979
110.821	1979
110.828	1979
110.833	1979
110.834	1979
110.84	1979
110.848	1979
110.848	1979
110.856	1979
110.863	1979
110.864	1979
110.872	1979
110.879	1979
110.88	1979
110.888	1979
110.896	1979
110.902	1979
110.903	1979
110.911	1979
110.919	1979
110.927	1979
110.935	1979
110.936	1979
110.942	1979
110.944	1979
110.951	1979
110.952	1979
110.96	1979
110.966	1979
110.966	1979
110.973	1979
110.978	1979
110.98	1979
110.985	1979
110.991	1979
110.992	1979
110.997	1979
111.003	1979
111.008	1979
111.009	1979
111.014	1979
111.02	1979
111.021	1979
111.027	1979
111.032	1979
111.038	1979
111.039	1979
111.045	1979
111.05	1979
111.056	1979
111.057	1979
111.063	1979
111.069	1979
111.07	1979
111.076	1979
111.08	1979
111.081	1979
111.088	1979
111.093	1979
111.094	1979
111.099	1979
111.106	1979
111.107	1979
111.111	1979
111.117	1979
111.118	1979
111.125	1979
111.13	1979
111.131	1979
111.136	1979
111.143	1979
111.143	1979
111.149	1979
111.154	1979
111.155	1979
111.16	1979
111.167	1979
111.167	1979
111.173	1979
111.178	1979
111.179	1979
111.185	1979
111.191	1979
111.192	1979
111.198	1979
111.204	1979
111.204	1979
111.21	1979
111.216	1979
111.217	1979
111.222	1979
111.227	1979
111.228	1979
111.234	1979
111.239	1979
111.24	1979
111.246	1979
111.253	1979
111.253	1979
111.258	1979
111.265	1979
111.266	1979
111.271	1979
111.276	1979
111.278	1979
111.284	1979
111.288	1979
111.289	1979
111.296	1979
111.301	1979
111.301	1979
111.307	1979
111.313	1979
111.319	1979
111.32	1979
111.325	1979
111.331	1979
111.331	1979
111.337	1979
111.343	1979
111.344	1979
111.349	1979
111.356	1979
111.357	1979
111.363	1979
111.368	1979
111.373	1979
111.375	1979
111.38	1979
111.386	1979
111.387	1979
111.393	1979
111.398	1979
111.399	1979
111.405	1979
111.41	1979
111.416	1979
111.417	1979
111.422	1979
111.428	1979
111.428	1979
111.435	1979
111.44	1979
111.441	1979
111.446	1979
111.452	1979
111.453	1979
111.459	1979
111.465	1979
111.466	1979
111.471	1979
111.476	1979
111.482	1979
111.483	1979
111.489	1979
111.495	1979
111.496	1979
111.501	1979
111.507	1979
111.507	1979
111.513	1979
111.52	1979
111.521	1979
111.525	1979
111.532	1979
111.533	1979
111.539	1979
111.544	1979
111.545	1979
111.55	1979
111.556	1979
111.557	1979
111.562	1979
111.569	1979
111.569	1979
111.574	1979
111.58	1979
111.581	1979
111.585	1979
111.59	1979
111.59	1979
111.595	1979
111.599	1979
111.604	1979
111.605	1979
111.609	1979
111.614	1979
111.614	1979
111.619	1979
111.624	1979
111.624	1979
111.63	1979
111.634	1979
111.635	1979
111.64	1979
111.645	1979
111.645	1979
111.651	1979
111.655	1979
111.655	1979
111.662	1979
111.67	1979
111.67	1979
111.675	1979
111.682	1979
111.685	1979
111.692	1979
111.7	1979
111.701	1979
111.709	1979
111.717	1979
111.718	1979
111.725	1961
111.733	1961
111.741	1961
111.742	1961
111.75	1961
111.756	1961
111.758	1961
111.766	1961
111.773	1961
111.774	1961
111.783	1961
111.789	1961
111.796	1961
111.797	1961
111.802	1961
111.807	1961
111.809	1961
111.814	1961
111.821	1961
111.822	1961
111.827	2008
111.833	2008
111.839	2008
111.839	2008
111.84	2008
111.845	2008
111.85	2008
111.851	2008
111.858	2008
111.862	2008
111.863	2008
111.869	2008
111.875	2008
111.881	2008
111.882	2008
111.887	2008
111.893	2008
111.894	2008
111.899	2008
111.904	2008
111.905	2008
111.911	2008
111.916	2008
111.917	2008
111.924	2008
111.928	2008
111.929	2008
111.935	2008
111.94	2008
111.941	2008
111.948	2008
111.952	2008
111.953	2008
111.959	2008
111.965	2008
111.966	2008
111.971	2008
111.977	2008
111.977	2008
111.983	2008
111.99	2008
111.99	2008
111.996	2008
112.001	2008
112.001	2008
112.008	2008
112.013	2008
112.013	2008
112.019	2008
112.025	2008
112.026	2008
112.032	2008
112.038	2008
112.039	2008
112.043	2008
112.05	2008
112.051	2008
112.055	2008
112.061	2008
112.062	2008
112.068	2008
112.073	2008
112.079	2008
112.079	2008
112.085	2008
112.092	2008
112.092	2008
112.098	2008
112.104	2008
112.104	2008
112.11	2008
112.111	2008
112.116	2008
112.121	2008
112.122	2008
112.128	2008
112.134	2008
112.14	2008
112.144	2008
112.145	2008
112.151	2008
112.156	2008
112.158	2008
112.164	2008
112.169	2008
112.17	2008
112.176	2008
112.181	2008
112.181	2008
112.187	2008
112.194	2008
112.194	2008
112.199	2008
112.206	2008
112.206	2008
112.212	2008
112.218	2008
112.222	2008
112.223	2008
112.23	2008
112.234	2008
112.235	2008
112.241	2008
112.246	2008
112.247	2008
112.253	2008
112.258	2008
112.26	2008
112.265	2008
112.27	2008
112.271	2008
112.278	2008
112.283	2008
112.283	2008
112.289	2008
112.296	2008
112.296	2008
112.302	2008
112.308	2008
112.308	2008
112.314	2008
112.32	2008
112.32	2008
112.326	2008
112.331	2008
112.332	2008
112.337	2008
112.343	2008
112.344	2008
112.349	2008
112.355	2008
112.356	2008
112.361	2008
112.367	2008
112.369	2008
112.374	2008
112.38	2008
112.38	2008
112.386	2008
112.392	2008
112.393	2008
112.397	2008
112.403	2008
112.404	2008
112.409	2008
112.413	2008
112.417	2008
112.418	2008
112.423	2008
112.427	2008
112.427	2008
112.432	2008
112.437	2008
112.437	2008
112.442	2008
112.45	2008
112.45	2008
112.455	2008
112.459	2008
112.464	2008
112.465	2008
112.47	2008
112.473	2008
112.474	2008
112.482	2008
112.487	2008
112.487	2008
112.498	2008
112.502	2008
112.508	2008
112.514	2008
112.515	2008
112.524	2008
112.53	2008
112.539	2008
112.54	2008
112.546	2008
112.555	2008
112.561	2008
112.562	2008
112.571	2008
112.578	2008
112.579	2008
112.587	2008
112.593	2008
112.594	2008
112.603	2008
112.61	2008
112.611	2008
112.617	2008
112.621	2008
112.622	2008
112.628	2008
112.633	2008
112.64	2008
112.641	2008
112.645	2008
112.651	2008
112.652	2008
112.657	2008
112.664	2008
112.665	2008
112.671	2008
112.675	2008
112.676	2008
112.683	2008
112.688	2008
112.689	2008
112.695	2008
112.7	2008
112.701	2008
112.707	2008
112.712	2008
112.713	2008
112.719	2008
112.723	2008
112.724	2008
112.731	2008
112.736	2008
112.737	2008
112.743	2008
112.748	2008
112.749	2008
112.754	2008
112.759	2008
112.76	2008
112.766	2008
112.772	2008
112.772	2008
112.778	2008
112.785	2008
112.785	2008
112.79	2008
112.797	2008
112.797	2008
112.802	2008
112.809	2008
112.809	2008
112.814	2008
112.82	2008
112.821	2008
112.821	2008
112.827	2008
112.833	2008
112.839	2008
112.84	2008
112.845	2008
112.85	2008
112.856	2008
112.857	2008
112.863	2008
112.869	2008
112.87	2008
112.875	2008
112.881	2008
112.886	2008
112.886	2008
112.892	2008
112.898	2008
112.898	2008
112.904	2008
112.91	2008
112.916	2008
112.917	2008
112.923	2008
112.927	2008
112.928	2008
112.934	2008
112.94	2008
112.941	2008
112.946	2008
112.951	2008
112.958	2008
112.959	2008
112.964	2008
112.97	2008
112.971	2008
112.977	2008
112.981	2008
112.982	2008
112.988	2008
112.994	2008
112.995	2008
113.001	2008
113.006	2008
113.011	2008
113.012	2008
113.018	2008
113.024	2008
113.025	2008
113.03	2008
113.036	2008
113.037	2008
113.041	2008
113.042	2008
113.048	2008
113.053	2008
113.054	2008
113.061	2008
113.066	2008
113.066	2008
113.072	2008
113.079	2008
113.079	2008
113.084	2008
113.091	2008
113.091	2008
113.097	2008
113.102	2008
113.102	2008
113.109	2008
113.115	2008
113.116	2008
113.121	2008
113.126	2008
113.127	2008
113.132	2008
113.138	2008
113.139	2008
113.144	2008
113.15	2008
113.152	2008
113.156	2008
113.162	2008
113.164	2008
113.169	2008
113.175	2008
113.18	2008
113.18	2008
113.187	2008
113.193	2008
113.193	2008
113.199	2008
113.204	2008
113.209	2008
113.215	2008
113.216	2008
113.221	2008
113.227	2008
113.233	2008
113.233	2008
113.239	2008
113.246	2008
113.246	2008
113.25	2008
113.254	2008
113.259	2008
113.259	2008
113.265	2008
113.268	2008
113.269	2008
113.274	2008
113.279	2008
113.28	2008
113.283	2008
113.288	2008
113.288	2008
113.294	2008
113.298	2008
113.298	2008
113.306	2008
113.31	2008
113.31	2008
113.316	2008
113.323	2008
113.323	2008
113.331	2008
113.335	2008
113.335	2008
113.343	2008
113.35	2008
113.351	2008
113.36	2008
113.361	2008
113.367	2008
113.368	2008
113.376	2008
113.377	2008
113.384	2008
113.385	2008
113.394	2008
113.401	2008
113.409	2008
113.41	2008
113.417	2008
113.418	2008
113.425	2008
113.433	2008
113.434	2008
113.442	2008
113.45	2008
113.45	2008
113.455	2008
113.461	2008
113.462	2008
113.468	2008
113.473	2008
113.474	2008
113.48	2008
113.486	2008
113.487	2008
113.491	2008
113.492	2008
113.498	2008
113.504	2008
113.505	2008
113.511	2008
113.516	2008
113.517	2008
113.522	2008
113.527	2008
113.534	2008
113.535	2008
113.54	2008
113.546	2008
113.547	2008
113.551	2008
113.557	2008
113.558	2008
113.565	2008
113.57	2008
113.571	2008
113.577	2008
113.581	2008
113.582	2008
113.588	2008
113.593	2008
113.594	2008
113.6	2008
113.606	2008
113.607	2008
113.612	2008
113.618	2008
113.618	2008
113.624	2008
113.63	2008
113.631	2008
113.636	2008
113.642	2008
113.643	2008
113.649	2008
113.653	2008
113.654	2008
113.661	2008
113.667	2008
113.667	2008
113.673	2008
113.679	2008
113.679	2008
113.684	2008
113.691	2008
113.691	2008
113.696	2008
113.702	2008
113.702	2008
113.708	2008
113.714	2008
113.719	2008
113.725	2008
113.726	2008
113.731	2008
113.737	2008
113.738	2008
113.744	2008
113.75	2008
113.751	2008
113.756	2008
113.761	2008
113.763	2008
113.768	2008
113.768	2008
113.774	2008
113.78	2008
113.78	2008
113.787	2008
113.793	2008
113.798	2008
113.799	2008
113.804	2008
113.81	2008
113.811	2008
113.817	2008
113.821	2008
113.822	2008
113.829	2008
113.834	2008
113.835	2008
113.841	2008
113.845	2008
113.852	2008
113.853	2008
113.857	2008
113.864	2008
113.865	2008
113.87	2008
113.875	2008
113.876	2008
113.882	2008
113.888	2008
113.889	2008
113.894	2008
113.899	2008
113.9	2008
113.907	2008
113.912	2008
113.913	2008
113.919	2008
113.924	2008
113.925	2008
113.93	2008
113.936	2008
113.937	2008
113.943	2008
113.947	2008
113.948	2008
113.955	2008
113.96	2008
113.961	2008
113.966	2008
113.973	2008
113.973	2008
113.978	2008
113.984	2008
113.984	2008
113.99	2008
113.996	2008
113.996	2008
114.003	1936
114.011	1936
114.016	1936
114.021	1936
114.022	1936
114.029	1936
114.035	1936
114.035	1936
114.035	1936
114.042	1936
114.048	1936
114.049	1936
114.055	1936
114.06	1936
114.06	1936
114.066	1936
114.072	1936
114.073	1936
114.077	1936
114.082	1936
114.083	1936
114.088	1936
114.093	1936
114.094	1936
114.098	1936
114.102	1936
114.103	1936
114.115	1936
114.119	1936
114.125	1936
114.129	1936
114.13	1936
114.135	1936
114.14	1936
114.145	1936
114.146	1936
114.15	1936
114.154	1936
114.155	1936
114.161	1936
114.164	1936
114.165	1936
114.17	1936
114.176	1936
114.177	1936
114.184	1936
114.372	1936
114.372	1936
114.379	1936
114.385	1936
114.386	1936
114.387	1936
114.393	1936
114.475	1936
114.475	1936
114.481	1936
114.489	1936
114.489	1936
114.495	1936
114.576	1936
114.576	1936
114.582	1936
114.588	1936
114.589	1936
114.595	1936
114.6	1936
114.601	1936
114.607	1936
114.613	1936
114.614	1936
114.62	1936
114.625	1936
114.626	1936
114.632	1936
114.638	1936
114.639	1936
114.645	1936
114.65	1936
114.651	1936
114.657	1936
114.663	1936
114.664	1936
114.67	1936
114.675	1936
114.676	1936
114.681	1936
114.687	1936
114.688	1936
114.694	1936
114.699	1936
114.7	1936
114.706	1936
114.712	1936
114.713	1936
114.719	1936
114.724	1936
114.725	1936
114.731	1936
114.737	1936
114.738	1936
114.744	1936
114.749	1936
114.75	1936
114.756	1936
114.763	1936
114.764	1936
114.769	1936
114.774	1936
114.776	1936
114.782	1936
114.787	1936
114.788	1936
114.793	1936
114.8	1936
114.801	1936
114.807	1936
114.813	1936
114.814	1936
114.819	1936
114.825	1936
114.826	1936
114.832	1936
114.838	1936
114.839	1936
114.844	1936
114.85	1936
114.851	1936
114.857	1936
114.862	1936
114.863	1936
114.868	1936
114.875	1936
114.876	1936
114.881	1936
114.888	1936
114.889	1936
114.893	1936
114.899	1936
114.9	1936
114.907	1936
114.912	1936
114.913	1936
114.919	1932
114.924	1932
114.925	1932
114.931	1932
114.938	1932
114.939	1932
114.943	1932
114.95	1932
114.951	1932
114.956	1932
114.962	1932
114.963	1932
114.969	1932
114.974	1932
114.975	1932
114.981	1932
114.987	1932
114.988	1932
114.994	1932
114.999	1932
115	1932
115.006	1932
115.013	1932
115.014	1932
115.019	1932
115.025	1932
115.026	1932
115.031	1932
115.038	1932
115.039	1932
115.045	1932
115.05	1932
115.051	1932
115.056	1932
115.063	1932
115.064	1932
115.069	1932
115.074	1932
115.075	1932
115.082	1932
115.088	1932
115.089	1932
115.094	1932
115.1	1932
115.1	1932
115.105	1932
115.11	1932
115.11	1932
115.115	1932
115.121	1932
115.121	1932
115.126	1932
115.13	1932
115.13	1932
115.136	1932
115.141	1932
115.141	1932
115.146	1932
115.15	1932
115.15	1932
115.156	1932
115.16	1932
115.16	1932
115.166	1932
115.17	1932
115.17	1932
115.175	1932
115.181	1932
115.181	1932
115.185	1932
115.19	1932
115.19	1932
115.195	1932
115.2	1932
115.201	1932
115.209	1932
115.216	1932
115.218	1932
115.225	1932
115.233	1932
115.234	1932
115.242	1932
115.251	1932
115.251	1932
115.26	1932
115.266	1932
115.268	1932
115.276	1932
115.284	1932
115.285	1932
115.292	1932
115.3	1932
115.301	1932
115.31	1932
115.315	1932
115.315	1932
115.321	1932
115.327	1932
115.328	1932
115.334	1932
115.34	1932
115.34	1932
115.347	1932
115.352	1932
115.353	1932
115.359	1944
115.365	1944
115.365	1944
115.372	1944
115.378	1944
115.379	1944
115.384	1944
115.391	1944
115.391	1944
115.397	1963
115.402	1963
115.404	1963
115.409	1963
115.414	1963
115.415	1963
115.422	1963
115.428	1963
115.428	1963
115.433	1963
115.44	1963
115.441	1963
115.445	1963
115.451	1963
115.452	1963
115.458	1963
115.465	1963
115.465	1963
115.47	1963
115.476	1963
115.477	1963
115.483	1963
115.488	1963
115.489	1963
115.495	1963
115.501	1963
115.502	1963
115.507	1963
115.514	1963
115.515	1963
115.52	1963
115.526	1963
115.527	1963
115.533	1963
115.538	1963
115.539	1963
115.544	1963
115.551	1963
115.552	1963
115.556	1963
115.562	1963
115.563	1963
115.569	1963
115.575	1963
115.575	1963
115.581	1963
115.588	1963
115.589	1963
115.593	1963
115.599	1963
115.6	1963
115.607	1963
115.612	1963
115.612	1963
115.618	1963
115.625	1963
115.626	1963
115.63	1963
115.636	1963
115.637	1963
115.643	1963
115.649	1963
115.65	1963
115.656	1963
115.661	1963
115.661	1963
115.668	1963
115.674	1963
115.68	1963
115.683	1963
115.689	1963
115.696	1963
115.703	1963
115.703	1963
115.71	1963
115.71	1963
115.717	1963
115.722	1963
115.723	1963
115.728	1963
115.734	1963
115.741	1963
115.746	1963
115.752	1963
115.756	1963
115.762	1963
115.769	1963
115.77	1963
115.774	1963
115.781	1963
115.782	1963
115.787	1963
115.792	1963
115.793	1963
115.799	1963
115.806	1963
115.806	1963
115.812	1963
115.817	1963
115.818	1963
115.824	1963
115.829	1963
115.83	1963
115.836	1963
115.843	1963
115.843	1963
115.848	1963
115.855	1963
115.856	1963
115.862	1963
115.866	1963
115.873	1963
115.884	1963
115.888	1963
115.894	1963
115.9	1963
115.901	1963
115.906	1963
115.912	1963
115.918	1963
115.919	1963
115.924	1963
115.931	1963
115.931	1963
115.935	1963
115.94	1963
115.942	1963
115.946	1963
115.95	1963
115.952	1963
115.956	1963
115.961	1963
115.961	1963
115.966	1963
115.971	1963
115.971	1963
115.975	1963
115.98	1963
115.98	1963
115.986	1963
115.989	1963
115.99	1963
115.996	1963
116	1963
116.001	1963
116.004	1963
116.009	1963
116.01	1963
116.014	1963
116.019	1963
116.02	1963
116.025	1963
116.032	1963
116.033	1963
116.039	1963
116.047	1963
116.049	1963
116.057	1963
116.063	1963
116.064	1963
116.072	1963
116.073	1963
116.082	1963
116.083	1963
116.091	1963
116.097	1963
116.098	1963
116.106	1963
116.114	1963
116.115	1963
116.124	1963
116.131	1963
116.132	1963
116.14	1963
116.146	1963
116.15	1963
116.151	1963
116.158	1963
116.163	1963
116.164	1963
116.17	1963
116.175	1963
116.176	1963
116.182	1963
116.188	1963
116.193	1963
116.194	1963
116.201	1963
116.206	1963
116.206	1963
116.212	1963
116.218	1963
116.225	1963
116.225	1963
116.23	1963
116.236	1963
116.237	1963
116.243	1963
116.249	1963
116.254	1963
116.255	1963
116.262	1963
116.266	1963
116.267	1963
116.274	1963
116.279	1963
116.279	1963
116.286	1963
116.292	1963
116.293	1963
116.299	1963
116.304	1963
116.305	1963
116.31	1963
116.316	1963
116.316	1963
116.323	1963
116.328	1963
116.329	1963
116.335	1963
116.341	1963
116.342	1963
116.347	1963
116.353	1963
116.353	1963
116.36	1963
116.366	1963
116.366	1963
116.372	1963
116.378	1963
116.379	1963
116.385	1963
116.391	1963
116.391	1963
116.397	1963
116.402	1963
116.403	1963
116.408	1963
116.415	1963
116.416	1963
116.422	1963
116.426	1963
116.432	1963
116.433	1963
116.44	1963
116.445	1963
116.445	1963
116.451	1963
116.457	1963
116.463	1963
116.463	1963
116.469	1963
116.475	1963
116.481	1963
116.482	1963
116.488	1963
116.494	1963
116.495	1963
116.501	1963
116.506	1963
116.507	1963
116.513	1963
116.514	1963
116.52	1963
116.525	1963
116.525	1963
116.532	1963
116.537	1963
116.537	1963
116.543	1963
116.55	1963
116.551	1963
116.556	1963
116.561	1963
116.567	1963
116.574	1963
116.575	1963
116.58	1963
116.586	1963
116.587	1963
116.593	1963
116.597	1963
116.598	1963
116.605	1963
116.61	1963
116.611	1963
116.617	1963
116.622	1963
116.629	1963
116.629	1963
116.634	1963
116.641	1963
116.642	1963
116.647	1963
116.652	1963
116.653	1963
116.66	1963
116.665	1963
116.666	1963
116.671	1963
116.677	1963
116.678	1963
116.684	1963
116.69	1963
116.695	1963
116.696	1963
116.703	1963
116.707	1963
116.708	1963
116.715	1963
116.72	1963
116.726	1963
116.726	1963
116.732	1963
116.739	1963
116.74	1963
116.745	1963
116.75	1963
116.757	1963
116.758	1963
116.763	1963
116.768	1963
116.769	1963
116.774	1963
116.779	1963
116.78	1963
116.783	1963
116.788	1963
116.789	1963
116.793	1963
116.799	1963
116.799	1963
116.803	1963
116.808	1963
116.808	1963
116.813	1963
116.819	1963
116.819	1963
116.824	1963
116.828	1963
116.831	1963
116.834	1963
116.839	1963
116.844	1963
116.848	1963
116.853	1963
116.858	1963
116.863	1963
116.868	1963
116.87	1963
116.878	1963
116.886	1963
116.887	1963
116.895	1963
116.902	1963
116.903	1963
116.911	1963
116.918	1963
116.919	1963
116.927	1963
116.934	1963
116.943	1963
116.944	1963
116.951	1963
116.958	1963
116.959	1963
116.967	1963
116.976	1963
116.98	1963
116.981	1963
116.987	1963
116.993	1963
116.999	1963
117	1963
117.005	1963
117.011	1963
117.018	1963
117.022	1963
117.023	1963
117.029	1963
117.036	1963
117.036	1963
117.041	1963
117.047	1963
117.053	1963
117.059	1963
117.06	1963
117.066	1963
117.071	1963
117.072	1963
117.077	1963
117.083	1963
117.085	1963
117.09	1963
117.095	1963
117.096	1963
117.103	1963
117.109	1963
117.11	1963
117.114	1963
117.12	1963
117.122	1963
117.128	1963
117.133	1963
117.134	1963
117.14	1963
117.145	1963
117.145	1963
117.152	1963
117.157	1963
117.158	1963
117.164	1963
117.169	1963
117.17	1963
117.176	1963
117.182	1963
117.182	1963
117.188	1963
117.195	1963
117.196	1963
117.202	1963
117.206	1963
117.207	1963
117.213	1963
117.22	1963
117.22	1963
117.226	1963
117.231	1963
117.232	1963
117.237	1963
117.243	1963
117.245	1963
117.25	1963
117.257	1963
117.257	1963
117.263	1963
117.269	1963
117.27	1963
117.275	1963
117.28	1963
117.281	1963
117.288	1963
117.292	1963
117.293	1963
117.299	1963
117.305	1963
117.306	1963
117.311	1963
117.318	1963
117.324	1963
117.324	1963
117.329	1963
117.335	1963
117.336	1963
117.343	1963
117.349	1963
117.349	1963
117.354	1963
117.361	1963
117.361	1963
117.366	1963
117.372	1963
117.373	1963
117.379	1963
117.385	1963
117.39	1963
117.392	1963
117.398	1963
117.406	1963
117.411	1963
117.417	1963
117.418	1963
117.425	1963
117.43	1963
117.434	1963
117.44	1963
117.445	1963
117.452	1963
117.457	1963
117.458	1963
117.463	1963
117.469	1963
117.47	1963
117.476	1963
117.477	1963
117.483	1963
117.484	1963
117.489	1963
117.494	1963
117.495	1963
117.501	1963
117.507	1963
117.507	1963
117.52	1963
117.52	1963
117.526	1963
117.532	1963
117.534	1963
117.539	1963
117.545	1963
117.546	1963
117.552	1963
117.556	1963
117.557	1963
117.563	1963
117.564	1963
117.571	1963
117.575	1963
117.576	1963
117.583	1963
117.588	1963
117.594	1963
117.595	1963
117.599	1963
117.604	1963
117.604	1963
117.609	1963
117.613	1963
117.614	1963
117.62	1963
117.624	1963
117.625	1963
117.629	1963
117.633	1963
117.634	1963
117.639	1963
117.644	1963
117.645	1963
117.649	1963
117.654	1963
117.654	1963
117.658	1963
117.665	1963
117.669	1963
117.67	1963
117.675	1963
117.681	1963
117.681	1963
117.688	1963
117.693	1963
117.693	1963
117.7	1963
117.707	1963
117.708	1963
117.717	1963
117.724	1907
117.731	1907
117.738	1907
117.74	1907
117.747	1907
117.749	1907
117.756	1907
117.764	1907
117.765	1907
117.773	1907
117.78	1907
117.781	1907
117.789	1907
117.797	1907
117.798	1907
117.806	1907
117.813	1907
117.814	1907
117.82	1907
117.826	1907
117.827	1907
117.833	1907
117.838	1907
117.844	1907
117.845	1907
117.851	1907
117.857	1907
117.863	1907
117.868	1907
117.869	1907
117.875	1907
117.882	1907
117.882	1907
117.888	1907
117.894	1907
117.899	1907
117.9	1907
117.907	1907
117.912	1907
117.913	1907
117.919	1907
117.925	1907
117.925	1907
117.931	1907
117.938	1907
117.938	1907
117.944	1907
117.95	1907
117.951	1907
117.958	1907
117.963	1907
117.963	1907
117.97	1907
117.976	1907
117.977	1907
117.982	1907
117.989	1907
117.99	1907
117.995	1907
118.001	1907
118.002	1907
118.007	1907
118.014	1907
118.015	1907
118.021	1907
118.027	1907
118.028	1907
118.033	1907
118.039	1907
118.04	1907
118.045	1907
118.051	1907
118.057	1907
118.058	1907
118.064	1907
118.07	1907
118.071	1907
118.077	1907
118.083	1907
118.084	1907
118.089	1907
118.095	1907
118.096	1907
118.103	1907
118.108	1907
118.109	1907
118.116	1907
118.121	1907
118.122	1907
118.127	1907
118.134	1907
118.134	1907
118.14	1907
118.146	1907
118.147	1907
118.153	1907
118.16	1907
118.161	1907
118.166	1907
118.171	1907
118.172	1907
118.179	1907
118.184	1907
118.185	1907
118.191	1907
118.198	1907
118.204	1907
118.205	1907
118.21	1907
118.215	1907
118.216	1907
118.222	1907
118.228	1907
118.229	1907
118.236	1907
118.242	1907
118.243	1907
118.248	1907
118.248	1907
118.254	1907
118.261	1907
118.262	1907
118.268	1907
118.273	1907
118.274	1907
118.28	1907
118.287	1907
118.292	1907
118.292	1907
118.298	1907
118.305	1907
118.306	1907
118.312	1907
118.317	1907
118.318	1907
118.319	1907
118.326	1907
118.331	1907
118.332	1907
118.337	1907
118.343	1907
118.35	1907
118.351	1907
118.357	1907
118.358	1907
118.364	1907
118.37	1907
118.37	1907
118.376	1907
118.381	1907
118.382	1907
118.388	1907
118.394	1907
118.395	1907
118.401	1907
118.408	1907
118.408	1907
118.413	1907
118.42	1907
118.421	1907
118.426	1907
118.431	1907
118.436	1907
118.436	1907
118.441	1907
118.447	1907
118.447	1907
118.451	1907
118.457	1907
118.457	1907
118.463	1907
118.467	1907
118.471	1907
118.475	1907
118.479	1907
118.484	1907
118.486	1907
118.491	1907
118.496	1907
118.498	1907
118.503	1907
118.507	1907
118.508	1907
118.513	1907
118.518	1907
118.519	1907
118.524	1907
118.532	1907
118.54	1907
118.541	1907
118.549	1879
118.557	1879
118.558	1879
118.565	1879
118.574	1879
118.576	1879
118.583	1879
118.592	1879
118.593	1879
118.6	1879
118.609	1879
118.609	1879
118.618	1879
118.625	1879
118.626	1879
118.635	1879
118.641	1879
118.642	1879
118.648	1879
118.653	1888
118.654	1888
118.661	1897
118.666	1897
118.667	1897
118.674	1897
118.678	1897
118.679	1897
118.685	1897
118.692	1897
118.697	1897
118.698	1897
118.705	1897
118.71	1897
118.716	1897
118.722	1897
118.724	1897
118.73	1897
118.735	1897
118.741	1897
118.741	1897
118.747	1897
118.753	1897
118.754	1897
118.76	1897
118.767	1897
118.772	1897
118.773	1897
118.779	1897
118.785	1897
118.786	1897
118.792	1897
118.797	1897
118.798	1897
118.805	1897
118.81	1897
118.811	1897
118.817	1897
118.823	1897
118.824	1897
118.831	1897
118.836	1897
118.837	1897
118.844	1897
118.849	1897
118.85	1897
118.855	1897
118.862	1897
118.863	1897
118.869	1897
118.875	1897
118.876	1897
118.881	1897
118.887	1897
118.894	1897
118.895	1897
118.9	1897
118.906	1897
118.912	1897
118.913	1897
118.919	1897
118.925	1897
118.925	1897
118.932	1897
118.937	1897
118.938	1897
118.945	1897
118.95	1897
118.951	1897
118.956	1897
118.962	1897
118.964	1897
118.97	1897
118.975	1897
118.982	1897
118.983	1897
118.988	1897
118.995	1897
118.996	1897
119.001	1897
119.007	1897
119.007	1897
119.013	1897
119.02	1897
119.021	1897
119.027	1897
119.033	1897
119.039	1897
119.04	1897
119.045	1897
119.052	1897
119.053	1897
119.059	1897
119.065	1897
119.065	1897
119.07	1897
119.077	1897
119.078	1897
119.083	1897
119.089	1897
119.09	1897
119.097	1897
119.102	1897
119.103	1897
119.109	1897
119.115	1897
119.115	1897
119.122	1897
119.128	1897
119.129	1897
119.135	1897
119.14	1897
119.141	1897
119.147	1897
119.154	1897
119.155	1897
119.161	1897
119.167	1897
119.167	1897
119.173	1897
119.179	1897
119.18	1897
119.186	1897
119.191	1897
119.198	1897
119.203	1897
119.204	1897
119.21	1897
119.216	1897
119.217	1897
119.223	1897
119.229	1897
119.23	1897
119.236	1897
119.242	1897
119.242	1897
119.249	1897
119.254	1897
119.254	1897
119.259	1897
119.264	1897
119.265	1897
119.269	1897
119.274	1897
119.275	1897
119.28	1897
119.283	1897
119.284	1897
119.289	1897
119.296	1897
119.296	1897
119.304	1897
119.308	1897
119.309	1897
119.316	1897
119.326	1897
119.326	1897
119.331	1897
119.333	1897
119.336	1897
119.341	1897
119.342	1897
119.348	1897
119.351	1897
119.353	1897
119.36	1897
119.368	1897
119.37	1897
119.378	1897
119.385	1897
119.387	1897
119.395	1897
119.403	1898
119.404	1898
119.412	1898
119.42	1898
119.421	1898
119.428	1898
119.436	1898
119.438	1898
119.445	1898
119.453	1898
119.454	1898
119.46	1898
119.467	1898
119.468	1898
119.474	1898
119.48	1898
119.481	1898
119.487	1898
119.493	1898
119.493	1898
119.498	1898
119.504	1898
119.505	1898
119.511	1898
119.512	1898
119.518	1898
119.524	1898
119.525	1898
119.532	1898
119.538	1898
119.538	1916
119.543	1916
119.549	1916
119.55	1916
119.557	1916
119.558	1916
119.564	1916
119.569	1916
119.57	1916
119.575	1916
119.581	1916
119.582	1916
119.589	1916
119.595	1916
119.601	1916
119.602	1916
119.607	1916
119.612	1916
119.614	1916
119.62	1916
119.625	1916
119.626	1916
119.633	1916
119.639	1916
119.64	1916
119.644	1916
119.65	1916
119.651	1916
119.657	1916
119.663	1916
119.664	1916
119.67	1916
119.676	1916
119.677	1916
119.683	1916
119.689	1916
119.694	1916
119.695	1916
119.702	1916
119.708	1916
119.708	1916
119.714	1916
119.719	1916
119.72	1916
119.726	1916
119.732	1916
119.733	1916
119.739	1916
119.746	1916
119.751	1916
119.752	1916
119.757	1916
119.763	1916
119.764	1916
119.771	1916
119.776	1916
119.777	1916
119.782	1916
119.789	1916
119.79	1916
119.796	1916
119.801	1916
119.802	1916
119.808	1916
119.814	1916
119.814	1916
119.82	1916
119.827	1916
119.828	1916
119.833	1916
119.84	1916
119.841	1916
119.846	1916
119.847	1916
119.853	1916
119.859	1916
119.86	1916
119.865	1916
119.872	1916
119.878	1916
119.879	1916
119.883	1916
119.889	1916
119.89	1916
119.897	1916
119.902	1916
119.904	1916
119.91	1916
119.915	1916
119.915	1916
119.922	1916
119.928	1916
119.929	1916
119.935	1916
119.941	1916
119.942	1916
119.947	1916
119.953	1916
119.954	1916
119.959	1916
119.965	1916
119.966	1916
119.972	1916
119.978	1916
119.983	1916
119.984	1916
119.99	1916
119.996	1916
119.997	1916
120.004	1916
120.01	1916
120.011	1916
120.016	1916
120.021	1916
120.022	1916
120.028	1916
120.035	1916
120.036	1916
120.042	1916
120.048	1916
120.053	1916
120.059	1916
120.06	1916
120.065	1916
120.071	1916
120.072	1916
120.078	1916
120.083	1916
120.084	1916
120.088	1916
120.093	1916
120.093	1916
120.098	1916
120.103	1916
120.103	1916
120.109	1916
120.114	1916
120.114	1916
120.118	1916
120.123	1916
120.128	1916
120.128	1916
120.134	1916
120.14	1916
120.14	1916
120.145	1916
120.152	1916
120.152	1916
120.162	1916
120.167	1916
120.168	1916
120.175	1916
120.182	1916
120.19	1916
120.192	1916
120.198	1916
120.206	1916
120.207	1916
120.216	1916
120.224	1916
120.232	1916
120.24	1916
120.24	1916
120.248	1916
120.257	1916
120.258	1916
120.266	1916
120.272	1916
120.274	1916
120.282	1916
120.29	1916
120.291	1916
120.297	1916
120.303	1916
120.304	1916
120.309	1916
120.314	1916
120.316	1916
120.321	1916
120.327	1916
120.328	1916
120.335	1916
120.34	1916
120.346	1916
120.346	1916
120.353	1916
120.359	1916
120.359	1916
120.365	1916
120.371	1916
120.373	1916
120.379	1916
120.383	1916
120.384	1916
120.39	1916
120.397	1916
120.398	1916
120.403	1916
120.41	1916
120.411	1916
120.415	1916
120.416	1916
120.422	1916
120.423	1916
120.429	1916
120.435	1916
120.436	1916
120.443	1916
120.448	1916
120.453	1916
120.454	1916
120.461	1916
120.467	1916
120.473	1916
120.474	1916
120.48	1916
120.484	1916
120.485	1916
120.492	1916
120.497	1916
120.499	1916
120.504	1916
120.51	1916
120.511	1916
120.516	1916
120.523	1916
120.524	1916
120.53	1916
120.536	1916
120.537	1916
120.542	1916
120.543	1916
120.549	1916
120.555	1916
120.556	1916
120.562	1916
120.568	1916
120.569	1916
120.574	1916
120.581	1916
120.581	1916
120.586	1916
120.593	1916
120.594	1916
120.6	1916
120.606	1916
120.607	1916
120.613	1916
120.618	1916
120.619	1916
120.625	1916
120.631	1916
120.637	1916
120.638	1916
120.643	1916
120.649	1916
120.649	1916
120.655	1916
120.662	1916
120.667	1916
120.668	1916
120.674	1916
120.68	1916
120.681	1916
120.686	1916
120.692	1916
120.698	1916
120.704	1916
120.705	1916
120.711	1916
120.718	1916
120.719	1916
120.724	1916
120.729	1916
120.731	1916
120.736	1916
120.742	1916
120.743	1916
120.75	1916
120.756	1916
120.756	1916
120.761	1916
120.768	1916
120.769	1916
120.775	1916
120.78	1916
120.787	1916
120.793	1916
120.793	1916
120.799	1916
120.805	1916
120.806	1916
120.812	1916
120.817	1916
120.823	1916
120.829	1916
120.829	1916
120.835	1916
120.841	1916
120.842	1916
120.848	1916
120.855	1916
120.856	1916
120.862	1916
120.867	1916
120.868	1916
120.874	1916
120.879	1916
120.885	1916
120.887	1916
120.892	1916
120.899	1916
120.899	1916
120.905	1916
120.91	1916
120.911	1916
120.914	1916
120.92	1916
120.925	1916
120.925	1916
120.93	1916
120.935	1916
120.936	1916
120.94	1916
120.945	1916
120.946	1916
120.95	1916
120.951	1916
120.956	1916
120.956	1916
120.961	1916
120.966	1916
120.967	1916
120.97	1916
120.978	1916
120.978	1916
120.983	1916
120.99	1916
120.99	1916
121.005	1916
121.012	1916
121.02	1916
121.021	1916
121.029	1916
121.037	1916
121.045	1916
121.046	1916
121.055	1916
121.063	1916
121.07	1916
121.071	1916
121.08	1916
121.086	1916
121.088	1916
121.095	1916
121.103	1916
121.105	1916
121.112	1916
121.119	1916
121.125	1916
121.126	1916
121.132	1916
121.137	1916
121.137	1916
121.143	1916
121.149	1916
121.15	1916
121.157	1916
121.158	1916
121.163	1916
121.164	1916
121.17	1916
121.175	1916
121.176	1916
121.182	1916
121.188	1916
121.189	1916
121.196	1916
121.202	1916
121.202	1916
121.208	1916
121.214	1916
121.215	1916
121.22	1916
121.227	1916
121.233	1916
121.234	1916
121.239	1916
121.245	1916
121.245	1916
121.251	1916
121.258	1916
121.259	1916
121.264	1916
121.27	1916
121.27	1916
121.277	1916
121.282	1916
121.288	1916
121.289	1916
121.295	1916
121.301	1916
121.307	1916
121.307	1916
121.313	1916
121.319	1916
121.321	1916
121.327	1916
121.332	1916
121.339	1916
121.34	1916
121.345	1916
121.351	1916
121.357	1916
121.358	1916
121.363	1916
121.364	1916
121.371	1916
121.377	1916
121.377	1916
121.383	1916
121.389	1916
121.39	1916
121.395	1916
121.401	1916
121.402	1916
121.408	1916
121.414	1916
121.415	1916
121.42	1916
121.427	1916
121.428	1916
121.434	1916
121.439	1916
121.44	1916
121.445	1916
121.451	1916
121.457	1916
121.458	1916
121.464	1916
121.471	1916
121.476	1916
121.477	1916
121.482	1916
121.489	1916
121.489	1916
121.495	1916
121.502	1916
121.507	1916
121.508	1916
121.515	1916
121.52	1916
121.52	1916
121.526	1916
121.527	1916
121.533	1916
121.539	1916
121.545	1916
121.546	1916
121.553	1916
121.557	1916
121.559	1916
121.564	1916
121.57	1916
121.571	1916
121.578	1916
121.583	1916
121.584	1916
121.589	1916
121.596	1916
121.597	1916
121.603	1916
121.608	1916
121.615	1916
121.616	1916
121.622	1916
121.626	1916
121.627	1916
121.634	1916
121.639	1916
121.64	1916
121.646	1916
121.653	1916
121.653	1916
121.659	1916
121.665	1916
121.671	1916
121.672	1916
121.677	1834
121.683	1834
121.69	1834
121.691	1834
121.697	1834
121.702	1834
121.71	1834
121.71	1834
121.716	1834
121.722	1834
121.723	1834
121.729	1834
121.735	1834
121.736	1834
121.741	1834
121.741	1834
121.746	1834
121.752	1834
121.753	1834
121.76	1834
121.764	1834
121.769	1834
121.77	1834
121.776	1834
121.781	1834
121.782	1834
121.786	1834
121.79	1834
121.793	1834
121.798	1834
121.802	1834
121.807	1834
121.808	1834
121.813	1834
121.818	1834
121.82	1834
121.824	1834
121.828	1834
121.829	1834
121.834	1834
121.843	1834
121.844	1834
121.852	1834
121.861	1834
121.862	1834
121.87	1834
121.871	1834
121.879	1834
121.887	1834
121.895	1834
121.896	1834
121.905	1834
121.913	1834
121.914	1834
121.922	1834
121.93	1834
121.931	1834
121.94	1834
121.942	1834
121.947	1834
121.953	1834
121.959	1834
121.966	1834
121.972	1834
121.972	1834
121.98	1834
121.985	1834
121.991	1834
121.992	1834
121.999	1834
122	1834
122.005	1834
122.011	1834
122.012	1834
122.018	1834
122.025	1834
122.026	1834
122.031	1834
122.037	1834
122.044	1834
122.051	1834
122.052	1834
122.058	1834
122.064	1834
122.065	1834
122.071	1834
122.077	1834
122.083	1834
122.084	1834
122.09	1834
122.096	1834
122.097	1834
122.103	1834
122.109	1834
122.111	1834
122.117	1834
122.123	1834
122.128	1834
122.129	1834
122.135	1834
122.136	1834
122.143	1834
122.149	1834
122.15	1834
122.155	1834
122.161	1834
122.162	1834
122.169	1834
122.175	1834
122.181	1834
122.182	1834
122.189	1834
122.195	1834
122.2	1834
122.201	1834
122.208	1834
122.209	1834
122.214	1834
122.215	1834
122.221	1834
122.222	1834
122.228	1834
122.229	1834
122.235	1834
122.243	1834
122.243	1834
122.244	1834
122.25	1834
122.256	1834
122.257	1834
122.264	1834
122.27	1834
122.271	1834
122.277	1834
122.278	1834
122.284	1834
122.29	1834
122.295	1834
122.301	1834
122.309	1834
122.309	1834
122.315	1834
122.321	1834
122.327	1834
122.333	1834
122.335	1834
122.34	1834
122.346	1834
122.347	1834
122.354	1834
122.359	1834
122.366	1834
122.367	1834
122.373	1834
122.38	1834
122.386	1834
122.387	1834
122.393	1834
122.398	1834
122.404	1834
122.41	1834
122.411	1834
122.419	1834
122.424	1834
122.425	1834
122.431	1834
122.437	1834
122.438	1834
122.444	1834
122.445	1834
122.451	1834
122.458	1834
122.459	1834
122.459	1834
122.465	1834
122.472	1834
122.473	1834
122.478	1834
122.484	1834
122.492	1834
122.492	1834
122.498	1834
122.504	1834
122.51	1834
122.511	1834
122.517	1691
122.525	1691
122.526	1691
122.532	1691
122.539	1691
122.54	1691
122.547	1691
122.553	1691
122.554	1691
122.568	1691
122.573	1691
122.577	1691
122.585	1691
122.59	1691
122.591	1691
122.596	1691
122.607	1691
122.613	1691
122.614	1691
122.619	1691
122.623	1691
122.624	1691
122.625	1691
122.63	1691
122.637	1691
122.637	1691
122.643	1691
122.648	1691
122.654	1691
122.659	1691
122.664	1691
122.665	1691
122.672	1691
122.673	1691
122.683	1691
122.691	1691
122.692	1691
122.701	1691
122.71	1691
122.72	1691
122.721	1691
122.729	1691
122.739	1691
122.748	1691
122.749	1691
122.758	1691
122.767	1691
122.768	1691
122.777	1691
122.786	1691
122.787	1691
122.792	1691
122.8	1691
122.807	1691
122.813	1691
122.814	1691
122.821	1691
122.827	1691
122.829	1691
122.835	1691
122.842	1691
122.843	1691
122.85	1691
122.856	1691
122.862	1691
122.87	1691
122.871	1691
122.877	1691
122.878	1691
122.885	1691
122.886	1691
122.893	1691
122.899	1691
122.905	1691
122.912	1691
122.913	1691
122.919	1691
122.926	1691
122.933	1691
122.934	1691
122.94	1691
122.947	1691
122.954	1691
122.954	1691
122.962	1691
122.969	1691
122.975	1691
122.976	1691
122.983	1691
122.989	1691
122.995	1691
123.003	1691
123.004	1691
123.01	1691
123.011	1691
123.017	1691
123.024	1691
123.025	1691
123.032	1691
123.039	1691
123.046	1691
123.047	1691
123.054	1691
123.06	1691
123.067	1691
123.068	1691
123.075	1691
123.081	1691
123.088	1691
123.095	1691
123.096	1691
123.096	1691
123.102	1691
123.11	1691
123.111	1691
123.117	1691
123.123	1691
123.124	1691
123.131	1691
123.139	1691
123.14	1691
123.146	1691
123.152	1691
123.153	1691
123.16	1691
123.166	1691
123.167	1691
123.174	1691
123.181	1691
123.182	1691
123.188	1691
123.196	1691
123.197	1691
123.204	1691
123.21	1691
123.217	1691
123.224	1691
123.225	1691
123.226	1691
123.232	1691
123.239	1691
123.24	1691
123.249	1691
123.254	1691
123.255	1691
123.263	1691
123.27	1691
123.276	1691
123.282	1691
123.29	1691
123.291	1691
123.297	1691
123.303	1691
123.304	1691
123.31	1691
123.311	1691
123.318	1691
123.319	1691
123.326	1691
123.327	1691
123.333	1691
123.334	1691
123.342	1691
123.343	1691
123.349	1691
123.35	1691
123.356	1691
123.357	1691
123.364	1691
123.371	1691
123.372	1691
123.379	1691
123.38	1691
123.387	1691
123.388	1691
123.395	1691
123.4	1691
123.401	1691
123.408	1691
123.409	1691
123.416	1691
123.416	1691
123.422	1691
123.43	1691
123.435	1691
123.44	1691
123.441	1691
123.442	1691
123.447	1691
123.448	1691
123.453	1691
123.454	1691
123.459	1691
123.466	1691
123.466	1691
123.474	1691
123.482	1691
123.482	1691
123.488	1691
123.498	1691
123.502	1691
123.503	1691
123.503	1691
123.51	1691
123.514	1691
123.523	1691
123.524	1691
123.533	1691
123.542	1691
123.555	1691
123.563	1691
123.565	1691
123.573	1691
123.582	1691
123.583	1691
123.593	1691
123.594	1691
123.602	1691
123.611	1691
123.612	1691
123.622	1691
123.629	1691
123.635	1691
123.636	1691
123.643	1691
123.65	1691
123.656	1691
123.662	1691
123.663	1691
123.67	1691
123.671	1691
123.677	1691
123.684	1691
123.686	1691
123.687	1691
123.694	1691
123.7	1691
123.701	1691
123.707	1691
123.708	1691
123.709	1691
123.716	1691
123.722	1691
123.729	1691
123.73	1691
123.738	1691
123.739	1691
123.745	1691
123.752	1691
123.753	1691
123.76	1691
123.766	1691
123.772	1691
123.773	1691
123.774	1691
123.782	1691
123.787	1691
123.788	1691
123.795	1691
123.802	1691
123.803	1691
123.81	1691
123.811	1691
123.817	1691
123.824	1691
123.83	1691
123.831	1691
123.832	1691
123.839	1691
123.852	1691
123.858	1691
123.86	1691
123.861	1691
123.868	1691
123.873	1691
123.874	1691
123.881	1691
123.888	1691
123.895	1691
123.896	1691
123.905	1691
123.916	1691
123.916	1691
123.923	1691
123.93	1691
123.937	1691
123.938	1691
123.939	1691
123.945	1691
123.953	1691
123.954	1691
123.955	1691
123.961	1691
123.968	1691
123.969	1691
123.97	1691
123.977	1691
123.983	1691
123.984	1691
123.995	1691
124.001	1691
124.009	1691
124.01	1691
124.011	1691
124.018	1691
124.024	1691
124.025	1691
124.032	1691
124.032	1691
124.033	1691
124.04	1691
124.046	1691
124.047	1691
124.055	1691
124.062	1691
124.068	1691
124.069	1691
124.075	1691
124.076	1691
124.084	1691
124.09	1691
124.091	1691
124.097	1691
124.098	1691
124.105	1691
124.105	1691
124.112	1691
124.12	1691
124.126	1691
124.133	1691
124.14	1691
124.14	1691
124.141	1691
124.147	1691
124.154	1691
124.161	1691
124.162	1691
124.168	1691
124.176	1691
124.176	1691
124.183	1691
124.189	1691
124.19	1691
124.191	1691
124.192	1691
124.228	1342
124.24	1342
124.241	1342
124.242	1342
124.249	1342
124.258	1342
124.281	1342
124.287	1342
124.294	1342
124.3	1342
124.301	1342
124.308	1342
124.309	1342
124.316	1342
124.316	1342
124.317	1342
124.324	1342
124.331	1342
124.337	1342
124.34	1342
124.346	1342
124.353	1342
124.361	1342
124.362	1342
124.363	1342
124.369	1342
124.375	1342
124.383	1342
124.394	1342
124.396	1342
124.407	1342
124.409	1342
124.42	1342
124.431	1342
124.433	1342
124.444	1342
124.455	1342
124.457	1342
124.457	1342
124.469	1342
124.48	1342
124.481	1342
124.493	1342
124.505	1342
124.513	1342
124.521	1342
124.529	1342
124.537	1342
124.539	1342
124.548	1342
124.549	1342
124.558	1342
124.565	1342
124.574	1342
124.747	1342
124.752	1342
124.761	1342
124.771	1342
124.779	1342
124.78	1342
124.939	1342
124.94	1342
124.941	1342
124.949	1342
124.951	1342
124.959	1342
124.966	1342
124.968	1342
124.977	1342
124.985	1342
124.987	1342
124.995	1342
125.003	1342
125.005	1342
125.013	1342
125.021	1342
125.023	1342
125.031	1342
125.039	1342
125.041	1342
125.049	1342
125.058	1342
125.059	1342
125.067	1342
125.076	1342
125.077	1342
125.085	1342
125.094	1342
125.095	1342
125.102	1342
125.111	1342
125.112	1342
125.12	1342
125.129	1342
125.13	1342
125.138	1342
125.147	1342
125.148	1342
125.157	1342
125.166	1342
125.167	1342
125.175	1342
125.183	1342
125.184	1342
125.193	1342
125.202	1342
125.203	1342
125.211	1342
125.219	1342
125.22	1342
125.229	1342
125.238	1342
125.238	1342
125.246	1342
125.256	1342
125.257	1342
125.264	1342
125.273	1342
125.274	1342
125.283	1342
125.292	1342
125.293	1342
125.301	1342
125.31	1342
125.311	1342
125.319	1342
125.328	1342
125.329	1342
125.336	1342
125.346	1342
125.353	1342
125.354	1342
125.363	1342
125.372	1342
125.381	1342
125.382	1342
125.39	1342
125.398	1342
125.407	1342
125.409	1342
125.416	1342
125.435	1342
125.443	1342
125.451	1342
125.453	1342
125.461	1342
125.462	1342
125.471	1342
125.472	1342
125.491	1342
125.492	1342
125.501	1342
125.502	1342
125.511	1342
125.512	1342
125.52	1342
125.521	1342
125.53	1342
125.531	1342
125.539	1342
125.549	1342
125.557	1342
125.558	1342
125.567	1342
125.568	1342
125.576	1342
125.585	1342
125.586	1342
125.594	1342
125.603	1342
125.604	1342
125.612	1342
125.621	1342
125.622	1342
125.631	1342
125.639	1342
125.647	1342
125.648	1342
125.656	1342
125.664	1342
125.667	1342
125.674	1342
125.683	1342
125.685	1342
125.693	1342
125.701	1342
125.703	1342
125.711	1342
125.718	1342
125.727	1342
125.728	1342
125.737	1342
125.738	1342
125.746	1342
125.755	1122
125.766	1122
125.775	1122
125.776	1122
125.786	1122
125.797	1122
125.807	1122
125.816	1122
125.819	1122
125.82	1122
125.83	1122
125.84	1122
125.85	1122
125.851	1122
125.862	1122
125.872	1122
125.882	1122
125.883	1122
125.894	1122
125.904	1122
125.905	1122
125.915	1122
125.925	1122
125.926	1122
125.934	1122
125.942	1122
125.943	1122
125.951	1122
125.959	1122
125.967	1122
125.968	1122
125.977	1122
125.985	1122
125.986	1122
125.994	1122
126.002	1122
126.01	1122
126.011	1122
126.018	1122
126.026	1122
126.029	1122
126.037	1122
126.045	1122
126.053	1122
126.054	1122
126.061	1122
126.069	1122
126.07	1122
126.078	1122
126.087	1122
126.101	1122
126.103	1122
126.116	1122
126.129	1122
126.131	1122
126.145	1122
126.147	1122
126.16	1122
126.174	1122
126.186	1122
126.199	1122
126.214	1122
126.226	1122
126.241	1122
126.25	1122
126.251	1122
126.261	1122
126.271	1122
126.273	1122
126.284	1122
126.285	1122
126.295	1122
126.305	1122
126.307	1122
126.308	1122
126.318	1122
126.328	1122
126.33	1122
126.34	1122
126.35	1122
126.351	1122
126.353	1122
126.363	1122
126.372	1122
126.382	1122
126.383	1122
126.395	1122
126.404	1122
126.405	1122
126.415	1122
126.426	1122
126.428	1122
126.438	1122
126.447	1122
126.448	1122
126.458	1122
126.469	1122
126.471	1122
126.481	1122
126.491	1122
126.501	1122
126.502	1122
126.504	1122
126.514	1122
126.524	1122
126.525	1122
126.535	1122
126.544	1122
126.546	1122
126.557	1122
126.566	1122
126.576	1122
126.578	1122
126.588	1122
126.589	1122
126.599	1122
126.609	1122
126.62	1122
126.622	1122
126.631	1122
126.641	1122
126.651	1122
126.661	1122
126.662	1122
126.672	1122
126.682	1122
126.685	1122
126.695	1122
126.705	1122
126.714	1122
126.725	1122
126.727	1122
126.737	1122
126.747	1122
126.748	1122
126.75	1122
126.76	1122
126.77	1122
126.779	1122
126.78	1122
126.79	1122
126.801	1122
126.803	1122
126.813	1122
126.823	1122
126.832	1122
126.833	1122
126.843	1122
126.854	1122
126.856	1122
126.866	1122
126.876	1122
126.878	1122
126.888	1122
126.898	1122
126.899	1122
126.901	1122
126.911	1122
126.92	1122
126.921	1122
126.932	1122
126.941	1122
126.943	1122
126.954	1122
126.964	1122
126.965	1122
126.975	1122
126.985	1122
126.995	1122
126.997	1122
127.007	1122
127.008	1122
127.018	1122
127.028	1122
127.038	1122
127.04	1122
127.05	1122
127.06	1122
127.062	1122
127.063	1122
127.073	1122
127.082	1122
127.092	1122
127.094	1122
127.104	1122
127.105	1122
127.107	1122
127.108	1122
127.118	1122
127.129	1122
127.131	1122
127.141	1122
127.15	1122
127.151	1122
127.161	1122
127.163	1122
127.174	1122
127.184	1122
127.186	1122
127.195	1122
127.206	1122
127.207	1122
127.216	1122
127.227	1122
127.237	1122
127.238	1122
127.246	1122
127.254	1122
127.256	1122
127.264	1122
127.271	1122
127.272	1122
127.28	1122
127.288	1122
127.289	1122
127.298	1122
127.306	1122
127.307	1122
127.315	1122
127.322	1122
127.324	1122
127.332	1122
127.341	1122
127.342	1122
127.35	1122
127.358	1122
127.359	1122
127.366	1122
127.374	1122
127.383	1122
127.39	1122
127.391	1122
127.399	1122
127.407	1122
127.422	1122
127.424	1122
127.437	1122
127.451	1122
127.464	1122
127.465	1122
127.478	1122
127.492	1122
127.494	1122
127.507	1122
127.521	1122
127.523	1122
127.537	1122
127.549	1122
127.551	1122
127.565	1122
127.578	1122
127.589	1122
127.591	1122
127.601	1122
127.61	1122
127.612	1122
127.622	1122
127.631	1122
127.633	1122
127.644	1122
127.654	1122
127.655	1122
127.665	1122
127.674	1088
127.676	1088
127.686	1088
127.698	1088
127.699	1088
127.709	1088
127.72	1088
127.721	1088
127.731	1088
127.742	1088
127.744	1088
127.754	1088
127.763	1088
127.765	1088
127.775	1088
127.785	1088
127.796	1088
127.797	1088
127.808	1088
127.819	1088
127.829	1088
127.839	1088
127.84	1088
127.851	1088
127.862	1088
127.871	1088
127.873	1088
127.874	1088
127.885	1088
127.896	1088
127.898	1088
127.899	1088
127.91	1088
127.92	1088
127.93	1088
127.941	1088
127.942	1088
127.952	1088
127.963	1088
127.964	1088
127.974	1088
127.985	1088
127.987	1088
127.997	1088
128.006	1088
128.008	1088
128.019	1088
128.029	1088
128.039	1088
128.04	1088
128.051	1088
128.061	1088
128.063	1088
128.073	1088
128.084	1088
128.086	1088
128.096	1088
128.107	1088
128.108	1088
128.118	1088
128.129	1088
128.13	1088
128.141	1088
128.15	1088
128.161	1088
128.162	1088
128.173	1088
128.183	1088
128.184	1088
128.196	1088
128.205	1088
128.207	1088
128.218	1088
128.228	1088
128.23	1088
128.24	1088
128.25	1088
128.26	1088
128.27	1088
128.272	1088
128.282	1088
128.292	1088
128.294	1088
128.304	1046
128.315	1046
128.326	1046
128.327	1046
128.338	1046
128.349	1046
128.361	1046
128.372	1046
128.382	1046
128.392	1046
128.394	1046
128.405	1046
128.415	1046
128.417	1046
128.429	1046
128.439	1046
128.45	1046
128.451	1046
128.462	1046
128.473	1046
128.474	1046
128.485	1046
128.496	1046
128.497	1046
128.508	1046
128.519	1046
128.52	1046
128.531	1046
128.543	1046
128.544	1046
128.554	1046
128.565	1046
128.566	1046
128.577	1046
128.588	1046
128.597	1046
128.598	1046
128.606	1046
128.615	1046
128.616	1046
128.625	1046
128.626	1046
128.636	1046
128.644	1046
128.646	1046
128.653	1046
128.662	1046
128.663	1046
128.672	1046
128.68	1046
128.69	1046
128.691	1046
128.699	1046
128.708	1046
128.709	1046
128.717	1046
128.726	1046
128.736	1046
128.737	1046
128.746	1046
128.76	1046
128.762	1046
128.775	1046
128.79	1046
128.804	1046
128.806	1046
128.821	1046
128.835	1046
128.837	1046
128.851	1046
128.866	1046
128.881	1046
128.883	1046
128.897	1046
128.912	1046
128.914	1046
128.915	1046
128.925	1049
128.936	1049
128.948	1049
128.949	1049
128.96	1093
128.97	1093
128.972	1093
128.982	1093
128.991	1093
129.002	1093
129.003	1093
129.013	1093
129.025	1093
129.035	1093
129.036	1093
129.046	1093
129.057	1093
129.059	1093
129.069	1093
129.079	1093
129.081	1093
129.091	1093
129.101	1093
129.103	1093
129.113	1093
129.123	1093
129.133	1093
129.134	1093
129.146	1093
129.156	1093
129.157	1093
129.168	1093
129.178	1093
129.18	1093
129.189	1093
129.19	1093
129.201	1093
129.202	1093
129.213	1093
129.223	1093
129.233	1093
129.235	1093
129.246	1093
129.255	1093
129.267	1093
129.277	1093
129.287	1093
129.289	1093
129.299	1093
129.309	1093
129.319	1093
129.32	1093
129.331	1093
129.341	1093
129.351	1093
129.354	1093
129.355	1093
129.366	1093
129.376	1093
129.377	1093
129.388	1093
129.398	1093
129.4	1093
129.41	1093
129.411	1093
129.422	1093
129.432	1093
129.434	1093
129.444	1093
129.454	1093
129.464	1093
129.465	1093
129.475	1093
129.487	1093
129.497	1093
129.498	1093
129.509	1093
129.518	1093
129.528	1093
129.53	1093
129.54	1093
129.55	1093
129.561	1093
129.562	1093
129.574	1093
129.575	1093
129.585	1093
129.596	1093
129.597	1093
129.608	1093
129.618	1093
129.628	1093
129.63	1093
129.64	1093
129.642	1093
129.652	1093
129.662	1093
129.671	1093
129.682	1093
129.683	1093
129.695	1093
129.705	1093
129.715	1093
129.717	1093
129.727	1093
129.737	1093
129.748	1093
129.749	1093
129.759	1093
129.77	1093
129.771	1093
129.773	1093
129.783	1093
129.793	1093
129.794	1093
129.804	1093
129.815	1093
129.816	1093
129.826	1093
129.837	1093
129.839	1093
129.85	1093
129.859	1093
129.861	1093
129.863	1093
129.873	1093
129.883	1093
129.884	1093
129.895	1093
129.905	1093
129.913	1093
129.914	1093
129.922	1093
129.931	1093
129.94	1093
129.941	1093
129.949	1093
129.958	1093
129.959	1093
129.967	1093
129.975	1093
129.984	1093
129.992	1093
130	1093
130.001	1093
130.01	1093
130.017	1093
130.018	1093
130.027	1093
130.035	1093
130.036	1093
130.044	1093
130.052	1093
130.053	1093
130.063	1093
130.071	1093
130.073	1093
130.087	1093
130.099	1093
130.101	1093
130.103	1093
130.118	1093
130.131	1093
130.133	1093
130.136	1093
130.149	1093
130.163	1093
130.177	1093
130.179	1093
130.192	1093
130.206	1121
130.208	1121
130.222	1121
130.235	1129
130.236	1129
130.246	1129
130.257	1129
130.267	1129
130.268	1129
130.278	1159
130.28	1159
130.29	1159
130.299	1159
130.301	1159
130.31	1159
130.32	1159
130.322	1159
130.33	1159
130.332	1159
130.342	1159
130.351	1159
130.353	1159
130.362	1159
130.372	1159
130.373	1159
130.384	1159
130.394	1159
130.395	1159
130.405	1159
130.415	1159
130.416	1159
130.426	1159
130.436	1159
130.437	1159
130.447	1159
130.457	1159
130.466	1159
130.468	1159
130.476	1159
130.487	1159
130.489	1159
130.498	1159
130.508	1159
130.518	1159
130.519	1159
130.528	1159
130.538	1159
130.547	1159
130.549	1159
130.558	1159
130.568	1159
130.578	1159
130.579	1159
130.589	1159
130.591	1159
130.601	1159
130.611	1159
130.612	1159
130.621	1159
130.631	1159
130.641	1159
130.65	1159
130.66	1159
130.671	1159
130.672	1159
130.681	1159
130.692	1159
130.693	1159
130.702	1159
130.711	1159
130.714	1159
130.724	1159
130.732	1159
130.734	1159
130.744	1159
130.745	1159
130.755	1159
130.764	1159
130.767	1159
130.768	1159
130.778	1159
130.788	1159
130.797	1159
130.799	1159
130.808	1159
130.817	1159
130.827	1159
130.828	1159
130.838	1159
130.849	1159
130.858	1159
130.867	1159
130.878	1159
130.88	1159
130.889	1159
130.898	1159
130.909	1159
130.917	1159
130.919	1159
130.929	1159
130.939	1159
130.941	1159
130.949	1159
130.96	1159
130.962	1159
130.97	1159
130.98	1159
130.99	1159
130.992	1159
131.002	1159
131.011	1159
131.012	1159
131.022	1159
131.032	1159
131.034	1159
131.044	1159
131.053	1159
131.055	1159
131.064	1159
131.074	1159
131.076	1159
131.085	1159
131.094	1159
131.096	1159
131.105	1159
131.115	1159
131.116	1159
131.126	1159
131.136	1159
131.137	1159
131.147	1159
131.157	1159
131.158	1159
131.169	1159
131.179	1159
131.18	1159
131.189	1159
131.19	1159
131.2	1159
131.21	1159
131.22	1159
131.222	1159
131.232	1159
131.241	1159
131.242	1159
131.25	1159
131.257	1159
131.266	1159
131.267	1159
131.275	1159
131.282	1159
131.284	1159
131.291	1159
131.298	1159
131.299	1159
131.308	1159
131.316	1159
131.324	1159
131.325	1159
131.332	1159
131.339	1159
131.34	1159
131.348	1159
131.357	1159
131.358	1159
131.366	1159
131.367	1159
131.375	1159
131.382	1159
131.389	1159
131.391	1159
131.399	1159
131.412	1159
131.414	1159
131.426	1159
131.44	1159
131.442	1159
131.455	1159
131.467	1159
131.48	1159
131.494	1159
131.506	1159
131.519	1159
131.521	1159
131.523	1159
131.537	1159
131.549	1159
131.551	1159
131.563	1159
131.565	1159
131.575	1159
131.576	1159
131.586	1159
131.587	1159
131.598	1159
131.607	1159
131.616	1159
131.627	1159
131.629	1159
131.637	1159
131.647	1159
131.648	1159
131.658	1159
131.668	1159
131.678	1159
131.679	1159
131.69	1159
131.698	1159
131.7	1159
131.711	1159
131.72	1159
131.722	1159
131.73	1159
131.74	1159
131.742	1159
131.751	1159
131.761	1159
131.762	1159
131.773	1159
131.783	1159
131.784	1159
131.793	1159
131.804	1159
131.805	1159
131.815	1159
131.825	1159
131.834	1159
131.835	1159
131.845	1159
131.854	1159
131.856	1159
131.865	1159
131.875	1159
131.885	1159
131.886	1159
131.897	1159
131.907	1159
131.908	1159
131.917	1159
131.927	1159
131.936	1159
131.939	1159
131.949	1159
131.958	1159
131.96	1159
131.969	1159
131.979	1159
131.98	1159
131.989	1159
131.999	1159
132	1159
132.011	1159
132.021	1159
132.022	1159
132.031	1159
132.041	1159
132.042	1159
132.053	1159
132.063	1159
132.064	1159
132.065	1159
132.075	1159
132.084	1159
132.094	1159
132.095	1159
132.096	1159
132.107	1159
132.117	1159
132.118	1159
132.127	1159
132.137	1159
132.138	1159
132.148	1159
132.159	1159
132.16	1159
132.169	1159
132.17	1159
132.18	1159
132.19	1159
132.199	1159
132.201	1159
132.211	1159
132.212	1159
132.222	1159
132.233	1159
132.242	1159
132.243	1159
132.252	1159
132.262	1159
132.264	1159
132.273	1159
132.283	1159
132.284	1159
132.294	1159
132.304	1159
132.306	1159
132.316	1159
132.325	1159
132.326	1159
132.336	1159
132.346	1159
132.347	1159
132.348	1159
132.358	1159
132.369	1159
132.37	1159
132.38	1159
132.389	1159
132.39	1159
132.401	1159
132.411	1159
132.412	1159
132.421	1159
132.43	1159
132.441	1159
132.443	1159
132.451	1159
132.461	1159
132.471	1159
132.472	1159
132.482	1159
132.492	1159
132.501	1159
132.504	1159
132.514	1142
132.522	1142
132.532	1142
132.534	1142
132.545	1142
132.552	1142
132.554	1142
132.562	1142
132.569	1142
132.57	1142
132.577	1142
132.586	1142
132.587	1142
132.595	1142
132.603	1142
132.604	1142
132.611	1142
132.62	1142
132.621	1142
132.628	1142
132.636	1142
132.637	1142
132.646	1142
132.654	1142
132.655	1142
132.663	1142
132.67	1142
132.679	1142
132.68	1142
132.688	1142
132.696	1142
132.697	1142
132.705	1142
132.713	1142
132.714	1142
132.721	1142
132.723	1142
132.737	1142
132.749	1142
132.751	1142
132.764	1142
132.778	1142
132.78	1142
132.792	1142
132.795	1142
132.809	1142
132.809	1142
132.824	1142
132.826	1142
132.839	1142
132.851	1142
132.853	1142
132.866	1142
132.879	1142
132.893	1142
132.895	1142
132.904	1142
132.914	1142
132.923	1142
132.934	1174
132.936	1174
132.944	1183
132.954	1183
132.956	1183
132.966	1183
132.974	1183
132.976	1183
132.986	1183
132.995	1183
133.005	1183
133.007	1183
133.016	1183
133.017	1183
133.026	1183
133.027	1183
133.037	1183
133.046	1183
133.048	1183
133.058	1183
133.067	1183
133.076	1183
133.078	1183
133.087	1183
133.098	1183
133.099	1183
133.109	1183
133.118	1183
133.12	1183
133.129	1183
133.139	1183
133.14	1183
133.149	1183
133.158	1183
133.159	1183
133.169	1183
133.18	1183
133.189	1183
133.19	1183
133.199	1183
133.208	1183
133.21	1183
133.22	1183
133.23	1183
133.231	1183
133.24	1183
133.249	1183
133.26	1183
133.261	1183
133.27	1183
133.279	1183
133.282	1183
133.29	1183
133.301	1183
133.31	1183
133.312	1183
133.321	1183
133.33	1183
133.34	1183
133.35	1183
133.359	1183
133.369	1183
133.378	1183
133.38	1183
133.389	1183
133.399	1183
133.407	1183
133.409	1183
133.41	1183
133.42	1183
133.43	1183
133.431	1183
133.432	1183
133.442	1183
133.451	1183
133.452	1183
133.463	1183
133.472	1183
133.473	1183
133.483	1183
133.492	1183
133.501	1183
133.503	1183
133.512	1183
133.522	1183
133.523	1183
133.534	1183
133.543	1183
133.545	1183
133.553	1183
133.563	1183
133.564	1183
133.575	1183
133.584	1183
133.586	1183
133.595	1183
133.605	1183
133.606	1183
133.615	1183
133.625	1183
133.626	1183
133.635	1183
133.645	1183
133.646	1183
133.656	1183
133.666	1183
133.667	1183
133.676	1183
133.685	1183
133.696	1185
133.697	1185
133.706	1185
133.715	1185
133.717	1185
133.726	1185
133.736	1185
133.745	1185
133.748	1185
133.757	1185
133.766	1185
133.775	1185
133.778	1185
133.786	1185
133.796	1185
133.797	1185
133.807	1185
133.816	1185
133.826	1185
133.827	1185
133.837	1185
133.846	1185
133.847	1185
133.857	1185
133.866	1185
133.869	1185
133.878	1185
133.888	1185
133.889	1185
133.895	1185
133.903	1185
133.904	1185
133.912	1185
133.92	1185
133.922	1185
133.928	1185
133.929	1185
133.938	1185
133.939	1185
133.947	1185
133.954	1185
133.955	1185
133.962	1185
133.971	1185
133.972	1185
133.978	1185
133.987	1185
133.988	1185
133.995	1185
134.002	1185
134.01	1185
134.011	1185
134.013	1185
134.021	1185
134.027	1185
134.028	1185
134.037	1185
134.044	1185
134.045	1185
134.059	1185
134.072	1185
134.074	1185
134.086	1185
134.098	1185
134.111	1185
134.113	1185
134.125	1185
134.138	1185
134.151	1185
134.152	1185
134.166	1185
134.178	1185
134.191	1200
134.192	1200
134.205	1231
134.215	1231
134.216	1231
134.225	1231
134.235	1231
134.236	1231
134.244	1259
134.253	1259
134.262	1259
134.263	1259
134.273	1259
134.282	1259
134.291	1259
134.293	1259
134.301	1259
134.309	1259
134.311	1259
134.32	1259
134.329	1259
134.33	1259
134.339	1259
134.349	1259
134.357	1259
134.366	1259
134.367	1259
134.377	1259
134.385	1259
134.386	1259
134.395	1259
134.404	1259
134.405	1259
134.414	1259
134.424	1259
134.426	1259
134.435	1259
134.444	1259
134.445	1259
134.453	1259
134.462	1259
134.463	1259
134.472	1259
134.481	1259
134.49	1259
134.5	1259
134.501	1259
134.51	1259
134.519	1259
134.52	1259
134.522	1259
134.53	1259
134.539	1259
134.54	1259
134.549	1259
134.558	1259
134.559	1259
134.569	1259
134.578	1259
134.579	1259
134.588	1259
134.596	1259
134.598	1259
134.608	1259
134.616	1259
134.618	1259
134.627	1259
134.636	1259
134.645	1259
134.646	1259
134.655	1259
134.664	1259
134.665	1259
134.674	1259
134.675	1259
134.683	1259
134.693	1259
134.701	1259
134.703	1259
134.712	1259
134.713	1259
134.723	1259
134.724	1259
134.732	1259
134.733	1259
134.742	1259
134.745	1259
134.753	1259
134.762	1259
134.771	1259
134.772	1259
134.782	1259
134.79	1259
134.799	1259
134.8	1259
134.81	1259
134.818	1259
134.819	1259
134.829	1259
134.837	1259
134.838	1259
134.847	1259
134.856	1259
134.858	1259
134.867	1259
134.877	1259
134.878	1259
134.886	1259
134.895	1259
134.896	1259
134.905	1259
134.915	1259
134.916	1259
134.924	1259
134.934	1259
134.942	1259
134.943	1259
134.953	1259
134.955	1259
134.963	1259
134.964	1259
134.974	1259
134.982	1259
134.983	1259
134.992	1259
135.002	1259
135.003	1259
135.012	1259
135.02	1259
135.022	1259
135.031	1259
135.032	1259
135.041	1259
135.05	1259
135.052	1259
135.053	1259
135.061	1259
135.07	1259
135.079	1259
135.089	1259
135.091	1259
135.098	1259
135.283	1259
135.283	1259
135.283	1259
135.283	1259
135.296	1259
135.304	1259
135.306	1259
135.385	1259
135.385	1259
135.395	1259
135.396	1259
135.405	1259
135.414	1259
135.415	1259
135.485	1259
135.493	1259
135.494	1259
135.5	1259
135.507	1259
135.508	1259
135.515	1259
135.522	1259
135.523	1259
135.531	1259
135.538	1259
135.539	1259
135.546	1259
135.553	1259
135.554	1259
135.561	1259
135.568	1259
135.57	1259
135.577	1259
135.584	1259
135.585	1259
135.593	1259
135.605	1259
135.607	1259
135.619	1259
135.63	1259
135.631	1259
135.644	1259
135.655	1259
135.658	1259
135.667	1259
135.676	1259
135.677	1259
135.685	1259
135.694	1259
135.695	1259
135.704	1259
135.714	1259
135.716	1259
135.723	1302
135.732	1302
135.733	1302
135.743	1302
135.752	1302
135.753	1302
135.761	1302
135.77	1302
135.772	1302
135.779	1302
135.788	1302
135.789	1302
135.798	1302
135.806	1302
135.808	1302
135.816	1302
135.826	1302
135.827	1302
135.836	1302
135.845	1302
135.846	1302
135.854	1302
135.863	1302
135.864	1302
135.873	1302
135.881	1302
135.882	1302
135.892	1302
135.899	1302
135.901	1302
135.91	1302
135.918	1302
135.919	1302
135.928	1302
135.936	1302
135.938	1302
135.947	1302
135.955	1302
135.956	1302
135.966	1302
135.974	1302
135.975	1302
135.983	1302
135.992	1302
135.993	1302
136.003	1302
136.011	1302
136.012	1302
136.021	1302
136.03	1302
136.032	1302
136.04	1302
136.048	1302
136.049	1302
136.058	1302
136.067	1302
136.069	1302
136.077	1302
136.086	1302
136.087	1302
136.095	1302
136.104	1302
136.105	1302
136.113	1302
136.122	1302
136.131	1302
136.132	1302
136.144	1302
136.145	1302
136.155	1302
136.156	1302
136.164	1302
136.173	1302
136.183	1302
136.184	1302
136.193	1302
136.201	1302
136.203	1302
136.213	1302
136.221	1302
136.23	1302
136.238	1302
136.24	1302
136.248	1302
136.257	1302
136.267	1302
136.274	1302
136.275	1302
136.285	1302
136.293	1302
136.294	1302
136.301	1302
136.308	1302
136.31	1302
136.319	1302
136.337	1302
136.348	1302
136.354	1302
136.36	1302
136.361	1302
136.368	1302
136.376	1302
136.377	1302
136.384	1302
136.391	1302
136.392	1302
136.399	1302
136.41	1302
136.411	1302
136.424	1302
136.435	1302
136.437	1302
136.449	1302
136.46	1302
136.462	1302
136.473	1302
136.484	1302
136.486	1302
136.498	1302
136.506	1302
136.507	1302
136.516	1302
136.524	1302
136.526	1302
136.534	1302
136.544	1302
136.553	1302
136.554	1302
136.561	1302
136.571	1302
136.572	1302
136.58	1302
136.59	1302
136.591	1302
136.6	1302
136.608	1302
136.61	1302
136.617	1302
136.626	1302
136.628	1302
136.637	1302
136.645	1302
136.647	1302
136.654	1302
136.663	1302
136.665	1302
136.674	1302
136.683	1302
136.69	1302
136.691	1302
136.7	1302
136.71	1302
136.711	1302
136.719	1302
136.727	1302
136.736	1302
136.738	1302
136.747	1302
136.755	1302
136.756	1302
136.764	1302
136.773	1302
136.774	1302
136.783	1302
136.792	1302
136.793	1302
136.802	1302
136.81	1302
136.812	1302
136.82	1302
136.83	1302
136.831	1302
136.84	1302
136.848	1302
136.85	1302
136.858	1302
136.866	1302
136.875	1302
136.876	1302
136.886	1302
136.894	1302
136.895	1302
136.903	1302
136.913	1302
136.921	1302
136.923	1302
136.931	1302
136.939	1302
136.948	1302
136.949	1302
136.958	1302
136.966	1302
136.975	1302
136.976	1302
136.989	1302
136.997	1302
136.998	1302
137.007	1302
137.016	1302
137.017	1302
137.027	1302
137.034	1302
137.036	1302
137.045	1302
137.053	1302
137.054	1302
137.064	1302
137.065	1302
137.074	1302
137.081	1302
137.083	1302
137.092	1302
137.101	1302
137.109	1302
137.11	1302
137.119	1302
137.126	1302
137.127	1302
137.133	1302
137.14	1302
137.141	1302
137.149	1302
137.155	1302
137.156	1302
137.163	1302
137.171	1302
137.178	1302
137.179	1302
137.185	1302
137.199	1302
137.2	1302
137.206	1302
137.213	1302
137.214	1302
137.222	1302
137.233	1302
137.235	1302
137.246	1302
137.258	1302
137.259	1302
137.271	1302
137.284	1302
137.295	1302
137.297	1302
137.299	1302
137.309	1302
137.322	1302
137.323	1302
137.331	1302
137.341	1302
137.342	1302
137.35	1302
137.358	1302
137.359	1302
137.369	1302
137.377	1302
137.378	1302
137.387	1302
137.395	1302
137.397	1302
137.405	1302
137.407	1302
137.415	1302
137.424	1302
137.433	1302
137.435	1302
137.442	1302
137.451	1302
137.452	1302
137.461	1302
137.47	1302
137.471	1302
137.48	1302
137.488	1302
137.489	1302
137.498	1302
137.507	1302
137.508	1302
137.517	1302
137.526	1302
137.528	1302
137.535	1302
137.545	1302
137.553	1302
137.554	1302
137.564	1302
137.572	1302
137.573	1302
137.581	1302
137.59	1302
137.591	1302
137.601	1302
137.609	1302
137.618	1302
137.619	1302
137.621	1302
137.629	1302
137.637	1302
137.645	1302
137.647	1302
137.655	1302
137.664	1302
137.665	1302
137.674	1302
137.684	1302
137.685	1302
137.686	1302
137.694	1302
137.704	1302
137.705	1302
137.712	1302
137.722	1302
137.723	1302
137.731	1302
137.74	1302
137.741	1302
137.75	1302
137.758	1302
137.768	1302
137.769	1302
137.777	1302
137.786	1302
137.794	1302
137.804	1302
137.805	1302
137.813	1302
137.821	1302
137.824	1302
137.831	1302
137.84	1302
137.841	1302
137.851	1302
137.86	1302
137.868	1302
137.877	1302
137.878	1302
137.887	1302
137.894	1302
137.903	1302
137.904	1302
137.913	1302
137.923	1302
137.924	1302
137.932	1302
137.94	1302
137.941	1302
137.95	1302
137.957	1302
137.958	1302
137.965	1302
137.973	1302
137.974	1302
137.981	1302
137.988	1302
137.995	1302
137.996	1302
138.002	1302
138.009	1302
138.01	1302
138.016	1288
138.027	1288
138.028	1288
138.036	1288
138.046	1288
138.047	1288
138.056	1288
138.067	1288
138.069	1288
138.081	1288
138.093	1288
138.104	1288
138.106	1288
138.118	1288
138.13	1288
138.132	1288
138.143	1288
138.154	1288
138.157	1288
138.167	1288
138.177	1288
138.178	1288
138.187	1288
138.195	1294
138.196	1294
138.206	1294
138.214	1294
138.215	1294
138.224	1326
138.233	1326
138.234	1326
138.242	1326
138.25	1326
138.251	1326
138.26	1326
138.269	1326
138.278	1326
138.279	1326
138.287	1326
138.295	1326
138.296	1326
138.305	1326
138.314	1326
138.323	1326
138.324	1326
138.333	1326
138.341	1326
138.342	1326
138.35	1326
138.358	1326
138.36	1326
138.369	1326
138.378	1326
138.379	1326
138.386	1326
138.395	1326
138.396	1326
138.405	1326
138.413	1326
138.422	1326
138.424	1326
138.432	1326
138.44	1326
138.441	1326
138.45	1326
138.458	1326
138.468	1326
138.469	1326
138.477	1326
138.486	1326
138.487	1326
138.496	1326
138.504	1326
138.505	1326
138.514	1326
138.522	1326
138.53	1326
138.531	1326
138.54	1326
138.548	1326
138.549	1326
138.558	1326
138.566	1326
138.569	1326
138.577	1326
138.585	1326
138.593	1326
138.595	1326
138.603	1326
138.612	1326
138.62	1326
138.629	1326
138.631	1326
138.639	1326
138.647	1326
138.648	1326
138.656	1326
138.665	1326
138.666	1326
138.675	1326
138.684	1326
138.685	1326
138.694	1326
138.702	1326
138.704	1326
138.711	1326
138.72	1326
138.721	1326
138.73	1326
138.739	1326
138.74	1326
138.749	1326
138.757	1326
138.766	1326
138.767	1326
138.775	1326
138.783	1326
138.784	1326
138.793	1326
138.799	1326
138.8	1326
138.808	1326
138.814	1326
138.815	1326
138.822	1326
138.829	1326
138.831	1326
138.837	1326
138.844	1326
138.851	1326
138.852	1326
138.858	1326
138.865	1326
138.866	1326
138.873	1326
138.874	1326
138.883	1326
138.884	1326
138.9	1326
138.911	1326
138.922	1326
138.924	1326
138.936	1326
138.948	1326
138.958	1326
138.96	1326
138.972	1326
138.982	1326
138.984	1326
138.995	1326
139.004	1326
139.005	1326
139.013	1326
139.022	1326
139.023	1326
139.032	1326
139.041	1326
139.042	1326
139.051	1326
139.059	1326
139.061	1326
139.069	1326
139.077	1326
139.078	1326
139.087	1326
139.089	1326
139.096	1326
139.097	1326
139.106	1326
139.115	1333
139.117	1333
139.125	1333
139.133	1333
139.134	1333
139.142	1333
139.151	1333
139.152	1333
139.161	1333
139.17	1333
139.171	1333
139.179	1333
139.188	1333
139.188	1333
139.198	1333
139.206	1333
139.207	1333
139.215	1333
139.223	1333
139.225	1333
139.233	1333
139.241	1333
139.251	1333
139.259	1333
139.261	1333
139.269	1333
139.27	1333
139.278	1333
139.286	1333
139.288	1333
139.296	1333
139.305	1333
139.307	1333
139.314	1333
139.322	1333
139.324	1333
139.333	1333
139.341	1333
139.342	1333
139.35	1333
139.359	1333
139.36	1333
139.369	1333
139.378	1333
139.385	1333
139.387	1333
139.395	1333
139.403	1333
139.405	1333
139.413	1333
139.423	1333
139.424	1333
139.432	1333
139.44	1333
139.441	1333
139.449	1333
139.459	1333
139.46	1333
139.467	1333
139.477	1333
139.478	1333
139.486	1333
139.494	1333
139.503	1333
139.512	1333
139.513	1333
139.522	1333
139.529	1333
139.53	1333
139.54	1333
139.548	1333
139.55	1333
139.557	1333
139.565	1333
139.574	1333
139.575	1333
139.584	1333
139.593	1333
139.594	1333
139.602	1333
139.611	1333
139.619	1333
139.62	1333
139.627	1333
139.634	1333
139.635	1333
139.641	1333
139.648	1333
139.649	1333
139.65	1333
139.657	1333
139.663	1333
139.664	1333
139.685	1333
139.69	1333
139.697	1333
139.698	1333
139.706	1333
139.707	1333
139.713	1333
139.72	1333
139.721	1333
139.728	1333
139.739	1333
139.741	1333
139.751	1333
139.764	1333
139.764	1333
139.776	1333
139.788	1333
139.789	1333
139.801	1333
139.812	1333
139.814	1333
139.825	1333
139.835	1333
139.836	1333
139.846	1333
139.854	1333
139.855	1333
139.863	1333
139.871	1333
139.873	1333
139.881	1333
139.89	1333
139.891	1352
139.899	1352
139.908	1352
139.916	1352
139.917	1352
139.926	1352
139.934	1352
139.942	1352
139.943	1352
139.953	1352
139.96	1352
139.961	1352
139.97	1352
139.979	1352
139.989	1352
139.993	1352
140.003	1352
140.014	1352
140.021	1352
140.028	1352
140.036	1352
140.041	1352
140.049	1352
140.057	1352
140.058	1352
140.067	1352
140.076	1352
140.077	1352
140.078	1352
140.091	1352
140.1	1352
140.107	1352
140.108	1352
140.117	1352
140.125	1352
140.126	1352
140.135	1352
140.143	1352
140.151	1352
140.153	1352
140.162	1352
140.169	1352
140.171	1352
140.18	1352
140.187	1352
140.188	1352
140.197	1352
140.206	1352
140.207	1352
140.215	1352
140.223	1352
140.224	1352
140.232	1352
140.241	1352
140.242	1352
140.251	1352
140.253	1352
140.26	1352
140.261	1352
140.269	1352
140.279	1352
140.28	1352
140.288	1352
140.297	1352
140.298	1352
140.306	1352
140.315	1352
140.316	1352
140.324	1352
140.331	1352
140.333	1352
140.342	1352
140.349	1352
140.351	1352
140.36	1352
140.368	1352
140.369	1352
140.377	1352
140.386	1352
140.394	1352
140.402	1352
140.403	1352
140.411	1352
140.42	1352
140.421	1352
140.43	1352
140.439	1352
140.44	1352
140.448	1352
140.455	1352
140.457	1352
140.465	1352
140.472	1352
140.478	1352
140.479	1352
140.486	1352
140.493	1352
140.499	1352
140.5	1352
140.508	1352
140.514	1352
140.515	1352
140.522	1352
140.529	1352
140.535	1352
140.536	1352
140.543	1352
140.549	1352
140.551	1352
140.557	1352
140.566	1352
140.571	1352
140.582	1352
140.593	1352
140.604	1352
140.605	1352
140.616	1352
140.627	1352
140.628	1352
140.639	1352
140.651	1352
140.652	1352
140.664	1352
140.675	1352
140.677	1352
140.684	1352
140.693	1352
140.695	1352
140.702	1352
140.71	1352
140.711	1352
140.72	1352
140.729	1352
140.73	1352
140.739	1352
140.747	1352
140.748	1352
140.756	1352
140.764	1352
140.765	1352
140.773	1367
140.782	1380
140.783	1380
140.792	1380
140.8	1380
140.801	1380
140.81	1380
140.817	1380
140.818	1380
140.826	1380
140.834	1380
140.843	1380
140.845	1380
140.865	1380
140.877	1380
140.88	1380
140.895	1380
140.902	1380
140.911	1380
140.912	1380
140.919	1380
140.927	1380
140.929	1380
140.937	1380
140.946	1380
140.947	1380
140.954	1380
140.963	1380
140.965	1380
140.973	1380
140.981	1380
140.982	1380
140.99	1380
140.997	1380
140.999	1380
141.007	1380
141.015	1380
141.016	1380
141.024	1380
141.033	1380
141.035	1380
141.042	1380
141.05	1380
141.051	1380
141.06	1380
141.069	1380
141.07	1380
141.077	1380
141.085	1380
141.086	1380
141.094	1380
141.104	1380
141.105	1380
141.112	1380
141.12	1380
141.121	1380
141.131	1380
141.139	1380
141.14	1380
141.148	1380
141.156	1380
141.157	1380
141.166	1380
141.174	1380
141.175	1380
141.183	1380
141.191	1380
141.198	1380
141.207	1380
141.208	1380
141.216	1380
141.224	1380
141.225	1380
141.234	1380
141.243	1380
141.245	1380
141.256	1380
141.257	1380
141.265	1380
141.272	1380
141.278	1380
141.287	1380
141.295	1380
141.301	1380
141.306	1380
141.311	1380
141.318	1380
141.329	1380
141.335	1380
141.34	1380
141.355	1380
141.361	1380
141.367	1380
141.368	1380
141.375	1380
141.382	1380
141.382	1380
141.388	1380
141.396	1380
141.397	1380
141.402	1380
141.413	1380
141.415	1380
141.425	1380
141.437	1380
141.439	1380
141.45	1380
141.461	1380
141.461	1380
141.473	1380
141.484	1380
141.486	1380
141.496	1380
141.507	1380
141.508	1380
141.516	1380
141.525	1380
141.527	1380
141.534	1380
141.543	1380
141.544	1380
141.552	1380
141.56	1380
141.562	1380
141.569	1380
141.577	1380
141.578	1380
141.586	1380
141.595	1380
141.597	1380
141.604	1380
141.613	1380
141.62	1380
141.629	1380
141.631	1380
141.639	1380
141.654	1380
141.655	1380
141.663	1380
141.664	1380
141.676	1380
141.686	1380
141.696	1380
141.707	1380
141.714	1380
141.723	1380
141.724	1380
141.731	1380
141.74	1380
141.742	1380
141.75	1380
141.757	1380
141.765	1380
141.766	1380
141.775	1380
141.784	1380
141.785	1380
141.793	1380
141.801	1380
141.809	1380
141.81	1380
141.818	1380
141.826	1380
141.827	1380
141.835	1380
141.843	1380
141.845	1380
141.853	1380
141.862	1380
141.863	1380
141.871	1380
141.879	1380
141.887	1380
141.888	1380
141.896	1380
141.905	1380
141.906	1380
141.913	1380
141.923	1380
141.924	1380
141.932	1380
141.94	1380
141.948	1380
141.95	1380
141.958	1380
141.965	1380
141.966	1380
141.974	1380
141.982	1380
141.984	1380
141.992	1380
142	1380
142.001	1380
142.009	1380
142.018	1380
142.02	1380
142.028	1380
142.035	1380
142.036	1380
142.044	1380
142.053	1380
142.055	1380
142.062	1380
142.07	1380
142.071	1380
142.079	1380
142.088	1380
142.089	1380
142.097	1380
142.105	1380
142.106	1380
142.114	1380
142.124	1380
142.125	1380
142.133	1380
142.14	1380
142.141	1380
142.148	1380
142.15	1380
142.155	1380
142.162	1380
142.163	1380
142.17	1380
142.176	1380
142.177	1380
142.183	1380
142.19	1380
142.191	1380
142.198	1380
142.205	1380
142.208	1380
142.214	1380
142.222	1380
142.226	1380
142.233	1380
142.248	1380
142.249	1380
142.259	1380
142.261	1380
142.273	1380
142.282	1380
142.284	1380
142.295	1380
142.306	1380
142.307	1380
142.318	1380
142.329	1380
142.331	1380
142.342	1380
142.353	1380
142.354	1380
142.365	1380
142.366	1380
142.374	1380
142.383	1380
142.384	1380
142.393	1380
142.4	1380
142.408	1380
142.416	1380
142.418	1380
142.426	1380
142.427	1380
142.435	1380
142.436	1380
142.445	1380
142.446	1380
142.454	1380
142.462	1380
142.463	1380
142.472	1380
142.481	1380
142.482	1380
142.489	1380
142.497	1380
142.498	1380
142.508	1380
142.516	1380
142.517	1380
142.525	1380
142.533	1380
142.533	1380
142.542	1380
142.55	1380
142.551	1380
142.559	1380
142.567	1380
142.576	1380
142.578	1380
142.585	1380
142.594	1380
142.595	1380
142.602	1380
142.611	1380
142.619	1380
142.62	1380
142.629	1380
142.637	1380
142.638	1380
142.646	1380
142.655	1380
142.656	1380
142.656	1380
142.665	1380
142.672	1380
142.674	1380
142.683	1380
142.69	1380
142.691	1380
142.7	1380
142.709	1380
142.71	1380
142.711	1380
142.718	1380
142.727	1380
142.728	1380
142.736	1380
142.745	1380
142.746	1380
142.754	1380
142.762	1380
142.77	1380
142.771	1380
142.78	1380
142.787	1380
142.788	1380
142.796	1380
142.806	1380
142.813	1380
142.821	1380
142.822	1380
142.83	1380
142.838	1380
142.84	1380
142.849	1380
142.856	1380
142.857	1380
142.865	1380
142.873	1380
142.883	1380
142.884	1380
142.891	1380
142.899	1380
142.9	1380
142.909	1380
142.917	1380
142.925	1380
142.933	1380
142.941	1380
142.942	1380
142.952	1380
142.96	1380
142.96	1380
142.968	1380
142.976	1380
142.977	1380
142.987	1380
142.995	1380
143.002	1380
143.003	1380
143.01	1380
143.017	1380
143.018	1380
143.023	1380
143.031	1380
143.032	1380
143.039	1380
143.044	1380
143.045	1380
143.053	1380
143.059	1380
143.06	1380
143.066	1380
143.067	1380
143.073	1380
143.081	1380
143.082	1380
143.088	1380
143.094	1380
143.095	1380
143.103	1380
143.113	1380
143.115	1380
143.126	1380
143.136	1380
143.139	1380
143.15	1380
143.16	1380
143.162	1380
143.174	1380
143.184	1380
143.185	1380
143.196	1380
143.207	1380
143.209	1380
143.217	1380
143.226	1380
143.233	1380
143.241	1380
143.242	1380
143.252	1380
143.26	1330
143.268	1330
143.27	1330
143.277	1330
143.285	1330
143.287	1330
143.295	1330
143.304	1330
143.313	1330
143.321	1330
143.322	1330
143.33	1330
143.339	1330
143.34	1330
143.35	1330
143.351	1330
143.359	1330
143.36	1330
143.368	1330
143.377	1330
143.379	1330
143.386	1330
143.395	1330
143.397	1330
143.405	1330
143.413	1330
143.421	1330
143.423	1330
143.431	1330
143.439	1330
143.441	1330
143.449	1330
143.458	1330
143.459	1330
143.467	1330
143.476	1330
143.477	1330
143.487	1330
143.495	1330
143.496	1330
143.504	1330
143.512	1330
143.521	1330
143.522	1330
143.531	1330
143.54	1330
143.541	1330
143.549	1330
143.557	1330
143.558	1330
143.568	1330
143.576	1330
143.585	1330
143.586	1330
143.594	1330
143.602	1330
143.603	1330
143.612	1330
143.621	1330
143.622	1330
143.631	1330
143.639	1330
143.647	1330
143.649	1330
143.657	1330
143.666	1330
143.667	1330
143.676	1330
143.684	1330
143.685	1330
143.693	1330
143.701	1330
143.702	1330
143.717	1330
143.725	1330
143.733	1330
143.743	1330
143.744	1330
143.752	1330
143.753	1330
143.762	1330
143.771	1330
143.772	1330
143.781	1330
143.789	1330
143.79	1330
143.799	1330
143.808	1330
143.816	1330
143.823	1330
143.832	1330
143.833	1330
143.842	1330
143.848	1330
143.855	1330
143.863	1330
143.864	1330
143.87	1330
143.877	1330
143.878	1330
143.884	1330
143.892	1330
143.893	1330
143.9	1330
143.906	1330
143.907	1330
143.913	1330
143.92	1330
143.93	1330
143.939	1330
143.949	1330
143.951	1330
143.962	1330
143.974	1330
143.975	1330
143.987	1330
143.997	1330
143.999	1330
144.01	1330
144.023	1330
144.024	1330
144.034	1330
144.047	1330
144.048	1330
144.055	1330
144.064	1330
144.073	1330
144.074	1330
144.082	1330
144.091	1330
144.099	1330
144.1	1330
144.109	1330
144.118	1330
144.119	1330
144.127	1330
144.135	1330
144.137	1330
144.146	1330
144.155	1330
144.163	1330
144.164	1330
144.173	1330
144.18	1330
144.182	1330
144.19	1330
144.199	1330
144.2	1330
144.209	1330
144.217	1330
144.218	1330
144.226	1330
144.236	1330
144.237	1330
144.246	1330
144.254	1330
144.262	1330
144.271	1330
144.271	1330
144.281	1330
144.288	1330
144.297	1330
144.298	1330
144.307	1330
144.315	1330
144.316	1330
144.326	1330
144.334	1330
144.335	1330
144.343	1330
144.351	1330
144.352	1330
144.362	1330
144.37	1330
144.372	1330
144.38	1330
144.388	1330
144.397	1330
144.398	1330
144.407	1330
144.415	1330
144.417	1330
144.424	1330
144.425	1330
144.435	1330
144.442	1330
144.443	1330
144.452	1330
144.453	1330
144.463	1330
144.47	1330
144.471	1330
144.48	1330
144.489	1330
144.491	1330
144.499	1330
144.508	1261
144.508	1261
144.518	1261
144.536	1261
144.545	1261
144.554	1261
144.556	1261
144.564	1261
144.574	1261
144.583	1261
144.584	1261
144.585	1261
144.593	1261
144.602	1261
144.603	1261
144.613	1261
144.621	1261
144.622	1261
144.632	1261
144.64	1261
144.642	1261
144.651	1261
144.66	1261
144.668	1261
144.67	1261
144.671	1261
144.68	1261
144.689	1261
144.699	1261
144.706	1261
144.707	1261
144.708	1261
144.715	1261
144.722	1261
144.724	1261
144.731	1261
144.738	1261
144.739	1261
144.746	1261
144.753	1261
144.754	1261
144.76	1261
144.77	1261
144.771	1261
144.78	1261
144.793	1261
144.794	1261
144.805	1261
144.818	1261
144.82	1261
144.832	1261
144.844	1261
144.845	1261
144.856	1261
144.868	1261
144.88	1261
144.882	1261
144.894	1261
144.907	1261
144.908	1261
144.917	1261
144.918	1261
144.927	1261
144.928	1261
144.936	1261
144.946	1261
144.947	1261
144.956	1261
144.965	1261
144.967	1261
144.968	1261
144.976	1261
144.986	1261
144.995	1261
144.996	1261
145.004	1261
145.013	1261
145.014	1261
145.024	1261
145.033	1261
145.035	1261
145.044	1261
145.052	1261
145.054	1261
145.062	1261
145.071	1261
145.072	1261
145.081	1261
145.09	1261
145.1	1261
145.101	1261
145.109	1261
145.118	1261
145.119	1261
145.129	1261
145.138	1261
145.146	1261
145.155	1261
145.157	1261
145.165	1261
145.175	1261
145.176	1261
145.184	1261
145.193	1261
145.195	1261
145.204	1261
145.212	1261
145.214	1261
145.223	1261
145.232	1261
145.233	1261
145.243	1261
145.251	1261
145.252	1261
145.262	1261
145.271	1261
145.272	1261
145.28	1261
145.29	1261
145.298	1261
145.299	1261
145.309	1261
145.317	1261
145.319	1261
145.327	1261
145.336	1261
145.346	1261
145.348	1261
145.356	1261
145.366	1261
145.367	1261
145.375	1261
145.385	1261
145.386	1261
145.395	1261
145.404	1261
145.405	1261
145.414	1261
145.422	1261
145.432	1261
145.433	1261
145.442	1261
145.45	1261
145.451	1261
145.46	1261
145.462	1261
145.471	1261
145.473	1261
145.481	1261
145.653	1249
145.653	1249
145.663	1249
145.673	1249
145.682	1249
145.756	1249
145.764	1249
145.766	1249
145.767	1249
145.776	1249
145.784	1249
145.786	1249
145.86	1249
145.869	1249
145.87	1249
145.879	1249
145.889	1249
145.89	1249
145.899	1249
145.908	1249
145.91	1249
145.919	1249
145.928	1249
145.929	1249
145.938	1249
145.947	1249
145.948	1249
145.957	1249
145.965	1249
145.966	1249
145.975	1249
145.982	1249
145.983	1249
145.989	1249
145.996	1249
145.997	1249
146.005	1249
146.012	1249
146.013	1249
146.02	1249
146.027	1249
146.028	1249
146.035	1249
146.043	1249
146.044	1249
146.052	1249
146.058	1249
146.059	1249
146.067	1249
146.079	1249
146.081	1249
146.092	1249
146.105	1281
146.107	1281
146.118	1281
146.13	1281
146.132	1281
146.144	1281
146.156	1292
146.156	1292
146.168	1292
146.177	1310
146.178	1310
146.187	1310
146.195	1310
146.196	1310
146.206	1310
146.214	1310
146.215	1310
146.223	1310
146.233	1310
146.234	1310
146.243	1310
146.252	1310
146.253	1310
146.26	1310
146.269	1310
146.27	1310
146.279	1310
146.288	1310
146.29	1310
146.298	1310
146.307	1310
146.308	1310
146.317	1310
146.324	1310
146.326	1310
146.335	1310
146.344	1310
146.345	1310
146.354	1310
146.362	1310
146.364	1310
146.372	1310
146.38	1310
146.381	1310
146.39	1310
146.398	1310
146.4	1310
146.409	1310
146.417	1310
146.418	1310
146.428	1310
146.436	1310
146.437	1310
146.446	1310
146.455	1310
146.456	1310
146.465	1310
146.472	1310
146.473	1310
146.482	1310
146.491	1310
146.492	1310
146.5	1310
146.509	1310
146.51	1310
146.519	1310
146.528	1310
146.529	1310
146.537	1310
146.546	1310
146.547	1310
146.557	1310
146.565	1310
146.567	1310
146.574	1310
146.583	1310
146.585	1310
146.593	1310
146.602	1310
146.603	1310
146.612	1310
146.62	1310
146.621	1310
146.631	1310
146.639	1310
146.64	1310
146.648	1310
146.658	1310
146.659	1310
146.667	1310
146.676	1310
146.678	1310
146.686	1310
146.695	1310
146.696	1310
146.705	1310
146.712	1310
146.713	1310
146.722	1310
146.732	1310
146.733	1310
146.741	1310
146.749	1310
146.759	1310
146.76	1310
146.768	1310
146.776	1310
146.785	1310
146.787	1310
146.795	1310
146.804	1310
146.806	1310
146.813	1310
146.82	1310
146.822	1310
146.831	1310
146.839	1310
146.849	1310
146.855	1310
146.857	1310
146.866	1310
146.875	1310
146.886	1310
146.892	1310
146.9	1310
146.91	1310
146.915	1310
146.916	1310
146.93	1310
146.942	1310
146.953	1310
146.955	1310
146.966	1310
146.977	1310
146.99	1310
146.991	1310
147.002	1310
147.013	1310
147.016	1310
147.027	1310
147.038	1310
147.039	1310
147.048	1310
147.056	1310
147.065	1310
147.066	1310
147.067	1310
147.077	1310
147.085	1310
147.086	1310
147.095	1310
147.104	1310
147.105	1310
147.114	1310
147.122	1310
147.123	1310
147.131	1310
147.14	1310
147.141	1310
147.15	1310
147.159	1310
147.16	1310
147.169	1310
147.178	1310
147.179	1310
147.188	1310
147.195	1310
147.205	1310
147.206	1310
147.215	1310
147.224	1310
147.225	1310
147.233	1310
147.242	1310
147.242	1310
147.251	1310
147.259	1310
147.261	1310
147.27	1310
147.278	1310
147.287	1310
147.295	1310
147.298	1310
147.306	1310
147.314	1310
147.322	1310
147.324	1310
147.332	1310
147.341	1310
147.342	1310
147.352	1310
147.359	1310
147.362	1310
147.369	1310
147.378	1310
147.38	1310
147.389	1310
147.397	1310
147.399	1310
147.406	1310
147.415	1310
147.416	1310
147.425	1310
147.434	1310
147.435	1310
147.443	1310
147.453	1310
147.454	1310
147.462	1310
147.47	1310
147.471	1310
147.481	1310
147.49	1310
147.491	1310
147.499	1310
147.508	1310
147.509	1310
147.517	1310
147.526	1310
147.527	1310
147.536	1310
147.538	1310
147.546	1310
147.548	1310
147.555	1310
147.564	1310
147.565	1310
147.574	1310
147.582	1310
147.583	1310
147.593	1310
147.602	1310
147.603	1310
147.611	1310
147.619	1310
147.62	1310
147.629	1310
147.639	1310
147.639	1310
147.647	1310
147.657	1310
147.658	1310
147.664	1310
147.672	1310
147.673	1310
147.69	1310
147.697	1310
147.704	1310
147.712	1310
147.714	1310
147.723	1310
147.731	1310
147.733	1310
147.751	1310
147.752	1310
147.764	1310
147.776	1310
147.788	1310
147.789	1310
147.801	1310
147.811	1310
147.813	1310
147.825	1310
147.837	1310
147.839	1310
147.849	1310
147.861	1310
147.869	1310
147.87	1310
147.879	1310
147.888	1310
147.889	1310
147.898	1310
147.907	1310
147.916	1310
147.916	1310
147.925	1310
147.934	1310
147.935	1310
147.944	1310
147.953	1310
147.954	1310
147.961	1310
147.97	1310
147.971	1310
147.98	1310
147.989	1310
147.99	1310
147.998	1310
148.007	1310
148.009	1310
148.017	1310
148.025	1310
148.027	1310
148.035	1310
148.044	1310
148.045	1310
148.054	1310
148.062	1310
148.064	1310
148.073	1310
148.081	1310
148.09	1310
148.091	1310
148.1	1310
148.109	1310
148.11	1310
148.119	1310
148.127	1310
148.128	1310
148.136	1310
148.145	1310
148.154	1310
148.162	1310
148.163	1310
148.165	1310
148.174	1310
148.182	1310
148.183	1310
148.192	1310
148.2	1310
148.203	1310
148.211	1310
148.22	1310
148.228	1310
148.23	1310
148.238	1310
148.246	1310
148.247	1310
148.256	1310
148.265	1310
148.266	1310
148.275	1310
148.284	1310
148.285	1310
148.294	1310
148.302	1310
148.304	1310
148.311	1310
148.32	1310
148.321	1310
148.33	1310
148.338	1310
148.34	1310
148.348	1310
148.358	1310
148.366	1310
148.368	1310
148.375	1310
148.384	1303
148.393	1303
148.395	1303
148.402	1303
148.411	1303
148.413	1303
148.421	1303
148.43	1303
148.431	1303
148.44	1303
148.449	1303
148.457	1303
148.458	1303
148.467	1303
148.475	1303
148.485	1303
148.494	1303
148.494	1303
148.501	1303
148.509	1303
148.516	1303
148.517	1303
148.523	1303
148.53	1303
148.531	1303
148.537	1303
148.555	1303
148.556	1303
148.562	1303
148.569	1303
148.57	1303
148.578	1303
148.584	1303
148.585	1303
148.592	1303
148.6	1303
148.602	1303
148.604	1303
148.614	1303
148.627	1303
148.628	1303
148.639	1303
148.651	1303
148.653	1303
148.665	1303
148.676	1303
148.678	1303
148.689	1303
148.701	1303
148.702	1303
148.713	1303
148.723	1303
148.724	1303
148.732	1303
148.74	1303
148.75	1303
148.751	1303
148.759	1303
148.767	1303
148.77	1303
148.778	1303
148.786	1303
148.787	1303
148.797	1303
148.805	1303
148.813	1303
148.822	1303
148.831	1303
148.84	1303
148.841	1303
148.849	1303
148.858	1303
148.859	1303
148.869	1303
148.876	1303
148.886	1303
148.887	1303
148.895	1303
148.904	1303
148.906	1303
148.914	1303
148.922	1303
148.923	1303
148.932	1303
148.941	1303
148.942	1303
148.95	1303
148.959	1303
148.96	1303
148.969	1303
148.979	1303
148.98	1303
148.988	1303
148.996	1303
148.999	1303
149.007	1303
149.015	1303
149.016	1303
149.026	1303
149.034	1303
149.036	1303
149.043	1303
149.053	1303
149.054	1303
149.062	1303
149.071	1303
149.073	1303
149.081	1303
149.09	1303
149.091	1303
149.1	1303
149.109	1303
149.11	1303
149.119	1303
149.127	1303
149.128	1303
149.136	1303
149.145	1303
149.146	1303
149.155	1303
149.164	1303
149.173	1303
149.174	1303
149.183	1303
149.19	1303
149.193	1303
149.2	1303
149.21	1303
149.218	1303
149.227	1303
149.229	1303
149.236	1303
149.245	1303
149.246	1303
149.255	1303
149.263	1303
149.266	1303
149.273	1303
149.283	1303
149.284	1303
149.292	1303
149.302	1303
149.31	1303
149.311	1303
149.32	1303
149.329	1303
149.33	1303
149.339	1303
149.346	1303
149.347	1303
149.354	1303
149.359	1303
149.366	1303
149.367	1303
149.375	1303
149.381	1303
149.382	1303
149.39	1303
149.399	1303
149.4	1303
149.408	1303
149.418	1303
149.419	1303
149.43	1303
149.441	1303
149.452	1303
149.464	1303
149.465	1303
149.477	1303
149.489	1303
149.49	1303
149.503	1303
149.514	1303
149.516	1303
149.526	1303
149.528	1303
149.54	1303
149.541	1303
149.554	1303
149.562	1303
149.563	1303
149.571	1303
149.581	1303
149.582	1303
149.59	1303
149.598	1303
149.607	1303
149.608	1303
149.617	1303
149.626	1303
149.627	1303
149.637	1303
149.638	1303
149.646	1303
149.654	1303
149.655	1303
149.665	1303
149.674	1303
149.675	1303
149.684	1303
149.691	1303
149.7	1303
149.701	1303
149.71	1303
149.719	1303
149.72	1303
149.729	1303
149.731	1303
149.738	1303
149.748	1303
149.749	1303
149.758	1303
149.767	1303
149.768	1303
149.777	1303
149.785	1303
149.786	1303
149.794	1303
149.804	1303
149.811	1303
149.813	1303
149.822	1303
149.831	1303
149.832	1303
149.841	1303
149.848	1303
149.851	1303
149.859	1303
149.861	1303
149.869	1303
149.877	1303
149.878	1303
149.888	1303
149.896	1303
149.897	1303
149.907	1303
149.915	1303
149.915	1303
149.925	1303
149.934	1303
149.935	1303
149.944	1303
149.952	1303
149.954	1303
149.961	1303
149.97	1303
149.971	1303
149.98	1259
149.99	1259
149.99	1259
150	1259
150.012	1259
150.02	1259
150.022	1259
150.03	1259
150.039	1259
150.04	1259
150.049	1259
150.059	1259
150.06	1259
150.069	1259
150.078	1262
150.079	1262
150.088	1262
150.096	1262
150.098	1262
150.107	1262
150.109	1262
150.118	1262
150.127	1262
150.135	1262
150.136	1262
150.145	1262
150.154	1262
150.155	1262
150.165	1262
150.173	1262
150.174	1262
150.183	1262
150.193	1262
150.193	1262
150.201	1262
150.208	1262
150.215	1262
150.216	1262
150.223	1262
150.231	1262
150.232	1262
150.239	1262
150.247	1262
150.249	1262
150.259	1262
150.267	1262
150.279	1262
150.285	1262
150.292	1262
150.3	1262
150.301	1262
150.307	1262
150.319	1262
150.321	1262
150.334	1262
150.346	1262
150.356	1262
150.368	1262
150.381	1262
150.392	1262
150.404	1262
150.406	1262
150.419	1262
150.428	1262
150.436	1262
150.445	1262
150.446	1262
150.456	1262
150.465	1262
150.466	1262
150.474	1262
150.483	1262
150.484	1262
150.493	1262
150.502	1262
150.503	1262
150.513	1262
150.522	1262
150.523	1262
150.532	1262
150.54	1262
150.542	1262
150.551	1262
150.56	1262
150.561	1262
150.57	1262
150.579	1262
150.58	1262
150.589	1262
150.599	1262
150.6	1262
150.608	1262
150.617	1262
150.618	1262
150.628	1262
150.637	1262
150.639	1262
150.646	1262
150.656	1262
150.658	1262
150.673	1262
150.682	1262
150.69	1262
150.7	1262
150.708	1262
150.71	1262
150.719	1262
150.728	1262
150.73	1262
150.738	1262
150.747	1262
150.748	1262
150.757	1262
150.761	1262
150.769	1262
150.778	1262
150.787	1262
150.789	1262
150.798	1262
150.806	1262
150.808	1262
150.816	1262
150.826	1262
150.827	1262
150.835	1262
150.844	1262
150.845	1262
150.854	1262
150.863	1262
150.864	1262
150.874	1262
150.883	1262
150.884	1262
150.892	1262
150.902	1262
150.904	1262
150.912	1262
150.92	1262
150.922	1262
150.932	1262
150.941	1262
150.942	1262
150.95	1262
150.959	1262
150.96	1262
150.969	1262
150.978	1262
150.979	1262
150.988	1262
150.998	1262
150.999	1262
151.008	1262
151.016	1262
151.018	1262
151.027	1262
151.036	1262
151.044	1262
151.045	1262
151.052	1262
151.06	1262
151.061	1262
151.068	1262
151.075	1262
151.076	1262
151.083	1262
151.09	1262
151.092	1262
151.099	1262
151.107	1262
151.109	1262
151.119	1262
151.127	1262
151.132	1262
151.142	1262
151.153	1262
151.155	1262
151.167	1262
151.179	1262
151.181	1262
151.192	1262
151.203	1262
151.215	1262
151.227	1262
151.229	1262
151.241	1262
151.253	1262
151.254	1262
151.263	1262
151.272	1262
151.282	1262
151.291	1262
151.292	1262
151.301	1262
151.309	1262
151.31	1262
151.319	1262
151.329	1262
151.331	1262
151.339	1262
151.34	1262
151.349	1262
151.35	1262
151.36	1262
151.369	1262
151.37	1262
151.378	1262
151.388	1262
151.388	1262
151.397	1262
151.406	1262
151.408	1262
151.417	1262
151.425	1262
151.427	1262
151.436	1262
151.445	1262
151.446	1262
151.455	1262
151.464	1262
151.474	1262
151.475	1262
151.483	1262
151.492	1262
151.493	1262
151.502	1262
151.512	1262
151.513	1262
151.522	1262
151.531	1262
151.532	1262
151.541	1262
151.55	1262
151.559	1262
151.56	1262
151.57	1262
151.578	1262
151.58	1262
151.589	1262
151.598	1262
151.599	1262
151.607	1262
151.617	1262
151.618	1262
151.626	1262
151.635	1262
151.637	1262
151.646	1262
151.655	1262
151.656	1262
151.664	1262
151.674	1262
151.676	1262
151.685	1262
151.692	1262
151.694	1262
151.704	1262
151.713	1262
151.722	1262
151.723	1262
151.732	1262
151.74	1262
151.749	1262
151.75	1262
151.759	1262
151.768	1262
151.769	1262
151.778	1262
151.779	1262
151.789	1262
151.791	1262
151.8	1262
151.807	1262
151.809	1262
151.819	1262
151.828	1262
151.837	1262
151.838	1262
151.847	1262
151.848	1262
151.856	1262
151.857	1262
151.866	1262
151.875	1262
151.882	1262
151.883	1262
151.884	1262
151.892	1262
151.9	1262
151.901	1262
151.908	1262
151.915	1262
151.916	1262
151.923	1262
151.929	1262
151.93	1262
151.94	1262
151.954	1262
151.964	1262
151.971	1262
151.972	1262
151.979	1262
151.991	1262
151.993	1262
151.994	1262
152.005	1262
152.017	1262
152.019	1262
152.021	1262
152.034	1262
152.045	1262
152.047	1262
152.058	1262
152.06	1262
152.072	1262
152.085	1262
152.086	1262
152.094	1262
152.103	1262
152.112	1262
152.113	1262
152.123	1262
152.132	1262
152.133	1262
152.135	1262
152.143	1262
152.152	1262
152.153	1262
152.162	1262
152.172	1262
152.172	1262
152.182	1262
152.191	1262
152.192	1262
152.201	1262
152.21	1262
152.211	1262
152.22	1262
152.229	1262
152.23	1262
152.239	1262
152.248	1262
152.256	1262
152.257	1262
152.266	1262
152.276	1262
152.278	1262
152.287	1262
152.295	1262
152.297	1262
152.306	1262
152.314	1262
152.315	1262
152.324	1262
152.333	1262
152.334	1262
152.344	1262
152.353	1262
152.354	1262
152.362	1262
152.372	1262
152.373	1262
152.381	1262
152.391	1262
152.393	1262
152.401	1262
152.41	1262
152.412	1262
152.421	1262
152.43	1262
152.431	1262
152.439	1262
152.448	1262
152.449	1262
152.459	1262
152.467	1262
152.468	1262
152.477	1262
152.487	1262
152.488	1262
152.497	1262
152.506	1235
152.508	1235
152.517	1235
152.526	1235
152.536	1235
152.544	1235
152.554	1235
152.555	1235
152.564	1235
152.572	1235
152.582	1235
152.584	1235
152.593	1235
152.601	1235
152.602	1235
152.613	1235
152.622	1235
152.623	1235
152.632	1235
152.641	1235
152.643	1235
152.652	1235
152.66	1235
152.662	1235
152.671	1235
152.68	1235
152.689	1235
152.69	1235
152.7	1235
152.708	1235
152.711	1235
152.718	1235
152.725	1235
152.726	1235
152.734	1235
152.74	1235
152.741	1235
152.749	1235
152.757	1235
152.758	1235
152.765	1235
152.772	1235
152.777	1235
152.784	1235
152.795	1235
152.796	1235
152.802	1235
152.809	1235
152.81	1235
152.819	1235
152.83	1235
152.832	1235
152.844	1235
152.856	1235
152.858	1235
152.871	1235
152.882	1235
152.884	1235
152.897	1235
152.909	1235
152.911	1235
152.922	1235
152.932	1235
152.94	1235
152.942	1235
152.952	1235
152.961	1235
152.969	1235
152.978	1235
152.979	1235
152.989	1235
152.998	1235
152.999	1235
153.009	1235
153.017	1235
153.02	1235
153.029	1235
153.037	1235
153.046	1235
153.047	1235
153.057	1235
153.066	1235
153.068	1235
153.076	1235
153.085	1235
153.095	1235
153.097	1235
153.106	1235
153.114	1235
153.115	1235
153.124	1235
153.133	1235
153.142	1235
153.144	1235
153.153	1235
153.162	1235
153.163	1235
153.173	1235
153.182	1235
153.183	1235
153.193	1235
153.201	1235
153.204	1235
153.212	1235
153.222	1235
153.222	1235
153.231	1235
153.241	1235
153.243	1235
153.251	1235
153.26	1235
153.261	1235
153.27	1235
153.28	1235
153.282	1235
153.291	1235
153.3	1235
153.301	1235
153.31	1235
153.32	1235
153.321	1235
153.33	1235
153.339	1235
153.341	1235
153.35	1235
153.359	1244
153.36	1244
153.369	1244
153.378	1244
153.38	1244
153.389	1244
153.398	1244
153.399	1244
153.408	1244
153.417	1244
153.426	1244
153.427	1244
153.436	1244
153.446	1244
153.447	1244
153.455	1244
153.465	1244
153.466	1244
153.474	1244
153.484	1244
153.485	1244
153.494	1244
153.504	1244
153.513	1244
153.514	1244
153.522	1244
153.531	1244
153.534	1244
153.542	1244
153.551	1244
153.552	1244
153.562	1244
153.57	1244
153.571	1244
153.577	1244
153.584	1244
153.585	1244
153.596	1244
153.603	1244
153.606	1244
153.613	1244
153.62	1244
153.621	1244
153.628	1244
153.635	1244
153.642	1244
153.643	1244
153.65	1244
153.657	1244
153.658	1244
153.667	1244
153.678	1244
153.691	1244
153.692	1244
153.704	1244
153.717	1244
153.718	1244
153.731	1244
153.742	1244
153.743	1244
153.756	1244
153.769	1244
153.77	1244
153.778	1244
153.787	1244
153.788	1244
153.797	1244
153.808	1244
153.809	1244
153.818	1244
153.827	1244
153.835	1244
153.837	1253
153.845	1253
153.854	1253
153.856	1253
153.865	1253
153.874	1253
153.875	1253
153.884	1278
153.893	1278
153.903	1278
153.904	1278
153.912	1278
153.921	1278
153.922	1278
153.931	1278
153.939	1278
153.941	1278
153.95	1278
153.958	1278
153.96	1278
153.968	1278
153.977	1278
153.979	1278
153.988	1278
153.997	1278
153.998	1278
154.007	1278
154.015	1278
154.024	1278
154.025	1278
154.035	1278
154.044	1278
154.053	1278
154.054	1278
154.062	1278
154.071	1278
154.072	1278
154.082	1278
154.09	1278
154.091	1278
154.101	1278
154.109	1278
154.111	1278
154.119	1278
154.128	1278
154.13	1278
154.137	1278
154.147	1278
154.149	1278
154.157	1278
154.165	1278
154.166	1278
154.176	1278
154.184	1278
154.185	1278
154.194	1278
154.204	1278
154.213	1278
154.213	1278
154.222	1278
154.232	1278
154.24	1278
154.248	1278
154.251	1278
154.259	1278
154.267	1278
154.277	1278
154.278	1278
154.286	1278
154.295	1278
154.296	1278
154.306	1278
154.314	1278
154.315	1278
154.325	1278
154.333	1278
154.334	1278
154.343	1278
154.353	1278
154.354	1278
154.362	1278
154.371	1278
154.372	1278
154.382	1278
154.39	1278
154.391	1278
154.4	1278
154.409	1278
154.41	1278
154.418	1278
154.425	1278
154.426	1278
154.433	1278
154.439	1278
154.446	1278
154.447	1278
154.455	1278
154.462	1278
154.463	1278
154.469	1278
154.477	1278
154.478	1278
154.491	1278
154.498	1278
154.504	1278
154.505	1278
154.513	1278
154.524	1278
154.526	1278
154.538	1278
154.55	1278
154.551	1278
154.563	1278
154.565	1278
154.577	1278
154.578	1278
154.589	1278
154.602	1278
154.613	1278
154.614	1278
154.624	1278
154.632	1278
154.633	1278
154.642	1278
154.65	1278
154.66	1278
154.669	1278
154.67	1278
154.678	1278
154.688	1278
154.696	1278
154.705	1278
154.706	1278
154.716	1278
154.725	1278
154.726	1278
154.734	1278
154.742	1278
154.744	1278
154.753	1278
154.762	1278
154.771	1278
154.773	1278
154.781	1278
154.79	1278
154.791	1278
154.8	1278
154.808	1278
154.809	1278
154.819	1278
154.828	1278
154.829	1278
154.838	1278
154.847	1278
154.848	1278
154.856	1278
154.865	1278
154.866	1278
154.876	1278
154.884	1278
154.885	1278
154.895	1278
154.904	1278
154.905	1278
154.914	1278
154.923	1278
154.924	1278
154.933	1278
154.941	1278
154.943	1278
154.951	1278
154.959	1278
154.961	1278
154.969	1278
154.979	1278
154.981	1278
154.989	1278
154.998	1278
155.006	1278
155.007	1278
155.016	1278
155.026	1278
155.034	1278
155.035	1278
155.036	1278
155.046	1278
155.055	1278
155.056	1278
155.064	1278
155.073	1278
155.074	1278
155.084	1278
155.093	1278
155.102	1278
155.103	1278
155.111	1278
155.121	1278
155.122	1278
155.131	1278
155.139	1278
155.14	1278
155.149	1278
155.15	1278
155.159	1278
155.16	1278
155.169	1278
155.178	1278
155.179	1278
155.189	1278
155.201	1278
155.21	1278
155.211	1278
155.219	1278
155.228	1278
155.23	1278
155.238	1278
155.247	1278
155.248	1278
155.257	1278
155.264	1278
155.271	1278
155.272	1278
155.279	1278
155.287	1278
155.289	1278
155.296	1278
155.303	1278
155.309	1278
155.31	1278
155.318	1278
155.325	1278
155.332	1278
155.333	1278
155.34	1278
155.346	1278
155.347	1278
155.357	1278
155.368	1278
155.38	1278
155.382	1278
155.393	1278
155.406	1278
155.408	1278
155.419	1278
155.43	1278
155.432	1278
155.444	1278
155.457	1278
155.467	1278
155.469	1278
155.479	1278
155.487	1278
155.489	1278
155.496	1278
155.505	1278
155.515	1278
155.524	1278
155.525	1278
155.527	1278
155.534	1278
155.543	1278
155.553	1278
155.553	1278
155.562	1278
155.572	1278
155.573	1278
155.581	1278
155.591	1278
155.592	1278
155.601	1278
155.61	1278
155.611	1278
155.619	1278
155.62	1278
155.629	1278
155.63	1278
155.639	1278
155.648	1278
155.649	1278
155.658	1278
155.668	1278
155.676	1278
155.677	1278
155.678	1278
155.687	1278
155.696	1278
155.698	1278
155.699	1278
155.707	1278
155.716	1278
155.717	1278
155.726	1278
155.736	1278
155.737	1278
155.746	1278
155.754	1278
155.764	1278
155.772	1278
155.773	1278
155.782	1278
155.79	1278
155.792	1278
155.801	1278
155.81	1278
155.812	1278
155.82	1278
155.828	1278
155.837	1278
155.838	1278
155.84	1278
155.841	1278
155.85	1278
155.859	1278
155.86	1278
155.87	1278
156.048	1278
156.061	1278
156.069	1278
156.071	1278
156.079	1278
156.151	1278
156.163	1278
156.164	1278
156.174	1278
156.182	1278
156.184	1278
156.253	1278
156.261	1278
156.263	1278
156.272	1278
156.28	1278
156.282	1278
156.29	1278
156.299	1278
156.3	1278
156.309	1278
156.318	1278
156.319	1278
156.328	1278
156.337	1278
156.338	1278
156.347	1278
156.356	1278
156.357	1278
156.366	1278
156.375	1278
156.376	1278
156.385	1278
156.394	1278
156.395	1278
156.404	1278
156.414	1278
156.415	1278
156.424	1278
156.432	1278
156.433	1278
156.443	1278
156.45	1278
156.452	1278
156.461	1278
156.469	1217
156.471	1217
156.48	1217
156.49	1217
156.491	1217
156.5	1217
156.51	1217
156.51	1217
156.52	1217
156.529	1217
156.53	1217
156.54	1217
156.549	1217
156.55	1217
156.559	1217
156.57	1217
156.571	1217
156.579	1217
156.59	1217
156.591	1217
156.6	1217
156.608	1217
156.61	1217
156.62	1217
156.628	1217
156.63	1217
156.639	1217
156.648	1217
156.65	1217
156.659	1217
156.669	1217
156.67	1217
156.679	1217
156.689	1217
156.69	1217
156.7	1217
156.709	1217
156.71	1217
156.719	1217
156.728	1217
156.729	1217
156.738	1217
156.748	1217
156.749	1217
156.758	1217
156.767	1217
156.769	1217
156.779	1217
156.787	1217
156.788	1217
156.796	1217
156.804	1217
156.805	1217
156.812	1217
156.819	1217
156.82	1217
156.828	1217
156.836	1217
156.837	1217
156.844	1217
156.851	1217
156.853	1217
156.859	1217
156.867	1217
156.868	1217
156.875	1217
156.883	1217
156.884	1217
156.891	1217
156.905	1217
156.906	1217
156.919	1217
156.931	1217
156.933	1217
156.944	1217
156.958	1217
156.959	1217
156.971	1217
156.984	1217
156.986	1217
156.997	1217
157.011	1217
157.012	1217
157.021	1217
157.03	1217
157.032	1217
157.041	1217
157.05	1217
157.051	1217
157.06	1217
157.069	1217
157.072	1217
157.08	1217
157.089	1217
157.09	1217
157.101	1217
157.11	1217
157.111	1217
157.121	1217
157.122	1217
157.131	1217
157.133	1217
157.142	1217
157.151	1217
157.152	1217
157.163	1217
157.171	1217
157.172	1217
157.182	1217
157.191	1217
157.192	1217
157.201	1217
157.212	1217
157.213	1217
157.223	1217
157.231	1217
157.232	1217
157.243	1217
157.252	1217
157.261	1217
157.27	1217
157.279	1217
157.288	1217
157.303	1217
157.313	1217
157.321	1217
157.322	1217
157.332	1217
157.341	1217
157.342	1217
157.352	1217
157.362	1217
157.371	1217
157.372	1217
157.382	1217
157.39	1217
157.392	1217
157.401	1217
157.411	1217
157.412	1217
157.421	1217
157.43	1217
157.431	1217
157.441	1217
157.451	1217
157.452	1217
157.46	1217
157.47	1217
157.472	1217
157.481	1217
157.49	1217
157.492	1217
157.5	1217
157.509	1217
157.511	1217
157.52	1217
157.53	1217
157.531	1217
157.54	1217
157.549	1217
157.55	1217
157.561	1217
157.57	1217
157.571	1217
157.58	1217
157.59	1217
157.591	1217
157.599	1217
157.61	1217
157.611	1217
157.619	1217
157.629	1217
157.631	1217
157.64	1217
157.647	1217
157.649	1217
157.655	1217
157.662	1217
157.663	1217
157.672	1217
157.679	1217
157.68	1217
157.688	1217
157.694	1217
157.702	1217
157.703	1217
157.711	1217
157.718	1217
157.719	1218
157.726	1218
157.733	1220
157.734	1220
157.743	1220
157.755	1265
157.757	1265
157.769	1265
157.781	1265
157.782	1265
157.793	1265
157.806	1265
157.808	1265
157.82	1265
157.831	1265
157.832	1265
157.844	1265
157.853	1265
157.854	1265
157.863	1265
157.872	1265
157.874	1265
157.883	1265
157.891	1265
157.893	1265
157.902	1265
157.91	1265
157.919	1265
157.921	1265
157.93	1265
157.939	1265
157.947	1265
157.949	1265
157.959	1265
157.968	1265
157.969	1265
157.978	1265
157.986	1265
157.987	1265
157.996	1265
158.005	1265
158.006	1265
158.015	1265
158.025	1265
158.026	1265
158.034	1265
158.043	1265
158.044	1265
158.053	1265
158.063	1265
158.065	1265
158.072	1265
158.082	1265
158.083	1265
158.092	1265
158.101	1265
158.103	1265
158.112	1265
158.12	1265
158.13	1265
158.13	1265
158.139	1265
158.149	1265
158.15	1265
158.158	1265
158.168	1265
158.169	1265
158.178	1265
158.187	1265
158.188	1265
158.196	1265
158.206	1265
158.207	1265
158.215	1265
158.224	1265
158.225	1265
158.235	1265
158.243	1265
158.246	1265
158.253	1265
158.262	1265
158.264	1265
158.273	1265
158.282	1265
158.284	1265
158.293	1265
158.301	1265
158.302	1265
158.312	1265
158.32	1265
158.321	1265
158.331	1265
158.34	1265
158.341	1265
158.349	1265
158.359	1265
158.367	1265
158.368	1265
158.377	1265
158.387	1265
158.388	1265
158.397	1265
158.405	1265
158.406	1265
158.415	1265
158.425	1265
158.426	1265
158.434	1265
158.436	1265
158.445	1275
158.446	1275
158.455	1275
158.467	1275
158.476	1275
158.478	1275
158.486	1275
158.494	1275
158.495	1275
158.501	1275
158.509	1275
158.51	1275
158.523	1275
158.529	1275
158.536	1275
158.537	1275
158.545	1275
158.551	1275
158.552	1275
158.559	1275
158.567	1275
158.568	1275
158.574	1275
158.581	1275
158.582	1275
158.589	1275
158.601	1275
158.603	1275
158.615	1275
158.626	1275
158.628	1275
158.64	1275
158.653	1275
158.654	1275
158.655	1275
158.667	1275
158.679	1275
158.68	1275
158.693	1275
158.705	1275
158.706	1275
158.715	1275
158.723	1275
158.732	1275
158.733	1275
158.742	1275
158.751	1275
158.752	1275
158.762	1275
158.771	1275
158.772	1275
158.78	1275
158.789	1275
158.798	1275
158.8	1275
158.809	1275
158.816	1275
158.818	1275
158.827	1275
158.836	1275
158.838	1275
158.847	1275
158.855	1275
158.857	1275
158.864	1275
158.873	1275
158.875	1275
158.883	1275
158.892	1275
158.902	1275
158.903	1275
158.911	1275
158.921	1275
158.922	1275
158.931	1275
158.939	1275
158.94	1275
158.95	1275
158.959	1275
158.96	1275
158.969	1275
158.977	1275
158.979	1275
158.988	1275
158.996	1275
158.997	1275
159.006	1275
159.016	1275
159.025	1275
159.026	1275
159.035	1275
159.043	1275
159.044	1275
159.053	1275
159.063	1275
159.071	1275
159.072	1275
159.081	1275
159.09	1275
159.092	1275
159.101	1275
159.109	1275
159.111	1275
159.119	1275
159.128	1275
159.136	1275
159.138	1275
159.146	1275
159.155	1275
159.157	1275
159.166	1275
159.174	1275
159.175	1275
159.185	1275
159.193	1275
159.194	1275
159.203	1275
159.213	1275
159.222	1275
159.223	1275
159.232	1275
159.24	1275
159.241	1275
159.251	1275
159.259	1275
159.26	1275
159.27	1275
159.278	1275
159.279	1275
159.289	1275
159.297	1275
159.298	1275
159.307	1275
159.316	1275
159.317	1275
159.327	1275
159.335	1275
159.336	1275
159.343	1275
159.351	1275
159.352	1275
159.353	1275
159.359	1275
159.367	1275
159.376	1275
159.384	1275
159.39	1275
159.397	1275
159.405	1275
159.406	1275
159.412	1275
159.419	1275
159.42	1275
159.428	1275
159.438	1275
159.448	1275
159.45	1275
159.452	1275
159.464	1275
159.476	1275
159.478	1275
159.49	1275
159.502	1275
159.503	1275
159.515	1275
159.527	1275
159.538	1275
159.551	1275
159.552	1275
159.561	1275
159.562	1275
159.571	1275
159.579	1275
159.58	1275
159.581	1275
159.59	1275
159.599	1275
159.601	1275
159.61	1275
159.619	1275
159.62	1275
159.629	1275
159.638	1275
159.646	1275
159.647	1275
159.657	1275
159.666	1275
159.667	1275
159.675	1275
159.685	1275
159.686	1275
159.695	1275
159.704	1275
159.705	1275
159.714	1275
159.722	1275
159.723	1275
159.732	1275
159.741	1275
159.742	1275
159.751	1275
159.76	1275
159.761	1275
159.771	1275
159.779	1275
159.781	1275
159.79	1275
159.798	1275
159.8	1275
159.809	1275
159.817	1275
159.826	1275
159.827	1275
159.835	1275
159.844	1275
159.845	1275
159.854	1275
159.864	1275
159.865	1275
159.873	1275
159.883	1275
159.892	1275
159.893	1275
159.902	1275
159.91	1275
159.911	1275
159.92	1275
159.93	1275
159.939	1275
159.94	1275
159.941	1275
159.95	1275
159.959	1275
159.96	1275
159.968	1275
159.977	1275
159.978	1275
159.988	1275
159.996	1275
160.006	1275
160.007	1275
160.016	1275
160.025	1275
160.026	1275
160.035	1275
160.043	1275
160.044	1275
160.054	1275
160.062	1275
160.072	1275
160.073	1275
160.081	1275
160.09	1275
160.092	1275
160.1	1275
160.108	1275
160.111	1275
160.12	1275
160.128	1275
160.136	1275
160.138	1275
160.146	1275
160.155	1275
160.157	1275
160.166	1275
160.167	1275
160.174	1275
160.181	1275
160.182	1275
160.19	1275
160.196	1275
160.204	1275
160.205	1275
160.211	1275
160.219	1275
160.22	1275
160.227	1275
160.24	1275
160.241	1275
160.248	1275
160.249	1275
160.258	1275
160.265	1275
160.272	1275
160.278	1275
160.288	1275
160.3	1275
160.313	1275
160.324	1275
160.325	1275
160.337	1275
160.35	1275
160.352	1275
160.363	1275
160.374	1275
160.386	1275
160.395	1275
160.404	1275
160.414	1275
160.415	1275
160.423	1275
160.432	1275
160.441	1275
160.443	1275
160.45	1275
160.46	1275
160.462	1275
160.469	1275
160.479	1275
160.481	1275
160.489	1275
160.498	1275
160.499	1275
160.507	1275
160.517	1275
160.519	1275
160.527	1275
160.536	1275
160.537	1275
160.545	1275
160.554	1275
160.555	1275
160.565	1275
160.573	1275
160.574	1275
160.583	1275
160.592	1275
160.593	1275
160.602	1275
160.611	1233
160.612	1233
160.621	1233
160.632	1233
160.641	1233
160.642	1233
160.651	1233
160.659	1233
160.661	1233
160.671	1233
160.679	1233
160.68	1233
160.689	1233
160.699	1233
160.708	1233
160.709	1233
160.718	1233
160.728	1233
160.738	1233
160.739	1233
160.747	1233
160.756	1233
160.765	1233
160.767	1233
160.776	1233
160.786	1233
160.794	1233
160.795	1233
160.806	1233
160.815	1233
160.815	1233
160.824	1233
160.833	1233
160.835	1233
160.844	1233
160.853	1233
160.854	1233
160.864	1233
160.873	1233
160.874	1233
160.884	1233
160.893	1233
160.894	1233
160.903	1233
160.913	1233
160.922	1233
160.923	1233
160.932	1233
160.942	1233
160.95	1233
160.959	1233
160.96	1233
160.969	1233
160.978	1233
160.981	1233
160.99	1233
160.998	1233
160.999	1233
161.01	1233
161.018	1233
161.019	1233
161.027	1233
161.033	1233
161.034	1233
161.042	1233
161.049	1233
161.05	1233
161.057	1233
161.066	1233
161.067	1233
161.073	1233
161.08	1233
161.082	1233
161.091	1233
161.099	1233
161.1	1233
161.108	1233
161.124	1233
161.136	1233
161.138	1233
161.15	1233
161.162	1233
161.164	1233
161.175	1233
161.187	1233
161.189	1233
161.201	1233
161.214	1233
161.225	1233
161.227	1233
161.237	1233
161.245	1233
161.247	1233
161.256	1233
161.265	1233
161.266	1233
161.277	1233
161.285	1233
161.294	1233
161.304	1233
161.313	1233
161.314	1233
161.324	1233
161.333	1233
161.334	1233
161.342	1233
161.351	1233
161.353	1233
161.362	1233
161.371	1233
161.372	1233
161.381	1233
161.391	1233
161.401	1233
161.402	1233
161.41	1233
161.419	1233
161.422	1233
161.43	1233
161.44	1215
161.441	1215
161.451	1215
161.459	1215
161.46	1215
161.47	1215
161.479	1215
161.48	1215
161.489	1215
161.499	1215
161.5	1215
161.51	1215
161.52	1215
161.521	1215
161.53	1215
161.539	1215
161.541	1215
161.549	1215
161.55	1215
161.56	1215
161.569	1215
161.57	1215
161.581	1215
161.589	1215
161.59	1215
161.6	1215
161.609	1215
161.61	1215
161.62	1215
161.63	1215
161.631	1215
161.64	1215
161.649	1215
161.658	1215
161.659	1215
161.67	1215
161.678	1215
161.679	1215
161.688	1215
161.699	1215
161.7	1215
161.708	1215
161.718	1215
161.719	1215
161.728	1215
161.739	1215
161.74	1215
161.749	1215
161.758	1215
161.76	1215
161.769	1215
161.778	1215
161.78	1215
161.789	1215
161.797	1215
161.799	1215
161.809	1215
161.818	1215
161.826	1215
161.828	1215
161.837	1215
161.846	1215
161.848	1215
161.857	1215
161.866	1215
161.876	1215
161.877	1215
161.884	1215
161.891	1215
161.893	1215
161.9	1215
161.907	1215
161.915	1215
161.917	1215
161.924	1215
161.931	1215
161.932	1215
161.94	1215
161.949	1215
161.95	1215
161.962	1215
161.968	1215
161.975	1215
161.976	1215
161.984	1215
161.997	1215
162.009	1215
162.01	1215
162.023	1215
162.035	1215
162.048	1215
162.049	1215
162.063	1215
162.075	1215
162.087	1215
162.089	1215
162.097	1215
162.098	1215
162.108	1215
162.117	1215
162.118	1215
162.128	1215
162.137	1215
162.146	1215
162.148	1215
162.149	1215
162.159	1215
162.168	1215
162.17	1215
162.178	1215
162.188	1215
162.197	1215
162.198	1215
162.207	1215
162.217	1215
162.219	1215
162.228	1215
162.237	1215
162.239	1215
162.247	1215
162.256	1215
162.258	1215
162.268	1215
162.277	1215
162.279	1215
162.288	1215
162.297	1215
162.306	1215
162.308	1215
162.316	1215
162.326	1215
162.336	1215
162.336	1215
162.345	1215
162.355	1215
162.365	1215
162.366	1215
162.374	1215
162.385	1215
162.386	1215
162.395	1215
162.405	1215
162.406	1215
162.414	1215
162.425	1215
162.426	1215
162.435	1215
162.443	1215
162.445	1215
162.454	1215
162.464	1215
162.466	1215
162.475	1215
162.484	1215
162.486	1215
162.494	1215
162.504	1215
162.506	1215
162.514	1215
162.524	1217
162.524	1217
162.534	1217
162.543	1217
162.544	1217
162.554	1217
162.564	1217
162.565	1217
162.574	1217
162.583	1219
162.584	1219
162.593	1219
162.603	1219
162.604	1219
162.613	1219
162.623	1219
162.625	1219
162.633	1219
162.642	1219
162.651	1219
162.654	1219
162.663	1219
162.672	1219
162.674	1219
162.682	1219
162.691	1219
162.692	1219
162.702	1219
162.712	1219
162.713	1219
162.72	1219
162.727	1219
162.737	1219
162.747	1219
162.748	1219
162.756	1219
162.763	1219
162.768	1219
162.777	1219
162.785	1219
162.79	1219
162.798	1219
162.808	1219
162.81	1219
162.821	1219
162.834	1219
162.836	1219
162.847	1219
162.861	1219
162.873	1219
162.875	1219
162.886	1219
162.899	1219
162.901	1219
162.914	1219
162.925	1219
162.926	1219
162.936	1219
162.945	1219
162.954	1219
162.955	1219
162.965	1219
162.974	1219
162.975	1219
162.984	1219
162.994	1219
162.995	1219
163.004	1219
163.013	1219
163.015	1219
163.024	1219
163.034	1219
163.036	1219
163.044	1219
163.054	1219
163.055	1219
163.064	1219
163.073	1219
163.074	1219
163.084	1219
163.094	1219
163.095	1219
163.103	1219
163.114	1219
163.115	1219
163.123	1219
163.133	1219
163.135	1219
163.143	1219
163.152	1219
163.163	1219
163.164	1219
163.173	1219
163.182	1219
163.183	1219
163.192	1219
163.202	1219
163.204	1219
163.212	1219
163.221	1219
163.222	1219
163.233	1219
163.234	1219
163.242	1219
163.244	1219
163.254	1219
163.262	1219
163.264	1219
163.273	1219
163.283	1219
163.284	1219
163.294	1219
163.302	1219
163.303	1219
163.312	1219
163.323	1219
163.323	1219
163.333	1219
163.335	1219
163.343	1219
163.352	1219
163.354	1219
163.363	1219
163.372	1219
163.373	1219
163.383	1219
163.393	1219
163.394	1219
163.402	1219
163.412	1219
163.413	1219
163.422	1219
163.432	1219
163.433	1219
163.442	1219
163.451	1219
163.462	1219
163.471	1219
163.472	1219
163.48	1219
163.491	1219
163.492	1219
163.501	1219
163.511	1219
163.52	1219
163.521	1219
163.529	1219
163.539	1219
163.54	1219
163.547	1219
163.555	1219
163.556	1219
163.563	1219
163.57	1219
163.571	1219
163.58	1219
163.587	1219
163.588	1219
163.595	1219
163.603	1219
163.604	1219
163.615	1219
163.622	1219
163.629	1219
163.63	1219
163.637	1219
163.65	1219
163.651	1219
163.663	1219
163.677	1219
163.678	1219
163.69	1219
163.702	1219
163.704	1219
163.716	1219
163.729	1219
163.731	1219
163.744	1219
163.753	1219
163.762	1219
163.763	1219
163.773	1219
163.781	1219
163.791	1219
163.793	1219
163.802	1219
163.811	1219
163.812	1219
163.822	1264
163.831	1264
163.832	1296
163.841	1296
163.848	1296
163.849	1296
163.858	1296
163.868	1296
163.869	1296
163.877	1296
163.886	1296
163.887	1296
163.895	1296
163.904	1296
163.905	1296
163.915	1296
163.924	1296
163.925	1296
163.934	1296
163.942	1296
163.944	1296
163.951	1296
163.96	1296
163.961	1296
163.97	1296
163.979	1296
163.98	1296
163.99	1296
163.998	1296
164	1296
164.008	1296
164.016	1296
164.017	1296
164.026	1296
164.035	1296
164.036	1296
164.045	1296
164.054	1296
164.056	1296
164.064	1296
164.072	1296
164.073	1296
164.082	1296
164.091	1296
164.092	1296
164.101	1296
164.102	1296
164.103	1296
164.113	1296
164.122	1296
164.127	1296
164.134	1296
164.144	1296
164.153	1296
164.16	1296
164.169	1296
164.173	1296
164.18	1296
164.189	1296
164.198	1296
164.199	1296
164.209	1296
164.217	1296
164.225	1296
164.226	1296
164.236	1296
164.245	1296
164.246	1296
164.255	1296
164.262	1296
164.264	1296
164.273	1296
164.282	1296
164.283	1296
164.292	1296
164.3	1296
164.301	1296
164.309	1296
164.319	1296
164.327	1296
164.328	1296
164.338	1296
164.347	1296
164.348	1296
164.355	1296
164.365	1296
164.366	1296
164.375	1296
164.381	1296
164.382	1296
164.383	1296
164.391	1296
164.398	1296
164.399	1296
164.405	1296
164.412	1296
164.419	1296
164.42	1296
164.428	1296
164.434	1296
164.437	1296
164.452	1296
164.458	1296
164.465	1296
164.466	1296
164.473	1296
164.48	1296
164.491	1296
164.494	1296
164.504	1296
164.506	1296
164.518	1296
164.519	1296
164.531	1296
164.542	1296
164.545	1296
164.557	1296
164.568	1296
164.569	1296
164.582	1296
164.592	1296
164.593	1296
164.602	1296
164.611	1296
164.612	1296
164.621	1296
164.63	1296
164.638	1296
164.648	1296
164.649	1296
164.658	1296
164.666	1296
164.668	1296
164.675	1296
164.684	1296
164.694	1296
164.703	1296
164.71	1296
164.712	1296
164.72	1296
164.729	1296
164.738	1296
164.739	1296
164.749	1296
164.757	1296
164.759	1296
164.767	1296
164.775	1296
164.776	1296
164.785	1296
164.794	1296
164.802	1296
164.804	1296
164.813	1296
164.822	1296
164.822	1296
164.831	1296
164.84	1296
164.841	1296
164.85	1296
164.859	1296
164.86	1296
164.869	1296
164.878	1296
164.879	1296
164.887	1296
164.896	1296
164.897	1296
164.905	1296
164.914	1296
164.915	1296
164.924	1296
164.933	1296
164.934	1296
164.943	1296
164.952	1296
164.954	1296
164.962	1296
164.971	1296
164.972	1296
164.98	1296
164.989	1296
164.99	1296
165	1296
165.007	1296
165.017	1296
165.018	1296
165.027	1296
165.036	1296
165.037	1296
165.045	1296
165.053	1296
165.062	1296
165.063	1296
165.072	1296
165.081	1296
165.082	1296
165.092	1296
165.1	1296
165.102	1296
165.11	1296
165.118	1296
165.119	1296
165.128	1296
165.138	1296
165.145	1296
165.147	1296
165.156	1296
165.164	1296
165.165	1296
165.175	1296
165.184	1296
165.185	1296
165.193	1296
165.201	1296
165.203	1296
165.211	1296
165.218	1296
165.219	1296
165.227	1296
165.234	1296
165.235	1296
165.242	1296
165.249	1296
165.256	1296
165.257	1296
165.264	1296
165.27	1296
165.271	1296
165.278	1296
165.286	1296
165.288	1296
165.295	1296
165.301	1296
165.308	1296
165.315	1296
165.326	1296
165.328	1296
165.339	1296
165.351	1296
165.353	1296
165.364	1296
165.377	1296
165.378	1296
165.39	1296
165.401	1296
165.402	1296
165.415	1296
165.425	1296
165.427	1296
165.435	1296
165.445	1296
165.446	1296
165.454	1325
165.463	1333
165.472	1353
165.473	1353
165.481	1353
165.49	1353
165.498	1359
165.5	1359
165.507	1359
165.516	1359
165.517	1359
165.526	1359
165.533	1359
165.534	1359
165.542	1359
165.551	1359
165.552	1359
165.56	1359
165.568	1359
165.57	1359
165.578	1359
165.586	1359
165.588	1359
165.597	1359
165.605	1359
165.606	1359
165.615	1359
165.622	1359
165.623	1359
165.631	1359
165.64	1359
165.641	1359
165.649	1359
165.657	1359
165.66	1359
165.668	1359
165.676	1359
165.677	1359
165.685	1359
165.694	1359
165.695	1359
165.702	1359
165.711	1359
165.712	1359
165.721	1359
165.729	1359
165.737	1359
165.738	1359
165.746	1359
165.755	1359
165.756	1359
165.764	1359
165.772	1359
165.774	1359
165.783	1359
165.791	1359
165.798	1359
165.808	1359
165.811	1359
165.819	1359
165.829	1359
165.836	1359
165.844	1359
165.845	1359
165.855	1359
165.862	1359
165.863	1359
165.872	1359
165.88	1359
165.881	1359
165.889	1359
165.898	1359
165.9	1359
165.908	1359
165.916	1359
165.917	1359
165.926	1359
165.934	1359
165.935	1359
165.943	1359
165.951	1359
165.952	1359
165.96	1359
165.97	1359
165.971	1359
165.979	1359
165.986	1359
165.988	1359
165.996	1359
166.005	1359
166.012	1359
166.022	1359
166.023	1359
166.031	1359
166.04	1359
166.041	1359
166.049	1359
166.057	1359
166.064	1359
166.07	1359
166.071	1359
166.077	1359
166.084	1359
166.085	1359
166.091	1359
166.092	1359
166.1	1359
166.101	1359
166.107	1359
166.113	1359
166.115	1359
166.122	1359
166.129	1359
166.13	1359
166.136	1359
166.143	1359
166.149	1359
166.149	1359
166.157	1359
166.163	1359
166.164	1359
166.175	1359
166.177	1359
166.188	1359
166.19	1359
166.202	1359
166.213	1359
166.213	1359
166.224	1359
166.235	1359
166.238	1359
166.249	1359
166.26	1359
166.262	1359
166.432	1367
166.442	1367
166.452	1367
166.462	1367
166.467	1367
166.534	1367
166.535	1367
166.545	1367
166.555	1367
166.556	1367
166.569	1367
166.635	1367
166.636	1367
166.644	1367
166.651	1367
166.652	1367
166.661	1367
166.669	1367
166.67	1367
166.679	1367
166.688	1367
166.689	1367
166.697	1367
166.705	1367
166.706	1367
166.715	1367
166.723	1367
166.724	1367
166.732	1367
166.74	1367
166.741	1367
166.749	1367
166.757	1367
166.759	1367
166.767	1367
166.775	1367
166.776	1367
166.785	1367
166.794	1367
166.795	1367
166.803	1367
166.811	1367
166.813	1367
166.821	1367
166.828	1367
166.829	1367
166.839	1367
166.847	1367
166.847	1367
166.856	1367
166.865	1367
166.866	1367
166.873	1367
166.882	1367
166.883	1367
166.891	1367
166.9	1367
166.901	1367
166.908	1367
166.917	1367
166.918	1367
166.926	1367
166.934	1367
166.935	1367
166.944	1367
166.952	1367
166.953	1367
166.96	1367
166.967	1367
166.968	1367
166.975	1367
166.98	1367
166.981	1367
166.988	1367
166.994	1367
166.995	1367
167.002	1367
167.009	1367
167.01	1367
167.016	1367
167.023	1367
167.024	1367
167.03	1367
167.037	1367
167.038	1367
167.044	1367
167.051	1367
167.053	1367
167.064	1367
167.075	1367
167.077	1367
167.088	1367
167.098	1367
167.099	1367
167.11	1367
167.121	1367
167.124	1367
167.135	1367
167.145	1367
167.146	1367
167.157	1367
167.168	1367
167.17	1367
167.178	1367
167.187	1367
167.188	1367
167.196	1367
167.205	1367
167.206	1367
167.213	1367
167.222	1367
167.224	1367
167.231	1367
167.24	1367
167.241	1367
167.25	1367
167.258	1367
167.259	1367
167.266	1367
167.275	1367
167.277	1367
167.285	1367
167.292	1367
167.293	1367
167.303	1367
167.311	1367
167.311	1367
167.32	1367
167.329	1367
167.33	1367
167.338	1367
167.345	1367
167.346	1367
167.355	1367
167.364	1367
167.365	1367
167.372	1367
167.381	1367
167.382	1367
167.39	1367
167.398	1367
167.4	1367
167.408	1367
167.416	1367
167.417	1367
167.427	1367
167.435	1367
167.436	1367
167.444	1367
167.452	1367
167.454	1367
167.462	1367
167.469	1367
167.47	1367
167.479	1367
167.488	1367
167.489	1367
167.496	1367
167.506	1367
167.507	1367
167.515	1367
167.523	1367
167.524	1367
167.533	1367
167.54	1367
167.541	1367
167.549	1367
167.559	1367
167.56	1367
167.567	1367
167.576	1367
167.577	1367
167.589	1367
167.598	1367
167.605	1367
167.614	1367
167.615	1367
167.624	1367
167.632	1367
167.635	1367
167.644	1367
167.651	1367
167.659	1367
167.66	1367
167.669	1367
167.677	1367
167.679	1367
167.687	1367
167.695	1367
167.696	1367
167.704	1367
167.705	1367
167.715	1367
167.722	1367
167.729	1367
167.737	1367
167.745	1367
167.753	1367
167.754	1367
167.763	1367
167.77	1367
167.771	1367
167.78	1367
167.789	1367
167.789	1367
167.797	1367
167.804	1367
167.805	1367
167.811	1367
167.818	1367
167.82	1367
167.826	1367
167.832	1367
167.833	1367
167.841	1367
167.847	1367
167.848	1367
167.855	1367
167.861	1367
167.862	1367
167.868	1367
167.874	1367
167.878	1367
167.883	1367
167.891	1367
167.897	1367
167.907	1367
167.918	1367
167.929	1367
167.941	1367
167.943	1367
167.945	1367
167.955	1367
167.966	1367
167.967	1367
167.979	1367
167.981	1367
167.992	1367
168.003	1367
168.011	1367
168.012	1367
168.02	1367
168.022	1367
168.03	1367
168.038	1367
168.04	1367
168.047	1367
168.055	1367
168.057	1367
168.066	1367
168.073	1367
168.075	1367
168.083	1367
168.091	1367
168.1	1367
168.101	1367
168.109	1367
168.117	1367
168.118	1367
168.126	1367
168.134	1367
168.135	1367
168.145	1367
168.153	1367
168.154	1367
168.162	1367
168.171	1367
168.172	1367
168.18	1367
168.188	1367
168.188	1367
168.198	1319
168.206	1319
168.207	1319
168.215	1319
168.225	1319
168.226	1319
168.234	1319
168.243	1319
168.244	1319
168.253	1319
168.261	1319
168.262	1319
168.271	1319
168.272	1319
168.28	1319
168.281	1319
168.29	1319
168.299	1319
168.307	1319
168.308	1319
168.317	1319
168.326	1319
168.327	1319
168.335	1319
168.343	1319
168.345	1319
168.353	1319
168.363	1319
168.364	1319
168.372	1319
168.381	1319
168.389	1319
168.397	1319
168.398	1319
168.407	1319
168.408	1319
168.417	1319
168.418	1319
168.427	1319
168.428	1319
168.436	1319
168.446	1319
168.453	1319
168.455	1319
168.463	1319
168.472	1319
168.473	1319
168.482	1319
168.49	1319
168.5	1319
168.508	1319
168.51	1319
168.518	1319
168.526	1319
168.534	1319
168.536	1319
168.545	1319
168.553	1319
168.555	1319
168.563	1319
168.572	1319
168.573	1319
168.581	1319
168.589	1319
168.599	1319
168.6	1319
168.607	1319
168.616	1319
168.617	1319
168.626	1319
168.634	1319
168.634	1319
168.64	1319
168.648	1319
168.654	1319
168.655	1319
168.662	1319
168.669	1319
168.67	1319
168.677	1319
168.684	1319
168.685	1319
168.692	1319
168.698	1319
168.699	1319
168.706	1319
168.714	1319
168.715	1319
168.722	1319
168.737	1319
168.749	1319
168.751	1319
168.762	1319
168.773	1319
168.785	1319
168.795	1319
168.807	1319
168.808	1319
168.82	1319
168.832	1319
168.834	1319
168.845	1319
168.846	1319
168.854	1319
168.864	1319
168.865	1319
168.872	1319
168.882	1319
168.883	1319
168.891	1319
168.9	1319
168.908	1319
168.909	1319
168.919	1319
168.927	1319
168.928	1319
168.929	1319
168.937	1319
168.946	1319
168.947	1319
168.956	1319
168.964	1319
168.965	1319
168.974	1319
168.982	1319
168.992	1319
168.993	1319
169.001	1319
169.009	1319
169.011	1319
169.02	1319
169.029	1319
169.036	1237
169.037	1237
169.048	1237
169.057	1237
169.065	1237
169.066	1237
169.076	1237
169.084	1237
169.086	1237
169.096	1237
169.104	1237
169.105	1237
169.115	1237
169.123	1237
169.125	1237
169.135	1237
169.136	1237
169.145	1237
169.147	1237
169.155	1237
169.164	1237
169.165	1237
169.175	1237
169.184	1237
169.186	1237
169.194	1237
169.204	1237
169.212	1237
169.222	1237
169.224	1237
169.232	1237
169.241	1237
169.242	1237
169.252	1237
169.26	1237
169.269	1237
169.271	1237
169.272	1237
169.281	1237
169.29	1237
169.292	1237
169.302	1237
169.31	1237
169.311	1237
169.32	1237
169.33	1237
169.331	1237
169.341	1237
169.349	1237
169.358	1237
169.359	1237
169.369	1237
169.378	1237
169.379	1237
169.388	1237
169.397	1237
169.398	1237
169.409	1237
169.418	1237
169.419	1237
169.427	1237
169.436	1237
169.438	1237
169.447	1237
169.457	1237
169.465	1237
169.466	1237
169.475	1237
169.484	1237
169.485	1237
169.492	1237
169.499	1237
169.507	1237
169.508	1237
169.515	1237
169.521	1237
169.522	1237
169.536	1237
169.543	1237
169.551	1237
169.558	1237
169.559	1237
169.567	1237
169.574	1237
169.575	1237
169.576	1237
169.582	1237
169.595	1237
169.596	1237
169.609	1237
169.621	1237
169.622	1237
169.636	1237
169.648	1237
169.659	1237
169.661	1237
169.673	1237
169.685	1237
169.695	1237
169.704	1237
169.706	1237
169.715	1237
169.723	1237
169.732	1237
169.742	1237
169.743	1237
169.751	1237
169.762	1237
169.771	1237
169.779	1237
169.78	1237
169.789	1237
169.799	1237
169.801	1237
169.809	1237
169.819	1237
169.82	1237
169.829	1237
169.838	1237
169.84	1237
169.849	1237
169.858	1237
169.859	1237
169.868	1237
169.877	1237
169.879	1237
169.888	1237
169.897	1237
169.898	1237
169.906	1237
169.917	1237
169.918	1237
169.926	1237
169.935	1237
169.936	1237
169.946	1237
169.956	1237
169.965	1237
169.966	1237
169.974	1237
169.983	1237
169.986	1237
169.994	1237
170.003	1237
170.004	1237
170.013	1237
170.022	1237
170.024	1237
170.034	1237
170.042	1237
170.043	1237
170.053	1237
170.061	1237
170.063	1237
170.073	1237
170.074	1237
170.083	1237
170.092	1237
170.093	1237
170.103	1237
170.112	1237
170.113	1237
170.121	1237
170.131	1237
170.132	1237
170.141	1237
170.151	1237
170.16	1237
170.161	1237
170.17	1237
170.18	1237
170.181	1237
170.19	1237
170.198	1237
170.201	1237
170.202	1237
170.211	1237
170.22	1237
170.228	1237
170.23	1237
170.24	1237
170.249	1237
170.25	1237
170.259	1237
170.268	1237
170.277	1235
170.286	1235
170.296	1235
170.297	1235
170.306	1235
170.314	1235
170.324	1235
170.325	1235
170.332	1235
170.339	1235
170.34	1235
170.348	1235
170.355	1235
170.363	1235
170.364	1235
170.372	1235
170.379	1235
170.38	1235
170.387	1235
170.395	1235
170.396	1235
170.415	1235
170.416	1235
170.417	1235
170.424	1235
170.43	1235
170.432	1235
170.444	1235
170.456	1235
170.458	1235
170.47	1235
170.483	1235
170.485	1235
170.497	1169
170.509	1169
170.511	1169
170.524	1169
170.538	1169
170.539	1169
170.548	1169
170.558	1169
170.568	1169
170.57	1169
170.571	1169
170.581	1169
170.589	1169
170.599	1169
170.6	1169
170.61	1169
170.621	1169
170.63	1169
170.631	1169
170.641	1169
170.651	1169
170.652	1169
170.662	1169
170.671	1169
170.672	1169
170.682	1169
170.692	1169
170.694	1169
170.703	1169
170.712	1169
170.714	1169
170.723	1169
170.734	1169
170.735	1169
170.745	1169
170.754	1169
170.755	1169
170.766	1169
170.775	1169
170.776	1169
170.785	1169
170.795	1169
170.796	1169
170.807	1169
170.817	1169
170.818	1169
170.828	1169
170.837	1169
170.838	1169
170.848	1169
170.857	1169
170.858	1169
170.869	1169
170.878	1169
170.879	1169
170.89	1169
170.899	1169
170.901	1169
170.91	1169
170.92	1169
170.921	1169
170.931	1169
170.94	1169
170.95	1169
170.952	1169
170.961	1169
170.971	1169
170.971	1169
170.981	1169
170.991	1169
171	1169
171.009	1169
171.019	1169
171.029	1169
171.039	1169
171.039	1169
171.049	1169
171.058	1169
171.061	1169
171.071	1169
171.08	1169
171.089	1169
171.09	1169
171.101	1169
171.11	1169
171.12	1169
171.122	1169
171.131	1169
171.141	1169
171.142	1169
171.152	1169
171.161	1169
171.162	1169
171.17	1169
171.177	1169
171.178	1169
171.186	1169
171.187	1169
171.196	1169
171.203	1169
171.204	1169
171.212	1169
171.22	1169
171.221	1169
171.228	1169
171.236	1169
171.237	1169
171.246	1169
171.262	1169
171.268	1169
171.27	1169
171.284	1169
171.297	1169
171.299	1169
171.311	1169
171.324	1169
171.326	1169
171.339	1169
171.351	1169
171.365	1169
171.367	1169
171.38	1169
171.381	1169
171.39	1169
171.391	1169
171.401	1169
171.41	1169
171.42	1169
171.43	1169
171.431	1169
171.442	1169
171.451	1169
171.453	1169
171.462	1169
171.471	1169
171.472	1169
171.482	1169
171.484	1169
171.493	1169
171.495	1169
171.505	1169
171.514	1169
171.523	1169
171.526	1169
171.536	1169
171.544	1169
171.546	1169
171.555	1114
171.566	1114
171.568	1114
171.577	1114
171.587	1114
171.59	1114
171.599	1114
171.609	1114
171.61	1114
171.62	1114
171.63	1114
171.632	1114
171.643	1114
171.652	1114
171.654	1114
171.665	1114
171.675	1114
171.676	1114
171.686	1114
171.696	1114
171.697	1114
171.708	1114
171.717	1114
171.719	1114
171.73	1134
171.74	1134
171.741	1134
171.75	1134
171.76	1134
171.762	1134
171.771	1134
171.782	1163
171.784	1163
171.793	1163
171.802	1163
171.804	1163
171.813	1163
171.823	1163
171.824	1163
171.834	1163
171.844	1163
171.854	1163
171.855	1163
171.866	1163
171.875	1163
171.876	1163
171.885	1163
171.895	1163
171.896	1163
171.907	1163
171.917	1163
171.918	1163
171.927	1163
171.938	1163
171.938	1163
171.949	1163
171.958	1163
171.96	1163
171.968	1163
171.978	1163
171.981	1163
171.989	1163
172.003	1163
172.01	1163
172.019	1163
172.02	1163
172.028	1163
172.038	1163
172.045	1163
172.046	1163
172.055	1163
172.063	1163
172.064	1163
172.072	1163
172.08	1163
172.081	1163
172.087	1163
172.096	1163
172.097	1163
172.104	1163
172.117	1163
172.119	1163
172.132	1163
172.145	1163
172.148	1163
172.16	1163
172.173	1163
172.175	1163
172.176	1163
172.19	1163
172.202	1163
172.215	1163
172.216	1163
172.226	1163
172.228	1163
172.238	1163
172.24	1163
172.249	1163
172.258	1163
172.269	1163
172.269	1163
172.28	1163
172.289	1163
172.291	1163
172.3	1163
172.31	1163
172.32	1163
172.321	1163
172.331	1163
172.333	1163
172.341	1163
172.343	1163
172.352	1163
172.362	1163
172.363	1163
172.373	1163
172.384	1163
172.385	1163
172.394	1163
172.404	1163
172.414	1163
172.416	1163
172.425	1163
172.435	1163
172.436	1163
172.445	1163
172.456	1163
172.457	1163
172.467	1163
172.477	1163
172.478	1163
172.487	1163
172.497	1163
172.499	1163
172.509	1163
172.518	1163
172.52	1163
172.529	1163
172.539	1163
172.54	1163
172.549	1163
172.559	1163
172.56	1163
172.57	1163
172.581	1163
172.582	1163
172.591	1163
172.6	1163
172.602	1163
172.612	1163
172.622	1163
172.624	1163
172.625	1163
172.635	1163
172.644	1163
172.646	1163
172.655	1163
172.671	1163
172.672	1163
172.682	1163
172.683	1163
172.694	1163
172.703	1163
172.704	1163
172.714	1163
172.723	1163
172.725	1163
172.735	1163
172.744	1175
172.745	1175
172.755	1175
172.765	1175
172.77	1175
172.78	1175
172.79	1175
172.799	1175
172.801	1175
172.81	1175
172.819	1175
172.82	1175
172.831	1175
172.839	1175
172.841	1175
172.851	1175
172.859	1175
172.859	1175
172.867	1175
172.875	1175
172.876	1175
172.884	1175
172.891	1175
172.892	1175
172.901	1175
172.907	1175
172.909	1175
172.917	1175
172.927	1175
172.933	1175
172.934	1175
172.944	1175
172.952	1175
172.953	1175
172.965	1175
172.979	1175
172.981	1175
172.993	1175
173.006	1175
173.008	1175
173.02	1175
173.022	1175
173.035	1175
173.037	1175
173.049	1175
173.051	1175
173.064	1175
173.075	1175
173.083	1175
173.085	1175
173.095	1175
173.105	1175
173.113	1175
173.115	1175
173.125	1175
173.135	1175
173.136	1175
173.145	1175
173.146	1175
173.156	1175
173.166	1175
173.167	1175
173.177	1175
173.186	1175
173.188	1175
173.197	1175
173.199	1175
173.208	1175
173.218	1175
173.219	1175
173.23	1175
173.239	1175
173.241	1175
173.25	1175
173.259	1175
173.27	1175
173.271	1175
173.28	1175
173.29	1175
173.292	1175
173.3	1175
173.31	1175
173.311	1175
173.321	1175
173.331	1175
173.333	1175
173.342	1175
173.352	1175
173.353	1175
173.363	1175
173.372	1175
173.373	1175
173.383	1175
173.393	1175
173.395	1175
173.404	1175
173.414	1175
173.414	1175
173.424	1175
173.433	1175
173.435	1175
173.444	1175
173.455	1175
173.464	1175
173.466	1175
173.474	1175
173.484	1175
173.485	1175
173.496	1175
173.506	1175
173.514	1175
173.524	1175
173.534	1175
173.536	1175
173.545	1175
173.554	1175
173.555	1175
173.566	1175
173.576	1175
173.577	1175
173.587	1175
173.596	1175
173.598	1175
173.606	1175
173.617	1175
173.626	1175
173.628	1175
173.636	1175
173.646	1175
173.647	1175
173.658	1175
173.667	1175
173.669	1175
173.677	1175
173.688	1175
173.697	1175
173.704	1175
173.705	1175
173.714	1175
173.721	1175
173.722	1175
173.731	1175
173.738	1175
173.739	1175
173.746	1175
173.754	1175
173.755	1175
173.763	1175
173.773	1175
173.774	1175
173.783	1175
173.795	1175
173.796	1175
173.805	1175
173.818	1175
173.82	1175
173.833	1175
173.847	1175
173.848	1175
173.861	1175
173.863	1175
173.876	1175
173.889	1175
173.901	1175
173.915	1175
173.915	1175
173.926	1175
173.935	1175
173.937	1175
173.946	1175
173.955	1175
173.965	1175
173.974	1175
173.984	1175
173.985	1175
173.995	1175
174.005	1175
174.007	1175
174.015	1175
174.025	1175
174.035	1175
174.044	1175
174.046	1175
174.055	1175
174.065	1175
174.066	1175
174.076	1175
174.085	1175
174.087	1175
174.097	1175
174.107	1175
174.108	1175
174.117	1175
174.127	1175
174.128	1175
174.138	1175
174.148	1175
174.149	1175
174.158	1175
174.169	1175
174.17	1175
174.179	1175
174.189	1175
174.191	1175
174.2	1175
174.209	1175
174.21	1175
174.221	1175
174.23	1175
174.231	1175
174.241	1175
174.25	1175
174.251	1175
174.262	1175
174.271	1175
174.272	1175
174.283	1175
174.292	1175
174.301	1175
174.311	1175
174.312	1175
174.322	1175
174.332	1175
174.334	1175
174.343	1175
174.353	1175
174.354	1175
174.364	1175
174.373	1175
174.374	1175
174.383	1175
174.394	1175
174.404	1175
174.405	1175
174.414	1175
174.424	1175
174.426	1175
174.434	1175
174.445	1175
174.446	1175
174.455	1175
174.464	1175
174.474	1175
174.476	1175
174.486	1175
174.496	1175
174.497	1175
174.507	1175
174.516	1175
174.518	1175
174.519	1175
174.529	1175
174.538	1175
174.54	1175
174.549	1175
174.556	1175
174.558	1175
174.566	1175
174.573	1175
174.574	1175
174.582	1181
174.589	1181
174.59	1181
174.597	1181
174.606	1181
174.607	1181
174.615	1181
174.623	1181
174.624	1181
174.633	1181
174.641	1181
174.642	1181
174.65	1181
174.662	1181
174.664	1181
174.678	1181
174.693	1181
174.705	1181
174.708	1181
174.721	1181
174.733	1181
174.734	1181
174.736	1181
174.75	1181
174.752	1181
174.764	1181
174.765	1181
174.775	1181
174.784	1181
174.786	1181
174.795	1189
174.805	1189
174.806	1189
174.816	1245
174.824	1245
174.826	1245
174.836	1245
174.844	1245
174.853	1245
174.854	1245
174.863	1245
174.872	1245
174.881	1245
174.883	1245
174.893	1245
174.901	1245
174.902	1245
174.911	1245
174.92	1245
174.922	1245
174.931	1245
174.941	1245
174.942	1245
174.951	1245
174.96	1245
174.961	1245
174.97	1245
174.979	1245
174.98	1245
174.989	1245
174.998	1245
174.999	1245
175.009	1245
175.018	1245
175.019	1245
175.029	1245
175.038	1245
175.038	1245
175.047	1245
175.056	1245
175.058	1245
175.067	1245
175.076	1245
175.077	1245
175.087	1245
175.095	1245
175.096	1245
175.105	1245
175.114	1245
175.124	1245
175.128	1245
175.137	1245
175.145	1245
175.154	1245
175.155	1245
175.164	1245
175.173	1245
175.182	1245
175.183	1245
175.185	1245
175.194	1245
175.204	1245
175.205	1245
175.214	1245
175.223	1245
175.232	1245
175.234	1245
175.242	1245
175.251	1245
175.256	1245
175.266	1245
175.275	1245
175.284	1245
175.285	1245
175.293	1245
175.303	1245
175.304	1245
175.306	1245
175.314	1245
175.324	1245
175.325	1245
175.333	1245
175.342	1245
175.344	1245
175.353	1245
175.362	1245
175.363	1245
175.373	1245
175.382	1245
175.383	1245
175.393	1245
175.4	1245
175.4	1245
175.407	1245
175.414	1245
175.423	1245
175.429	1245
175.43	1245
175.438	1245
175.444	1245
175.445	1245
175.453	1245
175.46	1245
175.461	1245
175.468	1245
175.476	1245
175.477	1245
175.488	1245
175.5	1245
175.501	1245
175.513	1245
175.515	1245
175.528	1245
175.54	1245
175.552	1245
175.554	1245
175.566	1245
175.577	1245
175.579	1245
175.591	1245
175.603	1245
175.606	1245
175.614	1245
175.623	1245
175.624	1245
175.633	1245
175.643	1245
175.643	1245
175.653	1245
175.662	1245
175.663	1245
175.673	1245
175.682	1245
175.69	1245
175.691	1245
175.7	1245
175.71	1245
175.718	1245
175.729	1245
175.73	1245
175.739	1245
175.748	1245
175.749	1245
175.758	1245
175.767	1245
175.769	1245
175.778	1245
175.787	1245
175.796	1245
175.797	1245
175.805	1245
175.815	1245
175.817	1245
175.826	1245
175.835	1245
175.836	1245
175.845	1245
175.854	1245
175.855	1245
175.865	1245
175.874	1245
175.875	1245
175.884	1245
175.893	1245
175.894	1245
175.902	1245
175.912	1245
175.913	1245
175.922	1245
175.931	1245
175.932	1245
175.942	1245
175.951	1245
175.953	1245
175.962	1245
175.971	1245
175.972	1245
175.98	1245
175.989	1245
175.998	1245
176.001	1245
176.01	1245
176.019	1245
176.02	1245
176.028	1245
176.038	1245
176.047	1245
176.048	1245
176.056	1245
176.067	1245
176.068	1245
176.076	1245
176.085	1245
176.086	1245
176.095	1245
176.104	1245
176.106	1245
176.107	1245
176.117	1245
176.126	1245
176.127	1245
176.136	1245
176.145	1245
176.154	1245
176.155	1245
176.164	1245
176.174	1245
176.175	1245
176.183	1245
176.192	1245
176.194	1245
176.203	1245
176.212	1245
176.222	1245
176.23	1245
176.231	1245
176.241	1245
176.249	1245
176.25	1245
176.257	1245
176.264	1245
176.265	1245
176.271	1245
176.28	1245
176.281	1245
176.288	1245
176.294	1245
176.296	1245
176.304	1245
176.31	1245
176.311	1245
176.32	1245
176.327	1245
176.334	1245
176.336	1245
176.349	1245
176.361	1245
176.372	1245
176.385	1245
176.386	1245
176.398	1245
176.41	1245
176.411	1245
176.424	1245
176.437	1245
176.449	1245
176.45	1245
176.459	1245
176.467	1245
176.469	1245
176.477	1245
176.488	1245
176.489	1245
176.497	1245
176.506	1245
176.507	1245
176.509	1245
176.518	1245
176.527	1245
176.528	1245
176.537	1245
176.546	1245
176.548	1245
176.549	1245
176.558	1245
176.567	1245
176.568	1245
176.578	1245
176.587	1245
176.596	1245
176.598	1245
176.607	1245
176.615	1245
176.616	1245
176.625	1245
176.635	1245
176.637	1245
176.815	1245
176.817	1245
176.818	1245
176.828	1245
176.841	1245
176.97	1245
176.97	1245
176.979	1245
176.988	1245
176.989	1245
176.998	1245
177.07	1245
177.071	1245
177.081	1245
177.09	1245
177.091	1245
177.1	1245
177.108	1245
177.11	1245
177.119	1245
177.128	1245
177.129	1245
177.138	1245
177.147	1245
177.149	1245
177.158	1245
177.167	1245
177.168	1245
177.178	1245
177.184	1245
177.186	1245
177.193	1245
177.2	1245
177.201	1245
177.208	1245
177.216	1245
177.217	1245
177.225	1245
177.232	1245
177.233	1245
177.24	1245
177.247	1245
177.248	1245
177.256	1245
177.263	1245
177.264	1245
177.27	1245
177.277	1245
177.279	1245
177.286	1245
177.293	1209
177.295	1209
177.307	1209
177.32	1209
177.321	1209
177.334	1209
177.346	1209
177.348	1209
177.362	1209
177.374	1209
177.376	1209
177.388	1209
177.401	1209
177.401	1209
177.41	1209
177.421	1209
177.422	1209
177.43	1209
177.44	1271
177.441	1271
177.451	1271
177.46	1271
177.461	1271
177.469	1271
177.478	1271
177.479	1271
177.489	1271
177.497	1271
177.498	1271
177.507	1271
177.516	1271
177.517	1271
177.526	1271
177.535	1271
177.536	1271
177.545	1271
177.555	1271
177.556	1271
177.565	1271
177.574	1271
177.575	1271
177.583	1271
177.593	1271
177.594	1271
177.603	1271
177.611	1271
177.612	1271
177.622	1271
177.63	1271
177.631	1271
177.641	1271
177.65	1271
177.651	1271
177.66	1271
177.669	1271
177.67	1271
177.679	1271
177.688	1271
177.689	1271
177.698	1271
177.707	1271
177.708	1271
177.717	1271
177.726	1271
177.727	1271
177.735	1271
177.744	1271
177.745	1271
177.755	1271
177.764	1271
177.765	1271
177.773	1271
177.782	1271
177.783	1271
177.793	1271
177.802	1271
177.803	1271
177.812	1271
177.821	1271
177.822	1271
177.83	1271
177.839	1271
177.84	1271
177.85	1271
177.859	1271
177.868	1271
177.869	1271
177.877	1271
177.887	1271
177.888	1271
177.897	1271
177.905	1271
177.906	1271
177.915	1271
177.924	1271
177.925	1271
177.935	1271
177.943	1271
177.952	1271
177.953	1271
177.963	1271
177.971	1271
177.972	1271
177.982	1271
177.991	1271
177.992	1271
178	1271
178.01	1271
178.011	1271
178.019	1271
178.029	1271
178.034	1271
178.041	1271
178.048	1271
178.056	1271
178.057	1271
178.064	1271
178.071	1271
178.072	1271
178.078	1271
178.086	1271
178.087	1271
178.094	1271
178.101	1271
178.102	1271
178.108	1271
178.117	1271
178.118	1271
178.125	1271
178.132	1271
178.133	1271
178.145	1271
178.156	1271
178.167	1271
178.169	1271
178.181	1271
178.193	1271
178.204	1271
178.216	1271
178.218	1271
178.231	1271
178.242	1271
178.243	1271
178.252	1271
178.262	1271
178.263	1271
178.272	1271
178.28	1271
178.281	1271
178.29	1271
178.3	1271
178.309	1271
178.309	1271
178.318	1271
178.328	1271
178.329	1271
178.338	1271
178.347	1271
178.348	1271
178.356	1271
178.366	1271
178.373	1271
178.375	1271
178.384	1271
178.394	1271
178.402	1271
178.404	1271
178.412	1271
178.421	1271
178.423	1271
178.432	1271
178.44	1271
178.442	1271
178.451	1271
178.459	1271
178.461	1271
178.47	1271
178.478	1271
178.48	1271
178.488	1271
178.489	1271
178.499	1271
178.5	1271
178.508	1271
178.517	1271
178.518	1271
178.527	1271
178.536	1271
178.545	1271
178.546	1271
178.555	1271
178.565	1271
178.566	1271
178.575	1271
178.583	1271
178.584	1271
178.585	1271
178.594	1271
178.603	1271
178.604	1271
178.614	1271
178.622	1271
178.632	1271
178.633	1271
178.642	1271
178.651	1271
178.652	1271
178.661	1271
178.67	1271
178.678	1271
178.679	1271
178.689	1271
178.69	1271
178.699	1271
178.707	1271
178.717	1271
178.718	1271
178.726	1271
178.736	1271
178.737	1271
178.746	1271
178.754	1271
178.755	1271
178.764	1271
178.774	1271
178.775	1271
178.784	1271
178.792	1271
178.793	1271
178.795	1271
178.805	1271
178.813	1271
178.815	1271
178.823	1271
178.832	1271
178.834	1271
178.843	1271
178.851	1271
178.852	1271
178.862	1271
178.87	1271
178.877	1271
178.878	1271
178.885	1271
178.896	1271
178.9	1271
178.901	1271
178.907	1271
178.914	1271
178.915	1271
178.93	1271
178.936	1271
178.943	1271
178.944	1271
178.951	1271
178.958	1271
178.964	1271
178.972	1271
178.978	1271
178.99	1271
178.992	1271
179.003	1271
179.016	1271
179.027	1271
179.028	1271
179.04	1271
179.052	1271
179.064	1271
179.066	1271
179.067	1271
179.079	1271
179.088	1271
179.089	1271
179.098	1271
179.107	1271
179.116	1271
179.126	1271
179.127	1271
179.136	1271
179.145	1271
179.146	1271
179.155	1271
179.163	1271
179.173	1271
179.174	1271
179.182	1271
179.191	1271
179.2	1271
179.201	1271
179.211	1271
179.22	1271
179.221	1271
179.229	1271
179.238	1271
179.239	1271
179.248	1271
179.257	1271
179.259	1271
179.268	1271
179.277	1271
179.278	1271
179.287	1271
179.295	1271
179.296	1271
179.305	1271
179.314	1271
179.315	1271
179.325	1271
179.334	1271
179.335	1271
179.344	1271
179.352	1271
179.353	1271
179.354	1271
179.364	1271
179.373	1271
179.374	1271
179.383	1271
179.391	1271
179.392	1271
179.402	1271
179.41	1271
179.411	1271
179.42	1271
179.429	1271
179.431	1271
179.44	1271
179.448	1271
179.45	1271
179.458	1271
179.468	1271
179.47	1271
179.477	1271
179.479	1271
179.489	1271
179.496	1271
179.498	1271
179.507	1271
179.516	1271
179.518	1271
179.527	1271
179.536	1271
179.537	1271
179.546	1271
179.554	1271
179.555	1271
179.564	1271
179.573	1271
179.574	1271
179.584	1271
179.592	1271
179.593	1271
179.602	1271
179.611	1271
179.612	1271
179.621	1271
179.631	1271
179.632	1271
179.64	1271
179.649	1271
179.65	1271
179.659	1271
179.669	1275
179.669	1275
179.679	1275
179.687	1275
179.688	1275
179.698	1275
179.706	1275
179.707	1275
179.708	1275
179.716	1275
179.722	1275
179.723	1279
179.733	1279
179.739	1279
179.741	1279
179.758	1279
179.765	1279
179.773	1279
179.774	1279
179.78	1279
179.787	1279
179.79	1279
179.798	1279
179.806	1279
179.817	1279
179.819	1279
179.831	1279
179.843	1279
179.844	1279
179.855	1279
179.868	1279
179.869	1279
179.88	1279
179.892	1279
179.894	1279
179.905	1279
179.918	1279
179.919	1279
179.928	1279
179.937	1279
179.945	1279
179.946	1279
179.948	1279
179.956	1279
179.965	1279
179.966	1279
179.975	1279
179.985	1279
179.986	1279
179.995	1279
180.003	1279
180.004	1279
180.006	1279
180.014	1279
180.023	1279
180.032	1279
180.033	1279
180.042	1279
180.051	1279
180.052	1279
180.061	1279
180.07	1279
180.071	1279
180.081	1279
180.09	1279
180.097	1279
180.099	1279
180.108	1279
180.116	1279
180.118	1279
180.126	1279
180.135	1279
180.137	1279
180.146	1279
180.155	1279
180.156	1279
180.165	1279
180.174	1279
180.183	1279
180.192	1279
180.193	1279
180.201	1279
180.211	1279
180.212	1279
180.22	1279
180.229	1279
180.23	1279
180.239	1279
180.247	1279
180.256	1279
180.259	1279
180.266	1279
180.275	1279
180.276	1279
180.285	1279
180.294	1279
180.295	1279
180.305	1279
180.314	1279
180.323	1279
180.332	1279
180.34	1279
180.342	1279
180.35	1279
180.359	1279
180.361	1279
180.368	1279
180.378	1279
180.38	1279
180.387	1279
180.397	1279
180.398	1279
180.407	1279
180.415	1279
180.416	1279
180.425	1279
180.434	1279
180.435	1279
180.444	1279
180.453	1279
180.454	1279
180.464	1279
180.472	1279
180.473	1279
180.482	1279
180.492	1279
180.493	1279
180.501	1279
180.51	1279
180.511	1279
180.52	1279
180.528	1279
180.531	1279
180.54	1279
180.547	1279
180.548	1279
180.555	1279
180.562	1279
180.564	1279
180.572	1279
180.579	1279
180.586	1279
180.586	1279
180.594	1279
180.603	1279
180.611	1279
180.612	1279
180.618	1279
180.625	1279
180.626	1279
180.634	1279
180.641	1279
180.642	1279
180.649	1279
180.656	1279
180.657	1279
180.67	1279
180.682	1279
180.693	1279
180.695	1279
180.708	1279
180.719	1279
180.721	1279
180.723	1279
180.735	1279
180.745	1279
180.747	1279
180.759	1279
180.769	1279
180.77	1279
180.779	1279
180.787	1279
180.789	1315
180.796	1315
180.806	1363
180.807	1363
180.814	1363
180.823	1363
180.824	1363
180.833	1363
180.84	1363
180.843	1363
180.851	1363
180.859	1363
180.86	1363
180.868	1363
180.876	1363
180.877	1363
180.885	1363
180.895	1363
180.896	1363
180.904	1363
180.912	1363
180.914	1363
180.922	1363
180.93	1363
180.931	1363
180.939	1363
180.947	1363
180.948	1363
180.956	1363
180.965	1363
180.966	1363
180.974	1363
180.983	1363
180.984	1363
180.992	1363
181	1363
181.001	1363
181.011	1363
181.018	1363
181.026	1363
181.035	1363
181.037	1363
181.047	1363
181.048	1363
181.057	1363
181.065	1363
181.078	1363
181.086	1363
181.093	1363
181.102	1363
181.111	1363
181.112	1363
181.119	1363
181.128	1363
181.13	1363
181.138	1363
181.146	1363
181.147	1363
181.156	1363
181.164	1363
181.165	1363
181.172	1363
181.182	1363
181.189	1363
181.19	1363
181.199	1363
181.208	1363
181.209	1363
181.216	1363
181.224	1363
181.226	1363
181.235	1363
181.243	1363
181.244	1363
181.253	1363
181.261	1363
181.262	1363
181.269	1363
181.278	1363
181.28	1363
181.287	1363
181.296	1363
181.297	1363
181.305	1363
181.313	1363
181.314	1363
181.322	1363
181.331	1363
181.332	1363
181.341	1363
181.348	1363
181.351	1363
181.358	1363
181.366	1363
181.367	1363
181.377	1363
181.385	1363
181.386	1363
181.394	1363
181.401	1363
181.402	1363
181.409	1363
181.414	1363
181.415	1363
181.422	1363
181.428	1363
181.429	1363
181.44	1363
181.447	1363
181.447	1363
181.457	1363
181.463	1363
181.464	1363
181.473	1363
181.481	1363
181.489	1363
181.496	1363
181.499	1363
181.509	1363
181.521	1363
181.522	1363
181.532	1363
181.544	1363
181.546	1363
181.557	1363
181.568	1363
181.578	1363
181.579	1363
181.592	1363
181.603	1363
181.604	1363
181.612	1363
181.62	1363
181.621	1363
181.629	1363
181.637	1363
181.638	1363
181.647	1363
181.656	1363
181.657	1363
181.664	1363
181.673	1363
181.675	1363
181.682	1363
181.691	1363
181.692	1363
181.7	1363
181.709	1363
181.71	1363
181.717	1363
181.726	1363
181.727	1363
181.736	1363
181.744	1363
181.746	1363
181.754	1363
181.762	1363
181.762	1363
181.771	1363
181.779	1363
181.78	1363
181.788	1363
181.797	1363
181.798	1363
181.806	1363
181.815	1363
181.817	1363
181.824	1363
181.833	1363
181.841	1363
181.843	1363
181.855	1363
181.864	1363
181.871	1363
181.88	1363
181.882	1363
181.89	1363
181.899	1363
181.908	1363
181.915	1363
181.916	1363
181.924	1363
181.934	1363
181.935	1363
181.943	1363
181.953	1363
181.973	1363
181.974	1363
181.982	1363
181.989	1363
181.99	1363
181.999	1363
182.008	1363
182.009	1363
182.017	1363
182.026	1363
182.038	1363
182.045	1363
182.054	1363
182.062	1363
182.071	1363
182.078	1363
182.08	1363
182.088	1363
182.097	1363
182.105	1363
182.106	1363
182.114	1363
182.122	1363
182.123	1363
182.131	1363
182.14	1363
182.142	1363
182.149	1363
182.157	1363
182.158	1363
182.167	1363
182.176	1363
182.177	1363
182.184	1363
182.194	1363
182.195	1363
182.202	1363
182.211	1363
182.212	1363
182.221	1363
182.228	1363
182.229	1363
182.236	1363
182.243	1363
182.244	1363
182.251	1363
182.257	1363
182.258	1363
182.269	1363
182.275	1363
182.281	1363
182.282	1363
182.294	1363
182.3	1363
182.306	1363
182.307	1363
182.314	1363
182.321	1363
182.321	1363
182.339	1363
182.35	1363
182.361	1363
182.362	1363
182.373	1363
182.383	1363
182.394	1363
182.396	1363
182.398	1363
182.409	1363
182.421	1363
182.422	1363
182.433	1363
182.443	1363
182.444	1363
182.453	1363
182.461	1363
182.462	1363
182.463	1363
182.472	1363
182.48	1363
182.481	1363
182.49	1363
182.492	1363
182.5	1363
182.507	1363
182.508	1363
182.517	1363
182.525	1363
182.533	1363
182.534	1363
182.543	1363
182.551	1363
182.552	1363
182.56	1363
182.569	1363
182.57	1363
182.578	1363
182.586	1363
182.589	1363
182.597	1363
182.604	1363
182.605	1363
182.614	1363
182.623	1363
182.624	1363
182.631	1363
182.641	1363
182.649	1363
182.65	1363
182.658	1363
182.666	1363
182.667	1363
182.675	1363
182.683	1363
182.686	1363
182.694	1363
182.702	1363
182.703	1363
182.711	1363
182.72	1363
182.721	1363
182.728	1363
182.738	1363
182.739	1363
182.747	1363
182.755	1363
182.757	1363
182.764	1363
182.773	1363
182.774	1363
182.782	1363
182.79	1363
182.792	1363
182.799	1363
182.808	1363
182.809	1363
182.817	1363
182.825	1363
182.827	1363
182.836	1363
182.844	1363
182.845	1363
182.854	1363
182.861	1363
182.862	1363
182.87	1363
182.88	1363
182.881	1363
182.889	1363
182.896	1363
182.897	1363
182.907	1363
182.914	1363
182.915	1363
182.923	1363
182.933	1363
182.94	1363
182.942	1363
182.949	1363
182.959	1363
182.959	1363
182.968	1363
182.977	1363
182.979	1363
182.988	1363
182.997	1363
183.002	1363
183.01	1363
183.018	1363
183.025	1363
183.035	1363
183.035	1363
183.043	1363
183.052	1363
183.053	1363
183.062	1363
183.069	1363
183.07	1363
183.079	1363
183.086	1363
183.087	1363
183.093	1363
183.099	1363
183.101	1363
183.11	1363
183.118	1363
183.12	1363
183.125	1363
183.132	1363
183.133	1363
183.139	1363
183.146	1363
183.147	1363
183.153	1363
183.16	1363
183.168	1363
183.169	1363
183.174	1363
183.182	1363
183.184	1363
183.195	1363
183.206	1363
183.208	1363
183.22	1363
183.23	1363
183.242	1363
183.243	1363
183.253	1363
183.265	1363
183.267	1363
183.268	1363
183.28	1363
183.291	1363
183.292	1363
183.3	1363
183.308	1363
183.309	1363
183.317	1363
183.326	1363
183.327	1363
183.328	1363
183.336	1363
183.345	1346
183.346	1346
183.354	1346
183.363	1346
183.37	1346
183.372	1346
183.38	1346
183.389	1346
183.398	1346
183.399	1346
183.407	1346
183.416	1346
183.417	1346
183.425	1346
183.434	1346
183.435	1346
183.443	1346
183.452	1346
183.453	1346
183.46	1346
183.47	1346
183.471	1346
183.479	1346
183.486	1346
183.488	1346
183.497	1346
183.505	1346
183.507	1346
183.514	1346
183.523	1346
183.525	1346
183.533	1346
183.54	1346
183.542	1346
183.551	1346
183.559	1346
183.561	1346
183.569	1346
183.576	1346
183.579	1346
183.587	1346
183.594	1346
183.596	1346
183.604	1346
183.612	1346
183.613	1346
183.615	1346
183.624	1346
183.632	1346
183.634	1346
183.644	1346
183.651	1346
183.659	1346
183.66	1346
183.669	1346
183.67	1346
183.678	1346
183.68	1346
183.688	1346
183.696	1346
183.705	1346
183.706	1346
183.714	1346
183.724	1346
183.724	1346
183.733	1346
183.742	1346
183.742	1346
183.75	1346
183.759	1346
183.767	1346
183.768	1346
183.777	1346
183.785	1346
183.786	1346
183.795	1346
183.803	1346
183.804	1346
183.813	1346
183.822	1346
183.822	1346
183.832	1346
183.84	1346
183.841	1346
183.85	1346
183.857	1346
183.858	1346
183.867	1346
183.876	1346
183.877	1346
183.884	1346
183.894	1346
183.895	1346
183.902	1346
183.911	1346
183.918	1346
183.925	1346
183.926	1346
183.933	1346
183.94	1346
183.941	1346
183.946	1346
183.954	1346
183.955	1346
183.961	1346
183.967	1346
183.968	1346
183.975	1346
183.982	1346
183.983	1346
183.991	1346
183.999	1346
183.999	1346
184.009	1346
184.021	1346
184.022	1346
184.032	1346
184.045	1346
184.046	1346
184.056	1346
184.069	1346
184.07	1346
184.081	1346
184.093	1346
184.094	1346
184.105	1346
184.116	1351
184.118	1351
184.126	1351
184.133	1351
184.143	1351
184.147	1351
184.156	1351
184.163	1351
184.172	1366
184.173	1366
184.182	1366
184.189	1374
184.19	1374
184.199	1374
184.208	1388
184.209	1388
184.217	1388
184.224	1388
184.225	1388
184.234	1388
184.243	1388
184.244	1388
184.251	1388
184.259	1388
184.26	1388
184.269	1388
184.277	1388
184.278	1388
184.286	1388
184.295	1388
184.305	1388
184.317	1388
184.325	1388
184.334	1388
184.335	1388
184.342	1388
184.351	1388
184.352	1388
184.359	1388
184.368	1388
184.369	1388
184.377	1388
184.385	1388
184.386	1388
184.394	1388
184.402	1388
184.412	1388
184.413	1388
184.42	1388
184.429	1388
184.43	1388
184.438	1388
184.446	1388
184.454	1388
184.455	1388
184.463	1388
184.472	1388
184.473	1388
184.481	1388
184.488	1388
184.49	1388
184.498	1388
184.507	1388
184.508	1388
184.516	1388
184.523	1388
184.524	1388
184.533	1388
184.541	1388
184.542	1388
184.551	1388
184.551	1388
184.559	1388
184.568	1388
184.57	1388
184.577	1388
184.586	1388
184.587	1388
184.594	1388
184.602	1388
184.603	1388
184.612	1388
184.621	1388
184.622	1388
184.63	1388
184.637	1388
184.638	1388
184.646	1388
184.656	1388
184.657	1388
184.665	1388
184.673	1388
184.674	1388
184.681	1388
184.69	1388
184.692	1388
184.7	1388
184.707	1388
184.708	1388
184.716	1388
184.725	1388
184.726	1388
184.733	1388
184.742	1388
184.743	1388
184.752	1388
184.753	1388
184.761	1388
184.762	1388
184.771	1388
184.772	1388
184.778	1388
184.785	1388
184.785	1388
184.792	1388
184.798	1388
184.798	1388
184.808	1388
184.82	1388
184.826	1388
184.827	1388
184.834	1388
184.835	1388
184.842	1388
184.843	1388
184.849	1388
184.855	1388
184.856	1388
184.865	1388
184.872	1388
184.873	1388
184.885	1388
184.895	1388
184.896	1388
184.908	1388
184.918	1388
184.92	1388
184.921	1388
184.932	1388
184.944	1388
184.945	1388
184.947	1388
184.957	1388
184.968	1388
184.969	1388
184.98	1388
184.989	1388
184.997	1388
184.999	1388
185.007	1388
185.014	1388
185.015	1388
185.024	1388
185.031	1388
185.032	1388
185.041	1416
185.048	1417
185.05	1417
185.058	1460
185.065	1460
185.066	1460
185.074	1460
185.082	1460
185.083	1460
185.091	1460
185.099	1460
185.101	1460
185.108	1460
185.116	1460
185.117	1460
185.125	1460
185.133	1460
185.133	1460
185.14	1460
185.149	1460
185.15	1460
185.158	1460
185.165	1460
185.166	1460
185.173	1460
185.181	1460
185.182	1460
185.19	1460
185.198	1460
185.199	1460
185.208	1460
185.214	1460
185.215	1460
185.223	1460
185.232	1460
185.233	1460
185.241	1460
185.248	1460
185.25	1460
185.257	1460
185.264	1460
185.265	1460
185.274	1460
185.281	1460
185.282	1460
185.283	1460
185.292	1460
185.299	1460
185.3	1460
185.302	1460
185.309	1460
185.317	1460
185.319	1460
185.326	1460
185.334	1460
185.342	1460
185.343	1460
185.351	1460
185.352	1460
185.359	1460
185.367	1460
185.375	1460
185.383	1460
185.384	1460
185.392	1460
185.398	1460
185.4	1460
185.407	1460
185.408	1460
185.416	1460
185.424	1460
185.425	1460
185.434	1460
185.441	1460
185.443	1460
185.449	1460
185.457	1460
185.458	1460
185.467	1460
185.474	1460
185.475	1460
185.482	1460
185.49	1460
185.491	1460
185.5	1460
185.507	1460
185.508	1460
185.516	1460
185.524	1460
185.532	1460
185.539	1460
185.54	1460
185.548	1460
185.555	1460
185.556	1460
185.564	1460
185.573	1460
185.574	1460
185.581	1460
185.588	1460
185.59	1460
185.597	1460
185.605	1460
185.606	1460
185.613	1460
185.619	1460
185.62	1460
185.626	1460
185.632	1460
185.633	1460
185.64	1460
185.646	1460
185.647	1460
185.653	1460
185.658	1460
185.659	1460
185.666	1460
185.667	1460
185.672	1460
185.673	1460
185.68	1460
185.685	1460
185.686	1460
185.702	1460
185.708	1460
185.72	1460
185.73	1460
185.731	1460
185.741	1460
185.752	1460
185.761	1460
185.772	1460
185.782	1460
185.793	1460
185.795	1460
185.805	1460
185.815	1460
185.817	1460
185.827	1460
185.834	1460
185.841	1460
185.843	1460
185.85	1460
185.858	1460
185.859	1460
185.867	1460
185.876	1460
185.877	1460
185.884	1460
185.891	1460
185.9	1460
185.901	1460
185.909	1460
185.915	1460
185.917	1460
185.924	1460
185.933	1460
185.934	1460
185.942	1460
185.95	1460
185.951	1460
185.958	1460
185.966	1460
185.967	1460
185.975	1460
185.983	1460
185.984	1460
185.991	1460
185.998	1460
186.007	1460
186.008	1460
186.016	1460
186.024	1460
186.031	1460
186.032	1460
186.039	1460
186.047	1460
186.055	1460
186.056	1460
186.058	1460
186.065	1460
186.072	1460
186.081	1460
186.082	1460
186.089	1460
186.097	1460
186.098	1460
186.105	1460
186.114	1460
186.122	1460
186.123	1460
186.13	1460
186.137	1460
186.139	1460
186.147	1460
186.155	1460
186.156	1460
186.163	1460
186.171	1460
186.172	1460
186.179	1460
186.187	1460
186.195	1460
186.196	1460
186.197	1460
186.205	1460
186.214	1460
186.215	1460
186.222	1460
186.23	1460
186.237	1460
186.239	1460
186.247	1460
186.254	1460
186.256	1460
186.263	1460
186.271	1460
186.272	1460
186.279	1460
186.287	1460
186.288	1460
186.296	1460
186.304	1460
186.305	1460
186.312	1460
186.32	1460
186.321	1460
186.329	1460
186.336	1460
186.337	1460
186.345	1460
186.354	1460
186.362	1460
186.363	1460
186.369	1460
186.377	1460
186.378	1460
186.386	1460
186.395	1460
186.396	1460
186.403	1460
186.411	1460
186.418	1460
186.419	1460
186.428	1460
186.436	1460
186.436	1460
186.443	1460
186.451	1460
186.452	1460
186.459	1460
186.465	1460
186.466	1460
186.472	1460
186.473	1460
186.48	1460
186.486	1460
186.487	1460
186.493	1460
186.499	1460
186.5	1460
186.506	1460
186.512	1460
186.513	1460
186.519	1460
186.527	1460
186.527	1460
186.534	1460
186.544	1460
186.544	1460
186.545	1460
186.551	1460
186.561	1460
186.566	1460
186.577	1460
186.587	1460
186.596	1460
186.608	1460
186.609	1460
186.619	1460
186.629	1460
186.63	1460
186.642	1460
186.643	1460
186.652	1460
186.663	1460
186.67	1460
186.672	1460
186.679	1460
186.688	1460
186.695	1460
186.696	1460
186.704	1460
186.712	1460
186.713	1460
186.72	1460
186.728	1460
186.729	1460
186.738	1460
186.744	1460
186.747	1460
186.754	1460
186.762	1460
186.77	1460
186.771	1460
186.779	1460
186.786	1460
186.787	1460
186.794	1460
186.803	1460
186.804	1460
186.812	1460
186.819	1460
186.821	1460
186.828	1460
186.835	1460
186.836	1460
186.845	1460
186.852	1460
186.859	1460
186.86	1460
186.869	1460
186.876	1460
186.877	1460
186.885	1460
186.893	1460
186.895	1460
186.902	1460
186.91	1460
186.911	1460
186.919	1460
186.92	1460
186.928	1460
186.935	1460
186.937	1460
186.943	1460
186.944	1460
186.952	1460
186.961	1460
186.962	1460
186.97	1460
186.989	1460
186.996	1460
187.004	1460
187.005	1460
187.012	1460
187.013	1460
187.022	1460
187.028	1460
187.037	1460
187.037	1460
187.045	1460
187.053	1460
187.054	1460
187.062	1460
187.07	1460
187.071	1460
187.079	1460
187.086	1460
187.087	1460
187.27	1460
187.287	1460
187.288	1460
187.295	1460
187.372	1460
187.379	1460
187.38	1460
187.391	1460
187.399	1460
187.4	1460
187.475	1460
187.482	1460
187.483	1460
187.491	1460
187.499	1460
187.5	1460
187.508	1460
187.515	1460
187.516	1460
187.524	1460
187.532	1460
187.533	1460
187.541	1460
187.548	1460
187.55	1460
187.557	1460
187.565	1460
187.566	1460
187.574	1460
187.581	1460
187.582	1460
187.589	1460
187.597	1460
187.598	1460
187.606	1460
187.614	1460
187.615	1460
187.623	1460
187.631	1460
187.632	1460
187.64	1460
187.648	1460
187.649	1460
187.657	1460
187.663	1460
187.665	1460
187.673	1460
187.681	1460
187.682	1460
187.689	1460
187.698	1460
187.699	1360
187.706	1360
187.714	1360
187.715	1360
187.724	1360
187.733	1360
187.734	1360
187.742	1360
187.75	1360
187.751	1360
187.76	1360
187.768	1360
187.769	1360
187.778	1360
187.786	1360
187.788	1360
187.795	1360
187.803	1360
187.804	1360
187.813	1360
187.821	1360
187.822	1360
187.83	1360
187.839	1360
187.84	1360
187.848	1360
187.857	1360
187.859	1360
187.867	1360
187.875	1360
187.876	1360
187.885	1360
187.892	1360
187.893	1360
187.902	1360
187.911	1360
187.912	1360
187.919	1360
187.928	1360
187.93	1360
187.938	1360
187.945	1360
187.947	1360
187.956	1360
187.963	1360
187.964	1360
187.974	1360
187.981	1360
187.982	1360
187.99	1360
187.999	1360
188	1360
188.008	1360
188.016	1360
188.018	1360
188.027	1360
188.034	1360
188.035	1360
188.044	1360
188.052	1360
188.053	1360
188.062	1360
188.071	1360
188.072	1360
188.08	1360
188.088	1360
188.09	1360
188.098	1360
188.106	1360
188.107	1360
188.113	1360
188.119	1360
188.12	1360
188.127	1360
188.134	1360
188.135	1360
188.141	1360
188.148	1360
188.15	1360
188.156	1360
188.163	1360
188.164	1360
188.171	1360
188.177	1360
188.178	1360
188.185	1360
188.191	1360
188.192	1360
188.198	1360
188.206	1360
188.206	1360
188.217	1360
188.228	1360
188.229	1360
188.241	1360
188.252	1360
188.253	1360
188.264	1360
188.275	1360
188.278	1360
188.288	1360
188.299	1360
188.301	1360
188.312	1360
188.321	1360
188.329	1360
188.33	1360
188.339	1360
188.346	1360
188.355	1360
188.356	1360
188.364	1360
188.372	1360
188.373	1360
188.375	1360
188.383	1360
188.391	1360
188.392	1360
188.401	1360
188.41	1360
188.418	1360
188.425	1360
188.427	1360
188.435	1360
188.443	1360
188.446	1360
188.456	1360
188.466	1360
188.477	1360
188.479	1360
188.488	1360
188.499	1360
188.504	1360
188.514	1360
188.522	1360
188.523	1360
188.53	1360
188.54	1360
188.541	1360
188.548	1360
188.557	1360
188.558	1360
188.567	1360
188.575	1360
188.576	1360
188.584	1360
188.585	1360
188.593	1360
188.595	1360
188.604	1360
188.611	1360
188.613	1360
188.62	1360
188.63	1360
188.63	1360
188.639	1360
188.646	1360
188.648	1360
188.656	1360
188.664	1360
188.665	1360
188.675	1360
188.683	1360
188.684	1360
188.692	1360
188.7	1360
188.701	1360
188.709	1360
188.718	1360
188.719	1360
188.727	1360
188.736	1360
188.738	1360
188.739	1360
188.747	1360
188.754	1360
188.756	1360
188.764	1360
188.772	1360
188.773	1360
188.783	1360
188.784	1360
188.791	1360
188.793	1360
188.802	1360
188.81	1360
188.811	1360
188.818	1360
188.827	1360
188.828	1360
188.836	1360
188.844	1360
188.846	1360
188.854	1360
188.863	1360
188.87	1360
188.872	1360
188.88	1360
188.888	1360
188.889	1360
188.898	1360
188.907	1360
188.914	1360
188.924	1360
188.925	1360
188.933	1360
188.941	1360
188.95	1360
188.958	1360
188.959	1360
188.966	1360
188.972	1360
188.972	1360
188.98	1360
188.985	1360
188.986	1360
188.994	1360
189.001	1360
189.007	1360
189.008	1360
189.014	1360
189.021	1360
189.021	1360
189.029	1360
189.037	1360
189.037	1360
189.047	1360
189.056	1360
189.057	1360
189.068	1360
189.079	1360
189.081	1360
189.093	1360
189.104	1360
189.106	1360
189.117	1360
189.128	1360
189.129	1360
189.14	1360
189.151	1314
189.153	1314
189.163	1314
189.172	1314
189.173	1314
189.183	1314
189.19	1314
189.2	1314
189.201	1314
189.209	1314
189.217	1314
189.219	1340
189.227	1340
189.235	1340
189.237	1340
189.245	1340
189.246	1340
189.255	1340
189.263	1340
189.264	1340
189.274	1357
189.282	1357
189.283	1357
189.292	1357
189.3	1357
189.301	1357
189.309	1357
189.318	1357
189.326	1357
189.327	1357
189.336	1357
189.343	1357
189.352	1357
189.353	1357
189.362	1357
189.369	1357
189.37	1357
189.379	1357
189.388	1357
189.389	1357
189.396	1357
189.405	1357
189.407	1357
189.415	1357
189.423	1357
189.431	1357
189.433	1357
189.441	1357
189.45	1357
189.451	1357
189.459	1357
189.469	1357
189.477	1357
189.484	1357
189.485	1357
189.487	1357
189.495	1357
189.503	1357
189.512	1357
189.513	1357
189.522	1357
189.529	1357
189.531	1357
189.539	1357
189.547	1357
189.548	1357
189.557	1357
189.565	1357
189.574	1357
189.576	1357
189.583	1357
189.591	1357
189.6	1357
189.602	1357
189.61	1357
189.617	1357
189.618	1357
189.627	1357
189.636	1357
189.644	1357
189.652	1357
189.653	1357
189.662	1357
189.67	1357
189.671	1357
189.679	1357
189.687	1357
189.689	1357
189.697	1357
189.705	1357
189.707	1357
189.716	1357
189.724	1357
189.725	1357
189.733	1357
189.741	1357
189.742	1357
189.751	1357
189.759	1357
189.76	1357
189.769	1357
189.777	1357
189.786	1357
189.793	1357
189.801	1357
189.802	1357
189.81	1357
189.816	1357
189.817	1357
189.823	1357
189.834	1357
189.84	1357
189.841	1357
189.848	1357
189.854	1357
189.855	1357
189.862	1357
189.869	1357
189.87	1357
189.879	1357
189.887	1357
189.887	1357
189.897	1357
189.907	1357
189.908	1357
189.918	1357
189.93	1357
189.932	1357
189.942	1357
189.953	1357
189.965	1357
189.976	1357
189.978	1357
189.989	1357
189.999	1357
190.01	1357
190.012	1357
190.024	1357
190.032	1357
190.033	1357
190.041	1357
190.049	1357
190.058	1357
190.059	1357
190.067	1357
190.076	1357
190.077	1357
190.085	1357
190.093	1357
190.094	1357
190.102	1357
190.112	1357
190.112	1357
190.12	1357
190.128	1357
190.13	1357
190.139	1357
190.147	1357
190.149	1357
190.156	1357
190.164	1357
190.165	1357
190.174	1357
190.182	1357
190.191	1357
190.192	1357
190.201	1357
190.209	1357
190.217	1357
190.219	1357
190.227	1357
190.234	1357
190.235	1357
190.245	1357
190.253	1357
190.254	1357
190.263	1357
190.27	1357
190.271	1357
190.28	1357
190.289	1357
190.29	1357
190.291	1357
190.299	1357
190.307	1357
190.316	1357
190.316	1357
190.326	1357
190.334	1357
190.335	1357
190.343	1357
190.352	1357
190.353	1357
190.361	1357
190.362	1357
190.37	1357
190.371	1357
190.38	1357
190.388	1357
190.389	1357
190.397	1357
190.405	1357
190.407	1357
190.408	1357
190.417	1357
190.426	1357
190.433	1357
190.434	1357
190.443	1357
190.451	1357
190.452	1357
190.46	1357
190.468	1357
190.47	1357
190.471	1357
190.48	1357
190.488	1357
190.489	1357
190.497	1357
190.505	1357
190.507	1357
190.508	1357
190.516	1357
190.524	1357
190.526	1357
190.534	1357
190.543	1357
190.551	1357
190.552	1357
190.56	1357
190.561	1357
190.571	1357
190.572	1357
190.581	1357
190.589	1357
190.59	1357
190.599	1357
190.607	1357
190.609	1357
190.616	1357
190.626	1357
190.634	1357
190.635	1357
190.643	1357
190.651	1357
190.652	1357
190.658	1357
190.665	1357
190.673	1357
190.674	1357
190.675	1357
190.681	1357
190.688	1357
190.689	1357
190.695	1357
190.701	1357
190.702	1357
190.71	1357
190.716	1357
190.717	1357
190.724	1357
190.73	1357
190.731	1357
190.743	1357
190.749	1357
190.756	1357
190.757	1357
190.767	1357
190.779	1357
190.78	1357
190.792	1357
190.805	1357
190.816	1357
190.817	1357
190.827	1357
190.839	1357
190.841	1357
190.852	1357
190.862	1357
190.87	1357
190.872	1357
190.881	1357
190.889	1357
190.898	1357
190.899	1357
190.906	1357
190.914	1357
190.924	1357
190.932	1357
190.933	1357
190.942	1357
190.949	1357
190.957	1357
190.958	1357
190.967	1357
190.975	1357
190.976	1357
190.985	1357
190.994	1357
190.995	1357
191.003	1357
191.011	1357
191.012	1357
191.021	1357
191.029	1357
191.031	1357
191.039	1357
191.047	1357
191.049	1357
191.057	1357
191.065	1357
191.066	1357
191.075	1357
191.082	1357
191.083	1357
191.092	1357
191.1	1357
191.101	1357
191.109	1357
191.118	1357
191.126	1357
191.128	1357
191.136	1357
191.145	1357
191.146	1357
191.153	1357
191.162	1357
191.171	1357
191.172	1357
191.173	1357
191.182	1357
191.189	1357
191.198	1357
191.199	1357
191.207	1357
191.216	1357
191.217	1357
191.226	1357
191.234	1357
191.235	1357
191.242	1357
191.251	1357
191.26	1357
191.261	1357
191.269	1357
191.277	1357
191.278	1357
191.286	1357
191.295	1357
191.296	1357
191.304	1357
191.312	1357
191.314	1357
191.322	1357
191.33	1357
191.332	1357
191.34	1357
191.349	1357
191.357	1357
191.359	1357
191.367	1357
191.375	1357
191.376	1357
191.384	1357
191.392	1357
191.4	1357
191.402	1357
191.41	1357
191.419	1357
191.427	1357
191.428	1357
191.436	1357
191.444	1357
191.446	1357
191.454	1357
191.471	1259
191.478	1259
191.488	1259
191.497	1259
191.499	1259
191.508	1259
191.509	1259
191.516	1259
191.522	1259
191.523	1259
191.531	1259
191.537	1259
191.538	1259
191.546	1259
191.553	1259
191.554	1259
191.564	1259
191.571	1259
191.579	1259
191.58	1259
191.587	1259
191.594	1259
191.595	1259
191.604	1259
191.616	1259
191.618	1259
191.63	1259
191.642	1259
191.644	1259
191.655	1259
191.668	1259
191.669	1259
191.681	1259
191.693	1259
191.695	1259
191.707	1259
191.718	1259
191.728	1259
191.729	1259
191.737	1259
191.746	1259
191.755	1259
191.756	1259
191.766	1259
191.774	1259
191.776	1259
191.777	1259
191.786	1259
191.796	1259
191.797	1259
191.805	1259
191.815	1259
191.823	1259
191.824	1259
191.833	1259
191.842	1259
191.844	1259
191.853	1259
191.862	1259
191.863	1259
191.873	1259
191.882	1259
191.883	1259
191.892	1259
191.901	1259
191.902	1259
191.904	1259
191.913	1259
191.921	1259
191.922	1259
191.931	1259
191.94	1259
191.941	1259
191.951	1259
191.96	1259
191.96	1259
191.97	1259
191.979	1259
191.988	1259
191.99	1259
191.999	1259
192.007	1259
192.009	1259
192.018	1259
192.027	1259
192.028	1259
192.037	1259
192.045	1259
192.055	1259
192.063	1259
192.064	1259
192.074	1259
192.083	1259
192.083	1259
192.093	1259
192.102	1259
192.103	1259
192.113	1259
192.122	1259
192.123	1259
192.131	1259
192.141	1259
192.15	1259
192.151	1259
192.16	1259
192.168	1259
192.169	1259
192.179	1259
192.188	1259
192.189	1259
192.198	1259
192.207	1259
192.209	1259
192.217	1259
192.227	1259
192.228	1259
192.237	1259
192.246	1259
192.247	1259
192.256	1259
192.264	1259
192.265	1259
192.274	1259
192.283	1259
192.292	1259
192.294	1259
192.303	1259
192.312	1259
192.32	1259
192.329	1259
192.331	1259
192.341	1259
192.349	1259
192.35	1259
192.357	1259
192.365	1259
192.366	1259
192.373	1259
192.38	1259
192.381	1259
192.389	1259
192.396	1259
192.397	1259
192.404	1259
192.41	1259
192.411	1259
192.419	1259
192.427	1259
192.432	1259
192.439	1259
192.449	1259
192.451	1259
192.464	1259
192.476	1259
192.488	1259
192.49	1259
192.501	1259
192.514	1259
192.526	1259
192.528	1259
192.54	1259
192.552	1259
192.552	1259
192.562	1259
192.571	1259
192.573	1259
192.581	1259
192.59	1259
192.591	1259
192.601	1259
192.61	1259
192.611	1259
192.619	1259
192.628	1259
192.629	1259
192.638	1259
192.648	1259
192.657	1259
192.658	1259
192.667	1259
192.676	1259
192.678	1259
192.687	1259
192.696	1259
192.704	1259
192.705	1259
192.714	1259
192.723	1254
192.724	1254
192.734	1254
192.742	1254
192.743	1254
192.753	1254
192.761	1254
192.763	1254
192.772	1254
192.782	1254
192.783	1254
192.791	1254
192.8	1254
192.809	1254
192.81	1254
192.82	1254
192.829	1254
192.831	1254
192.84	1254
192.848	1254
192.857	1254
192.858	1254
192.867	1254
192.876	1254
192.877	1254
192.887	1254
192.895	1254
192.896	1254
192.905	1254
192.914	1254
192.917	1254
192.925	1254
192.935	1254
192.943	1254
192.944	1254
192.954	1254
192.962	1254
192.964	1254
192.973	1254
192.982	1254
192.983	1254
192.993	1254
193.001	1254
193.002	1254
193.011	1254
193.021	1254
193.022	1254
193.031	1254
193.039	1254
193.041	1254
193.051	1254
193.059	1254
193.06	1254
193.07	1254
193.071	1254
193.079	1254
193.08	1254
193.089	1254
193.098	1254
193.108	1254
193.11	1254
193.118	1254
193.128	1254
193.129	1254
193.138	1254
193.147	1254
193.155	1254
193.156	1254
193.165	1254
193.174	1254
193.182	1254
193.19	1254
193.19	1254
193.197	1254
193.204	1254
193.205	1254
193.212	1254
193.221	1254
193.228	1254
193.229	1254
193.236	1254
193.243	1254
193.243	1254
193.25	1254
193.258	1254
193.259	1254
193.267	1254
193.275	1254
193.276	1254
193.288	1254
193.29	1254
193.302	1254
193.304	1254
193.317	1254
193.328	1254
193.33	1254
193.342	1254
193.354	1254
193.355	1254
193.368	1254
193.379	1254
193.381	1254
193.394	1254
193.403	1254
193.411	1254
193.42	1254
193.421	1254
193.43	1254
193.439	1254
193.441	1254
193.45	1254
193.46	1259
193.46	1259
193.469	1290
193.479	1290
193.48	1290
193.488	1290
193.496	1290
193.498	1290
193.507	1290
193.515	1290
193.516	1290
193.526	1290
193.534	1290
193.535	1290
193.544	1290
193.553	1290
193.554	1290
193.563	1290
193.571	1290
193.58	1290
193.581	1290
193.591	1290
193.599	1290
193.6	1290
193.61	1290
193.619	1290
193.62	1290
193.629	1290
193.637	1290
193.639	1290
193.646	1290
193.656	1290
193.658	1290
193.666	1290
193.674	1290
193.675	1290
193.685	1290
193.694	1290
193.703	1290
193.704	1290
193.713	1290
193.721	1290
193.73	1290
193.738	1290
193.74	1290
193.749	1290
193.757	1290
193.758	1290
193.767	1290
193.775	1290
193.777	1290
193.785	1290
193.795	1290
193.796	1290
193.804	1290
193.814	1290
193.815	1290
193.823	1290
193.833	1290
193.834	1290
193.843	1290
193.851	1290
193.853	1290
193.861	1290
193.869	1290
193.87	1290
193.88	1290
193.888	1290
193.889	1290
193.899	1290
193.908	1290
193.909	1290
193.917	1290
193.926	1290
193.927	1290
193.937	1290
193.945	1290
193.947	1290
193.955	1290
193.963	1290
193.964	1290
193.973	1290
193.974	1290
193.983	1290
193.984	1290
193.994	1290
194.002	1290
194.012	1290
194.02	1290
194.022	1290
194.028	1290
194.036	1290
194.042	1290
194.043	1290
194.051	1290
194.058	1290
194.059	1290
194.066	1290
194.073	1290
194.074	1290
194.08	1290
194.087	1290
194.089	1290
194.096	1290
194.104	1290
194.106	1290
194.116	1290
194.124	1290
194.127	1290
194.138	1290
194.15	1290
194.152	1290
194.163	1290
194.176	1290
194.178	1290
194.188	1290
194.201	1290
194.203	1290
194.214	1290
194.226	1290
194.228	1290
194.238	1290
194.248	1333
194.248	1333
194.257	1333
194.265	1333
194.266	1333
194.275	1333
194.283	1333
194.285	1333
194.293	1333
194.301	1333
194.303	1333
194.312	1333
194.321	1333
194.329	1352
194.329	1352
194.339	1352
194.346	1352
194.347	1352
194.357	1352
194.365	1352
194.366	1352
194.374	1352
194.382	1352
194.383	1352
194.391	1352
194.402	1352
194.404	1352
194.416	1352
194.429	1352
194.431	1352
194.443	1352
194.452	1352
194.456	1352
194.469	1352
194.481	1352
194.49	1352
194.498	1352
194.499	1352
194.508	1352
194.515	1352
194.523	1352
194.525	1352
194.533	1352
194.541	1352
194.543	1352
194.551	1352
194.56	1352
194.561	1352
194.57	1352
194.577	1352
194.586	1352
194.588	1352
194.596	1352
194.603	1352
194.605	1352
194.613	1352
194.622	1352
194.624	1352
194.632	1352
194.64	1352
194.641	1352
194.649	1352
194.65	1352
194.659	1352
194.661	1352
194.669	1352
194.67	1352
194.678	1352
194.679	1352
194.687	1352
194.695	1352
194.697	1352
194.706	1352
194.714	1352
194.716	1352
194.723	1352
194.731	1352
194.741	1352
194.742	1352
194.749	1352
194.75	1352
194.759	1352
194.768	1352
194.775	1352
194.777	1352
194.786	1352
194.794	1352
194.795	1352
194.803	1352
194.811	1352
194.821	1352
194.822	1352
194.829	1352
194.838	1352
194.847	1352
194.848	1352
194.856	1352
194.865	1352
194.871	1352
194.872	1352
194.878	1352
194.885	1352
194.892	1352
194.898	1352
194.899	1352
194.907	1352
194.913	1352
194.914	1352
194.92	1352
194.928	1352
194.929	1352
194.934	1352
194.942	1352
194.942	1352
194.949	1352
194.956	1352
194.957	1352
194.964	1352
194.975	1352
194.977	1352
194.987	1352
194.998	1352
195	1352
195.012	1352
195.023	1352
195.025	1352
195.035	1352
195.047	1352
195.057	1352
195.069	1352
195.07	1352
195.079	1352
195.087	1352
195.095	1352
195.097	1352
195.104	1352
195.113	1352
195.113	1352
195.122	1352
195.131	1352
195.132	1352
195.141	1352
195.148	1352
195.149	1352
195.158	1352
195.167	1352
195.175	1352
195.176	1352
195.184	1352
195.192	1352
195.194	1352
195.203	1352
195.21	1352
195.211	1352
195.221	1352
195.229	1352
195.23	1352
195.239	1352
195.246	1352
195.254	1352
195.255	1352
195.264	1352
195.272	1352
195.273	1352
195.283	1352
195.291	1352
195.298	1352
195.3	1352
195.309	1352
195.317	1352
195.325	1352
195.326	1352
195.334	1352
195.343	1352
195.344	1352
195.352	1352
195.36	1352
195.369	1352
195.37	1352
195.379	1352
195.388	1352
195.389	1352
195.396	1352
195.405	1352
195.406	1352
195.414	1352
195.423	1352
195.432	1352
195.44	1352
195.44	1352
195.442	1352
195.45	1352
195.459	1352
195.467	1352
195.469	1352
195.476	1352
195.485	1352
195.493	1352
195.494	1352
195.502	1352
195.512	1352
195.513	1352
195.52	1352
195.53	1352
195.531	1352
195.539	1352
195.541	1352
195.549	1352
195.55	1352
195.551	1352
195.559	1352
195.568	1352
195.569	1352
195.577	1352
195.585	1352
195.586	1352
195.595	1352
195.604	1352
195.605	1352
195.613	1352
195.622	1352
195.63	1352
195.631	1352
195.64	1352
195.648	1352
195.649	1352
195.658	1352
195.658	1352
195.666	1352
195.667	1352
195.677	1352
195.684	1352
195.685	1352
195.694	1352
195.703	1352
195.704	1352
195.71	1352
195.716	1352
195.717	1352
195.724	1352
195.731	1352
195.732	1352
195.739	1352
195.746	1352
195.747	1352
195.753	1352
195.759	1352
195.76	1352
195.767	1352
195.774	1352
195.775	1352
195.781	1352
195.788	1352
195.789	1352
195.796	1352
195.805	1352
195.817	1352
195.828	1352
195.829	1352
195.841	1352
195.852	1352
195.863	1352
195.864	1352
195.875	1352
195.887	1352
195.887	1352
195.899	1352
195.91	1352
195.911	1352
195.919	1352
195.928	1352
195.93	1352
195.938	1352
195.946	1352
195.955	1352
195.963	1352
195.964	1352
195.973	1352
195.98	1352
195.981	1352
195.99	1352
195.999	1352
196	1352
196.008	1361
196.016	1361
196.017	1361
196.025	1361
196.033	1361
196.035	1361
196.044	1361
196.052	1361
196.053	1361
196.062	1361
196.07	1361
196.071	1361
196.079	1361
196.087	1361
196.088	1361
196.097	1361
196.106	1361
196.107	1361
196.114	1361
196.123	1361
196.125	1361
196.132	1361
196.14	1361
196.141	1361
196.151	1361
196.158	1361
196.166	1361
196.168	1361
196.177	1361
196.185	1361
196.186	1361
196.195	1361
196.203	1361
196.21	1361
196.218	1361
196.22	1361
196.229	1361
196.237	1361
196.245	1361
196.246	1361
196.254	1361
196.262	1361
196.264	1361
196.265	1361
196.273	1361
196.282	1361
196.284	1361
196.291	1361
196.299	1361
196.3	1361
196.302	1361
196.311	1361
196.319	1361
196.32	1361
196.329	1361
196.33	1361
196.338	1361
196.347	1361
196.355	1361
196.356	1361
196.364	1361
196.372	1361
196.373	1361
196.381	1361
196.39	1361
196.392	1361
196.4	1361
196.407	1361
196.417	1361
196.418	1361
196.425	1361
196.433	1361
196.435	1361
196.444	1361
196.451	1361
196.46	1361
196.462	1361
196.47	1361
196.478	1361
196.479	1361
196.481	1361
196.489	1361
196.496	1361
196.498	1361
196.507	1361
196.508	1361
196.509	1361
196.517	1361
196.526	1361
196.527	1361
196.534	1361
196.542	1361
196.543	1361
196.549	1361
196.556	1361
196.557	1361
196.564	1361
196.57	1361
196.57	1361
196.578	1361
196.584	1361
196.585	1361
196.591	1361
196.599	1361
196.6	1361
196.607	1361
196.613	1361
196.614	1361
196.621	1361
196.627	1361
196.628	1361
196.637	1361
196.649	1361
196.66	1361
196.661	1361
196.672	1361
196.682	1361
196.684	1361
196.696	1361
196.706	1361
196.708	1361
196.719	1361
196.731	1361
196.741	1361
196.742	1361
196.75	1361
196.759	1361
196.761	1361
196.769	1361
196.776	1361
196.778	1361
196.786	1361
196.794	1361
196.803	1361
196.804	1361
196.813	1361
196.82	1361
196.822	1361
196.83	1361
196.838	1361
196.846	1393
196.848	1393
196.856	1393
196.865	1393
196.866	1393
196.873	1393
196.882	1393
196.89	1393
196.891	1393
196.9	1393
196.907	1393
196.915	1393
196.916	1393
196.924	1393
196.932	1393
196.933	1393
196.942	1393
196.951	1393
196.952	1393
196.959	1393
196.968	1393
196.969	1393
196.976	1393
196.985	1393
196.986	1393
196.994	1393
197.003	1393
197.004	1393
197.012	1393
197.019	1393
197.02	1393
197.029	1393
197.037	1393
197.039	1393
197.047	1393
197.055	1393
197.056	1393
197.064	1393
197.072	1393
197.072	1393
197.081	1393
197.089	1393
197.09	1393
197.099	1393
197.106	1393
197.107	1393
197.116	1393
197.123	1393
197.125	1393
197.133	1393
197.142	1393
197.143	1393
197.151	1393
197.158	1393
197.159	1393
197.167	1393
197.176	1393
197.178	1393
197.186	1393
197.193	1393
197.202	1393
197.203	1393
197.211	1393
197.218	1401
197.22	1401
197.228	1401
197.237	1401
197.238	1401
197.245	1401
197.254	1401
197.255	1401
197.263	1401
197.27	1401
197.271	1401
197.286	1401
197.287	1401
197.306	1401
197.307	1401
197.315	1401
197.323	1401
197.324	1401
197.332	1401
197.341	1401
197.349	1401
197.35	1401
197.359	1401
197.364	1401
197.377	1401
197.383	1401
197.384	1401
197.389	1401
197.397	1401
197.398	1401
197.404	1401
197.41	1401
197.411	1401
197.417	1401
197.424	1401
197.425	1401
197.431	1401
197.437	1401
197.438	1401
197.445	1401
197.451	1401
197.452	1401
197.459	1401
197.466	1401
197.467	1401
197.472	1401
197.474	1401
197.657	1401
197.657	1401
197.657	1401
197.667	1401
197.668	1401
197.677	1401
197.761	1401
197.762	1401
197.771	1401
197.779	1401
197.779	1401
197.787	1401
197.862	1401
197.863	1401
197.871	1401
197.878	1401
197.879	1401
197.888	1401
197.896	1401
197.897	1401
197.905	1401
197.913	1401
197.915	1401
197.923	1401
197.931	1401
197.932	1401
197.94	1401
197.948	1401
197.949	1401
197.957	1401
197.964	1401
197.965	1401
197.972	1401
197.979	1401
197.98	1401
197.986	1401
197.993	1401
197.994	1401
198	1401
198.007	1401
198.008	1401
198.014	1401
198.02	1401
198.021	1401
198.027	1401
198.033	1401
198.034	1401
198.042	1401
198.048	1401
198.049	1401
198.054	1401
198.062	1401
198.063	1401
198.068	1401
198.08	1401
198.082	1401
198.091	1401
198.103	1401
198.105	1401
198.114	1401
198.125	1401
198.128	1401
198.138	1401
198.148	1401
198.15	1401
198.16	1401
198.171	1401
198.172	1401
198.18	1401
198.188	1401
198.19	1401
198.198	1401
198.207	1401
198.208	1401
198.216	1404
198.223	1404
198.224	1404
198.233	1404
198.24	1404
198.241	1404
198.25	1404
198.257	1404
198.259	1404
198.268	1404
198.276	1404
198.277	1404
198.284	1404
198.292	1404
198.293	1404
198.301	1404
198.31	1404
198.311	1404
198.318	1404
198.326	1404
198.329	1404
198.337	1404
198.345	1404
198.346	1404
198.353	1404
198.361	1404
198.362	1404
198.37	1404
198.379	1404
198.38	1404
198.387	1404
198.395	1404
198.397	1404
198.405	1404
198.414	1404
198.415	1404
198.422	1404
198.431	1404
198.432	1404
198.439	1404
198.447	1404
198.449	1404
198.457	1404
198.465	1404
198.466	1404
198.474	1404
198.482	1404
198.483	1404
198.492	1404
198.499	1404
198.5	1404
198.509	1404
198.517	1404
198.518	1404
198.526	1404
198.534	1404
198.535	1404
198.543	1404
198.551	1404
198.552	1404
198.56	1404
198.568	1404
198.569	1404
198.578	1404
198.586	1404
198.587	1404
198.595	1404
198.603	1404
198.605	1404
198.613	1404
198.621	1404
198.621	1404
198.629	1404
198.637	1404
198.638	1404
198.647	1404
198.655	1404
198.656	1404
198.664	1404
198.672	1404
198.679	1404
198.687	1404
198.689	1404
198.698	1404
198.705	1404
198.706	1404
198.714	1404
198.722	1404
198.731	1404
198.739	1404
198.74	1404
198.747	1404
198.755	1404
198.759	1404
198.768	1404
198.776	1404
198.785	1404
198.786	1404
198.794	1404
198.801	1404
198.802	1404
198.809	1404
198.816	1404
198.817	1404
198.823	1404
198.829	1404
198.83	1404
198.837	1404
198.843	1404
198.844	1404
198.851	1404
198.856	1404
198.859	1404
198.868	1404
198.874	1404
198.875	1404
198.881	1404
198.888	1404
198.889	1404
198.895	1404
198.903	1404
198.904	1404
198.916	1404
198.925	1404
198.927	1404
198.938	1404
198.948	1404
198.95	1404
198.961	1404
198.971	1404
198.973	1404
198.984	1404
198.995	1404
198.997	1404
199.007	1404
199.018	1404
199.02	1404
199.027	1404
199.036	1404
199.043	1404
199.044	1404
199.053	1404
199.061	1415
199.062	1415
199.07	1415
199.077	1415
199.086	1415
199.087	1415
199.095	1437
199.103	1437
199.111	1437
199.112	1437
199.12	1437
199.128	1437
199.129	1437
199.137	1437
199.145	1437
199.145	1437
199.153	1437
199.161	1437
199.163	1437
199.171	1437
199.177	1437
199.179	1437
199.187	1437
199.194	1437
199.198	1437
199.208	1437
199.214	1437
199.219	1437
199.228	1437
199.236	1437
199.238	1437
199.245	1437
199.253	1437
199.254	1437
199.262	1437
199.27	1437
199.271	1437
199.279	1437
199.286	1437
199.287	1437
199.295	1437
199.304	1437
199.305	1437
199.313	1437
199.321	1437
199.322	1437
199.33	1437
199.337	1437
199.339	1437
199.345	1437
199.353	1437
199.354	1437
199.362	1437
199.37	1437
199.371	1437
199.379	1437
199.387	1437
199.395	1437
199.401	1437
199.409	1437
199.417	1437
199.425	1437
199.426	1437
199.439	1437
199.445	1437
199.454	1437
199.455	1437
199.462	1437
199.463	1437
199.472	1437
199.473	1437
199.483	1437
199.484	1437
199.493	1437
199.499	1437
199.501	1437
199.508	1437
199.517	1437
199.518	1437
199.526	1437
199.534	1437
199.541	1437
199.542	1437
199.551	1437
199.559	1437
199.562	1437
199.57	1437
199.572	1437
199.578	1437
199.587	1437
199.588	1437
199.595	1437
199.603	1437
199.604	1437
199.613	1437
199.621	1437
199.628	1437
199.629	1437
199.635	1437
199.641	1437
199.642	1437
199.649	1437
199.656	1437
199.657	1437
199.662	1437
199.668	1437
199.67	1437
199.675	1437
199.682	1437
199.683	1437
199.689	1437
199.696	1437
199.701	1437
199.708	1437
199.713	1437
199.718	1437
199.724	1437
199.729	1437
199.74	1437
199.75	1437
199.752	1437
199.762	1437
199.772	1437
199.783	1437
199.785	1437
199.796	1437
199.806	1437
199.816	1437
199.826	1437
199.837	1437
199.838	1437
199.846	1437
199.854	1437
199.856	1437
199.863	1437
199.871	1437
199.878	1437
199.886	1437
199.887	1437
199.895	1437
199.903	1437
199.904	1437
199.913	1437
199.92	1437
199.921	1437
199.93	1437
199.938	1437
199.939	1437
199.947	1437
199.954	1437
199.955	1437
199.963	1437
199.97	1437
199.972	1437
199.979	1437
199.988	1437
199.989	1437
199.997	1437
