80.365	1	365	1350
80.906	11	388	1350
80.9082	12	384	1350
80.917	13	386	1350
80.9325	15	388	1350
80.9391	16	388	1350
80.9523	18	388	1350
80.959	19	387	1350
80.9656	20	387	1350
80.9788	22	387	1350
80.9855	23	387	1350
80.9921	24	387	1350
80.9987	25	386	1350
81.0075	26	389	1350
81.012	27	386	1350
81.0186	28	386	1350
81.0252	29	387	1350
81.0318	30	386	1350
81.0363	31	384	1350
81.0451	32	386	1350
81.0539	33	388	1350
81.0583	34	386	1350
81.0672	35	388	1350
81.0716	36	385	1350
81.0782	37	386	1350
81.1533	39	386	1350
81.5641	40	310	33
81.5884	41	310	1350
81.6038	42	312	1350
81.6193	43	316	1350
82.0388	44	335	1350
82.0542	45	338	1350
82.0653	46	336	1350
82.0807	47	339	1350
82.0962	48	342	1350
82.1116	49	345	1350
82.1271	50	349	1350
82.1426	51	351	1350
82.158	52	355	1350
82.1735	53	357	1350
82.1889	54	360	1350
82.2044	55	364	1350
82.2198	56	366	1350
82.2353	57	370	1350
82.2508	58	372	1350
82.2662	59	376	1350
82.2817	60	379	1350
82.2971	61	382	1350
82.328	63	388	1350
82.3413	64	389	1350
82.3523	65	388	1350
82.3788	67	389	1350
82.3987	69	384	1350
82.4119	70	385	1350
82.4274	71	388	1350
82.4406	72	389	1350
82.4517	73	387	1350
82.5422	74	388	1342
82.5643	76	386	1350
82.5775	77	387	1350
82.5864	78	385	1350
82.5974	79	384	1350
82.6239	81	388	1350
82.6327	82	386	1350
82.646	83	387	1350
82.6548	84	385	1350
82.6681	85	388	1350
82.6857	87	381	1350
82.7012	88	386	1350
82.7139	89	378	1051
82.8243	90	372	1350
82.8641	91	366	1350
82.895	92	367	1350
82.9194	93	354	33
83.0342	94	348	1350
83.0872	95	341	1350
83.1424	96	328	1350
83.2462	97	322	1350
83.2638	98	325	1350
83.2793	99	327	1350
83.3036	100	337	1350
83.319	101	340	1350
83.3389	102	345	1350
83.3588	103	351	1350
83.3787	104	357	1350
83.3985	105	363	1350
83.4184	106	370	1350
83.4339	107	371	1350
83.4493	108	373	1350
83.4648	109	375	1350
83.4802	110	377	1350
83.4913	111	374	1350
83.5111	112	380	1350
83.5266	113	382	1350
83.542	114	384	1350
83.5575	115	385	1350
83.573	116	387	1350
83.5818	117	382	1350
83.5995	118	387	1350
83.6127	119	386	1350
83.6282	120	389	1350
83.6392	121	386	1350
83.7496	123	386	1350
83.7651	124	389	1350
83.7849	126	383	1350
83.7982	127	384	1350
83.8114	128	385	1350
83.8269	129	388	1350
83.8401	130	389	1350
83.8512	131	388	1350
83.86	132	384	1350
83.8732	133	385	1350
83.8865	134	386	1350
83.9042	135	386	1350
83.9196	136	389	1350
83.9351	137	386	1350
83.9461	138	385	1350
83.9682	139	388	1350
83.9814	140	389	1350
83.9969	141	385	1350
84.0101	142	387	1350
84.0234	143	381	1350
84.0388	144	384	1350
84.0543	145	381	1350
84.0698	146	384	1350
84.0852	147	386	1350
84.094	148	382	1350
84.1139	149	385	1350
84.1205	150	380	1350
84.136	151	371	1350
84.1515	152	375	1350
84.2243	153	375	1350
84.2464	154	381	1350
84.253	155	376	1350
84.2773	156	379	1350
84.2972	157	384	1350
84.3126	158	384	1350
84.3369	159	385	1350
84.3524	160	379	1350
84.37	161	382	1350
84.3855	162	381	1350
84.401	163	381	1350
84.4098	164	374	1350
84.4473	165	376	1350
84.4628	166	376	1350
84.4871	167	381	1350
84.5069	168	385	1350
84.518	169	381	1350
84.529	170	366	1350
84.5445	171	365	1350
84.5621	172	368	1350
84.5776	173	368	1350
84.5975	174	372	1350
84.6173	175	377	1350
84.6372	176	382	1350
84.6527	177	382	1350
84.6725	178	387	1350
84.7498	180	385	1350
84.7675	181	388	1350
84.7785	182	385	1350
84.7962	183	388	1350
84.8072	184	385	1350
84.8227	185	386	1350
84.8403	186	389	1350
84.8536	187	389	1350
84.8646	188	386	1350
84.8801	189	388	1350
84.9066	191	387	1350
84.922	192	389	1350
84.9353	193	388	1350
84.975	195	390	1350
84.9971	196	385	1350
85.0126	197	387	1350
85.0236	198	380	1350
85.0347	199	378	1350
85.0479	200	378	1350
85.0634	201	380	1350
85.0788	202	376	1350
85.0987	203	383	1350
85.1274	204	385	1350
85.1362	205	381	1350
85.1539	206	376	1350
85.1715	207	381	1350
85.2312	208	382	1350
85.2488	209	385	1350
85.2599	210	383	1350
85.2709	211	381	1350
85.2908	212	386	1350
85.3195	213	387	1350
85.3261	214	379	1350
85.346	215	380	1350
85.3659	216	384	1350
85.3857	217	380	1350
85.3968	218	376	1350
85.4166	219	380	1350
85.4321	220	380	1350
85.4696	221	372	1350
85.4895	222	377	1350
85.505	223	376	1350
85.5337	224	374	1350
85.5535	225	378	1350
85.5756	226	384	1350
85.5867	227	380	1350
85.6065	228	383	1350
85.6396	229	387	1350
85.6573	230	389	1350
85.6728	231	389	1350
85.686	232	387	1350
85.7412	233	385	1350
85.7589	234	387	1350
85.7765	235	389	1350
85.7876	236	385	1350
85.8185	238	386	1350
85.8516	240	389	1350
85.8649	241	388	1350
85.8737	242	382	1350
85.8891	243	384	1350
85.9223	245	389	1350
85.9311	246	384	1350
85.9488	247	387	1350
85.962	248	387	1350
85.9753	249	386	1350
85.9929	250	389	1350
86.015	251	385	1350
86.0437	252	385	1350
86.0592	253	387	1350
86.0812	254	381	1350
86.0967	255	382	1350
86.1188	256	387	1350
86.1519	257	387	1350
86.1651	258	387	1350
86.1762	259	384	1350
86.1916	260	386	1350
86.2071	261	388	1350
86.2446	262	378	1350
86.2601	263	381	1350
86.2844	264	383	1350
86.2998	265	384	1350
86.3153	266	387	1350
86.3352	267	384	1350
86.3705	269	387	1350
86.3837	270	384	1350
86.4014	271	379	1350
86.4279	272	379	1350
86.4522	273	388	1350
86.4875	274	387	1350
86.503	275	386	1350
86.5206	276	380	1350
86.5515	277	383	1350
86.567	278	383	1350
86.5869	279	380	1350
86.6067	280	384	1350
86.6288	281	385	1350
86.6597	282	383	1350
86.6796	283	386	1350
86.6973	284	388	1350
86.7105	285	385	1350
86.7304	286	389	1350
86.7547	287	385	1350
86.7701	288	385	1350
86.7966	289	387	1350
86.8386	292	381	1350
86.854	293	381	1350
86.8717	294	383	1350
86.8916	295	388	1350
86.9137	296	386	1350
86.9622	297	385	1350
86.9998	298	387	1350
87.0086	299	378	1350
87.0196	300	371	1350
87.0373	301	361	1350
87.0616	302	350	1350
87.0771	303	348	1350
87.0969	304	343	1350
87.119	305	335	1350
87.1389	306	336	1350
87.1543	307	332	1350
87.1698	308	329	1350
87.1897	309	332	1350
87.2228	310	327	1350
87.2471	311	326	1350
87.2714	312	333	1350
87.2868	313	329	1350
87.3067	314	331	1350
87.331	315	338	1350
87.3464	316	336	1350
87.3663	317	339	1350
87.3906	318	345	1350
87.4105	319	348	1350
87.4347	320	347	1350
87.459	321	355	1350
87.4789	322	354	1350
87.4988	323	357	1350
87.5187	324	360	1350
87.5341	325	360	1350
87.554	326	362	1350
87.5739	327	365	1350
87.5937	328	369	1350
87.6136	329	369	1350
87.6335	330	373	1350
87.6578	331	378	1350
87.6732	332	378	1350
87.6975	333	383	1350
87.7306	334	383	1350
87.7505	335	387	1350
87.7814	336	385	1350
87.7991	337	388	1350
87.8167	338	385	1350
87.8322	339	385	1350
87.8565	340	385	1350
87.8719	341	385	1350
87.9028	342	387	1350
87.9139	343	383	1350
87.9271	344	368	1350
87.9404	345	365	1350
87.9537	346	350	1350
87.9648	347	345	1350
87.9824	348	339	1350
87.9913	349	332	1350
88.0023	350	323	1350
88.0111	351	317	1350
88.0133	352	295	1350
88.0156	353	281	1350
88.0178	354	259	1350
88.02	355	245	1350
88.0223	356	224	1350
88.0245	357	211	1350
88.0267	358	171	1350
88.0289	359	157	1350
88.0311	360	125	1350
88.0333	361	111	1350
88.044	362	103	1350
88.0598	363	102	1350
88.0853	364	104	1350
88.0995	365	102	1350
88.1153	366	102	1350
88.1412	367	103	1350
88.1569	368	102	1350
88.1726	369	102	1350
88.1882	370	103	1350
88.2037	371	102	1350
88.2192	372	103	1350
88.2345	373	102	1350
88.2485	374	102	1350
88.2625	375	102	1350
88.2757	376	102	1350
88.2888	377	102	1350
88.3012	378	102	1350
88.3148	379	103	1350
88.3254	380	102	1350
88.3371	381	103	1350
88.3488	382	102	1350
88.36	383	103	1350
88.3712	384	102	1350
88.3819	385	102	1350
88.3925	386	102	1350
88.4074	387	107	1350
88.4177	388	106	1350
88.4235	389	102	1350
88.4345	390	103	1350
88.45	391	108	1350
88.461	392	110	1350
88.472	393	112	1350
88.4831	394	113	1350
88.4985	395	119	1350
88.5096	396	121	1350
88.5206	397	123	1350
88.5317	398	124	1350
88.5471	399	131	1350
88.5582	400	134	1350
88.5648	401	131	1350
88.5758	402	133	1350
88.5869	403	136	1350
88.5979	404	138	1350
88.6089	405	141	1350
88.6244	406	148	1350
88.631	407	147	1350
88.6421	408	150	1350
88.6531	409	153	1350
88.6641	410	155	1350
88.6752	411	158	1350
88.6818	412	156	1350
88.6928	413	160	1350
88.7039	414	163	1350
88.7149	415	166	1350
88.7304	416	171	1350
88.737	417	169	1350
88.748	418	174	1350
88.7723	419	175	1350
88.7834	420	179	1350
88.8032	421	180	1350
88.8143	422	184	1350
88.8209	423	182	1350
88.8408	424	184	1350
88.8518	425	188	1350
88.8761	426	193	1350
88.8827	427	192	1350
88.8938	428	196	1350
88.9092	429	198	1350
88.9203	430	201	1350
88.9269	431	200	1350
88.9512	432	202	1350
88.9622	433	206	1350
88.9733	434	210	1350
88.9799	435	208	1350
88.9909	436	212	1350
89.002	437	216	1350
89.0086	438	215	1350
89.0285	439	222	1350
89.0351	440	221	1350
89.0505	441	229	1350
89.0704	442	230	1350
89.0814	443	234	1350
89.0925	444	238	1350
89.1124	445	239	1350
89.1234	446	243	1350
89.1565	447	248	1350
89.1676	448	251	1350
89.2007	449	261	1350
89.2117	450	264	1350
89.236	451	271	1350
89.2515	452	278	1350
89.2846	453	283	1350
89.3	454	291	1350
89.3022	455	286	1350
89.3221	456	288	1350
89.3332	457	291	1350
89.3442	458	294	1350
89.3685	459	292	1350
89.3795	460	295	1350
89.3906	461	298	1350
89.4016	462	301	1350
89.4038	463	295	1350
89.4149	464	298	1350
89.4259	465	300	1350
89.4369	466	303	1350
89.448	467	305	1350
89.4634	468	303	1350
89.4701	469	302	1350
89.4899	470	294	1350
89.501	471	296	1350
89.512	472	300	1350
89.5319	473	294	1350
89.5429	474	296	1350
89.5716	475	290	1350
89.5871	476	297	1350
89.6158	477	290	1350
89.6268	478	292	1350
89.6511	479	290	1350
89.6622	480	292	1350
89.7041	481	295	1350
89.7151	482	296	1350
89.7262	483	298	1350
89.7372	484	299	1350
89.7615	485	303	1350
89.7726	486	304	1350
89.8013	487	308	1350
89.8123	488	309	1350
89.8233	489	310	1350
89.8344	490	311	1350
89.8454	491	312	1350
89.8565	492	313	1350
89.8719	493	318	1350
89.883	494	318	1350
89.894	495	319	1350
89.9094	496	325	1350
89.9205	497	326	1350
89.9315	498	326	1350
89.947	499	331	1350
89.958	500	332	1350
89.9691	501	333	1350
89.9889	502	332	1350
90.0044	503	337	1350
90.0331	504	337	1350
90.0486	505	341	1350
90.0817	506	341	1350
90.0971	507	346	1350
90.1214	508	345	1350
90.1325	509	346	1350
90.1744	510	345	1350
90.1854	511	346	1350
90.2009	512	350	1350
90.2119	513	349	1350
90.2274	514	355	1350
90.2517	515	354	1350
90.2671	516	359	1350
90.287	517	361	1350
90.2981	518	361	1350
90.3135	519	366	1350
90.3246	520	366	1350
90.34	521	371	1350
90.351	522	371	1350
90.3665	523	370	1350
90.382	524	374	1350
90.393	525	374	1350
90.4129	526	378	1350
90.4239	527	378	1350
90.435	528	378	1350
90.4548	529	382	1350
90.4703	530	387	1350
90.4813	531	388	1350
90.5078	533	382	1350
90.5431	534	385	1350
90.5542	535	385	1350
90.5939	536	387	1350
90.6072	537	390	1350
90.6337	538	387	1350
90.6469	539	389	1350
90.68	540	381	1350
90.6955	541	385	1350
90.7087	542	383	1350
90.7198	543	382	1350
90.7352	544	383	1350
90.7485	545	385	1350
90.7595	546	384	1350
90.7772	547	385	1350
90.7882	548	385	1350
90.8103	549	387	1350
90.8214	550	387	1350
90.8346	551	385	1350
90.8478	552	386	1350
90.8611	553	385	1350
90.8766	554	389	1350
90.8942	555	387	1350
90.903	556	385	1350
90.9207	557	383	1350
90.9318	558	382	1350
90.9428	559	381	1350
90.9649	560	385	1350
90.9803	561	389	1350
90.9914	562	385	1350
91.0024	563	384	1350
91.0223	564	379	1350
91.0289	565	373	1350
91.0731	566	379	1350
91.1084	567	376	1350
91.1393	568	381	1350
91.1548	569	381	1350
91.1768	570	371	1350
91.2078	571	374	1350
91.2232	572	375	1350
91.2365	573	374	1350
91.2475	574	370	1350
91.2652	575	374	1350
91.274	576	367	1350
91.2939	577	358	1350
91.3093	578	360	1350
91.3182	579	354	1350
91.3336	580	354	1350
91.3446	581	351	1350
91.3601	582	352	1350
91.3756	583	347	1350
91.391	584	349	1350
91.4021	585	346	1350
91.4175	586	345	1350
91.4374	587	348	1350
91.4528	588	348	1350
91.4683	589	349	1350
91.4838	590	350	1350
91.4992	591	351	1350
91.5102	592	348	1350
91.5522	593	354	1350
91.5677	594	355	1350
91.5875	595	354	1350
91.6162	596	352	1350
91.6361	597	358	1350
91.6516	598	360	1350
91.667	599	362	1350
91.6913	600	359	1350
91.7112	601	365	1350
91.7266	602	365	1350
91.7421	603	368	1350
91.7575	604	367	1350
91.773	605	369	1350
91.7885	606	370	1350
91.8039	607	371	1350
91.8194	608	374	1350
91.8304	609	372	1350
91.8503	610	379	1350
91.8657	611	380	1350
91.8768	612	378	1350
91.8966	613	380	1350
91.9121	614	384	1350
91.9276	615	386	1350
91.943	616	389	1350
91.9518	617	384	1350
91.9673	618	388	1350
91.9761	619	384	1350
91.996	620	388	1350
92.007	621	386	1350
92.0203	622	385	1350
92.0358	623	383	1350
92.0755	624	383	1350
92.0887	625	383	1350
92.1241	626	383	1350
92.1351	627	382	1350
92.1616	628	385	1350
92.1771	629	389	1350
92.1991	630	383	1350
92.2146	631	386	1350
92.2389	632	387	1350
92.2499	633	386	1350
92.2632	634	387	1350
92.2742	635	386	1350
92.2897	636	389	1350
92.3118	638	386	1350
92.3294	639	385	1350
92.3405	640	384	1350
92.3625	641	387	1350
92.3758	642	388	1350
92.3868	643	385	1350
92.3979	644	383	1350
92.4177	645	380	1350
92.4354	646	386	1350
92.4509	647	382	1350
92.4619	648	381	1350
92.4774	649	385	1350
92.484	650	378	1350
92.4928	651	375	1350
92.5083	652	376	1350
92.5193	653	375	1350
92.5303	654	370	1350
92.5679	655	367	1350
92.5789	656	365	1350
92.612	657	363	1350
92.6275	658	366	1350
92.6518	659	365	1350
92.6672	660	368	1350
92.6915	661	367	1350
92.7048	662	368	1350
92.7269	663	363	1350
92.7445	664	368	1350
92.76	665	371	1350
92.771	666	370	1350
92.7865	667	373	1350
92.7975	668	371	1350
92.8174	669	378	1350
92.8262	670	375	1350
92.8373	671	371	1350
92.8726	672	372	1350
92.8836	673	368	1350
92.8947	674	364	1350
92.9123	675	367	1350
92.9344	676	359	1350
92.9543	677	364	1350
92.9675	678	362	1350
92.983	679	362	1350
92.994	680	360	1350
93.0051	681	356	1350
93.0205	682	356	1350
93.0404	683	348	1350
93.0514	684	344	1350
93.0713	685	334	1350
93.0868	686	335	1350
93.1066	687	330	1350
93.1353	688	319	1350
93.1464	689	315	1350
93.1662	690	315	1350
93.1729	691	306	1350
93.1927	692	307	1350
93.2082	693	309	1350
93.2192	694	306	1350
93.2347	695	306	1350
93.2502	696	308	1350
93.2656	697	309	1350
93.2811	698	311	1350
93.2965	699	312	1350
93.3076	700	310	1350
93.323	701	311	1350
93.3385	702	313	1350
93.3583	703	319	1350
93.3694	704	316	1350
93.3937	705	314	1350
93.4091	706	317	1350
93.4246	707	318	1350
93.4356	708	316	1350
93.4511	709	319	1350
93.4665	710	321	1350
93.482	711	322	1350
93.4974	712	325	1350
93.5085	713	323	1350
93.5239	714	325	1350
93.5394	715	328	1350
93.5504	716	326	1350
93.588	717	327	1350
93.599	718	327	1350
93.6189	719	327	1350
93.6343	720	331	1350
93.6498	721	332	1350
93.6608	722	330	1350
93.6763	723	334	1350
93.6918	724	332	1350
93.7028	725	331	1350
93.7182	726	335	1350
93.7293	727	334	1350
93.7403	728	333	1350
93.7602	729	339	1350
93.7757	730	342	1350
93.7867	731	338	1350
93.8022	732	343	1350
93.8264	733	343	1350
93.8375	734	343	1350
93.8618	735	343	1350
93.8728	736	342	1350
93.8927	737	343	1350
93.9037	738	342	1350
93.9236	739	347	1350
93.9302	740	343	1350
93.9545	741	347	1350
93.9655	742	347	1350
93.981	743	347	1350
93.992	744	348	1350
94.0163	745	352	1350
94.0274	746	352	1350
94.0649	747	351	1350
94.0759	748	351	1350
94.0914	749	356	1350
94.1024	750	356	1350
94.1135	751	355	1350
94.1289	752	354	1350
94.1444	753	358	1350
94.1598	754	358	1350
94.1709	755	358	1350
94.1908	756	363	1350
94.2018	757	362	1350
94.2173	758	363	1350
94.2283	759	363	1350
94.2482	760	363	1350
94.2592	761	363	1350
94.2791	762	368	1350
94.2901	763	367	1350
94.3188	764	367	1350
94.3321	765	370	1350
94.3519	766	365	1350
94.3696	767	371	1350
94.3851	768	368	1350
94.3961	769	367	1350
94.4226	770	374	1350
94.4292	771	369	1350
94.4535	772	374	1350
94.4646	773	373	1350
94.48	774	374	1350
94.491	775	374	1350
94.5153	776	374	1350
94.5242	777	372	1350
94.5617	778	372	1350
94.5727	779	371	1350
94.5904	780	374	1350
94.6059	781	377	1350
94.6125	782	373	1350
94.6324	783	378	1350
94.6412	784	376	1350
94.6611	785	377	1350
94.6721	786	376	1350
94.6942	787	379	1350
94.7096	788	382	1350
94.7207	789	378	1350
94.7361	790	382	1350
94.7472	791	374	1350
94.7582	792	373	1350
94.7803	793	376	1350
94.7958	794	380	1350
94.8222	795	379	1350
94.8333	796	378	1350
94.8487	797	371	1350
94.8598	798	371	1350
94.8752	799	365	1350
94.8863	800	364	1350
94.9062	801	359	1350
94.9172	802	358	1350
94.9282	803	350	1350
94.9393	804	349	1350
94.9547	805	349	1350
94.9658	806	348	1350
94.9812	807	341	1350
94.9923	808	340	1350
95.021	809	334	1350
95.0364	810	338	1350
95.0519	811	336	1350
95.0629	812	335	1350
95.0784	813	339	1350
95.0982	814	341	1350
95.1093	815	340	1350
95.1247	816	338	1350
95.1402	817	342	1350
95.1601	818	341	1350
95.1755	819	344	1350
95.191	820	345	1350
95.202	821	344	1350
95.2175	822	345	1350
95.2285	823	344	1350
95.244	824	348	1350
95.2594	825	350	1350
95.297	826	349	1350
95.308	827	349	1350
95.3235	828	350	1350
95.3389	829	352	1350
95.35	830	349	1350
95.3654	831	353	1350
95.3853	832	354	1350
95.4007	833	357	1350
95.4118	834	356	1350
95.4272	835	360	1350
95.4339	836	354	1350
95.4449	837	354	1350
95.4604	838	357	1350
95.4714	839	356	1350
95.4869	840	359	1350
95.5067	841	360	1350
95.5222	842	365	1350
95.5376	843	361	1350
95.5487	844	360	1350
95.5641	845	361	1350
95.5796	846	365	1350
95.6017	847	367	1350
95.6083	848	363	1350
95.6326	849	367	1350
95.6436	850	367	1350
95.6657	851	365	1350
95.6767	852	365	1350
95.6922	853	365	1350
95.7077	854	369	1350
95.7231	855	370	1350
95.7342	856	370	1350
95.754	857	370	1350
95.7871	858	365	1350
95.8048	859	371	1350
95.8203	860	372	1350
95.8313	861	372	1350
95.8468	862	371	1350
95.8578	863	371	1350
95.8821	864	372	1350
95.8975	865	376	1350
95.9086	866	376	1350
95.9152	867	371	1350
95.9307	868	375	1350
95.9417	869	375	1350
95.9527	870	375	1350
95.9682	871	379	1350
95.9792	872	379	1350
95.9859	873	374	1350
96.0079	874	376	1350
96.0212	875	378	1350
96.0411	876	379	1350
96.0521	877	379	1350
96.0676	878	378	1350
96.0786	879	378	1350
96.1007	880	374	1350
96.1183	881	381	1350
96.1338	882	376	1350
96.1426	883	374	1350
96.1669	884	376	1350
96.1758	885	373	1350
96.1912	886	374	1350
96.2022	887	374	1350
96.2155	888	376	1350
96.231	889	379	1350
96.2552	890	376	1350
96.2862	891	374	1350
96.2994	892	376	1350
96.3171	893	372	1350
96.3303	894	374	1350
96.3458	895	374	1350
96.3568	896	373	1350
96.3723	897	378	1350
96.3855	898	378	1350
96.3921	899	374	1350
96.4142	900	381	1350
96.4208	901	376	1350
96.4319	902	375	1350
96.4473	903	381	1350
96.454	904	375	1350
96.4738	905	380	1350
96.4805	906	376	1350
96.4959	907	380	1350
96.5092	908	376	1350
96.5246	909	380	1350
96.5423	910	376	1350
96.5577	911	380	1350
96.5732	912	381	1350
96.5842	913	381	1350
96.6041	914	379	1350
96.6196	915	382	1350
96.6328	916	374	1350
96.6438	917	373	1350
96.6593	918	367	1350
96.6703	919	367	1350
96.6814	920	367	1350
96.6924	921	365	1350
96.699	922	361	1350
96.7145	923	358	1350
96.7255	924	358	1350
96.7587	925	347	1350
96.7653	926	343	1350
96.7763	927	343	1350
96.7874	928	343	1350
96.8072	929	337	1350
96.8183	930	337	1350
96.8293	931	336	1350
96.8404	932	336	1350
96.8558	933	340	1350
96.8669	934	340	1350
96.8823	935	343	1350
96.8934	936	343	1350
96.9044	937	343	1350
96.9154	938	343	1350
96.9265	939	343	1350
96.9463	940	348	1350
96.953	941	343	1350
96.9684	942	347	1350
96.9795	943	345	1350
96.9905	944	345	1350
97.0148	945	347	1350
97.0302	946	352	1350
97.0501	947	352	1350
97.0612	948	352	1350
97.081	949	352	1350
97.0921	950	352	1350
97.1075	951	350	1350
97.123	952	354	1350
97.1384	953	354	1350
97.1495	954	354	1350
97.1605	955	354	1350
97.1716	956	354	1350
97.187	957	359	1350
97.1981	958	359	1350
97.2135	959	363	1350
97.2466	960	363	1350
97.2577	961	363	1350
97.2643	962	359	1350
97.2753	963	360	1350
97.2908	964	364	1350
97.3018	965	364	1350
97.3129	966	365	1350
97.3283	967	370	1350
97.3394	968	371	1350
97.3504	969	370	1350
97.3614	970	370	1350
97.3813	971	374	1350
97.3924	972	375	1350
97.399	973	370	1350
97.4144	974	374	1350
97.4255	975	375	1350
97.4454	976	374	1350
97.4608	977	379	1350
97.4674	978	376	1350
97.4829	979	378	1350
97.4939	980	379	1350
97.5204	981	381	1350
97.5315	982	381	1350
97.5558	983	380	1350
97.5624	984	377	1350
97.5845	985	378	1350
97.5977	986	381	1350
97.6065	987	374	1350
97.6176	988	375	1350
97.6286	989	376	1350
97.6397	990	376	1350
97.6463	991	373	1350
97.6617	992	378	1350
97.6728	993	376	1350
97.6838	994	377	1350
97.6993	995	376	1350
97.7103	996	377	1350
97.7456	997	374	1350
97.7567	998	375	1350
97.7655	999	374	1350
97.7766	1000	376	1350
97.7876	1001	376	1350
97.7986	1002	378	1350
97.8141	1003	384	1350
97.8207	1004	380	1350
97.8318	1005	378	1350
97.8428	1006	379	1350
97.8582	1007	386	1350
97.8693	1008	383	1350
97.8759	1009	379	1350
97.9002	1010	383	1350
97.9112	1011	384	1350
97.9179	1012	381	1350
97.9289	1013	382	1350
97.9399	1014	383	1350
97.951	1015	385	1350
97.9664	1016	381	1350
97.9775	1017	382	1350
97.9885	1018	383	1350
97.9996	1019	380	1350
98.0106	1020	382	1350
98.0283	1021	383	1350
98.0393	1022	384	1350
98.0636	1023	383	1350
98.0702	1024	380	1350
98.0945	1025	385	1350
98.0989	1026	380	1350
98.11	1027	381	1350
98.1166	1028	379	1350
98.1254	1029	378	1350
98.1365	1030	380	1350
98.1475	1031	382	1350
98.1585	1032	383	1350
98.1652	1033	382	1350
98.1762	1034	383	1350
98.1872	1035	384	1350
98.2027	1036	378	1350
98.2137	1037	380	1350
98.2248	1038	382	1350
98.2491	1039	379	1350
98.2601	1040	381	1350
98.2734	1041	385	1350
98.2822	1042	381	1350
98.2932	1043	383	1350
98.3043	1044	385	1350
98.3109	1045	382	1350
98.3219	1046	382	1350
98.333	1047	384	1350
98.3396	1048	382	1350
98.355	1049	388	1350
98.3617	1050	385	1350
98.3815	1051	387	1350
98.3838	1052	380	1350
98.3948	1053	382	1350
98.4102	1054	385	1350
98.4169	1055	382	1350
98.4279	1056	385	1350
98.439	1057	385	1350
98.4456	1058	383	1350
98.4522	1059	381	1350
98.4721	1060	381	1350
98.4787	1061	378	1350
98.4897	1062	381	1350
98.4964	1063	379	1350
98.503	1064	376	1350
98.5096	1065	375	1350
98.5251	1066	372	1350
98.5361	1067	375	1350
98.5383	1068	368	1350
98.5582	1069	370	1350
98.5648	1070	367	1350
98.5847	1071	365	1350
98.5869	1072	359	1350
98.5979	1073	361	1350
98.609	1074	364	1350
98.6156	1075	363	1350
98.6222	1076	361	1350
98.6333	1077	364	1350
98.6399	1078	362	1350
98.6509	1079	365	1350
98.6575	1080	363	1350
98.6642	1081	362	1350
98.6752	1082	365	1350
98.6862	1083	368	1350
98.6885	1084	362	1350
98.7039	1085	365	1350
98.715	1086	368	1350
98.7392	1087	365	1350
98.7503	1088	368	1350
98.7613	1089	371	1350
98.7679	1090	369	1350
98.779	1091	371	1350
98.79	1092	375	1350
98.7966	1093	373	1350
98.8077	1094	372	1350
98.8187	1095	375	1350
98.8298	1096	378	1350
98.8364	1097	377	1350
98.8474	1098	380	1350
98.8541	1099	380	1350
98.8607	1100	378	1350
98.8761	1101	370	1350
98.8828	1102	368	1350
98.885	1103	363	1350
98.8916	1104	362	1350
98.8982	1105	361	1350
98.9048	1106	360	1350
98.9115	1107	359	1350
98.9181	1108	354	1350
98.9247	1109	353	1350
98.9313	1110	352	1350
98.9335	1111	347	1350
98.9358	1112	338	1350
98.938	1113	333	1350
98.9402	1114	329	1350
98.9424	1115	323	1350
98.9446	1116	318	1350
98.9468	1117	312	1350
98.949	1118	307	1350
98.9512	1119	303	1350
98.9534	1120	292	1350
98.9556	1121	287	1350
98.9578	1122	282	1350
98.96	1123	278	1350
98.9622	1124	273	1350
98.9645	1125	275	1350
98.9667	1126	262	1350
98.9689	1127	245	1350
98.9711	1128	248	1350
98.9733	1129	236	1350
98.9755	1130	238	1350
98.9778	1131	226	1350
98.98	1132	222	1350
98.9822	1133	224	1350
98.9844	1134	212	1350
98.9866	1135	214	1350
98.9888	1136	199	1350
98.9911	1137	202	1350
98.9933	1138	191	1350
98.9955	1139	193	1350
98.9977	1140	181	1350
98.9999	1141	170	1350
99.0021	1142	173	1350
99.0043	1143	162	1350
99.0065	1144	142	1350
99.0087	1145	144	1350
99.0109	1146	133	1350
99.0131	1147	136	1350
99.0153	1148	122	1350
99.0175	1149	124	1350
99.0198	1150	113	1350
99.022	1151	114	1350
99.0242	1152	117	1350
99.0479	1153	104	1350
99.0501	1154	107	1350
99.0589	1155	102	1350
99.0611	1156	105	1350
99.0747	1157	102	1350
99.0769	1158	104	1350
99.0875	1159	102	1350
99.0897	1160	104	1350
99.1034	1161	102	1350
99.1056	1162	104	1350
99.116	1163	103	1350
99.1182	1164	105	1350
99.1286	1165	102	1350
99.1321	1166	103	1350
99.1343	1167	105	1350
99.152	1168	107	1350
99.1542	1169	109	1350
99.1598	1170	102	1350
99.162	1171	104	1350
99.1719	1172	102	1350
99.1741	1173	105	1350
99.184	1174	102	1350
99.1862	1175	105	1350
99.1957	1176	102	1350
99.1979	1177	104	1350
99.2074	1178	102	1350
99.2096	1179	104	1350
99.2186	1180	102	1350
99.2208	1181	104	1350
99.2298	1182	102	1350
99.232	1183	104	1350
99.2403	1184	102	1350
99.2425	1185	104	1350
99.2508	1186	102	1350
99.2531	1187	105	1350
99.2608	1188	102	1350
99.263	1189	104	1350
99.2711	1190	103	1350
99.2733	1191	105	1350
99.2838	1192	105	1350
99.286	1193	107	1350
99.29	1194	103	1350
99.2922	1195	105	1350
99.2994	1196	102	1350
99.3016	1197	104	1350
99.309	1198	103	1350
99.3112	1199	105	1350
99.3217	1200	106	1350
99.3239	1201	108	1350
99.3267	1202	102	1350
99.3289	1203	104	1350
99.3356	1204	102	1350
99.3378	1205	104	1350
99.347	1206	105	1350
99.3492	1207	108	1350
99.3526	1208	102	1350
99.3548	1209	104	1350
99.3614	1210	103	1350
99.3636	1211	105	1350
99.3941	1212	127	1350
99.3964	1213	129	1350
99.403	1214	127	1350
99.4052	1215	130	1350
99.4162	1216	133	1350
99.4184	1217	135	1350
99.4295	1218	138	1350
99.4317	1219	140	1350
99.4383	1220	140	1350
99.4405	1221	142	1350
99.4516	1222	145	1350
99.4538	1223	147	1350
99.4604	1224	146	1350
99.4626	1225	148	1350
99.4736	1226	152	1350
99.4758	1227	154	1350
99.4825	1228	153	1350
99.4847	1229	155	1350
99.4913	1230	155	1350
99.4935	1231	157	1350
99.5045	1232	160	1350
99.5068	1233	162	1350
99.5134	1234	162	1350
99.5156	1235	164	1350
99.5266	1236	168	1350
99.5288	1237	170	1350
99.5355	1238	170	1350
99.5377	1239	172	1350
99.5487	1240	176	1350
99.5509	1241	178	1350
99.5575	1242	178	1350
99.5597	1243	180	1350
99.5664	1244	180	1350
99.5686	1245	182	1350
99.5796	1246	186	1350
99.5818	1247	188	1350
99.5885	1248	188	1350
99.5907	1249	190	1350
99.6017	1250	194	1350
99.6039	1251	196	1350
99.6105	1252	196	1350
99.6127	1253	198	1350
99.6194	1254	198	1350
99.6216	1255	200	1350
99.6282	1256	201	1350
99.6304	1257	203	1350
99.6414	1258	207	1350
99.6437	1259	209	1350
99.6503	1260	210	1350
99.6525	1261	212	1350
99.6591	1262	213	1350
99.6613	1263	215	1350
99.6679	1264	214	1350
99.6701	1265	217	1350
99.6812	1266	221	1350
99.6834	1267	223	1350
99.6944	1268	222	1350
99.6966	1269	224	1350
99.7033	1270	225	1350
99.7055	1271	227	1350
99.7165	1272	232	1350
99.7187	1273	234	1350
99.7518	1274	232	1350
99.7541	1275	235	1350
99.7607	1276	235	1350
99.7629	1277	237	1350
99.7739	1278	242	1350
99.7761	1279	245	1350
99.7916	1280	237	1350
99.7938	1281	239	1350
99.8048	1282	244	1350
99.807	1283	247	1350
99.8137	1284	246	1350
99.8159	1285	248	1350
99.8357	1286	250	1350
99.838	1287	252	1350
99.8446	1288	253	1350
99.8468	1289	255	1350
99.8534	1290	255	1350
99.8556	1291	257	1350
99.8755	1292	259	1350
99.8777	1293	261	1350
99.8843	1294	262	1350
99.8865	1295	264	1350
99.8932	1296	264	1350
99.8954	1297	266	1350
99.9197	1298	268	1350
99.9219	1299	270	1350
99.9329	1300	274	1350
99.9351	1301	277	1350
99.9373	1302	273	1350
99.9395	1303	275	1350
99.955	1304	272	1350
99.9572	1305	275	1350
99.9682	1306	279	1350
99.9704	1307	281	1350
99.9815	1308	286	1350
99.9837	1309	288	1350
99.9991	1310	286	1350
100.001	1311	288	1350
100.008	1312	288	1350
100.01	1313	291	1350
100.021	1314	294	1350
100.023	1315	296	1350
100.034	1316	301	1350
100.046	1317	299	1350
100.048	1318	301	1350
100.054	1319	301	1350
100.057	1320	303	1350
100.068	1321	307	1350
100.07	1322	309	1350
100.085	1323	310	1350
100.087	1324	312	1350
100.09	1325	307	1350
100.092	1326	309	1350
100.103	1327	313	1350
100.105	1328	316	1350
100.121	1329	314	1350
100.123	1330	316	1350
100.134	1331	320	1350
100.136	1332	323	1350
100.143	1333	322	1350
100.145	1334	324	1350
100.165	1335	323	1350
100.167	1336	325	1350
100.204	1337	328	1350
100.207	1338	330	1350
100.213	1339	329	1350
100.216	1340	331	1350
100.222	1341	330	1350
100.224	1342	332	1350
100.249	1343	332	1350
100.251	1344	334	1350
100.262	1345	337	1350
100.264	1346	340	1350
100.271	1347	338	1350
100.273	1348	340	1350
100.302	1349	341	1350
100.304	1350	343	1350
100.315	1351	346	1350
100.317	1352	349	1350
100.324	1353	347	1350
100.326	1354	349	1350
100.35	1355	350	1350
100.352	1356	352	1350
100.359	1357	351	1350
100.361	1358	353	1350
100.372	1359	356	1350
100.375	1360	358	1350
100.403	1361	359	1350
100.405	1362	361	1350
100.416	1363	363	1350
100.419	1364	365	1350
100.425	1365	364	1350
100.427	1366	366	1350
100.447	1367	367	1350
100.45	1368	369	1350
100.461	1369	372	1350
100.463	1370	374	1350
100.478	1371	372	1350
100.48	1372	374	1350
100.492	1373	376	1350
100.494	1374	378	1350
100.509	1375	376	1350
100.511	1376	378	1350
100.522	1377	381	1350
100.525	1378	383	1350
100.54	1379	381	1350
100.542	1380	383	1350
100.553	1381	385	1350
100.556	1382	387	1350
100.56	1383	382	1350
100.562	1384	385	1350
100.575	1385	383	1350
100.578	1386	385	1350
100.586	1387	385	1350
100.589	1388	387	1350
100.598	1389	387	1350
100.6	1390	389	1350
100.611	1391	382	1350
100.613	1392	384	1350
100.642	1395	383	1350
100.644	1396	385	1350
100.651	1397	382	1350
100.653	1398	384	1350
100.675	1399	385	1350
100.677	1400	387	1350
100.71	1401	381	1350
100.712	1402	383	1350
100.723	1403	384	1350
100.726	1404	386	1350
100.737	1405	387	1350
100.759	1407	385	1350
100.761	1408	387	1350
100.772	1409	388	1350
100.779	1411	385	1350
100.781	1412	387	1350
100.809	1413	383	1350
100.812	1414	385	1350
100.821	1415	384	1350
100.823	1416	386	1350
100.834	1417	387	1350
100.836	1418	389	1350
100.86	1419	385	1350
100.862	1420	387	1350
100.871	1421	386	1350
100.874	1422	388	1350
100.882	1423	387	1350
100.885	1424	389	1350
100.913	1425	385	1350
100.915	1426	387	1350
100.924	1427	386	1350
100.927	1428	388	1350
100.933	1429	384	1350
100.935	1430	386	1350
100.953	1431	380	1350
100.955	1432	383	1350
100.971	1433	387	1350
100.982	1435	378	1350
100.984	1436	380	1350
100.999	1437	385	1350
101.002	1438	387	1350
101.013	1439	378	1350
101.015	1440	380	1350
101.03	1441	385	1350
101.032	1442	387	1350
101.048	1443	382	1350
101.05	1444	385	1350
101.061	1445	385	1350
101.063	1446	387	1350
101.072	1447	385	1350
101.074	1448	387	1350
101.085	1449	387	1350
101.088	1450	387	1350
101.094	1452	379	1350
101.097	1453	381	1350
101.103	1454	377	1350
101.105	1455	379	1350
101.116	1456	379	1350
101.119	1457	381	1350
101.125	1458	377	1350
101.132	1459	381	1350
101.136	1460	384	1350
101.161	1461	361	1350
101.163	1462	363	1350
101.187	1463	352	1350
101.189	1464	354	1350
101.2	1465	351	1350
101.211	1466	353	1350
101.214	1467	355	1350
101.225	1468	352	1350
101.227	1469	354	1350
101.238	1470	351	1350
101.258	1471	348	1350
101.26	1472	348	1350
101.289	1473	343	1350
101.291	1474	345	1350
101.302	1475	342	1350
101.326	1476	341	1350
101.328	1477	343	1350
101.344	1478	344	1350
101.346	1479	347	1350
101.361	1480	348	1350
101.364	1481	350	1350
101.386	1482	347	1350
101.388	1483	349	1350
101.399	1484	347	1350
101.401	1485	349	1350
101.417	1486	350	1350
101.428	1487	349	1350
101.43	1488	351	1350
101.441	1489	348	1350
101.443	1490	351	1350
101.459	1491	352	1350
101.461	1492	354	1350
101.472	1493	351	1350
101.487	1494	350	1350
101.49	1495	352	1350
101.505	1496	353	1350
101.507	1497	356	1350
101.527	1498	354	1350
101.529	1499	356	1350
101.54	1500	353	1350
101.543	1501	355	1350
101.558	1502	356	1350
101.56	1503	359	1350
101.576	1504	360	1350
101.578	1505	362	1350
101.589	1506	359	1350
101.591	1507	362	1350
101.607	1508	363	1350
101.609	1509	365	1350
101.62	1510	363	1350
101.622	1511	366	1350
101.637	1512	365	1350
101.64	1513	367	1350
101.655	1514	370	1350
101.657	1515	372	1350
101.673	1516	373	1350
101.675	1517	376	1350
101.69	1518	377	1350
101.693	1519	379	1350
101.708	1520	381	1350
101.71	1521	383	1350
101.721	1522	381	1350
101.724	1523	383	1350
101.739	1524	386	1350
101.741	1525	388	1350
101.752	1526	385	1350
101.755	1527	387	1350
101.768	1528	385	1350
101.77	1529	387	1350
101.799	1531	385	1350
101.801	1532	387	1350
101.812	1533	385	1350
101.834	1534	382	1350
101.836	1535	385	1350
101.852	1536	387	1350
101.872	1538	385	1350
101.874	1539	387	1350
101.898	1542	385	1350
101.9	1543	387	1350
101.913	1544	388	1350
101.929	1545	387	1350
101.94	1547	385	1350
101.942	1548	388	1350
101.966	1551	386	1350
101.98	1552	383	1350
101.982	1553	385	1350
101.993	1554	383	1350
102.013	1555	382	1350
102.015	1556	385	1350
102.026	1557	384	1350
102.028	1558	386	1350
102.044	1559	389	1350
102.05	1560	385	1350
102.053	1561	387	1350
102.064	1562	386	1350
102.066	1563	388	1350
102.081	1564	381	1350
102.083	1565	383	1350
102.095	1566	381	1350
102.097	1567	383	1350
102.117	1568	385	1350
102.119	1569	387	1350
102.13	1570	386	1350
102.132	1571	389	1350
102.145	1572	383	1350
102.148	1573	385	1350
102.159	1574	384	1350
102.161	1575	386	1350
102.183	1576	385	1350
102.185	1577	388	1350
102.196	1578	386	1350
102.198	1579	388	1350
102.205	1580	382	1350
102.216	1581	382	1350
102.218	1582	385	1350
102.227	1583	382	1350
102.229	1584	384	1350
102.245	1585	380	1350
102.247	1586	382	1350
102.258	1587	381	1350
102.26	1588	384	1350
102.271	1589	379	1350
102.273	1590	381	1350
102.28	1591	375	1350
102.282	1592	377	1350
102.298	1593	380	1349
102.313	1594	379	1350
102.337	1595	376	1350
102.344	1596	376	1350
102.351	1597	374	1350
102.357	1598	374	1350
102.373	1599	372	1350
102.388	1600	375	1350
102.404	1601	374	1350
102.415	1602	374	1350
102.426	1603	378	1350
102.439	1604	372	1350
102.454	1605	372	1350
102.465	1606	372	1350
102.503	1607	366	1350
102.51	1608	364	1350
102.518	1609	366	1350
102.53	1610	369	1350
102.536	1611	368	1350
102.543	1612	366	1350
102.549	1613	366	1350
102.56	1614	369	1350
102.567	1615	369	1350
102.574	1616	367	1350
102.587	1617	373	1350
102.594	1618	372	1350
102.598	1619	369	1350
102.609	1620	367	1350
102.62	1621	371	1350
102.631	1622	375	1350
102.638	1623	373	1350
102.642	1624	371	1350
102.653	1625	374	1350
102.66	1626	373	1350
102.671	1627	376	1350
102.682	1628	374	1350
102.684	1629	369	1350
102.688	1630	366	1350
102.695	1631	365	1350
102.706	1632	369	1350
102.717	1633	372	1350
102.719	1634	366	1350
102.733	1635	372	1350
102.739	1636	371	1350
102.746	1637	370	1350
102.748	1638	365	1350
102.755	1639	364	1350
102.766	1640	367	1350
102.777	1641	371	1350
102.783	1642	370	1350
102.794	1643	374	1350
102.801	1644	373	1350
102.812	1645	377	1350
102.821	1646	378	1350
102.832	1647	382	1350
102.845	1648	383	1350
102.856	1649	387	1350
102.87	1651	385	1350
102.881	1652	383	1350
102.892	1653	386	1350
102.898	1654	386	1350
102.914	1655	385	1350
102.92	1656	385	1350
102.931	1657	388	1350
102.942	1658	378	1350
102.945	1659	380	1350
102.96	1660	382	1350
102.989	1661	360	1350
102.991	1662	362	1350
103.002	1663	360	1350
103.013	1664	359	1350
103.015	1665	361	1350
103.031	1666	362	1350
103.033	1667	364	1350
103.044	1668	358	1350
103.046	1669	361	1350
103.057	1670	358	1350
103.064	1671	351	1350
103.066	1672	354	1350
103.082	1673	355	1350
103.084	1674	357	1350
103.095	1675	354	1350
103.101	1676	356	1350
103.104	1677	358	1350
103.119	1678	358	1350
103.121	1679	360	1350
103.132	1680	354	1350
103.135	1681	356	1350
103.146	1682	353	1350
103.161	1683	354	1350
103.163	1684	357	1350
103.179	1685	358	1350
103.181	1686	360	1350
103.192	1687	357	1350
103.203	1688	360	1350
103.205	1689	363	1350
103.221	1690	364	1350
103.223	1691	366	1350
103.234	1692	363	1350
103.236	1693	366	1350
103.252	1694	367	1350
103.254	1695	369	1350
103.269	1696	368	1350
103.271	1697	370	1350
103.291	1698	376	1350
103.293	1699	378	1350
103.309	1700	371	1350
103.311	1701	374	1350
103.329	1702	377	1350
103.344	1703	375	1350
103.346	1704	377	1350
103.362	1705	378	1350
103.364	1706	381	1350
103.375	1707	378	1349
103.384	1708	379	1350
103.413	1709	374	1350
103.419	1710	372	1350
103.43	1711	375	1350
103.441	1712	374	1350
103.448	1713	373	1350
103.486	1714	372	1350
103.497	1715	374	1350
103.503	1716	373	1350
103.514	1717	376	1350
103.525	1718	379	1350
103.528	1719	373	1350
103.543	1720	373	1350
103.55	1721	372	1350
103.561	1722	375	1350
103.567	1723	374	1350
103.583	1724	376	1350
103.589	1725	375	1350
103.596	1726	373	1350
103.607	1727	377	1350
103.618	1728	380	1350
103.625	1729	378	1350
103.636	1730	381	1350
103.642	1731	379	1350
103.653	1732	383	1350
103.664	1733	385	1350
103.671	1734	384	1350
103.686	1735	383	1350
103.698	1736	386	1350
103.704	1737	385	1350
103.715	1738	385	1350
103.726	1739	388	1350
103.733	1740	386	1350
103.742	1741	383	1350
103.748	1742	382	1350
103.759	1743	385	1350
103.775	1744	380	1350
103.786	1745	383	1350
103.792	1746	382	1350
103.812	1747	378	1350
103.819	1748	376	1350
103.826	1749	375	1350
103.841	1750	372	1350
103.852	1751	375	1350
103.859	1752	373	1350
103.865	1753	372	1350
103.872	1754	370	1350
103.883	1755	374	1350
103.89	1756	372	1350
103.91	1757	372	1350
103.916	1758	371	1350
103.927	1759	374	1350
103.934	1760	372	1350
103.94	1761	371	1350
103.947	1762	370	1350
103.98	1763	370	1350
103.987	1764	368	1350
103.998	1765	371	1350
104.009	1766	369	1350
104.015	1767	368	1350
104.027	1768	372	1350
104.042	1769	373	1350
104.049	1770	373	1350
104.06	1771	376	1350
104.062	1772	370	1350
104.077	1773	370	1350
104.088	1774	373	1350
104.095	1775	371	1350
104.106	1776	375	1350
104.117	1777	374	1350
104.126	1778	375	1350
104.137	1779	378	1350
104.144	1780	377	1350
104.155	1781	376	1350
104.166	1782	379	1350
104.172	1783	379	1350
104.179	1784	377	1350
104.19	1785	378	1350
104.197	1786	377	1350
104.203	1787	376	1350
104.219	1788	378	1350
104.23	1789	381	1350
104.234	1790	379	1350
104.243	1791	376	1350
104.25	1792	375	1350
104.252	1793	369	1350
104.267	1794	368	1350
104.274	1795	366	1350
104.28	1796	365	1350
104.3	1797	363	1350
104.307	1798	361	1350
104.314	1799	361	1350
104.325	1800	358	1350
104.336	1801	362	1350
104.342	1802	361	1350
104.353	1803	364	1350
104.36	1804	362	1350
104.371	1805	366	1350
104.373	1806	361	1350
104.395	1807	361	1350
104.402	1808	359	1350
104.413	1809	363	1350
104.424	1810	366	1350
104.428	1811	363	1350
104.435	1812	362	1350
104.468	1813	363	1350
104.47	1814	358	1350
104.481	1815	361	1350
104.497	1816	363	1350
104.503	1817	362	1350
104.514	1818	365	1350
104.53	1819	362	1350
104.537	1820	362	1350
104.543	1821	361	1350
104.554	1822	365	1350
104.561	1823	363	1350
104.567	1824	363	1350
104.579	1825	366	1350
104.585	1826	365	1350
104.596	1827	365	1350
104.603	1828	364	1350
104.609	1829	363	1350
104.625	1830	362	1350
104.636	1831	366	1350
104.643	1832	365	1350
104.651	1833	361	1350
104.658	1834	360	1350
104.669	1835	364	1350
104.676	1836	362	1350
104.678	1837	356	1350
104.689	1838	359	1350
104.696	1839	359	1350
104.711	1840	357	1350
104.718	1841	355	1350
104.729	1842	359	1350
104.735	1843	358	1350
104.746	1844	362	1350
104.757	1845	365	1350
104.764	1846	365	1350
104.773	1847	365	1350
104.793	1848	367	1350
104.797	1849	365	1350
104.808	1850	368	1350
104.815	1851	367	1350
104.824	1852	363	1350
104.83	1853	362	1350
104.841	1854	366	1350
104.848	1855	364	1350
104.855	1856	364	1350
104.861	1857	364	1350
104.881	1858	361	1350
104.888	1859	360	1350
104.894	1860	359	1350
104.905	1861	356	1350
104.912	1862	355	1350
104.923	1863	359	1350
104.943	1864	349	1350
104.949	1865	349	1350
104.961	1866	353	1350
104.972	1867	350	1350
104.974	1868	344	1350
104.985	1869	348	1350
105	1870	345	1350
105.007	1871	344	1350
105.014	1872	344	1350
105.02	1873	343	1350
105.027	1874	341	1350
105.038	1875	344	1350
105.04	1876	340	1350
105.051	1877	343	1350
105.062	1878	341	1350
105.069	1879	340	1350
105.08	1880	344	1350
105.091	1881	341	1350
105.097	1882	340	1350
105.108	1883	344	1350
105.115	1884	339	1350
105.126	1885	343	1350
105.133	1886	341	1350
105.144	1887	345	1350
105.155	1888	349	1350
105.157	1889	344	1350
105.166	1890	345	1350
105.181	1891	345	1350
105.192	1892	349	1350
105.199	1893	348	1350
105.206	1894	347	1350
105.217	1895	345	1350
105.223	1896	345	1350
105.232	1897	346	1350
105.243	1898	346	1350
105.25	1899	344	1350
105.259	1900	346	1350
105.274	1901	341	1350
105.281	1902	340	1350
105.292	1903	344	1350
105.298	1904	343	1350
105.309	1905	343	1350
105.316	1906	343	1350
105.327	1907	347	1350
105.334	1908	345	1350
105.354	1909	347	1350
105.36	1910	347	1350
105.371	1911	351	1350
105.373	1912	346	1350
105.389	1913	351	1350
105.391	1914	347	1350
105.415	1915	348	1350
105.422	1916	346	1350
105.433	1917	351	1350
105.448	1918	352	1350
105.451	1919	347	1350
105.462	1920	350	1350
105.477	1921	352	1350
105.484	1922	351	1350
105.495	1923	355	1350
105.497	1924	351	1350
105.508	1925	354	1350
105.51	1926	356	1350
105.526	1927	357	1350
105.528	1928	359	1350
105.543	1929	356	1350
105.546	1930	358	1350
105.561	1931	360	1350
105.577	1932	361	1350
105.579	1933	363	1350
105.59	1934	359	1350
105.592	1935	362	1350
105.616	1936	365	1350
105.618	1937	367	1350
105.63	1938	364	1350
105.645	1939	365	1350
105.647	1940	368	1350
105.663	1941	368	1350
105.669	1942	363	1350
105.671	1943	365	1350
105.687	1944	366	1350
105.689	1945	369	1350
105.709	1946	368	1350
105.711	1947	370	1350
105.727	1948	371	1350
105.742	1949	374	1350
105.744	1950	376	1350
105.755	1951	373	1350
105.771	1952	371	1350
105.773	1953	374	1350
105.789	1954	375	1350
105.791	1955	377	1350
105.806	1956	372	1350
105.808	1957	374	1350
105.826	1958	378	1350
105.828	1959	380	1350
105.857	1960	378	1350
105.859	1961	381	1350
105.87	1962	378	1350
105.872	1963	380	1350
105.888	1964	381	1350
105.894	1965	381	1350
105.897	1966	383	1350
105.921	1967	380	1350
105.923	1968	383	1350
105.934	1969	380	1350
105.954	1970	381	1350
105.956	1971	383	1350
105.967	1972	380	1350
105.983	1973	380	1350
105.985	1974	383	1350
106	1975	384	1350
106.003	1976	386	1350
106.018	1977	385	1350
106.02	1978	387	1350
106.031	1979	384	1350
106.034	1980	386	1350
106.051	1981	383	1350
106.053	1982	385	1350
106.069	1983	386	1350
106.084	1984	383	1350
106.087	1985	385	1350
106.1	1986	384	1350
106.102	1987	387	1350
106.126	1988	385	1350
106.129	1989	387	1350
106.144	1990	389	1350
106.155	1991	385	1350
106.157	1992	387	1350
106.173	1993	388	1350
106.184	1995	385	1350
106.186	1996	387	1350
106.197	1997	384	1350
106.217	1998	382	1350
106.219	1999	385	1350
106.235	2000	386	1350
106.252	2001	385	1350
106.254	2002	387	1350
106.265	2003	384	1350
106.279	2004	383	1350
106.281	2005	385	1350
106.296	2006	386	1350
106.299	2007	388	1350
106.314	2008	383	1350
106.316	2009	385	1350
106.332	2010	386	1350
106.334	2011	388	1350
106.363	2012	380	1350
106.365	2013	382	1350
106.376	2014	379	1350
106.378	2015	382	1350
106.389	2016	379	1350
106.396	2017	383	1350
106.398	2018	385	1350
106.418	2019	385	1350
106.424	2020	378	1350
106.435	2021	382	1350
106.442	2022	382	1350
106.455	2023	376	1350
106.462	2024	375	1350
106.471	2025	377	1350
106.482	2026	374	1350
106.493	2027	377	1350
106.499	2028	377	1350
106.506	2029	377	1350
106.517	2030	374	1350
106.528	2031	378	1350
106.535	2032	377	1350
106.537	2033	373	1350
106.544	2034	367	1350
106.55	2035	367	1350
106.561	2036	371	1350
106.579	2037	369	1350
106.586	2038	369	1350
106.597	2039	372	1350
106.599	2040	367	1350
106.619	2041	367	1350
106.625	2042	367	1350
106.636	2043	371	1350
106.652	2044	371	1350
106.656	2045	369	1350
106.667	2046	373	1350
106.674	2047	371	1350
106.683	2048	366	1350
106.707	2049	363	1350
106.718	2050	366	1350
106.74	2051	363	1350
106.751	2052	366	1350
106.762	2053	368	1350
106.769	2054	365	1350
106.78	2055	367	1350
106.791	2056	369	1350
106.802	2057	362	1350
106.809	2058	361	1350
106.82	2059	363	1350
106.831	2060	365	1350
106.846	2061	359	1350
106.853	2062	356	1350
106.859	2063	355	1350
106.87	2064	356	1350
106.881	2065	359	1350
106.884	2066	352	1350
106.895	2067	352	1350
106.906	2068	354	1350
106.912	2069	352	1350
106.93	2070	350	1350
106.932	2071	343	1350
106.943	2072	346	1350
106.95	2073	343	1350
106.961	2074	345	1350
106.972	2075	348	1350
106.979	2076	336	1350
106.99	2077	339	1350
107.001	2078	341	1350
107.007	2079	339	1350
107.014	2080	337	1350
107.025	2081	339	1350
107.036	2082	343	1350
107.047	2083	343	1350
107.054	2084	341	1350
107.065	2085	343	1350
107.085	2086	341	1350
107.091	2087	339	1350
107.102	2088	342	1350
107.118	2089	343	1350
107.124	2090	342	1350
107.135	2091	345	1350
107.142	2092	343	1350
107.153	2093	346	1350
107.164	2094	348	1350
107.171	2095	346	1350
107.182	2096	349	1350
107.188	2097	345	1350
107.199	2098	348	1350
107.21	2099	351	1350
107.226	2100	349	1350
107.233	2101	348	1350
107.244	2102	351	1350
107.255	2103	350	1350
107.261	2104	349	1350
107.272	2105	352	1350
107.288	2106	354	1350
107.294	2107	353	1350
107.305	2108	356	1350
107.321	2109	349	1350
107.332	2110	352	1350
107.339	2111	352	1350
107.35	2112	355	1350
107.361	2113	354	1350
107.367	2114	353	1350
107.378	2115	356	1350
107.385	2116	355	1350
107.396	2117	358	1350
107.403	2118	357	1350
107.414	2119	361	1350
107.42	2120	360	1350
107.431	2121	363	1350
107.438	2122	361	1350
107.445	2123	361	1350
107.46	2124	362	1350
107.471	2125	367	1350
107.478	2126	365	1350
107.489	2127	363	1350
107.495	2128	362	1350
107.506	2129	366	1350
107.517	2130	369	1350
107.528	2131	367	1350
107.535	2132	367	1350
107.542	2133	366	1350
107.555	2134	371	1350
107.562	2135	372	1350
107.568	2136	370	1350
107.588	2137	372	1350
107.595	2138	371	1350
107.615	2139	372	1350
107.621	2140	371	1350
107.632	2141	375	1350
107.639	2142	374	1350
107.65	2143	371	1350
107.661	2144	375	1350
107.668	2145	375	1350
107.683	2146	376	1350
107.69	2147	375	1350
107.696	2148	375	1350
107.712	2149	376	1350
107.718	2150	376	1350
107.729	2151	380	1350
107.745	2152	376	1350
107.747	2153	379	1350
107.762	2154	379	1350
107.765	2155	381	1350
107.776	2156	378	1350
107.778	2157	380	1350
107.798	2158	378	1350
107.8	2159	381	1350
107.824	2160	379	1350
107.826	2161	381	1350
107.842	2162	381	1350
107.853	2163	378	1350
107.855	2164	381	1350
107.871	2165	382	1350
107.886	2166	383	1350
107.888	2167	385	1350
107.904	2168	386	1350
107.906	2169	388	1350
107.921	2170	383	1350
107.924	2171	385	1350
107.941	2172	389	1350
107.952	2174	383	1350
107.955	2175	385	1350
107.979	2176	382	1350
107.981	2177	385	1350
107.999	2178	388	1350
108.012	2180	380	1350
108.014	2181	383	1350
108.03	2182	384	1350
108.032	2183	386	1350
108.041	2184	380	1350
108.043	2185	382	1350
108.058	2186	384	1350
108.067	2187	381	1350
108.069	2188	383	1350
108.089	2189	376	1350
108.091	2190	378	1350
108.116	2191	376	1350
108.122	2192	376	1350
108.133	2193	379	1350
108.14	2194	379	1350
108.151	2195	377	1350
108.158	2196	375	1350
108.164	2197	375	1350
108.178	2198	369	1350
108.189	2199	373	1350
108.193	2200	371	1350
108.208	2201	372	1350
108.215	2202	371	1350
108.226	2203	375	1350
108.242	2204	372	1350
108.25	2205	373	1350
108.253	2206	368	1350
108.264	2207	372	1350
108.268	2208	368	1350
108.279	2209	371	1350
108.286	2210	370	1350
108.292	2211	370	1350
108.317	2212	367	1350
108.323	2213	367	1350
108.33	2214	366	1350
108.345	2215	367	1350
108.356	2216	371	1350
108.363	2217	371	1350
108.378	2218	367	1350
108.392	2219	373	1350
108.394	2220	368	1350
108.405	2221	371	1350
108.42	2222	374	1350
108.423	2223	369	1350
108.434	2224	372	1350
108.44	2225	372	1350
108.451	2226	376	1350
108.458	2227	374	1350
108.469	2228	378	1350
108.484	2229	372	1350
108.498	2230	377	1350
108.509	2231	379	1350
108.515	2232	377	1350
108.544	2233	379	1350
108.551	2234	376	1350
108.553	2235	369	1350
108.564	2236	371	1350
108.579	2237	379	1350
108.584	2238	374	1350
108.61	2239	370	1350
108.621	2240	372	1350
108.632	2241	374	1350
108.641	2242	375	1350
108.652	2243	376	1350
108.661	2244	377	1350
108.674	2245	372	1350
108.69	2246	378	1350
108.694	2247	375	1350
108.705	2248	372	1350
108.712	2249	369	1350
108.732	2250	365	1350
108.738	2251	363	1350
108.749	2252	366	1350
108.756	2253	364	1350
108.763	2254	361	1350
108.769	2255	360	1350
108.776	2256	357	1350
108.796	2257	354	1350
108.807	2258	356	1350
108.813	2259	355	1350
108.825	2260	354	1350
108.831	2261	352	1350
108.838	2262	350	1350
108.849	2263	345	1350
108.86	2264	347	1350
108.866	2265	346	1350
108.878	2266	347	1350
108.889	2267	350	1350
108.891	2268	343	1350
108.902	2269	343	1350
108.908	2270	341	1350
108.919	2271	344	1350
108.93	2272	346	1350
108.937	2273	343	1350
108.948	2274	346	1350
108.955	2275	344	1350
108.97	2276	348	1350
108.981	2277	351	1350
108.988	2278	348	1350
108.999	2279	351	1350
109.014	2280	345	1350
109.025	2281	348	1350
109.032	2282	347	1350
109.043	2283	350	1350
109.059	2284	354	1350
109.061	2285	348	1350
109.085	2286	350	1350
109.092	2287	348	1350
109.103	2288	351	1350
109.109	2289	350	1350
109.116	2290	348	1350
109.127	2291	352	1350
109.134	2292	350	1350
109.149	2293	350	1350
109.162	2294	355	1350
109.169	2295	353	1350
109.176	2296	352	1350
109.187	2297	349	1350
109.198	2298	353	1350
109.213	2299	350	1350
109.224	2300	353	1350
109.231	2301	351	1350
109.242	2302	354	1350
109.248	2303	354	1350
109.255	2304	353	1350
109.266	2305	356	1350
109.277	2306	357	1350
109.284	2307	355	1350
109.295	2308	358	1350
109.306	2309	356	1350
109.312	2310	355	1350
109.324	2311	359	1350
109.33	2312	358	1350
109.346	2313	361	1350
109.348	2314	355	1350
109.359	2315	358	1350
109.374	2316	361	1350
109.381	2317	359	1350
109.392	2318	363	1350
109.399	2319	362	1350
109.41	2320	365	1350
109.412	2321	359	1350
109.423	2322	363	1350
109.438	2323	365	1350
109.445	2324	364	1350
109.456	2325	368	1350
109.463	2326	367	1350
109.474	2327	367	1350
109.485	2328	371	1350
109.491	2329	370	1350
109.507	2330	367	1350
109.518	2331	371	1350
109.52	2332	366	1350
109.535	2333	367	1350
109.547	2334	371	1350
109.553	2335	371	1350
109.577	2336	367	1350
109.584	2337	367	1350
109.595	2338	371	1350
109.606	2339	374	1350
109.613	2340	371	1350
109.624	2341	375	1350
109.626	2342	371	1350
109.646	2343	371	1350
109.653	2344	371	1350
109.661	2345	373	1350
109.672	2346	372	1350
109.683	2347	376	1350
109.69	2348	375	1350
109.697	2349	374	1350
109.714	2350	376	1350
109.723	2351	378	1350
109.73	2352	377	1350
109.745	2353	379	1350
109.747	2354	373	1350
109.758	2355	377	1350
109.765	2356	377	1350
109.781	2357	378	1350
109.787	2358	378	1350
109.794	2359	377	1350
109.809	2360	379	1350
109.816	2361	377	1350
109.823	2362	377	1350
109.834	2363	381	1350
109.845	2364	374	1350
109.847	2365	376	1350
109.853	2366	368	1350
109.864	2367	365	1350
109.867	2368	367	1350
109.873	2369	360	1350
109.876	2370	362	1350
109.878	2371	343	1350
109.88	2372	338	1350
109.882	2373	333	1350
109.884	2374	321	1350
109.887	2375	316	1350
109.889	2376	311	1350
109.891	2377	305	1350
109.893	2378	295	1350
109.895	2379	290	1350
109.898	2380	284	1350
109.9	2381	268	1350
109.902	2382	263	1350
109.904	2383	258	1350
109.906	2384	246	1350
109.909	2385	241	1350
109.911	2386	235	1350
109.913	2387	231	1350
109.915	2388	213	1350
109.917	2389	208	1350
109.92	2390	202	1350
109.922	2391	190	1350
109.924	2392	186	1350
109.926	2393	181	1350
109.929	2394	176	1350
109.931	2395	160	1350
109.933	2396	154	1350
109.935	2397	150	1350
109.937	2398	140	1350
109.94	2399	135	1350
109.942	2400	130	1350
109.944	2401	125	1350
109.946	2402	107	1350
109.949	2403	102	1350
109.956	2404	103	1350
109.973	2405	102	1350
109.98	2406	102	1350
109.987	2407	103	1350
109.994	2408	102	1350
110.008	2409	102	1350
110.015	2410	103	1350
110.022	2411	102	1350
110.037	2412	102	1350
110.044	2413	102	1350
110.051	2414	103	1350
110.059	2415	102	1350
110.072	2416	102	1350
110.079	2417	103	1350
110.086	2418	102	1350
110.094	2419	102	1350
110.103	2420	104	1350
110.105	2421	106	1350
110.115	2422	102	1350
110.118	2423	104	1350
110.13	2424	102	1350
110.132	2425	104	1350
110.143	2426	102	1350
110.146	2427	104	1350
110.156	2428	102	1350
110.158	2429	104	1350
110.169	2430	102	1350
110.171	2431	104	1350
110.181	2432	102	1350
110.184	2433	104	1350
110.193	2434	102	1350
110.196	2435	104	1350
110.205	2436	102	1350
110.208	2437	104	1350
110.217	2438	102	1350
110.219	2439	105	1350
110.231	2440	104	1350
110.233	2441	106	1350
110.24	2442	102	1350
110.242	2443	104	1350
110.25	2444	102	1350
110.253	2445	104	1350
110.261	2446	103	1350
110.263	2447	105	1350
110.276	2448	106	1350
110.278	2449	108	1350
110.282	2450	103	1350
110.284	2451	105	1350
110.292	2452	102	1350
110.295	2453	104	1350
110.31	2454	110	1350
110.312	2455	112	1350
110.319	2456	108	1350
110.321	2457	111	1350
110.332	2458	113	1350
110.334	2459	115	1350
110.345	2460	116	1350
110.348	2461	118	1350
110.354	2462	116	1350
110.356	2463	118	1350
110.367	2464	119	1350
110.37	2465	121	1350
110.376	2466	119	1350
110.379	2467	121	1350
110.39	2468	123	1350
110.392	2469	125	1350
110.407	2470	132	1350
110.409	2471	134	1350
110.416	2472	132	1350
110.418	2473	134	1350
110.429	2474	136	1350
110.432	2475	138	1350
110.438	2476	137	1350
110.44	2477	139	1350
110.451	2478	141	1350
110.454	2479	143	1350
110.46	2480	142	1350
110.462	2481	144	1350
110.473	2482	147	1350
110.476	2483	149	1350
110.487	2484	151	1350
110.489	2485	153	1350
110.496	2486	152	1350
110.498	2487	154	1350
110.504	2488	153	1350
110.507	2489	155	1350
110.513	2490	154	1350
110.515	2491	156	1350
110.526	2492	159	1350
110.529	2493	161	1350
110.535	2494	161	1350
110.538	2495	163	1350
110.549	2496	166	1350
110.551	2497	168	1350
110.557	2498	167	1350
110.56	2499	169	1350
110.571	2500	170	1350
110.573	2501	172	1350
110.579	2502	171	1350
110.582	2503	173	1350
110.593	2504	177	1350
110.595	2505	179	1350
110.61	2506	175	1350
110.613	2507	177	1350
110.624	2508	181	1350
110.626	2509	183	1350
110.632	2510	183	1350
110.635	2511	185	1350
110.646	2512	188	1350
110.661	2513	191	1350
110.663	2514	193	1350
110.666	2515	188	1350
110.668	2516	190	1350
110.679	2517	194	1350
110.681	2518	197	1350
110.696	2519	195	1350
110.699	2520	197	1350
110.705	2521	197	1350
110.708	2522	199	1350
110.732	2523	199	1350
110.734	2524	202	1350
110.741	2525	201	1350
110.743	2526	203	1350
110.749	2527	203	1350
110.752	2528	205	1350
110.767	2529	204	1350
110.769	2530	206	1350
110.776	2531	205	1350
110.778	2532	208	1350
110.789	2533	212	1350
110.791	2534	214	1350
110.816	2535	217	1350
110.818	2536	219	1350
110.82	2537	215	1350
110.822	2538	217	1350
110.833	2539	220	1350
110.836	2540	222	1350
110.851	2541	222	1350
110.853	2542	224	1350
110.864	2543	228	1350
110.866	2544	230	1350
110.873	2545	229	1350
110.875	2546	231	1350
110.895	2547	235	1350
110.897	2548	237	1350
110.904	2549	237	1350
110.906	2550	239	1350
110.917	2551	242	1350
110.919	2552	244	1350
110.939	2553	244	1350
110.942	2554	246	1350
110.948	2555	245	1350
110.95	2556	247	1350
110.961	2557	251	1350
110.964	2558	253	1350
110.97	2559	252	1350
110.972	2560	254	1350
110.992	2561	255	1350
110.995	2562	257	1350
111.006	2563	260	1350
111.008	2564	262	1350
111.014	2565	261	1350
111.034	2566	264	1350
111.037	2567	266	1350
111.048	2568	269	1350
111.05	2569	271	1350
111.056	2570	270	1350
111.076	2571	273	1350
111.078	2572	275	1350
111.085	2573	274	1350
111.087	2574	276	1350
111.103	2575	272	1350
111.105	2576	274	1350
111.125	2577	268	1350
111.127	2578	271	1350
111.138	2579	273	1350
111.14	2580	275	1350
111.147	2581	273	1350
111.149	2582	276	1350
111.165	2583	272	1350
111.167	2584	274	1350
111.173	2585	273	1350
111.176	2586	275	1350
111.187	2587	278	1350
111.189	2588	280	1350
111.213	2589	273	1350
111.215	2590	275	1350
111.226	2591	277	1350
111.229	2592	279	1350
111.235	2593	278	1350
111.237	2594	280	1350
111.253	2595	276	1350
111.255	2596	279	1350
111.266	2597	282	1350
111.268	2598	284	1350
111.275	2599	281	1350
111.277	2600	284	1350
111.297	2601	277	1350
111.299	2602	279	1350
111.31	2603	281	1350
111.313	2604	283	1350
111.319	2605	282	1350
111.321	2606	284	1350
111.346	2607	281	1350
111.348	2608	283	1350
111.359	2609	285	1350
111.361	2610	288	1350
111.368	2611	285	1350
111.37	2612	287	1350
111.385	2613	294	1350
111.388	2614	292	1350
111.39	2615	294	1350
111.401	2616	295	1350
111.403	2617	298	1350
111.423	2618	292	1350
111.425	2619	295	1350
111.436	2620	296	1350
111.452	2621	292	1350
111.454	2622	294	1350
111.469	2623	301	1350
111.471	2624	303	1350
111.483	2625	304	1350
111.498	2626	296	1350
111.5	2627	299	1350
111.516	2628	304	1350
111.518	2629	306	1350
111.533	2630	306	1350
111.536	2631	308	1350
111.542	2632	305	1350
111.544	2633	307	1350
111.569	2634	305	1350
111.571	2635	307	1350
111.582	2636	308	1350
111.584	2637	311	1350
111.6	2638	310	1350
111.602	2639	312	1350
111.613	2640	313	1350
111.615	2641	316	1350
111.622	2642	312	1350
111.624	2643	314	1350
111.648	2644	310	1350
111.65	2645	312	1350
111.666	2646	317	1350
111.668	2647	319	1350
111.679	2648	321	1350
111.681	2649	323	1350
111.697	2650	319	1350
111.699	2651	321	1350
111.714	2652	326	1350
111.717	2653	328	1350
111.723	2654	325	1350
111.725	2655	327	1350
111.754	2656	332	1350
111.756	2657	334	1350
111.763	2658	330	1350
111.765	2659	333	1350
111.781	2660	338	1350
111.783	2661	340	1350
111.812	2662	341	1350
111.814	2663	343	1350
111.825	2664	343	1350
111.827	2665	345	1350
111.838	2666	347	1350
111.84	2667	349	1350
111.851	2668	349	1350
111.867	2669	356	1350
111.869	2670	358	1350
111.876	2671	354	1350
111.878	2672	356	1350
111.893	2673	362	1350
111.909	2674	360	1350
111.911	2675	362	1350
111.926	2676	368	1350
111.942	2677	365	1350
111.944	2678	367	1350
111.959	2679	372	1350
111.962	2680	374	1350
111.977	2681	370	1350
111.979	2682	372	1350
111.99	2683	372	1350
112.006	2684	365	1350
112.008	2685	368	1350
112.019	2686	368	1350
112.021	2687	370	1350
112.037	2688	369	1350
112.039	2689	371	1350
112.059	2690	365	1350
112.061	2691	368	1350
112.072	2692	368	1350
112.074	2693	370	1350
112.09	2694	365	1350
112.092	2695	367	1350
112.103	2696	367	1350
112.105	2697	370	1350
112.112	2698	364	1350
112.114	2699	367	1350
112.129	2700	364	1350
112.132	2701	366	1350
112.138	2702	361	1350
112.154	2703	360	1350
112.156	2704	362	1350
112.167	2705	363	1350
112.178	2706	357	1350
112.18	2707	359	1350
112.191	2708	358	1350
112.194	2709	360	1350
112.209	2710	360	1350
112.211	2711	363	1350
112.235	2712	356	1350
112.238	2713	358	1350
112.253	2714	363	1350
112.255	2715	365	1350
112.271	2716	365	1350
112.273	2717	367	1350
112.297	2718	361	1350
112.299	2719	363	1350
112.315	2720	366	1350
112.317	2721	369	1350
112.324	2722	363	1350
112.328	2723	365	1350
112.33	2724	367	1350
112.346	2725	367	1350
112.361	2726	370	1350
112.364	2727	372	1350
112.37	2728	367	1350
112.372	2729	369	1350
112.388	2730	369	1350
112.39	2731	372	1350
112.401	2732	371	1350
112.421	2733	369	1350
112.423	2734	372	1350
112.434	2735	371	1350
112.454	2736	370	1350
112.456	2737	372	1350
112.467	2738	370	1350
112.47	2739	372	1350
112.485	2740	369	1350
112.487	2741	372	1350
112.503	2742	374	1350
112.518	2743	374	1350
112.52	2744	376	1350
112.531	2745	375	1350
112.534	2746	377	1350
112.553	2747	370	1350
112.556	2748	372	1350
112.571	2749	375	1350
112.573	2750	377	1350
112.589	2751	374	1350
112.591	2752	376	1350
112.602	2753	374	1350
112.604	2754	377	1350
112.62	2755	379	1350
112.622	2756	381	1350
112.637	2757	383	1350
112.64	2758	385	1350
112.651	2759	383	1350
112.653	2760	385	1350
112.668	2761	387	1350
112.679	2763	386	1350
112.681	2764	388	1350
112.699	2765	383	1350
112.701	2766	385	1350
112.712	2767	383	1350
112.715	2768	385	1350
112.743	2769	383	1350
112.746	2770	385	1350
112.757	2771	383	1350
112.759	2772	385	1350
112.781	2773	385	1350
112.783	2774	388	1350
112.807	2775	385	1350
112.81	2776	387	1350
112.821	2777	385	1350
112.823	2778	387	1350
112.834	2779	385	1350
112.836	2780	388	1350
112.849	2782	382	1350
112.851	2783	384	1350
112.867	2784	380	1350
112.869	2785	383	1350
112.876	2786	376	1350
112.878	2787	378	1350
112.898	2788	385	1350
112.9	2789	388	1350
112.907	2790	381	1350
112.924	2791	378	1350
112.927	2792	380	1350
112.938	2793	379	1350
112.957	2794	378	1350
112.96	2795	380	1350
112.973	2796	380	1350
112.975	2797	383	1350
112.986	2798	376	1350
112.988	2799	378	1350
112.999	2800	376	1350
113.022	2801	378	1350
113.024	2802	380	1350
113.035	2803	378	1350
113.037	2804	380	1350
113.052	2805	374	1350
113.055	2806	376	1350
113.07	2807	379	1350
113.072	2808	381	1350
113.09	2809	376	1350
113.092	2810	379	1350
113.099	2811	372	1350
113.101	2812	374	1350
113.116	2813	372	1350
113.119	2814	374	1350
113.134	2815	377	1350
113.136	2816	379	1350
113.147	2817	372	1350
113.15	2818	374	1350
113.161	2819	372	1350
113.163	2820	374	1350
113.174	2821	372	1350
113.185	2822	375	1350
113.209	2823	372	1350
113.214	2824	368	1350
113.238	2825	369	1350
113.24	2826	364	1350
113.251	2827	367	1350
113.273	2828	368	1350
113.275	2829	362	1350
113.295	2830	363	1350
113.302	2831	361	1350
113.309	2832	360	1350
113.315	2833	360	1350
113.317	2834	354	1350
113.322	2835	350	1350
113.328	2836	349	1350
113.339	2837	352	1350
113.346	2838	351	1350
113.357	2839	354	1350
113.364	2840	353	1350
113.373	2841	354	1350
113.379	2842	348	1350
113.386	2843	346	1350
113.397	2844	349	1350
113.41	2845	348	1350
113.417	2846	346	1350
113.441	2847	343	1350
113.448	2848	342	1350
113.454	2849	341	1350
113.468	2850	346	1350
113.47	2851	340	1350
113.481	2852	343	1350
113.501	2853	341	1350
113.512	2854	344	1350
113.518	2855	343	1350
113.527	2856	344	1350
113.538	2857	343	1350
113.549	2858	347	1350
113.556	2859	345	1350
113.562	2860	344	1350
113.574	2861	347	1350
113.58	2862	346	1350
113.587	2863	344	1350
113.598	2864	348	1350
113.604	2865	345	1350
113.611	2866	344	1350
113.622	2867	348	1350
113.626	2868	344	1350
113.633	2869	343	1350
113.64	2870	341	1350
113.651	2871	345	1350
113.657	2872	344	1350
113.664	2873	344	1350
113.675	2874	341	1350
113.688	2875	347	1350
113.691	2876	341	1350
113.706	2877	343	1350
113.717	2878	347	1350
113.719	2879	342	1350
113.739	2880	341	1350
113.746	2881	340	1350
113.752	2882	340	1350
113.763	2883	336	1350
113.77	2884	336	1350
113.777	2885	335	1350
113.788	2886	339	1350
113.79	2887	333	1350
113.792	2888	336	1350
113.808	2889	337	1350
113.81	2890	339	1350
113.821	2891	336	1350
113.823	2892	339	1350
113.834	2893	336	1350
113.836	2894	338	1350
113.847	2895	334	1350
113.85	2896	336	1350
113.865	2897	337	1350
113.867	2898	340	1350
113.878	2899	337	1350
113.88	2900	339	1350
113.905	2901	332	1350
113.907	2902	334	1350
113.918	2903	331	1350
113.92	2904	334	1350
113.927	2905	326	1350
113.938	2906	332	1350
113.94	2907	335	1350
113.964	2908	328	1350
113.967	2909	330	1350
113.978	2910	327	1350
113.989	2911	325	1350
113.991	2912	327	1350
114.006	2913	330	1350
114.008	2914	332	1350
114.026	2915	328	1350
114.028	2916	330	1350
114.044	2917	331	1350
114.046	2918	334	1350
114.061	2919	332	1350
114.064	2920	334	1350
114.075	2921	332	1350
114.077	2922	334	1350
114.092	2923	334	1350
114.095	2924	336	1350
114.11	2925	339	1350
114.112	2926	341	1350
114.119	2927	334	1350
114.13	2928	340	1350
114.132	2929	343	1350
114.143	2930	339	1350
114.154	2931	339	1350
114.156	2932	341	1350
114.181	2933	338	1350
114.183	2934	340	1350
114.194	2935	338	1350
114.209	2936	339	1350
114.212	2937	341	1350
114.223	2938	339	1350
114.225	2939	341	1350
114.245	2940	343	1350
114.247	2941	345	1350
114.254	2942	339	1350
114.256	2943	341	1350
114.28	2944	348	1350
114.282	2945	350	1350
114.289	2946	343	1350
114.291	2947	346	1350
114.307	2948	347	1350
114.309	2949	349	1350
114.32	2950	347	1350
114.322	2951	350	1350
114.337	2952	353	1350
114.34	2953	349	1350
114.342	2954	351	1350
114.357	2955	353	1350
114.36	2956	355	1350
114.384	2957	354	1350
114.386	2958	357	1350
114.397	2959	355	1350
114.399	2960	357	1350
114.41	2961	355	1350
114.413	2962	357	1350
114.424	2963	356	1350
114.426	2964	358	1350
114.45	2965	359	1350
114.452	2966	361	1350
114.463	2967	359	1350
114.466	2968	361	1350
114.49	2969	358	1350
114.492	2970	361	1350
114.503	2971	360	1350
114.505	2972	362	1350
114.53	2973	361	1350
114.532	2974	363	1350
114.547	2975	366	1350
114.549	2976	368	1350
114.569	2977	370	1350
114.572	2978	372	1350
114.578	2979	366	1350
114.58	2980	368	1350
114.596	2981	371	1350
114.607	2982	371	1350
114.609	2983	374	1350
114.625	2984	377	1350
114.627	2985	379	1350
114.636	2986	375	1350
114.642	2987	374	1350
114.644	2988	376	1350
114.655	2989	375	1350
114.68	2990	374	1350
114.682	2991	376	1350
114.695	2992	377	1350
114.711	2993	376	1350
114.713	2994	378	1350
114.724	2995	377	1350
114.726	2996	380	1350
114.746	2997	376	1350
114.748	2998	379	1350
114.755	2999	372	1350
114.757	3000	374	1350
114.777	3001	371	1350
114.779	3002	374	1350
114.795	3003	377	1350
114.797	3004	379	1350
114.808	3005	376	1350
114.81	3006	378	1350
114.821	3007	377	1350
114.823	3008	379	1350
114.839	3009	376	1350
114.841	3010	378	1350
114.852	3011	376	1350
114.854	3012	379	1350
114.865	3013	378	1350
114.881	3014	372	1350
114.883	3015	374	1350
114.894	3016	372	1350
114.896	3017	375	1350
114.912	3018	376	1350
114.914	3019	378	1350
114.92	3020	373	1350
114.923	3021	375	1350
114.947	3022	371	1350
114.949	3023	374	1350
114.956	3024	368	1350
114.958	3025	370	1350
114.973	3026	373	1350
114.989	3027	374	1350
114.991	3028	377	1350
115.002	3029	375	1350
115.004	3030	377	1350
115.029	3031	374	1350
115.031	3032	376	1350
115.037	3033	370	1350
115.04	3034	372	1350
115.064	3035	369	1350
115.066	3036	372	1350
115.077	3037	370	1350
115.079	3038	372	1350
115.095	3039	374	1350
115.097	3040	377	1350
115.108	3041	375	1350
115.124	3042	374	1350
115.126	3043	376	1350
115.132	3044	370	1350
115.135	3045	372	1350
115.15	3046	375	1350
115.157	3047	376	1350
115.159	3048	378	1350
115.179	3049	371	1350
115.181	3050	373	1350
115.21	3051	374	1350
115.212	3052	376	1350
115.221	3053	372	1350
115.223	3054	374	1350
115.234	3055	362	1350
115.236	3056	365	1350
115.247	3057	363	1350
115.249	3058	365	1350
115.265	3059	363	1350
115.267	3060	366	1350
115.282	3061	368	1350
115.285	3062	370	1350
115.3	3063	368	1350
115.302	3064	370	1350
115.313	3065	368	1350
115.316	3066	370	1350
115.331	3067	368	1350
115.333	3068	370	1350
115.349	3069	372	1350
115.351	3070	374	1350
115.366	3071	376	1350
115.369	3072	378	1350
115.38	3073	376	1350
115.391	3074	372	1350
115.393	3075	374	1350
115.408	3076	376	1350
115.411	3077	378	1350
115.422	3078	376	1350
115.424	3079	378	1350
115.448	3080	377	1350
115.45	3081	379	1350
115.461	3082	376	1350
115.464	3083	378	1350
115.477	3084	378	1350
115.479	3085	381	1350
115.494	3086	383	1350
115.503	3087	376	1350
115.506	3088	378	1350
115.53	3089	376	1350
115.532	3090	378	1350
115.543	3091	377	1350
115.545	3092	379	1350
115.565	3093	377	1350
115.567	3094	379	1350
115.583	3095	380	1350
115.585	3096	382	1350
115.596	3097	377	1350
115.598	3098	379	1350
115.609	3099	376	1350
115.623	3100	374	1350
115.625	3101	376	1350
115.631	3102	370	1350
115.634	3103	372	1350
115.645	3104	370	1350
115.656	3105	374	1350
115.658	3106	376	1350
115.669	3107	374	1350
115.671	3108	377	1350
115.7	3109	365	1350
115.702	3110	368	1350
115.713	3111	366	1350
115.715	3112	368	1350
115.726	3113	366	1350
115.729	3114	367	1350
115.731	3115	369	1350
115.746	3116	366	1350
115.748	3117	359	1350
115.751	3118	361	1350
115.766	3119	364	1350
115.768	3120	366	1350
115.784	3121	358	1350
115.786	3122	360	1350
115.801	3123	363	1350
115.804	3124	365	1350
115.815	3125	358	1350
115.817	3126	360	1350
115.823	3127	354	1350
115.826	3128	356	1350
115.85	3129	358	1350
115.852	3130	361	1350
115.863	3131	359	1350
115.865	3132	361	1350
115.876	3133	359	1350
115.879	3134	361	1350
115.894	3135	363	1350
115.905	3136	359	1350
115.907	3137	361	1350
115.927	3138	354	1350
115.929	3139	356	1350
115.94	3140	354	1350
115.943	3141	356	1350
115.958	3142	357	1350
115.96	3143	359	1350
115.971	3144	356	1350
115.987	3145	358	1350
115.989	3146	361	1350
116.009	3147	354	1350
116.011	3148	357	1350
116.022	3149	354	1350
116.024	3150	356	1350
116.049	3151	358	1350
116.051	3152	360	1350
116.062	3153	358	1350
116.064	3154	361	1350
116.08	3155	358	1350
116.082	3156	360	1350
116.097	3157	363	1350
116.104	3158	356	1350
116.106	3159	359	1350
116.122	3160	361	1350
116.124	3161	363	1350
116.135	3162	361	1350
116.141	3163	361	1350
116.144	3164	363	1350
116.159	3165	366	1350
116.161	3166	368	1350
116.186	3167	361	1350
116.188	3168	363	1350
116.203	3169	365	1350
116.205	3170	367	1350
116.216	3171	365	1350
116.219	3172	367	1350
116.234	3173	370	1350
116.236	3174	372	1350
116.247	3175	370	1350
116.25	3176	372	1350
116.265	3177	374	1350
116.267	3178	376	1350
116.278	3179	374	1350
116.281	3180	376	1350
116.298	3181	372	1350
116.3	3182	374	1350
116.311	3183	372	1350
116.314	3184	374	1350
116.325	3185	372	1350
116.327	3186	374	1350
116.351	3187	376	1350
116.353	3188	378	1350
116.36	3189	371	1350
116.362	3190	374	1350
116.378	3191	376	1350
116.38	3192	378	1350
116.391	3193	376	1350
116.409	3194	378	1350
116.411	3195	380	1350
116.417	3196	374	1350
116.42	3197	376	1350
116.439	3198	374	1350
116.442	3199	376	1350
116.453	3200	374	1350
116.455	3201	376	1350
116.47	3202	374	1350
116.473	3203	376	1350
116.49	3204	381	1350
116.506	3205	371	1350
116.508	3206	373	1350
116.523	3207	377	1350
116.526	3208	379	1350
116.545	3209	372	1350
116.548	3210	374	1350
116.554	3211	368	1350
116.557	3212	370	1350
116.572	3213	367	1350
116.574	3214	370	1350
116.59	3215	372	1350
116.592	3216	374	1350
116.603	3217	371	1350
116.605	3218	374	1350
116.616	3219	373	1350
116.627	3220	368	1350
116.629	3221	370	1350
116.64	3222	368	1350
116.643	3223	370	1350
116.656	3224	369	1350
116.658	3225	372	1350
116.682	3226	370	1350
116.685	3227	372	1350
116.691	3228	366	1350
116.704	3229	363	1350
116.707	3230	365	1350
116.718	3231	363	1350
116.72	3232	365	1350
116.74	3233	367	1350
116.742	3234	369	1350
116.753	3235	368	1350
116.755	3236	370	1350
116.771	3237	367	1350
116.773	3238	369	1350
116.784	3239	367	1350
116.786	3240	370	1350
116.802	3241	365	1350
116.804	3242	367	1350
116.815	3243	365	1350
116.817	3244	368	1350
116.841	3245	365	1350
116.844	3246	367	1350
116.848	3247	358	1350
116.85	3248	361	1350
116.866	3249	363	1350
116.868	3250	365	1350
116.879	3251	363	1350
116.894	3252	361	1350
116.897	3253	363	1350
116.91	3254	363	1350
116.912	3255	365	1350
116.927	3256	363	1350
116.93	3257	365	1350
116.945	3258	368	1350
116.947	3259	370	1350
116.963	3260	367	1350
116.965	3261	369	1350
116.976	3262	368	1350
116.978	3263	370	1350
116.998	3264	368	1350
117	3265	370	1350
117.011	3266	368	1350
117.014	3267	370	1350
117.038	3268	367	1350
117.04	3269	370	1350
117.056	3270	372	1350
117.058	3271	374	1350
117.069	3272	371	1350
117.071	3273	373	1350
117.082	3274	372	1350
117.084	3275	374	1350
117.104	3276	377	1350
117.106	3277	379	1350
117.113	3278	372	1350
117.115	3279	375	1350
117.133	3280	378	1350
117.135	3281	381	1350
117.144	3282	376	1350
117.155	3283	374	1350
117.157	3284	377	1350
117.181	3285	374	1350
117.184	3286	376	1350
117.195	3287	374	1350
117.197	3288	376	1350
117.212	3289	379	1350
117.223	3290	381	1350
117.226	3291	383	1350
117.237	3292	381	1350
117.239	3293	383	1350
117.256	3294	378	1350
117.259	3295	380	1350
117.274	3296	383	1350
117.276	3297	385	1350
117.287	3298	378	1350
117.29	3299	380	1350
117.305	3300	384	1350
117.307	3301	386	1350
117.318	3302	379	1350
117.32	3303	381	1350
117.336	3304	383	1350
117.347	3305	378	1350
117.349	3306	381	1350
117.36	3307	379	1350
117.362	3308	381	1350
117.371	3309	377	1350
117.382	3310	379	1350
117.385	3311	381	1350
117.4	3312	383	1350
117.413	3313	379	1350
117.415	3314	381	1350
117.426	3315	379	1350
117.429	3316	381	1350
117.444	3317	374	1350
117.446	3318	376	1350
117.457	3319	375	1350
117.46	3320	377	1350
117.475	3321	374	1350
117.477	3322	376	1350
117.488	3323	375	1350
117.49	3324	377	1350
117.506	3325	369	1350
117.508	3326	372	1350
117.528	3327	366	1350
117.53	3328	368	1350
117.537	3329	361	1350
117.539	3330	364	1350
117.559	3331	365	1350
117.561	3332	368	1350
117.568	3333	361	1350
117.57	3334	363	1350
117.59	3335	360	1350
117.592	3336	363	1350
117.599	3337	357	1350
117.601	3338	359	1350
117.612	3339	357	1350
117.614	3340	357	1350
117.616	3341	359	1350
117.632	3342	358	1350
117.634	3343	361	1350
117.645	3344	359	1350
117.665	3345	358	1350
117.667	3346	361	1350
117.674	3347	354	1350
117.676	3348	356	1350
117.691	3349	354	1350
117.694	3350	356	1350
117.709	3351	359	1350
117.711	3352	361	1350
117.718	3353	354	1350
117.72	3354	357	1350
117.736	3355	359	1350
117.755	3356	356	1350
117.758	3357	358	1350
117.769	3358	357	1350
117.771	3359	359	1350
117.791	3360	360	1350
117.793	3361	362	1350
117.8	3362	357	1350
117.802	3363	359	1350
117.817	3364	362	1350
117.833	3365	360	1350
117.835	3366	362	1350
117.846	3367	361	1350
117.848	3368	364	1350
117.864	3369	366	1350
117.875	3370	367	1350
117.877	3371	369	1350
117.884	3372	363	1350
117.899	3373	360	1350
117.901	3374	363	1350
117.917	3375	365	1350
117.919	3376	367	1350
117.93	3377	366	1350
117.937	3378	367	1350
117.939	3379	369	1350
117.95	3380	367	1350
117.952	3381	369	1350
117.967	3382	367	1350
117.97	3383	369	1350
117.985	3384	373	1350
117.987	3385	375	1350
118.003	3386	371	1350
118.005	3387	373	1350
118.016	3388	372	1350
118.018	3389	375	1350
118.034	3390	372	1350
118.036	3391	374	1350
118.051	3392	377	1350
118.054	3393	379	1350
118.073	3394	381	1350
118.076	3395	383	1350
118.089	3396	383	1350
118.091	3397	386	1350
118.107	3398	383	1350
118.109	3399	385	1350
118.12	3400	383	1350
118.122	3401	385	1350
118.133	3402	385	1350
118.14	3403	383	1350
118.142	3404	385	1350
118.153	3405	383	1350
118.155	3406	386	1350
118.175	3407	384	1350
118.177	3408	387	1350
118.184	3409	381	1350
118.186	3410	384	1350
118.197	3411	381	1350
118.199	3412	383	1350
118.215	3413	386	1350
118.217	3414	388	1350
118.224	3415	380	1350
118.226	3416	382	1350
118.241	3417	386	1350
118.266	3418	385	1350
118.268	3419	387	1350
118.274	3420	382	1350
118.277	3421	384	1350
118.299	3422	383	1350
118.301	3423	385	1350
118.307	3424	380	1350
118.31	3425	382	1350
118.325	3426	383	1350
118.327	3427	385	1350
118.334	3428	379	1350
118.336	3429	382	1350
118.352	3430	380	1350
118.354	3431	382	1350
118.363	3432	379	1350
118.378	3433	379	1350
118.38	3434	381	1350
118.391	3435	380	1350
118.394	3436	382	1350
118.405	3437	378	1350
118.407	3438	380	1350
118.418	3439	379	1350
118.433	3440	379	1350
118.436	3441	381	1350
118.442	3442	376	1350
118.444	3443	378	1350
118.451	3444	372	1350
118.466	3445	374	1350
118.469	3446	376	1350
118.48	3447	375	1350
118.482	3448	377	1350
118.497	3449	381	1350
118.504	3450	376	1350
118.506	3451	379	1350
118.517	3452	378	1350
118.519	3453	380	1350
118.535	3454	376	1350
118.537	3455	379	1350
118.548	3456	378	1350
118.55	3457	380	1350
118.579	3458	381	1350
118.581	3459	383	1350
118.588	3460	377	1350
118.59	3461	380	1350
118.608	3462	376	1350
118.61	3463	378	1350
118.621	3464	377	1350
118.623	3465	380	1350
118.63	3466	374	1350
118.641	3467	382	1350
118.643	3468	385	1350
118.65	3469	377	1350
118.652	3470	379	1350
118.663	3471	378	1350
118.674	3472	373	1350
118.676	3473	376	1350
118.687	3474	376	1350
118.689	3475	378	1350
118.698	3476	375	1350
118.7	3477	377	1350
118.716	3478	376	1350
118.718	3479	379	1350
118.725	3480	373	1350
118.727	3481	375	1350
118.742	3482	376	1350
118.745	3483	378	1350
118.756	3484	377	1350
118.773	3485	381	1350
118.776	3486	383	1350
118.784	3487	380	1350
118.804	3488	381	1350
118.806	3489	383	1350
118.815	3490	380	1350
118.818	3491	382	1350
118.833	3492	382	1350
118.835	3493	385	1350
118.842	3494	380	1350
118.844	3495	382	1350
118.857	3496	381	1350
118.859	3497	383	1350
118.87	3498	382	1350
118.873	3499	384	1350
118.884	3500	380	1350
118.886	3501	382	1350
118.893	3502	378	1350
118.895	3503	380	1350
118.91	3504	381	1350
118.912	3505	383	1350
118.923	3506	382	1350
118.935	3507	383	1350
118.937	3508	385	1350
118.943	3509	381	1350
118.946	3510	383	1350
118.957	3511	383	1350
118.972	3512	381	1350
118.974	3513	383	1350
118.985	3514	383	1350
118.988	3515	385	1350
118.994	3516	380	1350
119.005	3517	383	1350
119.007	3518	385	1350
119.018	3519	385	1350
119.021	3520	387	1350
119.032	3521	386	1350
119.043	3522	383	1350
119.045	3523	385	1350
119.056	3524	384	1350
119.058	3525	387	1350
119.087	3526	382	1350
119.089	3527	385	1350
119.105	3528	389	1350
119.111	3530	385	1350
119.118	3531	385	1350
119.12	3532	387	1350
119.124	3533	381	1350
119.127	3534	383	1350
119.138	3535	382	1350
119.149	3536	383	1350
119.151	3537	385	1350
119.175	3540	387	1350
119.184	3542	385	1350
119.186	3543	387	1350
119.195	3544	385	1350
119.197	3545	387	1350
119.204	3546	382	1350
119.217	3549	380	1350
119.219	3550	382	1350
119.23	3551	378	1350
119.233	3552	380	1350
119.244	3553	381	1350
119.246	3554	383	1350
119.261	3555	381	1350
119.264	3556	383	1350
119.27	3557	379	1350
119.286	3558	376	1350
119.288	3559	378	1350
119.294	3560	374	1350
119.314	3561	374	1350
119.317	3562	376	1350
119.323	3563	372	1350
119.325	3564	374	1350
119.336	3565	375	1350
119.339	3566	372	1350
119.341	3567	374	1350
119.352	3568	373	1350
119.354	3569	376	1350
119.361	3570	365	1350
119.363	3571	367	1350
119.374	3572	367	1350
119.376	3573	370	1350
119.383	3574	366	1350
119.385	3575	368	1350
119.4	3576	365	1350
119.403	3577	367	1350
119.405	3578	359	1350
119.407	3579	362	1350
119.418	3580	362	1350
119.425	3581	363	1350
119.427	3582	365	1350
119.434	3583	361	1350
119.436	3584	363	1350
119.456	3585	358	1350
119.458	3586	360	1350
119.473	3587	366	1350
119.475	3588	368	1350
119.482	3589	364	1350
119.484	3590	366	1350
119.495	3591	365	1350
119.498	3592	367	1350
119.509	3593	368	1350
119.511	3594	370	1350
119.526	3595	370	1350
119.528	3596	372	1350
119.535	3597	368	1350
119.537	3598	370	1350
119.553	3599	375	1350
119.555	3600	371	1350
119.579	3601	368	1350
119.581	3602	370	1350
119.597	3603	375	1350
119.599	3604	375	1350
119.619	3605	368	1350
119.621	3606	370	1350
119.632	3607	369	1350
119.634	3608	371	1350
119.648	3609	372	1350
119.654	3610	370	1350
119.665	3611	370	1350
119.672	3612	374	1350
119.687	3613	370	1350
119.69	3614	372	1350
119.701	3615	371	1350
119.705	3616	375	1350
119.707	3617	375	1350
119.736	3618	368	1350
119.738	3619	370	1350
119.745	3620	364	1350
119.756	3621	360	1350
119.758	3622	363	1350
119.774	3623	366	1350
119.776	3624	368	1350
119.8	3625	361	1350
119.802	3626	363	1350
119.813	3627	362	1350
119.816	3628	364	1350
119.827	3629	363	1350
119.829	3630	365	1350
119.842	3631	367	1350
119.844	3632	369	1350
119.851	3633	363	1350
119.853	3634	366	1350
119.864	3635	365	1350
119.866	3636	367	1350
119.882	3637	370	1350
119.884	3638	372	1350
119.891	3639	367	1350
119.893	3640	367	1350
119.895	3641	370	1350
119.91	3642	369	1350
119.913	3643	371	1350
119.926	3644	372	1350
119.928	3645	375	1350
119.935	3646	369	1350
119.937	3647	371	1350
119.948	3648	370	1350
119.959	3649	379	1350
119.961	3650	381	1350
119.972	3651	378	1350
119.974	3652	380	1350
119.988	3653	380	1350
119.99	3654	382	1350
119.997	3655	377	1350
119.999	3656	379	1350
120.014	3657	381	1350
120.016	3658	383	1350
120.027	3659	382	1350
120.03	3660	384	1350
120.041	3661	380	1350
120.043	3662	382	1350
120.054	3663	381	1350
120.056	3664	384	1350
120.08	3665	376	1350
120.083	3666	378	1350
120.094	3667	377	1350
120.096	3668	379	1350
120.107	3669	379	1350
120.118	3670	374	1350
120.12	3671	376	1350
120.131	3672	376	1350
120.133	3673	378	1350
120.145	3674	378	1350
120.147	3675	380	1350
120.153	3676	375	1350
120.156	3677	377	1350
120.171	3678	382	1350
120.173	3679	384	1350
120.189	3680	376	1350
120.191	3681	378	1350
120.206	3682	383	1350
120.209	3683	385	1350
120.215	3684	380	1350
120.217	3685	382	1350
120.235	3686	374	1350
120.237	3687	376	1350
120.25	3688	378	1350
120.253	3689	380	1350
120.259	3690	376	1350
120.273	3691	374	1350
120.275	3692	376	1350
120.295	3693	369	1350
120.297	3694	371	1350
120.308	3695	371	1350
120.31	3696	374	1350
120.321	3697	374	1350
120.328	3698	376	1350
120.33	3699	378	1350
120.341	3700	378	1350
120.343	3701	380	1350
120.35	3702	375	1350
120.356	3703	378	1350
120.359	3704	380	1350
120.37	3705	378	1350
120.381	3706	374	1350
120.383	3707	376	1350
120.394	3708	377	1350
120.396	3709	379	1350
120.409	3710	381	1350
120.416	3711	381	1350
120.418	3712	383	1350
120.429	3713	383	1350
120.432	3714	385	1350
120.44	3715	383	1350
120.447	3716	386	1350
120.449	3717	388	1350
120.456	3718	382	1350
120.458	3719	385	1350
120.469	3720	385	1350
120.48	3721	383	1350
120.482	3722	385	1350
120.491	3723	383	1350
120.493	3724	385	1350
120.502	3725	383	1350
120.509	3726	385	1350
120.511	3727	388	1350
120.52	3728	384	1350
120.535	3729	383	1350
120.538	3730	385	1350
120.549	3731	385	1350
120.551	3732	387	1350
120.566	3733	387	1350
120.582	3735	376	1350
120.584	3736	378	1350
120.591	3737	374	1350
120.593	3738	376	1350
120.599	3739	372	1350
120.606	3740	373	1350
120.608	3741	376	1350
120.615	3742	371	1350
120.617	3743	374	1350
120.626	3744	367	1350
120.628	3745	370	1350
120.635	3746	365	1350
120.637	3747	367	1350
120.648	3748	367	1350
120.655	3749	358	1350
120.657	3750	360	1350
120.668	3751	361	1350
120.67	3752	364	1350
120.681	3753	350	1350
120.683	3754	352	1350
120.694	3755	352	1350
120.697	3756	354	1350
120.708	3757	347	1350
120.71	3758	349	1350
120.716	3759	346	1350
120.719	3760	348	1350
120.725	3761	344	1350
120.727	3762	346	1350
120.738	3763	341	1350
120.741	3764	343	1350
120.747	3765	339	1350
120.75	3766	341	1350
120.765	3767	332	1350
120.767	3768	335	1350
120.769	3769	326	1350
120.772	3770	328	1350
120.774	3771	319	1350
120.776	3772	309	1350
120.778	3773	312	1350
120.78	3774	304	1350
120.783	3775	306	1350
120.785	3776	297	1350
120.787	3777	293	1350
120.789	3778	295	1350
120.791	3779	287	1350
120.794	3780	289	1350
120.796	3781	274	1350
120.798	3782	277	1350
120.8	3783	269	1350
120.802	3784	271	1350
120.805	3785	250	1350
120.807	3786	252	1350
120.809	3787	244	1350
120.811	3788	246	1350
120.814	3789	238	1350
120.816	3790	240	1350
120.818	3791	231	1350
120.82	3792	234	1350
120.822	3793	226	1350
120.825	3794	228	1350
120.827	3795	219	1350
120.829	3796	221	1350
120.831	3797	213	1350
120.833	3798	215	1350
120.838	3799	204	1350
120.84	3800	207	1350
120.842	3801	198	1350
120.845	3802	184	1350
120.847	3803	186	1350
120.851	3804	180	1350
120.853	3805	182	1350
120.86	3806	179	1350
120.862	3807	181	1350
120.867	3808	174	1350
120.869	3809	176	1350
120.871	3810	147	1350
120.873	3811	149	1350
120.875	3812	139	1350
120.878	3813	141	1350
120.88	3814	130	1350
120.882	3815	132	1350
120.884	3816	134	1350
120.887	3817	119	1350
120.889	3818	121	1350
120.891	3819	111	1350
120.893	3820	114	1350
120.895	3821	103	1350
120.908	3822	102	1350
120.911	3823	104	1350
120.921	3824	102	1350
120.923	3825	104	1350
120.935	3826	102	1350
120.937	3827	105	1350
120.947	3828	103	1350
120.949	3829	105	1350
120.959	3830	103	1350
120.966	3831	102	1350
120.968	3832	104	1350
120.978	3833	102	1350
120.987	3834	103	1350
120.989	3835	105	1350
120.999	3836	103	1350
121.001	3837	105	1350
121.011	3838	102	1350
121.013	3839	105	1350
121.022	3840	102	1350
121.025	3841	104	1350
121.034	3842	102	1350
121.036	3843	105	1350
121.045	3844	102	1350
121.047	3845	105	1350
121.056	3846	103	1350
121.058	3847	105	1350
121.067	3848	103	1350
121.07	3849	105	1350
121.078	3850	102	1350
121.08	3851	105	1350
121.088	3852	102	1350
121.091	3853	104	1350
121.1	3854	104	1350
121.102	3855	106	1350
121.109	3856	102	1350
121.111	3857	104	1350
121.119	3858	102	1350
121.121	3859	104	1350
121.128	3860	103	1350
121.13	3861	105	1350
121.138	3862	102	1350
121.14	3863	104	1350
121.15	3864	105	1350
121.152	3865	107	1350
121.156	3866	102	1350
121.158	3867	105	1350
121.166	3868	104	1350
121.168	3869	106	1350
121.173	3870	102	1350
121.176	3871	104	1350
121.182	3872	103	1350
121.185	3873	105	1350
121.191	3874	103	1350
121.194	3875	105	1350
121.205	3876	108	1350
121.207	3877	110	1350
121.213	3878	109	1350
121.216	3879	111	1350
121.227	3880	114	1350
121.229	3881	116	1350
121.235	3882	115	1350
121.238	3883	117	1350
121.249	3884	120	1350
121.251	3885	122	1350
121.258	3886	121	1350
121.26	3887	123	1350
121.266	3888	122	1350
121.269	3889	124	1350
121.275	3890	123	1350
121.277	3891	125	1350
121.288	3892	129	1350
121.291	3893	131	1350
121.297	3894	131	1350
121.299	3895	133	1350
121.306	3896	132	1350
121.308	3897	134	1350
121.319	3898	138	1350
121.322	3899	140	1350
121.324	3900	135	1350
121.326	3901	137	1350
121.337	3902	141	1350
121.339	3903	143	1350
121.346	3904	142	1350
121.348	3905	145	1350
121.359	3906	149	1350
121.361	3907	151	1350
121.368	3908	150	1350
121.37	3909	153	1350
121.377	3910	152	1350
121.379	3911	154	1350
121.386	3912	154	1350
121.388	3913	156	1350
121.394	3914	156	1350
121.397	3915	158	1350
121.408	3916	162	1350
121.41	3917	164	1350
121.412	3918	160	1350
121.414	3919	162	1350
121.425	3920	167	1350
121.428	3921	169	1350
121.434	3922	169	1350
121.436	3923	171	1350
121.443	3924	171	1350
121.445	3925	173	1350
121.452	3926	173	1350
121.454	3927	176	1350
121.461	3928	175	1350
121.463	3929	177	1350
121.474	3930	182	1350
121.476	3931	185	1350
121.483	3932	184	1350
121.485	3933	186	1350
121.487	3934	183	1350
121.489	3935	185	1350
121.5	3936	190	1350
121.503	3937	192	1350
121.509	3938	192	1350
121.511	3939	194	1350
121.522	3940	193	1350
121.525	3941	195	1350
121.531	3942	196	1350
121.534	3943	198	1350
121.54	3944	199	1350
121.542	3945	201	1350
121.558	3946	197	1350
121.56	3947	200	1350
121.567	3948	200	1350
121.569	3949	202	1350
121.58	3950	207	1350
121.582	3951	210	1350
121.598	3952	206	1350
121.6	3953	208	1350
121.606	3954	209	1350
121.609	3955	211	1350
121.611	3956	207	1350
121.613	3957	210	1350
121.633	3958	210	1350
121.635	3959	213	1350
121.642	3960	213	1350
121.644	3961	215	1350
121.651	3962	216	1350
121.653	3963	218	1350
121.664	3964	215	1350
121.666	3965	218	1350
121.677	3966	223	1350
121.679	3967	225	1350
121.686	3968	225	1350
121.688	3969	228	1350
121.69	3970	224	1350
121.706	3971	221	1350
121.708	3972	223	1350
121.719	3973	229	1350
121.721	3974	231	1350
121.728	3975	231	1350
121.73	3976	234	1350
121.741	3977	231	1350
121.743	3978	233	1350
121.75	3979	233	1350
121.752	3980	236	1350
121.763	3981	241	1350
121.765	3982	243	1350
121.776	3983	239	1350
121.779	3984	241	1350
121.785	3985	242	1350
121.787	3986	244	1350
121.79	3987	240	1350
121.792	3988	242	1350
121.812	3989	243	1350
121.814	3990	245	1350
121.821	3991	246	1350
121.823	3992	248	1350
121.829	3993	249	1350
121.832	3994	251	1350
121.847	3995	248	1350
121.849	3996	250	1350
121.86	3997	255	1350
121.863	3998	257	1350
121.865	3999	253	1350
121.867	4000	255	1350
121.882	4001	257	1350
121.885	4002	259	1350
121.891	4003	260	1350
121.893	4004	262	1350
121.9	4005	262	1350
121.902	4006	264	1350
121.918	4007	261	1350
121.92	4008	263	1350
121.927	4009	264	1350
121.929	4010	266	1350
121.944	4011	262	1350
121.946	4012	264	1350
121.957	4013	268	1350
121.96	4014	270	1350
121.966	4015	270	1350
121.969	4016	272	1350
121.98	4017	277	1350
121.995	4018	273	1350
121.997	4019	275	1350
122.004	4020	274	1350
122.006	4021	277	1350
122.013	4022	276	1350
122.015	4023	278	1350
122.035	4024	277	1350
122.037	4025	279	1350
122.039	4026	275	1350
122.041	4027	277	1350
122.052	4028	281	1350
122.055	4029	283	1350
122.07	4030	282	1350
122.072	4031	284	1350
122.079	4032	283	1350
122.081	4033	286	1350
122.092	4034	290	1350
122.094	4035	292	1350
122.101	4036	285	1350
122.103	4037	288	1350
122.114	4038	292	1350
122.13	4039	285	1350
122.132	4040	287	1350
122.143	4041	291	1350
122.145	4042	294	1350
122.152	4043	293	1350
122.154	4044	295	1350
122.169	4045	294	1350
122.172	4046	296	1350
122.183	4047	300	1350
122.185	4048	302	1350
122.2	4049	299	1350
122.203	4050	301	1350
122.205	4051	296	1350
122.207	4052	298	1350
122.218	4053	302	1350
122.22	4054	304	1350
122.24	4055	304	1350
122.242	4056	306	1350
122.249	4057	304	1350
122.251	4058	307	1350
122.262	4059	310	1350
122.264	4060	312	1350
122.284	4061	312	1350
122.286	4062	314	1350
122.293	4063	314	1350
122.295	4064	316	1350
122.302	4065	314	1350
122.304	4066	317	1350
122.328	4067	321	1350
122.331	4068	323	1350
122.337	4069	322	1350
122.339	4070	324	1350
122.35	4071	327	1350
122.353	4072	329	1350
122.364	4073	332	1350
122.375	4074	332	1350
122.377	4075	334	1350
122.388	4076	338	1350
122.39	4077	340	1350
122.415	4078	345	1350
122.417	4079	347	1350
122.423	4080	346	1350
122.426	4081	348	1350
122.437	4082	351	1350
122.439	4083	353	1350
122.459	4084	354	1350
122.461	4085	356	1350
122.472	4086	359	1350
122.474	4087	362	1350
122.49	4088	358	1350
122.492	4089	360	1350
122.498	4090	359	1350
122.518	4091	359	1350
122.521	4092	361	1350
122.532	4093	363	1350
122.534	4094	365	1350
122.545	4095	368	1350
122.547	4096	371	1350
122.562	4097	367	1350
122.565	4098	369	1350
122.571	4099	368	1350
122.574	4100	370	1350
122.589	4101	376	1350
122.591	4102	379	1350
122.598	4103	371	1350
122.6	4104	373	1350
122.611	4105	377	1350
122.622	4106	368	1350
122.624	4107	370	1350
122.631	4108	367	1350
122.633	4109	370	1350
122.64	4110	367	1350
122.642	4111	369	1350
122.657	4112	363	1350
122.66	4113	365	1350
122.666	4114	364	1350
122.668	4115	366	1350
122.675	4116	363	1350
122.677	4117	365	1350
122.693	4118	363	1350
122.695	4119	365	1350
122.697	4120	359	1350
122.699	4121	361	1350
122.724	4122	358	1350
122.726	4123	360	1350
122.732	4124	358	1350
122.735	4125	360	1350
122.741	4126	358	1350
122.744	4127	360	1350
122.763	4128	354	1350
122.766	4129	356	1350
122.772	4130	354	1350
122.774	4131	356	1350
122.785	4132	358	1350
122.788	4133	360	1350
122.808	4134	354	1350
122.81	4135	356	1350
122.821	4136	358	1350
122.823	4137	361	1350
122.83	4138	357	1350
122.832	4139	359	1350
122.847	4140	359	1350
122.85	4141	361	1350
122.861	4142	362	1350
122.863	4143	364	1350
122.878	4144	363	1350
122.88	4145	365	1350
122.905	4146	363	1350
122.907	4147	365	1350
122.914	4148	362	1350
122.916	4149	364	1350
122.927	4150	365	1350
122.942	4151	359	1350
122.944	4152	361	1350
122.955	4153	362	1350
122.958	4154	364	1350
122.978	4155	363	1350
122.98	4156	365	1350
122.991	4157	366	1350
122.993	4158	369	1350
123.008	4159	365	1350
123.011	4160	367	1350
123.017	4161	364	1350
123.02	4162	366	1350
123.035	4163	365	1350
123.037	4164	368	1350
123.048	4165	368	1350
123.05	4166	370	1350
123.066	4167	369	1350
123.068	4168	372	1350
123.081	4169	375	1350
123.084	4170	377	1350
123.095	4171	372	1350
123.097	4172	374	1350
123.108	4173	374	1350
123.11	4174	377	1350
123.117	4175	372	1350
123.119	4176	374	1350
123.134	4177	376	1350
123.137	4178	378	1350
123.143	4179	375	1350
123.145	4180	377	1350
123.161	4181	376	1350
123.163	4182	379	1350
123.174	4183	379	1350
123.176	4184	381	1350
123.183	4185	376	1350
123.194	4186	376	1350
123.196	4187	379	1350
123.207	4188	379	1350
123.209	4189	381	1350
123.229	4190	381	1350
123.231	4191	383	1350
123.243	4192	383	1350
123.245	4193	385	1350
123.251	4194	381	1350
123.254	4195	383	1350
123.269	4196	381	1350
123.271	4197	383	1350
123.282	4198	383	1350
123.284	4199	385	1350
123.313	4202	381	1350
123.315	4203	383	1350
123.326	4204	383	1350
123.329	4205	385	1350
123.335	4206	381	1350
123.337	4207	383	1350
123.353	4208	380	1350
123.355	4209	383	1350
123.371	4210	387	1350
123.386	4212	383	1350
123.388	4213	385	1350
123.413	4214	383	1350
123.415	4215	385	1350
123.421	4216	381	1350
123.424	4217	383	1350
123.435	4218	383	1350
123.45	4219	383	1350
123.452	4220	385	1350
123.463	4221	385	1350
123.466	4222	387	1350
123.485	4223	383	1350
123.488	4224	385	1350
123.499	4225	385	1350
123.501	4226	387	1350
123.516	4227	383	1350
123.519	4228	385	1350
123.53	4229	385	1350
123.532	4230	387	1350
123.541	4231	380	1350
123.543	4232	382	1350
123.554	4233	382	1350
123.556	4234	385	1350
123.576	4235	385	1350
123.578	4236	388	1350
123.589	4237	387	1350
123.6	4239	381	1350
123.602	4240	383	1350
123.613	4241	383	1350
123.616	4242	385	1350
123.627	4243	385	1350
123.629	4244	387	1350
123.644	4245	385	1350
123.647	4246	387	1350
123.653	4247	383	1350
123.655	4248	385	1350
123.669	4249	383	1350
123.671	4250	385	1350
123.682	4251	384	1350
123.684	4252	387	1350
123.691	4253	382	1350
123.702	4254	382	1350
123.704	4255	384	1350
123.715	4256	385	1350
123.717	4257	387	1350
123.737	4258	383	1350
123.739	4259	385	1350
123.753	4260	387	1350
123.755	4261	389	1350
123.761	4262	385	1350
123.764	4263	387	1350
123.777	4264	382	1350
123.779	4265	385	1350
123.79	4266	385	1350
123.792	4267	387	1350
123.799	4268	382	1350
123.81	4269	383	1350
123.812	4270	384	1350
123.841	4271	380	1350
123.843	4272	383	1350
123.854	4273	381	1350
123.865	4274	379	1350
123.867	4275	381	1350
123.878	4276	379	1350
123.894	4277	381	1350
123.896	4278	382	1350
123.92	4279	374	1350
123.923	4280	376	1350
123.951	4281	376	1350
123.954	4282	378	1350
123.965	4283	376	1350
123.967	4284	378	1350
123.987	4285	376	1350
123.989	4286	378	1350
124	4287	375	1350
124.015	4288	374	1350
124.018	4289	376	1350
124.029	4290	374	1350
124.031	4291	376	1350
124.042	4292	374	1350
124.044	4293	377	1350
124.055	4294	374	1350
124.071	4295	370	1350
124.073	4296	372	1350
124.084	4297	370	1350
124.086	4298	372	1350
124.101	4299	374	1350
124.104	4300	376	1350
124.119	4301	368	1350
124.121	4302	370	1350
124.132	4303	367	1350
124.135	4304	369	1350
124.141	4305	363	1350
124.143	4306	365	1350
124.159	4307	366	1350
124.161	4308	369	1350
124.174	4309	367	1350
124.177	4310	369	1350
124.192	4311	371	1350
124.194	4312	374	1350
124.205	4313	371	1350
124.212	4314	371	1350
124.214	4315	374	1350
124.225	4316	371	1350
124.227	4317	373	1350
124.247	4318	370	1350
124.249	4319	372	1350
124.256	4320	364	1350
124.258	4321	367	1350
124.274	4322	369	1350
124.276	4323	371	1350
124.282	4324	364	1350
124.285	4325	366	1350
124.3	4326	369	1350
124.307	4327	371	1350
124.309	4328	373	1350
124.32	4329	369	1350
124.331	4330	366	1350
124.333	4331	368	1350
124.344	4332	366	1350
124.347	4333	368	1350
124.353	4334	362	1350
124.355	4335	363	1350
124.358	4336	365	1350
124.382	4337	363	1350
124.384	4338	366	1350
124.391	4339	359	1350
124.402	4340	356	1350
124.404	4341	358	1350
124.419	4342	343	1350
124.422	4343	345	1350
124.433	4344	343	1350
124.435	4345	345	1350
124.45	4346	339	1350
124.453	4347	341	1350
124.459	4348	335	1350
124.475	4349	334	1350
124.477	4350	336	1350
124.488	4351	335	1350
124.49	4352	338	1350
124.497	4353	331	1350
124.499	4354	332	1350
124.501	4355	335	1350
124.512	4356	329	1350
124.514	4357	331	1350
124.525	4358	329	1350
124.528	4359	331	1350
124.543	4360	332	1350
124.545	4361	334	1350
124.556	4362	333	1350
124.572	4363	327	1350
124.574	4364	329	1350
124.585	4365	328	1350
124.587	4366	331	1350
124.598	4367	330	1350
124.6	4368	332	1350
124.611	4369	328	1350
124.614	4370	330	1350
124.629	4371	333	1350
124.631	4372	335	1350
124.642	4373	334	1350
124.649	4374	332	1350
124.651	4375	334	1350
124.662	4376	333	1350
124.664	4377	335	1350
124.68	4378	338	1350
124.687	4379	336	1350
124.689	4380	338	1350
124.7	4381	337	1350
124.702	4382	340	1350
124.717	4383	336	1350
124.72	4384	338	1350
124.731	4385	337	1350
124.733	4386	339	1350
124.744	4387	336	1350
124.746	4388	339	1350
124.757	4389	338	1350
124.759	4390	340	1350
124.775	4391	340	1350
124.777	4392	343	1350
124.788	4393	342	1350
124.79	4394	344	1350
124.801	4395	343	1350
124.812	4396	343	1350
124.815	4397	345	1350
124.826	4398	344	1350
124.828	4399	346	1350
124.839	4400	345	1350
124.85	4401	343	1350
124.852	4402	346	1350
124.863	4403	345	1350
124.865	4404	347	1350
124.876	4405	346	1350
124.887	4406	343	1350
124.89	4407	345	1350
124.905	4408	349	1350
124.907	4409	351	1350
124.923	4410	347	1350
124.925	4411	350	1350
124.936	4412	349	1350
124.938	4413	351	1350
124.949	4414	348	1350
124.952	4415	350	1350
124.963	4416	349	1350
124.965	4417	351	1350
124.976	4418	351	1350
124.978	4419	354	1350
124.993	4420	356	1350
124.996	4421	358	1350
125.002	4422	354	1350
125.005	4423	356	1350
125.016	4424	356	1350
125.022	4425	354	1350
125.024	4426	356	1350
125.035	4427	356	1350
125.051	4428	354	1350
125.053	4429	357	1350
125.064	4430	356	1350
125.066	4431	358	1350
125.077	4432	354	1350
125.08	4433	356	1350
125.091	4434	356	1350
125.093	4435	358	1350
125.113	4436	358	1350
125.115	4437	360	1350
125.126	4438	360	1350
125.128	4439	363	1350
125.139	4440	363	1350
125.146	4441	358	1350
125.148	4442	361	1350
125.159	4443	361	1350
125.161	4444	363	1350
125.177	4445	363	1350
125.179	4446	365	1350
125.186	4447	361	1350
125.201	4448	359	1350
125.203	4449	361	1350
125.219	4450	365	1350
125.221	4451	367	1350
125.232	4452	367	1350
125.234	4453	365	1350
125.236	4454	367	1350
125.252	4455	371	1350
125.254	4456	374	1350
125.269	4457	370	1350
125.272	4458	372	1350
125.278	4459	368	1350
125.281	4460	370	1350
125.296	4461	369	1350
125.298	4462	372	1350
125.309	4463	372	1350
125.311	4464	374	1350
125.327	4465	374	1350
125.329	4466	377	1350
125.336	4467	372	1350
125.338	4468	374	1350
125.362	4469	374	1350
125.364	4470	376	1350
125.371	4471	372	1350
125.373	4472	374	1350
125.384	4473	370	1350
125.386	4474	372	1350
125.404	4475	379	1350
125.42	4476	372	1350
125.422	4477	374	1350
125.428	4478	370	1350
125.431	4479	372	1350
125.446	4480	372	1350
125.448	4481	374	1350
125.459	4482	374	1350
125.462	4483	376	1350
125.477	4484	377	1350
125.479	4485	379	1350
125.486	4486	374	1350
125.488	4487	377	1350
125.504	4488	376	1350
125.506	4489	378	1350
125.517	4490	378	1350
125.519	4491	380	1350
125.526	4492	376	1350
125.541	4493	381	1350
125.543	4494	383	1350
125.554	4495	383	1350
125.557	4496	385	1350
125.572	4497	382	1350
125.574	4498	385	1350
125.581	4499	380	1350
125.583	4500	383	1350
125.598	4501	383	1350
125.601	4502	385	1350
125.612	4503	385	1350
125.614	4504	387	1350
125.634	4505	382	1350
125.636	4506	384	1350
125.647	4507	386	1350
125.649	4508	388	1350
125.656	4509	383	1350
125.667	4510	382	1350
125.669	4511	385	1350
125.68	4512	385	1350
125.682	4513	387	1350
125.691	4514	381	1350
125.693	4515	383	1350
125.704	4516	383	1350
125.715	4517	372	1350
125.718	4518	374	1350
125.729	4519	374	1350
125.731	4520	376	1350
125.733	4521	368	1350
125.744	4522	368	1350
125.746	4523	370	1350
125.757	4524	370	1350
125.76	4525	372	1350
125.771	4526	367	1350
125.773	4527	369	1350
125.784	4528	369	1350
125.786	4529	372	1350
125.802	4530	367	1350
125.804	4531	369	1350
125.815	4532	369	1350
125.817	4533	372	1350
125.828	4534	368	1350
125.83	4535	370	1350
125.855	4536	367	1350
125.857	4537	369	1350
125.863	4538	365	1350
125.866	4539	367	1350
125.877	4540	367	1350
125.879	4541	369	1350
125.897	4542	367	1350
125.899	4543	369	1350
125.91	4544	369	1350
125.912	4545	371	1350
125.927	4546	372	1350
125.93	4547	374	1350
125.941	4548	374	1350
125.956	4549	372	1350
125.958	4550	374	1350
125.969	4551	374	1350
125.972	4552	376	1350
125.978	4553	368	1350
125.98	4554	370	1350
125.996	4555	373	1350
125.998	4556	376	1350
126.014	4557	372	1350
126.016	4558	374	1350
126.022	4559	369	1350
126.025	4560	371	1350
126.036	4561	367	1350
126.038	4562	369	1350
126.053	4563	374	1350
126.056	4564	376	1350
126.071	4565	371	1350
126.073	4566	374	1350
126.084	4567	374	1350
126.086	4568	376	1350
126.093	4569	368	1350
126.095	4570	370	1350
126.111	4571	373	1350
126.126	4572	368	1350
126.128	4573	370	1350
126.135	4574	365	1350
126.137	4575	367	1350
126.148	4576	367	1350
126.15	4577	369	1350
126.157	4578	364	1350
126.168	4579	363	1350
126.17	4580	365	1350
126.177	4581	360	1350
126.179	4582	363	1350
126.19	4583	362	1350
126.192	4584	364	1350
126.199	4585	359	1350
126.201	4586	361	1350
126.212	4587	361	1350
126.214	4588	363	1350
126.221	4589	358	1350
126.223	4590	354	1350
126.226	4591	356	1350
126.237	4592	356	1350
126.239	4593	358	1350
126.245	4594	350	1350
126.248	4595	352	1350
126.259	4596	351	1350
126.261	4597	353	1350
126.276	4598	350	1350
126.279	4599	352	1350
126.285	4600	347	1350
126.287	4601	349	1350
126.298	4602	345	1350
126.301	4603	347	1350
126.316	4604	337	1350
126.318	4605	339	1350
126.329	4606	339	1350
126.332	4607	341	1350
126.343	4608	340	1350
126.345	4609	342	1350
126.36	4610	339	1350
126.362	4611	341	1350
126.369	4612	337	1350
126.371	4613	339	1350
126.396	4614	343	1350
126.398	4615	345	1350
126.404	4616	341	1350
126.42	4617	338	1350
126.422	4618	341	1350
126.433	4619	341	1350
126.435	4620	343	1350
126.442	4621	338	1350
126.444	4622	341	1350
126.46	4623	339	1350
126.462	4624	341	1350
126.473	4625	340	1350
126.475	4626	343	1350
126.49	4627	343	1350
126.493	4628	345	1350
126.504	4629	345	1350
126.506	4630	347	1350
126.521	4631	343	1350
126.524	4632	345	1350
126.535	4633	345	1350
126.537	4634	347	1350
126.557	4635	347	1350
126.559	4636	349	1350
126.566	4637	345	1350
126.568	4638	347	1350
126.585	4639	350	1350
126.588	4640	352	1350
126.594	4641	347	1350
126.596	4642	349	1350
126.612	4643	349	1350
126.614	4644	352	1350
126.625	4645	352	1350
126.627	4646	354	1350
126.643	4647	349	1350
126.645	4648	352	1350
126.656	4649	352	1350
126.658	4650	354	1350
126.669	4651	354	1350
126.672	4652	356	1350
126.683	4653	356	1350
126.685	4654	358	1350
126.691	4655	354	1350
126.694	4656	356	1350
126.705	4657	355	1350
126.707	4658	357	1350
126.718	4659	357	1350
126.72	4660	360	1350
126.731	4661	360	1350
126.733	4662	362	1350
126.744	4663	362	1350
126.747	4664	363	1350
126.749	4665	365	1350
126.764	4666	366	1350
126.766	4667	368	1350
126.778	4668	367	1350
126.78	4669	369	1350
126.786	4670	365	1350
126.789	4671	367	1350
126.804	4672	363	1350
126.806	4673	365	1350
126.822	4674	369	1350
126.824	4675	371	1350
126.835	4676	367	1350
126.837	4677	370	1350
126.848	4678	370	1350
126.85	4679	372	1350
126.861	4680	367	1350
126.864	4681	369	1350
126.888	4682	367	1350
126.89	4683	370	1350
126.901	4684	370	1350
126.903	4685	372	1350
126.914	4686	367	1350
126.917	4687	369	1350
126.928	4688	370	1350
126.93	4689	372	1350
126.941	4690	372	1350
126.956	4691	372	1350
126.959	4692	374	1350
126.965	4693	370	1350
126.967	4694	372	1350
126.983	4695	367	1350
126.985	4696	370	1350
126.996	4697	370	1350
126.998	4698	372	1350
127.014	4699	367	1350
127.016	4700	369	1350
127.031	4701	374	1350
127.034	4702	376	1350
127.049	4703	368	1350
127.051	4704	370	1350
127.062	4705	370	1350
127.065	4706	372	1350
127.08	4707	370	1350
127.082	4708	372	1350
127.089	4709	367	1350
127.091	4710	370	1350
127.107	4711	369	1350
127.109	4712	371	1350
127.12	4713	372	1350
127.122	4714	374	1350
127.14	4715	372	1350
127.142	4716	374	1350
127.148	4717	370	1350
127.151	4718	372	1350
127.162	4719	367	1350
127.164	4720	369	1350
127.179	4721	374	1350
127.182	4722	376	1350
127.188	4723	373	1350
127.19	4724	375	1350
127.201	4725	372	1350
127.204	4726	374	1350
127.215	4727	374	1350
127.217	4728	376	1350
127.228	4729	371	1350
127.23	4730	374	1350
127.241	4731	374	1350
127.243	4732	376	1350
127.25	4733	373	1350
127.261	4734	372	1350
127.263	4735	374	1350
127.274	4736	374	1350
127.277	4737	376	1350
127.283	4738	372	1350
127.285	4739	374	1350
127.301	4740	371	1350
127.303	4741	374	1350
127.314	4742	374	1350
127.316	4743	376	1350
127.332	4744	371	1350
127.334	4745	373	1350
127.341	4746	370	1350
127.343	4747	372	1350
127.358	4748	372	1350
127.36	4749	374	1350
127.38	4750	367	1350
127.383	4751	369	1350
127.394	4752	369	1350
127.396	4753	371	1350
127.407	4754	367	1350
127.409	4755	370	1350
127.424	4756	374	1350
127.427	4757	376	1350
127.438	4758	371	1350
127.44	4759	373	1350
127.451	4760	373	1350
127.453	4761	376	1350
127.464	4762	372	1350
127.466	4763	374	1350
127.477	4764	374	1350
127.48	4765	376	1350
127.495	4766	372	1350
127.497	4767	374	1350
127.508	4768	374	1350
127.53	4769	374	1350
127.533	4770	376	1350
127.539	4771	372	1350
127.542	4772	374	1350
127.561	4773	374	1350
127.564	4774	376	1350
127.57	4775	372	1350
127.572	4776	374	1350
127.586	4777	372	1350
127.588	4778	374	1350
127.599	4779	373	1350
127.601	4780	376	1350
127.617	4781	372	1350
127.619	4782	374	1350
127.63	4783	374	1350
127.632	4784	377	1350
127.645	4785	372	1350
127.647	4786	374	1350
127.659	4787	374	1350
127.661	4788	376	1350
127.676	4789	372	1350
127.678	4790	374	1350
127.689	4791	374	1350
127.692	4792	376	1350
127.698	4793	372	1350
127.7	4794	374	1350
127.716	4795	376	1350
127.718	4796	379	1350
127.72	4797	370	1350
127.723	4798	372	1350
127.738	4799	372	1350
127.74	4800	374	1350
127.751	4801	374	1350
127.753	4802	376	1350
127.762	4803	374	1350
127.776	4804	376	1350
127.778	4805	378	1350
127.78	4806	369	1350
127.782	4807	372	1350
127.798	4808	372	1350
127.8	4809	374	1350
127.811	4810	373	1350
127.813	4811	376	1350
127.829	4812	372	1350
127.831	4813	374	1350
127.842	4814	373	1350
127.844	4815	375	1350
127.855	4816	372	1350
127.857	4817	374	1350
127.868	4818	374	1350
127.87	4819	376	1350
127.886	4820	367	1350
127.888	4821	370	1350
127.899	4822	370	1350
127.901	4823	372	1350
127.917	4824	367	1350
127.919	4825	370	1350
127.93	4826	370	1350
127.932	4827	372	1350
127.943	4828	367	1350
127.946	4829	369	1350
127.952	4830	365	1350
127.954	4831	367	1350
127.965	4832	363	1350
127.968	4833	365	1350
127.974	4834	361	1350
127.976	4835	363	1350
127.992	4836	358	1350
127.994	4837	361	1350
128.005	4838	361	1350
128.012	4839	347	1350
128.014	4840	350	1350
128.025	4841	350	1350
128.027	4842	352	1350
128.043	4843	347	1350
128.045	4844	349	1350
128.052	4845	345	1350
128.054	4846	347	1350
128.065	4847	340	1350
128.067	4848	343	1350
128.074	4849	338	1350
128.076	4850	340	1350
128.091	4851	337	1350
128.094	4852	339	1350
128.105	4853	338	1350
128.107	4854	340	1350
128.118	4855	334	1350
128.12	4856	336	1350
128.135	4857	341	1350
128.138	4858	343	1350
128.144	4859	339	1350
128.155	4860	341	1350
128.158	4861	343	1350
128.164	4862	339	1350
128.166	4863	341	1350
128.182	4864	340	1350
128.184	4865	343	1350
128.195	4866	343	1350
128.197	4867	345	1350
128.204	4868	340	1350
128.206	4869	343	1350
128.222	4870	345	1350
128.224	4871	347	1350
128.235	4872	347	1350
128.237	4873	350	1350
128.248	4874	346	1350
128.25	4875	348	1350
128.261	4876	348	1350
128.264	4877	350	1350
128.275	4878	349	1350
128.286	4879	350	1350
128.288	4880	352	1350
128.294	4881	347	1350
128.297	4882	349	1350
128.317	4883	350	1350
128.319	4884	352	1350
128.33	4885	352	1350
128.332	4886	354	1350
128.343	4887	350	1350
128.345	4888	352	1350
128.361	4889	356	1350
128.363	4890	358	1350
128.378	4891	354	1350
128.381	4892	356	1350
128.387	4893	352	1350
128.389	4894	354	1350
128.405	4895	349	1350
128.407	4896	352	1350
128.418	4897	352	1350
128.42	4898	354	1350
128.436	4899	358	1350
128.438	4900	360	1350
128.445	4901	354	1350
128.447	4902	356	1350
128.458	4903	356	1350
128.46	4904	359	1350
128.475	4905	358	1350
128.478	4906	360	1350
128.489	4907	361	1350
128.491	4908	363	1350
128.498	4909	359	1350
128.513	4910	363	1350
128.515	4911	365	1350
128.526	4912	366	1350
128.528	4913	368	1350
128.54	4914	363	1350
128.542	4915	365	1350
128.553	4916	365	1350
128.555	4917	367	1350
128.566	4918	368	1350
128.568	4919	370	1350
128.575	4920	366	1350
128.586	4921	369	1350
128.588	4922	372	1350
128.595	4923	367	1350
128.597	4924	369	1350
128.612	4925	370	1350
128.615	4926	372	1350
128.626	4927	372	1350
128.628	4928	374	1350
128.643	4929	374	1350
128.646	4930	376	1350
128.652	4931	373	1350
128.654	4932	375	1350
128.665	4933	375	1350
128.676	4934	370	1350
128.679	4935	372	1350
128.694	4936	377	1350
128.696	4937	379	1350
128.703	4938	375	1350
128.705	4939	378	1350
128.721	4940	374	1350
128.723	4941	376	1350
128.734	4942	376	1350
128.736	4943	379	1350
128.747	4944	374	1350
128.749	4945	376	1350
128.76	4946	377	1350
128.763	4947	379	1350
128.776	4948	376	1350
128.778	4949	378	1350
128.785	4950	374	1350
128.787	4951	376	1350
128.798	4952	377	1350
128.813	4953	372	1350
128.816	4954	374	1350
128.831	4955	379	1350
128.833	4956	382	1350
128.84	4957	377	1350
128.846	4958	378	1350
128.849	4959	380	1350
128.855	4960	377	1350
128.857	4961	379	1350
128.882	4962	378	1350
128.884	4963	380	1350
128.891	4964	377	1350
128.893	4965	379	1350
128.904	4966	379	1350
128.906	4967	382	1350
128.917	4968	383	1350
128.924	4969	378	1350
128.926	4970	380	1350
128.937	4971	381	1350
128.939	4972	384	1350
128.95	4973	379	1350
128.952	4974	381	1350
128.963	4975	381	1350
128.979	4976	378	1350
128.981	4977	381	1350
128.992	4978	382	1350
128.994	4979	384	1350
129.001	4980	379	1350
129.003	4981	382	1350
129.019	4982	378	1350
129.021	4983	380	1350
129.032	4984	381	1350
129.034	4985	384	1350
129.041	4986	380	1350
129.052	4987	385	1350
129.054	4988	387	1350
129.061	4989	383	1350
129.063	4990	385	1350
129.078	4991	385	1350
129.08	4992	387	1350
129.087	4993	384	1350
129.089	4994	386	1350
129.096	4995	376	1350
129.098	4996	379	1350
129.109	4997	379	1350
129.111	4998	381	1350
129.127	4999	376	1350
129.129	5000	379	1350
129.14	5001	379	1350
129.142	5002	381	1350
129.153	5003	376	1350
129.156	5004	378	1350
129.167	5005	379	1350
129.169	5006	381	1350
129.18	5007	376	1350
129.182	5008	379	1350
129.189	5009	374	1350
129.191	5010	376	1350
129.206	5011	382	1350
129.209	5012	378	1350
129.211	5013	380	1350
129.222	5014	381	1350
129.237	5015	379	1350
129.239	5016	381	1350
129.25	5017	381	1350
129.253	5018	383	1350
129.264	5019	378	1350
129.266	5020	380	1350
129.273	5021	377	1350
129.275	5022	379	1350
129.29	5023	384	1350
129.292	5024	381	1350
129.295	5025	383	1350
129.317	5026	378	1350
129.319	5027	380	1350
129.326	5028	377	1350
129.328	5029	379	1350
129.339	5030	379	1350
129.345	5031	381	1350
129.348	5032	383	1350
129.356	5033	381	1350
129.359	5034	383	1350
129.37	5035	384	1350
129.387	5036	381	1350
129.39	5037	383	1350
129.396	5038	379	1350
129.398	5039	381	1350
129.409	5040	382	1350
129.412	5041	384	1350
129.423	5042	380	1350
129.425	5043	382	1350
129.436	5044	383	1350
129.438	5045	386	1350
129.449	5046	387	1350
129.456	5047	380	1350
129.458	5048	383	1350
129.474	5049	388	1350
129.489	5051	384	1350
129.491	5052	387	1350
129.493	5053	379	1350
129.496	5054	381	1350
129.507	5055	382	1350
129.509	5056	384	1350
129.524	5057	381	1350
129.526	5058	383	1350
129.538	5059	384	1350
129.54	5060	386	1350
129.542	5061	377	1350
129.553	5062	376	1350
129.555	5063	379	1350
129.562	5064	374	1350
129.564	5065	377	1350
129.579	5066	376	1350
129.582	5067	378	1350
129.588	5068	375	1350
129.591	5069	377	1350
129.595	5070	371	1350
129.597	5071	374	1350
129.608	5072	375	1350
129.61	5073	376	1350
129.613	5074	378	1350
129.628	5075	379	1350
129.63	5076	381	1350
129.641	5077	376	1350
129.644	5078	378	1350
129.655	5079	379	1350
129.657	5080	381	1350
129.663	5081	372	1350
129.666	5082	374	1350
129.677	5083	375	1350
129.679	5084	377	1350
129.685	5085	374	1350
129.688	5086	376	1350
129.699	5087	377	1350
129.705	5088	374	1350
129.708	5089	376	1350
129.719	5090	377	1350
129.721	5091	379	1350
129.732	5092	369	1350
129.734	5093	372	1350
129.745	5094	373	1350
129.747	5095	375	1350
129.754	5096	365	1350
129.756	5097	368	1350
129.767	5098	369	1350
129.769	5099	371	1350
129.776	5100	367	1350
129.783	5101	367	1350
129.785	5102	369	1350
129.791	5103	366	1350
129.802	5104	361	1350
129.805	5105	363	1350
129.816	5106	364	1350
129.818	5107	366	1350
129.82	5108	359	1350
129.831	5109	361	1350
129.833	5110	363	1350
129.84	5111	360	1350
129.842	5112	362	1350
129.849	5113	358	1350
129.869	5114	356	1350
129.871	5115	358	1350
129.882	5116	359	1350
129.884	5117	362	1350
129.891	5118	358	1350
129.893	5119	361	1350
129.904	5120	363	1350
129.911	5121	363	1350
129.913	5122	365	1350
129.92	5123	362	1350
129.922	5124	364	1350
129.937	5125	363	1350
129.939	5126	365	1350
129.946	5127	362	1350
129.948	5128	364	1350
129.959	5129	366	1350
129.961	5130	366	1350
129.99	5131	359	1350
129.992	5132	361	1350
129.999	5133	356	1350
130.001	5134	358	1350
130.017	5135	354	1350
130.019	5136	356	1350
130.032	5137	358	1350
130.034	5138	360	1350
130.045	5139	360	1350
130.048	5140	358	1350
130.05	5141	360	1350
130.065	5142	363	1350
130.067	5143	365	1350
130.074	5144	359	1350
130.076	5145	361	1350
130.085	5146	358	1350
130.087	5147	360	1350
130.103	5148	364	1350
130.114	5149	360	1350
130.116	5150	363	1350
130.123	5151	358	1350
130.134	5152	354	1350
130.136	5153	356	1350
130.147	5154	355	1350
130.149	5155	358	1350
130.156	5156	353	1350
130.158	5157	355	1350
130.169	5158	356	1350
130.171	5159	358	1350
130.182	5160	357	1350
130.184	5161	359	1350
130.2	5162	356	1350
130.202	5163	359	1350
130.209	5164	353	1350
130.22	5165	349	1350
130.222	5166	352	1350
130.233	5167	352	1350
130.235	5168	354	1350
130.246	5169	354	1350
130.249	5170	356	1350
130.26	5171	355	1350
130.262	5172	357	1350
130.268	5173	353	1350
130.275	5174	348	1350
130.277	5175	350	1350
130.293	5176	354	1350
130.295	5177	356	1350
130.306	5178	355	1350
130.308	5179	352	1350
130.31	5180	354	1350
130.321	5181	354	1350
130.324	5182	356	1350
130.343	5183	350	1350
130.346	5184	352	1350
130.357	5185	352	1350
130.359	5186	354	1350
130.366	5187	349	1350
130.381	5188	351	1350
130.383	5189	354	1350
130.392	5190	352	1350
130.394	5191	354	1350
130.405	5192	354	1350
130.412	5193	352	1350
130.414	5194	355	1350
130.421	5195	350	1350
130.423	5196	352	1350
130.434	5197	352	1350
130.441	5198	354	1350
130.443	5199	356	1350
130.467	5200	352	1350
130.469	5201	354	1350
130.476	5202	350	1350
130.478	5203	353	1350
130.489	5204	353	1350
130.491	5205	355	1350
130.502	5206	355	1350
130.505	5207	357	1350
130.511	5208	354	1350
130.513	5209	356	1350
130.529	5210	358	1350
130.531	5211	361	1350
130.538	5212	356	1350
130.54	5213	358	1350
130.551	5214	360	1350
130.558	5215	358	1350
130.56	5216	360	1350
130.571	5217	361	1350
130.573	5218	364	1350
130.584	5219	364	1350
130.591	5220	363	1350
130.593	5221	365	1350
130.604	5222	365	1350
130.606	5223	368	1350
130.622	5224	363	1350
130.624	5225	365	1350
130.63	5226	361	1350
130.633	5227	363	1350
130.646	5228	366	1350
130.648	5229	369	1350
130.659	5230	365	1350
130.661	5231	367	1350
130.668	5232	364	1350
130.67	5233	366	1350
130.686	5234	360	1350
130.688	5235	362	1350
130.699	5236	363	1350
130.701	5237	366	1350
130.712	5238	367	1350
130.714	5239	369	1350
130.721	5240	363	1350
130.723	5241	365	1350
130.734	5242	366	1350
130.736	5243	368	1350
130.752	5244	367	1350
130.754	5245	370	1350
130.756	5246	362	1350
130.759	5247	364	1350
130.77	5248	365	1350
130.785	5249	368	1350
130.787	5250	370	1350
130.794	5251	366	1350
130.796	5252	369	1350
130.807	5253	370	1350
130.814	5254	367	1350
130.816	5255	369	1350
130.829	5256	373	1350
130.831	5257	375	1350
130.838	5258	372	1350
130.849	5259	368	1350
130.851	5260	370	1350
130.858	5261	366	1350
130.86	5262	369	1350
130.876	5263	367	1350
130.878	5264	369	1350
130.891	5265	373	1350
130.893	5266	375	1350
130.904	5267	368	1350
130.906	5268	370	1350
130.915	5269	369	1350
130.918	5270	371	1350
130.929	5271	372	1350
130.935	5272	370	1350
130.937	5273	372	1350
130.962	5274	369	1350
130.964	5275	371	1350
130.971	5276	368	1350
130.973	5277	370	1350
130.984	5278	372	1350
130.986	5279	374	1350
130.993	5280	371	1350
130.999	5281	372	1350
131.001	5282	374	1350
131.008	5283	371	1350
131.01	5284	373	1350
131.026	5285	371	1350
131.028	5286	373	1350
131.035	5287	371	1350
131.037	5288	373	1350
131.048	5289	374	1350
131.054	5290	372	1350
131.057	5291	374	1350
131.068	5292	375	1350
131.07	5293	377	1350
131.081	5294	371	1350
131.083	5295	374	1350
131.09	5296	370	1350
131.092	5297	372	1350
131.103	5298	375	1350
131.118	5299	372	1350
131.121	5300	374	1350
131.127	5301	371	1350
131.13	5302	373	1350
131.145	5303	378	1350
131.147	5304	381	1350
131.149	5305	373	1350
131.152	5306	375	1350
131.167	5307	382	1350
131.169	5308	384	1350
131.171	5309	376	1350
131.182	5310	372	1350
131.185	5311	374	1350
131.2	5312	380	1350
131.202	5313	382	1350
131.213	5314	376	1350
131.216	5315	378	1350
131.224	5316	377	1350
131.227	5317	379	1350
131.233	5318	377	1350
131.235	5319	379	1350
131.251	5320	373	1350
131.253	5321	376	1350
131.26	5322	373	1350
131.262	5323	375	1350
131.269	5324	372	1350
131.284	5325	374	1350
131.286	5326	376	1350
131.293	5327	373	1350
131.295	5328	376	1350
131.306	5329	377	1350
131.308	5330	379	1350
131.315	5331	376	1350
131.317	5332	379	1350
131.324	5333	374	1350
131.326	5334	377	1350
131.337	5335	379	1350
131.348	5336	374	1350
131.35	5337	376	1350
131.361	5338	378	1350
131.364	5339	380	1350
131.372	5340	372	1350
131.375	5341	374	1350
131.386	5342	375	1350
131.388	5343	377	1350
131.403	5344	374	1350
131.406	5345	376	1350
131.408	5346	368	1350
131.41	5347	370	1350
131.417	5348	368	1350
131.428	5349	367	1350
131.43	5350	369	1350
131.45	5351	363	1350
131.452	5352	365	1350
131.458	5353	362	1350
131.461	5354	364	1350
131.472	5355	365	1350
131.474	5356	367	1350
131.476	5357	359	1350
131.478	5358	361	1350
131.485	5359	357	1350
131.487	5360	360	1350
131.494	5361	356	1350
131.496	5362	346	1350
131.498	5363	348	1350
131.501	5364	340	1350
131.503	5365	342	1350
131.509	5366	339	1350
131.512	5367	341	1350
131.518	5368	339	1350
131.52	5369	341	1350
131.523	5370	333	1350
131.525	5371	335	1350
131.527	5372	321	1350
131.529	5373	323	1350
131.531	5374	316	1350
131.534	5375	318	1350
131.536	5376	310	1350
131.538	5377	295	1350
131.54	5378	297	1350
131.543	5379	289	1350
131.545	5380	291	1350
131.547	5381	276	1350
131.549	5382	279	1350
131.551	5383	272	1350
131.554	5384	274	1350
131.556	5385	266	1350
131.558	5386	268	1350
131.56	5387	261	1350
131.562	5388	263	1350
131.565	5389	255	1350
131.567	5390	257	1350
131.569	5391	249	1350
131.571	5392	233	1350
131.573	5393	235	1350
131.576	5394	227	1350
131.578	5395	229	1350
131.58	5396	222	1350
131.582	5397	224	1350
131.584	5398	208	1350
131.587	5399	210	1350
131.589	5400	203	1350
131.591	5401	206	1350
131.593	5402	198	1350
131.595	5403	189	1350
131.598	5404	191	1350
131.6	5405	184	1350
131.602	5406	187	1350
131.604	5407	179	1350
131.607	5408	173	1350
131.609	5409	175	1350
131.611	5410	167	1350
131.613	5411	170	1350
131.615	5412	163	1350
131.618	5413	165	1350
131.62	5414	157	1350
131.622	5415	159	1350
131.624	5416	152	1350
131.626	5417	154	1350
131.629	5418	140	1350
131.631	5419	142	1350
131.633	5420	135	1350
131.635	5421	137	1350
131.637	5422	129	1350
131.64	5423	111	1350
131.642	5424	113	1350
131.644	5425	106	1350
131.646	5426	108	1350
131.65	5427	102	1350
131.652	5428	105	1350
131.66	5429	102	1350
131.662	5430	104	1350
131.669	5431	102	1350
131.686	5432	102	1350
131.688	5433	105	1350
131.695	5434	102	1350
131.698	5435	104	1350
131.705	5436	103	1350
131.707	5437	105	1350
131.715	5438	102	1350
131.717	5439	104	1350
131.724	5440	102	1350
131.726	5441	104	1350
131.734	5442	102	1350
131.736	5443	104	1350
131.743	5444	102	1350
131.745	5445	104	1350
131.755	5446	104	1350
131.757	5447	106	1350
131.762	5448	103	1350
131.764	5449	105	1350
131.771	5450	102	1350
131.773	5451	104	1350
131.78	5452	102	1350
131.783	5453	104	1350
131.79	5454	102	1350
131.792	5455	104	1350
131.798	5456	102	1350
131.801	5457	104	1350
131.807	5458	103	1350
131.809	5459	105	1350
131.816	5460	102	1350
131.818	5461	104	1350
131.824	5462	103	1350
131.826	5463	105	1350
131.833	5464	102	1350
131.835	5465	104	1350
131.841	5466	102	1350
131.843	5467	104	1350
131.849	5468	102	1350
131.851	5469	104	1350
131.856	5470	103	1350
131.858	5471	105	1350
131.864	5472	102	1350
131.866	5473	104	1350
131.871	5474	102	1350
131.874	5475	104	1350
131.879	5476	102	1350
131.881	5477	105	1350
131.888	5478	104	1350
131.89	5479	106	1350
131.897	5480	106	1350
131.899	5481	108	1350
131.901	5482	102	1350
131.903	5483	105	1350
131.91	5484	104	1350
131.912	5485	107	1350
131.919	5486	106	1350
131.921	5487	108	1350
131.927	5488	108	1350
131.93	5489	110	1350
131.932	5490	106	1350
131.934	5491	109	1350
131.941	5492	108	1350
131.943	5493	110	1350
131.95	5494	110	1350
131.952	5495	112	1350
131.958	5496	112	1350
131.961	5497	114	1350
131.967	5498	115	1350
131.969	5499	117	1350
131.976	5500	117	1350
131.978	5501	119	1350
131.985	5502	119	1350
131.987	5503	122	1350
131.994	5504	121	1350
131.996	5505	123	1350
132.003	5506	124	1350
132.005	5507	126	1350
132.011	5508	127	1350
132.014	5509	129	1350
132.02	5510	130	1350
132.022	5511	132	1350
132.029	5512	133	1350
132.031	5513	135	1350
132.038	5514	135	1350
132.04	5515	138	1350
132.047	5516	138	1350
132.049	5517	140	1350
132.056	5518	141	1350
132.058	5519	143	1350
132.064	5520	144	1350
132.067	5521	146	1350
132.073	5522	147	1350
132.075	5523	149	1350
132.078	5524	145	1350
132.08	5525	147	1350
132.091	5526	153	1350
132.093	5527	156	1350
132.1	5528	156	1350
132.102	5529	158	1350
132.104	5530	155	1350
132.106	5531	157	1350
132.117	5532	163	1350
132.12	5533	165	1350
132.122	5534	161	1350
132.124	5535	163	1350
132.131	5536	165	1350
132.133	5537	167	1350
132.139	5538	168	1350
132.142	5539	170	1350
132.148	5540	173	1350
132.15	5541	175	1350
132.157	5542	175	1350
132.159	5543	177	1350
132.166	5544	178	1350
132.168	5545	181	1350
132.175	5546	182	1350
132.177	5547	184	1350
132.179	5548	181	1350
132.181	5549	183	1350
132.188	5550	185	1350
132.19	5551	187	1350
132.197	5552	188	1350
132.199	5553	191	1350
132.206	5554	191	1350
132.208	5555	193	1350
132.214	5556	195	1350
132.217	5557	197	1350
132.223	5558	199	1350
132.226	5559	201	1350
132.232	5560	203	1350
132.234	5561	205	1350
132.241	5562	206	1350
132.243	5563	209	1350
132.245	5564	211	1350
132.256	5565	214	1350
132.259	5566	216	1350
132.261	5567	213	1350
132.263	5568	216	1350
132.27	5569	217	1350
132.272	5570	219	1350
132.287	5571	222	1350
132.29	5572	224	1350
132.292	5573	221	1350
132.294	5574	223	1350
132.301	5575	225	1350
132.303	5576	227	1350
132.318	5577	226	1350
132.32	5578	228	1350
132.332	5579	234	1350
132.334	5580	236	1350
132.34	5581	238	1350
132.343	5582	240	1350
132.358	5583	240	1350
132.36	5584	242	1350
132.362	5585	239	1350
132.365	5586	241	1350
132.371	5587	243	1350
132.373	5588	245	1350
132.389	5589	243	1350
132.391	5590	246	1350
132.402	5591	252	1350
132.404	5592	254	1350
132.407	5593	252	1350
132.409	5594	254	1350
132.415	5595	256	1350
132.431	5596	259	1350
132.433	5597	262	1350
132.435	5598	259	1350
132.438	5599	261	1350
132.444	5600	263	1350
132.446	5601	265	1350
132.462	5602	263	1350
132.464	5603	266	1350
132.475	5604	272	1350
132.477	5605	274	1350
132.479	5606	271	1350
132.482	5607	273	1350
132.488	5608	275	1350
132.49	5609	277	1350
132.506	5610	276	1350
132.508	5611	279	1350
132.515	5612	280	1350
132.517	5613	282	1350
132.524	5614	284	1350
132.526	5615	286	1350
132.537	5616	281	1350
132.539	5617	284	1350
132.546	5618	285	1350
132.548	5619	287	1350
132.55	5620	285	1350
132.552	5621	287	1350
132.568	5622	285	1350
132.57	5623	287	1350
132.572	5624	285	1350
132.574	5625	287	1350
132.585	5626	293	1350
132.588	5627	295	1350
132.59	5628	292	1350
132.592	5629	295	1350
132.603	5630	290	1350
132.605	5631	292	1350
132.612	5632	293	1350
132.614	5633	296	1350
132.616	5634	293	1350
132.619	5635	295	1350
132.63	5636	290	1350
132.632	5637	292	1350
132.638	5638	294	1350
132.641	5639	296	1350
132.647	5640	297	1350
132.649	5641	299	1350
132.661	5642	294	1350
132.663	5643	296	1350
132.669	5644	298	1350
132.672	5645	300	1350
132.674	5646	297	1350
132.676	5647	299	1350
132.687	5648	305	1350
132.694	5649	299	1350
132.696	5650	301	1350
132.702	5651	302	1350
132.705	5652	304	1350
132.707	5653	301	1350
132.709	5654	304	1350
132.725	5655	299	1350
132.727	5656	301	1350
132.729	5657	297	1350
132.731	5658	300	1350
132.749	5659	292	1350
132.751	5660	295	1350
132.76	5661	297	1350
132.762	5662	300	1350
132.778	5663	294	1350
132.78	5664	296	1350
132.786	5665	297	1350
132.789	5666	299	1350
132.793	5667	297	1350
132.795	5668	300	1350
132.811	5669	296	1350
132.813	5670	298	1350
132.822	5671	301	1350
132.824	5672	303	1350
132.833	5673	306	1350
132.835	5674	308	1350
132.837	5675	305	1350
132.846	5676	305	1350
132.848	5677	308	1350
132.857	5678	311	1350
132.859	5679	313	1350
132.861	5680	309	1350
132.877	5681	307	1350
132.879	5682	310	1350
132.888	5683	312	1350
132.89	5684	315	1350
132.908	5685	307	1350
132.91	5686	310	1350
132.917	5687	310	1350
132.919	5688	312	1350
132.928	5689	314	1350
132.93	5690	316	1350
132.945	5691	314	1350
132.948	5692	316	1350
132.952	5693	314	1350
132.954	5694	317	1350
132.961	5695	316	1350
132.963	5696	319	1350
132.978	5697	317	1350
132.981	5698	319	1350
132.985	5699	317	1350
132.987	5700	319	1350
132.996	5701	321	1350
132.998	5702	323	1350
133.014	5703	321	1350
133.016	5704	324	1350
133.025	5705	325	1350
133.027	5706	328	1350
133.029	5707	323	1350
133.031	5708	325	1350
133.04	5709	327	1350
133.042	5710	329	1350
133.058	5711	329	1350
133.06	5712	332	1350
133.062	5713	327	1350
133.065	5714	329	1350
133.073	5715	331	1350
133.076	5716	333	1350
133.087	5717	332	1350
133.089	5718	334	1350
133.095	5719	334	1350
133.098	5720	336	1350
133.107	5721	338	1350
133.109	5722	340	1350
133.124	5723	339	1350
133.126	5724	341	1350
133.131	5725	338	1350
133.133	5726	341	1350
133.142	5727	341	1350
133.144	5728	344	1350
133.153	5729	340	1350
133.155	5730	343	1350
133.164	5731	344	1350
133.166	5732	347	1350
133.173	5733	346	1350
133.175	5734	348	1350
133.184	5735	349	1350
133.195	5736	345	1350
133.197	5737	348	1350
133.206	5738	349	1350
133.208	5739	352	1350
133.217	5740	352	1350
133.226	5741	349	1350
133.228	5742	351	1350
133.237	5743	353	1350
133.252	5744	350	1350
133.254	5745	352	1350
133.263	5746	353	1350
133.266	5747	355	1350
133.268	5748	350	1350
133.27	5749	352	1350
133.285	5750	350	1350
133.288	5751	352	1350
133.296	5752	353	1350
133.299	5753	355	1350
133.307	5754	357	1350
133.31	5755	359	1350
133.318	5756	360	1350
133.321	5757	358	1350
133.323	5758	360	1350
133.332	5759	362	1350
133.334	5760	364	1350
133.343	5761	365	1350
133.345	5762	367	1350
133.363	5763	361	1350
133.365	5764	363	1350
133.374	5765	364	1350
133.376	5766	366	1350
133.391	5767	359	1350
133.394	5768	361	1350
133.402	5769	362	1350
133.405	5770	364	1350
133.413	5771	365	1350
133.416	5772	367	1350
133.431	5773	361	1350
133.433	5774	363	1350
133.442	5775	364	1350
133.444	5776	366	1350
133.453	5777	367	1350
133.455	5778	369	1350
133.471	5779	367	1350
133.473	5780	370	1350
133.482	5781	370	1350
133.484	5782	373	1350
133.489	5783	369	1350
133.491	5784	371	1350
133.506	5785	368	1350
133.508	5786	370	1350
133.517	5787	371	1350
133.519	5788	373	1350
133.526	5789	372	1350
133.528	5790	374	1350
133.537	5791	375	1350
133.542	5792	374	1350
133.544	5793	376	1350
133.553	5794	377	1350
133.555	5795	379	1350
133.564	5796	380	1350
133.577	5797	378	1350
133.579	5798	381	1350
133.583	5799	377	1350
133.586	5800	379	1350
133.594	5801	380	1350
133.597	5802	382	1350
133.608	5803	376	1350
133.61	5804	378	1350
133.619	5805	379	1350
133.621	5806	381	1350
133.63	5807	382	1350
133.634	5808	376	1350
133.636	5809	378	1350
133.645	5810	379	1350
133.647	5811	381	1350
133.656	5812	382	1350
133.667	5813	378	1350
133.67	5814	380	1350
133.678	5815	381	1350
133.681	5816	383	1350
133.689	5817	384	1350
133.7	5818	381	1350
133.703	5819	383	1350
133.714	5820	385	1350
133.716	5821	387	1350
133.723	5822	386	1350
133.731	5823	381	1350
133.734	5824	383	1350
133.742	5825	383	1350
133.758	5826	380	1350
133.76	5827	383	1350
133.769	5828	383	1350
133.771	5829	386	1350
133.776	5830	381	1350
133.778	5831	383	1350
133.793	5832	383	1350
133.795	5833	385	1350
133.802	5834	384	1350
133.804	5835	386	1350
133.809	5836	381	1350
133.811	5837	383	1350
133.815	5838	380	1350
133.824	5839	381	1350
133.826	5840	383	1350
133.837	5841	385	1350
133.84	5842	387	1350
133.844	5843	384	1350
133.846	5844	386	1350
133.853	5845	382	1350
133.855	5846	385	1350
133.864	5847	385	1350
133.877	5848	379	1350
133.879	5849	381	1350
133.886	5850	378	1350
133.888	5851	381	1350
133.904	5852	376	1350
133.906	5853	378	1350
133.915	5854	378	1350
133.917	5855	380	1350
133.93	5856	374	1350
133.932	5857	376	1350
133.941	5858	377	1350
133.943	5859	379	1350
133.952	5860	379	1350
133.954	5861	381	1350
133.968	5862	372	1350
133.97	5863	374	1350
133.979	5864	374	1350
133.981	5865	376	1350
133.985	5866	372	1350
133.988	5867	374	1350
134.001	5868	369	1350
134.003	5869	371	1350
134.012	5870	371	1350
134.014	5871	374	1350
134.023	5872	374	1350
134.025	5873	377	1350
134.034	5874	371	1350
134.036	5875	374	1350
134.043	5876	371	1350
134.045	5877	373	1350
134.052	5878	372	1350
134.06	5879	372	1350
134.063	5880	374	1350
134.071	5881	374	1350
134.074	5882	376	1350
134.082	5883	376	1350
134.089	5884	370	1350
134.091	5885	372	1350
134.1	5886	372	1350
134.102	5887	374	1350
134.111	5888	374	1350
134.12	5889	374	1350
134.122	5890	376	1350
134.127	5891	371	1350
134.129	5892	373	1350
134.138	5893	373	1350
134.142	5894	370	1350
134.144	5895	372	1350
134.153	5896	372	1350
134.155	5897	374	1350
134.171	5898	367	1350
134.173	5899	369	1350
134.182	5900	369	1350
134.184	5901	372	1350
134.193	5902	371	1350
134.204	5903	365	1350
134.206	5904	368	1350
134.215	5905	367	1350
134.217	5906	370	1350
134.226	5907	369	1350
134.235	5908	367	1350
134.237	5909	370	1350
134.246	5910	369	1350
134.261	5911	367	1350
134.264	5912	369	1350
134.268	5913	364	1350
134.27	5914	367	1350
134.279	5915	366	1350
134.288	5916	367	1350
134.29	5917	370	1350
134.301	5918	372	1350
134.303	5919	374	1350
134.31	5920	371	1350
134.312	5921	374	1350
134.317	5922	369	1350
134.319	5923	369	1350
134.321	5924	371	1350
134.33	5925	368	1350
134.332	5926	370	1350
134.341	5927	370	1350
134.343	5928	373	1350
134.347	5929	368	1350
134.35	5930	370	1350
134.358	5931	369	1350
134.361	5932	371	1350
134.376	5933	372	1350
134.378	5934	374	1350
134.385	5935	371	1350
134.387	5936	374	1350
134.403	5937	372	1350
134.405	5938	374	1350
134.414	5939	373	1350
134.416	5940	375	1350
134.429	5941	372	1350
134.431	5942	374	1350
134.436	5943	369	1350
134.438	5944	371	1350
134.447	5945	371	1350
134.458	5946	365	1350
134.46	5947	368	1350
134.469	5948	367	1350
134.471	5949	370	1350
134.48	5950	368	1350
134.482	5951	371	1350
134.493	5952	368	1350
134.495	5953	370	1350
134.5	5954	365	1350
134.502	5955	367	1350
134.511	5956	366	1350
134.513	5957	369	1350
134.522	5958	363	1350
134.524	5959	366	1350
134.533	5960	364	1350
134.535	5961	367	1350
134.544	5962	366	1350
134.548	5963	363	1350
134.551	5964	365	1350
134.559	5965	365	1350
134.562	5966	367	1350
134.57	5967	367	1350
134.575	5968	360	1350
134.577	5969	363	1350
134.586	5970	362	1350
134.588	5971	365	1350
134.597	5972	364	1350
134.606	5973	360	1350
134.608	5974	362	1350
134.612	5975	358	1350
134.615	5976	360	1350
134.623	5977	360	1350
134.626	5978	362	1350
134.634	5979	362	1350
134.643	5980	365	1350
134.646	5981	367	1350
134.65	5982	362	1350
134.652	5983	365	1350
134.668	5984	361	1350
134.67	5985	363	1350
134.679	5986	363	1350
134.681	5987	365	1350
134.69	5988	365	1350
134.703	5989	362	1350
134.705	5990	365	1350
134.714	5991	364	1350
134.716	5992	367	1350
134.725	5993	366	1350
134.734	5994	363	1350
134.736	5995	366	1350
134.745	5996	365	1350
134.747	5997	368	1350
134.756	5998	367	1350
134.767	5999	362	1350
134.769	6000	365	1350
134.778	6001	364	1350
134.78	6002	367	1350
134.789	6003	367	1350
134.791	6004	369	1350
134.8	6005	366	1350
134.802	6006	368	1350
134.811	6007	368	1350
134.813	6008	370	1350
134.822	6009	370	1350
134.824	6010	372	1350
134.833	6011	372	1350
134.835	6012	374	1350
134.844	6013	374	1350
134.846	6014	374	1350
134.849	6015	376	1350
134.86	6016	375	1350
134.862	6017	377	1350
134.875	6018	374	1350
134.877	6019	376	1350
134.886	6020	376	1350
134.888	6021	378	1350
134.904	6022	376	1350
134.906	6023	379	1350
134.915	6024	378	1350
134.917	6025	381	1350
134.928	6026	374	1350
134.93	6027	376	1350
134.939	6028	376	1350
134.941	6029	378	1350
134.95	6030	378	1350
134.959	6031	377	1350
134.961	6032	379	1350
134.97	6033	379	1350
134.972	6034	381	1350
134.981	6035	381	1350
134.983	6036	383	1350
134.999	6037	380	1350
135.001	6038	382	1350
135.005	6039	378	1350
135.008	6040	380	1350
135.016	6041	380	1350
135.019	6042	382	1350
135.027	6043	381	1350
135.03	6044	383	1350
135.041	6045	385	1350
135.043	6046	387	1350
135.047	6047	383	1350
135.056	6048	383	1350
135.058	6049	385	1350
135.065	6050	383	1350
135.067	6051	385	1350
135.076	6052	385	1350
135.085	6053	385	1350
135.087	6054	388	1350
135.092	6055	383	1350
135.094	6056	385	1350
135.103	6057	385	1350
135.111	6058	381	1350
135.114	6059	383	1350
135.118	6060	379	1350
135.12	6061	381	1350
135.129	6062	381	1350
135.131	6063	383	1350
135.14	6064	381	1350
135.142	6065	383	1350
135.151	6066	383	1350
135.153	6067	385	1350
135.158	6068	380	1350
135.173	6069	381	1350
135.175	6070	383	1350
135.184	6071	383	1350
135.186	6072	385	1350
135.195	6073	385	1350
135.206	6074	378	1350
135.209	6075	380	1350
135.217	6076	381	1350
135.22	6077	383	1350
135.226	6078	381	1350
135.237	6079	379	1350
135.239	6080	381	1350
135.248	6081	381	1350
135.25	6082	383	1350
135.259	6083	383	1350
135.273	6084	380	1350
135.275	6085	382	1350
135.284	6086	383	1350
135.286	6087	385	1350
135.29	6088	381	1350
135.292	6089	383	1350
135.301	6090	383	1350
135.308	6091	382	1350
135.31	6092	385	1350
135.317	6093	383	1350
135.319	6094	385	1350
135.328	6095	385	1350
135.33	6096	387	1350
135.343	6097	385	1350
135.345	6098	387	1350
135.354	6099	387	1350
135.359	6101	383	1350
135.365	6102	381	1350
135.368	6103	383	1350
135.374	6104	381	1350
135.376	6105	383	1350
135.392	6106	380	1350
135.394	6107	383	1350
135.403	6108	382	1350
135.405	6109	385	1350
135.421	6110	381	1350
135.423	6111	383	1350
135.427	6112	379	1350
135.429	6113	381	1350
135.438	6114	381	1350
135.447	6115	381	1350
135.449	6116	383	1350
135.46	6117	385	1350
135.462	6118	387	1350
135.478	6119	382	1350
135.48	6120	385	1350
135.487	6121	382	1350
135.489	6122	384	1350
135.504	6123	381	1350
135.507	6124	383	1350
135.511	6125	379	1350
135.513	6126	381	1350
135.522	6127	381	1350
135.524	6128	383	1350
135.533	6129	381	1350
135.535	6130	383	1350
135.546	6131	385	1350
135.549	6132	387	1350
135.553	6133	382	1350
135.562	6134	380	1350
135.564	6135	383	1350
135.571	6136	380	1350
135.573	6137	382	1350
135.582	6138	382	1350
135.591	6139	381	1350
135.593	6140	383	1350
135.602	6141	383	1350
135.604	6142	385	1350
135.61	6143	383	1350
135.619	6144	383	1350
135.621	6145	385	1350
135.628	6146	383	1350
135.63	6147	385	1350
135.637	6148	382	1350
135.639	6149	385	1350
135.648	6150	382	1350
135.65	6151	385	1350
135.657	6152	382	1350
135.659	6153	384	1350
135.663	6154	380	1350
135.679	6155	380	1350
135.681	6156	383	1350
135.69	6157	382	1350
135.692	6158	385	1350
135.701	6159	384	1350
135.71	6160	378	1350
135.712	6161	380	1350
135.721	6162	380	1350
135.723	6163	383	1350
135.732	6164	382	1350
135.741	6165	378	1350
135.743	6166	380	1350
135.75	6167	378	1350
135.752	6168	380	1350
135.761	6169	380	1350
135.772	6170	374	1350
135.774	6171	376	1350
135.78	6172	374	1350
135.783	6173	376	1350
135.791	6174	376	1350
135.794	6175	378	1350
135.802	6176	378	1350
135.805	6177	378	1350
135.807	6178	380	1350
135.818	6179	380	1350
135.82	6180	383	1350
135.825	6181	378	1350
135.831	6182	379	1350
135.833	6183	381	1350
135.84	6184	379	1350
135.842	6185	381	1350
135.849	6186	378	1350
135.858	6187	383	1350
135.871	6188	369	1350
135.873	6189	372	1350
135.882	6190	370	1350
135.895	6191	368	1350
135.897	6192	370	1350
135.906	6193	368	1350
135.908	6194	370	1350
135.917	6195	363	1350
135.92	6196	365	1350
135.928	6197	364	1350
135.931	6198	366	1350
135.946	6199	361	1350
135.948	6200	363	1350
135.957	6201	362	1350
135.975	6202	363	1350
135.977	6203	365	1350
135.986	6204	363	1350
135.988	6205	365	1350
135.995	6206	362	1350
135.999	6207	361	1350
136.001	6208	363	1350
136.014	6209	366	1350
136.017	6210	368	1350
136.03	6211	358	1350
136.032	6212	361	1350
136.041	6213	359	1350
136.043	6214	362	1350
136.052	6215	360	1350
136.054	6216	357	1350
136.056	6217	359	1350
136.065	6218	357	1350
136.067	6219	359	1350
136.081	6220	354	1350
136.083	6221	356	1350
136.092	6222	354	1350
136.094	6223	356	1350
136.105	6224	351	1350
136.107	6225	354	1350
136.116	6226	353	1350
136.118	6227	355	1350
136.129	6228	355	1350
136.134	6229	352	1350
136.136	6230	354	1350
136.145	6231	352	1350
136.147	6232	354	1350
136.156	6233	353	1350
136.167	6234	352	1350
136.169	6235	355	1350
136.178	6236	352	1350
136.18	6237	355	1350
136.191	6238	346	1350
136.193	6239	348	1350
136.202	6240	346	1350
136.204	6241	348	1350
136.215	6242	341	1350
136.218	6243	343	1350
136.226	6244	341	1350
136.229	6245	343	1350
136.237	6246	342	1350
136.246	6247	341	1350
136.249	6248	343	1350
136.26	6249	343	1350
136.262	6250	345	1350
136.266	6251	340	1350
136.273	6252	340	1350
136.275	6253	343	1350
136.279	6254	337	1350
136.282	6255	339	1350
136.293	6256	339	1350
136.295	6257	341	1350
136.304	6258	340	1350
136.306	6259	342	1350
136.315	6260	341	1350
136.319	6261	337	1350
136.321	6262	339	1350
136.33	6263	338	1350
136.332	6264	340	1350
136.341	6265	338	1350
136.343	6266	340	1350
136.354	6267	334	1350
136.357	6268	336	1350
136.366	6269	335	1350
136.368	6270	337	1350
136.372	6271	332	1350
136.374	6272	334	1350
136.383	6273	333	1350
136.39	6274	336	1350
136.392	6275	339	1350
136.403	6276	338	1350
136.405	6277	340	1350
136.414	6278	332	1350
136.416	6279	334	1350
136.427	6280	336	1350
136.43	6281	338	1350
136.445	6282	335	1350
136.447	6283	337	1350
136.456	6284	336	1350
136.458	6285	338	1350
136.467	6286	337	1350
136.476	6287	336	1350
136.478	6288	339	1350
136.487	6289	337	1350
136.489	6290	340	1350
136.498	6291	332	1350
136.5	6292	334	1350
136.511	6293	336	1350
136.513	6294	338	1350
136.522	6295	337	1350
136.525	6296	339	1350
136.533	6297	338	1350
136.536	6298	340	1350
136.544	6299	340	1350
136.547	6300	342	1350
136.555	6301	341	1350
136.558	6302	338	1350
136.56	6303	340	1350
136.569	6304	340	1350
136.571	6305	342	1350
136.58	6306	341	1350
136.595	6307	341	1350
136.597	6308	343	1350
136.606	6309	343	1350
136.608	6310	345	1350
136.617	6311	344	1350
136.619	6312	339	1350
136.622	6313	341	1350
136.63	6314	340	1350
136.633	6315	342	1350
136.642	6316	342	1350
136.657	6317	340	1350
136.659	6318	343	1350
136.664	6319	338	1350
136.666	6320	340	1350
136.675	6321	340	1350
136.677	6322	342	1350
136.686	6323	341	1350
136.688	6324	343	1350
136.697	6325	343	1350
136.699	6326	345	1350
136.714	6327	343	1350
136.717	6328	345	1350
136.725	6329	345	1350
136.728	6330	347	1350
136.736	6331	347	1350
136.741	6332	343	1350
136.743	6333	346	1350
136.752	6334	345	1350
136.754	6335	348	1350
136.763	6336	346	1350
136.765	6337	349	1350
136.774	6338	346	1350
136.776	6339	348	1350
136.785	6340	348	1350
136.787	6341	350	1350
136.796	6342	350	1350
136.798	6343	352	1350
136.807	6344	352	1350
136.809	6345	354	1350
136.818	6346	354	1350
136.82	6347	356	1350
136.829	6348	356	1350
136.834	6349	352	1350
136.836	6350	354	1350
136.845	6351	354	1350
136.847	6352	356	1350
136.856	6353	356	1350
136.865	6354	356	1350
136.867	6355	358	1350
136.873	6356	356	1350
136.876	6357	358	1350
136.887	6358	360	1350
136.895	6359	356	1350
136.898	6360	358	1350
136.906	6361	358	1350
136.909	6362	360	1350
136.924	6363	354	1350
136.926	6364	356	1350
136.935	6365	357	1350
136.937	6366	359	1350
136.942	6367	354	1350
136.944	6368	357	1350
136.957	6369	356	1350
136.959	6370	358	1350
136.968	6371	359	1350
136.971	6372	361	1350
136.975	6373	356	1350
136.977	6374	359	1350
136.993	6375	356	1350
136.995	6376	358	1350
137.004	6377	358	1350
137.006	6378	360	1350
137.017	6379	363	1350
137.019	6380	366	1350
137.03	6381	361	1350
137.032	6382	363	1350
137.041	6383	363	1350
137.043	6384	365	1350
137.048	6385	361	1350
137.05	6386	364	1350
137.059	6387	363	1350
137.061	6388	366	1350
137.07	6389	365	1350
137.085	6390	363	1350
137.088	6391	365	1350
137.094	6392	363	1350
137.096	6393	365	1350
137.101	6394	361	1350
137.103	6395	364	1350
137.112	6396	363	1350
137.121	6397	365	1350
137.123	6398	367	1350
137.132	6399	367	1350
137.143	6400	360	1350
137.145	6401	362	1350
137.154	6402	363	1350
137.156	6403	366	1350
137.165	6404	365	1350
137.167	6405	368	1350
137.176	6406	365	1350
137.178	6407	368	1350
137.187	6408	367	1350
137.189	6409	370	1350
137.198	6410	370	1350
137.2	6411	373	1350
137.216	6412	365	1350
137.218	6413	367	1350
137.224	6414	365	1350
137.227	6415	367	1350
137.235	6416	368	1350
137.244	6417	367	1350
137.247	6418	369	1350
137.253	6419	368	1350
137.255	6420	370	1350
137.264	6421	370	1350
137.266	6422	372	1350
137.277	6423	367	1350
137.28	6424	369	1350
137.288	6425	370	1350
137.291	6426	372	1350
137.3	6427	372	1350
137.302	6428	374	1350
137.306	6429	371	1350
137.315	6430	371	1350
137.317	6431	374	1350
137.324	6432	372	1350
137.326	6433	375	1350
137.335	6434	374	1350
137.344	6435	374	1350
137.346	6436	376	1350
137.353	6437	374	1350
137.355	6438	376	1350
137.364	6439	377	1350
137.375	6440	376	1350
137.377	6441	378	1350
137.386	6442	378	1350
137.388	6443	380	1350
137.394	6444	379	1350
137.406	6445	374	1350
137.408	6446	376	1350
137.414	6447	374	1350
137.417	6448	376	1350
137.432	6449	372	1350
137.434	6450	374	1350
137.443	6451	375	1350
137.445	6452	377	1350
137.452	6453	374	1350
137.454	6454	377	1350
137.467	6455	374	1350
137.47	6456	376	1350
137.476	6457	374	1350
137.478	6458	376	1350
137.487	6459	377	1350
137.494	6460	374	1350
137.496	6461	377	1350
137.505	6462	376	1350
137.507	6463	379	1350
137.514	6464	376	1350
137.527	6465	371	1350
137.529	6466	374	1350
137.54	6467	377	1350
137.542	6468	379	1350
137.545	6469	372	1350
137.547	6470	374	1350
137.556	6471	374	1350
137.558	6472	374	1350
137.56	6473	377	1350
137.569	6474	374	1350
137.582	6475	372	1350
137.584	6476	374	1350
137.589	6477	369	1350
137.591	6478	371	1350
137.6	6479	372	1350
137.602	6480	375	1350
137.611	6481	374	1350
137.613	6482	377	1350
137.62	6483	374	1350
137.622	6484	376	1350
137.637	6485	370	1350
137.64	6486	372	1350
137.648	6487	372	1350
137.651	6488	374	1350
137.659	6489	374	1350
137.662	6490	376	1350
137.67	6491	370	1350
137.673	6492	372	1350
137.682	6493	372	1350
137.684	6494	374	1350
137.69	6495	372	1350
137.693	6496	374	1350
137.706	6497	365	1350
137.708	6498	368	1350
137.717	6499	367	1350
137.719	6500	370	1350
137.726	6501	367	1350
137.734	6502	365	1350
137.737	6503	367	1350
137.746	6504	367	1350
137.748	6505	369	1350
137.754	6506	368	1350
137.757	6507	370	1350
137.765	6508	363	1350
137.768	6509	365	1350
137.776	6510	365	1350
137.779	6511	367	1350
137.787	6512	367	1350
137.79	6513	369	1350
137.794	6514	363	1350
137.796	6515	365	1350
137.805	6516	365	1350
137.807	6517	367	1350
137.816	6518	368	1350
137.823	6519	363	1350
137.825	6520	366	1350
137.834	6521	365	1350
137.836	6522	368	1350
137.845	6523	367	1350
137.847	6524	370	1350
137.854	6525	365	1350
137.856	6526	367	1350
137.865	6527	367	1350
137.867	6528	369	1350
137.876	6529	369	1350
137.887	6530	367	1350
137.889	6531	370	1350
137.898	6532	369	1350
137.9	6533	372	1350
137.909	6534	371	1350
137.922	6535	365	1350
137.924	6536	367	1350
137.933	6537	368	1350
137.935	6538	370	1350
137.942	6539	368	1350
137.944	6540	370	1350
137.955	6541	363	1350
137.958	6542	365	1350
137.966	6543	365	1350
137.969	6544	367	1350
137.977	6545	367	1350
137.98	6546	361	1350
137.982	6547	363	1350
137.991	6548	363	1350
137.993	6549	365	1350
137.997	6550	361	1350
138.013	6551	360	1350
138.015	6552	362	1350
138.019	6553	359	1350
138.022	6554	361	1350
138.03	6555	361	1350
138.033	6556	363	1350
138.041	6557	361	1350
138.044	6558	363	1350
138.048	6559	359	1350
138.05	6560	361	1350
138.061	6561	354	1350
138.063	6562	356	1350
138.072	6563	356	1350
138.075	6564	358	1350
138.083	6565	359	1350
138.086	6566	361	1350
138.094	6567	359	1350
138.097	6568	361	1350
138.101	6569	357	1350
138.103	6570	359	1350
138.114	6571	352	1350
138.116	6572	354	1350
138.125	6573	354	1350
138.128	6574	356	1350
138.136	6575	356	1350
138.139	6576	358	1350
138.147	6577	352	1350
138.15	6578	354	1350
138.154	6579	350	1350
138.156	6580	352	1350
138.165	6581	352	1350
138.167	6582	354	1350
138.178	6583	348	1350
138.181	6584	350	1350
138.189	6585	350	1350
138.192	6586	352	1350
138.2	6587	352	1350
138.209	6588	350	1350
138.211	6589	352	1350
138.22	6590	352	1350
138.222	6591	354	1350
138.231	6592	354	1350
138.234	6593	356	1350
138.245	6594	354	1350
138.247	6595	356	1350
138.256	6596	356	1350
138.258	6597	358	1350
138.267	6598	358	1350
138.269	6599	360	1350
138.278	6600	358	1350
138.28	6601	360	1350
138.284	6602	357	1350
138.286	6603	359	1350
138.295	6604	359	1350
138.304	6605	357	1350
138.306	6606	359	1350
138.315	6607	359	1350
138.317	6608	361	1350
138.326	6609	361	1350
138.328	6610	363	1350
138.337	6611	359	1350
138.339	6612	361	1350
138.348	6613	361	1350
138.351	6614	363	1350
138.359	6615	363	1350
138.368	6616	357	1350
138.37	6617	359	1350
138.379	6618	359	1350
138.381	6619	361	1350
138.39	6620	361	1350
138.406	6621	358	1350
138.408	6622	360	1350
138.417	6623	360	1350
138.419	6624	362	1350
138.423	6625	359	1350
138.426	6626	361	1350
138.441	6627	361	1350
138.443	6628	363	1350
138.452	6629	363	1350
138.454	6630	365	1350
138.463	6631	366	1350
138.465	6632	368	1350
138.47	6633	363	1350
138.472	6634	365	1350
138.479	6635	363	1350
138.481	6636	365	1350
138.49	6637	365	1350
138.501	6638	363	1350
138.503	6639	365	1350
138.512	6640	365	1350
138.514	6641	367	1350
138.523	6642	367	1350
138.525	6643	369	1350
138.534	6644	367	1350
138.536	6645	370	1350
138.545	6646	369	1350
138.547	6647	372	1350
138.556	6648	372	1350
138.558	6649	375	1350
138.567	6650	369	1350
138.569	6651	372	1350
138.578	6652	371	1350
138.58	6653	374	1350
138.589	6654	374	1350
138.591	6655	377	1350
138.6	6656	374	1350
138.602	6657	376	1350
138.611	6658	377	1350
138.613	6659	379	1350
138.618	6660	374	1350
138.629	6661	376	1350
138.631	6662	378	1350
138.64	6663	378	1350
138.642	6664	380	1350
138.646	6665	377	1350
138.657	6666	378	1350
138.66	6667	380	1350
138.666	6668	379	1350
138.668	6669	381	1350
138.673	6670	376	1350
138.675	6671	379	1350
138.684	6672	379	1350
138.693	6673	376	1350
138.695	6674	378	1350
138.706	6675	381	1350
138.708	6676	383	1350
138.721	6677	376	1350
138.724	6678	378	1350
138.733	6679	379	1350
138.735	6680	381	1350
138.739	6681	377	1350
138.748	6682	376	1350
138.75	6683	379	1350
138.759	6684	379	1350
138.761	6685	381	1350
138.77	6686	382	1350
138.779	6687	376	1350
138.781	6688	379	1350
138.786	6689	374	1350
138.788	6690	376	1350
138.797	6691	377	1350
138.805	6692	376	1350
138.808	6693	378	1350
138.816	6694	379	1350
138.819	6695	381	1350
138.827	6696	381	1350
138.83	6697	383	1350
138.841	6698	378	1350
138.843	6699	380	1350
138.852	6700	381	1350
138.854	6701	383	1350
138.863	6702	383	1350
138.872	6703	378	1350
138.874	6704	380	1350
138.883	6705	381	1350
138.885	6706	383	1350
138.894	6707	383	1350
138.909	6708	379	1350
138.911	6709	381	1350
138.916	6710	376	1350
138.918	6711	378	1350
138.927	6712	379	1350
138.929	6713	382	1350
138.944	6714	378	1350
138.947	6715	380	1350
138.956	6716	381	1350
138.958	6717	383	1350
138.967	6718	383	1350
138.969	6719	385	1350
138.973	6720	379	1350
138.975	6721	381	1350
138.984	6722	381	1350
138.986	6723	383	1350
138.995	6724	384	1350
139.004	6725	379	1350
139.006	6726	381	1350
139.015	6727	381	1350
139.017	6728	383	1350
139.026	6729	384	1350
139.028	6730	386	1350
139.039	6731	381	1350
139.042	6732	383	1350
139.05	6733	383	1350
139.053	6734	385	1350
139.062	6735	385	1350
139.064	6736	387	1350
139.075	6737	382	1350
139.077	6738	384	1350
139.086	6739	385	1350
139.088	6740	388	1350
139.092	6741	383	1350
139.095	6742	385	1350
139.106	6743	380	1350
139.108	6744	382	1350
139.119	6745	385	1350
139.121	6746	388	1350
139.126	6747	383	1350
139.134	6748	381	1350
139.137	6749	383	1350
139.145	6750	383	1350
139.148	6751	385	1350
139.152	6752	381	1350
139.161	6753	378	1350
139.163	6754	381	1350
139.172	6755	380	1350
139.174	6756	383	1350
139.179	6757	379	1350
139.181	6758	381	1350
139.19	6759	380	1350
139.192	6760	382	1350
139.201	6761	383	1350
139.203	6762	385	1350
139.212	6763	385	1350
139.227	6764	381	1350
139.229	6765	383	1350
139.234	6766	378	1350
139.236	6767	380	1350
139.247	6768	382	1350
139.256	6769	382	1350
139.258	6770	385	1350
139.265	6771	383	1350
139.267	6772	385	1350
139.271	6773	381	1350
139.287	6774	383	1350
139.289	6775	385	1350
139.291	6776	379	1350
139.293	6777	381	1350
139.302	6778	381	1350
139.313	6779	383	1350
139.315	6780	385	1350
139.322	6781	383	1350
139.324	6782	385	1350
139.329	6783	380	1350
139.331	6784	382	1350
139.344	6785	379	1350
139.346	6786	381	1350
139.355	6787	381	1350
139.357	6788	383	1350
139.366	6789	383	1350
139.375	6790	379	1350
139.377	6791	381	1350
139.384	6792	378	1350
139.386	6793	381	1350
139.395	6794	380	1350
139.406	6795	371	1350
139.408	6796	374	1350
139.415	6797	371	1350
139.417	6798	373	1350
139.426	6799	374	1350
139.428	6800	377	1350
139.441	6801	372	1350
139.443	6802	374	1350
139.452	6803	374	1350
139.455	6804	376	1350
139.459	6805	371	1350
139.461	6806	374	1350
139.47	6807	371	1350
139.472	6808	374	1350
139.481	6809	374	1350
139.483	6810	376	1350
139.485	6811	370	1350
139.488	6812	372	1350
139.496	6813	372	1350
139.499	6814	374	1350
139.512	6815	369	1350
139.514	6816	372	1350
139.523	6817	371	1350
139.525	6818	374	1350
139.534	6819	374	1350
139.543	6820	367	1350
139.545	6821	370	1350
139.554	6822	369	1350
139.556	6823	372	1350
139.563	6824	369	1350
139.572	6825	369	1350
139.574	6826	371	1350
139.583	6827	372	1350
139.585	6828	374	1350
139.589	6829	370	1350
139.602	6830	372	1350
139.605	6831	374	1350
139.611	6832	372	1350
139.614	6833	374	1350
139.622	6834	374	1350
139.631	6835	372	1350
139.633	6836	374	1350
139.64	6837	372	1350
139.642	6838	374	1350
139.647	6839	369	1350
139.655	6840	370	1350
139.658	6841	372	1350
139.666	6842	372	1350
139.669	6843	374	1350
139.673	6844	370	1350
139.675	6845	372	1350
139.684	6846	370	1350
139.686	6847	372	1350
139.695	6848	372	1350
139.697	6849	374	1350
139.704	6850	372	1350
139.722	6851	369	1350
139.724	6852	371	1350
139.728	6853	367	1350
139.731	6854	369	1350
139.739	6855	369	1350
139.753	6856	372	1350
139.755	6857	374	1350
139.759	6858	370	1350
139.761	6859	372	1350
139.77	6860	372	1350
139.777	6861	365	1350
139.779	6862	368	1350
139.788	6863	367	1350
139.79	6864	370	1350
139.799	6865	369	1350
139.803	6866	365	1350
139.806	6867	367	1350
139.814	6868	367	1350
139.817	6869	369	1350
139.823	6870	367	1350
139.825	6871	369	1350
139.837	6872	367	1350
139.839	6873	369	1350
139.843	6874	365	1350
139.845	6875	367	1350
139.854	6876	367	1350
139.863	6877	363	1350
139.865	6878	365	1350
139.87	6879	360	1350
139.872	6880	362	1350
139.881	6881	363	1350
139.892	6882	360	1350
139.894	6883	362	1350
139.901	6884	361	1350
139.903	6885	363	1350
139.907	6886	359	1350
139.909	6887	361	1350
139.92	6888	354	1350
139.923	6889	356	1350
139.931	6890	356	1350
139.934	6891	358	1350
139.942	6892	358	1350
139.945	6893	360	1350
139.949	6894	354	1350
139.951	6895	356	1350
139.96	6896	357	1350
139.962	6897	359	1350
139.971	6898	359	1350
139.973	6899	361	1350
139.978	6900	356	1350
139.98	6901	359	1350
139.989	6902	358	1350
139.991	6903	361	1350
140.002	6904	354	1350
140.004	6905	356	1350
140.013	6906	357	1350
140.015	6907	359	1350
140.024	6908	359	1350
140.033	6909	355	1350
140.035	6910	357	1350
140.044	6911	357	1350
140.046	6912	359	1350
140.055	6913	359	1350
140.064	6914	356	1350
140.066	6915	359	1350
140.075	6916	358	1350
140.077	6917	361	1350
140.086	6918	361	1350
140.095	6919	358	1350
140.097	6920	361	1350
140.106	6921	360	1350
140.108	6922	363	1350
140.113	6923	359	1350
140.121	6924	356	1350
140.124	6925	358	1350
140.132	6926	359	1350
140.135	6927	361	1350
140.143	6928	361	1350
140.152	6929	361	1350
140.154	6930	363	1350
140.163	6931	363	1350
140.166	6932	365	1350
140.17	6933	360	1350
140.172	6934	363	1350
140.185	6935	365	1350
140.188	6936	367	1350
140.192	6937	363	1350
140.207	6938	361	1350
140.21	6939	363	1350
140.218	6940	363	1350
140.221	6941	365	1350
140.23	6942	365	1350
140.238	6943	361	1350
140.241	6944	363	1350
140.249	6945	363	1350
140.252	6946	365	1350
140.256	6947	361	1350
140.258	6948	363	1350
140.267	6949	363	1350
140.269	6950	365	1350
140.278	6951	366	1350
140.28	6952	368	1350
140.289	6953	368	1350
140.298	6954	367	1350
140.3	6955	370	1350
140.305	6956	365	1350
140.307	6957	367	1350
140.316	6958	367	1350
140.329	6959	367	1350
140.331	6960	370	1350
140.336	6961	365	1350
140.338	6962	367	1350
140.347	6963	368	1350
140.355	6964	367	1350
140.358	6965	369	1350
140.366	6966	370	1350
140.369	6967	372	1350
140.377	6968	372	1350
140.386	6969	370	1350
140.389	6970	372	1350
140.393	6971	367	1350
140.395	6972	370	1350
140.404	6973	369	1350
140.406	6974	372	1350
140.417	6975	372	1350
140.419	6976	374	1350
140.428	6977	374	1350
140.43	6978	376	1350
140.435	6979	372	1350
140.437	6980	375	1350
140.448	6981	374	1350
140.45	6982	376	1350
140.457	6983	374	1350
140.459	6984	377	1350
140.464	6985	372	1350
140.466	6986	374	1350
140.479	6987	377	1350
140.481	6988	379	1350
140.486	6989	374	1350
140.488	6990	376	1350
140.492	6991	372	1350
140.494	6992	374	1350
140.503	6993	374	1350
140.506	6994	376	1350
140.514	6995	377	1350
140.517	6996	379	1350
140.532	6997	374	1350
140.534	6998	376	1350
140.543	6999	377	1350
140.545	7000	379	1350
140.554	7001	379	1350
140.565	7002	376	1350
140.567	7003	378	1350
140.574	7004	376	1350
140.576	7005	379	1350
140.581	7006	374	1350
140.594	7007	374	1350
140.596	7008	377	1350
140.605	7009	376	1350
140.607	7010	379	1350
140.614	7011	377	1350
140.623	7012	376	1350
140.625	7013	378	1350
140.634	7014	379	1350
140.636	7015	381	1350
140.645	7016	381	1350
140.653	7017	376	1350
140.656	7018	378	1350
140.665	7019	379	1350
140.667	7020	381	1350
140.671	7021	377	1350
140.673	7022	379	1350
140.689	7023	378	1350
140.691	7024	381	1350
140.695	7025	377	1350
140.698	7026	379	1350
140.704	7027	377	1350
140.72	7028	376	1350
140.722	7029	378	1350
140.726	7030	374	1350
140.729	7031	376	1350
140.737	7032	377	1350
140.746	7033	372	1350
140.748	7034	374	1350
140.757	7035	375	1350
140.759	7036	377	1350
140.768	7037	377	1350
140.77	7038	379	1350
140.782	7039	378	1350
140.784	7040	380	1350
140.79	7041	379	1350
140.793	7042	381	1350
140.801	7043	381	1350
140.81	7044	381	1350
140.812	7045	383	1350
140.817	7046	378	1350
140.819	7047	381	1350
140.835	7048	378	1350
140.837	7049	380	1350
140.846	7050	381	1350
140.848	7051	383	1350
140.852	7052	379	1350
140.861	7053	379	1350
140.863	7054	381	1350
140.872	7055	381	1350
140.874	7056	383	1350
140.883	7057	384	1350
140.892	7058	380	1350
140.894	7059	383	1350
140.903	7060	383	1350
140.905	7061	386	1350
140.91	7062	381	1350
140.912	7063	383	1350
140.921	7064	378	1350
140.923	7065	380	1350
140.932	7066	381	1350
140.934	7067	383	1350
140.941	7068	381	1350
140.943	7069	383	1350
140.952	7070	384	1350
140.954	7071	386	1350
140.963	7072	386	1350
140.965	7073	388	1350
140.969	7074	381	1350
140.971	7075	383	1350
140.98	7076	383	1350
140.982	7077	385	1350
140.991	7078	386	1350
140.994	7079	388	1350
140.998	7080	380	1350
141	7081	383	1350
141.009	7082	383	1350
141.011	7083	386	1350
141.02	7084	386	1350
141.022	7085	388	1350
141.038	7086	380	1350
141.04	7087	382	1350
141.049	7088	383	1350
141.051	7089	385	1350
141.055	7090	381	1350
141.071	7091	380	1350
141.073	7092	382	1350
141.082	7093	383	1350
141.084	7094	386	1350
141.086	7095	379	1350
141.099	7096	381	1350
141.102	7097	383	1350
141.111	7098	383	1350
141.113	7099	385	1350
141.117	7100	382	1350
141.119	7101	384	1350
141.13	7102	383	1350
141.133	7103	385	1350
141.141	7104	385	1350
141.144	7105	387	1350
141.15	7106	386	1350
141.161	7107	383	1350
141.164	7108	385	1350
141.172	7109	385	1350
141.175	7110	387	1350
141.179	7111	383	1350
141.181	7112	386	1350
141.194	7113	381	1350
141.197	7114	383	1350
141.203	7115	381	1350
141.205	7116	383	1350
141.212	7117	382	1350
141.223	7118	379	1350
141.225	7119	381	1350
141.23	7120	376	1350
141.232	7121	378	1350
141.241	7122	379	1350
141.25	7123	378	1350
141.252	7124	380	1350
141.258	7125	379	1350
141.261	7126	381	1350
141.265	7127	377	1350
141.267	7128	379	1350
141.283	7129	376	1350
141.285	7130	378	1350
141.292	7131	376	1350
141.294	7132	378	1350
141.303	7133	379	1350
141.311	7134	376	1350
141.314	7135	378	1350
141.318	7136	375	1350
141.32	7137	377	1350
141.327	7138	374	1350
141.329	7139	377	1350
141.338	7140	376	1350
141.34	7141	379	1350
141.349	7142	378	1350
141.351	7143	381	1350
141.353	7144	375	1350
141.362	7145	374	1350
141.364	7146	376	1350
141.373	7147	377	1350
141.375	7148	379	1350
141.391	7149	373	1350
141.393	7150	376	1350
141.4	7151	374	1350
141.402	7152	376	1350
141.406	7153	373	1350
141.409	7154	375	1350
141.42	7155	374	1350
141.422	7156	376	1350
141.431	7157	376	1350
141.433	7158	378	1350
141.437	7159	375	1350
141.44	7160	377	1350
141.451	7161	374	1350
141.453	7162	376	1350
141.462	7163	376	1350
141.464	7164	378	1350
141.468	7165	375	1350
141.47	7166	377	1350
141.479	7167	374	1350
141.481	7168	376	1350
141.49	7169	377	1350
141.493	7170	379	1350
141.497	7171	374	1350
141.499	7172	377	1350
141.508	7173	377	1350
141.51	7174	376	1350
141.512	7175	378	1350
141.521	7176	378	1350
141.523	7177	380	1350
141.539	7178	376	1350
141.541	7179	379	1350
141.55	7180	378	1350
141.552	7181	381	1350
141.557	7182	377	1350
141.572	7183	377	1350
141.574	7184	379	1350
141.583	7185	379	1350
141.585	7186	381	1350
141.59	7187	377	1350
141.601	7188	376	1350
141.603	7189	378	1350
141.607	7190	375	1350
141.61	7191	377	1350
141.618	7192	377	1350
141.621	7193	379	1350
141.629	7194	374	1350
141.632	7195	376	1350
141.636	7196	373	1350
141.638	7197	375	1350
141.649	7198	377	1350
141.651	7199	379	1350
141.658	7200	372	1350
141.66	7201	374	1350
141.667	7202	372	1350
141.669	7203	375	1350
141.674	7204	370	1350
141.676	7205	372	1350
141.687	7206	367	1350
141.689	7207	370	1350
141.698	7208	370	1350
141.7	7209	373	1350
141.709	7210	372	1350
141.713	7211	365	1350
141.716	7212	367	1350
141.724	7213	368	1350
141.727	7214	370	1350
141.735	7215	371	1350
141.738	7216	373	1350
141.742	7217	369	1350
141.744	7218	371	1350
141.753	7219	372	1350
141.755	7220	374	1350
141.76	7221	369	1350
141.762	7222	371	1350
141.771	7223	372	1350
141.773	7224	374	1350
141.784	7225	367	1350
141.786	7226	370	1350
141.793	7227	368	1350
141.795	7228	371	1350
141.799	7229	366	1350
141.808	7230	365	1350
141.81	7231	367	1350
141.819	7232	368	1350
141.822	7233	370	1350
141.826	7234	366	1350
141.828	7235	369	1350
141.839	7236	365	1350
141.841	7237	367	1350
141.85	7238	368	1350
141.852	7239	370	1350
141.859	7240	369	1350
141.861	7241	371	1350
141.87	7242	372	1350
141.872	7243	372	1350
141.874	7244	374	1350
141.883	7245	373	1350
141.886	7246	375	1350
141.894	7247	367	1350
141.897	7248	369	1350
141.905	7249	370	1350
141.908	7250	372	1350
141.916	7251	373	1350
141.925	7252	370	1350
141.927	7253	372	1350
141.936	7254	373	1350
141.939	7255	375	1350
141.943	7256	371	1350
141.945	7257	374	1350
141.961	7258	374	1350
141.963	7259	376	1350
141.972	7260	377	1350
141.974	7261	379	1350
141.976	7262	374	1350
141.978	7263	376	1350
141.987	7264	377	1350
141.992	7265	376	1350
141.994	7266	378	1350
142.003	7267	379	1350
142.005	7268	381	1350
142.014	7269	382	1350
142.016	7270	384	1350
142.022	7271	383	1350
142.027	7272	380	1350
142.029	7273	383	1350
142.036	7274	381	1350
142.038	7275	383	1350
142.053	7276	378	1350
142.056	7277	380	1350
142.064	7278	382	1350
142.067	7279	384	1350
142.071	7280	381	1350
142.086	7281	378	1350
142.089	7282	380	1350
142.095	7283	379	1350
142.098	7284	381	1350
142.102	7285	377	1350
142.104	7286	380	1350
142.113	7287	381	1350
142.115	7288	381	1350
142.117	7289	383	1350
142.126	7290	383	1350
142.128	7291	385	1350
142.137	7292	386	1350
142.146	7293	385	1350
142.148	7294	387	1350
142.157	7295	388	1350
142.162	7297	385	1350
142.164	7298	387	1350
142.177	7299	384	1350
142.179	7300	387	1350
142.184	7301	384	1350
142.186	7302	386	1350
142.19	7303	383	1350
142.192	7304	385	1350
142.199	7305	384	1350
142.208	7306	385	1350
142.21	7307	388	1350
142.219	7308	388	1350
142.223	7310	385	1350
142.232	7311	383	1350
142.234	7312	385	1350
142.243	7313	386	1350
142.245	7314	388	1350
142.25	7315	385	1350
142.252	7316	388	1350
142.259	7317	380	1350
142.261	7318	382	1350
142.268	7319	382	1350
142.27	7320	384	1350
142.272	7321	378	1350
142.274	7322	381	1350
142.281	7323	379	1350
142.283	7324	373	1350
142.285	7325	376	1350
142.292	7326	375	1350
142.294	7327	378	1350
142.296	7328	372	1350
142.299	7329	374	1350
142.305	7330	370	1350
142.307	7331	372	1350
142.314	7332	370	1350
142.316	7333	373	1350
142.318	7334	368	1350
142.325	7335	361	1350
142.327	7336	363	1350
142.334	7337	362	1350
142.336	7338	365	1350
142.343	7339	363	1350
142.345	7340	365	1350
142.347	7341	360	1350
142.354	7342	358	1350
142.356	7343	360	1350
142.363	7344	360	1350
142.365	7345	362	1350
142.367	7346	356	1350
142.369	7347	359	1350
142.374	7348	352	1350
142.376	7349	354	1350
142.378	7350	349	1350
142.38	7351	351	1350
142.382	7352	346	1350
142.385	7353	334	1350
142.387	7354	336	1350
142.389	7355	332	1350
142.391	7356	334	1350
142.394	7357	328	1350
142.396	7358	330	1350
142.398	7359	312	1350
142.4	7360	315	1350
142.402	7361	309	1350
142.405	7362	311	1350
142.407	7363	306	1350
142.409	7364	309	1350
142.411	7365	299	1350
142.413	7366	301	1350
142.416	7367	296	1350
142.418	7368	298	1350
142.42	7369	293	1350
142.422	7370	295	1350
142.424	7371	286	1350
142.427	7372	288	1350
142.429	7373	282	1350
142.431	7374	285	1350
142.433	7375	280	1350
142.436	7376	282	1350
142.438	7377	276	1350
142.44	7378	261	1350
142.442	7379	264	1350
142.444	7380	259	1350
142.447	7381	261	1350
142.449	7382	255	1350
142.451	7383	257	1350
142.453	7384	242	1350
142.455	7385	244	1350
142.458	7386	239	1350
142.46	7387	241	1350
142.462	7388	236	1350
142.464	7389	238	1350
142.466	7390	228	1350
142.469	7391	230	1350
142.471	7392	225	1350
142.473	7393	228	1350
142.475	7394	223	1350
142.477	7395	225	1350
142.48	7396	219	1350
142.482	7397	220	1350
142.484	7398	223	1350
142.486	7399	215	1350
142.489	7400	217	1350
142.491	7401	212	1350
142.493	7402	213	1350
142.495	7403	187	1350
142.497	7404	189	1350
142.5	7405	182	1350
142.502	7406	184	1350
142.506	7407	180	1350
142.508	7408	182	1350
142.511	7409	176	1350
142.513	7410	178	1350
142.515	7411	172	1350
142.517	7412	174	1350
142.526	7413	156	1350
142.528	7414	158	1350
142.533	7415	153	1350
142.535	7416	155	1350
142.537	7417	149	1350
142.539	7418	151	1350
142.542	7419	144	1350
142.544	7420	146	1350
142.546	7421	141	1350
142.548	7422	143	1350
142.55	7423	136	1350
142.553	7424	138	1350
142.555	7425	131	1350
142.557	7426	134	1350
142.559	7427	136	1350
142.561	7428	125	1350
142.564	7429	127	1350
142.566	7430	120	1350
142.568	7431	118	1350
142.57	7432	120	1350
142.573	7433	114	1350
142.575	7434	116	1350
142.577	7435	109	1350
142.579	7436	112	1350
142.584	7437	105	1350
142.586	7438	107	1350
142.592	7439	105	1350
142.595	7440	107	1350
142.599	7441	103	1350
142.601	7442	105	1350
142.607	7443	102	1350
142.609	7444	105	1350
142.615	7445	102	1350
142.618	7446	104	1350
142.624	7447	102	1350
142.626	7448	105	1350
142.632	7449	102	1350
142.635	7450	104	1350
142.641	7451	102	1350
142.643	7452	104	1350
142.649	7453	103	1350
142.651	7454	105	1350
142.657	7455	103	1350
142.659	7456	105	1350
142.665	7457	102	1350
142.667	7458	104	1350
142.673	7459	102	1350
142.676	7460	104	1350
142.681	7461	103	1350
142.683	7462	105	1350
142.689	7463	102	1350
142.691	7464	105	1350
142.697	7465	102	1350
142.699	7466	105	1350
142.704	7467	102	1350
142.707	7468	104	1350
142.712	7469	102	1350
142.714	7470	105	1350
142.72	7471	102	1350
142.722	7472	104	1350
142.727	7473	102	1350
142.729	7474	105	1350
142.734	7475	103	1350
142.736	7476	105	1350
142.743	7477	103	1350
142.745	7478	106	1350
142.748	7479	102	1350
142.75	7480	104	1350
142.755	7481	103	1350
142.757	7482	105	1350
142.762	7483	102	1350
142.764	7484	104	1350
142.771	7485	104	1350
142.773	7486	106	1350
142.775	7487	102	1350
142.777	7488	104	1350
142.782	7489	102	1350
142.784	7490	105	1350
142.789	7491	103	1350
142.791	7492	105	1350
142.795	7493	102	1350
142.797	7494	104	1350
142.801	7495	103	1350
142.804	7496	105	1350
142.808	7497	103	1350
142.81	7498	106	1350
142.834	7499	123	1350
142.836	7500	126	1350
142.845	7501	128	1350
142.847	7502	130	1350
142.852	7503	129	1350
142.854	7504	131	1350
142.86	7505	132	1350
142.863	7506	134	1350
142.867	7507	133	1350
142.869	7508	135	1350
142.876	7509	135	1350
142.878	7510	138	1350
142.883	7511	136	1350
142.885	7512	138	1350
142.894	7513	141	1350
142.896	7514	143	1350
142.898	7515	141	1350
142.9	7516	143	1350
142.909	7517	146	1350
142.911	7518	148	1350
142.92	7519	152	1350
142.922	7520	154	1350
142.925	7521	150	1350
142.927	7522	152	1350
142.931	7523	152	1350
142.933	7524	154	1350
142.94	7525	154	1350
142.942	7526	157	1350
142.947	7527	156	1350
142.949	7528	158	1350
142.955	7529	160	1350
142.958	7530	162	1350
142.962	7531	161	1350
142.964	7532	163	1350
142.973	7533	167	1350
142.975	7534	169	1350
142.978	7535	166	1350
142.98	7536	168	1350
142.989	7537	172	1350
142.991	7538	174	1350
142.993	7539	171	1350
142.995	7540	174	1350
143.004	7541	176	1350
143.006	7542	179	1350
143.008	7543	176	1350
143.011	7544	178	1350
143.019	7545	182	1350
143.022	7546	184	1350
143.024	7547	181	1350
143.026	7548	184	1350
143.03	7549	183	1350
143.033	7550	185	1350
143.039	7551	188	1350
143.042	7552	190	1350
143.046	7553	189	1350
143.048	7554	192	1350
143.057	7555	195	1350
143.059	7556	198	1350
143.061	7557	195	1350
143.064	7558	197	1350
143.072	7559	201	1350
143.075	7560	203	1350
143.077	7561	200	1350
143.079	7562	203	1350
143.083	7563	203	1350
143.086	7564	205	1350
143.092	7565	207	1350
143.095	7566	209	1350
143.099	7567	208	1350
143.101	7568	211	1350
143.108	7569	212	1350
143.11	7570	214	1350
143.114	7571	215	1350
143.117	7572	217	1350
143.123	7573	219	1350
143.125	7574	221	1350
143.13	7575	220	1350
143.132	7576	223	1350
143.134	7577	221	1350
143.136	7578	223	1350
143.145	7579	227	1350
143.148	7580	229	1350
143.15	7581	227	1350
143.152	7582	229	1350
143.161	7583	233	1350
143.163	7584	235	1350
143.165	7585	234	1350
143.167	7586	236	1350
143.172	7587	235	1350
143.174	7588	238	1350
143.181	7589	240	1350
143.192	7590	232	1350
143.194	7591	234	1350
143.201	7592	237	1350
143.203	7593	239	1350
143.207	7594	240	1350
143.209	7595	242	1350
143.216	7596	244	1350
143.218	7597	247	1350
143.229	7598	244	1350
143.231	7599	246	1350
143.234	7600	244	1350
143.236	7601	246	1350
143.245	7602	251	1350
143.247	7603	253	1350
143.249	7604	251	1350
143.251	7605	253	1350
143.267	7606	248	1350
143.269	7607	250	1350
143.273	7608	251	1350
143.276	7609	253	1350
143.282	7610	255	1350
143.284	7611	257	1350
143.295	7612	250	1350
143.298	7613	252	1350
143.306	7614	257	1350
143.309	7615	259	1350
143.311	7616	257	1350
143.313	7617	260	1350
143.318	7618	260	1350
143.32	7619	262	1350
143.326	7620	264	1350
143.329	7621	266	1350
143.337	7622	264	1350
143.34	7623	266	1350
143.344	7624	266	1350
143.346	7625	268	1350
143.348	7626	266	1350
143.351	7627	268	1350
143.359	7628	273	1350
143.362	7629	275	1350
143.371	7630	270	1350
143.373	7631	272	1350
143.377	7632	273	1350
143.379	7633	275	1350
143.388	7634	280	1350
143.39	7635	282	1350
143.393	7636	279	1350
143.408	7637	279	1350
143.41	7638	281	1350
143.415	7639	281	1350
143.417	7640	283	1350
143.419	7641	282	1350
143.421	7642	284	1350
143.43	7643	289	1350
143.432	7644	291	1350
143.443	7645	288	1350
143.446	7646	290	1350
143.452	7647	293	1350
143.454	7648	295	1350
143.459	7649	294	1350
143.461	7650	297	1350
143.477	7651	294	1350
143.479	7652	296	1350
143.488	7653	301	1350
143.49	7654	303	1350
143.494	7655	304	1350
143.496	7656	306	1350
143.503	7657	308	1350
143.505	7658	310	1350
143.51	7659	310	1350
143.518	7660	310	1350
143.521	7661	312	1350
143.53	7662	316	1350
143.532	7663	318	1350
143.534	7664	316	1350
143.536	7665	319	1350
143.545	7666	322	1350
143.556	7667	320	1350
143.558	7668	323	1350
143.565	7669	325	1350
143.567	7670	328	1350
143.571	7671	327	1350
143.574	7672	329	1350
143.58	7673	332	1350
143.582	7674	334	1350
143.594	7675	332	1350
143.596	7676	334	1350
143.605	7677	338	1350
143.607	7678	340	1350
143.609	7679	338	1350
143.611	7680	341	1350
143.629	7681	340	1350
143.631	7682	343	1350
143.633	7683	341	1350
143.635	7684	343	1350
143.644	7685	347	1350
143.647	7686	349	1350
143.655	7687	353	1350
143.666	7688	350	1350
143.669	7689	352	1350
143.675	7690	354	1350
143.677	7691	356	1350
143.68	7692	353	1350
143.682	7693	355	1350
143.691	7694	359	1350
143.7	7695	356	1350
143.702	7696	358	1350
143.708	7697	360	1350
143.711	7698	362	1350
143.713	7699	359	1350
143.724	7700	354	1350
143.726	7701	357	1350
143.733	7702	358	1350
143.735	7703	360	1350
143.739	7704	360	1350
143.741	7705	362	1350
143.75	7706	352	1350
143.753	7707	354	1350
143.761	7708	358	1350
143.764	7709	360	1350
143.766	7710	357	1350
143.768	7711	359	1350
143.783	7712	352	1350
143.786	7713	354	1350
143.788	7714	351	1350
143.79	7715	354	1350
143.794	7716	352	1350
143.797	7717	354	1350
143.803	7718	356	1350
143.806	7719	358	1350
143.808	7720	355	1350
143.817	7721	354	1350
143.819	7722	356	1350
143.823	7723	356	1350
143.825	7724	358	1350
143.828	7725	354	1350
143.83	7726	356	1350
143.839	7727	360	1350
143.841	7728	362	1350
143.85	7729	354	1350
143.852	7730	356	1350
143.854	7731	353	1350
143.856	7732	355	1350
143.865	7733	359	1350
143.867	7734	361	1350
143.87	7735	358	1350
143.881	7736	347	1350
143.883	7737	349	1350
143.892	7738	353	1350
143.894	7739	355	1350
143.896	7740	352	1350
143.898	7741	354	1350
143.903	7742	353	1350
143.905	7743	355	1350
143.92	7744	352	1350
143.923	7745	354	1350
143.927	7746	352	1350
143.929	7747	355	1350
143.936	7748	356	1350
143.938	7749	358	1350
143.949	7750	348	1350
143.951	7751	350	1350
143.96	7752	353	1350
143.962	7753	355	1350
143.967	7754	353	1350
143.969	7755	355	1350
143.976	7756	357	1350
143.98	7757	351	1350
143.982	7758	354	1350
143.991	7759	357	1350
143.993	7760	360	1350
144.002	7761	363	1350
144.011	7762	356	1350
144.013	7763	359	1350
144.017	7764	357	1350
144.02	7765	359	1350
144.026	7766	360	1350
144.037	7767	356	1350
144.04	7768	358	1350
144.048	7769	361	1350
144.051	7770	363	1350
144.053	7771	359	1350
144.055	7772	362	1350
144.064	7773	364	1350
144.073	7774	365	1350
144.075	7775	367	1350
144.079	7776	366	1350
144.082	7777	368	1350
144.088	7778	369	1350
144.099	7779	365	1350
144.101	7780	367	1350
144.108	7781	367	1350
144.11	7782	370	1350
144.115	7783	368	1350
144.126	7784	365	1350
144.128	7785	367	1350
144.134	7786	368	1350
144.137	7787	370	1350
144.141	7788	368	1350
144.157	7789	365	1350
144.159	7790	367	1350
144.168	7791	370	1350
144.17	7792	372	1350
144.172	7793	368	1350
144.174	7794	370	1350
144.183	7795	372	1350
144.192	7796	367	1350
144.194	7797	370	1350
144.203	7798	371	1350
144.205	7799	374	1350
144.21	7800	372	1350
144.212	7801	374	1350
144.221	7802	369	1350
144.223	7803	371	1350
144.232	7804	374	1350
144.234	7805	376	1350
144.243	7806	378	1350
144.245	7807	380	1350
144.254	7808	376	1350
144.256	7809	378	1350
144.26	7810	376	1350
144.263	7811	378	1350
144.271	7812	380	1350
144.285	7813	376	1350
144.287	7814	378	1350
144.291	7815	376	1350
144.293	7816	378	1350
144.302	7817	380	1350
144.305	7818	382	1350
144.309	7819	380	1350
144.311	7820	383	1350
144.318	7821	382	1350
144.322	7822	381	1350
144.324	7823	383	1350
144.333	7824	385	1350
144.335	7825	387	1350
144.342	7826	387	1350
144.344	7827	389	1350
144.349	7828	386	1350
144.351	7829	388	1350
144.358	7830	383	1350
144.36	7831	385	1350
144.369	7832	387	1350
144.371	7833	389	1350
144.375	7834	387	1350
144.377	7835	389	1350
144.38	7836	384	1350
144.382	7837	386	1350
144.388	7838	383	1350
144.391	7839	385	1350
144.399	7840	387	1350
144.402	7841	389	1350
144.406	7842	387	1350
144.408	7843	389	1350
144.413	7844	386	1350
144.415	7845	388	1350
144.428	7846	383	1350
144.43	7847	385	1350
144.437	7848	384	1350
144.439	7849	387	1350
144.444	7850	384	1350
144.446	7851	386	1350
144.455	7852	380	1350
144.457	7853	382	1350
144.466	7854	384	1350
144.468	7855	386	1350
144.472	7856	384	1350
144.475	7857	386	1350
144.483	7858	383	1350
144.486	7859	385	1350
144.494	7860	387	1350
144.497	7861	389	1350
144.501	7862	387	1350
144.51	7863	382	1350
144.512	7864	385	1350
144.521	7865	386	1350
144.523	7866	389	1350
144.528	7867	386	1350
144.53	7868	388	1350
144.547	7869	385	1350
144.55	7870	387	1350
144.552	7871	382	1350
144.554	7872	385	1350
144.561	7873	384	1350
144.563	7874	386	1350
144.572	7875	383	1350
144.574	7876	385	1350
144.583	7877	386	1350
144.585	7878	388	1350
144.589	7879	386	1350
144.592	7880	388	1350
144.607	7881	383	1350
144.609	7882	385	1350
144.614	7883	382	1350
144.616	7884	384	1350
144.62	7885	382	1350
144.631	7886	381	1350
144.634	7887	383	1350
144.64	7888	383	1350
144.642	7889	385	1350
144.647	7890	381	1350
144.66	7891	378	1350
144.662	7892	381	1350
144.671	7893	383	1350
144.673	7894	385	1350
144.678	7895	382	1350
144.68	7896	384	1350
144.684	7897	381	1350
144.691	7898	382	1350
144.693	7899	385	1350
144.702	7900	386	1350
144.704	7901	389	1350
144.709	7902	386	1350
144.717	7903	383	1350
144.72	7904	385	1350
144.726	7905	385	1350
144.728	7906	387	1350
144.733	7907	383	1350
144.735	7908	386	1350
144.744	7909	387	1350
144.751	7911	387	1350
144.762	7912	380	1350
144.764	7913	382	1350
144.768	7914	380	1350
144.77	7915	382	1350
144.786	7916	376	1350
144.788	7917	379	1350
144.795	7918	377	1350
144.797	7919	379	1350
144.806	7920	381	1350
144.808	7921	383	1350
144.81	7922	379	1350
144.819	7923	382	1350
144.821	7924	385	1350
144.826	7925	382	1350
144.828	7926	384	1350
144.832	7927	382	1350
144.834	7928	384	1350
144.845	7929	378	1350
144.848	7930	380	1350
144.854	7931	380	1350
144.857	7932	382	1350
144.861	7933	379	1350
144.863	7934	382	1350
144.87	7935	376	1350
144.872	7936	378	1350
144.879	7937	377	1350
144.881	7938	379	1350
144.883	7939	375	1350
144.885	7940	377	1350
144.89	7941	374	1350
144.892	7942	376	1350
144.903	7943	378	1350
144.905	7944	381	1350
144.91	7945	378	1350
144.912	7946	380	1350
144.918	7947	379	1350
144.921	7948	381	1350
144.925	7949	371	1350
144.927	7950	374	1350
144.936	7951	375	1350
144.938	7952	378	1350
144.943	7953	374	1350
144.945	7954	376	1350
144.951	7955	372	1350
144.954	7956	374	1350
144.962	7957	375	1350
144.965	7958	377	1350
144.967	7959	372	1350
144.969	7960	375	1350
144.98	7961	372	1350
144.982	7962	374	1350
144.991	7963	376	1350
144.993	7964	378	1350
144.996	7965	372	1350
145.007	7966	372	1350
145.009	7967	374	1350
145.015	7968	373	1350
145.018	7969	375	1350
145.022	7970	373	1350
145.024	7971	375	1350
145.042	7972	369	1350
145.044	7973	372	1350
145.049	7974	369	1350
145.051	7975	371	1350
145.06	7976	372	1350
145.062	7977	374	1350
145.071	7978	376	1350
145.073	7979	374	1350
145.075	7980	377	1350
145.084	7981	377	1350
145.086	7982	380	1350
145.091	7983	377	1350
145.106	7984	374	1350
145.108	7985	376	1350
145.113	7986	373	1350
145.115	7987	375	1350
145.119	7988	372	1350
145.121	7989	374	1350
145.133	7990	374	1350
145.135	7991	376	1350
145.141	7992	375	1350
145.144	7993	377	1350
145.148	7994	374	1350
145.157	7995	371	1350
145.159	7996	374	1350
145.168	7997	375	1350
145.17	7998	378	1350
145.174	7999	374	1350
145.177	8000	376	1350
145.183	8001	376	1350
145.19	8002	374	1350
145.192	8003	377	1350
145.201	8004	377	1350
145.203	8005	380	1350
145.208	8006	377	1350
145.219	8007	376	1350
145.221	8008	378	1350
145.225	8009	376	1350
145.227	8010	378	1350
145.234	8011	377	1350
145.236	8012	379	1350
145.243	8013	378	1350
145.247	8014	379	1350
145.265	8015	369	1350
145.267	8016	372	1350
145.274	8017	369	1350
145.276	8018	372	1350
145.291	8019	370	1350
145.294	8020	372	1350
145.3	8021	370	1350
145.303	8022	372	1350
145.309	8023	370	1350
145.32	8024	370	1350
145.322	8025	372	1350
145.327	8026	367	1350
145.329	8027	370	1350
145.338	8028	369	1350
145.344	8029	365	1350
145.347	8030	367	1350
145.356	8031	367	1350
145.358	8032	369	1350
145.367	8033	370	1350
145.369	8034	372	1350
145.375	8035	370	1350
145.378	8036	372	1350
145.386	8037	372	1350
145.389	8038	374	1350
145.397	8039	374	1350
145.4	8040	376	1350
145.409	8041	374	1350
145.411	8042	376	1350
145.417	8043	374	1350
145.42	8044	376	1350
145.422	8045	369	1350
145.428	8046	367	1350
145.431	8047	369	1350
145.435	8048	366	1350
145.437	8049	368	1350
145.442	8050	363	1350
145.444	8051	365	1350
145.453	8052	365	1350
145.455	8053	367	1350
145.462	8054	365	1350
145.464	8055	367	1350
145.468	8056	363	1350
145.477	8057	360	1350
145.479	8058	363	1350
145.486	8059	360	1350
145.488	8060	362	1350
145.495	8061	361	1350
145.503	8062	361	1350
145.506	8063	363	1350
145.512	8064	361	1350
145.514	8065	363	1350
145.528	8066	358	1350
145.53	8067	360	1350
145.532	8068	355	1350
145.534	8069	357	1350
145.548	8070	352	1350
145.55	8071	354	1350
145.552	8072	348	1350
145.554	8073	350	1350
145.563	8074	350	1350
145.572	8075	340	1350
145.574	8076	343	1350
145.583	8077	343	1350
145.585	8078	346	1350
145.59	8079	341	1350
145.596	8080	339	1350
145.598	8081	341	1350
145.603	8082	336	1350
145.605	8083	339	1350
145.614	8084	339	1350
145.616	8085	342	1350
145.618	8086	334	1350
145.62	8087	336	1350
145.629	8088	337	1350
145.632	8089	339	1350
145.64	8090	339	1350
145.645	8091	329	1350
145.647	8092	331	1350
145.656	8093	332	1350
145.658	8094	335	1350
145.669	8095	326	1350
145.671	8096	328	1350
145.678	8097	325	1350
145.68	8098	328	1350
145.685	8099	323	1350
145.687	8100	325	1350
145.696	8101	326	1350
145.698	8102	328	1350
145.707	8103	328	1350
145.711	8104	321	1350
145.713	8105	323	1350
145.722	8106	324	1350
145.724	8107	326	1350
145.729	8108	322	1350
145.731	8109	324	1350
145.74	8110	323	1350
145.742	8111	325	1350
145.751	8112	326	1350
145.753	8113	328	1350
145.762	8114	328	1350
145.764	8115	330	1350
145.773	8116	327	1350
145.775	8117	330	1350
145.779	8118	326	1350
145.782	8119	328	1350
145.79	8120	329	1350
145.793	8121	331	1350
145.802	8122	330	1350
145.804	8123	332	1350
145.81	8124	330	1350
145.813	8125	332	1350
145.817	8126	328	1350
145.826	8127	325	1350
145.828	8128	328	1350
145.837	8129	328	1350
145.839	8130	331	1350
145.848	8131	331	1350
145.85	8132	334	1350
145.855	8133	329	1350
145.863	8134	330	1350
145.866	8135	332	1350
145.874	8136	333	1350
145.877	8137	335	1350
145.883	8138	334	1350
145.885	8139	336	1350
145.89	8140	331	1350
145.892	8141	332	1350
145.894	8142	334	1350
145.905	8143	335	1350
145.908	8144	337	1350
145.914	8145	336	1350
145.916	8146	338	1350
145.925	8147	339	1350
145.927	8148	341	1350
145.932	8149	337	1350
145.934	8150	340	1350
145.943	8151	340	1350
145.945	8152	343	1350
145.954	8153	342	1350
145.956	8154	343	1350
145.958	8155	345	1350
145.967	8156	344	1350
145.969	8157	346	1350
145.978	8158	347	1350
145.983	8159	343	1350
145.985	8160	345	1350
145.991	8161	344	1350
145.994	8162	346	1350
146.002	8163	347	1350
146.014	8164	341	1350
146.016	8165	343	1350
146.025	8166	344	1350
146.027	8167	346	1350
146.033	8168	345	1350
146.036	8169	347	1350
146.042	8170	343	1350
146.044	8171	345	1350
146.051	8172	344	1350
146.053	8173	346	1350
146.062	8174	348	1350
146.064	8175	350	1350
146.069	8176	346	1350
146.075	8177	348	1350
146.078	8178	350	1350
146.086	8179	351	1350
146.089	8180	353	1350
146.093	8181	349	1350
146.095	8182	352	1350
146.104	8183	350	1350
146.106	8184	352	1350
146.115	8185	353	1350
146.117	8186	355	1350
146.122	8187	352	1350
146.131	8188	350	1350
146.133	8189	352	1350
146.142	8190	353	1350
146.144	8191	355	1350
146.15	8192	354	1350
146.153	8193	356	1350
146.164	8194	354	1350
146.166	8195	356	1350
146.175	8196	357	1350
146.177	8197	359	1350
146.179	8198	355	1350
146.181	8199	357	1350
146.19	8200	354	1350
146.192	8201	356	1350
146.201	8202	358	1350
146.203	8203	360	1350
146.208	8204	356	1350
146.21	8205	359	1350
146.223	8206	359	1350
146.225	8207	361	1350
146.23	8208	357	1350
146.232	8209	360	1350
146.241	8210	361	1350
146.243	8211	364	1350
146.254	8212	357	1350
146.256	8213	359	1350
146.263	8214	358	1350
146.265	8215	360	1350
146.274	8216	362	1350
146.276	8217	364	1350
146.287	8218	361	1350
146.29	8219	363	1350
146.296	8220	363	1350
146.298	8221	365	1350
146.303	8222	361	1350
146.305	8223	363	1350
146.314	8224	365	1350
146.316	8225	362	1350
146.318	8226	365	1350
146.327	8227	367	1350
146.329	8228	369	1350
146.334	8229	366	1350
146.342	8230	363	1350
146.345	8231	365	1350
146.354	8232	367	1350
146.356	8233	369	1350
146.362	8234	368	1350
146.373	8235	365	1350
146.376	8236	367	1350
146.384	8237	369	1350
146.387	8238	371	1350
146.389	8239	366	1350
146.391	8240	369	1350
146.4	8241	369	1350
146.409	8242	369	1350
146.411	8243	371	1350
146.415	8244	369	1350
146.418	8245	371	1350
146.424	8246	371	1350
146.426	8247	373	1350
146.431	8248	370	1350
146.44	8249	372	1350
146.442	8250	374	1350
146.451	8251	375	1350
146.453	8252	377	1350
146.455	8253	373	1350
146.457	8254	375	1350
146.471	8255	376	1350
146.473	8256	378	1350
146.475	8257	373	1350
146.477	8258	376	1350
146.486	8259	378	1350
146.488	8260	380	1350
146.504	8261	376	1350
146.506	8262	378	1350
146.51	8263	376	1350
146.513	8264	378	1350
146.517	8265	375	1350
146.532	8266	374	1350
146.535	8267	376	1350
146.539	8268	374	1350
146.541	8269	376	1350
146.55	8270	378	1350
146.552	8271	380	1350
146.561	8272	374	1350
146.563	8273	376	1350
146.568	8274	373	1350
146.57	8275	375	1350
146.579	8276	377	1350
146.581	8277	379	1350
146.585	8278	377	1350
146.594	8279	381	1350
146.596	8280	383	1350
146.599	8281	378	1350
146.601	8282	380	1350
146.61	8283	381	1350
146.618	8284	378	1350
146.621	8285	380	1350
146.625	8286	378	1350
146.627	8287	380	1350
146.634	8288	379	1350
146.645	8289	378	1350
146.647	8290	381	1350
146.649	8291	376	1350
146.652	8292	378	1350
146.658	8293	377	1350
146.66	8294	379	1350
146.676	8295	376	1350
146.678	8296	379	1350
146.68	8297	373	1350
146.683	8298	375	1350
146.691	8299	377	1350
146.694	8300	379	1350
146.702	8301	376	1350
146.705	8302	378	1350
146.709	8303	376	1350
146.711	8304	378	1350
146.718	8305	377	1350
146.72	8306	380	1350
146.724	8307	376	1350
146.727	8308	378	1350
146.736	8309	378	1350
146.738	8310	380	1350
146.747	8311	382	1350
146.749	8312	384	1350
146.753	8313	382	1350
146.755	8314	384	1350
146.769	8315	380	1350
146.771	8316	382	1350
146.775	8317	380	1350
146.777	8318	382	1350
146.784	8319	382	1350
146.795	8320	381	1350
146.797	8321	383	1350
146.804	8322	382	1350
146.806	8323	385	1350
146.811	8324	381	1350
146.813	8325	383	1350
146.822	8326	380	1350
146.824	8327	382	1350
146.833	8328	384	1350
146.835	8329	386	1350
146.837	8330	382	1350
146.848	8331	381	1350
146.85	8332	383	1350
146.857	8333	382	1350
146.859	8334	385	1350
146.864	8335	381	1350
146.879	8336	381	1350
146.881	8337	383	1350
146.883	8338	378	1350
146.886	8339	380	1350
146.894	8340	381	1350
146.897	8341	383	1350
146.906	8342	381	1350
146.908	8343	383	1350
146.917	8344	384	1350
146.919	8345	386	1350
146.923	8346	384	1350
146.925	8347	386	1350
146.934	8348	383	1350
146.936	8349	385	1350
146.941	8350	382	1350
146.943	8351	385	1350
146.952	8352	385	1350
146.959	8353	381	1350
146.961	8354	383	1350
146.965	8355	380	1350
146.967	8356	382	1350
146.974	8357	381	1350
146.976	8358	384	1350
146.985	8359	385	1350
146.987	8360	387	1350
146.994	8361	382	1350
146.996	8362	385	1350
147.005	8363	386	1350
147.007	8364	389	1350
147.012	8365	386	1350
147.02	8366	383	1350
147.023	8367	385	1350
147.029	8368	385	1350
147.031	8369	387	1350
147.045	8370	380	1350
147.047	8371	382	1350
147.053	8372	382	1350
147.056	8373	384	1350
147.06	8374	382	1350
147.062	8375	384	1350
147.073	8376	381	1350
147.076	8377	383	1350
147.082	8378	382	1350
147.084	8379	384	1350
147.091	8380	384	1350
147.1	8381	380	1350
147.102	8382	383	1350
147.111	8383	384	1350
147.113	8384	387	1350
147.12	8385	385	1350
147.122	8386	387	1350
147.126	8387	381	1350
147.129	8388	383	1350
147.133	8389	379	1350
147.135	8390	382	1350
147.144	8391	383	1350
147.153	8392	380	1350
147.155	8393	383	1350
147.162	8394	382	1350
147.164	8395	384	1350
147.168	8396	381	1350
147.182	8397	381	1350
147.184	8398	383	1350
147.19	8399	382	1350
147.193	8400	384	1350
147.201	8401	386	1350
147.204	8402	388	1350
147.21	8403	383	1350
147.212	8404	385	1350
147.217	8405	382	1350
147.219	8406	385	1350
147.226	8407	383	1350
147.228	8408	385	1350
147.232	8409	383	1350
147.235	8410	385	1350
147.243	8411	383	1350
147.246	8412	385	1350
147.252	8413	384	1350
147.254	8414	386	1350
147.259	8415	383	1350
147.261	8416	386	1350
147.272	8417	379	1350
147.274	8418	381	1350
147.279	8419	377	1350
147.281	8420	379	1350
147.288	8421	379	1350
147.29	8422	381	1350
147.299	8423	378	1350
147.301	8424	380	1350
147.31	8425	382	1350
147.312	8426	384	1350
147.314	8427	379	1350
147.316	8428	381	1350
147.325	8429	379	1350
147.327	8430	381	1350
147.332	8431	377	1350
147.334	8432	379	1350
147.341	8433	379	1350
147.349	8434	376	1350
147.352	8435	378	1350
147.356	8436	375	1350
147.358	8437	378	1350
147.365	8438	376	1350
147.376	8439	371	1350
147.378	8440	374	1350
147.38	8441	369	1350
147.382	8442	371	1350
147.391	8443	372	1350
147.394	8444	374	1350
147.398	8445	367	1350
147.4	8446	370	1350
147.407	8447	368	1350
147.409	8448	370	1350
147.413	8449	368	1350
147.416	8450	370	1350
147.424	8451	365	1350
147.427	8452	367	1350
147.433	8453	367	1350
147.435	8454	369	1350
147.44	8455	365	1350
147.442	8456	368	1350
147.451	8457	365	1350
147.453	8458	368	1350
147.458	8459	364	1350
147.46	8460	366	1350
147.469	8461	368	1350
147.471	8462	370	1350
147.48	8463	367	1350
147.482	8464	369	1350
147.486	8465	367	1350
147.488	8466	369	1350
147.495	8467	368	1350
147.497	8468	370	1350
147.508	8469	363	1350
147.511	8470	365	1350
147.515	8471	362	1350
147.517	8472	365	1350
147.526	8473	365	1350
147.53	8474	359	1350
147.533	8475	361	1350
147.537	8476	358	1350
147.539	8477	360	1350
147.541	8478	355	1350
147.552	8479	354	1350
147.555	8480	356	1350
147.561	8481	356	1350
147.564	8482	358	1350
147.568	8483	354	1350
147.579	8484	354	1350
147.581	8485	357	1350
147.586	8486	353	1350
147.588	8487	355	1350
147.597	8488	357	1350
147.599	8489	359	1350
147.608	8490	356	1350
147.61	8491	358	1350
147.614	8492	356	1350
147.617	8493	358	1350
147.625	8494	359	1350
147.634	8495	357	1350
147.636	8496	359	1350
147.639	8497	353	1350
147.641	8498	355	1350
147.647	8499	355	1350
147.658	8500	352	1350
147.661	8501	354	1350
147.667	8502	353	1350
147.67	8503	355	1350
147.678	8504	357	1350
147.681	8505	359	1350
147.689	8506	354	1350
147.692	8507	356	1350
147.7	8508	358	1350
147.703	8509	360	1350
147.707	8510	357	1350
147.709	8511	359	1350
147.718	8512	361	1350
147.72	8513	363	1350
147.725	8514	359	1350
147.727	8515	361	1350
147.74	8516	363	1350
147.742	8517	365	1350
147.747	8518	362	1350
147.749	8519	364	1350
147.756	8520	363	1350
147.758	8521	365	1350
147.762	8522	359	1350
147.764	8523	361	1350
147.773	8524	362	1350
147.775	8525	364	1350
147.78	8526	361	1350
147.782	8527	364	1350
147.798	8528	363	1350
147.8	8529	365	1350
147.802	8530	359	1350
147.804	8531	362	1350
147.813	8532	364	1350
147.815	8533	366	1350
147.82	8534	362	1350
147.822	8535	364	1350
147.828	8536	364	1350
147.831	8537	365	1350
147.833	8538	367	1350
147.844	8539	368	1350
147.846	8540	371	1350
147.851	8541	367	1350
147.853	8542	369	1350
147.866	8543	366	1350
147.868	8544	368	1350
147.87	8545	362	1350
147.873	8546	364	1350
147.881	8547	366	1350
147.884	8548	368	1350
147.888	8549	365	1350
147.89	8550	367	1350
147.897	8551	365	1350
147.899	8552	368	1350
147.904	8553	364	1350
147.906	8554	366	1350
147.915	8555	368	1350
147.917	8556	370	1350
147.923	8557	365	1350
147.926	8558	367	1350
147.93	8559	365	1350
147.932	8560	367	1350
147.941	8561	368	1350
147.943	8562	370	1350
147.946	8563	365	1350
147.954	8564	370	1350
147.957	8565	372	1350
147.961	8566	368	1350
147.963	8567	371	1350
147.965	8568	366	1350
147.974	8569	363	1350
147.976	8570	365	1350
147.985	8571	367	1350
147.987	8572	369	1350
147.992	8573	365	1350
147.994	8574	368	1350
148.003	8575	362	1350
148.005	8576	365	1350
148.014	8577	366	1350
148.016	8578	369	1350
148.025	8579	370	1350
148.027	8580	373	1350
148.029	8581	368	1350
148.038	8582	372	1350
148.04	8583	374	1350
148.043	8584	369	1350
148.045	8585	371	1350
148.054	8586	372	1350
148.063	8587	369	1350
148.065	8588	371	1350
148.069	8589	369	1350
148.071	8590	371	1350
148.08	8591	373	1350
148.089	8592	368	1350
148.091	8593	370	1350
148.1	8594	372	1350
148.102	8595	374	1350
148.107	8596	370	1350
148.109	8597	372	1350
148.118	8598	367	1350
148.12	8599	369	1350
148.129	8600	371	1350
148.131	8601	373	1350
148.14	8602	375	1350
148.142	8603	378	1350
148.153	8604	370	1350
148.155	8605	372	1350
148.162	8606	371	1350
148.164	8607	374	1350
148.169	8608	371	1350
148.171	8609	373	1350
148.186	8610	372	1350
148.188	8611	374	1350
148.191	8612	369	1350
148.193	8613	371	1350
148.202	8614	373	1350
148.204	8615	375	1350
148.215	8616	371	1350
148.217	8617	374	1350
148.224	8618	373	1350
148.226	8619	375	1350
148.23	8620	373	1350
148.233	8621	375	1350
148.244	8622	372	1350
148.246	8623	374	1350
148.252	8624	373	1350
148.255	8625	375	1350
148.263	8626	377	1350
148.266	8627	379	1350
148.274	8628	376	1350
148.277	8629	378	1350
148.281	8630	376	1350
148.283	8631	378	1350
148.292	8632	380	1350
148.301	8633	376	1350
148.303	8634	379	1350
148.308	8635	375	1350
148.31	8636	377	1350
148.316	8637	377	1350
148.319	8638	379	1350
148.323	8639	377	1350
148.332	8640	378	1350
148.334	8641	381	1350
148.339	8642	378	1350
148.341	8643	380	1350
148.347	8644	380	1350
148.35	8645	382	1350
148.358	8646	384	1350
148.361	8647	386	1350
148.372	8648	380	1350
148.374	8649	382	1350
148.376	8650	378	1350
148.378	8651	380	1350
148.387	8652	382	1350
148.389	8653	384	1350
148.394	8654	381	1350
148.396	8655	383	1350
148.403	8656	380	1350
148.405	8657	382	1350
148.409	8658	380	1350
148.411	8659	382	1350
148.42	8660	384	1350
148.422	8661	386	1350
148.429	8662	381	1350
148.431	8663	383	1350
148.436	8664	380	1350
148.438	8665	382	1350
148.447	8666	384	1350
148.449	8667	386	1350
148.451	8668	382	1350
148.46	8669	380	1350
148.462	8670	383	1350
148.467	8671	380	1350
148.469	8672	382	1350
148.475	8673	382	1350
148.478	8674	384	1350
148.482	8675	382	1350
148.491	8676	380	1350
148.493	8677	383	1350
148.498	8678	380	1350
148.5	8679	382	1350
148.506	8680	382	1350
148.509	8681	384	1350
148.52	8682	380	1350
148.522	8683	382	1350
148.528	8684	382	1350
148.531	8685	384	1350
148.537	8686	384	1350
148.539	8687	386	1350
148.546	8688	381	1350
148.548	8689	383	1350
148.553	8690	380	1350
148.555	8691	382	1350
148.562	8692	382	1350
148.564	8693	384	1350
148.575	8694	380	1350
148.577	8695	382	1350
148.586	8696	384	1350
148.588	8697	387	1350
148.592	8698	384	1350
148.603	8699	378	1350
148.606	8700	380	1350
148.61	8701	378	1350
148.612	8702	380	1350
148.621	8703	382	1350
148.623	8704	384	1350
148.634	8705	381	1350
148.637	8706	383	1350
148.641	8707	380	1350
148.643	8708	382	1350
148.652	8709	384	1350
148.654	8710	386	1350
148.659	8711	383	1350
148.661	8712	385	1350
148.674	8713	381	1350
148.676	8714	383	1350
148.683	8715	382	1350
148.685	8716	385	1350
148.69	8717	382	1350
148.692	8718	384	1350
148.709	8719	383	1350
148.712	8720	385	1350
148.716	8721	383	1350
148.718	8722	385	1350
148.725	8723	383	1350
148.727	8724	386	1350
148.736	8725	380	1350
148.738	8726	383	1350
148.747	8727	385	1350
148.749	8728	387	1350
148.754	8729	384	1350
148.756	8730	386	1350
148.771	8731	383	1350
148.774	8732	385	1350
148.778	8733	382	1350
148.78	8734	385	1350
148.789	8735	386	1350
148.791	8736	389	1350
148.8	8737	382	1350
148.802	8738	385	1350
148.807	8739	382	1350
148.809	8740	384	1350
148.818	8741	386	1350
148.82	8742	388	1350
148.826	8743	383	1350
148.829	8744	385	1350
148.833	8745	383	1350
148.835	8746	385	1350
148.842	8747	383	1350
148.844	8748	386	1350
148.849	8749	383	1350
148.855	8750	383	1350
148.857	8751	385	1350
148.862	8752	382	1350
148.864	8753	385	1350
148.873	8754	386	1350
148.882	8755	383	1350
148.884	8756	385	1350
148.888	8757	382	1350
148.891	8758	384	1350
148.897	8759	384	1350
148.899	8760	386	1350
148.908	8761	388	1350
148.915	8762	387	1350
148.919	8764	385	1350
148.921	8765	387	1350
148.926	8766	383	1350
148.928	8767	386	1350
148.935	8768	380	1350
148.937	8769	382	1350
148.946	8770	384	1350
148.948	8771	386	1350
148.952	8772	384	1350
148.955	8773	386	1350
148.959	8774	383	1350
148.966	8775	380	1350
148.968	8776	382	1350
148.977	8777	384	1350
148.979	8778	386	1350
148.981	8779	382	1350
148.983	8780	384	1350
148.988	8781	381	1350
148.997	8782	381	1350
148.999	8783	383	1350
149.005	8784	382	1350
149.008	8785	384	1350
149.012	8786	381	1350
149.014	8787	384	1350
149.023	8788	379	1350
149.025	8789	381	1350
149.032	8790	380	1350
149.034	8791	383	1350
149.041	8792	381	1350
149.043	8793	383	1350
149.052	8794	380	1350
149.054	8795	382	1350
149.056	8796	378	1350
149.058	8797	380	1350
149.067	8798	382	1350
149.069	8799	384	1350
149.078	8800	379	1350
149.08	8801	381	1350
149.087	8802	380	1350
149.089	8803	382	1350
149.094	8804	379	1350
149.102	8805	374	1350
149.105	8806	376	1350
149.109	8807	374	1350
149.111	8808	376	1350
149.118	8809	374	1350
149.12	8810	377	1350
149.129	8811	369	1350
149.131	8812	372	1350
149.136	8813	369	1350
149.138	8814	371	1350
149.147	8815	372	1350
149.149	8816	374	1350
149.151	8817	370	1350
149.153	8818	368	1350
149.155	8819	370	1350
149.164	8820	371	1350
149.167	8821	373	1350
149.171	8822	370	1350
149.18	8823	365	1350
149.182	8824	367	1350
149.189	8825	367	1350
149.191	8826	369	1350
149.202	8827	360	1350
149.204	8828	363	1350
149.208	8829	360	1350
149.211	8830	362	1350
149.22	8831	364	1350
149.222	8832	366	1350
149.231	8833	358	1350
149.233	8834	360	1350
149.237	8835	358	1350
149.239	8836	360	1350
149.248	8837	362	1350
149.253	8838	354	1350
149.255	8839	356	1350
149.264	8840	358	1350
149.266	8841	360	1350
149.27	8842	357	1350
149.279	8843	354	1350
149.281	8844	356	1350
149.286	8845	353	1350
149.288	8846	355	1350
149.295	8847	355	1350
149.297	8848	357	1350
149.308	8849	356	1350
149.31	8850	359	1350
149.312	8851	354	1350
149.314	8852	356	1350
149.323	8853	357	1350
149.326	8854	359	1350
149.33	8855	356	1350
149.332	8856	359	1350
149.339	8857	358	1350
149.341	8858	360	1350
149.35	8859	361	1350
149.352	8860	363	1350
149.356	8861	361	1350
149.365	8862	359	1350
149.367	8863	361	1350
149.376	8864	362	1350
149.378	8865	364	1350
149.383	8866	361	1350
149.385	8867	364	1350
149.392	8868	363	1350
149.394	8869	365	1350
149.412	8870	352	1350
149.414	8871	354	1350
149.423	8872	354	1350
149.425	8873	356	1350
149.434	8874	357	1350
149.436	8875	359	1350
149.447	8876	356	1350
149.449	8877	359	1350
149.456	8878	356	1350
149.458	8879	358	1350
149.462	8880	355	1350
149.465	8881	357	1350
149.473	8882	357	1350
149.482	8883	361	1350
149.484	8884	363	1350
149.489	8885	358	1350
149.491	8886	361	1350
149.498	8887	359	1350
149.507	8888	358	1350
149.509	8889	360	1350
149.513	8890	357	1350
149.515	8891	359	1350
149.524	8892	359	1350
149.533	8893	357	1350
149.535	8894	359	1350
149.544	8895	359	1350
149.546	8896	361	1350
149.551	8897	357	1350
149.56	8898	356	1350
149.562	8899	358	1350
149.568	8900	357	1350
149.571	8901	359	1350
149.579	8902	359	1350
149.582	8903	361	1350
149.586	8904	357	1350
149.588	8905	359	1350
149.597	8906	359	1350
149.599	8907	361	1350
149.606	8908	359	1350
149.615	8909	358	1350
149.617	8910	360	1350
149.621	8911	357	1350
149.624	8912	359	1350
149.632	8913	359	1350
149.635	8914	361	1350
149.641	8915	360	1350
149.646	8916	356	1350
149.648	8917	358	1350
149.657	8918	359	1350
149.659	8919	361	1350
149.668	8920	361	1350
149.67	8921	354	1350
149.672	8922	357	1350
149.681	8923	356	1350
149.683	8924	359	1350
149.699	8925	354	1350
149.701	8926	356	1350
149.705	8927	352	1350
149.707	8928	354	1350
149.716	8929	355	1350
149.719	8930	357	1350
149.727	8931	354	1350
149.73	8932	356	1350
149.738	8933	357	1350
149.741	8934	359	1350
149.745	8935	355	1350
149.754	8936	349	1350
149.756	8937	352	1350
149.765	8938	352	1350
149.767	8939	355	1350
149.772	8940	351	1350
149.78	8941	348	1350
149.783	8942	350	1350
149.791	8943	350	1350
149.794	8944	352	1350
149.798	8945	349	1350
149.8	8946	351	1350
149.805	8947	347	1350
149.811	8948	348	1350
149.813	8949	350	1350
149.822	8950	350	1350
149.825	8951	352	1350
149.829	8952	348	1350
149.84	8953	349	1350
149.842	8954	352	1350
149.847	8955	348	1350
149.849	8956	350	1350
149.855	8957	349	1350
149.858	8958	351	1350
149.864	8959	349	1350
149.869	8960	349	1350
149.871	8961	351	1350
149.88	8962	352	1350
149.882	8963	354	1350
149.893	8964	345	1350
149.895	8965	348	1350
149.904	8966	348	1350
149.906	8967	351	1350
149.913	8968	349	1350
149.915	8969	352	1350
149.919	8970	348	1350
149.926	8971	352	1350
149.928	8972	354	1350
149.933	8973	349	1350
149.935	8974	351	1350
149.944	8975	352	1350
149.946	8976	354	1350
149.957	8977	349	1350
149.959	8978	352	1350
149.968	8979	353	1350
149.97	8980	355	1350
149.977	8981	353	1350
149.979	8982	356	1350
149.983	8983	353	1350
149.986	8984	352	1350
149.988	8985	354	1350
149.997	8986	354	1350
149.999	8987	356	1350
150.008	8988	357	1350
150.017	8989	356	1350
150.019	8990	358	1350
150.023	8991	355	1350
150.025	8992	357	1350
150.034	8993	359	1350
150.043	8994	357	1350
150.045	8995	359	1350
150.05	8996	355	1350
150.052	8997	357	1350
150.059	8998	356	1350
150.061	8999	358	1350
150.072	9000	358	1350
150.074	9001	361	1350
150.081	9002	359	1350
150.083	9003	361	1350
150.087	9004	359	1350
150.096	9005	357	1350
150.098	9006	359	1350
150.107	9007	360	1350
150.109	9008	362	1350
150.114	9009	358	1350
150.116	9010	360	1350
150.125	9011	358	1350
150.127	9012	361	1350
150.134	9013	359	1350
150.136	9014	361	1350
150.145	9015	363	1350
150.149	9016	357	1350
150.151	9017	359	1350
150.16	9018	360	1350
150.162	9019	362	1350
150.169	9020	360	1350
150.171	9021	363	1350
150.182	9022	359	1350
150.184	9023	361	1350
150.193	9024	362	1350
150.195	9025	364	1350
150.198	9026	359	1350
150.2	9027	361	1350
150.211	9028	358	1350
150.213	9029	361	1350
150.222	9030	361	1350
150.224	9031	364	1350
150.231	9032	363	1350
150.24	9033	361	1350
150.242	9034	363	1350
150.246	9035	360	1350
150.248	9036	362	1350
150.257	9037	363	1350
150.259	9038	365	1350
150.268	9039	363	1350
150.271	9040	365	1350
150.275	9041	362	1350
150.277	9042	365	1350
150.286	9043	365	1350
150.288	9044	368	1350
150.29	9045	363	1350
150.299	9046	363	1350
150.301	9047	365	1350
150.306	9048	362	1350
150.308	9049	365	1350
150.317	9050	365	1350
150.328	9051	362	1350
150.33	9052	365	1350
150.335	9053	362	1350
150.337	9054	364	1350
150.346	9055	366	1350
150.348	9056	368	1350
150.354	9057	367	1350
150.359	9058	365	1350
150.361	9059	368	1350
150.37	9060	368	1350
150.372	9061	371	1350
150.377	9062	368	1350
150.379	9063	370	1350
150.388	9064	367	1350
150.39	9065	369	1350
150.399	9066	371	1350
150.401	9067	373	1350
150.403	9068	369	1350
150.405	9069	371	1350
150.418	9070	367	1350
150.421	9071	369	1350
150.425	9072	367	1350
150.427	9073	369	1350
150.434	9074	368	1350
150.436	9075	371	1350
150.447	9076	365	1350
150.449	9077	367	1350
150.458	9078	369	1350
150.46	9079	371	1350
150.465	9080	368	1350
150.467	9081	371	1350
150.476	9082	367	1350
150.478	9083	370	1350
150.48	9084	365	1350
150.482	9085	367	1350
150.491	9086	368	1350
150.494	9087	370	1350
150.502	9088	372	1350
150.507	9089	365	1350
150.509	9090	367	1350
150.518	9091	368	1350
150.52	9092	371	1350
150.529	9093	372	1350
150.538	9094	369	1350
150.54	9095	371	1350
150.544	9096	369	1350
150.547	9097	371	1350
150.553	9098	371	1350
150.555	9099	373	1350
150.566	9100	370	1350
150.569	9101	372	1350
150.577	9102	373	1350
150.58	9103	375	1350
150.582	9104	370	1350
150.584	9105	373	1350
150.591	9106	372	1350
150.593	9107	374	1350
150.604	9108	369	1350
150.606	9109	372	1350
150.611	9110	369	1350
150.613	9111	371	1350
150.622	9112	372	1350
150.624	9113	374	1350
150.633	9114	376	1350
150.635	9115	374	1350
150.637	9116	377	1350
150.646	9117	377	1350
150.648	9118	380	1350
150.65	9119	375	1350
150.659	9120	372	1350
150.661	9121	374	1350
150.67	9122	376	1350
150.672	9123	378	1350
150.677	9124	375	1350
150.69	9125	372	1350
150.692	9126	374	1350
150.697	9127	371	1350
150.699	9128	373	1350
150.708	9129	375	1350
150.71	9130	377	1350
150.719	9131	371	1350
150.721	9132	373	1350
150.728	9133	373	1350
150.73	9134	375	1350
150.739	9135	377	1350
150.741	9136	379	1350
150.743	9137	370	1350
150.745	9138	372	1350
150.754	9139	374	1350
150.756	9140	376	1350
150.763	9141	374	1350
150.765	9142	377	1350
150.77	9143	369	1350
150.772	9144	371	1350
150.781	9145	373	1350
150.783	9146	375	1350
150.789	9147	375	1350
150.792	9148	377	1350
150.796	9149	370	1350
150.798	9150	372	1350
150.803	9151	369	1350
150.805	9152	371	1350
150.818	9153	365	1350
150.82	9154	367	1350
150.827	9155	366	1350
150.829	9156	369	1350
150.836	9157	368	1350
150.838	9158	370	1350
150.847	9159	367	1350
150.849	9160	370	1350
150.853	9161	367	1350
150.856	9162	369	1350
150.862	9163	368	1350
150.864	9164	370	1350
150.873	9165	372	1350
150.878	9166	365	1350
150.88	9167	367	1350
150.887	9168	367	1350
150.889	9169	369	1350
150.898	9170	370	1350
150.9	9171	372	1350
150.906	9172	363	1350
150.909	9173	365	1350
150.913	9174	363	1350
150.915	9175	365	1350
150.922	9176	363	1350
150.924	9177	366	1350
150.929	9178	363	1350
150.935	9179	363	1350
150.937	9180	365	1350
150.942	9181	362	1350
150.944	9182	364	1350
150.948	9183	362	1350
150.951	9184	364	1350
150.959	9185	359	1350
150.962	9186	361	1350
150.97	9187	362	1350
150.973	9188	364	1350
150.975	9189	359	1350
150.977	9190	362	1350
150.988	9191	361	1350
150.99	9192	363	1350
150.993	9193	358	1350
150.995	9194	360	1350
151.004	9195	362	1350
151.012	9196	359	1350
151.015	9197	361	1350
151.019	9198	358	1350
151.021	9199	360	1350
151.026	9200	357	1350
151.028	9201	359	1350
151.037	9202	356	1350
151.039	9203	358	1350
151.048	9204	360	1350
151.05	9205	362	1350
151.052	9206	358	1350
151.063	9207	357	1350
151.065	9208	359	1350
151.068	9209	353	1350
151.07	9210	355	1350
151.079	9211	357	1350
151.081	9212	359	1350
151.085	9213	357	1350
151.092	9214	356	1350
151.094	9215	359	1350
151.099	9216	356	1350
151.101	9217	358	1350
151.11	9218	359	1350
151.112	9219	361	1350
151.116	9220	354	1350
151.118	9221	356	1350
151.127	9222	358	1350
151.129	9223	360	1350
151.132	9224	355	1350
151.134	9225	357	1350
151.149	9226	354	1350
151.152	9227	356	1350
151.156	9228	353	1350
151.158	9229	356	1350
151.167	9230	357	1350
151.176	9231	354	1350
151.178	9232	357	1350
151.182	9233	353	1350
151.185	9234	355	1350
151.191	9235	355	1350
151.193	9236	357	1350
151.205	9237	352	1350
151.207	9238	354	1350
151.216	9239	356	1350
151.218	9240	358	1350
151.222	9241	355	1350
151.224	9242	357	1350
151.233	9243	354	1350
151.235	9244	356	1350
151.242	9245	356	1350
151.244	9246	358	1350
151.253	9247	360	1350
151.255	9248	362	1350
151.264	9249	359	1350
151.266	9250	361	1350
151.271	9251	358	1350
151.273	9252	360	1350
151.282	9253	361	1350
151.284	9254	363	1350
151.288	9255	361	1350
151.291	9256	363	1350
151.304	9257	360	1350
151.306	9258	363	1350
151.31	9259	360	1350
151.313	9260	362	1350
151.322	9261	364	1350
151.324	9262	366	1350
151.326	9263	361	1350
151.335	9264	363	1350
151.337	9265	365	1350
151.346	9266	366	1350
151.348	9267	369	1350
151.35	9268	364	1350
151.352	9269	366	1350
151.363	9270	365	1350
151.366	9271	367	1350
151.372	9272	367	1350
151.375	9273	369	1350
151.377	9274	364	1350
151.379	9275	366	1350
151.388	9276	363	1350
151.39	9277	365	1350
151.399	9278	366	1350
151.401	9279	369	1350
151.405	9280	366	1350
151.408	9281	368	1350
151.414	9282	368	1350
151.423	9283	370	1350
151.425	9284	372	1350
151.428	9285	367	1350
151.43	9286	369	1350
151.439	9287	371	1350
151.441	9288	373	1350
151.445	9289	370	1350
151.454	9290	370	1350
151.456	9291	372	1350
151.463	9292	371	1350
151.465	9293	374	1350
151.469	9294	371	1350
151.472	9295	373	1350
151.483	9296	369	1350
151.485	9297	371	1350
151.492	9298	371	1350
151.494	9299	373	1350
151.503	9300	375	1350
151.505	9301	377	1350
151.514	9302	374	1350
151.516	9303	376	1350
151.52	9304	374	1350
151.522	9305	376	1350
151.531	9306	378	1350
151.534	9307	380	1350
151.536	9308	374	1350
151.547	9309	374	1350
151.549	9310	376	1350
151.551	9311	372	1350
151.553	9312	374	1350
151.562	9313	375	1350
151.564	9314	377	1350
151.569	9315	374	1350
151.578	9316	374	1350
151.58	9317	376	1350
151.582	9318	372	1350
151.584	9319	374	1350
151.593	9320	376	1350
151.595	9321	378	1350
151.6	9322	375	1350
151.609	9323	374	1350
151.611	9324	376	1350
151.613	9325	371	1350
151.615	9326	374	1350
151.624	9327	376	1350
151.626	9328	378	1350
151.631	9329	375	1350
151.633	9330	377	1350
151.651	9331	376	1350
151.653	9332	378	1350
151.655	9333	373	1350
151.657	9334	376	1350
151.662	9335	373	1350
151.664	9336	375	1350
151.673	9337	372	1350
151.675	9338	374	1350
151.684	9339	376	1350
151.686	9340	378	1350
151.695	9341	380	1350
151.697	9342	382	1350
151.706	9343	376	1350
151.708	9344	378	1350
151.712	9345	376	1350
151.715	9346	378	1350
151.721	9347	378	1350
151.723	9348	380	1350
151.732	9349	374	1350
151.734	9350	376	1350
151.743	9351	378	1350
151.745	9352	380	1350
151.748	9353	375	1350
151.75	9354	377	1350
151.761	9355	371	1350
151.763	9356	374	1350
151.772	9357	375	1350
151.774	9358	378	1350
151.783	9359	380	1350
151.785	9360	382	1350
151.787	9361	377	1350
151.792	9362	376	1350
151.794	9363	379	1350
151.801	9364	378	1350
151.803	9365	380	1350
151.807	9366	378	1350
151.823	9367	376	1350
151.825	9368	378	1350
151.827	9369	374	1350
151.829	9370	376	1350
151.838	9371	378	1350
151.84	9372	380	1350
151.845	9373	377	1350
151.851	9374	376	1350
151.854	9375	378	1350
151.862	9376	380	1350
151.865	9377	382	1350
151.867	9378	377	1350
151.869	9379	380	1350
151.878	9380	376	1350
151.88	9381	379	1350
151.889	9382	380	1350
151.891	9383	383	1350
151.896	9384	380	1350
151.898	9385	382	1350
151.904	9386	374	1350
151.907	9387	376	1350
151.915	9388	378	1350
151.918	9389	380	1350
151.922	9390	378	1350
151.924	9391	380	1350
151.933	9392	382	1350
151.942	9393	378	1350
151.944	9394	381	1350
151.949	9395	378	1350
151.951	9396	380	1350
151.953	9397	376	1350
151.955	9398	378	1350
151.966	9399	376	1350
151.968	9400	378	1350
151.973	9401	375	1350
151.975	9402	378	1350
151.984	9403	379	1350
151.993	9404	376	1350
151.995	9405	378	1350
151.999	9406	376	1350
152.002	9407	378	1350
152.01	9408	380	1350
152.013	9409	382	1350
152.024	9410	378	1350
152.026	9411	380	1350
152.028	9412	376	1350
152.03	9413	378	1350
152.039	9414	380	1350
152.046	9415	374	1350
152.048	9416	376	1350
152.052	9417	374	1350
152.055	9418	376	1350
152.063	9419	377	1350
152.066	9420	379	1350
152.068	9421	374	1350
152.077	9422	374	1350
152.079	9423	376	1350
152.083	9424	374	1350
152.086	9425	376	1350
152.094	9426	378	1350
152.097	9427	380	1350
152.101	9428	376	1350
152.108	9429	374	1350
152.11	9430	376	1350
152.114	9431	374	1350
152.116	9432	376	1350
152.125	9433	378	1350
152.127	9434	380	1350
152.132	9435	377	1350
152.134	9436	380	1350
152.141	9437	378	1350
152.152	9438	376	1350
152.154	9439	378	1350
152.161	9440	378	1350
152.163	9441	380	1350
152.167	9442	378	1350
152.169	9443	380	1350
152.176	9444	380	1350
152.178	9445	382	1350
152.187	9446	379	1350
152.189	9447	381	1350
152.198	9448	383	1350
152.2	9449	385	1350
152.203	9450	380	1350
152.205	9451	382	1350
152.218	9452	380	1350
152.22	9453	383	1350
152.225	9454	380	1350
152.227	9455	382	1350
152.233	9456	382	1350
152.236	9457	384	1350
152.247	9458	378	1350
152.249	9459	380	1350
152.251	9460	376	1350
152.253	9461	378	1350
152.262	9462	380	1350
152.264	9463	382	1350
152.275	9464	378	1350
152.278	9465	380	1350
152.284	9466	380	1350
152.286	9467	382	1350
152.291	9468	379	1350
152.293	9469	382	1350
152.297	9470	379	1350
152.306	9471	381	1350
152.309	9472	383	1350
152.311	9473	378	1350
152.313	9474	380	1350
152.322	9475	381	1350
152.331	9476	378	1350
152.333	9477	380	1350
152.342	9478	382	1350
152.344	9479	384	1350
152.346	9480	380	1350
152.348	9481	382	1350
152.359	9482	381	1350
152.362	9483	383	1350
152.37	9484	385	1350
152.373	9485	387	1350
152.375	9486	381	1350
152.377	9487	383	1350
152.388	9488	382	1350
152.39	9489	385	1350
152.392	9490	380	1350
152.395	9491	382	1350
152.403	9492	384	1350
152.406	9493	386	1350
152.412	9494	381	1350
152.414	9495	383	1350
152.419	9496	380	1350
152.421	9497	383	1350
152.43	9498	383	1350
152.439	9499	380	1350
152.441	9500	382	1350
152.448	9501	382	1350
152.45	9502	384	1350
152.454	9503	382	1350
152.456	9504	384	1350
152.465	9505	386	1350
152.47	9506	378	1350
152.472	9507	380	1350
152.479	9508	380	1350
152.481	9509	382	1350
152.483	9510	377	1350
152.485	9511	380	1350
152.494	9512	381	1350
152.496	9513	384	1350
152.503	9514	376	1350
152.505	9515	379	1350
152.514	9516	380	1350
152.516	9517	383	1350
152.523	9518	382	1350
152.529	9519	376	1350
152.532	9520	378	1350
152.54	9521	380	1350
152.543	9522	382	1350
152.545	9523	377	1350
152.547	9524	379	1350
152.556	9525	376	1350
152.558	9526	379	1350
152.562	9527	376	1350
152.565	9528	378	1350
152.569	9529	376	1350
152.571	9530	378	1350
152.585	9531	376	1350
152.587	9532	378	1350
152.591	9533	376	1350
152.593	9534	378	1350
152.596	9535	373	1350
152.598	9536	375	1350
152.607	9537	372	1350
152.609	9538	374	1350
152.618	9539	376	1350
152.62	9540	378	1350
152.622	9541	373	1350
152.624	9542	375	1350
152.629	9543	372	1350
152.631	9544	374	1350
152.638	9545	372	1350
152.64	9546	374	1350
152.649	9547	376	1350
152.651	9548	378	1350
152.653	9549	372	1350
152.662	9550	369	1350
152.664	9551	371	1350
152.673	9552	373	1350
152.675	9553	376	1350
152.677	9554	371	1350
152.679	9555	373	1350
152.693	9556	369	1350
152.695	9557	371	1350
152.697	9558	367	1350
152.699	9559	369	1350
152.708	9560	371	1350
152.71	9561	373	1350
152.719	9562	370	1350
152.721	9563	372	1350
152.728	9564	372	1350
152.73	9565	374	1350
152.732	9566	369	1350
152.735	9567	371	1350
152.746	9568	369	1350
152.748	9569	371	1350
152.755	9570	371	1350
152.757	9571	373	1350
152.761	9572	371	1350
152.77	9573	367	1350
152.772	9574	370	1350
152.777	9575	367	1350
152.779	9576	369	1350
152.788	9577	371	1350
152.79	9578	373	1350
152.794	9579	363	1350
152.796	9580	365	1350
152.805	9581	367	1350
152.808	9582	369	1350
152.812	9583	366	1350
152.814	9584	369	1350
152.823	9585	365	1350
152.825	9586	368	1350
152.83	9587	364	1350
152.832	9588	366	1350
152.838	9589	366	1350
152.847	9590	363	1350
152.849	9591	365	1350
152.854	9592	362	1350
152.856	9593	365	1350
152.861	9594	362	1350
152.863	9595	364	1350
152.872	9596	358	1350
152.874	9597	360	1350
152.883	9598	362	1350
152.885	9599	364	1350
152.889	9600	362	1350
152.891	9601	364	1350
152.898	9602	364	1350
152.902	9603	363	1350
152.905	9604	365	1350
152.909	9605	363	1350
152.911	9606	365	1350
152.918	9607	364	1350
152.929	9608	362	1350
152.931	9609	365	1350
152.933	9610	360	1350
152.936	9611	362	1350
152.94	9612	359	1350
152.942	9613	362	1350
152.951	9614	357	1350
152.953	9615	359	1350
152.962	9616	361	1350
152.964	9617	363	1350
152.969	9618	359	1350
152.971	9619	361	1350
152.98	9620	363	1350
152.982	9621	360	1350
152.984	9622	363	1350
152.993	9623	364	1350
152.995	9624	367	1350
153	9625	364	1350
153.008	9626	361	1350
153.011	9627	363	1350
153.017	9628	363	1350
153.019	9629	365	1350
153.028	9630	366	1350
153.031	9631	368	1350
153.035	9632	365	1350
153.044	9633	363	1350
153.046	9634	365	1350
153.055	9635	366	1350
153.057	9636	369	1350
153.059	9637	364	1350
153.061	9638	366	1350
153.072	9639	363	1350
153.075	9640	365	1350
153.084	9641	367	1350
153.086	9642	369	1350
153.088	9643	364	1350
153.09	9644	367	1350
153.099	9645	368	1350
153.101	9646	371	1350
153.103	9647	366	1350
153.108	9648	365	1350
153.11	9649	368	1350
153.112	9650	363	1350
153.114	9651	365	1350
153.119	9652	362	1350
153.121	9653	365	1350
153.123	9654	360	1350
153.125	9655	362	1350
153.13	9656	356	1350
153.132	9657	359	1350
153.137	9658	356	1350
153.139	9659	358	1350
153.143	9660	356	1350
153.145	9661	358	1350
153.148	9662	347	1350
153.15	9663	349	1350
153.154	9664	347	1350
153.156	9665	349	1350
153.159	9666	344	1350
153.161	9667	346	1350
153.165	9668	344	1350
153.17	9669	336	1350
153.172	9670	338	1350
153.176	9671	336	1350
153.178	9672	338	1350
153.181	9673	333	1350
153.183	9674	335	1350
153.187	9675	333	1350
153.192	9676	332	1350
153.194	9677	334	1350
153.196	9678	330	1350
153.198	9679	332	1350
153.201	9680	327	1350
153.203	9681	316	1350
153.205	9682	318	1350
153.207	9683	314	1350
153.209	9684	316	1350
153.212	9685	311	1350
153.214	9686	301	1350
153.216	9687	303	1350
153.218	9688	299	1350
153.22	9689	301	1350
153.223	9690	296	1350
153.225	9691	298	1350
153.227	9692	294	1350
153.229	9693	290	1350
153.231	9694	292	1350
153.234	9695	287	1350
153.236	9696	289	1350
153.238	9697	285	1350
153.24	9698	287	1350
153.243	9699	270	1350
153.245	9700	272	1350
153.247	9701	268	1350
153.249	9702	270	1350
153.251	9703	265	1350
153.254	9704	267	1350
153.256	9705	262	1350
153.258	9706	260	1350
153.26	9707	262	1350
153.262	9708	257	1350
153.265	9709	259	1350
153.267	9710	254	1350
153.269	9711	257	1350
153.271	9712	244	1350
153.274	9713	246	1350
153.276	9714	241	1350
153.278	9715	243	1350
153.28	9716	239	1350
153.282	9717	228	1350
153.285	9718	230	1350
153.287	9719	226	1350
153.289	9720	228	1350
153.291	9721	224	1350
153.293	9722	226	1350
153.296	9723	221	1350
153.298	9724	223	1350
153.3	9725	213	1350
153.302	9726	215	1350
153.305	9727	210	1350
153.307	9728	212	1350
153.309	9729	208	1350
153.311	9730	211	1350
153.313	9731	206	1350
153.316	9732	197	1350
153.318	9733	199	1350
153.32	9734	195	1350
153.322	9735	198	1350
153.324	9736	193	1350
153.327	9737	195	1350
153.329	9738	184	1350
153.331	9739	187	1350
153.333	9740	182	1350
153.335	9741	184	1350
153.338	9742	179	1350
153.34	9743	168	1350
153.342	9744	171	1350
153.344	9745	167	1350
153.346	9746	169	1350
153.349	9747	164	1350
153.351	9748	166	1350
153.36	9749	162	1350
153.362	9750	164	1350
153.364	9751	160	1350
153.366	9752	162	1350
153.369	9753	157	1350
153.371	9754	159	1350
153.375	9755	152	1350
153.377	9756	154	1350
153.382	9757	151	1350
153.384	9758	154	1350
153.386	9759	149	1350
153.388	9760	151	1350
153.391	9761	147	1350
153.393	9762	149	1350
153.395	9763	145	1350
153.397	9764	147	1350
153.399	9765	142	1350
153.402	9766	144	1350
153.404	9767	139	1350
153.406	9768	142	1350
153.408	9769	138	1350
153.411	9770	140	1350
153.413	9771	135	1350
153.415	9772	137	1350
153.417	9773	133	1350
153.419	9774	135	1350
153.424	9775	132	1350
153.426	9776	134	1350
153.428	9777	131	1350
153.43	9778	133	1350
153.435	9779	130	1350
153.437	9780	133	1350
153.441	9781	130	1350
153.444	9782	132	1350
153.446	9783	128	1350
153.448	9784	131	1350
153.452	9785	128	1350
153.455	9786	130	1350
153.459	9787	128	1350
153.461	9788	130	1350
153.463	9789	126	1350
153.466	9790	128	1350
153.468	9791	123	1350
153.47	9792	126	1350
153.472	9793	122	1350
153.475	9794	124	1350
153.477	9795	119	1350
153.479	9796	121	1350
153.481	9797	118	1350
153.483	9798	120	1350
153.486	9799	115	1350
153.488	9800	117	1350
153.49	9801	114	1350
153.492	9802	117	1350
153.494	9803	112	1350
153.497	9804	114	1350
153.499	9805	110	1350
153.501	9806	113	1350
153.503	9807	108	1350
153.505	9808	110	1350
153.508	9809	106	1350
153.51	9810	108	1350
153.512	9811	105	1350
153.514	9812	107	1350
153.516	9813	103	1350
153.519	9814	105	1350
153.522	9815	102	1350
153.524	9816	104	1350
153.528	9817	102	1350
153.53	9818	104	1350
153.533	9819	102	1350
153.536	9820	104	1350
153.539	9821	103	1350
153.541	9822	105	1350
153.544	9823	102	1350
153.547	9824	104	1350
153.551	9825	102	1350
153.553	9826	104	1350
153.556	9827	103	1350
153.558	9828	105	1350
153.562	9829	102	1350
153.564	9830	104	1350
153.567	9831	102	1350
153.569	9832	104	1350
153.573	9833	102	1350
153.575	9834	105	1350
153.578	9835	103	1350
153.58	9836	105	1350
153.587	9837	106	1350
153.589	9838	108	1350
153.591	9839	105	1350
153.594	9840	107	1350
153.6	9841	108	1350
153.602	9842	110	1350
153.605	9843	107	1350
153.607	9844	109	1350
153.609	9845	107	1350
153.611	9846	109	1350
153.618	9847	110	1350
153.62	9848	113	1350
153.622	9849	110	1350
153.625	9850	112	1350
153.631	9851	114	1350
153.633	9852	116	1350
153.636	9853	113	1350
153.638	9854	115	1350
153.64	9855	113	1350
153.642	9856	115	1350
153.649	9857	116	1350
153.651	9858	119	1350
153.653	9859	116	1350
153.655	9860	118	1350
153.662	9861	120	1350
153.664	9862	122	1350
153.669	9863	121	1350
153.671	9864	123	1350
153.673	9865	121	1350
153.675	9866	123	1350
153.684	9867	128	1350
153.686	9868	130	1350
153.689	9869	127	1350
153.691	9870	129	1350
153.697	9871	131	1350
153.7	9872	133	1350
153.704	9873	134	1350
153.706	9874	136	1350
153.708	9875	133	1350
153.711	9876	135	1350
153.72	9877	139	1350
153.722	9878	141	1350
153.724	9879	139	1350
153.726	9880	142	1350
153.731	9881	141	1350
153.733	9882	143	1350
153.739	9883	146	1350
153.742	9884	148	1350
153.746	9885	147	1350
153.748	9886	150	1350
153.75	9887	148	1350
153.753	9888	150	1350
153.759	9889	153	1350
153.761	9890	155	1350
153.766	9891	155	1350
153.768	9892	158	1350
153.77	9893	155	1350
153.772	9894	157	1350
153.781	9895	162	1350
153.784	9896	164	1350
153.786	9897	162	1350
153.788	9898	164	1350
153.792	9899	165	1350
153.795	9900	167	1350
153.801	9901	170	1350
153.803	9902	172	1350
153.806	9903	170	1350
153.808	9904	172	1350
153.812	9905	173	1350
153.814	9906	175	1350
153.821	9907	178	1350
153.823	9908	180	1350
153.828	9909	180	1350
153.83	9910	182	1350
153.832	9911	181	1350
153.834	9912	183	1350
153.841	9913	185	1350
153.843	9914	188	1350
153.848	9915	188	1350
153.85	9916	190	1350
153.852	9917	188	1350
153.854	9918	191	1350
153.863	9919	196	1350
153.865	9920	198	1350
153.867	9921	196	1350
153.87	9922	198	1350
153.872	9923	196	1350
153.874	9924	199	1350
153.883	9925	203	1350
153.885	9926	206	1350
153.887	9927	204	1350
153.89	9928	206	1350
153.892	9929	205	1350
153.894	9930	207	1350
153.898	9931	208	1350
153.901	9932	210	1350
153.907	9933	213	1350
153.909	9934	215	1350
153.914	9935	215	1350
153.916	9936	218	1350
153.918	9937	216	1350
153.92	9938	218	1350
153.927	9939	222	1350
153.929	9940	224	1350
153.934	9941	224	1350
153.936	9942	226	1350
153.938	9943	225	1350
153.94	9944	227	1350
153.947	9945	230	1350
153.949	9946	233	1350
153.954	9947	233	1350
153.956	9948	235	1350
153.958	9949	233	1350
153.96	9950	236	1350
153.969	9951	241	1350
153.971	9952	243	1350
153.973	9953	242	1350
153.976	9954	244	1350
153.978	9955	242	1350
153.98	9956	245	1350
153.989	9957	249	1350
153.991	9958	252	1350
153.993	9959	251	1350
153.996	9960	253	1350
154.004	9961	249	1350
154.007	9962	251	1350
154.015	9963	256	1350
154.018	9964	258	1350
154.02	9965	257	1350
154.022	9966	259	1350
154.024	9967	258	1350
154.026	9968	260	1350
154.035	9969	266	1350
154.037	9970	268	1350
154.051	9971	263	1350
154.053	9972	265	1350
154.057	9973	267	1350
154.06	9974	269	1350
154.062	9975	267	1350
154.064	9976	269	1350
154.073	9977	275	1350
154.075	9978	277	1350
154.084	9979	270	1350
154.086	9980	273	1350
154.093	9981	275	1350
154.095	9982	277	1350
154.099	9983	279	1350
154.101	9984	281	1350
154.104	9985	279	1350
154.106	9986	281	1350
154.121	9987	277	1350
154.124	9988	279	1350
154.132	9989	284	1350
154.135	9990	286	1350
154.137	9991	285	1350
154.139	9992	288	1350
154.141	9993	286	1350
154.143	9994	288	1350
154.159	9995	287	1350
154.161	9996	290	1350
154.163	9997	289	1350
154.166	9998	291	1350
154.174	9999	296	1350
154.177	10000	298	1350
154.179	10001	297	1350
154.181	10002	299	1350
154.183	10003	298	1350
154.196	10004	299	1350
154.199	10005	301	1350
154.203	10006	302	1350
154.205	10007	304	1350
154.207	10008	303	1350
154.21	10009	305	1350
154.219	10010	310	1350
154.227	10011	301	1350
154.23	10012	303	1350
154.238	10013	309	1350
154.241	10014	311	1350
154.243	10015	309	1350
154.245	10016	312	1350
154.252	10017	314	1350
154.254	10018	316	1350
154.265	10019	312	1350
154.267	10020	315	1350
154.269	10021	313	1350
154.272	10022	315	1350
154.28	10023	320	1350
154.283	10024	322	1350
154.285	10025	321	1350
154.287	10026	323	1350
154.294	10027	326	1350
154.3	10028	321	1350
154.302	10029	323	1350
154.305	10030	321	1350
154.307	10031	323	1350
154.313	10032	327	1350
154.316	10033	329	1350
154.32	10034	330	1350
154.322	10035	332	1350
154.333	10036	326	1350
154.336	10037	328	1350
154.338	10038	326	1350
154.34	10039	328	1350
154.342	10040	327	1350
154.344	10041	329	1350
154.353	10042	334	1350
154.355	10043	336	1350
154.358	10044	334	1350
154.366	10045	332	1350
154.369	10046	334	1350
154.373	10047	335	1350
154.375	10048	337	1350
154.377	10049	335	1350
154.38	10050	337	1350
154.382	10051	335	1350
154.384	10052	338	1350
154.395	10053	335	1350
154.397	10054	337	1350
154.4	10055	334	1350
154.402	10056	336	1350
154.411	10057	341	1350
154.413	10058	343	1350
154.415	10059	342	1350
154.417	10060	344	1350
154.422	10061	344	1350
154.433	10062	338	1350
154.435	10063	340	1350
154.439	10064	341	1350
154.442	10065	343	1350
154.448	10066	346	1350
154.45	10067	348	1350
154.455	10068	348	1350
154.457	10069	350	1350
154.459	10070	349	1350
154.468	10071	348	1350
154.47	10072	350	1350
154.475	10073	350	1350
154.477	10074	352	1350
154.479	10075	350	1350
154.481	10076	352	1350
154.495	10077	347	1350
154.497	10078	349	1350
154.503	10079	352	1350
154.506	10080	354	1350
154.51	10081	353	1350
154.521	10082	346	1350
154.523	10083	348	1350
154.528	10084	347	1350
154.53	10085	349	1350
154.536	10086	352	1350
154.539	10087	354	1350
154.543	10088	354	1350
154.545	10089	356	1350
154.556	10090	348	1350
154.559	10091	350	1350
154.567	10092	354	1350
154.57	10093	356	1350
154.572	10094	353	1350
154.574	10095	355	1350
154.578	10096	356	1350
154.581	10097	358	1350
154.598	10098	352	1350
154.6	10099	354	1350
154.609	10100	358	1350
154.612	10101	360	1350
154.614	10102	357	1350
154.616	10103	359	1350
154.62	10104	360	1350
154.623	10105	362	1350
154.64	10106	357	1350
154.642	10107	359	1350
154.649	10108	361	1350
154.651	10109	363	1350
154.656	10110	362	1350
154.658	10111	364	1350
154.662	10112	364	1350
154.665	10113	366	1350
154.671	10114	368	1350
154.682	10115	361	1350
154.684	10116	363	1350
154.693	10117	367	1350
154.695	10118	369	1350
154.698	10119	366	1350
154.7	10120	368	1350
154.704	10121	368	1350
154.718	10122	365	1350
154.72	10123	367	1350
154.722	10124	364	1350
154.724	10125	367	1350
154.726	10126	364	1350
154.729	10127	366	1350
154.737	10128	370	1350
154.746	10129	368	1350
154.748	10130	370	1350
154.751	10131	366	1350
154.753	10132	368	1350
154.759	10133	370	1350
154.771	10134	365	1350
154.773	10135	367	1350
154.775	10136	364	1350
154.777	10137	367	1350
154.784	10138	367	1350
154.786	10139	369	1350
154.79	10140	369	1350
154.793	10141	371	1350
154.801	10142	370	1350
154.804	10143	372	1350
154.806	10144	368	1350
154.808	10145	371	1350
154.815	10146	372	1350
154.817	10147	374	1350
154.828	10148	369	1350
154.83	10149	372	1350
154.832	10150	369	1350
154.835	10151	371	1350
154.841	10152	372	1350
154.843	10153	374	1350
154.848	10154	372	1350
154.85	10155	374	1350
154.857	10156	376	1350
154.865	10157	374	1350
154.868	10158	376	1350
154.872	10159	375	1350
154.874	10160	377	1350
154.881	10161	378	1350
154.883	10162	381	1350
154.885	10163	377	1350
154.888	10164	379	1350
154.896	10165	376	1350
154.899	10166	378	1350
154.903	10167	377	1350
154.905	10168	380	1350
154.912	10169	380	1350
154.914	10170	383	1350
154.918	10171	381	1350
154.921	10172	383	1350
154.927	10173	384	1350
154.929	10174	386	1350
154.932	10175	382	1350
154.934	10176	384	1350
154.941	10177	386	1350
154.949	10178	376	1350
154.952	10179	378	1350
154.96	10180	381	1350
154.963	10181	383	1350
154.965	10182	379	1350
154.967	10183	382	1350
154.971	10184	381	1350
154.978	10185	379	1350
154.98	10186	381	1350
154.989	10187	384	1350
154.991	10188	386	1350
154.996	10189	384	1350
154.998	10190	386	1350
155.009	10191	380	1350
155.011	10192	383	1350
155.016	10193	381	1350
155.018	10194	383	1350
155.027	10195	386	1350
155.029	10196	388	1350
155.033	10197	379	1350
155.035	10198	381	1350
155.044	10199	383	1350
155.047	10200	385	1350
155.049	10201	381	1350
155.06	10202	378	1350
155.062	10203	380	1350
155.064	10204	377	1350
155.066	10205	379	1350
155.075	10206	382	1350
155.077	10207	384	1350
155.08	10208	380	1350
155.082	10209	382	1350
155.1	10210	376	1350
155.102	10211	378	1350
155.104	10212	374	1350
155.106	10213	377	1350
155.115	10214	379	1350
155.117	10215	382	1350
155.119	10216	378	1350
155.122	10217	380	1350
155.139	10218	374	1350
155.141	10219	376	1350
155.144	10220	372	1350
155.146	10221	374	1350
155.155	10222	377	1350
155.157	10223	379	1350
155.159	10224	375	1350
155.161	10225	377	1350
155.172	10226	376	1350
155.175	10227	378	1350
155.177	10228	374	1350
155.179	10229	376	1350
155.188	10230	379	1350
155.197	10231	374	1350
155.199	10232	376	1350
155.203	10233	374	1350
155.205	10234	376	1350
155.214	10235	379	1350
155.217	10236	381	1350
155.225	10237	376	1350
155.228	10238	378	1350
155.232	10239	376	1350
155.234	10240	379	1350
155.241	10241	378	1350
155.243	10242	381	1350
155.254	10243	379	1350
155.256	10244	381	1350
155.258	10245	376	1350
155.261	10246	378	1350
155.27	10247	381	1350
155.272	10248	383	1350
155.281	10249	378	1350
155.283	10250	380	1350
155.287	10251	379	1350
155.289	10252	381	1350
155.298	10253	383	1350
155.3	10254	385	1350
155.309	10255	381	1350
155.311	10256	383	1350
155.316	10257	380	1350
155.318	10258	383	1350
155.325	10259	383	1350
155.327	10260	385	1350
155.331	10261	383	1350
155.34	10262	385	1350
155.342	10263	387	1350
155.347	10264	385	1350
155.349	10265	388	1350
155.353	10266	385	1350
155.356	10267	387	1350
155.36	10268	386	1350
155.369	10269	387	1350
155.371	10271	383	1350
155.373	10272	385	1350
155.382	10273	388	1350
155.393	10275	385	1350
155.395	10276	387	1350
155.4	10277	385	1350
155.402	10278	387	1350
155.406	10279	385	1350
155.409	10280	387	1350
155.413	10281	386	1350
155.422	10282	385	1350
155.424	10283	388	1350
155.428	10284	385	1350
155.431	10285	387	1350
155.437	10286	387	1350
155.44	10288	383	1350
155.442	10289	385	1350
155.451	10290	385	1350
155.453	10291	387	1350
155.457	10292	385	1350
155.459	10293	387	1350
155.464	10294	385	1350
155.466	10295	388	1350
155.47	10296	378	1350
155.473	10297	380	1350
155.481	10298	383	1350
155.484	10299	385	1350
155.486	10300	380	1350
155.488	10301	383	1350
155.499	10302	379	1350
155.501	10303	381	1350
155.51	10304	383	1350
155.512	10305	385	1350
155.515	10306	380	1350
155.517	10307	382	1350
155.53	10308	379	1350
155.532	10309	381	1350
155.537	10310	378	1350
155.539	10311	380	1350
155.546	10312	381	1350
155.548	10313	383	1350
155.552	10314	381	1350
155.554	10315	383	1350
155.563	10316	385	1350
155.565	10317	387	1350
155.57	10318	378	1350
155.572	10319	381	1350
155.581	10320	382	1350
155.583	10321	385	1350
155.585	10322	381	1350
155.603	10323	378	1350
155.605	10324	381	1350
155.61	10325	378	1350
155.612	10326	380	1350
155.616	10327	378	1350
155.618	10328	380	1350
155.623	10329	378	1350
155.625	10330	381	1350
155.64	10331	376	1350
155.643	10332	378	1350
155.647	10333	376	1350
155.649	10334	378	1350
155.66	10335	383	1350
155.663	10336	385	1350
155.665	10337	380	1350
155.667	10338	382	1350
155.676	10339	378	1350
155.678	10340	380	1350
155.68	10341	376	1350
155.682	10342	378	1350
155.691	10343	381	1350
155.693	10344	383	1350
155.704	10345	381	1350
155.707	10346	383	1350
155.709	10347	378	1350
155.711	10348	381	1350
155.722	10349	385	1350
155.727	10350	376	1350
155.729	10351	378	1350
155.735	10352	378	1350
155.738	10353	380	1350
155.746	10354	383	1350
155.749	10355	385	1350
155.757	10356	378	1350
155.76	10357	380	1350
155.764	10358	379	1350
155.766	10359	381	1350
155.775	10360	383	1350
155.777	10361	385	1350
155.786	10362	381	1350
155.788	10363	383	1350
155.793	10364	380	1350
155.795	10365	383	1350
155.802	10366	382	1350
155.804	10367	384	1350
155.815	10368	380	1350
155.817	10369	383	1350
155.819	10370	378	1350
155.822	10371	380	1350
155.83	10372	383	1350
155.833	10373	385	1350
155.837	10374	382	1350
155.839	10375	385	1350
155.848	10376	383	1350
155.85	10377	385	1350
155.855	10378	383	1350
155.857	10379	385	1350
155.861	10380	383	1350
155.863	10381	385	1350
155.872	10382	387	1350
155.877	10383	383	1350
155.879	10384	383	1350
155.883	10385	384	1350
155.888	10386	385	1350
155.905	10387	374	1350
155.908	10388	376	1350
155.912	10389	373	1350
155.914	10390	375	1350
155.921	10391	373	1350
155.923	10392	376	1350
155.932	10393	376	1350
155.934	10394	379	1350
155.939	10395	375	1350
155.941	10396	377	1350
155.956	10397	374	1350
155.958	10398	376	1350
155.963	10399	372	1350
155.965	10400	375	1350
155.974	10401	375	1350
155.976	10402	378	1350
155.983	10403	374	1350
155.985	10404	376	1350
155.987	10405	371	1350
155.989	10406	373	1350
155.998	10407	374	1350
156.007	10408	371	1350
156.009	10409	374	1350
156.018	10410	375	1350
156.02	10411	377	1350
156.029	10412	378	1350
156.038	10413	376	1350
156.04	10414	379	1350
156.045	10415	375	1350
156.047	10416	377	1350
156.053	10417	376	1350
156.062	10418	374	1350
156.064	10419	376	1350
156.073	10420	377	1350
156.075	10421	379	1350
156.078	10422	373	1350
156.08	10423	375	1350
156.098	10424	369	1350
156.1	10425	371	1350
156.106	10426	370	1350
156.109	10427	372	1350
156.111	10428	366	1350
156.113	10429	368	1350
156.122	10430	369	1350
156.133	10431	367	1350
156.135	10432	370	1350
156.139	10433	366	1350
156.142	10434	368	1350
156.151	10435	369	1350
156.153	10436	371	1350
156.162	10437	372	1350
156.164	10438	371	1350
156.166	10439	373	1350
156.17	10440	369	1350
156.173	10441	371	1350
156.177	10442	368	1350
156.186	10443	367	1350
156.188	10444	370	1350
156.192	10445	366	1350
156.195	10446	368	1350
156.21	10447	363	1350
156.212	10448	365	1350
156.217	10449	361	1350
156.219	10450	363	1350
156.223	10451	360	1350
156.232	10452	359	1350
156.234	10453	361	1350
156.241	10454	360	1350
156.243	10455	362	1350
156.248	10456	358	1350
156.256	10457	356	1350
156.259	10458	358	1350
156.263	10459	355	1350
156.265	10460	357	1350
156.27	10461	353	1350
156.272	10462	355	1350
156.281	10463	354	1350
156.283	10464	356	1350
156.292	10465	357	1350
156.294	10466	360	1350
156.298	10467	356	1350
156.301	10468	358	1350
156.309	10469	354	1350
156.312	10470	356	1350
156.316	10471	353	1350
156.318	10472	355	1350
156.327	10473	356	1350
156.329	10474	358	1350
156.332	10475	352	1350
156.336	10476	354	1350
156.338	10477	357	1350
156.347	10478	356	1350
156.349	10479	358	1350
156.351	10480	352	1350
156.354	10481	354	1350
156.362	10482	355	1350
156.365	10483	356	1350
156.367	10484	358	1350
156.371	10485	353	1350
156.374	10486	355	1350
156.382	10487	356	1350
156.385	10488	358	1350
156.389	10489	351	1350
156.391	10490	354	1350
156.4	10491	356	1350
156.402	10492	358	1350
156.407	10493	354	1350
156.409	10494	356	1350
156.418	10495	354	1350
156.42	10496	356	1350
156.429	10497	357	1350
156.431	10498	359	1350
156.435	10499	357	1350
156.438	10500	359	1350
156.446	10501	356	1350
156.449	10502	358	1350
156.453	10503	356	1350
156.455	10504	358	1350
156.464	10505	359	1350
156.466	10506	361	1350
156.475	10507	362	1350
156.48	10508	356	1350
156.482	10509	358	1350
156.491	10510	360	1350
156.493	10511	362	1350
156.497	10512	359	1350
156.513	10513	358	1350
156.515	10514	360	1350
156.519	10515	358	1350
156.521	10516	360	1350
156.53	10517	361	1350
156.532	10518	363	1350
156.537	10519	360	1350
156.546	10520	358	1350
156.548	10521	360	1350
156.557	10522	362	1350
156.559	10523	364	1350
156.563	10524	361	1350
156.566	10525	363	1350
156.583	10526	361	1350
156.585	10527	363	1350
156.59	10528	359	1350
156.592	10529	362	1350
156.601	10530	363	1350
156.603	10531	366	1350
156.608	10532	362	1350
156.616	10533	359	1350
156.619	10534	361	1350
156.627	10535	362	1350
156.63	10536	364	1350
156.634	10537	362	1350
156.636	10538	364	1350
156.645	10539	365	1350
156.65	10540	363	1350
156.652	10541	365	1350
156.661	10542	366	1350
156.663	10543	368	1350
156.667	10544	366	1350
156.669	10545	368	1350
156.678	10546	370	1350
156.68	10547	367	1350
156.683	10548	369	1350
156.691	10549	371	1350
156.694	10550	373	1350
156.698	10551	371	1350
156.707	10552	365	1350
156.709	10553	368	1350
156.716	10554	366	1350
156.718	10555	368	1350
156.722	10556	366	1350
156.725	10557	368	1350
156.731	10558	368	1350
156.736	10559	367	1350
156.738	10560	369	1350
156.744	10561	369	1350
156.747	10562	371	1350
156.751	10563	369	1350
156.753	10564	371	1350
156.762	10565	368	1350
156.764	10566	370	1350
156.771	10567	368	1350
156.773	10568	371	1350
156.778	10569	368	1350
156.78	10570	370	1350
156.786	10571	370	1350
156.791	10572	365	1350
156.793	10573	368	1350
156.802	10574	369	1350
156.804	10575	372	1350
156.806	10576	367	1350
156.808	10577	369	1350
156.817	10578	371	1350
156.82	10579	367	1350
156.822	10580	369	1350
156.831	10581	371	1350
156.833	10582	373	1350
156.835	10583	368	1350
156.837	10584	371	1350
156.846	10585	373	1350
156.848	10586	375	1350
156.85	10587	370	1350
156.853	10588	372	1350
156.861	10589	374	1350
156.864	10590	376	1350
156.866	10591	371	1350
156.868	10592	374	1350
156.877	10593	375	1350
156.879	10594	372	1350
156.881	10595	374	1350
156.89	10596	376	1350
156.892	10597	378	1350
156.895	10598	373	1350
156.897	10599	375	1350
156.906	10600	377	1350
156.908	10601	374	1350
156.91	10602	377	1350
156.919	10603	378	1350
156.921	10604	381	1350
156.923	10605	376	1350
156.932	10606	372	1350
156.934	10607	374	1350
156.945	10608	378	1350
156.948	10609	380	1350
156.95	10610	375	1350
156.952	10611	378	1350
156.963	10612	374	1350
156.965	10613	376	1350
156.97	10614	373	1350
156.972	10615	375	1350
156.981	10616	378	1350
156.983	10617	380	1350
156.992	10618	376	1350
156.994	10619	378	1350
156.998	10620	376	1350
157.001	10621	378	1350
157.007	10622	378	1350
157.018	10623	374	1350
157.02	10624	376	1350
157.025	10625	373	1350
157.027	10626	376	1350
157.034	10627	375	1350
157.045	10628	374	1350
157.047	10629	376	1350
157.049	10630	372	1350
157.051	10631	374	1350
157.06	10632	376	1350
157.062	10633	378	1350
157.08	10634	372	1350
157.082	10635	374	1350
157.084	10636	369	1350
157.087	10637	371	1350
157.096	10638	373	1350
157.098	10639	375	1350
157.102	10640	374	1350
157.111	10641	369	1350
157.113	10642	372	1350
157.118	10643	369	1350
157.12	10644	371	1350
157.129	10645	373	1350
157.131	10646	375	1350
157.137	10647	376	1350
157.144	10648	374	1350
157.146	10649	376	1350
157.149	10650	371	1350
157.151	10651	373	1350
157.162	10652	378	1350
157.164	10653	380	1350
157.166	10654	376	1350
157.177	10655	374	1350
157.179	10656	376	1350
157.182	10657	371	1350
157.184	10658	373	1350
157.195	10659	378	1350
157.197	10660	381	1350
157.208	10661	376	1350
157.21	10662	378	1350
157.213	10663	374	1350
157.215	10664	376	1350
157.221	10665	376	1350
157.224	10666	378	1350
157.235	10667	382	1350
157.237	10668	376	1350
157.239	10669	379	1350
157.25	10670	383	1350
157.252	10671	385	1350
157.255	10672	380	1350
157.257	10673	382	1350
157.268	10674	380	1350
157.27	10675	382	1350
157.272	10676	378	1350
157.274	10677	380	1350
157.281	10678	381	1350
157.283	10679	383	1350
157.294	10680	387	1350
157.296	10681	381	1350
157.299	10682	383	1350
157.31	10683	387	1350
157.312	10684	389	1350
157.314	10685	385	1350
157.316	10686	387	1350
157.323	10687	386	1350
157.327	10688	385	1350
157.33	10689	387	1350
157.332	10690	382	1350
157.334	10691	384	1350
157.345	10692	389	1350
157.347	10694	385	1350
157.354	10695	382	1350
157.356	10696	385	1350
157.363	10697	385	1350
157.365	10698	387	1350
157.369	10699	385	1350
157.372	10700	387	1350
157.378	10701	387	1350
157.38	10702	389	1350
157.387	10703	384	1350
157.389	10704	387	1350
157.396	10705	387	1350
157.398	10706	390	1350
157.402	10707	387	1350
157.405	10708	389	1350
157.407	10709	384	1350
157.416	10710	385	1350
157.418	10711	387	1350
157.42	10712	383	1350
157.422	10713	385	1350
157.433	10714	389	1350
157.436	10716	384	1350
157.442	10717	383	1350
157.444	10718	385	1350
157.451	10719	385	1350
157.453	10720	387	1350
157.458	10721	384	1350
157.46	10722	386	1350
157.473	10723	385	1350
157.475	10724	387	1350
157.478	10725	383	1350
157.48	10726	385	1350
157.491	10727	389	1350
157.502	10729	385	1350
157.504	10730	388	1350
157.506	10731	383	1350
157.508	10732	385	1350
157.515	10733	385	1350
157.526	10734	383	1350
157.528	10735	385	1350
157.535	10736	384	1350
157.537	10737	387	1350
157.544	10738	387	1350
157.546	10739	389	1350
157.553	10740	383	1350
157.555	10741	385	1350
157.559	10742	383	1350
157.561	10743	385	1350
157.564	10744	380	1350
157.566	10745	382	1350
157.584	10746	378	1350
157.586	10747	380	1350
157.592	10748	381	1350
157.595	10749	383	1350
157.597	10750	378	1350
157.599	10751	380	1350
157.61	10752	384	1350
157.612	10753	376	1350
157.614	10754	378	1350
157.625	10755	383	1350
157.628	10756	385	1350
157.63	10757	380	1350
157.632	10758	383	1350
157.643	10759	381	1350
157.645	10760	383	1350
157.652	10761	382	1350
157.654	10762	385	1350
157.661	10763	384	1350
157.663	10764	386	1350
157.67	10765	380	1350
157.672	10766	382	1350
157.678	10767	383	1350
157.681	10768	385	1350
157.687	10769	385	1350
157.689	10770	387	1350
157.701	10771	381	1350
157.703	10772	383	1350
157.714	10773	387	1350
157.716	10774	389	1350
157.718	10775	385	1350
157.72	10776	387	1350
157.731	10777	385	1350
157.734	10778	387	1350
157.736	10779	382	1350
157.738	10780	385	1350
157.749	10781	389	1350
157.756	10782	380	1350
157.758	10783	382	1350
157.765	10784	383	1350
157.767	10785	385	1350
157.773	10786	385	1350
157.776	10787	387	1350
157.782	10788	387	1350
157.784	10789	389	1350
157.791	10790	385	1350
157.793	10791	387	1350
157.8	10792	387	1350
157.802	10793	390	1350
157.807	10794	387	1350
157.818	10795	383	1350
157.82	10796	385	1350
157.826	10797	385	1350
157.829	10798	387	1350
157.835	10799	387	1350
157.837	10800	389	1350
157.84	10801	384	1350
157.842	10802	386	1350
157.848	10803	386	1350
157.851	10804	388	1350
157.864	10805	373	1350
157.866	10806	376	1350
157.871	10807	372	1350
157.873	10808	374	1350
157.882	10809	375	1350
157.884	10810	377	1350
157.893	10811	372	1350
157.895	10812	374	1350
157.901	10813	372	1350
157.904	10814	374	1350
157.91	10815	373	1350
157.912	10816	375	1350
157.919	10817	375	1350
157.921	10818	377	1350
157.928	10819	374	1350
157.93	10820	377	1350
157.932	10821	371	1350
157.935	10822	373	1350
157.941	10823	372	1350
157.952	10824	374	1350
157.954	10825	376	1350
157.957	10826	370	1350
157.959	10827	372	1350
157.968	10828	373	1350
157.97	10829	368	1350
157.972	10830	371	1350
157.979	10831	368	1350
157.981	10832	370	1350
157.988	10833	369	1350
158.001	10834	360	1350
158.003	10835	363	1350
158.014	10836	366	1350
158.016	10837	368	1350
158.018	10838	362	1350
158.034	10839	365	1350
158.036	10840	368	1350
158.038	10841	362	1350
158.041	10842	364	1350
158.047	10843	362	1350
158.049	10844	364	1350
158.056	10845	363	1350
158.065	10846	356	1350
158.067	10847	359	1350
158.078	10848	362	1350
158.08	10849	364	1350
158.083	10850	358	1350
158.091	10851	356	1350
158.094	10852	358	1350
158.1	10853	357	1350
158.102	10854	359	1350
158.109	10855	358	1350
158.111	10856	360	1350
158.118	10857	349	1350
158.12	10858	352	1350
158.127	10859	350	1350
158.129	10860	352	1350
158.136	10861	351	1350
158.138	10862	353	1350
158.144	10863	350	1350
158.147	10864	352	1350
158.153	10865	351	1350
158.155	10866	353	1350
158.162	10867	351	1350
158.173	10868	348	1350
158.175	10869	350	1350
158.177	10870	344	1350
158.18	10871	346	1350
158.191	10872	349	1350
158.197	10873	341	1350
158.2	10874	343	1350
158.206	10875	342	1350
158.208	10876	344	1350
158.215	10877	342	1350
158.217	10878	345	1350
158.224	10879	340	1350
158.226	10880	343	1350
158.233	10881	341	1350
158.235	10882	343	1350
158.241	10883	342	1350
158.244	10884	344	1350
158.25	10885	341	1350
158.253	10886	343	1350
158.259	10887	342	1350
158.261	10888	344	1350
158.272	10889	347	1350
158.275	10890	349	1350
158.286	10891	343	1350
158.288	10892	345	1350
158.29	10893	340	1350
158.292	10894	342	1350
158.303	10895	345	1350
158.306	10896	347	1350
158.312	10897	345	1350
158.314	10898	347	1350
158.321	10899	345	1350
158.323	10900	348	1350
158.33	10901	346	1350
158.332	10902	349	1350
158.334	10903	343	1350
158.336	10904	345	1350
158.347	10905	348	1350
158.354	10906	348	1350
158.356	10907	350	1350
158.363	10908	348	1350
158.365	10909	351	1350
158.372	10910	349	1350
158.374	10911	351	1350
158.381	10912	350	1350
158.387	10913	352	1350
158.389	10914	354	1350
158.392	10915	348	1350
158.394	10916	350	1350
158.405	10917	353	1350
158.407	10918	356	1350
158.409	10919	350	1350
158.412	10920	352	1350
158.423	10921	356	1350
158.425	10922	358	1350
158.431	10923	357	1350
158.434	10924	359	1350
158.44	10925	358	1350
158.447	10926	354	1350
158.449	10927	357	1350
158.456	10928	355	1350
158.458	10929	357	1350
158.464	10930	356	1350
158.467	10931	358	1350
158.482	10932	357	1350
158.484	10933	359	1350
158.491	10934	357	1350
158.493	10935	360	1350
158.5	10936	358	1350
158.502	10937	361	1350
158.517	10938	358	1350
158.52	10939	360	1350
158.526	10940	360	1350
158.529	10941	362	1350
158.535	10942	361	1350
158.537	10943	363	1350
158.544	10944	361	1350
158.551	10945	361	1350
158.553	10946	363	1350
158.564	10947	366	1350
158.566	10948	369	1350
158.568	10949	363	1350
158.579	10950	363	1350
158.582	10951	365	1350
158.588	10952	364	1350
158.59	10953	366	1350
158.597	10954	365	1350
158.599	10955	368	1350
158.61	10956	368	1350
158.612	10957	370	1350
158.619	10958	369	1350
158.621	10959	371	1350
158.628	10960	369	1350
158.63	10961	372	1350
158.641	10962	372	1350
158.643	10963	374	1350
158.646	10964	369	1350
158.648	10965	371	1350
158.659	10966	374	1350
158.661	10967	377	1350
158.663	10968	372	1350
158.665	10969	374	1350
158.676	10970	374	1350
158.679	10971	376	1350
158.69	10972	379	1350
158.692	10973	381	1350
158.694	10974	377	1350
158.705	10975	374	1350
158.707	10976	376	1350
158.714	10977	375	1350
158.716	10978	378	1350
158.723	10979	376	1350
158.725	10980	379	1350
158.732	10981	374	1350
158.734	10982	376	1350
158.74	10983	375	1350
158.743	10984	377	1350
158.749	10985	377	1350
158.752	10986	379	1350
158.758	10987	374	1350
158.76	10988	376	1350
158.771	10989	380	1350
158.774	10990	382	1350
158.78	10991	370	1350
158.782	10992	372	1350
158.793	10993	375	1350
158.796	10994	377	1350
158.798	10995	372	1350
158.8	10996	375	1350
158.807	10997	369	1350
158.809	10998	371	1350
158.82	10999	375	1350
158.822	11000	378	1350
158.824	11001	373	1350
158.827	11002	375	1350
158.833	11003	374	1350
158.835	11004	376	1350
158.846	11005	374	1350
158.849	11006	376	1350
158.851	11007	371	1350
158.853	11008	374	1350
158.864	11009	377	1350
158.866	11010	379	1350
158.869	11011	374	1350
158.875	11012	376	1350
158.877	11013	378	1350
158.88	11014	373	1350
158.882	11015	375	1350
158.893	11016	379	1350
158.895	11017	382	1350
158.902	11018	372	1350
158.904	11019	374	1350
158.911	11020	373	1350
158.913	11021	375	1350
158.919	11022	375	1350
158.922	11023	377	1350
158.933	11024	376	1350
158.935	11025	378	1350
158.937	11026	374	1350
158.939	11027	376	1350
158.948	11028	378	1350
158.95	11029	380	1350
158.957	11030	374	1350
158.959	11031	377	1350
158.966	11032	375	1350
158.968	11033	377	1350
158.979	11034	369	1350
158.981	11035	372	1350
158.992	11036	376	1350
158.994	11037	378	1350
158.997	11038	373	1350
159.008	11039	365	1350
159.01	11040	367	1350
159.021	11041	371	1350
159.023	11042	374	1350
159.03	11043	372	1350
159.032	11044	374	1350
159.039	11045	369	1350
159.041	11046	371	1350
159.047	11047	371	1350
159.05	11048	373	1350
159.056	11049	373	1350
159.058	11050	375	1350
159.065	11051	375	1350
159.076	11052	372	1350
159.078	11053	374	1350
159.081	11054	369	1350
159.083	11055	371	1350
159.094	11056	375	1350
159.096	11057	377	1350
159.107	11058	372	1350
159.109	11059	374	1350
159.111	11060	369	1350
159.114	11061	371	1350
159.12	11062	371	1350
159.122	11063	373	1350
159.134	11064	367	1350
159.136	11065	369	1350
159.142	11066	369	1350
159.145	11067	371	1350
159.151	11068	371	1350
159.153	11069	373	1350
159.16	11070	372	1350
159.162	11071	374	1350
159.173	11072	372	1350
159.175	11073	374	1350
159.178	11074	369	1350
159.18	11075	371	1350
159.187	11076	370	1350
159.198	11077	367	1350
159.2	11078	369	1350
159.211	11079	373	1350
159.213	11080	376	1350
159.215	11081	371	1350
159.217	11082	373	1350
159.228	11083	372	1350
159.231	11084	374	1350
159.233	11085	368	1350
159.235	11086	371	1350
159.246	11087	375	1350
159.248	11088	377	1350
159.255	11089	371	1350
159.257	11090	374	1350
159.264	11091	373	1350
159.266	11092	375	1350
159.273	11093	375	1350
159.275	11094	377	1350
159.29	11095	372	1350
159.292	11096	374	1350
159.299	11097	374	1350
159.301	11098	376	1350
159.304	11099	370	1350
159.306	11100	372	1350
159.317	11101	371	1350
159.319	11102	373	1350
159.33	11103	378	1350
159.332	11104	380	1350
159.334	11105	375	1350
159.337	11106	377	1350
159.343	11107	376	1350
159.345	11108	378	1350
159.357	11109	382	1350
159.359	11110	384	1350
159.361	11111	379	1350
159.372	11112	382	1350
159.374	11113	385	1350
159.376	11114	380	1350
159.379	11115	382	1350
159.39	11116	386	1350
159.392	11117	388	1350
159.394	11118	383	1350
159.405	11119	388	1350
159.407	11121	382	1350
159.41	11122	384	1350
159.416	11123	384	1350
159.418	11124	386	1350
159.429	11125	385	1350
159.432	11126	387	1350
159.438	11127	387	1350
159.44	11128	389	1350
159.447	11129	388	1350
159.458	11131	385	1350
159.46	11132	387	1350
159.463	11133	382	1350
159.465	11134	384	1350
159.476	11135	388	1350
159.482	11137	378	1350
159.485	11138	380	1350
159.491	11139	380	1350
159.493	11140	382	1350
159.504	11141	386	1350
159.511	11142	379	1350
159.513	11143	381	1350
159.52	11144	379	1350
159.522	11145	382	1350
159.529	11146	381	1350
159.531	11147	383	1350
159.542	11148	378	1350
159.544	11149	381	1350
159.551	11150	379	1350
159.553	11151	382	1350
159.56	11152	381	1350
159.562	11153	383	1350
159.573	11154	382	1350
159.575	11155	385	1350
159.577	11156	380	1350
159.58	11157	382	1350
159.591	11158	386	1350
159.602	11159	383	1350
159.604	11160	385	1350
159.606	11161	380	1350
159.608	11162	382	1350
159.615	11163	381	1350
159.617	11164	384	1350
159.628	11165	383	1350
159.63	11166	385	1350
159.637	11167	384	1350
159.639	11168	387	1350
159.644	11169	383	1350
159.646	11170	385	1350
159.657	11171	380	1350
159.659	11172	383	1350
159.661	11173	378	1350
159.663	11174	380	1350
159.674	11175	384	1350
159.677	11176	386	1350
159.688	11177	385	1350
159.69	11178	387	1350
159.692	11179	382	1350
159.694	11180	384	1350
159.697	11181	379	1350
159.716	11182	381	1350
159.719	11183	383	1350
159.721	11184	377	1350
159.723	11185	380	1350
159.73	11186	379	1350
159.732	11187	381	1350
159.739	11188	381	1350
159.741	11189	383	1350
159.752	11190	380	1350
159.754	11191	382	1350
159.761	11192	382	1350
159.763	11193	384	1350
159.769	11194	384	1350
159.772	11195	386	1350
159.776	11196	379	1350
159.778	11197	381	1350
159.785	11198	379	1350
159.787	11199	382	1350
159.794	11200	381	1350
159.805	11201	380	1350
159.807	11202	382	1350
159.809	11203	378	1350
159.811	11204	380	1350
159.822	11205	384	1350
159.825	11206	386	1350
159.836	11207	380	1350
159.838	11208	382	1350
159.84	11209	378	1350
159.842	11210	380	1350
159.853	11211	384	1350
159.856	11212	386	1350
159.862	11213	381	1350
159.864	11214	383	1350
159.871	11215	382	1350
159.873	11216	385	1350
159.88	11217	383	1350
159.882	11218	386	1350
159.893	11220	386	1350
159.895	11221	388	1350
159.897	11222	383	1350
159.9	11223	385	1350
159.911	11224	388	1350
159.926	11226	372	1350
159.928	11227	374	1350
159.935	11228	373	1350
159.937	11229	375	1350
159.944	11230	371	1350
159.946	11231	374	1350
159.953	11232	372	1350
159.955	11233	374	1350
159.962	11234	372	1350
159.964	11235	374	1350
159.97	11236	372	1350
159.973	11237	374	1350
159.988	11238	359	1350
159.99	11239	361	1350
160.001	11240	363	1350
160.003	11241	365	1350
160.006	11242	358	1350
160.017	11243	360	1350
160.019	11244	362	1350
160.021	11245	357	1350
160.023	11246	359	1350
160.034	11247	361	1350
160.037	11248	352	1350
160.039	11249	354	1350
160.05	11250	356	1350
160.052	11251	359	1350
160.054	11252	352	1350
160.065	11253	350	1350
160.068	11254	352	1350
160.079	11255	354	1350
160.081	11256	356	1350
160.083	11257	349	1350
160.094	11258	351	1350
160.096	11259	354	1350
160.098	11260	348	1350
160.101	11261	350	1350
160.112	11262	343	1350
160.114	11263	345	1350
160.125	11264	347	1350
160.127	11265	350	1350
160.134	11266	347	1350
160.14	11267	341	1350
160.143	11268	343	1350
160.154	11269	345	1350
160.156	11270	347	1350
160.162	11271	345	1350
160.165	11272	347	1350
160.171	11273	346	1350
160.187	11274	345	1350
160.189	11275	347	1350
160.191	11276	341	1350
160.193	11277	343	1350
160.204	11278	345	1350
160.207	11279	347	1350
160.218	11280	341	1350
160.22	11281	343	1350
160.226	11282	341	1350
160.229	11283	343	1350
160.235	11284	341	1350
160.238	11285	343	1350
160.249	11286	345	1350
160.251	11287	347	1350
160.257	11288	345	1350
160.26	11289	347	1350
160.271	11290	341	1350
160.273	11291	343	1350
160.279	11292	341	1350
160.282	11293	343	1350
160.288	11294	341	1350
160.299	11295	339	1350
160.302	11296	341	1350
160.304	11297	334	1350
160.306	11298	336	1350
160.317	11299	339	1350
160.319	11300	341	1350
160.33	11301	343	1350
160.332	11302	345	1350
160.335	11303	339	1350
160.337	11304	341	1350
160.348	11305	343	1350
160.35	11306	346	1350
160.352	11307	339	1350
160.355	11308	341	1350
160.366	11309	343	1350
160.368	11310	345	1350
160.37	11311	338	1350
160.372	11312	341	1350
160.383	11313	343	1350
160.385	11314	345	1350
160.401	11315	332	1350
160.403	11316	335	1350
160.414	11317	335	1350
160.416	11318	337	1350
160.423	11319	333	1350
160.425	11320	336	1350
160.432	11321	332	1350
160.434	11322	335	1350
160.445	11323	336	1350
160.456	11324	330	1350
160.458	11325	332	1350
160.469	11326	333	1350
160.472	11327	335	1350
160.483	11328	336	1350
160.485	11329	338	1350
160.496	11330	336	1350
160.498	11331	339	1350
160.5	11332	331	1350
160.502	11333	333	1350
160.514	11334	334	1350
160.525	11335	334	1350
160.527	11336	336	1350
160.533	11337	333	1350
160.536	11338	335	1350
160.542	11339	332	1350
160.553	11340	334	1350
160.555	11341	336	1350
160.567	11342	338	1350
160.569	11343	340	1350
160.575	11344	337	1350
160.582	11345	331	1350
160.584	11346	334	1350
160.595	11347	336	1350
160.597	11348	338	1350
160.613	11349	334	1350
160.615	11350	337	1350
160.622	11351	333	1350
160.624	11352	335	1350
160.635	11353	336	1350
160.646	11354	334	1350
160.648	11355	337	1350
160.655	11356	333	1350
160.657	11357	336	1350
160.668	11358	337	1350
160.675	11359	332	1350
160.677	11360	334	1350
160.688	11361	335	1350
160.69	11362	338	1350
160.697	11363	334	1350
160.703	11364	330	1350
160.706	11365	332	1350
160.717	11366	333	1350
160.719	11367	335	1350
160.725	11368	333	1350
160.728	11369	335	1350
160.734	11370	330	1350
160.737	11371	332	1350
160.743	11372	329	1350
160.745	11373	331	1350
160.752	11374	328	1350
160.759	11375	327	1350
160.761	11376	329	1350
160.767	11377	327	1350
160.778	11378	321	1350
160.781	11379	323	1350
160.787	11380	320	1350
160.79	11381	322	1350
160.801	11382	324	1350
160.803	11383	326	1350
160.805	11384	318	1350
160.807	11385	321	1350
160.818	11386	323	1350
160.82	11387	325	1350
160.827	11388	322	1350
160.829	11389	324	1350
160.836	11390	321	1350
160.838	11391	324	1350
160.845	11392	321	1350
160.847	11393	323	1350
160.854	11394	320	1350
160.86	11395	321	1350
160.862	11396	323	1350
160.869	11397	321	1350
160.871	11398	323	1350
160.878	11399	320	1350
160.88	11400	323	1350
160.891	11401	321	1350
160.893	11402	323	1350
160.896	11403	316	1350
160.898	11404	318	1350
160.909	11405	312	1350
160.911	11406	314	1350
160.922	11407	316	1350
160.924	11408	319	1350
160.935	11409	312	1350
160.937	11410	314	1350
160.944	11411	312	1350
160.946	11412	314	1350
160.957	11413	308	1350
160.96	11414	310	1350
160.971	11415	312	1350
160.973	11416	314	1350
160.984	11417	316	1350
160.986	11418	308	1350
160.988	11419	310	1350
160.999	11420	312	1350
161.001	11421	314	1350
161.008	11422	312	1350
161.01	11423	314	1350
161.021	11424	314	1350
161.024	11425	316	1350
161.03	11426	314	1350
161.032	11427	316	1350
161.048	11428	310	1350
161.05	11429	313	1350
161.057	11430	310	1350
161.059	11431	312	1350
161.066	11432	310	1350
161.077	11433	305	1350
161.079	11434	307	1350
161.09	11435	309	1350
161.092	11436	312	1350
161.099	11437	310	1350
161.105	11438	306	1350
161.107	11439	308	1350
161.119	11440	310	1350
161.121	11441	312	1350
161.127	11442	310	1350
161.134	11443	305	1350
161.136	11444	308	1350
161.147	11445	310	1350
161.149	11446	312	1350
161.156	11447	310	1350
161.158	11448	312	1350
161.169	11449	310	1350
161.172	11450	312	1350
161.178	11451	310	1350
161.18	11452	312	1350
161.187	11453	309	1350
161.189	11454	312	1350
161.2	11455	315	1350
161.202	11456	317	1350
161.209	11457	315	1350
161.211	11458	317	1350
161.218	11459	314	1350
161.229	11460	316	1350
161.231	11461	319	1350
161.233	11462	312	1350
161.236	11463	314	1350
161.247	11464	317	1350
161.249	11465	319	1350
161.26	11466	316	1350
161.262	11467	319	1350
161.269	11468	316	1350
161.271	11469	318	1350
161.277	11470	317	1350
161.28	11471	319	1350
161.291	11472	321	1350
161.293	11473	323	1350
161.295	11474	317	1350
161.297	11475	319	1350
161.308	11476	321	1350
161.311	11477	323	1350
161.322	11478	325	1350
161.324	11479	327	1350
161.326	11480	322	1350
161.328	11481	324	1350
161.339	11482	326	1350
161.342	11483	328	1350
161.348	11484	326	1350
161.35	11485	328	1350
161.357	11486	325	1350
161.359	11487	328	1350
161.37	11488	324	1350
161.372	11489	326	1350
161.383	11490	329	1350
161.386	11491	331	1350
161.392	11492	329	1350
161.403	11493	321	1350
161.406	11494	323	1350
161.417	11495	326	1350
161.419	11496	328	1350
161.43	11497	321	1350
161.432	11498	324	1350
161.443	11499	326	1350
161.445	11500	328	1350
161.448	11501	322	1350
161.45	11502	324	1350
161.461	11503	326	1350
161.463	11504	327	1350
161.465	11505	330	1350
161.476	11506	330	1350
161.478	11507	332	1350
161.485	11508	330	1350
161.505	11509	332	1350
161.507	11510	335	1350
161.509	11511	328	1350
161.512	11512	330	1350
161.523	11513	333	1350
161.534	11514	332	1350
161.536	11515	334	1350
161.542	11516	333	1350
161.545	11517	335	1350
161.556	11518	337	1350
161.567	11519	336	1350
161.569	11520	338	1350
161.576	11521	337	1350
161.578	11522	339	1350
161.589	11523	342	1350
161.6	11524	340	1350
161.602	11525	343	1350
161.604	11526	337	1350
161.606	11527	339	1350
161.618	11528	342	1350
161.62	11529	344	1350
161.635	11530	341	1350
161.637	11531	343	1350
161.644	11532	342	1350
161.646	11533	344	1350
161.653	11534	342	1350
161.655	11535	345	1350
161.671	11536	345	1350
161.673	11537	347	1350
161.684	11538	350	1350
161.686	11539	352	1350
161.688	11540	347	1350
161.701	11541	347	1350
161.704	11542	349	1350
161.71	11543	348	1350
161.712	11544	350	1350
161.719	11545	349	1350
161.721	11546	351	1350
161.728	11547	343	1350
161.73	11548	346	1350
161.741	11549	348	1350
161.743	11550	350	1350
161.746	11551	344	1350
161.748	11552	346	1350
161.759	11553	343	1350
161.761	11554	346	1350
161.772	11555	348	1350
161.774	11556	350	1350
161.776	11557	344	1350
161.779	11558	346	1350
161.79	11559	343	1350
161.792	11560	345	1350
161.799	11561	343	1350
161.801	11562	345	1350
161.807	11563	344	1350
161.81	11564	346	1350
161.816	11565	345	1350
161.818	11566	345	1350
161.821	11567	347	1350
161.832	11568	348	1350
161.834	11569	350	1350
161.836	11570	344	1350
161.838	11571	346	1350
161.854	11572	345	1350
161.856	11573	347	1350
161.863	11574	346	1350
161.865	11575	348	1350
161.871	11576	346	1350
161.882	11577	341	1350
161.885	11578	343	1350
161.891	11579	342	1350
161.894	11580	344	1350
161.909	11581	340	1350
161.911	11582	343	1350
161.913	11583	337	1350
161.916	11584	339	1350
161.927	11585	342	1350
161.929	11586	344	1350
161.931	11587	338	1350
161.942	11588	341	1350
161.944	11589	343	1350
161.947	11590	337	1350
161.966	11591	336	1350
161.969	11592	338	1350
161.975	11593	337	1350
161.977	11594	339	1350
161.984	11595	338	1350
161.995	11596	337	1350
161.997	11597	339	1350
162.004	11598	336	1350
162.006	11599	339	1350
162.013	11600	337	1350
162.028	11601	337	1350
162.03	11602	339	1350
162.037	11603	337	1350
162.039	11604	339	1350
162.046	11605	337	1350
162.057	11606	332	1350
162.059	11607	335	1350
162.07	11608	337	1350
162.072	11609	339	1350
162.075	11610	333	1350
162.077	11611	335	1350
162.097	11612	336	1350
162.099	11613	338	1350
162.101	11614	333	1350
162.103	11615	335	1350
162.114	11616	337	1350
162.117	11617	339	1350
162.128	11618	332	1350
162.13	11619	334	1350
162.141	11620	336	1350
162.143	11621	339	1350
162.15	11622	337	1350
162.161	11623	334	1350
162.163	11624	336	1350
162.174	11625	338	1350
162.176	11626	341	1350
162.178	11627	335	1350
162.181	11628	337	1350
162.192	11629	338	1350
162.194	11630	340	1350
162.205	11631	343	1350
162.207	11632	346	1350
162.209	11633	339	1350
162.211	11634	341	1350
162.223	11635	339	1350
162.225	11636	341	1350
162.236	11637	343	1350
162.238	11638	345	1350
162.245	11639	343	1350
162.247	11640	345	1350
162.258	11641	343	1350
162.26	11642	346	1350
162.267	11643	343	1350
162.269	11644	345	1350
162.276	11645	343	1350
162.278	11646	345	1350
162.289	11647	347	1350
162.291	11648	349	1350
162.298	11649	348	1350
162.3	11650	350	1350
162.306	11651	348	1350
162.309	11652	350	1350
162.32	11653	352	1350
162.331	11654	352	1350
162.333	11655	354	1350
162.335	11656	348	1350
162.337	11657	350	1350
162.348	11658	352	1350
162.359	11659	352	1350
162.362	11660	354	1350
162.368	11661	352	1350
162.37	11662	354	1350
162.381	11663	347	1350
162.384	11664	349	1350
162.395	11665	352	1350
162.397	11666	354	1350
162.404	11667	352	1350
162.406	11668	354	1350
162.412	11669	353	1350
162.423	11670	356	1350
162.426	11671	358	1350
162.428	11672	352	1350
162.43	11673	355	1350
162.446	11674	352	1350
162.448	11675	354	1350
162.454	11676	352	1350
162.457	11677	354	1350
162.476	11678	356	1350
162.479	11679	358	1350
162.481	11680	352	1350
162.483	11681	355	1350
162.494	11682	357	1350
162.51	11683	356	1350
162.512	11684	358	1350
162.518	11685	357	1350
162.521	11686	359	1350
162.532	11687	361	1350
162.538	11688	356	1350
162.54	11689	358	1350
162.552	11690	361	1350
162.554	11691	363	1350
162.56	11692	361	1350
162.563	11693	363	1350
162.582	11694	361	1350
162.585	11695	363	1350
162.591	11696	361	1350
162.593	11697	363	1350
162.604	11698	366	1350
162.607	11699	368	1350
162.618	11700	365	1350
162.62	11701	367	1350
162.631	11702	369	1350
162.633	11703	372	1350
162.635	11704	366	1350
162.655	11705	370	1350
162.657	11706	372	1350
162.664	11707	370	1350
162.666	11708	372	1350
162.673	11709	370	1350
162.675	11710	373	1350
162.686	11711	370	1350
162.688	11712	372	1350
162.699	11713	374	1350
162.702	11714	376	1350
162.708	11715	375	1350
162.71	11716	377	1350
162.722	11717	379	1350
162.724	11718	376	1350
162.726	11719	378	1350
162.737	11720	380	1350
162.739	11721	383	1350
162.75	11722	386	1350
162.752	11723	388	1350
162.759	11724	377	1350
162.761	11725	379	1350
162.772	11726	381	1350
162.775	11727	383	1350
162.777	11728	376	1350
162.779	11729	378	1350
162.79	11730	376	1350
162.792	11731	379	1350
162.799	11732	376	1350
162.801	11733	379	1350
162.812	11734	381	1350
162.814	11735	383	1350
162.825	11736	381	1350
162.828	11737	383	1350
162.834	11738	381	1350
162.836	11739	383	1350
162.843	11740	380	1350
162.85	11741	376	1350
162.852	11742	378	1350
162.863	11743	380	1350
162.865	11744	383	1350
162.867	11745	377	1350
162.883	11746	376	1350
162.885	11747	378	1350
162.887	11748	372	1350
162.889	11749	374	1350
162.9	11750	377	1350
162.903	11751	379	1350
162.909	11752	372	1350
162.911	11753	374	1350
162.922	11754	376	1350
162.925	11755	378	1350
162.927	11756	372	1350
162.942	11757	372	1350
162.945	11758	374	1350
162.951	11759	372	1350
162.953	11760	374	1350
162.969	11761	367	1350
162.971	11762	370	1350
162.978	11763	367	1350
162.98	11764	369	1350
162.986	11765	367	1350
163.002	11766	367	1350
163.004	11767	370	1350
163.011	11768	367	1350
163.013	11769	369	1350
163.02	11770	367	1350
163.031	11771	367	1350
163.033	11772	369	1350
163.044	11773	371	1350
163.046	11774	374	1350
163.048	11775	368	1350
163.051	11776	370	1350
163.07	11777	363	1350
163.073	11778	365	1350
163.084	11779	367	1350
163.086	11780	369	1350
163.092	11781	367	1350
163.095	11782	369	1350
163.106	11783	363	1350
163.108	11784	365	1350
163.121	11785	370	1350
163.123	11786	372	1350
163.13	11787	369	1350
163.141	11788	361	1350
163.143	11789	363	1350
163.154	11790	366	1350
163.156	11791	368	1350
163.163	11792	365	1350
163.165	11793	367	1350
163.176	11794	369	1350
163.179	11795	371	1350
163.19	11796	365	1350
163.192	11797	367	1350
163.198	11798	365	1350
163.201	11799	367	1350
163.212	11800	369	1350
163.214	11801	371	1350
163.221	11802	369	1350
163.223	11803	371	1350
163.229	11804	369	1350
163.232	11805	371	1350
163.243	11806	365	1350
163.245	11807	367	1350
163.256	11808	369	1350
163.258	11809	372	1350
163.265	11810	369	1350
163.267	11811	371	1350
163.274	11812	369	1350
163.276	11813	371	1350
163.287	11814	373	1350
163.289	11815	375	1350
163.296	11816	372	1350
163.307	11817	369	1350
163.309	11818	371	1350
163.32	11819	373	1350
163.322	11820	376	1350
163.329	11821	373	1350
163.331	11822	375	1350
163.342	11823	373	1350
163.344	11824	376	1350
163.351	11825	373	1350
163.353	11826	376	1350
163.364	11827	378	1350
163.366	11828	380	1350
163.382	11829	374	1350
163.384	11830	376	1350
163.395	11831	378	1350
163.397	11832	381	1350
163.404	11833	377	1350
163.406	11834	379	1350
163.413	11835	377	1350
163.415	11836	379	1350
163.426	11837	381	1350
163.428	11838	384	1350
163.439	11839	386	1350
163.45	11840	383	1350
163.452	11841	385	1350
163.457	11842	380	1350
163.459	11843	382	1350
163.479	11844	385	1350
163.481	11845	388	1350
163.483	11846	380	1350
163.485	11847	382	1350
163.494	11848	382	1350
163.51	11849	382	1350
163.512	11850	384	1350
163.519	11851	382	1350
163.521	11852	384	1350
163.527	11853	382	1350
163.538	11854	383	1350
163.541	11855	385	1350
163.55	11856	385	1350
163.552	11857	387	1350
163.556	11858	382	1350
163.558	11859	384	1350
163.574	11860	378	1350
163.576	11861	381	1350
163.587	11862	383	1350
163.589	11863	385	1350
163.591	11864	378	1350
163.594	11865	380	1350
163.609	11866	379	1350
163.611	11867	381	1350
163.618	11868	378	1350
163.62	11869	381	1350
163.627	11870	377	1350
163.638	11871	371	1350
163.64	11872	374	1350
163.651	11873	376	1350
163.653	11874	378	1350
163.656	11875	371	1350
163.658	11876	373	1350
163.673	11877	372	1350
163.675	11878	374	1350
163.682	11879	371	1350
163.684	11880	374	1350
163.691	11881	371	1350
163.693	11882	374	1350
163.704	11883	368	1350
163.706	11884	370	1350
163.717	11885	372	1350
163.72	11886	374	1350
163.726	11887	371	1350
163.728	11888	373	1350
163.735	11889	368	1350
163.737	11890	371	1350
163.748	11891	372	1350
163.75	11892	374	1350
163.757	11893	372	1350
163.759	11894	374	1350
163.77	11895	372	1350
163.773	11896	374	1350
163.779	11897	372	1350
163.781	11898	374	1350
163.788	11899	371	1350
163.799	11900	368	1350
163.801	11901	370	1350
163.812	11902	372	1350
163.814	11903	374	1350
163.817	11904	366	1350
163.819	11905	368	1350
163.839	11906	371	1350
163.841	11907	373	1350
163.843	11908	367	1350
163.845	11909	369	1350
163.856	11910	371	1350
163.859	11911	373	1350
163.874	11912	368	1350
163.876	11913	370	1350
163.887	11914	371	1350
163.89	11915	373	1350
163.896	11916	371	1350
163.898	11917	373	1350
163.909	11918	372	1350
163.912	11919	374	1350
163.918	11920	372	1350
163.92	11921	374	1350
163.936	11922	371	1350
163.938	11923	374	1350
163.945	11924	371	1350
163.947	11925	373	1350
163.958	11926	375	1350
163.969	11927	366	1350
163.971	11928	368	1350
163.982	11929	369	1350
163.984	11930	371	1350
163.996	11931	373	1350
164.007	11932	372	1350
164.009	11933	374	1350
164.011	11934	366	1350
164.013	11935	369	1350
164.024	11936	371	1350
164.035	11937	372	1350
164.037	11938	374	1350
164.042	11939	369	1350
164.044	11940	372	1350
164.055	11941	373	1350
164.057	11942	375	1350
164.064	11943	365	1350
164.066	11944	368	1350
164.075	11945	367	1350
164.077	11946	369	1350
164.084	11947	366	1350
164.086	11948	369	1350
164.093	11949	358	1350
164.095	11950	360	1350
164.097	11951	354	1350
164.099	11952	356	1350
164.106	11953	353	1350
164.113	11954	350	1350
164.115	11955	352	1350
164.117	11956	344	1350
164.119	11957	347	1350
164.126	11958	344	1350
164.128	11959	347	1350
164.135	11960	336	1350
164.137	11961	338	1350
164.143	11962	336	1350
164.146	11963	338	1350
164.148	11964	331	1350
164.15	11965	334	1350
164.152	11966	323	1350
164.155	11967	325	1350
164.157	11968	318	1350
164.159	11969	320	1350
164.161	11970	314	1350
164.163	11971	316	1350
164.166	11972	305	1350
164.168	11973	307	1350
164.17	11974	300	1350
164.172	11975	303	1350
164.174	11976	296	1350
164.177	11977	298	1350
164.179	11978	283	1350
164.181	11979	286	1350
164.183	11980	279	1350
164.186	11981	281	1350
164.188	11982	274	1350
164.19	11983	265	1350
164.192	11984	268	1350
164.194	11985	261	1350
164.197	11986	263	1350
164.199	11987	256	1350
164.201	11988	258	1350
164.203	11989	252	1350
164.205	11990	242	1350
164.208	11991	244	1350
164.21	11992	237	1350
164.212	11993	240	1350
164.214	11994	232	1350
164.216	11995	234	1350
164.219	11996	219	1350
164.221	11997	221	1350
164.223	11998	215	1350
164.225	11999	217	1350
164.227	12000	210	1350
164.23	12001	212	1350
164.232	12002	197	1350
164.234	12003	200	1350
164.236	12004	193	1350
164.239	12005	195	1350
164.241	12006	179	1350
164.243	12007	182	1350
164.245	12008	175	1350
164.247	12009	177	1350
164.25	12010	170	1350
164.252	12011	157	1350
164.254	12012	160	1350
164.256	12013	153	1350
164.258	12014	155	1350
164.261	12015	140	1350
164.263	12016	142	1350
164.265	12017	136	1350
164.267	12018	138	1350
164.27	12019	131	1350
164.272	12020	122	1350
164.274	12021	125	1350
164.281	12022	122	1350
164.283	12023	124	1350
164.287	12024	120	1350
164.292	12025	111	1350
164.294	12026	113	1350
164.298	12027	109	1350
164.301	12028	111	1350
164.303	12029	104	1350
164.305	12030	106	1350
164.311	12031	103	1350
164.313	12032	105	1350
164.32	12033	103	1350
164.322	12034	105	1350
164.331	12035	105	1350
164.333	12036	107	1350
164.338	12037	103	1350
164.34	12038	103	1350
164.343	12039	105	1350
164.352	12040	102	1350
164.354	12041	104	1350
164.36	12042	102	1350
164.363	12043	104	1350
164.369	12044	102	1350
164.372	12045	104	1350
164.38	12046	105	1350
164.382	12047	107	1350
164.387	12048	102	1350
164.389	12049	105	1350
164.396	12050	102	1350
164.398	12051	104	1350
164.404	12052	102	1350
164.406	12053	104	1350
164.413	12054	102	1350
164.415	12055	105	1350
164.421	12056	103	1350
164.423	12057	105	1350
164.43	12058	102	1350
164.432	12059	104	1350
164.438	12060	102	1350
164.44	12061	105	1350
164.446	12062	102	1350
164.448	12063	105	1350
164.454	12064	102	1350
164.456	12065	105	1350
164.462	12066	102	1350
164.464	12067	105	1350
164.47	12068	102	1350
164.472	12069	104	1350
164.476	12070	102	1350
164.479	12071	104	1350
164.484	12072	102	1350
164.487	12073	104	1350
164.492	12074	102	1350
164.494	12075	104	1350
164.499	12076	102	1350
164.501	12077	105	1350
164.525	12078	121	1350
164.527	12079	124	1350
164.534	12080	122	1350
164.536	12081	125	1350
164.538	12082	121	1350
164.54	12083	123	1350
164.547	12084	123	1350
164.549	12085	125	1350
164.551	12086	120	1350
164.554	12087	122	1350
164.56	12088	122	1350
164.563	12089	124	1350
164.565	12090	120	1350
164.567	12091	122	1350
164.574	12092	122	1350
164.576	12093	124	1350
164.582	12094	125	1350
164.585	12095	127	1350
164.591	12096	127	1350
164.593	12097	129	1350
164.6	12098	130	1350
164.602	12099	132	1350
164.609	12100	132	1350
164.611	12101	135	1350
164.618	12102	135	1350
164.62	12103	137	1350
164.627	12104	138	1350
164.629	12105	140	1350
164.631	12106	136	1350
164.633	12107	139	1350
164.644	12108	144	1350
164.646	12109	146	1350
164.649	12110	142	1350
164.651	12111	144	1350
164.662	12112	149	1350
164.664	12113	152	1350
164.666	12114	148	1350
164.668	12115	150	1350
164.675	12116	151	1350
164.677	12117	153	1350
164.684	12118	154	1350
164.686	12119	157	1350
164.688	12120	153	1350
164.691	12121	155	1350
164.702	12122	160	1350
164.704	12123	162	1350
164.706	12124	160	1350
164.708	12125	162	1350
164.719	12126	167	1350
164.721	12127	169	1350
164.724	12128	166	1350
164.726	12129	168	1350
164.733	12130	170	1350
164.735	12131	172	1350
164.741	12132	173	1350
164.744	12133	175	1350
164.746	12134	172	1350
164.748	12135	174	1350
164.759	12136	181	1350
164.761	12137	183	1350
164.763	12138	179	1350
164.766	12139	181	1350
164.772	12140	183	1350
164.774	12141	185	1350
164.781	12142	187	1350
164.783	12143	189	1350
164.786	12144	186	1350
164.788	12145	188	1350
164.799	12146	194	1350
164.801	12147	196	1350
164.803	12148	194	1350
164.805	12149	196	1350
164.812	12150	198	1350
164.814	12151	200	1350
164.821	12152	200	1350
164.823	12153	203	1350
164.825	12154	200	1350
164.827	12155	202	1350
164.834	12156	204	1350
164.836	12157	206	1350
164.843	12158	207	1350
164.845	12159	210	1350
164.852	12160	211	1350
164.854	12161	213	1350
164.861	12162	210	1350
164.863	12163	212	1350
164.869	12164	214	1350
164.872	12165	216	1350
164.878	12166	219	1350
164.88	12167	221	1350
164.883	12168	218	1350
164.885	12169	220	1350
164.896	12170	219	1350
164.898	12171	222	1350
164.905	12172	223	1350
164.907	12173	225	1350
164.909	12174	223	1350
164.911	12175	225	1350
164.922	12176	231	1350
164.925	12177	233	1350
164.927	12178	231	1350
164.938	12179	230	1350
164.94	12180	233	1350
164.942	12181	230	1350
164.944	12182	232	1350
164.956	12183	238	1350
164.958	12184	240	1350
164.969	12185	235	1350
164.971	12186	237	1350
164.978	12187	239	1350
164.98	12188	241	1350
164.986	12189	243	1350
164.989	12190	245	1350
164.995	12191	247	1350
164.997	12192	249	1350
165	12193	247	1350
165.002	12194	249	1350
165.009	12195	251	1350
165.011	12196	253	1350
165.035	12197	249	1350
165.037	12198	251	1350
165.044	12199	252	1350
165.046	12200	255	1350
165.053	12201	256	1350
165.055	12202	258	1350
165.057	12203	256	1350
165.059	12204	258	1350
165.075	12205	261	1350
165.077	12206	263	1350
165.079	12207	261	1350
165.081	12208	263	1350
165.088	12209	265	1350
165.09	12210	267	1350
165.106	12211	261	1350
165.108	12212	263	1350
165.119	12213	269	1350
165.121	12214	272	1350
165.123	12215	269	1350
165.126	12216	271	1350
165.137	12217	278	1350
165.139	12218	280	1350
165.15	12219	279	1350
165.152	12220	282	1350
165.154	12221	279	1350
165.156	12222	281	1350
165.163	12223	283	1350
165.165	12224	285	1350
165.181	12225	283	1350
165.183	12226	285	1350
165.19	12227	287	1350
165.192	12228	289	1350
165.194	12229	286	1350
165.196	12230	289	1350
165.216	12231	293	1350
165.218	12232	295	1350
165.22	12233	292	1350
165.223	12234	294	1350
165.229	12235	296	1350
165.232	12236	298	1350
165.238	12237	300	1350
165.24	12238	302	1350
165.251	12239	301	1350
165.254	12240	303	1350
165.256	12241	300	1350
165.258	12242	303	1350
165.265	12243	304	1350
165.267	12244	306	1350
165.278	12245	301	1350
165.28	12246	304	1350
165.287	12247	304	1350
165.289	12248	306	1350
165.296	12249	308	1350
165.298	12250	310	1350
165.309	12251	305	1350
165.311	12252	308	1350
165.313	12253	305	1350
165.315	12254	307	1350
165.322	12255	308	1350
165.324	12256	310	1350
165.335	12257	306	1350
165.338	12258	308	1350
165.34	12259	304	1350
165.342	12260	306	1350
165.353	12261	312	1350
165.355	12262	315	1350
165.357	12263	311	1350
165.36	12264	313	1350
165.371	12265	308	1350
165.373	12266	310	1350
165.379	12267	311	1350
165.382	12268	313	1350
165.388	12269	314	1350
165.391	12270	316	1350
165.406	12271	312	1350
165.408	12272	315	1350
165.415	12273	315	1350
165.417	12274	318	1350
165.419	12275	314	1350
165.421	12276	316	1350
165.437	12277	316	1350
165.439	12278	319	1350
165.441	12279	315	1350
165.444	12280	317	1350
165.455	12281	323	1350
165.457	12282	325	1350
165.472	12283	312	1350
165.474	12284	314	1350
165.485	12285	319	1350
165.488	12286	321	1350
165.494	12287	323	1350
165.496	12288	325	1350
165.499	12289	321	1350
165.501	12290	323	1350
165.512	12291	321	1350
165.514	12292	324	1350
165.521	12293	324	1350
165.523	12294	326	1350
165.534	12295	332	1350
165.536	12296	334	1350
165.556	12297	326	1350
165.558	12298	328	1350
165.565	12299	328	1350
165.567	12300	331	1350
165.578	12301	335	1350
165.58	12302	337	1350
165.591	12303	330	1350
165.594	12304	332	1350
165.6	12305	333	1350
165.602	12306	335	1350
165.614	12307	339	1350
165.616	12308	341	1350
165.627	12309	338	1350
165.629	12310	340	1350
165.636	12311	341	1350
165.638	12312	343	1350
165.653	12313	339	1350
165.655	12314	341	1350
165.658	12315	336	1350
165.66	12316	338	1350
165.68	12317	338	1350
165.682	12318	340	1350
165.684	12319	337	1350
165.686	12320	339	1350
165.693	12321	339	1350
165.695	12322	341	1350
165.702	12323	341	1350
165.704	12324	344	1350
165.715	12325	339	1350
165.717	12326	341	1350
165.724	12327	340	1350
165.726	12328	343	1350
165.733	12329	343	1350
165.735	12330	345	1350
165.742	12331	339	1350
165.744	12332	341	1350
165.755	12333	345	1350
165.757	12334	348	1350
165.759	12335	343	1350
165.761	12336	345	1350
165.777	12337	343	1350
165.779	12338	346	1350
165.781	12339	341	1350
165.784	12340	343	1350
165.795	12341	347	1350
165.797	12342	349	1350
165.808	12343	347	1350
165.81	12344	350	1350
165.812	12345	345	1350
165.814	12346	347	1350
165.821	12347	347	1350
165.823	12348	349	1350
165.83	12349	348	1350
165.832	12350	351	1350
165.839	12351	350	1350
165.845	12352	350	1350
165.848	12353	352	1350
165.854	12354	352	1350
165.856	12355	354	1350
165.863	12356	354	1350
165.865	12357	356	1350
165.881	12358	349	1350
165.883	12359	351	1350
165.885	12360	347	1350
165.887	12361	349	1350
165.898	12362	353	1350
165.901	12363	355	1350
165.912	12364	350	1350
165.914	12365	352	1350
165.916	12366	347	1350
165.918	12367	349	1350
165.929	12368	353	1350
165.931	12369	355	1350
165.947	12370	349	1350
165.949	12371	352	1350
165.956	12372	351	1350
165.958	12373	353	1350
165.969	12374	358	1350
165.971	12375	360	1350
165.978	12376	354	1350
165.98	12377	357	1350
165.987	12378	355	1350
165.989	12379	357	1350
166	12380	361	1350
166.002	12381	364	1350
166.013	12382	354	1350
166.015	12383	356	1350
166.026	12384	360	1350
166.029	12385	362	1350
166.044	12386	354	1350
166.046	12387	356	1350
166.053	12388	355	1350
166.055	12389	358	1350
166.071	12390	354	1350
166.073	12391	356	1350
166.084	12392	359	1350
166.086	12393	362	1350
166.088	12394	357	1350
166.09	12395	359	1350
166.11	12396	359	1350
166.113	12397	361	1350
166.115	12398	355	1350
166.117	12399	357	1350
166.137	12400	358	1350
166.139	12401	361	1350
166.141	12402	355	1350
166.143	12403	357	1350
166.163	12404	359	1350
166.166	12405	361	1350
166.172	12406	360	1350
166.174	12407	362	1350
166.181	12408	360	1350
166.183	12409	363	1350
166.19	12410	361	1350
166.192	12411	364	1350
166.203	12412	363	1350
166.205	12413	365	1350
166.212	12414	364	1350
166.214	12415	367	1350
166.221	12416	365	1350
166.223	12417	367	1350
166.234	12418	367	1350
166.236	12419	370	1350
166.243	12420	368	1350
166.245	12421	371	1350
166.252	12422	369	1350
166.254	12423	371	1350
166.274	12424	372	1350
166.276	12425	374	1350
166.278	12426	369	1350
166.28	12427	371	1350
166.291	12428	374	1350
166.294	12429	376	1350
166.296	12430	370	1350
166.307	12431	374	1350
166.309	12432	377	1350
166.32	12433	380	1350
166.322	12434	382	1350
166.324	12435	376	1350
166.327	12436	378	1350
166.338	12437	381	1350
166.34	12438	383	1350
166.342	12439	379	1350
166.344	12440	381	1350
166.355	12441	383	1350
166.358	12442	385	1350
166.364	12443	384	1350
166.366	12444	386	1350
166.375	12445	385	1350
166.377	12446	387	1350
166.384	12447	386	1350
166.386	12448	388	1350
166.393	12449	386	1350
166.404	12450	380	1350
166.406	12451	383	1350
166.417	12452	386	1350
166.419	12453	388	1350
166.422	12454	382	1350
166.424	12455	384	1350
166.437	12456	383	1350
166.439	12457	385	1350
166.444	12458	381	1350
166.446	12459	383	1350
166.464	12460	383	1350
166.466	12461	385	1350
166.468	12462	380	1350
166.47	12463	382	1350
166.481	12464	384	1350
166.483	12465	386	1350
166.495	12466	383	1350
166.497	12467	385	1350
166.503	12468	384	1350
166.506	12469	386	1350
166.519	12470	380	1350
166.521	12471	383	1350
166.528	12472	381	1350
166.53	12473	383	1350
166.55	12474	380	1350
166.552	12475	382	1350
166.559	12476	381	1350
166.561	12477	383	1350
166.576	12478	381	1350
166.578	12479	383	1350
166.585	12480	382	1350
166.587	12481	384	1350
166.594	12482	381	1350
166.596	12483	384	1350
166.616	12484	380	1350
166.618	12485	383	1350
166.625	12486	381	1350
166.627	12487	383	1350
166.642	12488	381	1350
166.645	12489	383	1350
166.651	12490	381	1350
166.653	12491	383	1350
166.669	12492	380	1350
166.671	12493	383	1350
166.678	12494	381	1350
166.68	12495	383	1350
166.687	12496	382	1350
166.689	12497	384	1350
166.695	12498	381	1350
166.698	12499	383	1350
166.709	12500	385	1350
166.711	12501	387	1350
166.718	12502	386	1350
166.72	12503	388	1350
166.729	12504	383	1350
166.731	12505	385	1350
166.737	12506	383	1350
166.74	12507	385	1350
166.746	12508	384	1350
166.748	12509	386	1350
166.759	12510	383	1350
166.762	12511	385	1350
166.771	12512	385	1350
166.773	12513	387	1350
166.784	12514	380	1350
166.786	12515	382	1350
166.793	12516	381	1350
166.795	12517	383	1350
166.801	12518	382	1350
166.804	12519	384	1350
166.815	12520	383	1350
166.817	12521	385	1350
166.826	12522	385	1350
166.828	12523	387	1350
166.83	12524	382	1350
166.832	12525	384	1350
166.841	12526	379	1350
166.843	12527	381	1350
166.846	12528	374	1350
166.848	12529	376	1350
166.859	12530	379	1350
166.861	12531	382	1350
166.868	12532	378	1350
166.87	12533	380	1350
166.879	12534	381	1350
166.881	12535	383	1350
166.892	12536	385	1350
166.894	12537	388	1350
166.905	12538	387	1350
166.907	12540	381	1350
166.91	12541	383	1350
166.923	12542	378	1350
166.925	12543	381	1350
166.936	12544	383	1350
166.938	12545	385	1350
166.945	12546	383	1350
166.947	12547	386	1350
166.952	12548	380	1350
166.954	12549	382	1350
166.96	12550	381	1350
166.963	12551	383	1350
166.974	12552	385	1350
166.978	12553	372	1350
166.98	12554	374	1350
166.991	12555	377	1350
166.994	12556	379	1350
167	12557	377	1350
167.002	12558	379	1350
167.02	12559	377	1350
167.022	12560	379	1350
167.027	12561	374	1350
167.029	12562	376	1350
167.044	12563	370	1350
167.047	12564	372	1350
167.058	12565	374	1350
167.06	12566	376	1350
167.071	12567	369	1350
167.073	12568	372	1350
167.084	12569	375	1350
167.086	12570	377	1350
167.093	12571	374	1350
167.095	12572	377	1350
167.111	12573	369	1350
167.113	12574	371	1350
167.122	12575	372	1350
167.124	12576	374	1350
167.13	12577	372	1350
167.137	12578	370	1350
167.139	12579	372	1350
167.15	12580	374	1350
167.152	12581	376	1350
167.164	12582	369	1350
167.166	12583	371	1350
167.172	12584	370	1350
167.175	12585	372	1350
167.181	12586	370	1350
167.183	12587	372	1350
167.19	12588	370	1350
167.192	12589	372	1350
167.203	12590	374	1350
167.205	12591	376	1350
167.208	12592	370	1350
167.21	12593	372	1350
167.228	12594	374	1350
167.23	12595	376	1350
167.232	12596	369	1350
167.234	12597	372	1350
167.243	12598	373	1350
167.245	12599	375	1350
167.247	12600	368	1350
167.258	12601	372	1350
167.261	12602	374	1350
167.267	12603	372	1350
167.27	12604	374	1350
167.276	12605	373	1350
167.285	12606	367	1350
167.287	12607	370	1350
167.294	12608	367	1350
167.296	12609	370	1350
167.298	12610	364	1350
167.3	12611	366	1350
167.311	12612	368	1350
167.318	12613	368	1350
167.32	12614	370	1350
167.329	12615	370	1350
167.331	12616	372	1350
167.338	12617	370	1350
167.34	12618	373	1350
167.351	12619	375	1350
167.353	12620	377	1350
167.356	12621	371	1350
167.358	12622	373	1350
167.369	12623	375	1350
167.371	12624	378	1350
167.378	12625	375	1350
167.38	12626	377	1350
167.382	12627	373	1350
167.384	12628	375	1350
167.391	12629	371	1350
167.393	12630	374	1350
167.404	12631	377	1350
167.406	12632	379	1350
167.428	12633	367	1350
167.431	12634	369	1350
167.442	12635	370	1350
167.444	12636	372	1350
167.455	12637	373	1350
167.457	12638	376	1350
167.464	12639	372	1350
167.466	12640	375	1350
167.477	12641	376	1350
167.479	12642	378	1350
167.49	12643	374	1350
167.493	12644	376	1350
167.504	12645	377	1350
167.519	12646	374	1350
167.521	12647	376	1350
167.532	12648	377	1350
167.534	12649	379	1350
167.548	12650	376	1350
167.55	12651	378	1350
167.557	12652	375	1350
167.559	12653	377	1350
167.57	12654	371	1350
167.572	12655	374	1350
167.583	12656	375	1350
167.585	12657	377	1350
167.605	12658	370	1350
167.607	12659	372	1350
167.614	12660	368	1350
167.616	12661	371	1350
167.627	12662	365	1350
167.629	12663	367	1350
167.64	12664	368	1350
167.643	12665	370	1350
167.654	12666	365	1350
167.656	12667	367	1350
167.663	12668	364	1350
167.665	12669	366	1350
167.671	12670	363	1350
167.678	12671	362	1350
167.68	12672	365	1350
167.687	12673	361	1350
167.689	12674	364	1350
167.696	12675	361	1350
167.716	12676	363	1350
167.718	12677	365	1350
167.72	12678	357	1350
167.722	12679	360	1350
167.733	12680	361	1350
167.735	12681	363	1350
167.742	12682	359	1350
167.744	12683	361	1350
167.751	12684	357	1350
167.753	12685	360	1350
167.769	12686	358	1350
167.771	12687	360	1350
167.777	12688	358	1350
167.78	12689	360	1350
167.786	12690	357	1350
167.797	12691	361	1350
167.799	12692	363	1350
167.806	12693	360	1350
167.808	12694	362	1350
167.824	12695	360	1350
167.826	12696	362	1350
167.833	12697	360	1350
167.835	12698	362	1350
167.837	12699	354	1350
167.839	12700	357	1350
167.85	12701	357	1350
167.852	12702	359	1350
167.863	12703	360	1350
167.866	12704	362	1350
167.872	12705	359	1350
167.875	12706	361	1350
167.881	12707	358	1350
167.883	12708	360	1350
167.89	12709	356	1350
167.892	12710	359	1350
167.903	12711	361	1350
167.905	12712	363	1350
167.916	12713	364	1350
167.928	12714	361	1350
167.93	12715	363	1350
167.936	12716	360	1350
167.939	12717	362	1350
167.95	12718	364	1350
167.952	12719	366	1350
167.958	12720	363	1350
167.965	12721	363	1350
167.967	12722	365	1350
167.978	12723	367	1350
167.98	12724	369	1350
167.987	12725	366	1350
167.994	12726	365	1350
167.996	12727	367	1350
168.007	12728	368	1350
168.018	12729	361	1350
168.02	12730	363	1350
168.031	12731	365	1350
168.033	12732	367	1350
168.04	12733	364	1350
168.047	12734	363	1350
168.049	12735	365	1350
168.06	12736	366	1350
168.062	12737	369	1350
168.069	12738	366	1350
168.08	12739	369	1350
168.082	12740	372	1350
168.089	12741	369	1350
168.104	12742	365	1350
168.106	12743	367	1350
168.117	12744	369	1350
168.12	12745	371	1350
168.131	12746	365	1350
168.133	12747	367	1350
168.144	12748	369	1350
168.146	12749	372	1350
168.148	12750	364	1350
168.151	12751	366	1350
168.162	12752	365	1350
168.164	12753	367	1350
168.175	12754	369	1350
168.177	12755	372	1350
168.188	12756	374	1350
168.19	12757	376	1350
168.197	12758	373	1350
168.208	12759	367	1350
168.21	12760	370	1350
168.221	12761	372	1350
168.223	12762	374	1350
168.23	12763	371	1350
168.232	12764	374	1350
168.239	12765	371	1350
168.241	12766	374	1350
168.252	12767	375	1350
168.254	12768	377	1350
168.265	12769	372	1350
168.268	12770	374	1350
168.279	12771	376	1350
168.281	12772	378	1350
168.287	12773	376	1350
168.294	12774	372	1350
168.296	12775	374	1350
168.307	12776	376	1350
168.309	12777	378	1350
168.321	12778	380	1350
168.323	12779	374	1350
168.325	12780	376	1350
168.336	12781	378	1350
168.338	12782	381	1350
168.349	12783	383	1350
168.351	12784	385	1350
168.354	12785	378	1350
168.356	12786	380	1350
168.367	12787	382	1350
168.369	12788	385	1350
168.38	12789	387	1350
168.382	12790	389	1350
168.389	12791	382	1350
168.391	12792	385	1350
168.402	12793	387	1350
168.404	12795	381	1350
168.407	12796	383	1350
168.424	12797	383	1350
168.427	12798	385	1350
168.429	12799	378	1350
168.431	12800	380	1350
168.442	12801	382	1350
168.444	12802	385	1350
168.455	12803	381	1350
168.457	12804	383	1350
168.468	12805	385	1350
168.471	12806	387	1350
168.477	12807	385	1350
168.488	12808	385	1350
168.491	12809	387	1350
168.497	12810	385	1350
168.499	12811	387	1350
168.504	12812	383	1350
168.515	12813	382	1350
168.517	12814	385	1350
168.524	12815	383	1350
168.526	12816	385	1350
168.541	12817	383	1350
168.544	12818	385	1350
168.55	12819	383	1350
168.552	12820	385	1350
168.559	12821	382	1350
168.57	12822	385	1350
168.572	12823	387	1350
168.579	12824	385	1350
168.581	12825	388	1350
168.585	12826	383	1350
168.597	12827	383	1350
168.599	12828	385	1350
168.605	12829	383	1350
168.621	12830	378	1350
168.623	12831	381	1350
168.634	12832	383	1350
168.636	12833	385	1350
168.647	12834	379	1350
168.65	12835	381	1350
168.656	12836	379	1350
168.658	12837	381	1350
168.669	12838	383	1350
168.672	12839	385	1350
168.683	12840	383	1350
168.685	12841	385	1350
168.687	12842	379	1350
168.689	12843	381	1350
168.7	12844	383	1350
168.711	12845	378	1350
168.714	12846	380	1350
168.725	12847	383	1350
168.727	12848	385	1350
168.733	12849	383	1350
168.736	12850	385	1350
168.74	12851	381	1350
168.751	12852	388	1350
168.753	12854	381	1350
168.756	12855	383	1350
168.771	12856	380	1350
168.773	12857	383	1350
168.784	12858	385	1350
168.786	12859	387	1350
168.789	12860	381	1350
168.804	12861	385	1350
168.806	12862	387	1350
168.813	12863	385	1350
168.815	12864	388	1350
168.826	12865	381	1350
168.828	12866	383	1350
168.839	12867	385	1350
168.842	12868	387	1350
168.844	12869	380	1350
168.857	12870	383	1350
168.859	12871	385	1350
168.866	12872	382	1350
168.868	12873	385	1350
168.873	12874	381	1350
168.875	12875	383	1350
168.886	12876	381	1350
168.888	12877	383	1350
168.899	12878	386	1350
168.901	12879	388	1350
168.908	12880	386	1350
168.91	12881	389	1350
168.912	12882	382	1350
168.914	12883	384	1350
168.93	12884	376	1350
168.932	12885	379	1350
168.939	12886	374	1350
168.941	12887	376	1350
168.948	12888	367	1350
168.95	12889	369	1350
168.961	12890	370	1350
168.963	12891	373	1350
168.979	12892	365	1350
168.981	12893	367	1350
168.992	12894	368	1350
168.994	12895	370	1350
169.005	12896	366	1350
169.007	12897	368	1350
169.012	12898	361	1350
169.014	12899	363	1350
169.025	12900	358	1350
169.027	12901	361	1350
169.038	12902	362	1350
169.04	12903	364	1350
169.051	12904	356	1350
169.054	12905	358	1350
169.06	12906	355	1350
169.062	12907	357	1350
169.073	12908	352	1350
169.076	12909	354	1350
169.082	12910	350	1350
169.084	12911	352	1350
169.096	12912	347	1350
169.098	12913	349	1350
169.104	12914	346	1350
169.115	12915	341	1350
169.118	12916	343	1350
169.129	12917	343	1350
169.131	12918	345	1350
169.146	12919	339	1350
169.149	12920	341	1350
169.155	12921	337	1350
169.157	12922	339	1350
169.168	12923	340	1350
169.175	12924	339	1350
169.177	12925	341	1350
169.188	12926	342	1350
169.19	12927	344	1350
169.202	12928	344	1350
169.204	12929	346	1350
169.21	12930	343	1350
169.213	12931	345	1350
169.219	12932	341	1350
169.221	12933	343	1350
169.248	12934	338	1350
169.25	12935	341	1350
169.257	12936	337	1350
169.259	12937	339	1350
169.274	12938	336	1350
169.277	12939	338	1350
169.288	12940	339	1350
169.29	12941	341	1350
169.301	12942	336	1350
169.303	12943	339	1350
169.316	12944	342	1350
169.319	12945	344	1350
169.327	12946	337	1350
169.33	12947	339	1350
169.336	12948	335	1350
169.338	12949	337	1350
169.345	12950	334	1350
169.347	12951	336	1350
169.358	12952	334	1350
169.36	12953	336	1350
169.372	12954	337	1350
169.374	12955	339	1350
169.38	12956	336	1350
169.383	12957	338	1350
169.394	12958	338	1350
169.396	12959	340	1350
169.407	12960	341	1350
169.409	12961	344	1350
169.416	12962	340	1350
169.418	12963	342	1350
169.425	12964	339	1350
169.427	12965	341	1350
169.438	12966	342	1350
169.44	12967	344	1350
169.447	12968	341	1350
169.449	12969	343	1350
169.455	12970	339	1350
169.458	12971	341	1350
169.469	12972	342	1350
169.471	12973	344	1350
169.478	12974	341	1350
169.48	12975	343	1350
169.486	12976	340	1350
169.489	12977	339	1350
169.491	12978	341	1350
169.502	12979	339	1350
169.504	12980	342	1350
169.515	12981	339	1350
169.517	12982	341	1350
169.524	12983	337	1350
169.526	12984	340	1350
169.533	12985	336	1350
169.535	12986	338	1350
169.546	12987	338	1350
169.548	12988	341	1350
169.555	12989	337	1350
169.557	12990	340	1350
169.564	12991	336	1350
169.575	12992	334	1350
169.577	12993	336	1350
169.583	12994	333	1350
169.586	12995	335	1350
169.606	12996	334	1350
169.608	12997	336	1350
169.61	12998	328	1350
169.612	12999	331	1350
169.623	13000	333	1350
169.63	13001	329	1350
169.632	13002	332	1350
169.639	13003	329	1350
169.641	13004	331	1350
169.648	13005	328	1350
169.65	13006	330	1350
169.652	13007	332	1350
169.663	13008	329	1350
169.665	13009	332	1350
169.676	13010	333	1350
169.678	13011	332	1350
169.703	13012	330	1350
169.705	13013	332	1350
169.712	13014	329	1350
169.714	13015	331	1350
169.729	13016	330	1350
169.731	13017	332	1350
169.734	13018	325	1350
169.736	13019	327	1350
169.756	13020	330	1350
169.758	13021	332	1350
169.76	13022	325	1350
169.762	13023	327	1350
169.782	13024	330	1350
169.784	13025	332	1350
169.791	13026	330	1350
169.793	13027	332	1350
169.8	13028	329	1350
169.802	13029	332	1350
169.813	13030	330	1350
169.815	13031	332	1350
169.826	13032	334	1350
169.829	13033	336	1350
169.835	13034	334	1350
169.837	13035	336	1350
169.848	13036	330	1350
169.851	13037	332	1350
169.862	13038	334	1350
169.864	13039	336	1350
169.875	13040	337	1350
169.877	13041	340	1350
169.879	13042	333	1350
169.89	13043	341	1350
169.893	13044	343	1350
169.895	13045	335	1350
169.897	13046	338	1350
169.908	13047	339	1350
169.91	13048	341	1350
169.921	13049	341	1350
169.924	13050	343	1350
169.93	13051	341	1350
169.932	13052	343	1350
169.939	13053	340	1350
169.941	13054	343	1350
169.952	13055	341	1350
169.954	13056	343	1350
169.965	13057	345	1350
169.968	13058	347	1350
169.974	13059	345	1350
169.985	13060	345	1350
169.988	13061	347	1350
169.994	13062	345	1350
169.996	13063	347	1350
170.003	13064	345	1350
170.005	13065	347	1350
170.016	13066	345	1350
170.018	13067	347	1350
170.03	13068	349	1350
170.032	13069	351	1350
170.043	13070	353	1350
170.045	13071	345	1350
170.047	13072	348	1350
170.058	13073	350	1350
170.06	13074	352	1350
170.08	13075	350	1350
170.083	13076	352	1350
170.089	13077	350	1350
170.091	13078	352	1350
170.098	13079	349	1350
170.1	13080	352	1350
170.107	13081	349	1350
170.109	13082	352	1350
170.12	13083	354	1350
170.122	13084	356	1350
170.129	13085	353	1350
170.131	13086	356	1350
170.142	13087	354	1350
170.144	13088	356	1350
170.151	13089	354	1350
170.153	13090	357	1350
170.164	13091	359	1350
170.184	13092	357	1350
170.186	13093	359	1350
170.188	13094	352	1350
170.191	13095	354	1350
170.206	13096	352	1350
170.208	13097	354	1350
170.215	13098	351	1350
170.217	13099	354	1350
170.233	13100	352	1350
170.235	13101	354	1350
170.241	13102	352	1350
170.244	13103	354	1350
170.259	13104	352	1350
170.261	13105	354	1350
170.272	13106	356	1350
170.275	13107	358	1350
170.277	13108	352	1350
170.279	13109	355	1350
170.29	13110	357	1350
170.292	13111	359	1350
170.303	13112	361	1350
170.314	13113	361	1350
170.317	13114	363	1350
170.319	13115	356	1350
170.321	13116	358	1350
170.332	13117	361	1350
170.343	13118	357	1350
170.345	13119	359	1350
170.356	13120	361	1350
170.359	13121	363	1350
170.365	13122	361	1350
170.372	13123	356	1350
170.374	13124	358	1350
170.385	13125	361	1350
170.387	13126	363	1350
170.394	13127	361	1350
170.396	13128	364	1350
170.407	13129	361	1350
170.409	13130	363	1350
170.42	13131	365	1350
170.423	13132	367	1350
170.425	13133	361	1350
170.427	13134	363	1350
170.438	13135	360	1350
170.44	13136	363	1350
170.451	13137	365	1350
170.453	13138	367	1350
170.464	13139	370	1350
170.476	13140	365	1350
170.478	13141	367	1350
170.484	13142	365	1350
170.487	13143	367	1350
170.493	13144	365	1350
170.495	13145	367	1350
170.506	13146	365	1350
170.509	13147	367	1350
170.52	13148	369	1350
170.522	13149	371	1350
170.533	13150	365	1350
170.535	13151	368	1350
170.546	13152	370	1350
170.548	13153	372	1350
170.555	13154	370	1350
170.57	13155	365	1350
170.573	13156	367	1350
170.579	13157	365	1350
170.582	13158	367	1350
170.593	13159	369	1350
170.595	13160	371	1350
170.606	13161	374	1350
170.608	13162	377	1350
170.61	13163	370	1350
170.612	13164	372	1350
170.623	13165	374	1350
170.626	13166	376	1350
170.637	13167	369	1350
170.639	13168	371	1350
170.646	13169	369	1350
170.648	13170	371	1350
170.659	13171	373	1350
170.661	13172	376	1350
170.683	13173	374	1350
170.685	13174	376	1350
170.688	13175	369	1350
170.69	13176	371	1350
170.699	13177	371	1350
170.701	13178	373	1350
170.712	13179	371	1350
170.714	13180	373	1350
170.725	13181	376	1350
170.727	13182	378	1350
170.738	13183	372	1350
170.74	13184	374	1350
170.747	13185	372	1350
170.749	13186	374	1350
170.765	13187	367	1350
170.767	13188	369	1350
170.774	13189	367	1350
170.776	13190	369	1350
170.782	13191	367	1350
170.785	13192	369	1350
170.796	13193	367	1350
170.798	13194	369	1350
170.809	13195	371	1350
170.811	13196	374	1350
170.818	13197	371	1350
170.824	13198	367	1350
170.827	13199	369	1350
170.833	13200	367	1350
170.835	13201	369	1350
170.846	13202	363	1350
170.849	13203	365	1350
170.86	13204	367	1350
170.862	13205	369	1350
170.873	13206	362	1350
170.875	13207	365	1350
170.882	13208	362	1350
170.884	13209	365	1350
170.891	13210	362	1350
170.893	13211	364	1350
170.904	13212	358	1350
170.906	13213	361	1350
170.917	13214	363	1350
170.919	13215	365	1350
170.926	13216	362	1350
170.928	13217	365	1350
170.939	13218	363	1350
170.941	13219	365	1350
170.952	13220	367	1350
170.955	13221	369	1350
170.961	13222	359	1350
170.964	13223	361	1350
170.975	13224	363	1350
170.977	13225	365	1350
170.983	13226	362	1350
170.99	13227	358	1350
170.992	13228	361	1350
171.003	13229	363	1350
171.005	13230	365	1350
171.016	13231	358	1350
171.019	13232	360	1350
171.03	13233	362	1350
171.032	13234	364	1350
171.043	13235	366	1350
171.054	13236	359	1350
171.056	13237	361	1350
171.069	13238	365	1350
171.072	13239	367	1350
171.078	13240	365	1350
171.081	13241	367	1350
171.096	13242	365	1350
171.098	13243	368	1350
171.105	13244	364	1350
171.107	13245	367	1350
171.114	13246	364	1350
171.116	13247	366	1350
171.127	13248	365	1350
171.129	13249	368	1350
171.136	13250	364	1350
171.138	13251	366	1350
171.145	13252	364	1350
171.147	13253	366	1350
171.169	13254	360	1350
171.171	13255	363	1350
171.178	13256	360	1350
171.18	13257	362	1350
171.187	13258	360	1350
171.189	13259	362	1350
171.2	13260	363	1350
171.202	13261	365	1350
171.213	13262	367	1350
171.215	13263	369	1350
171.226	13264	363	1350
171.228	13265	365	1350
171.239	13266	367	1350
171.242	13267	369	1350
171.253	13268	363	1350
171.255	13269	365	1350
171.266	13270	366	1350
171.268	13271	369	1350
171.275	13272	366	1350
171.277	13273	369	1350
171.288	13274	368	1350
171.29	13275	370	1350
171.297	13276	366	1350
171.299	13277	369	1350
171.31	13278	371	1350
171.312	13279	363	1350
171.315	13280	365	1350
171.326	13281	367	1350
171.328	13282	369	1350
171.339	13283	370	1350
171.341	13284	373	1350
171.352	13285	368	1350
171.354	13286	370	1350
171.357	13287	362	1350
171.359	13288	364	1350
171.37	13289	366	1350
171.372	13290	368	1350
171.379	13291	363	1350
171.381	13292	365	1350
171.392	13293	366	1350
171.394	13294	369	1350
171.405	13295	363	1350
171.407	13296	365	1350
171.41	13297	358	1350
171.412	13298	360	1350
171.423	13299	362	1350
171.425	13300	364	1350
171.436	13301	359	1350
171.438	13302	361	1350
171.445	13303	358	1350
171.447	13304	361	1350
171.454	13305	357	1350
171.456	13306	359	1350
171.467	13307	358	1350
171.469	13308	361	1350
171.471	13309	354	1350
171.474	13310	356	1350
171.485	13311	357	1350
171.496	13312	354	1350
171.498	13313	356	1350
171.504	13314	354	1350
171.507	13315	356	1350
171.522	13316	354	1350
171.524	13317	356	1350
171.531	13318	353	1350
171.546	13319	352	1350
171.549	13320	354	1350
171.555	13321	352	1350
171.557	13322	354	1350
171.568	13323	347	1350
171.571	13324	349	1350
171.582	13325	351	1350
171.584	13326	353	1350
171.595	13327	355	1350
171.597	13328	358	1350
171.608	13329	357	1350
171.61	13330	359	1350
171.613	13331	351	1350
171.615	13332	353	1350
171.626	13333	355	1350
171.628	13334	358	1350
171.648	13335	354	1350
171.65	13336	357	1350
171.657	13337	353	1350
171.659	13338	356	1350
171.666	13339	353	1350
171.668	13340	355	1350
171.679	13341	354	1350
171.681	13342	357	1350
171.688	13343	353	1350
171.69	13344	355	1350
171.71	13345	358	1350
171.712	13346	361	1350
171.714	13347	354	1350
171.716	13348	356	1350
171.736	13349	359	1350
171.739	13350	361	1350
171.741	13351	353	1350
171.743	13352	355	1350
171.754	13353	357	1350
171.756	13354	360	1350
171.772	13355	358	1350
171.774	13356	360	1350
171.78	13357	358	1350
171.783	13358	360	1350
171.789	13359	358	1350
171.792	13360	360	1350
171.803	13361	362	1350
171.805	13362	364	1350
171.816	13363	365	1350
171.818	13364	367	1350
171.829	13365	363	1350
171.831	13366	365	1350
171.842	13367	367	1350
171.844	13368	369	1350
171.847	13369	362	1350
171.858	13370	363	1350
171.86	13371	365	1350
171.871	13372	366	1350
171.873	13373	369	1350
171.88	13374	366	1350
171.882	13375	369	1350
171.897	13376	367	1350
171.9	13377	369	1350
171.906	13378	367	1350
171.909	13379	369	1350
171.92	13380	371	1350
171.922	13381	373	1350
171.933	13382	371	1350
171.935	13383	374	1350
171.937	13384	367	1350
171.939	13385	369	1350
171.95	13386	371	1350
171.953	13387	373	1350
171.964	13388	371	1350
171.966	13389	373	1350
171.973	13390	371	1350
171.975	13391	373	1350
171.986	13392	375	1350
171.992	13393	372	1350
171.995	13394	374	1350
172.001	13395	372	1350
172.003	13396	374	1350
172.023	13397	376	1350
172.026	13398	378	1350
172.028	13399	371	1350
172.03	13400	373	1350
172.045	13401	372	1350
172.048	13402	374	1350
172.054	13403	372	1350
172.056	13404	374	1350
172.067	13405	375	1350
172.079	13406	372	1350
172.081	13407	374	1350
172.087	13408	372	1350
172.09	13409	374	1350
172.101	13410	375	1350
172.103	13411	377	1350
172.114	13412	379	1350
172.116	13413	377	1350
172.118	13414	379	1350
172.129	13415	380	1350
172.145	13416	371	1350
172.147	13417	373	1350
172.154	13418	371	1350
172.156	13419	373	1350
172.167	13420	375	1350
172.169	13421	378	1350
172.18	13422	377	1350
172.182	13423	379	1350
172.189	13424	375	1350
172.191	13425	378	1350
172.211	13426	377	1350
172.213	13427	379	1350
172.215	13428	372	1350
172.218	13429	374	1350
172.238	13430	376	1350
172.24	13431	378	1350
172.246	13432	376	1350
172.249	13433	378	1350
172.255	13434	376	1350
172.257	13435	378	1350
172.273	13436	376	1350
172.275	13437	379	1350
172.282	13438	376	1350
172.284	13439	378	1350
172.291	13440	376	1350
172.293	13441	378	1350
172.304	13442	376	1350
172.306	13443	378	1350
172.317	13444	381	1350
172.319	13445	383	1350
172.33	13446	376	1350
172.332	13447	378	1350
172.344	13448	380	1350
172.346	13449	382	1350
172.352	13450	380	1350
172.363	13451	381	1350
172.366	13452	383	1350
172.372	13453	381	1350
172.374	13454	383	1350
172.381	13455	380	1350
172.383	13456	382	1350
172.403	13457	381	1350
172.405	13458	383	1350
172.416	13459	385	1350
172.419	13460	387	1350
172.421	13461	380	1350
172.423	13462	382	1350
172.438	13463	381	1350
172.441	13464	383	1350
172.452	13465	384	1350
172.454	13466	386	1350
172.456	13467	380	1350
172.458	13468	382	1350
172.469	13469	381	1350
172.472	13470	383	1350
172.483	13471	384	1350
172.485	13472	386	1350
172.491	13473	384	1350
172.498	13474	381	1350
172.5	13475	383	1350
172.511	13476	385	1350
172.514	13477	387	1350
172.529	13478	380	1350
172.531	13479	383	1350
172.533	13480	376	1350
172.536	13481	378	1350
172.547	13482	380	1350
172.549	13483	382	1350
172.555	13484	376	1350
172.558	13485	378	1350
172.569	13486	380	1350
172.571	13487	382	1350
172.582	13488	376	1350
172.584	13489	379	1350
172.591	13490	375	1350
172.593	13491	378	1350
172.604	13492	380	1350
172.615	13493	377	1350
172.617	13494	379	1350
172.619	13495	371	1350
172.622	13496	373	1350
172.633	13497	375	1350
172.639	13498	370	1350
172.642	13499	372	1350
172.653	13500	373	1350
172.655	13501	375	1350
172.661	13502	373	1350
172.664	13503	375	1350
172.675	13504	369	1350
172.677	13505	371	1350
172.688	13506	373	1350
172.69	13507	376	1350
172.701	13508	365	1350
172.703	13509	367	1350
172.71	13510	365	1350
172.712	13511	367	1350
172.723	13512	369	1350
172.725	13513	371	1350
172.737	13514	365	1350
172.739	13515	367	1350
172.745	13516	365	1350
172.748	13517	367	1350
172.763	13518	366	1350
172.765	13519	368	1350
172.772	13520	364	1350
172.774	13521	367	1350
172.785	13522	369	1350
172.787	13523	371	1350
172.798	13524	370	1350
172.801	13525	372	1350
172.812	13526	373	1350
172.814	13527	375	1350
172.825	13528	369	1350
172.827	13529	372	1350
172.834	13530	369	1350
172.836	13531	371	1350
172.847	13532	372	1350
172.858	13533	369	1350
172.86	13534	372	1350
172.867	13535	369	1350
172.869	13536	372	1350
172.88	13537	373	1350
172.882	13538	375	1350
172.898	13539	369	1350
172.9	13540	371	1350
172.907	13541	369	1350
172.909	13542	371	1350
172.915	13543	369	1350
172.918	13544	371	1350
172.937	13545	374	1350
172.94	13546	376	1350
172.942	13547	369	1350
172.944	13548	372	1350
172.955	13549	373	1350
172.957	13550	375	1350
172.968	13551	374	1350
172.971	13552	376	1350
172.977	13553	374	1350
172.979	13554	376	1350
172.99	13555	377	1350
172.997	13556	374	1350
172.999	13557	376	1350
173.01	13558	378	1350
173.013	13559	380	1350
173.028	13560	373	1350
173.03	13561	376	1350
173.041	13562	378	1350
173.043	13563	380	1350
173.05	13564	378	1350
173.052	13565	380	1350
173.059	13566	376	1350
173.061	13567	379	1350
173.072	13568	381	1350
173.074	13569	383	1350
173.085	13570	378	1350
173.088	13571	380	1350
173.099	13572	382	1350
173.101	13573	384	1350
173.107	13574	382	1350
173.119	13575	378	1350
173.121	13576	380	1350
173.13	13577	380	1350
173.132	13578	382	1350
173.143	13579	384	1350
173.145	13580	387	1350
173.152	13581	383	1350
173.154	13582	385	1350
173.163	13583	385	1350
173.165	13584	387	1350
173.172	13585	385	1350
173.174	13586	387	1350
173.183	13587	383	1350
173.185	13588	385	1350
173.196	13589	386	1350
173.198	13590	388	1350
173.209	13591	383	1350
173.211	13592	385	1350
173.218	13593	382	1350
173.22	13594	385	1350
173.227	13595	382	1350
173.229	13596	384	1350
173.24	13597	378	1350
173.242	13598	381	1350
173.244	13599	374	1350
173.247	13600	376	1350
173.262	13601	374	1350
173.264	13602	376	1350
173.271	13603	373	1350
173.273	13604	376	1350
173.28	13605	373	1350
173.282	13606	375	1350
173.293	13607	369	1350
173.295	13608	372	1350
173.306	13609	374	1350
173.308	13610	376	1350
173.319	13611	370	1350
173.322	13612	372	1350
173.328	13613	369	1350
173.33	13614	371	1350
173.337	13615	369	1350
173.348	13616	365	1350
173.35	13617	367	1350
173.361	13618	369	1350
173.364	13619	371	1350
173.366	13620	364	1350
173.368	13621	367	1350
173.388	13622	365	1350
173.39	13623	368	1350
173.397	13624	365	1350
173.399	13625	367	1350
173.406	13626	364	1350
173.408	13627	366	1350
173.423	13628	361	1350
173.425	13629	363	1350
173.432	13630	361	1350
173.434	13631	363	1350
173.441	13632	360	1350
173.443	13633	363	1350
173.454	13634	361	1350
173.456	13635	363	1350
173.463	13636	360	1350
173.465	13637	363	1350
173.472	13638	360	1350
173.474	13639	362	1350
173.485	13640	363	1350
173.487	13641	365	1350
173.494	13642	362	1350
173.496	13643	365	1350
173.516	13644	362	1350
173.518	13645	365	1350
173.529	13646	367	1350
173.531	13647	369	1350
173.534	13648	362	1350
173.536	13649	364	1350
173.547	13650	363	1350
173.549	13651	366	1350
173.556	13652	362	1350
173.558	13653	364	1350
173.573	13654	363	1350
173.576	13655	365	1350
173.582	13656	363	1350
173.584	13657	365	1350
173.595	13658	367	1350
173.606	13659	363	1350
173.609	13660	365	1350
173.62	13661	367	1350
173.622	13662	369	1350
173.629	13663	367	1350
173.635	13664	365	1350
173.637	13665	367	1350
173.648	13666	369	1350
173.651	13667	371	1350
173.657	13668	369	1350
173.659	13669	363	1350
173.662	13670	365	1350
173.673	13671	367	1350
173.675	13672	369	1350
173.682	13673	367	1350
173.688	13674	365	1350
173.69	13675	367	1350
173.697	13676	365	1350
173.699	13677	367	1350
173.701	13678	360	1350
173.704	13679	362	1350
173.715	13680	363	1350
173.717	13681	365	1350
173.728	13682	367	1350
173.73	13683	370	1350
173.732	13684	362	1350
173.735	13685	364	1350
173.75	13686	362	1350
173.752	13687	365	1350
173.759	13688	362	1350
173.761	13689	365	1350
173.768	13690	362	1350
173.77	13691	364	1350
173.781	13692	362	1350
173.783	13693	365	1350
173.79	13694	362	1350
173.792	13695	364	1350
173.807	13696	363	1350
173.81	13697	365	1350
173.816	13698	363	1350
173.818	13699	365	1350
173.825	13700	363	1350
173.836	13701	363	1350
173.838	13702	365	1350
173.845	13703	362	1350
173.847	13704	365	1350
173.854	13705	362	1350
173.856	13706	364	1350
173.871	13707	359	1350
173.874	13708	361	1350
173.88	13709	359	1350
173.882	13710	361	1350
173.894	13711	363	1350
173.896	13712	365	1350
173.902	13713	363	1350
173.909	13714	360	1350
173.911	13715	363	1350
173.922	13716	365	1350
173.924	13717	367	1350
173.931	13718	365	1350
173.933	13719	367	1350
173.944	13720	365	1350
173.947	13721	367	1350
173.949	13722	360	1350
173.951	13723	362	1350
173.962	13724	365	1350
173.964	13725	368	1350
173.975	13726	365	1350
173.977	13727	367	1350
173.984	13728	366	1350
173.986	13729	368	1350
174.006	13730	365	1350
174.008	13731	367	1350
174.015	13732	365	1350
174.017	13733	368	1350
174.024	13734	365	1350
174.026	13735	367	1350
174.033	13736	365	1350
174.039	13737	368	1350
174.041	13738	370	1350
174.048	13739	368	1350
174.05	13740	370	1350
174.066	13741	367	1350
174.068	13742	369	1350
174.075	13743	367	1350
174.077	13744	369	1350
174.088	13745	372	1350
174.101	13746	370	1350
174.103	13747	372	1350
174.11	13748	369	1350
174.112	13749	372	1350
174.123	13750	375	1350
174.132	13751	371	1350
174.134	13752	374	1350
174.141	13753	372	1350
174.143	13754	375	1350
174.15	13755	372	1350
174.152	13756	374	1350
174.154	13757	368	1350
174.156	13758	370	1350
174.158	13759	372	1350
174.172	13760	373	1350
174.174	13761	375	1350
174.185	13762	371	1350
174.187	13763	374	1350
174.2	13764	379	1350
174.203	13765	381	1350
174.205	13766	374	1350
174.207	13767	377	1350
174.218	13768	379	1350
174.22	13769	381	1350
174.231	13770	383	1350
174.234	13771	385	1350
174.236	13772	379	1350
174.238	13773	381	1350
174.258	13774	382	1350
174.26	13775	385	1350
174.267	13776	383	1350
174.269	13777	385	1350
174.273	13778	381	1350
174.275	13779	383	1350
174.287	13780	381	1350
174.289	13781	383	1350
174.295	13782	381	1350
174.298	13783	383	1350
174.309	13784	386	1350
174.315	13785	383	1350
174.317	13786	385	1350
174.324	13787	384	1350
174.326	13788	386	1350
174.333	13789	383	1350
174.344	13790	382	1350
174.346	13791	385	1350
174.353	13792	383	1350
174.355	13793	385	1350
174.362	13794	384	1350
174.364	13795	386	1350
174.379	13796	383	1350
174.381	13797	385	1350
174.384	13798	379	1350
174.386	13799	381	1350
174.393	13800	379	1350
174.395	13801	381	1350
174.406	13802	384	1350
174.408	13803	380	1350
174.41	13804	383	1350
174.421	13805	386	1350
174.423	13806	388	1350
174.43	13807	386	1350
174.441	13808	385	1350
174.443	13809	387	1350
174.446	13810	381	1350
174.448	13811	383	1350
174.459	13812	386	1350
174.461	13813	388	1350
174.47	13814	382	1350
174.472	13815	385	1350
174.479	13816	383	1350
174.481	13817	385	1350
174.487	13818	384	1350
174.49	13819	386	1350
174.501	13820	389	1350
174.512	13822	378	1350
174.514	13823	380	1350
174.521	13824	379	1350
174.523	13825	381	1350
174.534	13826	384	1350
174.536	13827	387	1350
174.547	13828	383	1350
174.549	13829	385	1350
174.56	13830	388	1350
174.571	13832	381	1350
174.574	13833	383	1350
174.587	13834	387	1350
174.589	13836	382	1350
174.591	13837	384	1350
174.602	13838	376	1350
174.604	13839	378	1350
174.616	13840	381	1350
174.618	13841	383	1350
174.629	13842	386	1350
174.64	13843	382	1350
174.642	13844	385	1350
174.644	13845	379	1350
174.646	13846	381	1350
174.657	13847	384	1350
174.66	13848	386	1350
174.664	13849	383	1350
174.666	13850	385	1350
174.675	13851	386	1350
174.677	13852	388	1350
174.684	13853	386	1350
174.686	13854	389	1350
174.688	13855	378	1350
174.691	13856	380	1350
174.699	13857	381	1350
174.702	13858	383	1350
174.713	13859	386	1350
174.715	13860	388	1350
174.726	13861	382	1350
174.728	13862	385	1350
174.735	13863	383	1350
174.737	13864	385	1350
174.744	13865	384	1350
174.746	13866	386	1350
174.763	13867	381	1350
174.766	13868	383	1350
174.772	13869	381	1350
174.775	13870	383	1350
174.781	13871	382	1350
174.783	13872	384	1350
174.786	13873	378	1350
174.792	13874	381	1350
174.794	13875	383	1350
174.797	13876	377	1350
174.799	13877	379	1350
174.805	13878	378	1350
174.812	13879	372	1350
174.814	13880	374	1350
174.816	13881	368	1350
174.819	13882	370	1350
174.825	13883	369	1350
174.827	13884	371	1350
174.834	13885	365	1350
174.836	13886	367	1350
174.839	13887	361	1350
174.841	13888	363	1350
174.847	13889	362	1350
174.85	13890	364	1350
174.856	13891	352	1350
174.859	13892	354	1350
174.861	13893	348	1350
174.863	13894	350	1350
174.865	13895	345	1350
174.867	13896	347	1350
174.87	13897	339	1350
174.872	13898	341	1350
174.874	13899	335	1350
174.876	13900	338	1350
174.878	13901	332	1350
174.881	13902	334	1350
174.883	13903	328	1350
174.885	13904	319	1350
174.887	13905	321	1350
174.889	13906	315	1350
174.892	13907	317	1350
174.894	13908	311	1350
174.896	13909	314	1350
174.898	13910	304	1350
174.9	13911	306	1350
174.903	13912	300	1350
174.905	13913	302	1350
174.907	13914	297	1350
174.909	13915	299	1350
174.912	13916	293	1350
174.914	13917	295	1350
174.916	13918	289	1350
174.918	13919	292	1350
174.92	13920	262	1350
174.923	13921	264	1350
174.925	13922	256	1350
174.927	13923	258	1350
174.929	13924	252	1350
174.931	13925	254	1350
174.934	13926	247	1350
174.936	13927	246	1350
174.938	13928	247	1350
174.94	13929	238	1350
174.942	13930	238	1350
174.945	13931	204	1350
174.947	13932	206	1350
174.949	13933	199	1350
174.951	13934	184	1350
174.953	13935	186	1350
174.956	13936	179	1350
174.958	13937	181	1350
174.96	13938	175	1350
174.962	13939	177	1350
174.964	13940	164	1350
174.967	13941	166	1350
174.969	13942	159	1350
174.971	13943	162	1350
174.973	13944	154	1350
174.976	13945	156	1350
174.978	13946	149	1350
174.98	13947	151	1350
174.982	13948	145	1350
174.984	13949	147	1350
174.987	13950	133	1350
174.989	13951	135	1350
174.995	13952	133	1350
174.998	13953	135	1350
175.006	13954	118	1350
175.009	13955	120	1350
175.011	13956	113	1350
175.013	13957	116	1350
175.015	13958	108	1350
175.017	13959	110	1350
175.02	13960	102	1350
175.022	13961	104	1350
175.029	13962	102	1350
175.031	13963	105	1350
175.038	13964	102	1350
175.04	13965	104	1350
175.048	13966	102	1350
175.05	13967	104	1350
175.057	13968	102	1350
175.059	13969	105	1350
175.072	13970	108	1350
175.075	13971	110	1350
175.077	13972	103	1350
175.079	13973	106	1350
175.085	13974	102	1350
175.087	13975	105	1350
175.094	13976	103	1350
175.096	13977	105	1350
175.103	13978	102	1350
175.106	13979	104	1350
175.112	13980	102	1350
175.115	13981	104	1350
175.122	13982	102	1350
175.124	13983	104	1350
175.13	13984	102	1350
175.133	13985	104	1350
175.139	13986	103	1350
175.141	13987	105	1350
175.148	13988	102	1350
175.15	13989	105	1350
175.156	13990	102	1350
175.158	13991	104	1350
175.165	13992	102	1350
175.167	13993	104	1350
175.173	13994	102	1350
175.175	13995	105	1350
175.181	13996	102	1350
175.183	13997	105	1350
175.189	13998	103	1350
175.191	13999	105	1350
175.197	14000	102	1350
175.199	14001	104	1350
175.204	14002	102	1350
175.207	14003	104	1350
175.212	14004	103	1350
175.214	14005	105	1350
175.24	14006	122	1350
175.242	14007	125	1350
175.249	14008	124	1350
175.251	14009	127	1350
175.258	14010	125	1350
175.26	14011	127	1350
175.262	14012	123	1350
175.264	14013	125	1350
175.271	14014	124	1350
175.273	14015	127	1350
175.28	14016	126	1350
175.282	14017	128	1350
175.284	14018	125	1350
175.286	14019	127	1350
175.293	14020	126	1350
175.295	14021	129	1350
175.302	14022	128	1350
175.304	14023	131	1350
175.306	14024	127	1350
175.308	14025	129	1350
175.315	14026	129	1350
175.317	14027	131	1350
175.345	14028	152	1350
175.347	14029	155	1350
175.354	14030	154	1350
175.356	14031	157	1350
175.363	14032	157	1350
175.365	14033	159	1350
175.376	14034	164	1350
175.378	14035	167	1350
175.38	14036	163	1350
175.383	14037	165	1350
175.394	14038	170	1350
175.396	14039	172	1350
175.398	14040	168	1350
175.4	14041	171	1350
175.407	14042	171	1350
175.409	14043	174	1350
175.42	14044	179	1350
175.422	14045	181	1350
175.424	14046	177	1350
175.427	14047	179	1350
175.438	14048	184	1350
175.44	14049	186	1350
175.442	14050	183	1350
175.444	14051	185	1350
175.451	14052	185	1350
175.453	14053	188	1350
175.464	14054	194	1350
175.466	14055	196	1350
175.469	14056	192	1350
175.471	14057	194	1350
175.482	14058	200	1350
175.484	14059	203	1350
175.486	14060	199	1350
175.489	14061	201	1350
175.495	14062	202	1350
175.497	14063	204	1350
175.504	14064	205	1350
175.506	14065	208	1350
175.513	14066	209	1350
175.515	14067	212	1350
175.522	14068	212	1350
175.524	14069	214	1350
175.53	14070	216	1350
175.533	14071	218	1350
175.539	14072	220	1350
175.542	14073	222	1350
175.548	14074	223	1350
175.55	14075	225	1350
175.557	14076	226	1350
175.559	14077	229	1350
175.561	14078	226	1350
175.564	14079	228	1350
175.575	14080	234	1350
175.577	14081	236	1350
175.579	14082	233	1350
175.581	14083	235	1350
175.592	14084	241	1350
175.595	14085	243	1350
175.597	14086	240	1350
175.599	14087	242	1350
175.61	14088	244	1350
175.612	14089	247	1350
175.619	14090	249	1350
175.621	14091	251	1350
175.623	14092	249	1350
175.625	14093	251	1350
175.632	14094	253	1350
175.634	14095	255	1350
175.636	14096	252	1350
175.639	14097	254	1350
175.645	14098	256	1350
175.652	14099	256	1350
175.654	14100	259	1350
175.656	14101	256	1350
175.659	14102	258	1350
175.665	14103	260	1350
175.667	14104	262	1350
175.674	14105	263	1350
175.676	14106	266	1350
175.687	14107	261	1350
175.689	14108	263	1350
175.692	14109	260	1350
175.694	14110	262	1350
175.705	14111	268	1350
175.707	14112	271	1350
175.709	14113	268	1350
175.729	14114	259	1350
175.731	14115	261	1350
175.734	14116	259	1350
175.736	14117	261	1350
175.742	14118	263	1350
175.745	14119	265	1350
175.76	14120	260	1350
175.762	14121	262	1350
175.765	14122	259	1350
175.767	14123	261	1350
175.773	14124	263	1350
175.776	14125	265	1350
175.778	14126	262	1350
175.78	14127	264	1350
175.787	14128	267	1350
175.793	14129	262	1350
175.795	14130	264	1350
175.806	14131	270	1350
175.809	14132	272	1350
175.811	14133	269	1350
175.813	14134	272	1350
175.829	14135	266	1350
175.831	14136	268	1350
175.837	14137	270	1350
175.84	14138	272	1350
175.842	14139	269	1350
175.844	14140	272	1350
175.855	14141	266	1350
175.857	14142	268	1350
175.864	14143	269	1350
175.866	14144	272	1350
175.873	14145	273	1350
175.875	14146	275	1350
175.877	14147	273	1350
175.879	14148	275	1350
175.895	14149	274	1350
175.897	14150	276	1350
175.904	14151	278	1350
175.906	14152	280	1350
175.908	14153	278	1350
175.91	14154	280	1350
175.917	14155	281	1350
175.923	14156	277	1350
175.926	14157	279	1350
175.937	14158	285	1350
175.939	14159	287	1350
175.941	14160	285	1350
175.943	14161	287	1350
175.959	14162	285	1350
175.961	14163	288	1350
175.968	14164	289	1350
175.97	14165	291	1350
175.972	14166	289	1350
175.974	14167	291	1350
175.994	14168	295	1350
175.996	14169	297	1350
175.999	14170	293	1350
176.001	14171	295	1350
176.012	14172	301	1350
176.014	14173	304	1350
176.016	14174	301	1350
176.018	14175	303	1350
176.025	14176	305	1350
176.041	14177	305	1350
176.043	14178	307	1350
176.045	14179	304	1350
176.047	14180	307	1350
176.054	14181	308	1350
176.056	14182	310	1350
176.063	14183	311	1350
176.065	14184	313	1350
176.076	14185	314	1350
176.078	14186	317	1350
176.085	14187	317	1350
176.087	14188	319	1350
176.094	14189	321	1350
176.096	14190	323	1350
176.102	14191	324	1350
176.113	14192	323	1350
176.116	14193	325	1350
176.118	14194	322	1350
176.12	14195	325	1350
176.131	14196	330	1350
176.133	14197	332	1350
176.144	14198	328	1350
176.147	14199	330	1350
176.153	14200	331	1350
176.155	14201	333	1350
176.162	14202	333	1350
176.164	14203	336	1350
176.184	14204	330	1350
176.186	14205	332	1350
176.197	14206	337	1350
176.199	14207	339	1350
176.202	14208	336	1350
176.204	14209	338	1350
176.224	14210	338	1350
176.226	14211	340	1350
176.228	14212	337	1350
176.23	14213	339	1350
176.241	14214	344	1350
176.244	14215	346	1350
176.246	14216	343	1350
176.248	14217	346	1350
176.259	14218	351	1350
176.261	14219	353	1350
176.264	14220	349	1350
176.266	14221	351	1350
176.277	14222	356	1350
176.288	14223	352	1350
176.29	14224	355	1350
176.297	14225	354	1350
176.299	14226	356	1350
176.305	14227	357	1350
176.317	14228	354	1350
176.319	14229	356	1350
176.321	14230	352	1350
176.323	14231	355	1350
176.33	14232	355	1350
176.332	14233	357	1350
176.343	14234	355	1350
176.345	14235	357	1350
176.352	14236	356	1350
176.354	14237	359	1350
176.361	14238	359	1350
176.363	14239	361	1350
176.378	14240	359	1350
176.381	14241	361	1350
176.383	14242	356	1350
176.385	14243	358	1350
176.392	14244	359	1350
176.394	14245	361	1350
176.4	14246	362	1350
176.407	14247	359	1350
176.409	14248	361	1350
176.416	14249	361	1350
176.418	14250	364	1350
176.425	14251	363	1350
176.427	14252	365	1350
176.442	14253	359	1350
176.445	14254	361	1350
176.447	14255	356	1350
176.449	14256	358	1350
176.46	14257	364	1350
176.462	14258	366	1350
176.464	14259	362	1350
176.48	14260	360	1350
176.482	14261	363	1350
176.484	14262	359	1350
176.487	14263	361	1350
176.493	14264	361	1350
176.495	14265	363	1350
176.502	14266	363	1350
176.504	14267	366	1350
176.511	14268	360	1350
176.513	14269	363	1350
176.524	14270	368	1350
176.526	14271	370	1350
176.528	14272	365	1350
176.54	14273	361	1350
176.542	14274	363	1350
176.548	14275	363	1350
176.551	14276	365	1350
176.562	14277	370	1350
176.564	14278	372	1350
176.575	14279	365	1350
176.577	14280	368	1350
176.579	14281	363	1350
176.581	14282	365	1350
176.593	14283	369	1350
176.604	14284	365	1350
176.606	14285	367	1350
176.612	14286	367	1350
176.615	14287	369	1350
176.621	14288	370	1350
176.623	14289	372	1350
176.63	14290	372	1350
176.641	14291	372	1350
176.643	14292	374	1350
176.646	14293	369	1350
176.648	14294	371	1350
176.659	14295	375	1350
176.661	14296	377	1350
176.681	14297	371	1350
176.683	14298	374	1350
176.69	14299	373	1350
176.692	14300	375	1350
176.698	14301	376	1350
176.701	14302	378	1350
176.716	14303	368	1350
176.718	14304	370	1350
176.729	14305	374	1350
176.732	14306	376	1350
176.734	14307	371	1350
176.736	14308	374	1350
176.747	14309	378	1350
176.749	14310	380	1350
176.76	14311	376	1350
176.763	14312	378	1350
176.769	14313	378	1350
176.771	14314	380	1350
176.778	14315	379	1350
176.789	14316	377	1350
176.791	14317	379	1350
176.798	14318	377	1350
176.8	14319	380	1350
176.807	14320	379	1350
176.809	14321	381	1350
176.816	14322	381	1350
176.818	14323	383	1350
176.829	14324	387	1350
176.831	14326	382	1350
176.842	14327	385	1350
176.844	14328	387	1350
176.851	14329	386	1350
176.853	14330	389	1350
176.857	14331	386	1350
176.869	14332	383	1350
176.871	14333	385	1350
176.877	14334	384	1350
176.88	14335	386	1350
176.886	14336	386	1350
176.888	14337	388	1350
176.902	14338	385	1350
176.904	14339	387	1350
176.906	14340	382	1350
176.908	14341	384	1350
176.917	14342	386	1350
176.919	14343	388	1350
176.93	14344	387	1350
176.933	14346	382	1350
176.935	14347	384	1350
176.955	14348	385	1350
176.957	14349	387	1350
176.963	14350	386	1350
176.966	14351	388	1350
176.972	14352	388	1350
176.988	14354	383	1350
176.99	14355	385	1350
176.992	14356	380	1350
176.994	14357	382	1350
177.003	14358	383	1350
177.005	14359	385	1350
177.016	14360	389	1350
177.019	14362	383	1350
177.021	14363	385	1350
177.032	14364	388	1350
177.039	14366	387	1350
177.05	14368	385	1350
177.052	14369	387	1350
177.058	14370	386	1350
177.061	14371	388	1350
177.065	14372	386	1350
177.067	14373	388	1350
177.083	14374	383	1350
177.085	14375	385	1350
177.092	14376	384	1350
177.094	14377	386	1350
177.109	14379	381	1350
177.111	14380	383	1350
177.118	14381	382	1350
177.12	14382	384	1350
177.131	14383	387	1350
177.138	14385	382	1350
177.14	14386	385	1350
177.151	14387	389	1350
177.153	14389	383	1350
177.164	14390	381	1350
177.167	14391	383	1350
177.178	14392	386	1350
177.18	14393	388	1350
177.195	14394	381	1350
177.198	14395	383	1350
177.204	14396	382	1350
177.206	14397	384	1350
177.222	14398	380	1350
177.224	14399	383	1350
177.235	14400	386	1350
177.237	14401	388	1350
177.239	14402	383	1350
177.242	14403	385	1350
177.253	14404	380	1350
177.255	14405	382	1350
177.264	14406	383	1350
177.266	14407	385	1350
177.273	14408	385	1350
177.275	14409	387	1350
177.284	14410	380	1350
177.286	14411	382	1350
177.297	14412	386	1350
177.299	14413	389	1350
177.306	14414	387	1350
177.312	14415	381	1350
177.315	14416	383	1350
177.326	14417	387	1350
177.328	14418	389	1350
177.33	14419	383	1350
177.339	14420	388	1350
177.359	14421	380	1350
177.361	14422	382	1350
177.368	14423	380	1350
177.37	14424	382	1350
177.376	14425	380	1350
177.383	14426	378	1350
177.385	14427	381	1350
177.392	14428	377	1350
177.394	14429	380	1350
177.407	14430	376	1350
177.409	14431	378	1350
177.421	14432	380	1350
177.423	14433	382	1350
177.425	14434	374	1350
177.427	14435	377	1350
177.434	14436	374	1350
177.436	14437	376	1350
177.456	14438	368	1350
177.458	14439	371	1350
177.465	14440	367	1350
177.467	14441	369	1350
177.474	14442	367	1350
177.476	14443	369	1350
177.487	14444	368	1350
177.489	14445	370	1350
177.5	14446	372	1350
177.502	14447	374	1350
177.509	14448	371	1350
177.515	14449	377	1350
177.52	14450	370	1350
177.522	14451	371	1350
177.529	14452	370	1350
177.535	14453	375	1350
177.56	14454	369	1350
177.562	14455	371	1350
177.571	14456	371	1350
177.573	14457	363	1350
177.575	14458	366	1350
177.582	14459	363	1350
177.584	14460	365	1350
177.595	14461	366	1350
177.597	14462	369	1350
177.604	14463	365	1350
177.606	14464	367	1350
177.613	14465	365	1350
177.615	14466	367	1350
177.626	14467	368	1350
177.628	14468	371	1350
177.63	14469	364	1350
177.632	14470	366	1350
177.644	14471	367	1350
177.646	14472	369	1350
177.652	14473	367	1350
177.668	14474	363	1350
177.67	14475	366	1350
177.677	14476	362	1350
177.679	14477	364	1350
177.69	14478	358	1350
177.692	14479	361	1350
177.699	14480	357	1350
177.714	14481	354	1350
177.716	14482	356	1350
177.719	14483	349	1350
177.721	14484	351	1350
177.732	14485	352	1350
177.734	14486	355	1350
177.745	14487	357	1350
177.747	14488	359	1350
177.75	14489	351	1350
177.752	14490	353	1350
177.763	14491	354	1350
177.765	14492	356	1350
177.776	14493	355	1350
177.778	14494	357	1350
177.78	14495	349	1350
177.783	14496	351	1350
177.789	14497	348	1350
177.796	14498	345	1350
177.798	14499	348	1350
177.809	14500	349	1350
177.811	14501	351	1350
177.818	14502	348	1350
177.829	14503	345	1350
177.831	14504	348	1350
177.842	14505	349	1350
177.844	14506	351	1350
177.855	14507	353	1350
177.858	14508	355	1350
177.86	14509	348	1350
177.862	14510	351	1350
177.873	14511	352	1350
177.875	14512	354	1350
177.886	14513	356	1350
177.889	14514	358	1350
177.9	14515	354	1350
177.902	14516	356	1350
177.908	14517	354	1350
177.911	14518	356	1350
177.922	14519	357	1350
177.924	14520	359	1350
177.931	14521	357	1350
177.937	14522	357	1350
177.939	14523	359	1350
177.95	14524	360	1350
177.953	14525	362	1350
177.955	14526	355	1350
177.957	14527	358	1350
177.968	14528	357	1350
177.97	14529	359	1350
177.981	14530	360	1350
177.984	14531	362	1350
177.99	14532	360	1350
178.001	14533	361	1350
178.003	14534	363	1350
178.01	14535	361	1350
178.012	14536	363	1350
178.019	14537	360	1350
178.043	14538	359	1350
178.045	14539	361	1350
178.052	14540	359	1350
178.054	14541	361	1350
178.065	14542	363	1350
178.067	14543	365	1350
178.074	14544	362	1350
178.085	14545	365	1350
178.087	14546	367	1350
178.094	14547	364	1350
178.096	14548	367	1350
178.107	14549	369	1350
178.109	14550	371	1350
178.116	14551	369	1350
178.123	14552	372	1350
178.125	14553	374	1350
178.131	14554	371	1350
178.134	14555	373	1350
178.145	14556	375	1350
178.147	14557	377	1350
178.158	14558	379	1350
178.16	14559	382	1350
178.167	14560	379	1350
178.169	14561	382	1350
178.184	14562	381	1350
178.187	14563	383	1350
178.198	14564	385	1350
178.2	14565	387	1350
178.22	14566	380	1350
178.222	14567	383	1350
178.229	14568	380	1350
178.231	14569	382	1350
178.237	14570	380	1350
178.24	14571	382	1350
178.255	14572	385	1350
178.257	14573	387	1350
178.264	14574	384	1350
178.266	14575	387	1350
178.275	14576	388	1350
178.286	14578	385	1350
178.288	14579	387	1350
178.293	14580	383	1350
178.295	14581	385	1350
178.306	14582	387	1350
178.313	14584	385	1350
178.315	14585	387	1350
178.326	14588	381	1350
178.328	14589	384	1350
178.335	14590	381	1350
178.346	14591	378	1350
178.348	14592	380	1350
178.359	14593	383	1350
178.361	14594	386	1350
178.363	14595	379	1350
178.366	14596	381	1350
178.381	14597	382	1350
178.383	14598	385	1350
178.385	14599	379	1350
178.388	14600	381	1350
178.403	14601	379	1350
178.405	14602	381	1350
178.412	14603	378	1350
178.414	14604	381	1350
178.421	14605	379	1350
178.423	14606	381	1350
178.434	14607	378	1350
178.436	14608	381	1350
178.443	14609	378	1350
178.445	14610	381	1350
178.452	14611	379	1350
178.454	14612	381	1350
178.46	14613	378	1350
178.463	14614	380	1350
178.469	14615	379	1350
178.472	14616	381	1350
178.483	14617	374	1350
178.485	14618	376	1350
178.496	14619	378	1350
178.498	14620	381	1350
178.509	14621	374	1350
178.511	14622	376	1350
178.518	14623	374	1350
178.529	14624	376	1350
178.531	14625	379	1350
178.533	14626	373	1350
178.536	14627	375	1350
178.551	14628	372	1350
178.553	14629	374	1350
178.56	14630	372	1350
178.562	14631	375	1350
178.578	14632	367	1350
178.58	14633	369	1350
178.591	14634	372	1350
178.593	14635	374	1350
178.6	14636	372	1350
178.602	14637	374	1350
178.608	14638	367	1350
178.611	14639	369	1350
178.622	14640	372	1350
178.624	14641	374	1350
178.635	14642	376	1350
178.642	14643	372	1350
178.644	14644	374	1350
178.65	14645	372	1350
178.653	14646	374	1350
178.664	14647	376	1350
178.666	14648	378	1350
178.681	14649	372	1350
178.683	14650	374	1350
178.69	14651	372	1350
178.692	14652	374	1350
178.717	14653	372	1350
178.719	14654	374	1350
178.721	14655	368	1350
178.723	14656	370	1350
178.734	14657	372	1350
178.736	14658	374	1350
178.748	14659	367	1350
178.75	14660	369	1350
178.761	14661	372	1350
178.763	14662	374	1350
178.77	14663	372	1350
178.772	14664	374	1350
178.783	14665	370	1350
178.785	14666	373	1350
178.792	14667	368	1350
178.794	14668	368	1350
178.796	14669	368	1350
178.803	14670	368	1350
178.825	14671	352	1350
178.827	14672	355	1350
178.838	14673	355	1350
178.84	14674	357	1350
178.847	14675	353	1350
178.858	14676	351	1350
178.86	14677	354	1350
178.871	14678	355	1350
178.873	14679	357	1350
178.88	14680	354	1350
178.887	14681	349	1350
178.889	14682	351	1350
178.9	14683	352	1350
178.902	14684	355	1350
178.909	14685	351	1350
178.915	14686	348	1350
178.918	14687	350	1350
178.929	14688	350	1350
178.931	14689	352	1350
178.933	14690	344	1350
178.935	14691	347	1350
178.946	14692	347	1350
178.948	14693	349	1350
178.955	14694	346	1350
178.966	14695	346	1350
178.968	14696	348	1350
178.979	14697	348	1350
178.982	14698	350	1350
178.997	14699	343	1350
178.999	14700	345	1350
179.001	14701	337	1350
179.004	14702	339	1350
179.015	14703	340	1350
179.017	14704	342	1350
179.028	14705	343	1350
179.03	14706	346	1350
179.041	14707	346	1350
179.052	14708	337	1350
179.054	14709	339	1350
179.065	14710	339	1350
179.068	14711	341	1350
179.074	14712	338	1350
179.077	14713	340	1350
179.088	14714	341	1350
179.09	14715	343	1350
179.101	14716	343	1350
179.103	14717	346	1350
179.11	14718	342	1350
179.116	14719	341	1350
179.118	14720	343	1350
179.13	14721	344	1350
179.132	14722	346	1350
179.147	14723	341	1350
179.149	14724	343	1350
179.16	14725	344	1350
179.163	14726	346	1350
179.183	14727	341	1350
179.185	14728	343	1350
179.191	14729	339	1350
179.194	14730	341	1350
179.205	14731	342	1350
179.207	14732	344	1350
179.218	14733	345	1350
179.22	14734	348	1350
179.231	14735	349	1350
179.233	14736	351	1350
179.242	14737	349	1350
179.244	14738	351	1350
179.251	14739	348	1350
179.253	14740	351	1350
179.264	14741	351	1350
179.266	14742	353	1350
179.273	14743	350	1350
179.275	14744	352	1350
179.286	14745	353	1350
179.288	14746	355	1350
179.3	14747	350	1350
179.302	14748	352	1350
179.313	14749	353	1350
179.315	14750	355	1350
179.326	14751	357	1350
179.341	14752	358	1350
179.344	14753	360	1350
179.35	14754	358	1350
179.353	14755	360	1350
179.364	14756	361	1350
179.37	14757	359	1350
179.372	14758	361	1350
179.381	14759	360	1350
179.383	14760	362	1350
179.394	14761	363	1350
179.397	14762	365	1350
179.406	14763	365	1350
179.408	14764	367	1350
179.414	14765	364	1350
179.417	14766	366	1350
179.423	14767	363	1350
179.425	14768	365	1350
179.436	14769	365	1350
179.439	14770	367	1350
179.445	14771	364	1350
179.447	14772	366	1350
179.454	14773	364	1350
179.465	14774	361	1350
179.467	14775	363	1350
179.474	14776	359	1350
179.476	14777	362	1350
179.487	14778	364	1350
179.489	14779	366	1350
179.5	14780	361	1350
179.503	14781	363	1350
179.505	14782	355	1350
179.507	14783	358	1350
179.523	14784	356	1350
179.525	14785	358	1350
179.531	14786	356	1350
179.534	14787	358	1350
179.549	14788	357	1350
179.551	14789	359	1350
179.558	14790	355	1350
179.56	14791	358	1350
179.567	14792	355	1350
179.569	14793	357	1350
179.58	14794	354	1350
179.582	14795	357	1350
179.593	14796	358	1350
179.595	14797	360	1350
179.598	14798	353	1350
179.609	14799	354	1350
179.611	14800	356	1350
179.617	14801	354	1350
179.62	14802	356	1350
179.635	14803	350	1350
179.637	14804	352	1350
179.644	14805	349	1350
179.646	14806	352	1350
179.662	14807	345	1350
179.664	14808	347	1350
179.675	14809	349	1350
179.677	14810	352	1350
179.688	14811	346	1350
179.69	14812	348	1350
179.701	14813	349	1350
179.704	14814	351	1350
179.71	14815	349	1350
179.717	14816	347	1350
179.719	14817	350	1350
179.73	14818	352	1350
179.732	14819	354	1350
179.739	14820	351	1350
179.746	14821	347	1350
179.748	14822	349	1350
179.759	14823	351	1350
179.761	14824	353	1350
179.776	14825	352	1350
179.779	14826	354	1350
179.785	14827	352	1350
179.787	14828	354	1350
179.794	14829	351	1350
179.805	14830	354	1350
179.807	14831	356	1350
179.814	14832	353	1350
179.816	14833	356	1350
179.832	14834	354	1350
179.834	14835	356	1350
179.84	14836	354	1350
179.843	14837	356	1350
179.858	14838	352	1350
179.86	14839	354	1350
179.871	14840	356	1350
179.874	14841	358	1350
179.88	14842	356	1350
179.891	14843	359	1350
179.893	14844	361	1350
179.896	14845	353	1350
179.898	14846	355	1350
179.909	14847	357	1350
179.92	14848	358	1350
179.922	14849	361	1350
179.929	14850	358	1350
179.931	14851	361	1350
179.942	14852	362	1350
179.949	14853	358	1350
179.951	14854	360	1350
179.958	14855	358	1350
179.96	14856	360	1350
179.971	14857	362	1350
179.973	14858	364	1350
179.988	14859	363	1350
179.991	14860	365	1350
179.997	14861	363	1350
179.999	14862	365	1350
180.011	14863	366	1350
180.013	14864	368	1350
180.024	14865	367	1350
180.026	14866	369	1350
180.037	14867	371	1350
180.039	14868	374	1350
180.055	14869	372	1350
180.057	14870	374	1350
180.063	14871	371	1350
180.066	14872	373	1350
180.077	14873	375	1350
180.079	14874	377	1350
180.094	14875	376	1350
180.097	14876	378	1350
180.108	14877	380	1350
180.11	14878	382	1350
180.116	14879	380	1350
180.119	14880	382	1350
180.13	14881	383	1350
180.132	14882	385	1350
180.139	14883	383	1350
180.141	14884	385	1350
180.15	14885	385	1350
180.165	14888	385	1350
180.181	14889	381	1350
180.183	14890	383	1350
180.194	14891	384	1350
180.196	14892	386	1350
180.211	14893	385	1350
180.214	14894	387	1350
180.218	14895	383	1350
180.22	14896	385	1350
180.229	14897	385	1350
180.24	14898	385	1350
180.242	14899	387	1350
180.249	14900	384	1350
180.251	14901	387	1350
180.262	14902	389	1350
180.264	14903	381	1350
180.267	14904	383	1350
180.278	14905	384	1350
180.28	14906	386	1350
180.295	14907	385	1350
180.298	14908	387	1350
180.3	14909	380	1350
180.302	14910	382	1350
180.313	14911	384	1350
180.32	14912	380	1350
180.322	14913	382	1350
180.333	14914	384	1350
180.335	14915	387	1350
180.346	14916	381	1350
180.348	14917	383	1350
180.355	14918	380	1350
180.357	14919	383	1350
180.373	14920	376	1350
180.375	14921	378	1350
180.386	14922	380	1350
180.388	14923	383	1350
180.39	14924	376	1350
180.392	14925	378	1350
180.404	14926	381	1350
180.406	14927	383	1350
180.412	14928	380	1350
180.415	14929	382	1350
180.43	14930	377	1350
180.432	14931	379	1350
180.443	14932	380	1350
180.445	14933	382	1350
180.448	14934	375	1350
180.459	14935	376	1350
180.461	14936	378	1350
180.468	14937	376	1350
180.47	14938	378	1350
180.49	14939	376	1350
180.492	14940	378	1350
180.498	14941	376	1350
180.501	14942	378	1350
180.507	14943	376	1350
180.51	14944	378	1350
180.525	14945	376	1350
180.527	14946	379	1350
180.538	14947	380	1350
180.54	14948	382	1350
180.551	14949	372	1350
180.554	14950	374	1350
180.565	14951	375	1350
180.567	14952	377	1350
180.578	14953	379	1350
180.58	14954	382	1350
180.596	14955	376	1350
180.598	14956	378	1350
180.609	14957	380	1350
180.611	14958	383	1350
180.618	14959	379	1350
180.62	14960	381	1350
180.635	14961	381	1350
180.638	14962	383	1350
180.649	14963	384	1350
180.651	14964	386	1350
180.653	14965	380	1350
180.655	14966	382	1350
180.662	14967	379	1350
180.664	14968	382	1350
180.671	14969	377	1350
180.691	14970	369	1350
180.693	14971	371	1350
180.704	14972	371	1350
180.706	14973	374	1350
180.724	14974	369	1350
180.726	14975	371	1350
180.737	14976	371	1350
180.739	14977	374	1350
180.744	14978	367	1350
180.75	14979	363	1350
180.752	14980	365	1350
180.763	14981	365	1350
180.766	14982	367	1350
180.779	14983	358	1350
180.781	14984	361	1350
180.788	14985	356	1350
180.79	14986	358	1350
180.803	14987	361	1350
180.805	14988	359	1350
180.808	14989	361	1350
180.819	14990	359	1350
180.83	14991	356	1350
180.832	14992	358	1350
180.843	14993	358	1350
180.845	14994	361	1350
180.852	14995	352	1350
180.854	14996	354	1350
180.865	14997	353	1350
180.867	14998	356	1350
180.883	14999	354	1350
180.885	15000	356	1350
180.891	15001	352	1350
180.903	15002	347	1350
180.905	15003	349	1350
180.916	15004	349	1350
180.918	15005	351	1350
180.925	15006	347	1350
180.936	15007	352	1350
180.938	15008	354	1350
180.944	15009	349	1350
180.96	15010	345	1350
180.962	15011	348	1350
180.973	15012	348	1350
180.975	15013	350	1350
180.982	15014	345	1350
180.993	15015	343	1350
180.995	15016	345	1350
181.006	15017	345	1350
181.017	15018	341	1350
181.02	15019	343	1350
181.035	15020	348	1350
181.037	15021	350	1350
181.048	15022	345	1350
181.05	15023	347	1350
181.062	15024	347	1350
181.077	15025	343	1350
181.079	15026	346	1350
181.09	15027	345	1350
181.092	15028	347	1350
181.108	15029	347	1350
181.11	15030	350	1350
181.121	15031	350	1350
181.123	15032	352	1350
181.134	15033	351	1350
181.137	15034	353	1350
181.141	15035	346	1350
181.143	15036	349	1350
181.154	15037	349	1350
181.156	15038	351	1350
181.167	15039	351	1350
181.17	15040	353	1350
181.181	15041	353	1350
181.183	15042	354	1350
181.185	15043	357	1350
181.201	15044	356	1350
181.203	15045	358	1350
181.214	15046	359	1350
181.22	15047	358	1350
181.223	15048	360	1350
181.234	15049	361	1350
181.236	15050	363	1350
181.247	15051	363	1350
181.249	15052	361	1350
181.251	15053	363	1350
181.262	15054	363	1350
181.265	15055	365	1350
181.276	15056	365	1350
181.278	15057	367	1350
181.285	15058	364	1350
181.287	15059	366	1350
181.293	15060	362	1350
181.296	15061	364	1350
181.307	15062	363	1350
181.309	15063	365	1350
181.315	15064	361	1350
181.318	15065	363	1350
181.329	15066	358	1350
181.331	15067	360	1350
181.342	15068	361	1350
181.344	15069	364	1350
181.355	15070	364	1350
181.366	15071	359	1350
181.368	15072	361	1350
181.379	15073	361	1350
181.382	15074	363	1350
181.388	15075	360	1350
181.391	15076	362	1350
181.397	15077	357	1350
181.399	15078	359	1350
181.41	15079	359	1350
181.413	15080	361	1350
181.419	15081	358	1350
181.43	15082	361	1350
181.432	15083	363	1350
181.439	15084	360	1350
181.455	15085	356	1350
181.457	15086	358	1350
181.459	15087	350	1350
181.461	15088	353	1350
181.472	15089	354	1350
181.474	15090	356	1350
181.485	15091	354	1350
181.488	15092	356	1350
181.494	15093	353	1350
181.51	15094	349	1350
181.512	15095	351	1350
181.523	15096	352	1350
181.525	15097	355	1350
181.536	15098	350	1350
181.538	15099	352	1350
181.549	15100	353	1350
181.565	15101	349	1350
181.567	15102	352	1350
181.578	15103	353	1350
181.58	15104	355	1350
181.591	15105	345	1350
181.594	15106	347	1350
181.605	15107	348	1350
181.607	15108	350	1350
181.618	15109	352	1350
181.62	15110	355	1350
181.631	15111	356	1350
181.633	15112	354	1350
181.636	15113	356	1350
181.647	15114	356	1350
181.649	15115	358	1350
181.664	15116	359	1350
181.667	15117	361	1350
181.678	15118	362	1350
181.68	15119	364	1350
181.682	15120	356	1350
181.697	15121	359	1350
181.7	15122	361	1350
181.706	15123	358	1350
181.708	15124	360	1350
181.719	15125	361	1350
181.735	15126	362	1350
181.737	15127	365	1350
181.739	15128	358	1350
181.742	15129	360	1350
181.753	15130	361	1350
181.755	15131	363	1350
181.766	15132	365	1350
181.768	15133	368	1350
181.779	15134	368	1350
181.781	15135	370	1350
181.788	15136	367	1350
181.79	15137	370	1350
181.801	15138	370	1350
181.803	15139	372	1350
181.814	15140	373	1350
181.817	15141	375	1350
181.823	15142	372	1350
181.825	15143	374	1350
181.841	15144	374	1350
181.843	15145	377	1350
181.85	15146	373	1350
181.852	15147	375	1350
181.867	15148	374	1350
181.87	15149	376	1350
181.876	15150	373	1350
181.878	15151	375	1350
181.89	15152	377	1350
181.901	15153	378	1350
181.903	15154	380	1350
181.909	15155	378	1350
181.912	15156	380	1350
181.923	15157	381	1350
181.934	15158	378	1350
181.936	15159	380	1350
181.947	15160	382	1350
181.949	15161	385	1350
181.96	15162	386	1350
181.967	15163	385	1350
181.969	15164	387	1350
181.978	15165	386	1350
181.98	15166	389	1350
181.989	15167	387	1350
182.004	15170	384	1350
182.007	15171	386	1350
182.02	15172	382	1350
182.022	15173	384	1350
182.033	15174	387	1350
182.035	15175	389	1350
182.048	15176	385	1350
182.051	15177	387	1350
182.073	15178	382	1350
182.075	15179	384	1350
182.086	15180	387	1350
182.088	15181	389	1350
182.099	15182	383	1350
182.101	15183	385	1350
182.115	15184	389	1350
182.128	15186	384	1350
182.13	15187	387	1350
182.141	15188	389	1350
182.143	15190	382	1350
182.146	15191	384	1350
182.152	15192	381	1350
182.154	15193	383	1350
182.166	15194	384	1350
182.168	15195	386	1350
182.183	15196	381	1350
182.185	15197	383	1350
182.192	15198	380	1350
182.194	15199	382	1350
182.205	15200	384	1350
182.212	15201	380	1350
182.214	15202	383	1350
182.221	15203	380	1350
182.236	15204	376	1350
182.238	15205	378	1350
182.245	15206	375	1350
182.247	15207	378	1350
182.258	15208	380	1350
182.26	15209	382	1350
182.271	15210	381	1350
182.274	15211	383	1350
182.28	15212	380	1350
182.283	15213	382	1350
182.294	15214	384	1350
182.296	15215	386	1350
182.307	15216	380	1350
182.309	15217	383	1350
182.316	15218	380	1350
182.318	15219	382	1350
182.329	15220	383	1350
182.331	15221	386	1350
182.347	15222	380	1350
182.349	15223	382	1350
182.351	15224	375	1350
182.353	15225	378	1350
182.369	15226	376	1350
182.371	15227	378	1350
182.382	15228	379	1350
182.384	15229	382	1350
182.391	15230	379	1350
182.393	15231	381	1350
182.404	15232	378	1350
182.406	15233	381	1350
182.413	15234	377	1350
182.415	15235	380	1350
182.426	15236	382	1350
182.437	15237	379	1350
182.439	15238	381	1350
182.448	15239	380	1350
182.45	15240	382	1350
182.466	15241	380	1350
182.468	15242	383	1350
182.479	15243	385	1350
182.481	15244	387	1350
182.483	15245	379	1350
182.486	15246	381	1350
182.492	15247	378	1350
182.494	15248	375	1350
182.501	15249	379	1350
182.53	15250	371	1350
182.532	15251	374	1350
182.539	15252	369	1350
182.561	15253	363	1350
182.563	15254	365	1350
182.574	15255	364	1350
182.576	15256	367	1350
182.587	15257	363	1350
182.589	15258	365	1350
182.6	15259	365	1350
182.603	15260	367	1350
182.609	15261	362	1350
182.612	15262	364	1350
182.623	15263	363	1350
182.625	15264	365	1350
182.651	15265	361	1350
182.653	15266	363	1350
182.66	15267	358	1350
182.662	15268	360	1350
182.676	15269	358	1350
182.678	15270	360	1350
182.689	15271	360	1350
182.691	15272	363	1350
182.702	15273	357	1350
182.704	15274	359	1350
182.715	15275	358	1350
182.718	15276	360	1350
182.733	15277	360	1350
182.735	15278	363	1350
182.742	15279	358	1350
182.753	15280	354	1350
182.755	15281	357	1350
182.766	15282	356	1350
182.768	15283	358	1350
182.784	15284	352	1350
182.786	15285	354	1350
182.797	15286	353	1350
182.799	15287	356	1350
182.806	15288	350	1350
182.821	15289	350	1350
182.823	15290	352	1350
182.835	15291	351	1350
182.837	15292	353	1350
182.843	15293	349	1350
182.846	15294	351	1350
182.857	15295	350	1350
182.859	15296	352	1350
182.87	15297	351	1350
182.872	15298	354	1350
182.879	15299	348	1350
182.881	15300	350	1350
182.888	15301	346	1350
182.89	15302	348	1350
182.901	15303	347	1350
182.903	15304	349	1350
182.914	15305	350	1350
182.916	15306	352	1350
182.925	15307	349	1350
182.941	15308	350	1350
182.943	15309	352	1350
182.954	15310	351	1350
182.956	15311	353	1350
182.971	15312	357	1350
182.974	15313	359	1350
182.98	15314	355	1350
182.982	15315	357	1350
182.994	15316	357	1350
182.996	15317	359	1350
183.007	15318	358	1350
183.018	15319	363	1350
183.02	15320	366	1350
183.029	15321	362	1350
183.049	15322	363	1350
183.051	15323	365	1350
183.064	15324	367	1350
183.066	15325	369	1350
183.077	15326	365	1350
183.08	15327	367	1350
183.091	15328	367	1350
183.093	15329	369	1350
183.099	15330	365	1350
183.102	15331	367	1350
183.113	15332	365	1350
183.115	15333	367	1350
183.139	15334	363	1350
183.141	15335	365	1350
183.152	15336	365	1350
183.155	15337	367	1350
183.161	15338	363	1350
183.168	15339	365	1350
183.17	15340	368	1350
183.177	15341	362	1350
183.179	15342	364	1350
183.192	15343	367	1350
183.194	15344	365	1350
183.197	15345	367	1350
183.208	15346	366	1350
183.219	15347	360	1350
183.221	15348	362	1350
183.232	15349	363	1350
183.234	15350	366	1350
183.241	15351	361	1350
183.252	15352	360	1350
183.254	15353	363	1350
183.265	15354	364	1350
183.267	15355	366	1350
183.278	15356	356	1350
183.281	15357	358	1350
183.292	15358	359	1350
183.294	15359	361	1350
183.305	15360	356	1350
183.307	15361	359	1350
183.318	15362	359	1350
183.32	15363	361	1350
183.327	15364	357	1350
183.334	15365	352	1350
183.336	15366	354	1350
183.347	15367	354	1350
183.349	15368	356	1350
183.36	15369	358	1350
183.362	15370	360	1350
183.369	15371	356	1350
183.371	15372	359	1350
183.382	15373	359	1350
183.384	15374	361	1350
183.391	15375	356	1350
183.398	15376	358	1350
183.4	15377	360	1350
183.406	15378	356	1350
183.426	15379	361	1350
183.428	15380	363	1350
183.435	15381	359	1350
183.437	15382	361	1350
183.457	15383	361	1350
183.459	15384	363	1350
183.47	15385	364	1350
183.473	15386	366	1350
183.475	15387	357	1350
183.477	15388	360	1350
183.493	15389	361	1350
183.495	15390	363	1350
183.506	15391	363	1350
183.508	15392	365	1350
183.537	15393	363	1350
183.539	15394	365	1350
183.546	15395	361	1350
183.548	15396	363	1350
183.563	15397	361	1350
183.565	15398	363	1350
183.572	15399	360	1350
183.574	15400	362	1350
183.585	15401	362	1350
183.587	15402	364	1350
183.599	15403	361	1350
183.601	15404	363	1350
183.625	15405	360	1350
183.627	15406	363	1350
183.638	15407	364	1350
183.64	15408	366	1350
183.651	15409	366	1350
183.658	15410	365	1350
183.66	15411	367	1350
183.671	15412	368	1350
183.674	15413	370	1350
183.685	15414	371	1350
183.687	15415	373	1350
183.698	15416	373	1350
183.7	15417	376	1350
183.702	15418	368	1350
183.704	15419	370	1350
183.72	15420	373	1350
183.722	15421	376	1350
183.733	15422	377	1350
183.735	15423	379	1350
183.746	15424	370	1350
183.749	15425	372	1350
183.76	15426	372	1350
183.762	15427	374	1350
183.777	15428	374	1350
183.78	15429	376	1350
183.791	15430	377	1350
183.793	15431	379	1350
183.804	15432	374	1350
183.806	15433	377	1350
183.817	15434	377	1350
183.819	15435	379	1350
183.83	15436	380	1350
183.837	15437	378	1350
183.839	15438	381	1350
183.85	15439	382	1350
183.852	15440	384	1350
183.863	15441	384	1350
183.866	15442	386	1350
183.877	15443	387	1350
183.883	15444	387	1350
183.894	15446	388	1350
183.905	15448	383	1350
183.908	15449	385	1350
183.919	15450	386	1350
183.939	15451	387	1350
183.95	15453	388	1350
183.965	15455	383	1350
183.967	15456	385	1350
183.978	15457	386	1350
183.98	15458	388	1350
183.989	15459	387	1350
183.992	15460	389	1350
184.005	15461	387	1350
184.016	15463	388	1350
184.045	15465	383	1350
184.047	15466	385	1350
184.053	15467	381	1350
184.056	15468	383	1350
184.071	15469	383	1350
184.073	15470	385	1350
184.078	15471	379	1350
184.08	15472	381	1350
184.091	15473	382	1350
184.093	15474	385	1350
184.106	15475	383	1350
184.109	15476	385	1350
184.12	15477	386	1350
184.131	15478	380	1350
184.133	15479	382	1350
184.144	15480	383	1350
184.146	15481	386	1350
184.162	15482	385	1350
184.164	15483	387	1350
184.17	15484	384	1350
184.173	15485	386	1350
184.184	15486	386	1350
184.195	15487	385	1350
184.197	15488	387	1350
184.203	15489	384	1350
184.206	15490	386	1350
184.217	15491	386	1350
184.219	15492	388	1350
184.23	15493	384	1350
184.232	15494	387	1350
184.239	15495	383	1350
184.241	15496	386	1350
184.256	15497	385	1350
184.259	15498	387	1350
184.27	15499	388	1350
184.281	15501	378	1350
184.283	15502	380	1350
184.29	15503	377	1350
184.292	15504	379	1350
184.307	15505	379	1350
184.309	15506	381	1350
184.321	15507	381	1350
184.323	15508	383	1350
184.334	15509	378	1350
184.336	15510	380	1350
184.343	15511	377	1350
184.345	15512	379	1350
184.356	15513	379	1350
184.362	15514	374	1350
184.365	15515	376	1350
184.376	15516	376	1350
184.378	15517	378	1350
184.389	15518	379	1350
184.391	15519	382	1350
184.398	15520	376	1350
184.413	15521	375	1350
184.424	15522	375	1350
184.435	15523	370	1350
184.446	15524	368	1350
184.453	15525	372	1350
184.482	15526	367	1350
184.484	15527	369	1350
184.495	15528	368	1350
184.497	15529	371	1350
184.508	15530	362	1350
184.515	15531	361	1350
184.521	15532	366	1350
184.55	15533	354	1350
184.552	15534	356	1350
184.563	15535	355	1350
184.566	15536	357	1350
184.572	15537	351	1350
184.583	15538	352	1350
184.585	15539	354	1350
184.597	15540	352	1350
184.599	15541	354	1350
184.608	15542	350	1350
184.61	15543	352	1350
184.634	15544	348	1350
184.636	15545	350	1350
184.643	15546	343	1350
184.645	15547	346	1350
184.656	15548	345	1350
184.667	15549	348	1350
184.669	15550	350	1350
184.676	15551	344	1350
184.678	15552	346	1350
184.689	15553	345	1350
184.691	15554	347	1350
184.702	15555	345	1350
184.705	15556	347	1350
184.711	15557	341	1350
184.714	15558	343	1350
184.729	15559	346	1350
184.731	15560	349	1350
184.742	15561	347	1350
184.744	15562	349	1350
184.755	15563	348	1350
184.758	15564	350	1350
184.769	15565	348	1350
184.771	15566	350	1350
184.782	15567	349	1350
184.784	15568	352	1350
184.797	15569	352	1350
184.8	15570	354	1350
184.811	15571	352	1350
184.813	15572	354	1350
184.82	15573	348	1350
184.822	15574	350	1350
184.835	15575	351	1350
184.837	15576	350	1350
184.839	15577	352	1350
184.85	15578	348	1350
184.853	15579	350	1350
184.868	15580	353	1350
184.87	15581	355	1350
184.881	15582	354	1350
184.884	15583	356	1350
184.89	15584	351	1350
184.892	15585	353	1350
184.903	15586	352	1350
184.906	15587	354	1350
184.917	15588	353	1350
184.932	15589	354	1350
184.934	15590	356	1350
184.959	15591	352	1350
184.961	15592	354	1350
184.972	15593	353	1350
184.974	15594	356	1350
184.985	15595	355	1350
184.987	15596	357	1350
185.003	15597	356	1350
185.023	15598	347	1350
185.025	15599	349	1350
185.036	15600	349	1350
185.038	15601	352	1350
185.045	15602	346	1350
185.047	15603	348	1350
185.058	15604	347	1350
185.06	15605	350	1350
185.071	15606	350	1350
185.073	15607	352	1350
185.084	15608	352	1350
185.087	15609	352	1350
185.089	15610	354	1350
185.109	15611	347	1350
185.111	15612	349	1350
185.122	15613	350	1350
185.124	15614	352	1350
185.135	15615	343	1350
185.137	15616	345	1350
185.149	15617	345	1350
185.151	15618	347	1350
185.162	15619	347	1350
185.164	15620	349	1350
185.166	15621	341	1350
185.173	15622	345	1350
185.175	15623	348	1350
185.19	15624	348	1350
185.193	15625	350	1350
185.195	15626	340	1350
185.197	15627	343	1350
185.208	15628	343	1350
185.21	15629	345	1350
185.221	15630	341	1350
185.224	15631	343	1350
185.235	15632	343	1350
185.237	15633	345	1350
185.252	15634	345	1350
185.255	15635	347	1350
185.266	15636	347	1350
185.268	15637	349	1350
185.279	15638	343	1350
185.281	15639	345	1350
185.292	15640	346	1350
185.294	15641	348	1350
185.305	15642	348	1350
185.307	15643	350	1350
185.319	15644	350	1350
185.321	15645	352	1350
185.332	15646	352	1350
185.334	15647	354	1350
185.349	15648	356	1350
185.352	15649	358	1350
185.358	15650	355	1350
185.36	15651	357	1350
185.372	15652	357	1350
185.374	15653	359	1350
185.385	15654	356	1350
185.387	15655	358	1350
185.398	15656	359	1350
185.413	15657	356	1350
185.416	15658	358	1350
185.436	15659	352	1350
185.438	15660	354	1350
185.449	15661	354	1350
185.451	15662	357	1350
185.462	15663	357	1350
185.469	15664	358	1350
185.471	15665	360	1350
185.482	15666	360	1350
185.502	15667	354	1350
185.504	15668	357	1350
185.515	15669	357	1350
185.517	15670	359	1350
185.528	15671	359	1350
185.53	15672	361	1350
185.542	15673	358	1350
185.544	15674	360	1350
185.55	15675	357	1350
185.553	15676	359	1350
185.564	15677	354	1350
185.566	15678	356	1350
185.572	15679	352	1350
185.575	15680	354	1350
185.581	15681	345	1350
185.583	15682	347	1350
185.59	15683	344	1350
185.592	15684	346	1350
185.603	15685	341	1350
185.606	15686	343	1350
185.612	15687	339	1350
185.614	15688	341	1350
185.621	15689	338	1350
185.623	15690	334	1350
185.625	15691	336	1350
185.632	15692	333	1350
185.634	15693	335	1350
185.645	15694	330	1350
185.648	15695	332	1350
185.654	15696	329	1350
185.656	15697	331	1350
185.663	15698	326	1350
185.665	15699	329	1350
185.667	15700	321	1350
185.67	15701	323	1350
185.672	15702	314	1350
185.674	15703	317	1350
185.676	15704	299	1350
185.678	15705	301	1350
185.681	15706	293	1350
185.683	15707	295	1350
185.685	15708	282	1350
185.687	15709	284	1350
185.69	15710	275	1350
185.692	15711	277	1350
185.694	15712	264	1350
185.696	15713	266	1350
185.699	15714	258	1350
185.701	15715	260	1350
185.703	15716	246	1350
185.705	15717	249	1350
185.707	15718	240	1350
185.71	15719	242	1350
185.712	15720	228	1350
185.714	15721	230	1350
185.716	15722	223	1350
185.718	15723	225	1350
185.721	15724	216	1350
185.723	15725	213	1350
185.725	15726	216	1350
185.727	15727	207	1350
185.729	15728	191	1350
185.732	15729	193	1350
185.734	15730	185	1350
185.736	15731	188	1350
185.738	15732	165	1350
185.741	15733	167	1350
185.743	15734	158	1350
185.745	15735	160	1350
185.747	15736	153	1350
185.749	15737	142	1350
185.752	15738	144	1350
185.754	15739	136	1350
185.763	15740	122	1350
185.765	15741	124	1350
185.767	15742	117	1350
185.769	15743	119	1350
185.774	15744	107	1350
185.776	15745	109	1350
185.78	15746	104	1350
185.783	15747	106	1350
185.789	15748	102	1350
185.792	15749	104	1350
185.8	15750	102	1350
185.802	15751	104	1350
185.81	15752	103	1350
185.812	15753	105	1350
185.82	15754	102	1350
185.823	15755	104	1350
185.831	15756	102	1350
185.833	15757	104	1350
185.841	15758	102	1350
185.843	15759	105	1350
185.851	15760	103	1350
185.853	15761	105	1350
185.861	15762	102	1350
185.863	15763	104	1350
185.881	15764	112	1350
185.884	15765	114	1350
185.886	15766	106	1350
185.888	15767	109	1350
185.892	15768	102	1350
185.894	15769	104	1350
185.902	15770	102	1350
185.904	15771	104	1350
185.912	15772	102	1350
185.914	15773	104	1350
185.921	15774	102	1350
185.924	15775	104	1350
185.931	15776	103	1350
185.933	15777	105	1350
185.94	15778	102	1350
185.943	15779	104	1350
185.95	15780	102	1350
185.952	15781	104	1350
185.959	15782	103	1350
185.961	15783	105	1350
185.968	15784	102	1350
185.97	15785	105	1350
185.977	15786	102	1350
185.979	15787	105	1350
186.005	15788	122	1350
186.007	15789	124	1350
186.014	15790	123	1350
186.016	15791	125	1350
186.023	15792	122	1350
186.025	15793	125	1350
186.027	15794	119	1350
186.03	15795	121	1350
186.036	15796	120	1350
186.038	15797	122	1350
186.045	15798	120	1350
186.047	15799	123	1350
186.054	15800	121	1350
186.056	15801	124	1350
186.058	15802	118	1350
186.06	15803	120	1350
186.067	15804	120	1350
186.069	15805	122	1350
186.076	15806	120	1350
186.078	15807	123	1350
186.08	15808	118	1350
186.083	15809	120	1350
186.089	15810	120	1350
186.091	15811	122	1350
186.098	15812	120	1350
186.1	15813	123	1350
186.102	15814	118	1350
186.105	15815	120	1350
186.111	15816	120	1350
186.113	15817	122	1350
186.141	15818	143	1350
186.143	15819	145	1350
186.15	15820	144	1350
186.152	15821	147	1350
186.163	15822	151	1350
186.165	15823	153	1350
186.172	15824	153	1350
186.174	15825	155	1350
186.181	15826	154	1350
186.183	15827	157	1350
186.19	15828	156	1350
186.192	15829	158	1350
186.199	15830	159	1350
186.201	15831	161	1350
186.212	15832	165	1350
186.214	15833	167	1350
186.221	15834	168	1350
186.223	15835	170	1350
186.229	15836	170	1350
186.232	15837	172	1350
186.238	15838	173	1350
186.24	15839	175	1350
186.247	15840	175	1350
186.249	15841	177	1350
186.26	15842	182	1350
186.263	15843	184	1350
186.269	15844	185	1350
186.271	15845	187	1350
186.278	15846	186	1350
186.28	15847	189	1350
186.287	15848	189	1350
186.289	15849	192	1350
186.296	15850	192	1350
186.298	15851	194	1350
186.309	15852	199	1350
186.311	15853	202	1350
186.313	15854	198	1350
186.316	15855	200	1350
186.322	15856	201	1350
186.324	15857	203	1350
186.331	15858	203	1350
186.333	15859	206	1350
186.34	15860	206	1350
186.342	15861	209	1350
186.344	15862	205	1350
186.346	15863	207	1350
186.357	15864	212	1350
186.36	15865	214	1350
186.362	15866	210	1350
186.364	15867	213	1350
186.375	15868	214	1350
186.377	15869	216	1350
186.384	15870	216	1350
186.386	15871	219	1350
186.388	15872	216	1350
186.391	15873	218	1350
186.402	15874	223	1350
186.404	15875	225	1350
186.41	15876	218	1350
186.413	15877	220	1350
186.424	15878	226	1350
186.426	15879	228	1350
186.428	15880	225	1350
186.43	15881	227	1350
186.437	15882	227	1350
186.439	15883	230	1350
186.45	15884	227	1350
186.452	15885	229	1350
186.459	15886	231	1350
186.461	15887	233	1350
186.468	15888	233	1350
186.47	15889	236	1350
186.49	15890	223	1350
186.492	15891	226	1350
186.503	15892	232	1350
186.505	15893	234	1350
186.508	15894	230	1350
186.51	15895	232	1350
186.525	15896	228	1350
186.527	15897	230	1350
186.534	15898	232	1350
186.536	15899	234	1350
186.543	15900	234	1350
186.545	15901	237	1350
186.556	15902	233	1350
186.558	15903	235	1350
186.565	15904	236	1350
186.567	15905	238	1350
186.574	15906	239	1350
186.576	15907	242	1350
186.587	15908	233	1350
186.589	15909	235	1350
186.6	15910	240	1350
186.603	15911	242	1350
186.605	15912	239	1350
186.607	15913	241	1350
186.627	15914	241	1350
186.629	15915	244	1350
186.636	15916	244	1350
186.638	15917	246	1350
186.645	15918	247	1350
186.647	15919	249	1350
186.662	15920	251	1350
186.664	15921	253	1350
186.667	15922	249	1350
186.669	15923	251	1350
186.675	15924	252	1350
186.678	15925	254	1350
186.693	15926	255	1350
186.695	15927	257	1350
186.702	15928	257	1350
186.704	15929	260	1350
186.706	15930	256	1350
186.709	15931	258	1350
186.72	15932	263	1350
186.726	15933	262	1350
186.728	15934	264	1350
186.735	15935	264	1350
186.737	15936	266	1350
186.744	15937	266	1350
186.746	15938	269	1350
186.753	15939	269	1350
186.755	15940	271	1350
186.77	15941	270	1350
186.773	15942	272	1350
186.784	15943	277	1350
186.786	15944	279	1350
186.788	15945	276	1350
186.79	15946	278	1350
186.801	15947	275	1350
186.803	15948	277	1350
186.81	15949	277	1350
186.812	15950	279	1350
186.823	15951	284	1350
186.826	15952	286	1350
186.837	15953	283	1350
186.839	15954	285	1350
186.845	15955	286	1350
186.848	15956	288	1350
186.854	15957	288	1350
186.856	15958	290	1350
186.872	15959	287	1350
186.874	15960	290	1350
186.881	15961	290	1350
186.883	15962	292	1350
186.903	15963	287	1350
186.905	15964	290	1350
186.912	15965	290	1350
186.914	15966	292	1350
186.921	15967	292	1350
186.923	15968	294	1350
186.943	15969	292	1350
186.945	15970	294	1350
186.956	15971	298	1350
186.958	15972	301	1350
186.96	15973	297	1350
186.962	15974	299	1350
186.974	15975	303	1350
186.976	15976	305	1350
186.982	15977	305	1350
186.985	15978	307	1350
187.004	15979	306	1350
187.007	15980	308	1350
187.009	15981	303	1350
187.011	15982	306	1350
187.031	15983	305	1350
187.033	15984	308	1350
187.04	15985	307	1350
187.042	15986	309	1350
187.062	15987	310	1350
187.064	15988	313	1350
187.066	15989	308	1350
187.068	15990	310	1350
187.079	15991	313	1350
187.082	15992	315	1350
187.097	15993	310	1350
187.099	15994	312	1350
187.106	15995	311	1350
187.108	15996	314	1350
187.115	15997	313	1350
187.117	15998	316	1350
187.132	15999	314	1350
187.135	16000	316	1350
187.141	16001	316	1350
187.144	16002	318	1350
187.15	16003	318	1350
187.152	16004	320	1350
187.163	16005	324	1350
187.166	16006	321	1350
187.168	16007	323	1350
187.179	16008	327	1350
187.181	16009	330	1350
187.188	16010	328	1350
187.19	16011	330	1350
187.201	16012	329	1350
187.203	16013	332	1350
187.21	16014	331	1350
187.212	16015	333	1350
187.227	16016	330	1350
187.23	16017	332	1350
187.241	16018	335	1350
187.243	16019	337	1350
187.25	16020	337	1350
187.261	16021	334	1350
187.263	16022	336	1350
187.269	16023	336	1350
187.272	16024	338	1350
187.278	16025	337	1350
187.28	16026	339	1350
187.3	16027	339	1350
187.303	16028	341	1350
187.309	16029	340	1350
187.311	16030	342	1350
187.322	16031	345	1350
187.325	16032	347	1350
187.34	16033	343	1350
187.342	16034	345	1350
187.353	16035	349	1350
187.355	16036	351	1350
187.375	16037	348	1350
187.378	16038	350	1350
187.384	16039	349	1350
187.386	16040	351	1350
187.397	16041	354	1350
187.4	16042	356	1350
187.424	16043	356	1350
187.426	16044	359	1350
187.433	16045	357	1350
187.435	16046	359	1350
187.446	16047	363	1350
187.448	16048	365	1350
187.459	16049	361	1350
187.461	16050	363	1350
187.473	16051	366	1350
187.475	16052	368	1350
187.495	16053	365	1350
187.497	16054	367	1350
187.508	16055	370	1350
187.51	16056	373	1350
187.526	16057	369	1350
187.528	16058	371	1350
187.539	16059	374	1350
187.541	16060	376	1350
187.561	16061	374	1350
187.563	16062	377	1350
187.574	16063	379	1350
187.576	16064	381	1350
187.587	16065	384	1350
187.59	16066	386	1350
187.605	16067	382	1350
187.607	16068	385	1350
187.618	16069	388	1350
187.625	16071	385	1350
187.627	16072	388	1350
187.643	16073	385	1350
187.645	16074	387	1350
187.651	16075	385	1350
187.654	16076	387	1350
187.66	16077	386	1350
187.662	16078	388	1350
187.669	16079	386	1350
187.673	16080	385	1350
187.676	16081	387	1350
187.682	16082	385	1350
187.684	16083	387	1350
187.689	16084	383	1350
187.691	16085	386	1350
187.702	16086	388	1350
187.709	16088	385	1350
187.711	16089	387	1350
187.715	16090	383	1350
187.735	16091	383	1350
187.737	16092	385	1350
187.74	16093	378	1350
187.742	16094	380	1350
187.753	16095	382	1350
187.764	16096	378	1350
187.766	16097	381	1350
187.777	16098	383	1350
187.779	16099	385	1350
187.782	16100	378	1350
187.784	16101	380	1350
187.804	16102	378	1350
187.806	16103	380	1350
187.813	16104	378	1350
187.815	16105	380	1350
187.821	16106	378	1350
187.824	16107	380	1350
187.843	16108	378	1350
187.846	16109	380	1350
187.848	16110	373	1350
187.85	16111	376	1350
187.87	16112	369	1350
187.872	16113	372	1350
187.883	16114	374	1350
187.885	16115	376	1350
187.896	16116	378	1350
187.899	16117	380	1350
187.923	16118	373	1350
187.925	16119	376	1350
187.936	16120	378	1350
187.938	16121	380	1350
187.941	16122	373	1350
187.943	16123	375	1350
187.963	16124	378	1350
187.965	16125	380	1350
187.972	16126	378	1350
187.974	16127	380	1350
187.994	16128	374	1350
187.996	16129	376	1350
188.007	16130	377	1350
188.009	16131	380	1350
188.025	16132	374	1350
188.027	16133	376	1350
188.038	16134	377	1350
188.04	16135	379	1350
188.06	16136	374	1350
188.062	16137	377	1350
188.073	16138	378	1350
188.075	16139	380	1350
188.091	16140	378	1350
188.093	16141	380	1350
188.104	16142	382	1350
188.106	16143	384	1350
188.117	16144	386	1350
188.119	16145	388	1350
188.126	16146	385	1350
188.133	16148	388	1350
188.159	16149	383	1350
188.161	16150	385	1350
188.175	16151	386	1350
188.177	16152	388	1350
188.186	16153	385	1350
188.188	16154	387	1350
188.195	16155	383	1350
188.197	16156	385	1350
188.208	16157	384	1350
188.21	16158	386	1350
188.221	16159	386	1350
188.223	16160	388	1350
188.232	16161	385	1350
188.234	16162	387	1350
188.241	16163	378	1350
188.243	16164	381	1350
188.254	16165	380	1350
188.265	16166	376	1350
188.267	16167	378	1350
188.283	16168	381	1350
188.285	16169	384	1350
188.296	16170	383	1350
188.307	16171	379	1350
188.309	16172	381	1350
188.32	16173	380	1350
188.323	16174	382	1350
188.334	16175	381	1350
188.345	16176	376	1350
188.347	16177	378	1350
188.358	16178	377	1350
188.36	16179	380	1350
188.371	16180	376	1350
188.373	16181	378	1350
188.384	16182	377	1350
188.395	16183	374	1350
188.398	16184	376	1350
188.418	16185	369	1350
188.42	16186	371	1350
188.426	16187	366	1350
188.429	16188	368	1350
188.44	16189	367	1350
188.455	16190	368	1350
188.457	16191	370	1350
188.468	16192	369	1350
188.484	16193	365	1350
188.486	16194	367	1350
188.493	16195	362	1350
188.495	16196	364	1350
188.51	16197	361	1350
188.512	16198	363	1350
188.524	16199	362	1350
188.539	16200	354	1350
188.541	16201	357	1350
188.552	16202	356	1350
188.554	16203	358	1350
188.574	16204	359	1350
188.577	16205	361	1350
188.583	16206	356	1350
188.585	16207	358	1350
188.596	16208	357	1350
188.599	16209	359	1350
188.61	16210	358	1350
188.612	16211	360	1350
188.623	16212	359	1350
188.634	16213	359	1350
188.658	16214	357	1350
188.66	16215	359	1350
188.671	16216	356	1350
188.674	16217	358	1350
188.689	16218	359	1350
188.691	16219	359	1350
188.694	16220	361	1350
188.709	16221	357	1350
188.711	16222	360	1350
188.718	16223	352	1350
188.72	16224	355	1350
188.731	16225	352	1350
188.738	16226	347	1350
188.74	16227	349	1350
188.758	16228	353	1350
188.76	16229	355	1350
188.773	16230	352	1350
188.775	16231	354	1350
188.791	16232	355	1350
188.797	16233	350	1350
188.8	16234	352	1350
188.815	16235	353	1350
188.817	16236	356	1350
188.833	16237	349	1350
188.835	16238	351	1350
188.846	16239	348	1350
188.857	16240	347	1350
188.859	16241	350	1350
188.87	16242	347	1350
188.89	16243	348	1350
188.892	16244	350	1350
188.903	16245	347	1350
188.906	16246	349	1350
188.93	16247	349	1350
188.932	16248	352	1350
188.943	16249	349	1350
188.954	16250	346	1350
188.956	16251	348	1350
188.972	16252	349	1350
188.974	16253	351	1350
188.985	16254	348	1350
188.987	16255	351	1350
189.007	16256	343	1350
189.009	16257	345	1350
189.025	16258	347	1350
189.027	16259	349	1350
189.042	16260	343	1350
189.045	16261	345	1350
189.06	16262	347	1350
189.062	16263	349	1350
189.073	16264	347	1350
189.076	16265	349	1350
189.091	16266	350	1350
189.093	16267	353	1350
189.104	16268	351	1350
189.106	16269	347	1350
189.109	16270	349	1350
189.124	16271	351	1350
189.135	16272	350	1350
189.137	16273	352	1350
189.148	16274	350	1350
189.164	16275	349	1350
189.166	16276	352	1350
189.177	16277	350	1350
189.179	16278	352	1350
189.19	16279	350	1350
189.193	16280	350	1350
189.195	16281	352	1350
189.21	16282	350	1350
189.212	16283	352	1350
189.223	16284	350	1350
189.235	16285	352	1350
189.237	16286	354	1350
189.248	16287	352	1350
189.25	16288	354	1350
189.261	16289	352	1350
189.272	16290	357	1350
189.274	16291	359	1350
189.285	16292	357	1350
189.287	16293	359	1350
189.303	16294	360	1350
189.305	16295	363	1350
189.316	16296	361	1350
189.332	16297	361	1350
189.334	16298	363	1350
189.345	16299	361	1350
189.347	16300	364	1350
189.376	16301	360	1350
189.378	16302	363	1350
189.389	16303	362	1350
189.391	16304	364	1350
189.416	16305	361	1350
189.418	16306	363	1350
189.433	16307	366	1350
189.435	16308	368	1350
189.451	16309	369	1350
189.453	16310	372	1350
189.464	16311	371	1350
189.48	16312	369	1350
189.482	16313	371	1350
189.493	16314	370	1350
189.495	16315	373	1350
189.524	16316	374	1350
189.526	16317	376	1350
189.537	16318	374	1350
189.539	16319	377	1350
189.55	16320	376	1350
189.566	16321	380	1350
189.568	16322	382	1350
189.575	16323	377	1350
189.577	16324	379	1350
189.588	16325	371	1350
189.59	16326	373	1350
189.601	16327	373	1350
189.603	16328	375	1350
189.614	16329	374	1350
189.621	16330	371	1350
189.623	16331	374	1350
189.634	16332	373	1350
189.636	16333	375	1350
189.656	16334	368	1350
189.658	16335	370	1350
189.665	16336	364	1350
189.667	16337	366	1350
189.678	16338	363	1350
189.681	16339	365	1350
189.692	16340	364	1350
189.694	16341	366	1350
189.705	16342	364	1350
189.716	16343	367	1350
189.718	16344	370	1350
189.729	16345	369	1350
189.731	16346	371	1350
189.742	16347	367	1350
189.745	16348	369	1350
189.756	16349	368	1350
189.758	16350	370	1350
189.769	16351	358	1350
189.771	16352	361	1350
189.782	16353	360	1350
189.784	16354	362	1350
189.8	16355	358	1350
189.802	16356	360	1350
189.813	16357	359	1350
189.828	16358	359	1350
189.831	16359	361	1350
189.855	16360	354	1350
189.857	16361	357	1350
189.868	16362	355	1350
189.87	16363	357	1350
189.881	16364	356	1350
189.892	16365	359	1350
189.895	16366	361	1350
189.906	16367	360	1350
189.921	16368	361	1350
189.923	16369	363	1350
189.934	16370	362	1350
189.95	16371	360	1350
189.952	16372	363	1350
189.968	16373	366	1350
189.979	16374	361	1350
189.981	16375	363	1350
190.007	16376	359	1350
190.01	16377	361	1350
190.021	16378	359	1350
190.023	16379	361	1350
190.038	16380	363	1350
190.04	16381	365	1350
190.051	16382	364	1350
190.054	16383	366	1350
190.065	16384	363	1350
190.067	16385	365	1350
190.082	16386	368	1350
190.085	16387	370	1350
190.096	16388	367	1350
190.098	16389	369	1350
190.111	16390	371	1350
190.113	16391	373	1350
190.129	16392	369	1350
190.131	16393	371	1350
190.142	16394	370	1350
190.144	16395	373	1350
190.16	16396	369	1350
190.162	16397	371	1350
190.168	16398	366	1350
190.171	16399	368	1350
190.186	16400	370	1350
190.188	16401	372	1350
190.199	16402	370	1350
190.202	16403	372	1350
190.213	16404	369	1350
190.215	16405	371	1350
190.226	16406	370	1350
190.228	16407	373	1350
190.239	16408	370	1350
190.241	16409	372	1350
190.252	16410	370	1350
190.255	16411	372	1350
190.27	16412	374	1350
190.272	16413	376	1350
190.279	16414	370	1350
190.294	16415	370	1350
190.297	16416	372	1350
190.308	16417	370	1350
190.323	16418	370	1350
190.325	16419	372	1350
190.341	16420	360	1350
190.343	16421	362	1350
190.354	16422	361	1350
190.356	16423	364	1350
190.372	16424	365	1350
190.374	16425	367	1350
190.385	16426	366	1350
190.387	16427	369	1350
190.411	16428	365	1350
190.414	16429	367	1350
190.425	16430	366	1350
190.44	16431	366	1350
190.442	16432	368	1350
190.453	16433	366	1350
190.464	16434	361	1350
190.467	16435	363	1350
190.491	16436	358	1350
190.493	16437	361	1350
190.509	16438	364	1350
190.511	16439	366	1350
190.526	16440	363	1350
190.528	16441	365	1350
190.544	16442	368	1350
190.546	16443	371	1350
190.557	16444	368	1350
190.559	16445	370	1350
190.57	16446	368	1350
190.573	16447	370	1350
190.588	16448	368	1350
190.59	16449	370	1350
190.601	16450	368	1350
190.603	16451	370	1350
190.623	16452	370	1350
190.626	16453	372	1350
190.641	16454	374	1350
190.643	16455	377	1350
190.659	16456	374	1350
190.661	16457	376	1350
190.672	16458	374	1350
190.674	16459	377	1350
190.685	16460	374	1350
190.687	16461	376	1350
190.698	16462	375	1350
190.701	16463	377	1350
190.716	16464	379	1350
190.718	16465	381	1350
190.729	16466	379	1350
190.732	16467	381	1350
190.747	16468	382	1350
190.749	16469	385	1350
190.765	16470	388	1350
190.78	16472	385	1350
190.782	16473	387	1350
190.793	16474	386	1350
190.796	16475	388	1350
190.804	16476	383	1350
190.807	16477	385	1350
190.831	16478	382	1350
190.833	16479	385	1350
190.844	16480	384	1350
190.846	16481	386	1350
190.864	16482	385	1350
190.866	16483	387	1350
190.877	16484	386	1350
190.879	16485	388	1350
190.895	16486	385	1350
190.897	16487	388	1350
190.919	16488	383	1350
190.921	16489	385	1350
190.932	16490	384	1350
190.948	16491	382	1350
190.95	16492	385	1350
190.961	16493	384	1350
190.963	16494	386	1350
190.974	16495	383	1350
190.977	16496	385	1350
190.999	16497	380	1350
191.001	16498	382	1350
191.012	16499	381	1350
191.032	16500	380	1350
191.034	16501	383	1350
191.045	16502	382	1350
191.047	16503	384	1350
191.067	16504	385	1350
191.069	16505	387	1350
191.076	16506	381	1350
191.078	16507	384	1350
191.094	16508	380	1350
191.096	16509	382	1350
191.111	16510	386	1350
191.114	16511	388	1350
191.133	16512	385	1350
191.136	16513	387	1350
191.147	16514	386	1350
191.149	16515	388	1350
191.164	16516	381	1350
191.167	16517	383	1350
191.18	16518	383	1350
191.182	16519	385	1350
191.195	16520	385	1350
191.197	16521	387	1350
191.208	16522	386	1350
191.211	16523	388	1350
191.224	16524	382	1350
191.226	16525	385	1350
191.237	16526	384	1350
191.239	16527	386	1350
191.255	16528	382	1350
191.257	16529	385	1350
191.268	16530	384	1350
191.27	16531	386	1350
191.279	16532	382	1350
191.29	16533	385	1350
191.306	16534	376	1350
191.317	16535	379	1350
191.328	16536	372	1350
191.339	16537	375	1350
191.345	16538	374	1350
191.365	16539	376	1350
191.367	16540	371	1350
191.372	16541	367	1350
191.383	16542	371	1350
191.39	16543	369	1350
191.401	16544	373	1350
191.418	16545	372	1350
191.425	16546	370	1350
191.445	16547	371	1350
191.451	16548	371	1350
191.458	16549	369	1350
191.465	16550	369	1350
191.471	16551	368	1350
191.478	16552	367	1350
191.487	16553	361	1350
191.493	16554	360	1350
191.511	16555	354	1350
191.518	16556	353	1350
191.524	16557	352	1350
191.54	16558	347	1350
191.551	16559	351	1350
191.557	16560	350	1350
191.564	16561	349	1350
191.571	16562	348	1350
191.577	16563	347	1350
191.584	16564	346	1350
191.604	16565	345	1350
191.606	16566	339	1350
191.617	16567	343	1350
191.624	16568	342	1350
191.63	16569	341	1350
191.641	16570	345	1350
191.643	16571	339	1350
191.663	16572	343	1350
191.666	16573	338	1350
191.674	16574	339	1350
191.685	16575	342	1350
191.688	16576	337	1350
191.699	16577	340	1350
191.705	16578	340	1350
191.716	16579	337	1350
191.727	16580	340	1350
191.738	16581	344	1350
191.745	16582	342	1350
191.752	16583	341	1350
191.763	16584	345	1350
191.774	16585	349	1350
191.778	16586	346	1350
191.789	16587	350	1350
191.796	16588	348	1350
191.805	16589	350	1350
191.807	16590	345	1350
191.813	16591	345	1350
191.824	16592	348	1350
191.827	16593	350	1350
191.838	16594	347	1350
191.847	16595	350	1350
191.849	16596	352	1350
191.86	16597	348	1350
191.877	16598	352	1350
191.88	16599	354	1350
191.891	16600	351	1350
191.915	16601	346	1350
191.917	16602	348	1350
191.933	16603	349	1350
191.935	16604	351	1350
191.942	16605	344	1350
191.944	16606	346	1350
191.955	16607	343	1350
191.957	16608	345	1350
191.972	16609	347	1350
191.983	16610	347	1350
191.986	16611	349	1350
191.997	16612	347	1350
192.008	16613	343	1350
192.01	16614	345	1350
192.021	16615	342	1350
192.023	16616	345	1350
192.039	16617	343	1350
192.041	16618	345	1350
192.052	16619	342	1350
192.054	16620	345	1350
192.07	16621	341	1350
192.072	16622	343	1350
192.083	16623	340	1350
192.085	16624	343	1350
192.1	16625	345	1350
192.103	16626	347	1350
192.114	16627	345	1350
192.129	16628	341	1350
192.131	16629	343	1350
192.138	16630	337	1350
192.14	16631	339	1350
192.156	16632	341	1350
192.167	16633	343	1350
192.169	16634	345	1350
192.18	16635	343	1350
192.191	16636	339	1350
192.193	16637	341	1350
192.209	16638	343	1350
192.211	16639	345	1350
192.222	16640	343	1350
192.233	16641	345	1350
192.235	16642	348	1350
192.246	16643	346	1350
192.262	16644	347	1350
192.264	16645	349	1350
192.275	16646	347	1350
192.277	16647	350	1350
192.288	16648	349	1350
192.295	16649	345	1350
192.297	16650	347	1350
192.308	16651	346	1350
192.31	16652	348	1350
192.326	16653	350	1350
192.337	16654	352	1350
192.339	16655	354	1350
192.35	16656	352	1350
192.37	16657	354	1350
192.372	16658	357	1350
192.392	16659	349	1350
192.394	16660	352	1350
192.41	16661	355	1350
192.412	16662	357	1350
192.423	16663	354	1350
192.425	16664	357	1350
192.436	16665	355	1350
192.438	16666	357	1350
192.454	16667	360	1350
192.456	16668	362	1350
192.467	16669	361	1350
192.478	16670	357	1350
192.48	16671	359	1350
192.496	16672	361	1350
192.498	16673	363	1350
192.509	16674	360	1350
192.511	16675	363	1350
192.522	16676	362	1350
192.538	16677	360	1350
192.54	16678	362	1350
192.551	16679	361	1350
192.553	16680	364	1350
192.573	16681	365	1350
192.575	16682	368	1350
192.586	16683	366	1350
192.588	16684	368	1350
192.604	16685	365	1350
192.606	16686	368	1350
192.617	16687	366	1350
192.619	16688	368	1350
192.635	16689	369	1350
192.637	16690	372	1350
192.657	16691	365	1350
192.659	16692	368	1350
192.67	16693	366	1350
192.672	16694	368	1350
192.688	16695	371	1350
192.69	16696	372	1350
192.692	16697	374	1350
192.712	16698	378	1350
192.723	16699	376	1350
192.725	16700	378	1350
192.736	16701	377	1350
192.739	16702	379	1350
192.763	16703	376	1350
192.765	16704	379	1350
192.776	16705	378	1350
192.778	16706	380	1350
192.789	16707	376	1350
192.792	16708	378	1350
192.807	16709	382	1350
192.809	16710	384	1350
192.82	16711	383	1350
192.831	16712	381	1350
192.834	16713	383	1350
192.845	16714	381	1350
192.847	16715	383	1350
192.875	16716	381	1350
192.878	16717	383	1350
192.889	16718	381	1350
192.891	16719	383	1350
192.915	16720	381	1350
192.917	16721	383	1350
192.928	16722	382	1350
192.931	16723	384	1350
192.942	16724	380	1350
192.944	16725	382	1350
192.957	16726	384	1350
192.959	16727	386	1350
192.977	16728	385	1350
192.979	16729	387	1350
192.99	16730	386	1350
193.001	16731	381	1350
193.004	16732	383	1350
193.019	16733	386	1350
193.021	16734	388	1350
193.032	16735	385	1350
193.034	16736	387	1350
193.046	16737	386	1350
193.061	16738	384	1350
193.063	16739	387	1350
193.072	16740	384	1350
193.074	16741	386	1350
193.085	16742	385	1350
193.105	16745	382	1350
193.107	16746	384	1350
193.127	16747	385	1350
193.129	16748	387	1350
193.138	16749	384	1350
193.14	16750	386	1350
193.165	16751	383	1350
193.167	16752	385	1350
193.18	16753	386	1350
193.182	16754	388	1350
193.198	16755	385	1350
193.2	16756	388	1350
193.209	16757	383	1350
193.211	16758	386	1350
193.235	16759	387	1350
193.24	16761	379	1350
193.242	16762	382	1350
193.262	16763	383	1350
193.264	16764	386	1350
193.275	16765	384	1350
193.277	16766	386	1350
193.291	16767	376	1350
193.293	16768	378	1350
193.308	16769	381	1350
193.31	16770	383	1350
193.324	16771	378	1350
193.326	16772	380	1350
193.341	16773	383	1350
193.344	16774	385	1350
193.35	16775	379	1350
193.375	16776	374	1350
193.377	16777	376	1350
193.383	16778	370	1350
193.386	16779	372	1350
193.41	16780	369	1350
193.412	16781	372	1350
193.423	16782	370	1350
193.425	16783	372	1350
193.436	16784	370	1350
193.439	16785	372	1350
193.445	16786	366	1350
193.447	16787	368	1350
193.458	16788	356	1350
193.461	16789	358	1350
193.467	16790	353	1350
193.469	16791	355	1350
193.48	16792	352	1350
193.483	16793	354	1350
193.494	16794	352	1350
193.505	16795	347	1350
193.507	16796	349	1350
193.518	16797	348	1350
193.533	16798	347	1350
193.536	16799	349	1350
193.547	16800	348	1350
193.549	16801	350	1350
193.558	16802	346	1344
193.573	16803	346	1350
193.584	16804	350	1350
193.606	16805	343	1350
193.609	16806	338	1350
193.628	16807	339	1350
193.635	16808	338	1350
193.646	16809	341	1350
193.664	16810	341	1350
193.668	16811	338	1350
193.677	16812	338	1350
193.684	16813	338	1350
193.69	16814	337	1350
193.697	16815	335	1350
193.708	16816	339	1350
193.715	16817	338	1350
193.732	16818	332	1350
193.739	16819	331	1350
193.75	16820	334	1350
193.756	16821	333	1350
193.768	16822	334	1350
193.77	16823	329	1350
193.781	16824	332	1350
193.796	16825	330	1350
193.803	16826	328	1350
193.814	16827	332	1350
193.825	16828	325	1350
193.832	16829	324	1350
193.843	16830	328	1350
193.858	16831	324	1350
193.865	16832	322	1350
193.871	16833	321	1350
193.878	16834	320	1350
193.889	16835	323	1350
193.896	16836	323	1350
193.902	16837	322	1350
193.909	16838	321	1350
193.915	16839	320	1350
193.926	16840	324	1350
193.933	16841	323	1350
193.94	16842	322	1350
193.946	16843	321	1350
193.957	16844	325	1350
193.964	16845	325	1350
193.966	16846	319	1350
193.977	16847	323	1350
193.984	16848	321	1350
193.995	16849	325	1350
193.997	16850	321	1350
194.008	16851	324	1350
194.019	16852	328	1350
194.021	16853	323	1350
194.024	16854	325	1350
194.039	16855	327	1350
194.041	16856	329	1350
194.052	16857	325	1350
194.063	16858	332	1350
194.066	16859	334	1350
194.077	16860	328	1350
194.079	16861	330	1350
194.094	16862	332	1350
194.097	16863	334	1350
194.121	16864	332	1350
194.123	16865	335	1350
194.134	16866	332	1350
194.136	16867	334	1350
194.147	16868	332	1350
194.15	16869	334	1350
194.165	16870	335	1350
194.167	16871	338	1350
194.191	16872	334	1350
194.194	16873	336	1350
194.209	16874	339	1350
194.211	16875	341	1350
194.222	16876	339	1350
194.229	16877	336	1350
194.231	16878	339	1350
194.242	16879	337	1350
194.262	16880	341	1350
194.264	16881	343	1350
194.275	16882	341	1350
194.291	16883	340	1350
194.293	16884	343	1350
194.304	16885	341	1350
194.32	16886	336	1350
194.322	16887	338	1350
194.333	16888	337	1350
194.335	16889	339	1350
194.355	16890	340	1350
194.357	16891	343	1350
194.373	16892	346	1350
194.375	16893	348	1350
194.386	16894	346	1350
194.388	16895	347	1350
194.39	16896	350	1350
194.406	16897	347	1350
194.408	16898	349	1350
194.419	16899	347	1350
194.421	16900	350	1350
194.432	16901	349	1350
194.434	16902	351	1350
194.454	16903	352	1350
194.456	16904	354	1350
194.467	16905	353	1350
194.47	16906	355	1350
194.485	16907	352	1350
194.487	16908	354	1350
194.503	16909	357	1350
194.505	16910	359	1350
194.52	16911	356	1350
194.523	16912	358	1350
194.538	16913	362	1350
194.54	16914	364	1350
194.551	16915	363	1350
194.554	16916	363	1350
194.556	16917	365	1350
194.571	16918	364	1350
194.582	16919	363	1350
194.584	16920	365	1350
194.609	16921	363	1350
194.611	16922	365	1350
194.622	16923	364	1350
194.624	16924	366	1350
194.635	16925	363	1350
194.637	16926	365	1350
194.653	16927	368	1350
194.655	16928	371	1350
194.684	16929	367	1350
194.686	16930	370	1350
194.697	16931	369	1350
194.699	16932	371	1350
194.715	16933	367	1350
194.717	16934	369	1350
194.728	16935	368	1350
194.73	16936	371	1350
194.754	16937	367	1350
194.757	16938	369	1350
194.768	16939	368	1350
194.77	16940	370	1350
194.785	16941	370	1350
194.788	16942	372	1350
194.799	16943	370	1350
194.819	16944	374	1350
194.821	16945	376	1350
194.832	16946	375	1350
194.834	16947	377	1350
194.849	16948	370	1350
194.852	16949	372	1350
194.867	16950	375	1350
194.869	16951	377	1350
194.885	16952	374	1350
194.887	16953	376	1350
194.902	16954	379	1350
194.905	16955	381	1350
194.916	16956	380	1350
194.922	16957	379	1350
194.925	16958	381	1350
194.936	16959	379	1350
194.938	16960	381	1350
194.958	16961	378	1350
194.96	16962	380	1350
194.975	16963	384	1350
194.978	16964	386	1350
194.993	16965	382	1350
194.995	16966	385	1350
195.011	16967	388	1350
195.026	16969	381	1350
195.028	16970	383	1350
195.039	16971	382	1350
195.042	16972	384	1350
195.055	16973	384	1350
195.057	16974	380	1350
195.059	16975	383	1350
195.07	16976	382	1350
195.072	16977	384	1350
195.095	16978	387	1350
195.119	16980	385	1350
195.121	16981	388	1350
195.145	16984	385	1350
195.148	16985	387	1350
195.159	16986	386	1350
195.161	16987	388	1350
195.196	16988	388	1350
195.203	16990	381	1350
195.205	16991	383	1350
195.22	16992	381	1350
195.223	16993	383	1350
195.234	16994	381	1350
195.236	16995	383	1350
195.26	16996	381	1350
195.262	16997	383	1350
195.273	16998	381	1350
195.276	16999	383	1350
195.291	17000	381	1350
195.293	17001	383	1350
195.304	17002	381	1350
195.322	17003	378	1350
195.324	17004	381	1350
195.331	17005	374	1350
195.333	17006	376	1350
195.353	17007	378	1350
195.355	17008	381	1350
195.364	17009	376	1350
195.366	17010	379	1350
195.382	17011	372	1350
195.384	17012	374	1350
195.395	17013	372	1350
195.397	17014	375	1350
195.412	17015	372	1350
195.415	17016	374	1350
195.426	17017	372	1350
195.428	17018	374	1350
195.439	17019	372	1350
195.441	17020	375	1350
195.452	17021	370	1350
195.454	17022	372	1350
195.465	17023	370	1350
195.468	17024	372	1350
195.488	17025	369	1350
195.49	17026	371	1350
195.496	17027	366	1350
195.499	17028	368	1350
195.51	17029	366	1350
195.516	17030	365	1350
195.543	17031	363	1350
195.547	17032	360	1350
195.552	17033	356	1350
195.56	17034	358	1350
195.569	17035	351	1350
195.576	17036	349	1350
195.582	17037	348	1350
195.594	17038	348	1350
195.605	17039	351	1350
195.611	17040	351	1350
195.64	17041	337	1350
195.651	17042	340	1350
195.653	17043	335	1350
195.664	17044	339	1350
195.671	17045	337	1350
195.695	17046	337	1350
195.711	17047	325	1350
195.722	17048	329	1350
195.728	17049	328	1350
195.739	17050	331	1350
195.741	17051	325	1350
195.753	17052	329	1350
195.759	17053	328	1350
195.77	17054	323	1350
195.777	17055	322	1350
195.788	17056	325	1350
195.794	17057	324	1350
195.806	17058	328	1350
195.812	17059	327	1350
195.817	17060	323	1350
195.828	17061	327	1350
195.834	17062	326	1350
195.841	17063	324	1350
195.847	17064	324	1350
195.854	17065	323	1350
195.865	17066	326	1350
195.872	17067	325	1350
195.878	17068	324	1350
195.889	17069	327	1350
195.896	17070	327	1350
195.903	17071	325	1350
195.909	17072	325	1350
195.92	17073	328	1350
195.927	17074	326	1350
195.929	17075	322	1350
195.94	17076	325	1350
195.947	17077	324	1350
195.953	17078	323	1350
195.96	17079	323	1350
195.967	17080	321	1350
195.978	17081	325	1350
195.984	17082	324	1350
195.995	17083	328	1350
195.998	17084	322	1350
196.009	17085	326	1350
196.02	17086	330	1350
196.026	17087	330	1350
196.029	17088	332	1350
196.04	17089	328	1350
196.042	17090	330	1350
196.053	17091	327	1350
196.064	17092	334	1350
196.066	17093	337	1350
196.082	17094	335	1350
196.093	17095	327	1350
196.095	17096	329	1350
196.115	17097	336	1350
196.117	17098	338	1350
196.128	17099	335	1350
196.152	17100	332	1350
196.154	17101	334	1350
196.179	17102	332	1350
196.181	17103	334	1350
196.192	17104	331	1350
196.194	17105	334	1350
196.21	17106	332	1350
196.212	17107	334	1350
196.223	17108	332	1350
196.225	17109	335	1350
196.236	17110	332	1350
196.243	17111	330	1350
196.245	17112	332	1350
196.256	17113	329	1350
196.258	17114	332	1350
196.265	17115	323	1350
196.267	17116	325	1350
196.278	17117	324	1350
196.28	17118	326	1350
196.287	17119	314	1350
196.289	17120	317	1350
196.3	17121	315	1350
196.302	17122	317	1350
196.313	17123	310	1350
196.316	17124	312	1350
196.318	17125	301	1350
196.32	17126	303	1350
196.322	17127	288	1350
196.324	17128	290	1350
196.327	17129	279	1350
196.329	17130	281	1350
196.331	17131	272	1350
196.333	17132	268	1350
196.335	17133	270	1350
196.338	17134	259	1350
196.34	17135	261	1350
196.342	17136	251	1350
196.344	17137	253	1350
196.346	17138	242	1350
196.349	17139	228	1350
196.351	17140	230	1350
196.353	17141	221	1350
196.355	17142	223	1350
196.358	17143	206	1350
196.36	17144	208	1350
196.362	17145	198	1350
196.364	17146	201	1350
196.366	17147	189	1350
196.369	17148	191	1350
196.371	17149	180	1350
196.373	17150	166	1350
196.375	17151	169	1350
196.377	17152	159	1350
196.38	17153	140	1350
196.382	17154	142	1350
196.384	17155	131	1350
196.386	17156	134	1350
196.389	17157	111	1350
196.391	17158	113	1350
196.406	17159	102	1350
196.408	17160	105	1350
196.418	17161	102	1350
196.42	17162	104	1350
196.437	17163	102	1350
196.439	17164	105	1350
196.449	17165	103	1350
196.451	17166	105	1350
196.463	17167	104	1350
196.465	17168	106	1350
196.474	17169	102	1350
196.483	17170	102	1350
196.485	17171	104	1350
196.495	17172	102	1350
196.498	17173	104	1350
196.508	17174	102	1350
196.51	17175	104	1350
196.52	17176	102	1350
196.522	17177	105	1350
196.534	17178	105	1350
196.536	17179	107	1350
196.544	17180	103	1350
196.546	17181	105	1350
196.556	17182	102	1350
196.558	17183	105	1350
196.568	17184	102	1350
196.57	17185	104	1350
196.579	17186	102	1350
196.581	17187	104	1350
196.591	17188	102	1350
196.593	17189	104	1350
196.602	17190	102	1350
196.604	17191	104	1350
196.613	17192	102	1350
196.615	17193	104	1350
196.623	17194	103	1350
196.625	17195	105	1350
196.633	17196	102	1350
196.635	17197	104	1350
196.643	17198	102	1350
196.645	17199	104	1350
196.653	17200	103	1350
196.655	17201	105	1350
196.663	17202	102	1350
196.665	17203	105	1350
196.673	17204	102	1350
196.675	17205	104	1350
196.685	17206	106	1350
196.687	17207	108	1350
196.69	17208	102	1350
196.693	17209	104	1350
196.7	17210	102	1350
196.702	17211	105	1350
196.711	17212	104	1350
196.713	17213	106	1350
196.718	17214	102	1350
196.72	17215	104	1350
196.726	17216	102	1350
196.729	17217	104	1350
196.74	17218	107	1350
196.742	17219	109	1350
196.749	17220	107	1350
196.751	17221	109	1350
196.762	17222	112	1350
196.764	17223	115	1350
196.775	17224	118	1350
196.777	17225	120	1350
196.784	17226	118	1350
196.786	17227	121	1350
196.793	17228	119	1350
196.795	17229	121	1350
196.806	17230	123	1350
196.808	17231	126	1350
196.815	17232	125	1350
196.817	17233	128	1350
196.828	17234	131	1350
196.83	17235	133	1350
196.837	17236	131	1350
196.839	17237	134	1350
196.846	17238	132	1350
196.848	17239	134	1350
196.859	17240	138	1350
196.861	17241	141	1350
196.868	17242	139	1350
196.87	17243	142	1350
196.881	17244	146	1350
196.883	17245	148	1350
196.885	17246	142	1350
196.888	17247	144	1350
196.899	17248	148	1350
196.901	17249	150	1350
196.912	17250	154	1350
196.914	17251	157	1350
196.921	17252	155	1350
196.923	17253	157	1350
196.93	17254	157	1350
196.932	17255	159	1350
196.938	17256	159	1350
196.941	17257	161	1350
196.952	17258	165	1350
196.954	17259	167	1350
196.956	17260	163	1350
196.958	17261	165	1350
196.969	17262	169	1350
196.972	17263	171	1350
196.978	17264	171	1350
196.98	17265	173	1350
196.987	17266	174	1350
196.989	17267	176	1350
197	17268	180	1350
197.007	17269	181	1350
197.009	17270	184	1350
197.011	17271	180	1350
197.014	17272	182	1350
197.025	17273	186	1350
197.027	17274	188	1350
197.038	17275	186	1350
197.04	17276	189	1350
197.047	17277	188	1350
197.049	17278	190	1350
197.06	17279	195	1350
197.062	17280	198	1350
197.082	17281	195	1350
197.084	17282	198	1350
197.091	17283	197	1350
197.093	17284	200	1350
197.1	17285	200	1350
197.102	17286	202	1350
197.117	17287	200	1350
197.12	17288	202	1350
197.131	17289	206	1350
197.133	17290	208	1350
197.135	17291	204	1350
197.137	17292	207	1350
197.161	17293	208	1350
197.164	17294	210	1350
197.166	17295	206	1350
197.168	17296	209	1350
197.179	17297	214	1350
197.181	17298	216	1350
197.197	17299	212	1350
197.199	17300	214	1350
197.206	17301	215	1350
197.208	17302	217	1350
197.214	17303	218	1350
197.217	17304	220	1350
197.232	17305	222	1350
197.234	17306	224	1350
197.241	17307	223	1350
197.243	17308	226	1350
197.263	17309	226	1350
197.265	17310	228	1350
197.276	17311	233	1350
197.278	17312	235	1350
197.285	17313	235	1350
197.287	17314	237	1350
197.303	17315	239	1350
197.305	17316	241	1350
197.307	17317	237	1350
197.309	17318	239	1350
197.32	17319	244	1350
197.323	17320	246	1350
197.343	17321	248	1350
197.345	17322	250	1350
197.356	17323	254	1350
197.358	17324	256	1350
197.36	17325	253	1350
197.362	17326	255	1350
197.382	17327	257	1350
197.384	17328	259	1350
197.396	17329	263	1350
197.398	17330	265	1350
197.4	17331	260	1350
197.402	17332	263	1350
197.418	17333	266	1350
197.42	17334	268	1350
197.426	17335	268	1350
197.429	17336	270	1350
197.44	17337	274	1350
197.46	17338	275	1350
197.462	17339	277	1350
197.468	17340	276	1350
197.471	17341	278	1350
197.49	17342	275	1350
197.493	17343	277	1350
197.504	17344	280	1350
197.506	17345	282	1350
197.513	17346	282	1350
197.524	17347	281	1350
197.526	17348	283	1350
197.532	17349	283	1350
197.535	17350	285	1350
197.541	17351	284	1350
197.543	17352	286	1350
197.563	17353	277	1350
197.566	17354	279	1350
197.577	17355	282	1350
197.579	17356	284	1350
197.585	17357	284	1350
197.588	17358	286	1350
197.603	17359	282	1350
197.605	17360	284	1350
197.616	17361	287	1350
197.619	17362	289	1350
197.621	17363	283	1350
197.623	17364	285	1350
197.638	17365	281	1350
197.641	17366	283	1350
197.652	17367	287	1350
197.654	17368	289	1350
197.669	17369	281	1350
197.672	17370	283	1350
197.683	17371	286	1350
197.685	17372	288	1350
197.691	17373	288	1350
197.694	17374	290	1350
197.718	17375	290	1350
197.72	17376	293	1350
197.722	17377	287	1350
197.725	17378	289	1350
197.736	17379	291	1350
197.738	17380	293	1350
197.758	17381	290	1350
197.76	17382	292	1350
197.766	17383	291	1350
197.769	17384	293	1350
197.78	17385	295	1350
197.782	17386	297	1350
197.802	17387	294	1350
197.804	17388	296	1350
197.811	17389	295	1350
197.813	17390	297	1350
197.824	17391	299	1350
197.826	17392	302	1350
197.842	17393	299	1350
197.844	17394	301	1350
197.855	17395	303	1350
197.857	17396	305	1350
197.868	17397	309	1350
197.883	17398	299	1350
197.886	17399	301	1350
197.897	17400	303	1350
197.899	17401	305	1350
197.91	17402	307	1350
197.921	17403	306	1350
197.923	17404	308	1350
197.934	17405	310	1350
197.936	17406	312	1350
197.943	17407	310	1350
197.959	17408	310	1350
197.961	17409	312	1350
197.972	17410	314	1350
197.974	17411	317	1350
197.985	17412	319	1350
197.987	17413	321	1350
198.007	17414	319	1350
198.009	17415	321	1350
198.016	17416	318	1350
198.018	17417	321	1350
198.029	17418	323	1350
198.031	17419	325	1350
198.051	17420	323	1350
198.053	17421	325	1350
198.06	17422	323	1350
198.062	17423	325	1350
198.073	17424	327	1350
198.076	17425	329	1350
198.087	17426	323	1350
198.089	17427	325	1350
198.1	17428	327	1350
198.102	17429	330	1350
198.126	17430	332	1350
198.129	17431	334	1350
198.14	17432	336	1350
198.142	17433	338	1350
198.148	17434	335	1350
198.151	17435	337	1350
198.184	17436	341	1350
198.186	17437	343	1350
198.193	17438	340	1350
198.195	17439	342	1350
198.21	17440	348	1350
198.212	17441	350	1350
198.232	17442	350	1350
198.235	17443	352	1350
198.241	17444	349	1350
198.243	17445	351	1350
198.259	17446	356	1350
198.261	17447	359	1350
198.285	17448	359	1350
198.288	17449	361	1350
198.299	17450	362	1350
198.301	17451	364	1350
198.312	17452	365	1350
198.314	17453	368	1350
198.334	17454	367	1350
198.336	17455	370	1350
198.347	17456	371	1350
198.349	17457	373	1350
198.365	17458	371	1350
198.367	17459	374	1350
198.378	17460	375	1350
198.394	17461	372	1350
198.396	17462	374	1350
198.407	17463	375	1350
198.409	17464	377	1350
198.416	17465	374	1350
198.422	17466	374	1350
198.424	17467	376	1350
198.435	17468	377	1350
198.438	17469	379	1350
198.458	17470	374	1350
198.46	17471	376	1350
198.466	17472	373	1350
198.469	17473	375	1350
198.484	17474	374	1350
198.486	17475	376	1350
198.493	17476	372	1350
198.495	17477	375	1350
198.515	17478	373	1350
198.517	17479	376	1350
198.528	17480	377	1350
198.53	17481	379	1350
198.546	17482	369	1350
198.548	17483	372	1350
198.555	17484	368	1350
198.557	17485	370	1350
198.568	17486	370	1350
198.57	17487	373	1350
198.581	17488	370	1350
198.583	17489	372	1350
198.594	17490	372	1350
198.597	17491	374	1350
198.617	17492	365	1350
198.619	17493	367	1350
198.63	17494	367	1350
198.632	17495	369	1350
198.643	17496	371	1350
198.645	17497	373	1350
198.676	17498	368	1350
198.678	17499	370	1350
198.689	17500	370	1350
198.692	17501	372	1350
198.703	17502	370	1350
198.705	17503	372	1350
198.716	17504	372	1350
198.731	17505	372	1350
198.734	17506	374	1350
198.745	17507	374	1350
198.747	17508	376	1350
198.753	17509	367	1350
198.756	17510	369	1350
198.78	17511	367	1350
198.782	17512	370	1350
198.793	17513	370	1350
198.795	17514	372	1350
198.811	17515	371	1350
198.813	17516	374	1350
198.824	17517	374	1350
198.84	17518	367	1350
198.842	17519	369	1350
198.853	17520	369	1350
198.855	17521	371	1350
198.866	17522	371	1350
198.873	17523	369	1350
198.875	17524	371	1350
198.886	17525	371	1350
198.901	17526	370	1350
198.904	17527	372	1350
198.915	17528	371	1350
198.917	17529	373	1350
198.928	17530	372	1350
198.934	17531	374	1350
198.937	17532	376	1350
198.948	17533	375	1350
198.95	17534	377	1350
198.97	17535	378	1350
198.972	17536	381	1350
198.979	17537	375	1350
198.981	17538	377	1350
199.001	17539	383	1350
199.003	17540	385	1350
199.014	17541	384	1350
199.016	17542	387	1350
199.032	17543	378	1350
199.034	17544	380	1350
199.049	17545	384	1350
199.052	17546	386	1350
199.063	17547	383	1350
199.065	17548	385	1350
199.074	17549	382	1350
199.076	17550	384	1350
199.089	17551	383	1350
199.091	17552	385	1350
199.102	17553	384	1350
199.105	17554	386	1350
199.127	17555	385	1350
199.129	17556	387	1350
199.14	17557	386	1350
199.142	17558	389	1350
199.153	17559	385	1350
199.155	17560	387	1350
199.182	17561	380	1350
199.184	17562	382	1350
199.195	17563	382	1350
199.197	17564	384	1350
199.21	17565	383	1350
199.213	17566	385	1350
199.224	17567	384	1350
199.239	17568	384	1350
199.241	17569	386	1350
199.252	17570	385	1350
199.255	17571	387	1350
199.261	17572	382	1350
199.263	17573	384	1350
199.288	17574	382	1350
199.29	17575	384	1350
199.301	17576	385	1350
199.303	17577	387	1350
199.316	17578	381	1350
199.319	17579	383	1350
199.33	17580	382	1350
199.345	17581	381	1350
199.347	17582	383	1350
199.354	17583	378	1350
199.356	17584	380	1350
199.367	17585	379	1350
199.369	17586	378	1350
199.372	17587	380	1350
199.385	17588	378	1350
199.387	17589	381	1350
199.405	17590	378	1350
199.407	17591	380	1350
199.418	17592	380	1350
199.42	17593	382	1350
199.431	17594	379	1350
199.433	17595	381	1350
199.445	17596	380	1350
199.447	17597	382	1350
199.458	17598	381	1350
199.469	17599	374	1350
199.471	17600	377	1350
199.482	17601	376	1350
199.484	17602	378	1350
199.5	17603	374	1350
199.502	17604	376	1350
199.513	17605	375	1350
199.515	17606	378	1350
199.531	17607	374	1350
199.533	17608	376	1350
199.544	17609	375	1350
199.546	17610	378	1350
199.562	17611	374	1350
199.564	17612	376	1350
199.575	17613	375	1350
199.577	17614	378	1350
199.588	17615	374	1350
199.59	17616	376	1350
199.597	17617	370	1350
199.599	17618	373	1350
199.615	17619	363	1350
199.617	17620	365	1350
199.628	17621	364	1350
199.63	17622	367	1350
199.641	17623	363	1350
199.643	17624	365	1350
199.668	17625	361	1350
199.67	17626	363	1350
199.683	17627	364	1350
199.685	17628	367	1350
199.698	17629	363	1350
199.701	17630	365	1350
199.712	17631	364	1350
199.725	17632	360	1350
199.727	17633	363	1350
199.738	17634	362	1350
199.74	17635	364	1350
199.754	17636	365	1350
199.756	17637	367	1350
199.776	17638	363	1350
199.778	17639	365	1350
199.789	17640	364	1350
199.791	17641	367	1350
199.8	17642	359	1350
199.802	17643	361	1350
199.818	17644	364	1350
199.829	17645	358	1350
199.831	17646	360	1350
199.842	17647	359	1350
199.844	17648	362	1350
199.855	17649	361	1350
199.857	17650	363	1350
199.868	17651	362	1350
199.871	17652	364	1350
199.877	17653	359	1350
199.88	17654	361	1350
199.891	17655	361	1350
199.893	17656	363	1350
199.908	17657	366	1350
199.91	17658	368	1350
199.921	17659	365	1350
199.924	17660	367	1350
199.935	17661	366	1350
199.937	17662	368	1350
199.948	17663	365	1350
199.95	17664	368	1350
199.961	17665	367	1350
199.963	17666	369	1350
199.974	17667	365	1350
199.977	17668	367	1350
199.992	17669	371	1350
200.008	17670	369	1350
200.01	17671	371	1350
200.016	17672	367	1350
200.019	17673	369	1350
200.038	17674	370	1350
200.041	17675	372	1350
200.047	17676	367	1350
200.05	17677	369	1350
200.069	17678	370	1350
200.072	17679	372	1350
200.083	17680	371	1350
200.085	17681	373	1350
200.096	17682	372	1350
200.098	17683	375	1350
200.114	17684	374	1350
200.116	17685	376	1350
200.127	17686	375	1350
200.129	17687	378	1350
200.14	17688	374	1350
200.142	17689	376	1350
200.167	17690	374	1350
200.169	17691	376	1350
200.182	17692	378	1350
200.184	17693	380	1350
200.2	17694	376	1350
200.202	17695	378	1350
200.211	17696	375	1350
200.222	17697	371	1350
200.224	17698	373	1350
200.235	17699	373	1350
200.237	17700	376	1350
200.255	17701	376	1350
200.257	17702	379	1350
200.268	17703	378	1350
200.27	17704	380	1350
200.286	17705	371	1350
200.288	17706	373	1350
200.295	17707	369	1350
200.297	17708	371	1350
200.317	17709	374	1350
200.319	17710	376	1350
200.33	17711	375	1350
200.332	17712	378	1350
200.334	17713	369	1350
200.345	17714	376	1350
200.348	17715	378	1350
200.359	17716	375	1350
200.361	17717	377	1350
200.372	17718	376	1350
200.374	17719	379	1350
200.375	17720	374	61
