40.1083	1	108	1350
40.3514	2	140	78
40.3536	3	142	1350
40.3558	4	144	1344
40.358	5	146	1344
40.3602	6	149	1344
40.3624	7	151	1344
40.3646	8	153	1344
40.3664	9	155	1138
40.4305	10	169	1350
40.4308	11	169	211
40.433	12	172	1350
40.4441	13	177	1350
40.4551	14	182	1350
40.4617	15	182	1350
40.4728	16	187	1350
40.4838	17	192	1350
40.4905	18	193	1350
40.4971	19	194	1350
40.5037	20	194	1350
40.5103	21	195	1350
40.5169	22	195	1350
40.5236	23	196	1350
40.5302	24	197	1350
40.5368	25	197	1350
40.5434	26	198	1350
40.5501	27	199	1350
40.5567	28	199	1350
40.5633	29	200	1350
40.5744	30	205	1350
40.581	31	204	1350
40.5876	32	205	1350
40.5942	33	206	1350
40.6009	34	206	1350
40.6075	35	207	1350
40.6141	36	208	1350
40.6207	37	208	1350
40.6273	38	209	1350
40.6495	39	197	33
40.6562	40	201	1350
40.6628	41	201	1350
40.6694	42	202	1350
40.676	43	202	1350
40.6827	44	202	1350
40.6893	45	203	1350
40.6959	46	204	1350
40.7025	47	204	1350
40.7091	48	205	1350
40.7158	49	205	1350
40.7268	50	210	1350
40.7334	51	211	1350
40.7401	52	212	1350
40.7511	53	217	1350
40.7572	54	217	1025
40.8742	55	218	1350
40.8853	56	223	1350
40.8919	57	223	1350
40.8985	58	224	1350
40.9096	59	229	1350
40.9162	60	230	1350
40.9272	61	235	1350
40.9338	62	235	1350
40.9405	63	236	1350
40.9471	64	238	1350
40.9537	65	239	1350
40.9648	66	244	1350
40.9714	67	246	1350
40.978	68	247	1350
40.9846	69	248	1350
40.9957	70	254	1350
41.0023	71	256	1350
41.0089	72	257	1350
41.0155	73	259	1350
41.0222	74	261	1350
41.0288	75	262	1350
41.0354	76	266	1350
41.042	77	269	1350
41.0487	78	272	1350
41.0509	79	271	1350
41.0575	80	275	1350
41.0641	81	279	1350
41.0663	82	278	1350
41.0729	83	281	1350
41.0796	84	284	1350
41.0862	85	288	1350
41.0884	86	287	1350
41.095	87	291	1350
41.0972	88	293	1350
41.1039	89	293	1350
41.1061	90	296	1350
41.1171	91	302	1350
41.1193	92	304	1350
41.1259	93	303	1350
41.1281	94	306	1350
41.1348	95	306	1350
41.137	96	308	1350
41.148	97	315	1350
41.1502	98	317	1350
41.1569	99	317	1350
41.1591	100	320	1350
41.1657	101	320	1350
41.1679	102	322	1350
41.1789	103	327	1350
41.1811	104	330	1350
41.1878	105	330	1350
41.19	106	332	1350
41.1966	107	334	1350
41.1988	108	336	1350
41.2054	109	338	1350
41.2076	110	340	1350
41.2187	111	345	1350
41.2209	112	347	1350
41.2275	113	349	1350
41.2297	114	351	1350
41.2363	115	352	1350
41.2385	116	354	1350
41.2452	117	356	1350
41.2474	118	358	1350
41.254	119	359	1350
41.2562	120	361	1350
41.2673	121	367	1350
41.2695	122	369	1350
41.3556	123	370	1350
41.3578	124	372	1350
41.3732	125	375	1350
41.3754	126	377	1350
41.3953	127	379	1350
41.3975	128	381	1350
41.4169	129	383	1028
41.4876	130	384	34
41.534	131	384	1350
41.5362	132	386	1350
41.5428	133	386	1350
41.5473	135	386	1350
41.5517	137	384	1350
41.5561	139	384	1350
41.5583	140	386	1350
41.5693	143	386	1350
41.5737	145	385	1350
41.5782	147	384	1350
41.5804	148	386	1350
41.5826	149	383	1350
41.5848	150	385	1350
41.5914	151	386	1350
41.5958	153	385	1350
41.6002	155	385	1350
41.6025	156	387	1350
41.6047	157	383	1350
41.6069	158	385	1350
41.6091	159	383	1350
41.6113	160	385	1350
41.6179	161	385	1350
41.6223	163	385	1350
41.6267	165	383	1350
41.6312	166	383	1350
41.6334	167	385	1350
41.64	168	383	1350
41.6422	169	386	1350
41.651	170	386	1350
41.6643	172	372	1350
41.6665	173	374	1350
41.6731	174	375	1350
41.6753	175	377	1350
41.6819	176	378	1350
41.6886	177	367	1350
41.6908	178	369	1350
41.7018	179	374	1350
41.704	180	377	1350
41.7106	181	378	1350
41.7129	182	380	1350
41.7239	183	371	1350
41.7261	184	374	1350
41.7283	185	371	1350
41.7305	186	373	1350
41.7327	187	370	1350
41.7349	188	372	1350
41.7548	189	375	1350
41.757	190	378	1350
41.7592	191	375	1350
41.7614	192	377	1350
41.852	193	371	1350
41.8542	194	374	1350
41.8608	195	375	1350
41.863	196	377	1350
41.8873	197	367	1350
41.8895	198	369	1350
41.9249	199	372	35
42.0199	200	372	1350
42.0221	201	375	1350
42.0265	202	375	1350
42.0287	203	377	1350
42.0331	204	377	1350
42.0353	205	379	1350
42.0397	206	377	1350
42.0419	207	379	1350
42.0486	208	382	1350
42.053	209	383	1350
42.0552	210	386	1350
42.0574	211	384	1350
42.0596	212	386	1350
42.064	213	385	1350
42.0662	214	387	1350
42.0684	215	384	1350
42.0707	216	386	1350
42.0751	217	386	1350
42.0795	219	385	1350
42.0817	220	386	1350
42.0861	222	385	1350
42.0883	223	387	1350
42.0905	224	384	1350
42.0927	225	386	1350
42.0949	226	383	1350
42.0971	227	386	1350
42.106	228	383	1350
42.1082	229	386	1350
42.1126	230	386	1350
42.117	232	386	1350
42.1214	234	384	1350
42.1236	235	386	1350
42.1259	236	383	1350
42.1281	237	386	1350
42.1479	238	383	1350
42.1501	239	386	1350
42.1523	240	383	1350
42.1546	241	385	1350
42.1568	242	383	1350
42.159	243	385	1350
42.1612	244	382	1350
42.1788	245	371	1350
42.1811	246	374	1350
42.1833	247	372	1350
42.1855	248	374	1350
42.1877	249	371	1350
42.2075	250	372	1350
42.2098	251	374	1350
42.212	252	371	1350
42.2142	253	374	1350
42.2164	254	371	1350
42.2186	255	373	1350
42.2296	256	379	1350
42.2318	257	381	1350
42.2473	258	368	1350
42.2495	259	370	1350
42.2605	260	376	1350
42.2627	261	378	1350
42.3489	262	371	1350
42.3511	263	374	1350
42.3533	264	372	1350
42.3555	265	374	1350
42.3798	266	367	1350
42.382	267	369	1350
42.4858	268	341	1350
42.488	269	343	1350
42.4946	270	345	1350
42.4968	271	347	1350
42.499	272	345	1350
42.5012	273	347	1350
42.5078	274	348	1350
42.51	275	351	1350
42.5255	276	352	1350
42.5277	277	354	1350
42.5299	278	351	1350
42.5321	279	354	1350
42.5387	280	355	1350
42.541	281	357	1350
42.5476	282	359	1350
42.5498	283	361	1350
42.5564	284	364	1350
42.5586	285	366	1350
42.5652	286	367	1350
42.5675	287	369	1350
42.5741	288	371	1350
42.5763	289	373	1350
42.5785	290	370	1350
42.5807	291	372	1350
42.5873	292	374	1350
42.5895	293	376	1350
42.5962	294	379	1350
42.5969	295	379	435
42.6014	296	380	34
42.6036	297	382	1350
42.6103	298	385	1350
42.639	300	382	1350
42.6412	301	385	1350
42.6456	302	384	1350
42.65	304	383	1350
42.6522	305	386	1350
42.6765	314	385	1350
42.6809	316	384	1350
42.6853	318	384	1350
42.6942	319	384	1350
42.6986	321	383	1350
42.7008	322	385	1350
42.7207	323	383	1350
42.7251	325	384	1350
42.7273	326	386	1350
42.756	329	383	1350
42.7604	331	383	1350
42.7626	332	385	1350
42.8553	333	382	1350
42.8575	334	384	1350
42.862	335	383	1350
42.8642	336	386	1350
42.884	337	380	1350
42.8863	338	382	1350
42.9856	339	375	1350
42.9878	340	377	1350
42.9944	341	379	1350
42.9967	342	381	1350
43.0033	343	383	1350
43.0055	344	385	1350
43.0121	345	387	1350
43.0143	346	389	1350
43.0298	347	379	1350
43.032	348	381	1350
43.0342	349	379	1350
43.0364	350	381	1350
43.0386	351	378	1350
43.0408	352	380	1350
43.043	353	378	1350
43.0452	354	380	1350
43.0607	355	379	1350
43.0629	356	381	1350
43.0651	357	379	1350
43.0673	358	381	1350
43.0695	359	378	1350
43.0717	360	380	1350
43.0783	361	382	1350
43.0806	362	384	1350
43.0916	363	379	1350
43.0938	364	381	1350
43.096	365	379	1350
43.0982	366	381	1350
43.1048	367	382	1350
43.1203	368	381	1350
43.1225	369	381	1350
43.1247	370	379	1350
43.1313	371	381	1350
43.138	372	385	1350
43.149	373	373	1350
43.1512	374	375	1350
43.1534	375	372	1350
43.1556	376	374	1350
43.1623	377	377	1350
43.1645	378	379	1350
43.1711	379	380	1350
43.1733	380	382	1350
43.1799	381	383	1350
43.1821	382	386	1350
43.1998	387	389	1350
43.2042	389	389	1350
43.2064	390	386	1350
43.2086	391	388	1350
43.2108	392	385	1350
43.213	393	386	1350
43.2351	394	379	1350
43.2373	395	381	1350
43.2395	396	379	1350
43.2417	397	381	1350
43.2484	398	383	1350
43.2506	399	385	1350
43.3433	400	388	1350
43.372	403	385	1350
43.3742	404	387	1350
43.3764	405	385	1350
43.3786	406	387	1350
43.4912	407	381	1350
43.4935	408	383	1350
43.4957	409	380	1350
43.4979	410	382	1350
43.5001	411	380	1350
43.5023	412	382	1350
43.5177	413	380	1350
43.5199	414	382	1350
43.5266	415	384	1350
43.5288	416	386	1350
43.531	417	383	1350
43.5332	418	386	1350
43.5442	419	381	1350
43.5464	420	383	1350
43.5487	421	380	1350
43.5509	422	382	1350
43.5531	423	380	1350
43.5553	424	382	1350
43.5707	425	380	1350
43.5729	426	382	1350
43.5751	427	380	1350
43.5774	428	382	1350
43.5796	429	379	1350
43.5818	430	381	1350
43.5928	431	376	1350
43.595	432	379	1350
43.6039	433	382	1350
43.6061	434	385	1350
43.6083	435	382	1350
43.6237	436	378	1350
43.6259	437	380	1350
43.6326	438	382	1350
43.6348	439	384	1350
43.637	440	381	1350
43.6524	441	378	1350
43.6546	442	380	1350
43.6657	443	386	1350
43.6674	444	388	1050
43.6697	445	386	34
43.683	446	383	1350
43.6851	447	386	1337
43.6874	448	383	1350
43.6896	449	385	1350
43.6918	450	383	1350
43.6919	451	383	39
43.8575	452	383	1350
43.8597	453	383	1350
44.0783	454	295	1350
44.0805	455	297	1350
44.0871	456	299	1350
44.0893	457	301	1350
44.0959	458	303	1350
44.0982	459	306	1350
44.1048	460	307	1350
44.107	461	309	1350
44.1136	462	311	1350
44.1158	463	313	1350
44.118	464	311	1350
44.1202	465	313	1350
44.1269	466	314	1350
44.1291	467	317	1350
44.1357	468	318	1350
44.1379	469	320	1350
44.1445	470	322	1350
44.1467	471	324	1350
44.1534	472	326	1350
44.1556	473	328	1350
44.1622	474	330	1350
44.1644	475	332	1350
44.171	476	334	1350
44.1732	477	336	1350
44.1754	478	333	1350
44.1776	479	335	1350
44.1843	480	338	1350
44.1865	481	340	1350
44.1931	482	342	1350
44.1953	483	344	1350
44.2019	484	345	1350
44.2041	485	348	1350
44.2108	486	349	1350
44.213	487	351	1350
44.2196	488	353	1350
44.2218	489	355	1350
44.224	490	353	1350
44.2262	491	355	1350
44.2328	492	356	1350
44.2351	493	359	1350
44.2417	494	360	1350
44.2439	495	362	1350
44.2505	496	364	1350
44.2527	497	366	1350
44.2593	498	368	1350
44.2615	499	370	1350
44.2682	500	372	1350
44.2704	501	374	1350
44.2726	502	371	1350
44.2748	503	373	1350
44.2814	504	376	1350
44.2836	505	378	1350
44.2903	506	380	1350
44.2925	507	382	1350
44.2991	508	384	1350
44.3013	509	386	1350
44.3079	510	387	1350
44.3145	512	389	1350
44.3167	514	386	1350
44.319	515	388	1350
44.3212	516	386	1350
44.3234	517	388	1350
44.3278	518	387	1350
44.3432	520	384	1350
44.3455	521	386	1350
44.553	522	350	1350
44.5552	523	352	1350
44.5574	524	349	1350
44.5596	525	351	1350
44.5618	526	348	1350
44.564	527	351	1350
44.5663	528	337	1350
44.5685	529	339	1350
44.5707	530	336	1350
44.5729	531	338	1350
44.5751	532	336	1350
44.5773	533	338	1350
44.5795	534	335	1350
44.5817	535	337	1350
44.584	536	324	1350
44.5862	537	326	1350
44.5884	538	323	1350
44.5906	539	325	1350
44.5929	540	322	1350
44.5951	541	325	1350
44.5973	542	310	1350
44.5995	543	312	1350
44.6017	544	309	1350
44.6039	545	311	1350
44.6061	546	309	1350
44.6083	547	311	1350
44.6105	548	308	1350
44.6127	549	310	1350
44.6149	550	296	1350
44.6171	551	299	1350
44.6193	552	296	1350
44.6216	553	298	1350
44.6238	554	295	1350
44.626	555	297	1350
44.6282	556	284	1350
44.6304	557	286	1350
44.6326	558	283	1350
44.6348	559	285	1350
44.637	560	283	1350
44.6392	561	285	1350
44.6414	562	282	1350
44.6436	563	284	1350
44.6458	564	281	1350
44.6481	565	284	1350
44.6503	566	266	1350
44.6525	567	268	1350
44.6547	568	265	1350
44.6569	569	267	1350
44.6591	570	265	1350
44.6613	571	267	1350
44.6635	572	264	1350
44.6657	573	266	1350
44.6679	574	253	1350
44.6701	575	256	1350
44.6723	576	253	1350
44.6745	577	255	1350
44.6768	578	253	1350
44.679	579	255	1350
44.6812	580	252	1350
44.6834	581	254	1350
44.6856	582	251	1350
44.6878	583	253	1350
44.69	584	251	1350
44.6922	585	253	1350
44.6944	586	251	1350
44.6966	587	253	1350
44.6988	588	249	1350
44.701	589	154	1350
44.7553	590	102	1350
44.7575	591	104	1350
44.7962	592	102	1350
44.7984	593	104	1350
44.8371	594	103	1350
44.8393	595	105	1350
44.8757	596	102	1350
44.8779	597	104	1350
44.8891	598	103	1350
44.8913	599	105	1350
44.9025	600	102	1350
44.9047	601	104	1350
44.9159	602	102	1350
44.9181	603	105	1350
44.9293	604	102	1350
44.9315	605	104	1350
44.9426	606	102	1350
44.9448	607	104	1350
44.956	608	103	1350
44.9582	609	105	1350
44.9694	610	102	1350
44.9716	611	104	1350
44.9826	612	102	1350
44.9848	613	104	1350
45.0168	614	123	1350
45.019	615	126	1350
45.0389	616	132	1350
45.0411	617	135	1350
45.061	618	141	1350
45.0632	619	144	1350
45.0786	620	146	1350
45.0808	621	148	1350
45.1007	622	155	1350
45.1029	623	157	1350
45.1228	624	164	1350
45.125	625	166	1350
45.1404	626	169	1350
45.1427	627	171	1350
45.1625	628	178	1350
45.1647	629	180	1350
45.1846	630	187	1350
45.1868	631	189	1350
45.2023	632	192	1350
45.2045	633	194	1350
45.2244	634	201	1350
45.2266	635	203	1350
45.2464	636	210	1350
45.2486	637	212	1350
45.2641	638	214	1350
45.2663	639	216	1350
45.2862	640	223	1350
45.2884	641	225	1350
45.3083	642	232	1350
45.3105	643	234	1350
45.3259	644	236	1350
45.3281	645	239	1350
45.348	646	246	1350
45.3502	647	248	1350
45.3701	648	255	1350
45.3723	649	257	1350
45.3877	650	259	1350
45.39	651	261	1350
45.4098	652	268	1350
45.412	653	271	1350
45.4231	654	269	1350
45.4253	655	271	1350
45.4363	656	269	1350
45.4385	657	271	1350
45.4496	658	269	1350
45.4518	659	271	1350
45.4628	660	269	1350
45.465	661	272	1350
45.4805	662	274	1350
45.4827	663	276	1350
45.4937	664	274	1350
45.4959	665	276	1350
45.507	666	274	1350
45.5092	667	277	1350
45.5202	668	278	1350
45.5224	669	280	1350
45.5335	670	280	1350
45.5357	671	282	1350
45.5423	672	279	1350
45.5445	673	281	1350
45.5556	674	281	1350
45.5578	675	283	1350
45.5688	676	284	1350
45.571	677	287	1350
45.582	678	287	1350
45.5843	679	289	1350
45.5953	680	290	1350
45.5975	681	292	1350
45.6041	682	289	1350
45.6063	683	291	1350
45.6174	684	291	1350
45.6196	685	293	1350
45.6306	686	294	1350
45.6328	687	296	1350
45.6395	688	292	1350
45.6417	689	294	1350
45.6527	690	295	1350
45.6549	691	297	1350
45.666	692	297	1350
45.6682	693	300	1350
45.6836	694	305	1350
45.6858	695	307	1350
45.6969	696	308	1350
45.6991	697	311	1350
45.7101	698	311	1350
45.7123	699	313	1350
45.7278	700	318	1350
45.73	701	320	1350
45.741	702	321	1350
45.7432	703	323	1350
45.7543	704	324	1350
45.7565	705	326	1350
45.7719	706	330	1350
45.7741	707	333	1350
45.7852	708	334	1350
45.7874	709	336	1350
45.7984	710	337	1350
45.8006	711	339	1350
45.8161	712	344	1350
45.8183	713	346	1350
45.8293	714	347	1350
45.8316	715	349	1350
45.847	716	347	1350
45.8492	717	349	1350
45.8691	718	352	1350
45.8713	719	354	1350
45.8868	720	352	1350
45.889	721	354	1350
45.9088	722	356	1350
45.911	723	359	1350
45.9265	724	357	1350
45.9287	725	359	1350
45.9486	726	361	1350
45.9508	727	363	1350
45.9662	728	362	1350
45.9684	729	364	1350
45.9839	730	362	1350
45.9861	731	365	1350
46.006	732	366	1350
46.0082	733	369	1350
46.0236	734	367	1350
46.0259	735	369	1350
46.0457	736	372	1350
46.0479	737	374	1350
46.0634	738	372	1350
46.0656	739	374	1350
46.0855	740	377	1350
46.0877	741	379	1350
46.0987	742	377	1350
46.1009	743	379	1350
46.1164	744	382	1350
46.1186	745	384	1350
46.1296	746	382	1350
46.1318	747	384	1350
46.1473	748	387	1350
46.1495	749	389	1350
46.1628	750	389	1350
46.1738	752	387	1350
46.176	753	390	1350
46.187	754	388	1350
46.1981	756	386	1350
46.2003	757	388	1350
46.2135	758	387	1350
46.2378	762	385	1350
46.24	763	388	1350
46.2533	764	388	1350
46.2643	766	386	1350
46.2665	767	388	1350
46.2776	768	386	1350
46.2798	769	388	1350
46.2886	770	384	1350
46.2908	771	386	1350
46.3041	772	387	1350
46.3063	773	389	1350
46.3195	774	389	1350
46.3284	776	385	1350
46.3306	777	387	1350
46.3438	778	387	1350
46.3548	780	385	1350
46.3571	781	388	1350
46.3681	782	386	1350
46.3703	783	388	1350
46.3813	784	386	1350
46.3836	785	388	1350
46.3946	786	386	1350
46.3968	787	388	1350
46.4078	788	386	1350
46.41	789	389	1350
46.4211	790	387	1350
46.4233	791	389	1350
46.4343	792	387	1350
46.4365	793	389	1350
46.4476	794	387	1350
46.4498	795	389	1350
46.4608	796	387	1350
46.4697	798	383	1350
46.4719	799	385	1350
46.4851	800	386	1350
46.4873	801	388	1350
46.4962	802	384	1350
46.4984	803	386	1350
46.5094	804	384	1350
46.5116	805	386	1350
46.5227	806	384	1350
46.5249	807	386	1350
46.5381	808	387	1350
46.5403	809	389	1350
46.5492	810	385	1350
46.5514	811	387	1350
46.5646	812	387	1350
46.5668	813	389	1350
46.5712	814	381	1350
46.5734	815	383	1350
46.5889	816	385	1350
46.5911	817	388	1350
46.6021	818	385	1350
46.6044	819	387	1350
46.6176	820	387	1350
46.6242	822	381	1350
46.6264	823	383	1350
46.6419	824	385	1350
46.6441	825	388	1350
46.6507	826	381	1350
46.6529	827	383	1350
46.6596	828	377	1350
46.6618	829	379	1350
46.6772	830	382	1350
46.6794	831	381	1350
46.6816	832	381	1350
46.6927	833	379	1350
46.7103	834	373	1350
46.7125	835	372	1349
46.7148	836	374	1350
46.7346	837	377	1350
46.7412	838	377	1350
46.7479	839	381	1350
46.7589	840	381	1350
46.7611	841	382	1350
46.7942	842	381	1350
46.7964	843	383	1350
46.8119	844	385	1350
46.8141	845	388	1350
46.8274	846	388	1350
46.8318	848	379	1350
46.834	849	381	1350
46.8362	850	371	1350
46.8384	851	373	1350
46.8494	852	371	1350
46.8516	853	373	1350
46.8804	854	374	1350
46.8826	855	376	1350
46.8936	856	374	1350
46.8958	857	376	1350
46.9068	858	374	1350
46.9091	859	377	1350
46.9113	860	366	1350
46.9135	861	368	1350
46.9245	862	365	1350
46.9267	863	367	1350
46.9422	864	371	1350
46.9444	865	373	1350
46.9554	866	370	1350
46.9576	867	372	1350
46.9731	868	375	1350
46.9753	869	377	1350
46.9885	870	377	1350
46.9908	871	369	1350
46.993	872	371	1350
47.004	873	369	1350
47.0062	874	372	1350
47.0172	875	370	1350
47.0195	876	372	1350
47.0349	877	374	1350
47.0371	878	377	1350
47.0482	879	374	1350
47.0504	880	376	1350
47.0636	881	376	1350
47.0658	882	378	1350
47.0702	883	370	1350
47.0724	884	372	1350
47.0835	885	369	1350
47.0857	886	371	1350
47.1012	887	375	1350
47.1034	888	377	1350
47.1078	889	367	1350
47.11	890	369	1350
47.1254	891	372	1350
47.1276	892	374	1350
47.1343	893	368	1350
47.1453	894	370	1350
47.1475	895	372	1350
47.163	896	374	1350
47.1652	897	377	1350
47.1806	898	378	1350
47.1828	899	380	1350
47.1983	900	383	1350
47.2005	901	385	1350
47.2425	906	388	1350
47.2535	908	386	1350
47.2557	909	388	1350
47.2822	912	389	1350
47.2955	914	389	1350
47.3065	916	387	1350
47.3197	918	388	1350
47.3264	920	381	1350
47.3286	921	383	1350
47.3396	922	381	1350
47.3418	923	383	1350
47.3529	924	381	1350
47.3551	925	384	1350
47.3661	926	382	1350
47.3683	927	384	1350
47.3794	928	382	1350
47.3816	929	384	1350
47.3926	930	382	1350
47.3948	931	384	1350
47.4059	932	382	1350
47.4081	933	385	1350
47.4191	934	383	1350
47.4213	935	385	1350
47.4324	936	385	1350
47.4346	937	387	1350
47.4412	938	384	1350
47.4434	939	386	1350
47.4544	940	387	1350
47.4611	942	383	1350
47.4633	943	385	1350
47.4743	944	385	1350
47.4765	945	387	1350
47.4831	946	384	1350
47.4853	947	386	1350
47.4964	948	387	1350
47.4986	949	389	1350
47.5052	950	385	1350
47.5074	951	387	1350
47.5163	952	386	1350
47.5185	953	388	1350
47.5295	954	388	1350
47.5361	956	385	1350
47.5383	957	387	1350
47.5494	958	387	1350
47.556	960	383	1350
47.5582	961	386	1350
47.5715	962	389	1350
47.5825	964	389	1350
47.6024	968	388	1350
47.6134	970	389	1350
47.6222	972	387	1350
47.6333	974	388	1350
47.6421	976	387	1350
47.6443	977	389	1350
47.6532	978	380	1350
47.6554	979	382	1350
47.6752	980	385	1350
47.6774	981	387	1350
47.6929	982	384	1350
47.6951	983	387	1350
47.7061	984	381	1350
47.7084	985	383	1350
47.7194	986	377	1350
47.7216	987	379	1350
47.7415	988	381	1350
47.7437	989	383	1350
47.7591	990	382	1350
47.7613	991	384	1350
47.7812	992	387	1350
47.7834	993	389	1350
47.7989	994	386	1350
47.8011	995	389	1350
47.8188	996	389	1350
47.8298	998	382	1350
47.832	999	384	1350
47.8386	1000	374	1350
47.8408	1001	376	1350
47.8563	1002	375	1350
47.8585	1003	377	1350
47.8695	1004	375	1350
47.8717	1005	377	1350
47.8828	1006	375	1350
47.885	1007	377	1350
47.896	1008	376	1350
47.8982	1009	378	1350
47.9093	1010	375	1350
47.9115	1011	377	1350
47.9225	1012	375	1350
47.9247	1013	377	1350
47.9358	1014	375	1350
47.938	1015	377	1350
47.9446	1016	371	1350
47.9468	1017	373	1350
47.9623	1018	376	1350
47.9645	1019	378	1350
47.9733	1020	374	1350
47.9755	1021	376	1350
47.991	1022	378	1350
47.9932	1023	381	1350
48.0042	1024	379	1350
48.0064	1025	381	1350
48.0131	1026	375	1350
48.0153	1027	377	1350
48.0219	1028	370	1350
48.0241	1029	373	1350
48.0351	1030	371	1350
48.0373	1031	373	1350
48.0528	1032	375	1350
48.055	1033	378	1350
48.0638	1034	373	1350
48.066	1035	376	1350
48.0771	1036	375	1350
48.0793	1037	377	1350
48.0948	1038	378	1350
48.097	1039	380	1350
48.108	1040	378	1350
48.1102	1041	381	1350
48.1257	1042	383	1350
48.1279	1043	385	1350
48.1389	1044	383	1350
48.1411	1045	386	1350
48.1566	1046	388	1350
48.161	1048	379	1350
48.1632	1049	382	1350
48.1742	1050	380	1350
48.1764	1051	382	1350
48.1919	1052	384	1350
48.1941	1053	387	1350
48.2052	1054	385	1350
48.2074	1055	387	1350
48.2228	1056	389	1350
48.2339	1058	387	1350
48.2361	1059	390	1350
48.2471	1060	388	1350
48.2581	1062	386	1350
48.2604	1063	388	1350
48.2736	1064	388	1350
48.2846	1066	386	1350
48.2868	1067	388	1350
48.2979	1068	386	1350
48.3001	1069	389	1350
48.3133	1070	388	1350
48.3244	1072	386	1350
48.3266	1073	388	1350
48.3376	1074	386	1350
48.3398	1075	388	1350
48.3487	1076	384	1350
48.3509	1077	386	1350
48.3641	1078	387	1350
48.3663	1079	389	1350
48.3884	1082	385	1350
48.3906	1083	387	1350
48.4039	1084	387	1350
48.4149	1086	385	1350
48.4171	1087	388	1350
48.4304	1088	388	1350
48.4392	1090	384	1350
48.4414	1091	386	1350
48.4547	1092	386	1350
48.4569	1093	388	1350
48.4701	1094	389	1350
48.4812	1096	387	1350
48.4834	1097	389	1350
48.4944	1098	387	1350
48.4966	1099	389	1350
48.5054	1100	385	1350
48.5076	1101	387	1350
48.5209	1102	387	1350
48.5341	1104	388	1350
48.5408	1106	381	1350
48.543	1107	383	1350
48.554	1108	382	1350
48.5562	1109	384	1350
48.5695	1110	384	1350
48.5717	1111	386	1350
48.5827	1112	384	1350
48.5849	1113	386	1350
48.596	1114	384	1350
48.5982	1115	387	1350
48.607	1116	383	1350
48.6092	1117	385	1350
48.6203	1118	383	1350
48.6225	1119	385	1350
48.6335	1120	383	1350
48.6357	1121	385	1350
48.6468	1122	383	1350
48.649	1123	385	1350
48.6644	1124	388	1350
48.6755	1126	386	1350
48.6777	1127	388	1350
48.6887	1128	385	1350
48.6909	1129	387	1350
48.702	1130	385	1350
48.7042	1131	388	1350
48.7152	1132	386	1350
48.7174	1133	388	1350
48.7284	1134	386	1350
48.7307	1135	388	1350
48.7417	1136	386	1350
48.7439	1137	388	1350
48.7572	1138	389	1350
48.766	1140	384	1350
48.7682	1141	387	1350
48.7814	1142	387	1350
48.8057	1146	385	1350
48.8079	1147	387	1350
48.8212	1148	388	1350
48.8322	1150	386	1350
48.8344	1151	388	1350
48.8477	1152	388	1350
48.8565	1154	384	1350
48.8587	1155	386	1350
48.872	1156	386	1350
48.8742	1157	389	1350
48.8874	1158	389	1350
48.8985	1160	387	1350
48.9007	1161	389	1350
48.9117	1162	387	1350
48.9228	1164	385	1350
48.925	1165	387	1350
48.9647	1170	388	1350
48.9912	1174	389	1350
49	1176	385	1350
49.0022	1177	387	1350
49.0155	1178	387	1350
49.0177	1179	389	1350
49.0243	1180	383	1350
49.0265	1181	385	1350
49.0287	1182	374	1350
49.0309	1183	376	1350
49.042	1184	374	1350
49.0442	1185	377	1350
49.0552	1186	374	1350
49.0574	1187	376	1350
49.0685	1188	374	1350
49.0707	1189	376	1350
49.0861	1190	379	1350
49.0884	1191	381	1350
49.1038	1192	383	1350
49.106	1193	386	1350
49.1104	1194	377	1350
49.1126	1195	379	1350
49.1237	1196	377	1350
49.1259	1197	379	1350
49.1369	1198	377	1350
49.1391	1199	380	1350
49.1458	1200	373	1350
49.148	1201	375	1350
49.159	1202	374	1350
49.1612	1203	376	1350
49.1723	1204	374	1350
49.1745	1205	376	1350
49.1855	1206	377	1350
49.1877	1207	379	1350
49.1943	1208	375	1350
49.1965	1209	377	1350
49.2076	1210	378	1350
49.2098	1211	380	1350
49.2164	1212	376	1350
49.2186	1213	378	1350
49.2297	1214	379	1350
49.2319	1215	381	1350
49.2385	1216	378	1350
49.2407	1217	380	1350
49.2517	1218	380	1350
49.254	1219	382	1350
49.2606	1220	379	1350
49.2628	1221	381	1350
49.2738	1222	381	1350
49.276	1223	384	1350
49.2871	1224	385	1350
49.2893	1225	387	1350
49.2959	1226	382	1350
49.2981	1227	385	1350
49.3092	1228	386	1350
49.3114	1229	388	1350
49.318	1230	384	1350
49.3202	1231	387	1350
49.3312	1232	387	1350
49.3334	1233	389	1350
49.3401	1234	386	1350
49.3423	1235	388	1350
49.3511	1236	386	1350
49.3533	1237	388	1350
49.3599	1238	384	1350
49.3621	1239	387	1350
49.371	1240	384	1350
49.3732	1241	387	1350
49.3842	1242	388	1350
49.3908	1244	384	1350
49.3931	1245	387	1350
49.4085	1246	384	1350
49.4107	1247	386	1350
49.4284	1248	387	1350
49.4306	1249	389	1350
49.4438	1250	384	1350
49.446	1251	387	1350
49.4637	1252	387	1350
49.4792	1254	386	1350
49.4814	1255	388	1350
49.499	1256	388	1350
49.5145	1258	386	1350
49.5167	1259	388	1350
49.5344	1260	389	1350
49.5498	1262	386	1350
49.552	1263	389	1350
49.5653	1264	385	1350
49.5675	1265	387	1350
49.5852	1266	387	1350
49.6006	1268	385	1350
49.6028	1269	387	1350
49.6139	1270	385	1350
49.6161	1271	388	1350
49.6293	1272	388	1350
49.6404	1274	386	1350
49.6426	1275	388	1350
49.6558	1276	388	1350
49.6668	1278	386	1350
49.6691	1279	389	1350
49.6801	1280	387	1350
49.6823	1281	389	1350
49.6956	1282	389	1350
49.7066	1284	387	1350
49.7088	1285	389	1350
49.7198	1286	387	1350
49.7309	1288	385	1350
49.7331	1289	388	1350
49.7463	1290	388	1350
49.7574	1292	386	1350
49.7596	1293	388	1350
49.7662	1294	382	1350
49.7684	1295	384	1350
49.7839	1296	386	1350
49.7861	1297	389	1350
49.7927	1298	382	1350
49.7949	1299	384	1350
49.8104	1300	387	1350
49.8126	1301	389	1350
49.8148	1302	377	1350
49.817	1303	379	1350
49.8324	1304	382	1350
49.8347	1305	384	1350
49.8457	1306	382	1350
49.8479	1307	384	1350
49.8634	1308	387	1350
49.8744	1310	385	1350
49.8766	1311	387	1350
49.8788	1312	376	1350
49.881	1313	379	1350
49.8965	1314	381	1350
49.8987	1315	383	1350
49.9097	1316	381	1350
49.9119	1317	383	1350
49.9274	1318	386	1350
49.9296	1319	388	1350
49.9406	1320	387	1350
49.9539	1322	386	1350
49.9561	1323	389	1350
49.9649	1324	384	1350
49.9671	1325	387	1350
49.9782	1326	385	1350
49.9804	1327	387	1350
49.9936	1328	388	1350
50.0047	1330	386	1350
50.0069	1331	388	1350
50.0179	1332	387	1350
50.029	1334	385	1350
50.0312	1335	388	1350
50.0444	1336	389	1350
50.0555	1338	388	1350
50.0687	1340	387	1350
50.0797	1342	386	1350
50.082	1343	388	1350
50.0952	1344	389	1350
50.104	1346	386	1350
50.1062	1347	388	1350
50.1195	1348	388	1350
50.1305	1350	387	1350
50.1327	1351	389	1350
50.1548	1354	385	1350
50.157	1355	388	1350
50.1614	1356	380	1350
50.1636	1357	382	1350
50.1659	1358	371	1350
50.1681	1359	374	1350
50.1703	1360	364	1350
50.1725	1361	366	1350
50.1924	1362	373	1350
50.1946	1363	375	1350
50.199	1364	367	1350
50.2012	1365	370	1350
50.2122	1366	368	1350
50.2144	1367	370	1350
50.2255	1368	369	1350
50.2277	1369	371	1350
50.2387	1370	370	1350
50.2409	1371	372	1350
50.252	1372	369	1350
50.2542	1373	372	1350
50.2652	1374	371	1350
50.2763	1375	367	1350
50.2785	1376	369	1350
50.2895	1377	368	1350
50.2917	1378	370	1350
50.3028	1379	367	1350
50.305	1380	369	1350
50.316	1381	367	1350
50.3182	1382	370	1350
50.3292	1383	369	1350
50.3315	1384	371	1350
50.3425	1385	369	1350
50.3447	1386	371	1350
50.3557	1387	370	1350
50.358	1388	372	1350
50.369	1389	370	1350
50.3712	1390	373	1350
50.3778	1391	367	1350
50.38	1392	370	1350
50.3911	1393	368	1350
50.3933	1394	370	1350
50.4043	1395	368	1350
50.4065	1396	370	1350
50.422	1397	369	1350
50.4242	1398	372	1350
50.4352	1399	370	1350
50.4374	1400	372	1350
50.4485	1401	371	1350
50.4507	1402	373	1350
50.4661	1403	376	1350
50.4684	1404	378	1350
50.4794	1405	376	1350
50.4816	1406	378	1350
50.4926	1407	377	1350
50.4948	1408	379	1350
50.5059	1409	377	1350
50.5081	1410	380	1350
50.5236	1411	383	1350
50.5258	1412	385	1350
50.5368	1413	383	1350
50.539	1414	386	1350
50.55	1415	384	1350
50.5523	1416	386	1350
50.5633	1417	385	1350
50.5655	1418	387	1350
50.5788	1419	387	1350
50.5898	1421	386	1350
50.592	1422	388	1350
50.603	1423	387	1350
50.6052	1424	389	1350
50.6341	1425	377	34
50.9343	1426	245	1350
50.941	1427	248	1350
50.9476	1428	244	1350
50.9542	1429	245	1350
50.9608	1430	245	1350
51.2059	1431	146	1350
51.2081	1432	149	1350
51.2192	1433	148	1350
51.2214	1434	150	1350
51.2324	1435	148	1350
51.2346	1436	150	1350
51.2457	1437	148	1350
51.2479	1438	150	1350
51.2633	1439	154	1350
51.2655	1440	156	1350
51.2766	1441	154	1350
51.2788	1442	156	1350
51.2898	1443	155	1350
51.292	1444	158	1350
51.3031	1445	156	1350
51.3053	1446	158	1350
51.3163	1447	157	1350
51.3185	1448	159	1350
51.3296	1449	157	1350
51.3318	1450	159	1350
51.3472	1451	162	1350
51.3494	1452	164	1350
51.3605	1453	163	1350
51.3627	1454	165	1350
51.3737	1455	163	1350
51.3759	1456	165	1350
51.387	1457	164	1350
51.3892	1458	167	1350
51.4002	1459	165	1350
51.4024	1460	167	1350
51.4135	1461	166	1350
51.4157	1462	168	1350
51.4267	1463	166	1350
51.4289	1464	168	1350
51.4444	1465	171	1350
51.4466	1466	173	1350
51.4576	1467	172	1350
51.4598	1468	174	1350
51.4709	1469	172	1350
51.4731	1470	175	1350
51.4841	1471	174	1350
51.4863	1472	176	1350
51.4974	1473	174	1350
51.4996	1474	176	1350
51.5106	1475	175	1350
51.5128	1476	177	1350
51.5239	1477	175	1350
51.5261	1478	178	1350
51.5415	1479	180	1350
51.5437	1480	182	1350
51.5548	1481	181	1350
51.557	1482	183	1350
51.568	1483	182	1350
51.5702	1484	184	1350
51.5813	1485	183	1350
51.5835	1486	185	1350
51.5945	1487	183	1350
51.5967	1488	185	1350
51.6122	1489	189	1350
51.6144	1490	191	1350
51.6254	1491	189	1350
51.6277	1492	191	1350
51.6387	1493	189	1350
51.6409	1494	191	1350
51.6519	1495	190	1350
51.6541	1496	193	1350
51.6652	1497	191	1350
51.6674	1498	193	1350
51.6829	1499	196	1350
51.6851	1500	199	1350
51.6961	1501	198	1350
51.6983	1502	200	1350
51.7093	1503	198	1350
51.7116	1504	200	1350
51.7226	1505	198	1350
51.7248	1506	200	1350
51.7403	1507	203	1350
51.7425	1508	205	1350
51.7535	1509	204	1350
51.7557	1510	206	1350
51.7668	1511	204	1350
51.769	1512	206	1350
51.78	1513	206	1350
51.7822	1514	208	1350
51.7977	1515	210	1350
51.7999	1516	212	1350
51.8109	1517	211	1350
51.8131	1518	214	1350
51.8242	1519	212	1350
51.8264	1520	214	1350
51.8374	1521	213	1350
51.8396	1522	215	1350
51.8551	1523	218	1350
51.8573	1524	220	1350
51.8683	1525	218	1350
51.8705	1526	220	1350
51.8816	1527	219	1350
51.8838	1528	221	1350
51.8948	1529	219	1350
51.897	1530	222	1350
51.9125	1531	225	1350
51.9147	1532	227	1350
51.9257	1533	225	1350
51.9279	1534	227	1350
51.939	1535	226	1350
51.9412	1536	229	1350
51.9522	1537	227	1350
51.9544	1538	229	1350
51.9655	1539	227	1350
51.9677	1540	229	1350
51.9831	1541	233	1350
51.9853	1542	235	1350
51.9964	1543	233	1350
51.9986	1544	235	1350
52.0096	1545	234	1350
52.0118	1546	236	1350
52.0229	1547	234	1350
52.0251	1548	237	1350
52.0405	1549	240	1350
52.0428	1550	242	1350
52.0538	1551	240	1350
52.056	1552	243	1350
52.067	1553	241	1350
52.0693	1554	243	1350
52.0803	1555	242	1350
52.0825	1556	244	1350
52.098	1557	246	1350
52.1002	1558	249	1350
52.1112	1559	248	1350
52.1134	1560	250	1350
52.1245	1561	248	1350
52.1267	1562	250	1350
52.1377	1563	249	1350
52.1399	1564	251	1350
52.1554	1565	254	1350
52.1576	1566	256	1350
52.1686	1567	254	1350
52.1708	1568	256	1350
52.1819	1569	255	1350
52.1841	1570	258	1350
52.1951	1571	256	1350
52.1973	1572	258	1350
52.2084	1573	257	1350
52.2106	1574	259	1350
52.226	1575	262	1350
52.2282	1576	264	1350
52.2393	1577	263	1350
52.2415	1578	265	1350
52.2525	1579	263	1350
52.2547	1580	265	1350
52.2658	1581	263	1350
52.268	1582	265	1350
52.2834	1583	269	1350
52.2856	1584	271	1350
52.2967	1585	269	1350
52.2989	1586	271	1350
52.3099	1587	270	1350
52.3121	1588	273	1350
52.3232	1589	271	1350
52.3254	1590	273	1350
52.3364	1591	272	1350
52.3386	1592	274	1350
52.3541	1593	277	1350
52.3563	1594	279	1350
52.3673	1595	277	1350
52.3695	1596	279	1350
52.3806	1597	278	1350
52.3828	1598	280	1350
52.3982	1599	283	1350
52.4005	1600	285	1350
52.4115	1601	284	1350
52.4137	1602	286	1350
52.4247	1603	284	1350
52.4269	1604	286	1350
52.438	1605	285	1350
52.4402	1606	288	1350
52.4557	1607	290	1350
52.4579	1608	292	1350
52.4689	1609	291	1350
52.4711	1610	294	1350
52.4821	1611	292	1350
52.4844	1612	294	1350
52.4954	1613	295	1350
52.4976	1614	297	1350
52.5086	1615	298	1350
52.5109	1616	300	1350
52.5175	1617	297	1350
52.5197	1618	299	1350
52.5307	1619	300	1350
52.5329	1620	302	1350
52.544	1621	303	1350
52.5462	1622	306	1350
52.5616	1623	311	1350
52.5638	1624	313	1350
52.5749	1625	314	1350
52.5771	1626	317	1350
52.5881	1627	318	1350
52.5903	1628	320	1350
52.6014	1629	320	1350
52.6036	1630	322	1350
52.619	1631	328	1350
52.6213	1632	330	1350
52.6323	1633	331	1350
52.6345	1634	333	1350
52.6455	1635	334	1350
52.6477	1636	336	1350
52.6588	1637	337	1350
52.661	1638	339	1350
52.672	1639	341	1350
52.6742	1640	343	1350
52.6897	1641	348	1350
52.6919	1642	350	1350
52.7029	1643	351	1350
52.7052	1644	354	1350
52.7162	1645	355	1350
52.7184	1646	357	1350
52.7294	1647	358	1350
52.7317	1648	360	1350
52.7471	1649	366	1350
52.7493	1650	368	1350
52.7604	1651	369	1350
52.7626	1652	371	1350
52.7736	1653	372	1350
52.7758	1654	374	1350
52.7869	1655	375	1350
52.7891	1656	378	1350
52.8045	1657	383	1350
52.8067	1658	385	1350
52.8178	1659	386	1350
52.82	1660	388	1350
52.8288	1661	387	1350
52.831	1662	390	1350
52.8376	1663	386	1350
52.8398	1664	388	1350
52.8465	1665	385	1350
52.8487	1666	387	1350
52.8597	1667	381	1350
52.8619	1668	383	1350
52.873	1669	377	1350
52.8752	1670	380	1350
52.8862	1671	374	1350
52.8884	1672	376	1350
52.9039	1673	374	1350
52.9061	1674	377	1350
52.9171	1675	372	1350
52.9193	1676	374	1350
52.9304	1677	368	1350
52.9326	1678	370	1350
52.9436	1679	364	1350
52.9458	1680	366	1350
52.9613	1681	365	1350
52.9635	1682	367	1350
52.9745	1683	362	1350
52.9767	1684	364	1350
52.9878	1685	358	1350
52.99	1686	360	1350
53.001	1687	355	1350
53.0032	1688	357	1350
53.0187	1689	355	1350
53.0209	1690	357	1350
53.0319	1691	352	1350
53.0341	1692	355	1350
53.0496	1693	353	1350
53.0518	1694	355	1350
53.0673	1695	354	1350
53.0695	1696	356	1350
53.0849	1697	354	1350
53.0871	1698	357	1350
53.1026	1699	356	1350
53.1048	1700	358	1350
53.1158	1701	356	1350
53.1181	1702	359	1350
53.1291	1703	358	1350
53.1313	1704	360	1350
53.1423	1705	358	1350
53.1445	1706	360	1350
53.1556	1707	358	1350
53.1578	1708	360	1350
53.1733	1709	364	1350
53.1755	1710	366	1350
53.1865	1711	364	1350
53.1887	1712	366	1350
53.1997	1713	365	1350
53.202	1714	367	1350
53.213	1715	365	1350
53.2152	1716	368	1350
53.2307	1717	371	1350
53.2329	1718	373	1350
53.2439	1719	371	1350
53.2461	1720	374	1350
53.2572	1721	372	1350
53.2594	1722	374	1350
53.2704	1723	373	1350
53.2726	1724	375	1350
53.2881	1725	378	1350
53.2903	1726	380	1350
53.3013	1727	379	1350
53.3035	1728	381	1350
53.3146	1729	379	1350
53.3168	1730	381	1350
53.3278	1731	380	1350
53.33	1732	383	1350
53.3366	1733	376	1350
53.3389	1734	378	1350
53.3411	1735	368	1350
53.3433	1736	370	1350
53.3499	1737	364	1350
53.3521	1738	367	1350
53.3676	1739	369	1350
53.3698	1740	371	1350
53.3764	1741	366	1350
53.3786	1742	368	1350
53.3896	1743	366	1350
53.3918	1744	368	1350
53.4029	1745	367	1350
53.4051	1746	370	1350
53.4161	1747	368	1350
53.4183	1748	370	1350
53.4294	1749	368	1350
53.4316	1750	370	1350
53.4426	1751	369	1350
53.4448	1752	371	1350
53.4559	1753	369	1350
53.4581	1754	372	1350
53.4691	1755	371	1350
53.4713	1756	373	1350
53.4824	1757	371	1350
53.4846	1758	373	1350
53.4956	1759	372	1350
53.4978	1760	374	1350
53.5089	1761	372	1350
53.5111	1762	375	1350
53.5221	1763	373	1350
53.5243	1764	375	1350
53.5354	1765	374	1350
53.5376	1766	376	1350
53.5486	1767	374	1350
53.5508	1768	376	1350
53.5619	1769	375	1350
53.5641	1770	378	1350
53.5751	1771	376	1350
53.5773	1772	378	1350
53.5884	1773	377	1350
53.5906	1774	379	1350
53.606	1775	382	1350
53.6082	1776	384	1350
53.6149	1777	377	1350
53.6171	1778	380	1350
53.6325	1779	383	1350
53.6347	1780	385	1350
53.6413	1781	379	1350
53.6436	1782	381	1350
53.6546	1783	380	1350
53.6568	1784	382	1350
53.6678	1785	380	1350
53.6701	1786	383	1350
53.6811	1787	382	1350
53.6833	1788	384	1350
53.6943	1789	382	1350
53.6965	1790	384	1350
53.7076	1791	383	1350
53.7098	1792	385	1350
53.7208	1793	383	1350
53.723	1794	386	1350
53.7341	1795	384	1350
53.7363	1796	386	1350
53.7473	1797	385	1350
53.7495	1798	387	1350
53.7584	1799	383	1350
53.7606	1800	385	1350
53.7716	1801	384	1350
53.7738	1802	386	1350
53.7849	1803	384	1350
53.7871	1804	387	1350
53.7981	1805	386	1350
53.8003	1806	388	1350
53.8114	1807	386	1350
53.8136	1808	388	1350
53.8246	1809	386	1350
53.8268	1810	388	1350
53.8379	1811	387	1350
53.8489	1813	385	1350
53.8511	1814	388	1350
53.8644	1815	389	1350
53.8754	1817	387	1350
53.8776	1818	389	1350
53.8864	1819	386	1350
53.8886	1820	388	1350
53.8997	1821	386	1350
53.9019	1822	388	1350
53.9107	1823	384	1350
53.9129	1824	386	1350
53.9262	1825	388	1350
53.9372	1827	386	1350
53.9394	1828	388	1350
53.9483	1829	385	1350
53.9505	1830	387	1350
53.9593	1831	383	1350
53.9615	1832	385	1350
53.9748	1833	386	1350
53.977	1834	388	1350
53.988	1835	387	1350
53.9902	1836	389	1350
53.999	1837	385	1350
54.0013	1838	387	1350
54.0101	1839	384	1350
54.0123	1840	386	1350
54.0255	1841	386	1350
54.0277	1842	388	1350
54.0388	1843	387	1350
54.041	1844	389	1350
54.0498	1845	385	1350
54.052	1846	388	1350
54.0609	1847	384	1350
54.0631	1848	387	1350
54.0763	1849	387	1350
54.0785	1850	389	1350
54.0896	1851	387	1350
54.1006	1853	386	1350
54.1028	1854	388	1350
54.1117	1855	384	1350
54.1139	1856	386	1350
54.1271	1857	388	1350
54.1381	1859	386	1350
54.1404	1860	388	1350
54.1514	1861	387	1350
54.1536	1862	389	1350
54.1624	1863	385	1350
54.1646	1864	387	1350
54.1735	1865	383	1350
54.1757	1866	385	1350
54.1889	1867	386	1350
54.1911	1868	389	1350
54.2022	1869	387	1350
54.2132	1871	386	1350
54.2154	1872	388	1350
54.2243	1873	384	1350
54.2265	1874	386	1350
54.2397	1875	387	1350
54.2419	1876	389	1350
54.253	1877	387	1350
54.2552	1879	378	1350
54.2574	1880	380	1350
54.2596	1881	369	1350
54.2618	1882	371	1350
54.2728	1883	369	1350
54.275	1884	372	1350
54.2861	1885	371	1350
54.2883	1886	373	1350
54.2993	1887	371	1350
54.3015	1888	373	1350
54.3126	1889	372	1350
54.3148	1890	374	1350
54.3258	1891	372	1350
54.328	1892	375	1350
54.3391	1893	374	1350
54.3501	1894	375	1350
54.3523	1895	375	1350
54.3634	1896	377	1350
54.3656	1897	377	1350
54.3987	1898	374	1350
54.4009	1899	376	1350
54.4119	1900	374	1350
54.4141	1901	377	1350
54.4252	1902	376	1350
54.4274	1903	378	1350
54.4384	1904	376	1350
54.4406	1905	378	1350
54.4517	1906	376	1350
54.4605	1907	376	1350
54.4627	1908	378	1350
54.4693	1909	373	1350
54.4716	1910	375	1350
54.4914	1911	378	1350
54.4936	1912	380	1350
54.5047	1913	379	1350
54.5069	1914	381	1350
54.5113	1915	373	1350
54.5135	1916	375	1350
54.5245	1917	374	1350
54.5268	1918	376	1350
54.5378	1919	374	1350
54.54	1920	377	1350
54.5555	1921	380	1350
54.5599	1922	382	1350
54.5621	1923	385	1350
54.5643	1924	370	1350
54.5665	1925	372	1350
54.5731	1926	366	1350
54.5753	1927	368	1350
54.5908	1928	371	1350
54.593	1929	373	1350
54.604	1930	372	1350
54.6062	1931	374	1350
54.6173	1932	372	1350
54.6195	1933	374	1350
54.6261	1934	369	1350
54.6283	1935	371	1350
54.6438	1936	373	1350
54.6637	1937	376	1350
54.6659	1938	378	1350
54.6725	1939	372	1350
54.6747	1940	374	1350
54.6791	1941	366	1350
54.6813	1942	368	1350
54.6879	1943	362	1350
54.6901	1944	365	1350
54.7012	1945	363	1350
54.7034	1946	365	1350
54.7144	1947	363	1350
54.7166	1948	361	1350
54.7189	1949	363	1350
54.7299	1950	360	1350
54.7321	1951	363	1350
54.7431	1952	361	1350
54.7453	1953	363	1350
54.7564	1954	361	1350
54.7586	1955	361	1350
54.7608	1956	363	1350
54.7718	1957	360	1350
54.7741	1958	363	1350
54.7851	1959	361	1350
54.7873	1960	363	1350
54.7939	1961	359	1350
54.7961	1962	362	1350
54.8072	1963	357	1350
54.8094	1964	359	1350
54.8204	1965	359	1350
54.8226	1966	361	1350
54.8293	1967	358	1350
54.8315	1968	360	1350
54.8381	1969	357	1350
54.8403	1970	359	1350
54.8469	1971	356	1350
54.8491	1972	359	1350
54.8602	1973	359	1350
54.8624	1974	361	1350
54.8734	1975	361	1350
54.8756	1976	363	1350
54.8867	1977	363	1350
54.8889	1978	365	1350
54.8999	1979	366	1350
54.9021	1980	369	1350
54.9087	1981	364	1350
54.9109	1982	366	1350
54.922	1983	367	1350
54.9242	1984	370	1350
54.9352	1985	371	1350
54.9374	1986	373	1350
54.9485	1987	374	1350
54.9507	1988	376	1350
54.9617	1989	377	1350
54.9639	1990	379	1350
54.9706	1991	375	1350
54.9728	1992	377	1350
54.9838	1993	378	1350
54.986	1994	381	1350
54.9971	1995	382	1350
54.9993	1996	384	1350
55.0103	1997	385	1350
55.0125	1998	387	1350
55.0236	1999	388	1350
55.0302	2001	385	1350
55.0324	2002	387	1350
55.0412	2003	385	1350
55.0434	2004	387	1350
55.0523	2005	386	1350
55.0545	2006	388	1350
55.0633	2007	387	1350
55.0655	2008	389	1350
55.0743	2009	388	1350
55.0898	2011	386	1350
55.092	2012	389	1350
55.1075	2013	387	1350
55.1097	2014	389	1350
55.1229	2015	385	1350
55.1251	2016	388	1350
55.1406	2017	386	1350
55.1428	2018	388	1350
55.1582	2019	387	1350
55.1605	2020	389	1350
55.1737	2021	385	1350
55.1759	2022	387	1350
55.1914	2023	386	1350
55.1936	2024	388	1350
55.209	2025	387	1350
55.2112	2026	389	1350
55.2245	2027	385	1350
55.2267	2028	387	1350
55.2421	2029	386	1350
55.2444	2030	388	1350
55.2576	2031	384	1350
55.2598	2032	386	1350
55.2753	2033	385	1350
55.2775	2034	387	1350
55.2929	2035	385	1350
55.2951	2036	388	1350
55.3084	2037	384	1350
55.3106	2038	386	1350
55.3261	2039	385	1350
55.3283	2040	387	1350
55.3415	2041	383	1350
55.3437	2042	385	1350
55.3548	2043	384	1350
55.357	2044	386	1350
55.3702	2045	387	1350
55.3724	2046	389	1350
55.3835	2047	387	1350
55.3945	2049	386	1350
55.3967	2050	388	1350
55.4055	2051	384	1350
55.4077	2052	386	1350
55.421	2053	386	1350
55.4232	2054	389	1350
55.4342	2055	388	1350
55.4453	2057	387	1350
55.4475	2058	389	1350
55.4563	2059	385	1350
55.4585	2060	387	1350
55.4674	2061	384	1350
55.4696	2062	386	1350
55.4828	2063	387	1350
55.4939	2065	386	1350
55.4961	2066	389	1350
55.5071	2067	388	1350
55.5181	2069	387	1350
55.5204	2070	389	1350
55.5226	2071	379	1350
55.5248	2072	381	1350
55.527	2073	349	1350
55.5292	2074	352	1350
55.5314	2075	342	1350
55.5336	2076	344	1350
55.5359	2077	334	1350
55.5381	2078	337	1350
55.5403	2079	327	1350
55.5425	2080	329	1350
55.5447	2081	320	1350
55.547	2082	298	1350
55.5492	2083	301	1350
55.5514	2084	292	1350
55.5536	2085	294	1350
55.5558	2086	272	1350
55.558	2087	274	1350
55.5602	2088	265	1350
55.5624	2089	267	1350
55.5646	2090	248	1350
55.5668	2091	250	1350
55.569	2092	241	1350
55.5712	2093	243	1350
55.5735	2094	224	1350
55.5757	2095	226	1350
55.5779	2096	216	1350
55.5801	2097	219	1350
55.5824	2098	200	1350
55.5846	2099	202	1350
55.5868	2100	192	1350
55.589	2101	195	1350
55.5912	2102	173	1350
55.5934	2103	175	1350
55.5956	2104	166	1350
55.5978	2105	168	1350
55.6001	2106	149	1350
55.6023	2107	151	1350
55.6045	2108	141	1350
55.6067	2109	143	1350
55.6089	2110	129	1350
55.6111	2111	132	1350
55.6133	2112	122	1350
55.6155	2113	124	1350
55.6177	2114	114	1350
55.6199	2115	116	1350
55.6221	2116	107	1350
55.6243	2117	109	1350
55.6297	2118	102	1350
55.6476	2119	102	1350
55.6498	2120	104	1350
55.6586	2121	102	1350
55.6608	2122	104	1350
55.6714	2123	102	1350
55.6736	2124	104	1350
55.6833	2125	102	1350
55.6947	2126	102	1350
55.6969	2127	104	1350
55.7066	2128	102	1350
55.7088	2129	104	1350
55.7185	2130	102	1350
55.7207	2131	104	1350
55.7304	2132	102	1350
55.7326	2133	104	1350
55.7439	2134	103	1350
55.7461	2135	106	1350
55.7542	2136	103	1350
55.7564	2137	105	1350
55.7661	2138	103	1350
55.7683	2139	105	1350
55.778	2140	102	1350
55.7802	2141	105	1350
55.7899	2142	102	1350
55.7921	2143	105	1350
55.8018	2144	102	1350
55.804	2145	104	1350
55.8137	2146	102	1350
55.8159	2147	104	1350
55.8256	2148	102	1350
55.8278	2149	104	1350
55.8375	2150	102	1350
55.8397	2151	104	1350
55.8494	2152	102	1350
55.8516	2153	104	1350
55.8609	2154	102	1350
55.8632	2155	105	1350
55.8732	2156	103	1350
55.8754	2157	105	1350
55.8851	2158	103	1350
55.8873	2159	105	1350
55.897	2160	102	1350
55.8992	2161	105	1350
55.9089	2162	102	1350
55.9111	2163	105	1350
55.9208	2164	102	1350
55.923	2165	104	1350
55.9327	2166	102	1350
55.9349	2167	104	1350
55.9446	2168	102	1350
55.9468	2169	104	1350
55.9578	2170	103	1350
55.96	2171	106	1350
55.9755	2172	109	1350
55.9777	2173	111	1350
55.9887	2174	110	1350
55.9909	2175	112	1350
56.002	2176	112	1350
56.0042	2177	115	1350
56.0152	2178	114	1350
56.0174	2179	116	1350
56.0285	2180	115	1350
56.0307	2181	117	1350
56.0417	2182	116	1350
56.0439	2183	118	1350
56.055	2184	117	1350
56.0572	2185	120	1350
56.0682	2186	119	1350
56.0704	2187	121	1350
56.0859	2188	124	1350
56.0881	2189	127	1350
56.0991	2190	126	1350
56.1013	2191	128	1350
56.1124	2192	127	1350
56.1146	2193	129	1350
56.1256	2194	128	1350
56.1278	2195	130	1350
56.1389	2196	130	1350
56.1411	2197	133	1350
56.1521	2198	132	1350
56.1543	2199	134	1350
56.1654	2200	133	1350
56.1676	2201	135	1350
56.1786	2202	134	1350
56.1808	2203	136	1350
56.1963	2204	140	1350
56.1985	2205	142	1350
56.2095	2206	141	1350
56.2117	2207	143	1350
56.2228	2208	143	1350
56.225	2209	145	1350
56.236	2210	145	1350
56.2382	2211	147	1350
56.2493	2212	146	1350
56.2515	2213	148	1350
56.2625	2214	147	1350
56.2647	2215	149	1350
56.2758	2216	149	1350
56.278	2217	151	1350
56.289	2218	151	1350
56.2912	2219	153	1350
56.3023	2220	152	1350
56.3045	2221	154	1350
56.3155	2222	154	1350
56.3177	2223	156	1350
56.3288	2224	155	1350
56.331	2225	157	1350
56.342	2226	157	1350
56.3442	2227	159	1350
56.3597	2228	162	1350
56.3619	2229	164	1350
56.3729	2230	164	1350
56.3751	2231	167	1350
56.3862	2232	166	1350
56.3884	2233	168	1350
56.3994	2234	167	1350
56.4016	2235	169	1350
56.4127	2236	169	1350
56.4149	2237	171	1350
56.4259	2238	170	1350
56.4281	2239	173	1350
56.4392	2240	172	1350
56.4414	2241	174	1350
56.4524	2242	174	1350
56.4546	2243	176	1350
56.4657	2244	175	1350
56.4679	2245	177	1350
56.4789	2246	176	1350
56.4811	2247	179	1350
56.4922	2248	178	1350
56.4944	2249	180	1350
56.5054	2250	180	1350
56.5076	2251	182	1350
56.5231	2252	186	1350
56.5253	2253	188	1350
56.5363	2254	187	1350
56.5385	2255	189	1350
56.5496	2256	189	1350
56.5518	2257	191	1350
56.5628	2258	190	1350
56.565	2259	193	1350
56.5716	2260	190	1350
56.5739	2261	192	1350
56.5849	2262	193	1350
56.5871	2263	196	1350
56.5937	2264	193	1350
56.5959	2265	195	1350
56.607	2266	196	1350
56.6092	2267	199	1350
56.6158	2268	196	1350
56.618	2269	199	1350
56.6291	2270	201	1350
56.6313	2271	203	1350
56.6379	2272	199	1350
56.6401	2273	202	1350
56.6511	2274	204	1350
56.6533	2275	206	1350
56.66	2276	203	1350
56.6622	2277	206	1350
56.6732	2278	207	1350
56.6754	2279	209	1350
56.682	2280	207	1350
56.6843	2281	209	1350
56.6953	2282	210	1350
56.6975	2283	212	1350
56.7041	2284	210	1350
56.7063	2285	212	1350
56.7174	2286	214	1350
56.7196	2287	216	1350
56.7262	2288	213	1350
56.7284	2289	215	1350
56.7395	2290	217	1350
56.7417	2291	219	1350
56.7483	2292	217	1350
56.7505	2293	219	1350
56.7615	2294	220	1350
56.7637	2295	222	1350
56.7704	2296	220	1350
56.7726	2297	222	1350
56.7836	2298	224	1350
56.7858	2299	226	1350
56.7924	2300	223	1350
56.7947	2301	225	1350
56.8057	2302	227	1350
56.8079	2303	229	1350
56.8189	2304	224	1350
56.8212	2305	227	1350
56.8366	2306	227	1350
56.8388	2307	229	1350
56.8543	2308	229	1350
56.8565	2309	231	1350
56.8675	2310	226	1350
56.8697	2311	228	1350
56.8852	2312	229	1350
56.8874	2313	231	1350
56.8984	2314	226	1350
56.9006	2315	228	1350
56.9161	2316	229	1350
56.9183	2317	231	1350
56.9293	2318	226	1350
56.9316	2319	228	1350
56.947	2320	228	1350
56.9492	2321	230	1350
56.9603	2322	226	1350
56.9625	2323	228	1350
56.9779	2324	227	1350
56.9801	2325	230	1350
56.9912	2326	225	1350
56.9934	2327	227	1350
57.0088	2328	227	1350
57.011	2329	230	1350
57.0221	2330	225	1350
57.0243	2331	227	1350
57.0353	2332	227	1350
57.0375	2333	229	1350
57.0486	2334	228	1350
57.0508	2335	230	1350
57.0618	2336	229	1350
57.064	2337	232	1350
57.0751	2338	231	1350
57.0773	2339	233	1350
57.0883	2340	233	1350
57.0905	2341	235	1350
57.1016	2342	234	1350
57.1038	2343	236	1350
57.1104	2344	231	1350
57.1126	2345	233	1350
57.1236	2346	233	1350
57.1259	2347	235	1350
57.1369	2348	234	1350
57.1391	2349	237	1350
57.1501	2350	236	1350
57.1524	2351	238	1350
57.1634	2352	238	1350
57.1656	2353	240	1350
57.1766	2354	239	1350
57.1788	2355	241	1350
57.1899	2356	241	1350
57.1921	2357	244	1350
57.2031	2358	243	1350
57.2053	2359	245	1350
57.2164	2360	245	1350
57.2186	2361	247	1350
57.234	2362	251	1350
57.2363	2363	253	1350
57.2473	2364	252	1350
57.2495	2365	254	1350
57.2605	2366	254	1350
57.2628	2367	256	1350
57.2738	2368	255	1350
57.276	2369	258	1350
57.2915	2370	262	1350
57.2937	2371	264	1350
57.3047	2372	263	1350
57.3069	2373	265	1350
57.318	2374	265	1350
57.3202	2375	268	1350
57.3356	2376	271	1350
57.3378	2377	273	1350
57.3489	2378	272	1350
57.3511	2379	275	1350
57.3621	2380	275	1350
57.3643	2381	277	1350
57.3798	2382	280	1350
57.382	2383	282	1350
57.393	2384	283	1350
57.3952	2385	285	1350
57.4063	2386	284	1350
57.4085	2387	286	1350
57.4239	2388	290	1350
57.4261	2389	293	1350
57.4372	2390	292	1350
57.4394	2391	294	1350
57.4504	2392	293	1350
57.4526	2393	295	1350
57.4681	2394	300	1350
57.4703	2395	302	1350
57.4769	2396	296	1350
57.4791	2397	299	1350
57.4858	2398	294	1350
57.488	2399	296	1350
57.499	2400	296	1350
57.5012	2401	298	1350
57.5078	2402	293	1350
57.51	2403	296	1350
57.5211	2404	295	1350
57.5233	2405	297	1350
57.5299	2406	291	1350
57.5321	2407	294	1350
57.5388	2408	290	1350
57.541	2409	292	1350
57.552	2410	291	1350
57.5542	2411	293	1350
57.5608	2412	288	1350
57.563	2413	291	1350
57.5741	2414	290	1350
57.5763	2415	292	1350
57.5829	2416	287	1350
57.5851	2417	290	1350
57.5917	2418	284	1350
57.594	2419	286	1350
57.605	2420	285	1350
57.6072	2421	288	1350
57.6138	2422	283	1350
57.616	2423	286	1350
57.6271	2424	285	1350
57.6293	2425	287	1350
57.6359	2426	282	1350
57.6381	2427	285	1350
57.6447	2428	279	1350
57.6469	2429	281	1350
57.658	2430	281	1350
57.6602	2431	284	1350
57.6668	2432	278	1350
57.669	2433	281	1350
57.6801	2434	280	1350
57.6823	2435	282	1350
57.6933	2436	282	1350
57.6955	2437	284	1350
57.7066	2438	283	1350
57.7088	2439	285	1350
57.7198	2440	285	1350
57.722	2441	288	1350
57.7331	2442	287	1350
57.7353	2443	289	1350
57.7463	2444	289	1350
57.7485	2445	291	1350
57.7551	2446	286	1350
57.7573	2447	288	1350
57.7684	2448	287	1350
57.7706	2449	289	1350
57.7816	2450	289	1350
57.7838	2451	291	1350
57.7949	2452	290	1350
57.7971	2453	293	1350
57.8081	2454	293	1350
57.8103	2455	295	1350
57.8214	2456	294	1350
57.8236	2457	296	1350
57.8346	2458	296	1350
57.8368	2459	298	1350
57.8479	2460	297	1350
57.8501	2461	300	1350
57.8567	2462	294	1350
57.8589	2463	296	1350
57.87	2464	296	1350
57.8722	2465	299	1350
57.8832	2466	298	1350
57.8854	2467	300	1350
57.8964	2468	300	1350
57.8987	2469	302	1350
57.9097	2470	301	1350
57.9119	2471	303	1350
57.9229	2472	303	1350
57.9252	2473	306	1350
57.9362	2474	305	1350
57.9384	2475	307	1350
57.945	2476	302	1350
57.9472	2477	304	1350
57.9583	2478	304	1350
57.9605	2479	306	1350
57.9715	2480	305	1350
57.9737	2481	307	1350
57.9848	2482	307	1350
57.987	2483	309	1350
57.998	2484	309	1350
58.0002	2485	311	1350
58.0113	2486	311	1350
58.0135	2487	313	1350
58.0245	2488	312	1350
58.0267	2489	314	1350
58.0378	2490	313	1350
58.04	2491	315	1350
58.0466	2492	311	1350
58.0488	2493	313	1350
58.0598	2494	312	1350
58.062	2495	315	1350
58.0731	2496	315	1350
58.0753	2497	317	1350
58.0863	2498	316	1350
58.0885	2499	318	1350
58.0996	2500	318	1350
58.1018	2501	320	1350
58.1128	2502	319	1350
58.115	2503	322	1350
58.1261	2504	321	1350
58.1283	2505	323	1350
58.1349	2506	318	1350
58.1371	2507	321	1350
58.1482	2508	320	1350
58.1504	2509	322	1350
58.1614	2510	322	1350
58.1636	2511	324	1350
58.1747	2512	323	1350
58.1769	2513	325	1350
58.1879	2514	325	1350
58.1901	2515	328	1350
58.2012	2516	327	1350
58.2034	2517	329	1350
58.2144	2518	328	1350
58.2166	2519	330	1350
58.2276	2520	330	1350
58.2299	2521	332	1350
58.2365	2522	327	1350
58.2387	2523	329	1350
58.2497	2524	329	1350
58.2519	2525	331	1350
58.263	2526	330	1350
58.2652	2527	333	1350
58.2762	2528	333	1350
58.2784	2529	335	1350
58.2895	2530	334	1350
58.2917	2531	336	1350
58.3027	2532	335	1350
58.3049	2533	337	1350
58.316	2534	337	1350
58.3182	2535	340	1350
58.3248	2536	334	1350
58.327	2537	337	1350
58.338	2538	337	1350
58.3403	2539	339	1350
58.3513	2540	338	1350
58.3535	2541	340	1350
58.3645	2542	340	1350
58.3668	2543	342	1350
58.3778	2544	341	1350
58.38	2545	344	1350
58.391	2546	343	1350
58.3932	2547	345	1350
58.4043	2548	345	1350
58.4065	2549	347	1350
58.4131	2550	342	1350
58.4153	2551	344	1350
58.4264	2552	346	1350
58.4286	2553	348	1350
58.4352	2554	346	1350
58.4374	2555	348	1350
58.4484	2556	350	1350
58.4507	2557	352	1350
58.4573	2558	349	1350
58.4595	2559	351	1350
58.4705	2560	353	1350
58.4727	2561	355	1350
58.4794	2562	353	1350
58.4816	2563	355	1350
58.4926	2564	356	1350
58.4948	2565	358	1350
58.5059	2566	360	1350
58.5081	2567	363	1350
58.5147	2568	360	1350
58.5169	2569	362	1350
58.5235	2570	360	1350
58.5257	2571	362	1350
58.5368	2572	363	1350
58.539	2573	365	1350
58.5456	2574	363	1350
58.5478	2575	365	1350
58.5588	2576	367	1350
58.5611	2577	370	1350
58.5677	2578	367	1350
58.5699	2579	369	1350
58.5809	2580	370	1350
58.5831	2581	373	1350
58.5898	2582	370	1350
58.592	2583	372	1350
58.603	2584	375	1350
58.6052	2585	377	1350
58.6118	2586	374	1350
58.614	2587	377	1350
58.6251	2588	378	1350
58.6273	2589	380	1350
58.6339	2590	377	1350
58.6361	2591	380	1350
58.6472	2592	382	1350
58.6494	2593	384	1350
58.656	2594	382	1350
58.6582	2595	384	1350
58.6737	2596	383	1350
58.6759	2597	385	1350
58.6869	2598	381	1350
58.6891	2599	384	1350
58.7046	2600	383	1350
58.7068	2601	385	1350
58.7178	2602	381	1350
58.72	2603	384	1350
58.7355	2604	383	1350
58.7377	2605	385	1350
58.7487	2606	381	1350
58.7509	2607	383	1350
58.762	2608	379	1350
58.7642	2609	382	1350
58.7752	2610	377	1350
58.7774	2611	379	1350
58.7929	2612	379	1350
58.7951	2613	382	1350
58.8061	2614	377	1350
58.8084	2615	379	1350
58.8194	2616	375	1350
58.8216	2617	377	1350
58.8371	2618	377	1350
58.8393	2619	379	1350
58.8503	2620	375	1350
58.8525	2621	377	1350
58.868	2622	377	1350
58.8702	2623	380	1350
58.8768	2624	374	1350
58.879	2625	377	1350
58.89	2626	376	1350
58.8923	2627	378	1350
58.9033	2628	378	1350
58.9055	2629	380	1350
58.9121	2630	375	1350
58.9143	2631	377	1350
58.9254	2632	377	1350
58.9276	2633	379	1350
58.9342	2634	374	1350
58.9364	2635	376	1350
58.9475	2636	376	1350
58.9497	2637	378	1350
58.9563	2638	373	1350
58.9585	2639	375	1350
58.9695	2640	374	1350
58.9717	2641	376	1350
58.9828	2642	376	1350
58.985	2643	378	1350
58.9916	2644	373	1350
58.9938	2645	375	1350
59.0049	2646	375	1350
59.0071	2647	378	1350
59.0137	2648	372	1350
59.0159	2649	374	1350
59.0269	2650	374	1350
59.0292	2651	377	1350
59.0402	2652	376	1350
59.0424	2653	378	1350
59.049	2654	373	1350
59.0512	2655	375	1350
59.0623	2656	375	1350
59.0645	2657	377	1350
59.0711	2658	372	1350
59.0733	2659	374	1350
59.0844	2660	374	1350
59.0866	2661	376	1350
59.0976	2662	375	1350
59.0998	2663	377	1350
59.1064	2664	373	1350
59.1086	2665	375	1350
59.1197	2666	374	1350
59.1219	2667	376	1350
59.1285	2668	371	1350
59.1307	2669	373	1350
59.1418	2670	373	1350
59.144	2671	375	1350
59.155	2672	375	1350
59.1572	2673	377	1350
59.1638	2674	372	1350
59.166	2675	375	1350
59.1771	2676	374	1350
59.1793	2677	376	1350
59.1859	2678	371	1350
59.1881	2679	374	1350
59.2036	2680	377	1350
59.2058	2681	379	1350
59.2168	2682	378	1350
59.219	2683	381	1350
59.2257	2684	376	1350
59.2279	2685	378	1350
59.2389	2686	378	1350
59.2411	2687	381	1350
59.2522	2688	380	1350
59.2544	2689	382	1350
59.2654	2690	381	1350
59.2676	2691	383	1350
59.2787	2692	383	1350
59.2809	2693	385	1350
59.2875	2694	380	1350
59.2897	2695	382	1350
59.3007	2696	383	1350
59.3029	2697	385	1350
59.314	2698	383	1350
59.3162	2699	386	1350
59.3228	2700	380	1350
59.325	2701	383	1350
59.3361	2702	383	1350
59.3383	2703	385	1350
59.3449	2704	379	1350
59.3471	2705	382	1350
59.3581	2706	382	1350
59.3604	2707	384	1350
59.367	2708	378	1350
59.3692	2709	381	1350
59.3758	2710	376	1350
59.378	2711	379	1350
59.3891	2712	378	1350
59.3913	2713	380	1350
59.3979	2714	374	1350
59.4001	2715	377	1350
59.4111	2716	377	1350
59.4133	2717	379	1350
59.42	2718	373	1350
59.4222	2719	376	1350
59.4288	2720	371	1350
59.431	2721	374	1350
59.442	2722	373	1350
59.4443	2723	375	1350
59.4509	2724	370	1350
59.4531	2725	373	1350
59.4641	2726	372	1350
59.4663	2727	374	1350
59.473	2728	369	1350
59.4752	2729	372	1350
59.4818	2730	366	1350
59.484	2731	369	1350
59.495	2732	368	1350
59.4972	2733	370	1350
59.5039	2734	365	1350
59.5061	2735	368	1350
59.5171	2736	367	1350
59.5193	2737	369	1350
59.526	2738	364	1350
59.5282	2739	367	1350
59.5348	2740	361	1350
59.537	2741	363	1350
59.548	2742	364	1350
59.5502	2743	366	1350
59.5613	2744	365	1350
59.5635	2745	367	1350
59.5745	2746	366	1350
59.5767	2747	368	1350
59.5878	2748	368	1350
59.59	2749	370	1350
59.601	2750	371	1350
59.6032	2751	373	1350
59.6099	2752	367	1350
59.6121	2753	370	1350
59.6231	2754	369	1350
59.6253	2755	371	1350
59.6364	2756	371	1350
59.6386	2757	373	1350
59.6496	2758	372	1350
59.6518	2759	374	1350
59.6628	2760	373	1350
59.6651	2761	376	1350
59.6717	2762	371	1350
59.6739	2763	373	1350
59.6849	2764	372	1350
59.6871	2765	375	1350
59.6982	2766	375	1350
59.7004	2767	377	1350
59.7114	2768	376	1350
59.7136	2769	378	1350
59.7247	2770	378	1350
59.7269	2771	380	1350
59.7379	2772	379	1350
59.7401	2773	382	1350
59.7468	2774	377	1350
59.749	2775	379	1350
59.76	2776	379	1350
59.7622	2777	381	1350
59.7732	2778	380	1350
59.7755	2779	382	1350
59.7865	2780	382	1350
59.7887	2781	384	1350
59.7975	2782	381	1350
59.7997	2783	383	1350
59.8108	2784	383	1350
59.813	2785	385	1350
59.824	2786	385	1350
59.8262	2787	387	1350
59.8373	2788	387	1350
59.8395	2789	389	1350
59.8461	2790	384	1350
59.8483	2791	386	1350
59.8527	2792	378	1350
59.8549	2793	380	1350
59.866	2794	380	1350
59.8682	2795	383	1350
59.8792	2796	382	1350
59.8814	2797	384	1350
59.8881	2798	380	1350
59.8903	2799	382	1350
59.9013	2800	381	1350
59.9035	2801	383	1350
59.9146	2802	383	1350
59.9168	2803	385	1350
59.9234	2804	380	1350
59.9256	2805	382	1350
59.9322	2806	378	1350
59.9344	2807	380	1350
59.9455	2808	379	1350
59.9477	2809	381	1350
59.9587	2810	380	1350
59.9609	2811	382	1350
59.9676	2812	378	1350
59.9698	2813	380	1350
59.9808	2814	379	1350
59.983	2815	382	1350
59.9896	2816	377	1350
59.9918	2817	379	1350
60.0029	2818	378	1350
60.0051	2819	381	1350
60.0117	2820	376	1350
60.0139	2821	378	1350
60.025	2822	377	1350
60.0272	2823	380	1350
60.0338	2824	374	1350
60.036	2825	377	1350
60.0426	2826	372	1350
60.0448	2827	374	1350
60.0559	2828	373	1350
60.0581	2829	376	1350
60.0691	2830	376	1350
60.0713	2831	378	1350
60.0824	2832	377	1350
60.0846	2833	379	1350
60.0912	2834	375	1350
60.0934	2835	377	1350
60.1044	2836	376	1350
60.1067	2837	378	1350
60.1177	2838	377	1350
60.1199	2839	379	1350
60.1309	2840	379	1350
60.1332	2841	382	1350
60.1442	2842	381	1350
60.1464	2843	383	1350
60.153	2844	379	1350
60.1552	2845	381	1350
60.1663	2846	380	1350
60.1685	2847	382	1350
60.1751	2848	378	1350
60.1773	2849	380	1350
60.1884	2850	379	1350
60.1906	2851	381	1350
60.2016	2852	381	1350
60.2038	2853	383	1350
60.2104	2854	380	1350
60.2126	2855	382	1350
60.2193	2856	380	1350
60.2215	2857	382	1350
60.2325	2858	384	1350
60.2347	2859	386	1350
60.2413	2860	384	1350
60.2436	2861	386	1350
60.2546	2862	387	1350
60.2612	2864	385	1350
60.2634	2865	387	1350
60.27	2866	385	1350
60.2723	2867	387	1350
60.2811	2868	383	1350
60.2833	2869	385	1350
60.2943	2870	387	1350
60.2965	2871	389	1350
60.3032	2872	387	1350
60.3098	2873	385	1350
60.312	2874	388	1350
60.3208	2875	386	1350
60.323	2876	389	1350
60.3341	2877	383	1350
60.3363	2878	385	1350
60.3473	2879	387	1350
60.3495	2880	389	1350
60.3562	2881	387	1350
60.3584	2882	381	1350
60.3606	2883	383	1350
60.3628	2884	375	1350
60.365	2885	377	1350
60.376	2886	372	1350
60.3782	2887	374	1350
60.3849	2888	371	1350
60.3871	2889	374	1350
60.3981	2890	376	1350
60.4003	2891	378	1350
60.4114	2892	372	1350
60.4136	2893	374	1350
60.4246	2894	369	1350
60.4268	2895	371	1350
60.4379	2896	367	1350
60.4401	2897	370	1350
60.4555	2898	370	1350
60.4577	2899	372	1350
60.4688	2900	367	1350
60.471	2901	369	1350
60.482	2902	366	1350
60.4842	2903	368	1350
60.4953	2904	363	1350
60.4975	2905	365	1350
60.5041	2906	357	1350
60.5063	2907	359	1350
60.5218	2908	359	1350
60.524	2909	361	1350
60.5306	2910	352	1350
60.5328	2911	354	1350
60.5483	2912	355	1350
60.5505	2913	357	1350
60.5615	2914	352	1350
60.5637	2915	354	1350
60.5748	2916	350	1350
60.577	2917	352	1350
60.5924	2918	352	1350
60.5946	2919	354	1350
60.6057	2920	350	1350
60.6079	2921	352	1350
60.6233	2922	353	1350
60.6255	2923	355	1350
60.6277	2924	345	1350
60.63	2925	347	1350
60.641	2926	346	1350
60.6432	2927	349	1350
60.6542	2928	349	1350
60.6564	2929	351	1350
60.6675	2930	350	1350
60.6697	2931	352	1350
60.6807	2932	352	1350
60.6829	2933	354	1350
60.6896	2934	349	1350
60.6918	2935	351	1350
60.6984	2936	347	1350
60.7006	2937	349	1350
60.7116	2938	348	1350
60.7139	2939	350	1350
60.7205	2940	346	1350
60.7227	2941	348	1350
60.747	2942	340	1350
60.7492	2943	343	1350
60.758	2944	341	1350
60.7602	2945	343	1350
60.7713	2946	342	1350
60.7779	2947	343	1350
60.7801	2948	346	1350
60.7867	2949	340	1350
60.7889	2950	342	1350
60.7978	2951	340	1350
60.8044	2952	343	1350
60.8066	2953	345	1350
60.8176	2954	343	1350
60.8198	2955	345	1350
60.8265	2956	341	1350
60.8287	2957	343	1350
60.8397	2958	343	1350
60.8419	2959	345	1350
60.853	2960	344	1350
60.8552	2961	347	1350
60.8662	2962	347	1350
60.8684	2963	349	1350
60.8795	2964	349	1350
60.8817	2965	351	1350
60.8927	2966	351	1350
60.8949	2967	353	1350
60.906	2968	353	1350
60.9082	2969	356	1350
60.9192	2970	356	1350
60.9214	2971	358	1350
60.9347	2972	354	1350
60.9369	2973	356	1350
60.9479	2974	356	1350
60.9501	2975	359	1350
60.9612	2976	354	1350
60.9634	2977	356	1350
60.9744	2978	356	1350
60.9766	2979	358	1350
60.9832	2980	354	1350
60.9854	2981	356	1350
61.0009	2982	354	1350
61.0031	2983	357	1350
61.0141	2984	356	1350
61.0164	2985	358	1350
61.0274	2986	354	1350
61.0296	2987	356	1350
61.0406	2988	356	1350
61.0428	2989	358	1350
61.0539	2990	354	1350
61.0561	2991	357	1350
61.0671	2992	356	1350
61.0693	2993	358	1350
61.0848	2994	354	1350
61.087	2995	357	1350
61.0936	2996	352	1350
61.0958	2997	354	1350
61.1069	2998	353	1350
61.1091	2999	356	1350
61.1157	3000	349	1350
61.1179	3001	351	1350
61.1245	3002	347	1350
61.1268	3003	349	1350
61.1378	3004	345	1350
61.14	3005	348	1350
61.151	3006	348	1350
61.1532	3007	350	1350
61.1599	3008	345	1350
61.1621	3009	348	1350
61.1687	3010	342	1350
61.1709	3011	344	1350
61.182	3012	344	1350
61.1842	3013	347	1350
61.1908	3014	342	1350
61.193	3015	344	1350
61.1996	3016	340	1350
61.2018	3017	342	1350
61.2084	3018	338	1350
61.2107	3019	340	1350
61.2217	3020	339	1350
61.2239	3021	341	1350
61.2305	3022	337	1350
61.2327	3023	339	1350
61.2394	3024	335	1350
61.2416	3025	337	1350
61.2526	3026	337	1350
61.2548	3027	339	1350
61.2614	3028	335	1350
61.2636	3029	337	1350
61.2703	3030	332	1350
61.2725	3031	334	1350
61.2835	3032	334	1350
61.2857	3033	336	1350
61.2924	3034	332	1350
61.2946	3035	334	1350
61.3056	3036	334	1350
61.3078	3037	336	1350
61.3188	3038	336	1350
61.3211	3039	339	1350
61.3321	3040	339	1350
61.3343	3041	341	1350
61.3409	3042	335	1350
61.3431	3043	338	1350
61.3542	3044	338	1350
61.3564	3045	340	1350
61.3674	3046	340	1350
61.3696	3047	342	1350
61.3807	3048	342	1350
61.3829	3049	344	1350
61.3939	3050	344	1350
61.3961	3051	347	1350
61.4028	3052	341	1350
61.405	3053	343	1350
61.416	3054	344	1350
61.4182	3055	346	1350
61.4292	3056	346	1350
61.4315	3057	348	1350
61.4425	3058	348	1350
61.4447	3059	350	1350
61.4513	3060	346	1350
61.4535	3061	348	1350
61.4646	3062	348	1350
61.4668	3063	350	1350
61.4778	3064	349	1350
61.48	3065	352	1350
61.4911	3066	352	1350
61.4933	3067	354	1350
61.4999	3068	349	1350
61.5021	3069	352	1350
61.5132	3070	352	1350
61.5154	3071	354	1350
61.5264	3072	354	1350
61.5286	3073	356	1350
61.5396	3074	355	1350
61.5419	3075	357	1350
61.5485	3076	353	1350
61.5507	3077	355	1350
61.5617	3078	355	1350
61.5639	3079	357	1350
61.575	3080	357	1350
61.5772	3081	360	1350
61.5882	3082	360	1350
61.5904	3083	362	1350
61.5971	3084	357	1350
61.5993	3085	359	1350
61.6103	3086	359	1350
61.6125	3087	361	1350
61.6236	3088	361	1350
61.6258	3089	363	1350
61.6368	3090	363	1350
61.639	3091	366	1350
61.6456	3092	361	1350
61.6478	3093	363	1350
61.6677	3094	360	1350
61.6699	3095	362	1350
61.681	3096	362	1350
61.6832	3097	365	1350
61.6898	3098	360	1350
61.692	3099	363	1350
61.703	3100	363	1350
61.7052	3101	365	1350
61.7163	3102	365	1350
61.7185	3103	367	1350
61.7295	3104	367	1350
61.7317	3105	369	1350
61.7384	3106	364	1350
61.7406	3107	366	1350
61.7516	3108	366	1350
61.7538	3109	368	1350
61.7627	3110	366	1350
61.7649	3111	368	1350
61.7759	3112	368	1350
61.7781	3113	371	1350
61.7847	3114	366	1350
61.7869	3115	368	1350
61.798	3116	367	1350
61.8002	3117	370	1350
61.8112	3118	370	1350
61.8134	3119	372	1350
61.8201	3120	368	1350
61.8223	3121	370	1350
61.8333	3122	370	1350
61.8355	3123	372	1350
61.8421	3124	368	1350
61.8444	3125	370	1350
61.8554	3126	369	1350
61.8576	3127	371	1350
61.8686	3128	371	1350
61.8708	3129	373	1350
61.8819	3130	373	1350
61.8841	3131	376	1350
61.8907	3132	371	1350
61.8929	3133	373	1350
61.8996	3134	369	1350
61.9018	3135	371	1350
61.9128	3136	371	1350
61.915	3137	374	1350
61.926	3138	372	1350
61.9283	3139	374	1350
61.9349	3140	371	1350
61.9371	3141	374	1350
61.9481	3142	376	1350
61.9503	3143	378	1350
61.9614	3144	372	1350
61.9636	3145	374	1350
61.9746	3146	376	1350
61.9768	3147	378	1350
61.9879	3148	371	1350
61.9901	3149	374	1350
62.0011	3150	376	1350
62.0033	3151	378	1350
62.01	3152	375	1350
62.0122	3153	378	1350
62.0232	3154	372	1350
62.0254	3155	374	1350
62.032	3156	372	1350
62.0342	3157	374	1350
62.0453	3158	376	1350
62.0475	3159	378	1350
62.0585	3160	372	1350
62.0607	3161	374	1350
62.0718	3162	376	1350
62.074	3163	378	1350
62.085	3164	372	1350
62.0872	3165	374	1350
62.0939	3166	371	1350
62.0961	3167	374	1350
62.1027	3168	371	1350
62.1049	3169	373	1350
62.1204	3170	372	1350
62.1226	3171	374	1350
62.1292	3172	372	1350
62.1314	3173	374	1350
62.1424	3174	376	1350
62.1446	3175	378	1350
62.1645	3176	372	1350
62.1667	3177	374	1350
62.1778	3178	370	1350
62.18	3179	372	1350
62.191	3180	369	1350
62.1932	3181	371	1350
62.2087	3182	371	1350
62.2109	3183	373	1350
62.2219	3184	369	1350
62.2241	3185	372	1350
62.2308	3186	363	1350
62.233	3187	365	1350
62.2484	3188	366	1350
62.2506	3189	368	1350
62.2617	3190	364	1350
62.2639	3191	366	1350
62.2749	3192	362	1350
62.2771	3193	365	1350
62.2882	3194	361	1350
62.2904	3195	363	1350
62.3036	3196	362	1350
62.3058	3197	364	1350
62.3169	3198	360	1350
62.3191	3199	363	1350
62.3301	3200	359	1350
62.3323	3201	361	1350
62.3434	3202	357	1350
62.3456	3203	359	1350
62.3566	3204	355	1350
62.3588	3205	357	1350
62.3743	3206	358	1350
62.3765	3207	360	1350
62.3831	3208	352	1350
62.3853	3209	354	1350
62.3964	3210	354	1350
62.3986	3211	356	1350
62.4052	3212	352	1350
62.4074	3213	354	1350
62.4184	3214	354	1350
62.4206	3215	356	1350
62.4317	3216	355	1350
62.4339	3217	357	1350
62.4405	3218	353	1350
62.4427	3219	355	1350
62.4538	3220	355	1350
62.456	3221	357	1350
62.467	3222	358	1350
62.4692	3223	360	1350
62.4758	3224	355	1350
62.478	3225	358	1350
62.4891	3226	357	1350
62.4913	3227	359	1350
62.4979	3228	354	1350
62.5001	3229	357	1350
62.5112	3230	357	1350
62.5134	3231	359	1350
62.52	3232	355	1350
62.5222	3233	357	1350
62.5332	3234	357	1350
62.5355	3235	359	1350
62.5465	3236	358	1350
62.5487	3237	360	1350
62.5597	3238	360	1350
62.562	3239	362	1350
62.5686	3240	358	1350
62.5708	3241	360	1350
62.5774	3242	356	1350
62.5796	3243	358	1350
62.5907	3244	358	1350
62.5929	3245	360	1350
62.6039	3246	360	1350
62.6061	3247	363	1350
62.6127	3248	357	1350
62.6149	3249	359	1350
62.626	3250	359	1350
62.6282	3251	362	1350
62.6392	3252	362	1350
62.6414	3253	364	1350
62.6503	3254	362	1350
62.6525	3255	364	1350
62.6635	3256	364	1350
62.6657	3257	366	1350
62.6768	3258	365	1350
62.679	3259	367	1350
62.6812	3260	359	1350
62.6834	3261	361	1350
62.6856	3262	352	1350
62.6878	3263	354	1350
62.6988	3264	354	1350
62.7011	3265	357	1350
62.7121	3266	357	1350
62.7143	3267	359	1350
62.7209	3268	353	1350
62.7231	3269	356	1350
62.7342	3270	356	1350
62.7364	3271	358	1350
62.743	3272	354	1350
62.7452	3273	356	1350
62.7563	3274	356	1350
62.7585	3275	358	1350
62.7695	3276	358	1350
62.7717	3277	360	1350
62.7872	3278	359	1350
62.7894	3279	361	1350
62.8004	3280	361	1350
62.8026	3281	363	1350
62.8137	3282	358	1350
62.8159	3283	360	1350
62.8269	3284	360	1350
62.8291	3285	363	1350
62.8402	3286	359	1350
62.8424	3287	361	1350
62.8534	3288	361	1350
62.8556	3289	363	1350
62.8711	3290	363	1350
62.8733	3291	365	1350
62.8799	3292	360	1350
62.8821	3293	363	1350
62.8887	3294	358	1350
62.8909	3295	360	1350
62.902	3296	358	1350
62.9042	3297	361	1350
62.9108	3298	356	1350
62.913	3299	359	1350
62.9196	3300	354	1350
62.9219	3301	356	1350
62.9329	3302	354	1350
62.9351	3303	357	1350
62.9417	3304	351	1350
62.9439	3305	353	1350
62.9506	3306	349	1350
62.9528	3307	351	1350
62.9638	3308	349	1350
62.966	3309	352	1350
62.9726	3310	347	1350
62.9748	3311	349	1350
62.9815	3312	345	1350
62.9837	3313	347	1350
62.9947	3314	347	1350
62.9969	3315	349	1350
63.0036	3316	345	1350
63.0058	3317	347	1350
63.0124	3318	341	1350
63.0146	3319	343	1350
63.0212	3320	339	1350
63.0234	3321	341	1350
63.0345	3322	341	1350
63.0367	3323	343	1350
63.0433	3324	338	1350
63.0455	3325	340	1350
63.0521	3326	336	1350
63.0543	3327	338	1350
63.0654	3328	337	1350
63.0676	3329	339	1350
63.0742	3330	334	1350
63.0764	3331	336	1350
63.0875	3332	336	1350
63.0897	3333	338	1350
63.1007	3334	336	1350
63.1029	3335	338	1350
63.1095	3336	334	1350
63.1117	3337	336	1350
63.1228	3338	336	1350
63.1294	3339	339	1350
63.1316	3340	341	1350
63.1382	3341	335	1350
63.1404	3342	337	1350
63.1515	3343	337	1350
63.1537	3344	339	1350
63.1647	3345	339	1350
63.1669	3346	341	1350
63.1736	3347	336	1350
63.1758	3348	338	1350
63.1868	3349	338	1350
63.189	3350	341	1350
63.2001	3351	341	1350
63.2023	3352	343	1350
63.2089	3353	338	1350
63.2111	3354	341	1350
63.2221	3355	341	1350
63.2244	3356	343	1350
63.2354	3357	343	1350
63.2376	3358	343	1350
63.2398	3359	345	1350
63.2508	3360	341	1350
63.2531	3361	344	1350
63.2685	3362	343	1350
63.2707	3363	345	1350
63.2773	3364	341	1350
63.2796	3365	343	1350
63.295	3366	343	1350
63.2972	3367	345	1350
63.3038	3368	340	1350
63.306	3369	343	1350
63.3215	3370	343	1350
63.3237	3371	345	1350
63.3303	3372	341	1350
63.3325	3373	343	1350
63.348	3374	344	1350
63.3502	3375	346	1350
63.3568	3376	340	1350
63.359	3377	343	1350
63.3701	3378	343	1350
63.3723	3379	345	1350
63.3833	3380	345	1350
63.3855	3381	347	1350
63.3922	3382	343	1350
63.3944	3383	345	1350
63.4054	3384	345	1350
63.4076	3385	347	1350
63.4187	3386	346	1350
63.4209	3387	348	1350
63.4275	3388	344	1350
63.4297	3389	346	1350
63.4407	3390	346	1350
63.4429	3391	348	1350
63.454	3392	348	1350
63.4562	3393	351	1350
63.4628	3394	346	1350
63.465	3395	349	1350
63.4761	3396	348	1350
63.4783	3397	350	1350
63.4893	3398	350	1350
63.4915	3399	352	1350
63.4981	3400	348	1350
63.5004	3401	350	1350
63.5114	3402	350	1350
63.5136	3403	352	1350
63.5246	3404	352	1350
63.5268	3405	354	1350
63.5335	3406	350	1350
63.5357	3407	352	1350
63.5467	3408	351	1350
63.5489	3409	353	1350
63.56	3410	353	1350
63.5622	3411	356	1350
63.5688	3412	351	1350
63.571	3413	354	1350
63.582	3414	354	1350
63.5843	3415	356	1350
63.5953	3416	356	1350
63.5975	3417	358	1350
63.6041	3418	353	1350
63.6063	3419	355	1350
63.6174	3420	355	1350
63.6196	3421	357	1350
63.6306	3422	357	1350
63.6328	3423	359	1350
63.6417	3424	357	1350
63.6439	3425	359	1350
63.6505	3426	355	1350
63.6527	3427	357	1350
63.6637	3428	356	1350
63.666	3429	358	1350
63.677	3430	358	1350
63.6792	3431	361	1350
63.6858	3432	356	1350
63.688	3433	359	1350
63.6947	3434	356	1350
63.6969	3435	358	1350
63.7079	3436	360	1350
63.7101	3437	363	1350
63.7167	3438	360	1350
63.7234	3439	363	1350
63.7256	3440	365	1350
63.7322	3441	363	1350
63.7344	3442	365	1350
63.741	3443	363	1350
63.7565	3444	363	1350
63.7587	3445	365	1350
63.7653	3446	363	1350
63.7675	3447	365	1350
63.783	3448	362	1350
63.7852	3449	365	1350
63.7918	3450	362	1350
63.794	3451	365	1350
63.8051	3452	359	1350
63.8073	3453	361	1350
63.8183	3454	363	1350
63.8205	3455	365	1350
63.8316	3456	358	1350
63.8338	3457	360	1350
63.8448	3458	362	1350
63.847	3459	365	1350
63.8536	3460	363	1350
63.8558	3461	365	1350
63.8713	3462	363	1350
63.8735	3463	365	1350
63.8801	3464	363	1350
63.8823	3465	365	1350
63.889	3466	362	1350
63.8912	3467	365	1350
63.9066	3468	363	1350
63.9088	3469	365	1350
63.9199	3470	361	1350
63.9221	3471	364	1350
63.9331	3472	360	1350
63.9353	3473	362	1350
63.9464	3474	358	1350
63.9486	3475	360	1350
63.9596	3476	356	1350
63.9618	3477	358	1350
63.9729	3478	354	1350
63.9751	3479	357	1350
63.9905	3480	357	1350
63.9927	3481	359	1350
64.0038	3482	355	1350
64.006	3483	357	1350
64.017	3484	354	1350
64.0192	3485	356	1350
64.0303	3486	353	1350
64.0325	3487	355	1350
64.0435	3488	351	1350
64.0457	3489	353	1350
64.0568	3490	349	1350
64.059	3491	351	1350
64.07	3492	348	1350
64.0722	3493	350	1350
64.0833	3494	346	1350
64.0855	3495	348	1350
64.1009	3496	348	1350
64.1031	3497	351	1350
64.1142	3498	347	1350
64.1164	3499	349	1350
64.1274	3500	349	1350
64.1296	3501	351	1350
64.134	3502	346	1350
64.1363	3503	348	1350
64.1473	3504	346	1350
64.1495	3505	348	1350
64.1561	3506	344	1350
64.1583	3507	346	1350
64.165	3508	341	1350
64.1672	3509	344	1350
64.1782	3510	344	1350
64.1804	3511	346	1350
64.1915	3512	346	1350
64.1937	3513	348	1350
64.2003	3514	344	1350
64.2025	3515	346	1350
64.2135	3516	345	1350
64.2157	3517	347	1350
64.2224	3518	343	1350
64.2246	3519	345	1350
64.2356	3520	345	1350
64.2378	3521	347	1350
64.2489	3522	347	1350
64.2511	3523	350	1350
64.2577	3524	345	1350
64.2599	3525	347	1350
64.2709	3526	346	1350
64.2732	3527	349	1350
64.2842	3528	349	1350
64.2864	3529	351	1350
64.293	3530	347	1350
64.2952	3531	349	1350
64.3063	3532	349	1350
64.3085	3533	351	1350
64.3195	3534	351	1350
64.3217	3535	353	1350
64.3284	3536	349	1350
64.3306	3537	351	1350
64.3416	3538	350	1350
64.3438	3539	352	1350
64.3548	3540	352	1350
64.3571	3541	355	1350
64.3637	3542	350	1350
64.3659	3543	352	1350
64.3769	3544	352	1350
64.3791	3545	355	1350
64.3858	3546	350	1350
64.388	3547	352	1350
64.399	3548	352	1350
64.4012	3549	354	1350
64.4123	3550	354	1350
64.4145	3551	356	1350
64.4211	3552	352	1350
64.4233	3553	354	1350
64.4343	3554	354	1350
64.4365	3555	356	1350
64.4476	3556	356	1350
64.4498	3557	358	1350
64.4564	3558	353	1350
64.4586	3559	355	1350
64.4697	3560	355	1350
64.4719	3561	357	1350
64.4829	3562	357	1350
64.4851	3563	360	1350
64.4962	3564	360	1350
64.4984	3565	362	1350
64.5094	3566	362	1350
64.5116	3567	364	1350
64.5182	3568	360	1350
64.5204	3569	362	1350
64.5315	3570	361	1350
64.5337	3571	363	1350
64.5447	3572	363	1350
64.5469	3573	365	1350
64.558	3574	362	1350
64.5602	3575	365	1350
64.5712	3576	365	1350
64.5734	3577	367	1350
64.5889	3578	362	1350
64.5911	3579	365	1350
64.6021	3580	365	1350
64.6044	3581	367	1350
64.6154	3582	363	1350
64.6176	3583	365	1350
64.6286	3584	365	1350
64.6308	3585	367	1350
64.6375	3586	363	1350
64.6397	3587	365	1350
64.6507	3588	364	1350
64.6529	3589	366	1350
64.6596	3590	362	1350
64.6618	3591	364	1350
64.6728	3592	364	1350
64.675	3593	367	1350
64.6816	3594	362	1350
64.6838	3595	364	1350
64.6905	3596	360	1350
64.6927	3597	362	1350
64.7037	3598	361	1350
64.7059	3599	363	1350
64.7148	3600	361	1350
64.717	3601	363	1350
64.7236	3602	359	1350
64.7258	3603	361	1350
64.7324	3604	357	1350
64.7346	3605	359	1350
64.7412	3606	355	1350
64.7435	3607	357	1350
64.7501	3608	353	1350
64.7523	3609	355	1350
64.7633	3610	354	1350
64.7655	3611	356	1350
64.7722	3612	352	1350
64.7744	3613	354	1350
64.781	3614	349	1350
64.7832	3615	352	1350
64.7942	3616	350	1350
64.7964	3617	352	1350
64.8031	3618	349	1350
64.8053	3619	351	1350
64.8119	3620	345	1350
64.8141	3621	348	1350
64.8207	3622	342	1350
64.8274	3623	345	1350
64.8296	3624	347	1350
64.8362	3625	342	1350
64.8384	3626	344	1350
64.845	3627	339	1350
64.8516	3628	341	1350
64.8539	3629	343	1350
64.8605	3630	338	1350
64.8627	3631	340	1350
64.8737	3632	336	1350
64.8759	3633	338	1350
64.8826	3634	334	1350
64.8848	3635	336	1350
64.8958	3636	336	1350
64.898	3637	339	1350
64.9091	3638	337	1350
64.9113	3639	339	1350
64.9179	3640	334	1350
64.9201	3641	337	1350
64.9311	3642	336	1350
64.9333	3643	338	1350
64.9444	3644	336	1350
64.9466	3645	338	1350
64.9576	3646	338	1350
64.9598	3647	340	1350
64.9709	3648	336	1350
64.9731	3649	339	1350
64.9841	3650	339	1350
64.9863	3651	341	1350
64.993	3652	336	1350
64.9952	3653	339	1350
65.0062	3654	337	1350
65.0084	3655	339	1350
65.0195	3656	338	1350
65.0217	3657	340	1350
65.0327	3658	336	1350
65.0349	3659	338	1350
65.046	3660	338	1350
65.0482	3661	341	1350
65.0636	3662	336	1350
65.0658	3663	338	1350
65.0724	3664	334	1350
65.0747	3665	336	1350
65.0901	3666	337	1350
65.0923	3667	339	1350
65.0989	3668	334	1350
65.1012	3669	337	1350
65.1122	3670	336	1350
65.1144	3671	338	1350
65.1254	3672	338	1350
65.1276	3673	340	1350
65.1343	3674	336	1350
65.1365	3675	338	1350
65.1475	3676	338	1350
65.1497	3677	340	1350
65.1608	3678	340	1350
65.163	3679	342	1350
65.1696	3680	337	1350
65.1718	3681	339	1350
65.1828	3682	339	1350
65.1851	3683	342	1350
65.1961	3684	342	1350
65.1983	3685	344	1350
65.2049	3686	339	1350
65.2071	3687	342	1350
65.2182	3688	342	1350
65.2204	3689	344	1350
65.2314	3690	344	1350
65.2336	3691	346	1350
65.2403	3692	341	1350
65.2425	3693	343	1350
65.2535	3694	343	1350
65.2557	3695	345	1350
65.2668	3696	345	1350
65.269	3697	347	1350
65.2756	3698	343	1350
65.2778	3699	345	1350
65.2888	3700	345	1350
65.291	3701	348	1350
65.3021	3702	348	1350
65.3043	3703	350	1350
65.3109	3704	344	1350
65.3131	3705	347	1350
65.3242	3706	347	1350
65.3264	3707	349	1350
65.3374	3708	349	1350
65.3396	3709	351	1350
65.3462	3710	347	1350
65.3484	3711	349	1350
65.3595	3712	348	1350
65.3617	3713	350	1350
65.3727	3714	350	1350
65.3749	3715	352	1350
65.3816	3716	348	1350
65.3838	3717	350	1350
65.3948	3718	350	1350
65.397	3719	353	1350
65.4081	3720	353	1350
65.4103	3721	355	1350
65.4213	3722	355	1350
65.4235	3723	357	1350
65.4301	3724	355	1350
65.4324	3725	357	1350
65.439	3726	354	1350
65.4412	3727	357	1350
65.45	3728	357	1350
65.4522	3729	359	1350
65.4588	3730	356	1350
65.4611	3731	359	1350
65.4721	3732	361	1350
65.4743	3733	363	1350
65.4809	3734	360	1350
65.4831	3735	363	1350
65.4898	3736	360	1350
65.492	3737	362	1350
65.503	3738	365	1350
65.5096	3739	365	1350
65.5118	3740	367	1350
65.5185	3741	365	1350
65.5207	3742	367	1350
65.5361	3743	365	1350
65.5383	3744	367	1350
65.545	3745	365	1350
65.5472	3746	368	1350
65.5582	3747	361	1350
65.5604	3748	363	1350
65.5715	3749	365	1350
65.5737	3750	367	1350
65.5847	3751	360	1350
65.5869	3752	362	1350
65.598	3753	365	1350
65.6002	3754	368	1350
65.6112	3755	361	1350
65.6134	3756	363	1350
65.6244	3757	365	1350
65.6267	3758	367	1350
65.6333	3759	365	1350
65.6355	3760	367	1350
65.6509	3761	365	1350
65.6532	3762	368	1350
65.6642	3763	364	1350
65.6664	3764	366	1350
65.6774	3765	362	1350
65.6796	3766	364	1350
65.6907	3767	360	1350
65.6929	3768	362	1350
65.7039	3769	358	1350
65.7061	3770	361	1350
65.7172	3771	357	1350
65.7194	3772	359	1350
65.7348	3773	359	1350
65.7371	3774	362	1350
65.7481	3775	358	1350
65.7503	3776	360	1350
65.7613	3777	356	1350
65.7636	3778	358	1350
65.7746	3779	354	1350
65.7768	3780	356	1350
65.7878	3781	353	1350
65.79	3782	356	1350
65.8011	3783	352	1350
65.8033	3784	354	1350
65.8143	3785	350	1350
65.8165	3786	352	1350
65.8276	3787	348	1350
65.8298	3788	350	1350
65.8408	3789	346	1350
65.843	3790	349	1350
65.8585	3791	349	1350
65.8607	3792	351	1350
65.8673	3793	347	1350
65.8695	3794	349	1350
65.8806	3795	349	1350
65.8828	3796	351	1350
65.8938	3797	350	1350
65.896	3798	353	1350
65.9027	3799	348	1350
65.9049	3800	350	1350
65.9115	3801	346	1350
65.9137	3802	348	1350
65.9247	3803	347	1350
65.9269	3804	349	1350
65.9358	3805	347	1350
65.938	3806	349	1350
65.9446	3807	344	1350
65.9468	3808	346	1350
65.9579	3809	346	1350
65.9601	3810	349	1350
65.9667	3811	343	1350
65.9689	3812	345	1350
65.9799	3813	345	1350
65.9821	3814	348	1350
65.9888	3815	342	1350
65.991	3816	344	1350
66.002	3817	345	1350
66.0042	3818	347	1350
66.0153	3819	346	1350
66.0175	3820	348	1350
66.0241	3821	344	1350
66.0263	3822	346	1350
66.0373	3823	345	1350
66.0396	3824	347	1350
66.0506	3825	347	1350
66.0528	3826	349	1350
66.0638	3827	348	1350
66.066	3828	351	1350
66.0727	3829	346	1350
66.0749	3830	348	1350
66.0859	3831	347	1350
66.0881	3832	350	1350
66.0992	3833	350	1350
66.1014	3834	352	1350
66.108	3835	347	1350
66.1102	3836	349	1350
66.1212	3837	349	1350
66.1235	3838	351	1350
66.3202	3839	120	34
66.3224	3840	121	1350
66.3353	3841	102	1350
66.3411	3842	103	1350
66.3468	3843	102	1350
66.3526	3844	102	1350
66.5497	3845	102	1350
66.5519	3846	104	1350
66.5612	3847	103	1350
66.5634	3848	105	1350
66.5727	3849	102	1350
66.5749	3850	104	1350
66.5842	3851	102	1350
66.5865	3852	104	1350
66.5958	3853	102	1350
66.598	3854	104	1350
66.6073	3855	102	1350
66.6095	3856	104	1350
66.6188	3857	102	1350
66.621	3858	105	1350
66.6303	3859	102	1350
66.6326	3860	104	1350
66.6419	3861	102	1350
66.6441	3862	105	1350
66.6534	3863	102	1350
66.6556	3864	104	1350
66.6649	3865	102	1350
66.6671	3866	105	1350
66.6764	3867	102	1350
66.6786	3868	104	1350
66.688	3869	102	1350
66.6902	3870	105	1350
66.6995	3871	102	1350
66.7017	3872	104	1350
66.711	3873	103	1350
66.7132	3874	105	1350
66.7225	3875	102	1350
66.7247	3876	104	1350
66.7341	3877	103	1350
66.7363	3878	105	1350
66.7456	3879	102	1350
66.7478	3880	104	1350
66.7571	3881	103	1350
66.7593	3882	105	1350
66.7893	3883	123	1350
66.7915	3884	125	1350
66.7982	3885	121	1350
66.8004	3886	123	1350
66.8114	3887	124	1350
66.8136	3888	126	1350
66.8202	3889	124	1350
66.8224	3890	126	1350
66.8335	3891	128	1350
66.8357	3892	130	1350
66.8423	3893	128	1350
66.8445	3894	130	1350
66.8511	3895	127	1350
66.8534	3896	129	1350
66.8644	3897	132	1350
66.8666	3898	134	1350
66.8732	3899	131	1350
66.8754	3900	133	1350
66.8821	3901	131	1350
66.8843	3902	133	1350
66.8953	3903	135	1350
66.8975	3904	137	1350
66.9041	3905	134	1350
66.9063	3906	136	1350
66.9174	3907	138	1350
66.9196	3908	140	1350
66.9262	3909	138	1350
66.9284	3910	140	1350
66.935	3911	138	1350
66.9373	3912	140	1350
66.9483	3913	141	1350
66.9505	3914	143	1350
66.9571	3915	142	1350
66.9593	3916	144	1350
66.966	3917	140	1350
66.9682	3918	143	1350
66.9792	3919	145	1350
66.9814	3920	147	1350
66.988	3921	145	1350
66.9902	3922	147	1350
67.0013	3923	148	1350
67.0035	3924	150	1350
67.0101	3925	148	1350
67.0123	3926	150	1350
67.019	3927	147	1350
67.0212	3928	150	1350
67.0322	3929	152	1350
67.0344	3930	154	1350
67.041	3931	152	1350
67.0432	3932	154	1350
67.0543	3933	155	1350
67.0565	3934	157	1350
67.0631	3935	155	1350
67.0653	3936	157	1350
67.0719	3937	154	1350
67.0742	3938	157	1350
67.0896	3939	156	1350
67.0918	3940	158	1350
67.1029	3941	154	1350
67.1051	3942	157	1350
67.1161	3943	153	1350
67.1183	3944	155	1350
67.1294	3945	150	1350
67.1316	3946	152	1350
67.147	3947	153	1350
67.1492	3948	155	1350
67.1603	3949	151	1350
67.1625	3950	153	1350
67.1735	3951	148	1350
67.1757	3952	150	1350
67.1912	3953	151	1350
67.1934	3954	153	1350
67.2044	3955	148	1350
67.2066	3956	150	1350
67.2177	3957	146	1350
67.2199	3958	148	1350
67.2353	3959	149	1350
67.2375	3960	151	1350
67.2486	3961	146	1350
67.2508	3962	148	1350
67.2618	3963	144	1350
67.264	3964	147	1350
67.2751	3965	143	1350
67.2773	3966	145	1350
67.2927	3967	144	1350
67.295	3968	146	1350
67.3016	3969	143	1350
67.3038	3970	145	1350
67.3148	3971	145	1350
67.317	3972	148	1350
67.3281	3973	148	1350
67.3303	3974	150	1350
67.3369	3975	145	1350
67.3391	3976	148	1350
67.3502	3977	148	1350
67.3524	3978	150	1350
67.3634	3979	150	1350
67.3656	3980	152	1350
67.3722	3981	148	1350
67.3744	3982	150	1350
67.3855	3983	150	1350
67.3877	3984	152	1350
67.3943	3985	149	1350
67.3965	3986	151	1350
67.4076	3987	151	1350
67.4098	3988	153	1350
67.4208	3989	153	1350
67.423	3990	156	1350
67.4296	3991	151	1350
67.4318	3992	153	1350
67.4429	3993	153	1350
67.4451	3994	156	1350
67.4561	3995	156	1350
67.4583	3996	158	1350
67.465	3997	153	1350
67.4672	3998	156	1350
67.4782	3999	157	1350
67.4804	4000	159	1350
67.487	4001	155	1350
67.4893	4002	157	1350
67.5003	4003	158	1350
67.5025	4004	160	1350
67.5135	4005	159	1350
67.5158	4006	161	1350
67.5224	4007	157	1350
67.5246	4008	159	1350
67.5356	4009	159	1350
67.5378	4010	161	1350
67.5489	4011	161	1350
67.5511	4012	164	1350
67.5621	4013	165	1350
67.5643	4014	167	1350
67.5754	4015	167	1350
67.5776	4016	169	1350
67.5886	4017	169	1350
67.5908	4018	171	1350
67.6019	4019	171	1350
67.6041	4020	174	1350
67.6151	4021	174	1350
67.6173	4022	176	1350
67.6284	4023	176	1350
67.6306	4024	178	1350
67.6416	4025	178	1350
67.6438	4026	180	1350
67.6549	4027	181	1350
67.6571	4028	184	1350
67.6681	4029	184	1350
67.6703	4030	186	1350
67.6814	4031	186	1350
67.6836	4032	188	1350
67.6946	4033	188	1350
67.6968	4034	190	1350
67.7078	4035	190	1350
67.7101	4036	193	1350
67.7211	4037	193	1350
67.7233	4038	195	1350
67.7343	4039	195	1350
67.7366	4040	197	1350
67.7476	4041	197	1350
67.7498	4042	199	1350
67.7608	4043	200	1350
67.763	4044	203	1350
67.7741	4045	203	1350
67.7763	4046	205	1350
67.7873	4047	205	1350
67.7895	4048	207	1350
67.8006	4049	207	1350
67.8028	4050	209	1350
67.8138	4051	209	1350
67.816	4052	212	1350
67.8227	4053	207	1350
67.8249	4054	209	1350
67.8359	4055	209	1350
67.8381	4056	212	1350
67.8447	4057	208	1350
67.847	4058	210	1350
67.8536	4059	206	1350
67.8558	4060	208	1350
67.8624	4061	204	1350
67.8646	4062	206	1350
67.8712	4063	202	1350
67.8734	4064	204	1350
67.8845	4065	204	1350
67.8867	4066	206	1350
67.8933	4067	202	1350
67.8955	4068	204	1350
67.9022	4069	200	1350
67.9044	4070	202	1350
67.911	4071	198	1350
67.9132	4072	201	1350
67.9242	4073	201	1350
67.9264	4074	203	1350
67.9331	4075	199	1350
67.9353	4076	201	1350
67.9419	4077	196	1350
67.9441	4078	199	1350
67.9507	4079	194	1350
67.9529	4080	196	1350
67.9596	4081	192	1350
67.9618	4082	194	1350
67.9728	4083	194	1350
67.975	4084	197	1350
67.9816	4085	193	1350
67.9838	4086	195	1350
67.9905	4087	191	1350
67.9927	4088	193	1350
67.9993	4089	189	1350
68.0015	4090	191	1350
68.0126	4091	191	1350
68.0148	4092	193	1350
68.0214	4093	189	1350
68.0236	4094	191	1350
68.0302	4095	187	1350
68.0324	4096	189	1350
68.039	4097	185	1350
68.0413	4098	187	1350
68.0523	4099	188	1350
68.0545	4100	190	1350
68.0655	4101	190	1350
68.0678	4102	192	1350
68.0744	4103	189	1350
68.0766	4104	191	1350
68.0876	4105	190	1350
68.0898	4106	192	1350
68.1009	4107	192	1350
68.1031	4108	195	1350
68.1097	4109	190	1350
68.1119	4110	192	1350
68.123	4111	192	1350
68.1252	4112	195	1350
68.1362	4113	196	1350
68.1384	4114	198	1350
68.145	4115	194	1350
68.1472	4116	196	1350
68.1583	4117	196	1350
68.1605	4118	198	1350
68.1671	4119	194	1350
68.1693	4120	196	1350
68.1804	4121	196	1350
68.1826	4122	198	1350
68.1936	4123	198	1350
68.1958	4124	200	1350
68.2024	4125	196	1350
68.2046	4126	198	1350
68.2157	4127	199	1350
68.2179	4128	201	1350
68.2245	4129	197	1350
68.2267	4130	199	1350
68.2378	4131	199	1350
68.24	4132	201	1350
68.251	4133	202	1350
68.2532	4134	204	1350
68.2598	4135	199	1350
68.2621	4136	202	1350
68.2731	4137	202	1350
68.2753	4138	204	1350
68.2863	4139	204	1350
68.2886	4140	206	1350
68.2952	4141	202	1350
68.2974	4142	204	1350
68.3084	4143	205	1350
68.3106	4144	207	1350
68.3217	4145	207	1350
68.3239	4146	209	1350
68.3305	4147	205	1350
68.3327	4148	207	1350
68.3438	4149	207	1350
68.346	4150	209	1350
68.3526	4151	206	1350
68.3548	4152	208	1350
68.3658	4153	207	1350
68.368	4154	210	1350
68.3791	4155	210	1350
68.3813	4156	212	1350
68.3879	4157	208	1350
68.3901	4158	211	1350
68.4012	4159	211	1350
68.4034	4160	213	1350
68.4144	4161	213	1350
68.4166	4162	215	1350
68.4232	4163	211	1350
68.4254	4164	213	1350
68.4365	4165	213	1350
68.4387	4166	215	1350
68.4497	4167	215	1350
68.4519	4168	217	1350
68.4586	4169	214	1350
68.4608	4170	216	1350
68.4718	4171	216	1350
68.474	4172	219	1350
68.4806	4173	214	1350
68.4829	4174	216	1350
68.4939	4175	216	1350
68.4961	4176	219	1350
68.5071	4177	219	1350
68.5094	4178	221	1350
68.516	4179	216	1350
68.5182	4180	219	1350
68.5292	4181	220	1350
68.5314	4182	222	1350
68.5425	4183	222	1350
68.5447	4184	224	1350
68.5513	4185	220	1350
68.5535	4186	222	1350
68.5646	4187	222	1350
68.5668	4188	224	1350
68.5734	4189	220	1350
68.5756	4190	222	1350
68.5866	4191	222	1350
68.5888	4192	224	1350
68.5999	4193	225	1350
68.6021	4194	228	1350
68.6087	4195	223	1350
68.6109	4196	225	1350
68.622	4197	225	1350
68.6242	4198	228	1350
68.6308	4199	225	1350
68.633	4200	227	1350
68.644	4201	231	1350
68.6462	4202	233	1350
68.6529	4203	230	1350
68.6551	4204	233	1350
68.6617	4205	230	1350
68.6639	4206	232	1350
68.6705	4207	231	1350
68.6727	4208	233	1350
68.6838	4209	235	1350
68.686	4210	237	1350
68.6926	4211	235	1350
68.6948	4212	237	1350
68.7014	4213	236	1350
68.7037	4214	238	1350
68.7147	4215	240	1350
68.7169	4216	242	1350
68.7235	4217	240	1350
68.7257	4218	242	1350
68.7324	4219	241	1350
68.7346	4220	243	1350
68.7456	4221	245	1350
68.7478	4222	247	1350
68.7544	4223	245	1350
68.7566	4224	247	1350
68.7633	4225	246	1350
68.7655	4226	248	1350
68.7721	4227	246	1350
68.7743	4228	248	1350
68.7854	4229	250	1350
68.7876	4230	252	1350
68.7942	4231	251	1350
68.7964	4232	253	1350
68.803	4233	251	1350
68.8052	4234	253	1350
68.8163	4235	255	1350
68.8185	4236	257	1350
68.8251	4237	256	1350
68.8273	4238	258	1350
68.8339	4239	255	1350
68.8361	4240	258	1350
68.8472	4241	260	1350
68.8494	4242	262	1350
68.856	4243	261	1350
68.8582	4244	263	1350
68.8648	4245	260	1350
68.867	4246	263	1350
68.8737	4247	260	1350
68.8759	4248	262	1350
68.8913	4249	264	1350
68.8935	4250	266	1350
68.9046	4251	262	1350
68.9068	4252	264	1350
68.9178	4253	261	1350
68.92	4254	264	1350
68.9311	4255	260	1350
68.9333	4256	262	1350
68.9443	4257	259	1350
68.9465	4258	261	1350
68.9576	4259	258	1350
68.9598	4260	260	1350
68.9752	4261	261	1350
68.9774	4262	263	1350
68.9885	4263	260	1350
68.9907	4264	262	1350
69.0017	4265	258	1350
69.0039	4266	260	1350
69.015	4267	257	1350
69.0172	4268	260	1350
69.0282	4269	256	1350
69.0304	4270	258	1350
69.0459	4271	259	1350
69.0481	4272	262	1350
69.0591	4273	259	1350
69.0614	4274	261	1350
69.0724	4275	257	1350
69.0746	4276	259	1350
69.0856	4277	256	1350
69.0878	4278	258	1350
69.0989	4279	258	1350
69.1011	4280	261	1350
69.1077	4281	256	1350
69.1099	4282	258	1350
69.121	4283	258	1350
69.1232	4284	261	1350
69.1342	4285	261	1350
69.1364	4286	263	1350
69.143	4287	259	1350
69.1453	4288	261	1350
69.1563	4289	262	1350
69.1585	4290	264	1350
69.1651	4291	260	1350
69.1673	4292	262	1350
69.1784	4293	262	1350
69.1806	4294	264	1350
69.1916	4295	264	1350
69.1938	4296	266	1350
69.2005	4297	263	1350
69.2027	4298	265	1350
69.2137	4299	265	1350
69.2159	4300	267	1350
69.2225	4301	263	1350
69.2247	4302	265	1350
69.2358	4303	265	1350
69.238	4304	267	1350
69.249	4305	268	1350
69.2512	4306	270	1350
69.2579	4307	266	1350
69.2601	4308	269	1350
69.2711	4309	269	1350
69.2733	4310	271	1350
69.2844	4311	271	1350
69.2866	4312	273	1350
69.2932	4313	270	1350
69.2954	4314	272	1350
69.3064	4315	272	1350
69.3086	4316	274	1350
69.3153	4317	271	1350
69.3175	4318	273	1350
69.3285	4319	273	1350
69.3307	4320	275	1350
69.3418	4321	275	1350
69.344	4322	277	1350
69.3506	4323	274	1350
69.3528	4324	276	1350
69.3638	4325	276	1350
69.3661	4326	279	1350
69.3727	4327	274	1350
69.3749	4328	276	1350
69.3859	4329	277	1350
69.3881	4330	280	1350
69.3948	4331	275	1350
69.397	4332	277	1350
69.408	4333	279	1350
69.4102	4334	281	1350
69.4213	4335	281	1350
69.4235	4336	283	1350
69.4301	4337	279	1350
69.4323	4338	281	1350
69.4433	4339	282	1350
69.4455	4340	284	1350
69.4522	4341	280	1350
69.4544	4342	282	1350
69.4654	4343	282	1350
69.4676	4344	284	1350
69.4787	4345	285	1350
69.4809	4346	287	1350
69.4875	4347	283	1350
69.4897	4348	285	1350
69.5007	4349	286	1350
69.503	4350	288	1350
69.514	4351	288	1350
69.5162	4352	291	1350
69.5272	4353	291	1350
69.5294	4354	293	1350
69.5405	4355	294	1350
69.5427	4356	296	1350
69.5537	4357	296	1350
69.5559	4358	298	1350
69.567	4359	298	1350
69.5692	4360	301	1350
69.5802	4361	302	1350
69.5824	4362	304	1350
69.5935	4363	304	1350
69.5957	4364	306	1350
69.6067	4365	307	1350
69.6089	4366	309	1350
69.62	4367	309	1350
69.6222	4368	312	1350
69.6332	4369	312	1350
69.6354	4370	314	1350
69.6465	4371	315	1350
69.6487	4372	317	1350
69.6597	4373	317	1350
69.6619	4374	319	1350
69.673	4375	319	1350
69.6752	4376	322	1350
69.6862	4377	323	1350
69.6884	4378	325	1350
69.6995	4379	325	1350
69.7017	4380	327	1350
69.7127	4381	328	1350
69.7149	4382	330	1350
69.726	4383	330	1350
69.7282	4384	333	1350
69.7392	4385	333	1350
69.7414	4386	335	1350
69.7525	4387	336	1350
69.7547	4388	338	1350
69.7657	4389	338	1350
69.7679	4390	340	1350
69.779	4391	340	1350
69.7812	4392	343	1350
69.7922	4393	344	1350
69.7944	4394	346	1350
69.801	4395	342	1350
69.8032	4396	344	1350
69.8099	4397	340	1350
69.8121	4398	343	1350
69.8187	4399	338	1350
69.8209	4400	340	1350
69.8275	4401	336	1350
69.8297	4402	338	1350
69.8408	4403	339	1350
69.843	4404	341	1350
69.8496	4405	337	1350
69.8518	4406	339	1350
69.8584	4407	336	1350
69.8606	4408	338	1350
69.8673	4409	334	1350
69.8695	4410	336	1350
69.8761	4411	332	1350
69.8783	4412	334	1350
69.8894	4413	335	1350
69.8916	4414	337	1350
69.8982	4415	333	1350
69.9004	4416	335	1350
69.907	4417	331	1350
69.9092	4418	333	1350
69.9158	4419	329	1350
69.9181	4420	332	1350
69.9247	4421	327	1350
69.9269	4422	329	1350
69.9335	4423	326	1350
69.9357	4424	328	1350
69.9468	4425	328	1350
69.949	4426	330	1350
69.9556	4427	326	1350
69.9578	4428	328	1350
69.9644	4429	325	1350
69.9666	4430	327	1350
69.9733	4431	323	1350
69.9755	4432	325	1350
69.9821	4433	321	1350
69.9843	4434	323	1350
69.9953	4435	324	1350
69.9975	4436	326	1350
70.0042	4437	322	1350
70.0064	4438	324	1350
70.013	4439	320	1350
70.0152	4440	323	1350
70.0262	4441	323	1350
70.0285	4442	325	1350
70.0351	4443	321	1350
70.0373	4444	323	1350
70.0483	4445	324	1350
70.0505	4446	326	1350
70.0616	4447	326	1350
70.0638	4448	328	1350
70.0704	4449	325	1350
70.0726	4450	327	1350
70.0837	4451	327	1350
70.0859	4452	329	1350
70.0925	4453	325	1350
70.0947	4454	327	1350
70.1057	4455	328	1350
70.1079	4456	330	1350
70.119	4457	330	1350
70.1212	4458	333	1350
70.1278	4459	328	1350
70.13	4460	331	1350
70.1411	4461	332	1350
70.1433	4462	334	1350
70.1499	4463	329	1350
70.1521	4464	332	1350
70.1631	4465	332	1350
70.1654	4466	334	1350
70.1764	4467	335	1350
70.1786	4468	337	1350
70.1852	4469	333	1350
70.1874	4470	335	1350
70.1985	4471	336	1350
70.2007	4472	338	1350
70.2073	4473	334	1350
70.2139	4474	336	1350
70.2161	4475	339	1350
70.2272	4476	338	1350
70.2294	4477	340	1350
70.2404	4478	336	1350
70.2426	4479	338	1350
70.2537	4480	339	1350
70.2559	4481	341	1350
70.2625	4482	337	1350
70.2647	4483	339	1350
70.2758	4484	341	1350
70.278	4485	343	1350
70.2846	4486	338	1350
70.2868	4487	340	1350
70.2978	4488	340	1350
70.3	4489	343	1350
70.3111	4490	344	1350
70.3133	4491	346	1350
70.3199	4492	341	1350
70.3221	4493	344	1350
70.3332	4494	344	1350
70.3354	4495	346	1350
70.342	4496	342	1350
70.3442	4497	345	1350
70.3552	4498	345	1350
70.3574	4499	347	1350
70.3641	4500	344	1350
70.3663	4501	346	1350
70.3773	4502	346	1350
70.3795	4503	348	1350
70.3906	4504	348	1350
70.3928	4505	350	1350
70.3994	4506	347	1350
70.4016	4507	349	1350
70.4126	4508	349	1350
70.4149	4509	351	1350
70.4215	4510	348	1350
70.4237	4511	350	1350
70.4347	4512	350	1350
70.4369	4513	352	1350
70.448	4514	352	1350
70.4502	4515	355	1350
70.4568	4516	351	1350
70.459	4517	354	1350
70.4701	4518	354	1350
70.4723	4519	356	1350
70.4789	4520	354	1350
70.4811	4521	357	1350
70.4877	4522	354	1350
70.4899	4523	356	1350
70.501	4524	359	1350
70.5032	4525	362	1350
70.5098	4526	359	1350
70.512	4527	362	1350
70.5186	4528	360	1350
70.5208	4529	362	1350
70.5319	4530	364	1350
70.5341	4531	367	1350
70.5407	4532	365	1350
70.5429	4533	367	1350
70.5495	4534	365	1350
70.5518	4535	367	1350
70.5584	4536	366	1350
70.5606	4537	368	1350
70.576	4538	368	1350
70.5782	4539	370	1350
70.5849	4540	367	1350
70.5871	4541	370	1350
70.5937	4542	368	1350
70.5959	4543	370	1350
70.6114	4544	367	1350
70.6136	4545	369	1350
70.6202	4546	368	1350
70.6224	4547	370	1350
70.6334	4548	372	1350
70.6357	4549	374	1350
70.6467	4550	372	1350
70.6489	4551	374	1350
70.6555	4552	372	1350
70.6577	4553	374	1350
70.6732	4554	372	1350
70.6754	4555	374	1350
70.682	4556	373	1350
70.6842	4557	375	1350
70.6909	4558	372	1350
70.6931	4559	375	1350
70.7041	4560	372	1350
70.7063	4561	374	1350
70.7174	4562	371	1350
70.7196	4563	373	1350
70.735	4564	375	1350
70.7372	4565	372	1350
70.7394	4566	374	1350
70.7549	4567	373	1350
70.7571	4568	376	1350
70.7681	4569	372	1350
70.7703	4570	374	1350
70.7814	4571	371	1350
70.7836	4572	373	1350
70.7946	4573	370	1350
70.7968	4574	372	1350
70.8079	4575	369	1350
70.8101	4576	372	1350
70.8211	4577	369	1350
70.8233	4578	371	1350
70.8344	4579	368	1350
70.8366	4580	370	1350
70.852	4581	371	1350
70.8542	4582	373	1350
70.8653	4583	370	1350
70.8675	4584	372	1350
70.8785	4585	369	1350
70.8807	4586	371	1350
70.8918	4587	368	1350
70.894	4588	370	1350
70.905	4589	368	1350
70.9072	4590	370	1350
70.9183	4591	370	1350
70.9205	4592	372	1350
70.9271	4593	369	1350
70.9293	4594	371	1350
70.9404	4595	371	1350
70.9426	4596	373	1350
70.9536	4597	373	1350
70.9558	4598	375	1350
70.9624	4599	372	1350
70.9646	4600	374	1350
70.9757	4601	374	1350
70.9779	4602	376	1350
70.9845	4603	372	1350
70.9867	4604	374	1350
70.9934	4605	371	1350
70.9956	4606	373	1350
71.0066	4607	373	1350
71.0088	4608	375	1350
71.0154	4609	372	1350
71.0176	4610	374	1350
71.0243	4611	370	1350
71.0265	4612	372	1350
71.0375	4613	372	1350
71.0397	4614	374	1350
71.0463	4615	371	1350
71.0486	4616	373	1350
71.0596	4617	373	1350
71.0618	4618	375	1350
71.0684	4619	371	1350
71.0706	4620	373	1350
71.0817	4621	374	1350
71.0839	4622	376	1350
71.0905	4623	372	1350
71.0927	4624	374	1350
71.1038	4625	375	1350
71.106	4626	377	1350
71.117	4627	377	1350
71.1192	4628	380	1350
71.1258	4629	375	1350
71.128	4630	378	1350
71.1347	4631	374	1350
71.1369	4632	376	1350
71.1479	4633	376	1350
71.1501	4634	379	1350
71.1567	4635	374	1350
71.159	4636	376	1350
71.17	4637	377	1350
71.1722	4638	380	1350
71.1832	4639	380	1350
71.1854	4640	382	1350
71.1921	4641	379	1350
71.1943	4642	381	1350
71.2009	4643	376	1350
71.2031	4644	379	1350
71.2142	4645	379	1350
71.2164	4646	381	1350
71.223	4647	377	1350
71.2252	4648	380	1350
71.2362	4649	380	1350
71.2384	4650	382	1350
71.2495	4651	382	1350
71.2517	4652	384	1350
71.2583	4653	381	1350
71.2605	4654	383	1350
71.2716	4655	383	1350
71.2738	4656	380	1350
71.276	4657	382	1350
71.287	4658	383	1350
71.2892	4659	385	1350
71.3003	4660	381	1350
71.3025	4661	383	1350
71.3135	4662	383	1350
71.3157	4663	385	1350
71.3268	4664	380	1350
71.329	4665	382	1350
71.34	4666	384	1350
71.3422	4667	386	1350
71.3577	4668	380	1350
71.3599	4669	382	1350
71.3709	4670	383	1350
71.3731	4671	386	1350
71.3842	4672	381	1350
71.3864	4673	383	1350
71.3974	4674	383	1350
71.3996	4675	385	1350
71.4107	4676	380	1350
71.4129	4677	382	1350
71.4239	4678	383	1350
71.4261	4679	386	1350
71.4327	4680	381	1350
71.435	4681	383	1350
71.446	4682	380	1350
71.4482	4683	383	1350
71.4592	4684	383	1350
71.4614	4685	385	1350
71.4725	4686	386	1350
71.4747	4687	388	1350
71.4857	4688	385	1350
71.4879	4689	387	1350
71.499	4690	387	1350
71.51	4692	388	1350
71.5122	4694	381	1350
71.5144	4695	383	1350
71.5255	4696	382	1350
71.5277	4697	384	1350
71.5387	4698	385	1350
71.5409	4699	387	1350
71.5431	4700	379	1350
71.5454	4701	381	1350
71.5564	4702	381	1350
71.5586	4703	383	1350
71.5696	4704	384	1350
71.5718	4705	386	1350
71.5741	4706	378	1350
71.5763	4707	380	1350
71.5873	4708	381	1350
71.5895	4709	383	1350
71.6006	4710	383	1350
71.6028	4711	385	1350
71.6094	4712	381	1350
71.6116	4713	383	1350
71.6226	4714	383	1350
71.6248	4715	385	1350
71.6315	4716	381	1350
71.6337	4717	383	1350
71.6447	4718	384	1350
71.6469	4719	386	1350
71.658	4720	386	1350
71.6602	4721	385	1350
71.6624	4722	387	1350
71.669	4723	381	1350
71.6712	4724	384	1350
71.6822	4725	385	1350
71.6889	4726	380	1350
71.6911	4727	383	1350
71.6977	4728	379	1350
71.6999	4729	381	1350
71.7065	4730	377	1350
71.7087	4731	379	1350
71.7154	4732	376	1350
71.7176	4733	378	1350
71.7286	4734	378	1350
71.7308	4735	380	1350
71.7374	4736	376	1350
71.7397	4737	378	1350
71.7463	4738	372	1350
71.7485	4739	374	1350
71.7595	4740	374	1350
71.7617	4741	376	1350
71.7684	4742	373	1350
71.7706	4743	375	1350
71.7772	4744	371	1350
71.7794	4745	373	1350
71.786	4746	369	1350
71.7882	4747	371	1350
71.7949	4748	367	1350
71.7971	4749	370	1350
71.8081	4750	370	1350
71.8103	4751	372	1350
71.8169	4752	362	1350
71.8191	4753	365	1350
71.8302	4754	366	1350
71.8412	4755	359	1350
71.8434	4756	361	1350
71.8501	4757	357	1350
71.8523	4758	359	1350
71.8633	4759	354	1350
71.8655	4760	356	1350
71.8721	4761	353	1350
71.8743	4762	355	1350
71.8854	4763	350	1350
71.8876	4764	352	1350
71.8942	4765	348	1350
71.8964	4766	350	1350
71.9075	4767	351	1350
71.9097	4768	353	1350
71.9207	4769	349	1350
71.9229	4770	351	1350
71.9295	4771	348	1350
71.9318	4772	350	1350
71.9472	4773	350	1350
71.9494	4774	352	1350
71.956	4775	348	1350
71.9582	4776	350	1350
71.9693	4777	351	1350
71.9715	4778	353	1350
71.9781	4779	349	1350
71.9803	4780	351	1350
72.009	4781	346	1350
72.0112	4782	348	1350
72.0179	4783	343	1350
72.0201	4784	346	1350
72.0311	4785	346	1350
72.0333	4786	348	1350
72.0399	4787	345	1350
72.0422	4788	348	1350
72.0532	4789	347	1350
72.0554	4790	349	1350
72.0664	4791	350	1350
72.0686	4792	352	1350
72.0753	4793	348	1350
72.0775	4794	350	1350
72.0885	4795	350	1350
72.0907	4796	352	1350
72.0974	4797	349	1350
72.0996	4798	351	1350
72.1106	4799	351	1350
72.1128	4800	353	1350
72.1238	4801	353	1350
72.1261	4802	356	1350
72.1327	4803	349	1350
72.1349	4804	351	1350
72.1459	4805	352	1350
72.1481	4806	355	1350
72.1592	4807	355	1350
72.1614	4808	357	1350
72.168	4809	355	1350
72.1702	4810	357	1350
72.1813	4811	358	1350
72.1835	4812	360	1350
72.1901	4813	359	1350
72.1923	4814	361	1350
72.1989	4815	358	1350
72.2011	4816	361	1350
72.2078	4817	359	1350
72.21	4818	361	1350
72.221	4819	363	1350
72.2232	4820	366	1350
72.2342	4821	363	1350
72.2365	4822	365	1350
72.2431	4823	364	1350
72.2453	4824	366	1350
72.2519	4825	363	1350
72.2541	4826	366	1350
72.2652	4827	363	1350
72.2674	4828	365	1350
72.274	4829	363	1350
72.2762	4830	366	1350
72.2872	4831	368	1350
72.2894	4832	370	1350
72.3005	4833	367	1350
72.3027	4834	369	1350
72.3093	4835	368	1350
72.3115	4836	370	1350
72.3182	4837	368	1350
72.3336	4838	367	1350
72.3358	4839	369	1350
72.3424	4840	368	1350
72.3446	4841	370	1350
72.3513	4842	368	1350
72.3535	4843	370	1350
72.3667	4844	369	1350
72.3689	4845	371	1350
72.3756	4846	370	1350
72.3778	4847	372	1350
72.3844	4848	370	1350
72.3866	4849	372	1350
72.4021	4850	370	1350
72.4043	4851	372	1350
72.4153	4852	369	1350
72.4175	4853	371	1350
72.4286	4854	368	1350
72.4308	4855	370	1350
72.4418	4856	366	1350
72.444	4857	369	1350
72.455	4858	366	1350
72.4573	4859	368	1350
72.4683	4860	365	1350
72.4705	4861	367	1350
72.4815	4862	364	1350
72.4838	4863	366	1350
72.4948	4864	363	1350
72.497	4865	365	1350
72.5125	4866	367	1350
72.5147	4867	369	1350
72.5257	4868	365	1350
72.5279	4869	367	1350
72.539	4870	364	1350
72.5412	4871	367	1350
72.5522	4872	364	1350
72.5544	4873	366	1350
72.5654	4874	363	1350
72.5677	4875	365	1350
72.5787	4876	362	1350
72.5809	4877	364	1350
72.5919	4878	361	1350
72.5942	4879	364	1350
72.6052	4880	361	1350
72.6074	4881	363	1350
72.6184	4882	359	1350
72.6206	4883	361	1350
72.6317	4884	362	1350
72.6339	4885	364	1350
72.6405	4886	360	1350
72.6427	4887	362	1350
72.6538	4888	362	1350
72.656	4889	364	1350
72.6626	4890	361	1350
72.6648	4891	363	1350
72.6758	4892	363	1350
72.6781	4893	366	1350
72.6847	4894	362	1350
72.6869	4895	364	1350
72.6935	4896	360	1350
72.6957	4897	362	1350
72.7068	4898	362	1350
72.709	4899	364	1350
72.7156	4900	361	1350
72.7178	4901	363	1350
72.7288	4902	363	1350
72.731	4903	366	1350
72.7377	4904	362	1350
72.7399	4905	364	1350
72.7465	4906	360	1350
72.7487	4907	362	1350
72.7598	4908	362	1350
72.762	4909	364	1350
72.7686	4910	361	1350
72.7708	4911	363	1350
72.7818	4912	363	1350
72.784	4913	366	1350
72.7951	4914	366	1350
72.7973	4915	368	1350
72.8039	4916	364	1350
72.8061	4917	367	1350
72.815	4918	364	1350
72.8172	4919	367	1350
72.8238	4920	363	1350
72.826	4921	365	1350
72.837	4922	366	1350
72.8392	4923	368	1350
72.8503	4924	368	1350
72.8525	4925	370	1350
72.8591	4926	367	1350
72.8613	4927	369	1350
72.8679	4928	364	1350
72.8702	4929	367	1350
72.8812	4930	367	1350
72.8834	4931	369	1350
72.89	4932	366	1350
72.8922	4933	368	1350
72.9033	4934	368	1350
72.9055	4935	370	1350
72.9165	4936	371	1350
72.9187	4937	373	1350
72.9254	4938	369	1350
72.9276	4939	371	1350
72.9386	4940	371	1350
72.9408	4941	373	1350
72.9474	4942	370	1350
72.9496	4943	372	1350
72.9607	4944	372	1350
72.9629	4945	374	1350
72.9695	4946	370	1350
72.9717	4947	372	1350
72.9828	4948	373	1350
72.985	4949	375	1350
72.996	4950	376	1350
72.9982	4951	378	1350
73.0048	4952	374	1350
73.0115	4953	374	1350
73.0137	4954	376	1350
73.0247	4955	376	1350
73.0269	4956	378	1350
73.038	4957	373	1350
73.0402	4958	376	1350
73.0512	4959	377	1350
73.0534	4960	379	1350
73.0645	4961	374	1350
73.0667	4962	376	1350
73.0733	4963	372	1350
73.0755	4964	374	1350
73.091	4965	373	1350
73.0932	4966	376	1350
73.0998	4967	372	1350
73.102	4968	374	1350
73.1174	4969	374	1350
73.1197	4970	376	1350
73.1263	4971	372	1350
73.1285	4972	374	1350
73.1395	4973	375	1350
73.1417	4974	377	1350
73.1528	4975	374	1350
73.155	4976	376	1350
73.1616	4977	372	1350
73.1638	4978	374	1350
73.1749	4979	374	1350
73.1771	4980	377	1350
73.1837	4981	374	1350
73.1859	4982	376	1350
73.1969	4983	375	1350
73.1991	4984	378	1350
73.2102	4985	379	1350
73.2124	4986	381	1350
73.219	4987	377	1350
73.2212	4988	379	1350
73.2323	4989	379	1350
73.2345	4990	381	1350
73.2411	4991	378	1350
73.2433	4992	380	1350
73.2543	4993	380	1350
73.2566	4994	382	1350
73.2632	4995	378	1350
73.2654	4996	380	1350
73.272	4997	377	1350
73.2742	4998	379	1350
73.2853	4999	379	1350
73.2875	5000	381	1350
73.2985	5001	381	1350
73.3007	5002	383	1350
73.3073	5003	379	1350
73.3095	5004	381	1350
73.3206	5005	380	1350
73.3228	5006	382	1350
73.3272	5007	377	1350
73.3294	5008	379	1350
73.3405	5009	379	1350
73.3427	5010	381	1350
73.3537	5011	378	1350
73.3559	5012	380	1350
73.367	5013	381	1350
73.3692	5014	384	1350
73.3802	5015	384	1350
73.3824	5016	386	1350
73.3846	5017	378	1350
73.3868	5018	380	1350
73.3979	5019	380	1350
73.4001	5020	383	1350
73.4111	5021	383	1350
73.4133	5022	385	1350
73.4199	5023	378	1350
73.4222	5024	381	1350
73.4332	5025	381	1350
73.4354	5026	383	1350
73.442	5027	380	1350
73.4442	5028	382	1350
73.4509	5029	378	1350
73.4531	5030	381	1350
73.4641	5031	380	1350
73.4663	5032	382	1350
73.4729	5033	378	1350
73.4751	5034	381	1350
73.4862	5035	379	1350
73.4884	5036	381	1350
73.4994	5037	381	1350
73.5016	5038	383	1350
73.5083	5039	379	1350
73.5149	5040	378	1350
73.5171	5041	381	1350
73.5237	5042	376	1350
73.5259	5043	378	1350
73.537	5044	373	1350
73.5392	5045	376	1350
73.5458	5046	372	1350
73.548	5047	375	1350
73.559	5048	370	1350
73.5613	5049	372	1350
73.5679	5050	367	1350
73.5701	5051	370	1350
73.5811	5052	365	1350
73.5833	5053	367	1350
73.59	5054	363	1350
73.5922	5055	366	1350
73.5988	5056	356	1350
73.601	5057	358	1350
73.612	5058	359	1350
73.6142	5059	361	1350
73.6209	5060	357	1350
73.6231	5061	360	1350
73.6297	5062	355	1350
73.6319	5063	357	1350
73.6385	5064	353	1350
73.6407	5065	355	1350
73.6474	5066	351	1350
73.654	5067	351	1350
73.6562	5068	354	1350
73.6628	5069	350	1350
73.665	5070	353	1350
73.6717	5071	348	1350
73.6827	5072	347	1350
73.6849	5073	349	1350
73.6915	5074	346	1350
73.6937	5075	348	1350
73.7004	5076	344	1350
73.7026	5077	346	1350
73.7136	5078	347	1350
73.7158	5079	349	1350
73.7224	5080	345	1350
73.7246	5081	347	1350
73.7357	5082	347	1350
73.7379	5083	349	1350
73.7489	5084	349	1350
73.7511	5085	352	1350
73.7578	5086	348	1350
73.76	5087	350	1350
73.771	5088	348	1350
73.7732	5089	350	1350
73.7843	5090	350	1350
73.7865	5091	352	1350
73.7931	5092	349	1350
73.7953	5093	351	1350
73.8063	5094	351	1350
73.8086	5095	353	1350
73.8152	5096	349	1350
73.8174	5097	351	1350
73.8284	5098	350	1350
73.8306	5099	352	1350
73.8417	5100	352	1350
73.8439	5101	354	1350
73.8549	5102	349	1350
73.8571	5103	352	1350
73.8682	5104	353	1350
73.8704	5105	355	1350
73.877	5106	350	1350
73.8792	5107	353	1350
73.8902	5108	354	1350
73.8925	5109	356	1350
73.8991	5110	352	1350
73.9013	5111	354	1350
73.9123	5112	354	1350
73.9145	5113	356	1350
73.9256	5114	356	1350
73.9278	5115	358	1350
73.9344	5116	355	1350
73.9366	5117	357	1350
73.9432	5118	355	1350
73.9454	5119	357	1350
73.9565	5120	360	1350
73.9587	5121	362	1350
73.9697	5122	358	1350
73.9719	5123	360	1350
73.9786	5124	359	1350
73.9808	5125	361	1350
73.9874	5126	359	1350
73.9984	5127	359	1350
74.0006	5128	361	1350
74.0073	5129	359	1350
74.0095	5130	361	1350
74.0205	5131	364	1350
74.0227	5132	366	1350
74.0338	5133	363	1350
74.036	5134	365	1350
74.0426	5135	363	1350
74.0448	5136	365	1350
74.0514	5137	364	1350
74.0536	5138	366	1350
74.0691	5139	363	1350
74.0713	5140	365	1350
74.0779	5141	363	1350
74.0801	5142	366	1350
74.0868	5143	363	1350
74.089	5144	365	1350
74.1	5145	363	1350
74.1022	5146	365	1350
74.1133	5147	368	1350
74.1155	5148	370	1350
74.1221	5149	368	1350
74.1243	5150	370	1350
74.1309	5151	367	1350
74.1331	5152	370	1350
74.1442	5153	372	1350
74.1464	5154	374	1350
74.153	5155	372	1350
74.1552	5156	375	1350
74.1618	5157	371	1350
74.164	5158	374	1350
74.1751	5159	371	1350
74.1773	5160	373	1350
74.1883	5161	370	1350
74.1905	5162	372	1350
74.206	5163	373	1350
74.2082	5164	376	1350
74.2192	5165	373	1350
74.2214	5166	375	1350
74.2325	5167	372	1350
74.2347	5168	374	1350
74.2457	5169	370	1350
74.2479	5170	372	1350
74.259	5171	369	1350
74.2612	5172	372	1350
74.2744	5173	371	1350
74.2766	5174	373	1350
74.2877	5175	370	1350
74.2899	5176	372	1350
74.3009	5177	369	1350
74.3031	5178	372	1350
74.3142	5179	369	1350
74.3164	5180	371	1350
74.3274	5181	367	1350
74.3296	5182	369	1350
74.3407	5183	366	1350
74.3429	5184	368	1350
74.3539	5185	365	1350
74.3561	5186	368	1350
74.3672	5187	365	1350
74.3694	5188	367	1350
74.3804	5189	367	1350
74.3826	5190	369	1350
74.3893	5191	366	1350
74.3915	5192	368	1350
74.4025	5193	368	1350
74.4047	5194	370	1350
74.4113	5195	366	1350
74.4135	5196	368	1350
74.4246	5197	369	1350
74.4268	5198	371	1350
74.4334	5199	367	1350
74.4356	5200	369	1350
74.4422	5201	366	1350
74.4445	5202	368	1350
74.4555	5203	368	1350
74.4577	5204	370	1350
74.4643	5205	366	1350
74.4665	5206	368	1350
74.4776	5207	369	1350
74.4798	5208	371	1350
74.4864	5209	367	1350
74.4886	5210	369	1350
74.4997	5211	369	1350
74.5019	5212	371	1350
74.5085	5213	368	1350
74.5107	5214	370	1350
74.5217	5215	370	1350
74.5239	5216	372	1350
74.535	5217	373	1350
74.5372	5218	376	1350
74.5438	5219	371	1350
74.546	5220	374	1350
74.5526	5221	369	1350
74.5549	5222	371	1350
74.5615	5223	368	1350
74.5637	5224	370	1350
74.5747	5225	370	1350
74.5769	5226	372	1350
74.588	5227	373	1350
74.5902	5228	376	1350
74.5968	5229	371	1350
74.599	5230	374	1350
74.6101	5231	374	1350
74.6123	5232	376	1350
74.6189	5233	372	1350
74.6211	5234	375	1350
74.6277	5235	370	1350
74.6299	5236	372	1350
74.641	5237	372	1350
74.6432	5238	375	1350
74.6498	5239	371	1350
74.652	5240	374	1350
74.6564	5241	367	1350
74.6586	5242	369	1350
74.6697	5243	370	1350
74.6719	5244	372	1350
74.6785	5245	368	1350
74.6807	5246	370	1350
74.6918	5247	370	1350
74.694	5248	372	1350
74.7006	5249	369	1350
74.7028	5250	371	1350
74.7138	5251	371	1350
74.716	5252	374	1350
74.7271	5253	374	1350
74.7293	5254	372	1350
74.7315	5255	374	1350
74.7425	5256	373	1350
74.7447	5257	375	1350
74.7558	5258	371	1350
74.758	5259	373	1350
74.769	5260	375	1350
74.7712	5261	377	1350
74.7823	5262	370	1350
74.7845	5263	372	1350
74.7955	5264	372	1350
74.7977	5265	374	1350
74.8044	5266	370	1350
74.8154	5267	374	1350
74.8176	5268	376	1350
74.8242	5269	372	1350
74.8264	5270	374	1350
74.8375	5271	370	1350
74.8397	5272	372	1350
74.8507	5273	372	1350
74.8529	5274	374	1350
74.864	5275	369	1350
74.8662	5276	372	1350
74.8772	5277	372	1350
74.8794	5278	374	1350
74.8861	5279	371	1350
74.8971	5280	370	1350
74.8993	5281	372	1350
74.9103	5282	372	1350
74.9126	5283	374	1350
74.9192	5284	371	1350
74.9214	5285	373	1350
74.9324	5286	374	1350
74.9346	5287	376	1350
74.9413	5288	371	1350
74.9435	5289	373	1350
74.9567	5290	376	1350
74.9589	5291	378	1350
74.9655	5292	374	1350
74.9678	5293	376	1350
74.9788	5294	377	1350
74.981	5295	379	1350
74.9876	5296	375	1350
74.9898	5297	377	1350
75.0009	5298	376	1350
75.0031	5299	379	1350
75.0097	5300	374	1350
75.0119	5301	376	1350
75.023	5302	377	1350
75.0252	5303	380	1350
75.0362	5304	376	1350
75.0384	5305	378	1350
75.0494	5306	379	1350
75.0517	5307	381	1350
75.0539	5308	372	1350
75.0561	5309	375	1350
75.0671	5310	376	1350
75.0693	5311	378	1350
75.0759	5312	373	1350
75.0782	5313	376	1350
75.0892	5314	376	1350
75.0914	5315	378	1350
75.1024	5316	379	1350
75.1046	5317	381	1350
75.1113	5318	377	1350
75.1135	5319	379	1350
75.1201	5320	375	1350
75.1223	5321	377	1350
75.1334	5322	378	1350
75.1356	5323	380	1350
75.1422	5324	376	1350
75.1444	5325	378	1350
75.1554	5326	379	1350
75.1576	5327	381	1350
75.1665	5328	379	1350
75.1687	5329	381	1350
75.1709	5330	372	1350
75.1731	5331	375	1350
75.1841	5332	376	1350
75.1863	5333	378	1350
75.1974	5334	378	1350
75.1996	5335	380	1350
75.2018	5336	371	1350
75.204	5337	374	1350
75.215	5338	375	1350
75.2173	5339	377	1350
75.2283	5340	377	1350
75.2305	5341	379	1350
75.2371	5342	376	1350
75.2438	5343	376	1350
75.246	5344	378	1350
75.257	5345	378	1350
75.2592	5346	381	1350
75.2702	5347	376	1350
75.2725	5348	378	1350
75.2835	5349	379	1350
75.2857	5350	381	1350
75.2967	5351	376	1350
75.299	5352	378	1350
75.31	5353	378	1350
75.3122	5354	381	1350
75.321	5355	380	1350
75.3321	5356	383	1350
75.3343	5357	385	1350
75.3387	5358	379	1350
75.3409	5359	381	1350
75.3519	5360	376	1350
75.3542	5361	379	1350
75.3652	5362	379	1350
75.3674	5363	381	1350
75.374	5364	372	1350
75.3762	5365	374	1350
75.3873	5366	375	1350
75.3895	5367	377	1350
75.3961	5368	373	1350
75.4027	5369	367	1350
75.4049	5370	369	1350
75.4116	5371	365	1350
75.4138	5372	367	1350
75.4204	5373	364	1350
75.4226	5374	366	1350
75.4336	5375	367	1350
75.4358	5376	369	1350
75.4425	5377	365	1350
75.4447	5378	367	1350
75.4513	5379	363	1350
75.4535	5380	361	1350
75.4557	5381	363	1350
75.4668	5382	362	1350
75.469	5383	364	1350
75.4756	5384	360	1350
75.4822	5385	357	1350
75.4844	5386	359	1350
75.491	5387	355	1350
75.4933	5388	357	1350
75.4999	5389	352	1350
75.5021	5390	355	1350
75.5131	5391	352	1350
75.5153	5392	354	1350
75.522	5393	350	1350
75.5242	5394	353	1350
75.5308	5395	348	1350
75.533	5396	350	1350
75.5396	5397	347	1350
75.5418	5398	349	1350
75.5529	5399	349	1350
75.5551	5400	352	1350
75.5617	5401	347	1350
75.5639	5402	349	1350
75.5705	5403	343	1350
75.5727	5404	345	1350
75.5794	5405	341	1350
75.5816	5406	343	1350
75.5926	5407	344	1350
75.5948	5408	346	1350
75.6014	5409	343	1350
75.6037	5410	345	1350
75.6147	5411	344	1350
75.6169	5412	346	1350
75.6235	5413	343	1350
75.6257	5414	345	1350
75.6368	5415	345	1350
75.639	5416	347	1350
75.6456	5417	345	1350
75.6478	5418	347	1350
75.6544	5419	346	1350
75.6566	5420	348	1350
75.6721	5421	350	1350
75.6743	5422	352	1350
75.6809	5423	350	1350
75.6831	5424	353	1350
75.6898	5425	350	1350
75.692	5426	352	1350
75.703	5427	350	1350
75.7052	5428	352	1350
75.7118	5429	350	1350
75.7141	5430	353	1350
75.7251	5431	355	1350
75.7317	5432	349	1350
75.7339	5433	351	1350
75.745	5434	354	1350
75.7472	5435	357	1350
75.7582	5436	350	1350
75.7604	5437	352	1350
75.767	5438	350	1350
75.7693	5439	352	1350
75.7847	5440	349	1350
75.8046	5441	341	1350
75.8068	5442	343	1350
75.8178	5443	345	1350
75.82	5444	348	1350
75.8311	5445	341	1350
75.8333	5446	343	1350
75.8443	5447	345	1350
75.8465	5448	347	1350
75.8532	5449	345	1350
75.8554	5450	347	1350
75.8664	5451	345	1350
75.8686	5452	347	1350
75.8797	5453	343	1350
75.8907	5454	343	1350
75.8929	5455	345	1350
75.9039	5456	341	1350
75.9062	5457	344	1350
75.9172	5458	340	1350
75.9194	5459	342	1350
75.9304	5460	338	1350
75.9326	5461	340	1350
75.9437	5462	336	1350
75.9459	5463	338	1350
75.9614	5464	339	1350
75.9636	5465	341	1350
75.9746	5466	337	1350
75.9768	5467	339	1350
75.9878	5468	335	1350
75.9901	5469	338	1350
76.0011	5470	334	1350
76.0033	5471	336	1350
76.0143	5472	332	1350
76.0166	5473	334	1350
76.032	5474	335	1350
76.0342	5475	337	1350
76.0453	5476	333	1350
76.0475	5477	335	1350
76.0585	5478	332	1350
76.0607	5479	334	1350
76.0718	5480	333	1350
76.074	5481	335	1350
76.0806	5482	331	1350
76.0828	5483	333	1350
76.0938	5484	333	1350
76.096	5485	336	1350
76.1071	5486	335	1350
76.1093	5487	337	1350
76.1159	5488	332	1350
76.1181	5489	335	1350
76.1292	5490	335	1350
76.1314	5491	337	1350
76.1424	5492	337	1350
76.1446	5493	339	1350
76.1512	5494	334	1350
76.1534	5495	336	1350
76.1645	5496	336	1350
76.1667	5497	338	1350
76.1733	5498	334	1350
76.1755	5499	336	1350
76.1866	5500	336	1350
76.1888	5501	338	1350
76.1998	5502	337	1350
76.202	5503	340	1350
76.2086	5504	335	1350
76.2109	5505	337	1350
76.2219	5506	337	1350
76.2241	5507	340	1350
76.2307	5508	335	1350
76.2329	5509	337	1350
76.244	5510	337	1350
76.2462	5511	340	1350
76.2572	5512	339	1350
76.2594	5513	341	1350
76.2661	5514	337	1350
76.2683	5515	339	1350
76.2793	5516	339	1350
76.2815	5517	341	1350
76.2926	5518	341	1350
76.2948	5519	343	1350
76.3014	5520	338	1350
76.3036	5521	340	1350
76.3146	5522	340	1350
76.3168	5523	342	1350
76.3279	5524	342	1350
76.3301	5525	345	1350
76.3367	5526	340	1350
76.3389	5527	342	1350
76.35	5528	342	1350
76.3522	5529	345	1350
76.3632	5530	344	1350
76.3654	5531	346	1350
76.372	5532	342	1350
76.3742	5533	344	1350
76.3853	5534	344	1350
76.3875	5535	346	1350
76.3985	5536	346	1350
76.4007	5537	348	1350
76.4074	5538	343	1350
76.4096	5539	345	1350
76.4206	5540	345	1350
76.4228	5541	347	1350
76.4339	5542	347	1350
76.4361	5543	350	1350
76.4427	5544	345	1350
76.4449	5545	347	1350
76.4559	5546	347	1350
76.4582	5547	350	1350
76.4648	5548	344	1350
76.467	5549	346	1350
76.478	5550	347	1350
76.4802	5551	349	1350
76.4913	5552	349	1350
76.4935	5553	351	1350
76.5001	5554	347	1350
76.5023	5555	349	1350
76.5134	5556	348	1350
76.5156	5557	350	1350
76.5266	5558	350	1350
76.5288	5559	352	1350
76.5354	5560	348	1350
76.5376	5561	350	1350
76.5487	5562	350	1350
76.5509	5563	352	1350
76.5619	5564	351	1350
76.5641	5565	354	1350
76.5708	5566	349	1350
76.573	5567	351	1350
76.584	5568	352	1350
76.5862	5569	354	1350
76.5973	5570	354	1350
76.5995	5571	356	1350
76.6061	5572	352	1350
76.6083	5573	354	1350
76.6193	5574	353	1350
76.6215	5575	355	1350
76.6326	5576	355	1350
76.6348	5577	357	1350
76.6414	5578	353	1350
76.6436	5579	355	1350
76.6547	5580	355	1350
76.6569	5581	357	1350
76.6679	5582	356	1350
76.6701	5583	359	1350
76.6767	5584	354	1350
76.679	5585	356	1350
76.69	5586	356	1350
76.6922	5587	359	1350
76.7032	5588	359	1350
76.7054	5589	361	1350
76.7121	5590	357	1350
76.7143	5591	359	1350
76.7253	5592	358	1350
76.7275	5593	360	1350
76.7342	5594	356	1350
76.7364	5595	358	1350
76.7474	5596	358	1350
76.7496	5597	360	1350
76.7606	5598	360	1350
76.7629	5599	362	1350
76.7695	5600	357	1350
76.7717	5601	359	1350
76.7827	5602	359	1350
76.7849	5603	361	1350
76.796	5604	361	1350
76.7982	5605	364	1350
76.8048	5606	359	1350
76.807	5607	362	1350
76.8292	5608	352	34
77.0302	5609	262	34
77.0921	5610	207	1350
77.1031	5611	182	1350
77.1053	5612	179	1350
77.1075	5613	175	1350
77.1097	5614	172	1350
77.3193	5615	102	1350
77.3216	5616	104	1350
77.3238	5617	106	1350
77.326	5618	108	1350
77.3282	5619	111	1350
77.3304	5620	113	1350
77.3326	5621	115	1350
77.3334	5622	116	459
77.3356	5623	118	1350
77.336	5624	118	216
77.3382	5625	121	1350
77.3386	5626	121	216
77.3452	5627	122	1350
77.3474	5628	124	1350
77.354	5629	120	1350
77.3562	5630	122	1350
77.3585	5631	112	1350
77.3607	5632	114	1350
77.3629	5633	105	1350
77.3651	5634	108	1350
77.3708	5635	102	1350
77.373	5636	104	1350
77.382	5637	102	1350
77.3842	5638	105	1350
77.3932	5639	102	1350
77.3954	5640	104	1350
77.4044	5641	102	1350
77.4066	5642	104	1350
77.4157	5643	102	1350
77.4179	5644	104	1350
77.4269	5645	102	1350
77.4291	5646	105	1350
77.4381	5647	103	1350
77.4403	5648	105	1350
77.4493	5649	102	1350
77.4516	5650	104	1350
77.4606	5651	102	1350
77.4628	5652	104	1350
77.4718	5653	102	1350
77.474	5654	105	1350
77.483	5655	103	1350
77.4852	5656	105	1350
77.4942	5657	102	1350
77.4965	5658	104	1350
77.5055	5659	102	1350
77.5077	5660	104	1350
77.5167	5661	102	1350
77.5189	5662	104	1350
77.5299	5663	104	1350
77.5322	5664	107	1350
77.5432	5665	107	1350
77.5454	5666	109	1350
77.5564	5667	108	1350
77.5587	5668	110	1350
77.5741	5669	115	1350
77.5763	5670	117	1350
77.5874	5671	117	1350
77.5896	5672	119	1350
77.6006	5673	119	1350
77.6028	5674	121	1350
77.6139	5675	120	1350
77.6161	5676	123	1350
77.6271	5677	123	1350
77.6293	5678	125	1350
77.6403	5679	125	1350
77.6426	5680	127	1350
77.658	5681	132	1350
77.6602	5682	134	1350
77.6713	5683	134	1350
77.6735	5684	136	1350
77.6845	5685	135	1350
77.6867	5686	137	1350
77.6978	5687	137	1350
77.7	5688	139	1350
77.711	5689	140	1350
77.7132	5690	142	1350
77.7243	5691	142	1350
77.7265	5692	144	1350
77.7419	5693	147	1350
77.7441	5694	150	1350
77.7552	5695	150	1350
77.7574	5696	152	1350
77.7684	5697	152	1350
77.7706	5698	154	1350
77.7817	5699	154	1350
77.7839	5700	156	1350
77.7949	5701	155	1350
77.7971	5702	158	1350
77.8082	5703	158	1350
77.8104	5704	160	1350
77.8214	5705	160	1350
77.8236	5706	162	1350
77.8302	5707	158	1350
77.8324	5708	160	1350
77.8391	5709	157	1350
77.8413	5710	159	1350
77.8479	5711	154	1350
77.8501	5712	157	1350
77.8611	5713	157	1350
77.8634	5714	159	1350
77.87	5715	155	1350
77.8722	5716	158	1350
77.8788	5717	153	1350
77.881	5718	156	1350
77.8876	5719	152	1350
77.8899	5720	154	1350
77.9009	5721	154	1350
77.9031	5722	157	1350
77.9097	5723	152	1350
77.9119	5724	154	1350
77.9186	5725	151	1350
77.9208	5726	153	1350
77.9274	5727	149	1350
77.9296	5728	151	1350
77.9362	5729	147	1350
77.9384	5730	149	1350
77.9495	5731	150	1350
77.9517	5732	152	1350
77.9583	5733	148	1350
77.9605	5734	150	1350
77.9671	5735	146	1350
77.9693	5736	148	1350
77.976	5737	144	1350
77.9782	5738	147	1350
77.9892	5739	147	1350
77.9914	5740	149	1350
77.998	5741	146	1350
78.0003	5742	148	1350
78.0113	5743	148	1350
78.0135	5744	150	1350
78.0245	5745	150	1350
78.0267	5746	152	1350
78.0334	5747	149	1350
78.0356	5748	151	1350
78.0466	5749	151	1350
78.0488	5750	153	1350
78.0555	5751	149	1350
78.0577	5752	151	1350
78.0687	5753	152	1350
78.0709	5754	154	1350
78.0775	5755	152	1350
78.0797	5756	154	1350
78.0908	5757	157	1350
78.093	5758	159	1350
78.0996	5759	157	1350
78.1018	5760	159	1350
78.1084	5761	158	1350
78.1107	5762	160	1350
78.1217	5763	162	1350
78.1239	5764	164	1350
78.1305	5765	163	1350
78.1327	5766	165	1350
78.1394	5767	163	1350
78.1416	5768	165	1350
78.1526	5769	168	1350
78.1548	5770	170	1350
78.1614	5771	168	1350
78.1636	5772	170	1350
78.1703	5773	169	1350
78.1725	5774	171	1350
78.1835	5775	173	1350
78.1857	5776	175	1350
78.1923	5777	174	1350
78.1946	5778	176	1350
78.2012	5779	174	1350
78.2034	5780	176	1350
78.2144	5781	179	1350
78.2166	5782	181	1350
78.2233	5783	179	1350
78.2255	5784	181	1350
78.2321	5785	180	1350
78.2343	5786	182	1350
78.2409	5787	179	1350
78.2431	5788	182	1350
78.2542	5789	185	1350
78.2564	5790	187	1350
78.263	5791	185	1350
78.2652	5792	187	1350
78.2718	5793	185	1350
78.274	5794	188	1350
78.2851	5795	190	1350
78.2873	5796	192	1350
78.2939	5797	190	1350
78.2961	5798	193	1350
78.3027	5799	190	1350
78.305	5800	192	1350
78.316	5801	194	1350
78.3182	5802	197	1350
78.3292	5803	194	1350
78.3315	5804	196	1350
78.3425	5805	193	1350
78.3447	5806	195	1350
78.3557	5807	192	1350
78.3579	5808	194	1350
78.369	5809	191	1350
78.3712	5810	194	1350
78.3867	5811	195	1350
78.3889	5812	197	1350
78.3999	5813	193	1350
78.4021	5814	196	1350
78.4131	5815	193	1350
78.4154	5816	195	1350
78.4264	5817	192	1350
78.4286	5818	194	1350
78.4396	5819	191	1350
78.4419	5820	193	1350
78.4573	5821	195	1350
78.4595	5822	197	1350
78.4706	5823	194	1350
78.4728	5824	196	1350
78.4838	5825	194	1350
78.486	5826	197	1350
78.4971	5827	194	1350
78.4993	5828	196	1350
78.5103	5829	193	1350
78.5125	5830	195	1350
78.5235	5831	192	1350
78.5258	5832	194	1350
78.5368	5833	194	1350
78.539	5834	197	1350
78.55	5835	198	1350
78.5523	5836	200	1350
78.5589	5837	195	1350
78.5611	5838	198	1350
78.5721	5839	199	1350
78.5743	5840	201	1350
78.581	5841	196	1350
78.5832	5842	199	1350
78.5942	5843	200	1350
78.5964	5844	202	1350
78.6075	5845	203	1350
78.6097	5846	205	1350
78.6163	5847	201	1350
78.6185	5848	203	1350
78.6295	5849	204	1350
78.6317	5850	206	1350
78.6384	5851	202	1350
78.6406	5852	204	1350
78.6516	5853	205	1350
78.6538	5854	207	1350
78.6649	5855	207	1350
78.6671	5856	210	1350
78.6737	5857	206	1350
78.6759	5858	208	1350
78.6869	5859	209	1350
78.6891	5860	212	1350
78.7002	5861	212	1350
78.7024	5862	214	1350
78.709	5863	211	1350
78.7112	5864	213	1350
78.7223	5865	213	1350
78.7245	5866	215	1350
78.7311	5867	212	1350
78.7333	5868	214	1350
78.7443	5869	214	1350
78.7466	5870	216	1350
78.7576	5871	217	1350
78.7598	5872	219	1350
78.7664	5873	216	1350
78.7686	5874	218	1350
78.7797	5875	218	1350
78.7819	5876	220	1350
78.7885	5877	217	1350
78.7907	5878	219	1350
78.8018	5879	219	1350
78.804	5880	221	1350
78.815	5881	223	1350
78.8172	5882	225	1350
78.8238	5883	220	1350
78.826	5884	223	1350
78.8371	5885	224	1350
78.8393	5886	226	1350
78.8459	5887	221	1350
78.8481	5888	224	1350
78.8592	5889	225	1350
78.8614	5890	227	1350
78.8724	5891	228	1350
78.8746	5892	230	1350
78.8812	5893	226	1350
78.8835	5894	228	1350
78.8945	5895	229	1350
78.8967	5896	231	1350
78.9077	5897	231	1350
78.9099	5898	233	1350
78.9166	5899	230	1350
78.9188	5900	232	1350
78.9298	5901	232	1350
78.932	5902	235	1350
78.9387	5903	231	1350
78.9409	5904	233	1350
78.9519	5905	234	1350
78.9541	5906	237	1350
78.9651	5907	237	1350
78.9674	5908	239	1350
78.974	5909	235	1350
78.9762	5910	238	1350
78.9872	5911	238	1350
78.9894	5912	240	1350
78.9961	5913	237	1350
78.9983	5914	239	1350
79.0093	5915	239	1350
79.0115	5916	241	1350
79.0226	5917	242	1350
79.0248	5918	244	1350
79.0314	5919	241	1350
79.0336	5920	243	1350
79.0446	5921	243	1350
79.0468	5922	245	1350
79.0579	5923	246	1350
79.0601	5924	249	1350
79.0667	5925	244	1350
79.0689	5926	246	1350
79.08	5927	247	1350
79.0822	5928	250	1350
79.0888	5929	245	1350
79.091	5930	248	1350
79.102	5931	249	1350
79.1043	5932	251	1350
79.1153	5933	251	1350
79.1175	5934	253	1350
79.1241	5935	250	1350
79.1263	5936	252	1350
79.1374	5937	253	1350
79.1396	5938	255	1350
79.1462	5939	251	1350
79.1484	5940	253	1350
79.1595	5941	254	1350
79.1617	5942	256	1350
79.1727	5943	256	1350
79.1749	5944	258	1350
79.1815	5945	255	1350
79.1837	5946	257	1350
79.1948	5947	257	1350
79.197	5948	259	1350
79.2036	5949	256	1350
79.2058	5950	258	1350
79.2169	5951	259	1350
79.2191	5952	262	1350
79.2301	5953	262	1350
79.2323	5954	264	1350
79.2389	5955	260	1350
79.2411	5956	263	1350
79.2522	5957	263	1350
79.2544	5958	265	1350
79.2654	5959	266	1350
79.2676	5960	268	1350
79.2743	5961	264	1350
79.2765	5962	266	1350
79.2875	5963	267	1350
79.2897	5964	269	1350
79.2963	5965	266	1350
79.2986	5966	268	1350
79.3096	5967	268	1350
79.3118	5968	270	1350
79.3228	5969	271	1350
79.3251	5970	274	1350
79.3317	5971	269	1350
79.3339	5972	271	1350
79.3449	5973	272	1350
79.3471	5974	275	1350
79.3538	5975	270	1350
79.356	5976	272	1350
79.367	5977	274	1350
79.3692	5978	276	1350
79.3803	5979	277	1350
79.3825	5980	279	1350
79.3891	5981	275	1350
79.3913	5982	277	1350
79.4023	5983	278	1350
79.4045	5984	280	1350
79.4156	5985	280	1350
79.4178	5986	282	1350
79.4244	5987	279	1350
79.4266	5988	281	1350
79.4377	5989	281	1350
79.4399	5990	283	1350
79.4465	5991	280	1350
79.4487	5992	282	1350
79.4597	5993	282	1350
79.4619	5994	284	1350
79.473	5995	285	1350
79.4752	5996	288	1350
79.4818	5997	284	1350
79.484	5998	287	1350
79.4951	5999	287	1350
79.4973	6000	289	1350
79.5083	6001	290	1350
79.5105	6002	292	1350
79.5216	6003	292	1350
79.5238	6004	294	1350
79.5348	6005	295	1350
79.537	6006	298	1350
79.5481	6007	298	1350
79.5503	6008	300	1350
79.5613	6009	301	1350
79.5635	6010	303	1350
79.5746	6011	304	1350
79.5768	6012	306	1350
79.5878	6013	306	1350
79.59	6014	309	1350
79.6011	6015	310	1350
79.6033	6016	312	1350
79.6143	6017	312	1350
79.6165	6018	314	1350
79.6275	6019	315	1350
79.6298	6020	317	1350
79.6408	6021	317	1350
79.643	6022	320	1350
79.654	6023	321	1350
79.6563	6024	323	1350
79.6673	6025	324	1350
79.6695	6026	326	1350
79.6805	6027	326	1350
79.6827	6028	328	1350
79.6938	6029	329	1350
79.696	6030	331	1350
79.707	6031	332	1350
79.7092	6032	334	1350
79.7203	6033	335	1350
79.7225	6034	337	1350
79.7335	6035	337	1350
79.7357	6036	339	1350
79.7468	6037	340	1350
79.749	6038	342	1350
79.76	6039	343	1350
79.7622	6040	345	1350
79.7733	6041	346	1350
79.7755	6042	348	1350
79.7865	6043	349	1350
79.7887	6044	351	1350
79.7954	6045	348	1350
79.7976	6046	350	1350
79.8042	6047	346	1350
79.8064	6048	348	1350
79.813	6049	344	1350
79.8152	6050	346	1350
79.8219	6051	343	1350
79.8241	6052	346	1350
79.8351	6053	345	1350
79.8373	6054	347	1350
79.8439	6055	343	1350
79.8461	6056	346	1350
79.8528	6057	342	1350
79.855	6058	344	1350
79.8616	6059	340	1350
79.8638	6060	342	1350
79.8748	6061	343	1350
79.8771	6062	346	1350
79.8837	6063	341	1350
79.8859	6064	343	1350
79.8925	6065	340	1350
79.8947	6066	342	1350
79.9013	6067	339	1350
79.9035	6068	341	1350
79.9102	6069	337	1350
79.9124	6070	339	1350
79.9234	6071	340	1350
79.9256	6072	342	1350
79.9323	6073	338	1350
79.9345	6074	340	1350
79.9411	6075	337	1350
79.9433	6076	339	1350
79.9499	6077	334	1350
79.9521	6078	337	1350
79.9587	6079	333	1350
79.961	6080	335	1350
79.972	6081	335	1350
79.9742	6082	338	1350
79.9808	6083	336	1350
79.983	6084	339	1350
79.9897	6085	337	1350
79.9919	6086	339	1350
79.9985	6087	337	1350
80.0007	6088	339	1350
80.0073	6089	338	1350
80.0095	6090	340	1350
80.0206	6091	343	1350
80.0228	6092	345	1350
80.0294	6093	343	1350
80.0316	6094	345	1350
80.0382	6095	344	1350
80.0404	6096	346	1350
80.0471	6097	345	1350
80.0493	6098	347	1350
80.0603	6099	349	1350
80.0625	6100	351	1350
80.0691	6101	350	1350
80.0714	6102	352	1350
80.078	6103	350	1350
80.0802	6104	353	1350
80.0912	6105	355	1350
80.0934	6106	357	1350
80.1001	6107	356	1350
80.1023	6108	358	1350
80.1089	6109	356	1350
80.1111	6110	359	1350
80.1177	6111	356	1350
80.1199	6112	358	1350
80.131	6113	361	1350
80.1332	6114	364	1350
80.1398	6115	362	1350
80.142	6116	365	1350
80.1531	6117	361	1350
80.1553	6118	363	1350
80.1663	6119	366	1350
80.1685	6120	368	1350
80.1795	6121	361	1350
80.1818	6122	363	1350
80.1928	6123	365	1350
80.195	6124	368	1350
80.206	6125	361	1350
80.2083	6126	363	1350
80.2237	6127	364	1350
80.2259	6128	366	1350
80.237	6129	363	1350
80.2392	6130	366	1350
80.2502	6131	363	1350
80.2524	6132	365	1350
80.2635	6133	362	1350
80.2657	6134	364	1350
80.2767	6135	362	1350
80.2789	6136	364	1350
80.2899	6137	361	1350
80.2922	6138	364	1350
80.3032	6139	361	1350
80.3054	6140	363	1350
80.3209	6141	364	1350
80.3231	6142	367	1350
80.3341	6143	364	1350
80.3363	6144	366	1350
80.3474	6145	363	1350
80.3496	6146	365	1350
80.3606	6147	362	1350
80.3628	6148	364	1350
80.3761	6149	364	1350
80.3783	6150	366	1350
80.3893	6151	363	1350
80.3915	6152	365	1350
80.407	6153	366	1350
80.4092	6154	369	1350
80.4202	6155	366	1350
80.4224	6156	368	1350
80.4335	6157	366	1350
80.4357	6158	368	1350
80.4467	6159	365	1350
80.4489	6160	367	1350
80.46	6161	367	1350
80.4622	6162	370	1350
80.4688	6163	366	1350
80.471	6164	369	1350
80.482	6165	369	1350
80.4843	6166	371	1350
80.4909	6167	367	1350
80.4931	6168	370	1350
80.5041	6169	370	1350
80.5063	6170	372	1350
80.5174	6171	373	1350
80.5196	6172	375	1350
80.5262	6173	372	1350
80.5284	6174	374	1350
80.5395	6175	374	1350
80.5417	6176	376	1350
80.5527	6177	377	1350
80.5549	6178	379	1350
80.5615	6179	375	1350
80.5637	6180	377	1350
80.5748	6181	378	1350
80.577	6182	380	1350
80.5836	6183	376	1350
80.5858	6184	378	1350
80.5969	6185	379	1350
80.5991	6186	382	1350
80.6101	6187	383	1350
80.6123	6188	385	1350
80.6189	6189	380	1350
80.6211	6190	383	1350
80.6322	6191	384	1350
80.6344	6192	386	1350
80.641	6193	382	1350
80.6432	6194	384	1350
80.6543	6195	385	1350
80.6565	6196	387	1350
80.6675	6197	388	1350
80.6741	6199	384	1350
80.6763	6200	386	1350
80.6874	6201	387	1350
80.6896	6202	389	1350
80.6962	6203	386	1350
80.6984	6204	388	1350
80.7073	6205	386	1350
80.7095	6206	388	1350
80.7183	6207	387	1350
80.7205	6208	389	1350
80.7271	6209	386	1350
80.7293	6210	388	1350
80.7382	6211	387	1350
80.7404	6212	389	1350
80.747	6213	385	1350
80.7492	6214	387	1350
80.758	6215	386	1350
80.7603	6216	388	1350
80.7713	6217	389	1350
80.7779	6219	384	1350
80.7801	6220	387	1350
80.7912	6221	388	1350
80.7978	6223	384	1350
80.8	6224	386	1350
80.8088	6225	384	1350
80.811	6226	387	1350
80.8221	6227	388	1350
80.8287	6229	384	1350
80.8309	6230	386	1350
80.8419	6231	386	1350
80.8442	6232	389	1350
80.8508	6233	385	1350
80.853	6234	387	1350
80.8618	6235	386	1350
80.864	6236	389	1350
80.8707	6237	385	1350
80.8729	6238	387	1350
80.8817	6239	385	1350
80.8839	6240	387	1350
80.8927	6241	386	1350
80.8949	6242	388	1350
80.9016	6243	385	1350
80.9038	6244	387	1350
80.9148	6245	387	1350
80.9214	6247	384	1350
80.9413	6250	386	1350
80.9435	6251	388	1350
80.9678	6254	385	1350
80.97	6255	388	1350
80.9811	6256	389	1350
80.9943	6258	387	1350
81.0053	6260	388	1350
81.0142	6262	387	1350
81.0164	6263	389	1350
81.0385	6266	386	1350
81.0407	6267	388	1350
81.0517	6268	388	1350
81.0627	6270	385	1350
81.065	6271	387	1350
81.076	6272	387	1350
81.0826	6274	384	1350
81.0848	6275	386	1350
81.0937	6276	385	1350
81.0959	6277	385	1350
81.0981	6278	388	1350
81.1069	6279	382	1350
81.1091	6280	385	1350
81.1202	6281	383	1350
81.1224	6282	385	1350
81.1334	6283	386	1350
81.1356	6284	388	1350
81.1467	6285	388	1350
81.1555	6286	388	1350
81.1665	6288	389	1350
81.1731	6290	386	1350
81.1754	6291	386	1350
81.1974	6292	376	1350
81.1996	6293	378	1350
81.2085	6294	377	1350
81.2107	6295	379	1350
81.2195	6296	378	1350
81.2217	6297	380	1350
81.2283	6298	376	1350
81.2306	6299	378	1350
81.2394	6300	377	1350
81.2416	6301	379	1350
81.2482	6302	376	1350
81.2504	6303	378	1350
81.2526	6304	369	1350
81.2548	6305	371	1350
81.2615	6306	368	1350
81.2637	6307	370	1350
81.2703	6308	367	1350
81.2725	6309	369	1350
81.2835	6310	369	1350
81.2858	6311	371	1350
81.2968	6312	372	1350
81.299	6313	375	1350
81.3056	6314	371	1350
81.3078	6315	373	1350
81.3167	6316	372	1350
81.3189	6317	374	1350
81.3255	6318	370	1350
81.3454	6319	370	1350
81.3476	6320	372	1350
81.3542	6321	368	1350
81.3564	6322	370	1350
81.3675	6323	371	1350
81.3697	6324	373	1350
81.3763	6325	370	1350
81.3785	6326	372	1350
81.3895	6327	372	1350
81.3917	6328	374	1350
81.4028	6329	375	1350
81.405	6330	377	1350
81.4116	6331	374	1350
81.4138	6332	376	1350
81.416	6333	368	1350
81.4182	6334	370	1350
81.4359	6335	368	1350
81.4381	6336	368	1350
81.4491	6337	368	1350
81.4602	6338	366	1350
81.469	6339	364	1350
81.4734	6340	359	1350
81.4756	6341	359	1350
81.4867	6342	348	1350
81.4889	6343	348	1350
81.4999	6344	348	1350
81.5066	6345	344	1350
81.5088	6346	343	1350
81.5154	6347	339	1350
81.5198	6348	337	1350
81.522	6349	338	1350
81.5308	6350	337	1350
81.5331	6351	338	1350
81.5463	6352	323	1350
81.5485	6353	325	1350
81.5507	6354	317	1350
81.5529	6355	319	1350
81.5595	6356	316	1350
81.5707	6357	312	1350
81.5729	6358	314	1350
81.5795	6359	311	1350
81.5817	6360	313	1350
81.5906	6361	311	1350
81.5928	6362	313	1350
81.5994	6363	310	1350
81.6016	6364	312	1350
81.6104	6365	311	1350
81.6126	6366	313	1350
81.6259	6367	315	1350
81.6281	6368	318	1350
81.6347	6369	314	1350
81.6413	6370	308	1350
81.6436	6371	310	1350
81.6502	6372	307	1350
81.6524	6373	309	1350
81.6634	6374	309	1350
81.6656	6375	311	1350
81.6723	6376	308	1350
81.6745	6377	310	1350
81.6811	6378	309	1350
81.6833	6379	311	1350
81.6899	6380	308	1350
81.6921	6381	311	1350
81.6988	6382	309	1350
81.701	6383	311	1350
81.7076	6384	310	1350
81.7098	6385	312	1350
81.7164	6386	311	1350
81.7186	6387	313	1350
81.7252	6388	312	1350
81.7275	6389	314	1350
81.7341	6390	312	1350
81.7363	6391	314	1350
81.7385	6392	308	1350
81.7407	6393	310	1350
81.7473	6394	309	1350
81.7495	6395	311	1350
81.7562	6396	310	1350
81.7584	6397	312	1350
81.765	6398	309	1350
81.7672	6399	312	1350
81.7738	6400	310	1350
81.776	6401	313	1350
81.7827	6402	311	1350
81.7849	6403	313	1350
81.7915	6404	312	1350
81.7937	6405	314	1350
81.8003	6406	312	1350
81.8025	6407	314	1350
81.8092	6408	313	1350
81.8114	6409	315	1350
81.8224	6410	318	1350
81.8246	6411	320	1350
81.8312	6412	319	1350
81.8334	6413	321	1350
81.8401	6414	319	1350
81.8423	6415	321	1350
81.8489	6416	319	1350
81.8511	6417	322	1350
81.8621	6418	325	1350
81.8644	6419	327	1350
81.871	6420	325	1350
81.8732	6421	328	1350
81.8798	6422	325	1350
81.882	6423	328	1350
81.8931	6424	331	1350
81.8953	6425	333	1350
81.9019	6426	331	1350
81.9041	6427	334	1350
81.9107	6428	332	1350
81.9129	6429	334	1350
81.924	6430	331	1350
81.9262	6431	334	1350
81.9372	6432	331	1350
81.9394	6433	333	1350
81.9505	6434	330	1350
81.9527	6435	332	1350
81.9681	6436	335	1350
81.9703	6437	337	1350
81.9814	6438	334	1350
81.9836	6439	336	1350
81.9946	6440	333	1350
81.9968	6441	335	1350
82.0079	6442	333	1350
82.0101	6443	336	1350
82.0211	6444	333	1350
82.0233	6445	335	1350
82.0344	6446	332	1350
82.0366	6447	334	1350
82.0498	6448	334	1350
82.052	6449	337	1350
82.0675	6450	338	1350
82.0697	6451	340	1350
82.0874	6452	344	1350
82.0896	6453	346	1350
82.1028	6454	345	1350
82.105	6455	348	1350
82.1183	6456	347	1350
82.1205	6457	349	1350
82.1337	6458	349	1350
82.1359	6459	351	1350
82.1492	6460	351	1350
82.1514	6461	353	1350
82.1646	6462	352	1350
82.1668	6463	354	1350
82.1801	6464	358	1350
82.1823	6465	360	1350
82.1911	6466	359	1350
82.1933	6467	361	1350
82.2066	6468	363	1350
82.2088	6469	365	1350
82.222	6470	369	1350
82.2243	6471	371	1350
82.2309	6472	367	1350
82.2331	6473	370	1350
82.2463	6474	372	1350
82.2485	6475	374	1350
82.2574	6476	373	1350
82.2596	6477	375	1350
82.2728	6478	378	1350
82.275	6479	381	1350
82.2883	6480	383	1350
82.2905	6481	385	1350
82.2993	6482	384	1350
82.3015	6483	386	1350
82.3126	6484	387	1350
82.3148	6485	389	1350
82.3214	6486	385	1350
82.3236	6487	387	1350
82.3347	6488	388	1350
82.3435	6490	387	1350
82.3457	6491	389	1350
82.3545	6492	388	1350
82.3634	6494	386	1350
82.3656	6495	388	1350
82.3722	6496	385	1350
82.3744	6497	387	1350
82.3854	6498	388	1350
82.3921	6500	384	1350
82.3943	6501	386	1350
82.4053	6502	387	1350
82.4075	6503	389	1350
82.423	6506	383	1350
82.4252	6507	386	1350
82.4362	6508	387	1350
82.4384	6509	389	1350
82.4451	6510	386	1350
82.4473	6511	388	1350
82.4561	6512	387	1350
82.4583	6513	389	1350
82.4671	6514	387	1350
82.4693	6515	389	1350
82.476	6516	385	1350
82.4782	6517	388	1350
82.487	6518	387	1350
82.4892	6519	389	1350
82.4958	6520	384	1350
82.498	6521	387	1350
82.5069	6522	385	1350
82.5091	6523	388	1350
82.5201	6524	389	1350
82.5268	6526	385	1350
82.529	6527	387	1350
82.54	6528	388	1350
82.5466	6530	384	1350
82.5488	6531	386	1350
82.5554	6532	383	1350
82.5577	6533	385	1350
82.5709	6534	387	1350
82.5797	6536	386	1350
82.5819	6537	388	1350
82.5996	6540	385	1350
82.6018	6541	387	1350
82.6106	6542	386	1350
82.6129	6543	388	1350
82.6195	6544	385	1350
82.6217	6545	387	1350
82.6283	6546	384	1350
82.6305	6547	386	1350
82.6393	6548	384	1350
82.6416	6549	386	1350
82.6526	6550	387	1350
82.6592	6552	384	1350
82.6614	6553	386	1350
82.6747	6554	388	1350
82.6879	6556	382	1350
82.6901	6557	385	1350
82.6968	6558	381	1350
82.699	6559	383	1350
82.71	6560	379	1350
82.7122	6561	381	1350
82.7206	6562	379	1350
82.7228	6563	381	1350
82.7338	6564	381	1350
82.736	6565	378	1350
82.7382	6566	380	1350
82.7449	6567	376	1350
82.7471	6568	379	1350
82.7603	6569	376	1350
82.7625	6570	378	1350
82.7691	6571	375	1350
82.7824	6572	369	1350
82.7846	6573	371	1350
82.7912	6574	368	1350
82.7934	6575	370	1350
82.8045	6576	371	1350
82.8111	6577	372	1350
82.8133	6578	374	1350
82.8177	6579	367	1350
82.8199	6580	369	1350
82.831	6581	370	1350
82.8354	6582	372	1350
82.8376	6583	372	1350
82.8442	6584	372	1350
82.8464	6585	372	1350
82.8597	6586	367	1350
82.8619	6587	369	1350
82.8707	6588	368	1350
82.8729	6589	367	1350
82.8773	6590	370	1350
82.8906	6591	367	1350
82.8928	6592	367	1350
82.9016	6593	365	1350
82.906	6594	368	1350
82.9216	6595	351	1350
82.9238	6596	353	1350
82.9304	6597	350	1350
82.9326	6598	352	1350
82.9415	6599	351	1350
82.9437	6600	353	1350
82.9503	6601	349	1350
82.9525	6602	351	1350
82.9613	6603	350	1350
82.9635	6604	352	1350
82.9702	6605	349	1350
82.9724	6606	351	1350
82.9746	6607	343	1350
82.9768	6608	345	1350
82.9834	6609	341	1350
82.9856	6610	343	1350
82.9923	6611	340	1350
82.9945	6612	342	1350
83.0055	6613	343	1350
83.0077	6614	345	1350
83.0143	6615	341	1350
83.0165	6616	343	1350
83.0276	6617	344	1350
83.0298	6618	346	1350
83.0408	6619	347	1350
83.0475	6620	348	1350
83.0497	6621	348	1350
83.0607	6622	350	1350
83.0629	6623	350	1350
83.0828	6624	338	1350
83.085	6625	340	1350
83.0938	6626	339	1350
83.096	6627	342	1350
83.1027	6628	337	1350
83.1049	6629	339	1350
83.1071	6630	333	1350
83.1093	6631	335	1350
83.1115	6632	326	1350
83.1137	6633	328	1350
83.1203	6634	324	1350
83.1225	6635	326	1350
83.1336	6636	327	1350
83.1358	6637	329	1350
83.1579	6638	322	1350
83.1601	6639	325	1350
83.1623	6640	317	1350
83.1645	6641	319	1350
83.1755	6642	320	1350
83.1821	6643	321	1350
83.1843	6644	323	1350
83.1888	6645	317	1350
83.191	6646	319	1350
83.1976	6647	316	1350
83.2086	6648	321	1350
83.2108	6649	323	1350
83.2197	6650	322	1350
83.2219	6651	324	1350
83.2373	6652	321	1350
83.2395	6653	323	1350
83.2484	6654	322	1350
83.2506	6655	324	1350
83.2572	6656	321	1350
83.2705	6657	328	1350
83.2727	6658	330	1350
83.2815	6659	328	1350
83.2837	6660	330	1350
83.2947	6661	331	1350
83.297	6662	333	1350
83.3102	6663	337	1350
83.3124	6664	339	1350
83.3257	6665	342	1350
83.3279	6666	344	1350
83.3411	6667	347	1350
83.3433	6668	349	1350
83.3544	6669	350	1350
83.3566	6670	352	1350
83.3698	6671	355	1350
83.372	6672	358	1350
83.3853	6673	360	1350
83.3875	6674	362	1350
83.4007	6675	365	1350
83.4029	6676	367	1350
83.414	6677	368	1350
83.4162	6678	371	1350
83.425	6679	370	1350
83.4272	6680	372	1350
83.4405	6681	374	1350
83.4427	6682	376	1350
83.4515	6683	375	1350
83.4537	6684	377	1350
83.4603	6685	374	1350
83.4626	6686	376	1350
83.4714	6687	374	1350
83.4736	6688	376	1350
83.4824	6689	375	1350
83.4846	6690	377	1350
83.4935	6691	376	1350
83.4957	6692	378	1350
83.5023	6693	377	1350
83.5045	6694	379	1350
83.5133	6695	379	1350
83.5155	6696	381	1350
83.5222	6697	380	1350
83.5244	6698	382	1350
83.5332	6699	383	1350
83.5354	6700	385	1350
83.5443	6701	386	1350
83.5465	6702	388	1350
83.5531	6703	386	1350
83.5553	6704	388	1350
83.5641	6705	389	1350
83.5707	6707	387	1350
83.5752	6709	384	1350
83.5774	6710	386	1350
83.584	6711	383	1350
83.5862	6712	386	1350
83.5906	6713	382	1350
83.5928	6714	384	1350
83.6017	6715	385	1350
83.6039	6716	387	1350
83.6083	6717	384	1350
83.6105	6718	386	1350
83.6193	6719	386	1350
83.6215	6720	388	1350
83.6304	6721	389	1350
83.637	6723	387	1350
83.6458	6725	388	1350
83.6524	6727	387	1350
83.6547	6728	389	1350
83.6613	6729	387	1350
83.6679	6731	385	1350
83.6745	6732	387	1350
83.6811	6734	386	1350
83.6834	6735	388	1350
83.69	6736	386	1350
83.701	6737	388	1350
83.7076	6739	385	1350
83.7099	6740	387	1350
83.7165	6741	386	1350
83.7275	6742	383	1350
83.7297	6743	385	1350
83.7408	6744	382	1350
83.743	6745	384	1350
83.7562	6746	383	1350
83.7584	6747	385	1350
83.7717	6748	384	1350
83.7739	6749	386	1350
83.7827	6750	382	1350
83.7915	6751	385	1350
83.7938	6752	387	1350
83.8048	6753	383	1350
83.807	6754	386	1350
83.818	6755	383	1350
83.8203	6756	385	1350
83.8335	6757	384	1350
83.8357	6758	386	1350
83.8534	6759	387	1350
83.8666	6761	387	1350
83.8688	6762	389	1350
83.8799	6763	386	1350
83.8821	6764	389	1350
83.8931	6765	386	1350
83.8953	6766	388	1350
83.9108	6767	385	1350
83.913	6768	387	1350
83.9262	6769	387	1350
83.9284	6770	389	1350
83.9483	6773	385	1350
83.9505	6774	387	1350
83.9594	6775	386	1350
83.966	6776	387	1350
83.9748	6778	385	1350
83.977	6779	388	1350
83.9881	6780	389	1350
83.9947	6781	387	1350
84.0013	6783	384	1350
84.0035	6784	386	1350
84.0123	6785	384	1350
84.0146	6786	386	1350
84.019	6787	380	1350
84.0212	6788	383	1350
84.03	6789	382	1350
84.0322	6790	384	1350
84.0455	6791	386	1350
84.0477	6792	388	1350
84.0499	6793	380	1350
84.0521	6794	383	1350
84.0609	6795	381	1350
84.0631	6796	384	1350
84.0764	6797	387	1350
84.0786	6798	389	1350
84.0985	6799	383	1350
84.1007	6800	385	1350
84.1073	6801	381	1350
84.1095	6802	383	1350
84.1161	6803	380	1350
84.1183	6804	382	1350
84.1227	6805	377	1350
84.125	6806	379	1350
84.1272	6807	371	1350
84.1294	6808	373	1350
84.1426	6809	375	1350
84.1448	6810	377	1350
84.1537	6811	376	1350
84.1559	6812	378	1350
84.1647	6813	377	1350
84.1669	6814	379	1350
84.1779	6815	379	1350
84.1802	6816	382	1350
84.1846	6817	377	1350
84.1868	6818	379	1350
84.1978	6819	379	1350
84.2	6820	382	1350
84.2067	6821	378	1350
84.2089	6822	380	1350
84.2309	6823	376	1350
84.2331	6824	379	1350
84.2442	6825	379	1350
84.2596	6826	378	1350
84.2619	6827	380	1350
84.2685	6828	377	1350
84.2707	6829	379	1350
84.2883	6830	381	1350
84.2906	6831	383	1350
84.2994	6832	381	1350
84.3016	6833	383	1350
84.3148	6834	386	1350
84.3281	6835	385	1350
84.3303	6836	387	1350
84.3391	6837	386	1350
84.3413	6838	388	1350
84.348	6839	381	1350
84.3502	6840	384	1350
84.359	6841	382	1350
84.3612	6842	382	1350
84.3634	6843	381	1350
84.3965	6844	378	1350
84.3987	6845	380	1350
84.4054	6846	377	1350
84.4076	6847	379	1350
84.4208	6848	372	1350
84.423	6849	375	1350
84.4297	6850	371	1350
84.4319	6851	373	1350
84.4429	6852	373	1350
84.4451	6853	376	1350
84.4539	6854	374	1350
84.4562	6855	377	1350
84.4694	6856	380	1350
84.476	6857	382	1350
84.4827	6858	381	1350
84.4849	6859	381	1350
84.4937	6860	381	1350
84.4959	6861	381	1350
84.5202	6862	376	1350
84.5224	6863	378	1350
84.5246	6864	370	1350
84.5268	6865	372	1350
84.5356	6866	365	1350
84.5379	6867	367	1350
84.5489	6868	368	1350
84.5511	6869	371	1350
84.5533	6870	362	1350
84.5555	6871	364	1350
84.5688	6872	367	1350
84.571	6873	369	1350
84.5798	6874	368	1350
84.582	6875	371	1350
84.5931	6876	371	1350
84.5953	6877	373	1350
84.6041	6878	372	1350
84.6063	6879	374	1350
84.6195	6880	377	1350
84.6218	6881	379	1350
84.6284	6882	376	1350
84.6306	6883	378	1350
84.6438	6884	380	1350
84.646	6885	383	1350
84.6549	6886	381	1350
84.6571	6887	384	1350
84.6681	6888	385	1350
84.6703	6889	387	1350
84.677	6890	382	1350
84.6792	6891	385	1350
84.688	6892	383	1350
84.6902	6893	386	1350
84.7012	6894	387	1350
84.7035	6895	389	1350
84.7101	6896	386	1350
84.7123	6897	388	1350
84.7233	6898	388	1350
84.7299	6900	384	1350
84.7322	6901	387	1350
84.7432	6902	388	1350
84.752	6904	386	1350
84.7542	6905	388	1350
84.7631	6906	387	1350
84.7653	6907	389	1350
84.7719	6908	385	1350
84.7741	6909	388	1350
84.7851	6910	389	1350
84.7918	6912	384	1350
84.794	6913	386	1350
84.805	6914	388	1350
84.8139	6916	386	1350
84.8161	6917	389	1350
84.8249	6918	386	1350
84.8271	6919	389	1350
84.8337	6920	385	1350
84.8359	6921	387	1350
84.847	6922	388	1350
84.8558	6924	386	1350
84.858	6925	389	1350
84.8668	6926	387	1350
84.8735	6928	384	1350
84.8757	6929	386	1350
84.8867	6930	387	1350
84.8889	6931	389	1350
84.8955	6932	385	1350
84.8978	6933	387	1350
84.9088	6934	388	1350
84.9154	6936	385	1350
84.9176	6937	387	1350
84.9287	6938	387	1350
84.9375	6940	386	1350
84.9397	6941	388	1350
84.9463	6942	385	1350
84.9485	6943	387	1350
84.9552	6944	384	1350
84.9574	6945	386	1350
84.9662	6946	384	1350
84.9684	6947	386	1350
84.9817	6948	389	1350
84.9861	6950	384	1350
84.9883	6951	386	1350
84.9993	6952	386	1350
85.0059	6953	385	1350
85.0082	6954	388	1350
85.0302	6955	383	1350
85.0324	6956	385	1350
85.0369	6957	379	1350
85.0391	6958	382	1350
85.0457	6959	377	1350
85.0545	6960	381	1350
85.0567	6961	383	1350
85.0656	6962	381	1350
85.0678	6963	383	1350
85.07	6964	375	1350
85.0722	6965	378	1350
85.0854	6966	381	1350
85.0876	6967	383	1350
85.0943	6968	379	1350
85.0965	6969	381	1350
85.1053	6970	380	1350
85.1119	6971	380	1350
85.1141	6972	383	1350
85.123	6973	381	1350
85.1252	6974	384	1350
85.134	6975	383	1350
85.1495	6976	381	1350
85.1517	6977	383	1350
85.1561	6978	377	1350
85.1583	6979	379	1350
85.1693	6980	380	1350
85.1782	6981	383	1350
85.1804	6982	385	1350
85.1914	6983	386	1350
85.1936	6984	388	1350
85.198	6985	382	1350
85.2047	6986	378	1350
85.2069	6987	380	1350
85.2179	6988	383	1350
85.2201	6989	386	1350
85.2267	6990	384	1350
85.229	6991	386	1350
85.2378	6992	386	1350
85.24	6993	387	1350
85.2422	6994	388	1350
85.251	6995	388	1350
85.2532	6996	388	1350
85.2731	6997	382	1350
85.2753	6998	384	1350
85.2819	6999	381	1350
85.2842	7000	384	1350
85.293	7001	384	1350
85.2952	7002	387	1350
85.3018	7003	385	1350
85.304	7004	388	1350
85.3107	7005	386	1350
85.3129	7006	385	1350
85.3327	7007	377	1350
85.3349	7008	379	1350
85.3416	7009	377	1350
85.3438	7010	379	1350
85.3526	7011	380	1350
85.3548	7012	382	1350
85.3614	7013	381	1350
85.3636	7014	383	1350
85.3725	7015	384	1350
85.3747	7016	385	1350
85.3923	7017	377	1350
85.3946	7018	379	1350
85.4034	7019	380	1350
85.4056	7020	382	1350
85.4122	7021	381	1350
85.4144	7022	383	1350
85.4188	7023	379	1350
85.4211	7024	382	1350
85.4343	7025	381	1350
85.4365	7026	383	1350
85.452	7027	371	1350
85.4542	7028	374	1350
85.4652	7029	372	1350
85.4674	7030	374	1350
85.4807	7031	373	1350
85.4829	7032	375	1350
85.4961	7033	375	1350
85.4983	7034	377	1350
85.5116	7035	376	1350
85.5138	7036	378	1350
85.5248	7037	376	1350
85.527	7038	379	1350
85.5403	7039	379	1350
85.5425	7040	381	1350
85.5557	7041	379	1350
85.5579	7042	381	1350
85.569	7043	378	1350
85.5712	7044	381	1350
85.5734	7045	383	1350
85.5933	7046	383	1350
85.5955	7047	385	1350
85.6087	7048	384	1350
85.6109	7049	386	1350
85.622	7050	383	1350
85.6242	7051	386	1350
85.6352	7052	384	1350
85.6374	7053	386	1350
85.6485	7054	386	1350
85.6507	7055	388	1350
85.6595	7056	387	1350
85.6706	7058	388	1350
85.6794	7060	387	1350
85.6816	7061	389	1350
85.7015	7065	383	1350
85.7037	7066	385	1350
85.7103	7067	382	1350
85.7169	7068	387	1350
85.728	7070	383	1350
85.7302	7071	386	1350
85.7368	7072	382	1350
85.739	7073	385	1350
85.75	7074	386	1350
85.7523	7075	388	1350
85.7611	7076	386	1350
85.7633	7077	388	1350
85.7721	7078	387	1350
85.7743	7079	389	1350
85.781	7080	385	1350
85.7832	7081	388	1350
85.7942	7082	388	1350
85.8008	7084	384	1350
85.803	7085	387	1350
85.8097	7086	383	1350
85.8119	7087	385	1350
85.8207	7088	384	1350
85.8229	7089	386	1350
85.8339	7090	386	1350
85.8362	7091	389	1350
85.8428	7092	385	1350
85.845	7093	387	1350
85.8538	7094	386	1350
85.856	7095	389	1350
85.8671	7096	389	1350
85.8693	7098	381	1350
85.8715	7099	383	1350
85.8803	7100	382	1350
85.8825	7101	384	1350
85.8958	7102	386	1350
85.898	7103	388	1350
85.9046	7104	385	1350
85.9068	7105	387	1350
85.9134	7106	384	1350
85.9156	7107	386	1350
85.9267	7108	387	1350
85.9289	7109	389	1350
85.9333	7110	383	1350
85.9355	7111	385	1350
85.9443	7112	384	1350
85.9466	7113	386	1350
85.9554	7114	385	1350
85.9576	7115	387	1350
85.9664	7116	385	1350
85.9686	7117	387	1350
85.9775	7118	386	1350
85.9797	7119	388	1350
85.9863	7120	385	1350
85.9885	7121	387	1350
85.9995	7122	388	1350
86.0062	7124	384	1350
86.0084	7125	386	1350
86.0216	7126	389	1350
86.0238	7127	387	1350
86.0349	7129	387	1350
86.0371	7130	390	1350
86.0503	7131	385	1350
86.0525	7132	387	1350
86.0614	7133	386	1350
86.0636	7134	388	1350
86.0768	7135	382	1350
86.079	7136	385	1350
86.0879	7137	383	1350
86.0901	7138	386	1350
86.1033	7139	383	1350
86.1055	7140	385	1350
86.1166	7141	386	1350
86.1298	7142	382	1350
86.132	7143	385	1350
86.1431	7144	386	1350
86.1453	7145	388	1350
86.1585	7146	388	1350
86.1674	7148	387	1350
86.1696	7149	388	1350
86.1872	7150	386	1350
86.1894	7151	386	1350
86.1983	7152	388	1350
86.2049	7153	387	1350
86.2159	7154	387	1350
86.2181	7155	388	1350
86.2248	7156	388	1350
86.227	7157	387	1350
86.2557	7158	380	1350
86.2579	7159	382	1350
86.2667	7160	381	1350
86.2689	7161	383	1350
86.28	7162	384	1350
86.2822	7163	387	1350
86.291	7164	385	1350
86.2932	7165	387	1350
86.3109	7168	384	1350
86.3131	7169	387	1350
86.3241	7170	388	1350
86.3307	7171	385	1350
86.333	7172	387	1350
86.3418	7173	385	1350
86.344	7174	387	1350
86.355	7175	389	1350
86.3617	7177	385	1350
86.3639	7178	387	1350
86.3793	7181	382	1350
86.3815	7182	384	1350
86.3859	7183	378	1350
86.397	7184	376	1350
86.3992	7185	379	1350
86.4102	7186	379	1350
86.4124	7187	381	1350
86.4191	7188	378	1350
86.4213	7189	380	1350
86.4345	7190	383	1350
86.4367	7191	385	1350
86.4434	7192	381	1350
86.4456	7193	383	1350
86.4588	7194	386	1350
86.461	7195	389	1350
86.4676	7196	385	1350
86.4699	7197	387	1350
86.4787	7198	386	1350
86.4809	7199	388	1350
86.4897	7200	386	1350
86.4919	7201	388	1350
86.4986	7202	385	1350
86.5008	7203	387	1350
86.5074	7204	384	1350
86.5096	7205	386	1350
86.5118	7206	377	1350
86.514	7207	380	1350
86.5273	7208	383	1350
86.5295	7209	385	1350
86.5361	7210	382	1350
86.5383	7211	384	1350
86.5493	7212	385	1350
86.5692	7213	383	1350
86.5714	7214	385	1350
86.578	7215	382	1350
86.5803	7216	384	1350
86.5935	7217	381	1350
86.5957	7218	383	1350
86.609	7219	385	1350
86.6112	7220	388	1350
86.62	7221	378	1350
86.6222	7222	381	1350
86.6355	7223	384	1350
86.6465	7224	379	1350
86.6487	7225	381	1350
86.6619	7226	384	1350
86.6642	7227	387	1350
86.6708	7228	383	1350
86.673	7229	385	1350
86.6862	7230	388	1350
86.6929	7232	384	1350
86.6951	7233	387	1350
86.7017	7234	383	1350
86.7039	7235	385	1350
86.7171	7236	388	1350
86.7238	7238	384	1350
86.726	7239	386	1350
86.737	7240	388	1350
86.7436	7242	383	1350
86.7459	7243	385	1350
86.7569	7244	386	1350
86.7591	7245	389	1350
86.7635	7246	383	1350
86.7657	7247	385	1350
86.7768	7248	386	1350
86.779	7249	388	1350
86.7856	7250	384	1350
86.7878	7251	386	1350
86.7988	7252	388	1350
86.8077	7254	386	1350
86.8099	7255	388	1350
86.8209	7256	388	1350
86.8342	7260	382	1350
86.8364	7261	384	1350
86.8452	7262	383	1350
86.8474	7263	385	1350
86.8563	7264	383	1350
86.8585	7265	385	1350
86.8673	7266	384	1350
86.8695	7267	386	1350
86.8783	7268	385	1350
86.8805	7269	387	1350
86.896	7272	383	1350
86.8982	7273	386	1350
86.9048	7274	384	1350
86.907	7275	387	1350
86.9181	7276	390	1350
86.9225	7278	385	1350
86.9247	7279	387	1350
86.9269	7280	381	1350
86.9291	7281	384	1350
86.9446	7282	385	1350
86.9468	7283	387	1350
86.9512	7284	384	1350
86.9534	7285	386	1350
86.96	7286	384	1350
86.9733	7287	387	1350
86.9887	7291	386	1350
87.002	7292	387	1350
87.0042	7294	381	1350
87.0064	7295	383	1350
87.0108	7296	379	1350
87.013	7297	382	1350
87.0152	7298	376	1350
87.0174	7299	378	1350
87.0219	7300	369	1350
87.0241	7301	372	1350
87.0263	7302	366	1350
87.0285	7303	368	1350
87.0307	7304	362	1350
87.0417	7305	347	1350
87.0439	7306	349	1350
87.0506	7307	348	1350
87.0528	7308	350	1350
87.0594	7309	349	1350
87.0682	7310	348	1350
87.0704	7311	350	1350
87.0793	7312	345	1350
87.0815	7313	347	1350
87.0881	7314	341	1350
87.0903	7315	343	1350
87.1035	7316	342	1350
87.1102	7317	337	1350
87.1124	7318	339	1350
87.1212	7319	334	1350
87.1234	7320	336	1350
87.1345	7321	333	1350
87.1367	7322	335	1350
87.1455	7323	331	1350
87.1477	7324	333	1350
87.1565	7325	328	1350
87.1587	7326	330	1350
87.172	7327	329	1350
87.1742	7328	332	1350
87.1852	7329	329	1350
87.1875	7330	331	1350
87.2007	7331	331	1350
87.2029	7332	333	1350
87.2095	7333	326	1350
87.2117	7334	328	1350
87.225	7335	327	1350
87.2272	7336	330	1350
87.2382	7337	328	1350
87.2404	7338	330	1350
87.2537	7339	329	1350
87.2559	7340	331	1350
87.2669	7341	328	1350
87.2691	7342	331	1350
87.278	7343	329	1350
87.2802	7344	332	1350
87.289	7345	330	1350
87.2912	7346	332	1350
87.3023	7347	333	1350
87.3045	7348	335	1350
87.3133	7349	334	1350
87.3155	7350	336	1350
87.3221	7351	333	1350
87.3243	7352	335	1350
87.3376	7353	337	1350
87.3398	7354	339	1350
87.3486	7355	338	1350
87.3508	7356	340	1350
87.3619	7357	341	1350
87.3641	7358	344	1350
87.3729	7359	341	1350
87.3751	7360	344	1350
87.3818	7361	340	1350
87.384	7362	342	1350
87.3972	7363	346	1350
87.3994	7364	348	1350
87.406	7365	345	1350
87.4083	7366	347	1350
87.4171	7367	345	1350
87.4193	7368	347	1350
87.4303	7369	348	1350
87.4325	7370	350	1350
87.4414	7371	349	1350
87.4436	7372	351	1350
87.4502	7373	348	1350
87.4524	7374	350	1350
87.4657	7375	352	1350
87.4679	7376	354	1350
87.4745	7377	351	1350
87.4767	7378	353	1350
87.4899	7379	356	1350
87.4922	7380	359	1350
87.501	7381	356	1350
87.5032	7382	359	1350
87.5098	7383	355	1350
87.512	7384	358	1350
87.5253	7385	361	1350
87.5275	7386	363	1350
87.5363	7387	361	1350
87.5385	7388	363	1350
87.5451	7389	360	1350
87.5474	7390	362	1350
87.5606	7391	365	1350
87.5628	7392	367	1350
87.5694	7393	364	1350
87.5716	7394	366	1350
87.5805	7395	364	1350
87.5827	7396	366	1350
87.5959	7397	369	1350
87.5981	7398	372	1350
87.6048	7399	368	1350
87.607	7400	370	1350
87.6202	7401	373	1350
87.6224	7402	375	1350
87.6291	7403	372	1350
87.6313	7404	374	1350
87.6401	7405	373	1350
87.6423	7406	375	1350
87.6533	7407	375	1350
87.6555	7408	377	1350
87.6644	7409	376	1350
87.6666	7410	378	1350
87.6754	7411	377	1350
87.6776	7412	379	1350
87.6887	7413	380	1350
87.6909	7414	382	1350
87.6997	7415	380	1350
87.7019	7416	382	1350
87.7085	7417	379	1350
87.7107	7418	381	1350
87.7218	7419	382	1350
87.724	7420	384	1350
87.7328	7421	382	1350
87.735	7422	385	1350
87.7461	7423	386	1350
87.7483	7424	388	1350
87.7571	7425	387	1350
87.7593	7426	389	1350
87.7659	7427	385	1350
87.7682	7428	388	1350
87.777	7429	385	1350
87.7792	7430	388	1350
87.788	7431	387	1350
87.7902	7432	389	1350
87.7947	7433	383	1350
87.7969	7434	385	1350
87.8079	7435	385	1350
87.8101	7436	388	1350
87.8189	7437	386	1350
87.8211	7438	389	1350
87.8256	7439	383	1350
87.8278	7440	385	1350
87.8388	7441	386	1350
87.841	7442	389	1350
87.8476	7443	384	1350
87.8499	7444	386	1350
87.8675	7447	384	1350
87.8697	7448	386	1350
87.8786	7449	384	1350
87.8808	7450	386	1350
87.8896	7451	385	1350
87.8918	7452	387	1350
87.8984	7453	384	1350
87.9006	7454	386	1350
87.9515	7455	352	34
88.0831	7456	103	1350
88.1175	7457	103	1349
88.122	7458	103	1350
88.1272	7459	103	1350
88.1323	7460	102	1350
88.3104	7461	102	1350
88.3126	7462	104	1350
88.3207	7463	102	1350
88.3229	7464	104	1350
88.3309	7465	102	1350
88.3332	7466	105	1350
88.3412	7467	102	1350
88.3434	7468	104	1350
88.3515	7469	102	1350
88.3537	7470	104	1350
88.3622	7471	103	1350
88.3644	7472	105	1350
88.3734	7473	104	1350
88.3756	7474	106	1350
88.3841	7475	104	1350
88.3863	7476	106	1350
88.3947	7477	104	1350
88.3969	7478	106	1350
88.403	7479	102	1350
88.4052	7480	105	1350
88.4133	7481	102	1350
88.4155	7482	104	1350
88.4257	7483	104	1350
88.4279	7484	106	1350
88.4367	7485	105	1350
88.4389	7486	107	1350
88.4522	7487	111	1350
88.4544	7488	113	1350
88.4632	7489	111	1350
88.4654	7490	113	1350
88.4742	7491	112	1350
88.4765	7492	114	1350
88.4897	7493	117	1350
88.4919	7494	119	1350
88.5007	7495	117	1350
88.503	7496	119	1350
88.5162	7497	123	1350
88.5184	7498	125	1350
88.5272	7499	124	1350
88.5294	7500	126	1350
88.5383	7501	125	1350
88.5405	7502	127	1350
88.5537	7503	129	1350
88.5559	7504	131	1350
88.567	7505	132	1350
88.5692	7506	135	1350
88.578	7507	134	1350
88.5802	7508	136	1350
88.5935	7509	138	1350
88.5957	7510	140	1350
88.6045	7511	139	1350
88.6067	7512	141	1350
88.6156	7513	140	1350
88.6178	7514	142	1350
88.6332	7515	148	1350
88.6354	7516	150	1350
88.6443	7517	148	1350
88.6465	7518	150	1350
88.6597	7519	153	1350
88.6619	7520	155	1350
88.6708	7521	154	1350
88.673	7522	156	1350
88.684	7523	157	1350
88.6862	7524	159	1350
88.6995	7525	162	1350
88.7017	7526	164	1350
88.7105	7527	163	1350
88.7127	7528	165	1350
88.7215	7529	163	1350
88.7238	7530	165	1350
88.7392	7531	171	1350
88.7414	7532	173	1350
88.7502	7533	172	1350
88.7525	7534	174	1350
88.7591	7535	171	1350
88.7613	7536	173	1350
88.7745	7537	175	1350
88.7767	7538	177	1350
88.7856	7539	176	1350
88.7878	7540	178	1350
88.7988	7541	179	1350
88.801	7542	182	1350
88.8099	7543	179	1350
88.8121	7544	182	1350
88.8231	7545	183	1350
88.8253	7546	185	1350
88.8364	7547	186	1350
88.8386	7548	188	1350
88.8474	7549	187	1350
88.8496	7550	189	1350
88.8584	7551	187	1350
88.8606	7552	189	1350
88.8717	7553	190	1350
88.8739	7554	192	1350
88.8849	7555	192	1350
88.8871	7556	195	1350
88.9004	7557	196	1350
88.9026	7558	198	1350
88.9114	7559	196	1350
88.9136	7560	198	1350
88.9291	7561	203	1350
88.9313	7562	205	1350
88.9379	7563	199	1350
88.9401	7564	202	1350
88.9534	7565	204	1350
88.9556	7566	206	1350
88.9644	7567	203	1350
88.9666	7568	205	1350
88.9821	7569	210	1350
88.9843	7570	212	1350
88.9931	7571	210	1350
88.9953	7572	212	1350
89.0108	7573	215	1350
89.013	7574	217	1350
89.024	7575	218	1350
89.0262	7576	220	1350
89.0417	7577	224	1350
89.0439	7578	226	1350
89.0572	7579	228	1350
89.0594	7580	230	1350
89.0726	7581	232	1350
89.0748	7582	234	1350
89.0881	7583	236	1350
89.0903	7584	238	1350
89.0991	7585	236	1350
89.1013	7586	238	1350
89.1146	7587	240	1350
89.1168	7588	242	1350
89.13	7589	244	1350
89.1322	7590	246	1350
89.1433	7591	246	1350
89.1455	7592	248	1350
89.1587	7593	250	1350
89.1609	7594	252	1350
89.1742	7595	257	1350
89.1764	7596	259	1350
89.183	7597	256	1350
89.1852	7598	258	1350
89.1963	7599	260	1350
89.1985	7600	262	1350
89.2073	7601	262	1350
89.2095	7602	264	1350
89.2228	7603	268	1350
89.225	7604	270	1350
89.2316	7605	268	1350
89.2338	7606	270	1350
89.247	7607	275	1350
89.2493	7608	277	1350
89.2581	7609	277	1350
89.2603	7610	279	1350
89.2713	7611	281	1350
89.2735	7612	283	1350
89.2802	7613	281	1350
89.2824	7614	283	1350
89.2956	7615	287	1350
89.2978	7616	289	1350
89.3045	7617	287	1350
89.3067	7618	289	1350
89.3133	7619	286	1350
89.3155	7620	288	1350
89.3243	7621	288	1350
89.3265	7622	290	1350
89.3354	7623	290	1350
89.3376	7624	292	1350
89.3464	7625	292	1350
89.3486	7626	294	1350
89.3552	7627	292	1350
89.3574	7628	294	1350
89.3641	7629	292	1350
89.3663	7630	294	1350
89.3751	7631	295	1350
89.3773	7632	297	1350
89.3862	7633	296	1350
89.3884	7634	298	1350
89.3972	7635	298	1350
89.3994	7636	300	1350
89.406	7637	298	1350
89.4082	7638	300	1350
89.4171	7639	299	1350
89.4193	7640	301	1350
89.4281	7641	301	1350
89.4303	7642	303	1350
89.4391	7643	304	1350
89.4414	7644	306	1350
89.4546	7645	303	1350
89.4568	7646	305	1350
89.4656	7647	299	1350
89.4678	7648	301	1350
89.4811	7649	300	1350
89.4833	7650	302	1350
89.4921	7651	296	1350
89.4943	7652	298	1350
89.5076	7653	296	1350
89.5098	7654	298	1350
89.5186	7655	291	1350
89.5208	7656	293	1350
89.5341	7657	292	1350
89.5363	7658	294	1350
89.5495	7659	292	1350
89.5518	7660	294	1350
89.5628	7661	290	1350
89.565	7662	292	1350
89.5782	7663	291	1350
89.5805	7664	293	1350
89.5937	7665	291	1350
89.5959	7666	293	1350
89.607	7667	288	1350
89.6092	7668	291	1350
89.6224	7669	290	1350
89.6246	7670	292	1350
89.6379	7671	289	1350
89.6401	7672	292	1350
89.6533	7673	290	1350
89.6555	7674	292	1350
89.6688	7675	294	1350
89.671	7676	296	1350
89.6776	7677	292	1350
89.6798	7678	294	1350
89.6909	7679	293	1350
89.6931	7680	296	1350
89.6997	7681	290	1350
89.7019	7682	292	1350
89.7174	7683	297	1350
89.7196	7684	299	1350
89.7284	7685	297	1350
89.7306	7686	299	1350
89.7438	7687	300	1350
89.7461	7688	303	1350
89.7527	7689	298	1350
89.7549	7690	300	1350
89.7681	7691	303	1350
89.7703	7692	305	1350
89.7792	7693	302	1350
89.7814	7694	304	1350
89.7924	7695	304	1350
89.7946	7696	306	1350
89.8035	7697	304	1350
89.8057	7698	306	1350
89.8189	7699	307	1350
89.8211	7700	310	1350
89.83	7701	307	1350
89.8322	7702	310	1350
89.8476	7703	313	1350
89.8498	7704	315	1350
89.8587	7705	313	1350
89.8609	7706	315	1350
89.8741	7707	318	1350
89.8763	7708	320	1350
89.8852	7709	317	1350
89.8874	7710	319	1350
89.9006	7711	321	1350
89.9028	7712	323	1350
89.9117	7713	321	1350
89.9139	7714	323	1350
89.9271	7715	325	1350
89.9293	7716	327	1350
89.9382	7717	325	1350
89.9404	7718	327	1350
89.9536	7719	328	1350
89.9558	7720	330	1350
89.9646	7721	328	1350
89.9669	7722	330	1350
89.9801	7723	333	1350
89.9823	7724	335	1350
89.9911	7725	332	1350
89.9934	7726	334	1350
90.0066	7727	336	1350
90.0088	7728	338	1350
90.0154	7729	334	1350
90.0176	7730	336	1350
90.0287	7731	335	1350
90.0309	7732	337	1350
90.0397	7733	335	1350
90.0419	7734	337	1350
90.0552	7735	340	1350
90.0574	7736	342	1350
90.0684	7737	341	1350
90.0706	7738	343	1350
90.0773	7739	339	1350
90.0795	7740	341	1350
90.0927	7741	342	1350
90.0949	7742	344	1350
90.1038	7743	342	1350
90.106	7744	344	1350
90.117	7745	344	1350
90.1192	7746	347	1350
90.128	7747	344	1350
90.1302	7748	346	1350
90.1435	7749	348	1350
90.1457	7750	350	1350
90.1523	7751	346	1350
90.1545	7752	348	1350
90.1656	7753	347	1350
90.1678	7754	349	1350
90.1766	7755	347	1350
90.1788	7756	349	1350
90.1921	7757	351	1350
90.1943	7758	353	1350
90.2031	7759	351	1350
90.2053	7760	353	1350
90.2186	7761	355	1350
90.2208	7762	357	1350
90.2296	7763	354	1350
90.2318	7764	356	1350
90.2429	7765	356	1350
90.2451	7766	359	1350
90.2539	7767	356	1350
90.2561	7768	359	1350
90.2694	7769	360	1350
90.2716	7770	362	1350
90.2782	7771	358	1350
90.2804	7772	360	1350
90.2936	7773	362	1350
90.2958	7774	364	1350
90.3047	7775	361	1350
90.3069	7776	363	1350
90.3201	7777	366	1350
90.3223	7778	368	1350
90.3312	7779	365	1350
90.3334	7780	367	1350
90.3466	7781	369	1350
90.3488	7782	371	1350
90.3577	7783	369	1350
90.3599	7784	371	1350
90.3731	7785	373	1350
90.3753	7786	375	1350
90.3842	7787	373	1350
90.3864	7788	375	1350
90.3996	7789	377	1350
90.4018	7790	379	1350
90.4085	7791	374	1350
90.4107	7792	376	1350
90.4261	7793	381	1350
90.4283	7794	383	1350
90.4372	7795	380	1350
90.4394	7796	382	1350
90.4504	7797	382	1350
90.4526	7798	384	1350
90.4614	7799	382	1350
90.4637	7800	384	1350
90.4769	7801	385	1350
90.4791	7802	388	1350
90.4857	7803	383	1350
90.4879	7804	385	1350
90.499	7805	385	1350
90.5012	7806	388	1350
90.51	7807	385	1350
90.5122	7808	387	1350
90.5211	7809	385	1350
90.5233	7810	387	1350
90.5299	7811	382	1350
90.5321	7812	385	1350
90.5454	7813	386	1350
90.5476	7814	388	1350
90.5564	7815	386	1350
90.5586	7816	388	1350
90.5674	7817	385	1350
90.5696	7818	387	1350
90.5763	7819	383	1350
90.5785	7820	385	1350
90.5895	7821	385	1350
90.5917	7822	387	1350
90.6028	7823	385	1350
90.605	7824	387	1350
90.6138	7825	384	1350
90.616	7826	387	1350
90.627	7827	387	1350
90.6293	7828	385	1350
90.6315	7829	387	1350
90.6425	7830	385	1350
90.6447	7831	387	1350
90.6558	7832	385	1350
90.658	7833	387	1350
90.6646	7834	382	1350
90.6668	7835	384	1350
90.6778	7836	384	1350
90.6867	7837	385	1350
90.6889	7838	387	1350
90.6977	7839	384	1350
90.6999	7840	386	1350
90.711	7841	382	1350
90.7132	7842	385	1350
90.7264	7843	387	1350
90.7286	7844	389	1350
90.7419	7845	387	1350
90.7507	7847	384	1350
90.7529	7848	386	1350
90.7662	7849	389	1350
90.7684	7850	387	1350
90.7794	7852	385	1350
90.7816	7853	387	1350
90.7904	7854	385	1350
90.8015	7855	383	1350
90.8037	7856	385	1350
90.8169	7857	386	1350
90.8191	7858	389	1350
90.8258	7859	384	1350
90.828	7860	386	1350
90.8412	7861	389	1350
90.8434	7862	385	1350
90.8456	7863	387	1350
90.8523	7864	383	1350
90.8545	7865	385	1350
90.8677	7866	383	1350
90.8699	7867	385	1350
90.8832	7868	387	1350
90.8854	7869	389	1350
90.8964	7870	385	1350
90.8986	7871	387	1350
90.9097	7872	387	1350
90.9119	7873	389	1350
90.9185	7874	384	1350
90.934	7875	382	1350
90.9362	7876	385	1350
90.945	7877	382	1350
90.9472	7878	385	1350
90.9582	7879	385	1350
90.9605	7880	383	1350
90.9627	7881	385	1350
90.9715	7882	381	1350
90.9737	7883	383	1350
90.987	7884	382	1350
90.9892	7885	385	1350
90.9936	7886	378	1350
90.9958	7887	380	1350
91.009	7888	383	1350
91.0179	7889	382	1350
91.0201	7890	385	1350
91.0245	7891	378	1350
91.0267	7892	380	1350
91.0311	7893	374	1350
91.0333	7894	376	1350
91.0444	7895	374	1350
91.0466	7896	376	1350
91.0576	7897	378	1350
91.0598	7898	380	1350
91.0664	7899	378	1350
91.0686	7900	380	1350
91.0797	7901	378	1350
91.0819	7902	380	1350
91.0885	7903	378	1350
91.0907	7904	380	1350
91.104	7905	376	1350
91.1062	7906	379	1350
91.1106	7907	374	1350
91.1128	7908	376	1350
91.1238	7909	377	1350
91.1305	7910	376	1350
91.1327	7911	378	1350
91.1459	7912	382	1350
91.1481	7913	385	1350
91.157	7914	376	1350
91.1592	7915	379	1350
91.1614	7916	372	1350
91.1636	7917	374	1350
91.1702	7918	371	1350
91.1835	7919	372	1350
91.1857	7920	374	1350
91.1923	7921	372	1350
91.1945	7922	374	1350
91.2011	7923	372	1350
91.21	7924	371	1350
91.2122	7925	374	1350
91.221	7926	373	1350
91.2254	7927	375	1350
91.2276	7928	377	1350
91.2342	7929	374	1350
91.2387	7930	372	1350
91.2453	7931	377	1350
91.2541	7932	375	1350
91.2563	7933	375	1350
91.263	7934	372	1350
91.2718	7935	370	1350
91.2894	7936	361	1350
91.2917	7937	363	1350
91.3005	7938	357	1350
91.3027	7939	359	1350
91.3159	7940	356	1350
91.3204	7941	354	1350
91.3226	7942	356	1350
91.3358	7943	354	1350
91.338	7944	357	1350
91.3469	7945	350	1350
91.3491	7946	353	1350
91.3623	7947	350	1350
91.3645	7948	352	1350
91.3711	7949	344	1350
91.3734	7950	346	1350
91.3866	7951	344	1350
91.3888	7952	346	1350
91.4043	7953	347	1350
91.4065	7954	349	1350
91.4197	7955	347	1350
91.4219	7956	349	1350
91.433	7957	345	1350
91.4352	7958	348	1350
91.4484	7959	345	1350
91.4506	7960	347	1350
91.4639	7961	345	1350
91.4661	7962	348	1350
91.4749	7963	345	1350
91.4771	7964	348	1350
91.4904	7965	350	1350
91.4926	7966	352	1350
91.5014	7967	349	1350
91.5036	7968	351	1350
91.5169	7969	353	1350
91.5191	7970	356	1350
91.5257	7971	350	1350
91.5279	7972	352	1350
91.5345	7973	348	1350
91.5367	7974	350	1350
91.5478	7975	350	1350
91.55	7976	352	1350
91.5588	7977	349	1350
91.561	7978	352	1350
91.5743	7979	354	1350
91.5765	7980	356	1350
91.5831	7981	352	1350
91.5853	7982	354	1350
91.5986	7983	355	1350
91.6008	7984	357	1350
91.6074	7985	353	1350
91.6096	7986	355	1350
91.6229	7987	356	1350
91.6251	7988	359	1350
91.6317	7989	354	1350
91.6339	7990	356	1350
91.6471	7991	359	1350
91.6494	7992	361	1350
91.6582	7993	358	1350
91.6604	7994	360	1350
91.6692	7995	359	1350
91.6714	7996	361	1350
91.6825	7997	360	1350
91.6847	7998	362	1350
91.6935	7999	359	1350
91.6957	8000	361	1350
91.7068	8001	361	1350
91.709	8002	363	1350
91.7178	8003	361	1350
91.72	8004	364	1350
91.7333	8005	365	1350
91.7355	8006	367	1350
91.7443	8007	365	1350
91.7465	8008	367	1350
91.7598	8009	368	1350
91.762	8010	370	1350
91.7686	8011	366	1350
91.7708	8012	368	1350
91.784	8013	371	1350
91.7862	8014	373	1350
91.7951	8015	370	1350
91.7973	8016	372	1350
91.8061	8017	370	1350
91.8083	8018	372	1350
91.8216	8019	374	1350
91.8238	8020	376	1350
91.8326	8021	373	1350
91.8348	8022	375	1350
91.8459	8023	375	1350
91.8481	8024	378	1350
91.8569	8025	374	1350
91.8591	8026	377	1350
91.8724	8027	379	1350
91.8746	8028	381	1350
91.8834	8029	379	1350
91.8856	8030	381	1350
91.8989	8031	382	1350
91.9011	8032	385	1350
91.9077	8033	380	1350
91.9099	8034	382	1350
91.9231	8035	385	1350
91.9254	8036	387	1350
91.9342	8037	384	1350
91.9364	8038	386	1350
91.9452	8039	384	1350
91.9474	8040	386	1350
91.9585	8041	385	1350
91.9607	8042	387	1350
91.9695	8043	385	1350
91.9717	8044	387	1350
91.9828	8045	382	1350
91.985	8046	384	1350
91.9982	8047	387	1350
92.0004	8048	389	1350
92.0137	8049	387	1350
92.0225	8051	385	1350
92.0247	8052	387	1350
92.0335	8053	384	1350
92.038	8054	384	1350
92.0402	8055	387	1350
92.0512	8056	385	1350
92.0534	8057	387	1350
92.06	8058	383	1350
92.0667	8059	383	1350
92.0689	8060	385	1350
92.0821	8061	388	1350
92.091	8063	384	1350
92.0976	8064	387	1350
92.1042	8066	381	1350
92.1064	8067	383	1350
92.1174	8068	383	1350
92.1263	8069	379	1350
92.1285	8070	381	1350
92.1417	8071	382	1350
92.1439	8072	384	1350
92.1506	8073	380	1350
92.1572	8074	383	1350
92.1594	8075	385	1350
92.1682	8076	381	1350
92.1704	8077	383	1350
92.1837	8078	384	1350
92.1903	8079	383	1350
92.1925	8080	385	1350
92.2014	8081	383	1350
92.2036	8082	385	1350
92.2168	8083	386	1350
92.219	8084	385	1350
92.2212	8085	387	1350
92.2301	8086	383	1350
92.2323	8087	385	1350
92.2455	8088	385	1350
92.2477	8089	387	1350
92.2566	8090	385	1350
92.2588	8091	387	1350
92.2698	8092	382	1350
92.272	8093	385	1350
92.2853	8094	387	1350
92.2875	8095	389	1350
92.2963	8096	387	1350
92.3029	8097	382	1350
92.3051	8098	385	1350
92.3184	8099	387	1350
92.3206	8100	389	1350
92.3316	8101	385	1350
92.3338	8102	387	1350
92.3427	8103	384	1350
92.3449	8104	386	1350
92.3515	8105	382	1350
92.3581	8106	385	1350
92.3603	8107	387	1350
92.3714	8108	385	1350
92.3736	8109	387	1350
92.3824	8110	383	1350
92.3846	8111	385	1350
92.3934	8112	382	1350
92.3957	8113	384	1350
92.4089	8114	382	1350
92.4111	8115	385	1350
92.4199	8116	382	1350
92.4222	8117	385	1350
92.4288	8118	380	1350
92.442	8119	383	1350
92.4442	8120	385	1350
92.4531	8121	383	1350
92.4553	8122	385	1350
92.4641	8123	382	1350
92.4663	8124	381	1350
92.4685	8125	383	1350
92.4796	8126	380	1350
92.4818	8127	382	1350
92.4862	8128	376	1350
92.495	8129	373	1350
92.4972	8130	375	1350
92.5105	8131	377	1350
92.5127	8132	374	1350
92.5348	8133	369	1350
92.537	8134	371	1350
92.5436	8135	367	1350
92.5458	8136	369	1350
92.5568	8137	365	1350
92.559	8138	368	1350
92.5701	8139	368	1350
92.5723	8140	370	1350
92.5811	8141	368	1350
92.5833	8142	370	1350
92.5966	8143	371	1350
92.5988	8144	373	1350
92.6054	8145	369	1350
92.6187	8146	365	1350
92.6209	8147	367	1350
92.6297	8148	365	1350
92.6319	8149	367	1350
92.6474	8150	365	1350
92.6496	8151	367	1350
92.6584	8152	365	1350
92.6606	8153	367	1350
92.6739	8154	365	1350
92.6761	8155	368	1350
92.6871	8156	367	1350
92.6893	8157	369	1350
92.6982	8158	367	1350
92.707	8159	365	1350
92.7092	8160	368	1350
92.7202	8161	367	1350
92.7224	8162	369	1350
92.7291	8163	365	1350
92.7357	8164	365	1350
92.7379	8165	367	1350
92.7511	8166	370	1350
92.7534	8167	372	1350
92.7622	8168	369	1350
92.7666	8169	369	1350
92.7688	8170	371	1350
92.7776	8171	367	1350
92.7798	8172	369	1350
92.7997	8173	371	1350
92.8019	8174	373	1350
92.8086	8175	371	1350
92.8108	8176	373	1350
92.8284	8177	372	1350
92.8306	8178	374	1350
92.8328	8179	367	1350
92.835	8180	370	1350
92.8439	8181	369	1350
92.8505	8182	367	1350
92.8527	8183	369	1350
92.8638	8184	371	1350
92.866	8185	373	1350
92.8748	8186	373	1350
92.8792	8187	370	1350
92.8814	8188	372	1350
92.8858	8189	367	1350
92.888	8190	370	1350
92.9013	8191	365	1350
92.9035	8192	367	1350
92.9145	8193	369	1350
92.9167	8194	371	1350
92.93	8195	362	1350
92.9322	8196	365	1350
92.9366	8197	360	1350
92.9388	8198	362	1350
92.9454	8199	360	1350
92.9477	8200	362	1350
92.9565	8201	363	1350
92.9587	8202	365	1350
92.9631	8203	360	1350
92.9653	8204	362	1350
92.9786	8205	358	1350
92.9808	8206	360	1350
92.9896	8207	360	1350
92.9918	8208	362	1350
92.9962	8209	357	1350
92.9984	8210	359	1350
93.0117	8211	352	1350
93.0139	8212	354	1350
93.0271	8213	352	1350
93.0294	8214	354	1350
93.036	8215	344	1350
93.0382	8216	347	1350
93.0536	8217	346	1350
93.0558	8218	348	1350
93.0625	8219	339	1350
93.0647	8220	341	1350
93.0779	8221	338	1350
93.0801	8222	341	1350
93.089	8223	334	1350
93.0912	8224	337	1350
93.1022	8225	331	1350
93.1044	8226	333	1350
93.1133	8227	326	1350
93.1155	8228	328	1350
93.1221	8229	319	1350
93.1243	8230	321	1350
93.1375	8231	318	1350
93.1398	8232	320	1350
93.1486	8233	313	1350
93.1508	8234	315	1350
93.1618	8235	310	1350
93.164	8236	313	1350
93.1751	8237	309	1350
93.1773	8238	311	1350
93.1883	8239	306	1350
93.1905	8240	308	1350
93.1994	8241	305	1350
93.2016	8242	307	1350
93.2104	8243	304	1350
93.2126	8244	306	1350
93.2259	8245	307	1350
93.2281	8246	310	1350
93.2369	8247	306	1350
93.2391	8248	309	1350
93.2524	8249	310	1350
93.2546	8250	312	1350
93.2612	8251	307	1350
93.2634	8252	309	1350
93.2766	8253	310	1350
93.2789	8254	312	1350
93.2877	8255	309	1350
93.2899	8256	311	1350
93.3031	8257	313	1350
93.3054	8258	315	1350
93.3142	8259	312	1350
93.3164	8260	314	1350
93.3296	8261	315	1350
93.3318	8262	317	1350
93.3407	8263	314	1350
93.3429	8264	316	1350
93.3495	8265	311	1350
93.3517	8266	313	1350
93.365	8267	314	1350
93.3672	8268	317	1350
93.376	8269	314	1350
93.3782	8270	316	1350
93.3893	8271	315	1350
93.3915	8272	317	1350
93.4003	8273	314	1350
93.4025	8274	316	1350
93.4158	8275	318	1350
93.418	8276	320	1350
93.4268	8277	317	1350
93.429	8278	319	1350
93.4422	8279	321	1350
93.4445	8280	323	1350
93.4533	8281	320	1350
93.4555	8282	322	1350
93.4687	8283	323	1350
93.471	8284	325	1350
93.4776	8285	320	1350
93.4798	8286	322	1350
93.4886	8287	319	1350
93.4908	8288	321	1350
93.5041	8289	323	1350
93.5063	8290	325	1350
93.5151	8291	322	1350
93.5173	8292	324	1350
93.5306	8293	325	1350
93.5328	8294	327	1350
93.5416	8295	324	1350
93.5438	8296	326	1350
93.5571	8297	328	1350
93.5593	8298	330	1350
93.5659	8299	324	1350
93.5681	8300	327	1350
93.5791	8301	326	1350
93.5814	8302	328	1350
93.5902	8303	326	1350
93.5924	8304	328	1350
93.6056	8305	328	1350
93.6078	8306	330	1350
93.6145	8307	325	1350
93.6167	8308	327	1350
93.6255	8309	325	1350
93.6277	8310	327	1350
93.641	8311	327	1350
93.6432	8312	330	1350
93.652	8313	328	1350
93.6542	8314	330	1350
93.6675	8315	331	1350
93.6697	8316	333	1350
93.6785	8317	330	1350
93.6807	8318	332	1350
93.694	8319	333	1350
93.6962	8320	336	1350
93.705	8321	332	1350
93.7072	8322	335	1350
93.7205	8323	336	1350
93.7227	8324	338	1350
93.7315	8325	335	1350
93.7337	8326	337	1350
93.747	8327	338	1350
93.7492	8328	341	1350
93.7558	8329	335	1350
93.758	8330	337	1350
93.7712	8331	339	1350
93.7734	8332	341	1350
93.7823	8333	338	1350
93.7845	8334	340	1350
93.7933	8335	337	1350
93.7955	8336	339	1350
93.8088	8337	340	1350
93.811	8338	342	1350
93.8176	8339	337	1350
93.8198	8340	339	1350
93.8331	8341	341	1350
93.8353	8342	343	1350
93.8441	8343	340	1350
93.8463	8344	342	1350
93.8574	8345	341	1350
93.8596	8346	343	1350
93.8684	8347	340	1350
93.8706	8348	342	1350
93.8838	8349	343	1350
93.8861	8350	346	1350
93.8949	8351	343	1350
93.8971	8352	346	1350
93.9103	8353	347	1350
93.9126	8354	349	1350
93.9192	8355	344	1350
93.9214	8356	346	1350
93.9368	8357	349	1350
93.939	8358	352	1350
93.9457	8359	346	1350
93.9479	8360	348	1350
93.9567	8361	345	1350
93.9589	8362	347	1350
93.9722	8363	349	1350
93.9744	8364	351	1350
93.9832	8365	348	1350
93.9854	8366	350	1350
93.9987	8367	351	1350
94.0009	8368	353	1350
94.0075	8369	348	1350
94.0097	8370	350	1350
94.023	8371	351	1350
94.0252	8372	354	1350
94.034	8373	350	1350
94.0362	8374	353	1350
94.0472	8375	352	1350
94.0494	8376	354	1350
94.0561	8377	349	1350
94.0583	8378	351	1350
94.0715	8379	352	1350
94.0737	8380	354	1350
94.0826	8381	351	1350
94.0848	8382	353	1350
94.0936	8383	350	1350
94.0958	8384	352	1350
94.1091	8385	354	1350
94.1113	8386	356	1350
94.1201	8387	353	1350
94.1223	8388	355	1350
94.1356	8389	356	1350
94.1378	8390	358	1350
94.1466	8391	356	1350
94.1488	8392	358	1350
94.1621	8393	360	1350
94.1643	8394	362	1350
94.1731	8395	359	1350
94.1753	8396	361	1350
94.1863	8397	360	1350
94.1886	8398	362	1350
94.1974	8399	359	1350
94.1996	8400	361	1350
94.2128	8401	362	1350
94.215	8402	365	1350
94.2239	8403	361	1350
94.2261	8404	364	1350
94.2349	8405	360	1350
94.2371	8406	363	1350
94.2504	8407	364	1350
94.2526	8408	366	1350
94.2614	8409	363	1350
94.2636	8410	365	1350
94.2747	8411	364	1350
94.2769	8412	366	1350
94.2857	8413	363	1350
94.2879	8414	365	1350
94.3012	8415	368	1350
94.3034	8416	370	1350
94.31	8417	363	1350
94.3122	8418	366	1350
94.3254	8419	367	1350
94.3277	8420	367	1350
94.3299	8421	369	1350
94.3431	8422	367	1350
94.3453	8423	369	1350
94.3542	8424	366	1350
94.3608	8425	367	1350
94.363	8426	369	1350
94.3762	8427	370	1350
94.3784	8428	372	1350
94.3873	8429	368	1350
94.3895	8430	370	1350
94.4027	8431	371	1350
94.4049	8432	373	1350
94.4116	8433	368	1350
94.4138	8434	367	1350
94.416	8435	369	1350
94.4314	8436	370	1350
94.4336	8437	372	1350
94.4447	8438	372	1350
94.4469	8439	374	1350
94.4557	8440	370	1350
94.4579	8441	372	1350
94.4712	8442	372	1350
94.4734	8443	374	1350
94.4822	8444	371	1350
94.4844	8445	373	1350
94.4977	8446	372	1350
94.4999	8447	374	1350
94.5109	8448	373	1350
94.5131	8449	376	1350
94.522	8450	372	1350
94.5308	8451	371	1350
94.533	8452	373	1350
94.544	8453	373	1350
94.5462	8454	375	1350
94.5529	8455	370	1350
94.5551	8456	373	1350
94.5683	8457	373	1350
94.5705	8458	375	1350
94.5794	8459	372	1350
94.5816	8460	374	1350
94.5926	8461	373	1350
94.5948	8462	375	1350
94.6081	8463	374	1350
94.6103	8464	376	1350
94.6191	8465	376	1350
94.6213	8466	378	1350
94.6368	8467	376	1350
94.639	8468	378	1350
94.6478	8469	377	1350
94.65	8470	380	1350
94.6633	8471	376	1350
94.6655	8472	378	1350
94.6743	8473	378	1350
94.6765	8474	380	1350
94.6831	8475	377	1350
94.6898	8476	376	1350
94.692	8477	378	1350
94.7008	8478	377	1350
94.703	8479	380	1350
94.7163	8480	376	1350
94.7185	8481	378	1350
94.7273	8482	378	1350
94.7295	8483	380	1350
94.7383	8484	379	1350
94.7494	8485	374	1350
94.7516	8486	376	1350
94.7604	8487	375	1350
94.7626	8488	377	1350
94.7737	8489	379	1350
94.7759	8490	374	1350
94.7781	8491	377	1350
94.7869	8492	375	1350
94.7891	8493	378	1350
94.8046	8494	376	1350
94.8068	8495	378	1350
94.8134	8496	375	1350
94.8156	8497	377	1350
94.8245	8498	377	1350
94.8289	8499	374	1350
94.8311	8500	377	1350
94.8399	8501	369	1350
94.8421	8502	372	1350
94.8554	8503	370	1350
94.8576	8504	372	1350
94.8664	8505	364	1350
94.8686	8506	366	1350
94.8819	8507	363	1350
94.8841	8508	366	1350
94.8929	8509	358	1350
94.8951	8510	361	1350
94.9084	8511	358	1350
94.9106	8512	360	1350
94.9194	8513	353	1350
94.9216	8514	355	1350
94.9349	8515	352	1350
94.9371	8516	355	1350
94.9459	8517	347	1350
94.9481	8518	350	1350
94.9614	8519	347	1350
94.9636	8520	349	1350
94.9724	8521	342	1350
94.9746	8522	344	1350
94.9878	8523	341	1350
94.9901	8524	344	1350
94.9989	8525	336	1350
95.0011	8526	339	1350
95.0121	8527	334	1350
95.0143	8528	336	1350
95.0276	8529	334	1350
95.0298	8530	336	1350
95.0386	8531	333	1350
95.0408	8532	335	1350
95.0541	8533	337	1350
95.0563	8534	339	1350
95.0651	8535	336	1350
95.0673	8536	338	1350
95.0806	8537	339	1350
95.0828	8538	341	1350
95.0894	8539	336	1350
95.0916	8540	338	1350
95.1049	8541	339	1350
95.1071	8542	342	1350
95.1159	8543	338	1350
95.1181	8544	341	1350
95.1314	8545	342	1350
95.1336	8546	344	1350
95.1424	8547	341	1350
95.1446	8548	343	1350
95.1557	8549	342	1350
95.1579	8550	344	1350
95.1667	8551	341	1350
95.1689	8552	343	1350
95.1822	8553	345	1350
95.1844	8554	347	1350
95.1932	8555	344	1350
95.1954	8556	346	1350
95.2042	8557	343	1350
95.2064	8558	345	1350
95.2197	8559	346	1350
95.2219	8560	348	1350
95.2307	8561	345	1350
95.2329	8562	347	1350
95.2462	8563	349	1350
95.2484	8564	351	1350
95.255	8565	347	1350
95.2572	8566	349	1350
95.2705	8567	350	1350
95.2727	8568	352	1350
95.2793	8569	347	1350
95.2815	8570	349	1350
95.2926	8571	348	1350
95.2948	8572	350	1350
95.3036	8573	347	1350
95.3058	8574	349	1350
95.319	8575	351	1350
95.3213	8576	353	1350
95.3301	8577	349	1350
95.3323	8578	351	1350
95.3455	8579	352	1350
95.3478	8580	354	1350
95.3566	8581	351	1350
95.3588	8582	353	1350
95.372	8583	355	1350
95.3742	8584	357	1350
95.3809	8585	350	1350
95.3831	8586	353	1350
95.3963	8587	354	1350
95.3985	8588	356	1350
95.4074	8589	352	1350
95.4096	8590	354	1350
95.4228	8591	355	1350
95.425	8592	358	1350
95.4361	8593	357	1350
95.4383	8594	359	1350
95.4515	8595	359	1350
95.4537	8596	361	1350
95.4626	8597	358	1350
95.4648	8598	360	1350
95.478	8599	362	1350
95.4802	8600	364	1350
95.4891	8601	360	1350
95.4913	8602	362	1350
95.5023	8603	361	1350
95.5045	8604	363	1350
95.5134	8605	360	1350
95.5156	8606	362	1350
95.5288	8607	362	1350
95.531	8608	365	1350
95.5398	8609	360	1350
95.5421	8610	363	1350
95.5553	8611	364	1350
95.5575	8612	366	1350
95.5663	8613	361	1350
95.5686	8614	363	1350
95.5818	8615	363	1350
95.584	8616	366	1350
95.5906	8617	360	1350
95.5973	8618	365	1350
95.5995	8619	367	1350
95.6149	8620	366	1350
95.6171	8621	369	1350
95.6238	8622	362	1350
95.626	8623	364	1350
95.6392	8624	366	1350
95.6414	8625	368	1350
95.6502	8626	365	1350
95.6569	8627	365	1350
95.6591	8628	368	1350
95.6723	8629	368	1350
95.6745	8630	370	1350
95.6834	8631	365	1350
95.6856	8632	367	1350
95.6988	8633	368	1350
95.701	8634	371	1350
95.7099	8635	365	1350
95.7121	8636	368	1350
95.7253	8637	368	1350
95.7275	8638	370	1350
95.7408	8639	369	1350
95.743	8640	371	1350
95.7496	8641	366	1350
95.7518	8642	368	1350
95.7629	8643	367	1350
95.7651	8644	368	1350
95.7673	8645	370	1350
95.7783	8646	364	1350
95.7805	8647	366	1350
95.7938	8648	367	1350
95.796	8649	367	1350
95.7982	8650	370	1350
95.8114	8651	366	1350
95.8136	8652	368	1350
95.8269	8653	369	1350
95.8291	8654	372	1350
95.8379	8655	368	1350
95.8401	8656	371	1350
95.8534	8657	371	1350
95.8556	8658	373	1350
95.8644	8659	370	1350
95.8666	8660	372	1350
95.8777	8661	372	1350
95.8799	8662	374	1350
95.8887	8663	369	1350
95.8909	8664	371	1350
95.9042	8665	372	1350
95.9064	8666	374	1350
95.9174	8667	373	1350
95.9196	8668	375	1350
95.9329	8669	371	1350
95.9351	8670	374	1350
95.9483	8671	375	1350
95.9505	8672	377	1350
95.9594	8673	372	1350
95.9616	8674	374	1350
95.9748	8675	375	1350
95.977	8676	378	1350
95.9881	8677	374	1350
95.9903	8678	376	1350
96.0035	8679	377	1350
96.0057	8680	379	1350
96.0146	8681	376	1350
96.0168	8682	376	1350
96.019	8683	378	1350
96.0322	8684	375	1350
96.0344	8685	377	1350
96.0477	8686	378	1350
96.0499	8687	380	1350
96.0587	8688	377	1350
96.0609	8689	379	1350
96.0698	8690	376	1350
96.072	8691	378	1350
96.083	8692	377	1350
96.0852	8693	379	1350
96.0963	8694	374	1350
96.0985	8695	376	1350
96.1073	8696	373	1350
96.1095	8697	375	1350
96.125	8698	376	1350
96.1272	8699	379	1350
96.136	8700	375	1350
96.1382	8701	377	1350
96.1493	8702	374	1350
96.1515	8703	376	1350
96.1625	8704	375	1350
96.1647	8705	377	1350
96.1735	8706	373	1350
96.1824	8707	374	1350
96.1846	8708	376	1350
96.1978	8709	377	1350
96.2	8710	380	1350
96.2111	8711	377	1350
96.2133	8712	379	1350
96.2221	8713	375	1350
96.2243	8714	377	1350
96.242	8715	376	1350
96.2442	8716	379	1350
96.2508	8717	372	1350
96.253	8718	375	1350
96.2619	8719	371	1350
96.2641	8720	374	1350
96.2751	8721	373	1350
96.2773	8722	375	1350
96.2884	8723	373	1350
96.2906	8724	372	1350
96.2928	8725	374	1350
96.306	8726	373	1350
96.3082	8727	375	1350
96.3193	8728	373	1350
96.3259	8729	374	1350
96.3281	8730	377	1350
96.3369	8731	372	1350
96.3391	8732	375	1350
96.3524	8733	374	1350
96.3546	8734	376	1350
96.3634	8735	373	1350
96.3656	8736	375	1350
96.3789	8737	375	1350
96.3811	8738	377	1350
96.3833	8739	379	1350
96.3966	8740	377	1350
96.3988	8741	379	1350
96.4098	8742	378	1350
96.412	8743	381	1350
96.4186	8744	377	1350
96.4341	8745	377	1350
96.4363	8746	379	1350
96.4495	8747	382	1350
96.4518	8748	384	1350
96.4606	8749	376	1350
96.4628	8750	378	1350
96.476	8751	382	1350
96.4782	8752	384	1350
96.4915	8753	378	1350
96.4937	8754	380	1350
96.5025	8755	379	1350
96.5047	8756	381	1350
96.5158	8757	376	1350
96.518	8758	378	1350
96.5312	8759	382	1350
96.5334	8760	384	1350
96.5357	8761	376	1350
96.5489	8762	376	1350
96.5511	8763	379	1350
96.5599	8764	377	1350
96.5622	8765	380	1350
96.5688	8766	376	1350
96.571	8767	378	1350
96.5864	8768	378	1350
96.5886	8769	380	1350
96.5953	8770	378	1350
96.5975	8771	380	1350
96.6063	8772	379	1350
96.6151	8773	381	1350
96.6174	8774	383	1350
96.6262	8775	375	1350
96.635	8776	374	1350
96.6372	8777	376	1350
96.6505	8778	373	1350
96.6527	8779	375	1350
96.6615	8780	368	1350
96.6637	8781	370	1350
96.677	8782	366	1350
96.6792	8783	369	1350
96.688	8784	362	1350
96.6902	8785	364	1350
96.7057	8786	362	1350
96.7079	8787	364	1350
96.7167	8788	357	1350
96.7189	8789	359	1350
96.7322	8790	357	1350
96.7344	8791	359	1350
96.741	8792	348	1350
96.7432	8793	351	1350
96.7542	8794	345	1350
96.7565	8795	347	1350
96.7675	8796	342	1350
96.7697	8797	344	1350
96.783	8798	341	1350
96.7852	8799	344	1350
96.794	8800	335	1350
96.7962	8801	338	1350
96.8094	8802	335	1350
96.8117	8803	337	1350
96.8205	8804	333	1350
96.8227	8805	335	1350
96.8359	8806	336	1350
96.8382	8807	339	1350
96.847	8808	335	1350
96.8492	8809	338	1350
96.8624	8810	338	1350
96.8646	8811	340	1350
96.8735	8812	337	1350
96.8757	8813	339	1350
96.8889	8814	340	1350
96.8911	8815	343	1350
96.9	8816	338	1350
96.9022	8817	341	1350
96.9176	8818	344	1350
96.9198	8819	346	1350
96.9287	8820	343	1350
96.9309	8821	345	1350
96.9419	8822	343	1350
96.9441	8823	346	1350
96.9552	8824	345	1350
96.9574	8825	347	1350
96.9706	8826	348	1350
96.9728	8827	350	1350
96.9817	8828	346	1350
96.9839	8829	348	1350
96.9971	8830	350	1350
96.9993	8831	352	1350
97.006	8832	346	1350
97.0082	8833	349	1350
97.0214	8834	349	1350
97.0236	8835	351	1350
97.0325	8836	348	1350
97.0347	8837	350	1350
97.0457	8838	349	1350
97.0479	8839	351	1350
97.0567	8840	347	1350
97.059	8841	349	1350
97.0722	8842	351	1350
97.0744	8843	353	1350
97.0832	8844	350	1350
97.0854	8845	352	1350
97.0987	8846	352	1350
97.1009	8847	354	1350
97.1097	8848	351	1350
97.1119	8849	353	1350
97.1252	8850	355	1350
97.1274	8851	357	1350
97.134	8852	351	1350
97.1362	8853	353	1350
97.1517	8854	356	1350
97.1539	8855	358	1350
97.1627	8856	355	1350
97.1649	8857	357	1350
97.1782	8858	358	1350
97.1804	8859	360	1350
97.1892	8860	357	1350
97.1914	8861	359	1350
97.2047	8862	360	1350
97.2069	8863	362	1350
97.2157	8864	358	1350
97.2179	8865	360	1350
97.229	8866	359	1350
97.2312	8867	362	1350
97.2378	8868	356	1350
97.24	8869	359	1350
97.2533	8870	359	1350
97.2555	8871	361	1350
97.2665	8872	360	1350
97.2687	8873	362	1350
97.282	8874	363	1350
97.2842	8875	366	1350
97.293	8876	361	1350
97.2952	8877	364	1350
97.3085	8878	365	1350
97.3107	8879	367	1350
97.3195	8880	364	1350
97.3217	8881	366	1350
97.335	8882	366	1350
97.3372	8883	369	1350
97.346	8884	365	1350
97.3482	8885	368	1350
97.3637	8886	371	1350
97.3659	8887	373	1350
97.3725	8888	367	1350
97.3747	8889	369	1350
97.3879	8890	370	1350
97.3902	8891	373	1350
97.4012	8892	372	1350
97.4034	8893	374	1350
97.4166	8894	374	1350
97.4189	8895	376	1350
97.4277	8896	374	1350
97.4299	8897	376	1350
97.4409	8898	374	1350
97.4431	8899	377	1350
97.4564	8900	376	1350
97.4586	8901	378	1350
97.4696	8902	377	1350
97.4718	8903	379	1350
97.4851	8904	379	1350
97.4873	8905	381	1350
97.4961	8906	377	1350
97.4983	8907	379	1350
97.5094	8908	378	1350
97.5116	8909	378	1350
97.5138	8910	380	1350
97.527	8911	378	1350
97.5293	8912	380	1350
97.5425	8913	380	1350
97.5447	8914	382	1350
97.5513	8915	377	1350
97.5535	8916	379	1350
97.569	8917	382	1350
97.5756	8918	378	1350
97.5778	8919	380	1350
97.5867	8920	377	1350
97.5889	8921	379	1350
97.6021	8922	379	1350
97.6043	8923	381	1350
97.6087	8924	372	1350
97.611	8925	374	1350
97.6242	8926	374	1350
97.6264	8927	376	1350
97.6352	8928	373	1350
97.6374	8929	375	1350
97.6529	8930	376	1350
97.6551	8931	379	1350
97.6639	8932	374	1350
97.6662	8933	377	1350
97.6794	8934	376	1350
97.6816	8935	378	1350
97.6904	8936	375	1350
97.6926	8937	377	1350
97.7059	8938	376	1350
97.7081	8939	379	1350
97.7169	8940	374	1350
97.7191	8941	377	1350
97.7302	8942	376	1350
97.7324	8943	376	1350
97.7346	8944	378	1350
97.7478	8945	375	1350
97.7501	8946	378	1350
97.7589	8947	373	1350
97.7677	8948	376	1350
97.7699	8949	378	1350
97.7788	8950	375	1350
97.781	8951	377	1350
97.7942	8952	376	1350
97.7964	8953	378	1350
97.8097	8954	379	1350
97.8119	8955	381	1350
97.8229	8956	378	1350
97.8251	8957	381	1350
97.8384	8958	382	1350
97.8406	8959	384	1350
97.8494	8960	378	1350
97.8516	8961	380	1350
97.8649	8962	381	1350
97.8671	8963	384	1350
97.8781	8964	381	1350
97.8803	8965	383	1350
97.8914	8966	382	1350
97.8936	8967	384	1350
97.9068	8968	380	1350
97.909	8969	383	1350
97.9201	8970	382	1350
97.9223	8971	384	1350
97.9355	8972	383	1350
97.9377	8973	385	1350
97.9466	8974	381	1350
97.9488	8975	383	1350
97.962	8976	381	1350
97.9642	8977	383	1350
97.9731	8978	380	1350
97.9753	8979	382	1350
97.9907	8980	380	1350
97.9929	8981	382	1350
98.0018	8982	379	1350
98.004	8983	381	1350
98.0172	8984	383	1350
98.0194	8985	383	1350
98.0216	8986	385	1350
98.0349	8987	381	1350
98.0371	8988	384	1350
98.0503	8989	383	1350
98.0526	8990	385	1350
98.0592	8991	380	1350
98.0614	8992	382	1350
98.0768	8993	382	1350
98.079	8994	385	1350
98.0857	8995	379	1350
98.0879	8996	381	1350
98.0967	8997	378	1350
98.1055	8998	378	1350
98.1078	8999	380	1350
98.1188	9000	379	1350
98.121	9001	381	1350
98.1276	9002	376	1350
98.1298	9003	378	1350
98.1387	9004	374	1350
98.1409	9005	376	1350
98.1541	9006	380	1350
98.1563	9007	382	1350
98.1674	9008	378	1350
98.1696	9009	380	1350
98.1784	9010	380	1350
98.1806	9011	382	1350
98.1939	9012	378	1350
98.1961	9013	381	1350
98.2049	9014	379	1350
98.2071	9015	382	1350
98.2204	9016	378	1350
98.2226	9017	380	1350
98.2314	9018	380	1350
98.2336	9019	382	1350
98.2402	9020	379	1350
98.2513	9021	379	1350
98.2535	9022	381	1350
98.2667	9023	384	1350
98.2689	9024	386	1350
98.2756	9025	383	1350
98.2844	9026	381	1350
98.2866	9027	383	1350
98.2998	9028	386	1350
98.3021	9029	389	1350
98.3175	9030	383	1350
98.3197	9031	385	1350
98.3286	9032	384	1350
98.3308	9033	386	1350
98.3462	9034	383	1350
98.3484	9035	385	1350
98.3573	9036	384	1350
98.3595	9037	386	1350
98.3727	9038	383	1350
98.3749	9039	385	1350
98.386	9040	379	1350
98.3882	9041	382	1350
98.4058	9042	383	1350
98.408	9043	386	1350
98.4235	9044	384	1350
98.4257	9045	386	1350
98.4412	9046	386	1350
98.4434	9047	388	1350
98.4544	9048	383	1350
98.4566	9049	385	1350
98.4677	9050	379	1350
98.4699	9051	381	1350
98.4853	9052	380	1350
98.4875	9053	382	1350
98.4986	9054	377	1350
98.5008	9055	379	1350
98.5118	9056	374	1350
98.514	9057	377	1350
98.5273	9058	373	1350
98.5295	9059	375	1350
98.5405	9060	370	1350
98.5427	9061	372	1350
98.5538	9062	366	1350
98.556	9063	368	1350
98.567	9064	364	1350
98.5692	9065	366	1350
98.5758	9066	359	1350
98.5781	9067	362	1350
98.5935	9068	365	1350
98.5957	9069	367	1350
98.6046	9070	364	1350
98.6068	9071	366	1350
98.6178	9072	364	1350
98.62	9073	367	1350
98.6288	9074	363	1350
98.631	9075	366	1350
98.6421	9076	365	1350
98.6443	9077	367	1350
98.6531	9078	363	1350
98.6553	9079	365	1350
98.6664	9080	364	1350
98.6686	9081	366	1350
98.6774	9082	363	1350
98.6796	9083	365	1350
98.6907	9084	363	1350
98.6929	9085	365	1350
98.7061	9086	367	1350
98.7083	9087	369	1350
98.7172	9088	366	1350
98.7194	9089	368	1350
98.7304	9090	366	1350
98.7326	9091	368	1350
98.7414	9092	365	1350
98.7437	9093	367	1350
98.7569	9094	368	1350
98.7591	9095	371	1350
98.7702	9096	369	1350
98.7724	9097	371	1350
98.7856	9098	372	1350
98.7878	9099	374	1350
98.7989	9100	373	1350
98.8011	9101	376	1350
98.8099	9102	371	1350
98.8121	9103	374	1350
98.8254	9104	375	1350
98.8276	9105	377	1350
98.8386	9106	376	1350
98.8408	9107	378	1350
98.9756	9108	232	34
99.0394	9109	102	1350
99.0457	9110	102	1350
99.0523	9111	103	1350
99.0659	9112	102	1350
99.0722	9113	102	1350
99.2667	9114	102	1350
99.2689	9115	104	1350
99.2793	9116	102	1350
99.2815	9117	104	1350
99.2944	9118	105	1350
99.2966	9119	107	1350
99.3046	9120	102	1350
99.3068	9121	104	1350
99.3173	9122	102	1350
99.3195	9123	104	1350
99.3311	9124	104	1350
99.3333	9125	106	1350
99.3425	9126	102	1350
99.3448	9127	104	1350
99.357	9128	105	1350
99.3592	9129	107	1350
99.3678	9130	102	1350
99.37	9131	105	1350
99.4074	9132	129	1350
99.4096	9133	131	1350
99.4251	9134	135	1350
99.4273	9135	137	1350
99.4427	9136	139	1350
99.4449	9137	141	1350
99.4648	9138	148	1350
99.467	9139	151	1350
99.4781	9140	150	1350
99.4803	9141	152	1350
99.5001	9142	159	1350
99.5023	9143	161	1350
99.5178	9144	163	1350
99.52	9145	166	1350
99.5399	9146	173	1350
99.5421	9147	176	1350
99.5531	9148	174	1350
99.5553	9149	176	1350
99.5752	9150	184	1350
99.5774	9151	186	1350
99.5929	9152	188	1350
99.5951	9153	191	1350
99.6149	9154	197	1350
99.6172	9155	200	1350
99.6326	9156	203	1350
99.6348	9157	205	1350
99.6547	9158	212	1350
99.6569	9159	214	1350
99.6724	9160	217	1350
99.6746	9161	219	1350
99.69	9162	223	1350
99.6922	9163	225	1350
99.7077	9164	227	1350
99.7099	9165	229	1350
99.7253	9166	232	1350
99.7276	9167	234	1350
99.7342	9168	229	1350
99.7364	9169	231	1350
99.7474	9170	229	1350
99.7496	9171	231	1350
99.7651	9172	234	1350
99.7673	9173	236	1350
99.7828	9174	239	1350
99.785	9175	241	1350
99.796	9176	240	1350
99.7982	9177	242	1350
99.8181	9178	249	1350
99.8203	9179	251	1350
99.8269	9180	245	1350
99.8291	9181	248	1350
99.849	9182	254	1350
99.8512	9183	257	1350
99.8622	9184	256	1350
99.8645	9185	258	1350
99.8799	9186	260	1350
99.8821	9187	263	1350
99.902	9188	269	1350
99.9042	9189	272	1350
99.9108	9190	266	1350
99.913	9191	269	1350
99.9285	9192	271	1350
99.9307	9193	273	1350
99.9461	9194	276	1350
99.9484	9195	278	1350
99.9638	9196	281	1350
99.966	9197	284	1350
99.9771	9198	282	1350
99.9793	9199	284	1350
99.9947	9200	286	1350
99.9969	9201	288	1350
100.012	9202	292	1350
100.015	9203	294	1350
100.03	9204	297	1350
100.032	9205	299	1350
100.041	9206	295	1350
100.043	9207	297	1350
100.059	9208	301	1350
100.061	9209	303	1350
100.076	9210	305	1350
100.079	9211	307	1350
100.099	9212	315	1350
100.101	9213	317	1350
100.112	9214	315	1350
100.114	9215	317	1350
100.129	9216	320	1350
100.132	9217	322	1350
100.147	9218	326	1350
100.149	9219	328	1350
100.16	9220	326	1350
100.163	9221	328	1350
100.174	9222	326	1350
100.176	9223	328	1350
100.187	9224	327	1350
100.189	9225	330	1350
100.196	9226	323	1350
100.198	9227	325	1350
100.218	9228	332	1350
100.22	9229	334	1350
100.231	9230	333	1350
100.233	9231	336	1350
100.244	9232	334	1350
100.246	9233	336	1350
100.257	9234	334	1350
100.26	9235	336	1350
100.28	9236	344	1350
100.282	9237	346	1350
100.288	9238	340	1350
100.291	9239	342	1350
100.306	9240	346	1350
100.308	9241	348	1350
100.319	9242	346	1350
100.322	9243	348	1350
100.337	9244	350	1350
100.339	9245	353	1350
100.346	9246	347	1350
100.348	9247	350	1350
100.368	9248	356	1350
100.37	9249	359	1350
100.381	9250	357	1350
100.383	9251	359	1350
100.394	9252	359	1350
100.397	9253	361	1350
100.408	9254	358	1350
100.41	9255	360	1350
100.43	9256	367	1350
100.432	9257	369	1350
100.439	9258	364	1350
100.441	9259	366	1350
100.456	9260	369	1350
100.458	9261	371	1350
100.469	9262	368	1350
100.472	9263	370	1350
100.487	9264	373	1350
100.489	9265	375	1350
100.5	9266	373	1350
100.503	9267	375	1350
100.518	9268	378	1350
100.52	9269	380	1350
100.536	9270	381	1350
100.538	9271	383	1350
100.549	9272	381	1350
100.551	9273	384	1350
100.569	9274	388	1350
100.58	9276	386	1350
100.582	9277	389	1350
100.593	9278	386	1350
100.595	9279	388	1350
100.606	9280	386	1350
100.609	9281	388	1350
100.62	9282	386	1350
100.622	9283	385	1350
100.624	9284	388	1350
100.633	9285	379	1350
100.635	9286	382	1350
100.659	9287	387	1350
100.666	9289	380	1350
100.668	9290	383	1350
100.684	9291	385	1350
100.686	9292	387	1350
100.692	9293	381	1350
100.695	9294	383	1350
100.706	9295	380	1350
100.708	9296	382	1350
100.728	9297	385	1350
100.73	9298	387	1350
100.743	9299	387	1350
100.75	9301	380	1350
100.752	9302	383	1350
100.768	9303	385	1350
100.77	9304	387	1350
100.787	9305	383	1350
100.79	9306	385	1350
100.801	9307	383	1350
100.803	9308	385	1350
100.818	9309	387	1350
100.829	9311	385	1350
100.832	9312	387	1350
100.843	9313	380	1350
100.845	9314	382	1350
100.856	9315	380	1350
100.858	9316	383	1350
100.88	9317	388	1350
100.891	9319	385	1350
100.893	9320	387	1350
100.904	9321	385	1350
100.907	9322	387	1350
100.918	9323	387	1350
100.942	9325	387	1350
100.944	9327	379	1350
100.946	9328	381	1350
100.962	9329	380	1350
100.964	9330	383	1350
100.973	9331	381	1350
100.975	9332	384	1350
100.991	9333	378	1350
100.993	9334	380	1350
101.004	9335	381	1350
101.006	9336	383	1350
101.021	9337	378	1350
101.024	9338	380	1350
101.035	9339	381	1350
101.037	9340	383	1350
101.057	9341	382	1350
101.059	9342	384	1350
101.068	9343	383	1350
101.07	9344	386	1350
101.081	9345	386	1350
101.083	9346	388	1350
101.112	9347	380	1350
101.114	9348	383	1350
101.127	9349	378	1350
101.13	9350	380	1350
101.138	9351	372	1350
101.141	9352	374	1350
101.152	9353	368	1350
101.154	9354	370	1350
101.165	9355	362	1350
101.167	9356	365	1350
101.178	9357	359	1350
101.18	9358	361	1350
101.191	9359	354	1350
101.194	9360	356	1350
101.207	9361	351	1350
101.209	9362	354	1350
101.229	9363	356	1350
101.231	9364	359	1350
101.24	9365	350	1350
101.242	9366	352	1350
101.253	9367	345	1350
101.255	9368	347	1350
101.267	9369	341	1350
101.269	9370	343	1350
101.28	9371	337	1350
101.282	9372	339	1350
101.297	9373	341	1350
101.3	9374	343	1350
101.313	9375	343	1350
101.315	9376	346	1350
101.322	9377	338	1350
101.324	9378	340	1350
101.339	9379	343	1350
101.342	9380	345	1350
101.353	9381	343	1350
101.355	9382	345	1350
101.37	9383	348	1350
101.373	9384	350	1350
101.379	9385	343	1350
101.39	9386	348	1350
101.392	9387	350	1350
101.408	9388	351	1350
101.41	9389	354	1350
101.419	9390	349	1350
101.421	9391	352	1350
101.45	9392	352	1350
101.452	9393	355	1350
101.463	9394	352	1350
101.465	9395	354	1350
101.479	9396	350	1350
101.481	9397	352	1350
101.496	9398	354	1350
101.498	9399	356	1350
101.514	9400	354	1350
101.516	9401	357	1350
101.531	9402	358	1350
101.534	9403	360	1350
101.549	9404	357	1350
101.551	9405	359	1350
101.567	9406	360	1350
101.569	9407	363	1350
101.58	9408	361	1350
101.582	9409	363	1350
101.598	9410	365	1350
101.6	9411	367	1350
101.611	9412	365	1350
101.613	9413	368	1350
101.629	9414	369	1350
101.631	9415	371	1350
101.642	9416	369	1350
101.644	9417	372	1350
101.66	9418	374	1350
101.662	9419	376	1350
101.668	9420	370	1350
101.671	9421	372	1350
101.686	9422	374	1350
101.688	9423	376	1350
101.699	9424	374	1350
101.702	9425	376	1350
101.717	9426	378	1350
101.719	9427	381	1350
101.73	9428	379	1350
101.732	9429	381	1350
101.748	9430	382	1350
101.75	9431	385	1350
101.763	9432	385	1350
101.766	9433	387	1350
101.777	9434	385	1350
101.779	9435	387	1350
101.79	9436	385	1350
101.792	9437	388	1350
101.803	9438	385	1350
101.805	9439	387	1350
101.819	9440	387	1350
101.825	9442	381	1350
101.827	9443	383	1350
101.843	9444	385	1350
101.845	9445	388	1350
101.854	9446	382	1350
101.856	9447	385	1350
101.867	9448	383	1350
101.869	9449	385	1350
101.88	9450	383	1350
101.883	9451	385	1350
101.894	9452	383	1350
101.896	9453	385	1350
101.911	9454	387	1350
101.92	9456	383	1350
101.922	9457	385	1350
101.936	9458	386	1350
101.938	9459	388	1350
101.949	9460	385	1350
101.951	9461	388	1350
101.962	9462	385	1350
101.964	9463	387	1350
101.973	9464	383	1350
101.989	9465	385	1350
101.991	9466	387	1350
102	9467	383	1350
102.002	9468	385	1350
102.022	9469	383	1350
102.024	9470	385	1350
102.035	9471	382	1350
102.037	9472	385	1350
102.059	9473	385	1350
102.061	9474	387	1350
102.075	9475	387	1350
102.09	9477	385	1350
102.092	9478	387	1350
102.103	9479	385	1350
102.106	9480	387	1350
102.121	9481	385	1350
102.123	9482	387	1350
102.15	9485	383	1350
102.152	9486	385	1350
102.167	9487	387	1350
102.174	9489	381	1350
102.176	9490	383	1350
102.192	9491	385	1350
102.194	9492	387	1350
102.207	9493	383	1350
102.209	9494	385	1350
102.225	9495	387	1350
102.236	9497	380	1350
102.238	9498	383	1350
102.254	9499	385	1350
102.256	9500	387	1350
102.267	9501	378	1350
102.269	9502	380	1350
102.276	9503	374	1350
102.278	9504	376	1350
102.293	9505	379	1350
102.295	9506	381	1350
102.304	9507	377	1350
102.306	9508	379	1350
102.32	9509	378	1350
102.322	9510	380	1350
102.329	9511	374	1350
102.331	9512	376	1350
102.353	9513	374	1350
102.355	9514	377	1350
102.364	9515	371	1350
102.366	9516	374	1350
102.379	9517	374	1350
102.382	9518	376	1350
102.395	9519	376	1350
102.397	9520	379	1350
102.406	9521	374	1350
102.408	9522	377	1350
102.421	9523	376	1350
102.424	9524	378	1350
102.432	9525	374	1350
102.446	9526	372	1350
102.448	9527	374	1350
102.457	9528	369	1350
102.459	9529	371	1350
102.474	9530	374	1350
102.481	9531	367	1350
102.483	9532	370	1350
102.494	9533	368	1350
102.496	9534	370	1350
102.512	9535	365	1350
102.514	9536	368	1350
102.525	9537	365	1350
102.527	9538	367	1350
102.552	9539	367	1350
102.554	9540	369	1350
102.563	9541	365	1350
102.565	9542	367	1350
102.578	9543	368	1350
102.58	9544	370	1350
102.596	9545	371	1350
102.611	9546	365	1350
102.613	9547	367	1350
102.627	9548	370	1350
102.629	9549	372	1350
102.64	9550	372	1350
102.649	9551	374	1350
102.651	9552	374	1350
102.666	9553	375	1350
102.669	9554	375	1350
102.697	9555	365	1350
102.7	9556	367	1350
102.713	9557	370	1350
102.715	9558	372	1350
102.722	9559	368	1350
102.724	9560	370	1350
102.726	9561	371	1350
102.757	9562	365	1350
102.759	9563	368	1350
102.772	9564	370	1350
102.775	9565	372	1350
102.79	9566	372	1350
102.792	9567	374	1350
102.808	9568	379	1350
102.81	9569	381	1350
102.823	9570	379	1350
102.825	9571	381	1350
102.839	9572	383	1350
102.841	9573	385	1350
102.847	9574	381	1350
102.85	9575	383	1350
102.863	9576	386	1350
102.865	9577	389	1350
102.872	9578	384	1350
102.874	9579	386	1350
102.887	9580	383	1350
102.889	9581	385	1350
102.905	9582	382	1350
102.907	9583	385	1350
102.927	9584	386	1350
102.929	9585	389	1350
102.938	9586	380	1350
102.94	9587	383	1350
102.951	9588	376	1350
102.953	9589	378	1350
102.967	9590	373	1350
102.969	9591	375	1350
102.98	9592	369	1350
102.982	9593	372	1350
102.993	9594	365	1350
102.995	9595	367	1350
103.009	9596	362	1350
103.011	9597	364	1350
103.022	9598	358	1350
103.024	9599	361	1350
103.04	9600	358	1350
103.042	9601	360	1350
103.053	9602	353	1350
103.055	9603	356	1350
103.073	9604	356	1350
103.075	9605	358	1350
103.086	9606	355	1350
103.088	9607	358	1350
103.097	9608	353	1350
103.099	9609	356	1350
103.11	9610	354	1350
103.112	9611	356	1350
103.123	9612	354	1350
103.126	9613	356	1350
103.141	9614	358	1350
103.143	9615	360	1350
103.152	9616	356	1350
103.154	9617	358	1350
103.165	9618	356	1350
103.168	9619	358	1350
103.183	9620	361	1350
103.185	9621	363	1350
103.194	9622	358	1350
103.196	9623	360	1350
103.212	9624	362	1350
103.214	9625	364	1350
103.229	9626	367	1350
103.232	9627	369	1350
103.243	9628	367	1350
103.245	9629	369	1350
103.26	9630	371	1350
103.263	9631	373	1350
103.274	9632	371	1350
103.276	9633	373	1350
103.287	9634	371	1350
103.289	9635	374	1350
103.3	9636	372	1350
103.302	9637	374	1350
103.318	9638	375	1350
103.32	9639	371	1350
103.322	9640	374	1350
103.335	9641	374	1350
103.338	9642	376	1350
103.353	9643	379	1350
103.355	9644	381	1350
103.366	9645	378	1350
103.369	9646	380	1350
103.382	9647	380	1350
103.391	9648	378	1350
103.393	9649	380	1350
103.399	9650	374	1350
103.402	9651	376	1350
103.426	9652	373	1350
103.428	9653	376	1350
103.437	9654	371	1350
103.439	9655	374	1350
103.455	9656	376	1350
103.457	9657	378	1350
103.463	9658	372	1350
103.466	9659	374	1350
103.477	9660	371	1350
103.479	9661	373	1350
103.488	9662	369	1350
103.49	9663	371	1350
103.505	9664	374	1350
103.508	9665	376	1350
103.516	9666	372	1350
103.519	9667	374	1350
103.539	9668	374	1350
103.541	9669	376	1350
103.552	9670	374	1350
103.554	9671	377	1350
103.574	9672	376	1350
103.576	9673	379	1350
103.585	9674	373	1350
103.587	9675	376	1350
103.603	9676	378	1350
103.605	9677	380	1350
103.614	9678	376	1350
103.616	9679	378	1350
103.631	9680	381	1350
103.634	9681	383	1350
103.645	9682	380	1350
103.647	9683	382	1350
103.66	9684	383	1350
103.662	9685	385	1350
103.673	9686	383	1350
103.675	9687	385	1350
103.689	9688	380	1350
103.691	9689	382	1350
103.706	9690	385	1350
103.709	9691	387	1350
103.722	9692	385	1350
103.724	9693	388	1350
103.735	9694	385	1350
103.737	9695	387	1350
103.751	9696	383	1350
103.753	9697	385	1350
103.762	9698	380	1350
103.764	9699	382	1350
103.781	9700	383	1350
103.784	9701	385	1350
103.795	9702	383	1350
103.797	9703	385	1350
103.808	9704	382	1350
103.81	9705	385	1350
103.832	9706	372	1350
103.834	9707	374	1350
103.848	9708	373	1350
103.85	9709	375	1350
103.861	9710	369	1350
103.863	9711	372	1350
103.879	9712	373	1350
103.881	9713	375	1350
103.892	9714	372	1350
103.894	9715	375	1350
103.903	9716	369	1350
103.918	9717	367	1350
103.921	9718	369	1350
103.936	9719	371	1350
103.938	9720	373	1350
103.954	9721	374	1350
103.956	9722	376	1350
103.962	9723	369	1350
103.965	9724	371	1350
103.976	9725	368	1350
103.978	9726	370	1350
103.989	9727	367	1350
103.991	9728	370	1350
104.004	9729	369	1350
104.007	9730	371	1350
104.022	9731	373	1350
104.024	9732	375	1350
104.033	9733	369	1350
104.035	9734	371	1350
104.051	9735	372	1350
104.053	9736	375	1350
104.068	9737	376	1350
104.071	9738	378	1350
104.084	9739	373	1350
104.086	9740	376	1350
104.097	9741	373	1350
104.099	9742	375	1350
104.113	9743	374	1350
104.115	9744	376	1350
104.128	9745	376	1350
104.13	9746	378	1350
104.146	9747	376	1350
104.148	9748	378	1350
104.161	9749	378	1350
104.163	9750	380	1350
104.174	9751	376	1350
104.177	9752	378	1350
104.192	9753	380	1350
104.194	9754	382	1350
104.21	9755	378	1350
104.212	9756	381	1350
104.221	9757	375	1350
104.223	9758	378	1350
104.238	9759	378	1350
104.241	9760	380	1350
104.245	9761	371	1350
104.247	9762	373	1350
104.254	9763	365	1350
104.256	9764	368	1350
104.269	9765	367	1350
104.272	9766	369	1350
104.287	9767	368	1350
104.289	9768	370	1350
104.316	9769	358	1350
104.318	9770	360	1350
104.331	9771	360	1350
104.333	9772	362	1350
104.344	9773	358	1350
104.347	9774	360	1350
104.362	9775	365	1350
104.364	9776	367	1350
104.38	9777	363	1350
104.382	9778	366	1350
104.389	9779	360	1350
104.404	9780	361	1350
104.406	9781	363	1350
104.415	9782	361	1350
104.417	9783	363	1350
104.442	9784	363	1350
104.444	9785	365	1350
104.45	9786	360	1350
104.453	9787	362	1350
104.459	9788	358	1350
104.462	9789	360	1350
104.477	9790	362	1350
104.479	9791	365	1350
104.488	9792	363	1350
104.49	9793	365	1350
104.506	9794	358	1350
104.508	9795	360	1350
104.521	9796	363	1350
104.523	9797	365	1350
104.539	9798	363	1350
104.541	9799	365	1350
104.55	9800	362	1350
104.552	9801	365	1350
104.57	9802	360	1350
104.572	9803	362	1350
104.592	9804	363	1350
104.594	9805	365	1350
104.612	9806	364	1350
104.614	9807	366	1350
104.627	9808	361	1350
104.629	9809	363	1350
104.647	9810	360	1350
104.649	9811	363	1350
104.665	9812	359	1350
104.667	9813	361	1350
104.685	9814	360	1350
104.687	9815	362	1350
104.702	9816	359	1350
104.704	9817	361	1350
104.72	9818	356	1350
104.722	9819	359	1350
104.742	9820	359	1350
104.744	9821	362	1350
104.766	9822	365	1350
104.768	9823	367	1350
104.784	9824	363	1350
104.786	9825	366	1350
104.804	9826	363	1350
104.806	9827	365	1350
104.819	9828	360	1350
104.821	9829	362	1350
104.837	9830	363	1350
104.839	9831	366	1350
104.85	9832	362	1350
104.852	9833	364	1350
104.863	9834	361	1350
104.866	9835	363	1350
104.877	9836	359	1350
104.879	9837	361	1350
104.89	9838	358	1350
104.892	9839	361	1350
104.901	9840	355	1350
104.903	9841	358	1350
104.914	9842	354	1350
104.916	9843	356	1350
104.93	9844	355	1350
104.932	9845	357	1350
104.938	9846	349	1350
104.941	9847	351	1350
104.952	9848	348	1350
104.954	9849	350	1350
104.963	9850	344	1350
104.965	9851	346	1350
104.98	9852	348	1350
104.983	9853	350	1350
104.991	9854	345	1350
104.994	9855	347	1350
105.002	9856	341	1350
105.005	9857	343	1350
105.016	9858	341	1350
105.018	9859	343	1350
105.033	9860	343	1350
105.036	9861	345	1350
105.047	9862	342	1350
105.049	9863	344	1350
105.058	9864	338	1350
105.06	9865	340	1350
105.071	9866	337	1350
105.073	9867	340	1350
105.086	9868	338	1350
105.089	9869	340	1350
105.104	9870	342	1350
105.106	9871	344	1350
105.117	9872	341	1350
105.119	9873	343	1350
105.135	9874	343	1350
105.137	9875	346	1350
105.15	9876	345	1350
105.153	9877	347	1350
105.164	9878	343	1350
105.172	9879	345	1350
105.175	9880	347	1350
105.188	9881	346	1350
105.19	9882	349	1350
105.212	9883	345	1350
105.214	9884	347	1350
105.225	9885	344	1350
105.239	9886	345	1350
105.241	9887	347	1350
105.252	9888	344	1350
105.27	9889	341	1350
105.272	9890	343	1350
105.283	9891	339	1350
105.285	9892	342	1350
105.305	9893	343	1350
105.307	9894	346	1350
105.318	9895	342	1350
105.32	9896	344	1350
105.336	9897	345	1350
105.338	9898	348	1350
105.349	9899	344	1350
105.351	9900	346	1350
105.362	9901	343	1350
105.365	9902	345	1350
105.38	9903	346	1350
105.382	9904	348	1350
105.398	9905	349	1350
105.4	9906	351	1350
105.411	9907	347	1350
105.413	9908	350	1350
105.424	9909	348	1350
105.426	9910	350	1350
105.44	9911	348	1350
105.442	9912	350	1350
105.457	9913	352	1350
105.46	9914	354	1350
105.468	9915	348	1350
105.471	9916	350	1350
105.486	9917	351	1350
105.488	9918	353	1350
105.504	9919	354	1350
105.506	9920	356	1350
105.517	9921	352	1350
105.519	9922	355	1350
105.535	9923	356	1350
105.537	9924	358	1350
105.552	9925	360	1350
105.554	9926	362	1350
105.568	9927	360	1350
105.57	9928	362	1350
105.581	9929	359	1350
105.583	9930	362	1350
105.599	9931	362	1350
105.601	9932	364	1350
105.612	9933	361	1350
105.614	9934	364	1350
105.625	9935	360	1350
105.627	9936	362	1350
105.641	9937	361	1350
105.643	9938	363	1350
105.658	9939	364	1350
105.66	9940	366	1350
105.674	9941	365	1350
105.676	9942	367	1350
105.691	9943	369	1350
105.694	9944	371	1350
105.705	9945	367	1350
105.707	9946	369	1350
105.722	9947	371	1350
105.724	9948	373	1350
105.733	9949	367	1350
105.736	9950	369	1350
105.751	9951	370	1350
105.753	9952	373	1350
105.766	9953	371	1350
105.769	9954	373	1350
105.78	9955	370	1350
105.782	9956	372	1350
105.797	9957	374	1350
105.8	9958	376	1350
105.815	9959	377	1350
105.817	9960	374	1350
105.819	9961	376	1350
105.835	9962	374	1350
105.837	9963	377	1350
105.848	9964	374	1350
105.85	9965	376	1350
105.866	9966	377	1350
105.868	9967	380	1350
105.883	9968	378	1350
105.886	9969	380	1350
105.899	9970	379	1350
105.901	9971	382	1350
105.912	9972	376	1350
105.914	9973	378	1350
105.93	9974	379	1350
105.932	9975	382	1350
105.945	9976	381	1350
105.947	9977	383	1350
105.959	9978	379	1350
105.961	9979	381	1350
105.974	9980	380	1350
105.976	9981	383	1350
105.992	9982	383	1350
105.994	9983	385	1350
106.009	9984	381	1350
106.012	9985	383	1350
106.027	9986	383	1350
106.029	9987	386	1350
106.042	9988	383	1350
106.045	9989	385	1350
106.06	9990	386	1350
106.062	9991	388	1350
106.076	9992	383	1350
106.078	9993	385	1350
106.089	9994	381	1350
106.091	9995	384	1350
106.109	9996	385	1350
106.111	9997	387	1350
106.122	9998	383	1350
106.124	9999	386	1350
106.135	10000	383	1350
106.137	10001	385	1350
106.151	10002	386	1350
106.153	10003	388	1350
106.168	10004	385	1350
106.17	10005	387	1350
106.179	10006	385	1350
106.182	10007	387	1350
106.199	10008	383	1350
106.201	10009	385	1350
106.208	10010	380	1350
106.21	10011	382	1350
106.23	10012	383	1350
106.232	10013	385	1350
106.241	10014	383	1350
106.243	10015	385	1350
106.257	10016	380	1350
106.259	10017	382	1350
106.272	10018	385	1350
106.274	10019	387	1350
106.288	10020	383	1350
106.29	10021	385	1350
106.301	10022	384	1350
106.303	10023	386	1350
106.312	10024	384	1350
106.323	10025	380	1350
106.325	10026	383	1350
106.336	10027	383	1350
106.338	10028	385	1350
106.354	10029	380	1350
106.356	10030	382	1350
106.371	10031	379	1350
106.374	10032	381	1350
106.391	10033	380	1350
106.394	10034	382	1350
106.409	10035	378	1350
106.411	10036	381	1350
106.431	10037	381	1350
106.433	10038	383	1350
106.451	10039	381	1350
106.453	10040	384	1350
106.466	10041	378	1350
106.469	10042	380	1350
106.484	10043	377	1350
106.486	10044	379	1350
106.502	10045	374	1350
106.504	10046	376	1350
106.519	10047	373	1350
106.522	10048	375	1350
106.539	10049	374	1350
106.541	10050	376	1350
106.552	10051	368	1350
106.555	10052	370	1350
106.57	10053	366	1350
106.572	10054	368	1350
106.588	10055	369	1350
106.59	10056	372	1350
106.601	10057	368	1350
106.603	10058	370	1350
106.614	10059	367	1350
106.617	10060	369	1350
106.628	10061	366	1350
106.63	10062	368	1350
106.643	10063	368	1350
106.645	10064	370	1350
106.658	10065	368	1350
106.661	10066	370	1350
106.676	10067	372	1350
106.678	10068	374	1350
106.689	10069	370	1350
106.692	10070	372	1350
106.703	10071	368	1350
106.705	10072	370	1350
106.714	10073	365	1350
106.716	10074	367	1350
106.729	10075	366	1350
106.731	10076	368	1350
106.742	10077	365	1350
106.745	10078	367	1350
106.758	10079	366	1350
106.76	10080	369	1350
106.771	10081	365	1350
106.773	10082	367	1350
106.787	10083	366	1350
106.789	10084	368	1350
106.798	10085	362	1350
106.8	10086	364	1350
106.811	10087	361	1350
106.813	10088	364	1350
106.822	10089	357	1350
106.824	10090	360	1350
106.837	10091	359	1350
106.84	10092	361	1350
106.848	10093	356	1350
106.851	10094	358	1350
106.862	10095	354	1350
106.864	10096	356	1350
106.877	10097	356	1350
106.879	10098	358	1350
106.89	10099	354	1350
106.893	10100	356	1350
106.901	10101	351	1350
106.904	10102	353	1350
106.915	10103	349	1350
106.921	10104	345	1350
106.923	10105	347	1350
106.939	10106	348	1350
106.941	10107	351	1350
106.952	10108	343	1350
106.954	10109	345	1350
106.968	10110	344	1350
106.97	10111	346	1350
106.985	10112	341	1350
106.987	10113	343	1350
106.996	10114	338	1350
106.998	10115	340	1350
107.021	10116	343	1350
107.023	10117	345	1350
107.032	10118	339	1350
107.034	10119	341	1350
107.056	10120	343	1350
107.058	10121	346	1350
107.067	10122	339	1350
107.069	10123	342	1350
107.08	10124	339	1350
107.082	10125	341	1350
107.098	10126	341	1350
107.1	10127	344	1350
107.113	10128	343	1350
107.116	10129	345	1350
107.127	10130	341	1350
107.129	10131	343	1350
107.144	10132	343	1350
107.146	10133	345	1350
107.16	10134	344	1350
107.162	10135	346	1350
107.177	10136	347	1350
107.18	10137	349	1350
107.191	10138	346	1350
107.193	10139	348	1350
107.206	10140	348	1350
107.208	10141	350	1350
107.222	10142	348	1350
107.224	10143	350	1350
107.235	10144	347	1350
107.237	10145	349	1350
107.25	10146	348	1350
107.252	10147	350	1350
107.268	10148	351	1350
107.27	10149	354	1350
107.279	10150	347	1350
107.281	10151	350	1350
107.297	10152	351	1350
107.299	10153	353	1350
107.312	10154	352	1350
107.314	10155	354	1350
107.327	10156	353	1350
107.33	10157	355	1350
107.341	10158	352	1350
107.343	10159	354	1350
107.356	10160	353	1350
107.358	10161	355	1350
107.374	10162	356	1350
107.376	10163	359	1350
107.387	10164	355	1350
107.389	10165	357	1350
107.405	10166	358	1350
107.407	10167	360	1350
107.422	10168	361	1350
107.425	10169	363	1350
107.433	10170	358	1350
107.436	10171	360	1350
107.451	10172	362	1350
107.453	10173	364	1350
107.467	10174	362	1350
107.469	10175	364	1350
107.484	10176	366	1350
107.486	10177	368	1350
107.498	10178	364	1350
107.5	10179	366	1350
107.513	10180	365	1350
107.515	10181	368	1350
107.531	10182	368	1350
107.533	10183	370	1350
107.544	10184	367	1350
107.55	10185	370	1350
107.553	10186	372	1350
107.57	10187	372	1350
107.573	10188	374	1350
107.584	10189	371	1350
107.586	10190	373	1350
107.597	10191	369	1350
107.599	10192	372	1350
107.61	10193	369	1350
107.612	10194	371	1350
107.628	10195	371	1350
107.63	10196	373	1350
107.641	10197	371	1350
107.643	10198	373	1350
107.656	10199	372	1350
107.659	10200	374	1350
107.674	10201	372	1350
107.676	10202	374	1350
107.692	10203	375	1350
107.694	10204	378	1350
107.707	10205	376	1350
107.709	10206	378	1350
107.721	10207	375	1350
107.723	10208	377	1350
107.736	10209	376	1350
107.738	10210	379	1350
107.754	10211	379	1350
107.756	10212	381	1350
107.771	10213	379	1350
107.774	10214	381	1350
107.789	10215	381	1350
107.791	10216	384	1350
107.802	10217	381	1350
107.804	10218	383	1350
107.815	10219	379	1350
107.818	10220	381	1350
107.833	10221	381	1350
107.835	10222	383	1350
107.849	10223	381	1350
107.851	10224	383	1350
107.862	10225	380	1350
107.864	10226	383	1350
107.877	10227	384	1350
107.879	10228	386	1350
107.895	10229	382	1350
107.897	10230	385	1350
107.908	10231	385	1350
107.91	10232	387	1350
107.93	10233	383	1350
107.932	10234	385	1350
107.944	10235	384	1350
107.946	10236	386	1350
107.961	10237	385	1350
107.963	10238	387	1350
107.97	10239	383	1350
107.972	10240	385	1350
107.994	10241	385	1350
107.997	10242	387	1350
108.005	10243	385	1350
108.008	10244	387	1350
108.021	10245	382	1350
108.023	10246	385	1350
108.034	10247	385	1350
108.036	10248	387	1350
108.05	10249	381	1350
108.052	10250	383	1350
108.065	10251	384	1350
108.076	10252	381	1350
108.078	10253	383	1350
108.094	10254	379	1350
108.096	10255	381	1350
108.111	10256	378	1350
108.114	10257	380	1350
108.129	10258	375	1350
108.131	10259	378	1350
108.147	10260	374	1350
108.149	10261	376	1350
108.167	10262	375	1350
108.169	10263	377	1350
108.184	10264	374	1350
108.186	10265	376	1350
108.2	10266	369	1350
108.202	10267	371	1350
108.217	10268	368	1350
108.22	10269	370	1350
108.237	10270	369	1350
108.239	10271	371	1350
108.255	10272	367	1350
108.257	10273	370	1350
108.275	10274	367	1350
108.277	10275	369	1350
108.295	10276	368	1350
108.297	10277	370	1350
108.308	10278	367	1350
108.31	10279	370	1350
108.319	10280	363	1350
108.321	10281	366	1350
108.337	10282	367	1350
108.339	10283	369	1350
108.352	10284	368	1350
108.354	10285	370	1350
108.365	10286	367	1350
108.367	10287	369	1350
108.381	10288	367	1350
108.383	10289	369	1350
108.396	10290	369	1350
108.398	10291	371	1350
108.412	10292	370	1350
108.414	10293	372	1350
108.429	10294	373	1350
108.431	10295	375	1350
108.443	10296	372	1350
108.445	10297	374	1350
108.46	10298	375	1350
108.462	10299	377	1350
108.476	10300	376	1350
108.478	10301	378	1350
108.491	10302	377	1350
108.493	10303	379	1350
108.504	10304	376	1350
108.507	10305	378	1350
108.522	10306	379	1350
108.524	10307	381	1350
108.535	10308	378	1350
108.537	10309	380	1350
108.546	10310	375	1350
108.549	10311	377	1350
108.56	10312	373	1350
108.562	10313	375	1350
108.575	10314	375	1350
108.577	10315	377	1350
108.59	10316	375	1350
108.593	10317	377	1350
108.604	10318	374	1350
108.606	10319	376	1350
108.617	10320	372	1350
108.619	10321	375	1350
108.635	10322	376	1350
108.637	10323	378	1350
108.648	10324	375	1350
108.65	10325	378	1350
108.663	10326	376	1350
108.666	10327	378	1350
108.672	10328	371	1350
108.681	10329	371	1350
108.683	10330	374	1350
108.701	10331	377	1350
108.703	10332	380	1350
108.714	10333	372	1350
108.716	10334	374	1350
108.727	10335	371	1350
108.73	10336	373	1350
108.745	10337	366	1350
108.747	10338	368	1350
108.758	10339	364	1350
108.76	10340	366	1350
108.778	10341	359	1350
108.78	10342	361	1350
108.787	10343	352	1350
108.789	10344	355	1350
108.802	10345	354	1350
108.805	10346	356	1350
108.816	10347	353	1350
108.818	10348	355	1350
108.827	10349	349	1350
108.829	10350	351	1350
108.84	10351	348	1350
108.842	10352	351	1350
108.855	10353	350	1350
108.858	10354	352	1350
108.869	10355	348	1350
108.871	10356	350	1350
108.88	10357	343	1350
108.882	10358	345	1350
108.897	10359	346	1350
108.9	10360	348	1350
108.911	10361	343	1350
108.913	10362	345	1350
108.926	10363	344	1350
108.928	10364	346	1350
108.944	10365	343	1350
108.946	10366	345	1350
108.961	10367	346	1350
108.964	10368	348	1350
108.977	10369	347	1350
108.979	10370	350	1350
108.99	10371	346	1350
108.992	10372	348	1350
109.006	10373	345	1350
109.008	10374	347	1350
109.021	10375	347	1350
109.023	10376	349	1350
109.039	10377	349	1350
109.041	10378	351	1350
109.05	10379	346	1350
109.052	10380	348	1350
109.067	10381	349	1350
109.07	10382	351	1350
109.081	10383	348	1350
109.083	10384	350	1350
109.098	10385	352	1350
109.101	10386	354	1350
109.123	10387	350	1350
109.125	10388	352	1350
109.136	10389	348	1350
109.138	10390	351	1350
109.151	10391	349	1350
109.154	10392	347	1350
109.156	10393	349	1350
109.178	10394	352	1350
109.18	10395	355	1350
109.193	10396	353	1350
109.195	10397	355	1350
109.204	10398	349	1350
109.206	10399	351	1350
109.22	10400	349	1350
109.222	10401	351	1350
109.237	10402	352	1350
109.24	10403	354	1350
109.257	10404	354	1350
109.259	10405	356	1350
109.273	10406	354	1350
109.275	10407	356	1350
109.286	10408	352	1350
109.288	10409	355	1350
109.301	10410	353	1350
109.304	10411	355	1350
109.319	10412	356	1350
109.321	10413	358	1350
109.337	10414	358	1350
109.339	10415	360	1350
109.354	10416	361	1350
109.357	10417	363	1350
109.365	10418	357	1350
109.368	10419	359	1350
109.383	10420	361	1350
109.385	10421	363	1350
109.401	10422	362	1350
109.403	10423	365	1350
109.418	10424	365	1350
109.421	10425	367	1350
109.43	10426	361	1350
109.432	10427	363	1350
109.447	10428	364	1350
109.449	10429	366	1350
109.465	10430	366	1350
109.467	10431	369	1350
109.48	10432	367	1350
109.482	10433	369	1350
109.494	10434	365	1350
109.496	10435	367	1350
109.509	10436	365	1350
109.511	10437	368	1350
109.527	10438	368	1350
109.529	10439	370	1350
109.542	10440	369	1350
109.544	10441	371	1350
109.56	10442	371	1350
109.562	10443	373	1350
109.569	10444	365	1350
109.571	10445	367	1350
109.586	10446	368	1350
109.588	10447	370	1350
109.597	10448	367	1350
109.6	10449	369	1350
109.615	10450	367	1350
109.617	10451	370	1350
109.633	10452	373	1350
109.635	10453	375	1350
109.648	10454	372	1350
109.65	10455	374	1350
109.659	10456	371	1350
109.675	10457	372	1350
109.677	10458	374	1350
109.686	10459	371	1350
109.688	10460	373	1350
109.703	10461	377	1350
109.706	10462	374	1350
109.708	10463	376	1350
109.721	10464	376	1350
109.736	10465	374	1350
109.739	10466	376	1350
109.75	10467	375	1350
109.752	10468	377	1350
109.772	10469	374	1350
109.774	10470	376	1350
109.789	10471	380	1350
109.792	10472	382	1350
109.805	10473	378	1350
109.807	10474	381	1350
109.825	10475	378	1350
109.827	10476	380	1350
109.999	10477	103	1350
110.032	10478	103	1350
110.04	10479	102	1350
110.047	10480	103	1350
110.055	10481	102	1350
110.226	10482	102	1350
110.229	10483	104	1350
110.244	10484	105	1350
110.246	10485	107	1350
110.256	10486	102	1350
110.259	10487	104	1350
110.271	10488	102	1350
110.274	10489	104	1350
110.287	10490	102	1350
110.289	10491	104	1350
110.306	10492	106	1350
110.308	10493	108	1350
110.323	10494	109	1350
110.326	10495	111	1350
110.341	10496	111	1350
110.343	10497	114	1350
110.363	10498	119	1350
110.365	10499	121	1350
110.385	10500	126	1350
110.387	10501	128	1350
110.398	10502	124	1350
110.401	10503	126	1350
110.42	10504	131	1350
110.423	10505	133	1350
110.443	10506	138	1350
110.445	10507	140	1350
110.465	10508	145	1350
110.467	10509	147	1350
110.478	10510	143	1350
110.48	10511	146	1350
110.5	10512	150	1350
110.502	10513	153	1350
110.522	10514	158	1350
110.524	10515	160	1350
110.544	10516	165	1350
110.546	10517	167	1350
110.566	10518	172	1350
110.568	10519	174	1350
110.584	10520	174	1350
110.586	10521	177	1350
110.602	10522	177	1350
110.604	10523	179	1350
110.619	10524	180	1350
110.621	10525	182	1350
110.641	10526	187	1350
110.643	10527	189	1350
110.652	10528	183	1350
110.655	10529	185	1350
110.674	10530	190	1350
110.677	10531	192	1350
110.692	10532	193	1350
110.694	10533	195	1350
110.714	10534	200	1350
110.716	10535	202	1350
110.723	10536	193	1350
110.725	10537	196	1350
110.745	10538	201	1350
110.747	10539	203	1350
110.763	10540	203	1350
110.765	10541	205	1350
110.785	10542	210	1350
110.787	10543	213	1350
110.798	10544	212	1350
110.8	10545	214	1350
110.811	10546	213	1350
110.814	10547	215	1350
110.829	10548	218	1350
110.831	10549	221	1350
110.842	10550	220	1350
110.844	10551	222	1350
110.86	10552	225	1350
110.862	10553	228	1350
110.878	10554	231	1350
110.88	10555	233	1350
110.891	10556	232	1350
110.893	10557	234	1350
110.908	10558	238	1350
110.911	10559	240	1350
110.922	10560	239	1350
110.924	10561	241	1350
110.935	10562	240	1350
110.937	10563	243	1350
110.953	10564	246	1350
110.955	10565	248	1350
110.975	10566	256	1350
110.977	10567	258	1350
110.984	10568	253	1350
110.986	10569	255	1350
111.001	10570	259	1350
111.003	10571	261	1350
111.017	10572	262	1350
111.019	10573	264	1350
111.025	10574	259	1350
111.028	10575	261	1350
111.043	10576	265	1350
111.045	10577	267	1350
111.059	10578	268	1350
111.061	10579	270	1350
111.072	10580	269	1350
111.074	10581	272	1350
111.094	10582	271	1350
111.096	10583	274	1350
111.112	10584	269	1350
111.114	10585	271	1350
111.134	10586	271	1350
111.136	10587	273	1350
111.156	10588	273	1350
111.158	10589	275	1350
111.178	10590	275	1350
111.18	10591	278	1350
111.2	10592	277	1350
111.202	10593	280	1350
111.218	10594	275	1350
111.22	10595	277	1350
111.24	10596	277	1350
111.242	10597	279	1350
111.262	10598	279	1350
111.264	10599	281	1350
111.284	10600	281	1350
111.286	10601	284	1350
111.301	10602	279	1350
111.304	10603	281	1350
111.328	10604	285	1350
111.33	10605	288	1350
111.341	10606	284	1350
111.343	10607	286	1350
111.354	10608	282	1350
111.357	10609	284	1350
111.377	10610	289	1350
111.379	10611	291	1350
111.396	10612	294	1350
111.399	10613	296	1350
111.414	10614	297	1350
111.416	10615	299	1350
111.427	10616	295	1350
111.43	10617	297	1350
111.443	10618	295	1350
111.445	10619	297	1350
111.46	10620	298	1350
111.463	10621	300	1350
111.478	10622	301	1350
111.48	10623	303	1350
111.489	10624	297	1350
111.491	10625	299	1350
111.507	10626	299	1350
111.509	10627	302	1350
111.524	10628	302	1350
111.527	10629	304	1350
111.547	10630	309	1350
111.549	10631	311	1350
111.555	10632	303	1350
111.558	10633	305	1350
111.573	10634	306	1350
111.575	10635	308	1350
111.591	10636	308	1350
111.593	10637	310	1350
111.608	10638	311	1350
111.611	10639	313	1350
111.63	10640	318	1350
111.633	10641	320	1350
111.639	10642	312	1350
111.642	10643	314	1350
111.657	10644	315	1350
111.659	10645	318	1350
111.675	10646	317	1350
111.677	10647	319	1350
111.692	10648	320	1350
111.694	10649	322	1350
111.706	10650	319	1350
111.708	10651	321	1350
111.732	10652	330	1350
111.734	10653	332	1350
111.745	10654	328	1350
111.747	10655	330	1350
111.767	10656	335	1350
111.77	10657	337	1350
111.785	10658	338	1350
111.787	10659	340	1350
111.803	10660	340	1350
111.805	10661	342	1350
111.82	10662	342	1350
111.823	10663	344	1350
111.842	10664	349	1350
111.845	10665	351	1350
111.858	10666	349	1350
111.86	10667	352	1350
111.88	10668	356	1350
111.882	10669	359	1350
111.9	10670	361	1350
111.902	10671	364	1350
111.918	10672	364	1350
111.92	10673	366	1350
111.933	10674	364	1350
111.935	10675	367	1350
111.951	10676	367	1350
111.953	10677	369	1350
111.968	10678	370	1350
111.97	10679	372	1350
111.986	10680	372	1350
111.988	10681	375	1350
111.997	10682	368	1350
111.999	10683	371	1350
112.01	10684	367	1350
112.012	10685	369	1350
112.028	10686	368	1350
112.03	10687	371	1350
112.041	10688	367	1350
112.043	10689	369	1350
112.05	10690	360	1350
112.052	10691	363	1350
112.068	10692	363	1350
112.07	10693	365	1350
112.081	10694	361	1350
112.083	10695	364	1350
112.094	10696	360	1350
112.096	10697	362	1350
112.116	10698	367	1350
112.118	10699	369	1350
112.125	10700	361	1350
112.127	10701	363	1350
112.141	10702	361	1350
112.143	10703	363	1350
112.158	10704	364	1350
112.16	10705	366	1350
112.169	10706	360	1350
112.171	10707	362	1350
112.182	10708	358	1350
112.185	10709	360	1350
112.2	10710	360	1350
112.202	10711	362	1350
112.218	10712	362	1350
112.22	10713	364	1350
112.227	10714	356	1350
112.229	10715	358	1350
112.244	10716	359	1350
112.246	10717	361	1350
112.262	10718	361	1350
112.264	10719	364	1350
112.28	10720	364	1350
112.282	10721	366	1350
112.288	10722	358	1350
112.291	10723	360	1350
112.306	10724	361	1350
112.308	10725	363	1350
112.326	10726	365	1350
112.337	10727	370	1350
112.339	10728	372	1350
112.352	10729	369	1350
112.355	10730	371	1350
112.375	10731	369	1350
112.377	10732	371	1350
112.392	10733	372	1350
112.394	10734	374	1350
112.412	10735	370	1350
112.414	10736	372	1350
112.425	10737	368	1350
112.428	10738	370	1350
112.445	10739	370	1350
112.447	10740	372	1350
112.458	10741	368	1350
112.461	10742	370	1350
112.481	10743	369	1350
112.483	10744	371	1350
112.494	10745	367	1350
112.496	10746	369	1350
112.509	10747	368	1350
112.511	10748	370	1350
112.527	10749	370	1350
112.529	10750	373	1350
112.545	10751	373	1350
112.547	10752	375	1350
112.562	10753	376	1350
112.564	10754	378	1350
112.575	10755	374	1350
112.578	10756	376	1350
112.593	10757	377	1350
112.595	10758	379	1350
112.611	10759	379	1350
112.613	10760	382	1350
112.628	10761	382	1350
112.631	10762	384	1350
112.642	10763	380	1350
112.644	10764	382	1350
112.659	10765	383	1350
112.662	10766	385	1350
112.675	10767	382	1350
112.677	10768	385	1350
112.69	10769	383	1350
112.693	10770	385	1350
112.704	10771	381	1350
112.706	10772	383	1350
112.721	10773	384	1350
112.723	10774	386	1350
112.734	10775	382	1350
112.737	10776	384	1350
112.748	10777	383	1350
112.75	10778	385	1350
112.765	10779	389	1350
112.772	10781	383	1350
112.774	10782	386	1350
112.79	10783	385	1350
112.792	10784	387	1350
112.798	10785	382	1350
112.801	10786	384	1350
112.816	10787	385	1350
112.818	10788	387	1350
112.827	10789	384	1350
112.843	10790	380	1350
112.845	10791	382	1350
112.858	10792	384	1350
112.86	10793	386	1350
112.88	10794	381	1350
112.882	10795	383	1350
112.889	10796	378	1350
112.891	10797	380	1350
112.916	10798	378	1350
112.918	10799	380	1350
112.929	10800	379	1350
112.931	10801	381	1350
112.949	10802	378	1350
112.951	10803	380	1350
112.969	10804	378	1350
112.971	10805	380	1350
112.991	10806	380	1350
112.993	10807	382	1350
113.006	10808	376	1350
113.008	10809	378	1350
113.026	10810	375	1350
113.028	10811	378	1350
113.048	10812	377	1350
113.05	10813	380	1350
113.066	10814	375	1350
113.068	10815	377	1350
113.083	10816	372	1350
113.086	10817	374	1350
113.103	10818	372	1350
113.105	10819	374	1350
113.125	10820	374	1350
113.127	10821	376	1350
113.143	10822	371	1350
113.145	10823	374	1350
113.165	10824	374	1350
113.167	10825	376	1350
113.18	10826	374	1350
113.183	10827	376	1350
113.192	10828	370	1350
113.194	10829	372	1350
113.205	10830	368	1350
113.207	10831	370	1350
113.22	10832	369	1350
113.222	10833	371	1350
113.229	10834	363	1350
113.231	10835	365	1350
113.247	10836	365	1350
113.249	10837	367	1350
113.262	10838	365	1350
113.264	10839	367	1350
113.282	10840	359	1350
113.284	10841	361	1350
113.298	10842	359	1350
113.3	10843	361	1350
113.311	10844	357	1350
113.313	10845	359	1350
113.32	10846	351	1350
113.335	10847	352	1350
113.337	10848	354	1350
113.348	10849	350	1350
113.35	10850	352	1350
113.366	10851	351	1350
113.368	10852	354	1350
113.388	10853	348	1350
113.39	10854	350	1350
113.401	10855	346	1350
113.403	10856	348	1350
113.419	10857	345	1350
113.421	10858	348	1350
113.432	10859	344	1350
113.434	10860	346	1350
113.456	10861	341	1350
113.459	10862	343	1350
113.476	10863	346	1350
113.479	10864	348	1350
113.492	10865	340	1350
113.494	10866	343	1350
113.507	10867	341	1350
113.509	10868	343	1350
113.534	10869	343	1350
113.536	10870	345	1350
113.551	10871	346	1350
113.554	10872	348	1350
113.576	10873	347	1350
113.578	10874	349	1350
113.589	10875	345	1350
113.591	10876	348	1350
113.613	10877	345	1350
113.615	10878	347	1350
113.629	10879	345	1350
113.631	10880	347	1350
113.646	10881	341	1350
113.649	10882	343	1350
113.66	10883	339	1350
113.662	10884	341	1350
113.682	10885	346	1350
113.684	10886	348	1350
113.697	10887	347	1350
113.699	10888	349	1350
113.713	10889	347	1350
113.715	10890	349	1350
113.726	10891	344	1350
113.728	10892	347	1350
113.735	10893	337	1350
113.737	10894	339	1350
113.755	10895	342	1350
113.757	10896	344	1350
113.766	10897	337	1350
113.768	10898	339	1350
113.779	10899	334	1350
113.781	10900	337	1350
113.799	10901	338	1350
113.801	10902	340	1350
113.812	10903	336	1350
113.814	10904	339	1350
113.825	10905	334	1350
113.827	10906	336	1350
113.843	10907	335	1350
113.845	10908	338	1350
113.856	10909	334	1350
113.858	10910	336	1350
113.874	10911	335	1350
113.876	10912	337	1350
113.887	10913	333	1350
113.889	10914	335	1350
113.896	10915	326	1350
113.898	10916	329	1350
113.914	10917	328	1350
113.916	10918	330	1350
113.929	10919	327	1350
113.931	10920	330	1350
113.947	10921	330	1350
113.949	10922	332	1350
113.955	10923	323	1350
113.958	10924	325	1350
113.973	10925	325	1350
113.975	10926	327	1350
113.993	10927	329	1350
113.995	10928	331	1350
114.011	10929	331	1350
114.013	10930	333	1350
114.024	10931	328	1350
114.031	10932	330	1350
114.033	10933	332	1350
114.053	10934	333	1350
114.055	10935	335	1350
114.07	10936	332	1350
114.073	10937	334	1350
114.088	10938	333	1350
114.09	10939	336	1350
114.106	10940	334	1350
114.108	10941	336	1350
114.121	10942	334	1350
114.123	10943	336	1350
114.145	10944	339	1350
114.148	10945	341	1350
114.163	10946	341	1350
114.165	10947	343	1350
114.172	10948	334	1350
114.174	10949	337	1350
114.19	10950	336	1350
114.192	10951	338	1350
114.205	10952	335	1350
114.207	10953	338	1350
114.227	10954	342	1350
114.229	10955	344	1350
114.24	10956	340	1350
114.243	10957	342	1350
114.262	10958	346	1350
114.265	10959	348	1350
114.276	10960	343	1350
114.278	10961	345	1350
114.293	10962	345	1350
114.296	10963	347	1350
114.311	10964	347	1350
114.313	10965	350	1350
114.329	10966	349	1350
114.331	10967	351	1350
114.349	10968	353	1350
114.351	10969	355	1350
114.366	10970	356	1350
114.368	10971	358	1350
114.379	10972	353	1350
114.382	10973	355	1350
114.393	10974	350	1350
114.395	10975	352	1350
114.415	10976	357	1350
114.417	10977	359	1350
114.432	10978	359	1350
114.435	10979	361	1350
114.446	10980	356	1350
114.448	10981	358	1350
114.468	10982	362	1350
114.47	10983	364	1350
114.481	10984	360	1350
114.483	10985	363	1350
114.494	10986	359	1350
114.496	10987	361	1350
114.512	10988	362	1350
114.514	10989	365	1350
114.521	10990	359	1350
114.523	10991	361	1350
114.538	10992	364	1350
114.541	10993	366	1350
114.552	10994	365	1350
114.554	10995	367	1350
114.565	10996	365	1350
114.567	10997	368	1350
114.587	10998	373	1350
114.589	10999	376	1350
114.598	11000	373	1350
114.6	11001	375	1350
114.616	11002	369	1350
114.618	11003	371	1350
114.633	11004	375	1350
114.651	11005	379	1350
114.653	11006	381	1350
114.662	11007	377	1350
114.664	11008	379	1350
114.675	11009	376	1350
114.678	11010	378	1350
114.689	11011	377	1350
114.702	11012	371	1350
114.704	11013	373	1350
114.719	11014	377	1350
114.722	11015	379	1350
114.737	11016	372	1350
114.739	11017	374	1350
114.764	11018	377	1350
114.766	11019	379	1350
114.781	11020	374	1350
114.783	11021	376	1350
114.803	11022	375	1350
114.806	11023	377	1350
114.825	11024	376	1350
114.828	11025	378	1350
114.848	11026	377	1350
114.85	11027	379	1350
114.867	11028	376	1350
114.87	11029	378	1350
114.885	11030	374	1350
114.887	11031	376	1350
114.903	11032	370	1350
114.905	11033	372	1350
114.929	11034	376	1350
114.931	11035	378	1350
114.942	11036	368	1350
114.945	11037	370	1350
114.965	11038	374	1350
114.967	11039	376	1350
114.98	11040	373	1350
114.982	11041	376	1350
114.993	11042	372	1350
114.995	11043	374	1350
115.011	11044	374	1350
115.013	11045	377	1350
115.024	11046	371	1350
115.026	11047	373	1350
115.046	11048	378	1350
115.048	11049	380	1350
115.055	11050	371	1350
115.057	11051	373	1350
115.073	11052	372	1350
115.075	11053	374	1350
115.09	11054	374	1350
115.093	11055	376	1350
115.104	11056	372	1350
115.106	11057	374	1350
115.119	11058	372	1350
115.121	11059	374	1350
115.141	11060	378	1350
115.143	11061	380	1350
115.152	11062	374	1350
115.154	11063	376	1350
115.17	11064	375	1350
115.172	11065	378	1350
115.188	11066	377	1350
115.19	11067	379	1350
115.196	11068	371	1350
115.199	11069	373	1350
115.214	11070	373	1350
115.216	11071	375	1350
115.225	11072	368	1350
115.227	11073	370	1350
115.238	11074	365	1350
115.241	11075	367	1350
115.256	11076	367	1350
115.258	11077	370	1350
115.274	11078	369	1350
115.276	11079	371	1350
115.291	11080	371	1350
115.294	11081	373	1350
115.305	11082	369	1350
115.307	11083	371	1350
115.322	11084	371	1350
115.324	11085	373	1350
115.34	11086	367	1350
115.342	11087	370	1350
115.358	11088	369	1350
115.36	11089	371	1350
115.382	11090	371	1350
115.384	11091	374	1350
115.4	11092	374	1350
115.402	11093	376	1350
115.417	11094	373	1350
115.419	11095	375	1350
115.435	11096	374	1350
115.437	11097	377	1350
115.466	11098	376	1350
115.468	11099	378	1350
115.486	11100	380	1350
115.488	11101	382	1350
115.499	11102	377	1350
115.501	11103	380	1350
115.512	11104	376	1350
115.514	11105	378	1350
115.525	11106	373	1350
115.528	11107	375	1350
115.547	11108	379	1350
115.55	11109	381	1350
115.556	11110	373	1350
115.558	11111	375	1350
115.578	11112	379	1350
115.581	11113	381	1350
115.592	11114	376	1350
115.594	11115	378	1350
115.605	11116	373	1350
115.607	11117	376	1350
115.618	11118	372	1350
115.62	11119	374	1350
115.636	11120	373	1350
115.638	11121	375	1350
115.651	11122	374	1350
115.653	11123	376	1350
115.664	11124	371	1350
115.667	11125	373	1350
115.682	11126	370	1350
115.684	11127	372	1350
115.691	11128	362	1350
115.693	11129	365	1350
115.704	11130	360	1350
115.706	11131	362	1350
115.722	11132	362	1350
115.724	11133	365	1350
115.737	11134	362	1350
115.74	11135	364	1350
115.753	11136	361	1350
115.755	11137	364	1350
115.77	11138	364	1350
115.773	11139	366	1350
115.779	11140	357	1350
115.782	11141	359	1350
115.797	11142	358	1350
115.799	11143	361	1350
115.81	11144	357	1350
115.812	11145	359	1350
115.832	11146	363	1350
115.834	11147	365	1350
115.841	11148	356	1350
115.843	11149	358	1350
115.868	11150	361	1350
115.87	11151	363	1350
115.885	11152	363	1350
115.887	11153	365	1350
115.901	11154	358	1350
115.903	11155	360	1350
115.918	11156	361	1350
115.921	11157	363	1350
115.945	11158	354	1350
115.947	11159	357	1350
115.963	11160	356	1350
115.965	11161	358	1350
115.978	11162	355	1350
115.98	11163	357	1350
115.996	11164	356	1350
115.998	11165	358	1350
116.013	11166	358	1350
116.016	11167	360	1350
116.031	11168	360	1350
116.033	11169	362	1350
116.04	11170	353	1350
116.042	11171	356	1350
116.058	11172	355	1350
116.06	11173	357	1350
116.075	11174	357	1350
116.077	11175	359	1350
116.093	11176	359	1350
116.095	11177	362	1350
116.113	11178	363	1350
116.115	11179	365	1350
116.126	11180	360	1350
116.128	11181	363	1350
116.146	11182	365	1350
116.148	11183	368	1350
116.163	11184	367	1350
116.166	11185	369	1350
116.177	11186	364	1350
116.179	11187	366	1350
116.194	11188	366	1350
116.197	11189	368	1350
116.208	11190	364	1350
116.21	11191	366	1350
116.225	11192	366	1350
116.228	11193	368	1350
116.243	11194	367	1350
116.245	11195	370	1350
116.261	11196	370	1350
116.263	11197	372	1350
116.274	11198	370	1350
116.276	11199	373	1350
116.289	11200	374	1350
116.292	11201	376	1350
116.303	11202	374	1350
116.305	11203	376	1350
116.316	11204	374	1350
116.318	11205	377	1350
116.334	11206	380	1350
116.336	11207	382	1350
116.342	11208	376	1350
116.345	11209	378	1350
116.369	11210	376	1350
116.371	11211	379	1350
116.382	11212	377	1350
116.384	11213	379	1350
116.398	11214	380	1350
116.4	11215	382	1350
116.422	11216	378	1350
116.424	11217	381	1350
116.444	11218	374	1350
116.446	11219	377	1350
116.462	11220	379	1350
116.464	11221	381	1350
116.479	11222	376	1350
116.481	11223	378	1350
116.497	11224	372	1350
116.499	11225	375	1350
116.515	11226	370	1350
116.517	11227	372	1350
116.537	11228	372	1350
116.539	11229	374	1350
116.559	11230	372	1350
116.561	11231	374	1350
116.581	11232	373	1350
116.583	11233	376	1350
116.598	11234	370	1350
116.601	11235	372	1350
116.618	11236	369	1350
116.621	11237	371	1350
116.636	11238	365	1350
116.638	11239	368	1350
116.66	11240	369	1350
116.662	11241	371	1350
116.678	11242	365	1350
116.68	11243	368	1350
116.696	11244	363	1350
116.698	11245	365	1350
116.713	11246	364	1350
116.715	11247	366	1350
116.731	11248	366	1350
116.733	11249	369	1350
116.744	11250	364	1350
116.746	11251	366	1350
116.762	11252	365	1350
116.764	11253	368	1350
116.775	11254	364	1350
116.777	11255	366	1350
116.793	11256	365	1350
116.795	11257	367	1350
116.806	11258	363	1350
116.808	11259	365	1350
116.824	11260	365	1350
116.826	11261	367	1350
116.837	11262	362	1350
116.839	11263	365	1350
116.857	11264	366	1350
116.859	11265	369	1350
116.87	11266	364	1350
116.872	11267	366	1350
116.886	11268	364	1350
116.888	11269	366	1350
116.903	11270	366	1350
116.905	11271	368	1350
116.919	11272	365	1350
116.921	11273	367	1350
116.936	11274	368	1350
116.938	11275	370	1350
116.95	11276	365	1350
116.952	11277	367	1350
116.967	11278	367	1350
116.969	11279	369	1350
116.985	11280	369	1350
116.987	11281	372	1350
117.003	11282	371	1350
117.005	11283	373	1350
117.02	11284	373	1350
117.022	11285	375	1350
117.029	11286	366	1350
117.031	11287	368	1350
117.047	11288	368	1350
117.049	11289	370	1350
117.064	11290	370	1350
117.067	11291	372	1350
117.086	11292	376	1350
117.089	11293	378	1350
117.1	11294	374	1350
117.102	11295	376	1350
117.117	11296	376	1350
117.124	11297	378	1350
117.126	11298	381	1350
117.142	11299	376	1350
117.159	11300	374	1350
117.162	11301	376	1350
117.173	11302	371	1350
117.175	11303	373	1350
117.199	11304	379	1350
117.201	11305	381	1350
117.214	11306	378	1350
117.217	11307	380	1350
117.241	11308	384	1350
117.243	11309	387	1350
117.252	11310	381	1350
117.254	11311	383	1350
117.265	11312	379	1350
117.267	11313	381	1350
117.283	11314	379	1350
117.285	11315	382	1350
117.296	11316	379	1350
117.298	11317	381	1350
117.314	11318	379	1350
117.316	11319	382	1350
117.327	11320	377	1350
117.329	11321	379	1350
117.343	11322	377	1350
117.345	11323	379	1350
117.365	11324	383	1350
117.367	11325	385	1350
117.373	11326	376	1350
117.376	11327	378	1350
117.391	11328	378	1350
117.393	11329	380	1350
117.409	11330	380	1350
117.411	11331	383	1350
117.422	11332	379	1350
117.424	11333	381	1350
117.435	11334	375	1350
117.438	11335	377	1350
117.453	11336	376	1350
117.455	11337	379	1350
117.466	11338	375	1350
117.468	11339	377	1350
117.484	11340	374	1350
117.486	11341	377	1350
117.497	11342	372	1350
117.499	11343	374	1350
117.515	11344	369	1350
117.517	11345	371	1350
117.524	11346	363	1350
117.526	11347	365	1350
117.541	11348	365	1350
117.543	11349	367	1350
117.555	11350	362	1350
117.557	11351	364	1350
117.572	11352	361	1350
117.574	11353	363	1350
117.585	11354	358	1350
117.588	11355	360	1350
117.603	11356	361	1350
117.605	11357	363	1350
117.623	11358	364	1350
117.625	11359	367	1350
117.641	11360	356	1350
117.643	11361	358	1350
117.656	11362	356	1350
117.658	11363	358	1350
117.683	11364	358	1350
117.685	11365	360	1350
117.7	11366	361	1350
117.702	11367	363	1350
117.727	11368	360	1350
117.729	11369	362	1350
117.738	11370	356	1350
117.74	11371	358	1350
117.751	11372	354	1350
117.753	11373	356	1350
117.773	11374	360	1350
117.775	11375	362	1350
117.786	11376	358	1350
117.789	11377	360	1350
117.808	11378	364	1350
117.811	11379	366	1350
117.819	11380	359	1350
117.822	11381	361	1350
117.837	11382	362	1350
117.839	11383	364	1350
117.855	11384	363	1350
117.857	11385	366	1350
117.87	11386	363	1350
117.872	11387	365	1350
117.89	11388	367	1350
117.892	11389	369	1350
117.903	11390	365	1350
117.906	11391	367	1350
117.921	11392	367	1350
117.923	11393	369	1350
117.941	11394	370	1350
117.943	11395	373	1350
117.959	11396	373	1350
117.961	11397	375	1350
117.976	11398	375	1350
117.978	11399	377	1350
117.99	11400	372	1350
117.992	11401	374	1350
118.007	11402	375	1350
118.009	11403	377	1350
118.025	11404	376	1350
118.027	11405	379	1350
118.042	11406	378	1350
118.045	11407	380	1350
118.06	11408	380	1350
118.062	11409	382	1350
118.069	11410	376	1350
118.071	11411	379	1350
118.084	11412	379	1350
118.087	11413	381	1350
118.098	11414	380	1350
118.1	11415	382	1350
118.111	11416	380	1350
118.113	11417	383	1350
118.129	11418	385	1350
118.131	11419	387	1350
118.148	11420	383	1350
118.151	11421	385	1350
118.16	11422	381	1350
118.162	11423	383	1350
118.188	11424	381	1350
118.19	11425	383	1350
118.206	11426	385	1350
118.208	11427	388	1350
118.232	11428	381	1350
118.235	11429	383	1350
118.246	11430	381	1350
118.248	11431	383	1350
118.259	11432	381	1350
118.261	11433	383	1350
118.263	11434	385	1350
118.288	11435	383	1350
118.294	11436	383	1350
118.296	11437	385	1350
118.316	11438	380	1350
118.318	11439	382	1350
118.345	11440	387	1350
118.358	11442	380	1350
118.36	11443	382	1350
118.374	11444	374	1350
118.376	11445	376	1350
118.4	11446	380	1350
118.402	11447	382	1350
118.42	11448	379	1350
118.422	11449	381	1350
118.438	11450	375	1350
118.44	11451	377	1350
118.458	11452	374	1350
118.46	11453	376	1350
118.475	11454	376	1350
118.477	11455	378	1350
118.493	11456	378	1350
118.495	11457	381	1350
118.508	11458	377	1350
118.511	11459	379	1350
118.526	11460	379	1350
118.528	11461	381	1350
118.539	11462	377	1350
118.542	11463	379	1350
118.557	11464	378	1350
118.559	11465	381	1350
118.57	11466	376	1350
118.572	11467	378	1350
118.592	11468	382	1350
118.594	11469	384	1350
118.603	11470	377	1350
118.606	11471	379	1350
118.617	11472	375	1350
118.619	11473	377	1350
118.632	11474	375	1350
118.634	11475	377	1350
118.654	11476	381	1350
118.656	11477	383	1350
118.665	11478	376	1350
118.667	11479	378	1350
118.678	11480	373	1350
118.681	11481	375	1350
118.694	11482	372	1350
118.696	11483	375	1350
118.712	11484	375	1350
118.714	11485	377	1350
118.729	11486	377	1350
118.731	11487	379	1350
118.747	11488	378	1350
118.749	11489	381	1350
118.765	11490	381	1350
118.767	11491	383	1350
118.778	11492	377	1350
118.78	11493	379	1350
118.795	11494	380	1350
118.798	11495	382	1350
118.809	11496	377	1350
118.811	11497	379	1350
118.829	11498	381	1350
118.831	11499	383	1350
118.846	11500	383	1350
118.848	11501	385	1350
118.862	11502	382	1350
118.864	11503	384	1350
118.906	11504	380	1350
118.908	11505	383	1350
118.919	11506	378	1350
118.921	11507	380	1350
118.948	11508	385	1350
118.95	11509	387	1350
118.963	11510	385	1350
118.965	11511	387	1350
118.981	11512	380	1350
118.983	11513	383	1350
119.001	11514	384	1350
119.003	11515	386	1350
119.014	11516	381	1350
119.016	11517	383	1350
119.034	11518	384	1350
119.036	11519	387	1350
119.047	11520	383	1350
119.049	11521	385	1350
119.065	11522	384	1350
119.067	11523	387	1350
119.078	11524	382	1350
119.08	11525	384	1350
119.096	11526	383	1350
119.098	11527	385	1350
119.113	11528	385	1350
119.116	11529	387	1350
119.129	11530	384	1350
119.131	11531	387	1350
119.144	11532	384	1350
119.146	11533	386	1350
119.162	11534	386	1350
119.164	11535	389	1350
119.177	11536	386	1350
119.18	11537	388	1350
119.191	11538	383	1350
119.193	11539	385	1350
119.206	11540	383	1350
119.208	11541	385	1350
119.222	11542	382	1350
119.224	11543	384	1350
119.235	11544	380	1350
119.237	11545	383	1350
119.252	11546	382	1350
119.255	11547	384	1350
119.266	11548	376	1350
119.268	11549	378	1350
119.281	11550	376	1350
119.283	11551	378	1350
119.297	11552	376	1350
119.299	11553	378	1350
119.305	11554	368	1350
119.308	11555	370	1350
119.328	11556	374	1350
119.33	11557	376	1350
119.343	11558	374	1350
119.345	11559	376	1350
119.356	11560	370	1350
119.358	11561	372	1350
119.37	11562	367	1350
119.372	11563	369	1350
119.392	11564	361	1350
119.394	11565	363	1350
119.414	11566	367	1350
119.416	11567	369	1350
119.438	11568	365	1350
119.44	11569	368	1350
119.447	11570	358	1350
119.449	11571	360	1350
119.464	11572	359	1350
119.467	11573	361	1350
119.487	11574	365	1350
119.489	11575	367	1350
119.504	11576	365	1350
119.506	11577	367	1350
119.522	11578	367	1350
119.524	11579	370	1350
119.544	11580	371	1350
119.546	11581	374	1350
119.562	11582	373	1350
119.564	11583	375	1350
119.57	11584	367	1350
119.573	11585	369	1350
119.588	11586	369	1350
119.59	11587	371	1350
119.61	11588	372	1350
119.612	11589	374	1350
119.623	11590	369	1350
119.626	11591	371	1350
119.641	11592	372	1350
119.643	11593	374	1350
119.657	11594	371	1350
119.659	11595	373	1350
119.674	11596	372	1350
119.676	11597	374	1350
119.692	11598	373	1350
119.694	11599	376	1350
119.71	11600	375	1350
119.712	11601	377	1350
119.723	11602	373	1350
119.725	11603	375	1350
119.732	11604	366	1350
119.734	11605	368	1350
119.747	11606	366	1350
119.749	11607	368	1350
119.76	11608	363	1350
119.763	11609	365	1350
119.778	11610	364	1350
119.78	11611	367	1350
119.791	11612	362	1350
119.793	11613	364	1350
119.809	11614	364	1350
119.811	11615	367	1350
119.822	11616	365	1350
119.824	11617	367	1350
119.835	11618	365	1350
119.86	11619	365	1350
119.862	11620	367	1350
119.873	11621	365	1350
119.875	11622	368	1350
119.906	11623	368	1350
119.908	11624	370	1350
119.919	11625	368	1350
119.939	11626	374	1350
119.941	11627	376	1350
119.95	11628	372	1350
119.952	11629	374	1350
119.968	11630	376	1350
119.97	11631	379	1350
119.981	11632	377	1350
120.005	11633	376	1350
120.008	11634	378	1350
120.023	11635	381	1350
120.025	11636	383	1350
120.05	11637	380	1350
120.052	11638	382	1350
120.067	11639	377	1350
120.069	11640	379	1350
120.089	11641	377	1350
120.092	11642	379	1350
120.109	11643	375	1350
120.111	11644	377	1350
120.136	11645	379	1350
120.138	11646	381	1350
120.158	11647	379	1350
120.16	11648	381	1350
120.18	11649	379	1350
120.182	11650	382	1350
120.198	11651	375	1350
120.2	11652	377	1350
120.224	11653	379	1350
120.226	11654	382	1350
120.244	11655	377	1350
120.246	11656	380	1350
120.266	11657	377	1350
120.268	11658	380	1350
120.281	11659	371	1350
120.284	11660	373	1350
120.299	11661	373	1350
120.301	11662	375	1350
120.317	11663	373	1350
120.319	11664	375	1350
120.332	11665	373	1350
120.334	11666	375	1350
120.352	11667	376	1350
120.354	11668	378	1350
120.372	11669	379	1350
120.374	11670	382	1350
120.385	11671	377	1350
120.387	11672	379	1350
120.403	11673	377	1350
120.405	11674	380	1350
120.425	11675	383	1350
120.427	11676	386	1350
120.443	11677	384	1350
120.445	11678	386	1350
120.46	11679	386	1350
120.462	11680	388	1350
120.476	11681	384	1350
120.478	11682	386	1350
120.487	11683	379	1350
120.489	11684	381	1350
120.504	11685	381	1350
120.507	11686	383	1350
120.522	11687	382	1350
120.524	11688	384	1350
120.54	11689	383	1350
120.542	11690	385	1350
120.557	11691	384	1350
120.56	11692	386	1350
120.836	11693	206	1350
120.849	11694	184	1350
120.856	11695	182	1350
120.858	11696	176	1350
120.864	11697	175	1350
121.063	11698	102	1350
121.065	11699	105	1350
121.082	11700	105	1350
121.084	11701	107	1350
121.096	11702	102	1350
121.098	11703	105	1350
121.113	11704	102	1350
121.115	11705	105	1350
121.132	11706	106	1350
121.135	11707	108	1350
121.145	11708	103	1350
121.147	11709	105	1350
121.162	11710	102	1350
121.164	11711	104	1350
121.178	11712	103	1350
121.18	11713	105	1350
121.2	11714	108	1350
121.202	11715	110	1350
121.218	11716	109	1350
121.22	11717	111	1350
121.24	11718	114	1350
121.242	11719	117	1350
121.262	11720	120	1350
121.264	11721	123	1350
121.284	11722	126	1350
121.286	11723	128	1350
121.311	11724	136	1350
121.313	11725	138	1350
121.333	11726	142	1350
121.335	11727	144	1350
121.35	11728	143	1350
121.352	11729	145	1350
121.372	11730	149	1350
121.375	11731	151	1350
121.399	11732	158	1350
121.401	11733	161	1350
121.421	11734	164	1350
121.423	11735	167	1350
121.447	11736	174	1350
121.45	11737	176	1350
121.47	11738	180	1350
121.472	11739	182	1350
121.492	11740	185	1350
121.494	11741	187	1350
121.514	11742	191	1350
121.516	11743	193	1350
121.536	11744	196	1350
121.538	11745	198	1350
121.553	11746	198	1350
121.556	11747	200	1350
121.575	11748	204	1350
121.578	11749	206	1350
121.593	11750	205	1350
121.595	11751	207	1350
121.62	11752	215	1350
121.622	11753	217	1350
121.628	11754	207	1350
121.631	11755	209	1350
121.655	11756	217	1350
121.657	11757	220	1350
121.673	11758	218	1350
121.675	11759	220	1350
121.697	11760	226	1350
121.699	11761	229	1350
121.715	11762	227	1350
121.717	11763	229	1350
121.732	11764	229	1350
121.734	11765	231	1350
121.754	11766	235	1350
121.757	11767	237	1350
121.772	11768	235	1350
121.774	11769	238	1350
121.798	11770	246	1350
121.801	11771	248	1350
121.816	11772	247	1350
121.818	11773	249	1350
121.838	11774	253	1350
121.84	11775	255	1350
121.851	11776	249	1350
121.854	11777	251	1350
121.874	11778	255	1350
121.876	11779	257	1350
121.896	11780	260	1350
121.898	11781	262	1350
121.913	11782	262	1350
121.916	11783	264	1350
121.935	11784	268	1350
121.938	11785	270	1350
121.953	11786	269	1350
121.955	11787	271	1350
121.971	11788	270	1350
121.973	11789	272	1350
121.986	11790	269	1350
121.988	11791	271	1350
122.008	11792	275	1350
122.01	11793	277	1350
122.026	11794	275	1350
122.028	11795	278	1350
122.048	11796	281	1350
122.05	11797	284	1350
122.061	11798	278	1350
122.063	11799	280	1350
122.083	11800	284	1350
122.086	11801	286	1350
122.105	11802	290	1350
122.108	11803	292	1350
122.121	11804	288	1350
122.123	11805	291	1350
122.139	11806	290	1350
122.141	11807	292	1350
122.161	11808	295	1350
122.163	11809	297	1350
122.174	11810	292	1350
122.176	11811	295	1350
122.192	11812	293	1350
122.194	11813	295	1350
122.214	11814	302	1350
122.216	11815	304	1350
122.227	11816	303	1350
122.229	11817	306	1350
122.245	11818	307	1350
122.247	11819	309	1350
122.258	11820	307	1350
122.26	11821	309	1350
122.275	11822	312	1350
122.278	11823	314	1350
122.289	11824	311	1350
122.291	11825	313	1350
122.311	11826	320	1350
122.313	11827	322	1350
122.324	11828	320	1350
122.326	11829	323	1350
122.342	11830	325	1350
122.344	11831	327	1350
122.359	11832	330	1350
122.362	11833	332	1350
122.379	11834	337	1350
122.381	11835	339	1350
122.397	11836	340	1350
122.399	11837	343	1350
122.41	11838	341	1350
122.412	11839	343	1350
122.432	11840	350	1350
122.434	11841	352	1350
122.445	11842	350	1350
122.448	11843	352	1350
122.463	11844	355	1350
122.465	11845	357	1350
122.481	11846	359	1350
122.483	11847	361	1350
122.505	11848	362	1350
122.507	11849	364	1350
122.527	11850	362	1350
122.529	11851	364	1350
122.554	11852	366	1350
122.556	11853	368	1350
122.58	11854	371	1350
122.582	11855	373	1350
122.607	11856	375	1350
122.609	11857	377	1350
122.618	11858	364	1350
122.62	11859	366	1350
122.644	11860	369	1350
122.646	11861	371	1350
122.662	11862	364	1350
122.664	11863	367	1350
122.684	11864	364	1350
122.686	11865	367	1350
122.706	11866	364	1350
122.708	11867	367	1350
122.715	11868	357	1350
122.717	11869	360	1350
122.728	11870	354	1350
122.73	11871	356	1350
122.75	11872	360	1350
122.752	11873	362	1350
122.759	11874	351	1350
122.761	11875	354	1350
122.781	11876	358	1350
122.783	11877	360	1350
122.794	11878	355	1350
122.797	11879	357	1350
122.812	11880	355	1350
122.814	11881	358	1350
122.834	11882	362	1350
122.836	11883	364	1350
122.852	11884	362	1350
122.854	11885	364	1350
122.869	11886	364	1350
122.872	11887	366	1350
122.883	11888	360	1350
122.885	11889	362	1350
122.896	11890	357	1350
122.898	11891	360	1350
122.918	11892	362	1350
122.92	11893	365	1350
122.933	11894	363	1350
122.936	11895	365	1350
122.951	11896	364	1350
122.953	11897	366	1350
122.969	11898	364	1350
122.971	11899	366	1350
122.982	11900	361	1350
122.984	11901	364	1350
123	11902	362	1350
123.002	11903	364	1350
123.022	11904	368	1350
123.024	11905	370	1350
123.039	11906	369	1350
123.042	11907	371	1350
123.057	11908	371	1350
123.059	11909	373	1350
123.075	11910	371	1350
123.077	11911	371	1350
123.079	11912	374	1350
123.103	11913	372	1350
123.106	11914	374	1350
123.126	11915	377	1350
123.128	11916	379	1350
123.148	11917	378	1350
123.15	11918	380	1350
123.165	11919	379	1350
123.167	11920	381	1350
123.185	11921	377	1350
123.187	11922	379	1350
123.203	11923	377	1350
123.205	11924	379	1350
123.22	11925	378	1350
123.223	11926	380	1350
123.238	11927	379	1350
123.24	11928	381	1350
123.26	11929	385	1350
123.262	11930	387	1350
123.278	11931	385	1350
123.28	11932	388	1350
123.291	11933	382	1350
123.293	11934	384	1350
123.304	11935	378	1350
123.307	11936	380	1350
123.322	11937	379	1350
123.324	11938	381	1350
123.344	11939	384	1350
123.346	11940	386	1350
123.362	11941	385	1350
123.364	11942	387	1350
123.377	11943	384	1350
123.379	11944	386	1350
123.395	11945	384	1350
123.397	11946	387	1350
123.408	11947	381	1350
123.41	11948	383	1350
123.426	11949	381	1350
123.428	11950	383	1350
123.441	11951	381	1350
123.443	11952	383	1350
123.459	11953	381	1350
123.461	11954	384	1350
123.477	11955	382	1350
123.479	11956	384	1350
123.494	11957	383	1350
123.496	11958	385	1350
123.512	11959	383	1350
123.514	11960	386	1350
123.534	11961	387	1350
123.549	11963	386	1350
123.552	11964	388	1350
123.567	11965	385	1350
123.569	11966	387	1350
123.585	11967	386	1350
123.587	11968	388	1350
123.598	11969	383	1350
123.609	11970	381	1350
123.611	11971	383	1350
123.631	11972	386	1350
123.633	11973	388	1350
123.658	11974	385	1350
123.66	11975	387	1350
123.673	11976	384	1350
123.675	11977	386	1350
123.693	11978	382	1350
123.695	11979	385	1350
123.711	11980	383	1350
123.713	11981	385	1350
123.728	11982	383	1350
123.73	11983	385	1350
123.748	11984	386	1350
123.75	11985	388	1350
123.768	11986	383	1350
123.77	11987	385	1350
123.786	11988	383	1350
123.788	11989	385	1350
123.801	11990	383	1350
123.803	11991	385	1350
123.819	11992	383	1350
123.821	11993	386	1350
123.832	11994	380	1350
123.834	11995	382	1350
123.85	11996	380	1350
123.852	11997	382	1350
123.87	11998	383	1350
123.872	11999	385	1350
123.885	12000	382	1350
123.887	12001	384	1350
123.903	12002	383	1350
123.905	12003	385	1350
123.912	12004	374	1350
123.914	12005	376	1350
123.929	12006	375	1350
123.931	12007	377	1350
123.942	12008	372	1350
123.945	12009	374	1350
123.96	12010	373	1350
123.962	12011	375	1350
123.978	12012	373	1350
123.98	12013	375	1350
123.995	12014	374	1350
123.998	12015	376	1350
124.011	12016	373	1350
124.013	12017	376	1350
124.024	12018	370	1350
124.026	12019	372	1350
124.046	12020	375	1350
124.048	12021	377	1350
124.079	12022	370	1350
124.082	12023	372	1350
124.093	12024	369	1350
124.095	12025	371	1350
124.108	12026	372	1350
124.11	12027	374	1350
124.117	12028	366	1350
124.15	12029	368	1350
124.152	12030	370	1350
124.165	12031	369	1350
124.168	12032	371	1350
124.188	12033	369	1350
124.19	12034	371	1350
124.201	12035	369	1350
124.203	12036	372	1350
124.221	12037	367	1350
124.223	12038	369	1350
124.238	12039	372	1350
124.241	12040	374	1350
124.265	12041	371	1350
124.267	12042	374	1350
124.278	12043	372	1350
124.28	12044	374	1350
124.291	12045	365	1350
124.294	12046	367	1350
124.316	12047	367	1350
124.318	12048	369	1350
124.34	12049	368	1350
124.342	12050	371	1350
124.36	12051	366	1350
124.362	12052	368	1350
124.373	12053	358	1350
124.375	12054	360	1350
124.393	12055	354	1350
124.395	12056	357	1350
124.411	12057	350	1350
124.413	12058	352	1350
124.428	12059	346	1350
124.43	12060	348	1350
124.446	12061	340	1350
124.448	12062	343	1350
124.466	12063	338	1350
124.468	12064	340	1350
124.479	12065	330	1350
124.481	12066	332	1350
124.503	12067	336	1350
124.506	12068	338	1350
124.517	12069	332	1350
124.519	12070	334	1350
124.534	12071	332	1350
124.536	12072	334	1350
124.547	12073	328	1350
124.55	12074	330	1350
124.563	12075	325	1350
124.565	12076	328	1350
124.581	12077	326	1350
124.583	12078	328	1350
124.603	12079	331	1350
124.605	12080	333	1350
124.62	12081	331	1350
124.623	12082	333	1350
124.638	12083	331	1350
124.64	12084	334	1350
124.658	12085	333	1350
124.66	12086	336	1350
124.676	12087	334	1350
124.678	12088	336	1350
124.695	12089	337	1350
124.698	12090	339	1350
124.713	12091	337	1350
124.715	12092	339	1350
124.735	12093	342	1350
124.737	12094	344	1350
124.748	12095	338	1350
124.751	12096	340	1350
124.766	12097	338	1350
124.768	12098	340	1350
124.784	12099	338	1350
124.786	12100	340	1350
124.804	12101	340	1350
124.806	12102	342	1350
124.821	12103	341	1350
124.823	12104	343	1350
124.841	12105	344	1350
124.843	12106	346	1350
124.859	12107	343	1350
124.861	12108	345	1350
124.879	12109	346	1350
124.881	12110	348	1350
124.896	12111	346	1350
124.899	12112	348	1350
124.914	12113	346	1350
124.916	12114	349	1350
124.932	12115	347	1350
124.934	12116	349	1350
124.954	12117	351	1350
124.956	12118	353	1350
124.971	12119	352	1350
124.974	12120	354	1350
124.989	12121	352	1350
124.991	12122	354	1350
125.011	12123	357	1350
125.013	12124	359	1350
125.027	12125	355	1350
125.029	12126	357	1350
125.042	12127	353	1350
125.044	12128	355	1350
125.06	12129	353	1350
125.062	12130	355	1350
125.082	12131	358	1350
125.084	12132	360	1350
125.099	12133	358	1350
125.102	12134	360	1350
125.117	12135	359	1350
125.119	12136	361	1350
125.135	12137	358	1350
125.137	12138	360	1350
125.155	12139	361	1350
125.157	12140	363	1350
125.172	12141	362	1350
125.175	12142	364	1350
125.192	12143	364	1350
125.194	12144	366	1350
125.21	12145	364	1350
125.212	12146	367	1350
125.228	12147	364	1350
125.23	12148	366	1350
125.247	12149	367	1350
125.25	12150	369	1350
125.265	12151	368	1350
125.267	12152	370	1350
125.283	12153	367	1350
125.285	12154	369	1350
125.3	12155	368	1350
125.303	12156	370	1350
125.318	12157	368	1350
125.32	12158	370	1350
125.34	12159	373	1350
125.342	12160	375	1350
125.353	12161	370	1350
125.356	12162	372	1350
125.375	12163	373	1350
125.378	12164	375	1350
125.393	12165	374	1350
125.395	12166	374	1350
125.398	12167	376	1350
125.415	12168	370	1350
125.417	12169	372	1350
125.437	12170	374	1350
125.439	12171	376	1350
125.455	12172	374	1350
125.457	12173	377	1350
125.473	12174	375	1350
125.475	12175	377	1350
125.495	12176	379	1350
125.497	12177	381	1350
125.512	12178	376	1350
125.515	12179	378	1350
125.532	12180	379	1350
125.534	12181	381	1350
125.55	12182	378	1350
125.552	12183	381	1350
125.568	12184	379	1350
125.57	12185	381	1350
125.59	12186	383	1350
125.592	12187	385	1350
125.607	12188	383	1350
125.61	12189	385	1350
125.625	12190	382	1350
125.627	12191	385	1350
125.643	12192	383	1350
125.645	12193	385	1350
125.662	12194	383	1350
125.665	12195	385	1350
125.685	12196	387	1350
125.7	12198	383	1350
125.702	12199	385	1350
125.707	12200	372	1350
125.709	12201	374	1350
125.724	12202	372	1350
125.727	12203	374	1350
125.74	12204	370	1350
125.742	12205	372	1350
125.762	12206	371	1350
125.764	12207	374	1350
125.775	12208	368	1350
125.777	12209	370	1350
125.793	12210	367	1350
125.795	12211	369	1350
125.81	12212	368	1350
125.813	12213	370	1350
125.833	12214	367	1350
125.835	12215	369	1350
125.846	12216	363	1350
125.848	12217	365	1350
125.868	12218	367	1350
125.87	12219	370	1350
125.886	12220	371	1350
125.888	12221	373	1350
125.894	12222	366	1350
125.905	12223	365	1350
125.908	12224	367	1350
125.923	12225	369	1350
125.925	12226	371	1350
125.947	12227	367	1350
125.95	12228	369	1350
125.965	12229	371	1350
125.967	12230	374	1350
125.987	12231	368	1350
125.989	12232	370	1350
126.005	12233	371	1350
126.007	12234	373	1350
126.027	12235	369	1350
126.029	12236	372	1350
126.044	12237	373	1350
126.047	12238	375	1350
126.062	12239	370	1350
126.064	12240	372	1350
126.08	12241	373	1350
126.082	12242	376	1350
126.102	12243	369	1350
126.104	12244	372	1350
126.122	12245	366	1350
126.124	12246	368	1350
126.144	12247	365	1350
126.146	12248	368	1350
126.164	12249	362	1350
126.166	12250	364	1350
126.186	12251	360	1350
126.188	12252	362	1350
126.208	12253	358	1350
126.21	12254	361	1350
126.228	12255	355	1350
126.23	12256	357	1350
126.25	12257	354	1350
126.252	12258	357	1350
126.267	12259	349	1350
126.27	12260	351	1350
126.29	12261	347	1350
126.292	12262	349	1350
126.307	12263	342	1350
126.309	12264	344	1350
126.325	12265	342	1350
126.327	12266	345	1350
126.338	12267	338	1350
126.34	12268	340	1350
126.356	12269	338	1350
126.358	12270	341	1350
126.378	12271	343	1350
126.38	12272	346	1350
126.391	12273	339	1350
126.393	12274	341	1350
126.407	12275	337	1350
126.409	12276	339	1350
126.424	12277	337	1350
126.426	12278	339	1350
126.446	12279	342	1350
126.449	12280	344	1350
126.464	12281	342	1350
126.466	12282	345	1350
126.482	12283	342	1350
126.484	12284	344	1350
126.499	12285	343	1350
126.502	12286	345	1350
126.517	12287	343	1350
126.519	12288	346	1350
126.539	12289	348	1350
126.541	12290	350	1350
126.552	12291	344	1350
126.555	12292	346	1350
126.574	12293	348	1350
126.577	12294	350	1350
126.579	12295	352	1350
126.603	12296	351	1350
126.605	12297	353	1350
126.616	12298	348	1350
126.619	12299	350	1350
126.634	12300	347	1350
126.636	12301	349	1350
126.652	12302	347	1350
126.654	12303	349	1350
126.674	12304	352	1350
126.676	12305	354	1350
126.696	12306	356	1350
126.698	12307	359	1350
126.714	12308	357	1350
126.716	12309	359	1350
126.736	12310	362	1350
126.738	12311	364	1350
126.755	12312	364	1350
126.758	12313	366	1350
126.773	12314	365	1350
126.775	12315	367	1350
126.795	12316	369	1350
126.797	12317	371	1350
126.813	12318	369	1350
126.815	12319	372	1350
126.831	12320	370	1350
126.833	12321	372	1350
126.844	12322	365	1350
126.846	12323	367	1350
126.866	12324	370	1350
126.868	12325	373	1350
126.879	12326	366	1350
126.881	12327	368	1350
126.897	12328	366	1350
126.899	12329	368	1350
126.919	12330	371	1350
126.921	12331	374	1350
126.937	12332	371	1350
126.939	12333	373	1350
126.952	12334	369	1350
126.954	12335	372	1350
126.974	12336	375	1350
126.976	12337	377	1350
126.987	12338	370	1350
126.99	12339	372	1350
127.005	12340	370	1350
127.007	12341	373	1350
127.023	12342	370	1350
127.025	12343	372	1350
127.04	12344	371	1350
127.042	12345	373	1350
127.058	12346	371	1350
127.06	12347	374	1350
127.071	12348	368	1350
127.073	12349	370	1350
127.093	12350	372	1350
127.095	12351	374	1350
127.111	12352	371	1350
127.113	12353	374	1350
127.129	12354	372	1350
127.131	12355	371	1350
127.133	12356	374	1350
127.153	12357	370	1350
127.155	12358	373	1350
127.171	12359	371	1350
127.173	12360	373	1350
127.193	12361	375	1350
127.195	12362	377	1350
127.21	12363	372	1350
127.213	12364	374	1350
127.224	12365	368	1350
127.226	12366	370	1350
127.252	12367	372	1350
127.254	12368	374	1350
127.27	12369	372	1350
127.272	12370	375	1350
127.292	12371	371	1350
127.294	12372	374	1350
127.31	12373	372	1350
127.312	12374	374	1350
127.327	12375	372	1350
127.33	12376	374	1350
127.345	12377	371	1350
127.347	12378	374	1350
127.363	12379	372	1350
127.365	12380	374	1350
127.376	12381	367	1350
127.378	12382	370	1350
127.398	12383	372	1350
127.4	12384	375	1350
127.416	12385	372	1350
127.418	12386	374	1350
127.433	12387	372	1350
127.436	12388	374	1350
127.455	12389	377	1350
127.458	12390	379	1350
127.473	12391	374	1350
127.475	12392	376	1350
127.486	12393	370	1350
127.489	12394	372	1350
127.504	12395	370	1350
127.506	12396	373	1350
127.519	12397	368	1350
127.522	12398	370	1350
127.544	12399	375	1350
127.546	12400	377	1350
127.557	12401	370	1350
127.559	12402	373	1350
127.577	12403	373	1350
127.579	12404	376	1350
127.594	12405	374	1350
127.597	12406	376	1350
127.608	12407	369	1350
127.61	12408	371	1350
127.625	12409	370	1350
127.628	12410	372	1350
127.643	12411	370	1350
127.65	12412	372	1350
127.652	12413	374	1350
127.667	12414	368	1350
127.67	12415	370	1350
127.694	12416	376	1350
127.696	12417	379	1350
127.707	12418	372	1350
127.709	12419	374	1350
127.725	12420	372	1350
127.727	12421	374	1350
127.747	12422	369	1350
127.749	12423	372	1350
127.769	12424	377	1350
127.771	12425	380	1350
127.789	12426	371	1350
127.791	12427	374	1350
127.806	12428	376	1350
127.809	12429	378	1350
127.824	12430	372	1350
127.826	12431	374	1350
127.837	12432	371	1350
127.84	12433	373	1350
127.859	12434	372	1350
127.862	12435	374	1350
127.877	12436	376	1350
127.879	12437	378	1350
127.895	12438	371	1350
127.897	12439	373	1350
127.908	12440	372	1350
127.91	12441	374	1350
127.926	12442	367	1350
127.928	12443	369	1350
127.939	12444	366	1350
127.941	12445	369	1350
127.961	12446	363	1350
127.963	12447	365	1350
127.983	12448	362	1350
127.985	12449	364	1350
128.001	12450	356	1350
128.003	12451	358	1350
128.021	12452	353	1350
128.023	12453	355	1350
128.034	12454	343	1350
128.036	12455	346	1350
128.056	12456	341	1350
128.058	12457	344	1350
128.078	12458	341	1350
128.08	12459	343	1350
128.1	12460	340	1350
128.102	12461	342	1350
128.122	12462	339	1350
128.124	12463	341	1350
128.146	12464	340	1350
128.149	12465	342	1350
128.169	12466	339	1350
128.171	12467	341	1350
128.186	12468	339	1350
128.188	12469	341	1350
128.208	12470	344	1350
128.211	12471	346	1350
128.226	12472	343	1350
128.228	12473	346	1350
128.244	12474	344	1350
128.246	12475	346	1350
128.266	12476	349	1350
128.268	12477	351	1350
128.281	12478	347	1350
128.283	12479	349	1350
128.303	12480	352	1350
128.305	12481	354	1350
128.321	12482	351	1350
128.323	12483	354	1350
128.339	12484	352	1350
128.341	12485	354	1350
128.356	12486	353	1350
128.358	12487	355	1350
128.374	12488	352	1350
128.376	12489	355	1350
128.392	12490	353	1350
128.394	12491	355	1350
128.409	12492	353	1350
128.411	12493	355	1350
128.427	12494	353	1350
128.429	12495	356	1350
128.449	12496	358	1350
128.451	12497	361	1350
128.467	12498	358	1350
128.469	12499	360	1350
128.484	12500	359	1350
128.487	12501	361	1350
128.504	12502	362	1350
128.506	12503	364	1350
128.522	12504	361	1350
128.524	12505	364	1350
128.544	12506	366	1350
128.546	12507	369	1350
128.562	12508	366	1350
128.564	12509	368	1350
128.581	12510	369	1350
128.584	12511	371	1350
128.599	12512	370	1350
128.601	12513	372	1350
128.617	12514	369	1350
128.619	12515	372	1350
128.634	12516	370	1350
128.637	12517	372	1350
128.657	12518	374	1350
128.659	12519	376	1350
128.672	12520	372	1350
128.674	12521	375	1350
128.69	12522	373	1350
128.692	12523	375	1350
128.707	12524	373	1350
128.71	12525	375	1350
128.725	12526	373	1350
128.727	12527	376	1350
128.743	12528	373	1350
128.745	12529	375	1350
128.765	12530	378	1350
128.767	12531	376	1350
128.769	12532	379	1350
128.789	12533	377	1350
128.791	12534	379	1350
128.804	12535	375	1350
128.807	12536	377	1350
128.822	12537	375	1350
128.824	12538	377	1350
128.842	12539	379	1350
128.844	12540	381	1350
128.864	12541	382	1350
128.866	12542	384	1350
128.877	12543	378	1350
128.88	12544	380	1350
128.895	12545	379	1350
128.897	12546	381	1350
128.913	12547	378	1350
128.915	12548	380	1350
128.933	12549	381	1350
128.935	12550	383	1350
128.955	12551	380	1350
128.957	12552	382	1350
128.97	12553	379	1350
128.972	12554	381	1350
128.988	12555	378	1350
128.99	12556	380	1350
129.01	12557	383	1350
129.012	12558	386	1350
129.027	12559	381	1350
129.03	12560	383	1350
129.043	12561	378	1350
129.045	12562	381	1350
129.069	12563	383	1350
129.072	12564	385	1350
129.1	12565	376	1350
129.103	12566	378	1350
129.118	12567	376	1350
129.12	12568	378	1350
129.136	12569	376	1350
129.138	12570	378	1350
129.158	12571	380	1350
129.16	12572	382	1350
129.175	12573	378	1350
129.178	12574	380	1350
129.193	12575	379	1350
129.195	12576	381	1350
129.213	12577	380	1350
129.215	12578	383	1350
129.228	12579	378	1350
129.231	12580	380	1350
129.246	12581	379	1350
129.248	12582	381	1350
129.268	12583	382	1350
129.27	12584	384	1350
129.281	12585	377	1350
129.284	12586	379	1350
129.301	12587	379	1350
129.308	12588	378	1350
129.31	12589	381	1350
129.33	12590	380	1350
129.332	12591	383	1350
129.35	12592	382	1350
129.352	12593	385	1350
129.365	12594	380	1350
129.368	12595	382	1350
129.381	12596	378	1350
129.383	12597	380	1350
129.405	12598	385	1350
129.407	12599	387	1350
129.418	12600	380	1350
129.421	12601	382	1350
129.44	12602	384	1350
129.443	12603	386	1350
129.465	12604	385	1350
129.467	12605	387	1350
129.48	12606	383	1350
129.482	12607	385	1350
129.498	12608	382	1350
129.5	12609	384	1350
129.515	12610	382	1350
129.518	12611	384	1350
129.533	12612	381	1350
129.535	12613	383	1350
129.544	12614	378	1350
129.546	12615	380	1350
129.571	12616	376	1350
129.573	12617	378	1350
129.599	12618	374	1350
129.602	12619	376	1350
129.619	12620	380	1350
129.621	12621	382	1350
129.637	12622	376	1350
129.639	12623	379	1350
129.65	12624	375	1350
129.652	12625	377	1350
129.672	12626	372	1350
129.674	12627	374	1350
129.69	12628	375	1350
129.692	12629	378	1350
129.71	12630	371	1350
129.712	12631	373	1350
129.723	12632	371	1350
129.725	12633	373	1350
129.741	12634	369	1350
129.743	12635	371	1350
129.763	12636	367	1350
129.765	12637	369	1350
129.787	12638	369	1350
129.789	12639	371	1350
129.807	12640	364	1350
129.809	12641	367	1350
129.827	12642	360	1350
129.829	12643	362	1350
129.851	12644	361	1350
129.853	12645	363	1350
129.873	12646	359	1350
129.875	12647	361	1350
129.9	12648	361	1350
129.902	12649	363	1350
129.924	12650	361	1350
129.926	12651	364	1350
129.95	12652	364	1350
129.953	12653	366	1350
129.973	12654	363	1350
129.975	12655	365	1350
129.981	12656	354	1350
129.984	12657	356	1350
130.003	12658	358	1350
130.006	12659	360	1350
130.021	12660	358	1350
130.023	12661	360	1350
130.037	12662	355	1350
130.039	12663	357	1350
130.056	12664	357	1350
130.059	12665	359	1350
130.078	12666	361	1350
130.081	12667	363	1350
130.094	12668	358	1350
130.096	12669	361	1350
130.109	12670	356	1350
130.112	12671	358	1350
130.129	12672	358	1350
130.131	12673	360	1350
130.143	12674	354	1350
130.145	12675	356	1350
130.165	12676	358	1350
130.167	12677	360	1350
130.178	12678	353	1350
130.18	12679	356	1350
130.196	12680	353	1350
130.198	12681	355	1350
130.211	12682	350	1350
130.213	12683	353	1350
130.229	12684	350	1350
130.231	12685	352	1350
130.251	12686	354	1350
130.253	12687	356	1350
130.264	12688	349	1350
130.266	12689	352	1350
130.284	12690	351	1350
130.286	12691	354	1350
130.302	12692	351	1350
130.304	12693	353	1350
130.326	12694	358	1350
130.328	12695	360	1350
130.335	12696	349	1350
130.337	12697	351	1350
130.352	12698	349	1350
130.354	12699	351	1350
130.372	12700	351	1350
130.374	12701	353	1350
130.39	12702	350	1350
130.401	12703	351	1350
130.403	12704	354	1350
130.43	12705	354	1350
130.432	12706	356	1350
130.449	12707	356	1350
130.452	12708	358	1350
130.458	12709	347	1350
130.46	12710	349	1350
130.48	12711	351	1350
130.483	12712	353	1350
130.498	12713	352	1350
130.5	12714	354	1350
130.52	12715	355	1350
130.522	12716	357	1350
130.542	12717	360	1350
130.544	12718	362	1350
130.562	12719	362	1350
130.564	12720	364	1350
130.58	12721	360	1350
130.582	12722	362	1350
130.6	12723	363	1350
130.602	12724	365	1350
130.617	12725	363	1350
130.619	12726	365	1350
130.637	12727	365	1350
130.639	12728	367	1350
130.655	12729	365	1350
130.657	12730	367	1350
130.672	12731	364	1350
130.675	12732	366	1350
130.69	12733	364	1350
130.692	12734	366	1350
130.708	12735	363	1350
130.71	12736	365	1350
130.73	12737	367	1350
130.732	12738	370	1350
130.748	12739	367	1350
130.75	12740	369	1350
130.765	12741	367	1350
130.767	12742	369	1350
130.781	12743	365	1350
130.783	12744	367	1350
130.803	12745	369	1350
130.805	12746	371	1350
130.818	12747	367	1350
130.82	12748	367	1350
130.823	12749	369	1350
130.845	12750	366	1350
130.847	12751	368	1350
130.867	12752	370	1350
130.869	12753	372	1350
130.884	12754	370	1350
130.887	12755	372	1350
130.889	12756	374	1350
130.909	12757	367	1350
130.924	12758	370	1350
130.926	12759	372	1350
130.944	12760	372	1350
130.946	12761	374	1350
130.957	12762	367	1350
130.959	12763	369	1350
130.979	12764	371	1350
130.982	12765	373	1350
130.995	12766	368	1350
130.997	12767	371	1350
131.017	12768	372	1350
131.019	12769	375	1350
131.039	12770	371	1350
131.041	12771	374	1350
131.059	12772	373	1350
131.061	12773	376	1350
131.077	12774	372	1350
131.079	12775	374	1350
131.099	12776	376	1350
131.101	12777	378	1350
131.114	12778	372	1350
131.116	12779	374	1350
131.136	12780	376	1350
131.138	12781	378	1350
131.158	12782	379	1350
131.16	12783	381	1350
131.174	12784	376	1350
131.176	12785	378	1350
131.191	12786	376	1350
131.194	12787	378	1350
131.209	12788	375	1350
131.211	12789	378	1350
131.229	12790	374	1350
131.231	12791	377	1350
131.247	12792	374	1350
131.249	12793	376	1350
131.264	12794	374	1350
131.266	12795	376	1350
131.28	12796	371	1350
131.282	12797	373	1350
131.302	12798	374	1350
131.304	12799	376	1350
131.319	12800	375	1350
131.322	12801	377	1350
131.339	12802	376	1350
131.341	12803	378	1350
131.357	12804	375	1350
131.359	12805	378	1350
131.37	12806	375	1350
131.381	12807	372	1350
131.383	12808	374	1350
131.394	12809	371	1350
131.397	12810	373	1350
131.419	12811	369	1350
131.421	12812	371	1350
131.432	12813	368	1350
131.434	12814	371	1350
131.445	12815	363	1350
131.447	12816	365	1350
131.463	12817	366	1350
131.465	12818	369	1350
131.481	12819	361	1350
131.483	12820	363	1350
131.489	12821	355	1350
131.492	12822	357	1350
131.505	12823	340	1350
131.507	12824	343	1350
131.514	12825	335	1350
131.516	12826	338	1350
131.719	12827	105	1350
131.729	12828	105	1350
131.738	12829	106	1350
131.748	12830	106	1350
131.753	12831	102	1350
131.954	12832	109	1350
131.956	12833	112	1350
131.98	12834	118	1350
131.983	12835	120	1350
132.007	12836	127	1350
132.009	12837	130	1350
132.033	12838	136	1350
132.036	12839	138	1350
132.06	12840	144	1350
132.062	12841	147	1350
132.086	12842	153	1350
132.089	12843	155	1350
132.109	12844	157	1350
132.111	12845	159	1350
132.135	12846	166	1350
132.137	12847	168	1350
132.162	12848	174	1350
132.164	12849	176	1350
132.192	12850	187	1350
132.195	12851	189	1350
132.219	12852	195	1350
132.221	12853	198	1350
132.252	12854	211	1350
132.254	12855	213	1350
132.279	12856	219	1350
132.281	12857	221	1350
132.305	12858	229	1350
132.307	12859	231	1350
132.327	12860	233	1350
132.329	12861	235	1350
132.349	12862	237	1350
132.351	12863	239	1350
132.376	12864	245	1350
132.378	12865	247	1350
132.398	12866	249	1350
132.4	12867	251	1350
132.422	12868	256	1350
132.424	12869	258	1350
132.449	12870	264	1350
132.451	12871	266	1350
132.471	12872	268	1350
132.473	12873	270	1350
132.497	12874	277	1350
132.499	12875	279	1350
132.519	12876	281	1350
132.521	12877	283	1350
132.541	12878	286	1350
132.543	12879	288	1350
132.559	12880	285	1350
132.561	12881	288	1350
132.581	12882	290	1350
132.583	12883	292	1350
132.599	12884	289	1350
132.601	12885	291	1350
132.621	12886	293	1350
132.623	12887	295	1350
132.643	12888	297	1350
132.645	12889	300	1350
132.656	12890	293	1350
132.658	12891	295	1350
132.683	12892	301	1350
132.685	12893	303	1350
132.698	12894	299	1350
132.7	12895	301	1350
132.716	12896	298	1350
132.718	12897	300	1350
132.738	12898	302	1350
132.74	12899	296	1350
132.747	12900	293	1350
132.758	12901	295	1350
132.769	12902	297	1350
132.775	12903	295	1350
132.791	12904	301	1350
132.802	12905	303	1350
132.808	12906	301	1350
132.819	12907	302	1350
132.831	12908	304	1350
132.844	12909	308	1350
132.855	12910	310	1350
132.864	12911	310	1350
132.87	12912	308	1350
132.881	12913	310	1350
132.892	12914	312	1350
132.899	12915	309	1350
132.906	12916	306	1350
132.921	12917	313	1350
132.932	12918	315	1350
132.939	12919	312	1350
132.95	12920	314	1350
132.965	12921	321	1350
132.972	12922	318	1350
132.983	12923	320	1350
132.994	12924	322	1350
133.005	12925	323	1350
133.012	12926	321	1350
133.023	12927	323	1350
133.038	12928	330	1350
133.049	12929	332	1350
133.056	12930	329	1350
133.067	12931	331	1350
133.078	12932	333	1350
133.084	12933	331	1350
133.1	12934	336	1350
133.111	12935	338	1350
133.118	12936	336	1350
133.129	12937	338	1350
133.14	12938	340	1350
133.151	12939	343	1350
133.162	12940	344	1350
133.177	12941	351	1350
133.186	12942	351	1350
133.193	12943	347	1350
133.204	12944	349	1350
133.215	12945	351	1350
133.224	12946	352	1350
133.235	12947	353	1350
133.243	12948	353	1350
133.25	12949	351	1350
133.261	12950	353	1350
133.272	12951	354	1350
133.279	12952	352	1350
133.29	12953	353	1350
133.301	12954	355	1350
133.312	12955	357	1350
133.325	12956	362	1350
133.336	12957	364	1350
133.347	12958	366	1350
133.354	12959	363	1350
133.36	12960	360	1350
133.371	12961	362	1350
133.383	12962	365	1350
133.389	12963	362	1350
133.4	12964	364	1350
133.411	12965	366	1350
133.422	12966	368	1350
133.429	12967	365	1350
133.44	12968	367	1350
133.451	12969	368	1350
133.458	12970	366	1350
133.464	12971	364	1350
133.475	12972	366	1350
133.486	12973	368	1350
133.497	12974	370	1350
133.504	12975	367	1350
133.515	12976	370	1350
133.53	12977	376	1350
133.539	12978	376	1350
133.55	12979	377	1350
133.561	12980	379	1350
133.57	12981	379	1350
133.581	12982	381	1350
133.592	12983	383	1350
133.599	12984	380	1350
133.606	12985	378	1350
133.612	12986	376	1350
133.623	12987	377	1350
133.632	12988	377	1350
133.643	12989	381	1350
133.65	12990	380	1350
133.659	12991	381	1350
133.665	12992	381	1350
133.672	12993	380	1350
133.683	12994	384	1350
133.692	12995	385	1350
133.698	12996	385	1350
133.705	12997	384	1350
133.712	12998	383	1350
133.729	12999	381	1350
133.74	13000	384	1350
133.745	13001	381	1350
133.756	13002	380	1350
133.762	13003	380	1350
133.773	13004	383	1350
133.784	13005	381	1350
133.798	13006	386	1350
133.8	13007	381	1350
133.818	13008	381	1350
133.829	13009	384	1350
133.835	13010	384	1350
133.857	13011	385	1350
133.866	13012	382	1350
133.875	13013	377	1350
133.89	13014	381	1350
133.901	13015	380	1350
133.912	13016	378	1350
133.923	13017	377	1350
133.935	13018	375	1350
133.95	13019	378	1350
133.957	13020	373	1350
133.972	13021	376	1350
133.983	13022	375	1350
133.994	13023	373	1350
134.005	13024	372	1350
134.016	13025	370	1350
134.032	13026	373	1350
134.041	13027	370	1350
134.058	13028	375	1350
134.069	13029	374	1350
134.08	13030	376	1350
134.087	13031	372	1350
134.094	13032	370	1350
134.105	13033	372	1350
134.113	13034	371	1350
134.124	13035	373	1350
134.135	13036	375	1350
134.14	13037	369	1350
134.151	13038	371	1350
134.162	13039	373	1350
134.169	13040	371	1350
134.175	13041	368	1350
134.186	13042	370	1350
134.199	13043	374	1350
134.202	13044	366	1350
134.213	13045	368	1350
134.224	13046	370	1350
134.233	13047	369	1350
134.244	13048	371	1350
134.252	13049	371	1350
134.259	13050	368	1350
134.266	13051	365	1350
134.277	13052	367	1350
134.286	13053	367	1350
134.297	13054	368	1350
134.308	13055	370	1350
134.314	13056	368	1350
134.323	13057	367	1350
134.334	13058	369	1350
134.345	13059	371	1350
134.352	13060	367	1350
134.367	13061	374	1350
134.374	13062	371	1350
134.383	13063	370	1350
134.394	13064	372	1350
134.4	13065	370	1350
134.411	13066	372	1350
134.422	13067	374	1350
134.434	13068	375	1350
134.44	13069	373	1350
134.449	13070	371	1350
134.456	13071	369	1350
134.462	13072	367	1350
134.473	13073	368	1350
134.484	13074	370	1350
134.491	13075	367	1350
134.498	13076	364	1350
134.509	13077	367	1350
134.52	13078	368	1350
134.526	13079	366	1350
134.537	13080	367	1350
134.546	13081	363	1350
134.557	13082	365	1350
134.568	13083	367	1350
134.573	13084	361	1350
134.584	13085	362	1350
134.595	13086	364	1350
134.599	13087	360	1350
134.61	13088	361	1350
134.621	13089	363	1350
134.632	13090	365	1350
134.637	13091	359	1350
134.648	13092	361	1350
134.659	13093	363	1350
134.665	13094	360	1350
134.676	13095	362	1350
134.687	13096	363	1350
134.696	13097	363	1350
134.707	13098	364	1350
134.718	13099	366	1350
134.727	13100	366	1350
134.738	13101	367	1350
134.749	13102	369	1350
134.758	13103	369	1350
134.765	13104	365	1350
134.776	13105	367	1350
134.787	13106	369	1350
134.798	13107	371	1350
134.809	13108	372	1350
134.816	13109	370	1350
134.827	13110	372	1350
134.838	13111	373	1350
134.851	13112	377	1350
134.857	13113	375	1350
134.869	13114	376	1350
134.88	13115	378	1350
134.891	13116	380	1350
134.897	13117	377	1350
134.908	13118	379	1350
134.919	13119	381	1350
134.926	13120	378	1350
134.937	13121	379	1350
134.944	13122	377	1350
134.952	13123	376	1350
134.963	13124	378	1350
134.974	13125	380	1350
134.986	13126	381	1350
134.992	13127	379	1350
135.003	13128	381	1350
135.014	13129	383	1350
135.025	13130	384	1350
135.034	13131	384	1350
135.045	13132	386	1350
135.054	13133	384	1350
135.063	13134	384	1350
135.069	13135	382	1350
135.078	13136	381	1350
135.089	13137	383	1350
135.1	13138	385	1350
135.105	13139	380	1350
135.116	13140	381	1350
135.127	13141	383	1350
135.138	13142	385	1350
135.149	13143	386	1350
135.156	13144	384	1350
135.164	13145	384	1350
135.171	13146	381	1350
135.178	13147	378	1350
135.189	13148	380	1350
135.198	13149	379	1350
135.204	13150	377	1350
135.215	13151	379	1350
135.228	13152	382	1350
135.235	13153	380	1350
135.246	13154	382	1350
135.257	13155	383	1350
135.266	13156	382	1350
135.277	13157	384	1350
135.288	13158	386	1350
135.299	13159	388	1350
135.306	13160	385	1350
135.321	13161	388	1350
135.332	13162	389	1350
135.337	13163	384	1350
135.348	13164	385	1350
135.356	13165	385	1350
135.363	13166	382	1350
135.379	13167	385	1350
135.385	13168	383	1350
135.396	13169	384	1350
135.407	13170	385	1350
135.414	13171	382	1350
135.425	13172	384	1350
135.436	13173	384	1350
135.445	13174	384	1350
135.451	13175	382	1350
135.465	13176	386	1350
135.471	13177	385	1350
135.474	13178	380	1350
135.491	13179	381	1350
135.498	13180	379	1350
135.509	13181	383	1350
135.52	13182	380	1350
135.531	13183	384	1350
135.538	13184	383	1350
135.551	13185	380	1350
135.56	13186	382	1350
135.568	13187	383	1350
135.575	13188	383	1350
135.584	13189	380	1350
135.595	13190	384	1350
135.599	13191	381	1350
135.613	13192	383	1350
135.624	13193	386	1350
135.626	13194	381	1350
135.646	13195	383	1350
135.655	13196	384	1350
135.661	13197	384	1350
135.67	13198	382	1350
135.677	13199	380	1350
135.683	13200	380	1350
135.694	13201	383	1350
135.703	13202	381	1350
135.714	13203	379	1350
135.73	13204	382	1350
135.738	13205	379	1350
135.754	13206	381	1350
135.763	13207	378	1350
135.769	13208	372	1350
135.789	13209	380	1350
135.8	13210	379	1350
135.811	13211	377	1350
135.822	13212	376	1350
135.838	13213	378	1350
135.851	13214	380	1350
135.86	13215	376	1350
135.869	13216	372	1350
135.88	13217	371	1350
135.889	13218	367	1350
135.9	13219	366	1350
135.915	13220	370	1350
135.926	13221	368	1350
135.937	13222	367	1350
135.944	13223	363	1350
135.955	13224	365	1350
135.964	13225	365	1350
135.968	13226	361	1350
135.979	13227	362	1350
135.99	13228	364	1350
135.997	13229	361	1350
136.008	13230	363	1350
136.019	13231	364	1350
136.023	13232	360	1350
136.034	13233	361	1350
136.045	13234	363	1350
136.05	13235	358	1350
136.059	13236	357	1350
136.07	13237	359	1350
136.078	13238	359	1350
136.085	13239	357	1350
136.096	13240	359	1350
136.103	13241	355	1350
136.109	13242	353	1350
136.125	13243	358	1350
136.131	13244	356	1350
136.138	13245	354	1350
136.149	13246	355	1350
136.158	13247	354	1350
136.165	13248	352	1350
136.176	13249	353	1350
136.182	13250	351	1350
136.189	13251	348	1350
136.2	13252	350	1350
136.207	13253	347	1350
136.213	13254	345	1350
136.224	13255	347	1350
136.231	13256	343	1350
136.24	13257	343	1350
136.251	13258	345	1350
136.253	13259	338	1350
136.264	13260	339	1350
136.277	13261	344	1350
136.284	13262	341	1350
136.29	13263	338	1350
136.302	13264	340	1350
136.308	13265	338	1350
136.317	13266	336	1350
136.328	13267	339	1350
136.335	13268	336	1350
136.346	13269	337	1350
136.352	13270	335	1350
136.359	13271	332	1350
136.37	13272	333	1350
136.381	13273	335	1350
136.394	13274	340	1350
136.401	13275	337	1350
136.407	13276	334	1350
136.419	13277	336	1350
136.425	13278	334	1350
136.436	13279	335	1350
136.443	13280	332	1350
136.454	13281	334	1350
136.465	13282	335	1350
136.474	13283	335	1350
136.485	13284	337	1350
136.491	13285	334	1350
136.502	13286	336	1350
136.509	13287	334	1350
136.52	13288	336	1350
136.531	13289	337	1350
136.542	13290	339	1350
136.553	13291	341	1350
136.566	13292	345	1350
136.578	13293	346	1350
136.582	13294	341	1350
136.589	13295	339	1350
136.6	13296	340	1350
136.611	13297	342	1350
136.624	13298	340	1350
136.635	13299	342	1350
136.644	13300	342	1350
136.65	13301	339	1350
136.661	13302	341	1350
136.672	13303	343	1350
136.683	13304	344	1350
136.695	13305	346	1350
136.706	13306	347	1350
136.712	13307	345	1350
136.719	13308	342	1350
136.73	13309	343	1350
136.739	13310	343	1350
136.75	13311	345	1350
136.761	13312	346	1350
136.772	13313	348	1350
136.783	13314	349	1350
136.794	13315	351	1350
136.805	13316	353	1350
136.812	13317	350	1350
136.823	13318	352	1350
136.831	13319	352	1350
136.842	13320	353	1350
136.854	13321	355	1350
136.862	13322	354	1350
136.878	13323	360	1350
136.884	13324	359	1350
136.893	13325	358	1350
136.9	13326	354	1350
136.911	13327	356	1350
136.918	13328	354	1350
136.929	13329	355	1350
136.94	13330	357	1350
136.951	13331	359	1350
136.962	13332	360	1350
136.973	13333	362	1350
136.979	13334	360	1350
136.986	13335	356	1350
136.997	13336	359	1350
137.008	13337	361	1350
137.021	13338	365	1350
137.024	13339	357	1350
137.035	13340	359	1350
137.046	13341	361	1350
137.057	13342	362	1350
137.068	13343	364	1350
137.077	13344	364	1350
137.083	13345	362	1350
137.099	13346	367	1350
137.105	13347	365	1350
137.114	13348	365	1350
137.125	13349	366	1350
137.134	13350	365	1350
137.141	13351	363	1350
137.152	13352	365	1350
137.163	13353	366	1350
137.174	13354	368	1350
137.185	13355	370	1350
137.191	13356	367	1350
137.202	13357	369	1350
137.209	13358	366	1350
137.22	13359	368	1350
137.233	13360	372	1350
137.238	13361	367	1350
137.249	13362	369	1350
137.258	13363	368	1350
137.269	13364	370	1350
137.275	13365	368	1350
137.286	13366	369	1350
137.297	13367	371	1350
137.304	13368	368	1350
137.313	13369	369	1350
137.322	13370	371	1350
137.333	13371	375	1350
137.341	13372	376	1350
137.348	13373	376	1350
137.357	13374	376	1350
137.366	13375	378	1350
137.372	13376	377	1350
137.379	13377	377	1350
137.397	13378	378	1350
137.403	13379	378	1350
137.41	13380	376	1350
137.423	13381	383	1350
137.43	13382	376	1350
137.436	13383	375	1350
137.441	13384	372	1350
137.461	13385	374	1350
137.472	13386	377	1350
137.474	13387	372	1350
137.485	13388	375	1350
137.498	13389	376	1350
137.509	13390	380	1350
137.511	13391	375	1350
137.52	13392	372	1350
137.534	13393	373	1350
137.549	13394	376	1350
137.562	13395	377	1350
137.571	13396	373	1350
137.587	13397	376	1350
137.598	13398	375	1350
137.609	13399	373	1350
137.624	13400	377	1350
137.631	13401	370	1350
137.646	13402	374	1350
137.657	13403	373	1350
137.668	13404	371	1350
137.679	13405	370	1350
137.695	13406	373	1350
137.704	13407	369	1350
137.715	13408	368	1350
137.728	13409	369	1350
137.739	13410	367	1350
137.752	13411	369	1350
137.763	13412	367	1350
137.774	13413	369	1350
137.785	13414	371	1350
137.792	13415	367	1350
137.799	13416	365	1350
137.814	13417	371	1350
137.821	13418	369	1350
137.827	13419	366	1350
137.843	13420	372	1350
137.852	13421	372	1350
137.858	13422	369	1350
137.869	13423	371	1350
137.878	13424	371	1350
137.885	13425	367	1350
137.896	13426	369	1350
137.907	13427	371	1350
137.913	13428	369	1350
137.92	13429	365	1350
137.931	13430	368	1350
137.94	13431	367	1350
137.951	13432	368	1350
137.953	13433	362	1350
137.964	13434	364	1350
137.975	13435	366	1350
137.984	13436	365	1350
137.995	13437	367	1350
138.004	13438	366	1350
138.006	13439	359	1350
138.017	13440	361	1350
138.028	13441	363	1350
138.035	13442	360	1350
138.046	13443	361	1350
138.052	13444	359	1350
138.059	13445	357	1350
138.07	13446	358	1350
138.077	13447	355	1350
138.088	13448	357	1350
138.099	13449	359	1350
138.105	13450	356	1350
138.112	13451	354	1350
138.123	13452	356	1350
138.13	13453	352	1350
138.141	13454	354	1350
138.152	13455	356	1350
138.158	13456	354	1350
138.169	13457	355	1350
138.176	13458	353	1350
138.183	13459	350	1350
138.194	13460	351	1350
138.203	13461	351	1350
138.214	13462	353	1350
138.225	13463	355	1350
138.236	13464	356	1350
138.242	13465	354	1350
138.253	13466	356	1350
138.26	13467	353	1350
138.271	13468	355	1350
138.282	13469	356	1350
138.293	13470	358	1350
138.302	13471	356	1350
138.313	13472	358	1350
138.324	13473	360	1350
138.335	13474	359	1350
138.346	13475	361	1350
138.357	13476	362	1350
138.366	13477	361	1350
138.377	13478	364	1350
138.388	13479	365	1350
138.392	13480	361	1350
138.399	13481	358	1350
138.41	13482	360	1350
138.421	13483	361	1350
138.432	13484	363	1350
138.439	13485	360	1350
138.45	13486	361	1350
138.461	13487	363	1350
138.468	13488	361	1350
138.483	13489	368	1350
138.492	13490	366	1350
138.498	13491	364	1350
138.51	13492	366	1350
138.521	13493	367	1350
138.532	13494	369	1350
138.543	13495	371	1350
138.554	13496	373	1350
138.56	13497	370	1350
138.571	13498	372	1350
138.582	13499	374	1350
138.593	13500	375	1350
138.604	13501	377	1350
138.615	13502	379	1350
138.627	13503	381	1350
138.633	13504	379	1350
138.644	13505	380	1350
138.655	13506	382	1350
138.662	13507	378	1350
138.671	13508	378	1350
138.682	13509	380	1350
138.691	13510	380	1350
138.699	13511	379	1350
138.71	13512	381	1350
138.717	13513	379	1350
138.726	13514	377	1350
138.737	13515	379	1350
138.746	13516	379	1350
138.757	13517	381	1350
138.763	13518	378	1350
138.772	13519	378	1350
138.783	13520	380	1350
138.79	13521	376	1350
138.799	13522	376	1350
138.81	13523	378	1350
138.821	13524	380	1350
138.832	13525	381	1350
138.838	13526	379	1350
138.85	13527	381	1350
138.861	13528	382	1350
138.865	13529	377	1350
138.876	13530	380	1350
138.887	13531	382	1350
138.896	13532	380	1350
138.903	13533	378	1350
138.914	13534	380	1350
138.925	13535	381	1350
138.936	13536	383	1350
138.938	13537	376	1350
138.949	13538	378	1350
138.96	13539	379	1350
138.971	13540	381	1350
138.978	13541	379	1350
138.989	13542	380	1350
138.997	13543	380	1350
139.009	13544	382	1350
139.02	13545	384	1350
139.031	13546	385	1350
139.037	13547	381	1350
139.048	13548	383	1350
139.059	13549	384	1350
139.068	13550	383	1350
139.079	13551	385	1350
139.09	13552	387	1350
139.099	13553	381	1350
139.11	13554	385	1350
139.117	13555	383	1350
139.132	13556	381	1350
139.143	13557	384	1350
139.15	13558	383	1350
139.159	13559	378	1350
139.17	13560	382	1350
139.176	13561	381	1350
139.187	13562	381	1350
139.198	13563	384	1350
139.205	13564	384	1350
139.218	13565	383	1350
139.22	13566	378	1350
139.232	13567	381	1350
139.245	13568	382	1350
139.249	13569	380	1350
139.26	13570	384	1350
139.269	13571	381	1350
139.278	13572	382	1350
139.285	13573	381	1350
139.296	13574	380	1350
139.304	13575	382	1350
139.311	13576	382	1350
139.326	13577	381	1350
139.338	13578	379	1350
139.353	13579	382	1350
139.364	13580	381	1350
139.373	13581	377	1350
139.388	13582	381	1350
139.397	13583	377	1350
139.404	13584	371	1350
139.419	13585	375	1350
139.435	13586	377	1350
139.446	13587	376	1350
139.457	13588	374	1350
139.468	13589	373	1350
139.479	13590	372	1350
139.494	13591	375	1350
139.505	13592	375	1350
139.516	13593	373	1350
139.527	13594	371	1350
139.536	13595	368	1350
139.552	13596	374	1350
139.561	13597	373	1350
139.569	13598	373	1350
139.58	13599	375	1350
139.587	13600	372	1350
139.596	13601	371	1350
139.607	13602	373	1350
139.616	13603	373	1350
139.625	13604	372	1350
139.636	13605	374	1350
139.644	13606	374	1350
139.653	13607	373	1350
139.664	13608	375	1350
139.671	13609	372	1350
139.678	13610	370	1350
139.693	13611	375	1350
139.702	13612	375	1350
139.711	13613	375	1350
139.717	13614	372	1350
139.726	13615	372	1350
139.737	13616	374	1350
139.746	13617	373	1350
139.757	13618	375	1350
139.764	13619	372	1350
139.772	13620	372	1350
139.775	13621	364	1350
139.786	13622	366	1350
139.797	13623	368	1350
139.801	13624	364	1350
139.812	13625	365	1350
139.828	13626	371	1350
139.83	13627	364	1350
139.841	13628	365	1350
139.852	13629	367	1350
139.856	13630	363	1350
139.867	13631	365	1350
139.878	13632	366	1350
139.883	13633	361	1350
139.89	13634	359	1350
139.905	13635	364	1350
139.912	13636	362	1350
139.918	13637	360	1350
139.925	13638	357	1350
139.936	13639	358	1350
139.947	13640	360	1350
139.954	13641	358	1350
139.965	13642	359	1350
139.976	13643	361	1350
139.982	13644	359	1350
139.993	13645	361	1350
140	13646	357	1350
140.011	13647	358	1350
140.022	13648	360	1350
140.031	13649	359	1350
140.042	13650	356	1350
140.053	13651	358	1350
140.062	13652	357	1350
140.073	13653	359	1350
140.079	13654	357	1350
140.088	13655	356	1350
140.099	13656	359	1350
140.11	13657	360	1350
140.119	13658	360	1350
140.13	13659	361	1350
140.141	13660	363	1350
140.15	13661	362	1350
140.157	13662	359	1350
140.168	13663	361	1350
140.179	13664	363	1350
140.19	13665	363	1350
140.199	13666	362	1350
140.205	13667	360	1350
140.216	13668	362	1350
140.227	13669	363	1350
140.232	13670	358	1350
140.243	13671	360	1350
140.254	13672	362	1350
140.265	13673	363	1350
140.276	13674	365	1350
140.287	13675	367	1350
140.296	13676	366	1350
140.302	13677	364	1350
140.313	13678	366	1350
140.322	13679	366	1350
140.333	13680	367	1350
140.344	13681	369	1350
140.353	13682	369	1350
140.364	13683	370	1350
140.371	13684	367	1350
140.38	13685	367	1350
140.391	13686	369	1350
140.402	13687	370	1350
140.415	13688	375	1350
140.422	13689	372	1350
140.433	13690	374	1350
140.446	13691	377	1350
140.453	13692	375	1350
140.461	13693	375	1350
140.472	13694	376	1350
140.483	13695	378	1350
140.49	13696	376	1350
140.501	13697	378	1350
140.512	13698	379	1350
140.523	13699	381	1350
140.525	13700	374	1350
140.536	13701	375	1350
140.547	13702	377	1350
140.556	13703	377	1350
140.563	13704	374	1350
140.578	13705	380	1350
140.585	13706	378	1350
140.592	13707	375	1350
140.603	13708	376	1350
140.612	13709	376	1350
140.62	13710	376	1350
140.631	13711	378	1350
140.642	13712	379	1350
140.651	13713	379	1350
140.658	13714	376	1350
140.669	13715	377	1350
140.68	13716	379	1350
140.682	13717	373	1350
140.693	13718	375	1350
140.706	13719	378	1350
140.713	13720	376	1350
140.724	13721	378	1350
140.735	13722	379	1350
140.744	13723	379	1350
140.751	13724	376	1350
140.762	13725	378	1350
140.773	13726	379	1350
140.779	13727	377	1350
140.795	13728	382	1350
140.804	13729	382	1350
140.815	13730	384	1350
140.821	13731	382	1350
140.828	13732	378	1350
140.839	13733	380	1350
140.85	13734	380	1350
140.859	13735	380	1350
140.87	13736	381	1350
140.881	13737	383	1350
140.885	13738	379	1350
140.896	13739	381	1350
140.907	13740	381	1350
140.918	13741	382	1350
140.929	13742	384	1350
140.938	13743	381	1350
140.949	13744	384	1350
140.956	13745	383	1350
140.967	13746	381	1350
140.978	13747	385	1350
140.985	13748	383	1350
140.996	13749	380	1350
141.007	13750	384	1350
141.013	13751	383	1350
141.029	13752	380	1350
141.035	13753	380	1350
141.042	13754	379	1350
141.053	13755	383	1350
141.062	13756	380	1350
141.069	13757	380	1350
141.075	13758	379	1350
141.091	13759	380	1350
141.097	13760	380	1350
141.108	13761	384	1350
141.122	13762	385	1350
141.128	13763	384	1350
141.135	13764	383	1350
141.152	13765	385	1350
141.159	13766	385	1350
141.166	13767	383	1350
141.177	13768	382	1350
141.188	13769	381	1350
141.199	13770	380	1350
141.214	13771	383	1350
141.221	13772	377	1350
141.239	13773	383	1350
141.247	13774	379	1350
141.263	13775	382	1350
141.274	13776	380	1350
141.281	13777	375	1350
141.296	13778	379	1350
141.305	13779	374	1350
141.316	13780	373	1350
141.331	13781	377	1350
141.342	13782	375	1350
141.356	13783	376	1350
141.371	13784	379	1350
141.382	13785	378	1350
141.389	13786	372	1350
141.404	13787	378	1350
141.411	13788	375	1350
141.417	13789	373	1350
141.428	13790	375	1350
141.442	13791	378	1350
141.448	13792	376	1350
141.459	13793	378	1350
141.466	13794	375	1350
141.477	13795	377	1350
141.488	13796	379	1350
141.495	13797	376	1350
141.506	13798	377	1350
141.519	13799	382	1350
141.53	13800	384	1350
141.532	13801	376	1350
141.548	13802	382	1350
141.554	13803	380	1350
141.563	13804	380	1350
141.57	13805	376	1350
141.581	13806	378	1350
141.587	13807	376	1350
141.596	13808	375	1350
141.605	13809	375	1350
141.612	13810	372	1350
141.623	13811	374	1350
141.634	13812	375	1350
141.64	13813	373	1350
141.654	13814	377	1350
141.656	13815	369	1350
141.671	13816	376	1350
141.678	13817	373	1350
141.685	13818	372	1350
141.696	13819	372	1350
141.702	13820	370	1350
141.711	13821	370	1350
141.722	13822	372	1350
141.729	13823	368	1350
141.74	13824	370	1350
141.751	13825	372	1350
141.757	13826	369	1350
141.769	13827	371	1350
141.78	13828	373	1350
141.782	13829	366	1350
141.797	13830	372	1350
141.802	13831	367	1350
141.813	13832	369	1350
141.824	13833	370	1350
141.83	13834	368	1350
141.837	13835	365	1350
141.848	13836	368	1350
141.863	13837	367	1350
141.877	13838	371	1350
141.888	13839	373	1350
141.903	13840	374	1350
141.91	13841	371	1350
141.919	13842	371	1350
141.93	13843	372	1350
141.941	13844	374	1350
141.952	13845	375	1350
141.958	13846	373	1350
141.969	13847	375	1350
141.98	13848	377	1350
141.989	13849	376	1350
142	13850	378	1350
142.011	13851	381	1350
142.025	13852	383	1350
142.04	13853	383	1350
142.047	13854	380	1350
142.058	13855	382	1350
142.069	13856	380	1350
142.078	13857	380	1350
142.084	13858	378	1350
142.1	13859	383	1350
142.111	13860	385	1350
142.12	13861	385	1350
142.131	13862	387	1350
142.139	13863	386	1350
142.15	13864	388	1350
142.159	13865	388	1350
142.168	13866	387	1350
142.175	13867	384	1350
142.181	13868	382	1350
142.195	13869	386	1350
142.206	13870	387	1350
142.217	13871	389	1350
142.221	13872	385	1350
142.23	13873	383	1350
142.241	13874	386	1350
142.248	13875	383	1350
142.294	13876	376	33
142.387	13877	332	33
142.504	13878	185	1350
142.52	13879	173	1350
142.522	13880	166	1350
142.524	13881	159	1350
142.531	13882	156	1350
142.731	13883	102	1350
142.741	13884	102	1350
142.753	13885	105	1350
142.76	13886	102	1350
142.769	13887	102	1350
142.78	13888	104	1350
142.787	13889	103	1350
142.799	13890	105	1350
142.806	13891	102	1350
142.838	13892	126	1350
142.849	13893	128	1350
142.865	13894	133	1350
142.88	13895	140	1350
142.891	13896	142	1350
142.907	13897	147	1350
142.913	13898	145	1350
142.929	13899	151	1350
142.944	13900	158	1350
142.96	13901	163	1350
142.971	13902	165	1350
142.986	13903	172	1350
142.997	13904	173	1350
143.013	13905	179	1350
143.028	13906	186	1350
143.044	13907	192	1350
143.055	13908	193	1350
143.07	13909	200	1350
143.081	13910	202	1350
143.097	13911	207	1350
143.112	13912	214	1350
143.128	13913	220	1350
143.143	13914	227	1350
143.159	13915	232	1350
143.17	13916	234	1350
143.183	13917	238	1350
143.189	13918	235	1350
143.205	13919	241	1350
143.22	13920	248	1350
143.227	13921	246	1350
143.238	13922	247	1350
143.254	13923	253	1350
143.26	13924	251	1350
143.271	13925	252	1350
143.287	13926	258	1350
143.289	13927	251	1350
143.3	13928	253	1350
143.315	13929	259	1350
143.331	13930	265	1350
143.342	13931	267	1350
143.357	13932	273	1350
143.364	13933	270	1350
143.375	13934	274	1350
143.386	13935	277	1350
143.395	13936	279	1350
143.401	13937	278	1350
143.412	13938	282	1350
143.424	13939	286	1350
143.435	13940	289	1350
143.441	13941	289	1350
143.457	13942	296	1350
143.463	13943	296	1350
143.47	13944	294	1350
143.481	13945	298	1350
143.492	13946	302	1350
143.507	13947	310	1350
143.516	13948	312	1350
143.523	13949	310	1350
143.538	13950	319	1350
143.547	13951	320	1350
143.554	13952	319	1350
143.569	13953	328	1350
143.585	13954	335	1350
143.587	13955	330	1350
143.598	13956	333	1350
143.613	13957	342	1350
143.62	13958	341	1350
143.627	13959	340	1350
143.642	13960	348	1350
143.649	13961	347	1350
143.658	13962	349	1350
143.664	13963	348	1350
143.684	13964	356	1350
143.697	13965	356	1350
143.715	13966	361	1350
143.722	13967	355	1350
143.737	13968	359	1350
143.748	13969	358	1350
143.759	13970	356	1350
143.775	13971	359	1350
143.777	13972	348	1350
143.792	13973	352	1350
143.81	13974	357	1350
143.821	13975	355	1350
143.836	13976	359	1350
143.843	13977	353	1350
143.858	13978	356	1350
143.872	13979	357	1350
143.878	13980	352	1350
143.889	13981	353	1350
143.9	13982	355	1350
143.911	13983	356	1350
143.914	13984	349	1350
143.925	13985	351	1350
143.94	13986	357	1350
143.942	13987	350	1350
143.953	13988	352	1350
143.964	13989	354	1350
143.978	13990	357	1350
143.989	13991	359	1350
143.995	13992	357	1350
144.004	13993	356	1350
144.015	13994	358	1350
144.029	13995	362	1350
144.035	13996	359	1350
144.046	13997	361	1350
144.057	13998	363	1350
144.066	13999	362	1350
144.077	14000	364	1350
144.09	14001	368	1350
144.097	14002	365	1350
144.112	14003	371	1350
144.117	14004	366	1350
144.123	14005	364	1350
144.139	14006	369	1350
144.148	14007	369	1350
144.154	14008	367	1350
144.165	14009	368	1350
144.176	14010	370	1350
144.185	14011	370	1350
144.196	14012	372	1350
144.207	14013	373	1350
144.218	14014	375	1350
144.229	14015	377	1350
144.236	14016	374	1350
144.247	14017	376	1350
144.258	14018	378	1350
144.269	14019	379	1350
144.278	14020	379	1350
144.289	14021	381	1350
144.296	14022	378	1350
144.307	14023	379	1350
144.32	14024	383	1350
144.331	14025	386	1350
144.346	14026	385	1350
144.355	14027	385	1350
144.366	14028	386	1350
144.384	14029	387	1350
144.393	14030	386	1350
144.404	14031	388	1350
144.41	14032	385	1350
144.419	14033	385	1350
144.426	14034	381	1350
144.441	14035	388	1350
144.448	14036	383	1350
144.459	14037	385	1350
144.47	14038	387	1350
144.477	14039	383	1350
144.488	14040	385	1350
144.499	14041	386	1350
144.503	14042	382	1350
144.514	14043	384	1350
144.525	14044	385	1350
144.539	14045	389	1350
144.541	14046	380	1350
144.556	14047	387	1350
144.565	14048	387	1350
144.576	14049	385	1350
144.587	14050	387	1350
144.596	14051	386	1350
144.6	14052	378	1350
144.611	14053	380	1350
144.622	14054	382	1350
144.629	14055	380	1350
144.645	14056	385	1350
144.651	14057	383	1350
144.658	14058	378	1350
144.669	14059	380	1350
144.682	14060	384	1350
144.695	14061	385	1350
144.706	14062	387	1350
144.715	14063	387	1350
144.731	14064	387	1350
144.742	14065	389	1350
144.748	14066	386	1350
144.755	14067	382	1350
144.766	14068	384	1350
144.773	14069	382	1350
144.779	14070	376	1350
144.79	14071	378	1350
144.799	14072	378	1350
144.812	14073	381	1350
144.823	14074	382	1350
144.83	14075	380	1350
144.85	14076	378	1350
144.859	14077	378	1350
144.868	14078	377	1350
144.887	14079	378	1350
144.896	14080	378	1350
144.907	14081	380	1350
144.916	14082	380	1350
144.923	14083	376	1350
144.929	14084	374	1350
144.94	14085	374	1350
144.949	14086	374	1350
144.956	14087	370	1350
144.971	14088	376	1350
144.978	14089	373	1350
144.985	14090	371	1350
144.998	14091	374	1350
145.004	14092	371	1350
145.02	14093	377	1350
145.027	14094	375	1350
145.033	14095	370	1350
145.046	14096	374	1350
145.057	14097	375	1350
145.064	14098	373	1350
145.077	14099	377	1350
145.088	14100	378	1350
145.097	14101	376	1350
145.104	14102	373	1350
145.117	14103	378	1350
145.124	14104	375	1350
145.13	14105	372	1350
145.146	14106	378	1350
145.15	14107	374	1350
145.161	14108	375	1350
145.172	14109	377	1350
145.181	14110	374	1350
145.194	14111	378	1350
145.205	14112	380	1350
145.216	14113	376	1350
145.223	14114	376	1350
145.245	14115	379	1350
145.254	14116	379	1350
145.256	14117	375	1350
145.263	14118	373	1350
145.272	14119	374	1350
145.278	14120	373	1350
145.285	14121	372	1350
145.296	14122	371	1350
145.305	14123	373	1350
145.307	14124	367	1350
145.325	14125	369	1350
145.331	14126	369	1350
145.349	14127	365	1350
145.36	14128	368	1350
145.38	14129	367	1350
145.391	14130	371	1350
145.402	14131	374	1350
145.415	14132	374	1350
145.439	14133	365	1350
145.45	14134	363	1350
145.466	14135	365	1350
145.475	14136	360	1350
145.49	14137	363	1350
145.501	14138	361	1350
145.517	14139	363	1350
145.526	14140	358	1350
145.537	14141	356	1350
145.545	14142	352	1350
145.556	14143	350	1350
145.565	14144	345	1350
145.576	14145	343	1350
145.587	14146	341	1350
145.601	14147	341	1350
145.612	14148	338	1350
145.627	14149	341	1350
145.634	14150	334	1350
145.643	14151	330	1350
145.654	14152	331	1350
145.665	14153	332	1350
145.667	14154	324	1350
145.682	14155	330	1350
145.693	14156	331	1350
145.7	14157	327	1350
145.709	14158	326	1350
145.715	14159	323	1350
145.726	14160	324	1350
145.738	14161	325	1350
145.749	14162	326	1350
145.755	14163	323	1350
145.766	14164	325	1350
145.777	14165	326	1350
145.788	14166	327	1350
145.799	14167	328	1350
145.815	14168	333	1350
145.824	14169	332	1350
145.83	14170	329	1350
145.841	14171	331	1350
145.852	14172	332	1350
145.861	14173	331	1350
145.872	14174	332	1350
145.888	14175	337	1350
145.896	14176	336	1350
145.903	14177	333	1350
145.919	14178	338	1350
145.93	14179	340	1350
145.941	14180	341	1350
145.952	14181	342	1350
145.965	14182	345	1350
145.972	14183	342	1350
145.98	14184	341	1350
145.996	14185	346	1350
146.005	14186	346	1350
146.011	14187	343	1350
146.022	14188	344	1350
146.038	14189	349	1350
146.04	14190	341	1350
146.055	14191	347	1350
146.066	14192	348	1350
146.08	14193	351	1350
146.091	14194	353	1350
146.102	14195	354	1350
146.108	14196	351	1350
146.119	14197	352	1350
146.128	14198	351	1350
146.139	14199	352	1350
146.155	14200	357	1350
146.161	14201	354	1350
146.172	14202	356	1350
146.184	14203	357	1350
146.195	14204	358	1350
146.206	14205	359	1350
146.217	14206	360	1350
146.228	14207	361	1350
146.239	14208	362	1350
146.245	14209	360	1350
146.252	14210	356	1350
146.267	14211	362	1350
146.278	14212	363	1350
146.285	14213	360	1350
146.301	14214	365	1350
146.312	14215	366	1350
146.32	14216	365	1350
146.331	14217	367	1350
146.34	14218	366	1350
146.351	14219	367	1350
146.365	14220	370	1350
146.371	14221	367	1350
146.378	14222	363	1350
146.393	14223	369	1350
146.402	14224	369	1350
146.413	14225	370	1350
146.429	14226	375	1350
146.437	14227	374	1350
146.448	14228	375	1350
146.46	14229	376	1350
146.468	14230	375	1350
146.484	14231	380	1350
146.49	14232	378	1350
146.497	14233	375	1350
146.508	14234	376	1350
146.519	14235	377	1350
146.526	14236	373	1350
146.537	14237	374	1350
146.548	14238	375	1350
146.554	14239	372	1350
146.566	14240	374	1350
146.583	14241	381	1350
146.588	14242	375	1350
146.607	14243	381	1350
146.616	14244	380	1350
146.623	14245	376	1350
146.636	14246	380	1350
146.643	14247	376	1350
146.656	14248	377	1350
146.667	14249	378	1350
146.674	14250	374	1350
146.685	14251	376	1350
146.696	14252	376	1350
146.707	14253	377	1350
146.722	14254	381	1350
146.733	14255	382	1350
146.744	14256	383	1350
146.751	14257	380	1350
146.762	14258	381	1350
146.773	14259	382	1350
146.786	14260	383	1350
146.793	14261	379	1350
146.808	14262	385	1350
146.819	14263	383	1350
146.83	14264	384	1350
146.839	14265	383	1350
146.846	14266	380	1350
146.861	14267	385	1350
146.87	14268	384	1350
146.877	14269	380	1350
146.888	14270	381	1350
146.899	14271	382	1350
146.91	14272	382	1350
146.921	14273	383	1350
146.939	14274	385	1350
146.95	14275	386	1350
146.956	14276	383	1350
146.963	14277	378	1350
146.978	14278	384	1350
146.989	14279	385	1350
146.998	14280	383	1350
147.009	14281	386	1350
147.018	14282	387	1350
147.027	14283	382	1350
147.036	14284	383	1350
147.042	14285	382	1350
147.058	14286	385	1350
147.065	14287	384	1350
147.071	14288	383	1350
147.089	14289	381	1350
147.098	14290	382	1350
147.104	14291	381	1350
147.124	14292	383	1350
147.131	14293	381	1350
147.142	14294	384	1350
147.151	14295	383	1350
147.159	14296	384	1350
147.166	14297	383	1350
147.179	14298	381	1350
147.188	14299	382	1350
147.199	14300	385	1350
147.215	14301	383	1350
147.23	14302	385	1350
147.241	14303	383	1350
147.257	14304	385	1350
147.268	14305	383	1350
147.276	14306	379	1350
147.292	14307	380	1350
147.307	14308	383	1350
147.318	14309	381	1350
147.329	14310	379	1350
147.343	14311	379	1350
147.354	14312	377	1350
147.367	14313	378	1350
147.374	14314	370	1350
147.385	14315	368	1350
147.396	14316	366	1350
147.411	14317	369	1350
147.422	14318	367	1350
147.438	14319	369	1350
147.444	14320	366	1350
147.455	14321	367	1350
147.466	14322	368	1350
147.473	14323	364	1350
147.484	14324	366	1350
147.499	14325	371	1350
147.502	14326	364	1350
147.513	14327	365	1350
147.524	14328	366	1350
147.528	14329	361	1350
147.535	14330	357	1350
147.544	14331	356	1350
147.55	14332	353	1350
147.566	14333	358	1350
147.572	14334	356	1350
147.583	14335	357	1350
147.594	14336	358	1350
147.605	14337	359	1350
147.612	14338	356	1350
147.623	14339	357	1350
147.632	14340	356	1350
147.645	14341	359	1350
147.654	14342	359	1350
147.656	14343	351	1350
147.672	14344	356	1350
147.683	14345	357	1350
147.694	14346	358	1350
147.705	14347	359	1350
147.716	14348	360	1350
147.722	14349	358	1350
147.734	14350	359	1350
147.745	14351	360	1350
147.76	14352	366	1350
147.767	14353	362	1350
147.778	14354	363	1350
147.789	14355	364	1350
147.795	14356	361	1350
147.806	14357	363	1350
147.817	14358	364	1350
147.835	14359	368	1350
147.848	14360	371	1350
147.859	14361	372	1350
147.864	14362	365	1350
147.875	14363	366	1350
147.886	14364	367	1350
147.901	14365	365	1350
147.912	14366	366	1350
147.928	14367	365	1350
147.939	14368	366	1350
147.948	14369	365	1350
147.959	14370	367	1350
147.972	14371	369	1350
147.983	14372	371	1350
147.99	14373	365	1350
148.001	14374	366	1350
148.012	14375	367	1350
148.018	14376	365	1350
148.032	14377	367	1350
148.047	14378	374	1350
148.056	14379	372	1350
148.067	14380	373	1350
148.078	14381	374	1350
148.082	14382	369	1350
148.093	14383	370	1350
148.104	14384	371	1350
148.116	14385	373	1350
148.127	14386	374	1350
148.133	14387	371	1350
148.144	14388	373	1350
148.151	14389	368	1350
148.166	14390	374	1350
148.177	14391	375	1350
148.18	14392	367	1350
148.195	14393	374	1350
148.206	14394	375	1350
148.213	14395	372	1350
148.228	14396	377	1350
148.239	14397	378	1350
148.241	14398	370	1350
148.257	14399	375	1350
148.268	14400	376	1350
148.279	14401	378	1350
148.29	14402	379	1350
148.294	14403	374	1350
148.305	14404	375	1350
148.321	14405	380	1350
148.33	14406	379	1350
148.336	14407	376	1350
148.352	14408	381	1350
148.363	14409	383	1350
148.369	14410	381	1350
148.38	14411	381	1350
148.392	14412	382	1350
148.407	14413	380	1350
148.418	14414	382	1350
148.433	14415	381	1350
148.445	14416	382	1350
148.458	14417	385	1350
148.464	14418	381	1350
148.48	14419	386	1350
148.484	14420	381	1350
148.495	14421	381	1350
148.511	14422	386	1350
148.517	14423	383	1350
148.524	14424	380	1350
148.542	14425	387	1350
148.55	14426	378	1350
148.566	14427	383	1350
148.573	14428	381	1350
148.59	14429	387	1350
148.595	14430	382	1350
148.601	14431	379	1350
148.615	14432	382	1350
148.626	14433	383	1350
148.632	14434	380	1350
148.645	14435	383	1350
148.656	14436	384	1350
148.668	14437	385	1350
148.672	14438	380	1350
148.687	14439	386	1350
148.698	14440	387	1350
148.701	14441	379	1350
148.714	14442	382	1350
148.729	14443	388	1350
148.734	14444	380	1350
148.745	14445	383	1350
148.751	14446	382	1350
148.762	14447	381	1350
148.776	14448	386	1350
148.782	14449	385	1350
148.798	14450	382	1350
148.804	14451	382	1350
148.815	14452	385	1350
148.831	14453	385	1350
148.84	14454	386	1350
148.846	14455	385	1350
148.86	14456	383	1350
148.871	14457	386	1350
148.879	14458	387	1350
148.886	14459	381	1350
148.902	14460	388	1350
148.917	14461	385	1350
148.924	14462	384	1350
148.939	14463	381	1350
148.95	14464	384	1350
148.957	14465	382	1350
148.974	14466	385	1350
148.985	14467	383	1350
148.994	14468	379	1350
149.01	14469	381	1350
149.021	14470	378	1350
149.036	14471	381	1350
149.045	14472	377	1350
149.065	14473	383	1350
149.072	14474	377	1350
149.091	14475	384	1350
149.096	14476	374	1350
149.107	14477	372	1350
149.122	14478	375	1350
149.133	14479	373	1350
149.144	14480	371	1350
149.158	14481	371	1350
149.169	14482	369	1350
149.178	14483	365	1350
149.193	14484	370	1350
149.195	14485	363	1350
149.206	14486	364	1350
149.217	14487	365	1350
149.224	14488	361	1350
149.235	14489	362	1350
149.242	14490	359	1350
149.25	14491	358	1350
149.261	14492	360	1350
149.268	14493	357	1350
149.277	14494	355	1350
149.284	14495	352	1350
149.299	14496	358	1350
149.306	14497	354	1350
149.317	14498	355	1350
149.328	14499	356	1350
149.343	14500	363	1350
149.354	14501	364	1350
149.363	14502	363	1350
149.37	14503	359	1350
149.381	14504	360	1350
149.396	14505	366	1350
149.403	14506	362	1350
149.409	14507	360	1350
149.416	14508	357	1350
149.427	14509	358	1350
149.438	14510	359	1350
149.445	14511	355	1350
149.46	14512	361	1350
149.471	14513	362	1350
149.476	14514	356	1350
149.487	14515	358	1350
149.5	14516	361	1350
149.511	14517	362	1350
149.522	14518	364	1350
149.526	14519	358	1350
149.537	14520	359	1350
149.549	14521	358	1350
149.557	14522	358	1350
149.573	14523	356	1350
149.584	14524	357	1350
149.595	14525	358	1350
149.608	14526	361	1350
149.619	14527	362	1350
149.626	14528	358	1350
149.643	14529	361	1350
149.654	14530	362	1350
149.661	14531	359	1350
149.679	14532	360	1350
149.685	14533	358	1350
149.692	14534	355	1350
149.703	14535	356	1350
149.714	14536	357	1350
149.721	14537	353	1350
149.732	14538	354	1350
149.743	14539	355	1350
149.747	14540	350	1350
149.758	14541	352	1350
149.769	14542	353	1350
149.778	14543	352	1350
149.785	14544	348	1350
149.796	14545	349	1350
149.802	14546	346	1350
149.816	14547	349	1350
149.827	14548	351	1350
149.833	14549	348	1350
149.844	14550	350	1350
149.853	14551	348	1350
149.866	14552	351	1350
149.878	14553	352	1350
149.884	14554	349	1350
149.891	14555	345	1350
149.902	14556	347	1350
149.917	14557	353	1350
149.93	14558	356	1350
149.937	14559	353	1350
149.948	14560	354	1350
149.955	14561	350	1350
149.966	14562	351	1350
149.981	14563	357	1350
149.99	14564	357	1350
150.001	14565	358	1350
150.01	14566	356	1350
150.021	14567	358	1350
150.032	14568	359	1350
150.036	14569	353	1350
150.048	14570	354	1350
150.063	14571	360	1350
150.07	14572	357	1350
150.085	14573	363	1350
150.094	14574	361	1350
150.101	14575	356	1350
150.112	14576	357	1350
150.123	14577	359	1350
150.138	14578	359	1350
150.147	14579	357	1350
150.158	14580	358	1350
150.173	14581	363	1350
150.18	14582	359	1350
150.191	14583	361	1350
150.202	14584	363	1350
150.209	14585	359	1350
150.22	14586	360	1350
150.233	14587	363	1350
150.244	14588	365	1350
150.251	14589	361	1350
150.262	14590	362	1350
150.273	14591	363	1350
150.284	14592	364	1350
150.293	14593	364	1350
150.304	14594	365	1350
150.315	14595	366	1350
150.321	14596	363	1350
150.332	14597	364	1350
150.343	14598	365	1350
150.357	14599	368	1350
150.363	14600	366	1350
150.374	14601	367	1350
150.385	14602	368	1350
150.396	14603	369	1350
150.407	14604	370	1350
150.416	14605	369	1350
150.423	14606	365	1350
150.438	14607	371	1350
150.445	14608	368	1350
150.452	14609	365	1350
150.463	14610	366	1350
150.474	14611	367	1350
150.485	14612	368	1350
150.496	14613	369	1350
150.505	14614	368	1350
150.516	14615	371	1350
150.522	14616	371	1350
150.531	14617	370	1350
150.542	14618	373	1350
150.558	14619	369	1350
150.564	14620	369	1350
150.575	14621	372	1350
150.595	14622	377	1350
150.597	14623	371	1350
150.608	14624	374	1350
150.619	14625	372	1350
150.63	14626	375	1350
150.639	14627	376	1350
150.657	14628	373	1350
150.664	14629	373	1350
150.675	14630	376	1350
150.683	14631	367	1350
150.694	14632	370	1350
150.706	14633	374	1350
150.717	14634	372	1350
150.732	14635	373	1350
150.747	14636	372	1350
150.767	14637	378	1350
150.774	14638	371	1350
150.794	14639	378	1350
150.8	14640	371	1350
150.811	14641	369	1350
150.825	14642	369	1350
150.84	14643	372	1350
150.851	14644	369	1350
150.867	14645	370	1350
150.876	14646	366	1350
150.891	14647	368	1350
150.902	14648	366	1350
150.911	14649	361	1350
150.926	14650	364	1350
150.94	14651	363	1350
150.946	14652	360	1350
150.957	14653	361	1350
150.968	14654	362	1350
150.979	14655	363	1350
150.986	14656	359	1350
151.001	14657	365	1350
151.006	14658	359	1350
151.017	14659	360	1350
151.023	14660	357	1350
151.034	14661	358	1350
151.046	14662	359	1350
151.054	14663	358	1350
151.061	14664	354	1350
151.072	14665	356	1350
151.083	14666	357	1350
151.096	14667	360	1350
151.103	14668	356	1350
151.114	14669	357	1350
151.125	14670	359	1350
151.136	14671	360	1350
151.143	14672	356	1350
151.154	14673	357	1350
151.16	14674	354	1350
151.169	14675	353	1350
151.18	14676	353	1350
151.196	14677	358	1350
151.202	14678	355	1350
151.213	14679	356	1350
151.22	14680	352	1350
151.231	14681	354	1350
151.246	14682	359	1350
151.258	14683	360	1350
151.269	14684	361	1350
151.28	14685	362	1350
151.286	14686	359	1350
151.297	14687	360	1350
151.308	14688	361	1350
151.319	14689	362	1350
151.333	14690	365	1350
151.339	14691	362	1350
151.355	14692	367	1350
151.361	14693	364	1350
151.386	14694	369	1350
151.392	14695	366	1350
151.403	14696	367	1350
151.416	14697	365	1350
151.432	14698	370	1350
151.443	14699	371	1350
151.452	14700	369	1350
151.467	14701	375	1350
151.478	14702	376	1350
151.481	14703	368	1350
151.496	14704	373	1350
151.507	14705	375	1350
151.518	14706	377	1350
151.529	14707	377	1350
151.538	14708	375	1350
151.545	14709	372	1350
151.56	14710	377	1350
151.567	14711	374	1350
151.575	14712	373	1350
151.591	14713	378	1350
151.598	14714	375	1350
151.606	14715	374	1350
151.617	14716	375	1350
151.628	14717	376	1350
151.639	14718	377	1350
151.648	14719	376	1350
151.659	14720	377	1350
151.67	14721	378	1350
151.681	14722	379	1350
151.688	14723	376	1350
151.699	14724	377	1350
151.71	14725	377	1350
151.719	14726	375	1350
151.73	14727	377	1350
151.737	14728	373	1350
151.752	14729	379	1350
151.759	14730	376	1350
151.77	14731	376	1350
151.781	14732	377	1350
151.79	14733	376	1350
151.805	14734	382	1350
151.814	14735	380	1350
151.821	14736	376	1350
151.832	14737	377	1350
151.843	14738	378	1350
151.856	14739	376	1350
151.871	14740	382	1350
151.893	14741	383	1350
151.9	14742	380	1350
151.909	14743	378	1350
151.92	14744	378	1350
151.931	14745	379	1350
151.946	14746	378	1350
151.957	14747	379	1350
151.964	14748	376	1350
151.982	14749	378	1350
151.991	14750	377	1350
151.997	14751	374	1350
152.015	14752	381	1350
152.021	14753	378	1350
152.033	14754	379	1350
152.041	14755	378	1350
152.05	14756	377	1350
152.061	14757	378	1350
152.074	14758	381	1350
152.081	14759	378	1350
152.092	14760	379	1350
152.099	14761	375	1350
152.112	14762	378	1350
152.119	14763	375	1350
152.13	14764	376	1350
152.143	14765	379	1350
152.15	14766	376	1350
152.165	14767	380	1350
152.172	14768	377	1350
152.185	14769	380	1350
152.191	14770	377	1350
152.207	14771	382	1350
152.216	14772	381	1350
152.222	14773	378	1350
152.238	14774	383	1350
152.244	14775	380	1350
152.26	14776	382	1350
152.267	14777	381	1350
152.273	14778	380	1350
152.289	14779	383	1350
152.295	14780	382	1350
152.304	14781	383	1350
152.32	14782	380	1350
152.328	14783	381	1350
152.335	14784	380	1350
152.35	14785	383	1350
152.357	14786	382	1350
152.379	14787	383	1350
152.386	14788	381	1350
152.397	14789	384	1350
152.417	14790	383	1350
152.428	14791	386	1350
152.432	14792	383	1350
152.452	14793	381	1350
152.463	14794	384	1350
152.467	14795	380	1350
152.487	14796	381	1350
152.498	14797	378	1350
152.512	14798	378	1350
152.525	14799	378	1350
152.538	14800	378	1350
152.554	14801	380	1350
152.567	14802	379	1350
152.578	14803	378	1350
152.589	14804	375	1350
152.6	14805	372	1350
152.615	14806	375	1350
152.626	14807	373	1350
152.642	14808	374	1350
152.655	14809	375	1350
152.666	14810	372	1350
152.682	14811	374	1350
152.69	14812	370	1350
152.702	14813	367	1350
152.713	14814	368	1350
152.724	14815	369	1350
152.737	14816	372	1350
152.743	14817	369	1350
152.759	14818	374	1350
152.763	14819	369	1350
152.774	14820	370	1350
152.781	14821	367	1350
152.792	14822	368	1350
152.803	14823	369	1350
152.81	14824	365	1350
152.821	14825	367	1350
152.827	14826	363	1350
152.841	14827	366	1350
152.852	14828	367	1350
152.858	14829	364	1350
152.869	14830	365	1350
152.876	14831	361	1350
152.887	14832	363	1350
152.9	14833	366	1350
152.907	14834	362	1350
152.92	14835	366	1350
152.922	14836	358	1350
152.938	14837	363	1350
152.949	14838	364	1350
152.955	14839	361	1350
152.966	14840	362	1350
152.978	14841	363	1350
152.991	14842	366	1350
152.997	14843	363	1350
153.006	14844	362	1350
153.022	14845	366	1350
153.033	14846	367	1350
153.042	14847	366	1350
153.048	14848	363	1350
153.064	14849	368	1350
153.07	14850	365	1350
153.081	14851	366	1350
153.097	14852	371	1350
153.106	14853	365	1350
153.117	14854	366	1350
153.128	14855	360	1350
153.134	14856	357	1350
153.141	14857	353	1350
153.152	14858	345	1350
153.163	14859	347	1350
153.167	14860	341	1350
153.174	14861	337	1350
153.185	14862	338	1350
153.19	14863	332	1350
153.302	14864	211	33
153.422	14865	133	1350
153.433	14866	134	1350
153.439	14867	131	1350
153.45	14868	132	1350
153.457	14869	128	1350
153.667	14870	120	1350
153.682	14871	125	1350
153.702	14872	135	1350
153.713	14873	136	1350
153.728	14874	142	1350
153.744	14875	147	1350
153.764	14876	157	1350
153.779	14877	163	1350
153.79	14878	164	1350
153.81	14879	174	1350
153.825	14880	179	1350
153.845	14881	189	1350
153.861	14882	194	1350
153.876	14883	200	1350
153.896	14884	209	1350
153.912	14885	214	1350
153.931	14886	224	1350
153.951	14887	234	1350
153.967	14888	239	1350
153.987	14889	249	1350
154.002	14890	255	1350
154.013	14891	256	1350
154.033	14892	266	1350
154.044	14893	267	1350
154.055	14894	268	1350
154.071	14895	273	1350
154.082	14896	274	1350
154.097	14897	280	1350
154.113	14898	286	1350
154.119	14899	282	1350
154.13	14900	283	1350
154.15	14901	293	1350
154.157	14902	289	1350
154.172	14903	295	1350
154.19	14904	302	1350
154.201	14905	303	1350
154.216	14906	309	1350
154.225	14907	308	1350
154.236	14908	309	1350
154.256	14909	319	1350
154.263	14910	315	1350
154.278	14911	321	1350
154.296	14912	328	1350
154.298	14913	320	1350
154.318	14914	330	1350
154.324	14915	327	1350
154.331	14916	324	1350
154.351	14917	333	1350
154.36	14918	332	1350
154.371	14919	332	1350
154.386	14920	338	1350
154.393	14921	334	1350
154.404	14922	337	1350
154.419	14923	345	1350
154.424	14924	341	1350
154.43	14925	340	1350
154.437	14926	339	1350
154.453	14927	346	1350
154.461	14928	347	1350
154.472	14929	350	1350
154.483	14930	353	1350
154.49	14931	352	1350
154.492	14932	346	1350
154.508	14933	353	1350
154.512	14934	350	1350
154.519	14935	348	1350
154.525	14936	347	1350
154.541	14937	354	1350
154.548	14938	353	1350
154.554	14939	352	1350
154.561	14940	350	1350
154.576	14941	358	1350
154.587	14942	361	1350
154.589	14943	355	1350
154.596	14944	354	1350
154.603	14945	352	1350
154.618	14946	360	1350
154.629	14947	363	1350
154.631	14948	357	1350
154.638	14949	357	1350
154.653	14950	363	1350
154.66	14951	362	1350
154.673	14952	367	1350
154.68	14953	365	1350
154.687	14954	364	1350
154.702	14955	366	1350
154.711	14956	361	1350
154.731	14957	368	1350
154.74	14958	363	1350
154.762	14959	372	1350
154.768	14960	365	1350
154.788	14961	372	1350
154.799	14962	370	1350
154.819	14963	376	1350
154.826	14964	369	1350
154.846	14965	376	1350
154.859	14966	375	1350
154.87	14967	373	1350
154.89	14968	380	1350
154.901	14969	377	1350
154.916	14970	380	1350
154.936	14971	386	1350
154.943	14972	379	1350
154.954	14973	377	1350
154.969	14974	379	1350
154.982	14975	382	1350
154.994	14976	383	1350
155.002	14977	382	1350
155.013	14978	383	1350
155.024	14979	384	1350
155.031	14980	381	1350
155.042	14981	382	1350
155.055	14982	385	1350
155.058	14983	377	1350
155.073	14984	382	1350
155.088	14985	387	1350
155.091	14986	378	1350
155.097	14987	375	1350
155.113	14988	380	1350
155.124	14989	380	1350
155.13	14990	377	1350
155.137	14991	373	1350
155.148	14992	374	1350
155.164	14993	379	1350
155.17	14994	376	1350
155.181	14995	377	1350
155.19	14996	376	1350
155.201	14997	377	1350
155.212	14998	379	1350
155.219	14999	375	1350
155.23	15000	376	1350
155.245	15001	382	1350
155.252	15002	378	1350
155.263	15003	380	1350
155.274	15004	381	1350
155.285	15005	382	1350
155.296	15006	384	1350
155.303	15007	380	1350
155.314	15008	382	1350
155.329	15009	388	1350
155.338	15010	386	1350
155.345	15011	383	1350
155.358	15012	387	1350
155.367	15013	386	1350
155.38	15014	389	1350
155.384	15015	384	1350
155.398	15016	387	1350
155.404	15017	384	1350
155.415	15018	386	1350
155.426	15019	387	1350
155.435	15020	386	1350
155.448	15021	389	1350
155.455	15022	385	1350
155.462	15023	383	1350
155.468	15024	380	1350
155.475	15025	376	1350
155.49	15026	382	1350
155.497	15027	378	1350
155.508	15028	380	1350
155.519	15029	382	1350
155.526	15030	378	1350
155.534	15031	377	1350
155.55	15032	382	1350
155.561	15033	384	1350
155.568	15034	381	1350
155.579	15035	382	1350
155.587	15036	381	1350
155.594	15037	378	1350
155.607	15038	382	1350
155.614	15039	378	1350
155.627	15040	382	1350
155.634	15041	378	1350
155.645	15042	379	1350
155.652	15043	377	1350
155.669	15044	385	1350
155.671	15045	377	1350
155.685	15046	380	1350
155.696	15047	381	1350
155.702	15048	379	1350
155.713	15049	380	1350
155.724	15050	381	1350
155.731	15051	377	1350
155.744	15052	381	1350
155.751	15053	378	1350
155.762	15054	379	1350
155.773	15055	380	1350
155.78	15056	377	1350
155.791	15057	379	1350
155.806	15058	385	1350
155.813	15059	381	1350
155.824	15060	382	1350
155.835	15061	383	1350
155.846	15062	385	1350
155.852	15063	382	1350
155.866	15064	385	1350
155.875	15065	384	1350
155.886	15066	385	1350
155.89	15067	380	1350
155.897	15068	377	1350
155.903	15069	374	1350
155.91	15070	370	1350
155.925	15071	376	1350
155.936	15072	378	1350
155.947	15073	379	1350
155.95	15074	371	1350
155.961	15075	372	1350
155.972	15076	373	1350
155.98	15077	373	1350
155.996	15078	378	1350
156	15079	373	1350
156.011	15080	374	1350
156.022	15081	375	1350
156.031	15082	375	1350
156.042	15083	376	1350
156.051	15084	375	1350
156.06	15085	373	1350
156.071	15086	375	1350
156.082	15087	377	1350
156.089	15088	373	1350
156.095	15089	370	1350
156.102	15090	366	1350
156.115	15091	370	1350
156.124	15092	370	1350
156.131	15093	366	1350
156.144	15094	369	1350
156.155	15095	370	1350
156.168	15096	374	1350
156.175	15097	371	1350
156.184	15098	370	1350
156.19	15099	367	1350
156.201	15100	368	1350
156.204	15101	360	1350
156.215	15102	362	1350
156.221	15103	359	1350
156.23	15104	357	1350
156.245	15105	363	1350
156.25	15106	357	1350
156.261	15107	359	1350
156.268	15108	356	1350
156.279	15109	357	1350
156.285	15110	354	1350
156.296	15111	355	1350
156.303	15112	352	1350
156.314	15113	354	1350
156.325	15114	354	1350
156.334	15115	353	1350
156.345	15116	354	1350
156.356	15117	356	1350
156.369	15118	360	1350
156.376	15119	356	1350
156.387	15120	357	1350
156.398	15121	358	1350
156.404	15122	356	1350
156.415	15123	357	1350
156.422	15124	354	1350
156.433	15125	355	1350
156.444	15126	357	1350
156.451	15127	355	1350
156.462	15128	358	1350
156.468	15129	357	1350
156.477	15130	358	1350
156.488	15131	361	1350
156.495	15132	360	1350
156.504	15133	361	1350
156.506	15134	355	1350
156.517	15135	359	1350
156.524	15136	357	1350
156.535	15137	360	1350
156.544	15138	362	1350
156.55	15139	361	1350
156.561	15140	364	1350
156.568	15141	362	1350
156.574	15142	361	1350
156.577	15143	355	1350
156.588	15144	359	1350
156.599	15145	362	1350
156.605	15146	361	1350
156.614	15147	362	1350
156.621	15148	360	1350
156.632	15149	363	1350
156.638	15150	363	1350
156.647	15151	364	1350
156.658	15152	367	1350
156.665	15153	365	1350
156.676	15154	369	1350
156.685	15155	369	1350
156.696	15156	369	1350
156.705	15157	365	1350
156.72	15158	368	1350
156.733	15159	368	1350
156.749	15160	370	1350
156.76	15161	368	1350
156.775	15162	371	1350
156.789	15163	371	1350
156.8	15164	369	1350
156.815	15165	372	1350
156.828	15166	372	1350
156.844	15167	374	1350
156.859	15168	377	1350
156.87	15169	375	1350
156.884	15170	374	1350
156.899	15171	377	1350
156.912	15172	377	1350
156.926	15173	377	1350
156.937	15174	375	1350
156.954	15175	380	1350
156.956	15176	373	1350
156.967	15177	374	1350
156.979	15178	376	1350
156.99	15179	377	1350
156.996	15180	374	1350
157.009	15181	378	1350
157.016	15182	375	1350
157.023	15183	372	1350
157.036	15184	376	1350
157.043	15185	373	1350
157.054	15186	375	1350
157.065	15187	376	1350
157.071	15188	374	1350
157.073	15189	367	1350
157.089	15190	373	1350
157.1	15191	375	1350
157.104	15192	371	1350
157.115	15193	373	1350
157.126	15194	375	1350
157.133	15195	373	1350
157.135	15196	375	1350
157.153	15197	374	1350
157.155	15198	377	1350
157.168	15199	372	1350
157.171	15200	374	1350
157.19	15201	376	1350
157.193	15202	378	1350
157.204	15203	372	1350
157.206	15204	374	1350
157.226	15205	376	1350
157.228	15206	379	1350
157.246	15207	378	1350
157.248	15208	380	1350
157.263	15209	379	1350
157.266	15210	381	1350
157.285	15211	383	1350
157.288	15212	385	1350
157.301	15213	381	1350
157.303	15214	384	1350
157.325	15215	388	1350
157.341	15217	385	1350
157.343	15218	387	1350
157.358	15219	386	1350
157.36	15220	388	1350
157.374	15221	383	1350
157.376	15222	385	1350
157.391	15223	384	1350
157.394	15224	386	1350
157.409	15225	384	1350
157.411	15226	386	1350
157.429	15227	385	1350
157.431	15228	388	1350
157.447	15229	386	1350
157.449	15230	388	1350
157.462	15231	384	1350
157.464	15232	386	1350
157.482	15233	386	1350
157.484	15234	389	1350
157.493	15235	379	1350
157.495	15236	382	1350
157.517	15237	386	1350
157.519	15238	388	1350
157.531	15239	382	1350
157.533	15240	384	1350
157.548	15241	382	1350
157.55	15242	384	1350
157.572	15243	389	1350
157.579	15245	378	1350
157.581	15246	380	1350
157.601	15247	382	1350
157.603	15248	384	1350
157.617	15249	380	1350
157.619	15250	382	1350
157.639	15251	384	1350
157.641	15252	386	1350
157.656	15253	385	1350
157.659	15254	387	1350
157.674	15255	385	1350
157.676	15256	387	1350
157.692	15257	384	1350
157.694	15258	386	1350
157.705	15259	380	1350
157.707	15260	383	1350
157.727	15261	385	1350
157.729	15262	387	1350
157.745	15263	385	1350
157.747	15264	387	1350
157.76	15265	383	1350
157.762	15266	385	1350
157.778	15267	382	1350
157.78	15268	385	1350
157.795	15269	383	1350
157.798	15270	385	1350
157.813	15271	383	1350
157.815	15272	385	1350
157.831	15273	382	1350
157.833	15274	385	1350
157.853	15275	387	1350
157.875	15277	376	1350
157.877	15278	379	1350
157.888	15279	372	1350
157.89	15280	374	1350
157.906	15281	371	1350
157.908	15282	374	1350
157.924	15283	372	1350
157.926	15284	374	1350
157.943	15285	372	1350
157.946	15286	374	1350
157.963	15287	374	1350
157.965	15288	376	1350
157.974	15289	367	1350
157.977	15290	369	1350
157.994	15291	370	1350
157.996	15292	372	1350
158.005	15293	363	1350
158.007	15294	365	1350
158.025	15295	366	1350
158.027	15296	368	1350
158.043	15297	365	1350
158.045	15298	367	1350
158.058	15299	363	1350
158.06	15300	365	1350
158.069	15301	357	1350
158.071	15302	359	1350
158.085	15303	354	1350
158.096	15304	354	1350
158.098	15305	356	1350
158.113	15306	354	1350
158.116	15307	356	1350
158.131	15308	350	1350
158.133	15309	352	1350
158.149	15310	349	1350
158.151	15311	351	1350
158.164	15312	348	1350
158.166	15313	350	1350
158.182	15314	347	1350
158.184	15315	350	1350
158.193	15316	340	1350
158.195	15317	343	1350
158.211	15318	341	1350
158.213	15319	343	1350
158.228	15320	341	1350
158.23	15321	343	1350
158.246	15322	341	1350
158.248	15323	344	1350
158.264	15324	341	1350
158.266	15325	343	1350
158.281	15326	341	1350
158.283	15327	343	1350
158.299	15328	341	1350
158.301	15329	344	1350
158.317	15330	341	1350
158.319	15331	343	1350
158.343	15332	351	1350
158.345	15333	353	1350
158.359	15334	348	1350
158.361	15335	350	1350
158.376	15336	348	1350
158.378	15337	350	1350
158.396	15338	351	1350
158.398	15339	353	1350
158.418	15340	355	1350
158.42	15341	357	1350
158.436	15342	355	1350
158.438	15343	357	1350
158.451	15344	356	1350
158.453	15345	358	1350
158.469	15346	359	1350
158.471	15347	362	1350
158.478	15348	354	1350
158.48	15349	356	1350
158.495	15350	358	1350
158.498	15351	360	1350
158.509	15352	357	1350
158.511	15353	359	1350
158.522	15354	356	1350
158.524	15355	359	1350
158.54	15356	360	1350
158.542	15357	362	1350
158.555	15358	362	1350
158.557	15359	364	1350
158.57	15360	363	1350
158.573	15361	365	1350
158.584	15362	362	1350
158.586	15363	364	1350
158.601	15364	366	1350
158.604	15365	368	1350
158.615	15366	364	1350
158.617	15367	366	1350
158.632	15368	368	1350
158.635	15369	370	1350
158.65	15370	371	1350
158.652	15371	374	1350
158.668	15372	375	1350
158.67	15373	377	1350
158.681	15374	374	1350
158.683	15375	377	1350
158.696	15376	376	1350
158.699	15377	378	1350
158.718	15378	375	1350
158.721	15379	377	1350
158.745	15380	377	1350
158.747	15381	380	1350
158.767	15382	376	1350
158.769	15383	379	1350
158.785	15384	370	1350
158.787	15385	372	1350
158.811	15386	374	1350
158.813	15387	376	1350
158.838	15388	376	1350
158.84	15389	378	1350
158.86	15390	375	1350
158.862	15391	377	1350
158.884	15392	376	1350
158.886	15393	378	1350
158.906	15394	375	1350
158.908	15395	377	1350
158.928	15396	373	1350
158.93	15397	375	1350
158.952	15398	374	1350
158.955	15399	376	1350
158.97	15400	374	1350
158.972	15401	376	1350
158.983	15402	370	1350
158.986	15403	372	1350
159.003	15404	372	1350
159.005	15405	374	1350
159.016	15406	368	1350
159.019	15407	370	1350
159.034	15408	369	1350
159.036	15409	371	1350
159.052	15410	369	1350
159.054	15411	372	1350
159.072	15412	372	1350
159.074	15413	374	1350
159.085	15414	368	1350
159.087	15415	371	1350
159.103	15416	369	1350
159.105	15417	371	1350
159.125	15418	374	1350
159.127	15419	376	1350
159.138	15420	370	1350
159.14	15421	373	1350
159.156	15422	372	1350
159.158	15423	374	1350
159.169	15424	368	1350
159.171	15425	371	1350
159.189	15426	371	1350
159.191	15427	373	1350
159.202	15428	368	1350
159.204	15429	371	1350
159.22	15430	369	1350
159.222	15431	371	1350
159.242	15432	374	1350
159.244	15433	376	1350
159.259	15434	376	1350
159.262	15435	378	1350
159.277	15436	377	1350
159.279	15437	379	1350
159.286	15438	368	1350
159.288	15439	371	1350
159.312	15440	378	1350
159.315	15441	380	1350
159.326	15442	375	1350
159.328	15443	377	1350
159.348	15444	380	1350
159.35	15445	382	1350
159.363	15446	379	1350
159.365	15447	381	1350
159.381	15448	380	1350
159.383	15449	383	1350
159.401	15450	383	1350
159.403	15451	385	1350
159.421	15452	386	1350
159.423	15453	388	1350
159.434	15454	382	1350
159.436	15455	385	1350
159.449	15456	382	1350
159.451	15457	384	1350
159.469	15458	385	1350
159.471	15459	387	1350
159.478	15460	376	1350
159.48	15461	379	1350
159.496	15462	378	1350
159.498	15463	380	1350
159.516	15464	381	1350
159.518	15465	383	1350
159.533	15466	382	1350
159.535	15467	384	1350
159.546	15468	378	1350
159.549	15469	380	1350
159.564	15470	380	1350
159.566	15471	382	1350
159.586	15472	385	1350
159.588	15473	387	1350
159.597	15474	379	1350
159.599	15475	381	1350
159.619	15476	385	1350
159.621	15477	387	1350
159.633	15478	381	1350
159.635	15479	383	1350
159.648	15480	379	1350
159.65	15481	382	1350
159.666	15482	381	1350
159.668	15483	383	1350
159.683	15484	382	1350
159.686	15485	384	1350
159.703	15486	385	1350
159.705	15487	387	1350
159.712	15488	377	1350
159.714	15489	379	1350
159.734	15490	383	1350
159.736	15491	385	1350
159.747	15492	379	1350
159.75	15493	381	1350
159.765	15494	381	1350
159.767	15495	383	1350
159.78	15496	379	1350
159.783	15497	381	1350
159.8	15498	382	1350
159.803	15499	384	1350
159.818	15500	382	1350
159.82	15501	385	1350
159.831	15502	379	1350
159.833	15503	381	1350
159.849	15504	380	1350
159.851	15505	383	1350
159.867	15506	381	1350
159.869	15507	383	1350
159.884	15508	382	1350
159.886	15509	384	1350
159.902	15510	383	1350
159.904	15511	386	1350
159.913	15512	377	1350
159.915	15513	380	1350
159.922	15514	369	1350
159.924	15515	371	1350
159.939	15516	371	1350
159.942	15517	373	1350
159.957	15518	372	1350
159.959	15519	374	1350
159.975	15520	372	1350
159.977	15521	374	1350
159.984	15522	364	1350
159.986	15523	366	1350
159.997	15524	361	1350
159.999	15525	364	1350
160.012	15526	360	1350
160.015	15527	362	1350
160.03	15528	360	1350
160.032	15529	363	1350
160.041	15530	356	1350
160.043	15531	358	1350
160.056	15532	354	1350
160.059	15533	356	1350
160.07	15534	350	1350
160.072	15535	352	1350
160.085	15536	349	1350
160.087	15537	351	1350
160.103	15538	350	1350
160.105	15539	353	1350
160.116	15540	347	1350
160.118	15541	349	1350
160.129	15542	343	1350
160.132	15543	345	1350
160.149	15544	347	1350
160.151	15545	349	1350
160.167	15546	347	1350
160.169	15547	350	1350
160.178	15548	341	1350
160.18	15549	344	1350
160.196	15550	343	1350
160.198	15551	345	1350
160.213	15552	344	1350
160.215	15553	346	1350
160.231	15554	344	1350
160.233	15555	347	1350
160.244	15556	341	1350
160.246	15557	343	1350
160.262	15558	342	1350
160.264	15559	345	1350
160.275	15560	339	1350
160.277	15561	341	1350
160.295	15562	341	1350
160.297	15563	344	1350
160.313	15564	343	1350
160.315	15565	345	1350
160.326	15566	339	1350
160.328	15567	342	1350
160.344	15568	340	1350
160.346	15569	342	1350
160.361	15570	341	1350
160.363	15571	343	1350
160.379	15572	342	1350
160.381	15573	345	1350
160.392	15574	339	1350
160.394	15575	341	1350
160.405	15576	335	1350
160.408	15577	337	1350
160.419	15578	332	1350
160.421	15579	334	1350
160.436	15580	333	1350
160.438	15581	335	1350
160.447	15582	331	1350
160.449	15583	333	1350
160.461	15584	330	1350
160.463	15585	332	1350
160.474	15586	330	1350
160.476	15587	332	1350
160.487	15588	331	1350
160.489	15589	333	1350
160.505	15590	334	1350
160.507	15591	336	1350
160.516	15592	332	1350
160.518	15593	334	1350
160.529	15594	331	1350
160.531	15595	334	1350
160.544	15596	334	1350
160.547	15597	336	1350
160.558	15598	334	1350
160.56	15599	336	1350
160.571	15600	333	1350
160.573	15601	336	1350
160.586	15602	336	1350
160.589	15603	338	1350
160.6	15604	336	1350
160.602	15605	338	1350
160.608	15606	331	1350
160.611	15607	333	1350
160.626	15608	336	1350
160.628	15609	338	1350
160.637	15610	334	1350
160.639	15611	336	1350
160.65	15612	333	1350
160.653	15613	335	1350
160.664	15614	333	1350
160.666	15615	335	1350
160.679	15616	335	1350
160.681	15617	337	1350
160.692	15618	335	1350
160.695	15619	337	1350
160.712	15620	333	1350
160.714	15621	335	1350
160.73	15622	327	1350
160.732	15623	330	1350
160.754	15624	330	1350
160.756	15625	332	1350
160.77	15626	323	1350
160.772	15627	325	1350
160.792	15628	323	1350
160.794	15629	325	1350
160.814	15630	322	1350
160.816	15631	325	1350
160.831	15632	318	1350
160.834	15633	320	1350
160.856	15634	320	1350
160.858	15635	322	1350
160.882	15636	325	1350
160.884	15637	327	1350
160.9	15638	319	1350
160.902	15639	322	1350
160.918	15640	315	1350
160.92	15641	317	1350
160.931	15642	312	1350
160.933	15643	315	1350
160.948	15644	314	1350
160.951	15645	316	1350
160.962	15646	311	1350
160.964	15647	313	1350
160.979	15648	313	1350
160.982	15649	315	1350
160.995	15650	312	1350
160.997	15651	315	1350
161.013	15652	314	1350
161.015	15653	316	1350
161.026	15654	312	1350
161.028	15655	314	1350
161.039	15656	310	1350
161.041	15657	312	1350
161.052	15658	308	1350
161.054	15659	310	1350
161.068	15660	308	1350
161.07	15661	310	1350
161.081	15662	306	1350
161.083	15663	309	1350
161.101	15664	311	1350
161.103	15665	314	1350
161.114	15666	310	1350
161.116	15667	312	1350
161.13	15668	310	1350
161.132	15669	312	1350
161.143	15670	308	1350
161.145	15671	311	1350
161.16	15672	312	1350
161.163	15673	314	1350
161.174	15674	310	1350
161.176	15675	312	1350
161.191	15676	314	1350
161.194	15677	316	1350
161.205	15678	312	1350
161.207	15679	314	1350
161.22	15680	313	1350
161.222	15681	315	1350
161.238	15682	316	1350
161.24	15683	318	1350
161.251	15684	314	1350
161.253	15685	317	1350
161.264	15686	313	1350
161.266	15687	315	1350
161.286	15688	321	1350
161.289	15689	323	1350
161.304	15690	323	1350
161.306	15691	326	1350
161.317	15692	322	1350
161.319	15693	324	1350
161.335	15694	325	1350
161.337	15695	328	1350
161.353	15696	328	1350
161.355	15697	330	1350
161.366	15698	326	1350
161.368	15699	329	1350
161.379	15700	326	1350
161.381	15701	328	1350
161.395	15702	326	1350
161.397	15703	328	1350
161.408	15704	324	1350
161.41	15705	326	1350
161.421	15706	324	1350
161.423	15707	326	1350
161.434	15708	322	1350
161.436	15709	324	1350
161.452	15710	324	1350
161.454	15711	327	1350
161.472	15712	330	1350
161.474	15713	332	1350
161.487	15714	331	1350
161.489	15715	333	1350
161.5	15716	329	1350
161.503	15717	331	1350
161.518	15718	333	1350
161.52	15719	335	1350
161.529	15720	329	1350
161.531	15721	331	1350
161.551	15722	336	1350
161.553	15723	338	1350
161.562	15724	333	1350
161.565	15725	335	1350
161.58	15726	335	1350
161.582	15727	338	1350
161.595	15728	336	1350
161.598	15729	338	1350
161.613	15730	340	1350
161.615	15731	342	1350
161.626	15732	338	1350
161.629	15733	340	1350
161.648	15734	345	1350
161.651	15735	347	1350
161.662	15736	344	1350
161.664	15737	346	1350
161.675	15738	342	1350
161.677	15739	345	1350
161.693	15740	346	1350
161.695	15741	348	1350
161.706	15742	344	1350
161.708	15743	347	1350
161.724	15744	347	1350
161.726	15745	349	1350
161.737	15746	346	1350
161.739	15747	348	1350
161.754	15748	349	1350
161.757	15749	351	1350
161.763	15750	343	1350
161.765	15751	345	1350
161.781	15752	346	1350
161.783	15753	349	1350
161.794	15754	345	1350
161.796	15755	347	1350
161.812	15756	347	1350
161.814	15757	350	1350
161.827	15758	349	1350
161.829	15759	351	1350
161.845	15760	351	1350
161.847	15761	354	1350
161.849	15762	341	1350
161.852	15763	343	1350
161.867	15764	345	1350
161.869	15765	347	1350
161.878	15766	341	1350
161.88	15767	343	1350
161.896	15768	343	1350
161.898	15769	345	1350
161.905	15770	338	1350
161.907	15771	340	1350
161.918	15772	336	1350
161.92	15773	339	1350
161.933	15774	337	1350
161.935	15775	339	1350
161.953	15776	343	1350
161.955	15777	345	1350
161.962	15778	336	1350
161.964	15779	339	1350
161.98	15780	339	1350
161.982	15781	341	1350
161.991	15782	336	1350
161.993	15783	338	1350
162.008	15784	339	1350
162.011	15785	341	1350
162.019	15786	335	1350
162.022	15787	337	1350
162.033	15788	334	1350
162.035	15789	336	1350
162.048	15790	335	1350
162.05	15791	337	1350
162.061	15792	333	1350
162.064	15793	335	1350
162.079	15794	336	1350
162.081	15795	339	1350
162.092	15796	335	1350
162.094	15797	337	1350
162.11	15798	337	1350
162.112	15799	340	1350
162.123	15800	337	1350
162.125	15801	339	1350
162.136	15802	335	1350
162.139	15803	337	1350
162.152	15804	336	1350
162.154	15805	339	1350
162.165	15806	335	1350
162.167	15807	337	1350
162.183	15808	337	1350
162.185	15809	339	1350
162.196	15810	337	1350
162.198	15811	339	1350
162.218	15812	344	1350
162.22	15813	346	1350
162.231	15814	343	1350
162.234	15815	345	1350
162.249	15816	346	1350
162.251	15817	348	1350
162.262	15818	344	1350
162.264	15819	346	1350
162.28	15820	346	1350
162.282	15821	349	1350
162.293	15822	346	1350
162.295	15823	348	1350
162.311	15824	348	1350
162.313	15825	351	1350
162.326	15826	349	1350
162.328	15827	351	1350
162.344	15828	352	1350
162.346	15829	355	1350
162.355	15830	348	1350
162.357	15831	351	1350
162.373	15832	352	1350
162.375	15833	354	1350
162.386	15834	350	1350
162.388	15835	353	1350
162.399	15836	349	1350
162.401	15837	351	1350
162.415	15838	349	1350
162.417	15839	351	1350
162.437	15840	357	1350
162.439	15841	359	1350
162.45	15842	355	1350
162.452	15843	358	1350
162.463	15844	357	1350
162.465	15845	359	1350
162.468	15846	350	1350
162.47	15847	352	1350
162.485	15848	356	1350
162.487	15849	358	1350
162.496	15850	355	1350
162.499	15851	357	1350
162.505	15852	352	1350
162.507	15853	354	1350
162.523	15854	358	1350
162.525	15855	361	1350
162.534	15856	357	1350
162.536	15857	360	1350
162.547	15858	359	1350
162.549	15859	361	1350
162.565	15860	365	1350
162.567	15861	367	1350
162.574	15862	362	1350
162.576	15863	364	1350
162.587	15864	363	1350
162.589	15865	366	1350
162.6	15866	366	1350
162.602	15867	368	1350
162.609	15868	362	1350
162.611	15869	365	1350
162.622	15870	364	1350
162.624	15871	366	1350
162.638	15872	367	1350
162.64	15873	369	1350
162.646	15874	364	1350
162.649	15875	366	1350
162.66	15876	366	1350
162.662	15877	368	1350
162.677	15878	372	1350
162.68	15879	374	1350
162.691	15880	373	1350
162.693	15881	375	1350
162.704	15882	375	1350
162.706	15883	378	1350
162.717	15884	377	1350
162.719	15885	379	1350
162.733	15886	380	1350
162.735	15887	382	1350
162.746	15888	381	1350
162.748	15889	384	1350
162.763	15890	380	1350
162.766	15891	382	1350
162.786	15892	382	1350
162.788	15893	384	1350
162.803	15894	381	1350
162.805	15895	383	1350
162.821	15896	378	1350
162.823	15897	381	1350
162.839	15898	377	1350
162.841	15899	379	1350
162.858	15900	377	1350
162.861	15901	379	1350
162.874	15902	373	1350
162.876	15903	376	1350
162.896	15904	375	1350
162.898	15905	378	1350
162.914	15906	374	1350
162.916	15907	376	1350
162.933	15908	374	1350
162.936	15909	376	1350
162.947	15910	367	1350
162.949	15911	369	1350
162.964	15912	366	1350
162.967	15913	368	1350
162.982	15914	369	1350
162.984	15915	371	1350
162.993	15916	366	1350
162.995	15917	368	1350
163.006	15918	364	1350
163.009	15919	366	1350
163.022	15920	364	1350
163.024	15921	367	1350
163.035	15922	364	1350
163.037	15923	366	1350
163.057	15924	371	1350
163.059	15925	373	1350
163.066	15926	365	1350
163.068	15927	368	1350
163.079	15928	364	1350
163.081	15929	366	1350
163.097	15930	367	1350
163.099	15931	370	1350
163.11	15932	367	1350
163.112	15933	369	1350
163.126	15934	368	1350
163.128	15935	370	1350
163.137	15936	365	1350
163.139	15937	367	1350
163.15	15938	364	1350
163.152	15939	367	1350
163.168	15940	368	1350
163.17	15941	370	1350
163.181	15942	367	1350
163.183	15943	369	1350
163.194	15944	367	1350
163.196	15945	369	1350
163.207	15946	366	1350
163.209	15947	368	1350
163.225	15948	369	1350
163.227	15949	372	1350
163.238	15950	369	1350
163.24	15951	371	1350
163.251	15952	369	1350
163.254	15953	371	1350
163.269	15954	373	1350
163.271	15955	375	1350
163.282	15956	372	1350
163.285	15957	374	1350
163.298	15958	373	1350
163.3	15959	376	1350
163.311	15960	373	1350
163.313	15961	375	1350
163.324	15962	372	1350
163.327	15963	374	1350
163.338	15964	371	1350
163.34	15965	373	1350
163.355	15966	375	1350
163.357	15967	377	1350
163.368	15968	374	1350
163.371	15969	376	1350
163.386	15970	379	1350
163.388	15971	381	1350
163.399	15972	378	1350
163.402	15973	380	1350
163.417	15974	382	1350
163.419	15975	384	1350
163.43	15976	381	1350
163.432	15977	383	1350
163.441	15978	378	1350
163.444	15979	380	1350
163.461	15980	384	1350
163.463	15981	386	1350
163.47	15982	379	1350
163.472	15983	381	1350
163.49	15984	384	1350
163.492	15985	387	1350
163.501	15986	381	1350
163.503	15987	384	1350
163.514	15988	381	1350
163.516	15989	383	1350
163.53	15990	383	1350
163.532	15991	385	1350
163.543	15992	382	1350
163.545	15993	385	1350
163.561	15994	386	1350
163.563	15995	388	1350
163.569	15996	381	1350
163.572	15997	383	1350
163.583	15998	380	1350
163.585	15999	382	1350
163.596	16000	379	1350
163.598	16001	382	1350
163.605	16002	374	1350
163.607	16003	376	1350
163.622	16004	378	1350
163.625	16005	380	1350
163.633	16006	375	1350
163.636	16007	377	1350
163.647	16008	374	1350
163.649	16009	376	1350
163.664	16010	379	1350
163.667	16011	381	1350
163.669	16012	369	1350
163.671	16013	371	1350
163.686	16014	373	1350
163.689	16015	375	1350
163.7	16016	372	1350
163.702	16017	374	1350
163.713	16018	371	1350
163.715	16019	374	1350
163.731	16020	375	1350
163.733	16021	377	1350
163.739	16022	370	1350
163.742	16023	372	1350
163.753	16024	369	1350
163.755	16025	371	1350
163.766	16026	368	1350
163.768	16027	371	1350
163.784	16028	373	1350
163.786	16029	375	1350
163.795	16030	370	1350
163.797	16031	372	1350
163.803	16032	365	1350
163.806	16033	367	1350
163.826	16034	373	1350
163.828	16035	375	1350
163.834	16036	368	1350
163.837	16037	370	1350
163.852	16038	372	1350
163.854	16039	374	1350
163.865	16040	371	1350
163.867	16041	373	1350
163.879	16042	370	1350
163.881	16043	372	1350
163.892	16044	369	1350
163.894	16045	371	1350
163.905	16046	369	1350
163.907	16047	371	1350
163.923	16048	373	1350
163.925	16049	375	1350
163.932	16050	368	1350
163.934	16051	370	1350
163.949	16052	372	1350
163.951	16053	374	1350
163.96	16054	369	1350
163.962	16055	371	1350
163.973	16056	368	1350
163.976	16057	370	1350
163.991	16058	372	1350
163.993	16059	374	1350
164.002	16060	369	1350
164.004	16061	371	1350
164.02	16062	372	1350
164.022	16063	375	1350
164.031	16064	369	1350
164.033	16065	372	1350
164.046	16066	371	1350
164.049	16067	373	1350
164.06	16068	371	1350
164.062	16069	373	1350
164.071	16070	368	1350
164.073	16071	370	1350
164.079	16072	363	1350
164.082	16073	365	1350
164.088	16074	358	1350
164.09	16075	360	1350
164.102	16076	357	1350
164.104	16077	359	1350
164.108	16078	350	1350
164.11	16079	352	1350
164.121	16080	349	1350
164.124	16081	351	1350
164.13	16082	344	1350
164.132	16083	346	1350
164.139	16084	339	1350
164.141	16085	341	1350
164.177	16086	287	34
164.23	16087	210	33
164.329	16088	102	1350
164.358	16089	102	1350
164.365	16090	102	1350
164.374	16091	104	1350
164.378	16092	103	1350
164.578	16093	124	1350
164.58	16094	127	1350
164.596	16095	128	1350
164.598	16096	130	1350
164.613	16097	132	1350
164.615	16098	134	1350
164.635	16099	140	1350
164.638	16100	142	1350
164.653	16101	145	1350
164.655	16102	147	1350
164.671	16103	148	1350
164.673	16104	150	1350
164.693	16105	156	1350
164.695	16106	158	1350
164.71	16107	161	1350
164.713	16108	163	1350
164.737	16109	173	1350
164.739	16110	176	1350
164.755	16111	177	1350
164.757	16112	179	1350
164.777	16113	186	1350
164.779	16114	188	1350
164.794	16115	190	1350
164.797	16116	192	1350
164.816	16117	198	1350
164.819	16118	200	1350
164.839	16119	206	1350
164.841	16120	208	1350
164.856	16121	211	1350
164.858	16122	213	1350
164.874	16123	214	1350
164.876	16124	217	1350
164.892	16125	218	1350
164.894	16126	220	1350
164.914	16127	227	1350
164.916	16128	229	1350
164.929	16129	229	1350
164.931	16130	231	1350
164.947	16131	232	1350
164.949	16132	234	1350
164.96	16133	234	1350
164.962	16134	237	1350
164.973	16135	237	1350
164.975	16136	239	1350
164.991	16137	243	1350
164.993	16138	246	1350
165.013	16139	254	1350
165.015	16140	257	1350
165.022	16141	252	1350
165.024	16142	254	1350
165.026	16143	247	1350
165.028	16144	249	1350
165.039	16145	249	1350
165.042	16146	251	1350
165.062	16147	260	1350
165.064	16148	262	1350
165.07	16149	258	1350
165.073	16150	260	1350
165.092	16151	269	1350
165.095	16152	271	1350
165.101	16153	267	1350
165.103	16154	269	1350
165.115	16155	269	1350
165.117	16156	271	1350
165.128	16157	271	1350
165.13	16158	273	1350
165.141	16159	274	1350
165.143	16160	276	1350
165.159	16161	280	1350
165.161	16162	282	1350
165.172	16163	282	1350
165.174	16164	285	1350
165.185	16165	285	1350
165.187	16166	287	1350
165.203	16167	291	1350
165.205	16168	294	1350
165.212	16169	289	1350
165.214	16170	291	1350
165.225	16171	291	1350
165.227	16172	294	1350
165.243	16173	298	1350
165.245	16174	300	1350
165.269	16175	307	1350
165.271	16176	309	1350
165.282	16177	302	1350
165.285	16178	304	1350
165.304	16179	305	1350
165.307	16180	307	1350
165.326	16181	310	1350
165.329	16182	312	1350
165.344	16183	309	1350
165.346	16184	311	1350
165.366	16185	313	1350
165.368	16186	315	1350
165.384	16187	311	1350
165.386	16188	314	1350
165.402	16189	311	1350
165.404	16190	313	1350
165.424	16191	315	1350
165.426	16192	317	1350
165.446	16193	318	1350
165.448	16194	320	1350
165.463	16195	318	1350
165.466	16196	320	1350
165.481	16197	318	1350
165.483	16198	320	1350
165.508	16199	326	1350
165.51	16200	328	1350
165.525	16201	325	1350
165.527	16202	327	1350
165.543	16203	329	1350
165.545	16204	332	1350
165.552	16205	324	1350
165.554	16206	326	1350
165.569	16207	328	1350
165.572	16208	330	1350
165.587	16209	333	1350
165.589	16210	335	1350
165.605	16211	336	1350
165.607	16212	338	1350
165.618	16213	335	1350
165.62	16214	338	1350
165.64	16215	345	1350
165.642	16216	347	1350
165.649	16217	339	1350
165.651	16218	342	1350
165.667	16219	343	1350
165.669	16220	345	1350
165.671	16221	334	1350
165.673	16222	337	1350
165.689	16223	338	1350
165.691	16224	340	1350
165.706	16225	342	1350
165.708	16226	344	1350
165.72	16227	341	1350
165.722	16228	343	1350
165.737	16229	346	1350
165.739	16230	348	1350
165.746	16231	340	1350
165.748	16232	343	1350
165.764	16233	344	1350
165.766	16234	346	1350
165.772	16235	340	1350
165.775	16236	342	1350
165.79	16237	344	1350
165.792	16238	346	1350
165.803	16239	343	1350
165.806	16240	345	1350
165.817	16241	342	1350
165.819	16242	344	1350
165.834	16243	347	1350
165.837	16244	349	1350
165.85	16245	348	1350
165.852	16246	350	1350
165.867	16247	352	1350
165.87	16248	354	1350
165.876	16249	348	1350
165.878	16250	350	1350
165.89	16251	347	1350
165.892	16252	349	1350
165.903	16253	346	1350
165.905	16254	348	1350
165.925	16255	355	1350
165.927	16256	358	1350
165.938	16257	355	1350
165.94	16258	357	1350
165.951	16259	354	1350
165.954	16260	356	1350
165.965	16261	353	1350
165.967	16262	355	1350
165.982	16263	358	1350
165.984	16264	360	1350
165.995	16265	357	1350
165.998	16266	359	1350
166.009	16267	356	1350
166.011	16268	358	1350
166.022	16269	356	1350
166.024	16270	359	1350
166.035	16271	356	1350
166.037	16272	358	1350
166.048	16273	355	1350
166.051	16274	357	1350
166.062	16275	355	1350
166.064	16276	357	1350
166.075	16277	354	1350
166.077	16278	357	1350
166.093	16279	358	1350
166.095	16280	360	1350
166.101	16281	353	1350
166.104	16282	355	1350
166.119	16283	358	1350
166.121	16284	360	1350
166.132	16285	357	1350
166.135	16286	359	1350
166.15	16287	361	1350
166.152	16288	363	1350
166.159	16289	356	1350
166.161	16290	359	1350
166.177	16291	360	1350
166.179	16292	362	1350
166.194	16293	364	1350
166.196	16294	366	1350
166.207	16295	364	1350
166.21	16296	366	1350
166.225	16297	368	1350
166.227	16298	370	1350
166.238	16299	367	1350
166.241	16300	369	1350
166.256	16301	371	1350
166.258	16302	373	1350
166.265	16303	366	1350
166.267	16304	369	1350
166.283	16305	370	1350
166.285	16306	372	1350
166.298	16307	371	1350
166.3	16308	374	1350
166.316	16309	376	1350
166.318	16310	378	1350
166.333	16311	380	1350
166.336	16312	382	1350
166.351	16313	383	1350
166.353	16314	386	1350
166.369	16315	388	1350
166.38	16317	385	1350
166.382	16318	387	1350
166.4	16320	384	1350
166.402	16321	386	1350
166.413	16322	384	1350
166.415	16323	387	1350
166.43	16324	388	1350
166.442	16326	385	1350
166.448	16327	385	1350
166.45	16328	387	1350
166.455	16329	378	1350
166.457	16330	380	1350
166.472	16331	383	1350
166.475	16332	385	1350
166.49	16333	386	1350
166.492	16334	388	1350
166.508	16335	387	1350
166.514	16337	380	1350
166.517	16338	382	1350
166.532	16339	385	1350
166.534	16340	387	1350
166.541	16341	379	1350
166.543	16342	382	1350
166.554	16343	379	1350
166.556	16344	381	1350
166.567	16345	378	1350
166.57	16346	380	1350
166.581	16347	378	1350
166.583	16348	380	1350
166.598	16349	382	1350
166.6	16350	384	1350
166.612	16351	381	1350
166.614	16352	383	1350
166.629	16353	386	1350
166.631	16354	388	1350
166.638	16355	381	1350
166.64	16356	383	1350
166.656	16357	384	1350
166.658	16358	386	1350
166.665	16359	380	1350
166.667	16360	382	1350
166.682	16361	384	1350
166.684	16362	386	1350
166.704	16363	385	1350
166.706	16364	387	1350
166.722	16365	388	1350
166.733	16367	382	1350
166.735	16368	385	1350
166.751	16369	387	1350
166.753	16370	389	1350
166.766	16371	385	1350
166.768	16372	387	1350
166.775	16373	380	1350
166.777	16374	383	1350
166.788	16375	381	1350
166.79	16376	383	1350
166.806	16377	383	1350
166.808	16378	386	1350
166.835	16381	380	1350
166.837	16382	382	1350
166.854	16383	378	1350
166.857	16384	380	1350
166.872	16385	383	1350
166.874	16386	385	1350
166.888	16387	384	1350
166.89	16388	386	1350
166.901	16389	383	1350
166.903	16390	385	1350
166.918	16391	377	1350
166.921	16392	379	1350
166.932	16393	379	1350
166.934	16394	381	1350
166.949	16395	386	1350
166.965	16396	382	1350
166.967	16397	385	1350
166.976	16398	382	1350
166.987	16399	372	1350
166.989	16400	375	1350
167.005	16401	379	1350
167.007	16402	381	1350
167.011	16403	375	1350
167.013	16404	377	1350
167.024	16405	377	1350
167.035	16406	370	1350
167.038	16407	372	1350
167.049	16408	372	1350
167.051	16409	374	1350
167.062	16410	369	1350
167.064	16411	372	1350
167.075	16412	372	1350
167.077	16413	374	1350
167.097	16414	374	1350
167.1	16415	376	1350
167.106	16416	372	1350
167.108	16417	374	1350
167.126	16418	371	1350
167.128	16419	374	1350
167.141	16420	369	1350
167.144	16421	371	1350
167.159	16422	369	1350
167.161	16423	371	1350
167.177	16424	367	1350
167.179	16425	369	1350
167.199	16426	371	1350
167.201	16427	374	1350
167.217	16428	371	1350
167.219	16429	373	1350
167.236	16430	373	1350
167.239	16431	375	1350
167.254	16432	372	1350
167.256	16433	374	1350
167.272	16434	371	1350
167.274	16435	373	1350
167.289	16436	371	1350
167.292	16437	373	1350
167.307	16438	371	1350
167.309	16439	373	1350
167.323	16440	368	1350
167.325	16441	370	1350
167.342	16442	369	1350
167.345	16443	371	1350
167.364	16444	373	1350
167.367	16445	375	1350
167.387	16446	376	1350
167.389	16447	378	1350
167.4	16448	376	1350
167.402	16449	378	1350
167.413	16450	376	1350
167.415	16451	378	1350
167.42	16452	368	1350
167.422	16453	370	1350
167.437	16454	373	1350
167.44	16455	375	1350
167.446	16456	368	1350
167.448	16457	370	1350
167.468	16458	376	1350
167.47	16459	378	1350
167.481	16460	376	1350
167.484	16461	378	1350
167.495	16462	375	1350
167.497	16463	377	1350
167.51	16464	377	1350
167.512	16465	379	1350
167.523	16466	376	1350
167.526	16467	378	1350
167.537	16468	376	1350
167.539	16469	378	1350
167.552	16470	379	1350
167.554	16471	381	1350
167.565	16472	377	1350
167.568	16473	379	1350
167.579	16474	377	1350
167.581	16475	379	1350
167.587	16476	372	1350
167.59	16477	374	1350
167.596	16478	367	1350
167.599	16479	369	1350
167.61	16480	367	1350
167.612	16481	369	1350
167.623	16482	366	1350
167.625	16483	369	1350
167.636	16484	366	1350
167.638	16485	368	1350
167.645	16486	360	1350
167.647	16487	363	1350
167.658	16488	361	1350
167.66	16489	363	1350
167.674	16490	362	1350
167.676	16491	364	1350
167.691	16492	366	1350
167.693	16493	368	1350
167.702	16494	364	1350
167.704	16495	366	1350
167.711	16496	359	1350
167.713	16497	361	1350
167.724	16498	358	1350
167.727	16499	360	1350
167.738	16500	358	1350
167.74	16501	360	1350
167.755	16502	362	1350
167.757	16503	364	1350
167.764	16504	357	1350
167.766	16505	359	1350
167.782	16506	360	1350
167.784	16507	362	1350
167.793	16508	358	1350
167.795	16509	361	1350
167.81	16510	363	1350
167.813	16511	365	1350
167.819	16512	357	1350
167.822	16513	359	1350
167.846	16514	356	1350
167.848	16515	359	1350
167.859	16516	356	1350
167.861	16517	358	1350
167.886	16518	361	1350
167.888	16519	363	1350
167.899	16520	360	1350
167.901	16521	363	1350
167.912	16522	360	1350
167.914	16523	362	1350
167.923	16524	358	1350
167.925	16525	360	1350
167.941	16526	361	1350
167.943	16527	363	1350
167.954	16528	360	1350
167.956	16529	363	1350
167.969	16530	362	1350
167.972	16531	364	1350
167.983	16532	363	1350
167.985	16533	365	1350
168.003	16534	368	1350
168.005	16535	370	1350
168.014	16536	365	1350
168.016	16537	367	1350
168.027	16538	364	1350
168.029	16539	367	1350
168.042	16540	365	1350
168.045	16541	367	1350
168.056	16542	365	1350
168.058	16543	367	1350
168.071	16544	368	1350
168.073	16545	370	1350
168.084	16546	366	1350
168.086	16547	368	1350
168.095	16548	363	1350
168.098	16549	365	1350
168.109	16550	363	1350
168.111	16551	365	1350
168.122	16552	362	1350
168.124	16553	365	1350
168.135	16554	362	1350
168.137	16555	364	1350
168.157	16556	371	1350
168.159	16557	373	1350
168.17	16558	370	1350
168.173	16559	372	1350
168.184	16560	369	1350
168.186	16561	371	1350
168.199	16562	372	1350
168.201	16563	374	1350
168.212	16564	371	1350
168.215	16565	373	1350
168.226	16566	370	1350
168.228	16567	372	1350
168.243	16568	374	1350
168.245	16569	376	1350
168.256	16570	374	1350
168.259	16571	376	1350
168.27	16572	373	1350
168.272	16573	375	1350
168.283	16574	372	1350
168.285	16575	375	1350
168.298	16576	375	1350
168.301	16577	377	1350
168.312	16578	374	1350
168.314	16579	376	1350
168.332	16580	380	1350
168.334	16581	382	1350
168.345	16582	380	1350
168.347	16583	383	1350
168.362	16584	384	1350
168.365	16585	386	1350
168.376	16586	383	1350
168.378	16587	385	1350
168.393	16588	383	1350
168.396	16589	385	1350
168.409	16590	384	1350
168.411	16591	387	1350
168.415	16592	378	1350
168.418	16593	380	1350
168.438	16594	386	1350
168.44	16595	388	1350
168.451	16596	385	1350
168.453	16597	388	1350
168.464	16598	385	1350
168.466	16599	387	1350
168.48	16600	385	1350
168.482	16601	387	1350
168.493	16602	384	1350
168.495	16603	386	1350
168.51	16604	383	1350
168.513	16605	385	1350
168.528	16606	387	1350
168.53	16607	389	1350
168.537	16608	382	1350
168.539	16609	385	1350
168.555	16610	386	1350
168.557	16611	388	1350
168.566	16612	383	1350
168.568	16613	385	1350
168.583	16614	387	1350
168.592	16616	383	1350
168.594	16617	385	1350
168.608	16618	384	1350
168.61	16619	386	1350
168.616	16620	379	1350
168.619	16621	381	1350
168.63	16622	379	1350
168.632	16623	381	1350
168.643	16624	378	1350
168.645	16625	381	1350
168.661	16626	382	1350
168.663	16627	384	1350
168.674	16628	378	1350
168.676	16629	381	1350
168.691	16630	382	1350
168.694	16631	384	1350
168.707	16632	382	1350
168.709	16633	385	1350
168.72	16634	383	1350
168.722	16635	385	1350
168.738	16636	387	1350
168.747	16638	384	1350
168.749	16639	386	1350
168.762	16640	381	1350
168.764	16641	383	1350
168.775	16642	383	1350
168.778	16643	385	1350
168.791	16644	382	1350
168.793	16645	385	1350
168.8	16646	380	1350
168.802	16647	382	1350
168.817	16648	381	1350
168.82	16649	383	1350
168.831	16650	383	1350
168.833	16651	385	1350
168.853	16652	383	1350
168.855	16653	385	1350
168.861	16654	381	1350
168.864	16655	383	1350
168.881	16656	381	1350
168.884	16657	383	1350
168.895	16658	383	1350
168.897	16659	385	1350
168.917	16660	383	1350
168.919	16661	385	1350
168.926	16662	381	1350
168.928	16663	383	1350
168.934	16664	372	1350
168.937	16665	374	1350
168.952	16666	372	1350
168.954	16667	374	1350
168.97	16668	370	1350
168.972	16669	372	1350
168.983	16670	365	1350
168.985	16671	368	1350
168.996	16672	361	1350
168.998	16673	363	1350
169.016	16674	363	1350
169.018	16675	365	1350
169.034	16676	361	1350
169.036	16677	363	1350
169.047	16678	356	1350
169.049	16679	359	1350
169.065	16680	356	1350
169.067	16681	357	1350
169.091	16682	350	1350
169.093	16683	352	1350
169.107	16684	347	1350
169.109	16685	349	1350
169.124	16686	346	1350
169.126	16687	348	1350
169.137	16688	341	1350
169.14	16689	343	1350
169.151	16690	336	1350
169.153	16691	338	1350
169.164	16692	335	1350
169.166	16693	338	1350
169.184	16694	342	1350
169.186	16695	345	1350
169.197	16696	342	1350
169.199	16697	344	1350
169.215	16698	345	1350
169.217	16699	347	1350
169.228	16700	345	1350
169.23	16701	347	1350
169.237	16702	340	1350
169.239	16703	339	1350
169.241	16704	341	1350
169.252	16705	335	1350
169.255	16706	337	1350
169.27	16707	338	1350
169.272	16708	341	1350
169.279	16709	334	1350
169.281	16710	337	1350
169.296	16711	338	1350
169.299	16712	340	1350
169.308	16713	335	1350
169.31	16714	337	1350
169.323	16715	336	1350
169.325	16716	339	1350
169.332	16717	331	1350
169.334	16718	333	1350
169.354	16719	334	1350
169.356	16720	337	1350
169.367	16721	334	1350
169.369	16722	336	1350
169.389	16723	339	1350
169.391	16724	341	1350
169.402	16725	338	1350
169.405	16726	340	1350
169.42	16727	343	1350
169.422	16728	345	1350
169.433	16729	342	1350
169.436	16730	344	1350
169.451	16731	343	1350
169.453	16732	345	1350
169.464	16733	343	1350
169.466	16734	345	1350
169.482	16735	340	1350
169.484	16736	343	1350
169.497	16737	343	1350
169.5	16738	345	1350
169.511	16739	338	1350
169.513	16740	340	1350
169.519	16741	334	1350
169.522	16742	336	1350
169.537	16743	338	1350
169.539	16744	340	1350
169.55	16745	337	1350
169.553	16746	339	1350
169.566	16747	338	1350
169.568	16748	341	1350
169.579	16749	338	1350
169.581	16750	340	1350
169.592	16751	337	1350
169.595	16752	339	1350
169.597	16753	327	1350
169.599	16754	329	1350
169.614	16755	331	1350
169.617	16756	333	1350
169.625	16757	328	1350
169.628	16758	330	1350
169.643	16759	332	1350
169.645	16760	334	1350
169.659	16761	333	1350
169.661	16762	335	1350
169.672	16763	332	1350
169.674	16764	335	1350
169.685	16765	332	1350
169.687	16766	334	1350
169.694	16767	326	1350
169.696	16768	329	1350
169.707	16769	326	1350
169.709	16770	328	1350
169.72	16771	325	1350
169.723	16772	327	1350
169.738	16773	329	1350
169.74	16774	331	1350
169.751	16775	328	1350
169.754	16776	330	1350
169.769	16777	332	1350
169.771	16778	335	1350
169.778	16779	327	1350
169.78	16780	330	1350
169.795	16781	331	1350
169.798	16782	333	1350
169.809	16783	330	1350
169.811	16784	332	1350
169.822	16785	329	1350
169.824	16786	332	1350
169.84	16787	333	1350
169.842	16788	335	1350
169.853	16789	332	1350
169.855	16790	335	1350
169.866	16791	332	1350
169.868	16792	334	1350
169.882	16793	333	1350
169.884	16794	335	1350
169.904	16795	341	1350
169.906	16796	343	1350
169.917	16797	340	1350
169.919	16798	343	1350
169.935	16799	344	1350
169.937	16800	346	1350
169.948	16801	343	1350
169.95	16802	346	1350
169.961	16803	343	1350
169.963	16804	345	1350
169.977	16805	344	1350
169.979	16806	346	1350
169.99	16807	343	1350
169.992	16808	345	1350
170.007	16809	347	1350
170.01	16810	349	1350
170.021	16811	346	1350
170.023	16812	348	1350
170.034	16813	346	1350
170.036	16814	349	1350
170.054	16815	352	1350
170.056	16816	355	1350
170.067	16817	352	1350
170.069	16818	354	1350
170.076	16819	346	1350
170.078	16820	349	1350
170.094	16821	350	1350
170.096	16822	352	1350
170.111	16823	354	1350
170.113	16824	356	1350
170.124	16825	353	1350
170.127	16826	355	1350
170.138	16827	352	1350
170.14	16828	354	1350
170.155	16829	356	1350
170.158	16830	358	1350
170.166	16831	353	1350
170.169	16832	355	1350
170.18	16833	352	1350
170.182	16834	354	1350
170.197	16835	356	1350
170.2	16836	358	1350
170.211	16837	355	1350
170.213	16838	357	1350
170.224	16839	354	1350
170.226	16840	357	1350
170.237	16841	354	1350
170.239	16842	356	1350
170.25	16843	353	1350
170.253	16844	355	1350
170.264	16845	352	1350
170.266	16846	354	1350
170.281	16847	356	1350
170.283	16848	358	1350
170.294	16849	356	1350
170.297	16850	358	1350
170.306	16851	353	1350
170.308	16852	355	1350
170.328	16853	361	1350
170.33	16854	363	1350
170.339	16855	358	1350
170.341	16856	360	1350
170.352	16857	357	1350
170.354	16858	360	1350
170.367	16859	359	1350
170.37	16860	361	1350
170.381	16861	358	1350
170.383	16862	360	1350
170.398	16863	362	1350
170.4	16864	364	1350
170.411	16865	361	1350
170.414	16866	363	1350
170.429	16867	365	1350
170.431	16868	367	1350
170.442	16869	364	1350
170.445	16870	366	1350
170.46	16871	368	1350
170.462	16872	370	1350
170.471	16873	365	1350
170.473	16874	367	1350
170.489	16875	368	1350
170.491	16876	370	1350
170.502	16877	368	1350
170.504	16878	370	1350
170.515	16879	370	1350
170.517	16880	372	1350
170.529	16881	369	1350
170.531	16882	371	1350
170.542	16883	371	1350
170.544	16884	373	1350
170.557	16885	365	1350
170.559	16886	367	1350
170.566	16887	363	1350
170.568	16888	365	1350
170.584	16889	365	1350
170.586	16890	367	1350
170.597	16891	367	1350
170.599	16892	370	1350
170.619	16893	370	1350
170.621	16894	372	1350
170.632	16895	372	1350
170.635	16896	374	1350
170.65	16897	369	1350
170.652	16898	372	1350
170.663	16899	372	1350
170.665	16900	374	1350
170.672	16901	370	1350
170.674	16902	368	1350
170.676	16903	370	1350
170.692	16904	372	1350
170.707	16905	372	1350
170.71	16906	374	1350
170.721	16907	374	1350
170.723	16908	376	1350
170.734	16909	371	1350
170.736	16910	374	1350
170.752	16911	371	1350
170.754	16912	373	1350
170.769	16913	370	1350
170.771	16914	372	1350
170.787	16915	369	1350
170.789	16916	372	1350
170.805	16917	368	1350
170.807	16918	370	1350
170.82	16919	364	1350
170.822	16920	367	1350
170.842	16921	369	1350
170.844	16922	371	1350
170.855	16923	363	1350
170.858	16924	365	1350
170.877	16925	367	1350
170.88	16926	369	1350
170.895	16927	366	1350
170.897	16928	368	1350
170.913	16929	364	1350
170.915	16930	366	1350
170.93	16931	364	1350
170.933	16932	366	1350
170.948	16933	363	1350
170.95	16934	365	1350
170.966	16935	362	1350
170.968	16936	364	1350
170.979	16937	361	1350
170.981	16938	364	1350
170.994	16939	363	1350
170.997	16940	365	1350
171.008	16941	362	1350
171.01	16942	364	1350
171.021	16943	361	1350
171.023	16944	364	1350
171.034	16945	361	1350
171.036	16946	363	1350
171.05	16947	362	1350
171.052	16948	364	1350
171.061	16949	359	1350
171.063	16950	361	1350
171.083	16951	367	1350
171.085	16952	369	1350
171.092	16953	362	1350
171.094	16954	364	1350
171.109	16955	366	1350
171.111	16956	368	1350
171.122	16957	365	1350
171.125	16958	367	1350
171.14	16959	369	1350
171.142	16960	371	1350
171.153	16961	368	1350
171.156	16962	370	1350
171.162	16963	363	1350
171.164	16964	365	1350
171.173	16965	360	1350
171.175	16966	362	1350
171.191	16967	364	1350
171.193	16968	367	1350
171.209	16969	368	1350
171.211	16970	370	1350
171.222	16971	367	1350
171.224	16972	370	1350
171.235	16973	367	1350
171.237	16974	369	1350
171.248	16975	366	1350
171.251	16976	368	1350
171.262	16977	365	1350
171.264	16978	367	1350
171.279	16979	369	1350
171.281	16980	371	1350
171.292	16981	368	1350
171.295	16982	370	1350
171.306	16983	367	1350
171.308	16984	369	1350
171.321	16985	369	1350
171.323	16986	371	1350
171.33	16987	364	1350
171.332	16988	366	1350
171.343	16989	363	1350
171.345	16990	365	1350
171.361	16991	366	1350
171.363	16992	369	1350
171.374	16993	366	1350
171.376	16994	368	1350
171.387	16995	365	1350
171.39	16996	367	1350
171.401	16997	364	1350
171.403	16998	366	1350
171.418	16999	363	1350
171.421	17000	365	1350
171.432	17001	362	1350
171.434	17002	364	1350
171.449	17003	359	1350
171.451	17004	361	1350
171.463	17005	358	1350
171.465	17006	360	1350
171.48	17007	361	1350
171.482	17008	363	1350
171.487	17009	353	1350
171.489	17010	356	1350
171.5	17011	353	1350
171.502	17012	355	1350
171.513	17013	352	1350
171.516	17014	354	1350
171.527	17015	352	1350
171.529	17016	354	1350
171.538	17017	348	1350
171.54	17018	350	1350
171.56	17019	352	1350
171.562	17020	354	1350
171.573	17021	351	1350
171.575	17022	354	1350
171.586	17023	351	1350
171.588	17024	353	1350
171.599	17025	350	1350
171.602	17026	352	1350
171.621	17027	356	1350
171.624	17028	358	1350
171.635	17029	355	1350
171.637	17030	357	1350
171.644	17031	350	1350
171.646	17032	352	1350
171.661	17033	354	1350
171.663	17034	356	1350
171.674	17035	353	1350
171.677	17036	355	1350
171.692	17037	358	1350
171.694	17038	360	1350
171.701	17039	352	1350
171.703	17040	355	1350
171.719	17041	356	1350
171.721	17042	358	1350
171.732	17043	355	1350
171.734	17044	358	1350
171.75	17045	359	1350
171.752	17046	361	1350
171.763	17047	358	1350
171.765	17048	361	1350
171.776	17049	358	1350
171.778	17050	360	1350
171.794	17051	361	1350
171.796	17052	363	1350
171.807	17053	360	1350
171.809	17054	363	1350
171.82	17055	360	1350
171.822	17056	362	1350
171.838	17057	363	1350
171.84	17058	366	1350
171.853	17059	365	1350
171.856	17060	367	1350
171.867	17061	364	1350
171.869	17062	366	1350
171.884	17063	368	1350
171.886	17064	370	1350
171.893	17065	363	1350
171.895	17066	365	1350
171.911	17067	367	1350
171.913	17068	369	1350
171.924	17069	365	1350
171.926	17070	368	1350
171.946	17071	372	1350
171.948	17072	374	1350
171.959	17073	371	1350
171.962	17074	373	1350
171.977	17075	371	1350
171.979	17076	374	1350
171.988	17077	369	1350
171.99	17078	371	1350
172.006	17079	372	1350
172.008	17080	374	1350
172.019	17081	371	1350
172.021	17082	374	1350
172.037	17083	375	1350
172.039	17084	377	1350
172.05	17085	375	1350
172.052	17086	378	1350
172.063	17087	375	1350
172.065	17088	377	1350
172.074	17089	372	1350
172.076	17090	374	1350
172.092	17091	375	1350
172.094	17092	377	1350
172.105	17093	375	1350
172.107	17094	377	1350
172.12	17095	376	1350
172.123	17096	378	1350
172.136	17097	376	1350
172.138	17098	379	1350
172.149	17099	376	1350
172.151	17100	378	1350
172.162	17101	375	1350
172.165	17102	377	1350
172.176	17103	374	1350
172.178	17104	376	1350
172.193	17105	376	1350
172.196	17106	378	1350
172.202	17107	371	1350
172.204	17108	373	1350
172.224	17109	379	1350
172.226	17110	381	1350
172.233	17111	374	1350
172.235	17112	376	1350
172.251	17113	376	1350
172.253	17114	378	1350
172.264	17115	376	1350
172.266	17116	378	1350
172.277	17117	375	1350
172.279	17118	377	1350
172.295	17119	378	1350
172.297	17120	381	1350
172.313	17121	380	1350
172.315	17122	382	1350
172.326	17123	382	1350
172.328	17124	385	1350
172.339	17125	377	1350
172.341	17126	379	1350
172.355	17127	380	1350
172.357	17128	382	1350
172.368	17129	376	1350
172.37	17130	378	1350
172.385	17131	383	1350
172.388	17132	385	1350
172.399	17133	380	1350
172.401	17134	382	1350
172.408	17135	378	1350
172.41	17136	380	1350
172.43	17137	380	1350
172.432	17138	382	1350
172.443	17139	382	1350
172.445	17140	385	1350
172.465	17141	380	1350
172.467	17142	383	1350
172.478	17143	383	1350
172.48	17144	385	1350
172.494	17145	380	1350
172.496	17146	382	1350
172.507	17147	382	1350
172.509	17148	385	1350
172.52	17149	376	1350
172.522	17150	378	1350
172.542	17151	380	1350
172.544	17152	382	1350
172.56	17153	378	1350
172.562	17154	381	1350
172.578	17155	378	1350
172.58	17156	380	1350
172.595	17157	377	1350
172.597	17158	379	1350
172.611	17159	374	1350
172.613	17160	376	1350
172.628	17161	373	1350
172.631	17162	375	1350
172.644	17163	369	1350
172.646	17164	371	1350
172.666	17165	373	1350
172.668	17166	376	1350
172.679	17167	368	1350
172.681	17168	370	1350
172.697	17169	367	1350
172.699	17170	369	1350
172.714	17171	366	1350
172.717	17172	368	1350
172.732	17173	365	1350
172.734	17174	367	1350
172.75	17175	368	1350
172.752	17176	370	1350
172.759	17177	363	1350
172.761	17178	365	1350
172.776	17179	368	1350
172.778	17180	370	1350
172.79	17181	367	1350
172.792	17182	369	1350
172.807	17183	371	1350
172.809	17184	373	1350
172.82	17185	370	1350
172.823	17186	372	1350
172.838	17187	374	1350
172.84	17188	376	1350
172.849	17189	371	1350
172.851	17190	373	1350
172.862	17191	370	1350
172.865	17192	372	1350
172.876	17193	369	1350
172.878	17194	371	1350
172.889	17195	368	1350
172.891	17196	371	1350
172.902	17197	368	1350
172.904	17198	370	1350
172.92	17199	371	1350
172.922	17200	373	1350
172.929	17201	366	1350
172.931	17202	368	1350
172.951	17203	374	1350
172.953	17204	376	1350
172.964	17205	373	1350
172.966	17206	376	1350
172.982	17207	377	1350
172.984	17208	379	1350
172.993	17209	374	1350
172.995	17210	376	1350
173.006	17211	373	1350
173.008	17212	376	1350
173.019	17213	374	1350
173.021	17214	376	1350
173.032	17215	373	1350
173.035	17216	375	1350
173.054	17217	381	1350
173.057	17218	383	1350
173.063	17219	376	1350
173.066	17220	378	1350
173.081	17221	379	1350
173.083	17222	382	1350
173.094	17223	379	1350
173.096	17224	381	1350
173.11	17225	380	1350
173.112	17226	382	1350
173.123	17227	379	1350
173.125	17228	382	1350
173.138	17229	381	1350
173.141	17230	383	1350
173.158	17231	387	1350
173.16	17232	389	1350
173.176	17233	385	1350
173.178	17234	388	1350
173.187	17235	382	1350
173.189	17236	385	1350
173.2	17237	382	1350
173.202	17238	384	1350
173.213	17239	381	1350
173.216	17240	383	1350
173.231	17241	374	1350
173.233	17242	376	1350
173.249	17243	377	1350
173.251	17244	379	1350
173.258	17245	372	1350
173.26	17246	374	1350
173.275	17247	376	1350
173.277	17248	378	1350
173.289	17249	374	1350
173.291	17250	376	1350
173.302	17251	373	1350
173.304	17252	375	1350
173.315	17253	370	1350
173.317	17254	372	1350
173.333	17255	373	1350
173.335	17256	375	1350
173.344	17257	369	1350
173.346	17258	371	1350
173.353	17259	364	1350
173.355	17260	366	1350
173.37	17261	368	1350
173.372	17262	370	1350
173.379	17263	363	1350
173.381	17264	365	1350
173.392	17265	362	1350
173.395	17266	364	1350
173.41	17267	366	1350
173.412	17268	369	1350
173.419	17269	361	1350
173.421	17270	364	1350
173.45	17271	360	1350
173.452	17272	362	1350
173.467	17273	364	1350
173.47	17274	366	1350
173.481	17275	363	1350
173.483	17276	365	1350
173.498	17277	367	1350
173.5	17278	369	1350
173.507	17279	361	1350
173.509	17280	363	1350
173.52	17281	360	1350
173.523	17282	362	1350
173.542	17283	363	1350
173.545	17284	365	1350
173.56	17285	367	1350
173.562	17286	369	1350
173.569	17287	361	1350
173.571	17288	364	1350
173.587	17289	364	1350
173.589	17290	366	1350
173.598	17291	361	1350
173.6	17292	363	1350
173.615	17293	365	1350
173.618	17294	367	1350
173.631	17295	367	1350
173.633	17296	369	1350
173.644	17297	366	1350
173.646	17298	368	1350
173.668	17299	367	1350
173.671	17300	369	1350
173.684	17301	368	1350
173.686	17302	370	1350
173.693	17303	363	1350
173.695	17304	365	1350
173.706	17305	362	1350
173.708	17306	365	1350
173.719	17307	362	1350
173.721	17308	364	1350
173.737	17309	365	1350
173.739	17310	367	1350
173.746	17311	360	1350
173.748	17312	362	1350
173.763	17313	363	1350
173.765	17314	365	1350
173.776	17315	363	1350
173.779	17316	365	1350
173.794	17317	366	1350
173.796	17318	368	1350
173.803	17319	360	1350
173.805	17320	363	1350
173.821	17321	364	1350
173.823	17322	366	1350
173.832	17323	361	1350
173.834	17324	363	1350
173.849	17325	365	1350
173.852	17326	367	1350
173.858	17327	359	1350
173.86	17328	361	1350
173.876	17329	362	1350
173.878	17330	365	1350
173.889	17331	362	1350
173.891	17332	364	1350
173.905	17333	363	1350
173.907	17334	365	1350
173.918	17335	362	1350
173.92	17336	365	1350
173.935	17337	361	1350
173.938	17338	363	1350
173.953	17339	365	1350
173.955	17340	367	1350
173.971	17341	365	1350
173.973	17342	368	1350
173.988	17343	369	1350
173.991	17344	371	1350
173.997	17345	363	1350
174	17346	365	1350
174.011	17347	362	1350
174.013	17348	364	1350
174.035	17349	367	1350
174.037	17350	370	1350
174.052	17351	371	1350
174.055	17352	373	1350
174.061	17353	366	1350
174.064	17354	368	1350
174.079	17355	371	1350
174.081	17356	374	1350
174.09	17357	368	1350
174.092	17358	370	1350
174.105	17359	371	1350
174.108	17360	373	1350
174.119	17361	372	1350
174.121	17362	374	1350
174.125	17363	368	1350
174.128	17364	370	1350
174.167	17365	374	1350
174.17	17366	376	1350
174.176	17367	372	1350
174.178	17368	374	1350
174.189	17369	373	1350
174.192	17370	372	1350
174.194	17371	374	1350
174.214	17372	381	1350
174.216	17373	383	1350
174.227	17374	380	1350
174.229	17375	383	1350
174.245	17376	387	1350
174.247	17377	389	1350
174.253	17378	381	1350
174.256	17379	383	1350
174.271	17380	387	1350
174.282	17381	381	1350
174.284	17382	383	1350
174.304	17383	384	1350
174.306	17384	386	1350
174.32	17385	380	1350
174.322	17386	382	1350
174.34	17387	381	1350
174.342	17388	383	1350
174.357	17389	380	1350
174.359	17390	382	1350
174.375	17391	379	1350
174.377	17392	382	1350
174.397	17393	382	1350
174.399	17394	385	1350
174.417	17395	383	1350
174.419	17396	386	1350
174.432	17397	380	1350
174.434	17398	382	1350
174.454	17399	383	1350
174.457	17400	385	1350
174.474	17401	384	1350
174.476	17402	386	1350
174.492	17403	382	1350
174.494	17404	385	1350
174.507	17405	380	1350
174.51	17406	382	1350
174.525	17407	383	1350
174.527	17408	385	1350
174.538	17409	382	1350
174.54	17410	384	1350
174.552	17411	381	1350
174.554	17412	383	1350
174.567	17413	382	1350
174.569	17414	385	1350
174.582	17415	384	1350
174.585	17416	386	1350
174.593	17417	381	1350
174.596	17418	383	1350
174.607	17419	380	1350
174.609	17420	382	1350
174.624	17421	383	1350
174.627	17422	385	1350
174.635	17423	380	1350
174.638	17424	382	1350
174.653	17425	384	1350
174.655	17426	386	1350
174.669	17427	385	1350
174.671	17428	387	1350
174.68	17429	382	1350
174.682	17430	384	1350
174.695	17431	384	1350
174.697	17432	386	1350
174.708	17433	383	1350
174.71	17434	385	1350
174.722	17435	381	1350
174.724	17436	383	1350
174.739	17437	385	1350
174.741	17438	387	1350
174.75	17439	382	1350
174.752	17440	384	1350
174.759	17441	377	1350
174.761	17442	379	1350
174.777	17443	380	1350
174.779	17444	382	1350
174.788	17445	377	1350
174.79	17446	379	1350
174.801	17447	377	1350
174.803	17448	379	1350
174.808	17449	368	1350
174.81	17450	370	1350
174.821	17451	367	1350
174.823	17452	370	1350
174.83	17453	362	1350
174.832	17454	364	1350
174.843	17455	360	1350
174.845	17456	363	1350
174.852	17457	355	1350
174.854	17458	358	1350
175.061	17459	107	1350
175.064	17460	109	1350
175.066	17461	111	1350
175.068	17462	113	1350
175.07	17463	116	1350
175.319	17464	133	1350
175.322	17465	135	1350
175.324	17466	137	1350
175.326	17467	140	1350
175.328	17468	142	1350
175.331	17469	144	1350
175.333	17470	146	1350
175.333	17471	147	257
175.335	17472	149	1350
175.336	17473	149	216
175.338	17474	151	1350
175.338	17475	152	216
175.349	17476	155	1350
175.352	17477	157	1350
175.367	17478	159	1350
175.369	17479	161	1350
175.389	17480	167	1350
175.391	17481	169	1350
175.411	17482	174	1350
175.413	17483	176	1350
175.433	17484	182	1350
175.436	17485	184	1350
175.455	17486	190	1350
175.458	17487	192	1350
175.473	17488	194	1350
175.475	17489	196	1350
175.5	17490	206	1350
175.502	17491	208	1350
175.517	17492	210	1350
175.519	17493	212	1350
175.544	17494	222	1350
175.546	17495	224	1350
175.566	17496	229	1350
175.568	17497	232	1350
175.588	17498	237	1350
175.59	17499	240	1350
175.606	17500	241	1350
175.608	17501	243	1350
175.628	17502	249	1350
175.63	17503	251	1350
175.647	17504	255	1350
175.65	17505	257	1350
175.67	17506	263	1350
175.672	17507	265	1350
175.683	17508	262	1350
175.685	17509	265	1350
175.7	17510	265	1350
175.703	17511	267	1350
175.712	17512	262	1350
175.714	17513	264	1350
175.72	17514	257	1350
175.723	17515	259	1350
175.738	17516	261	1350
175.74	17517	263	1350
175.751	17518	260	1350
175.753	17519	262	1350
175.769	17520	263	1350
175.771	17521	266	1350
175.789	17522	269	1350
175.791	17523	272	1350
175.802	17524	268	1350
175.804	17525	270	1350
175.815	17526	267	1350
175.818	17527	269	1350
175.824	17528	262	1350
175.826	17529	264	1350
175.846	17530	270	1350
175.848	17531	272	1350
175.859	17532	269	1350
175.862	17533	271	1350
175.882	17534	277	1350
175.884	17535	279	1350
175.89	17536	272	1350
175.893	17537	274	1350
175.912	17538	279	1350
175.915	17539	281	1350
175.928	17540	280	1350
175.93	17541	283	1350
175.95	17542	288	1350
175.952	17543	291	1350
175.963	17544	288	1350
175.965	17545	290	1350
175.981	17546	294	1350
175.983	17547	297	1350
175.99	17548	291	1350
175.992	17549	293	1350
176.003	17550	293	1350
176.005	17551	296	1350
176.021	17552	300	1350
176.023	17553	302	1350
176.032	17554	299	1350
176.034	17555	301	1350
176.049	17556	306	1350
176.052	17557	308	1350
176.067	17558	313	1350
176.069	17559	315	1350
176.08	17560	314	1350
176.082	17561	316	1350
176.098	17562	320	1350
176.1	17563	323	1350
176.109	17564	320	1350
176.111	17565	323	1350
176.127	17566	326	1350
176.129	17567	328	1350
176.14	17568	328	1350
176.142	17569	331	1350
176.158	17570	335	1350
176.16	17571	337	1350
176.171	17572	337	1350
176.173	17573	339	1350
176.175	17574	330	1350
176.177	17575	332	1350
176.188	17576	332	1350
176.191	17577	334	1350
176.206	17578	338	1350
176.208	17579	340	1350
176.215	17580	334	1350
176.217	17581	337	1350
176.233	17582	341	1350
176.235	17583	343	1350
176.25	17584	347	1350
176.252	17585	349	1350
176.268	17586	352	1350
176.27	17587	355	1350
176.279	17588	352	1350
176.281	17589	355	1350
176.292	17590	354	1350
176.294	17591	356	1350
176.312	17592	355	1350
176.314	17593	357	1350
176.334	17594	357	1350
176.336	17595	359	1350
176.356	17596	360	1350
176.358	17597	362	1350
176.37	17598	353	1350
176.372	17599	355	1350
176.396	17600	361	1350
176.398	17601	363	1350
176.411	17602	357	1350
176.414	17603	359	1350
176.434	17604	359	1350
176.436	17605	361	1350
176.456	17606	362	1350
176.458	17607	364	1350
176.471	17608	358	1350
176.473	17609	360	1350
176.498	17610	365	1350
176.5	17611	367	1350
176.515	17612	364	1350
176.517	17613	366	1350
176.535	17614	364	1350
176.537	17615	366	1350
176.553	17616	362	1350
176.555	17617	364	1350
176.57	17618	365	1350
176.573	17619	367	1350
176.588	17620	369	1350
176.59	17621	371	1350
176.599	17622	365	1350
176.601	17623	367	1350
176.617	17624	368	1350
176.619	17625	371	1350
176.632	17626	369	1350
176.634	17627	371	1350
176.65	17628	372	1350
176.652	17629	375	1350
176.668	17630	375	1350
176.67	17631	377	1350
176.676	17632	369	1350
176.679	17633	371	1350
176.694	17634	373	1350
176.696	17635	375	1350
176.707	17636	371	1350
176.71	17637	373	1350
176.721	17638	370	1350
176.723	17639	372	1350
176.738	17640	373	1350
176.74	17641	375	1350
176.756	17642	376	1350
176.758	17643	379	1350
176.774	17644	379	1350
176.776	17645	381	1350
176.785	17646	376	1350
176.787	17647	378	1350
176.802	17648	379	1350
176.804	17649	381	1350
176.82	17650	382	1350
176.822	17651	385	1350
176.838	17652	385	1350
176.84	17653	387	1350
176.855	17654	388	1350
176.864	17656	383	1350
176.866	17657	385	1350
176.882	17658	385	1350
176.884	17659	387	1350
176.893	17660	382	1350
176.895	17661	385	1350
176.91	17662	385	1350
176.913	17663	387	1350
176.926	17664	386	1350
176.928	17665	389	1350
176.941	17666	387	1350
176.944	17667	389	1350
176.95	17668	382	1350
176.952	17669	384	1350
176.968	17670	384	1350
176.97	17671	387	1350
176.979	17672	380	1350
176.981	17673	383	1350
176.997	17674	384	1350
176.999	17675	386	1350
177.012	17676	385	1350
177.014	17677	387	1350
177.027	17678	386	1350
177.03	17679	388	1350
177.041	17680	384	1350
177.043	17681	386	1350
177.054	17682	383	1350
177.056	17683	386	1350
177.069	17684	384	1350
177.072	17685	386	1350
177.078	17686	379	1350
177.08	17687	381	1350
177.1	17688	386	1350
177.103	17689	388	1350
177.114	17690	385	1350
177.116	17691	387	1350
177.127	17692	383	1350
177.129	17693	386	1350
177.142	17694	385	1350
177.145	17695	387	1350
177.156	17696	383	1350
177.158	17697	385	1350
177.173	17698	386	1350
177.175	17699	388	1350
177.186	17700	385	1350
177.189	17701	387	1350
177.2	17702	383	1350
177.202	17703	385	1350
177.213	17704	382	1350
177.215	17705	385	1350
177.226	17706	381	1350
177.228	17707	383	1350
177.244	17708	384	1350
177.246	17709	387	1350
177.262	17710	387	1350
177.277	17712	387	1350
177.288	17714	385	1350
177.29	17715	387	1350
177.301	17716	383	1350
177.303	17717	385	1350
177.317	17718	384	1350
177.319	17719	386	1350
177.332	17720	385	1350
177.334	17721	387	1350
177.345	17722	384	1350
177.348	17723	386	1350
177.354	17724	378	1350
177.356	17725	380	1350
177.372	17726	381	1350
177.374	17727	384	1350
177.398	17728	381	1350
177.401	17729	383	1350
177.412	17730	379	1350
177.414	17731	381	1350
177.429	17732	378	1350
177.432	17733	380	1350
177.438	17734	373	1350
177.44	17735	375	1350
177.447	17736	367	1350
177.449	17737	369	1350
177.46	17738	366	1350
177.462	17739	368	1350
177.478	17740	368	1350
177.48	17741	371	1350
177.496	17742	372	1350
177.498	17743	374	1350
177.511	17744	373	1350
177.513	17745	375	1350
177.524	17746	372	1350
177.526	17747	374	1350
177.538	17748	370	1350
177.54	17749	372	1350
177.551	17750	369	1350
177.553	17751	371	1350
177.564	17752	368	1350
177.566	17753	370	1350
177.577	17754	366	1350
177.579	17755	368	1350
177.591	17756	365	1350
177.593	17757	367	1350
177.608	17758	368	1350
177.61	17759	370	1350
177.621	17760	367	1350
177.624	17761	369	1350
177.635	17762	365	1350
177.637	17763	367	1350
177.648	17764	364	1350
177.65	17765	367	1350
177.659	17766	360	1350
177.661	17767	363	1350
177.672	17768	360	1350
177.674	17769	362	1350
177.685	17770	358	1350
177.688	17771	360	1350
177.701	17772	358	1350
177.703	17773	361	1350
177.71	17774	353	1350
177.712	17775	355	1350
177.727	17776	356	1350
177.73	17777	358	1350
177.736	17778	351	1350
177.738	17779	353	1350
177.754	17780	353	1350
177.756	17781	356	1350
177.767	17782	353	1350
177.769	17783	355	1350
177.791	17784	350	1350
177.794	17785	352	1350
177.805	17786	348	1350
177.807	17787	350	1350
177.82	17788	350	1350
177.822	17789	352	1350
177.833	17790	348	1350
177.836	17791	350	1350
177.847	17792	347	1350
177.849	17793	349	1350
177.869	17794	354	1350
177.871	17795	356	1350
177.882	17796	352	1350
177.884	17797	355	1350
177.895	17798	352	1350
177.897	17799	354	1350
177.913	17800	354	1350
177.915	17801	357	1350
177.926	17802	354	1350
177.928	17803	356	1350
177.942	17804	354	1350
177.944	17805	356	1350
177.964	17806	362	1350
177.966	17807	364	1350
177.977	17808	360	1350
177.979	17809	363	1350
177.992	17810	362	1350
177.995	17811	364	1350
178.006	17812	360	1350
178.008	17813	362	1350
178.021	17814	361	1350
178.023	17815	363	1350
178.03	17816	358	1350
178.032	17817	361	1350
178.039	17818	355	1350
178.041	17819	357	1350
178.056	17820	361	1350
178.059	17821	363	1350
178.07	17822	363	1350
178.072	17823	365	1350
178.081	17824	362	1350
178.083	17825	364	1350
178.098	17826	369	1350
178.101	17827	371	1350
178.112	17828	370	1350
178.114	17829	372	1350
178.127	17830	374	1350
178.129	17831	376	1350
178.14	17832	376	1350
178.143	17833	378	1350
178.154	17834	377	1350
178.156	17835	379	1350
178.171	17836	383	1350
178.173	17837	385	1350
178.18	17838	381	1350
178.182	17839	383	1350
178.189	17840	377	1350
178.191	17841	380	1350
178.202	17842	379	1350
178.204	17843	381	1350
178.211	17844	376	1350
178.213	17845	379	1350
178.224	17846	378	1350
178.226	17847	380	1350
178.242	17848	384	1350
178.244	17849	387	1350
178.251	17850	381	1350
178.253	17851	383	1350
178.268	17852	387	1350
178.277	17854	385	1350
178.279	17855	387	1350
178.29	17856	386	1350
178.302	17857	385	1350
178.304	17858	387	1350
178.317	17859	381	1350
178.319	17860	384	1350
178.337	17861	381	1350
178.339	17862	384	1350
178.355	17863	380	1350
178.357	17864	382	1350
178.372	17865	378	1350
178.374	17866	380	1350
178.394	17867	381	1350
178.396	17868	383	1350
178.407	17869	375	1350
178.41	17870	377	1350
178.43	17871	377	1350
178.432	17872	379	1350
178.447	17873	376	1350
178.449	17874	378	1350
178.474	17875	382	1350
178.476	17876	384	1350
178.487	17877	376	1350
178.489	17878	379	1350
178.505	17879	375	1350
178.507	17880	377	1350
178.52	17881	371	1350
178.522	17882	373	1350
178.542	17883	374	1350
178.544	17884	376	1350
178.555	17885	372	1350
178.558	17886	374	1350
178.569	17887	371	1350
178.571	17888	373	1350
178.582	17889	369	1350
178.584	17890	372	1350
178.595	17891	369	1350
178.597	17892	371	1350
178.613	17893	371	1350
178.615	17894	374	1350
178.631	17895	375	1350
178.633	17896	377	1350
178.646	17897	375	1350
178.648	17898	378	1350
178.659	17899	375	1350
178.661	17900	377	1350
178.672	17901	374	1350
178.675	17902	376	1350
178.686	17903	372	1350
178.688	17904	374	1350
178.699	17905	371	1350
178.701	17906	374	1350
178.708	17907	365	1350
178.71	17908	367	1350
178.725	17909	369	1350
178.728	17910	371	1350
178.743	17911	372	1350
178.745	17912	374	1350
178.756	17913	371	1350
178.759	17914	373	1350
178.774	17915	375	1350
178.776	17916	375	1350
178.798	17917	370	1350
178.801	17918	372	1350
178.809	17919	367	1350
178.82	17920	359	1350
178.823	17921	361	1350
178.834	17922	358	1350
178.836	17923	360	1350
178.849	17924	352	1350
178.851	17925	354	1350
178.862	17926	351	1350
178.865	17927	353	1350
178.882	17928	350	1350
178.884	17929	352	1350
178.895	17930	349	1350
178.898	17931	351	1350
178.92	17932	347	1350
178.922	17933	349	1350
178.942	17934	343	1350
178.944	17935	346	1350
178.957	17936	345	1350
178.959	17937	347	1350
178.975	17938	345	1350
178.977	17939	348	1350
178.988	17940	345	1350
178.99	17941	347	1350
179.01	17942	343	1350
179.012	17943	345	1350
179.024	17944	342	1350
179.026	17945	344	1350
179.037	17946	341	1350
179.039	17947	343	1350
179.048	17948	338	1350
179.05	17949	341	1350
179.061	17950	338	1350
179.063	17951	340	1350
179.079	17952	341	1350
179.081	17953	343	1350
179.096	17954	341	1350
179.099	17955	343	1350
179.112	17956	342	1350
179.114	17957	345	1350
179.125	17958	341	1350
179.127	17959	343	1350
179.138	17960	340	1350
179.141	17961	342	1350
179.152	17962	339	1350
179.154	17963	341	1350
179.165	17964	338	1350
179.167	17965	341	1350
179.178	17966	338	1350
179.18	17967	340	1350
179.196	17968	341	1350
179.198	17969	343	1350
179.209	17970	340	1350
179.211	17971	343	1350
179.227	17972	344	1350
179.229	17973	346	1350
179.247	17974	350	1350
179.249	17975	352	1350
179.26	17976	349	1350
179.262	17977	351	1350
179.277	17978	353	1350
179.28	17979	355	1350
179.291	17980	352	1350
179.293	17981	354	1350
179.308	17982	356	1350
179.311	17983	358	1350
179.322	17984	354	1350
179.324	17985	356	1350
179.337	17986	356	1350
179.339	17987	358	1350
179.355	17988	359	1350
179.357	17989	361	1350
179.366	17990	356	1350
179.368	17991	358	1350
179.386	17992	362	1350
179.388	17993	364	1350
179.399	17994	361	1350
179.401	17995	364	1350
179.419	17996	367	1350
179.421	17997	369	1350
179.428	17998	362	1350
179.43	17999	364	1350
179.441	18000	361	1350
179.443	18001	364	1350
179.456	18002	363	1350
179.458	18003	365	1350
179.47	18004	362	1350
179.472	18005	364	1350
179.483	18006	361	1350
179.485	18007	363	1350
179.496	18008	361	1350
179.498	18009	363	1350
179.509	18010	360	1350
179.511	18011	362	1350
179.518	18012	355	1350
179.52	18013	357	1350
179.536	18014	358	1350
179.538	18015	360	1350
179.545	18016	353	1350
179.547	18017	355	1350
179.562	18018	356	1350
179.564	18019	358	1350
179.576	18020	355	1350
179.578	18021	357	1350
179.589	18022	354	1350
179.591	18023	356	1350
179.6	18024	351	1350
179.602	18025	354	1350
179.613	18026	351	1350
179.615	18027	353	1350
179.626	18028	350	1350
179.629	18029	352	1350
179.64	18030	350	1350
179.642	18031	352	1350
179.653	18032	348	1350
179.655	18033	351	1350
179.666	18034	348	1350
179.668	18035	350	1350
179.679	18036	347	1350
179.682	18037	349	1350
179.693	18038	346	1350
179.695	18039	348	1350
179.706	18040	346	1350
179.708	18041	349	1350
179.721	18042	347	1350
179.723	18043	349	1350
179.741	18044	353	1350
179.743	18045	355	1350
179.754	18046	352	1350
179.757	18047	354	1350
179.768	18048	351	1350
179.77	18049	353	1350
179.781	18050	350	1350
179.783	18051	353	1350
179.796	18052	351	1350
179.799	18053	353	1350
179.81	18054	350	1350
179.812	18055	352	1350
179.827	18056	354	1350
179.829	18057	356	1350
179.845	18058	357	1350
179.847	18059	360	1350
179.854	18060	352	1350
179.856	18061	354	1350
179.867	18062	351	1350
179.869	18063	354	1350
179.882	18064	353	1350
179.885	18065	355	1350
179.905	18066	361	1350
179.907	18067	363	1350
179.916	18068	358	1350
179.918	18069	360	1350
179.933	18070	362	1350
179.935	18071	364	1350
179.944	18072	359	1350
179.946	18073	361	1350
179.962	18074	362	1350
179.964	18075	365	1350
179.975	18076	362	1350
179.977	18077	364	1350
179.984	18078	360	1350
179.986	18079	362	1350
180.002	18080	365	1350
180.004	18081	367	1350
180.015	18082	367	1350
180.017	18083	370	1350
180.028	18084	370	1350
180.03	18085	372	1350
180.041	18086	372	1350
180.044	18087	374	1350
180.05	18088	369	1350
180.052	18089	371	1350
180.068	18090	375	1350
180.07	18091	378	1350
180.081	18092	378	1350
180.083	18093	380	1350
180.09	18094	375	1350
180.092	18095	378	1350
180.103	18096	377	1350
180.105	18097	379	1350
180.121	18098	383	1350
180.123	18099	386	1350
180.134	18100	386	1350
180.136	18101	388	1350
180.145	18102	386	1350
180.147	18103	388	1350
180.156	18104	385	1350
180.158	18105	387	1350
180.167	18106	385	1350
180.169	18107	387	1350
180.176	18108	383	1350
180.178	18109	385	1350
180.189	18110	385	1350
180.192	18111	387	1350
180.203	18112	386	1350
180.205	18113	388	1350
180.216	18114	388	1350
180.227	18116	388	1350
180.236	18118	386	1350
180.238	18119	388	1350
180.253	18120	385	1350
180.256	18121	387	1350
180.273	18122	386	1350
180.275	18123	388	1350
180.286	18124	381	1350
180.289	18125	383	1350
180.309	18126	384	1350
180.311	18127	386	1350
180.328	18128	385	1350
180.331	18129	387	1350
180.342	18130	379	1350
180.344	18131	381	1350
180.364	18132	382	1350
180.366	18133	384	1350
180.377	18134	378	1350
180.379	18135	380	1350
180.399	18136	381	1350
180.401	18137	383	1350
180.417	18138	379	1350
180.419	18139	381	1350
180.434	18140	378	1350
180.437	18141	380	1350
180.454	18142	380	1350
180.457	18143	382	1350
180.472	18144	378	1350
180.474	18145	381	1350
180.485	18146	373	1350
180.487	18147	375	1350
180.503	18148	376	1350
180.505	18149	379	1350
180.516	18150	376	1350
180.518	18151	378	1350
180.529	18152	375	1350
180.532	18153	377	1350
180.543	18154	374	1350
180.545	18155	376	1350
180.56	18156	379	1350
180.562	18157	381	1350
180.574	18158	378	1350
180.576	18159	380	1350
180.587	18160	377	1350
180.589	18161	379	1350
180.6	18162	378	1350
180.602	18163	380	1350
180.613	18164	377	1350
180.615	18165	379	1350
180.627	18166	376	1350
180.629	18167	378	1350
180.644	18168	381	1350
180.646	18169	383	1350
180.657	18170	380	1350
180.66	18171	382	1350
180.666	18172	375	1350
180.668	18173	377	1350
180.677	18174	373	1350
180.68	18175	375	1350
180.686	18176	368	1350
180.688	18177	370	1350
180.699	18178	367	1350
180.702	18179	369	1350
180.713	18180	367	1350
180.715	18181	369	1350
180.728	18182	369	1350
180.73	18183	371	1350
180.759	18184	361	1350
180.761	18185	363	1350
180.774	18186	362	1350
180.777	18187	364	1350
180.792	18188	359	1350
180.794	18189	361	1350
180.81	18190	362	1350
180.812	18191	365	1350
180.825	18192	359	1350
180.827	18193	361	1350
180.839	18194	358	1350
180.841	18195	360	1350
180.861	18196	358	1350
180.863	18197	360	1350
180.874	18198	358	1350
180.876	18199	361	1350
180.894	18200	352	1350
180.896	18201	354	1350
180.907	18202	351	1350
180.909	18203	354	1350
180.927	18204	347	1350
180.929	18205	350	1350
180.94	18206	347	1350
180.942	18207	349	1350
180.956	18208	345	1350
180.958	18209	347	1350
180.969	18210	345	1350
180.971	18211	347	1350
180.984	18212	343	1350
180.986	18213	345	1350
181.002	18214	347	1350
181.004	18215	350	1350
181.013	18216	345	1350
181.015	18217	348	1350
181.026	18218	344	1350
181.028	18219	346	1350
181.044	18220	345	1350
181.046	18221	348	1350
181.057	18222	345	1350
181.059	18223	347	1350
181.068	18224	343	1350
181.07	18225	345	1350
181.081	18226	342	1350
181.084	18227	344	1350
181.099	18228	346	1350
181.101	18229	348	1350
181.112	18230	346	1350
181.114	18231	348	1350
181.13	18232	347	1350
181.132	18233	350	1350
181.145	18234	349	1350
181.148	18235	351	1350
181.163	18236	354	1350
181.165	18237	356	1350
181.176	18238	353	1350
181.179	18239	355	1350
181.192	18240	354	1350
181.194	18241	356	1350
181.205	18242	355	1350
181.207	18243	357	1350
181.225	18244	360	1350
181.227	18245	363	1350
181.238	18246	360	1350
181.24	18247	362	1350
181.254	18248	362	1350
181.256	18249	364	1350
181.267	18250	361	1350
181.269	18251	364	1350
181.28	18252	361	1350
181.282	18253	363	1350
181.298	18254	365	1350
181.3	18255	367	1350
181.311	18256	365	1350
181.313	18257	367	1350
181.324	18258	364	1350
181.326	18259	366	1350
181.338	18260	364	1350
181.34	18261	366	1350
181.351	18262	363	1350
181.353	18263	365	1350
181.357	18264	356	1350
181.36	18265	358	1350
181.371	18266	356	1350
181.373	18267	358	1350
181.384	18268	355	1350
181.386	18269	358	1350
181.402	18270	359	1350
181.404	18271	361	1350
181.415	18272	359	1350
181.417	18273	361	1350
181.426	18274	356	1350
181.428	18275	359	1350
181.441	18276	359	1350
181.443	18277	361	1350
181.45	18278	354	1350
181.452	18279	356	1350
181.463	18280	354	1350
181.466	18281	356	1350
181.477	18282	353	1350
181.479	18283	355	1350
181.49	18284	352	1350
181.492	18285	355	1350
181.501	18286	349	1350
181.503	18287	352	1350
181.519	18288	354	1350
181.521	18289	356	1350
181.532	18290	353	1350
181.534	18291	356	1350
181.545	18292	353	1350
181.547	18293	355	1350
181.556	18294	351	1350
181.558	18295	353	1350
181.569	18296	350	1350
181.572	18297	352	1350
181.583	18298	349	1350
181.585	18299	351	1350
181.6	18300	354	1350
181.602	18301	356	1350
181.614	18302	353	1350
181.616	18303	355	1350
181.627	18304	352	1350
181.629	18305	354	1350
181.642	18306	355	1350
181.644	18307	357	1350
181.655	18308	354	1350
181.658	18309	356	1350
181.669	18310	353	1350
181.671	18311	355	1350
181.689	18312	360	1350
181.691	18313	362	1350
181.702	18314	359	1350
181.704	18315	362	1350
181.715	18316	359	1350
181.717	18317	361	1350
181.726	18318	357	1350
181.728	18319	359	1350
181.748	18320	365	1350
181.75	18321	367	1350
181.761	18322	364	1350
181.764	18323	366	1350
181.775	18324	364	1350
181.777	18325	366	1350
181.792	18326	368	1350
181.795	18327	370	1350
181.806	18328	367	1350
181.808	18329	369	1350
181.828	18330	376	1350
181.83	18331	378	1350
181.837	18332	371	1350
181.839	18333	373	1350
181.854	18334	376	1350
181.856	18335	378	1350
181.863	18336	371	1350
181.865	18337	373	1350
181.885	18338	379	1350
181.887	18339	381	1350
181.896	18340	377	1350
181.898	18341	379	1350
181.914	18342	380	1350
181.916	18343	383	1350
181.925	18344	380	1350
181.927	18345	383	1350
181.938	18346	383	1350
181.94	18347	385	1350
181.951	18348	385	1350
181.954	18349	387	1350
181.962	18350	385	1350
181.965	18351	387	1350
181.973	18352	385	1350
181.976	18353	387	1350
181.987	18354	387	1350
181.995	18356	385	1350
181.998	18357	387	1350
182.009	18358	387	1350
182.015	18360	384	1350
182.018	18361	386	1350
182.029	18362	386	1350
182.031	18363	388	1350
182.042	18364	388	1350
182.053	18366	388	1350
182.06	18368	384	1350
182.062	18369	386	1350
182.068	18370	382	1350
182.071	18371	384	1350
182.082	18372	385	1350
182.084	18373	387	1350
182.095	18374	386	1350
182.097	18375	389	1350
182.108	18376	389	1350
182.11	18377	385	1350
182.113	18378	387	1350
182.119	18379	383	1350
182.121	18380	385	1350
182.132	18381	381	1350
182.135	18382	383	1350
182.148	18383	385	1350
182.15	18384	388	1350
182.161	18385	381	1350
182.163	18386	383	1350
182.179	18387	380	1350
182.181	18388	382	1350
182.196	18389	380	1350
182.199	18390	382	1350
182.216	18391	381	1350
182.219	18392	383	1350
182.232	18393	378	1350
182.234	18394	380	1350
182.249	18395	378	1350
182.252	18396	380	1350
182.267	18397	378	1350
182.269	18398	380	1350
182.285	18399	376	1350
182.287	18400	378	1350
182.302	18401	376	1350
182.305	18402	378	1350
182.324	18403	380	1350
182.327	18404	382	1350
182.338	18405	375	1350
182.34	18406	377	1350
182.36	18407	379	1350
182.362	18408	382	1350
182.377	18409	378	1350
182.38	18410	380	1350
182.395	18411	378	1350
182.397	18412	380	1350
182.417	18413	382	1350
182.419	18414	384	1350
182.428	18415	375	1350
182.43	18416	377	1350
182.444	18417	376	1350
182.446	18418	378	1350
182.457	18419	376	1350
182.459	18420	379	1350
182.475	18421	380	1350
182.477	18422	382	1350
182.488	18423	379	1350
182.49	18424	382	1350
182.497	18425	375	1350
182.499	18426	377	1350
182.508	18427	372	1350
182.51	18428	374	1350
182.519	18429	369	1350
182.525	18430	372	1350
182.528	18431	374	1350
182.541	18432	371	1350
182.543	18433	374	1350
182.552	18434	368	1350
182.554	18435	371	1350
182.57	18436	363	1350
182.572	18437	365	1350
182.583	18438	362	1350
182.585	18439	365	1350
182.596	18440	363	1350
182.598	18441	365	1350
182.614	18442	366	1350
182.616	18443	368	1350
182.631	18444	370	1350
182.634	18445	372	1350
182.64	18446	366	1350
182.642	18447	368	1350
182.647	18448	358	1350
182.649	18449	361	1350
182.665	18450	362	1350
182.667	18451	364	1350
182.673	18452	358	1350
182.68	18453	358	1350
182.682	18454	361	1350
182.693	18455	357	1350
182.695	18456	359	1350
182.711	18457	354	1350
182.713	18458	357	1350
182.724	18459	354	1350
182.726	18460	356	1350
182.744	18461	352	1350
182.746	18462	354	1350
182.762	18463	356	1350
182.764	18464	358	1350
182.779	18465	352	1350
182.782	18466	354	1350
182.793	18467	351	1350
182.795	18468	353	1350
182.812	18469	350	1350
182.815	18470	352	1350
182.826	18471	349	1350
182.828	18472	351	1350
182.848	18473	345	1350
182.85	18474	347	1350
182.861	18475	345	1350
182.863	18476	347	1350
182.892	18477	349	1350
182.894	18478	352	1350
182.905	18479	350	1350
182.907	18480	352	1350
182.921	18481	352	1350
182.923	18482	354	1350
182.932	18483	348	1350
182.934	18484	350	1350
182.949	18485	350	1350
182.952	18486	352	1350
182.963	18487	349	1350
182.965	18488	351	1350
182.985	18489	357	1350
182.987	18490	359	1350
183.002	18491	362	1350
183.005	18492	364	1350
183.013	18493	359	1350
183.016	18494	361	1350
183.031	18495	363	1350
183.033	18496	365	1350
183.044	18497	363	1350
183.047	18498	365	1350
183.06	18499	364	1350
183.062	18500	366	1350
183.073	18501	364	1350
183.075	18502	367	1350
183.086	18503	364	1350
183.088	18504	366	1350
183.104	18505	367	1350
183.106	18506	370	1350
183.117	18507	368	1350
183.119	18508	370	1350
183.13	18509	367	1350
183.133	18510	369	1350
183.144	18511	366	1350
183.146	18512	368	1350
183.157	18513	366	1350
183.159	18514	369	1350
183.172	18515	368	1350
183.175	18516	370	1350
183.183	18517	365	1350
183.186	18518	367	1350
183.199	18519	367	1350
183.201	18520	370	1350
183.21	18521	364	1350
183.212	18522	367	1350
183.223	18523	364	1350
183.225	18524	366	1350
183.236	18525	364	1350
183.239	18526	366	1350
183.247	18527	361	1350
183.25	18528	363	1350
183.261	18529	360	1350
183.263	18530	362	1350
183.274	18531	360	1350
183.276	18532	363	1350
183.287	18533	360	1350
183.289	18534	362	1350
183.296	18535	355	1350
183.298	18536	357	1350
183.309	18537	355	1350
183.311	18538	357	1350
183.322	18539	354	1350
183.325	18540	356	1350
183.338	18541	355	1350
183.34	18542	358	1350
183.351	18543	356	1350
183.353	18544	358	1350
183.364	18545	355	1350
183.367	18546	357	1350
183.378	18547	354	1350
183.38	18548	356	1350
183.393	18549	357	1350
183.395	18550	359	1350
183.409	18551	358	1350
183.411	18552	360	1350
183.422	18553	357	1350
183.424	18554	360	1350
183.44	18555	362	1350
183.442	18556	364	1350
183.448	18557	357	1350
183.451	18558	359	1350
183.462	18559	356	1350
183.464	18560	358	1350
183.484	18561	365	1350
183.486	18562	367	1350
183.497	18563	364	1350
183.499	18564	367	1350
183.51	18565	365	1350
183.512	18566	367	1350
183.519	18567	360	1350
183.521	18568	362	1350
183.528	18569	354	1350
183.53	18570	357	1350
183.55	18571	363	1350
183.552	18572	366	1350
183.559	18573	358	1350
183.561	18574	360	1350
183.576	18575	362	1350
183.579	18576	364	1350
183.594	18577	367	1350
183.596	18578	369	1350
183.607	18579	366	1350
183.61	18580	368	1350
183.616	18581	361	1350
183.618	18582	363	1350
183.629	18583	361	1350
183.632	18584	363	1350
183.647	18585	366	1350
183.649	18586	368	1350
183.663	18587	366	1350
183.665	18588	368	1350
183.676	18589	366	1350
183.678	18590	368	1350
183.689	18591	366	1350
183.691	18592	368	1350
183.711	18593	374	1350
183.713	18594	376	1350
183.724	18595	374	1350
183.727	18596	376	1350
183.738	18597	373	1350
183.74	18598	375	1350
183.755	18599	377	1350
183.757	18600	379	1350
183.769	18601	377	1350
183.771	18602	379	1350
183.782	18603	376	1350
183.784	18604	378	1350
183.795	18605	376	1350
183.797	18606	378	1350
183.813	18607	380	1350
183.815	18608	382	1350
183.826	18609	379	1350
183.828	18610	382	1350
183.841	18611	381	1350
183.844	18612	383	1350
183.855	18613	381	1350
183.857	18614	383	1350
183.872	18615	385	1350
183.875	18616	387	1350
183.886	18617	384	1350
183.888	18618	386	1350
183.897	18619	382	1350
183.899	18620	384	1350
183.914	18621	386	1350
183.916	18622	388	1350
183.925	18623	386	1350
183.927	18624	388	1350
183.934	18625	384	1350
183.936	18626	386	1350
183.945	18627	384	1350
183.947	18628	386	1350
183.956	18629	384	1350
183.958	18630	386	1350
183.969	18631	387	1350
183.972	18632	389	1350
183.983	18633	389	1350
183.994	18635	389	1350
184	18637	385	1350
184.003	18638	387	1350
184.011	18639	385	1350
184.014	18640	387	1350
184.022	18641	385	1350
184.025	18642	387	1350
184.031	18643	383	1350
184.033	18644	385	1350
184.04	18645	381	1350
184.042	18646	383	1350
184.058	18647	382	1350
184.06	18648	384	1350
184.067	18649	381	1350
184.069	18650	383	1350
184.086	18651	385	1350
184.089	18652	387	1350
184.1	18653	387	1350
184.115	18655	383	1350
184.117	18656	385	1350
184.126	18657	383	1350
184.128	18658	385	1350
184.139	18659	385	1350
184.142	18660	387	1350
184.153	18661	380	1350
184.155	18662	382	1350
184.175	18663	384	1350
184.177	18664	386	1350
184.19	18665	382	1350
184.192	18666	384	1350
184.208	18667	381	1350
184.21	18668	384	1350
184.226	18669	381	1350
184.228	18670	383	1350
184.248	18671	385	1350
184.25	18672	387	1350
184.265	18673	384	1350
184.268	18674	386	1350
184.276	18675	377	1350
184.279	18676	379	1350
184.298	18677	381	1350
184.301	18678	383	1350
184.316	18679	380	1350
184.318	18680	382	1350
184.329	18681	375	1350
184.332	18682	377	1350
184.351	18683	379	1350
184.354	18684	381	1350
184.367	18685	376	1350
184.369	18686	379	1350
184.385	18687	376	1350
184.387	18688	378	1350
184.404	18689	377	1350
184.407	18690	379	1350
184.415	18691	375	1350
184.418	18692	377	1350
184.427	18693	372	1350
184.429	18694	374	1350
184.438	18695	369	1350
184.44	18696	371	1350
184.455	18697	374	1350
184.457	18698	376	1350
184.464	18699	369	1350
184.466	18700	371	1350
184.473	18701	364	1350
184.475	18702	367	1350
184.486	18703	364	1350
184.488	18704	366	1350
184.51	18705	363	1350
184.513	18706	365	1350
184.524	18707	362	1350
184.526	18708	364	1350
184.532	18709	358	1350
184.535	18710	360	1350
184.546	18711	357	1350
184.548	18712	359	1350
184.559	18713	356	1350
184.561	18714	359	1350
184.568	18715	352	1350
184.57	18716	355	1350
184.579	18717	350	1350
184.581	18718	353	1350
184.592	18719	349	1350
184.594	18720	351	1350
184.605	18721	349	1350
184.616	18722	352	1350
184.619	18723	354	1350
184.625	18724	347	1350
184.627	18725	349	1350
184.647	18726	348	1350
184.65	18727	350	1350
184.658	18728	345	1350
184.661	18729	347	1350
184.68	18730	347	1350
184.683	18731	349	1350
184.698	18732	352	1350
184.7	18733	354	1350
184.72	18734	348	1350
184.722	18735	350	1350
184.733	18736	347	1350
184.736	18737	349	1350
184.747	18738	345	1350
184.749	18739	347	1350
184.764	18740	349	1350
184.767	18741	351	1350
184.793	18742	352	1350
184.795	18743	354	1350
184.806	18744	352	1350
184.808	18745	354	1350
184.828	18746	352	1350
184.831	18747	354	1350
184.842	18748	351	1350
184.844	18749	353	1350
184.859	18750	350	1350
184.861	18751	352	1350
184.873	18752	349	1350
184.875	18753	351	1350
184.895	18754	354	1350
184.897	18755	356	1350
184.908	18756	353	1350
184.91	18757	356	1350
184.923	18758	356	1350
184.926	18759	358	1350
184.937	18760	355	1350
184.939	18761	357	1350
184.95	18762	354	1350
184.952	18763	357	1350
184.963	18764	355	1350
184.965	18765	357	1350
184.976	18766	354	1350
184.978	18767	356	1350
184.994	18768	357	1350
184.996	18769	360	1350
185.005	18770	355	1350
185.007	18771	358	1350
185.014	18772	350	1350
185.016	18773	353	1350
185.027	18774	350	1350
185.029	18775	352	1350
185.04	18776	350	1350
185.043	18777	352	1350
185.054	18778	350	1350
185.056	18779	352	1350
185.067	18780	349	1350
185.069	18781	352	1350
185.08	18782	349	1350
185.082	18783	351	1350
185.096	18784	350	1350
185.098	18785	352	1350
185.104	18786	346	1350
185.107	18787	348	1350
185.118	18788	345	1350
185.12	18789	347	1350
185.131	18790	344	1350
185.133	18791	347	1350
185.144	18792	345	1350
185.146	18793	347	1350
185.153	18794	339	1350
185.155	18795	342	1350
185.168	18796	341	1350
185.171	18797	343	1350
185.182	18798	341	1350
185.184	18799	343	1350
185.199	18800	345	1350
185.202	18801	347	1350
185.213	18802	344	1350
185.215	18803	346	1350
185.226	18804	344	1350
185.228	18805	347	1350
185.239	18806	344	1350
185.241	18807	346	1350
185.257	18808	347	1350
185.259	18809	349	1350
185.27	18810	347	1350
185.272	18811	350	1350
185.283	18812	347	1350
185.285	18813	349	1350
185.301	18814	351	1350
185.303	18815	354	1350
185.314	18816	351	1350
185.316	18817	353	1350
185.327	18818	350	1350
185.33	18819	352	1350
185.341	18820	350	1350
185.343	18821	352	1350
185.363	18822	358	1350
185.365	18823	360	1350
185.376	18824	357	1350
185.378	18825	360	1350
185.389	18826	358	1350
185.391	18827	360	1350
185.4	18828	355	1350
185.402	18829	357	1350
185.418	18830	358	1350
185.42	18831	361	1350
185.427	18832	354	1350
185.429	18833	356	1350
185.44	18834	353	1350
185.442	18835	356	1350
185.458	18836	357	1350
185.46	18837	359	1350
185.473	18838	360	1350
185.475	18839	362	1350
185.484	18840	357	1350
185.486	18841	359	1350
185.493	18842	352	1350
185.495	18843	355	1350
185.511	18844	356	1350
185.513	18845	358	1350
185.524	18846	355	1350
185.526	18847	358	1350
185.537	18848	356	1350
185.539	18849	358	1350
185.687	18850	281	34
185.736	18851	169	33
185.756	18852	121	1350
185.758	18853	123	1350
185.76	18854	125	1350
185.771	18855	109	1350
185.778	18856	109	1350
185.983	18857	102	1350
185.986	18858	104	1350
185.988	18859	106	1350
185.99	18860	108	1350
185.992	18861	111	1350
185.994	18862	113	1350
185.996	18863	114	759
185.998	18864	116	1350
185.998	18865	117	216
186	18866	119	1350
186.001	18867	119	216
186.003	18868	122	1350
186.01	18869	122	1350
186.012	18870	124	1350
186.018	18871	120	1350
186.021	18872	122	1350
186.032	18873	122	1350
186.034	18874	124	1350
186.041	18875	120	1350
186.043	18876	122	1350
186.049	18877	118	1350
186.052	18878	120	1350
186.063	18879	120	1350
186.065	18880	122	1350
186.071	18881	119	1350
186.074	18882	121	1350
186.085	18883	121	1350
186.087	18884	123	1350
186.094	18885	119	1350
186.096	18886	121	1350
186.107	18887	121	1350
186.109	18888	124	1350
186.137	18889	140	1350
186.139	18890	142	1350
186.154	18891	147	1350
186.157	18892	149	1350
186.168	18893	149	1350
186.17	18894	151	1350
186.185	18895	156	1350
186.187	18896	158	1350
186.203	18897	162	1350
186.205	18898	165	1350
186.216	18899	165	1350
186.218	18900	167	1350
186.234	18901	171	1350
186.236	18902	174	1350
186.251	18903	178	1350
186.254	18904	180	1350
186.265	18905	181	1350
186.267	18906	183	1350
186.282	18907	188	1350
186.285	18908	190	1350
186.3	18909	195	1350
186.302	18910	197	1350
186.327	18911	203	1350
186.329	18912	205	1350
186.353	18913	211	1350
186.355	18914	213	1350
186.371	18915	210	1350
186.373	18916	212	1350
186.397	18917	219	1350
186.399	18918	221	1350
186.419	18919	223	1350
186.422	18920	225	1350
186.441	18921	227	1350
186.444	18922	229	1350
186.463	18923	230	1350
186.466	18924	232	1350
186.481	18925	230	1350
186.483	18926	232	1350
186.494	18927	225	1350
186.497	18928	227	1350
186.516	18929	229	1350
186.519	18930	231	1350
186.539	18931	233	1350
186.541	18932	235	1350
186.561	18933	236	1350
186.563	18934	238	1350
186.578	18935	236	1350
186.58	18936	238	1350
186.596	18937	240	1350
186.598	18938	243	1350
186.614	18939	244	1350
186.616	18940	246	1350
186.622	18941	239	1350
186.625	18942	241	1350
186.64	18943	244	1350
186.642	18944	246	1350
186.658	18945	247	1350
186.66	18946	249	1350
186.68	18947	255	1350
186.682	18948	258	1350
186.689	18949	251	1350
186.691	18950	253	1350
186.711	18951	259	1350
186.713	18952	261	1350
186.731	18953	265	1350
186.733	18954	267	1350
186.748	18955	270	1350
186.751	18956	272	1350
186.762	18957	269	1350
186.764	18958	271	1350
186.779	18959	273	1350
186.781	18960	275	1350
186.797	18961	277	1350
186.799	18962	280	1350
186.815	18963	281	1350
186.817	18964	283	1350
186.828	18965	281	1350
186.83	18966	283	1350
186.85	18967	289	1350
186.852	18968	292	1350
186.863	18969	289	1350
186.865	18970	291	1350
186.876	18971	289	1350
186.879	18972	291	1350
186.89	18973	288	1350
186.892	18974	290	1350
186.907	18975	292	1350
186.909	18976	294	1350
186.925	18977	296	1350
186.927	18978	299	1350
186.934	18979	291	1350
186.936	18980	293	1350
186.951	18981	295	1350
186.954	18982	297	1350
186.969	18983	300	1350
186.971	18984	302	1350
186.987	18985	303	1350
186.989	18986	305	1350
186.996	18987	298	1350
186.998	18988	300	1350
187.018	18989	307	1350
187.02	18990	309	1350
187.027	18991	302	1350
187.029	18992	304	1350
187.044	18993	306	1350
187.046	18994	308	1350
187.053	18995	301	1350
187.055	18996	304	1350
187.075	18997	310	1350
187.077	18998	312	1350
187.088	18999	310	1350
187.091	19000	312	1350
187.102	19001	309	1350
187.104	19002	311	1350
187.124	19003	317	1350
187.126	19004	319	1350
187.137	19005	317	1350
187.139	19006	320	1350
187.155	19007	321	1350
187.157	19008	323	1350
187.17	19009	323	1350
187.172	19010	325	1350
187.192	19011	332	1350
187.194	19012	334	1350
187.205	19013	331	1350
187.208	19014	333	1350
187.219	19015	330	1350
187.221	19016	332	1350
187.232	19017	330	1350
187.234	19018	333	1350
187.252	19019	336	1350
187.254	19020	338	1350
187.265	19021	335	1350
187.267	19022	338	1350
187.283	19023	340	1350
187.285	19024	342	1350
187.296	19025	339	1350
187.298	19026	342	1350
187.314	19027	343	1350
187.316	19028	345	1350
187.327	19029	343	1350
187.329	19030	345	1350
187.344	19031	347	1350
187.347	19032	349	1350
187.358	19033	347	1350
187.36	19034	349	1350
187.371	19035	346	1350
187.373	19036	349	1350
187.389	19037	350	1350
187.391	19038	352	1350
187.406	19039	355	1350
187.408	19040	357	1350
187.42	19041	354	1350
187.422	19042	356	1350
187.437	19043	358	1350
187.439	19044	360	1350
187.455	19045	362	1350
187.457	19046	365	1350
187.468	19047	362	1350
187.47	19048	364	1350
187.486	19049	365	1350
187.488	19050	367	1350
187.503	19051	370	1350
187.506	19052	372	1350
187.517	19053	369	1350
187.519	19054	371	1350
187.534	19055	373	1350
187.537	19056	375	1350
187.548	19057	373	1350
187.55	19058	375	1350
187.565	19059	377	1350
187.567	19060	379	1350
187.583	19061	381	1350
187.585	19062	384	1350
187.596	19063	381	1350
187.598	19064	383	1350
187.614	19065	384	1350
187.616	19066	387	1350
187.629	19067	387	1350
187.631	19068	389	1350
187.638	19069	382	1350
187.64	19070	384	1350
187.656	19071	385	1350
187.658	19072	387	1350
187.671	19073	388	1350
187.687	19075	389	1350
187.698	19077	386	1350
187.7	19078	388	1350
187.713	19079	389	1350
187.722	19081	384	1350
187.724	19082	386	1350
187.731	19083	378	1350
187.733	19084	381	1350
187.749	19085	383	1350
187.751	19086	385	1350
187.76	19087	380	1350
187.762	19088	382	1350
187.768	19089	375	1350
187.771	19090	377	1350
187.786	19091	380	1350
187.788	19092	382	1350
187.795	19093	374	1350
187.797	19094	377	1350
187.808	19095	375	1350
187.81	19096	377	1350
187.826	19097	378	1350
187.828	19098	381	1350
187.835	19099	373	1350
187.837	19100	375	1350
187.852	19101	378	1350
187.855	19102	380	1350
187.861	19103	373	1350
187.863	19104	375	1350
187.874	19105	372	1350
187.877	19106	374	1350
187.892	19107	377	1350
187.894	19108	379	1350
187.905	19109	376	1350
187.907	19110	378	1350
187.914	19111	371	1350
187.916	19112	373	1350
187.927	19113	371	1350
187.93	19114	373	1350
187.949	19115	379	1350
187.952	19116	381	1350
187.958	19117	374	1350
187.96	19118	376	1350
187.976	19119	378	1350
187.978	19120	381	1350
187.985	19121	374	1350
187.987	19122	376	1350
188.002	19123	377	1350
188.005	19124	379	1350
188.016	19125	377	1350
188.018	19126	379	1350
188.029	19127	376	1350
188.031	19128	379	1350
188.047	19129	381	1350
188.049	19130	383	1350
188.055	19131	376	1350
188.058	19132	378	1350
188.069	19133	375	1350
188.071	19134	377	1350
188.082	19135	375	1350
188.084	19136	378	1350
188.1	19137	379	1350
188.102	19138	381	1350
188.113	19139	381	1350
188.115	19140	384	1350
188.128	19141	386	1350
188.131	19142	388	1350
188.139	19143	386	1350
188.142	19144	388	1350
188.148	19145	384	1350
188.15	19146	385	1350
188.153	19147	387	1350
188.164	19148	383	1350
188.17	19149	384	1350
188.172	19150	386	1350
188.183	19151	386	1350
188.199	19153	385	1350
188.206	19154	383	1350
188.212	19155	388	1350
188.217	19156	386	1350
188.219	19157	385	1350
188.25	19158	376	1350
188.252	19159	378	1350
188.261	19160	376	1350
188.263	19161	378	1350
188.274	19162	379	1350
188.276	19163	381	1350
188.287	19164	376	1350
188.289	19165	378	1350
188.303	19166	380	1350
188.305	19167	382	1350
188.316	19168	383	1350
188.318	19169	386	1350
188.329	19170	379	1350
188.331	19171	381	1350
188.349	19172	380	1350
188.351	19173	382	1350
188.367	19174	379	1350
188.369	19175	381	1350
188.38	19176	375	1350
188.382	19177	377	1350
188.4	19178	376	1350
188.402	19179	379	1350
188.413	19180	372	1350
188.415	19181	374	1350
188.431	19182	370	1350
188.433	19183	372	1350
188.446	19184	368	1350
188.448	19185	370	1350
188.464	19186	367	1350
188.466	19187	370	1350
188.475	19188	360	1350
188.477	19189	363	1350
188.497	19190	365	1350
188.499	19191	367	1350
188.515	19192	363	1350
188.517	19193	365	1350
188.53	19194	361	1350
188.532	19195	363	1350
188.543	19196	356	1350
188.546	19197	358	1350
188.557	19198	355	1350
188.559	19199	357	1350
188.57	19200	355	1350
188.572	19201	358	1350
188.588	19202	359	1350
188.59	19203	361	1350
188.601	19204	358	1350
188.603	19205	361	1350
188.618	19206	363	1350
188.621	19207	365	1350
188.63	19208	360	1350
188.632	19209	362	1350
188.641	19210	358	1350
188.643	19211	360	1350
188.649	19212	353	1350
188.652	19213	355	1350
188.667	19214	357	1350
188.669	19215	359	1350
188.68	19216	357	1350
188.683	19217	359	1350
188.696	19218	358	1350
188.698	19219	360	1350
188.705	19220	354	1350
188.707	19221	356	1350
188.713	19222	350	1350
188.716	19223	352	1350
188.727	19224	349	1350
188.729	19225	351	1350
188.742	19226	352	1350
188.744	19227	354	1350
188.753	19228	349	1350
188.755	19229	351	1350
188.766	19230	349	1350
188.769	19231	351	1350
188.782	19232	350	1350
188.784	19233	353	1350
188.793	19234	348	1350
188.795	19235	351	1350
188.806	19236	349	1350
188.808	19237	351	1350
188.819	19238	348	1350
188.822	19239	350	1350
188.837	19240	353	1350
188.839	19241	355	1350
188.848	19242	350	1350
188.85	19243	352	1350
188.861	19244	350	1350
188.864	19245	352	1350
188.872	19246	348	1350
188.875	19247	350	1350
188.886	19248	347	1350
188.888	19249	349	1350
188.899	19250	347	1350
188.901	19251	350	1350
188.912	19252	347	1350
188.914	19253	349	1350
188.921	19254	342	1350
188.923	19255	345	1350
188.939	19256	346	1350
188.941	19257	348	1350
188.95	19258	344	1350
188.952	19259	346	1350
188.963	19260	343	1350
188.965	19261	346	1350
188.981	19262	348	1350
188.983	19263	350	1350
188.994	19264	347	1350
188.996	19265	350	1350
189.003	19266	343	1350
189.005	19267	345	1350
189.016	19268	343	1350
189.018	19269	346	1350
189.034	19270	347	1350
189.036	19271	349	1350
189.047	19272	347	1350
189.049	19273	350	1350
189.056	19274	343	1350
189.058	19275	345	1350
189.069	19276	342	1350
189.071	19277	345	1350
189.087	19278	346	1350
189.089	19279	348	1350
189.1	19280	346	1350
189.102	19281	349	1350
189.115	19282	349	1350
189.117	19283	351	1350
189.126	19284	346	1350
189.129	19285	348	1350
189.144	19286	350	1350
189.146	19287	353	1350
189.155	19288	348	1350
189.157	19289	350	1350
189.168	19290	348	1350
189.17	19291	350	1350
189.182	19292	347	1350
189.184	19293	349	1350
189.201	19294	354	1350
189.204	19295	356	1350
189.215	19296	354	1350
189.217	19297	356	1350
189.226	19298	351	1350
189.228	19299	353	1350
189.243	19300	356	1350
189.246	19301	358	1350
189.257	19302	355	1350
189.259	19303	357	1350
189.268	19304	353	1350
189.27	19305	355	1350
189.281	19306	352	1350
189.283	19307	355	1350
189.299	19308	357	1350
189.301	19309	359	1350
189.312	19310	357	1350
189.314	19311	359	1350
189.323	19312	354	1350
189.325	19313	357	1350
189.34	19314	359	1350
189.343	19315	361	1350
189.354	19316	358	1350
189.356	19317	360	1350
189.367	19318	358	1350
189.369	19319	361	1350
189.385	19320	362	1350
189.387	19321	364	1350
189.398	19322	362	1350
189.4	19323	365	1350
189.411	19324	363	1350
189.413	19325	365	1350
189.424	19326	362	1350
189.427	19327	364	1350
189.442	19328	367	1350
189.444	19329	369	1350
189.455	19330	366	1350
189.458	19331	368	1350
189.471	19332	368	1350
189.473	19333	370	1350
189.488	19334	372	1350
189.491	19335	374	1350
189.502	19336	372	1350
189.504	19337	374	1350
189.515	19338	371	1350
189.517	19339	374	1350
189.528	19340	372	1350
189.53	19341	374	1350
189.546	19342	376	1350
189.548	19343	379	1350
189.557	19344	373	1350
189.559	19345	376	1350
189.57	19346	374	1350
189.572	19347	376	1350
189.583	19348	373	1350
189.586	19349	375	1350
189.597	19350	373	1350
189.599	19351	375	1350
189.61	19352	372	1350
189.612	19353	375	1350
189.625	19354	375	1350
189.628	19355	377	1350
189.639	19356	375	1350
189.641	19357	377	1350
189.647	19358	370	1350
189.65	19359	372	1350
189.661	19360	370	1350
189.663	19361	372	1350
189.674	19362	369	1350
189.676	19363	372	1350
189.687	19364	370	1350
189.689	19365	372	1350
189.7	19366	370	1350
189.703	19367	372	1350
189.707	19368	363	1350
189.709	19369	365	1350
189.72	19370	363	1350
189.722	19371	365	1350
189.734	19372	363	1350
189.736	19373	365	1350
189.747	19374	362	1350
189.749	19375	364	1350
189.76	19376	363	1350
189.762	19377	365	1350
189.773	19378	362	1350
189.775	19379	364	1350
189.787	19380	363	1350
189.789	19381	365	1350
189.795	19382	358	1350
189.798	19383	360	1350
189.809	19384	357	1350
189.811	19385	359	1350
189.82	19386	355	1350
189.822	19387	357	1350
189.837	19388	360	1350
189.839	19389	362	1350
189.846	19390	355	1350
189.848	19391	357	1350
189.859	19392	355	1350
189.862	19393	357	1350
189.877	19394	359	1350
189.879	19395	361	1350
189.888	19396	357	1350
189.89	19397	359	1350
189.901	19398	357	1350
189.904	19399	359	1350
189.912	19400	357	1350
189.915	19401	359	1350
189.926	19402	359	1350
189.928	19403	361	1350
189.937	19404	360	1350
189.939	19405	362	1350
189.945	19406	358	1350
189.948	19407	360	1350
189.959	19408	360	1350
189.961	19409	362	1350
189.97	19410	360	1350
189.972	19411	362	1350
189.983	19412	364	1350
189.99	19413	363	1350
189.992	19414	365	1350
189.998	19415	361	1350
190.001	19416	363	1350
190.016	19417	363	1350
190.018	19418	365	1350
190.029	19419	366	1350
190.032	19420	368	1350
190.043	19421	361	1350
190.045	19422	363	1350
190.056	19423	363	1350
190.058	19424	366	1350
190.074	19425	365	1350
190.076	19426	367	1350
190.087	19427	367	1350
190.089	19428	369	1350
190.1	19429	371	1350
190.102	19430	373	1350
190.109	19431	368	1350
190.12	19432	367	1350
190.122	19433	370	1350
190.138	19434	367	1350
190.14	19435	369	1350
190.155	19436	367	1350
190.157	19437	369	1350
190.177	19438	371	1350
190.18	19439	373	1350
190.195	19440	371	1350
190.197	19441	374	1350
190.208	19442	367	1350
190.21	19443	369	1350
190.23	19444	371	1350
190.233	19445	373	1350
190.248	19446	370	1350
190.25	19447	373	1350
190.266	19448	370	1350
190.268	19449	372	1350
190.281	19450	368	1350
190.283	19451	370	1350
190.299	19452	368	1350
190.301	19453	370	1350
190.314	19454	366	1350
190.316	19455	368	1350
190.332	19456	365	1350
190.334	19457	368	1350
190.35	19458	365	1350
190.352	19459	367	1350
190.363	19460	360	1350
190.365	19461	362	1350
190.38	19462	365	1350
190.383	19463	367	1350
190.394	19464	365	1350
190.396	19465	367	1350
190.403	19466	360	1350
190.405	19467	362	1350
190.42	19468	365	1350
190.422	19469	367	1350
190.431	19470	363	1350
190.433	19471	365	1350
190.444	19472	363	1350
190.447	19473	365	1350
190.46	19474	365	1350
190.462	19475	368	1350
190.473	19476	366	1350
190.475	19477	368	1350
190.482	19478	362	1350
190.484	19479	364	1350
190.495	19480	362	1350
190.497	19481	364	1350
190.513	19482	366	1350
190.515	19483	369	1350
190.522	19484	362	1350
190.524	19485	364	1350
190.535	19486	363	1350
190.537	19487	365	1350
190.553	19488	367	1350
190.555	19489	369	1350
190.566	19490	367	1350
190.568	19491	370	1350
190.579	19492	369	1350
190.581	19493	371	1350
190.592	19494	369	1350
190.595	19495	371	1350
190.61	19496	374	1350
190.612	19497	376	1350
190.619	19498	369	1350
190.621	19499	372	1350
190.632	19500	370	1350
190.634	19501	372	1350
190.65	19502	375	1350
190.652	19503	378	1350
190.663	19504	376	1350
190.665	19505	378	1350
190.676	19506	376	1350
190.679	19507	378	1350
190.69	19508	377	1350
190.692	19509	379	1350
190.707	19510	382	1350
190.709	19511	384	1350
190.72	19512	382	1350
190.723	19513	384	1350
190.734	19514	382	1350
190.736	19515	384	1350
190.743	19516	379	1350
190.745	19517	381	1350
190.76	19518	384	1350
190.762	19519	386	1350
190.771	19520	382	1350
190.773	19521	384	1350
190.785	19522	382	1350
190.787	19523	384	1350
190.802	19524	388	1350
190.813	19526	386	1350
190.815	19527	388	1350
190.822	19528	382	1350
190.824	19529	384	1350
190.835	19530	383	1350
190.838	19531	385	1350
190.853	19532	387	1350
190.86	19534	381	1350
190.862	19535	383	1350
190.873	19536	381	1350
190.875	19537	384	1350
190.886	19538	383	1350
190.888	19539	385	1350
190.904	19540	387	1350
190.91	19542	381	1350
190.913	19543	383	1350
190.924	19544	381	1350
190.926	19545	383	1350
190.935	19546	380	1350
190.937	19547	382	1350
190.952	19548	385	1350
190.955	19549	387	1350
190.966	19550	385	1350
190.968	19551	387	1350
190.979	19552	386	1350
190.981	19553	389	1350
190.99	19554	384	1350
190.992	19555	387	1350
191.003	19556	385	1350
191.005	19557	387	1350
191.014	19558	383	1350
191.016	19559	385	1350
191.023	19560	379	1350
191.025	19561	382	1350
191.041	19562	384	1350
191.043	19563	386	1350
191.054	19564	384	1350
191.056	19565	387	1350
191.063	19566	380	1350
191.065	19567	382	1350
191.08	19568	386	1350
191.083	19569	388	1350
191.089	19570	382	1350
191.091	19571	384	1350
191.102	19572	382	1350
191.105	19573	384	1350
191.116	19574	383	1350
191.118	19575	385	1350
191.129	19576	383	1350
191.131	19577	386	1350
191.142	19578	384	1350
191.144	19579	386	1350
191.155	19580	384	1350
191.158	19581	386	1350
191.169	19582	385	1350
191.171	19583	387	1350
191.184	19584	388	1350
191.191	19586	381	1350
191.193	19587	383	1350
191.204	19588	382	1350
191.206	19589	384	1350
191.215	19590	381	1350
191.217	19591	383	1350
191.233	19592	385	1350
191.235	19593	387	1350
191.246	19594	385	1350
191.248	19595	388	1350
191.259	19596	387	1350
191.261	19597	389	1350
191.272	19598	387	1350
191.281	19600	383	1350
191.284	19601	385	1350
191.297	19602	385	1350
191.299	19603	387	1350
191.308	19605	377	1350
191.31	19606	380	1350
191.334	19607	375	1350
191.337	19608	377	1350
191.348	19609	375	1350
191.35	19610	377	1350
191.356	19611	371	1350
191.359	19612	373	1350
191.37	19613	372	1350
191.378	19614	368	1350
191.381	19615	370	1350
191.396	19616	373	1350
191.398	19617	375	1350
191.409	19618	374	1350
191.412	19619	376	1350
191.42	19620	372	1350
191.427	19621	368	1350
191.429	19622	370	1350
191.44	19623	368	1350
191.443	19624	370	1350
191.46	19625	370	1350
191.462	19626	372	1350
191.473	19627	370	1350
191.476	19628	372	1350
191.48	19629	364	1350
191.482	19630	365	1350
191.484	19631	367	1350
191.495	19632	360	1350
191.498	19633	362	1350
191.504	19634	357	1350
191.507	19635	358	1350
191.509	19636	360	1350
191.52	19637	352	1350
191.522	19638	354	1350
191.531	19639	352	1350
191.533	19640	355	1350
191.542	19641	349	1350
191.544	19642	352	1350
191.553	19643	347	1350
191.555	19644	350	1350
191.566	19645	348	1350
191.568	19646	350	1350
191.579	19647	349	1350
191.582	19648	351	1350
191.59	19649	347	1350
191.593	19650	349	1350
191.599	19651	343	1350
191.601	19652	345	1350
191.613	19653	343	1350
191.615	19654	345	1350
191.626	19655	344	1350
191.628	19656	346	1350
191.637	19657	342	1350
191.639	19658	345	1350
191.65	19659	344	1350
191.652	19660	346	1350
191.659	19661	338	1350
191.661	19662	341	1350
191.668	19663	335	1350
191.677	19664	336	1350
191.679	19665	338	1350
191.69	19666	337	1350
191.692	19667	340	1350
191.707	19668	336	1350
191.71	19669	338	1350
191.719	19670	337	1350
191.721	19671	339	1350
191.73	19672	338	1350
191.732	19673	340	1350
191.741	19674	339	1350
191.743	19675	341	1350
191.754	19676	342	1350
191.756	19677	345	1350
191.765	19678	342	1350
191.767	19679	345	1350
191.776	19680	343	1350
191.785	19681	350	1350
191.787	19682	352	1350
191.798	19683	350	1350
191.816	19684	343	1350
191.818	19685	345	1350
191.829	19686	346	1350
191.831	19687	349	1350
191.84	19688	346	1350
191.855	19689	352	1350
191.858	19690	354	1350
191.866	19691	353	1350
191.869	19692	355	1350
191.875	19693	352	1350
191.886	19694	350	1350
191.889	19695	352	1350
191.897	19696	351	1350
191.9	19697	353	1350
191.911	19698	345	1350
191.913	19699	347	1350
191.924	19700	348	1350
191.926	19701	351	1350
191.946	19702	347	1350
191.948	19703	350	1350
191.964	19704	348	1350
191.966	19705	350	1350
191.975	19706	342	1350
191.977	19707	344	1350
191.992	19708	343	1350
191.995	19709	345	1350
192.012	19710	346	1350
192.014	19711	348	1350
192.025	19712	342	1350
192.028	19713	344	1350
192.043	19714	343	1350
192.045	19715	345	1350
192.061	19716	343	1350
192.063	19717	345	1350
192.078	19718	344	1350
192.081	19719	346	1350
192.092	19720	341	1350
192.094	19721	343	1350
192.109	19722	341	1350
192.112	19723	343	1350
192.125	19724	339	1350
192.127	19725	341	1350
192.142	19726	340	1350
192.145	19727	342	1350
192.158	19728	338	1350
192.16	19729	341	1350
192.176	19730	339	1350
192.178	19731	341	1350
192.187	19732	338	1350
192.189	19733	340	1350
192.2	19734	338	1350
192.202	19735	341	1350
192.218	19736	343	1350
192.22	19737	345	1350
192.229	19738	341	1350
192.231	19739	343	1350
192.242	19740	342	1350
192.244	19741	345	1350
192.253	19742	340	1350
192.255	19743	343	1350
192.271	19744	345	1350
192.273	19745	347	1350
192.284	19746	346	1350
192.286	19747	348	1350
192.299	19748	349	1350
192.301	19749	351	1350
192.312	19750	349	1350
192.315	19751	351	1350
192.328	19752	351	1350
192.33	19753	354	1350
192.341	19754	353	1350
192.343	19755	355	1350
192.352	19756	351	1350
192.354	19757	353	1350
192.365	19758	351	1350
192.368	19759	353	1350
192.379	19760	351	1350
192.381	19761	353	1350
192.388	19762	348	1350
192.39	19763	350	1350
192.401	19764	348	1350
192.403	19765	350	1350
192.418	19766	353	1350
192.421	19767	355	1350
192.432	19768	354	1350
192.434	19769	356	1350
192.445	19770	354	1350
192.447	19771	357	1350
192.458	19772	355	1350
192.46	19773	357	1350
192.474	19774	357	1350
192.476	19775	359	1350
192.487	19776	358	1350
192.489	19777	361	1350
192.5	19778	359	1350
192.502	19779	361	1350
192.518	19780	363	1350
192.52	19781	366	1350
192.529	19782	361	1350
192.531	19783	364	1350
192.542	19784	363	1350
192.544	19785	365	1350
192.555	19786	363	1350
192.558	19787	365	1350
192.569	19788	363	1350
192.571	19789	365	1350
192.582	19790	364	1350
192.584	19791	367	1350
192.595	19792	365	1350
192.597	19793	367	1350
192.608	19794	365	1350
192.611	19795	367	1350
192.626	19796	369	1350
192.628	19797	372	1350
192.639	19798	371	1350
192.641	19799	373	1350
192.648	19800	367	1350
192.65	19801	369	1350
192.666	19802	371	1350
192.668	19803	373	1350
192.679	19804	371	1350
192.681	19805	374	1350
192.694	19806	375	1350
192.697	19807	377	1350
192.703	19808	371	1350
192.705	19809	373	1350
192.719	19810	373	1350
192.721	19811	375	1350
192.732	19812	374	1350
192.734	19813	377	1350
192.745	19814	375	1350
192.747	19815	377	1350
192.754	19816	371	1350
192.756	19817	373	1350
192.772	19818	375	1350
192.774	19819	377	1350
192.785	19820	376	1350
192.787	19821	379	1350
192.798	19822	377	1350
192.8	19823	379	1350
192.816	19824	381	1350
192.818	19825	384	1350
192.827	19826	379	1350
192.829	19827	382	1350
192.84	19828	381	1350
192.842	19829	383	1350
192.853	19830	381	1350
192.856	19831	383	1350
192.867	19832	381	1350
192.869	19833	383	1350
192.88	19834	382	1350
192.882	19835	385	1350
192.893	19836	383	1350
192.895	19837	385	1350
192.906	19838	383	1350
192.909	19839	385	1350
192.92	19840	383	1350
192.922	19841	385	1350
192.933	19842	384	1350
192.935	19843	387	1350
192.946	19844	385	1350
192.948	19845	387	1350
192.962	19846	387	1350
192.968	19848	381	1350
192.97	19849	383	1350
192.981	19850	382	1350
192.984	19851	384	1350
192.997	19852	385	1350
192.999	19853	388	1350
193.01	19854	385	1350
193.012	19855	387	1350
193.023	19856	386	1350
193.03	19857	388	1350
193.041	19859	384	1350
193.043	19860	386	1350
193.052	19861	383	1350
193.054	19862	385	1350
193.07	19863	388	1350
193.081	19865	385	1350
193.083	19866	388	1350
193.092	19867	384	1350
193.094	19868	385	1350
193.096	19869	387	1350
193.11	19870	382	1350
193.112	19871	384	1350
193.118	19872	379	1350
193.121	19873	381	1350
193.136	19874	384	1350
193.147	19875	383	1350
193.149	19876	385	1350
193.16	19877	383	1350
193.163	19878	385	1350
193.178	19879	387	1350
193.189	19881	386	1350
193.191	19882	388	1350
193.207	19883	387	1350
193.216	19885	383	1350
193.218	19886	385	1350
193.229	19887	384	1350
193.231	19888	384	1350
193.233	19889	387	1350
193.244	19890	380	1350
193.246	19891	382	1350
193.257	19892	381	1350
193.26	19893	383	1350
193.271	19894	381	1350
193.273	19895	383	1350
193.286	19896	384	1350
193.288	19897	386	1350
193.295	19898	381	1350
193.297	19899	383	1350
193.313	19900	385	1350
193.315	19901	387	1350
193.322	19902	381	1350
193.333	19903	380	1350
193.335	19904	382	1350
193.346	19905	381	1350
193.348	19906	384	1350
193.357	19907	378	1350
193.359	19908	381	1350
193.366	19909	374	1350
193.368	19910	376	1350
193.379	19911	373	1350
193.381	19912	376	1350
193.392	19913	375	1350
193.394	19914	377	1350
193.401	19915	369	1350
193.403	19916	372	1350
193.414	19917	370	1350
193.416	19918	372	1350
193.427	19919	370	1350
193.43	19920	372	1350
193.441	19921	370	1350
193.443	19922	372	1350
193.45	19923	366	1350
193.452	19924	368	1350
193.472	19925	349	1350
193.474	19926	351	1350
193.485	19927	350	1350
193.487	19928	353	1350
193.496	19929	348	1350
193.498	19930	351	1350
193.509	19931	349	1350
193.511	19932	351	1350
193.52	19933	348	1350
193.522	19934	350	1350
193.529	19935	344	1350
193.531	19936	346	1350
193.542	19937	344	1350
193.545	19938	346	1350
193.556	19939	347	1350
193.564	19940	343	1350
193.567	19941	345	1350
193.575	19942	344	1350
193.578	19943	346	1350
193.586	19944	345	1350
193.598	19945	336	1350
193.6	19946	338	1350
193.611	19947	339	1350
193.613	19948	341	1350
193.624	19949	336	1350
193.626	19950	339	1350
193.637	19951	340	1350
193.639	19952	342	1350
193.648	19953	340	1350
193.655	19954	339	1350
193.657	19955	340	1350
193.666	19956	337	1350
193.67	19957	339	1350
193.692	19958	334	1350
193.695	19959	336	1350
193.703	19960	335	1350
193.706	19961	337	1350
193.721	19962	337	1350
193.723	19963	339	1350
193.73	19964	335	1350
193.741	19965	330	1350
193.743	19966	332	1350
193.759	19967	330	1350
193.761	19968	332	1350
193.776	19969	331	1350
193.779	19970	333	1350
193.792	19971	329	1350
193.794	19972	332	1350
193.805	19973	326	1350
193.807	19974	328	1350
193.821	19975	324	1350
193.823	19976	326	1350
193.838	19977	325	1350
193.84	19978	327	1350
193.849	19979	319	1350
193.851	19980	321	1350
193.867	19981	319	1350
193.869	19982	322	1350
193.885	19983	320	1350
193.887	19984	322	1350
193.904	19985	323	1350
193.907	19986	325	1350
193.918	19987	320	1350
193.92	19988	322	1350
193.935	19989	321	1350
193.938	19990	323	1350
193.953	19991	321	1350
193.955	19992	324	1350
193.968	19993	320	1350
193.971	19994	322	1350
193.986	19995	321	1350
193.988	19996	323	1350
193.999	19997	321	1350
194.002	19998	323	1350
194.015	19999	323	1350
194.017	20000	326	1350
194.03	20001	326	1350
194.032	20002	328	1350
194.044	20003	327	1350
194.046	20004	329	1350
194.059	20005	329	1350
194.061	20006	332	1350
194.072	20007	330	1350
194.074	20008	332	1350
194.085	20009	331	1350
194.088	20010	333	1350
194.099	20011	331	1350
194.101	20012	333	1350
194.112	20013	331	1350
194.114	20014	334	1350
194.125	20015	332	1350
194.127	20016	334	1350
194.138	20017	333	1350
194.141	20018	335	1350
194.156	20019	338	1350
194.158	20020	340	1350
194.169	20021	338	1350
194.172	20022	340	1350
194.178	20023	334	1350
194.18	20024	336	1350
194.187	20025	331	1350
194.189	20026	333	1350
194.205	20027	335	1350
194.207	20028	337	1350
194.218	20029	335	1350
194.22	20030	338	1350
194.233	20031	339	1350
194.236	20032	341	1350
194.249	20033	341	1350
194.251	20034	344	1350
194.258	20035	337	1350
194.26	20036	339	1350
194.271	20037	337	1350
194.273	20038	340	1350
194.282	20039	336	1350
194.284	20040	339	1350
194.3	20041	341	1350
194.302	20042	343	1350
194.311	20043	339	1350
194.313	20044	341	1350
194.324	20045	339	1350
194.326	20046	342	1350
194.342	20047	345	1350
194.344	20048	347	1350
194.35	20049	341	1350
194.353	20050	343	1350
194.364	20051	341	1350
194.366	20052	343	1350
194.377	20053	342	1350
194.379	20054	345	1350
194.397	20055	349	1350
194.399	20056	352	1350
194.41	20057	350	1350
194.412	20058	352	1350
194.423	20059	350	1350
194.426	20060	352	1350
194.441	20061	355	1350
194.443	20062	358	1350
194.45	20063	351	1350
194.452	20064	353	1350
194.463	20065	352	1350
194.465	20066	354	1350
194.476	20067	352	1350
194.478	20068	354	1350
194.494	20069	357	1350
194.496	20070	360	1350
194.507	20071	358	1350
194.509	20072	360	1350
194.516	20073	354	1350
194.518	20074	356	1350
194.534	20075	359	1350
194.536	20076	361	1350
194.547	20077	359	1350
194.549	20078	362	1350
194.562	20079	362	1350
194.565	20080	364	1350
194.573	20081	360	1350
194.576	20082	362	1350
194.591	20083	366	1350
194.593	20084	368	1350
194.6	20085	361	1350
194.602	20086	364	1350
194.613	20087	362	1350
194.615	20088	364	1350
194.631	20089	366	1350
194.633	20090	369	1350
194.644	20091	368	1350
194.646	20092	370	1350
194.657	20093	368	1350
194.66	20094	370	1350
194.666	20095	364	1350
194.668	20096	366	1350
194.679	20097	364	1350
194.682	20098	366	1350
194.693	20099	365	1350
194.695	20100	367	1350
194.706	20101	365	1350
194.708	20102	368	1350
194.724	20103	370	1350
194.726	20104	372	1350
194.737	20105	371	1350
194.739	20106	374	1350
194.746	20107	367	1350
194.748	20108	369	1350
194.759	20109	367	1350
194.761	20110	370	1350
194.777	20111	372	1350
194.779	20112	374	1350
194.79	20113	373	1350
194.792	20114	376	1350
194.801	20115	371	1350
194.803	20116	374	1350
194.814	20117	372	1350
194.816	20118	374	1350
194.827	20119	372	1350
194.83	20120	374	1350
194.841	20121	373	1350
194.843	20122	375	1350
194.854	20123	373	1350
194.856	20124	376	1350
194.872	20125	378	1350
194.874	20126	380	1350
194.88	20127	375	1350
194.883	20128	377	1350
194.894	20129	375	1350
194.896	20130	377	1350
194.911	20131	380	1350
194.913	20132	382	1350
194.927	20133	382	1350
194.929	20134	384	1350
194.94	20135	383	1350
194.942	20136	386	1350
194.949	20137	379	1350
194.951	20138	382	1350
194.966	20139	384	1350
194.969	20140	386	1350
194.98	20141	384	1350
194.982	20142	386	1350
194.989	20143	381	1350
194.991	20144	383	1350
195.006	20145	386	1350
195.008	20146	388	1350
195.017	20147	385	1350
195.019	20148	387	1350
195.03	20149	385	1350
195.033	20150	387	1350
195.044	20151	385	1350
195.046	20152	387	1350
195.061	20154	384	1350
195.064	20155	386	1350
195.079	20156	389	1350
195.086	20158	382	1350
195.088	20159	384	1350
195.101	20160	386	1350
195.103	20161	388	1350
195.11	20162	381	1350
195.112	20163	384	1350
195.128	20164	386	1350
195.13	20165	388	1350
195.141	20166	385	1350
195.143	20167	388	1350
195.152	20168	383	1350
195.154	20169	386	1350
195.167	20170	385	1350
195.17	20171	387	1350
195.178	20172	383	1350
195.181	20173	385	1350
195.187	20174	380	1350
195.189	20175	382	1350
195.198	20176	378	1350
195.201	20177	380	1350
195.212	20178	378	1350
195.214	20179	380	1350
195.229	20180	381	1350
195.231	20181	383	1350
195.242	20182	381	1350
195.245	20183	383	1350
195.256	20184	381	1350
195.258	20185	383	1350
195.265	20186	378	1350
195.267	20187	380	1350
195.282	20188	383	1350
195.284	20189	385	1350
195.295	20190	381	1350
195.298	20191	383	1350
195.306	20192	379	1350
195.309	20193	381	1350
195.315	20194	375	1350
195.318	20195	376	1350
195.32	20196	378	1350
195.34	20197	380	1350
195.342	20198	382	1350
195.348	20199	376	1350
195.351	20200	378	1350
195.357	20201	373	1350
195.368	20202	372	1350
195.371	20203	374	1350
195.377	20204	371	1350
195.379	20205	373	1350
195.39	20206	374	1350
195.393	20207	376	1350
195.404	20208	367	1350
195.406	20209	369	1350
195.417	20210	370	1350
195.419	20211	373	1350
195.435	20212	369	1350
195.437	20213	371	1350
195.443	20214	368	1350
195.446	20215	370	1350
195.461	20216	370	1350
195.463	20217	372	1350
195.47	20218	368	1350
195.472	20219	371	1350
195.479	20220	367	1350
195.481	20221	369	1350
195.501	20222	369	1350
195.503	20223	372	1350
195.505	20224	364	1350
195.507	20225	366	1350
195.518	20226	367	1350
195.525	20227	368	1350
195.527	20228	370	1350
195.532	20229	364	1350
195.534	20230	366	1350
195.538	20231	360	1350
195.541	20232	361	1350
195.545	20233	359	1350
195.549	20234	361	1350
195.558	20235	357	1350
195.563	20236	359	1350
195.585	20237	349	1350
195.587	20238	351	1350
195.6	20239	348	1350
195.602	20240	350	1350
195.613	20241	344	1350
195.616	20242	346	1350
195.627	20243	341	1350
195.629	20244	343	1350
195.642	20245	340	1350
195.644	20246	342	1350
195.66	20247	340	1350
195.662	20248	342	1350
195.673	20249	337	1350
195.675	20250	339	1350
195.686	20251	333	1350
195.688	20252	335	1350
195.702	20253	331	1350
195.704	20254	333	1350
195.713	20255	325	1350
195.715	20256	327	1350
195.73	20257	326	1350
195.733	20258	328	1350
195.748	20259	327	1350
195.75	20260	329	1350
195.766	20261	327	1350
195.768	20262	329	1350
195.779	20263	324	1350
195.781	20264	326	1350
195.797	20265	324	1350
195.799	20266	326	1350
195.808	20267	322	1350
195.81	20268	324	1350
195.823	20269	325	1350
195.825	20270	327	1350
195.836	20271	326	1350
195.839	20272	328	1350
195.843	20273	320	1350
195.845	20274	322	1350
195.861	20275	324	1350
195.863	20276	326	1350
195.874	20277	324	1350
195.876	20278	327	1350
195.885	20279	323	1350
195.887	20280	326	1350
195.898	20281	324	1350
195.9	20282	326	1350
195.911	20283	324	1350
195.914	20284	326	1350
195.923	20285	323	1350
195.925	20286	325	1350
195.936	20287	323	1350
195.938	20288	325	1350
195.949	20289	324	1350
195.951	20290	326	1350
195.962	20291	324	1350
195.964	20292	326	1350
195.973	20293	323	1350
195.976	20294	325	1350
195.987	20295	323	1350
195.989	20296	325	1350
196	20297	323	1350
196.002	20298	326	1350
196.015	20299	326	1350
196.017	20300	328	1350
196.031	20301	329	1350
196.033	20302	331	1350
196.044	20303	329	1350
196.046	20304	332	1350
196.059	20305	332	1350
196.062	20306	334	1350
196.073	20307	332	1350
196.075	20308	334	1350
196.084	20309	331	1350
196.086	20310	333	1350
196.097	20311	331	1350
196.099	20312	334	1350
196.11	20313	332	1350
196.112	20314	334	1350
196.123	20315	333	1350
196.126	20316	335	1350
196.134	20317	331	1350
196.137	20318	333	1350
196.148	20319	331	1350
196.15	20320	333	1350
196.161	20321	331	1350
196.163	20322	334	1350
196.17	20323	328	1350
196.172	20324	331	1350
196.183	20325	329	1350
196.185	20326	331	1350
196.201	20327	333	1350
196.203	20328	335	1350
196.214	20329	333	1350
196.216	20330	336	1350
196.227	20331	335	1350
196.229	20332	337	1350
196.386	20333	111	34
196.428	20334	103	1350
196.43	20335	105	1350
196.432	20336	107	1350
196.455	20337	102	1350
196.461	20338	102	1350
196.657	20339	104	1350
196.66	20340	106	1350
196.668	20341	103	1350
196.67	20342	105	1350
196.681	20343	102	1350
196.683	20344	105	1350
196.695	20345	103	1350
196.697	20346	106	1350
196.706	20347	102	1350
196.708	20348	104	1350
196.722	20349	106	1350
196.724	20350	108	1350
196.735	20351	106	1350
196.738	20352	108	1350
196.753	20353	110	1350
196.755	20354	113	1350
196.766	20355	111	1350
196.768	20356	113	1350
196.788	20357	121	1350
196.791	20358	123	1350
196.802	20359	121	1350
196.804	20360	123	1350
196.819	20361	126	1350
196.821	20362	128	1350
196.841	20363	136	1350
196.844	20364	138	1350
196.855	20365	136	1350
196.857	20366	138	1350
196.872	20367	141	1350
196.874	20368	143	1350
196.89	20369	145	1350
196.892	20370	148	1350
196.908	20371	151	1350
196.91	20372	153	1350
196.925	20373	156	1350
196.927	20374	158	1350
196.943	20375	160	1350
196.945	20376	163	1350
196.965	20377	169	1350
196.967	20378	172	1350
196.983	20379	175	1350
196.985	20380	177	1350
196.996	20381	175	1350
196.998	20382	178	1350
197.016	20383	182	1350
197.018	20384	184	1350
197.033	20385	187	1350
197.036	20386	189	1350
197.051	20387	193	1350
197.053	20388	195	1350
197.064	20389	193	1350
197.067	20390	195	1350
197.078	20391	193	1350
197.08	20392	195	1350
197.095	20393	199	1350
197.097	20394	201	1350
197.108	20395	199	1350
197.111	20396	201	1350
197.122	20397	199	1350
197.124	20398	201	1350
197.144	20399	208	1350
197.146	20400	211	1350
197.153	20401	205	1350
197.155	20402	207	1350
197.17	20403	210	1350
197.173	20404	212	1350
197.188	20405	214	1350
197.19	20406	217	1350
197.201	20407	215	1350
197.203	20408	217	1350
197.219	20409	220	1350
197.221	20410	223	1350
197.228	20411	218	1350
197.23	20412	220	1350
197.245	20413	226	1350
197.248	20414	228	1350
197.254	20415	225	1350
197.256	20416	227	1350
197.267	20417	228	1350
197.27	20418	230	1350
197.281	20419	231	1350
197.283	20420	233	1350
197.294	20421	233	1350
197.296	20422	236	1350
197.312	20423	241	1350
197.314	20424	243	1350
197.325	20425	244	1350
197.327	20426	247	1350
197.334	20427	243	1350
197.336	20428	245	1350
197.347	20429	245	1350
197.349	20430	248	1350
197.369	20431	258	1350
197.371	20432	260	1350
197.378	20433	256	1350
197.38	20434	259	1350
197.391	20435	260	1350
197.393	20436	262	1350
197.409	20437	266	1350
197.411	20438	268	1350
197.422	20439	270	1350
197.424	20440	272	1350
197.435	20441	273	1350
197.437	20442	275	1350
197.446	20443	273	1350
197.449	20444	275	1350
197.455	20445	272	1350
197.457	20446	274	1350
197.473	20447	279	1350
197.475	20448	281	1350
197.482	20449	278	1350
197.484	20450	280	1350
197.499	20451	278	1350
197.501	20452	280	1350
197.515	20453	276	1350
197.517	20454	278	1350
197.537	20455	281	1350
197.539	20456	284	1350
197.554	20457	282	1350
197.557	20458	284	1350
197.572	20459	283	1350
197.574	20460	285	1350
197.59	20461	283	1350
197.592	20462	286	1350
197.607	20463	284	1350
197.61	20464	286	1350
197.63	20465	288	1350
197.632	20466	290	1350
197.643	20467	284	1350
197.645	20468	287	1350
197.66	20469	285	1350
197.663	20470	287	1350
197.678	20471	286	1350
197.68	20472	288	1350
197.7	20473	291	1350
197.702	20474	293	1350
197.709	20475	283	1350
197.711	20476	285	1350
197.731	20477	288	1350
197.733	20478	290	1350
197.744	20479	288	1350
197.747	20480	290	1350
197.762	20481	293	1350
197.764	20482	295	1350
197.775	20483	293	1350
197.777	20484	295	1350
197.789	20485	293	1350
197.791	20486	295	1350
197.806	20487	298	1350
197.808	20488	300	1350
197.819	20489	298	1350
197.822	20490	300	1350
197.833	20491	299	1350
197.835	20492	301	1350
197.85	20493	304	1350
197.853	20494	306	1350
197.864	20495	304	1350
197.866	20496	306	1350
197.875	20497	302	1350
197.877	20498	304	1350
197.888	20499	302	1350
197.89	20500	305	1350
197.906	20501	308	1350
197.908	20502	310	1350
197.917	20503	305	1350
197.919	20504	307	1350
197.93	20505	305	1350
197.932	20506	308	1350
197.95	20507	313	1350
197.952	20508	315	1350
197.963	20509	313	1350
197.965	20510	316	1350
197.976	20511	315	1350
197.978	20512	317	1350
197.994	20513	318	1350
197.996	20514	321	1350
198.003	20515	314	1350
198.005	20516	316	1350
198.02	20517	319	1350
198.023	20518	321	1350
198.034	20519	319	1350
198.036	20520	321	1350
198.047	20521	320	1350
198.049	20522	323	1350
198.065	20523	325	1350
198.067	20524	327	1350
198.078	20525	325	1350
198.08	20526	327	1350
198.095	20527	330	1350
198.098	20528	332	1350
198.109	20529	330	1350
198.111	20530	332	1350
198.122	20531	330	1350
198.124	20532	333	1350
198.135	20533	332	1350
198.137	20534	334	1350
198.157	20535	341	1350
198.159	20536	343	1350
198.171	20537	341	1350
198.173	20538	343	1350
198.179	20539	337	1350
198.182	20540	339	1350
198.201	20541	346	1350
198.204	20542	348	1350
198.215	20543	346	1350
198.217	20544	348	1350
198.228	20545	346	1350
198.23	20546	349	1350
198.25	20547	356	1350
198.252	20548	358	1350
198.263	20549	357	1350
198.265	20550	359	1350
198.277	20551	357	1350
198.279	20552	359	1350
198.294	20553	362	1350
198.296	20554	364	1350
198.307	20555	362	1350
198.31	20556	364	1350
198.325	20557	367	1350
198.327	20558	369	1350
198.338	20559	367	1350
198.341	20560	369	1350
198.356	20561	371	1350
198.358	20562	374	1350
198.374	20563	377	1350
198.376	20564	379	1350
198.385	20565	375	1350
198.387	20566	377	1350
198.398	20567	375	1350
198.4	20568	378	1350
198.411	20569	376	1350
198.413	20570	378	1350
198.427	20571	378	1350
198.429	20572	380	1350
198.44	20573	378	1350
198.442	20574	381	1350
198.449	20575	374	1350
198.451	20576	376	1350
198.462	20577	375	1350
198.464	20578	378	1350
198.475	20579	376	1350
198.477	20580	378	1350
198.488	20581	376	1350
198.491	20582	378	1350
198.502	20583	376	1350
198.504	20584	378	1350
198.511	20585	372	1350
198.513	20586	374	1350
198.524	20587	372	1350
198.526	20588	375	1350
198.537	20589	373	1350
198.539	20590	375	1350
198.55	20591	373	1350
198.553	20592	375	1350
198.564	20593	374	1350
198.566	20594	376	1350
198.577	20595	374	1350
198.579	20596	376	1350
198.59	20597	375	1350
198.592	20598	377	1350
198.599	20599	370	1350
198.601	20600	373	1350
198.608	20601	366	1350
198.61	20602	368	1350
198.621	20603	366	1350
198.623	20604	369	1350
198.634	20605	367	1350
198.636	20606	369	1350
198.652	20607	372	1350
198.654	20608	372	1350
198.656	20609	374	1350
198.667	20610	368	1350
198.67	20611	370	1350
198.681	20612	368	1350
198.683	20613	370	1350
198.694	20614	367	1350
198.696	20615	370	1350
198.711	20616	372	1350
198.714	20617	374	1350
198.723	20618	369	1350
198.725	20619	371	1350
198.736	20620	370	1350
198.738	20621	372	1350
198.762	20622	374	1350
198.764	20623	376	1350
198.771	20624	370	1350
198.773	20625	372	1350
198.789	20626	369	1350
198.791	20627	371	1350
198.802	20628	370	1350
198.804	20629	372	1350
198.82	20630	369	1350
198.822	20631	371	1350
198.831	20632	367	1350
198.833	20633	369	1350
198.848	20634	367	1350
198.851	20635	369	1350
198.862	20636	368	1350
198.864	20637	370	1350
198.881	20638	372	1350
198.884	20639	374	1350
198.893	20640	370	1350
198.895	20641	372	1350
198.91	20642	374	1350
198.912	20643	376	1350
198.923	20644	374	1350
198.926	20645	376	1350
198.939	20646	374	1350
198.941	20647	377	1350
198.957	20648	379	1350
198.959	20649	381	1350
198.965	20650	375	1350
198.968	20651	377	1350
198.983	20652	380	1350
198.985	20653	382	1350
198.996	20654	380	1350
198.999	20655	382	1350
199.01	20656	380	1350
199.012	20657	382	1350
199.023	20658	380	1350
199.025	20659	383	1350
199.04	20660	385	1350
199.043	20661	387	1350
199.054	20662	386	1350
199.056	20663	388	1350
199.067	20664	386	1350
199.069	20665	389	1350
199.078	20666	385	1350
199.08	20667	387	1350
199.093	20668	387	1350
199.096	20669	389	1350
199.107	20670	387	1350
199.113	20672	384	1350
199.116	20673	386	1350
199.122	20674	383	1350
199.124	20675	385	1350
199.135	20676	385	1350
199.138	20677	387	1350
199.144	20678	384	1350
199.146	20679	386	1350
199.162	20680	385	1350
199.164	20681	388	1350
199.171	20682	383	1350
199.173	20683	385	1350
199.18	20684	382	1350
199.191	20685	385	1350
199.193	20686	387	1350
199.204	20687	388	1350
199.219	20689	383	1350
199.222	20690	385	1350
199.23	20691	384	1350
199.233	20692	386	1350
199.244	20693	386	1350
199.25	20694	387	1350
199.27	20696	381	1350
199.272	20697	383	1350
199.279	20698	379	1350
199.281	20699	382	1350
199.297	20700	380	1350
199.299	20701	382	1350
199.31	20702	383	1350
199.325	20703	381	1350
199.328	20704	383	1350
199.336	20705	375	1350
199.339	20706	377	1350
199.358	20707	379	1350
199.361	20708	381	1350
199.381	20709	384	1350
199.383	20710	386	1350
199.394	20711	380	1350
199.396	20712	382	1350
199.409	20713	379	1350
199.411	20714	381	1350
199.427	20715	379	1350
199.429	20716	382	1350
199.44	20717	376	1350
199.442	20718	378	1350
199.46	20719	378	1350
199.462	20720	381	1350
199.478	20721	378	1350
199.48	20722	380	1350
199.491	20723	374	1350
199.493	20724	377	1350
199.509	20725	375	1350
199.511	20726	377	1350
199.522	20727	371	1350
199.524	20728	374	1350
199.539	20729	372	1350
199.542	20730	374	1350
199.553	20731	372	1350
199.555	20732	374	1350
199.57	20733	377	1350
199.573	20734	379	1350
199.584	20735	377	1350
199.586	20736	379	1350
199.592	20737	373	1350
199.595	20738	375	1350
199.601	20739	370	1350
199.604	20740	372	1350
199.623	20741	363	1350
199.626	20742	365	1350
199.632	20743	359	1350
199.634	20744	361	1350
199.65	20745	362	1350
199.652	20746	365	1350
199.659	20747	359	1350
199.661	20748	361	1350
199.672	20749	359	1350
199.679	20750	363	1350
199.681	20751	365	1350
199.694	20752	362	1350
199.696	20753	364	1350
199.707	20754	363	1350
199.709	20755	365	1350
199.718	20756	361	1350
199.734	20757	365	1350
199.736	20758	367	1350
199.745	20759	363	1350
199.747	20760	366	1350
199.762	20761	368	1350
199.765	20762	370	1350
199.78	20763	359	1350
199.782	20764	361	1350
199.798	20765	363	1350
199.809	20766	358	1350
199.811	20767	361	1350
199.824	20768	361	1350
199.827	20769	363	1350
199.846	20770	363	1350
199.849	20771	365	1350
199.86	20772	363	1350
199.862	20773	365	1350
199.882	20774	363	1350
199.884	20775	365	1350
199.899	20776	368	1350
199.902	20777	370	1350
199.917	20778	366	1350
199.919	20779	368	1350
199.93	20780	366	1350
199.933	20781	368	1350
199.952	20782	367	1350
199.955	20783	369	1350
199.966	20784	368	1350
199.968	20785	370	1350
199.983	20786	367	1350
199.985	20787	369	1350
199.999	20788	370	1350
200.001	20789	372	1350
200.012	20790	365	1350
200.014	20791	368	1350
200.03	20792	370	1350
200.032	20793	372	1350
200.043	20794	365	1350
200.045	20795	368	1350
200.061	20796	370	1350
200.063	20797	372	1350
200.078	20798	370	1350
200.08	20799	372	1350
200.091	20800	370	1350
200.094	20801	372	1350
200.105	20802	370	1350
200.107	20803	372	1350
200.122	20804	375	1350
200.125	20805	377	1350
200.131	20806	371	1350
200.133	20807	373	1350
200.149	20808	375	1350
200.151	20809	378	1350
200.158	20810	372	1350
200.16	20811	374	1350
200.175	20812	377	1350
200.178	20813	379	1350
200.186	20814	375	1350
200.189	20815	377	1350
200.204	20816	380	1350
200.206	20817	382	1350
200.213	20818	375	1350
200.215	20819	378	1350
200.226	20820	376	1350
200.228	20821	378	1350
200.239	20822	376	1350
200.242	20823	378	1350
200.25	20824	375	1350
200.253	20825	377	1350
200.264	20826	375	1350
200.266	20827	377	1350
200.277	20828	375	1350
200.279	20829	378	1350
200.29	20830	376	1350
200.292	20831	378	1350
200.303	20832	376	1350
200.306	20833	378	1350
200.312	20834	372	1350
200.314	20835	374	1350
200.321	20836	368	1350
200.323	20837	370	1350
200.337	20838	371	1350
200.339	20839	373	1350
200.35	20840	371	1350
200.352	20841	374	1350
200.363	20842	372	1350
200.365	20843	374	1350
200.374	20844	374	61
