40.001 1
40.211 2
40.211 3
40.211 4
40.211 5
40.211 6
40.211 7
40.261 8
40.261 9
40.2671 10
40.2731 11
40.2792 12
40.2852 13
40.2973 14
40.3034 15
40.3094 16
40.3155 17
40.3215 18
40.3276 19
40.3337 20
40.3397 21
40.3458 22
40.3518 23
40.3579 24
40.3639 25
40.376 26
40.3821 27
40.3881 28
40.3942 29
40.4002 30
40.4063 31
40.4123 32
40.4184 33
40.4558 31
40.4619 30
40.468 29
40.474 30
40.4801 31
40.4861 32
40.4982 33
40.5043 34
40.5103 35
40.5164 36
40.5224 37
40.5285 38
40.5345 37
40.5406 38
40.6568 23
40.6628 24
40.6689 25
40.6744 24
40.6809 25
40.6869 26
40.6928 25
40.6985 26
40.7042 25
40.7097 26
40.7142 25
40.7205 26
40.7257 27
40.731 26
40.7362 27
40.7413 28
40.7464 29
40.7515 30
40.7566 31
40.7617 32
40.7669 31
40.77 32
40.7731 33
40.7761 32
40.7794 33
40.7825 34
40.7888 35
40.7919 34
40.795 35
40.7982 36
40.8013 37
40.8044 36
40.8044 37
40.8104 38
40.8104 39
40.8159 38
40.8159 39
40.8223 40
40.8223 41
40.8281 42
40.8281 43
40.8335 42
40.8335 43
40.8399 44
40.8399 45
40.8458 46
40.8458 47
40.8512 46
40.8512 47
40.8571 48
40.8625 49
40.8625 50
40.868 51
40.868 52
40.8734 53
40.8734 54
40.8788 55
40.8788 56
40.8842 57
40.8896 58
40.8896 59
40.895 60
40.895 61
40.9004 62
41.1031 55
41.151 47
41.1564 48
41.1564 49
41.1618 50
41.1618 51
41.1672 50
41.1672 51
41.1726 52
41.1726 53
41.178 52
41.178 53
41.1834 54
41.1834 55
41.1889 54
41.1889 55
41.1943 56
41.1943 57
41.1997 56
41.1997 57
41.2051 56
41.2051 57
41.2105 58
41.2105 59
41.2159 60
41.2213 59
41.2213 60
41.226 59
41.226 60
41.2322 61
41.2322 62
41.2376 61
41.2376 62
41.243 63
41.2481 62
41.2481 63
41.2569 62
41.2569 63
41.2658 62
41.2658 63
41.293 59
41.293 60
41.2984 61
41.2984 62
41.3038 63
41.3217 59
41.3271 60
41.3271 61
41.3325 62
41.3325 63
41.3526 59
41.3577 60
41.3577 61
41.3628 62
41.3628 63
41.3791 60
41.3791 61
41.3842 62
41.3842 63
41.4807 60
41.4807 61
41.4856 62
41.4856 63
41.5204 62
41.5527 63
41.6473 60
41.6473 61
41.6518 60
41.6518 61
41.6562 60
41.6562 61
41.6621 62
41.6739 61
41.6739 62
41.6793 61
41.6793 62
41.6842 60
41.6842 61
41.6891 62
41.7063 61
41.7063 62
41.7224 60
41.7224 61
41.7269 60
41.7269 61
41.7313 62
41.7372 61
41.7372 62
41.7644 61
41.7644 62
41.8071 59
41.8071 60
41.812 61
41.812 62
41.8358 56
41.8358 57
41.8407 58
41.8407 59
41.8456 60
41.8456 61
41.8505 62
41.8799 60
41.8799 61
41.8848 62
41.9771 60
41.9771 61
41.982 62
42.145 56
42.145 57
42.1499 58
42.1499 59
42.1548 60
42.1548 61
42.1597 62
42.1737 55
42.1737 56
42.1786 57
42.1786 58
42.1835 56
42.1835 57
42.1884 56
42.1884 57
42.1929 54
42.1929 55
42.1983 56
42.1983 57
42.2032 58
42.2032 59
42.2081 60
42.2081 61
42.213 62
42.2172 58
42.2172 59
42.2216 57
42.226 55
42.226 56
42.2569 51
42.2569 52
42.2618 53
42.2618 54
42.2667 55
42.2716 56
42.2716 57
42.2765 58
42.2765 59
42.2814 60
42.2814 61
42.2864 57
42.2864 58
42.2913 59
42.2913 60
42.2962 61
42.2962 62
42.3011 63
42.3106 60
42.3106 61
42.3155 62
42.3155 63
42.3371 58
42.3371 59
42.342 60
42.342 61
42.3469 62
42.3469 63
42.3724 60
42.3724 61
42.3773 62
42.3773 63
42.474 60
42.474 61
42.4789 62
42.4789 63
42.5049 62
42.5049 63
42.6109 56
42.6109 57
42.6158 58
42.6158 59
42.6207 60
42.6207 61
42.6256 62
42.6256 63
42.6506 56
42.6506 57
42.6555 58
42.6555 59
42.6604 60
42.6604 61
42.6653 62
42.6653 63
42.6815 56
42.6815 57
42.6864 58
42.6864 59
42.6913 60
42.6913 61
42.6963 62
42.6963 63
42.7124 59
42.7124 60
42.7173 61
42.7173 62
42.7766 56
42.7766 57
42.781 55
42.781 56
42.7854 55
42.7854 56
42.7913 57
42.7913 58
42.7962 59
42.8009 57
42.8009 58
42.8061 59
42.8061 60
42.811 61
42.811 62
42.8605 61
42.8605 62
42.9871 60
42.9871 61
42.992 62
43.1107 58
43.1107 59
43.1156 60
43.1156 61
43.1206 62
43.1372 58
43.1372 59
43.1421 60
43.1421 61
43.1471 62
43.1637 58
43.1637 59
43.1686 60
43.1686 61
43.1735 62
43.1902 58
43.1902 59
43.1951 60
43.1951 61
43.2 62
43.2167 59
43.2167 60
43.2216 61
43.2216 62
43.2454 59
43.2454 60
43.2503 61
43.2503 62
43.2741 56
43.2741 57
43.279 58
43.279 59
43.2999 55
43.2999 56
43.3043 54
43.3043 55
43.3087 53
43.3087 54
43.4743 43
43.4766 42
43.7831 6
43.7831 7
43.788 8
43.788 9
43.7929 10
43.7929 11
43.7978 12
43.7978 13
43.8028 14
43.8077 15
43.8077 16
43.8126 13
43.8126 14
43.8175 15
43.8175 16
43.8224 17
43.8224 18
43.8273 19
43.8273 20
43.8322 21
43.8322 22
43.8372 23
43.8372 24
43.8421 25
43.847 26
43.847 27
43.8519 28
43.8519 29
43.8568 30
43.8568 31
43.8617 32
43.8617 33
43.8666 34
43.8666 35
43.8715 36
43.8715 37
43.8765 38
43.8814 39
43.8814 40
43.8863 41
43.8863 42
43.8912 43
43.8912 44
43.8961 45
43.8961 46
43.901 47
43.901 48
43.9059 49
43.9059 50
43.9109 51
43.9158 52
43.9158 53
43.9207 54
43.9207 55
43.9256 56
43.9256 57
43.9305 58
43.9305 59
43.9354 60
43.9354 61
43.9403 62
44.2034 58
44.2034 59
44.2083 60
44.2083 61
44.2132 62
44.2299 56
44.2299 57
44.2348 58
44.2348 59
44.2397 60
44.2397 61
44.2446 62
44.2608 58
44.2608 59
44.2657 60
44.2657 61
44.2706 62
44.2873 56
44.2873 57
44.2922 58
44.2922 59
44.2971 60
44.2971 61
44.302 62
44.3182 58
44.3182 59
44.3231 60
44.3231 61
44.328 62
44.3447 56
44.3447 57
44.3496 58
44.3496 59
44.3545 58
44.3545 59
44.3594 60
44.3594 61
44.3643 62
44.3844 56
44.3844 57
44.3893 58
44.3893 59
44.3943 60
44.3943 61
44.3992 62
44.4146 58
44.4146 59
44.4191 57
44.4191 58
44.4235 56
44.4235 57
44.4294 58
44.4294 59
44.4343 60
44.4343 61
44.4392 62
44.6531 63
44.694 54
44.694 55
44.7349 37
44.7349 38
44.7735 21
44.7735 22
44.7869 23
44.7869 24
44.8003 15
44.8003 16
44.8137 17
44.8137 18
44.827 13
44.827 14
44.8404 15
44.8404 16
44.8538 17
44.8538 18
44.8672 19
44.8672 20
44.8804 19
44.8804 20
44.8936 21
44.8936 22
44.9066 23
44.9066 24
44.9197 25
44.9457 26
44.9457 27
44.9588 28
44.9588 29
44.9718 28
44.9718 29
44.9848 30
44.9848 31
44.9979 32
44.9979 33
45.0109 30
45.0109 31
45.0239 32
45.0239 33
45.037 30
45.037 31
45.05 32
45.05 33
45.063 30
45.063 31
45.0761 32
45.0761 33
45.0891 30
45.0891 31
45.1022 32
45.1022 33
45.1152 32
45.1152 33
45.1282 34
45.1282 35
45.1413 36
45.1413 37
45.1543 34
45.1543 35
45.1673 36
45.1673 37
45.1804 38
45.1934 36
45.1934 37
45.2064 38
45.2195 39
45.2195 40
45.2325 37
45.2325 38
45.2429 39
45.2429 40
45.2533 41
45.2533 42
45.2638 43
45.2638 44
45.2742 41
45.2742 42
45.2846 43
45.2846 44
45.2951 45
45.2951 46
45.3055 47
45.3055 48
45.3159 45
45.3159 46
45.3263 47
45.3263 48
45.3368 49
45.3368 50
45.3472 51
45.3576 49
45.3576 50
45.3681 51
45.3785 52
45.3785 53
45.3889 54
45.3889 55
45.3993 52
45.3993 53
45.4098 54
45.4098 55
45.4202 56
45.4202 57
45.4306 58
45.4306 59
45.4411 56
45.4411 57
45.4515 58
45.4515 59
45.4619 60
45.4619 61
45.4723 62
45.4828 60
45.4828 61
45.5001 62
45.5175 60
45.5175 61
45.5349 62
45.5523 60
45.5523 61
45.5697 62
45.587 60
45.587 61
45.6044 62
45.6218 60
45.6218 61
45.6392 58
45.6392 59
45.6566 60
45.6566 61
45.6739 56
45.6739 57
45.6913 58
45.6913 59
45.7087 56
45.7087 57
45.7217 52
45.7217 53
45.7348 54
45.7348 55
45.7478 56
45.7478 57
45.7608 52
45.7608 53
45.7739 54
45.7739 55
45.7869 56
45.7869 57
45.7999 54
45.7999 55
45.813 56
45.813 57
45.826 54
45.826 55
45.839 56
45.8521 57
45.8521 58
45.8651 55
45.8651 56
45.8781 57
45.8781 58
45.8912 56
45.8912 57
45.9042 58
45.9042 59
45.9172 56
45.9172 57
45.9303 58
45.9303 59
45.9433 56
45.9433 57
45.9564 58
45.9564 59
45.9694 60
45.9694 61
45.9824 58
45.9824 59
45.9955 60
45.9955 61
46.0085 62
46.0215 60
46.0215 61
46.0346 62
46.0476 63
46.0476 64
46.0606 62
46.0737 63
46.0737 64
46.0867 65
46.0867 66
46.0997 63
46.0997 64
46.1128 65
46.1128 66
46.1258 67
46.1258 68
46.1388 65
46.1388 66
46.1519 67
46.1519 68
46.1649 69
46.1649 70
46.1779 67
46.1779 68
46.191 69
46.191 70
46.204 71
46.204 72
46.217 69
46.217 70
46.2301 71
46.2301 72
46.2431 69
46.2431 70
46.2561 71
46.2561 72
46.2692 73
46.2692 74
46.2822 70
46.2822 71
46.2952 70
46.3136 69
46.3379 68
46.3401 67
46.3401 68
46.3575 67
46.3777 66
46.4137 63
46.4137 64
46.4267 65
46.4267 66
46.4398 64
46.4398 65
46.4528 64
46.4528 65
46.4658 64
46.4658 65
46.4789 63
46.4789 64
46.5065 62
46.5195 63
46.5195 64
46.533 62
46.546 63
46.546 64
46.5594 62
46.572 61
46.572 62
46.5852 61
46.5852 62
46.6116 63
46.6213 61
46.6213 62
46.6343 63
46.6478 61
46.6478 62
46.6608 63
46.6743 59
46.6743 60
46.6873 61
46.6873 62
46.7003 63
46.714 61
46.714 62
46.7265 60
46.7265 61
46.7401 62
46.7531 61
46.7531 62
46.7758 60
46.7758 61
46.7889 62
46.8023 60
46.8023 61
46.8154 62
46.8284 63
46.8284 64
46.8414 62
46.8545 63
46.8545 64
46.8675 62
46.8805 63
46.8805 64
46.8936 65
46.8936 66
46.9066 67
46.9066 68
46.9193 65
46.9193 66
46.9319 65
46.9319 66
46.9457 63
46.9457 64
46.9587 65
46.9587 66
46.9718 67
46.9718 68
46.9848 67
46.9848 68
46.9978 69
46.9978 70
47.0109 67
47.0109 68
47.0239 69
47.0239 70
47.0369 65
47.0369 66
47.0474 67
47.0474 68
47.0578 69
47.0578 70
47.0673 67
47.0673 68
47.0787 69
47.0787 70
47.0891 71
47.0891 72
47.0995 68
47.0995 69
47.1099 70
47.1099 71
47.1204 72
47.1204 73
47.1308 70
47.1308 71
47.1412 72
47.1412 73
47.1517 74
47.1621 72
47.1621 73
47.1725 74
47.1829 75
47.1829 76
47.1934 72
47.1934 73
47.2038 74
47.2142 75
47.2142 76
47.2246 77
47.2246 78
47.2351 74
47.2351 75
47.2455 76
47.2455 77
47.2559 74
47.2559 75
47.2733 76
47.2733 77
47.2907 74
47.2907 75
47.3081 76
47.3081 77
47.3255 76
47.3255 77
47.3426 75
47.3426 76
47.3602 74
47.3776 75
47.3776 76
47.395 75
47.395 76
47.4124 73
47.4124 74
47.4297 70
47.4297 71
47.4471 69
47.4471 70
47.4645 71
47.4645 72
47.4819 69
47.4819 70
47.4949 71
47.4949 72
47.5079 69
47.5079 70
47.521 71
47.521 72
47.534 69
47.534 70
47.547 71
47.547 72
47.5601 68
47.5601 69
47.5731 68
47.5731 69
47.5861 67
47.5861 68
47.5992 69
47.5992 70
47.6122 65
47.6122 66
47.6252 67
47.6252 68
47.6383 65
47.6383 66
47.6513 64
47.6513 65
47.6643 64
47.6643 65
47.6774 64
47.6774 65
47.6904 66
47.7025 64
47.7025 65
47.7165 63
47.7165 64
47.7295 63
47.7295 64
47.7422 62
47.7555 60
47.7555 61
47.7686 62
47.7817 63
47.7817 64
47.7947 65
47.7947 66
47.8077 63
47.8077 64
47.8208 65
47.8208 66
47.8338 63
47.8338 64
47.8468 65
47.8468 66
47.8599 67
47.8599 68
47.8729 65
47.8729 66
47.8859 67
47.8859 68
47.899 69
47.899 70
47.912 68
47.912 69
47.925 70
47.925 71
47.9381 68
47.9381 69
47.9511 67
47.9511 68
47.9641 69
47.9641 70
47.9772 71
47.9772 72
47.9902 69
47.9902 70
48.0032 71
48.0032 72
48.0163 69
48.0163 70
48.0293 71
48.0293 72
48.0423 69
48.0423 70
48.0554 71
48.0554 72
48.0684 69
48.0684 70
48.0814 71
48.0814 72
48.0945 69
48.0945 70
48.1075 71
48.1075 72
48.1205 67
48.1205 68
48.1336 69
48.1336 70
48.1466 71
48.1466 72
48.1596 69
48.1596 70
48.1727 71
48.1727 72
48.1857 68
48.1857 69
48.1987 70
48.1987 71
48.2118 69
48.2118 70
48.2248 71
48.2248 72
48.2378 69
48.2378 70
48.2509 71
48.2509 72
48.2633 68
48.2633 69
48.2766 67
48.2766 68
48.29 69
48.29 70
48.303 71
48.303 72
48.316 73
48.316 74
48.3291 71
48.3291 72
48.3421 70
48.3421 71
48.3551 70
48.3551 71
48.3682 70
48.3682 71
48.3812 70
48.3812 71
48.3943 70
48.3943 71
48.4073 69
48.4073 70
48.4203 71
48.4203 72
48.4334 70
48.4334 71
48.4464 69
48.4464 70
48.4594 71
48.4594 72
48.4725 73
48.4725 74
48.4855 71
48.4855 72
48.4985 70
48.4985 71
48.5116 70
48.5116 71
48.5246 70
48.5246 71
48.5376 70
48.5376 71
48.5507 70
48.5507 71
48.5637 69
48.5637 70
48.5767 71
48.5767 72
48.5898 70
48.5898 71
48.6028 69
48.6028 70
48.6158 71
48.6158 72
48.6289 73
48.6289 74
48.6419 69
48.6419 70
48.6541 68
48.6541 69
48.668 70
48.681 71
48.681 72
48.694 73
48.694 74
48.7071 71
48.7071 72
48.7201 73
48.7201 74
48.7331 70
48.7331 71
48.7462 72
48.7462 73
48.7592 70
48.7592 71
48.7722 72
48.7722 73
48.7853 70
48.7853 71
48.7983 69
48.7983 70
48.8087 71
48.8087 72
48.8192 73
48.8192 74
48.8296 71
48.8296 72
48.84 73
48.84 74
48.8504 75
48.8609 73
48.8609 74
48.8713 72
48.8713 73
48.8816 72
48.8816 73
48.8922 74
48.9026 75
48.9026 76
48.913 74
48.9339 75
48.9443 76
48.9547 75
48.9547 76
48.9652 75
48.9652 76
48.9756 74
48.9756 75
48.986 76
48.986 77
48.9964 78
48.9964 79
49.0069 77
49.0069 78
49.0242 76
49.0242 77
49.0416 78
49.059 79
49.059 80
49.0764 77
49.0764 78
49.0938 75
49.0938 76
49.1111 74
49.1285 73
49.1285 74
49.1459 75
49.1633 71
49.1633 72
49.1804 69
49.1804 70
49.198 71
49.198 72
49.2154 68
49.2154 69
49.2285 70
49.2285 71
49.2415 68
49.2415 69
49.2545 70
49.2545 71
49.2676 67
49.2676 68
49.2806 69
49.2806 70
49.2936 71
49.2936 72
49.3067 67
49.3067 68
49.3197 69
49.3197 70
49.3327 65
49.3327 66
49.3458 67
49.3458 68
49.3588 69
49.3588 70
49.3718 65
49.3718 66
49.3849 67
49.3849 68
49.3979 69
49.3979 70
49.4109 65
49.4109 66
49.424 67
49.424 68
49.437 63
49.437 64
49.45 65
49.45 66
49.4631 67
49.4631 68
49.4761 63
49.4761 64
49.4891 65
49.4891 66
49.5022 62
49.5022 63
49.5152 62
49.5282 63
49.5282 64
49.5413 65
49.5413 66
49.5535 63
49.5535 64
49.5673 65
49.5673 66
49.5804 65
49.5804 66
49.5931 67
49.6056 66
49.6056 67
49.6182 66
49.6182 67
49.6308 68
49.6308 69
49.6433 68
49.6433 69
49.6559 68
49.6559 69
49.6676 67
49.6676 68
49.681 69
49.681 70
49.6936 71
49.6936 72
49.7062 70
49.7062 71
49.7187 69
49.7187 70
49.7313 71
49.7313 72
49.7439 70
49.7439 71
49.7559 70
49.7559 71
49.769 72
49.7816 70
49.7816 71
49.7941 72
49.8067 73
49.8067 74
49.8193 72
49.8193 73
49.831 71
49.831 72
49.8444 73
49.857 72
49.857 73
49.8685 69
49.8685 70
49.8821 71
49.8821 72
49.8947 73
49.909 70
49.909 71
49.9216 72
49.9216 73
49.9355 68
49.9355 69
49.9481 70
49.9481 71
49.9606 72
49.9606 73
49.9732 71
49.9732 72
49.9858 68
49.9858 69
49.9983 70
49.9983 71
50.0109 72
50.0109 73
50.0235 70
50.0235 71
50.036 72
50.036 73
50.0525 71
50.0525 72
50.065 69
50.065 70
50.0777 71
50.0902 72
50.0902 73
50.1033 71
50.1033 72
50.1159 71
50.1159 72
50.1284 71
50.1284 72
50.141 71
50.141 72
50.1536 71
50.1536 72
50.1661 73
50.1787 72
50.1787 73
50.1913 71
50.1913 72
50.2038 71
50.2038 72
50.2164 71
50.2164 72
50.2579 65
50.6899 4
50.7032 3
50.7157 4
51.0594 1
51.0594 2
51.072 3
51.0846 4
51.0846 5
51.0971 6
51.0971 7
51.1097 8
51.1097 9
51.1223 10
51.1223 11
51.1348 12
51.1348 13
51.1474 14
51.16 15
51.16 16
51.1725 17
51.1725 18
51.1851 19
51.1851 20
51.1977 21
51.1977 22
51.2102 23
51.2102 24
51.2228 25
51.2354 26
51.2354 27
51.2479 28
51.2479 29
51.2605 30
51.2605 31
51.2731 32
51.2731 33
51.2857 34
51.2857 35
51.2982 36
51.2982 37
51.3108 38
51.3234 39
51.3234 40
51.3359 37
51.3359 38
51.3485 39
51.3485 40
51.3611 37
51.3611 38
51.3736 39
51.3736 40
51.3862 41
51.3862 42
51.3988 39
51.3988 40
51.4113 41
51.4113 42
51.4239 39
51.4239 40
51.4365 41
51.4365 42
51.449 39
51.449 40
51.4616 41
51.4616 42
51.4742 39
51.4742 40
51.4867 41
51.4867 42
51.4988 39
51.4988 40
51.5119 41
51.5119 42
51.5244 43
51.5244 44
51.537 41
51.537 42
51.5496 43
51.5496 44
51.5621 41
51.5621 42
51.5747 43
51.5747 44
51.5873 41
51.5873 42
51.5999 43
51.5999 44
51.6124 41
51.6124 42
51.625 43
51.625 44
51.6376 41
51.6376 42
51.6501 43
51.6501 44
51.6627 45
51.6627 46
51.6753 43
51.6753 44
51.6878 45
51.6878 46
51.7004 43
51.7004 44
51.713 45
51.713 46
51.7255 43
51.7255 44
51.7381 45
51.7381 46
51.7505 43
51.7505 44
51.7632 45
51.7632 46
51.7758 47
51.7758 48
51.7884 45
51.7884 46
51.8009 47
51.8009 48
51.8135 45
51.8135 46
51.8261 47
51.8261 48
51.8386 45
51.8386 46
51.8512 47
51.8512 48
51.8638 49
51.8638 50
51.8764 47
51.8764 48
51.8889 49
51.8889 50
51.9015 47
51.9015 48
51.9141 49
51.9141 50
51.9266 47
51.9266 48
51.9392 49
51.9392 50
51.9518 47
51.9518 48
51.9643 49
51.9643 50
51.9769 51
51.9895 49
51.9895 50
52.002 51
52.0146 49
52.0146 50
52.0272 51
52.0397 49
52.0397 50
52.0523 51
52.0641 49
52.0641 50
52.0774 51
52.09 52
52.09 53
52.1026 50
52.1026 51
52.1151 52
52.1151 53
52.1277 50
52.1277 51
52.1403 52
52.1403 53
52.1528 50
52.1528 51
52.1654 52
52.1654 53
52.178 54
52.178 55
52.1905 52
52.1905 53
52.2006 54
52.2006 55
52.2107 52
52.2107 53
52.2207 54
52.2207 55
52.2308 56
52.2308 57
52.2408 54
52.2408 55
52.2509 56
52.2509 57
52.2609 58
52.2609 59
52.271 56
52.271 57
52.281 58
52.281 59
52.2911 60
52.2911 61
52.3011 58
52.3011 59
52.3112 60
52.3112 61
52.3213 58
52.3213 59
52.3313 60
52.3313 61
52.3414 62
52.3511 60
52.3511 61
52.3615 62
52.3715 63
52.3715 64
52.3816 62
52.3916 63
52.3916 64
52.4017 65
52.4017 66
52.4117 63
52.4117 64
52.4218 65
52.4218 66
52.4318 67
52.4318 68
52.4419 65
52.4419 66
52.452 67
52.452 68
52.4615 65
52.4615 66
52.4788 67
52.4788 68
52.4955 65
52.4955 66
52.5123 67
52.5123 68
52.529 65
52.529 66
52.5458 67
52.5458 68
52.5625 65
52.5625 66
52.5793 67
52.5793 68
52.5961 65
52.5961 66
52.6128 63
52.6128 64
52.6296 65
52.6296 66
52.6463 62
52.6631 63
52.6631 64
52.6798 60
52.6798 61
52.6966 62
52.7132 60
52.7132 61
52.7301 62
52.7469 60
52.7469 61
52.7594 62
52.772 60
52.772 61
52.7846 62
52.7971 60
52.7971 61
52.8097 62
52.8223 63
52.8223 64
52.8348 62
52.8474 63
52.8474 64
52.86 62
52.8725 63
52.8725 64
52.8851 65
52.8851 66
52.8977 63
52.8977 64
52.9102 65
52.9102 66
52.9228 63
52.9228 64
52.9354 65
52.9354 66
52.9479 62
52.9605 63
52.9605 64
52.9731 62
52.9857 63
52.9857 64
52.9981 62
53.0108 63
53.0108 64
53.0234 65
53.0234 66
53.0359 63
53.0359 64
53.0485 65
53.0485 66
53.0611 63
53.0611 64
53.0736 65
53.0736 66
53.0862 67
53.0862 68
53.0988 65
53.0988 66
53.1113 67
53.1113 68
53.1239 65
53.1239 66
53.1365 67
53.1365 68
53.149 65
53.149 66
53.1616 67
53.1616 68
53.1742 69
53.1742 70
53.1867 67
53.1867 68
53.1993 69
53.1993 70
53.2119 67
53.2119 68
53.2244 69
53.2244 70
53.237 71
53.237 72
53.2496 69
53.2496 70
53.2621 71
53.2621 72
53.2747 69
53.2747 70
53.2873 71
53.2873 72
53.2999 69
53.2999 70
53.3124 71
53.3124 72
53.3248 69
53.3248 70
53.3376 71
53.3376 72
53.3501 73
53.3501 74
53.3627 71
53.3627 72
53.3753 73
53.3753 74
53.3878 71
53.3878 72
53.4004 73
53.4004 74
53.413 75
53.4255 73
53.4255 74
53.4381 75
53.4507 71
53.4507 72
53.4632 73
53.4632 74
53.4758 71
53.4758 72
53.4884 73
53.4884 74
53.5009 69
53.5009 70
53.5135 71
53.5135 72
53.5261 73
53.5261 74
53.5386 71
53.5386 72
53.5512 73
53.5512 74
53.5638 71
53.5638 72
53.5763 73
53.5763 74
53.5889 71
53.5889 72
53.6015 73
53.6015 74
53.6141 71
53.6141 72
53.6266 73
53.6266 74
53.6392 71
53.6392 72
53.6518 73
53.6518 74
53.6643 71
53.6643 72
53.6769 73
53.6769 74
53.6895 71
53.6895 72
53.702 73
53.702 74
53.7146 71
53.7146 72
53.7272 73
53.7272 74
53.7397 75
53.7523 73
53.7523 74
53.7649 75
53.7774 73
53.7774 74
53.79 75
53.8026 73
53.8026 74
53.8151 75
53.8277 73
53.8277 74
53.8403 75
53.8528 73
53.8528 74
53.8654 75
53.878 72
53.878 73
53.8905 74
53.9031 72
53.9031 73
53.9157 74
53.9283 72
53.9283 73
53.9408 74
53.9534 72
53.9534 73
53.966 72
53.9865 71
54.0248 68
54.0248 69
54.0373 68
54.0373 69
54.0499 67
54.0499 68
54.0625 69
54.0751 70
54.0844 67
54.0844 68
54.097 69
54.097 70
54.1131 65
54.1131 66
54.1257 67
54.1257 68
54.1382 69
54.1382 70
54.1506 66
54.1506 67
54.1634 68
54.1634 69
54.1759 70
54.1771 67
54.1771 68
54.1948 69
54.1948 70
54.2074 67
54.2074 68
54.2199 66
54.2199 67
54.2325 68
54.2325 69
54.2451 67
54.2451 68
54.2576 66
54.2576 67
54.2702 68
54.2875 65
54.2875 66
54.3001 67
54.3001 68
54.3133 65
54.3133 66
54.3259 64
54.3259 65
54.3385 66
54.351 67
54.3553 64
54.3553 65
54.3699 62
54.3699 63
54.3825 64
54.3825 65
54.395 66
54.3979 63
54.3979 64
54.4114 65
54.4114 66
54.4244 63
54.4244 64
54.4345 65
54.4345 66
54.4509 63
54.4509 64
54.4611 65
54.4611 66
54.4713 65
54.4713 66
54.4815 67
54.4815 68
54.4907 69
54.5018 70
54.5018 71
54.512 72
54.512 73
54.5238 70
54.5238 71
54.534 72
54.5442 73
54.5442 74
54.5543 71
54.5543 72
54.5645 73
54.5645 74
54.5747 75
54.5849 76
54.5849 77
54.5951 74
54.5951 75
54.6052 76
54.6052 77
54.6154 78
54.6154 79
54.6256 74
54.6256 75
54.6358 76
54.6358 77
54.6459 78
54.6459 79
54.6561 76
54.6561 77
54.6663 78
54.6663 79
54.6765 80
54.6765 81
54.6867 75
54.6867 76
54.7036 77
54.7036 78
54.7206 75
54.7206 76
54.7375 77
54.7375 78
54.7545 75
54.7545 76
54.7715 74
54.7715 75
54.7884 76
54.7884 77
54.8054 73
54.8054 74
54.8224 75
54.8393 72
54.8393 73
54.8563 70
54.8563 71
54.8733 72
54.8733 73
54.8902 69
54.8902 70
54.9072 71
54.9072 72
54.9241 67
54.9241 68
54.9411 69
54.9411 70
54.9581 65
54.9581 66
54.9708 67
54.9708 68
54.9835 65
54.9835 66
54.9962 67
54.9962 68
55.009 65
55.009 66
55.0216 67
55.0216 68
55.0342 63
55.0342 64
55.0465 65
55.0465 66
55.0588 67
55.0588 68
55.0711 65
55.0711 66
55.0834 67
55.0834 68
55.0957 63
55.0957 64
55.1078 65
55.1078 66
55.1199 67
55.1199 68
55.132 63
55.132 64
55.1435 62
55.1774 59
55.1774 60
55.1893 61
55.1893 62
55.2012 61
55.2012 62
55.2131 60
55.2131 61
55.225 62
55.248 59
55.248 60
55.2599 61
55.2599 62
55.2833 59
55.2833 60
55.2952 61
55.2952 62
55.3165 59
55.3165 60
55.3284 61
55.3284 62
55.3496 59
55.3496 60
55.3615 61
55.3615 62
55.3827 59
55.3827 60
55.3946 61
55.3946 62
55.418 59
55.418 60
55.4299 61
55.4299 62
55.4511 59
55.4511 60
55.4631 61
55.4631 62
55.4799 59
55.4799 60
55.4918 61
55.4918 62
55.5037 60
55.5037 61
55.5156 59
55.5156 60
55.5275 61
55.5454 58
55.5454 59
55.5564 57
55.5564 58
55.5692 59
55.5811 60
55.5925 58
55.5925 59
55.6044 58
55.6044 59
55.6163 58
55.6163 59
55.6282 55
55.6282 56
55.6401 57
55.6401 58
55.652 50
55.6639 51
55.6639 52
55.6758 44
55.6758 45
55.6877 46
55.6877 47
55.6996 38
55.6996 39
55.7115 40
55.7115 41
55.7234 33
55.7234 34
55.7353 35
55.7353 36
55.7472 31
55.7472 32
55.7587 30
55.7587 31
55.771 32
55.771 33
55.7829 34
55.7829 35
55.7948 32
55.7948 33
55.8067 34
55.8067 35
55.8186 36
55.8186 37
55.8305 33
55.8305 34
55.8424 35
55.8424 36
55.8543 33
55.8543 34
55.8662 35
55.8662 36
55.8781 32
55.8781 33
55.89 34
55.89 35
55.9019 36
55.9019 37
55.9138 33
55.9138 34
55.9257 35
55.9257 36
55.9376 32
55.9376 33
55.9495 34
55.9495 35
55.9614 36
55.9614 37
55.9733 33
55.9733 34
55.9852 35
55.9852 36
55.9971 32
55.9971 33
56.009 34
56.009 35
56.0209 36
56.0209 37
56.0328 33
56.0328 34
56.0447 35
56.0447 36
56.0566 32
56.0566 33
56.0683 34
56.0683 35
56.08 36
56.08 37
56.0917 34
56.0917 35
56.1034 36
56.1034 37
56.1151 34
56.1151 35
56.1268 36
56.1268 37
56.1385 38
56.1502 36
56.1502 37
56.1619 38
56.1736 36
56.1736 37
56.1853 38
56.197 36
56.197 37
56.2087 38
56.2205 39
56.2205 40
56.2322 37
56.2322 38
56.2439 39
56.2439 40
56.2556 37
56.2556 38
56.2673 39
56.2673 40
56.279 37
56.279 38
56.2907 39
56.2907 40
56.3024 41
56.3024 42
56.3141 39
56.3141 40
56.3258 41
56.3258 42
56.3375 39
56.3375 40
56.3492 41
56.3492 42
56.3609 43
56.3609 44
56.3726 41
56.3726 42
56.382 43
56.382 44
56.3914 41
56.3914 42
56.4007 43
56.4007 44
56.4101 45
56.4101 46
56.4195 43
56.4195 44
56.4288 45
56.4288 46
56.4382 47
56.4382 48
56.4476 45
56.4476 46
56.4569 47
56.4569 48
56.4663 49
56.4663 50
56.4757 47
56.4757 48
56.485 49
56.485 50
56.4944 51
56.5038 49
56.5038 50
56.5131 51
56.5225 49
56.5225 50
56.5319 51
56.5412 52
56.5412 53
56.5506 54
56.5506 55
56.56 52
56.56 53
56.5693 54
56.5693 55
56.5787 52
56.5787 53
56.5943 54
56.5943 55
56.6099 52
56.6099 53
56.6255 54
56.6255 55
56.6411 52
56.6411 53
56.6567 54
56.6567 55
56.6723 52
56.6723 53
56.6879 49
56.6879 50
56.7036 51
56.7192 47
56.7192 48
56.7348 49
56.7348 50
56.7504 51
56.766 47
56.766 48
56.7816 49
56.7816 50
56.7972 45
56.7972 46
56.8089 47
56.8089 48
56.8204 43
56.8204 44
56.8323 45
56.8323 46
56.844 47
56.844 48
56.8558 43
56.8558 44
56.8675 45
56.8675 46
56.8792 47
56.8792 48
56.8909 43
56.8909 44
56.9024 45
56.9024 46
56.914 47
56.914 48
56.9256 45
56.9256 46
56.9372 47
56.9372 48
56.9487 45
56.9487 46
56.9603 47
56.9603 48
56.9719 49
56.9719 50
56.9834 47
56.9834 48
56.995 49
56.995 50
57.0066 51
57.0182 49
57.0182 50
57.0297 51
57.0412 49
57.0412 50
57.0529 51
57.0644 52
57.0644 53
57.076 50
57.076 51
57.0876 52
57.0876 53
57.0992 54
57.0992 55
57.1107 52
57.1107 53
57.1223 54
57.1223 55
57.1339 56
57.1339 57
57.1455 54
57.1455 55
57.157 56
57.157 57
57.1686 54
57.1686 55
57.1802 56
57.1802 57
57.1917 54
57.1917 55
57.2033 56
57.2033 57
57.2149 52
57.2149 53
57.2265 54
57.2265 55
57.238 56
57.238 57
57.2487 54
57.2487 55
57.2612 56
57.2612 57
57.2727 58
57.2727 59
57.2843 56
57.2843 57
57.2959 58
57.2959 59
57.3075 56
57.3075 57
57.319 58
57.319 59
57.3306 56
57.3306 57
57.3422 58
57.3422 59
57.3538 60
57.3538 61
57.3653 58
57.3653 59
57.3769 60
57.3769 61
57.3885 58
57.3885 59
57.4 60
57.4 61
57.4116 62
57.4232 60
57.4232 61
57.4348 62
57.4463 60
57.4463 61
57.4579 62
57.4695 63
57.4695 64
57.481 62
57.4926 63
57.4926 64
57.5042 65
57.5042 66
57.5158 63
57.5158 64
57.5273 65
57.5273 66
57.5389 63
57.5389 64
57.5505 65
57.5505 66
57.562 67
57.562 68
57.5736 65
57.5736 66
57.5852 67
57.5852 68
57.5968 63
57.5968 64
57.6083 65
57.6083 66
57.6199 67
57.6199 68
57.6315 63
57.6315 64
57.6431 65
57.6431 66
57.6546 67
57.6546 68
57.6662 63
57.6662 64
57.6778 65
57.6778 66
57.6893 62
57.7009 63
57.7009 64
57.7125 65
57.7125 66
57.7241 62
57.7356 63
57.7356 64
57.7472 65
57.7472 66
57.7588 62
57.7703 63
57.7703 64
57.7819 65
57.7819 66
57.7935 62
57.8051 63
57.8051 64
57.8166 65
57.8166 66
57.8282 63
57.8282 64
57.8398 65
57.8398 66
57.8513 63
57.8513 64
57.8629 65
57.8629 66
57.8745 62
57.8861 63
57.8861 64
57.8976 65
57.8976 66
57.9092 63
57.9092 64
57.9208 65
57.9208 66
57.9324 67
57.9324 68
57.9439 65
57.9439 66
57.9555 67
57.9555 68
57.9671 63
57.9671 64
57.9786 65
57.9786 66
57.9902 67
57.9902 68
58.0018 63
58.0018 64
58.0134 65
58.0134 66
58.0249 67
58.0249 68
58.0365 65
58.0365 66
58.0481 67
58.0481 68
58.0596 69
58.0596 70
58.0712 65
58.0712 66
58.0805 67
58.0805 68
58.0897 69
58.0897 70
58.099 67
58.099 68
58.1082 69
58.1082 70
58.1175 71
58.1175 72
58.1268 69
58.1268 70
58.136 71
58.136 72
58.1453 73
58.1453 74
58.1545 69
58.1545 70
58.1638 71
58.1638 72
58.1731 73
58.1731 74
58.1823 75
58.1916 73
58.1916 74
58.2008 75
58.2101 76
58.2101 77
58.2193 74
58.2193 75
58.2286 76
58.2286 77
58.2379 78
58.2379 79
58.2471 74
58.2471 75
58.2564 76
58.2564 77
58.2656 78
58.2656 79
58.2749 76
58.2749 77
58.2903 78
58.2903 79
58.3058 76
58.3058 77
58.3212 78
58.3212 79
58.3366 76
58.3366 77
58.352 78
58.352 79
58.3675 74
58.3675 75
58.3829 76
58.3829 77
58.3983 74
58.3983 75
58.4138 76
58.4138 77
58.4292 74
58.4292 75
58.4446 71
58.4446 72
58.46 73
58.46 74
58.4755 75
58.4909 73
58.4909 74
58.5025 75
58.5141 73
58.5141 74
58.5256 75
58.5372 71
58.5372 72
58.5488 73
58.5488 74
58.5603 69
58.5603 70
58.5719 71
58.5719 72
58.5835 73
58.5835 74
58.5951 75
58.6066 71
58.6066 72
58.6182 73
58.6182 74
58.6298 75
58.6413 71
58.6413 72
58.6529 73
58.6529 74
58.6645 69
58.6645 70
58.6761 71
58.6761 72
58.6876 73
58.6876 74
58.6992 69
58.6992 70
58.7108 71
58.7108 72
58.7224 73
58.7224 74
58.7339 69
58.7339 70
58.7455 71
58.7455 72
58.7571 73
58.7571 74
58.7686 69
58.7686 70
58.7802 71
58.7802 72
58.7918 73
58.7918 74
58.8033 71
58.8033 72
58.8149 73
58.8149 74
58.8265 75
58.838 73
58.838 74
58.8496 75
58.8606 73
58.8606 74
58.8727 75
58.8843 76
58.8843 77
58.8958 74
58.8958 75
58.9074 76
58.9074 77
58.918 74
58.918 75
58.9305 76
58.9305 77
58.9421 78
58.9421 79
58.9537 76
58.9537 77
58.9652 78
58.9652 79
58.9768 76
58.9768 77
58.9884 78
58.9884 79
58.9999 80
58.9999 81
59.0115 78
59.0115 79
59.023 80
59.023 81
59.0346 76
59.0346 77
59.0462 78
59.0462 79
59.0577 77
59.0577 78
59.0693 79
59.0693 80
59.0809 76
59.0809 77
59.0924 78
59.0924 79
59.104 80
59.104 81
59.1156 76
59.1156 77
59.1271 78
59.1271 79
59.1387 80
59.1387 81
59.1502 78
59.1502 79
59.1618 80
59.1618 81
59.1734 76
59.1734 77
59.1849 78
59.1849 79
59.1962 76
59.1962 77
59.2081 78
59.2081 79
59.2196 80
59.2196 81
59.2308 74
59.2308 75
59.2428 76
59.2428 77
59.2543 78
59.2543 79
59.2659 80
59.2659 81
59.2775 76
59.2775 77
59.289 78
59.289 79
59.3006 80
59.3006 81
59.3121 78
59.3121 79
59.3237 80
59.3237 81
59.3353 76
59.3353 77
59.3468 78
59.3468 79
59.3584 80
59.3584 81
59.37 78
59.37 79
59.3815 80
59.3815 81
59.3931 76
59.3931 77
59.4047 78
59.4047 79
59.4162 80
59.4162 81
59.4278 76
59.4278 77
59.4394 78
59.4394 79
59.4509 80
59.4509 81
59.4625 76
59.4625 77
59.474 78
59.474 79
59.4856 80
59.4856 81
59.4972 76
59.4972 77
59.5087 78
59.5087 79
59.5203 80
59.5203 81
59.5319 76
59.5319 77
59.5434 78
59.5434 79
59.555 74
59.555 75
59.5666 76
59.5666 77
59.5781 78
59.5781 79
59.5892 74
59.5892 75
59.6012 76
59.6012 77
59.6128 78
59.6128 79
59.6244 74
59.6244 75
59.6359 76
59.6359 77
59.6475 78
59.6475 79
59.6591 74
59.6591 75
59.6706 76
59.6706 77
59.6822 78
59.6822 79
59.6938 76
59.6938 77
59.7053 78
59.7053 79
59.7169 74
59.7169 75
59.7285 76
59.7285 77
59.74 78
59.74 79
59.7516 76
59.7516 77
59.7631 78
59.7631 79
59.7747 74
59.7747 75
59.7863 76
59.7863 77
59.7978 78
59.7978 79
59.8094 80
59.8094 81
59.821 78
59.821 79
59.8302 80
59.8302 81
59.8395 78
59.8395 79
59.8487 80
59.8487 81
59.858 82
59.858 83
59.8672 78
59.8672 79
59.8765 80
59.8765 81
59.8857 82
59.8857 83
59.8983 79
59.8983 80
59.9076 81
59.9076 82
59.9168 83
59.9248 80
59.9248 81
59.9341 82
59.9341 83
59.9513 79
59.9513 80
59.9606 81
59.9606 82
59.9698 83
59.9778 80
59.9778 81
59.9871 82
59.9871 83
60.0043 78
60.0043 79
60.0136 80
60.0136 81
60.0228 82
60.0228 83
60.0396 78
60.0396 79
60.0551 80
60.0551 81
60.0705 82
60.0705 83
60.0859 78
60.0859 79
60.1013 80
60.1013 81
60.1167 76
60.1167 77
60.1322 78
60.1322 79
60.1476 74
60.1476 75
60.163 76
60.163 77
60.1784 74
60.1784 75
60.1938 76
60.1938 77
60.2092 73
60.2092 74
60.2247 75
60.2401 73
60.2401 74
60.2555 75
60.2709 71
60.2709 72
60.2825 73
60.2825 74
60.294 69
60.294 70
60.3056 71
60.3056 72
60.3172 73
60.3172 74
60.3287 69
60.3287 70
60.3402 71
60.3402 72
60.3517 73
60.3517 74
60.3631 69
60.3631 70
60.3746 67
60.3746 68
60.4062 64
60.4062 65
60.4176 66
60.4176 67
60.429 68
60.4349 64
60.4349 65
60.4463 66
60.4463 67
60.4576 68
60.4614 63
60.4614 64
60.4745 65
60.4745 66
60.4857 67
60.4857 68
60.4969 63
60.4969 64
60.5081 65
60.5081 66
60.5193 67
60.5193 68
60.5304 65
60.5304 66
60.5416 67
60.5416 68
60.5528 65
60.5528 66
60.564 67
60.564 68
60.5806 65
60.5806 66
60.5918 67
60.5918 68
60.6071 63
60.6071 64
60.6183 65
60.6183 66
60.6295 67
60.6295 68
60.6469 65
60.6469 66
60.658 67
60.658 68
60.6734 65
60.6734 66
60.6845 67
60.6845 68
60.6998 65
60.6998 66
60.711 67
60.711 68
60.7308 63
60.7308 64
60.7419 65
60.7419 66
60.7531 67
60.7531 68
60.7661 65
60.7661 66
60.7773 67
60.7773 68
60.7926 63
60.7926 64
60.8038 65
60.8038 66
60.815 67
60.815 68
60.8261 63
60.8261 64
60.8373 65
60.8373 66
60.8485 67
60.8485 68
60.8597 69
60.8597 70
60.8709 71
60.8709 72
60.8821 68
60.8821 69
60.8933 70
60.8933 71
60.9044 67
60.9044 68
60.9156 69
60.9156 70
60.9268 71
60.9268 72
60.938 67
60.938 68
60.9492 69
60.9492 70
60.9604 71
60.9604 72
60.9716 69
60.9716 70
60.9827 71
60.9827 72
60.9939 69
60.9939 70
61.0051 71
61.0051 72
61.0163 73
61.0163 74
61.0275 71
61.0275 72
61.0387 73
61.0387 74
61.0499 71
61.0499 72
61.061 73
61.061 74
61.0722 75
61.0834 73
61.0834 74
61.0946 75
61.1058 73
61.1058 74
61.117 75
61.1282 73
61.1282 74
61.1394 75
61.1505 76
61.1505 77
61.1617 74
61.1617 75
61.1729 76
61.1729 77
61.1841 74
61.1841 75
61.1953 76
61.1953 77
61.2065 78
61.2065 79
61.2177 74
61.2177 75
61.2288 76
61.2288 77
61.24 78
61.24 79
61.2512 74
61.2512 75
61.2624 76
61.2624 77
61.2736 78
61.2736 79
61.2848 74
61.2848 75
61.307 71
61.307 72
61.3182 73
61.3182 74
61.3294 75
61.3406 71
61.3406 72
61.3518 73
61.3518 74
61.363 75
61.3742 71
61.3742 72
61.3853 73
61.3853 74
61.3965 69
61.3965 70
61.4077 71
61.4189 72
61.4189 73
61.4301 74
61.4413 72
61.4413 73
61.4525 74
61.4636 71
61.4636 72
61.4748 73
61.4748 74
61.486 75
61.4972 73
61.4972 74
61.5084 75
61.519 71
61.519 72
61.5308 73
61.5308 74
61.542 75
61.5543 71
61.5543 72
61.5633 73
61.5633 74
61.5722 75
61.5897 73
61.5897 74
61.5986 75
61.6162 71
61.6162 72
61.6251 73
61.6251 74
61.6341 75
61.6515 71
61.6515 72
61.6604 73
61.6604 74
61.6694 75
61.6868 73
61.6868 74
61.6958 75
61.7133 71
61.7133 72
61.7223 73
61.7223 74
61.7312 75
61.7486 71
61.7486 72
61.7576 73
61.7576 74
61.7665 75
61.7928 71
61.7928 72
61.8077 73
61.8077 74
61.8226 75
61.8375 73
61.8375 74
61.8525 75
61.8674 71
61.8674 72
61.8823 73
61.8823 74
61.8972 69
61.8972 70
61.9121 71
61.9121 72
61.927 67
61.927 68
61.9419 69
61.9419 70
61.9569 71
61.9569 72
61.9718 67
61.9718 68
61.9867 69
61.9867 70
62.0016 65
62.0016 66
62.0165 67
62.0165 68
62.0314 65
62.0314 66
62.0426 64
62.0426 65
62.0538 66
62.0538 67
62.065 64
62.065 65
62.0762 66
62.0762 67
62.0874 68
62.0874 69
62.0985 66
62.0985 67
62.1097 68
62.1097 69
62.1209 65
62.1209 66
62.1321 67
62.1321 68
62.1433 69
62.1433 70
62.1545 65
62.1545 66
62.1657 67
62.1657 68
62.1768 69
62.1768 70
62.188 67
62.188 68
62.1992 69
62.1992 70
62.2101 65
62.2101 66
62.2216 67
62.2216 68
62.2328 69
62.2328 70
62.244 71
62.244 72
62.2551 67
62.2551 68
62.2663 69
62.2663 70
62.2775 71
62.2775 72
62.2887 73
62.2887 74
62.2999 71
62.2999 72
62.3111 73
62.3111 74
62.3223 71
62.3223 72
62.3334 73
62.3334 74
62.3446 75
62.3558 73
62.3558 74
62.367 75
62.3782 73
62.3782 74
62.3894 75
62.4 73
62.4 74
62.4118 75
62.4287 73
62.4287 74
62.4399 75
62.4552 73
62.4552 74
62.4664 75
62.4817 73
62.4817 74
62.4929 75
62.5082 71
62.5082 72
62.5194 73
62.5194 74
62.5306 75
62.5435 71
62.5435 72
62.5547 73
62.5547 74
62.5659 75
62.5788 71
62.5788 72
62.59 73
62.59 74
62.6012 75
62.6142 71
62.6142 72
62.6254 73
62.6254 74
62.6366 75
62.6477 73
62.6477 74
62.6589 75
62.6716 71
62.6716 72
62.6828 73
62.6828 74
62.694 75
62.7051 73
62.7051 74
62.7163 75
62.729 71
62.729 72
62.7402 73
62.7402 74
62.7514 75
62.7643 72
62.7643 73
62.7755 74
62.7867 75
62.7908 70
62.7908 71
62.8035 72
62.8035 73
62.8147 74
62.8258 70
62.8258 71
62.837 72
62.837 73
62.8482 74
62.8593 70
62.8593 71
62.8706 72
62.8706 73
62.8818 74
62.893 75
62.8946 73
62.8946 74
62.9097 75
62.9255 73
62.9255 74
62.9367 75
62.952 73
62.952 74
62.9632 75
62.9785 73
62.9785 74
62.9897 75
63.005 71
63.005 72
63.0162 73
63.0162 74
63.0274 75
63.0386 71
63.0386 72
63.0497 73
63.0497 74
63.0609 75
63.0721 71
63.0721 72
63.0833 73
63.0833 74
63.0945 75
63.1057 71
63.1057 72
63.1169 73
63.1169 74
63.128 75
63.1392 71
63.1392 72
63.1504 73
63.1504 74
63.1616 69
63.1616 70
63.1728 71
63.1728 72
63.184 73
63.184 74
63.1952 69
63.1952 70
63.2063 71
63.2063 72
63.2175 73
63.2175 74
63.2287 70
63.2287 71
63.2399 70
63.2399 71
63.2511 72
63.2511 73
63.2623 74
63.2735 72
63.2735 73
63.2846 74
63.2958 70
63.2958 71
63.307 72
63.307 73
63.3182 74
63.3294 70
63.3294 71
63.3383 72
63.3383 73
63.3473 74
63.3562 75
63.3605 72
63.3605 73
63.3697 74
63.3786 75
63.3936 73
63.3936 74
63.4025 75
63.4201 73
63.4201 74
63.429 75
63.4466 73
63.4466 74
63.4555 75
63.4731 71
63.4731 72
63.482 73
63.482 74
63.491 75
63.5084 71
63.5084 72
63.5174 73
63.5174 74
63.5263 75
63.5437 71
63.5437 72
63.5587 73
63.5587 74
63.5736 75
63.5885 71
63.5885 72
63.6034 73
63.6034 74
63.6183 69
63.6183 70
63.6332 71
63.6332 72
63.6481 73
63.6481 74
63.6631 69
63.6631 70
63.678 71
63.678 72
63.6929 67
63.6929 68
63.7078 69
63.7078 70
63.7227 65
63.7227 66
63.7376 67
63.7376 68
63.7525 69
63.7525 70
63.7675 65
63.7675 66
63.7786 67
63.7786 68
63.7888 63
63.7888 64
63.801 63
63.801 64
63.8122 65
63.8122 66
63.8234 67
63.8234 68
63.8346 63
63.8346 64
63.8458 65
63.8458 66
63.8569 67
63.8569 68
63.8681 65
63.8681 66
63.8793 67
63.8793 68
63.8904 65
63.8904 66
63.9017 67
63.9017 68
63.9129 69
63.9129 70
63.9241 67
63.9241 68
63.9352 69
63.9352 70
63.9464 67
63.9464 68
63.9576 69
63.9576 70
63.9688 71
63.9688 72
63.98 69
63.98 70
63.9912 71
63.9912 72
64.0024 67
64.0024 68
64.0135 69
64.0135 70
64.0247 71
64.0247 72
64.0359 69
64.0359 70
64.0471 71
64.0471 72
64.0582 69
64.0582 70
64.0695 71
64.0695 72
64.0807 73
64.0807 74
64.0919 71
64.0919 72
64.103 73
64.103 74
64.1142 75
64.1254 73
64.1254 74
64.1366 75
64.1478 73
64.1478 74
64.159 75
64.1702 73
64.1702 74
64.1813 75
64.1951 73
64.1951 74
64.2063 75
64.226 73
64.226 74
64.2372 75
64.2525 71
64.2525 72
64.2637 73
64.2637 74
64.2749 75
64.2861 71
64.2861 72
64.2973 73
64.2973 74
64.3084 75
64.3196 71
64.3196 72
64.3308 73
64.3308 74
64.342 75
64.3532 73
64.3532 74
64.3644 75
64.3756 71
64.3756 72
64.3867 73
64.3867 74
64.3979 75
64.4093 71
64.4093 72
64.4205 73
64.4205 74
64.4317 75
64.4446 71
64.4446 72
64.4549 73
64.467 74
64.4782 75
64.4821 72
64.4821 73
64.4949 74
64.5061 75
64.5108 73
64.5108 74
64.5229 75
64.5373 71
64.5373 72
64.5485 73
64.5485 74
64.5597 75
64.5727 71
64.5727 72
64.5839 73
64.5839 74
64.595 75
64.608 73
64.608 74
64.6192 75
64.6345 71
64.6345 72
64.6457 73
64.6457 74
64.6569 75
64.6698 73
64.6698 74
64.681 75
64.6963 73
64.6963 74
64.7075 75
64.7272 73
64.7272 74
64.7384 75
64.7537 71
64.7537 72
64.7649 73
64.7649 74
64.7761 75
64.7873 71
64.7873 72
64.7985 73
64.7985 74
64.8097 75
64.8208 72
64.8208 73
64.832 74
64.8432 70
64.8432 71
64.8544 72
64.8544 73
64.8656 74
64.8768 71
64.8768 72
64.888 73
64.888 74
64.8991 69
64.8991 70
64.9103 71
64.9103 72
64.9215 73
64.9215 74
64.9327 69
64.9327 70
64.9439 71
64.9439 72
64.9547 67
64.9547 68
64.9663 69
64.9663 70
64.9774 71
64.9774 72
64.9886 67
64.9886 68
64.9998 69
64.9998 70
65.011 71
65.011 72
65.0222 67
65.0222 68
65.0334 69
65.0334 70
65.0446 71
65.0446 72
65.0558 73
65.0558 74
65.0669 71
65.0669 72
65.0759 73
65.0759 74
65.0848 71
65.0848 72
65.0938 73
65.0938 74
65.1027 75
65.1117 71
65.1117 72
65.1206 73
65.1206 74
65.1296 75
65.1385 76
65.1445 74
65.1535 75
65.1535 76
65.171 74
65.18 75
65.18 76
65.1975 74
65.2065 75
65.2065 76
65.224 74
65.233 75
65.233 76
65.2505 72
65.2505 73
65.2595 74
65.2684 75
65.2684 76
65.2859 72
65.2859 73
65.3008 74
65.3157 75
65.3157 76
65.3306 72
65.3306 73
65.3455 74
65.3604 70
65.3604 71
65.3753 72
65.3753 73
65.3903 74
65.4052 70
65.4052 71
65.4201 72
65.4201 73
65.435 68
65.435 69
65.4499 70
65.4499 71
65.4648 66
65.4648 67
65.4797 68
65.4797 69
65.4947 70
65.4947 71
65.5096 66
65.5096 67
65.5208 68
65.5208 69
65.5319 70
65.5319 71
65.5431 66
65.5431 67
65.5543 68
65.5543 69
65.5655 64
65.5655 65
65.577 66
65.577 67
65.5885 68
65.5885 69
65.6001 64
65.6001 65
65.6116 66
65.6116 67
65.6231 65
65.6231 66
65.6346 67
65.6346 68
65.6462 65
65.6462 66
65.6577 67
65.6577 68
65.6692 69
65.6692 70
65.6807 67
65.6807 68
65.6923 69
65.6923 70
65.7038 67
65.7038 68
65.7153 69
65.7153 70
65.7268 67
65.7268 68
65.7384 69
65.7384 70
65.7495 67
65.7495 68
65.7614 69
65.7614 70
65.7729 71
65.7729 72
66.2007 8
66.2015 4
66.2331 1
66.2389 2
66.2446 3
66.2504 4
66.4475 1
66.4475 2
66.459 3
66.459 4
66.4705 5
66.4705 6
66.482 7
66.4936 8
66.4936 9
66.5051 10
66.5051 11
66.5166 12
66.5166 13
66.5281 14
66.5397 15
66.5397 16
66.5512 17
66.5512 18
66.5627 19
66.5627 20
66.5742 21
66.5742 22
66.5858 23
66.5858 24
66.5973 25
66.6088 26
66.6088 27
66.6203 28
66.6203 29
66.6319 30
66.6319 31
66.6434 32
66.6434 33
66.6549 34
66.6549 35
66.6664 36
66.6664 37
66.6779 33
66.6779 34
66.6872 35
66.6872 36
66.6964 37
66.7056 34
66.7056 35
66.7148 36
66.7148 37
66.724 38
66.7324 35
66.7324 36
66.7425 37
66.7517 38
66.7517 39
66.7609 36
66.7609 37
66.7701 38
66.7794 39
66.7794 40
66.7886 41
66.7886 42
66.7978 38
66.7978 39
66.807 40
66.807 41
66.8153 37
66.8153 38
66.8254 39
66.8254 40
66.8347 41
66.8347 42
66.8439 43
66.8439 44
66.8531 40
66.8531 41
66.8623 42
66.8623 43
66.8715 44
66.8715 45
66.8807 43
66.8807 44
66.89 45
66.89 46
66.8992 47
66.8992 48
66.9084 49
66.9084 50
66.9176 45
66.9176 46
66.933 47
66.933 48
66.9484 43
66.9484 44
66.9638 45
66.9638 46
66.9792 41
66.9792 42
66.9945 43
66.9945 44
67.0099 39
67.0099 40
67.0253 41
67.0253 42
67.0407 43
67.0407 44
67.0561 39
67.0561 40
67.0715 41
67.0715 42
67.0869 37
67.0869 38
67.1022 39
67.1022 40
67.1176 36
67.1176 37
67.1328 38
67.1481 34
67.1481 35
67.159 36
67.159 37
67.1699 32
67.1699 33
67.1808 34
67.1808 35
67.1916 36
67.1916 37
67.2025 34
67.2025 35
67.2134 36
67.2242 37
67.2351 35
67.2351 36
67.2459 37
67.2566 36
67.2566 37
67.2677 38
67.2785 39
67.2785 40
67.2894 37
67.2894 38
67.3002 39
67.3002 40
67.3111 41
67.3111 42
67.322 39
67.322 40
67.3328 41
67.3328 42
67.3428 39
67.3428 40
67.3545 41
67.3545 42
67.3654 43
67.3654 44
67.3763 41
67.3763 42
67.3871 43
67.3871 44
67.398 45
67.398 46
67.4088 43
67.4088 44
67.4197 45
67.4197 46
67.4306 43
67.4306 44
67.4414 45
67.4414 46
67.4523 47
67.4523 48
67.4631 43
67.4631 44
67.474 45
67.474 46
67.4849 47
67.4849 48
67.4957 43
67.4957 44
67.5066 45
67.5066 46
67.5174 47
67.5174 48
67.5283 45
67.5283 46
67.5392 47
67.5392 48
67.55 43
67.55 44
67.5609 45
67.5609 46
67.5717 47
67.5717 48
67.5826 43
67.5826 44
67.5935 45
67.5935 46
67.6043 47
67.6043 48
67.6152 45
67.6152 46
67.626 47
67.626 48
67.6369 49
67.6369 50
67.6478 45
67.6478 46
67.6586 47
67.6586 48
67.6695 49
67.6695 50
67.6803 47
67.6803 48
67.6912 49
67.6912 50
67.7021 47
67.7021 48
67.7129 49
67.7129 50
67.7238 51
67.7346 49
67.7346 50
67.7455 51
67.7564 49
67.7564 50
67.7672 51
67.7781 52
67.7781 53
67.7889 50
67.7889 51
67.7998 52
67.7998 53
67.8107 50
67.8107 51
67.8215 52
67.8215 53
67.8324 54
67.8324 55
67.8432 52
67.8432 53
67.8541 54
67.8541 55
67.865 52
67.865 53
67.8758 54
67.8758 55
67.8859 52
67.8859 53
67.8975 54
67.8975 55
67.9084 56
67.9084 57
67.9193 54
67.9193 55
67.9301 56
67.9301 57
67.941 52
67.941 53
67.9518 54
67.9518 55
67.9627 56
67.9627 57
67.9736 52
67.9736 53
67.9844 54
67.9844 55
67.9953 56
67.9953 57
68.0061 52
68.0061 53
68.017 54
68.017 55
68.0272 50
68.0272 51
68.0387 52
68.0387 53
68.0496 54
68.0496 55
68.0604 50
68.0604 51
68.0713 52
68.0713 53
68.0822 54
68.0822 55
68.093 50
68.093 51
68.1039 52
68.1039 53
68.1147 54
68.1147 55
68.1256 50
68.1256 51
68.1365 52
68.1365 53
68.1465 49
68.1465 50
68.1582 51
68.169 52
68.169 53
68.1799 49
68.1799 50
68.1907 51
68.2016 52
68.2016 53
68.2124 54
68.2124 55
68.2232 50
68.2232 51
68.2341 52
68.2341 53
68.2449 54
68.2449 55
68.2557 50
68.2557 51
68.2666 52
68.2666 53
68.2774 54
68.2774 55
68.2882 50
68.2882 51
68.2991 52
68.2991 53
68.3099 54
68.3099 55
68.3207 50
68.3207 51
68.3316 52
68.3316 53
68.3424 54
68.3424 55
68.3532 52
68.3532 53
68.3641 54
68.3641 55
68.3749 56
68.3749 57
68.3857 52
68.3857 53
68.3966 51
68.3966 52
68.4052 53
68.4052 54
68.4139 55
68.4139 56
68.4225 53
68.4225 54
68.4312 55
68.4312 56
68.4399 57
68.4399 58
68.4486 59
68.4486 60
68.4572 56
68.4572 57
68.4659 58
68.4659 59
68.4746 60
68.4746 61
68.4832 58
68.4832 59
68.4919 60
68.4919 61
68.5006 62
68.5092 58
68.5092 59
68.5179 60
68.5179 61
68.5266 62
68.5352 63
68.5352 64
68.5439 60
68.5439 61
68.5526 62
68.5612 63
68.5612 64
68.5699 65
68.5699 66
68.5786 62
68.5872 63
68.5872 64
68.5959 65
68.5959 66
68.6046 67
68.6046 68
68.6132 65
68.6132 66
68.6277 67
68.6277 68
68.6421 63
68.6421 64
68.6566 65
68.6566 66
68.671 62
68.6854 63
68.6854 64
68.6999 62
68.7143 63
68.7143 64
68.7288 60
68.7288 61
68.7432 62
68.7577 58
68.7577 59
68.7721 60
68.7721 61
68.7866 62
68.801 58
68.801 59
68.8154 60
68.8154 61
68.8299 56
68.8299 57
68.8407 58
68.8407 59
68.8516 54
68.8516 55
68.8624 56
68.8624 57
68.8732 58
68.8732 59
68.8841 54
68.8841 55
68.8949 56
68.8949 57
68.9053 52
68.9053 53
68.9165 54
68.9165 55
68.9272 56
68.9272 57
68.938 58
68.938 59
68.9488 54
68.9488 55
68.9595 56
68.9595 57
68.9703 58
68.9703 59
68.981 54
68.981 55
68.9918 56
68.9918 57
69.0025 54
69.0025 55
69.0131 56
69.0131 57
69.0238 58
69.0238 59
69.0344 56
69.0344 57
69.045 58
69.045 59
69.0556 60
69.0556 61
69.0662 58
69.0662 59
69.0769 60
69.0769 61
69.0875 58
69.0875 59
69.0981 60
69.0981 61
69.1087 62
69.1194 60
69.1194 61
69.13 62
69.1401 60
69.1401 61
69.1512 62
69.1618 63
69.1618 64
69.1725 62
69.1831 63
69.1831 64
69.1937 65
69.1937 66
69.2043 63
69.2043 64
69.215 65
69.215 66
69.2256 62
69.2362 63
69.2362 64
69.2468 65
69.2468 66
69.2574 67
69.2574 68
69.2681 63
69.2681 64
69.2787 65
69.2787 66
69.2893 67
69.2893 68
69.2999 65
69.2999 66
69.3105 67
69.3105 68
69.3212 63
69.3212 64
69.3318 65
69.3318 66
69.3424 67
69.3424 68
69.353 65
69.353 66
69.3637 67
69.3637 68
69.3741 63
69.3741 64
69.3849 65
69.3849 66
69.3955 67
69.3955 68
69.4061 69
69.4061 70
69.4168 65
69.4168 66
69.4274 67
69.4274 68
69.438 69
69.438 70
69.4486 67
69.4486 68
69.4593 69
69.4593 70
69.4699 65
69.4699 66
69.4805 67
69.4805 68
69.4911 69
69.4911 70
69.5017 65
69.5017 66
69.5124 67
69.5124 68
69.523 69
69.523 70
69.5331 65
69.5331 66
69.5442 67
69.5442 68
69.5549 66
69.5549 67
69.5655 68
69.5655 69
69.5761 70
69.5761 71
69.5867 68
69.5867 69
69.5973 70
69.5973 71
69.608 67
69.608 68
69.6186 69
69.6186 70
69.6292 71
69.6292 72
69.6391 69
69.6391 70
69.6505 71
69.6505 72
69.6611 73
69.6611 74
69.6717 71
69.6717 72
69.6823 73
69.6823 74
69.6921 71
69.6921 72
69.7036 73
69.7036 74
69.7142 75
69.7248 73
69.7248 74
69.7354 75
69.7451 73
69.7451 74
69.7567 75
69.7673 76
69.7673 77
69.7779 74
69.7779 75
69.7885 76
69.7885 77
69.7992 74
69.7992 75
69.8098 76
69.8098 77
69.8204 78
69.8204 79
69.831 76
69.831 77
69.8416 78
69.8416 79
69.8523 76
69.8523 77
69.8629 78
69.8629 79
69.8735 80
69.8775 77
69.8775 78
69.8895 79
69.8895 80
69.904 75
69.904 76
69.9147 77
69.9147 78
69.9253 79
69.9253 80
69.935 75
69.935 76
69.9465 77
69.9465 78
69.9572 79
69.9572 80
69.9678 75
69.9678 76
69.9784 77
69.9784 78
69.989 79
69.989 80
69.9996 75
69.9996 76
70.0103 77
70.0103 78
70.0209 79
70.0209 80
70.0315 75
70.0315 76
70.0421 77
70.0421 78
70.0527 74
70.0634 75
70.0634 76
70.074 77
70.074 78
70.0846 74
70.0952 75
70.0952 76
70.1059 77
70.1059 78
70.1165 74
70.125 75
70.125 76
70.1335 77
70.1335 78
70.142 74
70.1505 75
70.1505 76
70.159 77
70.159 78
70.1675 79
70.1675 80
70.1759 75
70.1759 76
70.1844 77
70.1844 78
70.1929 79
70.1929 80
70.2087 75
70.2087 76
70.2172 77
70.2172 78
70.2257 79
70.2257 80
70.2441 75
70.2441 76
70.2526 77
70.2526 78
70.2611 79
70.2611 80
70.275 77
70.275 78
70.2835 79
70.2835 80
70.3015 75
70.3015 76
70.31 77
70.31 78
70.3185 79
70.3185 80
70.3324 76
70.3324 77
70.3466 78
70.3466 79
70.3607 80
70.3655 75
70.3655 76
70.382 77
70.382 78
70.3961 79
70.3961 80
70.4103 75
70.4103 76
70.4244 77
70.4244 78
70.4386 74
70.4528 75
70.4528 76
70.4669 77
70.4669 78
70.4811 74
70.4953 75
70.4953 76
70.5094 72
70.5094 73
70.5236 74
70.5377 70
70.5377 71
70.5484 72
70.5484 73
70.559 74
70.5696 75
70.5696 76
70.5802 72
70.5802 73
70.5909 74
70.6015 75
70.6015 76
70.6121 72
70.6121 73
70.6227 74
70.6333 75
70.6333 76
70.644 72
70.644 73
70.6546 74
70.6652 75
70.6652 76
70.6758 72
70.6758 73
70.6864 74
70.6971 72
70.6971 73
70.7077 74
70.7183 75
70.7183 76
70.7289 74
70.7396 75
70.7396 76
70.7502 74
70.7608 75
70.7608 76
70.7714 77
70.7714 78
70.7821 75
70.7821 76
70.7927 77
70.7927 78
70.8033 74
70.8139 75
70.8139 76
70.8245 77
70.8245 78
70.8352 75
70.8352 76
70.8458 77
70.8458 78
70.8564 79
70.8564 80
70.867 76
70.867 77
70.8776 78
70.8776 79
70.8883 80
70.8932 77
70.8932 78
70.9042 79
70.9042 80
70.9197 77
70.9197 78
70.9303 79
70.9303 80
70.9462 77
70.9462 78
70.9568 79
70.9568 80
70.9771 77
70.9771 78
70.9877 79
70.9877 80
71.0036 77
71.0036 78
71.0142 79
71.0142 80
71.0301 75
71.0301 76
71.0407 77
71.0407 78
71.0514 79
71.0514 80
71.0655 75
71.0655 76
71.0761 77
71.0761 78
71.0867 79
71.0867 80
71.1008 75
71.1008 76
71.1114 77
71.1114 78
71.122 79
71.122 80
71.1317 75
71.1317 76
71.1433 77
71.1433 78
71.1539 79
71.1539 80
71.1645 75
71.1645 76
71.1751 77
71.1751 78
71.1858 79
71.1858 80
71.1964 75
71.1964 76
71.207 77
71.207 78
71.2176 79
71.2176 80
71.2288 75
71.2288 76
71.2395 77
71.2395 78
71.2501 76
71.2501 77
71.2607 78
71.2607 79
71.2713 80
71.2752 76
71.2752 77
71.2873 78
71.2873 79
71.2979 80
71.3083 75
71.3083 76
71.319 77
71.319 78
71.3296 79
71.3296 80
71.3392 75
71.3392 76
71.3508 77
71.3508 78
71.3614 79
71.3614 80
71.3746 75
71.3746 76
71.3852 77
71.3852 78
71.3958 79
71.3958 80
71.4064 77
71.4064 78
71.4171 79
71.4171 80
71.4276 77
71.4276 78
71.4383 79
71.4383 80
71.4541 78
71.4541 79
71.4647 80
71.4828 77
71.4828 78
71.4934 79
71.4934 80
71.5093 77
71.5093 78
71.5199 79
71.5199 80
71.5358 75
71.5358 76
71.5464 77
71.5464 78
71.557 79
71.557 80
71.5711 77
71.5711 78
71.5817 79
71.5817 80
71.5976 77
71.5976 78
71.6082 79
71.6082 80
71.6188 76
71.6188 77
71.6294 75
71.6294 76
71.6638 72
71.6638 73
71.6744 74
71.6851 75
71.6851 76
71.6947 72
71.6947 73
71.7063 74
71.7169 75
71.7169 76
71.7276 72
71.7276 73
71.7382 74
71.7488 75
71.7488 76
71.7594 74
71.77 75
71.77 76
71.7831 72
71.7831 73
71.7937 74
71.8043 75
71.8043 76
71.814 72
71.814 73
71.8234 74
71.8319 75
71.8319 76
71.8405 72
71.8405 73
71.849 74
71.8575 75
71.8575 76
71.8714 72
71.8714 73
71.8799 74
71.8884 75
71.8884 76
71.9023 72
71.9023 73
71.9108 74
71.9193 75
71.9193 76
71.9332 73
71.9332 74
71.9417 75
71.9502 76
71.9663 72
71.9663 73
71.9748 74
71.9833 75
71.9833 76
71.9972 72
71.9972 73
72.0057 74
72.0142 75
72.0142 76
72.0326 72
72.0326 73
72.0467 74
72.0609 75
72.0609 76
72.075 72
72.075 73
72.0892 74
72.1034 75
72.1175 76
72.1317 77
72.1317 78
72.1459 74
72.16 75
72.16 76
72.1742 74
72.1883 75
72.1883 76
72.2025 72
72.2025 73
72.2167 74
72.2308 72
72.2308 73
72.245 74
72.2592 70
72.2592 71
72.2698 72
72.2698 73
72.2804 74
72.291 70
72.291 71
72.3016 72
72.3016 73
72.3123 74
72.3229 70
72.3229 71
72.3335 72
72.3335 73
72.3441 74
72.3548 70
72.3548 71
72.3654 72
72.3654 73
72.376 74
72.3866 70
72.3866 71
72.3972 72
72.3972 73
72.4079 74
72.4185 70
72.4185 71
72.4291 72
72.4291 73
72.4397 74
72.4503 72
72.4503 73
72.461 74
72.4716 71
72.4716 72
72.4822 73
72.4822 74
72.4928 75
72.5035 73
72.5035 74
72.5141 75
72.5247 76
72.5247 77
72.5353 74
72.5353 75
72.5459 76
72.5459 77
72.5566 74
72.5566 75
72.5672 76
72.5672 77
72.5778 78
72.5778 79
72.5884 76
72.5884 77
72.5991 78
72.5991 79
72.6097 76
72.6097 77
72.6203 78
72.6203 79
72.6309 80
72.6375 77
72.6375 78
72.6482 79
72.6482 80
72.664 77
72.664 78
72.6747 79
72.6747 80
72.6905 77
72.6905 78
72.7012 79
72.7012 80
72.717 77
72.717 78
72.7277 79
72.7277 80
72.7435 75
72.7435 76
72.7542 77
72.7542 78
72.7648 79
72.7648 80
72.7789 75
72.7789 76
72.7895 77
72.7895 78
72.8001 79
72.8001 80
72.8098 75
72.8098 76
72.8213 77
72.8213 78
72.832 79
72.832 80
72.8426 75
72.8426 76
72.8532 77
72.8532 78
72.8638 79
72.8638 80
72.8745 75
72.8745 76
72.8851 77
72.8851 78
72.8957 79
72.8957 80
72.9069 75
72.9069 76
72.9175 77
72.9175 78
72.9282 79
72.9282 80
72.94 75
72.94 76
72.9507 77
72.9507 78
72.9613 79
72.9613 80
72.9754 75
72.9754 76
72.986 77
72.986 78
72.9966 79
72.9966 80
73.0063 75
73.0063 76
73.0179 77
73.0179 78
73.0285 79
73.0285 80
73.0416 75
73.0416 76
73.0522 77
73.0522 78
73.0629 79
73.0629 80
73.0725 75
73.0725 76
73.0841 77
73.0841 78
73.0947 79
73.0947 80
73.1078 76
73.1078 77
73.1185 78
73.1185 79
73.1291 80
73.1366 77
73.1366 78
73.1472 79
73.1472 80
73.163 77
73.163 78
73.1737 79
73.1737 80
73.1895 77
73.1895 78
73.2002 79
73.2002 80
73.216 77
73.216 78
73.2267 79
73.2267 80
73.2425 75
73.2425 76
73.2532 77
73.2532 78
73.2638 79
73.2638 80
73.275 76
73.275 77
73.2856 78
73.2856 79
73.2962 80
73.3022 76
73.3022 77
73.3128 78
73.3128 79
73.3234 80
73.3353 75
73.3353 76
73.3459 77
73.3459 78
73.3565 79
73.3565 80
73.3662 75
73.3662 76
73.3778 77
73.3778 78
73.3884 79
73.3884 80
73.399 77
73.399 78
73.4096 79
73.4096 80
73.4236 75
73.4236 76
73.4342 77
73.4342 78
73.4448 79
73.4448 80
73.4555 77
73.4555 78
73.4661 79
73.4661 80
73.4788 77
73.4788 78
73.4894 79
73.4894 80
73.5053 75
73.5053 76
73.5159 77
73.5159 78
73.5265 79
73.5265 80
73.5362 75
73.5362 76
73.5478 77
73.5478 78
73.5584 79
73.5584 80
73.569 75
73.569 76
73.5796 75
73.5796 76
73.5881 77
73.5881 78
73.5966 79
73.5966 80
73.6113 76
73.6113 77
73.6198 78
73.6198 79
73.6283 80
73.64 75
73.64 76
73.6485 77
73.6485 78
73.657 79
73.657 80
73.6709 75
73.6709 76
73.6794 77
73.6794 78
73.6879 79
73.6879 80
73.7062 75
73.7062 76
73.7147 77
73.7147 78
73.7232 79
73.7232 80
73.7371 75
73.7371 76
73.7456 77
73.7456 78
73.7541 79
73.7541 80
73.7636 75
73.7636 76
73.7721 77
73.7721 78
73.7806 79
73.7806 80
73.7901 77
73.7901 78
73.8043 79
73.8043 80
73.8184 75
73.8184 76
73.8326 77
73.8326 78
73.8468 79
73.8468 80
73.8609 77
73.8609 78
73.8751 74
73.8893 75
73.8893 76
73.9034 77
73.9034 78
73.9176 74
73.9317 75
73.9317 76
73.9459 74
73.9601 75
73.9601 76
73.9742 74
73.9884 75
73.9884 76
74.0025 72
74.0025 73
74.0132 74
74.0238 75
74.0238 76
74.0344 74
74.045 75
74.045 76
74.0557 72
74.0557 73
74.0663 74
74.0769 75
74.0769 76
74.0875 72
74.0875 73
74.0982 74
74.1088 75
74.1088 76
74.1194 73
74.1194 74
74.13 75
74.1406 76
74.1406 77
74.1513 73
74.1513 74
74.1619 75
74.1725 76
74.1725 77
74.1831 74
74.1831 75
74.1937 76
74.1937 77
74.2044 73
74.2044 74
74.215 75
74.2256 76
74.2256 77
74.2362 78
74.2362 79
74.2469 74
74.2469 75
74.2575 76
74.2575 77
74.2681 78
74.2681 79
74.2787 74
74.2787 75
74.2893 76
74.2893 77
74.3 78
74.3 79
74.3106 76
74.3106 77
74.3212 78
74.3212 79
74.3311 76
74.3311 77
74.3425 78
74.3425 79
74.3531 80
74.3576 77
74.3576 78
74.369 79
74.369 80
74.3841 77
74.3841 78
74.3947 79
74.3947 80
74.4128 77
74.4128 78
74.4234 79
74.434 80
74.4415 77
74.4415 78
74.4521 79
74.4521 80
74.468 77
74.468 78
74.4786 79
74.4786 80
74.4945 76
74.4945 77
74.5051 78
74.5051 79
74.5157 80
74.5276 75
74.5276 76
74.5382 77
74.5382 78
74.5488 79
74.5488 80
74.5585 75
74.5585 76
74.5701 77
74.5701 78
74.5807 79
74.5807 80
74.5913 75
74.5913 76
74.6019 77
74.6019 78
74.6126 79
74.6126 80
74.6247 75
74.6247 76
74.6354 77
74.6354 78
74.646 79
74.646 80
74.6601 75
74.6601 76
74.6707 77
74.6707 78
74.6813 79
74.6813 80
74.6919 77
74.6919 78
74.7026 79
74.7026 80
74.7131 75
74.7131 76
74.7238 77
74.7238 78
74.7344 79
74.7344 80
74.745 75
74.745 76
74.7557 77
74.7557 78
74.7663 79
74.7663 80
74.7769 75
74.7769 76
74.7875 77
74.7875 78
74.7982 79
74.7982 80
74.8088 75
74.8088 76
74.8194 77
74.8194 78
74.83 79
74.83 80
74.8406 76
74.8406 77
74.8513 78
74.8513 79
74.8619 80
74.8676 77
74.8676 78
74.8783 79
74.8783 80
74.8941 77
74.8941 78
74.9047 79
74.9047 80
74.9206 76
74.9206 77
74.9312 78
74.9312 79
74.9419 80
74.9493 77
74.9493 78
74.9599 79
74.9599 80
74.9758 77
74.9758 78
74.9864 79
74.9864 80
75.0023 76
75.0023 77
75.0129 78
75.0129 79
75.0236 80
75.0354 75
75.0354 76
75.0461 77
75.0461 78
75.0567 79
75.0567 80
75.0663 76
75.0663 77
75.0779 78
75.0779 79
75.0885 80
75.0928 76
75.0928 77
75.1045 78
75.1045 79
75.1151 80
75.126 75
75.126 76
75.1366 77
75.1366 78
75.1472 79
75.1472 80
75.1613 75
75.1613 76
75.1719 77
75.1719 78
75.1825 79
75.1825 80
75.1922 75
75.1922 76
75.2038 77
75.2038 78
75.2144 79
75.2144 80
75.2275 75
75.2275 76
75.2382 77
75.2382 78
75.2488 79
75.2488 80
75.2584 75
75.2584 76
75.27 77
75.27 78
75.2806 79
75.2806 80
75.2916 75
75.2916 76
75.3001 77
75.3001 78
75.3086 79
75.3086 80
75.3225 75
75.3225 76
75.331 77
75.331 78
75.3395 79
75.3395 80
75.3534 76
75.3534 77
75.3619 78
75.3619 79
75.3704 80
75.3821 77
75.3821 78
75.3906 79
75.3906 80
75.4086 77
75.4086 78
75.4171 79
75.4171 80
75.4351 76
75.4638 74
75.4728 75
75.4728 76
75.4903 72
75.4903 73
75.4993 74
75.5082 75
75.5082 76
75.5212 72
75.5212 73
75.5362 74
75.5477 70
75.5477 71
75.5627 72
75.5776 73
75.5776 74
75.5926 70
75.5926 71
75.6073 66
75.6073 67
75.6225 68
75.6225 69
75.6375 70
75.6375 71
75.6525 66
75.6525 67
75.6674 62
75.6674 63
75.6824 64
75.6824 65
75.6974 61
75.6974 62
75.7123 63
75.7265 59
75.7265 60
75.7385 61
75.7385 62
75.7498 63
75.761 64
75.761 65
75.7722 61
75.7722 62
75.7834 63
75.7947 64
75.7947 65
75.8059 61
75.8059 62
75.8171 63
75.8281 60
75.8281 61
75.8396 60
75.8396 61
75.8508 62
75.862 63
75.862 64
75.8732 60
75.8732 61
75.8845 62
75.8957 63
75.8957 64
75.9069 65
75.9069 66
75.9181 64
75.9181 65
75.9294 66
75.9294 67
75.9406 68
75.9406 69
75.9518 66
75.9518 67
75.9631 68
75.9631 69
75.9743 64
75.9743 65
75.9855 66
75.9855 67
75.9967 68
75.9967 69
76.008 66
76.008 67
76.0192 68
76.0192 69
76.0304 70
76.0304 71
76.0416 68
76.0416 69
76.0529 70
76.0529 71
76.0641 69
76.0641 70
76.0753 71
76.0753 72
76.0864 69
76.0864 70
76.0978 71
76.0978 72
76.109 73
76.109 74
76.1202 71
76.1202 72
76.1314 73
76.1314 74
76.1427 71
76.1427 72
76.1539 73
76.1539 74
76.1651 75
76.1763 73
76.1763 74
76.1876 75
76.1988 71
76.1988 72
76.21 73
76.21 74
76.2213 75
76.2322 71
76.2322 72
76.2437 73
76.2437 74
76.2549 75
76.2662 76
76.2662 77
76.2774 73
76.2774 74
76.2886 75
76.2998 73
76.2998 74
76.3111 75
76.3223 76
76.3223 77
76.3335 73
76.3335 74
76.3447 75
76.3558 73
76.3558 74
76.3672 75
76.3784 76
76.3784 77
76.3896 73
76.3896 74
76.4009 75
76.4121 76
76.4121 77
76.4233 73
76.4233 74
76.4345 75
76.4458 76
76.4458 77
76.478 73
76.7687 26
76.8857 4
76.9211 1
76.9267 2
76.9323 3
76.9379 4
77.2171 0
77.2171 1
77.2171 2
77.2171 3
77.2171 4
77.2171 5
77.2171 6
77.2171 7
77.2171 8
77.2171 9
77.2236 10
77.2349 11
77.2349 12
77.2461 13
77.2461 14
77.2573 15
77.2573 16
77.2686 17
77.2686 18
77.2798 19
77.2798 20
77.291 21
77.3022 22
77.3022 23
77.3135 24
77.3135 25
77.3247 26
77.3247 27
77.3359 28
77.3359 29
77.3471 30
77.3471 31
77.3584 32
77.3584 33
77.3696 34
77.3808 35
77.3808 36
77.392 37
77.392 38
77.4033 39
77.4033 40
77.4145 41
77.4145 42
77.4257 43
77.4257 44
77.4361 37
77.4361 38
77.4482 39
77.4594 40
77.4594 41
77.4706 35
77.4706 36
77.4818 37
77.4931 34
77.4931 35
77.5043 36
77.5043 37
77.5155 38
77.5268 34
77.5268 35
77.538 36
77.538 37
77.5492 38
77.5604 34
77.5604 35
77.5717 36
77.5717 37
77.5829 38
77.5941 34
77.5941 35
77.6053 36
77.6053 37
77.6166 38
77.6278 34
77.6278 35
77.639 36
77.639 37
77.6502 38
77.6615 36
77.6615 37
77.6721 38
77.6827 36
77.6827 37
77.6934 38
77.704 39
77.704 40
77.7147 37
77.7147 38
77.7253 39
77.7253 40
77.7359 41
77.7359 42
77.7466 39
77.7466 40
77.7572 41
77.7572 42
77.7678 39
77.7678 40
77.7785 41
77.7785 42
77.7891 43
77.7891 44
77.7998 41
77.7998 42
77.8104 43
77.8104 44
77.821 45
77.821 46
77.8317 43
77.8317 44
77.8423 45
77.8423 46
77.853 43
77.853 44
77.8636 45
77.8636 46
77.8742 47
77.8742 48
77.8849 45
77.8849 46
77.8955 47
77.8955 48
77.9061 49
77.9061 50
77.9168 47
77.9168 48
77.9253 49
77.9253 50
77.9332 45
77.9332 46
77.9423 47
77.9423 48
77.9508 49
77.9508 50
77.9593 51
77.9678 47
77.9678 48
77.9763 49
77.9763 50
77.9849 51
77.9934 52
77.9934 53
78.0019 49
78.0019 50
78.0104 51
78.0189 52
78.0189 53
78.0274 49
78.0274 50
78.0359 51
78.0444 52
78.0444 53
78.0525 49
78.0525 50
78.0614 51
78.07 52
78.07 53
78.0785 54
78.0785 55
78.087 50
78.087 51
78.0955 52
78.0955 53
78.104 54
78.104 55
78.1125 56
78.1125 57
78.121 52
78.121 53
78.1352 54
78.1352 55
78.1494 56
78.1494 57
78.1636 52
78.1636 53
78.1778 54
78.1778 55
78.1919 50
78.1919 51
78.2061 52
78.2061 53
78.2202 49
78.2202 50
78.2342 51
78.2481 47
78.2481 48
78.2621 49
78.2621 50
78.276 51
78.29 47
78.29 48
78.304 49
78.304 50
78.3179 45
78.3179 46
78.3319 44
78.3319 45
78.3423 46
78.3423 47
78.3527 43
78.3527 44
78.3632 45
78.3632 46
78.3736 47
78.3736 48
78.384 43
78.384 44
78.3945 45
78.3945 46
78.4049 47
78.4049 48
78.4153 43
78.4153 44
78.4258 45
78.4258 46
78.4362 47
78.4362 48
78.4466 45
78.4466 46
78.4571 47
78.4571 48
78.4675 49
78.4675 50
78.4779 47
78.4779 48
78.4884 49
78.4884 50
78.4988 47
78.4988 48
78.5092 49
78.5092 50
78.5197 51
78.5301 49
78.5301 50
78.5406 51
78.551 52
78.551 53
78.5614 50
78.5614 51
78.5718 52
78.5718 53
78.5823 54
78.5823 55
78.5927 52
78.5927 53
78.6031 54
78.6031 55
78.6136 52
78.6136 53
78.624 54
78.624 55
78.6345 56
78.6345 57
78.6449 54
78.6449 55
78.6553 52
78.6553 53
78.6658 54
78.6658 55
78.6762 56
78.6762 57
78.6866 52
78.6866 53
78.6971 54
78.6971 55
78.7075 56
78.7075 57
78.7179 58
78.7179 59
78.7284 54
78.7284 55
78.7388 56
78.7388 57
78.7492 58
78.7492 59
78.7597 54
78.7597 55
78.7701 56
78.7701 57
78.7805 58
78.7805 59
78.791 54
78.791 55
78.8014 56
78.8014 57
78.8118 58
78.8118 59
78.8223 60
78.8223 61
78.8327 56
78.8327 57
78.8431 58
78.8431 59
78.8536 60
78.8536 61
78.864 58
78.864 59
78.8744 60
78.8744 61
78.8849 56
78.8849 57
78.8953 58
78.8953 59
78.9057 60
78.9057 61
78.9162 58
78.9162 59
78.9266 60
78.9266 61
78.937 62
78.9475 58
78.9475 59
78.9579 60
78.9579 61
78.9683 62
78.9788 60
78.9788 61
78.9892 62
78.9996 58
78.9996 59
79.0101 60
79.0101 61
79.0205 62
79.0309 63
79.0309 64
79.0414 60
79.0414 61
79.0518 62
79.0622 63
79.0622 64
79.0727 62
79.0831 63
79.0831 64
79.0936 60
79.0936 61
79.104 62
79.1144 63
79.1144 64
79.1249 62
79.1353 63
79.1353 64
79.1457 65
79.1457 66
79.1562 62
79.1666 63
79.1666 64
79.177 65
79.177 66
79.1875 62
79.1979 63
79.1979 64
79.2083 65
79.2083 66
79.2188 63
79.2188 64
79.2292 65
79.2292 66
79.2396 67
79.2396 68
79.2501 63
79.2501 64
79.2605 65
79.2605 66
79.2709 67
79.2709 68
79.2814 65
79.2814 66
79.2918 67
79.2918 68
79.3022 63
79.3022 64
79.3127 65
79.3127 66
79.3231 67
79.3231 68
79.3335 65
79.3335 66
79.344 67
79.344 68
79.3544 69
79.3544 70
79.3648 65
79.3648 66
79.3753 67
79.3753 68
79.3857 69
79.3857 70
79.3961 65
79.3961 66
79.4066 67
79.4066 68
79.417 69
79.417 70
79.4274 67
79.4274 68
79.4379 69
79.4379 70
79.4479 65
79.4479 66
79.4587 67
79.4587 68
79.4692 69
79.4692 70
79.4788 67
79.4788 68
79.49 69
79.49 70
79.5005 71
79.5005 72
79.5109 68
79.5109 69
79.5213 70
79.5213 71
79.5318 67
79.5318 68
79.5422 69
79.5422 70
79.5526 71
79.5526 72
79.5628 67
79.5628 68
79.5735 69
79.5735 70
79.5839 71
79.5839 72
79.5944 73
79.5944 74
79.6048 69
79.6048 70
79.6152 71
79.6152 72
79.6257 73
79.6257 74
79.6361 71
79.6361 72
79.6445 73
79.6445 74
79.6528 75
79.6612 73
79.6612 74
79.6695 75
79.6778 76
79.6778 77
79.6862 78
79.6862 79
79.6945 76
79.6945 77
79.7029 78
79.7029 79
79.7112 80
79.7112 81
79.7196 78
79.7196 79
79.7279 80
79.7279 81
79.7363 82
79.7363 83
79.7446 80
79.7446 81
79.753 82
79.753 83
79.7613 84
79.7613 85
79.7697 82
79.7697 83
79.778 84
79.778 85
79.7924 82
79.7924 83
79.8007 84
79.8007 85
79.8189 82
79.8189 83
79.8272 84
79.8272 85
79.8454 82
79.8454 83
79.8593 84
79.8593 85
79.8732 82
79.8732 83
79.8871 84
79.8871 85
79.901 80
79.901 81
79.9149 82
79.9149 83
79.9288 84
79.9288 85
79.9428 80
79.9428 81
79.9567 82
79.9567 83
79.9706 78
79.9706 79
79.9845 80
79.9845 81
79.9984 76
79.9984 77
80.0123 78
80.0123 79
80.0262 74
80.0262 75
80.0401 76
80.0401 77
80.0541 73
80.0541 74
80.068 75
80.0819 71
80.0819 72
80.0923 73
80.0923 74
80.1027 75
80.1132 71
80.1132 72
80.1236 73
80.1236 74
80.134 69
80.134 70
80.1445 71
80.1445 72
80.1549 73
80.1549 74
80.1654 69
80.1654 70
80.1758 71
80.1758 72
80.1862 73
80.1862 74
80.1967 69
80.1967 70
80.2071 71
80.2071 72
80.2175 73
80.2175 74
80.228 69
80.228 70
80.2384 71
80.2384 72
80.2488 73
80.2488 74
80.2593 69
80.2593 70
80.2696 71
80.2696 72
80.2799 73
80.2799 74
80.2902 75
80.3005 73
80.3005 74
80.3108 75
80.3211 73
80.3211 74
80.3314 75
80.3417 76
80.3417 77
80.352 74
80.352 75
80.3623 76
80.3623 77
80.3726 78
80.3726 79
80.3829 76
80.3829 77
80.3932 78
80.3932 79
80.4035 76
80.4035 77
80.4138 78
80.4138 79
80.4241 80
80.4241 81
80.4344 78
80.4344 79
80.4447 80
80.4447 81
80.455 82
80.455 83
80.4653 80
80.4653 81
80.4756 82
80.4756 83
80.4857 80
80.4857 81
80.4962 82
80.4962 83
80.5066 84
80.5066 85
80.5169 82
80.5169 83
80.5272 84
80.5272 85
80.5375 86
80.5453 83
80.5453 84
80.5556 85
80.5556 86
80.5718 81
80.5718 82
80.5821 83
80.5821 84
80.5924 85
80.5924 86
80.6071 81
80.6071 82
80.6174 83
80.6174 84
80.6277 85
80.6277 86
80.6425 81
80.6425 82
80.6528 83
80.6528 84
80.6631 85
80.6631 86
80.6778 81
80.6778 82
80.6881 83
80.6984 84
80.6984 85
80.7087 86
80.7109 83
80.7109 84
80.7242 85
80.7242 86
80.7374 82
80.7374 83
80.7477 84
80.7477 85
80.758 86
80.7673 83
80.7673 84
80.7776 82
80.7776 83
80.7875 82
80.8213 77
80.8213 78
80.8316 79
80.8316 80
80.8419 81
80.8419 82
80.8522 77
80.8522 78
80.8625 79
80.8625 80
80.8728 81
80.8728 82
80.8831 78
80.8831 79
80.8934 78
80.8934 79
80.9037 78
80.9037 79
80.914 77
80.914 78
80.9244 79
80.9244 80
80.9347 78
80.9347 79
80.9443 77
80.9443 78
80.9553 79
80.9759 74
80.9759 75
80.9862 76
80.9862 77
80.9965 78
80.9965 79
81.0068 74
81.0068 75
81.0171 76
81.0171 77
81.0274 76
81.0274 77
81.0377 78
81.0377 79
81.048 76
81.048 77
81.0679 76
81.0701 75
81.0812 74
81.1143 73
81.1386 72
81.1408 71
81.1518 70
81.1761 69
81.1938 68
81.2232 64
81.2232 65
81.2335 66
81.2335 67
81.2438 68
81.2585 65
81.2585 66
81.2688 67
81.2791 65
81.2791 66
81.2894 67
81.2894 68
81.2998 67
81.2998 68
81.3101 69
81.3204 70
81.3336 65
81.3336 66
81.3439 67
81.3439 68
81.3542 69
81.3542 70
81.3645 63
81.3645 64
81.3728 65
81.3728 66
81.381 67
81.381 68
81.3893 69
81.3893 70
81.3975 67
81.3975 68
81.4057 69
81.4057 70
81.414 71
81.414 72
81.4222 67
81.4222 68
81.4305 69
81.4305 70
81.4387 71
81.4387 72
81.4469 73
81.4469 74
81.4552 72
81.4552 73
81.4634 74
81.4717 75
81.4717 76
81.4793 72
81.4793 73
81.4882 74
81.4964 75
81.4964 76
81.5046 77
81.5046 78
81.5129 79
81.5129 80
81.5211 75
81.5211 76
81.5294 77
81.5294 78
81.5376 79
81.5376 80
81.5459 77
81.5459 78
81.5541 79
81.5541 80
81.5623 81
81.5623 82
81.5706 83
81.5706 84
81.5788 81
81.5788 82
81.5926 83
81.5926 84
81.6063 81
81.6063 82
81.62 83
81.62 84
81.6338 79
81.6338 80
81.6475 81
81.6475 82
81.6612 78
81.6612 79
81.675 80
81.675 81
81.6887 77
81.6887 78
81.7025 79
81.7025 80
81.7157 75
81.7157 76
81.7299 77
81.7299 78
81.7437 79
81.7437 80
81.7574 75
81.7574 76
81.7711 77
81.7711 78
81.7849 74
81.7849 75
81.7986 76
81.7986 77
81.8124 73
81.8124 74
81.8227 75
81.8327 71
81.8327 72
81.8433 73
81.8433 74
81.8536 75
81.8639 69
81.8639 70
81.8742 71
81.8742 72
81.8845 69
81.8845 70
81.8948 71
81.8948 72
81.9051 73
81.9051 74
81.9154 69
81.9154 70
81.9257 71
81.9257 72
81.936 67
81.936 68
81.9463 69
81.9463 70
81.9566 71
81.9566 72
81.9669 67
81.9669 68
81.9772 69
81.9772 70
81.9875 71
81.9875 72
81.9978 67
81.9978 68
82.0081 69
82.0081 70
82.0184 71
82.0184 72
82.0287 67
82.0287 68
82.0391 69
82.0391 70
82.0494 71
82.0494 72
82.0597 73
82.0597 74
82.07 71
82.07 72
82.0803 73
82.0803 74
82.0905 75
82.1008 73
82.1008 74
82.1111 75
82.1214 73
82.1214 74
82.1317 75
82.142 76
82.142 77
82.1523 74
82.1523 75
82.1626 76
82.1626 77
82.1729 78
82.1729 79
82.1832 76
82.1832 77
82.1934 78
82.1934 79
82.2037 80
82.2037 81
82.214 78
82.214 79
82.2243 80
82.2243 81
82.2346 82
82.2346 83
82.2449 80
82.2449 81
82.2552 82
82.2552 83
82.2655 84
82.2655 85
82.2758 82
82.2758 83
82.2861 84
82.2861 85
82.3052 82
82.3052 83
82.3155 84
82.3155 85
82.3317 81
82.3317 82
82.342 83
82.342 84
82.3523 85
82.3582 82
82.3582 83
82.3685 84
82.3685 85
82.3847 83
82.3847 84
82.395 85
82.4134 81
82.4134 82
82.4237 83
82.4237 84
82.434 85
82.4399 82
82.4399 83
82.4502 82
82.4502 83
82.4605 82
82.4723 81
82.4922 80
82.4922 81
82.5054 80
82.5253 79
82.5363 78
82.5702 74
82.5805 75
82.5805 76
82.5907 77
82.5907 78
82.6011 74
82.6114 75
82.6114 76
82.6217 77
82.6217 78
82.6319 74
82.6319 75
82.6422 74
82.6422 75
82.6525 74
82.6525 75
82.6628 74
82.6731 75
82.6731 76
82.6834 74
82.6834 75
82.6937 76
82.6997 75
82.7019 74
82.7446 69
82.7446 70
82.7549 71
82.7549 72
82.7652 70
82.7652 71
82.7748 70
82.7748 71
82.7858 72
82.7858 73
82.796 72
82.796 73
82.8063 71
82.8063 72
82.8351 68
82.8351 69
82.8454 70
82.8454 71
82.8557 72
82.8611 68
82.8611 69
82.8714 70
82.8714 71
82.8817 72
82.8876 69
82.8876 70
82.8979 71
82.8979 72
82.9163 68
82.9163 69
82.9266 70
82.9266 71
82.9369 72
82.9428 68
82.9428 69
82.9531 70
82.9531 71
82.9634 72
82.9634 73
82.9737 70
82.9737 71
82.984 72
82.984 73
82.9943 74
83.0046 71
83.0046 72
83.0149 73
83.0149 74
83.0252 75
83.0354 73
83.0354 74
83.0457 75
83.0555 71
83.0555 72
83.0663 73
83.0663 74
83.0766 75
83.0865 69
83.0865 70
83.0972 71
83.0972 72
83.1075 73
83.1075 74
83.1174 69
83.1174 70
83.126 71
83.126 72
83.1342 73
83.1342 74
83.1425 75
83.1507 76
83.1507 77
83.1589 74
83.1672 75
83.1672 76
83.1754 77
83.1754 78
83.1836 79
83.1836 80
83.1918 77
83.1918 78
83.2001 79
83.2001 80
83.2083 81
83.2083 82
83.2165 83
83.2165 84
83.2248 77
83.2248 78
83.233 79
83.233 80
83.2412 78
83.2412 79
83.2495 80
83.2495 81
83.2577 82
83.2577 83
83.2659 81
83.2659 82
83.2742 83
83.2742 84
83.2824 85
83.2874 81
83.2874 82
83.2956 83
83.2956 84
83.3038 85
83.3139 81
83.3139 82
83.3221 83
83.3221 84
83.3303 85
83.3448 82
83.3448 83
83.3585 84
83.3585 85
83.3735 81
83.3735 82
83.3872 83
83.3872 84
83.4009 85
83.4066 82
83.4066 83
83.4215 84
83.4215 85
83.4353 82
83.4353 83
83.449 84
83.449 85
83.4662 82
83.4662 83
83.4799 84
83.4799 85
83.4936 82
83.4936 83
83.5074 84
83.5074 85
83.5258 81
83.5258 82
83.5395 83
83.5395 84
83.5523 81
83.5523 82
83.5636 83
83.5636 84
83.5738 85
83.5788 81
83.5788 82
83.5893 83
83.5893 84
83.5996 85
83.6075 80
83.6075 81
83.6178 82
83.6178 83
83.6281 84
83.6281 85
83.6384 80
83.6384 81
83.6487 82
83.6487 83
83.659 84
83.659 85
83.6693 81
83.6693 82
83.6796 79
83.6796 80
83.6899 78
83.6899 79
83.7157 74
83.7157 75
83.726 76
83.726 77
83.7363 78
83.7363 79
83.7459 74
83.7459 75
83.7569 74
83.7877 73
83.7877 74
83.798 73
83.798 74
83.8078 73
83.8078 74
83.8186 72
83.8186 73
83.8289 74
83.8548 72
83.8548 73
83.8651 74
83.8813 71
83.8813 72
83.8916 73
83.8916 74
83.9078 70
83.9078 71
83.9181 72
83.9181 73
83.9284 74
83.9432 71
83.9432 72
83.9534 73
83.9534 74
83.9667 73
83.9667 74
83.98 73
84.0182 70
84.0182 71
84.0285 72
84.0285 73
84.0484 71
84.0484 72
84.0587 71
84.0587 72
84.069 70
84.069 71
84.0793 70
84.0793 71
84.0896 70
84.1125 69
84.1441 66
84.1441 67
84.1544 68
84.1544 69
84.1706 64
84.1706 65
84.1809 66
84.1809 67
84.1912 68
84.1912 69
84.2015 70
84.2015 71
84.2118 68
84.2118 69
84.222 70
84.222 71
84.2323 72
84.2323 73
84.2426 66
84.2426 67
84.2529 68
84.2529 69
84.2632 70
84.2632 71
84.2735 66
84.2735 67
84.2838 68
84.2838 69
84.2941 70
84.2941 71
84.3044 66
84.3044 67
84.3147 68
84.3147 69
84.3249 70
84.3249 71
84.3352 69
84.3352 70
84.3455 71
84.3455 72
84.3558 73
84.3558 74
84.3661 73
84.3661 74
84.3764 75
84.3867 73
84.3867 74
84.397 75
84.4073 76
84.4073 77
84.4176 74
84.4176 75
84.4278 76
84.4278 77
84.4381 78
84.4381 79
84.4484 76
84.4484 77
84.4587 78
84.4587 79
84.469 74
84.469 75
84.4793 76
84.4793 77
84.4896 78
84.4896 79
84.4999 80
84.4999 81
84.5102 82
84.5102 83
84.5205 84
84.5205 85
84.5307 81
84.5307 82
84.541 83
84.541 84
84.5513 80
84.5513 81
84.5616 82
84.5616 83
84.5719 84
84.5719 85
84.5822 82
84.5822 83
84.5925 84
84.5925 85
84.6028 83
84.6028 84
84.6131 85
84.621 84
84.621 85
84.6475 81
84.6475 82
84.6578 83
84.6578 84
84.6681 85
84.674 80
84.674 81
84.6843 82
84.6843 83
84.6946 84
84.6946 85
84.7049 81
84.7049 82
84.7152 83
84.7152 84
84.7255 85
84.7314 81
84.7314 82
84.7417 83
84.7417 84
84.752 85
84.7689 81
84.7689 82
84.7792 83
84.7792 84
84.7895 85
84.7954 81
84.7954 82
84.8057 83
84.8057 84
84.816 85
84.8263 81
84.8263 82
84.8346 81
84.8346 82
84.8428 83
84.8428 84
84.851 83
84.8632 82
84.8919 79
84.8919 80
84.9001 81
84.9083 80
84.9083 81
84.9162 80
84.9162 81
84.925 80
84.9559 77
84.9559 78
84.9641 79
84.9724 78
84.9724 79
84.9806 78
84.9806 79
84.9888 78
85.0155 75
85.0155 76
85.0238 77
85.032 76
85.032 77
85.0398 76
85.0398 77
85.0539 75
85.0539 76
85.0803 74
85.094 73
85.094 74
85.1077 72
85.1077 73
85.1214 74
85.1352 73
85.1352 74
85.1489 75
85.162 72
85.162 73
85.1763 74
85.19 75
85.1907 71
85.1907 72
85.2106 73
85.2106 74
85.2243 70
85.2243 71
85.2381 72
85.2381 73
85.2518 71
85.2518 72
85.2621 73
85.2621 74
85.2724 75
85.2826 72
85.2826 73
85.2929 74
85.3032 75
85.3033 72
85.3033 73
85.3187 74
85.3289 75
85.3298 71
85.3298 72
85.3444 73
85.3444 74
85.3547 75
85.365 72
85.365 73
85.3753 74
85.3855 75
85.3855 76
85.3958 77
85.3958 78
85.4061 74
85.4164 75
85.4164 76
85.4267 77
85.4267 78
85.437 75
85.437 76
85.4473 77
85.4473 78
85.4576 79
85.4576 80
85.4679 75
85.4679 76
85.4782 77
85.4782 78
85.4884 75
85.4884 76
85.4987 77
85.4987 78
85.509 79
85.509 80
85.5193 75
85.5193 76
85.5296 77
85.5296 78
85.5399 79
85.5399 80
85.5502 77
85.5502 78
85.5605 79
85.5605 80
85.5708 81
85.5708 82
85.5811 79
85.5811 80
85.5913 81
85.5913 82
85.6016 83
85.6016 84
85.6119 81
85.6119 82
85.6222 83
85.6222 84
85.6325 85
85.6367 82
85.6367 83
85.6479 84
85.6479 85
85.6654 82
85.6654 83
85.6757 84
85.6757 85
85.6941 82
85.6941 83
85.7044 84
85.7044 85
85.7206 83
85.7206 84
85.7309 85
85.7471 82
85.7471 83
85.7574 84
85.7574 85
85.7706 82
85.7706 83
85.7809 82
85.8016 80
85.8038 79
85.8104 78
85.8369 77
85.8751 73
85.8751 74
85.8854 75
85.8957 76
85.8957 77
85.906 74
85.9163 73
85.9163 74
85.9266 75
85.9369 76
85.9458 72
85.9458 73
85.9561 74
85.9664 75
85.9664 76
85.9767 73
85.9767 74
85.987 72
85.987 73
85.9973 74
86.0076 75
86.0209 71
86.0209 72
86.0312 73
86.0312 74
86.0415 75
86.0518 71
86.0518 72
86.0621 73
86.0621 74
86.0724 75
86.0827 71
86.0827 72
86.0929 73
86.0929 74
86.1032 75
86.1135 72
86.1135 73
86.1238 72
86.1238 73
86.1341 74
86.1444 73
86.1444 74
86.1547 72
86.1547 73
86.165 74
86.1865 71
86.1865 72
86.1968 73
86.1968 74
86.213 71
86.213 72
86.2233 73
86.2233 74
86.2417 72
86.2417 73
86.252 74
86.2675 71
86.2675 72
86.2778 73
86.2873 72
86.2873 73
86.2983 74
86.3086 75
86.3189 76
86.3189 77
86.3292 74
86.3395 75
86.3395 76
86.3498 77
86.3498 78
86.3601 79
86.3704 80
86.3704 81
86.3807 82
86.3807 83
86.391 79
86.391 80
86.4012 81
86.4012 82
86.411 79
86.411 80
86.4218 79
86.4218 80
86.4321 78
86.4321 79
86.4424 80
86.4424 81
86.4527 82
86.4527 83
86.463 79
86.463 80
86.4733 81
86.4836 78
86.4836 79
86.4939 78
86.4939 79
86.5041 80
86.5124 81
86.5124 82
86.5206 83
86.5206 84
86.5288 80
86.5288 81
86.5371 82
86.5371 83
86.5453 84
86.5453 85
86.5596 81
86.5596 82
86.5679 83
86.5679 84
86.5761 85
86.5861 81
86.5861 82
86.5944 83
86.5944 84
86.6026 85
86.6148 78
86.6148 79
86.6231 80
86.6231 81
86.6313 82
86.6313 83
86.6395 84
86.6395 85
86.6524 81
86.6524 82
86.6606 83
86.6606 84
86.6688 85
86.6943 81
86.6943 82
86.7026 83
86.7026 84
86.7108 85
86.7208 82
86.7208 83
86.7345 84
86.7345 85
86.7473 83
86.7473 84
86.762 85
86.7738 81
86.7738 82
86.7875 83
86.7875 84
86.8012 82
86.8012 83
86.815 81
86.815 82
86.8287 80
86.8287 81
86.8424 80
86.8424 81
86.8561 80
86.8561 81
86.8698 79
86.8698 80
86.8836 81
86.8836 82
86.8973 77
86.8973 78
86.911 76
86.911 77
86.9247 76
86.9247 77
86.9384 74
86.9384 75
86.9487 74
86.959 75
86.959 76
86.9693 77
86.9693 78
86.9796 79
86.9796 80
86.9899 75
86.9899 76
87.0002 74
87.0002 75
87.0105 74
87.0208 75
87.0208 76
87.031 72
87.031 73
87.0413 74
87.0516 75
87.0516 76
87.0619 77
87.0619 78
87.0722 74
87.0722 75
87.0825 76
87.0825 77
87.0928 75
87.0928 76
87.1021 75
87.1021 76
87.1131 72
87.1131 73
87.1237 74
87.1339 75
87.1339 76
87.1442 71
87.1442 72
87.1545 73
87.1545 74
87.1648 75
87.1751 72
87.1751 73
87.1854 74
87.1957 70
87.1957 71
87.206 72
87.206 73
87.2163 74
87.2266 75
87.2266 76
87.2368 73
87.2368 74
87.2471 75
87.2574 76
87.2574 77
87.2677 73
87.2677 74
87.278 75
87.2883 76
87.2883 77
87.2986 74
87.2986 75
87.3089 76
87.3089 77
87.3192 78
87.3192 79
87.3295 75
87.3295 76
87.3397 77
87.3397 78
87.35 79
87.35 80
87.3603 78
87.3603 79
87.3706 80
87.3706 81
87.3809 77
87.3809 78
87.3912 79
87.3912 80
87.4015 81
87.4015 82
87.4118 78
87.4118 79
87.4221 80
87.4221 81
87.4324 82
87.4324 83
87.4426 79
87.4426 80
87.4529 81
87.4529 82
87.4632 83
87.4632 84
87.4735 80
87.4735 81
87.4838 82
87.4838 83
87.4941 84
87.4941 85
87.5044 81
87.5044 82
87.5147 83
87.5147 84
87.5996 72
87.9809 4
88.0147 1
88.0198 2
88.025 3
88.0301 4
88.2082 5
88.2184 6
88.2184 7
88.2287 8
88.2287 9
88.239 10
88.239 11
88.2493 8
88.2493 9
88.2596 10
88.2596 11
88.2699 12
88.2699 13
88.2802 14
88.2905 15
88.2905 16
88.3008 17
88.3008 18
88.3111 19
88.3111 20
88.3213 21
88.3213 22
88.3316 23
88.3316 24
88.3419 25
88.3522 26
88.3522 27
88.3625 28
88.3625 29
88.3728 30
88.3728 31
88.3831 32
88.3831 33
88.3934 34
88.3934 35
88.4037 36
88.4037 37
88.414 38
88.4242 39
88.4242 40
88.4345 41
88.4345 42
88.4448 37
88.4448 38
88.4551 39
88.4551 40
88.4654 41
88.4654 42
88.4757 37
88.4757 38
88.486 39
88.486 40
88.4963 41
88.4963 42
88.5066 37
88.5066 38
88.5169 39
88.5169 40
88.5271 41
88.5271 42
88.5374 37
88.5374 38
88.5477 39
88.5477 40
88.558 41
88.558 42
88.5683 39
88.5683 40
88.5786 41
88.5786 42
88.5883 39
88.5883 40
88.5992 41
88.5992 42
88.6095 43
88.6095 44
88.6198 41
88.6198 42
88.63 43
88.63 44
88.6403 45
88.6403 46
88.6506 41
88.6506 42
88.6609 43
88.6609 44
88.6712 45
88.6712 46
88.6815 42
88.6815 43
88.6929 44
88.6929 45
88.7042 46
88.7042 47
88.7156 44
88.7156 45
88.727 46
88.727 47
88.7383 45
88.7383 46
88.7497 47
88.7497 48
88.7611 45
88.7611 46
88.7724 47
88.7724 48
88.7838 49
88.7838 50
88.7952 46
88.7952 47
88.8065 48
88.8065 49
88.8179 45
88.8179 46
88.8293 47
88.8293 48
88.8406 49
88.8406 50
88.852 47
88.852 48
88.8634 49
88.8634 50
88.8747 51
88.8861 48
88.8861 49
88.8975 50
88.9089 47
88.9089 48
88.9179 49
88.9179 50
88.927 51
88.9361 49
88.9361 50
88.9452 51
88.9543 52
88.9543 53
88.9634 49
88.9634 50
88.9725 51
88.9816 52
88.9816 53
88.9907 54
88.9907 55
88.9998 52
88.9998 53
89.0089 54
89.0089 55
89.018 56
89.018 57
89.0271 54
89.0271 55
89.0362 56
89.0362 57
89.0453 58
89.0453 59
89.0542 55
89.0542 56
89.0635 57
89.0635 58
89.0725 59
89.0725 60
89.0807 58
89.0807 59
89.0907 60
89.0907 61
89.0998 62
89.1089 60
89.1089 61
89.118 62
89.1271 63
89.1271 64
89.1359 62
89.1514 63
89.1514 64
89.1665 62
89.1665 63
89.1817 64
89.1817 65
89.1968 63
89.1968 64
89.212 65
89.212 66
89.2271 63
89.2271 64
89.2423 62
89.2575 63
89.2575 64
89.2726 62
89.2878 63
89.2878 64
89.3029 60
89.3029 61
89.3181 62
89.3324 59
89.3324 60
89.3484 61
89.3484 62
89.3636 59
89.3636 60
89.3749 61
89.3749 62
89.3854 58
89.3854 59
89.3977 60
89.3977 61
89.409 62
89.4204 63
89.4204 64
89.4318 60
89.4318 61
89.4432 62
89.4545 58
89.4545 59
89.4659 60
89.4659 61
89.4773 62
89.4886 58
89.4886 59
89.5 60
89.5 61
89.5112 56
89.5112 57
89.5227 58
89.5227 59
89.5341 60
89.5341 61
89.5455 56
89.5455 57
89.5568 58
89.5568 59
89.5682 60
89.5682 61
89.5796 62
89.5909 60
89.5909 61
89.6023 62
89.6137 60
89.6137 61
89.625 62
89.6364 60
89.6364 61
89.6478 62
89.6591 63
89.6591 64
89.6705 62
89.6819 63
89.6819 64
89.6932 62
89.7046 63
89.7046 64
89.716 65
89.716 66
89.7273 63
89.7273 64
89.7387 65
89.7387 66
89.7501 63
89.7501 64
89.7615 65
89.7615 66
89.7728 67
89.7728 68
89.7842 64
89.7842 65
89.7956 66
89.7956 67
89.8069 63
89.8069 64
89.8183 65
89.8183 66
89.8297 67
89.8297 68
89.841 69
89.841 70
89.8524 67
89.8524 68
89.8638 69
89.8638 70
89.8751 66
89.8751 67
89.8865 68
89.8865 69
89.8979 65
89.8979 66
89.9092 67
89.9092 68
89.9206 69
89.9206 70
89.932 67
89.932 68
89.9433 69
89.9433 70
89.9547 71
89.9547 72
89.9661 69
89.9661 70
89.9774 71
89.9774 72
89.9888 69
89.9888 70
90.0002 71
90.0002 72
90.0116 69
90.0116 70
90.0229 71
90.0229 72
90.0343 73
90.0343 74
90.0457 71
90.0457 72
90.057 73
90.057 74
90.0684 71
90.0684 72
90.0798 73
90.0798 74
90.0911 71
90.0911 72
90.1025 73
90.1025 74
90.1139 75
90.1252 72
90.1252 73
90.1366 74
90.148 71
90.148 72
90.1593 73
90.1593 74
90.1707 75
90.1821 71
90.1821 72
90.1934 73
90.1934 74
90.2048 75
90.2178 72
90.2178 73
90.2292 74
90.2405 75
90.2443 73
90.2443 74
90.2576 75
90.2708 72
90.2708 73
90.2822 74
90.2935 75
90.3017 73
90.3017 74
90.3131 75
90.3282 73
90.3282 74
90.3396 75
90.3547 72
90.3547 73
90.3661 74
90.3774 75
90.3812 72
90.3812 73
90.3945 74
90.4059 75
90.4187 73
90.4187 74
90.4301 75
90.4415 74
90.4528 75
90.4585 73
90.4585 74
90.4699 75
90.485 73
90.485 74
90.4963 75
90.5115 72
90.5115 73
90.5228 74
90.5342 75
90.5512 72
90.5512 73
90.5626 74
90.5739 75
90.5777 73
90.5777 74
90.591 75
90.6042 72
90.6042 73
90.6156 74
90.6269 75
90.6351 71
90.6351 72
90.6465 73
90.6465 74
90.6578 75
90.6704 71
90.6704 72
90.6795 73
90.6795 74
90.6886 75
90.7014 73
90.7014 74
90.7104 75
90.7278 72
90.7278 73
90.7369 74
90.746 75
90.7543 73
90.7543 74
90.7634 75
90.7808 72
90.7808 73
90.7899 74
90.799 75
90.8118 72
90.8118 73
90.8208 74
90.8299 75
90.8382 74
90.8473 75
90.8508 74
90.8508 75
90.8662 74
90.9288 70
90.9288 71
90.9439 72
90.9439 73
90.9591 74
90.9663 70
90.9663 71
90.9818 72
90.9818 73
90.997 70
90.997 71
91.0122 72
91.0122 73
91.0273 69
91.0273 70
91.0425 71
91.0425 72
91.0576 73
91.0576 74
91.0728 70
91.0728 71
91.0879 68
91.0879 69
91.1031 70
91.1031 71
91.1183 67
91.1183 68
91.1296 69
91.1296 70
91.141 71
91.141 72
91.1524 67
91.1524 68
91.1637 69
91.1637 70
91.1751 65
91.1751 66
91.1865 67
91.1865 68
91.1978 69
91.1978 70
91.2092 66
91.2092 67
91.2206 68
91.2206 69
91.2313 65
91.2313 66
91.2433 67
91.2433 68
91.2547 69
91.2547 70
91.266 67
91.266 68
91.2774 69
91.2774 70
91.2888 66
91.2888 67
91.3001 68
91.3001 69
91.3108 65
91.3108 66
91.3229 67
91.3229 68
91.3343 69
91.3343 70
91.3456 66
91.3456 67
91.357 68
91.357 69
91.3684 65
91.3684 66
91.3797 67
91.3797 68
91.3911 69
91.3911 70
91.4025 68
91.4025 69
91.4138 70
91.4138 71
91.4252 72
91.4252 73
91.4366 69
91.4366 70
91.4479 71
91.4479 72
91.4593 73
91.4593 74
91.4707 71
91.4707 72
91.482 73
91.482 74
91.4934 70
91.4934 71
91.5048 72
91.5048 73
91.5161 71
91.5161 72
91.5275 73
91.5275 74
91.5389 75
91.5502 73
91.5502 74
91.5616 75
91.5735 73
91.5735 74
91.5849 75
91.6 73
91.6 74
91.6114 75
91.6265 72
91.6265 73
91.6379 74
91.6492 75
91.653 72
91.653 73
91.6663 74
91.6777 75
91.6832 72
91.6832 73
91.6947 74
91.7061 75
91.7104 72
91.7104 73
91.7231 74
91.7345 75
91.7479 72
91.7479 73
91.7593 74
91.7707 75
91.7744 72
91.7744 73
91.7877 74
91.7991 75
91.8076 72
91.8076 73
91.8189 74
91.8303 75
91.8341 73
91.8341 74
91.8474 75
91.8605 73
91.8605 74
91.8719 75
91.887 72
91.887 73
91.8984 74
91.9098 75
91.9202 73
91.9202 74
91.9315 75
91.9467 72
91.9467 73
91.958 74
91.9694 75
91.9732 73
91.9732 74
91.9865 75
91.9997 73
91.9997 74
92.011 75
92.0262 72
92.0262 73
92.0375 74
92.0489 75
92.0593 72
92.0593 73
92.0706 74
92.082 75
92.0858 72
92.0858 73
92.0991 74
92.1104 75
92.1226 73
92.1226 74
92.1336 72
92.1653 69
92.1653 70
92.1766 71
92.1766 72
92.1911 69
92.1911 70
92.2024 71
92.2138 69
92.2138 70
92.2252 69
92.2252 70
92.2536 67
92.2536 68
92.265 69
92.265 70
92.2823 67
92.2823 68
92.2937 69
92.2937 70
92.3088 66
92.3088 67
92.3202 68
92.3202 69
92.3315 70
92.3419 66
92.3419 67
92.3533 68
92.3533 69
92.3646 70
92.3706 66
92.3706 67
92.382 68
92.382 69
92.3933 70
92.3971 67
92.3971 68
92.4104 69
92.4104 70
92.428 67
92.428 68
92.4371 69
92.4371 70
92.4567 66
92.4567 67
92.4658 68
92.4658 69
92.4749 70
92.4832 66
92.4832 67
92.4923 68
92.4923 69
92.5014 70
92.5097 67
92.5097 68
92.5188 69
92.5188 70
92.5362 67
92.5362 68
92.5453 69
92.5453 70
92.5671 65
92.5671 66
92.5762 67
92.5762 68
92.5853 69
92.5853 70
92.5936 67
92.5936 68
92.6035 69
92.6035 70
92.6201 67
92.6201 68
92.6297 69
92.6297 70
92.6392 71
92.6392 72
92.6599 67
92.6599 68
92.6758 69
92.6758 70
92.6917 71
92.6917 72
92.7077 69
92.7077 70
92.7236 66
92.7236 67
92.7395 68
92.7395 69
92.7548 66
92.7548 67
92.7714 68
92.7714 69
92.7873 66
92.7873 67
92.8032 68
92.8032 69
92.8192 65
92.8192 66
92.8351 67
92.8351 68
92.851 64
92.851 65
92.867 66
92.867 67
92.8829 63
92.8829 64
92.8949 65
92.8949 66
92.9068 63
92.9068 64
92.9188 65
92.9188 66
92.9307 67
92.9307 68
92.9426 64
92.9426 65
92.9546 66
92.9546 67
92.9665 63
92.9665 64
92.9785 65
92.9785 66
92.9904 67
92.9904 68
93.0024 63
93.0024 64
93.0143 65
93.0143 66
93.0263 67
93.0263 68
93.0382 65
93.0382 66
93.0502 67
93.0502 68
93.0621 63
93.0621 64
93.0741 65
93.0741 66
93.086 62
93.098 63
93.098 64
93.1099 65
93.1099 66
93.1219 62
93.1338 63
93.1338 64
93.1458 65
93.1458 66
93.1577 63
93.1577 64
93.1697 65
93.1697 66
93.1816 62
93.1816 63
93.1936 64
93.1936 65
93.2052 62
93.2175 63
93.2175 64
93.2294 65
93.2294 66
93.2413 62
93.2413 63
93.2533 64
93.2533 65
93.2648 62
93.2772 63
93.2772 64
93.2891 65
93.2891 66
93.3002 62
93.3002 63
93.313 64
93.313 65
93.325 66
93.325 67
93.3369 64
93.3369 65
93.3489 66
93.3489 67
93.3608 64
93.3608 65
93.3728 66
93.3728 67
93.3847 63
93.3847 64
93.3967 65
93.3967 66
93.4086 67
93.4086 68
93.4206 65
93.4206 66
93.4325 67
93.4325 68
93.4445 65
93.4445 66
93.4564 67
93.4564 68
93.4684 64
93.4684 65
93.4803 66
93.4803 67
93.4923 68
93.4923 69
93.5042 65
93.5042 66
93.5162 67
93.5162 68
93.5281 65
93.5281 66
93.54 67
93.54 68
93.5519 65
93.5519 66
93.5639 67
93.5639 68
93.5759 69
93.5759 70
93.5878 66
93.5878 67
93.5998 68
93.5998 69
93.6117 66
93.6117 67
93.6237 68
93.6237 69
93.6356 66
93.6356 67
93.6476 68
93.6476 69
93.6595 66
93.6595 67
93.6715 68
93.6715 69
93.6834 70
93.6834 71
93.6954 67
93.6954 68
93.7073 69
93.7073 70
93.7193 66
93.7193 67
93.7312 68
93.7312 69
93.7432 66
93.7432 67
93.7551 68
93.7551 69
93.7671 70
93.7671 71
93.779 68
93.779 69
93.791 70
93.791 71
93.8029 68
93.8029 69
93.8148 70
93.8148 71
93.8268 68
93.8268 69
93.8387 70
93.8387 71
93.8507 68
93.8507 69
93.8626 70
93.8626 71
93.8742 67
93.8742 68
93.8865 69
93.8865 70
93.8985 67
93.8985 68
93.9104 69
93.9104 70
93.9224 71
93.9224 72
93.9339 68
93.9339 69
93.9463 70
93.9463 71
93.9582 72
93.9604 68
93.9604 69
93.9762 70
93.9762 71
93.9881 72
93.9935 69
93.9935 70
94.006 71
94.006 72
94.02 68
94.02 69
94.0319 70
94.0319 71
94.0439 72
94.0465 69
94.0465 70
94.0618 71
94.0618 72
94.073 69
94.073 70
94.0857 71
94.0857 72
94.0995 69
94.0995 70
94.1114 71
94.1114 72
94.126 68
94.126 69
94.1379 70
94.1379 71
94.1499 72
94.1591 67
94.1591 68
94.171 69
94.171 70
94.183 71
94.183 72
94.1959 67
94.1959 68
94.2079 69
94.2079 70
94.2198 71
94.2198 72
94.2342 69
94.2342 70
94.2437 71
94.2437 72
94.2607 69
94.2607 70
94.2702 71
94.2702 72
94.2871 68
94.2871 69
94.2967 70
94.2967 71
94.3063 72
94.3136 69
94.3136 70
94.3232 71
94.3232 72
94.3401 68
94.3401 69
94.3497 70
94.3497 71
94.3593 72
94.3755 68
94.3755 69
94.385 70
94.385 71
94.3946 72
94.402 69
94.402 70
94.4115 71
94.4115 72
94.4285 68
94.4285 69
94.438 70
94.438 71
94.4476 72
94.4549 69
94.4549 70
94.4709 71
94.4709 72
94.4859 69
94.4859 70
94.5027 71
94.5027 72
94.5187 68
94.5187 69
94.5346 70
94.5346 71
94.5505 68
94.5505 69
94.5665 70
94.5665 71
94.5824 68
94.5824 69
94.5983 66
94.5983 67
94.6143 68
94.6143 69
94.6302 65
94.6302 66
94.6461 67
94.6461 68
94.6621 63
94.6621 64
94.678 65
94.678 66
94.6934 62
94.6934 63
94.7059 64
94.7059 65
94.7178 66
94.7178 67
94.7298 64
94.7298 65
94.7417 66
94.7417 67
94.7537 65
94.7537 66
94.7656 67
94.7656 68
94.7776 65
94.7776 66
94.7895 67
94.7895 68
94.8015 64
94.8015 65
94.8134 66
94.8134 67
94.8254 68
94.8254 69
94.8373 66
94.8373 67
94.8493 68
94.8493 69
94.8612 65
94.8612 66
94.8732 67
94.8732 68
94.8851 69
94.8851 70
94.897 66
94.897 67
94.909 68
94.909 69
94.9209 66
94.9209 67
94.9329 68
94.9329 69
94.9448 65
94.9448 66
94.9568 67
94.9568 68
94.9687 65
94.9687 66
94.9811 67
94.9811 68
94.9934 65
94.9934 66
95.0057 67
95.0057 68
95.018 65
95.018 66
95.0304 67
95.0304 68
95.0427 69
95.0427 70
95.0551 67
95.0551 68
95.0674 69
95.0674 70
95.0797 67
95.0797 68
95.0921 69
95.0921 70
95.1044 67
95.1044 68
95.1167 69
95.1167 70
95.1291 67
95.1291 68
95.1414 69
95.1414 70
95.1537 67
95.1537 68
95.166 69
95.166 70
95.1792 67
95.1792 68
95.1915 69
95.1915 70
95.2057 66
95.2057 67
95.218 68
95.218 69
95.2303 70
95.2322 67
95.2322 68
95.2488 69
95.2488 70
95.2612 66
95.2612 67
95.2735 68
95.2735 69
95.2858 70
95.2918 67
95.2918 68
95.3043 69
95.3043 70
95.3183 67
95.3183 68
95.3306 69
95.3306 70
95.3448 67
95.3448 68
95.3571 69
95.3571 70
95.3713 66
95.3713 67
95.3836 68
95.3836 69
95.3959 70
95.3978 66
95.3978 67
95.4144 68
95.4144 69
95.4268 70
95.4287 67
95.4287 68
95.4453 69
95.4453 70
95.4576 67
95.4576 68
95.4699 69
95.4699 70
95.4823 67
95.4823 68
95.4946 69
95.4946 70
95.506 67
95.506 68
95.5193 69
95.5193 70
95.5325 67
95.5325 68
95.5448 69
95.5448 70
95.5612 67
95.5612 68
95.5735 69
95.5735 70
95.5877 67
95.5877 68
95.6 69
95.6 70
95.6142 66
95.6142 67
95.6265 68
95.6265 69
95.6388 70
95.6406 67
95.6406 68
95.6573 69
95.6573 70
95.6696 67
95.6696 68
95.682 69
95.682 70
95.6936 67
95.6936 68
95.7066 69
95.7066 70
95.7223 67
95.7223 68
95.7347 69
95.7347 70
95.7488 67
95.7488 68
95.7612 69
95.7612 70
95.7753 66
95.7753 67
95.7877 68
95.7877 69
95.8 70
95.8085 67
95.8085 68
95.8208 69
95.8208 70
95.835 67
95.835 68
95.8473 69
95.8473 70
95.8659 65
95.8659 66
95.8782 67
95.8782 68
95.8905 69
95.8905 70
95.9029 68
95.9029 69
95.9152 70
95.9189 66
95.9189 67
95.9337 68
95.9337 69
95.946 70
95.952 67
95.952 68
95.9645 69
95.9645 70
95.9785 66
95.9785 67
95.9908 68
95.9908 69
96.0031 70
96.005 67
96.005 68
96.0192 69
96.0192 70
96.0315 68
96.0315 69
96.0413 70
96.058 67
96.058 68
96.0678 69
96.0678 70
96.0845 67
96.0845 68
96.0943 69
96.0943 70
96.1132 67
96.1132 68
96.123 69
96.123 70
96.1397 66
96.1397 67
96.1495 68
96.1495 69
96.1594 70
96.1728 65
96.1728 66
96.1826 67
96.1826 68
96.1925 69
96.1925 70
96.2081 66
96.2081 67
96.218 68
96.218 69
96.2278 70
96.2346 68
96.2346 69
96.251 70
96.2611 67
96.2611 68
96.2775 69
96.2775 70
96.294 66
96.294 67
96.3104 68
96.3104 69
96.3269 65
96.3269 66
96.3433 67
96.3433 68
96.3598 66
96.3598 67
96.3759 63
96.3759 64
96.3926 65
96.3926 66
96.4091 63
96.4091 64
96.4255 65
96.4255 66
96.442 62
96.442 63
96.4584 64
96.4584 65
96.4749 62
96.4872 63
96.4872 64
96.4995 62
96.5119 63
96.5119 64
96.5242 61
96.5242 62
96.5365 63
96.5489 64
96.5489 65
96.5612 62
96.5612 63
96.5735 64
96.5735 65
96.5857 62
96.5857 63
96.5982 64
96.5982 65
96.6105 66
96.6105 67
96.6228 63
96.6228 64
96.6352 65
96.6352 66
96.6475 63
96.6475 64
96.6599 65
96.6599 66
96.6722 67
96.6722 68
96.6845 63
96.6845 64
96.6968 65
96.6968 66
96.7092 67
96.7092 68
96.7215 64
96.7215 65
96.7338 66
96.7338 67
96.7462 63
96.7462 64
96.7585 65
96.7585 66
96.7708 67
96.7708 68
96.7832 65
96.7832 66
96.7955 64
96.7955 65
96.8078 66
96.8078 67
96.8202 65
96.8202 66
96.8325 67
96.8325 68
96.8448 64
96.8448 65
96.8572 66
96.8572 67
96.8695 64
96.8695 65
96.8818 66
96.8818 67
96.8942 68
96.8942 69
96.9065 66
96.9065 67
96.9188 68
96.9188 69
96.9312 66
96.9312 67
96.9435 68
96.9435 69
96.9558 66
96.9558 67
96.9681 68
96.9681 69
96.9805 66
96.9805 67
96.9928 68
96.9928 69
97.0051 66
97.0051 67
97.0175 68
97.0175 69
97.0298 67
97.0298 68
97.0421 69
97.0421 70
97.0538 67
97.0538 68
97.0668 69
97.0668 70
97.0803 67
97.0803 68
97.0926 69
97.0926 70
97.1068 66
97.1068 67
97.1191 68
97.1191 69
97.1314 70
97.1333 67
97.1333 68
97.1499 69
97.1499 70
97.1623 66
97.1623 67
97.1746 68
97.1746 69
97.1869 70
97.1973 67
97.1973 68
97.2096 69
97.2096 70
97.2238 67
97.2238 68
97.2361 69
97.2361 70
97.2503 67
97.2503 68
97.2626 69
97.2626 70
97.2768 67
97.2768 68
97.2891 69
97.2891 70
97.3033 67
97.3033 68
97.3156 69
97.3156 70
97.3298 66
97.3298 67
97.3421 68
97.3421 69
97.3544 70
97.3563 66
97.3563 67
97.3729 68
97.3729 69
97.3853 70
97.3916 67
97.3916 68
97.4039 69
97.4039 70
97.4181 67
97.4181 68
97.4304 69
97.4304 70
97.4446 67
97.4446 68
97.4569 69
97.4569 70
97.4711 67
97.4711 68
97.4834 69
97.4834 70
97.4976 67
97.4976 68
97.5099 69
97.5099 70
97.5263 67
97.5263 68
97.5386 69
97.5386 70
97.5528 67
97.5528 68
97.5651 69
97.5651 70
97.5815 67
97.5815 68
97.5938 69
97.5938 70
97.6102 66
97.6102 67
97.6225 68
97.6225 69
97.6348 70
97.6367 67
97.6367 68
97.6533 69
97.6533 70
97.6676 67
97.6676 68
97.6799 69
97.6799 70
97.6941 66
97.6941 67
97.7064 68
97.7064 69
97.7188 70
97.7272 65
97.7272 66
97.7395 67
97.7395 68
97.7519 69
97.7519 70
97.7642 67
97.7642 68
97.7741 69
97.7741 70
97.789 67
97.789 68
97.7989 69
97.7989 70
97.8155 67
97.8155 68
97.8254 69
97.8254 70
97.842 66
97.842 67
97.8519 68
97.8519 69
97.8618 70
97.8729 66
97.8729 67
97.8828 68
97.8828 69
97.8927 70
97.9039 67
97.9039 68
97.9137 69
97.9137 70
97.9348 67
97.9348 68
97.9446 69
97.9446 70
97.9635 67
97.9635 68
97.9733 69
97.9733 70
97.99 67
97.99 68
98.0064 69
98.0064 70
98.0229 67
98.0229 68
98.0393 69
98.0393 70
98.0557 67
98.0557 68
98.0717 65
98.0717 66
98.0886 67
98.0886 68
98.1051 65
98.1051 66
98.1215 64
98.1215 65
98.138 66
98.138 67
98.1544 64
98.1544 65
98.1708 66
98.1708 67
98.1873 64
98.1873 65
98.2037 62
98.2161 63
98.2161 64
98.2284 65
98.2284 66
98.2407 62
98.2531 63
98.2531 64
98.2654 62
98.2777 63
98.2777 64
98.2901 65
98.2901 66
98.3024 63
98.3024 64
98.3147 65
98.3147 66
98.327 63
98.327 64
98.3394 65
98.3394 66
98.3517 62
98.3517 63
98.364 64
98.364 65
98.3764 62
98.3887 63
98.3887 64
98.401 65
98.401 66
98.4134 63
98.4134 64
98.4257 65
98.4257 66
98.438 67
98.438 68
98.4504 65
98.4504 66
98.4627 67
98.4627 68
98.7436 33
98.9372 2
98.9435 3
98.9498 4
98.9637 3
98.97 4
99.1645 2
99.1645 3
99.1771 4
99.1771 5
99.1898 6
99.1898 7
99.2024 6
99.2024 7
99.2151 8
99.2151 9
99.2277 10
99.2277 11
99.2403 12
99.2403 13
99.253 14
99.2656 15
99.2656 16
99.2783 17
99.2783 18
99.2909 19
99.2909 20
99.3036 21
99.3036 22
99.3162 23
99.3162 24
99.3288 25
99.3415 26
99.3415 27
99.3541 28
99.3541 29
99.3668 30
99.3668 31
99.3794 32
99.3794 33
99.3918 30
99.3918 31
99.4047 32
99.4047 33
99.4173 34
99.4173 35
99.43 31
99.43 32
99.4426 33
99.4426 34
99.4553 31
99.4553 32
99.4679 33
99.4679 34
99.4805 31
99.4805 32
99.4932 33
99.4932 34
99.5058 35
99.5185 36
99.5185 37
99.5311 34
99.5311 35
99.5437 36
99.5437 37
99.5564 38
99.569 36
99.569 37
99.5817 38
99.5943 39
99.5943 40
99.607 37
99.607 38
99.6196 39
99.6196 40
99.6322 41
99.6322 42
99.6449 39
99.6449 40
99.6575 41
99.6575 42
99.6702 43
99.6702 44
99.6828 41
99.6828 42
99.6954 43
99.6954 44
99.7081 45
99.7081 46
99.7207 43
99.7207 44
99.7334 45
99.7334 46
99.746 47
99.746 48
99.7577 45
99.7577 46
99.7713 47
99.7713 48
99.7839 49
99.7839 50
99.7966 51
99.8092 49
99.8092 50
99.8219 51
99.8345 49
99.8345 50
99.8472 51
99.8593 49
99.8593 50
99.8724 51
99.8851 52
99.8851 53
99.8977 50
99.8977 51
99.9104 52
99.9104 53
99.923 50
99.923 51
99.9357 52
99.9357 53
99.9483 54
99.9483 55
99.9609 52
99.9609 53
99.9736 52
99.9736 53
99.9862 54
99.9862 55
99.9989 56
99.9989 57
100.012 54
100.012 55
100.024 56
100.024 57
100.036 54
100.036 55
100.049 56
100.049 57
100.062 58
100.062 59
100.075 56
100.075 57
100.088 58
100.088 59
100.101 60
100.101 61
100.114 58
100.114 59
100.128 60
100.128 61
100.141 58
100.141 59
100.154 60
100.154 61
100.167 58
100.167 59
100.181 60
100.181 61
100.194 62
100.207 60
100.207 61
100.22 62
100.234 63
100.237 61
100.237 62
100.254 63
100.272 61
100.272 62
100.285 63
100.299 59
100.299 60
100.312 61
100.312 62
100.325 63
100.343 61
100.343 62
100.356 63
100.369 61
100.369 62
100.383 63
100.405 61
100.405 62
100.418 63
100.431 61
100.431 62
100.444 63
100.462 61
100.462 62
100.475 63
100.493 61
100.493 62
100.506 63
100.519 61
100.519 62
100.53 63
100.555 61
100.555 62
100.565 63
100.581 61
100.581 62
100.592 63
100.612 61
100.612 62
100.623 63
100.643 61
100.643 62
100.654 63
100.674 62
100.731 58
100.731 59
100.749 60
100.749 61
100.766 58
100.766 59
100.784 57
100.784 58
100.802 59
100.82 56
100.82 57
100.837 58
100.837 59
100.855 55
100.855 56
100.873 54
100.873 55
100.89 56
100.89 57
100.908 58
100.908 59
100.926 56
100.926 57
100.943 53
100.943 54
100.957 55
100.97 56
100.97 57
100.983 55
100.983 56
100.996 55
100.996 56
101.01 54
101.01 55
101.023 56
101.023 57
101.036 58
101.042 57
101.042 58
101.056 56
101.056 57
101.069 55
101.069 56
101.098 53
101.098 54
101.111 55
101.111 56
101.129 53
101.129 54
101.142 55
101.142 56
101.16 53
101.16 54
101.173 55
101.173 56
101.193 53
101.193 54
101.206 55
101.206 56
101.219 57
101.219 58
101.233 59
101.233 60
101.246 57
101.246 58
101.259 59
101.259 60
101.272 57
101.272 58
101.286 59
101.286 60
101.299 57
101.299 58
101.312 59
101.312 60
101.325 57
101.325 58
101.339 59
101.339 60
101.352 61
101.352 62
101.365 58
101.365 59
101.378 60
101.378 61
101.392 58
101.392 59
101.405 60
101.405 61
101.418 59
101.418 60
101.431 61
101.431 62
101.445 59
101.445 60
101.458 61
101.458 62
101.471 59
101.471 60
101.484 61
101.484 62
101.498 58
101.498 59
101.511 60
101.511 61
101.524 62
101.537 60
101.537 61
101.55 62
101.564 63
101.577 62
101.59 63
101.604 61
101.604 62
101.617 63
101.639 61
101.639 62
101.652 63
101.674 61
101.674 62
101.688 63
101.705 61
101.705 62
101.718 63
101.736 61
101.736 62
101.749 63
101.767 61
101.767 62
101.78 63
101.793 61
101.793 62
101.807 63
101.824 61
101.824 62
101.838 63
101.855 61
101.855 62
101.869 63
101.888 61
101.888 62
101.902 63
101.915 61
101.915 62
101.927 60
101.927 61
101.941 62
101.955 61
101.955 62
101.979 59
101.979 60
101.992 61
101.992 62
102.005 59
102.005 60
102.019 61
102.019 62
102.032 60
102.032 61
102.045 59
102.045 60
102.058 61
102.074 57
102.074 58
102.087 59
102.087 60
102.1 61
102.114 58
102.114 59
102.127 60
102.127 61
102.147 58
102.147 59
102.16 60
102.16 61
102.184 59
102.184 60
102.198 59
102.198 60
102.211 58
102.211 59
102.224 60
102.246 59
102.246 60
102.257 58
102.257 59
102.267 58
102.292 57
102.332 55
102.332 56
102.343 55
102.343 56
102.353 57
102.354 56
102.392 53
102.392 54
102.402 55
102.402 56
102.418 53
102.418 54
102.429 55
102.429 56
102.445 53
102.445 54
102.455 55
102.455 56
102.466 57
102.466 58
102.477 59
102.477 60
102.487 57
102.487 58
102.504 55
102.504 56
102.523 57
102.523 58
102.54 55
102.54 56
102.557 53
102.557 54
102.576 55
102.576 56
102.593 53
102.593 54
102.611 55
102.611 56
102.629 53
102.629 54
102.646 55
102.646 56
102.664 55
102.664 56
102.682 53
102.682 54
102.699 55
102.699 56
102.717 54
102.717 55
102.73 56
102.73 57
102.743 54
102.743 55
102.757 56
102.757 57
102.77 55
102.77 56
102.783 57
102.783 58
102.796 57
102.796 58
102.81 59
102.81 60
102.822 56
102.822 57
102.836 58
102.849 59
102.849 60
102.863 61
102.876 62
102.889 60
102.889 61
102.902 62
102.915 60
102.915 61
102.929 62
102.942 63
102.948 60
102.948 61
102.962 62
102.975 59
102.975 60
102.988 61
102.988 62
103.012 60
103.012 61
103.026 62
103.052 59
103.052 60
103.065 61
103.065 62
103.079 60
103.079 61
103.092 62
103.105 60
103.105 61
103.118 62
103.132 60
103.132 61
103.145 62
103.165 60
103.165 61
103.178 62
103.198 59
103.198 60
103.211 61
103.211 62
103.224 59
103.224 60
103.238 61
103.238 62
103.251 60
103.251 61
103.264 62
103.277 60
103.277 61
103.291 62
103.308 60
103.308 61
103.321 62
103.337 60
103.337 61
103.35 62
103.368 60
103.368 61
103.381 62
103.399 60
103.399 61
103.412 62
103.425 59
103.425 60
103.461 57
103.461 58
103.475 59
103.475 60
103.491 57
103.491 58
103.505 59
103.505 60
103.52 58
103.52 59
103.534 60
103.551 57
103.551 58
103.565 59
103.565 60
103.58 55
103.58 56
103.594 57
103.594 58
103.608 59
103.608 60
103.622 57
103.622 58
103.636 59
103.636 60
103.65 57
103.65 58
103.664 59
103.664 60
103.678 57
103.678 58
103.692 59
103.692 60
103.71 57
103.71 58
103.724 59
103.724 60
103.739 57
103.739 58
103.753 59
103.753 60
103.77 57
103.77 58
103.784 59
103.784 60
103.798 57
103.798 58
103.812 59
103.812 60
103.831 57
103.831 58
103.846 59
103.846 60
103.86 57
103.86 58
103.874 59
103.874 60
103.888 57
103.888 58
103.902 59
103.902 60
103.92 57
103.92 58
103.957 55
103.957 56
103.972 57
103.972 58
103.986 55
103.986 56
103.998 57
103.998 58
104.017 56
104.017 57
104.028 58
104.043 55
104.043 56
104.055 57
104.055 58
104.079 53
104.079 54
104.09 55
104.09 56
104.102 57
104.102 58
104.114 55
104.114 56
104.126 57
104.126 58
104.147 55
104.147 56
104.159 57
104.159 58
104.176 55
104.176 56
104.187 57
104.187 58
104.209 55
104.209 56
104.228 57
104.228 58
104.248 55
104.248 56
104.267 57
104.267 58
104.286 55
104.286 56
104.305 53
104.305 54
104.325 55
104.325 56
104.344 53
104.344 54
104.363 55
104.363 56
104.382 51
104.382 52
104.402 50
104.421 51
104.421 52
104.44 53
104.44 54
104.459 51
104.459 52
104.474 50
104.488 51
104.488 52
104.503 53
104.503 54
104.517 51
104.517 52
104.531 50
104.531 51
104.546 52
104.546 53
104.56 54
104.56 55
104.575 50
104.575 51
104.589 52
104.589 53
104.604 50
104.604 51
104.618 52
104.618 53
104.633 50
104.633 51
104.647 50
104.647 51
104.661 52
104.661 53
104.675 50
104.675 51
104.69 52
104.69 53
104.705 54
104.705 55
104.719 52
104.719 53
104.734 54
104.734 55
104.748 56
104.748 57
104.762 54
104.762 55
104.777 56
104.777 57
104.791 54
104.791 55
104.806 56
104.806 57
104.82 58
104.827 55
104.827 56
104.842 57
104.842 58
104.867 56
104.867 57
104.881 58
104.894 56
104.894 57
104.908 58
104.929 55
104.929 56
104.943 57
104.943 58
104.962 55
104.962 56
104.976 57
104.976 58
104.991 55
104.991 56
105.005 57
105.005 58
105.02 54
105.02 55
105.034 56
105.034 57
105.049 53
105.049 54
105.063 55
105.063 56
105.077 53
105.077 54
105.092 55
105.092 56
105.105 51
105.105 52
105.121 53
105.121 54
105.135 55
105.135 56
105.15 53
105.15 54
105.164 55
105.164 56
105.179 52
105.179 53
105.193 54
105.193 55
105.207 53
105.207 54
105.222 55
105.222 56
105.236 53
105.236 54
105.251 55
105.251 56
105.265 53
105.265 54
105.28 55
105.28 56
105.294 53
105.294 54
105.308 55
105.308 56
105.323 54
105.323 55
105.337 56
105.337 57
105.352 55
105.352 56
105.366 57
105.366 58
105.381 56
105.381 57
105.395 58
105.395 59
105.41 56
105.41 57
105.424 58
105.424 59
105.438 60
105.443 57
105.443 58
105.46 59
105.46 60
105.474 57
105.474 58
105.489 59
105.489 60
105.505 57
105.505 58
105.52 59
105.52 60
105.536 57
105.536 58
105.55 59
105.55 60
105.565 57
105.565 58
105.579 59
105.579 60
105.593 57
105.593 58
105.608 59
105.608 60
105.629 57
105.629 58
105.643 59
105.643 60
105.66 57
105.66 58
105.674 59
105.674 60
105.693 57
105.693 58
105.707 59
105.707 60
105.724 57
105.724 58
105.738 59
105.738 60
105.753 57
105.753 58
105.764 59
105.764 60
105.783 57
105.783 58
105.795 59
105.795 60
105.816 57
105.816 58
105.828 59
105.828 60
105.847 57
105.847 58
105.859 59
105.859 60
105.876 57
105.876 58
105.888 59
105.888 60
105.905 57
105.905 58
105.916 59
105.928 60
105.942 57
105.942 58
105.954 59
105.954 60
105.973 57
105.973 58
105.992 59
105.992 60
106.012 57
106.012 58
106.031 59
106.031 60
106.05 57
106.05 58
106.069 59
106.069 60
106.089 57
106.089 58
106.108 55
106.108 56
106.127 57
106.127 58
106.146 55
106.146 56
106.166 57
106.166 58
106.185 55
106.185 56
106.204 53
106.204 54
106.219 55
106.219 56
106.233 54
106.233 55
106.248 56
106.248 57
106.262 55
106.262 56
106.276 53
106.276 54
106.291 55
106.291 56
106.304 53
106.304 54
106.32 55
106.32 56
106.334 53
106.334 54
106.349 55
106.349 56
106.363 57
106.363 58
106.377 55
106.377 56
106.392 57
106.392 58
106.406 55
106.406 56
106.421 57
106.421 58
106.435 54
106.435 55
106.45 56
106.45 57
106.464 54
106.464 55
106.479 56
106.479 57
106.493 58
106.493 59
106.507 56
106.507 57
106.522 58
106.522 59
106.536 56
106.536 57
106.551 58
106.551 59
106.565 60
106.576 57
106.576 58
106.59 59
106.59 60
106.609 57
106.609 58
106.624 59
106.624 60
106.644 57
106.644 58
106.659 59
106.659 60
106.678 57
106.678 58
106.692 59
106.692 60
106.713 57
106.713 58
106.727 59
106.727 60
106.742 57
106.742 58
106.756 59
106.756 60
106.771 57
106.771 58
106.785 59
106.785 60
106.801 57
106.801 58
106.816 59
106.816 60
106.83 57
106.83 58
106.845 59
106.845 60
106.859 57
106.859 58
106.873 59
106.873 60
106.888 57
106.888 58
106.902 59
106.902 60
106.917 56
106.917 57
106.931 58
106.931 59
106.946 56
106.946 57
106.96 58
106.96 59
106.974 55
106.974 56
106.989 57
106.989 58
107.003 54
107.003 55
107.018 56
107.018 57
107.032 54
107.032 55
107.047 56
107.047 57
107.061 58
107.061 59
107.076 56
107.076 57
107.09 58
107.09 59
107.104 56
107.104 57
107.119 58
107.119 59
107.133 57
107.133 58
107.148 59
107.148 60
107.162 58
107.162 59
107.177 60
107.181 56
107.181 57
107.198 58
107.198 59
107.213 57
107.213 58
107.227 59
107.227 60
107.242 57
107.242 58
107.256 59
107.256 60
107.27 57
107.27 58
107.285 59
107.285 60
107.302 57
107.302 58
107.317 59
107.317 60
107.331 57
107.331 58
107.346 59
107.346 60
107.36 57
107.36 58
107.375 59
107.375 60
107.393 57
107.393 58
107.407 59
107.407 60
107.422 57
107.422 58
107.436 59
107.436 60
107.453 57
107.453 58
107.467 59
107.467 60
107.481 57
107.481 58
107.493 59
107.493 60
107.512 57
107.512 58
107.524 59
107.524 60
107.548 57
107.548 58
107.559 59
107.559 60
107.576 57
107.576 58
107.588 59
107.588 60
107.609 57
107.609 58
107.621 59
107.621 60
107.638 57
107.638 58
107.65 59
107.65 60
107.669 58
107.669 59
107.681 60
107.695 57
107.695 58
107.715 59
107.715 60
107.734 57
107.734 58
107.753 55
107.753 56
107.772 57
107.772 58
107.792 55
107.792 56
107.811 57
107.811 58
107.83 55
107.83 56
107.849 53
107.849 54
107.869 55
107.869 56
107.888 53
107.888 54
107.907 55
107.907 56
107.926 53
107.926 54
107.941 51
107.941 52
107.955 53
107.955 54
107.97 55
107.97 56
107.984 53
107.984 54
107.999 55
107.999 56
108.013 53
108.013 54
108.028 55
108.028 56
108.042 53
108.042 54
108.056 55
108.056 56
108.071 53
108.071 54
108.085 55
108.085 56
108.1 54
108.1 55
108.114 56
108.114 57
108.129 54
108.129 55
108.143 56
108.143 57
108.157 55
108.157 56
108.172 57
108.172 58
108.186 56
108.186 57
108.201 58
108.201 59
108.215 56
108.215 57
108.23 58
108.23 59
108.244 56
108.244 57
108.259 58
108.259 59
108.273 56
108.273 57
108.287 58
108.287 59
108.302 60
108.309 57
108.309 58
108.324 59
108.324 60
108.342 57
108.342 58
108.357 59
108.357 60
108.38 57
108.38 58
108.394 59
108.394 60
108.42 56
108.42 57
108.434 58
108.434 59
108.449 57
108.449 58
108.463 59
108.463 60
108.477 57
108.477 58
108.492 59
108.492 60
108.506 57
108.506 58
108.521 59
108.521 60
108.537 57
108.537 58
108.551 59
108.551 60
108.568 57
108.568 58
108.582 59
108.582 60
108.601 57
108.601 58
108.615 59
108.615 60
108.629 57
108.629 58
108.644 59
108.644 60
108.66 56
108.66 57
108.675 58
108.675 59
108.689 57
108.689 58
108.704 59
108.704 60
108.718 57
108.718 58
108.733 59
108.733 60
108.747 57
108.747 58
108.773 54
108.773 55
108.788 56
108.788 57
108.803 58
108.806 55
108.806 56
108.825 57
108.825 58
108.84 55
108.84 56
108.856 57
108.856 58
108.87 55
108.87 56
108.886 57
108.886 58
108.903 54
108.903 55
108.918 56
108.918 57
108.933 53
108.933 54
108.948 55
108.948 56
108.963 57
108.963 58
108.978 55
108.978 56
108.993 53
108.993 54
109.008 55
109.008 56
109.022 53
109.022 54
109.038 55
109.038 56
109.053 53
109.053 54
109.068 55
109.068 56
109.083 57
109.083 58
109.098 55
109.098 56
109.113 57
109.113 58
109.128 55
109.128 56
109.143 57
109.143 58
109.158 55
109.158 56
109.173 57
109.173 58
109.188 55
109.188 56
109.203 57
109.203 58
109.218 55
109.218 56
109.23 57
109.23 58
109.248 55
109.248 56
109.26 57
109.26 58
109.276 56
109.276 57
109.288 58
109.303 55
109.303 56
109.315 57
109.327 58
109.332 56
109.332 57
109.345 58
109.363 55
109.363 56
109.375 57
109.375 58
109.398 55
109.398 56
109.41 57
109.41 58
109.427 55
109.427 56
109.447 57
109.447 58
109.897 4
109.93 1
109.937 2
109.945 3
109.952 4
110.124 5
110.139 6
110.139 7
110.154 8
110.154 9
110.169 6
110.169 7
110.184 8
110.184 9
110.199 10
110.199 11
110.214 12
110.214 13
110.229 14
110.244 15
110.244 16
110.259 17
110.259 18
110.274 19
110.274 20
110.289 21
110.289 22
110.304 23
110.304 24
110.319 25
110.334 26
110.334 27
110.349 28
110.349 29
110.364 26
110.364 27
110.379 28
110.379 29
110.394 26
110.394 27
110.409 28
110.409 29
110.424 26
110.424 27
110.439 28
110.439 29
110.454 26
110.454 27
110.469 28
110.469 29
110.484 30
110.484 31
110.499 28
110.499 29
110.514 30
110.514 31
110.529 28
110.529 29
110.544 30
110.544 31
110.559 32
110.559 33
110.574 30
110.574 31
110.586 32
110.586 33
110.598 34
110.598 35
110.61 32
110.61 33
110.622 34
110.622 35
110.634 36
110.634 37
110.646 38
110.658 36
110.658 37
110.67 38
110.682 39
110.682 40
110.694 37
110.694 38
110.706 39
110.706 40
110.718 41
110.718 42
110.73 39
110.73 40
110.742 41
110.742 42
110.754 43
110.754 44
110.766 41
110.766 42
110.778 43
110.778 44
110.79 45
110.79 46
110.802 43
110.802 44
110.822 45
110.822 46
110.843 43
110.843 44
110.863 45
110.863 46
110.883 43
110.883 44
110.903 45
110.903 46
110.923 43
110.923 44
110.943 41
110.943 42
110.963 43
110.963 44
110.983 41
110.983 42
111.003 43
111.003 44
111.023 41
111.023 42
111.043 39
111.043 40
111.058 41
111.058 42
111.073 39
111.073 40
111.088 41
111.088 42
111.103 39
111.103 40
111.118 41
111.118 42
111.133 38
111.133 39
111.148 40
111.148 41
111.163 39
111.163 40
111.178 41
111.178 42
111.193 39
111.193 40
111.208 41
111.208 42
111.223 39
111.223 40
111.238 41
111.238 42
111.253 43
111.253 44
111.268 41
111.268 42
111.283 43
111.283 44
111.298 45
111.298 46
111.313 43
111.313 44
111.328 45
111.328 46
111.342 43
111.342 44
111.358 45
111.358 46
111.373 47
111.373 48
111.387 45
111.387 46
111.403 47
111.403 48
111.418 49
111.418 50
111.433 49
111.433 50
111.448 51
111.463 49
111.463 50
111.478 51
111.493 49
111.493 50
111.508 51
111.523 49
111.523 50
111.538 51
111.553 49
111.553 50
111.569 51
111.584 52
111.584 53
111.599 50
111.599 51
111.614 52
111.614 53
111.629 50
111.629 51
111.644 52
111.644 53
111.659 50
111.659 51
111.674 52
111.674 53
111.689 50
111.689 51
111.704 52
111.704 53
111.719 50
111.719 51
111.734 52
111.734 53
111.75 54
111.75 55
111.765 52
111.765 53
111.78 54
111.78 55
111.795 52
111.795 53
111.81 54
111.81 55
111.825 52
111.825 53
111.84 54
111.84 55
111.855 56
111.855 57
111.87 54
111.87 55
111.885 56
111.885 57
111.9 54
111.9 55
111.915 56
111.915 57
111.931 54
111.931 55
111.946 56
111.946 57
111.961 58
111.968 55
111.968 56
111.983 57
111.983 58
112.005 55
112.005 56
112.02 57
112.02 58
112.043 55
112.043 56
112.058 57
112.058 58
112.076 55
112.076 56
112.091 57
112.091 58
112.111 54
112.111 55
112.126 56
112.126 57
112.141 55
112.141 56
112.156 57
112.156 58
112.171 55
112.171 56
112.186 57
112.186 58
112.202 55
112.202 56
112.217 57
112.217 58
112.232 55
112.232 56
112.247 57
112.247 58
112.262 55
112.262 56
112.277 57
112.277 58
112.292 54
112.292 55
112.307 56
112.307 57
112.322 55
112.322 56
112.337 57
112.337 58
112.352 55
112.352 56
112.364 57
112.364 58
112.376 55
112.376 56
112.389 57
112.389 58
112.405 55
112.405 56
112.417 57
112.417 58
112.431 56
112.431 57
112.443 58
112.462 55
112.462 56
112.474 57
112.474 58
112.5 55
112.5 56
112.512 57
112.512 58
112.537 55
112.537 56
112.549 57
112.549 58
112.57 55
112.57 56
112.59 57
112.59 58
112.611 55
112.611 56
112.631 57
112.631 58
112.651 55
112.651 56
112.671 53
112.671 54
112.691 53
112.691 54
112.711 55
112.711 56
112.731 53
112.731 54
112.751 55
112.751 56
112.771 53
112.771 54
112.791 51
112.791 52
112.807 53
112.807 54
112.822 51
112.822 52
112.837 53
112.837 54
112.852 51
112.852 52
112.867 53
112.867 54
112.882 50
112.882 51
112.897 50
112.924 48
112.924 49
112.939 50
112.954 49
112.954 50
112.983 48
112.983 49
112.998 50
113.041 48
113.041 49
113.056 50
113.074 48
113.074 49
113.089 50
113.116 48
113.116 49
113.131 50
113.151 48
113.151 49
113.166 50
113.191 48
113.191 49
113.206 50
113.228 48
113.228 49
113.243 50
113.268 48
113.268 49
113.283 50
113.306 47
113.306 48
113.321 49
113.321 50
113.336 46
113.336 47
113.351 48
113.351 49
113.366 47
113.366 48
113.382 49
113.382 50
113.397 48
113.397 49
113.413 50
113.429 47
113.429 48
113.444 49
113.444 50
113.46 51
113.476 49
113.476 50
113.491 47
113.491 48
113.507 49
113.507 50
113.523 51
113.539 49
113.539 50
113.554 51
113.57 50
113.586 49
113.586 50
113.601 51
113.617 49
113.617 50
113.633 51
113.648 52
113.648 53
113.664 50
113.664 51
113.68 52
113.68 53
113.696 54
113.701 51
113.701 52
113.719 53
113.719 54
113.738 51
113.738 52
113.754 53
113.754 54
113.771 51
113.771 52
113.787 53
113.787 54
113.807 51
113.807 52
113.822 53
113.822 54
113.838 50
113.854 51
113.854 52
113.87 53
113.87 54
113.885 50
113.885 51
113.901 52
113.901 53
113.917 51
113.917 52
113.932 53
113.932 54
113.948 51
113.948 52
113.964 53
113.964 54
113.979 51
113.979 52
113.995 53
113.995 54
114.011 50
114.027 51
114.027 52
114.042 50
114.058 51
114.058 52
114.074 50
114.089 51
114.089 52
114.105 50
114.121 51
114.121 52
114.136 49
114.136 50
114.149 51
114.162 52
114.162 53
114.174 54
114.174 55
114.187 52
114.187 53
114.199 54
114.199 55
114.213 52
114.213 53
114.226 54
114.226 55
114.246 53
114.246 54
114.259 55
114.273 52
114.273 53
114.285 54
114.285 55
114.299 53
114.299 54
114.312 55
114.33 52
114.33 53
114.343 54
114.343 55
114.365 52
114.365 53
114.386 54
114.386 55
114.407 52
114.407 53
114.428 54
114.428 55
114.449 52
114.449 53
114.47 54
114.47 55
114.491 52
114.491 53
114.512 50
114.512 51
114.533 52
114.533 53
114.554 50
114.554 51
114.575 49
114.575 50
114.59 51
114.606 49
114.606 50
114.622 51
114.637 49
114.637 50
114.653 51
114.669 49
114.669 50
114.685 51
114.7 49
114.7 50
114.716 51
114.732 49
114.732 50
114.747 51
114.763 50
114.779 51
114.779 52
114.795 50
114.81 51
114.81 52
114.826 50
114.826 51
114.842 52
114.842 53
114.857 50
114.857 51
114.873 52
114.873 53
114.889 50
114.889 51
114.904 52
114.904 53
114.92 54
114.92 55
114.936 52
114.936 53
114.952 54
114.952 55
114.973 52
114.973 53
114.988 54
114.988 55
115.01 52
115.01 53
115.026 54
115.026 55
115.045 52
115.045 53
115.06 54
115.06 55
115.09 52
115.09 53
115.105 54
115.105 55
115.121 52
115.121 53
115.137 54
115.137 55
115.152 52
115.152 53
115.168 54
115.168 55
115.184 52
115.184 53
115.2 54
115.2 55
115.215 52
115.215 53
115.231 54
115.231 55
115.247 52
115.247 53
115.263 54
115.263 55
115.277 52
115.277 53
115.294 54
115.294 55
115.313 52
115.313 53
115.328 54
115.328 55
115.344 51
115.344 52
115.36 53
115.36 54
115.375 52
115.375 53
115.391 54
115.391 55
115.407 52
115.407 53
115.423 54
115.423 55
115.438 52
115.438 53
115.454 54
115.454 55
115.47 52
115.47 53
115.485 54
115.485 55
115.507 52
115.507 53
115.523 54
115.523 55
115.542 52
115.542 53
115.558 54
115.558 55
115.591 52
115.591 53
115.607 54
115.607 55
115.624 52
115.624 53
115.64 54
115.64 55
115.655 52
115.655 53
115.671 54
115.671 55
115.687 52
115.687 53
115.702 54
115.702 55
115.718 52
115.718 53
115.734 54
115.734 55
115.75 52
115.75 53
115.765 54
115.765 55
115.781 52
115.781 53
115.797 54
115.797 55
115.812 50
115.812 51
115.828 52
115.828 53
115.844 54
115.844 55
115.859 52
115.859 53
115.875 54
115.875 55
115.891 52
115.891 53
115.903 54
115.903 55
115.916 52
115.916 53
115.929 54
115.929 55
115.941 52
115.941 53
115.954 54
115.954 55
115.966 54
115.966 55
115.993 52
115.993 53
116.005 52
116.005 53
116.018 54
116.018 55
116.043 54
116.043 55
116.07 52
116.07 53
116.083 54
116.083 55
116.103 52
116.103 53
116.124 54
116.124 55
116.145 52
116.145 53
116.165 50
116.165 51
116.187 52
116.187 53
116.208 50
116.208 51
116.229 52
116.229 53
116.25 50
116.25 51
116.271 52
116.271 53
116.292 50
116.292 51
116.312 49
116.312 50
116.333 47
116.333 48
116.349 49
116.349 50
116.365 51
116.38 49
116.38 50
116.396 51
116.412 49
116.412 50
116.428 51
116.443 49
116.443 50
116.459 47
116.459 48
116.475 49
116.475 50
116.49 51
116.506 49
116.506 50
116.522 51
116.537 50
116.553 49
116.553 50
116.569 51
116.585 52
116.585 53
116.6 50
116.6 51
116.616 52
116.616 53
116.632 50
116.632 51
116.647 52
116.647 53
116.663 50
116.663 51
116.679 52
116.679 53
116.694 54
116.694 55
116.71 52
116.71 53
116.726 54
116.742 55
116.746 53
116.746 54
116.765 55
116.785 52
116.785 53
116.801 54
116.801 55
116.821 52
116.821 53
116.836 54
116.836 55
116.856 52
116.856 53
116.872 54
116.872 55
116.887 52
116.887 53
116.903 54
116.903 55
116.918 52
116.918 53
116.935 54
116.935 55
116.95 52
116.95 53
116.966 54
116.966 55
116.982 52
116.982 53
116.998 54
116.998 55
117.013 52
117.013 53
117.029 54
117.029 55
117.044 52
117.044 53
117.06 54
117.06 55
117.076 52
117.076 53
117.092 54
117.092 55
117.11 52
117.11 53
117.126 54
117.126 55
117.145 52
117.145 53
117.161 54
117.161 55
117.177 52
117.177 53
117.192 54
117.192 55
117.212 52
117.212 53
117.227 54
117.227 55
117.242 52
117.242 53
117.259 54
117.259 55
117.284 52
117.284 53
117.3 54
117.3 55
117.324 52
117.324 53
117.34 54
117.34 55
117.366 51
117.366 52
117.382 53
117.382 54
117.397 52
117.397 53
117.413 54
117.413 55
117.429 52
117.429 53
117.445 54
117.445 55
117.46 52
117.46 53
117.476 54
117.476 55
117.492 52
117.492 53
117.507 54
117.507 55
117.523 52
117.523 53
117.539 54
117.539 55
117.554 52
117.554 53
117.57 54
117.57 55
117.586 52
117.586 53
117.602 54
117.602 55
117.617 52
117.617 53
117.633 54
117.633 55
117.649 52
117.649 53
117.664 54
117.664 55
117.68 52
117.68 53
117.693 54
117.693 55
117.705 52
117.705 53
117.718 54
117.718 55
117.731 52
117.731 53
117.743 54
117.743 55
117.766 52
117.766 53
117.778 54
117.778 55
117.808 52
117.808 53
117.82 54
117.82 55
117.852 51
117.852 52
117.864 53
117.864 54
117.877 55
117.878 53
117.878 54
117.905 55
117.911 52
117.911 53
117.936 54
117.936 55
117.957 52
117.957 53
117.978 54
117.978 55
117.999 52
117.999 53
118.021 50
118.021 51
118.042 52
118.042 53
118.063 50
118.063 51
118.084 49
118.084 50
118.1 51
118.115 49
118.115 50
118.131 51
118.147 52
118.147 53
118.163 50
118.163 51
118.179 52
118.179 53
118.195 50
118.21 51
118.21 52
118.226 50
118.242 49
118.242 50
118.258 51
118.274 49
118.274 50
118.289 51
118.305 52
118.305 53
118.321 50
118.321 51
118.337 52
118.337 53
118.353 54
118.353 55
118.369 52
118.369 53
118.384 51
118.384 52
118.4 53
118.416 54
118.416 55
118.432 52
118.432 53
118.448 54
118.448 55
118.463 53
118.463 54
118.479 52
118.479 53
118.525 50
118.525 51
118.541 52
118.541 53
118.563 50
118.563 51
118.579 52
118.579 53
118.6 50
118.6 51
118.616 52
118.616 53
118.633 50
118.633 51
118.649 52
118.649 53
118.664 50
118.664 51
118.681 52
118.681 53
118.697 50
118.697 51
118.713 52
118.713 53
118.728 50
118.728 51
118.744 52
118.744 53
118.76 50
118.76 51
118.776 52
118.776 53
118.792 50
118.792 51
118.807 52
118.807 53
118.823 50
118.823 51
118.839 52
118.839 53
118.854 50
118.854 51
118.871 52
118.871 53
118.89 50
118.89 51
118.905 52
118.905 53
118.921 50
118.921 51
118.937 52
118.937 53
118.954 50
118.954 51
118.969 52
118.969 53
118.987 52
118.987 53
119.003 54
119.003 55
119.031 52
119.031 53
119.047 54
119.047 55
119.073 52
119.073 53
119.089 54
119.089 55
119.106 52
119.106 53
119.122 54
119.122 55
119.139 52
119.139 53
119.155 54
119.155 55
119.172 52
119.172 53
119.188 54
119.188 55
119.203 52
119.203 53
119.22 54
119.22 55
119.238 52
119.238 53
119.254 54
119.254 55
119.269 52
119.269 53
119.286 54
119.286 55
119.302 52
119.302 53
119.318 54
119.318 55
119.334 52
119.334 53
119.35 54
119.35 55
119.366 52
119.366 53
119.382 54
119.382 55
119.397 52
119.397 53
119.413 51
119.413 52
119.429 53
119.429 54
119.445 52
119.445 53
119.457 54
119.457 55
119.47 52
119.495 50
119.508 51
119.508 52
119.539 50
119.539 51
119.552 52
119.565 50
119.578 51
119.578 52
119.592 50
119.592 51
119.605 52
119.629 50
119.642 51
119.642 52
119.669 50
119.691 51
119.691 52
119.713 50
119.735 51
119.735 52
119.757 50
119.779 48
119.779 49
119.801 46
119.801 47
119.823 48
119.823 49
119.844 44
119.844 45
119.866 46
119.866 47
119.888 44
119.888 45
119.91 42
119.91 43
119.927 44
119.927 45
119.943 42
119.943 43
119.96 44
119.96 45
119.976 44
119.976 45
119.993 43
119.993 44
120.009 45
120.009 46
120.025 47
120.025 48
120.042 46
120.042 47
120.058 48
120.058 49
120.075 46
120.075 47
120.091 48
120.091 49
120.108 47
120.108 48
120.123 46
120.123 47
120.141 48
120.141 49
120.157 48
120.157 49
120.173 50
120.63 4
120.665 1
120.673 2
120.681 3
120.689 4
120.961 1
120.961 2
120.977 3
120.977 4
120.994 5
121.01 6
121.01 7
121.026 8
121.026 9
121.043 10
121.043 11
121.059 12
121.059 13
121.076 14
121.092 15
121.092 16
121.109 17
121.109 18
121.125 19
121.125 20
121.142 21
121.142 22
121.158 23
121.158 24
121.175 25
121.191 23
121.191 24
121.207 25
121.224 23
121.224 24
121.24 25
121.257 26
121.257 27
121.273 25
121.29 23
121.29 24
121.306 25
121.323 26
121.323 27
121.339 25
121.355 26
121.355 27
121.372 25
121.388 26
121.388 27
121.405 28
121.405 29
121.421 28
121.421 29
121.438 26
121.438 27
121.454 28
121.454 29
121.471 30
121.471 31
121.487 28
121.487 29
121.503 30
121.503 31
121.52 32
121.52 33
121.536 30
121.536 31
121.553 32
121.553 33
121.569 34
121.569 35
121.586 32
121.586 33
121.602 34
121.602 35
121.619 32
121.619 33
121.635 34
121.635 35
121.652 36
121.652 37
121.668 34
121.668 35
121.684 36
121.684 37
121.701 34
121.701 35
121.717 36
121.717 37
121.734 38
121.75 36
121.75 37
121.767 38
121.783 36
121.783 37
121.8 38
121.816 39
121.816 40
121.832 37
121.832 38
121.849 39
121.849 40
121.865 37
121.865 38
121.882 39
121.882 40
121.898 39
121.898 40
121.911 41
121.911 42
121.924 39
121.924 40
121.938 41
121.938 42
121.951 43
121.951 44
121.963 41
121.963 42
121.977 43
121.977 44
121.99 45
121.99 46
122.004 43
122.004 44
122.017 45
122.017 46
122.03 47
122.03 48
122.043 45
122.043 46
122.056 47
122.056 48
122.069 49
122.069 50
122.082 47
122.082 48
122.096 49
122.096 50
122.109 51
122.122 49
122.122 50
122.144 51
122.166 49
122.166 50
122.188 47
122.188 48
122.21 49
122.21 50
122.232 47
122.232 48
122.254 49
122.254 50
122.275 47
122.275 48
122.297 49
122.297 50
122.319 47
122.319 48
122.341 45
122.341 46
122.358 47
122.358 48
122.374 45
122.374 46
122.391 47
122.391 48
122.407 45
122.407 46
122.423 47
122.423 48
122.44 45
122.44 46
122.456 47
122.456 48
122.473 45
122.473 46
122.489 47
122.506 48
122.506 49
122.522 47
122.522 48
122.539 45
122.539 46
122.555 47
122.555 48
122.571 45
122.571 46
122.588 47
122.588 48
122.604 49
122.604 50
122.621 48
122.621 49
122.637 47
122.637 48
122.654 49
122.654 50
122.67 51
122.687 50
122.687 51
122.703 52
122.705 51
122.705 52
122.732 50
122.749 51
122.749 52
122.769 50
122.786 51
122.786 52
122.809 50
122.826 51
122.826 52
122.843 50
122.859 51
122.859 52
122.875 50
122.893 51
122.893 52
122.91 50
122.927 51
122.927 52
122.943 50
122.96 51
122.96 52
122.977 50
122.994 51
122.994 52
123.011 50
123.027 51
123.027 52
123.044 50
123.061 51
123.061 52
123.078 50
123.094 51
123.094 52
123.111 50
123.128 51
123.128 52
123.147 50
123.164 51
123.164 52
123.182 49
123.182 50
123.199 51
123.216 52
123.229 50
123.245 51
123.245 52
123.273 50
123.289 51
123.289 52
123.31 50
123.327 51
123.327 52
123.346 50
123.362 51
123.362 52
123.385 50
123.402 51
123.402 52
123.419 50
123.436 51
123.436 52
123.452 50
123.469 51
123.469 52
123.487 50
123.504 51
123.504 52
123.52 50
123.537 51
123.537 52
123.554 50
123.571 51
123.571 52
123.588 50
123.604 51
123.604 52
123.621 50
123.638 51
123.638 52
123.655 50
123.655 51
123.672 50
123.71 48
123.71 49
123.723 50
123.736 49
123.736 50
123.783 48
123.783 49
123.796 50
123.818 48
123.818 49
123.831 50
123.853 48
123.853 49
123.867 50
123.893 48
123.893 49
123.907 50
123.926 48
123.926 49
123.949 50
123.971 48
123.971 49
123.993 50
124.016 48
124.016 49
124.038 46
124.038 47
124.061 44
124.061 45
124.083 46
124.083 47
124.105 44
124.105 45
124.128 42
124.128 43
124.149 40
124.149 41
124.168 42
124.168 43
124.185 44
124.185 45
124.202 46
124.202 47
124.22 44
124.22 45
124.237 43
124.237 44
124.254 45
124.254 46
124.272 47
124.272 48
124.289 45
124.289 46
124.307 45
124.307 46
124.324 47
124.324 48
124.341 45
124.341 46
124.359 47
124.359 48
124.376 47
124.376 48
124.394 45
124.394 46
124.411 47
124.411 48
124.428 46
124.428 47
124.446 45
124.446 46
124.463 47
124.463 48
124.481 49
124.481 50
124.498 47
124.498 48
124.515 49
124.515 50
124.533 47
124.533 48
124.55 49
124.55 50
124.567 47
124.567 48
124.585 49
124.585 50
124.602 47
124.602 48
124.62 49
124.62 50
124.637 47
124.637 48
124.654 49
124.654 50
124.672 47
124.672 48
124.689 45
124.689 46
124.707 47
124.707 48
124.724 49
124.724 50
124.741 47
124.741 48
124.759 49
124.759 50
124.776 47
124.776 48
124.794 49
124.794 50
124.811 47
124.811 48
124.828 49
124.828 50
124.846 47
124.846 48
124.863 49
124.863 50
124.88 47
124.88 48
124.898 49
124.898 50
124.915 47
124.915 48
124.933 49
124.933 50
124.95 47
124.95 48
124.967 49
124.967 50
124.984 47
124.984 48
125.002 49
125.002 50
125.021 48
125.021 49
125.046 50
125.063 48
125.063 49
125.08 50
125.098 48
125.098 49
125.115 50
125.136 48
125.136 49
125.154 50
125.171 48
125.171 49
125.188 50
125.207 48
125.207 49
125.224 50
125.242 48
125.242 49
125.26 50
125.28 48
125.28 49
125.297 50
125.317 48
125.317 49
125.335 50
125.353 48
125.353 49
125.37 50
125.39 48
125.39 49
125.408 50
125.425 48
125.425 49
125.443 50
125.465 48
125.465 49
125.483 50
125.501 47
125.501 48
125.514 49
125.514 50
125.54 48
125.54 49
125.554 50
125.58 48
125.58 49
125.594 50
125.62 48
125.62 49
125.634 50
125.657 48
125.657 49
125.671 50
125.693 48
125.693 49
125.707 50
125.732 48
125.732 49
125.756 50
125.779 48
125.779 49
125.802 48
125.802 49
125.825 46
125.825 47
125.849 44
125.849 45
125.873 46
125.873 47
125.896 44
125.896 45
125.919 42
125.919 43
125.942 44
125.942 45
125.965 42
125.965 43
125.983 44
125.983 45
126 42
126 43
126.017 44
126.017 45
126.035 43
126.035 44
126.052 42
126.052 43
126.07 44
126.07 45
126.087 43
126.087 44
126.104 45
126.104 46
126.122 43
126.122 44
126.139 45
126.139 46
126.157 43
126.157 44
126.174 45
126.174 46
126.191 43
126.191 44
126.209 45
126.209 46
126.226 47
126.227 44
126.227 45
126.252 46
126.252 47
126.269 44
126.269 45
126.287 46
126.304 47
126.304 48
126.322 46
126.322 47
126.339 48
126.339 49
126.357 46
126.357 47
126.374 48
126.374 49
126.391 50
126.409 48
126.409 49
126.426 50
126.444 48
126.444 49
126.461 50
126.478 48
126.478 49
126.496 50
126.513 48
126.513 49
126.53 50
126.548 48
126.548 49
126.565 50
126.583 48
126.583 49
126.6 50
126.617 48
126.617 49
126.635 50
126.652 48
126.652 49
126.67 50
126.687 48
126.687 49
126.704 48
126.704 49
126.722 50
126.739 49
126.739 50
126.759 48
126.759 49
126.783 50
126.8 48
126.8 49
126.817 50
126.839 48
126.839 49
126.856 50
126.881 48
126.881 49
126.898 50
126.92 48
126.92 49
126.938 50
126.956 48
126.956 49
126.973 50
126.991 48
126.991 49
127.008 50
127.026 48
127.026 49
127.043 50
127.062 48
127.062 49
127.079 50
127.099 48
127.099 49
127.117 50
127.134 48
127.134 49
127.151 50
127.169 48
127.169 49
127.186 50
127.203 48
127.203 49
127.221 50
127.238 47
127.238 48
127.256 49
127.256 50
127.278 48
127.278 49
127.299 50
127.318 48
127.318 49
127.335 50
127.377 48
127.377 49
127.391 50
127.417 48
127.417 49
127.431 50
127.452 48
127.452 49
127.466 50
127.488 48
127.488 49
127.502 50
127.523 48
127.523 49
127.537 50
127.558 48
127.558 49
127.572 50
127.598 48
127.598 49
127.621 50
127.645 48
127.645 49
127.668 50
127.691 48
127.691 49
127.714 46
127.714 47
127.737 44
127.737 45
127.76 46
127.76 47
127.784 44
127.784 45
127.807 44
127.807 45
127.83 43
127.83 44
127.847 45
127.847 46
127.865 43
127.865 44
127.882 45
127.882 46
127.9 43
127.9 44
127.917 45
127.917 46
127.934 43
127.934 44
127.952 45
127.952 46
127.969 43
127.969 44
127.986 45
127.986 46
128.004 43
128.004 44
128.021 45
128.021 46
128.039 43
128.039 44
128.056 45
128.056 46
128.073 43
128.073 44
128.091 45
128.091 46
128.108 44
128.108 45
128.126 46
128.126 47
128.143 45
128.143 46
128.16 43
128.16 44
128.178 45
128.178 46
128.195 47
128.195 48
128.213 45
128.213 46
128.23 47
128.23 48
128.247 46
128.247 47
128.265 48
128.265 49
128.282 47
128.282 48
128.299 49
128.299 50
128.317 47
128.317 48
128.334 49
128.334 50
128.351 47
128.351 48
128.369 49
128.369 50
128.391 48
128.391 49
128.412 50
128.43 48
128.43 49
128.447 50
128.464 48
128.464 49
128.482 50
128.499 48
128.499 49
128.517 50
128.534 48
128.534 49
128.552 50
128.574 48
128.574 49
128.591 50
128.609 48
128.609 49
128.627 50
128.647 48
128.647 49
128.664 50
128.687 48
128.687 49
128.724 46
128.724 47
128.742 48
128.742 49
128.76 46
128.76 47
128.778 48
128.778 49
128.797 46
128.797 47
128.815 48
128.815 49
128.832 46
128.832 47
128.851 48
128.851 49
128.868 46
128.868 47
128.887 48
128.887 49
128.905 47
128.905 48
128.922 49
128.93 46
128.93 47
128.949 48
128.949 49
128.967 46
128.967 47
128.985 48
128.985 49
129.002 46
129.002 47
129.021 48
129.021 49
129.039 46
129.039 47
129.057 48
129.057 49
129.08 46
129.08 47
129.098 48
129.098 49
129.116 46
129.116 47
129.133 48
129.133 49
129.153 46
129.153 47
129.167 48
129.167 49
129.195 48
129.195 49
129.225 46
129.225 47
129.24 48
129.24 49
129.261 46
129.261 47
129.275 48
129.275 49
129.301 46
129.301 47
129.315 48
129.315 49
129.338 46
129.338 47
129.352 48
129.352 49
129.371 46
129.371 47
129.395 48
129.395 49
129.419 47
129.419 48
129.443 45
129.443 46
129.467 47
129.467 48
129.491 45
129.491 46
129.514 44
129.514 45
129.538 43
129.538 44
129.562 45
129.562 46
129.586 44
129.586 45
129.61 43
129.61 44
129.628 41
129.628 42
129.646 43
129.646 44
129.664 41
129.664 42
129.682 43
129.682 44
129.699 43
129.699 44
129.717 45
129.717 46
129.735 43
129.735 44
129.753 45
129.753 46
129.771 43
129.771 44
129.789 45
129.789 46
129.807 43
129.807 44
129.825 45
129.825 46
129.843 43
129.843 44
129.861 45
129.861 46
129.878 43
129.878 44
129.896 45
129.896 46
129.914 43
129.914 44
129.932 45
129.932 46
129.95 47
129.95 48
129.968 46
129.968 47
129.986 45
129.986 46
130.004 45
130.004 46
130.022 47
130.022 48
130.04 49
130.049 48
130.049 49
130.076 46
130.076 47
130.093 48
130.093 49
130.111 46
130.111 47
130.129 48
130.129 49
130.146 46
130.146 47
130.165 48
130.165 49
130.183 46
130.183 47
130.201 48
130.201 49
130.219 46
130.219 47
130.237 48
130.237 49
130.254 46
130.254 47
130.273 48
130.273 49
130.29 46
130.29 47
130.309 48
130.309 49
130.326 46
130.326 47
130.344 48
130.344 49
130.362 46
130.362 47
130.38 48
130.38 49
130.398 46
130.398 47
130.416 48
130.416 49
130.434 47
130.434 48
130.452 49
130.453 46
130.453 47
130.479 48
130.479 49
130.497 47
130.497 48
130.514 49
130.515 47
130.515 48
130.541 49
130.555 46
130.555 47
130.573 48
130.573 49
130.59 46
130.59 47
130.608 48
130.608 49
130.626 46
130.626 47
130.644 48
130.644 49
130.667 46
130.667 47
130.685 48
130.685 49
130.705 46
130.705 47
130.723 48
130.723 49
130.742 46
130.742 47
130.76 48
130.76 49
130.78 46
130.78 47
130.798 48
130.798 49
130.815 46
130.815 47
130.834 48
130.834 49
130.855 46
130.855 47
130.873 48
130.873 49
130.89 46
130.89 47
130.909 48
130.909 49
130.928 45
130.928 46
130.945 47
130.964 48
130.964 49
130.982 47
130.982 48
130.996 49
131.01 46
131.01 47
131.024 48
131.024 49
131.049 46
131.049 47
131.064 48
131.064 49
131.082 46
131.082 47
131.097 48
131.097 49
131.12 46
131.12 47
131.134 48
131.134 49
131.164 46
131.164 47
131.178 48
131.178 49
131.615 1
131.623 2
131.632 3
131.65 4
131.844 2
131.844 3
131.862 4
131.862 5
131.88 4
131.88 5
131.898 6
131.898 7
131.916 8
131.916 9
131.934 10
131.934 11
131.952 12
131.952 13
131.97 14
131.987 15
131.987 16
132.005 17
132.005 18
132.023 19
132.023 20
132.041 21
132.041 22
132.059 23
132.059 24
132.077 25
132.131 26
132.131 27
132.149 26
132.149 27
132.166 26
132.166 27
132.184 28
132.184 29
132.202 28
132.202 29
132.22 26
132.22 27
132.238 28
132.238 29
132.256 30
132.256 31
132.274 29
132.274 30
132.292 31
132.31 32
132.31 33
132.328 32
132.328 33
132.345 32
132.345 33
132.363 34
132.363 35
132.381 34
132.381 35
132.399 36
132.399 37
132.417 36
132.417 37
132.435 34
132.444 35
132.453 36
132.462 37
132.499 38
132.508 36
132.517 37
132.535 38
132.544 39
132.553 38
132.563 39
132.572 40
132.581 37
132.59 38
132.599 39
132.608 40
132.617 41
132.626 38
132.635 39
132.645 40
132.654 41
132.663 42
132.672 39
132.681 40
132.69 41
132.699 42
132.708 39
132.718 40
132.727 41
132.736 42
132.745 43
132.754 40
132.763 41
132.772 42
132.781 41
132.79 42
132.8 43
132.808 40
132.818 41
132.827 42
132.836 43
132.845 40
132.854 41
132.863 42
132.872 40
132.882 41
132.891 42
132.9 43
132.909 42
132.918 43
132.927 41
132.936 42
132.945 43
132.954 44
132.964 42
132.973 43
132.982 44
132.991 42
133 43
133.009 44
133.017 42
133.027 43
133.036 44
133.046 45
133.055 43
133.064 44
133.073 45
133.082 43
133.091 44
133.1 45
133.109 43
133.118 44
133.128 45
133.137 44
133.146 45
133.155 46
133.163 44
133.173 45
133.182 46
133.191 47
133.201 45
133.21 46
133.219 47
133.228 45
133.237 46
133.246 47
133.255 45
133.262 46
133.27 47
133.277 48
133.284 49
133.292 47
133.299 48
133.306 49
133.314 50
133.321 48
133.328 49
133.349 47
133.356 48
133.364 49
133.375 47
133.383 48
133.39 49
133.404 47
133.411 48
133.419 49
133.437 47
133.444 48
133.452 49
133.472 46
133.485 47
133.497 48
133.51 46
133.522 47
133.534 48
133.547 46
133.559 47
133.572 44
133.584 45
133.596 46
133.609 44
133.621 45
133.634 44
133.646 45
133.658 43
133.671 44
133.683 45
133.696 43
133.705 44
133.714 45
133.724 42
133.733 43
133.742 44
133.751 42
133.761 43
133.77 44
133.779 41
133.789 42
133.798 43
133.807 44
133.817 41
133.826 42
133.835 43
133.845 42
133.854 43
133.863 44
133.872 41
133.882 42
133.891 43
133.9 41
133.91 42
133.919 43
133.928 42
133.938 43
133.947 44
133.956 43
133.965 44
133.975 45
133.984 43
133.993 44
134.003 45
134.012 46
134.021 44
134.031 45
134.04 46
134.049 45
134.059 46
134.068 47
134.077 45
134.086 46
134.096 47
134.105 48
134.114 46
134.124 47
134.133 48
134.141 46
134.152 47
134.161 48
134.17 49
134.183 47
134.193 48
134.202 49
134.212 47
134.221 48
134.231 49
134.24 47
134.249 48
134.258 49
134.268 47
134.277 48
134.286 49
134.296 47
134.305 48
134.314 49
134.325 46
134.343 47
134.352 48
134.362 49
134.371 46
134.38 47
134.39 48
134.399 49
134.408 47
134.418 48
134.427 49
134.436 47
134.446 48
134.455 49
134.464 47
134.473 48
134.483 49
134.492 47
134.502 48
134.511 49
134.52 47
134.53 48
134.539 49
134.548 47
134.558 48
134.567 49
134.576 46
134.585 47
134.595 48
134.604 49
134.613 46
134.623 47
134.632 48
134.641 49
134.651 47
134.66 48
134.669 49
134.679 47
134.688 48
134.697 49
134.706 47
134.716 48
134.724 46
134.734 47
134.744 48
134.753 49
134.762 47
134.772 48
134.781 49
134.79 47
134.799 48
134.809 49
134.818 47
134.827 48
134.837 49
134.846 47
134.855 48
134.865 49
134.874 47
134.884 48
134.893 49
134.902 47
134.912 48
134.921 49
134.934 47
134.943 48
134.953 49
134.963 47
134.972 48
134.981 49
134.994 47
135.003 48
135.012 49
135.022 47
135.032 48
135.041 49
135.051 47
135.06 48
135.07 49
135.079 47
135.086 48
135.094 49
135.111 47
135.118 48
135.126 49
135.139 47
135.147 48
135.154 49
135.17 46
135.178 47
135.185 48
135.193 49
135.203 47
135.211 48
135.218 49
135.23 47
135.237 48
135.245 49
135.263 47
135.27 48
135.278 49
135.289 46
135.296 47
135.304 48
135.311 49
135.323 47
135.335 48
135.347 49
135.36 47
135.372 48
135.385 46
135.397 47
135.409 48
135.422 46
135.434 47
135.446 45
135.459 46
135.471 47
135.484 45
135.496 46
135.509 44
135.521 45
135.534 43
135.546 44
135.558 45
135.571 43
135.58 44
135.589 45
135.599 43
135.608 44
135.617 42
135.627 43
135.636 44
135.645 42
135.655 43
135.664 44
135.673 45
135.682 42
135.692 43
135.701 44
135.71 42
135.72 43
135.729 44
135.738 42
135.748 43
135.757 44
135.766 45
135.775 42
135.785 43
135.794 44
135.803 42
135.813 43
135.822 44
135.831 43
135.841 44
135.85 45
135.859 43
135.869 44
135.878 45
135.887 46
135.896 45
135.906 46
135.914 44
135.924 45
135.934 46
135.943 47
135.952 46
135.962 47
135.971 48
135.98 46
135.99 47
135.999 48
136.008 46
136.017 47
136.027 48
136.036 49
136.045 47
136.055 48
136.064 49
136.073 46
136.083 47
136.092 48
136.101 49
136.111 47
136.12 48
136.129 49
136.138 47
136.148 48
136.157 49
136.166 46
136.176 47
136.185 48
136.194 49
136.204 47
136.213 48
136.221 46
136.231 47
136.241 48
136.249 45
136.259 46
136.269 47
136.283 44
136.292 45
136.302 46
136.311 47
136.321 44
136.33 45
136.339 46
136.349 47
136.358 45
136.367 46
136.377 44
136.386 45
136.396 46
136.405 43
136.414 44
136.424 45
136.433 46
136.442 44
136.452 45
136.461 42
136.471 43
136.48 44
136.489 45
136.499 43
136.508 44
136.517 45
136.526 42
136.536 43
136.545 44
136.555 45
136.564 43
136.573 44
136.582 45
136.592 43
136.601 44
136.61 45
136.62 43
136.629 44
136.638 45
136.648 43
136.657 44
136.666 45
136.676 46
136.685 44
136.694 45
136.703 46
136.713 44
136.722 45
136.731 46
136.741 44
136.75 45
136.759 46
136.768 47
136.778 45
136.787 46
136.796 47
136.806 45
136.815 46
136.824 47
136.833 44
136.843 45
136.852 46
136.861 47
136.871 45
136.88 46
136.889 47
136.898 45
136.908 46
136.917 47
136.926 48
136.936 46
136.943 47
136.95 48
136.958 46
136.965 47
136.973 48
136.98 49
136.987 47
136.995 48
137.002 49
137.018 46
137.026 47
137.033 48
137.041 49
137.054 47
137.061 48
137.069 49
137.087 46
137.094 47
137.102 48
137.109 49
137.122 47
137.13 48
137.137 49
137.149 47
137.161 48
137.173 49
137.186 47
137.198 48
137.211 46
137.223 47
137.235 48
137.248 46
137.26 47
137.272 45
137.285 46
137.297 47
137.31 45
137.322 46
137.334 44
137.347 45
137.358 42
137.372 43
137.384 44
137.396 42
137.406 43
137.415 44
137.424 41
137.433 42
137.443 43
137.452 44
137.461 41
137.471 42
137.48 43
137.489 44
137.498 42
137.508 43
137.517 44
137.526 42
137.536 43
137.545 44
137.554 41
137.563 42
137.573 43
137.582 44
137.591 41
137.601 42
137.61 43
137.619 44
137.628 41
137.638 42
137.647 43
137.656 44
137.666 43
137.675 44
137.684 45
137.693 43
137.703 44
137.712 45
137.721 46
137.731 45
137.74 46
137.749 47
137.758 45
137.768 46
137.777 47
137.786 45
137.796 46
137.805 47
137.814 48
137.823 46
137.833 47
137.842 48
137.851 49
137.861 47
137.87 48
137.879 49
137.888 47
137.898 48
137.907 49
137.917 47
137.926 48
137.936 49
137.946 47
137.955 48
137.964 49
137.977 47
137.986 48
137.995 49
138.004 47
138.014 48
138.023 49
138.032 46
138.042 47
138.051 48
138.06 49
138.069 46
138.079 47
138.088 48
138.097 49
138.107 47
138.116 48
138.125 49
138.134 46
138.144 47
138.153 48
138.162 45
138.172 46
138.181 47
138.19 48
138.199 46
138.209 47
138.218 48
138.227 45
138.237 46
138.246 47
138.255 45
138.265 46
138.274 47
138.283 48
138.292 45
138.302 46
138.311 47
138.32 45
138.33 46
138.339 47
138.348 48
138.357 46
138.367 47
138.376 48
138.385 46
138.395 47
138.404 48
138.413 46
138.422 47
138.432 48
138.441 46
138.45 47
138.459 48
138.469 49
138.478 47
138.487 48
138.497 49
138.506 46
138.515 47
138.524 48
138.534 49
138.543 47
138.552 48
138.562 49
138.571 47
138.58 48
138.589 49
138.599 47
138.608 48
138.617 49
138.627 47
138.636 48
138.645 49
138.657 47
138.666 48
138.675 49
138.685 47
138.695 48
138.704 49
138.718 47
138.726 48
138.733 49
138.752 47
138.759 48
138.766 49
138.78 47
138.788 48
138.795 49
138.807 47
138.814 48
138.822 49
138.836 47
138.843 48
138.85 49
138.862 47
138.869 48
138.877 49
138.889 47
138.896 48
138.903 49
138.915 47
138.922 48
138.93 49
138.946 47
138.958 48
138.971 49
138.983 47
138.995 48
139.008 46
139.02 47
139.033 45
139.045 46
139.057 47
139.07 44
139.082 45
139.094 46
139.107 44
139.119 45
139.131 42
139.144 43
139.156 44
139.169 42
139.178 43
139.187 44
139.197 42
139.206 43
139.215 44
139.224 42
139.234 43
139.243 44
139.252 45
139.262 43
139.271 44
139.28 45
139.289 43
139.299 44
139.308 45
139.317 43
139.327 44
139.336 45
139.345 43
139.354 44
139.364 45
139.373 42
139.382 43
139.391 44
139.401 45
139.41 43
139.419 44
139.429 45
139.438 43
139.447 44
139.456 45
139.466 44
139.475 45
139.484 46
139.494 44
139.503 45
139.512 46
139.521 47
139.531 45
139.54 46
139.549 47
139.559 48
139.568 46
139.577 47
139.586 48
139.596 47
139.605 48
139.614 49
139.624 47
139.633 48
139.642 49
139.652 47
139.662 48
139.671 49
139.686 47
139.695 48
139.704 49
139.713 47
139.723 48
139.732 49
139.741 47
139.751 48
139.76 49
139.77 47
139.779 48
139.788 49
139.797 47
139.807 48
139.816 49
139.827 46
139.836 47
139.845 48
139.855 49
139.864 47
139.873 48
139.883 49
139.892 46
139.901 47
139.91 48
139.92 49
139.929 47
139.938 48
139.948 49
139.957 46
139.966 47
139.975 48
139.985 46
139.994 47
140.003 48
140.013 46
140.022 47
140.031 48
140.04 45
140.05 46
140.059 47
140.068 48
140.078 46
140.087 45
140.096 46
140.105 47
140.115 48
140.124 46
140.133 47
140.143 48
140.152 46
140.161 47
140.17 48
140.18 46
140.189 47
140.198 48
140.208 46
140.217 47
140.226 48
140.235 49
140.245 47
140.254 48
140.263 49
140.272 47
140.282 48
140.291 49
140.3 47
140.31 48
140.319 49
140.328 47
140.337 48
140.347 49
140.356 47
140.365 48
140.375 49
140.384 47
140.393 48
140.402 49
140.412 47
140.421 48
140.431 49
140.44 47
140.449 48
140.458 49
140.469 47
140.479 48
140.488 49
140.497 47
140.507 48
140.516 49
140.527 47
140.536 48
140.545 49
140.558 47
140.565 48
140.573 49
140.586 47
140.594 48
140.601 49
140.615 47
140.623 48
140.63 49
140.648 46
140.656 47
140.663 48
140.671 49
140.681 47
140.689 48
140.696 49
140.71 47
140.718 48
140.725 49
140.737 47
140.744 48
140.751 49
140.768 47
140.775 48
140.782 49
140.794 46
140.806 47
140.819 48
140.831 49
140.844 47
140.856 48
140.868 46
140.881 47
140.893 45
140.905 46
140.918 47
140.93 45
140.943 46
140.955 44
140.967 45
140.98 43
140.992 44
141.004 45
141.017 43
141.026 44
141.035 42
141.045 43
141.054 44
141.063 45
141.073 43
141.082 44
141.091 45
141.1 43
141.11 44
141.119 45
141.128 43
141.137 44
141.147 45
141.156 42
141.165 43
141.175 44
141.184 45
141.193 43
141.202 44
141.212 45
141.221 43
141.23 44
141.24 45
141.249 43
141.258 44
141.267 45
141.277 46
141.286 43
141.295 44
141.305 45
141.313 44
141.323 45
141.332 46
141.342 44
141.351 45
141.36 46
141.37 47
141.379 46
141.388 47
141.397 48
141.407 46
141.416 47
141.425 48
141.435 47
141.444 48
141.453 49
141.462 47
141.472 48
141.481 49
141.496 47
141.505 48
141.515 49
141.529 46
141.539 47
141.548 48
141.557 49
141.567 46
141.576 47
141.585 48
141.595 49
141.604 47
141.613 48
141.623 49
141.631 47
141.641 48
141.657 46
141.667 47
141.676 48
141.688 45
141.698 46
141.707 47
141.716 48
141.725 46
141.735 47
141.744 48
141.753 46
141.763 47
141.772 48
141.781 45
141.79 46
141.8 47
141.809 48
141.818 46
141.827 47
141.836 45
141.846 46
141.855 47
141.865 48
141.919 43
142.055 30
142.32 4
142.346 2
142.356 3
142.365 4
142.629 1
142.638 2
142.648 3
142.666 4
142.676 5
142.685 6
142.694 7
142.703 8
142.713 9
142.722 10
142.731 11
142.741 12
142.75 13
142.768 14
142.778 15
142.787 16
142.796 17
142.806 18
142.815 19
142.824 20
142.833 21
142.843 22
142.852 23
142.861 21
142.871 22
142.88 23
142.889 21
142.898 22
142.908 23
142.917 21
142.926 22
142.936 23
142.945 24
142.954 25
143.01 26
143.019 25
143.038 26
143.047 27
143.056 26
143.065 27
143.075 28
143.084 29
143.093 28
143.101 29
143.108 30
143.116 29
143.123 30
143.13 31
143.138 32
143.145 31
143.153 32
143.16 33
143.168 34
143.175 33
143.182 34
143.19 35
143.197 34
143.205 35
143.212 36
143.22 37
143.227 36
143.235 37
143.249 38
143.257 37
143.264 38
143.272 39
143.279 40
143.287 38
143.294 39
143.302 40
143.309 41
143.316 40
143.329 41
143.341 42
143.354 40
143.366 41
143.378 42
143.391 40
143.403 41
143.416 39
143.428 40
143.44 39
143.453 40
143.465 41
143.478 39
143.49 40
143.502 38
143.515 39
143.527 37
143.537 38
143.546 39
143.555 40
143.564 38
143.574 39
143.583 40
143.592 37
143.602 38
143.611 39
143.62 40
143.63 41
143.639 39
143.648 40
143.658 41
143.667 39
143.676 40
143.685 41
143.694 39
143.704 40
143.713 41
143.723 42
143.732 40
143.741 41
143.751 42
143.76 40
143.769 41
143.778 42
143.788 41
143.797 42
143.806 43
143.816 42
143.825 43
143.834 44
143.844 42
143.853 43
143.862 44
143.871 45
143.881 44
143.89 45
143.899 46
143.909 44
143.918 45
143.927 46
143.937 45
143.946 46
143.962 44
143.971 45
143.98 46
143.997 44
144.006 45
144.015 46
144.026 43
144.035 44
144.044 45
144.053 46
144.065 43
144.075 44
144.084 45
144.093 46
144.103 44
144.112 45
144.121 46
144.131 44
144.14 45
144.149 46
144.16 44
144.17 45
144.179 46
144.191 44
144.2 45
144.21 46
144.222 44
144.231 45
144.241 46
144.25 44
144.259 45
144.269 46
144.279 44
144.289 45
144.298 46
144.31 44
144.32 45
144.329 46
144.343 44
144.353 45
144.362 46
144.372 44
144.382 45
144.391 46
144.403 44
144.412 45
144.422 46
144.432 44
144.441 45
144.45 46
144.472 44
144.481 45
144.49 46
144.509 44
144.518 45
144.528 46
144.537 44
144.546 45
144.556 46
144.566 44
144.576 45
144.585 46
144.595 44
144.605 45
144.614 46
144.624 44
144.643 45
144.652 46
144.664 44
144.673 45
144.682 46
144.692 44
144.701 45
144.71 46
144.721 44
144.73 45
144.74 46
144.749 44
144.758 45
144.768 46
144.776 44
144.786 45
144.795 46
144.807 44
144.816 45
144.826 46
144.84 45
144.848 46
144.867 43
144.874 44
144.882 45
144.889 46
144.898 44
144.905 45
144.913 46
144.924 44
144.932 45
144.939 46
144.955 45
144.963 46
144.984 45
144.991 46
145.013 44
145.02 45
145.027 46
145.041 43
145.074 41
145.088 42
145.101 43
145.114 41
145.127 42
145.141 40
145.154 41
145.167 39
145.18 40
145.194 38
145.207 39
145.22 40
145.233 38
145.247 39
145.26 37
145.273 38
145.286 37
145.313 36
145.323 37
145.362 38
145.372 36
145.382 37
145.402 35
145.412 36
145.422 37
145.432 35
145.442 36
145.452 37
145.462 36
145.471 37
145.511 38
145.521 37
145.541 38
145.55 39
145.56 40
145.57 39
145.58 40
145.59 41
145.6 39
145.61 40
145.62 41
145.629 39
145.639 40
145.649 41
145.659 42
145.669 40
145.679 41
145.689 42
145.698 40
145.708 41
145.718 42
145.728 41
145.738 42
145.748 43
145.758 41
145.768 42
145.777 43
145.787 41
145.797 42
145.807 43
145.817 41
145.827 42
145.837 40
145.846 41
145.856 42
145.866 40
145.876 41
145.886 42
145.896 40
145.906 41
145.916 42
145.925 40
145.935 41
145.945 42
145.955 43
145.965 41
145.975 42
145.985 43
145.995 42
146.004 43
146.014 41
146.024 42
146.034 43
146.044 41
146.054 42
146.064 43
146.073 44
146.083 42
146.093 43
146.103 44
146.113 42
146.123 43
146.133 44
146.143 43
146.152 44
146.163 42
146.173 43
146.183 44
146.192 42
146.202 43
146.212 44
146.227 42
146.237 43
146.247 44
146.257 43
146.266 44
146.28 42
146.29 43
146.3 44
146.309 42
146.319 43
146.329 44
146.342 42
146.352 43
146.361 44
146.37 42
146.381 43
146.391 44
146.404 42
146.413 43
146.423 44
146.437 42
146.447 43
146.456 44
146.465 42
146.476 43
146.486 44
146.496 42
146.506 43
146.516 44
146.527 43
146.537 44
146.554 42
146.564 43
146.573 44
146.585 42
146.594 43
146.604 44
146.616 42
146.623 43
146.631 44
146.644 42
146.652 43
146.66 44
146.673 42
146.681 43
146.689 44
146.708 42
146.715 43
146.723 44
146.741 42
146.749 43
146.757 44
146.768 42
146.776 43
146.784 44
146.799 42
146.807 43
146.815 44
146.832 43
146.845 44
146.858 42
146.872 43
146.885 44
146.898 42
146.911 43
146.924 42
146.937 43
146.951 41
146.964 42
146.977 40
146.99 41
147.003 39
147.016 40
147.029 41
147.043 40
147.056 41
147.069 38
147.079 39
147.089 40
147.099 41
147.108 39
147.118 40
147.128 41
147.138 39
147.148 40
147.158 41
147.168 39
147.177 40
147.187 41
147.197 39
147.207 40
147.217 41
147.227 40
147.237 41
147.247 42
147.256 40
147.266 41
147.276 39
147.286 40
147.296 41
147.306 39
147.316 40
147.325 41
147.335 42
147.345 41
147.355 42
147.365 43
147.375 42
147.385 43
147.395 41
147.404 42
147.414 43
147.424 44
147.434 42
147.444 43
147.454 44
147.468 42
147.478 43
147.488 44
147.499 42
147.509 43
147.518 44
147.536 43
147.546 44
147.563 42
147.573 43
147.582 44
147.591 42
147.602 43
147.612 44
147.625 41
147.634 42
147.644 43
147.653 40
147.664 41
147.674 42
147.684 43
147.694 41
147.704 42
147.713 43
147.723 41
147.733 42
147.743 43
147.753 41
147.763 42
147.772 40
147.782 41
147.792 42
147.802 43
147.812 41
147.822 42
147.832 43
147.841 41
147.852 42
147.861 43
147.871 41
147.881 42
147.891 43
147.901 44
147.911 42
147.921 43
147.93 44
147.94 43
147.95 44
147.96 42
147.97 43
147.98 44
147.989 42
148 43
148.01 44
148.026 43
148.036 44
148.053 42
148.063 43
148.073 44
148.084 42
148.094 43
148.104 44
148.115 42
148.125 43
148.134 44
148.143 43
148.154 44
148.172 42
148.182 43
148.192 44
148.203 42
148.213 43
148.223 44
148.233 42
148.243 43
148.252 44
148.262 42
148.272 43
148.282 44
148.291 42
148.302 43
148.312 44
148.321 42
148.331 43
148.341 44
148.353 42
148.361 43
148.369 44
148.382 42
148.39 43
148.398 44
148.415 42
148.423 43
148.431 44
148.446 42
148.454 43
148.462 44
148.477 42
148.485 43
148.493 44
148.506 43
148.513 44
148.532 43
148.54 44
148.559 42
148.566 43
148.574 44
148.589 42
148.603 43
148.616 44
148.629 42
148.642 43
148.655 42
148.668 43
148.682 41
148.695 42
148.708 43
148.721 40
148.734 41
148.747 42
148.761 40
148.774 41
148.787 39
148.8 40
148.812 38
148.833 39
148.843 40
148.853 41
148.862 38
148.872 39
148.882 40
148.892 38
148.902 39
148.912 40
148.922 41
148.932 39
148.941 40
148.951 41
148.961 39
148.971 40
148.981 41
148.991 39
149.001 40
149.01 41
149.02 40
149.03 41
149.04 42
149.05 40
149.06 41
149.07 42
149.08 40
149.089 41
149.099 42
149.109 43
149.119 41
149.129 42
149.139 43
149.149 41
149.159 42
149.168 43
149.178 44
149.19 43
149.2 44
149.217 42
149.226 43
149.236 44
149.247 42
149.257 43
149.267 44
149.283 42
149.293 43
149.303 44
149.318 41
149.328 42
149.338 43
149.348 44
149.358 42
149.367 43
149.377 41
149.387 42
149.397 43
149.407 41
149.417 42
149.427 43
149.437 41
149.446 42
149.456 43
149.466 44
149.476 42
149.486 43
149.495 42
149.506 43
149.515 44
149.525 41
149.535 42
149.545 43
149.555 41
149.565 42
149.575 43
149.585 44
149.594 42
149.604 43
149.614 41
149.624 42
149.634 43
149.644 44
149.654 42
149.663 43
149.673 44
149.683 42
149.693 43
149.703 44
149.713 42
149.723 43
149.733 44
149.744 42
149.754 43
149.764 44
149.78 42
149.789 43
149.799 44
149.811 42
149.82 43
149.83 44
149.839 42
149.85 43
149.86 44
149.87 42
149.88 43
149.889 44
149.899 42
149.909 43
149.919 44
149.929 42
149.939 43
149.949 44
149.959 42
149.968 43
149.978 44
149.988 42
149.998 43
150.008 44
150.018 42
150.028 43
150.037 44
150.047 42
150.057 43
150.067 44
150.077 42
150.087 43
150.097 44
150.106 42
150.116 43
150.126 44
150.136 42
150.144 43
150.152 44
150.162 43
150.169 44
150.188 42
150.196 43
150.204 44
150.219 42
150.227 43
150.235 44
150.248 42
150.256 43
150.263 44
150.283 42
150.291 43
150.299 44
150.316 42
150.324 43
150.332 44
150.345 42
150.358 43
150.376 41
150.389 42
150.402 43
150.416 41
150.429 42
150.443 40
150.456 41
150.468 39
150.483 40
150.496 41
150.509 39
150.523 40
150.536 38
150.55 39
150.563 40
150.576 37
150.586 38
150.596 39
150.606 37
150.616 38
150.626 39
150.636 37
150.646 38
150.656 37
150.667 38
150.677 39
150.687 37
150.697 38
150.707 39
150.717 40
150.727 37
150.737 38
150.747 39
150.757 38
150.767 39
150.777 40
150.787 38
150.797 39
150.807 40
150.817 38
150.827 39
150.837 40
150.847 39
150.857 40
150.867 41
150.877 40
150.887 41
150.897 42
150.907 41
150.917 40
150.927 41
150.937 42
150.947 43
150.957 42
150.967 43
150.977 41
150.987 42
150.997 43
151.016 41
151.026 42
151.036 43
151.051 41
151.061 42
151.071 43
151.082 41
151.092 42
151.102 43
151.112 41
151.122 42
151.132 43
151.142 41
151.152 42
151.163 43
151.173 41
151.183 42
151.193 43
151.203 41
151.213 42
151.223 43
151.233 41
151.243 42
151.253 43
151.263 40
151.273 41
151.283 42
151.293 43
151.303 42
151.313 43
151.323 40
151.333 41
151.343 42
151.353 43
151.363 42
151.373 43
151.383 41
151.393 42
151.403 43
151.413 41
151.423 42
151.433 43
151.444 41
151.454 42
151.464 43
151.48 42
151.49 43
151.511 41
151.521 42
151.531 43
151.542 42
151.552 43
151.568 41
151.578 42
151.588 43
151.603 41
151.613 42
151.623 43
151.633 41
151.643 42
151.654 43
151.663 41
151.674 42
151.684 43
151.694 41
151.704 42
151.714 43
151.724 41
151.734 42
151.744 43
151.754 41
151.764 42
151.774 43
151.784 41
151.794 42
151.805 43
151.815 41
151.825 42
151.835 43
151.844 41
151.855 42
151.865 43
151.877 41
151.885 42
151.893 43
151.906 41
151.914 42
151.922 43
151.939 41
151.947 42
151.955 43
151.968 42
151.976 43
151.996 42
152.012 43
152.034 41
152.042 42
152.05 43
152.071 41
152.08 42
152.088 43
152.107 41
152.12 42
152.134 43
152.147 41
152.16 42
152.174 40
152.187 41
152.2 38
152.214 39
152.227 40
152.241 38
152.254 39
152.267 40
152.281 38
152.294 39
152.307 37
152.321 38
152.334 37
152.354 38
152.364 37
152.384 38
152.394 37
152.414 38
152.424 37
152.444 38
152.453 37
152.475 38
152.485 37
152.495 38
152.505 39
152.515 38
152.525 39
152.535 40
152.545 38
152.555 39
152.565 40
152.575 41
152.585 39
152.595 40
152.605 41
152.615 39
152.625 40
152.635 41
152.645 42
152.655 41
152.665 42
152.675 43
152.685 41
152.695 42
152.705 43
152.715 42
152.725 43
152.741 42
152.751 43
152.767 41
152.777 42
152.787 43
152.807 41
152.817 42
152.827 43
152.838 41
152.848 42
152.858 43
153.092 22
153.288 1
153.298 2
153.308 3
153.328 4
153.547 2
153.557 3
153.567 4
153.577 3
153.587 4
153.597 5
153.607 6
153.617 7
153.627 8
153.637 9
153.647 10
153.657 11
153.667 12
153.677 13
153.697 14
153.707 15
153.717 16
153.727 17
153.737 18
153.747 19
153.757 20
153.767 21
153.777 22
153.787 23
153.797 22
153.807 23
153.817 24
153.827 23
153.837 24
153.847 25
153.857 24
153.868 25
153.888 26
153.898 25
153.908 26
153.918 25
153.928 26
153.938 27
153.948 28
153.958 27
153.968 28
153.978 29
153.988 28
153.998 29
154.008 30
154.018 31
154.028 30
154.038 31
154.048 32
154.058 31
154.066 32
154.074 33
154.082 34
154.09 35
154.098 34
154.106 35
154.114 36
154.122 37
154.13 36
154.138 37
154.154 38
154.162 37
154.178 38
154.186 39
154.194 40
154.202 39
154.21 40
154.219 41
154.227 39
154.235 40
154.243 41
154.251 42
154.259 41
154.267 42
154.275 43
154.282 42
154.291 43
154.299 44
154.307 45
154.315 46
154.323 45
154.336 46
154.35 44
154.363 45
154.376 46
154.39 44
154.403 45
154.416 46
154.43 44
154.443 45
154.456 44
154.47 45
154.483 43
154.497 44
154.51 45
154.523 43
154.537 44
154.55 41
154.563 42
154.577 43
154.59 41
154.6 42
154.61 39
154.62 40
154.63 41
154.64 39
154.65 40
154.66 41
154.67 38
154.681 39
154.691 40
154.701 37
154.712 38
154.722 39
154.733 38
154.743 39
154.754 40
154.764 37
154.774 38
154.784 39
154.794 37
154.804 38
154.814 37
154.834 38
154.844 39
154.854 40
154.863 39
154.873 40
154.883 41
154.893 40
154.902 41
154.912 42
154.922 41
154.932 42
154.942 43
154.951 42
154.961 43
154.971 41
154.981 42
154.991 43
155 44
155.01 45
155.02 44
155.03 45
155.04 46
155.049 45
155.059 46
155.069 45
155.079 46
155.089 47
155.098 45
155.108 46
155.118 47
155.127 45
155.138 46
155.147 47
155.157 45
155.167 46
155.177 47
155.187 46
155.196 47
155.206 48
155.216 45
155.226 46
155.236 47
155.245 48
155.255 45
155.265 46
155.275 47
155.285 48
155.294 46
155.304 47
155.314 48
155.324 46
155.334 47
155.343 48
155.353 47
155.363 48
155.373 46
155.383 47
155.392 48
155.402 46
155.412 47
155.422 48
155.432 47
155.441 48
155.451 49
155.461 47
155.471 48
155.481 49
155.49 47
155.5 48
155.509 46
155.52 47
155.53 48
155.539 49
155.549 47
155.559 48
155.569 49
155.579 46
155.588 47
155.598 48
155.608 46
155.618 47
155.628 48
155.637 46
155.647 47
155.657 48
155.667 47
155.677 48
155.686 46
155.696 47
155.706 48
155.716 46
155.726 47
155.735 46
155.745 47
155.755 48
155.765 46
155.775 47
155.784 48
155.794 49
155.804 47
155.814 48
155.824 46
155.833 47
155.843 48
155.853 46
155.863 47
155.872 48
155.882 46
155.892 47
155.902 48
155.912 47
155.921 48
155.931 46
155.941 47
155.951 48
155.96 46
155.97 47
155.98 48
155.99 49
156 46
156.01 47
156.019 48
156.029 46
156.039 47
156.049 48
156.059 45
156.068 46
156.078 47
156.088 45
156.096 46
156.104 47
156.111 48
156.119 49
156.127 47
156.135 48
156.143 49
156.151 47
156.158 48
156.166 49
156.174 50
156.182 48
156.19 49
156.198 50
156.213 48
156.221 49
156.229 50
156.245 49
156.252 50
156.268 51
156.276 50
156.292 51
156.3 50
156.316 51
156.326 49
156.339 50
156.366 49
156.379 50
156.392 47
156.405 48
156.418 49
156.431 47
156.444 48
156.457 46
156.47 47
156.483 45
156.496 46
156.509 47
156.522 45
156.535 46
156.548 44
156.561 45
156.574 42
156.584 43
156.594 44
156.602 42
156.613 43
156.622 44
156.632 41
156.641 42
156.651 43
156.66 41
156.67 40
156.679 41
156.688 42
156.697 43
156.707 40
156.716 41
156.725 42
156.734 40
156.743 41
156.752 42
156.761 40
156.761 41
156.779 42
156.779 43
156.797 41
156.797 42
156.814 40
156.814 41
156.832 42
156.832 43
156.849 42
156.849 43
156.867 44
156.867 45
156.885 44
156.885 45
156.902 43
156.902 44
156.92 45
156.92 46
156.937 47
156.937 48
156.955 47
156.955 48
156.973 47
156.973 48
156.99 49
156.99 50
157.008 49
157.008 50
157.025 49
157.025 50
157.043 51
157.061 50
157.061 51
157.078 52
157.078 53
157.096 50
157.096 51
157.113 52
157.113 53
157.131 51
157.131 52
157.149 50
157.149 51
157.166 52
157.166 53
157.184 51
157.184 52
157.202 50
157.202 51
157.219 52
157.219 53
157.237 51
157.237 52
157.254 50
157.254 51
157.272 52
157.272 53
157.29 50
157.29 51
157.307 52
157.307 53
157.325 50
157.325 51
157.342 52
157.342 53
157.36 50
157.36 51
157.378 52
157.378 53
157.395 50
157.395 51
157.413 52
157.413 53
157.43 51
157.43 52
157.448 51
157.448 52
157.466 50
157.466 51
157.499 49
157.499 50
157.516 51
157.534 49
157.534 50
157.552 51
157.572 49
157.572 50
157.589 51
157.607 49
157.607 50
157.625 51
157.642 49
157.642 50
157.66 51
157.678 50
157.713 49
157.713 50
157.742 48
157.742 49
157.759 50
157.781 48
157.781 49
157.799 50
157.817 48
157.817 49
157.834 50
157.852 48
157.852 49
157.87 50
157.887 48
157.887 49
157.905 50
157.923 48
157.923 49
157.94 50
157.958 49
157.958 50
157.993 48
157.993 49
158.011 50
158.028 51
158.028 52
158.046 50
158.063 51
158.063 52
158.081 50
158.095 51
158.095 52
158.109 50
158.123 51
158.123 52
158.137 50
158.151 51
158.151 52
158.166 53
158.166 54
158.18 51
158.18 52
158.194 53
158.194 54
158.208 52
158.208 53
158.222 50
158.222 51
158.236 52
158.236 53
158.25 54
158.25 55
158.264 52
158.264 53
158.278 54
158.278 55
158.292 52
158.292 53
158.306 54
158.306 55
158.32 52
158.32 53
158.344 54
158.344 55
158.367 52
158.367 53
158.391 50
158.391 51
158.414 52
158.414 53
158.438 50
158.438 51
158.461 52
158.461 53
158.485 50
158.485 51
158.508 49
158.508 50
158.532 51
158.555 49
158.555 50
158.579 47
158.579 48
158.596 49
158.596 50
158.614 47
158.614 48
158.631 49
158.631 50
158.649 47
158.649 48
158.666 45
158.666 46
158.683 47
158.683 48
158.7 45
158.7 46
158.716 47
158.716 48
158.733 45
158.733 46
158.75 47
158.75 48
158.767 45
158.767 46
158.784 47
158.784 48
158.8 45
158.8 46
158.817 47
158.817 48
158.834 45
158.834 46
158.851 47
158.851 48
158.867 49
158.867 50
158.884 47
158.884 48
158.901 49
158.901 50
158.917 49
158.917 50
158.934 51
158.951 50
158.951 51
158.968 49
158.968 50
158.984 51
159.001 52
159.001 53
159.018 50
159.018 51
159.034 52
159.034 53
159.051 54
159.051 55
159.068 53
159.068 54
159.084 52
159.084 53
159.101 54
159.101 55
159.118 52
159.118 53
159.135 54
159.135 55
159.151 52
159.151 53
159.168 54
159.168 55
159.185 52
159.185 53
159.201 54
159.201 55
159.218 52
159.218 53
159.235 54
159.235 55
159.252 52
159.252 53
159.268 54
159.268 55
159.285 52
159.285 53
159.302 54
159.302 55
159.318 52
159.318 53
159.335 54
159.335 55
159.352 52
159.352 53
159.368 54
159.368 55
159.384 52
159.384 53
159.402 54
159.402 55
159.419 54
159.419 55
159.435 56
159.435 57
159.452 54
159.452 55
159.469 53
159.469 54
159.485 55
159.485 56
159.502 54
159.502 55
159.519 56
159.519 57
159.536 54
159.536 55
159.552 56
159.552 57
159.569 54
159.569 55
159.586 56
159.586 57
159.602 54
159.602 55
159.619 56
159.619 57
159.636 54
159.636 55
159.652 56
159.652 57
159.669 54
159.669 55
159.686 56
159.686 57
159.703 54
159.703 55
159.719 56
159.719 57
159.736 54
159.736 55
159.753 56
159.753 57
159.769 54
159.769 55
159.786 56
159.786 57
159.803 54
159.803 55
159.82 56
159.82 57
159.836 54
159.836 55
159.853 56
159.853 57
159.87 54
159.87 55
159.886 56
159.886 57
159.903 54
159.903 55
159.92 56
159.92 57
159.936 54
159.936 55
159.953 56
159.953 57
159.97 54
159.97 55
159.987 56
159.987 57
160.003 54
160.003 55
160.02 56
160.02 57
160.037 52
160.037 53
160.053 54
160.053 55
160.07 52
160.07 53
160.087 54
160.087 55
160.104 50
160.104 51
160.117 52
160.117 53
160.13 54
160.13 55
160.144 52
160.144 53
160.157 54
160.157 55
160.17 52
160.17 53
160.184 54
160.184 55
160.197 52
160.197 53
160.21 54
160.21 55
160.224 56
160.224 57
160.237 53
160.237 54
160.251 55
160.251 56
160.264 54
160.264 55
160.277 56
160.277 57
160.291 58
160.291 59
160.304 56
160.304 57
160.317 58
160.317 59
160.331 56
160.331 57
160.344 58
160.344 59
160.357 56
160.357 57
160.38 58
160.38 59
160.402 56
160.402 57
160.424 54
160.424 55
160.447 56
160.447 57
160.469 54
160.469 55
160.491 52
160.491 53
160.513 54
160.513 55
160.536 52
160.536 53
160.558 50
160.558 51
160.58 49
160.58 50
160.602 47
160.602 48
160.618 49
160.618 50
160.635 46
160.635 47
160.651 48
160.651 49
160.667 47
160.667 48
160.683 49
160.683 50
160.698 47
160.698 48
160.714 43
160.714 44
160.729 45
160.729 46
160.744 47
160.744 48
160.76 44
160.76 45
160.775 46
160.775 47
160.79 45
160.79 46
160.804 43
160.804 44
160.819 45
160.819 46
160.834 47
160.834 48
160.849 45
160.849 46
160.863 47
160.863 48
160.878 49
160.878 50
160.893 47
160.893 48
160.907 49
160.907 50
160.922 47
160.922 48
160.937 49
160.937 50
160.951 51
160.966 50
160.981 51
160.981 52
160.995 51
160.995 52
161.01 50
161.01 51
161.025 52
161.025 53
161.039 54
161.039 55
161.054 50
161.054 51
161.069 52
161.069 53
161.083 54
161.083 55
161.098 52
161.098 53
161.112 54
161.112 55
161.127 52
161.127 53
161.142 54
161.142 55
161.156 52
161.156 53
161.171 54
161.171 55
161.186 52
161.186 53
161.2 54
161.2 55
161.215 52
161.215 53
161.23 54
161.23 55
161.244 52
161.244 53
161.259 54
161.259 55
161.274 52
161.274 53
161.288 54
161.288 55
161.303 52
161.303 53
161.318 54
161.318 55
161.332 52
161.332 53
161.347 54
161.347 55
161.362 56
161.362 57
161.376 54
161.376 55
161.391 52
161.391 53
161.406 54
161.406 55
161.42 56
161.42 57
161.435 54
161.435 55
161.45 56
161.45 57
161.464 54
161.464 55
161.479 56
161.479 57
161.494 54
161.494 55
161.508 56
161.508 57
161.523 54
161.523 55
161.538 56
161.538 57
161.552 54
161.552 55
161.567 56
161.567 57
161.581 54
161.581 55
161.596 56
161.596 57
161.611 58
161.611 59
161.625 56
161.625 57
161.64 58
161.64 59
161.655 56
161.655 57
161.669 58
161.669 59
161.684 56
161.684 57
161.699 58
161.699 59
161.713 56
161.713 57
161.728 58
161.728 59
161.743 56
161.743 57
161.757 58
161.757 59
161.772 60
161.772 61
161.787 58
161.787 59
161.801 56
161.801 57
161.816 58
161.816 59
161.831 60
161.831 61
161.845 58
161.845 59
161.86 60
161.86 61
161.875 58
161.875 59
161.888 56
161.888 57
161.904 58
161.904 59
161.919 60
161.919 61
161.933 58
161.933 59
161.948 60
161.948 61
161.963 56
161.963 57
161.977 58
161.977 59
161.992 60
161.992 61
162.007 58
162.007 59
162.021 54
162.021 55
162.036 56
162.036 57
162.05 58
162.05 59
162.065 56
162.065 57
162.08 58
162.08 59
162.094 56
162.094 57
162.106 58
162.106 59
162.118 56
162.118 57
162.13 58
162.13 59
162.141 60
162.141 61
162.153 58
162.153 59
162.165 60
162.165 61
162.177 58
162.177 59
162.188 60
162.188 61
162.2 62
162.212 60
162.212 61
162.223 62
162.235 60
162.235 61
162.247 62
162.259 63
162.259 64
162.27 62
162.282 63
162.282 64
162.294 62
162.305 63
162.305 64
162.317 65
162.317 66
162.329 63
162.329 64
162.341 65
162.341 66
162.352 67
162.352 68
162.364 65
162.364 66
162.384 67
162.384 68
162.403 65
162.403 66
162.423 63
162.423 64
162.442 65
162.442 66
162.462 63
162.462 64
162.481 62
162.501 63
162.501 64
162.52 62
162.54 60
162.54 61
162.56 62
162.579 60
162.579 61
162.599 58
162.599 59
162.613 60
162.613 61
162.628 58
162.628 59
162.643 60
162.643 61
162.657 57
162.657 58
162.672 59
162.672 60
162.686 57
162.686 58
162.701 55
162.701 56
162.715 57
162.715 58
162.73 54
162.73 55
162.744 56
162.744 57
162.758 58
162.758 59
162.772 54
162.772 55
162.786 56
162.786 57
162.8 58
162.8 59
162.813 56
162.813 57
162.827 58
162.827 59
162.841 56
162.841 57
162.855 58
162.855 59
162.869 56
162.869 57
162.883 58
162.883 59
162.897 56
162.897 57
162.911 58
162.911 59
162.925 60
162.925 61
162.939 58
162.939 59
162.952 60
162.952 61
162.966 58
162.966 59
162.98 60
162.98 61
162.994 62
163.008 60
163.008 61
163.022 62
163.036 63
163.036 64
163.05 62
163.064 63
163.064 64
163.077 62
163.091 63
163.091 64
163.105 65
163.105 66
163.119 62
163.119 63
163.133 64
163.133 65
163.147 63
163.147 64
163.16 62
163.175 63
163.175 64
163.189 65
163.189 66
163.203 63
163.203 64
163.216 65
163.216 66
163.23 63
163.23 64
163.244 65
163.244 66
163.258 62
163.258 63
163.272 62
163.286 63
163.286 64
163.3 65
163.3 66
163.314 63
163.314 64
163.328 65
163.328 66
163.342 63
163.342 64
163.355 65
163.355 66
163.369 63
163.369 64
163.383 65
163.383 66
163.397 63
163.397 64
163.411 65
163.411 66
163.425 63
163.425 64
163.439 65
163.439 66
163.453 63
163.453 64
163.467 65
163.467 66
163.48 63
163.48 64
163.494 65
163.494 66
163.508 67
163.508 68
163.522 65
163.522 66
163.536 67
163.536 68
163.55 64
163.55 65
163.564 66
163.564 67
163.578 65
163.578 66
163.592 67
163.592 68
163.606 65
163.606 66
163.619 67
163.619 68
163.633 65
163.633 66
163.647 67
163.647 68
163.661 65
163.661 66
163.675 67
163.675 68
163.689 63
163.689 64
163.703 65
163.703 66
163.717 67
163.717 68
163.731 65
163.731 66
163.744 67
163.744 68
163.758 64
163.758 65
163.772 66
163.772 67
163.786 63
163.786 64
163.8 65
163.8 66
163.89 56
164.019 37
164.227 4
164.255 1
164.262 2
164.269 3
164.276 4
164.454 5
164.468 6
164.468 7
164.481 8
164.481 9
164.495 6
164.495 7
164.509 8
164.509 9
164.522 10
164.522 11
164.536 12
164.536 13
164.55 14
164.564 15
164.564 16
164.577 17
164.577 18
164.591 19
164.591 20
164.605 21
164.605 22
164.618 23
164.618 24
164.632 25
164.646 26
164.646 27
164.659 28
164.659 29
164.673 30
164.673 31
164.687 32
164.687 33
164.701 34
164.701 35
164.714 32
164.714 33
164.725 34
164.725 35
164.736 36
164.736 37
164.747 34
164.747 35
164.758 36
164.758 37
164.769 38
164.78 36
164.78 37
164.791 38
164.802 39
164.802 40
164.813 41
164.813 42
164.824 39
164.824 40
164.835 41
164.835 42
164.846 43
164.846 44
164.857 45
164.857 46
164.868 43
164.868 44
164.879 45
164.879 46
164.89 47
164.89 48
164.901 49
164.901 50
164.911 47
164.911 48
164.922 49
164.922 50
164.933 51
164.944 49
164.944 50
164.963 51
164.981 52
164.981 53
164.999 50
164.999 51
165.017 49
165.017 50
165.036 51
165.054 52
165.054 53
165.072 50
165.072 51
165.09 49
165.09 50
165.109 51
165.127 49
165.127 50
165.145 51
165.164 47
165.164 48
165.182 49
165.182 50
165.2 47
165.2 48
165.214 49
165.214 50
165.227 45
165.227 46
165.241 47
165.241 48
165.255 45
165.255 46
165.269 47
165.269 48
165.282 49
165.282 50
165.296 47
165.296 48
165.31 49
165.31 50
165.323 47
165.323 48
165.337 45
165.337 46
165.351 47
165.351 48
165.364 49
165.364 50
165.378 49
165.378 50
165.392 51
165.406 49
165.406 50
165.419 51
165.433 49
165.433 50
165.447 51
165.46 52
165.46 53
165.474 50
165.474 51
165.488 52
165.488 53
165.501 54
165.501 55
165.515 52
165.515 53
165.529 54
165.529 55
165.543 56
165.543 57
165.556 54
165.556 55
165.57 56
165.57 57
165.584 58
165.584 59
165.597 56
165.597 57
165.611 58
165.611 59
165.625 60
165.625 61
165.638 58
165.638 59
165.652 60
165.652 61
165.666 62
165.68 60
165.68 61
165.693 62
165.707 60
165.707 61
165.721 62
165.734 60
165.734 61
165.748 62
165.762 63
165.762 64
165.775 62
165.789 63
165.789 64
165.803 60
165.803 61
165.817 62
165.83 63
165.83 64
165.844 62
165.858 63
165.858 64
165.871 62
165.885 63
165.885 64
165.899 62
165.912 63
165.912 64
165.926 62
165.94 63
165.94 64
165.954 62
165.967 63
165.967 64
165.981 62
165.981 63
165.995 64
165.995 61
165.995 62
166.015 63
166.029 61
166.029 62
166.043 63
166.056 64
166.063 62
166.077 63
166.077 64
166.09 62
166.104 63
166.104 64
166.121 62
166.134 63
166.134 64
166.147 62
166.162 63
166.162 64
166.175 62
166.189 63
166.189 64
166.203 62
166.216 63
166.216 64
166.23 62
166.244 63
166.244 64
166.257 62
166.271 63
166.271 64
166.285 62
166.299 63
166.299 64
166.319 62
166.333 63
166.333 64
166.35 62
166.364 63
166.364 64
166.381 62
166.395 63
166.395 64
166.408 62
166.422 63
166.422 64
166.441 62
166.454 63
166.454 64
166.476 62
166.476 63
166.49 62
166.49 63
166.503 62
166.517 61
166.517 62
166.542 61
166.542 62
166.553 60
166.553 61
166.582 59
166.582 60
166.593 61
166.614 58
166.614 59
166.625 60
166.636 58
166.636 59
166.647 60
166.666 57
166.666 58
166.677 59
166.677 60
166.692 57
166.692 58
166.703 59
166.703 60
166.723 57
166.723 58
166.734 59
166.734 60
166.754 57
166.754 58
166.773 59
166.773 60
166.791 57
166.791 58
166.809 55
166.809 56
166.827 57
166.827 58
166.846 56
166.846 57
166.864 55
166.864 56
166.882 57
166.882 58
166.9 53
166.9 54
166.919 55
166.919 56
166.937 52
166.937 53
166.955 52
166.955 53
166.973 54
166.992 55
166.992 56
167.01 53
167.01 54
167.024 55
167.024 56
167.037 53
167.037 54
167.051 55
167.051 56
167.065 54
167.065 55
167.079 56
167.079 57
167.092 53
167.092 54
167.106 55
167.106 56
167.12 54
167.12 55
167.133 56
167.133 57
167.147 54
167.147 55
167.161 56
167.161 57
167.174 54
167.174 55
167.188 56
167.188 57
167.202 54
167.202 55
167.216 56
167.216 57
167.229 58
167.229 59
167.243 56
167.243 57
167.257 58
167.257 59
167.27 56
167.27 57
167.284 58
167.284 59
167.298 60
167.298 61
167.311 58
167.311 59
167.325 60
167.325 61
167.339 62
167.353 60
167.353 61
167.366 62
167.379 60
167.379 61
167.394 62
167.407 63
167.407 64
167.421 62
167.435 63
167.435 64
167.448 62
167.462 63
167.462 64
167.49 62
167.503 63
167.503 64
167.525 60
167.525 61
167.539 62
167.552 63
167.566 62
167.58 63
167.58 64
167.593 62
167.607 63
167.607 64
167.62 62
167.634 63
167.634 64
167.649 62
167.662 63
167.662 64
167.677 62
167.691 63
167.691 64
167.704 60
167.704 61
167.718 62
167.732 63
167.732 64
167.746 62
167.759 63
167.759 64
167.773 60
167.773 61
167.787 62
167.801 60
167.801 61
167.814 62
167.827 58
167.827 59
167.842 60
167.842 61
167.855 62
167.869 60
167.869 61
167.883 62
167.896 60
167.896 61
167.91 62
167.924 60
167.924 61
167.938 62
167.965 63
167.965 64
167.979 62
167.992 63
167.992 64
168.011 62
168.024 63
168.024 64
168.037 62
168.052 63
168.052 64
168.066 62
168.08 63
168.08 64
168.095 62
168.108 63
168.108 64
168.128 61
168.128 62
168.141 63
168.154 62
168.169 63
168.169 64
168.182 62
168.196 63
168.196 64
168.209 61
168.209 62
168.224 63
168.237 61
168.237 62
168.251 63
168.265 62
168.278 63
168.278 64
168.295 62
168.309 63
168.309 64
168.324 62
168.338 63
168.338 64
168.351 62
168.363 63
168.363 64
168.382 62
168.393 63
168.393 64
168.408 62
168.419 63
168.419 64
168.437 62
168.448 63
168.448 64
168.47 62
168.481 63
168.481 64
168.501 62
168.512 63
168.512 64
168.534 62
168.545 63
168.545 64
168.563 62
168.581 63
168.581 64
168.599 62
168.617 63
168.617 64
168.636 62
168.653 60
168.653 61
168.672 62
168.691 60
168.691 61
168.709 57
168.741 54
168.741 55
168.76 56
168.76 57
168.778 54
168.778 55
168.796 56
168.796 57
168.815 54
168.815 55
168.828 56
168.828 57
168.842 54
168.842 55
168.856 53
168.856 54
168.869 52
168.869 53
168.883 54
168.883 55
168.897 56
168.9 52
168.9 53
168.917 54
168.917 55
168.931 53
168.931 54
168.945 55
168.945 56
168.958 53
168.958 54
168.972 55
168.972 56
168.987 53
168.987 54
169 55
169 56
169.02 53
169.02 54
169.033 55
169.033 56
169.051 53
169.051 54
169.064 55
169.064 56
169.077 53
169.077 54
169.092 55
169.092 56
169.108 53
169.108 54
169.122 55
169.122 56
169.141 53
169.141 54
169.155 55
169.155 56
169.172 53
169.172 54
169.186 55
169.186 56
169.2 57
169.2 58
169.214 59
169.214 60
169.228 57
169.228 58
169.242 59
169.242 60
169.256 57
169.256 58
169.27 59
169.27 60
169.284 57
169.284 58
169.298 59
169.298 60
169.311 57
169.311 58
169.325 59
169.339 60
169.339 61
169.353 56
169.353 57
169.367 58
169.367 59
169.381 56
169.381 57
169.395 58
169.395 59
169.409 56
169.409 57
169.423 58
169.423 59
169.437 55
169.437 56
169.451 57
169.451 58
169.465 56
169.465 57
169.479 58
169.479 59
169.492 56
169.492 57
169.507 58
169.507 59
169.521 60
169.521 61
169.535 58
169.535 59
169.549 60
169.549 61
169.562 58
169.562 59
169.576 60
169.576 61
169.59 58
169.59 59
169.604 60
169.604 61
169.618 62
169.632 58
169.632 59
169.646 60
169.646 61
169.66 62
169.674 60
169.674 61
169.688 62
169.702 60
169.702 61
169.716 62
169.73 58
169.73 59
169.744 60
169.744 61
169.758 58
169.758 59
169.772 60
169.772 61
169.786 58
169.786 59
169.8 60
169.8 61
169.813 56
169.813 57
169.827 58
169.827 59
169.841 57
169.841 58
169.855 59
169.855 60
169.869 58
169.869 59
169.883 60
169.883 61
169.897 58
169.897 59
169.911 60
169.911 61
169.925 58
169.925 59
169.939 60
169.939 61
169.953 58
169.953 59
169.967 60
169.967 61
169.981 58
169.981 59
169.995 60
169.995 61
170.009 58
170.009 59
170.023 60
170.023 61
170.037 62
170.051 60
170.051 61
170.064 62
170.078 60
170.078 61
170.092 62
170.106 60
170.106 61
170.12 62
170.134 60
170.134 61
170.145 62
170.159 60
170.159 61
170.17 62
170.192 60
170.192 61
170.203 62
170.219 60
170.219 61
170.23 62
170.25 60
170.25 61
170.261 62
170.28 59
170.28 60
170.292 61
170.292 62
170.307 61
170.307 62
170.336 60
170.336 61
170.347 62
170.362 60
170.362 61
170.381 62
170.399 60
170.399 61
170.418 62
170.437 60
170.437 61
170.455 57
170.455 58
170.474 59
170.474 60
170.492 58
170.492 59
170.511 56
170.511 57
170.529 58
170.529 59
170.548 56
170.548 57
170.567 58
170.567 59
170.585 56
170.585 57
170.604 54
170.604 55
170.618 56
170.618 57
170.632 54
170.632 55
170.646 56
170.646 57
170.66 54
170.66 55
170.674 56
170.674 57
170.688 54
170.688 55
170.701 56
170.701 57
170.715 54
170.715 55
170.729 56
170.729 57
170.743 58
170.743 59
170.757 54
170.757 55
170.771 56
170.771 57
170.785 58
170.785 59
170.799 55
170.799 56
170.813 57
170.813 58
170.827 56
170.827 57
170.841 58
170.841 59
170.855 56
170.855 57
170.869 58
170.869 59
170.883 56
170.883 57
170.897 58
170.897 59
170.911 60
170.911 61
170.925 58
170.925 59
170.939 60
170.939 61
170.952 58
170.952 59
170.966 60
170.966 61
170.98 62
170.994 60
170.994 61
171.008 62
171.022 60
171.022 61
171.036 62
171.055 60
171.055 61
171.069 62
171.091 60
171.091 61
171.105 62
171.12 60
171.12 61
171.133 62
171.147 60
171.147 61
171.161 62
171.175 60
171.175 61
171.189 62
171.208 60
171.208 61
171.222 62
171.236 60
171.236 61
171.25 62
171.265 58
171.265 59
171.279 60
171.279 61
171.293 62
171.307 60
171.307 61
171.321 62
171.335 60
171.335 61
171.349 62
171.363 60
171.363 61
171.377 62
171.391 60
171.391 61
171.405 62
171.419 60
171.419 61
171.433 62
171.446 58
171.446 59
171.46 60
171.46 61
171.474 62
171.488 60
171.488 61
171.502 62
171.516 60
171.516 61
171.53 62
171.543 60
171.543 61
171.558 62
171.574 60
171.574 61
171.588 62
171.605 58
171.605 59
171.619 60
171.619 61
171.633 62
171.647 59
171.647 60
171.661 61
171.661 62
171.675 60
171.675 61
171.689 62
171.703 60
171.703 61
171.717 62
171.731 60
171.731 61
171.745 62
171.76 60
171.76 61
171.774 62
171.788 60
171.788 61
171.802 62
171.817 60
171.817 61
171.831 62
171.845 60
171.845 61
171.859 62
171.875 60
171.875 61
171.889 62
171.903 60
171.903 61
171.916 62
171.932 60
171.932 61
171.943 62
171.963 60
171.963 61
171.974 62
171.992 60
171.992 61
172.003 62
172.018 60
172.018 61
172.029 62
172.049 60
172.049 61
172.06 62
172.084 60
172.084 61
172.096 62
172.113 60
172.113 61
172.124 62
172.144 60
172.144 61
172.163 62
172.181 59
172.181 60
172.2 61
172.2 62
172.218 60
172.218 61
172.237 58
172.237 59
172.256 58
172.256 59
172.274 60
172.274 61
172.293 58
172.293 59
172.311 56
172.311 57
172.33 54
172.33 55
172.349 56
172.349 57
172.367 54
172.367 55
172.381 56
172.381 57
172.395 54
172.395 55
172.409 56
172.409 57
172.423 54
172.423 55
172.437 56
172.437 57
172.451 58
172.451 59
172.465 56
172.465 57
172.479 58
172.479 59
172.493 56
172.493 57
172.507 58
172.507 59
172.521 54
172.521 55
172.534 56
172.534 57
172.548 58
172.548 59
172.562 56
172.562 57
172.576 58
172.576 59
172.59 56
172.59 57
172.604 58
172.604 59
172.618 60
172.618 61
172.632 58
172.632 59
172.645 56
172.645 57
172.66 58
172.66 59
172.674 60
172.674 61
172.688 58
172.688 59
172.702 60
172.702 61
172.716 62
172.73 60
172.73 61
172.744 62
172.758 60
172.758 61
172.771 62
172.791 60
172.791 61
172.805 62
172.819 60
172.819 61
172.833 62
172.857 60
172.857 61
172.871 62
172.885 60
172.885 61
172.899 62
172.915 60
172.915 61
172.929 62
172.946 60
172.946 61
172.959 62
172.974 60
172.974 61
172.988 62
173.002 60
173.002 61
173.016 62
173.03 60
173.03 61
173.044 62
173.058 60
173.058 61
173.089 58
173.089 59
173.103 60
173.103 61
173.118 58
173.118 59
173.132 60
173.132 61
173.146 58
173.146 59
173.16 60
173.16 61
173.18 58
173.18 59
173.194 60
173.194 61
173.208 58
173.208 59
173.222 60
173.222 61
173.236 58
173.236 59
173.25 60
173.25 61
173.263 58
173.263 59
173.279 60
173.279 61
173.301 57
173.301 58
173.315 59
173.315 60
173.329 58
173.329 59
173.343 60
173.343 61
173.358 58
173.358 59
173.372 60
173.372 61
173.386 58
173.386 59
173.4 60
173.4 61
173.414 58
173.414 59
173.428 60
173.428 61
173.442 58
173.442 59
173.457 60
173.457 61
173.471 58
173.471 59
173.485 60
173.485 61
173.499 56
173.499 57
173.513 58
173.513 59
173.527 60
173.527 61
173.541 58
173.541 59
173.556 60
173.556 61
173.575 58
173.575 59
173.589 60
173.589 61
173.606 58
173.606 59
173.62 60
173.62 61
173.634 58
173.634 59
173.648 60
173.648 61
173.668 58
173.668 59
173.682 60
173.682 61
173.696 58
173.696 59
173.707 60
173.707 61
173.723 58
173.723 59
173.734 60
173.734 61
173.746 58
173.746 59
173.758 60
173.758 61
173.793 57
173.793 58
173.805 59
173.805 60
173.816 61
173.82 58
173.82 59
173.833 60
173.833 61
173.846 58
173.846 59
173.858 60
173.858 61
173.873 59
173.873 60
173.884 61
173.902 58
173.902 59
173.92 60
173.92 61
173.939 58
173.939 59
173.958 56
173.958 57
173.977 58
173.977 59
173.996 56
173.996 57
174.014 54
174.014 55
174.034 56
174.034 57
174.052 54
174.052 55
174.071 56
174.071 57
174.09 54
174.09 55
174.109 56
174.109 57
174.128 52
174.128 53
174.142 54
174.142 55
174.156 56
174.156 57
174.17 54
174.17 55
174.184 56
174.184 57
174.199 54
174.199 55
174.213 56
174.213 57
174.227 54
174.227 55
174.241 56
174.241 57
174.255 54
174.255 55
174.269 56
174.269 57
174.283 58
174.283 59
174.298 54
174.298 55
174.312 56
174.312 57
174.326 55
174.326 56
174.34 57
174.34 58
174.354 55
174.354 56
174.368 57
174.368 58
174.382 56
174.382 57
174.397 58
174.397 59
174.411 56
174.411 57
174.425 58
174.425 59
174.439 60
174.439 61
174.453 58
174.453 59
174.467 60
174.467 61
174.482 58
174.482 59
174.496 60
174.496 61
174.955 0
174.955 1
174.955 2
174.955 3
174.955 4
175.186 0
175.186 1
175.186 2
175.186 3
175.186 4
175.186 5
175.186 6
175.186 7
175.186 8
175.186 9
175.195 10
175.209 11
175.209 12
175.223 13
175.223 14
175.237 15
175.237 16
175.251 17
175.251 18
175.265 19
175.28 20
175.28 21
175.294 22
175.294 23
175.308 24
175.308 25
175.322 26
175.322 27
175.336 28
175.336 29
175.35 30
175.35 31
175.364 32
175.379 33
175.379 34
175.393 35
175.393 36
175.407 37
175.407 38
175.421 39
175.421 40
175.435 41
175.435 42
175.449 35
175.449 36
175.463 34
175.463 35
175.478 36
175.478 37
175.492 38
175.506 36
175.506 37
175.52 38
175.534 39
175.534 40
175.548 37
175.548 38
175.562 39
175.562 40
175.577 41
175.577 42
175.591 39
175.591 40
175.605 41
175.605 42
175.619 43
175.619 44
175.633 41
175.633 42
175.647 43
175.647 44
175.661 45
175.661 46
175.676 43
175.676 44
175.687 45
175.687 46
175.698 47
175.698 48
175.71 46
175.71 47
175.721 48
175.721 49
175.732 50
175.743 49
175.743 50
175.755 51
175.766 52
175.766 53
175.777 50
175.777 51
175.789 52
175.789 53
175.8 54
175.8 55
175.811 52
175.811 53
175.823 54
175.823 55
175.834 56
175.834 57
175.845 54
175.845 55
175.857 56
175.857 57
175.869 54
175.869 55
175.88 56
175.88 57
175.892 58
175.892 59
175.904 56
175.904 57
175.915 58
175.915 59
175.927 60
175.927 61
175.938 56
175.938 57
175.958 58
175.958 59
175.977 56
175.977 57
175.997 58
175.997 59
176.016 56
176.016 57
176.035 58
176.035 59
176.055 56
176.055 57
176.074 58
176.074 59
176.094 56
176.094 57
176.113 52
176.113 53
176.132 54
176.132 55
176.152 52
176.152 53
176.171 54
176.171 55
176.191 52
176.191 53
176.205 54
176.205 55
176.22 52
176.22 53
176.234 50
176.234 51
176.249 52
176.249 53
176.263 54
176.263 55
176.278 50
176.278 51
176.292 52
176.292 53
176.307 50
176.307 51
176.322 52
176.322 53
176.336 50
176.336 51
176.351 52
176.351 53
176.365 50
176.365 51
176.38 52
176.38 53
176.394 50
176.409 51
176.409 52
176.423 50
176.423 51
176.438 52
176.438 53
176.453 54
176.453 55
176.467 52
176.467 53
176.482 54
176.482 55
176.496 54
176.496 55
176.511 56
176.511 57
176.525 54
176.525 55
176.54 56
176.54 57
176.554 58
176.554 59
176.569 56
176.569 57
176.583 58
176.583 59
176.598 58
176.598 59
176.613 60
176.613 61
176.627 58
176.627 59
176.642 60
176.642 61
176.656 62
176.671 60
176.671 61
176.685 62
176.7 60
176.7 61
176.714 62
176.729 60
176.729 61
176.744 62
176.757 60
176.757 61
176.773 62
176.787 63
176.787 64
176.802 62
176.816 63
176.816 64
176.831 62
176.845 63
176.845 64
176.86 62
176.874 63
176.874 64
176.889 62
176.904 63
176.904 64
176.918 62
176.933 63
176.933 64
176.947 62
176.962 63
176.962 64
176.976 62
176.976 63
176.991 62
177.018 60
177.018 61
177.032 62
177.051 59
177.051 60
177.066 61
177.066 62
177.08 60
177.08 61
177.095 62
177.109 60
177.109 61
177.124 62
177.138 60
177.138 61
177.153 62
177.167 60
177.167 61
177.182 62
177.197 60
177.197 61
177.211 62
177.225 60
177.225 61
177.24 62
177.255 60
177.255 61
177.269 62
177.284 60
177.284 61
177.298 62
177.313 60
177.313 61
177.327 62
177.342 60
177.342 61
177.357 62
177.371 61
177.371 62
177.4 61
177.4 62
177.415 60
177.415 61
177.442 58
177.442 59
177.456 60
177.456 61
177.471 58
177.471 59
177.485 60
177.499 59
177.499 60
177.515 61
177.515 62
177.529 60
177.529 61
177.544 62
177.558 58
177.558 59
177.573 60
177.573 61
177.587 58
177.587 59
177.602 60
177.602 61
177.616 62
177.631 60
177.631 61
177.646 62
177.66 60
177.66 61
177.672 62
177.683 60
177.683 61
177.695 62
177.707 60
177.707 61
177.718 62
177.73 63
177.73 64
177.742 62
177.753 63
177.753 64
177.765 61
177.765 62
177.776 63
177.788 61
177.788 62
177.8 63
177.811 64
177.811 65
177.823 62
177.835 63
177.835 64
177.846 65
177.846 66
177.858 63
177.858 64
177.87 65
177.87 66
177.881 63
177.881 64
177.893 65
177.893 66
177.905 67
177.917 64
177.917 65
177.936 66
177.936 67
177.955 64
177.955 65
177.975 62
177.975 63
177.994 64
177.994 65
178.014 62
178.014 63
178.033 64
178.033 65
178.052 62
178.052 63
178.072 61
178.072 62
178.091 63
178.111 61
178.111 62
178.13 63
178.149 60
178.149 61
178.169 58
178.169 59
178.183 60
178.183 61
178.198 57
178.198 58
178.212 59
178.212 60
178.227 57
178.227 58
178.241 59
178.241 60
178.256 57
178.256 58
178.27 59
178.27 60
178.285 57
178.285 58
178.299 59
178.299 60
178.313 55
178.313 56
178.328 57
178.328 58
178.342 55
178.342 56
178.357 57
178.357 58
178.371 55
178.371 56
178.385 54
178.385 55
178.399 54
178.429 52
178.429 53
178.443 54
178.462 51
178.462 52
178.476 53
178.476 54
178.497 51
178.497 52
178.511 53
178.511 54
178.533 51
178.533 52
178.547 53
178.547 54
178.572 53
178.572 54
178.599 51
178.599 52
178.613 53
178.613 54
178.63 51
178.63 52
178.644 53
178.644 54
178.667 51
178.667 52
178.681 53
178.681 54
178.695 51
178.695 52
178.709 53
178.709 54
178.724 51
178.724 52
178.738 53
178.738 54
178.756 51
178.756 52
178.77 53
178.77 54
178.784 51
178.784 52
178.798 53
178.798 54
178.812 50
178.826 51
178.826 52
178.841 53
178.841 54
178.855 51
178.855 52
178.869 53
178.869 54
178.883 52
178.883 53
178.897 54
178.897 55
178.911 53
178.911 54
178.925 55
178.925 56
178.939 53
178.939 54
178.953 55
178.953 56
178.967 54
178.967 55
178.981 56
178.981 57
178.995 54
178.995 55
179.009 56
179.009 57
179.023 55
179.023 56
179.037 57
179.037 58
179.051 56
179.051 57
179.065 58
179.065 59
179.08 60
179.08 61
179.094 58
179.094 59
179.108 60
179.108 61
179.122 58
179.122 59
179.136 60
179.136 61
179.15 57
179.15 58
179.164 59
179.164 60
179.178 58
179.178 59
179.192 60
179.192 61
179.206 58
179.206 59
179.22 60
179.22 61
179.234 62
179.248 60
179.248 61
179.262 62
179.276 60
179.276 61
179.29 58
179.29 59
179.304 60
179.304 61
179.318 62
179.333 60
179.333 61
179.347 62
179.36 59
179.36 60
179.375 61
179.375 62
179.389 60
179.389 61
179.403 62
179.417 60
179.417 61
179.431 62
179.445 63
179.445 64
179.459 62
179.473 63
179.473 64
179.487 62
179.501 63
179.501 64
179.515 62
179.529 63
179.529 64
179.543 65
179.543 66
179.557 62
179.572 63
179.572 64
179.586 62
179.6 63
179.6 64
179.614 62
179.625 63
179.625 64
179.636 62
179.647 63
179.647 64
179.659 65
179.659 66
179.67 63
179.67 64
179.681 65
179.681 66
179.692 63
179.692 64
179.704 65
179.704 66
179.715 62
179.715 63
179.726 64
179.726 65
179.737 66
179.737 67
179.749 64
179.749 65
179.76 66
179.76 67
179.771 64
179.771 65
179.782 66
179.782 67
179.793 64
179.793 65
179.805 66
179.805 67
179.816 68
179.816 69
179.827 67
179.827 68
179.839 69
179.839 70
179.85 67
179.85 68
179.869 69
179.869 70
179.887 67
179.887 68
179.906 65
179.906 66
179.925 67
179.925 68
179.944 65
179.944 66
179.962 67
179.962 68
179.981 63
179.981 64
180 65
180 66
180.019 63
180.019 64
180.037 65
180.037 66
180.056 63
180.056 64
180.075 62
180.094 63
180.094 64
180.112 62
180.126 63
180.126 64
180.14 62
180.154 58
180.154 59
180.168 60
180.168 61
180.182 62
180.196 58
180.196 59
180.209 60
180.209 61
180.223 62
180.237 60
180.237 61
180.25 62
180.264 58
180.264 59
180.278 60
180.278 61
180.291 62
180.305 58
180.305 59
180.319 60
180.319 61
180.332 58
180.332 59
180.346 57
180.346 58
180.36 56
180.36 57
180.398 54
180.398 55
180.412 56
180.412 57
180.434 54
180.434 55
180.447 56
180.447 57
180.467 54
180.467 55
180.48 56
180.48 57
180.502 54
180.502 55
180.516 56
180.516 57
180.542 54
180.542 55
180.556 56
180.556 57
180.579 54
180.579 55
180.593 56
180.593 57
180.61 54
180.61 55
180.624 56
180.624 57
180.641 54
180.641 55
180.655 56
180.655 57
180.668 54
180.668 55
180.682 56
180.682 57
180.699 54
180.699 55
180.712 56
180.712 57
180.725 54
180.725 55
180.74 56
180.74 57
180.753 54
180.753 55
180.767 56
180.767 57
180.783 52
180.783 53
180.796 54
180.796 55
180.81 56
180.81 57
180.824 53
180.824 54
180.837 55
180.837 56
180.851 54
180.851 55
180.864 56
180.864 57
180.878 58
180.878 59
180.892 56
180.892 57
180.905 58
180.905 59
180.919 56
180.919 57
180.933 58
180.933 59
180.946 60
180.946 61
180.96 58
180.96 59
180.974 60
180.974 61
180.987 58
180.987 59
181.001 60
181.001 61
181.015 62
181.028 60
181.028 61
181.042 62
181.056 60
181.056 61
181.069 62
181.083 60
181.083 61
181.097 62
181.109 60
181.109 61
181.124 62
181.138 63
181.138 64
181.151 62
181.165 63
181.165 64
181.179 61
181.179 62
181.192 63
181.206 62
181.22 63
181.22 64
181.233 62
181.247 63
181.247 64
181.26 62
181.274 63
181.274 64
181.288 65
181.288 66
181.301 63
181.301 64
181.315 65
181.315 66
181.329 63
181.329 64
181.342 65
181.342 66
181.356 63
181.356 64
181.37 65
181.37 66
181.383 63
181.383 64
181.397 65
181.397 66
181.411 63
181.411 64
181.424 65
181.424 66
181.438 63
181.438 64
181.452 65
181.452 66
181.465 62
181.479 63
181.479 64
181.493 65
181.493 66
181.506 63
181.506 64
181.52 65
181.52 66
181.534 62
181.534 63
181.545 64
181.545 65
181.555 62
181.566 63
181.566 64
181.577 65
181.577 66
181.588 67
181.588 68
181.599 65
181.599 66
181.61 67
181.61 68
181.621 65
181.621 66
181.632 67
181.632 68
181.643 69
181.643 70
181.654 67
181.654 68
181.665 69
181.665 70
181.676 66
181.676 67
181.687 68
181.687 69
181.697 67
181.697 68
181.708 69
181.708 70
181.719 71
181.725 68
181.725 69
181.736 70
181.736 71
181.752 68
181.752 69
181.763 70
181.763 71
181.781 68
181.781 69
181.799 70
181.799 71
181.817 68
181.817 69
181.835 67
181.835 68
181.853 69
181.853 70
181.872 68
181.872 69
181.89 66
181.89 67
181.908 68
181.908 69
181.926 66
181.926 67
181.944 68
181.944 69
181.963 66
181.963 67
181.981 64
181.981 65
181.999 66
181.999 67
182.017 64
182.017 65
182.035 66
182.035 67
182.054 63
182.054 64
182.067 61
182.067 62
182.081 63
182.095 64
182.095 65
182.108 62
182.122 60
182.122 61
182.136 59
182.136 60
182.149 61
182.153 60
182.153 61
182.17 57
182.17 58
182.183 59
182.207 56
182.207 57
182.22 58
182.22 59
182.233 54
182.233 55
182.248 56
182.248 57
182.261 55
182.261 56
182.275 57
182.275 58
182.289 55
182.289 56
182.302 57
182.302 58
182.316 59
182.322 56
182.322 57
182.336 58
182.336 59
182.357 56
182.357 57
182.371 58
182.371 59
182.392 56
182.392 57
182.406 58
182.406 59
182.428 56
182.428 57
182.441 58
182.441 59
182.463 56
182.463 57
182.476 58
182.476 59
182.503 56
182.503 57
182.516 58
182.516 59
182.542 56
182.542 57
182.556 58
182.556 59
182.569 56
182.569 57
182.583 58
182.583 59
182.6 54
182.6 55
182.613 56
182.613 57
182.627 58
182.627 59
182.641 55
182.641 56
182.654 55
182.654 56
182.668 57
182.668 58
182.682 55
182.682 56
182.695 57
182.695 58
182.709 55
182.709 56
182.723 57
182.723 58
182.736 59
182.736 60
182.75 57
182.75 58
182.764 59
182.764 60
182.777 56
182.777 57
182.791 58
182.791 59
182.805 56
182.805 57
182.818 58
182.818 59
182.832 56
182.832 57
182.846 58
182.846 59
182.859 56
182.859 57
182.873 58
182.873 59
182.887 60
182.887 61
182.9 58
182.9 59
182.914 60
182.914 61
182.927 58
182.927 59
182.941 60
182.941 61
182.955 58
182.955 59
182.968 60
182.968 61
182.982 62
183.009 63
183.009 64
183.023 62
183.037 63
183.037 64
183.05 62
183.064 63
183.064 64
183.078 62
183.091 63
183.091 64
183.105 65
183.105 66
183.119 63
183.119 64
183.132 65
183.132 66
183.146 63
183.146 64
183.16 65
183.16 66
183.173 63
183.173 64
183.187 65
183.187 66
183.201 63
183.201 64
183.214 65
183.214 66
183.228 67
183.228 68
183.242 65
183.242 66
183.255 67
183.255 68
183.269 65
183.269 66
183.282 63
183.282 64
183.296 65
183.296 66
183.31 63
183.31 64
183.324 63
183.324 64
183.337 65
183.337 66
183.351 62
183.351 63
183.364 64
183.364 65
183.378 62
183.378 63
183.392 64
183.392 65
183.405 62
183.419 63
183.419 64
183.433 65
183.433 66
183.446 63
183.446 64
183.46 65
183.46 66
183.474 63
183.474 64
183.487 65
183.487 66
183.501 63
183.501 64
183.515 65
183.515 66
183.528 63
183.528 64
183.539 65
183.539 66
183.55 63
183.55 64
183.561 65
183.561 66
183.572 67
183.572 68
183.583 65
183.583 66
183.594 67
183.594 68
183.605 69
183.605 70
183.616 67
183.616 68
183.627 69
183.627 70
183.638 65
183.638 66
183.648 67
183.648 68
183.659 69
183.659 70
183.675 67
183.675 68
183.686 69
183.686 70
183.702 67
183.702 68
183.712 69
183.712 70
183.732 65
183.732 66
183.743 67
183.743 68
183.754 69
183.754 70
183.772 67
183.772 68
183.79 69
183.79 70
183.809 67
183.809 68
183.827 69
183.827 70
183.845 67
183.845 68
183.863 65
183.863 66
183.881 67
183.881 68
183.9 65
183.9 66
183.918 67
183.918 68
183.936 65
183.936 66
183.954 63
183.954 64
183.972 65
183.972 66
183.991 63
183.991 64
184.009 65
184.009 66
184.027 63
184.027 64
184.041 60
184.041 61
184.054 62
184.068 63
184.068 64
184.082 61
184.082 62
184.095 60
184.095 61
184.109 59
184.109 60
184.123 58
184.123 59
184.148 54
184.148 55
184.161 56
184.161 57
184.175 58
184.175 59
184.188 56
184.188 57
184.202 58
184.202 59
184.215 56
184.215 57
184.229 54
184.229 55
184.243 56
184.243 57
184.257 58
184.265 55
184.265 56
184.278 57
184.278 58
184.3 55
184.3 56
184.314 57
184.314 58
184.333 55
184.333 56
184.347 57
184.347 58
184.373 55
184.373 56
184.386 57
184.386 58
184.401 55
184.401 56
184.415 57
184.415 58
184.441 55
184.441 56
184.455 57
184.455 58
184.477 55
184.477 56
184.49 57
184.49 58
184.51 55
184.51 56
184.523 57
184.523 58
184.541 53
184.541 54
184.554 55
184.554 56
184.568 57
184.568 58
184.581 53
184.581 54
184.595 55
184.595 56
184.609 57
184.609 58
184.622 56
184.622 57
184.636 58
184.636 59
184.65 55
184.65 56
184.663 57
184.663 58
184.677 53
184.677 54
184.691 55
184.691 56
184.704 53
184.704 54
184.718 55
184.718 56
184.732 52
184.732 53
184.745 54
184.745 55
184.759 56
184.759 57
184.772 54
184.772 55
184.786 56
184.786 57
184.8 58
184.8 59
184.813 56
184.813 57
184.827 58
184.827 59
184.841 60
184.841 61
184.854 58
184.854 59
184.868 60
184.868 61
184.882 58
184.882 59
184.895 60
184.895 61
184.909 62
184.923 60
184.923 61
184.936 62
184.95 63
184.95 64
184.964 62
184.977 63
184.977 64
184.991 62
185.005 63
185.005 64
185.018 65
185.018 66
185.032 63
185.032 64
185.045 65
185.045 66
185.059 63
185.059 64
185.073 65
185.073 66
185.086 63
185.086 64
185.1 65
185.1 66
185.114 63
185.114 64
185.127 65
185.127 66
185.141 62
185.155 63
185.155 64
185.168 62
185.182 63
185.182 64
185.407 36
185.567 13
185.636 2
185.636 3
185.636 4
185.662 3
185.669 4
185.881 0
185.881 1
185.881 2
185.881 3
185.881 4
185.881 5
185.881 6
185.881 7
185.881 8
185.881 9
185.887 10
185.887 11
185.898 12
185.909 13
185.909 14
185.92 15
185.92 16
185.931 17
185.931 18
185.942 19
185.942 20
185.953 21
185.953 22
185.964 23
185.964 24
185.975 25
185.986 26
185.986 27
185.997 28
185.997 29
186.008 30
186.008 31
186.018 32
186.018 33
186.029 34
186.029 35
186.04 36
186.051 37
186.051 38
186.062 39
186.062 40
186.073 41
186.073 42
186.084 43
186.084 44
186.095 45
186.095 46
186.106 39
186.124 40
186.124 41
186.142 37
186.142 38
186.16 34
186.16 35
186.179 36
186.179 37
186.197 32
186.197 33
186.215 34
186.215 35
186.233 32
186.233 33
186.251 34
186.251 35
186.27 32
186.27 33
186.288 34
186.288 35
186.306 32
186.306 33
186.324 34
186.324 35
186.342 32
186.342 33
186.356 34
186.356 35
186.37 32
186.37 33
186.383 34
186.383 35
186.397 32
186.397 33
186.411 34
186.411 35
186.424 36
186.424 37
186.438 36
186.438 37
186.451 38
186.465 37
186.465 38
186.478 36
186.478 37
186.492 38
186.506 39
186.506 40
186.52 41
186.52 42
186.533 39
186.533 40
186.547 41
186.547 42
186.561 43
186.561 44
186.574 41
186.574 42
186.588 43
186.588 44
186.602 45
186.602 46
186.615 43
186.615 44
186.629 45
186.643 46
186.643 47
186.656 45
186.656 46
186.67 47
186.67 48
186.683 49
186.683 50
186.697 47
186.697 48
186.711 49
186.711 50
186.724 47
186.724 48
186.738 49
186.738 50
186.752 47
186.752 48
186.765 49
186.765 50
186.779 51
186.793 49
186.793 50
186.806 51
186.82 49
186.82 50
186.834 51
186.847 52
186.847 53
186.861 50
186.861 51
186.874 52
186.874 53
186.888 50
186.888 51
186.902 52
186.902 53
186.915 54
186.915 55
186.929 52
186.929 53
186.943 54
186.943 55
186.956 52
186.956 53
186.97 54
186.97 55
186.984 56
186.984 57
186.997 54
186.997 55
187.011 56
187.011 57
187.025 54
187.025 55
187.038 56
187.038 57
187.052 54
187.052 55
187.066 56
187.066 57
187.079 54
187.079 55
187.093 56
187.093 57
187.106 58
187.106 59
187.12 56
187.12 57
187.134 58
187.134 59
187.147 56
187.147 57
187.161 58
187.161 59
187.175 56
187.175 57
187.188 58
187.188 59
187.202 56
187.202 57
187.216 58
187.216 59
187.229 56
187.229 57
187.243 58
187.243 59
187.257 60
187.257 61
187.27 58
187.27 59
187.284 60
187.284 61
187.298 58
187.298 59
187.311 60
187.311 61
187.325 62
187.338 60
187.338 61
187.352 62
187.366 60
187.366 61
187.379 62
187.393 60
187.393 61
187.407 62
187.42 63
187.42 64
187.434 62
187.448 63
187.448 64
187.461 62
187.475 63
187.475 64
187.489 62
187.502 63
187.502 64
187.516 62
187.529 63
187.529 64
187.543 65
187.543 66
187.557 63
187.557 64
187.57 65
187.57 66
187.584 63
187.584 64
187.598 65
187.598 66
187.611 63
187.611 64
187.625 65
187.625 66
187.639 67
187.639 68
187.652 65
187.652 66
187.666 67
187.666 68
187.68 65
187.68 66
187.693 67
187.693 68
187.707 69
187.707 70
187.721 67
187.721 68
187.731 69
187.731 70
187.742 66
187.742 67
187.753 68
187.753 69
187.764 70
187.765 68
187.765 69
187.781 70
187.787 69
187.787 70
187.798 69
187.813 68
187.831 67
187.874 62
187.874 63
187.885 64
187.885 65
187.895 66
187.895 67
187.911 62
187.911 63
187.922 64
187.922 65
187.933 66
187.933 67
187.951 64
187.951 65
187.969 66
187.969 67
187.987 62
187.987 63
188.005 64
188.005 65
188.024 61
188.024 62
188.042 63
188.06 61
188.06 62
188.078 63
188.096 61
188.096 62
188.115 59
188.115 60
188.133 61
188.133 62
188.151 59
188.151 60
188.169 61
188.169 62
188.187 57
188.187 58
188.201 59
188.201 60
188.215 57
188.215 58
188.228 59
188.228 60
188.242 57
188.242 58
188.256 59
188.256 60
188.269 55
188.269 56
188.283 57
188.283 58
188.297 56
188.297 57
188.31 56
188.31 57
188.324 55
188.324 56
188.337 57
188.337 58
188.351 59
188.364 60
188.364 61
188.377 57
188.377 58
188.391 59
188.391 60
188.404 58
188.404 59
188.418 60
188.418 61
188.431 58
188.431 59
188.445 60
188.445 61
188.458 58
188.458 59
188.471 60
188.471 61
188.485 62
188.498 60
188.498 61
188.512 62
188.525 60
188.525 61
188.539 62
188.552 63
188.552 64
188.565 62
188.579 63
188.579 64
188.592 62
188.606 63
188.606 64
188.619 65
188.619 66
188.633 63
188.633 64
188.646 65
188.646 66
188.659 63
188.659 64
188.673 65
188.673 66
188.686 63
188.686 64
188.7 65
188.7 66
188.713 63
188.713 64
188.727 65
188.727 66
188.74 67
188.74 68
188.753 63
188.753 64
188.767 65
188.767 66
188.78 63
188.78 64
188.794 65
188.794 66
188.807 62
188.807 63
188.821 64
188.821 65
188.834 62
188.848 63
188.848 64
188.861 65
188.861 66
188.874 62
188.874 63
188.888 64
188.888 65
188.901 62
188.901 63
188.915 64
188.915 65
188.928 62
188.928 63
188.942 64
188.942 65
188.955 62
188.955 63
188.968 64
188.968 65
188.982 62
188.995 63
188.995 64
189.009 65
189.009 66
189.022 63
189.022 64
189.036 65
189.036 66
189.049 63
189.049 64
189.062 65
189.062 66
189.076 62
189.076 63
189.089 64
189.089 65
189.103 63
189.103 64
189.116 65
189.116 66
189.13 62
189.143 63
189.143 64
189.156 65
189.156 66
189.17 62
189.183 63
189.183 64
189.197 62
189.21 63
189.21 64
189.224 65
189.224 66
189.237 63
189.237 64
189.25 65
189.25 66
189.264 63
189.264 64
189.277 65
189.277 66
189.291 63
189.291 64
189.304 65
189.304 66
189.318 63
189.318 64
189.331 65
189.331 66
189.344 63
189.344 64
189.358 65
189.358 66
189.371 62
189.371 63
189.384 64
189.384 65
189.398 63
189.398 64
189.411 65
189.411 66
189.424 62
189.424 63
189.438 64
189.438 65
189.451 63
189.451 64
189.465 65
189.465 66
189.478 67
189.478 68
189.491 65
189.491 66
189.505 67
189.505 68
189.518 65
189.518 66
189.531 67
189.531 68
189.545 65
189.545 66
189.556 67
189.556 68
189.566 69
189.566 70
189.577 67
189.577 68
189.588 69
189.588 70
189.598 67
189.598 68
189.609 69
189.609 70
189.62 71
189.627 68
189.627 69
189.637 70
189.637 71
189.653 68
189.653 69
189.664 70
189.664 71
189.682 68
189.682 69
189.693 70
189.693 71
189.708 68
189.708 69
189.719 70
189.719 71
189.73 69
189.73 70
189.741 71
189.753 67
189.753 68
189.77 69
189.77 70
189.788 67
189.788 68
189.806 69
189.806 70
189.824 65
189.824 66
189.842 67
189.842 68
189.86 65
189.86 66
189.877 63
189.877 64
189.895 65
189.895 66
189.913 62
189.931 63
189.931 64
189.949 62
189.967 58
189.967 59
189.984 60
189.984 61
190.002 57
190.002 58
190.016 59
190.016 60
190.029 56
190.029 57
190.042 58
190.042 59
190.055 60
190.055 61
190.069 56
190.069 57
190.082 58
190.082 59
190.095 60
190.095 61
190.108 57
190.108 58
190.121 59
190.121 60
190.134 57
190.134 58
190.147 59
190.147 60
190.159 57
190.159 58
190.172 59
190.172 60
190.185 57
190.185 58
190.198 59
190.198 60
190.211 61
190.211 62
190.224 58
190.224 59
190.237 60
190.237 61
190.249 58
190.249 59
190.262 60
190.262 61
190.275 62
190.287 60
190.287 61
190.3 62
190.313 63
190.313 64
190.326 62
190.338 63
190.338 64
190.351 65
190.351 66
190.364 63
190.364 64
190.377 65
190.377 66
190.389 67
190.389 68
190.402 65
190.402 66
190.415 67
190.415 68
190.428 65
190.428 66
190.44 67
190.44 68
190.453 69
190.453 70
190.466 67
190.466 68
190.478 69
190.478 70
190.491 67
190.491 68
190.504 69
190.504 70
190.517 71
190.517 72
190.529 69
190.529 70
190.542 71
190.542 72
190.555 68
190.555 69
190.568 70
190.568 71
190.58 69
190.58 70
190.593 71
190.593 72
190.606 67
190.606 68
190.618 69
190.618 70
190.631 71
190.631 72
190.644 67
190.644 68
190.657 69
190.657 70
190.669 71
190.669 72
190.682 69
190.682 70
190.695 71
190.695 72
190.708 69
190.708 70
190.72 71
190.72 72
190.733 73
190.733 74
190.746 69
190.746 70
190.758 71
190.758 72
190.771 73
190.771 74
190.784 71
190.784 72
190.797 73
190.797 74
190.809 71
190.809 72
190.822 73
190.822 74
190.835 71
190.835 72
190.848 73
190.848 74
190.86 71
190.86 72
190.873 73
190.873 74
190.885 70
190.885 71
190.898 72
190.898 73
190.911 74
190.912 73
190.912 74
190.93 70
190.93 71
190.96 68
190.96 69
190.972 70
190.985 68
190.985 69
190.998 70
191.01 67
191.01 68
191.023 69
191.036 67
191.036 68
191.049 69
191.06 66
191.06 67
191.072 68
191.072 69
191.091 65
191.091 66
191.103 67
191.103 68
191.116 69
191.117 65
191.117 66
191.135 67
191.135 68
191.148 69
191.148 66
191.148 67
191.167 68
191.167 69
191.179 66
191.179 67
191.193 68
191.193 69
191.205 64
191.205 65
191.218 66
191.218 67
191.231 68
191.231 69
191.244 66
191.244 67
191.256 68
191.256 69
191.269 66
191.269 67
191.282 68
191.282 69
191.295 65
191.295 66
191.306 64
191.306 65
191.32 66
191.32 67
191.333 68
191.34 65
191.34 66
191.353 67
191.353 68
191.371 65
191.371 66
191.381 67
191.381 68
191.391 66
191.391 67
191.402 65
191.402 66
191.412 65
191.412 66
191.422 67
191.422 68
191.432 69
191.434 68
191.434 69
191.473 65
191.473 66
191.483 67
191.483 68
191.493 69
191.504 66
191.504 67
191.514 68
191.524 69
191.537 66
191.537 67
191.547 68
191.547 69
191.565 66
191.565 67
191.576 68
191.576 69
191.599 63
191.599 64
191.615 65
191.615 66
191.632 62
191.632 63
191.649 64
191.649 65
191.666 61
191.666 62
191.683 63
191.7 60
191.7 61
191.717 62
191.734 59
191.734 60
191.751 56
191.751 57
191.768 58
191.768 59
191.785 55
191.785 56
191.802 57
191.802 58
191.819 56
191.819 57
191.836 52
191.836 53
191.849 54
191.849 55
191.862 56
191.862 57
191.874 53
191.874 54
191.887 52
191.887 53
191.9 54
191.9 55
191.912 54
191.912 55
191.925 56
191.925 57
191.938 58
191.938 59
191.951 55
191.951 56
191.963 57
191.963 58
191.976 59
191.976 60
191.989 56
191.989 57
192.002 58
192.002 59
192.014 55
192.014 56
192.027 57
192.027 58
192.04 56
192.04 57
192.053 58
192.053 59
192.065 60
192.065 61
192.078 58
192.078 59
192.091 60
192.091 61
192.103 58
192.103 59
192.116 60
192.116 61
192.129 62
192.142 60
192.142 61
192.154 62
192.167 63
192.167 64
192.18 62
192.193 63
192.193 64
192.205 62
192.218 63
192.218 64
192.231 65
192.231 66
192.243 63
192.243 64
192.256 65
192.256 66
192.269 63
192.269 64
192.282 65
192.282 66
192.294 67
192.294 68
192.307 64
192.307 65
192.32 66
192.32 67
192.333 65
192.333 66
192.345 67
192.345 68
192.358 64
192.358 65
192.371 66
192.371 67
192.383 65
192.383 66
192.396 67
192.396 68
192.409 65
192.409 66
192.422 67
192.422 68
192.434 69
192.434 70
192.447 67
192.447 68
192.46 69
192.46 70
192.473 66
192.473 67
192.485 68
192.485 69
192.498 65
192.498 66
192.511 67
192.511 68
192.523 69
192.523 70
192.536 67
192.536 68
192.549 69
192.549 70
192.562 67
192.562 68
192.574 69
192.574 70
192.587 67
192.587 68
192.6 69
192.6 70
192.612 67
192.612 68
192.625 69
192.625 70
192.638 71
192.643 67
192.643 68
192.657 69
192.657 70
192.669 67
192.669 68
192.682 67
192.682 68
192.695 69
192.695 70
192.708 71
192.709 68
192.709 69
192.727 70
192.727 71
192.74 69
192.74 70
192.753 71
192.764 68
192.764 69
192.777 70
192.777 71
192.791 68
192.791 69
192.804 70
192.804 71
192.82 67
192.82 68
192.832 69
192.832 70
192.845 71
192.846 68
192.846 69
192.864 70
192.864 71
192.877 68
192.877 69
192.89 70
192.89 71
192.902 68
192.902 69
192.915 70
192.915 71
192.928 69
192.928 70
192.94 71
192.952 68
192.952 69
192.965 70
192.965 71
192.979 68
192.979 69
192.991 70
192.991 71
193.005 68
193.005 69
193.018 70
193.018 71
193.031 68
193.031 69
193.044 70
193.044 71
193.058 68
193.058 69
193.071 67
193.071 68
193.083 67
193.122 64
193.122 65
193.135 66
193.135 67
193.147 64
193.147 65
193.16 63
193.16 64
193.173 65
193.173 66
193.186 64
193.186 65
193.198 63
193.198 64
193.209 65
193.221 62
193.232 63
193.232 64
193.242 65
193.261 62
193.261 63
193.271 64
193.271 65
193.288 64
193.288 65
193.298 64
193.298 65
193.308 64
193.329 63
193.358 61
193.358 62
193.368 63
193.385 62
193.395 63
193.411 61
193.411 62
193.428 63
193.445 60
193.445 61
193.462 62
193.479 58
193.479 59
193.496 60
193.496 61
193.513 56
193.513 57
193.53 58
193.53 59
193.547 56
193.547 57
193.564 58
193.564 59
193.581 56
193.581 57
193.598 53
193.598 54
193.615 55
193.615 56
193.632 52
193.632 53
193.649 54
193.649 55
193.666 52
193.666 53
193.679 54
193.679 55
193.691 51
193.691 52
193.704 53
193.704 54
193.717 51
193.717 52
193.73 53
193.73 54
193.742 51
193.742 52
193.755 53
193.755 54
193.768 51
193.768 52
193.78 53
193.78 54
193.793 53
193.793 54
193.806 55
193.806 56
193.819 53
193.819 54
193.831 55
193.831 56
193.844 57
193.844 58
193.857 54
193.857 55
193.87 56
193.87 57
193.882 58
193.882 59
193.895 56
193.895 57
193.908 58
193.908 59
193.92 56
193.92 57
193.933 58
193.933 59
193.946 56
193.946 57
193.959 58
193.959 59
193.971 60
193.971 61
193.984 58
193.984 59
193.997 60
193.997 61
194.01 62
194.022 60
194.022 61
194.035 62
194.048 60
194.048 61
194.06 62
194.073 63
194.073 64
194.086 62
194.099 63
194.111 64
194.111 65
194.124 63
194.124 64
194.137 65
194.137 66
194.15 63
194.15 64
194.162 65
194.162 66
194.175 63
194.175 64
194.188 65
194.188 66
194.2 63
194.2 64
194.213 65
194.213 66
194.226 63
194.226 64
194.239 65
194.239 66
194.251 63
194.251 64
194.264 65
194.264 66
194.277 67
194.277 68
194.29 63
194.29 64
194.302 65
194.302 66
194.315 63
194.315 64
194.328 65
194.328 66
194.34 67
194.34 68
194.353 65
194.353 66
194.366 67
194.366 68
194.379 63
194.379 64
194.391 65
194.391 66
194.404 67
194.404 68
194.417 65
194.417 66
194.43 67
194.43 68
194.442 65
194.442 66
194.455 67
194.455 68
194.468 63
194.468 64
194.48 65
194.48 66
194.493 67
194.493 68
194.506 65
194.506 66
194.519 67
194.519 68
194.531 69
194.531 70
194.544 67
194.544 68
194.557 69
194.557 70
194.57 65
194.57 66
194.582 67
194.582 68
194.595 69
194.595 70
194.608 67
194.608 68
194.62 69
194.62 70
194.632 67
194.632 68
194.646 69
194.646 70
194.659 71
194.659 68
194.659 69
194.678 70
194.678 71
194.69 68
194.69 69
194.703 67
194.703 68
194.716 69
194.716 70
194.729 68
194.729 69
194.741 70
194.741 71
194.756 68
194.756 69
194.769 70
194.769 71
194.782 66
194.782 67
194.795 68
194.795 69
194.808 70
194.808 71
194.821 68
194.821 69
194.833 70
194.833 71
194.849 66
194.849 67
194.861 68
194.861 69
194.874 70
194.874 71
194.887 68
194.887 69
194.9 70
194.9 71
194.915 67
194.915 68
194.928 69
194.928 70
194.94 71
194.941 68
194.941 69
194.959 70
194.959 71
194.972 69
194.972 70
194.985 71
194.997 66
194.997 67
195.007 68
195.007 69
195.017 70
195.017 71
195.036 68
195.036 69
195.047 70
195.047 71
195.065 68
195.065 69
195.075 70
195.075 71
195.092 66
195.092 67
195.102 68
195.102 69
195.112 70
195.112 71
195.131 67
195.131 68
195.141 69
195.141 70
195.152 71
195.158 69
195.158 70
195.168 69
195.168 70
195.178 71
195.179 70
195.201 69
195.235 66
195.235 67
195.252 68
195.252 69
195.269 66
195.269 67
195.286 68
195.286 69
195.303 64
195.303 65
195.32 66
195.32 67
195.337 64
195.337 65
195.354 66
195.354 67
195.371 64
195.371 65
195.388 62
195.388 63
195.405 64
195.405 65
195.422 62
195.439 60
195.439 61
195.456 62
195.473 59
195.473 60
195.485 61
195.485 62
195.498 57
195.498 58
195.511 59
195.511 60
195.524 61
195.524 62
195.536 59
195.536 60
195.549 61
195.549 62
195.562 59
195.562 60
195.575 61
195.575 62
195.587 57
195.587 58
195.6 59
195.6 60
195.613 61
195.613 62
195.625 63
195.638 59
195.638 60
195.651 61
195.651 62
195.664 55
195.664 56
195.676 57
195.676 58
195.689 56
195.689 57
195.702 58
195.702 59
195.715 60
195.715 61
195.727 58
195.727 59
195.74 60
195.74 61
195.753 58
195.753 59
195.766 60
195.766 61
195.778 62
195.791 60
195.791 61
195.804 62
195.816 60
195.816 61
195.829 62
195.842 60
195.842 61
195.855 62
195.867 63
195.867 64
195.88 62
195.893 63
195.893 64
196.276 12
196.326 2
196.326 3
196.326 4
196.352 3
196.359 4
196.553 2
196.553 3
196.566 4
196.566 5
196.579 6
196.579 7
196.591 6
196.591 7
196.604 8
196.604 9
196.617 10
196.617 11
196.63 12
196.63 13
196.642 14
196.655 15
196.655 16
196.668 17
196.668 18
196.68 19
196.68 20
196.693 21
196.693 22
196.706 23
196.706 24
196.719 25
196.731 26
196.731 27
196.744 28
196.744 29
196.757 30
196.757 31
196.77 32
196.77 33
196.782 34
196.782 35
196.795 31
196.795 32
196.808 33
196.808 34
196.821 31
196.821 32
196.833 33
196.833 34
196.846 32
196.846 33
196.859 34
196.859 35
196.872 32
196.872 33
196.884 34
196.884 35
196.897 32
196.897 33
196.91 34
196.91 35
196.922 36
196.922 37
196.935 34
196.935 35
196.948 36
196.948 37
196.961 38
196.973 36
196.973 37
196.986 38
196.999 36
196.999 37
197.009 38
197.019 39
197.019 40
197.029 41
197.029 42
197.04 39
197.04 40
197.05 41
197.05 42
197.06 43
197.06 44
197.07 41
197.07 42
197.08 43
197.08 44
197.091 45
197.091 46
197.101 47
197.101 48
197.111 45
197.111 46
197.122 47
197.122 48
197.132 49
197.132 50
197.142 47
197.142 48
197.153 49
197.153 50
197.163 51
197.173 52
197.173 53
197.183 50
197.183 51
197.194 52
197.194 53
197.204 50
197.204 51
197.221 52
197.221 53
197.238 50
197.238 51
197.255 52
197.255 53
197.273 50
197.273 51
197.29 52
197.29 53
197.307 50
197.307 51
197.324 52
197.324 53
197.341 50
197.341 51
197.358 49
197.358 50
197.375 51
197.393 49
197.393 50
197.41 47
197.41 48
197.427 49
197.427 50
197.444 45
197.444 46
197.457 47
197.457 48
197.47 49
197.47 50
197.483 47
197.483 48
197.495 45
197.495 46
197.508 47
197.508 48
197.521 49
197.521 50
197.534 47
197.534 48
197.547 49
197.547 50
197.56 51
197.573 47
197.573 48
197.585 49
197.585 50
197.598 47
197.598 48
197.611 49
197.611 50
197.624 51
197.637 49
197.637 50
197.65 51
197.662 49
197.662 50
197.675 51
197.688 52
197.688 53
197.701 50
197.701 51
197.714 52
197.714 53
197.727 54
197.727 55
197.74 52
197.74 53
197.753 54
197.753 55
197.765 56
197.765 57
197.778 54
197.778 55
197.791 56
197.791 57
197.803 54
197.803 55
197.817 56
197.817 57
197.83 58
197.83 59
197.843 56
197.843 57
197.856 58
197.856 59
197.868 60
197.868 61
197.881 58
197.881 59
197.894 60
197.894 61
197.906 57
197.906 58
197.92 59
197.92 60
197.933 61
197.933 62
197.946 59
197.946 60
197.958 61
197.958 62
197.971 60
197.971 61
197.984 62
197.997 59
197.997 60
198.01 61
198.01 62
198.023 60
198.023 61
198.036 62
198.048 60
198.048 61
198.061 62
198.074 63
198.074 64
198.087 62
198.1 63
198.1 64
198.113 62
198.126 63
198.126 64
198.138 62
198.151 63
198.151 64
198.164 62
198.177 63
198.177 64
198.19 62
198.203 63
198.203 64
198.216 65
198.216 66
198.228 63
198.228 64
198.241 65
198.241 66
198.254 63
198.254 64
198.267 65
198.267 66
198.28 67
198.282 62
198.282 63
198.299 64
198.299 65
198.312 66
198.312 67
198.327 64
198.327 65
198.339 66
198.339 67
198.353 64
198.353 65
198.366 66
198.366 67
198.388 64
198.388 65
198.401 66
198.401 67
198.419 64
198.419 65
198.432 66
198.432 67
198.45 64
198.45 65
198.463 66
198.463 67
198.481 64
198.481 65
198.494 66
198.494 67
198.51 64
198.51 65
198.523 66
198.523 67
198.536 64
198.536 65
198.549 66
198.549 67
198.565 62
198.565 63
198.578 64
198.578 65
198.591 66
198.591 67
198.604 64
198.604 65
198.616 66
198.616 67
198.629 62
198.629 63
198.642 64
198.642 65
198.655 66
198.655 67
198.668 64
198.668 65
198.681 66
198.681 67
198.694 64
198.694 65
198.706 66
198.706 67
198.719 62
198.719 63
198.73 64
198.73 65
198.74 66
198.74 67
198.75 64
198.75 65
198.76 66
198.76 67
198.777 63
198.777 64
198.787 65
198.787 66
198.798 67
198.806 64
198.806 65
198.816 66
198.816 67
198.837 63
198.837 64
198.847 65
198.847 66
198.857 67
198.863 66
198.863 67
198.89 64
198.89 65
198.9 66
198.9 67
198.916 65
198.916 66
198.926 67
198.945 64
198.945 65
198.962 63
198.962 64
198.979 65
198.979 66
198.996 64
198.996 65
199.013 66
199.013 67
199.03 64
199.03 65
199.048 66
199.048 67
199.065 64
199.065 65
199.082 62
199.082 63
199.099 64
199.099 65
199.116 62
199.116 63
199.133 64
199.133 65
199.151 62
199.151 63
199.168 61
199.168 62
199.181 63
199.193 61
199.193 62
199.206 63
199.219 60
199.219 61
199.232 59
199.232 60
199.261 57
199.261 58
199.273 59
199.273 60
199.287 56
199.287 57
199.3 58
199.3 59
199.313 60
199.316 58
199.316 59
199.332 56
199.332 57
199.345 58
199.358 59
199.369 58
199.369 59
199.381 55
199.381 56
199.394 57
199.394 58
199.422 56
199.422 57
199.435 58
199.45 55
199.45 56
199.463 57
199.463 58
199.484 55
199.484 56
199.496 57
199.496 58
199.519 55
199.519 56
199.532 57
199.532 58
199.552 55
199.552 56
199.565 57
199.565 58
199.585 55
199.585 56
199.598 57
199.598 58
199.616 55
199.616 56
199.629 57
199.629 58
199.647 55
199.647 56
199.66 57
199.66 58
199.678 55
199.678 56
199.691 57
199.691 58
199.709 53
199.709 54
199.722 55
199.722 56
199.734 57
199.734 58
199.747 59
199.747 60
199.76 57
199.76 58
199.773 59
199.773 60
199.786 56
199.786 57
199.799 58
199.799 59
199.812 56
199.812 57
199.824 58
199.824 59
199.837 57
199.837 58
199.85 59
199.85 60
199.863 57
199.863 58
199.876 59
199.876 60
199.889 57
199.889 58
199.902 59
199.902 60
199.914 61
199.914 62
199.927 60
199.927 61
199.94 62
199.953 60
199.953 61
199.966 62
199.979 63
199.979 64
199.992 62
