80.001 1
80.4677 2
80.4677 3
80.4677 4
80.4677 5
80.4677 6
80.4677 7
80.5177 8
80.5245 9
80.5312 10
80.5379 11
80.5514 12
80.5582 13
80.5649 14
80.5716 15
80.5784 16
80.5851 17
80.5918 18
80.5986 19
80.6053 20
80.612 21
80.6188 22
80.6255 23
80.6322 24
80.6457 25
80.6524 26
80.6592 27
80.6659 28
80.6726 29
80.6794 30
80.6861 31
80.6928 32
80.6996 33
80.7672 34
81.2784 1
81.2911 2
81.3039 3
81.7039 1
81.7165 2
81.729 3
81.7416 4
81.7665 5
81.7789 6
81.7913 7
81.8037 8
81.8161 9
81.8285 10
81.8409 11
81.8533 12
81.8657 13
81.8905 14
81.9029 15
81.9153 16
81.9277 17
81.9401 18
81.9525 19
81.9649 20
81.9773 21
81.9897 22
82.0021 23
82.0145 24
82.0269 25
82.0517 26
82.0641 27
82.1543 26
82.1662 27
82.1781 28
82.1901 27
82.2016 28
82.2131 27
82.2243 28
82.2356 29
82.2469 28
82.2581 29
82.2693 30
82.2806 29
82.2918 30
82.3045 29
82.3157 30
82.3354 29
82.4524 22
82.4988 21
82.5275 19
82.6865 13
82.7461 10
82.814 5
82.9383 6
82.9522 7
82.966 8
82.9799 9
83.0076 10
83.0351 11
83.0488 12
83.0625 13
83.0899 14
83.1036 15
83.1173 16
83.131 17
83.1447 18
83.1584 19
83.1857 20
83.1993 21
83.2264 22
83.2399 23
83.2534 24
83.2669 25
83.3639 23
83.3765 24
83.389 25
83.4388 26
83.4512 25
83.4636 26
83.4759 27
83.4882 26
83.5005 27
83.5185 26
83.5308 27
83.5494 26
83.5618 27
83.5803 26
83.5927 27
83.6112 26
83.6237 27
83.6421 26
83.6546 27
83.673 26
83.6856 27
83.6995 26
83.7121 27
83.7282 26
83.7409 27
83.777 28
83.8983 27
83.9133 26
83.9513 25
84.0712 24
84.0863 25
84.1065 24
84.1217 25
84.1368 24
84.1639 23
84.1791 24
84.1948 22
84.21 23
84.2251 24
84.2402 22
84.2553 23
84.2704 24
84.3494 23
84.3645 24
84.3795 23
84.394 24
84.4227 25
84.5062 26
84.52 25
84.5473 26
84.5724 25
84.586 26
84.6122 25
84.6257 26
84.6431 25
84.6565 26
84.6696 25
84.6832 26
84.7027 25
84.716 26
84.7424 25
84.7557 26
84.7778 25
84.791 26
84.8631 27
84.8894 26
84.9323 25
84.9479 26
84.9654 25
85.0364 24
85.0521 25
85.0972 24
85.1127 23
85.1598 22
85.1754 23
85.191 22
85.2066 23
85.2525 22
85.2681 23
85.2837 22
85.2992 23
85.3563 22
85.3718 23
85.3874 22
85.4027 23
85.433 24
85.448 23
85.4624 24
85.4768 23
85.491 24
85.5052 25
85.5195 24
85.5336 25
85.5477 24
85.5618 25
85.7922 26
85.806 25
85.8197 26
85.8663 25
85.88 26
85.9016 25
85.9153 26
85.9517 25
86.0489 23
86.1004 22
86.1165 23
86.1688 22
86.1849 23
86.2063 22
86.2224 23
86.277 21
86.2931 22
86.3092 23
86.3253 22
86.3414 23
86.3697 22
86.3858 23
86.4095 22
86.4256 23
86.4416 22
86.4574 23
86.5037 22
86.6126 21
86.6304 22
86.6766 21
86.712 20
86.7297 21
86.7848 20
86.8026 21
86.8224 20
86.8402 21
86.8579 20
86.9573 19
86.9751 18
87.0103 19
87.0277 20
87.0621 21
87.1041 22
87.1249 20
87.1416 21
87.1583 22
87.175 21
87.1915 22
87.208 21
87.2243 22
87.2441 21
87.2602 22
87.2794 21
87.2953 22
87.3479 21
87.3635 22
87.3964 21
87.4119 22
87.4318 21
87.4471 22
87.4715 21
87.4868 22
87.5157 21
87.5309 22
87.5598 21
87.5751 22
87.604 21
87.6193 22
87.6437 21
87.659 22
87.6791 21
87.6944 22
87.7188 21
87.7342 22
87.7586 21
87.7741 22
87.7983 21
87.8139 22
87.8557 21
87.8714 22
87.9065 21
87.9222 22
87.9418 21
87.9576 22
87.9816 21
87.9973 22
88.039 21
88.0547 22
88.0704 20
88.0859 21
88.1015 22
88.117 20
88.1322 12
88.1463 13
88.1603 12
88.1734 13
88.2349 14
88.2578 15
88.269 14
88.2796 15
88.2903 16
88.3009 15
88.3111 16
88.3213 17
88.3314 16
88.3412 17
88.3509 18
88.3607 17
88.3701 18
88.3795 19
88.3889 18
88.3979 19
88.407 20
88.4161 19
88.4249 20
88.4337 21
88.4425 19
88.4509 20
88.4594 21
88.4679 22
88.4764 20
88.4846 21
88.4927 22
88.5009 23
88.5091 22
88.5171 23
88.5251 24
88.5325 22
88.541 23
88.5488 24
88.5596 23
88.5747 24
88.5971 23
88.6045 24
88.6236 22
88.6309 23
88.6382 24
88.6567 23
88.664 24
88.6832 22
88.6905 23
88.6977 24
88.7119 22
88.7192 23
88.7264 24
88.7495 22
88.7567 23
88.764 24
88.7712 25
88.7782 23
88.7858 24
88.7931 25
88.8069 23
88.8142 24
88.8216 25
88.84 23
88.8474 24
88.8549 25
88.8731 24
88.8806 25
88.9085 24
88.9161 25
88.9394 24
88.9471 25
88.9659 24
88.9737 25
89.0012 23
89.0091 24
89.017 25
89.0343 23
89.0423 24
89.0503 25
89.0763 23
89.0844 24
89.0925 25
89.1087 24
89.1169 25
89.1955 24
89.2041 25
89.4097 24
89.4192 25
89.4936 24
89.5036 25
89.5236 26
89.5336 24
89.5438 25
89.5846 26
89.5949 25
89.6052 26
89.615 25
89.6365 26
89.657 25
89.6675 26
89.6967 25
89.7073 26
89.7409 25
89.7514 26
89.7762 25
89.7868 26
89.8292 25
89.8504 26
89.8623 25
89.873 26
89.9083 27
89.9263 25
89.9371 26
89.9478 27
89.9586 25
89.9693 26
89.9801 27
89.997 25
90.0078 26
90.0186 27
90.0345 25
90.0454 26
90.0563 27
90.0721 25
90.083 26
90.094 27
90.114 26
90.1251 27
90.1582 26
90.1693 27
90.2068 26
90.218 27
90.2465 26
90.2578 27
90.2995 26
90.3108 27
90.326 26
90.3374 27
90.3525 26
90.3639 27
90.3754 28
90.3922 27
90.4038 28
90.4231 27
90.4348 28
90.4496 27
90.4613 28
90.4761 27
90.4879 28
90.507 27
90.5189 28
90.538 26
90.5498 27
90.5617 28
90.5799 27
90.5919 28
90.6553 27
90.7588 26
90.7732 27
90.8051 26
90.8338 25
90.8483 26
90.8628 25
90.8919 26
90.9064 25
90.9354 24
90.95 25
91.0281 24
91.0428 25
91.0568 24
91.072 25
91.09 24
91.1046 25
91.1193 24
91.1339 25
91.1486 24
91.1629 25
91.2918 26
91.3328 25
91.3463 26
91.3615 25
91.3749 26
91.3902 25
91.4036 26
91.419 25
91.4453 26
91.4587 25
91.4717 26
91.4852 25
91.4981 26
91.5161 25
91.5289 26
91.5417 27
91.5545 26
91.5671 27
91.5798 26
91.5924 27
91.6088 26
91.6214 27
91.6927 26
91.7051 27
91.7413 26
91.7536 27
91.7766 26
91.7889 27
91.8164 26
91.8286 27
91.8517 26
91.864 27
91.8762 28
91.8885 27
91.9007 28
91.9135 27
91.9258 28
91.9445 27
91.9567 28
91.9754 27
91.9877 28
92.0019 27
92.0142 28
92.0372 27
92.0496 28
92.0681 26
92.0805 27
92.0929 28
92.1053 27
92.1178 28
92.1321 27
92.1446 28
92.2006 27
92.2131 28
92.2492 27
92.2616 28
92.2867 27
92.2992 28
92.3242 27
92.3367 28
92.364 26
92.3765 27
92.389 28
92.4015 27
92.4265 28
92.4516 27
92.5009 25
92.5156 26
92.5304 27
92.5452 26
92.5759 25
92.5907 26
92.6055 25
92.6349 24
92.6496 25
92.8166 24
92.8311 25
92.8519 24
92.8664 25
92.8851 24
92.8995 25
92.914 24
92.9284 25
92.9425 23
92.9568 24
92.9707 25
92.9977 24
93.0122 25
93.1061 26
93.1195 25
93.1724 26
93.1855 25
93.1985 26
93.2119 25
93.2246 26
93.2604 25
93.273 26
93.2913 25
93.3037 26
93.3178 25
93.3421 26
93.3598 25
93.3717 26
93.3836 27
93.3955 26
93.4073 27
93.4216 26
93.4333 27
93.4481 26
93.4597 27
93.4834 26
93.495 27
93.5188 26
93.5302 27
93.5497 26
93.5611 27
93.5762 26
93.5875 27
93.6071 26
93.6184 27
93.6336 26
93.6449 27
93.6645 26
93.6758 27
93.7131 26
93.7244 27
93.7356 28
93.7469 27
93.7582 28
93.7749 27
93.7862 28
93.8014 27
93.8127 28
93.8279 27
93.8392 28
93.8544 27
93.8657 28
93.8853 27
93.8966 28
93.9118 27
93.9232 28
93.9515 27
93.9629 28
93.9869 27
93.9983 28
94.0178 27
94.0292 28
94.0487 27
94.0601 28
94.0796 27
94.091 28
94.1061 27
94.1176 28
94.1414 27
94.1529 28
94.19 27
94.2015 28
94.2165 26
94.2281 27
94.2396 28
94.254 27
94.2656 28
94.2849 27
94.2966 28
94.3158 27
94.3275 28
94.3423 27
94.3541 28
94.3733 27
94.385 28
94.4042 27
94.416 28
94.4439 27
94.4558 28
94.477 27
94.4889 28
94.5101 27
94.5221 28
94.5477 27
94.5596 28
94.5786 27
94.5906 28
94.6051 27
94.6171 28
94.6404 27
94.6525 28
94.6868 27
94.6989 28
94.7155 26
94.7276 27
94.7397 28
94.7574 27
94.7696 28
94.7861 27
94.7983 28
94.8193 27
94.8315 28
94.8458 27
94.858 28
94.8723 27
94.8845 28
94.8958 27
94.909 28
94.9473 27
94.9596 28
94.9738 27
94.9861 28
95.0003 27
95.0125 28
95.0312 26
95.0433 27
95.0554 28
95.0675 27
95.0795 28
95.0909 27
95.1033 28
95.1152 29
95.1461 28
95.1578 29
95.177 28
95.1886 29
95.2035 28
95.215 29
95.2344 28
95.2458 29
95.2653 28
95.2767 29
95.3006 28
95.312 29
95.3271 28
95.3384 29
95.3536 28
95.3649 29
95.4221 28
95.4333 29
95.4485 28
95.4598 29
95.475 28
95.4863 29
95.5104 28
95.5216 29
95.5329 30
95.5441 28
95.5554 29
95.5666 30
95.5778 29
95.589 30
95.6003 29
95.6115 30
95.6318 29
95.6431 30
95.6627 29
95.674 30
95.6892 29
95.7005 30
95.7268 29
95.738 30
95.7577 29
95.7689 30
95.7908 29
95.802 30
95.8173 29
95.8285 30
95.8398 29
95.851 30
95.9122 29
95.9235 30
95.9454 29
95.9566 30
95.9718 29
95.9831 30
95.9944 31
96.0072 30
96.0185 31
96.0337 29
96.045 30
96.0562 31
96.0668 30
96.0788 31
96.0933 29
96.1046 30
96.1158 31
96.133 30
96.1443 31
96.1662 30
96.1774 31
96.1926 30
96.2039 31
96.2258 30
96.237 31
96.2589 30
96.2701 31
96.292 29
96.3032 30
96.3145 31
96.3273 30
96.3385 31
96.356 30
96.3672 31
96.4112 30
96.4224 31
96.4336 30
96.4448 31
96.4709 30
96.482 31
96.4931 32
96.5043 30
96.5154 31
96.5265 32
96.5393 30
96.5504 31
96.5615 32
96.5724 31
96.5836 32
96.5989 30
96.61 31
96.621 32
96.6342 31
96.6453 32
96.6674 31
96.6784 32
96.6983 31
96.7093 32
96.7292 31
96.7402 32
96.7579 31
96.7689 32
96.7844 30
96.7953 31
96.8063 32
96.8175 30
96.8284 31
96.8392 32
96.8838 30
96.8945 31
96.9052 32
96.9159 31
96.9265 32
96.9371 33
96.9477 31
96.9582 32
96.9686 33
96.9809 32
96.9913 33
97.0074 31
97.0177 32
97.0281 33
97.0405 32
97.0508 33
97.0714 31
97.0817 32
97.0919 33
97.1046 32
97.1148 33
97.1399 32
97.1501 33
97.1752 32
97.1854 33
97.2061 32
97.2162 33
97.2326 32
97.2427 33
97.2527 34
97.2635 32
97.2735 33
97.2835 34
97.2966 33
97.3066 34
97.3231 33
97.3331 34
97.3717 32
97.3815 33
97.3914 34
97.4004 33
97.411 34
97.4208 35
97.4306 34
97.4404 35
97.4534 33
97.4632 34
97.4729 35
97.4865 34
97.4962 35
97.5174 33
97.5271 34
97.5368 35
97.5465 36
97.5562 35
97.5658 36
97.5859 34
97.5955 35
97.6051 36
97.6286 37
97.6455 36
97.655 37
97.6808 36
97.6903 37
97.7095 35
97.719 36
97.7284 37
97.7472 36
97.7565 37
97.7839 36
97.7938 37
97.8427 38
97.8707 37
97.8889 38
97.9016 37
97.9197 38
97.9287 39
97.9392 37
97.9481 38
97.957 39
97.9679 38
97.9768 39
97.9944 38
98.0032 39
98.012 40
98.0253 38
98.034 39
98.0428 40
98.054 38
98.0627 39
98.0714 40
98.0915 38
98.1002 39
98.1088 40
98.1174 41
98.126 40
98.1346 41
98.1534 40
98.1618 41
98.1703 42
98.1887 41
98.1971 42
98.2196 39
98.2279 40
98.2362 41
98.2446 42
98.2529 40
98.2611 41
98.2694 42
98.2776 43
98.2859 41
98.2941 42
98.3022 43
98.3104 44
98.3186 43
98.3267 44
98.3388 43
98.3469 44
98.3742 42
98.3821 43
98.3901 44
98.398 45
98.4073 43
98.4151 44
98.423 45
98.436 43
98.4438 44
98.4516 45
98.4594 46
98.4672 44
98.475 45
98.4827 46
98.5066 44
98.5143 45
98.5219 46
98.5296 47
98.5372 45
98.5448 46
98.5524 47
98.564 45
98.5715 46
98.579 47
98.5865 48
98.5972 45
98.6046 46
98.612 47
98.6194 48
98.6268 49
98.6342 47
98.6415 48
98.6489 49
98.6612 47
98.6684 48
98.6756 49
98.6828 50
98.6899 48
98.6899 49
98.7043 50
98.723 47
98.723 48
98.737 49
98.737 50
98.7583 48
98.7583 49
98.7721 50
98.7893 48
98.7893 49
98.8029 50
98.8165 51
98.829 50
98.829 51
98.8424 52
98.8643 50
98.8643 51
98.8776 52
98.8776 53
98.893 51
98.893 52
98.9061 53
98.9078 52
98.9078 53
98.9438 51
98.9438 52
98.9567 53
98.9567 54
98.9725 52
98.9725 53
98.9853 54
98.9853 55
99.0012 51
99.0012 52
99.0138 53
99.0138 54
99.0264 55
99.0299 52
99.0299 53
99.0452 54
99.0452 55
99.0576 47
99.0576 48
99.0697 49
99.0697 50
99.0818 41
99.0818 42
99.0935 43
99.0935 44
99.1052 36
99.1052 37
99.1164 38
99.1276 30
99.1276 31
99.1381 32
99.1381 33
99.1486 31
99.1486 32
99.1586 33
99.1586 34
99.1685 35
99.1685 36
99.1784 33
99.1784 34
99.1878 35
99.1878 36
99.1972 37
99.2066 35
99.2066 36
99.2155 37
99.2244 38
99.2244 39
99.2334 37
99.2419 38
99.2419 39
99.2504 40
99.2504 41
99.2589 38
99.2589 39
99.267 40
99.267 41
99.2752 42
99.2752 43
99.2833 39
99.2833 40
99.2911 41
99.2911 42
99.2989 43
99.2989 44
99.3067 45
99.3067 46
99.3145 42
99.3145 43
99.322 44
99.322 45
99.3295 46
99.3295 47
99.337 43
99.337 44
99.3442 45
99.3442 46
99.3514 47
99.3514 48
99.3587 49
99.3587 50
99.3654 45
99.3654 46
99.3729 47
99.3729 48
99.3799 49
99.3799 50
99.3869 51
99.3939 48
99.3939 49
99.4007 50
99.4074 51
99.4074 52
99.4142 53
99.4142 54
99.421 50
99.421 51
99.4276 52
99.4276 53
99.4342 54
99.4342 55
99.4408 56
99.4408 57
99.4468 52
99.4468 53
99.4538 54
99.4538 55
99.4603 56
99.4603 57
99.4721 52
99.4721 53
99.4783 54
99.4783 55
99.4846 56
99.4846 57
99.5192 52
99.5192 53
99.5255 54
99.5255 55
99.5318 56
99.5318 57
99.5546 52
99.5546 53
99.5608 54
99.5608 55
99.5671 56
99.5671 57
99.5855 52
99.5855 53
99.5918 54
99.5918 55
99.5981 56
99.5981 57
99.6164 52
99.6164 53
99.6228 54
99.6228 55
99.6291 56
99.6291 57
99.6517 52
99.6517 53
99.6582 54
99.6582 55
99.6646 56
99.6646 57
99.6826 52
99.6826 53
99.6892 54
99.6892 55
99.6958 56
99.6958 57
99.7135 52
99.7135 53
99.7195 54
99.7271 55
99.7271 56
99.7339 57
99.7467 53
99.7467 54
99.7536 55
99.7536 56
99.7606 57
99.7606 58
99.7754 53
99.7754 54
99.7825 55
99.7825 56
99.7896 57
99.7896 58
99.8063 53
99.8063 54
99.8135 55
99.8135 56
99.8208 57
99.8208 58
99.8416 57
99.8416 58
99.8769 53
99.8769 54
99.8845 55
99.8845 56
99.8921 57
99.8921 58
99.9167 53
99.9167 54
99.9244 55
99.9244 56
99.9322 57
99.9322 58
99.9608 53
99.9608 54
99.9688 55
99.9688 56
99.9767 57
99.9767 58
100.001 53
100.001 54
100.009 55
100.009 56
100.017 57
100.017 58
100.045 53
100.045 54
100.053 55
100.053 56
100.061 57
100.061 58
100.08 55
100.08 56
100.089 57
100.089 58
100.107 55
100.107 56
100.115 57
100.115 58
100.133 55
100.133 56
100.142 57
100.142 58
100.16 54
100.16 55
100.169 56
100.169 57
100.177 58
100.177 59
100.193 54
100.193 55
100.202 56
100.202 57
100.211 58
100.211 59
100.228 56
100.228 57
100.237 58
100.237 59
100.259 56
100.259 57
100.268 58
100.268 59
100.29 58
100.29 59
100.33 54
100.33 55
100.339 56
100.339 57
100.349 58
100.349 59
100.374 54
100.374 55
100.384 56
100.384 57
100.394 58
100.394 59
100.427 54
100.427 55
100.437 56
100.437 57
100.447 58
100.447 59
100.475 54
100.475 55
100.486 56
100.486 57
100.496 58
100.496 59
100.528 54
100.528 55
100.539 56
100.539 57
100.549 58
100.549 59
100.572 56
100.572 57
100.583 58
100.583 59
100.603 56
100.603 57
100.614 58
100.614 59
100.634 56
100.634 57
100.645 58
100.645 59
100.665 54
100.665 55
100.676 56
100.676 57
100.687 58
100.687 59
100.698 60
100.701 55
100.701 56
100.715 57
100.715 58
100.726 59
100.726 60
100.737 59
100.737 60
100.749 58
100.751 57
100.8 56
100.8 57
100.835 54
100.835 55
100.849 56
100.859 55
100.859 56
100.872 54
100.872 55
100.887 54
100.91 53
100.946 50
100.946 51
100.96 52
100.985 48
100.985 49
100.999 50
101.014 51
101.014 52
101.038 48
101.038 49
101.052 50
101.067 51
101.078 50
101.106 49
101.106 50
101.138 48
101.138 49
101.152 50
101.173 47
101.173 48
101.187 49
101.187 50
101.201 46
101.201 47
101.216 45
101.216 46
101.23 44
101.23 45
101.244 46
101.244 47
101.257 46
101.257 47
101.272 48
101.272 49
101.286 48
101.286 49
101.3 50
101.314 48
101.314 49
101.327 50
101.341 48
101.341 49
101.354 50
101.367 51
101.367 52
101.383 51
101.383 52
101.396 53
101.414 51
101.414 52
101.427 53
101.451 50
101.451 51
101.464 52
101.464 53
101.487 51
101.487 52
101.499 53
101.499 54
101.513 52
101.513 53
101.526 54
101.542 51
101.542 52
101.554 53
101.554 54
101.568 52
101.568 53
101.581 54
101.597 52
101.597 53
101.609 54
101.63 51
101.63 52
101.642 53
101.642 54
101.655 55
101.665 52
101.665 53
101.678 54
101.678 55
101.701 52
101.701 53
101.713 54
101.713 55
101.732 52
101.732 53
101.744 54
101.744 55
101.763 52
101.763 53
101.775 54
101.775 55
101.798 52
101.798 53
101.81 54
101.81 55
101.822 56
101.833 53
101.833 54
101.846 55
101.846 56
101.864 53
101.864 54
101.877 55
101.877 56
101.893 55
101.893 56
101.905 55
101.905 56
101.918 55
101.961 54
101.969 55
101.976 54
101.984 55
102 52
102.014 51
102.067 50
102.082 48
102.138 45
102.145 46
102.153 47
102.16 48
102.169 44
102.176 45
102.184 46
102.191 47
102.199 48
102.206 45
102.214 46
102.221 47
102.229 48
102.242 45
102.249 46
102.257 47
102.264 48
102.272 45
102.279 46
102.287 47
102.294 48
102.308 44
102.315 45
102.323 46
102.33 47
102.338 48
102.346 45
102.353 46
102.361 47
102.368 48
102.376 45
102.383 46
102.391 47
102.398 44
102.406 45
102.413 46
102.421 47
102.428 46
102.435 47
102.443 48
102.45 49
102.463 46
102.47 47
102.477 48
102.484 49
102.498 48
102.505 49
102.512 50
102.529 48
102.536 49
102.543 50
102.564 49
102.564 50
102.628 48
102.628 49
102.642 50
102.655 47
102.655 48
102.669 49
102.669 50
102.686 48
102.686 49
102.7 50
102.712 47
102.712 48
102.726 49
102.726 50
102.745 48
102.745 49
102.761 50
102.778 49
102.778 50
102.807 47
102.807 48
102.821 49
102.821 50
102.842 48
102.842 49
102.856 50
102.871 48
102.871 49
102.885 50
102.902 48
102.902 49
102.916 50
102.937 49
102.937 50
102.97 49
102.97 50
103.039 48
103.047 49
103.055 50
103.067 48
103.076 49
103.114 46
103.122 47
103.13 48
103.138 49
103.147 47
103.155 48
103.169 44
103.177 45
103.185 46
103.193 47
103.207 43
103.215 44
103.223 45
103.231 46
103.239 47
103.247 44
103.255 45
103.263 46
103.271 44
103.279 45
103.287 46
103.304 43
103.312 44
103.32 45
103.33 43
103.338 44
103.346 45
103.359 42
103.367 43
103.375 44
103.394 41
103.402 42
103.41 43
103.434 41
103.442 42
103.45 43
103.469 40
103.485 41
103.493 42
103.501 43
103.517 44
103.538 42
103.546 43
103.554 44
103.561 45
103.569 44
103.577 45
103.611 43
103.618 44
103.626 45
103.639 43
103.647 44
103.655 45
103.668 42
103.676 43
103.684 44
103.691 45
103.708 42
103.716 43
103.723 44
103.731 45
103.743 42
103.751 43
103.759 44
103.766 45
103.778 43
103.786 44
103.794 45
103.802 46
103.812 44
103.819 45
103.827 46
103.84 44
103.848 45
103.856 46
103.867 44
103.875 45
103.882 46
103.9 44
103.908 45
103.915 46
103.937 44
103.945 45
103.953 46
103.966 43
103.974 44
103.982 45
103.989 46
103.997 44
104.005 45
104.012 46
104.035 43
104.042 44
104.05 45
104.058 46
104.066 45
104.073 46
104.105 44
104.113 45
104.12 46
104.134 44
104.142 45
104.149 46
104.167 43
104.175 44
104.182 45
104.19 46
104.197 47
104.205 45
104.213 46
104.22 47
104.231 45
104.239 46
104.246 47
104.262 45
104.27 46
104.277 47
104.291 44
104.298 45
104.306 46
104.313 47
104.322 45
104.329 46
104.337 47
104.355 43
104.362 44
104.37 45
104.377 46
104.385 47
104.392 45
104.4 46
104.408 47
104.425 44
104.433 45
104.44 46
104.448 47
104.461 44
104.468 45
104.476 44
104.483 45
104.491 46
104.498 47
104.52 45
104.528 46
104.535 47
104.549 45
104.556 46
104.564 47
104.593 45
104.601 46
104.608 47
104.622 45
104.629 46
104.637 47
104.655 44
104.662 45
104.67 46
104.677 47
104.686 44
104.693 45
104.701 46
104.708 47
104.721 45
104.729 46
104.736 47
104.75 45
104.757 46
104.765 47
104.776 44
104.784 45
104.791 46
104.799 47
104.806 45
104.813 46
104.82 47
104.836 44
104.843 45
104.851 46
104.858 47
104.871 45
104.879 46
104.886 47
104.898 45
104.905 46
104.913 47
104.933 44
104.941 45
104.948 46
104.955 47
104.966 44
104.974 45
104.981 46
104.988 47
105.006 44
105.013 45
105.021 46
105.028 47
105.037 46
105.044 47
105.068 45
105.075 46
105.082 47
105.097 45
105.104 46
105.111 47
105.125 44
105.133 45
105.14 46
105.147 47
105.154 44
105.154 45
105.169 46
105.169 47
105.187 45
105.187 46
105.201 47
105.216 44
105.216 45
105.23 46
105.23 47
105.251 45
105.251 46
105.265 47
105.28 45
105.28 46
105.294 47
105.306 44
105.306 45
105.321 46
105.321 47
105.342 45
105.342 46
105.356 47
105.368 45
105.368 46
105.382 47
105.399 44
105.399 45
105.413 46
105.413 47
105.434 44
105.434 45
105.449 46
105.449 47
105.479 44
105.479 45
105.493 46
105.493 47
105.507 48
105.514 47
105.514 48
105.54 46
105.54 47
105.554 48
105.574 46
105.574 47
105.588 48
105.602 45
105.602 46
105.616 47
105.616 48
105.633 45
105.633 46
105.647 47
105.647 48
105.669 46
105.669 47
105.683 48
105.702 45
105.702 46
105.716 47
105.716 48
105.741 46
105.741 47
105.755 48
105.77 45
105.77 46
105.784 47
105.784 48
105.798 46
105.798 47
105.812 48
105.834 46
105.834 47
105.848 48
105.867 46
105.867 47
105.881 48
105.896 45
105.896 46
105.91 47
105.91 48
105.931 45
105.931 46
105.946 47
105.946 48
105.982 45
105.982 46
105.996 47
105.996 48
106.011 49
106.013 47
106.013 48
106.032 49
106.046 47
106.053 48
106.06 49
106.079 47
106.086 48
106.094 49
106.108 46
106.115 47
106.122 48
106.13 49
106.143 46
106.15 47
106.158 48
106.165 49
106.176 47
106.184 48
106.191 49
106.209 46
106.217 47
106.224 48
106.231 49
106.251 47
106.259 48
106.266 49
106.28 47
106.287 46
106.295 47
106.302 46
106.344 45
106.353 46
106.377 44
106.386 45
106.395 46
106.404 43
106.412 44
106.421 45
106.439 42
106.448 43
106.456 44
106.465 45
106.488 42
106.496 43
106.505 44
106.514 42
106.523 43
106.531 44
106.543 41
106.552 42
106.56 43
106.58 41
106.589 42
106.598 43
106.607 40
106.616 41
106.624 42
106.642 39
106.651 40
106.659 41
106.668 42
106.677 40
106.685 41
106.694 42
106.704 39
106.713 40
106.721 41
106.744 39
106.752 40
106.761 41
106.774 38
106.782 39
106.791 40
106.799 41
106.808 42
106.816 41
106.824 42
106.832 43
106.843 42
106.851 43
106.859 44
106.876 42
106.884 43
106.892 44
106.905 42
106.913 43
106.921 44
106.934 42
106.942 43
106.949 44
106.971 41
106.979 42
106.987 43
106.995 44
107.007 41
107.014 42
107.022 43
107.03 44
107.037 42
107.045 43
107.053 44
107.061 45
107.068 43
107.076 44
107.084 45
107.097 43
107.105 44
107.112 45
107.126 42
107.133 43
107.141 44
107.148 45
107.161 43
107.169 44
107.176 45
107.183 46
107.19 45
107.198 46
107.216 45
107.224 46
107.243 43
107.25 44
107.257 45
107.265 46
107.278 44
107.285 45
107.293 46
107.307 44
107.314 45
107.321 46
107.336 44
107.343 45
107.35 46
107.369 44
107.369 45
107.383 46
107.383 47
107.397 46
107.397 47
107.419 46
107.419 47
107.446 45
107.446 46
107.46 47
107.475 45
107.475 46
107.489 47
107.503 44
107.503 45
107.518 46
107.518 47
107.539 44
107.539 45
107.553 46
107.553 47
107.57 46
107.57 47
107.596 44
107.596 45
107.61 46
107.61 47
107.631 45
107.631 46
107.646 47
107.646 48
107.66 46
107.66 47
107.674 48
107.687 47
107.687 48
107.713 47
107.713 48
107.74 45
107.747 46
107.754 47
107.761 48
107.775 46
107.782 47
107.789 48
107.808 46
107.815 47
107.823 48
107.837 46
107.844 47
107.851 48
107.87 45
107.877 46
107.884 47
107.892 48
107.901 45
107.908 46
107.915 47
107.923 48
107.949 46
107.957 47
107.964 48
107.978 46
107.985 47
107.993 48
108.011 45
108.019 46
108.026 47
108.033 48
108.047 46
108.069 47
108.076 48
108.083 46
108.092 47
108.112 46
108.129 47
108.138 45
108.166 43
108.174 44
108.183 45
108.192 42
108.201 43
108.21 44
108.241 41
108.25 42
108.258 43
108.267 44
108.276 42
108.285 43
108.303 41
108.311 42
108.32 43
108.334 41
108.342 42
108.367 39
108.375 40
108.384 41
108.393 42
108.401 39
108.41 40
108.418 41
108.442 39
108.45 40
108.459 41
108.47 39
108.479 40
108.488 41
108.504 39
108.512 40
108.521 41
108.53 39
108.539 40
108.547 41
108.559 38
108.567 39
108.576 40
108.584 41
108.594 40
108.602 41
108.611 42
108.623 40
108.631 41
108.639 42
108.647 43
108.669 40
108.677 41
108.685 42
108.694 43
108.705 42
108.713 43
108.735 41
108.743 42
108.752 43
108.76 44
108.768 42
108.776 43
108.784 44
108.799 42
108.815 43
108.823 44
108.837 43
108.845 44
108.863 41
108.871 42
108.879 43
108.887 44
108.894 43
108.903 44
108.911 45
108.921 43
108.929 44
108.936 45
108.95 42
108.957 43
108.965 44
108.973 45
108.985 43
108.993 44
109 45
109.014 42
109.021 43
109.029 44
109.036 45
109.045 43
109.052 44
109.06 45
109.073 43
109.081 44
109.088 45
109.096 46
109.106 44
109.114 45
109.121 46
109.139 44
109.147 45
109.154 46
109.168 44
109.176 45
109.183 46
109.21 43
109.217 44
109.225 45
109.232 46
109.241 44
109.248 45
109.256 46
109.274 44
109.281 45
109.289 46
109.301 44
109.308 45
109.315 46
109.322 47
109.338 45
109.345 46
109.353 47
109.367 44
109.374 45
109.381 46
109.389 47
109.402 45
109.409 46
109.417 47
109.431 44
109.438 45
109.445 46
109.453 47
109.471 45
109.471 46
109.485 47
109.499 44
109.499 45
109.514 46
109.514 47
109.535 45
109.542 46
109.549 47
109.563 44
109.571 45
109.578 46
109.585 47
109.599 45
109.606 46
109.613 47
109.632 45
109.639 46
109.646 47
109.661 45
109.668 46
109.675 47
109.682 48
109.703 46
109.71 47
109.717 48
109.731 45
109.738 46
109.746 47
109.753 48
109.771 46
109.778 47
109.785 48
109.797 45
109.805 46
109.812 47
109.819 48
109.839 46
109.847 47
109.854 48
109.87 45
109.878 46
109.885 47
109.892 48
109.906 46
109.913 47
109.92 48
109.934 45
109.942 46
109.949 47
109.956 48
109.97 44
109.977 45
109.984 46
109.992 47
109.999 38
109.999 39
110.013 40
110.013 41
110.027 33
110.027 34
110.041 25
110.041 26
110.054 27
110.054 28
110.067 24
110.067 25
110.079 26
110.091 27
110.091 28
110.103 25
110.103 26
110.115 27
110.115 28
110.126 29
110.126 30
110.137 28
110.137 29
110.148 30
110.148 31
110.159 32
110.159 33
110.17 30
110.17 31
110.18 32
110.18 33
110.19 34
110.19 35
110.2 32
110.2 33
110.21 34
110.21 35
110.22 36
110.22 37
110.23 34
110.23 35
110.239 36
110.239 37
110.248 38
110.258 36
110.258 37
110.267 38
110.276 39
110.276 40
110.284 37
110.284 38
110.293 39
110.293 40
110.302 41
110.302 42
110.31 38
110.31 39
110.319 40
110.319 41
110.327 42
110.327 43
110.335 40
110.335 41
110.343 42
110.343 43
110.351 44
110.351 45
110.36 41
110.36 42
110.367 41
110.367 42
110.375 43
110.375 44
110.383 45
110.383 46
110.39 47
110.39 48
110.401 43
110.401 44
110.408 45
110.408 46
110.416 47
110.416 48
110.435 43
110.435 44
110.442 45
110.442 46
110.45 47
110.45 48
110.457 49
110.47 44
110.47 45
110.478 46
110.478 47
110.485 48
110.485 49
110.501 46
110.501 47
110.509 48
110.509 49
110.532 44
110.532 45
110.54 46
110.54 47
110.547 48
110.547 49
110.563 44
110.563 45
110.57 46
110.57 47
110.578 48
110.578 49
110.599 44
110.599 45
110.606 46
110.606 47
110.613 48
110.613 49
110.629 44
110.629 45
110.637 46
110.637 47
110.644 48
110.644 49
110.66 44
110.66 45
110.668 46
110.668 47
110.675 48
110.675 49
110.696 44
110.696 45
110.703 46
110.703 47
110.71 48
110.718 49
110.718 50
110.738 46
110.738 47
110.745 48
110.745 49
110.753 50
110.771 46
110.771 47
110.779 48
110.779 49
110.786 50
110.804 47
110.804 48
110.812 49
110.812 50
110.83 49
110.83 50
110.857 45
110.857 46
110.865 47
110.865 48
110.873 49
110.873 50
110.892 45
110.892 46
110.901 47
110.901 48
110.909 49
110.909 50
110.941 45
110.941 46
110.949 47
110.949 48
110.958 49
110.958 50
110.976 45
110.976 46
110.985 47
110.985 48
110.993 49
110.993 50
111.02 45
111.02 46
111.029 47
111.029 48
111.038 49
111.038 50
111.064 45
111.064 46
111.073 47
111.073 48
111.082 49
111.082 50
111.095 48
111.095 49
111.105 50
111.131 49
111.131 50
111.159 47
111.159 48
111.169 49
111.169 50
111.201 48
111.201 49
111.211 50
111.228 48
111.228 49
111.238 50
111.263 48
111.263 49
111.273 50
111.29 46
111.29 47
111.3 48
111.3 49
111.31 50
111.338 46
111.338 47
111.348 48
111.348 49
111.359 50
111.378 46
111.378 47
111.388 48
111.388 49
111.399 50
111.422 46
111.422 47
111.433 48
111.433 49
111.443 50
111.471 46
111.471 47
111.481 48
111.481 49
111.492 50
111.502 51
111.51 48
111.51 49
111.521 50
111.532 51
111.548 50
111.559 51
111.577 49
111.577 50
111.588 51
111.608 50
111.619 51
111.641 49
111.641 50
111.652 51
111.667 50
111.667 51
111.694 49
111.694 50
111.705 51
111.725 47
111.725 48
111.736 49
111.736 50
111.747 51
111.766 50
111.777 51
111.793 50
111.805 51
111.822 49
111.822 50
111.833 51
111.848 50
111.848 51
111.879 49
111.879 50
111.891 51
111.906 50
111.906 51
111.937 49
111.937 50
111.948 51
111.96 52
111.963 50
111.963 51
111.978 52
111.992 50
112.004 51
112.004 52
112.018 50
112.018 51
112.031 52
112.051 50
112.051 51
112.064 52
112.085 50
112.097 51
112.097 52
112.115 50
112.115 51
112.128 52
112.144 50
112.157 51
112.157 52
112.184 50
112.197 51
112.197 52
112.215 48
112.215 49
112.228 50
112.24 51
112.24 52
112.255 50
112.267 51
112.267 52
112.281 50
112.294 51
112.294 52
112.316 50
112.329 51
112.329 52
112.361 50
112.373 51
112.373 52
112.396 51
112.396 52
112.422 50
112.435 51
112.435 52
112.448 53
112.449 50
112.449 51
112.467 52
112.467 53
112.486 50
112.486 51
112.499 52
112.499 53
112.513 51
112.513 52
112.526 53
112.546 51
112.546 52
112.559 53
112.579 50
112.579 51
112.592 52
112.592 53
112.61 51
112.61 52
112.623 53
112.643 50
112.643 51
112.656 52
112.656 53
112.678 50
112.678 51
112.692 52
112.692 53
112.714 50
112.714 51
112.727 52
112.727 53
112.745 50
112.745 51
112.758 52
112.758 53
112.776 51
112.776 52
112.789 51
112.789 52
112.801 50
112.81 51
112.837 50
112.845 51
112.868 49
112.876 50
112.932 48
112.94 49
112.948 50
112.956 47
112.964 48
112.972 46
112.979 47
112.987 48
112.995 49
113.003 46
113.011 47
113.019 48
113.032 46
113.04 47
113.047 48
113.063 46
113.071 47
113.098 44
113.106 45
113.114 46
113.122 47
113.129 45
113.137 46
113.16 43
113.168 44
113.176 45
113.183 46
113.195 43
113.203 44
113.211 45
113.219 46
113.226 43
113.234 44
113.242 45
113.25 46
113.259 43
113.267 44
113.275 45
113.283 46
113.29 43
113.298 44
113.306 45
113.313 46
113.321 47
113.334 46
113.342 47
113.349 48
113.363 46
113.37 47
113.378 48
113.398 46
113.406 47
113.413 48
113.427 44
113.434 45
113.442 46
113.449 47
113.456 45
113.456 46
113.47 47
113.47 48
113.485 45
113.485 46
113.499 47
113.499 48
113.513 46
113.513 47
113.527 48
113.527 49
113.541 48
113.541 49
113.573 46
113.573 47
113.587 48
113.587 49
113.6 50
113.606 49
113.606 50
113.637 48
113.637 49
113.65 50
113.663 47
113.663 48
113.677 49
113.677 50
113.699 47
113.699 48
113.712 49
113.712 50
113.73 47
113.73 48
113.743 49
113.743 50
113.758 47
113.758 48
113.772 49
113.772 50
113.789 49
113.789 50
113.842 49
113.842 50
113.871 48
113.871 49
113.884 50
113.902 48
113.902 49
113.915 50
113.933 48
113.933 49
113.946 50
113.959 48
113.959 49
113.972 50
113.985 51
113.99 49
113.99 50
114.004 51
114.03 48
114.03 49
114.043 50
114.055 51
114.068 50
114.068 51
114.092 49
114.092 50
114.104 51
114.131 49
114.131 50
114.144 51
114.169 49
114.169 50
114.181 51
114.2 49
114.2 50
114.212 51
114.225 52
114.235 49
114.235 50
114.248 51
114.26 52
114.268 50
114.268 51
114.281 52
114.306 50
114.306 51
114.318 52
114.334 50
114.347 51
114.347 52
114.37 50
114.382 51
114.382 52
114.405 50
114.418 51
114.418 52
114.432 50
114.444 51
114.444 52
114.463 49
114.463 50
114.475 51
114.488 52
114.509 50
114.521 51
114.521 52
114.535 50
114.548 51
114.548 52
114.575 50
114.588 51
114.588 52
114.6 53
114.615 50
114.615 51
114.628 52
114.628 53
114.655 50
114.655 51
114.667 52
114.667 53
114.694 50
114.694 51
114.707 52
114.707 53
114.721 51
114.721 52
114.734 53
114.75 50
114.762 51
114.762 52
114.775 53
114.781 52
114.781 53
114.807 52
114.807 53
114.836 50
114.836 51
114.849 52
114.849 53
114.871 50
114.871 51
114.884 52
114.884 53
114.902 50
114.902 51
114.915 52
114.915 53
114.933 50
114.933 51
114.946 52
114.946 53
114.964 50
114.964 51
114.977 52
114.977 53
114.99 51
114.99 52
115.003 53
115.019 50
115.019 51
115.032 52
115.032 53
115.045 52
115.045 53
115.072 50
115.072 51
115.085 52
115.085 53
115.098 51
115.098 52
115.112 53
115.127 52
115.127 53
115.154 50
115.154 51
115.167 52
115.167 53
115.189 50
115.189 51
115.202 52
115.202 53
115.22 51
115.22 52
115.233 53
115.249 50
115.249 51
115.262 52
115.275 53
115.282 50
115.282 51
115.295 52
115.295 53
115.335 50
115.348 51
115.348 52
115.361 53
115.361 51
115.361 52
115.38 53
115.39 50
115.39 51
115.403 52
115.403 53
115.425 50
115.425 51
115.438 52
115.438 53
115.456 50
115.456 51
115.469 52
115.469 53
115.491 50
115.491 51
115.505 52
115.505 53
115.518 51
115.518 52
115.531 53
115.547 52
115.547 53
115.573 50
115.573 51
115.586 52
115.586 53
115.602 51
115.602 52
115.615 53
115.628 52
115.628 53
115.655 50
115.655 51
115.668 52
115.668 53
115.69 50
115.69 51
115.703 52
115.703 53
115.721 51
115.721 52
115.734 53
115.748 50
115.761 51
115.761 52
115.774 53
115.781 50
115.781 51
115.794 52
115.794 53
115.825 50
115.825 51
115.838 52
115.838 53
115.851 49
115.851 50
115.864 51
115.878 52
115.878 53
115.891 50
115.891 51
115.904 52
115.904 53
115.926 49
115.926 50
115.939 51
115.952 52
115.952 53
115.975 50
115.975 51
115.988 52
115.988 53
116.002 51
116.002 52
116.014 53
116.03 50
116.03 51
116.043 52
116.043 53
116.066 50
116.066 51
116.078 52
116.078 53
116.096 51
116.096 52
116.109 53
116.134 50
116.134 51
116.147 52
116.147 53
116.174 50
116.174 51
116.187 52
116.187 53
116.205 50
116.205 51
116.217 52
116.217 53
116.231 51
116.231 52
116.244 53
116.26 50
116.26 51
116.273 52
116.273 53
116.286 52
116.286 53
116.313 51
116.313 52
116.326 53
116.342 50
116.342 51
116.354 52
116.354 53
116.372 50
116.372 51
116.385 52
116.385 53
116.403 50
116.403 51
116.416 52
116.416 53
116.437 50
116.437 51
116.449 52
116.449 53
116.476 50
116.476 51
116.489 52
116.489 53
116.503 51
116.503 52
116.516 53
116.534 50
116.534 51
116.547 52
116.547 53
116.565 50
116.565 51
116.578 52
116.578 53
116.595 51
116.595 52
116.609 53
116.609 54
116.631 51
116.631 52
116.644 53
116.644 54
116.671 51
116.671 52
116.684 53
116.684 54
116.697 51
116.697 52
116.71 53
116.71 54
116.728 51
116.728 52
116.741 53
116.741 54
116.754 52
116.754 53
116.767 54
116.781 53
116.781 54
116.807 50
116.807 51
116.82 52
116.82 53
116.833 54
116.843 51
116.843 52
116.856 53
116.856 54
116.878 51
116.878 52
116.891 53
116.891 54
116.909 51
116.909 52
116.922 53
116.922 54
116.94 53
116.94 54
116.969 50
116.969 51
116.981 52
116.981 53
116.994 54
117.004 52
117.004 53
117.017 54
117.035 51
117.035 52
117.048 53
117.048 54
117.07 51
117.07 52
117.083 53
117.083 54
117.101 51
117.101 52
117.114 53
117.114 54
117.136 53
117.136 54
117.163 51
117.163 52
117.176 53
117.176 54
117.194 51
117.194 52
117.207 53
117.207 54
117.229 51
117.229 52
117.242 53
117.242 54
117.255 55
117.258 51
117.258 52
117.274 53
117.274 54
117.287 55
117.306 52
117.306 53
117.319 54
117.319 55
117.337 52
117.337 53
117.35 54
117.35 55
117.364 53
117.364 54
117.377 55
117.399 52
117.399 53
117.412 54
117.412 55
117.43 52
117.43 53
117.443 54
117.456 55
117.472 51
117.472 52
117.485 53
117.485 54
117.498 55
117.507 53
117.507 54
117.52 55
117.538 52
117.538 53
117.551 54
117.551 55
117.564 56
117.569 53
117.569 54
117.583 55
117.583 56
117.6 53
117.6 54
117.613 55
117.613 56
117.631 53
117.631 54
117.644 55
117.644 56
117.662 53
117.662 54
117.674 55
117.674 56
117.693 53
117.693 54
117.705 55
117.705 56
117.724 52
117.724 53
117.736 54
117.736 55
117.749 56
117.757 54
117.757 55
117.769 56
117.769 57
117.79 54
117.79 55
117.802 56
117.802 57
117.817 54
117.817 55
117.829 56
117.829 57
117.843 55
117.843 56
117.855 57
117.881 54
117.881 55
117.893 56
117.893 57
117.916 54
117.916 55
117.928 56
117.928 57
117.942 55
117.942 56
117.954 57
117.954 58
117.971 56
117.971 57
117.983 58
118 55
118 56
118.012 57
118.012 58
118.026 56
118.026 57
118.038 58
118.055 54
118.055 55
118.067 56
118.067 57
118.079 58
118.093 55
118.093 56
118.104 57
118.104 58
118.116 59
118.128 56
118.128 57
118.14 58
118.14 59
118.159 56
118.159 57
118.171 58
118.171 59
118.198 56
118.198 57
118.21 58
118.21 59
118.232 56
118.232 57
118.243 58
118.243 59
118.255 60
118.258 56
118.258 57
118.273 58
118.273 59
118.285 60
118.3 55
118.3 56
118.312 57
118.312 58
118.324 59
118.324 60
118.34 57
118.34 58
118.352 59
118.352 60
118.366 59
118.366 60
118.378 61
118.393 59
118.393 60
118.405 61
118.424 58
118.424 59
118.435 60
118.435 61
118.45 58
118.45 59
118.462 60
118.462 61
118.477 59
118.477 60
118.488 61
118.488 62
118.503 59
118.503 60
118.515 61
118.515 62
118.53 60
118.53 61
118.541 62
118.551 58
118.551 59
118.563 60
118.563 61
118.574 62
118.592 59
118.592 60
118.603 61
118.603 62
118.622 59
118.622 60
118.634 61
118.634 62
118.66 60
118.66 61
118.671 62
118.704 60
118.704 61
118.715 62
118.727 63
118.733 60
118.733 61
118.744 62
118.755 63
118.766 60
118.766 61
118.777 62
118.788 63
118.788 64
118.799 61
118.799 62
118.81 63
118.821 64
118.826 62
118.838 63
118.838 64
118.852 62
118.852 63
118.863 64
118.863 65
118.881 63
118.881 64
118.892 65
118.909 63
118.909 64
118.92 65
118.94 62
118.94 63
118.951 64
118.951 65
118.962 66
118.967 63
118.967 64
118.978 65
118.978 66
118.996 62
119.006 63
119.006 64
119.017 65
119.017 66
119.035 63
119.035 64
119.046 65
119.046 66
119.057 67
119.062 64
119.062 65
119.072 66
119.072 67
119.097 63
119.097 64
119.108 65
119.108 66
119.118 67
119.118 68
119.13 65
119.13 66
119.141 67
119.141 68
119.157 65
119.157 66
119.167 67
119.167 68
119.178 69
119.211 66
119.211 67
119.222 65
119.252 62
119.252 63
119.264 64
119.264 65
119.284 63
119.295 62
119.317 61
119.317 62
119.329 61
119.33 60
119.369 57
119.369 58
119.381 59
119.395 56
119.395 57
119.407 58
119.407 59
119.439 54
119.439 55
119.451 56
119.451 57
119.463 58
119.463 59
119.476 55
119.476 56
119.488 57
119.488 58
119.499 55
119.499 56
119.512 57
119.512 58
119.523 59
119.526 54
119.526 55
119.541 56
119.541 57
119.553 55
119.553 56
119.565 57
119.565 58
119.577 59
119.581 56
119.581 57
119.595 58
119.595 59
119.607 56
119.607 57
119.619 58
119.619 59
119.634 56
119.634 57
119.646 58
119.646 59
119.66 56
119.66 57
119.672 58
119.672 59
119.704 56
119.704 57
119.716 58
119.716 59
119.728 60
119.744 57
119.744 58
119.755 59
119.755 60
119.767 61
119.767 62
119.778 59
119.778 60
119.79 61
119.79 62
119.813 58
119.813 59
119.824 60
119.824 61
119.835 62
119.861 59
119.861 60
119.872 61
119.872 62
119.925 60
119.925 61
119.936 62
119.947 63
119.952 60
119.952 61
119.964 62
119.975 63
119.978 62
119.991 63
120.007 60
120.007 61
120.018 62
120.029 63
120.036 60
120.036 61
120.046 62
120.057 63
120.061 61
120.061 62
120.074 63
120.085 64
120.097 61
120.097 62
120.108 63
120.119 64
120.124 62
120.124 63
120.135 64
120.153 62
120.163 63
120.163 64
120.179 63
120.179 64
120.206 62
120.216 63
120.216 64
120.227 65
120.232 62
120.232 63
120.244 64
120.244 65
120.259 62
120.269 63
120.269 64
120.28 65
120.296 62
120.296 63
120.307 64
120.307 65
120.331 62
120.331 63
120.342 64
120.342 65
120.36 62
120.371 63
120.371 64
120.382 65
120.382 66
120.398 63
120.398 64
120.408 65
120.408 66
120.433 62
120.433 63
120.444 64
120.444 65
120.454 66
120.466 62
120.466 63
120.477 64
120.477 65
120.487 66
120.494 63
120.494 64
120.505 65
120.505 66
120.521 63
120.521 64
120.532 65
120.532 66
120.554 62
120.554 63
120.565 64
120.565 65
120.576 66
120.576 67
120.586 64
120.586 65
120.597 66
120.597 67
120.607 64
120.607 65
120.618 66
120.618 67
120.634 65
120.634 66
120.645 67
120.66 64
120.66 65
120.671 66
120.671 67
120.682 66
120.682 67
120.692 65
120.724 62
120.737 63
120.737 64
120.749 65
120.751 62
120.768 63
120.768 64
120.78 62
120.792 63
120.806 61
120.806 62
120.818 63
120.833 59
120.833 60
120.845 61
120.845 62
120.864 60
120.864 61
120.876 62
120.885 53
120.885 54
120.897 55
120.897 56
120.909 48
120.909 49
120.92 50
120.932 42
120.932 43
120.943 44
120.943 45
120.954 46
120.954 47
120.965 39
120.965 40
120.976 41
120.976 42
120.986 34
120.986 35
120.996 36
120.996 37
121.006 38
121.016 33
121.016 34
121.026 35
121.026 36
121.035 37
121.045 35
121.045 36
121.054 37
121.062 35
121.062 36
121.071 37
121.08 38
121.08 39
121.088 40
121.088 41
121.097 37
121.097 38
121.105 39
121.105 40
121.113 41
121.113 42
121.121 43
121.121 44
121.129 40
121.129 41
121.137 42
121.137 43
121.144 44
121.144 45
121.152 41
121.152 42
121.16 43
121.16 44
121.167 45
121.167 46
121.174 47
121.174 48
121.182 43
121.182 44
121.189 45
121.189 46
121.196 47
121.196 48
121.203 49
121.203 50
121.21 51
121.218 47
121.218 48
121.225 49
121.225 50
121.231 51
121.238 52
121.238 53
121.245 49
121.245 50
121.252 51
121.259 52
121.259 53
121.266 54
121.266 55
121.272 56
121.272 57
121.279 51
121.279 52
121.285 53
121.285 54
121.292 55
121.292 56
121.298 57
121.298 58
121.305 54
121.305 55
121.311 56
121.311 57
121.317 58
121.317 59
121.33 54
121.33 55
121.336 56
121.336 57
121.342 58
121.342 59
121.361 54
121.361 55
121.367 56
121.367 57
121.373 58
121.373 59
121.391 54
121.391 55
121.397 56
121.397 57
121.403 58
121.403 59
121.422 54
121.422 55
121.428 56
121.428 57
121.434 58
121.434 59
121.449 54
121.449 55
121.455 56
121.455 57
121.461 58
121.461 59
121.467 60
121.484 55
121.484 56
121.49 57
121.49 58
121.496 59
121.496 60
121.511 55
121.511 56
121.517 57
121.517 58
121.523 59
121.523 60
121.537 55
121.537 56
121.543 57
121.543 58
121.549 59
121.549 60
121.568 55
121.568 56
121.574 57
121.574 58
121.581 59
121.581 60
121.599 55
121.599 56
121.605 57
121.605 58
121.612 59
121.612 60
121.626 55
121.626 56
121.632 57
121.632 58
121.638 59
121.638 60
121.656 57
121.656 58
121.663 59
121.663 60
121.683 55
121.683 56
121.69 57
121.69 58
121.696 59
121.696 60
121.703 61
121.723 56
121.723 57
121.729 58
121.729 59
121.736 60
121.736 61
121.758 56
121.758 57
121.765 58
121.765 59
121.772 60
121.772 61
121.789 56
121.789 57
121.796 58
121.796 59
121.803 60
121.803 61
121.815 59
121.815 60
121.823 61
121.844 56
121.844 57
121.851 58
121.851 59
121.859 60
121.859 61
121.875 58
121.875 59
121.882 60
121.882 61
121.902 56
121.902 57
121.909 58
121.909 59
121.916 60
121.916 61
121.937 56
121.937 57
121.944 58
121.944 59
121.952 60
121.952 61
121.972 56
121.972 57
121.98 58
121.98 59
121.988 60
121.988 61
122.007 56
122.007 57
122.015 58
122.015 59
122.023 60
122.023 61
122.031 62
122.043 59
122.043 60
122.051 61
122.051 62
122.069 57
122.069 58
122.077 59
122.077 60
122.085 61
122.085 62
122.105 59
122.105 60
122.113 61
122.113 62
122.131 60
122.131 61
122.139 62
122.16 57
122.16 58
122.168 59
122.168 60
122.177 61
122.177 62
122.195 57
122.195 58
122.204 59
122.204 60
122.212 61
122.212 62
122.226 60
122.226 61
122.235 62
122.255 57
122.255 58
122.264 59
122.264 60
122.272 61
122.272 62
122.295 59
122.295 60
122.303 59
122.303 60
122.312 61
122.312 62
122.33 59
122.33 60
122.339 61
122.339 62
122.365 57
122.365 58
122.374 59
122.374 60
122.383 61
122.383 62
122.409 57
122.409 58
122.419 59
122.419 60
122.428 61
122.428 62
122.454 57
122.454 58
122.463 59
122.463 60
122.472 61
122.472 62
122.489 59
122.489 60
122.498 61
122.498 62
122.515 61
122.515 62
122.542 58
122.542 59
122.552 60
122.552 61
122.561 62
122.584 59
122.584 60
122.594 61
122.594 62
122.615 60
122.615 61
122.625 62
122.643 60
122.643 61
122.654 62
122.67 60
122.67 61
122.68 62
122.696 60
122.696 61
122.707 62
122.723 60
122.723 61
122.733 60
122.733 61
122.744 62
122.758 60
122.758 61
122.769 62
122.785 59
122.785 60
122.795 61
122.795 62
122.818 60
122.818 61
122.829 62
122.849 58
122.849 59
122.86 60
122.86 61
122.87 62
122.888 58
122.888 59
122.899 60
122.899 61
122.91 62
122.933 58
122.933 59
122.943 60
122.943 61
122.954 62
122.972 60
122.972 61
122.983 62
123.03 59
123.03 60
123.041 61
123.041 62
123.067 60
123.067 61
123.078 62
123.103 60
123.103 61
123.114 62
123.134 60
123.134 61
123.145 62
123.16 60
123.16 61
123.171 62
123.191 60
123.191 61
123.202 62
123.22 58
123.22 59
123.231 60
123.231 61
123.242 62
123.259 60
123.259 61
123.271 62
123.286 59
123.286 60
123.297 61
123.297 62
123.319 60
123.319 61
123.33 62
123.354 58
123.354 59
123.366 60
123.366 61
123.377 62
123.394 60
123.394 61
123.405 62
123.417 61
123.427 60
123.46 57
123.46 58
123.474 59
123.486 58
123.486 59
123.513 58
123.546 56
123.546 57
123.575 54
123.575 55
123.589 56
123.589 57
123.611 54
123.611 55
123.624 56
123.641 52
123.641 53
123.655 54
123.655 55
123.668 53
123.668 54
123.682 55
123.7 52
123.7 53
123.714 51
123.714 52
123.727 53
123.752 50
123.752 51
123.765 52
123.765 53
123.778 50
123.778 51
123.792 52
123.792 53
123.807 50
123.821 51
123.821 52
123.834 53
123.84 50
123.84 51
123.854 52
123.854 53
123.878 50
123.891 51
123.891 52
123.904 50
123.918 51
123.918 52
123.932 53
123.935 52
123.935 53
123.952 54
123.966 51
123.966 52
123.979 53
123.979 54
123.992 55
123.992 54
123.992 55
124.019 54
124.019 55
124.032 56
124.045 55
124.045 56
124.076 53
124.076 54
124.089 55
124.089 56
124.112 54
124.112 55
124.124 56
124.14 53
124.14 54
124.153 55
124.153 56
124.166 57
124.167 55
124.167 56
124.184 54
124.184 55
124.197 56
124.197 57
124.211 55
124.211 56
124.223 57
124.244 52
124.244 53
124.257 54
124.257 55
124.269 56
124.269 57
124.284 54
124.284 55
124.296 56
124.296 57
124.308 58
124.317 54
124.317 55
124.329 56
124.329 57
124.341 58
124.35 55
124.35 56
124.362 57
124.362 58
124.381 55
124.381 56
124.393 57
124.393 58
124.408 55
124.408 56
124.42 57
124.42 58
124.434 55
124.434 56
124.446 57
124.446 58
124.458 59
124.469 55
124.469 56
124.481 57
124.481 58
124.493 59
124.507 55
124.507 56
124.519 57
124.519 58
124.531 59
124.544 56
124.544 57
124.556 58
124.556 59
124.575 56
124.575 57
124.587 58
124.587 59
124.602 54
124.602 55
124.613 56
124.613 57
124.625 58
124.625 59
124.637 56
124.637 57
124.649 58
124.649 59
124.66 60
124.668 58
124.668 59
124.679 60
124.697 57
124.697 58
124.708 59
124.708 60
124.723 57
124.723 58
124.734 59
124.734 60
124.754 56
124.754 57
124.765 58
124.765 59
124.776 60
124.787 57
124.787 58
124.798 59
124.798 60
124.814 58
124.814 59
124.825 60
124.843 57
124.843 58
124.853 59
124.853 60
124.864 61
124.869 58
124.869 59
124.881 60
124.881 61
124.9 58
124.9 59
124.911 60
124.911 61
124.926 58
124.926 59
124.937 60
124.937 61
124.953 58
124.953 59
124.964 60
124.964 61
124.988 58
124.988 59
124.999 60
124.999 61
125.015 59
125.015 60
125.026 61
125.048 58
125.048 59
125.059 60
125.059 61
125.074 58
125.074 59
125.085 60
125.085 61
125.101 58
125.101 59
125.112 60
125.112 61
125.127 57
125.127 58
125.138 59
125.138 60
125.149 61
125.161 59
125.161 60
125.171 61
125.171 62
125.189 59
125.189 60
125.2 61
125.2 62
125.216 59
125.216 60
125.227 61
125.227 62
125.251 58
125.251 59
125.262 60
125.262 61
125.273 62
125.284 59
125.284 60
125.295 61
125.295 62
125.311 60
125.311 61
125.322 62
125.344 58
125.344 59
125.355 60
125.355 61
125.366 62
125.377 59
125.377 60
125.388 61
125.388 62
125.403 59
125.403 60
125.414 61
125.414 62
125.434 59
125.434 60
125.445 61
125.445 62
125.461 61
125.461 62
125.487 57
125.487 58
125.498 59
125.498 60
125.51 61
125.51 62
125.529 59
125.529 60
125.54 61
125.54 62
125.556 60
125.556 61
125.567 62
125.584 59
125.584 60
125.596 61
125.596 62
125.611 59
125.611 60
125.622 61
125.622 62
125.642 59
125.642 60
125.653 61
125.653 62
125.668 60
125.668 61
125.68 62
125.699 59
125.699 60
125.711 61
125.711 62
125.726 60
125.726 61
125.737 62
125.759 58
125.759 59
125.77 58
125.77 59
125.782 60
125.782 61
125.793 62
125.805 58
125.805 59
125.817 60
125.817 61
125.828 62
125.841 59
125.841 60
125.852 61
125.852 62
125.869 60
125.869 61
125.881 62
125.896 60
125.896 61
125.907 62
125.927 60
125.927 61
125.938 62
125.98 58
125.98 59
125.991 60
125.991 61
126.002 62
126.022 60
126.022 61
126.033 62
126.053 61
126.053 62
126.081 58
126.081 59
126.093 60
126.093 61
126.104 62
126.121 60
126.121 61
126.132 62
126.147 60
126.147 61
126.159 62
126.178 60
126.178 61
126.19 62
126.209 60
126.209 61
126.221 62
126.236 60
126.236 61
126.247 62
126.262 60
126.262 61
126.274 62
126.293 58
126.293 59
126.304 60
126.304 61
126.316 62
126.327 58
126.327 59
126.338 60
126.338 61
126.349 62
126.36 59
126.36 60
126.371 61
126.371 62
126.384 60
126.384 61
126.399 62
126.41 60
126.41 61
126.421 62
126.441 60
126.441 61
126.452 62
126.468 60
126.468 61
126.479 62
126.521 60
126.521 61
126.531 62
126.547 59
126.547 60
126.558 61
126.558 62
126.585 60
126.585 61
126.595 62
126.616 60
126.616 61
126.626 62
126.646 60
126.646 61
126.657 62
126.682 60
126.682 61
126.693 62
126.711 60
126.711 61
126.721 62
126.737 60
126.737 61
126.748 62
126.768 60
126.768 61
126.779 62
126.794 58
126.794 59
126.805 60
126.805 61
126.816 62
126.83 60
126.83 61
126.841 62
126.856 59
126.856 60
126.867 61
126.867 62
126.889 58
126.889 59
126.9 60
126.9 61
126.911 62
126.929 60
126.929 61
126.94 62
126.96 60
126.96 61
126.971 62
127.013 60
127.013 61
127.024 62
127.04 60
127.04 61
127.051 62
127.066 60
127.066 61
127.077 62
127.093 61
127.093 62
127.123 61
127.123 62
127.157 60
127.157 61
127.168 62
127.187 60
127.187 61
127.199 62
127.214 60
127.214 61
127.225 62
127.245 60
127.245 61
127.256 62
127.274 60
127.274 61
127.285 62
127.304 58
127.304 59
127.316 60
127.316 61
127.327 62
127.34 60
127.34 61
127.351 62
127.366 59
127.366 60
127.377 61
127.377 62
127.399 60
127.399 61
127.411 62
127.426 60
127.426 61
127.437 62
127.457 60
127.457 61
127.468 62
127.483 60
127.483 61
127.494 62
127.519 60
127.519 61
127.53 62
127.55 60
127.55 61
127.561 62
127.576 60
127.576 61
127.587 62
127.603 60
127.603 61
127.614 62
127.633 61
127.633 62
127.664 60
127.664 61
127.676 62
127.695 60
127.695 61
127.706 62
127.724 60
127.724 61
127.735 62
127.755 60
127.755 61
127.766 62
127.784 60
127.784 61
127.795 62
127.806 63
127.815 61
127.815 62
127.826 63
127.841 59
127.841 60
127.852 61
127.852 62
127.863 63
127.876 61
127.876 62
127.887 63
127.903 60
127.903 61
127.914 62
127.925 63
127.936 61
127.936 62
127.947 63
127.967 61
127.967 62
127.978 63
127.993 61
127.993 62
128.004 63
128.024 61
128.024 62
128.035 63
128.055 59
128.055 60
128.066 61
128.066 62
128.077 63
128.091 61
128.091 62
128.101 63
128.117 60
128.117 61
128.128 62
128.139 63
128.15 61
128.15 62
128.161 63
128.177 59
128.177 60
128.187 61
128.187 62
128.198 63
128.209 64
128.216 62
128.227 63
128.227 64
128.243 62
128.253 63
128.253 64
128.269 61
128.269 62
128.28 63
128.29 64
128.307 60
128.307 61
128.317 62
128.328 63
128.328 64
128.347 62
128.357 63
128.357 64
128.373 62
128.384 63
128.384 64
128.4 61
128.4 62
128.41 63
128.42 64
128.442 62
128.452 63
128.452 64
128.462 65
128.468 62
128.468 63
128.478 64
128.478 65
128.503 62
128.503 63
128.514 64
128.514 65
128.524 63
128.524 64
128.534 65
128.545 62
128.545 63
128.556 64
128.556 65
128.572 63
128.572 64
128.582 65
128.601 62
128.611 63
128.611 64
128.621 65
128.64 62
128.64 63
128.651 64
128.651 65
128.661 66
128.667 63
128.667 64
128.677 65
128.677 66
128.693 63
128.693 64
128.704 65
128.704 66
128.72 63
128.72 64
128.73 65
128.73 66
128.751 63
128.751 64
128.761 65
128.761 66
128.777 63
128.777 64
128.788 65
128.788 66
128.804 63
128.804 64
128.814 65
128.814 66
128.824 67
128.83 65
128.83 66
128.841 67
128.859 64
128.859 65
128.869 66
128.869 67
128.885 63
128.885 64
128.896 65
128.896 66
128.906 67
128.912 66
128.912 67
128.938 64
128.938 65
128.949 66
128.949 67
128.959 68
128.965 64
128.965 65
128.975 66
128.975 67
128.986 68
129.007 63
129.007 64
129.017 65
129.017 66
129.027 67
129.027 68
129.042 64
129.042 65
129.052 66
129.052 67
129.063 68
129.075 66
129.075 67
129.086 68
129.086 69
129.104 64
129.104 65
129.114 66
129.114 67
129.124 68
129.124 69
129.144 65
129.144 66
129.154 67
129.154 68
129.164 69
129.177 66
129.177 67
129.187 68
129.187 69
129.203 64
129.203 65
129.214 66
129.214 67
129.224 68
129.224 69
129.234 70
129.234 67
129.234 68
129.249 69
129.249 70
129.265 67
129.265 68
129.275 69
129.275 70
129.292 65
129.292 66
129.302 67
129.302 68
129.312 69
129.312 70
129.322 71
129.331 68
129.331 69
129.341 70
129.341 71
129.362 68
129.362 69
129.372 70
129.372 71
129.389 68
129.389 69
129.399 70
129.399 71
129.409 72
129.415 70
129.415 71
129.425 72
129.442 68
129.442 69
129.452 70
129.452 71
129.462 72
129.471 68
129.471 69
129.48 70
129.48 71
129.49 72
129.512 67
129.512 68
129.522 69
129.522 70
129.532 71
129.532 72
129.542 73
129.548 70
129.548 71
129.558 72
129.558 73
129.574 70
129.574 71
129.584 72
129.584 73
129.593 70
129.632 67
129.632 68
129.643 69
129.643 70
129.663 65
129.663 66
129.674 67
129.674 68
129.685 69
129.689 66
129.689 67
129.703 68
129.703 69
129.716 64
129.716 65
129.727 66
129.727 67
129.738 68
129.753 65
129.753 66
129.765 67
129.78 62
129.78 63
129.791 64
129.791 65
129.802 66
129.802 67
129.814 63
129.814 64
129.825 65
129.825 66
129.844 63
129.844 64
129.855 65
129.87 61
129.87 62
129.882 63
129.893 64
129.893 65
129.904 62
129.904 63
129.915 64
129.928 61
129.928 62
129.939 63
129.95 64
129.956 61
129.956 62
129.967 63
129.994 59
129.994 60
130.005 61
130.005 62
130.029 59
130.029 60
130.04 61
130.04 62
130.059 59
130.059 60
130.07 61
130.07 62
130.087 63
130.115 61
130.115 62
130.126 63
130.137 64
130.137 65
130.147 62
130.147 63
130.158 64
130.158 65
130.17 62
130.181 63
130.181 64
130.192 65
130.199 62
130.199 63
130.21 64
130.21 65
130.22 66
130.228 63
130.228 64
130.238 65
130.238 66
130.259 62
130.269 63
130.269 64
130.28 65
130.28 66
130.294 63
130.294 64
130.304 65
130.304 66
130.325 62
130.325 63
130.335 64
130.335 65
130.346 66
130.346 67
130.358 64
130.358 65
130.368 66
130.368 67
130.385 63
130.385 64
130.395 65
130.395 66
130.405 67
130.418 63
130.418 64
130.428 65
130.428 66
130.438 67
130.446 64
130.446 65
130.456 66
130.456 67
130.467 68
130.482 65
130.482 66
130.492 67
130.492 68
130.508 65
130.508 66
130.518 67
130.518 68
130.537 64
130.537 65
130.547 66
130.547 67
130.557 68
130.566 67
130.566 68
130.592 63
130.592 64
130.602 65
130.602 66
130.612 67
130.612 68
130.622 69
130.628 66
130.628 67
130.637 68
130.637 69
130.654 65
130.654 66
130.664 67
130.664 68
130.674 69
130.683 66
130.683 67
130.693 68
130.693 69
130.709 65
130.709 66
130.719 67
130.719 68
130.729 69
130.747 65
130.747 66
130.757 67
130.757 68
130.766 69
130.766 70
130.776 66
130.776 67
130.786 68
130.786 69
130.796 70
130.811 67
130.811 68
130.821 69
130.821 70
130.837 65
130.837 66
130.847 67
130.847 68
130.857 69
130.857 70
130.877 66
130.877 67
130.887 68
130.887 69
130.897 70
130.91 66
130.91 67
130.92 68
130.92 69
130.93 70
130.93 71
130.939 67
130.939 68
130.949 69
130.949 70
130.959 71
130.974 68
130.974 69
130.984 70
130.984 71
131.001 68
131.001 69
131.01 70
131.01 71
131.029 67
131.029 68
131.039 69
131.039 70
131.049 71
131.06 70
131.06 71
131.087 66
131.087 67
131.097 68
131.097 69
131.106 70
131.106 71
131.118 67
131.118 68
131.127 69
131.127 70
131.137 71
131.151 67
131.151 68
131.161 69
131.161 70
131.17 71
131.17 72
131.18 69
131.18 70
131.19 71
131.19 72
131.206 68
131.206 69
131.216 70
131.216 71
131.226 72
131.244 69
131.244 70
131.253 71
131.253 72
131.27 67
131.27 68
131.28 69
131.28 70
131.29 69
131.29 70
131.299 71
131.299 72
131.31 70
131.31 71
131.32 72
131.339 67
131.339 68
131.348 69
131.348 70
131.358 71
131.358 72
131.376 68
131.376 69
131.386 70
131.386 71
131.396 72
131.406 68
131.406 69
131.416 70
131.416 71
131.426 72
131.433 68
131.433 69
131.443 70
131.443 71
131.453 72
131.453 73
131.462 70
131.462 71
131.472 72
131.472 73
131.489 69
131.489 70
131.498 71
131.498 72
131.508 73
131.528 68
131.528 69
131.538 70
131.538 71
131.548 72
131.548 73
131.557 71
131.557 72
131.567 73
131.584 68
131.584 69
131.593 70
131.593 71
131.603 72
131.603 73
131.612 66
131.612 67
131.622 68
131.622 69
131.632 70
131.632 71
131.641 62
131.641 63
131.65 64
131.65 65
131.66 57
131.66 58
131.669 59
131.669 60
131.678 61
131.678 62
131.687 53
131.687 54
131.696 55
131.696 56
131.705 48
131.705 49
131.713 50
131.722 51
131.722 52
131.73 44
131.73 45
131.738 46
131.738 47
131.746 38
131.746 39
131.754 40
131.754 41
131.762 42
131.762 43
131.769 44
131.769 45
131.777 41
131.777 42
131.784 43
131.784 44
131.791 45
131.791 46
131.798 47
131.798 48
131.805 49
131.805 50
131.812 45
131.812 46
131.819 47
131.819 48
131.826 49
131.826 50
131.833 51
131.84 52
131.84 53
131.846 49
131.846 50
131.853 51
131.859 52
131.859 53
131.866 54
131.866 55
131.872 50
131.872 51
131.878 52
131.878 53
131.884 54
131.884 55
131.891 56
131.891 57
131.896 52
131.896 53
131.903 54
131.903 55
131.909 56
131.909 57
131.915 58
131.915 59
131.92 60
131.92 61
131.926 56
131.926 57
131.932 58
131.932 59
131.938 60
131.938 61
131.943 62
131.949 63
131.949 64
131.955 59
131.955 60
131.96 61
131.96 62
131.966 63
131.971 64
131.971 65
131.976 60
131.976 61
131.982 62
131.988 63
131.988 64
131.993 65
131.993 66
131.998 67
131.998 68
132.004 69
132.004 70
132.009 63
132.009 64
132.014 65
132.014 66
132.019 67
132.019 68
132.024 69
132.024 70
132.03 71
132.03 72
132.035 73
132.035 66
132.035 67
132.042 68
132.042 69
132.047 70
132.047 71
132.052 72
132.052 73
132.066 68
132.066 69
132.071 70
132.071 71
132.076 72
132.076 73
132.092 68
132.092 69
132.097 70
132.097 71
132.102 72
132.102 73
132.119 68
132.119 69
132.124 70
132.124 71
132.129 72
132.129 73
132.145 68
132.145 69
132.15 70
132.15 71
132.155 72
132.155 73
132.16 74
132.172 69
132.172 70
132.177 71
132.177 72
132.182 73
132.182 74
132.198 69
132.198 70
132.203 69
132.203 70
132.208 71
132.208 72
132.213 73
132.213 74
132.229 69
132.229 70
132.234 71
132.234 72
132.239 73
132.239 74
132.256 69
132.256 70
132.261 71
132.261 72
132.266 73
132.266 74
132.282 67
132.282 68
132.287 69
132.287 70
132.292 71
132.292 72
132.298 73
132.298 74
132.313 69
132.313 70
132.318 71
132.318 72
132.324 73
132.324 74
132.34 69
132.34 70
132.345 71
132.345 72
132.35 73
132.35 74
132.366 68
132.366 69
132.372 70
132.372 71
132.377 72
132.377 73
132.382 74
132.395 69
132.395 70
132.4 71
132.4 72
132.406 73
132.406 74
132.426 71
132.426 72
132.431 73
132.431 74
132.457 71
132.457 72
132.462 73
132.462 74
132.483 69
132.483 70
132.489 71
132.489 72
132.495 73
132.495 74
132.514 69
132.514 70
132.52 71
132.52 72
132.526 73
132.526 74
132.541 71
132.541 72
132.547 73
132.547 74
132.569 72
132.569 73
132.576 74
132.6 70
132.6 71
132.607 72
132.607 73
132.613 74
132.631 70
132.631 71
132.638 72
132.638 73
132.644 74
132.662 70
132.662 71
132.669 72
132.669 73
132.676 74
132.693 68
132.693 69
132.7 70
132.7 71
132.707 72
132.707 73
132.714 74
132.728 70
132.728 71
132.735 72
132.735 73
132.742 74
132.755 70
132.755 71
132.762 72
132.762 73
132.769 74
132.786 70
132.786 71
132.793 72
132.793 73
132.8 74
132.812 69
132.812 70
132.819 71
132.819 72
132.827 73
132.827 74
132.85 71
132.85 72
132.857 73
132.857 74
132.876 73
132.876 74
132.903 70
132.903 71
132.91 72
132.91 73
132.918 74
132.936 70
132.936 71
132.943 72
132.943 73
132.951 74
132.958 75
132.962 71
132.962 72
132.97 73
132.97 74
132.977 75
133.002 73
133.002 74
133.01 75
133.033 71
133.033 72
133.041 73
133.041 74
133.048 75
133.07 71
133.07 72
133.078 73
133.078 74
133.086 75
133.104 71
133.104 72
133.111 73
133.111 74
133.119 75
133.139 71
133.139 72
133.147 73
133.155 74
133.163 75
133.168 72
133.168 73
133.176 74
133.184 75
133.199 71
133.199 72
133.207 73
133.207 74
133.215 75
133.232 72
133.232 73
133.24 74
133.248 75
133.258 72
133.258 73
133.266 74
133.275 75
133.289 72
133.289 73
133.297 74
133.306 75
133.32 72
133.32 73
133.328 74
133.337 75
133.351 74
133.359 75
133.377 71
133.377 72
133.386 73
133.386 74
133.394 75
133.41 71
133.41 72
133.419 73
133.419 74
133.427 75
133.436 76
133.444 72
133.444 73
133.452 74
133.461 75
133.461 76
133.47 74
133.47 75
133.479 76
133.499 74
133.507 75
133.507 76
133.527 74
133.536 75
133.536 76
133.556 72
133.556 73
133.565 74
133.574 75
133.574 76
133.596 72
133.596 73
133.605 74
133.614 75
133.614 76
133.631 72
133.631 73
133.64 74
133.649 75
133.649 76
133.662 73
133.662 74
133.671 75
133.68 76
133.689 73
133.689 74
133.698 75
133.707 76
133.72 73
133.72 74
133.729 75
133.738 76
133.746 73
133.746 74
133.755 75
133.764 76
133.773 74
133.782 75
133.782 76
133.803 73
133.803 74
133.813 75
133.822 76
133.839 73
133.839 74
133.848 75
133.857 76
133.868 74
133.868 75
133.877 76
133.894 73
133.894 74
133.903 75
133.912 76
133.921 72
133.921 73
133.93 74
133.939 75
133.939 76
133.948 77
133.949 73
133.949 74
133.962 75
133.971 76
133.971 77
133.98 74
133.98 75
133.989 76
133.989 77
134.004 74
134.004 75
134.014 76
134.014 77
134.031 74
134.031 75
134.04 76
134.04 77
134.057 74
134.067 75
134.067 76
134.076 77
134.093 73
134.093 74
134.102 75
134.111 76
134.111 77
134.126 73
134.126 74
134.135 75
134.144 76
134.144 77
134.159 74
134.168 75
134.168 76
134.177 77
134.185 74
134.195 75
134.195 76
134.204 77
134.214 74
134.223 75
134.223 76
134.232 77
134.245 72
134.245 73
134.254 74
134.263 75
134.263 76
134.272 77
134.278 74
134.278 75
134.287 76
134.287 77
134.307 74
134.316 75
134.316 76
134.325 77
134.34 74
134.349 75
134.349 76
134.358 77
134.371 74
134.38 75
134.38 76
134.389 77
134.404 74
134.413 75
134.413 76
134.422 77
134.422 78
134.435 73
134.435 74
134.443 73
134.443 74
134.453 75
134.462 76
134.462 77
134.471 78
134.473 75
134.473 76
134.484 77
134.484 78
134.501 75
134.501 76
134.51 77
134.51 78
134.528 75
134.528 76
134.537 77
134.537 78
134.554 74
134.554 75
134.563 76
134.563 77
134.572 78
134.583 74
134.592 75
134.592 76
134.601 77
134.601 78
134.618 74
134.627 75
134.627 76
134.636 77
134.636 78
134.647 74
134.647 75
134.656 76
134.656 77
134.665 78
134.673 74
134.673 75
134.682 76
134.682 77
134.691 78
134.7 74
134.7 75
134.709 76
134.709 77
134.718 78
134.731 74
134.74 75
134.74 76
134.749 77
134.749 78
134.76 74
134.76 75
134.768 76
134.768 77
134.777 78
134.793 74
134.793 75
134.801 76
134.801 77
134.81 78
134.828 74
134.828 75
134.837 76
134.837 77
134.846 78
134.859 74
134.859 75
134.868 76
134.868 77
134.877 78
134.892 74
134.901 75
134.901 76
134.91 77
134.91 78
134.918 79
134.925 74
134.925 75
134.934 76
134.934 77
134.943 78
134.943 79
134.958 75
134.958 76
134.967 77
134.967 78
134.976 79
134.985 76
134.985 77
134.994 78
134.994 79
135.011 76
135.011 77
135.02 78
135.02 79
135.04 75
135.04 76
135.049 77
135.049 78
135.058 79
135.066 76
135.066 77
135.075 78
135.075 79
135.095 76
135.095 77
135.104 78
135.104 79
135.124 74
135.124 75
135.133 76
135.133 77
135.142 78
135.142 79
135.153 75
135.153 76
135.161 77
135.161 78
135.17 79
135.181 75
135.181 76
135.19 77
135.19 78
135.199 79
135.21 75
135.21 76
135.219 77
135.219 78
135.228 79
135.236 74
135.236 75
135.245 76
135.245 77
135.254 78
135.254 79
135.265 75
135.265 76
135.274 77
135.274 78
135.283 79
135.298 75
135.298 76
135.307 77
135.307 78
135.316 79
135.331 75
135.331 76
135.34 77
135.34 78
135.349 79
135.362 75
135.362 76
135.371 77
135.371 78
135.38 79
135.398 74
135.398 75
135.407 76
135.407 77
135.416 78
135.416 79
135.424 80
135.426 76
135.426 77
135.438 78
135.438 79
135.447 80
135.453 77
135.453 78
135.462 77
135.462 78
135.471 76
135.501 74
135.501 75
135.512 76
135.528 73
135.528 74
135.538 75
135.554 73
135.554 74
135.565 75
135.585 73
135.585 74
135.612 71
135.612 72
135.622 73
135.622 74
135.638 71
135.638 72
135.649 73
135.649 74
135.671 69
135.671 70
135.682 71
135.682 72
135.693 73
135.698 70
135.698 71
135.708 72
135.708 73
135.727 69
135.727 70
135.737 71
135.737 72
135.753 67
135.753 68
135.764 69
135.764 70
135.774 71
135.782 67
135.782 68
135.792 69
135.792 70
135.803 71
135.815 67
135.815 68
135.826 69
135.826 70
135.846 66
135.846 67
135.856 68
135.856 69
135.875 65
135.875 66
135.885 67
135.885 68
135.896 69
135.906 64
135.906 65
135.916 66
135.916 67
135.927 68
135.932 64
135.932 65
135.943 66
135.943 67
135.953 64
135.953 65
135.963 66
135.963 67
135.974 68
135.983 65
135.983 66
135.993 67
135.993 68
136.003 69
136.003 70
136.02 65
136.02 66
136.03 67
136.03 68
136.04 69
136.04 70
136.05 71
136.053 68
136.053 69
136.065 70
136.065 71
136.082 69
136.082 70
136.092 71
136.092 72
136.111 68
136.111 69
136.121 70
136.121 71
136.13 72
136.14 69
136.14 70
136.149 71
136.149 72
136.166 67
136.166 68
136.176 69
136.176 70
136.185 71
136.185 72
136.195 69
136.195 70
136.205 71
136.205 72
136.214 73
136.219 69
136.219 70
136.229 71
136.229 72
136.238 73
136.254 69
136.254 70
136.264 71
136.264 72
136.273 73
136.281 69
136.281 70
136.29 71
136.29 72
136.3 73
136.316 69
136.316 70
136.326 71
136.326 72
136.335 73
136.335 74
136.344 71
136.344 72
136.353 73
136.353 74
136.371 70
136.371 71
136.381 72
136.381 73
136.39 74
136.398 69
136.398 70
136.407 71
136.407 72
136.416 73
136.416 74
136.429 70
136.429 71
136.438 72
136.438 73
136.447 74
136.455 71
136.455 72
136.465 73
136.465 74
136.482 71
136.482 72
136.491 73
136.491 74
136.508 71
136.508 72
136.517 73
136.517 74
136.539 72
136.539 73
136.548 74
136.57 71
136.57 72
136.579 73
136.579 74
136.588 75
136.601 71
136.601 72
136.61 73
136.61 74
136.618 75
136.636 71
136.636 72
136.645 73
136.645 74
136.654 75
136.669 71
136.669 72
136.678 73
136.678 74
136.687 75
136.696 74
136.705 75
136.722 71
136.722 72
136.731 73
136.731 74
136.74 75
136.748 76
136.756 74
136.756 75
136.764 76
136.782 72
136.782 73
136.791 74
136.799 75
136.799 76
136.811 74
136.828 75
136.828 76
136.851 73
136.851 74
136.859 75
136.868 76
136.877 72
136.877 73
136.886 74
136.894 75
136.894 76
136.91 72
136.91 73
136.919 74
136.927 75
136.927 76
136.936 77
136.943 74
136.952 75
136.952 76
136.96 77
136.97 74
136.978 75
136.978 76
136.987 77
136.998 74
137.007 75
137.007 76
137.016 77
137.032 74
137.032 75
137.04 76
137.04 77
137.06 73
137.06 74
137.069 75
137.078 76
137.078 77
137.093 74
137.102 75
137.102 76
137.111 77
137.12 74
137.129 75
137.129 76
137.137 77
137.155 73
137.155 74
137.164 75
137.173 76
137.173 77
137.181 78
137.184 76
137.184 77
137.194 78
137.21 74
137.219 75
137.219 76
137.228 77
137.228 78
137.237 75
137.237 76
137.246 77
137.246 78
137.268 74
137.277 75
137.277 76
137.285 77
137.285 78
137.301 74
137.31 75
137.31 76
137.318 77
137.318 78
137.341 74
137.341 75
137.349 76
137.349 77
137.358 78
137.369 74
137.378 75
137.378 76
137.387 77
137.387 78
137.403 74
137.411 75
137.411 76
137.42 77
137.42 78
137.431 74
137.431 75
137.44 76
137.44 77
137.449 78
137.46 74
137.46 75
137.469 76
137.469 77
137.478 78
137.478 79
137.489 75
137.489 76
137.497 77
137.497 78
137.506 79
137.52 75
137.52 76
137.528 77
137.528 78
137.537 79
137.557 74
137.557 75
137.566 76
137.566 77
137.575 78
137.575 79
137.592 75
137.592 76
137.601 77
137.601 78
137.61 79
137.619 75
137.619 76
137.628 77
137.628 78
137.637 79
137.652 74
137.652 75
137.661 76
137.661 77
137.67 78
137.67 79
137.681 76
137.681 77
137.69 78
137.69 79
137.707 74
137.707 75
137.716 76
137.716 77
137.725 78
137.725 79
137.736 76
137.736 77
137.745 78
137.745 79
137.762 74
137.762 75
137.771 76
137.771 77
137.78 78
137.78 79
137.796 74
137.796 75
137.804 76
137.804 77
137.813 78
137.813 79
137.831 75
137.831 76
137.84 77
137.84 78
137.849 79
137.86 74
137.86 75
137.868 76
137.868 77
137.877 78
137.877 79
137.891 74
137.891 75
137.899 76
137.899 77
137.908 78
137.908 79
137.919 75
137.919 76
137.928 77
137.928 78
137.937 79
137.948 74
137.948 75
137.957 76
137.957 77
137.965 78
137.965 79
137.979 75
137.979 76
137.988 77
137.988 78
137.996 79
138.012 75
138.012 76
138.021 77
138.021 78
138.029 79
138.047 74
138.047 75
138.056 76
138.056 77
138.065 78
138.065 79
138.08 74
138.08 75
138.089 76
138.089 77
138.098 78
138.098 79
138.107 76
138.107 77
138.116 78
138.116 79
138.124 80
138.138 75
138.138 76
138.146 77
138.146 78
138.155 79
138.155 80
138.167 75
138.167 76
138.175 77
138.175 78
138.184 79
138.184 80
138.197 75
138.197 76
138.206 77
138.206 78
138.215 79
138.215 80
138.226 76
138.226 77
138.235 78
138.235 79
138.243 80
138.253 76
138.253 77
138.261 78
138.261 79
138.27 80
138.279 76
138.279 77
138.288 78
138.288 79
138.296 78
138.296 79
138.305 80
138.317 77
138.317 78
138.325 79
138.325 80
138.345 76
138.345 77
138.354 78
138.354 79
138.362 80
138.372 76
138.372 77
138.38 78
138.38 79
138.389 80
138.403 76
138.403 77
138.411 78
138.411 79
138.42 80
138.429 75
138.429 76
138.438 77
138.438 78
138.446 79
138.446 80
138.462 76
138.462 77
138.471 78
138.471 79
138.479 80
138.493 76
138.493 77
138.502 78
138.502 79
138.51 80
138.531 75
138.531 76
138.539 77
138.539 78
138.548 79
138.548 80
138.566 75
138.566 76
138.575 77
138.575 78
138.583 79
138.583 80
138.595 76
138.595 77
138.603 78
138.603 79
138.612 80
138.626 75
138.626 76
138.634 77
138.634 78
138.643 79
138.643 80
138.659 75
138.659 76
138.667 77
138.667 78
138.676 79
138.676 80
138.692 75
138.692 76
138.701 77
138.701 78
138.709 79
138.709 80
138.725 76
138.725 77
138.734 78
138.734 79
138.742 80
138.754 76
138.754 77
138.763 78
138.763 79
138.771 80
138.783 75
138.783 76
138.791 77
138.791 78
138.8 79
138.8 80
138.809 76
138.809 77
138.818 78
138.818 79
138.827 80
138.847 76
138.847 77
138.855 78
138.855 79
138.864 80
138.873 76
138.873 77
138.882 78
138.882 79
138.891 80
138.904 76
138.904 77
138.913 78
138.913 79
138.922 80
138.93 75
138.93 76
138.939 77
138.939 78
138.948 79
138.948 80
138.966 76
138.966 77
138.975 78
138.975 79
138.983 80
138.997 76
138.997 77
139.006 78
139.006 79
139.014 80
139.034 75
139.034 76
139.043 77
139.043 78
139.052 79
139.052 80
139.07 75
139.07 76
139.078 77
139.078 78
139.087 79
139.087 80
139.098 76
139.098 77
139.107 78
139.107 79
139.115 77
139.115 78
139.125 79
139.125 80
139.142 76
139.142 77
139.151 78
139.151 79
139.16 80
139.176 76
139.176 77
139.184 78
139.184 79
139.193 80
139.202 76
139.202 77
139.211 78
139.211 79
139.22 80
139.231 76
139.231 77
139.24 78
139.24 79
139.249 80
139.259 76
139.259 77
139.268 78
139.268 79
139.277 80
139.286 75
139.286 76
139.295 77
139.295 78
139.304 79
139.304 80
139.315 76
139.315 77
139.324 78
139.324 79
139.333 80
139.352 76
139.352 77
139.361 78
139.361 79
139.37 80
139.381 76
139.381 77
139.39 78
139.39 79
139.399 80
139.412 76
139.412 77
139.421 78
139.421 79
139.43 80
139.438 75
139.438 76
139.447 77
139.447 78
139.456 79
139.456 80
139.469 76
139.469 77
139.478 78
139.478 79
139.487 80
139.5 76
139.5 77
139.509 78
139.509 79
139.518 80
139.531 75
139.531 76
139.54 77
139.54 78
139.549 79
139.549 80
139.566 75
139.566 76
139.575 77
139.575 78
139.584 79
139.584 80
139.595 75
139.595 76
139.604 77
139.604 78
139.613 79
139.613 80
139.622 77
139.622 78
139.631 79
139.631 80
139.648 76
139.648 77
139.657 78
139.657 79
139.666 80
139.679 76
139.679 77
139.688 78
139.688 79
139.697 80
139.708 76
139.708 77
139.717 78
139.717 79
139.725 80
139.736 76
139.736 77
139.745 78
139.745 79
139.754 80
139.765 76
139.765 77
139.774 78
139.774 79
139.783 80
139.792 75
139.792 76
139.8 77
139.8 78
139.809 79
139.809 80
139.82 78
139.82 79
139.829 80
139.847 76
139.847 77
139.856 78
139.856 79
139.864 80
139.878 75
139.878 76
139.886 77
139.886 78
139.895 79
139.895 80
139.904 76
139.904 77
139.913 78
139.913 79
139.922 80
139.931 76
139.931 77
139.939 78
139.939 79
139.948 80
139.962 76
139.962 77
139.97 78
139.97 79
139.979 80
139.988 76
139.988 77
139.997 78
139.997 79
140.005 80
140.017 75
140.017 76
140.025 77
140.025 78
140.034 79
140.034 80
140.046 75
140.046 76
140.054 77
140.054 78
140.063 79
140.063 80
140.074 75
140.074 76
140.083 77
140.083 78
140.091 79
140.091 80
140.103 76
140.103 77
140.111 78
140.111 79
140.12 80
140.12 81
140.129 78
140.129 79
140.138 80
140.138 81
140.158 77
140.158 78
140.167 79
140.167 80
140.175 81
140.189 77
140.189 78
140.198 79
140.198 80
140.206 81
140.22 77
140.22 78
140.228 79
140.228 80
140.237 81
140.246 77
140.246 78
140.255 79
140.255 80
140.263 81
140.277 76
140.277 77
140.286 78
140.286 79
140.294 80
140.294 81
140.31 77
140.31 78
140.319 79
140.319 80
140.327 81
140.344 77
140.344 78
140.352 79
140.352 80
140.36 81
140.374 76
140.374 77
140.383 78
140.383 79
140.391 80
140.391 81
140.403 77
140.403 78
140.412 79
140.412 80
140.42 81
140.43 78
140.43 79
140.438 80
140.438 81
140.456 77
140.456 78
140.465 79
140.465 80
140.473 81
140.483 78
140.483 79
140.491 80
140.491 81
140.5 82
140.511 77
140.511 78
140.52 79
140.52 80
140.528 81
140.528 82
140.542 77
140.542 78
140.551 79
140.551 80
140.559 81
140.559 82
140.568 79
140.568 80
140.576 81
140.576 82
140.589 77
140.589 78
140.597 79
140.597 80
140.606 81
140.606 82
140.617 77
140.617 78
140.626 79
140.626 80
140.634 81
140.634 82
140.657 78
140.657 79
140.666 80
140.666 81
140.674 82
140.69 78
140.69 79
140.699 80
140.699 81
140.707 82
140.719 78
140.719 79
140.727 80
140.727 81
140.736 82
140.736 83
140.748 79
140.748 80
140.756 81
140.756 82
140.765 83
140.779 78
140.779 79
140.787 80
140.787 81
140.796 82
140.796 83
140.814 79
140.814 80
140.822 81
140.822 82
140.831 83
140.845 79
140.845 80
140.853 81
140.853 82
140.862 83
140.871 78
140.871 79
140.88 80
140.88 81
140.888 82
140.888 83
140.907 79
140.907 80
140.915 81
140.915 82
140.924 83
140.935 79
140.935 80
140.944 81
140.944 82
140.952 83
140.952 84
140.962 80
140.962 81
140.97 82
140.97 83
140.979 84
140.988 81
140.988 82
140.997 83
140.997 84
141.017 79
141.017 80
141.025 81
141.025 82
141.034 83
141.034 84
141.046 79
141.046 80
141.054 81
141.054 82
141.063 83
141.063 84
141.077 79
141.077 80
141.085 81
141.085 82
141.094 83
141.094 84
141.105 79
141.105 80
141.114 81
141.114 82
141.122 83
141.122 84
141.131 85
141.134 82
141.134 83
141.143 84
141.143 85
141.163 81
141.163 82
141.171 83
141.171 84
141.18 85
141.196 81
141.196 82
141.204 83
141.204 84
141.213 85
141.225 80
141.225 81
141.233 82
141.233 83
141.241 84
141.241 85
141.255 81
141.255 82
141.264 83
141.264 84
141.272 85
141.272 86
141.286 81
141.286 82
141.295 83
141.295 84
141.303 85
141.303 86
141.32 82
141.32 83
141.328 84
141.328 85
141.336 86
141.348 82
141.348 83
141.357 84
141.357 85
141.365 82
141.365 83
141.373 84
141.373 85
141.381 86
141.39 84
141.39 85
141.398 86
141.417 83
141.417 84
141.425 85
141.425 86
141.443 82
141.443 83
141.451 84
141.451 85
141.46 86
141.474 82
141.474 83
141.482 84
141.482 85
141.49 86
141.499 87
141.501 85
141.501 86
141.511 87
141.527 84
141.527 85
141.535 86
141.543 87
141.556 83
141.556 84
141.564 85
141.564 86
141.572 87
141.587 83
141.587 84
141.595 85
141.595 86
141.603 87
141.611 88
141.615 83
141.615 84
141.623 85
141.623 86
141.631 87
141.639 88
141.646 86
141.654 87
141.654 88
141.675 85
141.675 86
141.683 87
141.691 88
141.708 84
141.708 85
141.716 86
141.724 87
141.724 88
141.732 89
141.735 86
141.744 87
141.744 88
141.752 89
141.761 85
141.761 86
141.769 87
141.777 88
141.777 89
141.792 85
141.792 86
141.8 87
141.808 88
141.808 89
141.816 90
141.823 86
141.823 87
141.831 88
141.831 89
141.839 90
141.849 86
141.857 87
141.857 88
141.865 89
141.865 90
141.878 86
141.886 87
141.886 88
141.894 89
141.894 90
141.901 91
141.909 86
141.909 87
141.917 88
141.917 89
141.924 90
141.924 91
141.936 87
141.936 88
141.943 89
141.943 90
141.951 91
141.964 86
141.964 87
141.972 88
141.972 89
141.979 90
141.979 91
141.987 92
141.995 87
141.995 88
142.003 89
142.003 90
142.01 91
142.01 92
142.022 89
142.022 90
142.029 91
142.029 92
142.037 93
142.05 88
142.05 89
142.058 90
142.058 91
142.065 92
142.065 93
142.086 88
142.086 89
142.093 90
142.093 91
142.101 92
142.101 93
142.112 89
142.112 90
142.12 91
142.12 92
142.127 93
142.127 94
142.139 88
142.139 89
142.146 90
142.146 91
142.154 92
142.154 93
142.161 94
142.178 90
142.178 91
142.186 92
142.186 93
142.193 94
142.193 95
142.212 90
142.212 91
142.219 92
142.219 93
142.226 94
142.226 95
142.238 90
142.238 91
142.245 92
142.245 93
142.253 94
142.253 95
142.26 96
142.262 93
142.262 94
142.271 95
142.279 94
142.309 89
142.309 90
142.317 91
142.317 92
142.326 90
142.326 91
142.334 89
142.334 90
142.343 91
142.371 86
142.379 87
142.379 88
142.388 89
142.388 90
142.397 84
142.397 85
142.406 86
142.415 87
142.415 88
142.423 89
142.424 85
142.424 86
142.436 87
142.445 88
142.45 83
142.45 84
142.459 85
142.459 86
142.467 87
142.479 80
142.479 81
142.487 82
142.487 83
142.496 84
142.496 85
142.505 76
142.505 77
142.513 78
142.513 79
142.522 80
142.522 81
142.53 73
142.53 74
142.538 75
142.547 67
142.547 68
142.555 69
142.555 70
142.563 71
142.563 72
142.571 63
142.571 64
142.579 65
142.579 66
142.587 67
142.587 68
142.595 60
142.595 61
142.602 62
142.61 63
142.61 64
142.617 57
142.617 58
142.625 59
142.625 60
142.632 61
142.632 62
142.639 55
142.639 56
142.646 57
142.646 58
142.653 59
142.653 60
142.659 51
142.659 52
142.666 53
142.666 54
142.673 55
142.673 56
142.68 57
142.68 58
142.686 50
142.692 51
142.692 52
142.699 53
142.699 54
142.705 55
142.705 56
142.711 50
142.711 51
142.717 52
142.717 53
142.723 54
142.723 55
142.729 56
142.729 57
142.735 58
142.735 59
142.74 54
142.74 55
142.746 56
142.746 57
142.752 58
142.752 59
142.758 60
142.758 61
142.763 62
142.769 57
142.769 58
142.774 59
142.774 60
142.78 61
142.78 62
142.785 63
142.791 64
142.791 65
142.796 60
142.796 61
142.801 62
142.806 63
142.806 64
142.812 65
142.812 66
142.817 67
142.817 68
142.822 69
142.822 70
142.827 63
142.827 64
142.832 65
142.832 66
142.837 67
142.837 68
142.842 69
142.842 70
142.847 71
142.847 72
142.852 65
142.852 66
142.857 67
142.857 68
142.862 69
142.862 70
142.867 71
142.867 72
142.871 73
142.871 74
142.876 75
142.88 69
142.88 70
142.886 71
142.886 72
142.891 73
142.891 74
142.895 75
142.9 76
142.9 77
142.905 78
142.905 79
142.909 73
142.909 74
142.914 75
142.918 76
142.918 77
142.923 78
142.923 79
142.927 80
142.927 81
142.932 82
142.932 83
142.936 82
142.936 83
142.941 84
142.959 79
142.959 80
142.963 81
142.963 82
142.968 83
142.968 84
142.972 85
142.972 86
142.986 79
142.986 80
142.99 81
142.99 82
142.994 83
142.994 84
142.998 85
142.998 86
143.019 81
143.019 82
143.023 83
143.023 84
143.027 85
143.027 86
143.045 79
143.045 80
143.049 81
143.054 82
143.054 83
143.058 84
143.058 85
143.062 86
143.074 82
143.074 83
143.078 84
143.078 85
143.082 86
143.086 87
143.086 88
143.1 83
143.1 84
143.105 85
143.105 86
143.109 87
143.113 88
143.129 82
143.129 83
143.133 84
143.133 85
143.138 86
143.142 87
143.142 88
143.156 84
143.156 85
143.16 86
143.164 87
143.164 88
143.182 82
143.182 83
143.187 84
143.187 85
143.191 86
143.195 87
143.195 88
143.2 89
143.209 84
143.209 85
143.213 86
143.218 87
143.218 88
143.222 89
143.235 83
143.235 84
143.24 85
143.24 86
143.244 87
143.249 88
143.249 89
143.262 85
143.262 86
143.266 87
143.271 88
143.271 89
143.288 85
143.288 86
143.293 87
143.298 88
143.298 89
143.302 90
143.317 85
143.317 86
143.322 87
143.327 88
143.327 89
143.331 90
143.343 86
143.343 87
143.348 88
143.348 89
143.353 90
143.37 86
143.375 87
143.375 88
143.38 89
143.38 90
143.398 86
143.404 87
143.404 88
143.409 89
143.409 90
143.432 84
143.432 85
143.437 86
143.442 87
143.442 88
143.447 89
143.447 90
143.453 91
143.462 85
143.462 86
143.468 87
143.473 88
143.473 89
143.479 90
143.479 91
143.496 86
143.501 87
143.501 88
143.506 89
143.506 90
143.512 91
143.533 85
143.533 86
143.539 87
143.544 88
143.544 89
143.55 90
143.55 91
143.568 86
143.568 87
143.574 88
143.574 89
143.58 90
143.58 91
143.602 86
143.602 87
143.607 88
143.607 89
143.613 90
143.613 91
143.619 92
143.628 88
143.628 89
143.634 90
143.634 91
143.64 92
143.655 88
143.655 89
143.661 90
143.661 91
143.667 92
143.681 86
143.681 87
143.687 88
143.687 89
143.693 90
143.693 91
143.699 92
143.708 88
143.708 89
143.714 90
143.714 91
143.72 92
143.734 88
143.734 89
143.74 90
143.74 91
143.747 92
143.761 89
143.761 90
143.767 91
143.767 92
143.773 93
143.791 87
143.791 88
143.798 89
143.798 90
143.805 91
143.805 92
143.811 93
143.825 88
143.825 89
143.831 90
143.831 91
143.838 92
143.838 93
143.851 88
143.851 89
143.858 90
143.858 91
143.864 92
143.864 93
143.878 89
143.878 90
143.884 91
143.884 92
143.891 93
143.909 86
143.915 87
143.915 88
143.922 89
143.922 90
143.929 91
143.929 92
143.936 93
143.942 86
143.942 87
143.948 88
143.948 89
143.955 90
143.955 91
143.962 92
143.962 93
143.975 87
143.975 88
143.982 89
143.982 90
143.989 91
143.989 92
143.995 93
143.995 94
144.006 87
144.006 88
144.013 89
144.013 90
144.02 91
144.02 92
144.026 93
144.026 94
144.045 89
144.045 90
144.052 91
144.052 92
144.059 93
144.059 94
144.074 89
144.074 90
144.081 91
144.081 92
144.088 93
144.088 94
144.101 90
144.101 91
144.108 92
144.108 93
144.115 94
144.127 89
144.127 90
144.134 91
144.134 92
144.141 93
144.141 94
144.162 89
144.162 90
144.169 91
144.169 92
144.177 93
144.177 94
144.189 89
144.189 90
144.196 91
144.196 92
144.203 93
144.203 94
144.224 90
144.224 91
144.231 92
144.231 93
144.238 94
144.251 90
144.251 91
144.258 92
144.258 93
144.265 94
144.282 89
144.282 90
144.289 91
144.289 92
144.296 93
144.296 94
144.303 95
144.308 91
144.308 92
144.315 93
144.315 94
144.323 95
144.335 90
144.335 91
144.342 92
144.342 93
144.349 94
144.349 95
144.356 93
144.356 94
144.364 95
144.381 92
144.381 93
144.388 94
144.388 95
144.41 89
144.41 90
144.417 91
144.417 92
144.424 93
144.424 94
144.432 95
144.436 90
144.436 91
144.444 92
144.444 93
144.451 94
144.451 95
144.467 90
144.467 91
144.474 92
144.474 93
144.482 94
144.482 95
144.494 88
144.494 89
144.501 90
144.501 91
144.508 92
144.508 93
144.516 94
144.516 95
144.525 90
144.525 91
144.532 92
144.532 93
144.539 94
144.539 95
144.553 90
144.553 91
144.561 92
144.561 93
144.568 94
144.568 95
144.58 90
144.58 91
144.587 92
144.587 93
144.595 94
144.595 95
144.608 91
144.608 92
144.616 93
144.616 94
144.623 95
144.635 90
144.635 91
144.642 92
144.642 93
144.65 94
144.65 95
144.672 89
144.672 90
144.68 91
144.68 92
144.687 93
144.687 94
144.695 95
144.699 91
144.699 92
144.706 93
144.706 94
144.714 95
144.732 90
144.732 91
144.74 92
144.74 93
144.747 94
144.747 95
144.759 92
144.759 93
144.766 94
144.766 95
144.774 96
144.785 90
144.785 91
144.793 92
144.793 93
144.8 94
144.8 95
144.808 96
144.816 92
144.816 93
144.823 94
144.823 95
144.831 96
144.842 91
144.842 92
144.85 93
144.85 94
144.857 93
144.857 94
144.865 92
144.895 89
144.895 90
144.904 91
144.904 92
144.922 87
144.922 88
144.931 89
144.931 90
144.94 91
144.951 86
144.951 87
144.959 88
144.959 89
144.968 90
144.979 85
144.979 86
144.988 87
144.997 88
144.997 89
145.006 84
145.006 85
145.015 86
145.023 87
145.023 88
145.035 84
145.035 85
145.043 86
145.052 87
145.061 83
145.061 84
145.07 85
145.07 86
145.079 87
145.088 83
145.088 84
145.096 85
145.096 86
145.116 82
145.116 83
145.125 84
145.125 85
145.134 86
145.143 83
145.143 84
145.151 85
145.151 86
145.169 82
145.169 83
145.178 84
145.178 85
145.196 80
145.196 81
145.204 82
145.204 83
145.213 84
145.231 79
145.231 80
145.24 81
145.24 82
145.249 83
145.258 78
145.258 79
145.266 80
145.266 81
145.275 82
145.275 83
145.284 78
145.284 79
145.293 80
145.293 81
145.301 82
145.315 78
145.315 79
145.324 80
145.324 81
145.344 75
145.344 76
145.352 77
145.361 78
145.361 79
145.37 80
145.37 81
145.378 82
145.39 79
145.39 80
145.399 81
145.399 82
145.407 83
145.407 84
145.417 80
145.417 81
145.425 82
145.425 83
145.433 84
145.433 85
145.445 80
145.445 81
145.454 82
145.454 83
145.462 84
145.462 85
145.472 81
145.472 82
145.48 83
145.48 84
145.488 85
145.5 80
145.5 81
145.509 82
145.509 83
145.517 84
145.517 85
145.525 86
145.534 80
145.534 81
145.542 82
145.542 83
145.55 84
145.55 85
145.558 86
145.56 81
145.56 82
145.57 83
145.57 84
145.579 85
145.579 86
145.587 81
145.587 82
145.595 83
145.595 84
145.603 85
145.603 86
145.613 83
145.613 84
145.623 85
145.623 86
145.64 83
145.64 84
145.648 85
145.648 86
145.673 82
145.673 83
145.681 84
145.681 85
145.689 86
145.699 82
145.699 83
145.707 84
145.707 85
145.715 86
145.723 87
145.728 83
145.728 84
145.736 85
145.736 86
145.743 87
145.754 84
145.754 85
145.762 86
145.77 87
145.781 83
145.781 84
145.789 85
145.789 86
145.796 87
145.81 84
145.81 85
145.817 86
145.825 87
145.825 88
145.836 84
145.836 85
145.844 86
145.851 87
145.851 88
145.865 84
145.865 85
145.872 86
145.88 87
145.88 88
145.898 84
145.898 85
145.905 86
145.913 87
145.913 88
145.927 84
145.927 85
145.934 86
145.941 87
145.941 88
145.949 89
145.953 86
145.96 87
145.96 88
145.968 89
145.98 86
145.987 87
145.987 88
145.994 89
146.008 84
146.008 85
146.016 86
146.023 87
146.023 88
146.03 89
146.039 85
146.039 86
146.046 87
146.054 88
146.054 89
146.061 90
146.068 86
146.075 87
146.075 88
146.082 89
146.082 90
146.094 86
146.102 87
146.102 88
146.109 89
146.109 90
146.128 86
146.128 87
146.135 88
146.135 89
146.142 90
146.158 86
146.166 87
146.166 88
146.173 89
146.173 90
146.187 86
146.194 87
146.194 88
146.202 89
146.202 90
146.209 91
146.214 87
146.214 88
146.221 89
146.221 90
146.228 91
146.24 87
146.24 88
146.247 89
146.247 90
146.255 91
146.267 86
146.267 87
146.274 88
146.274 89
146.281 90
146.281 91
146.3 86
146.3 87
146.307 88
146.307 89
146.314 90
146.314 91
146.326 86
146.326 87
146.334 88
146.341 89
146.341 90
146.348 91
146.348 92
146.357 88
146.357 89
146.364 90
146.364 91
146.372 92
146.372 93
146.388 89
146.388 90
146.395 91
146.395 92
146.403 93
146.415 88
146.415 89
146.422 90
146.422 91
146.429 92
146.429 93
146.441 89
146.441 90
146.448 91
146.448 92
146.456 93
146.468 89
146.468 90
146.475 91
146.475 92
146.482 93
146.498 88
146.498 89
146.506 90
146.506 91
146.513 92
146.513 93
146.525 88
146.525 89
146.532 90
146.532 91
146.54 92
146.54 93
146.551 89
146.551 90
146.559 91
146.559 92
146.566 93
146.578 87
146.578 88
146.585 89
146.585 90
146.593 91
146.593 92
146.6 93
146.6 94
146.611 90
146.611 91
146.618 92
146.618 93
146.626 94
146.638 91
146.638 92
146.645 93
146.645 94
146.664 89
146.664 90
146.671 91
146.671 92
146.679 93
146.679 94
146.693 90
146.693 91
146.7 92
146.7 93
146.708 94
146.719 89
146.719 90
146.727 91
146.727 92
146.734 93
146.734 94
146.746 90
146.746 91
146.753 92
146.753 93
146.761 94
146.772 90
146.772 91
146.78 92
146.78 93
146.787 94
146.801 89
146.801 90
146.808 91
146.808 92
146.816 93
146.816 94
146.827 87
146.827 88
146.835 89
146.835 90
146.842 91
146.842 92
146.85 93
146.85 94
146.861 89
146.861 90
146.868 91
146.868 92
146.876 93
146.876 94
146.894 90
146.894 91
146.901 92
146.901 93
146.909 94
146.909 95
146.92 90
146.92 91
146.928 92
146.928 93
146.935 94
146.935 95
146.947 91
146.947 92
146.954 93
146.954 94
146.962 95
146.973 91
146.973 92
146.981 93
146.981 94
146.988 95
147.004 90
147.004 91
147.012 92
147.012 93
147.019 94
147.019 95
147.031 90
147.031 91
147.038 92
147.038 93
147.046 94
147.046 95
147.059 90
147.059 91
147.067 92
147.067 93
147.074 94
147.074 95
147.086 90
147.086 91
147.093 92
147.093 93
147.101 94
147.101 95
147.112 90
147.112 91
147.12 92
147.12 93
147.127 94
147.127 95
147.145 91
147.145 92
147.153 93
147.153 94
147.16 95
147.172 91
147.172 92
147.179 93
147.179 94
147.187 95
147.198 91
147.198 92
147.206 93
147.206 94
147.213 95
147.225 90
147.225 91
147.232 92
147.232 93
147.24 94
147.24 95
147.251 91
147.251 92
147.259 93
147.259 94
147.266 95
147.278 91
147.278 92
147.285 93
147.285 94
147.293 95
147.307 90
147.307 91
147.314 92
147.314 93
147.322 94
147.322 95
147.335 88
147.335 89
147.343 90
147.343 91
147.35 90
147.35 91
147.358 92
147.358 93
147.365 94
147.365 95
147.377 90
147.377 91
147.385 92
147.385 93
147.392 94
147.392 95
147.404 90
147.404 91
147.411 92
147.411 93
147.419 94
147.419 95
147.435 88
147.435 89
147.442 90
147.442 91
147.45 92
147.45 93
147.457 94
147.457 95
147.465 96
147.466 91
147.466 92
147.476 93
147.476 94
147.483 95
147.483 96
147.501 89
147.501 90
147.508 91
147.508 92
147.516 93
147.516 94
147.523 95
147.523 96
147.532 91
147.532 92
147.539 93
147.539 94
147.547 95
147.547 96
147.558 90
147.558 91
147.566 92
147.566 93
147.573 94
147.573 95
147.581 96
147.585 92
147.585 93
147.592 94
147.592 95
147.6 96
147.611 91
147.611 92
147.619 93
147.619 94
147.626 95
147.626 96
147.64 90
147.64 91
147.647 92
147.647 93
147.655 94
147.655 95
147.662 96
147.667 92
147.667 93
147.674 94
147.674 95
147.681 96
147.693 92
147.693 93
147.7 94
147.7 95
147.708 96
147.722 91
147.722 92
147.729 93
147.729 94
147.736 95
147.736 96
147.75 91
147.75 92
147.758 93
147.758 94
147.765 95
147.765 96
147.784 91
147.784 92
147.791 93
147.791 94
147.798 95
147.798 96
147.814 91
147.814 92
147.822 93
147.822 94
147.829 95
147.829 96
147.843 91
147.843 92
147.85 93
147.85 94
147.857 95
147.857 96
147.872 91
147.872 92
147.879 93
147.879 94
147.886 95
147.886 96
147.898 92
147.898 93
147.906 94
147.906 95
147.913 96
147.925 90
147.925 91
147.932 92
147.932 93
147.939 94
147.939 95
147.946 96
147.954 90
147.954 91
147.961 92
147.961 93
147.968 94
147.968 95
147.975 96
147.975 97
147.991 90
147.991 91
147.998 92
147.998 93
148.005 94
148.005 95
148.013 96
148.013 97
148.022 92
148.022 93
148.029 94
148.029 95
148.036 96
148.036 97
148.049 91
148.049 92
148.056 93
148.056 94
148.063 95
148.063 96
148.07 97
148.079 91
148.079 92
148.087 93
148.087 94
148.094 95
148.094 96
148.101 97
148.11 92
148.11 93
148.117 94
148.117 95
148.125 96
148.125 97
148.139 92
148.139 93
148.146 94
148.146 95
148.153 96
148.153 97
148.166 92
148.166 93
148.173 94
148.173 95
148.18 96
148.18 97
148.194 93
148.194 94
148.201 95
148.201 96
148.209 97
148.225 92
148.225 93
148.232 94
148.232 95
148.239 96
148.239 97
148.254 93
148.254 94
148.261 95
148.261 96
148.268 94
148.268 95
148.275 96
148.275 97
148.294 92
148.294 93
148.301 94
148.301 95
148.308 96
148.308 97
148.327 92
148.327 93
148.334 94
148.334 95
148.341 96
148.341 97
148.355 92
148.355 93
148.363 94
148.363 95
148.37 96
148.37 97
148.389 92
148.389 93
148.396 94
148.396 95
148.403 96
148.403 97
148.417 92
148.417 93
148.424 94
148.424 95
148.432 96
148.432 97
148.444 92
148.444 93
148.451 94
148.451 95
148.458 96
148.458 97
148.465 98
148.472 94
148.472 95
148.48 96
148.48 97
148.487 98
148.499 92
148.499 93
148.506 94
148.506 95
148.513 96
148.513 97
148.521 98
148.528 93
148.528 94
148.535 95
148.535 96
148.542 97
148.542 98
148.554 92
148.554 93
148.561 94
148.561 95
148.569 96
148.569 97
148.576 98
148.585 92
148.585 93
148.592 94
148.592 95
148.6 96
148.6 97
148.607 98
148.616 93
148.616 94
148.623 95
148.623 96
148.63 97
148.63 98
148.645 93
148.645 94
148.652 95
148.652 96
148.659 97
148.659 98
148.671 93
148.671 94
148.678 95
148.678 96
148.686 97
148.686 98
148.7 94
148.7 95
148.707 96
148.707 97
148.714 98
148.729 93
148.729 94
148.736 95
148.736 96
148.743 97
148.743 98
148.759 92
148.759 93
148.767 94
148.767 95
148.774 96
148.774 97
148.781 98
148.786 94
148.786 95
148.793 96
148.793 97
148.801 98
148.815 95
148.815 96
148.822 97
148.822 98
148.841 93
148.841 94
148.848 95
148.848 96
148.856 97
148.856 98
148.872 94
148.872 95
148.879 96
148.879 97
148.887 98
148.899 94
148.899 95
148.906 96
148.906 97
148.913 98
148.925 93
148.925 94
148.932 95
148.932 96
148.94 97
148.94 98
148.952 92
148.952 93
148.959 94
148.959 95
148.966 96
148.966 97
148.973 98
148.973 99
148.98 95
148.98 96
148.988 97
148.988 98
148.995 99
149.007 94
149.007 95
149.014 96
149.014 97
149.021 95
149.021 96
149.028 93
149.028 94
149.06 88
149.06 89
149.068 90
149.068 91
149.077 92
149.077 93
149.091 87
149.091 88
149.099 89
149.099 90
149.108 91
149.108 92
149.116 93
149.122 88
149.122 89
149.13 90
149.13 91
149.139 92
149.148 87
149.148 88
149.157 89
149.157 90
149.165 91
149.177 86
149.177 87
149.185 88
149.185 89
149.194 90
149.203 86
149.212 87
149.212 88
149.22 89
149.22 90
149.23 86
149.238 87
149.238 88
149.247 89
149.256 83
149.256 84
149.265 85
149.265 86
149.273 87
149.282 88
149.289 84
149.289 85
149.298 86
149.306 87
149.316 84
149.316 85
149.324 86
149.345 82
149.345 83
149.353 84
149.353 85
149.361 86
149.373 82
149.373 83
149.382 84
149.382 85
149.39 86
149.404 81
149.404 82
149.413 83
149.413 84
149.421 85
149.433 78
149.433 79
149.441 80
149.441 81
149.45 82
149.45 83
149.458 84
149.464 80
149.464 81
149.472 82
149.472 83
149.48 84
149.49 79
149.49 80
149.499 81
149.507 82
149.507 83
149.515 84
149.519 82
149.519 83
149.527 84
149.527 85
149.548 81
149.548 82
149.556 83
149.556 84
149.564 85
149.564 86
149.574 82
149.574 83
149.583 84
149.583 85
149.591 86
149.607 82
149.607 83
149.615 84
149.615 85
149.623 86
149.631 87
149.634 84
149.634 85
149.643 86
149.651 87
149.66 84
149.66 85
149.668 86
149.676 87
149.687 83
149.687 84
149.695 85
149.695 86
149.702 87
149.713 85
149.713 86
149.721 87
149.729 88
149.74 84
149.74 85
149.748 86
149.755 87
149.755 88
149.766 85
149.766 86
149.774 87
149.782 88
149.793 85
149.793 86
149.8 87
149.808 88
149.808 89
149.824 85
149.824 86
149.831 87
149.839 88
149.839 89
149.852 86
149.86 87
149.86 88
149.868 89
149.879 86
149.887 87
149.887 88
149.894 89
149.894 90
149.905 85
149.905 86
149.913 87
149.92 88
149.92 89
149.928 90
149.936 86
149.936 87
149.944 88
149.944 89
149.951 90
149.965 85
149.965 86
149.972 87
149.98 88
149.98 89
149.987 90
149.994 86
149.994 87
150.001 88
150.001 89
150.009 90
150.009 91
150.02 86
150.02 87
150.028 88
150.028 89
150.035 90
150.035 91
150.051 86
150.051 87
150.059 88
150.059 89
150.066 90
150.066 91
150.082 86
150.082 87
150.089 88
150.089 89
150.097 90
150.097 91
150.109 86
150.109 87
150.116 88
150.116 89
150.123 90
150.123 91
150.131 92
150.142 88
150.142 89
150.149 90
150.149 91
150.156 92
150.168 87
150.168 88
150.176 89
150.176 90
150.183 91
150.183 92
150.197 87
150.197 88
150.204 89
150.204 90
150.211 89
150.211 90
150.219 91
150.219 92
150.234 87
150.234 88
150.242 89
150.242 90
150.249 91
150.249 92
150.256 93
150.261 89
150.261 90
150.268 91
150.268 92
150.275 93
150.287 89
150.287 90
150.295 91
150.295 92
150.302 93
150.318 88
150.318 89
150.326 90
150.326 91
150.333 92
150.333 93
150.347 88
150.347 89
150.354 90
150.354 91
150.362 92
150.362 93
150.374 89
150.374 90
150.381 91
150.381 92
150.388 93
150.388 94
150.4 89
150.4 90
150.407 91
150.407 92
150.415 93
150.415 94
150.427 91
150.427 92
150.434 93
150.434 94
150.453 89
150.453 90
150.46 91
150.46 92
150.468 93
150.468 94
150.48 88
150.48 89
150.487 90
150.487 91
150.494 92
150.494 93
150.501 94
150.513 89
150.513 90
150.52 91
150.52 92
150.527 93
150.527 94
150.544 89
150.544 90
150.551 91
150.551 92
150.558 93
150.558 94
150.565 95
150.572 90
150.572 91
150.58 92
150.58 93
150.587 94
150.587 95
150.601 90
150.601 91
150.608 92
150.608 93
150.615 94
150.615 95
150.627 91
150.627 92
150.635 93
150.635 94
150.642 95
150.654 90
150.654 91
150.661 92
150.661 93
150.668 94
150.668 95
150.68 91
150.68 92
150.688 93
150.688 94
150.695 95
150.707 90
150.707 91
150.714 92
150.714 93
150.721 94
150.721 95
150.729 96
150.736 91
150.736 92
150.743 93
150.743 94
150.75 95
150.75 96
150.762 91
150.762 92
150.769 93
150.769 94
150.777 95
150.777 96
150.795 92
150.795 93
150.803 94
150.803 95
150.81 96
150.822 91
150.822 92
150.829 93
150.829 94
150.836 95
150.836 96
150.853 91
150.853 92
150.86 93
150.86 94
150.867 95
150.867 96
150.879 91
150.879 92
150.886 93
150.886 94
150.894 95
150.894 96
150.906 89
150.906 90
150.913 91
150.913 92
150.92 93
150.92 94
150.927 95
150.927 96
150.943 91
150.943 92
150.95 93
150.95 94
150.958 95
150.958 96
150.965 97
150.972 92
150.972 93
150.979 94
150.979 95
150.986 96
150.986 97
150.998 92
150.998 93
151.006 94
151.006 95
151.013 96
151.013 97
151.025 91
151.025 92
151.032 93
151.032 94
151.039 95
151.039 96
151.047 97
151.054 91
151.054 92
151.061 93
151.061 94
151.068 95
151.068 96
151.075 97
151.085 92
151.085 93
151.092 94
151.092 95
151.099 96
151.099 97
151.113 92
151.113 93
151.12 94
151.12 95
151.128 96
151.128 97
151.14 91
151.14 92
151.147 93
151.147 94
151.154 95
151.154 96
151.161 97
151.173 91
151.173 92
151.18 93
151.18 94
151.187 95
151.187 96
151.194 97
151.204 91
151.204 92
151.211 93
151.211 94
151.218 95
151.218 96
151.225 97
151.235 90
151.235 91
151.242 92
151.242 93
151.249 94
151.249 95
151.256 96
151.256 97
151.274 93
151.274 94
151.281 95
151.281 96
151.288 97
151.288 98
151.301 93
151.301 94
151.308 95
151.308 96
151.315 97
151.315 98
151.33 93
151.33 94
151.337 95
151.337 96
151.344 97
151.344 98
151.358 93
151.358 94
151.365 95
151.365 96
151.372 97
151.372 98
151.389 92
151.389 93
151.396 94
151.396 95
151.403 96
151.403 97
151.41 98
151.416 94
151.416 95
151.423 96
151.423 97
151.43 98
151.447 93
151.447 94
151.454 95
151.461 96
151.461 97
151.468 98
151.475 93
151.475 94
151.482 95
151.482 96
151.489 97
151.489 98
151.502 93
151.502 94
151.509 95
151.509 96
151.516 97
151.516 98
151.531 92
151.531 93
151.538 94
151.538 95
151.545 96
151.545 97
151.552 98
151.564 93
151.564 94
151.571 95
151.571 96
151.578 97
151.578 98
151.59 94
151.59 95
151.597 96
151.597 97
151.604 98
151.617 93
151.617 94
151.624 95
151.624 96
151.631 97
151.631 98
151.645 94
151.645 95
151.652 96
151.652 97
151.66 98
151.672 92
151.672 93
151.679 94
151.679 95
151.686 96
151.686 97
151.693 98
151.703 92
151.703 93
151.71 94
151.71 95
151.717 96
151.717 97
151.724 98
151.734 91
151.734 92
151.741 93
151.741 94
151.748 95
151.748 96
151.755 97
151.755 98
151.762 99
151.776 92
151.776 93
151.783 94
151.783 95
151.79 96
151.79 97
151.797 98
151.797 99
151.809 94
151.809 95
151.816 96
151.816 97
151.823 98
151.823 99
151.837 94
151.837 95
151.845 96
151.845 97
151.852 98
151.852 99
151.868 94
151.868 95
151.875 96
151.875 97
151.883 98
151.883 99
151.897 93
151.897 94
151.904 95
151.904 96
151.911 97
151.911 98
151.918 99
151.926 95
151.926 96
151.933 97
151.933 98
151.94 99
151.952 94
151.952 95
151.959 96
151.959 97
151.967 98
151.967 99
151.979 94
151.979 95
151.986 96
151.986 97
151.993 98
151.993 99
152.005 94
152.005 95
152.012 96
152.012 97
152.02 98
152.02 99
152.032 95
152.032 96
152.039 97
152.039 98
152.046 99
152.058 93
152.058 94
152.065 95
152.065 96
152.072 97
152.072 98
152.08 99
152.091 95
152.091 96
152.098 97
152.098 98
152.106 96
152.106 97
152.113 98
152.113 99
152.127 95
152.127 96
152.134 97
152.134 98
152.141 99
152.153 94
152.153 95
152.16 96
152.16 97
152.167 98
152.167 99
152.18 94
152.18 95
152.187 96
152.187 97
152.194 98
152.194 99
152.208 94
152.208 95
152.215 96
152.215 97
152.223 98
152.223 99
152.235 93
152.235 94
152.242 95
152.242 96
152.249 97
152.249 98
152.256 99
152.266 96
152.266 97
152.273 98
152.273 99
152.292 95
152.292 96
152.299 97
152.299 98
152.307 99
152.323 95
152.323 96
152.33 97
152.33 98
152.337 99
152.35 95
152.35 96
152.357 97
152.357 98
152.364 99
152.376 96
152.376 97
152.383 98
152.383 99
152.403 95
152.403 96
152.41 97
152.41 98
152.417 99
152.431 95
152.431 96
152.439 97
152.439 98
152.446 99
152.458 96
152.458 97
152.465 98
152.465 99
152.484 95
152.484 96
152.492 97
152.492 98
152.499 99
152.513 94
152.513 95
152.52 96
152.52 97
152.527 98
152.527 99
152.54 96
152.54 97
152.547 98
152.547 99
152.566 95
152.566 96
152.573 97
152.573 98
152.58 99
152.595 94
152.595 95
152.602 96
152.602 97
152.609 98
152.609 99
152.621 96
152.621 97
152.628 98
152.628 99
152.648 94
152.648 95
152.655 96
152.655 97
152.662 98
152.662 99
152.681 95
152.681 96
152.688 97
152.688 98
152.695 99
152.71 93
152.71 94
152.717 95
152.717 96
152.724 97
152.724 98
152.731 99
152.738 100
152.743 94
152.743 95
152.75 96
152.75 97
152.757 98
152.757 99
152.764 100
152.774 96
152.774 97
152.781 98
152.781 99
152.788 100
152.8 95
152.8 96
152.807 97
152.807 98
152.814 99
152.821 100
152.833 95
152.833 96
152.84 97
152.84 98
152.847 99
152.854 100
152.86 97
152.86 98
152.867 99
152.874 100
152.886 97
152.886 98
152.893 99
152.9 100
152.913 95
152.913 96
152.92 97
152.92 98
152.927 99
152.934 100
152.939 96
152.939 97
152.946 98
152.946 99
152.953 100
152.972 95
152.972 96
152.979 97
152.979 98
152.986 99
152.993 100
152.999 96
152.999 97
153.006 98
153.006 99
153.013 100
153.028 97
153.028 98
153.034 99
153.041 100
153.054 94
153.054 95
153.061 96
153.061 97
153.068 98
153.068 99
153.075 100
153.087 95
153.087 96
153.094 97
153.094 98
153.101 99
153.108 100
153.118 96
153.118 97
153.125 98
153.125 99
153.132 100
153.145 97
153.145 98
153.151 99
153.158 100
153.171 97
153.171 98
153.178 99
153.185 100
153.185 101
153.198 97
153.198 98
153.204 99
153.211 100
153.211 101
153.223 93
153.223 94
153.23 95
153.23 96
153.237 97
153.237 98
153.244 99
153.251 92
153.251 93
153.257 94
153.257 95
153.264 93
153.264 94
153.271 95
153.271 96
153.278 97
153.278 98
153.284 99
153.291 93
153.291 94
153.298 95
153.298 96
153.305 97
153.305 98
153.311 89
153.311 90
153.318 91
153.318 92
153.325 93
153.325 94
153.331 95
153.331 96
153.338 87
153.338 88
153.344 89
153.344 90
153.351 91
153.351 92
153.357 84
153.357 85
153.364 86
153.37 87
153.37 88
153.376 80
153.376 81
153.383 82
153.383 83
153.389 84
153.389 85
153.395 86
153.401 78
153.401 79
153.407 80
153.407 81
153.413 82
153.413 83
153.419 84
153.419 85
153.425 76
153.425 77
153.431 78
153.431 79
153.437 80
153.437 81
153.442 73
153.442 74
153.448 75
153.454 76
153.454 77
153.459 78
153.459 79
153.465 80
153.465 81
153.471 74
153.476 75
153.476 76
153.481 77
153.481 78
153.487 79
153.487 80
153.492 81
153.492 82
153.497 74
153.503 75
153.503 76
153.508 77
153.508 78
153.513 79
153.513 80
153.517 72
153.517 73
153.523 74
153.528 75
153.528 76
153.533 77
153.533 78
153.538 79
153.538 80
153.542 81
153.542 82
153.547 74
153.547 75
153.552 76
153.552 77
153.557 78
153.557 79
153.562 80
153.562 81
153.566 82
153.566 83
153.57 74
153.57 75
153.576 76
153.576 77
153.58 78
153.58 79
153.585 80
153.585 81
153.589 82
153.589 83
153.594 74
153.594 75
153.598 76
153.598 77
153.602 75
153.602 76
153.607 77
153.607 78
153.611 79
153.611 80
153.615 81
153.615 82
153.619 83
153.619 84
153.623 75
153.623 76
153.628 77
153.628 78
153.632 79
153.632 80
153.636 81
153.636 82
153.64 83
153.64 84
153.644 85
153.644 86
153.648 87
153.652 80
153.652 81
153.656 82
153.656 83
153.66 84
153.66 85
153.664 86
153.668 87
153.668 88
153.671 89
153.671 90
153.675 82
153.675 83
153.679 84
153.679 85
153.683 86
153.687 87
153.687 88
153.691 89
153.691 90
153.694 91
153.694 92
153.698 93
153.698 94
153.702 95
153.702 96
153.706 89
153.706 90
153.71 91
153.71 92
153.713 93
153.713 94
153.717 95
153.717 96
153.721 97
153.721 98
153.724 99
153.728 100
153.728 101
153.732 95
153.732 96
153.735 97
153.735 98
153.739 99
153.743 100
153.743 101
153.756 93
153.756 94
153.759 95
153.759 96
153.763 97
153.763 98
153.766 99
153.77 100
153.77 101
153.787 95
153.787 96
153.791 97
153.791 98
153.794 99
153.798 100
153.798 101
153.814 95
153.814 96
153.817 97
153.817 98
153.821 99
153.824 100
153.824 101
153.845 95
153.845 96
153.848 97
153.848 98
153.852 99
153.855 100
153.855 101
153.871 94
153.871 95
153.875 96
153.875 97
153.878 98
153.878 99
153.882 100
153.885 101
153.898 96
153.898 97
153.901 98
153.901 99
153.905 100
153.908 101
153.926 95
153.926 96
153.93 97
153.93 98
153.934 99
153.937 100
153.937 101
153.953 94
153.953 95
153.956 96
153.956 97
153.96 98
153.96 99
153.964 100
153.968 101
153.979 96
153.979 97
153.983 98
153.983 99
153.987 100
153.991 101
153.991 102
154.008 95
154.008 96
154.012 97
154.012 98
154.016 99
154.02 100
154.02 101
154.024 102
154.034 96
154.034 97
154.038 98
154.038 99
154.042 100
154.046 101
154.046 102
154.061 95
154.061 96
154.065 97
154.065 98
154.069 99
154.073 100
154.073 101
154.077 102
154.094 95
154.094 96
154.098 97
154.098 98
154.103 99
154.107 100
154.107 101
154.111 102
154.121 98
154.121 99
154.125 100
154.129 101
154.129 102
154.147 99
154.152 100
154.152 101
154.156 102
154.176 96
154.176 97
154.18 98
154.18 99
154.185 100
154.19 101
154.19 102
154.209 96
154.209 97
154.214 98
154.214 99
154.218 100
154.223 101
154.223 102
154.246 96
154.246 97
154.251 98
154.251 99
154.256 100
154.261 101
154.261 102
154.284 95
154.284 96
154.289 97
154.289 98
154.294 99
154.299 100
154.299 101
154.304 102
154.322 97
154.322 98
154.327 99
154.332 100
154.332 101
154.337 102
154.352 97
154.352 98
154.358 99
154.363 100
154.363 101
154.368 102
154.379 99
154.384 100
154.384 101
154.389 102
154.405 96
154.405 97
154.411 98
154.411 99
154.416 100
154.422 101
154.422 102
154.432 99
154.437 100
154.437 101
154.443 102
154.443 103
154.458 96
154.458 97
154.464 98
154.464 99
154.47 100
154.475 101
154.475 102
154.481 103
154.492 97
154.492 98
154.497 99
154.503 100
154.503 101
154.508 102
154.508 103
154.52 97
154.52 98
154.526 99
154.532 100
154.532 101
154.537 102
154.537 103
154.543 99
154.543 100
154.549 101
154.549 102
154.555 103
154.573 98
154.573 99
154.579 100
154.585 101
154.585 102
154.591 103
154.6 99
154.606 100
154.606 101
154.612 102
154.612 103
154.628 99
154.634 100
154.634 101
154.64 102
154.64 103
154.655 99
154.655 100
154.661 101
154.661 102
154.667 103
154.681 97
154.681 98
154.688 99
154.694 100
154.694 101
154.7 102
154.7 103
154.723 97
154.723 98
154.73 99
154.736 100
154.736 101
154.742 102
154.742 103
154.765 97
154.765 98
154.772 99
154.778 100
154.778 101
154.784 102
154.784 103
154.796 99
154.796 100
154.803 101
154.803 102
154.809 103
154.823 99
154.829 100
154.829 101
154.835 102
154.835 103
154.849 99
154.856 100
154.856 101
154.862 102
154.862 103
154.876 99
154.882 100
154.882 101
154.889 102
154.889 103
154.902 99
154.909 100
154.909 101
154.915 102
154.915 103
154.929 99
154.935 100
154.935 101
154.942 102
154.942 103
154.948 104
154.955 99
154.962 100
154.962 101
154.968 102
154.968 103
154.975 104
154.982 99
154.982 100
154.988 101
154.988 102
154.995 103
154.995 104
155.008 99
155.015 100
155.015 101
155.021 102
155.021 103
155.028 104
155.037 98
155.037 99
155.044 100
155.05 101
155.05 102
155.057 103
155.057 104
155.066 99
155.066 100
155.072 101
155.072 102
155.079 103
155.079 104
155.092 99
155.092 100
155.099 101
155.099 102
155.105 103
155.105 104
155.121 99
155.121 100
155.128 101
155.128 102
155.134 103
155.134 104
155.152 99
155.158 100
155.158 101
155.164 99
155.164 100
155.172 101
155.172 102
155.179 103
155.179 104
155.191 100
155.191 101
155.198 102
155.198 103
155.205 104
155.225 98
155.225 99
155.231 100
155.238 101
155.238 102
155.245 103
155.245 104
155.264 98
155.264 99
155.271 100
155.278 101
155.278 102
155.285 103
155.285 104
155.297 99
155.297 100
155.304 101
155.304 102
155.311 103
155.311 104
155.324 100
155.324 101
155.331 102
155.331 103
155.337 104
155.35 99
155.35 100
155.357 101
155.357 102
155.364 103
155.364 104
155.379 99
155.379 100
155.386 101
155.386 102
155.393 103
155.393 104
155.406 99
155.406 100
155.412 101
155.412 102
155.419 103
155.419 104
155.434 99
155.441 100
155.441 101
155.448 102
155.448 103
155.455 104
155.455 105
155.465 99
155.465 100
155.471 99
155.471 100
155.479 101
155.486 100
155.5 99
155.532 94
155.532 95
155.54 96
155.54 97
155.548 95
155.548 96
155.556 94
155.556 95
155.564 96
155.564 97
155.582 91
155.582 92
155.59 93
155.59 94
155.598 95
155.598 96
155.609 92
155.609 93
155.617 94
155.617 95
155.625 96
155.635 91
155.635 92
155.643 93
155.643 94
155.651 95
155.662 90
155.662 91
155.67 92
155.67 93
155.678 94
155.688 88
155.688 89
155.696 90
155.696 91
155.704 92
155.704 93
155.728 86
155.728 87
155.736 88
155.736 89
155.744 90
155.744 91
155.752 92
155.766 86
155.766 87
155.774 88
155.774 89
155.782 90
155.782 91
155.79 92
155.792 87
155.792 88
155.802 89
155.802 90
155.81 91
155.819 87
155.819 88
155.827 89
155.827 90
155.847 86
155.855 87
155.855 88
155.863 89
155.874 86
155.882 87
155.882 88
155.89 89
155.9 85
155.9 86
155.908 87
155.916 88
155.916 89
155.927 85
155.927 86
155.935 87
155.943 88
155.943 89
155.955 84
155.955 85
155.963 86
155.971 87
155.971 88
155.98 89
155.982 85
155.982 86
155.991 87
155.999 88
155.999 89
156.007 90
156.008 87
156.008 88
156.019 89
156.019 90
156.027 91
156.027 92
156.037 87
156.037 88
156.045 89
156.045 90
156.053 91
156.053 92
156.064 88
156.064 89
156.071 90
156.071 91
156.079 92
156.079 93
156.09 87
156.09 88
156.098 89
156.098 90
156.105 91
156.105 92
156.113 93
156.123 89
156.123 90
156.131 91
156.131 92
156.138 93
156.154 88
156.154 89
156.162 90
156.162 91
156.169 92
156.169 93
156.177 94
156.187 89
156.187 90
156.195 91
156.195 92
156.202 93
156.202 94
156.223 88
156.223 89
156.23 90
156.23 91
156.238 92
156.238 93
156.245 94
156.258 89
156.258 90
156.265 91
156.265 92
156.273 93
156.273 94
156.28 95
156.287 89
156.287 90
156.294 91
156.294 92
156.301 93
156.301 94
156.309 95
156.313 91
156.313 92
156.32 93
156.32 94
156.328 95
156.342 90
156.342 91
156.349 92
156.349 93
156.356 94
156.356 95
156.364 96
156.368 91
156.368 92
156.376 93
156.376 94
156.383 95
156.383 96
156.395 91
156.395 92
156.402 93
156.409 94
156.409 95
156.416 96
156.426 92
156.426 93
156.433 94
156.433 95
156.44 96
156.44 97
156.447 98
156.452 91
156.452 92
156.459 93
156.459 94
156.466 95
156.466 96
156.473 97
156.473 98
156.48 93
156.48 94
156.487 95
156.487 96
156.494 97
156.494 98
156.501 99
156.507 93
156.507 94
156.514 95
156.514 96
156.521 97
156.521 98
156.528 99
156.534 95
156.534 96
156.541 97
156.541 98
156.548 99
156.56 94
156.56 95
156.567 96
156.567 97
156.574 98
156.574 99
156.589 95
156.589 96
156.596 97
156.596 98
156.603 99
156.616 96
156.616 97
156.623 98
156.623 99
156.644 96
156.644 97
156.651 98
156.651 99
156.671 95
156.671 96
156.678 97
156.678 98
156.685 99
156.708 94
156.708 95
156.715 96
156.715 97
156.722 98
156.722 99
156.741 95
156.741 96
156.748 97
156.748 98
156.755 99
156.762 100
156.77 95
156.77 96
156.777 97
156.777 98
156.784 99
156.791 100
156.803 96
156.803 97
156.81 98
156.81 99
156.817 100
156.832 95
156.832 96
156.839 97
156.839 98
156.846 99
156.852 100
156.861 96
156.861 97
156.868 98
156.868 99
156.874 100
156.887 95
156.887 96
156.894 97
156.894 98
156.901 99
156.908 100
156.916 96
156.916 97
156.923 98
156.923 99
156.93 100
156.936 101
156.942 96
156.942 97
156.949 98
156.949 99
156.956 100
156.963 101
156.971 95
156.971 96
156.978 97
156.978 98
156.985 99
156.992 100
156.992 101
157.002 96
157.002 97
157.009 98
157.009 99
157.016 100
157.023 101
157.031 97
157.031 98
157.038 99
157.044 100
157.051 101
157.059 98
157.059 99
157.066 100
157.073 101
157.073 102
157.088 98
157.088 99
157.095 100
157.102 101
157.102 102
157.117 99
157.124 100
157.124 101
157.13 102
157.143 99
157.15 100
157.15 101
157.157 102
157.157 103
157.17 99
157.177 100
157.177 101
157.183 102
157.183 103
157.205 98
157.205 99
157.212 100
157.219 101
157.219 102
157.226 103
157.236 99
157.243 100
157.243 101
157.25 102
157.25 103
157.263 99
157.269 100
157.269 101
157.276 102
157.276 103
157.289 99
157.296 100
157.296 101
157.303 102
157.303 103
157.32 99
157.327 100
157.327 101
157.334 102
157.334 103
157.346 99
157.346 100
157.353 101
157.353 102
157.36 103
157.375 97
157.375 98
157.382 99
157.389 100
157.389 101
157.396 102
157.396 103
157.406 99
157.406 100
157.413 101
157.413 102
157.42 103
157.435 96
157.435 97
157.442 98
157.442 99
157.448 98
157.448 99
157.49 93
157.49 94
157.498 95
157.498 96
157.506 97
157.506 98
157.521 91
157.521 92
157.529 93
157.529 94
157.537 92
157.537 93
157.544 91
157.544 92
157.553 93
157.561 94
157.561 95
157.57 96
157.578 91
157.578 92
157.586 93
157.586 94
157.595 95
157.602 93
157.602 94
157.61 91
157.61 92
157.618 93
157.64 89
157.64 90
157.648 91
157.648 92
157.656 93
157.669 86
157.669 87
157.677 88
157.677 89
157.685 90
157.685 91
157.693 92
157.709 87
157.709 88
157.717 89
157.717 90
157.725 91
157.735 86
157.743 87
157.743 88
157.751 89
157.751 90
157.768 86
157.776 87
157.776 88
157.784 89
157.784 90
157.795 86
157.803 87
157.803 88
157.811 89
157.826 85
157.826 86
157.834 87
157.842 88
157.857 84
157.857 85
157.865 86
157.873 87
157.873 88
157.883 84
157.883 85
157.891 86
157.899 87
157.899 88
157.91 84
157.91 85
157.918 86
157.926 87
157.926 88
157.943 82
157.943 83
157.951 84
157.951 85
157.959 86
157.967 87
157.967 88
157.975 84
157.975 85
157.983 86
157.991 87
157.991 88
157.999 89
158.007 85
158.007 86
158.015 87
158.023 88
158.023 89
158.031 90
158.035 84
158.035 85
158.043 86
158.051 87
158.051 88
158.059 89
158.059 90
158.066 86
158.066 87
158.075 88
158.075 89
158.083 90
158.093 86
158.101 87
158.101 88
158.108 89
158.108 90
158.126 86
158.126 87
158.134 88
158.134 89
158.141 90
158.141 91
158.159 86
158.167 87
158.167 88
158.174 89
158.174 90
158.182 91
158.19 87
158.19 88
158.198 89
158.198 90
158.205 91
158.216 86
158.216 87
158.224 88
158.224 89
158.232 90
158.232 91
158.243 86
158.243 87
158.251 88
158.251 89
158.258 90
158.258 91
158.269 87
158.269 88
158.277 87
158.277 88
158.284 89
158.284 90
158.292 91
158.292 92
158.303 88
158.303 89
158.31 90
158.31 91
158.317 92
158.331 87
158.331 88
158.339 89
158.339 90
158.346 91
158.346 92
158.358 87
158.358 88
158.365 89
158.365 90
158.372 91
158.372 92
158.384 89
158.384 90
158.392 91
158.392 92
158.411 87
158.411 88
158.418 89
158.418 90
158.425 91
158.425 92
158.437 86
158.445 87
158.445 88
158.452 89
158.452 90
158.459 91
158.459 92
158.473 87
158.473 88
158.48 89
158.48 90
158.487 91
158.487 92
158.494 93
158.499 88
158.499 89
158.506 90
158.506 91
158.514 92
158.514 93
158.53 88
158.53 89
158.537 90
158.537 91
158.544 92
158.544 93
158.556 88
158.556 89
158.564 90
158.564 91
158.571 92
158.571 93
158.583 90
158.583 91
158.59 92
158.59 93
158.609 89
158.609 90
158.617 91
158.617 92
158.624 93
158.643 88
158.643 89
158.65 90
158.65 91
158.657 92
158.657 93
158.669 88
158.669 89
158.676 90
158.676 91
158.684 92
158.684 93
158.691 94
158.704 89
158.704 90
158.712 91
158.712 92
158.719 93
158.719 94
158.735 89
158.735 90
158.743 91
158.743 92
158.75 93
158.75 94
158.766 87
158.766 88
158.773 89
158.773 90
158.781 91
158.781 92
158.788 93
158.788 94
158.802 90
158.802 91
158.809 92
158.809 93
158.816 94
158.83 89
158.83 90
158.838 91
158.838 92
158.845 93
158.845 94
158.857 89
158.857 90
158.864 91
158.864 92
158.871 93
158.871 94
158.883 89
158.883 90
158.891 91
158.891 92
158.898 93
158.898 94
158.919 89
158.919 90
158.926 91
158.926 92
158.933 93
158.933 94
158.945 89
158.945 90
158.952 91
158.952 92
158.96 89
158.96 90
158.967 91
158.967 92
158.975 93
158.975 94
158.982 95
158.989 89
158.989 90
158.997 91
158.997 92
159.004 93
159.004 94
159.011 95
159.018 90
159.018 91
159.025 92
159.025 93
159.033 94
159.033 95
159.044 90
159.044 91
159.052 92
159.052 93
159.059 94
159.059 95
159.073 90
159.073 91
159.081 92
159.081 93
159.088 94
159.088 95
159.104 91
159.104 92
159.111 93
159.111 94
159.119 95
159.133 90
159.133 91
159.14 92
159.14 93
159.148 94
159.148 95
159.164 90
159.164 91
159.171 92
159.171 93
159.178 94
159.178 95
159.19 91
159.19 92
159.198 93
159.198 94
159.205 95
159.219 90
159.219 91
159.226 92
159.226 93
159.234 94
159.234 95
159.245 90
159.245 91
159.253 92
159.253 93
159.26 94
159.26 95
159.276 90
159.276 91
159.284 92
159.284 93
159.291 94
159.291 95
159.303 91
159.303 92
159.31 93
159.31 94
159.317 95
159.336 88
159.336 89
159.343 90
159.343 91
159.351 92
159.351 93
159.358 94
159.358 95
159.371 90
159.371 91
159.379 92
159.379 93
159.386 94
159.386 95
159.398 92
159.398 93
159.405 94
159.405 95
159.412 96
159.424 91
159.424 92
159.432 93
159.432 94
159.439 95
159.439 96
159.455 91
159.455 92
159.462 93
159.462 94
159.47 95
159.47 96
159.482 90
159.482 91
159.489 92
159.489 93
159.496 94
159.496 95
159.504 96
159.507 92
159.507 93
159.515 94
159.522 92
159.522 93
159.554 89
159.554 90
159.563 87
159.563 88
159.572 89
159.581 90
159.581 91
159.59 89
159.59 90
159.598 88
159.598 89
159.63 85
159.63 86
159.638 87
159.647 88
159.656 85
159.656 86
159.665 87
159.674 88
159.685 84
159.685 85
159.694 86
159.702 87
159.716 83
159.716 84
159.724 85
159.724 86
159.742 83
159.742 84
159.751 85
159.751 86
159.769 81
159.769 82
159.777 83
159.777 84
159.786 85
159.8 79
159.8 80
159.808 81
159.808 82
159.817 83
159.817 84
159.826 85
159.842 78
159.842 79
159.85 80
159.85 81
159.859 82
159.859 83
159.877 77
159.877 78
159.886 79
159.886 80
159.894 81
159.894 82
159.903 79
159.903 80
159.912 81
159.912 82
159.93 77
159.93 78
159.939 79
159.939 80
159.947 81
159.961 76
159.961 77
159.97 78
159.97 79
159.978 80
159.978 81
159.987 76
159.987 77
159.995 76
159.995 77
160.005 75
160.005 76
160.014 77
160.014 78
160.023 79
160.023 80
160.031 78
160.031 79
160.04 77
160.04 78
160.069 74
160.079 75
160.079 76
160.089 77
160.089 78
160.099 75
160.099 76
160.11 77
160.126 72
160.126 73
160.136 74
160.146 75
160.146 76
160.159 72
160.159 73
160.169 74
160.18 75
160.19 72
160.19 73
160.2 74
160.21 75
160.219 71
160.219 72
160.229 73
160.229 74
160.25 71
160.25 72
160.26 73
160.26 74
160.279 70
160.279 71
160.289 72
160.289 73
160.298 74
160.312 69
160.312 70
160.322 71
160.322 72
160.331 73
160.343 68
160.343 69
160.352 70
160.352 71
160.362 72
160.374 67
160.374 68
160.383 69
160.383 70
160.393 71
160.393 72
160.405 67
160.405 68
160.414 69
160.414 70
160.424 71
160.431 68
160.431 69
160.441 70
160.458 64
160.458 65
160.467 66
160.467 67
160.477 68
160.477 69
160.486 65
160.486 66
160.496 67
160.496 68
160.505 69
160.505 70
160.515 68
160.515 69
160.524 70
160.524 71
160.533 72
160.539 67
160.539 68
160.548 69
160.548 70
160.558 71
160.558 72
160.57 69
160.57 70
160.579 71
160.579 72
160.597 69
160.597 70
160.606 71
160.606 72
160.623 69
160.623 70
160.632 71
160.632 72
160.65 68
160.65 69
160.659 70
160.659 71
160.668 72
160.678 68
160.678 69
160.687 70
160.687 71
160.696 72
160.696 73
160.707 70
160.707 71
160.716 72
160.716 73
160.738 69
160.738 70
160.747 71
160.747 72
160.756 73
160.771 69
160.771 70
160.78 71
160.78 72
160.789 73
160.8 69
160.8 70
160.809 71
160.809 72
160.818 73
160.828 68
160.828 69
160.837 70
160.837 71
160.846 72
160.846 73
160.859 68
160.859 69
160.868 70
160.868 71
160.877 72
160.877 73
160.886 70
160.886 71
160.895 72
160.895 73
160.904 74
160.912 69
160.912 70
160.921 71
160.921 72
160.93 73
160.93 74
160.943 69
160.943 70
160.952 71
160.952 72
160.961 73
160.961 74
160.97 69
160.97 70
160.978 71
160.978 72
160.987 73
160.987 74
160.996 69
160.996 70
161.005 71
161.005 72
161.014 73
161.014 74
161.023 71
161.023 72
161.031 73
161.031 74
161.046 70
161.046 71
161.055 72
161.055 73
161.063 74
161.082 71
161.082 72
161.091 73
161.091 74
161.109 69
161.109 70
161.117 71
161.117 72
161.126 73
161.126 74
161.135 71
161.135 72
161.147 73
161.147 74
161.173 71
161.173 72
161.181 73
161.181 74
161.202 71
161.202 72
161.21 73
161.21 74
161.23 71
161.23 72
161.239 73
161.239 74
161.259 70
161.259 71
161.267 72
161.267 73
161.276 74
161.294 70
161.294 71
161.303 72
161.303 73
161.311 74
161.325 71
161.325 72
161.334 73
161.334 74
161.354 70
161.354 71
161.362 72
161.362 73
161.37 74
161.385 70
161.385 71
161.393 72
161.393 73
161.401 74
161.416 70
161.416 71
161.424 72
161.424 73
161.432 74
161.447 70
161.447 71
161.455 72
161.455 73
161.463 74
161.472 75
161.473 71
161.473 72
161.484 73
161.484 74
161.492 75
161.509 72
161.509 73
161.517 74
161.525 75
161.542 73
161.542 74
161.55 75
161.568 70
161.568 71
161.576 72
161.576 73
161.585 74
161.593 75
161.601 74
161.61 75
161.63 72
161.63 73
161.638 74
161.647 75
161.659 72
161.659 73
161.667 74
161.675 75
161.692 72
161.692 73
161.7 74
161.709 75
161.725 71
161.725 72
161.733 73
161.733 74
161.742 75
161.76 71
161.76 72
161.769 73
161.769 74
161.777 75
161.796 72
161.796 73
161.804 74
161.813 75
161.827 71
161.827 72
161.835 73
161.835 74
161.844 75
161.853 71
161.853 72
161.862 73
161.862 74
161.87 75
161.884 71
161.884 72
161.893 73
161.893 74
161.901 75
161.915 71
161.915 72
161.923 73
161.923 74
161.932 75
161.941 70
161.941 71
161.95 72
161.95 73
161.959 74
161.967 75
161.979 72
161.979 73
161.987 74
161.996 75
162.008 73
162.008 74
162.016 75
162.034 70
162.034 71
162.043 72
162.043 73
162.051 74
162.06 75
162.067 73
162.067 74
162.076 75
162.094 73
162.094 74
162.102 75
162.12 72
162.12 73
162.129 74
162.137 75
162.153 72
162.153 73
162.162 74
162.17 75
162.182 71
162.182 72
162.191 73
162.191 74
162.199 75
162.222 71
162.222 72
162.23 73
162.23 74
162.239 75
162.253 72
162.253 73
162.261 74
162.27 75
162.286 71
162.286 72
162.294 73
162.294 74
162.303 75
162.317 71
162.317 72
162.325 73
162.325 74
162.334 75
162.342 76
162.348 72
162.348 73
162.356 74
162.365 75
162.365 76
162.383 72
162.383 73
162.392 74
162.4 75
162.4 76
162.414 72
162.414 73
162.422 74
162.431 75
162.431 76
162.445 73
162.445 74
162.453 75
162.462 76
162.473 73
162.473 74
162.482 75
162.491 76
162.507 72
162.507 73
162.515 74
162.524 75
162.524 76
162.537 73
162.537 74
162.546 75
162.555 76
162.571 74
162.579 75
162.579 76
162.602 73
162.602 74
162.61 75
162.619 76
162.635 73
162.635 74
162.643 75
162.652 76
162.663 72
162.663 73
162.672 74
162.681 75
162.681 76
162.708 72
162.708 73
162.716 74
162.725 75
162.725 76
162.743 73
162.743 74
162.752 75
162.761 76
162.78 72
162.78 73
162.788 72
162.788 73
162.798 74
162.807 75
162.807 76
162.825 72
162.825 73
162.834 74
162.843 75
162.843 76
162.851 74
162.861 75
162.861 76
162.878 72
162.878 73
162.887 74
162.896 75
162.896 76
162.904 73
162.904 74
162.914 75
162.923 76
162.937 72
162.937 73
162.946 74
162.955 75
162.955 76
162.968 72
162.968 73
162.977 74
162.986 75
162.986 76
163.008 72
163.008 73
163.017 74
163.026 75
163.026 76
163.035 73
163.035 74
163.045 75
163.054 76
163.067 74
163.077 75
163.077 76
163.094 73
163.094 74
163.103 75
163.112 76
163.127 73
163.127 74
163.136 75
163.145 76
163.156 72
163.156 73
163.165 74
163.174 75
163.174 76
163.195 72
163.195 73
163.205 74
163.214 75
163.214 76
163.231 73
163.231 74
163.24 75
163.249 76
163.266 72
163.266 73
163.275 74
163.284 75
163.284 76
163.301 72
163.301 73
163.311 74
163.32 75
163.32 76
163.337 72
163.337 73
163.346 74
163.355 75
163.355 76
163.367 72
163.367 73
163.376 74
163.385 75
163.385 76
163.399 73
163.399 74
163.408 75
163.417 76
163.432 72
163.432 73
163.441 74
163.45 75
163.45 76
163.467 72
163.467 73
163.476 74
163.485 75
163.485 76
163.507 72
163.507 73
163.516 74
163.525 75
163.525 76
163.538 74
163.547 75
163.547 76
163.564 73
163.564 74
163.573 75
163.583 76
163.604 73
163.604 74
163.613 75
163.622 76
163.635 73
163.635 74
163.644 75
163.653 76
163.664 72
163.664 73
163.673 74
163.682 75
163.682 76
163.699 72
163.699 73
163.708 74
163.717 75
163.717 76
163.734 73
163.734 74
163.743 75
163.753 76
163.763 72
163.763 73
163.772 74
163.781 75
163.781 76
163.798 72
163.798 73
163.807 74
163.817 75
163.817 76
163.829 72
163.829 73
163.838 74
163.848 75
163.848 76
163.86 72
163.86 73
163.869 74
163.878 75
163.878 76
163.895 73
163.895 74
163.905 75
163.914 76
163.924 72
163.924 73
163.933 74
163.942 75
163.942 76
163.952 77
163.964 73
163.964 74
163.973 75
163.982 76
163.982 77
163.999 73
163.999 74
164.008 75
164.017 76
164.017 77
164.035 74
164.035 75
164.044 76
164.044 77
164.061 74
164.07 75
164.07 76
164.079 77
164.094 74
164.094 75
164.103 76
164.103 77
164.121 74
164.13 75
164.13 76
164.139 77
164.149 74
164.158 75
164.158 76
164.167 77
164.18 73
164.18 74
164.189 75
164.198 76
164.198 77
164.209 72
164.209 73
164.218 74
164.227 75
164.227 76
164.236 77
164.238 71
164.238 72
164.249 73
164.249 74
164.258 75
164.267 67
164.267 68
164.276 69
164.276 70
164.285 71
164.285 72
164.293 63
164.293 64
164.302 65
164.302 66
164.311 58
164.311 59
164.319 60
164.319 61
164.327 62
164.336 54
164.336 55
164.344 56
164.344 57
164.352 58
164.352 59
164.36 50
164.36 51
164.367 52
164.367 53
164.374 45
164.374 46
164.382 47
164.382 48
164.389 49
164.389 50
164.397 51
164.404 52
164.404 53
164.411 46
164.411 47
164.418 48
164.418 49
164.425 50
164.432 51
164.432 52
164.438 48
164.438 49
164.445 50
164.451 51
164.451 52
164.458 53
164.458 54
164.464 49
164.464 50
164.47 51
164.477 52
164.477 53
164.483 54
164.483 55
164.489 56
164.489 57
164.494 52
164.494 53
164.501 54
164.501 55
164.507 56
164.507 57
164.513 58
164.513 59
164.518 60
164.518 61
164.524 56
164.524 57
164.53 58
164.53 59
164.535 60
164.535 61
164.541 62
164.546 57
164.546 58
164.552 59
164.552 60
164.557 61
164.557 62
164.563 63
164.568 64
164.568 65
164.573 60
164.573 61
164.579 62
164.584 63
164.584 64
164.589 65
164.589 66
164.594 67
164.594 68
164.6 69
164.6 70
164.605 63
164.605 64
164.61 65
164.61 66
164.615 67
164.615 68
164.62 69
164.62 70
164.625 71
164.625 72
164.63 73
164.63 74
164.635 75
164.64 76
164.64 77
164.65 71
164.65 72
164.655 73
164.655 74
164.66 75
164.665 76
164.665 77
164.677 71
164.677 72
164.681 73
164.681 74
164.686 75
164.691 76
164.691 77
164.696 78
164.707 74
164.712 75
164.712 76
164.717 77
164.717 78
164.734 72
164.734 73
164.739 74
164.743 75
164.743 76
164.748 77
164.748 78
164.753 75
164.753 76
164.758 77
164.758 78
164.787 72
164.787 73
164.792 74
164.796 75
164.796 76
164.801 77
164.801 78
164.813 74
164.818 75
164.818 76
164.823 77
164.823 78
164.844 72
164.844 73
164.849 74
164.854 75
164.854 76
164.859 77
164.859 78
164.871 74
164.876 75
164.876 76
164.881 77
164.881 78
164.897 74
164.902 75
164.902 76
164.907 77
164.907 78
164.924 72
164.924 73
164.929 74
164.934 75
164.934 76
164.939 77
164.939 78
164.95 74
164.955 75
164.955 76
164.961 77
164.961 78
164.977 74
164.982 75
164.982 76
164.987 77
164.987 78
165.003 74
165.009 75
165.009 76
165.014 77
165.014 78
165.03 73
165.03 74
165.035 75
165.041 76
165.041 77
165.046 78
165.046 79
165.063 74
165.063 75
165.069 76
165.069 77
165.074 78
165.074 79
165.094 74
165.094 75
165.1 76
165.1 77
165.105 78
165.105 79
165.12 74
165.12 75
165.126 76
165.126 77
165.132 78
165.132 79
165.16 73
165.16 74
165.166 75
165.172 76
165.172 77
165.178 78
165.178 79
165.19 74
165.19 75
165.196 76
165.196 77
165.202 78
165.202 79
165.231 74
165.231 75
165.237 76
165.237 77
165.243 78
165.243 79
165.262 74
165.262 75
165.268 76
165.268 77
165.274 78
165.274 79
165.288 76
165.288 77
165.295 78
165.295 79
165.315 76
165.315 77
165.321 78
165.321 79
165.341 73
165.341 74
165.348 75
165.354 76
165.354 77
165.361 78
165.361 79
165.376 74
165.376 75
165.383 76
165.383 77
165.39 78
165.39 79
165.403 74
165.403 75
165.41 76
165.41 77
165.417 78
165.417 79
165.434 74
165.434 75
165.441 76
165.441 77
165.448 78
165.448 79
165.46 73
165.46 74
165.467 75
165.474 76
165.474 77
165.481 78
165.481 79
165.488 80
165.496 75
165.496 76
165.503 77
165.503 78
165.51 79
165.51 80
165.531 75
165.531 76
165.538 77
165.538 78
165.545 79
165.545 80
165.562 75
165.562 76
165.569 77
165.569 78
165.576 79
165.576 80
165.597 75
165.597 76
165.605 77
165.605 78
165.612 79
165.612 80
165.624 75
165.624 76
165.631 77
165.631 78
165.639 79
165.639 80
165.659 77
165.659 78
165.667 79
165.667 80
165.69 77
165.69 78
165.698 79
165.698 80
165.717 75
165.717 76
165.724 77
165.724 78
165.732 79
165.732 80
165.752 77
165.752 78
165.76 79
165.76 80
165.778 77
165.778 78
165.786 79
165.786 80
165.805 74
165.813 75
165.813 76
165.82 77
165.82 78
165.828 79
165.828 80
165.84 75
165.84 76
165.848 77
165.848 78
165.856 79
165.856 80
165.867 75
165.867 76
165.875 77
165.875 78
165.882 79
165.882 80
165.902 75
165.902 76
165.91 77
165.91 78
165.918 79
165.918 80
165.926 81
165.933 74
165.933 75
165.941 76
165.941 77
165.949 78
165.949 79
165.957 80
165.957 81
165.964 76
165.964 77
165.973 78
165.973 79
165.981 80
165.981 81
165.99 77
165.99 78
165.998 79
165.998 80
166.006 81
166.023 76
166.023 77
166.031 78
166.031 79
166.04 80
166.04 81
166.054 78
166.054 79
166.062 80
166.062 81
166.081 76
166.081 77
166.089 78
166.089 79
166.097 80
166.097 81
166.112 78
166.112 79
166.12 80
166.12 81
166.138 78
166.138 79
166.146 80
166.146 81
166.169 78
166.169 79
166.177 80
166.177 81
166.196 76
166.196 77
166.204 78
166.204 79
166.212 80
166.212 81
166.235 78
166.235 79
166.244 80
166.244 81
166.262 78
166.262 79
166.27 80
166.27 81
166.288 76
166.288 77
166.297 78
166.297 79
166.305 80
166.305 81
166.315 76
166.315 77
166.323 78
166.323 79
166.331 80
166.331 81
166.346 76
166.346 77
166.354 78
166.354 79
166.362 80
166.362 81
166.377 78
166.377 79
166.385 80
166.385 81
166.403 77
166.403 78
166.412 79
166.412 80
166.42 81
166.42 82
166.432 77
166.432 78
166.44 79
166.44 80
166.449 81
166.449 82
166.463 77
166.463 78
166.471 79
166.471 80
166.48 81
166.48 82
166.489 77
166.489 78
166.498 79
166.498 80
166.506 81
166.506 82
166.518 79
166.518 80
166.527 81
166.527 82
166.545 77
166.545 78
166.553 79
166.553 80
166.562 81
166.562 82
166.571 78
166.571 79
166.58 80
166.58 81
166.588 82
166.606 77
166.606 78
166.615 79
166.615 80
166.624 81
166.624 82
166.644 79
166.644 80
166.652 81
166.652 82
166.675 79
166.675 80
166.683 81
166.683 82
166.701 77
166.701 78
166.71 79
166.71 80
166.718 81
166.718 82
166.741 79
166.741 80
166.75 81
166.75 82
166.758 83
166.768 80
166.768 81
166.776 82
166.776 83
166.794 78
166.794 79
166.803 80
166.803 81
166.811 82
166.811 83
166.821 78
166.821 79
166.829 80
166.829 81
166.838 82
166.838 83
166.854 78
166.854 79
166.862 80
166.871 81
166.871 82
166.879 83
166.887 79
166.887 80
166.895 81
166.895 82
166.904 83
166.918 78
166.918 79
166.926 80
166.926 81
166.935 82
166.935 83
166.943 84
166.951 77
166.951 78
166.959 79
166.959 80
166.968 81
166.968 82
166.976 83
166.976 84
166.985 79
166.985 80
166.994 81
166.994 82
167.002 83
167.002 84
167.01 80
167.01 81
167.019 82
167.019 83
167.028 81
167.028 82
167.061 76
167.061 77
167.071 78
167.071 79
167.081 80
167.081 81
167.091 78
167.091 79
167.101 80
167.101 81
167.116 78
167.116 79
167.126 80
167.145 76
167.145 77
167.155 78
167.155 79
167.172 76
167.172 77
167.182 78
167.182 79
167.198 75
167.198 76
167.208 77
167.208 78
167.236 74
167.236 75
167.246 76
167.246 77
167.262 74
167.262 75
167.272 76
167.272 77
167.289 73
167.289 74
167.299 75
167.309 76
167.315 72
167.315 73
167.325 74
167.335 75
167.353 70
167.353 71
167.363 72
167.363 73
167.372 74
167.384 71
167.384 72
167.393 73
167.393 74
167.41 69
167.41 70
167.42 71
167.42 72
167.43 73
167.437 69
167.437 70
167.446 71
167.446 72
167.463 67
167.463 68
167.473 69
167.473 70
167.483 71
167.483 72
167.494 65
167.494 66
167.504 67
167.504 68
167.514 69
167.524 70
167.524 71
167.533 69
167.533 70
167.543 71
167.543 72
167.553 73
167.567 68
167.567 69
167.576 70
167.576 71
167.586 72
167.586 73
167.595 74
167.602 71
167.602 72
167.612 73
167.612 74
167.629 73
167.629 74
167.657 71
167.657 72
167.667 73
167.667 74
167.684 72
167.684 73
167.693 74
167.703 75
167.71 74
167.72 75
167.739 73
167.739 74
167.748 75
167.766 71
167.766 72
167.775 73
167.775 74
167.784 75
167.796 71
167.796 72
167.806 73
167.806 74
167.815 75
167.824 76
167.841 72
167.841 73
167.85 74
167.859 75
167.859 76
167.867 74
167.877 75
167.877 76
167.894 73
167.894 74
167.903 75
167.912 76
167.922 74
167.931 75
167.931 76
167.94 77
167.949 73
167.949 74
167.958 75
167.967 76
167.967 77
167.975 73
167.975 74
167.984 75
167.993 76
167.993 77
168.006 73
168.006 74
168.015 75
168.024 76
168.024 77
168.042 74
168.05 75
168.05 76
168.059 77
168.059 78
168.075 74
168.075 75
168.083 76
168.083 77
168.092 78
168.103 74
168.103 75
168.112 76
168.112 77
168.121 78
168.132 75
168.132 76
168.141 77
168.141 78
168.159 75
168.159 76
168.167 77
168.167 78
168.176 79
168.185 75
168.185 76
168.194 77
168.194 78
168.203 79
168.214 77
168.214 78
168.223 79
168.242 76
168.242 77
168.251 78
168.251 79
168.269 74
168.269 75
168.278 76
168.278 77
168.286 78
168.286 79
168.3 75
168.3 76
168.309 77
168.309 78
168.317 79
168.333 74
168.333 75
168.342 76
168.342 77
168.35 78
168.35 79
168.359 80
168.364 77
168.364 78
168.373 79
168.373 80
168.39 76
168.39 77
168.399 78
168.399 79
168.408 80
168.419 77
168.419 78
168.428 79
168.428 80
168.446 76
168.446 77
168.454 78
168.454 79
168.463 80
168.474 75
168.474 76
168.483 77
168.483 78
168.492 79
168.492 80
168.505 75
168.505 76
168.513 77
168.522 78
168.522 79
168.531 77
168.531 78
168.554 75
168.554 76
168.564 77
168.564 78
168.58 74
168.58 75
168.591 76
168.591 77
168.613 74
168.624 75
168.624 76
168.64 74
168.65 75
168.65 76
168.666 73
168.666 74
168.677 75
168.695 72
168.695 73
168.706 74
168.722 72
168.722 73
168.732 74
168.748 72
168.748 73
168.758 74
168.775 70
168.775 71
168.785 72
168.785 73
168.808 69
168.808 70
168.818 71
168.818 72
168.829 73
168.836 68
168.836 69
168.847 70
168.847 71
168.857 68
168.857 69
168.868 70
168.868 71
168.878 69
168.878 70
168.909 66
168.909 67
168.92 68
168.92 69
168.938 66
168.938 67
168.948 68
168.948 69
168.964 65
168.964 66
168.975 67
168.975 68
168.991 63
168.991 64
169.001 65
169.001 66
169.012 67
169.012 68
169.024 63
169.024 64
169.034 65
169.034 66
169.045 67
169.045 68
169.055 63
169.055 64
169.065 65
169.065 66
169.075 67
169.075 68
169.086 69
169.086 70
169.096 67
169.096 68
169.106 69
169.106 70
169.117 65
169.117 66
169.127 67
169.127 68
169.137 69
169.137 70
169.147 71
169.15 68
169.15 69
169.162 70
169.162 71
169.176 66
169.176 67
169.186 68
169.186 69
169.196 70
169.196 71
169.207 67
169.207 68
169.217 69
169.217 70
169.227 71
169.24 68
169.24 69
169.25 70
169.25 71
169.271 67
169.271 68
169.281 69
169.281 70
169.291 71
169.3 68
169.3 69
169.31 70
169.31 71
169.319 72
169.319 68
169.319 69
169.334 70
169.334 71
169.343 72
169.373 69
169.373 70
169.382 71
169.382 72
169.399 69
169.399 70
169.409 71
169.409 72
169.426 69
169.426 70
169.435 71
169.435 72
169.452 67
169.452 68
169.462 69
169.462 70
169.471 71
169.471 72
169.483 67
169.483 68
169.493 69
169.493 70
169.502 71
169.502 72
169.519 67
169.519 68
169.528 69
169.528 70
169.537 71
169.537 72
169.546 73
169.55 68
169.55 69
169.56 70
169.56 71
169.569 72
169.569 73
169.581 68
169.581 69
169.59 70
169.59 71
169.599 72
169.599 73
169.611 69
169.611 70
169.621 71
169.621 72
169.63 73
169.64 68
169.64 69
169.649 70
169.649 71
169.658 72
169.658 73
169.671 69
169.671 70
169.68 71
169.68 72
169.689 73
169.7 70
169.7 71
169.709 72
169.709 73
169.731 68
169.731 69
169.74 70
169.74 71
169.749 72
169.749 73
169.757 68
169.757 69
169.766 70
169.766 71
169.775 72
169.775 73
169.788 70
169.788 71
169.797 72
169.797 73
169.806 74
169.828 71
169.828 72
169.837 73
169.837 74
169.854 71
169.854 72
169.863 73
169.863 74
169.881 71
169.881 72
169.89 73
169.89 74
169.907 69
169.907 70
169.916 71
169.916 72
169.925 73
169.925 74
169.934 72
169.934 73
169.942 74
169.954 70
169.954 71
169.962 72
169.962 73
169.971 74
169.987 70
169.987 71
169.996 72
169.996 73
170.004 74
170.016 69
170.016 70
170.024 71
170.024 72
170.033 73
170.033 74
170.046 69
170.046 70
170.055 71
170.055 72
170.064 73
170.064 74
170.077 70
170.077 71
170.086 72
170.086 73
170.095 74
170.11 69
170.11 70
170.119 71
170.119 72
170.128 73
170.128 74
170.141 71
170.141 72
170.15 73
170.15 74
170.168 70
170.168 71
170.177 72
170.177 73
170.186 74
170.205 69
170.205 70
170.214 71
170.214 72
170.223 73
170.223 74
170.232 69
170.232 70
170.241 71
170.241 72
170.25 73
170.25 74
170.267 70
170.267 71
170.276 72
170.276 73
170.285 74
170.309 70
170.309 71
170.318 72
170.318 73
170.327 74
170.34 72
170.34 73
170.349 74
170.367 72
170.367 73
170.376 74
170.397 70
170.397 71
170.406 72
170.406 73
170.415 74
170.428 71
170.428 72
170.437 73
170.437 74
170.457 72
170.457 73
170.466 74
170.484 72
170.484 73
170.493 74
170.51 70
170.51 71
170.519 72
170.519 73
170.528 74
170.545 70
170.545 71
170.555 72
170.555 73
170.564 74
170.576 72
170.576 73
170.585 74
170.603 71
170.603 72
170.612 73
170.612 74
170.632 72
170.632 73
170.641 74
170.658 71
170.658 72
170.667 73
170.667 74
170.696 70
170.696 71
170.705 72
170.705 73
170.714 74
170.731 70
170.731 71
170.74 72
170.74 73
170.749 74
170.762 70
170.762 71
170.771 72
170.771 73
170.78 74
170.808 70
170.808 71
170.817 72
170.817 73
170.827 74
170.837 72
170.837 73
170.846 74
170.863 72
170.863 73
170.873 74
170.89 70
170.89 71
170.899 72
170.899 73
170.909 74
170.921 71
170.921 72
170.93 73
170.93 74
170.949 70
170.949 71
170.959 72
170.959 73
170.968 74
170.985 70
170.985 71
170.994 72
170.994 73
171.003 74
171.016 72
171.016 73
171.025 74
171.042 70
171.042 71
171.051 72
171.051 73
171.061 74
171.078 70
171.078 71
171.087 72
171.087 73
171.096 74
171.108 71
171.108 72
171.118 73
171.118 74
171.142 72
171.142 73
171.151 74
171.168 73
171.168 74
171.195 72
171.195 73
171.204 74
171.221 70
171.221 71
171.23 72
171.23 73
171.24 74
171.252 70
171.252 71
171.261 72
171.261 73
171.271 74
171.294 70
171.294 71
171.303 72
171.303 73
171.312 74
171.325 72
171.325 73
171.334 74
171.351 72
171.351 73
171.361 74
171.378 70
171.378 71
171.387 72
171.387 73
171.396 74
171.413 70
171.413 71
171.422 72
171.422 73
171.432 74
171.441 72
171.441 73
171.45 74
171.466 71
171.466 72
171.475 73
171.475 74
171.495 70
171.495 71
171.504 72
171.504 73
171.513 74
171.53 70
171.53 71
171.539 72
171.539 73
171.549 74
171.561 70
171.561 71
171.57 72
171.57 73
171.58 74
171.592 71
171.592 72
171.601 73
171.601 74
171.621 72
171.621 73
171.63 74
171.647 72
171.647 73
171.656 74
171.674 71
171.674 72
171.683 73
171.683 74
171.707 72
171.707 73
171.716 71
171.716 72
171.725 73
171.725 74
171.74 73
171.74 74
171.773 70
171.773 71
171.782 72
171.782 73
171.791 74
171.804 72
171.804 73
171.813 74
171.835 72
171.835 73
171.844 74
171.861 70
171.861 71
171.87 72
171.87 73
171.88 74
171.897 70
171.897 71
171.906 72
171.906 73
171.915 74
171.928 72
171.928 73
171.937 74
171.954 71
171.954 72
171.963 73
171.963 74
171.983 70
171.983 71
171.992 72
171.992 73
172.001 74
172.023 70
172.023 71
172.032 72
172.032 73
172.041 74
172.058 70
172.058 71
172.067 72
172.067 73
172.076 74
172.089 71
172.089 72
172.098 73
172.098 74
172.118 72
172.118 73
172.127 74
172.148 70
172.148 71
172.158 72
172.158 73
172.167 74
172.179 72
172.179 73
172.189 74
172.206 71
172.206 72
172.215 73
172.215 74
172.239 72
172.239 73
172.248 74
172.258 75
172.27 71
172.27 72
172.279 73
172.279 74
172.288 75
172.305 73
172.305 74
172.315 75
172.336 73
172.336 74
172.345 73
172.345 74
172.355 75
172.371 73
172.371 74
172.381 75
172.398 71
172.398 72
172.407 73
172.407 74
172.417 75
172.429 73
172.429 74
172.438 75
172.455 72
172.455 73
172.465 74
172.474 75
172.488 71
172.488 72
172.498 73
172.498 74
172.507 75
172.528 71
172.528 72
172.538 73
172.538 74
172.547 75
172.564 71
172.564 72
172.573 73
172.573 74
172.582 75
172.594 72
172.594 73
172.604 74
172.613 75
172.623 73
172.623 74
172.633 75
172.654 71
172.654 72
172.663 73
172.663 74
172.673 75
172.682 73
172.682 74
172.692 75
172.707 72
172.707 73
172.716 74
172.726 75
172.74 71
172.74 72
172.75 73
172.75 74
172.759 75
172.768 72
172.768 73
172.778 74
172.787 75
172.787 76
172.8 74
172.809 75
172.809 76
172.826 72
172.826 73
172.836 74
172.845 75
172.845 76
172.862 74
172.871 75
172.871 76
172.888 72
172.888 73
172.897 74
172.907 75
172.907 76
172.923 74
172.933 75
172.933 76
172.95 73
172.95 74
172.959 75
172.968 76
172.983 72
172.983 73
172.992 74
173.001 75
173.001 76
173.023 72
173.023 73
173.032 74
173.041 75
173.041 76
173.063 72
173.063 73
173.072 74
173.081 75
173.081 76
173.093 73
173.093 74
173.103 75
173.112 76
173.112 77
173.122 74
173.122 75
173.131 76
173.131 77
173.153 73
173.153 74
173.162 75
173.171 76
173.171 77
173.184 74
173.184 75
173.193 76
173.193 77
173.21 74
173.22 75
173.22 76
173.229 77
173.244 74
173.253 75
173.253 76
173.262 77
173.27 74
173.279 75
173.279 76
173.288 77
173.297 74
173.306 75
173.306 76
173.315 77
173.323 74
173.332 75
173.332 76
173.341 77
173.341 78
173.352 74
173.361 75
173.361 76
173.37 77
173.37 78
173.387 74
173.396 75
173.396 76
173.405 77
173.405 78
173.418 75
173.418 76
173.427 77
173.427 78
173.445 74
173.445 75
173.454 76
173.454 77
173.463 78
173.473 74
173.482 75
173.482 76
173.491 77
173.491 78
173.513 74
173.522 75
173.522 76
173.531 77
173.531 78
173.54 79
173.548 74
173.548 75
173.557 76
173.557 77
173.566 78
173.566 79
173.579 74
173.579 75
173.588 76
173.588 77
173.597 78
173.597 79
173.61 76
173.61 77
173.619 78
173.619 79
173.641 74
173.641 75
173.65 76
173.65 77
173.659 78
173.659 79
173.667 80
173.672 77
173.672 78
173.681 79
173.681 80
173.698 76
173.698 77
173.707 78
173.707 79
173.716 80
173.732 76
173.732 77
173.74 78
173.74 79
173.749 80
173.76 75
173.76 76
173.769 77
173.769 78
173.777 79
173.777 80
173.786 81
173.787 78
173.787 79
173.799 80
173.799 81
173.813 76
173.813 77
173.822 78
173.822 79
173.83 80
173.83 81
173.84 76
173.84 77
173.848 78
173.848 79
173.857 80
173.857 81
173.875 76
173.875 77
173.884 78
173.884 79
173.892 80
173.892 81
173.906 78
173.906 79
173.914 80
173.914 81
173.923 82
173.932 78
173.932 79
173.941 80
173.941 81
173.949 82
173.961 77
173.961 78
173.97 79
173.97 80
173.978 81
173.978 82
173.997 77
173.997 78
174.005 79
174.005 80
174.013 81
174.013 82
174.022 83
174.027 79
174.027 80
174.036 81
174.036 82
174.044 83
174.056 78
174.056 79
174.064 80
174.064 81
174.073 82
174.073 83
174.087 78
174.087 79
174.095 80
174.095 81
174.104 82
174.104 83
174.112 84
174.133 79
174.133 80
174.142 81
174.142 82
174.15 83
174.15 84
174.164 81
174.164 82
174.173 83
174.173 84
174.191 80
174.191 81
174.199 82
174.199 83
174.207 84
174.207 85
174.226 81
174.226 82
174.234 83
174.234 84
174.243 85
174.257 78
174.257 79
174.265 80
174.265 81
174.273 82
174.273 83
174.282 84
174.282 85
174.29 83
174.29 84
174.298 85
174.298 86
174.31 81
174.31 82
174.318 83
174.318 84
174.326 85
174.326 86
174.343 81
174.343 82
174.351 83
174.351 84
174.359 85
174.359 86
174.383 81
174.383 82
174.391 83
174.391 84
174.399 85
174.399 86
174.412 83
174.412 84
174.42 85
174.42 86
174.44 83
174.44 84
174.448 85
174.448 86
174.457 87
174.469 83
174.469 84
174.477 85
174.477 86
174.485 87
174.504 83
174.504 84
174.512 85
174.512 86
174.52 87
174.531 83
174.531 84
174.539 85
174.539 86
174.547 87
174.555 88
174.566 84
174.566 85
174.574 86
174.582 87
174.582 88
174.595 84
174.595 85
174.603 86
174.611 87
174.611 88
174.619 86
174.619 87
174.627 86
174.659 84
174.659 85
174.668 86
174.678 85
174.678 86
174.687 85
174.702 84
174.741 81
174.741 82
174.75 83
174.767 77
174.767 78
174.777 79
174.777 80
174.786 81
174.786 82
174.8 76
174.8 77
174.81 78
174.81 79
174.819 80
174.819 81
174.828 78
174.828 79
174.838 80
174.838 81
174.853 77
174.853 78
174.863 79
174.863 80
174.889 74
174.889 75
174.898 76
174.898 77
174.907 78
174.907 79
174.917 73
174.917 74
174.927 75
174.936 76
174.936 77
174.945 72
174.945 73
174.955 74
174.964 75
174.964 76
174.973 68
174.973 69
174.983 70
174.983 71
174.992 72
174.992 73
175.001 64
175.001 65
175.01 66
175.01 67
175.019 58
175.019 59
175.028 60
175.028 61
175.037 62
175.046 54
175.046 55
175.054 56
175.054 57
175.062 49
175.062 50
175.071 51
175.079 52
175.079 53
175.087 45
175.087 46
175.095 47
175.095 48
175.102 49
175.102 50
175.11 51
175.118 46
175.118 47
175.125 48
175.125 49
175.132 50
175.139 45
175.139 46
175.146 47
175.146 48
175.153 49
175.153 50
175.16 51
175.167 47
175.167 48
175.173 49
175.173 50
175.18 51
175.186 52
175.186 53
175.193 54
175.193 55
175.199 49
175.199 50
175.205 51
175.211 52
175.211 53
175.218 54
175.218 55
175.224 56
175.224 57
175.23 52
175.23 53
175.236 54
175.236 55
175.242 56
175.242 57
175.248 58
175.248 59
175.254 60
175.254 61
175.259 56
175.259 57
175.265 58
175.265 59
175.271 60
175.271 61
175.276 62
175.281 57
175.281 58
175.288 59
175.288 60
175.293 61
175.293 62
175.298 63
175.304 64
175.304 65
175.309 60
175.309 61
175.315 62
175.32 63
175.32 64
175.325 65
175.325 66
175.33 67
175.33 68
175.336 69
175.336 70
175.341 69
175.341 70
175.346 71
175.346 72
175.351 73
175.351 74
175.356 75
175.365 69
175.365 70
175.37 71
175.37 72
175.375 73
175.375 74
175.38 75
175.385 76
175.385 77
175.389 78
175.396 72
175.396 73
175.401 74
175.406 75
175.406 76
175.41 77
175.41 78
175.427 74
175.432 75
175.432 76
175.436 77
175.436 78
175.441 79
175.47 74
175.47 75
175.475 76
175.475 77
175.479 78
175.479 79
175.501 73
175.501 74
175.506 75
175.51 76
175.51 77
175.515 78
175.515 79
175.52 80
175.532 75
175.532 76
175.537 77
175.537 78
175.541 79
175.541 80
175.563 75
175.563 76
175.568 77
175.568 78
175.572 79
175.572 80
175.589 74
175.594 75
175.594 76
175.599 77
175.599 78
175.604 79
175.604 80
175.62 75
175.62 76
175.625 77
175.625 78
175.63 79
175.63 80
175.635 81
175.647 76
175.647 77
175.652 78
175.652 79
175.657 80
175.657 81
175.673 76
175.673 77
175.678 78
175.678 79
175.684 80
175.684 81
175.7 74
175.7 75
175.705 76
175.705 77
175.71 78
175.71 79
175.716 80
175.716 81
175.721 82
175.735 75
175.735 76
175.74 77
175.74 78
175.746 79
175.746 80
175.751 81
175.751 82
175.762 76
175.762 77
175.767 78
175.767 79
175.773 80
175.773 81
175.778 82
175.79 77
175.79 78
175.796 79
175.796 80
175.802 81
175.802 82
175.817 78
175.817 79
175.822 80
175.822 81
175.828 82
175.828 83
175.854 78
175.854 79
175.86 80
175.86 81
175.866 82
175.866 83
175.885 76
175.885 77
175.891 78
175.891 79
175.897 80
175.897 81
175.903 82
175.903 83
175.909 79
175.909 80
175.915 81
175.915 82
175.921 83
175.936 80
175.936 81
175.942 82
175.942 83
175.948 84
175.962 79
175.962 80
175.969 81
175.969 82
175.975 83
175.975 84
175.989 79
175.989 80
175.995 81
175.995 82
176.001 83
176.001 84
176.02 78
176.02 79
176.026 80
176.026 81
176.032 82
176.032 83
176.038 84
176.049 79
176.049 80
176.055 81
176.055 82
176.061 83
176.061 84
176.084 79
176.084 80
176.09 81
176.09 82
176.097 83
176.097 84
176.103 85
176.119 78
176.119 79
176.126 80
176.126 81
176.132 82
176.132 83
176.138 84
176.138 85
176.15 81
176.15 82
176.157 83
176.157 84
176.163 85
176.179 80
176.179 81
176.185 82
176.185 83
176.192 84
176.192 85
176.21 81
176.21 82
176.216 83
176.216 84
176.223 85
176.238 80
176.238 81
176.245 82
176.245 83
176.252 84
176.252 85
176.259 86
176.269 81
176.269 82
176.276 83
176.276 84
176.283 85
176.283 86
176.309 81
176.309 82
176.316 83
176.316 84
176.323 85
176.323 86
176.349 79
176.349 80
176.356 81
176.356 82
176.363 83
176.363 84
176.37 85
176.37 86
176.384 82
176.384 83
176.391 84
176.391 85
176.398 86
176.413 82
176.413 83
176.42 84
176.42 85
176.427 86
176.434 83
176.434 84
176.442 85
176.442 86
176.457 83
176.457 84
176.464 85
176.464 86
176.486 82
176.486 83
176.493 84
176.493 85
176.501 86
176.517 82
176.517 83
176.524 84
176.524 85
176.532 86
176.543 84
176.543 85
176.551 86
176.57 82
176.57 83
176.577 84
176.577 85
176.585 86
176.605 80
176.605 81
176.613 82
176.613 83
176.62 84
176.62 85
176.628 86
176.636 83
176.636 84
176.644 85
176.644 86
176.651 87
176.665 83
176.665 84
176.672 85
176.672 86
176.68 87
176.7 84
176.7 85
176.708 86
176.715 87
176.729 83
176.729 84
176.736 85
176.736 86
176.744 87
176.755 84
176.755 85
176.763 86
176.771 87
176.784 85
176.784 86
176.792 87
176.815 85
176.815 86
176.823 87
176.841 83
176.841 84
176.849 85
176.849 86
176.857 87
176.872 83
176.872 84
176.88 85
176.88 86
176.888 87
176.903 84
176.903 85
176.911 86
176.919 87
176.931 83
176.931 84
176.939 85
176.939 86
176.947 84
176.978 80
176.978 81
176.988 82
176.988 83
176.997 84
177.005 80
177.005 81
177.014 82
177.014 83
177.031 79
177.031 80
177.041 79
177.041 80
177.05 81
177.05 82
177.06 80
177.06 81
177.088 78
177.088 79
177.097 76
177.097 77
177.107 78
177.107 79
177.119 76
177.119 77
177.128 78
177.138 77
177.15 76
177.159 75
177.19 73
177.19 74
177.209 73
177.209 74
177.218 72
177.218 73
177.228 74
177.238 73
177.238 74
177.257 73
177.257 74
177.267 72
177.267 73
177.276 74
177.305 72
177.305 73
177.315 74
177.331 73
177.331 74
177.36 70
177.36 71
177.37 72
177.37 73
177.379 74
177.389 70
177.389 71
177.398 72
177.398 73
177.408 74
177.422 71
177.422 72
177.432 73
177.432 74
177.451 72
177.451 73
177.46 74
177.47 75
177.484 71
177.484 72
177.493 73
177.493 74
177.503 75
177.512 72
177.512 73
177.521 74
177.531 75
177.531 76
177.546 72
177.546 73
177.555 74
177.564 75
177.564 76
177.573 77
177.581 73
177.581 74
177.59 75
177.599 76
177.599 77
177.612 74
177.621 75
177.621 76
177.63 77
177.641 74
177.65 75
177.65 76
177.659 77
177.685 72
177.685 73
177.694 74
177.703 75
177.703 76
177.712 77
177.72 73
177.72 74
177.729 75
177.738 76
177.738 77
177.747 78
177.751 74
177.761 75
177.761 76
177.77 77
177.77 78
177.779 75
177.779 76
177.788 77
177.788 78
177.804 75
177.804 76
177.813 77
177.813 78
177.839 74
177.848 75
177.848 76
177.857 77
177.857 78
177.87 74
177.879 75
177.879 76
177.888 77
177.888 78
177.901 73
177.901 74
177.91 75
177.919 76
177.919 77
177.927 78
177.927 79
177.936 75
177.936 76
177.945 77
177.945 78
177.954 79
177.967 74
177.967 75
177.976 76
177.976 77
177.985 78
177.985 79
177.998 76
177.998 77
178.007 78
178.007 79
178.025 74
178.025 75
178.033 76
178.033 77
178.042 78
178.042 79
178.056 74
178.056 75
178.064 76
178.064 77
178.073 78
178.073 79
178.082 76
178.082 77
178.091 78
178.091 79
178.109 76
178.109 77
178.117 78
178.117 79
178.135 77
178.135 78
178.144 79
178.152 77
178.152 78
178.161 79
178.161 80
178.179 77
178.179 78
178.188 79
178.188 80
178.21 75
178.21 76
178.219 77
178.219 78
178.227 79
178.227 80
178.241 76
178.241 77
178.25 78
178.25 79
178.258 80
178.27 75
178.27 76
178.278 77
178.278 78
178.287 79
178.287 80
178.31 77
178.31 78
178.318 79
178.318 80
178.345 75
178.345 76
178.354 77
178.354 78
178.362 79
178.362 80
178.38 76
178.38 77
178.388 76
178.388 77
178.398 75
178.398 76
178.413 75
178.413 76
178.426 75
178.428 74
178.473 69
178.473 70
178.483 71
178.483 72
178.494 73
178.506 68
178.506 69
178.517 70
178.517 71
178.527 72
178.537 67
178.537 68
178.547 69
178.547 70
178.558 71
178.568 66
178.568 67
178.578 68
178.578 69
178.589 70
178.589 71
178.599 68
178.599 69
178.61 70
178.621 66
178.621 67
178.631 68
178.631 69
178.654 64
178.654 65
178.664 66
178.664 67
178.675 68
178.675 69
178.685 66
178.685 67
178.696 68
178.716 63
178.716 64
178.726 65
178.726 66
178.737 67
178.737 68
178.747 64
178.747 65
178.757 66
178.757 67
178.768 68
178.775 65
178.775 66
178.786 67
178.786 68
178.806 65
178.806 66
178.817 67
178.817 68
178.842 63
178.842 64
178.852 65
178.852 66
178.862 67
178.862 68
178.873 63
178.873 64
178.883 65
178.883 66
178.893 67
178.893 68
178.903 63
178.903 64
178.913 65
178.913 66
178.923 67
178.923 68
178.933 69
178.933 70
178.95 66
178.95 67
178.96 68
178.96 69
178.97 70
178.983 66
178.983 67
178.993 68
178.993 69
179.003 70
179.012 66
179.012 67
179.022 68
179.022 69
179.031 70
179.031 71
179.04 66
179.04 67
179.051 68
179.051 69
179.061 70
179.061 71
179.071 67
179.071 68
179.081 69
179.081 70
179.091 71
179.104 66
179.104 67
179.114 68
179.114 69
179.124 70
179.124 71
179.14 68
179.14 69
179.149 70
179.149 71
179.166 68
179.166 69
179.176 70
179.176 71
179.193 67
179.193 68
179.202 69
179.202 70
179.212 71
179.212 72
179.226 68
179.226 69
179.235 70
179.235 71
179.245 72
179.255 69
179.255 70
179.264 71
179.264 72
179.286 69
179.286 70
179.295 71
179.295 72
179.316 69
179.316 70
179.326 71
179.326 72
179.343 68
179.343 69
179.352 70
179.352 71
179.361 72
179.369 68
179.369 69
179.379 70
179.379 71
179.388 72
179.398 69
179.398 70
179.407 71
179.407 72
179.425 69
179.425 70
179.434 71
179.434 72
179.443 73
179.451 70
179.451 71
179.46 72
179.46 73
179.478 70
179.478 71
179.487 72
179.487 73
179.506 69
179.506 70
179.516 71
179.516 72
179.525 73
179.533 69
179.533 70
179.542 71
179.542 72
179.551 73
179.562 69
179.562 70
179.571 71
179.571 72
179.58 73
179.59 68
179.59 69
179.6 70
179.6 71
179.609 72
179.609 73
179.626 68
179.626 69
179.635 70
179.635 71
179.644 72
179.644 73
179.656 70
179.656 71
179.666 72
179.666 73
179.683 68
179.683 69
179.692 70
179.692 71
179.702 72
179.702 73
179.718 68
179.718 69
179.728 70
179.728 71
179.737 72
179.737 73
179.746 70
179.746 71
179.755 72
179.755 73
179.765 74
179.771 72
179.771 73
179.78 74
179.8 71
179.8 72
179.809 73
179.809 74
179.826 70
179.826 71
179.836 72
179.836 73
179.845 74
179.855 70
179.855 71
179.864 72
179.864 73
179.873 74
179.884 71
179.884 72
179.893 73
179.893 74
179.91 70
179.91 71
179.92 72
179.92 73
179.929 74
179.939 71
179.939 72
179.948 73
179.948 74
179.966 71
179.966 72
179.975 73
179.975 74
179.996 69
179.996 70
180.006 71
180.006 72
180.015 73
180.015 74
180.023 71
180.023 72
180.033 73
180.033 74
180.054 70
180.054 71
180.063 72
180.063 73
180.072 74
180.083 71
180.083 72
180.092 73
180.092 74
180.114 69
180.114 70
180.123 71
180.123 72
180.132 73
180.132 74
180.149 71
180.149 72
180.158 73
180.158 74
180.18 69
180.18 70
180.189 71
180.189 72
180.198 73
180.198 74
180.219 69
180.219 70
180.229 71
180.229 72
180.238 73
180.238 74
180.255 70
180.255 71
180.264 72
180.264 73
180.274 74
180.283 71
180.283 72
180.321 68
180.321 69
180.332 70
180.332 71
180.354 67
180.354 68
180.365 69
180.365 70
180.377 71
180.387 67
180.387 68
180.399 69
180.399 70
180.42 65
180.42 66
180.432 67
180.432 68
180.443 69
180.447 66
180.447 67
180.46 68
180.473 65
180.473 66
180.485 67
180.485 68
180.5 64
180.5 65
180.511 66
180.511 67
180.529 64
180.529 65
180.54 66
180.555 62
180.555 63
180.566 64
180.566 65
180.578 66
180.584 63
180.584 64
180.595 65
180.615 61
180.615 62
180.626 63
180.637 64
180.65 62
180.661 63
180.677 61
180.677 62
180.688 63
180.703 61
180.703 62
180.734 60
180.734 61
180.745 62
180.76 58
180.76 59
180.772 58
180.772 59
180.783 60
180.783 61
180.794 62
180.806 61
180.806 62
180.817 63
180.828 64
180.829 62
180.844 63
180.844 64
180.855 65
180.862 62
180.873 63
180.873 64
180.884 65
180.889 62
180.9 63
180.9 64
180.91 65
180.91 66
180.921 63
180.921 64
180.931 65
180.931 66
180.944 63
180.944 64
180.954 65
180.954 66
180.97 62
180.97 63
180.981 64
180.981 65
180.991 66
181.008 62
181.008 63
181.018 64
181.018 65
181.028 66
181.028 67
181.041 63
181.041 64
181.051 65
181.051 66
181.061 67
181.07 65
181.07 66
181.08 67
181.098 63
181.098 64
181.108 65
181.108 66
181.118 67
181.118 68
181.131 66
181.131 67
181.141 68
181.16 65
181.16 66
181.17 67
181.17 68
181.187 66
181.187 67
181.196 68
181.215 65
181.215 66
181.225 67
181.225 68
181.246 63
181.246 64
181.256 65
181.256 66
181.266 67
181.266 68
181.276 69
181.279 66
181.279 67
181.29 68
181.29 69
181.306 65
181.306 66
181.316 67
181.316 68
181.325 69
181.339 65
181.339 66
181.349 67
181.349 68
181.358 69
181.372 65
181.372 66
181.382 67
181.382 68
181.392 69
181.392 70
181.401 65
181.401 66
181.411 67
181.411 68
181.421 69
181.421 70
181.432 65
181.432 66
181.441 67
181.441 68
181.451 69
181.451 70
181.466 67
181.466 68
181.476 69
181.476 70
181.494 66
181.494 67
181.503 68
181.503 69
181.513 70
181.522 66
181.522 67
181.532 68
181.532 69
181.542 70
181.555 67
181.555 68
181.565 69
181.565 70
181.575 71
181.582 67
181.582 68
181.591 69
181.591 70
181.601 71
181.611 68
181.611 69
181.62 70
181.62 71
181.637 68
181.637 69
181.647 70
181.647 71
181.664 70
181.664 71
181.69 68
181.69 69
181.7 70
181.7 71
181.717 68
181.717 69
181.726 70
181.726 71
181.743 67
181.743 68
181.752 69
181.752 70
181.762 71
181.762 72
181.772 69
181.772 70
181.781 71
181.781 72
181.803 68
181.803 69
181.812 70
181.812 71
181.822 72
181.831 70
181.831 71
181.841 72
181.86 67
181.86 68
181.869 69
181.869 70
181.879 71
181.879 72
181.891 67
181.891 68
181.9 69
181.9 70
181.91 71
181.91 72
181.926 67
181.926 68
181.936 69
181.936 70
181.945 71
181.945 72
181.966 69
181.966 70
181.976 71
181.976 72
181.993 68
181.993 69
182.002 70
182.002 71
182.012 72
182.012 73
182.026 69
182.026 70
182.035 71
182.035 72
182.045 73
182.059 70
182.059 71
182.068 72
182.068 73
182.085 69
182.085 70
182.095 71
182.095 72
182.104 71
182.104 72
182.114 71
182.12 70
182.158 67
182.158 68
182.17 69
182.198 66
182.198 67
182.209 68
182.209 69
182.224 67
182.224 68
182.236 67
182.236 68
182.247 65
182.247 66
182.259 64
182.259 65
182.291 62
182.291 63
182.302 64
182.302 65
182.317 62
182.329 63
182.329 64
182.346 62
182.357 63
182.357 64
182.372 62
182.384 63
182.399 60
182.399 61
182.41 62
182.432 58
182.432 59
182.443 60
182.443 61
182.455 62
182.472 57
182.472 58
182.483 59
182.483 60
182.495 61
182.495 62
182.507 57
182.507 58
182.519 59
182.519 60
182.53 61
182.53 62
182.542 59
182.542 60
182.553 61
182.553 62
182.564 60
182.564 61
182.576 62
182.591 57
182.591 58
182.602 59
182.602 60
182.614 61
182.614 62
182.626 60
182.626 61
182.637 62
182.648 63
182.655 62
182.666 63
182.686 61
182.686 62
182.697 63
182.712 59
182.712 60
182.723 61
182.723 62
182.735 63
182.748 62
182.748 63
182.776 60
182.776 61
182.787 62
182.798 63
182.803 61
182.803 62
182.815 63
182.826 64
182.829 62
182.829 63
182.842 64
182.858 61
182.858 62
182.869 63
182.88 64
182.891 62
182.902 63
182.902 64
182.922 62
182.933 63
182.933 64
182.949 61
182.949 62
182.959 63
182.97 64
182.982 60
182.982 61
182.992 62
183.003 63
183.003 64
183.013 62
183.024 63
183.024 64
183.034 65
183.039 63
183.039 64
183.05 65
183.066 62
183.066 63
183.076 64
183.076 65
183.097 61
183.097 62
183.107 63
183.117 64
183.117 65
183.132 62
183.132 63
183.142 64
183.142 65
183.174 62
183.174 63
183.184 64
183.184 65
183.202 61
183.202 62
183.213 63
183.223 64
183.223 65
183.238 64
183.238 65
183.264 62
183.275 63
183.275 64
183.285 65
183.293 62
183.303 63
183.303 64
183.314 65
183.314 66
183.324 63
183.324 64
183.335 65
183.335 66
183.346 63
183.346 64
183.356 65
183.356 66
183.377 63
183.377 64
183.387 65
183.387 66
183.403 63
183.403 64
183.414 65
183.414 66
183.43 62
183.43 63
183.44 64
183.44 65
183.451 66
183.459 63
183.459 64
183.469 65
183.469 66
183.479 64
183.479 65
183.49 66
183.496 63
183.496 64
183.506 65
183.506 66
183.523 64
183.523 65
183.533 66
183.551 63
183.551 64
183.562 65
183.562 66
183.582 62
183.593 63
183.593 64
183.603 65
183.603 66
183.618 63
183.618 64
183.628 65
183.628 66
183.662 63
183.662 64
183.672 65
183.672 66
183.688 62
183.699 63
183.699 64
183.709 65
183.709 66
183.724 65
183.724 66
183.734 67
183.75 64
183.75 65
183.76 66
183.76 67
183.777 63
183.777 64
183.787 65
183.787 66
183.797 67
183.81 62
183.81 63
183.82 64
183.82 65
183.83 66
183.83 67
183.845 64
183.845 65
183.855 66
183.855 67
183.872 64
183.872 65
183.882 66
183.882 67
183.902 64
183.902 65
183.913 66
183.913 67
183.929 64
183.929 65
183.939 66
183.939 67
183.955 63
183.955 64
183.966 65
183.966 66
183.976 67
183.989 64
183.989 65
183.999 66
184.01 64
184.01 65
184.022 64
184.065 63
184.078 62
184.114 60
184.114 61
184.127 62
184.147 60
184.153 59
184.196 54
184.196 55
184.209 56
184.209 57
184.221 58
184.231 55
184.231 56
184.244 57
184.244 58
184.258 56
184.258 57
184.287 53
184.287 54
184.299 55
184.299 56
184.312 57
184.32 52
184.32 53
184.332 54
184.332 55
184.345 56
184.345 57
184.358 54
184.358 55
184.37 56
184.37 57
184.383 54
184.383 55
184.395 52
184.395 53
184.408 54
184.408 55
184.421 56
184.421 57
184.432 54
184.432 55
184.446 56
184.446 57
184.459 53
184.459 54
184.471 55
184.471 56
184.484 57
184.488 54
184.488 55
184.503 56
184.503 57
184.515 54
184.515 55
184.527 56
184.527 57
184.54 58
184.54 59
184.552 57
184.552 58
184.564 59
184.578 60
184.607 57
184.607 58
184.619 57
184.619 58
184.63 59
184.63 60
184.675 56
184.675 57
184.687 58
184.687 59
184.698 60
184.698 61
184.71 57
184.71 58
184.721 59
184.721 60
184.733 61
184.735 60
184.735 61
184.761 58
184.761 59
184.773 60
184.773 61
184.792 56
184.792 57
184.803 58
184.803 59
184.815 60
184.815 61
184.826 62
184.828 59
184.828 60
184.842 61
184.842 62
184.854 59
184.854 60
184.865 61
184.865 62
184.881 59
184.881 60
184.892 61
184.892 62
184.907 59
184.907 60
184.918 61
184.918 62
184.936 58
184.936 59
184.947 60
184.947 61
184.958 62
184.968 60
184.968 61
184.979 62
184.993 58
184.993 59
185.004 60
185.004 61
185.015 62
185.029 61
185.029 62
185.084 60
185.084 61
185.094 62
185.105 63
185.11 62
185.121 63
185.148 59
185.148 60
185.158 61
185.158 62
185.169 63
185.183 61
185.183 62
185.194 63
185.21 61
185.21 62
185.22 63
185.236 61
185.236 62
185.247 63
185.263 61
185.263 62
185.273 63
185.283 64
185.289 62
185.299 63
185.299 64
185.316 60
185.316 61
185.326 62
185.336 63
185.336 64
185.346 62
185.357 63
185.357 64
185.377 62
185.388 63
185.388 64
185.404 62
185.414 63
185.414 64
185.43 62
185.441 63
185.441 64
185.457 62
185.467 63
185.467 64
185.483 62
185.494 63
185.494 64
185.504 65
185.51 63
185.51 64
185.52 65
185.539 62
185.539 63
185.549 64
185.549 65
185.574 62
185.584 63
185.584 64
185.595 65
185.607 63
185.607 64
185.617 65
185.64 62
185.64 63
185.65 64
185.65 65
185.667 61
185.667 62
185.677 63
185.687 64
185.687 65
185.698 61
185.698 62
185.708 63
185.718 64
185.718 65
185.728 60
185.728 61
185.739 62
185.749 63
185.749 64
185.759 60
185.759 61
185.769 62
185.779 63
185.779 64
185.789 56
185.789 57
185.799 58
185.799 59
185.809 50
185.809 51
185.819 52
185.819 53
185.829 45
185.829 46
185.838 47
185.838 48
185.848 49
185.848 50
185.857 41
185.857 42
185.866 43
185.866 44
185.875 45
185.875 46
185.883 39
185.883 40
185.892 41
185.892 42
185.9 43
185.9 44
185.909 39
185.909 40
185.916 41
185.916 42
185.924 43
185.924 44
185.932 45
185.932 46
185.94 41
185.94 42
185.948 43
185.948 44
185.955 45
185.955 46
185.962 47
185.962 48
185.97 43
185.97 44
185.977 45
185.977 46
185.984 47
185.984 48
185.991 49
185.991 50
185.998 51
186.006 52
186.006 53
186.013 47
186.013 48
186.019 49
186.019 50
186.026 51
186.033 52
186.033 53
186.04 49
186.04 50
186.046 51
186.053 52
186.053 53
186.059 54
186.059 55
186.065 50
186.065 51
186.072 52
186.072 53
186.079 54
186.079 55
186.085 56
186.085 57
186.091 58
186.091 59
186.097 56
186.097 57
186.103 58
186.103 59
186.11 60
186.11 61
186.116 62
186.122 63
186.122 64
186.128 65
186.128 66
186.134 60
186.134 61
186.14 62
186.146 63
186.146 64
186.152 65
186.152 66
186.161 60
186.161 61
186.167 62
186.173 63
186.173 64
186.179 65
186.179 66
186.192 60
186.192 61
186.198 62
186.203 63
186.203 64
186.209 65
186.209 66
186.223 62
186.229 63
186.229 64
186.234 65
186.234 66
186.266 62
186.272 63
186.272 64
186.277 65
186.277 66
186.297 62
186.303 63
186.303 64
186.308 65
186.308 66
186.324 62
186.329 63
186.329 64
186.335 65
186.335 66
186.355 62
186.36 63
186.36 64
186.366 65
186.366 66
186.385 62
186.391 63
186.391 64
186.397 65
186.397 66
186.412 62
186.418 63
186.418 64
186.424 65
186.424 66
186.438 62
186.444 63
186.444 64
186.45 65
186.45 66
186.456 67
186.465 61
186.465 62
186.471 63
186.477 64
186.477 65
186.483 66
186.483 67
186.5 62
186.5 63
186.506 64
186.506 65
186.513 66
186.513 67
186.527 62
186.527 63
186.533 64
186.533 65
186.539 66
186.539 67
186.553 62
186.553 63
186.56 64
186.56 65
186.566 66
186.566 67
186.584 64
186.584 65
186.591 66
186.591 67
186.615 62
186.615 63
186.622 64
186.622 65
186.628 66
186.628 67
186.65 62
186.65 63
186.657 64
186.657 65
186.664 66
186.664 67
186.671 64
186.671 65
186.677 66
186.677 67
186.699 64
186.699 65
186.706 66
186.706 67
186.725 64
186.725 65
186.732 66
186.732 67
186.752 62
186.752 63
186.759 64
186.759 65
186.766 66
186.766 67
186.787 62
186.787 63
186.794 64
186.794 65
186.802 66
186.802 67
186.818 62
186.818 63
186.825 64
186.825 65
186.833 66
186.833 67
186.84 68
186.845 63
186.845 64
186.852 65
186.852 66
186.859 67
186.859 68
186.871 65
186.871 66
186.879 67
186.879 68
186.898 64
186.898 65
186.905 66
186.905 67
186.913 68
186.926 63
186.926 64
186.934 65
186.934 66
186.942 67
186.942 68
186.962 63
186.962 64
186.969 65
186.969 66
186.977 67
186.977 68
186.997 65
186.997 66
187.005 67
187.005 68
187.028 63
187.028 64
187.036 65
187.036 66
187.044 67
187.044 68
187.068 63
187.068 64
187.076 65
187.076 66
187.084 67
187.084 68
187.099 65
187.099 66
187.107 67
187.107 68
187.13 65
187.13 66
187.138 67
187.138 68
187.156 65
187.156 66
187.164 67
187.164 68
187.187 63
187.187 64
187.195 65
187.195 66
187.204 67
187.204 68
187.222 63
187.222 64
187.231 65
187.231 66
187.239 67
187.239 68
187.258 63
187.258 64
187.266 65
187.266 66
187.275 67
187.275 68
187.283 69
187.288 64
187.288 65
187.297 66
187.297 67
187.306 68
187.306 69
187.315 65
187.315 66
187.324 67
187.324 68
187.332 69
187.353 65
187.353 66
187.361 67
187.361 68
187.37 69
187.386 64
187.386 65
187.394 66
187.394 67
187.403 68
187.403 69
187.425 64
187.425 65
187.434 66
187.434 67
187.443 68
187.443 69
187.465 66
187.465 67
187.474 68
187.474 69
187.5 64
187.5 65
187.51 66
187.51 67
187.519 68
187.519 69
187.549 64
187.549 65
187.558 66
187.558 67
187.567 68
187.567 69
187.584 66
187.584 67
187.594 68
187.594 69
187.62 66
187.62 67
187.629 68
187.629 69
187.651 66
187.651 67
187.66 68
187.66 69
187.686 66
187.686 67
187.695 68
187.695 69
187.712 66
187.712 67
187.722 68
187.722 69
187.732 67
187.732 68
187.742 69
187.743 68
187.776 62
187.776 63
187.788 64
187.788 65
187.8 66
187.8 67
187.811 62
187.835 63
187.848 64
187.848 65
187.863 62
187.863 63
187.875 64
187.889 60
187.889 61
187.901 62
187.913 63
187.929 59
187.929 60
187.941 61
187.941 62
187.969 60
187.969 61
187.981 62
187.995 60
187.995 61
188.007 62
188.022 61
188.022 62
188.048 57
188.048 58
188.06 59
188.06 60
188.072 61
188.088 58
188.088 59
188.1 60
188.119 57
188.119 58
188.131 59
188.131 60
188.15 57
188.15 58
188.162 59
188.185 56
188.185 57
188.197 58
188.197 59
188.216 56
188.216 57
188.228 58
188.228 59
188.24 56
188.24 57
188.252 58
188.252 59
188.264 57
188.302 53
188.302 54
188.316 55
188.316 56
188.33 57
188.333 53
188.333 54
188.351 55
188.351 56
188.365 53
188.365 54
188.379 55
188.39 52
188.39 53
188.404 54
188.404 55
188.421 52
188.421 53
188.435 54
188.448 51
188.448 52
188.462 53
188.462 54
188.483 51
188.483 52
188.497 53
188.51 51
188.51 52
188.523 53
188.543 50
188.557 51
188.557 52
188.58 50
188.58 51
188.594 52
188.609 50
188.623 51
188.623 52
188.637 50
188.637 51
188.664 49
188.664 50
188.678 51
188.699 47
188.699 48
188.713 49
188.713 50
188.727 48
188.727 49
188.74 50
188.754 51
188.759 50
188.759 51
188.774 52
188.786 50
188.786 51
188.799 52
188.814 49
188.814 50
188.827 51
188.84 52
188.843 49
188.843 50
188.86 51
188.873 52
188.883 50
188.896 51
188.896 52
188.909 53
188.916 50
188.916 51
188.929 52
188.929 53
188.942 51
188.942 52
188.955 53
188.971 50
188.971 51
188.984 52
188.984 53
189.015 50
189.015 51
189.028 52
189.028 53
189.055 50
189.055 51
189.068 52
189.068 53
189.081 51
189.081 52
189.094 53
189.11 50
189.11 51
189.123 52
189.123 53
189.15 50
189.15 51
189.162 52
189.162 53
189.175 54
189.185 51
189.185 52
189.198 53
189.198 54
189.216 50
189.216 51
189.228 52
189.228 53
189.241 54
189.249 51
189.249 52
189.262 53
189.262 54
189.289 51
189.289 52
189.301 53
189.301 54
189.315 50
189.315 51
189.328 52
189.328 53
189.34 54
189.349 51
189.349 52
189.361 53
189.361 54
189.375 51
189.375 52
189.387 53
189.387 54
189.41 51
189.41 52
189.423 53
189.423 54
189.441 52
189.441 53
189.454 54
189.47 53
189.47 54
189.501 51
189.501 52
189.513 53
189.513 54
189.526 55
189.533 53
189.533 54
189.546 55
189.561 53
189.561 54
189.573 55
189.589 53
189.589 54
189.602 55
189.618 54
189.618 55
189.649 52
189.649 53
189.661 54
189.661 55
189.675 52
189.675 53
189.688 54
189.688 55
189.702 52
189.702 53
189.714 54
189.714 55
189.728 52
189.728 53
189.741 54
189.741 55
189.759 52
189.759 53
189.772 54
189.772 55
189.79 52
189.79 53
189.803 54
189.803 55
189.817 52
189.817 53
189.829 54
189.829 55
189.843 52
189.843 53
189.856 54
189.856 55
189.87 52
189.87 53
189.882 54
189.882 55
189.896 53
189.896 54
189.909 55
189.925 53
189.925 54
189.937 55
189.954 54
189.954 55
189.98 52
189.98 53
189.992 54
189.992 55
190.007 52
190.007 53
190.019 54
190.019 55
190.046 53
190.046 54
190.059 55
190.075 53
190.075 54
190.087 55
190.104 54
190.104 55
190.132 52
190.132 53
190.145 54
190.145 55
190.163 52
190.163 53
190.176 54
190.176 55
190.19 52
190.19 53
190.202 54
190.202 55
190.221 52
190.221 53
190.233 54
190.233 55
190.254 52
190.254 53
190.266 54
190.266 55
190.285 52
190.285 53
190.297 54
190.297 55
190.311 52
190.311 53
190.324 54
190.324 55
190.338 52
190.338 53
190.35 54
190.35 55
190.364 52
190.364 53
190.377 54
190.377 55
190.395 52
190.395 53
190.408 54
190.408 55
190.422 54
190.422 55
190.448 52
190.448 53
190.461 54
190.461 55
190.479 52
190.479 53
190.492 54
190.492 55
190.51 54
190.51 55
190.536 53
190.536 54
190.549 55
190.565 52
190.565 53
190.578 54
190.578 55
190.592 54
190.592 55
190.618 53
190.618 54
190.631 55
190.651 52
190.651 53
190.664 54
190.664 55
190.682 52
190.682 53
190.695 54
190.695 55
190.713 52
190.713 53
190.726 54
190.726 55
190.748 52
190.748 53
190.761 54
190.761 55
190.784 52
190.784 53
190.796 54
190.796 55
190.81 52
190.81 53
190.823 54
190.823 55
190.841 52
190.841 53
190.854 54
190.854 55
190.872 53
190.872 54
190.885 53
190.885 54
190.897 52
190.905 53
190.929 52
190.937 53
190.956 50
190.964 51
190.971 52
190.989 50
191.004 51
191.012 52
191.02 50
191.028 51
191.047 50
191.054 51
191.073 49
191.081 50
191.096 51
191.103 50
191.157 48
191.164 49
191.172 50
191.192 47
191.2 48
191.207 49
191.215 50
191.223 47
191.23 48
191.238 49
191.258 46
191.266 47
191.274 48
191.281 49
191.289 46
191.297 47
191.305 48
191.32 45
191.328 46
191.336 47
191.343 48
191.351 45
191.358 46
191.366 47
191.38 43
191.387 44
191.395 45
191.403 46
191.41 47
191.418 46
191.425 47
191.432 48
191.44 49
191.447 47
191.454 48
191.462 49
191.469 50
191.476 48
191.476 49
191.49 50
191.497 48
191.497 49
191.512 50
191.526 48
191.526 49
191.54 50
191.57 47
191.57 48
191.584 49
191.584 50
191.598 47
191.598 48
191.612 49
191.612 50
191.636 49
191.636 50
191.665 48
191.665 49
191.678 50
191.696 49
191.696 50
191.709 51
191.729 49
191.729 50
191.742 51
191.755 50
191.769 51
191.788 48
191.788 49
191.802 50
191.815 51
191.824 50
191.837 51
191.852 49
191.852 50
191.865 51
191.878 52
191.888 50
191.888 51
191.901 52
191.914 49
191.914 50
191.927 51
191.94 52
191.95 49
191.95 50
191.962 51
191.975 52
191.985 50
191.985 51
191.998 52
192.016 51
192.016 52
192.042 50
192.055 51
192.055 52
192.069 50
192.069 51
192.081 52
192.081 53
192.094 51
192.094 52
192.107 53
192.122 50
192.122 51
192.134 52
192.134 53
192.148 51
192.148 52
192.161 53
192.177 50
192.177 51
192.189 52
192.189 53
192.208 50
192.208 51
192.22 52
192.22 53
192.239 50
192.239 51
192.251 52
192.251 53
192.265 52
192.265 53
192.292 50
192.292 51
192.304 52
192.304 53
192.316 54
192.318 52
192.318 53
192.335 54
192.347 51
192.347 52
192.359 53
192.359 54
192.387 51
192.387 52
192.399 53
192.399 54
192.413 50
192.413 51
192.425 52
192.425 53
192.438 54
192.451 51
192.451 52
192.463 53
192.463 54
192.495 51
192.495 52
192.507 53
192.507 54
192.535 51
192.535 52
192.547 53
192.547 54
192.561 51
192.561 52
192.573 53
192.573 54
192.592 52
192.592 53
192.604 54
192.621 51
192.621 52
192.633 53
192.633 54
192.647 52
192.647 53
192.66 54
192.676 51
192.676 52
192.688 53
192.688 54
192.701 55
192.711 52
192.711 53
192.724 54
192.724 55
192.742 52
192.742 53
192.755 54
192.755 55
192.782 52
192.782 53
192.794 54
192.794 55
192.813 52
192.813 53
192.825 54
192.825 55
192.848 52
192.848 53
192.861 54
192.861 55
192.878 52
192.878 53
192.891 54
192.891 55
192.914 52
192.914 53
192.927 54
192.927 55
192.945 52
192.945 53
192.958 54
192.958 55
193.001 52
193.001 53
193.013 54
193.013 55
193.04 52
193.04 53
193.053 54
193.053 55
193.067 52
193.067 53
193.08 54
193.08 55
193.102 52
193.102 53
193.115 54
193.115 55
193.129 53
193.129 54
193.141 55
193.157 53
193.157 54
193.17 55
193.186 51
193.186 52
193.199 53
193.199 54
193.212 52
193.227 51
193.263 50
193.271 51
193.29 49
193.297 50
193.323 48
193.331 49
193.338 50
193.346 48
193.353 49
193.361 50
193.369 48
193.376 49
193.4 46
193.408 47
193.415 48
193.423 49
193.433 46
193.441 47
193.449 48
193.466 46
193.474 47
193.482 48
193.5 45
193.507 46
193.515 47
193.535 44
193.542 45
193.55 46
193.558 47
193.565 42
193.573 43
193.58 44
193.588 45
193.595 42
193.603 43
193.61 44
193.618 45
193.625 42
193.633 43
193.64 44
193.647 45
193.655 46
193.662 42
193.669 43
193.677 44
193.684 45
193.691 46
193.698 45
193.698 46
193.713 47
193.713 48
193.727 49
193.731 47
193.731 48
193.748 49
193.748 50
193.762 49
193.762 50
193.789 47
193.789 48
193.802 49
193.802 50
193.815 47
193.815 48
193.83 49
193.83 50
193.857 47
193.857 48
193.871 49
193.871 50
193.893 49
193.893 50
193.921 49
193.921 50
193.95 49
193.95 50
193.983 48
193.983 49
193.996 50
194.014 48
194.014 49
194.027 50
194.04 51
194.041 49
194.041 50
194.059 51
194.071 49
194.071 50
194.084 51
194.102 49
194.102 50
194.115 51
194.133 49
194.133 50
194.146 51
194.164 49
194.164 50
194.177 51
194.189 52
194.191 50
194.191 51
194.207 52
194.219 51
194.219 52
194.246 50
194.258 51
194.258 52
194.272 50
194.285 51
194.285 52
194.317 50
194.329 51
194.329 52
194.347 50
194.36 51
194.36 52
194.387 50
194.387 51
194.399 52
194.399 53
194.416 51
194.416 52
194.428 53
194.445 50
194.445 51
194.457 52
194.457 53
194.48 50
194.48 51
194.492 52
194.492 53
194.511 50
194.523 51
194.523 52
194.535 53
194.544 50
194.544 51
194.556 52
194.556 53
194.579 50
194.579 51
194.592 52
194.592 53
194.61 50
194.61 51
194.622 52
194.622 53
194.646 50
194.646 51
194.658 52
194.658 53
194.67 54
194.676 51
194.676 52
194.689 53
194.689 54
194.707 53
194.707 54
194.734 51
194.734 52
194.746 53
194.746 54
194.76 51
194.76 52
194.773 53
194.773 54
194.809 51
194.809 52
194.821 53
194.821 54
194.84 51
194.84 52
194.852 53
194.852 54
194.88 51
194.88 52
194.892 53
194.892 54
194.91 52
194.91 53
194.923 54
194.944 51
194.944 52
194.956 53
194.956 54
194.975 51
194.975 52
194.987 53
194.987 54
195.01 51
195.01 52
195.023 53
195.023 54
195.041 50
195.041 51
195.053 52
195.053 53
195.066 54
195.066 55
195.083 52
195.083 53
195.095 54
195.095 55
195.118 53
195.118 54
195.131 53
195.131 54
195.144 52
195.151 53
195.18 50
195.195 51
195.203 52
195.219 51
195.234 52
195.245 51
195.253 50
195.303 48
195.318 49
195.326 47
195.334 48
195.359 47
195.385 44
195.393 45
195.401 46
195.408 47
195.416 45
195.424 46
195.431 47
195.447 44
195.455 45
195.462 46
195.47 47
195.478 44
195.486 45
195.493 46
195.501 47
195.509 44
195.516 45
195.524 46
195.532 47
195.539 44
195.547 45
195.554 46
195.562 47
195.57 44
195.577 45
195.585 46
195.592 43
195.6 44
195.608 45
195.615 46
195.623 43
195.63 44
195.638 45
195.645 46
195.653 47
195.66 48
195.668 45
195.675 46
195.682 47
195.69 48
195.697 45
195.697 46
195.711 47
195.711 48
195.725 49
195.73 48
195.73 49
195.747 50
195.765 47
195.765 48
195.779 49
195.793 50
195.82 49
195.82 50
195.847 47
195.847 48
195.86 49
195.86 50
195.878 47
195.878 48
195.891 49
195.891 50
195.913 48
195.913 49
195.926 50
195.942 48
195.942 49
195.955 50
195.973 48
195.973 49
195.985 50
196.003 48
196.003 49
196.016 50
196.034 48
196.034 49
196.047 50
196.06 51
196.065 49
196.065 50
196.079 51
196.092 50
196.104 51
196.12 49
196.12 50
196.133 51
196.151 49
196.151 50
196.164 51
196.178 50
196.19 51
196.207 50
196.219 51
196.24 50
196.252 51
196.252 52
196.277 51
196.277 52
196.304 50
196.316 51
196.316 52
196.335 50
196.347 49
196.347 50
196.359 51
196.371 52
196.381 48
196.381 49
196.393 50
196.405 51
196.405 52
196.418 50
196.43 51
196.43 52
196.442 44
196.442 45
196.454 46
196.454 47
196.466 38
196.466 39
196.477 40
196.477 41
196.489 33
196.489 34
196.5 35
196.5 36
196.511 31
196.511 32
196.521 33
196.521 34
196.531 31
196.531 32
196.541 33
196.541 34
196.551 35
196.551 36
196.561 37
196.57 35
196.57 36
196.58 37
196.588 34
196.588 35
196.598 36
196.598 37
196.607 38
196.615 39
196.615 40
196.624 37
196.633 38
196.633 39
196.641 40
196.641 41
196.65 37
196.65 38
196.658 39
196.658 40
196.666 41
196.666 42
196.674 43
196.674 44
196.682 40
196.682 41
196.69 42
196.69 43
196.698 44
196.698 45
196.705 46
196.705 47
196.713 43
196.713 44
196.721 45
196.721 46
196.728 47
196.728 48
196.736 49
196.736 50
196.743 45
196.743 46
196.751 47
196.751 48
196.758 49
196.758 50
196.765 51
196.772 47
196.772 48
196.779 49
196.779 50
196.786 51
196.793 52
196.793 53
196.8 49
196.8 50
196.807 51
196.814 52
196.814 53
196.821 54
196.825 50
196.832 51
196.832 52
196.838 53
196.838 54
196.852 50
196.858 51
196.858 52
196.865 53
196.865 54
196.887 50
196.893 51
196.893 52
196.9 53
196.9 54
196.918 50
196.924 51
196.924 52
196.931 53
196.931 54
196.953 50
196.96 51
196.96 52
196.966 53
196.966 54
196.984 50
196.991 51
196.991 52
196.997 53
196.997 54
197.011 51
197.011 52
197.017 53
197.017 54
197.037 50
197.044 51
197.044 52
197.05 53
197.05 54
197.064 50
197.07 51
197.07 52
197.077 53
197.077 54
197.094 50
197.101 51
197.101 52
197.108 53
197.108 54
197.125 50
197.132 51
197.132 52
197.139 53
197.139 54
197.152 50
197.152 51
197.159 52
197.159 53
197.166 54
197.185 51
197.185 52
197.192 53
197.192 54
197.216 51
197.216 52
197.223 53
197.223 54
197.23 55
197.242 50
197.242 51
197.25 52
197.25 53
197.257 54
197.257 55
197.287 50
197.287 51
197.294 52
197.294 53
197.302 54
197.302 55
197.322 50
197.322 51
197.329 52
197.329 53
197.337 54
197.337 55
197.357 52
197.357 53
197.365 54
197.365 55
197.388 50
197.388 51
197.396 52
197.396 53
197.404 54
197.404 55
197.428 50
197.428 51
197.436 52
197.436 53
197.444 54
197.444 55
197.468 50
197.468 51
197.476 52
197.476 53
197.484 54
197.484 55
197.507 50
197.507 51
197.516 52
197.516 53
197.524 54
197.524 55
197.543 51
197.543 52
197.551 53
197.551 54
197.56 55
197.585 52
197.585 53
197.593 54
197.593 55
197.602 56
197.616 52
197.616 53
197.624 54
197.624 55
197.633 56
197.649 51
197.649 52
197.658 53
197.658 54
197.667 55
197.667 56
197.688 51
197.688 52
197.698 53
197.698 54
197.707 55
197.707 56
197.728 51
197.728 52
197.737 53
197.737 54
197.747 55
197.747 56
197.763 53
197.763 54
197.773 55
197.773 56
197.794 51
197.794 52
197.804 53
197.804 54
197.813 55
197.813 56
197.843 51
197.843 52
197.853 53
197.853 54
197.862 55
197.862 56
197.883 51
197.883 52
197.892 53
197.892 54
197.902 55
197.902 56
197.927 51
197.927 52
197.937 53
197.937 54
197.947 55
197.947 56
197.967 53
197.967 54
197.977 55
197.977 56
197.993 54
197.993 55
198.003 56
198.022 53
198.022 54
198.032 55
198.032 56
198.042 57
198.048 54
198.048 55
198.058 56
198.058 57
198.084 54
198.084 55
198.094 56
198.094 57
198.11 54
198.11 55
198.12 56
198.12 57
198.141 54
198.141 55
198.151 56
198.151 57
198.176 52
198.176 53
198.187 54
198.187 55
198.197 56
198.197 57
198.212 54
198.212 55
198.222 56
198.222 57
198.251 52
198.251 53
198.262 54
198.262 55
198.273 56
198.273 57
198.309 54
198.309 55
198.32 56
198.32 57
198.332 55
198.332 56
198.343 57
198.36 54
198.36 55
198.371 56
198.371 57
198.386 56
198.386 57
198.413 54
198.413 55
198.424 56
198.424 57
198.439 55
198.439 56
198.45 57
198.472 54
198.472 55
198.484 56
198.484 57
198.495 58
198.503 56
198.503 57
198.515 58
198.532 54
198.532 55
198.543 56
198.543 57
198.555 58
198.561 55
198.561 56
198.572 57
198.572 58
198.591 55
198.591 56
198.603 57
198.603 58
198.618 55
198.618 56
198.63 57
198.63 58
198.653 55
198.653 56
198.665 57
198.665 58
198.68 55
198.68 56
198.692 57
198.692 58
198.706 55
198.706 56
198.718 57
198.718 58
198.742 55
198.742 56
198.753 57
198.753 58
198.768 57
198.768 58
198.801 55
198.801 56
198.813 57
198.813 58
198.828 56
198.828 57
198.84 58
198.856 53
198.856 54
198.868 55
198.868 56
198.88 57
198.88 58
198.905 55
198.905 56
198.917 57
198.917 58
198.936 56
198.936 57
198.948 58
198.965 55
198.965 56
198.977 57
198.977 58
198.988 59
198.991 56
198.991 57
199.006 58
199.006 59
199.026 56
199.026 57
199.038 58
199.038 59
199.053 55
199.053 56
199.065 57
199.065 58
199.077 59
199.095 56
199.095 57
199.107 58
199.107 59
199.126 56
199.126 57
199.138 58
199.138 59
199.157 56
199.157 57
199.169 58
199.169 59
199.188 56
199.188 57
199.2 58
199.2 59
199.214 56
199.214 57
199.226 58
199.226 59
199.252 56
199.252 57
199.264 58
199.264 59
199.278 58
199.278 59
199.307 56
199.307 57
199.319 58
199.319 59
199.336 57
199.336 58
199.348 59
199.364 54
199.364 55
199.376 56
199.376 57
199.388 58
199.388 59
199.413 56
199.413 57
199.425 58
199.425 59
199.442 57
199.442 58
199.454 59
199.47 54
199.47 55
199.482 56
199.482 57
199.494 58
199.494 59
199.506 57
199.506 58
199.518 59
199.518 60
199.53 57
199.53 58
199.542 59
199.542 60
199.556 57
199.556 58
199.568 59
199.568 60
199.583 57
199.583 58
199.595 59
199.595 60
199.609 58
199.609 59
199.621 60
199.638 57
199.638 58
199.65 59
199.65 60
199.669 57
199.669 58
199.681 59
199.681 60
199.7 55
199.7 56
199.712 57
199.712 58
199.724 59
199.724 60
199.74 57
199.74 58
199.751 59
199.751 60
199.766 59
199.766 60
199.793 57
199.793 58
199.804 59
199.804 60
199.824 58
199.824 59
199.835 60
199.85 57
199.85 58
199.862 59
199.862 60
199.879 57
199.879 58
199.89 59
199.89 60
199.914 57
199.914 58
199.926 59
199.926 60
199.943 57
199.943 58
199.954 59
199.954 60
199.966 61
199.969 58
199.969 59
199.983 60
199.983 61
199.996 57
199.996 58
