0.001 1
0.205925 2
0.205925 3
0.205925 4
0.205925 5
0.205925 6
0.205925 7
0.255925 8
0.255925 9
0.261831 10
0.267737 11
0.273643 12
0.279549 13
0.291361 14
0.297267 15
0.303173 16
0.309079 17
0.314985 18
0.320891 19
0.326797 20
0.332703 21
0.338609 22
0.344515 23
0.350421 24
0.356327 25
0.368139 26
0.374045 27
0.379951 28
0.385857 29
0.391763 30
0.397669 31
0.403575 32
0.414989 29
0.421293 28
0.427199 29
0.433105 30
0.439011 31
0.444917 32
0.456728 33
0.468541 32
0.474447 33
0.480353 32
0.486259 33
0.492165 32
0.498071 33
0.552723 23
0.557536 24
0.562348 25
0.56716 24
0.571767 25
0.576341 24
0.580804 25
0.585234 26
0.589664 25
0.59394 26
0.598216 27
0.602492 26
0.606633 27
0.610774 28
0.614915 27
0.618936 28
0.622957 29
0.626978 28
0.626978 29
0.631508 30
0.631508 31
0.635401 30
0.635401 31
0.640568 32
0.640568 33
0.645098 34
0.654158 35
0.654158 36
0.658688 37
0.658688 38
0.663217 37
0.663217 38
0.667747 39
0.667747 40
0.672278 39
0.672278 40
0.676364 41
0.676364 42
0.68045 43
0.68045 44
0.684536 43
0.684536 44
0.688622 45
0.688622 46
0.692708 47
0.70088 48
0.70088 49
0.704966 50
0.704966 51
0.709052 52
0.709052 53
0.713138 54
0.713138 55
0.717224 56
0.717224 57
0.72131 58
0.72131 59
0.724847 60
0.729482 61
0.729482 62
0.733568 63
0.737654 64
0.759832 63
0.759832 64
0.769456 63
0.769456 64
0.778637 63
0.838076 51
0.84508 47
0.849144 48
0.849144 49
0.853208 48
0.853208 49
0.85714 48
0.85714 49
0.860938 48
0.860938 49
0.864624 48
0.864624 49
0.867721 48
0.867721 49
0.871671 50
0.871671 51
0.875135 50
0.875135 51
0.878512 50
0.878512 51
0.881198 50
0.881198 51
0.88496 52
0.88496 53
0.888146 52
0.888146 53
0.891262 52
0.891262 53
0.894272 54
0.894272 55
0.897282 54
0.897282 55
0.900232 56
0.900232 57
0.903182 58
0.903182 59
0.906132 60
0.909082 61
0.909082 62
0.912032 63
0.912032 64
0.914982 65
0.914982 66
0.917932 58
0.917932 59
0.920596 60
0.92326 61
0.92326 62
0.925924 63
0.925924 64
0.928588 65
0.928588 66
0.931252 67
0.931252 68
0.933916 69
0.933916 70
0.93658 71
0.938606 63
0.938606 64
0.941638 65
0.941638 66
0.944032 67
0.944032 68
0.946426 69
0.946426 70
0.94882 71
0.951214 72
0.951214 73
0.953608 74
0.953608 75
0.956002 76
0.956002 77
0.958396 78
0.958396 79
0.96079 80
0.96079 81
0.963184 82
0.963184 83
0.965578 84
0.967971 81
0.967971 82
0.970009 83
0.972047 84
0.972047 85
0.974085 86
0.974085 87
0.976123 88
0.976123 89
0.978161 90
0.978161 91
0.980199 92
0.980199 93
0.982237 94
0.982237 95
0.984275 96
0.986313 97
0.986313 98
0.988351 99
0.988351 100
0.990389 101
0.990389 102
0.992427 103
0.992427 104
0.994465 105
0.994465 106
0.996503 107
0.996503 108
0.998541 106
0.998541 107
1.00058 108
1.00058 109
1.00262 110
1.00262 111
1.06725 102
1.06725 103
1.06929 104
1.06929 105
1.07132 106
1.07132 107
1.07336 108
1.07336 109
1.0754 110
1.0754 111
1.07744 112
1.07948 113
1.07948 114
1.08151 115
1.08151 116
1.08355 117
1.08355 118
1.08559 119
1.08559 120
1.08933 111
1.08933 112
1.09137 113
1.09137 114
1.0934 115
1.0934 116
1.09544 117
1.09544 118
1.09748 119
1.09748 120
1.15558 92
1.15558 93
1.15762 94
1.15762 95
1.15965 96
1.15965 97
1.16169 98
1.16169 99
1.16373 100
1.16373 101
1.16577 102
1.16577 103
1.16781 104
1.16984 105
1.16984 106
1.17188 107
1.17188 108
1.17392 109
1.17392 110
1.17596 111
1.17596 112
1.17765 103
1.17765 104
1.18003 105
1.18003 106
1.18207 107
1.18207 108
1.18411 109
1.18411 110
1.18615 111
1.18615 112
1.18819 113
1.18819 114
1.19022 115
1.19226 116
1.19226 117
1.1943 118
1.1943 119
1.19634 120
1.19634 121
1.19838 122
1.19838 123
1.19973 115
1.20245 116
1.20245 117
1.20449 118
1.20449 119
1.20653 120
1.20653 121
1.20857 122
1.20857 123
1.2106 124
1.2106 125
1.21264 126
1.21264 127
1.21468 128
1.21672 129
1.22181 121
1.22181 122
1.22385 123
1.22385 124
1.22588 125
1.22588 126
1.22792 127
1.22996 128
1.22996 129
1.24389 121
1.24389 122
1.24593 123
1.24593 124
1.24796 125
1.24796 126
1.25 127
1.25204 128
1.25204 129
1.26597 121
1.26597 122
1.26799 123
1.26799 124
1.27002 125
1.27002 126
1.27204 127
1.27406 128
1.27406 129
1.28805 121
1.28805 122
1.29003 123
1.29003 124
1.29201 125
1.29201 126
1.29399 127
1.29597 128
1.29597 129
1.29795 130
1.29795 131
1.29993 132
1.29993 133
1.30191 134
1.30191 135
1.30389 136
1.30389 137
1.30587 138
1.30587 139
1.31013 130
1.31013 131
1.31194 132
1.31194 133
1.31375 134
1.31375 135
1.31556 136
1.31556 137
1.31737 138
1.31737 139
1.31918 140
1.32099 141
1.32099 142
1.3228 143
1.3228 144
1.32461 145
1.32461 146
1.32642 147
1.32642 148
1.33221 140
1.33374 141
1.33374 142
1.33527 143
1.33527 144
1.3368 145
1.3368 146
1.33833 147
1.33833 148
1.33986 149
1.33986 150
1.34139 151
1.34139 152
1.34292 153
1.34445 154
1.34445 155
1.34598 156
1.34598 157
1.35429 149
1.35429 150
1.35582 151
1.35582 152
1.35735 153
1.35888 154
1.35888 155
1.36041 156
1.36041 157
1.36194 158
1.36194 159
1.36347 160
1.36347 161
1.365 162
1.365 163
1.36653 164
1.36806 165
1.36806 166
1.37489 159
1.37489 160
1.37642 161
1.37795 162
1.37795 163
1.37948 164
1.37948 165
1.38101 166
1.38101 167
1.38254 168
1.38254 169
1.38407 170
1.38407 171
1.3856 172
1.3856 173
1.38713 174
1.39486 167
1.39486 168
1.39639 169
1.39639 170
1.39792 171
1.39792 172
1.39945 173
1.40098 174
1.41694 166
1.41694 167
1.41847 168
1.41847 169
1.42 170
1.42 171
1.42153 172
1.42306 173
1.42306 174
1.43902 166
1.43902 167
1.44055 168
1.44055 169
1.44208 170
1.44208 171
1.44361 172
1.44514 173
1.44514 174
1.4611 166
1.4611 167
1.46263 168
1.46263 169
1.46416 170
1.46416 171
1.46569 172
1.46722 173
1.46722 174
1.48318 166
1.48318 167
1.48471 168
1.48471 169
1.48624 170
1.48624 171
1.48777 172
1.4893 173
1.4893 174
1.50526 166
1.50526 167
1.50679 168
1.50679 169
1.50832 170
1.50832 171
1.50985 172
1.51138 173
1.51138 174
1.52734 166
1.52734 167
1.52887 168
1.52887 169
1.5304 170
1.5304 171
1.53193 172
1.53346 173
1.53346 174
1.54942 166
1.54942 167
1.55095 168
1.55095 169
1.55248 170
1.55248 171
1.55401 172
1.55554 173
1.55554 174
1.5715 166
1.5715 167
1.57303 168
1.57303 169
1.57456 170
1.57456 171
1.57609 172
1.57762 173
1.57762 174
1.59359 166
1.59359 167
1.59512 168
1.59512 169
1.5958 170
1.59818 171
1.59818 172
1.59971 173
1.60124 174
1.61787 166
1.61787 167
1.6194 168
1.6194 169
1.62093 170
1.62093 171
1.62246 172
1.62399 173
1.62399 174
1.63995 166
1.63995 167
1.64148 168
1.64148 169
1.64301 170
1.64301 171
1.64454 172
1.64607 173
1.64607 174
1.651 171
1.651 172
1.65253 173
1.65406 174
1.67307 166
1.67307 167
1.6746 168
1.6746 169
1.67613 170
1.67613 171
1.67766 172
1.67919 173
1.67919 174
1.69515 166
1.69515 167
1.69668 168
1.69668 169
1.69821 170
1.69821 171
1.69974 172
1.70127 173
1.70127 174
1.71723 166
1.71723 167
1.71876 168
1.71876 169
1.72029 170
1.72029 171
1.72182 172
1.72335 173
1.72335 174
1.73931 166
1.73931 167
1.74084 168
1.74084 169
1.74237 170
1.74237 171
1.7439 172
1.74543 173
1.74543 174
1.76139 166
1.76139 167
1.76292 168
1.76292 169
1.76445 170
1.76445 171
1.76598 172
1.76751 173
1.76751 174
1.78347 166
1.78347 167
1.785 168
1.785 169
1.78653 170
1.78653 171
1.78806 172
1.78959 173
1.78959 174
1.80555 166
1.80555 167
1.80708 168
1.80708 169
1.80861 170
1.80861 171
1.81014 172
1.81167 173
1.81167 174
1.82763 166
1.82763 167
1.82916 168
1.82916 169
1.83069 170
1.83069 171
1.83222 172
1.83375 173
1.83375 174
1.84971 166
1.84971 167
1.85124 168
1.85124 169
1.85277 170
1.85277 171
1.8543 172
1.85583 173
1.85583 174
1.87179 166
1.87179 167
1.87332 168
1.87332 169
1.87485 170
1.87485 171
1.87638 172
1.87791 173
1.87791 174
1.89387 166
1.89387 167
1.8954 168
1.8954 169
1.89693 170
1.89693 171
1.89846 172
1.89999 173
1.89999 174
1.91595 166
1.91595 167
1.91748 168
1.91748 169
1.91901 170
1.91901 171
1.92054 172
1.92207 173
1.92207 174
1.93803 166
1.93803 167
1.93956 168
1.93956 169
1.94109 170
1.94109 171
1.94262 172
1.94415 173
1.94415 174
1.9587 167
1.9587 168
1.96023 169
1.96023 170
1.96176 171
1.96176 172
1.96329 173
1.96482 174
1.97998 166
1.97998 167
1.98151 168
1.98151 169
1.98304 170
1.98304 171
1.98457 172
1.9861 173
1.9861 174
2.00206 166
2.00206 167
2.00359 168
2.00359 169
2.00512 170
2.00512 171
2.00665 172
2.00818 173
2.00818 174
2.02414 166
2.02414 167
2.02567 168
2.02567 169
2.0272 170
2.0272 171
2.02873 172
2.03026 173
2.03026 174
2.0374 170
2.0374 171
2.03893 172
2.04046 173
2.04046 174
2.05947 166
2.05947 167
2.061 168
2.061 169
2.06253 170
2.06253 171
2.06406 172
2.06559 173
2.06559 174
2.08155 166
2.08155 167
2.08308 168
2.08308 169
2.08461 170
2.08461 171
2.08614 172
2.08767 173
2.08767 174
2.10363 166
2.10363 167
2.10516 168
2.10516 169
2.10669 170
2.10669 171
2.10822 172
2.10975 173
2.10975 174
2.12571 166
2.12571 167
2.12724 168
2.12724 169
2.12877 170
2.12877 171
2.1303 172
2.13183 173
2.13183 174
2.14779 166
2.14779 167
2.14932 168
2.14932 169
2.15085 170
2.15085 171
2.15238 172
2.15391 173
2.15391 174
2.16987 166
2.16987 167
2.1714 168
2.1714 169
2.17293 170
2.17293 171
2.17446 172
2.17599 173
2.17599 174
2.19195 166
2.19195 167
2.19348 168
2.19348 169
2.19501 170
2.19501 171
2.19654 172
2.19807 173
2.19807 174
2.21403 166
2.21403 167
2.21556 168
2.21556 169
2.21709 170
2.21709 171
2.21862 172
2.22015 173
2.22015 174
2.23611 166
2.23611 167
2.23764 168
2.23764 169
2.23917 170
2.23917 171
2.2407 172
2.24223 173
2.24223 174
2.25819 166
2.25819 167
2.25972 168
2.25972 169
2.26125 170
2.26125 171
2.26278 172
2.26431 173
2.26431 174
2.28027 166
2.28027 167
2.2818 168
2.2818 169
2.28333 170
2.28333 171
2.28486 172
2.28639 173
2.28639 174
2.30235 166
2.30235 167
2.30388 168
2.30388 169
2.30541 170
2.30541 171
2.30694 172
2.30847 173
2.30847 174
2.32443 166
2.32443 167
2.32596 168
2.32596 169
2.32749 170
2.32749 171
2.32902 172
2.33055 173
2.33055 174
2.34651 166
2.34651 167
2.34804 168
2.34804 169
2.34957 170
2.34957 171
2.3511 172
2.35263 173
2.35263 174
2.36859 166
2.36859 167
2.37012 168
2.37012 169
2.37164 170
2.37164 171
2.37317 172
2.3747 173
2.3747 174
2.39067 166
2.39067 167
2.3922 168
2.3922 169
2.39372 170
2.39372 171
2.39525 172
2.39678 173
2.39678 174
2.41275 166
2.41275 167
2.41428 168
2.41428 169
2.4158 170
2.4158 171
2.41733 172
2.41886 173
2.41886 174
2.43483 166
2.43483 167
2.43636 168
2.43636 169
2.43788 170
2.43788 171
2.43941 172
2.44094 173
2.44094 174
2.45691 166
2.45691 167
2.45844 168
2.45844 169
2.45996 170
2.45996 171
2.46149 172
2.46302 173
2.46302 174
2.479 166
2.479 167
2.48053 168
2.48053 169
2.48205 170
2.48205 171
2.48358 172
2.4851 173
2.4851 174
2.50107 166
2.50107 167
2.5026 168
2.5026 169
2.50412 170
2.50412 171
2.50565 172
2.50718 173
2.50718 174
2.52315 166
2.52315 167
2.52468 168
2.52468 169
2.5262 170
2.5262 171
2.52773 172
2.52926 173
2.52926 174
2.53199 172
2.53352 173
2.53352 174
2.55406 166
2.55406 167
2.55559 168
2.55559 169
2.55712 170
2.55712 171
2.55864 172
2.56017 173
2.56017 174
2.57614 166
2.57614 167
2.57767 168
2.57767 169
2.5792 170
2.5792 171
2.58072 172
2.58225 173
2.58225 174
2.59822 166
2.59822 167
2.59975 168
2.59975 169
2.60128 170
2.60128 171
2.6028 172
2.60433 173
2.60433 174
2.6203 166
2.6203 167
2.62183 168
2.62183 169
2.62336 170
2.62336 171
2.62488 172
2.62641 173
2.62641 174
2.64238 166
2.64238 167
2.64391 168
2.64391 169
2.64544 170
2.64544 171
2.64696 172
2.64849 173
2.64849 174
2.66446 166
2.66446 167
2.66599 168
2.66599 169
2.66752 170
2.66752 171
2.66904 172
2.67057 173
2.67057 174
2.68654 166
2.68654 167
2.68807 168
2.68807 169
2.6896 170
2.6896 171
2.69112 172
2.69265 173
2.69265 174
2.70862 166
2.70862 167
2.71015 168
2.71015 169
2.71168 170
2.71168 171
2.7132 172
2.71473 173
2.71473 174
2.7307 166
2.7307 167
2.73223 168
2.73223 169
2.73376 170
2.73376 171
2.73528 172
2.73681 173
2.73681 174
2.75278 166
2.75278 167
2.75431 168
2.75431 169
2.75584 170
2.75584 171
2.75736 172
2.75889 173
2.75889 174
2.77486 166
2.77486 167
2.77639 168
2.77639 169
2.77792 170
2.77792 171
2.77944 172
2.78097 173
2.78097 174
2.79694 166
2.79694 167
2.79847 168
2.79847 169
2.8 170
2.8 171
2.80152 172
2.80305 173
2.80305 174
2.81902 166
2.81902 167
2.82055 168
2.82055 169
2.82208 170
2.82208 171
2.8236 172
2.82513 173
2.82513 174
2.8411 166
2.8411 167
2.84263 168
2.84263 169
2.84416 170
2.84416 171
2.84568 172
2.84721 173
2.84721 174
2.86318 166
2.86318 167
2.86471 168
2.86471 169
2.86624 170
2.86624 171
2.86776 172
2.86929 173
2.86929 174
2.88526 166
2.88526 167
2.89798 168
2.89798 169
2.91069 160
2.91069 161
2.92341 158
2.92341 159
2.93612 160
2.94883 152
2.94883 153
2.96155 154
2.96155 155
2.97426 147
2.97426 148
2.98698 139
2.98698 140
2.99969 141
2.99969 142
3.0124 134
3.0124 135
3.02512 136
3.03783 128
3.03783 129
3.05055 130
3.05055 131
3.06326 123
3.07597 115
3.07597 116
3.08869 117
3.08869 118
3.1014 110
3.1014 111
3.11412 112
3.12683 104
3.12683 105
3.13918 97
3.13918 98
3.15226 99
3.16497 91
3.16497 92
3.17769 93
3.17769 94
3.1904 86
3.20311 87
3.20311 88
3.21583 80
3.21583 81
3.22023 82
3.22023 83
3.22464 84
3.22464 85
3.22905 76
3.22905 77
3.23345 78
3.23345 79
3.23786 80
3.23786 81
3.24226 82
3.24226 83
3.24667 84
3.24667 85
3.25108 76
3.25108 77
3.25548 78
3.25548 79
3.25989 80
3.25989 81
3.26429 82
3.26429 83
3.2687 84
3.2687 85
3.27311 76
3.27311 77
3.27751 78
3.27751 79
3.28192 80
3.28192 81
3.28632 82
3.28632 83
3.29073 84
3.29073 85
3.29514 76
3.29514 77
3.29954 78
3.29954 79
3.30395 80
3.30395 81
3.30835 82
3.30835 83
3.31276 84
3.31276 85
3.31717 76
3.31717 77
3.32157 78
3.32157 79
3.32598 80
3.32598 81
3.33038 82
3.33038 83
3.33479 84
3.33479 85
3.3392 76
3.3392 77
3.3436 78
3.3436 79
3.34801 80
3.34801 81
3.35241 82
3.35241 83
3.35682 84
3.35682 85
3.36123 76
3.36123 77
3.36563 78
3.36563 79
3.37004 80
3.37004 81
3.37444 82
3.37444 83
3.37885 84
3.37885 85
3.38326 76
3.38326 77
3.38766 78
3.38766 79
3.39207 80
3.39207 81
3.39647 82
3.39647 83
3.40088 84
3.40088 85
3.40529 86
3.40927 82
3.40927 83
3.4141 84
3.4141 85
3.4185 86
3.42291 87
3.42291 88
3.42732 89
3.42732 90
3.43172 91
3.43172 92
3.43613 86
3.44053 87
3.44053 88
3.44494 89
3.44494 90
3.44935 91
3.44935 92
3.45375 93
3.45375 94
3.45816 86
3.46256 87
3.46256 88
3.46697 89
3.46697 90
3.47138 91
3.47138 92
3.47578 93
3.47578 94
3.48019 86
3.48459 87
3.48459 88
3.489 89
3.489 90
3.49341 91
3.49341 92
3.49781 93
3.49781 94
3.50222 86
3.50662 87
3.50662 88
3.51103 89
3.51103 90
3.51544 91
3.51544 92
3.51984 93
3.51984 94
3.52425 86
3.52865 87
3.52865 88
3.53306 89
3.53306 90
3.53747 91
3.53747 92
3.54187 93
3.54187 94
3.54628 86
3.55068 87
3.55068 88
3.55509 89
3.55509 90
3.5595 91
3.5595 92
3.5639 93
3.5639 94
3.56831 86
3.57271 87
3.57271 88
3.57712 89
3.57712 90
3.58153 91
3.58153 92
3.58593 93
3.58593 94
3.59034 86
3.59474 87
3.59474 88
3.59915 89
3.59915 90
3.60356 91
3.60356 92
3.60796 93
3.60796 94
3.61237 86
3.61677 87
3.61677 88
3.62118 89
3.62118 90
3.62559 91
3.62559 92
3.62999 93
3.62999 94
3.6344 86
3.6388 87
3.6388 88
3.64321 89
3.64321 90
3.64762 91
3.64762 92
3.65202 93
3.65202 94
3.65643 86
3.66083 87
3.66083 88
3.66524 89
3.66524 90
3.66965 91
3.66965 92
3.67405 93
3.67405 94
3.67846 86
3.68286 87
3.68286 88
3.68727 89
3.68727 90
3.69168 91
3.69168 92
3.69608 93
3.69608 94
3.70049 86
3.70489 87
3.70489 88
3.7093 89
3.7093 90
3.71371 91
3.71371 92
3.71811 93
3.71811 94
3.72252 86
3.72692 87
3.72692 88
3.73133 89
3.73133 90
3.73574 91
3.73574 92
3.74014 93
3.74014 94
3.74455 86
3.74895 87
3.74895 88
3.75336 89
3.75336 90
3.75777 91
3.75777 92
3.76217 93
3.76217 94
3.76658 86
3.77098 87
3.77098 88
3.77539 89
3.77539 90
3.7798 91
3.7798 92
3.7842 93
3.7842 94
3.78861 86
3.79301 87
3.79301 88
3.79742 89
3.79742 90
3.80183 91
3.80183 92
3.80623 93
3.80623 94
3.81064 86
3.81504 87
3.81504 88
3.81945 89
3.81945 90
3.82386 86
3.82386 87
3.82826 88
3.82826 89
3.83267 90
3.83267 91
3.83707 92
3.83707 93
3.84148 94
3.84148 95
3.84589 86
3.84589 87
3.85029 88
3.85029 89
3.8547 90
3.8547 91
3.8591 92
3.8591 93
3.86351 94
3.86351 95
3.86792 86
3.86792 87
3.87232 88
3.87232 89
3.87673 90
3.87673 91
3.88113 92
3.88113 93
3.88554 94
3.88554 95
3.88995 86
3.88995 87
3.89435 88
3.89435 89
3.89876 90
3.89876 91
3.90316 92
3.90316 93
3.90757 94
3.90757 95
3.91198 86
3.91198 87
3.91638 88
3.91638 89
3.92079 90
3.92079 91
3.92519 92
3.92519 93
3.9296 94
3.9296 95
3.93401 86
3.93401 87
3.93841 88
3.93841 89
3.94282 90
3.94282 91
3.94722 92
3.94722 93
3.95163 94
3.95163 95
3.95604 86
3.95604 87
3.96044 88
3.96044 89
3.96485 90
3.96485 91
3.96925 92
3.96925 93
3.97366 94
3.97366 95
3.97807 86
3.97807 87
3.98247 88
3.98247 89
3.98688 90
3.98688 91
3.99128 92
3.99128 93
3.99569 94
3.99569 95
4.0001 86
4.0001 87
4.0045 88
4.0045 89
4.00891 90
4.00891 91
4.01331 92
4.01331 93
4.01772 94
4.01772 95
4.02213 86
4.02213 87
4.02653 88
4.02653 89
4.03094 90
4.03094 91
4.03534 92
4.03534 93
4.03975 94
4.03975 95
4.04416 86
4.04416 87
4.04856 88
4.04856 89
4.05297 90
4.05297 91
4.05737 92
4.05737 93
4.06178 94
4.06178 95
4.06619 86
4.06619 87
4.07059 88
4.07059 89
4.075 90
4.075 91
4.0794 92
4.0794 93
4.08381 94
4.08381 95
4.08822 86
4.08822 87
4.09262 88
4.09262 89
4.09703 90
4.09703 91
4.10143 92
4.10143 93
4.10584 94
4.10584 95
4.11025 86
4.11025 87
4.11465 88
4.11465 89
4.11906 90
4.11906 91
4.12346 92
4.12346 93
4.12787 94
4.12787 95
4.13228 86
4.13228 87
4.13668 88
4.13668 89
4.14109 90
4.14109 91
4.14549 92
4.14549 93
4.1499 94
4.1499 95
4.15431 86
4.15431 87
4.15871 88
4.15871 89
4.16312 90
4.16312 91
4.16752 92
4.16752 93
4.17193 94
4.17193 95
4.17634 86
4.17634 87
4.18074 88
4.18074 89
4.18515 90
4.18515 91
4.18955 92
4.18955 93
4.19396 94
4.19396 95
4.19837 86
4.19837 87
4.20277 88
4.20277 89
4.20718 90
4.20718 91
4.21158 92
4.21158 93
4.21599 94
4.21599 95
4.2204 86
4.2204 87
4.2248 88
4.2248 89
4.22921 90
4.22921 91
4.23361 92
4.23361 93
4.23802 94
4.23802 95
4.24243 86
4.24243 87
4.24683 88
4.24683 89
4.25124 90
4.25124 91
4.25564 92
4.25564 93
4.26005 94
4.26005 95
4.26446 86
4.26446 87
4.26886 88
4.26886 89
4.27327 90
4.27327 91
4.27767 92
4.27767 93
4.28208 94
4.28208 95
4.28649 86
4.28649 87
4.29089 88
4.29089 89
4.2953 90
4.2953 91
4.2997 92
4.2997 93
4.30411 94
4.30411 95
4.30852 86
4.30852 87
4.31292 88
4.31292 89
4.31733 86
4.31733 87
4.32173 88
4.32173 89
4.32614 90
4.32614 91
4.33055 92
4.33055 93
4.33495 94
4.33495 95
4.33936 86
4.33936 87
4.34376 88
4.34376 89
4.34817 90
4.34817 91
4.35258 92
4.35258 93
4.35698 94
4.35698 95
4.36139 86
4.36139 87
4.36579 88
4.36579 89
4.3702 90
4.3702 91
4.37461 92
4.37461 93
4.37901 94
4.37901 95
4.38342 86
4.38342 87
4.38782 88
4.38782 89
4.39223 90
4.39223 91
4.39664 92
4.39664 93
4.40104 94
4.40104 95
4.40545 86
4.40545 87
4.40985 88
4.40985 89
4.41426 90
4.41426 91
4.41867 92
4.41867 93
4.42307 94
4.42307 95
4.42748 86
4.42748 87
4.43188 88
4.43188 89
4.43629 90
4.43629 91
4.4407 92
4.4407 93
4.4451 94
4.4451 95
4.44951 86
4.44951 87
4.45391 88
4.45391 89
4.45832 90
4.45832 91
4.46273 92
4.46273 93
4.46713 94
4.46713 95
4.47154 86
4.47154 87
4.47594 88
4.47594 89
4.48035 90
4.48035 91
4.48476 92
4.48476 93
4.48916 94
4.48916 95
4.49357 86
4.49357 87
4.49709 88
4.49709 89
4.50062 90
4.50062 91
4.50414 92
4.50414 93
4.50766 94
4.50766 95
4.51119 96
4.51119 97
4.51471 88
4.51471 89
4.51824 90
4.51824 91
4.52176 92
4.52176 93
4.52528 94
4.52528 95
4.52881 96
4.52881 97
4.53233 98
4.53233 99
4.53537 90
4.53537 91
4.53938 92
4.53938 93
4.5429 94
4.5429 95
4.54643 96
4.54643 97
4.54995 98
4.54995 99
4.55348 100
4.557 101
4.557 102
4.56052 94
4.56052 95
4.56405 96
4.56405 97
4.56757 98
4.56757 99
4.5711 100
4.57462 101
4.57462 102
4.57814 103
4.57814 104
4.58167 96
4.58167 97
4.58519 98
4.58519 99
4.58872 100
4.59224 101
4.59224 102
4.59576 103
4.59576 104
4.59929 105
4.59929 106
4.60281 98
4.60281 99
4.60634 100
4.60986 101
4.60986 102
4.61338 103
4.61338 104
4.61691 105
4.61691 106
4.62043 107
4.62043 108
4.62369 99
4.62369 100
4.62748 101
4.62748 102
4.631 103
4.631 104
4.63453 105
4.63453 106
4.63805 107
4.63805 108
4.64158 109
4.64158 110
4.6451 111
4.64862 103
4.64862 104
4.65215 105
4.65215 106
4.65567 107
4.65567 108
4.6592 109
4.6592 110
4.66272 111
4.66624 112
4.66624 113
4.66977 105
4.66977 106
4.67329 107
4.67329 108
4.67682 109
4.67682 110
4.68034 111
4.68386 112
4.68386 113
4.68739 114
4.68739 115
4.68993 107
4.68993 108
4.69444 109
4.69444 110
4.69796 111
4.70098 108
4.70098 109
4.70736 110
4.70736 111
4.71324 112
4.71911 113
4.71911 114
4.72499 106
4.72499 107
4.73086 108
4.73086 109
4.73674 110
4.73674 111
4.74262 112
4.74849 104
4.74849 105
4.75437 106
4.75437 107
4.76024 108
4.76024 109
4.76612 110
4.76612 111
4.772 102
4.772 103
4.77787 104
4.77787 105
4.78375 106
4.78375 107
4.78929 99
4.7955 100
4.7955 101
4.80138 102
4.80138 103
4.80725 104
4.80725 105
4.81313 97
4.81313 98
4.819 99
4.82488 100
4.82488 101
4.83076 102
4.83076 103
4.83663 95
4.83663 96
4.84251 97
4.84251 98
4.84838 99
4.85426 100
4.85426 101
4.86014 93
4.86014 94
4.86601 95
4.86601 96
4.87189 97
4.87189 98
4.87761 89
4.87761 90
4.88364 91
4.88364 92
4.88952 93
4.88952 94
4.89539 95
4.89539 96
4.90127 87
4.90127 88
4.90714 89
4.90714 90
4.91302 91
4.91302 92
4.9189 93
4.9189 94
4.92477 86
4.92918 87
4.92918 88
4.93358 89
4.93358 90
4.93799 91
4.93799 92
4.9424 93
4.9424 94
4.9468 86
4.95121 87
4.95121 88
4.95561 89
4.95561 90
4.96002 91
4.96002 92
4.96443 93
4.96443 94
4.96883 86
4.97324 87
4.97324 88
4.97764 89
4.97764 90
4.98205 91
4.98205 92
4.98646 93
4.98646 94
4.99086 86
4.99527 87
4.99527 88
4.99967 89
4.99967 90
5.00408 91
5.00408 92
5.00849 93
5.00849 94
5.01289 86
5.0173 87
5.0173 88
5.0217 89
5.0217 90
5.02611 91
5.02611 92
5.03052 93
5.03052 94
5.03492 86
5.03933 87
5.03933 88
5.04373 89
5.04373 90
5.04814 91
5.04814 92
5.05255 93
5.05255 94
5.05695 86
5.06137 87
5.06137 88
5.06578 89
5.06578 90
5.07019 91
5.07019 92
5.07461 93
5.07461 94
5.07902 86
5.08344 87
5.08344 88
5.08785 89
5.08785 90
5.09226 91
5.09226 92
5.09668 93
5.09668 94
5.10109 86
5.10551 87
5.10551 88
5.10992 89
5.10992 90
5.11433 91
5.11433 92
5.11875 93
5.11875 94
5.12316 86
5.12758 87
5.12758 88
5.13199 89
5.13199 90
5.1364 91
5.1364 92
5.14082 93
5.14082 94
5.14523 86
5.14965 87
5.14965 88
5.15406 89
5.15406 90
5.15847 91
5.15847 92
5.16289 93
5.16289 94
5.1673 86
5.17172 87
5.17172 88
5.17613 89
5.17613 90
5.18054 91
5.18054 92
5.18496 93
5.18496 94
5.18937 86
5.19379 87
5.19379 88
5.1982 86
5.20261 87
5.20261 88
5.20703 89
5.20703 90
5.21144 91
5.21144 92
5.21586 93
5.21586 94
5.22027 86
5.22468 87
5.22468 88
5.2291 89
5.2291 90
5.23351 91
5.23351 92
5.23793 93
5.23793 94
5.24234 86
5.24675 87
5.24675 88
5.25117 89
5.25117 90
5.25558 91
5.25558 92
5.26 93
5.26 94
5.26441 86
5.26882 87
5.26882 88
5.27324 89
5.27324 90
5.27765 91
5.27765 92
5.28207 93
5.28207 94
5.28648 86
5.29089 87
5.29089 88
5.29531 89
5.29531 90
5.29972 91
5.29972 92
5.30414 93
5.30414 94
5.30855 86
5.31296 87
5.31296 88
5.31738 89
5.31738 90
5.32179 91
5.32179 92
5.32621 93
5.32621 94
5.33062 86
5.33503 87
5.33503 88
5.33945 89
5.33945 90
5.34386 91
5.34386 92
5.34828 93
5.34828 94
5.35269 86
5.3571 87
5.3571 88
5.36152 89
5.36152 90
5.36593 91
5.36593 92
5.37035 93
5.37035 94
5.37476 86
5.37917 87
5.37917 88
5.38359 89
5.38359 90
5.388 91
5.388 92
5.39242 93
5.39242 94
5.39683 86
5.40124 87
5.40124 88
5.40566 89
5.40566 90
5.41007 91
5.41007 92
5.41449 93
5.41449 94
5.4189 86
5.42331 87
5.42331 88
5.42773 89
5.42773 90
5.43214 91
5.43214 92
5.43656 93
5.43656 94
5.44097 86
5.44538 87
5.44538 88
5.4498 89
5.4498 90
5.45421 91
5.45421 92
5.45863 93
5.45863 94
5.46304 86
5.46745 87
5.46745 88
5.47187 89
5.47187 90
5.47628 91
5.47628 92
5.4807 93
5.4807 94
5.48511 86
5.48952 87
5.48952 88
5.49394 89
5.49394 90
5.49835 91
5.49835 92
5.50277 93
5.50277 94
5.50718 86
5.51159 87
5.51159 88
5.51601 89
5.51601 90
5.52042 91
5.52042 92
5.52484 93
5.52484 94
5.52925 86
5.53366 87
5.53366 88
5.53808 89
5.53808 90
5.54249 91
5.54249 92
5.54691 93
5.54691 94
5.55132 86
5.55573 87
5.55573 88
5.56015 89
5.56015 90
5.56456 91
5.56456 92
5.56898 93
5.56898 94
5.57339 86
5.5778 87
5.5778 88
5.58197 85
5.58197 86
5.58663 87
5.59105 88
5.59105 89
5.59546 90
5.59546 91
5.59987 92
5.59987 93
5.60404 85
5.60404 86
5.6087 87
5.61312 88
5.61312 89
5.61753 90
5.61753 91
5.62194 92
5.62194 93
5.62612 85
5.62612 86
5.63077 87
5.63519 88
5.63519 89
5.6396 90
5.6396 91
5.64401 92
5.64401 93
5.6482 85
5.6482 86
5.65284 87
5.65726 88
5.65726 89
5.66167 90
5.66167 91
5.66608 92
5.66608 93
5.67028 85
5.67028 86
5.67491 87
5.67933 88
5.67933 89
5.68374 90
5.68374 91
5.68815 92
5.68815 93
5.69236 85
5.69236 86
5.69698 87
5.7014 88
5.7014 89
5.70581 90
5.70581 91
5.71022 92
5.71022 93
5.71444 85
5.71444 86
5.71905 87
5.72347 88
5.72347 89
5.72788 90
5.72788 91
5.73229 92
5.73229 93
5.73652 85
5.73652 86
5.74112 87
5.74554 88
5.74554 89
5.74995 90
5.74995 91
5.75436 92
5.75436 93
5.7586 85
5.7586 86
5.76319 87
5.76761 88
5.76761 89
5.77202 90
5.77202 91
5.77643 92
5.77643 93
5.78068 85
5.78068 86
5.78526 87
5.78968 88
5.78968 89
5.79409 90
5.79409 91
5.7985 92
5.7985 93
5.80276 85
5.80276 86
5.80733 87
5.81175 88
5.81175 89
5.81616 90
5.81616 91
5.82057 92
5.82057 93
5.82484 85
5.82484 86
5.8294 87
5.83382 88
5.83382 89
5.83823 90
5.83823 91
5.84264 92
5.84264 93
5.84692 85
5.84692 86
5.85147 87
5.85589 88
5.85589 89
5.8603 90
5.8603 91
5.86471 92
5.86471 93
5.869 85
5.869 86
5.87354 87
5.87796 88
5.87796 89
5.88237 90
5.88237 91
5.88678 92
5.88678 93
5.89108 85
5.89108 86
5.89561 87
5.90003 88
5.90003 89
5.90444 90
5.90444 91
5.90885 92
5.90885 93
5.91316 85
5.91316 86
5.91768 87
5.9221 88
5.9221 89
5.92651 90
5.92651 91
5.93092 92
5.93092 93
5.93524 85
5.93524 86
5.93975 87
5.94417 88
5.94417 89
5.94858 90
5.94858 91
5.95299 92
5.95299 93
5.95732 85
5.95732 86
5.96182 87
5.96624 88
5.96624 89
5.97065 90
5.97065 91
5.97506 92
5.97506 93
5.9794 85
5.9794 86
5.98389 87
5.98831 88
5.98831 89
5.99272 90
5.99272 91
5.99713 92
5.99713 93
6.00148 85
6.00148 86
6.00596 87
6.01038 88
6.01038 89
6.01479 90
6.01479 91
6.0192 92
6.0192 93
6.02357 85
6.02357 86
6.02803 87
6.03245 88
6.03245 89
6.03686 90
6.03686 91
6.04127 92
6.04127 93
6.04564 85
6.04564 86
6.0501 87
6.05452 88
6.05452 89
6.05893 90
6.05893 91
6.06334 92
6.06334 93
6.06772 85
6.06772 86
6.07217 87
6.07656 85
6.07656 86
6.081 87
6.08541 88
6.08541 89
6.08983 90
6.08983 91
6.09424 92
6.09424 93
6.09864 85
6.09864 86
6.10307 87
6.10748 88
6.10748 89
6.1119 90
6.1119 91
6.11631 92
6.11631 93
6.12072 85
6.12072 86
6.12514 87
6.12955 88
6.12955 89
6.13397 90
6.13397 91
6.13838 92
6.13838 93
6.1428 85
6.1428 86
6.14721 87
6.15162 88
6.15162 89
6.15604 90
6.15604 91
6.16045 92
6.16045 93
6.16487 94
6.16487 95
6.16928 86
6.16928 87
6.17369 88
6.17369 89
6.17811 90
6.17811 91
6.18252 92
6.18252 93
6.18694 94
6.18694 95
6.19135 86
6.19135 87
6.19576 88
6.19576 89
6.20018 90
6.20018 91
6.20459 92
6.20459 93
6.20901 94
6.20901 95
6.21342 86
6.21342 87
6.21695 88
6.21695 89
6.22048 90
6.22048 91
6.22402 92
6.22402 93
6.22755 94
6.22755 95
6.23108 96
6.23108 97
6.23461 88
6.23461 89
6.23814 90
6.23814 91
6.24168 92
6.24168 93
6.24521 94
6.24521 95
6.24874 96
6.24874 97
6.25227 98
6.25227 99
6.2558 90
6.2558 91
6.25934 92
6.25934 93
6.26287 94
6.26287 95
6.2664 96
6.2664 97
6.26993 98
6.26993 99
6.27346 100
6.277 92
6.277 93
6.28053 94
6.28053 95
6.28406 96
6.28406 97
6.28759 98
6.28759 99
6.29112 100
6.29466 101
6.29466 102
6.29736 94
6.29736 95
6.30172 96
6.30172 97
6.30525 98
6.30525 99
6.30878 100
6.31232 101
6.31232 102
6.31585 103
6.31585 104
6.31938 105
6.31938 106
6.32291 98
6.32291 99
6.32644 100
6.32998 101
6.32998 102
6.33351 103
6.33351 104
6.33704 105
6.33704 106
6.34057 107
6.34057 108
6.3441 99
6.3441 100
6.34764 101
6.34764 102
6.35117 103
6.35117 104
6.3547 105
6.3547 106
6.35823 107
6.35823 108
6.36176 109
6.36176 110
6.3653 101
6.3653 102
6.36883 103
6.36883 104
6.37236 105
6.37236 106
6.37589 107
6.37589 108
6.37942 109
6.37942 110
6.38296 111
6.38568 103
6.38568 104
6.39002 105
6.39002 106
6.39355 107
6.39355 108
6.39708 109
6.39708 110
6.40062 111
6.40415 112
6.40415 113
6.40768 114
6.40768 115
6.41121 107
6.41121 108
6.41474 109
6.41474 110
6.41828 111
6.42181 112
6.42181 113
6.42534 114
6.42534 115
6.42887 116
6.42887 117
6.4324 109
6.4324 110
6.43829 111
6.44418 112
6.44418 113
6.45006 114
6.45006 115
6.45595 107
6.45595 108
6.46183 109
6.46183 110
6.46772 106
6.46772 107
6.47361 108
6.47361 109
6.47949 110
6.47949 111
6.48504 102
6.48504 103
6.49126 104
6.49126 105
6.49715 106
6.49715 107
6.50304 108
6.50304 109
6.50892 100
6.50892 101
6.51481 102
6.51481 103
6.52069 104
6.52069 105
6.52658 106
6.52658 107
6.53247 99
6.53835 100
6.53835 101
6.54424 102
6.54424 103
6.55012 104
6.55012 105
6.55601 97
6.55601 98
6.5619 99
6.56778 100
6.56778 101
6.57336 93
6.57336 94
6.57955 95
6.57955 96
6.58544 97
6.58544 98
6.59133 99
6.59721 91
6.59721 92
6.6031 93
6.6031 94
6.60898 95
6.60898 96
6.61487 97
6.61487 98
6.62076 89
6.62076 90
6.62664 91
6.62664 92
6.63253 93
6.63253 94
6.63841 95
6.63841 96
6.6443 87
6.6443 88
6.64871 89
6.64871 90
6.65313 91
6.65313 92
6.65754 93
6.65754 94
6.66168 86
6.66637 87
6.66637 88
6.67078 89
6.67078 90
6.6752 91
6.6752 92
6.67961 93
6.67961 94
6.68376 86
6.68844 87
6.68844 88
6.69285 89
6.69285 90
6.69727 91
6.69727 92
6.70168 93
6.70168 94
6.70584 86
6.71051 87
6.71051 88
6.71492 89
6.71492 90
6.71934 91
6.71934 92
6.72375 93
6.72375 94
6.72792 86
6.73258 87
6.73258 88
6.73699 89
6.73699 90
6.74141 91
6.74141 92
6.74582 93
6.74582 94
6.75 86
6.75465 87
6.75465 88
6.75906 89
6.75906 90
6.76348 91
6.76348 92
6.76789 93
6.76789 94
6.77208 86
6.77672 87
6.77672 88
6.78113 89
6.78113 90
6.78555 91
6.78555 92
6.78996 93
6.78996 94
6.79416 86
6.79879 87
6.79879 88
6.8032 89
6.8032 90
6.80762 91
6.80762 92
6.81203 93
6.81203 94
6.81624 86
6.82086 87
6.82086 88
6.82527 89
6.82527 90
6.82969 91
6.82969 92
6.8341 93
6.8341 94
6.83832 86
6.84293 87
6.84293 88
6.84734 89
6.84734 90
6.85176 91
6.85176 92
6.85617 93
6.85617 94
6.8604 86
6.865 87
6.865 88
6.86941 89
6.86941 90
6.87383 91
6.87383 92
6.87824 93
6.87824 94
6.88248 86
6.88707 87
6.88707 88
6.89148 89
6.89148 90
6.8959 91
6.8959 92
6.90031 93
6.90031 94
6.90456 86
6.90914 87
6.90914 88
6.91355 89
6.91355 90
6.91797 91
6.91797 92
6.92238 93
6.92238 94
6.92664 86
6.93121 87
6.93121 88
6.93562 89
6.93562 90
6.94004 91
6.94004 92
6.94445 93
6.94445 94
6.94872 86
6.95328 87
6.95328 88
6.95756 86
6.96211 87
6.96211 88
6.96652 89
6.96652 90
6.97094 91
6.97094 92
6.97535 93
6.97535 94
6.97963 86
6.98418 87
6.98418 88
6.98859 89
6.98859 90
6.99301 91
6.99301 92
6.99742 93
6.99742 94
7.00171 86
7.00625 87
7.00625 88
7.01066 89
7.01066 90
7.01508 91
7.01508 92
7.01949 93
7.01949 94
7.02379 86
7.02832 87
7.02832 88
7.03273 89
7.03273 90
7.03715 91
7.03715 92
7.04156 93
7.04156 94
7.04587 86
7.05039 87
7.05039 88
7.0548 89
7.0548 90
7.05922 91
7.05922 92
7.06363 93
7.06363 94
7.06795 86
7.07246 87
7.07246 88
7.07687 89
7.07687 90
7.08129 91
7.08129 92
7.0857 93
7.0857 94
7.09003 86
7.09453 87
7.09453 88
7.09894 89
7.09894 90
7.10336 91
7.10336 92
7.10777 93
7.10777 94
7.11211 86
7.1166 87
7.1166 88
7.12101 89
7.12101 90
7.12543 91
7.12543 92
7.12984 93
7.12984 94
7.13419 86
7.13867 87
7.13867 88
7.14308 89
7.14308 90
7.1475 91
7.1475 92
7.15191 93
7.15191 94
7.15627 86
7.16074 87
7.16074 88
7.16515 89
7.16515 90
7.16957 91
7.16957 92
7.17398 93
7.17398 94
7.17835 86
7.18281 87
7.18281 88
7.18722 89
7.18722 90
7.19164 91
7.19164 92
7.19605 93
7.19605 94
7.20043 86
7.20488 87
7.20488 88
7.20929 89
7.20929 90
7.21371 91
7.21371 92
7.21812 93
7.21812 94
7.22251 86
7.22695 87
7.22695 88
7.23136 89
7.23136 90
7.23578 91
7.23578 92
7.24019 93
7.24019 94
7.24459 86
7.24902 87
7.24902 88
7.25343 89
7.25343 90
7.25785 91
7.25785 92
7.26226 93
7.26226 94
7.26667 86
7.27109 87
7.27109 88
7.2755 89
7.2755 90
7.27992 91
7.27992 92
7.28433 93
7.28433 94
7.28874 95
7.28874 96
7.29316 87
7.29316 88
7.29757 89
7.29757 90
7.30199 91
7.30199 92
7.3064 93
7.3064 94
7.31081 95
7.31081 96
7.31523 87
7.31523 88
7.31964 89
7.31964 90
7.32406 91
7.32406 92
7.32847 93
7.32847 94
7.33288 95
7.33288 96
7.3373 87
7.3373 88
7.34171 89
7.34171 90
7.34613 86
7.34613 87
7.35054 88
7.35054 89
7.35495 90
7.35495 91
7.35937 92
7.35937 93
7.36378 94
7.36378 95
7.3682 86
7.3682 87
7.37261 88
7.37261 89
7.37702 90
7.37702 91
7.38144 92
7.38144 93
7.38585 94
7.38585 95
7.39027 86
7.39027 87
7.39468 88
7.39468 89
7.39909 90
7.39909 91
7.40351 92
7.40351 93
7.40792 94
7.40792 95
7.41234 86
7.41234 87
7.41675 88
7.41675 89
7.42116 90
7.42116 91
7.42558 92
7.42558 93
7.42999 94
7.42999 95
7.43441 86
7.43441 87
7.43882 88
7.43882 89
7.44323 90
7.44323 91
7.44765 92
7.44765 93
7.45206 94
7.45206 95
7.45648 86
7.45648 87
7.46089 88
7.46089 89
7.4653 90
7.4653 91
7.46972 92
7.46972 93
7.47413 94
7.47413 95
7.47855 86
7.47855 87
7.48296 88
7.48296 89
7.48737 90
7.48737 91
7.49179 92
7.49179 93
7.4962 94
7.4962 95
7.50062 86
7.50062 87
7.50503 88
7.50503 89
7.50944 90
7.50944 91
7.51386 92
7.51386 93
7.51827 94
7.51827 95
7.52269 86
7.52269 87
7.5271 88
7.5271 89
7.53151 90
7.53151 91
7.53593 92
7.53593 93
7.54034 94
7.54034 95
7.54476 86
7.54476 87
7.54917 88
7.54917 89
7.55358 90
7.55358 91
7.558 92
7.558 93
7.56241 94
7.56241 95
7.56683 86
7.56683 87
7.57124 88
7.57124 89
7.57565 90
7.57565 91
7.58007 92
7.58007 93
7.58448 94
7.58448 95
7.5889 86
7.5889 87
7.59331 88
7.59331 89
7.59772 90
7.59772 91
7.60214 92
7.60214 93
7.60655 94
7.60655 95
7.61097 86
7.61097 87
7.61538 88
7.61538 89
7.61979 90
7.61979 91
7.62421 92
7.62421 93
7.62862 94
7.62862 95
7.63304 86
7.63304 87
7.63745 88
7.63745 89
7.64186 90
7.64186 91
7.64628 92
7.64628 93
7.65069 94
7.65069 95
7.65511 86
7.65511 87
7.65952 88
7.65952 89
7.66393 90
7.66393 91
7.66835 92
7.66835 93
7.67276 94
7.67276 95
7.67718 86
7.67718 87
7.68159 88
7.68159 89
7.686 90
7.686 91
7.69042 92
7.69042 93
7.69483 94
7.69483 95
7.69925 86
7.69925 87
7.70366 88
7.70366 89
7.70807 90
7.70807 91
7.71249 92
7.71249 93
7.7169 94
7.7169 95
7.72132 86
7.72132 87
7.72573 88
7.72573 89
7.73014 90
7.73014 91
7.73456 92
7.73456 93
7.73897 94
7.73897 95
7.74339 86
7.74339 87
7.7478 88
7.7478 89
7.75221 90
7.75221 91
7.75663 92
7.75663 93
7.76104 94
7.76104 95
7.76546 86
7.76546 87
7.76987 88
7.76987 89
7.77428 90
7.77428 91
7.7787 92
7.7787 93
7.78311 94
7.78311 95
7.78753 86
7.78753 87
7.79194 88
7.79194 89
7.79635 90
7.79635 91
7.80077 92
7.80077 93
7.80518 94
7.80518 95
7.8096 86
7.8096 87
7.81401 88
7.81401 89
7.81842 90
7.81842 91
7.82284 92
7.82284 93
7.82725 94
7.82725 95
7.83167 86
7.83167 87
7.83608 88
7.83608 89
7.84049 86
7.84049 87
7.84491 88
7.84491 89
7.84932 90
7.84932 91
7.85374 92
7.85374 93
7.85815 94
7.85815 95
7.86256 86
7.86256 87
7.86698 88
7.86698 89
7.87139 90
7.87139 91
7.87581 92
7.87581 93
7.88022 94
7.88022 95
7.88463 86
7.88463 87
7.88905 88
7.88905 89
7.89346 90
7.89346 91
7.89788 92
7.89788 93
7.90229 94
7.90229 95
7.9067 86
7.9067 87
7.91112 88
7.91112 89
7.91553 90
7.91553 91
7.91995 92
7.91995 93
7.92436 94
7.92436 95
7.92877 86
7.92877 87
7.93231 88
7.93231 89
7.93584 90
7.93584 91
7.93937 92
7.93937 93
7.9429 94
7.9429 95
7.94643 96
7.94643 97
7.94997 88
7.94997 89
7.9535 90
7.9535 91
7.95703 92
7.95703 93
7.96056 94
7.96056 95
7.96409 96
7.96409 97
7.96763 98
7.96763 99
7.97102 90
7.97102 91
7.97469 92
7.97469 93
7.97822 94
7.97822 95
7.98175 96
7.98175 97
7.98529 98
7.98529 99
7.98882 100
7.99235 101
7.99235 102
7.99588 94
7.99588 95
7.99941 96
7.99941 97
8.00295 98
8.00295 99
8.00648 100
8.01001 101
8.01001 102
8.01354 103
8.01354 104
8.01707 96
8.01707 97
8.02061 98
8.02061 99
8.02414 100
8.02767 101
8.02767 102
8.0312 103
8.0312 104
8.03473 105
8.03473 106
8.03827 98
8.03827 99
8.0418 100
8.04533 101
8.04533 102
8.04886 103
8.04886 104
8.05239 105
8.05239 106
8.05593 107
8.05593 108
8.05934 99
8.05934 100
8.06299 101
8.06299 102
8.06652 103
8.06652 104
8.07005 105
8.07005 106
8.07359 107
8.07359 108
8.07712 109
8.07712 110
8.08065 111
8.08418 103
8.08418 104
8.08771 105
8.08771 106
8.09125 107
8.09125 108
8.09478 109
8.09478 110
8.09831 111
8.10184 112
8.10184 113
8.10537 105
8.10537 106
8.10891 107
8.10891 108
8.11244 109
8.11244 110
8.11597 111
8.1195 112
8.1195 113
8.12303 114
8.12303 115
8.12558 107
8.12558 108
8.1301 109
8.1301 110
8.13363 111
8.13716 112
8.13716 113
8.14069 114
8.14069 115
8.14423 116
8.14423 117
8.14766 109
8.14766 110
8.15364 111
8.15953 112
8.15953 113
8.16542 114
8.16542 115
8.1713 107
8.1713 108
8.17719 109
8.17719 110
8.18307 111
8.18896 112
8.18896 113
8.19485 105
8.19485 106
8.20073 107
8.20073 108
8.20662 109
8.20662 110
8.2125 111
8.21839 103
8.21839 104
8.22428 105
8.22428 106
8.23016 102
8.23016 103
8.23605 104
8.23605 105
8.24193 106
8.24193 107
8.24702 99
8.25371 100
8.25371 101
8.25959 102
8.25959 103
8.26548 104
8.26548 105
8.27136 97
8.27136 98
8.27725 99
8.28314 100
8.28314 101
8.28902 102
8.28902 103
8.29491 95
8.29491 96
8.30079 97
8.30079 98
8.30668 99
8.31257 100
8.31257 101
8.31845 93
8.31845 94
8.32434 95
8.32434 96
8.33022 97
8.33022 98
8.33534 89
8.33534 90
8.342 91
8.342 92
8.34788 93
8.34788 94
8.35377 95
8.35377 96
8.35965 87
8.35965 88
8.36407 89
8.36407 90
8.36848 91
8.36848 92
8.3729 93
8.3729 94
8.37731 95
8.37731 96
8.38172 87
8.38172 88
8.38614 89
8.38614 90
8.39055 91
8.39055 92
8.39497 93
8.39497 94
8.39938 95
8.39938 96
8.40379 87
8.40379 88
8.40821 89
8.40821 90
8.41262 91
8.41262 92
8.41704 93
8.41704 94
8.42145 95
8.42145 96
8.42586 87
8.42586 88
8.43028 89
8.43028 90
8.43469 91
8.43469 92
8.43911 93
8.43911 94
8.44352 95
8.44352 96
8.44793 87
8.44793 88
8.45235 89
8.45235 90
8.45676 91
8.45676 92
8.46118 93
8.46118 94
8.46559 95
8.46559 96
8.47 87
8.47 88
8.47442 89
8.47442 90
8.47883 91
8.47883 92
8.48325 93
8.48325 94
8.48766 95
8.48766 96
8.49207 87
8.49207 88
8.49649 89
8.49649 90
8.5009 91
8.5009 92
8.50532 93
8.50532 94
8.50973 95
8.50973 96
8.51414 87
8.51414 88
8.51856 89
8.51856 90
8.52297 91
8.52297 92
8.52739 93
8.52739 94
8.5318 95
8.5318 96
8.53621 87
8.53621 88
8.54063 89
8.54063 90
8.54504 91
8.54504 92
8.54946 93
8.54946 94
8.55387 95
8.55387 96
8.55828 87
8.55828 88
8.5627 89
8.5627 90
8.56711 91
8.56711 92
8.57153 93
8.57153 94
8.57594 95
8.57594 96
8.58035 87
8.58035 88
8.58477 89
8.58477 90
8.58918 91
8.58918 92
8.5936 93
8.5936 94
8.59801 95
8.59801 96
8.60242 87
8.60242 88
8.60684 89
8.60684 90
8.61125 91
8.61125 92
8.61567 93
8.61567 94
8.62008 95
8.62008 96
8.62449 87
8.62449 88
8.62891 89
8.62891 90
8.63332 91
8.63332 92
8.63774 93
8.63774 94
8.64215 95
8.64215 96
8.64656 87
8.64656 88
8.65098 89
8.65098 90
8.65539 91
8.65539 92
8.65981 93
8.65981 94
8.66422 95
8.66422 96
8.66863 87
8.66863 88
8.67305 89
8.67305 90
8.67746 91
8.67746 92
8.68188 93
8.68188 94
8.68629 95
8.68629 96
8.6907 87
8.6907 88
8.69512 89
8.69512 90
8.69953 91
8.69953 92
8.70395 93
8.70395 94
8.70836 95
8.70836 96
8.71277 87
8.71277 88
8.71719 89
8.71719 90
8.7216 87
8.7216 88
8.72602 89
8.72602 90
8.73043 91
8.73043 92
8.73484 93
8.73484 94
8.73926 95
8.73926 96
8.74367 87
8.74367 88
8.74809 89
8.74809 90
8.7525 91
8.7525 92
8.75691 93
8.75691 94
8.76133 95
8.76133 96
8.76574 87
8.76574 88
8.77016 89
8.77016 90
8.77457 91
8.77457 92
8.77898 93
8.77898 94
8.7834 95
8.7834 96
8.78781 87
8.78781 88
8.79223 89
8.79223 90
8.79664 91
8.79664 92
8.80105 93
8.80105 94
8.80547 95
8.80547 96
8.80988 87
8.80988 88
8.8143 89
8.8143 90
8.81871 91
8.81871 92
8.82312 93
8.82312 94
8.82754 95
8.82754 96
8.83195 87
8.83195 88
8.83637 89
8.83637 90
8.84078 91
8.84078 92
8.84519 93
8.84519 94
8.84961 95
8.84961 96
8.85402 87
8.85402 88
8.85844 89
8.85844 90
8.86285 91
8.86285 92
8.86726 93
8.86726 94
8.87168 95
8.87168 96
8.87609 87
8.87609 88
8.88051 89
8.88051 90
8.88492 91
8.88492 92
8.88933 93
8.88933 94
8.89375 95
8.89375 96
8.89816 87
8.89816 88
8.90258 89
8.90258 90
8.90699 91
8.90699 92
8.9114 93
8.9114 94
8.91582 95
8.91582 96
8.92023 87
8.92023 88
8.92465 89
8.92465 90
8.92906 91
8.92906 92
8.93347 93
8.93347 94
8.93789 95
8.93789 96
8.9423 87
8.9423 88
8.94672 89
8.94672 90
8.95113 91
8.95113 92
8.95554 93
8.95554 94
8.95996 95
8.95996 96
8.96437 87
8.96437 88
8.96879 89
8.96879 90
8.9732 91
8.9732 92
8.97761 93
8.97761 94
8.98203 95
8.98203 96
8.98644 87
8.98644 88
8.99086 89
8.99086 90
8.99527 91
8.99527 92
8.99968 93
8.99968 94
9.0041 95
9.0041 96
9.00851 87
9.00851 88
9.01293 89
9.01293 90
9.01734 91
9.01734 92
9.02175 93
9.02175 94
9.02617 95
9.02617 96
9.03058 87
9.03058 88
9.035 89
9.035 90
9.03941 91
9.03941 92
9.04382 93
9.04382 94
9.04824 95
9.04824 96
9.05265 87
9.05265 88
9.05707 89
9.05707 90
9.06148 91
9.06148 92
9.06589 93
9.06589 94
9.07031 95
9.07031 96
9.07472 87
9.07472 88
9.07914 89
9.07914 90
9.08355 91
9.08355 92
9.08796 93
9.08796 94
9.09238 95
9.09238 96
9.09679 87
9.09679 88
9.10121 89
9.10121 90
9.10562 91
9.10562 92
9.11003 88
9.11003 89
9.11445 90
9.11445 91
9.11886 92
9.11886 93
9.12327 94
9.12327 95
9.12769 96
9.12769 97
9.1321 88
9.1321 89
9.13652 90
9.13652 91
9.14093 92
9.14093 93
9.14535 94
9.14535 95
9.14976 96
9.14976 97
9.15417 88
9.15417 89
9.15859 90
9.15859 91
9.163 92
9.163 93
9.16742 94
9.16742 95
9.17183 96
9.17183 97
9.17624 88
9.17624 89
9.18066 90
9.18066 91
9.18507 92
9.18507 93
9.18949 94
9.18949 95
9.1939 96
9.1939 97
9.19831 88
9.19831 89
9.20273 90
9.20273 91
9.20714 92
9.20714 93
9.21156 94
9.21156 95
9.21597 96
9.21597 97
9.22038 88
9.22038 89
9.2248 90
9.2248 91
9.22921 92
9.22921 93
9.23363 94
9.23363 95
9.23804 96
9.23804 97
9.24245 88
9.24245 89
9.24687 90
9.24687 91
9.25128 92
9.25128 93
9.2557 94
9.2557 95
9.26011 96
9.26011 97
9.26452 88
9.26452 89
9.26894 90
9.26894 91
9.27335 92
9.27335 93
9.27777 94
9.27777 95
9.28218 96
9.28218 97
9.28659 88
9.28659 89
9.29101 90
9.29101 91
9.29542 92
9.29542 93
9.29984 94
9.29984 95
9.30425 96
9.30425 97
9.30866 88
9.30866 89
9.31308 90
9.31308 91
9.31749 92
9.31749 93
9.32191 94
9.32191 95
9.32632 96
9.32632 97
9.33073 88
9.33073 89
9.33515 90
9.33515 91
9.33956 92
9.33956 93
9.34398 94
9.34398 95
9.34839 96
9.34839 97
9.3528 88
9.3528 89
9.35722 90
9.35722 91
9.36163 92
9.36163 93
9.36605 94
9.36605 95
9.37046 96
9.37046 97
9.37487 88
9.37487 89
9.37929 90
9.37929 91
9.3837 92
9.3837 93
9.38812 94
9.38812 95
9.39253 96
9.39253 97
9.39694 88
9.39694 89
9.40136 90
9.40136 91
9.40577 92
9.40577 93
9.41019 94
9.41019 95
9.4146 96
9.4146 97
9.41901 88
9.41901 89
9.42343 90
9.42343 91
9.42784 92
9.42784 93
9.43226 94
9.43226 95
9.43667 96
9.43667 97
9.44108 88
9.44108 89
9.4455 90
9.4455 91
9.44991 92
9.44991 93
9.45433 94
9.45433 95
9.45874 96
9.45874 97
9.46315 88
9.46315 89
9.46757 90
9.46757 91
9.47198 92
9.47198 93
9.4764 94
9.4764 95
9.48081 96
9.48081 97
9.48522 88
9.48522 89
9.48964 90
9.48964 91
9.49405 92
9.49405 93
9.49847 94
9.49847 95
9.50288 96
9.50288 97
9.50729 88
9.50729 89
9.51171 90
9.51171 91
9.51612 92
9.51612 93
9.52054 94
9.52054 95
9.52495 96
9.52495 97
9.52936 88
9.52936 89
9.53378 90
9.53378 91
9.53819 92
9.53819 93
9.54261 94
9.54261 95
9.54702 96
9.54702 97
9.55143 88
9.55143 89
9.55585 90
9.55585 91
9.56026 92
9.56026 93
9.56468 94
9.56468 95
9.56909 96
9.56909 97
9.5735 88
9.5735 89
9.57792 90
9.57792 91
9.58233 92
9.58233 93
9.58675 94
9.58675 95
9.59116 96
9.59116 97
9.59557 88
9.59557 89
9.59999 90
9.59999 91
9.6044 88
9.6044 89
9.60882 90
9.60882 91
9.61323 92
9.61323 93
9.61764 94
9.61764 95
9.62206 96
9.62206 97
9.62647 88
9.62647 89
9.63089 90
9.63089 91
9.6353 92
9.6353 93
9.63971 94
9.63971 95
9.64413 96
9.64413 97
9.64854 88
9.64854 89
9.65207 90
9.65207 91
9.65561 92
9.65561 93
9.65914 94
9.65914 95
9.66267 96
9.66267 97
9.6662 98
9.6662 99
9.66973 90
9.66973 91
9.67327 92
9.67327 93
9.6768 94
9.6768 95
9.68033 96
9.68033 97
9.68386 98
9.68386 99
9.68739 100
9.69093 92
9.69093 93
9.69446 94
9.69446 95
9.69799 96
9.69799 97
9.70152 98
9.70152 99
9.70505 100
9.70859 101
9.70859 102
9.71212 94
9.71212 95
9.71565 96
9.71565 97
9.71918 98
9.71918 99
9.72271 100
9.72625 101
9.72625 102
9.72978 103
9.72978 104
9.733 96
9.733 97
9.73684 98
9.73684 99
9.74037 100
9.74391 101
9.74391 102
9.74744 103
9.74744 104
9.75097 105
9.75097 106
9.7545 107
9.7545 108
9.75803 99
9.75803 100
9.76157 101
9.76157 102
9.7651 103
9.7651 104
9.76863 105
9.76863 106
9.77216 107
9.77216 108
9.77569 109
9.77569 110
9.77923 101
9.77923 102
9.78276 103
9.78276 104
9.78629 105
9.78629 106
9.78982 107
9.78982 108
9.79335 109
9.79335 110
9.79689 111
9.80042 103
9.80042 104
9.80395 105
9.80395 106
9.80748 107
9.80748 108
9.81101 109
9.81101 110
9.81455 111
9.81808 112
9.81808 113
9.82132 105
9.82132 106
9.82514 107
9.82514 108
9.82867 109
9.82867 110
9.83221 111
9.83574 112
9.83574 113
9.83927 114
9.83927 115
9.8428 116
9.8428 117
9.84633 109
9.84633 110
9.84987 111
9.8534 112
9.8534 113
9.85693 114
9.85693 115
9.86046 116
9.86046 117
9.86399 118
9.86399 119
9.86753 111
9.87341 112
9.87341 113
9.8793 114
9.8793 115
9.88518 116
9.88518 117
9.89107 109
9.89107 110
9.89696 111
9.90284 112
9.90284 113
9.90873 114
9.90873 115
9.91461 107
9.91461 108
9.9205 109
9.9205 110
9.92639 111
9.93172 103
9.93172 104
9.93816 105
9.93816 106
9.94404 107
9.94404 108
9.94993 109
9.94993 110
9.95582 101
9.95582 102
9.9617 103
9.9617 104
9.96759 105
9.96759 106
9.97347 107
9.97347 108
9.97936 99
9.97936 100
9.98525 101
9.98525 102
9.99113 99
9.99702 100
9.99702 101
10.0029 102
10.0029 103
10.0088 104
10.0088 105
10.0147 97
10.0147 98
10.0206 99
10.0264 100
10.0264 101
10.0323 93
10.0323 94
10.0382 95
10.0382 96
10.0441 97
10.0441 98
10.05 99
10.0559 91
10.0559 92
10.0618 93
10.0618 94
10.0676 95
10.0676 96
10.0735 97
10.0735 98
10.0794 89
10.0794 90
10.0838 91
10.0838 92
10.0882 93
10.0882 94
10.0927 95
10.0927 96
10.0971 97
10.0971 98
10.1015 89
10.1015 90
10.1059 91
10.1059 92
10.1103 93
10.1103 94
10.1147 95
10.1147 96
10.1191 97
10.1191 98
10.1236 89
10.1236 90
10.128 91
10.128 92
10.1324 93
10.1324 94
10.1368 95
10.1368 96
10.1412 97
10.1412 98
10.1456 89
10.1456 90
10.15 91
10.15 92
10.1545 93
10.1545 94
10.1589 95
10.1589 96
10.1633 97
10.1633 98
10.1677 89
10.1677 90
10.1721 91
10.1721 92
10.1765 93
10.1765 94
10.1809 95
10.1809 96
10.1854 97
10.1854 98
10.1898 89
10.1898 90
10.1942 91
10.1942 92
10.1986 93
10.1986 94
10.203 95
10.203 96
10.2074 97
10.2074 98
10.2118 89
10.2118 90
10.2163 91
10.2163 92
10.2207 93
10.2207 94
10.2251 95
10.2251 96
10.2295 97
10.2295 98
10.2339 89
10.2339 90
10.2383 91
10.2383 92
10.2427 93
10.2427 94
10.2472 95
10.2472 96
10.2516 97
10.2516 98
10.256 89
10.256 90
10.2604 91
10.2604 92
10.2648 93
10.2648 94
10.2692 95
10.2692 96
10.2736 97
10.2736 98
10.2781 89
10.2781 90
10.2825 91
10.2825 92
10.2869 93
10.2869 94
10.2913 95
10.2913 96
10.2957 97
10.2957 98
10.3001 89
10.3001 90
10.3045 91
10.3045 92
10.3089 93
10.3089 94
10.3134 95
10.3134 96
10.3178 97
10.3178 98
10.3222 89
10.3222 90
10.3266 91
10.3266 92
10.331 93
10.331 94
10.3354 95
10.3354 96
10.3398 97
10.3398 98
10.3443 89
10.3443 90
10.3487 91
10.3487 92
10.3531 93
10.3531 94
10.3575 95
10.3575 96
10.3619 97
10.3619 98
10.3663 89
10.3663 90
10.3707 91
10.3707 92
10.3752 93
10.3752 94
10.3796 95
10.3796 96
10.384 97
10.384 98
10.3884 89
10.3884 90
10.3928 91
10.3928 92
10.3972 93
10.3972 94
10.4016 95
10.4016 96
10.4061 97
10.4061 98
10.4105 89
10.4105 90
10.4149 91
10.4149 92
10.4193 93
10.4193 94
10.4237 95
10.4237 96
10.4281 97
10.4281 98
10.4325 89
10.4325 90
10.437 91
10.437 92
10.4414 93
10.4414 94
10.4458 95
10.4458 96
10.4502 97
10.4502 98
10.4546 89
10.4546 90
10.459 91
10.459 92
10.4634 93
10.4634 94
10.4679 95
10.4679 96
10.4723 97
10.4723 98
10.5065 76
10.6802 2
10.6802 3
10.6802 4
10.7074 3
10.7097 4
10.9075 2
10.9075 3
10.9111 4
10.9111 5
10.9146 6
10.9146 7
10.9181 8
10.9181 9
10.9217 10
10.9217 11
10.9252 12
10.9252 13
10.9287 14
10.9323 15
10.9323 16
10.9358 15
10.9358 16
10.9393 17
10.9393 18
10.9429 19
10.9429 20
10.9464 21
10.9464 22
10.9499 23
10.9499 24
10.9535 25
10.957 26
10.957 27
10.9605 28
10.9605 29
10.964 30
10.964 31
10.9676 32
10.9676 33
10.9711 34
10.9711 35
10.9746 36
10.9746 37
10.9782 38
10.9817 39
10.9817 40
10.9852 41
10.9852 42
10.9888 43
10.9888 44
10.9923 45
10.9923 46
10.9958 47
10.9958 48
10.9994 49
10.9994 50
11.0029 51
11.0064 52
11.0064 53
11.01 54
11.01 55
11.0135 56
11.0135 57
11.017 58
11.017 59
11.0206 60
11.0206 61
11.0241 62
11.0276 63
11.0276 64
11.0312 65
11.0312 66
11.0347 67
11.0347 68
11.0382 69
11.0382 70
11.0417 71
11.0417 72
11.0453 73
11.0453 74
11.0488 75
11.0523 76
11.0523 77
11.0559 78
11.0559 79
11.0594 80
11.0594 81
11.0629 82
11.0629 83
11.0665 84
11.0665 85
11.07 86
11.0735 87
11.0735 88
11.0771 89
11.0771 90
11.0806 91
11.0806 92
11.0841 93
11.0841 94
11.0877 95
11.0877 96
11.0912 97
11.0912 98
11.0947 99
11.0983 100
11.0983 101
11.1018 102
11.1018 103
11.1053 104
11.1053 105
11.1089 106
11.1089 107
11.1124 108
11.1124 109
11.1159 110
11.1159 111
11.1195 112
11.123 113
11.123 114
11.1265 115
11.1265 116
11.1297 108
11.1297 109
11.1359 110
11.1359 111
11.1418 112
11.1477 113
11.1477 114
11.1536 106
11.1536 107
11.1595 108
11.1595 109
11.1654 110
11.1654 111
11.1713 112
11.1771 104
11.1771 105
11.183 106
11.183 107
11.1889 108
11.1889 109
11.1948 110
11.1948 111
11.2007 102
11.2007 103
11.2066 104
11.2066 105
11.2125 106
11.2125 107
11.218 99
11.2242 100
11.2242 101
11.2301 102
11.2301 103
11.236 104
11.236 105
11.2419 97
11.2419 98
11.2478 99
11.2537 100
11.2537 101
11.2595 102
11.2595 103
11.2654 95
11.2654 96
11.2713 97
11.2713 98
11.2772 99
11.2831 93
11.2831 94
11.289 95
11.289 96
11.2949 97
11.2949 98
11.3007 99
11.3066 91
11.3066 92
11.3125 93
11.3125 94
11.3184 95
11.3184 96
11.324 87
11.324 88
11.3287 89
11.3287 90
11.3331 91
11.3331 92
11.3375 93
11.3375 94
11.3419 95
11.3419 96
11.3461 87
11.3461 88
11.3508 89
11.3508 90
11.3552 91
11.3552 92
11.3596 93
11.3596 94
11.364 95
11.364 96
11.3682 87
11.3682 88
11.3728 89
11.3728 90
11.3773 91
11.3773 92
11.3817 93
11.3817 94
11.3861 95
11.3861 96
11.3902 87
11.3902 88
11.3949 89
11.3949 90
11.3993 91
11.3993 92
11.4037 93
11.4037 94
11.4082 95
11.4082 96
11.4123 87
11.4123 88
11.417 89
11.417 90
11.4214 91
11.4214 92
11.4258 93
11.4258 94
11.4302 95
11.4302 96
11.4344 87
11.4344 88
11.4391 89
11.4391 90
11.4435 91
11.4435 92
11.4479 93
11.4479 94
11.4523 95
11.4523 96
11.4565 87
11.4565 88
11.4611 89
11.4611 90
11.4655 91
11.4655 92
11.4699 93
11.4699 94
11.4744 95
11.4744 96
11.4786 87
11.4786 88
11.4832 89
11.4832 90
11.4876 91
11.4876 92
11.492 93
11.492 94
11.4964 95
11.4964 96
11.5006 87
11.5006 88
11.5053 89
11.5053 90
11.5097 91
11.5097 92
11.5141 93
11.5141 94
11.5185 95
11.5185 96
11.5227 87
11.5227 88
11.5273 89
11.5273 90
11.5317 91
11.5317 92
11.5362 93
11.5362 94
11.5406 95
11.5406 96
11.5448 87
11.5448 88
11.5494 89
11.5494 90
11.5538 91
11.5538 92
11.5582 93
11.5582 94
11.5626 95
11.5626 96
11.5669 87
11.5669 88
11.5715 89
11.5715 90
11.5759 91
11.5759 92
11.5803 93
11.5803 94
11.5847 95
11.5847 96
11.589 87
11.589 88
11.5935 89
11.5935 90
11.598 91
11.598 92
11.6024 93
11.6024 94
11.6068 95
11.6068 96
11.611 87
11.611 88
11.6156 89
11.6156 90
11.62 91
11.62 92
11.6244 93
11.6244 94
11.6289 95
11.6289 96
11.6331 87
11.6331 88
11.6377 89
11.6377 90
11.6421 91
11.6421 92
11.6465 93
11.6465 94
11.6509 95
11.6509 96
11.6552 87
11.6552 88
11.6598 89
11.6598 90
11.6642 91
11.6642 92
11.6686 93
11.6686 94
11.673 95
11.673 96
11.6773 87
11.6773 88
11.6818 89
11.6818 90
11.6862 91
11.6862 92
11.6906 93
11.6906 94
11.6951 95
11.6951 96
11.6994 87
11.6994 88
11.7039 89
11.7039 90
11.7083 91
11.7083 92
11.7127 93
11.7127 94
11.7171 95
11.7171 96
11.7215 87
11.7215 88
11.726 89
11.726 90
11.7304 91
11.7304 92
11.7348 93
11.7348 94
11.7392 95
11.7392 96
11.7435 87
11.7435 88
11.748 89
11.748 90
11.7524 91
11.7524 92
11.7569 93
11.7569 94
11.7613 95
11.7613 96
11.7656 87
11.7656 88
11.7701 89
11.7701 90
11.7744 87
11.7744 88
11.7789 89
11.7789 90
11.7833 91
11.7833 92
11.7878 93
11.7878 94
11.7922 95
11.7922 96
11.7965 87
11.7965 88
11.801 89
11.801 90
11.8054 91
11.8054 92
11.8098 93
11.8098 94
11.8142 95
11.8142 96
11.8186 87
11.8186 88
11.8231 89
11.8231 90
11.8275 91
11.8275 92
11.8319 93
11.8319 94
11.8363 95
11.8363 96
11.8407 87
11.8407 88
11.8451 89
11.8451 90
11.8496 91
11.8496 92
11.854 93
11.854 94
11.8584 95
11.8584 96
11.8628 87
11.8628 88
11.8672 89
11.8672 90
11.8716 91
11.8716 92
11.876 93
11.876 94
11.8805 95
11.8805 96
11.8848 87
11.8848 88
11.8893 89
11.8893 90
11.8937 91
11.8937 92
11.8981 93
11.8981 94
11.9025 95
11.9025 96
11.9069 87
11.9069 88
11.9113 89
11.9113 90
11.9158 91
11.9158 92
11.9202 93
11.9202 94
11.9246 95
11.9246 96
11.929 87
11.929 88
11.9334 89
11.9334 90
11.9378 91
11.9378 92
11.9422 93
11.9422 94
11.9467 95
11.9467 96
11.9511 97
11.9511 98
11.9555 89
11.9555 90
11.9599 91
11.9599 92
11.9643 93
11.9643 94
11.9687 95
11.9687 96
11.9731 97
11.9731 98
11.9776 89
11.9776 90
11.982 91
11.982 92
11.9864 93
11.9864 94
11.9908 95
11.9908 96
11.9952 97
11.9952 98
11.9996 89
11.9996 90
12.004 91
12.004 92
12.0085 93
12.0085 94
12.0129 95
12.0129 96
12.0173 97
12.0173 98
12.0217 89
12.0217 90
12.0261 91
12.0261 92
12.0305 93
12.0305 94
12.0349 95
12.0349 96
12.0394 97
12.0394 98
12.0438 89
12.0438 90
12.0482 91
12.0482 92
12.0526 93
12.0526 94
12.057 95
12.057 96
12.0614 97
12.0614 98
12.0658 89
12.0658 90
12.0703 91
12.0703 92
12.0747 93
12.0747 94
12.0791 95
12.0791 96
12.0835 97
12.0835 98
12.0879 89
12.0879 90
12.0923 91
12.0923 92
12.0967 93
12.0967 94
12.1012 95
12.1012 96
12.1056 97
12.1056 98
12.11 89
12.11 90
12.1144 91
12.1144 92
12.1188 93
12.1188 94
12.1232 95
12.1232 96
12.1276 97
12.1276 98
12.132 89
12.132 90
12.1365 91
12.1365 92
12.1409 93
12.1409 94
12.1453 95
12.1453 96
12.1497 97
12.1497 98
12.1541 89
12.1541 90
12.1585 91
12.1585 92
12.1629 88
12.1629 89
12.1674 90
12.1674 91
12.1718 92
12.1718 93
12.1762 94
12.1762 95
12.1806 96
12.1806 97
12.185 88
12.185 89
12.1894 90
12.1894 91
12.1938 92
12.1938 93
12.1983 94
12.1983 95
12.2027 96
12.2027 97
12.2071 88
12.2071 89
12.2115 90
12.2115 91
12.2159 92
12.2159 93
12.2203 94
12.2203 95
12.2247 96
12.2247 97
12.2292 88
12.2292 89
12.2336 90
12.2336 91
12.238 92
12.238 93
12.2424 94
12.2424 95
12.2468 96
12.2468 97
12.2512 88
12.2512 89
12.2556 90
12.2556 91
12.2601 92
12.2601 93
12.2645 94
12.2645 95
12.2689 96
12.2689 97
12.2733 88
12.2733 89
12.2777 90
12.2777 91
12.2821 92
12.2821 93
12.2865 94
12.2865 95
12.291 96
12.291 97
12.2954 88
12.2954 89
12.2998 90
12.2998 91
12.3042 92
12.3042 93
12.3086 94
12.3086 95
12.313 96
12.313 97
12.3174 88
12.3174 89
12.3219 90
12.3219 91
12.3263 92
12.3263 93
12.3307 94
12.3307 95
12.3351 96
12.3351 97
12.3395 88
12.3395 89
12.3439 90
12.3439 91
12.3483 92
12.3483 93
12.3527 94
12.3527 95
12.3572 96
12.3572 97
12.3616 88
12.3616 89
12.366 90
12.366 91
12.3704 92
12.3704 93
12.3748 94
12.3748 95
12.3792 96
12.3792 97
12.3836 88
12.3836 89
12.3881 90
12.3881 91
12.3925 92
12.3925 93
12.3969 94
12.3969 95
12.4013 96
12.4013 97
12.4057 88
12.4057 89
12.4101 90
12.4101 91
12.4145 92
12.4145 93
12.419 94
12.419 95
12.4234 96
12.4234 97
12.4278 88
12.4278 89
12.4322 90
12.4322 91
12.4366 92
12.4366 93
12.441 94
12.441 95
12.4454 96
12.4454 97
12.4499 88
12.4499 89
12.4543 90
12.4543 91
12.4587 92
12.4587 93
12.4631 94
12.4631 95
12.4675 96
12.4675 97
12.4719 88
12.4719 89
12.4763 90
12.4763 91
12.4808 92
12.4808 93
12.4852 94
12.4852 95
12.4896 96
12.4896 97
12.494 88
12.494 89
12.4984 90
12.4984 91
12.5028 92
12.5028 93
12.5072 94
12.5072 95
12.5117 96
12.5117 97
12.5161 88
12.5161 89
12.5205 90
12.5205 91
12.5249 92
12.5249 93
12.5293 94
12.5293 95
12.5337 96
12.5337 97
12.5381 88
12.5381 89
12.5426 90
12.5426 91
12.547 92
12.547 93
12.5514 94
12.5514 95
12.5558 96
12.5558 97
12.5602 88
12.5602 89
12.5646 90
12.5646 91
12.569 92
12.569 93
12.5734 94
12.5734 95
12.5779 96
12.5779 97
12.5823 88
12.5823 89
12.5867 90
12.5867 91
12.5911 92
12.5911 93
12.5955 94
12.5955 95
12.5999 96
12.5999 97
12.6043 88
12.6043 89
12.6088 90
12.6088 91
12.6132 92
12.6132 93
12.6176 94
12.6176 95
12.622 96
12.622 97
12.6264 88
12.6264 89
12.6308 90
12.6308 91
12.6352 92
12.6352 93
12.6397 94
12.6397 95
12.6441 96
12.6441 97
12.6485 88
12.6485 89
12.652 90
12.652 91
12.6554 88
12.6554 89
12.6591 90
12.6591 91
12.6626 92
12.6626 93
12.6661 94
12.6661 95
12.6697 96
12.6697 97
12.6732 98
12.6732 99
12.6767 100
12.6803 92
12.6803 93
12.6838 94
12.6838 95
12.6873 96
12.6873 97
12.6909 98
12.6909 99
12.6944 100
12.6979 101
12.6979 102
12.7015 94
12.7015 95
12.705 96
12.705 97
12.7085 98
12.7085 99
12.7121 100
12.7156 101
12.7156 102
12.7191 103
12.7191 104
12.7217 96
12.7217 97
12.7262 98
12.7262 99
12.7297 100
12.7333 101
12.7333 102
12.7368 103
12.7368 104
12.7403 105
12.7403 106
12.7437 98
12.7437 99
12.7474 100
12.7509 101
12.7509 102
12.7544 103
12.7544 104
12.758 105
12.758 106
12.7615 107
12.7615 108
12.765 109
12.765 110
12.7686 101
12.7686 102
12.7721 103
12.7721 104
12.7756 105
12.7756 106
12.7792 107
12.7792 108
12.7827 109
12.7827 110
12.7862 111
12.7898 103
12.7898 104
12.7933 105
12.7933 106
12.7968 107
12.7968 108
12.8004 109
12.8004 110
12.8039 111
12.8074 112
12.8074 113
12.81 105
12.81 106
12.8145 107
12.8145 108
12.818 109
12.818 110
12.8216 111
12.8251 112
12.8251 113
12.8286 114
12.8286 115
12.8321 107
12.8321 108
12.8357 109
12.8357 110
12.8392 111
12.8427 112
12.8427 113
12.8463 114
12.8463 115
12.8498 116
12.8498 117
12.8533 118
12.8533 119
12.8569 111
12.8604 112
12.8604 113
12.8639 114
12.8639 115
12.8675 116
12.8675 117
12.871 118
12.871 119
12.8745 120
12.8745 121
12.8781 112
12.8781 113
12.884 114
12.884 115
12.8898 116
12.8898 117
12.8957 118
12.8957 119
12.9016 111
12.9075 112
12.9075 113
12.9134 114
12.9134 115
12.9193 116
12.9193 117
12.9252 109
12.9252 110
12.931 111
12.9369 112
12.9369 113
12.9425 105
12.9425 106
12.9487 107
12.9487 108
12.9546 109
12.9546 110
12.9605 111
12.9664 103
12.9664 104
12.9722 105
12.9722 106
12.9781 107
12.9781 108
12.984 109
12.984 110
12.9899 101
12.9899 102
12.9958 103
12.9958 104
13.0017 105
13.0017 106
13.0076 107
13.0076 108
13.0134 99
13.0134 100
13.0193 101
13.0193 102
13.0252 103
13.0252 104
13.0308 96
13.0308 97
13.037 98
13.037 99
13.0429 95
13.0429 96
13.0488 97
13.0488 98
13.0546 99
13.0605 100
13.0605 101
13.0664 93
13.0664 94
13.0723 95
13.0723 96
13.0782 97
13.0782 98
13.0841 99
13.09 91
13.09 92
13.0944 93
13.0944 94
13.0988 95
13.0988 96
13.1032 97
13.1032 98
13.1076 99
13.112 91
13.112 92
13.1164 93
13.1164 94
13.1209 95
13.1209 96
13.1253 97
13.1253 98
13.1297 99
13.1341 91
13.1341 92
13.1385 93
13.1385 94
13.1429 95
13.1429 96
13.1473 97
13.1473 98
13.1518 99
13.1562 91
13.1562 92
13.1606 93
13.1606 94
13.165 95
13.165 96
13.1694 97
13.1694 98
13.1738 99
13.1782 91
13.1782 92
13.1827 93
13.1827 94
13.1871 95
13.1871 96
13.1915 97
13.1915 98
13.1959 99
13.2003 91
13.2003 92
13.2047 93
13.2047 94
13.2091 95
13.2091 96
13.2136 97
13.2136 98
13.218 99
13.2224 91
13.2224 92
13.2268 93
13.2268 94
13.2312 95
13.2312 96
13.2356 97
13.2356 98
13.24 99
13.2445 91
13.2445 92
13.2489 93
13.2489 94
13.2533 95
13.2533 96
13.2577 97
13.2577 98
13.2621 99
13.2665 91
13.2665 92
13.2709 93
13.2709 94
13.2754 95
13.2754 96
13.2798 97
13.2798 98
13.2842 99
13.2886 91
13.2886 92
13.293 93
13.293 94
13.2974 95
13.2974 96
13.3018 97
13.3018 98
13.3062 99
13.3107 91
13.3107 92
13.3151 93
13.3151 94
13.3195 95
13.3195 96
13.3239 97
13.3239 98
13.3283 99
13.3327 91
13.3327 92
13.3371 93
13.3371 94
13.3416 95
13.3416 96
13.346 97
13.346 98
13.3504 99
13.3548 91
13.3548 92
13.3592 93
13.3592 94
13.3636 95
13.3636 96
13.368 97
13.368 98
13.3725 99
13.3769 91
13.3769 92
13.3813 93
13.3813 94
13.3857 95
13.3857 96
13.3901 97
13.3901 98
13.3945 99
13.3989 91
13.3989 92
13.4034 93
13.4034 94
13.4078 95
13.4078 96
13.4122 97
13.4122 98
13.4166 99
13.421 91
13.421 92
13.4254 93
13.4254 94
13.4298 95
13.4298 96
13.4343 97
13.4343 98
13.4387 99
13.4431 91
13.4431 92
13.4475 93
13.4475 94
13.4519 95
13.4519 96
13.4563 97
13.4563 98
13.4607 99
13.4652 91
13.4652 92
13.4696 93
13.4696 94
13.474 95
13.474 96
13.4784 97
13.4784 98
13.4828 99
13.4872 91
13.4872 92
13.4916 93
13.4916 94
13.4961 95
13.4961 96
13.5005 97
13.5005 98
13.5049 99
13.5093 91
13.5093 92
13.5137 93
13.5137 94
13.5181 95
13.5181 96
13.5225 97
13.5225 98
13.5269 99
13.5314 91
13.5314 92
13.5358 93
13.5358 94
13.5402 91
13.5402 92
13.5446 93
13.5446 94
13.549 95
13.549 96
13.5534 97
13.5534 98
13.5578 99
13.5623 91
13.5623 92
13.5667 93
13.5667 94
13.5711 95
13.5711 96
13.5755 97
13.5755 98
13.5799 99
13.5843 91
13.5843 92
13.5887 93
13.5887 94
13.5932 95
13.5932 96
13.5976 97
13.5976 98
13.602 99
13.6064 91
13.6064 92
13.6108 93
13.6108 94
13.6152 95
13.6152 96
13.6196 97
13.6196 98
13.6241 99
13.6285 91
13.6285 92
13.6329 93
13.6329 94
13.6373 95
13.6373 96
13.6417 97
13.6417 98
13.6461 99
13.6505 91
13.6505 92
13.655 93
13.655 94
13.6594 95
13.6594 96
13.6638 97
13.6638 98
13.6682 99
13.6726 91
13.6726 92
13.677 93
13.677 94
13.6814 95
13.6814 96
13.6859 97
13.6859 98
13.6903 99
13.6947 91
13.6947 92
13.6991 93
13.6991 94
13.7035 95
13.7035 96
13.7079 97
13.7079 98
13.7123 99
13.7168 91
13.7168 92
13.7212 93
13.7212 94
13.7256 95
13.7256 96
13.73 97
13.73 98
13.7344 99
13.7388 91
13.7388 92
13.7432 93
13.7432 94
13.7476 95
13.7476 96
13.7521 97
13.7521 98
13.7565 99
13.7609 91
13.7609 92
13.7653 93
13.7653 94
13.7697 95
13.7697 96
13.7741 97
13.7741 98
13.7785 99
13.783 91
13.783 92
13.7874 93
13.7874 94
13.7918 95
13.7918 96
13.7962 97
13.7962 98
13.8006 99
13.805 91
13.805 92
13.8094 93
13.8094 94
13.8139 95
13.8139 96
13.8183 97
13.8183 98
13.8227 99
13.8271 91
13.8271 92
13.8315 93
13.8315 94
13.8359 95
13.8359 96
13.8403 97
13.8403 98
13.8448 99
13.8492 91
13.8492 92
13.8536 93
13.8536 94
13.858 95
13.858 96
13.8624 97
13.8624 98
13.8668 99
13.8712 91
13.8712 92
13.8757 93
13.8757 94
13.8801 95
13.8801 96
13.8845 97
13.8845 98
13.8889 99
13.8933 91
13.8933 92
13.8977 93
13.8977 94
13.9021 95
13.9021 96
13.9066 97
13.9066 98
13.911 99
13.9154 91
13.9154 92
13.9198 93
13.9198 94
13.9242 90
13.9242 91
13.9286 92
13.9286 93
13.933 94
13.933 95
13.9375 96
13.9375 97
13.9419 98
13.9419 99
13.9463 90
13.9463 91
13.9507 92
13.9507 93
13.9551 94
13.9551 95
13.9595 96
13.9595 97
13.9639 98
13.9639 99
13.9683 90
13.9683 91
13.9728 92
13.9728 93
13.9772 94
13.9772 95
13.9816 96
13.9816 97
13.986 98
13.986 99
13.9904 90
13.9904 91
13.9948 92
13.9948 93
13.9992 94
13.9992 95
14.0037 96
14.0037 97
14.0081 98
14.0081 99
14.0125 90
14.0125 91
14.0169 92
14.0169 93
14.0213 94
14.0213 95
14.0257 96
14.0257 97
14.0301 98
14.0301 99
14.0346 90
14.0346 91
14.039 92
14.039 93
14.0434 94
14.0434 95
14.0478 96
14.0478 97
14.0522 98
14.0522 99
14.0566 90
14.0566 91
14.061 92
14.061 93
14.0655 94
14.0655 95
14.0699 96
14.0699 97
14.0743 98
14.0743 99
14.0787 90
14.0787 91
14.0831 92
14.0831 93
14.0875 94
14.0875 95
14.0919 96
14.0919 97
14.0964 98
14.0964 99
14.1008 90
14.1008 91
14.1052 92
14.1052 93
14.1096 94
14.1096 95
14.114 96
14.114 97
14.1184 98
14.1184 99
14.1228 90
14.1228 91
14.1273 92
14.1273 93
14.1317 94
14.1317 95
14.1361 96
14.1361 97
14.1405 98
14.1405 99
14.1449 90
14.1449 91
14.1493 92
14.1493 93
14.1537 94
14.1537 95
14.1582 96
14.1582 97
14.1626 98
14.1626 99
14.167 90
14.167 91
14.1714 92
14.1714 93
14.1758 94
14.1758 95
14.1802 96
14.1802 97
14.1846 98
14.1846 99
14.189 90
14.189 91
14.1935 92
14.1935 93
14.1979 94
14.1979 95
14.2023 96
14.2023 97
14.2067 98
14.2067 99
14.2111 90
14.2111 91
14.2155 92
14.2155 93
14.2199 94
14.2199 95
14.2244 96
14.2244 97
14.2288 98
14.2288 99
14.2332 90
14.2332 91
14.2376 92
14.2376 93
14.242 94
14.242 95
14.2464 96
14.2464 97
14.2508 98
14.2508 99
14.2553 90
14.2553 91
14.2597 92
14.2597 93
14.2641 94
14.2641 95
14.2685 96
14.2685 97
14.2729 98
14.2729 99
14.2773 90
14.2773 91
14.2817 92
14.2817 93
14.2862 94
14.2862 95
14.2906 96
14.2906 97
14.295 98
14.295 99
14.2994 90
14.2994 91
14.3038 92
14.3038 93
14.3082 94
14.3082 95
14.3126 96
14.3126 97
14.3171 98
14.3171 99
14.3215 90
14.3215 91
14.3259 92
14.3259 93
14.3303 94
14.3303 95
14.3347 96
14.3347 97
14.3391 98
14.3391 99
14.3435 90
14.3435 91
14.348 92
14.348 93
14.3524 94
14.3524 95
14.3568 96
14.3568 97
14.3612 98
14.3612 99
14.3656 90
14.3656 91
14.37 92
14.37 93
14.3744 94
14.3744 95
14.3789 96
14.3789 97
14.3833 98
14.3833 99
14.3877 90
14.3877 91
14.3921 92
14.3921 93
14.3965 94
14.3965 95
14.4009 96
14.4009 97
14.4053 98
14.4053 99
14.4097 90
14.4097 91
14.4133 92
14.4133 93
14.4168 94
14.4168 95
14.4203 92
14.4203 93
14.4239 94
14.4239 95
14.4274 96
14.4274 97
14.4309 98
14.4309 99
14.4345 100
14.438 101
14.438 102
14.4415 94
14.4415 95
14.4451 96
14.4451 97
14.4486 98
14.4486 99
14.4521 100
14.4557 101
14.4557 102
14.4592 103
14.4592 104
14.4627 96
14.4627 97
14.4663 98
14.4663 99
14.4698 100
14.4733 101
14.4733 102
14.4769 103
14.4769 104
14.4804 105
14.4804 106
14.4837 98
14.4837 99
14.4875 100
14.491 101
14.491 102
14.4945 103
14.4945 104
14.498 105
14.498 106
14.5016 107
14.5016 108
14.5051 109
14.5051 110
14.5086 101
14.5086 102
14.5122 103
14.5122 104
14.5157 105
14.5157 106
14.5192 107
14.5192 108
14.5228 109
14.5228 110
14.5263 111
14.5298 103
14.5298 104
14.5334 105
14.5334 106
14.5369 107
14.5369 108
14.5404 109
14.5404 110
14.544 111
14.5475 112
14.5475 113
14.551 105
14.551 106
14.5546 107
14.5546 108
14.5581 109
14.5581 110
14.5616 111
14.5652 112
14.5652 113
14.5687 114
14.5687 115
14.572 107
14.572 108
14.5758 109
14.5758 110
14.5793 111
14.5828 112
14.5828 113
14.5863 114
14.5863 115
14.5899 116
14.5899 117
14.5934 118
14.5934 119
14.5969 111
14.6005 112
14.6005 113
14.604 114
14.604 115
14.6075 116
14.6075 117
14.6111 118
14.6111 119
14.6146 120
14.6146 121
14.6181 112
14.6181 113
14.6217 114
14.6217 115
14.6252 116
14.6252 117
14.6287 118
14.6287 119
14.6323 120
14.6323 121
14.6358 122
14.6358 123
14.6393 114
14.6393 115
14.6452 116
14.6452 117
14.6511 118
14.6511 119
14.657 120
14.657 121
14.6629 112
14.6629 113
14.6688 114
14.6688 115
14.6746 116
14.6746 117
14.6805 118
14.6805 119
14.6864 111
14.6923 112
14.6923 113
14.6982 114
14.6982 115
14.7041 116
14.7041 117
14.71 109
14.71 110
14.7158 111
14.7217 112
14.7217 113
14.7276 105
14.7276 106
14.7335 107
14.7335 108
14.7394 109
14.7394 110
14.7453 111
14.7512 103
14.7512 104
14.757 105
14.757 106
14.7629 107
14.7629 108
14.7688 109
14.7688 110
14.7747 101
14.7747 102
14.7806 103
14.7806 104
14.7865 105
14.7865 106
14.7924 107
14.7924 108
14.7983 99
14.7983 100
14.8038 97
14.8038 98
14.81 99
14.8159 100
14.8159 101
14.8218 102
14.8218 103
14.8277 95
14.8277 96
14.8336 97
14.8336 98
14.8395 99
14.8453 100
14.8453 101
14.8512 93
14.8512 94
14.8556 95
14.8556 96
14.8601 97
14.8601 98
14.8645 99
14.8689 100
14.8689 101
14.8733 93
14.8733 94
14.8777 95
14.8777 96
14.8821 97
14.8821 98
14.8865 99
14.891 100
14.891 101
14.8954 93
14.8954 94
14.8998 95
14.8998 96
14.9042 97
14.9042 98
14.9086 99
14.913 100
14.913 101
14.9174 93
14.9174 94
14.9218 95
14.9218 96
14.9263 97
14.9263 98
14.9307 99
14.9351 100
14.9351 101
14.9395 93
14.9395 94
14.9439 95
14.9439 96
14.9483 97
14.9483 98
14.9527 99
14.9572 100
14.9572 101
14.9616 93
14.9616 94
14.966 95
14.966 96
14.9704 97
14.9704 98
14.9748 99
14.9792 100
14.9792 101
14.9836 93
14.9836 94
14.9881 95
14.9881 96
14.9925 97
14.9925 98
14.9969 99
15.0013 100
15.0013 101
15.0057 93
15.0057 94
15.0101 95
15.0101 96
15.0145 97
15.0145 98
15.019 99
15.0234 100
15.0234 101
15.0278 93
15.0278 94
15.0322 95
15.0322 96
15.0366 97
15.0366 98
15.041 99
15.0454 100
15.0454 101
15.0499 93
15.0499 94
15.0543 95
15.0543 96
15.0587 97
15.0587 98
15.0631 99
15.0675 100
15.0675 101
15.0719 93
15.0719 94
15.0763 95
15.0763 96
15.0808 97
15.0808 98
15.0852 99
15.0896 100
15.0896 101
15.094 93
15.094 94
15.0984 95
15.0984 96
15.1028 97
15.1028 98
15.1072 99
15.1117 100
15.1117 101
15.1161 93
15.1161 94
15.1205 95
15.1205 96
15.1249 97
15.1249 98
15.1293 99
15.1337 100
15.1337 101
15.1381 93
15.1381 94
15.1425 95
15.1425 96
15.147 97
15.147 98
15.1514 99
15.1558 100
15.1558 101
15.1602 93
15.1602 94
15.1646 95
15.1646 96
15.169 97
15.169 98
15.1734 99
15.1779 100
15.1779 101
15.1823 93
15.1823 94
15.1867 95
15.1867 96
15.1911 97
15.1911 98
15.1955 99
15.1999 100
15.1999 101
15.2043 93
15.2043 94
15.2088 95
15.2088 96
15.2132 97
15.2132 98
15.2176 99
15.222 100
15.222 101
15.2264 93
15.2264 94
15.2308 95
15.2308 96
15.2352 97
15.2352 98
15.2397 99
15.2441 100
15.2441 101
15.2485 93
15.2485 94
15.2529 95
15.2529 96
15.2573 97
15.2573 98
15.2617 99
15.2661 100
15.2661 101
15.2706 93
15.2706 94
15.275 95
15.275 96
15.2794 97
15.2794 98
15.2838 99
15.2882 100
15.2882 101
15.2926 93
15.2926 94
15.297 95
15.297 96
15.3015 93
15.3015 94
15.3059 95
15.3059 96
15.3103 97
15.3103 98
15.3147 99
15.3191 100
15.3191 101
15.3235 93
15.3235 94
15.3279 95
15.3279 96
15.3324 97
15.3324 98
15.3368 99
15.3412 100
15.3412 101
15.3456 93
15.3456 94
15.35 95
15.35 96
15.3544 97
15.3544 98
15.3588 99
15.3632 100
15.3632 101
15.3677 93
15.3677 94
15.3721 95
15.3721 96
15.3765 97
15.3765 98
15.3809 99
15.3853 100
15.3853 101
15.3897 93
15.3897 94
15.3941 95
15.3941 96
15.3986 97
15.3986 98
15.403 99
15.4074 100
15.4074 101
15.4118 93
15.4118 94
15.4162 95
15.4162 96
15.4206 97
15.4206 98
15.425 99
15.4295 100
15.4295 101
15.4339 93
15.4339 94
15.4383 95
15.4383 96
15.4427 97
15.4427 98
15.4471 99
15.4515 100
15.4515 101
15.4559 93
15.4559 94
15.4604 95
15.4604 96
15.4648 97
15.4648 98
15.4692 99
15.4736 100
15.4736 101
15.478 93
15.478 94
15.4824 95
15.4824 96
15.4868 97
15.4868 98
15.4913 99
15.4957 100
15.4957 101
15.5001 93
15.5001 94
15.5045 95
15.5045 96
15.5089 97
15.5089 98
15.5133 99
15.5177 100
15.5177 101
15.5222 93
15.5222 94
15.5266 95
15.5266 96
15.531 97
15.531 98
15.5354 99
15.5398 100
15.5398 101
15.5442 93
15.5442 94
15.5486 95
15.5486 96
15.5531 97
15.5531 98
15.5575 99
15.5619 100
15.5619 101
15.5663 93
15.5663 94
15.5707 95
15.5707 96
15.5751 97
15.5751 98
15.5795 99
15.5839 100
15.5839 101
15.5884 93
15.5884 94
15.5928 95
15.5928 96
15.5972 97
15.5972 98
15.6016 99
15.606 100
15.606 101
15.6104 93
15.6104 94
15.6148 95
15.6148 96
15.6193 97
15.6193 98
15.6237 99
15.6281 100
15.6281 101
15.6325 93
15.6325 94
15.6369 95
15.6369 96
15.6413 97
15.6413 98
15.6457 99
15.6502 100
15.6502 101
15.6546 93
15.6546 94
15.659 95
15.659 96
15.6634 97
15.6634 98
15.6678 99
15.6722 100
15.6722 101
15.6766 93
15.6766 94
15.6811 95
15.6811 96
15.6848 92
15.6848 93
15.6899 94
15.6899 95
15.6943 96
15.6943 97
15.6987 98
15.6987 99
15.7031 100
15.7069 92
15.7069 93
15.712 94
15.712 95
15.7164 96
15.7164 97
15.7208 98
15.7208 99
15.7252 100
15.729 92
15.729 93
15.734 94
15.734 95
15.7384 96
15.7384 97
15.7429 98
15.7429 99
15.7473 100
15.751 92
15.751 93
15.7561 94
15.7561 95
15.7605 96
15.7605 97
15.7649 98
15.7649 99
15.7693 100
15.7731 92
15.7731 93
15.7782 94
15.7782 95
15.7826 96
15.7826 97
15.787 98
15.787 99
15.7914 100
15.7952 92
15.7952 93
15.8002 94
15.8002 95
15.8046 96
15.8046 97
15.8091 98
15.8091 99
15.8135 100
15.8173 92
15.8173 93
15.8223 94
15.8223 95
15.8267 96
15.8267 97
15.8311 98
15.8311 99
15.8355 100
15.8394 92
15.8394 93
15.8444 94
15.8444 95
15.8488 96
15.8488 97
15.8532 98
15.8532 99
15.8576 100
15.8614 92
15.8614 93
15.8664 94
15.8664 95
15.8709 96
15.8709 97
15.8753 98
15.8753 99
15.8797 100
15.8835 92
15.8835 93
15.8885 94
15.8885 95
15.8929 96
15.8929 97
15.8973 98
15.8973 99
15.9018 100
15.9056 92
15.9056 93
15.9106 94
15.9106 95
15.915 96
15.915 97
15.9194 98
15.9194 99
15.9238 100
15.9277 92
15.9277 93
15.9327 94
15.9327 95
15.9371 96
15.9371 97
15.9415 98
15.9415 99
15.9459 100
15.9498 92
15.9498 93
15.9547 94
15.9547 95
15.9591 96
15.9591 97
15.9636 98
15.9636 99
15.968 100
15.9718 92
15.9718 93
15.9768 94
15.9768 95
15.9812 96
15.9812 97
15.9856 98
15.9856 99
15.99 100
15.9939 92
15.9939 93
15.9989 94
15.9989 95
16.0033 96
16.0033 97
16.0077 98
16.0077 99
16.0121 100
16.016 92
16.016 93
16.0209 94
16.0209 95
16.0253 96
16.0253 97
16.0298 98
16.0298 99
16.0342 100
16.0381 92
16.0381 93
16.043 94
16.043 95
16.0474 96
16.0474 97
16.0518 98
16.0518 99
16.0562 100
16.0602 92
16.0602 93
16.0651 94
16.0651 95
16.0695 96
16.0695 97
16.0739 98
16.0739 99
16.0783 100
16.0822 92
16.0822 93
16.0871 94
16.0871 95
16.0916 96
16.0916 97
16.096 98
16.096 99
16.1004 100
16.1043 92
16.1043 93
16.1092 94
16.1092 95
16.1136 96
16.1136 97
16.118 98
16.118 99
16.1225 100
16.1264 92
16.1264 93
16.1313 94
16.1313 95
16.1357 96
16.1357 97
16.1401 98
16.1401 99
16.1445 100
16.1485 92
16.1485 93
16.1534 94
16.1534 95
16.1578 96
16.1578 97
16.1622 98
16.1622 99
16.1666 100
16.1706 92
16.1706 93
16.1745 94
16.1745 95
16.1781 96
16.1781 97
16.1816 94
16.1816 95
16.1851 96
16.1851 97
16.1887 98
16.1887 99
16.1922 100
16.1957 101
16.1957 102
16.1993 103
16.1993 104
16.2028 96
16.2028 97
16.2063 98
16.2063 99
16.2099 100
16.2134 101
16.2134 102
16.2169 103
16.2169 104
16.2205 105
16.2205 106
16.2236 98
16.2236 99
16.2275 100
16.2311 101
16.2311 102
16.2346 103
16.2346 104
16.2381 105
16.2381 106
16.2417 107
16.2417 108
16.2452 109
16.2452 110
16.2487 101
16.2487 102
16.2522 103
16.2522 104
16.2558 105
16.2558 106
16.2593 107
16.2593 108
16.2628 109
16.2628 110
16.2664 111
16.2699 103
16.2699 104
16.2734 105
16.2734 106
16.277 107
16.277 108
16.2805 109
16.2805 110
16.284 111
16.2876 112
16.2876 113
16.2911 105
16.2911 106
16.2946 107
16.2946 108
16.2982 109
16.2982 110
16.3017 111
16.3052 112
16.3052 113
16.3088 114
16.3088 115
16.3119 107
16.3119 108
16.3158 109
16.3158 110
16.3194 111
16.3229 112
16.3229 113
16.3264 114
16.3264 115
16.33 116
16.33 117
16.3335 118
16.3335 119
16.337 111
16.3405 112
16.3405 113
16.3441 114
16.3441 115
16.3476 116
16.3476 117
16.3511 118
16.3511 119
16.3547 120
16.3547 121
16.3582 112
16.3582 113
16.3617 114
16.3617 115
16.3653 116
16.3653 117
16.3688 118
16.3688 119
16.3723 120
16.3723 121
16.3759 122
16.3759 123
16.3794 114
16.3794 115
16.3829 116
16.3829 117
16.3865 118
16.3865 119
16.39 120
16.39 121
16.3935 122
16.3935 123
16.3971 124
16.4002 116
16.4002 117
16.4065 118
16.4065 119
16.4124 120
16.4124 121
16.4182 122
16.4182 123
16.4241 114
16.4241 115
16.43 116
16.43 117
16.4359 118
16.4359 119
16.4418 120
16.4418 121
16.4477 112
16.4477 113
16.4536 114
16.4536 115
16.4595 116
16.4595 117
16.4653 118
16.4653 119
16.4712 111
16.4771 112
16.4771 113
16.483 114
16.483 115
16.4885 107
16.4885 108
16.4948 109
16.4948 110
16.5007 111
16.5065 112
16.5065 113
16.5124 105
16.5124 106
16.5183 107
16.5183 108
16.5242 109
16.5242 110
16.5301 111
16.536 103
16.536 104
16.5419 105
16.5419 106
16.5477 107
16.5477 108
16.5536 109
16.5536 110
16.5595 101
16.5595 102
16.5654 103
16.5654 104
16.5713 100
16.5713 101
16.5772 102
16.5772 103
16.5831 104
16.5831 105
16.5889 97
16.5889 98
16.5948 99
16.6007 100
16.6007 101
16.6066 102
16.6066 103
16.6125 95
16.6125 96
16.6169 97
16.6169 98
16.6213 99
16.6257 100
16.6257 101
16.6301 102
16.6301 103
16.6346 95
16.6346 96
16.639 97
16.639 98
16.6434 99
16.6478 100
16.6478 101
16.6522 102
16.6522 103
16.6566 95
16.6566 96
16.661 97
16.661 98
16.6655 99
16.6699 100
16.6699 101
16.6743 102
16.6743 103
16.6787 95
16.6787 96
16.6831 97
16.6831 98
16.6875 99
16.6919 100
16.6919 101
16.6964 102
16.6964 103
16.7008 95
16.7008 96
16.7052 97
16.7052 98
16.7096 99
16.714 100
16.714 101
16.7184 102
16.7184 103
16.7228 95
16.7228 96
16.7273 97
16.7273 98
16.7317 99
16.7361 100
16.7361 101
16.7405 102
16.7405 103
16.7449 95
16.7449 96
16.7493 97
16.7493 98
16.7537 99
16.7582 100
16.7582 101
16.7626 102
16.7626 103
16.767 95
16.767 96
16.7714 97
16.7714 98
16.7758 99
16.7802 100
16.7802 101
16.7846 102
16.7846 103
16.789 95
16.789 96
16.7935 97
16.7935 98
16.7979 99
16.8023 100
16.8023 101
16.8067 102
16.8067 103
16.8111 95
16.8111 96
16.8155 97
16.8155 98
16.8199 99
16.8244 100
16.8244 101
16.8288 102
16.8288 103
16.8332 95
16.8332 96
16.8376 97
16.8376 98
16.842 99
16.8464 100
16.8464 101
16.8508 102
16.8508 103
16.8553 95
16.8553 96
16.8597 97
16.8597 98
16.8641 99
16.8685 100
16.8685 101
16.8729 102
16.8729 103
16.8773 95
16.8773 96
16.8817 97
16.8817 98
16.8862 99
16.8906 100
16.8906 101
16.895 102
16.895 103
16.8994 95
16.8994 96
16.9038 97
16.9038 98
16.9082 99
16.9126 100
16.9126 101
16.9171 102
16.9171 103
16.9215 95
16.9215 96
16.9259 97
16.9259 98
16.9303 99
16.9347 100
16.9347 101
16.9391 102
16.9391 103
16.9435 95
16.9435 96
16.948 97
16.948 98
16.9524 99
16.9568 100
16.9568 101
16.9612 102
16.9612 103
16.9656 95
16.9656 96
16.97 97
16.97 98
16.9744 99
16.9788 100
16.9788 101
16.9833 102
16.9833 103
16.9877 95
16.9877 96
16.9921 97
16.9921 98
16.9965 99
17.0009 100
17.0009 101
17.0053 102
17.0053 103
17.0097 95
17.0097 96
17.0142 97
17.0142 98
17.0186 99
17.023 100
17.023 101
17.0274 102
17.0274 103
17.0318 95
17.0318 96
17.0362 97
17.0362 98
17.0406 99
17.0451 100
17.0451 101
17.0495 102
17.0495 103
17.0539 95
17.0539 96
17.0583 97
17.0583 98
17.0627 95
17.0627 96
17.0671 97
17.0671 98
17.0715 99
17.076 100
17.076 101
17.0804 102
17.0804 103
17.0848 95
17.0848 96
17.0892 97
17.0892 98
17.0936 99
17.098 100
17.098 101
17.1024 102
17.1024 103
17.1069 95
17.1069 96
17.1113 97
17.1113 98
17.1157 99
17.1201 100
17.1201 101
17.1245 102
17.1245 103
17.1289 95
17.1289 96
17.1333 97
17.1333 98
17.1378 99
17.1422 100
17.1422 101
17.1466 102
17.1466 103
17.151 95
17.151 96
17.1554 97
17.1554 98
17.1598 99
17.1642 100
17.1642 101
17.1687 102
17.1687 103
17.1731 95
17.1731 96
17.1775 97
17.1775 98
17.1819 99
17.1863 100
17.1863 101
17.1907 102
17.1907 103
17.1951 95
17.1951 96
17.1995 97
17.1995 98
17.204 99
17.2084 100
17.2084 101
17.2128 102
17.2128 103
17.2172 95
17.2172 96
17.2216 97
17.2216 98
17.226 99
17.2304 100
17.2304 101
17.2349 102
17.2349 103
17.2393 95
17.2393 96
17.2437 97
17.2437 98
17.2481 99
17.2525 100
17.2525 101
17.2569 102
17.2569 103
17.2613 95
17.2613 96
17.2658 97
17.2658 98
17.2702 99
17.2746 100
17.2746 101
17.279 102
17.279 103
17.2834 95
17.2834 96
17.2878 97
17.2878 98
17.2922 99
17.2967 100
17.2967 101
17.3011 102
17.3011 103
17.3055 95
17.3055 96
17.3099 97
17.3099 98
17.3143 99
17.3187 100
17.3187 101
17.3231 102
17.3231 103
17.3276 95
17.3276 96
17.332 97
17.332 98
17.3364 99
17.3408 100
17.3408 101
17.3452 102
17.3452 103
17.3496 95
17.3496 96
17.354 97
17.354 98
17.3585 99
17.3629 100
17.3629 101
17.3673 102
17.3673 103
17.3717 95
17.3717 96
17.3761 97
17.3761 98
17.3805 99
17.3849 100
17.3849 101
17.3894 102
17.3894 103
17.3938 95
17.3938 96
17.3982 97
17.3982 98
17.4026 99
17.407 100
17.407 101
17.4114 102
17.4114 103
17.4158 95
17.4158 96
17.4202 97
17.4202 98
17.4247 99
17.4291 100
17.4291 101
17.4335 102
17.4335 103
17.4379 95
17.4379 96
17.4423 97
17.4423 98
17.4467 99
17.4511 96
17.4511 97
17.4556 98
17.4556 99
17.46 100
17.4644 101
17.4644 102
17.4688 103
17.4688 104
17.4732 96
17.4732 97
17.4776 98
17.4776 99
17.482 100
17.4865 101
17.4865 102
17.4909 103
17.4909 104
17.4953 96
17.4953 97
17.4997 98
17.4997 99
17.5041 100
17.5085 101
17.5085 102
17.5129 103
17.5129 104
17.5174 96
17.5174 97
17.5218 98
17.5218 99
17.5262 100
17.5306 101
17.5306 102
17.535 103
17.535 104
17.5394 96
17.5394 97
17.5438 98
17.5438 99
17.5483 100
17.5527 101
17.5527 102
17.5571 103
17.5571 104
17.5615 96
17.5615 97
17.5659 98
17.5659 99
17.5703 100
17.5747 101
17.5747 102
17.5792 103
17.5792 104
17.5836 96
17.5836 97
17.588 98
17.588 99
17.5924 100
17.5968 101
17.5968 102
17.6012 103
17.6012 104
17.6056 96
17.6056 97
17.6101 98
17.6101 99
17.6145 100
17.6189 101
17.6189 102
17.6233 103
17.6233 104
17.6277 96
17.6277 97
17.6321 98
17.6321 99
17.6365 100
17.6409 101
17.6409 102
17.6454 103
17.6454 104
17.6498 96
17.6498 97
17.6542 98
17.6542 99
17.6586 100
17.663 101
17.663 102
17.6674 103
17.6674 104
17.6718 96
17.6718 97
17.6763 98
17.6763 99
17.6807 100
17.6851 101
17.6851 102
17.6895 103
17.6895 104
17.6939 96
17.6939 97
17.6983 98
17.6983 99
17.7027 100
17.7072 101
17.7072 102
17.7116 103
17.7116 104
17.716 96
17.716 97
17.7204 98
17.7204 99
17.7248 100
17.7292 101
17.7292 102
17.7336 103
17.7336 104
17.7381 96
17.7381 97
17.7425 98
17.7425 99
17.7469 100
17.7513 101
17.7513 102
17.7557 103
17.7557 104
17.7601 96
17.7601 97
17.7645 98
17.7645 99
17.769 100
17.7734 101
17.7734 102
17.7778 103
17.7778 104
17.7822 96
17.7822 97
17.7866 98
17.7866 99
17.791 100
17.7954 101
17.7954 102
17.7999 103
17.7999 104
17.8043 96
17.8043 97
17.8087 98
17.8087 99
17.8131 100
17.8175 101
17.8175 102
17.8219 103
17.8219 104
17.8263 96
17.8263 97
17.8308 98
17.8308 99
17.8352 100
17.8396 101
17.8396 102
17.844 103
17.844 104
17.8484 96
17.8484 97
17.8528 98
17.8528 99
17.8572 100
17.8616 101
17.8616 102
17.8661 103
17.8661 104
17.8705 96
17.8705 97
17.8749 98
17.8749 99
17.8793 100
17.8837 101
17.8837 102
17.8881 103
17.8881 104
17.8925 96
17.8925 97
17.897 98
17.897 99
17.9014 100
17.9058 101
17.9058 102
17.9102 103
17.9102 104
17.9146 96
17.9146 97
17.919 98
17.919 99
17.9234 100
17.9279 101
17.9279 102
17.9323 103
17.9323 104
17.9367 96
17.9367 97
17.9402 98
17.9402 99
17.9438 96
17.9438 97
17.9473 98
17.9473 99
17.9508 100
17.9543 101
17.9543 102
17.9579 103
17.9579 104
17.9614 105
17.9614 106
17.9649 98
17.9649 99
17.9685 100
17.972 101
17.972 102
17.9755 103
17.9755 104
17.9791 105
17.9791 106
17.9826 107
17.9826 108
17.9855 99
17.9855 100
17.9897 101
17.9897 102
17.9932 103
17.9932 104
17.9967 105
17.9967 106
18.0003 107
18.0003 108
18.0038 109
18.0038 110
18.0073 111
18.0109 103
18.0109 104
18.0144 105
18.0144 106
18.0179 107
18.0179 108
18.0215 109
18.0215 110
18.025 111
18.0285 112
18.0285 113
18.0321 105
18.0321 106
18.0356 107
18.0356 108
18.0391 109
18.0391 110
18.0426 111
18.0462 112
18.0462 113
18.0497 114
18.0497 115
18.0532 107
18.0532 108
18.0568 109
18.0568 110
18.0603 111
18.0638 112
18.0638 113
18.0674 114
18.0674 115
18.0709 116
18.0709 117
18.0739 109
18.0739 110
18.078 111
18.0815 112
18.0815 113
18.085 114
18.085 115
18.0886 116
18.0886 117
18.0921 118
18.0921 119
18.0956 120
18.0956 121
18.0992 112
18.0992 113
18.1027 114
18.1027 115
18.1062 116
18.1062 117
18.1098 118
18.1098 119
18.1133 120
18.1133 121
18.1168 122
18.1168 123
18.1204 114
18.1204 115
18.1239 116
18.1239 117
18.1274 118
18.1274 119
18.1309 120
18.1309 121
18.1345 122
18.1345 123
18.138 124
18.1415 116
18.1415 117
18.1451 118
18.1451 119
18.1486 120
18.1486 121
18.1521 122
18.1521 123
18.1557 124
18.1592 125
18.1592 126
18.1622 118
18.1622 119
18.1686 120
18.1686 121
18.1745 122
18.1745 123
18.1804 124
18.1863 116
18.1863 117
18.1922 118
18.1922 119
18.1981 120
18.1981 121
18.2039 122
18.2039 123
18.2098 114
18.2098 115
18.2157 116
18.2157 117
18.2216 118
18.2216 119
18.2275 120
18.2275 121
18.2334 112
18.2334 113
18.2393 114
18.2393 115
18.2451 116
18.2451 117
18.2505 109
18.2505 110
18.2569 111
18.2628 112
18.2628 113
18.2687 114
18.2687 115
18.2746 107
18.2746 108
18.2805 109
18.2805 110
18.2863 111
18.2922 112
18.2922 113
18.2981 105
18.2981 106
18.304 107
18.304 108
18.3099 109
18.3099 110
18.3158 111
18.3217 103
18.3217 104
18.3275 105
18.3275 106
18.3334 102
18.3334 103
18.3393 104
18.3393 105
18.3452 106
18.3452 107
18.3511 99
18.357 100
18.357 101
18.3629 102
18.3629 103
18.3687 104
18.3687 105
18.3746 97
18.3746 98
18.379 99
18.3835 100
18.3835 101
18.3879 102
18.3879 103
18.3923 104
18.3923 105
18.3967 97
18.3967 98
18.4011 99
18.4055 100
18.4055 101
18.4099 102
18.4099 103
18.4144 104
18.4144 105
18.4188 97
18.4188 98
18.4232 99
18.4276 100
18.4276 101
18.432 102
18.432 103
18.4364 104
18.4364 105
18.4408 97
18.4408 98
18.4453 99
18.4497 100
18.4497 101
18.4541 102
18.4541 103
18.4585 104
18.4585 105
18.4629 97
18.4629 98
18.4673 99
18.4717 100
18.4717 101
18.4762 102
18.4762 103
18.4806 104
18.4806 105
18.485 97
18.485 98
18.4894 99
18.4938 100
18.4938 101
18.4982 102
18.4982 103
18.5026 104
18.5026 105
18.5071 97
18.5071 98
18.5115 99
18.5159 100
18.5159 101
18.5203 102
18.5203 103
18.5247 104
18.5247 105
18.5291 97
18.5291 98
18.5335 99
18.5379 100
18.5379 101
18.5424 102
18.5424 103
18.5468 104
18.5468 105
18.5512 97
18.5512 98
18.5556 99
18.56 100
18.56 101
18.5644 102
18.5644 103
18.5688 104
18.5688 105
18.5733 97
18.5733 98
18.5777 99
18.5821 100
18.5821 101
18.5865 102
18.5865 103
18.5909 104
18.5909 105
18.5953 97
18.5953 98
18.5997 99
18.6042 100
18.6042 101
18.6086 102
18.6086 103
18.613 104
18.613 105
18.6174 97
18.6174 98
18.6218 99
18.6262 100
18.6262 101
18.6306 102
18.6306 103
18.6351 104
18.6351 105
18.6395 97
18.6395 98
18.6439 99
18.6483 100
18.6483 101
18.6527 102
18.6527 103
18.6571 104
18.6571 105
18.6615 97
18.6615 98
18.666 99
18.6704 100
18.6704 101
18.6748 102
18.6748 103
18.6792 104
18.6792 105
18.6836 97
18.6836 98
18.688 99
18.6924 100
18.6924 101
18.6969 102
18.6969 103
18.7013 104
18.7013 105
18.7057 97
18.7057 98
18.7101 99
18.7145 100
18.7145 101
18.7189 102
18.7189 103
18.7233 104
18.7233 105
18.7278 97
18.7278 98
18.7322 99
18.7366 100
18.7366 101
18.741 102
18.741 103
18.7454 104
18.7454 105
18.7498 97
18.7498 98
18.7542 99
18.7586 100
18.7586 101
18.7631 102
18.7631 103
18.7675 104
18.7675 105
18.7719 97
18.7719 98
18.7763 99
18.7807 100
18.7807 101
18.7851 102
18.7851 103
18.7895 104
18.7895 105
18.794 97
18.794 98
18.7984 99
18.8028 100
18.8028 101
18.8072 102
18.8072 103
18.8116 104
18.8116 105
18.816 97
18.816 98
18.8204 99
18.8249 97
18.8249 98
18.8293 99
18.8337 100
18.8337 101
18.8381 102
18.8381 103
18.8425 104
18.8425 105
18.8469 97
18.8469 98
18.8513 99
18.8558 100
18.8558 101
18.8602 102
18.8602 103
18.8646 104
18.8646 105
18.869 97
18.869 98
18.8734 99
18.8778 100
18.8778 101
18.8822 102
18.8822 103
18.8867 104
18.8867 105
18.8911 97
18.8911 98
18.8955 99
18.8999 100
18.8999 101
18.9043 102
18.9043 103
18.9087 104
18.9087 105
18.9131 97
18.9131 98
18.9176 99
18.922 100
18.922 101
18.9264 102
18.9264 103
18.9308 104
18.9308 105
18.9352 97
18.9352 98
18.9396 99
18.944 100
18.944 101
18.9485 102
18.9485 103
18.9529 104
18.9529 105
18.9573 97
18.9573 98
18.9617 99
18.9661 100
18.9661 101
18.9705 102
18.9705 103
18.9749 104
18.9749 105
18.9793 97
18.9793 98
18.9838 99
18.9882 100
18.9882 101
18.9926 102
18.9926 103
18.997 104
18.997 105
19.0014 97
19.0014 98
19.0058 99
19.0102 100
19.0102 101
19.0147 102
19.0147 103
19.0191 104
19.0191 105
19.0235 97
19.0235 98
19.0279 99
19.0323 100
19.0323 101
19.0367 102
19.0367 103
19.0411 104
19.0411 105
19.0456 97
19.0456 98
19.05 99
19.0544 100
19.0544 101
19.0588 102
19.0588 103
19.0632 104
19.0632 105
19.0676 97
19.0676 98
19.072 99
19.0765 100
19.0765 101
19.0809 102
19.0809 103
19.0853 104
19.0853 105
19.0897 97
19.0897 98
19.0941 99
19.0985 100
19.0985 101
19.1029 102
19.1029 103
19.1074 104
19.1074 105
19.1118 97
19.1118 98
19.1162 99
19.1206 100
19.1206 101
19.125 102
19.125 103
19.1294 104
19.1294 105
19.1338 97
19.1338 98
19.1383 99
19.1427 100
19.1427 101
19.1471 102
19.1471 103
19.1515 104
19.1515 105
19.1559 97
19.1559 98
19.1603 99
19.1647 100
19.1647 101
19.1692 102
19.1692 103
19.1736 104
19.1736 105
19.178 97
19.178 98
19.1824 99
19.1868 100
19.1868 101
19.1912 102
19.1912 103
19.1956 104
19.1956 105
19.2 97
19.2 98
19.2045 99
19.2088 96
19.2088 97
19.2133 98
19.2133 99
19.2177 100
19.2221 101
19.2221 102
19.2265 103
19.2265 104
19.2309 96
19.2309 97
19.2354 98
19.2354 99
19.2398 100
19.2442 101
19.2442 102
19.2486 103
19.2486 104
19.2529 96
19.2529 97
19.2574 98
19.2574 99
19.2618 100
19.2663 101
19.2663 102
19.2707 103
19.2707 104
19.275 96
19.275 97
19.2795 98
19.2795 99
19.2839 100
19.2883 101
19.2883 102
19.2927 103
19.2927 104
19.2971 96
19.2971 97
19.3016 98
19.3016 99
19.306 100
19.3104 101
19.3104 102
19.3148 103
19.3148 104
19.3192 96
19.3192 97
19.3236 98
19.3236 99
19.3281 100
19.3325 101
19.3325 102
19.3369 103
19.3369 104
19.3413 96
19.3413 97
19.3457 98
19.3457 99
19.3501 100
19.3545 101
19.3545 102
19.359 103
19.359 104
19.3633 96
19.3633 97
19.3678 98
19.3678 99
19.3722 100
19.3766 101
19.3766 102
19.381 103
19.381 104
19.3854 96
19.3854 97
19.3899 98
19.3899 99
19.3943 100
19.3987 101
19.3987 102
19.4031 103
19.4031 104
19.4075 96
19.4075 97
19.4119 98
19.4119 99
19.4163 100
19.4207 101
19.4207 102
19.4252 103
19.4252 104
19.4296 96
19.4296 97
19.434 98
19.434 99
19.4384 100
19.4428 101
19.4428 102
19.4472 103
19.4472 104
19.4516 105
19.4516 106
19.4561 98
19.4561 99
19.4605 100
19.4649 101
19.4649 102
19.4693 103
19.4693 104
19.4737 105
19.4737 106
19.4781 98
19.4781 99
19.4825 100
19.487 101
19.487 102
19.4914 103
19.4914 104
19.4958 105
19.4958 106
19.5002 98
19.5002 99
19.5046 100
19.509 101
19.509 102
19.5134 103
19.5134 104
19.5179 105
19.5179 106
19.5223 98
19.5223 99
19.5267 100
19.5311 101
19.5311 102
19.5355 103
19.5355 104
19.5399 105
19.5399 106
19.5443 98
19.5443 99
19.5488 100
19.5532 101
19.5532 102
19.5576 103
19.5576 104
19.562 105
19.562 106
19.5664 98
19.5664 99
19.5708 100
19.5752 101
19.5752 102
19.5797 103
19.5797 104
19.5841 105
19.5841 106
19.5885 98
19.5885 99
19.5929 100
19.5973 101
19.5973 102
19.6017 103
19.6017 104
19.6061 105
19.6061 106
19.6106 98
19.6106 99
19.615 100
19.6194 101
19.6194 102
19.6238 103
19.6238 104
19.6282 105
19.6282 106
19.6326 98
19.6326 99
19.637 100
19.6414 101
19.6414 102
19.6459 103
19.6459 104
19.6503 105
19.6503 106
19.6547 98
19.6547 99
19.6591 100
19.6635 101
19.6635 102
19.6679 103
19.6679 104
19.6723 105
19.6723 106
19.6768 98
19.6768 99
19.6812 100
19.6856 101
19.6856 102
19.69 103
19.69 104
19.6944 105
19.6944 106
19.6988 98
19.6988 99
19.7024 100
19.7059 98
19.7059 99
19.7094 100
19.713 101
19.713 102
19.7165 103
19.7165 104
19.72 105
19.72 106
19.7236 107
19.7236 108
19.7271 99
19.7271 100
19.7306 101
19.7306 102
19.7342 103
19.7342 104
19.7377 105
19.7377 106
19.7412 107
19.7412 108
19.7447 109
19.7447 110
19.7475 101
19.7475 102
19.7518 103
19.7518 104
19.7553 105
19.7553 106
19.7589 107
19.7589 108
19.7624 109
19.7624 110
19.7659 111
19.7695 112
19.7695 113
19.773 105
19.773 106
19.7765 107
19.7765 108
19.7801 109
19.7801 110
19.7836 111
19.7871 112
19.7871 113
19.7907 114
19.7907 115
19.7942 107
19.7942 108
19.7977 109
19.7977 110
19.8013 111
19.8048 112
19.8048 113
19.8083 114
19.8083 115
19.8119 116
19.8119 117
19.8154 109
19.8154 110
19.8189 111
19.8225 112
19.8225 113
19.826 114
19.826 115
19.8295 116
19.8295 117
19.833 118
19.833 119
19.8358 111
19.8401 112
19.8401 113
19.8436 114
19.8436 115
19.8472 116
19.8472 117
19.8507 118
19.8507 119
19.8542 120
19.8542 121
19.8578 122
19.8578 123
19.8613 114
19.8613 115
19.8648 116
19.8648 117
19.8684 118
19.8684 119
19.8719 120
19.8719 121
19.8754 122
19.8754 123
19.879 124
19.8825 116
19.8825 117
19.886 118
19.886 119
19.8896 120
19.8896 121
19.8931 122
19.8931 123
19.8966 124
19.9002 125
19.9002 126
19.9037 118
19.9037 119
19.9072 120
19.9072 121
19.9108 122
19.9108 123
19.9143 124
19.9178 125
19.9178 126
19.9213 127
19.9213 128
19.9242 120
19.9242 121
19.9308 122
19.9308 123
19.9367 124
19.9425 125
19.9425 126
19.9484 118
19.9484 119
19.9543 120
19.9543 121
19.9602 122
19.9602 123
19.9661 124
19.972 116
19.972 117
19.9779 118
19.9779 119
19.9837 120
19.9837 121
19.9896 122
19.9896 123
19.9955 114
19.9955 115
20.0014 116
20.0014 117
20.0073 118
20.0073 119
20.0125 111
20.0191 112
20.0191 113
20.0249 114
20.0249 115
20.0308 116
20.0308 117
20.0367 109
20.0367 110
20.0426 111
20.0485 112
20.0485 113
20.0544 114
20.0544 115
20.0603 107
20.0603 108
20.0661 109
20.0661 110
20.072 111
20.0779 112
20.0779 113
20.0838 105
20.0838 106
20.0897 107
20.0897 108
20.0956 104
20.0956 105
20.1015 106
20.1015 107
20.1073 108
20.1073 109
20.1132 100
20.1132 101
20.1191 102
20.1191 103
20.125 104
20.125 105
20.1309 106
20.1309 107
20.1368 99
20.1412 100
20.1412 101
20.1456 102
20.1456 103
20.15 104
20.15 105
20.1544 106
20.1544 107
20.1588 99
20.1633 100
20.1633 101
20.1677 102
20.1677 103
20.1721 104
20.1721 105
20.1765 106
20.1765 107
20.1809 99
20.1853 100
20.1853 101
20.1897 102
20.1897 103
20.1942 104
20.1942 105
20.1986 106
20.1986 107
20.203 99
20.2074 100
20.2074 101
20.2118 102
20.2118 103
20.2162 104
20.2162 105
20.2206 106
20.2206 107
20.2251 99
20.2295 100
20.2295 101
20.2339 102
20.2339 103
20.2383 104
20.2383 105
20.2427 106
20.2427 107
20.2471 99
20.2515 100
20.2515 101
20.256 102
20.256 103
20.2604 104
20.2604 105
20.2648 106
20.2648 107
20.2692 99
20.2736 100
20.2736 101
20.278 102
20.278 103
20.2824 104
20.2824 105
20.2869 106
20.2869 107
20.2913 99
20.2957 100
20.2957 101
20.3001 102
20.3001 103
20.3045 104
20.3045 105
20.3089 106
20.3089 107
20.3133 99
20.3177 100
20.3177 101
20.3222 102
20.3222 103
20.3266 104
20.3266 105
20.331 106
20.331 107
20.3354 99
20.3398 100
20.3398 101
20.3442 102
20.3442 103
20.3486 104
20.3486 105
20.3531 106
20.3531 107
20.3575 99
20.3619 100
20.3619 101
20.3663 102
20.3663 103
20.3707 104
20.3707 105
20.3751 106
20.3751 107
20.3795 99
20.384 100
20.384 101
20.3884 102
20.3884 103
20.3928 104
20.3928 105
20.3972 106
20.3972 107
20.4016 99
20.406 100
20.406 101
20.4104 102
20.4104 103
20.4149 104
20.4149 105
20.4193 106
20.4193 107
20.4237 99
20.4281 100
20.4281 101
20.4325 102
20.4325 103
20.4369 104
20.4369 105
20.4413 106
20.4413 107
20.4458 99
20.4502 100
20.4502 101
20.4546 102
20.4546 103
20.459 104
20.459 105
20.4634 106
20.4634 107
20.4678 99
20.4722 100
20.4722 101
20.4767 102
20.4767 103
20.4811 104
20.4811 105
20.4855 106
20.4855 107
20.4899 99
20.4943 100
20.4943 101
20.4987 102
20.4987 103
20.5031 104
20.5031 105
20.5076 106
20.5076 107
20.512 99
20.5164 100
20.5164 101
20.5208 102
20.5208 103
20.5252 104
20.5252 105
20.5296 106
20.5296 107
20.534 99
20.5384 100
20.5384 101
20.5429 102
20.5429 103
20.5473 104
20.5473 105
20.5517 106
20.5517 107
20.5561 99
20.5605 100
20.5605 101
20.5649 102
20.5649 103
20.5693 104
20.5693 105
20.5738 106
20.5738 107
20.5782 99
20.5826 100
20.5826 101
20.587 99
20.5914 100
20.5914 101
20.5958 102
20.5958 103
20.6002 104
20.6002 105
20.6047 106
20.6047 107
20.6091 99
20.6135 100
20.6135 101
20.6179 102
20.6179 103
20.6223 104
20.6223 105
20.6267 106
20.6267 107
20.6311 99
20.6356 100
20.6356 101
20.64 102
20.64 103
20.6444 104
20.6444 105
20.6488 106
20.6488 107
20.6532 99
20.6576 100
20.6576 101
20.662 102
20.662 103
20.6665 104
20.6665 105
20.6709 106
20.6709 107
20.6753 99
20.6797 100
20.6797 101
20.6841 102
20.6841 103
20.6885 104
20.6885 105
20.6929 106
20.6929 107
20.6974 99
20.7018 100
20.7018 101
20.7062 102
20.7062 103
20.7106 104
20.7106 105
20.715 106
20.715 107
20.7194 99
20.7238 100
20.7238 101
20.7283 102
20.7283 103
20.7327 104
20.7327 105
20.7371 106
20.7371 107
20.7415 99
20.7459 100
20.7459 101
20.7503 102
20.7503 103
20.7547 104
20.7547 105
20.7591 106
20.7591 107
20.7636 99
20.768 100
20.768 101
20.7724 102
20.7724 103
20.7768 104
20.7768 105
20.7812 106
20.7812 107
20.7856 99
20.79 100
20.79 101
20.7945 102
20.7945 103
20.7989 104
20.7989 105
20.8033 106
20.8033 107
20.8077 99
20.8121 100
20.8121 101
20.8165 102
20.8165 103
20.8209 104
20.8209 105
20.8254 106
20.8254 107
20.8298 99
20.8342 100
20.8342 101
20.8386 102
20.8386 103
20.843 104
20.843 105
20.8474 106
20.8474 107
20.8518 99
20.8563 100
20.8563 101
20.8607 102
20.8607 103
20.8651 104
20.8651 105
20.8695 106
20.8695 107
20.8739 99
20.8783 100
20.8783 101
20.8827 102
20.8827 103
20.8872 104
20.8872 105
20.8916 106
20.8916 107
20.896 99
20.9004 100
20.9004 101
20.9048 102
20.9048 103
20.9092 104
20.9092 105
20.9136 106
20.9136 107
20.9181 99
20.9225 100
20.9225 101
20.9269 102
20.9269 103
20.9313 104
20.9313 105
20.9357 106
20.9357 107
20.9401 99
20.9445 100
20.9445 101
20.949 102
20.949 103
20.9534 104
20.9534 105
20.9578 106
20.9578 107
20.9622 99
20.9666 100
20.9666 101
20.9708 98
20.9708 99
20.9754 100
20.9798 101
20.9798 102
20.9843 103
20.9843 104
20.9887 105
20.9887 106
20.9928 98
20.9928 99
20.9975 100
21.0019 101
21.0019 102
21.0063 103
21.0063 104
21.0107 105
21.0107 106
21.0149 98
21.0149 99
21.0196 100
21.024 101
21.024 102
21.0284 103
21.0284 104
21.0328 105
21.0328 106
21.037 98
21.037 99
21.0416 100
21.0461 101
21.0461 102
21.0505 103
21.0505 104
21.0549 105
21.0549 106
21.0591 98
21.0591 99
21.0637 100
21.0681 101
21.0681 102
21.0725 103
21.0725 104
21.077 105
21.077 106
21.0812 98
21.0812 99
21.0858 100
21.0902 101
21.0902 102
21.0946 103
21.0946 104
21.099 105
21.099 106
21.1032 98
21.1032 99
21.1079 100
21.1123 101
21.1123 102
21.1167 103
21.1167 104
21.1211 105
21.1211 106
21.1253 98
21.1253 99
21.1299 100
21.1343 101
21.1343 102
21.1388 103
21.1388 104
21.1432 105
21.1432 106
21.3954 0
21.3954 1
21.3954 2
21.3954 3
21.3954 4
21.6227 0
21.6227 1
21.6227 2
21.6227 3
21.6227 4
21.6227 5
21.6227 6
21.6227 7
21.6227 8
21.6227 9
21.6253 10
21.6253 11
21.6297 12
21.6297 13
21.6341 14
21.6385 15
21.6385 16
21.6429 17
21.6429 18
21.6473 19
21.6473 20
21.6518 21
21.6518 22
21.6562 23
21.6562 24
21.6606 25
21.6606 26
21.665 27
21.6694 28
21.6694 29
21.6738 30
21.6738 31
21.6782 32
21.6782 33
21.6827 34
21.6827 35
21.6871 36
21.6871 37
21.6915 38
21.6959 39
21.6959 40
21.7003 41
21.7003 42
21.7047 43
21.7047 44
21.7091 45
21.7091 46
21.7136 47
21.7136 48
21.718 49
21.718 50
21.7224 51
21.7268 52
21.7268 53
21.7312 54
21.7312 55
21.7356 56
21.7356 57
21.74 58
21.74 59
21.7444 60
21.7444 61
21.7489 62
21.7489 63
21.7533 64
21.7577 65
21.7577 66
21.7621 67
21.7621 68
21.7665 69
21.7665 70
21.7709 71
21.7709 72
21.7753 73
21.7753 74
21.7798 75
21.7842 76
21.7842 77
21.7886 78
21.7886 79
21.793 80
21.793 81
21.7974 82
21.7974 83
21.8018 84
21.8018 85
21.8062 86
21.8062 87
21.8107 88
21.8151 89
21.8151 90
21.8195 91
21.8195 92
21.8239 93
21.8239 94
21.8283 95
21.8283 96
21.8327 97
21.8327 98
21.8371 99
21.8416 100
21.8416 101
21.846 94
21.846 95
21.8504 96
21.8504 97
21.8548 98
21.8548 99
21.8592 100
21.8592 101
21.8628 93
21.8628 94
21.868 95
21.868 96
21.8725 97
21.8725 98
21.8769 99
21.8813 100
21.8813 101
21.8849 93
21.8849 94
21.8901 95
21.8901 96
21.8945 97
21.8945 98
21.8981 93
21.8981 94
21.9034 95
21.9034 96
21.9078 97
21.9078 98
21.9122 99
21.9166 100
21.9166 101
21.9202 93
21.9202 94
21.9254 95
21.9254 96
21.9298 97
21.9298 98
21.9343 99
21.9387 100
21.9387 101
21.9423 93
21.9423 94
21.9475 95
21.9475 96
21.9519 97
21.9519 98
21.9563 99
21.9607 100
21.9607 101
21.9643 93
21.9643 94
21.9696 95
21.9696 96
21.974 97
21.974 98
21.9784 99
21.9828 100
21.9828 101
21.9864 93
21.9864 94
21.9916 95
21.9916 96
21.996 97
21.996 98
22.0005 99
22.0049 100
22.0049 101
22.0085 93
22.0085 94
22.0137 95
22.0137 96
22.0181 97
22.0181 98
22.0225 99
22.0269 100
22.0269 101
22.0306 93
22.0306 94
22.0358 95
22.0358 96
22.0402 97
22.0402 98
22.0446 99
22.049 100
22.049 101
22.0527 93
22.0527 94
22.0578 95
22.0578 96
22.0623 97
22.0623 98
22.0667 99
22.0711 100
22.0711 101
22.0747 93
22.0747 94
22.0799 95
22.0799 96
22.0843 97
22.0843 98
22.0887 99
22.0932 100
22.0932 101
22.0968 93
22.0968 94
22.1011 95
22.1011 96
22.1046 97
22.1046 98
22.1082 99
22.1117 100
22.1117 101
22.1152 102
22.1152 103
22.1188 104
22.1188 105
22.1223 97
22.1223 98
22.1258 99
22.1294 100
22.1294 101
22.1329 102
22.1329 103
22.1364 104
22.1364 105
22.14 106
22.14 107
22.1435 99
22.147 100
22.147 101
22.1506 102
22.1506 103
22.1541 104
22.1541 105
22.1576 106
22.1576 107
22.1611 108
22.1611 109
22.1647 100
22.1647 101
22.1682 102
22.1682 103
22.1717 104
22.1717 105
22.1753 106
22.1753 107
22.1788 108
22.1788 109
22.1823 110
22.1823 111
22.1851 102
22.1851 103
22.1894 104
22.1894 105
22.1929 106
22.1929 107
22.1965 108
22.1965 109
22.2 110
22.2 111
22.2035 112
22.2071 113
22.2071 114
22.2106 106
22.2106 107
22.2141 108
22.2141 109
22.2177 110
22.2177 111
22.2212 112
22.2247 113
22.2247 114
22.2283 115
22.2283 116
22.2318 108
22.2318 109
22.2353 110
22.2353 111
22.2388 112
22.2424 113
22.2424 114
22.2459 115
22.2459 116
22.2494 117
22.2494 118
22.253 110
22.253 111
22.2565 112
22.26 113
22.26 114
22.2636 115
22.2636 116
22.2671 117
22.2671 118
22.2706 119
22.2706 120
22.2735 111
22.2735 112
22.2777 113
22.2777 114
22.2812 115
22.2812 116
22.2845 112
22.2845 113
22.2883 114
22.2883 115
22.2918 116
22.2918 117
22.2954 118
22.2954 119
22.2989 120
22.2989 121
22.3024 122
22.3024 123
22.306 124
22.3095 116
22.3095 117
22.313 118
22.313 119
22.3166 120
22.3166 121
22.3201 122
22.3201 123
22.3236 124
22.3272 125
22.3272 126
22.3307 118
22.3307 119
22.3366 120
22.3366 121
22.3425 122
22.3425 123
22.3483 124
22.3542 116
22.3542 117
22.3601 118
22.3601 119
22.366 120
22.366 121
22.3719 122
22.3719 123
22.3778 114
22.3778 115
22.3837 116
22.3837 117
22.3895 118
22.3895 119
22.3949 111
22.4013 112
22.4013 113
22.4072 114
22.4072 115
22.4131 116
22.4131 117
22.419 109
22.419 110
22.4249 111
22.4307 112
22.4307 113
22.4366 114
22.4366 115
22.4425 107
22.4425 108
22.4484 109
22.4484 110
22.4543 111
22.4602 112
22.4602 113
22.4661 105
22.4661 106
22.4719 107
22.4719 108
22.4778 109
22.4778 110
22.4832 101
22.4832 102
22.4896 103
22.4896 104
22.4955 105
22.4955 106
22.5014 107
22.5014 108
22.5073 99
22.5073 100
22.5131 101
22.5131 102
22.519 103
22.519 104
22.5249 105
22.5249 106
22.5308 98
22.5308 99
22.5367 100
22.5426 101
22.5426 102
22.5485 103
22.5485 104
22.5543 96
22.5543 97
22.5588 98
22.5588 99
22.5632 100
22.5676 101
22.5676 102
22.5715 94
22.5715 95
22.5764 96
22.5764 97
22.5808 98
22.5808 99
22.5852 100
22.5897 101
22.5897 102
22.5936 94
22.5936 95
22.5985 96
22.5985 97
22.6029 98
22.6029 99
22.6073 100
22.6117 101
22.6117 102
22.6157 94
22.6157 95
22.6206 96
22.6206 97
22.625 98
22.625 99
22.6294 100
22.6338 101
22.6338 102
22.6378 94
22.6378 95
22.6426 96
22.6426 97
22.647 98
22.647 99
22.6515 100
22.6559 101
22.6559 102
22.6599 94
22.6599 95
22.6647 96
22.6647 97
22.6691 98
22.6691 99
22.6735 100
22.6779 101
22.6779 102
22.6819 94
22.6819 95
22.6868 96
22.6868 97
22.6912 98
22.6912 99
22.6956 100
22.7 101
22.7 102
22.704 94
22.704 95
22.7088 96
22.7088 97
22.7133 98
22.7133 99
22.7177 100
22.7221 101
22.7221 102
22.7261 94
22.7261 95
22.7309 96
22.7309 97
22.7353 98
22.7353 99
22.7397 100
22.7442 101
22.7442 102
22.7482 94
22.7482 95
22.753 96
22.753 97
22.7574 98
22.7574 99
22.7618 100
22.7662 101
22.7662 102
22.7703 94
22.7703 95
22.7751 96
22.7751 97
22.7791 94
22.7791 95
22.7839 96
22.7839 97
22.7883 98
22.7883 99
22.7927 100
22.7971 101
22.7971 102
22.8012 94
22.8012 95
22.8059 96
22.8059 97
22.8104 98
22.8104 99
22.8148 100
22.8192 101
22.8192 102
22.8233 94
22.8233 95
22.828 96
22.828 97
22.8324 98
22.8324 99
22.8368 100
22.8413 101
22.8413 102
22.8453 94
22.8453 95
22.8501 96
22.8501 97
22.8545 98
22.8545 99
22.8589 100
22.8633 101
22.8633 102
22.8674 94
22.8674 95
22.8722 96
22.8722 97
22.8766 98
22.8766 99
22.881 100
22.8854 101
22.8854 102
22.8895 94
22.8895 95
22.8942 96
22.8942 97
22.8986 98
22.8986 99
22.9031 100
22.9075 101
22.9075 102
22.9116 94
22.9116 95
22.9163 96
22.9163 97
22.9207 98
22.9207 99
22.9251 100
22.9295 101
22.9295 102
22.9337 94
22.9337 95
22.9384 96
22.9384 97
22.9428 98
22.9428 99
22.9472 100
22.9516 101
22.9516 102
22.9557 94
22.9557 95
22.9604 96
22.9604 97
22.9649 98
22.9649 99
22.9693 100
22.9737 101
22.9737 102
22.9778 94
22.9778 95
22.9825 96
22.9825 97
22.9869 98
22.9869 99
22.9913 100
22.9958 101
22.9958 102
22.9999 94
22.9999 95
23.0046 96
23.0046 97
23.009 98
23.009 99
23.0134 100
23.0178 101
23.0178 102
23.022 94
23.022 95
23.0266 96
23.0266 97
23.0311 98
23.0311 99
23.0355 100
23.0399 101
23.0399 102
23.0441 94
23.0441 95
23.0487 96
23.0487 97
23.0531 98
23.0531 99
23.0575 100
23.062 101
23.062 102
23.0661 94
23.0661 95
23.0708 96
23.0708 97
23.0752 98
23.0752 99
23.0796 100
23.084 101
23.084 102
23.0882 94
23.0882 95
23.0929 96
23.0929 97
23.0973 98
23.0973 99
23.1017 100
23.1061 101
23.1061 102
23.1103 94
23.1103 95
23.1149 96
23.1149 97
23.1193 98
23.1193 99
23.1238 100
23.1282 101
23.1282 102
23.1324 94
23.1324 95
23.137 96
23.137 97
23.1414 98
23.1414 99
23.1458 100
23.1502 101
23.1502 102
23.1545 94
23.1545 95
23.1591 96
23.1591 97
23.1635 98
23.1635 99
23.1679 95
23.1679 96
23.1723 97
23.1723 98
23.1767 99
23.1811 100
23.1811 101
23.1856 102
23.1856 103
23.19 95
23.19 96
23.1944 97
23.1944 98
23.1988 99
23.2032 100
23.2032 101
23.2076 102
23.2076 103
23.212 95
23.212 96
23.2164 97
23.2164 98
23.2209 99
23.2253 100
23.2253 101
23.2297 102
23.2297 103
23.2341 95
23.2341 96
23.2385 97
23.2385 98
23.2429 99
23.2473 100
23.2473 101
23.2518 102
23.2518 103
23.2562 95
23.2562 96
23.2606 97
23.2606 98
23.265 99
23.2694 100
23.2694 101
23.2738 102
23.2738 103
23.2782 95
23.2782 96
23.2827 97
23.2827 98
23.2871 99
23.2915 100
23.2915 101
23.2959 102
23.2959 103
23.3003 95
23.3003 96
23.3047 97
23.3047 98
23.3091 99
23.3136 100
23.3136 101
23.318 102
23.318 103
23.3224 95
23.3224 96
23.3268 97
23.3268 98
23.3312 99
23.3356 100
23.3356 101
23.34 102
23.34 103
23.3445 95
23.3445 96
23.3489 97
23.3489 98
23.3533 99
23.3577 100
23.3577 101
23.3621 102
23.3621 103
23.3665 95
23.3665 96
23.3709 97
23.3709 98
23.3754 99
23.3798 100
23.3798 101
23.3842 102
23.3842 103
23.3886 95
23.3886 96
23.393 97
23.393 98
23.3974 99
23.4018 100
23.4018 101
23.4063 102
23.4063 103
23.4107 95
23.4107 96
23.4151 97
23.4151 98
23.4195 99
23.4239 100
23.4239 101
23.4283 102
23.4283 103
23.4327 95
23.4327 96
23.4372 97
23.4372 98
23.4416 99
23.446 100
23.446 101
23.4504 102
23.4504 103
23.4548 95
23.4548 96
23.4592 97
23.4592 98
23.4636 99
23.468 100
23.468 101
23.4725 102
23.4725 103
23.4769 95
23.4769 96
23.4813 97
23.4813 98
23.4857 99
23.4901 100
23.4901 101
23.4945 102
23.4945 103
23.4989 95
23.4989 96
23.5034 97
23.5034 98
23.5078 99
23.5122 100
23.5122 101
23.5166 102
23.5166 103
23.521 95
23.521 96
23.5254 97
23.5254 98
23.5298 99
23.5343 100
23.5343 101
23.5387 102
23.5387 103
23.5431 95
23.5431 96
23.5475 97
23.5475 98
23.5519 99
23.5563 100
23.5563 101
23.5607 102
23.5607 103
23.5652 95
23.5652 96
23.5696 97
23.5696 98
23.574 99
23.5784 100
23.5784 101
23.5828 102
23.5828 103
23.5872 95
23.5872 96
23.5916 97
23.5916 98
23.5961 99
23.6005 100
23.6005 101
23.6049 102
23.6049 103
23.6093 95
23.6093 96
23.6137 97
23.6137 98
23.6181 99
23.6225 100
23.6225 101
23.627 102
23.627 103
23.6314 95
23.6314 96
23.6358 97
23.6358 98
23.6402 99
23.6446 100
23.6446 101
23.649 102
23.649 103
23.6534 95
23.6534 96
23.6579 97
23.6579 98
23.6623 95
23.6623 96
23.6667 97
23.6667 98
23.6711 99
23.6755 100
23.6755 101
23.6799 102
23.6799 103
23.6843 95
23.6843 96
23.6887 97
23.6887 98
23.6932 99
23.6976 100
23.6976 101
23.702 102
23.702 103
23.7064 95
23.7064 96
23.7108 97
23.7108 98
23.7152 99
23.7196 100
23.7196 101
23.7241 102
23.7241 103
23.7285 95
23.7285 96
23.7329 97
23.7329 98
23.7373 99
23.7417 100
23.7417 101
23.7461 102
23.7461 103
23.7505 95
23.7505 96
23.755 97
23.755 98
23.7594 99
23.7638 100
23.7638 101
23.7682 102
23.7682 103
23.7726 95
23.7726 96
23.777 97
23.777 98
23.7814 99
23.7859 100
23.7859 101
23.7903 102
23.7903 103
23.7947 95
23.7947 96
23.7991 97
23.7991 98
23.8035 99
23.8079 100
23.8079 101
23.8123 102
23.8123 103
23.8168 95
23.8168 96
23.8212 97
23.8212 98
23.8256 99
23.83 100
23.83 101
23.8344 102
23.8344 103
23.8388 95
23.8388 96
23.8432 97
23.8432 98
23.8477 99
23.8521 100
23.8521 101
23.8565 102
23.8565 103
23.8609 95
23.8609 96
23.8653 97
23.8653 98
23.8697 99
23.8741 100
23.8741 101
23.8785 102
23.8785 103
23.883 95
23.883 96
23.8874 97
23.8874 98
23.8918 99
23.8962 100
23.8962 101
23.9006 102
23.9006 103
23.905 95
23.905 96
23.9086 97
23.9086 98
23.9121 99
23.9156 100
23.9156 101
23.9192 102
23.9192 103
23.9227 104
23.9227 105
23.9262 97
23.9262 98
23.9298 99
23.9333 100
23.9333 101
23.9368 102
23.9368 103
23.9404 104
23.9404 105
23.9439 106
23.9439 107
23.9471 99
23.951 100
23.951 101
23.9545 102
23.9545 103
23.958 104
23.958 105
23.9615 106
23.9615 107
23.9651 108
23.9651 109
23.9686 110
23.9686 111
23.9721 102
23.9721 103
23.9757 104
23.9757 105
23.9792 106
23.9792 107
23.9827 108
23.9827 109
23.9863 110
23.9863 111
23.9898 112
23.9933 104
23.9933 105
23.9969 106
23.9969 107
24.0004 108
24.0004 109
24.0039 110
24.0039 111
24.0075 112
24.011 113
24.011 114
24.0145 106
24.0145 107
24.0181 108
24.0181 109
24.0216 110
24.0216 111
24.0251 112
24.0287 113
24.0287 114
24.0322 115
24.0322 116
24.0354 108
24.0354 109
24.0393 110
24.0393 111
24.0428 112
24.0463 113
24.0463 114
24.0498 111
24.0534 112
24.0534 113
24.0569 114
24.0569 115
24.0604 116
24.0604 117
24.064 118
24.064 119
24.0675 120
24.0675 121
24.071 112
24.071 113
24.0746 114
24.0746 115
24.0781 116
24.0781 117
24.0816 118
24.0816 119
24.0852 120
24.0852 121
24.0887 122
24.0887 123
24.0922 114
24.0922 115
24.0958 116
24.0958 117
24.0993 118
24.0993 119
24.1028 120
24.1028 121
24.1064 122
24.1064 123
24.1099 124
24.1127 116
24.1127 117
24.117 118
24.117 119
24.1205 120
24.1205 121
24.124 122
24.124 123
24.1276 124
24.1311 125
24.1311 126
24.1346 127
24.1346 128
24.1381 120
24.1381 121
24.144 122
24.144 123
24.1499 124
24.1558 125
24.1558 126
24.1617 118
24.1617 119
24.1676 120
24.1676 121
24.1735 122
24.1735 123
24.179 114
24.179 115
24.1852 116
24.1852 117
24.1911 118
24.1911 119
24.197 120
24.197 121
24.2029 112
24.2029 113
24.2088 114
24.2088 115
24.2147 116
24.2147 117
24.2206 118
24.2206 119
24.2264 111
24.2323 112
24.2323 113
24.2382 114
24.2382 115
24.2441 116
24.2441 117
24.25 109
24.25 110
24.2559 111
24.2618 112
24.2618 113
24.2673 105
24.2673 106
24.2735 107
24.2735 108
24.2794 109
24.2794 110
24.2853 111
24.2912 103
24.2912 104
24.2971 105
24.2971 106
24.303 107
24.303 108
24.3088 109
24.3088 110
24.3147 101
24.3147 102
24.3206 103
24.3206 104
24.3265 105
24.3265 106
24.3324 107
24.3324 108
24.3383 99
24.3383 100
24.3442 101
24.3442 102
24.35 103
24.35 104
24.3556 96
24.3556 97
24.3603 98
24.3603 99
24.3648 100
24.3692 101
24.3692 102
24.3736 103
24.3736 104
24.3777 96
24.3777 97
24.3824 98
24.3824 99
24.3868 100
24.3912 101
24.3912 102
24.3957 103
24.3957 104
24.3998 96
24.3998 97
24.4045 98
24.4045 99
24.4089 100
24.4133 101
24.4133 102
24.4177 103
24.4177 104
24.4218 96
24.4218 97
24.4266 98
24.4266 99
24.431 100
24.4354 101
24.4354 102
24.4398 103
24.4398 104
24.4439 96
24.4439 97
24.4486 98
24.4486 99
24.453 100
24.4575 101
24.4575 102
24.4619 103
24.4619 104
24.466 96
24.466 97
24.4707 98
24.4707 99
24.4751 100
24.4795 101
24.4795 102
24.4839 103
24.4839 104
24.4881 96
24.4881 97
24.4928 98
24.4928 99
24.4972 100
24.5016 101
24.5016 102
24.506 103
24.506 104
24.5102 96
24.5102 97
24.5148 98
24.5148 99
24.5192 100
24.5237 101
24.5237 102
24.5281 103
24.5281 104
24.5322 96
24.5322 97
24.5369 98
24.5369 99
24.5411 96
24.5411 97
24.5457 98
24.5457 99
24.5501 100
24.5546 101
24.5546 102
24.559 103
24.559 104
24.5632 96
24.5632 97
24.5678 98
24.5678 99
24.5722 100
24.5766 101
24.5766 102
24.581 103
24.581 104
24.5852 96
24.5852 97
24.5899 98
24.5899 99
24.5943 100
24.5987 101
24.5987 102
24.6031 103
24.6031 104
24.6073 96
24.6073 97
24.6119 98
24.6119 99
24.6164 100
24.6208 101
24.6208 102
24.6252 103
24.6252 104
24.6294 96
24.6294 97
24.634 98
24.634 99
24.6384 100
24.6428 101
24.6428 102
24.6473 103
24.6473 104
24.6515 96
24.6515 97
24.6561 98
24.6561 99
24.6605 100
24.6649 101
24.6649 102
24.6693 103
24.6693 104
24.6736 96
24.6736 97
24.6782 98
24.6782 99
24.6826 100
24.687 101
24.687 102
24.6914 103
24.6914 104
24.6956 96
24.6956 97
24.7002 98
24.7002 99
24.7046 100
24.709 101
24.709 102
24.7135 103
24.7135 104
24.7177 96
24.7177 97
24.7223 98
24.7223 99
24.7267 100
24.7311 101
24.7311 102
24.7355 103
24.7355 104
24.7398 96
24.7398 97
24.7444 98
24.7444 99
24.7488 100
24.7532 101
24.7532 102
24.7576 103
24.7576 104
24.7619 96
24.7619 97
24.7664 98
24.7664 99
24.7708 100
24.7753 101
24.7753 102
24.7797 103
24.7797 104
24.784 96
24.784 97
24.7885 98
24.7885 99
24.7929 100
24.7973 101
24.7973 102
24.8017 103
24.8017 104
24.806 96
24.806 97
24.8106 98
24.8106 99
24.815 100
24.8194 101
24.8194 102
24.8238 103
24.8238 104
24.8281 96
24.8281 97
24.8326 98
24.8326 99
24.8371 100
24.8415 101
24.8415 102
24.8459 103
24.8459 104
24.8502 96
24.8502 97
24.8547 98
24.8547 99
24.8591 100
24.8635 101
24.8635 102
24.868 103
24.868 104
24.8723 96
24.8723 97
24.8768 98
24.8768 99
24.8812 100
24.8856 101
24.8856 102
24.89 103
24.89 104
24.8944 96
24.8944 97
24.8988 98
24.8988 99
24.9033 100
24.9077 101
24.9077 102
24.9121 103
24.9121 104
24.9164 96
24.9164 97
24.9209 98
24.9209 99
24.9253 100
24.9297 97
24.9297 98
24.9342 99
24.9386 100
24.9386 101
24.943 102
24.943 103
24.9474 104
24.9474 105
24.9518 97
24.9518 98
24.9562 99
24.9606 100
24.9606 101
24.9651 102
24.9651 103
24.9695 104
24.9695 105
24.9739 97
24.9739 98
24.9783 99
24.9827 100
24.9827 101
24.9871 102
24.9871 103
24.9915 104
24.9915 105
24.996 97
24.996 98
25.0004 99
25.0048 100
25.0048 101
25.0092 102
25.0092 103
25.0136 104
25.0136 105
25.018 97
25.018 98
25.0224 99
25.0269 100
25.0269 101
25.0313 102
25.0313 103
25.0357 104
25.0357 105
25.0401 97
25.0401 98
25.0445 99
25.0489 100
25.0489 101
25.0533 102
25.0533 103
25.0578 104
25.0578 105
25.0622 97
25.0622 98
25.0666 99
25.071 100
25.071 101
25.0754 102
25.0754 103
25.0798 104
25.0798 105
25.0842 97
25.0842 98
25.0887 99
25.0931 100
25.0931 101
25.0975 102
25.0975 103
25.1019 104
25.1019 105
25.1063 97
25.1063 98
25.1107 99
25.1151 100
25.1151 101
25.1196 102
25.1196 103
25.124 104
25.124 105
25.1284 97
25.1284 98
25.1328 99
25.1372 100
25.1372 101
25.1416 102
25.1416 103
25.146 104
25.146 105
25.1504 97
25.1504 98
25.1549 99
25.1593 100
25.1593 101
25.1637 102
25.1637 103
25.1681 104
25.1681 105
25.1725 97
25.1725 98
25.1769 99
25.1813 100
25.1813 101
25.1858 102
25.1858 103
25.1902 104
25.1902 105
25.1946 97
25.1946 98
25.199 99
25.2034 100
25.2034 101
25.2078 102
25.2078 103
25.2122 104
25.2122 105
25.2167 97
25.2167 98
25.2211 99
25.2255 100
25.2255 101
25.2299 102
25.2299 103
25.2343 104
25.2343 105
25.2387 97
25.2387 98
25.2431 99
25.2476 100
25.2476 101
25.252 102
25.252 103
25.2564 104
25.2564 105
25.2608 97
25.2608 98
25.2652 99
25.2696 100
25.2696 101
25.274 102
25.274 103
25.2785 104
25.2785 105
25.2829 97
25.2829 98
25.2873 99
25.2917 100
25.2917 101
25.2961 102
25.2961 103
25.3005 104
25.3005 105
25.3049 97
25.3049 98
25.3094 99
25.3138 100
25.3138 101
25.3182 102
25.3182 103
25.3226 104
25.3226 105
25.327 97
25.327 98
25.3314 99
25.3358 100
25.3358 101
25.3403 102
25.3403 103
25.3447 104
25.3447 105
25.3491 97
25.3491 98
25.3535 99
25.3579 100
25.3579 101
25.3623 102
25.3623 103
25.3667 104
25.3667 105
25.3711 97
25.3711 98
25.3756 99
25.38 100
25.38 101
25.3844 102
25.3844 103
25.3888 104
25.3888 105
25.3932 97
25.3932 98
25.3976 99
25.402 100
25.402 101
25.4065 102
25.4065 103
25.4109 104
25.4109 105
25.4153 97
25.4153 98
25.4197 99
25.4241 97
25.4241 98
25.4285 99
25.4329 100
25.4329 101
25.4374 102
25.4374 103
25.4418 104
25.4418 105
25.4462 97
25.4462 98
25.4506 99
25.455 100
25.455 101
25.4594 102
25.4594 103
25.4638 104
25.4638 105
25.4683 97
25.4683 98
25.4727 99
25.4771 100
25.4771 101
25.4815 102
25.4815 103
25.4859 104
25.4859 105
25.4903 97
25.4903 98
25.4947 99
25.4992 100
25.4992 101
25.5036 102
25.5036 103
25.508 104
25.508 105
25.5124 97
25.5124 98
25.5168 99
25.5212 100
25.5212 101
25.5256 102
25.5256 103
25.5301 104
25.5301 105
25.5345 97
25.5345 98
25.5389 99
25.5433 100
25.5433 101
25.5477 102
25.5477 103
25.5521 104
25.5521 105
25.5565 97
25.5565 98
25.561 99
25.5654 100
25.5654 101
25.5698 102
25.5698 103
25.5742 104
25.5742 105
25.5786 97
25.5786 98
25.583 99
25.5874 100
25.5874 101
25.5918 102
25.5918 103
25.5963 104
25.5963 105
25.6007 97
25.6007 98
25.6051 99
25.6095 100
25.6095 101
25.6139 102
25.6139 103
25.6183 104
25.6183 105
25.6227 97
25.6227 98
25.6272 99
25.6316 100
25.6316 101
25.636 102
25.636 103
25.6404 104
25.6404 105
25.6448 97
25.6448 98
25.6492 99
25.6536 100
25.6536 101
25.6581 102
25.6581 103
25.6625 104
25.6625 105
25.6669 97
25.6669 98
25.6713 99
25.6757 100
25.6757 101
25.6801 102
25.6801 103
25.6845 104
25.6845 105
25.689 97
25.689 98
25.6934 99
25.6978 100
25.6978 101
25.7022 102
25.7022 103
25.7066 104
25.7066 105
25.711 97
25.711 98
25.7146 99
25.7181 100
25.7181 101
25.7216 102
25.7216 103
25.7252 104
25.7252 105
25.7287 106
25.7287 107
25.7322 99
25.7358 100
25.7358 101
25.7393 102
25.7393 103
25.7428 104
25.7428 105
25.7463 106
25.7463 107
25.7499 108
25.7499 109
25.7533 100
25.7533 101
25.7569 102
25.7569 103
25.7605 104
25.7605 105
25.764 106
25.764 107
25.7675 108
25.7675 109
25.7711 110
25.7711 111
25.7746 112
25.7781 104
25.7781 105
25.7817 106
25.7817 107
25.7852 108
25.7852 109
25.7887 110
25.7887 111
25.7923 112
25.7958 113
25.7958 114
25.7993 106
25.7993 107
25.8029 108
25.8029 109
25.8064 110
25.8064 111
25.8099 107
25.8099 108
25.8135 109
25.8135 110
25.817 111
25.8205 112
25.8205 113
25.8241 114
25.8241 115
25.8276 116
25.8276 117
25.8306 109
25.8306 110
25.8346 111
25.8382 112
25.8382 113
25.8417 114
25.8417 115
25.8452 116
25.8452 117
25.8488 118
25.8488 119
25.8523 120
25.8523 121
25.8558 112
25.8558 113
25.8594 114
25.8594 115
25.8629 116
25.8629 117
25.8664 118
25.8664 119
25.87 120
25.87 121
25.8735 122
25.8735 123
25.877 114
25.877 115
25.8806 116
25.8806 117
25.8841 118
25.8841 119
25.8876 120
25.8876 121
25.8912 122
25.8912 123
25.8947 124
25.8982 116
25.8982 117
25.9018 118
25.9018 119
25.9053 120
25.9053 121
25.9088 122
25.9088 123
25.9123 124
25.9159 125
25.9159 126
25.9189 118
25.9189 119
25.9229 120
25.9229 121
25.9265 122
25.9265 123
25.93 124
25.9335 125
25.9335 126
25.9371 127
25.9371 128
25.9406 129
25.9406 130
25.9441 122
25.9441 123
25.95 124
25.9559 125
25.9559 126
25.9618 127
25.9618 128
25.9677 120
25.9677 121
25.9736 122
25.9736 123
25.9795 124
25.9851 116
25.9851 117
25.9912 118
25.9912 119
25.9971 120
25.9971 121
26.003 122
26.003 123
26.0089 114
26.0089 115
26.0148 116
26.0148 117
26.0207 118
26.0207 119
26.0265 120
26.0265 121
26.0324 112
26.0324 113
26.0383 114
26.0383 115
26.0442 116
26.0442 117
26.0501 118
26.0501 119
26.056 111
26.0619 112
26.0619 113
26.0677 114
26.0677 115
26.0734 107
26.0734 108
26.0795 109
26.0795 110
26.0854 111
26.0913 112
26.0913 113
26.0972 105
26.0972 106
26.1031 107
26.1031 108
26.1089 109
26.1089 110
26.1148 111
26.1207 103
26.1207 104
26.1266 105
26.1266 106
26.1325 107
26.1325 108
26.1384 109
26.1384 110
26.1443 101
26.1443 102
26.1501 103
26.1501 104
26.156 105
26.156 106
26.1618 98
26.1618 99
26.1663 100
26.1707 101
26.1707 102
26.1752 103
26.1752 104
26.1796 105
26.1796 106
26.1838 98
26.1838 99
26.1884 100
26.1928 101
26.1928 102
26.1972 103
26.1972 104
26.2016 105
26.2016 106
26.2059 98
26.2059 99
26.2105 100
26.2149 101
26.2149 102
26.2193 103
26.2193 104
26.2237 105
26.2237 106
26.228 98
26.228 99
26.2325 100
26.237 101
26.237 102
26.2414 103
26.2414 104
26.2458 105
26.2458 106
26.2501 98
26.2501 99
26.2546 100
26.259 101
26.259 102
26.2634 103
26.2634 104
26.2679 105
26.2679 106
26.2722 98
26.2722 99
26.2767 100
26.2811 101
26.2811 102
26.2855 103
26.2855 104
26.2899 105
26.2899 106
26.2942 98
26.2942 99
26.2988 100
26.3031 98
26.3031 99
26.3076 100
26.312 101
26.312 102
26.3164 103
26.3164 104
26.3208 105
26.3208 106
26.3251 98
26.3251 99
26.3297 100
26.3341 101
26.3341 102
26.3385 103
26.3385 104
26.3429 105
26.3429 106
26.3472 98
26.3472 99
26.3517 100
26.3561 101
26.3561 102
26.3605 103
26.3605 104
26.365 105
26.365 106
26.3693 98
26.3693 99
26.3738 100
26.3782 101
26.3782 102
26.3826 103
26.3826 104
26.387 105
26.387 106
26.3914 98
26.3914 99
26.3959 100
26.4003 101
26.4003 102
26.4047 103
26.4047 104
26.4091 105
26.4091 106
26.4135 98
26.4135 99
26.4179 100
26.4223 101
26.4223 102
26.4268 103
26.4268 104
26.4312 105
26.4312 106
26.4355 98
26.4355 99
26.44 100
26.4444 101
26.4444 102
26.4488 103
26.4488 104
26.4532 105
26.4532 106
26.4576 98
26.4576 99
26.4621 100
26.4665 101
26.4665 102
26.4709 103
26.4709 104
26.4753 105
26.4753 106
26.4797 98
26.4797 99
26.4841 100
26.4886 101
26.4886 102
26.493 103
26.493 104
26.4974 105
26.4974 106
26.5018 98
26.5018 99
26.5062 100
26.5106 101
26.5106 102
26.515 103
26.515 104
26.5195 105
26.5195 106
26.5239 98
26.5239 99
26.5283 100
26.5327 101
26.5327 102
26.5371 103
26.5371 104
26.5415 105
26.5415 106
26.5459 107
26.5459 108
26.5504 99
26.5504 100
26.5548 101
26.5548 102
26.5592 103
26.5592 104
26.5636 105
26.5636 106
26.568 107
26.568 108
26.5724 99
26.5724 100
26.5768 101
26.5768 102
26.5813 103
26.5813 104
26.5857 105
26.5857 106
26.5901 107
26.5901 108
26.5945 99
26.5945 100
26.5989 101
26.5989 102
26.6033 103
26.6033 104
26.6077 105
26.6077 106
26.6121 107
26.6121 108
26.6166 99
26.6166 100
26.621 101
26.621 102
26.6254 103
26.6254 104
26.6298 105
26.6298 106
26.6342 107
26.6342 108
26.6386 99
26.6386 100
26.643 101
26.643 102
26.6475 103
26.6475 104
26.6519 105
26.6519 106
26.6563 107
26.6563 108
26.6607 99
26.6607 100
26.6651 101
26.6651 102
26.6695 103
26.6695 104
26.6739 105
26.6739 106
26.6784 107
26.6784 108
26.6828 99
26.6828 100
26.6872 101
26.6872 102
26.6916 99
26.696 100
26.696 101
26.7004 102
26.7004 103
26.7048 104
26.7048 105
26.7093 106
26.7093 107
26.7137 99
26.7181 100
26.7181 101
26.7225 102
26.7225 103
26.7269 104
26.7269 105
26.7313 106
26.7313 107
26.7357 99
26.7402 100
26.7402 101
26.7446 102
26.7446 103
26.749 104
26.749 105
26.7534 106
26.7534 107
26.7578 99
26.7622 100
26.7622 101
26.7666 102
26.7666 103
26.7711 104
26.7711 105
26.7755 106
26.7755 107
26.7799 99
26.7843 100
26.7843 101
26.7887 102
26.7887 103
26.7931 104
26.7931 105
26.7975 106
26.7975 107
26.802 99
26.8064 100
26.8064 101
26.8108 102
26.8108 103
26.8152 104
26.8152 105
26.8196 106
26.8196 107
26.824 99
26.8284 100
26.8284 101
26.8328 102
26.8328 103
26.8373 104
26.8373 105
26.8417 106
26.8417 107
26.8461 99
26.8505 100
26.8505 101
26.8549 102
26.8549 103
26.8593 104
26.8593 105
26.8637 106
26.8637 107
26.8682 99
26.8726 100
26.8726 101
26.877 102
26.877 103
26.8814 104
26.8814 105
26.8858 106
26.8858 107
26.8902 99
26.8946 100
26.8946 101
26.8991 102
26.8991 103
26.9035 104
26.9035 105
26.9079 106
26.9079 107
26.9123 99
26.9167 100
26.9167 101
26.9211 102
26.9211 103
26.9255 104
26.9255 105
26.93 106
26.93 107
26.9344 99
26.9388 100
26.9388 101
26.9432 102
26.9432 103
26.9476 104
26.9476 105
26.952 106
26.952 107
26.9564 99
26.9609 100
26.9609 101
26.9653 102
26.9653 103
26.9697 104
26.9697 105
26.9741 106
26.9741 107
26.9785 99
26.9829 100
26.9829 101
26.9873 102
26.9873 103
26.9918 104
26.9918 105
26.9962 106
26.9962 107
27.0006 99
27.005 100
27.005 101
27.0094 102
27.0094 103
27.0138 104
27.0138 105
27.0182 106
27.0182 107
27.0226 99
27.0271 100
27.0271 101
27.0315 102
27.0315 103
27.0359 104
27.0359 105
27.0403 106
27.0403 107
27.0447 99
27.0491 100
27.0491 101
27.0535 102
27.0535 103
27.058 104
27.058 105
27.0624 106
27.0624 107
27.0668 99
27.0712 100
27.0712 101
27.0756 102
27.0756 103
27.08 104
27.08 105
27.0844 106
27.0844 107
27.0889 99
27.0933 100
27.0933 101
27.0977 102
27.0977 103
27.1021 104
27.1021 105
27.1065 106
27.1065 107
27.1109 99
27.1153 100
27.1153 101
27.1198 102
27.1198 103
27.1242 104
27.1242 105
27.1286 106
27.1286 107
27.133 99
27.1374 100
27.1374 101
27.1418 102
27.1418 103
27.1462 104
27.1462 105
27.1507 106
27.1507 107
27.1551 99
27.1595 100
27.1595 101
27.1639 102
27.1639 103
27.1683 104
27.1683 105
27.1727 106
27.1727 107
27.1771 99
27.1816 100
27.1816 101
27.186 99
27.1904 100
27.1904 101
27.1948 102
27.1948 103
27.1992 104
27.1992 105
27.2036 106
27.2036 107
27.208 99
27.2125 100
27.2125 101
27.2169 102
27.2169 103
27.2213 104
27.2213 105
27.2257 106
27.2257 107
27.2301 99
27.2345 100
27.2345 101
27.2389 102
27.2389 103
27.2434 104
27.2434 105
27.2478 106
27.2478 107
27.2522 99
27.2566 100
27.2566 101
27.261 102
27.261 103
27.2654 104
27.2654 105
27.2698 106
27.2698 107
27.2742 99
27.2787 100
27.2787 101
27.2831 102
27.2831 103
27.2875 104
27.2875 105
27.2919 106
27.2919 107
27.2963 99
27.3007 100
27.3007 101
27.3051 102
27.3051 103
27.3096 104
27.3096 105
27.314 106
27.314 107
27.3184 99
27.3228 100
27.3228 101
27.3272 102
27.3272 103
27.3316 104
27.3316 105
27.336 106
27.336 107
27.3405 99
27.3449 100
27.3449 101
27.3493 102
27.3493 103
27.3537 104
27.3537 105
27.3581 106
27.3581 107
27.3625 99
27.3669 100
27.3669 101
27.3714 102
27.3714 103
27.3758 104
27.3758 105
27.3802 106
27.3802 107
27.3846 99
27.389 100
27.389 101
27.3934 102
27.3934 103
27.3978 104
27.3978 105
27.4023 106
27.4023 107
27.4067 99
27.4111 100
27.4111 101
27.4155 102
27.4155 103
27.4199 104
27.4199 105
27.4243 106
27.4243 107
27.4287 99
27.4332 100
27.4332 101
27.4376 102
27.4376 103
27.442 104
27.442 105
27.4464 106
27.4464 107
27.4508 99
27.4552 100
27.4552 101
27.4596 102
27.4596 103
27.4641 104
27.4641 105
27.4685 106
27.4685 107
27.4729 99
27.4773 100
27.4773 101
27.4817 102
27.4817 103
27.4861 104
27.4861 105
27.4905 106
27.4905 107
27.4949 99
27.4994 100
27.4994 101
27.5038 102
27.5038 103
27.5082 104
27.5082 105
27.5126 106
27.5126 107
27.517 99
27.5205 100
27.5205 101
27.5241 102
27.5241 103
27.5276 104
27.5276 105
27.5311 106
27.5311 107
27.5347 108
27.5347 109
27.5373 100
27.5373 101
27.5417 102
27.5417 103
27.5453 104
27.5453 105
27.5488 106
27.5488 107
27.5523 108
27.5523 109
27.5559 110
27.5559 111
27.5594 112
27.5629 104
27.5629 105
27.5665 106
27.5665 107
27.57 108
27.57 109
27.5735 105
27.5735 106
27.5771 107
27.5771 108
27.5806 109
27.5806 110
27.5841 111
27.5877 112
27.5877 113
27.5912 114
27.5912 115
27.5947 107
27.5947 108
27.5983 109
27.5983 110
27.6018 111
27.6053 112
27.6053 113
27.6089 114
27.6089 115
27.6124 116
27.6124 117
27.6159 109
27.6159 110
27.6194 111
27.623 112
27.623 113
27.6265 114
27.6265 115
27.63 116
27.63 117
27.6336 118
27.6336 119
27.6367 111
27.6406 112
27.6406 113
27.6442 114
27.6442 115
27.6477 116
27.6477 117
27.6512 118
27.6512 119
27.6548 120
27.6548 121
27.6583 122
27.6583 123
27.6618 114
27.6618 115
27.6654 116
27.6654 117
27.6689 118
27.6689 119
27.6724 120
27.6724 121
27.676 122
27.676 123
27.6795 124
27.683 116
27.683 117
27.6866 118
27.6866 119
27.6901 120
27.6901 121
27.6936 122
27.6936 123
27.6972 124
27.7007 125
27.7007 126
27.7042 118
27.7042 119
27.7077 120
27.7077 121
27.7113 122
27.7113 123
27.7148 124
27.7183 125
27.7183 126
27.7219 127
27.7219 128
27.725 120
27.725 121
27.7289 122
27.7289 123
27.7325 124
27.736 125
27.736 126
27.7395 127
27.7395 128
27.7431 129
27.7431 130
27.7466 131
27.7466 132
27.7501 123
27.7501 124
27.756 125
27.756 126
27.7619 127
27.7619 128
27.7678 129
27.7678 130
27.7737 122
27.7737 123
27.7796 124
27.7854 125
27.7854 126
27.7913 118
27.7913 119
27.7972 120
27.7972 121
27.8031 122
27.8031 123
27.809 124
27.8149 116
27.8149 117
27.8208 118
27.8208 119
27.8266 120
27.8266 121
27.8325 122
27.8325 123
27.8384 114
27.8384 115
27.8443 116
27.8443 117
27.8502 118
27.8502 119
27.8561 120
27.8561 121
27.862 112
27.862 113
27.8679 114
27.8679 115
27.8737 116
27.8737 117
27.8796 109
27.8796 110
27.8855 111
27.8914 112
27.8914 113
27.8973 114
27.8973 115
27.9032 107
27.9032 108
27.9091 109
27.9091 110
27.9149 111
27.9208 112
27.9208 113
27.9267 105
27.9267 106
27.9326 107
27.9326 108
27.9385 109
27.9385 110
27.9444 111
27.9503 103
27.9503 104
27.9561 105
27.9561 106
27.962 107
27.962 108
27.9679 99
27.9679 100
27.9723 101
27.9723 102
27.9767 103
27.9767 104
27.9812 105
27.9812 106
27.9856 107
27.9856 108
27.99 99
27.99 100
27.9944 101
27.9944 102
27.9988 103
27.9988 104
28.0032 105
28.0032 106
28.0076 107
28.0076 108
28.0121 109
28.0121 110
28.0165 101
28.0165 102
28.0209 103
28.0209 104
28.0253 105
28.0253 106
28.0297 107
28.0297 108
28.0341 109
28.0341 110
28.0385 101
28.0385 102
28.0429 103
28.0429 104
28.0474 105
28.0474 106
28.0518 107
28.0518 108
28.0562 109
28.0562 110
28.0606 101
28.0606 102
28.065 103
28.065 104
28.0694 101
28.0694 102
28.0738 103
28.0738 104
28.0783 105
28.0783 106
28.0827 107
28.0827 108
28.0871 109
28.0871 110
28.0915 101
28.0915 102
28.0959 103
28.0959 104
28.1003 105
28.1003 106
28.1047 107
28.1047 108
28.1092 109
28.1092 110
28.1136 101
28.1136 102
28.118 103
28.118 104
28.1224 105
28.1224 106
28.1268 107
28.1268 108
28.1312 109
28.1312 110
28.1356 101
28.1356 102
28.1401 103
28.1401 104
28.1445 105
28.1445 106
28.1489 107
28.1489 108
28.1533 109
28.1533 110
28.1577 101
28.1577 102
28.1621 103
28.1621 104
28.1665 105
28.1665 106
28.171 107
28.171 108
28.1754 109
28.1754 110
28.1798 101
28.1798 102
28.1842 103
28.1842 104
28.1886 105
28.1886 106
28.193 107
28.193 108
28.1974 109
28.1974 110
28.2019 101
28.2019 102
28.2063 103
28.2063 104
28.2107 105
28.2107 106
28.2151 107
28.2151 108
28.2195 109
28.2195 110
28.2239 101
28.2239 102
28.2283 103
28.2283 104
28.2328 105
28.2328 106
28.2372 107
28.2372 108
28.2416 109
28.2416 110
28.246 101
28.246 102
28.2504 103
28.2504 104
28.2548 105
28.2548 106
28.2592 107
28.2592 108
28.2637 109
28.2637 110
28.2681 101
28.2681 102
28.2725 103
28.2725 104
28.2769 105
28.2769 106
28.2813 107
28.2813 108
28.2857 109
28.2857 110
28.2901 101
28.2901 102
28.2945 103
28.2945 104
28.299 105
28.299 106
28.3034 107
28.3034 108
28.3078 109
28.3078 110
28.3122 101
28.3122 102
28.3166 103
28.3166 104
28.321 105
28.321 106
28.3254 107
28.3254 108
28.3299 109
28.3299 110
28.3343 101
28.3343 102
28.3387 103
28.3387 104
28.3431 105
28.3431 106
28.3475 107
28.3475 108
28.3519 109
28.3519 110
28.3563 101
28.3563 102
28.3608 103
28.3608 104
28.3652 105
28.3652 106
28.3696 107
28.3696 108
28.374 109
28.374 110
28.3784 101
28.3784 102
28.3828 103
28.3828 104
28.3872 105
28.3872 106
28.3917 107
28.3917 108
28.3961 109
28.3961 110
28.4005 101
28.4005 102
28.4049 103
28.4049 104
28.4093 105
28.4093 106
28.4137 107
28.4137 108
28.4181 109
28.4181 110
28.4226 101
28.4226 102
28.427 103
28.427 104
28.4314 105
28.4314 106
28.4358 107
28.4358 108
28.4402 109
28.4402 110
28.4446 101
28.4446 102
28.449 103
28.449 104
28.4535 100
28.4535 101
28.4579 102
28.4579 103
28.4623 104
28.4623 105
28.4667 106
28.4667 107
28.4711 108
28.4711 109
28.4755 100
28.4755 101
28.4799 102
28.4799 103
28.4844 104
28.4844 105
28.4888 106
28.4888 107
28.4932 108
28.4932 109
28.4976 100
28.4976 101
28.502 102
28.502 103
28.5064 104
28.5064 105
28.5108 106
28.5108 107
28.5152 108
28.5152 109
28.5197 100
28.5197 101
28.5241 102
28.5241 103
28.5285 104
28.5285 105
28.5329 106
28.5329 107
28.5373 108
28.5373 109
28.5417 100
28.5417 101
28.5461 102
28.5461 103
28.5506 104
28.5506 105
28.555 106
28.555 107
28.5594 108
28.5594 109
28.5638 100
28.5638 101
28.5682 102
28.5682 103
28.5726 104
28.5726 105
28.577 106
28.577 107
28.5815 108
28.5815 109
28.5859 100
28.5859 101
28.5903 102
28.5903 103
28.5947 104
28.5947 105
28.5991 106
28.5991 107
28.6035 108
28.6035 109
28.6079 100
28.6079 101
28.6124 102
28.6124 103
28.6168 104
28.6168 105
28.6212 106
28.6212 107
28.6256 108
28.6256 109
28.63 100
28.63 101
28.6344 102
28.6344 103
28.6388 104
28.6388 105
28.6433 106
28.6433 107
28.6477 108
28.6477 109
28.6521 100
28.6521 101
28.6565 102
28.6565 103
28.6609 104
28.6609 105
28.6653 106
28.6653 107
28.6697 108
28.6697 109
28.6742 100
28.6742 101
28.6786 102
28.6786 103
28.683 104
28.683 105
28.6874 106
28.6874 107
28.6918 108
28.6918 109
28.6962 100
28.6962 101
28.7006 102
28.7006 103
28.705 104
28.705 105
28.7095 106
28.7095 107
28.7139 108
28.7139 109
28.7183 100
28.7183 101
28.7227 102
28.7227 103
28.7271 104
28.7271 105
28.7315 106
28.7315 107
28.7359 108
28.7359 109
28.7404 100
28.7404 101
28.7448 102
28.7448 103
28.7492 104
28.7492 105
28.7536 106
28.7536 107
28.758 108
28.758 109
28.7624 100
28.7624 101
28.7668 102
28.7668 103
28.7713 104
28.7713 105
28.7757 106
28.7757 107
28.7801 108
28.7801 109
28.7845 100
28.7845 101
28.7889 102
28.7889 103
28.7933 104
28.7933 105
28.7977 106
28.7977 107
28.8022 108
28.8022 109
28.8066 100
28.8066 101
28.811 102
28.811 103
28.8154 104
28.8154 105
28.8198 106
28.8198 107
28.8242 108
28.8242 109
28.8286 100
28.8286 101
28.8331 102
28.8331 103
28.8375 104
28.8375 105
28.8419 106
28.8419 107
28.8463 108
28.8463 109
28.8507 100
28.8507 101
28.8551 102
28.8551 103
28.8595 104
28.8595 105
28.864 106
28.864 107
28.8684 108
28.8684 109
28.8728 100
28.8728 101
28.8772 102
28.8772 103
28.8816 104
28.8816 105
28.886 106
28.886 107
28.8904 108
28.8904 109
28.8949 100
28.8949 101
28.8993 102
28.8993 103
28.9037 104
28.9037 105
28.9081 106
28.9081 107
28.9125 108
28.9125 109
28.9169 100
28.9169 101
28.9213 102
28.9213 103
28.9258 104
28.9258 105
28.9302 106
28.9302 107
28.9346 108
28.9346 109
28.939 100
28.939 101
28.9434 102
28.9434 103
28.9478 100
28.9478 101
28.9522 102
28.9522 103
28.9566 104
28.9566 105
28.9611 106
28.9611 107
28.9655 108
28.9655 109
28.9699 100
28.9699 101
28.9743 102
28.9743 103
28.9787 104
28.9787 105
28.9831 106
28.9831 107
28.9875 108
28.9875 109
28.992 100
28.992 101
28.9964 102
28.9964 103
29.0008 104
29.0008 105
29.0052 106
29.0052 107
29.0096 108
29.0096 109
29.014 100
29.014 101
29.0184 102
29.0184 103
29.0229 104
29.0229 105
29.0273 106
29.0273 107
29.0317 108
29.0317 109
29.0361 100
29.0361 101
29.0405 102
29.0405 103
29.0449 104
29.0449 105
29.0493 106
29.0493 107
29.0538 108
29.0538 109
29.0582 100
29.0582 101
29.0626 102
29.0626 103
29.067 104
29.067 105
29.0714 106
29.0714 107
29.0758 108
29.0758 109
29.0802 100
29.0802 101
29.0847 102
29.0847 103
29.0891 104
29.0891 105
29.0935 106
29.0935 107
29.0979 108
29.0979 109
29.1023 100
29.1023 101
29.1067 102
29.1067 103
29.1111 104
29.1111 105
29.1156 106
29.1156 107
29.12 108
29.12 109
29.1244 100
29.1244 101
29.1288 102
29.1288 103
29.1332 104
29.1332 105
29.1376 106
29.1376 107
29.142 108
29.142 109
29.1465 100
29.1465 101
29.1509 102
29.1509 103
29.1553 104
29.1553 105
29.1597 106
29.1597 107
29.1641 108
29.1641 109
29.1685 100
29.1685 101
29.1729 102
29.1729 103
29.1773 104
29.1773 105
29.1818 106
29.1818 107
29.1862 108
29.1862 109
29.1906 100
29.1906 101
29.195 102
29.195 103
29.1994 104
29.1994 105
29.2038 106
29.2038 107
29.2082 108
29.2082 109
29.2127 100
29.2127 101
29.2171 102
29.2171 103
29.2215 104
29.2215 105
29.2259 106
29.2259 107
29.2303 108
29.2303 109
29.2347 100
29.2347 101
29.2391 102
29.2391 103
29.2436 104
29.2436 105
29.248 106
29.248 107
29.2524 108
29.2524 109
29.2568 100
29.2568 101
29.2612 102
29.2612 103
29.2656 104
29.2656 105
29.27 106
29.27 107
29.2745 108
29.2745 109
29.2789 100
29.2789 101
29.2833 102
29.2833 103
29.2877 104
29.2877 105
29.2921 106
29.2921 107
29.2965 108
29.2965 109
29.3009 100
29.3009 101
29.3054 102
29.3054 103
29.3098 104
29.3098 105
29.3142 106
29.3142 107
29.3186 108
29.3186 109
29.323 100
29.323 101
29.3265 102
29.3265 103
29.3301 104
29.3301 105
29.3336 101
29.3336 102
29.3371 103
29.3371 104
29.3407 105
29.3407 106
29.3442 107
29.3442 108
29.3477 109
29.3477 110
29.3513 111
29.3545 103
29.3545 104
29.3583 105
29.3583 106
29.3619 107
29.3619 108
29.3654 109
29.3654 110
29.3689 111
29.3725 112
29.3725 113
29.376 114
29.376 115
29.3795 107
29.3795 108
29.3831 109
29.3831 110
29.3866 111
29.3901 112
29.3901 113
29.3937 114
29.3937 115
29.3972 116
29.3972 117
29.4007 109
29.4007 110
29.4042 111
29.4078 112
29.4078 113
29.4113 114
29.4113 115
29.4148 116
29.4148 117
29.4184 118
29.4184 119
29.4219 111
29.4254 112
29.4254 113
29.429 114
29.429 115
29.4325 116
29.4325 117
29.436 118
29.436 119
29.4396 120
29.4396 121
29.4428 112
29.4428 113
29.4466 114
29.4466 115
29.4502 116
29.4502 117
29.4537 118
29.4537 119
29.4572 120
29.4572 121
29.4608 122
29.4608 123
29.4643 124
29.4678 116
29.4678 117
29.4714 118
29.4714 119
29.4749 120
29.4749 121
29.4784 122
29.4784 123
29.482 124
29.4855 125
29.4855 126
29.489 118
29.489 119
29.4925 120
29.4925 121
29.4961 122
29.4961 123
29.4996 124
29.5031 125
29.5031 126
29.5067 127
29.5067 128
29.5102 120
29.5102 121
29.5137 122
29.5137 123
29.5173 124
29.5208 125
29.5208 126
29.5243 127
29.5243 128
29.5279 129
29.5279 130
29.5312 122
29.5312 123
29.5349 124
29.5385 125
29.5385 126
29.542 127
29.542 128
29.5455 129
29.5455 130
29.5491 131
29.5491 132
29.5526 133
29.5526 134
29.5561 125
29.5561 126
29.562 127
29.562 128
29.5679 129
29.5679 130
29.5738 131
29.5738 132
29.5797 123
29.5797 124
29.5856 125
29.5856 126
29.5914 127
29.5914 128
29.5973 129
29.5973 130
29.6032 122
29.6032 123
29.6091 124
29.615 125
29.615 126
29.6209 118
29.6209 119
29.6268 120
29.6268 121
29.6326 122
29.6326 123
29.6385 124
29.6444 116
29.6444 117
29.6503 118
29.6503 119
29.6562 120
29.6562 121
29.6621 122
29.6621 123
29.668 114
29.668 115
29.6738 116
29.6738 117
29.6797 118
29.6797 119
29.6856 120
29.6856 121
29.6915 112
29.6915 113
29.6974 114
29.6974 115
29.7033 116
29.7033 117
29.7092 109
29.7092 110
29.715 111
29.7209 112
29.7209 113
29.7268 114
29.7268 115
29.7327 107
29.7327 108
29.7386 109
29.7386 110
29.7445 111
29.7504 112
29.7504 113
29.7562 105
29.7562 106
29.7621 107
29.7621 108
29.768 109
29.768 110
29.7739 111
29.7798 103
29.7798 104
29.7842 105
29.7842 106
29.7886 107
29.7886 108
29.793 109
29.793 110
29.7974 101
29.7974 102
29.8019 103
29.8019 104
29.8063 105
29.8063 106
29.8107 107
29.8107 108
29.8151 109
29.8151 110
29.8195 101
29.8195 102
29.8239 103
29.8239 104
29.8283 101
29.8283 102
29.8328 103
29.8328 104
29.8372 105
29.8372 106
29.8416 107
29.8416 108
29.846 109
29.846 110
29.8504 101
29.8504 102
29.8548 103
29.8548 104
29.8592 105
29.8592 106
29.8637 107
29.8637 108
29.8681 109
29.8681 110
29.8725 101
29.8725 102
29.8769 103
29.8769 104
29.8813 105
29.8813 106
29.8857 107
29.8857 108
29.8901 109
29.8901 110
29.8946 101
29.8946 102
29.899 103
29.899 104
29.9034 105
29.9034 106
29.9078 107
29.9078 108
29.9122 109
29.9122 110
29.9166 101
29.9166 102
29.921 103
29.921 104
29.9255 105
29.9255 106
29.9299 107
29.9299 108
29.9343 109
29.9343 110
29.9387 101
29.9387 102
29.9431 103
29.9431 104
29.9475 105
29.9475 106
29.9519 107
29.9519 108
29.9564 109
29.9564 110
29.9608 101
29.9608 102
29.9652 103
29.9652 104
29.9696 105
29.9696 106
29.974 107
29.974 108
29.9784 109
29.9784 110
29.9828 101
29.9828 102
29.9872 103
29.9872 104
29.9917 105
29.9917 106
29.9961 107
29.9961 108
30.0005 109
30.0005 110
30.0049 101
30.0049 102
30.0093 103
30.0093 104
30.0137 105
30.0137 106
30.0181 107
30.0181 108
30.0226 109
30.0226 110
30.027 101
30.027 102
30.0314 103
30.0314 104
30.0358 105
30.0358 106
30.0402 107
30.0402 108
30.0446 109
30.0446 110
30.049 101
30.049 102
30.0535 103
30.0535 104
30.0579 105
30.0579 106
30.0623 107
30.0623 108
30.0667 109
30.0667 110
30.0711 101
30.0711 102
30.0755 103
30.0755 104
30.0799 105
30.0799 106
30.0844 107
30.0844 108
30.0888 109
30.0888 110
30.0932 101
30.0932 102
30.0976 103
30.0976 104
30.102 105
30.102 106
30.1064 107
30.1064 108
30.1108 109
30.1108 110
30.1153 101
30.1153 102
30.1197 103
30.1197 104
30.1241 105
30.1241 106
30.1285 107
30.1285 108
30.1329 109
30.1329 110
30.1373 101
30.1373 102
30.1417 103
30.1417 104
30.1462 105
30.1462 106
30.1506 107
30.1506 108
30.155 109
30.155 110
30.1594 101
30.1594 102
30.1638 103
30.1638 104
30.1682 105
30.1682 106
30.1726 107
30.1726 108
30.177 109
30.177 110
30.1815 101
30.1815 102
30.1859 103
30.1859 104
30.1903 105
30.1903 106
30.1947 107
30.1947 108
30.1991 109
30.1991 110
30.2035 101
30.2035 102
30.2079 103
30.2079 104
30.2124 105
30.2124 106
30.2168 102
30.2168 103
30.2212 104
30.2212 105
30.2256 106
30.2256 107
30.23 108
30.23 109
30.2344 110
30.2344 111
30.2388 102
30.2388 103
30.2433 104
30.2433 105
30.2477 106
30.2477 107
30.2521 108
30.2521 109
30.2565 110
30.2565 111
30.2609 102
30.2609 103
30.2653 104
30.2653 105
30.2697 106
30.2697 107
30.2742 108
30.2742 109
30.2786 110
30.2786 111
30.283 102
30.283 103
30.2874 104
30.2874 105
30.2918 106
30.2918 107
30.2962 108
30.2962 109
30.3006 110
30.3006 111
30.3051 102
30.3051 103
30.3095 104
30.3095 105
30.3139 106
30.3139 107
30.3183 108
30.3183 109
30.3227 110
30.3227 111
30.3271 102
30.3271 103
30.3315 104
30.3315 105
30.336 106
30.336 107
30.3404 108
30.3404 109
30.3448 110
30.3448 111
30.3492 102
30.3492 103
30.3536 104
30.3536 105
30.358 106
30.358 107
30.3624 108
30.3624 109
30.3669 110
30.3669 111
30.3713 102
30.3713 103
30.3757 104
30.3757 105
30.3801 106
30.3801 107
30.3845 108
30.3845 109
30.3889 110
30.3889 111
30.3933 102
30.3933 103
30.3978 104
30.3978 105
30.4022 106
30.4022 107
30.4066 108
30.4066 109
30.411 110
30.411 111
30.4154 102
30.4154 103
30.4198 104
30.4198 105
30.4242 106
30.4242 107
30.4286 108
30.4286 109
30.4331 110
30.4331 111
30.4375 102
30.4375 103
30.4419 104
30.4419 105
30.4463 106
30.4463 107
30.4507 108
30.4507 109
30.4551 110
30.4551 111
30.4595 102
30.4595 103
30.464 104
30.464 105
30.4684 106
30.4684 107
30.4728 108
30.4728 109
30.4772 110
30.4772 111
30.4816 102
30.4816 103
30.486 104
30.486 105
30.4904 106
30.4904 107
30.4949 108
30.4949 109
30.4993 110
30.4993 111
30.5037 102
30.5037 103
30.5081 104
30.5081 105
30.5125 106
30.5125 107
30.5169 108
30.5169 109
30.5213 110
30.5213 111
30.5258 102
30.5258 103
30.5302 104
30.5302 105
30.5346 106
30.5346 107
30.539 108
30.539 109
30.5434 110
30.5434 111
30.5478 102
30.5478 103
30.5522 104
30.5522 105
30.5567 106
30.5567 107
30.5611 108
30.5611 109
30.5655 110
30.5655 111
30.5699 102
30.5699 103
30.5743 104
30.5743 105
30.5787 106
30.5787 107
30.5831 108
30.5831 109
30.5876 110
30.5876 111
30.592 102
30.592 103
30.5964 104
30.5964 105
30.6008 106
30.6008 107
30.6052 108
30.6052 109
30.6096 110
30.6096 111
30.614 102
30.614 103
30.6185 104
30.6185 105
30.6229 106
30.6229 107
30.6273 108
30.6273 109
30.6317 110
30.6317 111
30.6361 102
30.6361 103
30.6405 104
30.6405 105
30.6449 106
30.6449 107
30.6493 108
30.6493 109
30.6538 110
30.6538 111
30.6582 102
30.6582 103
30.6626 104
30.6626 105
30.667 106
30.667 107
30.6714 108
30.6714 109
30.6758 110
30.6758 111
30.6802 102
30.6802 103
30.6847 104
30.6847 105
30.6891 106
30.6891 107
30.6935 108
30.6935 109
30.6979 110
30.6979 111
30.7023 102
30.7023 103
30.7067 104
30.7067 105
30.7111 102
30.7111 103
30.7156 104
30.7156 105
30.72 106
30.72 107
30.7244 108
30.7244 109
30.7288 110
30.7288 111
30.7332 102
30.7332 103
30.7376 104
30.7376 105
30.742 106
30.742 107
30.7465 108
30.7465 109
30.7509 110
30.7509 111
30.7553 102
30.7553 103
30.7597 104
30.7597 105
30.7641 106
30.7641 107
30.7685 108
30.7685 109
30.7729 110
30.7729 111
30.7774 102
30.7774 103
30.7818 104
30.7818 105
30.7862 106
30.7862 107
30.7906 108
30.7906 109
30.795 110
30.795 111
30.7994 102
30.7994 103
30.8038 104
30.8038 105
30.8083 106
30.8083 107
30.8127 108
30.8127 109
30.8171 110
30.8171 111
30.8215 102
30.8215 103
30.8259 104
30.8259 105
30.8303 106
30.8303 107
30.8347 108
30.8347 109
30.8391 110
30.8391 111
30.8436 102
30.8436 103
30.848 104
30.848 105
30.8524 106
30.8524 107
30.8568 108
30.8568 109
30.8612 110
30.8612 111
30.8656 102
30.8656 103
30.87 104
30.87 105
30.8745 106
30.8745 107
30.8789 108
30.8789 109
30.8833 110
30.8833 111
30.8877 102
30.8877 103
30.8921 104
30.8921 105
30.8965 106
30.8965 107
30.9009 108
30.9009 109
30.9054 110
30.9054 111
30.9098 102
30.9098 103
30.9142 104
30.9142 105
30.9186 106
30.9186 107
30.923 108
30.923 109
30.9274 110
30.9274 111
30.9318 102
30.9318 103
30.9363 104
30.9363 105
30.9407 106
30.9407 107
30.9451 108
30.9451 109
30.9495 110
30.9495 111
30.9539 102
30.9539 103
30.9583 104
30.9583 105
30.9627 106
30.9627 107
30.9672 108
30.9672 109
30.9716 110
30.9716 111
30.976 102
30.976 103
30.9804 104
30.9804 105
30.9848 106
30.9848 107
30.9892 108
30.9892 109
30.9936 110
30.9936 111
30.9981 102
30.9981 103
31.0025 104
31.0025 105
31.0069 106
31.0069 107
31.0113 108
31.0113 109
31.0157 110
31.0157 111
31.0201 102
31.0201 103
31.0245 104
31.0245 105
31.029 106
31.029 107
31.0334 108
31.0334 109
31.0378 110
31.0378 111
31.0422 102
31.0422 103
31.0466 104
31.0466 105
31.051 106
31.051 107
31.0554 108
31.0554 109
31.0599 110
31.0599 111
31.0643 102
31.0643 103
31.0687 104
31.0687 105
31.0731 106
31.0731 107
31.0775 108
31.0775 109
31.0819 110
31.0819 111
31.0863 102
31.0863 103
31.0907 104
31.0907 105
31.0944 101
31.0944 102
31.0996 103
31.0996 104
31.104 105
31.104 106
31.1084 107
31.1084 108
31.1128 109
31.1128 110
31.1165 101
31.1165 102
31.1216 103
31.1216 104
31.1261 105
31.1261 106
31.1305 107
31.1305 108
31.1349 109
31.1349 110
31.1386 101
31.1386 102
31.1428 103
31.1428 104
31.1464 105
31.1464 106
31.1499 107
31.1499 108
31.1534 109
31.1534 110
31.157 111
31.1605 112
31.1605 113
31.164 105
31.164 106
31.1676 107
31.1676 108
31.1711 109
31.1711 110
31.1746 111
31.1782 112
31.1782 113
31.1817 114
31.1817 115
31.1852 107
31.1852 108
31.1888 109
31.1888 110
31.1923 111
31.1958 112
31.1958 113
31.1993 114
31.1993 115
31.2029 116
31.2029 117
31.2064 109
31.2064 110
31.2099 111
31.2135 112
31.2135 113
31.217 114
31.217 115
31.2205 116
31.2205 117
31.2241 118
31.2241 119
31.2269 111
31.2311 112
31.2311 113
31.2347 114
31.2347 115
31.2382 116
31.2382 117
31.2417 118
31.2417 119
31.2453 120
31.2453 121
31.2488 122
31.2488 123
31.2523 114
31.2523 115
31.2559 116
31.2559 117
31.2594 118
31.2594 119
31.2629 120
31.2629 121
31.2665 122
31.2665 123
31.27 124
31.2735 116
31.2735 117
31.2771 118
31.2771 119
31.2806 120
31.2806 121
31.2841 122
31.2841 123
31.2876 124
31.2912 125
31.2912 126
31.2947 118
31.2947 119
31.2982 120
31.2982 121
31.3018 122
31.3018 123
31.3053 124
31.3088 125
31.3088 126
31.3124 127
31.3124 128
31.3152 120
31.3152 121
31.3194 122
31.3194 123
31.323 124
31.3265 125
31.3265 126
31.33 127
31.33 128
31.3336 129
31.3336 130
31.3371 131
31.3371 132
31.3406 123
31.3406 124
31.3442 125
31.3442 126
31.3477 127
31.3477 128
31.3512 129
31.3512 130
31.3548 131
31.3548 132
31.3583 133
31.3583 134
31.3618 125
31.3618 126
31.3677 127
31.3677 128
31.3736 129
31.3736 130
31.3795 131
31.3795 132
31.3854 123
31.3854 124
31.3912 125
31.3912 126
31.3971 127
31.3971 128
31.403 129
31.403 130
31.4089 122
31.4089 123
31.4148 124
31.4207 125
31.4207 126
31.4256 118
31.4256 119
31.4325 120
31.4325 121
31.4383 122
31.4383 123
31.4442 124
31.4501 116
31.4501 117
31.456 118
31.456 119
31.4619 120
31.4619 121
31.4678 122
31.4678 123
31.4737 114
31.4737 115
31.4795 116
31.4795 117
31.4854 118
31.4854 119
31.4913 120
31.4913 121
31.4972 112
31.4972 113
31.5031 114
31.5031 115
31.509 116
31.509 117
31.5139 109
31.5139 110
31.5207 111
31.5266 112
31.5266 113
31.5325 114
31.5325 115
31.5384 107
31.5384 108
31.5443 109
31.5443 110
31.5502 111
31.5561 112
31.5561 113
31.5619 105
31.5619 106
31.5678 107
31.5678 108
31.5737 109
31.5737 110
31.5796 111
31.5855 103
31.5855 104
31.589 101
31.589 102
31.5943 103
31.5943 104
31.5987 105
31.5987 106
31.6031 107
31.6031 108
31.6076 109
31.6076 110
31.6111 101
31.6111 102
31.6164 103
31.6164 104
31.6208 105
31.6208 106
31.6252 107
31.6252 108
31.6296 109
31.6296 110
31.6332 101
31.6332 102
31.6385 103
31.6385 104
31.6429 105
31.6429 106
31.6473 107
31.6473 108
31.6517 109
31.6517 110
31.6553 101
31.6553 102
31.6605 103
31.6605 104
31.6649 105
31.6649 106
31.6694 107
31.6694 108
31.6738 109
31.6738 110
31.6773 101
31.6773 102
31.6826 103
31.6826 104
31.687 105
31.687 106
31.6914 107
31.6914 108
31.6958 109
31.6958 110
31.6994 101
31.6994 102
31.7047 103
31.7047 104
31.7091 105
31.7091 106
31.7135 107
31.7135 108
31.7179 109
31.7179 110
31.7215 101
31.7215 102
31.7267 103
31.7267 104
31.7311 105
31.7311 106
31.7356 107
31.7356 108
31.74 109
31.74 110
31.7436 101
31.7436 102
31.7488 103
31.7488 104
31.7532 105
31.7532 106
31.7576 107
31.7576 108
31.762 109
31.762 110
31.7657 101
31.7657 102
31.7709 103
31.7709 104
31.7753 105
31.7753 106
31.7797 107
31.7797 108
31.7841 109
31.7841 110
31.7877 101
31.7877 102
31.7929 103
31.7929 104
31.7974 105
31.7974 106
31.8018 107
31.8018 108
31.8062 109
31.8062 110
31.8098 101
31.8098 102
31.815 103
31.815 104
31.8194 105
31.8194 106
31.8238 107
31.8238 108
31.8283 109
31.8283 110
31.8319 101
31.8319 102
31.8371 103
31.8371 104
31.8415 105
31.8415 106
31.8459 107
31.8459 108
31.8503 109
31.8503 110
32.0004 41
32.0858 4
32.113 1
32.1152 2
32.1174 3
32.1196 4
32.3131 5
32.3175 6
32.3175 7
32.3219 8
32.3219 9
32.3264 10
32.3264 11
32.3308 12
32.3308 13
32.3352 14
32.3396 15
32.3396 16
32.344 13
32.344 14
32.3484 15
32.3484 16
32.3528 17
32.3528 18
32.3573 19
32.3573 20
32.3617 21
32.3617 22
32.3661 23
32.3661 24
32.3705 25
32.3749 26
32.3749 27
32.3793 28
32.3793 29
32.3837 30
32.3837 31
32.3881 32
32.3881 33
32.3926 34
32.3926 35
32.397 36
32.397 37
32.4014 38
32.4058 39
32.4058 40
32.4102 41
32.4102 42
32.4146 43
32.4146 44
32.419 45
32.419 46
32.4235 47
32.4235 48
32.4279 49
32.4279 50
32.4323 51
32.4367 52
32.4367 53
32.4411 54
32.4411 55
32.4455 56
32.4455 57
32.4499 58
32.4499 59
32.4544 60
32.4544 61
32.4588 62
32.4632 63
32.4632 64
32.4676 65
32.4676 66
32.472 67
32.472 68
32.4764 69
32.4764 70
32.4808 71
32.4808 72
32.4853 73
32.4853 74
32.4897 75
32.4941 76
32.4941 77
32.4985 78
32.4985 79
32.5029 80
32.5029 81
32.5073 82
32.5073 83
32.5117 84
32.5117 85
32.5162 86
32.5206 87
32.5206 88
32.525 89
32.525 90
32.5294 91
32.5294 92
32.5338 93
32.5338 94
32.5382 86
32.5426 87
32.5426 88
32.5471 89
32.5471 90
32.5515 91
32.5515 92
32.5559 93
32.5559 94
32.5603 86
32.5647 87
32.5647 88
32.5691 89
32.5691 90
32.5735 91
32.5735 92
32.578 93
32.578 94
32.5824 86
32.5868 87
32.5868 88
32.5912 89
32.5912 90
32.5956 91
32.5956 92
32.6 93
32.6 94
32.6044 86
32.6088 87
32.6088 88
32.6133 89
32.6133 90
32.6177 91
32.6177 92
32.6221 93
32.6221 94
32.6265 86
32.6309 87
32.6309 88
32.6353 89
32.6353 90
32.6397 91
32.6397 92
32.6442 93
32.6442 94
32.6486 86
32.653 87
32.653 88
32.6574 89
32.6574 90
32.6618 91
32.6618 92
32.6662 93
32.6662 94
32.6706 86
32.6751 87
32.6751 88
32.6795 89
32.6795 90
32.6839 91
32.6839 92
32.6883 93
32.6883 94
32.6927 86
32.6971 87
32.6971 88
32.7015 89
32.7015 90
32.706 91
32.706 92
32.7104 93
32.7104 94
32.7148 86
32.7192 87
32.7192 88
32.7236 89
32.7236 90
32.728 91
32.728 92
32.7324 93
32.7324 94
32.7369 86
32.7413 87
32.7413 88
32.7457 89
32.7457 90
32.7501 91
32.7501 92
32.7545 93
32.7545 94
32.7589 86
32.7633 87
32.7633 88
32.7678 89
32.7678 90
32.7722 91
32.7722 92
32.7766 93
32.7766 94
32.781 86
32.7854 87
32.7854 88
32.7898 89
32.7898 90
32.7942 91
32.7942 92
32.7987 93
32.7987 94
32.8031 86
32.8075 87
32.8075 88
32.8119 89
32.8119 90
32.8163 91
32.8163 92
32.8207 93
32.8207 94
32.8251 86
32.8296 87
32.8296 88
32.834 89
32.834 90
32.8384 91
32.8384 92
32.8428 93
32.8428 94
32.8472 86
32.8516 87
32.8516 88
32.856 89
32.856 90
32.8604 91
32.8604 92
32.8649 93
32.8649 94
32.8693 86
32.8737 87
32.8737 88
32.8775 85
32.8775 86
32.8825 87
32.8869 88
32.8869 89
32.8913 90
32.8913 91
32.8958 92
32.8958 93
32.8996 85
32.8996 86
32.9046 87
32.909 88
32.909 89
32.9134 90
32.9134 91
32.9178 92
32.9178 93
32.9217 85
32.9217 86
32.9267 87
32.9311 88
32.9311 89
32.9355 90
32.9355 91
32.9399 92
32.9399 93
32.9438 85
32.9438 86
32.9487 87
32.9531 88
32.9531 89
32.9576 90
32.9576 91
32.962 92
32.962 93
32.9658 85
32.9658 86
32.9708 87
32.9752 88
32.9752 89
32.9796 90
32.9796 91
32.984 92
32.984 93
32.9879 85
32.9879 86
32.9929 87
32.9973 88
32.9973 89
33.0017 90
33.0017 91
33.0061 92
33.0061 93
33.01 85
33.01 86
33.0149 87
33.0194 88
33.0194 89
33.0238 90
33.0238 91
33.0282 92
33.0282 93
33.0321 85
33.0321 86
33.037 87
33.0414 88
33.0414 89
33.0458 90
33.0458 91
33.0503 92
33.0503 93
33.0542 85
33.0542 86
33.0591 87
33.0635 88
33.0635 89
33.0679 90
33.0679 91
33.0723 92
33.0723 93
33.0762 85
33.0762 86
33.0812 87
33.0856 88
33.0856 89
33.09 90
33.09 91
33.0944 92
33.0944 93
33.0983 85
33.0983 86
33.1032 87
33.1076 88
33.1076 89
33.112 90
33.112 91
33.1165 92
33.1165 93
33.1204 85
33.1204 86
33.1253 87
33.1297 88
33.1297 89
33.1341 90
33.1341 91
33.1385 92
33.1385 93
33.1425 85
33.1425 86
33.1474 87
33.1518 88
33.1518 89
33.1562 90
33.1562 91
33.1606 92
33.1606 93
33.1646 85
33.1646 86
33.1694 87
33.1738 88
33.1738 89
33.1783 90
33.1783 91
33.1827 92
33.1827 93
33.1866 85
33.1866 86
33.1906 87
33.1941 88
33.1941 89
33.1977 90
33.1977 91
33.2012 92
33.2012 93
33.2047 94
33.2047 95
33.2083 96
33.2083 97
33.2118 88
33.2118 89
33.2153 90
33.2153 91
33.2189 92
33.2189 93
33.2224 94
33.2224 95
33.2259 96
33.2259 97
33.2295 98
33.2295 99
33.233 90
33.233 91
33.2365 92
33.2365 93
33.2401 94
33.2401 95
33.2436 96
33.2436 97
33.2471 98
33.2471 99
33.2507 100
33.2542 92
33.2542 93
33.2577 94
33.2577 95
33.2613 96
33.2613 97
33.2639 93
33.2639 94
33.2683 95
33.2683 96
33.2719 97
33.2719 98
33.2754 99
33.2789 100
33.2789 101
33.2824 102
33.2824 103
33.286 104
33.286 105
33.2895 97
33.2895 98
33.293 99
33.2966 100
33.2966 101
33.3001 102
33.3001 103
33.3036 104
33.3036 105
33.3072 106
33.3072 107
33.3107 99
33.3142 100
33.3142 101
33.3178 102
33.3178 103
33.3213 104
33.3213 105
33.3248 106
33.3248 107
33.3284 108
33.3284 109
33.3319 100
33.3319 101
33.3354 102
33.3354 103
33.339 104
33.339 105
33.3425 106
33.3425 107
33.346 108
33.346 109
33.3496 110
33.3496 111
33.3522 102
33.3522 103
33.3566 104
33.3566 105
33.3602 106
33.3602 107
33.3637 108
33.3637 109
33.3672 110
33.3672 111
33.3707 112
33.3743 113
33.3743 114
33.3778 106
33.3778 107
33.3813 108
33.3813 109
33.3849 110
33.3849 111
33.3884 112
33.3919 113
33.3919 114
33.3955 115
33.3955 116
33.399 108
33.399 109
33.4049 110
33.4049 111
33.4108 112
33.4167 113
33.4167 114
33.4226 106
33.4226 107
33.4284 108
33.4284 109
33.4343 110
33.4343 111
33.4402 112
33.4461 104
33.4461 105
33.452 106
33.452 107
33.4579 108
33.4579 109
33.4637 100
33.4637 101
33.4696 102
33.4696 103
33.4755 104
33.4755 105
33.4814 106
33.4814 107
33.4873 99
33.4932 100
33.4932 101
33.4991 102
33.4991 103
33.505 104
33.505 105
33.5108 97
33.5108 98
33.5167 99
33.5226 100
33.5226 101
33.5285 102
33.5285 103
33.5344 95
33.5344 96
33.5403 97
33.5403 98
33.5462 99
33.552 91
33.552 92
33.5579 93
33.5579 94
33.5638 95
33.5638 96
33.5697 97
33.5697 98
33.5756 89
33.5756 90
33.5815 91
33.5815 92
33.5874 93
33.5874 94
33.5932 95
33.5932 96
33.5991 87
33.5991 88
33.605 89
33.605 90
33.6109 91
33.6109 92
33.6168 93
33.6168 94
33.6227 86
33.6271 87
33.6271 88
33.6315 89
33.6315 90
33.6359 91
33.6359 92
33.6403 84
33.6403 85
33.6447 86
33.6492 87
33.6492 88
33.6536 89
33.6536 90
33.658 91
33.658 92
33.6624 84
33.6624 85
33.6668 86
33.6712 87
33.6712 88
33.6756 89
33.6756 90
33.6801 91
33.6801 92
33.6845 84
33.6845 85
33.6889 86
33.6933 87
33.6933 88
33.6977 89
33.6977 90
33.7021 91
33.7021 92
33.7065 84
33.7065 85
33.711 86
33.7154 87
33.7154 88
33.7198 89
33.7198 90
33.7242 91
33.7242 92
33.7286 84
33.7286 85
33.733 86
33.7374 87
33.7374 88
33.7419 89
33.7419 90
33.7463 91
33.7463 92
33.7497 84
33.7497 85
33.7551 86
33.7585 84
33.7585 85
33.7639 86
33.7683 87
33.7683 88
33.7727 89
33.7727 90
33.7772 91
33.7772 92
33.7806 84
33.7806 85
33.786 86
33.7904 87
33.7904 88
33.7948 89
33.7948 90
33.7992 91
33.7992 92
33.8027 84
33.8027 85
33.8081 86
33.8125 87
33.8125 88
33.8169 89
33.8169 90
33.8213 91
33.8213 92
33.8257 93
33.8257 94
33.8301 86
33.8345 87
33.8345 88
33.839 89
33.839 90
33.8434 91
33.8434 92
33.8478 93
33.8478 94
33.8522 86
33.8566 87
33.8566 88
33.861 89
33.861 90
33.8654 91
33.8654 92
33.8699 93
33.8699 94
33.8743 86
33.8787 87
33.8787 88
33.8831 89
33.8831 90
33.8875 91
33.8875 92
33.8919 93
33.8919 94
33.8963 86
33.9008 87
33.9008 88
33.9052 89
33.9052 90
33.9096 91
33.9096 92
33.914 93
33.914 94
33.9184 86
33.9228 87
33.9228 88
33.9272 89
33.9272 90
33.9317 91
33.9317 92
33.9361 93
33.9361 94
33.9405 86
33.9449 87
33.9449 88
33.9493 89
33.9493 90
33.9537 91
33.9537 92
33.9581 93
33.9581 94
33.9626 86
33.967 87
33.967 88
33.9714 89
33.9714 90
33.9758 91
33.9758 92
33.9802 93
33.9802 94
33.9846 86
33.989 87
33.989 88
33.9935 89
33.9935 90
33.9979 91
33.9979 92
34.0023 93
34.0023 94
34.0067 86
34.0111 87
34.0111 88
34.0155 89
34.0155 90
34.0199 91
34.0199 92
34.0243 93
34.0243 94
34.0288 86
34.0332 87
34.0332 88
34.0376 89
34.0376 90
34.042 91
34.042 92
34.0464 93
34.0464 94
34.0508 86
34.0552 87
34.0552 88
34.0597 89
34.0597 90
34.0641 91
34.0641 92
34.0685 93
34.0685 94
34.0729 86
34.0773 87
34.0773 88
34.0817 89
34.0817 90
34.0861 91
34.0861 92
34.0906 93
34.0906 94
34.095 86
34.0994 87
34.0994 88
34.1038 89
34.1038 90
34.1082 91
34.1082 92
34.1126 93
34.1126 94
34.117 86
34.1215 87
34.1215 88
34.1259 89
34.1259 90
34.1303 91
34.1303 92
34.1347 93
34.1347 94
34.1391 86
34.1435 87
34.1435 88
34.1473 85
34.1473 86
34.1524 87
34.1568 88
34.1568 89
34.1612 90
34.1612 91
34.1656 92
34.1656 93
34.1694 85
34.1694 86
34.1744 87
34.1788 88
34.1788 89
34.1833 90
34.1833 91
34.1877 92
34.1877 93
34.1915 85
34.1915 86
34.1965 87
34.2009 88
34.2009 89
34.2053 90
34.2053 91
34.2097 92
34.2097 93
34.2136 85
34.2136 86
34.2186 87
34.223 88
34.223 89
34.2274 90
34.2274 91
34.2318 92
34.2318 93
34.2357 85
34.2357 86
34.2406 87
34.245 88
34.245 89
34.2495 90
34.2495 91
34.2539 92
34.2539 93
34.2577 85
34.2577 86
34.2627 87
34.2671 88
34.2671 89
34.2715 90
34.2715 91
34.2759 92
34.2759 93
34.2798 85
34.2798 86
34.2848 87
34.2892 88
34.2892 89
34.2936 90
34.2936 91
34.298 92
34.298 93
34.3019 85
34.3019 86
34.3068 87
34.3113 88
34.3113 89
34.3157 90
34.3157 91
34.3201 92
34.3201 93
34.324 85
34.324 86
34.3289 87
34.3333 88
34.3333 89
34.3377 90
34.3377 91
34.3422 92
34.3422 93
34.3461 85
34.3461 86
34.351 87
34.3554 88
34.3554 89
34.3598 90
34.3598 91
34.3642 92
34.3642 93
34.3681 85
34.3681 86
34.3731 87
34.3775 88
34.3775 89
34.3819 90
34.3819 91
34.3863 92
34.3863 93
34.3902 85
34.3902 86
34.3951 87
34.3995 88
34.3995 89
34.4039 90
34.4039 91
34.4084 92
34.4084 93
34.4123 85
34.4123 86
34.4172 87
34.4216 88
34.4216 89
34.426 90
34.426 91
34.4304 92
34.4304 93
34.4344 85
34.4344 86
34.4393 87
34.4437 88
34.4437 89
34.4481 90
34.4481 91
34.4525 92
34.4525 93
34.4565 85
34.4565 86
34.4613 87
34.4657 88
34.4657 89
34.4702 90
34.4702 91
34.4746 92
34.4746 93
34.4785 85
34.4785 86
34.4834 87
34.4878 88
34.4878 89
34.4922 90
34.4922 91
34.4966 92
34.4966 93
34.5006 85
34.5006 86
34.5055 87
34.5099 88
34.5099 89
34.5143 90
34.5143 91
34.5187 92
34.5187 93
34.5227 85
34.5227 86
34.5275 87
34.532 88
34.532 89
34.5364 90
34.5364 91
34.5408 92
34.5408 93
34.5448 85
34.5448 86
34.5496 87
34.554 88
34.554 89
34.5584 90
34.5584 91
34.5629 92
34.5629 93
34.5669 85
34.5669 86
34.5717 87
34.5761 88
34.5761 89
34.5805 90
34.5805 91
34.5849 92
34.5849 93
34.5889 85
34.5889 86
34.5938 87
34.5982 88
34.5982 89
34.6026 90
34.6026 91
34.607 92
34.607 93
34.611 85
34.611 86
34.6158 87
34.6202 88
34.6202 89
34.6246 90
34.6246 91
34.6291 92
34.6291 93
34.6331 85
34.6331 86
34.6379 87
34.6419 85
34.6419 86
34.6467 87
34.6511 88
34.6511 89
34.6555 90
34.6555 91
34.66 92
34.66 93
34.664 85
34.664 86
34.6688 87
34.6732 88
34.6732 89
34.6776 90
34.6776 91
34.682 92
34.682 93
34.6861 85
34.6861 86
34.6909 87
34.6953 88
34.6953 89
34.6997 90
34.6997 91
34.7041 92
34.7041 93
34.7082 85
34.7082 86
34.7129 87
34.7173 88
34.7173 89
34.7218 90
34.7218 91
34.7262 92
34.7262 93
34.7302 85
34.7302 86
34.735 87
34.7394 88
34.7394 89
34.7438 90
34.7438 91
34.7482 92
34.7482 93
34.7523 85
34.7523 86
34.7571 87
34.7615 88
34.7615 89
34.7659 90
34.7659 91
34.7703 92
34.7703 93
34.7744 85
34.7744 86
34.7791 87
34.7836 88
34.7836 89
34.788 90
34.788 91
34.7924 92
34.7924 93
34.7965 85
34.7965 86
34.8012 87
34.8056 88
34.8056 89
34.81 90
34.81 91
34.8145 92
34.8145 93
34.8186 85
34.8186 86
34.8233 87
34.8277 88
34.8277 89
34.8321 90
34.8321 91
34.8365 92
34.8365 93
34.8406 85
34.8406 86
34.8454 87
34.8498 88
34.8498 89
34.8542 90
34.8542 91
34.8586 92
34.8586 93
34.8627 85
34.8627 86
34.8674 87
34.8718 88
34.8718 89
34.8762 90
34.8762 91
34.8807 92
34.8807 93
34.8848 85
34.8848 86
34.8895 87
34.8939 88
34.8939 89
34.8983 90
34.8983 91
34.9027 92
34.9027 93
34.9069 85
34.9069 86
34.9107 87
34.9142 88
34.9142 89
34.9177 90
34.9177 91
34.9213 92
34.9213 93
34.9248 94
34.9248 95
34.9283 96
34.9283 97
34.9319 88
34.9319 89
34.9354 90
34.9354 91
34.9389 92
34.9389 93
34.9425 94
34.9425 95
34.946 96
34.946 97
34.9495 98
34.9495 99
34.9531 90
34.9531 91
34.9566 92
34.9566 93
34.9601 94
34.9601 95
34.9637 96
34.9637 97
34.9672 98
34.9672 99
34.9707 100
34.9743 92
34.9743 93
34.9778 94
34.9778 95
34.9813 96
34.9813 97
34.9849 98
34.9849 99
34.9884 100
34.9919 101
34.9919 102
34.9952 94
34.9952 95
34.999 96
34.999 97
35.0025 98
35.0025 99
35.006 100
35.0096 101
35.0096 102
35.0131 103
35.0131 104
35.0166 105
35.0166 106
35.0202 98
35.0202 99
35.0237 100
35.0272 101
35.0272 102
35.0308 99
35.0343 100
35.0343 101
35.0378 102
35.0378 103
35.0414 104
35.0414 105
35.0449 106
35.0449 107
35.0484 108
35.0484 109
35.052 100
35.052 101
35.0555 102
35.0555 103
35.059 104
35.059 105
35.0626 106
35.0626 107
35.0661 108
35.0661 109
35.0696 110
35.0696 111
35.0725 102
35.0725 103
35.0767 104
35.0767 105
35.0802 106
35.0802 107
35.0837 108
35.0837 109
35.0873 110
35.0873 111
35.0908 112
35.0943 113
35.0943 114
35.0979 106
35.0979 107
35.1014 108
35.1014 109
35.1049 110
35.1049 111
35.1085 112
35.112 113
35.112 114
35.1155 115
35.1155 116
35.1191 108
35.1191 109
35.125 110
35.125 111
35.1308 112
35.1367 113
35.1367 114
35.1426 106
35.1426 107
35.1485 108
35.1485 109
35.1544 110
35.1544 111
35.1603 112
35.1662 104
35.1662 105
35.172 106
35.172 107
35.1779 108
35.1779 109
35.1829 100
35.1829 101
35.1897 102
35.1897 103
35.1956 104
35.1956 105
35.2015 106
35.2015 107
35.2074 99
35.2132 100
35.2132 101
35.2191 102
35.2191 103
35.225 104
35.225 105
35.2309 97
35.2309 98
35.2368 99
35.2427 100
35.2427 101
35.2486 102
35.2486 103
35.2544 95
35.2544 96
35.2603 97
35.2603 98
35.2662 99
35.2712 91
35.2712 92
35.278 93
35.278 94
35.2839 95
35.2839 96
35.2898 97
35.2898 98
35.2956 89
35.2956 90
35.3015 91
35.3015 92
35.3074 93
35.3074 94
35.3133 95
35.3133 96
35.3192 87
35.3192 88
35.3251 89
35.3251 90
35.331 91
35.331 92
35.3368 93
35.3368 94
35.3427 86
35.3471 87
35.3471 88
35.3516 89
35.3516 90
35.356 91
35.356 92
35.3595 84
35.3595 85
35.3648 86
35.3692 87
35.3692 88
35.3736 89
35.3736 90
35.378 91
35.378 92
35.3816 84
35.3816 85
35.3869 86
35.3913 87
35.3913 88
35.3957 89
35.3957 90
35.4001 91
35.4001 92
35.4037 84
35.4037 85
35.4089 86
35.4134 87
35.4134 88
35.4178 89
35.4178 90
35.4222 91
35.4222 92
35.4258 84
35.4258 85
35.431 86
35.4354 87
35.4354 88
35.4398 89
35.4398 90
35.4443 91
35.4443 92
35.4478 84
35.4478 85
35.4531 86
35.4575 87
35.4575 88
35.4619 89
35.4619 90
35.4663 91
35.4663 92
35.4699 84
35.4699 85
35.4752 86
35.4796 87
35.4796 88
35.484 89
35.484 90
35.4884 91
35.4884 92
35.492 84
35.492 85
35.4972 86
35.5016 87
35.5016 88
35.5061 89
35.5061 90
35.5105 91
35.5105 92
35.5141 84
35.5141 85
35.5193 86
35.5229 84
35.5229 85
35.5281 86
35.5325 87
35.5325 88
35.5369 89
35.5369 90
35.5414 91
35.5414 92
35.5458 93
35.5458 94
35.5502 86
35.5546 87
35.5546 88
35.559 89
35.559 90
35.5634 91
35.5634 92
35.5678 93
35.5678 94
35.5723 86
35.5767 87
35.5767 88
35.5811 89
35.5811 90
35.5855 91
35.5855 92
35.5899 93
35.5899 94
35.5943 86
35.5987 87
35.5987 88
35.6032 89
35.6032 90
35.6076 91
35.6076 92
35.612 93
35.612 94
35.6164 86
35.6208 87
35.6208 88
35.6252 89
35.6252 90
35.6296 91
35.6296 92
35.6341 93
35.6341 94
35.6385 86
35.6429 87
35.6429 88
35.6473 89
35.6473 90
35.6517 91
35.6517 92
35.6561 93
35.6561 94
35.6605 86
35.665 87
35.665 88
35.6694 89
35.6694 90
35.6738 91
35.6738 92
35.6782 93
35.6782 94
35.6826 86
35.687 87
35.687 88
35.6914 89
35.6914 90
35.6959 91
35.6959 92
35.7003 93
35.7003 94
35.7047 86
35.7091 87
35.7091 88
35.7135 89
35.7135 90
35.7179 91
35.7179 92
35.7223 93
35.7223 94
35.7268 86
35.7312 87
35.7312 88
35.7356 89
35.7356 90
35.74 91
35.74 92
35.7444 93
35.7444 94
35.7488 86
35.7532 87
35.7532 88
35.7577 89
35.7577 90
35.7621 91
35.7621 92
35.7665 93
35.7665 94
35.7709 86
35.7753 87
35.7753 88
35.7797 89
35.7797 90
35.7841 91
35.7841 92
35.7885 93
35.7885 94
35.793 86
35.7974 87
35.7974 88
35.8018 89
35.8018 90
35.8062 91
35.8062 92
35.8106 93
35.8106 94
35.815 86
35.8194 87
35.8194 88
35.8239 89
35.8239 90
35.8283 91
35.8283 92
35.8327 93
35.8327 94
35.8371 86
35.8415 87
35.8415 88
35.8459 89
35.8459 90
35.8503 91
35.8503 92
35.8548 93
35.8548 94
35.8592 86
35.8636 87
35.8636 88
35.868 89
35.868 90
35.8724 91
35.8724 92
35.8768 93
35.8768 94
35.8812 86
35.8857 87
35.8857 88
35.8901 89
35.8901 90
35.8945 91
35.8945 92
35.8989 93
35.8989 94
35.9033 86
35.9077 87
35.9077 88
35.9116 85
35.9116 86
35.9166 87
35.921 88
35.921 89
35.9254 90
35.9254 91
35.9298 92
35.9298 93
35.9336 85
35.9336 86
35.9386 87
35.943 88
35.943 89
35.9475 90
35.9475 91
35.9519 92
35.9519 93
35.9557 85
35.9557 86
35.9607 87
35.9651 88
35.9651 89
35.9695 90
35.9695 91
35.9739 92
35.9739 93
35.9778 85
35.9778 86
35.9828 87
35.9872 88
35.9872 89
35.9916 90
35.9916 91
35.996 92
35.996 93
35.9999 85
35.9999 86
36.0048 87
36.0092 88
36.0092 89
36.0137 90
36.0137 91
36.0181 92
36.0181 93
36.022 85
36.022 86
36.0269 87
36.0313 88
36.0313 89
36.0357 90
36.0357 91
36.0401 92
36.0401 93
36.044 85
36.044 86
36.049 87
36.0534 88
36.0534 89
36.0578 90
36.0578 91
36.0622 92
36.0622 93
36.0661 85
36.0661 86
36.071 87
36.0755 88
36.0755 89
36.0799 90
36.0799 91
36.0843 92
36.0843 93
36.0882 85
36.0882 86
36.0931 87
36.0975 88
36.0975 89
36.1019 90
36.1019 91
36.1064 92
36.1064 93
36.1103 85
36.1103 86
36.1152 87
36.1196 88
36.1196 89
36.124 90
36.124 91
36.1284 92
36.1284 93
36.1324 85
36.1324 86
36.1373 87
36.1417 88
36.1417 89
36.1461 90
36.1461 91
36.1505 92
36.1505 93
36.1544 85
36.1544 86
36.1593 87
36.1637 88
36.1637 89
36.1682 90
36.1682 91
36.1726 92
36.1726 93
36.1765 85
36.1765 86
36.1814 87
36.1858 88
36.1858 89
36.1902 90
36.1902 91
36.1946 92
36.1946 93
36.1986 85
36.1986 86
36.2035 87
36.2079 88
36.2079 89
36.2123 90
36.2123 91
36.2167 92
36.2167 93
36.2207 85
36.2207 86
36.2255 87
36.2299 88
36.2299 89
36.2344 90
36.2344 91
36.2388 92
36.2388 93
36.2428 85
36.2428 86
36.2476 87
36.252 88
36.252 89
36.2564 90
36.2564 91
36.2608 92
36.2608 93
36.2648 85
36.2648 86
36.2697 87
36.2741 88
36.2741 89
36.2785 90
36.2785 91
36.2829 92
36.2829 93
36.2869 85
36.2869 86
36.2917 87
36.2962 88
36.2962 89
36.3006 90
36.3006 91
36.305 92
36.305 93
36.309 85
36.309 86
36.3138 87
36.3182 88
36.3182 89
36.3226 90
36.3226 91
36.3271 92
36.3271 93
36.3311 85
36.3311 86
36.3359 87
36.3403 88
36.3403 89
36.3447 90
36.3447 91
36.3491 92
36.3491 93
36.3532 85
36.3532 86
36.358 87
36.3624 88
36.3624 89
36.3668 90
36.3668 91
36.3712 92
36.3712 93
36.3752 85
36.3752 86
36.38 87
36.3844 88
36.3844 89
36.3889 90
36.3889 91
36.3933 92
36.3933 93
36.3973 85
36.3973 86
36.4021 87
36.4062 85
36.4062 86
36.4109 87
36.4153 88
36.4153 89
36.4198 90
36.4198 91
36.4242 92
36.4242 93
36.4282 85
36.4282 86
36.433 87
36.4374 88
36.4374 89
36.4418 90
36.4418 91
36.4462 92
36.4462 93
36.4503 85
36.4503 86
36.4551 87
36.4595 88
36.4595 89
36.4639 90
36.4639 91
36.4683 92
36.4683 93
36.4724 85
36.4724 86
36.4771 87
36.4815 88
36.4815 89
36.486 90
36.486 91
36.4904 92
36.4904 93
36.4945 85
36.4945 86
36.4992 87
36.5036 88
36.5036 89
36.508 90
36.508 91
36.5124 92
36.5124 93
36.5166 85
36.5166 86
36.5213 87
36.5257 88
36.5257 89
36.5301 90
36.5301 91
36.5345 92
36.5345 93
36.5386 85
36.5386 86
36.5433 87
36.5478 88
36.5478 89
36.5522 90
36.5522 91
36.5566 92
36.5566 93
36.5607 85
36.5607 86
36.5654 87
36.5698 88
36.5698 89
36.5742 90
36.5742 91
36.5787 92
36.5787 93
36.5828 85
36.5828 86
36.5875 87
36.5919 88
36.5919 89
36.5963 90
36.5963 91
36.6007 92
36.6007 93
36.6049 85
36.6049 86
36.6096 87
36.614 88
36.614 89
36.6184 90
36.6184 91
36.6228 92
36.6228 93
36.6269 85
36.6269 86
36.6307 87
36.6343 88
36.6343 89
36.6378 90
36.6378 91
36.6413 92
36.6413 93
36.6449 94
36.6449 95
36.6484 96
36.6484 97
36.6519 88
36.6519 89
36.6555 90
36.6555 91
36.659 92
36.659 93
36.6625 94
36.6625 95
36.6661 96
36.6661 97
36.6696 98
36.6696 99
36.6731 90
36.6731 91
36.6767 92
36.6767 93
36.6802 94
36.6802 95
36.6837 96
36.6837 97
36.6873 98
36.6873 99
36.6908 100
36.6943 92
36.6943 93
36.6978 94
36.6978 95
36.7014 96
36.7014 97
36.7049 98
36.7049 99
36.7084 100
36.712 101
36.712 102
36.7153 94
36.7153 95
36.719 96
36.719 97
36.7226 98
36.7226 99
36.7261 100
36.7296 101
36.7296 102
36.7332 103
36.7332 104
36.7367 105
36.7367 106
36.7402 98
36.7402 99
36.7438 100
36.7473 101
36.7473 102
36.7508 103
36.7508 104
36.7544 105
36.7544 106
36.7579 107
36.7579 108
36.7614 99
36.7614 100
36.765 101
36.765 102
36.7685 103
36.7685 104
36.772 105
36.772 106
36.7756 107
36.7756 108
36.7791 109
36.7791 110
36.7826 101
36.7826 102
36.7861 103
36.7861 104
36.7897 105
36.7897 106
36.7926 102
36.7926 103
36.7967 104
36.7967 105
36.8003 106
36.8003 107
36.8038 108
36.8038 109
36.8073 110
36.8073 111
36.8109 112
36.8144 113
36.8144 114
36.8179 106
36.8179 107
36.8215 108
36.8215 109
36.825 110
36.825 111
36.8285 112
36.8321 113
36.8321 114
36.8356 115
36.8356 116
36.8391 108
36.8391 109
36.845 110
36.845 111
36.8509 112
36.8568 113
36.8568 114
36.8627 106
36.8627 107
36.8686 108
36.8686 109
36.8744 110
36.8744 111
36.8803 112
36.8862 104
36.8862 105
36.8921 106
36.8921 107
36.898 108
36.898 109
36.903 100
36.903 101
36.9098 102
36.9098 103
36.9156 104
36.9156 105
36.9215 106
36.9215 107
36.9274 99
36.9333 100
36.9333 101
36.9392 102
36.9392 103
36.9451 104
36.9451 105
36.951 97
36.951 98
36.9568 99
36.9627 100
36.9627 101
36.9686 102
36.9686 103
36.9745 95
36.9745 96
36.9804 97
36.9804 98
36.9863 99
36.9913 91
36.9913 92
36.9981 93
36.9981 94
37.0039 95
37.0039 96
37.0098 97
37.0098 98
37.0157 89
37.0157 90
37.0216 91
37.0216 92
37.0275 93
37.0275 94
37.0334 95
37.0334 96
37.0393 87
37.0393 88
37.0451 89
37.0451 90
37.051 91
37.051 92
37.0569 93
37.0569 94
37.0628 86
37.0672 87
37.0672 88
37.0716 89
37.0716 90
37.076 91
37.076 92
37.0796 84
37.0796 85
37.0849 86
37.0893 87
37.0893 88
37.0937 89
37.0937 90
37.0981 91
37.0981 92
37.1017 84
37.1017 85
37.1069 86
37.1114 87
37.1114 88
37.1158 89
37.1158 90
37.1202 91
37.1202 92
37.1237 84
37.1237 85
37.129 86
37.1334 87
37.1334 88
37.1378 89
37.1378 90
37.1423 91
37.1423 92
37.1458 84
37.1458 85
37.1511 86
37.1555 87
37.1555 88
37.1599 89
37.1599 90
37.1643 91
37.1643 92
37.1679 84
37.1679 85
37.1731 86
37.1776 87
37.1776 88
37.182 89
37.182 90
37.1864 91
37.1864 92
37.19 84
37.19 85
37.1952 86
37.1996 87
37.1996 88
37.204 89
37.204 90
37.2085 91
37.2085 92
37.2121 84
37.2121 85
37.2173 86
37.2217 87
37.2217 88
37.2261 89
37.2261 90
37.2305 91
37.2305 92
37.2342 84
37.2342 85
37.2394 86
37.2438 87
37.2438 88
37.2482 89
37.2482 90
37.2526 91
37.2526 92
37.2562 84
37.2562 85
37.2614 86
37.2658 87
37.2658 88
37.2703 89
37.2703 90
37.2747 91
37.2747 92
37.2791 93
37.2791 94
37.2835 86
37.2879 87
37.2879 88
37.2923 86
37.2967 87
37.2967 88
37.3012 89
37.3012 90
37.3056 91
37.3056 92
37.31 93
37.31 94
37.3144 86
37.3188 87
37.3188 88
37.3232 89
37.3232 90
37.3276 91
37.3276 92
37.3321 93
37.3321 94
37.3365 86
37.3409 87
37.3409 88
37.3453 89
37.3453 90
37.3497 91
37.3497 92
37.3541 93
37.3541 94
37.3585 86
37.3629 87
37.3629 88
37.3674 89
37.3674 90
37.3718 91
37.3718 92
37.3762 93
37.3762 94
37.3806 86
37.385 87
37.385 88
37.3894 89
37.3894 90
37.3938 91
37.3938 92
37.3983 93
37.3983 94
37.4027 86
37.4071 87
37.4071 88
37.4115 89
37.4115 90
37.4159 91
37.4159 92
37.4203 93
37.4203 94
37.4247 86
37.4292 87
37.4292 88
37.4336 89
37.4336 90
37.438 91
37.438 92
37.4424 93
37.4424 94
37.4468 86
37.4512 87
37.4512 88
37.4556 89
37.4556 90
37.4601 91
37.4601 92
37.4645 93
37.4645 94
37.4689 86
37.4733 87
37.4733 88
37.4777 89
37.4777 90
37.4821 91
37.4821 92
37.4865 93
37.4865 94
37.491 86
37.4954 87
37.4954 88
37.4998 89
37.4998 90
37.5042 91
37.5042 92
37.5086 93
37.5086 94
37.513 86
37.5174 87
37.5174 88
37.5219 89
37.5219 90
37.5263 91
37.5263 92
37.5307 93
37.5307 94
37.5351 86
37.5395 87
37.5395 88
37.5439 89
37.5439 90
37.5483 91
37.5483 92
37.5527 93
37.5527 94
37.5572 86
37.5616 87
37.5616 88
37.566 89
37.566 90
37.5704 91
37.5704 92
37.5748 93
37.5748 94
37.5792 86
37.5836 87
37.5836 88
37.5881 89
37.5881 90
37.5925 91
37.5925 92
37.5969 93
37.5969 94
37.6013 86
37.6057 87
37.6057 88
37.6101 89
37.6101 90
37.6145 91
37.6145 92
37.619 93
37.619 94
37.6234 86
37.6278 87
37.6278 88
37.6322 89
37.6322 90
37.6366 91
37.6366 92
37.641 93
37.641 94
37.6454 86
37.6499 87
37.6499 88
37.6543 89
37.6543 90
37.6587 91
37.6587 92
37.6631 93
37.6631 94
37.6675 86
37.6719 87
37.6719 88
37.6758 85
37.6758 86
37.6808 87
37.6852 88
37.6852 89
37.6896 90
37.6896 91
37.694 92
37.694 93
37.6979 85
37.6979 86
37.7028 87
37.7072 88
37.7072 89
37.7117 90
37.7117 91
37.7161 92
37.7161 93
37.7199 85
37.7199 86
37.7249 87
37.7293 88
37.7293 89
37.7337 90
37.7337 91
37.7381 92
37.7381 93
37.742 85
37.742 86
37.747 87
37.7514 88
37.7514 89
37.7558 90
37.7558 91
37.7602 92
37.7602 93
37.7641 85
37.7641 86
37.769 87
37.7734 88
37.7734 89
37.7779 90
37.7779 91
37.7823 92
37.7823 93
37.7862 85
37.7862 86
37.7911 87
37.7955 88
37.7955 89
37.7999 90
37.7999 91
37.8043 92
37.8043 93
37.8083 85
37.8083 86
37.8132 87
37.8176 88
37.8176 89
37.822 90
37.822 91
37.8264 92
37.8264 93
37.8303 85
37.8303 86
37.8352 87
37.8397 88
37.8397 89
37.8441 90
37.8441 91
37.8485 92
37.8485 93
37.8524 85
37.8524 86
37.8573 87
37.8617 88
37.8617 89
37.8661 90
37.8661 91
37.8706 92
37.8706 93
37.8745 85
37.8745 86
37.8794 87
37.8838 88
37.8838 89
37.8882 90
37.8882 91
37.8926 92
37.8926 93
37.8966 85
37.8966 86
37.9015 87
37.9059 88
37.9059 89
37.9103 90
37.9103 91
37.9147 92
37.9147 93
37.9187 85
37.9187 86
37.9235 87
37.9279 88
37.9279 89
37.9324 90
37.9324 91
37.9368 92
37.9368 93
37.9407 85
37.9407 86
37.9456 87
37.95 88
37.95 89
37.9544 90
37.9544 91
37.9588 92
37.9588 93
37.9628 85
37.9628 86
37.9677 87
37.9721 88
37.9721 89
37.9765 90
37.9765 91
37.9809 92
37.9809 93
37.9849 85
37.9849 86
37.9897 87
37.9942 88
37.9942 89
37.9986 90
37.9986 91
38.003 92
38.003 93
38.007 85
38.007 86
38.0118 87
38.0162 88
38.0162 89
38.0206 90
38.0206 91
38.025 92
38.025 93
38.0291 85
38.0291 86
38.0339 87
38.0383 88
38.0383 89
38.0427 90
38.0427 91
38.0471 92
38.0471 93
38.0511 85
38.0511 86
38.0559 87
38.0604 88
38.0604 89
38.0648 90
38.0648 91
38.0692 92
38.0692 93
38.0732 85
38.0732 86
38.078 87
38.0824 88
38.0824 89
38.0868 90
38.0868 91
38.0913 92
38.0913 93
38.0953 85
38.0953 86
38.1001 87
38.1045 88
38.1045 89
38.1089 90
38.1089 91
38.1133 92
38.1133 93
38.1174 85
38.1174 86
38.1222 87
38.1266 88
38.1266 89
38.131 90
38.131 91
38.1354 92
38.1354 93
38.1395 85
38.1395 86
38.1442 87
38.1486 88
38.1486 89
38.1531 90
38.1531 91
38.1575 92
38.1575 93
38.1615 85
38.1615 86
38.1663 87
38.1704 85
38.1704 86
38.1751 87
38.1795 88
38.1795 89
38.184 90
38.184 91
38.1884 92
38.1884 93
38.1925 85
38.1925 86
38.1972 87
38.2016 88
38.2016 89
38.206 90
38.206 91
38.2104 92
38.2104 93
38.2145 85
38.2145 86
38.2193 87
38.2237 88
38.2237 89
38.2281 90
38.2281 91
38.2325 92
38.2325 93
38.2366 85
38.2366 86
38.2413 87
38.2458 88
38.2458 89
38.2502 90
38.2502 91
38.2546 92
38.2546 93
38.2587 85
38.2587 86
38.2634 87
38.2678 88
38.2678 89
38.2722 90
38.2722 91
38.2766 92
38.2766 93
38.2808 85
38.2808 86
38.2855 87
38.2899 88
38.2899 89
38.2943 90
38.2943 91
38.2987 92
38.2987 93
38.3029 85
38.3029 86
38.3075 87
38.312 88
38.312 89
38.3164 90
38.3164 91
38.3208 92
38.3208 93
38.3249 85
38.3249 86
38.3296 87
38.334 88
38.334 89
38.3384 90
38.3384 91
38.3429 92
38.3429 93
38.347 85
38.347 86
38.3508 87
38.3543 88
38.3543 89
38.3579 90
38.3579 91
38.3614 92
38.3614 93
38.3649 94
38.3649 95
38.3685 96
38.3685 97
38.372 88
38.372 89
38.3755 90
38.3755 91
38.3791 92
38.3791 93
38.3826 94
38.3826 95
38.3861 96
38.3861 97
38.3897 98
38.3897 99
38.3932 90
38.3932 91
38.3967 92
38.3967 93
38.4002 94
38.4002 95
38.4038 96
38.4038 97
38.4073 98
38.4073 99
38.4108 100
38.4144 92
38.4144 93
38.4179 94
38.4179 95
38.4214 96
38.4214 97
38.425 98
38.425 99
38.4285 100
38.432 101
38.432 102
38.4353 94
38.4353 95
38.4391 96
38.4391 97
38.4426 98
38.4426 99
38.4462 100
38.4497 101
38.4497 102
38.4532 103
38.4532 104
38.4568 105
38.4568 106
38.4603 98
38.4603 99
38.4638 100
38.4674 101
38.4674 102
38.4709 103
38.4709 104
38.4744 105
38.4744 106
38.478 107
38.478 108
38.4815 99
38.4815 100
38.485 101
38.485 102
38.4886 103
38.4886 104
38.4921 105
38.4921 106
38.4956 107
38.4956 108
38.4991 109
38.4991 110
38.5027 101
38.5027 102
38.5062 103
38.5062 104
38.5097 105
38.5097 106
38.5133 107
38.5133 108
38.5168 109
38.5168 110
38.5203 111
38.5237 103
38.5237 104
38.5274 105
38.5274 106
38.5309 107
38.5309 108
38.5345 109
38.5345 110
38.538 111
38.5415 112
38.5415 113
38.5451 114
38.5451 115
38.5486 107
38.5486 108
38.5521 109
38.5521 110
38.5557 111
38.5592 108
38.5592 109
38.5651 110
38.5651 111
38.571 112
38.5768 113
38.5768 114
38.5827 106
38.5827 107
38.5886 108
38.5886 109
38.5945 110
38.5945 111
38.6004 112
38.6063 104
38.6063 105
38.6122 106
38.6122 107
38.618 108
38.618 109
38.623 100
38.623 101
38.6298 102
38.6298 103
38.6357 104
38.6357 105
38.6416 106
38.6416 107
38.6475 99
38.6534 100
38.6534 101
38.6593 102
38.6593 103
38.6651 104
38.6651 105
38.671 97
38.671 98
38.6769 99
38.6828 100
38.6828 101
38.6887 102
38.6887 103
38.6946 95
38.6946 96
38.7005 97
38.7005 98
38.7063 99
38.7113 91
38.7113 92
38.7181 93
38.7181 94
38.724 95
38.724 96
38.7299 97
38.7299 98
38.7358 89
38.7358 90
38.7417 91
38.7417 92
38.7475 93
38.7475 94
38.7534 95
38.7534 96
38.7593 87
38.7593 88
38.7652 89
38.7652 90
38.7711 91
38.7711 92
38.777 93
38.777 94
38.7829 86
38.7873 87
38.7873 88
38.7917 89
38.7917 90
38.7961 91
38.7961 92
38.7997 84
38.7997 85
38.8049 86
38.8093 87
38.8093 88
38.8138 89
38.8138 90
38.8182 91
38.8182 92
38.8217 84
38.8217 85
38.827 86
38.8314 87
38.8314 88
38.8358 89
38.8358 90
38.8402 91
38.8402 92
38.8438 84
38.8438 85
38.8491 86
38.8535 87
38.8535 88
38.8579 89
38.8579 90
38.8623 91
38.8623 92
38.8659 84
38.8659 85
38.8711 86
38.8756 87
38.8756 88
38.88 89
38.88 90
38.8844 91
38.8844 92
38.888 84
38.888 85
38.8932 86
38.8976 87
38.8976 88
38.902 89
38.902 90
38.9065 91
38.9065 92
38.9101 84
38.9101 85
38.9153 86
38.9197 87
38.9197 88
38.9241 89
38.9241 90
38.9285 91
38.9285 92
38.9321 84
38.9321 85
38.9373 86
38.9418 87
38.9418 88
38.9462 89
38.9462 90
38.9506 91
38.9506 92
38.9542 84
38.9542 85
38.9594 86
38.9638 87
38.9638 88
38.9682 89
38.9682 90
38.9727 91
38.9727 92
38.9763 84
38.9763 85
38.9815 86
38.9859 87
38.9859 88
38.9903 89
38.9903 90
38.9947 91
38.9947 92
38.9991 93
38.9991 94
39.0036 86
39.008 87
39.008 88
39.0124 89
39.0124 90
39.0168 91
39.0168 92
39.0212 93
39.0212 94
39.0256 86
39.03 87
39.03 88
39.0345 89
39.0345 90
39.0389 91
39.0389 92
39.0433 93
39.0433 94
39.0477 86
39.0521 87
39.0521 88
39.0565 86
39.0609 87
39.0609 88
39.0654 89
39.0654 90
39.0698 91
39.0698 92
39.0742 93
39.0742 94
39.0786 86
39.083 87
39.083 88
39.0874 89
39.0874 90
39.0918 91
39.0918 92
39.0963 93
39.0963 94
39.1007 86
39.1051 87
39.1051 88
39.1095 89
39.1095 90
39.1139 91
39.1139 92
39.1183 93
39.1183 94
39.1227 86
39.1272 87
39.1272 88
39.1316 89
39.1316 90
39.136 91
39.136 92
39.1404 93
39.1404 94
39.1448 86
39.1492 87
39.1492 88
39.1536 89
39.1536 90
39.1581 91
39.1581 92
39.1625 93
39.1625 94
39.1669 86
39.1713 87
39.1713 88
39.1757 89
39.1757 90
39.1801 91
39.1801 92
39.1845 93
39.1845 94
39.1889 86
39.1934 87
39.1934 88
39.1978 89
39.1978 90
39.2022 91
39.2022 92
39.2066 93
39.2066 94
39.211 86
39.2154 87
39.2154 88
39.2198 89
39.2198 90
39.2243 91
39.2243 92
39.2287 93
39.2287 94
39.2331 86
39.2375 87
39.2375 88
39.2419 89
39.2419 90
39.2463 91
39.2463 92
39.2507 93
39.2507 94
39.2552 86
39.2596 87
39.2596 88
39.264 89
39.264 90
39.2684 91
39.2684 92
39.2728 93
39.2728 94
39.2772 86
39.2816 87
39.2816 88
39.2861 89
39.2861 90
39.2905 91
39.2905 92
39.2949 93
39.2949 94
39.2993 86
39.3037 87
39.3037 88
39.3081 89
39.3081 90
39.3125 91
39.3125 92
39.317 93
39.317 94
39.3214 86
39.3258 87
39.3258 88
39.3302 89
39.3302 90
39.3346 91
39.3346 92
39.339 93
39.339 94
39.3434 86
39.3479 87
39.3479 88
39.3523 89
39.3523 90
39.3567 91
39.3567 92
39.3611 93
39.3611 94
39.3655 86
39.3699 87
39.3699 88
39.3743 89
39.3743 90
39.3787 91
39.3787 92
39.3832 93
39.3832 94
39.3876 86
39.392 87
39.392 88
39.3964 89
39.3964 90
39.4008 91
39.4008 92
39.4052 93
39.4052 94
39.4096 86
39.4141 87
39.4141 88
39.4185 89
39.4185 90
39.4229 91
39.4229 92
39.4273 93
39.4273 94
39.4317 86
39.4361 87
39.4361 88
39.44 85
39.44 86
39.445 87
39.4494 88
39.4494 89
39.4538 90
39.4538 91
39.4582 92
39.4582 93
39.4621 85
39.4621 86
39.467 87
39.4714 88
39.4714 89
39.4759 90
39.4759 91
39.4803 92
39.4803 93
39.4842 85
39.4842 86
39.4891 87
39.4935 88
39.4935 89
39.4979 90
39.4979 91
39.5023 92
39.5023 93
39.5062 85
39.5062 86
39.5112 87
39.5156 88
39.5156 89
39.52 90
39.52 91
39.5244 92
39.5244 93
39.5283 85
39.5283 86
39.5332 87
39.5377 88
39.5377 89
39.5421 90
39.5421 91
39.5465 92
39.5465 93
39.5504 85
39.5504 86
39.5553 87
39.5597 88
39.5597 89
39.5641 90
39.5641 91
39.5686 92
39.5686 93
39.5725 85
39.5725 86
39.5774 87
39.5818 88
39.5818 89
39.5862 90
39.5862 91
39.5906 92
39.5906 93
39.5946 85
39.5946 86
39.5994 87
39.6039 88
39.6039 89
39.6083 90
39.6083 91
39.6127 92
39.6127 93
39.6166 85
39.6166 86
39.6215 87
39.6259 88
39.6259 89
39.6303 90
39.6303 91
39.6348 92
39.6348 93
39.6387 85
39.6387 86
39.6436 87
39.648 88
39.648 89
39.6524 90
39.6524 91
39.6568 92
39.6568 93
39.6608 85
39.6608 86
39.6657 87
39.6701 88
39.6701 89
39.6745 90
39.6745 91
39.6789 92
39.6789 93
39.6829 85
39.6829 86
39.6877 87
39.6921 88
39.6921 89
39.6966 90
39.6966 91
39.701 92
39.701 93
39.705 85
39.705 86
39.7098 87
39.7142 88
39.7142 89
39.7186 90
39.7186 91
39.723 92
39.723 93
39.727 85
39.727 86
39.7319 87
39.7363 88
39.7363 89
39.7407 90
39.7407 91
39.7451 92
39.7451 93
39.7491 85
39.7491 86
39.7539 87
39.7584 88
39.7584 89
39.7628 90
39.7628 91
39.7672 92
39.7672 93
39.7712 85
39.7712 86
39.776 87
39.7804 88
39.7804 89
39.7848 90
39.7848 91
39.7892 92
39.7892 93
39.7933 85
39.7933 86
39.7981 87
39.8025 88
39.8025 89
39.8069 90
39.8069 91
39.8113 92
39.8113 93
39.8154 85
39.8154 86
39.8201 87
39.8246 88
39.8246 89
39.829 90
39.829 91
39.8334 92
39.8334 93
39.8374 85
39.8374 86
39.8422 87
39.8466 88
39.8466 89
39.851 90
39.851 91
39.8555 92
39.8555 93
39.8595 85
39.8595 86
39.8643 87
39.8687 88
39.8687 89
39.8731 90
39.8731 91
39.8775 92
39.8775 93
39.8816 85
39.8816 86
39.8864 87
39.8908 88
39.8908 89
39.8952 90
39.8952 91
39.8996 92
39.8996 93
39.9037 85
39.9037 86
39.9084 87
39.9128 88
39.9128 89
39.9173 90
39.9173 91
39.9217 92
39.9217 93
39.9258 85
39.9258 86
39.9305 87
39.9346 85
39.9346 86
39.9393 87
39.9437 88
39.9437 89
39.9482 90
39.9482 91
39.9526 92
39.9526 93
39.9567 85
39.9567 86
39.9614 87
39.9658 88
39.9658 89
39.9702 90
39.9702 91
39.9746 92
39.9746 93
39.9788 85
39.9788 86
39.9835 87
39.9879 88
39.9879 89
39.9923 90
39.9923 91
39.9967 92
39.9967 93
40.0008 85
40.0008 86
40.0055 87
40.01 88
40.01 89
40.0144 90
40.0144 91
40.0188 92
40.0188 93
40.0229 85
40.0229 86
40.0276 87
40.032 88
40.032 89
40.0364 90
40.0364 91
40.0408 92
40.0408 93
40.045 85
40.045 86
40.0497 87
40.0541 88
40.0541 89
40.0585 90
40.0585 91
40.0629 92
40.0629 93
40.0671 85
40.0671 86
40.0709 87
40.0744 88
40.0744 89
40.0779 90
40.0779 91
40.0815 92
40.0815 93
40.085 94
40.085 95
40.0885 96
40.0885 97
40.0921 88
40.0921 89
40.0956 90
40.0956 91
40.0991 92
40.0991 93
40.1027 94
40.1027 95
40.1062 96
40.1062 97
40.1097 98
40.1097 99
40.1132 90
40.1132 91
40.1168 92
40.1168 93
40.1203 94
40.1203 95
40.1238 96
40.1238 97
40.1274 98
40.1274 99
40.1309 100
40.1344 92
40.1344 93
40.138 94
40.138 95
40.1415 96
40.1415 97
40.145 98
40.145 99
40.1486 100
40.1521 101
40.1521 102
40.1554 94
40.1554 95
40.1592 96
40.1592 97
40.1627 98
40.1627 99
40.1662 100
40.1698 101
40.1698 102
40.1733 103
40.1733 104
40.1768 105
40.1768 106
40.1804 98
40.1804 99
40.1839 100
40.1874 101
40.1874 102
40.191 103
40.191 104
40.1945 105
40.1945 106
40.198 107
40.198 108
40.2015 99
40.2015 100
40.2051 101
40.2051 102
40.2086 103
40.2086 104
40.2121 105
40.2121 106
40.2157 107
40.2157 108
40.2192 109
40.2192 110
40.2227 111
40.2263 103
40.2263 104
40.2298 105
40.2298 106
40.2333 107
40.2333 108
40.2369 109
40.2369 110
40.2404 111
40.2439 112
40.2439 113
40.2475 105
40.2475 106
40.251 107
40.251 108
40.2545 109
40.2545 110
40.2581 111
40.2616 112
40.2616 113
40.2651 114
40.2651 115
40.268 107
40.268 108
40.2722 109
40.2722 110
40.2757 111
40.2793 112
40.2793 113
40.2828 114
40.2828 115
40.2863 116
40.2863 117
40.2898 118
40.2898 119
40.2934 111
40.2993 112
40.2993 113
40.3052 114
40.3052 115
40.311 116
40.311 117
40.3169 109
40.3169 110
40.3228 111
40.3287 108
40.3287 109
40.3346 110
40.3346 111
40.3405 112
40.3464 104
40.3464 105
40.3522 106
40.3522 107
40.3581 108
40.3581 109
40.364 110
40.364 111
40.3699 102
40.3699 103
40.3758 104
40.3758 105
40.3817 106
40.3817 107
40.3876 108
40.3876 109
40.3934 100
40.3934 101
40.3993 102
40.3993 103
40.4052 104
40.4052 105
40.4111 106
40.4111 107
40.417 99
40.4229 100
40.4229 101
40.4288 102
40.4288 103
40.4346 95
40.4346 96
40.4405 97
40.4405 98
40.4464 99
40.4523 100
40.4523 101
40.4582 102
40.4582 103
40.4641 97
40.4641 98
40.47 99
40.4758 100
40.4758 101
40.4817 102
40.4817 103
40.4876 104
40.4876 105
40.4935 97
40.4935 98
40.4994 99
40.5053 100
40.5053 101
40.5107 93
40.5107 94
40.5156 95
40.5156 96
40.52 97
40.52 98
40.5244 99
40.5288 100
40.5288 101
40.5332 102
40.5332 103
40.5376 95
40.5376 96
40.5421 97
40.5421 98
40.5465 99
40.5509 100
40.5509 101
40.5553 102
40.5553 103
40.5597 104
40.5597 105
40.5641 106
40.5641 107
40.5685 99
40.5685 100
40.573 101
40.573 102
40.5774 103
40.5774 104
40.5818 105
40.5818 106
40.5862 107
40.5862 108
40.5906 109
40.5906 110
40.595 102
40.595 103
40.5994 104
40.5994 105
40.6039 106
40.6039 107
40.6083 108
40.6083 109
40.6127 110
40.6127 111
40.6171 112
40.6215 106
40.6215 107
40.6259 108
40.6259 109
40.6303 110
40.6303 111
40.6348 112
40.6392 113
40.6392 114
40.6436 115
40.6436 116
40.648 110
40.648 111
40.6524 112
40.6568 113
40.6568 114
40.6612 115
40.6612 116
40.6657 117
40.6657 118
40.6701 119
40.6701 120
40.6745 112
40.6745 113
40.6789 114
40.6789 115
40.6833 116
40.6833 117
40.6877 118
40.6877 119
40.6921 120
40.6921 121
40.6966 122
40.6966 123
40.701 116
40.701 117
40.7054 118
40.7054 119
40.7098 120
40.7098 121
40.7142 122
40.7142 123
40.7186 124
40.723 125
40.723 126
40.7274 120
40.7274 121
40.7319 122
40.7319 123
40.7363 124
40.7407 125
40.7407 126
40.7451 127
40.7451 128
40.7495 120
40.7495 121
40.7539 122
40.7539 123
40.7583 124
40.7628 125
40.7628 126
40.7672 127
40.7672 128
40.7716 129
40.7716 130
40.776 123
40.7804 124
40.7804 125
40.7848 126
40.7848 127
40.7892 128
40.7892 129
40.7937 130
40.7937 131
40.7981 132
40.7981 133
40.8025 134
40.8025 135
40.8069 128
40.8069 129
40.8113 130
40.8113 131
40.8157 132
40.8157 133
40.8201 134
40.8201 135
40.8246 136
40.829 137
40.829 138
40.8334 131
40.8334 132
40.8378 133
40.8378 134
40.8422 135
40.8466 136
40.8466 137
40.851 138
40.851 139
40.8555 140
40.8555 141
40.8599 134
40.8599 135
40.8643 136
40.8687 137
40.8687 138
40.8731 139
40.8731 140
40.8775 141
40.8775 142
40.8819 134
40.8819 135
40.8864 136
40.8908 137
40.8908 138
40.8952 139
40.8952 140
40.8996 141
40.8996 142
40.904 134
40.904 135
40.9084 136
40.9128 137
40.9128 138
40.9173 139
40.9173 140
40.9217 141
40.9217 142
40.9261 134
40.9261 135
40.9305 134
40.9305 135
40.9349 136
40.9393 137
40.9393 138
40.9437 139
40.9437 140
40.9482 141
40.9482 142
40.9526 134
40.9526 135
40.957 136
40.9614 137
40.9614 138
40.9658 139
40.9658 140
40.9702 141
40.9702 142
40.9746 134
40.9746 135
40.979 136
40.9835 137
40.9835 138
40.9879 139
40.9879 140
40.9923 141
40.9923 142
40.9967 143
40.9967 144
41.0011 145
41.0011 146
41.0055 138
41.0055 139
41.0099 140
41.0099 141
41.0144 142
41.0144 143
41.0188 144
41.0188 145
41.0232 146
41.0232 147
41.0276 148
41.032 141
41.032 142
41.0364 143
41.0364 144
41.0408 145
41.0408 146
41.0453 147
41.0453 148
41.0497 149
41.0541 150
41.0541 151
41.0585 145
41.0585 146
41.0629 147
41.0629 148
41.0673 149
41.0717 150
41.0717 151
41.0762 152
41.0762 153
41.0806 154
41.0806 155
41.085 148
41.0894 149
41.0894 150
41.0938 151
41.0938 152
41.0982 153
41.0982 154
41.1026 155
41.1026 156
41.1071 157
41.1071 158
41.1115 150
41.1115 151
41.1159 152
41.1159 153
41.1203 154
41.1203 155
41.1247 156
41.1247 157
41.1291 158
41.1291 159
41.1335 160
41.138 154
41.138 155
41.1424 156
41.1424 157
41.1468 158
41.1468 159
41.1512 160
41.1556 161
41.1556 162
41.16 163
41.16 164
41.1644 158
41.1644 159
41.1688 160
41.1733 161
41.1733 162
41.1777 163
41.1777 164
41.1821 165
41.1821 166
41.1865 167
41.1865 168
41.1909 169
41.1909 170
41.1953 163
41.1953 164
41.1997 165
41.1997 166
41.2042 167
41.2042 168
41.2086 169
41.2086 170
41.213 171
41.213 172
41.2174 173
41.2218 174
41.2218 175
41.2262 169
41.2262 170
41.2306 171
41.2306 172
41.2351 173
41.2395 174
41.2395 175
41.2439 176
41.2439 177
41.2483 178
41.2483 179
41.2554 172
41.2554 173
41.2599 174
41.2599 175
41.2643 176
41.2643 177
41.2687 178
41.2687 179
41.2864 172
41.2864 173
41.2908 174
41.2908 175
41.2952 176
41.2952 177
41.2996 178
41.2996 179
41.3173 172
41.3173 173
41.3217 174
41.3217 175
41.3261 176
41.3261 177
41.3305 178
41.3305 179
41.3377 176
41.3377 177
41.3422 178
41.3422 179
41.3658 172
41.3658 173
41.3703 174
41.3703 175
41.3747 176
41.3747 177
41.3791 178
41.3791 179
41.3916 171
41.3916 172
41.396 173
41.4005 174
41.4005 175
41.4049 176
41.4049 177
41.4093 178
41.4093 179
41.4137 171
41.4137 172
41.4181 173
41.4225 174
41.4225 175
41.427 176
41.427 177
41.4314 178
41.4314 179
41.4358 171
41.4358 172
41.4402 173
41.4446 174
41.4446 175
41.449 176
41.449 177
41.4534 178
41.4534 179
41.4623 171
41.4623 172
41.4667 173
41.4711 172
41.4755 173
41.4755 174
41.4799 175
41.4799 176
41.4844 177
41.4844 178
41.4888 179
41.4961 172
41.5005 173
41.5005 174
41.5049 175
41.5049 176
41.5094 177
41.5094 178
41.5138 179
41.5214 171
41.5214 172
41.5258 173
41.5302 174
41.5302 175
41.5346 176
41.5346 177
41.539 178
41.539 179
41.5435 171
41.5435 172
41.5479 173
41.5523 174
41.5523 175
41.5567 176
41.5567 177
41.5611 178
41.5611 179
41.5655 171
41.5655 172
41.57 173
41.5744 174
41.5744 175
41.5788 176
41.5788 177
41.5832 178
41.5832 179
41.5876 171
41.5876 172
41.592 173
41.5965 174
41.5965 175
41.6009 176
41.6009 177
41.6053 178
41.6053 179
41.6098 171
41.6098 172
41.6142 173
41.6186 174
41.6186 175
41.6231 176
41.6231 177
41.6275 178
41.6275 179
41.6319 171
41.6319 172
41.6363 173
41.6407 174
41.6451 173
41.6451 172
41.6606 170
41.6628 169
41.665 168
41.6761 167
41.6761 168
41.6871 164
41.6893 163
41.6937 162
41.7136 157
41.7158 156
41.7202 155
41.7291 154
41.7357 152
41.7379 151
41.7445 150
41.7534 149
41.76 148
41.7938 143
41.7938 144
41.7974 145
41.7974 146
41.8009 147
41.8009 148
41.8203 142
41.8203 143
41.8239 144
41.8239 145
41.8274 146
41.8274 147
41.8309 148
41.8468 144
41.8468 145
41.8504 146
41.8504 147
41.8539 148
41.8733 142
41.8733 143
41.8769 144
41.8769 145
41.8804 146
41.8804 147
41.8839 148
41.8947 140
41.8947 141
41.8982 142
41.8982 143
41.9017 144
41.9017 145
41.9053 146
41.9053 147
41.9088 148
41.9168 140
41.9168 141
41.9203 142
41.9203 143
41.9238 144
41.9238 145
41.9274 146
41.9274 147
41.9309 148
41.9388 140
41.9388 141
41.9424 142
41.9424 143
41.9459 144
41.9459 145
41.9494 146
41.9494 147
41.953 148
41.9661 142
41.9661 143
41.9696 144
41.9696 145
41.9731 146
41.9731 147
41.9767 148
41.9918 140
41.9918 141
41.9954 142
41.9954 143
41.9989 144
41.9989 145
42.0024 146
42.0024 147
42.006 148
42.0139 140
42.0139 141
42.0198 142
42.0198 143
42.0257 144
42.0257 145
42.0316 146
42.0316 147
42.0375 138
42.0375 139
42.0433 140
42.0433 141
42.0492 142
42.0492 143
42.0551 144
42.0551 145
42.061 136
42.061 137
42.0669 138
42.0669 139
42.0728 140
42.0728 141
42.0787 142
42.0787 143
42.0845 135
42.0904 136
42.0904 137
42.0963 138
42.0963 139
42.1022 140
42.1022 141
42.1081 133
42.1081 134
42.114 135
42.1199 136
42.1199 137
42.1258 138
42.1258 139
42.1316 133
42.1316 134
42.1375 135
42.1434 136
42.1434 137
42.1493 138
42.1493 139
42.1552 140
42.1552 141
42.1611 137
42.1611 138
42.167 139
42.167 140
42.1728 141
42.1728 142
42.1787 139
42.1787 140
42.184 141
42.1905 142
42.1905 143
42.1964 144
42.1964 145
42.2017 143
42.2017 144
42.2082 145
42.2082 146
42.214 147
42.214 148
42.2199 149
42.2258 150
42.2258 151
42.2317 148
42.2361 147
42.2361 148
42.2449 149
42.2449 150
42.2494 151
42.2494 152
42.2538 153
42.2538 154
42.2582 155
42.2582 156
42.2626 157
42.2626 158
42.267 154
42.267 155
42.2714 156
42.2714 157
42.2758 158
42.2758 159
42.2803 160
42.2847 161
42.2847 162
42.2891 163
42.2891 164
42.2935 159
42.2935 160
42.2979 161
42.3023 162
42.3023 163
42.3067 164
42.3067 165
42.3111 166
42.3111 167
42.3156 168
42.3156 169
42.32 163
42.32 164
42.3244 165
42.3244 166
42.3288 167
42.3288 168
42.3332 169
42.3332 170
42.3376 171
42.3376 172
42.342 173
42.3465 165
42.3465 166
42.3509 167
42.3509 168
42.3553 169
42.3553 170
42.3597 171
42.3597 172
42.3641 173
42.3685 174
42.3685 175
42.3729 176
42.3729 177
42.3774 169
42.3774 170
42.3818 171
42.3818 172
42.3862 173
42.3906 174
42.3906 175
42.395 176
42.395 177
42.3994 169
42.3994 170
42.4038 171
42.4038 172
42.4083 173
42.4127 174
42.4127 175
42.4171 176
42.4171 177
42.4215 169
42.4215 170
42.4259 171
42.4259 172
42.4303 173
42.4347 174
42.4347 175
42.4392 176
42.4392 177
42.4436 169
42.4436 170
42.448 171
42.448 172
42.4524 173
42.4568 174
42.4568 175
42.4612 176
42.4612 177
42.4656 178
42.4656 179
42.4696 172
42.4696 173
42.4745 174
42.4745 175
42.4789 176
42.4789 177
42.4833 178
42.4833 179
42.4953 171
42.4953 172
42.4997 173
42.5042 174
42.5042 175
42.5086 176
42.5086 177
42.513 178
42.513 179
42.5174 171
42.5174 172
42.5218 173
42.5262 174
42.5262 175
42.5307 176
42.5307 177
42.5351 178
42.5351 179
42.5395 171
42.5395 172
42.5439 173
42.5483 174
42.5483 175
42.5527 176
42.5527 177
42.5571 178
42.5571 179
42.5616 171
42.5616 172
42.566 173
42.5704 174
42.5704 175
42.5748 176
42.5748 177
42.5792 178
42.5792 179
42.5837 171
42.5837 172
42.5881 173
42.5925 174
42.5925 175
42.5969 176
42.5969 177
42.6013 178
42.6013 179
42.6153 174
42.6153 175
42.6197 176
42.6197 177
42.6241 178
42.6241 179
42.6418 174
42.6418 175
42.6462 176
42.6462 177
42.6506 178
42.6506 179
42.6683 174
42.6683 175
42.6727 176
42.6727 177
42.6771 178
42.6771 179
42.6948 174
42.6948 175
42.6992 176
42.6992 177
42.7036 178
42.7036 179
42.7192 172
42.7192 173
42.7236 174
42.7236 175
42.728 176
42.728 177
42.7324 178
42.7324 179
42.7464 172
42.7508 173
42.7545 172
42.7567 171
42.7589 170
42.7832 163
42.7832 164
42.7876 165
42.7876 166
42.792 163
42.792 164
42.7965 165
42.8009 164
42.8009 165
42.8053 164
42.8053 165
42.8097 162
42.8097 163
42.8141 164
42.8296 159
42.8296 160
42.834 159
42.834 160
42.8384 158
42.8384 159
42.8428 160
42.8473 161
42.8634 154
42.8634 155
42.8671 152
42.8671 153
42.8716 151
42.8716 152
42.8767 153
42.8767 154
42.8811 155
42.8811 156
42.8855 157
42.8855 158
42.8899 159
42.8936 150
42.8936 151
42.898 152
42.898 153
42.9025 154
42.9025 155
42.9069 156
42.9069 157
42.9113 158
42.9113 159
42.9157 150
42.9157 151
42.9201 152
42.9201 153
42.9245 154
42.9245 155
42.929 156
42.929 157
42.9334 158
42.9334 159
42.9378 150
42.9378 151
42.9422 152
42.9422 153
42.9466 154
42.9466 155
42.951 156
42.951 157
42.9554 158
42.9554 159
42.9599 152
42.9599 153
42.9643 154
42.9643 155
42.9687 153
42.9687 154
42.9731 151
42.9731 152
42.9775 153
42.9819 154
42.9819 155
42.9996 147
42.9996 148
43.004 149
43.0084 150
43.0084 151
43.0129 152
43.0129 153
43.0173 154
43.0173 155
43.0217 147
43.0217 148
43.0261 149
43.0305 150
43.0305 151
43.0349 152
43.0349 153
43.0394 154
43.0394 155
43.0438 147
43.0438 148
43.0482 149
43.0526 150
43.0526 151
43.057 152
43.057 153
43.0614 154
43.0614 155
43.0659 147
43.0659 148
43.0703 149
43.0747 150
43.0747 151
43.0791 152
43.0791 153
43.0835 154
43.0835 155
43.0924 147
43.0924 148
43.0968 149
43.1012 150
43.1012 151
43.1056 152
43.1056 153
43.11 154
43.11 155
43.124 148
43.124 149
43.1284 150
43.1284 151
43.1328 152
43.1328 153
43.1372 154
43.1372 155
43.1505 152
43.1505 153
43.1549 154
43.1549 155
43.177 150
43.177 151
43.1814 152
43.1814 153
43.1858 154
43.1858 155
43.2079 149
43.2079 150
43.2123 151
43.2123 152
43.2167 153
43.2167 154
43.2211 155
43.2344 148
43.2344 149
43.2388 150
43.2388 151
43.2432 152
43.2432 153
43.2476 154
43.2476 155
43.2609 149
43.2609 150
43.2653 151
43.2653 152
43.2697 153
43.2697 154
43.2741 155
43.2741 156
43.2785 157
43.2785 158
43.283 159
43.283 160
43.2867 155
43.2867 156
43.2911 154
43.2911 155
43.2962 156
43.3006 157
43.3006 158
43.305 159
43.305 160
43.3094 161
43.3139 162
43.3139 163
43.3176 160
43.322 159
43.322 160
43.3271 161
43.3315 162
43.3315 163
43.3359 164
43.3359 165
43.3403 166
43.3403 167
43.3447 168
43.3447 169
43.3492 170
43.3492 171
43.3536 165
43.3536 166
43.358 167
43.358 168
43.3624 169
43.3624 170
43.3668 171
43.3668 172
43.3712 173
43.3756 165
43.3756 166
43.3801 167
43.3801 168
43.3845 169
43.3845 170
43.3889 171
43.3889 172
43.3933 173
43.3977 165
43.3977 166
43.4021 167
43.4021 168
43.4065 169
43.4065 170
43.411 171
43.411 172
43.4154 173
43.4198 165
43.4198 166
43.4242 167
43.4242 168
43.4286 169
43.4286 170
43.433 171
43.433 172
43.4374 173
43.4419 165
43.4419 166
43.4463 167
43.4463 168
43.4507 169
43.4507 170
43.4551 171
43.4551 172
43.4595 173
43.4633 165
43.4633 166
43.4683 167
43.4683 168
43.4728 169
43.4728 170
43.4772 171
43.4772 172
43.4816 173
43.486 174
43.486 175
43.4904 176
43.4904 177
43.4948 171
43.4948 172
43.4992 173
43.5037 174
43.5037 175
43.5081 176
43.5081 177
43.5119 169
43.5119 170
43.5169 171
43.5169 172
43.5213 173
43.5257 174
43.5257 175
43.5301 176
43.5301 177
43.534 169
43.534 170
43.5381 171
43.5381 172
43.5416 173
43.5451 174
43.5451 175
43.5487 176
43.5487 177
43.5522 178
43.5522 179
43.556 171
43.556 172
43.5596 173
43.5631 174
43.5631 175
43.5666 176
43.5666 177
43.5702 178
43.5702 179
43.5781 171
43.5781 172
43.5816 173
43.5852 174
43.5852 175
43.5887 176
43.5887 177
43.5922 178
43.5922 179
43.6053 174
43.6053 175
43.6088 176
43.6088 177
43.6124 178
43.6124 179
43.6318 173
43.6318 174
43.6353 175
43.6353 176
43.6389 177
43.6389 178
43.6424 179
43.6605 174
43.6605 175
43.664 176
43.664 177
43.6676 178
43.6676 179
43.687 174
43.687 175
43.6905 176
43.6905 177
43.6941 178
43.6941 179
43.7135 173
43.7135 174
43.717 175
43.717 176
43.7206 177
43.7206 178
43.7241 179
43.74 173
43.74 174
43.7459 175
43.7459 176
43.7518 177
43.7518 178
43.7576 179
43.7665 172
43.7783 171
43.7783 172
43.7841 170
43.7841 171
43.79 172
43.7959 169
43.7959 170
43.8008 166
43.8008 167
43.8077 168
43.8077 169
43.8136 170
43.8136 171
43.8195 172
43.8253 164
43.8253 165
43.8312 166
43.8312 167
43.8371 168
43.8371 169
43.843 170
43.843 171
43.8489 162
43.8489 163
43.8548 164
43.8548 165
43.8607 166
43.8607 167
43.8666 168
43.8666 169
43.8724 160
43.8724 161
43.8783 162
43.8783 163
43.8842 164
43.8842 165
43.8891 157
43.8891 158
43.896 159
43.896 160
43.9019 161
43.9078 162
43.9078 163
43.9136 155
43.9136 156
43.9195 157
43.9195 158
43.9254 159
43.9254 160
43.9313 161
43.9372 153
43.9372 154
43.9431 155
43.9431 156
43.949 157
43.949 158
43.9548 159
43.9548 160
43.9607 151
43.9607 152
43.9642 150
43.9642 151
43.9686 149
43.9686 150
43.974 151
43.974 152
43.9784 153
43.9784 154
43.9828 155
43.9828 156
43.9872 157
43.9872 158
43.9907 149
43.9907 150
43.996 151
43.996 152
44.0005 153
44.0005 154
44.0049 155
44.0049 156
44.0093 157
44.0093 158
44.0128 149
44.0128 150
44.0181 151
44.0181 152
44.0225 153
44.0225 154
44.0269 155
44.0269 156
44.0305 149
44.0305 150
44.0349 148
44.0349 149
44.0393 148
44.0393 149
44.0437 148
44.0525 147
44.0525 148
44.0622 149
44.0622 150
44.0667 151
44.0667 152
44.0711 153
44.0711 154
44.0755 155
44.0755 156
44.0799 148
44.0843 149
44.0843 150
44.0887 151
44.0887 152
44.0931 153
44.0931 154
44.0976 155
44.0976 156
44.102 148
44.1064 149
44.1064 150
44.1108 151
44.1108 152
44.1152 153
44.1152 154
44.1196 155
44.1196 156
44.124 148
44.1285 149
44.1285 150
44.1329 151
44.1329 152
44.1373 153
44.1373 154
44.1417 155
44.1417 156
44.1461 148
44.1505 149
44.1505 150
44.1549 151
44.1549 152
44.1594 153
44.1594 154
44.1638 155
44.1638 156
44.2498 134
44.5964 25
44.6649 0
44.6649 1
44.6649 2
44.6649 3
44.6649 4
44.8922 0
44.8922 1
44.8922 2
44.8922 3
44.8922 4
44.8922 5
44.8922 6
44.8922 7
44.8922 8
44.8922 9
44.8942 10
44.8942 11
44.8978 12
44.8978 13
44.9013 14
44.9049 15
44.9049 16
44.9085 17
44.9085 18
44.912 19
44.912 20
44.9156 21
44.9156 22
44.9192 23
44.9192 24
44.9227 25
44.9227 26
44.9263 27
44.9298 28
44.9298 29
44.9334 30
44.9334 31
44.937 32
44.937 33
44.9405 34
44.9405 35
44.9441 36
44.9441 37
44.9477 38
44.9477 39
44.9512 40
44.9548 41
44.9548 42
44.9583 43
44.9583 44
44.9619 45
44.9619 46
44.9655 47
44.9655 48
44.969 49
44.969 50
44.9726 51
44.9762 52
44.9762 53
44.9797 54
44.9797 55
44.9833 56
44.9833 57
44.9868 58
44.9868 59
44.9904 60
44.9904 61
44.994 62
44.994 63
44.9975 64
45.0011 65
45.0011 66
45.0046 67
45.0046 68
45.0082 69
45.0082 70
45.0118 71
45.0118 72
45.0153 73
45.0153 74
45.0189 75
45.0189 76
45.0225 77
45.026 78
45.026 79
45.0296 80
45.0296 81
45.0331 82
45.0331 83
45.0367 84
45.0367 85
45.0403 86
45.0403 87
45.0438 88
45.0474 89
45.0474 90
45.051 91
45.051 92
45.0545 93
45.0545 94
45.0581 95
45.0581 96
45.0616 97
45.0616 98
45.0652 99
45.0652 100
45.0688 101
45.0723 102
45.0723 103
45.0759 104
45.0759 105
45.0794 106
45.0794 107
45.083 108
45.083 109
45.0866 110
45.0866 111
45.0901 112
45.0937 113
45.0937 114
45.0973 115
45.0973 116
45.1008 117
45.1008 118
45.1044 119
45.1044 120
45.1079 121
45.1079 122
45.1115 123
45.1115 124
45.1151 116
45.1151 117
45.1186 118
45.1186 119
45.1222 120
45.1222 121
45.1258 122
45.1258 123
45.1293 124
45.1293 125
45.1329 126
45.1364 127
45.1364 128
45.14 121
45.14 122
45.1459 123
45.1519 124
45.1519 125
45.1578 126
45.1578 127
45.1638 128
45.1638 129
45.1697 121
45.1697 122
45.1756 123
45.1816 124
45.1816 125
45.1875 126
45.1875 127
45.1934 128
45.1934 129
45.1994 121
45.1994 122
45.2053 123
45.2113 124
45.2113 125
45.2172 126
45.2172 127
45.2231 119
45.2231 120
45.2291 121
45.2291 122
45.235 123
45.2409 124
45.2409 125
45.2469 126
45.2469 127
45.2528 119
45.2528 120
45.2588 121
45.2588 122
45.2647 123
45.2706 124
45.2706 125
45.2766 126
45.2766 127
45.2825 119
45.2825 120
45.2885 121
45.2885 122
45.2944 123
45.3003 124
45.3003 125
45.3053 119
45.3053 120
45.3122 121
45.3122 122
45.3181 123
45.3241 124
45.3241 125
45.33 126
45.33 127
45.336 119
45.336 120
45.3419 121
45.3419 122
45.3478 123
45.3538 124
45.3538 125
45.3597 117
45.3597 118
45.3642 119
45.3642 120
45.3686 121
45.3686 122
45.3731 123
45.3775 124
45.3775 125
45.382 126
45.382 127
45.3864 119
45.3864 120
45.3909 121
45.3909 122
45.3953 123
45.3998 124
45.3998 125
45.4043 126
45.4043 127
45.4087 128
45.4087 129
45.4132 130
45.4132 131
45.4176 123
45.4221 124
45.4221 125
45.4265 126
45.4265 127
45.431 128
45.431 129
45.4354 130
45.4354 131
45.4399 132
45.4399 133
45.4443 124
45.4443 125
45.4488 126
45.4488 127
45.4532 128
45.4532 129
45.4577 130
45.4577 131
45.4622 132
45.4622 133
45.4666 134
45.4666 135
45.4711 126
45.4711 127
45.4761 128
45.4761 129
45.4811 130
45.4811 131
45.4862 132
45.4862 133
45.4912 134
45.4912 135
45.4963 136
45.5013 128
45.5013 129
45.5063 130
45.5063 131
45.5114 132
45.5114 133
45.5164 134
45.5164 135
45.521 128
45.521 129
45.5265 130
45.5265 131
45.5315 132
45.5315 133
45.5366 134
45.5366 135
45.5416 136
45.5466 137
45.5466 138
45.5517 139
45.5517 140
45.5567 134
45.5567 135
45.5617 136
45.5668 137
45.5668 138
45.5718 139
45.5718 140
45.5769 141
45.5769 142
45.5819 134
45.5819 135
45.5869 136
45.592 137
45.592 138
45.597 139
45.597 140
45.602 141
45.602 142
45.6071 143
45.6071 144
45.6121 137
45.6121 138
45.6172 139
45.6172 140
45.6222 141
45.6222 142
45.6272 143
45.6272 144
45.6323 145
45.6323 146
45.6365 139
45.6365 140
45.6424 141
45.6424 142
45.6474 143
45.6474 144
45.6524 145
45.6524 146
45.6575 147
45.6575 148
45.6625 149
45.6675 143
45.6675 144
45.6726 145
45.6726 146
45.6776 147
45.6776 148
45.6827 149
45.6877 150
45.6877 151
45.6927 145
45.6927 146
45.6978 147
45.6978 148
45.7028 149
45.7078 150
45.7078 151
45.7129 152
45.7129 153
45.7179 147
45.7179 148
45.723 149
45.728 150
45.728 151
45.733 152
45.733 153
45.7381 154
45.7381 155
45.7431 156
45.7431 157
45.7481 150
45.7481 151
45.7532 152
45.7532 153
45.7582 154
45.7582 155
45.7633 156
45.7633 157
45.7683 158
45.7683 159
45.7733 160
45.7784 154
45.7784 155
45.7834 156
45.7834 157
45.7885 158
45.7885 159
45.7935 160
45.7985 161
45.7985 162
45.8036 156
45.8036 157
45.8086 158
45.8086 159
45.8136 160
45.8187 161
45.8187 162
45.8237 163
45.8237 164
45.8288 156
45.8288 157
45.8338 158
45.8338 159
45.8388 160
45.8439 161
45.8439 162
45.8489 163
45.8489 164
45.8539 165
45.8539 166
45.859 160
45.864 161
45.864 162
45.8691 163
45.8691 164
45.8741 165
45.8741 166
45.8791 167
45.8791 168
45.8842 160
45.8892 161
45.8892 162
45.8943 163
45.8943 164
45.8993 165
45.8993 166
45.9043 167
45.9043 168
45.9094 169
45.9094 170
45.914 161
45.914 162
45.9194 163
45.9194 164
45.9245 165
45.9245 166
45.9295 167
45.9295 168
45.9346 169
45.9346 170
45.9396 171
45.9396 172
45.9449 163
45.9449 164
45.9499 165
45.9499 166
45.955 167
45.955 168
45.96 169
45.96 170
45.965 171
45.965 172
45.9758 163
45.9758 164
45.9808 165
45.9808 166
45.9859 167
45.9859 168
45.9909 169
45.9909 170
45.996 171
45.996 172
46.0023 163
46.0023 164
46.0073 165
46.0073 166
46.0124 167
46.0124 168
46.0174 169
46.0174 170
46.0225 171
46.0225 172
46.0295 165
46.0295 166
46.0345 167
46.0345 168
46.0396 169
46.0396 170
46.0446 171
46.0446 172
46.0553 163
46.0553 164
46.0603 165
46.0603 166
46.0654 167
46.0654 168
46.0704 169
46.0704 170
46.0754 171
46.0754 172
46.0818 163
46.0818 164
46.0868 165
46.0868 166
46.0919 167
46.0919 168
46.0969 169
46.0969 170
46.1019 171
46.1019 172
46.1127 163
46.1127 164
46.1177 165
46.1177 166
46.1228 167
46.1228 168
46.1278 169
46.1278 170
46.1329 171
46.1329 172
46.1392 163
46.1392 164
46.1442 165
46.1442 166
46.1493 167
46.1493 168
46.1543 169
46.1543 170
46.1593 171
46.1593 172
46.1664 165
46.1664 166
46.1714 167
46.1714 168
46.1765 169
46.1765 170
46.1815 171
46.1815 172
46.1922 163
46.1922 164
46.1972 165
46.1972 166
46.2023 167
46.2023 168
46.2073 169
46.2073 170
46.2123 171
46.2123 172
46.2194 165
46.2194 166
46.2244 167
46.2244 168
46.2295 169
46.2295 170
46.2345 171
46.2345 172
46.2452 163
46.2452 164
46.2502 165
46.2502 166
46.2553 165
46.2553 166
46.2603 164
46.2783 160
46.2783 161
46.2827 159
46.2827 160
46.2934 161
46.2934 162
46.3048 158
46.3048 159
46.3092 157
46.3092 158
46.3149 159
46.3199 160
46.325 161
46.3357 153
46.3357 154
46.3408 155
46.3408 156
46.3458 155
46.3458 156
46.3508 154
46.3508 155
46.3559 156
46.3609 157
46.3609 158
46.3659 159
46.3659 160
46.371 156
46.371 157
46.3755 153
46.3755 154
46.3811 155
46.3811 156
46.3861 155
46.3861 156
46.3911 157
46.3953 155
46.3953 156
46.4012 154
46.4012 155
46.4062 156
46.4108 155
46.4108 156
46.4163 154
46.4163 155
46.4214 156
46.4263 154
46.4263 155
46.4314 156
46.4329 155
46.4395 154
46.4711 148
46.4762 149
46.4762 150
46.4812 151
46.4812 152
46.4859 148
46.4859 149
46.4903 147
46.4903 148
46.5014 149
46.5014 150
46.5064 151
46.5064 152
46.5124 148
46.5124 149
46.5168 147
46.5168 148
46.5275 149
46.5275 150
46.5506 144
46.5506 145
46.5557 146
46.5557 147
46.5607 148
46.5654 144
46.5654 145
46.5708 146
46.5758 145
46.5758 146
46.5808 143
46.5808 144
46.5859 145
46.5909 146
46.5909 147
46.596 145
46.596 146
46.6007 145
46.6007 146
46.6061 147
46.6111 148
46.6294 141
46.6294 142
46.6338 140
46.6338 141
46.6395 142
46.6445 143
46.6445 144
46.6496 142
46.6496 143
46.6537 142
46.6537 143
46.6597 142
46.6597 143
46.6647 141
46.6647 142
46.6697 143
46.6697 144
46.6748 145
46.6758 144
46.6758 145
46.6823 143
46.6823 144
46.7089 137
46.7089 138
46.713 139
46.717 137
46.717 138
46.721 139
46.721 140
46.725 141
46.725 142
46.7291 143
46.745 136
46.745 137
46.749 138
46.749 139
46.753 140
46.753 141
46.7571 142
46.7571 143
46.7715 136
46.7715 137
46.7755 138
46.7755 139
46.7795 140
46.7795 141
46.7836 142
46.7836 143
46.7876 144
46.7876 145
46.7916 146
46.7916 147
46.7956 148
46.7997 142
46.7997 143
46.8037 144
46.8037 145
46.8077 146
46.8077 147
46.8118 148
46.8158 149
46.8158 150
46.8198 151
46.8198 152
46.8239 153
46.8239 154
46.8279 147
46.8279 148
46.8319 149
46.8359 150
46.8359 151
46.84 152
46.84 153
46.844 154
46.844 155
46.848 156
46.848 157
46.8521 149
46.8521 150
46.8561 151
46.8561 152
46.8601 153
46.8601 154
46.8642 155
46.8642 156
46.8682 157
46.8682 158
46.8722 159
46.8722 160
46.8762 161
46.8803 153
46.8803 154
46.8843 155
46.8843 156
46.8883 157
46.8883 158
46.8924 159
46.8924 160
46.8964 161
46.9004 162
46.9004 163
46.9045 155
46.9045 156
46.9085 157
46.9085 158
46.9125 159
46.9125 160
46.9165 161
46.9206 162
46.9206 163
46.9246 164
46.9246 165
46.9286 166
46.9286 167
46.9327 160
46.9394 161
46.9394 162
46.9461 163
46.9461 164
46.9528 165
46.9528 166
46.9595 167
46.9595 168
46.9662 160
46.973 161
46.973 162
46.9797 163
46.9797 164
46.9864 165
46.9864 166
46.9931 158
46.9931 159
46.9998 160
47.0065 161
47.0065 162
47.0133 163
47.0133 164
47.02 165
47.02 166
47.0267 160
47.0334 161
47.0334 162
47.0401 163
47.0401 164
47.0468 165
47.0468 166
47.0533 158
47.0533 159
47.0603 160
47.067 161
47.067 162
47.0737 163
47.0737 164
47.0804 165
47.0804 166
47.0871 158
47.0871 159
47.0938 160
47.1006 161
47.1006 162
47.1073 163
47.1073 164
47.114 159
47.114 160
47.1207 161
47.1274 162
47.1274 163
47.1341 164
47.1341 165
47.1409 159
47.1409 160
47.1476 161
47.1543 162
47.1543 163
47.161 164
47.161 165
47.1677 158
47.1677 159
47.1728 160
47.1778 161
47.1778 162
47.1828 163
47.1828 164
47.1879 165
47.1879 166
47.1929 167
47.1929 168
47.1979 161
47.1979 162
47.203 163
47.203 164
47.208 165
47.208 166
47.2131 167
47.2131 168
47.2181 169
47.2181 170
47.2231 163
47.2231 164
47.2282 165
47.2282 166
47.2332 167
47.2332 168
47.2383 169
47.2383 170
47.2433 171
47.2433 172
47.2483 165
47.2483 166
47.2534 167
47.2534 168
47.2584 169
47.2584 170
47.2634 171
47.2634 172
47.2741 163
47.2741 164
47.2791 165
47.2791 166
47.2842 167
47.2842 168
47.2892 169
47.2892 170
47.2943 171
47.2943 172
47.3013 165
47.3013 166
47.3064 167
47.3064 168
47.3114 165
47.3114 166
47.3161 163
47.3161 164
47.3337 158
47.3337 159
47.3382 157
47.3382 158
47.3438 159
47.3488 158
47.3488 159
47.3539 157
47.3539 158
47.358 157
47.358 158
47.364 155
47.364 156
47.369 157
47.374 158
47.374 159
47.3791 154
47.3791 155
47.3841 156
47.3889 153
47.3889 154
47.3934 152
47.3934 153
47.3992 154
47.3992 155
47.4043 152
47.4043 153
47.4088 151
47.4088 152
47.4143 151
47.4143 152
47.4194 150
47.4194 151
47.4243 149
47.4243 150
47.4295 151
47.4295 152
47.4345 150
47.4345 151
47.4395 152
47.4395 153
47.4603 147
47.4603 148
47.4654 149
47.4704 150
47.4704 151
47.4754 152
47.4754 153
47.4868 147
47.4868 148
47.4919 149
47.4969 150
47.4969 151
47.5019 152
47.5019 153
47.5133 147
47.5133 148
47.5184 149
47.5234 150
47.5234 151
47.5284 152
47.5284 153
47.5398 147
47.5398 148
47.5449 149
47.5499 150
47.5499 151
47.5549 152
47.5549 153
47.5707 146
47.5707 147
47.5758 148
47.5808 149
47.5808 150
47.5858 151
47.5858 152
47.5909 153
47.5972 148
47.6023 149
47.6023 150
47.6073 151
47.6073 152
47.612 149
47.612 150
47.6174 151
47.6224 150
47.6224 151
47.6275 152
47.6502 146
47.6502 147
47.6553 148
47.6603 149
47.6603 150
47.665 147
47.665 148
47.6694 146
47.6694 147
47.6754 148
47.6804 149
47.6804 150
47.6855 151
47.6959 143
47.6959 144
47.7009 145
47.7009 146
47.7059 147
47.7059 148
47.711 149
47.716 150
47.716 151
47.7202 144
47.7202 145
47.7261 144
47.7261 145
47.7311 146
47.7362 147
47.7362 148
47.7412 144
47.7412 145
47.7463 146
47.7463 147
47.7511 144
47.7511 145
47.7563 146
47.7563 147
47.7614 145
47.7614 146
47.7664 147
47.7664 148
47.7864 140
47.7864 141
47.7915 142
47.7915 143
47.7965 144
47.7965 145
47.8015 146
47.8015 147
47.8066 148
47.8136 142
47.8136 143
47.8187 144
47.8187 145
47.8237 146
47.8237 147
47.8287 148
47.8338 149
47.8338 150
47.8388 151
47.8388 152
47.8438 144
47.8438 145
47.8489 146
47.8489 147
47.8539 148
47.859 149
47.859 150
47.864 151
47.864 152
47.869 153
47.869 154
47.8741 146
47.8741 147
47.8791 148
47.8842 149
47.8842 150
47.8892 151
47.8892 152
47.8942 153
47.8942 154
47.8993 146
47.8993 147
47.9043 148
47.9093 147
47.9093 148
47.9144 146
47.9144 147
47.9194 148
47.9245 149
47.9245 150
47.9295 151
47.9295 152
47.9345 153
47.9345 154
47.9394 148
47.9446 149
47.9446 150
47.9496 151
47.9496 152
47.9547 153
47.9547 154
47.9597 155
47.9597 156
47.9648 157
47.9648 158
47.9698 149
47.9698 150
47.9748 151
47.9748 152
47.9799 153
47.9799 154
47.9849 155
47.9849 156
47.99 157
47.99 158
47.995 159
47.995 160
47.9991 153
47.9991 154
48.0051 155
48.0051 156
48.0101 157
48.0101 158
48.0151 159
48.0151 160
48.0202 161
48.0252 162
48.0252 163
48.0303 157
48.0303 158
48.0353 159
48.0353 160
48.0403 161
48.0454 162
48.0454 163
48.0504 164
48.0504 165
48.0554 159
48.0554 160
48.0605 161
48.0655 162
48.0655 163
48.0706 164
48.0706 165
48.0756 166
48.0756 167
48.0806 160
48.0806 161
48.0857 162
48.0857 163
48.0907 164
48.0907 165
48.0957 166
48.0957 167
48.1008 168
48.1008 169
48.105 161
48.105 162
48.1109 163
48.1109 164
48.1159 165
48.1159 166
48.1209 167
48.1209 168
48.126 169
48.126 170
48.131 171
48.131 172
48.1361 165
48.1361 166
48.1411 167
48.1411 168
48.1461 169
48.1461 170
48.1512 171
48.1512 172
48.1647 164
48.1647 165
48.1697 166
48.1697 167
48.1747 168
48.1747 169
48.1798 170
48.1798 171
48.1848 172
48.1927 163
48.1927 164
48.1977 165
48.1977 166
48.2027 167
48.2027 168
48.2078 169
48.2078 170
48.2128 171
48.2128 172
48.2236 163
48.2236 164
48.2286 165
48.2286 166
48.2336 167
48.2336 168
48.2387 169
48.2387 170
48.2437 171
48.2437 172
48.2545 163
48.2545 164
48.2595 165
48.2595 166
48.2645 167
48.2645 168
48.2696 169
48.2696 170
48.2746 171
48.2746 172
48.2839 165
48.2839 166
48.2889 167
48.2889 168
48.294 169
48.294 170
48.299 171
48.299 172
48.3104 165
48.3104 166
48.3154 167
48.3154 168
48.3205 169
48.3205 170
48.3255 171
48.3255 172
48.3369 164
48.3369 165
48.3419 163
48.3419 164
48.347 162
48.347 163
48.352 164
48.352 165
48.357 166
48.357 167
48.3621 168
48.3621 169
48.3671 163
48.3671 164
48.3715 162
48.3715 163
48.3772 164
48.3772 165
48.3822 166
48.3822 167
48.3873 168
48.3873 169
48.3914 163
48.3914 164
48.3973 162
48.3973 163
48.4024 164
48.4024 165
48.4068 163
48.4068 164
48.4124 162
48.4124 163
48.4175 164
48.4175 165
48.4225 166
48.4225 167
48.4276 168
48.4276 169
48.4326 163
48.4326 164
48.4376 162
48.4376 163
48.4427 164
48.4427 165
48.4477 163
48.4477 164
48.4527 165
48.4527 166
48.4576 163
48.4576 164
48.462 162
48.462 163
48.4679 164
48.4679 165
48.4729 164
48.4729 165
48.4775 162
48.4775 163
48.483 164
48.483 165
48.488 166
48.488 167
48.4931 168
48.4931 169
48.4974 163
48.4974 164
48.5031 162
48.5031 163
48.5082 164
48.5082 165
48.5132 166
48.5132 167
48.5182 168
48.5182 169
48.5233 164
48.5233 165
48.5283 162
48.5283 163
48.5334 164
48.5334 165
48.5384 163
48.5384 164
48.5424 165
48.5424 166
48.546 164
48.546 165
48.5504 163
48.5504 164
48.5545 165
48.5585 166
48.5585 167
48.5626 166
48.5626 167
48.5658 165
48.5658 166
48.5706 167
48.5747 168
48.5747 169
48.5787 170
48.5787 171
48.5827 172
48.5857 168
48.5857 169
48.5897 168
48.5897 169
48.5938 167
48.5938 168
48.5978 169
48.5978 170
48.6012 169
48.6012 170
48.6059 171
48.6099 172
48.61 171
48.61 172
48.6159 171
48.6159 172
48.62 170
48.62 171
48.624 172
48.6255 171
48.6255 172
48.6299 170
48.6299 171
48.6341 172
48.6615 165
48.6615 166
48.6655 167
48.6655 168
48.6696 169
48.6696 170
48.6736 171
48.6736 172
48.688 165
48.688 166
48.692 167
48.692 168
48.6961 169
48.6961 170
48.7001 171
48.7001 172
48.7041 168
48.7041 169
48.7081 170
48.7116 169
48.7116 170
48.7162 171
48.7202 172
48.741 165
48.741 166
48.745 167
48.745 168
48.7491 169
48.7491 170
48.7531 171
48.7531 172
48.7675 164
48.7675 165
48.7742 166
48.7742 167
48.7809 168
48.7809 169
48.7876 170
48.7876 171
48.794 164
48.794 165
48.8011 166
48.8011 167
48.8078 168
48.8078 169
48.8145 170
48.8145 171
48.8205 164
48.8205 165
48.8279 166
48.8279 167
48.8346 168
48.8346 169
48.8414 170
48.8414 171
48.8481 164
48.8481 165
48.8548 162
48.8548 163
48.8615 164
48.8682 162
48.8682 163
48.8749 161
48.8749 162
48.8817 160
48.8884 161
48.8884 162
48.8951 163
48.8951 164
48.9018 165
48.9018 166
48.9085 158
48.9085 159
48.9147 157
48.9147 158
48.922 156
48.922 157
48.9287 158
48.9287 159
48.9354 160
48.9412 155
48.9412 156
48.9488 154
48.9488 155
48.9555 153
48.9555 154
48.9622 153
48.9622 154
48.969 151
48.969 152
48.9757 153
48.9824 151
48.9824 152
48.9891 150
48.9891 151
48.9958 152
48.9958 153
49.0025 154
49.0025 155
49.0093 148
49.0143 149
49.0193 150
49.0193 151
49.0244 152
49.0244 153
49.0294 154
49.0294 155
49.0339 148
49.0445 147
49.0445 148
49.0496 149
49.0546 150
49.0546 151
49.0596 146
49.0596 147
49.0647 145
49.0647 146
49.0693 145
49.0693 146
49.0748 144
49.0748 145
49.0798 146
49.0848 147
49.0848 148
49.0899 149
49.0949 144
49.0949 145
49.0999 143
49.0999 144
49.1046 143
49.1046 144
49.109 142
49.109 143
49.1151 141
49.1151 142
49.1201 141
49.1201 142
49.1251 141
49.1251 142
49.1302 143
49.1302 144
49.1352 143
49.1352 144
49.1403 145
49.1453 146
49.1453 147
49.1503 148
49.1554 149
49.1554 150
49.1604 151
49.1604 152
49.1654 146
49.1654 147
49.1705 148
49.1755 149
49.1755 150
49.1806 151
49.1806 152
49.1856 153
49.1856 154
49.1906 148
49.1957 149
49.1957 150
49.2007 151
49.2007 152
49.2057 153
49.2057 154
49.2108 155
49.2108 156
49.2157 149
49.2157 150
49.2209 151
49.2209 152
49.2259 153
49.2259 154
49.2309 155
49.2309 156
49.236 157
49.236 158
49.241 159
49.241 160
49.246 153
49.246 154
49.2511 155
49.2511 156
49.2561 157
49.2561 158
49.2612 159
49.2612 160
49.2662 161
49.2712 155
49.2712 156
49.2763 157
49.2763 158
49.2813 159
49.2813 160
49.2864 161
49.2914 162
49.2914 163
49.2964 158
49.2964 159
49.3015 160
49.3065 161
49.3065 162
49.3115 163
49.3115 164
49.3166 165
49.3166 166
49.3216 167
49.3216 168
49.3267 161
49.3267 162
49.3317 163
49.3317 164
49.3367 165
49.3367 166
49.3418 167
49.3418 168
49.3468 169
49.3468 170
49.3518 163
49.3518 164
49.3569 165
49.3569 166
49.3619 167
49.3619 168
49.367 169
49.367 170
49.372 171
49.372 172
49.3813 165
49.3813 166
49.3863 167
49.3863 168
49.3914 169
49.3914 170
49.3964 171
49.3964 172
49.4078 165
49.4078 166
49.4128 167
49.4128 168
49.4179 169
49.4179 170
49.4229 171
49.4229 172
49.4387 165
49.4387 166
49.4437 167
49.4437 168
49.4488 167
49.4488 168
49.4538 169
49.4579 167
49.4579 168
49.4639 169
49.4639 170
49.4689 168
49.4689 169
49.474 170
49.474 171
49.479 169
49.479 170
49.484 171
49.484 172
49.505 164
49.505 165
49.51 166
49.51 167
49.515 168
49.515 169
49.5197 164
49.5197 165
49.5251 166
49.5301 167
49.5301 168
49.5351 165
49.5351 166
49.5396 164
49.5396 165
49.5453 166
49.5503 167
49.5503 168
49.555 164
49.555 165
49.5604 166
49.5654 167
49.5654 168
49.5704 169
49.5704 170
49.5755 171
49.5755 172
49.5844 164
49.5844 165
49.5895 164
49.5895 165
49.5945 163
49.5945 164
49.5995 165
49.5995 166
49.6046 167
49.6046 168
49.6096 169
49.6096 170
49.6147 171
49.6147 172
49.6197 164
49.6197 165
49.6248 164
49.6248 165
49.6298 163
49.6298 164
49.6349 165
49.6349 166
49.6399 167
49.6399 168
49.6449 169
49.6449 170
49.65 171
49.65 172
49.6551 164
49.6551 165
49.6601 164
49.6601 165
49.6651 163
49.6651 164
49.6702 165
49.6702 166
49.6742 164
49.6742 165
49.6803 163
49.6803 164
49.6853 165
49.6853 166
49.6903 167
49.6903 168
49.6954 169
49.6954 170
49.7004 171
49.7004 172
49.7052 164
49.7052 165
49.7096 162
49.7096 163
49.7155 164
49.7206 165
49.7206 166
49.725 162
49.725 163
49.7306 164
49.7357 165
49.7357 166
49.7407 167
49.7407 168
49.7458 169
49.7458 170
49.7508 164
49.7508 165
49.7558 163
49.7558 164
49.7609 165
49.7609 166
49.7659 167
49.7659 168
49.7709 169
49.7709 170
49.8111 151
49.8111 152
49.8111 153
49.8111 154
49.8134 153
49.8134 154
49.819 152
49.819 153
49.8246 154
49.8377 149
49.8377 150
49.8433 148
49.8433 149
49.8489 150
49.8546 151
49.8546 152
49.8602 153
49.8602 154
49.8659 148
49.8659 149
49.8708 148
49.8708 149
49.8771 150
49.8828 151
49.8828 152
49.8884 153
49.8884 154
49.9002 148
49.9058 149
49.9058 150
49.9115 151
49.9115 152
49.9171 153
49.9171 154
49.9267 148
49.9323 149
49.9323 150
49.938 151
49.938 152
49.9436 153
49.9436 154
49.9532 148
49.9588 149
49.9588 150
49.9645 151
49.9645 152
49.9701 153
49.9701 154
49.9797 148
49.9853 149
49.9853 150
49.991 151
49.991 152
49.9966 153
49.9966 154
50.0077 146
50.0077 147
50.0133 148
50.0189 149
50.0189 150
50.0246 151
50.0246 152
50.0302 153
50.0302 154
50.0386 146
50.0386 147
50.0442 148
50.0496 145
50.0496 146
50.0555 147
50.0607 146
50.0607 147
50.0668 148
50.0717 146
50.0717 147
50.0781 148
50.0837 149
50.0837 150
50.0893 147
50.0893 148
50.095 146
50.095 147
50.1006 148
50.1063 149
50.1063 150
50.1114 145
50.1114 146
50.1175 144
50.1175 145
50.1232 146
50.1232 147
50.1288 148
50.1345 149
50.1345 150
50.1401 145
50.1401 146
50.1457 144
50.1457 145
50.1514 146
50.1514 147
50.157 148
50.1622 143
50.1622 144
50.1683 142
50.1683 143
50.1739 144
50.1739 145
50.1796 146
50.1796 147
50.1852 148
50.1909 143
50.1909 144
50.1965 142
50.1965 143
50.202 141
50.202 142
50.2078 143
50.2078 144
50.213 141
50.213 142
50.2191 140
50.2191 141
50.2247 142
50.2247 143
50.2303 144
50.2303 145
50.236 146
50.236 147
50.2416 141
50.2416 142
50.2473 140
50.2473 141
50.2529 142
50.2529 143
50.2585 144
50.2585 145
50.2642 146
50.2642 147
50.2698 148
50.2748 144
50.2748 145
50.2811 143
50.2811 144
50.2867 145
50.2924 146
50.2924 147
50.298 148
50.3037 149
50.3037 150
50.3087 144
50.3087 145
50.3149 146
50.3149 147
50.3206 148
50.3262 149
50.3262 150
50.3319 151
50.3319 152
50.3375 146
50.3375 147
50.3431 148
50.3488 149
50.3488 150
50.3544 151
50.3544 152
50.3601 153
50.3601 154
50.3657 148
50.3713 149
50.3713 150
50.377 151
50.377 152
50.3826 153
50.3826 154
50.3881 147
50.3881 148
50.3928 149
50.3973 150
50.3973 151
50.4018 152
50.4018 153
50.4063 154
50.4191 148
50.4236 149
50.4236 150
50.4281 151
50.4281 152
50.4326 153
50.4326 154
50.4455 148
50.4501 149
50.4501 150
50.4546 151
50.4546 152
50.4591 153
50.4591 154
50.472 148
50.4766 149
50.4766 150
50.4811 151
50.4811 152
50.4856 153
50.4856 154
50.4985 148
50.5031 149
50.5031 150
50.5076 151
50.5076 152
50.5121 153
50.5121 154
50.525 148
50.5295 149
50.5295 150
50.5341 151
50.5341 152
50.5386 153
50.5386 154
50.5515 148
50.556 149
50.556 150
50.5606 151
50.5606 152
50.5651 153
50.5651 154
50.5773 146
50.5773 147
50.5818 148
50.5863 149
50.5863 150
50.5908 151
50.5908 152
50.5954 153
50.5954 154
50.6089 148
50.6165 149
50.6165 150
50.624 151
50.624 152
50.6315 153
50.6315 154
50.639 146
50.639 147
50.6465 148
50.6541 149
50.6541 150
50.6616 151
50.6616 152
50.6691 146
50.6691 147
50.6766 143
50.6766 144
50.6841 145
50.6917 146
50.6917 147
50.6992 148
50.7061 142
50.7061 143
50.7142 139
50.7142 140
50.7217 141
50.7293 142
50.7293 143
50.7368 144
50.7368 145
50.7443 136
50.7443 137
50.7518 138
50.7518 139
50.7593 140
50.7593 141
50.7669 133
50.7669 134
50.7744 135
50.7819 136
50.7819 137
50.7894 129
50.7894 130
50.7969 131
50.7969 132
50.8045 133
50.8045 134
50.812 125
50.812 126
50.8195 127
50.8195 128
50.8269 120
50.8269 121
50.8345 122
50.8345 123
50.8421 124
50.849 116
50.849 117
50.8552 118
50.8552 119
50.8609 120
50.8609 121
50.8665 122
50.8665 123
50.8721 114
50.8721 115
50.8778 116
50.8778 117
50.8834 118
50.8834 119
50.8891 120
50.8891 121
50.8947 112
50.8947 113
50.9003 114
50.9003 115
50.906 116
50.906 117
50.9116 118
50.9116 119
50.9173 111
50.9229 112
50.9229 113
50.9285 114
50.9285 115
50.9342 116
50.9342 117
50.9398 109
50.9398 110
50.9455 111
50.9511 112
50.9511 113
50.9567 114
50.9567 115
50.9624 107
50.9624 108
50.968 109
50.968 110
50.9737 111
50.9793 112
50.9793 113
50.9849 105
50.9849 106
50.9906 107
50.9906 108
50.9962 109
50.9962 110
51.0019 111
51.0075 103
51.0075 104
51.0131 105
51.0131 106
51.0188 107
51.0188 108
51.0244 109
51.0244 110
51.0301 101
51.0301 102
51.0357 103
51.0357 104
51.0413 105
51.0413 106
51.047 107
51.047 108
51.0526 109
51.0526 110
51.0583 101
51.0583 102
51.0639 103
51.0639 104
51.0695 105
51.0695 106
51.0752 107
51.0752 108
51.0808 99
51.0808 100
51.0865 101
51.0865 102
51.0921 103
51.0921 104
51.0977 105
51.0977 106
51.1029 98
51.1029 99
51.1092 100
51.1151 101
51.1151 102
51.1209 103
51.1209 104
51.1267 96
51.1267 97
51.1326 98
51.1326 99
51.1384 100
51.1442 101
51.1442 102
51.1501 94
51.1501 95
51.1559 96
51.1559 97
51.1618 98
51.1618 99
51.1676 100
51.1734 92
51.1734 93
51.1793 94
51.1793 95
51.1851 96
51.1851 97
51.1909 98
51.1909 99
51.1968 90
51.1968 91
51.2026 92
51.2026 93
51.2085 94
51.2085 95
51.2143 86
51.2143 87
51.2201 88
51.2201 89
51.226 90
51.226 91
51.2318 92
51.2318 93
51.2376 85
51.2376 86
51.2435 87
51.2493 88
51.2493 89
51.2552 90
51.2552 91
51.261 83
51.261 84
51.2668 85
51.2668 86
51.2727 87
51.2785 88
51.2785 89
51.2844 81
51.2844 82
51.2902 83
51.2902 84
51.296 85
51.296 86
51.3016 77
51.3016 78
51.3077 79
51.3077 80
51.3135 81
51.3135 82
51.3194 83
51.3194 84
51.3252 85
51.3252 86
51.3311 79
51.3311 80
51.3369 81
51.3369 82
51.3427 83
51.3427 84
51.3486 85
51.3486 86
51.3544 87
51.3602 81
51.3602 82
51.3661 83
51.3661 84
51.3719 85
51.3719 86
51.3778 87
51.3836 81
51.3836 82
51.3894 83
51.3894 84
51.3951 85
51.3951 86
51.4009 87
51.4067 88
51.4067 89
51.4124 83
51.4124 84
51.4181 85
51.4181 86
51.4238 87
51.4294 88
51.4294 89
51.4348 83
51.4348 84
51.4407 85
51.4407 86
51.4463 87
51.452 88
51.452 89
51.4576 90
51.4576 91
51.4632 84
51.4632 85
51.4688 86
51.4744 87
51.4744 88
51.48 89
51.48 90
51.4857 91
51.4857 92
51.4913 86
51.4969 87
51.4969 88
51.5025 89
51.5025 90
51.5081 91
51.5081 92
51.5137 93
51.5137 94
51.5193 87
51.5193 88
51.525 89
51.525 90
51.5306 91
51.5306 92
51.5362 93
51.5362 94
51.5418 95
51.5418 96
51.5474 87
51.5474 88
51.553 89
51.553 90
51.5587 91
51.5587 92
51.5643 93
51.5643 94
51.5699 95
51.5699 96
51.5755 89
51.5755 90
51.5811 91
51.5811 92
51.5867 93
51.5867 94
51.5924 95
51.5924 96
51.598 97
51.598 98
51.6036 91
51.6036 92
51.6092 93
51.6092 94
51.6148 95
51.6148 96
51.6204 97
51.6204 98
51.6261 99
51.6317 93
51.6317 94
51.6373 95
51.6373 96
51.6429 97
51.6429 98
51.6485 99
51.6541 91
51.6541 92
51.6597 93
51.6597 94
51.6654 95
51.6654 96
51.671 97
51.671 98
51.6766 99
51.6822 100
51.6822 101
51.6878 95
51.6878 96
51.6934 97
51.6934 98
51.6991 99
51.7047 100
51.7047 101
51.7101 93
51.7101 94
51.7159 95
51.7159 96
51.7215 97
51.7215 98
51.7271 99
51.7328 100
51.7328 101
51.7384 102
51.7384 103
51.744 97
51.744 98
51.7496 99
51.7552 100
51.7552 101
51.7608 102
51.7608 103
51.7665 104
51.7665 105
51.7721 99
51.7777 100
51.7777 101
51.7833 102
51.7833 103
51.7889 104
51.7889 105
51.794 97
51.794 98
51.8001 99
51.8058 100
51.8058 101
51.8114 102
51.8114 103
51.817 104
51.817 105
51.8226 106
51.8226 107
51.8282 100
51.8282 101
51.8338 102
51.8338 103
51.8395 104
51.8395 105
51.8451 106
51.8451 107
51.8507 108
51.8507 109
51.8563 100
51.8563 101
51.8619 102
51.8619 103
51.8675 104
51.8675 105
51.8732 106
51.8732 107
51.8788 108
51.8788 109
51.8844 102
51.8844 103
51.89 104
51.89 105
51.8956 106
51.8956 107
51.9012 108
51.9012 109
51.9069 110
51.9069 111
51.9125 102
51.9125 103
51.9181 104
51.9181 105
51.9237 106
51.9237 107
51.9293 108
51.9293 109
51.9349 110
51.9349 111
51.9404 104
51.9404 105
51.9462 106
51.9462 107
51.9518 108
51.9518 109
51.9574 110
51.9574 111
51.963 112
51.9686 104
51.9686 105
51.9742 106
51.9742 107
51.9799 108
51.9799 109
51.9855 110
51.9855 111
51.9911 112
51.9967 113
51.9967 114
52.0023 108
52.0023 109
52.0079 110
52.0079 111
52.0136 112
52.0192 113
52.0192 114
52.0248 106
52.0248 107
52.0304 108
52.0304 109
52.036 110
52.036 111
52.0416 112
52.0473 113
52.0473 114
52.0529 115
52.0529 116
52.0585 110
52.0585 111
52.0641 112
52.0697 113
52.0697 114
52.0753 115
52.0753 116
52.0809 117
52.0809 118
52.0866 110
52.0866 111
52.0922 112
52.0978 113
52.0978 114
52.1034 115
52.1034 116
52.109 117
52.109 118
52.1146 111
52.1146 112
52.1203 113
52.1203 114
52.1259 115
52.1259 116
52.1315 117
52.1315 118
52.1371 119
52.1371 120
52.1427 111
52.1427 112
52.1483 113
52.1483 114
52.154 115
52.154 116
52.1596 117
52.1596 118
52.1652 119
52.1652 120
52.1701 113
52.1701 114
52.1764 115
52.1764 116
52.182 117
52.182 118
52.1877 119
52.1877 120
52.1933 121
52.1933 122
52.1989 113
52.1989 114
52.2045 115
52.2045 116
52.2101 117
52.2101 118
52.2157 119
52.2157 120
52.2213 121
52.2213 122
52.227 123
52.2326 115
52.2326 116
52.2371 117
52.2371 118
52.2416 119
52.2416 120
52.2461 121
52.2461 122
52.2505 123
52.255 124
52.255 125
52.2595 119
52.2595 120
52.264 121
52.264 122
52.2685 123
52.273 124
52.273 125
52.2775 126
52.2775 127
52.282 128
52.282 129
52.2865 123
52.291 124
52.291 125
52.2955 126
52.2955 127
52.3 128
52.3 129
52.3045 130
52.3045 131
52.3089 132
52.3089 133
52.3134 126
52.3134 127
52.3179 128
52.3179 129
52.3224 130
52.3224 131
52.3269 132
52.3269 133
52.3314 134
52.3314 135
52.3359 136
52.3404 128
52.3404 129
52.3449 130
52.3449 131
52.3494 132
52.3494 133
52.3539 134
52.3539 135
52.3584 136
52.3629 137
52.3629 138
52.3673 139
52.3673 140
52.3718 134
52.3718 135
52.3763 136
52.3808 137
52.3808 138
52.3853 139
52.3853 140
52.3898 141
52.3898 142
52.3943 143
52.3943 144
52.3988 135
52.3988 136
52.4033 137
52.4033 138
52.4078 139
52.4078 140
52.4123 141
52.4123 142
52.4168 143
52.4168 144
52.4212 145
52.4212 146
52.4257 147
52.4257 148
52.4302 141
52.4302 142
52.4347 143
52.4347 144
52.4392 145
52.4392 146
52.4437 147
52.4437 148
52.4482 149
52.452 141
52.452 142
52.4602 143
52.4602 144
52.4677 145
52.4677 146
52.4752 147
52.4752 148
52.4826 149
52.4901 143
52.4901 144
52.4976 145
52.4976 146
52.5051 147
52.5051 148
52.5126 139
52.5126 140
52.5201 141
52.5201 142
52.5276 143
52.5276 144
52.5351 145
52.5351 146
52.5425 139
52.5425 140
52.55 141
52.55 142
52.5575 143
52.5575 144
52.565 145
52.565 146
52.5725 137
52.5725 138
52.58 139
52.58 140
52.5875 141
52.5875 142
52.595 143
52.595 144
52.6025 137
52.6025 138
52.6099 139
52.6099 140
52.6174 141
52.6174 142
52.6249 135
52.6249 136
52.6324 137
52.6324 138
52.6399 139
52.6399 140
52.6474 141
52.6474 142
52.6549 135
52.6549 136
52.6624 137
52.6624 138
52.6698 139
52.6698 140
52.6773 141
52.6773 142
52.6848 135
52.6848 136
52.6904 137
52.6904 138
52.696 139
52.696 140
52.7017 141
52.7017 142
52.7073 135
52.7073 136
52.7129 137
52.7129 138
52.7185 139
52.7185 140
52.7241 141
52.7241 142
52.7297 143
52.7297 144
52.7354 135
52.7354 136
52.741 137
52.741 138
52.7466 139
52.7466 140
52.7522 141
52.7522 142
52.7578 143
52.7578 144
52.7634 137
52.7634 138
52.7691 139
52.7691 140
52.7747 141
52.7747 142
52.7803 143
52.7803 144
52.7859 145
52.7859 146
52.7915 137
52.7915 138
52.7971 139
52.7971 140
52.8028 141
52.8028 142
52.8084 143
52.8084 144
52.814 145
52.814 146
52.8192 139
52.8192 140
52.8252 141
52.8252 142
52.8308 143
52.8308 144
52.8364 145
52.8364 146
52.8421 147
52.8421 148
52.8477 139
52.8477 140
52.8533 141
52.8533 142
52.8589 143
52.8589 144
52.8645 145
52.8645 146
52.8701 147
52.8701 148
52.8758 149
52.8814 143
52.8814 144
52.887 145
52.887 146
52.8926 147
52.8926 148
52.8982 149
52.9038 141
52.9038 142
52.9095 143
52.9095 144
52.9151 145
52.9151 146
52.9207 147
52.9207 148
52.9263 143
52.9263 144
52.9319 145
52.9375 142
52.9375 143
52.9422 142
52.9444 141
52.951 140
52.9804 134
52.9804 135
52.986 136
52.9916 137
52.9916 138
52.9973 139
52.9973 140
53.0069 134
53.0069 135
53.0125 136
53.0181 137
53.0181 138
53.0237 139
53.0237 140
53.0334 134
53.0334 135
53.039 136
53.0446 137
53.0446 138
53.0502 139
53.0502 140
53.0592 132
53.0592 133
53.0648 134
53.0648 135
53.0704 136
53.076 137
53.076 138
53.0816 139
53.0816 140
53.0908 134
53.0908 135
53.0964 136
53.102 137
53.102 138
53.1077 139
53.1077 140
53.1166 132
53.1166 133
53.1222 134
53.1222 135
53.1278 136
53.1334 137
53.1334 138
53.139 139
53.139 140
53.1475 132
53.1475 133
53.1531 134
53.1531 135
53.1587 136
53.1643 137
53.1643 138
53.17 139
53.17 140
53.1784 132
53.1784 133
53.184 134
53.184 135
53.1897 136
53.1953 137
53.1953 138
53.2009 139
53.2009 140
53.2056 134
53.2056 135
53.2121 136
53.2177 137
53.2177 138
53.2233 139
53.2233 140
53.2321 134
53.2321 135
53.2377 136
53.2434 137
53.2434 138
53.249 139
53.249 140
53.2586 134
53.2586 135
53.2642 136
53.2698 137
53.2698 138
53.2755 139
53.2755 140
53.2844 132
53.2844 133
53.29 134
53.29 135
53.2956 136
53.3012 137
53.3012 138
53.3069 139
53.3069 140
53.316 134
53.316 135
53.3216 136
53.3273 137
53.3273 138
53.3329 139
53.3329 140
53.3418 132
53.3418 133
53.3474 134
53.3474 135
53.353 136
53.3587 137
53.3587 138
53.3643 139
53.3643 140
53.3734 134
53.3734 135
53.379 136
53.3847 137
53.3847 138
53.3903 139
53.3903 140
53.3992 132
53.3992 133
53.4048 134
53.4048 135
53.4104 136
53.4161 137
53.4161 138
53.4217 139
53.4217 140
53.4308 134
53.4308 135
53.4365 136
53.4421 137
53.4421 138
53.4477 139
53.4477 140
53.4533 141
53.4533 142
53.4589 137
53.4589 138
53.4645 139
53.4645 140
53.4701 141
53.4701 142
53.4758 143
53.4758 144
53.4814 145
53.4814 146
53.487 139
53.487 140
53.4926 141
53.4926 142
53.4982 143
53.4982 144
53.5038 145
53.5038 146
53.5095 147
53.5095 148
53.5151 141
53.5151 142
53.5207 143
53.5207 144
53.5263 141
53.5263 142
53.5319 143
53.5319 144
53.5375 145
53.5375 146
53.5432 147
53.5432 148
53.5488 149
53.5544 143
53.5544 144
53.56 145
53.56 146
53.5656 147
53.5656 148
53.5712 149
53.5766 143
53.5766 144
53.5825 145
53.5825 146
53.5881 147
53.5881 148
53.5937 149
53.5993 150
53.5993 151
53.6049 145
53.6049 146
53.6105 147
53.6105 148
53.6162 149
53.6218 150
53.6218 151
53.6274 152
53.6274 153
53.633 147
53.633 148
53.6386 149
53.6442 150
53.6442 151
53.6499 152
53.6499 153
53.6555 154
53.6555 155
53.6611 148
53.6611 149
53.6667 150
53.6667 151
53.6723 152
53.6723 153
53.6779 154
53.6779 155
53.6836 148
53.6836 149
53.6892 150
53.6892 151
53.6948 152
53.6948 153
53.7004 154
53.7004 155
53.706 156
53.706 157
53.7116 150
53.7116 151
53.7173 152
53.7173 153
53.7229 154
53.7229 155
53.7285 156
53.7285 157
53.7341 158
53.7341 159
53.7397 152
53.7397 153
53.7453 154
53.7453 155
53.7509 156
53.7509 157
53.7566 158
53.7566 159
53.762 152
53.762 153
53.7678 154
53.7678 155
53.7734 156
53.7734 157
53.779 158
53.779 159
53.7846 160
53.7903 154
53.7903 155
53.7959 156
53.7959 157
53.8015 158
53.8015 159
53.8071 160
53.8127 161
53.8127 162
53.8183 156
53.8183 157
53.824 158
53.824 159
53.8296 160
53.8352 161
53.8352 162
53.8408 163
53.8408 164
53.8464 158
53.8464 159
53.852 160
53.8577 157
53.8577 158
53.8629 157
53.8923 150
53.8923 151
53.8979 152
53.8979 153
53.9035 154
53.9035 155
53.9091 156
53.9091 157
53.9188 150
53.9188 151
53.9244 152
53.9244 153
53.93 154
53.93 155
53.9356 156
53.9356 157
53.9453 149
53.9453 150
53.9509 151
53.9509 152
53.9556 150
53.9556 151
53.9621 149
53.9621 150
53.9678 151
53.9734 152
53.9734 153
53.979 154
53.979 155
53.9843 149
53.9843 150
53.9902 151
53.9902 152
53.9958 150
53.9958 151
54.0015 152
54.0015 153
54.0064 150
54.0064 151
54.0127 152
54.0175 150
54.0175 151
54.0239 149
54.0239 150
54.0295 151
54.0351 152
54.0351 153
54.044 148
54.044 149
54.0496 150
54.055 148
54.055 149
54.0608 150
54.066 148
54.066 149
54.0705 148
54.0754 149
54.0799 150
54.0947 146
54.0947 147
54.0992 148
54.1036 147
54.1036 148
54.108 147
54.108 148
54.1127 149
54.1168 148
54.1213 147
54.1213 148
54.1455 143
54.1455 144
54.15 145
54.1544 144
54.1544 145
54.1588 144
54.1588 145
54.1635 146
54.1635 147
54.1676 145
54.1676 146
54.172 144
54.172 145
54.2059 137
54.2059 138
54.2096 137
54.2096 138
54.2149 139
54.2149 140
54.2184 138
54.2184 139
54.2239 137
54.2239 138
54.2283 139
54.2328 140
54.2328 141
54.2373 142
54.2373 143
54.2545 136
54.2545 137
54.2582 136
54.2582 137
54.2634 138
54.267 137
54.267 138
54.2724 137
54.2724 138
54.2769 139
54.2769 140
54.2814 138
54.2814 139
54.2859 137
54.2859 138
54.2934 139
54.3009 140
54.3185 133
54.3185 134
54.326 133
54.326 134
54.3333 131
54.3333 132
54.341 130
54.341 131
54.3485 132
54.3485 133
54.3559 134
54.3559 135
54.3634 136
54.3709 131
54.3709 132
54.3784 133
54.3784 134
54.3859 135
54.3934 136
54.3934 137
54.4009 131
54.4009 132
54.4084 133
54.4084 134
54.4158 135
54.4233 129
54.4233 130
54.4308 131
54.4308 132
54.4383 133
54.4383 134
54.4458 135
54.4533 128
54.4533 129
54.4608 130
54.4608 131
54.4683 132
54.4683 133
54.4758 134
54.4758 135
54.4832 126
54.4832 127
54.4907 128
54.4907 129
54.4982 130
54.4982 131
54.5055 123
54.5113 124
54.5113 125
54.5169 126
54.5169 127
54.5226 128
54.5226 129
54.5282 130
54.5282 131
54.5338 124
54.5338 125
54.5394 126
54.5394 127
54.545 128
54.545 129
54.5506 130
54.5506 131
54.5562 132
54.5562 133
54.5619 125
54.5619 126
54.5675 127
54.5675 128
54.5731 129
54.5731 130
54.5787 131
54.5787 132
54.5843 133
54.5843 134
54.5894 125
54.5894 126
54.5956 127
54.5956 128
54.6012 129
54.6012 130
54.6068 131
54.6068 132
54.6124 133
54.6124 134
54.618 135
54.6236 129
54.6236 130
54.6293 131
54.6293 132
54.6349 133
54.6349 134
54.6405 135
54.6461 136
54.6461 137
54.6517 131
54.6517 132
54.6573 133
54.6573 134
54.663 135
54.6686 136
54.6686 137
54.674 133
54.674 134
54.6798 135
54.6854 136
54.6854 137
54.691 138
54.691 139
54.6966 140
54.6966 141
54.7019 133
54.7019 134
54.7079 135
54.7135 136
54.7135 137
54.7191 138
54.7191 139
54.7247 140
54.7247 141
54.7303 142
54.7303 143
54.736 136
54.736 137
54.7416 138
54.7416 139
54.7472 140
54.7472 141
54.7528 142
54.7528 143
54.7584 135
54.764 136
54.764 137
54.7697 138
54.7697 139
54.7753 140
54.7753 141
54.7809 142
54.7809 143
54.7865 138
54.7865 139
54.7921 140
54.7921 141
54.7977 142
54.7977 143
54.8034 144
54.8034 145
54.809 146
54.809 147
54.8146 140
54.8146 141
54.8202 142
54.8202 143
54.8258 144
54.8258 145
54.8314 146
54.8314 147
54.8366 141
54.8366 142
54.8427 143
54.8427 144
54.8483 145
54.8483 146
54.8539 147
54.8539 148
54.8595 149
54.8651 144
54.8651 145
54.8707 146
54.8707 147
54.8764 148
54.882 149
54.882 150
54.8876 151
54.8876 152
54.8932 146
54.8932 147
54.8988 148
54.9044 149
54.9044 150
54.9101 151
54.9101 152
54.9157 153
54.9157 154
54.9213 148
54.9269 149
54.9269 150
54.9325 151
54.9325 152
54.9381 153
54.9381 154
54.9433 149
54.9433 150
54.9494 151
54.9494 152
54.955 153
54.955 154
54.9606 155
54.9606 156
54.9662 157
54.9662 158
54.9718 151
54.9718 152
54.9774 153
54.9774 154
54.9831 155
54.9831 156
54.9887 157
54.9887 158
54.9943 159
54.9943 160
54.9999 153
54.9999 154
55.0055 155
55.0055 156
55.0111 157
55.0111 158
55.0168 159
55.0168 160
55.0224 161
55.028 156
55.028 157
55.0336 158
55.0336 159
55.0392 160
55.0448 161
55.0448 162
55.0505 163
55.0505 164
55.0561 158
55.0561 159
55.0617 160
55.0673 161
55.0673 162
55.0729 163
55.0729 164
55.078 158
55.078 159
55.0842 160
55.0898 161
55.0898 162
55.0954 163
55.0954 164
55.101 165
55.101 166
55.1066 160
55.1122 161
55.1122 162
55.1179 163
55.1179 164
55.1235 165
55.1235 166
55.1291 167
55.1291 168
55.1928 145
55.3739 86
55.5351 32
55.6102 3
55.6102 4
55.6367 2
55.6395 3
55.6423 4
55.8375 3
55.8375 4
55.8431 5
55.8431 6
55.8487 7
55.8487 8
55.8543 9
55.8543 10
55.8599 11
55.8599 12
55.8656 10
55.8656 11
55.8712 12
55.8712 13
55.8768 14
55.8824 15
55.8824 16
55.888 17
55.888 18
55.8936 19
55.8936 20
55.8993 21
55.8993 22
55.9049 23
55.9049 24
55.9105 25
55.9161 26
55.9161 27
55.9217 28
55.9217 29
55.9273 30
55.9273 31
55.933 32
55.933 33
55.9386 34
55.9386 35
55.9442 36
55.9442 37
55.9498 38
55.9554 39
55.9554 40
55.961 41
55.961 42
55.9667 43
55.9667 44
55.9723 45
55.9723 46
55.9779 47
55.9779 48
55.9835 49
55.9835 50
55.9891 51
55.9947 52
55.9947 53
56.0003 54
56.0003 55
56.006 56
56.006 57
56.0116 58
56.0116 59
56.0172 60
56.0172 61
56.0228 62
56.0284 63
56.0284 64
56.034 65
56.034 66
56.0397 67
56.0397 68
56.0453 69
56.0453 70
56.0509 71
56.0509 72
56.0565 73
56.0565 74
56.0621 75
56.0677 69
56.0677 70
56.0734 71
56.0734 72
56.079 73
56.079 74
56.0846 75
56.0902 76
56.0902 77
56.0958 71
56.0958 72
56.1014 73
56.1014 74
56.1071 75
56.1127 76
56.1127 77
56.1183 71
56.1183 72
56.1239 73
56.1239 74
56.1295 75
56.1351 76
56.1351 77
56.1407 78
56.1407 79
56.1464 73
56.1464 74
56.152 75
56.1576 76
56.1576 77
56.1632 78
56.1632 79
56.1688 80
56.1688 81
56.1744 74
56.1744 75
56.1801 76
56.1801 77
56.1857 78
56.1857 79
56.1913 80
56.1913 81
56.1969 82
56.1969 83
56.2025 74
56.2025 75
56.2081 76
56.2081 77
56.2138 78
56.2138 79
56.2194 80
56.2194 81
56.225 82
56.225 83
56.2306 76
56.2306 77
56.2362 78
56.2362 79
56.2418 80
56.2418 81
56.2475 82
56.2475 83
56.2531 84
56.2531 85
56.2587 78
56.2587 79
56.2643 80
56.2643 81
56.2699 82
56.2699 83
56.2755 84
56.2755 85
56.2811 86
56.2868 80
56.2868 81
56.2924 82
56.2924 83
56.298 84
56.298 85
56.3036 86
56.3092 78
56.3092 79
56.3148 80
56.3148 81
56.3205 82
56.3205 83
56.3261 84
56.3261 85
56.3317 86
56.3373 87
56.3373 88
56.3429 82
56.3429 83
56.3485 84
56.3485 85
56.3542 86
56.3598 87
56.3598 88
56.3654 89
56.3654 90
56.371 84
56.371 85
56.3772 86
56.3834 87
56.3834 88
56.3896 89
56.3896 90
56.3958 84
56.3958 85
56.402 86
56.4082 87
56.4082 88
56.4144 89
56.4144 90
56.4206 84
56.4206 85
56.4268 86
56.433 87
56.433 88
56.4392 89
56.4392 90
56.445 84
56.445 85
56.4517 86
56.4579 87
56.4579 88
56.4641 89
56.4641 90
56.4703 91
56.4703 92
56.4765 84
56.4765 85
56.4827 86
56.4889 87
56.4889 88
56.4951 89
56.4951 90
56.5013 91
56.5013 92
56.5075 86
56.5137 87
56.5137 88
56.5199 89
56.5199 90
56.5261 91
56.5261 92
56.5323 86
56.5447 87
56.5447 88
56.5509 89
56.5509 90
56.5571 91
56.5571 92
56.5633 86
56.5695 87
56.5695 88
56.5757 89
56.5757 90
56.5819 91
56.5819 92
56.5881 86
56.5943 87
56.5943 88
56.6006 89
56.6006 90
56.6068 91
56.6068 92
56.6128 86
56.6192 87
56.6192 88
56.6254 89
56.6254 90
56.6316 91
56.6316 92
56.6378 93
56.6378 94
56.644 87
56.644 88
56.6502 89
56.6502 90
56.6564 91
56.6564 92
56.6626 93
56.6626 94
56.6688 87
56.6688 88
56.675 89
56.675 90
56.6812 91
56.6812 92
56.6874 93
56.6874 94
56.6936 87
56.6936 88
56.6998 89
56.6998 90
56.706 91
56.706 92
56.7122 93
56.7122 94
56.7184 95
56.7184 96
56.7246 89
56.7246 90
56.7308 91
56.7308 92
56.737 93
56.737 94
56.7432 95
56.7432 96
56.7494 97
56.7494 98
56.7557 91
56.7557 92
56.7619 93
56.7619 94
56.7681 95
56.7681 96
56.7743 97
56.7743 98
56.7805 99
56.7867 93
56.7867 94
56.7929 95
56.7929 96
56.7991 97
56.7991 98
56.8053 99
56.8115 100
56.8115 101
56.8177 95
56.8177 96
56.8239 97
56.8239 98
56.8301 99
56.8363 100
56.8363 101
56.8425 95
56.8425 96
56.8487 97
56.8487 98
56.8549 99
56.8611 100
56.8611 101
56.8673 102
56.8673 103
56.8735 97
56.8735 98
56.8797 99
56.8859 100
56.8859 101
56.8921 102
56.8921 103
56.8983 104
56.8983 105
56.9045 99
56.9108 100
56.9108 101
56.917 102
56.917 103
56.9232 104
56.9232 105
56.9294 99
56.9356 100
56.9356 101
56.9418 102
56.9418 103
56.948 104
56.948 105
56.9542 97
56.9542 98
56.9591 99
56.9641 100
56.9641 101
56.9691 102
56.9691 103
56.974 104
56.974 105
56.979 106
56.979 107
56.9831 99
56.9889 100
56.9889 101
56.9939 102
56.9939 103
56.9988 104
56.9988 105
57.0038 106
57.0038 107
57.0088 108
57.0088 109
57.0137 110
57.0137 111
57.0187 102
57.0187 103
57.0236 104
57.0236 105
57.0286 106
57.0286 107
57.0336 108
57.0336 109
57.0385 110
57.0385 111
57.0435 112
57.0485 104
57.0485 105
57.0534 106
57.0534 107
57.0584 108
57.0584 109
57.0633 110
57.0633 111
57.0683 112
57.0733 113
57.0733 114
57.0782 106
57.0782 107
57.0832 108
57.0832 109
57.0882 110
57.0882 111
57.0931 112
57.0981 113
57.0981 114
57.103 115
57.103 116
57.108 108
57.108 109
57.113 110
57.113 111
57.1179 112
57.1229 113
57.1229 114
57.1278 115
57.1278 116
57.1328 117
57.1328 118
57.1378 119
57.1378 120
57.1427 113
57.1427 114
57.1477 115
57.1477 116
57.1527 117
57.1527 118
57.1576 119
57.1576 120
57.1626 121
57.1626 122
57.1675 115
57.1675 116
57.1758 117
57.1758 118
57.1841 119
57.1841 120
57.1924 113
57.1924 114
57.2006 115
57.2006 116
57.2089 117
57.2089 118
57.2172 119
57.2172 120
57.2255 113
57.2255 114
57.2337 115
57.2337 116
57.242 117
57.242 118
57.2503 111
57.2503 112
57.2585 113
57.2585 114
57.2668 115
57.2668 116
57.2751 110
57.2751 111
57.2834 112
57.2916 113
57.2916 114
57.2999 108
57.2999 109
57.3082 110
57.3082 111
57.3164 112
57.3238 106
57.3238 107
57.333 108
57.333 109
57.3413 110
57.3413 111
57.3495 112
57.3578 106
57.3578 107
57.3661 108
57.3661 109
57.3743 110
57.3743 111
57.3826 104
57.3826 105
57.3888 106
57.3888 107
57.395 108
57.395 109
57.4012 110
57.4012 111
57.4074 102
57.4074 103
57.4136 104
57.4136 105
57.4198 106
57.4198 107
57.426 108
57.426 109
57.4323 110
57.4323 111
57.4385 102
57.4385 103
57.4447 104
57.4447 105
57.4509 106
57.4509 107
57.4571 108
57.4571 109
57.4633 110
57.4633 111
57.4695 104
57.4695 105
57.4757 106
57.4757 107
57.4819 108
57.4819 109
57.4881 110
57.4881 111
57.4943 102
57.4943 103
57.5005 104
57.5005 105
57.5067 106
57.5067 107
57.5129 108
57.5129 109
57.5191 110
57.5191 111
57.5253 102
57.5253 103
57.5315 104
57.5315 105
57.5377 106
57.5377 107
57.5439 108
57.5439 109
57.5501 110
57.5501 111
57.5563 104
57.5563 105
57.5625 106
57.5625 107
57.5687 108
57.5687 109
57.5749 110
57.5749 111
57.5811 104
57.5811 105
57.5873 106
57.5873 107
57.5936 108
57.5936 109
57.5998 110
57.5998 111
57.606 112
57.6122 106
57.6122 107
57.6184 108
57.6184 109
57.6246 110
57.6246 111
57.6308 112
57.637 113
57.637 114
57.6432 108
57.6432 109
57.6494 110
57.6494 111
57.6556 112
57.6618 113
57.6618 114
57.668 115
57.668 116
57.6742 110
57.6742 111
57.6804 112
57.6866 113
57.6866 114
57.6928 115
57.6928 116
57.699 111
57.699 112
57.7052 113
57.7052 114
57.7114 115
57.7114 116
57.7176 117
57.7176 118
57.7238 111
57.7238 112
57.73 113
57.73 114
57.7362 115
57.7362 116
57.7425 117
57.7425 118
57.7477 113
57.7477 114
57.7549 115
57.7549 116
57.7611 117
57.7611 118
57.7673 119
57.7673 120
57.7735 121
57.7735 122
57.7797 115
57.7797 116
57.7859 117
57.7859 118
57.7921 119
57.7921 120
57.7983 121
57.7983 122
57.8045 115
57.8045 116
57.8107 117
57.8107 118
57.8169 119
57.8169 120
57.8231 121
57.8231 122
57.8293 115
57.8293 116
57.8355 117
57.8355 118
57.8417 119
57.8417 120
57.8479 121
57.8479 122
57.8537 115
57.8537 116
57.8603 117
57.8603 118
57.8665 119
57.8665 120
57.8727 121
57.8727 122
57.8789 116
57.8789 117
57.8851 118
57.8851 119
57.8913 120
57.8913 121
57.8976 122
57.8976 123
57.9038 124
57.91 118
57.91 119
57.9162 120
57.9162 121
57.9224 122
57.9224 123
57.9286 124
57.9348 118
57.9348 119
57.941 120
57.941 121
57.9472 122
57.9472 123
57.9534 124
57.9596 119
57.9596 120
57.9658 121
57.9658 122
57.972 123
57.9782 124
57.9782 125
57.9844 126
57.9844 127
57.9906 121
57.9906 122
57.9968 123
58.003 124
58.003 125
58.0092 126
58.0092 127
58.0154 121
58.0154 122
58.0216 123
58.0278 124
58.0278 125
58.034 126
58.034 127
58.0402 121
58.0402 122
58.0464 123
58.0527 124
58.0527 125
58.0589 126
58.0589 127
58.0651 128
58.0651 129
58.0713 123
58.0775 124
58.0775 125
58.0837 126
58.0837 127
58.0899 128
58.0899 129
58.0961 123
58.1023 124
58.1023 125
58.1085 126
58.1085 127
58.1147 128
58.1147 129
58.1209 123
58.1271 124
58.1271 125
58.1333 126
58.1333 127
58.1395 128
58.1395 129
58.1452 123
58.1519 124
58.1519 125
58.1581 126
58.1581 127
58.1643 128
58.1643 129
58.1705 130
58.1705 131
58.1761 124
58.1761 125
58.1829 126
58.1829 127
58.1891 128
58.1891 129
58.1953 130
58.1953 131
58.2015 132
58.2015 133
58.2078 126
58.2078 127
58.214 128
58.214 129
58.2202 130
58.2202 131
58.2264 132
58.2264 133
58.2326 126
58.2326 127
58.2388 128
58.2388 129
58.245 130
58.245 131
58.2512 132
58.2512 133
58.2574 126
58.2574 127
58.2636 128
58.2636 129
58.2698 130
58.2698 131
58.276 132
58.276 133
58.2821 126
58.2821 127
58.2884 128
58.2884 129
58.2946 130
58.2946 131
58.3008 132
58.3008 133
58.307 134
58.307 135
58.3132 128
58.3132 129
58.3194 130
58.3194 131
58.3256 132
58.3256 133
58.3318 134
58.3318 135
58.338 128
58.338 129
58.3442 130
58.3442 131
58.3504 132
58.3504 133
58.3566 134
58.3566 135
58.366 128
58.366 129
58.3722 130
58.3722 131
58.3784 132
58.3784 133
58.3846 134
58.3846 135
58.3925 128
58.3925 129
58.3987 130
58.3987 131
58.4049 132
58.4049 133
58.4111 134
58.4111 135
58.419 128
58.419 129
58.4252 130
58.4252 131
58.4314 132
58.4314 133
58.4376 134
58.4376 135
58.4455 128
58.4455 129
58.4517 130
58.4517 131
58.4579 132
58.4579 133
58.4641 134
58.4641 135
58.472 128
58.472 129
58.4782 130
58.4782 131
58.4844 132
58.4844 133
58.4906 134
58.4906 135
58.4985 128
58.4985 129
58.5047 130
58.5047 131
58.5109 132
58.5109 133
58.5171 134
58.5171 135
58.525 128
58.525 129
58.5312 130
58.5312 131
58.5374 132
58.5374 133
58.5436 134
58.5436 135
58.5559 128
58.5559 129
58.5621 130
58.5621 131
58.5683 132
58.5683 133
58.5745 134
58.5745 135
58.5868 128
58.5868 129
58.593 130
58.593 131
58.5992 132
58.5992 133
58.6054 134
58.6054 135
58.6133 128
58.6133 129
58.6195 130
58.6195 131
58.6257 132
58.6257 133
58.6319 134
58.6319 135
58.6442 128
58.6442 129
58.6504 130
58.6504 131
58.6566 132
58.6566 133
58.6628 134
58.6628 135
58.6751 128
58.6751 129
58.6813 130
58.6813 131
58.6875 132
58.6875 133
58.6937 134
58.6937 135
58.7016 128
58.7016 129
58.7066 130
58.7066 131
58.7115 132
58.7115 133
58.7165 134
58.7165 135
58.7325 128
58.7325 129
58.7375 130
58.7375 131
58.7424 132
58.7424 133
58.7474 134
58.7474 135
58.7634 128
58.7634 129
58.7684 130
58.7684 131
58.7734 132
58.7734 133
58.7783 134
58.7783 135
58.7899 128
58.7899 129
58.7949 130
58.7949 131
58.7999 132
58.7999 133
58.8048 134
58.8048 135
58.8157 126
58.8157 127
58.8207 128
58.8207 129
58.8256 130
58.8256 131
58.8306 132
58.8306 133
58.8356 134
58.8356 135
58.8466 126
58.8466 127
58.8516 128
58.8516 129
58.8565 130
58.8565 131
58.8615 132
58.8615 133
58.8665 134
58.8665 135
58.8782 128
58.8782 129
58.8832 130
58.8832 131
58.8882 132
58.8882 133
58.8931 134
58.8931 135
58.904 126
58.904 127
58.909 128
58.909 129
58.914 130
58.914 131
58.9189 132
58.9189 133
58.9239 134
58.9239 135
58.9349 126
58.9349 127
58.9432 128
58.9432 129
58.9515 130
58.9515 131
58.9598 132
58.9598 133
58.968 124
58.968 125
58.9763 126
58.9763 127
58.9846 128
58.9846 129
58.9928 130
58.9928 131
59.0011 124
59.0011 125
59.0094 126
59.0094 127
59.0177 128
59.0177 129
59.0259 123
59.0342 124
59.0342 125
59.0425 126
59.0425 127
59.0507 128
59.0507 129
59.059 123
59.0673 124
59.0673 125
59.0756 126
59.0756 127
59.0838 128
59.0838 129
59.0921 123
59.1004 124
59.1004 125
59.1087 126
59.1087 127
59.1169 121
59.1169 122
59.1252 123
59.1335 124
59.1335 125
59.1417 126
59.1417 127
59.15 121
59.15 122
59.1583 123
59.1666 124
59.1666 125
59.1748 119
59.1748 120
59.181 121
59.181 122
59.1872 123
59.1934 124
59.1934 125
59.1996 126
59.1996 127
59.2058 121
59.2058 122
59.2121 123
59.2183 124
59.2183 125
59.2245 126
59.2245 127
59.2307 121
59.2307 122
59.237 123
59.2434 124
59.2434 125
59.2498 121
59.2498 122
59.2562 123
59.2626 124
59.2626 125
59.2689 126
59.2689 127
59.2753 128
59.2753 129
59.2817 123
59.2881 124
59.2881 125
59.2944 126
59.2944 127
59.3008 128
59.3008 129
59.3066 123
59.3136 124
59.3136 125
59.32 126
59.32 127
59.3263 128
59.3263 129
59.3327 130
59.3327 131
59.3391 124
59.3391 125
59.3455 126
59.3455 127
59.3518 128
59.3518 129
59.3582 130
59.3582 131
59.3646 124
59.3646 125
59.371 126
59.371 127
59.3774 128
59.3774 129
59.3837 130
59.3837 131
59.3901 124
59.3901 125
59.3965 126
59.3965 127
59.4029 128
59.4029 129
59.4092 130
59.4092 131
59.4156 132
59.417 125
59.417 126
59.4252 127
59.4252 128
59.4316 129
59.4316 130
59.438 131
59.438 132
59.4435 125
59.4435 126
59.4507 127
59.4507 128
59.4571 129
59.4571 130
59.4635 131
59.4635 132
59.4744 125
59.4744 126
59.4808 127
59.4808 128
59.4872 129
59.4872 130
59.4935 131
59.4935 132
59.5053 125
59.5053 126
59.5117 127
59.5117 128
59.5181 129
59.5181 130
59.5245 131
59.5245 132
59.5318 127
59.5318 128
59.5382 129
59.5382 130
59.5446 131
59.5446 132
59.5583 125
59.5583 126
59.5647 127
59.5647 128
59.5711 129
59.5711 130
59.5774 131
59.5774 132
59.5848 127
59.5848 128
59.5912 129
59.5912 130
59.5976 131
59.5976 132
59.6113 125
59.6113 126
59.6177 127
59.6177 128
59.6241 129
59.6241 130
59.6304 131
59.6304 132
59.6378 127
59.6378 128
59.6442 129
59.6442 130
59.6506 131
59.6506 132
59.6643 125
59.6643 126
59.6707 127
59.6707 128
59.677 129
59.677 130
59.6834 131
59.6834 132
59.6908 125
59.6908 126
59.6972 127
59.6972 128
59.7035 129
59.7035 130
59.7099 131
59.7099 132
59.7173 125
59.7173 126
59.7237 127
59.7237 128
59.73 129
59.73 130
59.7364 131
59.7364 132
59.7438 125
59.7438 126
59.7502 127
59.7502 128
59.7565 129
59.7565 130
59.7629 131
59.7629 132
59.7703 125
59.7703 126
59.7767 127
59.7767 128
59.783 129
59.783 130
59.7894 131
59.7894 132
59.8012 125
59.8012 126
59.8076 127
59.8076 128
59.814 129
59.814 130
59.8203 131
59.8203 132
59.8277 125
59.8277 126
59.8341 127
59.8341 128
59.8404 129
59.8404 130
59.8468 131
59.8468 132
59.8542 125
59.8542 126
59.8606 127
59.8606 128
59.8669 129
59.8669 130
59.8733 131
59.8733 132
59.8807 125
59.8807 126
59.8871 127
59.8871 128
59.8934 129
59.8934 130
59.8998 131
59.8998 132
59.9072 125
59.9072 126
59.9136 127
59.9136 128
59.9199 129
59.9199 130
59.9263 131
59.9263 132
59.9337 125
59.9337 126
59.94 127
59.94 128
59.9464 129
59.9464 130
59.9528 131
59.9528 132
59.9592 128
59.9592 129
59.9656 126
59.9656 127
59.9955 121
59.9955 122
60.0019 123
60.0083 124
60.0083 125
60.0146 126
60.0146 127
60.022 121
60.022 122
60.0284 123
60.0347 124
60.0347 125
60.0411 126
60.0411 127
60.0529 121
60.0529 122
60.0593 123
60.0657 124
60.0657 125
60.072 126
60.072 127
60.0794 121
60.0794 122
60.0858 123
60.0922 124
60.0922 125
60.0985 126
60.0985 127
60.1103 121
60.1103 122
60.1167 123
60.1231 124
60.1231 125
60.1294 126
60.1294 127
60.1412 121
60.1412 122
60.1476 123
60.154 124
60.154 125
60.1604 126
60.1604 127
60.1721 121
60.1721 122
60.1785 123
60.1849 124
60.1849 125
60.1913 126
60.1913 127
60.1986 121
60.1986 122
60.205 123
60.2114 124
60.2114 125
60.2178 126
60.2178 127
60.2251 121
60.2251 122
60.2315 123
60.2379 124
60.2379 125
60.2443 126
60.2443 127
60.2516 121
60.2516 122
60.258 123
60.2644 124
60.2644 125
60.2708 126
60.2708 127
60.2825 121
60.2825 122
60.2889 123
60.2953 124
60.2953 125
60.3017 126
60.3017 127
60.309 121
60.309 122
60.3154 123
60.3218 124
60.3218 125
60.3282 126
60.3282 127
60.3399 121
60.3399 122
60.3463 123
60.3527 124
60.3527 125
60.3591 126
60.3591 127
60.3709 121
60.3709 122
60.3768 121
60.3768 122
60.3836 123
60.39 121
60.39 122
60.3964 123
60.4027 124
60.4027 125
60.4091 126
60.415 121
60.415 122
60.4214 121
60.4214 122
60.4276 120
60.4276 121
60.4342 122
60.4342 123
60.4405 124
60.4469 125
60.4548 119
60.4548 120
60.4611 121
60.4611 122
60.4675 123
60.4739 124
60.4739 125
60.4803 126
60.4803 127
60.4867 128
60.4867 129
60.4923 123
60.4994 124
60.4994 125
60.5058 126
60.5058 127
60.5122 128
60.5122 129
60.5185 130
60.5185 131
60.5249 124
60.5249 125
60.53 126
60.53 127
60.5351 128
60.5351 129
60.5402 130
60.5402 131
60.5453 124
60.5453 125
60.5504 126
60.5504 127
60.5555 128
60.5555 129
60.5606 130
60.5606 131
60.5657 132
60.5718 125
60.5718 126
60.5769 127
60.5769 128
60.582 129
60.582 130
60.5871 131
60.5871 132
60.5983 125
60.5983 126
60.6034 127
60.6034 128
60.6085 129
60.6085 130
60.6136 131
60.6136 132
60.6248 125
60.6248 126
60.6299 127
60.6299 128
60.635 129
60.635 130
60.6401 131
60.6401 132
60.6513 125
60.6513 126
60.6564 127
60.6564 128
60.6615 129
60.6615 130
60.6666 131
60.6666 132
60.6778 125
60.6778 126
60.6829 127
60.6829 128
60.688 129
60.688 130
60.6931 131
60.6931 132
60.7036 123
60.7036 124
60.7087 125
60.7087 126
60.7138 127
60.7138 128
60.7189 129
60.7189 130
60.724 131
60.724 132
60.7352 125
60.7352 126
60.7437 127
60.7437 128
60.7522 129
60.7522 130
60.7607 131
60.7607 132
60.7692 125
60.7692 126
60.7777 127
60.7777 128
60.7862 129
60.7862 130
60.7947 123
60.7947 124
60.8032 125
60.8032 126
60.8117 127
60.8117 128
60.8202 122
60.8202 123
60.8287 124
60.8372 125
60.8372 126
60.8449 118
60.8449 119
60.8542 120
60.8542 121
60.8627 122
60.8627 123
60.8712 118
60.8712 119
60.8797 120
60.8797 121
60.8883 122
60.8883 123
60.8968 117
60.8968 118
60.9053 119
60.9053 120
60.9138 121
60.9138 122
60.9223 116
60.9223 117
60.9308 118
60.9308 119
60.9393 120
60.9393 121
60.9471 114
60.9471 115
60.9542 116
60.9542 117
60.9605 118
60.9605 119
60.9669 120
60.9669 121
60.9733 122
60.9733 123
60.9797 116
60.9797 117
60.986 118
60.986 119
60.9924 120
60.9924 121
60.9988 122
60.9988 123
61.0052 116
61.0052 117
61.0116 118
61.0116 119
61.0179 120
61.0179 121
61.0243 122
61.0243 123
61.0307 116
61.0307 117
61.0371 118
61.0371 119
61.0434 120
61.0434 121
61.0498 122
61.0498 123
61.0562 116
61.0562 117
61.0626 118
61.0626 119
61.069 120
61.069 121
61.0753 122
61.0753 123
61.0817 116
61.0817 117
61.0881 118
61.0881 119
61.0945 120
61.0945 121
61.1009 122
61.1009 123
61.1072 116
61.1072 117
61.1136 118
61.1136 119
61.12 120
61.12 121
61.1264 122
61.1264 123
61.1326 116
61.1326 117
61.1391 118
61.1391 119
61.1455 120
61.1455 121
61.1519 122
61.1519 123
61.1583 124
61.1646 118
61.1646 119
61.171 120
61.171 121
61.1774 122
61.1774 123
61.1838 124
61.1901 117
61.1901 118
61.1965 119
61.1965 120
61.2029 121
61.2029 122
61.2093 123
61.2157 117
61.2157 118
61.222 119
61.222 120
61.2284 121
61.2284 122
61.2348 123
61.2412 124
61.2412 125
61.2475 119
61.2475 120
61.2539 121
61.2539 122
61.2603 123
61.2667 124
61.2667 125
61.2731 121
61.2731 122
61.2794 123
61.2858 124
61.2858 125
61.2922 126
61.2922 127
61.2982 121
61.2982 122
61.3049 123
61.3113 124
61.3113 125
61.3177 126
61.3177 127
61.3241 128
61.3241 129
61.3305 123
61.3368 124
61.3368 125
61.3432 126
61.3432 127
61.3496 128
61.3496 129
61.356 130
61.356 131
61.3624 124
61.3624 125
61.3687 126
61.3687 127
61.3751 128
61.3751 129
61.3815 130
61.3815 131
61.3879 132
61.3909 125
61.3909 126
61.3974 127
61.3974 128
61.4038 129
61.4038 130
61.4102 131
61.4102 132
61.4219 125
61.4219 126
61.4282 127
61.4282 128
61.4346 129
61.4346 130
61.441 131
61.441 132
61.4484 125
61.4484 126
61.4547 127
61.4547 128
61.4611 129
61.4611 130
61.4675 131
61.4675 132
61.4749 125
61.4749 126
61.4812 127
61.4812 128
61.4876 129
61.4876 130
61.494 131
61.494 132
61.5014 125
61.5014 126
61.5077 127
61.5077 128
61.5141 129
61.5141 130
61.5205 131
61.5205 132
61.5323 125
61.5323 126
61.5386 127
61.5386 128
61.545 129
61.545 130
61.5514 131
61.5514 132
61.5588 125
61.5588 126
61.5651 127
61.5651 128
61.5715 129
61.5715 130
61.5779 131
61.5779 132
61.5853 125
61.5853 126
61.5916 127
61.5916 128
61.598 129
61.598 130
61.6044 131
61.6044 132
61.6117 125
61.6117 126
61.6181 127
61.6181 128
61.6245 129
61.6245 130
61.6309 131
61.6309 132
61.6427 125
61.6427 126
61.649 127
61.649 128
61.6554 129
61.6554 130
61.6618 131
61.6618 132
61.6692 125
61.6692 126
61.6755 127
61.6755 128
61.6819 129
61.6819 130
61.6883 131
61.6883 132
61.6957 125
61.6957 126
61.702 127
61.702 128
61.7084 129
61.7084 130
61.7148 131
61.7148 132
61.7266 125
61.7266 126
61.7329 127
61.7329 128
61.7393 129
61.7393 130
61.7457 131
61.7457 132
61.7531 125
61.7531 126
61.7594 127
61.7594 128
61.7658 129
61.7658 130
61.7722 131
61.7722 132
61.7788 123
61.7788 124
61.7852 125
61.7852 126
61.7916 127
61.7916 128
61.798 129
61.798 130
61.8044 131
61.8044 132
61.8105 125
61.8105 126
61.8171 127
61.8171 128
61.8235 129
61.8235 130
61.8299 131
61.8299 132
61.837 125
61.837 126
61.8433 127
61.8433 128
61.8497 129
61.8497 130
61.8561 131
61.8561 132
61.8679 125
61.8679 126
61.8743 127
61.8743 128
61.8806 129
61.8806 130
61.887 131
61.887 132
61.8944 125
61.8944 126
61.9008 127
61.9008 128
61.9071 129
61.9071 130
61.9135 131
61.9135 132
61.9209 126
61.9209 127
61.9272 128
61.9272 129
61.9336 130
61.9336 131
61.94 132
61.9496 125
61.9496 126
61.956 127
61.956 128
61.9623 129
61.9623 130
61.9687 131
61.9687 132
61.9761 125
61.9761 126
61.9825 127
61.9825 128
61.9888 129
61.9888 130
61.9952 131
61.9952 132
62.0026 127
62.0026 128
62.0089 129
62.0089 130
62.0153 131
62.0153 132
62.0291 125
62.0291 126
62.0354 127
62.0354 128
62.0418 129
62.0418 130
62.0482 131
62.0482 132
62.0556 125
62.0556 126
62.0619 127
62.0619 128
62.0683 129
62.0683 130
62.0747 131
62.0747 132
62.0821 125
62.0821 126
62.0884 127
62.0884 128
62.0948 129
62.0948 130
62.1012 131
62.1012 132
62.1086 125
62.1086 126
62.1149 127
62.1149 128
62.1213 129
62.1213 130
62.1277 131
62.1277 132
62.1395 125
62.1395 126
62.1458 127
62.1458 128
62.1522 129
62.1522 130
62.1586 131
62.1586 132
62.166 125
62.166 126
62.1723 127
62.1723 128
62.1787 129
62.1787 130
62.1851 131
62.1851 132
62.1925 125
62.1925 126
62.1988 127
62.1988 128
62.2052 129
62.2052 130
62.2116 131
62.2116 132
62.2234 125
62.2234 126
62.2297 127
62.2297 128
62.2361 129
62.2361 130
62.2425 131
62.2425 132
62.2499 125
62.2499 126
62.2558 124
62.2558 125
62.2626 126
62.2626 127
62.269 128
62.269 129
62.2754 130
62.2754 131
62.2817 132
62.283 125
62.283 126
62.29 127
62.29 128
62.2951 129
62.2951 130
62.3002 131
62.3002 132
62.3095 124
62.3095 125
62.3382 119
62.3382 120
62.3435 121
62.3435 122
62.3489 123
62.3543 124
62.3543 125
62.3647 119
62.3647 120
62.37 121
62.37 122
62.3754 123
62.3808 124
62.3808 125
62.3912 119
62.3912 120
62.3965 121
62.3965 122
62.4019 123
62.4073 124
62.4073 125
62.4177 118
62.4177 119
62.423 120
62.423 121
62.4284 122
62.4284 123
62.4338 124
62.4391 125
62.4391 126
62.4464 120
62.4464 121
62.4517 122
62.4517 123
62.4571 124
62.4625 125
62.4625 126
62.4722 118
62.4722 119
62.4775 120
62.4775 121
62.4829 122
62.4829 123
62.4882 124
62.4936 125
62.4936 126
62.499 127
62.499 128
62.5038 122
62.5038 123
62.5132 124
62.5222 125
62.5222 126
62.5311 127
62.5311 128
62.5401 122
62.5401 123
62.549 124
62.5579 125
62.5579 126
62.5669 120
62.5669 121
62.5758 122
62.5758 123
62.5847 124
62.5937 118
62.5937 119
62.6026 120
62.6026 121
62.6115 122
62.6115 123
62.6205 116
62.6205 117
62.6294 118
62.6294 119
62.6383 120
62.6383 121
62.6473 122
62.6473 123
62.6562 116
62.6562 117
62.6651 118
62.6651 119
62.6741 120
62.6741 121
62.683 114
62.683 115
62.6919 116
62.6919 117
62.7009 118
62.7009 119
62.7098 112
62.7098 113
62.7187 114
62.7187 115
62.7277 116
62.7277 117
62.7366 111
62.7433 112
62.7433 113
62.75 114
62.75 115
62.7567 116
62.7567 117
62.7634 111
62.7701 112
62.7701 113
62.7768 114
62.7768 115
62.7835 116
62.7835 117
62.7902 113
62.7902 114
62.7969 115
62.7969 116
62.8036 117
62.8036 118
62.8103 119
62.8103 120
62.817 113
62.817 114
62.8237 115
62.8237 116
62.8304 117
62.8304 118
62.8371 119
62.8371 120
62.8438 113
62.8438 114
62.8505 115
62.8505 116
62.8572 117
62.8572 118
62.8639 119
62.8639 120
62.8706 121
62.8706 122
62.8773 115
62.8773 116
62.884 117
62.884 118
62.8907 119
62.8907 120
62.8974 121
62.8974 122
62.9041 113
62.9041 114
62.9108 115
62.9108 116
62.9175 117
62.9175 118
62.9242 119
62.9242 120
62.9299 113
62.9299 114
62.9376 115
62.9376 116
62.9443 117
62.9443 118
62.951 119
62.951 120
62.9577 113
62.9577 114
62.9644 115
62.9644 116
62.9711 117
62.9711 118
62.9778 119
62.9778 120
62.9845 113
62.9845 114
62.9912 115
62.9912 116
62.9979 117
62.9979 118
63.0046 119
63.0046 120
63.0113 113
63.0113 114
63.018 115
63.018 116
63.0247 117
63.0247 118
63.0314 119
63.0314 120
63.0381 121
63.0381 122
63.0448 115
63.0448 116
63.0515 117
63.0515 118
63.0582 119
63.0582 120
63.0649 121
63.0649 122
63.0712 115
63.0712 116
63.0783 117
63.0783 118
63.085 119
63.085 120
63.0917 121
63.0917 122
63.0984 123
63.1051 117
63.1051 118
63.1118 119
63.1118 120
63.1185 121
63.1185 122
63.1252 123
63.1319 124
63.1319 125
63.1386 119
63.1386 120
63.1453 121
63.1453 122
63.152 123
63.1587 124
63.1587 125
63.1654 119
63.1654 120
63.1721 121
63.1721 122
63.1788 123
63.1855 124
63.1855 125
63.1922 126
63.1922 127
63.1989 121
63.1989 122
63.2056 123
63.2123 124
63.2123 125
63.219 126
63.219 127
63.2257 121
63.2257 122
63.2324 123
63.2391 124
63.2391 125
63.2458 126
63.2458 127
63.2525 121
63.2525 122
63.2592 123
63.2659 124
63.2659 125
63.2726 126
63.2726 127
63.2793 128
63.281 122
63.281 123
63.2894 124
63.2961 125
63.2961 126
63.3027 127
63.3027 128
63.3095 122
63.3095 123
63.3162 124
63.3228 125
63.3228 126
63.3296 127
63.3296 128
63.3384 122
63.3384 123
63.3451 124
63.3518 125
63.3518 126
63.3585 127
63.3585 128
63.3664 120
63.3664 121
63.3731 122
63.3731 123
63.3798 124
63.3865 125
63.3865 126
63.3932 127
63.3932 128
63.3999 122
63.3999 123
63.4066 124
63.4133 125
63.4133 126
63.42 127
63.42 128
63.4267 122
63.4267 123
63.4334 124
63.4401 125
63.4401 126
63.4468 127
63.4468 128
63.4535 122
63.4535 123
63.4602 124
63.4669 125
63.4669 126
63.4736 127
63.4736 128
63.4803 122
63.4803 123
63.487 124
63.4937 125
63.4937 126
63.5004 127
63.5004 128
63.5071 122
63.5071 123
63.5138 124
63.5205 125
63.5205 126
63.5272 127
63.5272 128
63.5349 122
63.5349 123
63.5416 124
63.5483 125
63.5483 126
63.555 127
63.555 128
63.5614 122
63.5614 123
63.5684 124
63.5751 125
63.5751 126
63.5818 127
63.5818 128
63.5923 122
63.5923 123
63.599 124
63.6057 125
63.6057 126
63.6124 127
63.6124 128
63.6188 122
63.6188 123
63.6258 124
63.6325 125
63.6325 126
63.6392 127
63.6392 128
63.6453 122
63.6453 123
63.6526 124
63.6593 123
63.6593 124
63.666 125
63.666 126
63.6727 127
63.6727 128
63.6806 122
63.6806 123
63.6873 124
63.694 125
63.694 126
63.7007 127
63.7007 128
63.7116 122
63.7116 123
63.7183 124
63.725 125
63.725 126
63.7317 127
63.7317 128
63.7381 122
63.7381 123
63.7451 124
63.7518 125
63.7518 126
63.7585 127
63.7585 128
63.7645 123
63.7719 124
63.7719 125
63.7786 126
63.7786 127
63.7853 128
63.7933 122
63.7933 123
63.8 124
63.8067 125
63.8067 126
63.8134 127
63.8134 128
63.8242 122
63.8242 123
63.8309 124
63.8376 125
63.8376 126
63.8443 127
63.8443 128
63.8529 121
63.8529 122
63.8596 123
63.8663 124
63.8663 125
63.873 126
63.873 127
63.8794 121
63.8794 122
63.8864 123
63.8931 124
63.8931 125
63.8998 126
63.8998 127
63.9059 122
63.9059 123
63.9132 124
63.9199 125
63.9199 126
63.9266 127
63.9266 128
63.9346 122
63.9346 123
63.9413 124
63.948 125
63.948 126
63.9547 127
63.9547 128
63.9611 122
63.9611 123
63.9681 124
63.9748 125
63.9748 126
63.9815 127
63.9815 128
63.9876 122
63.9876 123
63.9949 124
64.0016 125
64.0016 126
64.0083 127
64.0083 128
64.0178 120
64.0178 121
64.0245 122
64.0245 123
64.0312 124
64.0379 125
64.0379 126
64.0446 127
64.0446 128
64.0513 122
64.0513 123
64.058 124
64.0647 125
64.0647 126
64.0714 127
64.0714 128
64.0781 122
64.0781 123
64.0848 124
64.0915 125
64.0915 126
64.0982 127
64.0982 128
64.1049 120
64.1049 121
64.1102 122
64.1102 123
64.1156 124
64.1209 125
64.1209 126
64.1263 127
64.1263 128
64.1333 122
64.1333 123
64.1386 124
64.144 125
64.144 126
64.1494 127
64.1494 128
64.1598 122
64.1598 123
64.1651 124
64.1705 125
64.1705 126
64.1759 127
64.1759 128
64.1863 122
64.1863 123
64.1916 124
64.197 125
64.197 126
64.2024 127
64.2024 128
64.2121 120
64.2121 121
64.2174 122
64.2174 123
64.2228 124
64.2281 125
64.2281 126
64.2335 127
64.2335 128
64.2437 122
64.2437 123
64.249 124
64.2544 125
64.2544 126
64.2598 127
64.2598 128
64.2702 123
64.2702 124
64.2755 125
64.2755 126
64.2809 127
64.2809 128
64.2967 122
64.2967 123
64.302 124
64.3074 125
64.3074 126
64.3128 127
64.3128 128
64.3232 123
64.3321 124
64.3321 125
64.341 126
64.341 127
64.35 128
64.3519 122
64.3519 123
64.3634 124
64.3723 125
64.3723 126
64.3812 120
64.3812 121
64.3902 122
64.3902 123
64.3991 124
64.408 118
64.408 119
64.417 120
64.417 121
64.4259 122
64.4259 123
64.4348 124
64.4438 118
64.4438 119
64.4527 120
64.4527 121
64.4616 122
64.4616 123
64.4706 116
64.4706 117
64.4795 118
64.4795 119
64.4884 120
64.4884 121
64.4974 114
64.4974 115
64.5063 116
64.5063 117
64.5153 118
64.5153 119
64.5242 112
64.5242 113
64.5331 114
64.5331 115
64.5421 116
64.5421 117
64.5506 111
64.5577 112
64.5577 113
64.5644 114
64.5644 115
64.5711 116
64.5711 117
64.5771 111
64.5845 112
64.5845 113
64.5912 114
64.5912 115
64.5979 116
64.5979 117
64.6046 111
64.6113 112
64.6113 113
64.618 114
64.618 115
64.6247 116
64.6247 117
64.6314 111
64.6381 112
64.6381 113
64.6448 114
64.6448 115
64.6515 116
64.6515 117
64.6582 118
64.6582 119
64.6649 112
64.6649 113
64.6716 114
64.6716 115
64.6783 116
64.6783 117
64.685 118
64.685 119
64.6917 111
64.6984 112
64.6984 113
64.7051 114
64.7051 115
64.7118 116
64.7118 117
64.7184 111
64.7252 112
64.7252 113
64.7319 114
64.7319 115
64.7386 116
64.7386 117
64.7449 111
64.752 112
64.752 113
64.7587 114
64.7587 115
64.7654 116
64.7654 117
64.7714 111
64.7788 112
64.7788 113
64.7855 114
64.7855 115
64.7922 116
64.7922 117
64.7989 118
64.7989 119
64.8056 112
64.8056 113
64.8123 114
64.8123 115
64.819 116
64.819 117
64.8257 118
64.8257 119
64.8324 120
64.8324 121
64.8391 115
64.8391 116
64.8458 117
64.8458 118
64.8525 119
64.8525 120
64.8592 121
64.8592 122
64.8659 115
64.8659 116
64.8726 117
64.8726 118
64.8793 119
64.8793 120
64.886 121
64.886 122
64.8927 123
64.8994 117
64.8994 118
64.9061 119
64.9061 120
64.9128 121
64.9128 122
64.9195 123
64.9262 118
64.9262 119
64.9329 120
64.9329 121
64.9396 122
64.9396 123
64.9463 124
64.953 119
64.953 120
64.9597 121
64.9597 122
64.9664 123
64.9731 124
64.9731 125
64.9798 126
64.9798 127
64.9865 121
64.9865 122
64.9932 123
64.9999 124
64.9999 125
65.0066 126
65.0066 127
65.0133 121
65.0133 122
65.02 123
65.0267 124
65.0267 125
65.0334 126
65.0334 127
65.0401 121
65.0401 122
65.0468 123
65.0535 124
65.0535 125
65.0602 121
65.0602 122
65.0669 123
65.0736 124
65.0736 125
65.0803 126
65.0803 127
65.087 128
65.0871 122
65.0871 123
65.097 124
65.1037 125
65.1037 126
65.1104 127
65.1104 128
65.1171 122
65.1171 123
65.1238 124
65.1305 125
65.1305 126
65.1372 127
65.1372 128
65.1439 122
65.1439 123
65.1506 124
65.1573 125
65.1573 126
65.164 127
65.164 128
65.1707 122
65.1707 123
65.1774 124
65.1841 125
65.1841 126
65.1908 127
65.1908 128
65.1975 122
65.1975 123
65.2042 124
65.2109 125
65.2109 126
65.2176 127
65.2176 128
65.2243 122
65.2243 123
65.231 124
65.2377 125
65.2377 126
65.2444 127
65.2444 128
65.2511 122
65.2511 123
65.2578 124
65.2645 125
65.2645 126
65.2712 127
65.2712 128
65.277 122
65.277 123
65.2846 124
65.2913 125
65.2913 126
65.298 127
65.298 128
65.3047 122
65.3047 123
65.3114 124
65.3181 125
65.3181 126
65.3248 127
65.3248 128
65.3344 122
65.3344 123
65.3411 124
65.3478 125
65.3478 126
65.3545 127
65.3545 128
65.3609 122
65.3609 123
65.3679 124
65.3746 125
65.3746 126
65.3813 127
65.3813 128
65.3874 122
65.3874 123
65.3947 124
65.4014 125
65.4014 126
65.4081 127
65.4081 128
65.4183 122
65.4183 123
65.425 124
65.4317 125
65.4317 126
65.4384 127
65.4384 128
65.4448 122
65.4448 123
65.4518 124
65.4585 125
65.4585 126
65.4652 127
65.4652 128
65.4757 122
65.4757 123
65.4825 124
65.4892 125
65.4892 126
65.4958 127
65.4958 128
65.5022 122
65.5022 123
65.5092 124
65.516 125
65.516 126
65.5227 127
65.5227 128
65.5287 122
65.5287 123
65.536 124
65.5427 125
65.5427 126
65.5494 127
65.5494 128
65.5597 123
65.5664 124
65.5664 125
65.5731 126
65.5731 127
65.5798 128
65.5884 122
65.5884 123
65.5951 124
65.6018 125
65.6018 126
65.6085 127
65.6085 128
65.6193 122
65.6193 123
65.626 124
65.6327 125
65.6327 126
65.6394 127
65.6394 128
65.648 122
65.648 123
65.6547 124
65.6614 125
65.6614 126
65.6681 127
65.6681 128
65.6745 122
65.6745 123
65.6815 124
65.6882 125
65.6882 126
65.6949 127
65.6949 128
65.701 122
65.701 123
65.7083 124
65.715 125
65.715 126
65.7217 127
65.7217 128
65.7275 122
65.7275 123
65.7351 124
65.7418 125
65.7418 126
65.7485 127
65.7485 128
65.7552 122
65.7552 123
65.7619 124
65.7686 125
65.7686 126
65.7753 127
65.7753 128
65.782 122
65.782 123
65.7887 124
65.7954 125
65.7954 126
65.8021 127
65.8021 128
65.8088 122
65.8088 123
65.8155 124
65.8222 125
65.8222 126
65.8289 127
65.8289 128
65.8356 120
65.8356 121
65.8423 122
65.8423 123
65.849 124
65.8557 125
65.8557 126
65.8624 127
65.8624 128
65.8691 122
65.8691 123
65.8758 124
65.8825 125
65.8825 126
65.8892 127
65.8892 128
65.8959 122
65.8959 123
65.9026 124
65.9093 125
65.9093 126
65.916 127
65.916 128
65.9227 122
65.9227 123
65.928 124
65.9334 125
65.9334 126
65.9388 127
65.9388 128
65.9438 122
65.9438 123
65.9495 124
65.9548 125
65.9548 126
65.9602 127
65.9602 128
65.9703 122
65.9703 123
65.9757 124
65.9811 125
65.9811 126
65.9864 127
65.9864 128
65.9968 122
65.9968 123
66.0022 124
66.0076 125
66.0076 126
66.0129 127
66.0129 128
66.0233 122
66.0233 123
66.0287 124
66.034 125
66.034 126
66.0394 127
66.0394 128
66.0542 122
66.0542 123
66.0597 124
66.0652 125
66.1919 98
66.3877 15
66.434 0
66.434 1
66.434 2
66.434 3
66.434 4
66.6613 0
66.6613 1
66.6613 2
66.6613 3
66.6613 4
66.6613 5
66.6613 6
66.6613 7
66.6613 8
66.6613 9
66.6652 10
66.6719 11
66.6719 12
66.6786 13
66.6786 14
66.6852 15
66.6852 16
66.6919 17
66.6919 18
66.6986 19
66.6986 20
66.7053 21
66.712 22
66.712 23
66.7187 24
66.7187 25
66.7253 26
66.7253 27
66.732 28
66.732 29
66.7387 30
66.7387 31
66.7454 32
66.7454 33
66.7521 34
66.7588 35
66.7588 36
66.7655 37
66.7655 38
66.7721 39
66.7721 40
66.7788 41
66.7788 42
66.7855 43
66.7855 44
66.7922 45
66.7989 46
66.7989 47
66.8056 48
66.8056 49
66.8122 50
66.8122 51
66.8189 52
66.8189 53
66.8256 54
66.8256 55
66.8323 56
66.8323 57
66.839 58
66.8457 59
66.8457 60
66.8523 61
66.8523 62
66.859 63
66.859 64
66.8657 65
66.8657 66
66.8724 67
66.8724 68
66.8791 69
66.8791 70
66.8858 63
66.8858 64
66.8924 65
66.8991 66
66.8991 67
66.9058 68
66.9058 69
66.9125 62
66.9125 63
66.9192 64
66.9192 65
66.9259 66
66.9259 67
66.9326 68
66.9326 69
66.9392 63
66.9392 64
66.9459 65
66.9459 66
66.9526 67
66.9526 68
66.9593 69
66.9593 70
66.966 63
66.966 64
66.9727 65
66.9727 66
66.9793 67
66.9793 68
66.986 69
66.986 70
66.9927 71
66.9927 72
66.9994 65
66.9994 66
67.0061 67
67.0061 68
67.0128 69
67.0128 70
67.0194 71
67.0194 72
67.0261 65
67.0261 66
67.0328 67
67.0328 68
67.0395 69
67.0395 70
67.0462 71
67.0462 72
67.0529 73
67.0529 74
67.0596 67
67.0596 68
67.0662 69
67.0662 70
67.0729 71
67.0729 72
67.0796 73
67.0796 74
67.0863 75
67.093 69
67.093 70
67.0997 71
67.0997 72
67.1063 73
67.1063 74
67.113 75
67.1197 69
67.1197 70
67.1264 71
67.1264 72
67.1331 73
67.1331 74
67.1398 75
67.1464 76
67.1464 77
67.1531 71
67.1531 72
67.1598 73
67.1598 74
67.1665 75
67.1732 76
67.1732 77
67.1799 73
67.1799 74
67.1865 75
67.1932 76
67.1932 77
67.1999 78
67.1999 79
67.2066 71
67.2066 72
67.2133 73
67.2133 74
67.22 75
67.2267 76
67.2267 77
67.2324 71
67.2324 72
67.24 73
67.24 74
67.2467 75
67.2534 76
67.2534 77
67.2601 69
67.2601 70
67.2668 71
67.2668 72
67.2734 73
67.2734 74
67.2801 75
67.2868 76
67.2868 77
67.2935 69
67.2935 70
67.3002 71
67.3002 72
67.3069 73
67.3069 74
67.3135 75
67.3202 76
67.3202 77
67.3269 71
67.3269 72
67.3336 73
67.3336 74
67.3403 75
67.3465 67
67.3465 68
67.3536 69
67.3536 70
67.3603 71
67.3603 72
67.367 73
67.367 74
67.3737 75
67.3804 69
67.3804 70
67.3857 71
67.3857 72
67.3911 73
67.3911 74
67.3964 75
67.4018 76
67.4018 77
67.4071 71
67.4071 72
67.4125 73
67.4125 74
67.4178 75
67.4231 76
67.4231 77
67.4285 78
67.4285 79
67.4338 73
67.4338 74
67.4392 75
67.4445 76
67.4445 77
67.4499 78
67.4499 79
67.4552 80
67.4552 81
67.4606 74
67.4606 75
67.4659 76
67.4659 77
67.4713 78
67.4713 79
67.4766 80
67.4766 81
67.482 82
67.482 83
67.4873 76
67.4873 77
67.4926 78
67.4926 79
67.498 80
67.498 81
67.5033 82
67.5033 83
67.5086 84
67.5086 85
67.5139 86
67.5193 80
67.5193 81
67.5246 82
67.5246 83
67.5299 84
67.5299 85
67.5352 86
67.5406 87
67.5406 88
67.5459 82
67.5459 83
67.5512 84
67.5512 85
67.5565 86
67.5619 87
67.5619 88
67.5672 89
67.5672 90
67.5724 84
67.5724 85
67.5778 86
67.5832 87
67.5832 88
67.5885 89
67.5885 90
67.5938 91
67.5938 92
67.5989 86
67.608 87
67.608 88
67.6169 89
67.6169 90
67.6258 91
67.6258 92
67.6347 86
67.6435 87
67.6435 88
67.6524 89
67.6524 90
67.6613 84
67.6613 85
67.6702 86
67.6791 87
67.6791 88
67.6879 82
67.6879 83
67.6968 84
67.6968 85
67.7057 86
67.7146 80
67.7146 81
67.7234 82
67.7234 83
67.7323 84
67.7323 85
67.7412 78
67.7412 79
67.7501 80
67.7501 81
67.759 82
67.759 83
67.7678 76
67.7678 77
67.7767 78
67.7767 79
67.7856 80
67.7856 81
67.7945 74
67.7945 75
67.8033 76
67.8033 77
67.8122 78
67.8122 79
67.8211 73
67.8211 74
67.83 75
67.8389 76
67.8389 77
67.8477 71
67.8477 72
67.8544 73
67.8544 74
67.8611 75
67.8677 76
67.8677 77
67.8744 71
67.8744 72
67.881 73
67.881 74
67.8877 75
67.8943 76
67.8943 77
67.901 71
67.901 72
67.9077 73
67.9077 74
67.9143 75
67.921 76
67.921 77
67.9276 71
67.9276 72
67.9343 73
67.9343 74
67.9409 75
67.9476 76
67.9476 77
67.9543 71
67.9543 72
67.9609 73
67.9609 74
67.9676 75
67.9742 76
67.9742 77
67.9809 78
67.9809 79
67.9875 73
67.9875 74
67.9942 75
68.0009 76
68.0009 77
68.0075 78
68.0075 79
68.014 74
68.014 75
68.0208 76
68.0208 77
68.0275 78
68.0275 79
68.0342 80
68.0342 81
68.0405 74
68.0405 75
68.0475 76
68.0475 77
68.0541 78
68.0541 79
68.0608 80
68.0608 81
68.0675 82
68.0675 83
68.0741 76
68.0741 77
68.0808 78
68.0808 79
68.0874 80
68.0874 81
68.0941 82
68.0941 83
68.1007 84
68.1007 85
68.1074 80
68.1074 81
68.1141 82
68.1141 83
68.1207 84
68.1207 85
68.1274 86
68.134 80
68.134 81
68.1407 82
68.1407 83
68.1473 84
68.1473 85
68.154 80
68.154 81
68.1607 82
68.1607 83
68.1673 84
68.1673 85
68.174 86
68.1806 87
68.1806 88
68.1873 82
68.1873 83
68.1939 84
68.1939 85
68.2006 86
68.2073 87
68.2073 88
68.2139 82
68.2139 83
68.2206 84
68.2206 85
68.2272 86
68.2339 87
68.2339 88
68.2406 82
68.2406 83
68.2472 84
68.2472 85
68.2539 86
68.2605 87
68.2605 88
68.2672 82
68.2672 83
68.2738 84
68.2738 85
68.2805 86
68.2872 87
68.2872 88
68.2938 89
68.2938 90
68.3005 84
68.3005 85
68.3071 86
68.3138 87
68.3138 88
68.3204 89
68.3204 90
68.3271 84
68.3271 85
68.3338 86
68.3404 87
68.3404 88
68.3471 89
68.3471 90
68.3537 91
68.3537 92
68.3604 86
68.3671 87
68.3671 88
68.3737 89
68.3737 90
68.3804 91
68.3804 92
68.387 86
68.3937 87
68.3937 88
68.4003 89
68.4003 90
68.407 91
68.407 92
68.4137 86
68.4203 87
68.4203 88
68.427 89
68.427 90
68.4336 91
68.4336 92
68.4403 86
68.447 87
68.447 88
68.4536 89
68.4536 90
68.4603 91
68.4603 92
68.4669 86
68.4736 87
68.4736 88
68.4802 89
68.4802 90
68.4869 91
68.4869 92
68.4936 93
68.4936 94
68.5002 87
68.5002 88
68.5069 89
68.5069 90
68.5135 91
68.5135 92
68.5202 93
68.5202 94
68.5268 87
68.5268 88
68.5335 89
68.5335 90
68.5402 91
68.5402 92
68.5468 93
68.5468 94
68.5527 87
68.5527 88
68.5601 89
68.5601 90
68.5668 91
68.5668 92
68.5735 93
68.5735 94
68.5792 87
68.5792 88
68.5868 89
68.5868 90
68.5934 91
68.5934 92
68.6001 93
68.6001 94
68.6067 95
68.6067 96
68.6134 89
68.6134 90
68.6201 91
68.6201 92
68.6267 93
68.6267 94
68.6334 95
68.6334 96
68.64 89
68.64 90
68.6467 91
68.6467 92
68.6534 93
68.6534 94
68.66 95
68.66 96
68.6667 89
68.6667 90
68.6733 91
68.6733 92
68.68 93
68.68 94
68.6866 95
68.6866 96
68.6933 97
68.6933 98
68.7 91
68.7 92
68.7066 93
68.7066 94
68.7133 95
68.7133 96
68.7199 97
68.7199 98
68.7266 91
68.7266 92
68.7332 93
68.7332 94
68.7399 95
68.7399 96
68.7466 97
68.7466 98
68.7532 91
68.7532 92
68.7599 93
68.7599 94
68.7665 95
68.7665 96
68.7732 97
68.7732 98
68.7799 99
68.7865 93
68.7865 94
68.7932 95
68.7932 96
68.7998 97
68.7998 98
68.8065 99
68.8131 100
68.8131 101
68.8198 95
68.8198 96
68.8265 97
68.8265 98
68.8331 99
68.8398 100
68.8398 101
68.8464 95
68.8464 96
68.8531 97
68.8531 98
68.8597 99
68.8664 100
68.8664 101
68.8731 102
68.8731 103
68.8797 99
68.8864 100
68.8864 101
68.893 102
68.893 103
68.8997 104
68.8997 105
68.9064 99
68.913 100
68.913 101
68.9197 102
68.9197 103
68.9263 104
68.9263 105
68.9325 99
68.9396 100
68.9396 101
68.9463 102
68.9463 103
68.953 104
68.953 105
68.9596 106
68.9596 107
68.9663 100
68.9663 101
68.9729 102
68.9729 103
68.9796 104
68.9796 105
68.9863 106
68.9863 107
68.9929 108
68.9929 109
68.9996 102
68.9996 103
69.0062 104
69.0062 105
69.0129 106
69.0129 107
69.0195 108
69.0195 109
69.0262 102
69.0262 103
69.0329 104
69.0329 105
69.0395 106
69.0395 107
69.0462 108
69.0462 109
69.0528 102
69.0528 103
69.0595 104
69.0595 105
69.0661 106
69.0661 107
69.0728 108
69.0728 109
69.0795 100
69.0795 101
69.0861 102
69.0861 103
69.0928 104
69.0928 105
69.0994 106
69.0994 107
69.1061 100
69.1061 101
69.1128 102
69.1128 103
69.1194 104
69.1194 105
69.1261 106
69.1261 107
69.1327 100
69.1327 101
69.1394 102
69.1394 103
69.146 104
69.146 105
69.1527 106
69.1527 107
69.1594 99
69.166 100
69.166 101
69.1727 102
69.1727 103
69.1793 104
69.1793 105
69.186 106
69.186 107
69.1926 100
69.1926 101
69.1993 102
69.1993 103
69.206 104
69.206 105
69.2126 106
69.2126 107
69.2193 100
69.2193 101
69.2246 102
69.2246 103
69.2299 104
69.2299 105
69.2353 106
69.2353 107
69.2406 108
69.2406 109
69.2459 102
69.2459 103
69.2512 104
69.2512 105
69.2566 106
69.2566 107
69.2619 108
69.2619 109
69.2672 110
69.2672 111
69.2725 112
69.2779 106
69.2779 107
69.2832 108
69.2832 109
69.2885 110
69.2885 111
69.2938 112
69.2991 106
69.2991 107
69.3045 108
69.3045 109
69.3098 110
69.3098 111
69.3151 112
69.3205 113
69.3205 114
69.3258 115
69.3258 116
69.3311 110
69.3311 111
69.3365 112
69.3418 113
69.3418 114
69.3471 115
69.3471 116
69.3524 117
69.3524 118
69.3578 111
69.3578 112
69.3631 113
69.3631 114
69.3684 115
69.3684 116
69.3737 117
69.3737 118
69.3791 119
69.3791 120
69.3844 121
69.3844 122
69.3897 115
69.3897 116
69.395 117
69.395 118
69.4004 119
69.4004 120
69.4057 121
69.4057 122
69.411 123
69.4163 117
69.4163 118
69.4217 119
69.4217 120
69.427 121
69.427 122
69.4323 123
69.4376 124
69.4376 125
69.443 126
69.443 127
69.4483 121
69.4483 122
69.4572 123
69.4661 124
69.4661 125
69.4749 119
69.4749 120
69.4838 121
69.4838 122
69.4927 123
69.5016 124
69.5016 125
69.5104 119
69.5104 120
69.5193 121
69.5193 122
69.5282 123
69.5371 117
69.5371 118
69.546 119
69.546 120
69.5548 121
69.5548 122
69.5637 115
69.5637 116
69.5726 117
69.5726 118
69.5815 114
69.5815 115
69.5903 116
69.5903 117
69.5992 118
69.5992 119
69.6081 113
69.6081 114
69.617 115
69.617 116
69.6259 117
69.6259 118
69.6347 111
69.6347 112
69.6436 113
69.6436 114
69.6525 115
69.6525 116
69.6614 110
69.6614 111
69.6702 112
69.6791 113
69.6791 114
69.688 108
69.688 109
69.6947 110
69.6947 111
69.7013 112
69.708 113
69.708 114
69.7146 108
69.7146 109
69.7213 110
69.7213 111
69.728 112
69.7346 113
69.7346 114
69.7413 108
69.7413 109
69.7479 110
69.7479 111
69.7546 112
69.7612 113
69.7612 114
69.7679 108
69.7679 109
69.7746 110
69.7746 111
69.7812 112
69.7879 113
69.7879 114
69.7945 108
69.7945 109
69.8012 110
69.8012 111
69.8079 112
69.8145 113
69.8145 114
69.8212 108
69.8212 109
69.8278 110
69.8278 111
69.8345 112
69.8411 113
69.8411 114
69.8478 108
69.8478 109
69.8545 110
69.8545 111
69.8611 112
69.8678 113
69.8678 114
69.8744 108
69.8744 109
69.8811 110
69.8811 111
69.8877 112
69.8944 113
69.8944 114
69.9011 108
69.9011 109
69.9077 110
69.9077 111
69.9144 112
69.921 113
69.921 114
69.9277 110
69.9277 111
69.9343 112
69.941 113
69.941 114
69.9477 115
69.9477 116
69.9543 110
69.9543 111
69.961 112
69.9676 113
69.9676 114
69.9743 115
69.9743 116
69.981 111
69.981 112
69.9876 113
69.9876 114
69.9943 115
69.9943 116
70.0009 117
70.0009 118
70.0076 111
70.0076 112
70.0143 113
70.0143 114
70.0209 115
70.0209 116
70.0276 117
70.0276 118
70.0342 119
70.0342 120
70.0409 115
70.0409 116
70.0475 117
70.0475 118
70.0542 119
70.0542 120
70.0609 121
70.0609 122
70.0675 115
70.0675 116
70.0742 117
70.0742 118
70.0808 119
70.0808 120
70.0875 121
70.0875 122
70.0939 115
70.0939 116
70.1008 117
70.1008 118
70.1075 119
70.1075 120
70.1141 121
70.1141 122
70.1208 123
70.1274 117
70.1274 118
70.1341 119
70.1341 120
70.1407 121
70.1407 122
70.1474 123
70.1541 124
70.1541 125
70.1607 119
70.1607 120
70.1674 121
70.1674 122
70.174 123
70.1807 124
70.1807 125
70.1874 119
70.1874 120
70.194 121
70.194 122
70.2007 123
70.2073 124
70.2073 125
70.2132 119
70.2132 120
70.2206 121
70.2206 122
70.2273 123
70.234 124
70.234 125
70.2397 119
70.2397 120
70.2473 121
70.2473 122
70.2539 123
70.2606 124
70.2606 125
70.2673 126
70.2673 127
70.2739 121
70.2739 122
70.2806 123
70.2872 124
70.2872 125
70.2939 126
70.2939 127
70.3005 121
70.3005 122
70.3072 123
70.3139 124
70.3139 125
70.3205 126
70.3205 127
70.3272 128
70.3272 129
70.3338 123
70.3405 124
70.3405 125
70.3471 126
70.3471 127
70.3538 128
70.3538 129
70.3605 123
70.3671 124
70.3671 125
70.3738 126
70.3738 127
70.3804 128
70.3804 129
70.3871 123
70.3938 124
70.3938 125
70.4004 126
70.4004 127
70.4071 128
70.4071 129
70.4137 130
70.4137 131
70.4204 124
70.4204 125
70.427 126
70.427 127
70.4337 128
70.4337 129
70.4404 130
70.4404 131
70.447 124
70.447 125
70.4537 126
70.4537 127
70.4603 128
70.4603 129
70.467 130
70.467 131
70.4736 124
70.4736 125
70.4803 126
70.4803 127
70.487 128
70.487 129
70.4936 130
70.4936 131
70.5003 124
70.5003 125
70.5069 126
70.5069 127
70.5136 128
70.5136 129
70.5203 130
70.5203 131
70.5269 132
70.5269 133
70.5336 126
70.5336 127
70.5402 128
70.5402 129
70.5469 130
70.5469 131
70.5535 132
70.5535 133
70.5602 126
70.5602 127
70.5669 128
70.5669 129
70.5735 130
70.5735 131
70.5802 132
70.5802 133
70.5863 126
70.5863 127
70.5935 128
70.5935 129
70.6002 130
70.6002 131
70.6068 132
70.6068 133
70.6172 126
70.6172 127
70.6239 128
70.6239 129
70.6305 130
70.6305 131
70.6372 132
70.6372 133
70.6481 126
70.6481 127
70.6548 128
70.6548 129
70.6615 130
70.6615 131
70.6681 132
70.6681 133
70.6791 126
70.6791 127
70.6857 128
70.6857 129
70.6924 130
70.6924 131
70.699 132
70.699 133
70.7056 126
70.7056 127
70.7123 128
70.7123 129
70.719 130
70.719 131
70.7257 132
70.7257 133
70.732 126
70.732 127
70.739 128
70.739 129
70.7456 130
70.7456 131
70.7523 132
70.7523 133
70.763 126
70.763 127
70.7696 128
70.7696 129
70.7763 130
70.7763 131
70.7829 132
70.7829 133
70.7895 126
70.7895 127
70.7962 128
70.7962 129
70.8029 130
70.8029 131
70.8096 132
70.8096 133
70.8204 126
70.8204 127
70.827 128
70.827 129
70.8337 130
70.8337 131
70.8403 132
70.8403 133
70.8469 125
70.8469 126
70.8537 127
70.8537 128
70.8603 129
70.8603 130
70.867 131
70.867 132
70.8734 125
70.8734 126
70.8803 127
70.8803 128
70.8869 129
70.8869 130
70.8936 131
70.8936 132
70.8998 125
70.8998 126
70.9069 127
70.9069 128
70.9136 129
70.9136 130
70.9202 131
70.9202 132
70.9263 125
70.9263 126
70.9335 127
70.9335 128
70.9402 129
70.9402 130
70.9469 131
70.9469 132
70.9528 124
70.9528 125
70.9602 126
70.9602 127
70.9668 128
70.9668 129
70.9735 130
70.9735 131
70.9802 132
70.9802 133
70.9868 126
70.9868 127
70.9935 124
70.9935 125
71.0001 126
71.0001 127
71.0068 128
71.0068 129
71.0134 130
71.0134 131
71.0201 132
71.0201 133
71.0268 126
71.0268 127
71.0334 128
71.0334 129
71.0401 130
71.0401 131
71.0467 132
71.0467 133
71.0534 126
71.0534 127
71.0601 128
71.0601 129
71.0667 130
71.0667 131
71.0734 132
71.0734 133
71.08 126
71.08 127
71.0854 128
71.0854 129
71.0907 130
71.0907 131
71.096 132
71.096 133
71.1052 126
71.1052 127
71.1105 128
71.1105 129
71.1158 130
71.1158 131
71.1212 132
71.1212 133
71.1361 126
71.1361 127
71.1414 128
71.1414 129
71.1468 130
71.1468 131
71.1521 132
71.1521 133
71.167 126
71.167 127
71.1723 128
71.1723 129
71.1777 130
71.1777 131
71.183 132
71.183 133
71.1979 126
71.1979 127
71.2033 128
71.2033 129
71.2086 130
71.2086 131
71.2139 132
71.2139 133
71.2244 126
71.2244 127
71.2298 128
71.2298 129
71.2351 130
71.2351 131
71.2404 132
71.2404 133
71.2553 126
71.2553 127
71.2607 128
71.2607 129
71.266 130
71.266 131
71.2713 132
71.2713 133
71.2863 126
71.2863 127
71.2916 128
71.2916 129
71.2969 130
71.2969 131
71.3022 132
71.3022 133
71.3128 126
71.3128 127
71.3216 128
71.3216 129
71.3305 130
71.3305 131
71.3394 132
71.3394 133
71.3483 126
71.3483 127
71.3571 128
71.3571 129
71.366 130
71.366 131
71.3749 124
71.3749 125
71.3838 126
71.3838 127
71.3926 128
71.3926 129
71.4015 130
71.4015 131
71.4104 124
71.4104 125
71.4193 126
71.4193 127
71.4282 128
71.4282 129
71.437 123
71.4459 124
71.4459 125
71.4548 126
71.4548 127
71.4637 119
71.4637 120
71.4725 121
71.4725 122
71.4814 123
71.4903 117
71.4903 118
71.4992 119
71.4992 120
71.5081 121
71.5081 122
71.5169 115
71.5169 116
71.5258 117
71.5258 118
71.5347 119
71.5347 120
71.5436 113
71.5436 114
71.5502 115
71.5502 116
71.5569 117
71.5569 118
71.5636 119
71.5636 120
71.5702 113
71.5702 114
71.5769 115
71.5769 116
71.5835 117
71.5835 118
71.5902 119
71.5902 120
71.5968 113
71.5968 114
71.6035 115
71.6035 116
71.6102 117
71.6102 118
71.6168 119
71.6168 120
71.6235 113
71.6235 114
71.6301 115
71.6301 116
71.6368 117
71.6368 118
71.6434 119
71.6434 120
71.6501 115
71.6501 116
71.6568 117
71.6568 118
71.6634 119
71.6634 120
71.6701 121
71.6701 122
71.6767 115
71.6767 116
71.6834 117
71.6834 118
71.69 119
71.69 120
71.6967 121
71.6967 122
71.7034 123
71.71 117
71.71 118
71.7167 119
71.7167 120
71.7233 121
71.7233 122
71.73 123
71.7367 117
71.7367 118
71.7433 119
71.7433 120
71.75 121
71.75 122
71.7566 123
71.7633 117
71.7633 118
71.77 119
71.77 120
71.7766 121
71.7766 122
71.7833 123
71.7897 117
71.7897 118
71.7966 119
71.7966 120
71.8032 121
71.8032 122
71.8099 123
71.8166 124
71.8166 125
71.8232 121
71.8232 122
71.8299 123
71.8365 124
71.8365 125
71.8432 126
71.8432 127
71.8498 121
71.8498 122
71.8566 123
71.8634 124
71.8634 125
71.8702 126
71.8702 127
71.8769 121
71.8769 122
71.8837 123
71.8905 124
71.8905 125
71.8973 126
71.8973 127
71.9041 128
71.9041 129
71.9108 123
71.9176 124
71.9176 125
71.9244 126
71.9244 127
71.9312 128
71.9312 129
71.9376 122
71.9376 123
71.9447 124
71.9515 125
71.9515 126
71.9583 127
71.9583 128
71.9641 123
71.9718 124
71.9718 125
71.9786 126
71.9786 127
71.9854 128
71.9854 129
71.9921 130
71.9928 123
71.9928 124
72.0023 125
72.0023 126
72.0091 127
72.0091 128
72.0159 129
72.0159 130
72.0237 123
72.0237 124
72.0305 125
72.0305 126
72.0373 127
72.0373 128
72.0441 129
72.0441 130
72.0502 123
72.0502 124
72.0576 125
72.0576 126
72.0644 127
72.0644 128
72.0712 129
72.0712 130
72.0779 123
72.0779 124
72.0847 125
72.0847 126
72.0915 127
72.0915 128
72.0983 129
72.0983 130
72.105 122
72.105 123
72.1118 124
72.1186 125
72.1186 126
72.1254 127
72.1254 128
72.1321 122
72.1321 123
72.1389 124
72.1457 125
72.1457 126
72.1525 127
72.1525 128
72.1592 129
72.1592 130
72.166 123
72.166 124
72.1728 125
72.1728 126
72.1796 127
72.1796 128
72.1863 129
72.1863 130
72.1931 123
72.1931 124
72.1999 125
72.1999 126
72.2067 127
72.2067 128
72.2135 129
72.2135 130
72.2202 123
72.2202 124
72.227 125
72.227 126
72.2338 127
72.2338 128
72.2406 129
72.2406 130
72.2473 123
72.2473 124
72.2541 125
72.2541 126
72.2609 127
72.2609 128
72.2677 129
72.2677 130
72.2754 123
72.2754 124
72.2822 125
72.2822 126
72.289 127
72.289 128
72.2958 129
72.2958 130
72.3019 125
72.3019 126
72.3093 127
72.3093 128
72.3161 129
72.3161 130
72.3284 123
72.3284 124
72.3352 125
72.3352 126
72.342 127
72.342 128
72.3488 129
72.3488 130
72.3549 125
72.3549 126
72.3623 127
72.3623 128
72.3691 129
72.3691 130
72.3814 123
72.3814 124
72.3882 125
72.3882 126
72.395 127
72.395 128
72.4017 129
72.4017 130
72.4079 123
72.4079 124
72.4153 125
72.4153 126
72.4221 124
72.4221 125
72.4288 126
72.4288 127
72.4356 128
72.4356 129
72.4424 130
72.4477 123
72.4477 124
72.4544 125
72.4544 126
72.4612 127
72.4612 128
72.468 129
72.468 130
72.4742 123
72.4742 124
72.4815 125
72.4815 126
72.4883 127
72.4883 128
72.4951 129
72.4951 130
72.5051 123
72.5051 124
72.5118 125
72.5118 126
72.5186 127
72.5186 128
72.5254 129
72.5254 130
72.5316 123
72.5316 124
72.5389 125
72.5389 126
72.5457 127
72.5457 128
72.5525 129
72.5525 130
72.5593 123
72.5593 124
72.5661 125
72.5661 126
72.5728 127
72.5728 128
72.5796 129
72.5796 130
72.5864 123
72.5864 124
72.5932 125
72.5932 126
72.5999 127
72.5999 128
72.6067 129
72.6067 130
72.6135 122
72.6135 123
72.6203 124
72.627 125
72.627 126
72.6338 127
72.6338 128
72.6406 129
72.6406 130
72.6474 123
72.6474 124
72.6541 125
72.6541 126
72.6609 127
72.6609 128
72.6677 129
72.6677 130
72.6745 123
72.6745 124
72.6812 125
72.6812 126
72.688 127
72.688 128
72.6948 129
72.6948 130
72.7016 123
72.7016 124
72.7084 125
72.7084 126
72.7151 127
72.7151 128
72.7215 122
72.7215 123
72.7287 124
72.7355 125
72.7355 126
72.7422 127
72.7422 128
72.749 122
72.749 123
72.7558 124
72.7626 125
72.7626 126
72.7693 127
72.7693 128
72.7761 122
72.7761 123
72.7829 124
72.7897 125
72.7897 126
72.7964 127
72.7964 128
72.8032 129
72.8032 130
72.81 123
72.81 124
72.8168 125
72.8168 126
72.8235 127
72.8235 128
72.8303 129
72.8303 130
72.8363 123
72.8363 124
72.8439 125
72.8439 126
72.8506 127
72.8506 128
72.8574 129
72.8574 130
72.8672 123
72.8672 124
72.874 125
72.874 126
72.8807 127
72.8807 128
72.8875 129
72.8875 130
72.8981 123
72.8981 124
72.9035 125
72.9035 126
72.9089 127
72.9089 128
72.9144 129
72.9144 130
72.9246 124
72.9246 125
72.93 126
72.93 127
72.9354 128
72.9354 129
72.9408 130
72.9533 123
72.9533 124
72.9587 125
72.9587 126
72.9641 127
72.9641 128
72.9696 129
72.9696 130
72.9798 123
72.9798 124
72.9852 125
72.9852 126
72.9906 127
72.9906 128
72.9961 129
72.9961 130
73.0107 123
73.0107 124
73.0161 125
73.0161 126
73.0215 127
73.0215 128
73.027 129
73.027 130
73.0372 123
73.0372 124
73.0426 125
73.0426 126
73.048 127
73.048 128
73.0535 129
73.0535 130
73.0681 123
73.0681 124
73.0735 125
73.0735 126
73.0789 127
73.0789 128
73.0844 129
73.0844 130
73.099 123
73.099 124
73.1044 125
73.1044 126
73.1099 127
73.1099 128
73.1153 129
73.1153 130
73.1255 123
73.1255 124
73.1346 125
73.1346 126
73.1436 127
73.1436 128
73.1526 129
73.1526 130
73.1617 123
73.1617 124
73.1707 125
73.1707 126
73.1797 127
73.1797 128
73.1888 122
73.1888 123
73.1978 124
73.2068 125
73.2068 126
73.2159 120
73.2159 121
73.2249 122
73.2249 123
73.2337 116
73.2337 117
73.243 118
73.243 119
73.252 120
73.252 121
73.2602 114
73.2602 115
73.2701 116
73.2701 117
73.2791 118
73.2791 119
73.2881 120
73.2881 121
73.2972 114
73.2972 115
73.3062 116
73.3062 117
73.3152 118
73.3152 119
73.3243 112
73.3243 113
73.3333 114
73.3333 115
73.3423 116
73.3423 117
73.3514 111
73.3581 112
73.3581 113
73.3649 114
73.3649 115
73.3717 116
73.3717 117
73.3785 112
73.3785 113
73.3852 114
73.3852 115
73.392 116
73.392 117
73.3988 118
73.3988 119
73.4056 112
73.4056 113
73.4124 114
73.4124 115
73.4191 116
73.4191 117
73.4259 118
73.4259 119
73.4327 113
73.4327 114
73.4395 115
73.4395 116
73.4462 117
73.4462 118
73.453 119
73.453 120
73.4598 113
73.4598 114
73.4666 115
73.4666 116
73.4733 117
73.4733 118
73.4801 119
73.4801 120
73.4869 113
73.4869 114
73.4937 115
73.4937 116
73.5004 117
73.5004 118
73.5072 119
73.5072 120
73.514 121
73.514 122
73.5208 115
73.5208 116
73.5275 117
73.5275 118
73.5343 119
73.5343 120
73.5406 113
73.5406 114
73.5479 115
73.5479 116
73.5546 117
73.5546 118
73.5614 119
73.5614 120
73.5682 121
73.5682 122
73.575 115
73.575 116
73.5817 117
73.5817 118
73.5885 119
73.5885 120
73.5953 121
73.5953 122
73.6021 123
73.6089 117
73.6089 118
73.6156 119
73.6156 120
73.6224 121
73.6224 122
73.6289 116
73.6289 117
73.636 118
73.636 119
73.6427 120
73.6427 121
73.6495 122
73.6495 123
73.6554 116
73.6554 117
73.6631 118
73.6631 119
73.6698 120
73.6698 121
73.6766 122
73.6766 123
73.6834 117
73.6834 118
73.6902 119
73.6902 120
73.6969 121
73.6969 122
73.7037 123
73.7105 124
73.7105 125
73.7173 119
73.7173 120
73.724 121
73.724 122
73.7308 123
73.7376 124
73.7376 125
73.7444 121
73.7444 122
73.7512 123
73.7579 124
73.7579 125
73.7647 126
73.7647 127
73.7715 122
73.7715 123
73.7783 124
73.785 125
73.785 126
73.7918 127
73.7918 128
73.7986 123
73.8054 124
73.8054 125
73.8121 126
73.8121 127
73.8189 128
73.8189 129
73.8257 123
73.8325 124
73.8325 125
73.8392 126
73.8392 127
73.846 122
73.846 123
73.8528 124
73.8596 125
73.8596 126
73.8663 127
73.8663 128
73.8731 123
73.8799 124
73.8799 125
73.8867 126
73.8867 127
73.8934 128
73.8934 129
73.9002 130
73.9005 123
73.9005 124
73.9104 125
73.9104 126
73.9172 127
73.9172 128
73.9239 129
73.9239 130
73.9307 123
73.9307 124
73.9375 125
73.9375 126
73.9443 127
73.9443 128
73.951 129
73.951 130
73.9579 123
73.9579 124
73.9647 125
73.9647 126
73.9715 127
73.9715 128
73.9783 129
73.9783 130
73.9844 123
73.9844 124
73.9918 125
73.9918 126
73.9986 127
73.9986 128
74.0054 129
74.0054 130
74.0121 123
74.0121 124
74.0189 125
74.0189 126
74.0257 127
74.0257 128
74.0325 129
74.0325 130
74.0418 123
74.0418 124
74.0486 125
74.0486 126
74.0554 127
74.0554 128
74.0622 129
74.0622 130
74.0727 123
74.0727 124
74.0795 125
74.0795 126
74.0863 127
74.0863 128
74.0931 129
74.0931 130
74.0992 123
74.0992 124
74.1066 125
74.1066 126
74.1134 127
74.1134 128
74.1202 129
74.1202 130
74.1279 123
74.1279 124
74.1347 125
74.1347 126
74.1415 127
74.1415 128
74.1483 129
74.1483 130
74.1544 125
74.1544 126
74.1618 127
74.1618 128
74.1686 129
74.1686 130
74.1809 123
74.1809 124
74.1877 125
74.1877 126
74.1945 127
74.1945 128
74.2013 129
74.2013 130
74.2074 123
74.2074 124
74.2148 125
74.2148 126
74.2216 127
74.2216 128
74.2284 129
74.2284 130
74.2351 125
74.2351 126
74.2419 127
74.2419 128
74.2487 129
74.2487 130
74.2604 123
74.2604 124
74.2672 125
74.2672 126
74.274 127
74.274 128
74.2808 129
74.2913 123
74.2981 124
74.2981 125
74.3049 126
74.3049 127
74.3117 128
74.3117 129
74.3186 121
74.3186 122
74.3253 123
74.3322 124
74.3322 125
74.339 126
74.339 127
74.3458 128
74.3458 129
74.3526 123
74.3594 124
74.3594 125
74.3662 126
74.3662 127
74.373 128
74.373 129
74.3798 122
74.3798 123
74.3866 124
74.3934 125
74.3934 126
74.4002 127
74.4002 128
74.407 122
74.407 123
74.4138 124
74.4206 125
74.4206 126
74.4274 127
74.4274 128
74.4342 122
74.4342 123
74.441 124
74.4478 125
74.4478 126
74.4546 127
74.4546 128
74.4614 122
74.4614 123
74.4682 124
74.475 125
74.475 126
74.4818 127
74.4818 128
74.4886 122
74.4886 123
74.4954 124
74.5022 125
74.5022 126
74.509 127
74.509 128
74.5158 122
74.5158 123
74.5226 124
74.5294 125
74.5294 126
74.5362 127
74.5362 128
74.543 122
74.543 123
74.5498 124
74.5566 125
74.5566 126
74.5634 127
74.5634 128
74.5702 129
74.5718 123
74.5804 124
74.5804 125
74.5872 126
74.5872 127
74.594 128
74.594 129
74.6008 123
74.6076 124
74.6076 125
74.6144 126
74.6144 127
74.6212 128
74.6212 129
74.6292 123
74.636 124
74.636 125
74.6428 126
74.6428 127
74.6496 128
74.6496 129
74.6557 124
74.6557 125
74.6632 126
74.6632 127
74.67 128
74.67 129
74.6822 123
74.689 124
74.689 125
74.6958 126
74.6958 127
74.7026 128
74.7026 129
74.7086 123
74.7162 124
74.7162 125
74.723 126
74.723 127
74.7298 128
74.7298 129
74.7396 123
74.7464 124
74.7464 125
74.7532 126
74.7532 127
74.76 128
74.76 129
74.7705 123
74.7705 124
74.7759 125
74.7759 126
74.7814 127
74.7814 128
74.7868 129
74.7992 123
74.8046 124
74.8046 125
74.8101 126
74.8101 127
74.8155 128
74.8155 129
74.8301 123
74.8355 124
74.8355 125
74.841 126
74.841 127
74.8464 128
74.8464 129
74.8588 123
74.8642 124
74.8642 125
74.8697 126
74.8697 127
74.8751 128
74.8751 129
74.8853 123
74.8907 124
74.8907 125
74.8962 126
74.8962 127
74.9016 128
74.9016 129
74.9118 122
74.9118 123
74.9172 124
74.9227 125
74.9227 126
74.9281 127
74.9281 128
74.9336 129
74.9383 123
74.9383 124
74.9437 125
74.9437 126
74.9492 127
74.9492 128
74.9546 129
74.967 123
74.9724 124
74.9724 125
74.9779 126
74.9779 127
74.9833 128
74.9833 129
74.9935 122
74.9935 123
75.0026 124
75.0116 125
75.0116 126
75.02 121
75.02 122
75.0298 123
75.0388 124
75.0388 125
75.0479 126
75.0479 127
75.057 121
75.057 122
75.066 123
75.0751 124
75.0751 125
75.0842 119
75.0842 120
75.0933 121
75.0933 122
75.1017 116
75.1017 117
75.1114 118
75.1114 119
75.1205 120
75.1205 121
75.1295 122
75.1295 123
75.1386 116
75.1386 117
75.1477 118
75.1477 119
75.1567 120
75.1567 121
75.1658 116
75.1658 117
75.1749 118
75.1749 119
75.1834 112
75.1834 113
75.193 114
75.193 115
75.2021 116
75.2021 117
75.2112 111
75.2202 112
75.2202 113
75.2293 114
75.2293 115
75.2384 116
75.2384 117
75.2474 111
75.2542 112
75.2542 113
75.261 114
75.261 115
75.2679 110
75.2679 111
75.2747 112
75.2815 113
75.2815 114
75.2883 115
75.2883 116
75.2951 117
75.2951 118
75.3019 111
75.3019 112
75.3087 113
75.3087 114
75.3155 115
75.3155 116
75.3223 117
75.3223 118
75.3291 119
75.3291 120
75.3359 113
75.3359 114
75.3427 115
75.3427 116
75.3495 117
75.3495 118
75.3563 119
75.3563 120
75.3631 113
75.3631 114
75.3699 115
75.3699 116
75.3767 117
75.3767 118
75.3835 119
75.3835 120
75.3903 113
75.3903 114
75.3971 115
75.3971 116
75.4039 117
75.4039 118
75.4107 119
75.4107 120
75.4175 113
75.4175 114
75.4243 115
75.4243 116
75.4311 117
75.4311 118
75.4379 119
75.4379 120
75.4447 113
75.4447 114
75.4515 115
75.4515 116
75.4583 117
75.4583 118
75.4651 119
75.4651 120
75.4719 113
75.4719 114
75.4787 115
75.4787 116
75.4855 117
75.4855 118
75.4923 119
75.4923 120
75.4991 113
75.4991 114
75.5059 115
75.5059 116
75.5127 117
75.5127 118
75.5195 119
75.5195 120
75.5263 115
75.5263 116
75.5331 117
75.5331 118
75.5399 119
75.5399 120
75.5467 121
75.5467 122
75.5535 115
75.5535 116
75.5603 117
75.5603 118
75.5671 119
75.5671 120
75.5739 121
75.5739 122
75.5807 123
75.5875 117
75.5875 118
75.5943 119
75.5943 120
75.6012 121
75.6012 122
75.6079 123
75.6148 117
75.6148 118
75.6216 119
75.6216 120
75.6284 121
75.6284 122
75.6352 123
75.642 124
75.642 125
75.6488 121
75.6488 122
75.6556 123
75.6624 124
75.6624 125
75.6691 119
75.6691 120
75.676 121
75.676 122
75.6828 123
75.6896 124
75.6896 125
75.6964 126
75.6964 127
75.7032 121
75.7032 122
75.71 123
75.7168 124
75.7168 125
75.7236 126
75.7236 127
75.7304 128
75.7304 129
75.7372 123
75.744 124
75.744 125
75.7508 126
75.7508 127
75.7575 123
75.7644 124
75.7644 125
75.7712 126
75.7712 127
75.778 128
75.778 129
75.784 123
75.7916 124
75.7916 125
75.7984 126
75.7984 127
75.8052 128
75.8052 129
75.812 123
75.8188 124
75.8188 125
75.8256 126
75.8256 127
75.8324 128
75.8324 129
75.8414 122
75.8414 123
75.8482 124
75.855 125
75.855 126
75.8618 127
75.8618 128
75.8679 123
75.8754 124
75.8754 125
75.8822 126
75.8822 127
75.889 128
75.889 129
75.8958 121
75.8958 122
75.9026 123
75.9094 124
75.9094 125
75.9162 126
75.9162 127
75.923 121
75.923 122
75.9298 123
75.9366 124
75.9366 125
75.9434 126
75.9434 127
75.9502 121
75.9502 122
75.957 123
75.9638 124
75.9638 125
75.9706 126
75.9706 127
75.9774 121
75.9774 122
75.9842 123
75.991 124
75.991 125
75.9978 126
75.9978 127
76.0046 120
76.0046 121
76.0114 122
76.0114 123
76.0182 124
76.025 125
76.025 126
76.0318 120
76.0318 121
76.0386 122
76.0386 123
76.0454 124
76.0522 125
76.0522 126
76.059 120
76.059 121
76.0658 122
76.0658 123
76.0726 124
76.0794 125
76.0794 126
76.0862 120
76.0862 121
76.093 122
76.093 123
76.0998 124
76.1063 118
76.1063 119
76.1134 120
76.1134 121
76.1202 122
76.1202 123
76.127 124
76.1339 117
76.1339 118
76.1407 119
76.1407 120
76.1475 121
76.1475 122
76.1543 123
76.1611 124
76.1611 125
76.1679 119
76.1679 120
76.1747 121
76.1747 122
76.1815 123
76.188 117
76.188 118
76.1951 119
76.1951 120
76.2019 121
76.2019 122
76.2087 123
76.2145 117
76.2145 118
76.2223 119
76.2223 120
76.2291 121
76.2291 122
76.2359 123
76.2427 124
76.2427 125
76.2495 119
76.2495 120
76.2563 121
76.2563 122
76.2631 123
76.2699 124
76.2699 125
76.2767 119
76.2767 120
76.2835 121
76.2835 122
76.2903 123
76.2971 124
76.2971 125
76.3039 119
76.3039 120
76.3107 121
76.3107 122
76.3175 123
76.3242 124
76.3242 125
76.331 119
76.331 120
76.3378 121
76.3378 122
76.3446 123
76.3514 124
76.3514 125
76.3582 126
76.3582 127
76.3649 121
76.3649 122
76.3717 123
76.3785 124
76.3785 125
76.3853 126
76.3853 127
76.3921 121
76.3921 122
76.3988 123
76.4056 124
76.4056 125
76.4124 126
76.4124 127
76.4192 121
76.4192 122
76.426 123
76.4328 124
76.4328 125
76.4395 126
76.4395 127
76.4463 121
76.4463 122
76.4531 123
76.4599 124
76.4599 125
76.4667 126
76.4667 127
76.4734 121
76.4734 122
76.4802 123
76.487 124
76.487 125
76.4938 126
76.4938 127
76.5006 128
76.5006 129
76.5074 123
76.5141 124
76.5141 125
76.5209 126
76.5209 127
76.5277 128
76.5277 129
76.5345 123
76.5413 124
76.5413 125
76.548 126
76.548 127
76.5545 121
76.5545 122
76.5616 123
76.5684 124
76.5684 125
76.5752 126
76.5752 127
76.582 128
76.582 129
76.5887 123
76.5955 124
76.5955 125
76.6023 126
76.6023 127
76.6091 128
76.6091 129
76.6159 123
76.6213 124
76.6213 125
76.6267 126
76.6267 127
76.6321 128
76.6321 129
76.6376 130
76.6376 131
76.6429 124
76.6429 125
76.6484 126
76.6484 127
76.6539 128
76.6539 129
76.6593 130
76.6593 131
76.6647 132
76.6647 133
76.6694 126
76.6694 127
76.6753 128
76.681 129
76.681 130
76.6864 131
76.6864 132
76.6918 133
76.7025 126
76.7025 127
76.7079 128
76.7079 129
76.7133 130
76.7133 131
76.7188 132
76.7188 133
76.729 126
76.729 127
76.7344 128
76.7344 129
76.7398 130
76.7398 131
76.7452 132
76.7452 133
76.7555 127
76.7555 128
76.7609 129
76.7609 130
76.7663 131
76.7663 132
76.7717 133
76.7842 126
76.7842 127
76.7896 128
76.7896 129
76.795 130
76.795 131
76.8005 132
76.8005 133
76.8107 126
76.8107 127
76.8161 128
76.8161 129
76.8215 130
76.8215 131
76.8269 132
76.8269 133
76.8416 126
76.8416 127
76.8506 128
76.8506 129
76.8597 130
76.8597 131
76.8681 124
76.8681 125
76.8778 126
76.8778 127
76.8868 128
76.8868 129
76.8958 130
76.8958 131
77.1899 4
77.2194 1
77.2226 2
77.2258 3
77.2291 4
77.4172 5
77.4224 6
77.4224 7
77.4276 8
77.4276 9
77.4328 10
77.4328 11
77.438 12
77.438 13
77.4432 14
77.4484 15
77.4484 16
77.4536 17
77.4536 18
77.4588 19
77.4588 20
77.464 21
77.464 22
77.4692 19
77.4692 20
77.4743 21
77.4743 22
77.4795 23
77.4795 24
77.4847 25
77.4899 26
77.4899 27
77.4951 28
77.4951 29
77.5003 30
77.5003 31
77.5055 32
77.5055 33
77.5107 34
77.5107 35
77.5159 36
77.5159 37
77.5211 38
77.5263 39
77.5263 40
77.5315 41
77.5315 42
77.5367 43
77.5367 44
77.5418 45
77.5418 46
77.547 47
77.547 48
77.5522 49
77.5522 50
77.5574 51
77.5626 52
77.5626 53
77.5678 54
77.5678 55
77.573 56
77.573 57
77.5782 58
77.5782 59
77.5834 60
77.5834 61
77.5886 62
77.5938 63
77.5938 64
77.599 65
77.599 66
77.6041 67
77.6041 68
77.6093 69
77.6093 70
77.6145 71
77.6145 72
77.6197 73
77.6197 74
77.6249 75
77.6301 76
77.6301 77
77.6353 78
77.6353 79
77.6405 80
77.6405 81
77.6457 82
77.6457 83
77.6509 76
77.6509 77
77.6595 78
77.6595 79
77.6682 80
77.6682 81
77.6768 73
77.6768 74
77.6855 75
77.6941 76
77.6941 77
77.7028 78
77.7028 79
77.7115 73
77.7115 74
77.7201 75
77.7288 76
77.7288 77
77.7374 71
77.7374 72
77.7461 73
77.7461 74
77.7547 75
77.7634 67
77.7634 68
77.772 69
77.772 70
77.7807 71
77.7807 72
77.7893 65
77.7893 66
77.798 67
77.798 68
77.8066 69
77.8066 70
77.8153 63
77.8153 64
77.824 65
77.824 66
77.8326 67
77.8326 68
77.8413 60
77.8413 61
77.8478 62
77.8542 63
77.8542 64
77.8607 65
77.8607 66
77.8672 67
77.8672 68
77.8737 62
77.8802 63
77.8802 64
77.8867 65
77.8867 66
77.8932 67
77.8932 68
77.8997 62
77.9062 63
77.9062 64
77.9127 65
77.9127 66
77.9191 67
77.9191 68
77.9256 62
77.9321 63
77.9321 64
77.9386 65
77.9386 66
77.945 67
77.945 68
77.9509 63
77.9509 64
77.958 65
77.958 66
77.9644 67
77.9644 68
77.9709 69
77.9709 70
77.9774 71
77.9774 72
77.9838 65
77.9838 66
77.9903 67
77.9903 68
77.9968 69
77.9968 70
78.0033 71
78.0033 72
78.0097 65
78.0097 66
78.0162 67
78.0162 68
78.0227 69
78.0227 70
78.0291 71
78.0291 72
78.0356 73
78.0356 74
78.0421 69
78.0421 70
78.0485 71
78.0485 72
78.055 73
78.055 74
78.0615 75
78.0679 69
78.0679 70
78.0744 71
78.0744 72
78.0809 73
78.0809 74
78.0873 75
78.0938 76
78.0938 77
78.1003 71
78.1003 72
78.1067 73
78.1067 74
78.1132 75
78.1197 76
78.1197 77
78.1261 78
78.1261 79
78.1326 73
78.1326 74
78.1391 75
78.1455 76
78.1455 77
78.152 78
78.152 79
78.1585 73
78.1585 74
78.1649 75
78.1714 76
78.1714 77
78.1779 78
78.1779 79
78.1843 80
78.1843 81
78.1908 74
78.1908 75
78.1973 76
78.1973 77
78.2038 78
78.2038 79
78.2102 80
78.2102 81
78.2167 76
78.2167 77
78.2232 78
78.2232 79
78.2296 80
78.2296 81
78.2361 82
78.2361 83
78.2426 76
78.2426 77
78.249 78
78.249 79
78.2555 80
78.2555 81
78.262 82
78.262 83
78.2684 84
78.2684 85
78.2749 78
78.2749 79
78.2814 80
78.2814 81
78.2878 82
78.2878 83
78.2943 84
78.2943 85
78.2998 78
78.2998 79
78.3072 80
78.3072 81
78.3137 82
78.3137 83
78.3202 79
78.3202 80
78.3267 81
78.3267 82
78.3331 83
78.3331 84
78.3396 85
78.3396 86
78.3461 87
78.3525 83
78.3525 84
78.359 85
78.359 86
78.3655 87
78.3719 88
78.3719 89
78.3784 84
78.3784 85
78.3849 86
78.3913 87
78.3913 88
78.3978 89
78.3978 90
78.4043 84
78.4043 85
78.4107 86
78.4172 87
78.4172 88
78.4237 89
78.4237 90
78.4301 91
78.4301 92
78.4366 86
78.4431 87
78.4431 88
78.4495 89
78.4495 90
78.456 91
78.456 92
78.4625 86
78.4689 87
78.4689 88
78.4754 89
78.4754 90
78.4819 91
78.4819 92
78.4883 84
78.4883 85
78.4948 86
78.5013 87
78.5013 88
78.5078 89
78.5078 90
78.5142 91
78.5142 92
78.5207 86
78.5272 87
78.5272 88
78.5336 89
78.5336 90
78.5401 91
78.5401 92
78.5466 86
78.553 87
78.553 88
78.5595 89
78.5595 90
78.566 91
78.566 92
78.5724 84
78.5724 85
78.5789 86
78.5854 87
78.5854 88
78.5918 89
78.5918 90
78.5983 91
78.5983 92
78.6048 86
78.6112 87
78.6112 88
78.6177 89
78.6177 90
78.6242 91
78.6242 92
78.6306 86
78.6371 87
78.6371 88
78.6436 89
78.6436 90
78.65 91
78.65 92
78.6565 86
78.663 87
78.663 88
78.6695 89
78.6695 90
78.6759 91
78.6759 92
78.6824 86
78.6889 87
78.6889 88
78.6953 89
78.6953 90
78.7018 91
78.7018 92
78.7083 93
78.7083 94
78.7147 87
78.7147 88
78.7212 89
78.7212 90
78.7277 91
78.7277 92
78.7341 93
78.7341 94
78.7406 87
78.7406 88
78.7471 89
78.7471 90
78.7535 91
78.7535 92
78.76 93
78.76 94
78.7665 95
78.7665 96
78.7729 89
78.7729 90
78.7794 91
78.7794 92
78.7859 93
78.7859 94
78.7923 95
78.7923 96
78.7988 89
78.7988 90
78.8053 91
78.8053 92
78.8118 93
78.8118 94
78.8182 95
78.8182 96
78.8247 89
78.8247 90
78.8312 91
78.8312 92
78.8376 93
78.8376 94
78.8441 95
78.8441 96
78.8506 97
78.8506 98
78.857 91
78.857 92
78.8635 93
78.8635 94
78.87 95
78.87 96
78.8764 97
78.8764 98
78.8829 91
78.8829 92
78.8894 93
78.8894 94
78.8958 95
78.8958 96
78.9023 97
78.9023 98
78.9088 99
78.9152 93
78.9152 94
78.9217 95
78.9217 96
78.9282 97
78.9282 98
78.9346 99
78.9411 93
78.9411 94
78.9476 95
78.9476 96
78.954 97
78.954 98
78.9605 99
78.9666 93
78.9666 94
78.9734 95
78.9734 96
78.9799 97
78.9799 98
78.9864 99
78.9929 100
78.9929 101
78.9993 95
78.9993 96
79.0058 97
79.0058 98
79.0123 99
79.0187 100
79.0187 101
79.0252 95
79.0252 96
79.0317 97
79.0317 98
79.0381 99
79.0446 100
79.0446 101
79.0505 95
79.0505 96
79.0575 97
79.0575 98
79.064 99
79.0705 100
79.0705 101
79.0769 102
79.0769 103
79.0834 97
79.0834 98
79.0899 99
79.0963 100
79.0963 101
79.1028 102
79.1028 103
79.1093 97
79.1093 98
79.1157 99
79.1222 100
79.1222 101
79.1287 102
79.1287 103
79.1351 104
79.1351 105
79.1416 99
79.1481 100
79.1481 101
79.1546 102
79.1546 103
79.161 104
79.161 105
79.1675 99
79.174 100
79.174 101
79.1804 102
79.1804 103
79.1869 104
79.1869 105
79.1934 106
79.1934 107
79.1998 100
79.1998 101
79.205 102
79.205 103
79.2102 104
79.2102 105
79.2153 106
79.2153 107
79.2205 108
79.2205 109
79.2257 102
79.2257 103
79.2309 104
79.2309 105
79.236 106
79.236 107
79.2412 108
79.2412 109
79.2464 110
79.2464 111
79.2516 112
79.2567 106
79.2567 107
79.2619 108
79.2619 109
79.2671 110
79.2671 111
79.2723 112
79.2774 113
79.2774 114
79.2826 108
79.2826 109
79.2878 110
79.2878 111
79.293 112
79.2981 113
79.2981 114
79.3033 115
79.3033 116
79.3085 117
79.3085 118
79.3137 111
79.3137 112
79.3188 113
79.3188 114
79.324 115
79.324 116
79.3292 117
79.3292 118
79.3344 119
79.3344 120
79.3395 113
79.3395 114
79.3447 115
79.3447 116
79.3499 117
79.3499 118
79.355 119
79.355 120
79.3602 121
79.3602 122
79.3654 123
79.3706 117
79.3706 118
79.3757 119
79.3757 120
79.3809 121
79.3809 122
79.3861 123
79.3913 124
79.3913 125
79.3964 119
79.3964 120
79.4016 121
79.4016 122
79.4068 123
79.412 124
79.412 125
79.4171 126
79.4171 127
79.4223 128
79.4223 129
79.4275 123
79.4361 124
79.4361 125
79.4447 126
79.4447 127
79.4534 121
79.4534 122
79.462 123
79.4706 124
79.4706 125
79.4792 126
79.4792 127
79.4879 121
79.4879 122
79.4965 123
79.5051 124
79.5051 125
79.5137 119
79.5137 120
79.5224 121
79.5224 122
79.531 123
79.5396 117
79.5396 118
79.5482 119
79.5482 120
79.5569 121
79.5569 122
79.5655 123
79.5741 117
79.5741 118
79.5828 119
79.5828 120
79.5914 121
79.5914 122
79.6 115
79.6 116
79.6086 117
79.6086 118
79.6173 119
79.6173 120
79.6259 113
79.6259 114
79.6345 115
79.6345 116
79.6431 117
79.6431 118
79.6511 111
79.6511 112
79.6582 113
79.6582 114
79.6647 115
79.6647 116
79.6712 117
79.6712 118
79.6776 111
79.6776 112
79.6841 113
79.6841 114
79.6906 115
79.6906 116
79.697 117
79.697 118
79.7035 119
79.7035 120
79.71 113
79.71 114
79.7164 115
79.7164 116
79.7229 111
79.7229 112
79.7294 113
79.7294 114
79.7358 115
79.7358 116
79.7423 117
79.7423 118
79.7482 111
79.7482 112
79.7552 113
79.7552 114
79.7617 115
79.7617 116
79.7682 117
79.7682 118
79.7747 119
79.7747 120
79.7811 113
79.7811 114
79.7876 115
79.7876 116
79.7941 117
79.7941 118
79.8005 119
79.8005 120
79.807 113
79.807 114
79.8135 115
79.8135 116
79.8199 117
79.8199 118
79.8264 119
79.8264 120
79.8329 113
79.8329 114
79.8393 115
79.8393 116
79.8458 117
79.8458 118
79.8523 119
79.8523 120
79.8587 113
79.8587 114
79.8652 115
79.8652 116
79.8717 117
79.8717 118
79.8781 119
79.8781 120
79.8846 113
79.8846 114
79.8911 115
79.8911 116
79.8975 117
79.8975 118
79.904 119
79.904 120
79.9105 115
79.9105 116
79.9169 117
79.9169 118
79.9234 119
79.9234 120
79.9299 121
79.9299 122
79.9364 115
79.9364 116
79.9428 117
79.9428 118
79.9493 119
79.9493 120
79.9558 121
79.9558 122
79.9622 123
79.9687 119
79.9687 120
79.9752 121
79.9752 122
79.9816 123
79.9881 124
79.9881 125
79.9946 119
79.9946 120
80.001 121
80.001 122
80.0075 123
80.014 124
80.014 125
80.0204 126
80.0204 127
80.0269 121
80.0269 122
80.0334 123
80.0398 124
80.0398 125
80.0463 126
80.0463 127
80.0528 128
80.0528 129
80.0592 124
80.0592 125
80.0657 126
80.0657 127
80.0722 128
80.0722 129
80.0787 130
80.0787 131
80.0851 124
80.0851 125
80.0916 126
80.0916 127
80.0981 128
80.0981 129
80.1045 130
80.1045 131
80.1103 126
80.1103 127
80.1175 128
80.1175 129
80.1239 130
80.1239 131
80.1304 132
80.1304 133
80.1368 126
80.1368 127
80.1433 128
80.1433 129
80.1498 130
80.1498 131
80.1563 132
80.1563 133
80.1627 134
80.1627 135
80.1692 128
80.1692 129
80.1757 130
80.1757 131
80.1821 132
80.1821 133
80.1886 134
80.1886 135
80.1951 136
80.2015 130
80.2015 131
80.208 132
80.208 133
80.2145 134
80.2145 135
80.2209 136
80.2274 137
80.2274 138
80.2339 132
80.2339 133
80.2403 134
80.2403 135
80.2468 136
80.2533 137
80.2533 138
80.2598 139
80.2598 140
80.2662 134
80.2662 135
80.2727 136
80.2792 137
80.2792 138
80.2856 139
80.2856 140
80.2921 134
80.2921 135
80.2986 136
80.305 137
80.305 138
80.3115 139
80.3115 140
80.318 134
80.318 135
80.3244 136
80.3309 137
80.3309 138
80.3374 139
80.3374 140
80.3438 134
80.3438 135
80.3503 136
80.3568 137
80.3568 138
80.3632 139
80.3632 140
80.3697 134
80.3697 135
80.3762 136
80.3826 137
80.3826 138
80.3891 139
80.3891 140
80.3956 134
80.3956 135
80.402 136
80.4085 137
80.4085 138
80.415 139
80.415 140
80.4215 132
80.4215 133
80.4279 134
80.4279 135
80.4344 136
80.4409 137
80.4409 138
80.4473 139
80.4473 140
80.4538 134
80.4538 135
80.4603 136
80.4667 137
80.4667 138
80.4732 139
80.4732 140
80.4797 134
80.4797 135
80.4861 136
80.4926 137
80.4926 138
80.4991 139
80.4991 140
80.5049 132
80.5049 133
80.512 134
80.512 135
80.5185 136
80.5249 137
80.5249 138
80.5314 139
80.5314 140
80.5379 134
80.5379 135
80.5443 136
80.5508 137
80.5508 138
80.5573 139
80.5573 140
80.563 134
80.563 135
80.5702 136
80.5767 137
80.5767 138
80.5832 139
80.5832 140
80.5895 134
80.5895 135
80.5961 136
80.6026 137
80.6026 138
80.609 139
80.609 140
80.6155 141
80.6155 142
80.622 135
80.622 136
80.6284 137
80.6284 138
80.6349 139
80.6349 140
80.6414 141
80.6414 142
80.6469 135
80.6469 136
80.6543 137
80.6543 138
80.6608 139
80.6608 140
80.6672 141
80.6672 142
80.6734 135
80.6734 136
80.6802 137
80.6802 138
80.6866 139
80.6866 140
80.6931 141
80.6931 142
80.6996 143
80.6996 144
80.706 137
80.706 138
80.7125 139
80.7125 140
80.719 141
80.719 142
80.7254 143
80.7254 144
80.7319 137
80.7319 138
80.7384 139
80.7384 140
80.7449 141
80.7449 142
80.7513 143
80.7513 144
80.7578 145
80.7578 146
80.7643 139
80.7643 140
80.7707 141
80.7707 142
80.7772 143
80.7772 144
80.7837 145
80.7837 146
80.7901 139
80.7901 140
80.7966 141
80.7966 142
80.8029 139
80.8029 140
80.8095 141
80.816 139
80.816 140
80.8228 139
80.8339 138
80.8339 139
80.8427 138
80.8537 137
80.8537 138
80.8626 137
80.892 131
80.892 132
80.8985 133
80.8985 134
80.9045 131
80.9045 132
80.9114 133
80.9179 131
80.9179 132
80.9243 133
80.9243 134
80.9308 135
80.9373 136
80.9428 130
80.9428 131
80.9492 132
80.9492 133
80.9557 134
80.9557 135
80.9622 131
80.9622 132
80.9686 130
80.9686 131
80.9751 132
80.9751 133
80.9816 131
80.9816 132
80.988 131
80.988 132
80.9945 131
80.9945 132
81.001 130
81.001 131
81.0074 132
81.0074 133
81.0139 131
81.0139 132
81.0191 133
81.0193 132
81.0282 131
81.0481 128
81.0481 129
81.0532 130
81.0584 128
81.0584 129
81.0636 130
81.0746 127
81.0746 128
81.0797 129
81.0849 128
81.0849 129
81.09 128
81.09 129
81.0966 128
81.1099 127
81.1209 126
81.1231 125
81.1276 124
81.143 123
81.143 124
81.1474 123
81.1695 122
81.1739 121
81.1806 120
81.1872 119
81.1894 118
81.2005 117
81.2115 116
81.2409 110
81.2409 111
81.2495 112
81.2582 113
81.2582 114
81.2668 115
81.2668 116
81.2754 110
81.2754 111
81.284 107
81.284 108
81.2927 106
81.2927 107
81.3013 108
81.3013 109
81.3099 110
81.3099 111
81.3186 104
81.3186 105
81.3272 106
81.3272 107
81.3358 108
81.3358 109
81.3444 103
81.3444 104
81.3531 105
81.3531 106
81.3617 107
81.3617 108
81.3703 103
81.3703 104
81.3789 105
81.3789 106
81.3876 107
81.3876 108
81.3962 109
81.3962 110
81.4048 103
81.4048 104
81.4134 105
81.4134 106
81.4221 107
81.4221 108
81.4307 102
81.4307 103
81.4393 104
81.4393 105
81.4479 106
81.4479 107
81.4566 99
81.4652 100
81.4652 101
81.4738 102
81.4738 103
81.4824 104
81.4824 105
81.4911 99
81.4975 100
81.4975 101
81.504 102
81.504 103
81.5103 97
81.5103 98
81.5169 99
81.5234 100
81.5234 101
81.5299 102
81.5299 103
81.5363 104
81.5363 105
81.5428 106
81.5428 107
81.5493 99
81.5557 100
81.5557 101
81.5622 102
81.5622 103
81.5687 104
81.5687 105
81.5751 98
81.5751 99
81.5816 100
81.5881 101
81.5881 102
81.5946 103
81.5946 104
81.601 105
81.601 106
81.6075 99
81.614 100
81.614 101
81.6204 102
81.6204 103
81.6269 104
81.6269 105
81.6334 99
81.6334 100
81.6398 101
81.6398 102
81.6463 103
81.6463 104
81.6528 105
81.6528 106
81.6592 107
81.6592 108
81.6657 102
81.6657 103
81.6722 104
81.6722 105
81.6786 106
81.6786 107
81.6851 108
81.6851 109
81.6916 102
81.6916 103
81.698 104
81.698 105
81.7045 106
81.7045 107
81.711 108
81.711 109
81.7174 110
81.7174 111
81.7239 106
81.7239 107
81.7304 108
81.7304 109
81.7369 110
81.7369 111
81.7433 112
81.7498 107
81.7498 108
81.7563 109
81.7563 110
81.7627 111
81.7692 112
81.7692 113
81.7757 108
81.7757 109
81.7821 110
81.7821 111
81.7886 112
81.7951 113
81.7951 114
81.8015 115
81.8015 116
81.808 111
81.808 112
81.8145 113
81.8145 114
81.8209 115
81.8209 116
81.8274 117
81.8274 118
81.8339 113
81.8339 114
81.8403 115
81.8403 116
81.8468 117
81.8468 118
81.8533 119
81.8533 120
81.8597 115
81.8597 116
81.8662 117
81.8662 118
81.8727 119
81.8727 120
81.8792 121
81.8792 122
81.8856 123
81.8921 119
81.8921 120
81.8986 121
81.8986 122
81.905 123
81.9115 124
81.9115 125
81.918 121
81.918 122
81.9244 123
81.9309 124
81.9309 125
81.9374 126
81.9374 127
81.9438 121
81.9438 122
81.9503 123
81.9568 124
81.9568 125
81.9632 126
81.9632 127
81.9696 121
81.9696 122
81.9762 123
81.9826 124
81.9826 125
81.9891 126
81.9891 127
81.9956 128
81.9956 129
82.002 123
82.0085 124
82.0085 125
82.015 126
82.015 127
82.0214 128
82.0214 129
82.0279 130
82.0279 131
82.0344 124
82.0344 125
82.0408 126
82.0408 127
82.0473 128
82.0473 129
82.0538 130
82.0538 131
82.0602 124
82.0602 125
82.0667 126
82.0667 127
82.0732 128
82.0732 129
82.0797 130
82.0797 131
82.0861 124
82.0861 125
82.0926 126
82.0926 127
82.0991 128
82.0991 129
82.1055 130
82.1055 131
82.112 124
82.112 125
82.1185 126
82.1185 127
82.1249 128
82.1249 129
82.1314 130
82.1314 131
82.1374 124
82.1374 125
82.1443 126
82.1443 127
82.1508 128
82.1508 129
82.1573 130
82.1573 131
82.1637 132
82.1661 125
82.1661 126
82.1734 127
82.1734 128
82.1799 129
82.1799 130
82.1864 131
82.1864 132
82.197 125
82.197 126
82.2035 127
82.2035 128
82.2099 129
82.2099 130
82.2164 131
82.2164 132
82.2235 126
82.2235 127
82.23 128
82.23 129
82.2364 130
82.2364 131
82.2429 132
82.25 126
82.25 127
82.2565 128
82.2565 129
82.2629 130
82.2629 131
82.2694 132
82.2787 125
82.2787 126
82.2852 127
82.2852 128
82.2916 129
82.2916 130
82.2981 131
82.2981 132
82.3096 127
82.3096 128
82.3161 129
82.3161 130
82.3225 131
82.3225 132
82.3361 127
82.3361 128
82.3426 129
82.3426 130
82.349 131
82.349 132
82.3626 126
82.3626 127
82.3691 128
82.3691 129
82.3755 130
82.3755 131
82.382 132
82.3891 126
82.3891 127
82.3956 128
82.3956 129
82.402 130
82.402 131
82.4085 132
82.4178 126
82.4178 127
82.4243 128
82.4243 129
82.4303 127
82.4303 128
82.437 126
82.4502 125
82.4568 124
82.4679 123
82.501 122
82.501 123
82.5098 122
82.5187 121
82.5319 120
82.5319 121
82.543 120
82.554 119
82.5606 118
82.5629 117
82.5717 116
82.5827 115
82.5827 116
82.5916 115
82.6026 114
82.6026 115
82.6114 114
82.6408 108
82.6408 109
82.6473 110
82.6473 111
82.6534 109
82.6534 110
82.66 109
82.66 110
82.6666 108
82.6666 109
82.6732 110
82.6797 111
82.6861 112
82.6887 110
82.6887 111
82.6953 108
82.6953 109
82.7023 110
82.7023 111
82.7086 109
82.7086 110
82.7152 109
82.7152 110
82.7217 111
82.7351 110
82.7373 109
82.7572 108
82.791 102
82.791 103
82.7975 104
82.7975 105
82.8039 106
82.8039 107
82.8104 103
82.8104 104
82.8163 103
82.8163 104
82.822 105
82.8272 106
82.8272 107
82.8501 101
82.8501 102
82.8553 103
82.8553 104
82.8605 105
82.8605 106
82.8657 107
82.8766 99
82.8766 100
82.8818 101
82.8818 102
82.887 103
82.887 104
82.8922 105
82.8922 106
82.8973 107
82.9031 100
82.9031 101
82.9083 102
82.9083 103
82.9135 104
82.9135 105
82.9187 106
82.9187 107
82.9318 102
82.9318 103
82.9373 104
82.9373 105
82.9427 106
82.9427 107
82.9481 108
82.9481 109
82.9535 110
82.9535 111
82.9583 104
82.9583 105
82.9643 106
82.9643 107
82.9698 108
82.9698 109
82.9752 110
82.9752 111
82.9806 112
82.986 113
82.986 114
82.9914 115
82.9914 116
82.9968 110
82.9968 111
83.0023 112
83.0077 113
83.0077 114
83.0131 115
83.0131 116
83.0185 117
83.0185 118
83.0239 111
83.0294 112
83.0294 113
83.0348 114
83.0348 115
83.0402 116
83.0402 117
83.0456 118
83.0456 119
83.051 120
83.051 121
83.0564 115
83.0564 116
83.0655 117
83.0655 118
83.0745 119
83.0745 120
83.0835 115
83.0835 116
83.0926 117
83.0926 118
83.1012 113
83.1012 114
83.1106 115
83.1106 116
83.1197 117
83.1197 118
83.1284 112
83.1284 113
83.1377 114
83.1377 115
83.1468 116
83.1468 117
83.1558 118
83.1558 119
83.1648 112
83.1648 113
83.1738 114
83.1738 115
83.1829 116
83.1829 117
83.1919 110
83.1919 111
83.2009 112
83.21 113
83.21 114
83.219 111
83.219 112
83.228 113
83.228 114
83.2371 115
83.2371 116
83.2461 110
83.2461 111
83.2551 112
83.2641 113
83.2641 114
83.2732 108
83.2732 109
83.2799 110
83.2799 111
83.2867 112
83.2935 113
83.2935 114
83.3003 109
83.3003 110
83.307 111
83.3138 112
83.3138 113
83.3206 114
83.3206 115
83.3273 109
83.3273 110
83.3341 111
83.3409 112
83.3409 113
83.3477 114
83.3477 115
83.3544 110
83.3544 111
83.3612 112
83.368 113
83.368 114
83.3747 115
83.3747 116
83.3815 110
83.3815 111
83.3883 112
83.3951 113
83.3951 114
83.4018 115
83.4018 116
83.4086 117
83.4086 118
83.4154 111
83.4154 112
83.4222 113
83.4222 114
83.4289 115
83.4289 116
83.4357 117
83.4357 118
83.4425 111
83.4425 112
83.4492 113
83.4492 114
83.456 115
83.456 116
83.4628 117
83.4628 118
83.4696 119
83.4696 120
83.4763 113
83.4763 114
83.4831 115
83.4831 116
83.4899 117
83.4899 118
83.4966 119
83.4966 120
83.5034 113
83.5034 114
83.5102 115
83.5102 116
83.517 117
83.517 118
83.5237 119
83.5237 120
83.5302 114
83.5302 115
83.5373 116
83.5373 117
83.5441 118
83.5441 119
83.5508 120
83.5508 121
83.5567 116
83.5567 117
83.5644 118
83.5644 119
83.5711 120
83.5711 121
83.5779 122
83.5779 123
83.5847 119
83.5847 120
83.5915 121
83.5915 122
83.5982 123
83.605 124
83.605 125
83.6118 126
83.6119 122
83.6119 123
83.6219 124
83.6287 125
83.6287 126
83.6428 122
83.6428 123
83.6496 124
83.6564 125
83.6564 126
83.6738 122
83.6738 123
83.6805 124
83.6873 125
83.6873 126
83.6941 125
83.6941 126
83.7009 124
83.7009 125
83.7076 124
83.7238 123
83.7577 118
83.7577 119
83.7644 120
83.7644 121
83.7712 122
83.7712 123
83.7842 118
83.7842 119
83.7909 120
83.7909 121
83.7977 122
83.7977 123
83.8107 117
83.8107 118
83.8174 119
83.8174 120
83.8242 121
83.8242 122
83.831 123
83.8372 116
83.8372 117
83.8445 118
83.8445 119
83.8513 120
83.8513 121
83.8581 122
83.8581 123
83.8648 117
83.8648 118
83.8716 119
83.8716 120
83.8784 121
83.8784 122
83.8852 118
83.8852 119
83.8919 117
83.8919 118
83.8987 119
83.8987 120
83.9055 118
83.9055 119
83.9122 118
83.9122 119
83.919 118
83.919 119
83.9258 117
83.9258 118
83.9326 119
83.9326 120
83.9393 121
83.9424 118
83.9424 119
83.9491 116
83.9491 117
83.9563 118
83.9563 119
83.963 120
83.9756 115
83.9756 116
83.9823 117
83.9888 115
83.9888 116
83.9959 117
84.0021 114
84.0021 115
84.0087 113
84.0087 114
84.0162 115
84.0162 116
84.023 117
84.0403 111
84.0471 112
84.0471 113
84.0539 114
84.0539 115
84.0606 111
84.0606 112
84.0674 111
84.0742 112
84.0742 113
84.081 114
84.081 115
84.0877 111
84.0877 112
84.0945 111
84.1013 112
84.1013 113
84.108 112
84.108 113
84.1148 112
84.1148 113
84.1216 112
84.1216 113
84.1279 112
84.1279 113
84.1346 112
84.1662 109
84.1662 110
84.173 111
84.1797 112
84.1927 106
84.1927 107
84.1995 108
84.1995 109
84.2062 110
84.2062 111
84.213 112
84.2198 113
84.2198 114
84.2265 111
84.2265 112
84.2333 113
84.2333 114
84.2401 115
84.2401 116
84.2469 117
84.2469 118
84.2536 119
84.2536 120
84.2604 115
84.2604 116
84.2672 117
84.2672 118
84.2739 119
84.2739 120
84.2807 121
84.2807 122
84.2875 115
84.2875 116
84.2943 117
84.2943 118
84.301 119
84.301 120
84.3078 121
84.3078 122
84.3141 115
84.3141 116
84.3214 117
84.3214 118
84.3281 119
84.3281 120
84.3349 121
84.3349 122
84.3417 114
84.3417 115
84.3484 116
84.3484 117
84.3552 118
84.3552 119
84.362 120
84.362 121
84.3688 115
84.3688 116
84.3755 117
84.3755 118
84.3823 119
84.3823 120
84.3891 121
84.3891 122
84.3958 123
84.4026 117
84.4026 118
84.4094 119
84.4094 120
84.4162 121
84.4162 122
84.4229 123
84.4289 116
84.4289 117
84.4365 118
84.4365 119
84.4432 120
84.4432 121
84.45 118
84.45 119
84.4568 120
84.4636 119
84.4636 120
84.4703 121
84.4771 122
84.4771 123
84.4839 124
84.4907 125
84.4907 126
84.4974 118
84.4974 119
84.5042 120
84.5042 121
84.511 122
84.511 123
84.5177 124
84.5245 120
84.5245 121
84.5313 122
84.5313 123
84.5381 124
84.5448 125
84.5448 126
84.5516 121
84.5516 122
84.5584 123
84.5651 124
84.5651 125
84.5719 126
84.5768 121
84.5768 122
84.5836 123
84.5904 124
84.5904 125
84.5972 126
84.6033 121
84.6033 122
84.6101 123
84.6169 121
84.6169 122
84.6223 123
84.6277 124
84.6277 125
84.6331 126
84.6409 123
84.6409 124
84.6463 125
84.6463 126
84.6674 122
84.6674 123
84.6728 124
84.6782 125
84.6782 126
84.6983 122
84.6983 123
84.7037 124
84.7091 125
84.7091 126
84.7248 121
84.7248 122
84.7302 123
84.7356 124
84.7356 125
84.741 126
84.7513 121
84.7513 122
84.7567 123
84.7621 124
84.7621 125
84.7675 126
84.7815 122
84.7815 123
84.7859 121
84.7859 122
84.7923 123
84.7977 122
84.7977 123
84.8032 124
84.8086 125
84.8086 126
84.8219 120
84.8219 121
84.8273 122
84.8273 123
84.8328 124
84.8382 125
84.8382 126
84.8506 120
84.8506 121
84.8588 120
84.8588 121
84.8687 122
84.8777 120
84.8777 121
84.8868 119
84.8868 120
84.8958 118
84.8958 119
84.9048 117
84.9048 118
84.9138 116
84.9138 117
84.9229 115
84.9229 116
84.9316 114
84.9316 115
84.9409 116
84.9409 117
84.9493 113
84.9493 114
84.959 115
84.968 113
84.968 114
84.9771 112
84.9771 113
84.9861 111
84.9861 112
84.9951 111
85.0132 110
85.0132 111
85.031 108
85.031 109
85.0403 110
85.0493 108
85.0493 109
85.0583 107
85.0583 108
85.0674 109
85.0674 110
85.0764 111
85.0847 105
85.0847 106
85.0922 107
85.0922 108
85.099 106
85.099 107
85.1057 105
85.1057 106
85.1125 107
85.1125 108
85.1193 105
85.1193 106
85.126 103
85.126 104
85.1328 105
85.1328 106
85.1396 107
85.1396 108
85.1464 109
85.1464 110
85.1531 111
85.1599 108
85.1599 109
85.1667 110
85.1667 111
85.1734 112
85.1802 113
85.1802 114
85.187 110
85.187 111
85.1938 112
85.2005 113
85.2005 114
85.2073 115
85.2073 116
85.2141 117
85.2141 118
85.2209 113
85.2209 114
85.2276 115
85.2276 116
85.2344 117
85.2344 118
85.2412 119
85.2412 120
85.2479 114
85.2479 115
85.2547 116
85.2547 117
85.2615 118
85.2615 119
85.268 113
85.268 114
85.275 115
85.275 116
85.2818 117
85.2818 118
85.2886 119
85.2886 120
85.2953 121
85.2953 122
85.3021 115
85.3021 116
85.3089 117
85.3157 115
85.3157 116
85.3224 117
85.3224 118
85.3292 119
85.3292 120
85.336 121
85.336 122
85.3428 117
85.3428 118
85.3495 119
85.3495 120
85.3563 121
85.3563 122
85.3631 123
85.3696 117
85.3696 118
85.3766 119
85.3766 120
85.3834 121
85.3834 122
85.3902 123
85.3969 124
85.3969 125
85.4037 121
85.4037 122
85.4105 123
85.4172 124
85.4172 125
85.424 126
85.4314 120
85.4314 121
85.4381 122
85.4381 123
85.4449 124
85.4517 125
85.4517 126
85.4623 122
85.4623 123
85.469 124
85.4758 125
85.4758 126
85.4932 120
85.4932 121
85.4999 122
85.4999 123
85.5067 124
85.5135 125
85.5135 126
85.5241 123
85.5309 124
85.5309 125
85.5376 126
85.5506 119
85.5506 120
85.5574 121
85.5574 122
85.5641 123
85.5709 124
85.5709 125
85.5777 126
85.5815 120
85.5815 121
85.5883 122
85.5883 123
85.595 124
85.6018 125
85.6018 126
85.6102 120
85.6102 121
85.617 122
85.617 123
85.6237 124
85.6305 125
85.6305 126
85.6411 120
85.6411 121
85.6479 122
85.6479 123
85.6546 124
85.6614 125
85.6614 126
85.6698 120
85.6698 121
85.6766 122
85.6766 123
85.6833 124
85.6901 125
85.6901 126
85.7029 119
85.7029 120
85.7097 121
85.7097 122
85.7165 123
85.7232 124
85.7232 125
85.7294 120
85.7294 121
85.7368 122
85.7368 123
85.7435 124
85.7503 121
85.7503 122
85.7571 120
85.7571 121
85.7639 122
85.7639 123
85.7706 124
85.7774 125
85.7774 126
85.7868 121
85.7868 122
85.7927 119
85.7927 120
85.8004 121
85.8071 122
85.8071 123
85.8139 124
85.8207 125
85.8207 126
85.8275 120
85.8275 121
85.8342 122
85.8342 123
85.841 124
85.8478 120
85.8478 121
85.8545 122
85.8613 120
85.8613 121
85.8678 120
85.8678 121
85.8749 122
85.8816 121
85.8816 122
85.8884 123
85.8952 121
85.8952 122
85.9019 120
85.9019 121
85.9087 120
85.9087 121
85.9155 122
85.9223 121
85.9223 122
85.929 123
85.9358 124
85.9426 125
85.9426 126
85.9524 121
85.9524 122
85.9592 123
85.966 122
85.966 123
85.9728 124
85.9795 123
85.9863 124
85.9863 125
85.9931 126
86.0098 121
86.0098 122
86.0166 123
86.0234 124
86.0234 125
86.0302 126
86.0363 123
86.0363 124
86.0423 123
86.0499 124
86.0499 125
86.0567 123
86.0567 124
86.0634 125
86.0634 126
86.0702 125
86.0702 126
86.077 123
86.077 124
86.0838 123
86.0838 124
86.0905 125
86.0973 124
86.0973 125
86.1041 123
86.1041 124
86.1108 125
86.1176 126
86.1357 120
86.1357 121
86.1425 122
86.1425 123
86.1493 124
86.156 125
86.156 126
86.1644 122
86.1644 123
86.1703 121
86.1703 122
86.178 120
86.178 121
86.1847 122
86.1847 123
86.1915 124
86.1983 125
86.1983 126
86.2086 121
86.2086 122
86.2154 123
86.2221 124
86.2221 125
86.2289 126
86.2351 120
86.2351 121
86.2419 122
86.2419 123
86.2486 124
86.2554 125
86.2554 126
86.2616 120
86.2616 121
86.269 122
86.269 123
86.2757 124
86.2825 125
86.2825 126
86.2893 121
86.2893 122
86.296 123
86.3028 124
86.3028 125
86.3096 126
86.3117 122
86.3117 123
86.3265 122
86.3265 123
86.3333 122
86.3333 123
86.3401 120
86.3401 121
86.3468 122
86.3468 123
86.3536 124
86.3604 125
86.3604 126
86.3671 120
86.3671 121
86.3739 122
86.3739 123
86.3807 124
86.3875 125
86.3875 126
86.3963 121
86.3963 122
86.4017 123
86.4071 124
86.4071 125
86.4125 126
86.4198 121
86.4198 122
86.4253 123
86.4307 121
86.4307 122
86.4361 123
86.4415 124
86.4415 125
86.4469 126
86.4625 120
86.4625 121
86.4679 122
86.4679 123
86.4733 124
86.4788 125
86.4788 126
86.4912 121
86.4912 122
86.4966 123
86.502 124
86.502 125
86.5075 126
86.5177 121
86.5177 122
86.5231 123
86.5285 124
86.5285 125
86.534 126
86.5486 121
86.5486 122
86.554 123
86.5594 124
86.5594 125
86.5649 126
86.5722 122
86.5722 123
86.5776 122
86.5776 123
86.583 124
86.5884 123
86.5939 124
86.5939 125
86.5993 123
86.5993 124
86.6047 125
86.6047 126
86.6101 125
86.6101 126
86.67 112
86.67 113
86.6801 114
86.6987 109
86.6987 110
86.7088 111
86.7189 112
86.7189 113
86.7289 108
86.7289 109
86.739 110
86.739 111
86.749 112
86.7591 106
86.7591 107
86.7691 108
86.7691 109
86.7782 103
86.7782 104
86.7892 105
86.7892 106
86.7993 107
86.7993 108
86.8084 101
86.8084 102
86.8194 100
86.8194 101
86.8295 102
86.8295 103
86.8393 98
86.8393 99
86.8546 98
86.8546 99
86.8614 98
86.8614 99
86.8772 98
86.8772 99
86.8847 97
86.8847 98
86.8923 99
86.8998 98
86.8998 99
86.9074 97
86.9074 98
86.9149 99
86.9224 100
86.9224 101
86.93 102
86.93 103
86.9375 96
86.9375 97
86.9451 98
86.9451 99
86.9526 100
86.9601 97
86.9601 98
86.9677 96
86.9677 97
86.9752 96
86.9752 97
86.9828 98
86.9903 99
86.9978 100
86.9978 101
87.0054 102
87.0054 103
87.0129 98
87.0129 99
87.0204 96
87.0204 97
87.028 98
87.028 99
87.0355 97
87.0355 98
87.0431 99
87.0506 100
87.0582 101
87.0582 102
87.0657 98
87.0657 99
87.0732 100
87.0808 101
87.0808 102
87.0883 94
87.0883 95
87.0959 96
87.0959 97
87.1034 98
87.1034 99
87.1109 100
87.1185 98
87.1185 99
87.126 100
87.1336 101
87.1336 102
87.1411 103
87.1411 104
87.1486 105
87.1486 106
87.1562 107
87.1562 108
87.1637 102
87.1637 103
87.1713 104
87.1713 105
87.1788 106
87.1788 107
87.1863 108
87.1863 109
87.1939 104
87.1939 105
87.2014 106
87.2014 107
87.209 108
87.209 109
87.2165 110
87.2165 111
87.224 104
87.224 105
87.2316 106
87.2316 107
87.2391 108
87.2391 109
87.2467 110
87.2467 111
87.2542 105
87.2542 106
87.2617 107
87.2617 108
87.2693 109
87.2693 110
87.2768 111
87.2844 107
87.2844 108
87.2919 109
87.2919 110
87.2994 111
87.307 106
87.307 107
87.3145 108
87.3145 109
87.3221 110
87.3221 111
87.3296 112
87.3371 107
87.3371 108
87.3447 109
87.3447 110
87.3522 111
87.3598 106
87.3598 107
87.3673 108
87.3673 109
87.3748 110
87.3748 111
87.3824 112
87.3899 107
87.3899 108
87.3975 109
87.3975 110
87.405 111
87.4125 107
87.4125 108
87.4201 109
87.4201 110
87.4276 111
87.4352 112
87.4352 113
87.4427 108
87.4427 109
87.4502 110
87.4502 111
87.4578 112
87.4653 113
87.4653 114
87.4729 110
87.4729 111
87.4804 112
87.4879 113
87.4879 114
87.4955 109
87.4955 110
87.503 111
87.5106 112
87.5106 113
87.5181 114
87.5201 111
87.5294 112
87.5294 113
87.537 114
87.5466 109
87.5466 110
87.5541 111
87.5617 112
87.5617 113
87.5692 114
87.5731 109
87.5731 110
87.5806 111
87.5882 112
87.5882 113
87.5957 114
87.6062 109
87.6062 110
87.6138 111
87.6213 112
87.6213 113
87.6288 114
87.6327 109
87.6327 110
87.6403 111
87.6478 112
87.6478 113
87.6553 114
87.6658 109
87.6658 110
87.6734 111
87.6809 112
87.6809 113
87.6884 114
87.7762 96
88.0103 36
88.098 4
88.1252 1
88.129 2
88.1328 3
88.1365 4
88.3253 5
88.3328 6
88.3328 7
88.3404 8
88.3404 9
88.3479 10
88.3479 11
88.3555 8
88.3555 9
88.363 10
88.363 11
88.3705 12
88.3705 13
88.3781 14
88.3856 15
88.3856 16
88.3932 17
88.3932 18
88.4007 19
88.4007 20
88.4082 21
88.4082 22
88.4158 23
88.4158 24
88.4233 25
88.4309 26
88.4309 27
88.4384 28
88.4384 29
88.4459 30
88.4459 31
88.4535 32
88.4535 33
88.461 34
88.461 35
88.4686 36
88.4686 37
88.4761 38
88.4836 39
88.4836 40
88.4912 41
88.4912 42
88.4987 43
88.4987 44
88.5063 45
88.5063 46
88.5138 47
88.5138 48
88.5213 49
88.5213 50
88.5289 51
88.5364 52
88.5364 53
88.544 54
88.544 55
88.5515 56
88.5515 57
88.559 52
88.559 53
88.5666 54
88.5666 55
88.5741 56
88.5741 57
88.5817 58
88.5817 59
88.5892 54
88.5892 55
88.5967 56
88.5967 57
88.6043 58
88.6043 59
88.6118 54
88.6118 55
88.6194 56
88.6194 57
88.6269 58
88.6269 59
88.6344 60
88.6344 61
88.642 56
88.642 57
88.6495 58
88.6495 59
88.6571 60
88.6571 61
88.6646 62
88.6721 58
88.6721 59
88.6797 60
88.6797 61
88.6872 62
88.6948 63
88.6948 64
88.7023 60
88.7023 61
88.7098 62
88.7174 63
88.7174 64
88.7249 65
88.7249 66
88.7325 62
88.74 63
88.74 64
88.7475 65
88.7475 66
88.7551 62
88.7626 63
88.7626 64
88.7702 65
88.7702 66
88.7777 67
88.7777 68
88.7852 63
88.7852 64
88.7913 65
88.7913 66
88.7973 67
88.7973 68
88.8033 69
88.8033 70
88.8094 71
88.8094 72
88.8154 67
88.8154 68
88.8214 69
88.8214 70
88.8275 71
88.8275 72
88.8335 73
88.8335 74
88.8395 75
88.8456 71
88.8456 72
88.8516 73
88.8516 74
88.8576 75
88.8637 76
88.8637 77
88.8687 72
88.8687 73
88.8757 74
88.8818 75
88.8818 76
88.8878 77
88.8878 78
88.8938 79
88.8938 80
88.8998 75
88.8998 76
88.9059 77
88.9059 78
88.9119 79
88.9119 80
88.9179 81
88.9179 82
88.924 78
88.924 79
88.93 80
88.93 81
88.936 82
88.936 83
88.9421 84
88.9421 85
88.9481 86
88.9541 82
88.9541 83
88.9602 84
88.9602 85
88.9662 86
88.9722 87
88.9722 88
88.9783 89
88.9783 90
88.9843 85
88.9843 86
88.9903 87
88.9964 88
88.9964 89
89.0024 90
89.0024 91
89.0084 86
89.0084 87
89.0185 88
89.0185 89
89.0285 90
89.0285 91
89.0386 87
89.0386 88
89.0486 89
89.0486 90
89.0586 85
89.0586 86
89.0687 87
89.0788 88
89.0788 89
89.0889 86
89.0989 87
89.0989 88
89.109 89
89.109 90
89.119 86
89.1291 87
89.1291 88
89.1391 89
89.1391 90
89.1492 84
89.1492 85
89.1592 86
89.1693 87
89.1693 88
89.1793 82
89.1793 83
89.1894 84
89.1894 85
89.1995 86
89.2095 82
89.2095 83
89.2196 84
89.2196 85
89.2286 78
89.2286 79
89.2372 80
89.2372 81
89.2447 82
89.2447 83
89.2522 84
89.2522 85
89.2595 78
89.2595 79
89.2673 80
89.2673 81
89.2749 82
89.2749 83
89.2824 84
89.2824 85
89.2899 79
89.2899 80
89.2975 81
89.2975 82
89.305 83
89.305 84
89.3126 85
89.3126 86
89.3201 81
89.3201 82
89.3276 83
89.3276 84
89.3352 85
89.3352 86
89.3427 80
89.3427 81
89.3503 82
89.3503 83
89.3578 84
89.3578 85
89.3653 86
89.3729 81
89.3729 82
89.3804 83
89.3804 84
89.388 85
89.388 86
89.3955 80
89.3955 81
89.403 82
89.403 83
89.4106 84
89.4106 85
89.4181 86
89.4257 87
89.4257 88
89.4332 89
89.4332 90
89.4407 86
89.4483 87
89.4483 88
89.4558 89
89.4558 90
89.4634 91
89.4634 92
89.4709 87
89.4709 88
89.4784 89
89.4784 90
89.486 91
89.486 92
89.4935 93
89.4935 94
89.5011 89
89.5011 90
89.5086 91
89.5086 92
89.5161 93
89.5161 94
89.5237 95
89.5237 96
89.5312 97
89.5312 98
89.5388 93
89.5388 94
89.5463 95
89.5463 96
89.5538 97
89.5538 98
89.5614 99
89.5686 95
89.5686 96
89.5765 97
89.5765 98
89.584 99
89.5915 100
89.5915 101
89.5991 96
89.5991 97
89.6066 98
89.6066 99
89.6142 100
89.6217 101
89.6217 102
89.6292 98
89.6292 99
89.6368 100
89.6443 101
89.6443 102
89.6519 97
89.6519 98
89.6594 99
89.6669 100
89.6669 101
89.6745 102
89.6745 103
89.682 97
89.682 98
89.6896 99
89.6971 100
89.6971 101
89.7046 102
89.7046 103
89.7122 97
89.7122 98
89.7197 99
89.7273 100
89.7273 101
89.7348 102
89.7348 103
89.7423 97
89.7423 98
89.7499 99
89.7574 100
89.7574 101
89.765 102
89.765 103
89.7725 97
89.7725 98
89.78 99
89.7876 100
89.7876 101
89.7951 102
89.7951 103
89.8027 97
89.8027 98
89.8102 99
89.8177 100
89.8177 101
89.8253 102
89.8253 103
89.8328 99
89.8404 100
89.8404 101
89.8479 99
89.8554 100
89.8554 101
89.863 102
89.863 103
89.8705 104
89.8705 105
89.8781 100
89.8781 101
89.8856 102
89.8856 103
89.8931 104
89.8931 105
89.8998 99
89.9082 100
89.9082 101
89.9158 102
89.9158 103
89.9233 104
89.9233 105
89.9308 106
89.9308 107
89.9384 102
89.9384 103
89.9459 104
89.9459 105
89.9535 106
89.9535 107
89.961 108
89.961 109
89.9685 104
89.9685 105
89.9761 106
89.9761 107
89.9836 108
89.9836 109
89.9912 104
89.9912 105
89.9987 106
89.9987 107
90.0062 108
90.0062 109
90.0138 110
90.0138 111
90.0213 106
90.0213 107
90.0289 108
90.0289 109
90.0364 110
90.0364 111
90.0439 106
90.0439 107
90.0515 108
90.0515 109
90.059 110
90.059 111
90.0666 112
90.0741 108
90.0741 109
90.0816 110
90.0816 111
90.0892 112
90.0964 107
90.0964 108
90.1043 109
90.1043 110
90.1118 111
90.1193 112
90.1193 113
90.1269 108
90.1269 109
90.1344 110
90.1344 111
90.142 112
90.1494 108
90.1494 109
90.157 110
90.157 111
90.1646 112
90.1721 113
90.1721 114
90.1797 108
90.1797 109
90.1872 110
90.1872 111
90.1947 112
90.2023 113
90.2023 114
90.209 109
90.209 110
90.2174 111
90.2249 112
90.2249 113
90.2324 114
90.2324 115
90.24 111
90.2475 112
90.2475 113
90.2551 114
90.2551 115
90.262 109
90.262 110
90.2701 111
90.2777 112
90.2777 113
90.2852 114
90.2852 115
90.2928 111
90.3003 112
90.3003 113
90.3078 114
90.3078 115
90.315 111
90.3229 112
90.3229 113
90.3305 114
90.3305 115
90.338 116
90.338 117
90.3455 111
90.3455 112
90.3531 113
90.3531 114
90.3606 115
90.3606 116
90.3682 117
90.3682 118
90.3757 113
90.3757 114
90.3832 115
90.3832 116
90.3908 117
90.3908 118
90.3983 119
90.3983 120
90.4059 115
90.4059 116
90.4134 117
90.4134 118
90.4209 119
90.4209 120
90.4285 115
90.4285 116
90.436 117
90.436 118
90.4436 119
90.4436 120
90.4511 121
90.4519 116
90.4519 117
90.4624 118
90.4624 119
90.4699 120
90.4699 121
90.4783 115
90.4783 116
90.4859 117
90.4859 118
90.4934 119
90.4934 120
90.501 121
90.5048 116
90.5048 117
90.5124 118
90.5124 119
90.5199 120
90.5199 121
90.5313 116
90.5313 117
90.5389 118
90.5389 119
90.5464 120
90.5464 121
90.5578 116
90.5578 117
90.5654 118
90.5654 119
90.5729 120
90.5729 121
90.5843 116
90.5843 117
90.5919 118
90.5979 115
90.5979 116
90.6167 113
90.6167 114
90.6228 115
90.6288 113
90.6288 114
90.6348 115
90.6594 111
90.6653 110
90.6653 111
90.6715 112
90.6775 111
90.6835 112
90.6835 113
90.6896 114
90.6984 110
90.6984 111
90.7165 112
90.7226 113
90.7382 109
90.7382 110
90.7442 111
90.7503 110
90.7503 111
90.7563 110
90.7563 111
90.7623 110
90.7623 111
90.7941 105
90.7941 106
90.8001 107
90.8001 108
90.8062 107
90.8062 108
90.8122 109
90.8223 107
90.8223 108
90.8323 109
90.8323 110
90.8424 111
90.8471 104
90.8471 105
90.8575 106
90.8575 107
90.8675 108
90.8675 109
90.8776 103
90.8776 104
90.8876 102
90.8876 103
90.8977 104
90.8977 105
90.9077 106
90.9077 107
90.9178 100
90.9178 101
90.9278 102
90.9278 103
90.9369 99
90.9369 100
90.9479 101
90.958 99
90.958 100
90.968 98
90.968 99
90.9781 100
90.9882 101
90.9882 102
90.9973 97
90.9973 98
91.0076 96
91.0076 97
91.0183 95
91.0183 96
91.0284 97
91.0284 98
91.0384 99
91.048 95
91.048 96
91.056 97
91.056 98
91.0636 99
91.0711 100
91.0711 101
91.0786 97
91.0786 98
91.0862 99
91.0937 100
91.0937 101
91.101 97
91.101 98
91.1091 99
91.1169 100
91.1169 101
91.1247 102
91.1247 103
91.1325 99
91.1325 100
91.1403 101
91.1403 102
91.1481 103
91.1481 104
91.1559 105
91.1559 106
91.1637 99
91.1637 100
91.1715 101
91.1715 102
91.1793 103
91.1793 104
91.1871 105
91.1871 106
91.1949 100
91.1949 101
91.2027 102
91.2027 103
91.2105 104
91.2105 105
91.2181 99
91.2181 100
91.2261 101
91.2261 102
91.2339 103
91.2339 104
91.2417 105
91.2417 106
91.2495 99
91.2495 100
91.2573 101
91.2573 102
91.2651 103
91.2651 104
91.2729 105
91.2729 106
91.2807 101
91.2807 102
91.2886 103
91.2886 104
91.2964 105
91.2964 106
91.3042 107
91.3042 108
91.312 102
91.312 103
91.3198 104
91.3198 105
91.3276 106
91.3276 107
91.3354 103
91.3354 104
91.3432 105
91.3432 106
91.351 107
91.351 108
91.3588 104
91.3588 105
91.3666 106
91.3666 107
91.3744 108
91.3744 109
91.3822 110
91.3822 111
91.39 104
91.39 105
91.3978 106
91.3978 107
91.4056 108
91.4056 109
91.4134 104
91.4134 105
91.4212 106
91.4212 107
91.429 108
91.429 109
91.4366 104
91.4366 105
91.4446 106
91.4446 107
91.4524 108
91.4524 109
91.4602 110
91.4602 111
91.468 106
91.468 107
91.4758 108
91.4758 109
91.4837 110
91.4837 111
91.4915 112
91.4993 108
91.4993 109
91.5071 110
91.5071 111
91.5149 112
91.5227 106
91.5227 107
91.5305 108
91.5305 109
91.5383 110
91.5383 111
91.5461 105
91.5461 106
91.5539 107
91.5539 108
91.5617 109
91.5617 110
91.5695 111
91.5773 107
91.5773 108
91.5851 109
91.5851 110
91.5929 111
91.6007 106
91.6007 107
91.6085 108
91.6085 109
91.6163 110
91.6163 111
91.6241 112
91.6319 107
91.6319 108
91.6397 109
91.6397 110
91.6475 111
91.6553 112
91.6553 113
91.6631 108
91.6631 109
91.6709 110
91.6709 111
91.6787 112
91.6866 113
91.6866 114
91.6944 110
91.6944 111
91.7022 112
91.71 113
91.71 114
91.7178 108
91.7178 109
91.7256 110
91.7256 111
91.7334 112
91.7412 113
91.7412 114
91.749 109
91.749 110
91.7568 111
91.7646 112
91.7646 113
91.7724 110
91.7724 111
91.7802 112
91.788 113
91.788 114
91.7958 115
91.7958 116
91.8036 111
91.8114 112
91.8114 113
91.8192 114
91.8192 115
91.827 110
91.827 111
91.8348 112
91.8426 113
91.8426 114
91.8504 115
91.8504 116
91.8582 111
91.8661 112
91.8661 113
91.8738 114
91.8738 115
91.8817 111
91.8895 112
91.8895 113
91.8973 114
91.8973 115
91.9051 116
91.9051 117
91.9129 113
91.9129 114
91.9207 115
91.9207 116
91.9285 117
91.9285 118
91.9356 113
91.9356 114
91.9441 115
91.9441 116
91.9519 117
91.9519 118
91.9621 112
91.9621 113
91.9699 114
91.9699 115
91.9777 116
91.9777 117
91.9855 118
91.9886 113
91.9886 114
91.9972 115
91.9972 116
92.005 117
92.005 118
92.0151 113
92.0151 114
92.0229 115
92.0229 116
92.0307 117
92.0307 118
92.0416 112
92.0416 113
92.0494 114
92.0494 115
92.0564 113
92.0564 114
92.065 113
92.0784 112
92.0784 113
92.0873 112
92.1167 107
92.1167 108
92.1245 109
92.1245 110
92.1314 107
92.1314 108
92.1401 109
92.1401 110
92.1479 108
92.1479 109
92.1557 110
92.1557 111
92.1719 106
92.1719 107
92.1797 108
92.1797 109
92.1875 110
92.1875 111
92.1984 106
92.1984 107
92.207 108
92.207 109
92.2148 110
92.2148 111
92.2249 105
92.2249 106
92.2343 107
92.2343 108
92.2421 109
92.2421 110
92.2499 111
92.2577 105
92.2577 106
92.2655 107
92.2655 108
92.2733 109
92.2733 110
92.2812 111
92.2889 105
92.2889 106
92.2968 107
92.2968 108
92.3046 109
92.3046 110
92.3124 111
92.3198 107
92.3198 108
92.3279 106
92.3279 107
92.3358 106
92.3358 107
92.3436 108
92.3514 109
92.3514 110
92.3592 111
92.3655 106
92.3655 107
92.3733 108
92.3811 106
92.3811 107
92.3889 108
92.3889 109
92.3967 110
92.4059 105
92.4059 106
92.4122 107
92.4122 108
92.4184 109
92.4184 110
92.4251 105
92.4251 106
92.4314 107
92.4376 106
92.4376 107
92.4438 108
92.4501 109
92.4722 103
92.4722 104
92.4781 105
92.4847 104
92.4847 105
92.4909 104
92.4909 105
92.4972 106
92.5034 107
92.5252 101
92.5252 102
92.5314 103
92.5314 104
92.5377 105
92.5377 106
92.5439 107
92.5517 101
92.5517 102
92.5582 103
92.5582 104
92.5648 105
92.5826 101
92.5826 102
92.5891 103
92.5891 104
92.5957 105
92.6135 100
92.6135 101
92.6201 102
92.6201 103
92.6266 104
92.6266 105
92.64 99
92.6509 100
92.6509 101
92.6619 102
92.6619 103
92.6728 97
92.6728 98
92.6837 99
92.6946 100
92.6946 101
92.7056 96
92.7056 97
92.7165 98
92.7165 99
92.7274 92
92.7274 93
92.7383 94
92.7383 95
92.7493 96
92.7493 97
92.7592 90
92.7592 91
92.7711 92
92.7711 93
92.782 94
92.782 95
92.793 88
92.793 89
92.8039 90
92.8039 91
92.8148 92
92.8148 93
92.8257 86
92.8257 87
92.8367 88
92.8367 89
92.8476 90
92.8476 91
92.8585 86
92.8695 87
92.8695 88
92.8804 89
92.8804 90
92.8913 86
92.8913 87
92.8995 88
92.8995 89
92.9072 83
92.9072 84
92.9159 85
92.9159 86
92.9241 87
92.9323 88
92.9323 89
92.9405 86
92.9487 87
92.9487 88
92.9569 89
92.9569 90
92.9646 84
92.9646 85
92.9732 86
92.9814 87
92.9814 88
92.9896 89
92.9896 90
92.9978 86
92.9978 87
93.006 88
93.006 89
93.0142 90
93.0142 91
93.022 86
93.0306 87
93.0306 88
93.0388 89
93.0388 90
93.047 91
93.047 92
93.0552 88
93.0552 89
93.0634 90
93.0634 91
93.0716 92
93.0716 93
93.0798 88
93.0798 89
93.088 90
93.088 91
93.0962 92
93.0962 93
93.1043 90
93.1043 91
93.1125 92
93.1125 93
93.1207 94
93.1207 95
93.1279 89
93.1279 90
93.1371 91
93.1371 92
93.1453 93
93.1453 94
93.1535 95
93.1535 96
93.1617 91
93.1617 92
93.1699 93
93.1699 94
93.1781 95
93.1781 96
93.1863 90
93.1863 91
93.1945 92
93.1945 93
93.2027 94
93.2027 95
93.2109 90
93.2109 91
93.2191 92
93.2191 93
93.2273 94
93.2273 95
93.2355 96
93.2355 97
93.2436 91
93.2436 92
93.2518 91
93.2518 92
93.26 93
93.26 94
93.2682 95
93.2682 96
93.2764 97
93.2764 98
93.2846 93
93.2846 94
93.2928 95
93.2928 96
93.301 97
93.301 98
93.3092 92
93.3092 93
93.3174 94
93.3174 95
93.3256 96
93.3256 97
93.3338 92
93.3338 93
93.342 94
93.342 95
93.3502 96
93.3502 97
93.3576 92
93.3576 93
93.3666 94
93.3666 95
93.3747 96
93.3747 97
93.3829 98
93.3829 99
93.3911 94
93.3911 95
93.3993 96
93.3993 97
93.4075 98
93.4075 99
93.4157 94
93.4157 95
93.4239 96
93.4239 97
93.4321 98
93.4321 99
93.4403 93
93.4403 94
93.4485 95
93.4485 96
93.4567 97
93.4567 98
93.4649 99
93.4731 95
93.4731 96
93.4813 97
93.4813 98
93.4895 99
93.4967 94
93.4967 95
93.5059 96
93.5059 97
93.514 98
93.514 99
93.5222 100
93.5304 95
93.5304 96
93.5386 97
93.5386 98
93.5468 99
93.555 100
93.555 101
93.5632 97
93.5632 98
93.5714 99
93.5796 100
93.5796 101
93.5878 97
93.5878 98
93.596 99
93.6042 100
93.6042 101
93.6124 97
93.6124 98
93.6206 99
93.6288 100
93.6288 101
93.637 96
93.637 97
93.6451 98
93.6451 99
93.6533 100
93.6615 101
93.6615 102
93.6697 98
93.6697 99
93.6779 100
93.6861 101
93.6861 102
93.6943 97
93.6943 98
93.7025 99
93.7107 100
93.7107 101
93.7189 102
93.7189 103
93.7271 99
93.7353 100
93.7353 101
93.7435 102
93.7435 103
93.7517 98
93.7517 99
93.7599 100
93.7681 101
93.7681 102
93.7763 98
93.7763 99
93.7844 100
93.7926 101
93.7926 102
93.8008 98
93.8008 99
93.809 100
93.8172 101
93.8172 102
93.8254 103
93.8254 104
93.8336 99
93.8336 100
93.8418 101
93.8418 102
93.85 103
93.85 104
93.8582 99
93.8582 100
93.8664 101
93.8664 102
93.8746 103
93.8746 104
93.8828 99
93.8828 100
93.891 101
93.891 102
93.8992 103
93.8992 104
93.9074 99
93.9074 100
93.9156 101
93.9156 102
93.9237 103
93.9237 104
93.9317 99
93.9401 100
93.9401 101
93.9483 102
93.9483 103
93.9565 104
93.9565 105
93.9647 106
93.9647 107
93.9729 101
93.9729 102
93.9811 103
93.9811 104
93.9893 105
93.9893 106
93.9975 100
93.9975 101
94.0057 102
94.0057 103
94.0139 104
94.0139 105
94.0221 106
94.0221 107
94.0303 102
94.0303 103
94.0385 104
94.0385 105
94.0467 106
94.0467 107
94.0548 101
94.0548 102
94.063 103
94.063 104
94.0712 105
94.0712 106
94.0794 101
94.0794 102
94.0876 103
94.0876 104
94.0958 105
94.0958 106
94.1039 101
94.1039 102
94.1122 103
94.1122 104
94.1204 105
94.1204 106
94.1286 107
94.1286 108
94.1368 103
94.1368 104
94.145 105
94.145 106
94.1532 107
94.1532 108
94.1614 102
94.1614 103
94.1696 104
94.1696 105
94.1778 106
94.1778 107
94.1856 102
94.1856 103
94.1941 104
94.1941 105
94.2023 106
94.2023 107
94.2105 108
94.2121 103
94.2121 104
94.2212 105
94.2212 106
94.2277 107
94.2277 108
94.2408 102
94.2408 103
94.2473 104
94.2473 105
94.2539 106
94.2539 107
94.2604 108
94.2673 103
94.2673 104
94.2738 105
94.2738 106
94.2804 107
94.2804 108
94.2938 103
94.2938 104
94.3003 105
94.3003 106
94.3069 107
94.3069 108
94.3203 103
94.3203 104
94.3268 105
94.3268 106
94.3334 107
94.3334 108
94.3468 102
94.3468 103
94.3533 104
94.3533 105
94.3599 106
94.3599 107
94.3664 108
94.3799 103
94.3799 104
94.3864 105
94.3864 106
94.393 107
94.393 108
94.4064 102
94.4064 103
94.4129 104
94.4129 105
94.4195 106
94.4195 107
94.426 108
94.4329 104
94.4329 105
94.4438 106
94.4438 107
94.4547 108
94.4594 101
94.4594 102
94.4711 103
94.4711 104
94.482 105
94.482 106
94.493 101
94.493 102
94.5039 103
94.5039 104
94.5148 105
94.5148 106
94.5257 101
94.5257 102
94.5367 103
94.5367 104
94.5476 98
94.5476 99
94.5585 100
94.5695 101
94.5695 102
94.5804 98
94.5804 99
94.5913 100
94.6022 96
94.6022 97
94.6132 98
94.6132 99
94.6241 100
94.635 95
94.635 96
94.6459 97
94.6459 98
94.6569 92
94.6569 93
94.6651 94
94.6651 95
94.6732 96
94.6732 97
94.6814 98
94.6814 99
94.6896 94
94.6896 95
94.6978 96
94.6978 97
94.706 98
94.706 99
94.7142 93
94.7142 94
94.7224 95
94.7224 96
94.7306 97
94.7306 98
94.7388 99
94.747 94
94.747 95
94.7552 96
94.7552 97
94.7634 98
94.7634 99
94.7716 93
94.7716 94
94.7798 95
94.7798 96
94.788 97
94.788 98
94.7962 94
94.7962 95
94.8044 96
94.8044 97
94.8125 98
94.8125 99
94.8207 100
94.8289 96
94.8289 97
94.8371 98
94.8371 99
94.8453 100
94.8535 95
94.8535 96
94.8617 97
94.8617 98
94.8699 99
94.8781 100
94.8781 101
94.8863 97
94.8863 98
94.8945 99
94.9027 100
94.9027 101
94.9109 96
94.9109 97
94.9191 98
94.9191 99
94.9273 100
94.9355 97
94.9355 98
94.9436 99
94.9518 100
94.9518 101
94.96 102
94.96 103
94.9682 99
94.9764 97
94.9764 98
94.9846 99
94.9928 100
94.9928 101
95.001 102
95.001 103
95.0092 98
95.0092 99
95.0174 100
95.0256 101
95.0256 102
95.0338 99
95.042 100
95.042 101
95.0502 102
95.0502 103
95.0584 99
95.0666 100
95.0666 101
95.0748 102
95.0748 103
95.082 99
95.0911 100
95.0911 101
95.0993 102
95.0993 103
95.1075 104
95.1075 105
95.1157 99
95.1157 100
95.1239 101
95.1239 102
95.1321 103
95.1321 104
95.1403 99
95.1485 100
95.1485 101
95.1567 102
95.1567 103
95.1649 104
95.1649 105
95.1731 100
95.1731 101
95.1813 102
95.1813 103
95.1895 104
95.1895 105
95.1977 99
95.1977 100
95.2059 101
95.2059 102
95.2141 103
95.2141 104
95.2222 99
95.2222 100
95.2304 101
95.2304 102
95.2386 103
95.2386 104
95.2468 105
95.2468 106
95.255 101
95.255 102
95.2632 103
95.2632 104
95.2714 105
95.2714 106
95.2796 100
95.2796 101
95.2878 102
95.2878 103
95.296 104
95.296 105
95.3042 100
95.3042 101
95.3124 102
95.3124 103
95.3206 104
95.3206 105
95.3288 106
95.3288 107
95.337 102
95.337 103
95.3452 104
95.3452 105
95.3533 106
95.3533 107
95.3615 102
95.3615 103
95.3697 104
95.3697 105
95.3779 106
95.3779 107
95.3861 108
95.3867 101
95.3867 102
95.3984 103
95.3984 104
95.4066 105
95.4066 106
95.4148 101
95.4148 102
95.423 103
95.423 104
95.4312 105
95.4312 106
95.4394 107
95.4394 108
95.4476 103
95.4476 104
95.4558 105
95.4558 106
95.464 107
95.464 108
95.4722 103
95.4722 104
95.4804 105
95.4804 106
95.4885 107
95.4885 108
95.4967 102
95.4967 103
95.5049 104
95.5049 105
95.5131 106
95.5131 107
95.5213 102
95.5213 103
95.5295 104
95.5295 105
95.5377 106
95.5377 107
95.5457 103
95.5457 104
95.5541 105
95.5541 106
95.5623 107
95.5623 108
95.5722 103
95.5722 104
95.5804 105
95.5804 106
95.5886 107
95.5886 108
95.5987 102
95.5987 103
95.6069 104
95.6069 105
95.6151 106
95.6151 107
95.6233 108
95.6252 103
95.6252 104
95.6356 105
95.6356 106
95.6438 107
95.6438 108
95.6517 103
95.6517 104
95.6602 105
95.6602 106
95.6684 107
95.6684 108
95.6782 102
95.6782 103
95.6864 104
95.6864 105
95.6946 106
95.6946 107
95.7028 108
95.7113 102
95.7113 103
95.7195 104
95.7195 105
95.7277 106
95.7277 107
95.7359 108
95.7378 102
95.7378 103
95.7482 104
95.7482 105
95.7564 106
95.7564 107
95.7646 108
95.7709 101
95.7709 102
95.7791 103
95.7791 104
95.7873 105
95.7873 106
95.7955 107
95.7955 108
95.804 102
95.804 103
95.8122 104
95.8122 105
95.8204 106
95.8204 107
95.8286 108
95.8305 103
95.8305 104
95.8409 105
95.8409 106
95.8491 107
95.8491 108
95.857 103
95.857 104
95.8655 105
95.8655 106
95.8737 107
95.8737 108
95.8835 102
95.8835 103
95.8917 104
95.8917 105
95.8999 106
95.8999 107
95.9081 108
95.91 102
95.91 103
95.9204 104
95.9204 105
95.9286 106
95.9286 107
95.9368 108
95.9409 103
95.9409 104
95.9491 105
95.9491 106
95.9573 107
95.9573 108
95.9674 103
95.9674 104
95.9756 105
95.9756 106
95.9838 107
95.9838 108
95.9939 102
95.9939 103
96.0021 104
96.0021 105
96.0103 106
96.0103 107
96.0185 108
96.0204 104
96.0204 105
96.0292 106
96.0292 107
96.0357 108
96.0469 101
96.0469 102
96.0535 103
96.0535 104
96.06 105
96.06 106
96.0666 107
96.0666 108
96.08 103
96.08 104
96.0866 105
96.0866 106
96.0932 107
96.0932 108
96.1065 102
96.1065 103
96.1131 104
96.1131 105
96.1196 106
96.1196 107
96.1262 108
96.1352 103
96.1352 104
96.1418 105
96.1418 106
96.1484 107
96.1484 108
96.1617 103
96.1617 104
96.1683 105
96.1683 106
96.1749 107
96.1749 108
96.1882 103
96.1882 104
96.1948 105
96.1948 106
96.2013 107
96.2013 108
96.2147 102
96.2147 103
96.2213 104
96.2213 105
96.2278 106
96.2278 107
96.2344 108
96.2412 103
96.2412 104
96.2522 105
96.2522 106
96.2631 107
96.2631 108
96.274 102
96.274 103
96.2849 104
96.2849 105
96.2959 106
96.2959 107
96.3068 101
96.3068 102
96.3177 103
96.3177 104
96.3286 105
96.3286 106
96.3396 100
96.3396 101
96.3505 102
96.3505 103
96.3614 98
96.3614 99
96.3723 100
96.3833 101
96.3833 102
96.3942 96
96.3942 97
96.4051 98
96.4051 99
96.416 100
96.427 95
96.427 96
96.4379 97
96.4379 98
96.4488 93
96.4488 94
96.4597 95
96.4597 96
96.4707 97
96.4707 98
96.4816 93
96.4816 94
96.4898 95
96.4898 96
96.498 97
96.498 98
96.5062 94
96.5062 95
96.5144 96
96.5144 97
96.5226 98
96.5226 99
96.5308 93
96.5308 94
96.539 95
96.539 96
96.5471 97
96.5471 98
96.5553 93
96.5553 94
96.5635 95
96.5635 96
96.5717 97
96.5717 98
96.5799 99
96.5881 95
96.5881 96
96.5963 97
96.5963 98
96.6045 99
96.6127 94
96.6127 95
96.6209 96
96.6209 97
96.6291 98
96.6291 99
96.6365 94
96.6365 95
96.6455 96
96.6455 97
96.6537 98
96.6537 99
96.6619 100
96.6701 96
96.6701 97
96.6783 98
96.6783 99
96.6864 94
96.6864 95
96.6946 96
96.6946 97
96.7028 98
96.7028 99
96.711 100
96.7192 95
96.7192 96
96.7274 97
96.7274 98
96.7356 99
96.7438 100
96.7438 101
96.752 96
96.752 97
96.7602 98
96.7602 99
96.7684 100
96.7766 96
96.7766 97
96.7848 98
96.7848 99
96.793 100
96.8012 97
96.8012 98
96.8094 99
96.8176 100
96.8176 101
96.8257 102
96.8257 103
96.8339 99
96.8421 100
96.8421 101
96.8503 102
96.8503 103
96.8585 97
96.8585 98
96.8667 99
96.8749 100
96.8749 101
96.8831 102
96.8831 103
96.8913 99
96.8995 100
96.8995 101
96.9077 102
96.9077 103
96.9159 98
96.9159 99
96.9241 100
96.9323 101
96.9323 102
96.9405 103
96.9405 104
96.9487 100
96.9487 101
96.9568 102
96.9568 103
96.965 104
96.965 105
96.9732 100
96.9732 101
96.9814 102
96.9814 103
96.9896 104
96.9896 105
96.9978 100
96.9978 101
97.006 102
97.006 103
97.0142 104
97.0142 105
97.0224 100
97.0224 101
97.0306 102
97.0306 103
97.0388 104
97.0388 105
97.047 106
97.047 107
97.0552 102
97.0552 103
97.0634 104
97.0634 105
97.0716 106
97.0716 107
97.0798 102
97.0798 103
97.088 104
97.088 105
97.0961 106
97.0961 107
97.1043 102
97.1043 103
97.1125 104
97.1125 105
97.1207 106
97.1207 107
97.1289 101
97.1289 102
97.1371 103
97.1371 104
97.1453 105
97.1453 106
97.1531 101
97.1531 102
97.1617 103
97.1617 104
97.1699 105
97.1699 106
97.1781 107
97.1781 108
97.1863 102
97.1863 103
97.1945 104
97.1945 105
97.2027 106
97.2027 107
97.2109 108
97.2127 103
97.2127 104
97.2234 105
97.2393 100
97.2393 101
97.2477 102
97.2477 103
97.2561 104
97.2561 105
97.2657 100
97.2657 101
97.2741 102
97.2741 103
97.2825 104
97.2825 105
97.2922 100
97.2922 101
97.3006 102
97.3006 103
97.309 104
97.309 105
97.3187 100
97.3187 101
97.3271 102
97.3271 103
97.3355 104
97.3355 105
97.3452 99
97.3536 100
97.3536 101
97.362 102
97.362 103
97.3704 104
97.3704 105
97.3788 100
97.3788 101
97.3872 102
97.3872 103
97.3956 104
97.3956 105
97.404 100
97.404 101
97.4124 102
97.4124 103
97.4208 104
97.4208 105
97.4291 100
97.4291 101
97.4377 102
97.4377 103
97.4461 104
97.4461 105
97.4556 100
97.4556 101
97.464 102
97.464 103
97.4724 104
97.4724 105
97.4821 100
97.4821 101
97.4905 102
97.4905 103
97.4989 104
97.4989 105
97.5086 100
97.5086 101
97.517 102
97.517 103
97.5254 104
97.5254 105
97.5351 100
97.5351 101
97.5435 102
97.5435 103
97.5519 104
97.5519 105
97.5616 100
97.5616 101
97.57 102
97.57 103
97.5784 104
97.5784 105
97.5881 100
97.5881 101
97.5965 102
97.5965 103
97.6049 104
97.6049 105
97.6146 100
97.6146 101
97.623 102
97.623 103
97.6314 104
97.6314 105
97.6411 99
97.6495 100
97.6495 101
97.6579 102
97.6579 103
97.6663 104
97.6663 105
97.6747 99
97.6747 100
97.6831 101
97.6831 102
97.6915 103
97.6915 104
97.6999 99
97.6999 100
97.7083 101
97.7083 102
97.725 99
97.7334 100
97.7334 101
97.7418 102
97.7559 98
97.7559 99
97.7643 100
97.7727 101
97.7727 102
97.7824 98
97.7824 99
97.7908 100
97.7992 101
97.7992 102
97.8111 98
97.8111 99
97.8195 100
97.8279 101
97.8279 102
97.8376 97
97.8376 98
97.846 99
97.8544 100
97.8544 101
97.8628 102
97.8641 97
97.8641 98
97.8737 99
97.8805 100
97.8805 101
97.8872 102
97.8972 98
97.8972 99
97.9039 100
97.9107 101
97.9107 102
97.9259 98
97.9259 99
97.9326 100
97.9394 101
97.9394 102
97.9524 98
97.9524 99
97.9591 100
97.9659 101
97.9659 102
97.9789 98
97.9789 99
97.9856 100
97.9924 101
97.9924 102
98.0076 96
98.0076 97
98.0144 98
98.0144 99
98.0211 100
98.0278 101
98.0278 102
98.0385 98
98.0385 99
98.0453 100
98.052 101
98.052 102
98.0672 98
98.0672 99
98.074 100
98.0807 101
98.0807 102
98.0937 98
98.0937 99
98.1049 100
98.1161 101
98.1161 102
98.1273 98
98.1273 99
98.1385 100
98.1489 94
98.1489 95
98.1609 96
98.1609 97
98.1721 98
98.1721 99
98.1834 94
98.1834 95
98.1946 96
98.1946 97
98.2058 98
98.2058 99
98.217 94
98.217 95
98.2282 96
98.2282 97
98.2394 93
98.2394 94
98.2506 95
98.2506 96
98.2618 97
98.2618 98
98.273 93
98.273 94
98.2842 95
98.2842 96
98.2954 97
98.2954 98
98.3066 93
98.3066 94
98.3178 95
98.3178 96
98.329 91
98.329 92
98.3374 93
98.3374 94
98.3458 95
98.3458 96
98.3542 90
98.3542 91
98.3626 92
98.3626 93
98.371 94
98.371 95
98.3794 96
98.3794 97
98.3878 91
98.3878 92
98.3962 93
98.3962 94
98.4046 95
98.4046 96
98.413 97
98.413 98
98.4214 92
98.4214 93
98.4298 94
98.4298 95
98.4382 96
98.4382 97
98.4466 93
98.4466 94
98.455 95
98.455 96
98.4634 97
98.4634 98
98.4718 94
98.4718 95
98.4802 96
98.4802 97
98.4886 98
98.4886 99
98.497 94
98.497 95
98.5054 96
98.5054 97
98.5138 98
98.5138 99
98.5222 93
98.5222 94
98.5306 95
98.5306 96
98.539 97
98.539 98
98.5474 93
98.5474 94
98.5558 95
98.5558 96
98.5642 97
98.5642 98
98.5726 99
99.0388 0
99.0388 1
99.0388 2
99.0388 3
99.0388 4
99.2661 0
99.2661 1
99.2661 2
99.2661 3
99.2661 4
99.2661 5
99.2661 6
99.2661 7
99.2661 8
99.2661 9
99.2709 10
99.2709 11
99.2793 12
99.2878 13
99.2878 14
99.2962 15
99.2962 16
99.3046 17
99.3046 18
99.313 19
99.313 20
99.3214 21
99.3214 22
99.3298 23
99.3382 24
99.3382 25
99.3466 26
99.3466 27
99.355 28
99.355 29
99.3634 30
99.3634 31
99.3718 32
99.3718 33
99.3802 34
99.3802 35
99.3886 36
99.397 37
99.397 38
99.4054 39
99.4054 40
99.4138 41
99.4138 42
99.4222 43
99.4222 44
99.4306 45
99.4306 46
99.439 47
99.439 48
99.4474 49
99.4558 50
99.4558 51
99.4642 52
99.4642 53
99.4726 54
99.4726 55
99.481 56
99.481 57
99.4894 58
99.4894 59
99.4978 52
99.5062 53
99.5062 54
99.5146 55
99.5146 56
99.523 52
99.523 53
99.5314 54
99.5314 55
99.5398 56
99.5398 57
99.5482 54
99.5482 55
99.5566 56
99.5566 57
99.565 58
99.565 59
99.5734 54
99.5734 55
99.5818 56
99.5818 57
99.5902 58
99.5902 59
99.5986 60
99.5986 61
99.607 62
99.6154 58
99.6154 59
99.6238 60
99.6238 61
99.6322 62
99.6406 63
99.6406 64
99.649 60
99.649 61
99.6574 62
99.6658 63
99.6658 64
99.6742 65
99.6742 66
99.6826 67
99.6826 68
99.691 63
99.691 64
99.6994 65
99.6994 66
99.7078 67
99.7078 68
99.7162 69
99.7162 70
99.7247 67
99.7247 68
99.7331 69
99.7331 70
99.7415 71
99.7415 72
99.7489 67
99.7489 68
99.7583 69
99.7583 70
99.7667 71
99.7667 72
99.7751 73
99.7751 74
99.7835 75
99.7919 71
99.7919 72
99.8003 73
99.8003 74
99.8087 75
99.8171 76
99.8171 77
99.8255 73
99.8255 74
99.8339 75
99.8423 76
99.8423 77
99.8507 78
99.8507 79
99.8591 74
99.8591 75
99.8675 76
99.8675 77
99.8759 78
99.8759 79
99.8843 74
99.8843 75
99.8927 76
99.8927 77
99.9011 78
99.9011 79
99.9095 80
99.9095 81
99.9179 76
99.9179 77
99.9263 78
99.9263 79
99.9347 80
99.9347 81
99.9431 82
99.9431 83
99.9515 78
99.9515 79
99.9599 80
99.9599 81
99.9683 82
99.9683 83
99.9767 84
99.9767 85
99.9851 80
99.9851 81
99.9935 82
99.9935 83
100.002 84
100.002 85
100.01 86
100.019 82
100.019 83
100.027 84
100.027 85
100.036 86
100.044 84
100.044 85
100.052 86
100.061 87
100.061 88
100.069 84
100.069 85
100.078 86
100.086 87
100.086 88
100.094 89
100.094 90
100.103 86
100.111 87
100.111 88
100.12 89
100.12 90
100.128 91
100.128 92
100.136 87
100.136 88
100.145 89
100.145 90
100.153 91
100.153 92
100.162 93
100.162 94
100.17 91
100.17 92
100.178 93
100.178 94
100.187 95
100.187 96
100.195 91
100.195 92
100.204 93
100.204 94
100.212 95
100.212 96
100.22 91
100.22 92
100.229 93
100.229 94
100.237 95
100.237 96
100.246 97
100.246 98
100.254 95
100.254 96
100.262 97
100.262 98
100.271 99
100.279 95
100.279 96
100.288 97
100.288 98
100.296 99
100.304 93
100.304 94
100.313 95
100.313 96
100.321 97
100.321 98
100.33 99
100.338 97
100.338 98
100.346 99
100.355 100
100.355 101
100.363 97
100.363 98
100.372 99
100.38 100
100.38 101
100.388 102
100.388 103
100.397 99
100.405 100
100.405 101
100.414 102
100.414 103
100.422 99
100.43 100
100.43 101
100.439 102
100.439 103
100.447 104
100.447 105
100.456 100
100.456 101
100.462 102
100.462 103
100.469 104
100.469 105
100.476 106
100.476 107
100.483 102
100.483 103
100.489 104
100.489 105
100.496 106
100.496 107
100.503 108
100.503 109
100.511 104
100.511 105
100.517 106
100.517 107
100.524 108
100.524 109
100.537 104
100.537 105
100.544 106
100.544 107
100.551 108
100.551 109
100.568 104
100.568 105
100.575 106
100.575 107
100.581 108
100.581 109
100.599 104
100.599 105
100.606 106
100.606 107
100.612 108
100.612 109
100.63 104
100.63 105
100.637 106
100.637 107
100.643 108
100.643 109
100.656 106
100.656 107
100.663 108
100.663 109
100.67 107
100.67 108
100.677 106
100.677 107
100.691 106
100.691 107
100.702 105
100.704 104
100.715 103
100.729 102
100.729 103
100.74 100
100.74 101
100.751 102
100.771 97
100.771 98
100.782 99
100.794 100
100.794 101
100.805 97
100.805 98
100.816 99
100.827 94
100.827 95
100.838 96
100.838 97
100.85 98
100.85 99
100.861 92
100.861 93
100.872 94
100.872 95
100.883 96
100.883 97
100.894 92
100.894 93
100.906 94
100.906 95
100.917 96
100.917 97
100.928 90
100.928 91
100.936 92
100.936 93
100.945 89
100.945 90
100.953 88
100.953 89
100.962 90
100.962 91
100.969 87
100.969 88
100.978 86
100.978 87
100.987 88
100.987 89
100.995 87
100.995 88
101.004 86
101.004 87
101.012 88
101.012 89
101.02 90
101.02 91
101.029 86
101.029 87
101.037 88
101.037 89
101.046 90
101.046 91
101.054 86
101.054 87
101.062 88
101.062 89
101.071 90
101.071 91
101.079 92
101.079 93
101.088 88
101.088 89
101.096 90
101.096 91
101.104 92
101.104 93
101.113 88
101.113 89
101.121 90
101.121 91
101.13 92
101.13 93
101.138 94
101.138 95
101.146 90
101.146 91
101.155 92
101.155 93
101.163 94
101.163 95
101.172 91
101.172 92
101.18 91
101.18 92
101.189 93
101.189 94
101.197 92
101.197 93
101.206 94
101.206 95
101.215 96
101.215 97
101.223 93
101.223 94
101.232 95
101.232 96
101.24 97
101.24 98
101.248 94
101.248 95
101.258 96
101.258 97
101.266 98
101.266 99
101.275 94
101.275 95
101.283 96
101.283 97
101.292 98
101.292 99
101.301 100
101.309 97
101.309 98
101.318 99
101.326 100
101.326 101
101.335 97
101.335 98
101.344 99
101.352 100
101.352 101
101.361 97
101.361 98
101.369 99
101.378 100
101.378 101
101.387 102
101.387 103
101.395 97
101.395 98
101.404 99
101.412 100
101.412 101
101.421 96
101.421 97
101.43 98
101.43 99
101.438 100
101.447 97
101.447 98
101.455 99
101.464 100
101.464 101
101.473 102
101.473 103
101.481 99
101.49 100
101.49 101
101.498 102
101.498 103
101.507 99
101.516 100
101.516 101
101.524 102
101.524 103
101.533 99
101.541 100
101.541 101
101.55 102
101.55 103
101.558 97
101.558 98
101.567 99
101.576 100
101.576 101
101.584 102
101.584 103
101.593 98
101.593 99
101.601 100
101.61 101
101.61 102
101.619 103
101.619 104
101.627 99
101.627 100
101.636 101
101.636 102
101.644 103
101.644 104
101.653 99
101.653 100
101.662 101
101.662 102
101.67 103
101.67 104
101.679 99
101.679 100
101.687 101
101.687 102
101.696 103
101.696 104
101.705 100
101.705 101
101.713 102
101.713 103
101.722 104
101.722 105
101.73 100
101.73 101
101.739 102
101.739 103
101.748 104
101.748 105
101.756 106
101.758 101
101.758 102
101.769 103
101.769 104
101.778 105
101.778 106
101.789 101
101.789 102
101.798 103
101.798 104
101.806 105
101.806 106
101.82 101
101.82 102
101.829 103
101.829 104
101.837 105
101.837 106
101.851 101
101.851 102
101.859 101
101.859 102
101.868 103
101.877 101
101.877 102
101.906 98
101.906 99
101.915 100
101.923 101
101.923 102
101.933 96
101.933 97
101.941 98
101.941 99
101.95 100
101.958 101
101.958 102
101.967 97
101.967 98
101.976 99
101.984 100
101.984 101
101.993 97
101.993 98
102.001 99
102.01 100
102.01 101
102.019 97
102.019 98
102.027 99
102.036 100
102.036 101
102.044 98
102.044 99
102.053 100
102.062 101
102.062 102
102.069 97
102.069 98
102.079 99
102.087 100
102.087 101
102.096 102
102.096 98
102.096 99
102.109 100
102.117 101
102.117 102
102.126 97
102.126 98
102.135 99
102.143 100
102.143 101
102.152 102
102.156 97
102.156 98
102.165 99
102.173 97
102.173 98
102.182 96
102.182 97
102.19 98
102.19 99
102.199 100
102.208 101
102.211 97
102.211 98
102.221 99
102.229 100
102.229 101
102.237 97
102.237 98
102.246 99
102.255 100
102.255 101
102.264 97
102.264 98
102.272 99
102.281 100
102.281 101
102.29 96
102.29 97
102.299 98
102.299 99
102.307 100
102.316 101
102.326 97
102.326 98
102.332 99
102.339 100
102.339 101
102.357 97
102.357 98
102.363 99
102.37 100
102.37 101
102.387 99
102.394 100
102.394 101
102.401 102
102.401 103
102.408 104
102.408 105
102.415 100
102.415 101
102.422 102
102.422 103
102.429 104
102.429 105
102.436 106
102.44 100
102.44 101
102.447 102
102.447 103
102.454 104
102.454 105
102.461 106
102.467 102
102.467 103
102.474 104
102.474 105
102.481 106
102.493 99
102.493 100
102.5 101
102.5 102
102.507 103
102.507 104
102.514 105
102.514 106
102.524 101
102.524 102
102.531 103
102.531 104
102.538 105
102.538 106
102.553 99
102.553 100
102.565 101
102.565 102
102.576 103
102.576 104
102.587 98
102.587 99
102.599 100
102.61 101
102.61 102
102.622 97
102.622 98
102.633 99
102.645 94
102.645 95
102.656 96
102.656 97
102.668 98
102.668 99
102.679 95
102.679 96
102.691 97
102.691 98
102.702 93
102.702 94
102.714 95
102.714 96
102.725 97
102.725 98
102.736 91
102.736 92
102.748 93
102.748 94
102.758 89
102.758 90
102.771 91
102.771 92
102.782 93
102.782 94
102.794 87
102.794 88
102.802 89
102.802 90
102.811 91
102.811 92
102.82 88
102.82 89
102.828 90
102.828 91
102.837 92
102.837 93
102.845 94
102.845 95
102.853 88
102.853 89
102.863 90
102.863 91
102.871 92
102.871 93
102.88 94
102.88 95
102.888 89
102.888 90
102.897 91
102.897 92
102.905 93
102.905 94
102.914 90
102.914 91
102.923 92
102.923 93
102.931 94
102.931 95
102.939 89
102.939 90
102.948 91
102.948 92
102.957 93
102.957 94
102.966 95
102.966 96
102.974 91
102.974 92
102.983 93
102.983 94
102.991 95
102.991 96
103 97
103 98
103.009 92
103.009 93
103.017 94
103.017 95
103.026 96
103.026 97
103.034 91
103.034 92
103.043 93
103.043 94
103.052 95
103.052 96
103.06 91
103.06 92
103.069 93
103.069 94
103.077 95
103.077 96
103.086 97
103.086 98
103.095 91
103.095 92
103.103 93
103.103 94
103.112 95
103.112 96
103.12 97
103.12 98
103.129 93
103.129 94
103.138 95
103.138 96
103.146 97
103.146 98
103.155 93
103.155 94
103.163 95
103.163 96
103.172 97
103.172 98
103.181 99
103.189 95
103.189 96
103.198 97
103.198 98
103.206 99
103.215 100
103.215 101
103.224 98
103.224 99
103.232 100
103.241 101
103.241 102
103.249 99
103.258 100
103.258 101
103.267 102
103.267 103
103.275 99
103.284 100
103.284 101
103.292 102
103.292 103
103.301 99
103.301 100
103.31 101
103.31 102
103.318 103
103.318 104
103.326 99
103.326 100
103.335 101
103.335 102
103.344 103
103.344 104
103.352 100
103.352 101
103.362 102
103.362 103
103.37 104
103.37 105
103.381 100
103.381 101
103.39 102
103.39 103
103.398 104
103.398 105
103.408 100
103.408 101
103.416 102
103.416 103
103.425 104
103.425 105
103.438 100
103.438 101
103.447 102
103.447 103
103.456 104
103.456 105
103.465 100
103.465 101
103.474 102
103.474 103
103.482 104
103.482 105
103.496 99
103.496 100
103.505 101
103.505 102
103.513 103
103.513 104
103.522 105
103.522 99
103.535 100
103.535 101
103.544 102
103.544 103
103.553 99
103.553 100
103.561 101
103.561 102
103.57 103
103.57 104
103.579 98
103.579 99
103.587 100
103.596 101
103.596 102
103.605 103
103.605 104
103.614 99
103.614 100
103.622 101
103.622 102
103.631 103
103.631 104
103.64 99
103.648 100
103.648 101
103.657 102
103.657 103
103.666 99
103.666 100
103.675 101
103.675 102
103.683 103
103.683 104
103.692 99
103.692 100
103.701 101
103.701 102
103.709 103
103.709 104
103.718 99
103.718 100
103.727 101
103.727 102
103.736 103
103.736 104
103.744 105
103.745 100
103.745 101
103.757 102
103.757 103
103.766 104
103.766 105
103.774 100
103.774 101
103.783 102
103.783 103
103.792 104
103.792 105
103.803 99
103.811 100
103.811 101
103.82 102
103.82 103
103.829 104
103.829 105
103.838 100
103.838 101
103.846 99
103.846 100
103.855 99
103.891 93
103.891 94
103.9 95
103.9 96
103.909 97
103.909 98
103.917 99
103.926 93
103.926 94
103.935 95
103.935 96
103.943 97
103.943 98
103.952 99
103.961 95
103.961 96
103.97 97
103.97 98
103.978 99
103.987 95
103.987 96
103.996 97
103.996 98
104.004 99
104.013 94
104.013 95
104.022 96
104.022 97
104.031 98
104.031 99
104.039 94
104.039 95
104.048 96
104.048 97
104.057 98
104.057 99
104.068 94
104.068 95
104.078 96
104.078 97
104.087 98
104.087 99
104.096 94
104.096 95
104.105 96
104.105 97
104.113 98
104.113 99
104.122 93
104.122 94
104.131 95
104.131 96
104.139 97
104.139 98
104.148 99
104.157 95
104.157 96
104.166 97
104.166 98
104.174 99
104.183 94
104.183 95
104.192 96
104.192 97
104.201 98
104.201 99
104.209 95
104.209 96
104.218 97
104.218 98
104.227 99
104.235 95
104.235 96
104.244 97
104.244 98
104.253 99
104.262 94
104.262 95
104.268 96
104.268 97
104.275 98
104.275 99
104.293 95
104.293 96
104.3 97
104.3 98
104.307 99
104.324 95
104.324 96
104.331 97
104.331 98
104.338 99
104.35 97
104.35 98
104.357 99
104.364 100
104.364 101
104.371 102
104.371 103
104.378 104
104.378 105
104.385 99
104.385 100
104.392 101
104.392 102
104.399 103
104.399 104
104.406 105
104.41 99
104.417 100
104.417 101
104.424 102
104.424 103
104.431 104
104.436 100
104.436 101
104.443 102
104.443 103
104.45 104
104.463 99
104.463 100
104.47 101
104.47 102
104.477 103
104.477 104
104.492 99
104.503 100
104.503 101
104.515 102
104.515 103
104.527 99
104.527 100
104.538 101
104.538 102
104.55 97
104.55 98
104.561 99
104.573 95
104.573 96
104.585 97
104.585 98
104.596 99
104.608 95
104.608 96
104.619 92
104.619 93
104.631 94
104.631 95
104.643 96
104.643 97
104.654 93
104.654 94
104.666 95
104.666 96
104.678 91
104.678 92
104.689 93
104.689 94
104.701 88
104.701 89
104.712 90
104.712 91
104.724 92
104.724 93
104.736 87
104.736 88
104.744 89
104.744 90
104.753 91
104.753 92
104.762 86
104.762 87
104.771 88
104.771 89
104.779 90
104.779 91
104.788 86
104.788 87
104.797 88
104.797 89
104.805 90
104.805 91
104.814 92
104.814 93
104.823 86
104.823 87
104.832 88
104.832 89
104.84 90
104.84 91
104.849 92
104.849 93
104.858 87
104.858 88
104.866 89
104.866 90
104.875 91
104.875 92
104.884 86
104.884 87
104.892 88
104.892 89
104.901 90
104.901 91
104.91 85
104.91 86
104.918 87
104.927 88
104.927 89
104.935 90
104.935 91
104.944 86
104.952 87
104.952 88
104.961 89
104.961 90
104.969 86
104.969 87
104.978 88
104.978 89
104.986 90
104.986 91
104.995 92
104.995 93
105.003 89
105.003 90
105.012 91
105.012 92
105.02 93
105.02 94
105.028 89
105.028 90
105.037 91
105.037 92
105.045 93
105.045 94
105.054 89
105.054 90
105.062 91
105.062 92
105.071 93
105.071 94
105.079 95
105.079 96
105.088 91
105.088 92
105.096 93
105.096 94
105.105 95
105.105 96
105.113 91
105.113 92
105.122 93
105.122 94
105.13 95
105.13 96
105.139 97
105.139 98
105.147 99
105.156 95
105.156 96
105.164 97
105.164 98
105.173 99
105.181 95
105.181 96
105.19 97
105.19 98
105.198 99
105.207 100
105.207 101
105.215 97
105.215 98
105.224 99
105.232 100
105.232 101
105.241 97
105.241 98
105.249 99
105.258 100
105.258 101
105.266 97
105.266 98
105.275 99
105.283 100
105.283 101
105.292 102
105.292 103
105.3 99
105.309 100
105.309 101
105.317 102
105.317 103
105.326 98
105.326 99
105.334 100
105.343 101
105.343 102
105.351 98
105.351 99
105.36 100
105.368 101
105.368 102
105.376 97
105.376 98
105.385 99
105.393 100
105.393 101
105.401 96
105.401 97
105.41 98
105.41 99
105.419 100
105.427 101
105.427 102
105.436 99
105.444 100
105.444 101
105.453 102
105.453 103
105.461 99
105.47 100
105.47 101
105.478 102
105.478 103
105.487 99
105.495 100
105.495 101
105.504 102
105.504 103
105.512 97
105.512 98
105.521 99
105.529 100
105.529 101
105.538 102
105.538 103
105.546 99
105.555 100
105.555 101
105.563 102
105.563 103
105.572 99
105.58 100
105.58 101
105.589 102
105.589 103
105.597 104
105.597 105
105.606 100
105.606 101
105.614 102
105.614 103
105.623 104
105.623 105
105.631 100
105.631 101
105.64 102
105.64 103
105.648 104
105.648 105
105.657 100
105.657 101
105.665 102
105.665 103
105.674 104
105.674 105
105.682 100
105.682 101
105.691 102
105.691 103
105.699 104
105.699 105
105.708 106
105.71 99
105.71 100
105.72 101
105.72 102
105.729 103
105.729 104
105.737 105
105.737 106
105.746 101
105.746 102
105.754 103
105.754 104
105.763 105
105.763 106
105.775 101
105.775 102
105.783 103
105.783 104
105.791 105
105.791 106
105.803 99
105.803 100
105.812 101
105.812 102
105.82 103
105.82 104
105.829 105
105.829 106
105.839 100
105.839 101
105.847 102
105.847 103
105.856 104
105.856 105
105.864 106
105.865 100
105.865 101
105.877 102
105.877 103
105.885 104
105.885 105
105.894 106
105.9 101
105.9 102
105.909 103
105.909 104
105.917 105
105.917 106
105.927 101
105.927 102
105.935 103
105.935 104
105.944 105
105.944 106
105.956 99
105.956 100
105.964 101
105.964 102
105.973 103
105.973 104
105.981 105
105.981 106
105.99 101
105.99 102
105.998 103
105.998 104
106.006 105
106.006 106
106.015 101
106.015 102
106.024 103
106.024 104
106.032 105
106.032 106
106.042 100
106.042 101
106.05 102
106.05 103
106.059 104
106.059 105
106.067 106
106.068 102
106.068 103
106.08 104
106.08 105
106.088 106
106.095 101
106.095 102
106.103 103
106.103 104
106.112 105
106.112 106
106.121 101
106.121 102
106.13 103
106.13 104
106.138 101
106.138 102
106.147 103
106.155 101
106.155 102
106.181 97
106.181 98
106.188 99
106.194 100
106.194 101
106.201 102
106.207 98
106.207 99
106.214 100
106.221 101
106.221 102
106.238 98
106.238 99
106.245 100
106.252 101
106.252 102
106.265 97
106.265 98
106.271 99
106.278 100
106.278 101
106.285 102
106.291 99
106.298 100
106.298 101
106.305 102
106.318 98
106.318 99
106.324 100
106.331 101
106.331 102
106.346 97
106.346 98
106.353 99
106.36 100
106.36 101
106.367 102
106.373 98
106.373 99
106.38 100
106.386 101
106.386 102
106.402 99
106.42 98
106.42 99
106.442 100
106.442 101
106.454 95
106.454 96
106.465 97
106.465 98
106.476 99
106.488 95
106.488 96
106.499 97
106.499 98
106.51 93
106.51 94
106.522 95
106.522 96
106.533 97
106.533 98
106.544 92
106.544 93
106.556 94
106.556 95
106.567 89
106.567 90
106.578 91
106.578 92
106.589 93
106.589 94
106.601 87
106.601 88
106.612 89
106.612 90
106.623 91
106.623 92
106.635 86
106.643 87
106.643 88
106.652 89
106.652 90
106.66 91
106.66 92
106.669 93
106.669 94
106.677 88
106.677 89
106.686 90
106.686 91
106.694 92
106.694 93
106.703 88
106.703 89
106.711 90
106.711 91
106.72 92
106.72 93
106.728 94
106.728 95
106.737 90
106.737 91
106.745 92
106.745 93
106.754 94
106.754 95
106.762 89
106.762 90
106.771 91
106.771 92
106.779 93
106.779 94
106.788 95
106.788 96
106.796 90
106.796 91
106.804 92
106.804 93
106.813 94
106.813 95
106.821 90
106.821 91
106.83 92
106.83 93
106.838 94
106.838 95
106.847 89
106.847 90
106.855 91
106.855 92
106.864 93
106.864 94
106.872 89
106.872 90
106.881 91
106.881 92
106.889 90
106.889 91
106.898 92
106.898 93
106.906 94
106.906 95
106.915 91
106.915 92
106.923 93
106.923 94
106.932 95
106.932 96
106.94 97
106.94 98
106.949 93
106.949 94
106.957 95
106.957 96
106.966 97
106.966 98
106.974 94
106.974 95
106.983 96
106.983 97
106.991 98
106.991 99
107 95
107 96
107.008 97
107.008 98
107.017 99
107.025 95
107.025 96
107.034 97
107.034 98
107.042 99
107.051 100
107.051 101
107.059 97
107.059 98
107.068 99
107.076 100
107.076 101
107.085 96
107.085 97
107.093 98
107.093 99
107.102 100
107.11 97
107.11 98
107.119 99
107.127 100
107.127 101
107.135 97
107.135 98
107.144 99
107.152 100
107.152 101
107.161 102
107.161 103
107.169 97
107.169 98
107.178 99
107.186 100
107.186 101
107.195 102
107.195 103
107.203 97
107.203 98
107.212 99
107.22 100
107.22 101
107.229 102
107.229 103
107.237 99
107.246 100
107.246 101
107.254 102
107.254 103
107.263 98
107.263 99
107.271 100
107.28 101
107.28 102
107.288 99
107.297 100
107.297 101
107.305 102
107.305 103
107.314 99
107.322 100
107.322 101
107.331 102
107.331 103
107.339 99
107.348 100
107.348 101
107.356 102
107.356 103
107.364 98
107.364 99
107.373 100
107.382 101
107.382 102
107.39 103
107.39 104
107.399 99
107.399 100
107.407 101
107.407 102
107.416 103
107.416 104
107.424 99
107.424 100
107.433 101
107.433 102
107.441 103
107.441 104
107.45 100
107.45 101
107.458 102
107.458 103
107.467 104
107.467 105
107.475 99
107.475 100
107.484 101
107.484 102
107.492 103
107.492 104
107.501 100
107.501 101
107.509 102
107.509 103
107.517 104
107.517 105
107.526 100
107.526 101
107.534 102
107.534 103
107.543 104
107.543 105
107.551 106
107.552 101
107.552 102
107.564 103
107.564 104
107.573 105
107.573 106
107.581 100
107.581 101
107.59 102
107.59 103
107.598 104
107.598 105
107.607 106
107.607 102
107.607 103
107.619 104
107.619 105
107.628 106
107.634 101
107.634 102
107.642 103
107.642 104
107.651 105
107.651 106
107.662 101
107.662 102
107.671 103
107.671 104
107.679 105
107.679 106
107.689 101
107.689 102
107.697 103
107.697 104
107.706 105
107.706 106
107.715 101
107.715 102
107.724 103
107.724 104
107.732 105
107.732 106
107.742 101
107.742 102
107.75 103
107.75 104
107.759 105
107.759 106
107.771 100
107.771 101
107.779 102
107.779 103
107.788 104
107.788 105
107.796 106
107.797 102
107.797 103
107.809 104
107.809 105
107.817 106
107.824 101
107.824 102
107.832 103
107.832 104
107.84 105
107.84 106
107.85 100
107.85 101
107.859 102
107.859 103
107.867 104
107.867 105
107.875 106
107.877 102
107.877 103
107.888 104
107.888 105
107.897 106
107.905 101
107.905 102
107.914 103
107.914 104
107.922 105
107.922 106
107.932 99
107.932 100
107.94 101
107.94 102
107.949 103
107.949 104
107.957 105
107.957 106
107.966 101
107.966 102
107.974 103
107.974 104
107.983 105
107.983 106
107.991 100
107.991 101
108 102
108 103
108.008 104
108.008 105
108.017 106
108.018 101
108.018 102
108.03 103
108.03 104
108.038 105
108.038 106
108.047 101
108.047 102
108.055 103
108.055 104
108.063 105
108.063 106
108.073 101
108.073 102
108.08 103
108.08 104
108.087 105
108.087 106
108.1 100
108.1 101
108.106 102
108.106 103
108.113 104
108.113 105
108.12 106
108.126 101
108.126 102
108.133 103
108.133 104
108.14 105
108.14 106
108.146 104
108.146 105
108.153 106
108.16 104
108.16 105
108.186 99
108.186 100
108.192 101
108.192 102
108.199 103
108.199 104
108.206 105
108.212 99
108.212 100
108.219 101
108.219 102
108.226 103
108.226 104
108.233 105
108.243 99
108.243 100
108.25 101
108.25 102
108.257 103
108.257 104
108.263 105
108.27 101
108.27 102
108.276 103
108.276 104
108.283 105
108.296 99
108.296 100
108.303 101
108.303 102
108.31 103
108.31 104
108.316 105
108.323 100
108.323 101
108.334 102
108.334 103
108.345 104
108.345 105
108.356 99
108.368 100
108.368 101
108.379 102
108.379 103
108.39 98
108.39 99
108.402 100
108.413 95
108.413 96
108.424 97
108.424 98
108.436 99
108.447 96
108.447 97
108.458 98
108.458 99
108.47 94
108.47 95
108.481 96
108.481 97
108.492 98
108.492 99
108.504 93
108.504 94
108.515 95
108.515 96
108.526 90
108.526 91
108.538 92
108.538 93
108.549 94
108.549 95
108.56 91
108.56 92
108.569 93
108.569 94
108.577 95
108.577 96
108.586 91
108.586 92
108.594 93
108.594 94
108.603 95
108.603 96
108.611 90
108.611 91
108.62 92
108.62 93
108.628 94
108.628 95
108.636 88
108.636 89
108.645 90
108.645 91
108.654 92
108.654 93
108.662 94
108.662 95
108.671 90
108.671 91
108.679 92
108.679 93
108.688 94
108.688 95
108.696 90
108.696 91
108.705 92
108.705 93
108.713 94
108.713 95
108.721 96
108.721 97
108.73 92
108.73 93
108.738 94
108.738 95
108.747 96
108.747 97
108.755 91
108.755 92
108.764 93
108.764 94
108.772 95
108.772 96
108.781 90
108.781 91
108.789 92
108.789 93
108.798 94
108.798 95
108.806 96
108.806 97
108.815 91
108.815 92
108.823 93
108.823 94
108.832 95
108.832 96
108.84 97
108.84 98
108.849 91
108.849 92
108.857 93
108.857 94
108.866 95
108.866 96
108.874 97
108.874 98
108.883 93
108.883 94
108.891 95
108.891 96
108.9 97
108.9 98
108.908 93
108.908 94
108.917 95
108.917 96
108.925 97
108.925 98
108.934 99
108.942 96
108.942 97
108.951 98
108.951 99
108.959 100
108.968 97
108.968 98
108.976 99
108.985 100
108.985 101
108.993 97
108.993 98
109.002 99
109.01 100
109.01 101
109.018 97
109.018 98
109.027 99
109.036 100
109.036 101
109.044 102
109.044 103
109.053 99
109.061 100
109.061 101
109.069 102
109.069 103
109.078 97
109.078 98
109.086 99
109.095 100
109.095 101
109.103 102
109.103 103
109.112 99
109.12 100
109.12 101
109.129 102
109.129 103
109.137 98
109.137 99
109.146 100
109.154 101
109.154 102
109.163 99
109.171 100
109.171 101
109.18 102
109.18 103
109.188 98
109.188 99
109.197 100
109.205 101
109.205 102
109.214 103
109.214 104
109.222 99
109.231 100
109.231 101
109.239 102
109.239 103
109.248 99
109.256 100
109.256 101
109.265 102
109.265 103
109.273 99
109.282 100
109.282 101
109.29 102
109.29 103
109.299 99
109.307 100
109.307 101
109.316 102
109.316 103
109.324 104
109.324 105
109.333 100
109.333 101
109.341 102
109.341 103
109.35 104
109.35 105
109.358 99
109.358 100
109.367 101
109.367 102
109.375 103
109.375 104
109.384 100
109.384 101
109.392 102
109.392 103
109.401 104
109.401 105
109.409 100
109.409 101
109.418 102
109.418 103
109.426 104
109.426 105
109.434 99
109.434 100
109.443 101
109.443 102
109.451 103
109.451 104
109.46 100
109.46 101
109.468 102
109.468 103
109.477 104
109.477 105
109.486 100
109.486 101
109.495 102
109.495 103
109.503 104
109.503 105
109.814 43
109.963 2
109.967 3
109.972 4
109.994 3
109.998 4
110.19 2
110.19 3
110.199 4
110.199 5
110.207 6
110.207 7
110.216 8
110.216 9
110.224 8
110.224 9
110.233 10
110.233 11
110.241 12
110.241 13
110.25 14
110.258 15
110.258 16
110.267 17
110.267 18
110.275 19
110.275 20
110.284 21
110.284 22
110.292 23
110.292 24
110.301 25
110.309 26
110.309 27
110.318 28
110.318 29
110.326 30
110.326 31
110.335 32
110.335 33
110.343 34
110.343 35
110.352 36
110.352 37
110.36 38
110.369 39
110.369 40
110.377 41
110.377 42
110.386 43
110.386 44
110.394 45
110.394 46
110.403 47
110.403 48
110.411 49
110.411 50
110.42 51
110.428 47
110.428 48
110.437 49
110.437 50
110.445 51
110.453 47
110.453 48
110.462 49
110.462 50
110.47 51
110.479 52
110.479 53
110.487 49
110.487 50
110.496 51
110.504 52
110.504 53
110.513 54
110.513 55
110.521 50
110.521 51
110.53 52
110.53 53
110.538 54
110.538 55
110.547 56
110.547 57
110.555 52
110.555 53
110.564 54
110.564 55
110.572 56
110.572 57
110.581 58
110.581 59
110.589 56
110.589 57
110.598 58
110.598 59
110.606 60
110.606 61
110.615 58
110.615 59
110.623 60
110.623 61
110.632 62
110.64 58
110.64 59
110.649 60
110.649 61
110.657 62
110.665 58
110.665 59
110.674 60
110.674 61
110.683 62
110.691 63
110.691 64
110.7 65
110.7 66
110.708 62
110.717 63
110.717 64
110.725 65
110.725 66
110.734 62
110.742 63
110.742 64
110.751 65
110.751 66
110.759 67
110.759 68
110.768 63
110.768 64
110.776 65
110.776 66
110.785 67
110.785 68
110.793 69
110.793 70
110.802 65
110.802 66
110.81 67
110.81 68
110.819 69
110.819 70
110.827 65
110.827 66
110.836 67
110.836 68
110.844 69
110.844 70
110.852 67
110.852 68
110.861 69
110.861 70
110.87 71
110.87 72
110.878 73
110.878 74
110.887 69
110.887 70
110.895 71
110.895 72
110.904 73
110.904 74
110.912 69
110.912 70
110.921 71
110.921 72
110.929 70
110.929 71
110.938 72
110.938 73
110.947 74
110.955 71
110.955 72
110.964 73
110.964 74
110.972 75
110.981 73
110.981 74
110.989 75
110.998 76
110.998 77
111.006 78
111.006 79
111.015 74
111.015 75
111.023 76
111.023 77
111.032 78
111.032 79
111.04 74
111.04 75
111.049 76
111.049 77
111.057 78
111.057 79
111.066 80
111.066 81
111.074 76
111.074 77
111.083 78
111.083 79
111.091 80
111.091 81
111.1 82
111.1 83
111.108 78
111.108 79
111.117 80
111.117 81
111.125 82
111.125 83
111.134 84
111.134 85
111.142 80
111.142 81
111.151 82
111.151 83
111.159 84
111.159 85
111.168 81
111.168 82
111.176 83
111.176 84
111.185 85
111.185 86
111.193 81
111.193 82
111.202 83
111.202 84
111.211 85
111.211 86
111.219 81
111.219 82
111.228 83
111.228 84
111.236 85
111.236 86
111.245 81
111.245 82
111.253 83
111.253 84
111.262 85
111.262 86
111.27 81
111.27 82
111.279 83
111.279 84
111.287 85
111.287 86
111.296 87
111.304 83
111.304 84
111.313 85
111.313 86
111.321 87
111.33 83
111.33 84
111.338 85
111.338 86
111.347 87
111.355 83
111.355 84
111.364 85
111.364 86
111.372 87
111.381 84
111.381 85
111.388 86
111.394 87
111.394 88
111.401 89
111.401 90
111.408 86
111.415 87
111.415 88
111.422 89
111.422 90
111.429 91
111.429 92
111.435 87
111.435 88
111.442 89
111.442 90
111.449 91
111.449 92
111.456 93
111.456 94
111.463 89
111.463 90
111.469 91
111.469 92
111.476 93
111.476 94
111.483 95
111.483 96
111.49 91
111.49 92
111.497 93
111.497 94
111.503 95
111.503 96
111.51 97
111.51 98
111.517 99
111.524 95
111.524 96
111.531 97
111.531 98
111.538 99
111.544 95
111.544 96
111.551 97
111.551 98
111.558 99
111.565 100
111.565 101
111.572 102
111.572 103
111.578 99
111.585 100
111.585 101
111.592 102
111.592 103
111.599 99
111.61 100
111.61 101
111.622 102
111.622 103
111.633 99
111.644 100
111.644 101
111.656 97
111.656 98
111.667 99
111.678 100
111.678 101
111.69 97
111.69 98
111.701 99
111.711 95
111.711 96
111.724 97
111.724 98
111.735 99
111.746 95
111.746 96
111.758 97
111.758 98
111.769 93
111.769 94
111.78 95
111.78 96
111.792 97
111.792 98
111.803 93
111.803 94
111.815 95
111.815 96
111.826 97
111.826 98
111.837 93
111.837 94
111.846 95
111.846 96
111.854 89
111.854 90
111.863 91
111.863 92
111.871 93
111.871 94
111.88 95
111.88 96
111.888 91
111.888 92
111.897 93
111.897 94
111.905 95
111.905 96
111.914 97
111.914 98
111.922 91
111.922 92
111.931 93
111.931 94
111.939 95
111.939 96
111.948 91
111.948 92
111.956 93
111.956 94
111.965 95
111.965 96
111.974 90
111.974 91
111.982 92
111.982 93
111.991 94
111.991 95
111.998 89
111.998 90
112.008 91
112.008 92
112.016 93
112.016 94
112.025 95
112.025 96
112.033 90
112.033 91
112.042 92
112.042 93
112.05 94
112.05 95
112.059 90
112.059 91
112.067 92
112.067 93
112.076 94
112.076 95
112.084 90
112.084 91
112.093 92
112.093 93
112.101 94
112.101 95
112.109 91
112.109 92
112.118 93
112.118 94
112.127 95
112.127 96
112.135 97
112.135 98
112.144 93
112.144 94
112.152 95
112.152 96
112.161 97
112.161 98
112.169 99
112.178 95
112.178 96
112.186 97
112.186 98
112.195 99
112.203 95
112.203 96
112.212 97
112.212 98
112.22 99
112.229 100
112.229 101
112.237 99
112.246 100
112.246 101
112.255 102
112.255 103
112.263 99
112.272 100
112.272 101
112.28 102
112.28 103
112.288 99
112.288 100
112.297 101
112.297 102
112.306 103
112.314 99
112.323 100
112.323 101
112.331 102
112.331 103
112.341 99
112.349 100
112.349 101
112.358 102
112.358 103
112.367 99
112.376 100
112.376 101
112.384 102
112.384 103
112.394 99
112.402 100
112.402 101
112.411 102
112.411 103
112.42 99
112.429 100
112.429 101
112.437 102
112.437 103
112.447 99
112.447 100
112.455 101
112.455 102
112.464 103
112.473 99
112.482 100
112.482 101
112.49 102
112.49 103
112.504 98
112.504 99
112.513 100
112.521 101
112.521 102
112.53 103
112.531 99
112.542 100
112.542 101
112.551 102
112.551 103
112.559 98
112.559 99
112.568 100
112.576 101
112.576 102
112.585 103
112.588 99
112.598 100
112.598 101
112.606 102
112.606 103
112.614 98
112.614 99
112.623 100
112.632 101
112.632 102
112.64 103
112.641 99
112.653 100
112.653 101
112.662 102
112.662 103
112.67 99
112.679 100
112.679 101
112.687 102
112.687 103
112.696 99
112.696 100
112.704 101
112.704 102
112.713 103
112.723 99
112.731 100
112.731 101
112.74 102
112.74 103
112.749 99
112.758 100
112.758 101
112.766 102
112.766 103
112.78 99
112.789 100
112.789 101
112.797 99
112.806 100
112.806 101
112.814 102
112.814 103
112.822 99
112.822 100
112.831 101
112.831 102
112.84 103
112.851 99
112.859 100
112.859 101
112.868 102
112.868 103
112.877 98
112.877 99
112.886 100
112.894 101
112.894 102
112.903 103
112.904 99
112.916 100
112.916 101
112.924 102
112.924 103
112.932 99
112.941 98
112.941 99
112.972 94
112.972 95
112.981 96
112.981 97
112.989 98
112.989 99
112.999 95
112.999 96
113.007 97
113.007 98
113.016 99
113.027 93
113.027 94
113.036 95
113.036 96
113.044 97
113.044 98
113.053 99
113.058 92
113.058 93
113.067 94
113.067 95
113.075 96
113.075 97
113.084 98
113.084 99
113.092 93
113.092 94
113.101 95
113.101 96
113.109 97
113.109 98
113.118 99
113.12 91
113.12 92
113.131 93
113.131 94
113.139 95
113.139 96
113.148 97
113.148 98
113.155 93
113.155 94
113.163 95
113.163 96
113.17 97
113.17 98
113.177 99
113.182 92
113.182 93
113.189 94
113.189 95
113.196 96
113.196 97
113.202 98
113.202 99
113.213 94
113.213 95
113.22 96
113.22 97
113.226 98
113.226 99
113.239 94
113.239 95
113.246 96
113.246 97
113.253 98
113.253 99
113.266 95
113.266 96
113.273 97
113.273 98
113.279 99
113.295 94
113.295 95
113.301 96
113.301 97
113.308 98
113.308 99
113.321 93
113.321 94
113.328 95
113.328 96
113.335 97
113.335 98
113.341 99
113.35 94
113.35 95
113.357 96
113.357 97
113.363 98
113.363 99
113.378 92
113.378 93
113.39 94
113.39 95
113.401 96
113.401 97
113.412 92
113.412 93
113.424 94
113.424 95
113.435 92
113.435 93
113.447 94
113.447 95
113.458 96
113.458 97
113.469 93
113.469 94
113.481 95
113.481 96
113.492 90
113.492 91
113.503 92
113.503 93
113.515 94
113.515 95
113.526 89
113.526 90
113.537 91
113.537 92
113.548 86
113.56 87
113.56 88
113.571 89
113.571 90
113.583 85
113.583 86
113.594 87
113.606 88
113.606 89
113.617 83
113.617 84
113.625 85
113.625 86
113.634 87
113.642 82
113.642 83
113.651 84
113.651 85
113.659 86
113.668 81
113.668 82
113.676 83
113.676 84
113.685 85
113.685 86
113.694 82
113.694 83
113.702 84
113.702 85
113.711 86
113.718 81
113.718 82
113.728 83
113.728 84
113.736 85
113.736 86
113.745 87
113.753 83
113.753 84
113.762 85
113.762 86
113.77 87
113.778 82
113.778 83
113.787 84
113.787 85
113.796 86
113.804 87
113.804 88
113.813 84
113.813 85
113.821 86
113.83 87
113.83 88
113.838 84
113.838 85
113.847 86
113.855 87
113.855 88
113.864 89
113.864 90
113.872 86
113.881 87
113.881 88
113.889 89
113.889 90
113.897 86
113.906 87
113.906 88
113.915 89
113.915 90
113.923 91
113.923 92
113.932 89
113.932 90
113.94 91
113.94 92
113.949 93
113.949 94
113.958 89
113.958 90
113.966 91
113.966 92
113.975 93
113.975 94
113.983 95
113.983 96
113.992 91
113.992 92
114 93
114 94
114.009 95
114.009 96
114.017 91
114.017 92
114.026 93
114.026 94
114.034 95
114.034 96
114.043 97
114.043 98
114.051 93
114.051 94
114.06 95
114.06 96
114.068 97
114.068 98
114.076 93
114.076 94
114.085 95
114.085 96
114.094 97
114.094 98
114.102 99
114.111 93
114.111 94
114.119 95
114.119 96
114.128 97
114.128 98
114.136 99
114.145 94
114.145 95
114.153 96
114.153 97
114.162 98
114.162 99
114.17 94
114.17 95
114.179 96
114.179 97
114.187 98
114.187 99
114.196 95
114.196 96
114.204 97
114.204 98
114.213 99
114.222 100
114.222 101
114.23 97
114.23 98
114.239 99
114.247 100
114.247 101
114.256 96
114.256 97
114.264 98
114.264 99
114.273 100
114.281 96
114.281 97
114.29 98
114.29 99
114.298 100
114.307 95
114.307 96
114.315 97
114.315 98
114.324 99
114.332 100
114.332 101
114.341 95
114.341 96
114.349 97
114.349 98
114.358 99
114.366 100
114.366 101
114.374 95
114.374 96
114.383 97
114.383 98
114.392 99
114.4 100
114.4 101
114.409 102
114.409 103
114.417 99
114.426 100
114.426 101
114.434 102
114.434 103
114.443 99
114.451 100
114.451 101
114.46 102
114.46 103
114.469 99
114.478 100
114.478 101
114.486 102
114.486 103
114.496 99
114.504 100
114.504 101
114.513 102
114.513 103
114.527 99
114.535 100
114.535 101
114.544 102
114.544 103
114.553 99
114.562 100
114.562 101
114.57 102
114.57 103
114.58 97
114.58 98
114.588 99
114.597 100
114.597 101
114.605 102
114.605 103
114.614 99
114.622 100
114.622 101
114.631 102
114.631 103
114.641 99
114.65 100
114.65 101
114.658 102
114.658 103
114.668 99
114.676 100
114.676 101
114.685 102
114.685 103
114.699 99
114.707 100
114.707 101
114.716 102
114.716 103
114.728 99
114.736 100
114.736 101
114.745 102
114.745 103
114.754 99
114.763 100
114.763 101
114.771 102
114.771 103
114.783 99
114.791 100
114.791 101
114.8 102
114.8 103
114.809 97
114.809 98
114.818 99
114.826 100
114.826 101
114.835 102
114.835 103
114.843 99
114.867 94
114.867 95
114.875 96
114.875 97
114.884 98
114.884 99
114.893 92
114.893 93
114.902 94
114.902 95
114.911 96
114.911 97
114.92 98
114.92 99
114.929 94
114.929 95
114.938 96
114.938 97
114.946 98
114.946 99
114.955 94
114.955 95
114.964 96
114.964 97
114.973 98
114.973 99
114.981 92
114.981 93
114.989 94
114.989 95
114.996 96
114.996 97
115.003 98
115.003 99
115.015 94
115.015 95
115.022 96
115.022 97
115.029 98
115.029 99
115.041 92
115.041 93
115.048 94
115.048 95
115.055 96
115.055 97
115.062 98
115.062 99
115.069 100
115.076 95
115.076 96
115.083 97
115.083 98
115.09 99
115.097 100
115.103 97
115.103 98
115.11 99
115.117 100
115.132 96
115.132 97
115.139 98
115.139 99
115.146 100
115.158 96
115.158 97
115.165 98
115.165 99
115.172 100
115.185 96
115.185 97
115.192 98
115.192 99
115.199 100
115.211 97
115.211 98
115.223 99
115.234 100
115.238 96
115.238 97
115.252 98
115.252 99
115.263 100
115.275 97
115.275 98
115.287 99
115.298 95
115.298 96
115.31 97
115.31 98
115.321 93
115.321 94
115.333 95
115.333 96
115.345 93
115.345 94
115.356 95
115.356 96
115.368 97
115.368 98
115.38 93
115.38 94
115.391 95
115.391 96
115.403 91
115.403 92
115.414 93
115.414 94
115.426 90
115.426 91
115.438 92
115.438 93
115.449 94
115.449 95
115.461 90
115.461 91
115.47 92
115.47 93
115.478 86
115.478 87
115.487 88
115.487 89
115.496 90
115.496 91
115.504 92
115.504 93
115.513 88
115.513 89
115.522 90
115.522 91
115.531 92
115.531 93
115.539 88
115.539 89
115.548 90
115.548 91
115.557 92
115.557 93
115.565 86
115.565 87
115.574 88
115.574 89
115.583 90
115.583 91
115.592 92
115.592 93
115.6 87
115.6 88
115.609 89
115.609 90
115.618 91
115.618 92
115.626 87
115.626 88
115.635 89
115.635 90
115.644 91
115.644 92
115.653 88
115.653 89
115.661 90
115.661 91
115.67 92
115.67 93
115.679 86
115.679 87
115.687 88
115.687 89
115.696 90
115.696 91
115.705 92
115.705 93
115.714 89
115.714 90
115.722 91
115.722 92
115.731 93
115.731 94
115.739 91
115.739 92
115.748 93
115.748 94
115.757 95
115.757 96
115.765 91
115.765 92
115.774 93
115.774 94
115.783 95
115.783 96
115.792 97
115.792 98
115.801 91
115.801 92
115.809 93
115.809 94
115.818 95
115.818 96
115.827 97
115.827 98
115.835 94
115.835 95
115.844 96
115.844 97
115.853 98
115.853 99
115.862 95
115.862 96
115.87 97
115.87 98
115.879 99
115.888 97
115.888 98
115.896 99
115.905 100
115.913 96
115.913 97
115.922 98
115.922 99
115.931 100
115.944 96
115.944 97
115.953 98
115.953 99
115.962 100
115.971 96
115.971 97
115.979 98
115.979 99
115.988 100
115.997 95
115.997 96
116.006 97
116.006 98
116.015 99
116.023 100
116.024 96
116.024 97
116.036 98
116.036 99
116.045 100
116.054 96
116.054 97
116.062 98
116.062 99
116.071 100
116.08 95
116.08 96
116.089 97
116.089 98
116.097 99
116.106 100
116.108 94
116.108 95
116.119 96
116.119 97
116.128 98
116.128 99
116.137 100
116.145 96
116.145 97
116.154 98
116.154 99
116.163 100
116.171 96
116.171 97
116.18 98
116.18 99
116.189 100
116.198 96
116.198 97
116.206 98
116.206 99
116.215 100
116.225 96
116.225 97
116.233 98
116.233 99
116.242 100
116.255 95
116.255 96
116.264 97
116.264 98
116.273 99
116.282 100
116.282 96
116.282 97
116.295 98
116.295 99
116.303 100
116.312 97
116.312 98
116.321 99
116.33 100
116.337 96
116.337 97
116.346 98
116.346 99
116.355 100
116.364 96
116.364 97
116.372 98
116.372 99
116.381 100
116.395 96
116.395 97
116.403 98
116.403 99
116.412 100
116.421 98
116.421 99
116.43 100
116.448 96
116.448 97
116.456 98
116.456 99
116.465 97
116.465 98
116.474 99
116.482 100
116.49 96
116.49 97
116.498 98
116.498 99
116.507 100
116.518 95
116.518 96
116.527 97
116.527 98
116.536 99
116.544 100
116.551 94
116.551 95
116.56 96
116.56 97
116.569 98
116.569 99
116.577 100
116.586 96
116.586 97
116.595 98
116.595 99
116.604 100
116.612 95
116.612 96
116.621 97
116.621 98
116.63 99
116.638 93
116.638 94
116.647 95
116.647 96
116.656 97
116.656 98
116.665 99
116.673 95
116.673 96
116.682 97
116.682 98
116.691 99
116.699 95
116.699 96
116.708 97
116.708 98
116.717 99
116.726 95
116.726 96
116.734 97
116.734 98
116.743 99
116.752 95
116.752 96
116.76 97
116.76 98
116.769 99
116.778 93
116.778 94
116.787 95
116.787 96
116.795 97
116.795 98
116.804 94
116.804 95
116.811 96
116.811 97
116.818 98
116.818 99
116.825 100
116.832 96
116.832 97
116.839 98
116.839 99
116.846 100
116.854 97
116.854 98
116.861 99
116.868 100
116.883 96
116.883 97
116.89 98
116.89 99
116.896 100
116.913 96
116.913 97
116.92 98
116.92 99
116.927 100
116.944 96
116.944 97
116.951 98
116.951 99
116.958 100
116.971 97
116.971 98
116.978 99
116.985 100
117 95
117 96
117.007 97
117.007 98
117.013 99
117.02 100
117.026 96
117.026 97
117.038 98
117.038 99
117.049 100
117.061 96
117.061 97
117.073 98
117.073 99
117.083 94
117.083 95
117.096 96
117.096 97
117.107 98
117.107 99
117.119 94
117.119 95
117.131 96
117.131 97
117.142 92
117.142 93
117.154 94
117.154 95
117.165 96
117.165 97
117.177 92
117.177 93
117.189 94
117.189 95
117.2 88
117.2 89
117.212 90
117.212 91
117.224 92
117.224 93
117.235 88
117.235 89
117.247 90
117.247 91
117.258 92
117.258 93
117.27 88
117.27 89
117.279 90
117.279 91
117.287 92
117.287 93
117.296 86
117.296 87
117.305 88
117.305 89
117.314 90
117.314 91
117.322 86
117.322 87
117.331 88
117.331 89
117.34 90
117.34 91
117.348 86
117.348 87
117.357 88
117.357 89
117.366 90
117.366 91
117.375 86
117.375 87
117.383 88
117.383 89
117.392 90
117.392 91
117.401 87
117.401 88
117.409 89
117.409 90
117.418 91
117.418 92
117.427 87
117.427 88
117.436 89
117.436 90
117.444 91
117.444 92
117.453 93
117.453 94
117.462 88
117.462 89
117.47 90
117.47 91
117.479 92
117.479 93
117.488 90
117.488 91
117.497 92
117.497 93
117.505 94
117.505 95
117.514 89
117.514 90
117.523 91
117.523 92
117.531 93
117.531 94
117.54 95
117.54 96
117.549 91
117.549 92
117.558 93
117.558 94
117.566 95
117.566 96
117.575 91
117.575 92
117.584 93
117.584 94
117.592 95
117.592 96
117.601 97
117.601 98
117.61 93
117.61 94
117.619 95
117.619 96
117.627 97
117.627 98
117.635 93
117.635 94
117.645 95
117.645 96
117.653 97
117.653 98
117.662 99
117.671 95
117.671 96
117.68 97
117.68 98
117.688 99
117.697 100
117.702 96
117.702 97
117.71 98
117.71 99
117.719 100
117.733 96
117.733 97
117.741 98
117.741 99
117.75 100
117.761 95
117.761 96
117.77 97
117.77 98
117.779 99
117.787 100
117.788 96
117.788 97
117.801 98
117.801 99
117.809 100
117.818 96
117.818 97
117.827 98
117.827 99
117.835 100
117.844 97
117.844 98
117.853 99
117.862 100
117.867 94
117.867 95
117.876 96
117.876 97
117.885 98
117.885 99
117.893 100
117.903 96
117.903 97
117.911 98
117.911 99
117.92 100
117.929 95
117.929 96
117.938 97
117.938 98
117.947 99
117.955 100
117.956 97
117.956 98
117.968 99
117.977 100
117.984 96
117.984 97
117.993 98
117.993 99
118.002 100
118.011 96
118.011 97
118.02 98
118.02 99
118.028 100
118.037 96
118.037 97
118.046 98
118.046 99
118.055 100
118.07 96
118.07 97
118.079 98
118.079 99
118.088 100
118.097 96
118.097 97
118.106 98
118.106 99
118.114 100
118.123 96
118.123 97
118.132 98
118.132 99
118.141 100
118.154 96
118.154 97
118.163 98
118.163 99
118.172 100
118.181 96
118.181 97
118.19 98
118.19 99
118.198 100
118.207 97
118.207 98
118.216 99
118.225 100
118.24 96
118.24 97
118.249 98
118.249 99
118.258 100
118.266 97
118.266 98
118.275 96
118.275 97
118.298 93
118.298 94
118.307 95
118.307 96
118.315 97
118.327 92
118.327 93
118.335 94
118.335 95
118.344 96
118.344 97
118.353 91
118.353 92
118.362 93
118.362 94
118.37 95
118.37 96
118.379 97
118.38 93
118.38 94
118.392 95
118.392 96
118.401 97
118.406 91
118.406 92
118.415 93
118.415 94
118.423 95
118.423 96
118.432 97
118.437 92
118.437 93
118.446 94
118.446 95
118.454 96
118.454 97
118.463 92
118.463 93
118.472 94
118.472 95
118.481 96
118.481 97
118.49 90
118.49 91
118.499 92
118.499 93
118.507 94
118.507 95
118.516 96
118.516 97
118.525 92
118.525 93
118.534 94
118.534 95
118.542 96
118.542 97
118.551 92
118.551 93
118.56 94
118.56 95
118.568 96
118.568 97
118.578 92
118.578 93
118.587 94
118.587 95
118.596 96
118.596 97
118.609 92
118.609 93
118.616 94
118.616 95
118.623 96
118.623 97
118.638 92
118.638 93
118.645 94
118.645 95
118.652 96
118.652 97
118.669 90
118.669 91
118.676 92
118.676 93
118.683 94
118.683 95
118.69 96
118.69 97
118.7 92
118.7 93
118.707 94
118.707 95
118.714 96
118.714 97
118.726 94
118.726 95
118.733 96
118.733 97
118.753 93
118.753 94
118.76 95
118.767 96
118.767 97
118.774 98
118.774 99
118.781 100
118.788 97
118.788 98
118.795 99
118.801 100
118.817 97
118.817 98
118.824 99
118.831 100
118.845 96
118.845 97
118.857 98
118.857 99
118.869 100
118.88 95
118.88 96
118.892 97
118.892 98
118.904 99
118.915 94
118.915 95
118.927 96
118.927 97
118.938 92
118.938 93
118.95 94
118.95 95
118.962 92
118.962 93
118.973 91
118.973 92
119 86
119.012 87
119.012 88
119.023 89
119.023 90
119.035 86
119.035 87
119.046 88
119.046 89
119.058 85
119.058 86
119.07 87
119.081 82
119.081 83
119.09 84
119.09 85
119.099 86
119.107 87
119.107 88
119.116 84
119.116 85
119.125 86
119.134 87
119.134 88
119.142 89
119.142 90
119.151 86
119.16 87
119.16 88
119.168 89
119.168 90
119.177 84
119.177 85
119.186 86
119.195 87
119.195 88
119.203 89
119.203 90
119.212 85
119.212 86
119.221 87
119.229 88
119.229 89
119.238 86
119.238 87
119.247 86
119.256 87
119.256 88
119.264 89
119.264 90
119.273 91
119.278 85
119.278 86
119.287 87
119.296 86
119.296 87
119.304 86
119.313 87
119.322 88
119.322 89
119.33 90
119.338 87
119.338 88
119.347 89
119.347 90
119.364 86
119.373 87
119.373 88
119.382 89
119.382 90
119.397 86
119.406 87
119.406 88
119.415 89
119.415 90
119.426 86
119.435 87
119.435 88
119.444 89
119.444 90
119.457 87
119.457 88
119.466 89
119.466 90
119.474 91
119.474 92
119.483 93
119.483 94
119.492 89
119.492 90
119.501 91
119.501 92
119.509 93
119.509 94
119.518 95
119.518 96
119.527 92
119.527 93
119.535 94
119.535 95
119.544 96
119.544 97
119.553 93
119.553 94
119.562 95
119.562 96
119.57 97
119.57 98
119.579 93
119.579 94
119.588 95
119.588 96
119.596 97
119.596 98
119.605 93
119.605 94
119.614 95
119.614 96
119.623 97
119.623 98
119.631 99
119.64 95
119.64 96
119.649 97
119.649 98
119.657 99
119.666 95
119.666 96
119.675 97
119.675 98
119.684 99
119.692 95
119.692 96
119.701 97
119.701 98
119.71 99
119.718 93
119.718 94
119.727 95
119.727 96
119.736 97
119.736 98
119.745 99
119.753 94
119.753 95
119.762 96
119.762 97
119.771 98
119.771 99
119.779 100
119.788 94
119.788 95
119.797 96
119.797 97
119.806 98
119.806 99
119.814 100
119.823 95
119.823 96
119.832 97
119.832 98
119.84 99
119.849 100
119.852 97
119.852 98
119.862 99
119.871 100
119.879 97
119.879 98
119.888 99
119.896 100
119.907 94
119.907 95
119.916 96
119.916 97
119.925 98
119.925 99
119.934 100
119.943 96
119.943 97
119.952 98
119.952 99
119.96 100
119.972 96
119.972 97
119.98 98
119.98 99
119.989 100
120.002 95
120.002 96
120.011 97
120.011 98
120.02 99
120.029 100
120.029 97
120.029 98
120.042 99
120.05 100
120.055 97
120.055 98
120.064 99
120.073 100
120.082 97
120.082 98
120.091 99
120.099 100
120.108 96
120.108 97
120.117 98
120.117 99
120.126 100
120.135 96
120.135 97
120.144 98
120.144 99
120.152 100
120.161 96
120.161 97
120.17 98
120.17 99
120.179 100
120.188 94
120.188 95
120.197 96
120.197 97
120.205 98
120.205 99
120.214 100
120.223 95
120.223 96
120.232 97
120.232 98
120.241 99
120.249 100
120.25 96
120.25 97
120.262 98
120.262 99
120.271 100
120.28 96
120.28 97
120.289 98
120.289 99
120.297 100
120.306 96
120.306 97
120.315 98
120.315 99
120.323 100
120.332 96
120.332 97
120.341 98
120.341 99
120.35 100
120.358 96
120.358 97
120.367 98
120.367 99
120.376 100
120.384 96
120.384 97
120.393 98
120.393 99
120.402 100
120.411 96
120.411 97
120.418 98
120.418 99
120.425 100
120.652 61
120.855 4
120.881 1
120.886 2
120.89 3
120.895 4
121.082 5
121.091 6
121.091 7
121.1 6
121.1 7
121.109 8
121.109 9
121.118 10
121.118 11
121.127 10
121.127 11
121.136 12
121.136 13
121.145 14
121.154 15
121.154 16
121.163 17
121.163 18
121.172 19
121.172 20
121.181 21
121.181 22
121.19 23
121.19 24
121.199 25
121.208 26
121.208 27
121.217 28
121.217 29
121.226 30
121.226 31
121.235 32
121.235 33
121.244 34
121.244 35
121.253 36
121.253 37
121.262 38
121.271 39
121.271 40
121.28 41
121.28 42
121.289 43
121.289 44
121.298 45
121.298 46
121.307 47
121.307 48
121.316 43
121.316 44
121.325 45
121.325 46
121.334 47
121.334 48
121.343 49
121.343 50
121.352 45
121.352 46
121.361 47
121.361 48
121.37 49
121.37 50
121.378 47
121.378 48
121.388 49
121.388 50
121.397 51
121.405 47
121.405 48
121.415 49
121.415 50
121.424 51
121.433 52
121.433 53
121.442 50
121.442 51
121.451 52
121.451 53
121.46 54
121.46 55
121.469 50
121.469 51
121.478 52
121.478 53
121.487 54
121.487 55
121.496 56
121.496 57
121.505 58
121.505 59
121.514 54
121.514 55
121.523 56
121.523 57
121.532 58
121.532 59
121.541 60
121.541 61
121.55 56
121.55 57
121.559 58
121.559 59
121.567 60
121.567 61
121.576 62
121.585 58
121.585 59
121.594 60
121.594 61
121.603 62
121.612 63
121.612 64
121.621 60
121.621 61
121.63 62
121.639 63
121.639 64
121.648 65
121.648 66
121.657 62
121.666 63
121.666 64
121.675 65
121.675 66
121.684 67
121.684 68
121.693 63
121.693 64
121.702 65
121.702 66
121.711 67
121.711 68
121.72 65
121.72 66
121.729 67
121.729 68
121.738 69
121.738 70
121.747 65
121.747 66
121.756 67
121.756 68
121.765 69
121.765 70
121.774 65
121.774 66
121.783 67
121.783 68
121.792 69
121.792 70
121.801 71
121.801 72
121.81 67
121.81 68
121.819 69
121.819 70
121.828 71
121.828 72
121.837 69
121.837 70
121.846 71
121.846 72
121.855 73
121.855 74
121.864 69
121.864 70
121.873 71
121.873 72
121.882 73
121.882 74
121.891 75
121.9 73
121.9 74
121.909 75
121.918 76
121.918 77
121.927 73
121.927 74
121.936 75
121.945 76
121.945 77
121.954 73
121.954 74
121.963 75
121.972 76
121.972 77
121.981 73
121.981 74
121.988 75
121.995 76
121.995 77
122.003 78
122.003 79
122.01 80
122.01 81
122.017 76
122.017 77
122.024 78
122.024 79
122.032 80
122.032 81
122.039 82
122.039 83
122.046 84
122.046 85
122.053 80
122.053 81
122.06 82
122.06 83
122.068 84
122.068 85
122.075 82
122.075 83
122.082 84
122.082 85
122.089 86
122.096 87
122.096 88
122.104 83
122.104 84
122.111 85
122.111 86
122.118 87
122.125 88
122.125 89
122.132 86
122.14 87
122.14 88
122.147 89
122.147 90
122.154 91
122.154 92
122.161 89
122.161 90
122.168 91
122.168 92
122.176 93
122.176 94
122.182 89
122.182 90
122.19 91
122.19 92
122.197 93
122.197 94
122.205 95
122.205 96
122.212 97
122.212 98
122.219 93
122.219 94
122.231 95
122.231 96
122.243 91
122.243 92
122.255 93
122.255 94
122.267 95
122.267 96
122.279 91
122.279 92
122.291 93
122.291 94
122.303 95
122.303 96
122.315 91
122.315 92
122.327 93
122.327 94
122.339 89
122.339 90
122.351 91
122.351 92
122.363 89
122.363 90
122.375 91
122.375 92
122.387 93
122.387 94
122.399 89
122.399 90
122.411 91
122.411 92
122.423 86
122.432 87
122.432 88
122.441 89
122.441 90
122.45 91
122.45 92
122.459 87
122.459 88
122.468 89
122.468 90
122.477 91
122.477 92
122.486 93
122.486 94
122.495 89
122.495 90
122.504 91
122.504 92
122.513 93
122.513 94
122.522 89
122.522 90
122.531 91
122.531 92
122.54 93
122.54 94
122.549 89
122.549 90
122.558 91
122.558 92
122.567 93
122.567 94
122.576 89
122.576 90
122.585 91
122.585 92
122.594 93
122.594 94
122.603 88
122.603 89
122.612 90
122.612 91
122.621 92
122.621 93
122.631 87
122.631 88
122.64 89
122.64 90
122.649 91
122.649 92
122.658 93
122.658 94
122.667 87
122.667 88
122.676 89
122.676 90
122.685 91
122.685 92
122.694 87
122.694 88
122.703 89
122.703 90
122.712 91
122.712 92
122.721 87
122.721 88
122.73 89
122.73 90
122.739 91
122.739 92
122.748 93
122.748 94
122.757 89
122.757 90
122.766 91
122.766 92
122.775 93
122.775 94
122.784 91
122.784 92
122.793 93
122.793 94
122.802 95
122.802 96
122.811 91
122.811 92
122.82 93
122.82 94
122.829 95
122.829 96
122.838 93
122.838 94
122.847 95
122.847 96
122.856 97
122.856 98
122.865 93
122.865 94
122.874 95
122.874 96
122.883 97
122.883 98
122.892 99
122.901 95
122.901 96
122.91 97
122.91 98
122.919 99
122.928 95
122.928 96
122.937 97
122.937 98
122.946 99
122.955 95
122.955 96
122.964 97
122.964 98
122.973 99
122.981 95
122.981 96
122.991 97
122.991 98
123 99
123.009 100
123.009 101
123.018 95
123.018 96
123.027 97
123.027 98
123.036 99
123.045 100
123.045 101
123.054 96
123.054 97
123.063 98
123.063 99
123.072 100
123.081 96
123.081 97
123.09 98
123.09 99
123.099 100
123.108 97
123.108 98
123.117 99
123.126 100
123.126 101
123.135 97
123.135 98
123.144 99
123.153 100
123.153 101
123.162 97
123.162 98
123.171 99
123.18 100
123.18 101
123.189 98
123.189 99
123.198 100
123.207 101
123.213 97
123.213 98
123.222 99
123.231 100
123.231 101
123.24 97
123.24 98
123.249 99
123.258 100
123.258 101
123.267 98
123.267 99
123.276 100
123.285 101
123.295 97
123.295 98
123.304 99
123.313 100
123.313 101
123.323 97
123.323 98
123.332 99
123.341 98
123.341 99
123.35 100
123.36 101
123.361 98
123.361 99
123.373 100
123.382 101
123.39 97
123.39 98
123.399 99
123.408 100
123.408 101
123.421 95
123.421 96
123.43 97
123.43 98
123.439 99
123.448 100
123.448 101
123.456 97
123.456 98
123.466 99
123.475 100
123.475 101
123.484 96
123.484 97
123.493 98
123.493 99
123.502 100
123.511 95
123.511 96
123.52 97
123.52 98
123.529 99
123.538 100
123.538 101
123.547 97
123.547 98
123.556 99
123.565 100
123.565 101
123.574 97
123.574 98
123.583 99
123.592 100
123.592 101
123.601 97
123.601 98
123.61 99
123.619 100
123.619 101
123.628 95
123.628 96
123.637 97
123.637 98
123.646 99
123.655 100
123.655 101
123.664 97
123.664 98
123.673 99
123.682 100
123.682 101
123.691 97
123.691 98
123.7 99
123.709 100
123.709 101
123.718 98
123.718 99
123.727 100
123.736 101
123.743 95
123.743 96
123.752 97
123.752 98
123.761 99
123.77 100
123.77 101
123.779 98
123.779 99
123.786 100
123.793 101
123.803 97
123.803 98
123.81 99
123.817 100
123.817 101
123.831 97
123.831 98
123.839 99
123.846 100
123.846 101
123.858 97
123.858 98
123.865 99
123.872 100
123.872 101
123.884 97
123.884 98
123.892 99
123.899 100
123.899 101
123.92 97
123.92 98
123.927 99
123.934 100
123.934 101
123.948 95
123.948 96
123.956 97
123.956 98
123.963 99
123.97 100
123.97 101
123.981 96
123.981 97
123.993 98
123.993 99
124.005 100
124.017 96
124.017 97
124.03 98
124.03 99
124.042 94
124.042 95
124.054 96
124.054 97
124.066 91
124.066 92
124.078 93
124.078 94
124.09 95
124.09 96
124.102 89
124.102 90
124.114 91
124.114 92
124.126 93
124.126 94
124.138 89
124.138 90
124.15 91
124.15 92
124.162 86
124.162 87
124.174 88
124.174 89
124.186 84
124.186 85
124.198 86
124.21 87
124.21 88
124.222 84
124.222 85
124.231 86
124.24 81
124.24 82
124.249 83
124.249 84
124.258 85
124.258 86
124.267 87
124.276 83
124.276 84
124.285 85
124.285 86
124.294 87
124.303 83
124.303 84
124.312 85
124.312 86
124.321 87
124.33 84
124.33 85
124.339 86
124.348 87
124.348 88
124.357 82
124.357 83
124.366 84
124.366 85
124.375 86
124.384 87
124.384 88
124.393 86
124.402 87
124.402 88
124.411 89
124.411 90
124.42 85
124.42 86
124.429 87
124.438 88
124.438 89
124.447 84
124.447 85
124.456 86
124.465 87
124.465 88
124.474 84
124.474 85
124.483 86
124.492 87
124.492 88
124.501 89
124.501 90
124.51 86
124.519 87
124.519 88
124.528 89
124.528 90
124.537 86
124.546 87
124.546 88
124.555 89
124.555 90
124.564 85
124.564 86
124.573 87
124.582 88
124.582 89
124.591 86
124.6 87
124.6 88
124.609 89
124.609 90
124.617 87
124.617 88
124.627 89
124.627 90
124.636 91
124.636 92
124.645 93
124.645 94
124.654 89
124.654 90
124.663 91
124.663 92
124.672 93
124.672 94
124.681 88
124.681 89
124.69 90
124.69 91
124.699 92
124.699 93
124.708 89
124.708 90
124.717 91
124.717 92
124.726 93
124.726 94
124.735 89
124.735 90
124.744 91
124.744 92
124.753 93
124.753 94
124.762 89
124.762 90
124.771 91
124.771 92
124.781 93
124.781 94
124.79 95
124.79 96
124.799 90
124.799 91
124.808 92
124.808 93
124.817 94
124.817 95
124.826 91
124.826 92
124.835 93
124.835 94
124.844 95
124.844 96
124.853 91
124.853 92
124.862 93
124.862 94
124.871 95
124.871 96
124.88 91
124.88 92
124.889 93
124.889 94
124.898 95
124.898 96
124.907 91
124.907 92
124.916 93
124.916 94
124.925 95
124.925 96
124.933 91
124.933 92
124.943 93
124.943 94
124.952 95
124.952 96
124.961 91
124.961 92
124.97 93
124.97 94
124.979 95
124.979 96
124.988 97
124.988 98
124.997 92
124.997 93
125.006 94
125.006 95
125.015 96
125.015 97
125.024 92
125.024 93
125.033 94
125.033 95
125.042 96
125.042 97
125.051 92
125.051 93
125.06 94
125.06 95
125.069 96
125.069 97
125.078 93
125.078 94
125.087 95
125.087 96
125.096 97
125.096 98
125.105 99
125.114 95
125.114 96
125.123 97
125.123 98
125.132 94
125.132 95
125.141 96
125.141 97
125.15 98
125.15 99
125.158 93
125.158 94
125.168 95
125.168 96
125.177 97
125.177 98
125.186 99
125.195 95
125.195 96
125.204 95
125.204 96
125.213 97
125.213 98
125.222 99
125.231 95
125.231 96
125.24 97
125.24 98
125.249 99
125.258 95
125.258 96
125.267 97
125.267 98
125.276 99
125.285 100
125.285 101
125.294 96
125.294 97
125.303 98
125.303 99
125.312 100
125.342 91
125.342 92
125.351 93
125.351 94
125.368 89
125.368 90
125.377 91
125.377 92
125.386 93
125.386 94
125.399 89
125.399 90
125.408 91
125.408 92
125.417 93
125.417 94
125.43 89
125.43 90
125.439 91
125.439 92
125.448 93
125.448 94
125.456 89
125.456 90
125.466 91
125.466 92
125.475 93
125.475 94
125.484 89
125.484 90
125.493 91
125.493 92
125.503 93
125.503 94
125.514 87
125.514 88
125.523 89
125.523 90
125.532 91
125.532 92
125.541 93
125.541 94
125.549 89
125.549 90
125.557 91
125.557 92
125.565 93
125.565 94
125.576 89
125.576 90
125.583 91
125.583 92
125.59 93
125.59 94
125.607 89
125.607 90
125.614 91
125.614 92
125.621 93
125.621 94
125.633 89
125.633 90
125.64 91
125.64 92
125.648 93
125.648 94
125.662 89
125.662 90
125.669 91
125.669 92
125.676 93
125.676 94
125.688 89
125.688 90
125.695 91
125.695 92
125.703 93
125.703 94
125.719 89
125.719 90
125.726 91
125.726 92
125.734 93
125.734 94
125.746 89
125.746 90
125.753 91
125.753 92
125.76 93
125.76 94
125.777 88
125.777 89
125.789 90
125.789 91
125.801 92
125.801 93
125.813 89
125.813 90
125.825 91
125.825 92
125.836 88
125.836 89
125.849 90
125.849 91
125.861 92
125.861 93
125.873 89
125.873 90
125.885 91
125.885 92
125.898 87
125.898 88
125.91 89
125.91 90
125.922 91
125.922 92
125.934 87
125.934 88
125.946 89
125.946 90
125.958 86
125.97 87
125.97 88
125.982 84
125.982 85
125.994 86
126.006 82
126.006 83
126.016 84
126.016 85
126.025 86
126.034 87
126.034 88
126.043 82
126.043 83
126.052 84
126.052 85
126.061 86
126.07 82
126.07 83
126.079 84
126.079 85
126.088 86
126.097 87
126.097 88
126.106 84
126.106 85
126.115 86
126.124 87
126.124 88
126.134 84
126.134 85
126.143 86
126.152 87
126.152 88
126.161 84
126.161 85
126.17 86
126.179 87
126.179 88
126.188 84
126.188 85
126.197 86
126.206 87
126.206 88
126.215 83
126.215 84
126.224 85
126.224 86
126.233 87
126.242 83
126.242 84
126.252 85
126.252 86
126.261 87
126.27 84
126.27 85
126.279 86
126.288 87
126.288 88
126.297 89
126.297 90
126.306 86
126.315 87
126.315 88
126.324 89
126.324 90
126.333 87
126.333 88
126.342 89
126.342 90
126.351 91
126.351 92
126.36 87
126.36 88
126.369 89
126.369 90
126.379 91
126.379 92
126.388 93
126.388 94
126.397 89
126.397 90
126.406 91
126.406 92
126.415 93
126.415 94
126.424 89
126.424 90
126.433 91
126.433 92
126.442 93
126.442 94
126.451 91
126.451 92
126.46 93
126.46 94
126.472 89
126.472 90
126.481 91
126.481 92
126.49 93
126.49 94
126.499 89
126.499 90
126.508 91
126.508 92
126.517 93
126.517 94
126.527 89
126.527 90
126.536 91
126.536 92
126.545 93
126.545 94
126.554 89
126.554 90
126.563 91
126.563 92
126.572 93
126.572 94
126.58 89
126.58 90
126.59 91
126.59 92
126.599 93
126.599 94
126.611 89
126.611 90
126.62 91
126.62 92
126.629 93
126.629 94
126.638 89
126.638 90
126.647 91
126.647 92
126.657 93
126.657 94
126.669 89
126.669 90
126.678 91
126.678 92
126.687 93
126.687 94
126.695 89
126.695 90
126.705 91
126.705 92
126.714 93
126.714 94
126.724 89
126.724 90
126.733 91
126.733 92
126.742 93
126.742 94
126.755 89
126.755 90
126.764 91
126.764 92
126.773 93
126.773 94
126.786 89
126.786 90
126.795 91
126.795 92
126.804 93
126.804 94
126.812 89
126.812 90
126.822 91
126.822 92
126.831 93
126.831 94
126.847 89
126.847 90
126.857 91
126.857 92
126.866 93
126.866 94
126.876 89
126.876 90
126.885 91
126.885 92
126.894 93
126.894 94
126.907 89
126.907 90
126.916 91
126.916 92
126.925 93
126.925 94
126.934 89
126.934 90
126.943 91
126.943 92
126.952 93
126.952 94
126.964 89
126.964 90
126.974 91
126.974 92
126.983 93
126.983 94
126.995 87
126.995 88
127.004 89
127.004 90
127.014 91
127.014 92
127.023 93
127.023 94
127.031 89
127.031 90
127.041 91
127.041 92
127.05 93
127.05 94
127.059 89
127.059 90
127.068 91
127.068 92
127.077 93
127.077 94
127.086 89
127.086 90
127.095 91
127.095 92
127.104 93
127.104 94
127.117 89
127.117 90
127.126 91
127.126 92
127.135 90
127.135 91
127.144 92
127.144 93
127.153 94
127.154 89
127.154 90
127.167 91
127.167 92
127.176 93
127.176 94
127.185 90
127.185 91
127.194 92
127.194 93
127.203 94
127.21 89
127.21 90
127.219 91
127.219 92
127.228 93
127.228 94
127.24 89
127.24 90
127.25 91
127.25 92
127.259 93
127.259 94
127.269 89
127.269 90
127.278 91
127.278 92
127.287 93
127.287 94
127.3 89
127.3 90
127.307 91
127.307 92
127.315 93
127.315 94
127.331 91
127.331 92
127.338 93
127.338 94
127.357 88
127.357 89
127.365 90
127.365 91
127.372 92
127.372 93
127.379 94
127.384 90
127.384 91
127.391 92
127.391 93
127.398 94
127.413 89
127.413 90
127.42 91
127.42 92
127.427 93
127.427 94
127.444 89
127.444 90
127.451 91
127.451 92
127.458 93
127.458 94
127.475 87
127.475 88
127.482 89
127.482 90
127.489 91
127.489 92
127.496 93
127.496 94
127.51 89
127.51 90
127.522 91
127.522 92
127.534 93
127.534 94
127.546 89
127.546 90
127.558 91
127.558 92
127.57 87
127.57 88
127.582 89
127.582 90
127.594 86
127.607 87
127.607 88
127.619 89
127.619 90
127.631 85
127.631 86
127.643 87
127.655 83
127.655 84
127.667 85
127.667 86
127.679 82
127.679 83
127.691 84
127.691 85
127.703 86
127.716 82
127.716 83
127.728 84
127.728 85
127.74 80
127.74 81
127.749 82
127.749 83
127.758 84
127.758 85
127.767 81
127.767 82
127.776 83
127.776 84
127.785 85
127.785 86
127.794 80
127.794 81
127.803 82
127.803 83
127.812 84
127.812 85
127.821 86
127.83 84
127.83 85
127.84 86
127.849 87
127.849 88
127.858 84
127.858 85
127.867 86
127.876 87
127.876 88
127.885 84
127.885 85
127.894 86
127.903 87
127.903 88
127.912 84
127.912 85
127.921 86
127.93 87
127.93 88
127.939 89
127.939 90
127.948 86
127.958 87
127.958 88
127.967 89
127.967 90
127.976 86
127.985 87
127.985 88
127.994 89
127.994 90
128.003 86
128.012 87
128.012 88
128.021 89
128.021 90
128.03 86
128.039 87
128.039 88
128.048 89
128.048 90
128.057 91
128.057 92
128.066 87
128.066 88
128.076 89
128.076 90
128.085 91
128.085 92
128.094 93
128.094 94
128.103 89
128.103 90
128.112 91
128.112 92
128.121 93
128.121 94
128.13 89
128.13 90
128.139 91
128.139 92
128.148 93
128.148 94
128.157 89
128.157 90
128.166 91
128.166 92
128.175 93
128.175 94
128.185 89
128.185 90
128.195 91
128.195 92
128.204 93
128.204 94
128.212 89
128.212 90
128.222 91
128.222 92
128.231 93
128.231 94
128.24 89
128.24 90
128.249 91
128.249 92
128.258 93
128.258 94
128.267 89
128.267 90
128.276 91
128.276 92
128.285 93
128.285 94
128.298 89
128.298 90
128.307 91
128.307 92
128.316 93
128.316 94
128.325 89
128.325 90
128.334 91
128.334 92
128.343 93
128.343 94
128.355 89
128.355 90
128.365 91
128.365 92
128.374 93
128.374 94
128.382 89
128.382 90
128.392 91
128.392 92
128.401 93
128.401 94
128.415 87
128.415 88
128.424 89
128.424 90
128.433 91
128.433 92
128.442 93
128.442 94
128.45 89
128.45 90
128.46 91
128.46 92
128.47 93
128.47 94
128.479 89
128.479 90
128.488 91
128.488 92
128.497 93
128.497 94
128.508 89
128.508 90
128.517 91
128.517 92
128.526 93
128.526 94
128.539 89
128.539 90
128.548 91
128.548 92
128.557 93
128.557 94
128.565 89
128.565 90
128.575 91
128.575 92
128.584 93
128.584 94
128.596 89
128.596 90
128.605 91
128.605 92
128.614 93
128.614 94
128.625 89
128.625 90
128.634 91
128.634 92
128.643 93
128.643 94
128.656 89
128.656 90
128.665 91
128.665 92
128.674 93
128.674 94
128.682 89
128.682 90
128.692 91
128.692 92
128.701 93
128.701 94
128.715 89
128.715 90
128.724 91
128.724 92
128.734 93
128.734 94
128.746 89
128.746 90
128.755 91
128.755 92
128.764 93
128.764 94
128.773 89
128.773 90
128.783 91
128.783 92
128.792 93
128.792 94
128.806 89
128.806 90
128.815 91
128.815 92
128.824 93
128.824 94
128.837 89
128.837 90
128.846 91
128.846 92
128.855 93
128.855 94
128.863 89
128.863 90
128.873 91
128.873 92
128.882 93
128.882 94
128.896 89
128.896 90
128.906 91
128.906 92
128.915 93
128.915 94
128.925 89
128.925 90
128.934 91
128.934 92
128.943 93
128.943 94
128.952 90
128.952 91
128.961 92
128.961 93
128.971 94
128.978 88
128.978 89
128.987 90
128.987 91
128.996 92
128.996 93
129.005 94
129.011 89
129.011 90
129.02 91
129.02 92
129.029 93
129.029 94
129.044 89
129.044 90
129.052 91
129.052 92
129.059 93
129.059 94
129.071 89
129.071 90
129.078 91
129.078 92
129.085 93
129.085 94
129.093 91
129.093 92
129.1 93
129.1 94
129.122 89
129.122 90
129.129 91
129.129 92
129.136 93
129.136 94
129.148 90
129.148 91
129.175 86
129.175 87
129.182 88
129.182 89
129.189 90
129.189 91
129.201 87
129.201 88
129.208 89
129.208 90
129.216 91
129.23 86
129.23 87
129.237 88
129.237 89
129.244 90
129.244 91
129.256 86
129.256 87
129.268 88
129.268 89
129.281 90
129.281 91
129.293 86
129.293 87
129.305 88
129.305 89
129.317 90
129.317 91
129.329 86
129.329 87
129.341 88
129.341 89
129.353 85
129.353 86
129.365 87
129.377 88
129.377 89
129.389 85
129.389 86
129.402 87
129.414 83
129.414 84
129.426 85
129.426 86
129.437 81
129.437 82
129.45 83
129.45 84
129.462 85
129.462 86
129.474 82
129.474 83
129.483 84
129.483 85
129.492 86
129.501 81
129.501 82
129.51 83
129.51 84
129.52 85
129.52 86
129.529 83
129.529 84
129.538 85
129.538 86
129.547 87
129.556 82
129.556 83
129.565 84
129.565 85
129.574 86
129.583 81
129.583 82
129.592 83
129.592 84
129.601 85
129.601 86
129.61 83
129.61 84
129.62 85
129.62 86
129.629 87
129.638 83
129.638 84
129.648 85
129.648 86
129.657 87
129.667 88
129.674 84
129.674 85
129.683 86
129.692 87
129.692 88
129.702 85
129.702 86
129.711 87
129.721 88
129.729 84
129.729 85
129.738 86
129.748 87
129.748 88
129.758 86
129.767 87
129.767 88
129.784 84
129.784 85
129.793 86
129.803 87
129.803 88
129.819 84
129.819 85
129.829 86
129.838 87
129.838 88
129.853 84
129.853 85
129.862 86
129.871 87
129.871 88
129.883 84
129.883 85
129.893 86
129.902 87
129.902 88
129.919 84
129.919 85
129.928 86
129.938 87
129.938 88
129.947 84
129.947 85
129.957 86
129.966 87
129.966 88
129.981 82
129.981 83
129.99 84
129.99 85
129.999 86
130.009 87
130.009 88
130.018 84
130.018 85
130.027 86
130.037 87
130.037 88
130.046 84
130.046 85
130.056 86
130.065 87
130.065 88
130.074 84
130.074 85
130.084 86
130.093 82
130.093 83
130.103 84
130.103 85
130.112 86
130.121 82
130.121 83
130.131 84
130.131 85
130.14 86
130.149 87
130.149 88
130.159 85
130.159 86
130.168 87
130.177 83
130.177 84
130.187 85
130.187 86
130.196 87
130.206 88
130.206 89
130.215 84
130.215 85
130.225 86
130.234 87
130.234 88
130.243 84
130.243 85
130.253 86
130.262 87
130.262 88
130.271 89
130.276 85
130.276 86
130.286 87
130.295 88
130.295 89
130.312 85
130.312 86
130.321 87
130.331 88
130.331 89
130.34 85
130.34 86
130.35 87
130.359 88
130.359 89
130.369 86
130.369 87
130.378 88
130.378 89
130.396 85
130.396 86
130.405 87
130.414 88
130.414 89
130.424 85
130.424 86
130.433 87
130.443 88
130.443 89
130.455 85
130.455 86
130.465 87
130.474 88
130.474 89
130.486 84
130.486 85
130.496 86
130.505 87
130.505 88
130.514 85
130.514 86
130.524 87
130.533 88
130.533 89
130.543 85
130.543 86
130.552 87
130.561 88
130.561 89
130.57 85
130.57 86
130.58 87
130.589 88
130.589 89
130.599 85
130.599 86
130.608 87
130.618 88
130.618 89
130.632 85
130.632 86
130.641 87
130.651 88
130.651 89
130.66 85
130.66 86
130.669 87
130.679 88
130.679 89
130.692 85
130.692 86
130.701 87
130.71 88
130.71 89
130.72 85
130.72 86
130.73 87
130.739 88
130.739 89
130.751 85
130.751 86
130.759 87
130.766 88
130.766 89
130.778 86
130.778 87
130.785 88
130.785 89
130.804 85
130.804 86
130.812 87
130.819 88
130.819 89
130.831 86
130.838 87
130.838 88
130.846 89
130.864 85
130.864 86
130.871 87
130.879 88
130.879 89
130.897 85
130.897 86
130.904 87
130.912 88
130.912 89
130.923 86
130.923 87
130.931 88
130.931 89
130.95 85
130.95 86
130.957 87
130.965 88
130.965 89
130.979 85
130.979 86
130.991 87
131.004 88
131.004 89
131.016 85
131.016 86
131.029 87
131.041 83
131.041 84
131.054 85
131.054 86
131.066 81
131.066 82
131.079 83
131.079 84
131.091 79
131.091 80
131.105 81
131.105 82
131.138 80
131.548 4
131.579 1
131.584 2
131.589 3
131.594 4
131.779 5
131.789 6
131.789 7
131.799 8
131.799 9
131.808 6
131.808 7
131.818 8
131.818 9
131.827 10
131.827 11
131.837 12
131.837 13
131.847 14
131.856 15
131.856 16
131.866 17
131.866 18
131.875 19
131.875 20
131.885 21
131.885 22
131.895 23
131.895 24
131.904 25
131.914 26
131.914 27
131.923 28
131.923 29
131.933 30
131.933 31
131.943 32
131.943 33
131.952 34
131.952 35
131.962 36
131.962 37
131.971 38
131.981 39
131.981 40
131.991 41
131.991 42
132 43
132 44
132.01 39
132.01 40
132.018 41
132.018 42
132.025 43
132.025 44
132.033 45
132.033 46
132.041 41
132.041 42
132.048 43
132.048 44
132.056 45
132.056 46
132.064 47
132.064 48
132.071 45
132.071 46
132.079 47
132.079 48
132.087 49
132.087 50
132.094 51
132.102 49
132.102 50
132.11 51
132.117 52
132.117 53
132.125 50
132.125 51
132.133 52
132.133 53
132.14 54
132.14 55
132.148 56
132.148 57
132.156 54
132.156 55
132.163 56
132.163 57
132.171 58
132.171 59
132.179 56
132.179 57
132.186 58
132.186 59
132.194 60
132.194 61
132.202 62
132.209 60
132.209 61
132.217 62
132.225 63
132.225 64
132.233 65
132.233 66
132.24 63
132.24 64
132.253 65
132.253 66
132.266 67
132.266 68
132.279 65
132.279 66
132.291 67
132.291 68
132.304 65
132.304 66
132.317 67
132.317 68
132.33 65
132.33 66
132.343 67
132.343 68
132.355 63
132.355 64
132.368 65
132.368 66
132.381 67
132.381 68
132.394 63
132.394 64
132.407 65
132.407 66
132.419 67
132.419 68
132.432 63
132.432 64
132.445 65
132.445 66
132.458 62
132.467 63
132.467 64
132.477 65
132.477 66
132.487 63
132.487 64
132.496 65
132.496 66
132.505 62
132.515 63
132.515 64
132.525 65
132.525 66
132.535 67
132.535 68
132.544 63
132.544 64
132.554 65
132.554 66
132.563 67
132.563 68
132.573 63
132.573 64
132.583 65
132.583 66
132.591 63
132.591 64
132.602 65
132.602 66
132.611 67
132.611 68
132.621 63
132.621 64
132.63 65
132.63 66
132.64 67
132.64 68
132.65 69
132.65 70
132.659 67
132.659 68
132.669 69
132.669 70
132.678 71
132.678 72
132.688 67
132.688 68
132.698 69
132.698 70
132.707 71
132.707 72
132.717 73
132.717 74
132.726 71
132.726 72
132.736 73
132.736 74
132.746 75
132.755 73
132.755 74
132.765 75
132.774 76
132.774 77
132.784 74
132.784 75
132.794 76
132.794 77
132.803 78
132.803 79
132.813 76
132.813 77
132.822 78
132.822 79
132.832 80
132.832 81
132.842 76
132.842 77
132.851 78
132.851 79
132.861 80
132.861 81
132.87 76
132.87 77
132.88 78
132.88 79
132.89 80
132.89 81
132.899 78
132.899 79
132.909 80
132.909 81
132.918 82
132.918 83
132.928 78
132.928 79
132.938 80
132.938 81
132.947 82
132.947 83
132.957 79
132.957 80
132.966 81
132.966 82
132.976 83
132.976 84
132.986 80
132.986 81
132.995 82
132.995 83
133.005 84
133.005 85
133.014 80
133.014 81
133.024 82
133.024 83
133.034 84
133.034 85
133.043 80
133.043 81
133.053 82
133.053 83
133.062 84
133.062 85
133.072 82
133.072 83
133.082 84
133.082 85
133.091 86
133.101 82
133.101 83
133.11 84
133.11 85
133.12 86
133.13 82
133.13 83
133.139 84
133.139 85
133.149 86
133.158 87
133.158 88
133.168 84
133.168 85
133.178 86
133.187 87
133.187 88
133.197 84
133.197 85
133.207 86
133.227 82
133.227 83
133.237 84
133.237 85
133.247 86
133.26 82
133.26 83
133.27 84
133.27 85
133.28 86
133.293 82
133.293 83
133.303 84
133.303 85
133.313 86
133.324 82
133.324 83
133.334 84
133.334 85
133.344 86
133.355 82
133.355 83
133.365 84
133.365 85
133.375 86
133.385 83
133.385 84
133.395 85
133.395 86
133.408 83
133.408 84
133.419 85
133.419 86
133.439 83
133.439 84
133.449 85
133.449 86
133.466 83
133.466 84
133.476 85
133.476 86
133.492 82
133.492 83
133.502 84
133.502 85
133.512 86
133.521 82
133.521 83
133.532 84
133.532 85
133.541 86
133.551 82
133.551 83
133.561 84
133.561 85
133.571 86
133.585 82
133.585 83
133.595 84
133.595 85
133.605 86
133.618 82
133.618 83
133.628 84
133.628 85
133.638 86
133.647 83
133.647 84
133.657 85
133.657 86
133.673 82
133.673 83
133.683 84
133.683 85
133.693 86
133.703 85
133.703 86
133.726 83
133.726 84
133.736 85
133.736 86
133.746 84
133.746 85
133.756 86
133.777 82
133.777 83
133.787 84
133.787 85
133.797 86
133.81 82
133.81 83
133.818 84
133.818 85
133.826 86
133.843 82
133.843 83
133.851 84
133.851 85
133.859 86
133.872 82
133.872 83
133.88 84
133.88 85
133.888 86
133.905 83
133.905 84
133.913 85
133.913 86
133.921 84
133.921 85
133.929 84
133.958 81
133.958 82
133.966 83
133.966 84
133.985 78
133.985 79
133.992 80
133.992 81
134 82
134 83
134.008 84
134.018 79
134.018 80
134.026 81
134.026 82
134.033 83
134.033 84
134.044 79
134.044 80
134.057 81
134.057 82
134.07 83
134.07 84
134.084 79
134.084 80
134.097 81
134.097 82
134.11 77
134.11 78
134.123 79
134.123 80
134.136 75
134.136 76
134.149 77
134.149 78
134.162 79
134.162 80
134.176 76
134.176 77
134.189 78
134.189 79
134.202 75
134.202 76
134.215 77
134.215 78
134.228 74
134.241 75
134.241 76
134.254 77
134.254 78
134.268 75
134.268 76
134.277 77
134.277 78
134.287 74
134.297 75
134.297 76
134.307 77
134.307 78
134.317 74
134.327 75
134.327 76
134.337 77
134.337 78
134.346 74
134.356 75
134.356 76
134.366 77
134.366 78
134.376 74
134.376 75
134.386 76
134.386 77
134.396 78
134.396 79
134.406 74
134.406 75
134.416 76
134.416 77
134.426 78
134.426 79
134.436 77
134.436 78
134.446 79
134.446 80
134.456 81
134.456 82
134.466 79
134.466 80
134.476 81
134.476 82
134.486 83
134.486 84
134.496 80
134.496 81
134.506 82
134.506 83
134.517 78
134.517 79
134.527 80
134.527 81
134.537 82
134.537 83
134.547 79
134.547 80
134.557 81
134.557 82
134.567 83
134.567 84
134.577 80
134.577 81
134.587 82
134.587 83
134.597 84
134.597 85
134.607 82
134.607 83
134.617 84
134.617 85
134.629 81
134.629 82
134.639 83
134.639 84
134.649 85
134.656 81
134.656 82
134.666 83
134.666 84
134.676 85
134.689 82
134.689 83
134.699 84
134.699 85
134.715 82
134.715 83
134.725 84
134.725 85
134.742 80
134.742 81
134.752 82
134.752 83
134.762 84
134.762 85
134.779 80
134.779 81
134.79 82
134.79 83
134.8 84
134.8 85
134.81 80
134.81 81
134.82 82
134.82 83
134.83 84
134.83 85
134.84 80
134.84 81
134.85 82
134.85 83
134.86 84
134.86 85
134.87 80
134.87 81
134.88 82
134.88 83
134.89 84
134.89 85
134.9 80
134.9 81
134.911 82
134.911 83
134.921 84
134.93 80
134.93 81
134.94 82
134.94 83
134.95 84
134.956 80
134.956 81
134.966 82
134.966 83
134.976 84
134.989 79
134.989 80
134.999 81
134.999 82
135.009 83
135.009 84
135.019 79
135.019 80
135.03 81
135.03 82
135.04 83
135.04 84
135.05 80
135.05 81
135.06 82
135.06 83
135.07 84
135.073 80
135.073 81
135.085 82
135.085 83
135.095 84
135.102 79
135.102 80
135.112 81
135.112 82
135.122 83
135.122 84
135.135 80
135.135 81
135.145 82
135.145 83
135.155 84
135.161 80
135.161 81
135.171 82
135.171 83
135.182 84
135.197 80
135.197 81
135.207 82
135.207 83
135.217 84
135.223 81
135.223 82
135.233 83
135.233 84
135.25 80
135.25 81
135.26 82
135.26 83
135.27 84
135.285 79
135.285 80
135.295 81
135.295 82
135.305 83
135.305 84
135.316 79
135.316 80
135.326 81
135.326 82
135.336 83
135.336 84
135.347 79
135.347 80
135.357 81
135.357 82
135.367 83
135.367 84
135.378 79
135.378 80
135.388 81
135.388 82
135.398 83
135.398 84
135.408 80
135.408 81
135.418 82
135.418 83
135.428 84
135.437 80
135.437 81
135.448 82
135.448 83
135.458 84
135.464 80
135.464 81
135.474 82
135.474 83
135.484 84
135.495 79
135.495 80
135.505 81
135.505 82
135.515 83
135.515 84
135.525 79
135.525 80
135.535 81
135.535 82
135.545 83
135.545 84
135.557 79
135.557 80
135.567 81
135.567 82
135.577 83
135.577 84
135.587 80
135.587 81
135.597 82
135.597 83
135.607 84
135.61 80
135.61 81
135.62 82
135.62 83
135.628 84
135.641 80
135.641 81
135.649 82
135.649 83
135.657 84
135.667 80
135.667 81
135.675 82
135.675 83
135.683 84
135.702 80
135.702 81
135.71 82
135.71 83
135.719 84
135.731 81
135.731 82
135.739 83
135.739 84
135.758 80
135.758 81
135.766 82
135.766 83
135.774 84
135.791 79
135.791 80
135.799 81
135.799 82
135.807 83
135.807 84
135.822 79
135.822 80
135.835 81
135.835 82
135.848 83
135.848 84
135.862 79
135.862 80
135.875 81
135.875 82
135.889 77
135.889 78
135.902 79
135.902 80
135.916 76
135.916 77
135.93 78
135.93 79
135.944 75
135.944 76
135.958 75
135.958 76
135.972 77
135.972 78
135.986 73
135.986 74
136 75
136.014 71
136.014 72
136.028 73
136.028 74
136.042 69
136.042 70
136.052 71
136.052 72
136.063 73
136.063 74
136.073 69
136.073 70
136.084 71
136.084 72
136.094 68
136.094 69
136.105 70
136.105 71
136.115 72
136.115 73
136.126 69
136.126 70
136.136 71
136.136 72
136.146 68
136.146 69
136.158 70
136.158 71
136.168 72
136.168 73
136.179 70
136.179 71
136.189 72
136.189 73
136.199 69
136.199 70
136.21 71
136.21 72
136.221 73
136.221 74
136.231 70
136.231 71
136.242 72
136.242 73
136.252 74
136.263 72
136.263 73
136.273 74
136.284 71
136.284 72
136.294 73
136.294 74
136.305 75
136.315 72
136.315 73
136.326 74
136.336 71
136.336 72
136.347 73
136.347 74
136.357 75
136.367 73
136.367 74
136.378 75
136.389 76
136.389 77
136.399 74
136.399 75
136.41 76
136.41 77
136.42 78
136.42 79
136.431 76
136.431 77
136.441 78
136.441 79
136.452 75
136.452 76
136.462 77
136.462 78
136.473 79
136.473 80
136.483 78
136.483 79
136.494 80
136.494 81
136.504 76
136.504 77
136.515 78
136.515 79
136.525 80
136.525 81
136.536 76
136.536 77
136.546 78
136.546 79
136.557 80
136.557 81
136.567 76
136.567 77
136.578 78
136.578 79
136.588 80
136.588 81
136.599 77
136.599 78
136.61 79
136.61 80
136.62 81
136.62 82
136.631 78
136.631 79
136.641 80
136.641 81
136.652 82
136.652 77
136.652 78
136.667 79
136.667 80
136.678 81
136.678 82
136.688 77
136.688 78
136.699 79
136.699 80
136.709 81
136.709 82
136.72 77
136.72 78
136.73 79
136.73 80
136.741 81
136.741 82
136.751 77
136.751 78
136.762 79
136.762 80
136.772 81
136.772 82
136.783 79
136.783 80
136.793 81
136.793 82
136.804 77
136.804 78
136.815 79
136.815 80
136.825 81
136.825 82
136.836 78
136.836 79
136.846 80
136.846 81
136.857 82
136.859 78
136.859 79
136.872 80
136.872 81
136.883 82
136.892 77
136.892 78
136.903 79
136.903 80
136.914 81
136.914 82
136.926 78
136.926 79
136.936 80
136.936 81
136.947 82
136.952 78
136.952 79
136.963 80
136.963 81
136.973 82
136.983 77
136.983 78
136.994 79
136.994 80
137.004 81
137.004 82
137.014 78
137.014 79
137.025 80
137.025 81
137.036 82
137.04 78
137.04 79
137.051 80
137.051 81
137.062 82
137.071 77
137.071 78
137.082 79
137.082 80
137.092 81
137.092 82
137.107 77
137.107 78
137.117 79
137.117 80
137.128 81
137.128 82
137.138 78
137.138 79
137.149 80
137.149 81
137.159 82
137.162 79
137.162 80
137.175 81
137.175 82
137.188 77
137.188 78
137.199 79
137.199 80
137.209 81
137.209 82
137.22 79
137.22 80
137.23 81
137.23 82
137.241 77
137.241 78
137.252 79
137.252 80
137.262 81
137.262 82
137.272 77
137.272 78
137.283 79
137.283 80
137.294 81
137.294 82
137.305 78
137.305 79
137.316 80
137.316 81
137.326 82
137.332 77
137.332 78
137.342 79
137.342 80
137.353 81
137.353 82
137.365 78
137.365 79
137.373 80
137.373 81
137.382 82
137.396 77
137.396 78
137.404 79
137.404 80
137.413 81
137.413 82
137.433 78
137.433 79
137.442 80
137.442 81
137.45 82
137.462 78
137.462 79
137.471 80
137.471 81
137.479 82
137.493 77
137.493 78
137.501 79
137.501 80
137.51 81
137.51 82
137.524 78
137.524 79
137.532 80
137.532 81
137.541 82
137.55 78
137.55 79
137.559 80
137.559 81
137.567 82
137.581 78
137.581 79
137.595 80
137.595 81
137.609 77
137.609 78
137.623 79
137.623 80
137.637 81
137.637 82
137.651 76
137.651 77
137.665 78
137.665 79
137.679 74
137.679 75
137.693 76
137.693 77
137.708 74
137.708 75
137.722 76
137.722 77
137.736 73
137.736 74
137.75 75
137.764 71
137.764 72
137.778 73
137.778 74
137.792 69
137.792 70
137.806 71
137.806 72
137.82 73
137.82 74
137.834 69
137.834 70
137.844 71
137.844 72
137.855 68
137.855 69
137.865 70
137.865 71
137.875 67
137.875 68
137.886 69
137.886 70
137.897 71
137.897 72
137.907 69
137.907 70
137.918 71
137.918 72
137.928 73
137.928 74
137.939 70
137.939 71
137.949 72
137.949 73
137.96 74
137.97 71
137.97 72
137.981 73
137.981 74
137.991 75
138.002 71
138.002 72
138.012 73
138.012 74
138.023 75
138.033 71
138.033 72
138.044 73
138.044 74
138.054 71
138.054 72
138.065 73
138.065 74
138.075 75
138.086 73
138.086 74
138.096 75
138.107 76
138.107 77
138.117 73
138.117 74
138.128 75
138.138 76
138.138 77
138.149 74
138.149 75
138.16 76
138.16 77
138.17 78
138.17 79
138.18 75
138.18 76
138.191 77
138.202 78
138.202 79
138.212 80
138.212 81
138.223 78
138.223 79
138.233 80
138.233 81
138.244 82
138.244 78
138.244 79
138.259 80
138.259 81
138.27 82
138.27 80
138.27 81
138.286 82
138.297 78
138.297 79
138.307 80
138.307 81
138.318 82
138.323 78
138.323 79
138.334 80
138.334 81
138.344 82
138.352 77
138.352 78
138.362 79
138.362 80
138.373 81
138.373 82
138.387 79
138.387 80
138.398 81
138.398 82
138.414 77
138.414 78
138.424 79
138.424 80
138.435 81
138.435 82
138.445 77
138.445 78
138.456 79
138.456 80
138.466 81
138.466 82
138.478 77
138.478 78
138.488 79
138.488 80
138.499 81
138.499 82
138.509 77
138.509 78
138.52 79
138.52 80
138.53 81
138.53 82
138.541 77
138.541 78
138.551 79
138.551 80
138.562 81
138.562 82
138.572 79
138.572 80
138.583 81
138.583 82
138.599 77
138.599 78
138.61 79
138.61 80
138.62 81
138.62 82
138.63 77
138.63 78
138.641 79
138.641 80
138.652 81
138.652 82
138.663 78
138.663 79
138.674 80
138.674 81
138.684 82
138.69 78
138.69 79
138.7 80
138.7 81
138.711 82
138.721 78
138.721 79
138.731 80
138.731 81
138.742 82
138.747 79
138.747 80
138.758 81
138.758 82
138.774 79
138.774 80
138.784 81
138.784 82
138.802 77
138.802 78
138.813 79
138.813 80
138.824 81
138.824 82
138.834 78
138.834 79
138.845 80
138.845 81
138.855 82
138.855 78
138.855 79
138.871 80
138.871 81
138.882 82
138.891 79
138.891 80
138.901 81
138.901 82
138.917 77
138.917 78
138.928 79
138.928 80
138.938 81
138.938 82
138.948 77
138.948 78
138.96 79
138.96 80
138.97 81
138.97 82
138.981 77
138.981 78
138.992 79
138.992 80
139.002 81
139.002 82
139.014 77
139.014 78
139.025 79
139.025 80
139.036 81
139.036 82
139.045 77
139.045 78
139.057 79
139.057 80
139.067 81
139.067 82
139.078 79
139.078 80
139.088 81
139.088 82
139.105 77
139.105 78
139.115 79
139.115 80
139.126 81
139.126 82
139.136 77
139.136 78
139.147 79
139.147 80
139.158 81
139.158 82
139.169 78
139.169 79
139.177 80
139.177 81
139.186 82
139.195 79
139.195 80
139.204 81
139.204 82
139.222 78
139.222 79
139.23 80
139.23 81
139.239 82
139.248 78
139.248 79
139.257 80
139.257 81
139.265 82
139.279 79
139.279 80
139.288 81
139.288 82
139.308 78
139.308 79
139.317 80
139.317 81
139.325 82
139.335 78
139.335 79
139.343 80
139.343 81
139.351 82
139.363 77
139.363 78
139.372 79
139.372 80
139.38 81
139.38 82
139.399 78
139.399 79
139.413 80
139.413 81
139.427 77
139.427 78
139.441 79
139.441 80
139.455 81
139.455 82
139.469 77
139.469 78
139.483 79
139.483 80
139.497 75
139.497 76
139.511 77
139.511 78
139.526 74
139.54 75
139.54 76
139.554 72
139.554 73
139.568 74
139.582 72
139.582 73
139.596 74
139.61 72
139.61 73
139.624 74
139.639 70
139.639 71
139.649 72
139.649 73
139.66 68
139.66 69
139.67 70
139.67 71
139.681 72
139.681 73
139.691 69
139.691 70
139.702 71
139.702 72
139.713 73
139.713 74
139.723 70
139.723 71
139.734 72
139.734 73
139.744 69
139.744 70
139.755 71
139.755 72
139.766 73
139.766 74
139.777 71
139.777 72
139.788 73
139.788 74
139.799 75
139.809 72
139.809 73
139.82 74
139.831 75
139.831 76
139.842 73
139.842 74
139.853 75
139.864 71
139.864 72
139.874 73
139.874 74
139.885 75
139.896 73
139.896 74
139.907 75
139.917 73
139.917 74
139.929 75
139.939 76
139.939 77
139.95 74
139.95 75
139.961 76
139.961 77
139.972 78
139.972 79
139.983 76
139.983 77
139.994 78
139.994 79
140.004 74
140.004 75
140.015 76
140.015 77
140.026 78
140.026 79
140.037 80
140.039 76
140.039 77
140.053 78
140.053 79
140.064 80
140.065 78
140.065 79
140.08 80
140.092 77
140.092 78
140.103 79
140.103 80
140.121 75
140.121 76
140.131 77
140.131 78
140.142 79
140.142 80
140.153 75
140.153 76
140.164 77
140.164 78
140.175 79
140.175 80
140.186 76
140.186 77
140.196 78
140.196 79
140.207 80
140.209 76
140.209 77
140.224 78
140.224 79
140.234 80
140.24 75
140.24 76
140.251 77
140.251 78
140.261 79
140.261 80
140.272 77
140.272 78
140.283 79
140.283 80
140.299 75
140.299 76
140.31 77
140.31 78
140.321 79
140.321 80
140.332 75
140.332 76
140.343 77
140.343 78
140.354 79
140.354 80
140.364 77
140.364 78
140.375 79
140.375 80
140.386 75
140.386 76
140.397 77
140.397 78
140.408 79
140.408 80
140.419 77
140.419 78
140.429 79
140.429 80
140.443 75
140.443 76
140.454 77
140.454 78
140.465 79
140.465 80
140.475 75
140.475 76
140.486 77
140.486 78
140.497 79
140.497 80
140.507 77
140.507 78
140.519 79
140.519 80
140.533 76
140.533 77
140.544 78
140.544 79
140.555 80
140.564 77
140.564 78
140.575 79
140.575 80
140.593 77
140.593 78
140.604 79
140.604 80
140.622 75
140.622 76
140.633 77
140.633 78
140.643 79
140.643 80
140.654 75
140.654 76
140.665 77
140.665 78
140.676 79
140.676 80
140.687 76
140.687 77
140.698 78
140.698 79
140.708 80
140.712 76
140.712 77
140.725 78
140.725 79
140.736 80
140.741 75
140.741 76
140.752 77
140.752 78
140.763 79
140.763 80
140.774 77
140.774 78
140.784 79
140.784 80
140.801 76
140.801 77
140.811 78
140.811 79
140.822 80
140.827 76
140.827 77
140.839 78
140.839 79
140.849 80
140.856 75
140.856 76
140.867 77
140.867 78
140.878 79
140.878 80
140.889 75
140.889 76
140.9 77
140.9 78
140.911 79
140.911 80
140.922 77
140.922 78
140.933 79
140.933 80
140.949 75
140.949 76
140.959 77
140.959 78
140.97 79
140.97 80
140.981 75
140.981 76
140.992 77
140.992 78
141.003 79
141.003 80
141.013 77
141.013 78
141.022 79
141.022 80
141.039 76
141.039 77
141.048 78
141.048 79
141.056 80
141.07 77
141.07 78
141.079 79
141.079 80
141.099 77
141.099 78
141.107 79
141.107 80
141.127 75
141.127 76
141.136 77
141.136 78
141.145 79
141.145 80
141.156 77
141.156 78
141.165 79
141.165 80
141.183 75
141.183 76
141.191 77
141.191 78
141.2 79
141.2 80
141.214 76
141.214 77
141.222 78
141.24 74
141.24 75
141.254 76
141.254 77
141.269 78
141.271 74
141.291 75
141.291 76
141.305 77
141.305 78
141.32 74
141.334 75
141.334 76
141.348 73
141.348 74
141.363 70
141.363 71
141.377 72
141.377 73
141.392 74
141.406 70
141.406 71
141.421 72
141.421 73
141.435 69
141.435 70
141.45 71
141.45 72
141.464 68
141.464 69
141.475 70
141.475 71
141.486 66
141.486 67
141.497 68
141.497 69
141.507 70
141.507 71
141.518 68
141.518 69
141.529 70
141.529 71
141.54 67
141.54 68
141.551 69
141.551 70
141.562 71
141.562 72
141.572 69
141.572 70
141.583 71
141.583 72
141.594 73
141.594 74
141.605 71
141.605 72
141.616 73
141.616 74
141.626 70
141.626 71
141.637 72
141.637 73
141.648 74
141.659 71
141.659 72
141.67 73
141.67 74
141.681 75
141.692 71
141.692 72
141.702 73
141.702 74
141.713 75
141.724 72
141.724 73
141.735 74
141.746 75
141.746 76
141.757 73
141.757 74
141.768 75
141.778 76
141.778 77
141.789 74
141.789 75
141.8 76
141.8 77
141.811 78
141.816 75
141.816 76
141.827 77
141.827 78
141.843 75
141.843 76
141.854 77
141.854 78
141.872 75
141.872 76
141.882 77
141.882 78
141.9 75
141.9 76
141.911 77
141.911 78
141.929 75
141.929 76
141.94 77
141.94 78
141.958 74
141.968 75
141.968 76
141.979 77
141.979 78
141.991 74
141.991 75
142.002 76
142.002 77
142.012 78
142.283 33
142.474 0
142.48 1
142.486 2
142.491 3
142.497 4
142.706 0
142.706 1
142.706 2
142.706 3
142.706 4
142.706 5
142.706 6
142.706 7
142.706 8
142.706 9
142.713 10
142.724 11
142.724 12
142.735 13
142.735 14
142.747 15
142.747 16
142.758 17
142.758 18
142.769 19
142.769 20
142.78 21
142.78 22
142.791 23
142.803 24
142.803 25
142.814 26
142.814 27
142.825 28
142.825 29
142.836 30
142.836 31
142.847 32
142.847 33
142.859 34
142.87 35
142.87 36
142.881 37
142.881 38
142.892 39
142.892 40
142.903 41
142.903 42
142.915 43
142.915 44
142.926 45
142.926 46
142.937 39
142.948 40
142.948 41
142.959 39
142.959 40
142.971 41
142.971 42
142.981 39
142.981 40
142.993 41
142.993 42
143.004 43
143.004 44
143.015 41
143.015 42
143.026 43
143.026 44
143.038 45
143.038 46
143.049 43
143.049 44
143.06 45
143.06 46
143.071 47
143.071 48
143.082 45
143.082 46
143.094 47
143.094 48
143.105 49
143.105 50
143.116 47
143.116 48
143.127 49
143.127 50
143.138 51
143.15 49
143.15 50
143.159 51
143.168 52
143.168 53
143.177 50
143.177 51
143.186 52
143.186 53
143.194 54
143.194 55
143.203 56
143.203 57
143.212 58
143.212 59
143.221 56
143.221 57
143.23 58
143.23 59
143.239 60
143.239 61
143.248 58
143.248 59
143.257 60
143.257 61
143.266 62
143.275 63
143.275 64
143.284 62
143.293 63
143.293 64
143.302 65
143.302 66
143.31 63
143.31 64
143.32 65
143.32 66
143.329 64
143.329 65
143.338 66
143.338 67
143.347 68
143.347 69
143.356 67
143.356 68
143.371 69
143.371 70
143.386 65
143.386 66
143.4 67
143.4 68
143.415 69
143.415 70
143.43 67
143.43 68
143.445 69
143.445 70
143.46 67
143.46 68
143.475 69
143.475 70
143.49 67
143.49 68
143.505 69
143.505 70
143.52 65
143.52 66
143.535 67
143.535 68
143.55 69
143.55 70
143.565 65
143.565 66
143.58 67
143.58 68
143.595 63
143.595 64
143.606 65
143.606 66
143.617 67
143.617 68
143.628 65
143.628 66
143.639 67
143.639 68
143.65 64
143.65 65
143.662 66
143.662 67
143.673 68
143.673 69
143.684 66
143.684 67
143.695 68
143.695 69
143.707 65
143.707 66
143.718 67
143.718 68
143.729 69
143.729 70
143.74 71
143.74 72
143.751 67
143.751 68
143.763 69
143.763 70
143.774 71
143.774 72
143.785 67
143.785 68
143.796 69
143.796 70
143.807 71
143.807 72
143.819 67
143.819 68
143.83 69
143.83 70
143.841 71
143.841 72
143.852 69
143.852 70
143.863 71
143.863 72
143.875 69
143.875 70
143.886 71
143.886 72
143.897 69
143.897 70
143.908 71
143.908 72
143.919 73
143.919 74
143.931 71
143.931 72
143.942 73
143.942 74
143.953 75
143.964 73
143.964 74
143.975 75
143.986 72
143.986 73
143.998 74
144.009 75
144.009 76
144.02 74
144.02 75
144.031 76
144.041 74
144.052 75
144.052 76
144.07 74
144.081 75
144.081 76
144.096 74
144.107 75
144.107 76
144.123 73
144.123 74
144.134 75
144.145 76
144.149 73
144.149 74
144.162 75
144.173 76
144.185 73
144.185 74
144.196 75
144.207 76
144.211 73
144.211 74
144.224 75
144.235 76
144.244 73
144.244 74
144.255 75
144.267 76
144.271 73
144.271 74
144.283 75
144.295 76
144.304 72
144.304 73
144.315 74
144.326 75
144.326 76
144.339 73
144.339 74
144.35 75
144.361 76
144.366 74
144.378 75
144.378 76
144.392 73
144.392 74
144.403 75
144.414 76
144.423 74
144.434 75
144.434 76
144.452 74
144.474 73
144.495 72
144.517 71
144.522 70
144.524 69
144.56 67
144.56 68
144.571 69
144.586 66
144.586 67
144.598 68
144.598 69
144.615 66
144.615 67
144.626 68
144.626 69
144.642 65
144.642 66
144.653 67
144.653 68
144.664 69
144.668 66
144.668 67
144.681 68
144.681 69
144.695 66
144.695 67
144.705 65
144.705 66
144.717 67
144.717 68
144.728 66
144.728 67
144.739 68
144.752 65
144.752 66
144.763 67
144.763 68
144.778 64
144.778 65
144.79 66
144.79 67
144.801 68
144.812 64
144.812 65
144.823 66
144.823 67
144.834 68
144.838 65
144.838 66
144.851 67
144.851 68
144.862 64
144.862 65
144.873 66
144.873 67
144.884 65
144.884 66
144.896 67
144.907 63
144.907 64
144.918 65
144.918 66
144.929 67
144.94 64
144.94 65
144.949 66
144.949 67
144.966 64
144.966 65
144.975 66
144.975 67
144.985 68
144.985 69
144.994 70
144.994 71
145.003 68
145.003 69
145.013 70
145.013 71
145.022 72
145.022 73
145.031 72
145.031 73
145.041 74
145.057 72
145.057 73
145.066 74
145.083 71
145.083 72
145.092 73
145.092 74
145.112 70
145.112 71
145.121 72
145.121 73
145.131 74
145.138 70
145.138 71
145.148 72
145.148 73
145.157 74
145.165 72
145.165 73
145.18 74
145.191 71
145.191 72
145.207 73
145.207 74
145.222 70
145.222 71
145.238 72
145.238 73
145.254 70
145.254 71
145.269 72
145.269 73
145.285 70
145.285 71
145.3 72
145.3 73
145.316 69
145.316 70
145.331 71
145.331 72
145.347 68
145.347 69
145.362 70
145.362 71
145.378 66
145.378 67
145.393 68
145.393 69
145.409 65
145.409 66
145.421 67
145.421 68
145.432 64
145.432 65
145.444 66
145.444 67
145.455 68
145.455 69
145.467 64
145.467 65
145.479 66
145.479 67
145.49 62
145.49 63
145.502 64
145.502 65
145.514 66
145.514 67
145.525 63
145.525 64
145.537 65
145.537 66
145.549 67
145.549 68
145.56 64
145.56 65
145.572 66
145.572 67
145.584 63
145.584 64
145.595 65
145.595 66
145.607 67
145.607 68
145.619 64
145.619 65
145.63 66
145.63 67
145.642 64
145.642 65
145.654 66
145.654 67
145.665 63
145.665 64
145.677 65
145.677 66
145.689 67
145.689 68
145.7 64
145.7 65
145.712 66
145.712 67
145.723 65
145.723 66
145.735 67
145.735 68
145.747 69
145.747 70
145.758 67
145.758 68
145.77 69
145.77 70
145.782 66
145.782 67
145.793 68
145.793 69
145.805 67
145.805 68
145.817 69
145.817 70
145.828 67
145.828 68
145.84 69
145.84 70
145.852 71
145.852 72
145.863 68
145.863 69
145.875 70
145.875 71
145.887 68
145.887 69
145.898 70
145.898 71
145.91 67
145.91 68
145.922 69
145.922 70
145.933 71
145.933 72
145.944 68
145.944 69
145.957 70
145.957 71
145.968 72
145.968 73
145.98 69
145.98 70
145.991 71
145.991 72
146.003 73
146.003 74
146.015 71
146.015 72
146.026 73
146.026 74
146.038 71
146.038 72
146.05 73
146.05 74
146.061 70
146.061 71
146.073 72
146.073 73
146.085 74
146.088 71
146.088 72
146.102 73
146.102 74
146.114 70
146.114 71
146.126 72
146.126 73
146.138 74
146.143 71
146.143 72
146.155 73
146.155 74
146.172 70
146.172 71
146.183 72
146.183 73
146.195 74
146.198 71
146.198 72
146.212 73
146.212 74
146.225 71
146.225 72
146.236 73
146.236 74
146.251 70
146.251 71
146.263 72
146.263 73
146.275 74
146.282 71
146.282 72
146.294 73
146.294 74
146.311 71
146.311 72
146.322 73
146.322 74
146.337 69
146.337 70
146.349 71
146.349 72
146.361 73
146.361 74
146.373 69
146.373 70
146.384 71
146.384 72
146.396 73
146.396 74
146.408 71
146.408 72
146.419 73
146.419 74
146.432 71
146.432 72
146.444 73
146.444 74
146.461 69
146.461 70
146.473 71
146.473 72
146.484 73
146.484 74
146.496 71
146.496 72
146.508 73
146.508 74
146.521 70
146.521 71
146.532 72
146.532 73
146.544 74
146.547 70
146.547 71
146.561 72
146.561 73
146.573 74
146.587 70
146.587 71
146.598 72
146.598 73
146.61 74
146.618 70
146.618 71
146.629 72
146.629 73
146.641 74
146.646 69
146.646 70
146.659 71
146.659 72
146.67 73
146.67 74
146.682 70
146.682 71
146.693 72
146.693 73
146.705 74
146.715 69
146.715 70
146.724 71
146.724 72
146.734 73
146.734 74
146.755 70
146.755 71
146.764 72
146.764 73
146.773 74
146.788 70
146.788 71
146.797 72
146.797 73
146.806 74
146.814 71
146.814 72
146.824 73
146.824 74
146.841 71
146.841 72
146.85 73
146.85 74
146.867 70
146.867 71
146.877 72
146.877 73
146.886 74
146.905 69
146.905 70
146.914 71
146.914 72
146.923 73
146.923 74
146.94 71
146.94 72
146.956 73
146.956 74
146.971 70
146.971 71
146.987 72
146.987 73
147.002 69
147.002 70
147.018 71
147.018 72
147.033 69
147.033 70
147.049 71
147.049 72
147.064 68
147.064 69
147.079 67
147.079 68
147.095 69
147.095 70
147.111 66
147.111 67
147.127 68
147.127 69
147.142 64
147.142 65
147.158 63
147.158 64
147.192 61
147.192 62
147.203 63
147.215 64
147.218 60
147.218 61
147.233 62
147.244 63
147.244 64
147.262 61
147.262 62
147.274 63
147.286 64
147.296 60
147.296 61
147.307 62
147.319 63
147.319 64
147.331 62
147.342 63
147.342 64
147.354 62
147.365 63
147.365 64
147.377 62
147.389 63
147.389 64
147.408 60
147.408 61
147.42 62
147.432 63
147.432 64
147.446 61
147.446 62
147.457 63
147.469 64
147.472 61
147.472 62
147.487 63
147.498 64
147.512 62
147.524 63
147.524 64
147.543 62
147.555 63
147.555 64
147.572 62
147.583 63
147.583 64
147.6 62
147.612 63
147.612 64
147.629 62
147.641 63
147.641 64
147.653 65
147.653 66
147.666 67
147.666 68
147.678 64
147.678 65
147.69 66
147.69 67
147.702 64
147.702 65
147.714 66
147.714 67
147.726 64
147.726 65
147.739 66
147.739 67
147.751 68
147.751 69
147.763 65
147.763 66
147.776 67
147.776 68
147.788 69
147.788 70
147.8 65
147.8 66
147.812 67
147.812 68
147.824 65
147.824 66
147.837 67
147.837 68
147.849 69
147.849 70
147.861 65
147.861 66
147.873 67
147.873 68
147.885 69
147.885 70
147.898 65
147.898 66
147.91 67
147.91 68
147.922 69
147.922 70
147.934 67
147.934 68
147.947 69
147.947 70
147.962 65
147.962 66
147.975 67
147.975 68
147.987 69
147.987 70
148.002 67
148.002 68
148.014 69
148.014 70
148.033 67
148.033 68
148.045 69
148.045 70
148.06 67
148.06 68
148.072 69
148.072 70
148.093 67
148.093 68
148.105 69
148.105 70
148.121 66
148.121 67
148.134 68
148.134 69
148.146 70
148.148 68
148.148 69
148.164 70
148.174 66
148.174 67
148.187 68
148.187 69
148.199 70
148.201 66
148.201 67
148.217 68
148.217 69
148.229 70
148.236 66
148.236 67
148.248 68
148.248 69
148.261 70
148.263 66
148.263 67
148.279 68
148.279 69
148.291 70
148.298 66
148.298 67
148.31 68
148.31 69
148.322 70
148.325 66
148.325 67
148.341 68
148.341 69
148.353 70
148.36 66
148.36 67
148.372 68
148.372 69
148.384 70
148.386 67
148.386 68
148.403 69
148.403 70
148.415 67
148.415 68
148.427 69
148.427 70
148.439 68
148.439 69
148.452 70
148.468 65
148.468 66
148.48 67
148.48 68
148.492 69
148.492 70
148.508 67
148.508 68
148.518 67
148.518 68
148.527 69
148.527 70
148.55 67
148.55 68
148.56 69
148.56 70
148.578 67
148.578 68
148.588 69
148.588 70
148.612 67
148.612 68
148.621 69
148.621 70
148.638 66
148.638 67
148.648 68
148.648 69
148.658 70
148.669 67
148.669 68
148.679 69
148.679 70
148.695 67
148.695 68
148.705 69
148.705 70
148.722 66
148.722 67
148.738 68
148.738 69
148.755 65
148.755 66
148.771 67
148.771 68
148.787 69
148.787 70
148.803 66
148.803 67
148.819 63
148.819 64
148.836 65
148.836 66
148.852 62
148.852 63
148.869 64
148.869 65
148.885 62
148.901 63
148.901 64
148.917 62
148.934 63
148.934 64
148.95 62
148.962 63
148.962 64
148.974 62
148.974 63
148.987 64
148.987 65
148.999 62
148.999 63
149.011 64
149.011 65
149.023 61
149.023 62
149.035 63
149.048 64
149.048 65
149.06 62
149.06 63
149.072 64
149.072 65
149.084 66
149.084 67
149.097 64
149.097 65
149.109 66
149.109 67
149.121 64
149.121 65
149.133 66
149.133 67
149.145 63
149.145 64
149.158 65
149.158 66
149.17 67
149.17 68
149.182 65
149.182 66
149.194 67
149.194 68
149.206 64
149.206 65
149.219 66
149.219 67
149.231 64
149.231 65
149.243 66
149.243 67
149.255 65
149.255 66
149.268 67
149.268 68
149.28 69
149.28 70
149.292 66
149.292 67
149.304 68
149.304 69
149.316 67
149.316 68
149.329 69
149.329 70
149.341 67
149.341 68
149.353 69
149.353 70
149.369 67
149.369 68
149.381 69
149.381 70
149.398 67
149.398 68
149.41 69
149.41 70
149.426 67
149.426 68
149.439 69
149.439 70
149.459 66
149.459 67
149.472 68
149.472 69
149.484 70
149.486 68
149.486 69
149.502 70
149.512 65
149.512 66
149.525 67
149.525 68
149.537 69
149.537 70
149.549 65
149.549 66
149.561 67
149.561 68
149.573 69
149.573 70
149.586 67
149.586 68
149.598 69
149.598 70
149.61 66
149.61 67
149.622 68
149.622 69
149.635 66
149.635 67
149.647 68
149.647 69
149.659 65
149.659 66
149.671 67
149.671 68
149.683 69
149.683 70
149.696 67
149.696 68
149.708 69
149.708 70
149.72 65
149.72 66
149.732 67
149.732 68
149.744 69
149.744 70
149.757 65
149.757 66
149.769 67
149.769 68
149.781 69
149.781 70
149.793 66
149.793 67
149.806 68
149.806 69
149.818 65
149.818 66
149.83 67
149.83 68
149.842 69
149.842 70
149.854 67
149.854 68
149.867 69
149.867 70
149.879 66
149.879 67
149.891 68
149.891 69
149.903 67
149.903 68
149.915 69
149.915 70
149.932 66
149.932 67
149.944 68
149.944 69
149.956 70
149.961 67
149.961 68
149.975 69
149.975 70
149.987 67
149.987 68
149.999 69
149.999 70
150.014 66
150.014 67
150.026 68
150.026 69
150.038 70
150.047 67
150.047 68
150.059 69
150.059 70
150.075 65
150.075 66
150.088 67
150.088 68
150.1 69
150.1 70
150.117 65
150.117 66
150.13 67
150.13 68
150.142 69
150.142 70
150.154 67
150.154 68
150.166 69
150.166 70
150.179 65
150.179 66
150.191 67
150.191 68
150.204 69
150.204 70
150.216 67
150.216 68
150.228 69
150.228 70
150.243 65
150.243 66
150.255 67
150.255 68
150.268 69
150.268 70
150.28 65
150.28 66
150.292 67
150.292 68
150.304 69
150.304 70
150.317 67
150.317 68
150.326 69
150.326 70
150.34 65
150.34 66
150.35 67
150.35 68
150.36 69
150.36 70
150.378 67
150.378 68
150.388 69
150.388 70
150.404 67
150.404 68
150.414 69
150.414 70
150.435 66
150.435 67
150.445 68
150.445 69
150.455 70
150.464 67
150.464 68
150.474 69
150.474 70
150.491 67
150.491 68
150.5 69
150.5 70
150.517 66
150.517 67
150.527 68
150.527 69
150.537 70
150.555 66
150.555 67
150.571 68
150.571 69
150.587 67
150.587 68
150.603 69
150.603 70
150.62 66
150.62 67
150.636 68
150.636 69
150.652 65
150.652 66
150.669 67
150.669 68
150.685 63
150.685 64
150.701 65
150.701 66
150.717 63
150.717 64
150.734 65
150.734 66
150.75 63
150.75 64
150.766 65
150.766 66
150.783 62
150.783 63
150.795 60
150.795 61
150.807 62
150.819 63
150.819 64
150.831 60
150.831 61
150.844 62
150.856 63
150.856 64
150.868 61
150.868 62
150.88 63
150.893 61
150.893 62
150.905 63
150.917 62
150.929 63
150.929 64
150.941 61
150.941 62
150.954 63
150.966 64
150.966 65
150.978 62
150.978 63
150.99 64
150.99 65
151.002 62
151.015 63
151.015 64
151.027 62
151.039 63
151.039 64
151.052 65
151.052 66
151.064 63
151.064 64
151.077 65
151.077 66
151.089 63
151.089 64
151.102 65
151.102 66
151.115 67
151.115 68
151.127 65
151.127 66
151.14 67
151.14 68
151.152 65
151.152 66
151.165 67
151.165 68
151.182 65
151.182 66
151.194 67
151.194 68
151.213 65
151.213 66
151.225 67
151.225 68
151.246 64
151.246 65
151.258 66
151.258 67
151.271 68
151.272 65
151.272 66
151.29 67
151.29 68
151.302 65
151.302 66
151.315 67
151.315 68
151.327 66
151.327 67
151.34 68
151.352 63
151.352 64
151.364 65
151.364 66
151.377 67
151.377 68
151.389 65
151.389 66
151.402 67
151.402 68
151.418 63
151.418 64
151.43 65
151.43 66
151.443 67
151.443 68
151.456 65
151.456 66
151.468 67
151.468 68
151.482 64
151.482 65
151.494 66
151.494 67
151.507 68
151.508 66
151.508 67
151.526 68
151.535 64
151.535 65
151.547 66
151.547 67
151.56 68
151.561 64
151.561 65
151.579 66
151.579 67
151.591 68
151.599 64
151.599 65
151.612 66
151.612 67
151.624 68
151.625 65
151.625 66
151.643 67
151.643 68
151.655 66
151.655 67
151.668 68
151.681 65
151.681 66
151.693 67
151.693 68
151.712 65
151.712 66
151.724 67
151.724 68
151.745 63
151.745 64
151.757 65
151.757 66
151.77 67
151.77 68
151.782 66
151.782 67
151.795 68
151.802 64
151.802 65
151.815 66
151.815 67
151.827 68
151.829 65
151.829 66
151.846 67
151.846 68
151.864 65
151.864 66
151.876 67
151.876 68
151.89 65
151.89 66
151.903 67
151.903 68
151.921 63
151.921 64
151.934 65
151.934 66
151.946 67
151.946 68
151.959 64
151.959 65
151.971 66
151.971 67
151.984 68
151.985 64
151.985 65
152.003 66
152.003 67
152.015 65
152.015 66
152.028 67
152.028 68
152.04 64
152.04 65
152.053 66
152.053 67
152.065 65
152.065 66
152.078 67
152.078 68
152.096 64
152.096 65
152.108 66
152.108 67
152.121 68
152.129 64
152.129 65
152.139 66
152.139 67
152.149 68
152.16 64
152.16 65
152.17 66
152.17 67
152.18 68
152.195 65
152.195 66
152.205 67
152.205 68
152.228 65
152.228 66
152.238 67
152.238 68
152.261 63
152.261 64
152.271 65
152.271 66
152.281 67
152.281 68
152.299 64
152.299 65
152.309 66
152.309 67
152.319 68
152.334 64
152.334 65
152.344 66
152.344 67
152.354 68
152.365 65
152.365 66
152.382 67
152.382 68
152.399 65
152.399 66
152.415 67
152.415 68
152.432 64
152.432 65
152.449 66
152.449 67
152.465 65
152.465 66
152.482 62
152.482 63
152.499 64
152.499 65
152.516 62
152.516 63
152.532 64
152.532 65
152.549 62
152.549 63
152.566 60
152.566 61
152.582 62
152.599 61
152.599 62
152.612 63
152.624 60
152.624 61
152.637 62
152.649 59
152.649 60
152.662 61
152.662 62
152.674 59
152.674 60
152.687 61
152.687 62
152.699 63
152.712 62
152.724 63
152.724 64
152.949 36
153.191 2
153.191 3
153.191 4
153.217 3
153.224 4
153.478 1
153.478 2
153.491 3
153.491 4
153.503 5
153.503 6
153.516 7
153.528 8
153.528 9
153.541 10
153.541 11
153.553 12
153.553 13
153.566 14
153.578 15
153.578 16
153.591 17
153.591 18
153.604 19
153.604 20
153.616 21
153.616 22
153.629 23
153.629 24
153.641 25
153.654 26
153.654 27
153.666 28
153.666 29
153.679 30
153.679 31
153.691 32
153.691 33
153.704 34
153.704 35
153.716 32
153.716 33
153.726 34
153.726 35
153.736 36
153.736 37
153.746 34
153.746 35
153.756 36
153.756 37
153.766 38
153.777 36
153.777 37
153.787 38
153.797 39
153.797 40
153.807 37
153.807 38
153.817 39
153.817 40
153.827 41
153.827 42
153.837 43
153.837 44
153.847 41
153.847 42
153.857 43
153.857 44
153.867 45
153.867 46
153.877 47
153.877 48
153.887 45
153.887 46
153.897 47
153.897 48
153.907 49
153.907 50
153.917 51
153.927 49
153.927 50
153.937 51
153.947 52
153.947 53
153.957 54
153.957 55
153.967 52
153.967 53
153.984 54
153.984 55
154 56
154 57
154.017 55
154.017 56
154.034 54
154.034 55
154.051 56
154.051 57
154.067 58
154.067 59
154.084 56
154.084 57
154.101 58
154.101 59
154.117 56
154.117 57
154.134 54
154.134 55
154.151 56
154.151 57
154.168 54
154.168 55
154.184 56
154.184 57
154.201 52
154.201 53
154.214 54
154.214 55
154.226 56
154.226 57
154.239 52
154.239 53
154.251 54
154.251 55
154.264 56
154.264 57
154.276 52
154.276 53
154.289 54
154.289 55
154.301 56
154.301 57
154.314 54
154.314 55
154.326 56
154.326 57
154.339 52
154.339 53
154.351 54
154.351 55
154.364 56
154.364 57
154.376 54
154.376 55
154.389 56
154.389 57
154.402 54
154.402 55
154.414 56
154.414 57
154.427 58
154.427 59
154.439 56
154.439 57
154.452 56
154.452 57
154.464 58
154.464 59
154.477 60
154.477 61
154.489 60
154.489 61
154.502 62
154.514 60
154.514 61
154.527 62
154.539 63
154.539 64
154.551 62
154.565 63
154.565 64
154.578 65
154.578 66
154.591 63
154.591 64
154.604 65
154.604 66
154.617 67
154.624 64
154.624 65
154.637 66
154.637 67
154.657 64
154.657 65
154.67 66
154.67 67
154.688 64
154.688 65
154.701 66
154.701 67
154.717 64
154.717 65
154.73 66
154.73 67
154.75 62
154.75 63
154.763 64
154.763 65
154.776 66
154.776 67
154.792 62
154.792 63
154.805 64
154.805 65
154.818 66
154.818 67
154.832 64
154.832 65
154.845 66
154.845 67
154.858 62
154.858 63
154.871 64
154.871 65
154.884 66
154.884 67
154.897 64
154.897 65
154.91 66
154.91 67
154.924 64
154.924 65
154.937 66
154.937 67
154.95 64
154.95 65
154.963 66
154.963 67
154.977 63
154.977 64
154.99 65
154.99 66
155.003 67
155.004 65
155.004 66
155.023 67
155.033 64
155.033 65
155.045 64
155.045 65
155.058 62
155.058 63
155.099 61
155.099 62
155.112 63
155.125 60
155.125 61
155.138 62
155.151 63
155.163 61
155.163 62
155.176 63
155.194 60
155.194 61
155.207 62
155.22 63
155.22 62
155.24 63
155.251 60
155.251 61
155.264 62
155.277 63
155.278 62
155.297 63
155.309 60
155.309 61
155.322 62
155.335 63
155.335 62
155.354 63
155.361 61
155.361 62
155.375 63
155.39 61
155.39 62
155.403 63
155.417 61
155.417 62
155.43 63
155.445 61
155.445 62
155.458 63
155.472 62
155.485 61
155.485 62
155.512 60
155.512 61
155.525 62
155.543 61
155.543 62
155.556 61
155.556 62
155.569 63
155.582 62
155.592 63
155.592 64
155.603 65
155.618 62
155.618 63
155.628 64
155.628 65
155.639 66
155.639 67
155.649 63
155.649 64
155.66 65
155.66 66
155.67 67
155.682 64
155.682 65
155.692 66
155.692 67
155.715 63
155.715 64
155.725 65
155.725 66
155.736 67
155.746 63
155.746 64
155.756 65
155.756 66
155.767 67
155.779 64
155.779 65
155.789 66
155.789 67
155.812 64
155.812 65
155.829 66
155.829 67
155.847 63
155.847 64
155.864 65
155.864 66
155.882 64
155.882 65
155.899 62
155.899 63
155.917 64
155.917 65
155.934 62
155.934 63
155.951 61
155.951 62
155.969 61
155.969 62
155.986 60
155.986 61
156.004 62
156.021 58
156.021 59
156.039 60
156.039 61
156.056 57
156.056 58
156.07 59
156.07 60
156.084 57
156.084 58
156.098 59
156.098 60
156.112 61
156.112 62
156.125 57
156.125 58
156.139 59
156.139 60
156.153 56
156.153 57
156.167 58
156.167 59
156.181 56
156.181 57
156.195 58
156.195 59
156.208 60
156.208 61
156.222 57
156.222 58
156.236 59
156.236 60
156.25 56
156.25 57
156.264 58
156.264 59
156.277 56
156.277 57
156.291 58
156.291 59
156.304 56
156.304 57
156.318 58
156.318 59
156.332 56
156.332 57
156.346 58
156.346 59
156.36 60
156.36 61
156.373 58
156.373 59
156.387 60
156.387 61
156.401 58
156.401 59
156.414 60
156.414 61
156.428 62
156.442 60
156.442 61
156.455 62
156.469 60
156.469 61
156.483 62
156.496 63
156.496 64
156.51 62
156.524 63
156.524 64
156.537 62
156.551 63
156.551 64
156.565 65
156.565 62
156.565 63
156.585 64
156.585 65
156.599 62
156.599 63
156.613 64
156.613 65
156.626 62
156.626 63
156.64 64
156.64 65
156.654 62
156.654 63
156.667 64
156.667 65
156.681 62
156.681 63
156.695 64
156.695 65
156.708 62
156.708 63
156.722 64
156.722 65
156.735 62
156.735 63
156.749 64
156.749 65
156.766 62
156.766 63
156.779 64
156.779 65
156.797 62
156.797 63
156.81 64
156.81 65
156.825 62
156.825 63
156.839 64
156.839 65
156.852 62
156.852 63
156.866 64
156.866 65
156.881 62
156.881 63
156.894 64
156.894 65
156.907 62
156.907 63
156.922 64
156.922 65
156.936 62
156.936 63
156.949 64
156.949 65
156.964 62
156.964 63
156.978 64
156.978 65
156.998 62
156.998 63
157.011 64
157.011 65
157.026 62
157.026 63
157.04 64
157.04 65
157.053 62
157.067 63
157.067 64
157.081 65
157.084 62
157.084 63
157.102 64
157.102 65
157.115 62
157.115 63
157.129 64
157.129 65
157.143 62
157.143 63
157.156 64
157.156 65
157.17 62
157.17 63
157.184 64
157.184 65
157.197 62
157.211 63
157.211 64
157.225 62
157.225 63
157.238 64
157.238 65
157.252 62
157.252 63
157.266 64
157.266 65
157.282 62
157.282 63
157.296 64
157.296 65
157.311 62
157.311 63
157.325 64
157.325 65
157.342 62
157.356 63
157.356 64
157.369 62
157.369 63
157.383 64
157.397 65
157.404 63
157.404 64
157.418 65
157.43 62
157.43 63
157.441 64
157.441 65
157.461 62
157.461 63
157.472 64
157.472 65
157.483 64
157.483 65
157.5 64
157.525 63
157.538 62
157.578 61
157.578 62
157.614 58
157.614 59
157.625 60
157.625 61
157.636 62
157.647 59
157.647 60
157.658 61
157.658 62
157.668 61
157.668 62
157.687 59
157.687 60
157.705 61
157.713 58
157.713 59
157.732 60
157.732 61
157.751 58
157.751 59
157.769 60
157.769 61
157.787 58
157.787 59
157.805 60
157.805 61
157.824 58
157.824 59
157.842 56
157.842 57
157.86 58
157.86 59
157.878 56
157.878 57
157.897 54
157.897 55
157.91 53
157.91 54
157.924 55
157.924 56
157.938 54
157.938 55
157.951 56
157.951 57
157.965 58
157.965 59
157.979 53
157.979 54
157.992 55
157.992 56
158.006 53
158.006 54
158.02 55
158.02 56
158.033 57
158.033 58
158.047 55
158.047 56
158.061 57
158.061 58
158.074 56
158.074 57
158.088 58
158.088 59
158.102 60
158.102 61
158.115 57
158.115 58
158.129 59
158.129 60
158.143 55
158.143 56
158.156 57
158.156 58
158.17 59
158.17 60
158.184 56
158.184 57
158.197 58
158.197 59
158.211 60
158.211 61
158.225 58
158.225 59
158.239 60
158.239 61
158.252 58
158.252 59
158.266 60
158.266 61
158.28 62
158.293 60
158.293 61
158.307 62
158.321 60
158.321 61
158.334 62
158.348 60
158.348 61
158.362 62
158.375 63
158.375 64
158.389 60
158.389 61
158.403 62
158.416 63
158.416 64
158.43 62
158.444 63
158.444 64
158.457 61
158.457 62
158.471 63
158.485 62
158.498 63
158.498 64
158.512 62
158.526 63
158.526 64
158.539 62
158.553 63
158.553 64
158.567 65
158.568 62
158.568 63
158.587 64
158.587 65
158.601 62
158.601 63
158.615 64
158.615 65
158.629 62
158.629 63
158.643 64
158.643 65
158.656 62
158.656 63
158.67 64
158.67 65
158.685 62
158.685 63
158.698 64
158.698 65
158.718 62
158.718 63
158.731 64
158.731 65
158.749 62
158.749 63
158.762 64
158.762 65
158.779 62
158.779 63
158.793 64
158.793 65
158.81 62
158.824 63
158.824 64
158.837 62
158.851 63
158.851 64
158.865 62
158.879 63
158.879 64
158.892 62
158.906 63
158.906 64
158.92 62
158.933 63
158.933 64
158.947 62
158.961 63
158.961 64
158.975 62
158.975 63
158.988 64
158.988 65
159.002 62
159.002 63
159.016 64
159.016 65
159.029 62
159.029 63
159.043 64
159.043 65
159.057 62
159.07 63
159.07 64
159.084 65
159.086 62
159.086 63
159.104 64
159.104 65
159.118 62
159.132 63
159.132 64
159.145 62
159.145 63
159.159 64
159.159 65
159.173 62
159.186 63
159.186 64
159.2 62
159.2 63
159.214 64
159.214 65
159.228 62
159.228 63
159.241 64
159.241 65
159.254 62
159.254 63
159.269 64
159.269 65
159.29 62
159.29 63
159.3 64
159.3 65
159.318 62
159.318 63
159.329 64
159.329 65
159.349 62
159.349 63
159.36 64
159.36 65
159.376 62
159.376 63
159.387 64
159.387 65
159.407 62
159.407 63
159.417 64
159.417 65
159.433 62
159.433 63
159.444 64
159.444 65
159.464 62
159.464 63
159.475 64
159.475 65
159.493 62
159.493 63
159.504 64
159.504 65
159.521 62
159.521 63
159.54 64
159.54 65
159.558 62
159.558 63
159.576 64
159.576 65
159.594 61
159.594 62
159.613 60
159.613 61
159.632 58
159.632 59
159.65 60
159.65 61
159.668 58
159.668 59
159.686 60
159.686 61
159.705 57
159.705 58
159.723 56
159.723 57
159.741 58
159.741 59
159.759 55
159.759 56
159.772 54
159.772 55
159.787 56
159.787 57
159.8 58
159.8 59
159.814 56
159.814 57
159.828 58
159.828 59
159.841 56
159.841 57
159.855 58
159.855 59
159.868 56
159.868 57
159.883 58
159.883 59
159.896 55
159.896 56
159.91 57
159.924 58
159.924 59
159.939 56
159.939 57
159.952 58
159.952 59
159.97 56
159.97 57
159.983 58
159.983 59
160.001 56
160.001 57
160.014 58
160.014 59
160.031 55
160.031 56
160.045 57
160.045 58
160.058 56
160.058 57
160.072 58
160.072 59
160.091 56
160.091 57
160.105 58
160.105 59
160.118 56
160.118 57
160.132 58
160.132 59
160.146 60
160.146 61
160.159 58
160.159 59
160.173 60
160.173 61
160.186 58
160.186 59
160.2 60
160.2 61
160.214 62
160.228 60
160.228 61
160.241 62
160.255 59
160.255 60
160.269 61
160.269 62
160.283 60
160.283 61
160.296 62
160.31 60
160.31 61
160.324 62
160.337 58
160.337 59
160.351 60
160.365 61
160.365 62
160.378 59
160.378 60
160.392 61
160.392 62
160.406 58
160.406 59
160.419 60
160.419 61
160.433 62
160.447 60
160.447 61
160.46 62
160.474 60
160.474 61
160.488 62
160.501 58
160.501 59
160.515 60
160.515 61
160.529 62
160.542 60
160.542 61
160.556 62
160.57 59
160.57 60
160.583 61
160.583 62
160.597 59
160.597 60
160.611 61
160.611 62
160.624 60
160.624 61
160.638 62
160.652 60
160.652 61
160.665 62
160.679 60
160.679 61
160.693 62
160.706 60
160.706 61
160.72 62
160.734 60
160.734 61
160.747 62
160.761 60
160.761 61
160.775 62
160.789 59
160.789 60
160.802 61
160.802 62
160.816 58
160.816 59
160.83 60
160.83 61
160.843 62
160.857 60
160.857 61
160.871 62
160.884 60
160.884 61
160.898 62
160.912 58
160.912 59
160.925 60
160.925 61
160.939 58
160.939 59
160.953 60
160.953 61
160.965 57
160.965 58
160.98 59
160.98 60
160.994 56
160.994 57
161.007 58
161.007 59
161.021 60
161.021 61
161.034 56
161.034 57
161.048 58
161.048 59
161.061 60
161.061 61
161.074 58
161.074 59
161.088 60
161.088 61
161.101 57
161.101 58
161.115 59
161.115 60
161.128 57
161.128 58
161.139 59
161.139 60
161.15 57
161.15 58
161.161 59
161.161 60
161.171 58
161.171 59
161.182 60
161.182 61
161.193 62
161.204 58
161.204 59
161.214 60
161.214 61
161.225 62
161.236 60
161.236 61
161.247 62
161.258 63
161.258 64
161.268 62
161.279 63
161.279 64
161.29 65
161.29 66
161.301 63
161.301 64
161.311 65
161.311 66
161.322 63
161.322 64
161.333 65
161.333 66
161.344 67
161.35 64
161.35 65
161.368 66
161.368 67
161.385 64
161.385 65
161.403 66
161.403 67
161.421 64
161.421 65
161.439 62
161.439 63
161.457 64
161.457 65
161.475 62
161.475 63
161.493 64
161.493 65
161.511 62
161.529 60
161.529 61
161.547 62
161.565 61
161.565 62
161.583 58
161.583 59
161.596 60
161.596 61
161.61 57
161.61 58
161.623 59
161.623 60
161.637 61
161.637 62
161.65 58
161.65 59
161.664 60
161.664 61
161.677 57
161.677 58
161.691 59
161.691 60
161.704 55
161.704 56
161.717 57
161.717 58
161.731 59
161.731 60
161.744 55
161.744 56
161.757 57
161.757 58
161.77 55
161.77 56
161.783 57
161.783 58
161.796 54
161.796 55
161.809 56
161.809 57
161.822 58
161.822 59
161.835 56
161.835 57
161.848 58
161.848 59
161.86 56
161.86 57
161.873 58
161.873 59
161.886 60
161.886 61
161.899 58
161.899 59
161.912 60
161.912 61
161.925 62
161.938 60
161.938 61
161.951 62
161.963 63
161.963 64
161.976 62
161.989 63
161.989 64
162.002 62
162.015 63
162.015 64
162.028 62
162.041 63
162.041 64
162.054 65
162.054 66
162.067 62
162.079 63
162.079 64
162.092 65
162.092 66
162.105 63
162.105 64
162.118 65
162.118 66
162.131 62
162.131 63
162.144 64
162.144 65
162.157 63
162.157 64
162.17 65
162.17 66
162.182 63
162.182 64
162.195 65
162.195 66
162.208 67
162.208 68
162.221 63
162.221 64
162.234 65
162.234 66
162.247 63
162.247 64
162.26 65
162.26 66
162.273 62
162.273 63
162.286 64
162.286 65
162.298 63
162.298 64
162.311 65
162.311 66
162.324 67
162.324 68
162.337 65
162.337 66
162.35 67
162.35 68
162.363 65
162.363 66
162.376 67
162.376 68
162.389 65
162.389 66
162.402 67
162.402 68
162.414 65
162.414 66
162.427 67
162.427 68
162.44 69
162.44 70
162.453 66
162.453 67
162.466 68
162.466 69
162.479 65
162.479 66
162.492 67
162.492 68
162.505 65
162.505 66
162.517 67
162.517 68
162.53 69
162.53 70
162.543 66
162.543 67
162.556 68
162.556 69
162.569 66
162.569 67
162.582 68
162.582 69
162.595 67
162.595 68
162.608 69
162.608 70
162.621 66
162.621 67
162.633 68
162.633 69
162.646 67
162.646 68
162.659 69
162.659 70
162.672 67
162.672 68
162.685 69
162.685 70
162.698 67
162.698 68
162.711 69
162.711 70
162.724 67
162.724 68
162.737 69
162.737 70
162.749 71
162.752 67
162.752 68
162.769 69
162.769 70
162.782 68
162.782 69
162.794 70
162.794 71
162.807 68
162.807 69
162.82 70
162.82 71
162.838 68
162.838 69
162.851 70
162.851 71
162.866 68
162.866 69
162.879 70
162.879 71
162.893 68
162.893 69
162.906 70
162.906 71
162.919 66
162.919 67
162.932 68
162.932 69
162.945 70
162.945 71
162.958 67
162.958 68
162.971 69
162.971 70
162.984 66
162.984 67
162.994 68
162.994 69
163.005 70
163.005 71
163.017 68
163.017 69
163.027 70
163.027 71
163.043 66
163.043 67
163.053 68
163.053 69
163.064 70
163.074 71
163.083 67
163.083 68
163.093 69
163.093 70
163.103 71
163.114 68
163.114 69
163.124 70
163.124 71
163.14 67
163.14 68
163.151 69
163.151 70
163.161 71
163.167 67
163.167 68
163.177 69
163.177 70
163.187 71
163.2 68
163.2 69
163.217 70
163.217 71
163.234 67
163.234 68
163.251 69
163.251 70
163.268 67
163.268 68
163.286 65
163.286 66
163.303 67
163.303 68
163.32 65
163.32 66
163.337 67
163.337 68
163.354 65
163.354 66
163.371 67
163.371 68
163.388 65
163.388 66
163.405 62
163.405 63
163.422 64
163.422 65
163.44 63
163.44 64
163.452 65
163.452 66
163.465 63
163.465 64
163.478 65
163.478 66
163.491 62
163.504 63
163.504 64
163.516 62
163.529 63
163.529 64
163.542 65
163.542 66
163.555 62
163.555 63
163.568 64
163.568 65
163.581 62
163.581 63
163.593 64
163.593 65
163.606 62
163.619 63
163.619 64
163.632 62
163.645 63
163.645 64
163.658 65
163.658 66
163.67 61
163.681 60
164.148 6
164.152 2
164.158 3
164.164 4
164.178 3
164.184 4
164.401 0
164.401 1
164.401 2
164.401 3
164.401 4
164.401 5
164.401 6
164.401 7
164.401 8
164.409 9
164.409 10
164.422 11
164.422 12
164.434 13
164.434 14
164.447 15
164.447 16
164.46 17
164.46 18
164.473 19
164.473 20
164.486 21
164.499 22
164.499 23
164.511 24
164.511 25
164.524 26
164.524 27
164.537 28
164.537 29
164.55 30
164.55 31
164.563 32
164.563 33
164.576 34
164.588 35
164.588 36
164.601 37
164.601 38
164.614 39
164.614 40
164.627 33
164.627 34
164.64 35
164.64 36
164.653 32
164.653 33
164.665 34
164.665 35
164.678 36
164.678 37
164.691 34
164.691 35
164.704 36
164.704 37
164.717 34
164.717 35
164.73 36
164.73 37
164.742 38
164.755 36
164.755 37
164.768 38
164.781 39
164.781 40
164.794 37
164.794 38
164.807 39
164.807 40
164.819 41
164.819 42
164.832 39
164.832 40
164.845 41
164.845 42
164.858 39
164.858 40
164.871 41
164.871 42
164.883 43
164.883 44
164.896 41
164.896 42
164.909 43
164.909 44
164.922 45
164.922 46
164.935 43
164.935 44
164.948 45
164.948 46
164.96 47
164.96 48
164.972 45
164.972 46
164.986 47
164.986 48
164.999 49
164.999 50
165.012 51
165.025 49
165.025 50
165.037 51
165.05 49
165.05 50
165.063 51
165.076 52
165.076 53
165.089 50
165.089 51
165.099 52
165.099 53
165.109 50
165.109 51
165.12 52
165.12 53
165.13 54
165.13 55
165.14 56
165.14 57
165.15 54
165.15 55
165.161 56
165.161 57
165.171 58
165.171 59
165.181 56
165.181 57
165.191 58
165.191 59
165.202 60
165.202 61
165.212 58
165.212 59
165.222 60
165.222 61
165.232 62
165.243 60
165.243 61
165.253 62
165.263 63
165.263 64
165.274 62
165.284 63
165.284 64
165.294 65
165.294 66
165.304 63
165.304 64
165.321 65
165.321 66
165.339 65
165.339 66
165.356 67
165.356 68
165.373 65
165.373 66
165.39 63
165.39 64
165.407 65
165.407 66
165.424 63
165.424 64
165.441 65
165.441 66
165.458 63
165.458 64
165.475 62
165.492 63
165.492 64
165.51 60
165.51 61
165.527 62
165.544 58
165.544 59
165.557 60
165.557 61
165.569 62
165.582 58
165.582 59
165.595 60
165.595 61
165.608 58
165.608 59
165.621 60
165.621 61
165.634 58
165.634 59
165.646 60
165.646 61
165.659 56
165.659 57
165.672 58
165.672 59
165.685 60
165.685 61
165.698 56
165.698 57
165.711 58
165.711 59
165.723 56
165.723 57
165.736 58
165.736 59
165.749 54
165.749 55
165.762 56
165.762 57
165.775 58
165.775 59
165.787 56
165.787 57
165.8 58
165.8 59
165.813 60
165.813 61
165.825 58
165.825 59
165.838 60
165.838 61
165.85 62
165.863 60
165.863 61
165.876 62
165.888 63
165.888 64
165.901 62
165.914 63
165.914 64
165.926 63
165.926 64
165.939 65
165.939 66
165.951 63
165.951 64
165.964 65
165.964 66
165.977 67
165.977 68
165.989 65
165.989 66
166.002 67
166.002 68
166.015 69
166.015 70
166.027 67
166.027 68
166.04 69
166.04 70
166.053 65
166.053 66
166.065 67
166.065 68
166.078 69
166.078 70
166.091 67
166.091 68
166.103 69
166.103 70
166.116 71
166.116 72
166.128 69
166.128 70
166.141 71
166.141 72
166.154 67
166.154 68
166.166 69
166.166 70
166.179 71
166.179 72
166.192 67
166.192 68
166.204 69
166.204 70
166.217 71
166.217 72
166.23 69
166.23 70
166.242 71
166.242 72
166.255 67
166.255 68
166.267 69
166.267 70
166.28 67
166.28 68
166.293 67
166.293 68
166.305 69
166.305 70
166.318 71
166.318 72
166.331 69
166.331 70
166.343 71
166.343 72
166.356 69
166.356 70
166.368 71
166.368 72
166.381 73
166.386 70
166.386 71
166.4 72
166.4 73
166.412 69
166.412 70
166.425 71
166.425 72
166.438 73
166.439 71
166.439 72
166.457 73
166.472 69
166.472 70
166.484 71
166.484 72
166.497 73
166.498 69
166.498 70
166.516 71
166.516 72
166.529 73
166.533 69
166.533 70
166.547 71
166.547 72
166.559 70
166.559 71
166.573 72
166.585 70
166.585 71
166.611 67
166.611 68
166.623 69
166.623 70
166.636 71
166.637 68
166.637 69
166.655 70
166.655 71
166.668 68
166.668 69
166.68 70
166.68 71
166.693 68
166.693 69
166.706 70
166.706 71
166.718 67
166.718 68
166.731 69
166.731 70
166.743 71
166.745 68
166.745 69
166.762 70
166.762 71
166.775 68
166.775 69
166.788 70
166.788 71
166.8 68
166.8 69
166.813 70
166.813 71
166.825 67
166.825 68
166.838 69
166.838 70
166.851 71
166.851 69
166.851 70
166.87 71
166.879 68
166.879 69
166.892 68
166.892 69
166.905 67
166.905 68
166.917 69
166.935 65
166.935 66
166.945 67
166.945 68
166.956 69
166.964 66
166.964 67
166.974 68
166.974 69
166.991 66
166.991 67
167.001 68
167.001 69
167.021 65
167.021 66
167.032 67
167.032 68
167.042 69
167.052 66
167.052 67
167.062 68
167.062 69
167.081 66
167.081 67
167.091 68
167.091 69
167.101 70
167.101 71
167.111 68
167.111 69
167.122 70
167.122 71
167.132 72
167.132 73
167.142 69
167.142 70
167.152 71
167.152 72
167.162 73
167.165 70
167.165 71
167.184 72
167.184 73
167.201 68
167.201 69
167.218 70
167.218 71
167.234 67
167.234 68
167.251 69
167.251 70
167.268 65
167.268 66
167.285 67
167.285 68
167.302 65
167.302 66
167.319 67
167.319 68
167.335 65
167.335 66
167.352 63
167.352 64
167.369 65
167.369 66
167.386 63
167.386 64
167.403 65
167.403 66
167.42 63
167.42 64
167.432 62
167.445 63
167.445 64
167.458 65
167.458 66
167.47 63
167.47 64
167.483 65
167.483 66
167.495 63
167.495 64
167.508 65
167.508 66
167.52 62
167.52 63
167.533 64
167.533 65
167.546 66
167.546 67
167.559 64
167.559 65
167.571 66
167.571 67
167.584 62
167.584 63
167.597 64
167.597 65
167.609 66
167.609 67
167.622 62
167.622 63
167.634 64
167.634 65
167.647 62
167.647 63
167.66 64
167.66 65
167.672 62
167.685 63
167.685 64
167.698 65
167.698 66
167.71 63
167.71 64
167.723 65
167.723 66
167.736 63
167.736 64
167.748 65
167.748 66
167.761 63
167.761 64
167.773 65
167.773 66
167.786 67
167.786 68
167.799 65
167.799 66
167.811 67
167.811 68
167.823 65
167.823 66
167.837 67
167.837 68
167.849 69
167.849 70
167.862 67
167.862 68
167.874 69
167.874 70
167.887 67
167.887 68
167.9 69
167.9 70
167.912 71
167.912 72
167.925 69
167.925 70
167.938 71
167.938 72
167.95 69
167.95 70
167.963 71
167.963 72
167.976 69
167.976 70
167.988 71
167.988 72
168.001 69
168.001 70
168.013 71
168.013 72
168.026 68
168.026 69
168.039 70
168.039 71
168.051 68
168.051 69
168.064 70
168.064 71
168.077 69
168.077 70
168.089 71
168.089 72
168.102 68
168.102 69
168.115 70
168.115 71
168.127 67
168.127 68
168.14 69
168.14 70
168.152 71
168.152 72
168.165 69
168.165 70
168.178 71
168.178 72
168.189 69
168.189 70
168.203 71
168.203 72
168.216 73
168.216 68
168.216 69
168.235 70
168.235 71
168.247 72
168.247 73
168.26 70
168.26 71
168.272 72
168.272 73
168.285 70
168.285 71
168.298 72
168.298 73
168.31 69
168.31 70
168.323 71
168.323 72
168.336 70
168.336 71
168.348 72
168.348 73
168.361 70
168.361 71
168.374 72
168.374 73
168.386 70
168.386 71
168.399 72
168.399 73
168.415 70
168.415 71
168.427 72
168.427 73
168.441 69
168.441 70
168.454 71
168.454 72
168.466 73
168.468 71
168.468 72
168.485 73
168.496 70
168.496 71
168.509 72
168.509 73
168.522 70
168.522 71
168.534 69
168.571 66
168.571 67
168.584 68
168.584 69
168.598 66
168.598 67
168.611 65
168.611 66
168.623 64
168.623 65
168.636 66
168.636 67
168.649 68
168.658 65
168.658 66
168.67 67
168.67 68
168.686 65
168.686 66
168.699 67
168.699 68
168.712 64
168.712 65
168.725 66
168.737 64
168.737 65
168.75 66
168.75 67
168.764 64
168.764 65
168.776 66
168.776 67
168.79 64
168.79 65
168.803 66
168.803 67
168.821 62
168.821 63
168.831 64
168.831 65
168.841 66
168.841 67
168.854 64
168.854 65
168.864 66
168.864 67
168.883 62
168.883 63
168.893 64
168.893 65
168.903 66
168.903 67
168.92 64
168.92 65
168.93 66
168.93 67
168.947 63
168.947 64
168.957 65
168.957 66
168.967 67
168.973 65
168.973 66
168.983 67
169.002 64
169.002 65
169.012 66
169.012 67
169.029 64
169.029 65
169.039 66
169.039 67
169.049 68
169.049 69
169.059 70
169.059 71
169.068 66
169.068 67
169.086 68
169.086 69
169.103 66
169.103 67
169.119 68
169.119 69
169.136 65
169.136 66
169.153 67
169.153 68
169.17 65
169.17 66
169.187 61
169.187 62
169.204 63
169.221 60
169.221 61
169.237 62
169.254 58
169.254 59
169.271 60
169.271 61
169.288 56
169.288 57
169.305 58
169.305 59
169.322 56
169.322 57
169.334 58
169.334 59
169.347 60
169.347 61
169.36 56
169.36 57
169.372 58
169.372 59
169.385 60
169.385 61
169.397 56
169.397 57
169.41 58
169.41 59
169.423 55
169.423 56
169.435 57
169.435 58
169.448 56
169.448 57
169.461 58
169.461 59
169.473 60
169.473 61
169.486 58
169.486 59
169.499 60
169.499 61
169.511 56
169.511 57
169.524 58
169.524 59
169.536 56
169.536 57
169.549 58
169.549 59
169.562 60
169.562 61
169.574 58
169.574 59
169.587 60
169.587 61
169.6 58
169.6 59
169.612 60
169.612 61
169.625 62
169.637 60
169.637 61
169.65 62
169.663 63
169.663 64
169.675 62
169.688 63
169.688 64
169.701 62
169.713 63
169.713 64
169.726 65
169.726 66
169.739 63
169.739 64
169.751 65
169.751 66
169.764 63
169.764 64
169.776 65
169.776 66
169.789 67
169.789 68
169.802 63
169.802 64
169.814 65
169.814 66
169.827 63
169.827 64
169.84 65
169.84 66
169.852 62
169.865 63
169.865 64
169.878 65
169.878 66
169.89 62
169.903 63
169.903 64
169.915 65
169.915 66
169.928 67
169.928 68
169.941 65
169.941 66
169.953 67
169.953 68
169.966 65
169.966 66
169.979 67
169.979 68
169.991 65
169.991 66
170.004 67
170.004 68
170.017 65
170.017 66
170.029 67
170.029 68
170.042 65
170.042 66
170.054 67
170.054 68
170.067 69
170.067 70
170.08 67
170.08 68
170.092 69
170.092 70
170.105 67
170.105 68
170.118 69
170.118 70
170.13 67
170.13 68
170.143 69
170.143 70
170.156 66
170.156 67
170.168 68
170.168 69
170.181 65
170.181 66
170.193 67
170.193 68
170.206 69
170.206 70
170.219 67
170.219 68
170.231 69
170.231 70
170.244 67
170.244 68
170.257 69
170.257 70
170.269 71
170.269 72
170.282 68
170.282 69
170.294 70
170.294 71
170.307 67
170.307 68
170.32 69
170.32 70
170.332 67
170.332 68
170.345 69
170.345 70
170.358 67
170.358 68
170.37 69
170.37 70
170.383 67
170.383 68
170.396 69
170.396 70
170.408 71
170.408 72
170.421 68
170.421 69
170.433 70
170.433 71
170.446 67
170.446 68
170.459 69
170.459 70
170.471 71
170.471 72
170.484 69
170.484 70
170.497 71
170.497 72
170.509 69
170.509 70
170.522 71
170.522 72
170.535 69
170.535 70
170.547 71
170.547 72
170.56 67
170.56 68
170.572 69
170.572 70
170.585 71
170.585 72
170.598 69
170.598 70
170.61 71
170.61 72
170.623 69
170.623 70
170.636 71
170.636 72
170.649 69
170.649 70
170.662 71
170.662 72
170.676 68
170.676 69
170.686 70
170.686 71
170.696 72
170.702 69
170.702 70
170.712 71
170.712 72
170.729 69
170.729 70
170.739 71
170.739 72
170.755 69
170.755 70
170.765 71
170.765 72
170.782 68
170.782 69
170.792 70
170.792 71
170.802 72
170.819 67
170.819 68
170.829 69
170.829 70
170.839 71
170.839 72
170.855 69
170.855 70
170.865 71
170.865 72
170.881 67
170.881 68
170.891 69
170.891 70
170.901 71
170.901 72
170.916 67
170.916 68
170.933 69
170.933 70
170.95 71
170.95 72
170.967 67
170.967 68
170.984 69
170.984 70
171.001 65
171.001 66
171.018 67
171.018 68
171.035 63
171.035 64
171.052 65
171.052 66
171.069 62
171.085 63
171.085 64
171.102 62
171.119 63
171.119 64
171.136 62
171.153 58
171.153 59
171.165 60
171.165 61
171.178 62
171.19 59
171.19 60
171.202 61
171.202 62
171.215 59
171.215 60
171.227 61
171.227 62
171.239 63
171.252 61
171.252 62
171.264 63
171.276 60
171.276 61
171.289 62
171.301 63
171.301 64
171.314 60
171.314 61
171.326 62
171.338 63
171.338 64
171.351 62
171.363 63
171.363 64
171.375 62
171.388 63
171.388 64
171.4 62
171.412 63
171.412 64
171.425 65
171.425 66
171.437 63
171.437 64
171.449 65
171.449 66
171.462 63
171.462 64
171.474 65
171.474 66
171.486 67
171.486 68
171.499 65
171.499 66
171.511 67
171.511 68
171.523 65
171.523 66
171.536 67
171.536 68
171.548 69
171.548 70
171.56 67
171.56 68
171.573 69
171.573 70
171.585 67
171.585 68
171.597 69
171.597 70
171.61 71
171.61 72
171.622 69
171.622 70
171.634 71
171.634 72
171.647 68
171.647 69
171.659 70
171.659 71
171.671 67
171.671 68
171.684 69
171.684 70
171.696 71
171.696 72
171.708 69
171.708 70
171.721 71
171.721 72
171.733 69
171.733 70
171.745 71
171.745 72
171.758 67
171.758 68
171.77 69
171.77 70
171.783 71
171.783 72
171.795 73
171.795 74
171.807 71
171.807 72
171.82 73
171.82 74
171.832 67
171.832 68
171.844 69
171.844 70
171.857 71
171.857 72
171.869 73
171.869 74
171.881 69
171.881 70
171.894 71
171.894 72
171.906 73
171.906 74
171.918 71
171.918 72
171.931 73
171.931 74
171.943 69
171.943 70
171.955 71
171.955 72
171.968 73
171.968 74
171.98 71
171.98 72
171.992 73
171.992 74
172.005 71
172.005 72
172.017 73
172.017 74
172.029 71
172.029 72
172.042 73
172.042 74
172.053 71
172.053 72
172.066 73
172.066 74
172.08 71
172.08 72
172.092 73
172.092 74
172.106 71
172.106 72
172.119 73
172.119 74
172.135 69
172.135 70
172.148 71
172.148 72
172.16 73
172.16 74
172.172 71
172.172 72
172.185 73
172.185 74
172.197 71
172.197 72
172.209 73
172.209 74
172.221 71
172.221 72
172.234 73
172.234 74
172.25 69
172.25 70
172.262 71
172.262 72
172.275 73
172.275 74
172.287 71
172.287 72
172.299 73
172.299 74
172.312 69
172.312 70
172.324 71
172.324 72
172.336 73
172.336 74
172.349 69
172.349 70
172.361 71
172.361 72
172.373 73
172.373 74
172.386 71
172.386 72
172.398 73
172.398 74
172.411 69
172.411 70
172.424 71
172.424 72
172.436 73
172.436 74
172.448 71
172.448 72
172.461 73
172.461 74
172.473 71
172.473 72
172.485 73
172.485 74
172.502 69
172.502 70
172.514 71
172.514 72
172.526 73
172.526 74
172.539 69
172.539 70
172.551 71
172.551 72
172.563 73
172.563 74
172.576 71
172.576 72
172.586 73
172.586 74
172.599 71
172.599 72
172.609 73
172.609 74
172.628 69
172.628 70
172.637 71
172.637 72
172.647 73
172.647 74
172.663 71
172.663 72
172.673 73
172.673 74
172.689 69
172.689 70
172.699 71
172.699 72
172.709 73
172.709 74
172.725 70
172.725 71
172.735 72
172.735 73
172.744 74
172.751 70
172.751 71
172.761 72
172.761 73
172.771 74
172.782 71
172.782 72
172.792 73
172.792 74
172.809 69
172.809 70
172.825 71
172.825 72
172.842 73
172.842 74
172.858 69
172.858 70
172.874 71
172.874 72
172.891 69
172.891 70
172.907 65
172.907 66
172.924 67
172.924 68
172.94 69
172.94 70
172.957 67
172.957 68
172.973 65
172.973 66
172.99 67
172.99 68
173.006 63
173.006 64
173.023 65
173.023 66
173.039 62
173.051 63
173.051 64
173.064 65
173.064 66
173.076 63
173.076 64
173.088 65
173.088 66
173.101 63
173.101 64
173.113 65
173.113 66
173.125 67
173.125 68
173.138 63
173.138 64
173.15 65
173.15 66
173.162 63
173.162 64
173.175 65
173.175 66
173.187 67
173.187 68
173.199 63
173.199 64
173.212 65
173.212 66
173.224 67
173.224 68
173.236 64
173.236 65
173.249 66
173.249 67
173.261 63
173.261 64
173.274 65
173.274 66
173.286 67
173.286 68
173.298 64
173.298 65
173.311 63
173.311 64
173.347 62
173.36 63
173.36 64
173.378 62
173.391 63
173.391 64
173.409 62
173.422 63
173.422 64
173.436 62
173.448 63
173.448 64
173.464 62
173.477 63
173.477 64
173.5 62
173.512 63
173.512 64
173.526 62
173.539 63
173.539 64
173.553 60
173.553 61
173.565 62
173.577 63
173.577 64
173.59 62
173.602 63
173.602 64
173.615 60
173.615 61
173.627 62
173.639 63
173.639 64
173.652 62
173.664 63
173.664 64
173.676 62
173.689 63
173.689 64
173.703 61
173.703 62
173.715 63
173.728 64
173.729 61
173.729 62
173.746 63
173.758 64
173.765 61
173.765 62
173.777 63
173.789 64
173.791 62
173.791 63
173.808 64
173.808 65
173.82 66
173.82 67
173.833 68
173.833 69
173.845 66
173.845 67
173.857 68
173.857 69
173.87 66
173.87 67
173.882 68
173.882 69
173.894 70
173.894 71
173.907 68
173.907 69
173.919 70
173.919 71
173.931 68
173.931 69
173.944 70
173.944 71
173.956 68
173.956 69
173.968 70
173.968 71
173.981 72
173.981 73
173.993 68
173.993 69
174.005 70
174.005 71
174.018 72
174.018 73
174.03 70
174.03 71
174.042 72
174.042 73
174.055 70
174.055 71
174.067 72
174.067 73
174.079 74
174.083 69
174.083 70
174.098 71
174.098 72
174.11 73
174.11 74
174.123 71
174.123 72
174.135 73
174.135 74
174.147 70
174.147 71
174.16 72
174.16 73
174.172 70
174.172 71
174.184 72
174.184 73
174.197 74
174.197 70
174.197 71
174.215 72
174.215 73
174.228 71
174.228 72
174.24 73
174.24 74
174.255 70
174.255 71
174.267 72
174.267 73
174.28 74
174.286 70
174.286 71
174.298 72
174.298 73
174.31 74
174.321 71
174.321 72
174.333 73
174.333 74
174.348 71
174.348 72
174.36 73
174.36 74
174.374 71
174.374 72
174.386 73
174.386 74
174.491 61
174.855 4
174.868 3
174.88 4
175.116 0
175.116 1
175.116 2
175.116 3
175.116 4
175.116 5
175.116 6
175.116 7
175.116 8
175.116 9
175.122 10
175.132 11
175.132 12
175.142 13
175.142 14
175.151 15
175.151 16
175.161 17
175.161 18
175.171 19
175.171 20
175.181 21
175.181 22
175.191 23
175.201 24
175.201 25
175.211 26
175.211 27
175.221 28
175.221 29
175.23 30
175.23 31
175.24 32
175.24 33
175.25 34
175.26 35
175.26 36
175.27 37
175.27 38
175.28 39
175.28 40
175.29 41
175.29 42
175.3 43
175.3 44
175.309 45
175.309 46
175.319 47
175.329 48
175.329 49
175.339 42
175.339 43
175.349 44
175.349 45
175.359 46
175.359 47
175.369 43
175.369 44
175.385 45
175.385 46
175.402 41
175.402 42
175.418 43
175.418 44
175.434 41
175.434 42
175.451 43
175.451 44
175.467 41
175.467 42
175.484 43
175.484 44
175.5 41
175.5 42
175.517 43
175.517 44
175.533 41
175.533 42
175.55 43
175.55 44
175.566 41
175.566 42
175.583 43
175.583 44
175.599 41
175.599 42
175.611 43
175.611 44
175.624 41
175.624 42
175.636 43
175.636 44
175.648 45
175.648 46
175.661 43
175.661 44
175.673 45
175.673 46
175.685 43
175.685 44
175.698 45
175.698 46
175.71 43
175.71 44
175.722 45
175.722 46
175.735 47
175.735 48
175.747 47
175.747 48
175.759 49
175.759 50
175.772 47
175.772 48
175.784 49
175.784 50
175.796 51
175.809 49
175.809 50
175.821 51
175.834 52
175.834 53
175.846 50
175.846 51
175.858 52
175.858 53
175.871 54
175.871 55
175.883 52
175.883 53
175.895 54
175.895 55
175.907 52
175.907 53
175.92 54
175.92 55
175.932 56
175.932 57
175.945 58
175.945 59
175.957 56
175.957 57
175.969 58
175.969 59
175.982 56
175.982 57
175.994 58
175.994 59
176.006 60
176.006 61
176.019 58
176.019 59
176.031 60
176.031 61
176.043 62
176.056 60
176.056 61
176.068 62
176.08 60
176.08 61
176.093 62
176.105 60
176.105 61
176.117 62
176.13 63
176.13 64
176.142 62
176.155 63
176.155 64
176.167 62
176.179 63
176.179 64
176.192 65
176.192 66
176.204 63
176.204 64
176.217 65
176.217 66
176.229 67
176.229 68
176.241 65
176.241 66
176.254 67
176.254 68
176.266 65
176.266 66
176.279 67
176.279 68
176.291 69
176.291 70
176.303 67
176.303 68
176.316 69
176.316 70
176.328 67
176.328 68
176.341 69
176.341 70
176.353 67
176.353 68
176.365 69
176.365 70
176.378 71
176.378 72
176.39 69
176.39 70
176.403 71
176.403 72
176.415 68
176.415 69
176.427 70
176.427 71
176.44 69
176.44 70
176.452 71
176.452 72
176.464 69
176.464 70
176.477 71
176.477 72
176.489 73
176.489 74
176.502 69
176.502 70
176.514 71
176.514 72
176.527 73
176.527 74
176.539 71
176.539 72
176.551 73
176.551 74
176.564 69
176.564 70
176.576 71
176.576 72
176.589 73
176.589 74
176.601 69
176.601 70
176.613 71
176.613 72
176.626 73
176.626 74
176.638 70
176.638 71
176.651 72
176.651 73
176.663 70
176.663 71
176.675 72
176.675 73
176.688 70
176.688 71
176.7 72
176.7 73
176.713 69
176.713 70
176.725 71
176.725 72
176.737 73
176.737 74
176.75 75
176.762 73
176.762 74
176.775 75
176.787 71
176.787 72
176.799 73
176.799 74
176.812 71
176.812 72
176.824 73
176.824 74
176.837 75
176.849 73
176.849 74
176.861 75
176.874 71
176.874 72
176.886 73
176.886 74
176.898 75
176.911 73
176.911 74
176.923 75
176.936 71
176.936 72
176.949 73
176.949 74
176.961 75
176.973 73
176.973 74
176.983 75
176.997 73
176.997 74
177.037 73
177.071 70
177.071 71
177.081 72
177.081 73
177.1 70
177.1 71
177.11 70
177.11 71
177.119 72
177.129 70
177.129 71
177.139 72
177.159 69
177.159 70
177.169 71
177.169 72
177.179 70
177.179 71
177.189 70
177.189 71
177.221 68
177.221 69
177.238 70
177.238 71
177.254 67
177.254 68
177.271 69
177.271 70
177.287 66
177.287 67
177.304 68
177.304 69
177.32 66
177.32 67
177.337 62
177.337 63
177.353 64
177.353 65
177.37 66
177.37 67
177.386 62
177.386 63
177.403 64
177.403 65
177.419 62
177.419 63
177.436 61
177.436 62
177.452 57
177.452 58
177.465 59
177.465 60
177.477 61
177.477 62
177.49 58
177.49 59
177.502 60
177.502 61
177.514 62
177.527 60
177.527 61
177.539 62
177.564 63
177.564 64
177.576 62
177.589 63
177.589 64
177.601 60
177.601 61
177.614 62
177.626 63
177.626 64
177.638 62
177.638 63
177.651 64
177.651 65
177.663 60
177.663 61
177.676 62
177.7 63
177.7 64
177.713 62
177.725 63
177.725 64
177.738 65
177.738 66
177.75 63
177.75 64
177.762 65
177.762 66
177.775 67
177.775 68
177.787 65
177.787 66
177.8 67
177.8 68
177.812 64
177.812 65
177.824 66
177.824 67
177.837 65
177.837 66
177.849 67
177.849 68
177.862 69
177.862 70
177.874 67
177.874 68
177.886 69
177.886 70
177.899 67
177.899 68
177.911 67
177.911 68
177.924 69
177.924 70
177.936 71
177.936 72
177.948 68
177.948 69
177.961 70
177.961 71
177.973 68
177.973 69
177.986 70
177.986 71
177.998 68
177.998 69
178.011 70
178.011 71
178.024 68
178.024 69
178.036 70
178.036 71
178.049 69
178.049 70
178.062 71
178.062 72
178.075 69
178.075 70
178.088 71
178.088 72
178.101 68
178.101 69
178.113 70
178.113 71
178.126 69
178.126 70
178.139 71
178.139 72
178.152 67
178.152 68
178.165 69
178.165 70
178.177 71
178.177 72
178.19 69
178.19 70
178.203 71
178.203 72
178.216 69
178.216 70
178.229 71
178.229 72
178.241 73
178.241 74
178.254 71
178.254 72
178.267 73
178.267 74
178.28 71
178.28 72
178.293 73
178.293 74
178.306 71
178.306 72
178.318 73
178.318 74
178.332 71
178.332 72
178.344 73
178.344 74
178.358 71
178.358 72
178.371 73
178.371 74
178.385 69
178.385 70
178.397 71
178.397 72
178.41 73
178.41 74
178.422 70
178.422 71
178.436 72
178.436 73
178.449 69
178.449 70
178.462 71
178.462 72
178.474 73
178.474 74
178.487 71
178.487 72
178.5 73
178.5 74
178.513 69
178.513 70
178.526 71
178.526 72
178.538 73
178.538 74
178.551 69
178.551 70
178.564 71
178.564 72
178.577 73
178.577 74
178.589 69
178.589 70
178.602 71
178.602 72
178.615 73
178.615 74
178.628 69
178.628 70
178.64 71
178.64 72
178.653 67
178.653 68
178.666 69
178.666 70
178.678 71
178.678 72
178.691 67
178.691 68
178.703 69
178.703 70
178.716 71
178.716 72
178.729 73
178.729 74
178.741 69
178.741 70
178.754 71
178.754 72
178.766 69
178.766 70
178.779 71
178.779 72
178.791 73
178.791 74
178.804 71
178.804 72
178.817 73
178.817 74
178.829 69
178.829 70
178.839 71
178.839 72
178.849 73
178.849 74
178.859 69
178.859 70
178.87 71
178.87 72
178.88 73
178.88 74
178.89 70
178.89 71
178.905 72
178.905 73
178.915 74
178.93 69
178.93 70
178.94 71
178.94 72
178.95 73
178.95 74
178.96 70
178.96 71
178.97 72
178.97 73
178.98 74
178.992 71
178.992 72
179.002 73
179.002 74
179.018 71
179.018 72
179.028 73
179.028 74
179.049 72
179.049 73
179.066 74
179.083 70
179.083 71
179.1 72
179.1 73
179.116 68
179.116 69
179.133 70
179.133 71
179.15 67
179.15 68
179.167 69
179.167 70
179.184 67
179.184 68
179.2 64
179.2 65
179.217 66
179.217 67
179.234 64
179.234 65
179.251 66
179.251 67
179.267 62
179.267 63
179.284 64
179.284 65
179.301 61
179.301 62
179.314 63
179.325 59
179.325 60
179.339 61
179.339 62
179.351 63
179.363 60
179.363 61
179.375 62
179.388 63
179.388 64
179.4 62
179.412 63
179.412 64
179.424 60
179.424 61
179.436 62
179.448 63
179.448 64
179.46 60
179.46 61
179.472 62
179.484 63
179.484 64
179.496 61
179.496 62
179.508 63
179.52 60
179.52 61
179.531 62
179.543 63
179.543 64
179.555 65
179.555 66
179.567 63
179.567 64
179.579 65
179.579 66
179.59 63
179.59 64
179.602 65
179.602 66
179.614 67
179.614 68
179.626 65
179.626 66
179.638 67
179.638 68
179.649 69
179.649 70
179.661 67
179.661 68
179.673 69
179.673 70
179.685 67
179.685 68
179.696 69
179.696 70
179.708 71
179.708 72
179.72 69
179.72 70
179.732 71
179.732 72
179.744 73
179.744 74
179.755 71
179.755 72
179.767 73
179.767 74
179.779 69
179.779 70
179.791 71
179.791 72
179.803 73
179.803 74
179.814 71
179.814 72
179.826 73
179.826 74
179.838 69
179.838 70
179.85 71
179.85 72
179.862 73
179.862 74
179.873 75
179.885 71
179.885 72
179.897 73
179.897 74
179.909 75
179.921 73
179.921 74
179.932 75
179.943 71
179.943 72
179.956 73
179.956 74
179.968 75
179.98 73
179.98 74
179.991 75
180.003 72
180.003 73
180.015 74
180.027 75
180.027 76
180.039 73
180.039 74
180.05 75
180.062 76
180.062 77
180.074 74
180.074 75
180.086 76
180.086 77
180.097 74
180.097 75
180.109 76
180.109 77
180.121 74
180.121 75
180.133 76
180.133 77
180.144 74
180.144 75
180.156 76
180.156 77
180.168 78
180.168 79
180.18 76
180.18 77
180.192 78
180.192 79
180.204 76
180.204 77
180.215 78
180.215 79
180.227 76
180.227 77
180.239 78
180.239 79
180.25 77
180.25 78
180.263 75
180.297 73
180.297 74
180.309 75
180.323 72
180.323 73
180.335 74
180.347 75
180.35 72
180.35 73
180.365 74
180.376 75
180.383 72
180.383 73
180.395 74
180.406 75
180.409 72
180.409 73
180.424 74
180.436 75
180.44 71
180.44 72
180.454 73
180.454 74
180.465 75
180.477 71
180.477 72
180.489 73
180.489 74
180.501 75
180.513 73
180.513 74
180.524 75
180.536 71
180.536 72
180.548 73
180.548 74
180.56 75
180.572 72
180.572 73
180.583 74
180.595 71
180.595 72
180.607 73
180.607 74
180.619 75
180.631 73
180.631 74
180.642 75
180.654 73
180.654 74
180.666 75
180.678 71
180.678 72
180.687 73
180.687 74
180.697 75
180.707 71
180.707 72
180.717 73
180.717 74
180.726 75
180.74 72
180.74 73
180.749 74
180.759 75
180.759 76
180.767 77
180.777 78
180.777 79
180.786 80
180.798 75
180.798 76
180.807 77
180.807 78
180.817 79
180.817 80
180.833 75
180.833 76
180.843 77
180.843 78
180.852 79
180.852 80
180.861 75
180.861 76
180.871 77
180.871 78
180.88 79
180.88 80
180.893 76
180.893 77
180.908 78
180.908 79
180.924 74
180.924 75
180.94 76
180.94 77
180.955 74
180.955 75
180.971 76
180.971 77
180.986 74
181.002 75
181.002 76
181.017 72
181.017 73
181.033 74
181.048 70
181.048 71
181.064 72
181.064 73
181.079 68
181.079 69
181.095 70
181.095 71
181.11 66
181.11 67
181.126 68
181.126 69
181.142 64
181.142 65
181.153 66
181.153 67
181.165 63
181.165 64
181.177 65
181.177 66
181.188 67
181.188 68
181.2 64
181.2 65
181.211 66
181.211 67
181.223 62
181.223 63
181.235 64
181.235 65
181.246 66
181.246 67
181.258 64
181.258 65
181.27 66
181.27 67
181.281 63
181.281 64
181.293 65
181.293 66
181.304 67
181.304 68
181.315 63
181.315 64
181.326 65
181.326 66
181.338 67
181.338 68
181.349 65
181.349 66
181.36 67
181.36 68
181.371 65
181.371 66
181.382 67
181.382 68
181.394 69
181.394 70
181.405 67
181.405 68
181.416 69
181.416 70
181.427 67
181.427 68
181.439 69
181.439 70
181.45 71
181.45 72
181.461 69
181.461 70
181.472 71
181.472 72
181.483 73
181.483 74
181.495 71
181.495 72
181.506 73
181.506 74
181.517 75
181.528 73
181.528 74
181.539 75
181.551 72
181.551 73
181.562 74
181.573 75
181.573 76
181.584 74
181.584 75
181.595 76
181.595 77
181.606 74
181.618 75
181.618 76
181.629 77
181.629 78
181.64 74
181.64 75
181.651 76
181.651 77
181.663 78
181.663 79
181.674 74
181.674 75
181.685 76
181.685 77
181.696 78
181.696 79
181.707 74
181.707 75
181.719 76
181.719 77
181.73 78
181.73 79
181.741 76
181.741 77
181.752 78
181.752 79
181.763 74
181.763 75
181.775 76
181.775 77
181.786 78
181.786 79
181.797 80
181.797 81
181.808 76
181.808 77
181.819 78
181.819 79
181.831 80
181.831 81
181.842 76
181.842 77
181.853 78
181.853 79
181.864 80
181.864 81
181.875 78
181.875 79
181.887 80
181.887 81
181.898 78
181.898 79
181.909 80
181.909 81
181.92 82
181.92 83
181.931 78
181.931 79
181.943 80
181.943 81
181.954 82
181.954 83
181.965 80
181.965 81
181.976 82
181.976 83
181.988 78
181.988 79
181.999 80
181.999 81
182.01 82
182.01 83
182.021 80
182.021 81
182.032 82
182.032 83
182.043 79
182.043 80
182.055 81
182.055 82
182.066 83
182.07 81
182.07 82
182.082 81
182.082 82
182.093 79
182.093 80
182.125 76
182.125 77
182.136 78
182.136 79
182.147 80
182.152 76
182.152 77
182.164 78
182.164 79
182.175 80
182.18 75
182.18 76
182.192 77
182.192 78
182.203 79
182.203 80
182.216 77
182.216 78
182.226 76
182.226 77
182.238 76
182.238 77
182.249 78
182.26 76
182.26 77
182.272 76
182.272 77
182.299 74
182.299 75
182.311 76
182.311 77
182.326 73
182.326 74
182.337 75
182.348 76
182.348 77
182.36 74
182.36 75
182.371 76
182.371 77
182.382 73
182.382 74
182.393 75
182.404 76
182.404 77
182.416 73
182.416 74
182.427 75
182.438 76
182.438 77
182.449 73
182.449 74
182.46 75
182.472 76
182.472 77
182.483 73
182.483 74
182.494 75
182.505 76
182.505 77
182.516 73
182.516 74
182.528 75
182.539 76
182.539 77
182.55 74
182.559 75
182.559 76
182.568 77
182.578 73
182.578 74
182.587 75
182.596 76
182.596 77
182.605 78
182.605 79
182.613 80
182.613 81
182.622 82
182.622 83
182.631 77
182.631 78
182.64 79
182.64 80
182.649 81
182.649 82
182.658 83
182.659 77
182.659 78
182.672 79
182.672 80
182.681 81
182.681 82
182.69 83
182.69 80
182.69 81
182.703 82
182.703 83
182.717 80
182.717 81
182.726 82
182.726 83
182.743 78
182.743 79
182.752 80
182.752 81
182.761 82
182.761 83
182.77 80
182.77 81
182.785 82
182.785 83
182.8 81
182.8 82
182.815 83
182.823 78
182.823 79
182.838 80
182.838 81
182.853 82
182.853 83
182.868 78
182.868 79
182.882 74
182.882 75
182.897 76
182.897 77
182.912 78
182.912 79
182.927 74
182.927 75
182.942 71
182.942 72
182.957 73
182.957 74
182.972 75
182.987 71
182.987 72
183.002 73
183.002 74
183.017 71
183.017 72
183.028 73
183.028 74
183.039 70
183.039 71
183.051 72
183.051 73
183.061 68
183.061 69
183.073 70
183.073 71
183.084 72
183.084 73
183.095 68
183.095 69
183.107 68
183.107 69
183.118 70
183.118 71
183.129 72
183.129 73
183.14 69
183.14 70
183.151 71
183.151 72
183.163 66
183.163 67
183.173 68
183.173 69
183.184 70
183.184 71
183.195 68
183.195 69
183.206 70
183.206 71
183.216 72
183.216 73
183.227 70
183.227 71
183.238 72
183.238 73
183.249 68
183.249 69
183.26 70
183.26 71
183.27 72
183.27 73
183.281 70
183.281 71
183.292 72
183.292 73
183.303 74
183.313 71
183.313 72
183.324 73
183.324 74
183.335 75
183.345 73
183.345 74
183.356 75
183.367 76
183.367 77
183.378 74
183.378 75
183.388 76
183.388 77
183.399 74
183.399 75
183.41 76
183.41 77
183.42 78
183.42 79
183.431 76
183.431 77
183.442 78
183.442 79
183.453 80
183.453 81
183.463 78
183.463 79
183.474 80
183.474 81
183.485 78
183.485 79
183.495 80
183.495 81
183.506 82
183.506 83
183.517 80
183.517 81
183.528 82
183.528 83
183.538 78
183.538 79
183.549 80
183.549 81
183.56 82
183.56 83
183.57 78
183.57 79
183.581 80
183.581 81
183.592 82
183.592 83
183.603 84
183.603 85
183.613 80
183.613 81
183.624 82
183.624 83
183.635 84
183.635 85
183.646 80
183.646 81
183.656 82
183.656 83
183.666 80
183.666 81
183.678 82
183.678 83
183.688 84
183.688 85
183.699 80
183.699 81
183.71 82
183.71 83
183.721 84
183.721 85
183.731 80
183.731 81
183.742 82
183.742 83
183.753 84
183.753 85
183.763 80
183.763 81
183.774 82
183.774 83
183.785 84
183.785 85
183.796 82
183.796 83
183.806 84
183.806 85
183.817 86
183.828 82
183.828 83
183.838 84
183.838 85
183.849 86
183.86 82
183.86 83
183.871 84
183.871 85
183.881 86
183.892 82
183.892 83
183.903 84
183.903 85
183.913 86
183.925 82
183.925 83
183.935 84
183.935 85
183.946 86
183.958 84
183.958 85
183.968 86
183.984 82
183.984 83
183.995 84
183.995 85
184.006 86
184.016 82
184.016 83
184.027 84
184.027 85
184.038 86
184.048 82
184.048 83
184.059 84
184.059 85
184.07 86
184.081 82
184.081 83
184.091 84
184.091 85
184.102 86
184.113 82
184.113 83
184.123 84
184.123 85
184.134 86
184.145 82
184.145 83
184.156 84
184.156 85
184.166 86
184.177 84
184.177 85
184.188 83
184.188 84
184.198 82
184.198 83
184.227 78
184.227 79
184.238 80
184.238 81
184.248 82
184.248 83
184.26 78
184.26 79
184.271 80
184.271 81
184.282 82
184.282 83
184.292 78
184.292 79
184.303 80
184.303 81
184.314 82
184.314 83
184.324 78
184.324 79
184.335 80
184.335 81
184.346 82
184.346 83
184.359 78
184.359 79
184.37 80
184.37 81
184.381 82
184.381 83
184.392 79
184.392 80
184.402 81
184.402 82
184.412 77
184.412 78
184.422 79
184.422 80
184.43 81
184.43 82
184.439 83
184.439 80
184.439 81
184.452 82
184.452 83
184.465 79
184.465 80
184.474 81
184.474 82
184.483 83
184.496 78
184.496 79
184.505 80
184.505 81
184.514 82
184.514 83
184.525 78
184.525 79
184.534 80
184.534 81
184.542 82
184.542 83
184.556 78
184.556 79
184.565 80
184.565 81
184.573 82
184.573 83
184.585 78
184.585 79
184.593 80
184.593 81
184.602 82
184.602 83
184.616 78
184.616 79
184.624 80
184.624 81
184.633 82
184.633 83
184.642 77
184.642 78
184.656 79
184.656 80
184.671 78
184.671 79
184.685 80
184.685 81
184.699 82
184.699 83
184.714 80
184.714 81
184.728 76
184.728 77
184.742 78
184.742 79
184.756 74
184.756 75
184.771 76
184.771 77
184.785 78
184.785 79
184.799 74
184.799 75
184.814 76
184.814 77
184.828 73
184.828 74
184.842 75
184.856 73
184.856 74
184.871 75
184.885 71
184.885 72
184.896 73
184.896 74
184.906 69
184.906 70
184.917 71
184.917 72
184.928 73
184.928 74
184.939 70
184.939 71
184.949 72
184.949 73
184.96 69
184.96 70
184.971 71
184.971 72
184.981 73
184.981 74
184.992 69
184.992 70
185.003 71
185.003 72
185.014 73
185.014 74
185.024 69
185.024 70
185.035 71
185.035 72
185.046 73
185.046 74
185.056 69
185.056 70
185.067 71
185.067 72
185.078 73
185.078 74
185.089 71
185.089 72
185.099 73
185.099 74
185.11 69
185.11 70
185.121 71
185.121 72
185.131 73
185.131 74
185.142 69
185.142 70
185.153 71
185.153 72
185.164 73
185.164 74
185.174 71
185.174 72
185.185 73
185.185 74
185.196 75
185.206 72
185.206 73
185.217 74
185.227 72
185.227 73
185.239 74
185.249 75
185.249 76
185.26 74
185.26 75
185.271 76
185.271 77
185.282 78
185.282 79
185.292 76
185.292 77
185.303 78
185.303 79
185.314 76
185.314 77
185.324 78
185.324 79
185.335 80
185.335 81
185.399 72
185.768 0
185.768 1
185.768 2
185.768 3
185.768 4
185.995 0
185.995 1
185.995 2
185.995 3
185.995 4
185.995 5
185.995 6
185.995 7
185.995 8
185.995 9
186.002 10
186.012 11
186.012 12
186.023 13
186.023 14
186.034 15
186.034 16
186.045 17
186.045 18
186.055 19
186.066 20
186.066 21
186.077 22
186.077 23
186.087 24
186.087 25
186.098 26
186.098 27
186.109 28
186.109 29
186.12 30
186.12 31
186.13 32
186.141 33
186.141 34
186.152 35
186.152 36
186.162 37
186.162 38
186.173 39
186.173 40
186.184 41
186.184 42
186.195 43
186.205 44
186.205 45
186.216 46
186.216 47
186.227 48
186.227 49
186.237 42
186.237 43
186.248 44
186.248 45
186.259 46
186.259 47
186.27 44
186.27 45
186.28 46
186.28 47
186.291 45
186.291 46
186.302 47
186.302 48
186.312 49
186.312 50
186.323 47
186.323 48
186.334 49
186.334 50
186.345 51
186.355 49
186.355 50
186.366 51
186.377 52
186.377 53
186.387 50
186.387 51
186.398 52
186.398 53
186.409 54
186.409 55
186.42 52
186.42 53
186.43 54
186.43 55
186.441 56
186.441 57
186.452 54
186.452 55
186.463 56
186.463 57
186.473 58
186.473 59
186.484 56
186.484 57
186.495 58
186.495 59
186.505 56
186.505 57
186.516 58
186.516 59
186.527 60
186.527 61
186.538 58
186.538 59
186.548 60
186.548 61
186.559 56
186.559 57
186.57 58
186.57 59
186.58 60
186.58 61
186.591 62
186.602 58
186.602 59
186.613 60
186.613 61
186.623 62
186.634 58
186.634 59
186.645 60
186.645 61
186.655 56
186.655 57
186.666 58
186.666 59
186.677 60
186.677 61
186.688 62
186.698 58
186.698 59
186.709 60
186.709 61
186.72 62
186.73 63
186.73 64
186.741 60
186.741 61
186.752 62
186.763 63
186.763 64
186.773 65
186.773 66
186.784 62
186.795 63
186.795 64
186.805 65
186.805 66
186.816 63
186.816 64
186.827 65
186.827 66
186.838 67
186.838 68
186.848 64
186.848 65
186.859 66
186.859 67
186.87 64
186.87 65
186.88 66
186.88 67
186.891 68
186.891 69
186.902 66
186.902 67
186.913 68
186.913 69
186.923 66
186.923 67
186.934 68
186.934 69
186.945 70
186.945 71
186.955 67
186.955 68
186.966 69
186.966 70
186.977 71
186.977 72
186.988 69
186.988 70
186.996 71
186.996 72
187.005 73
187.005 74
187.013 69
187.013 70
187.022 71
187.022 72
187.03 73
187.03 74
187.039 75
187.048 71
187.048 72
187.056 73
187.056 74
187.065 75
187.073 73
187.073 74
187.082 75
187.09 76
187.09 77
187.099 78
187.099 79
187.108 74
187.108 75
187.116 76
187.116 77
187.125 78
187.125 79
187.133 80
187.133 81
187.142 76
187.142 77
187.15 78
187.15 79
187.159 80
187.159 81
187.168 82
187.168 83
187.176 78
187.176 79
187.185 80
187.185 81
187.193 82
187.193 83
187.202 84
187.202 85
187.21 82
187.21 83
187.219 84
187.219 85
187.228 86
187.236 82
187.236 83
187.25 84
187.25 85
187.265 86
187.279 84
187.279 85
187.293 86
187.308 82
187.308 83
187.322 84
187.322 85
187.336 86
187.35 82
187.35 83
187.365 84
187.365 85
187.379 82
187.379 83
187.393 84
187.393 85
187.408 80
187.408 81
187.422 82
187.422 83
187.436 80
187.436 81
187.451 82
187.451 83
187.465 78
187.465 79
187.479 80
187.479 81
187.493 76
187.493 77
187.504 78
187.504 79
187.515 80
187.515 81
187.526 74
187.526 75
187.536 76
187.536 77
187.547 78
187.547 79
187.558 74
187.558 75
187.568 76
187.568 77
187.579 78
187.579 79
187.59 74
187.59 75
187.601 76
187.601 77
187.611 78
187.611 79
187.622 74
187.622 75
187.633 76
187.633 77
187.643 78
187.643 79
187.654 74
187.654 75
187.665 76
187.665 77
187.676 78
187.676 79
187.686 74
187.686 75
187.697 76
187.697 77
187.708 73
187.708 74
187.718 75
187.729 76
187.729 77
187.74 74
187.751 75
187.751 76
187.761 74
187.761 75
187.772 76
187.772 77
187.783 78
187.783 79
187.793 76
187.793 77
187.804 78
187.804 79
187.815 80
187.815 81
187.826 77
187.826 78
187.836 79
187.836 80
187.847 77
187.847 78
187.858 79
187.858 80
187.868 81
187.868 82
187.879 80
187.879 81
187.89 82
187.89 83
187.901 80
187.901 81
187.911 82
187.911 83
187.922 84
187.922 85
187.933 82
187.933 83
187.943 84
187.943 85
187.954 86
187.965 84
187.965 85
187.976 86
187.986 82
187.986 83
187.997 84
187.997 85
188.008 86
188.019 82
188.019 83
188.029 84
188.029 85
188.04 86
188.051 84
188.051 85
188.062 86
188.072 82
188.072 83
188.083 84
188.083 85
188.094 86
188.105 87
188.105 88
188.115 84
188.115 85
188.126 83
188.126 84
188.137 85
188.137 86
188.147 82
188.147 83
188.158 84
188.158 85
188.169 86
188.18 84
188.18 85
188.191 86
188.201 87
188.201 88
188.212 84
188.212 85
188.223 86
188.234 84
188.234 85
188.244 86
188.255 87
188.255 88
188.266 84
188.266 85
188.277 86
188.287 87
188.287 88
188.298 85
188.298 86
188.309 87
188.32 85
188.32 86
188.33 83
188.33 84
188.341 82
188.341 83
188.37 79
188.37 80
188.381 81
188.381 82
188.392 83
188.397 79
188.397 80
188.408 81
188.408 82
188.419 83
188.423 80
188.423 81
188.435 82
188.435 83
188.45 78
188.45 79
188.461 80
188.461 81
188.471 82
188.471 83
188.482 78
188.482 79
188.493 80
188.493 81
188.504 82
188.504 83
188.514 76
188.514 77
188.525 78
188.525 79
188.536 80
188.536 81
188.547 82
188.547 83
188.557 78
188.557 79
188.568 80
188.568 81
188.579 76
188.579 77
188.59 78
188.59 79
188.6 80
188.6 81
188.611 76
188.611 77
188.622 78
188.622 79
188.632 74
188.632 75
188.643 76
188.643 77
188.654 78
188.654 79
188.664 76
188.664 77
188.675 78
188.675 79
188.686 80
188.686 81
188.696 76
188.696 77
188.707 78
188.707 79
188.717 74
188.717 75
188.728 76
188.728 77
188.739 78
188.739 79
188.75 80
188.75 81
188.76 76
188.76 77
188.771 78
188.771 79
188.781 74
188.781 75
188.792 76
188.792 77
188.803 78
188.803 79
188.813 76
188.813 77
188.824 78
188.824 79
188.835 80
188.835 81
188.845 82
188.845 83
188.856 79
188.856 80
188.866 81
188.866 82
188.877 78
188.877 79
188.888 80
188.888 81
188.898 82
188.898 83
188.909 79
188.909 80
188.92 81
188.92 82
188.93 77
188.93 78
188.941 79
188.941 80
188.951 81
188.951 82
188.962 78
188.962 79
188.971 80
188.971 81
188.979 82
188.979 83
188.988 84
188.988 85
188.996 80
188.996 81
189.005 82
189.005 83
189.013 84
189.013 85
189.022 80
189.022 81
189.03 82
189.03 83
189.039 84
189.039 85
189.047 86
189.056 82
189.056 83
189.064 84
189.064 85
189.073 86
189.081 87
189.081 88
189.09 84
189.09 85
189.098 86
189.107 87
189.107 88
189.115 84
189.115 85
189.124 86
189.132 87
189.132 88
189.141 89
189.141 90
189.149 86
189.158 87
189.158 88
189.166 89
189.166 90
189.176 87
189.176 88
189.185 89
189.185 90
189.203 86
189.217 87
189.217 88
189.231 89
189.231 90
189.245 86
189.259 87
189.259 88
189.274 84
189.274 85
189.288 86
189.302 83
189.302 84
189.316 85
189.316 86
189.33 82
189.33 83
189.344 84
189.344 85
189.359 80
189.359 81
189.373 82
189.373 83
189.387 84
189.387 85
189.401 82
189.401 83
189.415 78
189.415 79
189.429 80
189.429 81
189.443 76
189.443 77
189.454 78
189.454 79
189.465 80
189.465 81
189.476 74
189.476 75
189.486 76
189.486 77
189.497 78
189.497 79
189.507 74
189.507 75
189.518 76
189.518 77
189.528 78
189.528 79
189.539 74
189.539 75
189.549 76
189.549 77
189.56 78
189.56 79
189.57 74
189.57 75
189.58 76
189.58 77
189.591 78
189.591 79
189.601 74
189.601 75
189.612 76
189.612 77
189.622 78
189.622 79
189.632 73
189.632 74
189.642 75
189.653 76
189.653 77
189.663 73
189.663 74
189.673 75
189.683 76
189.683 77
189.693 74
189.693 75
189.703 76
189.703 77
189.713 78
189.713 79
189.723 75
189.723 76
189.733 77
189.733 78
189.743 79
189.743 80
189.753 77
189.753 78
189.763 79
189.763 80
189.773 77
189.773 78
189.783 79
189.783 80
189.793 81
189.793 82
189.803 79
189.803 80
189.813 81
189.813 82
189.823 83
189.823 84
189.833 82
189.833 83
189.843 84
189.843 85
189.853 82
189.853 83
189.863 84
189.863 85
189.873 86
189.883 84
189.883 85
189.893 86
189.903 84
189.903 85
189.913 86
189.923 87
189.923 88
189.933 84
189.933 85
189.943 86
189.954 87
189.954 88
189.964 84
189.964 85
189.974 86
189.984 87
189.984 88
189.994 84
189.994 85
190.004 86
190.014 87
190.014 88
190.024 84
190.024 85
190.034 86
190.044 87
190.044 88
190.054 89
190.054 90
190.064 86
190.064 87
190.074 88
190.074 89
190.084 86
190.094 87
190.094 88
190.104 89
190.104 90
190.114 86
190.124 87
190.124 88
190.134 89
190.134 90
190.144 86
190.154 87
190.154 88
190.164 89
190.164 90
190.174 86
190.184 87
190.184 88
190.194 89
190.194 90
190.204 87
190.204 88
190.214 89
190.214 90
190.224 91
190.224 92
190.234 87
190.234 88
190.244 89
190.244 90
190.254 91
190.254 92
190.264 87
190.264 88
190.274 89
190.274 90
190.284 87
190.284 88
190.294 89
190.294 90
190.304 91
190.304 92
190.314 87
190.314 88
190.324 89
190.324 90
190.335 91
190.335 92
190.345 87
190.345 88
190.355 89
190.355 90
190.365 91
190.365 92
190.375 87
190.375 88
190.385 89
190.385 90
190.395 91
190.395 92
190.405 87
190.405 88
190.415 89
190.415 90
190.425 91
190.425 92
190.435 86
190.435 87
190.445 88
190.445 89
190.455 86
190.465 87
190.465 88
190.475 89
190.475 90
190.485 86
190.495 87
190.495 88
190.505 89
190.505 90
190.514 86
190.525 87
190.525 88
190.535 89
190.535 90
190.545 86
190.555 87
190.555 88
190.565 89
190.565 90
190.575 86
190.585 87
190.585 88
190.595 89
190.595 90
190.605 86
190.615 87
190.615 88
190.625 89
190.625 90
190.635 87
190.635 88
190.645 89
190.645 90
190.655 91
190.655 92
190.665 87
190.665 88
190.675 89
190.675 90
190.685 91
190.685 92
190.695 87
190.695 88
190.705 89
190.705 90
190.715 91
190.715 92
190.725 87
190.725 88
190.735 89
190.735 90
190.745 91
190.745 92
190.755 87
190.755 88
190.765 89
190.765 90
190.775 91
190.775 92
190.785 89
190.785 90
190.795 91
190.795 92
190.805 93
190.805 94
190.815 89
190.815 90
190.825 91
190.825 92
190.835 93
190.835 94
190.845 91
190.845 92
190.855 93
190.855 94
190.865 89
190.865 90
190.874 91
190.874 92
190.882 93
190.882 94
190.892 89
190.892 90
190.9 91
190.9 92
190.908 93
190.908 94
190.923 89
190.923 90
190.931 91
190.931 92
190.939 93
190.939 94
190.952 89
190.952 90
190.96 91
190.96 92
190.968 93
190.968 94
190.98 91
190.98 92
190.988 93
190.988 94
191.007 88
191.007 89
191.015 90
191.015 91
191.023 92
191.023 93
191.031 94
191.033 90
191.033 91
191.043 92
191.043 93
191.051 94
191.064 89
191.064 90
191.072 91
191.072 92
191.08 93
191.08 94
191.088 90
191.088 91
191.096 90
191.133 86
191.146 87
191.146 88
191.159 89
191.159 90
191.173 86
191.186 85
191.186 86
191.199 83
191.199 84
191.213 85
191.226 86
191.239 82
191.239 83
191.253 84
191.253 85
191.266 80
191.266 81
191.28 79
191.28 80
191.293 78
191.293 79
191.306 80
191.306 81
191.32 82
191.32 83
191.333 76
191.333 77
191.343 78
191.343 79
191.353 80
191.353 81
191.363 82
191.363 83
191.373 77
191.373 78
191.383 76
191.383 77
191.393 78
191.393 79
191.403 80
191.403 81
191.413 76
191.413 77
191.423 78
191.423 79
191.433 80
191.433 81
191.443 74
191.443 75
191.453 76
191.453 77
191.463 78
191.463 79
191.473 74
191.473 75
191.483 76
191.483 77
191.493 78
191.493 79
191.503 74
191.503 75
191.513 76
191.513 77
191.523 78
191.523 79
191.533 74
191.533 75
191.543 76
191.543 77
191.553 78
191.553 79
191.563 73
191.563 74
191.573 75
191.583 76
191.583 77
191.593 74
191.593 75
191.603 76
191.603 77
191.613 78
191.613 79
191.623 80
191.623 81
191.633 78
191.633 79
191.643 80
191.643 81
191.653 76
191.653 77
191.663 78
191.663 79
191.673 80
191.673 81
191.683 82
191.683 83
191.693 80
191.693 81
191.703 82
191.703 83
191.713 78
191.713 79
191.723 80
191.723 81
191.733 82
191.733 83
191.743 84
191.743 85
191.754 82
191.754 83
191.764 84
191.764 85
191.774 81
191.774 82
191.784 83
191.784 84
191.794 85
191.794 86
191.804 82
191.804 83
191.814 84
191.814 85
191.824 86
191.834 82
191.834 83
191.844 84
191.844 85
191.854 86
191.864 83
191.864 84
191.874 85
191.874 86
191.884 87
191.894 84
191.894 85
191.904 86
191.914 87
191.914 88
191.924 84
191.924 85
191.934 86
191.944 87
191.944 88
191.954 84
191.954 85
191.964 86
191.974 87
191.974 88
191.984 84
191.984 85
191.994 86
192.004 87
192.004 88
192.014 83
192.014 84
192.024 85
192.024 86
192.033 82
192.033 83
192.044 84
192.044 85
192.054 86
192.064 82
192.064 83
192.074 84
192.074 85
192.084 86
192.093 82
192.093 83
192.104 84
192.104 85
192.114 86
192.124 82
192.124 83
192.134 84
192.134 85
192.144 86
192.154 87
192.154 88
192.164 84
192.164 85
192.174 86
192.184 82
192.184 83
192.194 84
192.194 85
192.204 86
192.214 82
192.214 83
192.224 84
192.224 85
192.234 86
192.244 82
192.244 83
192.254 84
192.254 85
192.264 86
192.274 81
192.274 82
192.284 83
192.284 84
192.294 85
192.294 86
192.304 82
192.304 83
192.314 84
192.314 85
192.324 86
192.334 82
192.334 83
192.344 84
192.344 85
192.354 82
192.354 83
192.364 84
192.364 85
192.374 86
192.384 82
192.384 83
192.394 84
192.394 85
192.404 86
192.414 87
192.414 88
192.424 86
192.433 87
192.433 88
192.443 84
192.443 85
192.453 86
192.463 87
192.463 88
192.473 84
192.473 85
192.483 86
192.493 87
192.493 88
192.503 84
192.503 85
192.513 86
192.523 87
192.523 88
192.532 84
192.532 85
192.542 86
192.552 87
192.552 88
192.562 89
192.562 90
192.572 86
192.582 87
192.582 88
192.592 89
192.592 90
192.602 86
192.612 87
192.612 88
192.622 89
192.622 90
192.632 86
192.641 87
192.641 88
192.651 89
192.651 90
192.661 87
192.661 88
192.671 89
192.671 90
192.681 91
192.681 92
192.691 87
192.691 88
192.701 89
192.701 90
192.711 91
192.711 92
192.721 87
192.721 88
192.731 89
192.731 90
192.741 91
192.741 92
192.75 87
192.75 88
192.758 89
192.758 90
192.766 91
192.766 92
192.774 93
192.774 94
192.782 89
192.782 90
192.79 91
192.79 92
192.798 93
192.798 94
192.806 95
192.808 91
192.808 92
192.818 93
192.818 94
192.826 95
192.835 91
192.835 92
192.843 93
192.843 94
192.851 95
192.866 90
192.866 91
192.874 92
192.874 93
192.882 94
192.882 95
192.892 92
192.892 93
192.9 94
192.9 95
192.919 90
192.919 91
192.927 92
192.927 93
192.935 94
192.935 95
192.948 92
192.948 93
192.956 94
192.956 95
192.974 88
192.974 89
192.987 90
192.987 91
193.001 92
193.001 93
193.014 88
193.014 89
193.027 90
193.027 91
193.04 88
193.04 89
193.053 86
193.053 87
193.066 85
193.066 86
193.098 81
193.098 82
193.111 83
193.111 84
193.124 85
193.124 86
193.137 81
193.137 82
193.151 83
193.151 84
193.164 79
193.164 80
193.177 81
193.177 82
193.19 83
193.19 84
193.203 76
193.203 77
193.213 78
193.213 79
193.223 77
193.223 78
193.233 79
193.233 80
193.243 81
193.243 82
193.253 77
193.253 78
193.263 79
193.263 80
193.273 81
193.273 82
193.283 75
193.283 76
193.293 77
193.293 78
193.302 74
193.302 75
193.312 76
193.322 74
193.322 75
193.332 76
193.332 77
193.342 78
193.342 79
193.352 76
193.352 77
193.362 78
193.362 79
193.372 80
193.372 81
193.382 76
193.382 77
193.392 75
193.392 76
193.402 75
193.402 76
193.411 77
193.421 78
193.421 79
193.431 75
193.431 76
193.441 77
193.441 78
193.451 79
193.451 80
193.461 76
193.461 77
193.471 78
193.471 79
193.481 80
193.481 81
193.491 78
193.491 79
193.501 80
193.501 81
193.511 82
193.511 83
193.52 78
193.52 79
193.53 80
193.53 81
193.54 82
193.54 83
193.55 80
193.55 81
193.56 82
193.56 83
193.57 84
193.57 85
193.579 80
193.579 81
193.59 82
193.59 83
193.6 84
193.6 85
193.61 86
193.62 83
193.62 84
193.629 85
193.629 86
193.639 87
193.649 84
193.649 85
193.659 86
193.669 87
193.669 88
193.679 84
193.679 85
193.689 86
193.699 87
193.699 88
193.709 82
193.709 83
193.719 84
193.719 85
193.729 86
193.738 87
193.738 88
193.748 84
193.748 85
193.758 86
193.768 82
193.768 83
193.778 84
193.778 85
193.788 86
193.798 82
193.798 83
193.808 84
193.808 85
193.818 86
193.828 82
193.828 83
193.838 84
193.838 85
193.847 86
193.857 82
193.857 83
193.867 84
193.867 85
193.877 80
193.877 81
193.887 82
193.887 83
193.897 84
193.897 85
193.907 86
193.917 82
193.917 83
193.927 84
193.927 85
193.937 79
193.937 80
193.947 81
193.947 82
193.956 83
193.956 84
193.966 79
193.966 80
193.976 81
193.976 82
193.986 83
193.986 84
193.996 80
193.996 81
194.006 82
194.006 83
194.016 84
194.016 85
194.026 80
194.026 81
194.036 82
194.036 83
194.046 84
194.046 85
194.056 80
194.056 81
194.065 82
194.065 83
194.075 79
194.075 80
194.085 81
194.085 82
194.095 83
194.095 84
194.105 80
194.105 81
194.115 82
194.115 83
194.125 84
194.125 85
194.135 80
194.135 81
194.145 82
194.145 83
194.155 84
194.155 85
194.165 80
194.165 81
194.174 82
194.174 83
194.184 84
194.184 85
194.194 80
194.194 81
194.204 82
194.204 83
194.214 84
194.214 85
194.224 86
194.234 82
194.234 83
194.244 84
194.244 85
194.254 86
194.264 82
194.264 83
194.273 84
194.273 85
194.283 86
194.293 82
194.293 83
194.303 84
194.303 85
194.313 86
194.323 82
194.323 83
194.333 84
194.333 85
194.343 86
194.353 82
194.353 83
194.363 84
194.363 85
194.373 86
194.382 83
194.382 84
194.392 85
194.392 86
194.402 87
194.412 84
194.412 85
194.422 82
194.422 83
194.432 84
194.432 85
194.442 86
194.452 87
194.452 88
194.462 84
194.462 85
194.472 86
194.482 87
194.482 88
194.491 84
194.491 85
194.501 86
194.511 87
194.511 88
194.521 84
194.521 85
194.531 86
194.541 87
194.541 88
194.551 89
194.551 90
194.561 86
194.571 87
194.571 88
194.581 89
194.581 90
194.591 86
194.6 87
194.6 88
194.61 89
194.61 90
194.62 86
194.63 87
194.63 88
194.64 89
194.64 90
194.65 86
194.66 87
194.66 88
194.67 89
194.67 90
194.68 91
194.68 92
194.69 87
194.69 88
194.698 89
194.698 90
194.705 91
194.705 92
194.713 87
194.713 88
194.721 89
194.721 90
194.729 91
194.729 92
194.737 93
194.737 94
194.745 89
194.745 90
194.753 91
194.753 92
194.761 93
194.761 94
194.769 95
194.769 96
194.777 91
194.777 92
194.785 93
194.785 94
194.793 95
194.793 96
194.8 93
194.8 94
194.809 95
194.809 96
194.827 91
194.827 92
194.835 93
194.835 94
194.842 95
194.842 96
194.858 91
194.858 92
194.865 93
194.865 94
194.873 95
194.873 96
194.888 91
194.888 92
194.896 93
194.896 94
194.904 95
194.904 96
194.919 91
194.919 92
194.933 93
194.933 94
194.946 95
194.946 96
194.959 91
194.959 92
194.972 93
194.972 94
194.985 89
194.985 90
194.999 91
194.999 92
195.012 93
195.012 94
195.025 89
195.025 90
195.038 91
195.038 92
195.051 89
195.051 90
195.065 91
195.065 92
195.078 87
195.078 88
195.091 89
195.091 90
195.104 87
195.104 88
195.117 89
195.117 90
195.131 85
195.131 86
195.144 87
195.157 83
195.157 84
195.167 83
195.2 76
195.2 77
195.21 78
195.21 79
195.22 80
195.22 81
195.229 82
195.229 83
195.239 78
195.239 79
195.249 80
195.249 81
195.259 76
195.259 77
195.269 75
195.269 76
195.279 74
195.289 73
195.289 74
195.299 75
195.309 76
195.309 77
195.319 74
195.329 75
195.329 76
195.338 77
195.338 78
195.348 74
195.348 75
195.358 76
195.358 77
195.368 78
195.368 79
195.378 74
195.378 75
195.388 76
195.388 77
195.398 78
195.398 79
195.408 74
195.408 75
195.418 76
195.418 77
195.427 78
195.427 79
195.437 75
195.437 76
195.447 77
195.447 78
195.457 79
195.457 80
195.467 76
195.467 77
195.477 78
195.477 79
195.487 80
195.498 77
195.498 78
195.508 79
195.508 80
195.524 75
195.524 76
195.534 77
195.534 78
195.544 79
195.544 80
195.555 77
195.555 78
195.565 79
195.565 80
195.582 77
195.582 78
195.592 79
195.592 80
195.608 77
195.608 78
195.618 79
195.618 80
195.637 75
195.637 76
195.647 77
195.647 78
195.657 79
195.657 80
195.667 81
195.667 82
195.677 83
195.677 84
195.686 78
195.686 79
195.696 80
195.696 81
195.705 77
195.705 78
195.716 79
195.716 80
195.726 81
195.726 82
195.736 76
195.736 77
195.746 78
195.746 79
195.756 80
195.756 81
195.766 75
195.766 76
195.776 77
195.776 78
195.785 79
195.785 80
195.795 74
195.795 75
195.805 76
195.805 77
195.815 78
195.815 79
195.825 74
195.825 75
195.835 76
195.835 77
195.844 73
195.844 74
195.855 75
195.865 76
195.865 77
195.874 74
195.884 75
195.884 76
195.894 77
195.894 78
195.904 74
195.914 75
195.914 76
195.924 77
195.924 78
195.934 74
195.934 75
195.944 76
195.944 77
195.954 78
195.954 79
195.964 76
195.964 77
195.973 78
195.973 79
195.983 75
195.983 76
195.993 77
195.993 78
196.003 79
196.003 80
196.399 4
196.43 1
196.435 2
196.439 3
196.444 4
196.626 5
196.636 6
196.636 7
196.646 8
196.646 9
196.656 10
196.656 11
196.666 8
196.666 9
196.675 10
196.675 11
196.685 12
196.685 13
196.695 14
196.705 15
196.705 16
196.715 17
196.715 18
196.725 19
196.725 20
196.735 21
196.735 22
196.745 23
196.745 24
196.755 25
196.765 26
196.765 27
196.774 28
196.774 29
196.784 30
196.784 31
196.794 32
196.794 33
196.804 34
196.804 35
196.814 36
196.814 37
196.824 38
196.834 39
196.834 40
196.844 41
196.844 42
196.854 43
196.854 44
196.864 41
196.864 42
196.873 43
196.873 44
196.883 40
196.883 41
196.893 42
196.893 43
196.903 44
196.903 45
196.913 43
196.913 44
196.923 45
196.923 46
196.933 47
196.933 48
196.943 43
196.943 44
196.953 45
196.953 46
196.963 47
196.963 48
196.972 49
196.972 50
196.982 47
196.982 48
196.992 49
196.992 50
197.002 47
197.002 48
197.012 49
197.012 50
197.022 51
197.032 49
197.032 50
197.042 51
197.052 52
197.052 53
197.062 50
197.062 51
197.071 52
197.071 53
197.081 54
197.081 55
197.091 52
197.091 53
197.101 54
197.101 55
197.111 56
197.111 57
197.121 54
197.121 55
197.131 56
197.131 57
197.141 58
197.141 59
197.151 54
197.151 55
197.16 56
197.16 57
197.17 58
197.17 59
197.18 60
197.18 61
197.19 56
197.19 57
197.2 58
197.2 59
197.21 60
197.21 61
197.22 58
197.22 59
197.23 60
197.23 61
197.24 58
197.24 59
197.25 60
197.25 61
197.259 62
197.269 58
197.269 59
197.279 60
197.279 61
197.289 62
197.299 63
197.299 64
197.309 60
197.309 61
197.319 62
197.329 63
197.329 64
197.339 62
197.349 63
197.349 64
197.358 65
197.358 66
197.368 62
197.378 63
197.378 64
197.388 65
197.388 66
197.398 63
197.398 64
197.408 65
197.408 66
197.418 67
197.418 68
197.428 65
197.428 66
197.438 67
197.438 68
197.448 69
197.448 70
197.457 65
197.457 66
197.467 67
197.467 68
197.477 69
197.477 70
197.487 71
197.487 72
197.497 67
197.497 68
197.507 69
197.507 70
197.517 71
197.517 72
197.527 73
197.527 74
197.537 71
197.537 72
197.547 73
197.547 74
197.556 69
197.556 70
197.566 71
197.566 72
197.576 73
197.576 74
197.586 75
197.596 71
197.596 72
197.606 73
197.606 74
197.616 75
197.626 72
197.626 73
197.636 74
197.645 75
197.645 76
197.655 74
197.665 75
197.665 76
197.675 71
197.675 72
197.685 73
197.685 74
197.695 75
197.705 76
197.705 77
197.715 73
197.715 74
197.725 75
197.735 76
197.735 77
197.744 73
197.744 74
197.754 75
197.764 76
197.764 77
197.774 73
197.774 74
197.782 75
197.79 76
197.79 77
197.798 78
197.798 79
197.806 74
197.806 75
197.814 76
197.814 77
197.822 78
197.822 79
197.83 80
197.83 81
197.838 76
197.838 77
197.845 78
197.845 79
197.853 80
197.853 81
197.861 82
197.861 83
197.869 78
197.869 79
197.877 80
197.877 81
197.885 82
197.885 83
197.893 84
197.893 85
197.901 80
197.901 81
197.909 82
197.909 83
197.917 84
197.917 85
197.925 82
197.925 83
197.933 84
197.933 85
197.94 86
197.948 87
197.948 88
197.956 84
197.956 85
197.964 86
197.972 87
197.972 88
197.98 89
197.98 90
197.988 86
197.996 87
197.996 88
198.004 89
198.004 90
198.017 86
198.031 87
198.031 88
198.044 89
198.044 90
198.057 86
198.07 87
198.07 88
198.083 86
198.097 87
198.097 88
198.11 84
198.11 85
198.123 86
198.136 87
198.136 88
198.149 86
198.163 87
198.163 88
198.176 84
198.176 85
198.189 86
198.202 82
198.202 83
198.215 84
198.215 85
198.229 86
198.242 82
198.242 83
198.255 84
198.255 85
198.268 80
198.268 81
198.278 82
198.278 83
198.288 78
198.288 79
198.298 80
198.298 81
198.308 82
198.308 83
198.318 78
198.318 79
198.328 80
198.328 81
198.337 82
198.337 83
198.347 78
198.347 79
198.357 80
198.357 81
198.367 82
198.367 83
198.377 78
198.377 79
198.387 80
198.387 81
198.397 82
198.397 83
198.407 78
198.407 79
198.417 80
198.417 81
198.427 82
198.427 83
198.436 78
198.436 79
198.446 80
198.446 81
198.456 76
198.456 77
198.466 78
198.466 79
198.476 80
198.476 81
198.486 76
198.486 77
198.496 78
198.496 79
198.506 80
198.506 81
198.516 78
198.516 79
198.526 80
198.526 81
198.535 82
198.535 83
198.545 80
198.545 81
198.555 82
198.555 83
198.565 84
198.565 85
198.575 82
198.575 83
198.585 84
198.585 85
198.595 86
198.605 84
198.605 85
198.615 86
198.624 82
198.624 83
198.634 84
198.634 85
198.644 86
198.654 87
198.654 88
198.664 86
198.674 87
198.674 88
198.684 89
198.684 90
198.694 87
198.694 88
198.704 89
198.704 90
198.714 87
198.714 88
198.723 89
198.723 90
198.737 87
198.737 88
198.747 89
198.747 90
198.764 85
198.764 86
198.774 87
198.784 88
198.784 89
198.793 86
198.803 87
198.803 88
198.813 89
198.813 90
198.823 86
198.833 87
198.833 88
198.843 89
198.843 90
198.852 86
198.863 87
198.863 88
198.873 89
198.873 90
198.883 86
198.893 87
198.893 88
198.903 89
198.903 90
198.913 86
198.923 87
198.923 88
198.932 89
198.932 90
198.942 86
198.952 87
198.952 88
198.962 89
198.962 90
198.972 86
198.972 87
198.982 88
198.982 89
198.992 90
198.996 86
198.996 87
199.007 88
199.007 89
199.017 90
199.022 86
199.032 87
199.032 88
199.042 89
199.042 90
199.055 86
199.065 87
199.065 88
199.075 89
199.075 90
199.086 87
199.086 88
199.096 89
199.096 90
199.113 86
199.122 87
199.122 88
199.132 86
199.142 87
199.142 88
199.152 89
199.152 90
199.161 86
199.172 87
199.172 88
199.182 89
199.182 90
199.192 86
199.192 87
199.202 86
199.234 82
199.234 83
199.244 84
199.244 85
199.254 86
199.274 82
199.274 83
199.284 84
199.284 85
199.294 86
199.303 83
199.303 84
199.313 85
199.313 86
199.327 82
199.327 83
199.338 84
199.338 85
199.348 86
199.358 83
199.358 84
199.368 85
199.368 86
199.382 82
199.382 83
199.393 84
199.393 85
199.402 86
199.412 82
199.412 83
199.422 84
199.422 85
199.432 86
199.442 82
199.442 83
199.452 84
199.452 85
199.462 86
199.472 82
199.472 83
199.482 84
199.482 85
199.492 86
199.501 82
199.501 83
199.511 84
199.511 85
199.521 86
199.531 82
199.531 83
199.541 84
199.541 85
199.551 86
199.561 82
199.561 83
199.571 84
199.571 85
199.581 86
199.59 82
199.59 83
199.6 84
199.6 85
199.61 86
199.62 82
199.62 83
199.628 84
199.628 85
199.636 86
199.651 82
199.651 83
199.659 84
199.659 85
199.667 86
199.682 82
199.682 83
199.69 84
199.69 85
199.698 86
199.706 87
199.706 88
199.714 89
199.714 90
199.731 86
199.739 87
199.739 88
199.747 89
199.747 90
199.762 86
199.77 87
199.77 88
199.778 89
199.778 90
199.788 86
199.788 87
199.796 88
199.796 89
199.804 90
199.815 86
199.815 87
199.823 88
199.823 89
199.831 90
199.841 86
199.841 87
199.854 88
199.854 89
199.868 90
199.868 86
199.887 87
199.887 88
199.901 84
199.901 85
199.914 86
199.927 82
199.927 83
199.94 84
199.94 85
199.953 81
199.953 82
199.967 83
199.967 84
199.98 79
199.98 80
199.993 81
199.993 82
