<ns3modulegen_core_customizations.SmartPointerTransformation object at 0xffffbcfe0d90>
>>>>>>>>>>>>>>>> [['ns3::ObjectBase *', 'ns3::empty', 'ns3::empty', 'ns3::empty', 'ns3::empty', 'ns3::empty', 'ns3::empty', 'ns3::empty', 'ns3::empty', 'ns3::empty'], ['void', 'ns3::Ptr<ns3::NetDevice>', 'ns3::Ptr<const ns3::Packet>', 'unsigned short', 'const ns3::Address &', 'const ns3::Address &', 'ns3::NetDevice::PacketType', 'ns3::empty', 'ns3::empty', 'ns3::empty'], ['void', 'ns3::Ptr<ns3::NetDevice>', 'ns3::empty', 'ns3::empty', 'ns3::empty', 'ns3::empty', 'ns3::empty', 'ns3::empty', 'ns3::empty', 'ns3::empty'], ['void', 'ns3::Ptr<ns3::Socket>', 'ns3::empty', 'ns3::empty', 'ns3::empty', 'ns3::empty', 'ns3::empty', 'ns3::empty', 'ns3::empty', 'ns3::empty'], ['bool', 'ns3::Ptr<ns3::Socket>', 'const ns3::Address &', 'ns3::empty', 'ns3::empty', 'ns3::empty', 'ns3::empty', 'ns3::empty', 'ns3::empty', 'ns3::empty'], ['void', 'ns3::Ptr<ns3::Socket>', 'const ns3::Address &', 'ns3::empty', 'ns3::empty', 'ns3::empty', 'ns3::empty', 'ns3::empty', 'ns3::empty', 'ns3::empty'], ['void', 'ns3::Ptr<ns3::Socket>', 'unsigned int', 'ns3::empty', 'ns3::empty', 'ns3::empty', 'ns3::empty', 'ns3::empty', 'ns3::empty', 'ns3::empty'], ['void', 'ns3::Ptr<ns3::Ipv4Route>', 'ns3::Ptr<const ns3::Packet>', 'const ns3::Ipv4Header &', 'ns3::empty', 'ns3::empty', 'ns3::empty', 'ns3::empty', 'ns3::empty', 'ns3::empty'], ['void', 'ns3::Ptr<const ns3::Packet>', 'const ns3::Ipv4Header &', 'ns3::Socket::SocketErrno', 'ns3::empty', 'ns3::empty', 'ns3::empty', 'ns3::empty', 'ns3::empty', 'ns3::empty'], ['void', 'ns3::Ptr<const ns3::ArpCache>', 'ns3::Ipv4Address', 'ns3::empty', 'ns3::empty', 'ns3::empty', 'ns3::empty', 'ns3::empty', 'ns3::empty', 'ns3::empty'], ['void', 'ns3::Ipv4Address', 'ns3::empty', 'ns3::empty', 'ns3::empty', 'ns3::empty', 'ns3::empty', 'ns3::empty', 'ns3::empty', 'ns3::empty'], ['void', 'ns3::Ptr<const ns3::Packet>', 'ns3::empty', 'ns3::empty', 'ns3::empty', 'ns3::empty', 'ns3::empty', 'ns3::empty', 'ns3::empty', 'ns3::empty'], ['void', 'const ns3::WifiMacHeader &', 'ns3::empty', 'ns3::empty', 'ns3::empty', 'ns3::empty', 'ns3::empty', 'ns3::empty', 'ns3::empty', 'ns3::empty'], ['void', 'const ns3::Ipv4Header &', 'ns3::Ptr<const ns3::Packet>', 'unsigned int', 'ns3::empty', 'ns3::empty', 'ns3::empty', 'ns3::empty', 'ns3::empty', 'ns3::empty'], ['void', 'ns3::Ptr<const ns3::Packet>', 'ns3::Ptr<ns3::Ipv4>', 'unsigned int', 'ns3::empty', 'ns3::empty', 'ns3::empty', 'ns3::empty', 'ns3::empty', 'ns3::empty'], ['void', 'const ns3::Ipv4Header &', 'ns3::Ptr<const ns3::Packet>', 'ns3::Ipv4L3Protocol::DropReason', 'ns3::Ptr<ns3::Ipv4>', 'unsigned int', 'ns3::empty', 'ns3::empty', 'ns3::empty', 'ns3::empty']]
DEBUG:pybindgen.typehandlers:TypeMatcher.lookup('std::string')
DEBUG:pybindgen.typehandlers:try to lookup type handler for 'std::string' => success ((<class 'pybindgen.typehandlers.stringtype.StdStringReturn'>, None, <pybindgen.typehandlers.ctypeparser.TypeTraits object at 0xffffbcfec220>))
DEBUG:pybindgen.typehandlers:TypeMatcher.lookup('ns3::LogComponent *')
DEBUG:pybindgen.typehandlers:try to lookup type handler for 'ns3::LogComponent *' => success ((<class 'pybindgen.cppclass.CppClass.__init__.<locals>.ThisClassPtrReturn'>, None, <pybindgen.typehandlers.ctypeparser.TypeTraits object at 0xffffbcd6c880>))
DEBUG:pybindgen.typehandlers:TypeMatcher.lookup('ns3::Ipv6Address')
DEBUG:pybindgen.typehandlers:try to lookup type handler for 'ns3::Ipv6Address' => success ((<class 'pybindgen.cppclass.CppClass.__init__.<locals>.ThisClassReturn'>, None, <pybindgen.typehandlers.ctypeparser.TypeTraits object at 0xffffbcd764f0>))
DEBUG:pybindgen.typehandlers:TypeMatcher.lookup('std::pair< ns3::Ptr< ns3::Packet >, ns3::Ipv4Header >')
DEBUG:pybindgen.typehandlers:try to lookup type handler for 'std::pair< ns3::Ptr< ns3::Packet >, ns3::Ipv4Header >' => failure
'std::pair< ns3::Ptr< ns3::Packet >, ns3::Ipv4Header >' did not match
bindings/python/ns3modulegen-modular.py:30: UserWarning: exception TypeLookupError(['std::pair< ns3::Ptr< ns3::Packet >, ns3::Ipv4Header >']) in wrapper <pybindgen.Container 'std::list< std::pair< ns3::Ptr< ns3::Packet >, ns3::Ipv4Header > >'>
  warnings.warn("exception %r in wrapper %s" % (exception, wrapper))
DEBUG:pybindgen.typehandlers:TypeMatcher.lookup('ns3::ArpCache::Entry *')
DEBUG:pybindgen.typehandlers:try to lookup type handler for 'ns3::ArpCache::Entry *' => success ((<class 'pybindgen.cppclass.CppClass.__init__.<locals>.ThisClassPtrReturn'>, None, <pybindgen.typehandlers.ctypeparser.TypeTraits object at 0xffffbcd76f70>))
DEBUG:pybindgen.typehandlers:TypeMatcher.lookup('unsigned int')
DEBUG:pybindgen.typehandlers:try to lookup type handler for 'unsigned int' => success ((<class 'pybindgen.typehandlers.inttype.UnsignedIntReturn'>, None, <pybindgen.typehandlers.ctypeparser.TypeTraits object at 0xffffbcd8b280>))
DEBUG:pybindgen.typehandlers:TypeMatcher.lookup('unsigned int')
DEBUG:pybindgen.typehandlers:try to lookup type handler for 'unsigned int' => success ((<class 'pybindgen.typehandlers.inttype.UnsignedIntReturn'>, None, <pybindgen.typehandlers.ctypeparser.TypeTraits object at 0xffffbcd8b640>))
DEBUG:pybindgen.typehandlers:TypeMatcher.lookup('ns3::Ipv4Address')
DEBUG:pybindgen.typehandlers:try to lookup type handler for 'ns3::Ipv4Address' => success ((<class 'pybindgen.cppclass.CppClass.__init__.<locals>.ThisClassReturn'>, None, <pybindgen.typehandlers.ctypeparser.TypeTraits object at 0xffffbcd3eb80>))
DEBUG:pybindgen.typehandlers:TypeMatcher.lookup('unsigned int')
DEBUG:pybindgen.typehandlers:try to lookup type handler for 'unsigned int' => success ((<class 'pybindgen.typehandlers.inttype.UnsignedIntReturn'>, None, <pybindgen.typehandlers.ctypeparser.TypeTraits object at 0xffffbcd3ee50>))
DEBUG:pybindgen.typehandlers:TypeMatcher.lookup('ns3::Ipv4Address')
DEBUG:pybindgen.typehandlers:try to lookup type handler for 'ns3::Ipv4Address' => success ((<class 'pybindgen.cppclass.CppClass.__init__.<locals>.ThisClassReturn'>, None, <pybindgen.typehandlers.ctypeparser.TypeTraits object at 0xffffbcd473d0>))
***** registering callback handler: 'ns3::Callback< ns3::ObjectBase *, ns3::empty, ns3::empty, ns3::empty, ns3::empty, ns3::empty, ns3::empty, ns3::empty, ns3::empty, ns3::empty >' ('ns3::Callback< ns3::ObjectBase *, ns3::empty, ns3::empty, ns3::empty, ns3::empty, ns3::empty, ns3::empty, ns3::empty, ns3::empty, ns3::empty >')
***** registering callback handler: 'ns3::Callback< void, ns3::Ptr< ns3::NetDevice >, ns3::Ptr< ns3::Packet const >, unsigned short, ns3::Address const &, ns3::Address const &, ns3::NetDevice::PacketType, ns3::empty, ns3::empty, ns3::empty >' ('ns3::Callback< void, ns3::Ptr<ns3::NetDevice>, ns3::Ptr<const ns3::Packet>, unsigned short, const ns3::Address &, const ns3::Address &, ns3::NetDevice::PacketType, ns3::empty, ns3::empty, ns3::empty >')
***** registering callback handler: 'ns3::Callback< void, ns3::Ptr< ns3::NetDevice >, ns3::empty, ns3::empty, ns3::empty, ns3::empty, ns3::empty, ns3::empty, ns3::empty, ns3::empty >' ('ns3::Callback< void, ns3::Ptr<ns3::NetDevice>, ns3::empty, ns3::empty, ns3::empty, ns3::empty, ns3::empty, ns3::empty, ns3::empty, ns3::empty >')
***** registering callback handler: 'ns3::Callback< void, ns3::Ptr< ns3::Socket >, ns3::empty, ns3::empty, ns3::empty, ns3::empty, ns3::empty, ns3::empty, ns3::empty, ns3::empty >' ('ns3::Callback< void, ns3::Ptr<ns3::Socket>, ns3::empty, ns3::empty, ns3::empty, ns3::empty, ns3::empty, ns3::empty, ns3::empty, ns3::empty >')
***** registering callback handler: 'ns3::Callback< bool, ns3::Ptr< ns3::Socket >, ns3::Address const &, ns3::empty, ns3::empty, ns3::empty, ns3::empty, ns3::empty, ns3::empty, ns3::empty >' ('ns3::Callback< bool, ns3::Ptr<ns3::Socket>, const ns3::Address &, ns3::empty, ns3::empty, ns3::empty, ns3::empty, ns3::empty, ns3::empty, ns3::empty >')
***** registering callback handler: 'ns3::Callback< void, ns3::Ptr< ns3::Socket >, ns3::Address const &, ns3::empty, ns3::empty, ns3::empty, ns3::empty, ns3::empty, ns3::empty, ns3::empty >' ('ns3::Callback< void, ns3::Ptr<ns3::Socket>, const ns3::Address &, ns3::empty, ns3::empty, ns3::empty, ns3::empty, ns3::empty, ns3::empty, ns3::empty >')
***** registering callback handler: 'ns3::Callback< void, ns3::Ptr< ns3::Socket >, unsigned int, ns3::empty, ns3::empty, ns3::empty, ns3::empty, ns3::empty, ns3::empty, ns3::empty >' ('ns3::Callback< void, ns3::Ptr<ns3::Socket>, unsigned int, ns3::empty, ns3::empty, ns3::empty, ns3::empty, ns3::empty, ns3::empty, ns3::empty >')
***** registering callback handler: 'ns3::Callback< void, ns3::Ptr< ns3::Ipv4Route >, ns3::Ptr< ns3::Packet const >, ns3::Ipv4Header const &, ns3::empty, ns3::empty, ns3::empty, ns3::empty, ns3::empty, ns3::empty >' ('ns3::Callback< void, ns3::Ptr<ns3::Ipv4Route>, ns3::Ptr<const ns3::Packet>, const ns3::Ipv4Header &, ns3::empty, ns3::empty, ns3::empty, ns3::empty, ns3::empty, ns3::empty >')
***** registering callback handler: 'ns3::Callback< void, ns3::Ptr< ns3::Packet const >, ns3::Ipv4Header const &, ns3::Socket::SocketErrno, ns3::empty, ns3::empty, ns3::empty, ns3::empty, ns3::empty, ns3::empty >' ('ns3::Callback< void, ns3::Ptr<const ns3::Packet>, const ns3::Ipv4Header &, ns3::Socket::SocketErrno, ns3::empty, ns3::empty, ns3::empty, ns3::empty, ns3::empty, ns3::empty >')
***** registering callback handler: 'ns3::Callback< void, ns3::Ptr< ns3::ArpCache const >, ns3::Ipv4Address, ns3::empty, ns3::empty, ns3::empty, ns3::empty, ns3::empty, ns3::empty, ns3::empty >' ('ns3::Callback< void, ns3::Ptr<const ns3::ArpCache>, ns3::Ipv4Address, ns3::empty, ns3::empty, ns3::empty, ns3::empty, ns3::empty, ns3::empty, ns3::empty >')
***** registering callback handler: 'ns3::Callback< void, ns3::Ipv4Address, ns3::empty, ns3::empty, ns3::empty, ns3::empty, ns3::empty, ns3::empty, ns3::empty, ns3::empty >' ('ns3::Callback< void, ns3::Ipv4Address, ns3::empty, ns3::empty, ns3::empty, ns3::empty, ns3::empty, ns3::empty, ns3::empty, ns3::empty >')
***** registering callback handler: 'ns3::Callback< void, ns3::Ptr< ns3::Packet const >, ns3::empty, ns3::empty, ns3::empty, ns3::empty, ns3::empty, ns3::empty, ns3::empty, ns3::empty >' ('ns3::Callback< void, ns3::Ptr<const ns3::Packet>, ns3::empty, ns3::empty, ns3::empty, ns3::empty, ns3::empty, ns3::empty, ns3::empty, ns3::empty >')
***** registering callback handler: 'ns3::Callback< void, ns3::WifiMacHeader const &, ns3::empty, ns3::empty, ns3::empty, ns3::empty, ns3::empty, ns3::empty, ns3::empty, ns3::empty >' ('ns3::Callback< void, const ns3::WifiMacHeader &, ns3::empty, ns3::empty, ns3::empty, ns3::empty, ns3::empty, ns3::empty, ns3::empty, ns3::empty >')
***** registering callback handler: 'ns3::Callback< void, ns3::Ipv4Header const &, ns3::Ptr< ns3::Packet const >, unsigned int, ns3::empty, ns3::empty, ns3::empty, ns3::empty, ns3::empty, ns3::empty >' ('ns3::Callback< void, const ns3::Ipv4Header &, ns3::Ptr<const ns3::Packet>, unsigned int, ns3::empty, ns3::empty, ns3::empty, ns3::empty, ns3::empty, ns3::empty >')
***** registering callback handler: 'ns3::Callback< void, ns3::Ptr< ns3::Packet const >, ns3::Ptr< ns3::Ipv4 >, unsigned int, ns3::empty, ns3::empty, ns3::empty, ns3::empty, ns3::empty, ns3::empty >' ('ns3::Callback< void, ns3::Ptr<const ns3::Packet>, ns3::Ptr<ns3::Ipv4>, unsigned int, ns3::empty, ns3::empty, ns3::empty, ns3::empty, ns3::empty, ns3::empty >')
***** registering callback handler: 'ns3::Callback< void, ns3::Ipv4Header const &, ns3::Ptr< ns3::Packet const >, ns3::Ipv4L3Protocol::DropReason, ns3::Ptr< ns3::Ipv4 >, unsigned int, ns3::empty, ns3::empty, ns3::empty, ns3::empty >' ('ns3::Callback< void, const ns3::Ipv4Header &, ns3::Ptr<const ns3::Packet>, ns3::Ipv4L3Protocol::DropReason, ns3::Ptr<ns3::Ipv4>, unsigned int, ns3::empty, ns3::empty, ns3::empty, ns3::empty >')
DEBUG:pybindgen.typehandlers:TypeMatcher.lookup('uint8_t')
DEBUG:pybindgen.typehandlers:try to lookup type handler for 'uint8_t' => success ((<class 'pybindgen.typehandlers.inttype.UInt8Param'>, None, <pybindgen.typehandlers.ctypeparser.TypeTraits object at 0xffffbcd479a0>))
DEBUG:pybindgen.typehandlers:TypeMatcher.lookup('uint8_t const *')
DEBUG:pybindgen.typehandlers:try to lookup type handler for 'uint8_t const *' => success ((<class 'pybindgen.typehandlers.inttype.UInt8PtrParam'>, None, <pybindgen.typehandlers.ctypeparser.TypeTraits object at 0xffffbcd47730>))
/root/workspace/netwokr/ns-allinone-3.33/ns-3.33/src/aodv/bindings/modulegen__gcc_LP64.py:814: Warning: exception TypeConfigurationError('direction not given') in wrapper <pybindgen.cppmethod.CppConstructor object at 0xffffbcd47250>
  cls.add_constructor([param('uint8_t', 'type'), param('uint8_t const *', 'buffer'), param('uint8_t', 'len')])
DEBUG:pybindgen.typehandlers:TypeMatcher.lookup('ns3::Address const &')
DEBUG:pybindgen.typehandlers:try to lookup type handler for 'ns3::Address const &' => success ((<class 'pybindgen.cppclass.CppClass.__init__.<locals>.ThisClassRefParameter'>, None, <pybindgen.typehandlers.ctypeparser.TypeTraits object at 0xffffbcd474f0>))
DEBUG:pybindgen.typehandlers:TypeMatcher.lookup('bool')
DEBUG:pybindgen.typehandlers:try to lookup type handler for 'bool' => success ((<class 'pybindgen.typehandlers.booltype.BoolReturn'>, None, <pybindgen.typehandlers.ctypeparser.TypeTraits object at 0xffffbcd47fa0>))
DEBUG:pybindgen.typehandlers:TypeMatcher.lookup('uint8_t')
DEBUG:pybindgen.typehandlers:try to lookup type handler for 'uint8_t' => success ((<class 'pybindgen.typehandlers.inttype.UInt8Param'>, None, <pybindgen.typehandlers.ctypeparser.TypeTraits object at 0xffffbcd4c070>))
DEBUG:pybindgen.typehandlers:TypeMatcher.lookup('uint8_t')
DEBUG:pybindgen.typehandlers:try to lookup type handler for 'uint8_t' => success ((<class 'pybindgen.typehandlers.inttype.UInt8Param'>, None, <pybindgen.typehandlers.ctypeparser.TypeTraits object at 0xffffbcd4c550>))
DEBUG:pybindgen.typehandlers:TypeMatcher.lookup('uint32_t')
DEBUG:pybindgen.typehandlers:try to lookup type handler for 'uint32_t' => success ((<class 'pybindgen.typehandlers.inttype.UnsignedIntReturn'>, None, <pybindgen.typehandlers.ctypeparser.TypeTraits object at 0xffffbcd4cb80>))
DEBUG:pybindgen.typehandlers:TypeMatcher.lookup('uint8_t const *')
DEBUG:pybindgen.typehandlers:try to lookup type handler for 'uint8_t const *' => success ((<class 'pybindgen.typehandlers.inttype.UInt8PtrParam'>, None, <pybindgen.typehandlers.ctypeparser.TypeTraits object at 0xffffbcd4cdc0>))
/root/workspace/netwokr/ns-allinone-3.33/ns-3.33/src/aodv/bindings/modulegen__gcc_LP64.py:823: Warning: exception TypeConfigurationError('direction not given') in wrapper public: retval? ???::CopyAllFrom (params?);
  cls.add_method('CopyAllFrom',
DEBUG:pybindgen.typehandlers:TypeMatcher.lookup('uint32_t')
DEBUG:pybindgen.typehandlers:try to lookup type handler for 'uint32_t' => success ((<class 'pybindgen.typehandlers.inttype.UnsignedIntReturn'>, None, <pybindgen.typehandlers.ctypeparser.TypeTraits object at 0xffffbcc80100>))
DEBUG:pybindgen.typehandlers:TypeMatcher.lookup('uint8_t *')
DEBUG:pybindgen.typehandlers:try to lookup type handler for 'uint8_t *' => success ((<class 'pybindgen.typehandlers.inttype.UInt8PtrParam'>, None, <pybindgen.typehandlers.ctypeparser.TypeTraits object at 0xffffbcc80310>))
/root/workspace/netwokr/ns-allinone-3.33/ns-3.33/src/aodv/bindings/modulegen__gcc_LP64.py:827: Warning: exception TypeConfigurationError('direction not given') in wrapper public: retval? ???::CopyAllTo (params?) const;
  cls.add_method('CopyAllTo',
DEBUG:pybindgen.typehandlers:TypeMatcher.lookup('uint32_t')
DEBUG:pybindgen.typehandlers:try to lookup type handler for 'uint32_t' => success ((<class 'pybindgen.typehandlers.inttype.UnsignedIntReturn'>, None, <pybindgen.typehandlers.ctypeparser.TypeTraits object at 0xffffbcc80580>))
DEBUG:pybindgen.typehandlers:TypeMatcher.lookup('uint8_t const *')
DEBUG:pybindgen.typehandlers:try to lookup type handler for 'uint8_t const *' => success ((<class 'pybindgen.typehandlers.inttype.UInt8PtrParam'>, None, <pybindgen.typehandlers.ctypeparser.TypeTraits object at 0xffffbcc80760>))
/root/workspace/netwokr/ns-allinone-3.33/ns-3.33/src/aodv/bindings/modulegen__gcc_LP64.py:832: Warning: exception TypeConfigurationError('direction not given') in wrapper public: retval? ???::CopyFrom (params?);
  cls.add_method('CopyFrom',
DEBUG:pybindgen.typehandlers:TypeMatcher.lookup('uint32_t')
DEBUG:pybindgen.typehandlers:try to lookup type handler for 'uint32_t' => success ((<class 'pybindgen.typehandlers.inttype.UnsignedIntReturn'>, None, <pybindgen.typehandlers.ctypeparser.TypeTraits object at 0xffffbcc80a60>))
DEBUG:pybindgen.typehandlers:TypeMatcher.lookup('uint8_t *')
DEBUG:pybindgen.typehandlers:try to lookup type handler for 'uint8_t *' => success ((<class 'pybindgen.typehandlers.inttype.UInt8PtrParam'>, None, <pybindgen.typehandlers.ctypeparser.TypeTraits object at 0xffffbcc80cd0>))
/root/workspace/netwokr/ns-allinone-3.33/ns-3.33/src/aodv/bindings/modulegen__gcc_LP64.py:836: Warning: exception TypeConfigurationError('direction not given') in wrapper public: retval? ???::CopyTo (params?) const;
  cls.add_method('CopyTo',
DEBUG:pybindgen.typehandlers:TypeMatcher.lookup('void')
DEBUG:pybindgen.typehandlers:try to lookup type handler for 'void' => success ((<class 'pybindgen.typehandlers.voidtype.VoidReturn'>, None, <pybindgen.typehandlers.ctypeparser.TypeTraits object at 0xffffbcc80f40>))
DEBUG:pybindgen.typehandlers:TypeMatcher.lookup('ns3::TagBuffer')
DEBUG:pybindgen.typehandlers:try to lookup type handler for 'ns3::TagBuffer' => success ((<class 'pybindgen.cppclass.CppClass.__init__.<locals>.ThisClassParameter'>, None, <pybindgen.typehandlers.ctypeparser.TypeTraits object at 0xffffbcc86160>))
DEBUG:pybindgen.typehandlers:TypeMatcher.lookup('uint8_t')
DEBUG:pybindgen.typehandlers:try to lookup type handler for 'uint8_t' => success ((<class 'pybindgen.typehandlers.inttype.UInt8Return'>, None, <pybindgen.typehandlers.ctypeparser.TypeTraits object at 0xffffbcc866a0>))
DEBUG:pybindgen.typehandlers:TypeMatcher.lookup('uint32_t')
DEBUG:pybindgen.typehandlers:try to lookup type handler for 'uint32_t' => success ((<class 'pybindgen.typehandlers.inttype.UnsignedIntReturn'>, None, <pybindgen.typehandlers.ctypeparser.TypeTraits object at 0xffffbcc86c40>))
DEBUG:pybindgen.typehandlers:TypeMatcher.lookup('bool')
DEBUG:pybindgen.typehandlers:try to lookup type handler for 'bool' => success ((<class 'pybindgen.typehandlers.booltype.BoolReturn'>, None, <pybindgen.typehandlers.ctypeparser.TypeTraits object at 0xffffbcc891f0>))
DEBUG:pybindgen.typehandlers:TypeMatcher.lookup('bool')
DEBUG:pybindgen.typehandlers:try to lookup type handler for 'bool' => success ((<class 'pybindgen.typehandlers.booltype.BoolReturn'>, None, <pybindgen.typehandlers.ctypeparser.TypeTraits object at 0xffffbcc89760>))
DEBUG:pybindgen.typehandlers:TypeMatcher.lookup('uint8_t')
DEBUG:pybindgen.typehandlers:try to lookup type handler for 'uint8_t' => success ((<class 'pybindgen.typehandlers.inttype.UInt8Param'>, None, <pybindgen.typehandlers.ctypeparser.TypeTraits object at 0xffffbcc89970>))
DEBUG:pybindgen.typehandlers:TypeMatcher.lookup('uint8_t')
DEBUG:pybindgen.typehandlers:try to lookup type handler for 'uint8_t' => success ((<class 'pybindgen.typehandlers.inttype.UInt8Return'>, None, <pybindgen.typehandlers.ctypeparser.TypeTraits object at 0xffffbcc89e80>))
DEBUG:pybindgen.typehandlers:TypeMatcher.lookup('void')
DEBUG:pybindgen.typehandlers:try to lookup type handler for 'void' => success ((<class 'pybindgen.typehandlers.voidtype.VoidReturn'>, None, <pybindgen.typehandlers.ctypeparser.TypeTraits object at 0xffffbcc80ca0>))
DEBUG:pybindgen.typehandlers:TypeMatcher.lookup('ns3::TagBuffer')
DEBUG:pybindgen.typehandlers:try to lookup type handler for 'ns3::TagBuffer' => success ((<class 'pybindgen.cppclass.CppClass.__init__.<locals>.ThisClassParameter'>, None, <pybindgen.typehandlers.ctypeparser.TypeTraits object at 0xffffbcc80dc0>))
DEBUG:pybindgen.typehandlers:TypeMatcher.lookup('ns3::AttributeConstructionList const &')
DEBUG:pybindgen.typehandlers:try to lookup type handler for 'ns3::AttributeConstructionList const &' => success ((<class 'pybindgen.cppclass.CppClass.__init__.<locals>.ThisClassRefParameter'>, None, <pybindgen.typehandlers.ctypeparser.TypeTraits object at 0xffffbcc808e0>))
DEBUG:pybindgen.typehandlers:TypeMatcher.lookup('void')
DEBUG:pybindgen.typehandlers:try to lookup type handler for 'void' => success ((<class 'pybindgen.typehandlers.voidtype.VoidReturn'>, None, <pybindgen.typehandlers.ctypeparser.TypeTraits object at 0xffffbcd4cf40>))
DEBUG:pybindgen.typehandlers:TypeMatcher.lookup('std::string')
DEBUG:pybindgen.typehandlers:try to lookup type handler for 'std::string' => success ((<class 'pybindgen.typehandlers.stringtype.StdStringParam'>, None, <pybindgen.typehandlers.ctypeparser.TypeTraits object at 0xffffbcc8d3d0>))
DEBUG:pybindgen.typehandlers:TypeMatcher.lookup('ns3::Ptr< ns3::AttributeChecker const >')
DEBUG:pybindgen.typehandlers:try to lookup type handler for 'ns3::Ptr< ns3::AttributeChecker const >' => failure
DEBUG:pybindgen.typehandlers:try to lookup type handler for 'ns3::AttributeChecker *' => success ((<class 'pybindgen.cppclass.MemoryPolicy.register_ptr_parameter_and_return.<locals>.ThisClassPtrParameter'>, <ns3modulegen_core_customizations.SmartPointerTransformation object at 0xffffbcfe0d90>, <pybindgen.typehandlers.ctypeparser.TypeTraits object at 0xffffbcc8d850>))
DEBUG:pybindgen.typehandlers:TypeMatcher.lookup('ns3::Ptr< ns3::AttributeValue >')
DEBUG:pybindgen.typehandlers:try to lookup type handler for 'ns3::Ptr< ns3::AttributeValue >' => failure
DEBUG:pybindgen.typehandlers:try to lookup type handler for 'ns3::AttributeValue *' => success ((<class 'pybindgen.cppclass.MemoryPolicy.register_ptr_parameter_and_return.<locals>.ThisClassPtrParameter'>, <ns3modulegen_core_customizations.SmartPointerTransformation object at 0xffffbcfe0d90>, <pybindgen.typehandlers.ctypeparser.TypeTraits object at 0xffffbcc8db50>))
DEBUG:pybindgen.typehandlers:TypeMatcher.lookup('ns3::AttributeConstructionList::CIterator')
DEBUG:pybindgen.typehandlers:try to lookup type handler for 'ns3::AttributeConstructionList::CIterator' => failure
'ns3::AttributeConstructionList::CIterator' did not match
/root/workspace/netwokr/ns-allinone-3.33/ns-3.33/src/aodv/bindings/modulegen__gcc_LP64.py:886: Warning: exception TypeLookupError(['ns3::AttributeConstructionList::CIterator']) in wrapper public: retval? ???::Begin (params?) const;
  cls.add_method('Begin',
DEBUG:pybindgen.typehandlers:TypeMatcher.lookup('ns3::AttributeConstructionList::CIterator')
DEBUG:pybindgen.typehandlers:try to lookup type handler for 'ns3::AttributeConstructionList::CIterator' => failure
'ns3::AttributeConstructionList::CIterator' did not match
/root/workspace/netwokr/ns-allinone-3.33/ns-3.33/src/aodv/bindings/modulegen__gcc_LP64.py:891: Warning: exception TypeLookupError(['ns3::AttributeConstructionList::CIterator']) in wrapper public: retval? ???::End (params?) const;
  cls.add_method('End',
DEBUG:pybindgen.typehandlers:TypeMatcher.lookup('ns3::Ptr< ns3::AttributeValue >')
DEBUG:pybindgen.typehandlers:try to lookup type handler for 'ns3::Ptr< ns3::AttributeValue >' => failure
DEBUG:pybindgen.typehandlers:try to lookup type handler for 'ns3::AttributeValue *' => success ((<class 'pybindgen.cppclass.MemoryPolicy.register_ptr_parameter_and_return.<locals>.ThisClassPtrReturn'>, <ns3modulegen_core_customizations.SmartPointerTransformation object at 0xffffbcfe0d90>, <pybindgen.typehandlers.ctypeparser.TypeTraits object at 0xffffbcc11670>))
DEBUG:pybindgen.typehandlers:TypeMatcher.lookup('ns3::Ptr< ns3::AttributeChecker const >')
DEBUG:pybindgen.typehandlers:try to lookup type handler for 'ns3::Ptr< ns3::AttributeChecker const >' => failure
DEBUG:pybindgen.typehandlers:try to lookup type handler for 'ns3::AttributeChecker *' => success ((<class 'pybindgen.cppclass.MemoryPolicy.register_ptr_parameter_and_return.<locals>.ThisClassPtrParameter'>, <ns3modulegen_core_customizations.SmartPointerTransformation object at 0xffffbcfe0d90>, <pybindgen.typehandlers.ctypeparser.TypeTraits object at 0xffffbcc11a00>))
DEBUG:pybindgen.typehandlers:TypeMatcher.lookup('ns3::AttributeConstructionList::Item const &')
DEBUG:pybindgen.typehandlers:try to lookup type handler for 'ns3::AttributeConstructionList::Item const &' => success ((<class 'pybindgen.cppclass.CppClass.__init__.<locals>.ThisClassRefParameter'>, None, <pybindgen.typehandlers.ctypeparser.TypeTraits object at 0xffffbcc16160>))
DEBUG:pybindgen.typehandlers:TypeMatcher.lookup('ns3::Ptr< ns3::AttributeChecker const >')
DEBUG:pybindgen.typehandlers:try to lookup type handler for 'ns3::Ptr< ns3::AttributeChecker const >' => failure
DEBUG:pybindgen.typehandlers:try to lookup type handler for 'ns3::AttributeChecker *' => success ((<class 'pybindgen.cppclass.MemoryPolicy.register_ptr_parameter_and_return.<locals>.ThisClassPtrReturn'>, <ns3modulegen_core_customizations.SmartPointerTransformation object at 0xffffbcfe0d90>, <pybindgen.typehandlers.ctypeparser.TypeTraits object at 0xffffbcc169a0>))
DEBUG:pybindgen.typehandlers:TypeMatcher.lookup('std::string')
DEBUG:pybindgen.typehandlers:try to lookup type handler for 'std::string' => success ((<class 'pybindgen.typehandlers.stringtype.StdStringReturn'>, None, <pybindgen.typehandlers.ctypeparser.TypeTraits object at 0xffffbcc16e20>))
DEBUG:pybindgen.typehandlers:TypeMatcher.lookup('ns3::Ptr< ns3::AttributeValue >')
DEBUG:pybindgen.typehandlers:try to lookup type handler for 'ns3::Ptr< ns3::AttributeValue >' => failure
DEBUG:pybindgen.typehandlers:try to lookup type handler for 'ns3::AttributeValue *' => success ((<class 'pybindgen.cppclass.MemoryPolicy.register_ptr_parameter_and_return.<locals>.ThisClassPtrReturn'>, <ns3modulegen_core_customizations.SmartPointerTransformation object at 0xffffbcfe0d90>, <pybindgen.typehandlers.ctypeparser.TypeTraits object at 0xffffbcc1b7c0>))
DEBUG:pybindgen.typehandlers:TypeMatcher.lookup('ns3::Buffer const &')
DEBUG:pybindgen.typehandlers:try to lookup type handler for 'ns3::Buffer const &' => success ((<class 'pybindgen.cppclass.CppClass.__init__.<locals>.ThisClassRefParameter'>, None, <pybindgen.typehandlers.ctypeparser.TypeTraits object at 0xffffbcc1be50>))
DEBUG:pybindgen.typehandlers:TypeMatcher.lookup('uint32_t')
DEBUG:pybindgen.typehandlers:try to lookup type handler for 'uint32_t' => success ((<class 'pybindgen.typehandlers.inttype.UnsignedIntParam'>, None, <pybindgen.typehandlers.ctypeparser.TypeTraits object at 0xffffbcc20850>))
DEBUG:pybindgen.typehandlers:TypeMatcher.lookup('uint32_t')
DEBUG:pybindgen.typehandlers:try to lookup type handler for 'uint32_t' => success ((<class 'pybindgen.typehandlers.inttype.UnsignedIntParam'>, None, <pybindgen.typehandlers.ctypeparser.TypeTraits object at 0xffffbcc20d60>))
DEBUG:pybindgen.typehandlers:TypeMatcher.lookup('bool')
DEBUG:pybindgen.typehandlers:try to lookup type handler for 'bool' => success ((<class 'pybindgen.typehandlers.booltype.BoolParam'>, None, <pybindgen.typehandlers.ctypeparser.TypeTraits object at 0xffffbcc20eb0>))
DEBUG:pybindgen.typehandlers:TypeMatcher.lookup('void')
DEBUG:pybindgen.typehandlers:try to lookup type handler for 'void' => success ((<class 'pybindgen.typehandlers.voidtype.VoidReturn'>, None, <pybindgen.typehandlers.ctypeparser.TypeTraits object at 0xffffbcc26430>))
DEBUG:pybindgen.typehandlers:TypeMatcher.lookup('uint32_t')
DEBUG:pybindgen.typehandlers:try to lookup type handler for 'uint32_t' => success ((<class 'pybindgen.typehandlers.inttype.UnsignedIntParam'>, None, <pybindgen.typehandlers.ctypeparser.TypeTraits object at 0xffffbcc26640>))
DEBUG:pybindgen.typehandlers:TypeMatcher.lookup('void')
DEBUG:pybindgen.typehandlers:try to lookup type handler for 'void' => success ((<class 'pybindgen.typehandlers.voidtype.VoidReturn'>, None, <pybindgen.typehandlers.ctypeparser.TypeTraits object at 0xffffbcc26b50>))
DEBUG:pybindgen.typehandlers:TypeMatcher.lookup('ns3::Buffer const &')
DEBUG:pybindgen.typehandlers:try to lookup type handler for 'ns3::Buffer const &' => success ((<class 'pybindgen.cppclass.CppClass.__init__.<locals>.ThisClassRefParameter'>, None, <pybindgen.typehandlers.ctypeparser.TypeTraits object at 0xffffbcc26d60>))
DEBUG:pybindgen.typehandlers:TypeMatcher.lookup('void')
DEBUG:pybindgen.typehandlers:try to lookup type handler for 'void' => success ((<class 'pybindgen.typehandlers.voidtype.VoidReturn'>, None, <pybindgen.typehandlers.ctypeparser.TypeTraits object at 0xffffbcc29340>))
DEBUG:pybindgen.typehandlers:TypeMatcher.lookup('uint32_t')
DEBUG:pybindgen.typehandlers:try to lookup type handler for 'uint32_t' => success ((<class 'pybindgen.typehandlers.inttype.UnsignedIntParam'>, None, <pybindgen.typehandlers.ctypeparser.TypeTraits object at 0xffffbcc29580>))
DEBUG:pybindgen.typehandlers:TypeMatcher.lookup('ns3::Buffer::Iterator')
DEBUG:pybindgen.typehandlers:try to lookup type handler for 'ns3::Buffer::Iterator' => success ((<class 'pybindgen.cppclass.CppClass.__init__.<locals>.ThisClassReturn'>, None, <pybindgen.typehandlers.ctypeparser.TypeTraits object at 0xffffbcc29ac0>))
DEBUG:pybindgen.typehandlers:TypeMatcher.lookup('void')
DEBUG:pybindgen.typehandlers:try to lookup type handler for 'void' => success ((<class 'pybindgen.typehandlers.voidtype.VoidReturn'>, None, <pybindgen.typehandlers.ctypeparser.TypeTraits object at 0xffffbcc2e040>))
DEBUG:pybindgen.typehandlers:TypeMatcher.lookup('std::ostream *')
DEBUG:pybindgen.typehandlers:try to lookup type handler for 'std::ostream *' => failure
'std::ostream *' did not match
/root/workspace/netwokr/ns-allinone-3.33/ns-3.33/src/aodv/bindings/modulegen__gcc_LP64.py:942: Warning: exception TypeLookupError(['std::ostream *']) in wrapper public: retval? ???::CopyData (params?) const;
  cls.add_method('CopyData',
DEBUG:pybindgen.typehandlers:TypeMatcher.lookup('uint32_t')
DEBUG:pybindgen.typehandlers:try to lookup type handler for 'uint32_t' => success ((<class 'pybindgen.typehandlers.inttype.UnsignedIntReturn'>, None, <pybindgen.typehandlers.ctypeparser.TypeTraits object at 0xffffbcc2e4c0>))
DEBUG:pybindgen.typehandlers:TypeMatcher.lookup('uint8_t *')
DEBUG:pybindgen.typehandlers:try to lookup type handler for 'uint8_t *' => success ((<class 'pybindgen.typehandlers.inttype.UInt8PtrParam'>, None, <pybindgen.typehandlers.ctypeparser.TypeTraits object at 0xffffbcc2e6a0>))
/root/workspace/netwokr/ns-allinone-3.33/ns-3.33/src/aodv/bindings/modulegen__gcc_LP64.py:947: Warning: exception TypeConfigurationError('direction not given') in wrapper public: retval? ???::CopyData (params?) const;
  cls.add_method('CopyData',
DEBUG:pybindgen.typehandlers:TypeMatcher.lookup('ns3::Buffer')
DEBUG:pybindgen.typehandlers:try to lookup type handler for 'ns3::Buffer' => success ((<class 'pybindgen.cppclass.CppClass.__init__.<locals>.ThisClassReturn'>, None, <pybindgen.typehandlers.ctypeparser.TypeTraits object at 0xffffbcc2e8e0>))
DEBUG:pybindgen.typehandlers:TypeMatcher.lookup('uint32_t')
DEBUG:pybindgen.typehandlers:try to lookup type handler for 'uint32_t' => success ((<class 'pybindgen.typehandlers.inttype.UnsignedIntParam'>, None, <pybindgen.typehandlers.ctypeparser.TypeTraits object at 0xffffbcc2eaf0>))
DEBUG:pybindgen.typehandlers:TypeMatcher.lookup('uint32_t')
DEBUG:pybindgen.typehandlers:try to lookup type handler for 'uint32_t' => success ((<class 'pybindgen.typehandlers.inttype.UnsignedIntParam'>, None, <pybindgen.typehandlers.ctypeparser.TypeTraits object at 0xffffbcc2ec40>))
DEBUG:pybindgen.typehandlers:TypeMatcher.lookup('uint32_t')
DEBUG:pybindgen.typehandlers:try to lookup type handler for 'uint32_t' => success ((<class 'pybindgen.typehandlers.inttype.UnsignedIntReturn'>, None, <pybindgen.typehandlers.ctypeparser.TypeTraits object at 0xffffbcc31190>))
DEBUG:pybindgen.typehandlers:TypeMatcher.lookup('uint8_t const *')
DEBUG:pybindgen.typehandlers:try to lookup type handler for 'uint8_t const *' => success ((<class 'pybindgen.typehandlers.inttype.UInt8PtrParam'>, None, <pybindgen.typehandlers.ctypeparser.TypeTraits object at 0xffffbcc313d0>))
/root/workspace/netwokr/ns-allinone-3.33/ns-3.33/src/aodv/bindings/modulegen__gcc_LP64.py:957: Warning: exception TypeConfigurationError('direction not given') in wrapper public: retval? ???::Deserialize (params?);
  cls.add_method('Deserialize',
DEBUG:pybindgen.typehandlers:TypeMatcher.lookup('ns3::Buffer::Iterator')
DEBUG:pybindgen.typehandlers:try to lookup type handler for 'ns3::Buffer::Iterator' => success ((<class 'pybindgen.cppclass.CppClass.__init__.<locals>.ThisClassReturn'>, None, <pybindgen.typehandlers.ctypeparser.TypeTraits object at 0xffffbcc316d0>))
DEBUG:pybindgen.typehandlers:TypeMatcher.lookup('uint32_t')
DEBUG:pybindgen.typehandlers:try to lookup type handler for 'uint32_t' => success ((<class 'pybindgen.typehandlers.inttype.UnsignedIntReturn'>, None, <pybindgen.typehandlers.ctypeparser.TypeTraits object at 0xffffbcc31c10>))
DEBUG:pybindgen.typehandlers:TypeMatcher.lookup('uint32_t')
DEBUG:pybindgen.typehandlers:try to lookup type handler for 'uint32_t' => success ((<class 'pybindgen.typehandlers.inttype.UnsignedIntReturn'>, None, <pybindgen.typehandlers.ctypeparser.TypeTraits object at 0xffffbcc371c0>))
DEBUG:pybindgen.typehandlers:TypeMatcher.lookup('uint8_t const *')
DEBUG:pybindgen.typehandlers:try to lookup type handler for 'uint8_t const *' => failure
'uint8_t const *' did not match
/root/workspace/netwokr/ns-allinone-3.33/ns-3.33/src/aodv/bindings/modulegen__gcc_LP64.py:976: Warning: exception TypeLookupError(['uint8_t *']) in wrapper public: retval? ???::PeekData (params?) const;
  cls.add_method('PeekData',
DEBUG:pybindgen.typehandlers:TypeMatcher.lookup('void')
DEBUG:pybindgen.typehandlers:try to lookup type handler for 'void' => success ((<class 'pybindgen.typehandlers.voidtype.VoidReturn'>, None, <pybindgen.typehandlers.ctypeparser.TypeTraits object at 0xffffbcc379d0>))
DEBUG:pybindgen.typehandlers:TypeMatcher.lookup('uint32_t')
DEBUG:pybindgen.typehandlers:try to lookup type handler for 'uint32_t' => success ((<class 'pybindgen.typehandlers.inttype.UnsignedIntParam'>, None, <pybindgen.typehandlers.ctypeparser.TypeTraits object at 0xffffbcc37bb0>))
DEBUG:pybindgen.typehandlers:TypeMatcher.lookup('void')
DEBUG:pybindgen.typehandlers:try to lookup type handler for 'void' => success ((<class 'pybindgen.typehandlers.voidtype.VoidReturn'>, None, <pybindgen.typehandlers.ctypeparser.TypeTraits object at 0xffffbcc3b100>))
DEBUG:pybindgen.typehandlers:TypeMatcher.lookup('uint32_t')
DEBUG:pybindgen.typehandlers:try to lookup type handler for 'uint32_t' => success ((<class 'pybindgen.typehandlers.inttype.UnsignedIntParam'>, None, <pybindgen.typehandlers.ctypeparser.TypeTraits object at 0xffffbcc3b310>))
DEBUG:pybindgen.typehandlers:TypeMatcher.lookup('uint32_t')
DEBUG:pybindgen.typehandlers:try to lookup type handler for 'uint32_t' => success ((<class 'pybindgen.typehandlers.inttype.UnsignedIntReturn'>, None, <pybindgen.typehandlers.ctypeparser.TypeTraits object at 0xffffbcc376d0>))
DEBUG:pybindgen.typehandlers:TypeMatcher.lookup('uint8_t *')
DEBUG:pybindgen.typehandlers:try to lookup type handler for 'uint8_t *' => success ((<class 'pybindgen.typehandlers.inttype.UInt8PtrParam'>, None, <pybindgen.typehandlers.ctypeparser.TypeTraits object at 0xffffbcc378e0>))
/root/workspace/netwokr/ns-allinone-3.33/ns-3.33/src/aodv/bindings/modulegen__gcc_LP64.py:989: Warning: exception TypeConfigurationError('direction not given') in wrapper public: retval? ???::Serialize (params?) const;
  cls.add_method('Serialize',
DEBUG:pybindgen.typehandlers:TypeMatcher.lookup('ns3::Buffer::Iterator const &')
DEBUG:pybindgen.typehandlers:try to lookup type handler for 'ns3::Buffer::Iterator const &' => success ((<class 'pybindgen.cppclass.CppClass.__init__.<locals>.ThisClassRefParameter'>, None, <pybindgen.typehandlers.ctypeparser.TypeTraits object at 0xffffbcc314f0>))
DEBUG:pybindgen.typehandlers:TypeMatcher.lookup('uint16_t')
DEBUG:pybindgen.typehandlers:try to lookup type handler for 'uint16_t' => success ((<class 'pybindgen.typehandlers.inttype.UInt16Return'>, None, <pybindgen.typehandlers.ctypeparser.TypeTraits object at 0xffffbcc2e3d0>))
DEBUG:pybindgen.typehandlers:TypeMatcher.lookup('uint16_t')
DEBUG:pybindgen.typehandlers:try to lookup type handler for 'uint16_t' => success ((<class 'pybindgen.typehandlers.inttype.UInt16Param'>, None, <pybindgen.typehandlers.ctypeparser.TypeTraits object at 0xffffbcc2e100>))
DEBUG:pybindgen.typehandlers:TypeMatcher.lookup('uint16_t')
DEBUG:pybindgen.typehandlers:try to lookup type handler for 'uint16_t' => success ((<class 'pybindgen.typehandlers.inttype.UInt16Return'>, None, <pybindgen.typehandlers.ctypeparser.TypeTraits object at 0xffffbcc3bcd0>))
DEBUG:pybindgen.typehandlers:TypeMatcher.lookup('uint16_t')
DEBUG:pybindgen.typehandlers:try to lookup type handler for 'uint16_t' => success ((<class 'pybindgen.typehandlers.inttype.UInt16Param'>, None, <pybindgen.typehandlers.ctypeparser.TypeTraits object at 0xffffbcc3bee0>))
DEBUG:pybindgen.typehandlers:TypeMatcher.lookup('uint32_t')
DEBUG:pybindgen.typehandlers:try to lookup type handler for 'uint32_t' => success ((<class 'pybindgen.typehandlers.inttype.UnsignedIntParam'>, None, <pybindgen.typehandlers.ctypeparser.TypeTraits object at 0xffffbcc3f070>))
DEBUG:pybindgen.typehandlers:TypeMatcher.lookup('uint32_t')
DEBUG:pybindgen.typehandlers:try to lookup type handler for 'uint32_t' => success ((<class 'pybindgen.typehandlers.inttype.UnsignedIntReturn'>, None, <pybindgen.typehandlers.ctypeparser.TypeTraits object at 0xffffbcc3f5e0>))
DEBUG:pybindgen.typehandlers:TypeMatcher.lookup('ns3::Buffer::Iterator const &')
DEBUG:pybindgen.typehandlers:try to lookup type handler for 'ns3::Buffer::Iterator const &' => success ((<class 'pybindgen.cppclass.CppClass.__init__.<locals>.ThisClassRefParameter'>, None, <pybindgen.typehandlers.ctypeparser.TypeTraits object at 0xffffbcc3f7f0>))
DEBUG:pybindgen.typehandlers:TypeMatcher.lookup('uint32_t')
DEBUG:pybindgen.typehandlers:try to lookup type handler for 'uint32_t' => success ((<class 'pybindgen.typehandlers.inttype.UnsignedIntReturn'>, None, <pybindgen.typehandlers.ctypeparser.TypeTraits object at 0xffffbcc3fdf0>))
DEBUG:pybindgen.typehandlers:TypeMatcher.lookup('uint32_t')
DEBUG:pybindgen.typehandlers:try to lookup type handler for 'uint32_t' => success ((<class 'pybindgen.typehandlers.inttype.UnsignedIntReturn'>, None, <pybindgen.typehandlers.ctypeparser.TypeTraits object at 0xffffbcc423a0>))
DEBUG:pybindgen.typehandlers:TypeMatcher.lookup('bool')
DEBUG:pybindgen.typehandlers:try to lookup type handler for 'bool' => success ((<class 'pybindgen.typehandlers.booltype.BoolReturn'>, None, <pybindgen.typehandlers.ctypeparser.TypeTraits object at 0xffffbcc42910>))
DEBUG:pybindgen.typehandlers:TypeMatcher.lookup('bool')
DEBUG:pybindgen.typehandlers:try to lookup type handler for 'bool' => success ((<class 'pybindgen.typehandlers.booltype.BoolReturn'>, None, <pybindgen.typehandlers.ctypeparser.TypeTraits object at 0xffffbcc42e80>))
DEBUG:pybindgen.typehandlers:TypeMatcher.lookup('void')
DEBUG:pybindgen.typehandlers:try to lookup type handler for 'void' => success ((<class 'pybindgen.typehandlers.voidtype.VoidReturn'>, None, <pybindgen.typehandlers.ctypeparser.TypeTraits object at 0xffffbcc463d0>))
DEBUG:pybindgen.typehandlers:TypeMatcher.lookup('void')
DEBUG:pybindgen.typehandlers:try to lookup type handler for 'void' => success ((<class 'pybindgen.typehandlers.voidtype.VoidReturn'>, None, <pybindgen.typehandlers.ctypeparser.TypeTraits object at 0xffffbcc46970>))
DEBUG:pybindgen.typehandlers:TypeMatcher.lookup('uint32_t')
DEBUG:pybindgen.typehandlers:try to lookup type handler for 'uint32_t' => success ((<class 'pybindgen.typehandlers.inttype.UnsignedIntParam'>, None, <pybindgen.typehandlers.ctypeparser.TypeTraits object at 0xffffbcc46b80>))
DEBUG:pybindgen.typehandlers:TypeMatcher.lookup('uint8_t')
DEBUG:pybindgen.typehandlers:try to lookup type handler for 'uint8_t' => success ((<class 'pybindgen.typehandlers.inttype.UInt8Return'>, None, <pybindgen.typehandlers.ctypeparser.TypeTraits object at 0xffffbcc46910>))
DEBUG:pybindgen.typehandlers:TypeMatcher.lookup('void')
DEBUG:pybindgen.typehandlers:try to lookup type handler for 'void' => success ((<class 'pybindgen.typehandlers.voidtype.VoidReturn'>, None, <pybindgen.typehandlers.ctypeparser.TypeTraits object at 0xffffbcc4b190>))
DEBUG:pybindgen.typehandlers:TypeMatcher.lookup('void')
DEBUG:pybindgen.typehandlers:try to lookup type handler for 'void' => success ((<class 'pybindgen.typehandlers.voidtype.VoidReturn'>, None, <pybindgen.typehandlers.ctypeparser.TypeTraits object at 0xffffbcc4b700>))
DEBUG:pybindgen.typehandlers:TypeMatcher.lookup('uint32_t')
DEBUG:pybindgen.typehandlers:try to lookup type handler for 'uint32_t' => success ((<class 'pybindgen.typehandlers.inttype.UnsignedIntParam'>, None, <pybindgen.typehandlers.ctypeparser.TypeTraits object at 0xffffbcc4b910>))
DEBUG:pybindgen.typehandlers:TypeMatcher.lookup('void')
DEBUG:pybindgen.typehandlers:try to lookup type handler for 'void' => success ((<class 'pybindgen.typehandlers.voidtype.VoidReturn'>, None, <pybindgen.typehandlers.ctypeparser.TypeTraits object at 0xffffbcc4bdc0>))
DEBUG:pybindgen.typehandlers:TypeMatcher.lookup('uint8_t *')
DEBUG:pybindgen.typehandlers:try to lookup type handler for 'uint8_t *' => success ((<class 'pybindgen.typehandlers.inttype.UInt8PtrParam'>, None, <pybindgen.typehandlers.ctypeparser.TypeTraits object at 0xffffbcc4f040>))
/root/workspace/netwokr/ns-allinone-3.33/ns-3.33/src/aodv/bindings/modulegen__gcc_LP64.py:1054: Warning: exception TypeConfigurationError('direction not given') in wrapper public: retval? ???::Read (params?);
  cls.add_method('Read',
DEBUG:pybindgen.typehandlers:TypeMatcher.lookup('void')
DEBUG:pybindgen.typehandlers:try to lookup type handler for 'void' => success ((<class 'pybindgen.typehandlers.voidtype.VoidReturn'>, None, <pybindgen.typehandlers.ctypeparser.TypeTraits object at 0xffffbcc4f280>))
DEBUG:pybindgen.typehandlers:TypeMatcher.lookup('ns3::Buffer::Iterator')
DEBUG:pybindgen.typehandlers:try to lookup type handler for 'ns3::Buffer::Iterator' => success ((<class 'pybindgen.cppclass.CppClass.__init__.<locals>.ThisClassParameter'>, None, <pybindgen.typehandlers.ctypeparser.TypeTraits object at 0xffffbcc4f4c0>))
DEBUG:pybindgen.typehandlers:TypeMatcher.lookup('uint32_t')
DEBUG:pybindgen.typehandlers:try to lookup type handler for 'uint32_t' => success ((<class 'pybindgen.typehandlers.inttype.UnsignedIntParam'>, None, <pybindgen.typehandlers.ctypeparser.TypeTraits object at 0xffffbcc4f610>))
DEBUG:pybindgen.typehandlers:TypeMatcher.lookup('uint16_t')
DEBUG:pybindgen.typehandlers:try to lookup type handler for 'uint16_t' => success ((<class 'pybindgen.typehandlers.inttype.UInt16Return'>, None, <pybindgen.typehandlers.ctypeparser.TypeTraits object at 0xffffbcc4fb80>))
DEBUG:pybindgen.typehandlers:TypeMatcher.lookup('uint32_t')
DEBUG:pybindgen.typehandlers:try to lookup type handler for 'uint32_t' => success ((<class 'pybindgen.typehandlers.inttype.UnsignedIntReturn'>, None, <pybindgen.typehandlers.ctypeparser.TypeTraits object at 0xffffbcbd3130>))
DEBUG:pybindgen.typehandlers:TypeMatcher.lookup('uint64_t')
DEBUG:pybindgen.typehandlers:try to lookup type handler for 'uint64_t' => success ((<class 'pybindgen.typehandlers.inttype.UnsignedLongLongReturn'>, None, <pybindgen.typehandlers.ctypeparser.TypeTraits object at 0xffffbcbd36a0>))
DEBUG:pybindgen.typehandlers:TypeMatcher.lookup('uint16_t')
DEBUG:pybindgen.typehandlers:try to lookup type handler for 'uint16_t' => success ((<class 'pybindgen.typehandlers.inttype.UInt16Return'>, None, <pybindgen.typehandlers.ctypeparser.TypeTraits object at 0xffffbcbd3c10>))
DEBUG:pybindgen.typehandlers:TypeMatcher.lookup('uint32_t')
DEBUG:pybindgen.typehandlers:try to lookup type handler for 'uint32_t' => success ((<class 'pybindgen.typehandlers.inttype.UnsignedIntReturn'>, None, <pybindgen.typehandlers.ctypeparser.TypeTraits object at 0xffffbcbd91c0>))
DEBUG:pybindgen.typehandlers:TypeMatcher.lookup('uint64_t')
DEBUG:pybindgen.typehandlers:try to lookup type handler for 'uint64_t' => success ((<class 'pybindgen.typehandlers.inttype.UnsignedLongLongReturn'>, None, <pybindgen.typehandlers.ctypeparser.TypeTraits object at 0xffffbcc4f070>))
DEBUG:pybindgen.typehandlers:TypeMatcher.lookup('uint16_t')
DEBUG:pybindgen.typehandlers:try to lookup type handler for 'uint16_t' => success ((<class 'pybindgen.typehandlers.inttype.UInt16Return'>, None, <pybindgen.typehandlers.ctypeparser.TypeTraits object at 0xffffbcbd9820>))
DEBUG:pybindgen.typehandlers:TypeMatcher.lookup('uint32_t')
DEBUG:pybindgen.typehandlers:try to lookup type handler for 'uint32_t' => success ((<class 'pybindgen.typehandlers.inttype.UnsignedIntReturn'>, None, <pybindgen.typehandlers.ctypeparser.TypeTraits object at 0xffffbcbd9d90>))
DEBUG:pybindgen.typehandlers:TypeMatcher.lookup('uint64_t')
DEBUG:pybindgen.typehandlers:try to lookup type handler for 'uint64_t' => success ((<class 'pybindgen.typehandlers.inttype.UnsignedLongLongReturn'>, None, <pybindgen.typehandlers.ctypeparser.TypeTraits object at 0xffffbcbe0340>))
DEBUG:pybindgen.typehandlers:TypeMatcher.lookup('uint8_t')
DEBUG:pybindgen.typehandlers:try to lookup type handler for 'uint8_t' => success ((<class 'pybindgen.typehandlers.inttype.UInt8Return'>, None, <pybindgen.typehandlers.ctypeparser.TypeTraits object at 0xffffbcbe08b0>))
DEBUG:pybindgen.typehandlers:TypeMatcher.lookup('void')
DEBUG:pybindgen.typehandlers:try to lookup type handler for 'void' => success ((<class 'pybindgen.typehandlers.voidtype.VoidReturn'>, None, <pybindgen.typehandlers.ctypeparser.TypeTraits object at 0xffffbcbe0e20>))
DEBUG:pybindgen.typehandlers:TypeMatcher.lookup('uint8_t const *')
DEBUG:pybindgen.typehandlers:try to lookup type handler for 'uint8_t const *' => success ((<class 'pybindgen.typehandlers.inttype.UInt8PtrParam'>, None, <pybindgen.typehandlers.ctypeparser.TypeTraits object at 0xffffbcbe5070>))
/root/workspace/netwokr/ns-allinone-3.33/ns-3.33/src/aodv/bindings/modulegen__gcc_LP64.py:1102: Warning: exception TypeConfigurationError('direction not given') in wrapper public: retval? ???::Write (params?);
  cls.add_method('Write',
DEBUG:pybindgen.typehandlers:TypeMatcher.lookup('void')
DEBUG:pybindgen.typehandlers:try to lookup type handler for 'void' => success ((<class 'pybindgen.typehandlers.voidtype.VoidReturn'>, None, <pybindgen.typehandlers.ctypeparser.TypeTraits object at 0xffffbcbe5310>))
DEBUG:pybindgen.typehandlers:TypeMatcher.lookup('ns3::Buffer::Iterator')
DEBUG:pybindgen.typehandlers:try to lookup type handler for 'ns3::Buffer::Iterator' => success ((<class 'pybindgen.cppclass.CppClass.__init__.<locals>.ThisClassParameter'>, None, <pybindgen.typehandlers.ctypeparser.TypeTraits object at 0xffffbcbe5550>))
DEBUG:pybindgen.typehandlers:TypeMatcher.lookup('ns3::Buffer::Iterator')
DEBUG:pybindgen.typehandlers:try to lookup type handler for 'ns3::Buffer::Iterator' => success ((<class 'pybindgen.cppclass.CppClass.__init__.<locals>.ThisClassParameter'>, None, <pybindgen.typehandlers.ctypeparser.TypeTraits object at 0xffffbcbe56a0>))
DEBUG:pybindgen.typehandlers:TypeMatcher.lookup('void')
DEBUG:pybindgen.typehandlers:try to lookup type handler for 'void' => success ((<class 'pybindgen.typehandlers.voidtype.VoidReturn'>, None, <pybindgen.typehandlers.ctypeparser.TypeTraits object at 0xffffbcbe5c10>))
DEBUG:pybindgen.typehandlers:TypeMatcher.lookup('uint16_t')
DEBUG:pybindgen.typehandlers:try to lookup type handler for 'uint16_t' => success ((<class 'pybindgen.typehandlers.inttype.UInt16Param'>, None, <pybindgen.typehandlers.ctypeparser.TypeTraits object at 0xffffbcbe5e20>))
DEBUG:pybindgen.typehandlers:TypeMatcher.lookup('void')
DEBUG:pybindgen.typehandlers:try to lookup type handler for 'void' => success ((<class 'pybindgen.typehandlers.voidtype.VoidReturn'>, None, <pybindgen.typehandlers.ctypeparser.TypeTraits object at 0xffffbcbe7370>))
DEBUG:pybindgen.typehandlers:TypeMatcher.lookup('uint32_t')
DEBUG:pybindgen.typehandlers:try to lookup type handler for 'uint32_t' => success ((<class 'pybindgen.typehandlers.inttype.UnsignedIntParam'>, None, <pybindgen.typehandlers.ctypeparser.TypeTraits object at 0xffffbcbe7580>))
DEBUG:pybindgen.typehandlers:TypeMatcher.lookup('void')
DEBUG:pybindgen.typehandlers:try to lookup type handler for 'void' => success ((<class 'pybindgen.typehandlers.voidtype.VoidReturn'>, None, <pybindgen.typehandlers.ctypeparser.TypeTraits object at 0xffffbcbe7a90>))
DEBUG:pybindgen.typehandlers:TypeMatcher.lookup('uint64_t')
DEBUG:pybindgen.typehandlers:try to lookup type handler for 'uint64_t' => success ((<class 'pybindgen.typehandlers.inttype.UnsignedLongLongParam'>, None, <pybindgen.typehandlers.ctypeparser.TypeTraits object at 0xffffbcbe7ca0>))
DEBUG:pybindgen.typehandlers:TypeMatcher.lookup('void')
DEBUG:pybindgen.typehandlers:try to lookup type handler for 'void' => success ((<class 'pybindgen.typehandlers.voidtype.VoidReturn'>, None, <pybindgen.typehandlers.ctypeparser.TypeTraits object at 0xffffbcbe52e0>))
DEBUG:pybindgen.typehandlers:TypeMatcher.lookup('uint16_t')
DEBUG:pybindgen.typehandlers:try to lookup type handler for 'uint16_t' => success ((<class 'pybindgen.typehandlers.inttype.UInt16Param'>, None, <pybindgen.typehandlers.ctypeparser.TypeTraits object at 0xffffbcbe51f0>))
DEBUG:pybindgen.typehandlers:TypeMatcher.lookup('void')
DEBUG:pybindgen.typehandlers:try to lookup type handler for 'void' => success ((<class 'pybindgen.typehandlers.voidtype.VoidReturn'>, None, <pybindgen.typehandlers.ctypeparser.TypeTraits object at 0xffffbcbeb430>))
DEBUG:pybindgen.typehandlers:TypeMatcher.lookup('uint32_t')
DEBUG:pybindgen.typehandlers:try to lookup type handler for 'uint32_t' => success ((<class 'pybindgen.typehandlers.inttype.UnsignedIntParam'>, None, <pybindgen.typehandlers.ctypeparser.TypeTraits object at 0xffffbcbeb640>))
DEBUG:pybindgen.typehandlers:TypeMatcher.lookup('void')
DEBUG:pybindgen.typehandlers:try to lookup type handler for 'void' => success ((<class 'pybindgen.typehandlers.voidtype.VoidReturn'>, None, <pybindgen.typehandlers.ctypeparser.TypeTraits object at 0xffffbcbebb50>))
DEBUG:pybindgen.typehandlers:TypeMatcher.lookup('uint64_t')
DEBUG:pybindgen.typehandlers:try to lookup type handler for 'uint64_t' => success ((<class 'pybindgen.typehandlers.inttype.UnsignedLongLongParam'>, None, <pybindgen.typehandlers.ctypeparser.TypeTraits object at 0xffffbcbebd60>))
DEBUG:pybindgen.typehandlers:TypeMatcher.lookup('void')
DEBUG:pybindgen.typehandlers:try to lookup type handler for 'void' => success ((<class 'pybindgen.typehandlers.voidtype.VoidReturn'>, None, <pybindgen.typehandlers.ctypeparser.TypeTraits object at 0xffffbcbf02b0>))
DEBUG:pybindgen.typehandlers:TypeMatcher.lookup('uint16_t')
DEBUG:pybindgen.typehandlers:try to lookup type handler for 'uint16_t' => success ((<class 'pybindgen.typehandlers.inttype.UInt16Param'>, None, <pybindgen.typehandlers.ctypeparser.TypeTraits object at 0xffffbcbf04c0>))
DEBUG:pybindgen.typehandlers:TypeMatcher.lookup('void')
DEBUG:pybindgen.typehandlers:try to lookup type handler for 'void' => success ((<class 'pybindgen.typehandlers.voidtype.VoidReturn'>, None, <pybindgen.typehandlers.ctypeparser.TypeTraits object at 0xffffbcbf09d0>))
DEBUG:pybindgen.typehandlers:TypeMatcher.lookup('uint32_t')
DEBUG:pybindgen.typehandlers:try to lookup type handler for 'uint32_t' => success ((<class 'pybindgen.typehandlers.inttype.UnsignedIntParam'>, None, <pybindgen.typehandlers.ctypeparser.TypeTraits object at 0xffffbcbf0be0>))
DEBUG:pybindgen.typehandlers:TypeMatcher.lookup('void')
DEBUG:pybindgen.typehandlers:try to lookup type handler for 'void' => success ((<class 'pybindgen.typehandlers.voidtype.VoidReturn'>, None, <pybindgen.typehandlers.ctypeparser.TypeTraits object at 0xffffbcbf4130>))
DEBUG:pybindgen.typehandlers:TypeMatcher.lookup('uint64_t')
DEBUG:pybindgen.typehandlers:try to lookup type handler for 'uint64_t' => success ((<class 'pybindgen.typehandlers.inttype.UnsignedLongLongParam'>, None, <pybindgen.typehandlers.ctypeparser.TypeTraits object at 0xffffbcbf4340>))
DEBUG:pybindgen.typehandlers:TypeMatcher.lookup('void')
DEBUG:pybindgen.typehandlers:try to lookup type handler for 'void' => success ((<class 'pybindgen.typehandlers.voidtype.VoidReturn'>, None, <pybindgen.typehandlers.ctypeparser.TypeTraits object at 0xffffbcbf4850>))
DEBUG:pybindgen.typehandlers:TypeMatcher.lookup('uint8_t')
DEBUG:pybindgen.typehandlers:try to lookup type handler for 'uint8_t' => success ((<class 'pybindgen.typehandlers.inttype.UInt8Param'>, None, <pybindgen.typehandlers.ctypeparser.TypeTraits object at 0xffffbcbf4a60>))
DEBUG:pybindgen.typehandlers:TypeMatcher.lookup('void')
DEBUG:pybindgen.typehandlers:try to lookup type handler for 'void' => success ((<class 'pybindgen.typehandlers.voidtype.VoidReturn'>, None, <pybindgen.typehandlers.ctypeparser.TypeTraits object at 0xffffbcbf4fd0>))
DEBUG:pybindgen.typehandlers:TypeMatcher.lookup('uint8_t')
DEBUG:pybindgen.typehandlers:try to lookup type handler for 'uint8_t' => success ((<class 'pybindgen.typehandlers.inttype.UInt8Param'>, None, <pybindgen.typehandlers.ctypeparser.TypeTraits object at 0xffffbcbf91c0>))
DEBUG:pybindgen.typehandlers:TypeMatcher.lookup('uint32_t')
DEBUG:pybindgen.typehandlers:try to lookup type handler for 'uint32_t' => success ((<class 'pybindgen.typehandlers.inttype.UnsignedIntParam'>, None, <pybindgen.typehandlers.ctypeparser.TypeTraits object at 0xffffbcbf9310>))
DEBUG:pybindgen.typehandlers:TypeMatcher.lookup('ns3::ByteTagIterator const &')
DEBUG:pybindgen.typehandlers:try to lookup type handler for 'ns3::ByteTagIterator const &' => success ((<class 'pybindgen.cppclass.CppClass.__init__.<locals>.ThisClassRefParameter'>, None, <pybindgen.typehandlers.ctypeparser.TypeTraits object at 0xffffbcbf9880>))
DEBUG:pybindgen.typehandlers:TypeMatcher.lookup('bool')
DEBUG:pybindgen.typehandlers:try to lookup type handler for 'bool' => success ((<class 'pybindgen.typehandlers.booltype.BoolReturn'>, None, <pybindgen.typehandlers.ctypeparser.TypeTraits object at 0xffffbcbf9e80>))
DEBUG:pybindgen.typehandlers:TypeMatcher.lookup('ns3::ByteTagIterator::Item')
DEBUG:pybindgen.typehandlers:try to lookup type handler for 'ns3::ByteTagIterator::Item' => success ((<class 'pybindgen.cppclass.CppClass.__init__.<locals>.ThisClassReturn'>, None, <pybindgen.typehandlers.ctypeparser.TypeTraits object at 0xffffbcbfc3d0>))
DEBUG:pybindgen.typehandlers:TypeMatcher.lookup('ns3::ByteTagIterator::Item const &')
DEBUG:pybindgen.typehandlers:try to lookup type handler for 'ns3::ByteTagIterator::Item const &' => success ((<class 'pybindgen.cppclass.CppClass.__init__.<locals>.ThisClassRefParameter'>, None, <pybindgen.typehandlers.ctypeparser.TypeTraits object at 0xffffbcbfc970>))
DEBUG:pybindgen.typehandlers:TypeMatcher.lookup('uint32_t')
DEBUG:pybindgen.typehandlers:try to lookup type handler for 'uint32_t' => success ((<class 'pybindgen.typehandlers.inttype.UnsignedIntReturn'>, None, <pybindgen.typehandlers.ctypeparser.TypeTraits object at 0xffffbcbfcfd0>))
DEBUG:pybindgen.typehandlers:TypeMatcher.lookup('uint32_t')
DEBUG:pybindgen.typehandlers:try to lookup type handler for 'uint32_t' => success ((<class 'pybindgen.typehandlers.inttype.UnsignedIntReturn'>, None, <pybindgen.typehandlers.ctypeparser.TypeTraits object at 0xffffbcc01520>))
DEBUG:pybindgen.typehandlers:TypeMatcher.lookup('void')
DEBUG:pybindgen.typehandlers:try to lookup type handler for 'void' => success ((<class 'pybindgen.typehandlers.voidtype.VoidReturn'>, None, <pybindgen.typehandlers.ctypeparser.TypeTraits object at 0xffffbcc01a90>))
DEBUG:pybindgen.typehandlers:TypeMatcher.lookup('ns3::Tag &')
DEBUG:pybindgen.typehandlers:try to lookup type handler for 'ns3::Tag &' => success ((<class 'pybindgen.cppclass.CppClass.__init__.<locals>.ThisClassRefParameter'>, None, <pybindgen.typehandlers.ctypeparser.TypeTraits object at 0xffffbcc01ca0>))
DEBUG:pybindgen.typehandlers:TypeMatcher.lookup('ns3::TypeId')
DEBUG:pybindgen.typehandlers:try to lookup type handler for 'ns3::TypeId' => success ((<class 'pybindgen.cppclass.CppClass.__init__.<locals>.ThisClassReturn'>, None, <pybindgen.typehandlers.ctypeparser.TypeTraits object at 0xffffbcc04280>))
DEBUG:pybindgen.typehandlers:TypeMatcher.lookup('ns3::ByteTagList const &')
DEBUG:pybindgen.typehandlers:try to lookup type handler for 'ns3::ByteTagList const &' => success ((<class 'pybindgen.cppclass.CppClass.__init__.<locals>.ThisClassRefParameter'>, None, <pybindgen.typehandlers.ctypeparser.TypeTraits object at 0xffffbcc04b20>))
DEBUG:pybindgen.typehandlers:TypeMatcher.lookup('ns3::TagBuffer')
DEBUG:pybindgen.typehandlers:try to lookup type handler for 'ns3::TagBuffer' => success ((<class 'pybindgen.cppclass.CppClass.__init__.<locals>.ThisClassReturn'>, None, <pybindgen.typehandlers.ctypeparser.TypeTraits object at 0xffffbcc0b130>))
DEBUG:pybindgen.typehandlers:TypeMatcher.lookup('ns3::TypeId')
DEBUG:pybindgen.typehandlers:try to lookup type handler for 'ns3::TypeId' => success ((<class 'pybindgen.cppclass.CppClass.__init__.<locals>.ThisClassParameter'>, None, <pybindgen.typehandlers.ctypeparser.TypeTraits object at 0xffffbcc0b310>))
DEBUG:pybindgen.typehandlers:TypeMatcher.lookup('uint32_t')
DEBUG:pybindgen.typehandlers:try to lookup type handler for 'uint32_t' => success ((<class 'pybindgen.typehandlers.inttype.UnsignedIntParam'>, None, <pybindgen.typehandlers.ctypeparser.TypeTraits object at 0xffffbcc0b460>))
DEBUG:pybindgen.typehandlers:TypeMatcher.lookup('int32_t')
DEBUG:pybindgen.typehandlers:try to lookup type handler for 'int32_t' => success ((<class 'pybindgen.typehandlers.inttype.IntParam'>, None, <pybindgen.typehandlers.ctypeparser.TypeTraits object at 0xffffbcc0b610>))
DEBUG:pybindgen.typehandlers:TypeMatcher.lookup('int32_t')
DEBUG:pybindgen.typehandlers:try to lookup type handler for 'int32_t' => success ((<class 'pybindgen.typehandlers.inttype.IntParam'>, None, <pybindgen.typehandlers.ctypeparser.TypeTraits object at 0xffffbcc0b7c0>))
DEBUG:pybindgen.typehandlers:TypeMatcher.lookup('void')
DEBUG:pybindgen.typehandlers:try to lookup type handler for 'void' => success ((<class 'pybindgen.typehandlers.voidtype.VoidReturn'>, None, <pybindgen.typehandlers.ctypeparser.TypeTraits object at 0xffffbcc0bd30>))
DEBUG:pybindgen.typehandlers:TypeMatcher.lookup('ns3::ByteTagList const &')
DEBUG:pybindgen.typehandlers:try to lookup type handler for 'ns3::ByteTagList const &' => success ((<class 'pybindgen.cppclass.CppClass.__init__.<locals>.ThisClassRefParameter'>, None, <pybindgen.typehandlers.ctypeparser.TypeTraits object at 0xffffbcc0bf40>))
DEBUG:pybindgen.typehandlers:TypeMatcher.lookup('void')
DEBUG:pybindgen.typehandlers:try to lookup type handler for 'void' => success ((<class 'pybindgen.typehandlers.voidtype.VoidReturn'>, None, <pybindgen.typehandlers.ctypeparser.TypeTraits object at 0xffffbcc0f520>))
DEBUG:pybindgen.typehandlers:TypeMatcher.lookup('int32_t')
DEBUG:pybindgen.typehandlers:try to lookup type handler for 'int32_t' => success ((<class 'pybindgen.typehandlers.inttype.IntParam'>, None, <pybindgen.typehandlers.ctypeparser.TypeTraits object at 0xffffbcc0f760>))
DEBUG:pybindgen.typehandlers:TypeMatcher.lookup('void')
DEBUG:pybindgen.typehandlers:try to lookup type handler for 'void' => success ((<class 'pybindgen.typehandlers.voidtype.VoidReturn'>, None, <pybindgen.typehandlers.ctypeparser.TypeTraits object at 0xffffbcc0fc70>))
DEBUG:pybindgen.typehandlers:TypeMatcher.lookup('int32_t')
DEBUG:pybindgen.typehandlers:try to lookup type handler for 'int32_t' => success ((<class 'pybindgen.typehandlers.inttype.IntParam'>, None, <pybindgen.typehandlers.ctypeparser.TypeTraits object at 0xffffbcc0fe80>))
DEBUG:pybindgen.typehandlers:TypeMatcher.lookup('void')
DEBUG:pybindgen.typehandlers:try to lookup type handler for 'void' => success ((<class 'pybindgen.typehandlers.voidtype.VoidReturn'>, None, <pybindgen.typehandlers.ctypeparser.TypeTraits object at 0xffffbcb923d0>))
DEBUG:pybindgen.typehandlers:TypeMatcher.lookup('int32_t')
DEBUG:pybindgen.typehandlers:try to lookup type handler for 'int32_t' => success ((<class 'pybindgen.typehandlers.inttype.IntParam'>, None, <pybindgen.typehandlers.ctypeparser.TypeTraits object at 0xffffbcb925e0>))
DEBUG:pybindgen.typehandlers:TypeMatcher.lookup('ns3::ByteTagList::Iterator')
DEBUG:pybindgen.typehandlers:try to lookup type handler for 'ns3::ByteTagList::Iterator' => success ((<class 'pybindgen.cppclass.CppClass.__init__.<locals>.ThisClassReturn'>, None, <pybindgen.typehandlers.ctypeparser.TypeTraits object at 0xffffbcb92b20>))
DEBUG:pybindgen.typehandlers:TypeMatcher.lookup('int32_t')
DEBUG:pybindgen.typehandlers:try to lookup type handler for 'int32_t' => success ((<class 'pybindgen.typehandlers.inttype.IntParam'>, None, <pybindgen.typehandlers.ctypeparser.TypeTraits object at 0xffffbcb92d00>))
DEBUG:pybindgen.typehandlers:TypeMatcher.lookup('int32_t')
DEBUG:pybindgen.typehandlers:try to lookup type handler for 'int32_t' => success ((<class 'pybindgen.typehandlers.inttype.IntParam'>, None, <pybindgen.typehandlers.ctypeparser.TypeTraits object at 0xffffbcb92e50>))
DEBUG:pybindgen.typehandlers:TypeMatcher.lookup('uint32_t')
DEBUG:pybindgen.typehandlers:try to lookup type handler for 'uint32_t' => success ((<class 'pybindgen.typehandlers.inttype.UnsignedIntReturn'>, None, <pybindgen.typehandlers.ctypeparser.TypeTraits object at 0xffffbcb953a0>))
DEBUG:pybindgen.typehandlers:TypeMatcher.lookup('uint32_t const *')
DEBUG:pybindgen.typehandlers:try to lookup type handler for 'uint32_t const *' => success ((<class 'pybindgen.typehandlers.inttype.UnsignedIntPtrParam'>, None, <pybindgen.typehandlers.ctypeparser.TypeTraits object at 0xffffbcb955e0>))
DEBUG:pybindgen.typehandlers:TypeMatcher.lookup('uint32_t')
DEBUG:pybindgen.typehandlers:try to lookup type handler for 'uint32_t' => success ((<class 'pybindgen.typehandlers.inttype.UnsignedIntParam'>, None, <pybindgen.typehandlers.ctypeparser.TypeTraits object at 0xffffbcb95820>))
DEBUG:pybindgen.typehandlers:TypeMatcher.lookup('uint32_t')
DEBUG:pybindgen.typehandlers:try to lookup type handler for 'uint32_t' => success ((<class 'pybindgen.typehandlers.inttype.UnsignedIntReturn'>, None, <pybindgen.typehandlers.ctypeparser.TypeTraits object at 0xffffbcb95dc0>))
DEBUG:pybindgen.typehandlers:TypeMatcher.lookup('void')
DEBUG:pybindgen.typehandlers:try to lookup type handler for 'void' => success ((<class 'pybindgen.typehandlers.voidtype.VoidReturn'>, None, <pybindgen.typehandlers.ctypeparser.TypeTraits object at 0xffffbcb99310>))
DEBUG:pybindgen.typehandlers:TypeMatcher.lookup('uint32_t')
DEBUG:pybindgen.typehandlers:try to lookup type handler for 'uint32_t' => success ((<class 'pybindgen.typehandlers.inttype.UnsignedIntReturn'>, None, <pybindgen.typehandlers.ctypeparser.TypeTraits object at 0xffffbcb998e0>))
DEBUG:pybindgen.typehandlers:TypeMatcher.lookup('uint32_t *')
DEBUG:pybindgen.typehandlers:try to lookup type handler for 'uint32_t *' => success ((<class 'pybindgen.typehandlers.inttype.UnsignedIntPtrParam'>, None, <pybindgen.typehandlers.ctypeparser.TypeTraits object at 0xffffbcb99af0>))
DEBUG:pybindgen.typehandlers:TypeMatcher.lookup('uint32_t')
DEBUG:pybindgen.typehandlers:try to lookup type handler for 'uint32_t' => success ((<class 'pybindgen.typehandlers.inttype.UnsignedIntParam'>, None, <pybindgen.typehandlers.ctypeparser.TypeTraits object at 0xffffbcb99cd0>))
DEBUG:pybindgen.typehandlers:TypeMatcher.lookup('ns3::ByteTagList::Iterator const &')
DEBUG:pybindgen.typehandlers:try to lookup type handler for 'ns3::ByteTagList::Iterator const &' => success ((<class 'pybindgen.cppclass.CppClass.__init__.<locals>.ThisClassRefParameter'>, None, <pybindgen.typehandlers.ctypeparser.TypeTraits object at 0xffffbcb9c280>))
DEBUG:pybindgen.typehandlers:TypeMatcher.lookup('uint32_t')
DEBUG:pybindgen.typehandlers:try to lookup type handler for 'uint32_t' => success ((<class 'pybindgen.typehandlers.inttype.UnsignedIntReturn'>, None, <pybindgen.typehandlers.ctypeparser.TypeTraits object at 0xffffbcb9c880>))
DEBUG:pybindgen.typehandlers:TypeMatcher.lookup('bool')
DEBUG:pybindgen.typehandlers:try to lookup type handler for 'bool' => success ((<class 'pybindgen.typehandlers.booltype.BoolReturn'>, None, <pybindgen.typehandlers.ctypeparser.TypeTraits object at 0xffffbcb9cdf0>))
DEBUG:pybindgen.typehandlers:TypeMatcher.lookup('ns3::ByteTagList::Iterator::Item')
DEBUG:pybindgen.typehandlers:try to lookup type handler for 'ns3::ByteTagList::Iterator::Item' => success ((<class 'pybindgen.cppclass.CppClass.__init__.<locals>.ThisClassReturn'>, None, <pybindgen.typehandlers.ctypeparser.TypeTraits object at 0xffffbcba3340>))
DEBUG:pybindgen.typehandlers:TypeMatcher.lookup('ns3::ByteTagList::Iterator::Item const &')
DEBUG:pybindgen.typehandlers:try to lookup type handler for 'ns3::ByteTagList::Iterator::Item const &' => success ((<class 'pybindgen.cppclass.CppClass.__init__.<locals>.ThisClassRefParameter'>, None, <pybindgen.typehandlers.ctypeparser.TypeTraits object at 0xffffbcba38e0>))
DEBUG:pybindgen.typehandlers:TypeMatcher.lookup('ns3::TagBuffer')
DEBUG:pybindgen.typehandlers:try to lookup type handler for 'ns3::TagBuffer' => success ((<class 'pybindgen.cppclass.CppClass.__init__.<locals>.ThisClassParameter'>, None, <pybindgen.typehandlers.ctypeparser.TypeTraits object at 0xffffbcba3ee0>))
DEBUG:pybindgen.typehandlers:TypeMatcher.lookup('ns3::TagBuffer')
DEBUG:pybindgen.typehandlers:try to lookup type handler for 'ns3::TagBuffer' => success ((<class 'pybindgen.cppclass.CppClass.__init__.<locals>.ThisClassReturn'>, None, <pybindgen.typehandlers.ctypeparser.TypeTraits object at 0xffffbcba3e80>))
DEBUG:pybindgen.typehandlers:TypeMatcher.lookup('int32_t')
DEBUG:pybindgen.typehandlers:try to lookup type handler for 'int32_t' => success ((<class 'pybindgen.typehandlers.inttype.IntReturn'>, None, <pybindgen.typehandlers.ctypeparser.TypeTraits object at 0xffffbcba9c10>))
DEBUG:pybindgen.typehandlers:TypeMatcher.lookup('uint32_t')
DEBUG:pybindgen.typehandlers:try to lookup type handler for 'uint32_t' => success ((<class 'pybindgen.typehandlers.inttype.UnsignedIntReturn'>, None, <pybindgen.typehandlers.ctypeparser.TypeTraits object at 0xffffbcbae460>))
DEBUG:pybindgen.typehandlers:TypeMatcher.lookup('int32_t')
DEBUG:pybindgen.typehandlers:try to lookup type handler for 'int32_t' => success ((<class 'pybindgen.typehandlers.inttype.IntReturn'>, None, <pybindgen.typehandlers.ctypeparser.TypeTraits object at 0xffffbcbaec70>))
DEBUG:pybindgen.typehandlers:TypeMatcher.lookup('ns3::TypeId')
DEBUG:pybindgen.typehandlers:try to lookup type handler for 'ns3::TypeId' => success ((<class 'pybindgen.cppclass.CppClass.__init__.<locals>.ThisClassReturn'>, None, <pybindgen.typehandlers.ctypeparser.TypeTraits object at 0xffffbcbb44c0>))
DEBUG:pybindgen.typehandlers:TypeMatcher.lookup('ns3::CallbackBase const &')
DEBUG:pybindgen.typehandlers:try to lookup type handler for 'ns3::CallbackBase const &' => success ((<class 'pybindgen.cppclass.CppClass.__init__.<locals>.ThisClassRefParameter'>, None, <pybindgen.typehandlers.ctypeparser.TypeTraits object at 0xffffbcbb4c40>))
DEBUG:pybindgen.typehandlers:TypeMatcher.lookup('ns3::Ptr< ns3::CallbackImplBase >')
DEBUG:pybindgen.typehandlers:try to lookup type handler for 'ns3::Ptr< ns3::CallbackImplBase >' => failure
DEBUG:pybindgen.typehandlers:try to lookup type handler for 'ns3::CallbackImplBase *' => success ((<class 'pybindgen.cppclass.MemoryPolicy.register_ptr_parameter_and_return.<locals>.ThisClassPtrReturn'>, <ns3modulegen_core_customizations.SmartPointerTransformation object at 0xffffbcfe0d90>, <pybindgen.typehandlers.ctypeparser.TypeTraits object at 0xffffbcbb88e0>))
DEBUG:pybindgen.typehandlers:TypeMatcher.lookup('ns3::Ptr< ns3::CallbackImplBase >')
DEBUG:pybindgen.typehandlers:try to lookup type handler for 'ns3::Ptr< ns3::CallbackImplBase >' => failure
DEBUG:pybindgen.typehandlers:try to lookup type handler for 'ns3::CallbackImplBase *' => success ((<class 'pybindgen.cppclass.MemoryPolicy.register_ptr_parameter_and_return.<locals>.ThisClassPtrParameter'>, <ns3modulegen_core_customizations.SmartPointerTransformation object at 0xffffbcfe0d90>, <pybindgen.typehandlers.ctypeparser.TypeTraits object at 0xffffbcbb8f40>))
DEBUG:pybindgen.typehandlers:TypeMatcher.lookup('ns3::DefaultDeleter< ns3::AttributeAccessor > const &')
DEBUG:pybindgen.typehandlers:try to lookup type handler for 'ns3::DefaultDeleter< ns3::AttributeAccessor > const &' => success ((<class 'pybindgen.cppclass.CppClass.__init__.<locals>.ThisClassRefParameter'>, None, <pybindgen.typehandlers.ctypeparser.TypeTraits object at 0xffffbcbbe670>))
DEBUG:pybindgen.typehandlers:TypeMatcher.lookup('void')
DEBUG:pybindgen.typehandlers:try to lookup type handler for 'void' => success ((<class 'pybindgen.typehandlers.voidtype.VoidReturn'>, None, <pybindgen.typehandlers.ctypeparser.TypeTraits object at 0xffffbcbbee80>))
DEBUG:pybindgen.typehandlers:TypeMatcher.lookup('ns3::AttributeAccessor *')
DEBUG:pybindgen.typehandlers:try to lookup type handler for 'ns3::AttributeAccessor *' => success ((<class 'pybindgen.cppclass.MemoryPolicy.register_ptr_parameter_and_return.<locals>.ThisClassPtrParameter'>, None, <pybindgen.typehandlers.ctypeparser.TypeTraits object at 0xffffbcbc10d0>))
/root/workspace/netwokr/ns-allinone-3.33/ns-3.33/src/aodv/bindings/modulegen__gcc_LP64.py:1301: Warning: exception TypeConfigurationError('Missing transfer_ownership option') in wrapper public: retval? ???::Delete (params?);
  cls.add_method('Delete',
DEBUG:pybindgen.typehandlers:TypeMatcher.lookup('ns3::DefaultDeleter< ns3::AttributeChecker > const &')
DEBUG:pybindgen.typehandlers:try to lookup type handler for 'ns3::DefaultDeleter< ns3::AttributeChecker > const &' => success ((<class 'pybindgen.cppclass.CppClass.__init__.<locals>.ThisClassRefParameter'>, None, <pybindgen.typehandlers.ctypeparser.TypeTraits object at 0xffffbcbc16d0>))
DEBUG:pybindgen.typehandlers:TypeMatcher.lookup('void')
DEBUG:pybindgen.typehandlers:try to lookup type handler for 'void' => success ((<class 'pybindgen.typehandlers.voidtype.VoidReturn'>, None, <pybindgen.typehandlers.ctypeparser.TypeTraits object at 0xffffbcbc1ee0>))
DEBUG:pybindgen.typehandlers:TypeMatcher.lookup('ns3::AttributeChecker *')
DEBUG:pybindgen.typehandlers:try to lookup type handler for 'ns3::AttributeChecker *' => success ((<class 'pybindgen.cppclass.MemoryPolicy.register_ptr_parameter_and_return.<locals>.ThisClassPtrParameter'>, None, <pybindgen.typehandlers.ctypeparser.TypeTraits object at 0xffffbcbc6130>))
/root/workspace/netwokr/ns-allinone-3.33/ns-3.33/src/aodv/bindings/modulegen__gcc_LP64.py:1313: Warning: exception TypeConfigurationError('Missing transfer_ownership option') in wrapper public: retval? ???::Delete (params?);
  cls.add_method('Delete',
DEBUG:pybindgen.typehandlers:TypeMatcher.lookup('ns3::DefaultDeleter< ns3::AttributeValue > const &')
DEBUG:pybindgen.typehandlers:try to lookup type handler for 'ns3::DefaultDeleter< ns3::AttributeValue > const &' => success ((<class 'pybindgen.cppclass.CppClass.__init__.<locals>.ThisClassRefParameter'>, None, <pybindgen.typehandlers.ctypeparser.TypeTraits object at 0xffffbcbc6730>))
DEBUG:pybindgen.typehandlers:TypeMatcher.lookup('void')
DEBUG:pybindgen.typehandlers:try to lookup type handler for 'void' => success ((<class 'pybindgen.typehandlers.voidtype.VoidReturn'>, None, <pybindgen.typehandlers.ctypeparser.TypeTraits object at 0xffffbcbc6f40>))
DEBUG:pybindgen.typehandlers:TypeMatcher.lookup('ns3::AttributeValue *')
DEBUG:pybindgen.typehandlers:try to lookup type handler for 'ns3::AttributeValue *' => success ((<class 'pybindgen.cppclass.MemoryPolicy.register_ptr_parameter_and_return.<locals>.ThisClassPtrParameter'>, None, <pybindgen.typehandlers.ctypeparser.TypeTraits object at 0xffffbcbca190>))
/root/workspace/netwokr/ns-allinone-3.33/ns-3.33/src/aodv/bindings/modulegen__gcc_LP64.py:1325: Warning: exception TypeConfigurationError('Missing transfer_ownership option') in wrapper public: retval? ???::Delete (params?);
  cls.add_method('Delete',
DEBUG:pybindgen.typehandlers:TypeMatcher.lookup('ns3::DefaultDeleter< ns3::CallbackImplBase > const &')
DEBUG:pybindgen.typehandlers:try to lookup type handler for 'ns3::DefaultDeleter< ns3::CallbackImplBase > const &' => success ((<class 'pybindgen.cppclass.CppClass.__init__.<locals>.ThisClassRefParameter'>, None, <pybindgen.typehandlers.ctypeparser.TypeTraits object at 0xffffbcbca790>))
DEBUG:pybindgen.typehandlers:TypeMatcher.lookup('void')
DEBUG:pybindgen.typehandlers:try to lookup type handler for 'void' => success ((<class 'pybindgen.typehandlers.voidtype.VoidReturn'>, None, <pybindgen.typehandlers.ctypeparser.TypeTraits object at 0xffffbcbcafa0>))
DEBUG:pybindgen.typehandlers:TypeMatcher.lookup('ns3::CallbackImplBase *')
DEBUG:pybindgen.typehandlers:try to lookup type handler for 'ns3::CallbackImplBase *' => success ((<class 'pybindgen.cppclass.MemoryPolicy.register_ptr_parameter_and_return.<locals>.ThisClassPtrParameter'>, None, <pybindgen.typehandlers.ctypeparser.TypeTraits object at 0xffffbcbcf1f0>))
/root/workspace/netwokr/ns-allinone-3.33/ns-3.33/src/aodv/bindings/modulegen__gcc_LP64.py:1337: Warning: exception TypeConfigurationError('Missing transfer_ownership option') in wrapper public: retval? ???::Delete (params?);
  cls.add_method('Delete',
DEBUG:pybindgen.typehandlers:TypeMatcher.lookup('ns3::DefaultDeleter< ns3::EventImpl > const &')
DEBUG:pybindgen.typehandlers:try to lookup type handler for 'ns3::DefaultDeleter< ns3::EventImpl > const &' => success ((<class 'pybindgen.cppclass.CppClass.__init__.<locals>.ThisClassRefParameter'>, None, <pybindgen.typehandlers.ctypeparser.TypeTraits object at 0xffffbcbcf7f0>))
DEBUG:pybindgen.typehandlers:TypeMatcher.lookup('void')
DEBUG:pybindgen.typehandlers:try to lookup type handler for 'void' => success ((<class 'pybindgen.typehandlers.voidtype.VoidReturn'>, None, <pybindgen.typehandlers.ctypeparser.TypeTraits object at 0xffffbcbcf160>))
DEBUG:pybindgen.typehandlers:TypeMatcher.lookup('ns3::EventImpl *')
DEBUG:pybindgen.typehandlers:try to lookup type handler for 'ns3::EventImpl *' => success ((<class 'pybindgen.cppclass.MemoryPolicy.register_ptr_parameter_and_return.<locals>.ThisClassPtrParameter'>, None, <pybindgen.typehandlers.ctypeparser.TypeTraits object at 0xffffbcbcf340>))
/root/workspace/netwokr/ns-allinone-3.33/ns-3.33/src/aodv/bindings/modulegen__gcc_LP64.py:1349: Warning: exception TypeConfigurationError('Missing transfer_ownership option') in wrapper public: retval? ???::Delete (params?);
  cls.add_method('Delete',
DEBUG:pybindgen.typehandlers:TypeMatcher.lookup('ns3::DefaultDeleter< ns3::Hash::Implementation > const &')
DEBUG:pybindgen.typehandlers:try to lookup type handler for 'ns3::DefaultDeleter< ns3::Hash::Implementation > const &' => success ((<class 'pybindgen.cppclass.CppClass.__init__.<locals>.ThisClassRefParameter'>, None, <pybindgen.typehandlers.ctypeparser.TypeTraits object at 0xffffbcbc6f10>))
DEBUG:pybindgen.typehandlers:TypeMatcher.lookup('void')
DEBUG:pybindgen.typehandlers:try to lookup type handler for 'void' => success ((<class 'pybindgen.typehandlers.voidtype.VoidReturn'>, None, <pybindgen.typehandlers.ctypeparser.TypeTraits object at 0xffffbcbc1070>))
DEBUG:pybindgen.typehandlers:TypeMatcher.lookup('ns3::Hash::Implementation *')
DEBUG:pybindgen.typehandlers:try to lookup type handler for 'ns3::Hash::Implementation *' => success ((<class 'pybindgen.cppclass.MemoryPolicy.register_ptr_parameter_and_return.<locals>.ThisClassPtrParameter'>, None, <pybindgen.typehandlers.ctypeparser.TypeTraits object at 0xffffbcbbef40>))
/root/workspace/netwokr/ns-allinone-3.33/ns-3.33/src/aodv/bindings/modulegen__gcc_LP64.py:1361: Warning: exception TypeConfigurationError('Missing transfer_ownership option') in wrapper public: retval? ???::Delete (params?);
  cls.add_method('Delete',
DEBUG:pybindgen.typehandlers:TypeMatcher.lookup('ns3::DefaultDeleter< ns3::Ipv4Route > const &')
DEBUG:pybindgen.typehandlers:try to lookup type handler for 'ns3::DefaultDeleter< ns3::Ipv4Route > const &' => success ((<class 'pybindgen.cppclass.CppClass.__init__.<locals>.ThisClassRefParameter'>, None, <pybindgen.typehandlers.ctypeparser.TypeTraits object at 0xffffbcb135e0>))
DEBUG:pybindgen.typehandlers:TypeMatcher.lookup('void')
DEBUG:pybindgen.typehandlers:try to lookup type handler for 'void' => success ((<class 'pybindgen.typehandlers.voidtype.VoidReturn'>, None, <pybindgen.typehandlers.ctypeparser.TypeTraits object at 0xffffbcb13df0>))
DEBUG:pybindgen.typehandlers:TypeMatcher.lookup('ns3::Ipv4Route *')
DEBUG:pybindgen.typehandlers:try to lookup type handler for 'ns3::Ipv4Route *' => success ((<class 'pybindgen.cppclass.MemoryPolicy.register_ptr_parameter_and_return.<locals>.ThisClassPtrParameter'>, None, <pybindgen.typehandlers.ctypeparser.TypeTraits object at 0xffffbcb15040>))
/root/workspace/netwokr/ns-allinone-3.33/ns-3.33/src/aodv/bindings/modulegen__gcc_LP64.py:1373: Warning: exception TypeConfigurationError('Missing transfer_ownership option') in wrapper public: retval? ???::Delete (params?);
  cls.add_method('Delete',
DEBUG:pybindgen.typehandlers:TypeMatcher.lookup('ns3::DefaultDeleter< ns3::NixVector > const &')
DEBUG:pybindgen.typehandlers:try to lookup type handler for 'ns3::DefaultDeleter< ns3::NixVector > const &' => success ((<class 'pybindgen.cppclass.CppClass.__init__.<locals>.ThisClassRefParameter'>, None, <pybindgen.typehandlers.ctypeparser.TypeTraits object at 0xffffbcb15640>))
DEBUG:pybindgen.typehandlers:TypeMatcher.lookup('void')
DEBUG:pybindgen.typehandlers:try to lookup type handler for 'void' => success ((<class 'pybindgen.typehandlers.voidtype.VoidReturn'>, None, <pybindgen.typehandlers.ctypeparser.TypeTraits object at 0xffffbcb15e50>))
DEBUG:pybindgen.typehandlers:TypeMatcher.lookup('ns3::NixVector *')
DEBUG:pybindgen.typehandlers:try to lookup type handler for 'ns3::NixVector *' => success ((<class 'pybindgen.cppclass.MemoryPolicy.register_ptr_parameter_and_return.<locals>.ThisClassPtrParameter'>, None, <pybindgen.typehandlers.ctypeparser.TypeTraits object at 0xffffbcb1a0a0>))
/root/workspace/netwokr/ns-allinone-3.33/ns-3.33/src/aodv/bindings/modulegen__gcc_LP64.py:1385: Warning: exception TypeConfigurationError('Missing transfer_ownership option') in wrapper public: retval? ???::Delete (params?);
  cls.add_method('Delete',
DEBUG:pybindgen.typehandlers:TypeMatcher.lookup('ns3::DefaultDeleter< ns3::Packet > const &')
DEBUG:pybindgen.typehandlers:try to lookup type handler for 'ns3::DefaultDeleter< ns3::Packet > const &' => success ((<class 'pybindgen.cppclass.CppClass.__init__.<locals>.ThisClassRefParameter'>, None, <pybindgen.typehandlers.ctypeparser.TypeTraits object at 0xffffbcb1a6a0>))
DEBUG:pybindgen.typehandlers:TypeMatcher.lookup('void')
DEBUG:pybindgen.typehandlers:try to lookup type handler for 'void' => success ((<class 'pybindgen.typehandlers.voidtype.VoidReturn'>, None, <pybindgen.typehandlers.ctypeparser.TypeTraits object at 0xffffbcb1aeb0>))
DEBUG:pybindgen.typehandlers:TypeMatcher.lookup('ns3::Packet *')
DEBUG:pybindgen.typehandlers:try to lookup type handler for 'ns3::Packet *' => success ((<class 'pybindgen.cppclass.MemoryPolicy.register_ptr_parameter_and_return.<locals>.ThisClassPtrParameter'>, None, <pybindgen.typehandlers.ctypeparser.TypeTraits object at 0xffffbcb1f100>))
/root/workspace/netwokr/ns-allinone-3.33/ns-3.33/src/aodv/bindings/modulegen__gcc_LP64.py:1397: Warning: exception TypeConfigurationError('Missing transfer_ownership option') in wrapper public: retval? ???::Delete (params?);
  cls.add_method('Delete',
DEBUG:pybindgen.typehandlers:TypeMatcher.lookup('ns3::DefaultDeleter< ns3::TraceSourceAccessor > const &')
DEBUG:pybindgen.typehandlers:try to lookup type handler for 'ns3::DefaultDeleter< ns3::TraceSourceAccessor > const &' => success ((<class 'pybindgen.cppclass.CppClass.__init__.<locals>.ThisClassRefParameter'>, None, <pybindgen.typehandlers.ctypeparser.TypeTraits object at 0xffffbcb1a250>))
DEBUG:pybindgen.typehandlers:TypeMatcher.lookup('void')
DEBUG:pybindgen.typehandlers:try to lookup type handler for 'void' => success ((<class 'pybindgen.typehandlers.voidtype.VoidReturn'>, None, <pybindgen.typehandlers.ctypeparser.TypeTraits object at 0xffffbcb13ee0>))
DEBUG:pybindgen.typehandlers:TypeMatcher.lookup('ns3::TraceSourceAccessor *')
DEBUG:pybindgen.typehandlers:try to lookup type handler for 'ns3::TraceSourceAccessor *' => success ((<class 'pybindgen.cppclass.MemoryPolicy.register_ptr_parameter_and_return.<locals>.ThisClassPtrParameter'>, None, <pybindgen.typehandlers.ctypeparser.TypeTraits object at 0xffffbcb130d0>))
/root/workspace/netwokr/ns-allinone-3.33/ns-3.33/src/aodv/bindings/modulegen__gcc_LP64.py:1409: Warning: exception TypeConfigurationError('Missing transfer_ownership option') in wrapper public: retval? ???::Delete (params?);
  cls.add_method('Delete',
DEBUG:pybindgen.typehandlers:TypeMatcher.lookup('ns3::EventId const &')
DEBUG:pybindgen.typehandlers:try to lookup type handler for 'ns3::EventId const &' => success ((<class 'pybindgen.cppclass.CppClass.__init__.<locals>.ThisClassRefParameter'>, None, <pybindgen.typehandlers.ctypeparser.TypeTraits object at 0xffffbcbbefd0>))
DEBUG:pybindgen.typehandlers:TypeMatcher.lookup('ns3::Ptr< ns3::EventImpl > const &')
DEBUG:pybindgen.typehandlers:try to lookup type handler for 'ns3::Ptr< ns3::EventImpl > const &' => failure
'ns3::Ptr< ns3::EventImpl > const &' did not match
/root/workspace/netwokr/ns-allinone-3.33/ns-3.33/src/aodv/bindings/modulegen__gcc_LP64.py:1424: Warning: exception TypeLookupError(['ns3::Ptr< ns3::EventImpl > &']) in wrapper <pybindgen.cppmethod.CppConstructor object at 0xffffbcb1f0d0>
  cls.add_constructor([param('ns3::Ptr< ns3::EventImpl > const &', 'impl'), param('uint64_t', 'ts'), param('uint32_t', 'context'), param('uint32_t', 'uid')])
DEBUG:pybindgen.typehandlers:TypeMatcher.lookup('void')
DEBUG:pybindgen.typehandlers:try to lookup type handler for 'void' => success ((<class 'pybindgen.typehandlers.voidtype.VoidReturn'>, None, <pybindgen.typehandlers.ctypeparser.TypeTraits object at 0xffffbcb1fa90>))
DEBUG:pybindgen.typehandlers:TypeMatcher.lookup('uint32_t')
DEBUG:pybindgen.typehandlers:try to lookup type handler for 'uint32_t' => success ((<class 'pybindgen.typehandlers.inttype.UnsignedIntReturn'>, None, <pybindgen.typehandlers.ctypeparser.TypeTraits object at 0xffffbcb26040>))
DEBUG:pybindgen.typehandlers:TypeMatcher.lookup('uint64_t')
DEBUG:pybindgen.typehandlers:try to lookup type handler for 'uint64_t' => success ((<class 'pybindgen.typehandlers.inttype.UnsignedLongLongReturn'>, None, <pybindgen.typehandlers.ctypeparser.TypeTraits object at 0xffffbcb265b0>))
DEBUG:pybindgen.typehandlers:TypeMatcher.lookup('uint32_t')
DEBUG:pybindgen.typehandlers:try to lookup type handler for 'uint32_t' => success ((<class 'pybindgen.typehandlers.inttype.UnsignedIntReturn'>, None, <pybindgen.typehandlers.ctypeparser.TypeTraits object at 0xffffbcb26b20>))
DEBUG:pybindgen.typehandlers:TypeMatcher.lookup('bool')
DEBUG:pybindgen.typehandlers:try to lookup type handler for 'bool' => success ((<class 'pybindgen.typehandlers.booltype.BoolReturn'>, None, <pybindgen.typehandlers.ctypeparser.TypeTraits object at 0xffffbcb290d0>))
DEBUG:pybindgen.typehandlers:TypeMatcher.lookup('bool')
DEBUG:pybindgen.typehandlers:try to lookup type handler for 'bool' => success ((<class 'pybindgen.typehandlers.booltype.BoolReturn'>, None, <pybindgen.typehandlers.ctypeparser.TypeTraits object at 0xffffbcb29640>))
DEBUG:pybindgen.typehandlers:TypeMatcher.lookup('ns3::EventImpl *')
DEBUG:pybindgen.typehandlers:try to lookup type handler for 'ns3::EventImpl *' => success ((<class 'pybindgen.cppclass.MemoryPolicy.register_ptr_parameter_and_return.<locals>.ThisClassPtrReturn'>, None, <pybindgen.typehandlers.ctypeparser.TypeTraits object at 0xffffbcb29bb0>))
DEBUG:pybindgen.typehandlers:TypeMatcher.lookup('void')
DEBUG:pybindgen.typehandlers:try to lookup type handler for 'void' => success ((<class 'pybindgen.typehandlers.voidtype.VoidReturn'>, None, <pybindgen.typehandlers.ctypeparser.TypeTraits object at 0xffffbcb1f550>))
DEBUG:pybindgen.typehandlers:TypeMatcher.lookup('ns3::Hasher const &')
DEBUG:pybindgen.typehandlers:try to lookup type handler for 'ns3::Hasher const &' => success ((<class 'pybindgen.cppclass.CppClass.__init__.<locals>.ThisClassRefParameter'>, None, <pybindgen.typehandlers.ctypeparser.TypeTraits object at 0xffffbcbbeee0>))
DEBUG:pybindgen.typehandlers:TypeMatcher.lookup('ns3::Ptr< ns3::Hash::Implementation >')
DEBUG:pybindgen.typehandlers:try to lookup type handler for 'ns3::Ptr< ns3::Hash::Implementation >' => failure
DEBUG:pybindgen.typehandlers:try to lookup type handler for 'ns3::Hash::Implementation *' => success ((<class 'pybindgen.cppclass.MemoryPolicy.register_ptr_parameter_and_return.<locals>.ThisClassPtrParameter'>, <ns3modulegen_core_customizations.SmartPointerTransformation object at 0xffffbcfe0d90>, <pybindgen.typehandlers.ctypeparser.TypeTraits object at 0xffffbcb2d9a0>))
DEBUG:pybindgen.typehandlers:TypeMatcher.lookup('uint32_t')
DEBUG:pybindgen.typehandlers:try to lookup type handler for 'uint32_t' => success ((<class 'pybindgen.typehandlers.inttype.UnsignedIntReturn'>, None, <pybindgen.typehandlers.ctypeparser.TypeTraits object at 0xffffbcb2dd00>))
DEBUG:pybindgen.typehandlers:TypeMatcher.lookup('char const *')
DEBUG:pybindgen.typehandlers:try to lookup type handler for 'char const *' => success ((<class 'pybindgen.typehandlers.stringtype.CStringParam'>, None, <pybindgen.typehandlers.ctypeparser.TypeTraits object at 0xffffbcb2df10>))
DEBUG:pybindgen.typehandlers:TypeMatcher.lookup('std::size_t const')
DEBUG:pybindgen.typehandlers:try to lookup type handler for 'std::size_t const' => success ((<class 'pybindgen.typehandlers.inttype.SizeTParam'>, None, <pybindgen.typehandlers.ctypeparser.TypeTraits object at 0xffffbcb31190>))
DEBUG:pybindgen.typehandlers:TypeMatcher.lookup('uint32_t')
DEBUG:pybindgen.typehandlers:try to lookup type handler for 'uint32_t' => success ((<class 'pybindgen.typehandlers.inttype.UnsignedIntReturn'>, None, <pybindgen.typehandlers.ctypeparser.TypeTraits object at 0xffffbcb31760>))
DEBUG:pybindgen.typehandlers:TypeMatcher.lookup('std::string const')
DEBUG:pybindgen.typehandlers:try to lookup type handler for 'std::string const' => success ((<class 'pybindgen.typehandlers.stringtype.StdStringParam'>, None, <pybindgen.typehandlers.ctypeparser.TypeTraits object at 0xffffbcb31970>))
DEBUG:pybindgen.typehandlers:TypeMatcher.lookup('uint64_t')
DEBUG:pybindgen.typehandlers:try to lookup type handler for 'uint64_t' => success ((<class 'pybindgen.typehandlers.inttype.UnsignedLongLongReturn'>, None, <pybindgen.typehandlers.ctypeparser.TypeTraits object at 0xffffbcb31e80>))
DEBUG:pybindgen.typehandlers:TypeMatcher.lookup('char const *')
DEBUG:pybindgen.typehandlers:try to lookup type handler for 'char const *' => success ((<class 'pybindgen.typehandlers.stringtype.CStringParam'>, None, <pybindgen.typehandlers.ctypeparser.TypeTraits object at 0xffffbcb36100>))
DEBUG:pybindgen.typehandlers:TypeMatcher.lookup('std::size_t const')
DEBUG:pybindgen.typehandlers:try to lookup type handler for 'std::size_t const' => success ((<class 'pybindgen.typehandlers.inttype.SizeTParam'>, None, <pybindgen.typehandlers.ctypeparser.TypeTraits object at 0xffffbcb36340>))
DEBUG:pybindgen.typehandlers:TypeMatcher.lookup('uint64_t')
DEBUG:pybindgen.typehandlers:try to lookup type handler for 'uint64_t' => success ((<class 'pybindgen.typehandlers.inttype.UnsignedLongLongReturn'>, None, <pybindgen.typehandlers.ctypeparser.TypeTraits object at 0xffffbcb36910>))
DEBUG:pybindgen.typehandlers:TypeMatcher.lookup('std::string const')
DEBUG:pybindgen.typehandlers:try to lookup type handler for 'std::string const' => success ((<class 'pybindgen.typehandlers.stringtype.StdStringParam'>, None, <pybindgen.typehandlers.ctypeparser.TypeTraits object at 0xffffbcb36b20>))
DEBUG:pybindgen.typehandlers:TypeMatcher.lookup('ns3::Hasher &')
DEBUG:pybindgen.typehandlers:try to lookup type handler for 'ns3::Hasher &' => success ((<class 'pybindgen.cppclass.CppClass.__init__.<locals>.ThisClassRefReturn'>, None, <pybindgen.typehandlers.ctypeparser.TypeTraits object at 0xffffbcb39070>))
DEBUG:pybindgen.typehandlers:TypeMatcher.lookup('ns3::Inet6SocketAddress const &')
DEBUG:pybindgen.typehandlers:try to lookup type handler for 'ns3::Inet6SocketAddress const &' => success ((<class 'pybindgen.cppclass.CppClass.__init__.<locals>.ThisClassRefParameter'>, None, <pybindgen.typehandlers.ctypeparser.TypeTraits object at 0xffffbcb396a0>))
DEBUG:pybindgen.typehandlers:TypeMatcher.lookup('ns3::Ipv6Address')
DEBUG:pybindgen.typehandlers:try to lookup type handler for 'ns3::Ipv6Address' => success ((<class 'pybindgen.cppclass.CppClass.__init__.<locals>.ThisClassParameter'>, None, <pybindgen.typehandlers.ctypeparser.TypeTraits object at 0xffffbcb39ca0>))
DEBUG:pybindgen.typehandlers:TypeMatcher.lookup('uint16_t')
DEBUG:pybindgen.typehandlers:try to lookup type handler for 'uint16_t' => success ((<class 'pybindgen.typehandlers.inttype.UInt16Param'>, None, <pybindgen.typehandlers.ctypeparser.TypeTraits object at 0xffffbcb39df0>))
DEBUG:pybindgen.typehandlers:TypeMatcher.lookup('ns3::Ipv6Address')
DEBUG:pybindgen.typehandlers:try to lookup type handler for 'ns3::Ipv6Address' => success ((<class 'pybindgen.cppclass.CppClass.__init__.<locals>.ThisClassParameter'>, None, <pybindgen.typehandlers.ctypeparser.TypeTraits object at 0xffffbcb3e3a0>))
DEBUG:pybindgen.typehandlers:TypeMatcher.lookup('uint16_t')
DEBUG:pybindgen.typehandlers:try to lookup type handler for 'uint16_t' => success ((<class 'pybindgen.typehandlers.inttype.UInt16Param'>, None, <pybindgen.typehandlers.ctypeparser.TypeTraits object at 0xffffbcb3e8b0>))
DEBUG:pybindgen.typehandlers:TypeMatcher.lookup('char const *')
DEBUG:pybindgen.typehandlers:try to lookup type handler for 'char const *' => success ((<class 'pybindgen.typehandlers.stringtype.CStringParam'>, None, <pybindgen.typehandlers.ctypeparser.TypeTraits object at 0xffffbcb3edc0>))
DEBUG:pybindgen.typehandlers:TypeMatcher.lookup('uint16_t')
DEBUG:pybindgen.typehandlers:try to lookup type handler for 'uint16_t' => success ((<class 'pybindgen.typehandlers.inttype.UInt16Param'>, None, <pybindgen.typehandlers.ctypeparser.TypeTraits object at 0xffffbcb44040>))
DEBUG:pybindgen.typehandlers:TypeMatcher.lookup('char const *')
DEBUG:pybindgen.typehandlers:try to lookup type handler for 'char const *' => success ((<class 'pybindgen.typehandlers.stringtype.CStringParam'>, None, <pybindgen.typehandlers.ctypeparser.TypeTraits object at 0xffffbcb445b0>))
DEBUG:pybindgen.typehandlers:TypeMatcher.lookup('ns3::Inet6SocketAddress')
DEBUG:pybindgen.typehandlers:try to lookup type handler for 'ns3::Inet6SocketAddress' => success ((<class 'pybindgen.cppclass.CppClass.__init__.<locals>.ThisClassReturn'>, None, <pybindgen.typehandlers.ctypeparser.TypeTraits object at 0xffffbcb44bb0>))
DEBUG:pybindgen.typehandlers:TypeMatcher.lookup('ns3::Address const &')
DEBUG:pybindgen.typehandlers:try to lookup type handler for 'ns3::Address const &' => success ((<class 'pybindgen.cppclass.CppClass.__init__.<locals>.ThisClassRefParameter'>, None, <pybindgen.typehandlers.ctypeparser.TypeTraits object at 0xffffbcb44d90>))
DEBUG:pybindgen.typehandlers:TypeMatcher.lookup('ns3::Ipv6Address')
DEBUG:pybindgen.typehandlers:try to lookup type handler for 'ns3::Ipv6Address' => success ((<class 'pybindgen.cppclass.CppClass.__init__.<locals>.ThisClassReturn'>, None, <pybindgen.typehandlers.ctypeparser.TypeTraits object at 0xffffbcb483d0>))
DEBUG:pybindgen.typehandlers:TypeMatcher.lookup('uint16_t')
DEBUG:pybindgen.typehandlers:try to lookup type handler for 'uint16_t' => success ((<class 'pybindgen.typehandlers.inttype.UInt16Return'>, None, <pybindgen.typehandlers.ctypeparser.TypeTraits object at 0xffffbcb48910>))
DEBUG:pybindgen.typehandlers:TypeMatcher.lookup('bool')
DEBUG:pybindgen.typehandlers:try to lookup type handler for 'bool' => success ((<class 'pybindgen.typehandlers.booltype.BoolReturn'>, None, <pybindgen.typehandlers.ctypeparser.TypeTraits object at 0xffffbcb48e80>))
DEBUG:pybindgen.typehandlers:TypeMatcher.lookup('ns3::Address const &')
DEBUG:pybindgen.typehandlers:try to lookup type handler for 'ns3::Address const &' => success ((<class 'pybindgen.cppclass.CppClass.__init__.<locals>.ThisClassRefParameter'>, None, <pybindgen.typehandlers.ctypeparser.TypeTraits object at 0xffffbcb4d0d0>))
DEBUG:pybindgen.typehandlers:TypeMatcher.lookup('void')
DEBUG:pybindgen.typehandlers:try to lookup type handler for 'void' => success ((<class 'pybindgen.typehandlers.voidtype.VoidReturn'>, None, <pybindgen.typehandlers.ctypeparser.TypeTraits object at 0xffffbcb4d670>))
DEBUG:pybindgen.typehandlers:TypeMatcher.lookup('ns3::Ipv6Address')
DEBUG:pybindgen.typehandlers:try to lookup type handler for 'ns3::Ipv6Address' => success ((<class 'pybindgen.cppclass.CppClass.__init__.<locals>.ThisClassParameter'>, None, <pybindgen.typehandlers.ctypeparser.TypeTraits object at 0xffffbcb4d8b0>))
DEBUG:pybindgen.typehandlers:TypeMatcher.lookup('void')
DEBUG:pybindgen.typehandlers:try to lookup type handler for 'void' => success ((<class 'pybindgen.typehandlers.voidtype.VoidReturn'>, None, <pybindgen.typehandlers.ctypeparser.TypeTraits object at 0xffffbcb4ddc0>))
DEBUG:pybindgen.typehandlers:TypeMatcher.lookup('uint16_t')
DEBUG:pybindgen.typehandlers:try to lookup type handler for 'uint16_t' => success ((<class 'pybindgen.typehandlers.inttype.UInt16Param'>, None, <pybindgen.typehandlers.ctypeparser.TypeTraits object at 0xffffbcb4dfd0>))
DEBUG:pybindgen.typehandlers:TypeMatcher.lookup('ns3::InetSocketAddress const &')
DEBUG:pybindgen.typehandlers:try to lookup type handler for 'ns3::InetSocketAddress const &' => success ((<class 'pybindgen.cppclass.CppClass.__init__.<locals>.ThisClassRefParameter'>, None, <pybindgen.typehandlers.ctypeparser.TypeTraits object at 0xffffbcb4f550>))
DEBUG:pybindgen.typehandlers:TypeMatcher.lookup('ns3::Ipv4Address')
DEBUG:pybindgen.typehandlers:try to lookup type handler for 'ns3::Ipv4Address' => success ((<class 'pybindgen.cppclass.CppClass.__init__.<locals>.ThisClassParameter'>, None, <pybindgen.typehandlers.ctypeparser.TypeTraits object at 0xffffbcb4fb50>))
DEBUG:pybindgen.typehandlers:TypeMatcher.lookup('uint16_t')
DEBUG:pybindgen.typehandlers:try to lookup type handler for 'uint16_t' => success ((<class 'pybindgen.typehandlers.inttype.UInt16Param'>, None, <pybindgen.typehandlers.ctypeparser.TypeTraits object at 0xffffbcb4fca0>))
DEBUG:pybindgen.typehandlers:TypeMatcher.lookup('ns3::Ipv4Address')
DEBUG:pybindgen.typehandlers:try to lookup type handler for 'ns3::Ipv4Address' => success ((<class 'pybindgen.cppclass.CppClass.__init__.<locals>.ThisClassParameter'>, None, <pybindgen.typehandlers.ctypeparser.TypeTraits object at 0xffffbcad5250>))
DEBUG:pybindgen.typehandlers:TypeMatcher.lookup('uint16_t')
DEBUG:pybindgen.typehandlers:try to lookup type handler for 'uint16_t' => success ((<class 'pybindgen.typehandlers.inttype.UInt16Param'>, None, <pybindgen.typehandlers.ctypeparser.TypeTraits object at 0xffffbcad5760>))
DEBUG:pybindgen.typehandlers:TypeMatcher.lookup('char const *')
DEBUG:pybindgen.typehandlers:try to lookup type handler for 'char const *' => success ((<class 'pybindgen.typehandlers.stringtype.CStringParam'>, None, <pybindgen.typehandlers.ctypeparser.TypeTraits object at 0xffffbcad5c70>))
DEBUG:pybindgen.typehandlers:TypeMatcher.lookup('uint16_t')
DEBUG:pybindgen.typehandlers:try to lookup type handler for 'uint16_t' => success ((<class 'pybindgen.typehandlers.inttype.UInt16Param'>, None, <pybindgen.typehandlers.ctypeparser.TypeTraits object at 0xffffbcad5eb0>))
DEBUG:pybindgen.typehandlers:TypeMatcher.lookup('char const *')
DEBUG:pybindgen.typehandlers:try to lookup type handler for 'char const *' => success ((<class 'pybindgen.typehandlers.stringtype.CStringParam'>, None, <pybindgen.typehandlers.ctypeparser.TypeTraits object at 0xffffbcadc460>))
DEBUG:pybindgen.typehandlers:TypeMatcher.lookup('ns3::InetSocketAddress')
DEBUG:pybindgen.typehandlers:try to lookup type handler for 'ns3::InetSocketAddress' => success ((<class 'pybindgen.cppclass.CppClass.__init__.<locals>.ThisClassReturn'>, None, <pybindgen.typehandlers.ctypeparser.TypeTraits object at 0xffffbcadca60>))
DEBUG:pybindgen.typehandlers:TypeMatcher.lookup('ns3::Address const &')
DEBUG:pybindgen.typehandlers:try to lookup type handler for 'ns3::Address const &' => success ((<class 'pybindgen.cppclass.CppClass.__init__.<locals>.ThisClassRefParameter'>, None, <pybindgen.typehandlers.ctypeparser.TypeTraits object at 0xffffbcadcc40>))
DEBUG:pybindgen.typehandlers:TypeMatcher.lookup('ns3::Ipv4Address')
DEBUG:pybindgen.typehandlers:try to lookup type handler for 'ns3::Ipv4Address' => success ((<class 'pybindgen.cppclass.CppClass.__init__.<locals>.ThisClassReturn'>, None, <pybindgen.typehandlers.ctypeparser.TypeTraits object at 0xffffbcade280>))
DEBUG:pybindgen.typehandlers:TypeMatcher.lookup('uint16_t')
DEBUG:pybindgen.typehandlers:try to lookup type handler for 'uint16_t' => success ((<class 'pybindgen.typehandlers.inttype.UInt16Return'>, None, <pybindgen.typehandlers.ctypeparser.TypeTraits object at 0xffffbcade7c0>))
DEBUG:pybindgen.typehandlers:TypeMatcher.lookup('uint8_t')
DEBUG:pybindgen.typehandlers:try to lookup type handler for 'uint8_t' => success ((<class 'pybindgen.typehandlers.inttype.UInt8Return'>, None, <pybindgen.typehandlers.ctypeparser.TypeTraits object at 0xffffbcaded30>))
DEBUG:pybindgen.typehandlers:TypeMatcher.lookup('bool')
DEBUG:pybindgen.typehandlers:try to lookup type handler for 'bool' => success ((<class 'pybindgen.typehandlers.booltype.BoolReturn'>, None, <pybindgen.typehandlers.ctypeparser.TypeTraits object at 0xffffbcae32e0>))
DEBUG:pybindgen.typehandlers:TypeMatcher.lookup('ns3::Address const &')
DEBUG:pybindgen.typehandlers:try to lookup type handler for 'ns3::Address const &' => success ((<class 'pybindgen.cppclass.CppClass.__init__.<locals>.ThisClassRefParameter'>, None, <pybindgen.typehandlers.ctypeparser.TypeTraits object at 0xffffbcae34f0>))
DEBUG:pybindgen.typehandlers:TypeMatcher.lookup('void')
DEBUG:pybindgen.typehandlers:try to lookup type handler for 'void' => success ((<class 'pybindgen.typehandlers.voidtype.VoidReturn'>, None, <pybindgen.typehandlers.ctypeparser.TypeTraits object at 0xffffbcae3a90>))
DEBUG:pybindgen.typehandlers:TypeMatcher.lookup('ns3::Ipv4Address')
DEBUG:pybindgen.typehandlers:try to lookup type handler for 'ns3::Ipv4Address' => success ((<class 'pybindgen.cppclass.CppClass.__init__.<locals>.ThisClassParameter'>, None, <pybindgen.typehandlers.ctypeparser.TypeTraits object at 0xffffbcae3cd0>))
DEBUG:pybindgen.typehandlers:TypeMatcher.lookup('void')
DEBUG:pybindgen.typehandlers:try to lookup type handler for 'void' => success ((<class 'pybindgen.typehandlers.voidtype.VoidReturn'>, None, <pybindgen.typehandlers.ctypeparser.TypeTraits object at 0xffffbcae7220>))
DEBUG:pybindgen.typehandlers:TypeMatcher.lookup('uint16_t')
DEBUG:pybindgen.typehandlers:try to lookup type handler for 'uint16_t' => success ((<class 'pybindgen.typehandlers.inttype.UInt16Param'>, None, <pybindgen.typehandlers.ctypeparser.TypeTraits object at 0xffffbcae7430>))
DEBUG:pybindgen.typehandlers:TypeMatcher.lookup('void')
DEBUG:pybindgen.typehandlers:try to lookup type handler for 'void' => success ((<class 'pybindgen.typehandlers.voidtype.VoidReturn'>, None, <pybindgen.typehandlers.ctypeparser.TypeTraits object at 0xffffbcae7940>))
DEBUG:pybindgen.typehandlers:TypeMatcher.lookup('uint8_t')
DEBUG:pybindgen.typehandlers:try to lookup type handler for 'uint8_t' => success ((<class 'pybindgen.typehandlers.inttype.UInt8Param'>, None, <pybindgen.typehandlers.ctypeparser.TypeTraits object at 0xffffbcae7b50>))
DEBUG:pybindgen.typehandlers:TypeMatcher.lookup('ns3::IntToType< 0 > const &')
DEBUG:pybindgen.typehandlers:try to lookup type handler for 'ns3::IntToType< 0 > const &' => success ((<class 'pybindgen.cppclass.CppClass.__init__.<locals>.ThisClassRefParameter'>, None, <pybindgen.typehandlers.ctypeparser.TypeTraits object at 0xffffbcaeb430>))
DEBUG:pybindgen.typehandlers:TypeMatcher.lookup('ns3::IntToType< 1 > const &')
DEBUG:pybindgen.typehandlers:try to lookup type handler for 'ns3::IntToType< 1 > const &' => success ((<class 'pybindgen.cppclass.CppClass.__init__.<locals>.ThisClassRefParameter'>, None, <pybindgen.typehandlers.ctypeparser.TypeTraits object at 0xffffbcaebf70>))
DEBUG:pybindgen.typehandlers:TypeMatcher.lookup('ns3::IntToType< 2 > const &')
DEBUG:pybindgen.typehandlers:try to lookup type handler for 'ns3::IntToType< 2 > const &' => success ((<class 'pybindgen.cppclass.CppClass.__init__.<locals>.ThisClassRefParameter'>, None, <pybindgen.typehandlers.ctypeparser.TypeTraits object at 0xffffbcaf0b50>))
DEBUG:pybindgen.typehandlers:TypeMatcher.lookup('ns3::IntToType< 3 > const &')
DEBUG:pybindgen.typehandlers:try to lookup type handler for 'ns3::IntToType< 3 > const &' => success ((<class 'pybindgen.cppclass.CppClass.__init__.<locals>.ThisClassRefParameter'>, None, <pybindgen.typehandlers.ctypeparser.TypeTraits object at 0xffffbcaf3700>))
DEBUG:pybindgen.typehandlers:TypeMatcher.lookup('ns3::IntToType< 4 > const &')
DEBUG:pybindgen.typehandlers:try to lookup type handler for 'ns3::IntToType< 4 > const &' => success ((<class 'pybindgen.cppclass.CppClass.__init__.<locals>.ThisClassRefParameter'>, None, <pybindgen.typehandlers.ctypeparser.TypeTraits object at 0xffffbcaf92b0>))
DEBUG:pybindgen.typehandlers:TypeMatcher.lookup('ns3::IntToType< 5 > const &')
DEBUG:pybindgen.typehandlers:try to lookup type handler for 'ns3::IntToType< 5 > const &' => success ((<class 'pybindgen.cppclass.CppClass.__init__.<locals>.ThisClassRefParameter'>, None, <pybindgen.typehandlers.ctypeparser.TypeTraits object at 0xffffbcaf9e20>))
DEBUG:pybindgen.typehandlers:TypeMatcher.lookup('ns3::IntToType< 6 > const &')
DEBUG:pybindgen.typehandlers:try to lookup type handler for 'ns3::IntToType< 6 > const &' => success ((<class 'pybindgen.cppclass.CppClass.__init__.<locals>.ThisClassRefParameter'>, None, <pybindgen.typehandlers.ctypeparser.TypeTraits object at 0xffffbcafc9d0>))
DEBUG:pybindgen.typehandlers:TypeMatcher.lookup('ns3::Ipv4Address const &')
DEBUG:pybindgen.typehandlers:try to lookup type handler for 'ns3::Ipv4Address const &' => success ((<class 'pybindgen.cppclass.CppClass.__init__.<locals>.ThisClassRefParameter'>, None, <pybindgen.typehandlers.ctypeparser.TypeTraits object at 0xffffbcb00220>))
DEBUG:pybindgen.typehandlers:TypeMatcher.lookup('uint32_t')
DEBUG:pybindgen.typehandlers:try to lookup type handler for 'uint32_t' => success ((<class 'pybindgen.typehandlers.inttype.UnsignedIntParam'>, None, <pybindgen.typehandlers.ctypeparser.TypeTraits object at 0xffffbcb00b80>))
DEBUG:pybindgen.typehandlers:TypeMatcher.lookup('char const *')
DEBUG:pybindgen.typehandlers:try to lookup type handler for 'char const *' => success ((<class 'pybindgen.typehandlers.stringtype.CStringParam'>, None, <pybindgen.typehandlers.ctypeparser.TypeTraits object at 0xffffbcb040d0>))
DEBUG:pybindgen.typehandlers:TypeMatcher.lookup('ns3::Ipv4Address')
DEBUG:pybindgen.typehandlers:try to lookup type handler for 'ns3::Ipv4Address' => success ((<class 'pybindgen.cppclass.CppClass.__init__.<locals>.ThisClassReturn'>, None, <pybindgen.typehandlers.ctypeparser.TypeTraits object at 0xffffbcb046d0>))
DEBUG:pybindgen.typehandlers:TypeMatcher.lookup('ns3::Ipv4Mask const &')
DEBUG:pybindgen.typehandlers:try to lookup type handler for 'ns3::Ipv4Mask const &' => success ((<class 'pybindgen.cppclass.CppClass.__init__.<locals>.ThisClassRefParameter'>, None, <pybindgen.typehandlers.ctypeparser.TypeTraits object at 0xffffbcb048b0>))
DEBUG:pybindgen.typehandlers:TypeMatcher.lookup('ns3::Ipv4Address')
DEBUG:pybindgen.typehandlers:try to lookup type handler for 'ns3::Ipv4Address' => success ((<class 'pybindgen.cppclass.CppClass.__init__.<locals>.ThisClassReturn'>, None, <pybindgen.typehandlers.ctypeparser.TypeTraits object at 0xffffbcb04eb0>))
DEBUG:pybindgen.typehandlers:TypeMatcher.lookup('ns3::Address const &')
DEBUG:pybindgen.typehandlers:try to lookup type handler for 'ns3::Address const &' => success ((<class 'pybindgen.cppclass.CppClass.__init__.<locals>.ThisClassRefParameter'>, None, <pybindgen.typehandlers.ctypeparser.TypeTraits object at 0xffffbcb0a0d0>))
DEBUG:pybindgen.typehandlers:TypeMatcher.lookup('ns3::Ipv4Address')
DEBUG:pybindgen.typehandlers:try to lookup type handler for 'ns3::Ipv4Address' => success ((<class 'pybindgen.cppclass.CppClass.__init__.<locals>.ThisClassReturn'>, None, <pybindgen.typehandlers.ctypeparser.TypeTraits object at 0xffffbcb0a6d0>))
DEBUG:pybindgen.typehandlers:TypeMatcher.lookup('uint8_t const *')
DEBUG:pybindgen.typehandlers:try to lookup type handler for 'uint8_t const *' => success ((<class 'pybindgen.typehandlers.inttype.UInt8PtrParam'>, None, <pybindgen.typehandlers.ctypeparser.TypeTraits object at 0xffffbcb0a8b0>))
/root/workspace/netwokr/ns-allinone-3.33/ns-3.33/src/aodv/bindings/modulegen__gcc_LP64.py:1662: Warning: exception TypeConfigurationError('direction not given') in wrapper public: retval? ???::Deserialize (params?);
  cls.add_method('Deserialize',
DEBUG:pybindgen.typehandlers:TypeMatcher.lookup('uint32_t')
DEBUG:pybindgen.typehandlers:try to lookup type handler for 'uint32_t' => success ((<class 'pybindgen.typehandlers.inttype.UnsignedIntReturn'>, None, <pybindgen.typehandlers.ctypeparser.TypeTraits object at 0xffffbcb0ab50>))
DEBUG:pybindgen.typehandlers:TypeMatcher.lookup('ns3::Ipv4Address')
DEBUG:pybindgen.typehandlers:try to lookup type handler for 'ns3::Ipv4Address' => success ((<class 'pybindgen.cppclass.CppClass.__init__.<locals>.ThisClassReturn'>, None, <pybindgen.typehandlers.ctypeparser.TypeTraits object at 0xffffbcb0d130>))
DEBUG:pybindgen.typehandlers:TypeMatcher.lookup('ns3::Ipv4Address')
DEBUG:pybindgen.typehandlers:try to lookup type handler for 'ns3::Ipv4Address' => success ((<class 'pybindgen.cppclass.CppClass.__init__.<locals>.ThisClassReturn'>, None, <pybindgen.typehandlers.ctypeparser.TypeTraits object at 0xffffbcb0d670>))
DEBUG:pybindgen.typehandlers:TypeMatcher.lookup('ns3::Ipv4Address')
DEBUG:pybindgen.typehandlers:try to lookup type handler for 'ns3::Ipv4Address' => success ((<class 'pybindgen.cppclass.CppClass.__init__.<locals>.ThisClassReturn'>, None, <pybindgen.typehandlers.ctypeparser.TypeTraits object at 0xffffbcb0dbb0>))
DEBUG:pybindgen.typehandlers:TypeMatcher.lookup('ns3::Ipv4Address')
DEBUG:pybindgen.typehandlers:try to lookup type handler for 'ns3::Ipv4Address' => success ((<class 'pybindgen.cppclass.CppClass.__init__.<locals>.ThisClassReturn'>, None, <pybindgen.typehandlers.ctypeparser.TypeTraits object at 0xffffbcb04e50>))
DEBUG:pybindgen.typehandlers:TypeMatcher.lookup('ns3::Ipv4Mask const &')
DEBUG:pybindgen.typehandlers:try to lookup type handler for 'ns3::Ipv4Mask const &' => success ((<class 'pybindgen.cppclass.CppClass.__init__.<locals>.ThisClassRefParameter'>, None, <pybindgen.typehandlers.ctypeparser.TypeTraits object at 0xffffbcb0a970>))
DEBUG:pybindgen.typehandlers:TypeMatcher.lookup('ns3::Ipv4Address')
DEBUG:pybindgen.typehandlers:try to lookup type handler for 'ns3::Ipv4Address' => success ((<class 'pybindgen.cppclass.CppClass.__init__.<locals>.ThisClassReturn'>, None, <pybindgen.typehandlers.ctypeparser.TypeTraits object at 0xffffbca92460>))
DEBUG:pybindgen.typehandlers:TypeMatcher.lookup('bool')
DEBUG:pybindgen.typehandlers:try to lookup type handler for 'bool' => success ((<class 'pybindgen.typehandlers.booltype.BoolReturn'>, None, <pybindgen.typehandlers.ctypeparser.TypeTraits object at 0xffffbca929a0>))
DEBUG:pybindgen.typehandlers:TypeMatcher.lookup('bool')
DEBUG:pybindgen.typehandlers:try to lookup type handler for 'bool' => success ((<class 'pybindgen.typehandlers.booltype.BoolReturn'>, None, <pybindgen.typehandlers.ctypeparser.TypeTraits object at 0xffffbca92f10>))
DEBUG:pybindgen.typehandlers:TypeMatcher.lookup('bool')
DEBUG:pybindgen.typehandlers:try to lookup type handler for 'bool' => success ((<class 'pybindgen.typehandlers.booltype.BoolReturn'>, None, <pybindgen.typehandlers.ctypeparser.TypeTraits object at 0xffffbca974c0>))
DEBUG:pybindgen.typehandlers:TypeMatcher.lookup('ns3::Ipv4Address const &')
DEBUG:pybindgen.typehandlers:try to lookup type handler for 'ns3::Ipv4Address const &' => success ((<class 'pybindgen.cppclass.CppClass.__init__.<locals>.ThisClassRefParameter'>, None, <pybindgen.typehandlers.ctypeparser.TypeTraits object at 0xffffbca976d0>))
DEBUG:pybindgen.typehandlers:TypeMatcher.lookup('bool')
DEBUG:pybindgen.typehandlers:try to lookup type handler for 'bool' => success ((<class 'pybindgen.typehandlers.booltype.BoolReturn'>, None, <pybindgen.typehandlers.ctypeparser.TypeTraits object at 0xffffbca97cd0>))
DEBUG:pybindgen.typehandlers:TypeMatcher.lookup('bool')
DEBUG:pybindgen.typehandlers:try to lookup type handler for 'bool' => success ((<class 'pybindgen.typehandlers.booltype.BoolReturn'>, None, <pybindgen.typehandlers.ctypeparser.TypeTraits object at 0xffffbca9b280>))
DEBUG:pybindgen.typehandlers:TypeMatcher.lookup('bool')
DEBUG:pybindgen.typehandlers:try to lookup type handler for 'bool' => success ((<class 'pybindgen.typehandlers.booltype.BoolReturn'>, None, <pybindgen.typehandlers.ctypeparser.TypeTraits object at 0xffffbca9b7f0>))
DEBUG:pybindgen.typehandlers:TypeMatcher.lookup('bool')
DEBUG:pybindgen.typehandlers:try to lookup type handler for 'bool' => success ((<class 'pybindgen.typehandlers.booltype.BoolReturn'>, None, <pybindgen.typehandlers.ctypeparser.TypeTraits object at 0xffffbca9bd60>))
DEBUG:pybindgen.typehandlers:TypeMatcher.lookup('ns3::Address const &')
DEBUG:pybindgen.typehandlers:try to lookup type handler for 'ns3::Address const &' => success ((<class 'pybindgen.cppclass.CppClass.__init__.<locals>.ThisClassRefParameter'>, None, <pybindgen.typehandlers.ctypeparser.TypeTraits object at 0xffffbca9bf70>))
DEBUG:pybindgen.typehandlers:TypeMatcher.lookup('bool')
DEBUG:pybindgen.typehandlers:try to lookup type handler for 'bool' => success ((<class 'pybindgen.typehandlers.booltype.BoolReturn'>, None, <pybindgen.typehandlers.ctypeparser.TypeTraits object at 0xffffbcaa05b0>))
DEBUG:pybindgen.typehandlers:TypeMatcher.lookup('bool')
DEBUG:pybindgen.typehandlers:try to lookup type handler for 'bool' => success ((<class 'pybindgen.typehandlers.booltype.BoolReturn'>, None, <pybindgen.typehandlers.ctypeparser.TypeTraits object at 0xffffbcaa0b20>))
DEBUG:pybindgen.typehandlers:TypeMatcher.lookup('ns3::Ipv4Mask const &')
DEBUG:pybindgen.typehandlers:try to lookup type handler for 'ns3::Ipv4Mask const &' => success ((<class 'pybindgen.cppclass.CppClass.__init__.<locals>.ThisClassRefParameter'>, None, <pybindgen.typehandlers.ctypeparser.TypeTraits object at 0xffffbcaa0d30>))
DEBUG:pybindgen.typehandlers:TypeMatcher.lookup('void')
DEBUG:pybindgen.typehandlers:try to lookup type handler for 'void' => success ((<class 'pybindgen.typehandlers.voidtype.VoidReturn'>, None, <pybindgen.typehandlers.ctypeparser.TypeTraits object at 0xffffbcaa5370>))
DEBUG:pybindgen.typehandlers:TypeMatcher.lookup('std::ostream &')
DEBUG:pybindgen.typehandlers:try to lookup type handler for 'std::ostream &' => failure
'std::ostream &' did not match
/root/workspace/netwokr/ns-allinone-3.33/ns-3.33/src/aodv/bindings/modulegen__gcc_LP64.py:1742: Warning: exception TypeLookupError(['std::ostream &']) in wrapper public: retval? ???::Print (params?) const;
  cls.add_method('Print',
DEBUG:pybindgen.typehandlers:TypeMatcher.lookup('void')
DEBUG:pybindgen.typehandlers:try to lookup type handler for 'void' => success ((<class 'pybindgen.typehandlers.voidtype.VoidReturn'>, None, <pybindgen.typehandlers.ctypeparser.TypeTraits object at 0xffffbcaa57f0>))
DEBUG:pybindgen.typehandlers:TypeMatcher.lookup('uint8_t *')
DEBUG:pybindgen.typehandlers:try to lookup type handler for 'uint8_t *' => success ((<class 'pybindgen.typehandlers.inttype.UInt8PtrParam'>, None, <pybindgen.typehandlers.ctypeparser.TypeTraits object at 0xffffbcaa59d0>))
/root/workspace/netwokr/ns-allinone-3.33/ns-3.33/src/aodv/bindings/modulegen__gcc_LP64.py:1747: Warning: exception TypeConfigurationError('direction not given') in wrapper public: retval? ???::Serialize (params?) const;
  cls.add_method('Serialize',
DEBUG:pybindgen.typehandlers:TypeMatcher.lookup('void')
DEBUG:pybindgen.typehandlers:try to lookup type handler for 'void' => success ((<class 'pybindgen.typehandlers.voidtype.VoidReturn'>, None, <pybindgen.typehandlers.ctypeparser.TypeTraits object at 0xffffbcaa5c40>))
DEBUG:pybindgen.typehandlers:TypeMatcher.lookup('uint32_t')
DEBUG:pybindgen.typehandlers:try to lookup type handler for 'uint32_t' => success ((<class 'pybindgen.typehandlers.inttype.UnsignedIntParam'>, None, <pybindgen.typehandlers.ctypeparser.TypeTraits object at 0xffffbcaa5e20>))
DEBUG:pybindgen.typehandlers:TypeMatcher.lookup('void')
DEBUG:pybindgen.typehandlers:try to lookup type handler for 'void' => success ((<class 'pybindgen.typehandlers.voidtype.VoidReturn'>, None, <pybindgen.typehandlers.ctypeparser.TypeTraits object at 0xffffbcaa7370>))
DEBUG:pybindgen.typehandlers:TypeMatcher.lookup('char const *')
DEBUG:pybindgen.typehandlers:try to lookup type handler for 'char const *' => success ((<class 'pybindgen.typehandlers.stringtype.CStringParam'>, None, <pybindgen.typehandlers.ctypeparser.TypeTraits object at 0xffffbcaa7580>))
DEBUG:pybindgen.typehandlers:TypeMatcher.lookup('ns3::Ipv4Address')
DEBUG:pybindgen.typehandlers:try to lookup type handler for 'ns3::Ipv4Address' => success ((<class 'pybindgen.cppclass.CppClass.__init__.<locals>.ThisClassParameter'>, None, <pybindgen.typehandlers.ctypeparser.TypeTraits object at 0xffffbcaa7ee0>))
DEBUG:pybindgen.typehandlers:TypeMatcher.lookup('ns3::Ipv4Mask')
DEBUG:pybindgen.typehandlers:try to lookup type handler for 'ns3::Ipv4Mask' => success ((<class 'pybindgen.cppclass.CppClass.__init__.<locals>.ThisClassParameter'>, None, <pybindgen.typehandlers.ctypeparser.TypeTraits object at 0xffffbcaad070>))
DEBUG:pybindgen.typehandlers:TypeMatcher.lookup('ns3::Ipv4InterfaceAddress const &')
DEBUG:pybindgen.typehandlers:try to lookup type handler for 'ns3::Ipv4InterfaceAddress const &' => success ((<class 'pybindgen.cppclass.CppClass.__init__.<locals>.ThisClassRefParameter'>, None, <pybindgen.typehandlers.ctypeparser.TypeTraits object at 0xffffbcaad5e0>))
DEBUG:pybindgen.typehandlers:TypeMatcher.lookup('ns3::Ipv4Address')
DEBUG:pybindgen.typehandlers:try to lookup type handler for 'ns3::Ipv4Address' => success ((<class 'pybindgen.cppclass.CppClass.__init__.<locals>.ThisClassReturn'>, None, <pybindgen.typehandlers.ctypeparser.TypeTraits object at 0xffffbcaadbe0>))
DEBUG:pybindgen.typehandlers:TypeMatcher.lookup('ns3::Ipv4Address')
DEBUG:pybindgen.typehandlers:try to lookup type handler for 'ns3::Ipv4Address' => success ((<class 'pybindgen.cppclass.CppClass.__init__.<locals>.ThisClassReturn'>, None, <pybindgen.typehandlers.ctypeparser.TypeTraits object at 0xffffbcab2160>))
DEBUG:pybindgen.typehandlers:TypeMatcher.lookup('ns3::Ipv4Mask')
DEBUG:pybindgen.typehandlers:try to lookup type handler for 'ns3::Ipv4Mask' => success ((<class 'pybindgen.cppclass.CppClass.__init__.<locals>.ThisClassReturn'>, None, <pybindgen.typehandlers.ctypeparser.TypeTraits object at 0xffffbcab26a0>))
DEBUG:pybindgen.typehandlers:TypeMatcher.lookup('ns3::Ipv4InterfaceAddress::InterfaceAddressScope_e')
DEBUG:pybindgen.typehandlers:try to lookup type handler for 'ns3::Ipv4InterfaceAddress::InterfaceAddressScope_e' => success ((<class 'pybindgen.enum.Enum.set_module.<locals>.ThisEnumReturn'>, None, <pybindgen.typehandlers.ctypeparser.TypeTraits object at 0xffffbcaa54f0>))
DEBUG:pybindgen.typehandlers:TypeMatcher.lookup('bool')
DEBUG:pybindgen.typehandlers:try to lookup type handler for 'bool' => success ((<class 'pybindgen.typehandlers.booltype.BoolReturn'>, None, <pybindgen.typehandlers.ctypeparser.TypeTraits object at 0xffffbcab2880>))
DEBUG:pybindgen.typehandlers:TypeMatcher.lookup('void')
DEBUG:pybindgen.typehandlers:try to lookup type handler for 'void' => success ((<class 'pybindgen.typehandlers.voidtype.VoidReturn'>, None, <pybindgen.typehandlers.ctypeparser.TypeTraits object at 0xffffbcab2d90>))
DEBUG:pybindgen.typehandlers:TypeMatcher.lookup('ns3::Ipv4Address')
DEBUG:pybindgen.typehandlers:try to lookup type handler for 'ns3::Ipv4Address' => success ((<class 'pybindgen.cppclass.CppClass.__init__.<locals>.ThisClassParameter'>, None, <pybindgen.typehandlers.ctypeparser.TypeTraits object at 0xffffbcab2fd0>))
DEBUG:pybindgen.typehandlers:TypeMatcher.lookup('void')
DEBUG:pybindgen.typehandlers:try to lookup type handler for 'void' => success ((<class 'pybindgen.typehandlers.voidtype.VoidReturn'>, None, <pybindgen.typehandlers.ctypeparser.TypeTraits object at 0xffffbcab8520>))
DEBUG:pybindgen.typehandlers:TypeMatcher.lookup('ns3::Ipv4Address')
DEBUG:pybindgen.typehandlers:try to lookup type handler for 'ns3::Ipv4Address' => success ((<class 'pybindgen.cppclass.CppClass.__init__.<locals>.ThisClassParameter'>, None, <pybindgen.typehandlers.ctypeparser.TypeTraits object at 0xffffbcab8730>))
DEBUG:pybindgen.typehandlers:TypeMatcher.lookup('void')
DEBUG:pybindgen.typehandlers:try to lookup type handler for 'void' => success ((<class 'pybindgen.typehandlers.voidtype.VoidReturn'>, None, <pybindgen.typehandlers.ctypeparser.TypeTraits object at 0xffffbcab8c40>))
DEBUG:pybindgen.typehandlers:TypeMatcher.lookup('ns3::Ipv4Mask')
DEBUG:pybindgen.typehandlers:try to lookup type handler for 'ns3::Ipv4Mask' => success ((<class 'pybindgen.cppclass.CppClass.__init__.<locals>.ThisClassParameter'>, None, <pybindgen.typehandlers.ctypeparser.TypeTraits object at 0xffffbcab8e50>))
DEBUG:pybindgen.typehandlers:TypeMatcher.lookup('void')
DEBUG:pybindgen.typehandlers:try to lookup type handler for 'void' => success ((<class 'pybindgen.typehandlers.voidtype.VoidReturn'>, None, <pybindgen.typehandlers.ctypeparser.TypeTraits object at 0xffffbcabd3a0>))
DEBUG:pybindgen.typehandlers:TypeMatcher.lookup('void')
DEBUG:pybindgen.typehandlers:try to lookup type handler for 'void' => success ((<class 'pybindgen.typehandlers.voidtype.VoidReturn'>, None, <pybindgen.typehandlers.ctypeparser.TypeTraits object at 0xffffbcabd910>))
DEBUG:pybindgen.typehandlers:TypeMatcher.lookup('ns3::Ipv4InterfaceAddress::InterfaceAddressScope_e')
DEBUG:pybindgen.typehandlers:try to lookup type handler for 'ns3::Ipv4InterfaceAddress::InterfaceAddressScope_e' => success ((<class 'pybindgen.enum.Enum.set_module.<locals>.ThisEnumParameter'>, None, <pybindgen.typehandlers.ctypeparser.TypeTraits object at 0xffffbcabdb20>))
DEBUG:pybindgen.typehandlers:TypeMatcher.lookup('void')
DEBUG:pybindgen.typehandlers:try to lookup type handler for 'void' => success ((<class 'pybindgen.typehandlers.voidtype.VoidReturn'>, None, <pybindgen.typehandlers.ctypeparser.TypeTraits object at 0xffffbcac2070>))
DEBUG:pybindgen.typehandlers:TypeMatcher.lookup('ns3::Ipv4Mask const &')
DEBUG:pybindgen.typehandlers:try to lookup type handler for 'ns3::Ipv4Mask const &' => success ((<class 'pybindgen.cppclass.CppClass.__init__.<locals>.ThisClassRefParameter'>, None, <pybindgen.typehandlers.ctypeparser.TypeTraits object at 0xffffbcac2610>))
DEBUG:pybindgen.typehandlers:TypeMatcher.lookup('uint32_t')
DEBUG:pybindgen.typehandlers:try to lookup type handler for 'uint32_t' => success ((<class 'pybindgen.typehandlers.inttype.UnsignedIntParam'>, None, <pybindgen.typehandlers.ctypeparser.TypeTraits object at 0xffffbcac2f70>))
DEBUG:pybindgen.typehandlers:TypeMatcher.lookup('char const *')
DEBUG:pybindgen.typehandlers:try to lookup type handler for 'char const *' => success ((<class 'pybindgen.typehandlers.stringtype.CStringParam'>, None, <pybindgen.typehandlers.ctypeparser.TypeTraits object at 0xffffbcac64c0>))
DEBUG:pybindgen.typehandlers:TypeMatcher.lookup('uint32_t')
DEBUG:pybindgen.typehandlers:try to lookup type handler for 'uint32_t' => success ((<class 'pybindgen.typehandlers.inttype.UnsignedIntReturn'>, None, <pybindgen.typehandlers.ctypeparser.TypeTraits object at 0xffffbcac6ac0>))
DEBUG:pybindgen.typehandlers:TypeMatcher.lookup('uint32_t')
DEBUG:pybindgen.typehandlers:try to lookup type handler for 'uint32_t' => success ((<class 'pybindgen.typehandlers.inttype.UnsignedIntReturn'>, None, <pybindgen.typehandlers.ctypeparser.TypeTraits object at 0xffffbcac9070>))
DEBUG:pybindgen.typehandlers:TypeMatcher.lookup('ns3::Ipv4Mask')
DEBUG:pybindgen.typehandlers:try to lookup type handler for 'ns3::Ipv4Mask' => success ((<class 'pybindgen.cppclass.CppClass.__init__.<locals>.ThisClassReturn'>, None, <pybindgen.typehandlers.ctypeparser.TypeTraits object at 0xffffbcac95e0>))
DEBUG:pybindgen.typehandlers:TypeMatcher.lookup('ns3::Ipv4Mask')
DEBUG:pybindgen.typehandlers:try to lookup type handler for 'ns3::Ipv4Mask' => success ((<class 'pybindgen.cppclass.CppClass.__init__.<locals>.ThisClassReturn'>, None, <pybindgen.typehandlers.ctypeparser.TypeTraits object at 0xffffbcac9b20>))
DEBUG:pybindgen.typehandlers:TypeMatcher.lookup('uint16_t')
DEBUG:pybindgen.typehandlers:try to lookup type handler for 'uint16_t' => success ((<class 'pybindgen.typehandlers.inttype.UInt16Return'>, None, <pybindgen.typehandlers.ctypeparser.TypeTraits object at 0xffffbcacf0a0>))
DEBUG:pybindgen.typehandlers:TypeMatcher.lookup('ns3::Ipv4Mask')
DEBUG:pybindgen.typehandlers:try to lookup type handler for 'ns3::Ipv4Mask' => success ((<class 'pybindgen.cppclass.CppClass.__init__.<locals>.ThisClassReturn'>, None, <pybindgen.typehandlers.ctypeparser.TypeTraits object at 0xffffbcacf610>))
DEBUG:pybindgen.typehandlers:TypeMatcher.lookup('bool')
DEBUG:pybindgen.typehandlers:try to lookup type handler for 'bool' => success ((<class 'pybindgen.typehandlers.booltype.BoolReturn'>, None, <pybindgen.typehandlers.ctypeparser.TypeTraits object at 0xffffbcacfb50>))
DEBUG:pybindgen.typehandlers:TypeMatcher.lookup('ns3::Ipv4Mask')
DEBUG:pybindgen.typehandlers:try to lookup type handler for 'ns3::Ipv4Mask' => success ((<class 'pybindgen.cppclass.CppClass.__init__.<locals>.ThisClassParameter'>, None, <pybindgen.typehandlers.ctypeparser.TypeTraits object at 0xffffbcacfd60>))
DEBUG:pybindgen.typehandlers:TypeMatcher.lookup('bool')
DEBUG:pybindgen.typehandlers:try to lookup type handler for 'bool' => success ((<class 'pybindgen.typehandlers.booltype.BoolReturn'>, None, <pybindgen.typehandlers.ctypeparser.TypeTraits object at 0xffffbca532b0>))
DEBUG:pybindgen.typehandlers:TypeMatcher.lookup('ns3::Ipv4Address')
DEBUG:pybindgen.typehandlers:try to lookup type handler for 'ns3::Ipv4Address' => success ((<class 'pybindgen.cppclass.CppClass.__init__.<locals>.ThisClassParameter'>, None, <pybindgen.typehandlers.ctypeparser.TypeTraits object at 0xffffbca534c0>))
DEBUG:pybindgen.typehandlers:TypeMatcher.lookup('ns3::Ipv4Address')
DEBUG:pybindgen.typehandlers:try to lookup type handler for 'ns3::Ipv4Address' => success ((<class 'pybindgen.cppclass.CppClass.__init__.<locals>.ThisClassParameter'>, None, <pybindgen.typehandlers.ctypeparser.TypeTraits object at 0xffffbca53610>))
DEBUG:pybindgen.typehandlers:TypeMatcher.lookup('void')
DEBUG:pybindgen.typehandlers:try to lookup type handler for 'void' => success ((<class 'pybindgen.typehandlers.voidtype.VoidReturn'>, None, <pybindgen.typehandlers.ctypeparser.TypeTraits object at 0xffffbca53b80>))
DEBUG:pybindgen.typehandlers:TypeMatcher.lookup('std::ostream &')
DEBUG:pybindgen.typehandlers:try to lookup type handler for 'std::ostream &' => failure
'std::ostream &' did not match
/root/workspace/netwokr/ns-allinone-3.33/ns-3.33/src/aodv/bindings/modulegen__gcc_LP64.py:1875: Warning: exception TypeLookupError(['std::ostream &']) in wrapper public: retval? ???::Print (params?) const;
  cls.add_method('Print',
DEBUG:pybindgen.typehandlers:TypeMatcher.lookup('void')
DEBUG:pybindgen.typehandlers:try to lookup type handler for 'void' => success ((<class 'pybindgen.typehandlers.voidtype.VoidReturn'>, None, <pybindgen.typehandlers.ctypeparser.TypeTraits object at 0xffffbca53fd0>))
DEBUG:pybindgen.typehandlers:TypeMatcher.lookup('uint32_t')
DEBUG:pybindgen.typehandlers:try to lookup type handler for 'uint32_t' => success ((<class 'pybindgen.typehandlers.inttype.UnsignedIntParam'>, None, <pybindgen.typehandlers.ctypeparser.TypeTraits object at 0xffffbca591f0>))
DEBUG:pybindgen.typehandlers:TypeMatcher.lookup('ns3::Ipv4RoutingHelper const &')
DEBUG:pybindgen.typehandlers:try to lookup type handler for 'ns3::Ipv4RoutingHelper const &' => success ((<class 'pybindgen.cppclass.CppClass.__init__.<locals>.ThisClassRefParameter'>, None, <pybindgen.typehandlers.ctypeparser.TypeTraits object at 0xffffbca59a90>))
DEBUG:pybindgen.typehandlers:TypeMatcher.lookup('ns3::Ipv4RoutingHelper *')
DEBUG:pybindgen.typehandlers:try to lookup type handler for 'ns3::Ipv4RoutingHelper *' => success ((<class 'pybindgen.cppclass.CppClass.__init__.<locals>.ThisClassPtrReturn'>, None, <pybindgen.typehandlers.ctypeparser.TypeTraits object at 0xffffbca5d0a0>))
DEBUG:pybindgen.typehandlers:TypeMatcher.lookup('ns3::Ptr< ns3::Ipv4RoutingProtocol >')
DEBUG:pybindgen.typehandlers:try to lookup type handler for 'ns3::Ptr< ns3::Ipv4RoutingProtocol >' => failure
DEBUG:pybindgen.typehandlers:try to lookup type handler for 'ns3::Ipv4RoutingProtocol *' => success ((<class 'pybindgen.cppclass.MemoryPolicy.register_ptr_parameter_and_return.<locals>.ThisClassPtrReturn'>, <ns3modulegen_core_customizations.SmartPointerTransformation object at 0xffffbcfe0d90>, <pybindgen.typehandlers.ctypeparser.TypeTraits object at 0xffffbca5dc10>))
DEBUG:pybindgen.typehandlers:TypeMatcher.lookup('ns3::Ptr< ns3::Node >')
DEBUG:pybindgen.typehandlers:try to lookup type handler for 'ns3::Ptr< ns3::Node >' => failure
DEBUG:pybindgen.typehandlers:try to lookup type handler for 'ns3::Node *' => success ((<class 'pybindgen.cppclass.MemoryPolicy.register_ptr_parameter_and_return.<locals>.ThisClassPtrParameter'>, <ns3modulegen_core_customizations.SmartPointerTransformation object at 0xffffbcfe0d90>, <pybindgen.typehandlers.ctypeparser.TypeTraits object at 0xffffbca5df10>))
DEBUG:pybindgen.typehandlers:TypeMatcher.lookup('void')
DEBUG:pybindgen.typehandlers:try to lookup type handler for 'void' => success ((<class 'pybindgen.typehandlers.voidtype.VoidReturn'>, None, <pybindgen.typehandlers.ctypeparser.TypeTraits object at 0xffffbca635e0>))
DEBUG:pybindgen.typehandlers:TypeMatcher.lookup('ns3::Time')
DEBUG:pybindgen.typehandlers:try to lookup type handler for 'ns3::Time' => success ((<class 'pybindgen.cppclass.CppClass.__init__.<locals>.ThisClassParameter'>, None, <pybindgen.typehandlers.ctypeparser.TypeTraits object at 0xffffbca637f0>))
DEBUG:pybindgen.typehandlers:TypeMatcher.lookup('ns3::Ptr< ns3::OutputStreamWrapper >')
DEBUG:pybindgen.typehandlers:try to lookup type handler for 'ns3::Ptr< ns3::OutputStreamWrapper >' => failure
DEBUG:pybindgen.typehandlers:try to lookup type handler for 'ns3::OutputStreamWrapper *' => success ((<class 'pybindgen.cppclass.MemoryPolicy.register_ptr_parameter_and_return.<locals>.ThisClassPtrParameter'>, <ns3modulegen_core_customizations.SmartPointerTransformation object at 0xffffbcfe0d90>, <pybindgen.typehandlers.ctypeparser.TypeTraits object at 0xffffbca63c40>))
DEBUG:pybindgen.typehandlers:TypeMatcher.lookup('ns3::Time::Unit')
DEBUG:pybindgen.typehandlers:try to lookup type handler for 'ns3::Time::Unit' => success ((<class 'pybindgen.enum.Enum.set_module.<locals>.ThisEnumParameter'>, None, <pybindgen.typehandlers.ctypeparser.TypeTraits object at 0xffffbca63c40>))
DEBUG:pybindgen.typehandlers:TypeMatcher.lookup('void')
DEBUG:pybindgen.typehandlers:try to lookup type handler for 'void' => success ((<class 'pybindgen.typehandlers.voidtype.VoidReturn'>, None, <pybindgen.typehandlers.ctypeparser.TypeTraits object at 0xffffbca671c0>))
DEBUG:pybindgen.typehandlers:TypeMatcher.lookup('ns3::Time')
DEBUG:pybindgen.typehandlers:try to lookup type handler for 'ns3::Time' => success ((<class 'pybindgen.cppclass.CppClass.__init__.<locals>.ThisClassParameter'>, None, <pybindgen.typehandlers.ctypeparser.TypeTraits object at 0xffffbca673d0>))
DEBUG:pybindgen.typehandlers:TypeMatcher.lookup('ns3::Ptr< ns3::OutputStreamWrapper >')
DEBUG:pybindgen.typehandlers:try to lookup type handler for 'ns3::Ptr< ns3::OutputStreamWrapper >' => failure
DEBUG:pybindgen.typehandlers:try to lookup type handler for 'ns3::OutputStreamWrapper *' => success ((<class 'pybindgen.cppclass.MemoryPolicy.register_ptr_parameter_and_return.<locals>.ThisClassPtrParameter'>, <ns3modulegen_core_customizations.SmartPointerTransformation object at 0xffffbcfe0d90>, <pybindgen.typehandlers.ctypeparser.TypeTraits object at 0xffffbca53bb0>))
DEBUG:pybindgen.typehandlers:TypeMatcher.lookup('ns3::Time::Unit')
DEBUG:pybindgen.typehandlers:try to lookup type handler for 'ns3::Time::Unit' => success ((<class 'pybindgen.enum.Enum.set_module.<locals>.ThisEnumParameter'>, None, <pybindgen.typehandlers.ctypeparser.TypeTraits object at 0xffffbca53bb0>))
DEBUG:pybindgen.typehandlers:TypeMatcher.lookup('void')
DEBUG:pybindgen.typehandlers:try to lookup type handler for 'void' => success ((<class 'pybindgen.typehandlers.voidtype.VoidReturn'>, None, <pybindgen.typehandlers.ctypeparser.TypeTraits object at 0xffffbca67910>))
DEBUG:pybindgen.typehandlers:TypeMatcher.lookup('ns3::Time')
DEBUG:pybindgen.typehandlers:try to lookup type handler for 'ns3::Time' => success ((<class 'pybindgen.cppclass.CppClass.__init__.<locals>.ThisClassParameter'>, None, <pybindgen.typehandlers.ctypeparser.TypeTraits object at 0xffffbca67b20>))
DEBUG:pybindgen.typehandlers:TypeMatcher.lookup('ns3::Ptr< ns3::Node >')
DEBUG:pybindgen.typehandlers:try to lookup type handler for 'ns3::Ptr< ns3::Node >' => failure
DEBUG:pybindgen.typehandlers:try to lookup type handler for 'ns3::Node *' => success ((<class 'pybindgen.cppclass.MemoryPolicy.register_ptr_parameter_and_return.<locals>.ThisClassPtrParameter'>, <ns3modulegen_core_customizations.SmartPointerTransformation object at 0xffffbcfe0d90>, <pybindgen.typehandlers.ctypeparser.TypeTraits object at 0xffffbca67f70>))
DEBUG:pybindgen.typehandlers:TypeMatcher.lookup('ns3::Ptr< ns3::OutputStreamWrapper >')
DEBUG:pybindgen.typehandlers:try to lookup type handler for 'ns3::Ptr< ns3::OutputStreamWrapper >' => failure
DEBUG:pybindgen.typehandlers:try to lookup type handler for 'ns3::OutputStreamWrapper *' => success ((<class 'pybindgen.cppclass.MemoryPolicy.register_ptr_parameter_and_return.<locals>.ThisClassPtrParameter'>, <ns3modulegen_core_customizations.SmartPointerTransformation object at 0xffffbcfe0d90>, <pybindgen.typehandlers.ctypeparser.TypeTraits object at 0xffffbca6b280>))
DEBUG:pybindgen.typehandlers:TypeMatcher.lookup('ns3::Time::Unit')
DEBUG:pybindgen.typehandlers:try to lookup type handler for 'ns3::Time::Unit' => success ((<class 'pybindgen.enum.Enum.set_module.<locals>.ThisEnumParameter'>, None, <pybindgen.typehandlers.ctypeparser.TypeTraits object at 0xffffbca67fd0>))
DEBUG:pybindgen.typehandlers:TypeMatcher.lookup('void')
DEBUG:pybindgen.typehandlers:try to lookup type handler for 'void' => success ((<class 'pybindgen.typehandlers.voidtype.VoidReturn'>, None, <pybindgen.typehandlers.ctypeparser.TypeTraits object at 0xffffbca6b7c0>))
DEBUG:pybindgen.typehandlers:TypeMatcher.lookup('ns3::Time')
DEBUG:pybindgen.typehandlers:try to lookup type handler for 'ns3::Time' => success ((<class 'pybindgen.cppclass.CppClass.__init__.<locals>.ThisClassParameter'>, None, <pybindgen.typehandlers.ctypeparser.TypeTraits object at 0xffffbca6b9d0>))
DEBUG:pybindgen.typehandlers:TypeMatcher.lookup('ns3::Ptr< ns3::Node >')
DEBUG:pybindgen.typehandlers:try to lookup type handler for 'ns3::Ptr< ns3::Node >' => failure
DEBUG:pybindgen.typehandlers:try to lookup type handler for 'ns3::Node *' => success ((<class 'pybindgen.cppclass.MemoryPolicy.register_ptr_parameter_and_return.<locals>.ThisClassPtrParameter'>, <ns3modulegen_core_customizations.SmartPointerTransformation object at 0xffffbcfe0d90>, <pybindgen.typehandlers.ctypeparser.TypeTraits object at 0xffffbca6be20>))
DEBUG:pybindgen.typehandlers:TypeMatcher.lookup('ns3::Ptr< ns3::OutputStreamWrapper >')
DEBUG:pybindgen.typehandlers:try to lookup type handler for 'ns3::Ptr< ns3::OutputStreamWrapper >' => failure
DEBUG:pybindgen.typehandlers:try to lookup type handler for 'ns3::OutputStreamWrapper *' => success ((<class 'pybindgen.cppclass.MemoryPolicy.register_ptr_parameter_and_return.<locals>.ThisClassPtrParameter'>, <ns3modulegen_core_customizations.SmartPointerTransformation object at 0xffffbcfe0d90>, <pybindgen.typehandlers.ctypeparser.TypeTraits object at 0xffffbca6d130>))
DEBUG:pybindgen.typehandlers:TypeMatcher.lookup('ns3::Time::Unit')
DEBUG:pybindgen.typehandlers:try to lookup type handler for 'ns3::Time::Unit' => success ((<class 'pybindgen.enum.Enum.set_module.<locals>.ThisEnumParameter'>, None, <pybindgen.typehandlers.ctypeparser.TypeTraits object at 0xffffbca6be80>))
DEBUG:pybindgen.typehandlers:TypeMatcher.lookup('void')
DEBUG:pybindgen.typehandlers:try to lookup type handler for 'void' => success ((<class 'pybindgen.typehandlers.voidtype.VoidReturn'>, None, <pybindgen.typehandlers.ctypeparser.TypeTraits object at 0xffffbca6d670>))
DEBUG:pybindgen.typehandlers:TypeMatcher.lookup('ns3::Time')
DEBUG:pybindgen.typehandlers:try to lookup type handler for 'ns3::Time' => success ((<class 'pybindgen.cppclass.CppClass.__init__.<locals>.ThisClassParameter'>, None, <pybindgen.typehandlers.ctypeparser.TypeTraits object at 0xffffbca6d880>))
DEBUG:pybindgen.typehandlers:TypeMatcher.lookup('ns3::Ptr< ns3::OutputStreamWrapper >')
DEBUG:pybindgen.typehandlers:try to lookup type handler for 'ns3::Ptr< ns3::OutputStreamWrapper >' => failure
DEBUG:pybindgen.typehandlers:try to lookup type handler for 'ns3::OutputStreamWrapper *' => success ((<class 'pybindgen.cppclass.MemoryPolicy.register_ptr_parameter_and_return.<locals>.ThisClassPtrParameter'>, <ns3modulegen_core_customizations.SmartPointerTransformation object at 0xffffbcfe0d90>, <pybindgen.typehandlers.ctypeparser.TypeTraits object at 0xffffbca6dcd0>))
DEBUG:pybindgen.typehandlers:TypeMatcher.lookup('ns3::Time::Unit')
DEBUG:pybindgen.typehandlers:try to lookup type handler for 'ns3::Time::Unit' => success ((<class 'pybindgen.enum.Enum.set_module.<locals>.ThisEnumParameter'>, None, <pybindgen.typehandlers.ctypeparser.TypeTraits object at 0xffffbca6dcd0>))
DEBUG:pybindgen.typehandlers:TypeMatcher.lookup('void')
DEBUG:pybindgen.typehandlers:try to lookup type handler for 'void' => success ((<class 'pybindgen.typehandlers.voidtype.VoidReturn'>, None, <pybindgen.typehandlers.ctypeparser.TypeTraits object at 0xffffbca72250>))
DEBUG:pybindgen.typehandlers:TypeMatcher.lookup('ns3::Time')
DEBUG:pybindgen.typehandlers:try to lookup type handler for 'ns3::Time' => success ((<class 'pybindgen.cppclass.CppClass.__init__.<locals>.ThisClassParameter'>, None, <pybindgen.typehandlers.ctypeparser.TypeTraits object at 0xffffbca72460>))
DEBUG:pybindgen.typehandlers:TypeMatcher.lookup('ns3::Ptr< ns3::OutputStreamWrapper >')
DEBUG:pybindgen.typehandlers:try to lookup type handler for 'ns3::Ptr< ns3::OutputStreamWrapper >' => failure
DEBUG:pybindgen.typehandlers:try to lookup type handler for 'ns3::OutputStreamWrapper *' => success ((<class 'pybindgen.cppclass.MemoryPolicy.register_ptr_parameter_and_return.<locals>.ThisClassPtrParameter'>, <ns3modulegen_core_customizations.SmartPointerTransformation object at 0xffffbcfe0d90>, <pybindgen.typehandlers.ctypeparser.TypeTraits object at 0xffffbca728b0>))
DEBUG:pybindgen.typehandlers:TypeMatcher.lookup('ns3::Time::Unit')
DEBUG:pybindgen.typehandlers:try to lookup type handler for 'ns3::Time::Unit' => success ((<class 'pybindgen.enum.Enum.set_module.<locals>.ThisEnumParameter'>, None, <pybindgen.typehandlers.ctypeparser.TypeTraits object at 0xffffbca728b0>))
DEBUG:pybindgen.typehandlers:TypeMatcher.lookup('void')
DEBUG:pybindgen.typehandlers:try to lookup type handler for 'void' => success ((<class 'pybindgen.typehandlers.voidtype.VoidReturn'>, None, <pybindgen.typehandlers.ctypeparser.TypeTraits object at 0xffffbca72df0>))
DEBUG:pybindgen.typehandlers:TypeMatcher.lookup('ns3::Time')
DEBUG:pybindgen.typehandlers:try to lookup type handler for 'ns3::Time' => success ((<class 'pybindgen.cppclass.CppClass.__init__.<locals>.ThisClassParameter'>, None, <pybindgen.typehandlers.ctypeparser.TypeTraits object at 0xffffbca74040>))
DEBUG:pybindgen.typehandlers:TypeMatcher.lookup('ns3::Ptr< ns3::Node >')
DEBUG:pybindgen.typehandlers:try to lookup type handler for 'ns3::Ptr< ns3::Node >' => failure
DEBUG:pybindgen.typehandlers:try to lookup type handler for 'ns3::Node *' => success ((<class 'pybindgen.cppclass.MemoryPolicy.register_ptr_parameter_and_return.<locals>.ThisClassPtrParameter'>, <ns3modulegen_core_customizations.SmartPointerTransformation object at 0xffffbcfe0d90>, <pybindgen.typehandlers.ctypeparser.TypeTraits object at 0xffffbca74490>))
DEBUG:pybindgen.typehandlers:TypeMatcher.lookup('ns3::Ptr< ns3::OutputStreamWrapper >')
DEBUG:pybindgen.typehandlers:try to lookup type handler for 'ns3::Ptr< ns3::OutputStreamWrapper >' => failure
DEBUG:pybindgen.typehandlers:try to lookup type handler for 'ns3::OutputStreamWrapper *' => success ((<class 'pybindgen.cppclass.MemoryPolicy.register_ptr_parameter_and_return.<locals>.ThisClassPtrParameter'>, <ns3modulegen_core_customizations.SmartPointerTransformation object at 0xffffbcfe0d90>, <pybindgen.typehandlers.ctypeparser.TypeTraits object at 0xffffbca74760>))
DEBUG:pybindgen.typehandlers:TypeMatcher.lookup('ns3::Time::Unit')
DEBUG:pybindgen.typehandlers:try to lookup type handler for 'ns3::Time::Unit' => success ((<class 'pybindgen.enum.Enum.set_module.<locals>.ThisEnumParameter'>, None, <pybindgen.typehandlers.ctypeparser.TypeTraits object at 0xffffbca74760>))
DEBUG:pybindgen.typehandlers:TypeMatcher.lookup('void')
DEBUG:pybindgen.typehandlers:try to lookup type handler for 'void' => success ((<class 'pybindgen.typehandlers.voidtype.VoidReturn'>, None, <pybindgen.typehandlers.ctypeparser.TypeTraits object at 0xffffbca74ca0>))
DEBUG:pybindgen.typehandlers:TypeMatcher.lookup('ns3::Time')
DEBUG:pybindgen.typehandlers:try to lookup type handler for 'ns3::Time' => success ((<class 'pybindgen.cppclass.CppClass.__init__.<locals>.ThisClassParameter'>, None, <pybindgen.typehandlers.ctypeparser.TypeTraits object at 0xffffbca74eb0>))
DEBUG:pybindgen.typehandlers:TypeMatcher.lookup('ns3::Ptr< ns3::Node >')
DEBUG:pybindgen.typehandlers:try to lookup type handler for 'ns3::Ptr< ns3::Node >' => failure
DEBUG:pybindgen.typehandlers:try to lookup type handler for 'ns3::Node *' => success ((<class 'pybindgen.cppclass.MemoryPolicy.register_ptr_parameter_and_return.<locals>.ThisClassPtrParameter'>, <ns3modulegen_core_customizations.SmartPointerTransformation object at 0xffffbcfe0d90>, <pybindgen.typehandlers.ctypeparser.TypeTraits object at 0xffffbca7a340>))
DEBUG:pybindgen.typehandlers:TypeMatcher.lookup('ns3::Ptr< ns3::OutputStreamWrapper >')
DEBUG:pybindgen.typehandlers:try to lookup type handler for 'ns3::Ptr< ns3::OutputStreamWrapper >' => failure
DEBUG:pybindgen.typehandlers:try to lookup type handler for 'ns3::OutputStreamWrapper *' => success ((<class 'pybindgen.cppclass.MemoryPolicy.register_ptr_parameter_and_return.<locals>.ThisClassPtrParameter'>, <ns3modulegen_core_customizations.SmartPointerTransformation object at 0xffffbcfe0d90>, <pybindgen.typehandlers.ctypeparser.TypeTraits object at 0xffffbca7a610>))
DEBUG:pybindgen.typehandlers:TypeMatcher.lookup('ns3::Time::Unit')
DEBUG:pybindgen.typehandlers:try to lookup type handler for 'ns3::Time::Unit' => success ((<class 'pybindgen.enum.Enum.set_module.<locals>.ThisEnumParameter'>, None, <pybindgen.typehandlers.ctypeparser.TypeTraits object at 0xffffbca7a610>))
DEBUG:pybindgen.typehandlers:TypeMatcher.lookup('char const *')
DEBUG:pybindgen.typehandlers:try to lookup type handler for 'char const *' => success ((<class 'pybindgen.typehandlers.stringtype.CStringParam'>, None, <pybindgen.typehandlers.ctypeparser.TypeTraits object at 0xffffbca7aeb0>))
DEBUG:pybindgen.typehandlers:TypeMatcher.lookup('uint8_t *')
DEBUG:pybindgen.typehandlers:try to lookup type handler for 'uint8_t *' => success ((<class 'pybindgen.typehandlers.inttype.UInt8PtrParam'>, None, <pybindgen.typehandlers.ctypeparser.TypeTraits object at 0xffffbca7d4f0>))
/root/workspace/netwokr/ns-allinone-3.33/ns-3.33/src/aodv/bindings/modulegen__gcc_LP64.py:1952: Warning: exception TypeConfigurationError('direction not given') in wrapper <pybindgen.cppmethod.CppConstructor object at 0xffffbca7ae50>
  cls.add_constructor([param('uint8_t *', 'address')])
DEBUG:pybindgen.typehandlers:TypeMatcher.lookup('ns3::Ipv6Address const &')
DEBUG:pybindgen.typehandlers:try to lookup type handler for 'ns3::Ipv6Address const &' => success ((<class 'pybindgen.cppclass.CppClass.__init__.<locals>.ThisClassRefParameter'>, None, <pybindgen.typehandlers.ctypeparser.TypeTraits object at 0xffffbca7d790>))
DEBUG:pybindgen.typehandlers:TypeMatcher.lookup('ns3::Ipv6Address const *')
DEBUG:pybindgen.typehandlers:try to lookup type handler for 'ns3::Ipv6Address const *' => success ((<class 'pybindgen.cppclass.CppClass.__init__.<locals>.ThisClassPtrParameter'>, None, <pybindgen.typehandlers.ctypeparser.TypeTraits object at 0xffffbca7dd90>))
DEBUG:pybindgen.typehandlers:TypeMatcher.lookup('ns3::Ipv6Address')
DEBUG:pybindgen.typehandlers:try to lookup type handler for 'ns3::Ipv6Address' => success ((<class 'pybindgen.cppclass.CppClass.__init__.<locals>.ThisClassReturn'>, None, <pybindgen.typehandlers.ctypeparser.TypeTraits object at 0xffffbca823d0>))
DEBUG:pybindgen.typehandlers:TypeMatcher.lookup('ns3::Ipv6Prefix const &')
DEBUG:pybindgen.typehandlers:try to lookup type handler for 'ns3::Ipv6Prefix const &' => success ((<class 'pybindgen.cppclass.CppClass.__init__.<locals>.ThisClassRefParameter'>, None, <pybindgen.typehandlers.ctypeparser.TypeTraits object at 0xffffbca825b0>))
DEBUG:pybindgen.typehandlers:TypeMatcher.lookup('ns3::Ipv6Address')
DEBUG:pybindgen.typehandlers:try to lookup type handler for 'ns3::Ipv6Address' => success ((<class 'pybindgen.cppclass.CppClass.__init__.<locals>.ThisClassReturn'>, None, <pybindgen.typehandlers.ctypeparser.TypeTraits object at 0xffffbca82bb0>))
DEBUG:pybindgen.typehandlers:TypeMatcher.lookup('ns3::Address const &')
DEBUG:pybindgen.typehandlers:try to lookup type handler for 'ns3::Address const &' => success ((<class 'pybindgen.cppclass.CppClass.__init__.<locals>.ThisClassRefParameter'>, None, <pybindgen.typehandlers.ctypeparser.TypeTraits object at 0xffffbca82d90>))
DEBUG:pybindgen.typehandlers:TypeMatcher.lookup('ns3::Ipv6Address')
DEBUG:pybindgen.typehandlers:try to lookup type handler for 'ns3::Ipv6Address' => success ((<class 'pybindgen.cppclass.CppClass.__init__.<locals>.ThisClassReturn'>, None, <pybindgen.typehandlers.ctypeparser.TypeTraits object at 0xffffbca873d0>))
DEBUG:pybindgen.typehandlers:TypeMatcher.lookup('uint8_t const *')
DEBUG:pybindgen.typehandlers:try to lookup type handler for 'uint8_t const *' => success ((<class 'pybindgen.typehandlers.inttype.UInt8PtrParam'>, None, <pybindgen.typehandlers.ctypeparser.TypeTraits object at 0xffffbca875b0>))
/root/workspace/netwokr/ns-allinone-3.33/ns-3.33/src/aodv/bindings/modulegen__gcc_LP64.py:1968: Warning: exception TypeConfigurationError('direction not given') in wrapper public: retval? ???::Deserialize (params?);
  cls.add_method('Deserialize',
DEBUG:pybindgen.typehandlers:TypeMatcher.lookup('ns3::Ipv6Address')
DEBUG:pybindgen.typehandlers:try to lookup type handler for 'ns3::Ipv6Address' => success ((<class 'pybindgen.cppclass.CppClass.__init__.<locals>.ThisClassReturn'>, None, <pybindgen.typehandlers.ctypeparser.TypeTraits object at 0xffffbca87850>))
DEBUG:pybindgen.typehandlers:TypeMatcher.lookup('ns3::Ipv6Address')
DEBUG:pybindgen.typehandlers:try to lookup type handler for 'ns3::Ipv6Address' => success ((<class 'pybindgen.cppclass.CppClass.__init__.<locals>.ThisClassReturn'>, None, <pybindgen.typehandlers.ctypeparser.TypeTraits object at 0xffffbca7d670>))
DEBUG:pybindgen.typehandlers:TypeMatcher.lookup('ns3::Ipv6Address')
DEBUG:pybindgen.typehandlers:try to lookup type handler for 'ns3::Ipv6Address' => success ((<class 'pybindgen.cppclass.CppClass.__init__.<locals>.ThisClassReturn'>, None, <pybindgen.typehandlers.ctypeparser.TypeTraits object at 0xffffbca87490>))
DEBUG:pybindgen.typehandlers:TypeMatcher.lookup('ns3::Ipv6Address')
DEBUG:pybindgen.typehandlers:try to lookup type handler for 'ns3::Ipv6Address' => success ((<class 'pybindgen.cppclass.CppClass.__init__.<locals>.ThisClassReturn'>, None, <pybindgen.typehandlers.ctypeparser.TypeTraits object at 0xffffbca8a130>))
DEBUG:pybindgen.typehandlers:TypeMatcher.lookup('void')
DEBUG:pybindgen.typehandlers:try to lookup type handler for 'void' => success ((<class 'pybindgen.typehandlers.voidtype.VoidReturn'>, None, <pybindgen.typehandlers.ctypeparser.TypeTraits object at 0xffffbca8a670>))
DEBUG:pybindgen.typehandlers:TypeMatcher.lookup('uint8_t *')
DEBUG:pybindgen.typehandlers:try to lookup type handler for 'uint8_t *' => success ((<class 'pybindgen.typehandlers.inttype.UInt8PtrParam'>, None, <pybindgen.typehandlers.ctypeparser.TypeTraits object at 0xffffbca8a880>))
/root/workspace/netwokr/ns-allinone-3.33/ns-3.33/src/aodv/bindings/modulegen__gcc_LP64.py:1993: Warning: exception TypeConfigurationError('direction not given') in wrapper public: retval? ???::GetBytes (params?) const;
  cls.add_method('GetBytes',
DEBUG:pybindgen.typehandlers:TypeMatcher.lookup('ns3::Ipv4Address')
DEBUG:pybindgen.typehandlers:try to lookup type handler for 'ns3::Ipv4Address' => success ((<class 'pybindgen.cppclass.CppClass.__init__.<locals>.ThisClassReturn'>, None, <pybindgen.typehandlers.ctypeparser.TypeTraits object at 0xffffbca8aac0>))
DEBUG:pybindgen.typehandlers:TypeMatcher.lookup('ns3::Ipv6Address')
DEBUG:pybindgen.typehandlers:try to lookup type handler for 'ns3::Ipv6Address' => success ((<class 'pybindgen.cppclass.CppClass.__init__.<locals>.ThisClassReturn'>, None, <pybindgen.typehandlers.ctypeparser.TypeTraits object at 0xffffbca8f070>))
DEBUG:pybindgen.typehandlers:TypeMatcher.lookup('ns3::Ipv6Address')
DEBUG:pybindgen.typehandlers:try to lookup type handler for 'ns3::Ipv6Address' => success ((<class 'pybindgen.cppclass.CppClass.__init__.<locals>.ThisClassReturn'>, None, <pybindgen.typehandlers.ctypeparser.TypeTraits object at 0xffffbca8f5b0>))
DEBUG:pybindgen.typehandlers:TypeMatcher.lookup('ns3::Ipv6Address')
DEBUG:pybindgen.typehandlers:try to lookup type handler for 'ns3::Ipv6Address' => success ((<class 'pybindgen.cppclass.CppClass.__init__.<locals>.ThisClassReturn'>, None, <pybindgen.typehandlers.ctypeparser.TypeTraits object at 0xffffbca8faf0>))
DEBUG:pybindgen.typehandlers:TypeMatcher.lookup('bool')
DEBUG:pybindgen.typehandlers:try to lookup type handler for 'bool' => success ((<class 'pybindgen.typehandlers.booltype.BoolReturn'>, None, <pybindgen.typehandlers.ctypeparser.TypeTraits object at 0xffffbca14070>))
DEBUG:pybindgen.typehandlers:TypeMatcher.lookup('ns3::Ipv6Prefix const &')
DEBUG:pybindgen.typehandlers:try to lookup type handler for 'ns3::Ipv6Prefix const &' => success ((<class 'pybindgen.cppclass.CppClass.__init__.<locals>.ThisClassRefParameter'>, None, <pybindgen.typehandlers.ctypeparser.TypeTraits object at 0xffffbca14280>))
DEBUG:pybindgen.typehandlers:TypeMatcher.lookup('bool')
DEBUG:pybindgen.typehandlers:try to lookup type handler for 'bool' => success ((<class 'pybindgen.typehandlers.booltype.BoolReturn'>, None, <pybindgen.typehandlers.ctypeparser.TypeTraits object at 0xffffbca14880>))
DEBUG:pybindgen.typehandlers:TypeMatcher.lookup('bool')
DEBUG:pybindgen.typehandlers:try to lookup type handler for 'bool' => success ((<class 'pybindgen.typehandlers.booltype.BoolReturn'>, None, <pybindgen.typehandlers.ctypeparser.TypeTraits object at 0xffffbca14df0>))
DEBUG:pybindgen.typehandlers:TypeMatcher.lookup('bool')
DEBUG:pybindgen.typehandlers:try to lookup type handler for 'bool' => success ((<class 'pybindgen.typehandlers.booltype.BoolReturn'>, None, <pybindgen.typehandlers.ctypeparser.TypeTraits object at 0xffffbca8a910>))
DEBUG:pybindgen.typehandlers:TypeMatcher.lookup('bool')
DEBUG:pybindgen.typehandlers:try to lookup type handler for 'bool' => success ((<class 'pybindgen.typehandlers.booltype.BoolReturn'>, None, <pybindgen.typehandlers.ctypeparser.TypeTraits object at 0xffffbca18490>))
DEBUG:pybindgen.typehandlers:TypeMatcher.lookup('bool')
DEBUG:pybindgen.typehandlers:try to lookup type handler for 'bool' => success ((<class 'pybindgen.typehandlers.booltype.BoolReturn'>, None, <pybindgen.typehandlers.ctypeparser.TypeTraits object at 0xffffbca18a00>))
DEBUG:pybindgen.typehandlers:TypeMatcher.lookup('ns3::Ipv6Address const &')
DEBUG:pybindgen.typehandlers:try to lookup type handler for 'ns3::Ipv6Address const &' => success ((<class 'pybindgen.cppclass.CppClass.__init__.<locals>.ThisClassRefParameter'>, None, <pybindgen.typehandlers.ctypeparser.TypeTraits object at 0xffffbca18c10>))
DEBUG:pybindgen.typehandlers:TypeMatcher.lookup('bool')
DEBUG:pybindgen.typehandlers:try to lookup type handler for 'bool' => success ((<class 'pybindgen.typehandlers.booltype.BoolReturn'>, None, <pybindgen.typehandlers.ctypeparser.TypeTraits object at 0xffffbca1a250>))
DEBUG:pybindgen.typehandlers:TypeMatcher.lookup('bool')
DEBUG:pybindgen.typehandlers:try to lookup type handler for 'bool' => success ((<class 'pybindgen.typehandlers.booltype.BoolReturn'>, None, <pybindgen.typehandlers.ctypeparser.TypeTraits object at 0xffffbca1a7c0>))
DEBUG:pybindgen.typehandlers:TypeMatcher.lookup('bool')
DEBUG:pybindgen.typehandlers:try to lookup type handler for 'bool' => success ((<class 'pybindgen.typehandlers.booltype.BoolReturn'>, None, <pybindgen.typehandlers.ctypeparser.TypeTraits object at 0xffffbca1ad30>))
DEBUG:pybindgen.typehandlers:TypeMatcher.lookup('bool')
DEBUG:pybindgen.typehandlers:try to lookup type handler for 'bool' => success ((<class 'pybindgen.typehandlers.booltype.BoolReturn'>, None, <pybindgen.typehandlers.ctypeparser.TypeTraits object at 0xffffbca1f2e0>))
DEBUG:pybindgen.typehandlers:TypeMatcher.lookup('bool')
DEBUG:pybindgen.typehandlers:try to lookup type handler for 'bool' => success ((<class 'pybindgen.typehandlers.booltype.BoolReturn'>, None, <pybindgen.typehandlers.ctypeparser.TypeTraits object at 0xffffbca1f850>))
DEBUG:pybindgen.typehandlers:TypeMatcher.lookup('bool')
DEBUG:pybindgen.typehandlers:try to lookup type handler for 'bool' => success ((<class 'pybindgen.typehandlers.booltype.BoolReturn'>, None, <pybindgen.typehandlers.ctypeparser.TypeTraits object at 0xffffbca1fdc0>))
DEBUG:pybindgen.typehandlers:TypeMatcher.lookup('ns3::Address const &')
DEBUG:pybindgen.typehandlers:try to lookup type handler for 'ns3::Address const &' => success ((<class 'pybindgen.cppclass.CppClass.__init__.<locals>.ThisClassRefParameter'>, None, <pybindgen.typehandlers.ctypeparser.TypeTraits object at 0xffffbca1ffd0>))
DEBUG:pybindgen.typehandlers:TypeMatcher.lookup('bool')
DEBUG:pybindgen.typehandlers:try to lookup type handler for 'bool' => success ((<class 'pybindgen.typehandlers.booltype.BoolReturn'>, None, <pybindgen.typehandlers.ctypeparser.TypeTraits object at 0xffffbca26610>))
DEBUG:pybindgen.typehandlers:TypeMatcher.lookup('bool')
DEBUG:pybindgen.typehandlers:try to lookup type handler for 'bool' => success ((<class 'pybindgen.typehandlers.booltype.BoolReturn'>, None, <pybindgen.typehandlers.ctypeparser.TypeTraits object at 0xffffbca26b80>))
DEBUG:pybindgen.typehandlers:TypeMatcher.lookup('ns3::Ipv6Address')
DEBUG:pybindgen.typehandlers:try to lookup type handler for 'ns3::Ipv6Address' => success ((<class 'pybindgen.cppclass.CppClass.__init__.<locals>.ThisClassReturn'>, None, <pybindgen.typehandlers.ctypeparser.TypeTraits object at 0xffffbca29130>))
DEBUG:pybindgen.typehandlers:TypeMatcher.lookup('ns3::Address')
DEBUG:pybindgen.typehandlers:try to lookup type handler for 'ns3::Address' => success ((<class 'pybindgen.cppclass.CppClass.__init__.<locals>.ThisClassParameter'>, None, <pybindgen.typehandlers.ctypeparser.TypeTraits object at 0xffffbca29310>))
DEBUG:pybindgen.typehandlers:TypeMatcher.lookup('ns3::Ipv6Address')
DEBUG:pybindgen.typehandlers:try to lookup type handler for 'ns3::Ipv6Address' => success ((<class 'pybindgen.cppclass.CppClass.__init__.<locals>.ThisClassParameter'>, None, <pybindgen.typehandlers.ctypeparser.TypeTraits object at 0xffffbca29460>))
DEBUG:pybindgen.typehandlers:TypeMatcher.lookup('ns3::Ipv6Address')
DEBUG:pybindgen.typehandlers:try to lookup type handler for 'ns3::Ipv6Address' => success ((<class 'pybindgen.cppclass.CppClass.__init__.<locals>.ThisClassReturn'>, None, <pybindgen.typehandlers.ctypeparser.TypeTraits object at 0xffffbca299d0>))
DEBUG:pybindgen.typehandlers:TypeMatcher.lookup('ns3::Mac16Address')
DEBUG:pybindgen.typehandlers:try to lookup type handler for 'ns3::Mac16Address' => failure
'ns3::Mac16Address' did not match
/root/workspace/netwokr/ns-allinone-3.33/ns-3.33/src/aodv/bindings/modulegen__gcc_LP64.py:2093: Warning: exception TypeLookupError(['ns3::Mac16Address']) in wrapper public: retval? ???::MakeAutoconfiguredAddress (params?);
  cls.add_method('MakeAutoconfiguredAddress',
DEBUG:pybindgen.typehandlers:TypeMatcher.lookup('ns3::Ipv6Address')
DEBUG:pybindgen.typehandlers:try to lookup type handler for 'ns3::Ipv6Address' => success ((<class 'pybindgen.cppclass.CppClass.__init__.<locals>.ThisClassReturn'>, None, <pybindgen.typehandlers.ctypeparser.TypeTraits object at 0xffffbca29d90>))
DEBUG:pybindgen.typehandlers:TypeMatcher.lookup('ns3::Mac48Address')
DEBUG:pybindgen.typehandlers:try to lookup type handler for 'ns3::Mac48Address' => success ((<class 'pybindgen.cppclass.CppClass.__init__.<locals>.ThisClassParameter'>, None, <pybindgen.typehandlers.ctypeparser.TypeTraits object at 0xffffbca29f40>))
DEBUG:pybindgen.typehandlers:TypeMatcher.lookup('ns3::Ipv6Address')
DEBUG:pybindgen.typehandlers:try to lookup type handler for 'ns3::Ipv6Address' => success ((<class 'pybindgen.cppclass.CppClass.__init__.<locals>.ThisClassParameter'>, None, <pybindgen.typehandlers.ctypeparser.TypeTraits object at 0xffffbca2e0d0>))
DEBUG:pybindgen.typehandlers:TypeMatcher.lookup('ns3::Ipv6Address')
DEBUG:pybindgen.typehandlers:try to lookup type handler for 'ns3::Ipv6Address' => success ((<class 'pybindgen.cppclass.CppClass.__init__.<locals>.ThisClassReturn'>, None, <pybindgen.typehandlers.ctypeparser.TypeTraits object at 0xffffbca2e5e0>))
DEBUG:pybindgen.typehandlers:TypeMatcher.lookup('ns3::Mac64Address')
DEBUG:pybindgen.typehandlers:try to lookup type handler for 'ns3::Mac64Address' => failure
'ns3::Mac64Address' did not match
/root/workspace/netwokr/ns-allinone-3.33/ns-3.33/src/aodv/bindings/modulegen__gcc_LP64.py:2103: Warning: exception TypeLookupError(['ns3::Mac64Address']) in wrapper public: retval? ???::MakeAutoconfiguredAddress (params?);
  cls.add_method('MakeAutoconfiguredAddress',
DEBUG:pybindgen.typehandlers:TypeMatcher.lookup('ns3::Ipv6Address')
DEBUG:pybindgen.typehandlers:try to lookup type handler for 'ns3::Ipv6Address' => success ((<class 'pybindgen.cppclass.CppClass.__init__.<locals>.ThisClassReturn'>, None, <pybindgen.typehandlers.ctypeparser.TypeTraits object at 0xffffbca2e9d0>))
DEBUG:pybindgen.typehandlers:TypeMatcher.lookup('ns3::Mac8Address')
DEBUG:pybindgen.typehandlers:try to lookup type handler for 'ns3::Mac8Address' => success ((<class 'pybindgen.cppclass.CppClass.__init__.<locals>.ThisClassParameter'>, None, <pybindgen.typehandlers.ctypeparser.TypeTraits object at 0xffffbca2eb80>))
DEBUG:pybindgen.typehandlers:TypeMatcher.lookup('ns3::Ipv6Address')
DEBUG:pybindgen.typehandlers:try to lookup type handler for 'ns3::Ipv6Address' => success ((<class 'pybindgen.cppclass.CppClass.__init__.<locals>.ThisClassParameter'>, None, <pybindgen.typehandlers.ctypeparser.TypeTraits object at 0xffffbca2ecd0>))
DEBUG:pybindgen.typehandlers:TypeMatcher.lookup('ns3::Ipv6Address')
DEBUG:pybindgen.typehandlers:try to lookup type handler for 'ns3::Ipv6Address' => success ((<class 'pybindgen.cppclass.CppClass.__init__.<locals>.ThisClassReturn'>, None, <pybindgen.typehandlers.ctypeparser.TypeTraits object at 0xffffbca32220>))
DEBUG:pybindgen.typehandlers:TypeMatcher.lookup('ns3::Address')
DEBUG:pybindgen.typehandlers:try to lookup type handler for 'ns3::Address' => success ((<class 'pybindgen.cppclass.CppClass.__init__.<locals>.ThisClassParameter'>, None, <pybindgen.typehandlers.ctypeparser.TypeTraits object at 0xffffbca32430>))
DEBUG:pybindgen.typehandlers:TypeMatcher.lookup('ns3::Ipv6Address')
DEBUG:pybindgen.typehandlers:try to lookup type handler for 'ns3::Ipv6Address' => success ((<class 'pybindgen.cppclass.CppClass.__init__.<locals>.ThisClassReturn'>, None, <pybindgen.typehandlers.ctypeparser.TypeTraits object at 0xffffbca32940>))
DEBUG:pybindgen.typehandlers:TypeMatcher.lookup('ns3::Mac16Address')
DEBUG:pybindgen.typehandlers:try to lookup type handler for 'ns3::Mac16Address' => failure
'ns3::Mac16Address' did not match
/root/workspace/netwokr/ns-allinone-3.33/ns-3.33/src/aodv/bindings/modulegen__gcc_LP64.py:2118: Warning: exception TypeLookupError(['ns3::Mac16Address']) in wrapper public: retval? ???::MakeAutoconfiguredLinkLocalAddress (params?);
  cls.add_method('MakeAutoconfiguredLinkLocalAddress',
DEBUG:pybindgen.typehandlers:TypeMatcher.lookup('ns3::Ipv6Address')
DEBUG:pybindgen.typehandlers:try to lookup type handler for 'ns3::Ipv6Address' => success ((<class 'pybindgen.cppclass.CppClass.__init__.<locals>.ThisClassReturn'>, None, <pybindgen.typehandlers.ctypeparser.TypeTraits object at 0xffffbca32d00>))
DEBUG:pybindgen.typehandlers:TypeMatcher.lookup('ns3::Mac48Address')
DEBUG:pybindgen.typehandlers:try to lookup type handler for 'ns3::Mac48Address' => success ((<class 'pybindgen.cppclass.CppClass.__init__.<locals>.ThisClassParameter'>, None, <pybindgen.typehandlers.ctypeparser.TypeTraits object at 0xffffbca32eb0>))
DEBUG:pybindgen.typehandlers:TypeMatcher.lookup('ns3::Ipv6Address')
DEBUG:pybindgen.typehandlers:try to lookup type handler for 'ns3::Ipv6Address' => success ((<class 'pybindgen.cppclass.CppClass.__init__.<locals>.ThisClassReturn'>, None, <pybindgen.typehandlers.ctypeparser.TypeTraits object at 0xffffbca328e0>))
DEBUG:pybindgen.typehandlers:TypeMatcher.lookup('ns3::Mac64Address')
DEBUG:pybindgen.typehandlers:try to lookup type handler for 'ns3::Mac64Address' => failure
'ns3::Mac64Address' did not match
/root/workspace/netwokr/ns-allinone-3.33/ns-3.33/src/aodv/bindings/modulegen__gcc_LP64.py:2128: Warning: exception TypeLookupError(['ns3::Mac64Address']) in wrapper public: retval? ???::MakeAutoconfiguredLinkLocalAddress (params?);
  cls.add_method('MakeAutoconfiguredLinkLocalAddress',
DEBUG:pybindgen.typehandlers:TypeMatcher.lookup('ns3::Ipv6Address')
DEBUG:pybindgen.typehandlers:try to lookup type handler for 'ns3::Ipv6Address' => success ((<class 'pybindgen.cppclass.CppClass.__init__.<locals>.ThisClassReturn'>, None, <pybindgen.typehandlers.ctypeparser.TypeTraits object at 0xffffbca32a00>))
DEBUG:pybindgen.typehandlers:TypeMatcher.lookup('ns3::Mac8Address')
DEBUG:pybindgen.typehandlers:try to lookup type handler for 'ns3::Mac8Address' => success ((<class 'pybindgen.cppclass.CppClass.__init__.<locals>.ThisClassParameter'>, None, <pybindgen.typehandlers.ctypeparser.TypeTraits object at 0xffffbca2e760>))
DEBUG:pybindgen.typehandlers:TypeMatcher.lookup('ns3::Ipv6Address')
DEBUG:pybindgen.typehandlers:try to lookup type handler for 'ns3::Ipv6Address' => success ((<class 'pybindgen.cppclass.CppClass.__init__.<locals>.ThisClassReturn'>, None, <pybindgen.typehandlers.ctypeparser.TypeTraits object at 0xffffbca29ac0>))
DEBUG:pybindgen.typehandlers:TypeMatcher.lookup('ns3::Ipv4Address')
DEBUG:pybindgen.typehandlers:try to lookup type handler for 'ns3::Ipv4Address' => success ((<class 'pybindgen.cppclass.CppClass.__init__.<locals>.ThisClassParameter'>, None, <pybindgen.typehandlers.ctypeparser.TypeTraits object at 0xffffbca39550>))
DEBUG:pybindgen.typehandlers:TypeMatcher.lookup('ns3::Ipv6Address')
DEBUG:pybindgen.typehandlers:try to lookup type handler for 'ns3::Ipv6Address' => success ((<class 'pybindgen.cppclass.CppClass.__init__.<locals>.ThisClassReturn'>, None, <pybindgen.typehandlers.ctypeparser.TypeTraits object at 0xffffbca39a60>))
DEBUG:pybindgen.typehandlers:TypeMatcher.lookup('ns3::Ipv6Address')
DEBUG:pybindgen.typehandlers:try to lookup type handler for 'ns3::Ipv6Address' => success ((<class 'pybindgen.cppclass.CppClass.__init__.<locals>.ThisClassParameter'>, None, <pybindgen.typehandlers.ctypeparser.TypeTraits object at 0xffffbca39c40>))
DEBUG:pybindgen.typehandlers:TypeMatcher.lookup('void')
DEBUG:pybindgen.typehandlers:try to lookup type handler for 'void' => success ((<class 'pybindgen.typehandlers.voidtype.VoidReturn'>, None, <pybindgen.typehandlers.ctypeparser.TypeTraits object at 0xffffbca3a190>))
DEBUG:pybindgen.typehandlers:TypeMatcher.lookup('std::ostream &')
DEBUG:pybindgen.typehandlers:try to lookup type handler for 'std::ostream &' => failure
'std::ostream &' did not match
/root/workspace/netwokr/ns-allinone-3.33/ns-3.33/src/aodv/bindings/modulegen__gcc_LP64.py:2148: Warning: exception TypeLookupError(['std::ostream &']) in wrapper public: retval? ???::Print (params?) const;
  cls.add_method('Print',
DEBUG:pybindgen.typehandlers:TypeMatcher.lookup('void')
DEBUG:pybindgen.typehandlers:try to lookup type handler for 'void' => success ((<class 'pybindgen.typehandlers.voidtype.VoidReturn'>, None, <pybindgen.typehandlers.ctypeparser.TypeTraits object at 0xffffbca3a610>))
DEBUG:pybindgen.typehandlers:TypeMatcher.lookup('uint8_t *')
DEBUG:pybindgen.typehandlers:try to lookup type handler for 'uint8_t *' => success ((<class 'pybindgen.typehandlers.inttype.UInt8PtrParam'>, None, <pybindgen.typehandlers.ctypeparser.TypeTraits object at 0xffffbca3a7f0>))
/root/workspace/netwokr/ns-allinone-3.33/ns-3.33/src/aodv/bindings/modulegen__gcc_LP64.py:2153: Warning: exception TypeConfigurationError('direction not given') in wrapper public: retval? ???::Serialize (params?) const;
  cls.add_method('Serialize',
DEBUG:pybindgen.typehandlers:TypeMatcher.lookup('void')
DEBUG:pybindgen.typehandlers:try to lookup type handler for 'void' => success ((<class 'pybindgen.typehandlers.voidtype.VoidReturn'>, None, <pybindgen.typehandlers.ctypeparser.TypeTraits object at 0xffffbca3aa60>))
DEBUG:pybindgen.typehandlers:TypeMatcher.lookup('char const *')
DEBUG:pybindgen.typehandlers:try to lookup type handler for 'char const *' => success ((<class 'pybindgen.typehandlers.stringtype.CStringParam'>, None, <pybindgen.typehandlers.ctypeparser.TypeTraits object at 0xffffbca3ac40>))
DEBUG:pybindgen.typehandlers:TypeMatcher.lookup('void')
DEBUG:pybindgen.typehandlers:try to lookup type handler for 'void' => success ((<class 'pybindgen.typehandlers.voidtype.VoidReturn'>, None, <pybindgen.typehandlers.ctypeparser.TypeTraits object at 0xffffbca42280>))
DEBUG:pybindgen.typehandlers:TypeMatcher.lookup('uint8_t *')
DEBUG:pybindgen.typehandlers:try to lookup type handler for 'uint8_t *' => success ((<class 'pybindgen.typehandlers.inttype.UInt8PtrParam'>, None, <pybindgen.typehandlers.ctypeparser.TypeTraits object at 0xffffbca42490>))
/root/workspace/netwokr/ns-allinone-3.33/ns-3.33/src/aodv/bindings/modulegen__gcc_LP64.py:2162: Warning: exception TypeConfigurationError('direction not given') in wrapper public: retval? ???::Set (params?);
  cls.add_method('Set',
DEBUG:pybindgen.typehandlers:TypeMatcher.lookup('uint8_t *')
DEBUG:pybindgen.typehandlers:try to lookup type handler for 'uint8_t *' => success ((<class 'pybindgen.typehandlers.inttype.UInt8PtrParam'>, None, <pybindgen.typehandlers.ctypeparser.TypeTraits object at 0xffffbca42a90>))
/root/workspace/netwokr/ns-allinone-3.33/ns-3.33/src/aodv/bindings/modulegen__gcc_LP64.py:2174: Warning: exception TypeConfigurationError('direction not given') in wrapper <pybindgen.cppmethod.CppConstructor object at 0xffffbca42700>
  cls.add_constructor([param('uint8_t *', 'prefix')])
DEBUG:pybindgen.typehandlers:TypeMatcher.lookup('char const *')
DEBUG:pybindgen.typehandlers:try to lookup type handler for 'char const *' => success ((<class 'pybindgen.typehandlers.stringtype.CStringParam'>, None, <pybindgen.typehandlers.ctypeparser.TypeTraits object at 0xffffbca42d30>))
DEBUG:pybindgen.typehandlers:TypeMatcher.lookup('uint8_t *')
DEBUG:pybindgen.typehandlers:try to lookup type handler for 'uint8_t *' => success ((<class 'pybindgen.typehandlers.inttype.UInt8PtrParam'>, None, <pybindgen.typehandlers.ctypeparser.TypeTraits object at 0xffffbca45370>))
/root/workspace/netwokr/ns-allinone-3.33/ns-3.33/src/aodv/bindings/modulegen__gcc_LP64.py:2178: Warning: exception TypeConfigurationError('direction not given') in wrapper <pybindgen.cppmethod.CppConstructor object at 0xffffbca42d00>
  cls.add_constructor([param('uint8_t *', 'prefix'), param('uint8_t', 'prefixLength')])
DEBUG:pybindgen.typehandlers:TypeMatcher.lookup('char const *')
DEBUG:pybindgen.typehandlers:try to lookup type handler for 'char const *' => success ((<class 'pybindgen.typehandlers.stringtype.CStringParam'>, None, <pybindgen.typehandlers.ctypeparser.TypeTraits object at 0xffffbca45610>))
DEBUG:pybindgen.typehandlers:TypeMatcher.lookup('uint8_t')
DEBUG:pybindgen.typehandlers:try to lookup type handler for 'uint8_t' => success ((<class 'pybindgen.typehandlers.inttype.UInt8Param'>, None, <pybindgen.typehandlers.ctypeparser.TypeTraits object at 0xffffbca42c10>))
DEBUG:pybindgen.typehandlers:TypeMatcher.lookup('uint8_t')
DEBUG:pybindgen.typehandlers:try to lookup type handler for 'uint8_t' => success ((<class 'pybindgen.typehandlers.inttype.UInt8Param'>, None, <pybindgen.typehandlers.ctypeparser.TypeTraits object at 0xffffbca3a160>))
DEBUG:pybindgen.typehandlers:TypeMatcher.lookup('ns3::Ipv6Prefix const &')
DEBUG:pybindgen.typehandlers:try to lookup type handler for 'ns3::Ipv6Prefix const &' => success ((<class 'pybindgen.cppclass.CppClass.__init__.<locals>.ThisClassRefParameter'>, None, <pybindgen.typehandlers.ctypeparser.TypeTraits object at 0xffffbca3a400>))
DEBUG:pybindgen.typehandlers:TypeMatcher.lookup('ns3::Ipv6Prefix const *')
DEBUG:pybindgen.typehandlers:try to lookup type handler for 'ns3::Ipv6Prefix const *' => success ((<class 'pybindgen.cppclass.CppClass.__init__.<locals>.ThisClassPtrParameter'>, None, <pybindgen.typehandlers.ctypeparser.TypeTraits object at 0xffffbca32af0>))
DEBUG:pybindgen.typehandlers:TypeMatcher.lookup('void')
DEBUG:pybindgen.typehandlers:try to lookup type handler for 'void' => success ((<class 'pybindgen.typehandlers.voidtype.VoidReturn'>, None, <pybindgen.typehandlers.ctypeparser.TypeTraits object at 0xffffbca458b0>))
DEBUG:pybindgen.typehandlers:TypeMatcher.lookup('uint8_t *')
DEBUG:pybindgen.typehandlers:try to lookup type handler for 'uint8_t *' => success ((<class 'pybindgen.typehandlers.inttype.UInt8PtrParam'>, None, <pybindgen.typehandlers.ctypeparser.TypeTraits object at 0xffffbca45ac0>))
/root/workspace/netwokr/ns-allinone-3.33/ns-3.33/src/aodv/bindings/modulegen__gcc_LP64.py:2188: Warning: exception TypeConfigurationError('direction not given') in wrapper public: retval? ???::GetBytes (params?) const;
  cls.add_method('GetBytes',
DEBUG:pybindgen.typehandlers:TypeMatcher.lookup('ns3::Ipv6Prefix')
DEBUG:pybindgen.typehandlers:try to lookup type handler for 'ns3::Ipv6Prefix' => success ((<class 'pybindgen.cppclass.CppClass.__init__.<locals>.ThisClassReturn'>, None, <pybindgen.typehandlers.ctypeparser.TypeTraits object at 0xffffbca45d00>))
DEBUG:pybindgen.typehandlers:TypeMatcher.lookup('uint8_t')
DEBUG:pybindgen.typehandlers:try to lookup type handler for 'uint8_t' => success ((<class 'pybindgen.typehandlers.inttype.UInt8Return'>, None, <pybindgen.typehandlers.ctypeparser.TypeTraits object at 0xffffbca4b2b0>))
DEBUG:pybindgen.typehandlers:TypeMatcher.lookup('ns3::Ipv6Prefix')
DEBUG:pybindgen.typehandlers:try to lookup type handler for 'ns3::Ipv6Prefix' => success ((<class 'pybindgen.cppclass.CppClass.__init__.<locals>.ThisClassReturn'>, None, <pybindgen.typehandlers.ctypeparser.TypeTraits object at 0xffffbca4b820>))
DEBUG:pybindgen.typehandlers:TypeMatcher.lookup('uint8_t')
DEBUG:pybindgen.typehandlers:try to lookup type handler for 'uint8_t' => success ((<class 'pybindgen.typehandlers.inttype.UInt8Return'>, None, <pybindgen.typehandlers.ctypeparser.TypeTraits object at 0xffffbca4bd60>))
DEBUG:pybindgen.typehandlers:TypeMatcher.lookup('ns3::Ipv6Prefix')
DEBUG:pybindgen.typehandlers:try to lookup type handler for 'ns3::Ipv6Prefix' => success ((<class 'pybindgen.cppclass.CppClass.__init__.<locals>.ThisClassReturn'>, None, <pybindgen.typehandlers.ctypeparser.TypeTraits object at 0xffffbca4e310>))
DEBUG:pybindgen.typehandlers:TypeMatcher.lookup('bool')
DEBUG:pybindgen.typehandlers:try to lookup type handler for 'bool' => success ((<class 'pybindgen.typehandlers.booltype.BoolReturn'>, None, <pybindgen.typehandlers.ctypeparser.TypeTraits object at 0xffffbca4e850>))
DEBUG:pybindgen.typehandlers:TypeMatcher.lookup('ns3::Ipv6Prefix const &')
DEBUG:pybindgen.typehandlers:try to lookup type handler for 'ns3::Ipv6Prefix const &' => success ((<class 'pybindgen.cppclass.CppClass.__init__.<locals>.ThisClassRefParameter'>, None, <pybindgen.typehandlers.ctypeparser.TypeTraits object at 0xffffbca4ea60>))
DEBUG:pybindgen.typehandlers:TypeMatcher.lookup('bool')
DEBUG:pybindgen.typehandlers:try to lookup type handler for 'bool' => success ((<class 'pybindgen.typehandlers.booltype.BoolReturn'>, None, <pybindgen.typehandlers.ctypeparser.TypeTraits object at 0xffffbc9d30a0>))
DEBUG:pybindgen.typehandlers:TypeMatcher.lookup('ns3::Ipv6Address')
DEBUG:pybindgen.typehandlers:try to lookup type handler for 'ns3::Ipv6Address' => success ((<class 'pybindgen.cppclass.CppClass.__init__.<locals>.ThisClassParameter'>, None, <pybindgen.typehandlers.ctypeparser.TypeTraits object at 0xffffbc9d32b0>))
DEBUG:pybindgen.typehandlers:TypeMatcher.lookup('ns3::Ipv6Address')
DEBUG:pybindgen.typehandlers:try to lookup type handler for 'ns3::Ipv6Address' => success ((<class 'pybindgen.cppclass.CppClass.__init__.<locals>.ThisClassParameter'>, None, <pybindgen.typehandlers.ctypeparser.TypeTraits object at 0xffffbc9d3400>))
DEBUG:pybindgen.typehandlers:TypeMatcher.lookup('void')
DEBUG:pybindgen.typehandlers:try to lookup type handler for 'void' => success ((<class 'pybindgen.typehandlers.voidtype.VoidReturn'>, None, <pybindgen.typehandlers.ctypeparser.TypeTraits object at 0xffffbca45b20>))
DEBUG:pybindgen.typehandlers:TypeMatcher.lookup('std::ostream &')
DEBUG:pybindgen.typehandlers:try to lookup type handler for 'std::ostream &' => failure
'std::ostream &' did not match
/root/workspace/netwokr/ns-allinone-3.33/ns-3.33/src/aodv/bindings/modulegen__gcc_LP64.py:2228: Warning: exception TypeLookupError(['std::ostream &']) in wrapper public: retval? ???::Print (params?) const;
  cls.add_method('Print',
DEBUG:pybindgen.typehandlers:TypeMatcher.lookup('void')
DEBUG:pybindgen.typehandlers:try to lookup type handler for 'void' => success ((<class 'pybindgen.typehandlers.voidtype.VoidReturn'>, None, <pybindgen.typehandlers.ctypeparser.TypeTraits object at 0xffffbc9d3940>))
DEBUG:pybindgen.typehandlers:TypeMatcher.lookup('uint8_t')
DEBUG:pybindgen.typehandlers:try to lookup type handler for 'uint8_t' => success ((<class 'pybindgen.typehandlers.inttype.UInt8Param'>, None, <pybindgen.typehandlers.ctypeparser.TypeTraits object at 0xffffbc9d3b20>))
DEBUG:pybindgen.typehandlers:TypeMatcher.lookup('ns3::LogComponent const &')
DEBUG:pybindgen.typehandlers:try to lookup type handler for 'ns3::LogComponent const &' => success ((<class 'pybindgen.cppclass.CppClass.__init__.<locals>.ThisClassRefParameter'>, None, <pybindgen.typehandlers.ctypeparser.TypeTraits object at 0xffffbc9d80a0>))
DEBUG:pybindgen.typehandlers:TypeMatcher.lookup('std::string const &')
DEBUG:pybindgen.typehandlers:try to lookup type handler for 'std::string const &' => success ((<class 'pybindgen.typehandlers.stringtype.StdStringRefParam'>, None, <pybindgen.typehandlers.ctypeparser.TypeTraits object at 0xffffbc9d86a0>))
DEBUG:pybindgen.typehandlers:TypeMatcher.lookup('std::string const &')
DEBUG:pybindgen.typehandlers:try to lookup type handler for 'std::string const &' => success ((<class 'pybindgen.typehandlers.stringtype.StdStringRefParam'>, None, <pybindgen.typehandlers.ctypeparser.TypeTraits object at 0xffffbc9d88e0>))
DEBUG:pybindgen.typehandlers:TypeMatcher.lookup('ns3::LogLevel const')
DEBUG:pybindgen.typehandlers:try to lookup type handler for 'ns3::LogLevel const' => success ((<class 'pybindgen.enum.Enum.set_module.<locals>.ThisEnumParameter'>, None, <pybindgen.typehandlers.ctypeparser.TypeTraits object at 0xffffbc9d8b80>))
DEBUG:pybindgen.typehandlers:TypeMatcher.lookup('void')
DEBUG:pybindgen.typehandlers:try to lookup type handler for 'void' => success ((<class 'pybindgen.typehandlers.voidtype.VoidReturn'>, None, <pybindgen.typehandlers.ctypeparser.TypeTraits object at 0xffffbc9dc100>))
DEBUG:pybindgen.typehandlers:TypeMatcher.lookup('ns3::LogLevel const')
DEBUG:pybindgen.typehandlers:try to lookup type handler for 'ns3::LogLevel const' => success ((<class 'pybindgen.enum.Enum.set_module.<locals>.ThisEnumParameter'>, None, <pybindgen.typehandlers.ctypeparser.TypeTraits object at 0xffffbc9dc310>))
DEBUG:pybindgen.typehandlers:TypeMatcher.lookup('void')
DEBUG:pybindgen.typehandlers:try to lookup type handler for 'void' => success ((<class 'pybindgen.typehandlers.voidtype.VoidReturn'>, None, <pybindgen.typehandlers.ctypeparser.TypeTraits object at 0xffffbc9dc850>))
DEBUG:pybindgen.typehandlers:TypeMatcher.lookup('ns3::LogLevel const')
DEBUG:pybindgen.typehandlers:try to lookup type handler for 'ns3::LogLevel const' => success ((<class 'pybindgen.enum.Enum.set_module.<locals>.ThisEnumParameter'>, None, <pybindgen.typehandlers.ctypeparser.TypeTraits object at 0xffffbc9dca60>))
DEBUG:pybindgen.typehandlers:TypeMatcher.lookup('std::string')
DEBUG:pybindgen.typehandlers:try to lookup type handler for 'std::string' => success ((<class 'pybindgen.typehandlers.stringtype.StdStringReturn'>, None, <pybindgen.typehandlers.ctypeparser.TypeTraits object at 0xffffbc9dcfa0>))
DEBUG:pybindgen.typehandlers:TypeMatcher.lookup('ns3::LogComponent::ComponentList *')
DEBUG:pybindgen.typehandlers:try to lookup type handler for 'ns3::LogComponent::ComponentList *' => failure
'ns3::LogComponent::ComponentList *' did not match
/root/workspace/netwokr/ns-allinone-3.33/ns-3.33/src/aodv/bindings/modulegen__gcc_LP64.py:2257: Warning: exception TypeLookupError(['ns3::LogComponent::ComponentList *']) in wrapper public: retval? ???::GetComponentList (params?);
  cls.add_method('GetComponentList',
DEBUG:pybindgen.typehandlers:TypeMatcher.lookup('std::string')
DEBUG:pybindgen.typehandlers:try to lookup type handler for 'std::string' => success ((<class 'pybindgen.typehandlers.stringtype.StdStringReturn'>, None, <pybindgen.typehandlers.ctypeparser.TypeTraits object at 0xffffbc9e17c0>))
DEBUG:pybindgen.typehandlers:TypeMatcher.lookup('ns3::LogLevel const')
DEBUG:pybindgen.typehandlers:try to lookup type handler for 'ns3::LogLevel const' => success ((<class 'pybindgen.enum.Enum.set_module.<locals>.ThisEnumParameter'>, None, <pybindgen.typehandlers.ctypeparser.TypeTraits object at 0xffffbc9e19a0>))
DEBUG:pybindgen.typehandlers:TypeMatcher.lookup('bool')
DEBUG:pybindgen.typehandlers:try to lookup type handler for 'bool' => success ((<class 'pybindgen.typehandlers.booltype.BoolReturn'>, None, <pybindgen.typehandlers.ctypeparser.TypeTraits object at 0xffffbc9e1eb0>))
DEBUG:pybindgen.typehandlers:TypeMatcher.lookup('ns3::LogLevel const')
DEBUG:pybindgen.typehandlers:try to lookup type handler for 'ns3::LogLevel const' => success ((<class 'pybindgen.enum.Enum.set_module.<locals>.ThisEnumParameter'>, None, <pybindgen.typehandlers.ctypeparser.TypeTraits object at 0xffffbc9dcf70>))
DEBUG:pybindgen.typehandlers:TypeMatcher.lookup('bool')
DEBUG:pybindgen.typehandlers:try to lookup type handler for 'bool' => success ((<class 'pybindgen.typehandlers.booltype.BoolReturn'>, None, <pybindgen.typehandlers.ctypeparser.TypeTraits object at 0xffffbca45b20>))
DEBUG:pybindgen.typehandlers:TypeMatcher.lookup('char const *')
DEBUG:pybindgen.typehandlers:try to lookup type handler for 'char const *' => success ((<class 'pybindgen.typehandlers.stringtype.CStringReturn'>, None, <pybindgen.typehandlers.ctypeparser.TypeTraits object at 0xffffbc9e64f0>))
DEBUG:pybindgen.typehandlers:TypeMatcher.lookup('void')
DEBUG:pybindgen.typehandlers:try to lookup type handler for 'void' => success ((<class 'pybindgen.typehandlers.voidtype.VoidReturn'>, None, <pybindgen.typehandlers.ctypeparser.TypeTraits object at 0xffffbc9e6af0>))
DEBUG:pybindgen.typehandlers:TypeMatcher.lookup('ns3::LogLevel const')
DEBUG:pybindgen.typehandlers:try to lookup type handler for 'ns3::LogLevel const' => success ((<class 'pybindgen.enum.Enum.set_module.<locals>.ThisEnumParameter'>, None, <pybindgen.typehandlers.ctypeparser.TypeTraits object at 0xffffbc9e6d00>))
DEBUG:pybindgen.typehandlers:TypeMatcher.lookup('ns3::Mac48Address const &')
DEBUG:pybindgen.typehandlers:try to lookup type handler for 'ns3::Mac48Address const &' => success ((<class 'pybindgen.cppclass.CppClass.__init__.<locals>.ThisClassRefParameter'>, None, <pybindgen.typehandlers.ctypeparser.TypeTraits object at 0xffffbc9eb280>))
DEBUG:pybindgen.typehandlers:TypeMatcher.lookup('char const *')
DEBUG:pybindgen.typehandlers:try to lookup type handler for 'char const *' => success ((<class 'pybindgen.typehandlers.stringtype.CStringParam'>, None, <pybindgen.typehandlers.ctypeparser.TypeTraits object at 0xffffbc9ebbe0>))
DEBUG:pybindgen.typehandlers:TypeMatcher.lookup('ns3::Mac48Address')
DEBUG:pybindgen.typehandlers:try to lookup type handler for 'ns3::Mac48Address' => success ((<class 'pybindgen.cppclass.CppClass.__init__.<locals>.ThisClassReturn'>, None, <pybindgen.typehandlers.ctypeparser.TypeTraits object at 0xffffbc9f0220>))
DEBUG:pybindgen.typehandlers:TypeMatcher.lookup('ns3::Mac48Address')
DEBUG:pybindgen.typehandlers:try to lookup type handler for 'ns3::Mac48Address' => success ((<class 'pybindgen.cppclass.CppClass.__init__.<locals>.ThisClassReturn'>, None, <pybindgen.typehandlers.ctypeparser.TypeTraits object at 0xffffbc9f0760>))
DEBUG:pybindgen.typehandlers:TypeMatcher.lookup('ns3::Address const &')
DEBUG:pybindgen.typehandlers:try to lookup type handler for 'ns3::Address const &' => success ((<class 'pybindgen.cppclass.CppClass.__init__.<locals>.ThisClassRefParameter'>, None, <pybindgen.typehandlers.ctypeparser.TypeTraits object at 0xffffbc9f0940>))
DEBUG:pybindgen.typehandlers:TypeMatcher.lookup('void')
DEBUG:pybindgen.typehandlers:try to lookup type handler for 'void' => success ((<class 'pybindgen.typehandlers.voidtype.VoidReturn'>, None, <pybindgen.typehandlers.ctypeparser.TypeTraits object at 0xffffbc9f0ee0>))
DEBUG:pybindgen.typehandlers:TypeMatcher.lookup('uint8_t const *')
DEBUG:pybindgen.typehandlers:try to lookup type handler for 'uint8_t const *' => success ((<class 'pybindgen.typehandlers.inttype.UInt8PtrParam'>, None, <pybindgen.typehandlers.ctypeparser.TypeTraits object at 0xffffbc9f4160>))
/root/workspace/netwokr/ns-allinone-3.33/ns-3.33/src/aodv/bindings/modulegen__gcc_LP64.py:2309: Warning: exception TypeConfigurationError('direction not given') in wrapper public: retval? ???::CopyFrom (params?);
  cls.add_method('CopyFrom',
DEBUG:pybindgen.typehandlers:TypeMatcher.lookup('void')
DEBUG:pybindgen.typehandlers:try to lookup type handler for 'void' => success ((<class 'pybindgen.typehandlers.voidtype.VoidReturn'>, None, <pybindgen.typehandlers.ctypeparser.TypeTraits object at 0xffffbc9f4460>))
DEBUG:pybindgen.typehandlers:TypeMatcher.lookup('uint8_t *')
DEBUG:pybindgen.typehandlers:try to lookup type handler for 'uint8_t *' => success ((<class 'pybindgen.typehandlers.inttype.UInt8PtrParam'>, None, <pybindgen.typehandlers.ctypeparser.TypeTraits object at 0xffffbc9f4670>))
/root/workspace/netwokr/ns-allinone-3.33/ns-3.33/src/aodv/bindings/modulegen__gcc_LP64.py:2313: Warning: exception TypeConfigurationError('direction not given') in wrapper public: retval? ???::CopyTo (params?) const;
  cls.add_method('CopyTo',
DEBUG:pybindgen.typehandlers:TypeMatcher.lookup('ns3::Mac48Address')
DEBUG:pybindgen.typehandlers:try to lookup type handler for 'ns3::Mac48Address' => success ((<class 'pybindgen.cppclass.CppClass.__init__.<locals>.ThisClassReturn'>, None, <pybindgen.typehandlers.ctypeparser.TypeTraits object at 0xffffbc9f48b0>))
DEBUG:pybindgen.typehandlers:TypeMatcher.lookup('ns3::Mac48Address')
DEBUG:pybindgen.typehandlers:try to lookup type handler for 'ns3::Mac48Address' => success ((<class 'pybindgen.cppclass.CppClass.__init__.<locals>.ThisClassReturn'>, None, <pybindgen.typehandlers.ctypeparser.TypeTraits object at 0xffffbc9f4760>))
DEBUG:pybindgen.typehandlers:TypeMatcher.lookup('ns3::Ipv4Address')
DEBUG:pybindgen.typehandlers:try to lookup type handler for 'ns3::Ipv4Address' => success ((<class 'pybindgen.cppclass.CppClass.__init__.<locals>.ThisClassParameter'>, None, <pybindgen.typehandlers.ctypeparser.TypeTraits object at 0xffffbc9f44f0>))
DEBUG:pybindgen.typehandlers:TypeMatcher.lookup('ns3::Mac48Address')
DEBUG:pybindgen.typehandlers:try to lookup type handler for 'ns3::Mac48Address' => success ((<class 'pybindgen.cppclass.CppClass.__init__.<locals>.ThisClassReturn'>, None, <pybindgen.typehandlers.ctypeparser.TypeTraits object at 0xffffbc9f4bb0>))
DEBUG:pybindgen.typehandlers:TypeMatcher.lookup('ns3::Ipv6Address')
DEBUG:pybindgen.typehandlers:try to lookup type handler for 'ns3::Ipv6Address' => success ((<class 'pybindgen.cppclass.CppClass.__init__.<locals>.ThisClassParameter'>, None, <pybindgen.typehandlers.ctypeparser.TypeTraits object at 0xffffbc9f4d90>))
DEBUG:pybindgen.typehandlers:TypeMatcher.lookup('ns3::Mac48Address')
DEBUG:pybindgen.typehandlers:try to lookup type handler for 'ns3::Mac48Address' => success ((<class 'pybindgen.cppclass.CppClass.__init__.<locals>.ThisClassReturn'>, None, <pybindgen.typehandlers.ctypeparser.TypeTraits object at 0xffffbc9f8280>))
DEBUG:pybindgen.typehandlers:TypeMatcher.lookup('ns3::Mac48Address')
DEBUG:pybindgen.typehandlers:try to lookup type handler for 'ns3::Mac48Address' => success ((<class 'pybindgen.cppclass.CppClass.__init__.<locals>.ThisClassReturn'>, None, <pybindgen.typehandlers.ctypeparser.TypeTraits object at 0xffffbc9f87f0>))
DEBUG:pybindgen.typehandlers:TypeMatcher.lookup('bool')
DEBUG:pybindgen.typehandlers:try to lookup type handler for 'bool' => success ((<class 'pybindgen.typehandlers.booltype.BoolReturn'>, None, <pybindgen.typehandlers.ctypeparser.TypeTraits object at 0xffffbc9f8d30>))
DEBUG:pybindgen.typehandlers:TypeMatcher.lookup('bool')
DEBUG:pybindgen.typehandlers:try to lookup type handler for 'bool' => success ((<class 'pybindgen.typehandlers.booltype.BoolReturn'>, None, <pybindgen.typehandlers.ctypeparser.TypeTraits object at 0xffffbc9fd2e0>))
DEBUG:pybindgen.typehandlers:TypeMatcher.lookup('bool')
DEBUG:pybindgen.typehandlers:try to lookup type handler for 'bool' => success ((<class 'pybindgen.typehandlers.booltype.BoolReturn'>, None, <pybindgen.typehandlers.ctypeparser.TypeTraits object at 0xffffbc9fd850>))
DEBUG:pybindgen.typehandlers:TypeMatcher.lookup('ns3::Address const &')
DEBUG:pybindgen.typehandlers:try to lookup type handler for 'ns3::Address const &' => success ((<class 'pybindgen.cppclass.CppClass.__init__.<locals>.ThisClassRefParameter'>, None, <pybindgen.typehandlers.ctypeparser.TypeTraits object at 0xffffbc9fda60>))
DEBUG:pybindgen.typehandlers:TypeMatcher.lookup('ns3::Mac8Address const &')
DEBUG:pybindgen.typehandlers:try to lookup type handler for 'ns3::Mac8Address const &' => success ((<class 'pybindgen.cppclass.CppClass.__init__.<locals>.ThisClassRefParameter'>, None, <pybindgen.typehandlers.ctypeparser.TypeTraits object at 0xffffbca000a0>))
DEBUG:pybindgen.typehandlers:TypeMatcher.lookup('uint8_t')
DEBUG:pybindgen.typehandlers:try to lookup type handler for 'uint8_t' => success ((<class 'pybindgen.typehandlers.inttype.UInt8Param'>, None, <pybindgen.typehandlers.ctypeparser.TypeTraits object at 0xffffbca00a00>))
DEBUG:pybindgen.typehandlers:TypeMatcher.lookup('ns3::Mac8Address')
DEBUG:pybindgen.typehandlers:try to lookup type handler for 'ns3::Mac8Address' => success ((<class 'pybindgen.cppclass.CppClass.__init__.<locals>.ThisClassReturn'>, None, <pybindgen.typehandlers.ctypeparser.TypeTraits object at 0xffffbca00f10>))
DEBUG:pybindgen.typehandlers:TypeMatcher.lookup('ns3::Mac8Address')
DEBUG:pybindgen.typehandlers:try to lookup type handler for 'ns3::Mac8Address' => success ((<class 'pybindgen.cppclass.CppClass.__init__.<locals>.ThisClassReturn'>, None, <pybindgen.typehandlers.ctypeparser.TypeTraits object at 0xffffbca07490>))
DEBUG:pybindgen.typehandlers:TypeMatcher.lookup('ns3::Address const &')
DEBUG:pybindgen.typehandlers:try to lookup type handler for 'ns3::Address const &' => success ((<class 'pybindgen.cppclass.CppClass.__init__.<locals>.ThisClassRefParameter'>, None, <pybindgen.typehandlers.ctypeparser.TypeTraits object at 0xffffbca07670>))
DEBUG:pybindgen.typehandlers:TypeMatcher.lookup('void')
DEBUG:pybindgen.typehandlers:try to lookup type handler for 'void' => success ((<class 'pybindgen.typehandlers.voidtype.VoidReturn'>, None, <pybindgen.typehandlers.ctypeparser.TypeTraits object at 0xffffbca07c10>))
DEBUG:pybindgen.typehandlers:TypeMatcher.lookup('uint8_t const *')
DEBUG:pybindgen.typehandlers:try to lookup type handler for 'uint8_t const *' => success ((<class 'pybindgen.typehandlers.inttype.UInt8PtrParam'>, None, <pybindgen.typehandlers.ctypeparser.TypeTraits object at 0xffffbca07e50>))
/root/workspace/netwokr/ns-allinone-3.33/ns-3.33/src/aodv/bindings/modulegen__gcc_LP64.py:2381: Warning: exception TypeConfigurationError('direction not given') in wrapper public: retval? ???::CopyFrom (params?);
  cls.add_method('CopyFrom',
DEBUG:pybindgen.typehandlers:TypeMatcher.lookup('void')
DEBUG:pybindgen.typehandlers:try to lookup type handler for 'void' => success ((<class 'pybindgen.typehandlers.voidtype.VoidReturn'>, None, <pybindgen.typehandlers.ctypeparser.TypeTraits object at 0xffffbca0b190>))
DEBUG:pybindgen.typehandlers:TypeMatcher.lookup('uint8_t *')
DEBUG:pybindgen.typehandlers:try to lookup type handler for 'uint8_t *' => success ((<class 'pybindgen.typehandlers.inttype.UInt8PtrParam'>, None, <pybindgen.typehandlers.ctypeparser.TypeTraits object at 0xffffbca0b3a0>))
/root/workspace/netwokr/ns-allinone-3.33/ns-3.33/src/aodv/bindings/modulegen__gcc_LP64.py:2385: Warning: exception TypeConfigurationError('direction not given') in wrapper public: retval? ???::CopyTo (params?) const;
  cls.add_method('CopyTo',
DEBUG:pybindgen.typehandlers:TypeMatcher.lookup('ns3::Mac8Address')
DEBUG:pybindgen.typehandlers:try to lookup type handler for 'ns3::Mac8Address' => success ((<class 'pybindgen.cppclass.CppClass.__init__.<locals>.ThisClassReturn'>, None, <pybindgen.typehandlers.ctypeparser.TypeTraits object at 0xffffbca0b5e0>))
DEBUG:pybindgen.typehandlers:TypeMatcher.lookup('bool')
DEBUG:pybindgen.typehandlers:try to lookup type handler for 'bool' => success ((<class 'pybindgen.typehandlers.booltype.BoolReturn'>, None, <pybindgen.typehandlers.ctypeparser.TypeTraits object at 0xffffbca0bb50>))
DEBUG:pybindgen.typehandlers:TypeMatcher.lookup('ns3::Address const &')
DEBUG:pybindgen.typehandlers:try to lookup type handler for 'ns3::Address const &' => success ((<class 'pybindgen.cppclass.CppClass.__init__.<locals>.ThisClassRefParameter'>, None, <pybindgen.typehandlers.ctypeparser.TypeTraits object at 0xffffbca0bd60>))
DEBUG:pybindgen.typehandlers:TypeMatcher.lookup('ns3::NodeContainer const &')
DEBUG:pybindgen.typehandlers:try to lookup type handler for 'ns3::NodeContainer const &' => success ((<class 'pybindgen.cppclass.CppClass.__init__.<locals>.ThisClassRefParameter'>, None, <pybindgen.typehandlers.ctypeparser.TypeTraits object at 0xffffbca0f3a0>))
DEBUG:pybindgen.typehandlers:TypeMatcher.lookup('ns3::Ptr< ns3::Node >')
DEBUG:pybindgen.typehandlers:try to lookup type handler for 'ns3::Ptr< ns3::Node >' => failure
DEBUG:pybindgen.typehandlers:try to lookup type handler for 'ns3::Node *' => success ((<class 'pybindgen.cppclass.MemoryPolicy.register_ptr_parameter_and_return.<locals>.ThisClassPtrParameter'>, <ns3modulegen_core_customizations.SmartPointerTransformation object at 0xffffbcfe0d90>, <pybindgen.typehandlers.ctypeparser.TypeTraits object at 0xffffbca0ffa0>))
DEBUG:pybindgen.typehandlers:TypeMatcher.lookup('std::string')
DEBUG:pybindgen.typehandlers:try to lookup type handler for 'std::string' => success ((<class 'pybindgen.typehandlers.stringtype.StdStringParam'>, None, <pybindgen.typehandlers.ctypeparser.TypeTraits object at 0xffffbc992370>))
DEBUG:pybindgen.typehandlers:TypeMatcher.lookup('uint32_t')
DEBUG:pybindgen.typehandlers:try to lookup type handler for 'uint32_t' => success ((<class 'pybindgen.typehandlers.inttype.UnsignedIntParam'>, None, <pybindgen.typehandlers.ctypeparser.TypeTraits object at 0xffffbc992880>))
DEBUG:pybindgen.typehandlers:TypeMatcher.lookup('uint32_t')
DEBUG:pybindgen.typehandlers:try to lookup type handler for 'uint32_t' => success ((<class 'pybindgen.typehandlers.inttype.UnsignedIntParam'>, None, <pybindgen.typehandlers.ctypeparser.TypeTraits object at 0xffffbc9929d0>))
DEBUG:pybindgen.typehandlers:TypeMatcher.lookup('ns3::NodeContainer const &')
DEBUG:pybindgen.typehandlers:try to lookup type handler for 'ns3::NodeContainer const &' => success ((<class 'pybindgen.cppclass.CppClass.__init__.<locals>.ThisClassRefParameter'>, None, <pybindgen.typehandlers.ctypeparser.TypeTraits object at 0xffffbca0b4c0>))
DEBUG:pybindgen.typehandlers:TypeMatcher.lookup('ns3::NodeContainer const &')
DEBUG:pybindgen.typehandlers:try to lookup type handler for 'ns3::NodeContainer const &' => success ((<class 'pybindgen.cppclass.CppClass.__init__.<locals>.ThisClassRefParameter'>, None, <pybindgen.typehandlers.ctypeparser.TypeTraits object at 0xffffbca0b0a0>))
DEBUG:pybindgen.typehandlers:TypeMatcher.lookup('ns3::NodeContainer const &')
DEBUG:pybindgen.typehandlers:try to lookup type handler for 'ns3::NodeContainer const &' => success ((<class 'pybindgen.cppclass.CppClass.__init__.<locals>.ThisClassRefParameter'>, None, <pybindgen.typehandlers.ctypeparser.TypeTraits object at 0xffffbc992eb0>))
DEBUG:pybindgen.typehandlers:TypeMatcher.lookup('ns3::NodeContainer const &')
DEBUG:pybindgen.typehandlers:try to lookup type handler for 'ns3::NodeContainer const &' => success ((<class 'pybindgen.cppclass.CppClass.__init__.<locals>.ThisClassRefParameter'>, None, <pybindgen.typehandlers.ctypeparser.TypeTraits object at 0xffffbc998130>))
DEBUG:pybindgen.typehandlers:TypeMatcher.lookup('ns3::NodeContainer const &')
DEBUG:pybindgen.typehandlers:try to lookup type handler for 'ns3::NodeContainer const &' => success ((<class 'pybindgen.cppclass.CppClass.__init__.<locals>.ThisClassRefParameter'>, None, <pybindgen.typehandlers.ctypeparser.TypeTraits object at 0xffffbc9983d0>))
DEBUG:pybindgen.typehandlers:TypeMatcher.lookup('ns3::NodeContainer const &')
DEBUG:pybindgen.typehandlers:try to lookup type handler for 'ns3::NodeContainer const &' => success ((<class 'pybindgen.cppclass.CppClass.__init__.<locals>.ThisClassRefParameter'>, None, <pybindgen.typehandlers.ctypeparser.TypeTraits object at 0xffffbc998a60>))
DEBUG:pybindgen.typehandlers:TypeMatcher.lookup('ns3::NodeContainer const &')
DEBUG:pybindgen.typehandlers:try to lookup type handler for 'ns3::NodeContainer const &' => success ((<class 'pybindgen.cppclass.CppClass.__init__.<locals>.ThisClassRefParameter'>, None, <pybindgen.typehandlers.ctypeparser.TypeTraits object at 0xffffbc998ca0>))
DEBUG:pybindgen.typehandlers:TypeMatcher.lookup('ns3::NodeContainer const &')
DEBUG:pybindgen.typehandlers:try to lookup type handler for 'ns3::NodeContainer const &' => success ((<class 'pybindgen.cppclass.CppClass.__init__.<locals>.ThisClassRefParameter'>, None, <pybindgen.typehandlers.ctypeparser.TypeTraits object at 0xffffbc998f40>))
DEBUG:pybindgen.typehandlers:TypeMatcher.lookup('ns3::NodeContainer const &')
DEBUG:pybindgen.typehandlers:try to lookup type handler for 'ns3::NodeContainer const &' => success ((<class 'pybindgen.cppclass.CppClass.__init__.<locals>.ThisClassRefParameter'>, None, <pybindgen.typehandlers.ctypeparser.TypeTraits object at 0xffffbc99b220>))
DEBUG:pybindgen.typehandlers:TypeMatcher.lookup('ns3::NodeContainer const &')
DEBUG:pybindgen.typehandlers:try to lookup type handler for 'ns3::NodeContainer const &' => success ((<class 'pybindgen.cppclass.CppClass.__init__.<locals>.ThisClassRefParameter'>, None, <pybindgen.typehandlers.ctypeparser.TypeTraits object at 0xffffbc99b8b0>))
DEBUG:pybindgen.typehandlers:TypeMatcher.lookup('ns3::NodeContainer const &')
DEBUG:pybindgen.typehandlers:try to lookup type handler for 'ns3::NodeContainer const &' => success ((<class 'pybindgen.cppclass.CppClass.__init__.<locals>.ThisClassRefParameter'>, None, <pybindgen.typehandlers.ctypeparser.TypeTraits object at 0xffffbc99baf0>))
DEBUG:pybindgen.typehandlers:TypeMatcher.lookup('ns3::NodeContainer const &')
DEBUG:pybindgen.typehandlers:try to lookup type handler for 'ns3::NodeContainer const &' => success ((<class 'pybindgen.cppclass.CppClass.__init__.<locals>.ThisClassRefParameter'>, None, <pybindgen.typehandlers.ctypeparser.TypeTraits object at 0xffffbc99bd90>))
DEBUG:pybindgen.typehandlers:TypeMatcher.lookup('ns3::NodeContainer const &')
DEBUG:pybindgen.typehandlers:try to lookup type handler for 'ns3::NodeContainer const &' => success ((<class 'pybindgen.cppclass.CppClass.__init__.<locals>.ThisClassRefParameter'>, None, <pybindgen.typehandlers.ctypeparser.TypeTraits object at 0xffffbc9a2070>))
DEBUG:pybindgen.typehandlers:TypeMatcher.lookup('ns3::NodeContainer const &')
DEBUG:pybindgen.typehandlers:try to lookup type handler for 'ns3::NodeContainer const &' => success ((<class 'pybindgen.cppclass.CppClass.__init__.<locals>.ThisClassRefParameter'>, None, <pybindgen.typehandlers.ctypeparser.TypeTraits object at 0xffffbc9a2310>))
DEBUG:pybindgen.typehandlers:TypeMatcher.lookup('void')
DEBUG:pybindgen.typehandlers:try to lookup type handler for 'void' => success ((<class 'pybindgen.typehandlers.voidtype.VoidReturn'>, None, <pybindgen.typehandlers.ctypeparser.TypeTraits object at 0xffffbc9a2910>))
DEBUG:pybindgen.typehandlers:TypeMatcher.lookup('ns3::NodeContainer')
DEBUG:pybindgen.typehandlers:try to lookup type handler for 'ns3::NodeContainer' => success ((<class 'pybindgen.cppclass.CppClass.__init__.<locals>.ThisClassParameter'>, None, <pybindgen.typehandlers.ctypeparser.TypeTraits object at 0xffffbc9a2b20>))
DEBUG:pybindgen.typehandlers:TypeMatcher.lookup('void')
DEBUG:pybindgen.typehandlers:try to lookup type handler for 'void' => success ((<class 'pybindgen.typehandlers.voidtype.VoidReturn'>, None, <pybindgen.typehandlers.ctypeparser.TypeTraits object at 0xffffbc9a4070>))
DEBUG:pybindgen.typehandlers:TypeMatcher.lookup('ns3::Ptr< ns3::Node >')
DEBUG:pybindgen.typehandlers:try to lookup type handler for 'ns3::Ptr< ns3::Node >' => failure
DEBUG:pybindgen.typehandlers:try to lookup type handler for 'ns3::Node *' => success ((<class 'pybindgen.cppclass.MemoryPolicy.register_ptr_parameter_and_return.<locals>.ThisClassPtrParameter'>, <ns3modulegen_core_customizations.SmartPointerTransformation object at 0xffffbcfe0d90>, <pybindgen.typehandlers.ctypeparser.TypeTraits object at 0xffffbc9a4520>))
DEBUG:pybindgen.typehandlers:TypeMatcher.lookup('void')
DEBUG:pybindgen.typehandlers:try to lookup type handler for 'void' => success ((<class 'pybindgen.typehandlers.voidtype.VoidReturn'>, None, <pybindgen.typehandlers.ctypeparser.TypeTraits object at 0xffffbc9a4850>))
DEBUG:pybindgen.typehandlers:TypeMatcher.lookup('std::string')
DEBUG:pybindgen.typehandlers:try to lookup type handler for 'std::string' => success ((<class 'pybindgen.typehandlers.stringtype.StdStringParam'>, None, <pybindgen.typehandlers.ctypeparser.TypeTraits object at 0xffffbc9a4a90>))
DEBUG:pybindgen.typehandlers:TypeMatcher.lookup('ns3::NodeContainer::Iterator')
DEBUG:pybindgen.typehandlers:try to lookup type handler for 'ns3::NodeContainer::Iterator' => failure
'ns3::NodeContainer::Iterator' did not match
/root/workspace/netwokr/ns-allinone-3.33/ns-3.33/src/aodv/bindings/modulegen__gcc_LP64.py:2433: Warning: exception TypeLookupError(['ns3::NodeContainer::Iterator']) in wrapper public: retval? ???::Begin (params?) const;
  cls.add_method('Begin',
DEBUG:pybindgen.typehandlers:TypeMatcher.lookup('bool')
DEBUG:pybindgen.typehandlers:try to lookup type handler for 'bool' => success ((<class 'pybindgen.typehandlers.booltype.BoolReturn'>, None, <pybindgen.typehandlers.ctypeparser.TypeTraits object at 0xffffbc9a81c0>))
DEBUG:pybindgen.typehandlers:TypeMatcher.lookup('uint32_t')
DEBUG:pybindgen.typehandlers:try to lookup type handler for 'uint32_t' => success ((<class 'pybindgen.typehandlers.inttype.UnsignedIntParam'>, None, <pybindgen.typehandlers.ctypeparser.TypeTraits object at 0xffffbc9a83a0>))
DEBUG:pybindgen.typehandlers:TypeMatcher.lookup('void')
DEBUG:pybindgen.typehandlers:try to lookup type handler for 'void' => success ((<class 'pybindgen.typehandlers.voidtype.VoidReturn'>, None, <pybindgen.typehandlers.ctypeparser.TypeTraits object at 0xffffbc9a8850>))
DEBUG:pybindgen.typehandlers:TypeMatcher.lookup('uint32_t')
DEBUG:pybindgen.typehandlers:try to lookup type handler for 'uint32_t' => success ((<class 'pybindgen.typehandlers.inttype.UnsignedIntParam'>, None, <pybindgen.typehandlers.ctypeparser.TypeTraits object at 0xffffbc9a8a90>))
DEBUG:pybindgen.typehandlers:TypeMatcher.lookup('void')
DEBUG:pybindgen.typehandlers:try to lookup type handler for 'void' => success ((<class 'pybindgen.typehandlers.voidtype.VoidReturn'>, None, <pybindgen.typehandlers.ctypeparser.TypeTraits object at 0xffffbc9a8fa0>))
DEBUG:pybindgen.typehandlers:TypeMatcher.lookup('uint32_t')
DEBUG:pybindgen.typehandlers:try to lookup type handler for 'uint32_t' => success ((<class 'pybindgen.typehandlers.inttype.UnsignedIntParam'>, None, <pybindgen.typehandlers.ctypeparser.TypeTraits object at 0xffffbc9ac1f0>))
DEBUG:pybindgen.typehandlers:TypeMatcher.lookup('uint32_t')
DEBUG:pybindgen.typehandlers:try to lookup type handler for 'uint32_t' => success ((<class 'pybindgen.typehandlers.inttype.UnsignedIntParam'>, None, <pybindgen.typehandlers.ctypeparser.TypeTraits object at 0xffffbc9ac340>))
DEBUG:pybindgen.typehandlers:TypeMatcher.lookup('ns3::NodeContainer::Iterator')
DEBUG:pybindgen.typehandlers:try to lookup type handler for 'ns3::NodeContainer::Iterator' => failure
'ns3::NodeContainer::Iterator' did not match
/root/workspace/netwokr/ns-allinone-3.33/ns-3.33/src/aodv/bindings/modulegen__gcc_LP64.py:2451: Warning: exception TypeLookupError(['ns3::NodeContainer::Iterator']) in wrapper public: retval? ???::End (params?) const;
  cls.add_method('End',
DEBUG:pybindgen.typehandlers:TypeMatcher.lookup('ns3::Ptr< ns3::Node >')
DEBUG:pybindgen.typehandlers:try to lookup type handler for 'ns3::Ptr< ns3::Node >' => failure
DEBUG:pybindgen.typehandlers:try to lookup type handler for 'ns3::Node *' => success ((<class 'pybindgen.cppclass.MemoryPolicy.register_ptr_parameter_and_return.<locals>.ThisClassPtrReturn'>, <ns3modulegen_core_customizations.SmartPointerTransformation object at 0xffffbcfe0d90>, <pybindgen.typehandlers.ctypeparser.TypeTraits object at 0xffffbc9acd00>))
DEBUG:pybindgen.typehandlers:TypeMatcher.lookup('uint32_t')
DEBUG:pybindgen.typehandlers:try to lookup type handler for 'uint32_t' => success ((<class 'pybindgen.typehandlers.inttype.UnsignedIntParam'>, None, <pybindgen.typehandlers.ctypeparser.TypeTraits object at 0xffffbc9acee0>))
DEBUG:pybindgen.typehandlers:TypeMatcher.lookup('ns3::NodeContainer')
DEBUG:pybindgen.typehandlers:try to lookup type handler for 'ns3::NodeContainer' => success ((<class 'pybindgen.cppclass.CppClass.__init__.<locals>.ThisClassReturn'>, None, <pybindgen.typehandlers.ctypeparser.TypeTraits object at 0xffffbc9b22b0>))
DEBUG:pybindgen.typehandlers:TypeMatcher.lookup('uint32_t')
DEBUG:pybindgen.typehandlers:try to lookup type handler for 'uint32_t' => success ((<class 'pybindgen.typehandlers.inttype.UnsignedIntReturn'>, None, <pybindgen.typehandlers.ctypeparser.TypeTraits object at 0xffffbc9b27f0>))
DEBUG:pybindgen.typehandlers:TypeMatcher.lookup('ns3::ObjectBase const &')
DEBUG:pybindgen.typehandlers:try to lookup type handler for 'ns3::ObjectBase const &' => success ((<class 'pybindgen.cppclass.CppClass.__init__.<locals>.ThisClassRefParameter'>, None, <pybindgen.typehandlers.ctypeparser.TypeTraits object at 0xffffbc9b7100>))
DEBUG:pybindgen.typehandlers:TypeMatcher.lookup('void')
DEBUG:pybindgen.typehandlers:try to lookup type handler for 'void' => success ((<class 'pybindgen.typehandlers.voidtype.VoidReturn'>, None, <pybindgen.typehandlers.ctypeparser.TypeTraits object at 0xffffbc9ac850>))
DEBUG:pybindgen.typehandlers:TypeMatcher.lookup('std::string')
DEBUG:pybindgen.typehandlers:try to lookup type handler for 'std::string' => success ((<class 'pybindgen.typehandlers.stringtype.StdStringParam'>, None, <pybindgen.typehandlers.ctypeparser.TypeTraits object at 0xffffbc9a4fd0>))
DEBUG:pybindgen.typehandlers:TypeMatcher.lookup('ns3::AttributeValue &')
DEBUG:pybindgen.typehandlers:try to lookup type handler for 'ns3::AttributeValue &' => success ((<class 'pybindgen.cppclass.CppClass.__init__.<locals>.ThisClassRefParameter'>, None, <pybindgen.typehandlers.ctypeparser.TypeTraits object at 0xffffbc9b7700>))
DEBUG:pybindgen.typehandlers:TypeMatcher.lookup('bool')
DEBUG:pybindgen.typehandlers:try to lookup type handler for 'bool' => success ((<class 'pybindgen.typehandlers.booltype.BoolReturn'>, None, <pybindgen.typehandlers.ctypeparser.TypeTraits object at 0xffffbc9b7d00>))
DEBUG:pybindgen.typehandlers:TypeMatcher.lookup('std::string')
DEBUG:pybindgen.typehandlers:try to lookup type handler for 'std::string' => success ((<class 'pybindgen.typehandlers.stringtype.StdStringParam'>, None, <pybindgen.typehandlers.ctypeparser.TypeTraits object at 0xffffbc9b7f10>))
DEBUG:pybindgen.typehandlers:TypeMatcher.lookup('ns3::AttributeValue &')
DEBUG:pybindgen.typehandlers:try to lookup type handler for 'ns3::AttributeValue &' => success ((<class 'pybindgen.cppclass.CppClass.__init__.<locals>.ThisClassRefParameter'>, None, <pybindgen.typehandlers.ctypeparser.TypeTraits object at 0xffffbc9b90a0>))
DEBUG:pybindgen.typehandlers:TypeMatcher.lookup('ns3::TypeId')
DEBUG:pybindgen.typehandlers:try to lookup type handler for 'ns3::TypeId' => success ((<class 'pybindgen.cppclass.CppClass.__init__.<locals>.ThisClassReturn'>, None, <pybindgen.typehandlers.ctypeparser.TypeTraits object at 0xffffbc9b9640>))
DEBUG:pybindgen.typehandlers:TypeMatcher.lookup('ns3::TypeId')
DEBUG:pybindgen.typehandlers:try to lookup type handler for 'ns3::TypeId' => success ((<class 'pybindgen.cppclass.CppClass.__init__.<locals>.ThisClassReturn'>, None, <pybindgen.typehandlers.ctypeparser.TypeTraits object at 0xffffbc9b9ee0>))
DEBUG:pybindgen.typehandlers:TypeMatcher.lookup('void')
DEBUG:pybindgen.typehandlers:try to lookup type handler for 'void' => success ((<class 'pybindgen.typehandlers.voidtype.VoidReturn'>, None, <pybindgen.typehandlers.ctypeparser.TypeTraits object at 0xffffbc9be400>))
DEBUG:pybindgen.typehandlers:TypeMatcher.lookup('std::string')
DEBUG:pybindgen.typehandlers:try to lookup type handler for 'std::string' => success ((<class 'pybindgen.typehandlers.stringtype.StdStringParam'>, None, <pybindgen.typehandlers.ctypeparser.TypeTraits object at 0xffffbc9be640>))
DEBUG:pybindgen.typehandlers:TypeMatcher.lookup('ns3::AttributeValue const &')
DEBUG:pybindgen.typehandlers:try to lookup type handler for 'ns3::AttributeValue const &' => success ((<class 'pybindgen.cppclass.CppClass.__init__.<locals>.ThisClassRefParameter'>, None, <pybindgen.typehandlers.ctypeparser.TypeTraits object at 0xffffbc9be790>))
DEBUG:pybindgen.typehandlers:TypeMatcher.lookup('bool')
DEBUG:pybindgen.typehandlers:try to lookup type handler for 'bool' => success ((<class 'pybindgen.typehandlers.booltype.BoolReturn'>, None, <pybindgen.typehandlers.ctypeparser.TypeTraits object at 0xffffbc9bedf0>))
DEBUG:pybindgen.typehandlers:TypeMatcher.lookup('std::string')
DEBUG:pybindgen.typehandlers:try to lookup type handler for 'std::string' => success ((<class 'pybindgen.typehandlers.stringtype.StdStringParam'>, None, <pybindgen.typehandlers.ctypeparser.TypeTraits object at 0xffffbc9c3040>))
DEBUG:pybindgen.typehandlers:TypeMatcher.lookup('ns3::AttributeValue const &')
DEBUG:pybindgen.typehandlers:try to lookup type handler for 'ns3::AttributeValue const &' => success ((<class 'pybindgen.cppclass.CppClass.__init__.<locals>.ThisClassRefParameter'>, None, <pybindgen.typehandlers.ctypeparser.TypeTraits object at 0xffffbc9c3190>))
DEBUG:pybindgen.typehandlers:TypeMatcher.lookup('bool')
DEBUG:pybindgen.typehandlers:try to lookup type handler for 'bool' => success ((<class 'pybindgen.typehandlers.booltype.BoolReturn'>, None, <pybindgen.typehandlers.ctypeparser.TypeTraits object at 0xffffbc9c37f0>))
DEBUG:pybindgen.typehandlers:TypeMatcher.lookup('std::string')
DEBUG:pybindgen.typehandlers:try to lookup type handler for 'std::string' => success ((<class 'pybindgen.typehandlers.stringtype.StdStringParam'>, None, <pybindgen.typehandlers.ctypeparser.TypeTraits object at 0xffffbc9c3a00>))
DEBUG:pybindgen.typehandlers:TypeMatcher.lookup('std::string')
DEBUG:pybindgen.typehandlers:try to lookup type handler for 'std::string' => success ((<class 'pybindgen.typehandlers.stringtype.StdStringParam'>, None, <pybindgen.typehandlers.ctypeparser.TypeTraits object at 0xffffbc9c3b50>))
DEBUG:pybindgen.typehandlers:TypeMatcher.lookup('ns3::CallbackBase const &')
DEBUG:pybindgen.typehandlers:try to lookup type handler for 'ns3::CallbackBase const &' => success ((<class 'pybindgen.cppclass.CppClass.__init__.<locals>.ThisClassRefParameter'>, None, <pybindgen.typehandlers.ctypeparser.TypeTraits object at 0xffffbc9c3d00>))
DEBUG:pybindgen.typehandlers:TypeMatcher.lookup('bool')
DEBUG:pybindgen.typehandlers:try to lookup type handler for 'bool' => success ((<class 'pybindgen.typehandlers.booltype.BoolReturn'>, None, <pybindgen.typehandlers.ctypeparser.TypeTraits object at 0xffffbc9c63a0>))
DEBUG:pybindgen.typehandlers:TypeMatcher.lookup('std::string')
DEBUG:pybindgen.typehandlers:try to lookup type handler for 'std::string' => success ((<class 'pybindgen.typehandlers.stringtype.StdStringParam'>, None, <pybindgen.typehandlers.ctypeparser.TypeTraits object at 0xffffbc9c65b0>))
DEBUG:pybindgen.typehandlers:TypeMatcher.lookup('ns3::CallbackBase const &')
DEBUG:pybindgen.typehandlers:try to lookup type handler for 'ns3::CallbackBase const &' => success ((<class 'pybindgen.cppclass.CppClass.__init__.<locals>.ThisClassRefParameter'>, None, <pybindgen.typehandlers.ctypeparser.TypeTraits object at 0xffffbc9c6700>))
DEBUG:pybindgen.typehandlers:TypeMatcher.lookup('bool')
DEBUG:pybindgen.typehandlers:try to lookup type handler for 'bool' => success ((<class 'pybindgen.typehandlers.booltype.BoolReturn'>, None, <pybindgen.typehandlers.ctypeparser.TypeTraits object at 0xffffbc9c6d60>))
DEBUG:pybindgen.typehandlers:TypeMatcher.lookup('std::string')
DEBUG:pybindgen.typehandlers:try to lookup type handler for 'std::string' => success ((<class 'pybindgen.typehandlers.stringtype.StdStringParam'>, None, <pybindgen.typehandlers.ctypeparser.TypeTraits object at 0xffffbc9c6f70>))
DEBUG:pybindgen.typehandlers:TypeMatcher.lookup('std::string')
DEBUG:pybindgen.typehandlers:try to lookup type handler for 'std::string' => success ((<class 'pybindgen.typehandlers.stringtype.StdStringParam'>, None, <pybindgen.typehandlers.ctypeparser.TypeTraits object at 0xffffbc9ca100>))
DEBUG:pybindgen.typehandlers:TypeMatcher.lookup('ns3::CallbackBase const &')
DEBUG:pybindgen.typehandlers:try to lookup type handler for 'ns3::CallbackBase const &' => success ((<class 'pybindgen.cppclass.CppClass.__init__.<locals>.ThisClassRefParameter'>, None, <pybindgen.typehandlers.ctypeparser.TypeTraits object at 0xffffbc9ca2b0>))
DEBUG:pybindgen.typehandlers:TypeMatcher.lookup('bool')
DEBUG:pybindgen.typehandlers:try to lookup type handler for 'bool' => success ((<class 'pybindgen.typehandlers.booltype.BoolReturn'>, None, <pybindgen.typehandlers.ctypeparser.TypeTraits object at 0xffffbc9ca910>))
DEBUG:pybindgen.typehandlers:TypeMatcher.lookup('std::string')
DEBUG:pybindgen.typehandlers:try to lookup type handler for 'std::string' => success ((<class 'pybindgen.typehandlers.stringtype.StdStringParam'>, None, <pybindgen.typehandlers.ctypeparser.TypeTraits object at 0xffffbc9cab20>))
DEBUG:pybindgen.typehandlers:TypeMatcher.lookup('ns3::CallbackBase const &')
DEBUG:pybindgen.typehandlers:try to lookup type handler for 'ns3::CallbackBase const &' => success ((<class 'pybindgen.cppclass.CppClass.__init__.<locals>.ThisClassRefParameter'>, None, <pybindgen.typehandlers.ctypeparser.TypeTraits object at 0xffffbc9cac70>))
DEBUG:pybindgen.typehandlers:TypeMatcher.lookup('void')
DEBUG:pybindgen.typehandlers:try to lookup type handler for 'void' => success ((<class 'pybindgen.typehandlers.voidtype.VoidReturn'>, None, <pybindgen.typehandlers.ctypeparser.TypeTraits object at 0xffffbc9cf340>))
DEBUG:pybindgen.typehandlers:TypeMatcher.lookup('ns3::AttributeConstructionList const &')
DEBUG:pybindgen.typehandlers:try to lookup type handler for 'ns3::AttributeConstructionList const &' => success ((<class 'pybindgen.cppclass.CppClass.__init__.<locals>.ThisClassRefParameter'>, None, <pybindgen.typehandlers.ctypeparser.TypeTraits object at 0xffffbc9cf550>))
DEBUG:pybindgen.typehandlers:TypeMatcher.lookup('void')
DEBUG:pybindgen.typehandlers:try to lookup type handler for 'void' => success ((<class 'pybindgen.typehandlers.voidtype.VoidReturn'>, None, <pybindgen.typehandlers.ctypeparser.TypeTraits object at 0xffffbc9cfeb0>))
DEBUG:pybindgen.typehandlers:TypeMatcher.lookup('ns3::ObjectDeleter const &')
DEBUG:pybindgen.typehandlers:try to lookup type handler for 'ns3::ObjectDeleter const &' => success ((<class 'pybindgen.cppclass.CppClass.__init__.<locals>.ThisClassRefParameter'>, None, <pybindgen.typehandlers.ctypeparser.TypeTraits object at 0xffffbc953df0>))
DEBUG:pybindgen.typehandlers:TypeMatcher.lookup('void')
DEBUG:pybindgen.typehandlers:try to lookup type handler for 'void' => success ((<class 'pybindgen.typehandlers.voidtype.VoidReturn'>, None, <pybindgen.typehandlers.ctypeparser.TypeTraits object at 0xffffbc958430>))
DEBUG:pybindgen.typehandlers:TypeMatcher.lookup('ns3::Object *')
DEBUG:pybindgen.typehandlers:try to lookup type handler for 'ns3::Object *' => success ((<class 'pybindgen.cppclass.MemoryPolicy.register_ptr_parameter_and_return.<locals>.ThisClassPtrParameter'>, None, <pybindgen.typehandlers.ctypeparser.TypeTraits object at 0xffffbc958640>))
/root/workspace/netwokr/ns-allinone-3.33/ns-3.33/src/aodv/bindings/modulegen__gcc_LP64.py:2539: Warning: exception TypeConfigurationError('Missing transfer_ownership option') in wrapper public: retval? ???::Delete (params?);
  cls.add_method('Delete',
DEBUG:pybindgen.typehandlers:TypeMatcher.lookup('ns3::ObjectFactory const &')
DEBUG:pybindgen.typehandlers:try to lookup type handler for 'ns3::ObjectFactory const &' => success ((<class 'pybindgen.cppclass.CppClass.__init__.<locals>.ThisClassRefParameter'>, None, <pybindgen.typehandlers.ctypeparser.TypeTraits object at 0xffffbc958880>))
DEBUG:pybindgen.typehandlers:TypeMatcher.lookup('std::string const &')
DEBUG:pybindgen.typehandlers:try to lookup type handler for 'std::string const &' => success ((<class 'pybindgen.typehandlers.stringtype.StdStringRefParam'>, None, <pybindgen.typehandlers.ctypeparser.TypeTraits object at 0xffffbc95d280>))
DEBUG:pybindgen.typehandlers:TypeMatcher.lookup('ns3::Ptr< ns3::Object >')
DEBUG:pybindgen.typehandlers:try to lookup type handler for 'ns3::Ptr< ns3::Object >' => failure
DEBUG:pybindgen.typehandlers:try to lookup type handler for 'ns3::Object *' => success ((<class 'pybindgen.cppclass.MemoryPolicy.register_ptr_parameter_and_return.<locals>.ThisClassPtrReturn'>, <ns3modulegen_core_customizations.SmartPointerTransformation object at 0xffffbcfe0d90>, <pybindgen.typehandlers.ctypeparser.TypeTraits object at 0xffffbc95db20>))
DEBUG:pybindgen.typehandlers:TypeMatcher.lookup('ns3::TypeId')
DEBUG:pybindgen.typehandlers:try to lookup type handler for 'ns3::TypeId' => success ((<class 'pybindgen.cppclass.CppClass.__init__.<locals>.ThisClassReturn'>, None, <pybindgen.typehandlers.ctypeparser.TypeTraits object at 0xffffbc95dee0>))
DEBUG:pybindgen.typehandlers:TypeMatcher.lookup('bool')
DEBUG:pybindgen.typehandlers:try to lookup type handler for 'bool' => success ((<class 'pybindgen.typehandlers.booltype.BoolReturn'>, None, <pybindgen.typehandlers.ctypeparser.TypeTraits object at 0xffffbc963460>))
DEBUG:pybindgen.typehandlers:TypeMatcher.lookup('void')
DEBUG:pybindgen.typehandlers:try to lookup type handler for 'void' => success ((<class 'pybindgen.typehandlers.voidtype.VoidReturn'>, None, <pybindgen.typehandlers.ctypeparser.TypeTraits object at 0xffffbc963970>))
DEBUG:pybindgen.typehandlers:TypeMatcher.lookup('void')
DEBUG:pybindgen.typehandlers:try to lookup type handler for 'void' => success ((<class 'pybindgen.typehandlers.voidtype.VoidReturn'>, None, <pybindgen.typehandlers.ctypeparser.TypeTraits object at 0xffffbc963f10>))
DEBUG:pybindgen.typehandlers:TypeMatcher.lookup('ns3::TypeId')
DEBUG:pybindgen.typehandlers:try to lookup type handler for 'ns3::TypeId' => success ((<class 'pybindgen.cppclass.CppClass.__init__.<locals>.ThisClassParameter'>, None, <pybindgen.typehandlers.ctypeparser.TypeTraits object at 0xffffbc969160>))
DEBUG:pybindgen.typehandlers:TypeMatcher.lookup('void')
DEBUG:pybindgen.typehandlers:try to lookup type handler for 'void' => success ((<class 'pybindgen.typehandlers.voidtype.VoidReturn'>, None, <pybindgen.typehandlers.ctypeparser.TypeTraits object at 0xffffbc969670>))
DEBUG:pybindgen.typehandlers:TypeMatcher.lookup('char const *')
DEBUG:pybindgen.typehandlers:try to lookup type handler for 'char const *' => success ((<class 'pybindgen.typehandlers.stringtype.CStringParam'>, None, <pybindgen.typehandlers.ctypeparser.TypeTraits object at 0xffffbc969880>))
DEBUG:pybindgen.typehandlers:TypeMatcher.lookup('void')
DEBUG:pybindgen.typehandlers:try to lookup type handler for 'void' => success ((<class 'pybindgen.typehandlers.voidtype.VoidReturn'>, None, <pybindgen.typehandlers.ctypeparser.TypeTraits object at 0xffffbc969e20>))
DEBUG:pybindgen.typehandlers:TypeMatcher.lookup('std::string')
DEBUG:pybindgen.typehandlers:try to lookup type handler for 'std::string' => success ((<class 'pybindgen.typehandlers.stringtype.StdStringParam'>, None, <pybindgen.typehandlers.ctypeparser.TypeTraits object at 0xffffbc953d90>))
DEBUG:pybindgen.typehandlers:TypeMatcher.lookup('uint64_t')
DEBUG:pybindgen.typehandlers:try to lookup type handler for 'uint64_t' => success ((<class 'pybindgen.typehandlers.inttype.UnsignedLongLongParam'>, None, <pybindgen.typehandlers.ctypeparser.TypeTraits object at 0xffffbc96c100>))
DEBUG:pybindgen.typehandlers:TypeMatcher.lookup('uint32_t')
DEBUG:pybindgen.typehandlers:try to lookup type handler for 'uint32_t' => success ((<class 'pybindgen.typehandlers.inttype.UnsignedIntParam'>, None, <pybindgen.typehandlers.ctypeparser.TypeTraits object at 0xffffbc96c250>))
DEBUG:pybindgen.typehandlers:TypeMatcher.lookup('ns3::PacketMetadata const &')
DEBUG:pybindgen.typehandlers:try to lookup type handler for 'ns3::PacketMetadata const &' => success ((<class 'pybindgen.cppclass.CppClass.__init__.<locals>.ThisClassRefParameter'>, None, <pybindgen.typehandlers.ctypeparser.TypeTraits object at 0xffffbc96c7c0>))
DEBUG:pybindgen.typehandlers:TypeMatcher.lookup('void')
DEBUG:pybindgen.typehandlers:try to lookup type handler for 'void' => success ((<class 'pybindgen.typehandlers.voidtype.VoidReturn'>, None, <pybindgen.typehandlers.ctypeparser.TypeTraits object at 0xffffbc96cd90>))
DEBUG:pybindgen.typehandlers:TypeMatcher.lookup('ns3::PacketMetadata const &')
DEBUG:pybindgen.typehandlers:try to lookup type handler for 'ns3::PacketMetadata const &' => success ((<class 'pybindgen.cppclass.CppClass.__init__.<locals>.ThisClassRefParameter'>, None, <pybindgen.typehandlers.ctypeparser.TypeTraits object at 0xffffbc96cfa0>))
DEBUG:pybindgen.typehandlers:TypeMatcher.lookup('void')
DEBUG:pybindgen.typehandlers:try to lookup type handler for 'void' => success ((<class 'pybindgen.typehandlers.voidtype.VoidReturn'>, None, <pybindgen.typehandlers.ctypeparser.TypeTraits object at 0xffffbc96f5e0>))
DEBUG:pybindgen.typehandlers:TypeMatcher.lookup('ns3::Header const &')
DEBUG:pybindgen.typehandlers:try to lookup type handler for 'ns3::Header const &' => success ((<class 'pybindgen.cppclass.CppClass.__init__.<locals>.ThisClassRefParameter'>, None, <pybindgen.typehandlers.ctypeparser.TypeTraits object at 0xffffbc96f7f0>))
DEBUG:pybindgen.typehandlers:TypeMatcher.lookup('uint32_t')
DEBUG:pybindgen.typehandlers:try to lookup type handler for 'uint32_t' => success ((<class 'pybindgen.typehandlers.inttype.UnsignedIntParam'>, None, <pybindgen.typehandlers.ctypeparser.TypeTraits object at 0xffffbc96fa30>))
DEBUG:pybindgen.typehandlers:TypeMatcher.lookup('void')
DEBUG:pybindgen.typehandlers:try to lookup type handler for 'void' => success ((<class 'pybindgen.typehandlers.voidtype.VoidReturn'>, None, <pybindgen.typehandlers.ctypeparser.TypeTraits object at 0xffffbc96ffa0>))
DEBUG:pybindgen.typehandlers:TypeMatcher.lookup('uint32_t')
DEBUG:pybindgen.typehandlers:try to lookup type handler for 'uint32_t' => success ((<class 'pybindgen.typehandlers.inttype.UnsignedIntParam'>, None, <pybindgen.typehandlers.ctypeparser.TypeTraits object at 0xffffbc9721f0>))
DEBUG:pybindgen.typehandlers:TypeMatcher.lookup('void')
DEBUG:pybindgen.typehandlers:try to lookup type handler for 'void' => success ((<class 'pybindgen.typehandlers.voidtype.VoidReturn'>, None, <pybindgen.typehandlers.ctypeparser.TypeTraits object at 0xffffbc972700>))
DEBUG:pybindgen.typehandlers:TypeMatcher.lookup('ns3::Trailer const &')
DEBUG:pybindgen.typehandlers:try to lookup type handler for 'ns3::Trailer const &' => success ((<class 'pybindgen.cppclass.CppClass.__init__.<locals>.ThisClassRefParameter'>, None, <pybindgen.typehandlers.ctypeparser.TypeTraits object at 0xffffbc972910>))
DEBUG:pybindgen.typehandlers:TypeMatcher.lookup('uint32_t')
DEBUG:pybindgen.typehandlers:try to lookup type handler for 'uint32_t' => success ((<class 'pybindgen.typehandlers.inttype.UnsignedIntParam'>, None, <pybindgen.typehandlers.ctypeparser.TypeTraits object at 0xffffbc972b50>))
DEBUG:pybindgen.typehandlers:TypeMatcher.lookup('ns3::PacketMetadata::ItemIterator')
DEBUG:pybindgen.typehandlers:try to lookup type handler for 'ns3::PacketMetadata::ItemIterator' => success ((<class 'pybindgen.cppclass.CppClass.__init__.<locals>.ThisClassReturn'>, None, <pybindgen.typehandlers.ctypeparser.TypeTraits object at 0xffffbc975130>))
DEBUG:pybindgen.typehandlers:TypeMatcher.lookup('ns3::Buffer')
DEBUG:pybindgen.typehandlers:try to lookup type handler for 'ns3::Buffer' => success ((<class 'pybindgen.cppclass.CppClass.__init__.<locals>.ThisClassParameter'>, None, <pybindgen.typehandlers.ctypeparser.TypeTraits object at 0xffffbc975310>))
DEBUG:pybindgen.typehandlers:TypeMatcher.lookup('ns3::PacketMetadata')
DEBUG:pybindgen.typehandlers:try to lookup type handler for 'ns3::PacketMetadata' => success ((<class 'pybindgen.cppclass.CppClass.__init__.<locals>.ThisClassReturn'>, None, <pybindgen.typehandlers.ctypeparser.TypeTraits object at 0xffffbc975820>))
DEBUG:pybindgen.typehandlers:TypeMatcher.lookup('uint32_t')
DEBUG:pybindgen.typehandlers:try to lookup type handler for 'uint32_t' => success ((<class 'pybindgen.typehandlers.inttype.UnsignedIntParam'>, None, <pybindgen.typehandlers.ctypeparser.TypeTraits object at 0xffffbc975a00>))
DEBUG:pybindgen.typehandlers:TypeMatcher.lookup('uint32_t')
DEBUG:pybindgen.typehandlers:try to lookup type handler for 'uint32_t' => success ((<class 'pybindgen.typehandlers.inttype.UnsignedIntParam'>, None, <pybindgen.typehandlers.ctypeparser.TypeTraits object at 0xffffbc975b50>))
DEBUG:pybindgen.typehandlers:TypeMatcher.lookup('uint32_t')
DEBUG:pybindgen.typehandlers:try to lookup type handler for 'uint32_t' => success ((<class 'pybindgen.typehandlers.inttype.UnsignedIntReturn'>, None, <pybindgen.typehandlers.ctypeparser.TypeTraits object at 0xffffbc97a0a0>))
DEBUG:pybindgen.typehandlers:TypeMatcher.lookup('uint8_t const *')
DEBUG:pybindgen.typehandlers:try to lookup type handler for 'uint8_t const *' => success ((<class 'pybindgen.typehandlers.inttype.UInt8PtrParam'>, None, <pybindgen.typehandlers.ctypeparser.TypeTraits object at 0xffffbc97a2e0>))
/root/workspace/netwokr/ns-allinone-3.33/ns-3.33/src/aodv/bindings/modulegen__gcc_LP64.py:2618: Warning: exception TypeConfigurationError('direction not given') in wrapper public: retval? ???::Deserialize (params?);
  cls.add_method('Deserialize',
DEBUG:pybindgen.typehandlers:TypeMatcher.lookup('void')
DEBUG:pybindgen.typehandlers:try to lookup type handler for 'void' => success ((<class 'pybindgen.typehandlers.voidtype.VoidReturn'>, None, <pybindgen.typehandlers.ctypeparser.TypeTraits object at 0xffffbc97a5e0>))
DEBUG:pybindgen.typehandlers:TypeMatcher.lookup('void')
DEBUG:pybindgen.typehandlers:try to lookup type handler for 'void' => success ((<class 'pybindgen.typehandlers.voidtype.VoidReturn'>, None, <pybindgen.typehandlers.ctypeparser.TypeTraits object at 0xffffbc97ab50>))
DEBUG:pybindgen.typehandlers:TypeMatcher.lookup('uint32_t')
DEBUG:pybindgen.typehandlers:try to lookup type handler for 'uint32_t' => success ((<class 'pybindgen.typehandlers.inttype.UnsignedIntReturn'>, None, <pybindgen.typehandlers.ctypeparser.TypeTraits object at 0xffffbc97e100>))
DEBUG:pybindgen.typehandlers:TypeMatcher.lookup('uint64_t')
DEBUG:pybindgen.typehandlers:try to lookup type handler for 'uint64_t' => success ((<class 'pybindgen.typehandlers.inttype.UnsignedLongLongReturn'>, None, <pybindgen.typehandlers.ctypeparser.TypeTraits object at 0xffffbc97e670>))
DEBUG:pybindgen.typehandlers:TypeMatcher.lookup('void')
DEBUG:pybindgen.typehandlers:try to lookup type handler for 'void' => success ((<class 'pybindgen.typehandlers.voidtype.VoidReturn'>, None, <pybindgen.typehandlers.ctypeparser.TypeTraits object at 0xffffbc97eb80>))
DEBUG:pybindgen.typehandlers:TypeMatcher.lookup('uint32_t')
DEBUG:pybindgen.typehandlers:try to lookup type handler for 'uint32_t' => success ((<class 'pybindgen.typehandlers.inttype.UnsignedIntParam'>, None, <pybindgen.typehandlers.ctypeparser.TypeTraits object at 0xffffbc97edc0>))
DEBUG:pybindgen.typehandlers:TypeMatcher.lookup('void')
DEBUG:pybindgen.typehandlers:try to lookup type handler for 'void' => success ((<class 'pybindgen.typehandlers.voidtype.VoidReturn'>, None, <pybindgen.typehandlers.ctypeparser.TypeTraits object at 0xffffbc983310>))
DEBUG:pybindgen.typehandlers:TypeMatcher.lookup('uint32_t')
DEBUG:pybindgen.typehandlers:try to lookup type handler for 'uint32_t' => success ((<class 'pybindgen.typehandlers.inttype.UnsignedIntParam'>, None, <pybindgen.typehandlers.ctypeparser.TypeTraits object at 0xffffbc983520>))
DEBUG:pybindgen.typehandlers:TypeMatcher.lookup('void')
DEBUG:pybindgen.typehandlers:try to lookup type handler for 'void' => success ((<class 'pybindgen.typehandlers.voidtype.VoidReturn'>, None, <pybindgen.typehandlers.ctypeparser.TypeTraits object at 0xffffbc983a30>))
DEBUG:pybindgen.typehandlers:TypeMatcher.lookup('ns3::Header const &')
DEBUG:pybindgen.typehandlers:try to lookup type handler for 'ns3::Header const &' => success ((<class 'pybindgen.cppclass.CppClass.__init__.<locals>.ThisClassRefParameter'>, None, <pybindgen.typehandlers.ctypeparser.TypeTraits object at 0xffffbc983c40>))
DEBUG:pybindgen.typehandlers:TypeMatcher.lookup('uint32_t')
DEBUG:pybindgen.typehandlers:try to lookup type handler for 'uint32_t' => success ((<class 'pybindgen.typehandlers.inttype.UnsignedIntParam'>, None, <pybindgen.typehandlers.ctypeparser.TypeTraits object at 0xffffbc983e80>))
DEBUG:pybindgen.typehandlers:TypeMatcher.lookup('void')
DEBUG:pybindgen.typehandlers:try to lookup type handler for 'void' => success ((<class 'pybindgen.typehandlers.voidtype.VoidReturn'>, None, <pybindgen.typehandlers.ctypeparser.TypeTraits object at 0xffffbc987430>))
DEBUG:pybindgen.typehandlers:TypeMatcher.lookup('ns3::Trailer const &')
DEBUG:pybindgen.typehandlers:try to lookup type handler for 'ns3::Trailer const &' => success ((<class 'pybindgen.cppclass.CppClass.__init__.<locals>.ThisClassRefParameter'>, None, <pybindgen.typehandlers.ctypeparser.TypeTraits object at 0xffffbc987640>))
DEBUG:pybindgen.typehandlers:TypeMatcher.lookup('uint32_t')
DEBUG:pybindgen.typehandlers:try to lookup type handler for 'uint32_t' => success ((<class 'pybindgen.typehandlers.inttype.UnsignedIntParam'>, None, <pybindgen.typehandlers.ctypeparser.TypeTraits object at 0xffffbc987880>))
DEBUG:pybindgen.typehandlers:TypeMatcher.lookup('uint32_t')
DEBUG:pybindgen.typehandlers:try to lookup type handler for 'uint32_t' => success ((<class 'pybindgen.typehandlers.inttype.UnsignedIntReturn'>, None, <pybindgen.typehandlers.ctypeparser.TypeTraits object at 0xffffbc97a2e0>))
DEBUG:pybindgen.typehandlers:TypeMatcher.lookup('uint8_t *')
DEBUG:pybindgen.typehandlers:try to lookup type handler for 'uint8_t *' => success ((<class 'pybindgen.typehandlers.inttype.UInt8PtrParam'>, None, <pybindgen.typehandlers.ctypeparser.TypeTraits object at 0xffffbc97a430>))
/root/workspace/netwokr/ns-allinone-3.33/ns-3.33/src/aodv/bindings/modulegen__gcc_LP64.py:2658: Warning: exception TypeConfigurationError('direction not given') in wrapper public: retval? ???::Serialize (params?) const;
  cls.add_method('Serialize',
DEBUG:pybindgen.typehandlers:TypeMatcher.lookup('ns3::PacketMetadata::Item const &')
DEBUG:pybindgen.typehandlers:try to lookup type handler for 'ns3::PacketMetadata::Item const &' => success ((<class 'pybindgen.cppclass.CppClass.__init__.<locals>.ThisClassRefParameter'>, None, <pybindgen.typehandlers.ctypeparser.TypeTraits object at 0xffffbc98a160>))
DEBUG:pybindgen.typehandlers:TypeMatcher.lookup('ns3::Buffer::Iterator')
DEBUG:pybindgen.typehandlers:try to lookup type handler for 'ns3::Buffer::Iterator' => success ((<class 'pybindgen.cppclass.CppClass.__init__.<locals>.ThisClassReturn'>, None, <pybindgen.typehandlers.ctypeparser.TypeTraits object at 0xffffbc98a100>))
DEBUG:pybindgen.typehandlers:TypeMatcher.lookup('uint32_t')
DEBUG:pybindgen.typehandlers:try to lookup type handler for 'uint32_t' => success ((<class 'pybindgen.typehandlers.inttype.UnsignedIntReturn'>, None, <pybindgen.typehandlers.ctypeparser.TypeTraits object at 0xffffbc98af40>))
DEBUG:pybindgen.typehandlers:TypeMatcher.lookup('uint32_t')
DEBUG:pybindgen.typehandlers:try to lookup type handler for 'uint32_t' => success ((<class 'pybindgen.typehandlers.inttype.UnsignedIntReturn'>, None, <pybindgen.typehandlers.ctypeparser.TypeTraits object at 0xffffbc98f790>))
DEBUG:pybindgen.typehandlers:TypeMatcher.lookup('uint32_t')
DEBUG:pybindgen.typehandlers:try to lookup type handler for 'uint32_t' => success ((<class 'pybindgen.typehandlers.inttype.UnsignedIntReturn'>, None, <pybindgen.typehandlers.ctypeparser.TypeTraits object at 0xffffbc98ffa0>))
DEBUG:pybindgen.typehandlers:TypeMatcher.lookup('bool')
DEBUG:pybindgen.typehandlers:try to lookup type handler for 'bool' => success ((<class 'pybindgen.typehandlers.booltype.BoolReturn'>, None, <pybindgen.typehandlers.ctypeparser.TypeTraits object at 0xffffbc9157f0>))
DEBUG:pybindgen.typehandlers:TypeMatcher.lookup('ns3::TypeId')
DEBUG:pybindgen.typehandlers:try to lookup type handler for 'ns3::TypeId' => success ((<class 'pybindgen.cppclass.CppClass.__init__.<locals>.ThisClassReturn'>, None, <pybindgen.typehandlers.ctypeparser.TypeTraits object at 0xffffbc915d60>))
DEBUG:pybindgen.typehandlers:TypeMatcher.lookup('ns3::PacketMetadata::Item::ItemType')
DEBUG:pybindgen.typehandlers:try to lookup type handler for 'ns3::PacketMetadata::Item::ItemType' => success ((<class 'pybindgen.enum.Enum.set_module.<locals>.ThisEnumReturn'>, None, <pybindgen.typehandlers.ctypeparser.TypeTraits object at 0xffffbc97a1c0>))
DEBUG:pybindgen.typehandlers:TypeMatcher.lookup('ns3::PacketMetadata::ItemIterator const &')
DEBUG:pybindgen.typehandlers:try to lookup type handler for 'ns3::PacketMetadata::ItemIterator const &' => success ((<class 'pybindgen.cppclass.CppClass.__init__.<locals>.ThisClassRefParameter'>, None, <pybindgen.typehandlers.ctypeparser.TypeTraits object at 0xffffbc91ab50>))
DEBUG:pybindgen.typehandlers:TypeMatcher.lookup('ns3::PacketMetadata const *')
DEBUG:pybindgen.typehandlers:try to lookup type handler for 'ns3::PacketMetadata const *' => success ((<class 'pybindgen.cppclass.CppClass.__init__.<locals>.ThisClassPtrParameter'>, None, <pybindgen.typehandlers.ctypeparser.TypeTraits object at 0xffffbc9201f0>))
DEBUG:pybindgen.typehandlers:TypeMatcher.lookup('ns3::Buffer')
DEBUG:pybindgen.typehandlers:try to lookup type handler for 'ns3::Buffer' => success ((<class 'pybindgen.cppclass.CppClass.__init__.<locals>.ThisClassParameter'>, None, <pybindgen.typehandlers.ctypeparser.TypeTraits object at 0xffffbc920430>))
DEBUG:pybindgen.typehandlers:TypeMatcher.lookup('bool')
DEBUG:pybindgen.typehandlers:try to lookup type handler for 'bool' => success ((<class 'pybindgen.typehandlers.booltype.BoolReturn'>, None, <pybindgen.typehandlers.ctypeparser.TypeTraits object at 0xffffbc9209a0>))
DEBUG:pybindgen.typehandlers:TypeMatcher.lookup('ns3::PacketMetadata::Item')
DEBUG:pybindgen.typehandlers:try to lookup type handler for 'ns3::PacketMetadata::Item' => success ((<class 'pybindgen.cppclass.CppClass.__init__.<locals>.ThisClassReturn'>, None, <pybindgen.typehandlers.ctypeparser.TypeTraits object at 0xffffbc920eb0>))
DEBUG:pybindgen.typehandlers:TypeMatcher.lookup('ns3::PacketTagIterator const &')
DEBUG:pybindgen.typehandlers:try to lookup type handler for 'ns3::PacketTagIterator const &' => success ((<class 'pybindgen.cppclass.CppClass.__init__.<locals>.ThisClassRefParameter'>, None, <pybindgen.typehandlers.ctypeparser.TypeTraits object at 0xffffbc924490>))
DEBUG:pybindgen.typehandlers:TypeMatcher.lookup('bool')
DEBUG:pybindgen.typehandlers:try to lookup type handler for 'bool' => success ((<class 'pybindgen.typehandlers.booltype.BoolReturn'>, None, <pybindgen.typehandlers.ctypeparser.TypeTraits object at 0xffffbc924a90>))
DEBUG:pybindgen.typehandlers:TypeMatcher.lookup('ns3::PacketTagIterator::Item')
DEBUG:pybindgen.typehandlers:try to lookup type handler for 'ns3::PacketTagIterator::Item' => success ((<class 'pybindgen.cppclass.CppClass.__init__.<locals>.ThisClassReturn'>, None, <pybindgen.typehandlers.ctypeparser.TypeTraits object at 0xffffbc924fa0>))
DEBUG:pybindgen.typehandlers:TypeMatcher.lookup('ns3::PacketTagIterator::Item const &')
DEBUG:pybindgen.typehandlers:try to lookup type handler for 'ns3::PacketTagIterator::Item const &' => success ((<class 'pybindgen.cppclass.CppClass.__init__.<locals>.ThisClassRefParameter'>, None, <pybindgen.typehandlers.ctypeparser.TypeTraits object at 0xffffbc928580>))
DEBUG:pybindgen.typehandlers:TypeMatcher.lookup('void')
DEBUG:pybindgen.typehandlers:try to lookup type handler for 'void' => success ((<class 'pybindgen.typehandlers.voidtype.VoidReturn'>, None, <pybindgen.typehandlers.ctypeparser.TypeTraits object at 0xffffbc928b80>))
DEBUG:pybindgen.typehandlers:TypeMatcher.lookup('ns3::Tag &')
DEBUG:pybindgen.typehandlers:try to lookup type handler for 'ns3::Tag &' => success ((<class 'pybindgen.cppclass.CppClass.__init__.<locals>.ThisClassRefParameter'>, None, <pybindgen.typehandlers.ctypeparser.TypeTraits object at 0xffffbc928d90>))
DEBUG:pybindgen.typehandlers:TypeMatcher.lookup('ns3::TypeId')
DEBUG:pybindgen.typehandlers:try to lookup type handler for 'ns3::TypeId' => success ((<class 'pybindgen.cppclass.CppClass.__init__.<locals>.ThisClassReturn'>, None, <pybindgen.typehandlers.ctypeparser.TypeTraits object at 0xffffbc92c370>))
DEBUG:pybindgen.typehandlers:TypeMatcher.lookup('ns3::PacketTagList const &')
DEBUG:pybindgen.typehandlers:try to lookup type handler for 'ns3::PacketTagList const &' => success ((<class 'pybindgen.cppclass.CppClass.__init__.<locals>.ThisClassRefParameter'>, None, <pybindgen.typehandlers.ctypeparser.TypeTraits object at 0xffffbc92cc10>))
DEBUG:pybindgen.typehandlers:TypeMatcher.lookup('void')
DEBUG:pybindgen.typehandlers:try to lookup type handler for 'void' => success ((<class 'pybindgen.typehandlers.voidtype.VoidReturn'>, None, <pybindgen.typehandlers.ctypeparser.TypeTraits object at 0xffffbc932250>))
DEBUG:pybindgen.typehandlers:TypeMatcher.lookup('ns3::Tag const &')
DEBUG:pybindgen.typehandlers:try to lookup type handler for 'ns3::Tag const &' => success ((<class 'pybindgen.cppclass.CppClass.__init__.<locals>.ThisClassRefParameter'>, None, <pybindgen.typehandlers.ctypeparser.TypeTraits object at 0xffffbc932460>))
DEBUG:pybindgen.typehandlers:TypeMatcher.lookup('uint32_t')
DEBUG:pybindgen.typehandlers:try to lookup type handler for 'uint32_t' => success ((<class 'pybindgen.typehandlers.inttype.UnsignedIntReturn'>, None, <pybindgen.typehandlers.ctypeparser.TypeTraits object at 0xffffbc932a00>))
DEBUG:pybindgen.typehandlers:TypeMatcher.lookup('uint32_t const *')
DEBUG:pybindgen.typehandlers:try to lookup type handler for 'uint32_t const *' => success ((<class 'pybindgen.typehandlers.inttype.UnsignedIntPtrParam'>, None, <pybindgen.typehandlers.ctypeparser.TypeTraits object at 0xffffbc932c40>))
DEBUG:pybindgen.typehandlers:TypeMatcher.lookup('uint32_t')
DEBUG:pybindgen.typehandlers:try to lookup type handler for 'uint32_t' => success ((<class 'pybindgen.typehandlers.inttype.UnsignedIntParam'>, None, <pybindgen.typehandlers.ctypeparser.TypeTraits object at 0xffffbc932e80>))
DEBUG:pybindgen.typehandlers:TypeMatcher.lookup('uint32_t')
DEBUG:pybindgen.typehandlers:try to lookup type handler for 'uint32_t' => success ((<class 'pybindgen.typehandlers.inttype.UnsignedIntReturn'>, None, <pybindgen.typehandlers.ctypeparser.TypeTraits object at 0xffffbc935460>))
DEBUG:pybindgen.typehandlers:TypeMatcher.lookup('ns3::PacketTagList::TagData const *')
DEBUG:pybindgen.typehandlers:try to lookup type handler for 'ns3::PacketTagList::TagData const *' => success ((<class 'pybindgen.cppclass.CppClass.__init__.<locals>.ThisClassPtrReturn'>, None, <pybindgen.typehandlers.ctypeparser.TypeTraits object at 0xffffbc9359d0>))
DEBUG:pybindgen.typehandlers:TypeMatcher.lookup('bool')
DEBUG:pybindgen.typehandlers:try to lookup type handler for 'bool' => success ((<class 'pybindgen.typehandlers.booltype.BoolReturn'>, None, <pybindgen.typehandlers.ctypeparser.TypeTraits object at 0xffffbc93a040>))
DEBUG:pybindgen.typehandlers:TypeMatcher.lookup('ns3::Tag &')
DEBUG:pybindgen.typehandlers:try to lookup type handler for 'ns3::Tag &' => success ((<class 'pybindgen.cppclass.CppClass.__init__.<locals>.ThisClassRefParameter'>, None, <pybindgen.typehandlers.ctypeparser.TypeTraits object at 0xffffbc93a250>))
DEBUG:pybindgen.typehandlers:TypeMatcher.lookup('bool')
DEBUG:pybindgen.typehandlers:try to lookup type handler for 'bool' => success ((<class 'pybindgen.typehandlers.booltype.BoolReturn'>, None, <pybindgen.typehandlers.ctypeparser.TypeTraits object at 0xffffbc93a790>))
DEBUG:pybindgen.typehandlers:TypeMatcher.lookup('ns3::Tag &')
DEBUG:pybindgen.typehandlers:try to lookup type handler for 'ns3::Tag &' => success ((<class 'pybindgen.cppclass.CppClass.__init__.<locals>.ThisClassRefParameter'>, None, <pybindgen.typehandlers.ctypeparser.TypeTraits object at 0xffffbc93a9d0>))
DEBUG:pybindgen.typehandlers:TypeMatcher.lookup('void')
DEBUG:pybindgen.typehandlers:try to lookup type handler for 'void' => success ((<class 'pybindgen.typehandlers.voidtype.VoidReturn'>, None, <pybindgen.typehandlers.ctypeparser.TypeTraits object at 0xffffbc93afd0>))
DEBUG:pybindgen.typehandlers:TypeMatcher.lookup('bool')
DEBUG:pybindgen.typehandlers:try to lookup type handler for 'bool' => success ((<class 'pybindgen.typehandlers.booltype.BoolReturn'>, None, <pybindgen.typehandlers.ctypeparser.TypeTraits object at 0xffffbc93f520>))
DEBUG:pybindgen.typehandlers:TypeMatcher.lookup('ns3::Tag &')
DEBUG:pybindgen.typehandlers:try to lookup type handler for 'ns3::Tag &' => success ((<class 'pybindgen.cppclass.CppClass.__init__.<locals>.ThisClassRefParameter'>, None, <pybindgen.typehandlers.ctypeparser.TypeTraits object at 0xffffbc93f730>))
DEBUG:pybindgen.typehandlers:TypeMatcher.lookup('uint32_t')
DEBUG:pybindgen.typehandlers:try to lookup type handler for 'uint32_t' => success ((<class 'pybindgen.typehandlers.inttype.UnsignedIntReturn'>, None, <pybindgen.typehandlers.ctypeparser.TypeTraits object at 0xffffbc93fd00>))
DEBUG:pybindgen.typehandlers:TypeMatcher.lookup('uint32_t *')
DEBUG:pybindgen.typehandlers:try to lookup type handler for 'uint32_t *' => success ((<class 'pybindgen.typehandlers.inttype.UnsignedIntPtrParam'>, None, <pybindgen.typehandlers.ctypeparser.TypeTraits object at 0xffffbc93ff10>))
DEBUG:pybindgen.typehandlers:TypeMatcher.lookup('uint32_t')
DEBUG:pybindgen.typehandlers:try to lookup type handler for 'uint32_t' => success ((<class 'pybindgen.typehandlers.inttype.UnsignedIntParam'>, None, <pybindgen.typehandlers.ctypeparser.TypeTraits object at 0xffffbc944130>))
DEBUG:pybindgen.typehandlers:TypeMatcher.lookup('ns3::PacketTagList::TagData const &')
DEBUG:pybindgen.typehandlers:try to lookup type handler for 'ns3::PacketTagList::TagData const &' => success ((<class 'pybindgen.cppclass.CppClass.__init__.<locals>.ThisClassRefParameter'>, None, <pybindgen.typehandlers.ctypeparser.TypeTraits object at 0xffffbc944a00>))
DEBUG:pybindgen.typehandlers:TypeMatcher.lookup('uint32_t')
DEBUG:pybindgen.typehandlers:try to lookup type handler for 'uint32_t' => success ((<class 'pybindgen.typehandlers.inttype.UnsignedIntReturn'>, None, <pybindgen.typehandlers.ctypeparser.TypeTraits object at 0xffffbc9449a0>))
DEBUG:pybindgen.typehandlers:TypeMatcher.lookup('uint8_t [ 1 ]')
DEBUG:pybindgen.typehandlers:try to lookup type handler for 'uint8_t [ 1 ]' => failure
'uint8_t [ 1 ]' did not match
bindings/python/ns3modulegen-modular.py:30: UserWarning: exception TypeLookupError(['uint8_t [ 1 ]']) in wrapper None
  warnings.warn("exception %r in wrapper %s" % (exception, wrapper))
DEBUG:pybindgen.typehandlers:TypeMatcher.lookup('ns3::PacketTagList::TagData *')
DEBUG:pybindgen.typehandlers:try to lookup type handler for 'ns3::PacketTagList::TagData *' => success ((<class 'pybindgen.cppclass.CppClass.__init__.<locals>.ThisClassPtrReturn'>, None, <pybindgen.typehandlers.ctypeparser.TypeTraits object at 0xffffbc947a30>))
DEBUG:pybindgen.typehandlers:TypeMatcher.lookup('uint32_t')
DEBUG:pybindgen.typehandlers:try to lookup type handler for 'uint32_t' => success ((<class 'pybindgen.typehandlers.inttype.UnsignedIntReturn'>, None, <pybindgen.typehandlers.ctypeparser.TypeTraits object at 0xffffbc94e370>))
DEBUG:pybindgen.typehandlers:TypeMatcher.lookup('ns3::TypeId')
DEBUG:pybindgen.typehandlers:try to lookup type handler for 'ns3::TypeId' => success ((<class 'pybindgen.cppclass.CppClass.__init__.<locals>.ThisClassReturn'>, None, <pybindgen.typehandlers.ctypeparser.TypeTraits object at 0xffffbc947910>))
DEBUG:pybindgen.typehandlers:TypeMatcher.lookup('ns3::ParameterLogger const &')
DEBUG:pybindgen.typehandlers:try to lookup type handler for 'ns3::ParameterLogger const &' => success ((<class 'pybindgen.cppclass.CppClass.__init__.<locals>.ThisClassRefParameter'>, None, <pybindgen.typehandlers.ctypeparser.TypeTraits object at 0xffffbc8d3100>))
DEBUG:pybindgen.typehandlers:TypeMatcher.lookup('std::ostream &')
DEBUG:pybindgen.typehandlers:try to lookup type handler for 'std::ostream &' => failure
'std::ostream &' did not match
/root/workspace/netwokr/ns-allinone-3.33/ns-3.33/src/aodv/bindings/modulegen__gcc_LP64.py:2799: Warning: exception TypeLookupError(['std::ostream &']) in wrapper <pybindgen.cppmethod.CppConstructor object at 0xffffbc8d3160>
  cls.add_constructor([param('std::ostream &', 'os')])
DEBUG:pybindgen.typehandlers:TypeMatcher.lookup('ns3::SimpleRefCount< ns3::Object, ns3::ObjectBase, ns3::ObjectDeleter > const &')
DEBUG:pybindgen.typehandlers:try to lookup type handler for 'ns3::SimpleRefCount< ns3::Object, ns3::ObjectBase, ns3::ObjectDeleter > const &' => success ((<class 'pybindgen.cppclass.CppClass.__init__.<locals>.ThisClassRefParameter'>, None, <pybindgen.typehandlers.ctypeparser.TypeTraits object at 0xffffbc8d3d30>))
DEBUG:pybindgen.typehandlers:TypeMatcher.lookup('ns3::Simulator const &')
DEBUG:pybindgen.typehandlers:try to lookup type handler for 'ns3::Simulator const &' => success ((<class 'pybindgen.cppclass.CppClass.__init__.<locals>.ThisClassRefParameter'>, None, <pybindgen.typehandlers.ctypeparser.TypeTraits object at 0xffffbc8d8670>))
DEBUG:pybindgen.typehandlers:TypeMatcher.lookup('void')
DEBUG:pybindgen.typehandlers:try to lookup type handler for 'void' => success ((<class 'pybindgen.typehandlers.voidtype.VoidReturn'>, None, <pybindgen.typehandlers.ctypeparser.TypeTraits object at 0xffffbc8d8c70>))
DEBUG:pybindgen.typehandlers:TypeMatcher.lookup('ns3::EventId const &')
DEBUG:pybindgen.typehandlers:try to lookup type handler for 'ns3::EventId const &' => success ((<class 'pybindgen.cppclass.CppClass.__init__.<locals>.ThisClassRefParameter'>, None, <pybindgen.typehandlers.ctypeparser.TypeTraits object at 0xffffbc8d8e80>))
DEBUG:pybindgen.typehandlers:TypeMatcher.lookup('void')
DEBUG:pybindgen.typehandlers:try to lookup type handler for 'void' => success ((<class 'pybindgen.typehandlers.voidtype.VoidReturn'>, None, <pybindgen.typehandlers.ctypeparser.TypeTraits object at 0xffffbc8dc4c0>))
DEBUG:pybindgen.typehandlers:TypeMatcher.lookup('uint32_t')
DEBUG:pybindgen.typehandlers:try to lookup type handler for 'uint32_t' => success ((<class 'pybindgen.typehandlers.inttype.UnsignedIntReturn'>, None, <pybindgen.typehandlers.ctypeparser.TypeTraits object at 0xffffbc8dca30>))
DEBUG:pybindgen.typehandlers:TypeMatcher.lookup('ns3::Time')
DEBUG:pybindgen.typehandlers:try to lookup type handler for 'ns3::Time' => success ((<class 'pybindgen.cppclass.CppClass.__init__.<locals>.ThisClassReturn'>, None, <pybindgen.typehandlers.ctypeparser.TypeTraits object at 0xffffbc8dcfa0>))
DEBUG:pybindgen.typehandlers:TypeMatcher.lookup('ns3::EventId const &')
DEBUG:pybindgen.typehandlers:try to lookup type handler for 'ns3::EventId const &' => success ((<class 'pybindgen.cppclass.CppClass.__init__.<locals>.ThisClassRefParameter'>, None, <pybindgen.typehandlers.ctypeparser.TypeTraits object at 0xffffbc8e01c0>))
DEBUG:pybindgen.typehandlers:TypeMatcher.lookup('uint64_t')
DEBUG:pybindgen.typehandlers:try to lookup type handler for 'uint64_t' => success ((<class 'pybindgen.typehandlers.inttype.UnsignedLongLongReturn'>, None, <pybindgen.typehandlers.ctypeparser.TypeTraits object at 0xffffbc8d3850>))
DEBUG:pybindgen.typehandlers:TypeMatcher.lookup('ns3::Ptr< ns3::SimulatorImpl >')
DEBUG:pybindgen.typehandlers:try to lookup type handler for 'ns3::Ptr< ns3::SimulatorImpl >' => failure
DEBUG:pybindgen.typehandlers:try to lookup type handler for 'ns3::SimulatorImpl *' => failure ('')
/root/workspace/netwokr/ns-allinone-3.33/ns-3.33/src/aodv/bindings/modulegen__gcc_LP64.py:2838: Warning: exception TypeLookupError(['ns3::Ptr< ns3::SimulatorImpl >', 'ns3::SimulatorImpl *']) in wrapper public: retval? ???::GetImplementation (params?);
  cls.add_method('GetImplementation',
DEBUG:pybindgen.typehandlers:TypeMatcher.lookup('ns3::Time')
DEBUG:pybindgen.typehandlers:try to lookup type handler for 'ns3::Time' => success ((<class 'pybindgen.cppclass.CppClass.__init__.<locals>.ThisClassReturn'>, None, <pybindgen.typehandlers.ctypeparser.TypeTraits object at 0xffffbc8e0f70>))
DEBUG:pybindgen.typehandlers:TypeMatcher.lookup('uint32_t')
DEBUG:pybindgen.typehandlers:try to lookup type handler for 'uint32_t' => success ((<class 'pybindgen.typehandlers.inttype.UnsignedIntReturn'>, None, <pybindgen.typehandlers.ctypeparser.TypeTraits object at 0xffffbc8e5550>))
DEBUG:pybindgen.typehandlers:TypeMatcher.lookup('bool')
DEBUG:pybindgen.typehandlers:try to lookup type handler for 'bool' => success ((<class 'pybindgen.typehandlers.booltype.BoolReturn'>, None, <pybindgen.typehandlers.ctypeparser.TypeTraits object at 0xffffbc8e5ac0>))
DEBUG:pybindgen.typehandlers:TypeMatcher.lookup('ns3::EventId const &')
DEBUG:pybindgen.typehandlers:try to lookup type handler for 'ns3::EventId const &' => success ((<class 'pybindgen.cppclass.CppClass.__init__.<locals>.ThisClassRefParameter'>, None, <pybindgen.typehandlers.ctypeparser.TypeTraits object at 0xffffbc8e5cd0>))
DEBUG:pybindgen.typehandlers:TypeMatcher.lookup('bool')
DEBUG:pybindgen.typehandlers:try to lookup type handler for 'bool' => success ((<class 'pybindgen.typehandlers.booltype.BoolReturn'>, None, <pybindgen.typehandlers.ctypeparser.TypeTraits object at 0xffffbc8e8310>))
DEBUG:pybindgen.typehandlers:TypeMatcher.lookup('ns3::Time')
DEBUG:pybindgen.typehandlers:try to lookup type handler for 'ns3::Time' => success ((<class 'pybindgen.cppclass.CppClass.__init__.<locals>.ThisClassReturn'>, None, <pybindgen.typehandlers.ctypeparser.TypeTraits object at 0xffffbc8e8880>))
DEBUG:pybindgen.typehandlers:TypeMatcher.lookup('void')
DEBUG:pybindgen.typehandlers:try to lookup type handler for 'void' => success ((<class 'pybindgen.typehandlers.voidtype.VoidReturn'>, None, <pybindgen.typehandlers.ctypeparser.TypeTraits object at 0xffffbc8e8dc0>))
DEBUG:pybindgen.typehandlers:TypeMatcher.lookup('ns3::EventId const &')
DEBUG:pybindgen.typehandlers:try to lookup type handler for 'ns3::EventId const &' => success ((<class 'pybindgen.cppclass.CppClass.__init__.<locals>.ThisClassRefParameter'>, None, <pybindgen.typehandlers.ctypeparser.TypeTraits object at 0xffffbc8e8fd0>))
DEBUG:pybindgen.typehandlers:TypeMatcher.lookup('void')
DEBUG:pybindgen.typehandlers:try to lookup type handler for 'void' => success ((<class 'pybindgen.typehandlers.voidtype.VoidReturn'>, None, <pybindgen.typehandlers.ctypeparser.TypeTraits object at 0xffffbc8ee610>))
DEBUG:pybindgen.typehandlers:TypeMatcher.lookup('ns3::Ptr< ns3::SimulatorImpl >')
DEBUG:pybindgen.typehandlers:try to lookup type handler for 'ns3::Ptr< ns3::SimulatorImpl >' => failure
DEBUG:pybindgen.typehandlers:try to lookup type handler for 'ns3::SimulatorImpl *' => failure ('')
/root/workspace/netwokr/ns-allinone-3.33/ns-3.33/src/aodv/bindings/modulegen__gcc_LP64.py:2873: Warning: exception TypeLookupError(['ns3::Ptr< ns3::SimulatorImpl >', 'ns3::SimulatorImpl *']) in wrapper public: retval? ???::SetImplementation (params?);
  cls.add_method('SetImplementation',
DEBUG:pybindgen.typehandlers:TypeMatcher.lookup('void')
DEBUG:pybindgen.typehandlers:try to lookup type handler for 'void' => success ((<class 'pybindgen.typehandlers.voidtype.VoidReturn'>, None, <pybindgen.typehandlers.ctypeparser.TypeTraits object at 0xffffbc8eecd0>))
DEBUG:pybindgen.typehandlers:TypeMatcher.lookup('ns3::ObjectFactory')
DEBUG:pybindgen.typehandlers:try to lookup type handler for 'ns3::ObjectFactory' => success ((<class 'pybindgen.cppclass.CppClass.__init__.<locals>.ThisClassParameter'>, None, <pybindgen.typehandlers.ctypeparser.TypeTraits object at 0xffffbc8eef40>))
DEBUG:pybindgen.typehandlers:TypeMatcher.lookup('void')
DEBUG:pybindgen.typehandlers:try to lookup type handler for 'void' => success ((<class 'pybindgen.typehandlers.voidtype.VoidReturn'>, None, <pybindgen.typehandlers.ctypeparser.TypeTraits object at 0xffffbc8ee910>))
DEBUG:pybindgen.typehandlers:TypeMatcher.lookup('void')
DEBUG:pybindgen.typehandlers:try to lookup type handler for 'void' => success ((<class 'pybindgen.typehandlers.voidtype.VoidReturn'>, None, <pybindgen.typehandlers.ctypeparser.TypeTraits object at 0xffffbc8e0fa0>))
DEBUG:pybindgen.typehandlers:TypeMatcher.lookup('ns3::Time const &')
DEBUG:pybindgen.typehandlers:try to lookup type handler for 'ns3::Time const &' => success ((<class 'pybindgen.cppclass.CppClass.__init__.<locals>.ThisClassRefParameter'>, None, <pybindgen.typehandlers.ctypeparser.TypeTraits object at 0xffffbc8e0d00>))
DEBUG:pybindgen.typehandlers:TypeMatcher.lookup('ns3::Tag const &')
DEBUG:pybindgen.typehandlers:try to lookup type handler for 'ns3::Tag const &' => success ((<class 'pybindgen.cppclass.CppClass.__init__.<locals>.ThisClassRefParameter'>, None, <pybindgen.typehandlers.ctypeparser.TypeTraits object at 0xffffbc8f1910>))
DEBUG:pybindgen.typehandlers:TypeMatcher.lookup('void')
DEBUG:pybindgen.typehandlers:try to lookup type handler for 'void' => success ((<class 'pybindgen.typehandlers.voidtype.VoidReturn'>, None, <pybindgen.typehandlers.ctypeparser.TypeTraits object at 0xffffbc8f1f10>))
DEBUG:pybindgen.typehandlers:TypeMatcher.lookup('ns3::TagBuffer')
DEBUG:pybindgen.typehandlers:try to lookup type handler for 'ns3::TagBuffer' => success ((<class 'pybindgen.cppclass.CppClass.__init__.<locals>.ThisClassParameter'>, None, <pybindgen.typehandlers.ctypeparser.TypeTraits object at 0xffffbc8f7160>))
DEBUG:pybindgen.typehandlers:TypeMatcher.lookup('uint32_t')
DEBUG:pybindgen.typehandlers:try to lookup type handler for 'uint32_t' => success ((<class 'pybindgen.typehandlers.inttype.UnsignedIntReturn'>, None, <pybindgen.typehandlers.ctypeparser.TypeTraits object at 0xffffbc8f7940>))
DEBUG:pybindgen.typehandlers:TypeMatcher.lookup('ns3::TypeId')
DEBUG:pybindgen.typehandlers:try to lookup type handler for 'ns3::TypeId' => success ((<class 'pybindgen.cppclass.CppClass.__init__.<locals>.ThisClassReturn'>, None, <pybindgen.typehandlers.ctypeparser.TypeTraits object at 0xffffbc8fb1f0>))
DEBUG:pybindgen.typehandlers:TypeMatcher.lookup('void')
DEBUG:pybindgen.typehandlers:try to lookup type handler for 'void' => success ((<class 'pybindgen.typehandlers.voidtype.VoidReturn'>, None, <pybindgen.typehandlers.ctypeparser.TypeTraits object at 0xffffbc8fb6d0>))
DEBUG:pybindgen.typehandlers:TypeMatcher.lookup('std::ostream &')
DEBUG:pybindgen.typehandlers:try to lookup type handler for 'std::ostream &' => failure
'std::ostream &' did not match
/root/workspace/netwokr/ns-allinone-3.33/ns-3.33/src/aodv/bindings/modulegen__gcc_LP64.py:2915: Warning: exception TypeLookupError(['std::ostream &']) in wrapper public: virtual retval? ???::Print (params?) const = 0;
  cls.add_method('Print',
DEBUG:pybindgen.typehandlers:TypeMatcher.lookup('void')
DEBUG:pybindgen.typehandlers:try to lookup type handler for 'void' => success ((<class 'pybindgen.typehandlers.voidtype.VoidReturn'>, None, <pybindgen.typehandlers.ctypeparser.TypeTraits object at 0xffffbc8f1ee0>))
DEBUG:pybindgen.typehandlers:TypeMatcher.lookup('ns3::TagBuffer')
DEBUG:pybindgen.typehandlers:try to lookup type handler for 'ns3::TagBuffer' => success ((<class 'pybindgen.cppclass.CppClass.__init__.<locals>.ThisClassParameter'>, None, <pybindgen.typehandlers.ctypeparser.TypeTraits object at 0xffffbc8f7700>))
DEBUG:pybindgen.typehandlers:TypeMatcher.lookup('ns3::TagBuffer const &')
DEBUG:pybindgen.typehandlers:try to lookup type handler for 'ns3::TagBuffer const &' => success ((<class 'pybindgen.cppclass.CppClass.__init__.<locals>.ThisClassRefParameter'>, None, <pybindgen.typehandlers.ctypeparser.TypeTraits object at 0xffffbc8fba30>))
DEBUG:pybindgen.typehandlers:TypeMatcher.lookup('uint8_t *')
DEBUG:pybindgen.typehandlers:try to lookup type handler for 'uint8_t *' => success ((<class 'pybindgen.typehandlers.inttype.UInt8PtrParam'>, None, <pybindgen.typehandlers.ctypeparser.TypeTraits object at 0xffffbc8ff640>))
/root/workspace/netwokr/ns-allinone-3.33/ns-3.33/src/aodv/bindings/modulegen__gcc_LP64.py:2930: Warning: exception TypeConfigurationError('direction not given') in wrapper <pybindgen.cppmethod.CppConstructor object at 0xffffbc8fb9a0>
  cls.add_constructor([param('uint8_t *', 'start'), param('uint8_t *', 'end')])
DEBUG:pybindgen.typehandlers:TypeMatcher.lookup('void')
DEBUG:pybindgen.typehandlers:try to lookup type handler for 'void' => success ((<class 'pybindgen.typehandlers.voidtype.VoidReturn'>, None, <pybindgen.typehandlers.ctypeparser.TypeTraits object at 0xffffbc8ff880>))
DEBUG:pybindgen.typehandlers:TypeMatcher.lookup('ns3::TagBuffer')
DEBUG:pybindgen.typehandlers:try to lookup type handler for 'ns3::TagBuffer' => success ((<class 'pybindgen.cppclass.CppClass.__init__.<locals>.ThisClassParameter'>, None, <pybindgen.typehandlers.ctypeparser.TypeTraits object at 0xffffbc8ffac0>))
DEBUG:pybindgen.typehandlers:TypeMatcher.lookup('void')
DEBUG:pybindgen.typehandlers:try to lookup type handler for 'void' => success ((<class 'pybindgen.typehandlers.voidtype.VoidReturn'>, None, <pybindgen.typehandlers.ctypeparser.TypeTraits object at 0xffffbc8fffd0>))
DEBUG:pybindgen.typehandlers:TypeMatcher.lookup('uint8_t *')
DEBUG:pybindgen.typehandlers:try to lookup type handler for 'uint8_t *' => success ((<class 'pybindgen.typehandlers.inttype.UInt8PtrParam'>, None, <pybindgen.typehandlers.ctypeparser.TypeTraits object at 0xffffbc904220>))
/root/workspace/netwokr/ns-allinone-3.33/ns-3.33/src/aodv/bindings/modulegen__gcc_LP64.py:2936: Warning: exception TypeConfigurationError('direction not given') in wrapper public: retval? ???::Read (params?);
  cls.add_method('Read',
DEBUG:pybindgen.typehandlers:TypeMatcher.lookup('double')
DEBUG:pybindgen.typehandlers:try to lookup type handler for 'double' => success ((<class 'pybindgen.typehandlers.doubletype.DoubleReturn'>, None, <pybindgen.typehandlers.ctypeparser.TypeTraits object at 0xffffbc904460>))
DEBUG:pybindgen.typehandlers:TypeMatcher.lookup('uint16_t')
DEBUG:pybindgen.typehandlers:try to lookup type handler for 'uint16_t' => success ((<class 'pybindgen.typehandlers.inttype.UInt16Return'>, None, <pybindgen.typehandlers.ctypeparser.TypeTraits object at 0xffffbc904a00>))
DEBUG:pybindgen.typehandlers:TypeMatcher.lookup('uint32_t')
DEBUG:pybindgen.typehandlers:try to lookup type handler for 'uint32_t' => success ((<class 'pybindgen.typehandlers.inttype.UnsignedIntReturn'>, None, <pybindgen.typehandlers.ctypeparser.TypeTraits object at 0xffffbc904fd0>))
DEBUG:pybindgen.typehandlers:TypeMatcher.lookup('uint64_t')
DEBUG:pybindgen.typehandlers:try to lookup type handler for 'uint64_t' => success ((<class 'pybindgen.typehandlers.inttype.UnsignedLongLongReturn'>, None, <pybindgen.typehandlers.ctypeparser.TypeTraits object at 0xffffbc908520>))
DEBUG:pybindgen.typehandlers:TypeMatcher.lookup('uint8_t')
DEBUG:pybindgen.typehandlers:try to lookup type handler for 'uint8_t' => success ((<class 'pybindgen.typehandlers.inttype.UInt8Return'>, None, <pybindgen.typehandlers.ctypeparser.TypeTraits object at 0xffffbc908a90>))
DEBUG:pybindgen.typehandlers:TypeMatcher.lookup('void')
DEBUG:pybindgen.typehandlers:try to lookup type handler for 'void' => success ((<class 'pybindgen.typehandlers.voidtype.VoidReturn'>, None, <pybindgen.typehandlers.ctypeparser.TypeTraits object at 0xffffbc90c040>))
DEBUG:pybindgen.typehandlers:TypeMatcher.lookup('uint32_t')
DEBUG:pybindgen.typehandlers:try to lookup type handler for 'uint32_t' => success ((<class 'pybindgen.typehandlers.inttype.UnsignedIntParam'>, None, <pybindgen.typehandlers.ctypeparser.TypeTraits object at 0xffffbc90c250>))
DEBUG:pybindgen.typehandlers:TypeMatcher.lookup('void')
DEBUG:pybindgen.typehandlers:try to lookup type handler for 'void' => success ((<class 'pybindgen.typehandlers.voidtype.VoidReturn'>, None, <pybindgen.typehandlers.ctypeparser.TypeTraits object at 0xffffbc90c760>))
DEBUG:pybindgen.typehandlers:TypeMatcher.lookup('uint8_t const *')
DEBUG:pybindgen.typehandlers:try to lookup type handler for 'uint8_t const *' => success ((<class 'pybindgen.typehandlers.inttype.UInt8PtrParam'>, None, <pybindgen.typehandlers.ctypeparser.TypeTraits object at 0xffffbc90c970>))
/root/workspace/netwokr/ns-allinone-3.33/ns-3.33/src/aodv/bindings/modulegen__gcc_LP64.py:2964: Warning: exception TypeConfigurationError('direction not given') in wrapper public: retval? ???::Write (params?);
  cls.add_method('Write',
DEBUG:pybindgen.typehandlers:TypeMatcher.lookup('void')
DEBUG:pybindgen.typehandlers:try to lookup type handler for 'void' => success ((<class 'pybindgen.typehandlers.voidtype.VoidReturn'>, None, <pybindgen.typehandlers.ctypeparser.TypeTraits object at 0xffffbc904430>))
DEBUG:pybindgen.typehandlers:TypeMatcher.lookup('double')
DEBUG:pybindgen.typehandlers:try to lookup type handler for 'double' => success ((<class 'pybindgen.typehandlers.doubletype.DoubleParam'>, None, <pybindgen.typehandlers.ctypeparser.TypeTraits object at 0xffffbc904130>))
DEBUG:pybindgen.typehandlers:TypeMatcher.lookup('void')
DEBUG:pybindgen.typehandlers:try to lookup type handler for 'void' => success ((<class 'pybindgen.typehandlers.voidtype.VoidReturn'>, None, <pybindgen.typehandlers.ctypeparser.TypeTraits object at 0xffffbc90cc40>))
DEBUG:pybindgen.typehandlers:TypeMatcher.lookup('uint16_t')
DEBUG:pybindgen.typehandlers:try to lookup type handler for 'uint16_t' => success ((<class 'pybindgen.typehandlers.inttype.UInt16Param'>, None, <pybindgen.typehandlers.ctypeparser.TypeTraits object at 0xffffbc90ce50>))
DEBUG:pybindgen.typehandlers:TypeMatcher.lookup('void')
DEBUG:pybindgen.typehandlers:try to lookup type handler for 'void' => success ((<class 'pybindgen.typehandlers.voidtype.VoidReturn'>, None, <pybindgen.typehandlers.ctypeparser.TypeTraits object at 0xffffbc8913a0>))
DEBUG:pybindgen.typehandlers:TypeMatcher.lookup('uint32_t')
DEBUG:pybindgen.typehandlers:try to lookup type handler for 'uint32_t' => success ((<class 'pybindgen.typehandlers.inttype.UnsignedIntParam'>, None, <pybindgen.typehandlers.ctypeparser.TypeTraits object at 0xffffbc8915b0>))
DEBUG:pybindgen.typehandlers:TypeMatcher.lookup('void')
DEBUG:pybindgen.typehandlers:try to lookup type handler for 'void' => success ((<class 'pybindgen.typehandlers.voidtype.VoidReturn'>, None, <pybindgen.typehandlers.ctypeparser.TypeTraits object at 0xffffbc891ac0>))
DEBUG:pybindgen.typehandlers:TypeMatcher.lookup('uint64_t')
DEBUG:pybindgen.typehandlers:try to lookup type handler for 'uint64_t' => success ((<class 'pybindgen.typehandlers.inttype.UnsignedLongLongParam'>, None, <pybindgen.typehandlers.ctypeparser.TypeTraits object at 0xffffbc891cd0>))
DEBUG:pybindgen.typehandlers:TypeMatcher.lookup('void')
DEBUG:pybindgen.typehandlers:try to lookup type handler for 'void' => success ((<class 'pybindgen.typehandlers.voidtype.VoidReturn'>, None, <pybindgen.typehandlers.ctypeparser.TypeTraits object at 0xffffbc893220>))
DEBUG:pybindgen.typehandlers:TypeMatcher.lookup('uint8_t')
DEBUG:pybindgen.typehandlers:try to lookup type handler for 'uint8_t' => success ((<class 'pybindgen.typehandlers.inttype.UInt8Param'>, None, <pybindgen.typehandlers.ctypeparser.TypeTraits object at 0xffffbc893430>))
DEBUG:pybindgen.typehandlers:TypeMatcher.lookup('ns3::Time const &')
DEBUG:pybindgen.typehandlers:try to lookup type handler for 'ns3::Time const &' => success ((<class 'pybindgen.cppclass.CppClass.__init__.<locals>.ThisClassRefParameter'>, None, <pybindgen.typehandlers.ctypeparser.TypeTraits object at 0xffffbc893910>))
DEBUG:pybindgen.typehandlers:TypeMatcher.lookup('ns3::Time const &')
DEBUG:pybindgen.typehandlers:try to lookup type handler for 'ns3::Time const &' => success ((<class 'pybindgen.cppclass.CppClass.__init__.<locals>.ThisClassRefParameter'>, None, <pybindgen.typehandlers.ctypeparser.TypeTraits object at 0xffffbc893b20>))
DEBUG:pybindgen.typehandlers:TypeMatcher.lookup('ns3::int64x64_t const &')
DEBUG:pybindgen.typehandlers:try to lookup type handler for 'ns3::int64x64_t const &' => success ((<class 'pybindgen.cppclass.CppClass.__init__.<locals>.ThisClassRefParameter'>, None, <pybindgen.typehandlers.ctypeparser.TypeTraits object at 0xffffbc893dc0>))
DEBUG:pybindgen.typehandlers:TypeMatcher.lookup('ns3::Time const &')
DEBUG:pybindgen.typehandlers:try to lookup type handler for 'ns3::Time const &' => success ((<class 'pybindgen.cppclass.CppClass.__init__.<locals>.ThisClassRefParameter'>, None, <pybindgen.typehandlers.ctypeparser.TypeTraits object at 0xffffbc8970a0>))
DEBUG:pybindgen.typehandlers:TypeMatcher.lookup('ns3::int64x64_t const &')
DEBUG:pybindgen.typehandlers:try to lookup type handler for 'ns3::int64x64_t const &' => success ((<class 'pybindgen.cppclass.CppClass.__init__.<locals>.ThisClassRefParameter'>, None, <pybindgen.typehandlers.ctypeparser.TypeTraits object at 0xffffbc897340>))
DEBUG:pybindgen.typehandlers:TypeMatcher.lookup('ns3::Time const &')
DEBUG:pybindgen.typehandlers:try to lookup type handler for 'ns3::Time const &' => success ((<class 'pybindgen.cppclass.CppClass.__init__.<locals>.ThisClassRefParameter'>, None, <pybindgen.typehandlers.ctypeparser.TypeTraits object at 0xffffbc8975e0>))
DEBUG:pybindgen.typehandlers:TypeMatcher.lookup('ns3::Time const &')
DEBUG:pybindgen.typehandlers:try to lookup type handler for 'ns3::Time const &' => success ((<class 'pybindgen.cppclass.CppClass.__init__.<locals>.ThisClassRefParameter'>, None, <pybindgen.typehandlers.ctypeparser.TypeTraits object at 0xffffbc897880>))
DEBUG:pybindgen.typehandlers:TypeMatcher.lookup('ns3::Time const &')
DEBUG:pybindgen.typehandlers:try to lookup type handler for 'ns3::Time const &' => success ((<class 'pybindgen.cppclass.CppClass.__init__.<locals>.ThisClassRefParameter'>, None, <pybindgen.typehandlers.ctypeparser.TypeTraits object at 0xffffbc897f70>))
DEBUG:pybindgen.typehandlers:TypeMatcher.lookup('double')
DEBUG:pybindgen.typehandlers:try to lookup type handler for 'double' => success ((<class 'pybindgen.typehandlers.doubletype.DoubleParam'>, None, <pybindgen.typehandlers.ctypeparser.TypeTraits object at 0xffffbc89d5b0>))
DEBUG:pybindgen.typehandlers:TypeMatcher.lookup('int')
DEBUG:pybindgen.typehandlers:try to lookup type handler for 'int' => success ((<class 'pybindgen.typehandlers.inttype.IntParam'>, None, <pybindgen.typehandlers.ctypeparser.TypeTraits object at 0xffffbc90c880>))
DEBUG:pybindgen.typehandlers:TypeMatcher.lookup('long int')
DEBUG:pybindgen.typehandlers:try to lookup type handler for 'long int' => success ((<class 'pybindgen.typehandlers.inttype.LongParam'>, None, <pybindgen.typehandlers.ctypeparser.TypeTraits object at 0xffffbc89daf0>))
DEBUG:pybindgen.typehandlers:TypeMatcher.lookup('long long int')
DEBUG:pybindgen.typehandlers:try to lookup type handler for 'long long int' => success ((<class 'pybindgen.typehandlers.inttype.LongLongParam'>, None, <pybindgen.typehandlers.ctypeparser.TypeTraits object at 0xffffbc8a10a0>))
DEBUG:pybindgen.typehandlers:TypeMatcher.lookup('unsigned int')
DEBUG:pybindgen.typehandlers:try to lookup type handler for 'unsigned int' => success ((<class 'pybindgen.typehandlers.inttype.UnsignedIntParam'>, None, <pybindgen.typehandlers.ctypeparser.TypeTraits object at 0xffffbc8a1670>))
DEBUG:pybindgen.typehandlers:TypeMatcher.lookup('long unsigned int')
DEBUG:pybindgen.typehandlers:try to lookup type handler for 'long unsigned int' => success ((<class 'pybindgen.typehandlers.inttype.UnsignedLongParam'>, None, <pybindgen.typehandlers.ctypeparser.TypeTraits object at 0xffffbc8a1be0>))
DEBUG:pybindgen.typehandlers:TypeMatcher.lookup('long long unsigned int')
DEBUG:pybindgen.typehandlers:try to lookup type handler for 'long long unsigned int' => success ((<class 'pybindgen.typehandlers.inttype.UnsignedLongLongParam'>, None, <pybindgen.typehandlers.ctypeparser.TypeTraits object at 0xffffbc8a61f0>))
DEBUG:pybindgen.typehandlers:TypeMatcher.lookup('ns3::int64x64_t const &')
DEBUG:pybindgen.typehandlers:try to lookup type handler for 'ns3::int64x64_t const &' => success ((<class 'pybindgen.cppclass.CppClass.__init__.<locals>.ThisClassRefParameter'>, None, <pybindgen.typehandlers.ctypeparser.TypeTraits object at 0xffffbc8a6820>))
DEBUG:pybindgen.typehandlers:TypeMatcher.lookup('std::string const &')
DEBUG:pybindgen.typehandlers:try to lookup type handler for 'std::string const &' => success ((<class 'pybindgen.typehandlers.stringtype.StdStringRefParam'>, None, <pybindgen.typehandlers.ctypeparser.TypeTraits object at 0xffffbc8a6e20>))
DEBUG:pybindgen.typehandlers:TypeMatcher.lookup('ns3::TimeWithUnit')
DEBUG:pybindgen.typehandlers:try to lookup type handler for 'ns3::TimeWithUnit' => success ((<class 'pybindgen.cppclass.CppClass.__init__.<locals>.ThisClassReturn'>, None, <pybindgen.typehandlers.ctypeparser.TypeTraits object at 0xffffbc8aa460>))
DEBUG:pybindgen.typehandlers:TypeMatcher.lookup('ns3::Time::Unit const')
DEBUG:pybindgen.typehandlers:try to lookup type handler for 'ns3::Time::Unit const' => success ((<class 'pybindgen.enum.Enum.set_module.<locals>.ThisEnumParameter'>, None, <pybindgen.typehandlers.ctypeparser.TypeTraits object at 0xffffbc8aa640>))
DEBUG:pybindgen.typehandlers:TypeMatcher.lookup('int')
DEBUG:pybindgen.typehandlers:try to lookup type handler for 'int' => success ((<class 'pybindgen.typehandlers.inttype.IntReturn'>, None, <pybindgen.typehandlers.ctypeparser.TypeTraits object at 0xffffbc8aab50>))
DEBUG:pybindgen.typehandlers:TypeMatcher.lookup('ns3::Time const &')
DEBUG:pybindgen.typehandlers:try to lookup type handler for 'ns3::Time const &' => success ((<class 'pybindgen.cppclass.CppClass.__init__.<locals>.ThisClassRefParameter'>, None, <pybindgen.typehandlers.ctypeparser.TypeTraits object at 0xffffbc8aad60>))
DEBUG:pybindgen.typehandlers:TypeMatcher.lookup('ns3::Time')
DEBUG:pybindgen.typehandlers:try to lookup type handler for 'ns3::Time' => success ((<class 'pybindgen.cppclass.CppClass.__init__.<locals>.ThisClassReturn'>, None, <pybindgen.typehandlers.ctypeparser.TypeTraits object at 0xffffbc8ad3a0>))
DEBUG:pybindgen.typehandlers:TypeMatcher.lookup('ns3::int64x64_t const &')
DEBUG:pybindgen.typehandlers:try to lookup type handler for 'ns3::int64x64_t const &' => success ((<class 'pybindgen.cppclass.CppClass.__init__.<locals>.ThisClassRefParameter'>, None, <pybindgen.typehandlers.ctypeparser.TypeTraits object at 0xffffbc8ad580>))
DEBUG:pybindgen.typehandlers:TypeMatcher.lookup('ns3::Time')
DEBUG:pybindgen.typehandlers:try to lookup type handler for 'ns3::Time' => success ((<class 'pybindgen.cppclass.CppClass.__init__.<locals>.ThisClassReturn'>, None, <pybindgen.typehandlers.ctypeparser.TypeTraits object at 0xffffbc8adb80>))
DEBUG:pybindgen.typehandlers:TypeMatcher.lookup('ns3::int64x64_t const &')
DEBUG:pybindgen.typehandlers:try to lookup type handler for 'ns3::int64x64_t const &' => success ((<class 'pybindgen.cppclass.CppClass.__init__.<locals>.ThisClassRefParameter'>, None, <pybindgen.typehandlers.ctypeparser.TypeTraits object at 0xffffbc8add60>))
DEBUG:pybindgen.typehandlers:TypeMatcher.lookup('ns3::Time::Unit')
DEBUG:pybindgen.typehandlers:try to lookup type handler for 'ns3::Time::Unit' => success ((<class 'pybindgen.enum.Enum.set_module.<locals>.ThisEnumParameter'>, None, <pybindgen.typehandlers.ctypeparser.TypeTraits object at 0xffffbc8adfa0>))
DEBUG:pybindgen.typehandlers:TypeMatcher.lookup('ns3::Time')
DEBUG:pybindgen.typehandlers:try to lookup type handler for 'ns3::Time' => success ((<class 'pybindgen.cppclass.CppClass.__init__.<locals>.ThisClassReturn'>, None, <pybindgen.typehandlers.ctypeparser.TypeTraits object at 0xffffbc8b24f0>))
DEBUG:pybindgen.typehandlers:TypeMatcher.lookup('double')
DEBUG:pybindgen.typehandlers:try to lookup type handler for 'double' => success ((<class 'pybindgen.typehandlers.doubletype.DoubleParam'>, None, <pybindgen.typehandlers.ctypeparser.TypeTraits object at 0xffffbc8b2700>))
DEBUG:pybindgen.typehandlers:TypeMatcher.lookup('ns3::Time::Unit')
DEBUG:pybindgen.typehandlers:try to lookup type handler for 'ns3::Time::Unit' => success ((<class 'pybindgen.enum.Enum.set_module.<locals>.ThisEnumParameter'>, None, <pybindgen.typehandlers.ctypeparser.TypeTraits object at 0xffffbc8b2850>))
DEBUG:pybindgen.typehandlers:TypeMatcher.lookup('ns3::Time')
DEBUG:pybindgen.typehandlers:try to lookup type handler for 'ns3::Time' => success ((<class 'pybindgen.cppclass.CppClass.__init__.<locals>.ThisClassReturn'>, None, <pybindgen.typehandlers.ctypeparser.TypeTraits object at 0xffffbc8b2dc0>))
DEBUG:pybindgen.typehandlers:TypeMatcher.lookup('uint64_t')
DEBUG:pybindgen.typehandlers:try to lookup type handler for 'uint64_t' => success ((<class 'pybindgen.typehandlers.inttype.UnsignedLongLongParam'>, None, <pybindgen.typehandlers.ctypeparser.TypeTraits object at 0xffffbc8b2fa0>))
DEBUG:pybindgen.typehandlers:TypeMatcher.lookup('ns3::Time::Unit')
DEBUG:pybindgen.typehandlers:try to lookup type handler for 'ns3::Time::Unit' => success ((<class 'pybindgen.enum.Enum.set_module.<locals>.ThisEnumParameter'>, None, <pybindgen.typehandlers.ctypeparser.TypeTraits object at 0xffffbc8b6130>))
DEBUG:pybindgen.typehandlers:TypeMatcher.lookup('double')
DEBUG:pybindgen.typehandlers:try to lookup type handler for 'double' => success ((<class 'pybindgen.typehandlers.doubletype.DoubleReturn'>, None, <pybindgen.typehandlers.ctypeparser.TypeTraits object at 0xffffbc8b66a0>))
DEBUG:pybindgen.typehandlers:TypeMatcher.lookup('double')
DEBUG:pybindgen.typehandlers:try to lookup type handler for 'double' => success ((<class 'pybindgen.typehandlers.doubletype.DoubleReturn'>, None, <pybindgen.typehandlers.ctypeparser.TypeTraits object at 0xffffbc8b6c10>))
DEBUG:pybindgen.typehandlers:TypeMatcher.lookup('int64_t')
DEBUG:pybindgen.typehandlers:try to lookup type handler for 'int64_t' => success ((<class 'pybindgen.typehandlers.inttype.LongLongReturn'>, None, <pybindgen.typehandlers.ctypeparser.TypeTraits object at 0xffffbc8b91c0>))
DEBUG:pybindgen.typehandlers:TypeMatcher.lookup('double')
DEBUG:pybindgen.typehandlers:try to lookup type handler for 'double' => success ((<class 'pybindgen.typehandlers.doubletype.DoubleReturn'>, None, <pybindgen.typehandlers.ctypeparser.TypeTraits object at 0xffffbc8b9730>))
DEBUG:pybindgen.typehandlers:TypeMatcher.lookup('int64_t')
DEBUG:pybindgen.typehandlers:try to lookup type handler for 'int64_t' => success ((<class 'pybindgen.typehandlers.inttype.LongLongReturn'>, None, <pybindgen.typehandlers.ctypeparser.TypeTraits object at 0xffffbc8b9ca0>))
DEBUG:pybindgen.typehandlers:TypeMatcher.lookup('int64_t')
DEBUG:pybindgen.typehandlers:try to lookup type handler for 'int64_t' => success ((<class 'pybindgen.typehandlers.inttype.LongLongReturn'>, None, <pybindgen.typehandlers.ctypeparser.TypeTraits object at 0xffffbc8be250>))
DEBUG:pybindgen.typehandlers:TypeMatcher.lookup('int64_t')
DEBUG:pybindgen.typehandlers:try to lookup type handler for 'int64_t' => success ((<class 'pybindgen.typehandlers.inttype.LongLongReturn'>, None, <pybindgen.typehandlers.ctypeparser.TypeTraits object at 0xffffbc8be7c0>))
DEBUG:pybindgen.typehandlers:TypeMatcher.lookup('double')
DEBUG:pybindgen.typehandlers:try to lookup type handler for 'double' => success ((<class 'pybindgen.typehandlers.doubletype.DoubleReturn'>, None, <pybindgen.typehandlers.ctypeparser.TypeTraits object at 0xffffbc8bed30>))
DEBUG:pybindgen.typehandlers:TypeMatcher.lookup('int64_t')
DEBUG:pybindgen.typehandlers:try to lookup type handler for 'int64_t' => success ((<class 'pybindgen.typehandlers.inttype.LongLongReturn'>, None, <pybindgen.typehandlers.ctypeparser.TypeTraits object at 0xffffbc8c32e0>))
DEBUG:pybindgen.typehandlers:TypeMatcher.lookup('int64_t')
DEBUG:pybindgen.typehandlers:try to lookup type handler for 'int64_t' => success ((<class 'pybindgen.typehandlers.inttype.LongLongReturn'>, None, <pybindgen.typehandlers.ctypeparser.TypeTraits object at 0xffffbc8c3850>))
DEBUG:pybindgen.typehandlers:TypeMatcher.lookup('ns3::Time::Unit')
DEBUG:pybindgen.typehandlers:try to lookup type handler for 'ns3::Time::Unit' => success ((<class 'pybindgen.enum.Enum.set_module.<locals>.ThisEnumReturn'>, None, <pybindgen.typehandlers.ctypeparser.TypeTraits object at 0xffffbc8c3dc0>))
DEBUG:pybindgen.typehandlers:TypeMatcher.lookup('double')
DEBUG:pybindgen.typehandlers:try to lookup type handler for 'double' => success ((<class 'pybindgen.typehandlers.doubletype.DoubleReturn'>, None, <pybindgen.typehandlers.ctypeparser.TypeTraits object at 0xffffbc8c8370>))
DEBUG:pybindgen.typehandlers:TypeMatcher.lookup('int64_t')
DEBUG:pybindgen.typehandlers:try to lookup type handler for 'int64_t' => success ((<class 'pybindgen.typehandlers.inttype.LongLongReturn'>, None, <pybindgen.typehandlers.ctypeparser.TypeTraits object at 0xffffbc8c88e0>))
DEBUG:pybindgen.typehandlers:TypeMatcher.lookup('double')
DEBUG:pybindgen.typehandlers:try to lookup type handler for 'double' => success ((<class 'pybindgen.typehandlers.doubletype.DoubleReturn'>, None, <pybindgen.typehandlers.ctypeparser.TypeTraits object at 0xffffbc8c8e50>))
DEBUG:pybindgen.typehandlers:TypeMatcher.lookup('bool')
DEBUG:pybindgen.typehandlers:try to lookup type handler for 'bool' => success ((<class 'pybindgen.typehandlers.booltype.BoolReturn'>, None, <pybindgen.typehandlers.ctypeparser.TypeTraits object at 0xffffbc8cd400>))
DEBUG:pybindgen.typehandlers:TypeMatcher.lookup('bool')
DEBUG:pybindgen.typehandlers:try to lookup type handler for 'bool' => success ((<class 'pybindgen.typehandlers.booltype.BoolReturn'>, None, <pybindgen.typehandlers.ctypeparser.TypeTraits object at 0xffffbc8cd970>))
DEBUG:pybindgen.typehandlers:TypeMatcher.lookup('bool')
DEBUG:pybindgen.typehandlers:try to lookup type handler for 'bool' => success ((<class 'pybindgen.typehandlers.booltype.BoolReturn'>, None, <pybindgen.typehandlers.ctypeparser.TypeTraits object at 0xffffbc8cdee0>))
DEBUG:pybindgen.typehandlers:TypeMatcher.lookup('bool')
DEBUG:pybindgen.typehandlers:try to lookup type handler for 'bool' => success ((<class 'pybindgen.typehandlers.booltype.BoolReturn'>, None, <pybindgen.typehandlers.ctypeparser.TypeTraits object at 0xffffbc852490>))
DEBUG:pybindgen.typehandlers:TypeMatcher.lookup('bool')
DEBUG:pybindgen.typehandlers:try to lookup type handler for 'bool' => success ((<class 'pybindgen.typehandlers.booltype.BoolReturn'>, None, <pybindgen.typehandlers.ctypeparser.TypeTraits object at 0xffffbc852a00>))
DEBUG:pybindgen.typehandlers:TypeMatcher.lookup('ns3::Time')
DEBUG:pybindgen.typehandlers:try to lookup type handler for 'ns3::Time' => success ((<class 'pybindgen.cppclass.CppClass.__init__.<locals>.ThisClassReturn'>, None, <pybindgen.typehandlers.ctypeparser.TypeTraits object at 0xffffbc852fd0>))
DEBUG:pybindgen.typehandlers:TypeMatcher.lookup('ns3::Time')
DEBUG:pybindgen.typehandlers:try to lookup type handler for 'ns3::Time' => success ((<class 'pybindgen.cppclass.CppClass.__init__.<locals>.ThisClassReturn'>, None, <pybindgen.typehandlers.ctypeparser.TypeTraits object at 0xffffbc8564f0>))
DEBUG:pybindgen.typehandlers:TypeMatcher.lookup('ns3::Time')
DEBUG:pybindgen.typehandlers:try to lookup type handler for 'ns3::Time' => success ((<class 'pybindgen.cppclass.CppClass.__init__.<locals>.ThisClassReturn'>, None, <pybindgen.typehandlers.ctypeparser.TypeTraits object at 0xffffbc856a30>))
DEBUG:pybindgen.typehandlers:TypeMatcher.lookup('ns3::Time::Unit')
DEBUG:pybindgen.typehandlers:try to lookup type handler for 'ns3::Time::Unit' => success ((<class 'pybindgen.enum.Enum.set_module.<locals>.ThisEnumParameter'>, None, <pybindgen.typehandlers.ctypeparser.TypeTraits object at 0xffffbc856c10>))
DEBUG:pybindgen.typehandlers:TypeMatcher.lookup('void')
DEBUG:pybindgen.typehandlers:try to lookup type handler for 'void' => success ((<class 'pybindgen.typehandlers.voidtype.VoidReturn'>, None, <pybindgen.typehandlers.ctypeparser.TypeTraits object at 0xffffbc85c160>))
DEBUG:pybindgen.typehandlers:TypeMatcher.lookup('ns3::Time::Unit')
DEBUG:pybindgen.typehandlers:try to lookup type handler for 'ns3::Time::Unit' => success ((<class 'pybindgen.enum.Enum.set_module.<locals>.ThisEnumParameter'>, None, <pybindgen.typehandlers.ctypeparser.TypeTraits object at 0xffffbc85c370>))
DEBUG:pybindgen.typehandlers:TypeMatcher.lookup('bool')
DEBUG:pybindgen.typehandlers:try to lookup type handler for 'bool' => success ((<class 'pybindgen.typehandlers.booltype.BoolReturn'>, None, <pybindgen.typehandlers.ctypeparser.TypeTraits object at 0xffffbc85c880>))
DEBUG:pybindgen.typehandlers:TypeMatcher.lookup('ns3::int64x64_t')
DEBUG:pybindgen.typehandlers:try to lookup type handler for 'ns3::int64x64_t' => success ((<class 'pybindgen.cppclass.CppClass.__init__.<locals>.ThisClassReturn'>, None, <pybindgen.typehandlers.ctypeparser.TypeTraits object at 0xffffbc85cdf0>))
DEBUG:pybindgen.typehandlers:TypeMatcher.lookup('ns3::Time::Unit')
DEBUG:pybindgen.typehandlers:try to lookup type handler for 'ns3::Time::Unit' => success ((<class 'pybindgen.enum.Enum.set_module.<locals>.ThisEnumParameter'>, None, <pybindgen.typehandlers.ctypeparser.TypeTraits object at 0xffffbc85cfd0>))
DEBUG:pybindgen.typehandlers:TypeMatcher.lookup('double')
DEBUG:pybindgen.typehandlers:try to lookup type handler for 'double' => success ((<class 'pybindgen.typehandlers.doubletype.DoubleReturn'>, None, <pybindgen.typehandlers.ctypeparser.TypeTraits object at 0xffffbc861520>))
DEBUG:pybindgen.typehandlers:TypeMatcher.lookup('ns3::Time::Unit')
DEBUG:pybindgen.typehandlers:try to lookup type handler for 'ns3::Time::Unit' => success ((<class 'pybindgen.enum.Enum.set_module.<locals>.ThisEnumParameter'>, None, <pybindgen.typehandlers.ctypeparser.TypeTraits object at 0xffffbc861730>))
DEBUG:pybindgen.typehandlers:TypeMatcher.lookup('int64_t')
DEBUG:pybindgen.typehandlers:try to lookup type handler for 'int64_t' => success ((<class 'pybindgen.typehandlers.inttype.LongLongReturn'>, None, <pybindgen.typehandlers.ctypeparser.TypeTraits object at 0xffffbc861c40>))
DEBUG:pybindgen.typehandlers:TypeMatcher.lookup('ns3::Time::Unit')
DEBUG:pybindgen.typehandlers:try to lookup type handler for 'ns3::Time::Unit' => success ((<class 'pybindgen.enum.Enum.set_module.<locals>.ThisEnumParameter'>, None, <pybindgen.typehandlers.ctypeparser.TypeTraits object at 0xffffbc861e50>))
DEBUG:pybindgen.typehandlers:TypeMatcher.lookup('ns3::TimeWithUnit const &')
DEBUG:pybindgen.typehandlers:try to lookup type handler for 'ns3::TimeWithUnit const &' => success ((<class 'pybindgen.cppclass.CppClass.__init__.<locals>.ThisClassRefParameter'>, None, <pybindgen.typehandlers.ctypeparser.TypeTraits object at 0xffffbc8643a0>))
DEBUG:pybindgen.typehandlers:TypeMatcher.lookup('ns3::Time const')
DEBUG:pybindgen.typehandlers:try to lookup type handler for 'ns3::Time const' => success ((<class 'pybindgen.cppclass.CppClass.__init__.<locals>.ThisClassParameter'>, None, <pybindgen.typehandlers.ctypeparser.TypeTraits object at 0xffffbc8649a0>))
DEBUG:pybindgen.typehandlers:TypeMatcher.lookup('ns3::Time::Unit const')
DEBUG:pybindgen.typehandlers:try to lookup type handler for 'ns3::Time::Unit const' => success ((<class 'pybindgen.enum.Enum.set_module.<locals>.ThisEnumParameter'>, None, <pybindgen.typehandlers.ctypeparser.TypeTraits object at 0xffffbc864b80>))
DEBUG:pybindgen.typehandlers:TypeMatcher.lookup('ns3::Timer const &')
DEBUG:pybindgen.typehandlers:try to lookup type handler for 'ns3::Timer const &' => success ((<class 'pybindgen.cppclass.CppClass.__init__.<locals>.ThisClassRefParameter'>, None, <pybindgen.typehandlers.ctypeparser.TypeTraits object at 0xffffbc868100>))
DEBUG:pybindgen.typehandlers:TypeMatcher.lookup('ns3::Timer::DestroyPolicy')
DEBUG:pybindgen.typehandlers:try to lookup type handler for 'ns3::Timer::DestroyPolicy' => success ((<class 'pybindgen.enum.Enum.set_module.<locals>.ThisEnumParameter'>, None, <pybindgen.typehandlers.ctypeparser.TypeTraits object at 0xffffbc868a60>))
DEBUG:pybindgen.typehandlers:TypeMatcher.lookup('void')
DEBUG:pybindgen.typehandlers:try to lookup type handler for 'void' => success ((<class 'pybindgen.typehandlers.voidtype.VoidReturn'>, None, <pybindgen.typehandlers.ctypeparser.TypeTraits object at 0xffffbc868f40>))
DEBUG:pybindgen.typehandlers:TypeMatcher.lookup('ns3::Time')
DEBUG:pybindgen.typehandlers:try to lookup type handler for 'ns3::Time' => success ((<class 'pybindgen.cppclass.CppClass.__init__.<locals>.ThisClassReturn'>, None, <pybindgen.typehandlers.ctypeparser.TypeTraits object at 0xffffbc86f550>))
DEBUG:pybindgen.typehandlers:TypeMatcher.lookup('ns3::Time')
DEBUG:pybindgen.typehandlers:try to lookup type handler for 'ns3::Time' => success ((<class 'pybindgen.cppclass.CppClass.__init__.<locals>.ThisClassReturn'>, None, <pybindgen.typehandlers.ctypeparser.TypeTraits object at 0xffffbc86fa90>))
DEBUG:pybindgen.typehandlers:TypeMatcher.lookup('ns3::Timer::State')
DEBUG:pybindgen.typehandlers:try to lookup type handler for 'ns3::Timer::State' => success ((<class 'pybindgen.enum.Enum.set_module.<locals>.ThisEnumReturn'>, None, <pybindgen.typehandlers.ctypeparser.TypeTraits object at 0xffffbc86ffd0>))
DEBUG:pybindgen.typehandlers:TypeMatcher.lookup('bool')
DEBUG:pybindgen.typehandlers:try to lookup type handler for 'bool' => success ((<class 'pybindgen.typehandlers.booltype.BoolReturn'>, None, <pybindgen.typehandlers.ctypeparser.TypeTraits object at 0xffffbc873580>))
DEBUG:pybindgen.typehandlers:TypeMatcher.lookup('bool')
DEBUG:pybindgen.typehandlers:try to lookup type handler for 'bool' => success ((<class 'pybindgen.typehandlers.booltype.BoolReturn'>, None, <pybindgen.typehandlers.ctypeparser.TypeTraits object at 0xffffbc873af0>))
DEBUG:pybindgen.typehandlers:TypeMatcher.lookup('bool')
DEBUG:pybindgen.typehandlers:try to lookup type handler for 'bool' => success ((<class 'pybindgen.typehandlers.booltype.BoolReturn'>, None, <pybindgen.typehandlers.ctypeparser.TypeTraits object at 0xffffbc8750a0>))
DEBUG:pybindgen.typehandlers:TypeMatcher.lookup('void')
DEBUG:pybindgen.typehandlers:try to lookup type handler for 'void' => success ((<class 'pybindgen.typehandlers.voidtype.VoidReturn'>, None, <pybindgen.typehandlers.ctypeparser.TypeTraits object at 0xffffbc8755b0>))
DEBUG:pybindgen.typehandlers:TypeMatcher.lookup('void')
DEBUG:pybindgen.typehandlers:try to lookup type handler for 'void' => success ((<class 'pybindgen.typehandlers.voidtype.VoidReturn'>, None, <pybindgen.typehandlers.ctypeparser.TypeTraits object at 0xffffbc875b50>))
DEBUG:pybindgen.typehandlers:TypeMatcher.lookup('void')
DEBUG:pybindgen.typehandlers:try to lookup type handler for 'void' => success ((<class 'pybindgen.typehandlers.voidtype.VoidReturn'>, None, <pybindgen.typehandlers.ctypeparser.TypeTraits object at 0xffffbc87a100>))
DEBUG:pybindgen.typehandlers:TypeMatcher.lookup('void')
DEBUG:pybindgen.typehandlers:try to lookup type handler for 'void' => success ((<class 'pybindgen.typehandlers.voidtype.VoidReturn'>, None, <pybindgen.typehandlers.ctypeparser.TypeTraits object at 0xffffbc87a670>))
DEBUG:pybindgen.typehandlers:TypeMatcher.lookup('ns3::Time')
DEBUG:pybindgen.typehandlers:try to lookup type handler for 'ns3::Time' => success ((<class 'pybindgen.cppclass.CppClass.__init__.<locals>.ThisClassParameter'>, None, <pybindgen.typehandlers.ctypeparser.TypeTraits object at 0xffffbc87a880>))
DEBUG:pybindgen.typehandlers:TypeMatcher.lookup('void')
DEBUG:pybindgen.typehandlers:try to lookup type handler for 'void' => success ((<class 'pybindgen.typehandlers.voidtype.VoidReturn'>, None, <pybindgen.typehandlers.ctypeparser.TypeTraits object at 0xffffbc87ad30>))
DEBUG:pybindgen.typehandlers:TypeMatcher.lookup('ns3::Time const &')
DEBUG:pybindgen.typehandlers:try to lookup type handler for 'ns3::Time const &' => success ((<class 'pybindgen.cppclass.CppClass.__init__.<locals>.ThisClassRefParameter'>, None, <pybindgen.typehandlers.ctypeparser.TypeTraits object at 0xffffbc87af70>))
DEBUG:pybindgen.typehandlers:TypeMatcher.lookup('void')
DEBUG:pybindgen.typehandlers:try to lookup type handler for 'void' => success ((<class 'pybindgen.typehandlers.voidtype.VoidReturn'>, None, <pybindgen.typehandlers.ctypeparser.TypeTraits object at 0xffffbc87f5b0>))
DEBUG:pybindgen.typehandlers:TypeMatcher.lookup('ns3::TimerImpl const &')
DEBUG:pybindgen.typehandlers:try to lookup type handler for 'ns3::TimerImpl const &' => success ((<class 'pybindgen.cppclass.CppClass.__init__.<locals>.ThisClassRefParameter'>, None, <pybindgen.typehandlers.ctypeparser.TypeTraits object at 0xffffbc87feb0>))
DEBUG:pybindgen.typehandlers:TypeMatcher.lookup('void')
DEBUG:pybindgen.typehandlers:try to lookup type handler for 'void' => success ((<class 'pybindgen.typehandlers.voidtype.VoidReturn'>, None, <pybindgen.typehandlers.ctypeparser.TypeTraits object at 0xffffbc8844f0>))
DEBUG:pybindgen.typehandlers:TypeMatcher.lookup('ns3::EventId')
DEBUG:pybindgen.typehandlers:try to lookup type handler for 'ns3::EventId' => success ((<class 'pybindgen.cppclass.CppClass.__init__.<locals>.ThisClassReturn'>, None, <pybindgen.typehandlers.ctypeparser.TypeTraits object at 0xffffbc884d60>))
DEBUG:pybindgen.typehandlers:TypeMatcher.lookup('ns3::Time const &')
DEBUG:pybindgen.typehandlers:try to lookup type handler for 'ns3::Time const &' => success ((<class 'pybindgen.cppclass.CppClass.__init__.<locals>.ThisClassRefParameter'>, None, <pybindgen.typehandlers.ctypeparser.TypeTraits object at 0xffffbc884f40>))
DEBUG:pybindgen.typehandlers:TypeMatcher.lookup('char const *')
DEBUG:pybindgen.typehandlers:try to lookup type handler for 'char const *' => success ((<class 'pybindgen.typehandlers.stringtype.CStringParam'>, None, <pybindgen.typehandlers.ctypeparser.TypeTraits object at 0xffffbc88a850>))
DEBUG:pybindgen.typehandlers:TypeMatcher.lookup('ns3::TypeId const &')
DEBUG:pybindgen.typehandlers:try to lookup type handler for 'ns3::TypeId const &' => success ((<class 'pybindgen.cppclass.CppClass.__init__.<locals>.ThisClassRefParameter'>, None, <pybindgen.typehandlers.ctypeparser.TypeTraits object at 0xffffbc88f1f0>))
DEBUG:pybindgen.typehandlers:TypeMatcher.lookup('ns3::TypeId')
DEBUG:pybindgen.typehandlers:try to lookup type handler for 'ns3::TypeId' => success ((<class 'pybindgen.cppclass.CppClass.__init__.<locals>.ThisClassReturn'>, None, <pybindgen.typehandlers.ctypeparser.TypeTraits object at 0xffffbc88f7c0>))
DEBUG:pybindgen.typehandlers:TypeMatcher.lookup('std::string')
DEBUG:pybindgen.typehandlers:try to lookup type handler for 'std::string' => success ((<class 'pybindgen.typehandlers.stringtype.StdStringParam'>, None, <pybindgen.typehandlers.ctypeparser.TypeTraits object at 0xffffbc88f9a0>))
DEBUG:pybindgen.typehandlers:TypeMatcher.lookup('std::string')
DEBUG:pybindgen.typehandlers:try to lookup type handler for 'std::string' => success ((<class 'pybindgen.typehandlers.stringtype.StdStringParam'>, None, <pybindgen.typehandlers.ctypeparser.TypeTraits object at 0xffffbc88faf0>))
DEBUG:pybindgen.typehandlers:TypeMatcher.lookup('ns3::AttributeValue const &')
DEBUG:pybindgen.typehandlers:try to lookup type handler for 'ns3::AttributeValue const &' => success ((<class 'pybindgen.cppclass.CppClass.__init__.<locals>.ThisClassRefParameter'>, None, <pybindgen.typehandlers.ctypeparser.TypeTraits object at 0xffffbc88fca0>))
DEBUG:pybindgen.typehandlers:TypeMatcher.lookup('ns3::Ptr< ns3::AttributeAccessor const >')
DEBUG:pybindgen.typehandlers:try to lookup type handler for 'ns3::Ptr< ns3::AttributeAccessor const >' => failure
DEBUG:pybindgen.typehandlers:try to lookup type handler for 'ns3::AttributeAccessor *' => success ((<class 'pybindgen.cppclass.MemoryPolicy.register_ptr_parameter_and_return.<locals>.ThisClassPtrParameter'>, <ns3modulegen_core_customizations.SmartPointerTransformation object at 0xffffbcfe0d90>, <pybindgen.typehandlers.ctypeparser.TypeTraits object at 0xffffbc8142b0>))
DEBUG:pybindgen.typehandlers:TypeMatcher.lookup('ns3::Ptr< ns3::AttributeChecker const >')
DEBUG:pybindgen.typehandlers:try to lookup type handler for 'ns3::Ptr< ns3::AttributeChecker const >' => failure
DEBUG:pybindgen.typehandlers:try to lookup type handler for 'ns3::AttributeChecker *' => success ((<class 'pybindgen.cppclass.MemoryPolicy.register_ptr_parameter_and_return.<locals>.ThisClassPtrParameter'>, <ns3modulegen_core_customizations.SmartPointerTransformation object at 0xffffbcfe0d90>, <pybindgen.typehandlers.ctypeparser.TypeTraits object at 0xffffbc8145e0>))
DEBUG:pybindgen.typehandlers:TypeMatcher.lookup('ns3::TypeId::SupportLevel')
DEBUG:pybindgen.typehandlers:try to lookup type handler for 'ns3::TypeId::SupportLevel' => success ((<class 'pybindgen.enum.Enum.set_module.<locals>.ThisEnumParameter'>, None, <pybindgen.typehandlers.ctypeparser.TypeTraits object at 0xffffbc8145e0>))
DEBUG:pybindgen.typehandlers:TypeMatcher.lookup('std::string const &')
DEBUG:pybindgen.typehandlers:try to lookup type handler for 'std::string const &' => success ((<class 'pybindgen.typehandlers.stringtype.StdStringRefParam'>, None, <pybindgen.typehandlers.ctypeparser.TypeTraits object at 0xffffbc8145e0>))
DEBUG:pybindgen.typehandlers:TypeMatcher.lookup('ns3::TypeId')
DEBUG:pybindgen.typehandlers:try to lookup type handler for 'ns3::TypeId' => success ((<class 'pybindgen.cppclass.CppClass.__init__.<locals>.ThisClassReturn'>, None, <pybindgen.typehandlers.ctypeparser.TypeTraits object at 0xffffbc814df0>))
DEBUG:pybindgen.typehandlers:TypeMatcher.lookup('std::string')
DEBUG:pybindgen.typehandlers:try to lookup type handler for 'std::string' => success ((<class 'pybindgen.typehandlers.stringtype.StdStringParam'>, None, <pybindgen.typehandlers.ctypeparser.TypeTraits object at 0xffffbc814fd0>))
DEBUG:pybindgen.typehandlers:TypeMatcher.lookup('std::string')
DEBUG:pybindgen.typehandlers:try to lookup type handler for 'std::string' => success ((<class 'pybindgen.typehandlers.stringtype.StdStringParam'>, None, <pybindgen.typehandlers.ctypeparser.TypeTraits object at 0xffffbc818160>))
DEBUG:pybindgen.typehandlers:TypeMatcher.lookup('uint32_t')
DEBUG:pybindgen.typehandlers:try to lookup type handler for 'uint32_t' => success ((<class 'pybindgen.typehandlers.inttype.UnsignedIntParam'>, None, <pybindgen.typehandlers.ctypeparser.TypeTraits object at 0xffffbc818310>))
DEBUG:pybindgen.typehandlers:TypeMatcher.lookup('ns3::AttributeValue const &')
DEBUG:pybindgen.typehandlers:try to lookup type handler for 'ns3::AttributeValue const &' => success ((<class 'pybindgen.cppclass.CppClass.__init__.<locals>.ThisClassRefParameter'>, None, <pybindgen.typehandlers.ctypeparser.TypeTraits object at 0xffffbc8184c0>))
DEBUG:pybindgen.typehandlers:TypeMatcher.lookup('ns3::Ptr< ns3::AttributeAccessor const >')
DEBUG:pybindgen.typehandlers:try to lookup type handler for 'ns3::Ptr< ns3::AttributeAccessor const >' => failure
DEBUG:pybindgen.typehandlers:try to lookup type handler for 'ns3::AttributeAccessor *' => success ((<class 'pybindgen.cppclass.MemoryPolicy.register_ptr_parameter_and_return.<locals>.ThisClassPtrParameter'>, <ns3modulegen_core_customizations.SmartPointerTransformation object at 0xffffbcfe0d90>, <pybindgen.typehandlers.ctypeparser.TypeTraits object at 0xffffbc818a90>))
DEBUG:pybindgen.typehandlers:TypeMatcher.lookup('ns3::Ptr< ns3::AttributeChecker const >')
DEBUG:pybindgen.typehandlers:try to lookup type handler for 'ns3::Ptr< ns3::AttributeChecker const >' => failure
DEBUG:pybindgen.typehandlers:try to lookup type handler for 'ns3::AttributeChecker *' => success ((<class 'pybindgen.cppclass.MemoryPolicy.register_ptr_parameter_and_return.<locals>.ThisClassPtrParameter'>, <ns3modulegen_core_customizations.SmartPointerTransformation object at 0xffffbcfe0d90>, <pybindgen.typehandlers.ctypeparser.TypeTraits object at 0xffffbc818dc0>))
DEBUG:pybindgen.typehandlers:TypeMatcher.lookup('ns3::TypeId::SupportLevel')
DEBUG:pybindgen.typehandlers:try to lookup type handler for 'ns3::TypeId::SupportLevel' => success ((<class 'pybindgen.enum.Enum.set_module.<locals>.ThisEnumParameter'>, None, <pybindgen.typehandlers.ctypeparser.TypeTraits object at 0xffffbc818dc0>))
DEBUG:pybindgen.typehandlers:TypeMatcher.lookup('std::string const &')
DEBUG:pybindgen.typehandlers:try to lookup type handler for 'std::string const &' => success ((<class 'pybindgen.typehandlers.stringtype.StdStringRefParam'>, None, <pybindgen.typehandlers.ctypeparser.TypeTraits object at 0xffffbc818dc0>))
DEBUG:pybindgen.typehandlers:TypeMatcher.lookup('ns3::TypeId')
DEBUG:pybindgen.typehandlers:try to lookup type handler for 'ns3::TypeId' => success ((<class 'pybindgen.cppclass.CppClass.__init__.<locals>.ThisClassReturn'>, None, <pybindgen.typehandlers.ctypeparser.TypeTraits object at 0xffffbc81a610>))
DEBUG:pybindgen.typehandlers:TypeMatcher.lookup('std::string')
DEBUG:pybindgen.typehandlers:try to lookup type handler for 'std::string' => success ((<class 'pybindgen.typehandlers.stringtype.StdStringParam'>, None, <pybindgen.typehandlers.ctypeparser.TypeTraits object at 0xffffbc81a7f0>))
DEBUG:pybindgen.typehandlers:TypeMatcher.lookup('std::string')
DEBUG:pybindgen.typehandlers:try to lookup type handler for 'std::string' => success ((<class 'pybindgen.typehandlers.stringtype.StdStringParam'>, None, <pybindgen.typehandlers.ctypeparser.TypeTraits object at 0xffffbc81a940>))
DEBUG:pybindgen.typehandlers:TypeMatcher.lookup('ns3::Ptr< ns3::TraceSourceAccessor const >')
DEBUG:pybindgen.typehandlers:try to lookup type handler for 'ns3::Ptr< ns3::TraceSourceAccessor const >' => failure
DEBUG:pybindgen.typehandlers:try to lookup type handler for 'ns3::TraceSourceAccessor *' => success ((<class 'pybindgen.cppclass.MemoryPolicy.register_ptr_parameter_and_return.<locals>.ThisClassPtrParameter'>, <ns3modulegen_core_customizations.SmartPointerTransformation object at 0xffffbcfe0d90>, <pybindgen.typehandlers.ctypeparser.TypeTraits object at 0xffffbc81ae20>))
DEBUG:pybindgen.typehandlers:TypeMatcher.lookup('std::string')
DEBUG:pybindgen.typehandlers:try to lookup type handler for 'std::string' => success ((<class 'pybindgen.typehandlers.stringtype.StdStringParam'>, None, <pybindgen.typehandlers.ctypeparser.TypeTraits object at 0xffffbc81ae20>))
DEBUG:pybindgen.typehandlers:TypeMatcher.lookup('ns3::TypeId::SupportLevel')
DEBUG:pybindgen.typehandlers:try to lookup type handler for 'ns3::TypeId::SupportLevel' => success ((<class 'pybindgen.enum.Enum.set_module.<locals>.ThisEnumParameter'>, None, <pybindgen.typehandlers.ctypeparser.TypeTraits object at 0xffffbc81afa0>))
DEBUG:pybindgen.typehandlers:TypeMatcher.lookup('std::string const &')
DEBUG:pybindgen.typehandlers:try to lookup type handler for 'std::string const &' => success ((<class 'pybindgen.typehandlers.stringtype.StdStringRefParam'>, None, <pybindgen.typehandlers.ctypeparser.TypeTraits object at 0xffffbc81afa0>))
DEBUG:pybindgen.typehandlers:TypeMatcher.lookup('ns3::TypeId::AttributeInformation')
DEBUG:pybindgen.typehandlers:try to lookup type handler for 'ns3::TypeId::AttributeInformation' => success ((<class 'pybindgen.cppclass.CppClass.__init__.<locals>.ThisClassReturn'>, None, <pybindgen.typehandlers.ctypeparser.TypeTraits object at 0xffffbc81d820>))
DEBUG:pybindgen.typehandlers:TypeMatcher.lookup('std::size_t')
DEBUG:pybindgen.typehandlers:try to lookup type handler for 'std::size_t' => success ((<class 'pybindgen.typehandlers.inttype.SizeTParam'>, None, <pybindgen.typehandlers.ctypeparser.TypeTraits object at 0xffffbc81da00>))
DEBUG:pybindgen.typehandlers:TypeMatcher.lookup('std::string')
DEBUG:pybindgen.typehandlers:try to lookup type handler for 'std::string' => success ((<class 'pybindgen.typehandlers.stringtype.StdStringReturn'>, None, <pybindgen.typehandlers.ctypeparser.TypeTraits object at 0xffffbc81df10>))
DEBUG:pybindgen.typehandlers:TypeMatcher.lookup('std::size_t')
DEBUG:pybindgen.typehandlers:try to lookup type handler for 'std::size_t' => success ((<class 'pybindgen.typehandlers.inttype.SizeTParam'>, None, <pybindgen.typehandlers.ctypeparser.TypeTraits object at 0xffffbc822160>))
DEBUG:pybindgen.typehandlers:TypeMatcher.lookup('std::size_t')
DEBUG:pybindgen.typehandlers:try to lookup type handler for 'std::size_t' => success ((<class 'pybindgen.typehandlers.inttype.SizeTReturn'>, None, <pybindgen.typehandlers.ctypeparser.TypeTraits object at 0xffffbc822670>))
DEBUG:pybindgen.typehandlers:TypeMatcher.lookup('ns3::Callback< ns3::ObjectBase *, ns3::empty, ns3::empty, ns3::empty, ns3::empty, ns3::empty, ns3::empty, ns3::empty, ns3::empty, ns3::empty >')
DEBUG:pybindgen.typehandlers:try to lookup type handler for 'ns3::Callback< ns3::ObjectBase *, ns3::empty, ns3::empty, ns3::empty, ns3::empty, ns3::empty, ns3::empty, ns3::empty, ns3::empty, ns3::empty >' => failure
'ns3::Callback< ns3::ObjectBase *, ns3::empty, ns3::empty, ns3::empty, ns3::empty, ns3::empty, ns3::empty, ns3::empty, ns3::empty, ns3::empty >' did not match
/root/workspace/netwokr/ns-allinone-3.33/ns-3.33/src/aodv/bindings/modulegen__gcc_LP64.py:3324: Warning: exception TypeLookupError(['ns3::Callback< ns3::ObjectBase *, ns3::empty, ns3::empty, ns3::empty, ns3::empty, ns3::empty, ns3::empty, ns3::empty, ns3::empty, ns3::empty >']) in wrapper public: retval? ???::GetConstructor (params?) const;
  cls.add_method('GetConstructor',
DEBUG:pybindgen.typehandlers:TypeMatcher.lookup('std::string')
DEBUG:pybindgen.typehandlers:try to lookup type handler for 'std::string' => success ((<class 'pybindgen.typehandlers.stringtype.StdStringReturn'>, None, <pybindgen.typehandlers.ctypeparser.TypeTraits object at 0xffffbc824820>))
DEBUG:pybindgen.typehandlers:TypeMatcher.lookup('ns3::TypeId::hash_t')
DEBUG:pybindgen.typehandlers:try to lookup type handler for 'ns3::TypeId::hash_t' => success ((<class 'pybindgen.typehandlers.inttype.UnsignedIntReturn'>, None, <pybindgen.typehandlers.ctypeparser.TypeTraits object at 0xffffbc824d60>))
DEBUG:pybindgen.typehandlers:TypeMatcher.lookup('std::string')
DEBUG:pybindgen.typehandlers:try to lookup type handler for 'std::string' => success ((<class 'pybindgen.typehandlers.stringtype.StdStringReturn'>, None, <pybindgen.typehandlers.ctypeparser.TypeTraits object at 0xffffbc828310>))
DEBUG:pybindgen.typehandlers:TypeMatcher.lookup('ns3::TypeId')
DEBUG:pybindgen.typehandlers:try to lookup type handler for 'ns3::TypeId' => success ((<class 'pybindgen.cppclass.CppClass.__init__.<locals>.ThisClassReturn'>, None, <pybindgen.typehandlers.ctypeparser.TypeTraits object at 0xffffbc828880>))
DEBUG:pybindgen.typehandlers:TypeMatcher.lookup('ns3::TypeId')
DEBUG:pybindgen.typehandlers:try to lookup type handler for 'ns3::TypeId' => success ((<class 'pybindgen.cppclass.CppClass.__init__.<locals>.ThisClassReturn'>, None, <pybindgen.typehandlers.ctypeparser.TypeTraits object at 0xffffbc828dc0>))
DEBUG:pybindgen.typehandlers:TypeMatcher.lookup('uint16_t')
DEBUG:pybindgen.typehandlers:try to lookup type handler for 'uint16_t' => success ((<class 'pybindgen.typehandlers.inttype.UInt16Param'>, None, <pybindgen.typehandlers.ctypeparser.TypeTraits object at 0xffffbc828fa0>))
DEBUG:pybindgen.typehandlers:TypeMatcher.lookup('uint16_t')
DEBUG:pybindgen.typehandlers:try to lookup type handler for 'uint16_t' => success ((<class 'pybindgen.typehandlers.inttype.UInt16Return'>, None, <pybindgen.typehandlers.ctypeparser.TypeTraits object at 0xffffbc8304f0>))
DEBUG:pybindgen.typehandlers:TypeMatcher.lookup('std::size_t')
DEBUG:pybindgen.typehandlers:try to lookup type handler for 'std::size_t' => success ((<class 'pybindgen.typehandlers.inttype.SizeTReturn'>, None, <pybindgen.typehandlers.ctypeparser.TypeTraits object at 0xffffbc830a60>))
DEBUG:pybindgen.typehandlers:TypeMatcher.lookup('ns3::TypeId::TraceSourceInformation')
DEBUG:pybindgen.typehandlers:try to lookup type handler for 'ns3::TypeId::TraceSourceInformation' => success ((<class 'pybindgen.cppclass.CppClass.__init__.<locals>.ThisClassReturn'>, None, <pybindgen.typehandlers.ctypeparser.TypeTraits object at 0xffffbc830fd0>))
DEBUG:pybindgen.typehandlers:TypeMatcher.lookup('std::size_t')
DEBUG:pybindgen.typehandlers:try to lookup type handler for 'std::size_t' => success ((<class 'pybindgen.typehandlers.inttype.SizeTParam'>, None, <pybindgen.typehandlers.ctypeparser.TypeTraits object at 0xffffbc8331f0>))
DEBUG:pybindgen.typehandlers:TypeMatcher.lookup('std::size_t')
DEBUG:pybindgen.typehandlers:try to lookup type handler for 'std::size_t' => success ((<class 'pybindgen.typehandlers.inttype.SizeTReturn'>, None, <pybindgen.typehandlers.ctypeparser.TypeTraits object at 0xffffbc833700>))
DEBUG:pybindgen.typehandlers:TypeMatcher.lookup('uint16_t')
DEBUG:pybindgen.typehandlers:try to lookup type handler for 'uint16_t' => success ((<class 'pybindgen.typehandlers.inttype.UInt16Return'>, None, <pybindgen.typehandlers.ctypeparser.TypeTraits object at 0xffffbc833c70>))
DEBUG:pybindgen.typehandlers:TypeMatcher.lookup('bool')
DEBUG:pybindgen.typehandlers:try to lookup type handler for 'bool' => success ((<class 'pybindgen.typehandlers.booltype.BoolReturn'>, None, <pybindgen.typehandlers.ctypeparser.TypeTraits object at 0xffffbc837220>))
DEBUG:pybindgen.typehandlers:TypeMatcher.lookup('bool')
DEBUG:pybindgen.typehandlers:try to lookup type handler for 'bool' => success ((<class 'pybindgen.typehandlers.booltype.BoolReturn'>, None, <pybindgen.typehandlers.ctypeparser.TypeTraits object at 0xffffbc837790>))
DEBUG:pybindgen.typehandlers:TypeMatcher.lookup('ns3::TypeId')
DEBUG:pybindgen.typehandlers:try to lookup type handler for 'ns3::TypeId' => success ((<class 'pybindgen.cppclass.CppClass.__init__.<locals>.ThisClassReturn'>, None, <pybindgen.typehandlers.ctypeparser.TypeTraits object at 0xffffbc837ca0>))
DEBUG:pybindgen.typehandlers:TypeMatcher.lookup('bool')
DEBUG:pybindgen.typehandlers:try to lookup type handler for 'bool' => success ((<class 'pybindgen.typehandlers.booltype.BoolReturn'>, None, <pybindgen.typehandlers.ctypeparser.TypeTraits object at 0xffffbc83c280>))
DEBUG:pybindgen.typehandlers:TypeMatcher.lookup('ns3::TypeId')
DEBUG:pybindgen.typehandlers:try to lookup type handler for 'ns3::TypeId' => success ((<class 'pybindgen.cppclass.CppClass.__init__.<locals>.ThisClassParameter'>, None, <pybindgen.typehandlers.ctypeparser.TypeTraits object at 0xffffbc83c490>))
DEBUG:pybindgen.typehandlers:TypeMatcher.lookup('bool')
DEBUG:pybindgen.typehandlers:try to lookup type handler for 'bool' => success ((<class 'pybindgen.typehandlers.booltype.BoolReturn'>, None, <pybindgen.typehandlers.ctypeparser.TypeTraits object at 0xffffbc83c9a0>))
DEBUG:pybindgen.typehandlers:TypeMatcher.lookup('std::string')
DEBUG:pybindgen.typehandlers:try to lookup type handler for 'std::string' => success ((<class 'pybindgen.typehandlers.stringtype.StdStringParam'>, None, <pybindgen.typehandlers.ctypeparser.TypeTraits object at 0xffffbc83cbb0>))
DEBUG:pybindgen.typehandlers:TypeMatcher.lookup('ns3::TypeId::AttributeInformation *')
DEBUG:pybindgen.typehandlers:try to lookup type handler for 'ns3::TypeId::AttributeInformation *' => success ((<class 'pybindgen.cppclass.CppClass.__init__.<locals>.ThisClassPtrParameter'>, None, <pybindgen.typehandlers.ctypeparser.TypeTraits object at 0xffffbc83cd00>))
DEBUG:pybindgen.typehandlers:TypeMatcher.lookup('ns3::TypeId')
DEBUG:pybindgen.typehandlers:try to lookup type handler for 'ns3::TypeId' => success ((<class 'pybindgen.cppclass.CppClass.__init__.<locals>.ThisClassReturn'>, None, <pybindgen.typehandlers.ctypeparser.TypeTraits object at 0xffffbc840340>))
DEBUG:pybindgen.typehandlers:TypeMatcher.lookup('uint32_t')
DEBUG:pybindgen.typehandlers:try to lookup type handler for 'uint32_t' => success ((<class 'pybindgen.typehandlers.inttype.UnsignedIntParam'>, None, <pybindgen.typehandlers.ctypeparser.TypeTraits object at 0xffffbc840520>))
DEBUG:pybindgen.typehandlers:TypeMatcher.lookup('bool')
DEBUG:pybindgen.typehandlers:try to lookup type handler for 'bool' => success ((<class 'pybindgen.typehandlers.booltype.BoolReturn'>, None, <pybindgen.typehandlers.ctypeparser.TypeTraits object at 0xffffbc840a30>))
DEBUG:pybindgen.typehandlers:TypeMatcher.lookup('uint32_t')
DEBUG:pybindgen.typehandlers:try to lookup type handler for 'uint32_t' => success ((<class 'pybindgen.typehandlers.inttype.UnsignedIntParam'>, None, <pybindgen.typehandlers.ctypeparser.TypeTraits object at 0xffffbc840c40>))
DEBUG:pybindgen.typehandlers:TypeMatcher.lookup('ns3::TypeId *')
DEBUG:pybindgen.typehandlers:try to lookup type handler for 'ns3::TypeId *' => success ((<class 'pybindgen.cppclass.CppClass.__init__.<locals>.ThisClassPtrParameter'>, None, <pybindgen.typehandlers.ctypeparser.TypeTraits object at 0xffffbc840d90>))
/root/workspace/netwokr/ns-allinone-3.33/ns-3.33/src/aodv/bindings/modulegen__gcc_LP64.py:3408: Warning: exception TypeConfigurationError('Missing transfer_ownership option') in wrapper public: retval? ???::LookupByHashFailSafe (params?);
  cls.add_method('LookupByHashFailSafe',
DEBUG:pybindgen.typehandlers:TypeMatcher.lookup('ns3::TypeId')
DEBUG:pybindgen.typehandlers:try to lookup type handler for 'ns3::TypeId' => success ((<class 'pybindgen.cppclass.CppClass.__init__.<locals>.ThisClassReturn'>, None, <pybindgen.typehandlers.ctypeparser.TypeTraits object at 0xffffbc840c40>))
DEBUG:pybindgen.typehandlers:TypeMatcher.lookup('std::string')
DEBUG:pybindgen.typehandlers:try to lookup type handler for 'std::string' => success ((<class 'pybindgen.typehandlers.stringtype.StdStringParam'>, None, <pybindgen.typehandlers.ctypeparser.TypeTraits object at 0xffffbc845100>))
DEBUG:pybindgen.typehandlers:TypeMatcher.lookup('ns3::Ptr< ns3::TraceSourceAccessor const >')
DEBUG:pybindgen.typehandlers:try to lookup type handler for 'ns3::Ptr< ns3::TraceSourceAccessor const >' => failure
DEBUG:pybindgen.typehandlers:try to lookup type handler for 'ns3::TraceSourceAccessor *' => success ((<class 'pybindgen.cppclass.MemoryPolicy.register_ptr_parameter_and_return.<locals>.ThisClassPtrReturn'>, <ns3modulegen_core_customizations.SmartPointerTransformation object at 0xffffbcfe0d90>, <pybindgen.typehandlers.ctypeparser.TypeTraits object at 0xffffbc8458e0>))
DEBUG:pybindgen.typehandlers:TypeMatcher.lookup('std::string')
DEBUG:pybindgen.typehandlers:try to lookup type handler for 'std::string' => success ((<class 'pybindgen.typehandlers.stringtype.StdStringParam'>, None, <pybindgen.typehandlers.ctypeparser.TypeTraits object at 0xffffbc845af0>))
DEBUG:pybindgen.typehandlers:TypeMatcher.lookup('ns3::Ptr< ns3::TraceSourceAccessor const >')
DEBUG:pybindgen.typehandlers:try to lookup type handler for 'ns3::Ptr< ns3::TraceSourceAccessor const >' => failure
DEBUG:pybindgen.typehandlers:try to lookup type handler for 'ns3::TraceSourceAccessor *' => success ((<class 'pybindgen.cppclass.MemoryPolicy.register_ptr_parameter_and_return.<locals>.ThisClassPtrReturn'>, <ns3modulegen_core_customizations.SmartPointerTransformation object at 0xffffbcfe0d90>, <pybindgen.typehandlers.ctypeparser.TypeTraits object at 0xffffbc840b80>))
DEBUG:pybindgen.typehandlers:TypeMatcher.lookup('std::string')
DEBUG:pybindgen.typehandlers:try to lookup type handler for 'std::string' => success ((<class 'pybindgen.typehandlers.stringtype.StdStringParam'>, None, <pybindgen.typehandlers.ctypeparser.TypeTraits object at 0xffffbc840b50>))
DEBUG:pybindgen.typehandlers:TypeMatcher.lookup('ns3::TypeId::TraceSourceInformation *')
DEBUG:pybindgen.typehandlers:try to lookup type handler for 'ns3::TypeId::TraceSourceInformation *' => success ((<class 'pybindgen.cppclass.CppClass.__init__.<locals>.ThisClassPtrParameter'>, None, <pybindgen.typehandlers.ctypeparser.TypeTraits object at 0xffffbc8450a0>))
/root/workspace/netwokr/ns-allinone-3.33/ns-3.33/src/aodv/bindings/modulegen__gcc_LP64.py:3423: Warning: exception TypeConfigurationError('Missing transfer_ownership option') in wrapper public: retval? ???::LookupTraceSourceByName (params?) const;
  cls.add_method('LookupTraceSourceByName',
DEBUG:pybindgen.typehandlers:TypeMatcher.lookup('bool')
DEBUG:pybindgen.typehandlers:try to lookup type handler for 'bool' => success ((<class 'pybindgen.typehandlers.booltype.BoolReturn'>, None, <pybindgen.typehandlers.ctypeparser.TypeTraits object at 0xffffbc845eb0>))
DEBUG:pybindgen.typehandlers:TypeMatcher.lookup('bool')
DEBUG:pybindgen.typehandlers:try to lookup type handler for 'bool' => success ((<class 'pybindgen.typehandlers.booltype.BoolReturn'>, None, <pybindgen.typehandlers.ctypeparser.TypeTraits object at 0xffffbc84a520>))
DEBUG:pybindgen.typehandlers:TypeMatcher.lookup('std::size_t')
DEBUG:pybindgen.typehandlers:try to lookup type handler for 'std::size_t' => success ((<class 'pybindgen.typehandlers.inttype.SizeTParam'>, None, <pybindgen.typehandlers.ctypeparser.TypeTraits object at 0xffffbc84a760>))
DEBUG:pybindgen.typehandlers:TypeMatcher.lookup('ns3::Ptr< ns3::AttributeValue const >')
DEBUG:pybindgen.typehandlers:try to lookup type handler for 'ns3::Ptr< ns3::AttributeValue const >' => failure
DEBUG:pybindgen.typehandlers:try to lookup type handler for 'ns3::AttributeValue *' => success ((<class 'pybindgen.cppclass.MemoryPolicy.register_ptr_parameter_and_return.<locals>.ThisClassPtrParameter'>, <ns3modulegen_core_customizations.SmartPointerTransformation object at 0xffffbcfe0d90>, <pybindgen.typehandlers.ctypeparser.TypeTraits object at 0xffffbc84abe0>))
DEBUG:pybindgen.typehandlers:TypeMatcher.lookup('ns3::TypeId')
DEBUG:pybindgen.typehandlers:try to lookup type handler for 'ns3::TypeId' => success ((<class 'pybindgen.cppclass.CppClass.__init__.<locals>.ThisClassReturn'>, None, <pybindgen.typehandlers.ctypeparser.TypeTraits object at 0xffffbc84afa0>))
DEBUG:pybindgen.typehandlers:TypeMatcher.lookup('std::string')
DEBUG:pybindgen.typehandlers:try to lookup type handler for 'std::string' => success ((<class 'pybindgen.typehandlers.stringtype.StdStringParam'>, None, <pybindgen.typehandlers.ctypeparser.TypeTraits object at 0xffffbc84f1c0>))
DEBUG:pybindgen.typehandlers:TypeMatcher.lookup('ns3::TypeId')
DEBUG:pybindgen.typehandlers:try to lookup type handler for 'ns3::TypeId' => success ((<class 'pybindgen.cppclass.CppClass.__init__.<locals>.ThisClassReturn'>, None, <pybindgen.typehandlers.ctypeparser.TypeTraits object at 0xffffbc84f6d0>))
DEBUG:pybindgen.typehandlers:TypeMatcher.lookup('ns3::TypeId')
DEBUG:pybindgen.typehandlers:try to lookup type handler for 'ns3::TypeId' => success ((<class 'pybindgen.cppclass.CppClass.__init__.<locals>.ThisClassParameter'>, None, <pybindgen.typehandlers.ctypeparser.TypeTraits object at 0xffffbc84f8b0>))
DEBUG:pybindgen.typehandlers:TypeMatcher.lookup('ns3::TypeId')
DEBUG:pybindgen.typehandlers:try to lookup type handler for 'ns3::TypeId' => success ((<class 'pybindgen.cppclass.CppClass.__init__.<locals>.ThisClassReturn'>, None, <pybindgen.typehandlers.ctypeparser.TypeTraits object at 0xffffbc84fdc0>))
DEBUG:pybindgen.typehandlers:TypeMatcher.lookup('std::size_t')
DEBUG:pybindgen.typehandlers:try to lookup type handler for 'std::size_t' => success ((<class 'pybindgen.typehandlers.inttype.SizeTParam'>, None, <pybindgen.typehandlers.ctypeparser.TypeTraits object at 0xffffbc84ffa0>))
DEBUG:pybindgen.typehandlers:TypeMatcher.lookup('void')
DEBUG:pybindgen.typehandlers:try to lookup type handler for 'void' => success ((<class 'pybindgen.typehandlers.voidtype.VoidReturn'>, None, <pybindgen.typehandlers.ctypeparser.TypeTraits object at 0xffffbc7d34f0>))
DEBUG:pybindgen.typehandlers:TypeMatcher.lookup('uint16_t')
DEBUG:pybindgen.typehandlers:try to lookup type handler for 'uint16_t' => success ((<class 'pybindgen.typehandlers.inttype.UInt16Param'>, None, <pybindgen.typehandlers.ctypeparser.TypeTraits object at 0xffffbc7d3700>))
DEBUG:pybindgen.typehandlers:TypeMatcher.lookup('ns3::TypeId::AttributeInformation const &')
DEBUG:pybindgen.typehandlers:try to lookup type handler for 'ns3::TypeId::AttributeInformation const &' => success ((<class 'pybindgen.cppclass.CppClass.__init__.<locals>.ThisClassRefParameter'>, None, <pybindgen.typehandlers.ctypeparser.TypeTraits object at 0xffffbc7d3f70>))
DEBUG:pybindgen.typehandlers:TypeMatcher.lookup('ns3::Ptr< ns3::AttributeAccessor const >')
DEBUG:pybindgen.typehandlers:try to lookup type handler for 'ns3::Ptr< ns3::AttributeAccessor const >' => failure
DEBUG:pybindgen.typehandlers:try to lookup type handler for 'ns3::AttributeAccessor *' => success ((<class 'pybindgen.cppclass.MemoryPolicy.register_ptr_parameter_and_return.<locals>.ThisClassPtrReturn'>, <ns3modulegen_core_customizations.SmartPointerTransformation object at 0xffffbcfe0d90>, <pybindgen.typehandlers.ctypeparser.TypeTraits object at 0xffffbc7d8820>))
DEBUG:pybindgen.typehandlers:TypeMatcher.lookup('ns3::Ptr< ns3::AttributeChecker const >')
DEBUG:pybindgen.typehandlers:try to lookup type handler for 'ns3::Ptr< ns3::AttributeChecker const >' => failure
DEBUG:pybindgen.typehandlers:try to lookup type handler for 'ns3::AttributeChecker *' => success ((<class 'pybindgen.cppclass.MemoryPolicy.register_ptr_parameter_and_return.<locals>.ThisClassPtrReturn'>, <ns3modulegen_core_customizations.SmartPointerTransformation object at 0xffffbcfe0d90>, <pybindgen.typehandlers.ctypeparser.TypeTraits object at 0xffffbc7d8b80>))
DEBUG:pybindgen.typehandlers:TypeMatcher.lookup('uint32_t')
DEBUG:pybindgen.typehandlers:try to lookup type handler for 'uint32_t' => success ((<class 'pybindgen.typehandlers.inttype.UnsignedIntReturn'>, None, <pybindgen.typehandlers.ctypeparser.TypeTraits object at 0xffffbc7d8fd0>))
DEBUG:pybindgen.typehandlers:TypeMatcher.lookup('std::string')
DEBUG:pybindgen.typehandlers:try to lookup type handler for 'std::string' => success ((<class 'pybindgen.typehandlers.stringtype.StdStringReturn'>, None, <pybindgen.typehandlers.ctypeparser.TypeTraits object at 0xffffbc7dbaf0>))
DEBUG:pybindgen.typehandlers:TypeMatcher.lookup('ns3::Ptr< ns3::AttributeValue const >')
DEBUG:pybindgen.typehandlers:try to lookup type handler for 'ns3::Ptr< ns3::AttributeValue const >' => failure
DEBUG:pybindgen.typehandlers:try to lookup type handler for 'ns3::AttributeValue *' => success ((<class 'pybindgen.cppclass.MemoryPolicy.register_ptr_parameter_and_return.<locals>.ThisClassPtrReturn'>, <ns3modulegen_core_customizations.SmartPointerTransformation object at 0xffffbcfe0d90>, <pybindgen.typehandlers.ctypeparser.TypeTraits object at 0xffffbc7de580>))
DEBUG:pybindgen.typehandlers:TypeMatcher.lookup('std::string')
DEBUG:pybindgen.typehandlers:try to lookup type handler for 'std::string' => success ((<class 'pybindgen.typehandlers.stringtype.StdStringReturn'>, None, <pybindgen.typehandlers.ctypeparser.TypeTraits object at 0xffffbc7deca0>))
DEBUG:pybindgen.typehandlers:TypeMatcher.lookup('ns3::Ptr< ns3::AttributeValue const >')
DEBUG:pybindgen.typehandlers:try to lookup type handler for 'ns3::Ptr< ns3::AttributeValue const >' => failure
DEBUG:pybindgen.typehandlers:try to lookup type handler for 'ns3::AttributeValue *' => success ((<class 'pybindgen.cppclass.MemoryPolicy.register_ptr_parameter_and_return.<locals>.ThisClassPtrReturn'>, <ns3modulegen_core_customizations.SmartPointerTransformation object at 0xffffbcfe0d90>, <pybindgen.typehandlers.ctypeparser.TypeTraits object at 0xffffbc7e4730>))
DEBUG:pybindgen.typehandlers:TypeMatcher.lookup('ns3::TypeId::SupportLevel')
DEBUG:pybindgen.typehandlers:try to lookup type handler for 'ns3::TypeId::SupportLevel' => success ((<class 'pybindgen.enum.Enum.set_module.<locals>.ThisEnumReturn'>, None, <pybindgen.typehandlers.ctypeparser.TypeTraits object at 0xffffbc7e4e50>))
DEBUG:pybindgen.typehandlers:TypeMatcher.lookup('std::string')
DEBUG:pybindgen.typehandlers:try to lookup type handler for 'std::string' => success ((<class 'pybindgen.typehandlers.stringtype.StdStringReturn'>, None, <pybindgen.typehandlers.ctypeparser.TypeTraits object at 0xffffbc7e96a0>))
DEBUG:pybindgen.typehandlers:TypeMatcher.lookup('ns3::TypeId::TraceSourceInformation const &')
DEBUG:pybindgen.typehandlers:try to lookup type handler for 'ns3::TypeId::TraceSourceInformation const &' => success ((<class 'pybindgen.cppclass.CppClass.__init__.<locals>.ThisClassRefParameter'>, None, <pybindgen.typehandlers.ctypeparser.TypeTraits object at 0xffffbc7ef250>))
DEBUG:pybindgen.typehandlers:TypeMatcher.lookup('ns3::Ptr< ns3::TraceSourceAccessor const >')
DEBUG:pybindgen.typehandlers:try to lookup type handler for 'ns3::Ptr< ns3::TraceSourceAccessor const >' => failure
DEBUG:pybindgen.typehandlers:try to lookup type handler for 'ns3::TraceSourceAccessor *' => success ((<class 'pybindgen.cppclass.MemoryPolicy.register_ptr_parameter_and_return.<locals>.ThisClassPtrReturn'>, <ns3modulegen_core_customizations.SmartPointerTransformation object at 0xffffbcfe0d90>, <pybindgen.typehandlers.ctypeparser.TypeTraits object at 0xffffbc7efa90>))
DEBUG:pybindgen.typehandlers:TypeMatcher.lookup('std::string')
DEBUG:pybindgen.typehandlers:try to lookup type handler for 'std::string' => success ((<class 'pybindgen.typehandlers.stringtype.StdStringReturn'>, None, <pybindgen.typehandlers.ctypeparser.TypeTraits object at 0xffffbc7eff10>))
DEBUG:pybindgen.typehandlers:TypeMatcher.lookup('std::string')
DEBUG:pybindgen.typehandlers:try to lookup type handler for 'std::string' => success ((<class 'pybindgen.typehandlers.stringtype.StdStringReturn'>, None, <pybindgen.typehandlers.ctypeparser.TypeTraits object at 0xffffbc7f3a00>))
DEBUG:pybindgen.typehandlers:TypeMatcher.lookup('std::string')
DEBUG:pybindgen.typehandlers:try to lookup type handler for 'std::string' => success ((<class 'pybindgen.typehandlers.stringtype.StdStringReturn'>, None, <pybindgen.typehandlers.ctypeparser.TypeTraits object at 0xffffbc7f3f70>))
DEBUG:pybindgen.typehandlers:TypeMatcher.lookup('ns3::TypeId::SupportLevel')
DEBUG:pybindgen.typehandlers:try to lookup type handler for 'ns3::TypeId::SupportLevel' => success ((<class 'pybindgen.enum.Enum.set_module.<locals>.ThisEnumReturn'>, None, <pybindgen.typehandlers.ctypeparser.TypeTraits object at 0xffffbc7f7a60>))
DEBUG:pybindgen.typehandlers:TypeMatcher.lookup('std::string')
DEBUG:pybindgen.typehandlers:try to lookup type handler for 'std::string' => success ((<class 'pybindgen.typehandlers.stringtype.StdStringReturn'>, None, <pybindgen.typehandlers.ctypeparser.TypeTraits object at 0xffffbc7f7fd0>))
DEBUG:pybindgen.typehandlers:TypeMatcher.lookup('ns3::empty const &')
DEBUG:pybindgen.typehandlers:try to lookup type handler for 'ns3::empty const &' => success ((<class 'pybindgen.cppclass.CppClass.__init__.<locals>.ThisClassRefParameter'>, None, <pybindgen.typehandlers.ctypeparser.TypeTraits object at 0xffffbc7fbe20>))
DEBUG:pybindgen.typehandlers:TypeMatcher.lookup('ns3::Time const &')
DEBUG:pybindgen.typehandlers:try to lookup type handler for 'ns3::Time const &' => success ((<class 'pybindgen.cppclass.CppClass.__init__.<locals>.ThisClassRefParameter'>, None, <pybindgen.typehandlers.ctypeparser.TypeTraits object at 0xffffbc7fbdc0>))
DEBUG:pybindgen.typehandlers:TypeMatcher.lookup('ns3::int64x64_t const &')
DEBUG:pybindgen.typehandlers:try to lookup type handler for 'ns3::int64x64_t const &' => success ((<class 'pybindgen.cppclass.CppClass.__init__.<locals>.ThisClassRefParameter'>, None, <pybindgen.typehandlers.ctypeparser.TypeTraits object at 0xffffbc800610>))
DEBUG:pybindgen.typehandlers:TypeMatcher.lookup('ns3::int64x64_t const &')
DEBUG:pybindgen.typehandlers:try to lookup type handler for 'ns3::int64x64_t const &' => success ((<class 'pybindgen.cppclass.CppClass.__init__.<locals>.ThisClassRefParameter'>, None, <pybindgen.typehandlers.ctypeparser.TypeTraits object at 0xffffbc8008b0>))
DEBUG:pybindgen.typehandlers:TypeMatcher.lookup('ns3::int64x64_t const &')
DEBUG:pybindgen.typehandlers:try to lookup type handler for 'ns3::int64x64_t const &' => success ((<class 'pybindgen.cppclass.CppClass.__init__.<locals>.ThisClassRefParameter'>, None, <pybindgen.typehandlers.ctypeparser.TypeTraits object at 0xffffbc800b50>))
DEBUG:pybindgen.typehandlers:TypeMatcher.lookup('ns3::int64x64_t const &')
DEBUG:pybindgen.typehandlers:try to lookup type handler for 'ns3::int64x64_t const &' => success ((<class 'pybindgen.cppclass.CppClass.__init__.<locals>.ThisClassRefParameter'>, None, <pybindgen.typehandlers.ctypeparser.TypeTraits object at 0xffffbc800df0>))
DEBUG:pybindgen.typehandlers:TypeMatcher.lookup('ns3::int64x64_t const &')
DEBUG:pybindgen.typehandlers:try to lookup type handler for 'ns3::int64x64_t const &' => success ((<class 'pybindgen.cppclass.CppClass.__init__.<locals>.ThisClassRefParameter'>, None, <pybindgen.typehandlers.ctypeparser.TypeTraits object at 0xffffbc8020d0>))
DEBUG:pybindgen.typehandlers:TypeMatcher.lookup('ns3::int64x64_t const &')
DEBUG:pybindgen.typehandlers:try to lookup type handler for 'ns3::int64x64_t const &' => success ((<class 'pybindgen.cppclass.CppClass.__init__.<locals>.ThisClassRefParameter'>, None, <pybindgen.typehandlers.ctypeparser.TypeTraits object at 0xffffbc802370>))
DEBUG:pybindgen.typehandlers:TypeMatcher.lookup('ns3::int64x64_t const &')
DEBUG:pybindgen.typehandlers:try to lookup type handler for 'ns3::int64x64_t const &' => success ((<class 'pybindgen.cppclass.CppClass.__init__.<locals>.ThisClassRefParameter'>, None, <pybindgen.typehandlers.ctypeparser.TypeTraits object at 0xffffbc802610>))
DEBUG:pybindgen.typehandlers:TypeMatcher.lookup('ns3::int64x64_t const &')
DEBUG:pybindgen.typehandlers:try to lookup type handler for 'ns3::int64x64_t const &' => success ((<class 'pybindgen.cppclass.CppClass.__init__.<locals>.ThisClassRefParameter'>, None, <pybindgen.typehandlers.ctypeparser.TypeTraits object at 0xffffbc8028b0>))
DEBUG:pybindgen.typehandlers:TypeMatcher.lookup('double const')
DEBUG:pybindgen.typehandlers:try to lookup type handler for 'double const' => success ((<class 'pybindgen.typehandlers.doubletype.DoubleParam'>, None, <pybindgen.typehandlers.ctypeparser.TypeTraits object at 0xffffbc802f70>))
DEBUG:pybindgen.typehandlers:TypeMatcher.lookup('long double const')
DEBUG:pybindgen.typehandlers:try to lookup type handler for 'long double const' => failure
'long double const' did not match
/root/workspace/netwokr/ns-allinone-3.33/ns-3.33/src/aodv/bindings/modulegen__gcc_LP64.py:3527: Warning: exception TypeLookupError(['long double']) in wrapper <pybindgen.cppmethod.CppConstructor object at 0xffffbc802f40>
  cls.add_constructor([param('long double const', 'value')])
DEBUG:pybindgen.typehandlers:TypeMatcher.lookup('int const')
DEBUG:pybindgen.typehandlers:try to lookup type handler for 'int const' => success ((<class 'pybindgen.typehandlers.inttype.IntParam'>, None, <pybindgen.typehandlers.ctypeparser.TypeTraits object at 0xffffbc80b820>))
DEBUG:pybindgen.typehandlers:TypeMatcher.lookup('long int const')
DEBUG:pybindgen.typehandlers:try to lookup type handler for 'long int const' => success ((<class 'pybindgen.typehandlers.inttype.LongParam'>, None, <pybindgen.typehandlers.ctypeparser.TypeTraits object at 0xffffbc80bd60>))
DEBUG:pybindgen.typehandlers:TypeMatcher.lookup('long long int const')
DEBUG:pybindgen.typehandlers:try to lookup type handler for 'long long int const' => success ((<class 'pybindgen.typehandlers.inttype.LongLongParam'>, None, <pybindgen.typehandlers.ctypeparser.TypeTraits object at 0xffffbc80f0d0>))
DEBUG:pybindgen.typehandlers:TypeMatcher.lookup('unsigned int const')
DEBUG:pybindgen.typehandlers:try to lookup type handler for 'unsigned int const' => success ((<class 'pybindgen.typehandlers.inttype.UnsignedIntParam'>, None, <pybindgen.typehandlers.ctypeparser.TypeTraits object at 0xffffbc80f700>))
DEBUG:pybindgen.typehandlers:TypeMatcher.lookup('long unsigned int const')
DEBUG:pybindgen.typehandlers:try to lookup type handler for 'long unsigned int const' => success ((<class 'pybindgen.typehandlers.inttype.UnsignedLongParam'>, None, <pybindgen.typehandlers.ctypeparser.TypeTraits object at 0xffffbc80fcd0>))
DEBUG:pybindgen.typehandlers:TypeMatcher.lookup('long long unsigned int const')
DEBUG:pybindgen.typehandlers:try to lookup type handler for 'long long unsigned int const' => success ((<class 'pybindgen.typehandlers.inttype.UnsignedLongLongParam'>, None, <pybindgen.typehandlers.ctypeparser.TypeTraits object at 0xffffbc791340>))
DEBUG:pybindgen.typehandlers:TypeMatcher.lookup('int64_t const')
DEBUG:pybindgen.typehandlers:try to lookup type handler for 'int64_t const' => success ((<class 'pybindgen.typehandlers.inttype.LongLongParam'>, None, <pybindgen.typehandlers.ctypeparser.TypeTraits object at 0xffffbc791a30>))
DEBUG:pybindgen.typehandlers:TypeMatcher.lookup('uint64_t const')
DEBUG:pybindgen.typehandlers:try to lookup type handler for 'uint64_t const' => success ((<class 'pybindgen.typehandlers.inttype.UnsignedLongLongParam'>, None, <pybindgen.typehandlers.ctypeparser.TypeTraits object at 0xffffbc791c10>))
DEBUG:pybindgen.typehandlers:TypeMatcher.lookup('ns3::int64x64_t const &')
DEBUG:pybindgen.typehandlers:try to lookup type handler for 'ns3::int64x64_t const &' => success ((<class 'pybindgen.cppclass.CppClass.__init__.<locals>.ThisClassRefParameter'>, None, <pybindgen.typehandlers.ctypeparser.TypeTraits object at 0xffffbc7951f0>))
DEBUG:pybindgen.typehandlers:TypeMatcher.lookup('double')
DEBUG:pybindgen.typehandlers:try to lookup type handler for 'double' => success ((<class 'pybindgen.typehandlers.doubletype.DoubleReturn'>, None, <pybindgen.typehandlers.ctypeparser.TypeTraits object at 0xffffbc7957f0>))
DEBUG:pybindgen.typehandlers:TypeMatcher.lookup('int64_t')
DEBUG:pybindgen.typehandlers:try to lookup type handler for 'int64_t' => success ((<class 'pybindgen.typehandlers.inttype.LongLongReturn'>, None, <pybindgen.typehandlers.ctypeparser.TypeTraits object at 0xffffbc795d60>))
DEBUG:pybindgen.typehandlers:TypeMatcher.lookup('int64_t')
DEBUG:pybindgen.typehandlers:try to lookup type handler for 'int64_t' => success ((<class 'pybindgen.typehandlers.inttype.LongLongReturn'>, None, <pybindgen.typehandlers.ctypeparser.TypeTraits object at 0xffffbc79a310>))
DEBUG:pybindgen.typehandlers:TypeMatcher.lookup('uint64_t')
DEBUG:pybindgen.typehandlers:try to lookup type handler for 'uint64_t' => success ((<class 'pybindgen.typehandlers.inttype.UnsignedLongLongReturn'>, None, <pybindgen.typehandlers.ctypeparser.TypeTraits object at 0xffffbc79a880>))
DEBUG:pybindgen.typehandlers:TypeMatcher.lookup('ns3::int64x64_t')
DEBUG:pybindgen.typehandlers:try to lookup type handler for 'ns3::int64x64_t' => success ((<class 'pybindgen.cppclass.CppClass.__init__.<locals>.ThisClassReturn'>, None, <pybindgen.typehandlers.ctypeparser.TypeTraits object at 0xffffbc79adf0>))
DEBUG:pybindgen.typehandlers:TypeMatcher.lookup('uint64_t const')
DEBUG:pybindgen.typehandlers:try to lookup type handler for 'uint64_t const' => success ((<class 'pybindgen.typehandlers.inttype.UnsignedLongLongParam'>, None, <pybindgen.typehandlers.ctypeparser.TypeTraits object at 0xffffbc79afd0>))
DEBUG:pybindgen.typehandlers:TypeMatcher.lookup('void')
DEBUG:pybindgen.typehandlers:try to lookup type handler for 'void' => success ((<class 'pybindgen.typehandlers.voidtype.VoidReturn'>, None, <pybindgen.typehandlers.ctypeparser.TypeTraits object at 0xffffbc7a1520>))
DEBUG:pybindgen.typehandlers:TypeMatcher.lookup('ns3::int64x64_t const &')
DEBUG:pybindgen.typehandlers:try to lookup type handler for 'ns3::int64x64_t const &' => success ((<class 'pybindgen.cppclass.CppClass.__init__.<locals>.ThisClassRefParameter'>, None, <pybindgen.typehandlers.ctypeparser.TypeTraits object at 0xffffbc7a1760>))
DEBUG:pybindgen.typehandlers:TypeMatcher.lookup('int64_t')
DEBUG:pybindgen.typehandlers:try to lookup type handler for 'int64_t' => success ((<class 'pybindgen.typehandlers.inttype.LongLongReturn'>, None, <pybindgen.typehandlers.ctypeparser.TypeTraits object at 0xffffbc7a1d90>))
DEBUG:pybindgen.typehandlers:TypeMatcher.lookup('ns3::int64x64_t::impl_type const')
DEBUG:pybindgen.typehandlers:try to lookup type handler for 'ns3::int64x64_t::impl_type const' => success ((<class 'pybindgen.enum.Enum.set_module.<locals>.ThisEnumReturn'>, None, <pybindgen.typehandlers.ctypeparser.TypeTraits object at 0xffffbc7a1d60>))
DEBUG:pybindgen.typehandlers:TypeMatcher.lookup('ns3::AodvHelper const &')
DEBUG:pybindgen.typehandlers:try to lookup type handler for 'ns3::AodvHelper const &' => success ((<class 'pybindgen.cppclass.CppClass.__init__.<locals>.ThisClassRefParameter'>, None, <pybindgen.typehandlers.ctypeparser.TypeTraits object at 0xffffbc7a37f0>))
DEBUG:pybindgen.typehandlers:TypeMatcher.lookup('int64_t')
DEBUG:pybindgen.typehandlers:try to lookup type handler for 'int64_t' => success ((<class 'pybindgen.typehandlers.inttype.LongLongReturn'>, None, <pybindgen.typehandlers.ctypeparser.TypeTraits object at 0xffffbc7a71f0>))
DEBUG:pybindgen.typehandlers:TypeMatcher.lookup('ns3::NodeContainer')
DEBUG:pybindgen.typehandlers:try to lookup type handler for 'ns3::NodeContainer' => success ((<class 'pybindgen.cppclass.CppClass.__init__.<locals>.ThisClassParameter'>, None, <pybindgen.typehandlers.ctypeparser.TypeTraits object at 0xffffbc7a7400>))
DEBUG:pybindgen.typehandlers:TypeMatcher.lookup('int64_t')
DEBUG:pybindgen.typehandlers:try to lookup type handler for 'int64_t' => success ((<class 'pybindgen.typehandlers.inttype.LongLongParam'>, None, <pybindgen.typehandlers.ctypeparser.TypeTraits object at 0xffffbc7a7550>))
DEBUG:pybindgen.typehandlers:TypeMatcher.lookup('ns3::AodvHelper *')
DEBUG:pybindgen.typehandlers:try to lookup type handler for 'ns3::AodvHelper *' => success ((<class 'pybindgen.cppclass.CppClass.__init__.<locals>.ThisClassPtrReturn'>, None, <pybindgen.typehandlers.ctypeparser.TypeTraits object at 0xffffbc7a7af0>))
DEBUG:pybindgen.typehandlers:TypeMatcher.lookup('ns3::Ptr< ns3::Ipv4RoutingProtocol >')
DEBUG:pybindgen.typehandlers:try to lookup type handler for 'ns3::Ptr< ns3::Ipv4RoutingProtocol >' => failure
DEBUG:pybindgen.typehandlers:try to lookup type handler for 'ns3::Ipv4RoutingProtocol *' => success ((<class 'pybindgen.cppclass.MemoryPolicy.register_ptr_parameter_and_return.<locals>.ThisClassPtrReturn'>, <ns3modulegen_core_customizations.SmartPointerTransformation object at 0xffffbcfe0d90>, <pybindgen.typehandlers.ctypeparser.TypeTraits object at 0xffffbc7ab6a0>))
DEBUG:pybindgen.typehandlers:TypeMatcher.lookup('ns3::Ptr< ns3::Node >')
DEBUG:pybindgen.typehandlers:try to lookup type handler for 'ns3::Ptr< ns3::Node >' => failure
DEBUG:pybindgen.typehandlers:try to lookup type handler for 'ns3::Node *' => success ((<class 'pybindgen.cppclass.MemoryPolicy.register_ptr_parameter_and_return.<locals>.ThisClassPtrParameter'>, <ns3modulegen_core_customizations.SmartPointerTransformation object at 0xffffbcfe0d90>, <pybindgen.typehandlers.ctypeparser.TypeTraits object at 0xffffbc7ab9a0>))
DEBUG:pybindgen.typehandlers:TypeMatcher.lookup('void')
DEBUG:pybindgen.typehandlers:try to lookup type handler for 'void' => success ((<class 'pybindgen.typehandlers.voidtype.VoidReturn'>, None, <pybindgen.typehandlers.ctypeparser.TypeTraits object at 0xffffbc7abfd0>))
DEBUG:pybindgen.typehandlers:TypeMatcher.lookup('std::string')
DEBUG:pybindgen.typehandlers:try to lookup type handler for 'std::string' => success ((<class 'pybindgen.typehandlers.stringtype.StdStringParam'>, None, <pybindgen.typehandlers.ctypeparser.TypeTraits object at 0xffffbc7b1220>))
DEBUG:pybindgen.typehandlers:TypeMatcher.lookup('ns3::AttributeValue const &')
DEBUG:pybindgen.typehandlers:try to lookup type handler for 'ns3::AttributeValue const &' => success ((<class 'pybindgen.cppclass.CppClass.__init__.<locals>.ThisClassRefParameter'>, None, <pybindgen.typehandlers.ctypeparser.TypeTraits object at 0xffffbc7b1370>))
DEBUG:pybindgen.typehandlers:TypeMatcher.lookup('ns3::Chunk const &')
DEBUG:pybindgen.typehandlers:try to lookup type handler for 'ns3::Chunk const &' => success ((<class 'pybindgen.cppclass.CppClass.__init__.<locals>.ThisClassRefParameter'>, None, <pybindgen.typehandlers.ctypeparser.TypeTraits object at 0xffffbc7b1d60>))
DEBUG:pybindgen.typehandlers:TypeMatcher.lookup('uint32_t')
DEBUG:pybindgen.typehandlers:try to lookup type handler for 'uint32_t' => success ((<class 'pybindgen.typehandlers.inttype.UnsignedIntReturn'>, None, <pybindgen.typehandlers.ctypeparser.TypeTraits object at 0xffffbc7b73a0>))
DEBUG:pybindgen.typehandlers:TypeMatcher.lookup('ns3::Buffer::Iterator')
DEBUG:pybindgen.typehandlers:try to lookup type handler for 'ns3::Buffer::Iterator' => success ((<class 'pybindgen.cppclass.CppClass.__init__.<locals>.ThisClassParameter'>, None, <pybindgen.typehandlers.ctypeparser.TypeTraits object at 0xffffbc7b75b0>))
DEBUG:pybindgen.typehandlers:TypeMatcher.lookup('uint32_t')
DEBUG:pybindgen.typehandlers:try to lookup type handler for 'uint32_t' => success ((<class 'pybindgen.typehandlers.inttype.UnsignedIntReturn'>, None, <pybindgen.typehandlers.ctypeparser.TypeTraits object at 0xffffbc7b7dc0>))
DEBUG:pybindgen.typehandlers:TypeMatcher.lookup('ns3::Buffer::Iterator')
DEBUG:pybindgen.typehandlers:try to lookup type handler for 'ns3::Buffer::Iterator' => success ((<class 'pybindgen.cppclass.CppClass.__init__.<locals>.ThisClassParameter'>, None, <pybindgen.typehandlers.ctypeparser.TypeTraits object at 0xffffbc7b7fd0>))
DEBUG:pybindgen.typehandlers:TypeMatcher.lookup('ns3::Buffer::Iterator')
DEBUG:pybindgen.typehandlers:try to lookup type handler for 'ns3::Buffer::Iterator' => success ((<class 'pybindgen.cppclass.CppClass.__init__.<locals>.ThisClassParameter'>, None, <pybindgen.typehandlers.ctypeparser.TypeTraits object at 0xffffbc7bd160>))
DEBUG:pybindgen.typehandlers:TypeMatcher.lookup('ns3::TypeId')
DEBUG:pybindgen.typehandlers:try to lookup type handler for 'ns3::TypeId' => success ((<class 'pybindgen.cppclass.CppClass.__init__.<locals>.ThisClassReturn'>, None, <pybindgen.typehandlers.ctypeparser.TypeTraits object at 0xffffbc7bd970>))
DEBUG:pybindgen.typehandlers:TypeMatcher.lookup('void')
DEBUG:pybindgen.typehandlers:try to lookup type handler for 'void' => success ((<class 'pybindgen.typehandlers.voidtype.VoidReturn'>, None, <pybindgen.typehandlers.ctypeparser.TypeTraits object at 0xffffbc7bde50>))
DEBUG:pybindgen.typehandlers:TypeMatcher.lookup('std::ostream &')
DEBUG:pybindgen.typehandlers:try to lookup type handler for 'std::ostream &' => failure
'std::ostream &' did not match
/root/workspace/netwokr/ns-allinone-3.33/ns-3.33/src/aodv/bindings/modulegen__gcc_LP64.py:3628: Warning: exception TypeLookupError(['std::ostream &']) in wrapper public: virtual retval? ???::Print (params?) const = 0;
  cls.add_method('Print',
DEBUG:pybindgen.typehandlers:TypeMatcher.lookup('ns3::Header const &')
DEBUG:pybindgen.typehandlers:try to lookup type handler for 'ns3::Header const &' => success ((<class 'pybindgen.cppclass.CppClass.__init__.<locals>.ThisClassRefParameter'>, None, <pybindgen.typehandlers.ctypeparser.TypeTraits object at 0xffffbc7bfe50>))
DEBUG:pybindgen.typehandlers:TypeMatcher.lookup('uint32_t')
DEBUG:pybindgen.typehandlers:try to lookup type handler for 'uint32_t' => success ((<class 'pybindgen.typehandlers.inttype.UnsignedIntReturn'>, None, <pybindgen.typehandlers.ctypeparser.TypeTraits object at 0xffffbc7c4460>))
DEBUG:pybindgen.typehandlers:TypeMatcher.lookup('ns3::Buffer::Iterator')
DEBUG:pybindgen.typehandlers:try to lookup type handler for 'ns3::Buffer::Iterator' => success ((<class 'pybindgen.cppclass.CppClass.__init__.<locals>.ThisClassParameter'>, None, <pybindgen.typehandlers.ctypeparser.TypeTraits object at 0xffffbc7c4670>))
DEBUG:pybindgen.typehandlers:TypeMatcher.lookup('uint32_t')
DEBUG:pybindgen.typehandlers:try to lookup type handler for 'uint32_t' => success ((<class 'pybindgen.typehandlers.inttype.UnsignedIntReturn'>, None, <pybindgen.typehandlers.ctypeparser.TypeTraits object at 0xffffbc7c4b20>))
DEBUG:pybindgen.typehandlers:TypeMatcher.lookup('ns3::TypeId')
DEBUG:pybindgen.typehandlers:try to lookup type handler for 'ns3::TypeId' => success ((<class 'pybindgen.cppclass.CppClass.__init__.<locals>.ThisClassReturn'>, None, <pybindgen.typehandlers.ctypeparser.TypeTraits object at 0xffffbc7c8130>))
DEBUG:pybindgen.typehandlers:TypeMatcher.lookup('void')
DEBUG:pybindgen.typehandlers:try to lookup type handler for 'void' => success ((<class 'pybindgen.typehandlers.voidtype.VoidReturn'>, None, <pybindgen.typehandlers.ctypeparser.TypeTraits object at 0xffffbc7c8610>))
DEBUG:pybindgen.typehandlers:TypeMatcher.lookup('std::ostream &')
DEBUG:pybindgen.typehandlers:try to lookup type handler for 'std::ostream &' => failure
'std::ostream &' did not match
/root/workspace/netwokr/ns-allinone-3.33/ns-3.33/src/aodv/bindings/modulegen__gcc_LP64.py:3656: Warning: exception TypeLookupError(['std::ostream &']) in wrapper public: virtual retval? ???::Print (params?) const = 0;
  cls.add_method('Print',
DEBUG:pybindgen.typehandlers:TypeMatcher.lookup('void')
DEBUG:pybindgen.typehandlers:try to lookup type handler for 'void' => success ((<class 'pybindgen.typehandlers.voidtype.VoidReturn'>, None, <pybindgen.typehandlers.ctypeparser.TypeTraits object at 0xffffbc7c8a30>))
DEBUG:pybindgen.typehandlers:TypeMatcher.lookup('ns3::Buffer::Iterator')
DEBUG:pybindgen.typehandlers:try to lookup type handler for 'ns3::Buffer::Iterator' => success ((<class 'pybindgen.cppclass.CppClass.__init__.<locals>.ThisClassParameter'>, None, <pybindgen.typehandlers.ctypeparser.TypeTraits object at 0xffffbc7cc460>))
DEBUG:pybindgen.typehandlers:TypeMatcher.lookup('ns3::Ipv4Header const &')
DEBUG:pybindgen.typehandlers:try to lookup type handler for 'ns3::Ipv4Header const &' => success ((<class 'pybindgen.cppclass.CppClass.__init__.<locals>.ThisClassRefParameter'>, None, <pybindgen.typehandlers.ctypeparser.TypeTraits object at 0xffffbc7cc9a0>))
DEBUG:pybindgen.typehandlers:TypeMatcher.lookup('uint32_t')
DEBUG:pybindgen.typehandlers:try to lookup type handler for 'uint32_t' => success ((<class 'pybindgen.typehandlers.inttype.UnsignedIntReturn'>, None, <pybindgen.typehandlers.ctypeparser.TypeTraits object at 0xffffbc7cceb0>))
DEBUG:pybindgen.typehandlers:TypeMatcher.lookup('ns3::Buffer::Iterator')
DEBUG:pybindgen.typehandlers:try to lookup type handler for 'ns3::Buffer::Iterator' => success ((<class 'pybindgen.cppclass.CppClass.__init__.<locals>.ThisClassParameter'>, None, <pybindgen.typehandlers.ctypeparser.TypeTraits object at 0xffffbc753100>))
DEBUG:pybindgen.typehandlers:TypeMatcher.lookup('std::string')
DEBUG:pybindgen.typehandlers:try to lookup type handler for 'std::string' => success ((<class 'pybindgen.typehandlers.stringtype.StdStringReturn'>, None, <pybindgen.typehandlers.ctypeparser.TypeTraits object at 0xffffbc753610>))
DEBUG:pybindgen.typehandlers:TypeMatcher.lookup('ns3::Ipv4Header::DscpType')
DEBUG:pybindgen.typehandlers:try to lookup type handler for 'ns3::Ipv4Header::DscpType' => success ((<class 'pybindgen.enum.Enum.set_module.<locals>.ThisEnumParameter'>, None, <pybindgen.typehandlers.ctypeparser.TypeTraits object at 0xffffbc753820>))
DEBUG:pybindgen.typehandlers:TypeMatcher.lookup('std::string')
DEBUG:pybindgen.typehandlers:try to lookup type handler for 'std::string' => success ((<class 'pybindgen.typehandlers.stringtype.StdStringReturn'>, None, <pybindgen.typehandlers.ctypeparser.TypeTraits object at 0xffffbc753d30>))
DEBUG:pybindgen.typehandlers:TypeMatcher.lookup('ns3::Ipv4Header::EcnType')
DEBUG:pybindgen.typehandlers:try to lookup type handler for 'ns3::Ipv4Header::EcnType' => success ((<class 'pybindgen.enum.Enum.set_module.<locals>.ThisEnumParameter'>, None, <pybindgen.typehandlers.ctypeparser.TypeTraits object at 0xffffbc753f40>))
DEBUG:pybindgen.typehandlers:TypeMatcher.lookup('void')
DEBUG:pybindgen.typehandlers:try to lookup type handler for 'void' => success ((<class 'pybindgen.typehandlers.voidtype.VoidReturn'>, None, <pybindgen.typehandlers.ctypeparser.TypeTraits object at 0xffffbc756430>))
DEBUG:pybindgen.typehandlers:TypeMatcher.lookup('ns3::Ipv4Address')
DEBUG:pybindgen.typehandlers:try to lookup type handler for 'ns3::Ipv4Address' => success ((<class 'pybindgen.cppclass.CppClass.__init__.<locals>.ThisClassReturn'>, None, <pybindgen.typehandlers.ctypeparser.TypeTraits object at 0xffffbc756a00>))
DEBUG:pybindgen.typehandlers:TypeMatcher.lookup('ns3::Ipv4Header::DscpType')
DEBUG:pybindgen.typehandlers:try to lookup type handler for 'ns3::Ipv4Header::DscpType' => success ((<class 'pybindgen.enum.Enum.set_module.<locals>.ThisEnumReturn'>, None, <pybindgen.typehandlers.ctypeparser.TypeTraits object at 0xffffbc756f40>))
DEBUG:pybindgen.typehandlers:TypeMatcher.lookup('ns3::Ipv4Header::EcnType')
DEBUG:pybindgen.typehandlers:try to lookup type handler for 'ns3::Ipv4Header::EcnType' => success ((<class 'pybindgen.enum.Enum.set_module.<locals>.ThisEnumReturn'>, None, <pybindgen.typehandlers.ctypeparser.TypeTraits object at 0xffffbc75b4f0>))
DEBUG:pybindgen.typehandlers:TypeMatcher.lookup('uint16_t')
DEBUG:pybindgen.typehandlers:try to lookup type handler for 'uint16_t' => success ((<class 'pybindgen.typehandlers.inttype.UInt16Return'>, None, <pybindgen.typehandlers.ctypeparser.TypeTraits object at 0xffffbc75ba60>))
DEBUG:pybindgen.typehandlers:TypeMatcher.lookup('uint16_t')
DEBUG:pybindgen.typehandlers:try to lookup type handler for 'uint16_t' => success ((<class 'pybindgen.typehandlers.inttype.UInt16Return'>, None, <pybindgen.typehandlers.ctypeparser.TypeTraits object at 0xffffbc75bfd0>))
DEBUG:pybindgen.typehandlers:TypeMatcher.lookup('ns3::TypeId')
DEBUG:pybindgen.typehandlers:try to lookup type handler for 'ns3::TypeId' => success ((<class 'pybindgen.cppclass.CppClass.__init__.<locals>.ThisClassReturn'>, None, <pybindgen.typehandlers.ctypeparser.TypeTraits object at 0xffffbc761580>))
DEBUG:pybindgen.typehandlers:TypeMatcher.lookup('uint16_t')
DEBUG:pybindgen.typehandlers:try to lookup type handler for 'uint16_t' => success ((<class 'pybindgen.typehandlers.inttype.UInt16Return'>, None, <pybindgen.typehandlers.ctypeparser.TypeTraits object at 0xffffbc761ac0>))
DEBUG:pybindgen.typehandlers:TypeMatcher.lookup('uint8_t')
DEBUG:pybindgen.typehandlers:try to lookup type handler for 'uint8_t' => success ((<class 'pybindgen.typehandlers.inttype.UInt8Return'>, None, <pybindgen.typehandlers.ctypeparser.TypeTraits object at 0xffffbc765070>))
DEBUG:pybindgen.typehandlers:TypeMatcher.lookup('uint32_t')
DEBUG:pybindgen.typehandlers:try to lookup type handler for 'uint32_t' => success ((<class 'pybindgen.typehandlers.inttype.UnsignedIntReturn'>, None, <pybindgen.typehandlers.ctypeparser.TypeTraits object at 0xffffbc7655e0>))
DEBUG:pybindgen.typehandlers:TypeMatcher.lookup('ns3::Ipv4Address')
DEBUG:pybindgen.typehandlers:try to lookup type handler for 'ns3::Ipv4Address' => success ((<class 'pybindgen.cppclass.CppClass.__init__.<locals>.ThisClassReturn'>, None, <pybindgen.typehandlers.ctypeparser.TypeTraits object at 0xffffbc765b50>))
DEBUG:pybindgen.typehandlers:TypeMatcher.lookup('uint8_t')
DEBUG:pybindgen.typehandlers:try to lookup type handler for 'uint8_t' => success ((<class 'pybindgen.typehandlers.inttype.UInt8Return'>, None, <pybindgen.typehandlers.ctypeparser.TypeTraits object at 0xffffbc76a0d0>))
DEBUG:pybindgen.typehandlers:TypeMatcher.lookup('uint8_t')
DEBUG:pybindgen.typehandlers:try to lookup type handler for 'uint8_t' => success ((<class 'pybindgen.typehandlers.inttype.UInt8Return'>, None, <pybindgen.typehandlers.ctypeparser.TypeTraits object at 0xffffbc76a640>))
DEBUG:pybindgen.typehandlers:TypeMatcher.lookup('ns3::TypeId')
DEBUG:pybindgen.typehandlers:try to lookup type handler for 'ns3::TypeId' => success ((<class 'pybindgen.cppclass.CppClass.__init__.<locals>.ThisClassReturn'>, None, <pybindgen.typehandlers.ctypeparser.TypeTraits object at 0xffffbc76abb0>))
DEBUG:pybindgen.typehandlers:TypeMatcher.lookup('bool')
DEBUG:pybindgen.typehandlers:try to lookup type handler for 'bool' => success ((<class 'pybindgen.typehandlers.booltype.BoolReturn'>, None, <pybindgen.typehandlers.ctypeparser.TypeTraits object at 0xffffbc770130>))
DEBUG:pybindgen.typehandlers:TypeMatcher.lookup('bool')
DEBUG:pybindgen.typehandlers:try to lookup type handler for 'bool' => success ((<class 'pybindgen.typehandlers.booltype.BoolReturn'>, None, <pybindgen.typehandlers.ctypeparser.TypeTraits object at 0xffffbc7706a0>))
DEBUG:pybindgen.typehandlers:TypeMatcher.lookup('bool')
DEBUG:pybindgen.typehandlers:try to lookup type handler for 'bool' => success ((<class 'pybindgen.typehandlers.booltype.BoolReturn'>, None, <pybindgen.typehandlers.ctypeparser.TypeTraits object at 0xffffbc770c10>))
DEBUG:pybindgen.typehandlers:TypeMatcher.lookup('void')
DEBUG:pybindgen.typehandlers:try to lookup type handler for 'void' => success ((<class 'pybindgen.typehandlers.voidtype.VoidReturn'>, None, <pybindgen.typehandlers.ctypeparser.TypeTraits object at 0xffffbc7bf040>))
DEBUG:pybindgen.typehandlers:TypeMatcher.lookup('std::ostream &')
DEBUG:pybindgen.typehandlers:try to lookup type handler for 'std::ostream &' => failure
'std::ostream &' did not match
/root/workspace/netwokr/ns-allinone-3.33/ns-3.33/src/aodv/bindings/modulegen__gcc_LP64.py:3772: Warning: exception TypeLookupError(['std::ostream &']) in wrapper public: virtual retval? ???::Print (params?) const;
  cls.add_method('Print',
DEBUG:pybindgen.typehandlers:TypeMatcher.lookup('void')
DEBUG:pybindgen.typehandlers:try to lookup type handler for 'void' => success ((<class 'pybindgen.typehandlers.voidtype.VoidReturn'>, None, <pybindgen.typehandlers.ctypeparser.TypeTraits object at 0xffffbc7bd6a0>))
DEBUG:pybindgen.typehandlers:TypeMatcher.lookup('ns3::Buffer::Iterator')
DEBUG:pybindgen.typehandlers:try to lookup type handler for 'ns3::Buffer::Iterator' => success ((<class 'pybindgen.cppclass.CppClass.__init__.<locals>.ThisClassParameter'>, None, <pybindgen.typehandlers.ctypeparser.TypeTraits object at 0xffffbc774580>))
DEBUG:pybindgen.typehandlers:TypeMatcher.lookup('void')
DEBUG:pybindgen.typehandlers:try to lookup type handler for 'void' => success ((<class 'pybindgen.typehandlers.voidtype.VoidReturn'>, None, <pybindgen.typehandlers.ctypeparser.TypeTraits object at 0xffffbc774a30>))
DEBUG:pybindgen.typehandlers:TypeMatcher.lookup('ns3::Ipv4Address')
DEBUG:pybindgen.typehandlers:try to lookup type handler for 'ns3::Ipv4Address' => success ((<class 'pybindgen.cppclass.CppClass.__init__.<locals>.ThisClassParameter'>, None, <pybindgen.typehandlers.ctypeparser.TypeTraits object at 0xffffbc774c70>))
DEBUG:pybindgen.typehandlers:TypeMatcher.lookup('void')
DEBUG:pybindgen.typehandlers:try to lookup type handler for 'void' => success ((<class 'pybindgen.typehandlers.voidtype.VoidReturn'>, None, <pybindgen.typehandlers.ctypeparser.TypeTraits object at 0xffffbc7781c0>))
DEBUG:pybindgen.typehandlers:TypeMatcher.lookup('void')
DEBUG:pybindgen.typehandlers:try to lookup type handler for 'void' => success ((<class 'pybindgen.typehandlers.voidtype.VoidReturn'>, None, <pybindgen.typehandlers.ctypeparser.TypeTraits object at 0xffffbc778730>))
DEBUG:pybindgen.typehandlers:TypeMatcher.lookup('ns3::Ipv4Header::DscpType')
DEBUG:pybindgen.typehandlers:try to lookup type handler for 'ns3::Ipv4Header::DscpType' => success ((<class 'pybindgen.enum.Enum.set_module.<locals>.ThisEnumParameter'>, None, <pybindgen.typehandlers.ctypeparser.TypeTraits object at 0xffffbc778940>))
DEBUG:pybindgen.typehandlers:TypeMatcher.lookup('void')
DEBUG:pybindgen.typehandlers:try to lookup type handler for 'void' => success ((<class 'pybindgen.typehandlers.voidtype.VoidReturn'>, None, <pybindgen.typehandlers.ctypeparser.TypeTraits object at 0xffffbc778e50>))
DEBUG:pybindgen.typehandlers:TypeMatcher.lookup('ns3::Ipv4Header::EcnType')
DEBUG:pybindgen.typehandlers:try to lookup type handler for 'ns3::Ipv4Header::EcnType' => success ((<class 'pybindgen.enum.Enum.set_module.<locals>.ThisEnumParameter'>, None, <pybindgen.typehandlers.ctypeparser.TypeTraits object at 0xffffbc77d0a0>))
DEBUG:pybindgen.typehandlers:TypeMatcher.lookup('void')
DEBUG:pybindgen.typehandlers:try to lookup type handler for 'void' => success ((<class 'pybindgen.typehandlers.voidtype.VoidReturn'>, None, <pybindgen.typehandlers.ctypeparser.TypeTraits object at 0xffffbc77d5b0>))
DEBUG:pybindgen.typehandlers:TypeMatcher.lookup('uint16_t')
DEBUG:pybindgen.typehandlers:try to lookup type handler for 'uint16_t' => success ((<class 'pybindgen.typehandlers.inttype.UInt16Param'>, None, <pybindgen.typehandlers.ctypeparser.TypeTraits object at 0xffffbc77d7c0>))
DEBUG:pybindgen.typehandlers:TypeMatcher.lookup('void')
DEBUG:pybindgen.typehandlers:try to lookup type handler for 'void' => success ((<class 'pybindgen.typehandlers.voidtype.VoidReturn'>, None, <pybindgen.typehandlers.ctypeparser.TypeTraits object at 0xffffbc77dcd0>))
DEBUG:pybindgen.typehandlers:TypeMatcher.lookup('uint16_t')
DEBUG:pybindgen.typehandlers:try to lookup type handler for 'uint16_t' => success ((<class 'pybindgen.typehandlers.inttype.UInt16Param'>, None, <pybindgen.typehandlers.ctypeparser.TypeTraits object at 0xffffbc77dee0>))
DEBUG:pybindgen.typehandlers:TypeMatcher.lookup('void')
DEBUG:pybindgen.typehandlers:try to lookup type handler for 'void' => success ((<class 'pybindgen.typehandlers.voidtype.VoidReturn'>, None, <pybindgen.typehandlers.ctypeparser.TypeTraits object at 0xffffbc780430>))
DEBUG:pybindgen.typehandlers:TypeMatcher.lookup('void')
DEBUG:pybindgen.typehandlers:try to lookup type handler for 'void' => success ((<class 'pybindgen.typehandlers.voidtype.VoidReturn'>, None, <pybindgen.typehandlers.ctypeparser.TypeTraits object at 0xffffbc770bb0>))
DEBUG:pybindgen.typehandlers:TypeMatcher.lookup('void')
DEBUG:pybindgen.typehandlers:try to lookup type handler for 'void' => success ((<class 'pybindgen.typehandlers.voidtype.VoidReturn'>, None, <pybindgen.typehandlers.ctypeparser.TypeTraits object at 0xffffbc780ac0>))
DEBUG:pybindgen.typehandlers:TypeMatcher.lookup('void')
DEBUG:pybindgen.typehandlers:try to lookup type handler for 'void' => success ((<class 'pybindgen.typehandlers.voidtype.VoidReturn'>, None, <pybindgen.typehandlers.ctypeparser.TypeTraits object at 0xffffbc784070>))
DEBUG:pybindgen.typehandlers:TypeMatcher.lookup('uint16_t')
DEBUG:pybindgen.typehandlers:try to lookup type handler for 'uint16_t' => success ((<class 'pybindgen.typehandlers.inttype.UInt16Param'>, None, <pybindgen.typehandlers.ctypeparser.TypeTraits object at 0xffffbc784280>))
DEBUG:pybindgen.typehandlers:TypeMatcher.lookup('void')
DEBUG:pybindgen.typehandlers:try to lookup type handler for 'void' => success ((<class 'pybindgen.typehandlers.voidtype.VoidReturn'>, None, <pybindgen.typehandlers.ctypeparser.TypeTraits object at 0xffffbc784790>))
DEBUG:pybindgen.typehandlers:TypeMatcher.lookup('uint8_t')
DEBUG:pybindgen.typehandlers:try to lookup type handler for 'uint8_t' => success ((<class 'pybindgen.typehandlers.inttype.UInt8Param'>, None, <pybindgen.typehandlers.ctypeparser.TypeTraits object at 0xffffbc7849a0>))
DEBUG:pybindgen.typehandlers:TypeMatcher.lookup('void')
DEBUG:pybindgen.typehandlers:try to lookup type handler for 'void' => success ((<class 'pybindgen.typehandlers.voidtype.VoidReturn'>, None, <pybindgen.typehandlers.ctypeparser.TypeTraits object at 0xffffbc784eb0>))
DEBUG:pybindgen.typehandlers:TypeMatcher.lookup('ns3::Ipv4Address')
DEBUG:pybindgen.typehandlers:try to lookup type handler for 'ns3::Ipv4Address' => success ((<class 'pybindgen.cppclass.CppClass.__init__.<locals>.ThisClassParameter'>, None, <pybindgen.typehandlers.ctypeparser.TypeTraits object at 0xffffbc78a100>))
DEBUG:pybindgen.typehandlers:TypeMatcher.lookup('void')
DEBUG:pybindgen.typehandlers:try to lookup type handler for 'void' => success ((<class 'pybindgen.typehandlers.voidtype.VoidReturn'>, None, <pybindgen.typehandlers.ctypeparser.TypeTraits object at 0xffffbc78a610>))
DEBUG:pybindgen.typehandlers:TypeMatcher.lookup('uint8_t')
DEBUG:pybindgen.typehandlers:try to lookup type handler for 'uint8_t' => success ((<class 'pybindgen.typehandlers.inttype.UInt8Param'>, None, <pybindgen.typehandlers.ctypeparser.TypeTraits object at 0xffffbc78a820>))
DEBUG:pybindgen.typehandlers:TypeMatcher.lookup('void')
DEBUG:pybindgen.typehandlers:try to lookup type handler for 'void' => success ((<class 'pybindgen.typehandlers.voidtype.VoidReturn'>, None, <pybindgen.typehandlers.ctypeparser.TypeTraits object at 0xffffbc78ad30>))
DEBUG:pybindgen.typehandlers:TypeMatcher.lookup('uint8_t')
DEBUG:pybindgen.typehandlers:try to lookup type handler for 'uint8_t' => success ((<class 'pybindgen.typehandlers.inttype.UInt8Param'>, None, <pybindgen.typehandlers.ctypeparser.TypeTraits object at 0xffffbc78af40>))
DEBUG:pybindgen.typehandlers:TypeMatcher.lookup('void')
DEBUG:pybindgen.typehandlers:try to lookup type handler for 'void' => success ((<class 'pybindgen.typehandlers.voidtype.VoidReturn'>, None, <pybindgen.typehandlers.ctypeparser.TypeTraits object at 0xffffbc78e7f0>))
DEBUG:pybindgen.typehandlers:TypeMatcher.lookup('ns3::Ptr< ns3::Object >')
DEBUG:pybindgen.typehandlers:try to lookup type handler for 'ns3::Ptr< ns3::Object >' => failure
DEBUG:pybindgen.typehandlers:try to lookup type handler for 'ns3::Object *' => success ((<class 'pybindgen.cppclass.MemoryPolicy.register_ptr_parameter_and_return.<locals>.ThisClassPtrParameter'>, <ns3modulegen_core_customizations.SmartPointerTransformation object at 0xffffbcfe0d90>, <pybindgen.typehandlers.ctypeparser.TypeTraits object at 0xffffbc78eca0>))
DEBUG:pybindgen.typehandlers:TypeMatcher.lookup('void')
DEBUG:pybindgen.typehandlers:try to lookup type handler for 'void' => success ((<class 'pybindgen.typehandlers.voidtype.VoidReturn'>, None, <pybindgen.typehandlers.ctypeparser.TypeTraits object at 0xffffbc712070>))
DEBUG:pybindgen.typehandlers:TypeMatcher.lookup('ns3::Object::AggregateIterator')
DEBUG:pybindgen.typehandlers:try to lookup type handler for 'ns3::Object::AggregateIterator' => success ((<class 'pybindgen.cppclass.CppClass.__init__.<locals>.ThisClassReturn'>, None, <pybindgen.typehandlers.ctypeparser.TypeTraits object at 0xffffbc712610>))
DEBUG:pybindgen.typehandlers:TypeMatcher.lookup('ns3::TypeId')
DEBUG:pybindgen.typehandlers:try to lookup type handler for 'ns3::TypeId' => success ((<class 'pybindgen.cppclass.CppClass.__init__.<locals>.ThisClassReturn'>, None, <pybindgen.typehandlers.ctypeparser.TypeTraits object at 0xffffbc712b50>))
DEBUG:pybindgen.typehandlers:TypeMatcher.lookup('ns3::Ptr< ns3::Object >')
DEBUG:pybindgen.typehandlers:try to lookup type handler for 'ns3::Ptr< ns3::Object >' => failure
DEBUG:pybindgen.typehandlers:try to lookup type handler for 'ns3::Object *' => success ((<class 'pybindgen.cppclass.MemoryPolicy.register_ptr_parameter_and_return.<locals>.ThisClassPtrReturn'>, <ns3modulegen_core_customizations.SmartPointerTransformation object at 0xffffbcfe0d90>, <pybindgen.typehandlers.ctypeparser.TypeTraits object at 0xffffbc716640>))
DEBUG:pybindgen.typehandlers:TypeMatcher.lookup('ns3::Ptr< ns3::Object >')
DEBUG:pybindgen.typehandlers:try to lookup type handler for 'ns3::Ptr< ns3::Object >' => failure
DEBUG:pybindgen.typehandlers:try to lookup type handler for 'ns3::Object *' => success ((<class 'pybindgen.cppclass.MemoryPolicy.register_ptr_parameter_and_return.<locals>.ThisClassPtrReturn'>, <ns3modulegen_core_customizations.SmartPointerTransformation object at 0xffffbcfe0d90>, <pybindgen.typehandlers.ctypeparser.TypeTraits object at 0xffffbc716ca0>))
DEBUG:pybindgen.typehandlers:TypeMatcher.lookup('ns3::TypeId')
DEBUG:pybindgen.typehandlers:try to lookup type handler for 'ns3::TypeId' => success ((<class 'pybindgen.cppclass.CppClass.__init__.<locals>.ThisClassParameter'>, None, <pybindgen.typehandlers.ctypeparser.TypeTraits object at 0xffffbc716e80>))
DEBUG:pybindgen.typehandlers:TypeMatcher.lookup('ns3::TypeId')
DEBUG:pybindgen.typehandlers:try to lookup type handler for 'ns3::TypeId' => success ((<class 'pybindgen.cppclass.CppClass.__init__.<locals>.ThisClassReturn'>, None, <pybindgen.typehandlers.ctypeparser.TypeTraits object at 0xffffbc71a250>))
DEBUG:pybindgen.typehandlers:TypeMatcher.lookup('void')
DEBUG:pybindgen.typehandlers:try to lookup type handler for 'void' => success ((<class 'pybindgen.typehandlers.voidtype.VoidReturn'>, None, <pybindgen.typehandlers.ctypeparser.TypeTraits object at 0xffffbc71a730>))
DEBUG:pybindgen.typehandlers:TypeMatcher.lookup('bool')
DEBUG:pybindgen.typehandlers:try to lookup type handler for 'bool' => success ((<class 'pybindgen.typehandlers.booltype.BoolReturn'>, None, <pybindgen.typehandlers.ctypeparser.TypeTraits object at 0xffffbc71ad00>))
DEBUG:pybindgen.typehandlers:TypeMatcher.lookup('ns3::Object const &')
DEBUG:pybindgen.typehandlers:try to lookup type handler for 'ns3::Object const &' => success ((<class 'pybindgen.cppclass.CppClass.__init__.<locals>.ThisClassRefParameter'>, None, <pybindgen.typehandlers.ctypeparser.TypeTraits object at 0xffffbc7202b0>))
DEBUG:pybindgen.typehandlers:TypeMatcher.lookup('void')
DEBUG:pybindgen.typehandlers:try to lookup type handler for 'void' => success ((<class 'pybindgen.typehandlers.voidtype.VoidReturn'>, None, <pybindgen.typehandlers.ctypeparser.TypeTraits object at 0xffffbc7208b0>))
DEBUG:pybindgen.typehandlers:TypeMatcher.lookup('void')
DEBUG:pybindgen.typehandlers:try to lookup type handler for 'void' => success ((<class 'pybindgen.typehandlers.voidtype.VoidReturn'>, None, <pybindgen.typehandlers.ctypeparser.TypeTraits object at 0xffffbc725490>))
DEBUG:pybindgen.typehandlers:TypeMatcher.lookup('void')
DEBUG:pybindgen.typehandlers:try to lookup type handler for 'void' => success ((<class 'pybindgen.typehandlers.voidtype.VoidReturn'>, None, <pybindgen.typehandlers.ctypeparser.TypeTraits object at 0xffffbc72c070>))
DEBUG:pybindgen.typehandlers:TypeMatcher.lookup('ns3::Object::AggregateIterator const &')
DEBUG:pybindgen.typehandlers:try to lookup type handler for 'ns3::Object::AggregateIterator const &' => success ((<class 'pybindgen.cppclass.CppClass.__init__.<locals>.ThisClassRefParameter'>, None, <pybindgen.typehandlers.ctypeparser.TypeTraits object at 0xffffbc72cc10>))
DEBUG:pybindgen.typehandlers:TypeMatcher.lookup('bool')
DEBUG:pybindgen.typehandlers:try to lookup type handler for 'bool' => success ((<class 'pybindgen.typehandlers.booltype.BoolReturn'>, None, <pybindgen.typehandlers.ctypeparser.TypeTraits object at 0xffffbc7305b0>))
DEBUG:pybindgen.typehandlers:TypeMatcher.lookup('ns3::Ptr< ns3::Object const >')
DEBUG:pybindgen.typehandlers:try to lookup type handler for 'ns3::Ptr< ns3::Object const >' => failure
DEBUG:pybindgen.typehandlers:try to lookup type handler for 'ns3::Object *' => success ((<class 'pybindgen.cppclass.MemoryPolicy.register_ptr_parameter_and_return.<locals>.ThisClassPtrReturn'>, <ns3modulegen_core_customizations.SmartPointerTransformation object at 0xffffbcfe0d90>, <pybindgen.typehandlers.ctypeparser.TypeTraits object at 0xffffbc730dc0>))
DEBUG:pybindgen.typehandlers:TypeMatcher.lookup('ns3::TypeId')
DEBUG:pybindgen.typehandlers:try to lookup type handler for 'ns3::TypeId' => success ((<class 'pybindgen.cppclass.CppClass.__init__.<locals>.ThisClassReturn'>, None, <pybindgen.typehandlers.ctypeparser.TypeTraits object at 0xffffbc734220>))
DEBUG:pybindgen.typehandlers:TypeMatcher.lookup('void')
DEBUG:pybindgen.typehandlers:try to lookup type handler for 'void' => success ((<class 'pybindgen.typehandlers.voidtype.VoidReturn'>, None, <pybindgen.typehandlers.ctypeparser.TypeTraits object at 0xffffbc734a90>))
DEBUG:pybindgen.typehandlers:TypeMatcher.lookup('int64_t')
DEBUG:pybindgen.typehandlers:try to lookup type handler for 'int64_t' => success ((<class 'pybindgen.typehandlers.inttype.LongLongParam'>, None, <pybindgen.typehandlers.ctypeparser.TypeTraits object at 0xffffbc734ca0>))
DEBUG:pybindgen.typehandlers:TypeMatcher.lookup('int64_t')
DEBUG:pybindgen.typehandlers:try to lookup type handler for 'int64_t' => success ((<class 'pybindgen.typehandlers.inttype.LongLongReturn'>, None, <pybindgen.typehandlers.ctypeparser.TypeTraits object at 0xffffbc739220>))
DEBUG:pybindgen.typehandlers:TypeMatcher.lookup('void')
DEBUG:pybindgen.typehandlers:try to lookup type handler for 'void' => success ((<class 'pybindgen.typehandlers.voidtype.VoidReturn'>, None, <pybindgen.typehandlers.ctypeparser.TypeTraits object at 0xffffbc739730>))
DEBUG:pybindgen.typehandlers:TypeMatcher.lookup('bool')
DEBUG:pybindgen.typehandlers:try to lookup type handler for 'bool' => success ((<class 'pybindgen.typehandlers.booltype.BoolParam'>, None, <pybindgen.typehandlers.ctypeparser.TypeTraits object at 0xffffbc739970>))
DEBUG:pybindgen.typehandlers:TypeMatcher.lookup('bool')
DEBUG:pybindgen.typehandlers:try to lookup type handler for 'bool' => success ((<class 'pybindgen.typehandlers.booltype.BoolReturn'>, None, <pybindgen.typehandlers.ctypeparser.TypeTraits object at 0xffffbc739eb0>))
DEBUG:pybindgen.typehandlers:TypeMatcher.lookup('double')
DEBUG:pybindgen.typehandlers:try to lookup type handler for 'double' => success ((<class 'pybindgen.typehandlers.doubletype.DoubleReturn'>, None, <pybindgen.typehandlers.ctypeparser.TypeTraits object at 0xffffbc740460>))
DEBUG:pybindgen.typehandlers:TypeMatcher.lookup('uint32_t')
DEBUG:pybindgen.typehandlers:try to lookup type handler for 'uint32_t' => success ((<class 'pybindgen.typehandlers.inttype.UnsignedIntReturn'>, None, <pybindgen.typehandlers.ctypeparser.TypeTraits object at 0xffffbc740cd0>))
DEBUG:pybindgen.typehandlers:TypeMatcher.lookup('ns3::RngStream *')
DEBUG:pybindgen.typehandlers:try to lookup type handler for 'ns3::RngStream *' => failure
'ns3::RngStream *' did not match
/root/workspace/netwokr/ns-allinone-3.33/ns-3.33/src/aodv/bindings/modulegen__gcc_LP64.py:3957: Warning: exception TypeLookupError(['ns3::RngStream *']) in wrapper protected: retval? ???::Peek (params?) const;
  cls.add_method('Peek',
DEBUG:pybindgen.typehandlers:TypeMatcher.lookup('ns3::TypeId')
DEBUG:pybindgen.typehandlers:try to lookup type handler for 'ns3::TypeId' => success ((<class 'pybindgen.cppclass.CppClass.__init__.<locals>.ThisClassReturn'>, None, <pybindgen.typehandlers.ctypeparser.TypeTraits object at 0xffffbc7447c0>))
DEBUG:pybindgen.typehandlers:TypeMatcher.lookup('double')
DEBUG:pybindgen.typehandlers:try to lookup type handler for 'double' => success ((<class 'pybindgen.typehandlers.doubletype.DoubleReturn'>, None, <pybindgen.typehandlers.ctypeparser.TypeTraits object at 0xffffbc7445e0>))
DEBUG:pybindgen.typehandlers:TypeMatcher.lookup('double')
DEBUG:pybindgen.typehandlers:try to lookup type handler for 'double' => success ((<class 'pybindgen.typehandlers.doubletype.DoubleReturn'>, None, <pybindgen.typehandlers.ctypeparser.TypeTraits object at 0xffffbc7493a0>))
DEBUG:pybindgen.typehandlers:TypeMatcher.lookup('ns3::Ptr< ns3::RandomVariableStream >')
DEBUG:pybindgen.typehandlers:try to lookup type handler for 'ns3::Ptr< ns3::RandomVariableStream >' => failure
DEBUG:pybindgen.typehandlers:try to lookup type handler for 'ns3::RandomVariableStream *' => success ((<class 'pybindgen.cppclass.MemoryPolicy.register_ptr_parameter_and_return.<locals>.ThisClassPtrReturn'>, <ns3modulegen_core_customizations.SmartPointerTransformation object at 0xffffbcfe0d90>, <pybindgen.typehandlers.ctypeparser.TypeTraits object at 0xffffbc749bb0>))
DEBUG:pybindgen.typehandlers:TypeMatcher.lookup('uint32_t')
DEBUG:pybindgen.typehandlers:try to lookup type handler for 'uint32_t' => success ((<class 'pybindgen.typehandlers.inttype.UnsignedIntReturn'>, None, <pybindgen.typehandlers.ctypeparser.TypeTraits object at 0xffffbc749fd0>))
DEBUG:pybindgen.typehandlers:TypeMatcher.lookup('double')
DEBUG:pybindgen.typehandlers:try to lookup type handler for 'double' => success ((<class 'pybindgen.typehandlers.doubletype.DoubleReturn'>, None, <pybindgen.typehandlers.ctypeparser.TypeTraits object at 0xffffbc74d520>))
DEBUG:pybindgen.typehandlers:TypeMatcher.lookup('uint32_t')
DEBUG:pybindgen.typehandlers:try to lookup type handler for 'uint32_t' => success ((<class 'pybindgen.typehandlers.inttype.UnsignedIntReturn'>, None, <pybindgen.typehandlers.ctypeparser.TypeTraits object at 0xffffbc74dd90>))
DEBUG:pybindgen.typehandlers:TypeMatcher.lookup('ns3::SimpleRefCount< ns3::AttributeAccessor, ns3::empty, ns3::DefaultDeleter< ns3::AttributeAccessor > > const &')
DEBUG:pybindgen.typehandlers:try to lookup type handler for 'ns3::SimpleRefCount< ns3::AttributeAccessor, ns3::empty, ns3::DefaultDeleter< ns3::AttributeAccessor > > const &' => success ((<class 'pybindgen.cppclass.CppClass.__init__.<locals>.ThisClassRefParameter'>, None, <pybindgen.typehandlers.ctypeparser.TypeTraits object at 0xffffbc6d2970>))
DEBUG:pybindgen.typehandlers:TypeMatcher.lookup('ns3::SimpleRefCount< ns3::AttributeChecker, ns3::empty, ns3::DefaultDeleter< ns3::AttributeChecker > > const &')
DEBUG:pybindgen.typehandlers:try to lookup type handler for 'ns3::SimpleRefCount< ns3::AttributeChecker, ns3::empty, ns3::DefaultDeleter< ns3::AttributeChecker > > const &' => success ((<class 'pybindgen.cppclass.CppClass.__init__.<locals>.ThisClassRefParameter'>, None, <pybindgen.typehandlers.ctypeparser.TypeTraits object at 0xffffbc6d7790>))
DEBUG:pybindgen.typehandlers:TypeMatcher.lookup('ns3::SimpleRefCount< ns3::AttributeValue, ns3::empty, ns3::DefaultDeleter< ns3::AttributeValue > > const &')
DEBUG:pybindgen.typehandlers:try to lookup type handler for 'ns3::SimpleRefCount< ns3::AttributeValue, ns3::empty, ns3::DefaultDeleter< ns3::AttributeValue > > const &' => success ((<class 'pybindgen.cppclass.CppClass.__init__.<locals>.ThisClassRefParameter'>, None, <pybindgen.typehandlers.ctypeparser.TypeTraits object at 0xffffbc6dd5b0>))
DEBUG:pybindgen.typehandlers:TypeMatcher.lookup('ns3::SimpleRefCount< ns3::CallbackImplBase, ns3::empty, ns3::DefaultDeleter< ns3::CallbackImplBase > > const &')
DEBUG:pybindgen.typehandlers:try to lookup type handler for 'ns3::SimpleRefCount< ns3::CallbackImplBase, ns3::empty, ns3::DefaultDeleter< ns3::CallbackImplBase > > const &' => success ((<class 'pybindgen.cppclass.CppClass.__init__.<locals>.ThisClassRefParameter'>, None, <pybindgen.typehandlers.ctypeparser.TypeTraits object at 0xffffbc6e23d0>))
DEBUG:pybindgen.typehandlers:TypeMatcher.lookup('ns3::SimpleRefCount< ns3::EventImpl, ns3::empty, ns3::DefaultDeleter< ns3::EventImpl > > const &')
DEBUG:pybindgen.typehandlers:try to lookup type handler for 'ns3::SimpleRefCount< ns3::EventImpl, ns3::empty, ns3::DefaultDeleter< ns3::EventImpl > > const &' => success ((<class 'pybindgen.cppclass.CppClass.__init__.<locals>.ThisClassRefParameter'>, None, <pybindgen.typehandlers.ctypeparser.TypeTraits object at 0xffffbc6e51f0>))
DEBUG:pybindgen.typehandlers:TypeMatcher.lookup('ns3::SimpleRefCount< ns3::Hash::Implementation, ns3::empty, ns3::DefaultDeleter< ns3::Hash::Implementation > > const &')
DEBUG:pybindgen.typehandlers:try to lookup type handler for 'ns3::SimpleRefCount< ns3::Hash::Implementation, ns3::empty, ns3::DefaultDeleter< ns3::Hash::Implementation > > const &' => success ((<class 'pybindgen.cppclass.CppClass.__init__.<locals>.ThisClassRefParameter'>, None, <pybindgen.typehandlers.ctypeparser.TypeTraits object at 0xffffbc6e5fd0>))
DEBUG:pybindgen.typehandlers:TypeMatcher.lookup('ns3::SimpleRefCount< ns3::Ipv4MulticastRoute, ns3::empty, ns3::DefaultDeleter< ns3::Ipv4MulticastRoute > > const &')
DEBUG:pybindgen.typehandlers:try to lookup type handler for 'ns3::SimpleRefCount< ns3::Ipv4MulticastRoute, ns3::empty, ns3::DefaultDeleter< ns3::Ipv4MulticastRoute > > const &' => success ((<class 'pybindgen.cppclass.CppClass.__init__.<locals>.ThisClassRefParameter'>, None, <pybindgen.typehandlers.ctypeparser.TypeTraits object at 0xffffbc6e9df0>))
DEBUG:pybindgen.typehandlers:TypeMatcher.lookup('ns3::SimpleRefCount< ns3::Ipv4Route, ns3::empty, ns3::DefaultDeleter< ns3::Ipv4Route > > const &')
DEBUG:pybindgen.typehandlers:try to lookup type handler for 'ns3::SimpleRefCount< ns3::Ipv4Route, ns3::empty, ns3::DefaultDeleter< ns3::Ipv4Route > > const &' => success ((<class 'pybindgen.cppclass.CppClass.__init__.<locals>.ThisClassRefParameter'>, None, <pybindgen.typehandlers.ctypeparser.TypeTraits object at 0xffffbc6efc10>))
DEBUG:pybindgen.typehandlers:TypeMatcher.lookup('ns3::SimpleRefCount< ns3::NixVector, ns3::empty, ns3::DefaultDeleter< ns3::NixVector > > const &')
DEBUG:pybindgen.typehandlers:try to lookup type handler for 'ns3::SimpleRefCount< ns3::NixVector, ns3::empty, ns3::DefaultDeleter< ns3::NixVector > > const &' => success ((<class 'pybindgen.cppclass.CppClass.__init__.<locals>.ThisClassRefParameter'>, None, <pybindgen.typehandlers.ctypeparser.TypeTraits object at 0xffffbc6f1a30>))
DEBUG:pybindgen.typehandlers:TypeMatcher.lookup('ns3::SimpleRefCount< ns3::OutputStreamWrapper, ns3::empty, ns3::DefaultDeleter< ns3::OutputStreamWrapper > > const &')
DEBUG:pybindgen.typehandlers:try to lookup type handler for 'ns3::SimpleRefCount< ns3::OutputStreamWrapper, ns3::empty, ns3::DefaultDeleter< ns3::OutputStreamWrapper > > const &' => success ((<class 'pybindgen.cppclass.CppClass.__init__.<locals>.ThisClassRefParameter'>, None, <pybindgen.typehandlers.ctypeparser.TypeTraits object at 0xffffbc6f6850>))
DEBUG:pybindgen.typehandlers:TypeMatcher.lookup('ns3::SimpleRefCount< ns3::Packet, ns3::empty, ns3::DefaultDeleter< ns3::Packet > > const &')
DEBUG:pybindgen.typehandlers:try to lookup type handler for 'ns3::SimpleRefCount< ns3::Packet, ns3::empty, ns3::DefaultDeleter< ns3::Packet > > const &' => success ((<class 'pybindgen.cppclass.CppClass.__init__.<locals>.ThisClassRefParameter'>, None, <pybindgen.typehandlers.ctypeparser.TypeTraits object at 0xffffbc6f9670>))
DEBUG:pybindgen.typehandlers:TypeMatcher.lookup('ns3::SimpleRefCount< ns3::TraceSourceAccessor, ns3::empty, ns3::DefaultDeleter< ns3::TraceSourceAccessor > > const &')
DEBUG:pybindgen.typehandlers:try to lookup type handler for 'ns3::SimpleRefCount< ns3::TraceSourceAccessor, ns3::empty, ns3::DefaultDeleter< ns3::TraceSourceAccessor > > const &' => success ((<class 'pybindgen.cppclass.CppClass.__init__.<locals>.ThisClassRefParameter'>, None, <pybindgen.typehandlers.ctypeparser.TypeTraits object at 0xffffbc6ff490>))
DEBUG:pybindgen.typehandlers:TypeMatcher.lookup('ns3::Socket const &')
DEBUG:pybindgen.typehandlers:try to lookup type handler for 'ns3::Socket const &' => success ((<class 'pybindgen.cppclass.CppClass.__init__.<locals>.ThisClassRefParameter'>, None, <pybindgen.typehandlers.ctypeparser.TypeTraits object at 0xffffbc6fff10>))
DEBUG:pybindgen.typehandlers:TypeMatcher.lookup('int')
DEBUG:pybindgen.typehandlers:try to lookup type handler for 'int' => success ((<class 'pybindgen.typehandlers.inttype.IntReturn'>, None, <pybindgen.typehandlers.ctypeparser.TypeTraits object at 0xffffbc7048b0>))
DEBUG:pybindgen.typehandlers:TypeMatcher.lookup('ns3::Address const &')
DEBUG:pybindgen.typehandlers:try to lookup type handler for 'ns3::Address const &' => success ((<class 'pybindgen.cppclass.CppClass.__init__.<locals>.ThisClassRefParameter'>, None, <pybindgen.typehandlers.ctypeparser.TypeTraits object at 0xffffbc704ac0>))
DEBUG:pybindgen.typehandlers:TypeMatcher.lookup('int')
DEBUG:pybindgen.typehandlers:try to lookup type handler for 'int' => success ((<class 'pybindgen.typehandlers.inttype.IntReturn'>, None, <pybindgen.typehandlers.ctypeparser.TypeTraits object at 0xffffbc707400>))
DEBUG:pybindgen.typehandlers:TypeMatcher.lookup('int')
DEBUG:pybindgen.typehandlers:try to lookup type handler for 'int' => success ((<class 'pybindgen.typehandlers.inttype.IntReturn'>, None, <pybindgen.typehandlers.ctypeparser.TypeTraits object at 0xffffbc707c10>))
DEBUG:pybindgen.typehandlers:TypeMatcher.lookup('void')
DEBUG:pybindgen.typehandlers:try to lookup type handler for 'void' => success ((<class 'pybindgen.typehandlers.voidtype.VoidReturn'>, None, <pybindgen.typehandlers.ctypeparser.TypeTraits object at 0xffffbc70c490>))
DEBUG:pybindgen.typehandlers:TypeMatcher.lookup('ns3::Ptr< ns3::NetDevice >')
DEBUG:pybindgen.typehandlers:try to lookup type handler for 'ns3::Ptr< ns3::NetDevice >' => failure
DEBUG:pybindgen.typehandlers:try to lookup type handler for 'ns3::NetDevice *' => success ((<class 'pybindgen.cppclass.MemoryPolicy.register_ptr_parameter_and_return.<locals>.ThisClassPtrParameter'>, <ns3modulegen_core_customizations.SmartPointerTransformation object at 0xffffbcfe0d90>, <pybindgen.typehandlers.ctypeparser.TypeTraits object at 0xffffbc70c940>))
DEBUG:pybindgen.typehandlers:TypeMatcher.lookup('int')
DEBUG:pybindgen.typehandlers:try to lookup type handler for 'int' => success ((<class 'pybindgen.typehandlers.inttype.IntReturn'>, None, <pybindgen.typehandlers.ctypeparser.TypeTraits object at 0xffffbc70cfa0>))
DEBUG:pybindgen.typehandlers:TypeMatcher.lookup('int')
DEBUG:pybindgen.typehandlers:try to lookup type handler for 'int' => success ((<class 'pybindgen.typehandlers.inttype.IntReturn'>, None, <pybindgen.typehandlers.ctypeparser.TypeTraits object at 0xffffbc692820>))
DEBUG:pybindgen.typehandlers:TypeMatcher.lookup('ns3::Address const &')
DEBUG:pybindgen.typehandlers:try to lookup type handler for 'ns3::Address const &' => success ((<class 'pybindgen.cppclass.CppClass.__init__.<locals>.ThisClassRefParameter'>, None, <pybindgen.typehandlers.ctypeparser.TypeTraits object at 0xffffbc692a30>))
DEBUG:pybindgen.typehandlers:TypeMatcher.lookup('ns3::Ptr< ns3::Socket >')
DEBUG:pybindgen.typehandlers:try to lookup type handler for 'ns3::Ptr< ns3::Socket >' => failure
DEBUG:pybindgen.typehandlers:try to lookup type handler for 'ns3::Socket *' => success ((<class 'pybindgen.cppclass.MemoryPolicy.register_ptr_parameter_and_return.<locals>.ThisClassPtrReturn'>, <ns3modulegen_core_customizations.SmartPointerTransformation object at 0xffffbcfe0d90>, <pybindgen.typehandlers.ctypeparser.TypeTraits object at 0xffffbc6975e0>))
DEBUG:pybindgen.typehandlers:TypeMatcher.lookup('ns3::Ptr< ns3::Node >')
DEBUG:pybindgen.typehandlers:try to lookup type handler for 'ns3::Ptr< ns3::Node >' => failure
DEBUG:pybindgen.typehandlers:try to lookup type handler for 'ns3::Node *' => success ((<class 'pybindgen.cppclass.MemoryPolicy.register_ptr_parameter_and_return.<locals>.ThisClassPtrParameter'>, <ns3modulegen_core_customizations.SmartPointerTransformation object at 0xffffbcfe0d90>, <pybindgen.typehandlers.ctypeparser.TypeTraits object at 0xffffbc6978e0>))
DEBUG:pybindgen.typehandlers:TypeMatcher.lookup('ns3::TypeId')
DEBUG:pybindgen.typehandlers:try to lookup type handler for 'ns3::TypeId' => success ((<class 'pybindgen.cppclass.CppClass.__init__.<locals>.ThisClassParameter'>, None, <pybindgen.typehandlers.ctypeparser.TypeTraits object at 0xffffbc6978e0>))
DEBUG:pybindgen.typehandlers:TypeMatcher.lookup('bool')
DEBUG:pybindgen.typehandlers:try to lookup type handler for 'bool' => success ((<class 'pybindgen.typehandlers.booltype.BoolReturn'>, None, <pybindgen.typehandlers.ctypeparser.TypeTraits object at 0xffffbc697dc0>))
DEBUG:pybindgen.typehandlers:TypeMatcher.lookup('ns3::Ptr< ns3::NetDevice >')
DEBUG:pybindgen.typehandlers:try to lookup type handler for 'ns3::Ptr< ns3::NetDevice >' => failure
DEBUG:pybindgen.typehandlers:try to lookup type handler for 'ns3::NetDevice *' => success ((<class 'pybindgen.cppclass.MemoryPolicy.register_ptr_parameter_and_return.<locals>.ThisClassPtrReturn'>, <ns3modulegen_core_customizations.SmartPointerTransformation object at 0xffffbcfe0d90>, <pybindgen.typehandlers.ctypeparser.TypeTraits object at 0xffffbc69b910>))
DEBUG:pybindgen.typehandlers:TypeMatcher.lookup('ns3::Socket::SocketErrno')
DEBUG:pybindgen.typehandlers:try to lookup type handler for 'ns3::Socket::SocketErrno' => success ((<class 'pybindgen.enum.Enum.set_module.<locals>.ThisEnumReturn'>, None, <pybindgen.typehandlers.ctypeparser.TypeTraits object at 0xffffbc69bcd0>))
DEBUG:pybindgen.typehandlers:TypeMatcher.lookup('uint8_t')
DEBUG:pybindgen.typehandlers:try to lookup type handler for 'uint8_t' => success ((<class 'pybindgen.typehandlers.inttype.UInt8Return'>, None, <pybindgen.typehandlers.ctypeparser.TypeTraits object at 0xffffbc6a0580>))
DEBUG:pybindgen.typehandlers:TypeMatcher.lookup('uint8_t')
DEBUG:pybindgen.typehandlers:try to lookup type handler for 'uint8_t' => success ((<class 'pybindgen.typehandlers.inttype.UInt8Return'>, None, <pybindgen.typehandlers.ctypeparser.TypeTraits object at 0xffffbc6a0af0>))
DEBUG:pybindgen.typehandlers:TypeMatcher.lookup('uint8_t')
DEBUG:pybindgen.typehandlers:try to lookup type handler for 'uint8_t' => success ((<class 'pybindgen.typehandlers.inttype.UInt8Return'>, None, <pybindgen.typehandlers.ctypeparser.TypeTraits object at 0xffffbc6a6370>))
DEBUG:pybindgen.typehandlers:TypeMatcher.lookup('uint8_t')
DEBUG:pybindgen.typehandlers:try to lookup type handler for 'uint8_t' => success ((<class 'pybindgen.typehandlers.inttype.UInt8Return'>, None, <pybindgen.typehandlers.ctypeparser.TypeTraits object at 0xffffbc6a6bb0>))
DEBUG:pybindgen.typehandlers:TypeMatcher.lookup('ns3::Ptr< ns3::Node >')
DEBUG:pybindgen.typehandlers:try to lookup type handler for 'ns3::Ptr< ns3::Node >' => failure
DEBUG:pybindgen.typehandlers:try to lookup type handler for 'ns3::Node *' => success ((<class 'pybindgen.cppclass.MemoryPolicy.register_ptr_parameter_and_return.<locals>.ThisClassPtrReturn'>, <ns3modulegen_core_customizations.SmartPointerTransformation object at 0xffffbcfe0d90>, <pybindgen.typehandlers.ctypeparser.TypeTraits object at 0xffffbc6aa3d0>))
DEBUG:pybindgen.typehandlers:TypeMatcher.lookup('int')
DEBUG:pybindgen.typehandlers:try to lookup type handler for 'int' => success ((<class 'pybindgen.typehandlers.inttype.IntReturn'>, None, <pybindgen.typehandlers.ctypeparser.TypeTraits object at 0xffffbc6aaa60>))
DEBUG:pybindgen.typehandlers:TypeMatcher.lookup('ns3::Address &')
DEBUG:pybindgen.typehandlers:try to lookup type handler for 'ns3::Address &' => success ((<class 'pybindgen.cppclass.CppClass.__init__.<locals>.ThisClassRefParameter'>, None, <pybindgen.typehandlers.ctypeparser.TypeTraits object at 0xffffbc6aac70>))
DEBUG:pybindgen.typehandlers:TypeMatcher.lookup('uint8_t')
DEBUG:pybindgen.typehandlers:try to lookup type handler for 'uint8_t' => success ((<class 'pybindgen.typehandlers.inttype.UInt8Return'>, None, <pybindgen.typehandlers.ctypeparser.TypeTraits object at 0xffffbc6af550>))
DEBUG:pybindgen.typehandlers:TypeMatcher.lookup('uint32_t')
DEBUG:pybindgen.typehandlers:try to lookup type handler for 'uint32_t' => success ((<class 'pybindgen.typehandlers.inttype.UnsignedIntReturn'>, None, <pybindgen.typehandlers.ctypeparser.TypeTraits object at 0xffffbc6afa60>))
DEBUG:pybindgen.typehandlers:TypeMatcher.lookup('int')
DEBUG:pybindgen.typehandlers:try to lookup type handler for 'int' => success ((<class 'pybindgen.typehandlers.inttype.IntReturn'>, None, <pybindgen.typehandlers.ctypeparser.TypeTraits object at 0xffffbc6b4310>))
DEBUG:pybindgen.typehandlers:TypeMatcher.lookup('ns3::Address &')
DEBUG:pybindgen.typehandlers:try to lookup type handler for 'ns3::Address &' => success ((<class 'pybindgen.cppclass.CppClass.__init__.<locals>.ThisClassRefParameter'>, None, <pybindgen.typehandlers.ctypeparser.TypeTraits object at 0xffffbc6b4520>))
DEBUG:pybindgen.typehandlers:TypeMatcher.lookup('ns3::Socket::SocketType')
DEBUG:pybindgen.typehandlers:try to lookup type handler for 'ns3::Socket::SocketType' => success ((<class 'pybindgen.enum.Enum.set_module.<locals>.ThisEnumReturn'>, None, <pybindgen.typehandlers.ctypeparser.TypeTraits object at 0xffffbc6b4d90>))
DEBUG:pybindgen.typehandlers:TypeMatcher.lookup('uint32_t')
DEBUG:pybindgen.typehandlers:try to lookup type handler for 'uint32_t' => success ((<class 'pybindgen.typehandlers.inttype.UnsignedIntReturn'>, None, <pybindgen.typehandlers.ctypeparser.TypeTraits object at 0xffffbc6ba610>))
DEBUG:pybindgen.typehandlers:TypeMatcher.lookup('ns3::TypeId')
DEBUG:pybindgen.typehandlers:try to lookup type handler for 'ns3::TypeId' => success ((<class 'pybindgen.cppclass.CppClass.__init__.<locals>.ThisClassReturn'>, None, <pybindgen.typehandlers.ctypeparser.TypeTraits object at 0xffffbc6bae80>))
DEBUG:pybindgen.typehandlers:TypeMatcher.lookup('uint8_t')
DEBUG:pybindgen.typehandlers:try to lookup type handler for 'uint8_t' => success ((<class 'pybindgen.typehandlers.inttype.UInt8Return'>, None, <pybindgen.typehandlers.ctypeparser.TypeTraits object at 0xffffbc6bf400>))
DEBUG:pybindgen.typehandlers:TypeMatcher.lookup('uint8_t')
DEBUG:pybindgen.typehandlers:try to lookup type handler for 'uint8_t' => success ((<class 'pybindgen.typehandlers.inttype.UInt8Param'>, None, <pybindgen.typehandlers.ctypeparser.TypeTraits object at 0xffffbc6bf610>))
DEBUG:pybindgen.typehandlers:TypeMatcher.lookup('void')
DEBUG:pybindgen.typehandlers:try to lookup type handler for 'void' => success ((<class 'pybindgen.typehandlers.voidtype.VoidReturn'>, None, <pybindgen.typehandlers.ctypeparser.TypeTraits object at 0xffffbc6bfb20>))
DEBUG:pybindgen.typehandlers:TypeMatcher.lookup('ns3::Ipv6Address')
DEBUG:pybindgen.typehandlers:try to lookup type handler for 'ns3::Ipv6Address' => success ((<class 'pybindgen.cppclass.CppClass.__init__.<locals>.ThisClassParameter'>, None, <pybindgen.typehandlers.ctypeparser.TypeTraits object at 0xffffbc6bfd30>))
DEBUG:pybindgen.typehandlers:TypeMatcher.lookup('ns3::Socket::Ipv6MulticastFilterMode')
DEBUG:pybindgen.typehandlers:try to lookup type handler for 'ns3::Socket::Ipv6MulticastFilterMode' => success ((<class 'pybindgen.enum.Enum.set_module.<locals>.ThisEnumParameter'>, None, <pybindgen.typehandlers.ctypeparser.TypeTraits object at 0xffffbc6bfe80>))
DEBUG:pybindgen.typehandlers:TypeMatcher.lookup('std::vector< ns3::Ipv6Address >')
DEBUG:pybindgen.typehandlers:try to lookup type handler for 'std::vector< ns3::Ipv6Address >' => success ((<class 'pybindgen.container.Container.__init__.<locals>.ThisContainerParameter'>, None, <pybindgen.typehandlers.ctypeparser.TypeTraits object at 0xffffbc6bfe80>))
DEBUG:pybindgen.typehandlers:TypeMatcher.lookup('void')
DEBUG:pybindgen.typehandlers:try to lookup type handler for 'void' => success ((<class 'pybindgen.typehandlers.voidtype.VoidReturn'>, None, <pybindgen.typehandlers.ctypeparser.TypeTraits object at 0xffffbc6c5a00>))
DEBUG:pybindgen.typehandlers:TypeMatcher.lookup('ns3::Ipv6Address')
DEBUG:pybindgen.typehandlers:try to lookup type handler for 'ns3::Ipv6Address' => success ((<class 'pybindgen.cppclass.CppClass.__init__.<locals>.ThisClassParameter'>, None, <pybindgen.typehandlers.ctypeparser.TypeTraits object at 0xffffbc6c5c10>))
DEBUG:pybindgen.typehandlers:TypeMatcher.lookup('void')
DEBUG:pybindgen.typehandlers:try to lookup type handler for 'void' => success ((<class 'pybindgen.typehandlers.voidtype.VoidReturn'>, None, <pybindgen.typehandlers.ctypeparser.TypeTraits object at 0xffffbc6c8400>))
DEBUG:pybindgen.typehandlers:TypeMatcher.lookup('bool')
DEBUG:pybindgen.typehandlers:try to lookup type handler for 'bool' => success ((<class 'pybindgen.typehandlers.booltype.BoolReturn'>, None, <pybindgen.typehandlers.ctypeparser.TypeTraits object at 0xffffbc6c8c40>))
DEBUG:pybindgen.typehandlers:TypeMatcher.lookup('bool')
DEBUG:pybindgen.typehandlers:try to lookup type handler for 'bool' => success ((<class 'pybindgen.typehandlers.booltype.BoolReturn'>, None, <pybindgen.typehandlers.ctypeparser.TypeTraits object at 0xffffbc6ce1f0>))
DEBUG:pybindgen.typehandlers:TypeMatcher.lookup('bool')
DEBUG:pybindgen.typehandlers:try to lookup type handler for 'bool' => success ((<class 'pybindgen.typehandlers.booltype.BoolReturn'>, None, <pybindgen.typehandlers.ctypeparser.TypeTraits object at 0xffffbc6ce760>))
DEBUG:pybindgen.typehandlers:TypeMatcher.lookup('bool')
DEBUG:pybindgen.typehandlers:try to lookup type handler for 'bool' => success ((<class 'pybindgen.typehandlers.booltype.BoolReturn'>, None, <pybindgen.typehandlers.ctypeparser.TypeTraits object at 0xffffbc6cecd0>))
DEBUG:pybindgen.typehandlers:TypeMatcher.lookup('bool')
DEBUG:pybindgen.typehandlers:try to lookup type handler for 'bool' => success ((<class 'pybindgen.typehandlers.booltype.BoolReturn'>, None, <pybindgen.typehandlers.ctypeparser.TypeTraits object at 0xffffbc653280>))
DEBUG:pybindgen.typehandlers:TypeMatcher.lookup('int')
DEBUG:pybindgen.typehandlers:try to lookup type handler for 'int' => success ((<class 'pybindgen.typehandlers.inttype.IntReturn'>, None, <pybindgen.typehandlers.ctypeparser.TypeTraits object at 0xffffbc6537f0>))
DEBUG:pybindgen.typehandlers:TypeMatcher.lookup('ns3::Ptr< ns3::Packet >')
DEBUG:pybindgen.typehandlers:try to lookup type handler for 'ns3::Ptr< ns3::Packet >' => failure
DEBUG:pybindgen.typehandlers:try to lookup type handler for 'ns3::Packet *' => success ((<class 'pybindgen.cppclass.MemoryPolicy.register_ptr_parameter_and_return.<locals>.ThisClassPtrReturn'>, <ns3modulegen_core_customizations.SmartPointerTransformation object at 0xffffbcfe0d90>, <pybindgen.typehandlers.ctypeparser.TypeTraits object at 0xffffbc658310>))
DEBUG:pybindgen.typehandlers:TypeMatcher.lookup('uint32_t')
DEBUG:pybindgen.typehandlers:try to lookup type handler for 'uint32_t' => success ((<class 'pybindgen.typehandlers.inttype.UnsignedIntParam'>, None, <pybindgen.typehandlers.ctypeparser.TypeTraits object at 0xffffbc6584f0>))
DEBUG:pybindgen.typehandlers:TypeMatcher.lookup('uint32_t')
DEBUG:pybindgen.typehandlers:try to lookup type handler for 'uint32_t' => success ((<class 'pybindgen.typehandlers.inttype.UnsignedIntParam'>, None, <pybindgen.typehandlers.ctypeparser.TypeTraits object at 0xffffbc658430>))
DEBUG:pybindgen.typehandlers:TypeMatcher.lookup('ns3::Ptr< ns3::Packet >')
DEBUG:pybindgen.typehandlers:try to lookup type handler for 'ns3::Ptr< ns3::Packet >' => failure
DEBUG:pybindgen.typehandlers:try to lookup type handler for 'ns3::Packet *' => success ((<class 'pybindgen.cppclass.MemoryPolicy.register_ptr_parameter_and_return.<locals>.ThisClassPtrReturn'>, <ns3modulegen_core_customizations.SmartPointerTransformation object at 0xffffbcfe0d90>, <pybindgen.typehandlers.ctypeparser.TypeTraits object at 0xffffbc822cd0>))
DEBUG:pybindgen.typehandlers:TypeMatcher.lookup('int')
DEBUG:pybindgen.typehandlers:try to lookup type handler for 'int' => success ((<class 'pybindgen.typehandlers.inttype.IntReturn'>, None, <pybindgen.typehandlers.ctypeparser.TypeTraits object at 0xffffbc824580>))
DEBUG:pybindgen.typehandlers:TypeMatcher.lookup('uint8_t *')
DEBUG:pybindgen.typehandlers:try to lookup type handler for 'uint8_t *' => success ((<class 'pybindgen.typehandlers.inttype.UInt8PtrParam'>, None, <pybindgen.typehandlers.ctypeparser.TypeTraits object at 0xffffbc8241c0>))
/root/workspace/netwokr/ns-allinone-3.33/ns-3.33/src/aodv/bindings/modulegen__gcc_LP64.py:4261: Warning: exception TypeConfigurationError('direction not given') in wrapper public: retval? ???::Recv (params?);
  cls.add_method('Recv',
DEBUG:pybindgen.typehandlers:TypeMatcher.lookup('ns3::Ptr< ns3::Packet >')
DEBUG:pybindgen.typehandlers:try to lookup type handler for 'ns3::Ptr< ns3::Packet >' => failure
DEBUG:pybindgen.typehandlers:try to lookup type handler for 'ns3::Packet *' => success ((<class 'pybindgen.cppclass.MemoryPolicy.register_ptr_parameter_and_return.<locals>.ThisClassPtrReturn'>, <ns3modulegen_core_customizations.SmartPointerTransformation object at 0xffffbcfe0d90>, <pybindgen.typehandlers.ctypeparser.TypeTraits object at 0xffffbc658c70>))
DEBUG:pybindgen.typehandlers:TypeMatcher.lookup('uint32_t')
DEBUG:pybindgen.typehandlers:try to lookup type handler for 'uint32_t' => success ((<class 'pybindgen.typehandlers.inttype.UnsignedIntParam'>, None, <pybindgen.typehandlers.ctypeparser.TypeTraits object at 0xffffbc658e50>))
DEBUG:pybindgen.typehandlers:TypeMatcher.lookup('uint32_t')
DEBUG:pybindgen.typehandlers:try to lookup type handler for 'uint32_t' => success ((<class 'pybindgen.typehandlers.inttype.UnsignedIntParam'>, None, <pybindgen.typehandlers.ctypeparser.TypeTraits object at 0xffffbc658d90>))
DEBUG:pybindgen.typehandlers:TypeMatcher.lookup('ns3::Address &')
DEBUG:pybindgen.typehandlers:try to lookup type handler for 'ns3::Address &' => success ((<class 'pybindgen.cppclass.CppClass.__init__.<locals>.ThisClassRefParameter'>, None, <pybindgen.typehandlers.ctypeparser.TypeTraits object at 0xffffbc65b040>))
DEBUG:pybindgen.typehandlers:TypeMatcher.lookup('ns3::Ptr< ns3::Packet >')
DEBUG:pybindgen.typehandlers:try to lookup type handler for 'ns3::Ptr< ns3::Packet >' => failure
DEBUG:pybindgen.typehandlers:try to lookup type handler for 'ns3::Packet *' => success ((<class 'pybindgen.cppclass.MemoryPolicy.register_ptr_parameter_and_return.<locals>.ThisClassPtrReturn'>, <ns3modulegen_core_customizations.SmartPointerTransformation object at 0xffffbcfe0d90>, <pybindgen.typehandlers.ctypeparser.TypeTraits object at 0xffffbc65bb80>))
DEBUG:pybindgen.typehandlers:TypeMatcher.lookup('ns3::Address &')
DEBUG:pybindgen.typehandlers:try to lookup type handler for 'ns3::Address &' => success ((<class 'pybindgen.cppclass.CppClass.__init__.<locals>.ThisClassRefParameter'>, None, <pybindgen.typehandlers.ctypeparser.TypeTraits object at 0xffffbc65bd60>))
DEBUG:pybindgen.typehandlers:TypeMatcher.lookup('int')
DEBUG:pybindgen.typehandlers:try to lookup type handler for 'int' => success ((<class 'pybindgen.typehandlers.inttype.IntReturn'>, None, <pybindgen.typehandlers.ctypeparser.TypeTraits object at 0xffffbc65e160>))
DEBUG:pybindgen.typehandlers:TypeMatcher.lookup('uint8_t *')
DEBUG:pybindgen.typehandlers:try to lookup type handler for 'uint8_t *' => success ((<class 'pybindgen.typehandlers.inttype.UInt8PtrParam'>, None, <pybindgen.typehandlers.ctypeparser.TypeTraits object at 0xffffbc65e3a0>))
/root/workspace/netwokr/ns-allinone-3.33/ns-3.33/src/aodv/bindings/modulegen__gcc_LP64.py:4274: Warning: exception TypeConfigurationError('direction not given') in wrapper public: retval? ???::RecvFrom (params?);
  cls.add_method('RecvFrom',
DEBUG:pybindgen.typehandlers:TypeMatcher.lookup('int')
DEBUG:pybindgen.typehandlers:try to lookup type handler for 'int' => success ((<class 'pybindgen.typehandlers.inttype.IntReturn'>, None, <pybindgen.typehandlers.ctypeparser.TypeTraits object at 0xffffbc65e640>))
DEBUG:pybindgen.typehandlers:TypeMatcher.lookup('ns3::Ptr< ns3::Packet >')
DEBUG:pybindgen.typehandlers:try to lookup type handler for 'ns3::Ptr< ns3::Packet >' => failure
DEBUG:pybindgen.typehandlers:try to lookup type handler for 'ns3::Packet *' => success ((<class 'pybindgen.cppclass.MemoryPolicy.register_ptr_parameter_and_return.<locals>.ThisClassPtrParameter'>, <ns3modulegen_core_customizations.SmartPointerTransformation object at 0xffffbcfe0d90>, <pybindgen.typehandlers.ctypeparser.TypeTraits object at 0xffffbc65eaf0>))
DEBUG:pybindgen.typehandlers:TypeMatcher.lookup('uint32_t')
DEBUG:pybindgen.typehandlers:try to lookup type handler for 'uint32_t' => success ((<class 'pybindgen.typehandlers.inttype.UnsignedIntParam'>, None, <pybindgen.typehandlers.ctypeparser.TypeTraits object at 0xffffbc65eaf0>))
DEBUG:pybindgen.typehandlers:TypeMatcher.lookup('int')
DEBUG:pybindgen.typehandlers:try to lookup type handler for 'int' => success ((<class 'pybindgen.typehandlers.inttype.IntReturn'>, None, <pybindgen.typehandlers.ctypeparser.TypeTraits object at 0xffffbc65f310>))
DEBUG:pybindgen.typehandlers:TypeMatcher.lookup('ns3::Ptr< ns3::Packet >')
DEBUG:pybindgen.typehandlers:try to lookup type handler for 'ns3::Ptr< ns3::Packet >' => failure
DEBUG:pybindgen.typehandlers:try to lookup type handler for 'ns3::Packet *' => success ((<class 'pybindgen.cppclass.MemoryPolicy.register_ptr_parameter_and_return.<locals>.ThisClassPtrParameter'>, <ns3modulegen_core_customizations.SmartPointerTransformation object at 0xffffbcfe0d90>, <pybindgen.typehandlers.ctypeparser.TypeTraits object at 0xffffbc65f7c0>))
DEBUG:pybindgen.typehandlers:TypeMatcher.lookup('int')
DEBUG:pybindgen.typehandlers:try to lookup type handler for 'int' => success ((<class 'pybindgen.typehandlers.inttype.IntReturn'>, None, <pybindgen.typehandlers.ctypeparser.TypeTraits object at 0xffffbc824250>))
DEBUG:pybindgen.typehandlers:TypeMatcher.lookup('uint8_t const *')
DEBUG:pybindgen.typehandlers:try to lookup type handler for 'uint8_t const *' => success ((<class 'pybindgen.typehandlers.inttype.UInt8PtrParam'>, None, <pybindgen.typehandlers.ctypeparser.TypeTraits object at 0xffffbc8240d0>))
/root/workspace/netwokr/ns-allinone-3.33/ns-3.33/src/aodv/bindings/modulegen__gcc_LP64.py:4287: Warning: exception TypeConfigurationError('direction not given') in wrapper public: retval? ???::Send (params?);
  cls.add_method('Send',
DEBUG:pybindgen.typehandlers:TypeMatcher.lookup('int')
DEBUG:pybindgen.typehandlers:try to lookup type handler for 'int' => success ((<class 'pybindgen.typehandlers.inttype.IntReturn'>, None, <pybindgen.typehandlers.ctypeparser.TypeTraits object at 0xffffbc65f550>))
DEBUG:pybindgen.typehandlers:TypeMatcher.lookup('ns3::Ptr< ns3::Packet >')
DEBUG:pybindgen.typehandlers:try to lookup type handler for 'ns3::Ptr< ns3::Packet >' => failure
DEBUG:pybindgen.typehandlers:try to lookup type handler for 'ns3::Packet *' => success ((<class 'pybindgen.cppclass.MemoryPolicy.register_ptr_parameter_and_return.<locals>.ThisClassPtrParameter'>, <ns3modulegen_core_customizations.SmartPointerTransformation object at 0xffffbcfe0d90>, <pybindgen.typehandlers.ctypeparser.TypeTraits object at 0xffffbc65fbe0>))
DEBUG:pybindgen.typehandlers:TypeMatcher.lookup('uint32_t')
DEBUG:pybindgen.typehandlers:try to lookup type handler for 'uint32_t' => success ((<class 'pybindgen.typehandlers.inttype.UnsignedIntParam'>, None, <pybindgen.typehandlers.ctypeparser.TypeTraits object at 0xffffbc65fbe0>))
DEBUG:pybindgen.typehandlers:TypeMatcher.lookup('ns3::Address const &')
DEBUG:pybindgen.typehandlers:try to lookup type handler for 'ns3::Address const &' => success ((<class 'pybindgen.cppclass.CppClass.__init__.<locals>.ThisClassRefParameter'>, None, <pybindgen.typehandlers.ctypeparser.TypeTraits object at 0xffffbc65fd60>))
DEBUG:pybindgen.typehandlers:TypeMatcher.lookup('int')
DEBUG:pybindgen.typehandlers:try to lookup type handler for 'int' => success ((<class 'pybindgen.typehandlers.inttype.IntReturn'>, None, <pybindgen.typehandlers.ctypeparser.TypeTraits object at 0xffffbc6626a0>))
DEBUG:pybindgen.typehandlers:TypeMatcher.lookup('uint8_t const *')
DEBUG:pybindgen.typehandlers:try to lookup type handler for 'uint8_t const *' => success ((<class 'pybindgen.typehandlers.inttype.UInt8PtrParam'>, None, <pybindgen.typehandlers.ctypeparser.TypeTraits object at 0xffffbc6628b0>))
/root/workspace/netwokr/ns-allinone-3.33/ns-3.33/src/aodv/bindings/modulegen__gcc_LP64.py:4296: Warning: exception TypeConfigurationError('direction not given') in wrapper public: retval? ???::SendTo (params?);
  cls.add_method('SendTo',
DEBUG:pybindgen.typehandlers:TypeMatcher.lookup('void')
DEBUG:pybindgen.typehandlers:try to lookup type handler for 'void' => success ((<class 'pybindgen.typehandlers.voidtype.VoidReturn'>, None, <pybindgen.typehandlers.ctypeparser.TypeTraits object at 0xffffbc662b50>))
DEBUG:pybindgen.typehandlers:TypeMatcher.lookup('ns3::Callback< bool, ns3::Ptr< ns3::Socket >, ns3::Address const &, ns3::empty, ns3::empty, ns3::empty, ns3::empty, ns3::empty, ns3::empty, ns3::empty >')
DEBUG:pybindgen.typehandlers:try to lookup type handler for 'ns3::Callback< bool, ns3::Ptr< ns3::Socket >, ns3::Address const &, ns3::empty, ns3::empty, ns3::empty, ns3::empty, ns3::empty, ns3::empty, ns3::empty >' => success ((<class 'ns3modulegen_core_customizations.register_callback_classes.<locals>.PythonCallbackParameter'>, None, <pybindgen.typehandlers.ctypeparser.TypeTraits object at 0xffffbc662d90>))
DEBUG:pybindgen.typehandlers:TypeMatcher.lookup('ns3::Callback< void, ns3::Ptr< ns3::Socket >, ns3::Address const &, ns3::empty, ns3::empty, ns3::empty, ns3::empty, ns3::empty, ns3::empty, ns3::empty >')
DEBUG:pybindgen.typehandlers:try to lookup type handler for 'ns3::Callback< void, ns3::Ptr< ns3::Socket >, ns3::Address const &, ns3::empty, ns3::empty, ns3::empty, ns3::empty, ns3::empty, ns3::empty, ns3::empty >' => success ((<class 'ns3modulegen_core_customizations.register_callback_classes.<locals>.PythonCallbackParameter'>, None, <pybindgen.typehandlers.ctypeparser.TypeTraits object at 0xffffbc664af0>))
DEBUG:pybindgen.typehandlers:TypeMatcher.lookup('bool')
DEBUG:pybindgen.typehandlers:try to lookup type handler for 'bool' => success ((<class 'pybindgen.typehandlers.booltype.BoolReturn'>, None, <pybindgen.typehandlers.ctypeparser.TypeTraits object at 0xffffbc666ca0>))
DEBUG:pybindgen.typehandlers:TypeMatcher.lookup('bool')
DEBUG:pybindgen.typehandlers:try to lookup type handler for 'bool' => success ((<class 'pybindgen.typehandlers.booltype.BoolParam'>, None, <pybindgen.typehandlers.ctypeparser.TypeTraits object at 0xffffbc666eb0>))
DEBUG:pybindgen.typehandlers:TypeMatcher.lookup('void')
DEBUG:pybindgen.typehandlers:try to lookup type handler for 'void' => success ((<class 'pybindgen.typehandlers.voidtype.VoidReturn'>, None, <pybindgen.typehandlers.ctypeparser.TypeTraits object at 0xffffbc66a6a0>))
DEBUG:pybindgen.typehandlers:TypeMatcher.lookup('ns3::Callback< void, ns3::Ptr< ns3::Socket >, ns3::empty, ns3::empty, ns3::empty, ns3::empty, ns3::empty, ns3::empty, ns3::empty, ns3::empty >')
DEBUG:pybindgen.typehandlers:try to lookup type handler for 'ns3::Callback< void, ns3::Ptr< ns3::Socket >, ns3::empty, ns3::empty, ns3::empty, ns3::empty, ns3::empty, ns3::empty, ns3::empty, ns3::empty >' => success ((<class 'ns3modulegen_core_customizations.register_callback_classes.<locals>.PythonCallbackParameter'>, None, <pybindgen.typehandlers.ctypeparser.TypeTraits object at 0xffffbc66a8b0>))
DEBUG:pybindgen.typehandlers:TypeMatcher.lookup('ns3::Callback< void, ns3::Ptr< ns3::Socket >, ns3::empty, ns3::empty, ns3::empty, ns3::empty, ns3::empty, ns3::empty, ns3::empty, ns3::empty >')
DEBUG:pybindgen.typehandlers:try to lookup type handler for 'ns3::Callback< void, ns3::Ptr< ns3::Socket >, ns3::empty, ns3::empty, ns3::empty, ns3::empty, ns3::empty, ns3::empty, ns3::empty, ns3::empty >' => success ((<class 'ns3modulegen_core_customizations.register_callback_classes.<locals>.PythonCallbackParameter'>, None, <pybindgen.typehandlers.ctypeparser.TypeTraits object at 0xffffbc6627f0>))
DEBUG:pybindgen.typehandlers:TypeMatcher.lookup('void')
DEBUG:pybindgen.typehandlers:try to lookup type handler for 'void' => success ((<class 'pybindgen.typehandlers.voidtype.VoidReturn'>, None, <pybindgen.typehandlers.ctypeparser.TypeTraits object at 0xffffbc66dc10>))
DEBUG:pybindgen.typehandlers:TypeMatcher.lookup('ns3::Callback< void, ns3::Ptr< ns3::Socket >, ns3::empty, ns3::empty, ns3::empty, ns3::empty, ns3::empty, ns3::empty, ns3::empty, ns3::empty >')
DEBUG:pybindgen.typehandlers:try to lookup type handler for 'ns3::Callback< void, ns3::Ptr< ns3::Socket >, ns3::empty, ns3::empty, ns3::empty, ns3::empty, ns3::empty, ns3::empty, ns3::empty, ns3::empty >' => success ((<class 'ns3modulegen_core_customizations.register_callback_classes.<locals>.PythonCallbackParameter'>, None, <pybindgen.typehandlers.ctypeparser.TypeTraits object at 0xffffbc66de20>))
DEBUG:pybindgen.typehandlers:TypeMatcher.lookup('ns3::Callback< void, ns3::Ptr< ns3::Socket >, ns3::empty, ns3::empty, ns3::empty, ns3::empty, ns3::empty, ns3::empty, ns3::empty, ns3::empty >')
DEBUG:pybindgen.typehandlers:try to lookup type handler for 'ns3::Callback< void, ns3::Ptr< ns3::Socket >, ns3::empty, ns3::empty, ns3::empty, ns3::empty, ns3::empty, ns3::empty, ns3::empty, ns3::empty >' => success ((<class 'ns3modulegen_core_customizations.register_callback_classes.<locals>.PythonCallbackParameter'>, None, <pybindgen.typehandlers.ctypeparser.TypeTraits object at 0xffffbc66eac0>))
DEBUG:pybindgen.typehandlers:TypeMatcher.lookup('void')
DEBUG:pybindgen.typehandlers:try to lookup type handler for 'void' => success ((<class 'pybindgen.typehandlers.voidtype.VoidReturn'>, None, <pybindgen.typehandlers.ctypeparser.TypeTraits object at 0xffffbc66fb80>))
DEBUG:pybindgen.typehandlers:TypeMatcher.lookup('ns3::Callback< void, ns3::Ptr< ns3::Socket >, unsigned int, ns3::empty, ns3::empty, ns3::empty, ns3::empty, ns3::empty, ns3::empty, ns3::empty >')
DEBUG:pybindgen.typehandlers:try to lookup type handler for 'ns3::Callback< void, ns3::Ptr< ns3::Socket >, unsigned int, ns3::empty, ns3::empty, ns3::empty, ns3::empty, ns3::empty, ns3::empty, ns3::empty >' => success ((<class 'ns3modulegen_core_customizations.register_callback_classes.<locals>.PythonCallbackParameter'>, None, <pybindgen.typehandlers.ctypeparser.TypeTraits object at 0xffffbc66fd90>))
DEBUG:pybindgen.typehandlers:TypeMatcher.lookup('void')
DEBUG:pybindgen.typehandlers:try to lookup type handler for 'void' => success ((<class 'pybindgen.typehandlers.voidtype.VoidReturn'>, None, <pybindgen.typehandlers.ctypeparser.TypeTraits object at 0xffffbc671e50>))
DEBUG:pybindgen.typehandlers:TypeMatcher.lookup('bool')
DEBUG:pybindgen.typehandlers:try to lookup type handler for 'bool' => success ((<class 'pybindgen.typehandlers.booltype.BoolParam'>, None, <pybindgen.typehandlers.ctypeparser.TypeTraits object at 0xffffbc6760a0>))
DEBUG:pybindgen.typehandlers:TypeMatcher.lookup('void')
DEBUG:pybindgen.typehandlers:try to lookup type handler for 'void' => success ((<class 'pybindgen.typehandlers.voidtype.VoidReturn'>, None, <pybindgen.typehandlers.ctypeparser.TypeTraits object at 0xffffbc6765b0>))
DEBUG:pybindgen.typehandlers:TypeMatcher.lookup('bool')
DEBUG:pybindgen.typehandlers:try to lookup type handler for 'bool' => success ((<class 'pybindgen.typehandlers.booltype.BoolParam'>, None, <pybindgen.typehandlers.ctypeparser.TypeTraits object at 0xffffbc6767c0>))
DEBUG:pybindgen.typehandlers:TypeMatcher.lookup('void')
DEBUG:pybindgen.typehandlers:try to lookup type handler for 'void' => success ((<class 'pybindgen.typehandlers.voidtype.VoidReturn'>, None, <pybindgen.typehandlers.ctypeparser.TypeTraits object at 0xffffbc676cd0>))
DEBUG:pybindgen.typehandlers:TypeMatcher.lookup('uint8_t')
DEBUG:pybindgen.typehandlers:try to lookup type handler for 'uint8_t' => success ((<class 'pybindgen.typehandlers.inttype.UInt8Param'>, None, <pybindgen.typehandlers.ctypeparser.TypeTraits object at 0xffffbc676ee0>))
DEBUG:pybindgen.typehandlers:TypeMatcher.lookup('void')
DEBUG:pybindgen.typehandlers:try to lookup type handler for 'void' => success ((<class 'pybindgen.typehandlers.voidtype.VoidReturn'>, None, <pybindgen.typehandlers.ctypeparser.TypeTraits object at 0xffffbc67a460>))
DEBUG:pybindgen.typehandlers:TypeMatcher.lookup('uint8_t')
DEBUG:pybindgen.typehandlers:try to lookup type handler for 'uint8_t' => success ((<class 'pybindgen.typehandlers.inttype.UInt8Param'>, None, <pybindgen.typehandlers.ctypeparser.TypeTraits object at 0xffffbc67a670>))
DEBUG:pybindgen.typehandlers:TypeMatcher.lookup('void')
DEBUG:pybindgen.typehandlers:try to lookup type handler for 'void' => success ((<class 'pybindgen.typehandlers.voidtype.VoidReturn'>, None, <pybindgen.typehandlers.ctypeparser.TypeTraits object at 0xffffbc67ae50>))
DEBUG:pybindgen.typehandlers:TypeMatcher.lookup('uint8_t')
DEBUG:pybindgen.typehandlers:try to lookup type handler for 'uint8_t' => success ((<class 'pybindgen.typehandlers.inttype.UInt8Param'>, None, <pybindgen.typehandlers.ctypeparser.TypeTraits object at 0xffffbc6800a0>))
DEBUG:pybindgen.typehandlers:TypeMatcher.lookup('void')
DEBUG:pybindgen.typehandlers:try to lookup type handler for 'void' => success ((<class 'pybindgen.typehandlers.voidtype.VoidReturn'>, None, <pybindgen.typehandlers.ctypeparser.TypeTraits object at 0xffffbc680850>))
DEBUG:pybindgen.typehandlers:TypeMatcher.lookup('bool')
DEBUG:pybindgen.typehandlers:try to lookup type handler for 'bool' => success ((<class 'pybindgen.typehandlers.booltype.BoolParam'>, None, <pybindgen.typehandlers.ctypeparser.TypeTraits object at 0xffffbc680a60>))
DEBUG:pybindgen.typehandlers:TypeMatcher.lookup('void')
DEBUG:pybindgen.typehandlers:try to lookup type handler for 'void' => success ((<class 'pybindgen.typehandlers.voidtype.VoidReturn'>, None, <pybindgen.typehandlers.ctypeparser.TypeTraits object at 0xffffbc680fd0>))
DEBUG:pybindgen.typehandlers:TypeMatcher.lookup('bool')
DEBUG:pybindgen.typehandlers:try to lookup type handler for 'bool' => success ((<class 'pybindgen.typehandlers.booltype.BoolParam'>, None, <pybindgen.typehandlers.ctypeparser.TypeTraits object at 0xffffbc6841c0>))
DEBUG:pybindgen.typehandlers:TypeMatcher.lookup('void')
DEBUG:pybindgen.typehandlers:try to lookup type handler for 'void' => success ((<class 'pybindgen.typehandlers.voidtype.VoidReturn'>, None, <pybindgen.typehandlers.ctypeparser.TypeTraits object at 0xffffbc6846d0>))
DEBUG:pybindgen.typehandlers:TypeMatcher.lookup('int')
DEBUG:pybindgen.typehandlers:try to lookup type handler for 'int' => success ((<class 'pybindgen.typehandlers.inttype.IntParam'>, None, <pybindgen.typehandlers.ctypeparser.TypeTraits object at 0xffffbc6848e0>))
DEBUG:pybindgen.typehandlers:TypeMatcher.lookup('void')
DEBUG:pybindgen.typehandlers:try to lookup type handler for 'void' => success ((<class 'pybindgen.typehandlers.voidtype.VoidReturn'>, None, <pybindgen.typehandlers.ctypeparser.TypeTraits object at 0xffffbc684df0>))
DEBUG:pybindgen.typehandlers:TypeMatcher.lookup('uint8_t')
DEBUG:pybindgen.typehandlers:try to lookup type handler for 'uint8_t' => success ((<class 'pybindgen.typehandlers.inttype.UInt8Param'>, None, <pybindgen.typehandlers.ctypeparser.TypeTraits object at 0xffffbc687040>))
DEBUG:pybindgen.typehandlers:TypeMatcher.lookup('void')
DEBUG:pybindgen.typehandlers:try to lookup type handler for 'void' => success ((<class 'pybindgen.typehandlers.voidtype.VoidReturn'>, None, <pybindgen.typehandlers.ctypeparser.TypeTraits object at 0xffffbc687550>))
DEBUG:pybindgen.typehandlers:TypeMatcher.lookup('ns3::Callback< void, ns3::Ptr< ns3::Socket >, ns3::empty, ns3::empty, ns3::empty, ns3::empty, ns3::empty, ns3::empty, ns3::empty, ns3::empty >')
DEBUG:pybindgen.typehandlers:try to lookup type handler for 'ns3::Callback< void, ns3::Ptr< ns3::Socket >, ns3::empty, ns3::empty, ns3::empty, ns3::empty, ns3::empty, ns3::empty, ns3::empty, ns3::empty >' => success ((<class 'ns3modulegen_core_customizations.register_callback_classes.<locals>.PythonCallbackParameter'>, None, <pybindgen.typehandlers.ctypeparser.TypeTraits object at 0xffffbc687760>))
DEBUG:pybindgen.typehandlers:TypeMatcher.lookup('void')
DEBUG:pybindgen.typehandlers:try to lookup type handler for 'void' => success ((<class 'pybindgen.typehandlers.voidtype.VoidReturn'>, None, <pybindgen.typehandlers.ctypeparser.TypeTraits object at 0xffffbc68a7c0>))
DEBUG:pybindgen.typehandlers:TypeMatcher.lookup('bool')
DEBUG:pybindgen.typehandlers:try to lookup type handler for 'bool' => success ((<class 'pybindgen.typehandlers.booltype.BoolParam'>, None, <pybindgen.typehandlers.ctypeparser.TypeTraits object at 0xffffbc68a9d0>))
DEBUG:pybindgen.typehandlers:TypeMatcher.lookup('void')
DEBUG:pybindgen.typehandlers:try to lookup type handler for 'void' => success ((<class 'pybindgen.typehandlers.voidtype.VoidReturn'>, None, <pybindgen.typehandlers.ctypeparser.TypeTraits object at 0xffffbc68aee0>))
DEBUG:pybindgen.typehandlers:TypeMatcher.lookup('ns3::Callback< void, ns3::Ptr< ns3::Socket >, unsigned int, ns3::empty, ns3::empty, ns3::empty, ns3::empty, ns3::empty, ns3::empty, ns3::empty >')
DEBUG:pybindgen.typehandlers:try to lookup type handler for 'ns3::Callback< void, ns3::Ptr< ns3::Socket >, unsigned int, ns3::empty, ns3::empty, ns3::empty, ns3::empty, ns3::empty, ns3::empty, ns3::empty >' => success ((<class 'ns3modulegen_core_customizations.register_callback_classes.<locals>.PythonCallbackParameter'>, None, <pybindgen.typehandlers.ctypeparser.TypeTraits object at 0xffffbc68e130>))
DEBUG:pybindgen.typehandlers:TypeMatcher.lookup('int')
DEBUG:pybindgen.typehandlers:try to lookup type handler for 'int' => success ((<class 'pybindgen.typehandlers.inttype.IntReturn'>, None, <pybindgen.typehandlers.ctypeparser.TypeTraits object at 0xffffbc610220>))
DEBUG:pybindgen.typehandlers:TypeMatcher.lookup('int')
DEBUG:pybindgen.typehandlers:try to lookup type handler for 'int' => success ((<class 'pybindgen.typehandlers.inttype.IntReturn'>, None, <pybindgen.typehandlers.ctypeparser.TypeTraits object at 0xffffbc610a60>))
DEBUG:pybindgen.typehandlers:TypeMatcher.lookup('void')
DEBUG:pybindgen.typehandlers:try to lookup type handler for 'void' => success ((<class 'pybindgen.typehandlers.voidtype.VoidReturn'>, None, <pybindgen.typehandlers.ctypeparser.TypeTraits object at 0xffffbc6172e0>))
DEBUG:pybindgen.typehandlers:TypeMatcher.lookup('bool')
DEBUG:pybindgen.typehandlers:try to lookup type handler for 'bool' => success ((<class 'pybindgen.typehandlers.booltype.BoolReturn'>, None, <pybindgen.typehandlers.ctypeparser.TypeTraits object at 0xffffbc617e80>))
DEBUG:pybindgen.typehandlers:TypeMatcher.lookup('bool')
DEBUG:pybindgen.typehandlers:try to lookup type handler for 'bool' => success ((<class 'pybindgen.typehandlers.booltype.BoolReturn'>, None, <pybindgen.typehandlers.ctypeparser.TypeTraits object at 0xffffbc61b790>))
DEBUG:pybindgen.typehandlers:TypeMatcher.lookup('bool')
DEBUG:pybindgen.typehandlers:try to lookup type handler for 'bool' => success ((<class 'pybindgen.typehandlers.booltype.BoolReturn'>, None, <pybindgen.typehandlers.ctypeparser.TypeTraits object at 0xffffbc6210a0>))
DEBUG:pybindgen.typehandlers:TypeMatcher.lookup('void')
DEBUG:pybindgen.typehandlers:try to lookup type handler for 'void' => success ((<class 'pybindgen.typehandlers.voidtype.VoidReturn'>, None, <pybindgen.typehandlers.ctypeparser.TypeTraits object at 0xffffbc621970>))
DEBUG:pybindgen.typehandlers:TypeMatcher.lookup('bool')
DEBUG:pybindgen.typehandlers:try to lookup type handler for 'bool' => success ((<class 'pybindgen.typehandlers.booltype.BoolReturn'>, None, <pybindgen.typehandlers.ctypeparser.TypeTraits object at 0xffffbc627280>))
DEBUG:pybindgen.typehandlers:TypeMatcher.lookup('ns3::Address const &')
DEBUG:pybindgen.typehandlers:try to lookup type handler for 'ns3::Address const &' => success ((<class 'pybindgen.cppclass.CppClass.__init__.<locals>.ThisClassRefParameter'>, None, <pybindgen.typehandlers.ctypeparser.TypeTraits object at 0xffffbc627490>))
DEBUG:pybindgen.typehandlers:TypeMatcher.lookup('void')
DEBUG:pybindgen.typehandlers:try to lookup type handler for 'void' => success ((<class 'pybindgen.typehandlers.voidtype.VoidReturn'>, None, <pybindgen.typehandlers.ctypeparser.TypeTraits object at 0xffffbc627df0>))
DEBUG:pybindgen.typehandlers:TypeMatcher.lookup('void')
DEBUG:pybindgen.typehandlers:try to lookup type handler for 'void' => success ((<class 'pybindgen.typehandlers.voidtype.VoidReturn'>, None, <pybindgen.typehandlers.ctypeparser.TypeTraits object at 0xffffbc62c700>))
DEBUG:pybindgen.typehandlers:TypeMatcher.lookup('void')
DEBUG:pybindgen.typehandlers:try to lookup type handler for 'void' => success ((<class 'pybindgen.typehandlers.voidtype.VoidReturn'>, None, <pybindgen.typehandlers.ctypeparser.TypeTraits object at 0xffffbc62cfd0>))
DEBUG:pybindgen.typehandlers:TypeMatcher.lookup('uint32_t')
DEBUG:pybindgen.typehandlers:try to lookup type handler for 'uint32_t' => success ((<class 'pybindgen.typehandlers.inttype.UnsignedIntParam'>, None, <pybindgen.typehandlers.ctypeparser.TypeTraits object at 0xffffbc631220>))
DEBUG:pybindgen.typehandlers:TypeMatcher.lookup('void')
DEBUG:pybindgen.typehandlers:try to lookup type handler for 'void' => success ((<class 'pybindgen.typehandlers.voidtype.VoidReturn'>, None, <pybindgen.typehandlers.ctypeparser.TypeTraits object at 0xffffbc631a90>))
DEBUG:pybindgen.typehandlers:TypeMatcher.lookup('void')
DEBUG:pybindgen.typehandlers:try to lookup type handler for 'void' => success ((<class 'pybindgen.typehandlers.voidtype.VoidReturn'>, None, <pybindgen.typehandlers.ctypeparser.TypeTraits object at 0xffffbc6363a0>))
DEBUG:pybindgen.typehandlers:TypeMatcher.lookup('ns3::Ptr< ns3::Socket >')
DEBUG:pybindgen.typehandlers:try to lookup type handler for 'ns3::Ptr< ns3::Socket >' => failure
DEBUG:pybindgen.typehandlers:try to lookup type handler for 'ns3::Socket *' => success ((<class 'pybindgen.cppclass.MemoryPolicy.register_ptr_parameter_and_return.<locals>.ThisClassPtrParameter'>, <ns3modulegen_core_customizations.SmartPointerTransformation object at 0xffffbcfe0d90>, <pybindgen.typehandlers.ctypeparser.TypeTraits object at 0xffffbc636850>))
DEBUG:pybindgen.typehandlers:TypeMatcher.lookup('ns3::Address const &')
DEBUG:pybindgen.typehandlers:try to lookup type handler for 'ns3::Address const &' => success ((<class 'pybindgen.cppclass.CppClass.__init__.<locals>.ThisClassRefParameter'>, None, <pybindgen.typehandlers.ctypeparser.TypeTraits object at 0xffffbc636850>))
DEBUG:pybindgen.typehandlers:TypeMatcher.lookup('void')
DEBUG:pybindgen.typehandlers:try to lookup type handler for 'void' => success ((<class 'pybindgen.typehandlers.voidtype.VoidReturn'>, None, <pybindgen.typehandlers.ctypeparser.TypeTraits object at 0xffffbc63b220>))
DEBUG:pybindgen.typehandlers:TypeMatcher.lookup('void')
DEBUG:pybindgen.typehandlers:try to lookup type handler for 'void' => success ((<class 'pybindgen.typehandlers.voidtype.VoidReturn'>, None, <pybindgen.typehandlers.ctypeparser.TypeTraits object at 0xffffbc63baf0>))
DEBUG:pybindgen.typehandlers:TypeMatcher.lookup('uint32_t')
DEBUG:pybindgen.typehandlers:try to lookup type handler for 'uint32_t' => success ((<class 'pybindgen.typehandlers.inttype.UnsignedIntParam'>, None, <pybindgen.typehandlers.ctypeparser.TypeTraits object at 0xffffbc63bd00>))
DEBUG:pybindgen.typehandlers:TypeMatcher.lookup('ns3::SocketIpTosTag const &')
DEBUG:pybindgen.typehandlers:try to lookup type handler for 'ns3::SocketIpTosTag const &' => success ((<class 'pybindgen.cppclass.CppClass.__init__.<locals>.ThisClassRefParameter'>, None, <pybindgen.typehandlers.ctypeparser.TypeTraits object at 0xffffbc63f5b0>))
DEBUG:pybindgen.typehandlers:TypeMatcher.lookup('void')
DEBUG:pybindgen.typehandlers:try to lookup type handler for 'void' => success ((<class 'pybindgen.typehandlers.voidtype.VoidReturn'>, None, <pybindgen.typehandlers.ctypeparser.TypeTraits object at 0xffffbc63ff10>))
DEBUG:pybindgen.typehandlers:TypeMatcher.lookup('ns3::TagBuffer')
DEBUG:pybindgen.typehandlers:try to lookup type handler for 'ns3::TagBuffer' => success ((<class 'pybindgen.cppclass.CppClass.__init__.<locals>.ThisClassParameter'>, None, <pybindgen.typehandlers.ctypeparser.TypeTraits object at 0xffffbc644160>))
DEBUG:pybindgen.typehandlers:TypeMatcher.lookup('ns3::TypeId')
DEBUG:pybindgen.typehandlers:try to lookup type handler for 'ns3::TypeId' => success ((<class 'pybindgen.cppclass.CppClass.__init__.<locals>.ThisClassReturn'>, None, <pybindgen.typehandlers.ctypeparser.TypeTraits object at 0xffffbc644670>))
DEBUG:pybindgen.typehandlers:TypeMatcher.lookup('uint32_t')
DEBUG:pybindgen.typehandlers:try to lookup type handler for 'uint32_t' => success ((<class 'pybindgen.typehandlers.inttype.UnsignedIntReturn'>, None, <pybindgen.typehandlers.ctypeparser.TypeTraits object at 0xffffbc644bb0>))
DEBUG:pybindgen.typehandlers:TypeMatcher.lookup('uint8_t')
DEBUG:pybindgen.typehandlers:try to lookup type handler for 'uint8_t' => success ((<class 'pybindgen.typehandlers.inttype.UInt8Return'>, None, <pybindgen.typehandlers.ctypeparser.TypeTraits object at 0xffffbc647160>))
DEBUG:pybindgen.typehandlers:TypeMatcher.lookup('ns3::TypeId')
DEBUG:pybindgen.typehandlers:try to lookup type handler for 'ns3::TypeId' => success ((<class 'pybindgen.cppclass.CppClass.__init__.<locals>.ThisClassReturn'>, None, <pybindgen.typehandlers.ctypeparser.TypeTraits object at 0xffffbc6476d0>))
DEBUG:pybindgen.typehandlers:TypeMatcher.lookup('void')
DEBUG:pybindgen.typehandlers:try to lookup type handler for 'void' => success ((<class 'pybindgen.typehandlers.voidtype.VoidReturn'>, None, <pybindgen.typehandlers.ctypeparser.TypeTraits object at 0xffffbc647c10>))
DEBUG:pybindgen.typehandlers:TypeMatcher.lookup('std::ostream &')
DEBUG:pybindgen.typehandlers:try to lookup type handler for 'std::ostream &' => failure
'std::ostream &' did not match
/root/workspace/netwokr/ns-allinone-3.33/ns-3.33/src/aodv/bindings/modulegen__gcc_LP64.py:4478: Warning: exception TypeLookupError(['std::ostream &']) in wrapper public: virtual retval? ???::Print (params?) const;
  cls.add_method('Print',
DEBUG:pybindgen.typehandlers:TypeMatcher.lookup('void')
DEBUG:pybindgen.typehandlers:try to lookup type handler for 'void' => success ((<class 'pybindgen.typehandlers.voidtype.VoidReturn'>, None, <pybindgen.typehandlers.ctypeparser.TypeTraits object at 0xffffbc64d4f0>))
DEBUG:pybindgen.typehandlers:TypeMatcher.lookup('ns3::TagBuffer')
DEBUG:pybindgen.typehandlers:try to lookup type handler for 'ns3::TagBuffer' => success ((<class 'pybindgen.cppclass.CppClass.__init__.<locals>.ThisClassParameter'>, None, <pybindgen.typehandlers.ctypeparser.TypeTraits object at 0xffffbc64da30>))
DEBUG:pybindgen.typehandlers:TypeMatcher.lookup('void')
DEBUG:pybindgen.typehandlers:try to lookup type handler for 'void' => success ((<class 'pybindgen.typehandlers.voidtype.VoidReturn'>, None, <pybindgen.typehandlers.ctypeparser.TypeTraits object at 0xffffbc647f40>))
DEBUG:pybindgen.typehandlers:TypeMatcher.lookup('uint8_t')
DEBUG:pybindgen.typehandlers:try to lookup type handler for 'uint8_t' => success ((<class 'pybindgen.typehandlers.inttype.UInt8Param'>, None, <pybindgen.typehandlers.ctypeparser.TypeTraits object at 0xffffbc64d2e0>))
DEBUG:pybindgen.typehandlers:TypeMatcher.lookup('ns3::SocketIpTtlTag const &')
DEBUG:pybindgen.typehandlers:try to lookup type handler for 'ns3::SocketIpTtlTag const &' => success ((<class 'pybindgen.cppclass.CppClass.__init__.<locals>.ThisClassRefParameter'>, None, <pybindgen.typehandlers.ctypeparser.TypeTraits object at 0xffffbc5d0250>))
DEBUG:pybindgen.typehandlers:TypeMatcher.lookup('void')
DEBUG:pybindgen.typehandlers:try to lookup type handler for 'void' => success ((<class 'pybindgen.typehandlers.voidtype.VoidReturn'>, None, <pybindgen.typehandlers.ctypeparser.TypeTraits object at 0xffffbc5d0bb0>))
DEBUG:pybindgen.typehandlers:TypeMatcher.lookup('ns3::TagBuffer')
DEBUG:pybindgen.typehandlers:try to lookup type handler for 'ns3::TagBuffer' => success ((<class 'pybindgen.cppclass.CppClass.__init__.<locals>.ThisClassParameter'>, None, <pybindgen.typehandlers.ctypeparser.TypeTraits object at 0xffffbc5d0dc0>))
DEBUG:pybindgen.typehandlers:TypeMatcher.lookup('ns3::TypeId')
DEBUG:pybindgen.typehandlers:try to lookup type handler for 'ns3::TypeId' => success ((<class 'pybindgen.cppclass.CppClass.__init__.<locals>.ThisClassReturn'>, None, <pybindgen.typehandlers.ctypeparser.TypeTraits object at 0xffffbc5d6310>))
DEBUG:pybindgen.typehandlers:TypeMatcher.lookup('uint32_t')
DEBUG:pybindgen.typehandlers:try to lookup type handler for 'uint32_t' => success ((<class 'pybindgen.typehandlers.inttype.UnsignedIntReturn'>, None, <pybindgen.typehandlers.ctypeparser.TypeTraits object at 0xffffbc5d6850>))
DEBUG:pybindgen.typehandlers:TypeMatcher.lookup('uint8_t')
DEBUG:pybindgen.typehandlers:try to lookup type handler for 'uint8_t' => success ((<class 'pybindgen.typehandlers.inttype.UInt8Return'>, None, <pybindgen.typehandlers.ctypeparser.TypeTraits object at 0xffffbc5d6dc0>))
DEBUG:pybindgen.typehandlers:TypeMatcher.lookup('ns3::TypeId')
DEBUG:pybindgen.typehandlers:try to lookup type handler for 'ns3::TypeId' => success ((<class 'pybindgen.cppclass.CppClass.__init__.<locals>.ThisClassReturn'>, None, <pybindgen.typehandlers.ctypeparser.TypeTraits object at 0xffffbc5da370>))
DEBUG:pybindgen.typehandlers:TypeMatcher.lookup('void')
DEBUG:pybindgen.typehandlers:try to lookup type handler for 'void' => success ((<class 'pybindgen.typehandlers.voidtype.VoidReturn'>, None, <pybindgen.typehandlers.ctypeparser.TypeTraits object at 0xffffbc5da8b0>))
DEBUG:pybindgen.typehandlers:TypeMatcher.lookup('std::ostream &')
DEBUG:pybindgen.typehandlers:try to lookup type handler for 'std::ostream &' => failure
'std::ostream &' did not match
/root/workspace/netwokr/ns-allinone-3.33/ns-3.33/src/aodv/bindings/modulegen__gcc_LP64.py:4524: Warning: exception TypeLookupError(['std::ostream &']) in wrapper public: virtual retval? ???::Print (params?) const;
  cls.add_method('Print',
DEBUG:pybindgen.typehandlers:TypeMatcher.lookup('void')
DEBUG:pybindgen.typehandlers:try to lookup type handler for 'void' => success ((<class 'pybindgen.typehandlers.voidtype.VoidReturn'>, None, <pybindgen.typehandlers.ctypeparser.TypeTraits object at 0xffffbc5da850>))
DEBUG:pybindgen.typehandlers:TypeMatcher.lookup('ns3::TagBuffer')
DEBUG:pybindgen.typehandlers:try to lookup type handler for 'ns3::TagBuffer' => success ((<class 'pybindgen.cppclass.CppClass.__init__.<locals>.ThisClassParameter'>, None, <pybindgen.typehandlers.ctypeparser.TypeTraits object at 0xffffbc5dab50>))
DEBUG:pybindgen.typehandlers:TypeMatcher.lookup('void')
DEBUG:pybindgen.typehandlers:try to lookup type handler for 'void' => success ((<class 'pybindgen.typehandlers.voidtype.VoidReturn'>, None, <pybindgen.typehandlers.ctypeparser.TypeTraits object at 0xffffbc5de730>))
DEBUG:pybindgen.typehandlers:TypeMatcher.lookup('uint8_t')
DEBUG:pybindgen.typehandlers:try to lookup type handler for 'uint8_t' => success ((<class 'pybindgen.typehandlers.inttype.UInt8Param'>, None, <pybindgen.typehandlers.ctypeparser.TypeTraits object at 0xffffbc5de970>))
DEBUG:pybindgen.typehandlers:TypeMatcher.lookup('ns3::SocketIpv6HopLimitTag const &')
DEBUG:pybindgen.typehandlers:try to lookup type handler for 'ns3::SocketIpv6HopLimitTag const &' => success ((<class 'pybindgen.cppclass.CppClass.__init__.<locals>.ThisClassRefParameter'>, None, <pybindgen.typehandlers.ctypeparser.TypeTraits object at 0xffffbc5deeb0>))
DEBUG:pybindgen.typehandlers:TypeMatcher.lookup('void')
DEBUG:pybindgen.typehandlers:try to lookup type handler for 'void' => success ((<class 'pybindgen.typehandlers.voidtype.VoidReturn'>, None, <pybindgen.typehandlers.ctypeparser.TypeTraits object at 0xffffbc5e4850>))
DEBUG:pybindgen.typehandlers:TypeMatcher.lookup('ns3::TagBuffer')
DEBUG:pybindgen.typehandlers:try to lookup type handler for 'ns3::TagBuffer' => success ((<class 'pybindgen.cppclass.CppClass.__init__.<locals>.ThisClassParameter'>, None, <pybindgen.typehandlers.ctypeparser.TypeTraits object at 0xffffbc5e4a60>))
DEBUG:pybindgen.typehandlers:TypeMatcher.lookup('uint8_t')
DEBUG:pybindgen.typehandlers:try to lookup type handler for 'uint8_t' => success ((<class 'pybindgen.typehandlers.inttype.UInt8Return'>, None, <pybindgen.typehandlers.ctypeparser.TypeTraits object at 0xffffbc5e4fd0>))
DEBUG:pybindgen.typehandlers:TypeMatcher.lookup('ns3::TypeId')
DEBUG:pybindgen.typehandlers:try to lookup type handler for 'ns3::TypeId' => success ((<class 'pybindgen.cppclass.CppClass.__init__.<locals>.ThisClassReturn'>, None, <pybindgen.typehandlers.ctypeparser.TypeTraits object at 0xffffbc5e8520>))
DEBUG:pybindgen.typehandlers:TypeMatcher.lookup('uint32_t')
DEBUG:pybindgen.typehandlers:try to lookup type handler for 'uint32_t' => success ((<class 'pybindgen.typehandlers.inttype.UnsignedIntReturn'>, None, <pybindgen.typehandlers.ctypeparser.TypeTraits object at 0xffffbc5e8a60>))
DEBUG:pybindgen.typehandlers:TypeMatcher.lookup('ns3::TypeId')
DEBUG:pybindgen.typehandlers:try to lookup type handler for 'ns3::TypeId' => success ((<class 'pybindgen.cppclass.CppClass.__init__.<locals>.ThisClassReturn'>, None, <pybindgen.typehandlers.ctypeparser.TypeTraits object at 0xffffbc5e8fd0>))
DEBUG:pybindgen.typehandlers:TypeMatcher.lookup('void')
DEBUG:pybindgen.typehandlers:try to lookup type handler for 'void' => success ((<class 'pybindgen.typehandlers.voidtype.VoidReturn'>, None, <pybindgen.typehandlers.ctypeparser.TypeTraits object at 0xffffbc5ee550>))
DEBUG:pybindgen.typehandlers:TypeMatcher.lookup('std::ostream &')
DEBUG:pybindgen.typehandlers:try to lookup type handler for 'std::ostream &' => failure
'std::ostream &' did not match
/root/workspace/netwokr/ns-allinone-3.33/ns-3.33/src/aodv/bindings/modulegen__gcc_LP64.py:4570: Warning: exception TypeLookupError(['std::ostream &']) in wrapper public: virtual retval? ???::Print (params?) const;
  cls.add_method('Print',
DEBUG:pybindgen.typehandlers:TypeMatcher.lookup('void')
DEBUG:pybindgen.typehandlers:try to lookup type handler for 'void' => success ((<class 'pybindgen.typehandlers.voidtype.VoidReturn'>, None, <pybindgen.typehandlers.ctypeparser.TypeTraits object at 0xffffbc5eedf0>))
DEBUG:pybindgen.typehandlers:TypeMatcher.lookup('ns3::TagBuffer')
DEBUG:pybindgen.typehandlers:try to lookup type handler for 'ns3::TagBuffer' => success ((<class 'pybindgen.cppclass.CppClass.__init__.<locals>.ThisClassParameter'>, None, <pybindgen.typehandlers.ctypeparser.TypeTraits object at 0xffffbc5f1370>))
DEBUG:pybindgen.typehandlers:TypeMatcher.lookup('void')
DEBUG:pybindgen.typehandlers:try to lookup type handler for 'void' => success ((<class 'pybindgen.typehandlers.voidtype.VoidReturn'>, None, <pybindgen.typehandlers.ctypeparser.TypeTraits object at 0xffffbc5f1820>))
DEBUG:pybindgen.typehandlers:TypeMatcher.lookup('uint8_t')
DEBUG:pybindgen.typehandlers:try to lookup type handler for 'uint8_t' => success ((<class 'pybindgen.typehandlers.inttype.UInt8Param'>, None, <pybindgen.typehandlers.ctypeparser.TypeTraits object at 0xffffbc5f1a60>))
DEBUG:pybindgen.typehandlers:TypeMatcher.lookup('ns3::SocketIpv6TclassTag const &')
DEBUG:pybindgen.typehandlers:try to lookup type handler for 'ns3::SocketIpv6TclassTag const &' => success ((<class 'pybindgen.cppclass.CppClass.__init__.<locals>.ThisClassRefParameter'>, None, <pybindgen.typehandlers.ctypeparser.TypeTraits object at 0xffffbc5f1f70>))
DEBUG:pybindgen.typehandlers:TypeMatcher.lookup('void')
DEBUG:pybindgen.typehandlers:try to lookup type handler for 'void' => success ((<class 'pybindgen.typehandlers.voidtype.VoidReturn'>, None, <pybindgen.typehandlers.ctypeparser.TypeTraits object at 0xffffbc5f6940>))
DEBUG:pybindgen.typehandlers:TypeMatcher.lookup('ns3::TagBuffer')
DEBUG:pybindgen.typehandlers:try to lookup type handler for 'ns3::TagBuffer' => success ((<class 'pybindgen.cppclass.CppClass.__init__.<locals>.ThisClassParameter'>, None, <pybindgen.typehandlers.ctypeparser.TypeTraits object at 0xffffbc5f6b50>))
DEBUG:pybindgen.typehandlers:TypeMatcher.lookup('ns3::TypeId')
DEBUG:pybindgen.typehandlers:try to lookup type handler for 'ns3::TypeId' => success ((<class 'pybindgen.cppclass.CppClass.__init__.<locals>.ThisClassReturn'>, None, <pybindgen.typehandlers.ctypeparser.TypeTraits object at 0xffffbc5f90a0>))
DEBUG:pybindgen.typehandlers:TypeMatcher.lookup('uint32_t')
DEBUG:pybindgen.typehandlers:try to lookup type handler for 'uint32_t' => success ((<class 'pybindgen.typehandlers.inttype.UnsignedIntReturn'>, None, <pybindgen.typehandlers.ctypeparser.TypeTraits object at 0xffffbc5f95e0>))
DEBUG:pybindgen.typehandlers:TypeMatcher.lookup('uint8_t')
DEBUG:pybindgen.typehandlers:try to lookup type handler for 'uint8_t' => success ((<class 'pybindgen.typehandlers.inttype.UInt8Return'>, None, <pybindgen.typehandlers.ctypeparser.TypeTraits object at 0xffffbc5f9b50>))
DEBUG:pybindgen.typehandlers:TypeMatcher.lookup('ns3::TypeId')
DEBUG:pybindgen.typehandlers:try to lookup type handler for 'ns3::TypeId' => success ((<class 'pybindgen.cppclass.CppClass.__init__.<locals>.ThisClassReturn'>, None, <pybindgen.typehandlers.ctypeparser.TypeTraits object at 0xffffbc5fe100>))
DEBUG:pybindgen.typehandlers:TypeMatcher.lookup('void')
DEBUG:pybindgen.typehandlers:try to lookup type handler for 'void' => success ((<class 'pybindgen.typehandlers.voidtype.VoidReturn'>, None, <pybindgen.typehandlers.ctypeparser.TypeTraits object at 0xffffbc5fe640>))
DEBUG:pybindgen.typehandlers:TypeMatcher.lookup('std::ostream &')
DEBUG:pybindgen.typehandlers:try to lookup type handler for 'std::ostream &' => failure
'std::ostream &' did not match
/root/workspace/netwokr/ns-allinone-3.33/ns-3.33/src/aodv/bindings/modulegen__gcc_LP64.py:4616: Warning: exception TypeLookupError(['std::ostream &']) in wrapper public: virtual retval? ???::Print (params?) const;
  cls.add_method('Print',
DEBUG:pybindgen.typehandlers:TypeMatcher.lookup('void')
DEBUG:pybindgen.typehandlers:try to lookup type handler for 'void' => success ((<class 'pybindgen.typehandlers.voidtype.VoidReturn'>, None, <pybindgen.typehandlers.ctypeparser.TypeTraits object at 0xffffbc5fef10>))
DEBUG:pybindgen.typehandlers:TypeMatcher.lookup('ns3::TagBuffer')
DEBUG:pybindgen.typehandlers:try to lookup type handler for 'ns3::TagBuffer' => success ((<class 'pybindgen.cppclass.CppClass.__init__.<locals>.ThisClassParameter'>, None, <pybindgen.typehandlers.ctypeparser.TypeTraits object at 0xffffbc603490>))
DEBUG:pybindgen.typehandlers:TypeMatcher.lookup('void')
DEBUG:pybindgen.typehandlers:try to lookup type handler for 'void' => success ((<class 'pybindgen.typehandlers.voidtype.VoidReturn'>, None, <pybindgen.typehandlers.ctypeparser.TypeTraits object at 0xffffbc603940>))
DEBUG:pybindgen.typehandlers:TypeMatcher.lookup('uint8_t')
DEBUG:pybindgen.typehandlers:try to lookup type handler for 'uint8_t' => success ((<class 'pybindgen.typehandlers.inttype.UInt8Param'>, None, <pybindgen.typehandlers.ctypeparser.TypeTraits object at 0xffffbc603b80>))
DEBUG:pybindgen.typehandlers:TypeMatcher.lookup('ns3::SocketPriorityTag const &')
DEBUG:pybindgen.typehandlers:try to lookup type handler for 'ns3::SocketPriorityTag const &' => success ((<class 'pybindgen.cppclass.CppClass.__init__.<locals>.ThisClassRefParameter'>, None, <pybindgen.typehandlers.ctypeparser.TypeTraits object at 0xffffbc608100>))
DEBUG:pybindgen.typehandlers:TypeMatcher.lookup('void')
DEBUG:pybindgen.typehandlers:try to lookup type handler for 'void' => success ((<class 'pybindgen.typehandlers.voidtype.VoidReturn'>, None, <pybindgen.typehandlers.ctypeparser.TypeTraits object at 0xffffbc608a60>))
DEBUG:pybindgen.typehandlers:TypeMatcher.lookup('ns3::TagBuffer')
DEBUG:pybindgen.typehandlers:try to lookup type handler for 'ns3::TagBuffer' => success ((<class 'pybindgen.cppclass.CppClass.__init__.<locals>.ThisClassParameter'>, None, <pybindgen.typehandlers.ctypeparser.TypeTraits object at 0xffffbc608ca0>))
DEBUG:pybindgen.typehandlers:TypeMatcher.lookup('ns3::TypeId')
DEBUG:pybindgen.typehandlers:try to lookup type handler for 'ns3::TypeId' => success ((<class 'pybindgen.cppclass.CppClass.__init__.<locals>.ThisClassReturn'>, None, <pybindgen.typehandlers.ctypeparser.TypeTraits object at 0xffffbc60c1f0>))
DEBUG:pybindgen.typehandlers:TypeMatcher.lookup('uint8_t')
DEBUG:pybindgen.typehandlers:try to lookup type handler for 'uint8_t' => success ((<class 'pybindgen.typehandlers.inttype.UInt8Return'>, None, <pybindgen.typehandlers.ctypeparser.TypeTraits object at 0xffffbc60c730>))
DEBUG:pybindgen.typehandlers:TypeMatcher.lookup('uint32_t')
DEBUG:pybindgen.typehandlers:try to lookup type handler for 'uint32_t' => success ((<class 'pybindgen.typehandlers.inttype.UnsignedIntReturn'>, None, <pybindgen.typehandlers.ctypeparser.TypeTraits object at 0xffffbc60cca0>))
DEBUG:pybindgen.typehandlers:TypeMatcher.lookup('ns3::TypeId')
DEBUG:pybindgen.typehandlers:try to lookup type handler for 'ns3::TypeId' => success ((<class 'pybindgen.cppclass.CppClass.__init__.<locals>.ThisClassReturn'>, None, <pybindgen.typehandlers.ctypeparser.TypeTraits object at 0xffffbc60f250>))
DEBUG:pybindgen.typehandlers:TypeMatcher.lookup('void')
DEBUG:pybindgen.typehandlers:try to lookup type handler for 'void' => success ((<class 'pybindgen.typehandlers.voidtype.VoidReturn'>, None, <pybindgen.typehandlers.ctypeparser.TypeTraits object at 0xffffbc5fe7f0>))
DEBUG:pybindgen.typehandlers:TypeMatcher.lookup('std::ostream &')
DEBUG:pybindgen.typehandlers:try to lookup type handler for 'std::ostream &' => failure
'std::ostream &' did not match
/root/workspace/netwokr/ns-allinone-3.33/ns-3.33/src/aodv/bindings/modulegen__gcc_LP64.py:4662: Warning: exception TypeLookupError(['std::ostream &']) in wrapper public: virtual retval? ???::Print (params?) const;
  cls.add_method('Print',
DEBUG:pybindgen.typehandlers:TypeMatcher.lookup('void')
DEBUG:pybindgen.typehandlers:try to lookup type handler for 'void' => success ((<class 'pybindgen.typehandlers.voidtype.VoidReturn'>, None, <pybindgen.typehandlers.ctypeparser.TypeTraits object at 0xffffbc5ee760>))
DEBUG:pybindgen.typehandlers:TypeMatcher.lookup('ns3::TagBuffer')
DEBUG:pybindgen.typehandlers:try to lookup type handler for 'ns3::TagBuffer' => success ((<class 'pybindgen.cppclass.CppClass.__init__.<locals>.ThisClassParameter'>, None, <pybindgen.typehandlers.ctypeparser.TypeTraits object at 0xffffbc60fcd0>))
DEBUG:pybindgen.typehandlers:TypeMatcher.lookup('void')
DEBUG:pybindgen.typehandlers:try to lookup type handler for 'void' => success ((<class 'pybindgen.typehandlers.voidtype.VoidReturn'>, None, <pybindgen.typehandlers.ctypeparser.TypeTraits object at 0xffffbc5941c0>))
DEBUG:pybindgen.typehandlers:TypeMatcher.lookup('uint8_t')
DEBUG:pybindgen.typehandlers:try to lookup type handler for 'uint8_t' => success ((<class 'pybindgen.typehandlers.inttype.UInt8Param'>, None, <pybindgen.typehandlers.ctypeparser.TypeTraits object at 0xffffbc594400>))
DEBUG:pybindgen.typehandlers:TypeMatcher.lookup('ns3::SocketSetDontFragmentTag const &')
DEBUG:pybindgen.typehandlers:try to lookup type handler for 'ns3::SocketSetDontFragmentTag const &' => success ((<class 'pybindgen.cppclass.CppClass.__init__.<locals>.ThisClassRefParameter'>, None, <pybindgen.typehandlers.ctypeparser.TypeTraits object at 0xffffbc594940>))
DEBUG:pybindgen.typehandlers:TypeMatcher.lookup('void')
DEBUG:pybindgen.typehandlers:try to lookup type handler for 'void' => success ((<class 'pybindgen.typehandlers.voidtype.VoidReturn'>, None, <pybindgen.typehandlers.ctypeparser.TypeTraits object at 0xffffbc5992e0>))
DEBUG:pybindgen.typehandlers:TypeMatcher.lookup('ns3::TagBuffer')
DEBUG:pybindgen.typehandlers:try to lookup type handler for 'ns3::TagBuffer' => success ((<class 'pybindgen.cppclass.CppClass.__init__.<locals>.ThisClassParameter'>, None, <pybindgen.typehandlers.ctypeparser.TypeTraits object at 0xffffbc5994f0>))
DEBUG:pybindgen.typehandlers:TypeMatcher.lookup('void')
DEBUG:pybindgen.typehandlers:try to lookup type handler for 'void' => success ((<class 'pybindgen.typehandlers.voidtype.VoidReturn'>, None, <pybindgen.typehandlers.ctypeparser.TypeTraits object at 0xffffbc5999a0>))
DEBUG:pybindgen.typehandlers:TypeMatcher.lookup('void')
DEBUG:pybindgen.typehandlers:try to lookup type handler for 'void' => success ((<class 'pybindgen.typehandlers.voidtype.VoidReturn'>, None, <pybindgen.typehandlers.ctypeparser.TypeTraits object at 0xffffbc599f40>))
DEBUG:pybindgen.typehandlers:TypeMatcher.lookup('ns3::TypeId')
DEBUG:pybindgen.typehandlers:try to lookup type handler for 'ns3::TypeId' => success ((<class 'pybindgen.cppclass.CppClass.__init__.<locals>.ThisClassReturn'>, None, <pybindgen.typehandlers.ctypeparser.TypeTraits object at 0xffffbc59f520>))
DEBUG:pybindgen.typehandlers:TypeMatcher.lookup('uint32_t')
DEBUG:pybindgen.typehandlers:try to lookup type handler for 'uint32_t' => success ((<class 'pybindgen.typehandlers.inttype.UnsignedIntReturn'>, None, <pybindgen.typehandlers.ctypeparser.TypeTraits object at 0xffffbc5e8f70>))
DEBUG:pybindgen.typehandlers:TypeMatcher.lookup('ns3::TypeId')
DEBUG:pybindgen.typehandlers:try to lookup type handler for 'ns3::TypeId' => success ((<class 'pybindgen.cppclass.CppClass.__init__.<locals>.ThisClassReturn'>, None, <pybindgen.typehandlers.ctypeparser.TypeTraits object at 0xffffbc59fb80>))
DEBUG:pybindgen.typehandlers:TypeMatcher.lookup('bool')
DEBUG:pybindgen.typehandlers:try to lookup type handler for 'bool' => success ((<class 'pybindgen.typehandlers.booltype.BoolReturn'>, None, <pybindgen.typehandlers.ctypeparser.TypeTraits object at 0xffffbc5a3100>))
DEBUG:pybindgen.typehandlers:TypeMatcher.lookup('void')
DEBUG:pybindgen.typehandlers:try to lookup type handler for 'void' => success ((<class 'pybindgen.typehandlers.voidtype.VoidReturn'>, None, <pybindgen.typehandlers.ctypeparser.TypeTraits object at 0xffffbc5a3670>))
DEBUG:pybindgen.typehandlers:TypeMatcher.lookup('std::ostream &')
DEBUG:pybindgen.typehandlers:try to lookup type handler for 'std::ostream &' => failure
'std::ostream &' did not match
/root/workspace/netwokr/ns-allinone-3.33/ns-3.33/src/aodv/bindings/modulegen__gcc_LP64.py:4716: Warning: exception TypeLookupError(['std::ostream &']) in wrapper public: virtual retval? ???::Print (params?) const;
  cls.add_method('Print',
DEBUG:pybindgen.typehandlers:TypeMatcher.lookup('void')
DEBUG:pybindgen.typehandlers:try to lookup type handler for 'void' => success ((<class 'pybindgen.typehandlers.voidtype.VoidReturn'>, None, <pybindgen.typehandlers.ctypeparser.TypeTraits object at 0xffffbc5a3f10>))
DEBUG:pybindgen.typehandlers:TypeMatcher.lookup('ns3::TagBuffer')
DEBUG:pybindgen.typehandlers:try to lookup type handler for 'ns3::TagBuffer' => success ((<class 'pybindgen.cppclass.CppClass.__init__.<locals>.ThisClassParameter'>, None, <pybindgen.typehandlers.ctypeparser.TypeTraits object at 0xffffbc5a7490>))
DEBUG:pybindgen.typehandlers:TypeMatcher.lookup('ns3::TraceSourceAccessor const &')
DEBUG:pybindgen.typehandlers:try to lookup type handler for 'ns3::TraceSourceAccessor const &' => success ((<class 'pybindgen.cppclass.CppClass.__init__.<locals>.ThisClassRefParameter'>, None, <pybindgen.typehandlers.ctypeparser.TypeTraits object at 0xffffbc5a79a0>))
DEBUG:pybindgen.typehandlers:TypeMatcher.lookup('bool')
DEBUG:pybindgen.typehandlers:try to lookup type handler for 'bool' => success ((<class 'pybindgen.typehandlers.booltype.BoolReturn'>, None, <pybindgen.typehandlers.ctypeparser.TypeTraits object at 0xffffbc5ac310>))
DEBUG:pybindgen.typehandlers:TypeMatcher.lookup('ns3::ObjectBase *')
DEBUG:pybindgen.typehandlers:try to lookup type handler for 'ns3::ObjectBase *' => success ((<class 'pybindgen.cppclass.CppClass.__init__.<locals>.ThisClassPtrParameter'>, None, <pybindgen.typehandlers.ctypeparser.TypeTraits object at 0xffffbc5ac520>))
DEBUG:pybindgen.typehandlers:TypeMatcher.lookup('std::string')
DEBUG:pybindgen.typehandlers:try to lookup type handler for 'std::string' => success ((<class 'pybindgen.typehandlers.stringtype.StdStringParam'>, None, <pybindgen.typehandlers.ctypeparser.TypeTraits object at 0xffffbc5ac700>))
DEBUG:pybindgen.typehandlers:TypeMatcher.lookup('ns3::CallbackBase const &')
DEBUG:pybindgen.typehandlers:try to lookup type handler for 'ns3::CallbackBase const &' => success ((<class 'pybindgen.cppclass.CppClass.__init__.<locals>.ThisClassRefParameter'>, None, <pybindgen.typehandlers.ctypeparser.TypeTraits object at 0xffffbc5ac8b0>))
DEBUG:pybindgen.typehandlers:TypeMatcher.lookup('bool')
DEBUG:pybindgen.typehandlers:try to lookup type handler for 'bool' => success ((<class 'pybindgen.typehandlers.booltype.BoolReturn'>, None, <pybindgen.typehandlers.ctypeparser.TypeTraits object at 0xffffbc5acf10>))
DEBUG:pybindgen.typehandlers:TypeMatcher.lookup('ns3::ObjectBase *')
DEBUG:pybindgen.typehandlers:try to lookup type handler for 'ns3::ObjectBase *' => success ((<class 'pybindgen.cppclass.CppClass.__init__.<locals>.ThisClassPtrParameter'>, None, <pybindgen.typehandlers.ctypeparser.TypeTraits object at 0xffffbc5b1160>))
DEBUG:pybindgen.typehandlers:TypeMatcher.lookup('ns3::CallbackBase const &')
DEBUG:pybindgen.typehandlers:try to lookup type handler for 'ns3::CallbackBase const &' => success ((<class 'pybindgen.cppclass.CppClass.__init__.<locals>.ThisClassRefParameter'>, None, <pybindgen.typehandlers.ctypeparser.TypeTraits object at 0xffffbc5b1340>))
DEBUG:pybindgen.typehandlers:TypeMatcher.lookup('bool')
DEBUG:pybindgen.typehandlers:try to lookup type handler for 'bool' => success ((<class 'pybindgen.typehandlers.booltype.BoolReturn'>, None, <pybindgen.typehandlers.ctypeparser.TypeTraits object at 0xffffbc5a3970>))
DEBUG:pybindgen.typehandlers:TypeMatcher.lookup('ns3::ObjectBase *')
DEBUG:pybindgen.typehandlers:try to lookup type handler for 'ns3::ObjectBase *' => success ((<class 'pybindgen.cppclass.CppClass.__init__.<locals>.ThisClassPtrParameter'>, None, <pybindgen.typehandlers.ctypeparser.TypeTraits object at 0xffffbc5b1760>))
DEBUG:pybindgen.typehandlers:TypeMatcher.lookup('std::string')
DEBUG:pybindgen.typehandlers:try to lookup type handler for 'std::string' => success ((<class 'pybindgen.typehandlers.stringtype.StdStringParam'>, None, <pybindgen.typehandlers.ctypeparser.TypeTraits object at 0xffffbc5b1940>))
DEBUG:pybindgen.typehandlers:TypeMatcher.lookup('ns3::CallbackBase const &')
DEBUG:pybindgen.typehandlers:try to lookup type handler for 'ns3::CallbackBase const &' => success ((<class 'pybindgen.cppclass.CppClass.__init__.<locals>.ThisClassRefParameter'>, None, <pybindgen.typehandlers.ctypeparser.TypeTraits object at 0xffffbc5b1af0>))
DEBUG:pybindgen.typehandlers:TypeMatcher.lookup('bool')
DEBUG:pybindgen.typehandlers:try to lookup type handler for 'bool' => success ((<class 'pybindgen.typehandlers.booltype.BoolReturn'>, None, <pybindgen.typehandlers.ctypeparser.TypeTraits object at 0xffffbc5b4190>))
DEBUG:pybindgen.typehandlers:TypeMatcher.lookup('ns3::ObjectBase *')
DEBUG:pybindgen.typehandlers:try to lookup type handler for 'ns3::ObjectBase *' => success ((<class 'pybindgen.cppclass.CppClass.__init__.<locals>.ThisClassPtrParameter'>, None, <pybindgen.typehandlers.ctypeparser.TypeTraits object at 0xffffbc5b43a0>))
DEBUG:pybindgen.typehandlers:TypeMatcher.lookup('ns3::CallbackBase const &')
DEBUG:pybindgen.typehandlers:try to lookup type handler for 'ns3::CallbackBase const &' => success ((<class 'pybindgen.cppclass.CppClass.__init__.<locals>.ThisClassRefParameter'>, None, <pybindgen.typehandlers.ctypeparser.TypeTraits object at 0xffffbc5b4580>))
DEBUG:pybindgen.typehandlers:TypeMatcher.lookup('ns3::Trailer const &')
DEBUG:pybindgen.typehandlers:try to lookup type handler for 'ns3::Trailer const &' => success ((<class 'pybindgen.cppclass.CppClass.__init__.<locals>.ThisClassRefParameter'>, None, <pybindgen.typehandlers.ctypeparser.TypeTraits object at 0xffffbc5b4f70>))
DEBUG:pybindgen.typehandlers:TypeMatcher.lookup('uint32_t')
DEBUG:pybindgen.typehandlers:try to lookup type handler for 'uint32_t' => success ((<class 'pybindgen.typehandlers.inttype.UnsignedIntReturn'>, None, <pybindgen.typehandlers.ctypeparser.TypeTraits object at 0xffffbc5b85b0>))
DEBUG:pybindgen.typehandlers:TypeMatcher.lookup('ns3::Buffer::Iterator')
DEBUG:pybindgen.typehandlers:try to lookup type handler for 'ns3::Buffer::Iterator' => success ((<class 'pybindgen.cppclass.CppClass.__init__.<locals>.ThisClassParameter'>, None, <pybindgen.typehandlers.ctypeparser.TypeTraits object at 0xffffbc5b87c0>))
DEBUG:pybindgen.typehandlers:TypeMatcher.lookup('uint32_t')
DEBUG:pybindgen.typehandlers:try to lookup type handler for 'uint32_t' => success ((<class 'pybindgen.typehandlers.inttype.UnsignedIntReturn'>, None, <pybindgen.typehandlers.ctypeparser.TypeTraits object at 0xffffbc5b8cd0>))
DEBUG:pybindgen.typehandlers:TypeMatcher.lookup('ns3::Buffer::Iterator')
DEBUG:pybindgen.typehandlers:try to lookup type handler for 'ns3::Buffer::Iterator' => success ((<class 'pybindgen.cppclass.CppClass.__init__.<locals>.ThisClassParameter'>, None, <pybindgen.typehandlers.ctypeparser.TypeTraits object at 0xffffbc5b8ee0>))
DEBUG:pybindgen.typehandlers:TypeMatcher.lookup('ns3::Buffer::Iterator')
DEBUG:pybindgen.typehandlers:try to lookup type handler for 'ns3::Buffer::Iterator' => success ((<class 'pybindgen.cppclass.CppClass.__init__.<locals>.ThisClassParameter'>, None, <pybindgen.typehandlers.ctypeparser.TypeTraits object at 0xffffbc5bc070>))
DEBUG:pybindgen.typehandlers:TypeMatcher.lookup('uint32_t')
DEBUG:pybindgen.typehandlers:try to lookup type handler for 'uint32_t' => success ((<class 'pybindgen.typehandlers.inttype.UnsignedIntReturn'>, None, <pybindgen.typehandlers.ctypeparser.TypeTraits object at 0xffffbc5bc5b0>))
DEBUG:pybindgen.typehandlers:TypeMatcher.lookup('ns3::TypeId')
DEBUG:pybindgen.typehandlers:try to lookup type handler for 'ns3::TypeId' => success ((<class 'pybindgen.cppclass.CppClass.__init__.<locals>.ThisClassReturn'>, None, <pybindgen.typehandlers.ctypeparser.TypeTraits object at 0xffffbc5bcb20>))
DEBUG:pybindgen.typehandlers:TypeMatcher.lookup('void')
DEBUG:pybindgen.typehandlers:try to lookup type handler for 'void' => success ((<class 'pybindgen.typehandlers.voidtype.VoidReturn'>, None, <pybindgen.typehandlers.ctypeparser.TypeTraits object at 0xffffbc5c0040>))
DEBUG:pybindgen.typehandlers:TypeMatcher.lookup('std::ostream &')
DEBUG:pybindgen.typehandlers:try to lookup type handler for 'std::ostream &' => failure
'std::ostream &' did not match
/root/workspace/netwokr/ns-allinone-3.33/ns-3.33/src/aodv/bindings/modulegen__gcc_LP64.py:4781: Warning: exception TypeLookupError(['std::ostream &']) in wrapper public: virtual retval? ???::Print (params?) const = 0;
  cls.add_method('Print',
DEBUG:pybindgen.typehandlers:TypeMatcher.lookup('void')
DEBUG:pybindgen.typehandlers:try to lookup type handler for 'void' => success ((<class 'pybindgen.typehandlers.voidtype.VoidReturn'>, None, <pybindgen.typehandlers.ctypeparser.TypeTraits object at 0xffffbc5c0ca0>))
DEBUG:pybindgen.typehandlers:TypeMatcher.lookup('ns3::Buffer::Iterator')
DEBUG:pybindgen.typehandlers:try to lookup type handler for 'ns3::Buffer::Iterator' => success ((<class 'pybindgen.cppclass.CppClass.__init__.<locals>.ThisClassParameter'>, None, <pybindgen.typehandlers.ctypeparser.TypeTraits object at 0xffffbc5c0e50>))
DEBUG:pybindgen.typehandlers:TypeMatcher.lookup('ns3::TypeId')
DEBUG:pybindgen.typehandlers:try to lookup type handler for 'ns3::TypeId' => success ((<class 'pybindgen.cppclass.CppClass.__init__.<locals>.ThisClassReturn'>, None, <pybindgen.typehandlers.ctypeparser.TypeTraits object at 0xffffbc5c53d0>))
DEBUG:pybindgen.typehandlers:TypeMatcher.lookup('double')
DEBUG:pybindgen.typehandlers:try to lookup type handler for 'double' => success ((<class 'pybindgen.typehandlers.doubletype.DoubleReturn'>, None, <pybindgen.typehandlers.ctypeparser.TypeTraits object at 0xffffbc5c5c70>))
DEBUG:pybindgen.typehandlers:TypeMatcher.lookup('double')
DEBUG:pybindgen.typehandlers:try to lookup type handler for 'double' => success ((<class 'pybindgen.typehandlers.doubletype.DoubleReturn'>, None, <pybindgen.typehandlers.ctypeparser.TypeTraits object at 0xffffbc5ca220>))
DEBUG:pybindgen.typehandlers:TypeMatcher.lookup('double')
DEBUG:pybindgen.typehandlers:try to lookup type handler for 'double' => success ((<class 'pybindgen.typehandlers.doubletype.DoubleReturn'>, None, <pybindgen.typehandlers.ctypeparser.TypeTraits object at 0xffffbc5ca790>))
DEBUG:pybindgen.typehandlers:TypeMatcher.lookup('double')
DEBUG:pybindgen.typehandlers:try to lookup type handler for 'double' => success ((<class 'pybindgen.typehandlers.doubletype.DoubleReturn'>, None, <pybindgen.typehandlers.ctypeparser.TypeTraits object at 0xffffbc5caca0>))
DEBUG:pybindgen.typehandlers:TypeMatcher.lookup('double')
DEBUG:pybindgen.typehandlers:try to lookup type handler for 'double' => success ((<class 'pybindgen.typehandlers.doubletype.DoubleParam'>, None, <pybindgen.typehandlers.ctypeparser.TypeTraits object at 0xffffbc5caee0>))
DEBUG:pybindgen.typehandlers:TypeMatcher.lookup('double')
DEBUG:pybindgen.typehandlers:try to lookup type handler for 'double' => success ((<class 'pybindgen.typehandlers.doubletype.DoubleParam'>, None, <pybindgen.typehandlers.ctypeparser.TypeTraits object at 0xffffbc550070>))
DEBUG:pybindgen.typehandlers:TypeMatcher.lookup('double')
DEBUG:pybindgen.typehandlers:try to lookup type handler for 'double' => success ((<class 'pybindgen.typehandlers.doubletype.DoubleParam'>, None, <pybindgen.typehandlers.ctypeparser.TypeTraits object at 0xffffbc550220>))
DEBUG:pybindgen.typehandlers:TypeMatcher.lookup('uint32_t')
DEBUG:pybindgen.typehandlers:try to lookup type handler for 'uint32_t' => success ((<class 'pybindgen.typehandlers.inttype.UnsignedIntReturn'>, None, <pybindgen.typehandlers.ctypeparser.TypeTraits object at 0xffffbc550790>))
DEBUG:pybindgen.typehandlers:TypeMatcher.lookup('uint32_t')
DEBUG:pybindgen.typehandlers:try to lookup type handler for 'uint32_t' => success ((<class 'pybindgen.typehandlers.inttype.UnsignedIntParam'>, None, <pybindgen.typehandlers.ctypeparser.TypeTraits object at 0xffffbc5509a0>))
DEBUG:pybindgen.typehandlers:TypeMatcher.lookup('uint32_t')
DEBUG:pybindgen.typehandlers:try to lookup type handler for 'uint32_t' => success ((<class 'pybindgen.typehandlers.inttype.UnsignedIntParam'>, None, <pybindgen.typehandlers.ctypeparser.TypeTraits object at 0xffffbc550af0>))
DEBUG:pybindgen.typehandlers:TypeMatcher.lookup('uint32_t')
DEBUG:pybindgen.typehandlers:try to lookup type handler for 'uint32_t' => success ((<class 'pybindgen.typehandlers.inttype.UnsignedIntParam'>, None, <pybindgen.typehandlers.ctypeparser.TypeTraits object at 0xffffbc550ca0>))
DEBUG:pybindgen.typehandlers:TypeMatcher.lookup('double')
DEBUG:pybindgen.typehandlers:try to lookup type handler for 'double' => success ((<class 'pybindgen.typehandlers.doubletype.DoubleReturn'>, None, <pybindgen.typehandlers.ctypeparser.TypeTraits object at 0xffffbc5c00a0>))
DEBUG:pybindgen.typehandlers:TypeMatcher.lookup('uint32_t')
DEBUG:pybindgen.typehandlers:try to lookup type handler for 'uint32_t' => success ((<class 'pybindgen.typehandlers.inttype.UnsignedIntReturn'>, None, <pybindgen.typehandlers.ctypeparser.TypeTraits object at 0xffffbc552670>))
DEBUG:pybindgen.typehandlers:TypeMatcher.lookup('ns3::TypeId')
DEBUG:pybindgen.typehandlers:try to lookup type handler for 'ns3::TypeId' => success ((<class 'pybindgen.cppclass.CppClass.__init__.<locals>.ThisClassReturn'>, None, <pybindgen.typehandlers.ctypeparser.TypeTraits object at 0xffffbc552e80>))
DEBUG:pybindgen.typehandlers:TypeMatcher.lookup('double')
DEBUG:pybindgen.typehandlers:try to lookup type handler for 'double' => success ((<class 'pybindgen.typehandlers.doubletype.DoubleReturn'>, None, <pybindgen.typehandlers.ctypeparser.TypeTraits object at 0xffffbc558760>))
DEBUG:pybindgen.typehandlers:TypeMatcher.lookup('double')
DEBUG:pybindgen.typehandlers:try to lookup type handler for 'double' => success ((<class 'pybindgen.typehandlers.doubletype.DoubleReturn'>, None, <pybindgen.typehandlers.ctypeparser.TypeTraits object at 0xffffbc558cd0>))
DEBUG:pybindgen.typehandlers:TypeMatcher.lookup('double')
DEBUG:pybindgen.typehandlers:try to lookup type handler for 'double' => success ((<class 'pybindgen.typehandlers.doubletype.DoubleReturn'>, None, <pybindgen.typehandlers.ctypeparser.TypeTraits object at 0xffffbc55c220>))
DEBUG:pybindgen.typehandlers:TypeMatcher.lookup('double')
DEBUG:pybindgen.typehandlers:try to lookup type handler for 'double' => success ((<class 'pybindgen.typehandlers.doubletype.DoubleParam'>, None, <pybindgen.typehandlers.ctypeparser.TypeTraits object at 0xffffbc55c460>))
DEBUG:pybindgen.typehandlers:TypeMatcher.lookup('double')
DEBUG:pybindgen.typehandlers:try to lookup type handler for 'double' => success ((<class 'pybindgen.typehandlers.doubletype.DoubleParam'>, None, <pybindgen.typehandlers.ctypeparser.TypeTraits object at 0xffffbc55c5b0>))
DEBUG:pybindgen.typehandlers:TypeMatcher.lookup('uint32_t')
DEBUG:pybindgen.typehandlers:try to lookup type handler for 'uint32_t' => success ((<class 'pybindgen.typehandlers.inttype.UnsignedIntReturn'>, None, <pybindgen.typehandlers.ctypeparser.TypeTraits object at 0xffffbc55cb20>))
DEBUG:pybindgen.typehandlers:TypeMatcher.lookup('uint32_t')
DEBUG:pybindgen.typehandlers:try to lookup type handler for 'uint32_t' => success ((<class 'pybindgen.typehandlers.inttype.UnsignedIntParam'>, None, <pybindgen.typehandlers.ctypeparser.TypeTraits object at 0xffffbc55cd30>))
DEBUG:pybindgen.typehandlers:TypeMatcher.lookup('uint32_t')
DEBUG:pybindgen.typehandlers:try to lookup type handler for 'uint32_t' => success ((<class 'pybindgen.typehandlers.inttype.UnsignedIntParam'>, None, <pybindgen.typehandlers.ctypeparser.TypeTraits object at 0xffffbc55ce80>))
DEBUG:pybindgen.typehandlers:TypeMatcher.lookup('double')
DEBUG:pybindgen.typehandlers:try to lookup type handler for 'double' => success ((<class 'pybindgen.typehandlers.doubletype.DoubleReturn'>, None, <pybindgen.typehandlers.ctypeparser.TypeTraits object at 0xffffbc560460>))
DEBUG:pybindgen.typehandlers:TypeMatcher.lookup('uint32_t')
DEBUG:pybindgen.typehandlers:try to lookup type handler for 'uint32_t' => success ((<class 'pybindgen.typehandlers.inttype.UnsignedIntReturn'>, None, <pybindgen.typehandlers.ctypeparser.TypeTraits object at 0xffffbc560ca0>))
DEBUG:pybindgen.typehandlers:TypeMatcher.lookup('ns3::TypeId')
DEBUG:pybindgen.typehandlers:try to lookup type handler for 'ns3::TypeId' => success ((<class 'pybindgen.cppclass.CppClass.__init__.<locals>.ThisClassReturn'>, None, <pybindgen.typehandlers.ctypeparser.TypeTraits object at 0xffffbc5674f0>))
DEBUG:pybindgen.typehandlers:TypeMatcher.lookup('double')
DEBUG:pybindgen.typehandlers:try to lookup type handler for 'double' => success ((<class 'pybindgen.typehandlers.doubletype.DoubleReturn'>, None, <pybindgen.typehandlers.ctypeparser.TypeTraits object at 0xffffbc567d90>))
DEBUG:pybindgen.typehandlers:TypeMatcher.lookup('double')
DEBUG:pybindgen.typehandlers:try to lookup type handler for 'double' => success ((<class 'pybindgen.typehandlers.doubletype.DoubleReturn'>, None, <pybindgen.typehandlers.ctypeparser.TypeTraits object at 0xffffbc56c340>))
DEBUG:pybindgen.typehandlers:TypeMatcher.lookup('double')
DEBUG:pybindgen.typehandlers:try to lookup type handler for 'double' => success ((<class 'pybindgen.typehandlers.doubletype.DoubleReturn'>, None, <pybindgen.typehandlers.ctypeparser.TypeTraits object at 0xffffbc56c8b0>))
DEBUG:pybindgen.typehandlers:TypeMatcher.lookup('double')
DEBUG:pybindgen.typehandlers:try to lookup type handler for 'double' => success ((<class 'pybindgen.typehandlers.doubletype.DoubleReturn'>, None, <pybindgen.typehandlers.ctypeparser.TypeTraits object at 0xffffbc56cdc0>))
DEBUG:pybindgen.typehandlers:TypeMatcher.lookup('double')
DEBUG:pybindgen.typehandlers:try to lookup type handler for 'double' => success ((<class 'pybindgen.typehandlers.doubletype.DoubleParam'>, None, <pybindgen.typehandlers.ctypeparser.TypeTraits object at 0xffffbc570040>))
DEBUG:pybindgen.typehandlers:TypeMatcher.lookup('double')
DEBUG:pybindgen.typehandlers:try to lookup type handler for 'double' => success ((<class 'pybindgen.typehandlers.doubletype.DoubleParam'>, None, <pybindgen.typehandlers.ctypeparser.TypeTraits object at 0xffffbc570190>))
DEBUG:pybindgen.typehandlers:TypeMatcher.lookup('double')
DEBUG:pybindgen.typehandlers:try to lookup type handler for 'double' => success ((<class 'pybindgen.typehandlers.doubletype.DoubleParam'>, None, <pybindgen.typehandlers.ctypeparser.TypeTraits object at 0xffffbc570340>))
DEBUG:pybindgen.typehandlers:TypeMatcher.lookup('uint32_t')
DEBUG:pybindgen.typehandlers:try to lookup type handler for 'uint32_t' => success ((<class 'pybindgen.typehandlers.inttype.UnsignedIntReturn'>, None, <pybindgen.typehandlers.ctypeparser.TypeTraits object at 0xffffbc5708b0>))
DEBUG:pybindgen.typehandlers:TypeMatcher.lookup('uint32_t')
DEBUG:pybindgen.typehandlers:try to lookup type handler for 'uint32_t' => success ((<class 'pybindgen.typehandlers.inttype.UnsignedIntParam'>, None, <pybindgen.typehandlers.ctypeparser.TypeTraits object at 0xffffbc570ac0>))
DEBUG:pybindgen.typehandlers:TypeMatcher.lookup('uint32_t')
DEBUG:pybindgen.typehandlers:try to lookup type handler for 'uint32_t' => success ((<class 'pybindgen.typehandlers.inttype.UnsignedIntParam'>, None, <pybindgen.typehandlers.ctypeparser.TypeTraits object at 0xffffbc570c10>))
DEBUG:pybindgen.typehandlers:TypeMatcher.lookup('uint32_t')
DEBUG:pybindgen.typehandlers:try to lookup type handler for 'uint32_t' => success ((<class 'pybindgen.typehandlers.inttype.UnsignedIntParam'>, None, <pybindgen.typehandlers.ctypeparser.TypeTraits object at 0xffffbc570dc0>))
DEBUG:pybindgen.typehandlers:TypeMatcher.lookup('double')
DEBUG:pybindgen.typehandlers:try to lookup type handler for 'double' => success ((<class 'pybindgen.typehandlers.doubletype.DoubleReturn'>, None, <pybindgen.typehandlers.ctypeparser.TypeTraits object at 0xffffbc5733a0>))
DEBUG:pybindgen.typehandlers:TypeMatcher.lookup('uint32_t')
DEBUG:pybindgen.typehandlers:try to lookup type handler for 'uint32_t' => success ((<class 'pybindgen.typehandlers.inttype.UnsignedIntReturn'>, None, <pybindgen.typehandlers.ctypeparser.TypeTraits object at 0xffffbc573be0>))
DEBUG:pybindgen.typehandlers:TypeMatcher.lookup('ns3::TypeId')
DEBUG:pybindgen.typehandlers:try to lookup type handler for 'ns3::TypeId' => success ((<class 'pybindgen.cppclass.CppClass.__init__.<locals>.ThisClassReturn'>, None, <pybindgen.typehandlers.ctypeparser.TypeTraits object at 0xffffbc577430>))
DEBUG:pybindgen.typehandlers:TypeMatcher.lookup('double')
DEBUG:pybindgen.typehandlers:try to lookup type handler for 'double' => success ((<class 'pybindgen.typehandlers.doubletype.DoubleReturn'>, None, <pybindgen.typehandlers.ctypeparser.TypeTraits object at 0xffffbc577cd0>))
DEBUG:pybindgen.typehandlers:TypeMatcher.lookup('double')
DEBUG:pybindgen.typehandlers:try to lookup type handler for 'double' => success ((<class 'pybindgen.typehandlers.doubletype.DoubleReturn'>, None, <pybindgen.typehandlers.ctypeparser.TypeTraits object at 0xffffbc57d220>))
DEBUG:pybindgen.typehandlers:TypeMatcher.lookup('double')
DEBUG:pybindgen.typehandlers:try to lookup type handler for 'double' => success ((<class 'pybindgen.typehandlers.doubletype.DoubleParam'>, None, <pybindgen.typehandlers.ctypeparser.TypeTraits object at 0xffffbc57d460>))
DEBUG:pybindgen.typehandlers:TypeMatcher.lookup('uint32_t')
DEBUG:pybindgen.typehandlers:try to lookup type handler for 'uint32_t' => success ((<class 'pybindgen.typehandlers.inttype.UnsignedIntReturn'>, None, <pybindgen.typehandlers.ctypeparser.TypeTraits object at 0xffffbc57d970>))
DEBUG:pybindgen.typehandlers:TypeMatcher.lookup('uint32_t')
DEBUG:pybindgen.typehandlers:try to lookup type handler for 'uint32_t' => success ((<class 'pybindgen.typehandlers.inttype.UnsignedIntParam'>, None, <pybindgen.typehandlers.ctypeparser.TypeTraits object at 0xffffbc57db80>))
DEBUG:pybindgen.typehandlers:TypeMatcher.lookup('double')
DEBUG:pybindgen.typehandlers:try to lookup type handler for 'double' => success ((<class 'pybindgen.typehandlers.doubletype.DoubleReturn'>, None, <pybindgen.typehandlers.ctypeparser.TypeTraits object at 0xffffbc581100>))
DEBUG:pybindgen.typehandlers:TypeMatcher.lookup('uint32_t')
DEBUG:pybindgen.typehandlers:try to lookup type handler for 'uint32_t' => success ((<class 'pybindgen.typehandlers.inttype.UnsignedIntReturn'>, None, <pybindgen.typehandlers.ctypeparser.TypeTraits object at 0xffffbc581940>))
DEBUG:pybindgen.typehandlers:TypeMatcher.lookup('ns3::TypeId')
DEBUG:pybindgen.typehandlers:try to lookup type handler for 'ns3::TypeId' => success ((<class 'pybindgen.cppclass.CppClass.__init__.<locals>.ThisClassReturn'>, None, <pybindgen.typehandlers.ctypeparser.TypeTraits object at 0xffffbc586190>))
DEBUG:pybindgen.typehandlers:TypeMatcher.lookup('uint32_t')
DEBUG:pybindgen.typehandlers:try to lookup type handler for 'uint32_t' => success ((<class 'pybindgen.typehandlers.inttype.UnsignedIntReturn'>, None, <pybindgen.typehandlers.ctypeparser.TypeTraits object at 0xffffbc586a30>))
DEBUG:pybindgen.typehandlers:TypeMatcher.lookup('double')
DEBUG:pybindgen.typehandlers:try to lookup type handler for 'double' => success ((<class 'pybindgen.typehandlers.doubletype.DoubleReturn'>, None, <pybindgen.typehandlers.ctypeparser.TypeTraits object at 0xffffbc586fa0>))
DEBUG:pybindgen.typehandlers:TypeMatcher.lookup('double')
DEBUG:pybindgen.typehandlers:try to lookup type handler for 'double' => success ((<class 'pybindgen.typehandlers.doubletype.DoubleReturn'>, None, <pybindgen.typehandlers.ctypeparser.TypeTraits object at 0xffffbc58b4f0>))
DEBUG:pybindgen.typehandlers:TypeMatcher.lookup('uint32_t')
DEBUG:pybindgen.typehandlers:try to lookup type handler for 'uint32_t' => success ((<class 'pybindgen.typehandlers.inttype.UnsignedIntParam'>, None, <pybindgen.typehandlers.ctypeparser.TypeTraits object at 0xffffbc58b730>))
DEBUG:pybindgen.typehandlers:TypeMatcher.lookup('double')
DEBUG:pybindgen.typehandlers:try to lookup type handler for 'double' => success ((<class 'pybindgen.typehandlers.doubletype.DoubleParam'>, None, <pybindgen.typehandlers.ctypeparser.TypeTraits object at 0xffffbc58b880>))
DEBUG:pybindgen.typehandlers:TypeMatcher.lookup('uint32_t')
DEBUG:pybindgen.typehandlers:try to lookup type handler for 'uint32_t' => success ((<class 'pybindgen.typehandlers.inttype.UnsignedIntReturn'>, None, <pybindgen.typehandlers.ctypeparser.TypeTraits object at 0xffffbc58bdf0>))
DEBUG:pybindgen.typehandlers:TypeMatcher.lookup('uint32_t')
DEBUG:pybindgen.typehandlers:try to lookup type handler for 'uint32_t' => success ((<class 'pybindgen.typehandlers.inttype.UnsignedIntParam'>, None, <pybindgen.typehandlers.ctypeparser.TypeTraits object at 0xffffbc510040>))
DEBUG:pybindgen.typehandlers:TypeMatcher.lookup('uint32_t')
DEBUG:pybindgen.typehandlers:try to lookup type handler for 'uint32_t' => success ((<class 'pybindgen.typehandlers.inttype.UnsignedIntParam'>, None, <pybindgen.typehandlers.ctypeparser.TypeTraits object at 0xffffbc510190>))
DEBUG:pybindgen.typehandlers:TypeMatcher.lookup('double')
DEBUG:pybindgen.typehandlers:try to lookup type handler for 'double' => success ((<class 'pybindgen.typehandlers.doubletype.DoubleReturn'>, None, <pybindgen.typehandlers.ctypeparser.TypeTraits object at 0xffffbc510730>))
DEBUG:pybindgen.typehandlers:TypeMatcher.lookup('uint32_t')
DEBUG:pybindgen.typehandlers:try to lookup type handler for 'uint32_t' => success ((<class 'pybindgen.typehandlers.inttype.UnsignedIntReturn'>, None, <pybindgen.typehandlers.ctypeparser.TypeTraits object at 0xffffbc510fd0>))
DEBUG:pybindgen.typehandlers:TypeMatcher.lookup('ns3::ArpCache::Entry *')
DEBUG:pybindgen.typehandlers:try to lookup type handler for 'ns3::ArpCache::Entry *' => success ((<class 'pybindgen.cppclass.CppClass.__init__.<locals>.ThisClassPtrReturn'>, None, <pybindgen.typehandlers.ctypeparser.TypeTraits object at 0xffffbc516af0>))
DEBUG:pybindgen.typehandlers:TypeMatcher.lookup('ns3::Ipv4Address')
DEBUG:pybindgen.typehandlers:try to lookup type handler for 'ns3::Ipv4Address' => success ((<class 'pybindgen.cppclass.CppClass.__init__.<locals>.ThisClassParameter'>, None, <pybindgen.typehandlers.ctypeparser.TypeTraits object at 0xffffbc516d60>))
DEBUG:pybindgen.typehandlers:TypeMatcher.lookup('void')
DEBUG:pybindgen.typehandlers:try to lookup type handler for 'void' => success ((<class 'pybindgen.typehandlers.voidtype.VoidReturn'>, None, <pybindgen.typehandlers.ctypeparser.TypeTraits object at 0xffffbc51a2b0>))
DEBUG:pybindgen.typehandlers:TypeMatcher.lookup('ns3::Time')
DEBUG:pybindgen.typehandlers:try to lookup type handler for 'ns3::Time' => success ((<class 'pybindgen.cppclass.CppClass.__init__.<locals>.ThisClassReturn'>, None, <pybindgen.typehandlers.ctypeparser.TypeTraits object at 0xffffbc51a850>))
DEBUG:pybindgen.typehandlers:TypeMatcher.lookup('ns3::Time')
DEBUG:pybindgen.typehandlers:try to lookup type handler for 'ns3::Time' => success ((<class 'pybindgen.cppclass.CppClass.__init__.<locals>.ThisClassReturn'>, None, <pybindgen.typehandlers.ctypeparser.TypeTraits object at 0xffffbc51ad90>))
DEBUG:pybindgen.typehandlers:TypeMatcher.lookup('ns3::Ptr< ns3::NetDevice >')
DEBUG:pybindgen.typehandlers:try to lookup type handler for 'ns3::Ptr< ns3::NetDevice >' => failure
DEBUG:pybindgen.typehandlers:try to lookup type handler for 'ns3::NetDevice *' => success ((<class 'pybindgen.cppclass.MemoryPolicy.register_ptr_parameter_and_return.<locals>.ThisClassPtrReturn'>, <ns3modulegen_core_customizations.SmartPointerTransformation object at 0xffffbcfe0d90>, <pybindgen.typehandlers.ctypeparser.TypeTraits object at 0xffffbc51f5b0>))
DEBUG:pybindgen.typehandlers:TypeMatcher.lookup('ns3::Ptr< ns3::Ipv4Interface >')
DEBUG:pybindgen.typehandlers:try to lookup type handler for 'ns3::Ptr< ns3::Ipv4Interface >' => failure
DEBUG:pybindgen.typehandlers:try to lookup type handler for 'ns3::Ipv4Interface *' => success ((<class 'pybindgen.cppclass.MemoryPolicy.register_ptr_parameter_and_return.<locals>.ThisClassPtrReturn'>, <ns3modulegen_core_customizations.SmartPointerTransformation object at 0xffffbcfe0d90>, <pybindgen.typehandlers.ctypeparser.TypeTraits object at 0xffffbc51fc10>))
DEBUG:pybindgen.typehandlers:TypeMatcher.lookup('ns3::TypeId')
DEBUG:pybindgen.typehandlers:try to lookup type handler for 'ns3::TypeId' => success ((<class 'pybindgen.cppclass.CppClass.__init__.<locals>.ThisClassReturn'>, None, <pybindgen.typehandlers.ctypeparser.TypeTraits object at 0xffffbc51ffd0>))
DEBUG:pybindgen.typehandlers:TypeMatcher.lookup('ns3::Time')
DEBUG:pybindgen.typehandlers:try to lookup type handler for 'ns3::Time' => success ((<class 'pybindgen.cppclass.CppClass.__init__.<locals>.ThisClassReturn'>, None, <pybindgen.typehandlers.ctypeparser.TypeTraits object at 0xffffbc525550>))
DEBUG:pybindgen.typehandlers:TypeMatcher.lookup('ns3::ArpCache::Entry *')
DEBUG:pybindgen.typehandlers:try to lookup type handler for 'ns3::ArpCache::Entry *' => success ((<class 'pybindgen.cppclass.CppClass.__init__.<locals>.ThisClassPtrReturn'>, None, <pybindgen.typehandlers.ctypeparser.TypeTraits object at 0xffffbc525a30>))
DEBUG:pybindgen.typehandlers:TypeMatcher.lookup('ns3::Ipv4Address')
DEBUG:pybindgen.typehandlers:try to lookup type handler for 'ns3::Ipv4Address' => success ((<class 'pybindgen.cppclass.CppClass.__init__.<locals>.ThisClassParameter'>, None, <pybindgen.typehandlers.ctypeparser.TypeTraits object at 0xffffbc525cd0>))
DEBUG:pybindgen.typehandlers:TypeMatcher.lookup('std::list< ns3::ArpCache::Entry * >')
DEBUG:pybindgen.typehandlers:try to lookup type handler for 'std::list< ns3::ArpCache::Entry * >' => success ((<class 'pybindgen.container.Container.__init__.<locals>.ThisContainerReturn'>, None, <pybindgen.typehandlers.ctypeparser.TypeTraits object at 0xffffbc528220>))
DEBUG:pybindgen.typehandlers:TypeMatcher.lookup('ns3::Address')
DEBUG:pybindgen.typehandlers:try to lookup type handler for 'ns3::Address' => success ((<class 'pybindgen.cppclass.CppClass.__init__.<locals>.ThisClassParameter'>, None, <pybindgen.typehandlers.ctypeparser.TypeTraits object at 0xffffbc5285b0>))
DEBUG:pybindgen.typehandlers:TypeMatcher.lookup('void')
DEBUG:pybindgen.typehandlers:try to lookup type handler for 'void' => success ((<class 'pybindgen.typehandlers.voidtype.VoidReturn'>, None, <pybindgen.typehandlers.ctypeparser.TypeTraits object at 0xffffbc528ac0>))
DEBUG:pybindgen.typehandlers:TypeMatcher.lookup('ns3::Ptr< ns3::OutputStreamWrapper >')
DEBUG:pybindgen.typehandlers:try to lookup type handler for 'ns3::Ptr< ns3::OutputStreamWrapper >' => failure
DEBUG:pybindgen.typehandlers:try to lookup type handler for 'ns3::OutputStreamWrapper *' => success ((<class 'pybindgen.cppclass.MemoryPolicy.register_ptr_parameter_and_return.<locals>.ThisClassPtrParameter'>, <ns3modulegen_core_customizations.SmartPointerTransformation object at 0xffffbcfe0d90>, <pybindgen.typehandlers.ctypeparser.TypeTraits object at 0xffffbc528f70>))
DEBUG:pybindgen.typehandlers:TypeMatcher.lookup('void')
DEBUG:pybindgen.typehandlers:try to lookup type handler for 'void' => success ((<class 'pybindgen.typehandlers.voidtype.VoidReturn'>, None, <pybindgen.typehandlers.ctypeparser.TypeTraits object at 0xffffbc52e340>))
DEBUG:pybindgen.typehandlers:TypeMatcher.lookup('ns3::ArpCache::Entry *')
DEBUG:pybindgen.typehandlers:try to lookup type handler for 'ns3::ArpCache::Entry *' => success ((<class 'pybindgen.cppclass.CppClass.__init__.<locals>.ThisClassPtrParameter'>, None, <pybindgen.typehandlers.ctypeparser.TypeTraits object at 0xffffbc52e550>))
/root/workspace/netwokr/ns-allinone-3.33/ns-3.33/src/aodv/bindings/modulegen__gcc_LP64.py:5041: Warning: exception TypeConfigurationError('Missing transfer_ownership option') in wrapper public: retval? ???::Remove (params?);
  cls.add_method('Remove',
DEBUG:pybindgen.typehandlers:TypeMatcher.lookup('void')
DEBUG:pybindgen.typehandlers:try to lookup type handler for 'void' => success ((<class 'pybindgen.typehandlers.voidtype.VoidReturn'>, None, <pybindgen.typehandlers.ctypeparser.TypeTraits object at 0xffffbc52e790>))
DEBUG:pybindgen.typehandlers:TypeMatcher.lookup('ns3::Time')
DEBUG:pybindgen.typehandlers:try to lookup type handler for 'ns3::Time' => success ((<class 'pybindgen.cppclass.CppClass.__init__.<locals>.ThisClassParameter'>, None, <pybindgen.typehandlers.ctypeparser.TypeTraits object at 0xffffbc52ea00>))
DEBUG:pybindgen.typehandlers:TypeMatcher.lookup('void')
DEBUG:pybindgen.typehandlers:try to lookup type handler for 'void' => success ((<class 'pybindgen.typehandlers.voidtype.VoidReturn'>, None, <pybindgen.typehandlers.ctypeparser.TypeTraits object at 0xffffbc52ef10>))
DEBUG:pybindgen.typehandlers:TypeMatcher.lookup('ns3::Callback< void, ns3::Ptr< ns3::ArpCache const >, ns3::Ipv4Address, ns3::empty, ns3::empty, ns3::empty, ns3::empty, ns3::empty, ns3::empty, ns3::empty >')
DEBUG:pybindgen.typehandlers:try to lookup type handler for 'ns3::Callback< void, ns3::Ptr< ns3::ArpCache const >, ns3::Ipv4Address, ns3::empty, ns3::empty, ns3::empty, ns3::empty, ns3::empty, ns3::empty, ns3::empty >' => success ((<class 'ns3modulegen_core_customizations.register_callback_classes.<locals>.PythonCallbackParameter'>, None, <pybindgen.typehandlers.ctypeparser.TypeTraits object at 0xffffbc532160>))
DEBUG:pybindgen.typehandlers:TypeMatcher.lookup('void')
DEBUG:pybindgen.typehandlers:try to lookup type handler for 'void' => success ((<class 'pybindgen.typehandlers.voidtype.VoidReturn'>, None, <pybindgen.typehandlers.ctypeparser.TypeTraits object at 0xffffbc535220>))
DEBUG:pybindgen.typehandlers:TypeMatcher.lookup('ns3::Time')
DEBUG:pybindgen.typehandlers:try to lookup type handler for 'ns3::Time' => success ((<class 'pybindgen.cppclass.CppClass.__init__.<locals>.ThisClassParameter'>, None, <pybindgen.typehandlers.ctypeparser.TypeTraits object at 0xffffbc535430>))
DEBUG:pybindgen.typehandlers:TypeMatcher.lookup('void')
DEBUG:pybindgen.typehandlers:try to lookup type handler for 'void' => success ((<class 'pybindgen.typehandlers.voidtype.VoidReturn'>, None, <pybindgen.typehandlers.ctypeparser.TypeTraits object at 0xffffbc535940>))
DEBUG:pybindgen.typehandlers:TypeMatcher.lookup('ns3::Ptr< ns3::NetDevice >')
DEBUG:pybindgen.typehandlers:try to lookup type handler for 'ns3::Ptr< ns3::NetDevice >' => failure
DEBUG:pybindgen.typehandlers:try to lookup type handler for 'ns3::NetDevice *' => success ((<class 'pybindgen.cppclass.MemoryPolicy.register_ptr_parameter_and_return.<locals>.ThisClassPtrParameter'>, <ns3modulegen_core_customizations.SmartPointerTransformation object at 0xffffbcfe0d90>, <pybindgen.typehandlers.ctypeparser.TypeTraits object at 0xffffbc535df0>))
DEBUG:pybindgen.typehandlers:TypeMatcher.lookup('ns3::Ptr< ns3::Ipv4Interface >')
DEBUG:pybindgen.typehandlers:try to lookup type handler for 'ns3::Ptr< ns3::Ipv4Interface >' => failure
DEBUG:pybindgen.typehandlers:try to lookup type handler for 'ns3::Ipv4Interface *' => success ((<class 'pybindgen.cppclass.MemoryPolicy.register_ptr_parameter_and_return.<locals>.ThisClassPtrParameter'>, <ns3modulegen_core_customizations.SmartPointerTransformation object at 0xffffbcfe0d90>, <pybindgen.typehandlers.ctypeparser.TypeTraits object at 0xffffbc538100>))
DEBUG:pybindgen.typehandlers:TypeMatcher.lookup('void')
DEBUG:pybindgen.typehandlers:try to lookup type handler for 'void' => success ((<class 'pybindgen.typehandlers.voidtype.VoidReturn'>, None, <pybindgen.typehandlers.ctypeparser.TypeTraits object at 0xffffbc538490>))
DEBUG:pybindgen.typehandlers:TypeMatcher.lookup('ns3::Time')
DEBUG:pybindgen.typehandlers:try to lookup type handler for 'ns3::Time' => success ((<class 'pybindgen.cppclass.CppClass.__init__.<locals>.ThisClassParameter'>, None, <pybindgen.typehandlers.ctypeparser.TypeTraits object at 0xffffbc5386a0>))
DEBUG:pybindgen.typehandlers:TypeMatcher.lookup('void')
DEBUG:pybindgen.typehandlers:try to lookup type handler for 'void' => success ((<class 'pybindgen.typehandlers.voidtype.VoidReturn'>, None, <pybindgen.typehandlers.ctypeparser.TypeTraits object at 0xffffbc52e3d0>))
DEBUG:pybindgen.typehandlers:TypeMatcher.lookup('void')
DEBUG:pybindgen.typehandlers:try to lookup type handler for 'void' => success ((<class 'pybindgen.typehandlers.voidtype.VoidReturn'>, None, <pybindgen.typehandlers.ctypeparser.TypeTraits object at 0xffffbc538ca0>))
DEBUG:pybindgen.typehandlers:TypeMatcher.lookup('ns3::ArpCache::Entry const &')
DEBUG:pybindgen.typehandlers:try to lookup type handler for 'ns3::ArpCache::Entry const &' => success ((<class 'pybindgen.cppclass.CppClass.__init__.<locals>.ThisClassRefParameter'>, None, <pybindgen.typehandlers.ctypeparser.TypeTraits object at 0xffffbc53c520>))
DEBUG:pybindgen.typehandlers:TypeMatcher.lookup('ns3::ArpCache *')
DEBUG:pybindgen.typehandlers:try to lookup type handler for 'ns3::ArpCache *' => success ((<class 'pybindgen.cppclass.MemoryPolicy.register_ptr_parameter_and_return.<locals>.ThisClassPtrParameter'>, None, <pybindgen.typehandlers.ctypeparser.TypeTraits object at 0xffffbc53cb20>))
/root/workspace/netwokr/ns-allinone-3.33/ns-3.33/src/aodv/bindings/modulegen__gcc_LP64.py:5079: Warning: exception TypeConfigurationError('Missing transfer_ownership option') in wrapper <pybindgen.cppmethod.CppConstructor object at 0xffffbc53c4c0>
  cls.add_constructor([param('ns3::ArpCache *', 'arp')])
DEBUG:pybindgen.typehandlers:TypeMatcher.lookup('void')
DEBUG:pybindgen.typehandlers:try to lookup type handler for 'void' => success ((<class 'pybindgen.typehandlers.voidtype.VoidReturn'>, None, <pybindgen.typehandlers.ctypeparser.TypeTraits object at 0xffffbc53cd60>))
DEBUG:pybindgen.typehandlers:TypeMatcher.lookup('void')
DEBUG:pybindgen.typehandlers:try to lookup type handler for 'void' => success ((<class 'pybindgen.typehandlers.voidtype.VoidReturn'>, None, <pybindgen.typehandlers.ctypeparser.TypeTraits object at 0xffffbc544370>))
DEBUG:pybindgen.typehandlers:TypeMatcher.lookup('ns3::ArpCache::Ipv4PayloadHeaderPair')
DEBUG:pybindgen.typehandlers:try to lookup type handler for 'ns3::ArpCache::Ipv4PayloadHeaderPair' => failure
'ns3::ArpCache::Ipv4PayloadHeaderPair' did not match
/root/workspace/netwokr/ns-allinone-3.33/ns-3.33/src/aodv/bindings/modulegen__gcc_LP64.py:5089: Warning: exception TypeLookupError(['ns3::ArpCache::Ipv4PayloadHeaderPair']) in wrapper public: retval? ???::DequeuePending (params?);
  cls.add_method('DequeuePending',
DEBUG:pybindgen.typehandlers:TypeMatcher.lookup('ns3::Ipv4Address')
DEBUG:pybindgen.typehandlers:try to lookup type handler for 'ns3::Ipv4Address' => success ((<class 'pybindgen.cppclass.CppClass.__init__.<locals>.ThisClassReturn'>, None, <pybindgen.typehandlers.ctypeparser.TypeTraits object at 0xffffbc544b20>))
DEBUG:pybindgen.typehandlers:TypeMatcher.lookup('ns3::Address')
DEBUG:pybindgen.typehandlers:try to lookup type handler for 'ns3::Address' => success ((<class 'pybindgen.cppclass.CppClass.__init__.<locals>.ThisClassReturn'>, None, <pybindgen.typehandlers.ctypeparser.TypeTraits object at 0xffffbc5490d0>))
DEBUG:pybindgen.typehandlers:TypeMatcher.lookup('uint32_t')
DEBUG:pybindgen.typehandlers:try to lookup type handler for 'uint32_t' => success ((<class 'pybindgen.typehandlers.inttype.UnsignedIntReturn'>, None, <pybindgen.typehandlers.ctypeparser.TypeTraits object at 0xffffbc549610>))
DEBUG:pybindgen.typehandlers:TypeMatcher.lookup('void')
DEBUG:pybindgen.typehandlers:try to lookup type handler for 'void' => success ((<class 'pybindgen.typehandlers.voidtype.VoidReturn'>, None, <pybindgen.typehandlers.ctypeparser.TypeTraits object at 0xffffbc549b20>))
DEBUG:pybindgen.typehandlers:TypeMatcher.lookup('bool')
DEBUG:pybindgen.typehandlers:try to lookup type handler for 'bool' => success ((<class 'pybindgen.typehandlers.booltype.BoolReturn'>, None, <pybindgen.typehandlers.ctypeparser.TypeTraits object at 0xffffbc53cb20>))
DEBUG:pybindgen.typehandlers:TypeMatcher.lookup('bool')
DEBUG:pybindgen.typehandlers:try to lookup type handler for 'bool' => success ((<class 'pybindgen.typehandlers.booltype.BoolReturn'>, None, <pybindgen.typehandlers.ctypeparser.TypeTraits object at 0xffffbc54c1f0>))
DEBUG:pybindgen.typehandlers:TypeMatcher.lookup('bool')
DEBUG:pybindgen.typehandlers:try to lookup type handler for 'bool' => success ((<class 'pybindgen.typehandlers.booltype.BoolReturn'>, None, <pybindgen.typehandlers.ctypeparser.TypeTraits object at 0xffffbc54c790>))
DEBUG:pybindgen.typehandlers:TypeMatcher.lookup('bool')
DEBUG:pybindgen.typehandlers:try to lookup type handler for 'bool' => success ((<class 'pybindgen.typehandlers.booltype.BoolReturn'>, None, <pybindgen.typehandlers.ctypeparser.TypeTraits object at 0xffffbc54cca0>))
DEBUG:pybindgen.typehandlers:TypeMatcher.lookup('bool')
DEBUG:pybindgen.typehandlers:try to lookup type handler for 'bool' => success ((<class 'pybindgen.typehandlers.booltype.BoolReturn'>, None, <pybindgen.typehandlers.ctypeparser.TypeTraits object at 0xffffbc4d0280>))
DEBUG:pybindgen.typehandlers:TypeMatcher.lookup('void')
DEBUG:pybindgen.typehandlers:try to lookup type handler for 'void' => success ((<class 'pybindgen.typehandlers.voidtype.VoidReturn'>, None, <pybindgen.typehandlers.ctypeparser.TypeTraits object at 0xffffbc4d07f0>))
DEBUG:pybindgen.typehandlers:TypeMatcher.lookup('ns3::Address')
DEBUG:pybindgen.typehandlers:try to lookup type handler for 'ns3::Address' => success ((<class 'pybindgen.cppclass.CppClass.__init__.<locals>.ThisClassParameter'>, None, <pybindgen.typehandlers.ctypeparser.TypeTraits object at 0xffffbc4d0a00>))
DEBUG:pybindgen.typehandlers:TypeMatcher.lookup('void')
DEBUG:pybindgen.typehandlers:try to lookup type handler for 'void' => success ((<class 'pybindgen.typehandlers.voidtype.VoidReturn'>, None, <pybindgen.typehandlers.ctypeparser.TypeTraits object at 0xffffbc4d0f10>))
DEBUG:pybindgen.typehandlers:TypeMatcher.lookup('void')
DEBUG:pybindgen.typehandlers:try to lookup type handler for 'void' => success ((<class 'pybindgen.typehandlers.voidtype.VoidReturn'>, None, <pybindgen.typehandlers.ctypeparser.TypeTraits object at 0xffffbc4d64c0>))
DEBUG:pybindgen.typehandlers:TypeMatcher.lookup('void')
DEBUG:pybindgen.typehandlers:try to lookup type handler for 'void' => success ((<class 'pybindgen.typehandlers.voidtype.VoidReturn'>, None, <pybindgen.typehandlers.ctypeparser.TypeTraits object at 0xffffbc4d6a30>))
DEBUG:pybindgen.typehandlers:TypeMatcher.lookup('std::pair< ns3::Ptr< ns3::Packet >, ns3::Ipv4Header >')
DEBUG:pybindgen.typehandlers:try to lookup type handler for 'std::pair< ns3::Ptr< ns3::Packet >, ns3::Ipv4Header >' => failure
'std::pair< ns3::Ptr< ns3::Packet >, ns3::Ipv4Header >' did not match
/root/workspace/netwokr/ns-allinone-3.33/ns-3.33/src/aodv/bindings/modulegen__gcc_LP64.py:5145: Warning: exception TypeLookupError(['std::pair< ns3::Ptr< ns3::Packet >, ns3::Ipv4Header >']) in wrapper public: retval? ???::MarkWaitReply (params?);
  cls.add_method('MarkWaitReply',
DEBUG:pybindgen.typehandlers:TypeMatcher.lookup('void')
DEBUG:pybindgen.typehandlers:try to lookup type handler for 'void' => success ((<class 'pybindgen.typehandlers.voidtype.VoidReturn'>, None, <pybindgen.typehandlers.ctypeparser.TypeTraits object at 0xffffbc4da280>))
DEBUG:pybindgen.typehandlers:TypeMatcher.lookup('ns3::Ipv4Address')
DEBUG:pybindgen.typehandlers:try to lookup type handler for 'ns3::Ipv4Address' => success ((<class 'pybindgen.cppclass.CppClass.__init__.<locals>.ThisClassParameter'>, None, <pybindgen.typehandlers.ctypeparser.TypeTraits object at 0xffffbc4da460>))
DEBUG:pybindgen.typehandlers:TypeMatcher.lookup('void')
DEBUG:pybindgen.typehandlers:try to lookup type handler for 'void' => success ((<class 'pybindgen.typehandlers.voidtype.VoidReturn'>, None, <pybindgen.typehandlers.ctypeparser.TypeTraits object at 0xffffbc4d6a00>))
DEBUG:pybindgen.typehandlers:TypeMatcher.lookup('ns3::Address')
DEBUG:pybindgen.typehandlers:try to lookup type handler for 'ns3::Address' => success ((<class 'pybindgen.cppclass.CppClass.__init__.<locals>.ThisClassParameter'>, None, <pybindgen.typehandlers.ctypeparser.TypeTraits object at 0xffffbc4d6e20>))
DEBUG:pybindgen.typehandlers:TypeMatcher.lookup('void')
DEBUG:pybindgen.typehandlers:try to lookup type handler for 'void' => success ((<class 'pybindgen.typehandlers.voidtype.VoidReturn'>, None, <pybindgen.typehandlers.ctypeparser.TypeTraits object at 0xffffbc4da100>))
DEBUG:pybindgen.typehandlers:TypeMatcher.lookup('bool')
DEBUG:pybindgen.typehandlers:try to lookup type handler for 'bool' => success ((<class 'pybindgen.typehandlers.booltype.BoolReturn'>, None, <pybindgen.typehandlers.ctypeparser.TypeTraits object at 0xffffbc4dae20>))
DEBUG:pybindgen.typehandlers:TypeMatcher.lookup('std::pair< ns3::Ptr< ns3::Packet >, ns3::Ipv4Header >')
DEBUG:pybindgen.typehandlers:try to lookup type handler for 'std::pair< ns3::Ptr< ns3::Packet >, ns3::Ipv4Header >' => failure
'std::pair< ns3::Ptr< ns3::Packet >, ns3::Ipv4Header >' did not match
/root/workspace/netwokr/ns-allinone-3.33/ns-3.33/src/aodv/bindings/modulegen__gcc_LP64.py:5161: Warning: exception TypeLookupError(['std::pair< ns3::Ptr< ns3::Packet >, ns3::Ipv4Header >']) in wrapper public: retval? ???::UpdateWaitReply (params?);
  cls.add_method('UpdateWaitReply',
DEBUG:pybindgen.typehandlers:TypeMatcher.lookup('ns3::AttributeAccessor const &')
DEBUG:pybindgen.typehandlers:try to lookup type handler for 'ns3::AttributeAccessor const &' => success ((<class 'pybindgen.cppclass.CppClass.__init__.<locals>.ThisClassRefParameter'>, None, <pybindgen.typehandlers.ctypeparser.TypeTraits object at 0xffffbc4df6a0>))
DEBUG:pybindgen.typehandlers:TypeMatcher.lookup('bool')
DEBUG:pybindgen.typehandlers:try to lookup type handler for 'bool' => success ((<class 'pybindgen.typehandlers.booltype.BoolReturn'>, None, <pybindgen.typehandlers.ctypeparser.TypeTraits object at 0xffffbc4dffa0>))
DEBUG:pybindgen.typehandlers:TypeMatcher.lookup('ns3::ObjectBase const *')
DEBUG:pybindgen.typehandlers:try to lookup type handler for 'ns3::ObjectBase const *' => success ((<class 'pybindgen.cppclass.CppClass.__init__.<locals>.ThisClassPtrParameter'>, None, <pybindgen.typehandlers.ctypeparser.TypeTraits object at 0xffffbc4e31f0>))
DEBUG:pybindgen.typehandlers:TypeMatcher.lookup('ns3::AttributeValue &')
DEBUG:pybindgen.typehandlers:try to lookup type handler for 'ns3::AttributeValue &' => success ((<class 'pybindgen.cppclass.CppClass.__init__.<locals>.ThisClassRefParameter'>, None, <pybindgen.typehandlers.ctypeparser.TypeTraits object at 0xffffbc4e3430>))
DEBUG:pybindgen.typehandlers:TypeMatcher.lookup('bool')
DEBUG:pybindgen.typehandlers:try to lookup type handler for 'bool' => success ((<class 'pybindgen.typehandlers.booltype.BoolReturn'>, None, <pybindgen.typehandlers.ctypeparser.TypeTraits object at 0xffffbc4e3a30>))
DEBUG:pybindgen.typehandlers:TypeMatcher.lookup('bool')
DEBUG:pybindgen.typehandlers:try to lookup type handler for 'bool' => success ((<class 'pybindgen.typehandlers.booltype.BoolReturn'>, None, <pybindgen.typehandlers.ctypeparser.TypeTraits object at 0xffffbc4e3fa0>))
DEBUG:pybindgen.typehandlers:TypeMatcher.lookup('bool')
DEBUG:pybindgen.typehandlers:try to lookup type handler for 'bool' => success ((<class 'pybindgen.typehandlers.booltype.BoolReturn'>, None, <pybindgen.typehandlers.ctypeparser.TypeTraits object at 0xffffbc4e9550>))
DEBUG:pybindgen.typehandlers:TypeMatcher.lookup('ns3::ObjectBase *')
DEBUG:pybindgen.typehandlers:try to lookup type handler for 'ns3::ObjectBase *' => success ((<class 'pybindgen.cppclass.CppClass.__init__.<locals>.ThisClassPtrParameter'>, None, <pybindgen.typehandlers.ctypeparser.TypeTraits object at 0xffffbc4e9760>))
DEBUG:pybindgen.typehandlers:TypeMatcher.lookup('ns3::AttributeValue const &')
DEBUG:pybindgen.typehandlers:try to lookup type handler for 'ns3::AttributeValue const &' => success ((<class 'pybindgen.cppclass.CppClass.__init__.<locals>.ThisClassRefParameter'>, None, <pybindgen.typehandlers.ctypeparser.TypeTraits object at 0xffffbc4e9940>))
DEBUG:pybindgen.typehandlers:TypeMatcher.lookup('ns3::AttributeChecker const &')
DEBUG:pybindgen.typehandlers:try to lookup type handler for 'ns3::AttributeChecker const &' => success ((<class 'pybindgen.cppclass.CppClass.__init__.<locals>.ThisClassRefParameter'>, None, <pybindgen.typehandlers.ctypeparser.TypeTraits object at 0xffffbc4e9fd0>))
DEBUG:pybindgen.typehandlers:TypeMatcher.lookup('bool')
DEBUG:pybindgen.typehandlers:try to lookup type handler for 'bool' => success ((<class 'pybindgen.typehandlers.booltype.BoolReturn'>, None, <pybindgen.typehandlers.ctypeparser.TypeTraits object at 0xffffbc4dae50>))
DEBUG:pybindgen.typehandlers:TypeMatcher.lookup('ns3::AttributeValue const &')
DEBUG:pybindgen.typehandlers:try to lookup type handler for 'ns3::AttributeValue const &' => success ((<class 'pybindgen.cppclass.CppClass.__init__.<locals>.ThisClassRefParameter'>, None, <pybindgen.typehandlers.ctypeparser.TypeTraits object at 0xffffbc4ed370>))
DEBUG:pybindgen.typehandlers:TypeMatcher.lookup('bool')
DEBUG:pybindgen.typehandlers:try to lookup type handler for 'bool' => success ((<class 'pybindgen.typehandlers.booltype.BoolReturn'>, None, <pybindgen.typehandlers.ctypeparser.TypeTraits object at 0xffffbc4ed970>))
DEBUG:pybindgen.typehandlers:TypeMatcher.lookup('ns3::AttributeValue const &')
DEBUG:pybindgen.typehandlers:try to lookup type handler for 'ns3::AttributeValue const &' => success ((<class 'pybindgen.cppclass.CppClass.__init__.<locals>.ThisClassRefParameter'>, None, <pybindgen.typehandlers.ctypeparser.TypeTraits object at 0xffffbc4edb80>))
DEBUG:pybindgen.typehandlers:TypeMatcher.lookup('ns3::AttributeValue &')
DEBUG:pybindgen.typehandlers:try to lookup type handler for 'ns3::AttributeValue &' => success ((<class 'pybindgen.cppclass.CppClass.__init__.<locals>.ThisClassRefParameter'>, None, <pybindgen.typehandlers.ctypeparser.TypeTraits object at 0xffffbc4eddc0>))
DEBUG:pybindgen.typehandlers:TypeMatcher.lookup('ns3::Ptr< ns3::AttributeValue >')
DEBUG:pybindgen.typehandlers:try to lookup type handler for 'ns3::Ptr< ns3::AttributeValue >' => failure
DEBUG:pybindgen.typehandlers:try to lookup type handler for 'ns3::AttributeValue *' => success ((<class 'pybindgen.cppclass.MemoryPolicy.register_ptr_parameter_and_return.<locals>.ThisClassPtrReturn'>, <ns3modulegen_core_customizations.SmartPointerTransformation object at 0xffffbcfe0d90>, <pybindgen.typehandlers.ctypeparser.TypeTraits object at 0xffffbc4f06a0>))
DEBUG:pybindgen.typehandlers:TypeMatcher.lookup('ns3::Ptr< ns3::AttributeValue >')
DEBUG:pybindgen.typehandlers:try to lookup type handler for 'ns3::Ptr< ns3::AttributeValue >' => failure
DEBUG:pybindgen.typehandlers:try to lookup type handler for 'ns3::AttributeValue *' => success ((<class 'pybindgen.cppclass.MemoryPolicy.register_ptr_parameter_and_return.<locals>.ThisClassPtrReturn'>, <ns3modulegen_core_customizations.SmartPointerTransformation object at 0xffffbcfe0d90>, <pybindgen.typehandlers.ctypeparser.TypeTraits object at 0xffffbc4f0d30>))
DEBUG:pybindgen.typehandlers:TypeMatcher.lookup('ns3::AttributeValue const &')
DEBUG:pybindgen.typehandlers:try to lookup type handler for 'ns3::AttributeValue const &' => success ((<class 'pybindgen.cppclass.CppClass.__init__.<locals>.ThisClassRefParameter'>, None, <pybindgen.typehandlers.ctypeparser.TypeTraits object at 0xffffbc4f0f10>))
DEBUG:pybindgen.typehandlers:TypeMatcher.lookup('std::string')
DEBUG:pybindgen.typehandlers:try to lookup type handler for 'std::string' => success ((<class 'pybindgen.typehandlers.stringtype.StdStringReturn'>, None, <pybindgen.typehandlers.ctypeparser.TypeTraits object at 0xffffbc4f5370>))
DEBUG:pybindgen.typehandlers:TypeMatcher.lookup('std::string')
DEBUG:pybindgen.typehandlers:try to lookup type handler for 'std::string' => success ((<class 'pybindgen.typehandlers.stringtype.StdStringReturn'>, None, <pybindgen.typehandlers.ctypeparser.TypeTraits object at 0xffffbc4f5910>))
DEBUG:pybindgen.typehandlers:TypeMatcher.lookup('bool')
DEBUG:pybindgen.typehandlers:try to lookup type handler for 'bool' => success ((<class 'pybindgen.typehandlers.booltype.BoolReturn'>, None, <pybindgen.typehandlers.ctypeparser.TypeTraits object at 0xffffbc4f5e80>))
DEBUG:pybindgen.typehandlers:TypeMatcher.lookup('ns3::AttributeValue const &')
DEBUG:pybindgen.typehandlers:try to lookup type handler for 'ns3::AttributeValue const &' => success ((<class 'pybindgen.cppclass.CppClass.__init__.<locals>.ThisClassRefParameter'>, None, <pybindgen.typehandlers.ctypeparser.TypeTraits object at 0xffffbc4fa460>))
DEBUG:pybindgen.typehandlers:TypeMatcher.lookup('ns3::Ptr< ns3::AttributeValue >')
DEBUG:pybindgen.typehandlers:try to lookup type handler for 'ns3::Ptr< ns3::AttributeValue >' => failure
DEBUG:pybindgen.typehandlers:try to lookup type handler for 'ns3::AttributeValue *' => success ((<class 'pybindgen.cppclass.MemoryPolicy.register_ptr_parameter_and_return.<locals>.ThisClassPtrReturn'>, <ns3modulegen_core_customizations.SmartPointerTransformation object at 0xffffbcfe0d90>, <pybindgen.typehandlers.ctypeparser.TypeTraits object at 0xffffbc4fd070>))
DEBUG:pybindgen.typehandlers:TypeMatcher.lookup('bool')
DEBUG:pybindgen.typehandlers:try to lookup type handler for 'bool' => success ((<class 'pybindgen.typehandlers.booltype.BoolReturn'>, None, <pybindgen.typehandlers.ctypeparser.TypeTraits object at 0xffffbc4fd460>))
DEBUG:pybindgen.typehandlers:TypeMatcher.lookup('std::string')
DEBUG:pybindgen.typehandlers:try to lookup type handler for 'std::string' => success ((<class 'pybindgen.typehandlers.stringtype.StdStringParam'>, None, <pybindgen.typehandlers.ctypeparser.TypeTraits object at 0xffffbc4fd670>))
DEBUG:pybindgen.typehandlers:TypeMatcher.lookup('ns3::Ptr< ns3::AttributeChecker const >')
DEBUG:pybindgen.typehandlers:try to lookup type handler for 'ns3::Ptr< ns3::AttributeChecker const >' => failure
DEBUG:pybindgen.typehandlers:try to lookup type handler for 'ns3::AttributeChecker *' => success ((<class 'pybindgen.cppclass.MemoryPolicy.register_ptr_parameter_and_return.<locals>.ThisClassPtrParameter'>, <ns3modulegen_core_customizations.SmartPointerTransformation object at 0xffffbcfe0d90>, <pybindgen.typehandlers.ctypeparser.TypeTraits object at 0xffffbc4fdaf0>))
DEBUG:pybindgen.typehandlers:TypeMatcher.lookup('std::string')
DEBUG:pybindgen.typehandlers:try to lookup type handler for 'std::string' => success ((<class 'pybindgen.typehandlers.stringtype.StdStringReturn'>, None, <pybindgen.typehandlers.ctypeparser.TypeTraits object at 0xffffbc4fde50>))
DEBUG:pybindgen.typehandlers:TypeMatcher.lookup('ns3::Ptr< ns3::AttributeChecker const >')
DEBUG:pybindgen.typehandlers:try to lookup type handler for 'ns3::Ptr< ns3::AttributeChecker const >' => failure
DEBUG:pybindgen.typehandlers:try to lookup type handler for 'ns3::AttributeChecker *' => success ((<class 'pybindgen.cppclass.MemoryPolicy.register_ptr_parameter_and_return.<locals>.ThisClassPtrParameter'>, <ns3modulegen_core_customizations.SmartPointerTransformation object at 0xffffbcfe0d90>, <pybindgen.typehandlers.ctypeparser.TypeTraits object at 0xffffbc5023a0>))
DEBUG:pybindgen.typehandlers:TypeMatcher.lookup('ns3::CallbackChecker const &')
DEBUG:pybindgen.typehandlers:try to lookup type handler for 'ns3::CallbackChecker const &' => success ((<class 'pybindgen.cppclass.CppClass.__init__.<locals>.ThisClassRefParameter'>, None, <pybindgen.typehandlers.ctypeparser.TypeTraits object at 0xffffbc502af0>))
DEBUG:pybindgen.typehandlers:TypeMatcher.lookup('ns3::CallbackImplBase const &')
DEBUG:pybindgen.typehandlers:try to lookup type handler for 'ns3::CallbackImplBase const &' => success ((<class 'pybindgen.cppclass.CppClass.__init__.<locals>.ThisClassRefParameter'>, None, <pybindgen.typehandlers.ctypeparser.TypeTraits object at 0xffffbc506490>))
DEBUG:pybindgen.typehandlers:TypeMatcher.lookup('std::string')
DEBUG:pybindgen.typehandlers:try to lookup type handler for 'std::string' => success ((<class 'pybindgen.typehandlers.stringtype.StdStringReturn'>, None, <pybindgen.typehandlers.ctypeparser.TypeTraits object at 0xffffbc506a60>))
DEBUG:pybindgen.typehandlers:TypeMatcher.lookup('bool')
DEBUG:pybindgen.typehandlers:try to lookup type handler for 'bool' => success ((<class 'pybindgen.typehandlers.booltype.BoolReturn'>, None, <pybindgen.typehandlers.ctypeparser.TypeTraits object at 0xffffbc506fd0>))
DEBUG:pybindgen.typehandlers:TypeMatcher.lookup('ns3::Ptr< ns3::CallbackImplBase const >')
DEBUG:pybindgen.typehandlers:try to lookup type handler for 'ns3::Ptr< ns3::CallbackImplBase const >' => failure
DEBUG:pybindgen.typehandlers:try to lookup type handler for 'ns3::CallbackImplBase *' => success ((<class 'pybindgen.cppclass.MemoryPolicy.register_ptr_parameter_and_return.<locals>.ThisClassPtrParameter'>, <ns3modulegen_core_customizations.SmartPointerTransformation object at 0xffffbcfe0d90>, <pybindgen.typehandlers.ctypeparser.TypeTraits object at 0xffffbc50b4f0>))
DEBUG:pybindgen.typehandlers:TypeMatcher.lookup('std::string')
DEBUG:pybindgen.typehandlers:try to lookup type handler for 'std::string' => success ((<class 'pybindgen.typehandlers.stringtype.StdStringReturn'>, None, <pybindgen.typehandlers.ctypeparser.TypeTraits object at 0xffffbc50b8e0>))
DEBUG:pybindgen.typehandlers:TypeMatcher.lookup('std::string const &')
DEBUG:pybindgen.typehandlers:try to lookup type handler for 'std::string const &' => success ((<class 'pybindgen.typehandlers.stringtype.StdStringRefParam'>, None, <pybindgen.typehandlers.ctypeparser.TypeTraits object at 0xffffbc50baf0>))
DEBUG:pybindgen.typehandlers:TypeMatcher.lookup('std::string')
DEBUG:pybindgen.typehandlers:try to lookup type handler for 'std::string' => success ((<class 'pybindgen.typehandlers.stringtype.StdStringReturn'>, None, <pybindgen.typehandlers.ctypeparser.TypeTraits object at 0xffffbc50bf40>))
DEBUG:pybindgen.typehandlers:TypeMatcher.lookup('std::string')
DEBUG:pybindgen.typehandlers:try to lookup type handler for 'std::string' => success ((<class 'pybindgen.typehandlers.stringtype.StdStringReturn'>, None, <pybindgen.typehandlers.ctypeparser.TypeTraits object at 0xffffbc50bc70>))
DEBUG:pybindgen.typehandlers:TypeMatcher.lookup('std::string')
DEBUG:pybindgen.typehandlers:try to lookup type handler for 'std::string' => success ((<class 'pybindgen.typehandlers.stringtype.StdStringReturn'>, None, <pybindgen.typehandlers.ctypeparser.TypeTraits object at 0xffffbc50bfd0>))
DEBUG:pybindgen.typehandlers:TypeMatcher.lookup('std::string')
DEBUG:pybindgen.typehandlers:try to lookup type handler for 'std::string' => success ((<class 'pybindgen.typehandlers.stringtype.StdStringReturn'>, None, <pybindgen.typehandlers.ctypeparser.TypeTraits object at 0xffffbc50bc40>))
DEBUG:pybindgen.typehandlers:TypeMatcher.lookup('std::string')
DEBUG:pybindgen.typehandlers:try to lookup type handler for 'std::string' => success ((<class 'pybindgen.typehandlers.stringtype.StdStringReturn'>, None, <pybindgen.typehandlers.ctypeparser.TypeTraits object at 0xffffbc50bd30>))
DEBUG:pybindgen.typehandlers:TypeMatcher.lookup('std::string')
DEBUG:pybindgen.typehandlers:try to lookup type handler for 'std::string' => success ((<class 'pybindgen.typehandlers.stringtype.StdStringReturn'>, None, <pybindgen.typehandlers.ctypeparser.TypeTraits object at 0xffffbc50bbb0>))
DEBUG:pybindgen.typehandlers:TypeMatcher.lookup('std::string')
DEBUG:pybindgen.typehandlers:try to lookup type handler for 'std::string' => success ((<class 'pybindgen.typehandlers.stringtype.StdStringReturn'>, None, <pybindgen.typehandlers.ctypeparser.TypeTraits object at 0xffffbc50be20>))
DEBUG:pybindgen.typehandlers:TypeMatcher.lookup('std::string')
DEBUG:pybindgen.typehandlers:try to lookup type handler for 'std::string' => success ((<class 'pybindgen.typehandlers.stringtype.StdStringReturn'>, None, <pybindgen.typehandlers.ctypeparser.TypeTraits object at 0xffffbc50bf70>))
DEBUG:pybindgen.typehandlers:TypeMatcher.lookup('std::string')
DEBUG:pybindgen.typehandlers:try to lookup type handler for 'std::string' => success ((<class 'pybindgen.typehandlers.stringtype.StdStringReturn'>, None, <pybindgen.typehandlers.ctypeparser.TypeTraits object at 0xffffbc50bcd0>))
DEBUG:pybindgen.typehandlers:TypeMatcher.lookup('std::string')
DEBUG:pybindgen.typehandlers:try to lookup type handler for 'std::string' => success ((<class 'pybindgen.typehandlers.stringtype.StdStringReturn'>, None, <pybindgen.typehandlers.ctypeparser.TypeTraits object at 0xffffbc50be80>))
DEBUG:pybindgen.typehandlers:TypeMatcher.lookup('std::string')
DEBUG:pybindgen.typehandlers:try to lookup type handler for 'std::string' => success ((<class 'pybindgen.typehandlers.stringtype.StdStringReturn'>, None, <pybindgen.typehandlers.ctypeparser.TypeTraits object at 0xffffbc50bb20>))
DEBUG:pybindgen.typehandlers:TypeMatcher.lookup('std::string')
DEBUG:pybindgen.typehandlers:try to lookup type handler for 'std::string' => success ((<class 'pybindgen.typehandlers.stringtype.StdStringReturn'>, None, <pybindgen.typehandlers.ctypeparser.TypeTraits object at 0xffffbc50be50>))
DEBUG:pybindgen.typehandlers:TypeMatcher.lookup('std::string')
DEBUG:pybindgen.typehandlers:try to lookup type handler for 'std::string' => success ((<class 'pybindgen.typehandlers.stringtype.StdStringReturn'>, None, <pybindgen.typehandlers.ctypeparser.TypeTraits object at 0xffffbc50bfa0>))
DEBUG:pybindgen.typehandlers:TypeMatcher.lookup('std::string')
DEBUG:pybindgen.typehandlers:try to lookup type handler for 'std::string' => success ((<class 'pybindgen.typehandlers.stringtype.StdStringReturn'>, None, <pybindgen.typehandlers.ctypeparser.TypeTraits object at 0xffffbc50bb50>))
DEBUG:pybindgen.typehandlers:TypeMatcher.lookup('std::string')
DEBUG:pybindgen.typehandlers:try to lookup type handler for 'std::string' => success ((<class 'pybindgen.typehandlers.stringtype.StdStringReturn'>, None, <pybindgen.typehandlers.ctypeparser.TypeTraits object at 0xffffbc50bee0>))
DEBUG:pybindgen.typehandlers:TypeMatcher.lookup('std::string')
DEBUG:pybindgen.typehandlers:try to lookup type handler for 'std::string' => success ((<class 'pybindgen.typehandlers.stringtype.StdStringReturn'>, None, <pybindgen.typehandlers.ctypeparser.TypeTraits object at 0xffffbc50bd90>))
DEBUG:pybindgen.typehandlers:TypeMatcher.lookup('ns3::CallbackValue const &')
DEBUG:pybindgen.typehandlers:try to lookup type handler for 'ns3::CallbackValue const &' => success ((<class 'pybindgen.cppclass.CppClass.__init__.<locals>.ThisClassRefParameter'>, None, <pybindgen.typehandlers.ctypeparser.TypeTraits object at 0xffffbc50be50>))
DEBUG:pybindgen.typehandlers:TypeMatcher.lookup('ns3::CallbackBase const &')
DEBUG:pybindgen.typehandlers:try to lookup type handler for 'ns3::CallbackBase const &' => success ((<class 'pybindgen.cppclass.CppClass.__init__.<locals>.ThisClassRefParameter'>, None, <pybindgen.typehandlers.ctypeparser.TypeTraits object at 0xffffbc490280>))
DEBUG:pybindgen.typehandlers:TypeMatcher.lookup('ns3::Ptr< ns3::AttributeValue >')
DEBUG:pybindgen.typehandlers:try to lookup type handler for 'ns3::Ptr< ns3::AttributeValue >' => failure
DEBUG:pybindgen.typehandlers:try to lookup type handler for 'ns3::AttributeValue *' => success ((<class 'pybindgen.cppclass.MemoryPolicy.register_ptr_parameter_and_return.<locals>.ThisClassPtrReturn'>, <ns3modulegen_core_customizations.SmartPointerTransformation object at 0xffffbcfe0d90>, <pybindgen.typehandlers.ctypeparser.TypeTraits object at 0xffffbc490b20>))
DEBUG:pybindgen.typehandlers:TypeMatcher.lookup('bool')
DEBUG:pybindgen.typehandlers:try to lookup type handler for 'bool' => success ((<class 'pybindgen.typehandlers.booltype.BoolReturn'>, None, <pybindgen.typehandlers.ctypeparser.TypeTraits object at 0xffffbc490ee0>))
DEBUG:pybindgen.typehandlers:TypeMatcher.lookup('std::string')
DEBUG:pybindgen.typehandlers:try to lookup type handler for 'std::string' => success ((<class 'pybindgen.typehandlers.stringtype.StdStringParam'>, None, <pybindgen.typehandlers.ctypeparser.TypeTraits object at 0xffffbc494130>))
DEBUG:pybindgen.typehandlers:TypeMatcher.lookup('ns3::Ptr< ns3::AttributeChecker const >')
DEBUG:pybindgen.typehandlers:try to lookup type handler for 'ns3::Ptr< ns3::AttributeChecker const >' => failure
DEBUG:pybindgen.typehandlers:try to lookup type handler for 'ns3::AttributeChecker *' => success ((<class 'pybindgen.cppclass.MemoryPolicy.register_ptr_parameter_and_return.<locals>.ThisClassPtrParameter'>, <ns3modulegen_core_customizations.SmartPointerTransformation object at 0xffffbcfe0d90>, <pybindgen.typehandlers.ctypeparser.TypeTraits object at 0xffffbc4945b0>))
DEBUG:pybindgen.typehandlers:TypeMatcher.lookup('std::string')
DEBUG:pybindgen.typehandlers:try to lookup type handler for 'std::string' => success ((<class 'pybindgen.typehandlers.stringtype.StdStringReturn'>, None, <pybindgen.typehandlers.ctypeparser.TypeTraits object at 0xffffbc494970>))
DEBUG:pybindgen.typehandlers:TypeMatcher.lookup('ns3::Ptr< ns3::AttributeChecker const >')
DEBUG:pybindgen.typehandlers:try to lookup type handler for 'ns3::Ptr< ns3::AttributeChecker const >' => failure
DEBUG:pybindgen.typehandlers:try to lookup type handler for 'ns3::AttributeChecker *' => success ((<class 'pybindgen.cppclass.MemoryPolicy.register_ptr_parameter_and_return.<locals>.ThisClassPtrParameter'>, <ns3modulegen_core_customizations.SmartPointerTransformation object at 0xffffbcfe0d90>, <pybindgen.typehandlers.ctypeparser.TypeTraits object at 0xffffbc494e50>))
DEBUG:pybindgen.typehandlers:TypeMatcher.lookup('void')
DEBUG:pybindgen.typehandlers:try to lookup type handler for 'void' => success ((<class 'pybindgen.typehandlers.voidtype.VoidReturn'>, None, <pybindgen.typehandlers.ctypeparser.TypeTraits object at 0xffffbc49a1f0>))
DEBUG:pybindgen.typehandlers:TypeMatcher.lookup('ns3::CallbackBase')
DEBUG:pybindgen.typehandlers:try to lookup type handler for 'ns3::CallbackBase' => success ((<class 'pybindgen.cppclass.CppClass.__init__.<locals>.ThisClassParameter'>, None, <pybindgen.typehandlers.ctypeparser.TypeTraits object at 0xffffbc49a430>))
DEBUG:pybindgen.typehandlers:TypeMatcher.lookup('ns3::TypeId')
DEBUG:pybindgen.typehandlers:try to lookup type handler for 'ns3::TypeId' => success ((<class 'pybindgen.cppclass.CppClass.__init__.<locals>.ThisClassReturn'>, None, <pybindgen.typehandlers.ctypeparser.TypeTraits object at 0xffffbc49a970>))
DEBUG:pybindgen.typehandlers:TypeMatcher.lookup('double')
DEBUG:pybindgen.typehandlers:try to lookup type handler for 'double' => success ((<class 'pybindgen.typehandlers.doubletype.DoubleReturn'>, None, <pybindgen.typehandlers.ctypeparser.TypeTraits object at 0xffffbc49e250>))
DEBUG:pybindgen.typehandlers:TypeMatcher.lookup('double')
DEBUG:pybindgen.typehandlers:try to lookup type handler for 'double' => success ((<class 'pybindgen.typehandlers.doubletype.DoubleReturn'>, None, <pybindgen.typehandlers.ctypeparser.TypeTraits object at 0xffffbc49e760>))
DEBUG:pybindgen.typehandlers:TypeMatcher.lookup('double')
DEBUG:pybindgen.typehandlers:try to lookup type handler for 'double' => success ((<class 'pybindgen.typehandlers.doubletype.DoubleParam'>, None, <pybindgen.typehandlers.ctypeparser.TypeTraits object at 0xffffbc49e9a0>))
DEBUG:pybindgen.typehandlers:TypeMatcher.lookup('uint32_t')
DEBUG:pybindgen.typehandlers:try to lookup type handler for 'uint32_t' => success ((<class 'pybindgen.typehandlers.inttype.UnsignedIntReturn'>, None, <pybindgen.typehandlers.ctypeparser.TypeTraits object at 0xffffbc49eeb0>))
DEBUG:pybindgen.typehandlers:TypeMatcher.lookup('uint32_t')
DEBUG:pybindgen.typehandlers:try to lookup type handler for 'uint32_t' => success ((<class 'pybindgen.typehandlers.inttype.UnsignedIntParam'>, None, <pybindgen.typehandlers.ctypeparser.TypeTraits object at 0xffffbc4a3100>))
DEBUG:pybindgen.typehandlers:TypeMatcher.lookup('double')
DEBUG:pybindgen.typehandlers:try to lookup type handler for 'double' => success ((<class 'pybindgen.typehandlers.doubletype.DoubleReturn'>, None, <pybindgen.typehandlers.ctypeparser.TypeTraits object at 0xffffbc4a3640>))
DEBUG:pybindgen.typehandlers:TypeMatcher.lookup('uint32_t')
DEBUG:pybindgen.typehandlers:try to lookup type handler for 'uint32_t' => success ((<class 'pybindgen.typehandlers.inttype.UnsignedIntReturn'>, None, <pybindgen.typehandlers.ctypeparser.TypeTraits object at 0xffffbc4a3e80>))
DEBUG:pybindgen.typehandlers:TypeMatcher.lookup('ns3::TypeId')
DEBUG:pybindgen.typehandlers:try to lookup type handler for 'ns3::TypeId' => success ((<class 'pybindgen.cppclass.CppClass.__init__.<locals>.ThisClassReturn'>, None, <pybindgen.typehandlers.ctypeparser.TypeTraits object at 0xffffbc4a66d0>))
DEBUG:pybindgen.typehandlers:TypeMatcher.lookup('void')
DEBUG:pybindgen.typehandlers:try to lookup type handler for 'void' => success ((<class 'pybindgen.typehandlers.voidtype.VoidReturn'>, None, <pybindgen.typehandlers.ctypeparser.TypeTraits object at 0xffffbc4a6f40>))
DEBUG:pybindgen.typehandlers:TypeMatcher.lookup('double *')
DEBUG:pybindgen.typehandlers:try to lookup type handler for 'double *' => success ((<class 'pybindgen.typehandlers.doubletype.DoublePtrParam'>, None, <pybindgen.typehandlers.ctypeparser.TypeTraits object at 0xffffbc4ad190>))
DEBUG:pybindgen.typehandlers:TypeMatcher.lookup('std::size_t')
DEBUG:pybindgen.typehandlers:try to lookup type handler for 'std::size_t' => success ((<class 'pybindgen.typehandlers.inttype.SizeTParam'>, None, <pybindgen.typehandlers.ctypeparser.TypeTraits object at 0xffffbc4ad370>))
DEBUG:pybindgen.typehandlers:TypeMatcher.lookup('double')
DEBUG:pybindgen.typehandlers:try to lookup type handler for 'double' => success ((<class 'pybindgen.typehandlers.doubletype.DoubleReturn'>, None, <pybindgen.typehandlers.ctypeparser.TypeTraits object at 0xffffbc4ad910>))
DEBUG:pybindgen.typehandlers:TypeMatcher.lookup('uint32_t')
DEBUG:pybindgen.typehandlers:try to lookup type handler for 'uint32_t' => success ((<class 'pybindgen.typehandlers.inttype.UnsignedIntReturn'>, None, <pybindgen.typehandlers.ctypeparser.TypeTraits object at 0xffffbc4b11c0>))
DEBUG:pybindgen.typehandlers:TypeMatcher.lookup('void')
DEBUG:pybindgen.typehandlers:try to lookup type handler for 'void' => success ((<class 'pybindgen.typehandlers.voidtype.VoidReturn'>, None, <pybindgen.typehandlers.ctypeparser.TypeTraits object at 0xffffbc4b1d30>))
DEBUG:pybindgen.typehandlers:TypeMatcher.lookup('double')
DEBUG:pybindgen.typehandlers:try to lookup type handler for 'double' => success ((<class 'pybindgen.typehandlers.doubletype.DoubleParam'>, None, <pybindgen.typehandlers.ctypeparser.TypeTraits object at 0xffffbc4b1f40>))
DEBUG:pybindgen.typehandlers:TypeMatcher.lookup('double')
DEBUG:pybindgen.typehandlers:try to lookup type handler for 'double' => success ((<class 'pybindgen.typehandlers.doubletype.DoubleParam'>, None, <pybindgen.typehandlers.ctypeparser.TypeTraits object at 0xffffbc4b60d0>))
DEBUG:pybindgen.typehandlers:TypeMatcher.lookup('uint32_t')
DEBUG:pybindgen.typehandlers:try to lookup type handler for 'uint32_t' => success ((<class 'pybindgen.typehandlers.inttype.UnsignedIntReturn'>, None, <pybindgen.typehandlers.ctypeparser.TypeTraits object at 0xffffbc4b6670>))
DEBUG:pybindgen.typehandlers:TypeMatcher.lookup('ns3::TypeId')
DEBUG:pybindgen.typehandlers:try to lookup type handler for 'ns3::TypeId' => success ((<class 'pybindgen.cppclass.CppClass.__init__.<locals>.ThisClassReturn'>, None, <pybindgen.typehandlers.ctypeparser.TypeTraits object at 0xffffbc4b6ee0>))
DEBUG:pybindgen.typehandlers:TypeMatcher.lookup('double')
DEBUG:pybindgen.typehandlers:try to lookup type handler for 'double' => success ((<class 'pybindgen.typehandlers.doubletype.DoubleReturn'>, None, <pybindgen.typehandlers.ctypeparser.TypeTraits object at 0xffffbc4bb460>))
DEBUG:pybindgen.typehandlers:TypeMatcher.lookup('double')
DEBUG:pybindgen.typehandlers:try to lookup type handler for 'double' => success ((<class 'pybindgen.typehandlers.doubletype.DoubleReturn'>, None, <pybindgen.typehandlers.ctypeparser.TypeTraits object at 0xffffbc4bbca0>))
DEBUG:pybindgen.typehandlers:TypeMatcher.lookup('bool')
DEBUG:pybindgen.typehandlers:try to lookup type handler for 'bool' => success ((<class 'pybindgen.typehandlers.booltype.BoolReturn'>, None, <pybindgen.typehandlers.ctypeparser.TypeTraits object at 0xffffbc4c04f0>))
DEBUG:pybindgen.typehandlers:TypeMatcher.lookup('bool')
DEBUG:pybindgen.typehandlers:try to lookup type handler for 'bool' => success ((<class 'pybindgen.typehandlers.booltype.BoolParam'>, None, <pybindgen.typehandlers.ctypeparser.TypeTraits object at 0xffffbc4c0700>))
DEBUG:pybindgen.typehandlers:TypeMatcher.lookup('ns3::EmptyAttributeAccessor const &')
DEBUG:pybindgen.typehandlers:try to lookup type handler for 'ns3::EmptyAttributeAccessor const &' => success ((<class 'pybindgen.cppclass.CppClass.__init__.<locals>.ThisClassRefParameter'>, None, <pybindgen.typehandlers.ctypeparser.TypeTraits object at 0xffffbc4c0c40>))
DEBUG:pybindgen.typehandlers:TypeMatcher.lookup('bool')
DEBUG:pybindgen.typehandlers:try to lookup type handler for 'bool' => success ((<class 'pybindgen.typehandlers.booltype.BoolReturn'>, None, <pybindgen.typehandlers.ctypeparser.TypeTraits object at 0xffffbc4c65e0>))
DEBUG:pybindgen.typehandlers:TypeMatcher.lookup('ns3::ObjectBase const *')
DEBUG:pybindgen.typehandlers:try to lookup type handler for 'ns3::ObjectBase const *' => success ((<class 'pybindgen.cppclass.CppClass.__init__.<locals>.ThisClassPtrParameter'>, None, <pybindgen.typehandlers.ctypeparser.TypeTraits object at 0xffffbc4c67f0>))
DEBUG:pybindgen.typehandlers:TypeMatcher.lookup('ns3::AttributeValue &')
DEBUG:pybindgen.typehandlers:try to lookup type handler for 'ns3::AttributeValue &' => success ((<class 'pybindgen.cppclass.CppClass.__init__.<locals>.ThisClassRefParameter'>, None, <pybindgen.typehandlers.ctypeparser.TypeTraits object at 0xffffbc4c6a30>))
DEBUG:pybindgen.typehandlers:TypeMatcher.lookup('bool')
DEBUG:pybindgen.typehandlers:try to lookup type handler for 'bool' => success ((<class 'pybindgen.typehandlers.booltype.BoolReturn'>, None, <pybindgen.typehandlers.ctypeparser.TypeTraits object at 0xffffbc4ca070>))
DEBUG:pybindgen.typehandlers:TypeMatcher.lookup('bool')
DEBUG:pybindgen.typehandlers:try to lookup type handler for 'bool' => success ((<class 'pybindgen.typehandlers.booltype.BoolReturn'>, None, <pybindgen.typehandlers.ctypeparser.TypeTraits object at 0xffffbc4ca5e0>))
DEBUG:pybindgen.typehandlers:TypeMatcher.lookup('bool')
DEBUG:pybindgen.typehandlers:try to lookup type handler for 'bool' => success ((<class 'pybindgen.typehandlers.booltype.BoolReturn'>, None, <pybindgen.typehandlers.ctypeparser.TypeTraits object at 0xffffbc4cab50>))
DEBUG:pybindgen.typehandlers:TypeMatcher.lookup('ns3::ObjectBase *')
DEBUG:pybindgen.typehandlers:try to lookup type handler for 'ns3::ObjectBase *' => success ((<class 'pybindgen.cppclass.CppClass.__init__.<locals>.ThisClassPtrParameter'>, None, <pybindgen.typehandlers.ctypeparser.TypeTraits object at 0xffffbc4cad60>))
/root/workspace/netwokr/ns-allinone-3.33/ns-3.33/src/aodv/bindings/modulegen__gcc_LP64.py:5505: Warning: exception TypeConfigurationError('Missing transfer_ownership option') in wrapper public: virtual retval? ???::Set (params?) const;
  cls.add_method('Set',
DEBUG:pybindgen.typehandlers:TypeMatcher.lookup('ns3::EmptyAttributeChecker const &')
DEBUG:pybindgen.typehandlers:try to lookup type handler for 'ns3::EmptyAttributeChecker const &' => success ((<class 'pybindgen.cppclass.CppClass.__init__.<locals>.ThisClassRefParameter'>, None, <pybindgen.typehandlers.ctypeparser.TypeTraits object at 0xffffbc4cd700>))
DEBUG:pybindgen.typehandlers:TypeMatcher.lookup('bool')
DEBUG:pybindgen.typehandlers:try to lookup type handler for 'bool' => success ((<class 'pybindgen.typehandlers.booltype.BoolReturn'>, None, <pybindgen.typehandlers.ctypeparser.TypeTraits object at 0xffffbc453400>))
DEBUG:pybindgen.typehandlers:TypeMatcher.lookup('ns3::AttributeValue const &')
DEBUG:pybindgen.typehandlers:try to lookup type handler for 'ns3::AttributeValue const &' => success ((<class 'pybindgen.cppclass.CppClass.__init__.<locals>.ThisClassRefParameter'>, None, <pybindgen.typehandlers.ctypeparser.TypeTraits object at 0xffffbc453610>))
DEBUG:pybindgen.typehandlers:TypeMatcher.lookup('bool')
DEBUG:pybindgen.typehandlers:try to lookup type handler for 'bool' => success ((<class 'pybindgen.typehandlers.booltype.BoolReturn'>, None, <pybindgen.typehandlers.ctypeparser.TypeTraits object at 0xffffbc4cae50>))
DEBUG:pybindgen.typehandlers:TypeMatcher.lookup('ns3::AttributeValue const &')
DEBUG:pybindgen.typehandlers:try to lookup type handler for 'ns3::AttributeValue const &' => success ((<class 'pybindgen.cppclass.CppClass.__init__.<locals>.ThisClassRefParameter'>, None, <pybindgen.typehandlers.ctypeparser.TypeTraits object at 0xffffbc4533a0>))
DEBUG:pybindgen.typehandlers:TypeMatcher.lookup('ns3::AttributeValue &')
DEBUG:pybindgen.typehandlers:try to lookup type handler for 'ns3::AttributeValue &' => success ((<class 'pybindgen.cppclass.CppClass.__init__.<locals>.ThisClassRefParameter'>, None, <pybindgen.typehandlers.ctypeparser.TypeTraits object at 0xffffbc453bb0>))
DEBUG:pybindgen.typehandlers:TypeMatcher.lookup('ns3::Ptr< ns3::AttributeValue >')
DEBUG:pybindgen.typehandlers:try to lookup type handler for 'ns3::Ptr< ns3::AttributeValue >' => failure
DEBUG:pybindgen.typehandlers:try to lookup type handler for 'ns3::AttributeValue *' => success ((<class 'pybindgen.cppclass.MemoryPolicy.register_ptr_parameter_and_return.<locals>.ThisClassPtrReturn'>, <ns3modulegen_core_customizations.SmartPointerTransformation object at 0xffffbcfe0d90>, <pybindgen.typehandlers.ctypeparser.TypeTraits object at 0xffffbc456490>))
DEBUG:pybindgen.typehandlers:TypeMatcher.lookup('std::string')
DEBUG:pybindgen.typehandlers:try to lookup type handler for 'std::string' => success ((<class 'pybindgen.typehandlers.stringtype.StdStringReturn'>, None, <pybindgen.typehandlers.ctypeparser.TypeTraits object at 0xffffbc456850>))
DEBUG:pybindgen.typehandlers:TypeMatcher.lookup('std::string')
DEBUG:pybindgen.typehandlers:try to lookup type handler for 'std::string' => success ((<class 'pybindgen.typehandlers.stringtype.StdStringReturn'>, None, <pybindgen.typehandlers.ctypeparser.TypeTraits object at 0xffffbc456dc0>))
DEBUG:pybindgen.typehandlers:TypeMatcher.lookup('bool')
DEBUG:pybindgen.typehandlers:try to lookup type handler for 'bool' => success ((<class 'pybindgen.typehandlers.booltype.BoolReturn'>, None, <pybindgen.typehandlers.ctypeparser.TypeTraits object at 0xffffbc45b370>))
DEBUG:pybindgen.typehandlers:TypeMatcher.lookup('ns3::EmptyAttributeValue const &')
DEBUG:pybindgen.typehandlers:try to lookup type handler for 'ns3::EmptyAttributeValue const &' => success ((<class 'pybindgen.cppclass.CppClass.__init__.<locals>.ThisClassRefParameter'>, None, <pybindgen.typehandlers.ctypeparser.TypeTraits object at 0xffffbc45b8e0>))
DEBUG:pybindgen.typehandlers:TypeMatcher.lookup('ns3::Ptr< ns3::AttributeValue >')
DEBUG:pybindgen.typehandlers:try to lookup type handler for 'ns3::Ptr< ns3::AttributeValue >' => failure
DEBUG:pybindgen.typehandlers:try to lookup type handler for 'ns3::AttributeValue *' => success ((<class 'pybindgen.cppclass.MemoryPolicy.register_ptr_parameter_and_return.<locals>.ThisClassPtrReturn'>, <ns3modulegen_core_customizations.SmartPointerTransformation object at 0xffffbcfe0d90>, <pybindgen.typehandlers.ctypeparser.TypeTraits object at 0xffffbc4604f0>))
DEBUG:pybindgen.typehandlers:TypeMatcher.lookup('bool')
DEBUG:pybindgen.typehandlers:try to lookup type handler for 'bool' => success ((<class 'pybindgen.typehandlers.booltype.BoolReturn'>, None, <pybindgen.typehandlers.ctypeparser.TypeTraits object at 0xffffbc4608b0>))
DEBUG:pybindgen.typehandlers:TypeMatcher.lookup('std::string')
DEBUG:pybindgen.typehandlers:try to lookup type handler for 'std::string' => success ((<class 'pybindgen.typehandlers.stringtype.StdStringParam'>, None, <pybindgen.typehandlers.ctypeparser.TypeTraits object at 0xffffbc460ac0>))
DEBUG:pybindgen.typehandlers:TypeMatcher.lookup('ns3::Ptr< ns3::AttributeChecker const >')
DEBUG:pybindgen.typehandlers:try to lookup type handler for 'ns3::Ptr< ns3::AttributeChecker const >' => failure
DEBUG:pybindgen.typehandlers:try to lookup type handler for 'ns3::AttributeChecker *' => success ((<class 'pybindgen.cppclass.MemoryPolicy.register_ptr_parameter_and_return.<locals>.ThisClassPtrParameter'>, <ns3modulegen_core_customizations.SmartPointerTransformation object at 0xffffbcfe0d90>, <pybindgen.typehandlers.ctypeparser.TypeTraits object at 0xffffbc460f40>))
DEBUG:pybindgen.typehandlers:TypeMatcher.lookup('std::string')
DEBUG:pybindgen.typehandlers:try to lookup type handler for 'std::string' => success ((<class 'pybindgen.typehandlers.stringtype.StdStringReturn'>, None, <pybindgen.typehandlers.ctypeparser.TypeTraits object at 0xffffbc465310>))
DEBUG:pybindgen.typehandlers:TypeMatcher.lookup('ns3::Ptr< ns3::AttributeChecker const >')
DEBUG:pybindgen.typehandlers:try to lookup type handler for 'ns3::Ptr< ns3::AttributeChecker const >' => failure
DEBUG:pybindgen.typehandlers:try to lookup type handler for 'ns3::AttributeChecker *' => success ((<class 'pybindgen.cppclass.MemoryPolicy.register_ptr_parameter_and_return.<locals>.ThisClassPtrParameter'>, <ns3modulegen_core_customizations.SmartPointerTransformation object at 0xffffbcfe0d90>, <pybindgen.typehandlers.ctypeparser.TypeTraits object at 0xffffbc4657c0>))
DEBUG:pybindgen.typehandlers:TypeMatcher.lookup('ns3::EnumChecker const &')
DEBUG:pybindgen.typehandlers:try to lookup type handler for 'ns3::EnumChecker const &' => success ((<class 'pybindgen.cppclass.CppClass.__init__.<locals>.ThisClassRefParameter'>, None, <pybindgen.typehandlers.ctypeparser.TypeTraits object at 0xffffbc465b80>))
DEBUG:pybindgen.typehandlers:TypeMatcher.lookup('void')
DEBUG:pybindgen.typehandlers:try to lookup type handler for 'void' => success ((<class 'pybindgen.typehandlers.voidtype.VoidReturn'>, None, <pybindgen.typehandlers.ctypeparser.TypeTraits object at 0xffffbc46a4f0>))
DEBUG:pybindgen.typehandlers:TypeMatcher.lookup('int')
DEBUG:pybindgen.typehandlers:try to lookup type handler for 'int' => success ((<class 'pybindgen.typehandlers.inttype.IntParam'>, None, <pybindgen.typehandlers.ctypeparser.TypeTraits object at 0xffffbc46a700>))
DEBUG:pybindgen.typehandlers:TypeMatcher.lookup('std::string')
DEBUG:pybindgen.typehandlers:try to lookup type handler for 'std::string' => success ((<class 'pybindgen.typehandlers.stringtype.StdStringParam'>, None, <pybindgen.typehandlers.ctypeparser.TypeTraits object at 0xffffbc46a850>))
DEBUG:pybindgen.typehandlers:TypeMatcher.lookup('void')
DEBUG:pybindgen.typehandlers:try to lookup type handler for 'void' => success ((<class 'pybindgen.typehandlers.voidtype.VoidReturn'>, None, <pybindgen.typehandlers.ctypeparser.TypeTraits object at 0xffffbc46adc0>))
DEBUG:pybindgen.typehandlers:TypeMatcher.lookup('int')
DEBUG:pybindgen.typehandlers:try to lookup type handler for 'int' => success ((<class 'pybindgen.typehandlers.inttype.IntParam'>, None, <pybindgen.typehandlers.ctypeparser.TypeTraits object at 0xffffbc46afd0>))
DEBUG:pybindgen.typehandlers:TypeMatcher.lookup('std::string')
DEBUG:pybindgen.typehandlers:try to lookup type handler for 'std::string' => success ((<class 'pybindgen.typehandlers.stringtype.StdStringParam'>, None, <pybindgen.typehandlers.ctypeparser.TypeTraits object at 0xffffbc46d160>))
DEBUG:pybindgen.typehandlers:TypeMatcher.lookup('bool')
DEBUG:pybindgen.typehandlers:try to lookup type handler for 'bool' => success ((<class 'pybindgen.typehandlers.booltype.BoolReturn'>, None, <pybindgen.typehandlers.ctypeparser.TypeTraits object at 0xffffbc46d700>))
DEBUG:pybindgen.typehandlers:TypeMatcher.lookup('ns3::AttributeValue const &')
DEBUG:pybindgen.typehandlers:try to lookup type handler for 'ns3::AttributeValue const &' => success ((<class 'pybindgen.cppclass.CppClass.__init__.<locals>.ThisClassRefParameter'>, None, <pybindgen.typehandlers.ctypeparser.TypeTraits object at 0xffffbc46d910>))
DEBUG:pybindgen.typehandlers:TypeMatcher.lookup('bool')
DEBUG:pybindgen.typehandlers:try to lookup type handler for 'bool' => success ((<class 'pybindgen.typehandlers.booltype.BoolReturn'>, None, <pybindgen.typehandlers.ctypeparser.TypeTraits object at 0xffffbc46df10>))
DEBUG:pybindgen.typehandlers:TypeMatcher.lookup('ns3::AttributeValue const &')
DEBUG:pybindgen.typehandlers:try to lookup type handler for 'ns3::AttributeValue const &' => success ((<class 'pybindgen.cppclass.CppClass.__init__.<locals>.ThisClassRefParameter'>, None, <pybindgen.typehandlers.ctypeparser.TypeTraits object at 0xffffbc472160>))
DEBUG:pybindgen.typehandlers:TypeMatcher.lookup('ns3::AttributeValue &')
DEBUG:pybindgen.typehandlers:try to lookup type handler for 'ns3::AttributeValue &' => success ((<class 'pybindgen.cppclass.CppClass.__init__.<locals>.ThisClassRefParameter'>, None, <pybindgen.typehandlers.ctypeparser.TypeTraits object at 0xffffbc4723a0>))
DEBUG:pybindgen.typehandlers:TypeMatcher.lookup('ns3::Ptr< ns3::AttributeValue >')
DEBUG:pybindgen.typehandlers:try to lookup type handler for 'ns3::Ptr< ns3::AttributeValue >' => failure
DEBUG:pybindgen.typehandlers:try to lookup type handler for 'ns3::AttributeValue *' => success ((<class 'pybindgen.cppclass.MemoryPolicy.register_ptr_parameter_and_return.<locals>.ThisClassPtrReturn'>, <ns3modulegen_core_customizations.SmartPointerTransformation object at 0xffffbcfe0d90>, <pybindgen.typehandlers.ctypeparser.TypeTraits object at 0xffffbc472c40>))
DEBUG:pybindgen.typehandlers:TypeMatcher.lookup('std::string')
DEBUG:pybindgen.typehandlers:try to lookup type handler for 'std::string' => success ((<class 'pybindgen.typehandlers.stringtype.StdStringReturn'>, None, <pybindgen.typehandlers.ctypeparser.TypeTraits object at 0xffffbc476100>))
DEBUG:pybindgen.typehandlers:TypeMatcher.lookup('int')
DEBUG:pybindgen.typehandlers:try to lookup type handler for 'int' => success ((<class 'pybindgen.typehandlers.inttype.IntParam'>, None, <pybindgen.typehandlers.ctypeparser.TypeTraits object at 0xffffbc476250>))
DEBUG:pybindgen.typehandlers:TypeMatcher.lookup('std::string')
DEBUG:pybindgen.typehandlers:try to lookup type handler for 'std::string' => success ((<class 'pybindgen.typehandlers.stringtype.StdStringReturn'>, None, <pybindgen.typehandlers.ctypeparser.TypeTraits object at 0xffffbc476760>))
DEBUG:pybindgen.typehandlers:TypeMatcher.lookup('int')
DEBUG:pybindgen.typehandlers:try to lookup type handler for 'int' => success ((<class 'pybindgen.typehandlers.inttype.IntReturn'>, None, <pybindgen.typehandlers.ctypeparser.TypeTraits object at 0xffffbc476cd0>))
DEBUG:pybindgen.typehandlers:TypeMatcher.lookup('std::string const')
DEBUG:pybindgen.typehandlers:try to lookup type handler for 'std::string const' => success ((<class 'pybindgen.typehandlers.stringtype.StdStringParam'>, None, <pybindgen.typehandlers.ctypeparser.TypeTraits object at 0xffffbc476ee0>))
DEBUG:pybindgen.typehandlers:TypeMatcher.lookup('std::string')
DEBUG:pybindgen.typehandlers:try to lookup type handler for 'std::string' => success ((<class 'pybindgen.typehandlers.stringtype.StdStringReturn'>, None, <pybindgen.typehandlers.ctypeparser.TypeTraits object at 0xffffbc47b490>))
DEBUG:pybindgen.typehandlers:TypeMatcher.lookup('bool')
DEBUG:pybindgen.typehandlers:try to lookup type handler for 'bool' => success ((<class 'pybindgen.typehandlers.booltype.BoolReturn'>, None, <pybindgen.typehandlers.ctypeparser.TypeTraits object at 0xffffbc47ba00>))
DEBUG:pybindgen.typehandlers:TypeMatcher.lookup('ns3::EnumValue const &')
DEBUG:pybindgen.typehandlers:try to lookup type handler for 'ns3::EnumValue const &' => success ((<class 'pybindgen.cppclass.CppClass.__init__.<locals>.ThisClassRefParameter'>, None, <pybindgen.typehandlers.ctypeparser.TypeTraits object at 0xffffbc47bf70>))
DEBUG:pybindgen.typehandlers:TypeMatcher.lookup('int')
DEBUG:pybindgen.typehandlers:try to lookup type handler for 'int' => success ((<class 'pybindgen.typehandlers.inttype.IntParam'>, None, <pybindgen.typehandlers.ctypeparser.TypeTraits object at 0xffffbc480910>))
DEBUG:pybindgen.typehandlers:TypeMatcher.lookup('ns3::Ptr< ns3::AttributeValue >')
DEBUG:pybindgen.typehandlers:try to lookup type handler for 'ns3::Ptr< ns3::AttributeValue >' => failure
DEBUG:pybindgen.typehandlers:try to lookup type handler for 'ns3::AttributeValue *' => success ((<class 'pybindgen.cppclass.MemoryPolicy.register_ptr_parameter_and_return.<locals>.ThisClassPtrReturn'>, <ns3modulegen_core_customizations.SmartPointerTransformation object at 0xffffbcfe0d90>, <pybindgen.typehandlers.ctypeparser.TypeTraits object at 0xffffbc483100>))
DEBUG:pybindgen.typehandlers:TypeMatcher.lookup('bool')
DEBUG:pybindgen.typehandlers:try to lookup type handler for 'bool' => success ((<class 'pybindgen.typehandlers.booltype.BoolReturn'>, None, <pybindgen.typehandlers.ctypeparser.TypeTraits object at 0xffffbc4834c0>))
DEBUG:pybindgen.typehandlers:TypeMatcher.lookup('std::string')
DEBUG:pybindgen.typehandlers:try to lookup type handler for 'std::string' => success ((<class 'pybindgen.typehandlers.stringtype.StdStringParam'>, None, <pybindgen.typehandlers.ctypeparser.TypeTraits object at 0xffffbc4836d0>))
DEBUG:pybindgen.typehandlers:TypeMatcher.lookup('ns3::Ptr< ns3::AttributeChecker const >')
DEBUG:pybindgen.typehandlers:try to lookup type handler for 'ns3::Ptr< ns3::AttributeChecker const >' => failure
DEBUG:pybindgen.typehandlers:try to lookup type handler for 'ns3::AttributeChecker *' => success ((<class 'pybindgen.cppclass.MemoryPolicy.register_ptr_parameter_and_return.<locals>.ThisClassPtrParameter'>, <ns3modulegen_core_customizations.SmartPointerTransformation object at 0xffffbcfe0d90>, <pybindgen.typehandlers.ctypeparser.TypeTraits object at 0xffffbc483b50>))
DEBUG:pybindgen.typehandlers:TypeMatcher.lookup('int')
DEBUG:pybindgen.typehandlers:try to lookup type handler for 'int' => success ((<class 'pybindgen.typehandlers.inttype.IntReturn'>, None, <pybindgen.typehandlers.ctypeparser.TypeTraits object at 0xffffbc483f10>))
DEBUG:pybindgen.typehandlers:TypeMatcher.lookup('std::string')
DEBUG:pybindgen.typehandlers:try to lookup type handler for 'std::string' => success ((<class 'pybindgen.typehandlers.stringtype.StdStringReturn'>, None, <pybindgen.typehandlers.ctypeparser.TypeTraits object at 0xffffbc4874c0>))
DEBUG:pybindgen.typehandlers:TypeMatcher.lookup('ns3::Ptr< ns3::AttributeChecker const >')
DEBUG:pybindgen.typehandlers:try to lookup type handler for 'ns3::Ptr< ns3::AttributeChecker const >' => failure
DEBUG:pybindgen.typehandlers:try to lookup type handler for 'ns3::AttributeChecker *' => success ((<class 'pybindgen.cppclass.MemoryPolicy.register_ptr_parameter_and_return.<locals>.ThisClassPtrParameter'>, <ns3modulegen_core_customizations.SmartPointerTransformation object at 0xffffbcfe0d90>, <pybindgen.typehandlers.ctypeparser.TypeTraits object at 0xffffbc4879a0>))
DEBUG:pybindgen.typehandlers:TypeMatcher.lookup('void')
DEBUG:pybindgen.typehandlers:try to lookup type handler for 'void' => success ((<class 'pybindgen.typehandlers.voidtype.VoidReturn'>, None, <pybindgen.typehandlers.ctypeparser.TypeTraits object at 0xffffbc487d00>))
DEBUG:pybindgen.typehandlers:TypeMatcher.lookup('int')
DEBUG:pybindgen.typehandlers:try to lookup type handler for 'int' => success ((<class 'pybindgen.typehandlers.inttype.IntParam'>, None, <pybindgen.typehandlers.ctypeparser.TypeTraits object at 0xffffbc487f40>))
DEBUG:pybindgen.typehandlers:TypeMatcher.lookup('ns3::TypeId')
DEBUG:pybindgen.typehandlers:try to lookup type handler for 'ns3::TypeId' => success ((<class 'pybindgen.cppclass.CppClass.__init__.<locals>.ThisClassReturn'>, None, <pybindgen.typehandlers.ctypeparser.TypeTraits object at 0xffffbc48c4c0>))
DEBUG:pybindgen.typehandlers:TypeMatcher.lookup('uint32_t')
DEBUG:pybindgen.typehandlers:try to lookup type handler for 'uint32_t' => success ((<class 'pybindgen.typehandlers.inttype.UnsignedIntReturn'>, None, <pybindgen.typehandlers.ctypeparser.TypeTraits object at 0xffffbc48cd60>))
DEBUG:pybindgen.typehandlers:TypeMatcher.lookup('double')
DEBUG:pybindgen.typehandlers:try to lookup type handler for 'double' => success ((<class 'pybindgen.typehandlers.doubletype.DoubleReturn'>, None, <pybindgen.typehandlers.ctypeparser.TypeTraits object at 0xffffbc48f310>))
DEBUG:pybindgen.typehandlers:TypeMatcher.lookup('double')
DEBUG:pybindgen.typehandlers:try to lookup type handler for 'double' => success ((<class 'pybindgen.typehandlers.doubletype.DoubleReturn'>, None, <pybindgen.typehandlers.ctypeparser.TypeTraits object at 0xffffbc48f820>))
DEBUG:pybindgen.typehandlers:TypeMatcher.lookup('uint32_t')
DEBUG:pybindgen.typehandlers:try to lookup type handler for 'uint32_t' => success ((<class 'pybindgen.typehandlers.inttype.UnsignedIntParam'>, None, <pybindgen.typehandlers.ctypeparser.TypeTraits object at 0xffffbc48fa60>))
DEBUG:pybindgen.typehandlers:TypeMatcher.lookup('double')
DEBUG:pybindgen.typehandlers:try to lookup type handler for 'double' => success ((<class 'pybindgen.typehandlers.doubletype.DoubleParam'>, None, <pybindgen.typehandlers.ctypeparser.TypeTraits object at 0xffffbc48fbb0>))
DEBUG:pybindgen.typehandlers:TypeMatcher.lookup('uint32_t')
DEBUG:pybindgen.typehandlers:try to lookup type handler for 'uint32_t' => success ((<class 'pybindgen.typehandlers.inttype.UnsignedIntReturn'>, None, <pybindgen.typehandlers.ctypeparser.TypeTraits object at 0xffffbc416160>))
DEBUG:pybindgen.typehandlers:TypeMatcher.lookup('uint32_t')
DEBUG:pybindgen.typehandlers:try to lookup type handler for 'uint32_t' => success ((<class 'pybindgen.typehandlers.inttype.UnsignedIntParam'>, None, <pybindgen.typehandlers.ctypeparser.TypeTraits object at 0xffffbc416370>))
DEBUG:pybindgen.typehandlers:TypeMatcher.lookup('uint32_t')
DEBUG:pybindgen.typehandlers:try to lookup type handler for 'uint32_t' => success ((<class 'pybindgen.typehandlers.inttype.UnsignedIntParam'>, None, <pybindgen.typehandlers.ctypeparser.TypeTraits object at 0xffffbc4164c0>))
DEBUG:pybindgen.typehandlers:TypeMatcher.lookup('double')
DEBUG:pybindgen.typehandlers:try to lookup type handler for 'double' => success ((<class 'pybindgen.typehandlers.doubletype.DoubleReturn'>, None, <pybindgen.typehandlers.ctypeparser.TypeTraits object at 0xffffbc416a60>))
DEBUG:pybindgen.typehandlers:TypeMatcher.lookup('uint32_t')
DEBUG:pybindgen.typehandlers:try to lookup type handler for 'uint32_t' => success ((<class 'pybindgen.typehandlers.inttype.UnsignedIntReturn'>, None, <pybindgen.typehandlers.ctypeparser.TypeTraits object at 0xffffbc41a2e0>))
DEBUG:pybindgen.typehandlers:TypeMatcher.lookup('ns3::EventImpl const &')
DEBUG:pybindgen.typehandlers:try to lookup type handler for 'ns3::EventImpl const &' => success ((<class 'pybindgen.cppclass.CppClass.__init__.<locals>.ThisClassRefParameter'>, None, <pybindgen.typehandlers.ctypeparser.TypeTraits object at 0xffffbc41aaf0>))
DEBUG:pybindgen.typehandlers:TypeMatcher.lookup('void')
DEBUG:pybindgen.typehandlers:try to lookup type handler for 'void' => success ((<class 'pybindgen.typehandlers.voidtype.VoidReturn'>, None, <pybindgen.typehandlers.ctypeparser.TypeTraits object at 0xffffbc41d460>))
DEBUG:pybindgen.typehandlers:TypeMatcher.lookup('void')
DEBUG:pybindgen.typehandlers:try to lookup type handler for 'void' => success ((<class 'pybindgen.typehandlers.voidtype.VoidReturn'>, None, <pybindgen.typehandlers.ctypeparser.TypeTraits object at 0xffffbc41d9d0>))
DEBUG:pybindgen.typehandlers:TypeMatcher.lookup('bool')
DEBUG:pybindgen.typehandlers:try to lookup type handler for 'bool' => success ((<class 'pybindgen.typehandlers.booltype.BoolReturn'>, None, <pybindgen.typehandlers.ctypeparser.TypeTraits object at 0xffffbc41df40>))
DEBUG:pybindgen.typehandlers:TypeMatcher.lookup('void')
DEBUG:pybindgen.typehandlers:try to lookup type handler for 'void' => success ((<class 'pybindgen.typehandlers.voidtype.VoidReturn'>, None, <pybindgen.typehandlers.ctypeparser.TypeTraits object at 0xffffbc4244f0>))
DEBUG:pybindgen.typehandlers:TypeMatcher.lookup('ns3::TypeId')
DEBUG:pybindgen.typehandlers:try to lookup type handler for 'ns3::TypeId' => success ((<class 'pybindgen.cppclass.CppClass.__init__.<locals>.ThisClassReturn'>, None, <pybindgen.typehandlers.ctypeparser.TypeTraits object at 0xffffbc424a60>))
DEBUG:pybindgen.typehandlers:TypeMatcher.lookup('double')
DEBUG:pybindgen.typehandlers:try to lookup type handler for 'double' => success ((<class 'pybindgen.typehandlers.doubletype.DoubleReturn'>, None, <pybindgen.typehandlers.ctypeparser.TypeTraits object at 0xffffbc429340>))
DEBUG:pybindgen.typehandlers:TypeMatcher.lookup('double')
DEBUG:pybindgen.typehandlers:try to lookup type handler for 'double' => success ((<class 'pybindgen.typehandlers.doubletype.DoubleReturn'>, None, <pybindgen.typehandlers.ctypeparser.TypeTraits object at 0xffffbc4298b0>))
DEBUG:pybindgen.typehandlers:TypeMatcher.lookup('double')
DEBUG:pybindgen.typehandlers:try to lookup type handler for 'double' => success ((<class 'pybindgen.typehandlers.doubletype.DoubleReturn'>, None, <pybindgen.typehandlers.ctypeparser.TypeTraits object at 0xffffbc429dc0>))
DEBUG:pybindgen.typehandlers:TypeMatcher.lookup('double')
DEBUG:pybindgen.typehandlers:try to lookup type handler for 'double' => success ((<class 'pybindgen.typehandlers.doubletype.DoubleParam'>, None, <pybindgen.typehandlers.ctypeparser.TypeTraits object at 0xffffbc42d040>))
DEBUG:pybindgen.typehandlers:TypeMatcher.lookup('double')
DEBUG:pybindgen.typehandlers:try to lookup type handler for 'double' => success ((<class 'pybindgen.typehandlers.doubletype.DoubleParam'>, None, <pybindgen.typehandlers.ctypeparser.TypeTraits object at 0xffffbc42d190>))
DEBUG:pybindgen.typehandlers:TypeMatcher.lookup('uint32_t')
DEBUG:pybindgen.typehandlers:try to lookup type handler for 'uint32_t' => success ((<class 'pybindgen.typehandlers.inttype.UnsignedIntReturn'>, None, <pybindgen.typehandlers.ctypeparser.TypeTraits object at 0xffffbc42d700>))
DEBUG:pybindgen.typehandlers:TypeMatcher.lookup('uint32_t')
DEBUG:pybindgen.typehandlers:try to lookup type handler for 'uint32_t' => success ((<class 'pybindgen.typehandlers.inttype.UnsignedIntParam'>, None, <pybindgen.typehandlers.ctypeparser.TypeTraits object at 0xffffbc42d910>))
DEBUG:pybindgen.typehandlers:TypeMatcher.lookup('uint32_t')
DEBUG:pybindgen.typehandlers:try to lookup type handler for 'uint32_t' => success ((<class 'pybindgen.typehandlers.inttype.UnsignedIntParam'>, None, <pybindgen.typehandlers.ctypeparser.TypeTraits object at 0xffffbc42da60>))
DEBUG:pybindgen.typehandlers:TypeMatcher.lookup('double')
DEBUG:pybindgen.typehandlers:try to lookup type handler for 'double' => success ((<class 'pybindgen.typehandlers.doubletype.DoubleReturn'>, None, <pybindgen.typehandlers.ctypeparser.TypeTraits object at 0xffffbc431040>))
DEBUG:pybindgen.typehandlers:TypeMatcher.lookup('uint32_t')
DEBUG:pybindgen.typehandlers:try to lookup type handler for 'uint32_t' => success ((<class 'pybindgen.typehandlers.inttype.UnsignedIntReturn'>, None, <pybindgen.typehandlers.ctypeparser.TypeTraits object at 0xffffbc431880>))
DEBUG:pybindgen.typehandlers:TypeMatcher.lookup('ns3::TypeId')
DEBUG:pybindgen.typehandlers:try to lookup type handler for 'ns3::TypeId' => success ((<class 'pybindgen.cppclass.CppClass.__init__.<locals>.ThisClassReturn'>, None, <pybindgen.typehandlers.ctypeparser.TypeTraits object at 0xffffbc4360d0>))
DEBUG:pybindgen.typehandlers:TypeMatcher.lookup('double')
DEBUG:pybindgen.typehandlers:try to lookup type handler for 'double' => success ((<class 'pybindgen.typehandlers.doubletype.DoubleReturn'>, None, <pybindgen.typehandlers.ctypeparser.TypeTraits object at 0xffffbc436970>))
DEBUG:pybindgen.typehandlers:TypeMatcher.lookup('double')
DEBUG:pybindgen.typehandlers:try to lookup type handler for 'double' => success ((<class 'pybindgen.typehandlers.doubletype.DoubleReturn'>, None, <pybindgen.typehandlers.ctypeparser.TypeTraits object at 0xffffbc436ee0>))
DEBUG:pybindgen.typehandlers:TypeMatcher.lookup('double')
DEBUG:pybindgen.typehandlers:try to lookup type handler for 'double' => success ((<class 'pybindgen.typehandlers.doubletype.DoubleReturn'>, None, <pybindgen.typehandlers.ctypeparser.TypeTraits object at 0xffffbc43c430>))
DEBUG:pybindgen.typehandlers:TypeMatcher.lookup('double')
DEBUG:pybindgen.typehandlers:try to lookup type handler for 'double' => success ((<class 'pybindgen.typehandlers.doubletype.DoubleParam'>, None, <pybindgen.typehandlers.ctypeparser.TypeTraits object at 0xffffbc43c670>))
DEBUG:pybindgen.typehandlers:TypeMatcher.lookup('double')
DEBUG:pybindgen.typehandlers:try to lookup type handler for 'double' => success ((<class 'pybindgen.typehandlers.doubletype.DoubleParam'>, None, <pybindgen.typehandlers.ctypeparser.TypeTraits object at 0xffffbc43c7c0>))
DEBUG:pybindgen.typehandlers:TypeMatcher.lookup('uint32_t')
DEBUG:pybindgen.typehandlers:try to lookup type handler for 'uint32_t' => success ((<class 'pybindgen.typehandlers.inttype.UnsignedIntReturn'>, None, <pybindgen.typehandlers.ctypeparser.TypeTraits object at 0xffffbc43cd30>))
DEBUG:pybindgen.typehandlers:TypeMatcher.lookup('uint32_t')
DEBUG:pybindgen.typehandlers:try to lookup type handler for 'uint32_t' => success ((<class 'pybindgen.typehandlers.inttype.UnsignedIntParam'>, None, <pybindgen.typehandlers.ctypeparser.TypeTraits object at 0xffffbc43cf40>))
DEBUG:pybindgen.typehandlers:TypeMatcher.lookup('uint32_t')
DEBUG:pybindgen.typehandlers:try to lookup type handler for 'uint32_t' => success ((<class 'pybindgen.typehandlers.inttype.UnsignedIntParam'>, None, <pybindgen.typehandlers.ctypeparser.TypeTraits object at 0xffffbc4410d0>))
DEBUG:pybindgen.typehandlers:TypeMatcher.lookup('double')
DEBUG:pybindgen.typehandlers:try to lookup type handler for 'double' => success ((<class 'pybindgen.typehandlers.doubletype.DoubleReturn'>, None, <pybindgen.typehandlers.ctypeparser.TypeTraits object at 0xffffbc441670>))
DEBUG:pybindgen.typehandlers:TypeMatcher.lookup('uint32_t')
DEBUG:pybindgen.typehandlers:try to lookup type handler for 'uint32_t' => success ((<class 'pybindgen.typehandlers.inttype.UnsignedIntReturn'>, None, <pybindgen.typehandlers.ctypeparser.TypeTraits object at 0xffffbc441eb0>))
DEBUG:pybindgen.typehandlers:TypeMatcher.lookup('ns3::Ipv4 const &')
DEBUG:pybindgen.typehandlers:try to lookup type handler for 'ns3::Ipv4 const &' => success ((<class 'pybindgen.cppclass.CppClass.__init__.<locals>.ThisClassRefParameter'>, None, <pybindgen.typehandlers.ctypeparser.TypeTraits object at 0xffffbc445700>))
DEBUG:pybindgen.typehandlers:TypeMatcher.lookup('bool')
DEBUG:pybindgen.typehandlers:try to lookup type handler for 'bool' => success ((<class 'pybindgen.typehandlers.booltype.BoolReturn'>, None, <pybindgen.typehandlers.ctypeparser.TypeTraits object at 0xffffbc44b0a0>))
DEBUG:pybindgen.typehandlers:TypeMatcher.lookup('uint32_t')
DEBUG:pybindgen.typehandlers:try to lookup type handler for 'uint32_t' => success ((<class 'pybindgen.typehandlers.inttype.UnsignedIntParam'>, None, <pybindgen.typehandlers.ctypeparser.TypeTraits object at 0xffffbc44b2b0>))
DEBUG:pybindgen.typehandlers:TypeMatcher.lookup('ns3::Ipv4InterfaceAddress')
DEBUG:pybindgen.typehandlers:try to lookup type handler for 'ns3::Ipv4InterfaceAddress' => success ((<class 'pybindgen.cppclass.CppClass.__init__.<locals>.ThisClassParameter'>, None, <pybindgen.typehandlers.ctypeparser.TypeTraits object at 0xffffbc44b400>))
DEBUG:pybindgen.typehandlers:TypeMatcher.lookup('uint32_t')
DEBUG:pybindgen.typehandlers:try to lookup type handler for 'uint32_t' => success ((<class 'pybindgen.typehandlers.inttype.UnsignedIntReturn'>, None, <pybindgen.typehandlers.ctypeparser.TypeTraits object at 0xffffbc44bc70>))
DEBUG:pybindgen.typehandlers:TypeMatcher.lookup('ns3::Ptr< ns3::NetDevice >')
DEBUG:pybindgen.typehandlers:try to lookup type handler for 'ns3::Ptr< ns3::NetDevice >' => failure
DEBUG:pybindgen.typehandlers:try to lookup type handler for 'ns3::NetDevice *' => success ((<class 'pybindgen.cppclass.MemoryPolicy.register_ptr_parameter_and_return.<locals>.ThisClassPtrParameter'>, <ns3modulegen_core_customizations.SmartPointerTransformation object at 0xffffbcfe0d90>, <pybindgen.typehandlers.ctypeparser.TypeTraits object at 0xffffbc44f160>))
DEBUG:pybindgen.typehandlers:TypeMatcher.lookup('ns3::Ptr< ns3::Socket >')
DEBUG:pybindgen.typehandlers:try to lookup type handler for 'ns3::Ptr< ns3::Socket >' => failure
DEBUG:pybindgen.typehandlers:try to lookup type handler for 'ns3::Socket *' => success ((<class 'pybindgen.cppclass.MemoryPolicy.register_ptr_parameter_and_return.<locals>.ThisClassPtrReturn'>, <ns3modulegen_core_customizations.SmartPointerTransformation object at 0xffffbcfe0d90>, <pybindgen.typehandlers.ctypeparser.TypeTraits object at 0xffffbc44fa60>))
DEBUG:pybindgen.typehandlers:TypeMatcher.lookup('void')
DEBUG:pybindgen.typehandlers:try to lookup type handler for 'void' => success ((<class 'pybindgen.typehandlers.voidtype.VoidReturn'>, None, <pybindgen.typehandlers.ctypeparser.TypeTraits object at 0xffffbc3d4130>))
DEBUG:pybindgen.typehandlers:TypeMatcher.lookup('ns3::Ptr< ns3::Socket >')
DEBUG:pybindgen.typehandlers:try to lookup type handler for 'ns3::Ptr< ns3::Socket >' => failure
DEBUG:pybindgen.typehandlers:try to lookup type handler for 'ns3::Socket *' => success ((<class 'pybindgen.cppclass.MemoryPolicy.register_ptr_parameter_and_return.<locals>.ThisClassPtrParameter'>, <ns3modulegen_core_customizations.SmartPointerTransformation object at 0xffffbcfe0d90>, <pybindgen.typehandlers.ctypeparser.TypeTraits object at 0xffffbc3d45e0>))
DEBUG:pybindgen.typehandlers:TypeMatcher.lookup('ns3::Ipv4InterfaceAddress')
DEBUG:pybindgen.typehandlers:try to lookup type handler for 'ns3::Ipv4InterfaceAddress' => success ((<class 'pybindgen.cppclass.CppClass.__init__.<locals>.ThisClassReturn'>, None, <pybindgen.typehandlers.ctypeparser.TypeTraits object at 0xffffbc3d4c10>))
DEBUG:pybindgen.typehandlers:TypeMatcher.lookup('uint32_t')
DEBUG:pybindgen.typehandlers:try to lookup type handler for 'uint32_t' => success ((<class 'pybindgen.typehandlers.inttype.UnsignedIntParam'>, None, <pybindgen.typehandlers.ctypeparser.TypeTraits object at 0xffffbc3d4df0>))
DEBUG:pybindgen.typehandlers:TypeMatcher.lookup('uint32_t')
DEBUG:pybindgen.typehandlers:try to lookup type handler for 'uint32_t' => success ((<class 'pybindgen.typehandlers.inttype.UnsignedIntParam'>, None, <pybindgen.typehandlers.ctypeparser.TypeTraits object at 0xffffbc3d4f40>))
DEBUG:pybindgen.typehandlers:TypeMatcher.lookup('int32_t')
DEBUG:pybindgen.typehandlers:try to lookup type handler for 'int32_t' => success ((<class 'pybindgen.typehandlers.inttype.IntReturn'>, None, <pybindgen.typehandlers.ctypeparser.TypeTraits object at 0xffffbc3d77c0>))
DEBUG:pybindgen.typehandlers:TypeMatcher.lookup('ns3::Ipv4Address')
DEBUG:pybindgen.typehandlers:try to lookup type handler for 'ns3::Ipv4Address' => success ((<class 'pybindgen.cppclass.CppClass.__init__.<locals>.ThisClassParameter'>, None, <pybindgen.typehandlers.ctypeparser.TypeTraits object at 0xffffbc3d79d0>))
DEBUG:pybindgen.typehandlers:TypeMatcher.lookup('int32_t')
DEBUG:pybindgen.typehandlers:try to lookup type handler for 'int32_t' => success ((<class 'pybindgen.typehandlers.inttype.IntReturn'>, None, <pybindgen.typehandlers.ctypeparser.TypeTraits object at 0xffffbc3dd1f0>))
DEBUG:pybindgen.typehandlers:TypeMatcher.lookup('ns3::Ptr< ns3::NetDevice const >')
DEBUG:pybindgen.typehandlers:try to lookup type handler for 'ns3::Ptr< ns3::NetDevice const >' => failure
DEBUG:pybindgen.typehandlers:try to lookup type handler for 'ns3::NetDevice *' => success ((<class 'pybindgen.cppclass.MemoryPolicy.register_ptr_parameter_and_return.<locals>.ThisClassPtrParameter'>, <ns3modulegen_core_customizations.SmartPointerTransformation object at 0xffffbcfe0d90>, <pybindgen.typehandlers.ctypeparser.TypeTraits object at 0xffffbc3dd6d0>))
DEBUG:pybindgen.typehandlers:TypeMatcher.lookup('int32_t')
DEBUG:pybindgen.typehandlers:try to lookup type handler for 'int32_t' => success ((<class 'pybindgen.typehandlers.inttype.IntReturn'>, None, <pybindgen.typehandlers.ctypeparser.TypeTraits object at 0xffffbc3ddd60>))
DEBUG:pybindgen.typehandlers:TypeMatcher.lookup('ns3::Ipv4Address')
DEBUG:pybindgen.typehandlers:try to lookup type handler for 'ns3::Ipv4Address' => success ((<class 'pybindgen.cppclass.CppClass.__init__.<locals>.ThisClassParameter'>, None, <pybindgen.typehandlers.ctypeparser.TypeTraits object at 0xffffbc3ddf70>))
DEBUG:pybindgen.typehandlers:TypeMatcher.lookup('ns3::Ipv4Mask')
DEBUG:pybindgen.typehandlers:try to lookup type handler for 'ns3::Ipv4Mask' => success ((<class 'pybindgen.cppclass.CppClass.__init__.<locals>.ThisClassParameter'>, None, <pybindgen.typehandlers.ctypeparser.TypeTraits object at 0xffffbc3e4100>))
DEBUG:pybindgen.typehandlers:TypeMatcher.lookup('uint16_t')
DEBUG:pybindgen.typehandlers:try to lookup type handler for 'uint16_t' => success ((<class 'pybindgen.typehandlers.inttype.UInt16Return'>, None, <pybindgen.typehandlers.ctypeparser.TypeTraits object at 0xffffbc3e4940>))
DEBUG:pybindgen.typehandlers:TypeMatcher.lookup('uint32_t')
DEBUG:pybindgen.typehandlers:try to lookup type handler for 'uint32_t' => success ((<class 'pybindgen.typehandlers.inttype.UnsignedIntParam'>, None, <pybindgen.typehandlers.ctypeparser.TypeTraits object at 0xffffbc3e4b50>))
DEBUG:pybindgen.typehandlers:TypeMatcher.lookup('uint16_t')
DEBUG:pybindgen.typehandlers:try to lookup type handler for 'uint16_t' => success ((<class 'pybindgen.typehandlers.inttype.UInt16Return'>, None, <pybindgen.typehandlers.ctypeparser.TypeTraits object at 0xffffbc3e8370>))
DEBUG:pybindgen.typehandlers:TypeMatcher.lookup('uint32_t')
DEBUG:pybindgen.typehandlers:try to lookup type handler for 'uint32_t' => success ((<class 'pybindgen.typehandlers.inttype.UnsignedIntParam'>, None, <pybindgen.typehandlers.ctypeparser.TypeTraits object at 0xffffbc3e8580>))
DEBUG:pybindgen.typehandlers:TypeMatcher.lookup('uint32_t')
DEBUG:pybindgen.typehandlers:try to lookup type handler for 'uint32_t' => success ((<class 'pybindgen.typehandlers.inttype.UnsignedIntReturn'>, None, <pybindgen.typehandlers.ctypeparser.TypeTraits object at 0xffffbc3e8d60>))
DEBUG:pybindgen.typehandlers:TypeMatcher.lookup('uint32_t')
DEBUG:pybindgen.typehandlers:try to lookup type handler for 'uint32_t' => success ((<class 'pybindgen.typehandlers.inttype.UnsignedIntParam'>, None, <pybindgen.typehandlers.ctypeparser.TypeTraits object at 0xffffbc3e8f70>))
DEBUG:pybindgen.typehandlers:TypeMatcher.lookup('uint32_t')
DEBUG:pybindgen.typehandlers:try to lookup type handler for 'uint32_t' => success ((<class 'pybindgen.typehandlers.inttype.UnsignedIntReturn'>, None, <pybindgen.typehandlers.ctypeparser.TypeTraits object at 0xffffbc3eb790>))
DEBUG:pybindgen.typehandlers:TypeMatcher.lookup('ns3::Ptr< ns3::NetDevice >')
DEBUG:pybindgen.typehandlers:try to lookup type handler for 'ns3::Ptr< ns3::NetDevice >' => failure
DEBUG:pybindgen.typehandlers:try to lookup type handler for 'ns3::NetDevice *' => success ((<class 'pybindgen.cppclass.MemoryPolicy.register_ptr_parameter_and_return.<locals>.ThisClassPtrReturn'>, <ns3modulegen_core_customizations.SmartPointerTransformation object at 0xffffbcfe0d90>, <pybindgen.typehandlers.ctypeparser.TypeTraits object at 0xffffbc3f12e0>))
DEBUG:pybindgen.typehandlers:TypeMatcher.lookup('uint32_t')
DEBUG:pybindgen.typehandlers:try to lookup type handler for 'uint32_t' => success ((<class 'pybindgen.typehandlers.inttype.UnsignedIntParam'>, None, <pybindgen.typehandlers.ctypeparser.TypeTraits object at 0xffffbc3f14c0>))
DEBUG:pybindgen.typehandlers:TypeMatcher.lookup('ns3::Ptr< ns3::IpL4Protocol >')
DEBUG:pybindgen.typehandlers:try to lookup type handler for 'ns3::Ptr< ns3::IpL4Protocol >' => failure
DEBUG:pybindgen.typehandlers:try to lookup type handler for 'ns3::IpL4Protocol *' => failure ('')
/root/workspace/netwokr/ns-allinone-3.33/ns-3.33/src/aodv/bindings/modulegen__gcc_LP64.py:5867: Warning: exception TypeLookupError(['ns3::Ptr< ns3::IpL4Protocol >', 'ns3::IpL4Protocol *']) in wrapper public: virtual retval? ???::GetProtocol (params?) const = 0;
  cls.add_method('GetProtocol',
DEBUG:pybindgen.typehandlers:TypeMatcher.lookup('ns3::Ptr< ns3::IpL4Protocol >')
DEBUG:pybindgen.typehandlers:try to lookup type handler for 'ns3::Ptr< ns3::IpL4Protocol >' => failure
DEBUG:pybindgen.typehandlers:try to lookup type handler for 'ns3::IpL4Protocol *' => failure ('')
/root/workspace/netwokr/ns-allinone-3.33/ns-3.33/src/aodv/bindings/modulegen__gcc_LP64.py:5872: Warning: exception TypeLookupError(['ns3::Ptr< ns3::IpL4Protocol >', 'ns3::IpL4Protocol *']) in wrapper public: virtual retval? ???::GetProtocol (params?) const = 0;
  cls.add_method('GetProtocol',
DEBUG:pybindgen.typehandlers:TypeMatcher.lookup('ns3::Ptr< ns3::Ipv4RoutingProtocol >')
DEBUG:pybindgen.typehandlers:try to lookup type handler for 'ns3::Ptr< ns3::Ipv4RoutingProtocol >' => failure
DEBUG:pybindgen.typehandlers:try to lookup type handler for 'ns3::Ipv4RoutingProtocol *' => success ((<class 'pybindgen.cppclass.MemoryPolicy.register_ptr_parameter_and_return.<locals>.ThisClassPtrReturn'>, <ns3modulegen_core_customizations.SmartPointerTransformation object at 0xffffbcfe0d90>, <pybindgen.typehandlers.ctypeparser.TypeTraits object at 0xffffbc3fda60>))
DEBUG:pybindgen.typehandlers:TypeMatcher.lookup('ns3::TypeId')
DEBUG:pybindgen.typehandlers:try to lookup type handler for 'ns3::TypeId' => success ((<class 'pybindgen.cppclass.CppClass.__init__.<locals>.ThisClassReturn'>, None, <pybindgen.typehandlers.ctypeparser.TypeTraits object at 0xffffbc3fdeb0>))
DEBUG:pybindgen.typehandlers:TypeMatcher.lookup('void')
DEBUG:pybindgen.typehandlers:try to lookup type handler for 'void' => success ((<class 'pybindgen.typehandlers.voidtype.VoidReturn'>, None, <pybindgen.typehandlers.ctypeparser.TypeTraits object at 0xffffbc3ff430>))
DEBUG:pybindgen.typehandlers:TypeMatcher.lookup('ns3::Ptr< ns3::IpL4Protocol >')
DEBUG:pybindgen.typehandlers:try to lookup type handler for 'ns3::Ptr< ns3::IpL4Protocol >' => failure
DEBUG:pybindgen.typehandlers:try to lookup type handler for 'ns3::IpL4Protocol *' => failure ('')
/root/workspace/netwokr/ns-allinone-3.33/ns-3.33/src/aodv/bindings/modulegen__gcc_LP64.py:5887: Warning: exception TypeLookupError(['ns3::Ptr< ns3::IpL4Protocol >', 'ns3::IpL4Protocol *']) in wrapper public: virtual retval? ???::Insert (params?) = 0;
  cls.add_method('Insert',
DEBUG:pybindgen.typehandlers:TypeMatcher.lookup('void')
DEBUG:pybindgen.typehandlers:try to lookup type handler for 'void' => success ((<class 'pybindgen.typehandlers.voidtype.VoidReturn'>, None, <pybindgen.typehandlers.ctypeparser.TypeTraits object at 0xffffbc3fde80>))
DEBUG:pybindgen.typehandlers:TypeMatcher.lookup('ns3::Ptr< ns3::IpL4Protocol >')
DEBUG:pybindgen.typehandlers:try to lookup type handler for 'ns3::Ptr< ns3::IpL4Protocol >' => failure
DEBUG:pybindgen.typehandlers:try to lookup type handler for 'ns3::IpL4Protocol *' => failure ('')
/root/workspace/netwokr/ns-allinone-3.33/ns-3.33/src/aodv/bindings/modulegen__gcc_LP64.py:5892: Warning: exception TypeLookupError(['ns3::Ptr< ns3::IpL4Protocol >', 'ns3::IpL4Protocol *']) in wrapper public: virtual retval? ???::Insert (params?) = 0;
  cls.add_method('Insert',
DEBUG:pybindgen.typehandlers:TypeMatcher.lookup('bool')
DEBUG:pybindgen.typehandlers:try to lookup type handler for 'bool' => success ((<class 'pybindgen.typehandlers.booltype.BoolReturn'>, None, <pybindgen.typehandlers.ctypeparser.TypeTraits object at 0xffffbc44b070>))
DEBUG:pybindgen.typehandlers:TypeMatcher.lookup('ns3::Ipv4Address')
DEBUG:pybindgen.typehandlers:try to lookup type handler for 'ns3::Ipv4Address' => success ((<class 'pybindgen.cppclass.CppClass.__init__.<locals>.ThisClassParameter'>, None, <pybindgen.typehandlers.ctypeparser.TypeTraits object at 0xffffbc44fe50>))
DEBUG:pybindgen.typehandlers:TypeMatcher.lookup('uint32_t')
DEBUG:pybindgen.typehandlers:try to lookup type handler for 'uint32_t' => success ((<class 'pybindgen.typehandlers.inttype.UnsignedIntParam'>, None, <pybindgen.typehandlers.ctypeparser.TypeTraits object at 0xffffbc3d4040>))
DEBUG:pybindgen.typehandlers:TypeMatcher.lookup('bool')
DEBUG:pybindgen.typehandlers:try to lookup type handler for 'bool' => success ((<class 'pybindgen.typehandlers.booltype.BoolReturn'>, None, <pybindgen.typehandlers.ctypeparser.TypeTraits object at 0xffffbc3d75b0>))
DEBUG:pybindgen.typehandlers:TypeMatcher.lookup('uint32_t')
DEBUG:pybindgen.typehandlers:try to lookup type handler for 'uint32_t' => success ((<class 'pybindgen.typehandlers.inttype.UnsignedIntParam'>, None, <pybindgen.typehandlers.ctypeparser.TypeTraits object at 0xffffbc3d7fd0>))
DEBUG:pybindgen.typehandlers:TypeMatcher.lookup('bool')
DEBUG:pybindgen.typehandlers:try to lookup type handler for 'bool' => success ((<class 'pybindgen.typehandlers.booltype.BoolReturn'>, None, <pybindgen.typehandlers.ctypeparser.TypeTraits object at 0xffffbc3e4850>))
DEBUG:pybindgen.typehandlers:TypeMatcher.lookup('uint32_t')
DEBUG:pybindgen.typehandlers:try to lookup type handler for 'uint32_t' => success ((<class 'pybindgen.typehandlers.inttype.UnsignedIntParam'>, None, <pybindgen.typehandlers.ctypeparser.TypeTraits object at 0xffffbc3e8070>))
DEBUG:pybindgen.typehandlers:TypeMatcher.lookup('void')
DEBUG:pybindgen.typehandlers:try to lookup type handler for 'void' => success ((<class 'pybindgen.typehandlers.voidtype.VoidReturn'>, None, <pybindgen.typehandlers.ctypeparser.TypeTraits object at 0xffffbc3e8be0>))
DEBUG:pybindgen.typehandlers:TypeMatcher.lookup('ns3::Ptr< ns3::IpL4Protocol >')
DEBUG:pybindgen.typehandlers:try to lookup type handler for 'ns3::Ptr< ns3::IpL4Protocol >' => failure
DEBUG:pybindgen.typehandlers:try to lookup type handler for 'ns3::IpL4Protocol *' => failure ('')
/root/workspace/netwokr/ns-allinone-3.33/ns-3.33/src/aodv/bindings/modulegen__gcc_LP64.py:5912: Warning: exception TypeLookupError(['ns3::Ptr< ns3::IpL4Protocol >', 'ns3::IpL4Protocol *']) in wrapper public: virtual retval? ???::Remove (params?) = 0;
  cls.add_method('Remove',
DEBUG:pybindgen.typehandlers:TypeMatcher.lookup('void')
DEBUG:pybindgen.typehandlers:try to lookup type handler for 'void' => success ((<class 'pybindgen.typehandlers.voidtype.VoidReturn'>, None, <pybindgen.typehandlers.ctypeparser.TypeTraits object at 0xffffbc3f1b80>))
DEBUG:pybindgen.typehandlers:TypeMatcher.lookup('ns3::Ptr< ns3::IpL4Protocol >')
DEBUG:pybindgen.typehandlers:try to lookup type handler for 'ns3::Ptr< ns3::IpL4Protocol >' => failure
DEBUG:pybindgen.typehandlers:try to lookup type handler for 'ns3::IpL4Protocol *' => failure ('')
/root/workspace/netwokr/ns-allinone-3.33/ns-3.33/src/aodv/bindings/modulegen__gcc_LP64.py:5917: Warning: exception TypeLookupError(['ns3::Ptr< ns3::IpL4Protocol >', 'ns3::IpL4Protocol *']) in wrapper public: virtual retval? ???::Remove (params?) = 0;
  cls.add_method('Remove',
DEBUG:pybindgen.typehandlers:TypeMatcher.lookup('bool')
DEBUG:pybindgen.typehandlers:try to lookup type handler for 'bool' => success ((<class 'pybindgen.typehandlers.booltype.BoolReturn'>, None, <pybindgen.typehandlers.ctypeparser.TypeTraits object at 0xffffbc406340>))
DEBUG:pybindgen.typehandlers:TypeMatcher.lookup('uint32_t')
DEBUG:pybindgen.typehandlers:try to lookup type handler for 'uint32_t' => success ((<class 'pybindgen.typehandlers.inttype.UnsignedIntParam'>, None, <pybindgen.typehandlers.ctypeparser.TypeTraits object at 0xffffbc4068b0>))
DEBUG:pybindgen.typehandlers:TypeMatcher.lookup('uint32_t')
DEBUG:pybindgen.typehandlers:try to lookup type handler for 'uint32_t' => success ((<class 'pybindgen.typehandlers.inttype.UnsignedIntParam'>, None, <pybindgen.typehandlers.ctypeparser.TypeTraits object at 0xffffbc406a00>))
DEBUG:pybindgen.typehandlers:TypeMatcher.lookup('bool')
DEBUG:pybindgen.typehandlers:try to lookup type handler for 'bool' => success ((<class 'pybindgen.typehandlers.booltype.BoolReturn'>, None, <pybindgen.typehandlers.ctypeparser.TypeTraits object at 0xffffbc404b80>))
DEBUG:pybindgen.typehandlers:TypeMatcher.lookup('uint32_t')
DEBUG:pybindgen.typehandlers:try to lookup type handler for 'uint32_t' => success ((<class 'pybindgen.typehandlers.inttype.UnsignedIntParam'>, None, <pybindgen.typehandlers.ctypeparser.TypeTraits object at 0xffffbc404880>))
DEBUG:pybindgen.typehandlers:TypeMatcher.lookup('ns3::Ipv4Address')
DEBUG:pybindgen.typehandlers:try to lookup type handler for 'ns3::Ipv4Address' => success ((<class 'pybindgen.cppclass.CppClass.__init__.<locals>.ThisClassParameter'>, None, <pybindgen.typehandlers.ctypeparser.TypeTraits object at 0xffffbc404700>))
DEBUG:pybindgen.typehandlers:TypeMatcher.lookup('ns3::Ipv4Address')
DEBUG:pybindgen.typehandlers:try to lookup type handler for 'ns3::Ipv4Address' => success ((<class 'pybindgen.cppclass.CppClass.__init__.<locals>.ThisClassReturn'>, None, <pybindgen.typehandlers.ctypeparser.TypeTraits object at 0xffffbc3ebfd0>))
DEBUG:pybindgen.typehandlers:TypeMatcher.lookup('ns3::Ptr< ns3::NetDevice const >')
DEBUG:pybindgen.typehandlers:try to lookup type handler for 'ns3::Ptr< ns3::NetDevice const >' => failure
DEBUG:pybindgen.typehandlers:try to lookup type handler for 'ns3::NetDevice *' => success ((<class 'pybindgen.cppclass.MemoryPolicy.register_ptr_parameter_and_return.<locals>.ThisClassPtrParameter'>, <ns3modulegen_core_customizations.SmartPointerTransformation object at 0xffffbcfe0d90>, <pybindgen.typehandlers.ctypeparser.TypeTraits object at 0xffffbc3ff7c0>))
DEBUG:pybindgen.typehandlers:TypeMatcher.lookup('ns3::Ipv4Address')
DEBUG:pybindgen.typehandlers:try to lookup type handler for 'ns3::Ipv4Address' => success ((<class 'pybindgen.cppclass.CppClass.__init__.<locals>.ThisClassParameter'>, None, <pybindgen.typehandlers.ctypeparser.TypeTraits object at 0xffffbc3ebee0>))
DEBUG:pybindgen.typehandlers:TypeMatcher.lookup('ns3::Ipv4InterfaceAddress::InterfaceAddressScope_e')
DEBUG:pybindgen.typehandlers:try to lookup type handler for 'ns3::Ipv4InterfaceAddress::InterfaceAddressScope_e' => success ((<class 'pybindgen.enum.Enum.set_module.<locals>.ThisEnumParameter'>, None, <pybindgen.typehandlers.ctypeparser.TypeTraits object at 0xffffbc3ff550>))
DEBUG:pybindgen.typehandlers:TypeMatcher.lookup('void')
DEBUG:pybindgen.typehandlers:try to lookup type handler for 'void' => success ((<class 'pybindgen.typehandlers.voidtype.VoidReturn'>, None, <pybindgen.typehandlers.ctypeparser.TypeTraits object at 0xffffbc406eb0>))
DEBUG:pybindgen.typehandlers:TypeMatcher.lookup('ns3::Ptr< ns3::Packet >')
DEBUG:pybindgen.typehandlers:try to lookup type handler for 'ns3::Ptr< ns3::Packet >' => failure
DEBUG:pybindgen.typehandlers:try to lookup type handler for 'ns3::Packet *' => success ((<class 'pybindgen.cppclass.MemoryPolicy.register_ptr_parameter_and_return.<locals>.ThisClassPtrParameter'>, <ns3modulegen_core_customizations.SmartPointerTransformation object at 0xffffbcfe0d90>, <pybindgen.typehandlers.ctypeparser.TypeTraits object at 0xffffbc4093a0>))
DEBUG:pybindgen.typehandlers:TypeMatcher.lookup('ns3::Ipv4Address')
DEBUG:pybindgen.typehandlers:try to lookup type handler for 'ns3::Ipv4Address' => success ((<class 'pybindgen.cppclass.CppClass.__init__.<locals>.ThisClassParameter'>, None, <pybindgen.typehandlers.ctypeparser.TypeTraits object at 0xffffbc4093a0>))
DEBUG:pybindgen.typehandlers:TypeMatcher.lookup('ns3::Ipv4Address')
DEBUG:pybindgen.typehandlers:try to lookup type handler for 'ns3::Ipv4Address' => success ((<class 'pybindgen.cppclass.CppClass.__init__.<locals>.ThisClassParameter'>, None, <pybindgen.typehandlers.ctypeparser.TypeTraits object at 0xffffbc409520>))
DEBUG:pybindgen.typehandlers:TypeMatcher.lookup('uint8_t')
DEBUG:pybindgen.typehandlers:try to lookup type handler for 'uint8_t' => success ((<class 'pybindgen.typehandlers.inttype.UInt8Param'>, None, <pybindgen.typehandlers.ctypeparser.TypeTraits object at 0xffffbc4096d0>))
DEBUG:pybindgen.typehandlers:TypeMatcher.lookup('ns3::Ptr< ns3::Ipv4Route >')
DEBUG:pybindgen.typehandlers:try to lookup type handler for 'ns3::Ptr< ns3::Ipv4Route >' => failure
DEBUG:pybindgen.typehandlers:try to lookup type handler for 'ns3::Ipv4Route *' => success ((<class 'pybindgen.cppclass.MemoryPolicy.register_ptr_parameter_and_return.<locals>.ThisClassPtrParameter'>, <ns3modulegen_core_customizations.SmartPointerTransformation object at 0xffffbcfe0d90>, <pybindgen.typehandlers.ctypeparser.TypeTraits object at 0xffffbc409b80>))
DEBUG:pybindgen.typehandlers:TypeMatcher.lookup('void')
DEBUG:pybindgen.typehandlers:try to lookup type handler for 'void' => success ((<class 'pybindgen.typehandlers.voidtype.VoidReturn'>, None, <pybindgen.typehandlers.ctypeparser.TypeTraits object at 0xffffbc409eb0>))
DEBUG:pybindgen.typehandlers:TypeMatcher.lookup('ns3::Ptr< ns3::Packet >')
DEBUG:pybindgen.typehandlers:try to lookup type handler for 'ns3::Ptr< ns3::Packet >' => failure
DEBUG:pybindgen.typehandlers:try to lookup type handler for 'ns3::Packet *' => success ((<class 'pybindgen.cppclass.MemoryPolicy.register_ptr_parameter_and_return.<locals>.ThisClassPtrParameter'>, <ns3modulegen_core_customizations.SmartPointerTransformation object at 0xffffbcfe0d90>, <pybindgen.typehandlers.ctypeparser.TypeTraits object at 0xffffbc40c3d0>))
DEBUG:pybindgen.typehandlers:TypeMatcher.lookup('ns3::Ipv4Header')
DEBUG:pybindgen.typehandlers:try to lookup type handler for 'ns3::Ipv4Header' => success ((<class 'pybindgen.cppclass.CppClass.__init__.<locals>.ThisClassParameter'>, None, <pybindgen.typehandlers.ctypeparser.TypeTraits object at 0xffffbc40c3d0>))
DEBUG:pybindgen.typehandlers:TypeMatcher.lookup('ns3::Ptr< ns3::Ipv4Route >')
DEBUG:pybindgen.typehandlers:try to lookup type handler for 'ns3::Ptr< ns3::Ipv4Route >' => failure
DEBUG:pybindgen.typehandlers:try to lookup type handler for 'ns3::Ipv4Route *' => success ((<class 'pybindgen.cppclass.MemoryPolicy.register_ptr_parameter_and_return.<locals>.ThisClassPtrParameter'>, <ns3modulegen_core_customizations.SmartPointerTransformation object at 0xffffbcfe0d90>, <pybindgen.typehandlers.ctypeparser.TypeTraits object at 0xffffbc40c850>))
DEBUG:pybindgen.typehandlers:TypeMatcher.lookup('void')
DEBUG:pybindgen.typehandlers:try to lookup type handler for 'void' => success ((<class 'pybindgen.typehandlers.voidtype.VoidReturn'>, None, <pybindgen.typehandlers.ctypeparser.TypeTraits object at 0xffffbc40cbe0>))
DEBUG:pybindgen.typehandlers:TypeMatcher.lookup('uint32_t')
DEBUG:pybindgen.typehandlers:try to lookup type handler for 'uint32_t' => success ((<class 'pybindgen.typehandlers.inttype.UnsignedIntParam'>, None, <pybindgen.typehandlers.ctypeparser.TypeTraits object at 0xffffbc40cdf0>))
DEBUG:pybindgen.typehandlers:TypeMatcher.lookup('void')
DEBUG:pybindgen.typehandlers:try to lookup type handler for 'void' => success ((<class 'pybindgen.typehandlers.voidtype.VoidReturn'>, None, <pybindgen.typehandlers.ctypeparser.TypeTraits object at 0xffffbc40f340>))
DEBUG:pybindgen.typehandlers:TypeMatcher.lookup('uint32_t')
DEBUG:pybindgen.typehandlers:try to lookup type handler for 'uint32_t' => success ((<class 'pybindgen.typehandlers.inttype.UnsignedIntParam'>, None, <pybindgen.typehandlers.ctypeparser.TypeTraits object at 0xffffbc40f550>))
DEBUG:pybindgen.typehandlers:TypeMatcher.lookup('bool')
DEBUG:pybindgen.typehandlers:try to lookup type handler for 'bool' => success ((<class 'pybindgen.typehandlers.booltype.BoolParam'>, None, <pybindgen.typehandlers.ctypeparser.TypeTraits object at 0xffffbc40f6a0>))
DEBUG:pybindgen.typehandlers:TypeMatcher.lookup('void')
DEBUG:pybindgen.typehandlers:try to lookup type handler for 'void' => success ((<class 'pybindgen.typehandlers.voidtype.VoidReturn'>, None, <pybindgen.typehandlers.ctypeparser.TypeTraits object at 0xffffbc40fc10>))
DEBUG:pybindgen.typehandlers:TypeMatcher.lookup('uint32_t')
DEBUG:pybindgen.typehandlers:try to lookup type handler for 'uint32_t' => success ((<class 'pybindgen.typehandlers.inttype.UnsignedIntParam'>, None, <pybindgen.typehandlers.ctypeparser.TypeTraits object at 0xffffbc40fe20>))
DEBUG:pybindgen.typehandlers:TypeMatcher.lookup('uint16_t')
DEBUG:pybindgen.typehandlers:try to lookup type handler for 'uint16_t' => success ((<class 'pybindgen.typehandlers.inttype.UInt16Param'>, None, <pybindgen.typehandlers.ctypeparser.TypeTraits object at 0xffffbc40ff70>))
DEBUG:pybindgen.typehandlers:TypeMatcher.lookup('void')
DEBUG:pybindgen.typehandlers:try to lookup type handler for 'void' => success ((<class 'pybindgen.typehandlers.voidtype.VoidReturn'>, None, <pybindgen.typehandlers.ctypeparser.TypeTraits object at 0xffffbc393520>))
DEBUG:pybindgen.typehandlers:TypeMatcher.lookup('ns3::Ptr< ns3::Ipv4RoutingProtocol >')
DEBUG:pybindgen.typehandlers:try to lookup type handler for 'ns3::Ptr< ns3::Ipv4RoutingProtocol >' => failure
DEBUG:pybindgen.typehandlers:try to lookup type handler for 'ns3::Ipv4RoutingProtocol *' => success ((<class 'pybindgen.cppclass.MemoryPolicy.register_ptr_parameter_and_return.<locals>.ThisClassPtrParameter'>, <ns3modulegen_core_customizations.SmartPointerTransformation object at 0xffffbcfe0d90>, <pybindgen.typehandlers.ctypeparser.TypeTraits object at 0xffffbc3939d0>))
DEBUG:pybindgen.typehandlers:TypeMatcher.lookup('void')
DEBUG:pybindgen.typehandlers:try to lookup type handler for 'void' => success ((<class 'pybindgen.typehandlers.voidtype.VoidReturn'>, None, <pybindgen.typehandlers.ctypeparser.TypeTraits object at 0xffffbc393d60>))
DEBUG:pybindgen.typehandlers:TypeMatcher.lookup('uint32_t')
DEBUG:pybindgen.typehandlers:try to lookup type handler for 'uint32_t' => success ((<class 'pybindgen.typehandlers.inttype.UnsignedIntParam'>, None, <pybindgen.typehandlers.ctypeparser.TypeTraits object at 0xffffbc393f70>))
DEBUG:pybindgen.typehandlers:TypeMatcher.lookup('ns3::Ipv4Address')
DEBUG:pybindgen.typehandlers:try to lookup type handler for 'ns3::Ipv4Address' => success ((<class 'pybindgen.cppclass.CppClass.__init__.<locals>.ThisClassReturn'>, None, <pybindgen.typehandlers.ctypeparser.TypeTraits object at 0xffffbc3964c0>))
DEBUG:pybindgen.typehandlers:TypeMatcher.lookup('uint32_t')
DEBUG:pybindgen.typehandlers:try to lookup type handler for 'uint32_t' => success ((<class 'pybindgen.typehandlers.inttype.UnsignedIntParam'>, None, <pybindgen.typehandlers.ctypeparser.TypeTraits object at 0xffffbc3966a0>))
DEBUG:pybindgen.typehandlers:TypeMatcher.lookup('ns3::Ipv4Address')
DEBUG:pybindgen.typehandlers:try to lookup type handler for 'ns3::Ipv4Address' => success ((<class 'pybindgen.cppclass.CppClass.__init__.<locals>.ThisClassParameter'>, None, <pybindgen.typehandlers.ctypeparser.TypeTraits object at 0xffffbc3967f0>))
DEBUG:pybindgen.typehandlers:TypeMatcher.lookup('uint32_t const')
DEBUG:pybindgen.typehandlers:try to lookup type handler for 'uint32_t const' => success ((<class 'pybindgen.typehandlers.inttype.UnsignedIntReturn'>, None, <pybindgen.typehandlers.ctypeparser.TypeTraits object at 0xffffbc396460>))
DEBUG:pybindgen.typehandlers:TypeMatcher.lookup('bool')
DEBUG:pybindgen.typehandlers:try to lookup type handler for 'bool' => success ((<class 'pybindgen.typehandlers.booltype.BoolReturn'>, None, <pybindgen.typehandlers.ctypeparser.TypeTraits object at 0xffffbc39a310>))
DEBUG:pybindgen.typehandlers:TypeMatcher.lookup('bool')
DEBUG:pybindgen.typehandlers:try to lookup type handler for 'bool' => success ((<class 'pybindgen.typehandlers.booltype.BoolReturn'>, None, <pybindgen.typehandlers.ctypeparser.TypeTraits object at 0xffffbc39a820>))
DEBUG:pybindgen.typehandlers:TypeMatcher.lookup('void')
DEBUG:pybindgen.typehandlers:try to lookup type handler for 'void' => success ((<class 'pybindgen.typehandlers.voidtype.VoidReturn'>, None, <pybindgen.typehandlers.ctypeparser.TypeTraits object at 0xffffbc39ad60>))
DEBUG:pybindgen.typehandlers:TypeMatcher.lookup('bool')
DEBUG:pybindgen.typehandlers:try to lookup type handler for 'bool' => success ((<class 'pybindgen.typehandlers.booltype.BoolParam'>, None, <pybindgen.typehandlers.ctypeparser.TypeTraits object at 0xffffbc39afa0>))
DEBUG:pybindgen.typehandlers:TypeMatcher.lookup('void')
DEBUG:pybindgen.typehandlers:try to lookup type handler for 'void' => success ((<class 'pybindgen.typehandlers.voidtype.VoidReturn'>, None, <pybindgen.typehandlers.ctypeparser.TypeTraits object at 0xffffbc39e490>))
DEBUG:pybindgen.typehandlers:TypeMatcher.lookup('bool')
DEBUG:pybindgen.typehandlers:try to lookup type handler for 'bool' => success ((<class 'pybindgen.typehandlers.booltype.BoolParam'>, None, <pybindgen.typehandlers.ctypeparser.TypeTraits object at 0xffffbc39e6d0>))
DEBUG:pybindgen.typehandlers:TypeMatcher.lookup('ns3::Ipv4AddressChecker const &')
DEBUG:pybindgen.typehandlers:try to lookup type handler for 'ns3::Ipv4AddressChecker const &' => success ((<class 'pybindgen.cppclass.CppClass.__init__.<locals>.ThisClassRefParameter'>, None, <pybindgen.typehandlers.ctypeparser.TypeTraits object at 0xffffbc39ef40>))
DEBUG:pybindgen.typehandlers:TypeMatcher.lookup('ns3::Ipv4Address const &')
DEBUG:pybindgen.typehandlers:try to lookup type handler for 'ns3::Ipv4Address const &' => success ((<class 'pybindgen.cppclass.CppClass.__init__.<locals>.ThisClassRefParameter'>, None, <pybindgen.typehandlers.ctypeparser.TypeTraits object at 0xffffbc3a18e0>))
DEBUG:pybindgen.typehandlers:TypeMatcher.lookup('ns3::Ipv4AddressValue const &')
DEBUG:pybindgen.typehandlers:try to lookup type handler for 'ns3::Ipv4AddressValue const &' => success ((<class 'pybindgen.cppclass.CppClass.__init__.<locals>.ThisClassRefParameter'>, None, <pybindgen.typehandlers.ctypeparser.TypeTraits object at 0xffffbc3a1ee0>))
DEBUG:pybindgen.typehandlers:TypeMatcher.lookup('ns3::Ptr< ns3::AttributeValue >')
DEBUG:pybindgen.typehandlers:try to lookup type handler for 'ns3::Ptr< ns3::AttributeValue >' => failure
DEBUG:pybindgen.typehandlers:try to lookup type handler for 'ns3::AttributeValue *' => success ((<class 'pybindgen.cppclass.MemoryPolicy.register_ptr_parameter_and_return.<locals>.ThisClassPtrReturn'>, <ns3modulegen_core_customizations.SmartPointerTransformation object at 0xffffbcfe0d90>, <pybindgen.typehandlers.ctypeparser.TypeTraits object at 0xffffbc3a67c0>))
DEBUG:pybindgen.typehandlers:TypeMatcher.lookup('bool')
DEBUG:pybindgen.typehandlers:try to lookup type handler for 'bool' => success ((<class 'pybindgen.typehandlers.booltype.BoolReturn'>, None, <pybindgen.typehandlers.ctypeparser.TypeTraits object at 0xffffbc3a6b80>))
DEBUG:pybindgen.typehandlers:TypeMatcher.lookup('std::string')
DEBUG:pybindgen.typehandlers:try to lookup type handler for 'std::string' => success ((<class 'pybindgen.typehandlers.stringtype.StdStringParam'>, None, <pybindgen.typehandlers.ctypeparser.TypeTraits object at 0xffffbc3a6d90>))
DEBUG:pybindgen.typehandlers:TypeMatcher.lookup('ns3::Ptr< ns3::AttributeChecker const >')
DEBUG:pybindgen.typehandlers:try to lookup type handler for 'ns3::Ptr< ns3::AttributeChecker const >' => failure
DEBUG:pybindgen.typehandlers:try to lookup type handler for 'ns3::AttributeChecker *' => success ((<class 'pybindgen.cppclass.MemoryPolicy.register_ptr_parameter_and_return.<locals>.ThisClassPtrParameter'>, <ns3modulegen_core_customizations.SmartPointerTransformation object at 0xffffbcfe0d90>, <pybindgen.typehandlers.ctypeparser.TypeTraits object at 0xffffbc3aa250>))
DEBUG:pybindgen.typehandlers:TypeMatcher.lookup('ns3::Ipv4Address')
DEBUG:pybindgen.typehandlers:try to lookup type handler for 'ns3::Ipv4Address' => success ((<class 'pybindgen.cppclass.CppClass.__init__.<locals>.ThisClassReturn'>, None, <pybindgen.typehandlers.ctypeparser.TypeTraits object at 0xffffbc3aa610>))
DEBUG:pybindgen.typehandlers:TypeMatcher.lookup('std::string')
DEBUG:pybindgen.typehandlers:try to lookup type handler for 'std::string' => success ((<class 'pybindgen.typehandlers.stringtype.StdStringReturn'>, None, <pybindgen.typehandlers.ctypeparser.TypeTraits object at 0xffffbc3aab50>))
DEBUG:pybindgen.typehandlers:TypeMatcher.lookup('ns3::Ptr< ns3::AttributeChecker const >')
DEBUG:pybindgen.typehandlers:try to lookup type handler for 'ns3::Ptr< ns3::AttributeChecker const >' => failure
DEBUG:pybindgen.typehandlers:try to lookup type handler for 'ns3::AttributeChecker *' => success ((<class 'pybindgen.cppclass.MemoryPolicy.register_ptr_parameter_and_return.<locals>.ThisClassPtrParameter'>, <ns3modulegen_core_customizations.SmartPointerTransformation object at 0xffffbcfe0d90>, <pybindgen.typehandlers.ctypeparser.TypeTraits object at 0xffffbc3ad070>))
DEBUG:pybindgen.typehandlers:TypeMatcher.lookup('void')
DEBUG:pybindgen.typehandlers:try to lookup type handler for 'void' => success ((<class 'pybindgen.typehandlers.voidtype.VoidReturn'>, None, <pybindgen.typehandlers.ctypeparser.TypeTraits object at 0xffffbc3ad3d0>))
DEBUG:pybindgen.typehandlers:TypeMatcher.lookup('ns3::Ipv4Address const &')
DEBUG:pybindgen.typehandlers:try to lookup type handler for 'ns3::Ipv4Address const &' => success ((<class 'pybindgen.cppclass.CppClass.__init__.<locals>.ThisClassRefParameter'>, None, <pybindgen.typehandlers.ctypeparser.TypeTraits object at 0xffffbc3ad610>))
DEBUG:pybindgen.typehandlers:TypeMatcher.lookup('ns3::TypeId')
DEBUG:pybindgen.typehandlers:try to lookup type handler for 'ns3::TypeId' => success ((<class 'pybindgen.cppclass.CppClass.__init__.<locals>.ThisClassReturn'>, None, <pybindgen.typehandlers.ctypeparser.TypeTraits object at 0xffffbc3adc40>))
DEBUG:pybindgen.typehandlers:TypeMatcher.lookup('void')
DEBUG:pybindgen.typehandlers:try to lookup type handler for 'void' => success ((<class 'pybindgen.typehandlers.voidtype.VoidReturn'>, None, <pybindgen.typehandlers.ctypeparser.TypeTraits object at 0xffffbc3b44f0>))
DEBUG:pybindgen.typehandlers:TypeMatcher.lookup('ns3::Ptr< ns3::Node >')
DEBUG:pybindgen.typehandlers:try to lookup type handler for 'ns3::Ptr< ns3::Node >' => failure
DEBUG:pybindgen.typehandlers:try to lookup type handler for 'ns3::Node *' => success ((<class 'pybindgen.cppclass.MemoryPolicy.register_ptr_parameter_and_return.<locals>.ThisClassPtrParameter'>, <ns3modulegen_core_customizations.SmartPointerTransformation object at 0xffffbcfe0d90>, <pybindgen.typehandlers.ctypeparser.TypeTraits object at 0xffffbc3b49a0>))
DEBUG:pybindgen.typehandlers:TypeMatcher.lookup('void')
DEBUG:pybindgen.typehandlers:try to lookup type handler for 'void' => success ((<class 'pybindgen.typehandlers.voidtype.VoidReturn'>, None, <pybindgen.typehandlers.ctypeparser.TypeTraits object at 0xffffbc3b4d30>))
DEBUG:pybindgen.typehandlers:TypeMatcher.lookup('ns3::Ptr< ns3::NetDevice >')
DEBUG:pybindgen.typehandlers:try to lookup type handler for 'ns3::Ptr< ns3::NetDevice >' => failure
DEBUG:pybindgen.typehandlers:try to lookup type handler for 'ns3::NetDevice *' => success ((<class 'pybindgen.cppclass.MemoryPolicy.register_ptr_parameter_and_return.<locals>.ThisClassPtrParameter'>, <ns3modulegen_core_customizations.SmartPointerTransformation object at 0xffffbcfe0d90>, <pybindgen.typehandlers.ctypeparser.TypeTraits object at 0xffffbc3b9220>))
DEBUG:pybindgen.typehandlers:TypeMatcher.lookup('void')
DEBUG:pybindgen.typehandlers:try to lookup type handler for 'void' => success ((<class 'pybindgen.typehandlers.voidtype.VoidReturn'>, None, <pybindgen.typehandlers.ctypeparser.TypeTraits object at 0xffffbc3b95b0>))
DEBUG:pybindgen.typehandlers:TypeMatcher.lookup('ns3::Ptr< ns3::TrafficControlLayer >')
DEBUG:pybindgen.typehandlers:try to lookup type handler for 'ns3::Ptr< ns3::TrafficControlLayer >' => failure
DEBUG:pybindgen.typehandlers:try to lookup type handler for 'ns3::TrafficControlLayer *' => failure ('')
/root/workspace/netwokr/ns-allinone-3.33/ns-3.33/src/aodv/bindings/modulegen__gcc_LP64.py:6057: Warning: exception TypeLookupError(['ns3::Ptr< ns3::TrafficControlLayer >', 'ns3::TrafficControlLayer *']) in wrapper public: retval? ???::SetTrafficControl (params?);
  cls.add_method('SetTrafficControl',
DEBUG:pybindgen.typehandlers:TypeMatcher.lookup('void')
DEBUG:pybindgen.typehandlers:try to lookup type handler for 'void' => success ((<class 'pybindgen.typehandlers.voidtype.VoidReturn'>, None, <pybindgen.typehandlers.ctypeparser.TypeTraits object at 0xffffbc3b9c70>))
DEBUG:pybindgen.typehandlers:TypeMatcher.lookup('ns3::Ptr< ns3::ArpCache >')
DEBUG:pybindgen.typehandlers:try to lookup type handler for 'ns3::Ptr< ns3::ArpCache >' => failure
DEBUG:pybindgen.typehandlers:try to lookup type handler for 'ns3::ArpCache *' => success ((<class 'pybindgen.cppclass.MemoryPolicy.register_ptr_parameter_and_return.<locals>.ThisClassPtrParameter'>, <ns3modulegen_core_customizations.SmartPointerTransformation object at 0xffffbcfe0d90>, <pybindgen.typehandlers.ctypeparser.TypeTraits object at 0xffffbc3be1c0>))
DEBUG:pybindgen.typehandlers:TypeMatcher.lookup('ns3::Ptr< ns3::NetDevice >')
DEBUG:pybindgen.typehandlers:try to lookup type handler for 'ns3::Ptr< ns3::NetDevice >' => failure
DEBUG:pybindgen.typehandlers:try to lookup type handler for 'ns3::NetDevice *' => success ((<class 'pybindgen.cppclass.MemoryPolicy.register_ptr_parameter_and_return.<locals>.ThisClassPtrReturn'>, <ns3modulegen_core_customizations.SmartPointerTransformation object at 0xffffbcfe0d90>, <pybindgen.typehandlers.ctypeparser.TypeTraits object at 0xffffbc3be820>))
DEBUG:pybindgen.typehandlers:TypeMatcher.lookup('ns3::Ptr< ns3::ArpCache >')
DEBUG:pybindgen.typehandlers:try to lookup type handler for 'ns3::Ptr< ns3::ArpCache >' => failure
DEBUG:pybindgen.typehandlers:try to lookup type handler for 'ns3::ArpCache *' => success ((<class 'pybindgen.cppclass.MemoryPolicy.register_ptr_parameter_and_return.<locals>.ThisClassPtrReturn'>, <ns3modulegen_core_customizations.SmartPointerTransformation object at 0xffffbcfe0d90>, <pybindgen.typehandlers.ctypeparser.TypeTraits object at 0xffffbc3bee80>))
DEBUG:pybindgen.typehandlers:TypeMatcher.lookup('void')
DEBUG:pybindgen.typehandlers:try to lookup type handler for 'void' => success ((<class 'pybindgen.typehandlers.voidtype.VoidReturn'>, None, <pybindgen.typehandlers.ctypeparser.TypeTraits object at 0xffffbc3c1220>))
DEBUG:pybindgen.typehandlers:TypeMatcher.lookup('uint16_t')
DEBUG:pybindgen.typehandlers:try to lookup type handler for 'uint16_t' => success ((<class 'pybindgen.typehandlers.inttype.UInt16Param'>, None, <pybindgen.typehandlers.ctypeparser.TypeTraits object at 0xffffbc3c1460>))
DEBUG:pybindgen.typehandlers:TypeMatcher.lookup('uint16_t')
DEBUG:pybindgen.typehandlers:try to lookup type handler for 'uint16_t' => success ((<class 'pybindgen.typehandlers.inttype.UInt16Return'>, None, <pybindgen.typehandlers.ctypeparser.TypeTraits object at 0xffffbc3c19a0>))
DEBUG:pybindgen.typehandlers:TypeMatcher.lookup('bool')
DEBUG:pybindgen.typehandlers:try to lookup type handler for 'bool' => success ((<class 'pybindgen.typehandlers.booltype.BoolReturn'>, None, <pybindgen.typehandlers.ctypeparser.TypeTraits object at 0xffffbc3c1f10>))
DEBUG:pybindgen.typehandlers:TypeMatcher.lookup('bool')
DEBUG:pybindgen.typehandlers:try to lookup type handler for 'bool' => success ((<class 'pybindgen.typehandlers.booltype.BoolReturn'>, None, <pybindgen.typehandlers.ctypeparser.TypeTraits object at 0xffffbc3b9be0>))
DEBUG:pybindgen.typehandlers:TypeMatcher.lookup('void')
DEBUG:pybindgen.typehandlers:try to lookup type handler for 'void' => success ((<class 'pybindgen.typehandlers.voidtype.VoidReturn'>, None, <pybindgen.typehandlers.ctypeparser.TypeTraits object at 0xffffbc3c52b0>))
DEBUG:pybindgen.typehandlers:TypeMatcher.lookup('void')
DEBUG:pybindgen.typehandlers:try to lookup type handler for 'void' => success ((<class 'pybindgen.typehandlers.voidtype.VoidReturn'>, None, <pybindgen.typehandlers.ctypeparser.TypeTraits object at 0xffffbc3c5850>))
DEBUG:pybindgen.typehandlers:TypeMatcher.lookup('bool')
DEBUG:pybindgen.typehandlers:try to lookup type handler for 'bool' => success ((<class 'pybindgen.typehandlers.booltype.BoolReturn'>, None, <pybindgen.typehandlers.ctypeparser.TypeTraits object at 0xffffbc3c5df0>))
DEBUG:pybindgen.typehandlers:TypeMatcher.lookup('void')
DEBUG:pybindgen.typehandlers:try to lookup type handler for 'void' => success ((<class 'pybindgen.typehandlers.voidtype.VoidReturn'>, None, <pybindgen.typehandlers.ctypeparser.TypeTraits object at 0xffffbc3cb340>))
DEBUG:pybindgen.typehandlers:TypeMatcher.lookup('bool')
DEBUG:pybindgen.typehandlers:try to lookup type handler for 'bool' => success ((<class 'pybindgen.typehandlers.booltype.BoolParam'>, None, <pybindgen.typehandlers.ctypeparser.TypeTraits object at 0xffffbc3cb580>))
DEBUG:pybindgen.typehandlers:TypeMatcher.lookup('void')
DEBUG:pybindgen.typehandlers:try to lookup type handler for 'void' => success ((<class 'pybindgen.typehandlers.voidtype.VoidReturn'>, None, <pybindgen.typehandlers.ctypeparser.TypeTraits object at 0xffffbc3cba90>))
DEBUG:pybindgen.typehandlers:TypeMatcher.lookup('ns3::Ptr< ns3::Packet >')
DEBUG:pybindgen.typehandlers:try to lookup type handler for 'ns3::Ptr< ns3::Packet >' => failure
DEBUG:pybindgen.typehandlers:try to lookup type handler for 'ns3::Packet *' => success ((<class 'pybindgen.cppclass.MemoryPolicy.register_ptr_parameter_and_return.<locals>.ThisClassPtrParameter'>, <ns3modulegen_core_customizations.SmartPointerTransformation object at 0xffffbcfe0d90>, <pybindgen.typehandlers.ctypeparser.TypeTraits object at 0xffffbc3cbf40>))
DEBUG:pybindgen.typehandlers:TypeMatcher.lookup('ns3::Ipv4Header const &')
DEBUG:pybindgen.typehandlers:try to lookup type handler for 'ns3::Ipv4Header const &' => success ((<class 'pybindgen.cppclass.CppClass.__init__.<locals>.ThisClassRefParameter'>, None, <pybindgen.typehandlers.ctypeparser.TypeTraits object at 0xffffbc3cbf40>))
DEBUG:pybindgen.typehandlers:TypeMatcher.lookup('ns3::Ipv4Address')
DEBUG:pybindgen.typehandlers:try to lookup type handler for 'ns3::Ipv4Address' => success ((<class 'pybindgen.cppclass.CppClass.__init__.<locals>.ThisClassParameter'>, None, <pybindgen.typehandlers.ctypeparser.TypeTraits object at 0xffffbc3cf190>))
DEBUG:pybindgen.typehandlers:TypeMatcher.lookup('bool')
DEBUG:pybindgen.typehandlers:try to lookup type handler for 'bool' => success ((<class 'pybindgen.typehandlers.booltype.BoolReturn'>, None, <pybindgen.typehandlers.ctypeparser.TypeTraits object at 0xffffbc3cf760>))
DEBUG:pybindgen.typehandlers:TypeMatcher.lookup('ns3::Ipv4InterfaceAddress')
DEBUG:pybindgen.typehandlers:try to lookup type handler for 'ns3::Ipv4InterfaceAddress' => success ((<class 'pybindgen.cppclass.CppClass.__init__.<locals>.ThisClassParameter'>, None, <pybindgen.typehandlers.ctypeparser.TypeTraits object at 0xffffbc3cf970>))
DEBUG:pybindgen.typehandlers:TypeMatcher.lookup('ns3::Ipv4InterfaceAddress')
DEBUG:pybindgen.typehandlers:try to lookup type handler for 'ns3::Ipv4InterfaceAddress' => success ((<class 'pybindgen.cppclass.CppClass.__init__.<locals>.ThisClassReturn'>, None, <pybindgen.typehandlers.ctypeparser.TypeTraits object at 0xffffbc3cfeb0>))
DEBUG:pybindgen.typehandlers:TypeMatcher.lookup('uint32_t')
DEBUG:pybindgen.typehandlers:try to lookup type handler for 'uint32_t' => success ((<class 'pybindgen.typehandlers.inttype.UnsignedIntParam'>, None, <pybindgen.typehandlers.ctypeparser.TypeTraits object at 0xffffbc3530d0>))
DEBUG:pybindgen.typehandlers:TypeMatcher.lookup('uint32_t')
DEBUG:pybindgen.typehandlers:try to lookup type handler for 'uint32_t' => success ((<class 'pybindgen.typehandlers.inttype.UnsignedIntReturn'>, None, <pybindgen.typehandlers.ctypeparser.TypeTraits object at 0xffffbc3535e0>))
DEBUG:pybindgen.typehandlers:TypeMatcher.lookup('ns3::Ipv4InterfaceAddress')
DEBUG:pybindgen.typehandlers:try to lookup type handler for 'ns3::Ipv4InterfaceAddress' => success ((<class 'pybindgen.cppclass.CppClass.__init__.<locals>.ThisClassReturn'>, None, <pybindgen.typehandlers.ctypeparser.TypeTraits object at 0xffffbc353af0>))
DEBUG:pybindgen.typehandlers:TypeMatcher.lookup('uint32_t')
DEBUG:pybindgen.typehandlers:try to lookup type handler for 'uint32_t' => success ((<class 'pybindgen.typehandlers.inttype.UnsignedIntParam'>, None, <pybindgen.typehandlers.ctypeparser.TypeTraits object at 0xffffbc353d00>))
DEBUG:pybindgen.typehandlers:TypeMatcher.lookup('ns3::Ipv4InterfaceAddress')
DEBUG:pybindgen.typehandlers:try to lookup type handler for 'ns3::Ipv4InterfaceAddress' => success ((<class 'pybindgen.cppclass.CppClass.__init__.<locals>.ThisClassReturn'>, None, <pybindgen.typehandlers.ctypeparser.TypeTraits object at 0xffffbc358250>))
DEBUG:pybindgen.typehandlers:TypeMatcher.lookup('ns3::Ipv4Address')
DEBUG:pybindgen.typehandlers:try to lookup type handler for 'ns3::Ipv4Address' => success ((<class 'pybindgen.cppclass.CppClass.__init__.<locals>.ThisClassParameter'>, None, <pybindgen.typehandlers.ctypeparser.TypeTraits object at 0xffffbc358430>))
DEBUG:pybindgen.typehandlers:TypeMatcher.lookup('void')
DEBUG:pybindgen.typehandlers:try to lookup type handler for 'void' => success ((<class 'pybindgen.typehandlers.voidtype.VoidReturn'>, None, <pybindgen.typehandlers.ctypeparser.TypeTraits object at 0xffffbc358940>))
DEBUG:pybindgen.typehandlers:TypeMatcher.lookup('bool')
DEBUG:pybindgen.typehandlers:try to lookup type handler for 'bool' => success ((<class 'pybindgen.typehandlers.booltype.BoolReturn'>, None, <pybindgen.typehandlers.ctypeparser.TypeTraits object at 0xffffbc35c8b0>))
DEBUG:pybindgen.typehandlers:TypeMatcher.lookup('uint32_t')
DEBUG:pybindgen.typehandlers:try to lookup type handler for 'uint32_t' => success ((<class 'pybindgen.typehandlers.inttype.UnsignedIntParam'>, None, <pybindgen.typehandlers.ctypeparser.TypeTraits object at 0xffffbc35cac0>))
DEBUG:pybindgen.typehandlers:TypeMatcher.lookup('ns3::Ipv4InterfaceAddress')
DEBUG:pybindgen.typehandlers:try to lookup type handler for 'ns3::Ipv4InterfaceAddress' => success ((<class 'pybindgen.cppclass.CppClass.__init__.<locals>.ThisClassParameter'>, None, <pybindgen.typehandlers.ctypeparser.TypeTraits object at 0xffffbc35cc10>))
DEBUG:pybindgen.typehandlers:TypeMatcher.lookup('uint32_t')
DEBUG:pybindgen.typehandlers:try to lookup type handler for 'uint32_t' => success ((<class 'pybindgen.typehandlers.inttype.UnsignedIntReturn'>, None, <pybindgen.typehandlers.ctypeparser.TypeTraits object at 0xffffbc3601c0>))
DEBUG:pybindgen.typehandlers:TypeMatcher.lookup('ns3::Ptr< ns3::NetDevice >')
DEBUG:pybindgen.typehandlers:try to lookup type handler for 'ns3::Ptr< ns3::NetDevice >' => failure
DEBUG:pybindgen.typehandlers:try to lookup type handler for 'ns3::NetDevice *' => success ((<class 'pybindgen.cppclass.MemoryPolicy.register_ptr_parameter_and_return.<locals>.ThisClassPtrParameter'>, <ns3modulegen_core_customizations.SmartPointerTransformation object at 0xffffbcfe0d90>, <pybindgen.typehandlers.ctypeparser.TypeTraits object at 0xffffbc360670>))
DEBUG:pybindgen.typehandlers:TypeMatcher.lookup('ns3::Ptr< ns3::Socket >')
DEBUG:pybindgen.typehandlers:try to lookup type handler for 'ns3::Ptr< ns3::Socket >' => failure
DEBUG:pybindgen.typehandlers:try to lookup type handler for 'ns3::Socket *' => success ((<class 'pybindgen.cppclass.MemoryPolicy.register_ptr_parameter_and_return.<locals>.ThisClassPtrReturn'>, <ns3modulegen_core_customizations.SmartPointerTransformation object at 0xffffbcfe0d90>, <pybindgen.typehandlers.ctypeparser.TypeTraits object at 0xffffbc360ca0>))
DEBUG:pybindgen.typehandlers:TypeMatcher.lookup('void')
DEBUG:pybindgen.typehandlers:try to lookup type handler for 'void' => success ((<class 'pybindgen.typehandlers.voidtype.VoidReturn'>, None, <pybindgen.typehandlers.ctypeparser.TypeTraits object at 0xffffbc3670a0>))
DEBUG:pybindgen.typehandlers:TypeMatcher.lookup('ns3::Ptr< ns3::Socket >')
DEBUG:pybindgen.typehandlers:try to lookup type handler for 'ns3::Ptr< ns3::Socket >' => failure
DEBUG:pybindgen.typehandlers:try to lookup type handler for 'ns3::Socket *' => success ((<class 'pybindgen.cppclass.MemoryPolicy.register_ptr_parameter_and_return.<locals>.ThisClassPtrParameter'>, <ns3modulegen_core_customizations.SmartPointerTransformation object at 0xffffbcfe0d90>, <pybindgen.typehandlers.ctypeparser.TypeTraits object at 0xffffbc367550>))
DEBUG:pybindgen.typehandlers:TypeMatcher.lookup('ns3::Ipv4InterfaceAddress')
DEBUG:pybindgen.typehandlers:try to lookup type handler for 'ns3::Ipv4InterfaceAddress' => success ((<class 'pybindgen.cppclass.CppClass.__init__.<locals>.ThisClassReturn'>, None, <pybindgen.typehandlers.ctypeparser.TypeTraits object at 0xffffbc3678e0>))
DEBUG:pybindgen.typehandlers:TypeMatcher.lookup('uint32_t')
DEBUG:pybindgen.typehandlers:try to lookup type handler for 'uint32_t' => success ((<class 'pybindgen.typehandlers.inttype.UnsignedIntParam'>, None, <pybindgen.typehandlers.ctypeparser.TypeTraits object at 0xffffbc367ac0>))
DEBUG:pybindgen.typehandlers:TypeMatcher.lookup('uint32_t')
DEBUG:pybindgen.typehandlers:try to lookup type handler for 'uint32_t' => success ((<class 'pybindgen.typehandlers.inttype.UnsignedIntParam'>, None, <pybindgen.typehandlers.ctypeparser.TypeTraits object at 0xffffbc367c10>))
DEBUG:pybindgen.typehandlers:TypeMatcher.lookup('ns3::Ptr< ns3::Ipv4Interface >')
DEBUG:pybindgen.typehandlers:try to lookup type handler for 'ns3::Ptr< ns3::Ipv4Interface >' => failure
DEBUG:pybindgen.typehandlers:try to lookup type handler for 'ns3::Ipv4Interface *' => success ((<class 'pybindgen.cppclass.MemoryPolicy.register_ptr_parameter_and_return.<locals>.ThisClassPtrReturn'>, <ns3modulegen_core_customizations.SmartPointerTransformation object at 0xffffbcfe0d90>, <pybindgen.typehandlers.ctypeparser.TypeTraits object at 0xffffbc36a460>))
DEBUG:pybindgen.typehandlers:TypeMatcher.lookup('uint32_t')
DEBUG:pybindgen.typehandlers:try to lookup type handler for 'uint32_t' => success ((<class 'pybindgen.typehandlers.inttype.UnsignedIntParam'>, None, <pybindgen.typehandlers.ctypeparser.TypeTraits object at 0xffffbc36a640>))
DEBUG:pybindgen.typehandlers:TypeMatcher.lookup('int32_t')
DEBUG:pybindgen.typehandlers:try to lookup type handler for 'int32_t' => success ((<class 'pybindgen.typehandlers.inttype.IntReturn'>, None, <pybindgen.typehandlers.ctypeparser.TypeTraits object at 0xffffbc36a9d0>))
DEBUG:pybindgen.typehandlers:TypeMatcher.lookup('ns3::Ipv4Address')
DEBUG:pybindgen.typehandlers:try to lookup type handler for 'ns3::Ipv4Address' => success ((<class 'pybindgen.cppclass.CppClass.__init__.<locals>.ThisClassParameter'>, None, <pybindgen.typehandlers.ctypeparser.TypeTraits object at 0xffffbc36abe0>))
DEBUG:pybindgen.typehandlers:TypeMatcher.lookup('int32_t')
DEBUG:pybindgen.typehandlers:try to lookup type handler for 'int32_t' => success ((<class 'pybindgen.typehandlers.inttype.IntReturn'>, None, <pybindgen.typehandlers.ctypeparser.TypeTraits object at 0xffffbc36f130>))
DEBUG:pybindgen.typehandlers:TypeMatcher.lookup('ns3::Ptr< ns3::NetDevice const >')
DEBUG:pybindgen.typehandlers:try to lookup type handler for 'ns3::Ptr< ns3::NetDevice const >' => failure
DEBUG:pybindgen.typehandlers:try to lookup type handler for 'ns3::NetDevice *' => success ((<class 'pybindgen.cppclass.MemoryPolicy.register_ptr_parameter_and_return.<locals>.ThisClassPtrParameter'>, <ns3modulegen_core_customizations.SmartPointerTransformation object at 0xffffbcfe0d90>, <pybindgen.typehandlers.ctypeparser.TypeTraits object at 0xffffbc36f610>))
DEBUG:pybindgen.typehandlers:TypeMatcher.lookup('int32_t')
DEBUG:pybindgen.typehandlers:try to lookup type handler for 'int32_t' => success ((<class 'pybindgen.typehandlers.inttype.IntReturn'>, None, <pybindgen.typehandlers.ctypeparser.TypeTraits object at 0xffffbc36f9d0>))
DEBUG:pybindgen.typehandlers:TypeMatcher.lookup('ns3::Ipv4Address')
DEBUG:pybindgen.typehandlers:try to lookup type handler for 'ns3::Ipv4Address' => success ((<class 'pybindgen.cppclass.CppClass.__init__.<locals>.ThisClassParameter'>, None, <pybindgen.typehandlers.ctypeparser.TypeTraits object at 0xffffbc36fbe0>))
DEBUG:pybindgen.typehandlers:TypeMatcher.lookup('ns3::Ipv4Mask')
DEBUG:pybindgen.typehandlers:try to lookup type handler for 'ns3::Ipv4Mask' => success ((<class 'pybindgen.cppclass.CppClass.__init__.<locals>.ThisClassParameter'>, None, <pybindgen.typehandlers.ctypeparser.TypeTraits object at 0xffffbc36fd30>))
DEBUG:pybindgen.typehandlers:TypeMatcher.lookup('uint16_t')
DEBUG:pybindgen.typehandlers:try to lookup type handler for 'uint16_t' => success ((<class 'pybindgen.typehandlers.inttype.UInt16Return'>, None, <pybindgen.typehandlers.ctypeparser.TypeTraits object at 0xffffbc3732e0>))
DEBUG:pybindgen.typehandlers:TypeMatcher.lookup('uint32_t')
DEBUG:pybindgen.typehandlers:try to lookup type handler for 'uint32_t' => success ((<class 'pybindgen.typehandlers.inttype.UnsignedIntParam'>, None, <pybindgen.typehandlers.ctypeparser.TypeTraits object at 0xffffbc3734f0>))
DEBUG:pybindgen.typehandlers:TypeMatcher.lookup('uint16_t')
DEBUG:pybindgen.typehandlers:try to lookup type handler for 'uint16_t' => success ((<class 'pybindgen.typehandlers.inttype.UInt16Return'>, None, <pybindgen.typehandlers.ctypeparser.TypeTraits object at 0xffffbc373a00>))
DEBUG:pybindgen.typehandlers:TypeMatcher.lookup('uint32_t')
DEBUG:pybindgen.typehandlers:try to lookup type handler for 'uint32_t' => success ((<class 'pybindgen.typehandlers.inttype.UnsignedIntParam'>, None, <pybindgen.typehandlers.ctypeparser.TypeTraits object at 0xffffbc373c10>))
DEBUG:pybindgen.typehandlers:TypeMatcher.lookup('uint32_t')
DEBUG:pybindgen.typehandlers:try to lookup type handler for 'uint32_t' => success ((<class 'pybindgen.typehandlers.inttype.UnsignedIntReturn'>, None, <pybindgen.typehandlers.ctypeparser.TypeTraits object at 0xffffbc376160>))
DEBUG:pybindgen.typehandlers:TypeMatcher.lookup('uint32_t')
DEBUG:pybindgen.typehandlers:try to lookup type handler for 'uint32_t' => success ((<class 'pybindgen.typehandlers.inttype.UnsignedIntParam'>, None, <pybindgen.typehandlers.ctypeparser.TypeTraits object at 0xffffbc376370>))
DEBUG:pybindgen.typehandlers:TypeMatcher.lookup('uint32_t')
DEBUG:pybindgen.typehandlers:try to lookup type handler for 'uint32_t' => success ((<class 'pybindgen.typehandlers.inttype.UnsignedIntReturn'>, None, <pybindgen.typehandlers.ctypeparser.TypeTraits object at 0xffffbc376880>))
DEBUG:pybindgen.typehandlers:TypeMatcher.lookup('ns3::Ptr< ns3::NetDevice >')
DEBUG:pybindgen.typehandlers:try to lookup type handler for 'ns3::Ptr< ns3::NetDevice >' => failure
DEBUG:pybindgen.typehandlers:try to lookup type handler for 'ns3::NetDevice *' => success ((<class 'pybindgen.cppclass.MemoryPolicy.register_ptr_parameter_and_return.<locals>.ThisClassPtrReturn'>, <ns3modulegen_core_customizations.SmartPointerTransformation object at 0xffffbcfe0d90>, <pybindgen.typehandlers.ctypeparser.TypeTraits object at 0xffffbc37b0d0>))
DEBUG:pybindgen.typehandlers:TypeMatcher.lookup('uint32_t')
DEBUG:pybindgen.typehandlers:try to lookup type handler for 'uint32_t' => success ((<class 'pybindgen.typehandlers.inttype.UnsignedIntParam'>, None, <pybindgen.typehandlers.ctypeparser.TypeTraits object at 0xffffbc37b2b0>))
DEBUG:pybindgen.typehandlers:TypeMatcher.lookup('ns3::Ptr< ns3::IpL4Protocol >')
DEBUG:pybindgen.typehandlers:try to lookup type handler for 'ns3::Ptr< ns3::IpL4Protocol >' => failure
DEBUG:pybindgen.typehandlers:try to lookup type handler for 'ns3::IpL4Protocol *' => failure ('')
/root/workspace/netwokr/ns-allinone-3.33/ns-3.33/src/aodv/bindings/modulegen__gcc_LP64.py:6217: Warning: exception TypeLookupError(['ns3::Ptr< ns3::IpL4Protocol >', 'ns3::IpL4Protocol *']) in wrapper public: virtual retval? ???::GetProtocol (params?) const;
  cls.add_method('GetProtocol',
DEBUG:pybindgen.typehandlers:TypeMatcher.lookup('ns3::Ptr< ns3::IpL4Protocol >')
DEBUG:pybindgen.typehandlers:try to lookup type handler for 'ns3::Ptr< ns3::IpL4Protocol >' => failure
DEBUG:pybindgen.typehandlers:try to lookup type handler for 'ns3::IpL4Protocol *' => failure ('')
/root/workspace/netwokr/ns-allinone-3.33/ns-3.33/src/aodv/bindings/modulegen__gcc_LP64.py:6222: Warning: exception TypeLookupError(['ns3::Ptr< ns3::IpL4Protocol >', 'ns3::IpL4Protocol *']) in wrapper public: virtual retval? ???::GetProtocol (params?) const;
  cls.add_method('GetProtocol',
DEBUG:pybindgen.typehandlers:TypeMatcher.lookup('ns3::Ptr< ns3::Ipv4RoutingProtocol >')
DEBUG:pybindgen.typehandlers:try to lookup type handler for 'ns3::Ptr< ns3::Ipv4RoutingProtocol >' => failure
DEBUG:pybindgen.typehandlers:try to lookup type handler for 'ns3::Ipv4RoutingProtocol *' => success ((<class 'pybindgen.cppclass.MemoryPolicy.register_ptr_parameter_and_return.<locals>.ThisClassPtrReturn'>, <ns3modulegen_core_customizations.SmartPointerTransformation object at 0xffffbcfe0d90>, <pybindgen.typehandlers.ctypeparser.TypeTraits object at 0xffffbc3845e0>))
DEBUG:pybindgen.typehandlers:TypeMatcher.lookup('ns3::TypeId')
DEBUG:pybindgen.typehandlers:try to lookup type handler for 'ns3::TypeId' => success ((<class 'pybindgen.cppclass.CppClass.__init__.<locals>.ThisClassReturn'>, None, <pybindgen.typehandlers.ctypeparser.TypeTraits object at 0xffffbc3849a0>))
DEBUG:pybindgen.typehandlers:TypeMatcher.lookup('void')
DEBUG:pybindgen.typehandlers:try to lookup type handler for 'void' => success ((<class 'pybindgen.typehandlers.voidtype.VoidReturn'>, None, <pybindgen.typehandlers.ctypeparser.TypeTraits object at 0xffffbc384ee0>))
DEBUG:pybindgen.typehandlers:TypeMatcher.lookup('ns3::Ptr< ns3::IpL4Protocol >')
DEBUG:pybindgen.typehandlers:try to lookup type handler for 'ns3::Ptr< ns3::IpL4Protocol >' => failure
DEBUG:pybindgen.typehandlers:try to lookup type handler for 'ns3::IpL4Protocol *' => failure ('')
/root/workspace/netwokr/ns-allinone-3.33/ns-3.33/src/aodv/bindings/modulegen__gcc_LP64.py:6237: Warning: exception TypeLookupError(['ns3::Ptr< ns3::IpL4Protocol >', 'ns3::IpL4Protocol *']) in wrapper public: virtual retval? ???::Insert (params?);
  cls.add_method('Insert',
DEBUG:pybindgen.typehandlers:TypeMatcher.lookup('void')
DEBUG:pybindgen.typehandlers:try to lookup type handler for 'void' => success ((<class 'pybindgen.typehandlers.voidtype.VoidReturn'>, None, <pybindgen.typehandlers.ctypeparser.TypeTraits object at 0xffffbc37b700>))
DEBUG:pybindgen.typehandlers:TypeMatcher.lookup('ns3::Ptr< ns3::IpL4Protocol >')
DEBUG:pybindgen.typehandlers:try to lookup type handler for 'ns3::Ptr< ns3::IpL4Protocol >' => failure
DEBUG:pybindgen.typehandlers:try to lookup type handler for 'ns3::IpL4Protocol *' => failure ('')
/root/workspace/netwokr/ns-allinone-3.33/ns-3.33/src/aodv/bindings/modulegen__gcc_LP64.py:6242: Warning: exception TypeLookupError(['ns3::Ptr< ns3::IpL4Protocol >', 'ns3::IpL4Protocol *']) in wrapper public: virtual retval? ???::Insert (params?);
  cls.add_method('Insert',
DEBUG:pybindgen.typehandlers:TypeMatcher.lookup('bool')
DEBUG:pybindgen.typehandlers:try to lookup type handler for 'bool' => success ((<class 'pybindgen.typehandlers.booltype.BoolReturn'>, None, <pybindgen.typehandlers.ctypeparser.TypeTraits object at 0xffffbc38b580>))
DEBUG:pybindgen.typehandlers:TypeMatcher.lookup('ns3::Ipv4Address')
DEBUG:pybindgen.typehandlers:try to lookup type handler for 'ns3::Ipv4Address' => success ((<class 'pybindgen.cppclass.CppClass.__init__.<locals>.ThisClassParameter'>, None, <pybindgen.typehandlers.ctypeparser.TypeTraits object at 0xffffbc38b7c0>))
DEBUG:pybindgen.typehandlers:TypeMatcher.lookup('uint32_t')
DEBUG:pybindgen.typehandlers:try to lookup type handler for 'uint32_t' => success ((<class 'pybindgen.typehandlers.inttype.UnsignedIntParam'>, None, <pybindgen.typehandlers.ctypeparser.TypeTraits object at 0xffffbc38b910>))
DEBUG:pybindgen.typehandlers:TypeMatcher.lookup('bool')
DEBUG:pybindgen.typehandlers:try to lookup type handler for 'bool' => success ((<class 'pybindgen.typehandlers.booltype.BoolReturn'>, None, <pybindgen.typehandlers.ctypeparser.TypeTraits object at 0xffffbc38be80>))
DEBUG:pybindgen.typehandlers:TypeMatcher.lookup('uint32_t')
DEBUG:pybindgen.typehandlers:try to lookup type handler for 'uint32_t' => success ((<class 'pybindgen.typehandlers.inttype.UnsignedIntParam'>, None, <pybindgen.typehandlers.ctypeparser.TypeTraits object at 0xffffbc38f0d0>))
DEBUG:pybindgen.typehandlers:TypeMatcher.lookup('bool')
DEBUG:pybindgen.typehandlers:try to lookup type handler for 'bool' => success ((<class 'pybindgen.typehandlers.booltype.BoolReturn'>, None, <pybindgen.typehandlers.ctypeparser.TypeTraits object at 0xffffbc38f5e0>))
DEBUG:pybindgen.typehandlers:TypeMatcher.lookup('ns3::Ipv4Address')
DEBUG:pybindgen.typehandlers:try to lookup type handler for 'ns3::Ipv4Address' => success ((<class 'pybindgen.cppclass.CppClass.__init__.<locals>.ThisClassParameter'>, None, <pybindgen.typehandlers.ctypeparser.TypeTraits object at 0xffffbc38f7f0>))
DEBUG:pybindgen.typehandlers:TypeMatcher.lookup('bool')
DEBUG:pybindgen.typehandlers:try to lookup type handler for 'bool' => success ((<class 'pybindgen.typehandlers.booltype.BoolReturn'>, None, <pybindgen.typehandlers.ctypeparser.TypeTraits object at 0xffffbc38fd00>))
DEBUG:pybindgen.typehandlers:TypeMatcher.lookup('uint32_t')
DEBUG:pybindgen.typehandlers:try to lookup type handler for 'uint32_t' => success ((<class 'pybindgen.typehandlers.inttype.UnsignedIntParam'>, None, <pybindgen.typehandlers.ctypeparser.TypeTraits object at 0xffffbc38ff10>))
DEBUG:pybindgen.typehandlers:TypeMatcher.lookup('void')
DEBUG:pybindgen.typehandlers:try to lookup type handler for 'void' => success ((<class 'pybindgen.typehandlers.voidtype.VoidReturn'>, None, <pybindgen.typehandlers.ctypeparser.TypeTraits object at 0xffffbc316460>))
DEBUG:pybindgen.typehandlers:TypeMatcher.lookup('ns3::Ptr< ns3::NetDevice >')
DEBUG:pybindgen.typehandlers:try to lookup type handler for 'ns3::Ptr< ns3::NetDevice >' => failure
DEBUG:pybindgen.typehandlers:try to lookup type handler for 'ns3::NetDevice *' => success ((<class 'pybindgen.cppclass.MemoryPolicy.register_ptr_parameter_and_return.<locals>.ThisClassPtrParameter'>, <ns3modulegen_core_customizations.SmartPointerTransformation object at 0xffffbcfe0d90>, <pybindgen.typehandlers.ctypeparser.TypeTraits object at 0xffffbc316910>))
DEBUG:pybindgen.typehandlers:TypeMatcher.lookup('ns3::Ptr< ns3::Packet const >')
DEBUG:pybindgen.typehandlers:try to lookup type handler for 'ns3::Ptr< ns3::Packet const >' => failure
DEBUG:pybindgen.typehandlers:try to lookup type handler for 'ns3::Packet *' => success ((<class 'pybindgen.cppclass.MemoryPolicy.register_ptr_parameter_and_return.<locals>.ThisClassPtrParameter'>, <ns3modulegen_core_customizations.SmartPointerTransformation object at 0xffffbcfe0d90>, <pybindgen.typehandlers.ctypeparser.TypeTraits object at 0xffffbc316c10>))
DEBUG:pybindgen.typehandlers:TypeMatcher.lookup('uint16_t')
DEBUG:pybindgen.typehandlers:try to lookup type handler for 'uint16_t' => success ((<class 'pybindgen.typehandlers.inttype.UInt16Param'>, None, <pybindgen.typehandlers.ctypeparser.TypeTraits object at 0xffffbc316c10>))
DEBUG:pybindgen.typehandlers:TypeMatcher.lookup('ns3::Address const &')
DEBUG:pybindgen.typehandlers:try to lookup type handler for 'ns3::Address const &' => success ((<class 'pybindgen.cppclass.CppClass.__init__.<locals>.ThisClassRefParameter'>, None, <pybindgen.typehandlers.ctypeparser.TypeTraits object at 0xffffbc316dc0>))
DEBUG:pybindgen.typehandlers:TypeMatcher.lookup('ns3::Address const &')
DEBUG:pybindgen.typehandlers:try to lookup type handler for 'ns3::Address const &' => success ((<class 'pybindgen.cppclass.CppClass.__init__.<locals>.ThisClassRefParameter'>, None, <pybindgen.typehandlers.ctypeparser.TypeTraits object at 0xffffbc3190a0>))
DEBUG:pybindgen.typehandlers:TypeMatcher.lookup('ns3::NetDevice::PacketType')
DEBUG:pybindgen.typehandlers:try to lookup type handler for 'ns3::NetDevice::PacketType' => success ((<class 'pybindgen.enum.Enum.set_module.<locals>.ThisEnumParameter'>, None, <pybindgen.typehandlers.ctypeparser.TypeTraits object at 0xffffbc389670>))
DEBUG:pybindgen.typehandlers:TypeMatcher.lookup('void')
DEBUG:pybindgen.typehandlers:try to lookup type handler for 'void' => success ((<class 'pybindgen.typehandlers.voidtype.VoidReturn'>, None, <pybindgen.typehandlers.ctypeparser.TypeTraits object at 0xffffbc37b880>))
DEBUG:pybindgen.typehandlers:TypeMatcher.lookup('ns3::Ptr< ns3::IpL4Protocol >')
DEBUG:pybindgen.typehandlers:try to lookup type handler for 'ns3::Ptr< ns3::IpL4Protocol >' => failure
DEBUG:pybindgen.typehandlers:try to lookup type handler for 'ns3::IpL4Protocol *' => failure ('')
/root/workspace/netwokr/ns-allinone-3.33/ns-3.33/src/aodv/bindings/modulegen__gcc_LP64.py:6271: Warning: exception TypeLookupError(['ns3::Ptr< ns3::IpL4Protocol >', 'ns3::IpL4Protocol *']) in wrapper public: virtual retval? ???::Remove (params?);
  cls.add_method('Remove',
DEBUG:pybindgen.typehandlers:TypeMatcher.lookup('void')
DEBUG:pybindgen.typehandlers:try to lookup type handler for 'void' => success ((<class 'pybindgen.typehandlers.voidtype.VoidReturn'>, None, <pybindgen.typehandlers.ctypeparser.TypeTraits object at 0xffffbc31c100>))
DEBUG:pybindgen.typehandlers:TypeMatcher.lookup('ns3::Ptr< ns3::IpL4Protocol >')
DEBUG:pybindgen.typehandlers:try to lookup type handler for 'ns3::Ptr< ns3::IpL4Protocol >' => failure
DEBUG:pybindgen.typehandlers:try to lookup type handler for 'ns3::IpL4Protocol *' => failure ('')
/root/workspace/netwokr/ns-allinone-3.33/ns-3.33/src/aodv/bindings/modulegen__gcc_LP64.py:6276: Warning: exception TypeLookupError(['ns3::Ptr< ns3::IpL4Protocol >', 'ns3::IpL4Protocol *']) in wrapper public: virtual retval? ???::Remove (params?);
  cls.add_method('Remove',
DEBUG:pybindgen.typehandlers:TypeMatcher.lookup('bool')
DEBUG:pybindgen.typehandlers:try to lookup type handler for 'bool' => success ((<class 'pybindgen.typehandlers.booltype.BoolReturn'>, None, <pybindgen.typehandlers.ctypeparser.TypeTraits object at 0xffffbc31f250>))
DEBUG:pybindgen.typehandlers:TypeMatcher.lookup('uint32_t')
DEBUG:pybindgen.typehandlers:try to lookup type handler for 'uint32_t' => success ((<class 'pybindgen.typehandlers.inttype.UnsignedIntParam'>, None, <pybindgen.typehandlers.ctypeparser.TypeTraits object at 0xffffbc31f490>))
DEBUG:pybindgen.typehandlers:TypeMatcher.lookup('uint32_t')
DEBUG:pybindgen.typehandlers:try to lookup type handler for 'uint32_t' => success ((<class 'pybindgen.typehandlers.inttype.UnsignedIntParam'>, None, <pybindgen.typehandlers.ctypeparser.TypeTraits object at 0xffffbc31f5e0>))
DEBUG:pybindgen.typehandlers:TypeMatcher.lookup('bool')
DEBUG:pybindgen.typehandlers:try to lookup type handler for 'bool' => success ((<class 'pybindgen.typehandlers.booltype.BoolReturn'>, None, <pybindgen.typehandlers.ctypeparser.TypeTraits object at 0xffffbc31fb50>))
DEBUG:pybindgen.typehandlers:TypeMatcher.lookup('uint32_t')
DEBUG:pybindgen.typehandlers:try to lookup type handler for 'uint32_t' => success ((<class 'pybindgen.typehandlers.inttype.UnsignedIntParam'>, None, <pybindgen.typehandlers.ctypeparser.TypeTraits object at 0xffffbc31fd60>))
DEBUG:pybindgen.typehandlers:TypeMatcher.lookup('ns3::Ipv4Address')
DEBUG:pybindgen.typehandlers:try to lookup type handler for 'ns3::Ipv4Address' => success ((<class 'pybindgen.cppclass.CppClass.__init__.<locals>.ThisClassParameter'>, None, <pybindgen.typehandlers.ctypeparser.TypeTraits object at 0xffffbc31feb0>))
DEBUG:pybindgen.typehandlers:TypeMatcher.lookup('ns3::Ipv4Address')
DEBUG:pybindgen.typehandlers:try to lookup type handler for 'ns3::Ipv4Address' => success ((<class 'pybindgen.cppclass.CppClass.__init__.<locals>.ThisClassReturn'>, None, <pybindgen.typehandlers.ctypeparser.TypeTraits object at 0xffffbc323400>))
DEBUG:pybindgen.typehandlers:TypeMatcher.lookup('ns3::Ptr< ns3::NetDevice const >')
DEBUG:pybindgen.typehandlers:try to lookup type handler for 'ns3::Ptr< ns3::NetDevice const >' => failure
DEBUG:pybindgen.typehandlers:try to lookup type handler for 'ns3::NetDevice *' => success ((<class 'pybindgen.cppclass.MemoryPolicy.register_ptr_parameter_and_return.<locals>.ThisClassPtrParameter'>, <ns3modulegen_core_customizations.SmartPointerTransformation object at 0xffffbcfe0d90>, <pybindgen.typehandlers.ctypeparser.TypeTraits object at 0xffffbc3238e0>))
DEBUG:pybindgen.typehandlers:TypeMatcher.lookup('ns3::Ipv4Address')
DEBUG:pybindgen.typehandlers:try to lookup type handler for 'ns3::Ipv4Address' => success ((<class 'pybindgen.cppclass.CppClass.__init__.<locals>.ThisClassParameter'>, None, <pybindgen.typehandlers.ctypeparser.TypeTraits object at 0xffffbc3238e0>))
DEBUG:pybindgen.typehandlers:TypeMatcher.lookup('ns3::Ipv4InterfaceAddress::InterfaceAddressScope_e')
DEBUG:pybindgen.typehandlers:try to lookup type handler for 'ns3::Ipv4InterfaceAddress::InterfaceAddressScope_e' => success ((<class 'pybindgen.enum.Enum.set_module.<locals>.ThisEnumParameter'>, None, <pybindgen.typehandlers.ctypeparser.TypeTraits object at 0xffffbc323a90>))
DEBUG:pybindgen.typehandlers:TypeMatcher.lookup('void')
DEBUG:pybindgen.typehandlers:try to lookup type handler for 'void' => success ((<class 'pybindgen.typehandlers.voidtype.VoidReturn'>, None, <pybindgen.typehandlers.ctypeparser.TypeTraits object at 0xffffbc328070>))
DEBUG:pybindgen.typehandlers:TypeMatcher.lookup('ns3::Ptr< ns3::Packet >')
DEBUG:pybindgen.typehandlers:try to lookup type handler for 'ns3::Ptr< ns3::Packet >' => failure
DEBUG:pybindgen.typehandlers:try to lookup type handler for 'ns3::Packet *' => success ((<class 'pybindgen.cppclass.MemoryPolicy.register_ptr_parameter_and_return.<locals>.ThisClassPtrParameter'>, <ns3modulegen_core_customizations.SmartPointerTransformation object at 0xffffbcfe0d90>, <pybindgen.typehandlers.ctypeparser.TypeTraits object at 0xffffbc31c3d0>))
DEBUG:pybindgen.typehandlers:TypeMatcher.lookup('ns3::Ipv4Address')
DEBUG:pybindgen.typehandlers:try to lookup type handler for 'ns3::Ipv4Address' => success ((<class 'pybindgen.cppclass.CppClass.__init__.<locals>.ThisClassParameter'>, None, <pybindgen.typehandlers.ctypeparser.TypeTraits object at 0xffffbc31c3d0>))
DEBUG:pybindgen.typehandlers:TypeMatcher.lookup('ns3::Ipv4Address')
DEBUG:pybindgen.typehandlers:try to lookup type handler for 'ns3::Ipv4Address' => success ((<class 'pybindgen.cppclass.CppClass.__init__.<locals>.ThisClassParameter'>, None, <pybindgen.typehandlers.ctypeparser.TypeTraits object at 0xffffbc31c520>))
DEBUG:pybindgen.typehandlers:TypeMatcher.lookup('uint8_t')
DEBUG:pybindgen.typehandlers:try to lookup type handler for 'uint8_t' => success ((<class 'pybindgen.typehandlers.inttype.UInt8Param'>, None, <pybindgen.typehandlers.ctypeparser.TypeTraits object at 0xffffbc31c1f0>))
DEBUG:pybindgen.typehandlers:TypeMatcher.lookup('ns3::Ptr< ns3::Ipv4Route >')
DEBUG:pybindgen.typehandlers:try to lookup type handler for 'ns3::Ptr< ns3::Ipv4Route >' => failure
DEBUG:pybindgen.typehandlers:try to lookup type handler for 'ns3::Ipv4Route *' => success ((<class 'pybindgen.cppclass.MemoryPolicy.register_ptr_parameter_and_return.<locals>.ThisClassPtrParameter'>, <ns3modulegen_core_customizations.SmartPointerTransformation object at 0xffffbcfe0d90>, <pybindgen.typehandlers.ctypeparser.TypeTraits object at 0xffffbc3194c0>))
DEBUG:pybindgen.typehandlers:TypeMatcher.lookup('void')
DEBUG:pybindgen.typehandlers:try to lookup type handler for 'void' => success ((<class 'pybindgen.typehandlers.voidtype.VoidReturn'>, None, <pybindgen.typehandlers.ctypeparser.TypeTraits object at 0xffffbc3281c0>))
DEBUG:pybindgen.typehandlers:TypeMatcher.lookup('ns3::Ptr< ns3::Packet >')
DEBUG:pybindgen.typehandlers:try to lookup type handler for 'ns3::Ptr< ns3::Packet >' => failure
DEBUG:pybindgen.typehandlers:try to lookup type handler for 'ns3::Packet *' => success ((<class 'pybindgen.cppclass.MemoryPolicy.register_ptr_parameter_and_return.<locals>.ThisClassPtrParameter'>, <ns3modulegen_core_customizations.SmartPointerTransformation object at 0xffffbcfe0d90>, <pybindgen.typehandlers.ctypeparser.TypeTraits object at 0xffffbc3286d0>))
DEBUG:pybindgen.typehandlers:TypeMatcher.lookup('ns3::Ipv4Header')
DEBUG:pybindgen.typehandlers:try to lookup type handler for 'ns3::Ipv4Header' => success ((<class 'pybindgen.cppclass.CppClass.__init__.<locals>.ThisClassParameter'>, None, <pybindgen.typehandlers.ctypeparser.TypeTraits object at 0xffffbc3286d0>))
DEBUG:pybindgen.typehandlers:TypeMatcher.lookup('ns3::Ptr< ns3::Ipv4Route >')
DEBUG:pybindgen.typehandlers:try to lookup type handler for 'ns3::Ptr< ns3::Ipv4Route >' => failure
DEBUG:pybindgen.typehandlers:try to lookup type handler for 'ns3::Ipv4Route *' => success ((<class 'pybindgen.cppclass.MemoryPolicy.register_ptr_parameter_and_return.<locals>.ThisClassPtrParameter'>, <ns3modulegen_core_customizations.SmartPointerTransformation object at 0xffffbcfe0d90>, <pybindgen.typehandlers.ctypeparser.TypeTraits object at 0xffffbc328b50>))
DEBUG:pybindgen.typehandlers:TypeMatcher.lookup('void')
DEBUG:pybindgen.typehandlers:try to lookup type handler for 'void' => success ((<class 'pybindgen.typehandlers.voidtype.VoidReturn'>, None, <pybindgen.typehandlers.ctypeparser.TypeTraits object at 0xffffbc328e80>))
DEBUG:pybindgen.typehandlers:TypeMatcher.lookup('uint8_t')
DEBUG:pybindgen.typehandlers:try to lookup type handler for 'uint8_t' => success ((<class 'pybindgen.typehandlers.inttype.UInt8Param'>, None, <pybindgen.typehandlers.ctypeparser.TypeTraits object at 0xffffbc32b100>))
DEBUG:pybindgen.typehandlers:TypeMatcher.lookup('void')
DEBUG:pybindgen.typehandlers:try to lookup type handler for 'void' => success ((<class 'pybindgen.typehandlers.voidtype.VoidReturn'>, None, <pybindgen.typehandlers.ctypeparser.TypeTraits object at 0xffffbc32b640>))
DEBUG:pybindgen.typehandlers:TypeMatcher.lookup('uint32_t')
DEBUG:pybindgen.typehandlers:try to lookup type handler for 'uint32_t' => success ((<class 'pybindgen.typehandlers.inttype.UnsignedIntParam'>, None, <pybindgen.typehandlers.ctypeparser.TypeTraits object at 0xffffbc32b850>))
DEBUG:pybindgen.typehandlers:TypeMatcher.lookup('void')
DEBUG:pybindgen.typehandlers:try to lookup type handler for 'void' => success ((<class 'pybindgen.typehandlers.voidtype.VoidReturn'>, None, <pybindgen.typehandlers.ctypeparser.TypeTraits object at 0xffffbc32bd60>))
DEBUG:pybindgen.typehandlers:TypeMatcher.lookup('uint32_t')
DEBUG:pybindgen.typehandlers:try to lookup type handler for 'uint32_t' => success ((<class 'pybindgen.typehandlers.inttype.UnsignedIntParam'>, None, <pybindgen.typehandlers.ctypeparser.TypeTraits object at 0xffffbc32bf70>))
DEBUG:pybindgen.typehandlers:TypeMatcher.lookup('bool')
DEBUG:pybindgen.typehandlers:try to lookup type handler for 'bool' => success ((<class 'pybindgen.typehandlers.booltype.BoolParam'>, None, <pybindgen.typehandlers.ctypeparser.TypeTraits object at 0xffffbc32f100>))
DEBUG:pybindgen.typehandlers:TypeMatcher.lookup('void')
DEBUG:pybindgen.typehandlers:try to lookup type handler for 'void' => success ((<class 'pybindgen.typehandlers.voidtype.VoidReturn'>, None, <pybindgen.typehandlers.ctypeparser.TypeTraits object at 0xffffbc32f670>))
DEBUG:pybindgen.typehandlers:TypeMatcher.lookup('uint32_t')
DEBUG:pybindgen.typehandlers:try to lookup type handler for 'uint32_t' => success ((<class 'pybindgen.typehandlers.inttype.UnsignedIntParam'>, None, <pybindgen.typehandlers.ctypeparser.TypeTraits object at 0xffffbc32f880>))
DEBUG:pybindgen.typehandlers:TypeMatcher.lookup('uint16_t')
DEBUG:pybindgen.typehandlers:try to lookup type handler for 'uint16_t' => success ((<class 'pybindgen.typehandlers.inttype.UInt16Param'>, None, <pybindgen.typehandlers.ctypeparser.TypeTraits object at 0xffffbc32f9d0>))
DEBUG:pybindgen.typehandlers:TypeMatcher.lookup('void')
DEBUG:pybindgen.typehandlers:try to lookup type handler for 'void' => success ((<class 'pybindgen.typehandlers.voidtype.VoidReturn'>, None, <pybindgen.typehandlers.ctypeparser.TypeTraits object at 0xffffbc32fee0>))
DEBUG:pybindgen.typehandlers:TypeMatcher.lookup('ns3::Ptr< ns3::Node >')
DEBUG:pybindgen.typehandlers:try to lookup type handler for 'ns3::Ptr< ns3::Node >' => failure
DEBUG:pybindgen.typehandlers:try to lookup type handler for 'ns3::Node *' => success ((<class 'pybindgen.cppclass.MemoryPolicy.register_ptr_parameter_and_return.<locals>.ThisClassPtrParameter'>, <ns3modulegen_core_customizations.SmartPointerTransformation object at 0xffffbcfe0d90>, <pybindgen.typehandlers.ctypeparser.TypeTraits object at 0xffffbc332400>))
DEBUG:pybindgen.typehandlers:TypeMatcher.lookup('void')
DEBUG:pybindgen.typehandlers:try to lookup type handler for 'void' => success ((<class 'pybindgen.typehandlers.voidtype.VoidReturn'>, None, <pybindgen.typehandlers.ctypeparser.TypeTraits object at 0xffffbc3327c0>))
DEBUG:pybindgen.typehandlers:TypeMatcher.lookup('ns3::Ptr< ns3::Ipv4RoutingProtocol >')
DEBUG:pybindgen.typehandlers:try to lookup type handler for 'ns3::Ptr< ns3::Ipv4RoutingProtocol >' => failure
DEBUG:pybindgen.typehandlers:try to lookup type handler for 'ns3::Ipv4RoutingProtocol *' => success ((<class 'pybindgen.cppclass.MemoryPolicy.register_ptr_parameter_and_return.<locals>.ThisClassPtrParameter'>, <ns3modulegen_core_customizations.SmartPointerTransformation object at 0xffffbcfe0d90>, <pybindgen.typehandlers.ctypeparser.TypeTraits object at 0xffffbc332c70>))
DEBUG:pybindgen.typehandlers:TypeMatcher.lookup('void')
DEBUG:pybindgen.typehandlers:try to lookup type handler for 'void' => success ((<class 'pybindgen.typehandlers.voidtype.VoidReturn'>, None, <pybindgen.typehandlers.ctypeparser.TypeTraits object at 0xffffbc336040>))
DEBUG:pybindgen.typehandlers:TypeMatcher.lookup('uint32_t')
DEBUG:pybindgen.typehandlers:try to lookup type handler for 'uint32_t' => success ((<class 'pybindgen.typehandlers.inttype.UnsignedIntParam'>, None, <pybindgen.typehandlers.ctypeparser.TypeTraits object at 0xffffbc336250>))
DEBUG:pybindgen.typehandlers:TypeMatcher.lookup('ns3::Ipv4Address')
DEBUG:pybindgen.typehandlers:try to lookup type handler for 'ns3::Ipv4Address' => success ((<class 'pybindgen.cppclass.CppClass.__init__.<locals>.ThisClassReturn'>, None, <pybindgen.typehandlers.ctypeparser.TypeTraits object at 0xffffbc336760>))
DEBUG:pybindgen.typehandlers:TypeMatcher.lookup('uint32_t')
DEBUG:pybindgen.typehandlers:try to lookup type handler for 'uint32_t' => success ((<class 'pybindgen.typehandlers.inttype.UnsignedIntParam'>, None, <pybindgen.typehandlers.ctypeparser.TypeTraits object at 0xffffbc336940>))
DEBUG:pybindgen.typehandlers:TypeMatcher.lookup('ns3::Ipv4Address')
DEBUG:pybindgen.typehandlers:try to lookup type handler for 'ns3::Ipv4Address' => success ((<class 'pybindgen.cppclass.CppClass.__init__.<locals>.ThisClassParameter'>, None, <pybindgen.typehandlers.ctypeparser.TypeTraits object at 0xffffbc336a90>))
DEBUG:pybindgen.typehandlers:TypeMatcher.lookup('uint16_t const')
DEBUG:pybindgen.typehandlers:try to lookup type handler for 'uint16_t const' => success ((<class 'pybindgen.typehandlers.inttype.UInt16Return'>, None, <pybindgen.typehandlers.ctypeparser.TypeTraits object at 0xffffbc336700>))
DEBUG:pybindgen.typehandlers:TypeMatcher.lookup('void')
DEBUG:pybindgen.typehandlers:try to lookup type handler for 'void' => success ((<class 'pybindgen.typehandlers.voidtype.VoidReturn'>, None, <pybindgen.typehandlers.ctypeparser.TypeTraits object at 0xffffbc33b550>))
DEBUG:pybindgen.typehandlers:TypeMatcher.lookup('void')
DEBUG:pybindgen.typehandlers:try to lookup type handler for 'void' => success ((<class 'pybindgen.typehandlers.voidtype.VoidReturn'>, None, <pybindgen.typehandlers.ctypeparser.TypeTraits object at 0xffffbc33baf0>))
DEBUG:pybindgen.typehandlers:TypeMatcher.lookup('bool')
DEBUG:pybindgen.typehandlers:try to lookup type handler for 'bool' => success ((<class 'pybindgen.typehandlers.booltype.BoolReturn'>, None, <pybindgen.typehandlers.ctypeparser.TypeTraits object at 0xffffbc33f0a0>))
DEBUG:pybindgen.typehandlers:TypeMatcher.lookup('bool')
DEBUG:pybindgen.typehandlers:try to lookup type handler for 'bool' => success ((<class 'pybindgen.typehandlers.booltype.BoolReturn'>, None, <pybindgen.typehandlers.ctypeparser.TypeTraits object at 0xffffbc33f580>))
DEBUG:pybindgen.typehandlers:TypeMatcher.lookup('void')
DEBUG:pybindgen.typehandlers:try to lookup type handler for 'void' => success ((<class 'pybindgen.typehandlers.voidtype.VoidReturn'>, None, <pybindgen.typehandlers.ctypeparser.TypeTraits object at 0xffffbc33fb20>))
DEBUG:pybindgen.typehandlers:TypeMatcher.lookup('bool')
DEBUG:pybindgen.typehandlers:try to lookup type handler for 'bool' => success ((<class 'pybindgen.typehandlers.booltype.BoolParam'>, None, <pybindgen.typehandlers.ctypeparser.TypeTraits object at 0xffffbc33fd30>))
DEBUG:pybindgen.typehandlers:TypeMatcher.lookup('void')
DEBUG:pybindgen.typehandlers:try to lookup type handler for 'void' => success ((<class 'pybindgen.typehandlers.voidtype.VoidReturn'>, None, <pybindgen.typehandlers.ctypeparser.TypeTraits object at 0xffffbc343220>))
DEBUG:pybindgen.typehandlers:TypeMatcher.lookup('bool')
DEBUG:pybindgen.typehandlers:try to lookup type handler for 'bool' => success ((<class 'pybindgen.typehandlers.booltype.BoolParam'>, None, <pybindgen.typehandlers.ctypeparser.TypeTraits object at 0xffffbc343460>))
DEBUG:pybindgen.typehandlers:TypeMatcher.lookup('ns3::Ipv4MaskChecker const &')
DEBUG:pybindgen.typehandlers:try to lookup type handler for 'ns3::Ipv4MaskChecker const &' => success ((<class 'pybindgen.cppclass.CppClass.__init__.<locals>.ThisClassRefParameter'>, None, <pybindgen.typehandlers.ctypeparser.TypeTraits object at 0xffffbc343ca0>))
DEBUG:pybindgen.typehandlers:TypeMatcher.lookup('ns3::Ipv4Mask const &')
DEBUG:pybindgen.typehandlers:try to lookup type handler for 'ns3::Ipv4Mask const &' => success ((<class 'pybindgen.cppclass.CppClass.__init__.<locals>.ThisClassRefParameter'>, None, <pybindgen.typehandlers.ctypeparser.TypeTraits object at 0xffffbc349640>))
DEBUG:pybindgen.typehandlers:TypeMatcher.lookup('ns3::Ipv4MaskValue const &')
DEBUG:pybindgen.typehandlers:try to lookup type handler for 'ns3::Ipv4MaskValue const &' => success ((<class 'pybindgen.cppclass.CppClass.__init__.<locals>.ThisClassRefParameter'>, None, <pybindgen.typehandlers.ctypeparser.TypeTraits object at 0xffffbc349c40>))
DEBUG:pybindgen.typehandlers:TypeMatcher.lookup('ns3::Ptr< ns3::AttributeValue >')
DEBUG:pybindgen.typehandlers:try to lookup type handler for 'ns3::Ptr< ns3::AttributeValue >' => failure
DEBUG:pybindgen.typehandlers:try to lookup type handler for 'ns3::AttributeValue *' => success ((<class 'pybindgen.cppclass.MemoryPolicy.register_ptr_parameter_and_return.<locals>.ThisClassPtrReturn'>, <ns3modulegen_core_customizations.SmartPointerTransformation object at 0xffffbcfe0d90>, <pybindgen.typehandlers.ctypeparser.TypeTraits object at 0xffffbc34e520>))
DEBUG:pybindgen.typehandlers:TypeMatcher.lookup('bool')
DEBUG:pybindgen.typehandlers:try to lookup type handler for 'bool' => success ((<class 'pybindgen.typehandlers.booltype.BoolReturn'>, None, <pybindgen.typehandlers.ctypeparser.TypeTraits object at 0xffffbc34e8e0>))
DEBUG:pybindgen.typehandlers:TypeMatcher.lookup('std::string')
DEBUG:pybindgen.typehandlers:try to lookup type handler for 'std::string' => success ((<class 'pybindgen.typehandlers.stringtype.StdStringParam'>, None, <pybindgen.typehandlers.ctypeparser.TypeTraits object at 0xffffbc34eaf0>))
DEBUG:pybindgen.typehandlers:TypeMatcher.lookup('ns3::Ptr< ns3::AttributeChecker const >')
DEBUG:pybindgen.typehandlers:try to lookup type handler for 'ns3::Ptr< ns3::AttributeChecker const >' => failure
DEBUG:pybindgen.typehandlers:try to lookup type handler for 'ns3::AttributeChecker *' => success ((<class 'pybindgen.cppclass.MemoryPolicy.register_ptr_parameter_and_return.<locals>.ThisClassPtrParameter'>, <ns3modulegen_core_customizations.SmartPointerTransformation object at 0xffffbcfe0d90>, <pybindgen.typehandlers.ctypeparser.TypeTraits object at 0xffffbc34ef70>))
DEBUG:pybindgen.typehandlers:TypeMatcher.lookup('ns3::Ipv4Mask')
DEBUG:pybindgen.typehandlers:try to lookup type handler for 'ns3::Ipv4Mask' => success ((<class 'pybindgen.cppclass.CppClass.__init__.<locals>.ThisClassReturn'>, None, <pybindgen.typehandlers.ctypeparser.TypeTraits object at 0xffffbc2d3370>))
DEBUG:pybindgen.typehandlers:TypeMatcher.lookup('std::string')
DEBUG:pybindgen.typehandlers:try to lookup type handler for 'std::string' => success ((<class 'pybindgen.typehandlers.stringtype.StdStringReturn'>, None, <pybindgen.typehandlers.ctypeparser.TypeTraits object at 0xffffbc2d38b0>))
DEBUG:pybindgen.typehandlers:TypeMatcher.lookup('ns3::Ptr< ns3::AttributeChecker const >')
DEBUG:pybindgen.typehandlers:try to lookup type handler for 'ns3::Ptr< ns3::AttributeChecker const >' => failure
DEBUG:pybindgen.typehandlers:try to lookup type handler for 'ns3::AttributeChecker *' => success ((<class 'pybindgen.cppclass.MemoryPolicy.register_ptr_parameter_and_return.<locals>.ThisClassPtrParameter'>, <ns3modulegen_core_customizations.SmartPointerTransformation object at 0xffffbcfe0d90>, <pybindgen.typehandlers.ctypeparser.TypeTraits object at 0xffffbc2d3d90>))
DEBUG:pybindgen.typehandlers:TypeMatcher.lookup('void')
DEBUG:pybindgen.typehandlers:try to lookup type handler for 'void' => success ((<class 'pybindgen.typehandlers.voidtype.VoidReturn'>, None, <pybindgen.typehandlers.ctypeparser.TypeTraits object at 0xffffbc2d7130>))
DEBUG:pybindgen.typehandlers:TypeMatcher.lookup('ns3::Ipv4Mask const &')
DEBUG:pybindgen.typehandlers:try to lookup type handler for 'ns3::Ipv4Mask const &' => success ((<class 'pybindgen.cppclass.CppClass.__init__.<locals>.ThisClassRefParameter'>, None, <pybindgen.typehandlers.ctypeparser.TypeTraits object at 0xffffbc2d7370>))
DEBUG:pybindgen.typehandlers:TypeMatcher.lookup('ns3::Ipv4MulticastRoute const &')
DEBUG:pybindgen.typehandlers:try to lookup type handler for 'ns3::Ipv4MulticastRoute const &' => success ((<class 'pybindgen.cppclass.CppClass.__init__.<locals>.ThisClassRefParameter'>, None, <pybindgen.typehandlers.ctypeparser.TypeTraits object at 0xffffbc2d79a0>))
DEBUG:pybindgen.typehandlers:TypeMatcher.lookup('ns3::Ipv4Address')
DEBUG:pybindgen.typehandlers:try to lookup type handler for 'ns3::Ipv4Address' => success ((<class 'pybindgen.cppclass.CppClass.__init__.<locals>.ThisClassReturn'>, None, <pybindgen.typehandlers.ctypeparser.TypeTraits object at 0xffffbc2da340>))
DEBUG:pybindgen.typehandlers:TypeMatcher.lookup('ns3::Ipv4Address')
DEBUG:pybindgen.typehandlers:try to lookup type handler for 'ns3::Ipv4Address' => success ((<class 'pybindgen.cppclass.CppClass.__init__.<locals>.ThisClassReturn'>, None, <pybindgen.typehandlers.ctypeparser.TypeTraits object at 0xffffbc2da880>))
DEBUG:pybindgen.typehandlers:TypeMatcher.lookup('std::map< unsigned int, unsigned int >')
DEBUG:pybindgen.typehandlers:try to lookup type handler for 'std::map< unsigned int, unsigned int >' => success ((<class 'pybindgen.container.Container.__init__.<locals>.ThisContainerReturn'>, None, <pybindgen.typehandlers.ctypeparser.TypeTraits object at 0xffffbc2dadc0>))
DEBUG:pybindgen.typehandlers:TypeMatcher.lookup('uint32_t')
DEBUG:pybindgen.typehandlers:try to lookup type handler for 'uint32_t' => success ((<class 'pybindgen.typehandlers.inttype.UnsignedIntReturn'>, None, <pybindgen.typehandlers.ctypeparser.TypeTraits object at 0xffffbc2de6d0>))
DEBUG:pybindgen.typehandlers:TypeMatcher.lookup('void')
DEBUG:pybindgen.typehandlers:try to lookup type handler for 'void' => success ((<class 'pybindgen.typehandlers.voidtype.VoidReturn'>, None, <pybindgen.typehandlers.ctypeparser.TypeTraits object at 0xffffbc2debe0>))
DEBUG:pybindgen.typehandlers:TypeMatcher.lookup('ns3::Ipv4Address const')
DEBUG:pybindgen.typehandlers:try to lookup type handler for 'ns3::Ipv4Address const' => success ((<class 'pybindgen.cppclass.CppClass.__init__.<locals>.ThisClassParameter'>, None, <pybindgen.typehandlers.ctypeparser.TypeTraits object at 0xffffbc2dee20>))
DEBUG:pybindgen.typehandlers:TypeMatcher.lookup('void')
DEBUG:pybindgen.typehandlers:try to lookup type handler for 'void' => success ((<class 'pybindgen.typehandlers.voidtype.VoidReturn'>, None, <pybindgen.typehandlers.ctypeparser.TypeTraits object at 0xffffbc2e43d0>))
DEBUG:pybindgen.typehandlers:TypeMatcher.lookup('ns3::Ipv4Address const')
DEBUG:pybindgen.typehandlers:try to lookup type handler for 'ns3::Ipv4Address const' => success ((<class 'pybindgen.cppclass.CppClass.__init__.<locals>.ThisClassParameter'>, None, <pybindgen.typehandlers.ctypeparser.TypeTraits object at 0xffffbc2e45e0>))
DEBUG:pybindgen.typehandlers:TypeMatcher.lookup('void')
DEBUG:pybindgen.typehandlers:try to lookup type handler for 'void' => success ((<class 'pybindgen.typehandlers.voidtype.VoidReturn'>, None, <pybindgen.typehandlers.ctypeparser.TypeTraits object at 0xffffbc2e4b50>))
DEBUG:pybindgen.typehandlers:TypeMatcher.lookup('uint32_t')
DEBUG:pybindgen.typehandlers:try to lookup type handler for 'uint32_t' => success ((<class 'pybindgen.typehandlers.inttype.UnsignedIntParam'>, None, <pybindgen.typehandlers.ctypeparser.TypeTraits object at 0xffffbc2e4d60>))
DEBUG:pybindgen.typehandlers:TypeMatcher.lookup('uint32_t')
DEBUG:pybindgen.typehandlers:try to lookup type handler for 'uint32_t' => success ((<class 'pybindgen.typehandlers.inttype.UnsignedIntParam'>, None, <pybindgen.typehandlers.ctypeparser.TypeTraits object at 0xffffbc2e4eb0>))
DEBUG:pybindgen.typehandlers:TypeMatcher.lookup('void')
DEBUG:pybindgen.typehandlers:try to lookup type handler for 'void' => success ((<class 'pybindgen.typehandlers.voidtype.VoidReturn'>, None, <pybindgen.typehandlers.ctypeparser.TypeTraits object at 0xffffbc2e8460>))
DEBUG:pybindgen.typehandlers:TypeMatcher.lookup('uint32_t')
DEBUG:pybindgen.typehandlers:try to lookup type handler for 'uint32_t' => success ((<class 'pybindgen.typehandlers.inttype.UnsignedIntParam'>, None, <pybindgen.typehandlers.ctypeparser.TypeTraits object at 0xffffbc2e8670>))
DEBUG:pybindgen.typehandlers:TypeMatcher.lookup('uint32_t const')
DEBUG:pybindgen.typehandlers:try to lookup type handler for 'uint32_t const' => success ((<class 'pybindgen.typehandlers.inttype.UnsignedIntReturn'>, None, <pybindgen.typehandlers.ctypeparser.TypeTraits object at 0xffffbc2e8b50>))
DEBUG:pybindgen.typehandlers:TypeMatcher.lookup('uint32_t const')
DEBUG:pybindgen.typehandlers:try to lookup type handler for 'uint32_t const' => success ((<class 'pybindgen.typehandlers.inttype.UnsignedIntReturn'>, None, <pybindgen.typehandlers.ctypeparser.TypeTraits object at 0xffffbc2ea190>))
DEBUG:pybindgen.typehandlers:TypeMatcher.lookup('ns3::Ipv4Route const &')
DEBUG:pybindgen.typehandlers:try to lookup type handler for 'ns3::Ipv4Route const &' => success ((<class 'pybindgen.cppclass.CppClass.__init__.<locals>.ThisClassRefParameter'>, None, <pybindgen.typehandlers.ctypeparser.TypeTraits object at 0xffffbc2ea6a0>))
DEBUG:pybindgen.typehandlers:TypeMatcher.lookup('ns3::Ipv4Address')
DEBUG:pybindgen.typehandlers:try to lookup type handler for 'ns3::Ipv4Address' => success ((<class 'pybindgen.cppclass.CppClass.__init__.<locals>.ThisClassReturn'>, None, <pybindgen.typehandlers.ctypeparser.TypeTraits object at 0xffffbc2ef0d0>))
DEBUG:pybindgen.typehandlers:TypeMatcher.lookup('ns3::Ipv4Address')
DEBUG:pybindgen.typehandlers:try to lookup type handler for 'ns3::Ipv4Address' => success ((<class 'pybindgen.cppclass.CppClass.__init__.<locals>.ThisClassReturn'>, None, <pybindgen.typehandlers.ctypeparser.TypeTraits object at 0xffffbc2ef610>))
DEBUG:pybindgen.typehandlers:TypeMatcher.lookup('ns3::Ptr< ns3::NetDevice >')
DEBUG:pybindgen.typehandlers:try to lookup type handler for 'ns3::Ptr< ns3::NetDevice >' => failure
DEBUG:pybindgen.typehandlers:try to lookup type handler for 'ns3::NetDevice *' => success ((<class 'pybindgen.cppclass.MemoryPolicy.register_ptr_parameter_and_return.<locals>.ThisClassPtrReturn'>, <ns3modulegen_core_customizations.SmartPointerTransformation object at 0xffffbcfe0d90>, <pybindgen.typehandlers.ctypeparser.TypeTraits object at 0xffffbc2efdf0>))
DEBUG:pybindgen.typehandlers:TypeMatcher.lookup('ns3::Ipv4Address')
DEBUG:pybindgen.typehandlers:try to lookup type handler for 'ns3::Ipv4Address' => success ((<class 'pybindgen.cppclass.CppClass.__init__.<locals>.ThisClassReturn'>, None, <pybindgen.typehandlers.ctypeparser.TypeTraits object at 0xffffbc2f41f0>))
DEBUG:pybindgen.typehandlers:TypeMatcher.lookup('void')
DEBUG:pybindgen.typehandlers:try to lookup type handler for 'void' => success ((<class 'pybindgen.typehandlers.voidtype.VoidReturn'>, None, <pybindgen.typehandlers.ctypeparser.TypeTraits object at 0xffffbc2f46d0>))
DEBUG:pybindgen.typehandlers:TypeMatcher.lookup('ns3::Ipv4Address')
DEBUG:pybindgen.typehandlers:try to lookup type handler for 'ns3::Ipv4Address' => success ((<class 'pybindgen.cppclass.CppClass.__init__.<locals>.ThisClassParameter'>, None, <pybindgen.typehandlers.ctypeparser.TypeTraits object at 0xffffbc2f4910>))
DEBUG:pybindgen.typehandlers:TypeMatcher.lookup('void')
DEBUG:pybindgen.typehandlers:try to lookup type handler for 'void' => success ((<class 'pybindgen.typehandlers.voidtype.VoidReturn'>, None, <pybindgen.typehandlers.ctypeparser.TypeTraits object at 0xffffbc2f4e20>))
DEBUG:pybindgen.typehandlers:TypeMatcher.lookup('ns3::Ipv4Address')
DEBUG:pybindgen.typehandlers:try to lookup type handler for 'ns3::Ipv4Address' => success ((<class 'pybindgen.cppclass.CppClass.__init__.<locals>.ThisClassParameter'>, None, <pybindgen.typehandlers.ctypeparser.TypeTraits object at 0xffffbc2f9070>))
DEBUG:pybindgen.typehandlers:TypeMatcher.lookup('void')
DEBUG:pybindgen.typehandlers:try to lookup type handler for 'void' => success ((<class 'pybindgen.typehandlers.voidtype.VoidReturn'>, None, <pybindgen.typehandlers.ctypeparser.TypeTraits object at 0xffffbc2f9580>))
DEBUG:pybindgen.typehandlers:TypeMatcher.lookup('ns3::Ptr< ns3::NetDevice >')
DEBUG:pybindgen.typehandlers:try to lookup type handler for 'ns3::Ptr< ns3::NetDevice >' => failure
DEBUG:pybindgen.typehandlers:try to lookup type handler for 'ns3::NetDevice *' => success ((<class 'pybindgen.cppclass.MemoryPolicy.register_ptr_parameter_and_return.<locals>.ThisClassPtrParameter'>, <ns3modulegen_core_customizations.SmartPointerTransformation object at 0xffffbcfe0d90>, <pybindgen.typehandlers.ctypeparser.TypeTraits object at 0xffffbc2f9a30>))
DEBUG:pybindgen.typehandlers:TypeMatcher.lookup('void')
DEBUG:pybindgen.typehandlers:try to lookup type handler for 'void' => success ((<class 'pybindgen.typehandlers.voidtype.VoidReturn'>, None, <pybindgen.typehandlers.ctypeparser.TypeTraits object at 0xffffbc2f9dc0>))
DEBUG:pybindgen.typehandlers:TypeMatcher.lookup('ns3::Ipv4Address')
DEBUG:pybindgen.typehandlers:try to lookup type handler for 'ns3::Ipv4Address' => success ((<class 'pybindgen.cppclass.CppClass.__init__.<locals>.ThisClassParameter'>, None, <pybindgen.typehandlers.ctypeparser.TypeTraits object at 0xffffbc2f9fd0>))
DEBUG:pybindgen.typehandlers:TypeMatcher.lookup('ns3::Ipv4RoutingProtocol const &')
DEBUG:pybindgen.typehandlers:try to lookup type handler for 'ns3::Ipv4RoutingProtocol const &' => success ((<class 'pybindgen.cppclass.CppClass.__init__.<locals>.ThisClassRefParameter'>, None, <pybindgen.typehandlers.ctypeparser.TypeTraits object at 0xffffbc3008b0>))
DEBUG:pybindgen.typehandlers:TypeMatcher.lookup('ns3::TypeId')
DEBUG:pybindgen.typehandlers:try to lookup type handler for 'ns3::TypeId' => success ((<class 'pybindgen.cppclass.CppClass.__init__.<locals>.ThisClassReturn'>, None, <pybindgen.typehandlers.ctypeparser.TypeTraits object at 0xffffbc300eb0>))
DEBUG:pybindgen.typehandlers:TypeMatcher.lookup('void')
DEBUG:pybindgen.typehandlers:try to lookup type handler for 'void' => success ((<class 'pybindgen.typehandlers.voidtype.VoidReturn'>, None, <pybindgen.typehandlers.ctypeparser.TypeTraits object at 0xffffbc304430>))
DEBUG:pybindgen.typehandlers:TypeMatcher.lookup('uint32_t')
DEBUG:pybindgen.typehandlers:try to lookup type handler for 'uint32_t' => success ((<class 'pybindgen.typehandlers.inttype.UnsignedIntParam'>, None, <pybindgen.typehandlers.ctypeparser.TypeTraits object at 0xffffbc304640>))
DEBUG:pybindgen.typehandlers:TypeMatcher.lookup('ns3::Ipv4InterfaceAddress')
DEBUG:pybindgen.typehandlers:try to lookup type handler for 'ns3::Ipv4InterfaceAddress' => success ((<class 'pybindgen.cppclass.CppClass.__init__.<locals>.ThisClassParameter'>, None, <pybindgen.typehandlers.ctypeparser.TypeTraits object at 0xffffbc304790>))
DEBUG:pybindgen.typehandlers:TypeMatcher.lookup('void')
DEBUG:pybindgen.typehandlers:try to lookup type handler for 'void' => success ((<class 'pybindgen.typehandlers.voidtype.VoidReturn'>, None, <pybindgen.typehandlers.ctypeparser.TypeTraits object at 0xffffbc307040>))
DEBUG:pybindgen.typehandlers:TypeMatcher.lookup('uint32_t')
DEBUG:pybindgen.typehandlers:try to lookup type handler for 'uint32_t' => success ((<class 'pybindgen.typehandlers.inttype.UnsignedIntParam'>, None, <pybindgen.typehandlers.ctypeparser.TypeTraits object at 0xffffbc307250>))
DEBUG:pybindgen.typehandlers:TypeMatcher.lookup('void')
DEBUG:pybindgen.typehandlers:try to lookup type handler for 'void' => success ((<class 'pybindgen.typehandlers.voidtype.VoidReturn'>, None, <pybindgen.typehandlers.ctypeparser.TypeTraits object at 0xffffbc307a30>))
DEBUG:pybindgen.typehandlers:TypeMatcher.lookup('uint32_t')
DEBUG:pybindgen.typehandlers:try to lookup type handler for 'uint32_t' => success ((<class 'pybindgen.typehandlers.inttype.UnsignedIntParam'>, None, <pybindgen.typehandlers.ctypeparser.TypeTraits object at 0xffffbc307c40>))
DEBUG:pybindgen.typehandlers:TypeMatcher.lookup('void')
DEBUG:pybindgen.typehandlers:try to lookup type handler for 'void' => success ((<class 'pybindgen.typehandlers.voidtype.VoidReturn'>, None, <pybindgen.typehandlers.ctypeparser.TypeTraits object at 0xffffbc30b460>))
DEBUG:pybindgen.typehandlers:TypeMatcher.lookup('uint32_t')
DEBUG:pybindgen.typehandlers:try to lookup type handler for 'uint32_t' => success ((<class 'pybindgen.typehandlers.inttype.UnsignedIntParam'>, None, <pybindgen.typehandlers.ctypeparser.TypeTraits object at 0xffffbc30b670>))
DEBUG:pybindgen.typehandlers:TypeMatcher.lookup('ns3::Ipv4InterfaceAddress')
DEBUG:pybindgen.typehandlers:try to lookup type handler for 'ns3::Ipv4InterfaceAddress' => success ((<class 'pybindgen.cppclass.CppClass.__init__.<locals>.ThisClassParameter'>, None, <pybindgen.typehandlers.ctypeparser.TypeTraits object at 0xffffbc30b7c0>))
DEBUG:pybindgen.typehandlers:TypeMatcher.lookup('void')
DEBUG:pybindgen.typehandlers:try to lookup type handler for 'void' => success ((<class 'pybindgen.typehandlers.voidtype.VoidReturn'>, None, <pybindgen.typehandlers.ctypeparser.TypeTraits object at 0xffffbc30bfd0>))
DEBUG:pybindgen.typehandlers:TypeMatcher.lookup('ns3::Ptr< ns3::OutputStreamWrapper >')
DEBUG:pybindgen.typehandlers:try to lookup type handler for 'ns3::Ptr< ns3::OutputStreamWrapper >' => failure
DEBUG:pybindgen.typehandlers:try to lookup type handler for 'ns3::OutputStreamWrapper *' => success ((<class 'pybindgen.cppclass.MemoryPolicy.register_ptr_parameter_and_return.<locals>.ThisClassPtrParameter'>, <ns3modulegen_core_customizations.SmartPointerTransformation object at 0xffffbcfe0d90>, <pybindgen.typehandlers.ctypeparser.TypeTraits object at 0xffffbc2914c0>))
DEBUG:pybindgen.typehandlers:TypeMatcher.lookup('ns3::Time::Unit')
DEBUG:pybindgen.typehandlers:try to lookup type handler for 'ns3::Time::Unit' => success ((<class 'pybindgen.enum.Enum.set_module.<locals>.ThisEnumParameter'>, None, <pybindgen.typehandlers.ctypeparser.TypeTraits object at 0xffffbc2914c0>))
DEBUG:pybindgen.typehandlers:TypeMatcher.lookup('bool')
DEBUG:pybindgen.typehandlers:try to lookup type handler for 'bool' => success ((<class 'pybindgen.typehandlers.booltype.BoolReturn'>, None, <pybindgen.typehandlers.ctypeparser.TypeTraits object at 0xffffbc291d00>))
DEBUG:pybindgen.typehandlers:TypeMatcher.lookup('ns3::Ptr< ns3::Packet const >')
DEBUG:pybindgen.typehandlers:try to lookup type handler for 'ns3::Ptr< ns3::Packet const >' => failure
DEBUG:pybindgen.typehandlers:try to lookup type handler for 'ns3::Packet *' => success ((<class 'pybindgen.cppclass.MemoryPolicy.register_ptr_parameter_and_return.<locals>.ThisClassPtrParameter'>, <ns3modulegen_core_customizations.SmartPointerTransformation object at 0xffffbcfe0d90>, <pybindgen.typehandlers.ctypeparser.TypeTraits object at 0xffffbc297220>))
DEBUG:pybindgen.typehandlers:TypeMatcher.lookup('ns3::Ipv4Header const &')
DEBUG:pybindgen.typehandlers:try to lookup type handler for 'ns3::Ipv4Header const &' => success ((<class 'pybindgen.cppclass.CppClass.__init__.<locals>.ThisClassRefParameter'>, None, <pybindgen.typehandlers.ctypeparser.TypeTraits object at 0xffffbc291f40>))
DEBUG:pybindgen.typehandlers:TypeMatcher.lookup('ns3::Ptr< ns3::NetDevice const >')
DEBUG:pybindgen.typehandlers:try to lookup type handler for 'ns3::Ptr< ns3::NetDevice const >' => failure
DEBUG:pybindgen.typehandlers:try to lookup type handler for 'ns3::NetDevice *' => success ((<class 'pybindgen.cppclass.MemoryPolicy.register_ptr_parameter_and_return.<locals>.ThisClassPtrParameter'>, <ns3modulegen_core_customizations.SmartPointerTransformation object at 0xffffbcfe0d90>, <pybindgen.typehandlers.ctypeparser.TypeTraits object at 0xffffbc2977f0>))
DEBUG:pybindgen.typehandlers:TypeMatcher.lookup('ns3::Callback< void, ns3::Ptr< ns3::Ipv4Route >, ns3::Ptr< ns3::Packet const >, ns3::Ipv4Header const &, ns3::empty, ns3::empty, ns3::empty, ns3::empty, ns3::empty, ns3::empty >')
DEBUG:pybindgen.typehandlers:try to lookup type handler for 'ns3::Callback< void, ns3::Ptr< ns3::Ipv4Route >, ns3::Ptr< ns3::Packet const >, ns3::Ipv4Header const &, ns3::empty, ns3::empty, ns3::empty, ns3::empty, ns3::empty, ns3::empty >' => success ((<class 'ns3modulegen_core_customizations.register_callback_classes.<locals>.PythonCallbackParameter'>, None, <pybindgen.typehandlers.ctypeparser.TypeTraits object at 0xffffbc2977f0>))
DEBUG:pybindgen.typehandlers:TypeMatcher.lookup('ns3::Callback< void, ns3::Ptr< ns3::Ipv4MulticastRoute >, ns3::Ptr< ns3::Packet const >, ns3::Ipv4Header const &, ns3::empty, ns3::empty, ns3::empty, ns3::empty, ns3::empty, ns3::empty >')
DEBUG:pybindgen.typehandlers:try to lookup type handler for 'ns3::Callback< void, ns3::Ptr< ns3::Ipv4MulticastRoute >, ns3::Ptr< ns3::Packet const >, ns3::Ipv4Header const &, ns3::empty, ns3::empty, ns3::empty, ns3::empty, ns3::empty, ns3::empty >' => failure
'ns3::Callback< void, ns3::Ptr< ns3::Ipv4MulticastRoute >, ns3::Ptr< ns3::Packet const >, ns3::Ipv4Header const &, ns3::empty, ns3::empty, ns3::empty, ns3::empty, ns3::empty, ns3::empty >' did not match
/root/workspace/netwokr/ns-allinone-3.33/ns-3.33/src/aodv/bindings/modulegen__gcc_LP64.py:6544: Warning: exception TypeLookupError(['ns3::Callback< void, ns3::Ptr< ns3::Ipv4MulticastRoute >, ns3::Ptr< ns3::Packet const >, ns3::Ipv4Header const &, ns3::empty, ns3::empty, ns3::empty, ns3::empty, ns3::empty, ns3::empty >']) in wrapper public: virtual retval? ???::RouteInput (params?) = 0;
  cls.add_method('RouteInput',
DEBUG:pybindgen.typehandlers:TypeMatcher.lookup('ns3::Ptr< ns3::Ipv4Route >')
DEBUG:pybindgen.typehandlers:try to lookup type handler for 'ns3::Ptr< ns3::Ipv4Route >' => failure
DEBUG:pybindgen.typehandlers:try to lookup type handler for 'ns3::Ipv4Route *' => success ((<class 'pybindgen.cppclass.MemoryPolicy.register_ptr_parameter_and_return.<locals>.ThisClassPtrReturn'>, <ns3modulegen_core_customizations.SmartPointerTransformation object at 0xffffbcfe0d90>, <pybindgen.typehandlers.ctypeparser.TypeTraits object at 0xffffbc2a2b80>))
DEBUG:pybindgen.typehandlers:TypeMatcher.lookup('ns3::Ptr< ns3::Packet >')
DEBUG:pybindgen.typehandlers:try to lookup type handler for 'ns3::Ptr< ns3::Packet >' => failure
DEBUG:pybindgen.typehandlers:try to lookup type handler for 'ns3::Packet *' => success ((<class 'pybindgen.cppclass.MemoryPolicy.register_ptr_parameter_and_return.<locals>.ThisClassPtrParameter'>, <ns3modulegen_core_customizations.SmartPointerTransformation object at 0xffffbcfe0d90>, <pybindgen.typehandlers.ctypeparser.TypeTraits object at 0xffffbc2a2e80>))
DEBUG:pybindgen.typehandlers:TypeMatcher.lookup('ns3::Ipv4Header const &')
DEBUG:pybindgen.typehandlers:try to lookup type handler for 'ns3::Ipv4Header const &' => success ((<class 'pybindgen.cppclass.CppClass.__init__.<locals>.ThisClassRefParameter'>, None, <pybindgen.typehandlers.ctypeparser.TypeTraits object at 0xffffbc2a2e80>))
DEBUG:pybindgen.typehandlers:TypeMatcher.lookup('ns3::Ptr< ns3::NetDevice >')
DEBUG:pybindgen.typehandlers:try to lookup type handler for 'ns3::Ptr< ns3::NetDevice >' => failure
DEBUG:pybindgen.typehandlers:try to lookup type handler for 'ns3::NetDevice *' => success ((<class 'pybindgen.cppclass.MemoryPolicy.register_ptr_parameter_and_return.<locals>.ThisClassPtrParameter'>, <ns3modulegen_core_customizations.SmartPointerTransformation object at 0xffffbcfe0d90>, <pybindgen.typehandlers.ctypeparser.TypeTraits object at 0xffffbc2a7430>))
DEBUG:pybindgen.typehandlers:TypeMatcher.lookup('ns3::Socket::SocketErrno &')
DEBUG:pybindgen.typehandlers:try to lookup type handler for 'ns3::Socket::SocketErrno &' => success ((<class 'pybindgen.enum.Enum.set_module.<locals>.ThisEnumRefParameter'>, None, <pybindgen.typehandlers.ctypeparser.TypeTraits object at 0xffffbc2a7430>))
DEBUG:pybindgen.typehandlers:TypeMatcher.lookup('void')
DEBUG:pybindgen.typehandlers:try to lookup type handler for 'void' => success ((<class 'pybindgen.typehandlers.voidtype.VoidReturn'>, None, <pybindgen.typehandlers.ctypeparser.TypeTraits object at 0xffffbc2a7a00>))
DEBUG:pybindgen.typehandlers:TypeMatcher.lookup('ns3::Ptr< ns3::Ipv4 >')
DEBUG:pybindgen.typehandlers:try to lookup type handler for 'ns3::Ptr< ns3::Ipv4 >' => failure
DEBUG:pybindgen.typehandlers:try to lookup type handler for 'ns3::Ipv4 *' => success ((<class 'pybindgen.cppclass.MemoryPolicy.register_ptr_parameter_and_return.<locals>.ThisClassPtrParameter'>, <ns3modulegen_core_customizations.SmartPointerTransformation object at 0xffffbcfe0d90>, <pybindgen.typehandlers.ctypeparser.TypeTraits object at 0xffffbc2a7eb0>))
DEBUG:pybindgen.typehandlers:TypeMatcher.lookup('ns3::Ipv6AddressChecker const &')
DEBUG:pybindgen.typehandlers:try to lookup type handler for 'ns3::Ipv6AddressChecker const &' => success ((<class 'pybindgen.cppclass.CppClass.__init__.<locals>.ThisClassRefParameter'>, None, <pybindgen.typehandlers.ctypeparser.TypeTraits object at 0xffffbc2aa5e0>))
DEBUG:pybindgen.typehandlers:TypeMatcher.lookup('ns3::Ipv6Address const &')
DEBUG:pybindgen.typehandlers:try to lookup type handler for 'ns3::Ipv6Address const &' => success ((<class 'pybindgen.cppclass.CppClass.__init__.<locals>.ThisClassRefParameter'>, None, <pybindgen.typehandlers.ctypeparser.TypeTraits object at 0xffffbc2aaf40>))
DEBUG:pybindgen.typehandlers:TypeMatcher.lookup('ns3::Ipv6AddressValue const &')
DEBUG:pybindgen.typehandlers:try to lookup type handler for 'ns3::Ipv6AddressValue const &' => success ((<class 'pybindgen.cppclass.CppClass.__init__.<locals>.ThisClassRefParameter'>, None, <pybindgen.typehandlers.ctypeparser.TypeTraits object at 0xffffbc299ca0>))
DEBUG:pybindgen.typehandlers:TypeMatcher.lookup('ns3::Ptr< ns3::AttributeValue >')
DEBUG:pybindgen.typehandlers:try to lookup type handler for 'ns3::Ptr< ns3::AttributeValue >' => failure
DEBUG:pybindgen.typehandlers:try to lookup type handler for 'ns3::AttributeValue *' => success ((<class 'pybindgen.cppclass.MemoryPolicy.register_ptr_parameter_and_return.<locals>.ThisClassPtrReturn'>, <ns3modulegen_core_customizations.SmartPointerTransformation object at 0xffffbcfe0d90>, <pybindgen.typehandlers.ctypeparser.TypeTraits object at 0xffffbc29b310>))
DEBUG:pybindgen.typehandlers:TypeMatcher.lookup('bool')
DEBUG:pybindgen.typehandlers:try to lookup type handler for 'bool' => success ((<class 'pybindgen.typehandlers.booltype.BoolReturn'>, None, <pybindgen.typehandlers.ctypeparser.TypeTraits object at 0xffffbc304df0>))
DEBUG:pybindgen.typehandlers:TypeMatcher.lookup('std::string')
DEBUG:pybindgen.typehandlers:try to lookup type handler for 'std::string' => success ((<class 'pybindgen.typehandlers.stringtype.StdStringParam'>, None, <pybindgen.typehandlers.ctypeparser.TypeTraits object at 0xffffbc307700>))
DEBUG:pybindgen.typehandlers:TypeMatcher.lookup('ns3::Ptr< ns3::AttributeChecker const >')
DEBUG:pybindgen.typehandlers:try to lookup type handler for 'ns3::Ptr< ns3::AttributeChecker const >' => failure
DEBUG:pybindgen.typehandlers:try to lookup type handler for 'ns3::AttributeChecker *' => success ((<class 'pybindgen.cppclass.MemoryPolicy.register_ptr_parameter_and_return.<locals>.ThisClassPtrParameter'>, <ns3modulegen_core_customizations.SmartPointerTransformation object at 0xffffbcfe0d90>, <pybindgen.typehandlers.ctypeparser.TypeTraits object at 0xffffbc30bf40>))
DEBUG:pybindgen.typehandlers:TypeMatcher.lookup('ns3::Ipv6Address')
DEBUG:pybindgen.typehandlers:try to lookup type handler for 'ns3::Ipv6Address' => success ((<class 'pybindgen.cppclass.CppClass.__init__.<locals>.ThisClassReturn'>, None, <pybindgen.typehandlers.ctypeparser.TypeTraits object at 0xffffbc291d30>))
DEBUG:pybindgen.typehandlers:TypeMatcher.lookup('std::string')
DEBUG:pybindgen.typehandlers:try to lookup type handler for 'std::string' => success ((<class 'pybindgen.typehandlers.stringtype.StdStringReturn'>, None, <pybindgen.typehandlers.ctypeparser.TypeTraits object at 0xffffbc384f70>))
DEBUG:pybindgen.typehandlers:TypeMatcher.lookup('ns3::Ptr< ns3::AttributeChecker const >')
DEBUG:pybindgen.typehandlers:try to lookup type handler for 'ns3::Ptr< ns3::AttributeChecker const >' => failure
DEBUG:pybindgen.typehandlers:try to lookup type handler for 'ns3::AttributeChecker *' => success ((<class 'pybindgen.cppclass.MemoryPolicy.register_ptr_parameter_and_return.<locals>.ThisClassPtrParameter'>, <ns3modulegen_core_customizations.SmartPointerTransformation object at 0xffffbcfe0d90>, <pybindgen.typehandlers.ctypeparser.TypeTraits object at 0xffffbc389280>))
DEBUG:pybindgen.typehandlers:TypeMatcher.lookup('void')
DEBUG:pybindgen.typehandlers:try to lookup type handler for 'void' => success ((<class 'pybindgen.typehandlers.voidtype.VoidReturn'>, None, <pybindgen.typehandlers.ctypeparser.TypeTraits object at 0xffffbc2b0370>))
DEBUG:pybindgen.typehandlers:TypeMatcher.lookup('ns3::Ipv6Address const &')
DEBUG:pybindgen.typehandlers:try to lookup type handler for 'ns3::Ipv6Address const &' => success ((<class 'pybindgen.cppclass.CppClass.__init__.<locals>.ThisClassRefParameter'>, None, <pybindgen.typehandlers.ctypeparser.TypeTraits object at 0xffffbc2b0580>))
DEBUG:pybindgen.typehandlers:TypeMatcher.lookup('ns3::Ipv6PrefixChecker const &')
DEBUG:pybindgen.typehandlers:try to lookup type handler for 'ns3::Ipv6PrefixChecker const &' => success ((<class 'pybindgen.cppclass.CppClass.__init__.<locals>.ThisClassRefParameter'>, None, <pybindgen.typehandlers.ctypeparser.TypeTraits object at 0xffffbc2b0f10>))
DEBUG:pybindgen.typehandlers:TypeMatcher.lookup('ns3::Ipv6Prefix const &')
DEBUG:pybindgen.typehandlers:try to lookup type handler for 'ns3::Ipv6Prefix const &' => success ((<class 'pybindgen.cppclass.CppClass.__init__.<locals>.ThisClassRefParameter'>, None, <pybindgen.typehandlers.ctypeparser.TypeTraits object at 0xffffbc2b48b0>))
DEBUG:pybindgen.typehandlers:TypeMatcher.lookup('ns3::Ipv6PrefixValue const &')
DEBUG:pybindgen.typehandlers:try to lookup type handler for 'ns3::Ipv6PrefixValue const &' => success ((<class 'pybindgen.cppclass.CppClass.__init__.<locals>.ThisClassRefParameter'>, None, <pybindgen.typehandlers.ctypeparser.TypeTraits object at 0xffffbc2b4eb0>))
DEBUG:pybindgen.typehandlers:TypeMatcher.lookup('ns3::Ptr< ns3::AttributeValue >')
DEBUG:pybindgen.typehandlers:try to lookup type handler for 'ns3::Ptr< ns3::AttributeValue >' => failure
DEBUG:pybindgen.typehandlers:try to lookup type handler for 'ns3::AttributeValue *' => success ((<class 'pybindgen.cppclass.MemoryPolicy.register_ptr_parameter_and_return.<locals>.ThisClassPtrReturn'>, <ns3modulegen_core_customizations.SmartPointerTransformation object at 0xffffbcfe0d90>, <pybindgen.typehandlers.ctypeparser.TypeTraits object at 0xffffbc2b9790>))
DEBUG:pybindgen.typehandlers:TypeMatcher.lookup('bool')
DEBUG:pybindgen.typehandlers:try to lookup type handler for 'bool' => success ((<class 'pybindgen.typehandlers.booltype.BoolReturn'>, None, <pybindgen.typehandlers.ctypeparser.TypeTraits object at 0xffffbc2b9b50>))
DEBUG:pybindgen.typehandlers:TypeMatcher.lookup('std::string')
DEBUG:pybindgen.typehandlers:try to lookup type handler for 'std::string' => success ((<class 'pybindgen.typehandlers.stringtype.StdStringParam'>, None, <pybindgen.typehandlers.ctypeparser.TypeTraits object at 0xffffbc2b9d60>))
DEBUG:pybindgen.typehandlers:TypeMatcher.lookup('ns3::Ptr< ns3::AttributeChecker const >')
DEBUG:pybindgen.typehandlers:try to lookup type handler for 'ns3::Ptr< ns3::AttributeChecker const >' => failure
DEBUG:pybindgen.typehandlers:try to lookup type handler for 'ns3::AttributeChecker *' => success ((<class 'pybindgen.cppclass.MemoryPolicy.register_ptr_parameter_and_return.<locals>.ThisClassPtrParameter'>, <ns3modulegen_core_customizations.SmartPointerTransformation object at 0xffffbcfe0d90>, <pybindgen.typehandlers.ctypeparser.TypeTraits object at 0xffffbc2bc220>))
DEBUG:pybindgen.typehandlers:TypeMatcher.lookup('ns3::Ipv6Prefix')
DEBUG:pybindgen.typehandlers:try to lookup type handler for 'ns3::Ipv6Prefix' => success ((<class 'pybindgen.cppclass.CppClass.__init__.<locals>.ThisClassReturn'>, None, <pybindgen.typehandlers.ctypeparser.TypeTraits object at 0xffffbc2bc5e0>))
DEBUG:pybindgen.typehandlers:TypeMatcher.lookup('std::string')
DEBUG:pybindgen.typehandlers:try to lookup type handler for 'std::string' => success ((<class 'pybindgen.typehandlers.stringtype.StdStringReturn'>, None, <pybindgen.typehandlers.ctypeparser.TypeTraits object at 0xffffbc2bcb20>))
DEBUG:pybindgen.typehandlers:TypeMatcher.lookup('ns3::Ptr< ns3::AttributeChecker const >')
DEBUG:pybindgen.typehandlers:try to lookup type handler for 'ns3::Ptr< ns3::AttributeChecker const >' => failure
DEBUG:pybindgen.typehandlers:try to lookup type handler for 'ns3::AttributeChecker *' => success ((<class 'pybindgen.cppclass.MemoryPolicy.register_ptr_parameter_and_return.<locals>.ThisClassPtrParameter'>, <ns3modulegen_core_customizations.SmartPointerTransformation object at 0xffffbcfe0d90>, <pybindgen.typehandlers.ctypeparser.TypeTraits object at 0xffffbc2c0040>))
DEBUG:pybindgen.typehandlers:TypeMatcher.lookup('void')
DEBUG:pybindgen.typehandlers:try to lookup type handler for 'void' => success ((<class 'pybindgen.typehandlers.voidtype.VoidReturn'>, None, <pybindgen.typehandlers.ctypeparser.TypeTraits object at 0xffffbc2c03a0>))
DEBUG:pybindgen.typehandlers:TypeMatcher.lookup('ns3::Ipv6Prefix const &')
DEBUG:pybindgen.typehandlers:try to lookup type handler for 'ns3::Ipv6Prefix const &' => success ((<class 'pybindgen.cppclass.CppClass.__init__.<locals>.ThisClassRefParameter'>, None, <pybindgen.typehandlers.ctypeparser.TypeTraits object at 0xffffbc2c05e0>))
DEBUG:pybindgen.typehandlers:TypeMatcher.lookup('ns3::TypeId')
DEBUG:pybindgen.typehandlers:try to lookup type handler for 'ns3::TypeId' => success ((<class 'pybindgen.cppclass.CppClass.__init__.<locals>.ThisClassReturn'>, None, <pybindgen.typehandlers.ctypeparser.TypeTraits object at 0xffffbc2c0c10>))
DEBUG:pybindgen.typehandlers:TypeMatcher.lookup('double')
DEBUG:pybindgen.typehandlers:try to lookup type handler for 'double' => success ((<class 'pybindgen.typehandlers.doubletype.DoubleReturn'>, None, <pybindgen.typehandlers.ctypeparser.TypeTraits object at 0xffffbc2c34f0>))
DEBUG:pybindgen.typehandlers:TypeMatcher.lookup('double')
DEBUG:pybindgen.typehandlers:try to lookup type handler for 'double' => success ((<class 'pybindgen.typehandlers.doubletype.DoubleReturn'>, None, <pybindgen.typehandlers.ctypeparser.TypeTraits object at 0xffffbc2c3a60>))
DEBUG:pybindgen.typehandlers:TypeMatcher.lookup('double')
DEBUG:pybindgen.typehandlers:try to lookup type handler for 'double' => success ((<class 'pybindgen.typehandlers.doubletype.DoubleReturn'>, None, <pybindgen.typehandlers.ctypeparser.TypeTraits object at 0xffffbc2c3f70>))
DEBUG:pybindgen.typehandlers:TypeMatcher.lookup('double')
DEBUG:pybindgen.typehandlers:try to lookup type handler for 'double' => success ((<class 'pybindgen.typehandlers.doubletype.DoubleParam'>, None, <pybindgen.typehandlers.ctypeparser.TypeTraits object at 0xffffbc2cb1f0>))
DEBUG:pybindgen.typehandlers:TypeMatcher.lookup('double')
DEBUG:pybindgen.typehandlers:try to lookup type handler for 'double' => success ((<class 'pybindgen.typehandlers.doubletype.DoubleParam'>, None, <pybindgen.typehandlers.ctypeparser.TypeTraits object at 0xffffbc2cb340>))
DEBUG:pybindgen.typehandlers:TypeMatcher.lookup('uint32_t')
DEBUG:pybindgen.typehandlers:try to lookup type handler for 'uint32_t' => success ((<class 'pybindgen.typehandlers.inttype.UnsignedIntReturn'>, None, <pybindgen.typehandlers.ctypeparser.TypeTraits object at 0xffffbc2cb8b0>))
DEBUG:pybindgen.typehandlers:TypeMatcher.lookup('uint32_t')
DEBUG:pybindgen.typehandlers:try to lookup type handler for 'uint32_t' => success ((<class 'pybindgen.typehandlers.inttype.UnsignedIntParam'>, None, <pybindgen.typehandlers.ctypeparser.TypeTraits object at 0xffffbc2cbac0>))
DEBUG:pybindgen.typehandlers:TypeMatcher.lookup('uint32_t')
DEBUG:pybindgen.typehandlers:try to lookup type handler for 'uint32_t' => success ((<class 'pybindgen.typehandlers.inttype.UnsignedIntParam'>, None, <pybindgen.typehandlers.ctypeparser.TypeTraits object at 0xffffbc2cbc10>))
DEBUG:pybindgen.typehandlers:TypeMatcher.lookup('double')
DEBUG:pybindgen.typehandlers:try to lookup type handler for 'double' => success ((<class 'pybindgen.typehandlers.doubletype.DoubleReturn'>, None, <pybindgen.typehandlers.ctypeparser.TypeTraits object at 0xffffbc2cd1f0>))
DEBUG:pybindgen.typehandlers:TypeMatcher.lookup('uint32_t')
DEBUG:pybindgen.typehandlers:try to lookup type handler for 'uint32_t' => success ((<class 'pybindgen.typehandlers.inttype.UnsignedIntReturn'>, None, <pybindgen.typehandlers.ctypeparser.TypeTraits object at 0xffffbc2cda30>))
DEBUG:pybindgen.typehandlers:TypeMatcher.lookup('ns3::Mac48AddressChecker const &')
DEBUG:pybindgen.typehandlers:try to lookup type handler for 'ns3::Mac48AddressChecker const &' => success ((<class 'pybindgen.cppclass.CppClass.__init__.<locals>.ThisClassRefParameter'>, None, <pybindgen.typehandlers.ctypeparser.TypeTraits object at 0xffffbc2525e0>))
DEBUG:pybindgen.typehandlers:TypeMatcher.lookup('ns3::Mac48Address const &')
DEBUG:pybindgen.typehandlers:try to lookup type handler for 'ns3::Mac48Address const &' => success ((<class 'pybindgen.cppclass.CppClass.__init__.<locals>.ThisClassRefParameter'>, None, <pybindgen.typehandlers.ctypeparser.TypeTraits object at 0xffffbc252f40>))
DEBUG:pybindgen.typehandlers:TypeMatcher.lookup('ns3::Mac48AddressValue const &')
DEBUG:pybindgen.typehandlers:try to lookup type handler for 'ns3::Mac48AddressValue const &' => success ((<class 'pybindgen.cppclass.CppClass.__init__.<locals>.ThisClassRefParameter'>, None, <pybindgen.typehandlers.ctypeparser.TypeTraits object at 0xffffbc256580>))
DEBUG:pybindgen.typehandlers:TypeMatcher.lookup('ns3::Ptr< ns3::AttributeValue >')
DEBUG:pybindgen.typehandlers:try to lookup type handler for 'ns3::Ptr< ns3::AttributeValue >' => failure
DEBUG:pybindgen.typehandlers:try to lookup type handler for 'ns3::AttributeValue *' => success ((<class 'pybindgen.cppclass.MemoryPolicy.register_ptr_parameter_and_return.<locals>.ThisClassPtrReturn'>, <ns3modulegen_core_customizations.SmartPointerTransformation object at 0xffffbcfe0d90>, <pybindgen.typehandlers.ctypeparser.TypeTraits object at 0xffffbc256e20>))
DEBUG:pybindgen.typehandlers:TypeMatcher.lookup('bool')
DEBUG:pybindgen.typehandlers:try to lookup type handler for 'bool' => success ((<class 'pybindgen.typehandlers.booltype.BoolReturn'>, None, <pybindgen.typehandlers.ctypeparser.TypeTraits object at 0xffffbc3fa220>))
DEBUG:pybindgen.typehandlers:TypeMatcher.lookup('std::string')
DEBUG:pybindgen.typehandlers:try to lookup type handler for 'std::string' => success ((<class 'pybindgen.typehandlers.stringtype.StdStringParam'>, None, <pybindgen.typehandlers.ctypeparser.TypeTraits object at 0xffffbc3fa430>))
DEBUG:pybindgen.typehandlers:TypeMatcher.lookup('ns3::Ptr< ns3::AttributeChecker const >')
DEBUG:pybindgen.typehandlers:try to lookup type handler for 'ns3::Ptr< ns3::AttributeChecker const >' => failure
DEBUG:pybindgen.typehandlers:try to lookup type handler for 'ns3::AttributeChecker *' => success ((<class 'pybindgen.cppclass.MemoryPolicy.register_ptr_parameter_and_return.<locals>.ThisClassPtrParameter'>, <ns3modulegen_core_customizations.SmartPointerTransformation object at 0xffffbcfe0d90>, <pybindgen.typehandlers.ctypeparser.TypeTraits object at 0xffffbc3fa8b0>))
DEBUG:pybindgen.typehandlers:TypeMatcher.lookup('ns3::Mac48Address')
DEBUG:pybindgen.typehandlers:try to lookup type handler for 'ns3::Mac48Address' => success ((<class 'pybindgen.cppclass.CppClass.__init__.<locals>.ThisClassReturn'>, None, <pybindgen.typehandlers.ctypeparser.TypeTraits object at 0xffffbc3fac70>))
DEBUG:pybindgen.typehandlers:TypeMatcher.lookup('std::string')
DEBUG:pybindgen.typehandlers:try to lookup type handler for 'std::string' => success ((<class 'pybindgen.typehandlers.stringtype.StdStringReturn'>, None, <pybindgen.typehandlers.ctypeparser.TypeTraits object at 0xffffbc2601f0>))
DEBUG:pybindgen.typehandlers:TypeMatcher.lookup('ns3::Ptr< ns3::AttributeChecker const >')
DEBUG:pybindgen.typehandlers:try to lookup type handler for 'ns3::Ptr< ns3::AttributeChecker const >' => failure
DEBUG:pybindgen.typehandlers:try to lookup type handler for 'ns3::AttributeChecker *' => success ((<class 'pybindgen.cppclass.MemoryPolicy.register_ptr_parameter_and_return.<locals>.ThisClassPtrParameter'>, <ns3modulegen_core_customizations.SmartPointerTransformation object at 0xffffbcfe0d90>, <pybindgen.typehandlers.ctypeparser.TypeTraits object at 0xffffbc2606d0>))
DEBUG:pybindgen.typehandlers:TypeMatcher.lookup('void')
DEBUG:pybindgen.typehandlers:try to lookup type handler for 'void' => success ((<class 'pybindgen.typehandlers.voidtype.VoidReturn'>, None, <pybindgen.typehandlers.ctypeparser.TypeTraits object at 0xffffbc260a30>))
DEBUG:pybindgen.typehandlers:TypeMatcher.lookup('ns3::Mac48Address const &')
DEBUG:pybindgen.typehandlers:try to lookup type handler for 'ns3::Mac48Address const &' => success ((<class 'pybindgen.cppclass.CppClass.__init__.<locals>.ThisClassRefParameter'>, None, <pybindgen.typehandlers.ctypeparser.TypeTraits object at 0xffffbc260c70>))
DEBUG:pybindgen.typehandlers:TypeMatcher.lookup('ns3::NetDevice const &')
DEBUG:pybindgen.typehandlers:try to lookup type handler for 'ns3::NetDevice const &' => success ((<class 'pybindgen.cppclass.CppClass.__init__.<locals>.ThisClassRefParameter'>, None, <pybindgen.typehandlers.ctypeparser.TypeTraits object at 0xffffbc265640>))
DEBUG:pybindgen.typehandlers:TypeMatcher.lookup('void')
DEBUG:pybindgen.typehandlers:try to lookup type handler for 'void' => success ((<class 'pybindgen.typehandlers.voidtype.VoidReturn'>, None, <pybindgen.typehandlers.ctypeparser.TypeTraits object at 0xffffbc265c40>))
DEBUG:pybindgen.typehandlers:TypeMatcher.lookup('ns3::Callback< void, ns3::empty, ns3::empty, ns3::empty, ns3::empty, ns3::empty, ns3::empty, ns3::empty, ns3::empty, ns3::empty >')
DEBUG:pybindgen.typehandlers:try to lookup type handler for 'ns3::Callback< void, ns3::empty, ns3::empty, ns3::empty, ns3::empty, ns3::empty, ns3::empty, ns3::empty, ns3::empty, ns3::empty >' => failure
'ns3::Callback< void, ns3::empty, ns3::empty, ns3::empty, ns3::empty, ns3::empty, ns3::empty, ns3::empty, ns3::empty, ns3::empty >' did not match
/root/workspace/netwokr/ns-allinone-3.33/ns-3.33/src/aodv/bindings/modulegen__gcc_LP64.py:6724: Warning: exception TypeLookupError(['ns3::Callback< void, ns3::empty, ns3::empty, ns3::empty, ns3::empty, ns3::empty, ns3::empty, ns3::empty, ns3::empty, ns3::empty >']) in wrapper public: virtual retval? ???::AddLinkChangeCallback (params?) = 0;
  cls.add_method('AddLinkChangeCallback',
DEBUG:pybindgen.typehandlers:TypeMatcher.lookup('ns3::Address')
DEBUG:pybindgen.typehandlers:try to lookup type handler for 'ns3::Address' => success ((<class 'pybindgen.cppclass.CppClass.__init__.<locals>.ThisClassReturn'>, None, <pybindgen.typehandlers.ctypeparser.TypeTraits object at 0xffffbc2699a0>))
DEBUG:pybindgen.typehandlers:TypeMatcher.lookup('ns3::Address')
DEBUG:pybindgen.typehandlers:try to lookup type handler for 'ns3::Address' => success ((<class 'pybindgen.cppclass.CppClass.__init__.<locals>.ThisClassReturn'>, None, <pybindgen.typehandlers.ctypeparser.TypeTraits object at 0xffffbc26f070>))
DEBUG:pybindgen.typehandlers:TypeMatcher.lookup('ns3::Ptr< ns3::Channel >')
DEBUG:pybindgen.typehandlers:try to lookup type handler for 'ns3::Ptr< ns3::Channel >' => failure
DEBUG:pybindgen.typehandlers:try to lookup type handler for 'ns3::Channel *' => failure ('')
/root/workspace/netwokr/ns-allinone-3.33/ns-3.33/src/aodv/bindings/modulegen__gcc_LP64.py:6739: Warning: exception TypeLookupError(['ns3::Ptr< ns3::Channel >', 'ns3::Channel *']) in wrapper public: virtual retval? ???::GetChannel (params?) const = 0;
  cls.add_method('GetChannel',
DEBUG:pybindgen.typehandlers:TypeMatcher.lookup('uint32_t')
DEBUG:pybindgen.typehandlers:try to lookup type handler for 'uint32_t' => success ((<class 'pybindgen.typehandlers.inttype.UnsignedIntReturn'>, None, <pybindgen.typehandlers.ctypeparser.TypeTraits object at 0xffffbc2731c0>))
DEBUG:pybindgen.typehandlers:TypeMatcher.lookup('uint16_t')
DEBUG:pybindgen.typehandlers:try to lookup type handler for 'uint16_t' => success ((<class 'pybindgen.typehandlers.inttype.UInt16Return'>, None, <pybindgen.typehandlers.ctypeparser.TypeTraits object at 0xffffbc273700>))
DEBUG:pybindgen.typehandlers:TypeMatcher.lookup('ns3::Address')
DEBUG:pybindgen.typehandlers:try to lookup type handler for 'ns3::Address' => success ((<class 'pybindgen.cppclass.CppClass.__init__.<locals>.ThisClassReturn'>, None, <pybindgen.typehandlers.ctypeparser.TypeTraits object at 0xffffbc273c70>))
DEBUG:pybindgen.typehandlers:TypeMatcher.lookup('ns3::Ipv4Address')
DEBUG:pybindgen.typehandlers:try to lookup type handler for 'ns3::Ipv4Address' => success ((<class 'pybindgen.cppclass.CppClass.__init__.<locals>.ThisClassParameter'>, None, <pybindgen.typehandlers.ctypeparser.TypeTraits object at 0xffffbc273e50>))
DEBUG:pybindgen.typehandlers:TypeMatcher.lookup('ns3::Address')
DEBUG:pybindgen.typehandlers:try to lookup type handler for 'ns3::Address' => success ((<class 'pybindgen.cppclass.CppClass.__init__.<locals>.ThisClassReturn'>, None, <pybindgen.typehandlers.ctypeparser.TypeTraits object at 0xffffbc2793a0>))
DEBUG:pybindgen.typehandlers:TypeMatcher.lookup('ns3::Ipv6Address')
DEBUG:pybindgen.typehandlers:try to lookup type handler for 'ns3::Ipv6Address' => success ((<class 'pybindgen.cppclass.CppClass.__init__.<locals>.ThisClassParameter'>, None, <pybindgen.typehandlers.ctypeparser.TypeTraits object at 0xffffbc279580>))
DEBUG:pybindgen.typehandlers:TypeMatcher.lookup('ns3::Ptr< ns3::Node >')
DEBUG:pybindgen.typehandlers:try to lookup type handler for 'ns3::Ptr< ns3::Node >' => failure
DEBUG:pybindgen.typehandlers:try to lookup type handler for 'ns3::Node *' => success ((<class 'pybindgen.cppclass.MemoryPolicy.register_ptr_parameter_and_return.<locals>.ThisClassPtrReturn'>, <ns3modulegen_core_customizations.SmartPointerTransformation object at 0xffffbcfe0d90>, <pybindgen.typehandlers.ctypeparser.TypeTraits object at 0xffffbc279d00>))
DEBUG:pybindgen.typehandlers:TypeMatcher.lookup('ns3::TypeId')
DEBUG:pybindgen.typehandlers:try to lookup type handler for 'ns3::TypeId' => success ((<class 'pybindgen.cppclass.CppClass.__init__.<locals>.ThisClassReturn'>, None, <pybindgen.typehandlers.ctypeparser.TypeTraits object at 0xffffbc26f550>))
DEBUG:pybindgen.typehandlers:TypeMatcher.lookup('bool')
DEBUG:pybindgen.typehandlers:try to lookup type handler for 'bool' => success ((<class 'pybindgen.typehandlers.booltype.BoolReturn'>, None, <pybindgen.typehandlers.ctypeparser.TypeTraits object at 0xffffbc27e130>))
DEBUG:pybindgen.typehandlers:TypeMatcher.lookup('bool')
DEBUG:pybindgen.typehandlers:try to lookup type handler for 'bool' => success ((<class 'pybindgen.typehandlers.booltype.BoolReturn'>, None, <pybindgen.typehandlers.ctypeparser.TypeTraits object at 0xffffbc27e6a0>))
DEBUG:pybindgen.typehandlers:TypeMatcher.lookup('bool')
DEBUG:pybindgen.typehandlers:try to lookup type handler for 'bool' => success ((<class 'pybindgen.typehandlers.booltype.BoolReturn'>, None, <pybindgen.typehandlers.ctypeparser.TypeTraits object at 0xffffbc27ec10>))
DEBUG:pybindgen.typehandlers:TypeMatcher.lookup('bool')
DEBUG:pybindgen.typehandlers:try to lookup type handler for 'bool' => success ((<class 'pybindgen.typehandlers.booltype.BoolReturn'>, None, <pybindgen.typehandlers.ctypeparser.TypeTraits object at 0xffffbc2841c0>))
DEBUG:pybindgen.typehandlers:TypeMatcher.lookup('bool')
DEBUG:pybindgen.typehandlers:try to lookup type handler for 'bool' => success ((<class 'pybindgen.typehandlers.booltype.BoolReturn'>, None, <pybindgen.typehandlers.ctypeparser.TypeTraits object at 0xffffbc284730>))
DEBUG:pybindgen.typehandlers:TypeMatcher.lookup('bool')
DEBUG:pybindgen.typehandlers:try to lookup type handler for 'bool' => success ((<class 'pybindgen.typehandlers.booltype.BoolReturn'>, None, <pybindgen.typehandlers.ctypeparser.TypeTraits object at 0xffffbc284ca0>))
DEBUG:pybindgen.typehandlers:TypeMatcher.lookup('bool')
DEBUG:pybindgen.typehandlers:try to lookup type handler for 'bool' => success ((<class 'pybindgen.typehandlers.booltype.BoolReturn'>, None, <pybindgen.typehandlers.ctypeparser.TypeTraits object at 0xffffbc288280>))
DEBUG:pybindgen.typehandlers:TypeMatcher.lookup('ns3::Ptr< ns3::Packet >')
DEBUG:pybindgen.typehandlers:try to lookup type handler for 'ns3::Ptr< ns3::Packet >' => failure
DEBUG:pybindgen.typehandlers:try to lookup type handler for 'ns3::Packet *' => success ((<class 'pybindgen.cppclass.MemoryPolicy.register_ptr_parameter_and_return.<locals>.ThisClassPtrParameter'>, <ns3modulegen_core_customizations.SmartPointerTransformation object at 0xffffbcfe0d90>, <pybindgen.typehandlers.ctypeparser.TypeTraits object at 0xffffbc288730>))
DEBUG:pybindgen.typehandlers:TypeMatcher.lookup('ns3::Address const &')
DEBUG:pybindgen.typehandlers:try to lookup type handler for 'ns3::Address const &' => success ((<class 'pybindgen.cppclass.CppClass.__init__.<locals>.ThisClassRefParameter'>, None, <pybindgen.typehandlers.ctypeparser.TypeTraits object at 0xffffbc288730>))
DEBUG:pybindgen.typehandlers:TypeMatcher.lookup('uint16_t')
DEBUG:pybindgen.typehandlers:try to lookup type handler for 'uint16_t' => success ((<class 'pybindgen.typehandlers.inttype.UInt16Param'>, None, <pybindgen.typehandlers.ctypeparser.TypeTraits object at 0xffffbc288940>))
DEBUG:pybindgen.typehandlers:TypeMatcher.lookup('bool')
DEBUG:pybindgen.typehandlers:try to lookup type handler for 'bool' => success ((<class 'pybindgen.typehandlers.booltype.BoolReturn'>, None, <pybindgen.typehandlers.ctypeparser.TypeTraits object at 0xffffbc288f10>))
DEBUG:pybindgen.typehandlers:TypeMatcher.lookup('ns3::Ptr< ns3::Packet >')
DEBUG:pybindgen.typehandlers:try to lookup type handler for 'ns3::Ptr< ns3::Packet >' => failure
DEBUG:pybindgen.typehandlers:try to lookup type handler for 'ns3::Packet *' => success ((<class 'pybindgen.cppclass.MemoryPolicy.register_ptr_parameter_and_return.<locals>.ThisClassPtrParameter'>, <ns3modulegen_core_customizations.SmartPointerTransformation object at 0xffffbcfe0d90>, <pybindgen.typehandlers.ctypeparser.TypeTraits object at 0xffffbc28c400>))
DEBUG:pybindgen.typehandlers:TypeMatcher.lookup('ns3::Address const &')
DEBUG:pybindgen.typehandlers:try to lookup type handler for 'ns3::Address const &' => success ((<class 'pybindgen.cppclass.CppClass.__init__.<locals>.ThisClassRefParameter'>, None, <pybindgen.typehandlers.ctypeparser.TypeTraits object at 0xffffbc28c400>))
DEBUG:pybindgen.typehandlers:TypeMatcher.lookup('ns3::Address const &')
DEBUG:pybindgen.typehandlers:try to lookup type handler for 'ns3::Address const &' => success ((<class 'pybindgen.cppclass.CppClass.__init__.<locals>.ThisClassRefParameter'>, None, <pybindgen.typehandlers.ctypeparser.TypeTraits object at 0xffffbc28c610>))
DEBUG:pybindgen.typehandlers:TypeMatcher.lookup('uint16_t')
DEBUG:pybindgen.typehandlers:try to lookup type handler for 'uint16_t' => success ((<class 'pybindgen.typehandlers.inttype.UInt16Param'>, None, <pybindgen.typehandlers.ctypeparser.TypeTraits object at 0xffffbc28c910>))
DEBUG:pybindgen.typehandlers:TypeMatcher.lookup('void')
DEBUG:pybindgen.typehandlers:try to lookup type handler for 'void' => success ((<class 'pybindgen.typehandlers.voidtype.VoidReturn'>, None, <pybindgen.typehandlers.ctypeparser.TypeTraits object at 0xffffbc28ce80>))
DEBUG:pybindgen.typehandlers:TypeMatcher.lookup('ns3::Address')
DEBUG:pybindgen.typehandlers:try to lookup type handler for 'ns3::Address' => success ((<class 'pybindgen.cppclass.CppClass.__init__.<locals>.ThisClassParameter'>, None, <pybindgen.typehandlers.ctypeparser.TypeTraits object at 0xffffbc28f0d0>))
DEBUG:pybindgen.typehandlers:TypeMatcher.lookup('void')
DEBUG:pybindgen.typehandlers:try to lookup type handler for 'void' => success ((<class 'pybindgen.typehandlers.voidtype.VoidReturn'>, None, <pybindgen.typehandlers.ctypeparser.TypeTraits object at 0xffffbc28f5e0>))
DEBUG:pybindgen.typehandlers:TypeMatcher.lookup('uint32_t const')
DEBUG:pybindgen.typehandlers:try to lookup type handler for 'uint32_t const' => success ((<class 'pybindgen.typehandlers.inttype.UnsignedIntParam'>, None, <pybindgen.typehandlers.ctypeparser.TypeTraits object at 0xffffbc28f7f0>))
DEBUG:pybindgen.typehandlers:TypeMatcher.lookup('bool')
DEBUG:pybindgen.typehandlers:try to lookup type handler for 'bool' => success ((<class 'pybindgen.typehandlers.booltype.BoolReturn'>, None, <pybindgen.typehandlers.ctypeparser.TypeTraits object at 0xffffbc28fd60>))
DEBUG:pybindgen.typehandlers:TypeMatcher.lookup('uint16_t const')
DEBUG:pybindgen.typehandlers:try to lookup type handler for 'uint16_t const' => success ((<class 'pybindgen.typehandlers.inttype.UInt16Param'>, None, <pybindgen.typehandlers.ctypeparser.TypeTraits object at 0xffffbc28ff70>))
DEBUG:pybindgen.typehandlers:TypeMatcher.lookup('void')
DEBUG:pybindgen.typehandlers:try to lookup type handler for 'void' => success ((<class 'pybindgen.typehandlers.voidtype.VoidReturn'>, None, <pybindgen.typehandlers.ctypeparser.TypeTraits object at 0xffffbc214520>))
DEBUG:pybindgen.typehandlers:TypeMatcher.lookup('ns3::Ptr< ns3::Node >')
DEBUG:pybindgen.typehandlers:try to lookup type handler for 'ns3::Ptr< ns3::Node >' => failure
DEBUG:pybindgen.typehandlers:try to lookup type handler for 'ns3::Node *' => success ((<class 'pybindgen.cppclass.MemoryPolicy.register_ptr_parameter_and_return.<locals>.ThisClassPtrParameter'>, <ns3modulegen_core_customizations.SmartPointerTransformation object at 0xffffbcfe0d90>, <pybindgen.typehandlers.ctypeparser.TypeTraits object at 0xffffbc2149d0>))
DEBUG:pybindgen.typehandlers:TypeMatcher.lookup('void')
DEBUG:pybindgen.typehandlers:try to lookup type handler for 'void' => success ((<class 'pybindgen.typehandlers.voidtype.VoidReturn'>, None, <pybindgen.typehandlers.ctypeparser.TypeTraits object at 0xffffbc214d60>))
DEBUG:pybindgen.typehandlers:TypeMatcher.lookup('ns3::Callback< bool, ns3::Ptr< ns3::NetDevice >, ns3::Ptr< ns3::Packet const >, unsigned short, ns3::Address const &, ns3::Address const &, ns3::NetDevice::PacketType, ns3::empty, ns3::empty, ns3::empty >')
DEBUG:pybindgen.typehandlers:try to lookup type handler for 'ns3::Callback< bool, ns3::Ptr< ns3::NetDevice >, ns3::Ptr< ns3::Packet const >, unsigned short, ns3::Address const &, ns3::Address const &, ns3::NetDevice::PacketType, ns3::empty, ns3::empty, ns3::empty >' => failure
'ns3::Callback< bool, ns3::Ptr< ns3::NetDevice >, ns3::Ptr< ns3::Packet const >, unsigned short, ns3::Address const &, ns3::Address const &, ns3::NetDevice::PacketType, ns3::empty, ns3::empty, ns3::empty >' did not match
/root/workspace/netwokr/ns-allinone-3.33/ns-3.33/src/aodv/bindings/modulegen__gcc_LP64.py:6834: Warning: exception TypeLookupError(['ns3::Callback< bool, ns3::Ptr< ns3::NetDevice >, ns3::Ptr< ns3::Packet const >, unsigned short, ns3::Address const &, ns3::Address const &, ns3::NetDevice::PacketType, ns3::empty, ns3::empty, ns3::empty >']) in wrapper public: virtual retval? ???::SetPromiscReceiveCallback (params?) = 0;
  cls.add_method('SetPromiscReceiveCallback',
DEBUG:pybindgen.typehandlers:TypeMatcher.lookup('void')
DEBUG:pybindgen.typehandlers:try to lookup type handler for 'void' => success ((<class 'pybindgen.typehandlers.voidtype.VoidReturn'>, None, <pybindgen.typehandlers.ctypeparser.TypeTraits object at 0xffffbc216fa0>))
DEBUG:pybindgen.typehandlers:TypeMatcher.lookup('ns3::Callback< bool, ns3::Ptr< ns3::NetDevice >, ns3::Ptr< ns3::Packet const >, unsigned short, ns3::Address const &, ns3::empty, ns3::empty, ns3::empty, ns3::empty, ns3::empty >')
DEBUG:pybindgen.typehandlers:try to lookup type handler for 'ns3::Callback< bool, ns3::Ptr< ns3::NetDevice >, ns3::Ptr< ns3::Packet const >, unsigned short, ns3::Address const &, ns3::empty, ns3::empty, ns3::empty, ns3::empty, ns3::empty >' => failure
'ns3::Callback< bool, ns3::Ptr< ns3::NetDevice >, ns3::Ptr< ns3::Packet const >, unsigned short, ns3::Address const &, ns3::empty, ns3::empty, ns3::empty, ns3::empty, ns3::empty >' did not match
/root/workspace/netwokr/ns-allinone-3.33/ns-3.33/src/aodv/bindings/modulegen__gcc_LP64.py:6839: Warning: exception TypeLookupError(['ns3::Callback< bool, ns3::Ptr< ns3::NetDevice >, ns3::Ptr< ns3::Packet const >, unsigned short, ns3::Address const &, ns3::empty, ns3::empty, ns3::empty, ns3::empty, ns3::empty >']) in wrapper public: virtual retval? ???::SetReceiveCallback (params?) = 0;
  cls.add_method('SetReceiveCallback',
DEBUG:pybindgen.typehandlers:TypeMatcher.lookup('bool')
DEBUG:pybindgen.typehandlers:try to lookup type handler for 'bool' => success ((<class 'pybindgen.typehandlers.booltype.BoolReturn'>, None, <pybindgen.typehandlers.ctypeparser.TypeTraits object at 0xffffbc216ca0>))
DEBUG:pybindgen.typehandlers:TypeMatcher.lookup('ns3::NixVector const &')
DEBUG:pybindgen.typehandlers:try to lookup type handler for 'ns3::NixVector const &' => success ((<class 'pybindgen.cppclass.CppClass.__init__.<locals>.ThisClassRefParameter'>, None, <pybindgen.typehandlers.ctypeparser.TypeTraits object at 0xffffbc222370>))
DEBUG:pybindgen.typehandlers:TypeMatcher.lookup('void')
DEBUG:pybindgen.typehandlers:try to lookup type handler for 'void' => success ((<class 'pybindgen.typehandlers.voidtype.VoidReturn'>, None, <pybindgen.typehandlers.ctypeparser.TypeTraits object at 0xffffbc222940>))
DEBUG:pybindgen.typehandlers:TypeMatcher.lookup('uint32_t')
DEBUG:pybindgen.typehandlers:try to lookup type handler for 'uint32_t' => success ((<class 'pybindgen.typehandlers.inttype.UnsignedIntParam'>, None, <pybindgen.typehandlers.ctypeparser.TypeTraits object at 0xffffbc222b50>))
DEBUG:pybindgen.typehandlers:TypeMatcher.lookup('uint32_t')
DEBUG:pybindgen.typehandlers:try to lookup type handler for 'uint32_t' => success ((<class 'pybindgen.typehandlers.inttype.UnsignedIntParam'>, None, <pybindgen.typehandlers.ctypeparser.TypeTraits object at 0xffffbc222ca0>))
DEBUG:pybindgen.typehandlers:TypeMatcher.lookup('uint32_t')
DEBUG:pybindgen.typehandlers:try to lookup type handler for 'uint32_t' => success ((<class 'pybindgen.typehandlers.inttype.UnsignedIntReturn'>, None, <pybindgen.typehandlers.ctypeparser.TypeTraits object at 0xffffbc227280>))
DEBUG:pybindgen.typehandlers:TypeMatcher.lookup('uint32_t')
DEBUG:pybindgen.typehandlers:try to lookup type handler for 'uint32_t' => success ((<class 'pybindgen.typehandlers.inttype.UnsignedIntParam'>, None, <pybindgen.typehandlers.ctypeparser.TypeTraits object at 0xffffbc227490>))
DEBUG:pybindgen.typehandlers:TypeMatcher.lookup('ns3::Ptr< ns3::NixVector >')
DEBUG:pybindgen.typehandlers:try to lookup type handler for 'ns3::Ptr< ns3::NixVector >' => failure
DEBUG:pybindgen.typehandlers:try to lookup type handler for 'ns3::NixVector *' => success ((<class 'pybindgen.cppclass.MemoryPolicy.register_ptr_parameter_and_return.<locals>.ThisClassPtrReturn'>, <ns3modulegen_core_customizations.SmartPointerTransformation object at 0xffffbcfe0d90>, <pybindgen.typehandlers.ctypeparser.TypeTraits object at 0xffffbc227c40>))
DEBUG:pybindgen.typehandlers:TypeMatcher.lookup('uint32_t')
DEBUG:pybindgen.typehandlers:try to lookup type handler for 'uint32_t' => success ((<class 'pybindgen.typehandlers.inttype.UnsignedIntReturn'>, None, <pybindgen.typehandlers.ctypeparser.TypeTraits object at 0xffffbc227fa0>))
DEBUG:pybindgen.typehandlers:TypeMatcher.lookup('uint32_t const *')
DEBUG:pybindgen.typehandlers:try to lookup type handler for 'uint32_t const *' => success ((<class 'pybindgen.typehandlers.inttype.UnsignedIntPtrParam'>, None, <pybindgen.typehandlers.ctypeparser.TypeTraits object at 0xffffbc22e220>))
DEBUG:pybindgen.typehandlers:TypeMatcher.lookup('uint32_t')
DEBUG:pybindgen.typehandlers:try to lookup type handler for 'uint32_t' => success ((<class 'pybindgen.typehandlers.inttype.UnsignedIntParam'>, None, <pybindgen.typehandlers.ctypeparser.TypeTraits object at 0xffffbc22e460>))
DEBUG:pybindgen.typehandlers:TypeMatcher.lookup('uint32_t')
DEBUG:pybindgen.typehandlers:try to lookup type handler for 'uint32_t' => success ((<class 'pybindgen.typehandlers.inttype.UnsignedIntReturn'>, None, <pybindgen.typehandlers.ctypeparser.TypeTraits object at 0xffffbc21ca00>))
DEBUG:pybindgen.typehandlers:TypeMatcher.lookup('uint32_t')
DEBUG:pybindgen.typehandlers:try to lookup type handler for 'uint32_t' => success ((<class 'pybindgen.typehandlers.inttype.UnsignedIntParam'>, None, <pybindgen.typehandlers.ctypeparser.TypeTraits object at 0xffffbc216040>))
DEBUG:pybindgen.typehandlers:TypeMatcher.lookup('uint32_t')
DEBUG:pybindgen.typehandlers:try to lookup type handler for 'uint32_t' => success ((<class 'pybindgen.typehandlers.inttype.UnsignedIntReturn'>, None, <pybindgen.typehandlers.ctypeparser.TypeTraits object at 0xffffbc2163d0>))
DEBUG:pybindgen.typehandlers:TypeMatcher.lookup('uint32_t')
DEBUG:pybindgen.typehandlers:try to lookup type handler for 'uint32_t' => success ((<class 'pybindgen.typehandlers.inttype.UnsignedIntReturn'>, None, <pybindgen.typehandlers.ctypeparser.TypeTraits object at 0xffffbc2167f0>))
DEBUG:pybindgen.typehandlers:TypeMatcher.lookup('uint32_t')
DEBUG:pybindgen.typehandlers:try to lookup type handler for 'uint32_t' => success ((<class 'pybindgen.typehandlers.inttype.UnsignedIntReturn'>, None, <pybindgen.typehandlers.ctypeparser.TypeTraits object at 0xffffbc22ea60>))
DEBUG:pybindgen.typehandlers:TypeMatcher.lookup('uint32_t *')
DEBUG:pybindgen.typehandlers:try to lookup type handler for 'uint32_t *' => success ((<class 'pybindgen.typehandlers.inttype.UnsignedIntPtrParam'>, None, <pybindgen.typehandlers.ctypeparser.TypeTraits object at 0xffffbc22ec70>))
DEBUG:pybindgen.typehandlers:TypeMatcher.lookup('uint32_t')
DEBUG:pybindgen.typehandlers:try to lookup type handler for 'uint32_t' => success ((<class 'pybindgen.typehandlers.inttype.UnsignedIntParam'>, None, <pybindgen.typehandlers.ctypeparser.TypeTraits object at 0xffffbc22ee50>))
DEBUG:pybindgen.typehandlers:TypeMatcher.lookup('ns3::Node const &')
DEBUG:pybindgen.typehandlers:try to lookup type handler for 'ns3::Node const &' => success ((<class 'pybindgen.cppclass.CppClass.__init__.<locals>.ThisClassRefParameter'>, None, <pybindgen.typehandlers.ctypeparser.TypeTraits object at 0xffffbc232400>))
DEBUG:pybindgen.typehandlers:TypeMatcher.lookup('uint32_t')
DEBUG:pybindgen.typehandlers:try to lookup type handler for 'uint32_t' => success ((<class 'pybindgen.typehandlers.inttype.UnsignedIntParam'>, None, <pybindgen.typehandlers.ctypeparser.TypeTraits object at 0xffffbc232d60>))
DEBUG:pybindgen.typehandlers:TypeMatcher.lookup('uint32_t')
DEBUG:pybindgen.typehandlers:try to lookup type handler for 'uint32_t' => success ((<class 'pybindgen.typehandlers.inttype.UnsignedIntReturn'>, None, <pybindgen.typehandlers.ctypeparser.TypeTraits object at 0xffffbc236280>))
DEBUG:pybindgen.typehandlers:TypeMatcher.lookup('ns3::Ptr< ns3::Application >')
DEBUG:pybindgen.typehandlers:try to lookup type handler for 'ns3::Ptr< ns3::Application >' => failure
DEBUG:pybindgen.typehandlers:try to lookup type handler for 'ns3::Application *' => failure ('')
/root/workspace/netwokr/ns-allinone-3.33/ns-3.33/src/aodv/bindings/modulegen__gcc_LP64.py:6902: Warning: exception TypeLookupError(['ns3::Ptr< ns3::Application >', 'ns3::Application *']) in wrapper public: retval? ???::AddApplication (params?);
  cls.add_method('AddApplication',
DEBUG:pybindgen.typehandlers:TypeMatcher.lookup('uint32_t')
DEBUG:pybindgen.typehandlers:try to lookup type handler for 'uint32_t' => success ((<class 'pybindgen.typehandlers.inttype.UnsignedIntReturn'>, None, <pybindgen.typehandlers.ctypeparser.TypeTraits object at 0xffffbc236940>))
DEBUG:pybindgen.typehandlers:TypeMatcher.lookup('ns3::Ptr< ns3::NetDevice >')
DEBUG:pybindgen.typehandlers:try to lookup type handler for 'ns3::Ptr< ns3::NetDevice >' => failure
DEBUG:pybindgen.typehandlers:try to lookup type handler for 'ns3::NetDevice *' => success ((<class 'pybindgen.cppclass.MemoryPolicy.register_ptr_parameter_and_return.<locals>.ThisClassPtrParameter'>, <ns3modulegen_core_customizations.SmartPointerTransformation object at 0xffffbcfe0d90>, <pybindgen.typehandlers.ctypeparser.TypeTraits object at 0xffffbc236e50>))
DEBUG:pybindgen.typehandlers:TypeMatcher.lookup('bool')
DEBUG:pybindgen.typehandlers:try to lookup type handler for 'bool' => success ((<class 'pybindgen.typehandlers.booltype.BoolReturn'>, None, <pybindgen.typehandlers.ctypeparser.TypeTraits object at 0xffffbc23a250>))
DEBUG:pybindgen.typehandlers:TypeMatcher.lookup('ns3::Ptr< ns3::Application >')
DEBUG:pybindgen.typehandlers:try to lookup type handler for 'ns3::Ptr< ns3::Application >' => failure
DEBUG:pybindgen.typehandlers:try to lookup type handler for 'ns3::Application *' => failure ('')
/root/workspace/netwokr/ns-allinone-3.33/ns-3.33/src/aodv/bindings/modulegen__gcc_LP64.py:6915: Warning: exception TypeLookupError(['ns3::Ptr< ns3::Application >', 'ns3::Application *']) in wrapper public: retval? ???::GetApplication (params?) const;
  cls.add_method('GetApplication',
DEBUG:pybindgen.typehandlers:TypeMatcher.lookup('ns3::Ptr< ns3::NetDevice >')
DEBUG:pybindgen.typehandlers:try to lookup type handler for 'ns3::Ptr< ns3::NetDevice >' => failure
DEBUG:pybindgen.typehandlers:try to lookup type handler for 'ns3::NetDevice *' => success ((<class 'pybindgen.cppclass.MemoryPolicy.register_ptr_parameter_and_return.<locals>.ThisClassPtrReturn'>, <ns3modulegen_core_customizations.SmartPointerTransformation object at 0xffffbcfe0d90>, <pybindgen.typehandlers.ctypeparser.TypeTraits object at 0xffffbc23a850>))
DEBUG:pybindgen.typehandlers:TypeMatcher.lookup('uint32_t')
DEBUG:pybindgen.typehandlers:try to lookup type handler for 'uint32_t' => success ((<class 'pybindgen.typehandlers.inttype.UnsignedIntParam'>, None, <pybindgen.typehandlers.ctypeparser.TypeTraits object at 0xffffbc23aa30>))
DEBUG:pybindgen.typehandlers:TypeMatcher.lookup('uint32_t')
DEBUG:pybindgen.typehandlers:try to lookup type handler for 'uint32_t' => success ((<class 'pybindgen.typehandlers.inttype.UnsignedIntReturn'>, None, <pybindgen.typehandlers.ctypeparser.TypeTraits object at 0xffffbc23adc0>))
DEBUG:pybindgen.typehandlers:TypeMatcher.lookup('ns3::Time')
DEBUG:pybindgen.typehandlers:try to lookup type handler for 'ns3::Time' => success ((<class 'pybindgen.cppclass.CppClass.__init__.<locals>.ThisClassReturn'>, None, <pybindgen.typehandlers.ctypeparser.TypeTraits object at 0xffffbc241370>))
DEBUG:pybindgen.typehandlers:TypeMatcher.lookup('uint32_t')
DEBUG:pybindgen.typehandlers:try to lookup type handler for 'uint32_t' => success ((<class 'pybindgen.typehandlers.inttype.UnsignedIntReturn'>, None, <pybindgen.typehandlers.ctypeparser.TypeTraits object at 0xffffbc2418b0>))
DEBUG:pybindgen.typehandlers:TypeMatcher.lookup('uint32_t')
DEBUG:pybindgen.typehandlers:try to lookup type handler for 'uint32_t' => success ((<class 'pybindgen.typehandlers.inttype.UnsignedIntReturn'>, None, <pybindgen.typehandlers.ctypeparser.TypeTraits object at 0xffffbc241e20>))
DEBUG:pybindgen.typehandlers:TypeMatcher.lookup('uint32_t')
DEBUG:pybindgen.typehandlers:try to lookup type handler for 'uint32_t' => success ((<class 'pybindgen.typehandlers.inttype.UnsignedIntReturn'>, None, <pybindgen.typehandlers.ctypeparser.TypeTraits object at 0xffffbc2443d0>))
DEBUG:pybindgen.typehandlers:TypeMatcher.lookup('ns3::TypeId')
DEBUG:pybindgen.typehandlers:try to lookup type handler for 'ns3::TypeId' => success ((<class 'pybindgen.cppclass.CppClass.__init__.<locals>.ThisClassReturn'>, None, <pybindgen.typehandlers.ctypeparser.TypeTraits object at 0xffffbc244940>))
DEBUG:pybindgen.typehandlers:TypeMatcher.lookup('void')
DEBUG:pybindgen.typehandlers:try to lookup type handler for 'void' => success ((<class 'pybindgen.typehandlers.voidtype.VoidReturn'>, None, <pybindgen.typehandlers.ctypeparser.TypeTraits object at 0xffffbc244e20>))
DEBUG:pybindgen.typehandlers:TypeMatcher.lookup('ns3::Callback< void, ns3::Ptr< ns3::NetDevice >, ns3::empty, ns3::empty, ns3::empty, ns3::empty, ns3::empty, ns3::empty, ns3::empty, ns3::empty >')
DEBUG:pybindgen.typehandlers:try to lookup type handler for 'ns3::Callback< void, ns3::Ptr< ns3::NetDevice >, ns3::empty, ns3::empty, ns3::empty, ns3::empty, ns3::empty, ns3::empty, ns3::empty, ns3::empty >' => success ((<class 'ns3modulegen_core_customizations.register_callback_classes.<locals>.PythonCallbackParameter'>, None, <pybindgen.typehandlers.ctypeparser.TypeTraits object at 0xffffbc2490a0>))
DEBUG:pybindgen.typehandlers:TypeMatcher.lookup('void')
DEBUG:pybindgen.typehandlers:try to lookup type handler for 'void' => success ((<class 'pybindgen.typehandlers.voidtype.VoidReturn'>, None, <pybindgen.typehandlers.ctypeparser.TypeTraits object at 0xffffbc24c100>))
DEBUG:pybindgen.typehandlers:TypeMatcher.lookup('ns3::Callback< void, ns3::Ptr< ns3::NetDevice >, ns3::Ptr< ns3::Packet const >, unsigned short, ns3::Address const &, ns3::Address const &, ns3::NetDevice::PacketType, ns3::empty, ns3::empty, ns3::empty >')
DEBUG:pybindgen.typehandlers:try to lookup type handler for 'ns3::Callback< void, ns3::Ptr< ns3::NetDevice >, ns3::Ptr< ns3::Packet const >, unsigned short, ns3::Address const &, ns3::Address const &, ns3::NetDevice::PacketType, ns3::empty, ns3::empty, ns3::empty >' => success ((<class 'ns3modulegen_core_customizations.register_callback_classes.<locals>.PythonCallbackParameter'>, None, <pybindgen.typehandlers.ctypeparser.TypeTraits object at 0xffffbc24c310>))
DEBUG:pybindgen.typehandlers:TypeMatcher.lookup('uint16_t')
DEBUG:pybindgen.typehandlers:try to lookup type handler for 'uint16_t' => success ((<class 'pybindgen.typehandlers.inttype.UInt16Param'>, None, <pybindgen.typehandlers.ctypeparser.TypeTraits object at 0xffffbc24cdf0>))
DEBUG:pybindgen.typehandlers:TypeMatcher.lookup('ns3::Ptr< ns3::NetDevice >')
DEBUG:pybindgen.typehandlers:try to lookup type handler for 'ns3::Ptr< ns3::NetDevice >' => failure
DEBUG:pybindgen.typehandlers:try to lookup type handler for 'ns3::NetDevice *' => success ((<class 'pybindgen.cppclass.MemoryPolicy.register_ptr_parameter_and_return.<locals>.ThisClassPtrParameter'>, <ns3modulegen_core_customizations.SmartPointerTransformation object at 0xffffbcfe0d90>, <pybindgen.typehandlers.ctypeparser.TypeTraits object at 0xffffbc24e2e0>))
DEBUG:pybindgen.typehandlers:TypeMatcher.lookup('bool')
DEBUG:pybindgen.typehandlers:try to lookup type handler for 'bool' => success ((<class 'pybindgen.typehandlers.booltype.BoolParam'>, None, <pybindgen.typehandlers.ctypeparser.TypeTraits object at 0xffffbc24e2e0>))
DEBUG:pybindgen.typehandlers:TypeMatcher.lookup('void')
DEBUG:pybindgen.typehandlers:try to lookup type handler for 'void' => success ((<class 'pybindgen.typehandlers.voidtype.VoidReturn'>, None, <pybindgen.typehandlers.ctypeparser.TypeTraits object at 0xffffbc24e820>))
DEBUG:pybindgen.typehandlers:TypeMatcher.lookup('ns3::Callback< void, ns3::Ptr< ns3::NetDevice >, ns3::empty, ns3::empty, ns3::empty, ns3::empty, ns3::empty, ns3::empty, ns3::empty, ns3::empty >')
DEBUG:pybindgen.typehandlers:try to lookup type handler for 'ns3::Callback< void, ns3::Ptr< ns3::NetDevice >, ns3::empty, ns3::empty, ns3::empty, ns3::empty, ns3::empty, ns3::empty, ns3::empty, ns3::empty >' => success ((<class 'ns3modulegen_core_customizations.register_callback_classes.<locals>.PythonCallbackParameter'>, None, <pybindgen.typehandlers.ctypeparser.TypeTraits object at 0xffffbc24ea30>))
DEBUG:pybindgen.typehandlers:TypeMatcher.lookup('void')
DEBUG:pybindgen.typehandlers:try to lookup type handler for 'void' => success ((<class 'pybindgen.typehandlers.voidtype.VoidReturn'>, None, <pybindgen.typehandlers.ctypeparser.TypeTraits object at 0xffffbc1d1a90>))
DEBUG:pybindgen.typehandlers:TypeMatcher.lookup('ns3::Callback< void, ns3::Ptr< ns3::NetDevice >, ns3::Ptr< ns3::Packet const >, unsigned short, ns3::Address const &, ns3::Address const &, ns3::NetDevice::PacketType, ns3::empty, ns3::empty, ns3::empty >')
DEBUG:pybindgen.typehandlers:try to lookup type handler for 'ns3::Callback< void, ns3::Ptr< ns3::NetDevice >, ns3::Ptr< ns3::Packet const >, unsigned short, ns3::Address const &, ns3::Address const &, ns3::NetDevice::PacketType, ns3::empty, ns3::empty, ns3::empty >' => success ((<class 'ns3modulegen_core_customizations.register_callback_classes.<locals>.PythonCallbackParameter'>, None, <pybindgen.typehandlers.ctypeparser.TypeTraits object at 0xffffbc1d1ca0>))
DEBUG:pybindgen.typehandlers:TypeMatcher.lookup('void')
DEBUG:pybindgen.typehandlers:try to lookup type handler for 'void' => success ((<class 'pybindgen.typehandlers.voidtype.VoidReturn'>, None, <pybindgen.typehandlers.ctypeparser.TypeTraits object at 0xffffbc1d5100>))
DEBUG:pybindgen.typehandlers:TypeMatcher.lookup('void')
DEBUG:pybindgen.typehandlers:try to lookup type handler for 'void' => success ((<class 'pybindgen.typehandlers.voidtype.VoidReturn'>, None, <pybindgen.typehandlers.ctypeparser.TypeTraits object at 0xffffbc1d5cd0>))
DEBUG:pybindgen.typehandlers:TypeMatcher.lookup('double const')
DEBUG:pybindgen.typehandlers:try to lookup type handler for 'double const' => success ((<class 'pybindgen.typehandlers.doubletype.DoubleReturn'>, None, <pybindgen.typehandlers.ctypeparser.TypeTraits object at 0xffffbc1db820>))
DEBUG:pybindgen.typehandlers:TypeMatcher.lookup('ns3::TypeId')
DEBUG:pybindgen.typehandlers:try to lookup type handler for 'ns3::TypeId' => success ((<class 'pybindgen.cppclass.CppClass.__init__.<locals>.ThisClassReturn'>, None, <pybindgen.typehandlers.ctypeparser.TypeTraits object at 0xffffbc1dbdc0>))
DEBUG:pybindgen.typehandlers:TypeMatcher.lookup('double')
DEBUG:pybindgen.typehandlers:try to lookup type handler for 'double' => success ((<class 'pybindgen.typehandlers.doubletype.DoubleReturn'>, None, <pybindgen.typehandlers.ctypeparser.TypeTraits object at 0xffffbc1e3730>))
DEBUG:pybindgen.typehandlers:TypeMatcher.lookup('double')
DEBUG:pybindgen.typehandlers:try to lookup type handler for 'double' => success ((<class 'pybindgen.typehandlers.doubletype.DoubleReturn'>, None, <pybindgen.typehandlers.ctypeparser.TypeTraits object at 0xffffbc1e3ca0>))
DEBUG:pybindgen.typehandlers:TypeMatcher.lookup('double')
DEBUG:pybindgen.typehandlers:try to lookup type handler for 'double' => success ((<class 'pybindgen.typehandlers.doubletype.DoubleReturn'>, None, <pybindgen.typehandlers.ctypeparser.TypeTraits object at 0xffffbc1e6250>))
DEBUG:pybindgen.typehandlers:TypeMatcher.lookup('double')
DEBUG:pybindgen.typehandlers:try to lookup type handler for 'double' => success ((<class 'pybindgen.typehandlers.doubletype.DoubleReturn'>, None, <pybindgen.typehandlers.ctypeparser.TypeTraits object at 0xffffbc1e6760>))
DEBUG:pybindgen.typehandlers:TypeMatcher.lookup('double')
DEBUG:pybindgen.typehandlers:try to lookup type handler for 'double' => success ((<class 'pybindgen.typehandlers.doubletype.DoubleParam'>, None, <pybindgen.typehandlers.ctypeparser.TypeTraits object at 0xffffbc1e69d0>))
DEBUG:pybindgen.typehandlers:TypeMatcher.lookup('double')
DEBUG:pybindgen.typehandlers:try to lookup type handler for 'double' => success ((<class 'pybindgen.typehandlers.doubletype.DoubleParam'>, None, <pybindgen.typehandlers.ctypeparser.TypeTraits object at 0xffffbc1e6b20>))
DEBUG:pybindgen.typehandlers:TypeMatcher.lookup('double')
DEBUG:pybindgen.typehandlers:try to lookup type handler for 'double' => success ((<class 'pybindgen.typehandlers.doubletype.DoubleParam'>, None, <pybindgen.typehandlers.ctypeparser.TypeTraits object at 0xffffbc1e6cd0>))
DEBUG:pybindgen.typehandlers:TypeMatcher.lookup('uint32_t')
DEBUG:pybindgen.typehandlers:try to lookup type handler for 'uint32_t' => success ((<class 'pybindgen.typehandlers.inttype.UnsignedIntReturn'>, None, <pybindgen.typehandlers.ctypeparser.TypeTraits object at 0xffffbc1ea280>))
DEBUG:pybindgen.typehandlers:TypeMatcher.lookup('uint32_t')
DEBUG:pybindgen.typehandlers:try to lookup type handler for 'uint32_t' => success ((<class 'pybindgen.typehandlers.inttype.UnsignedIntParam'>, None, <pybindgen.typehandlers.ctypeparser.TypeTraits object at 0xffffbc1ea490>))
DEBUG:pybindgen.typehandlers:TypeMatcher.lookup('uint32_t')
DEBUG:pybindgen.typehandlers:try to lookup type handler for 'uint32_t' => success ((<class 'pybindgen.typehandlers.inttype.UnsignedIntParam'>, None, <pybindgen.typehandlers.ctypeparser.TypeTraits object at 0xffffbc1ea5e0>))
DEBUG:pybindgen.typehandlers:TypeMatcher.lookup('uint32_t')
DEBUG:pybindgen.typehandlers:try to lookup type handler for 'uint32_t' => success ((<class 'pybindgen.typehandlers.inttype.UnsignedIntParam'>, None, <pybindgen.typehandlers.ctypeparser.TypeTraits object at 0xffffbc1ea790>))
DEBUG:pybindgen.typehandlers:TypeMatcher.lookup('double')
DEBUG:pybindgen.typehandlers:try to lookup type handler for 'double' => success ((<class 'pybindgen.typehandlers.doubletype.DoubleReturn'>, None, <pybindgen.typehandlers.ctypeparser.TypeTraits object at 0xffffbc265c10>))
DEBUG:pybindgen.typehandlers:TypeMatcher.lookup('uint32_t')
DEBUG:pybindgen.typehandlers:try to lookup type handler for 'uint32_t' => success ((<class 'pybindgen.typehandlers.inttype.UnsignedIntReturn'>, None, <pybindgen.typehandlers.ctypeparser.TypeTraits object at 0xffffbc269340>))
DEBUG:pybindgen.typehandlers:TypeMatcher.lookup('ns3::ObjectFactoryChecker const &')
DEBUG:pybindgen.typehandlers:try to lookup type handler for 'ns3::ObjectFactoryChecker const &' => success ((<class 'pybindgen.cppclass.CppClass.__init__.<locals>.ThisClassRefParameter'>, None, <pybindgen.typehandlers.ctypeparser.TypeTraits object at 0xffffbc1ef370>))
DEBUG:pybindgen.typehandlers:TypeMatcher.lookup('ns3::ObjectFactory const &')
DEBUG:pybindgen.typehandlers:try to lookup type handler for 'ns3::ObjectFactory const &' => success ((<class 'pybindgen.cppclass.CppClass.__init__.<locals>.ThisClassRefParameter'>, None, <pybindgen.typehandlers.ctypeparser.TypeTraits object at 0xffffbc1efcd0>))
DEBUG:pybindgen.typehandlers:TypeMatcher.lookup('ns3::ObjectFactoryValue const &')
DEBUG:pybindgen.typehandlers:try to lookup type handler for 'ns3::ObjectFactoryValue const &' => success ((<class 'pybindgen.cppclass.CppClass.__init__.<locals>.ThisClassRefParameter'>, None, <pybindgen.typehandlers.ctypeparser.TypeTraits object at 0xffffbc1f6310>))
DEBUG:pybindgen.typehandlers:TypeMatcher.lookup('ns3::Ptr< ns3::AttributeValue >')
DEBUG:pybindgen.typehandlers:try to lookup type handler for 'ns3::Ptr< ns3::AttributeValue >' => failure
DEBUG:pybindgen.typehandlers:try to lookup type handler for 'ns3::AttributeValue *' => success ((<class 'pybindgen.cppclass.MemoryPolicy.register_ptr_parameter_and_return.<locals>.ThisClassPtrReturn'>, <ns3modulegen_core_customizations.SmartPointerTransformation object at 0xffffbcfe0d90>, <pybindgen.typehandlers.ctypeparser.TypeTraits object at 0xffffbc1f6bb0>))
DEBUG:pybindgen.typehandlers:TypeMatcher.lookup('bool')
DEBUG:pybindgen.typehandlers:try to lookup type handler for 'bool' => success ((<class 'pybindgen.typehandlers.booltype.BoolReturn'>, None, <pybindgen.typehandlers.ctypeparser.TypeTraits object at 0xffffbc1f6fd0>))
DEBUG:pybindgen.typehandlers:TypeMatcher.lookup('std::string')
DEBUG:pybindgen.typehandlers:try to lookup type handler for 'std::string' => success ((<class 'pybindgen.typehandlers.stringtype.StdStringParam'>, None, <pybindgen.typehandlers.ctypeparser.TypeTraits object at 0xffffbc1fc1c0>))
DEBUG:pybindgen.typehandlers:TypeMatcher.lookup('ns3::Ptr< ns3::AttributeChecker const >')
DEBUG:pybindgen.typehandlers:try to lookup type handler for 'ns3::Ptr< ns3::AttributeChecker const >' => failure
DEBUG:pybindgen.typehandlers:try to lookup type handler for 'ns3::AttributeChecker *' => success ((<class 'pybindgen.cppclass.MemoryPolicy.register_ptr_parameter_and_return.<locals>.ThisClassPtrParameter'>, <ns3modulegen_core_customizations.SmartPointerTransformation object at 0xffffbcfe0d90>, <pybindgen.typehandlers.ctypeparser.TypeTraits object at 0xffffbc1fc640>))
DEBUG:pybindgen.typehandlers:TypeMatcher.lookup('ns3::ObjectFactory')
DEBUG:pybindgen.typehandlers:try to lookup type handler for 'ns3::ObjectFactory' => success ((<class 'pybindgen.cppclass.CppClass.__init__.<locals>.ThisClassReturn'>, None, <pybindgen.typehandlers.ctypeparser.TypeTraits object at 0xffffbc1fca00>))
DEBUG:pybindgen.typehandlers:TypeMatcher.lookup('std::string')
DEBUG:pybindgen.typehandlers:try to lookup type handler for 'std::string' => success ((<class 'pybindgen.typehandlers.stringtype.StdStringReturn'>, None, <pybindgen.typehandlers.ctypeparser.TypeTraits object at 0xffffbc1fcf40>))
DEBUG:pybindgen.typehandlers:TypeMatcher.lookup('ns3::Ptr< ns3::AttributeChecker const >')
DEBUG:pybindgen.typehandlers:try to lookup type handler for 'ns3::Ptr< ns3::AttributeChecker const >' => failure
DEBUG:pybindgen.typehandlers:try to lookup type handler for 'ns3::AttributeChecker *' => success ((<class 'pybindgen.cppclass.MemoryPolicy.register_ptr_parameter_and_return.<locals>.ThisClassPtrParameter'>, <ns3modulegen_core_customizations.SmartPointerTransformation object at 0xffffbcfe0d90>, <pybindgen.typehandlers.ctypeparser.TypeTraits object at 0xffffbc200460>))
DEBUG:pybindgen.typehandlers:TypeMatcher.lookup('void')
DEBUG:pybindgen.typehandlers:try to lookup type handler for 'void' => success ((<class 'pybindgen.typehandlers.voidtype.VoidReturn'>, None, <pybindgen.typehandlers.ctypeparser.TypeTraits object at 0xffffbc2007c0>))
DEBUG:pybindgen.typehandlers:TypeMatcher.lookup('ns3::ObjectFactory const &')
DEBUG:pybindgen.typehandlers:try to lookup type handler for 'ns3::ObjectFactory const &' => success ((<class 'pybindgen.cppclass.CppClass.__init__.<locals>.ThisClassRefParameter'>, None, <pybindgen.typehandlers.ctypeparser.TypeTraits object at 0xffffbc200a00>))
DEBUG:pybindgen.typehandlers:TypeMatcher.lookup('ns3::OutputStreamWrapper const &')
DEBUG:pybindgen.typehandlers:try to lookup type handler for 'ns3::OutputStreamWrapper const &' => success ((<class 'pybindgen.cppclass.CppClass.__init__.<locals>.ThisClassRefParameter'>, None, <pybindgen.typehandlers.ctypeparser.TypeTraits object at 0xffffbc203070>))
DEBUG:pybindgen.typehandlers:TypeMatcher.lookup('std::string')
DEBUG:pybindgen.typehandlers:try to lookup type handler for 'std::string' => success ((<class 'pybindgen.typehandlers.stringtype.StdStringParam'>, None, <pybindgen.typehandlers.ctypeparser.TypeTraits object at 0xffffbc203670>))
DEBUG:pybindgen.typehandlers:TypeMatcher.lookup('std::ios_base::openmode')
DEBUG:pybindgen.typehandlers:try to lookup type handler for 'std::ios_base::openmode' => success ((<class 'ns3modulegen_core_customizations.IosOpenmodeParam'>, None, <pybindgen.typehandlers.ctypeparser.TypeTraits object at 0xffffbc2037c0>))
DEBUG:pybindgen.typehandlers:TypeMatcher.lookup('std::ostream *')
DEBUG:pybindgen.typehandlers:try to lookup type handler for 'std::ostream *' => failure
'std::ostream *' did not match
/root/workspace/netwokr/ns-allinone-3.33/ns-3.33/src/aodv/bindings/modulegen__gcc_LP64.py:7073: Warning: exception TypeLookupError(['std::ostream *']) in wrapper <pybindgen.cppmethod.CppConstructor object at 0xffffbc203610>
  cls.add_constructor([param('std::ostream *', 'os')])
DEBUG:pybindgen.typehandlers:TypeMatcher.lookup('std::ostream *')
DEBUG:pybindgen.typehandlers:try to lookup type handler for 'std::ostream *' => failure
'std::ostream *' did not match
/root/workspace/netwokr/ns-allinone-3.33/ns-3.33/src/aodv/bindings/modulegen__gcc_LP64.py:7075: Warning: exception TypeLookupError(['std::ostream *']) in wrapper public: retval? ???::GetStream (params?);
  cls.add_method('GetStream',
DEBUG:pybindgen.typehandlers:TypeMatcher.lookup('ns3::Packet const &')
DEBUG:pybindgen.typehandlers:try to lookup type handler for 'ns3::Packet const &' => success ((<class 'pybindgen.cppclass.CppClass.__init__.<locals>.ThisClassRefParameter'>, None, <pybindgen.typehandlers.ctypeparser.TypeTraits object at 0xffffbc2095b0>))
DEBUG:pybindgen.typehandlers:TypeMatcher.lookup('uint32_t')
DEBUG:pybindgen.typehandlers:try to lookup type handler for 'uint32_t' => success ((<class 'pybindgen.typehandlers.inttype.UnsignedIntParam'>, None, <pybindgen.typehandlers.ctypeparser.TypeTraits object at 0xffffbc209b80>))
DEBUG:pybindgen.typehandlers:TypeMatcher.lookup('uint8_t const *')
DEBUG:pybindgen.typehandlers:try to lookup type handler for 'uint8_t const *' => success ((<class 'pybindgen.typehandlers.inttype.UInt8PtrParam'>, None, <pybindgen.typehandlers.ctypeparser.TypeTraits object at 0xffffbc20d0d0>))
/root/workspace/netwokr/ns-allinone-3.33/ns-3.33/src/aodv/bindings/modulegen__gcc_LP64.py:7089: Warning: exception TypeConfigurationError('direction not given') in wrapper <pybindgen.cppmethod.CppConstructor object at 0xffffbc209b20>
  cls.add_constructor([param('uint8_t const *', 'buffer'), param('uint32_t', 'size'), param('bool', 'magic')])
DEBUG:pybindgen.typehandlers:TypeMatcher.lookup('uint8_t const *')
DEBUG:pybindgen.typehandlers:try to lookup type handler for 'uint8_t const *' => success ((<class 'pybindgen.typehandlers.inttype.UInt8PtrParam'>, None, <pybindgen.typehandlers.ctypeparser.TypeTraits object at 0xffffbc20d3d0>))
/root/workspace/netwokr/ns-allinone-3.33/ns-3.33/src/aodv/bindings/modulegen__gcc_LP64.py:7091: Warning: exception TypeConfigurationError('direction not given') in wrapper <pybindgen.cppmethod.CppConstructor object at 0xffffbc20d310>
  cls.add_constructor([param('uint8_t const *', 'buffer'), param('uint32_t', 'size')])
DEBUG:pybindgen.typehandlers:TypeMatcher.lookup('void')
DEBUG:pybindgen.typehandlers:try to lookup type handler for 'void' => success ((<class 'pybindgen.typehandlers.voidtype.VoidReturn'>, None, <pybindgen.typehandlers.ctypeparser.TypeTraits object at 0xffffbc20d670>))
DEBUG:pybindgen.typehandlers:TypeMatcher.lookup('ns3::Ptr< ns3::Packet const >')
DEBUG:pybindgen.typehandlers:try to lookup type handler for 'ns3::Ptr< ns3::Packet const >' => failure
DEBUG:pybindgen.typehandlers:try to lookup type handler for 'ns3::Packet *' => success ((<class 'pybindgen.cppclass.MemoryPolicy.register_ptr_parameter_and_return.<locals>.ThisClassPtrParameter'>, <ns3modulegen_core_customizations.SmartPointerTransformation object at 0xffffbcfe0d90>, <pybindgen.typehandlers.ctypeparser.TypeTraits object at 0xffffbc203d90>))
DEBUG:pybindgen.typehandlers:TypeMatcher.lookup('void')
DEBUG:pybindgen.typehandlers:try to lookup type handler for 'void' => success ((<class 'pybindgen.typehandlers.voidtype.VoidReturn'>, None, <pybindgen.typehandlers.ctypeparser.TypeTraits object at 0xffffbc20d580>))
DEBUG:pybindgen.typehandlers:TypeMatcher.lookup('ns3::Tag const &')
DEBUG:pybindgen.typehandlers:try to lookup type handler for 'ns3::Tag const &' => success ((<class 'pybindgen.cppclass.CppClass.__init__.<locals>.ThisClassRefParameter'>, None, <pybindgen.typehandlers.ctypeparser.TypeTraits object at 0xffffbc20d190>))
DEBUG:pybindgen.typehandlers:TypeMatcher.lookup('void')
DEBUG:pybindgen.typehandlers:try to lookup type handler for 'void' => success ((<class 'pybindgen.typehandlers.voidtype.VoidReturn'>, None, <pybindgen.typehandlers.ctypeparser.TypeTraits object at 0xffffbc20dd00>))
DEBUG:pybindgen.typehandlers:TypeMatcher.lookup('ns3::Tag const &')
DEBUG:pybindgen.typehandlers:try to lookup type handler for 'ns3::Tag const &' => success ((<class 'pybindgen.cppclass.CppClass.__init__.<locals>.ThisClassRefParameter'>, None, <pybindgen.typehandlers.ctypeparser.TypeTraits object at 0xffffbc20df10>))
DEBUG:pybindgen.typehandlers:TypeMatcher.lookup('uint32_t')
DEBUG:pybindgen.typehandlers:try to lookup type handler for 'uint32_t' => success ((<class 'pybindgen.typehandlers.inttype.UnsignedIntParam'>, None, <pybindgen.typehandlers.ctypeparser.TypeTraits object at 0xffffbc191190>))
DEBUG:pybindgen.typehandlers:TypeMatcher.lookup('uint32_t')
DEBUG:pybindgen.typehandlers:try to lookup type handler for 'uint32_t' => success ((<class 'pybindgen.typehandlers.inttype.UnsignedIntParam'>, None, <pybindgen.typehandlers.ctypeparser.TypeTraits object at 0xffffbc191340>))
DEBUG:pybindgen.typehandlers:TypeMatcher.lookup('void')
DEBUG:pybindgen.typehandlers:try to lookup type handler for 'void' => success ((<class 'pybindgen.typehandlers.voidtype.VoidReturn'>, None, <pybindgen.typehandlers.ctypeparser.TypeTraits object at 0xffffbc191880>))
DEBUG:pybindgen.typehandlers:TypeMatcher.lookup('ns3::Header const &')
DEBUG:pybindgen.typehandlers:try to lookup type handler for 'ns3::Header const &' => success ((<class 'pybindgen.cppclass.CppClass.__init__.<locals>.ThisClassRefParameter'>, None, <pybindgen.typehandlers.ctypeparser.TypeTraits object at 0xffffbc191a60>))
DEBUG:pybindgen.typehandlers:TypeMatcher.lookup('void')
DEBUG:pybindgen.typehandlers:try to lookup type handler for 'void' => success ((<class 'pybindgen.typehandlers.voidtype.VoidReturn'>, None, <pybindgen.typehandlers.ctypeparser.TypeTraits object at 0xffffbc1950d0>))
DEBUG:pybindgen.typehandlers:TypeMatcher.lookup('ns3::Tag const &')
DEBUG:pybindgen.typehandlers:try to lookup type handler for 'ns3::Tag const &' => success ((<class 'pybindgen.cppclass.CppClass.__init__.<locals>.ThisClassRefParameter'>, None, <pybindgen.typehandlers.ctypeparser.TypeTraits object at 0xffffbc1952e0>))
DEBUG:pybindgen.typehandlers:TypeMatcher.lookup('void')
DEBUG:pybindgen.typehandlers:try to lookup type handler for 'void' => success ((<class 'pybindgen.typehandlers.voidtype.VoidReturn'>, None, <pybindgen.typehandlers.ctypeparser.TypeTraits object at 0xffffbc195880>))
DEBUG:pybindgen.typehandlers:TypeMatcher.lookup('uint32_t')
DEBUG:pybindgen.typehandlers:try to lookup type handler for 'uint32_t' => success ((<class 'pybindgen.typehandlers.inttype.UnsignedIntParam'>, None, <pybindgen.typehandlers.ctypeparser.TypeTraits object at 0xffffbc195ac0>))
DEBUG:pybindgen.typehandlers:TypeMatcher.lookup('void')
DEBUG:pybindgen.typehandlers:try to lookup type handler for 'void' => success ((<class 'pybindgen.typehandlers.voidtype.VoidReturn'>, None, <pybindgen.typehandlers.ctypeparser.TypeTraits object at 0xffffbc195fd0>))
DEBUG:pybindgen.typehandlers:TypeMatcher.lookup('ns3::Trailer const &')
DEBUG:pybindgen.typehandlers:try to lookup type handler for 'ns3::Trailer const &' => success ((<class 'pybindgen.cppclass.CppClass.__init__.<locals>.ThisClassRefParameter'>, None, <pybindgen.typehandlers.ctypeparser.TypeTraits object at 0xffffbc19a220>))
DEBUG:pybindgen.typehandlers:TypeMatcher.lookup('ns3::PacketMetadata::ItemIterator')
DEBUG:pybindgen.typehandlers:try to lookup type handler for 'ns3::PacketMetadata::ItemIterator' => success ((<class 'pybindgen.cppclass.CppClass.__init__.<locals>.ThisClassReturn'>, None, <pybindgen.typehandlers.ctypeparser.TypeTraits object at 0xffffbc19a850>))
DEBUG:pybindgen.typehandlers:TypeMatcher.lookup('ns3::Ptr< ns3::Packet >')
DEBUG:pybindgen.typehandlers:try to lookup type handler for 'ns3::Ptr< ns3::Packet >' => failure
DEBUG:pybindgen.typehandlers:try to lookup type handler for 'ns3::Packet *' => success ((<class 'pybindgen.cppclass.MemoryPolicy.register_ptr_parameter_and_return.<locals>.ThisClassPtrReturn'>, <ns3modulegen_core_customizations.SmartPointerTransformation object at 0xffffbcfe0d90>, <pybindgen.typehandlers.ctypeparser.TypeTraits object at 0xffffbc19d070>))
DEBUG:pybindgen.typehandlers:TypeMatcher.lookup('uint32_t')
DEBUG:pybindgen.typehandlers:try to lookup type handler for 'uint32_t' => success ((<class 'pybindgen.typehandlers.inttype.UnsignedIntReturn'>, None, <pybindgen.typehandlers.ctypeparser.TypeTraits object at 0xffffbc19d430>))
DEBUG:pybindgen.typehandlers:TypeMatcher.lookup('uint8_t *')
DEBUG:pybindgen.typehandlers:try to lookup type handler for 'uint8_t *' => success ((<class 'pybindgen.typehandlers.inttype.UInt8PtrParam'>, None, <pybindgen.typehandlers.ctypeparser.TypeTraits object at 0xffffbc19d640>))
/root/workspace/netwokr/ns-allinone-3.33/ns-3.33/src/aodv/bindings/modulegen__gcc_LP64.py:7134: Warning: exception TypeConfigurationError('direction not given') in wrapper public: retval? ???::CopyData (params?) const;
  cls.add_method('CopyData',
DEBUG:pybindgen.typehandlers:TypeMatcher.lookup('void')
DEBUG:pybindgen.typehandlers:try to lookup type handler for 'void' => success ((<class 'pybindgen.typehandlers.voidtype.VoidReturn'>, None, <pybindgen.typehandlers.ctypeparser.TypeTraits object at 0xffffbc19d880>))
DEBUG:pybindgen.typehandlers:TypeMatcher.lookup('std::ostream *')
DEBUG:pybindgen.typehandlers:try to lookup type handler for 'std::ostream *' => failure
'std::ostream *' did not match
/root/workspace/netwokr/ns-allinone-3.33/ns-3.33/src/aodv/bindings/modulegen__gcc_LP64.py:7139: Warning: exception TypeLookupError(['std::ostream *']) in wrapper public: retval? ???::CopyData (params?) const;
  cls.add_method('CopyData',
DEBUG:pybindgen.typehandlers:TypeMatcher.lookup('ns3::Ptr< ns3::Packet >')
DEBUG:pybindgen.typehandlers:try to lookup type handler for 'ns3::Ptr< ns3::Packet >' => failure
DEBUG:pybindgen.typehandlers:try to lookup type handler for 'ns3::Packet *' => success ((<class 'pybindgen.cppclass.MemoryPolicy.register_ptr_parameter_and_return.<locals>.ThisClassPtrReturn'>, <ns3modulegen_core_customizations.SmartPointerTransformation object at 0xffffbcfe0d90>, <pybindgen.typehandlers.ctypeparser.TypeTraits object at 0xffffbc19dfa0>))
DEBUG:pybindgen.typehandlers:TypeMatcher.lookup('uint32_t')
DEBUG:pybindgen.typehandlers:try to lookup type handler for 'uint32_t' => success ((<class 'pybindgen.typehandlers.inttype.UnsignedIntParam'>, None, <pybindgen.typehandlers.ctypeparser.TypeTraits object at 0xffffbc1a11c0>))
DEBUG:pybindgen.typehandlers:TypeMatcher.lookup('uint32_t')
DEBUG:pybindgen.typehandlers:try to lookup type handler for 'uint32_t' => success ((<class 'pybindgen.typehandlers.inttype.UnsignedIntParam'>, None, <pybindgen.typehandlers.ctypeparser.TypeTraits object at 0xffffbc1a1100>))
DEBUG:pybindgen.typehandlers:TypeMatcher.lookup('void')
DEBUG:pybindgen.typehandlers:try to lookup type handler for 'void' => success ((<class 'pybindgen.typehandlers.voidtype.VoidReturn'>, None, <pybindgen.typehandlers.ctypeparser.TypeTraits object at 0xffffbc1a1700>))
DEBUG:pybindgen.typehandlers:TypeMatcher.lookup('void')
DEBUG:pybindgen.typehandlers:try to lookup type handler for 'void' => success ((<class 'pybindgen.typehandlers.voidtype.VoidReturn'>, None, <pybindgen.typehandlers.ctypeparser.TypeTraits object at 0xffffbc1a1c70>))
DEBUG:pybindgen.typehandlers:TypeMatcher.lookup('bool')
DEBUG:pybindgen.typehandlers:try to lookup type handler for 'bool' => success ((<class 'pybindgen.typehandlers.booltype.BoolReturn'>, None, <pybindgen.typehandlers.ctypeparser.TypeTraits object at 0xffffbc1a4220>))
DEBUG:pybindgen.typehandlers:TypeMatcher.lookup('ns3::Tag &')
DEBUG:pybindgen.typehandlers:try to lookup type handler for 'ns3::Tag &' => success ((<class 'pybindgen.cppclass.CppClass.__init__.<locals>.ThisClassRefParameter'>, None, <pybindgen.typehandlers.ctypeparser.TypeTraits object at 0xffffbc1a4430>))
DEBUG:pybindgen.typehandlers:TypeMatcher.lookup('ns3::ByteTagIterator')
DEBUG:pybindgen.typehandlers:try to lookup type handler for 'ns3::ByteTagIterator' => success ((<class 'pybindgen.cppclass.CppClass.__init__.<locals>.ThisClassReturn'>, None, <pybindgen.typehandlers.ctypeparser.TypeTraits object at 0xffffbc1a49d0>))
DEBUG:pybindgen.typehandlers:TypeMatcher.lookup('ns3::Ptr< ns3::NixVector >')
DEBUG:pybindgen.typehandlers:try to lookup type handler for 'ns3::Ptr< ns3::NixVector >' => failure
DEBUG:pybindgen.typehandlers:try to lookup type handler for 'ns3::NixVector *' => success ((<class 'pybindgen.cppclass.MemoryPolicy.register_ptr_parameter_and_return.<locals>.ThisClassPtrReturn'>, <ns3modulegen_core_customizations.SmartPointerTransformation object at 0xffffbcfe0d90>, <pybindgen.typehandlers.ctypeparser.TypeTraits object at 0xffffbc1a91f0>))
DEBUG:pybindgen.typehandlers:TypeMatcher.lookup('ns3::PacketTagIterator')
DEBUG:pybindgen.typehandlers:try to lookup type handler for 'ns3::PacketTagIterator' => success ((<class 'pybindgen.cppclass.CppClass.__init__.<locals>.ThisClassReturn'>, None, <pybindgen.typehandlers.ctypeparser.TypeTraits object at 0xffffbc1a95b0>))
DEBUG:pybindgen.typehandlers:TypeMatcher.lookup('uint32_t')
DEBUG:pybindgen.typehandlers:try to lookup type handler for 'uint32_t' => success ((<class 'pybindgen.typehandlers.inttype.UnsignedIntReturn'>, None, <pybindgen.typehandlers.ctypeparser.TypeTraits object at 0xffffbc1a9af0>))
DEBUG:pybindgen.typehandlers:TypeMatcher.lookup('uint32_t')
DEBUG:pybindgen.typehandlers:try to lookup type handler for 'uint32_t' => success ((<class 'pybindgen.typehandlers.inttype.UnsignedIntReturn'>, None, <pybindgen.typehandlers.ctypeparser.TypeTraits object at 0xffffbc19ad30>))
DEBUG:pybindgen.typehandlers:TypeMatcher.lookup('uint64_t')
DEBUG:pybindgen.typehandlers:try to lookup type handler for 'uint64_t' => success ((<class 'pybindgen.typehandlers.inttype.UnsignedLongLongReturn'>, None, <pybindgen.typehandlers.ctypeparser.TypeTraits object at 0xffffbc19d6a0>))
DEBUG:pybindgen.typehandlers:TypeMatcher.lookup('uint32_t')
DEBUG:pybindgen.typehandlers:try to lookup type handler for 'uint32_t' => success ((<class 'pybindgen.typehandlers.inttype.UnsignedIntReturn'>, None, <pybindgen.typehandlers.ctypeparser.TypeTraits object at 0xffffbc1ad2b0>))
DEBUG:pybindgen.typehandlers:TypeMatcher.lookup('ns3::Header &')
DEBUG:pybindgen.typehandlers:try to lookup type handler for 'ns3::Header &' => success ((<class 'pybindgen.cppclass.CppClass.__init__.<locals>.ThisClassRefParameter'>, None, <pybindgen.typehandlers.ctypeparser.TypeTraits object at 0xffffbc1ad4c0>))
DEBUG:pybindgen.typehandlers:TypeMatcher.lookup('uint32_t')
DEBUG:pybindgen.typehandlers:try to lookup type handler for 'uint32_t' => success ((<class 'pybindgen.typehandlers.inttype.UnsignedIntReturn'>, None, <pybindgen.typehandlers.ctypeparser.TypeTraits object at 0xffffbc1ada60>))
DEBUG:pybindgen.typehandlers:TypeMatcher.lookup('ns3::Header &')
DEBUG:pybindgen.typehandlers:try to lookup type handler for 'ns3::Header &' => success ((<class 'pybindgen.cppclass.CppClass.__init__.<locals>.ThisClassRefParameter'>, None, <pybindgen.typehandlers.ctypeparser.TypeTraits object at 0xffffbc1adc70>))
DEBUG:pybindgen.typehandlers:TypeMatcher.lookup('uint32_t')
DEBUG:pybindgen.typehandlers:try to lookup type handler for 'uint32_t' => success ((<class 'pybindgen.typehandlers.inttype.UnsignedIntParam'>, None, <pybindgen.typehandlers.ctypeparser.TypeTraits object at 0xffffbc1ade50>))
DEBUG:pybindgen.typehandlers:TypeMatcher.lookup('bool')
DEBUG:pybindgen.typehandlers:try to lookup type handler for 'bool' => success ((<class 'pybindgen.typehandlers.booltype.BoolReturn'>, None, <pybindgen.typehandlers.ctypeparser.TypeTraits object at 0xffffbc1b13a0>))
DEBUG:pybindgen.typehandlers:TypeMatcher.lookup('ns3::Tag &')
DEBUG:pybindgen.typehandlers:try to lookup type handler for 'ns3::Tag &' => success ((<class 'pybindgen.cppclass.CppClass.__init__.<locals>.ThisClassRefParameter'>, None, <pybindgen.typehandlers.ctypeparser.TypeTraits object at 0xffffbc1b15e0>))
DEBUG:pybindgen.typehandlers:TypeMatcher.lookup('uint32_t')
DEBUG:pybindgen.typehandlers:try to lookup type handler for 'uint32_t' => success ((<class 'pybindgen.typehandlers.inttype.UnsignedIntReturn'>, None, <pybindgen.typehandlers.ctypeparser.TypeTraits object at 0xffffbc1b1b20>))
DEBUG:pybindgen.typehandlers:TypeMatcher.lookup('ns3::Trailer &')
DEBUG:pybindgen.typehandlers:try to lookup type handler for 'ns3::Trailer &' => success ((<class 'pybindgen.cppclass.CppClass.__init__.<locals>.ThisClassRefParameter'>, None, <pybindgen.typehandlers.ctypeparser.TypeTraits object at 0xffffbc1b1d60>))
DEBUG:pybindgen.typehandlers:TypeMatcher.lookup('void')
DEBUG:pybindgen.typehandlers:try to lookup type handler for 'void' => success ((<class 'pybindgen.typehandlers.voidtype.VoidReturn'>, None, <pybindgen.typehandlers.ctypeparser.TypeTraits object at 0xffffbc1b6370>))
DEBUG:pybindgen.typehandlers:TypeMatcher.lookup('std::ostream &')
DEBUG:pybindgen.typehandlers:try to lookup type handler for 'std::ostream &' => failure
'std::ostream &' did not match
/root/workspace/netwokr/ns-allinone-3.33/ns-3.33/src/aodv/bindings/modulegen__gcc_LP64.py:7213: Warning: exception TypeLookupError(['std::ostream &']) in wrapper public: retval? ???::Print (params?) const;
  cls.add_method('Print',
DEBUG:pybindgen.typehandlers:TypeMatcher.lookup('void')
DEBUG:pybindgen.typehandlers:try to lookup type handler for 'void' => success ((<class 'pybindgen.typehandlers.voidtype.VoidReturn'>, None, <pybindgen.typehandlers.ctypeparser.TypeTraits object at 0xffffbc1b67f0>))
DEBUG:pybindgen.typehandlers:TypeMatcher.lookup('std::ostream &')
DEBUG:pybindgen.typehandlers:try to lookup type handler for 'std::ostream &' => failure
'std::ostream &' did not match
/root/workspace/netwokr/ns-allinone-3.33/ns-3.33/src/aodv/bindings/modulegen__gcc_LP64.py:7218: Warning: exception TypeLookupError(['std::ostream &']) in wrapper public: retval? ???::PrintByteTags (params?) const;
  cls.add_method('PrintByteTags',
DEBUG:pybindgen.typehandlers:TypeMatcher.lookup('void')
DEBUG:pybindgen.typehandlers:try to lookup type handler for 'void' => success ((<class 'pybindgen.typehandlers.voidtype.VoidReturn'>, None, <pybindgen.typehandlers.ctypeparser.TypeTraits object at 0xffffbc1b6c40>))
DEBUG:pybindgen.typehandlers:TypeMatcher.lookup('std::ostream &')
DEBUG:pybindgen.typehandlers:try to lookup type handler for 'std::ostream &' => failure
'std::ostream &' did not match
/root/workspace/netwokr/ns-allinone-3.33/ns-3.33/src/aodv/bindings/modulegen__gcc_LP64.py:7223: Warning: exception TypeLookupError(['std::ostream &']) in wrapper public: retval? ???::PrintPacketTags (params?) const;
  cls.add_method('PrintPacketTags',
DEBUG:pybindgen.typehandlers:TypeMatcher.lookup('void')
DEBUG:pybindgen.typehandlers:try to lookup type handler for 'void' => success ((<class 'pybindgen.typehandlers.voidtype.VoidReturn'>, None, <pybindgen.typehandlers.ctypeparser.TypeTraits object at 0xffffbc1bc0a0>))
DEBUG:pybindgen.typehandlers:TypeMatcher.lookup('void')
DEBUG:pybindgen.typehandlers:try to lookup type handler for 'void' => success ((<class 'pybindgen.typehandlers.voidtype.VoidReturn'>, None, <pybindgen.typehandlers.ctypeparser.TypeTraits object at 0xffffbc1bc5e0>))
DEBUG:pybindgen.typehandlers:TypeMatcher.lookup('void')
DEBUG:pybindgen.typehandlers:try to lookup type handler for 'void' => success ((<class 'pybindgen.typehandlers.voidtype.VoidReturn'>, None, <pybindgen.typehandlers.ctypeparser.TypeTraits object at 0xffffbc1b6d00>))
DEBUG:pybindgen.typehandlers:TypeMatcher.lookup('uint32_t')
DEBUG:pybindgen.typehandlers:try to lookup type handler for 'uint32_t' => success ((<class 'pybindgen.typehandlers.inttype.UnsignedIntParam'>, None, <pybindgen.typehandlers.ctypeparser.TypeTraits object at 0xffffbc1b6b50>))
DEBUG:pybindgen.typehandlers:TypeMatcher.lookup('void')
DEBUG:pybindgen.typehandlers:try to lookup type handler for 'void' => success ((<class 'pybindgen.typehandlers.voidtype.VoidReturn'>, None, <pybindgen.typehandlers.ctypeparser.TypeTraits object at 0xffffbc1b6670>))
DEBUG:pybindgen.typehandlers:TypeMatcher.lookup('uint32_t')
DEBUG:pybindgen.typehandlers:try to lookup type handler for 'uint32_t' => success ((<class 'pybindgen.typehandlers.inttype.UnsignedIntParam'>, None, <pybindgen.typehandlers.ctypeparser.TypeTraits object at 0xffffbc1bc580>))
DEBUG:pybindgen.typehandlers:TypeMatcher.lookup('uint32_t')
DEBUG:pybindgen.typehandlers:try to lookup type handler for 'uint32_t' => success ((<class 'pybindgen.typehandlers.inttype.UnsignedIntReturn'>, None, <pybindgen.typehandlers.ctypeparser.TypeTraits object at 0xffffbc1bcca0>))
DEBUG:pybindgen.typehandlers:TypeMatcher.lookup('ns3::Header &')
DEBUG:pybindgen.typehandlers:try to lookup type handler for 'ns3::Header &' => success ((<class 'pybindgen.cppclass.CppClass.__init__.<locals>.ThisClassRefParameter'>, None, <pybindgen.typehandlers.ctypeparser.TypeTraits object at 0xffffbc1bceb0>))
DEBUG:pybindgen.typehandlers:TypeMatcher.lookup('uint32_t')
DEBUG:pybindgen.typehandlers:try to lookup type handler for 'uint32_t' => success ((<class 'pybindgen.typehandlers.inttype.UnsignedIntReturn'>, None, <pybindgen.typehandlers.ctypeparser.TypeTraits object at 0xffffbc1be490>))
DEBUG:pybindgen.typehandlers:TypeMatcher.lookup('ns3::Header &')
DEBUG:pybindgen.typehandlers:try to lookup type handler for 'ns3::Header &' => success ((<class 'pybindgen.cppclass.CppClass.__init__.<locals>.ThisClassRefParameter'>, None, <pybindgen.typehandlers.ctypeparser.TypeTraits object at 0xffffbc1be6a0>))
DEBUG:pybindgen.typehandlers:TypeMatcher.lookup('uint32_t')
DEBUG:pybindgen.typehandlers:try to lookup type handler for 'uint32_t' => success ((<class 'pybindgen.typehandlers.inttype.UnsignedIntParam'>, None, <pybindgen.typehandlers.ctypeparser.TypeTraits object at 0xffffbc1be880>))
DEBUG:pybindgen.typehandlers:TypeMatcher.lookup('bool')
DEBUG:pybindgen.typehandlers:try to lookup type handler for 'bool' => success ((<class 'pybindgen.typehandlers.booltype.BoolReturn'>, None, <pybindgen.typehandlers.ctypeparser.TypeTraits object at 0xffffbc1bed90>))
DEBUG:pybindgen.typehandlers:TypeMatcher.lookup('ns3::Tag &')
DEBUG:pybindgen.typehandlers:try to lookup type handler for 'ns3::Tag &' => success ((<class 'pybindgen.cppclass.CppClass.__init__.<locals>.ThisClassRefParameter'>, None, <pybindgen.typehandlers.ctypeparser.TypeTraits object at 0xffffbc1befd0>))
DEBUG:pybindgen.typehandlers:TypeMatcher.lookup('uint32_t')
DEBUG:pybindgen.typehandlers:try to lookup type handler for 'uint32_t' => success ((<class 'pybindgen.typehandlers.inttype.UnsignedIntReturn'>, None, <pybindgen.typehandlers.ctypeparser.TypeTraits object at 0xffffbc1c35b0>))
DEBUG:pybindgen.typehandlers:TypeMatcher.lookup('ns3::Trailer &')
DEBUG:pybindgen.typehandlers:try to lookup type handler for 'ns3::Trailer &' => success ((<class 'pybindgen.cppclass.CppClass.__init__.<locals>.ThisClassRefParameter'>, None, <pybindgen.typehandlers.ctypeparser.TypeTraits object at 0xffffbc1c37c0>))
DEBUG:pybindgen.typehandlers:TypeMatcher.lookup('bool')
DEBUG:pybindgen.typehandlers:try to lookup type handler for 'bool' => success ((<class 'pybindgen.typehandlers.booltype.BoolReturn'>, None, <pybindgen.typehandlers.ctypeparser.TypeTraits object at 0xffffbc1c3d60>))
DEBUG:pybindgen.typehandlers:TypeMatcher.lookup('ns3::Tag &')
DEBUG:pybindgen.typehandlers:try to lookup type handler for 'ns3::Tag &' => success ((<class 'pybindgen.cppclass.CppClass.__init__.<locals>.ThisClassRefParameter'>, None, <pybindgen.typehandlers.ctypeparser.TypeTraits object at 0xffffbc1c3f70>))
DEBUG:pybindgen.typehandlers:TypeMatcher.lookup('uint32_t')
DEBUG:pybindgen.typehandlers:try to lookup type handler for 'uint32_t' => success ((<class 'pybindgen.typehandlers.inttype.UnsignedIntReturn'>, None, <pybindgen.typehandlers.ctypeparser.TypeTraits object at 0xffffbc1c8580>))
DEBUG:pybindgen.typehandlers:TypeMatcher.lookup('uint8_t *')
DEBUG:pybindgen.typehandlers:try to lookup type handler for 'uint8_t *' => success ((<class 'pybindgen.typehandlers.inttype.UInt8PtrParam'>, None, <pybindgen.typehandlers.ctypeparser.TypeTraits object at 0xffffbc1c8790>))
/root/workspace/netwokr/ns-allinone-3.33/ns-3.33/src/aodv/bindings/modulegen__gcc_LP64.py:7264: Warning: exception TypeConfigurationError('direction not given') in wrapper public: retval? ???::Serialize (params?) const;
  cls.add_method('Serialize',
DEBUG:pybindgen.typehandlers:TypeMatcher.lookup('void')
DEBUG:pybindgen.typehandlers:try to lookup type handler for 'void' => success ((<class 'pybindgen.typehandlers.voidtype.VoidReturn'>, None, <pybindgen.typehandlers.ctypeparser.TypeTraits object at 0xffffbc1c8a00>))
DEBUG:pybindgen.typehandlers:TypeMatcher.lookup('ns3::Ptr< ns3::NixVector >')
DEBUG:pybindgen.typehandlers:try to lookup type handler for 'ns3::Ptr< ns3::NixVector >' => failure
DEBUG:pybindgen.typehandlers:try to lookup type handler for 'ns3::NixVector *' => success ((<class 'pybindgen.cppclass.MemoryPolicy.register_ptr_parameter_and_return.<locals>.ThisClassPtrParameter'>, <ns3modulegen_core_customizations.SmartPointerTransformation object at 0xffffbcfe0d90>, <pybindgen.typehandlers.ctypeparser.TypeTraits object at 0xffffbc1c8e80>))
DEBUG:pybindgen.typehandlers:TypeMatcher.lookup('std::string')
DEBUG:pybindgen.typehandlers:try to lookup type handler for 'std::string' => success ((<class 'pybindgen.typehandlers.stringtype.StdStringReturn'>, None, <pybindgen.typehandlers.ctypeparser.TypeTraits object at 0xffffbc1c87c0>))
DEBUG:pybindgen.typehandlers:TypeMatcher.lookup('ns3::TypeId')
DEBUG:pybindgen.typehandlers:try to lookup type handler for 'ns3::TypeId' => success ((<class 'pybindgen.cppclass.CppClass.__init__.<locals>.ThisClassReturn'>, None, <pybindgen.typehandlers.ctypeparser.TypeTraits object at 0xffffbc1cb370>))
DEBUG:pybindgen.typehandlers:TypeMatcher.lookup('double')
DEBUG:pybindgen.typehandlers:try to lookup type handler for 'double' => success ((<class 'pybindgen.typehandlers.doubletype.DoubleReturn'>, None, <pybindgen.typehandlers.ctypeparser.TypeTraits object at 0xffffbc1cbc10>))
DEBUG:pybindgen.typehandlers:TypeMatcher.lookup('double')
DEBUG:pybindgen.typehandlers:try to lookup type handler for 'double' => success ((<class 'pybindgen.typehandlers.doubletype.DoubleReturn'>, None, <pybindgen.typehandlers.ctypeparser.TypeTraits object at 0xffffbc1501c0>))
DEBUG:pybindgen.typehandlers:TypeMatcher.lookup('double')
DEBUG:pybindgen.typehandlers:try to lookup type handler for 'double' => success ((<class 'pybindgen.typehandlers.doubletype.DoubleReturn'>, None, <pybindgen.typehandlers.ctypeparser.TypeTraits object at 0xffffbc150730>))
DEBUG:pybindgen.typehandlers:TypeMatcher.lookup('double')
DEBUG:pybindgen.typehandlers:try to lookup type handler for 'double' => success ((<class 'pybindgen.typehandlers.doubletype.DoubleReturn'>, None, <pybindgen.typehandlers.ctypeparser.TypeTraits object at 0xffffbc150c40>))
DEBUG:pybindgen.typehandlers:TypeMatcher.lookup('double')
DEBUG:pybindgen.typehandlers:try to lookup type handler for 'double' => success ((<class 'pybindgen.typehandlers.doubletype.DoubleParam'>, None, <pybindgen.typehandlers.ctypeparser.TypeTraits object at 0xffffbc150e80>))
DEBUG:pybindgen.typehandlers:TypeMatcher.lookup('double')
DEBUG:pybindgen.typehandlers:try to lookup type handler for 'double' => success ((<class 'pybindgen.typehandlers.doubletype.DoubleParam'>, None, <pybindgen.typehandlers.ctypeparser.TypeTraits object at 0xffffbc155040>))
DEBUG:pybindgen.typehandlers:TypeMatcher.lookup('double')
DEBUG:pybindgen.typehandlers:try to lookup type handler for 'double' => success ((<class 'pybindgen.typehandlers.doubletype.DoubleParam'>, None, <pybindgen.typehandlers.ctypeparser.TypeTraits object at 0xffffbc1551c0>))
DEBUG:pybindgen.typehandlers:TypeMatcher.lookup('uint32_t')
DEBUG:pybindgen.typehandlers:try to lookup type handler for 'uint32_t' => success ((<class 'pybindgen.typehandlers.inttype.UnsignedIntReturn'>, None, <pybindgen.typehandlers.ctypeparser.TypeTraits object at 0xffffbc155730>))
DEBUG:pybindgen.typehandlers:TypeMatcher.lookup('uint32_t')
DEBUG:pybindgen.typehandlers:try to lookup type handler for 'uint32_t' => success ((<class 'pybindgen.typehandlers.inttype.UnsignedIntParam'>, None, <pybindgen.typehandlers.ctypeparser.TypeTraits object at 0xffffbc155940>))
DEBUG:pybindgen.typehandlers:TypeMatcher.lookup('uint32_t')
DEBUG:pybindgen.typehandlers:try to lookup type handler for 'uint32_t' => success ((<class 'pybindgen.typehandlers.inttype.UnsignedIntParam'>, None, <pybindgen.typehandlers.ctypeparser.TypeTraits object at 0xffffbc155a90>))
DEBUG:pybindgen.typehandlers:TypeMatcher.lookup('uint32_t')
DEBUG:pybindgen.typehandlers:try to lookup type handler for 'uint32_t' => success ((<class 'pybindgen.typehandlers.inttype.UnsignedIntParam'>, None, <pybindgen.typehandlers.ctypeparser.TypeTraits object at 0xffffbc155c40>))
DEBUG:pybindgen.typehandlers:TypeMatcher.lookup('double')
DEBUG:pybindgen.typehandlers:try to lookup type handler for 'double' => success ((<class 'pybindgen.typehandlers.doubletype.DoubleReturn'>, None, <pybindgen.typehandlers.ctypeparser.TypeTraits object at 0xffffbc159220>))
DEBUG:pybindgen.typehandlers:TypeMatcher.lookup('uint32_t')
DEBUG:pybindgen.typehandlers:try to lookup type handler for 'uint32_t' => success ((<class 'pybindgen.typehandlers.inttype.UnsignedIntReturn'>, None, <pybindgen.typehandlers.ctypeparser.TypeTraits object at 0xffffbc159a60>))
DEBUG:pybindgen.typehandlers:TypeMatcher.lookup('ns3::Time const &')
DEBUG:pybindgen.typehandlers:try to lookup type handler for 'ns3::Time const &' => success ((<class 'pybindgen.cppclass.CppClass.__init__.<locals>.ThisClassRefParameter'>, None, <pybindgen.typehandlers.ctypeparser.TypeTraits object at 0xffffbc15e610>))
DEBUG:pybindgen.typehandlers:TypeMatcher.lookup('ns3::TimeValue const &')
DEBUG:pybindgen.typehandlers:try to lookup type handler for 'ns3::TimeValue const &' => success ((<class 'pybindgen.cppclass.CppClass.__init__.<locals>.ThisClassRefParameter'>, None, <pybindgen.typehandlers.ctypeparser.TypeTraits object at 0xffffbc15ec10>))
DEBUG:pybindgen.typehandlers:TypeMatcher.lookup('ns3::Ptr< ns3::AttributeValue >')
DEBUG:pybindgen.typehandlers:try to lookup type handler for 'ns3::Ptr< ns3::AttributeValue >' => failure
DEBUG:pybindgen.typehandlers:try to lookup type handler for 'ns3::AttributeValue *' => success ((<class 'pybindgen.cppclass.MemoryPolicy.register_ptr_parameter_and_return.<locals>.ThisClassPtrReturn'>, <ns3modulegen_core_customizations.SmartPointerTransformation object at 0xffffbcfe0d90>, <pybindgen.typehandlers.ctypeparser.TypeTraits object at 0xffffbc1624f0>))
DEBUG:pybindgen.typehandlers:TypeMatcher.lookup('bool')
DEBUG:pybindgen.typehandlers:try to lookup type handler for 'bool' => success ((<class 'pybindgen.typehandlers.booltype.BoolReturn'>, None, <pybindgen.typehandlers.ctypeparser.TypeTraits object at 0xffffbc1628b0>))
DEBUG:pybindgen.typehandlers:TypeMatcher.lookup('std::string')
DEBUG:pybindgen.typehandlers:try to lookup type handler for 'std::string' => success ((<class 'pybindgen.typehandlers.stringtype.StdStringParam'>, None, <pybindgen.typehandlers.ctypeparser.TypeTraits object at 0xffffbc162ac0>))
DEBUG:pybindgen.typehandlers:TypeMatcher.lookup('ns3::Ptr< ns3::AttributeChecker const >')
DEBUG:pybindgen.typehandlers:try to lookup type handler for 'ns3::Ptr< ns3::AttributeChecker const >' => failure
DEBUG:pybindgen.typehandlers:try to lookup type handler for 'ns3::AttributeChecker *' => success ((<class 'pybindgen.cppclass.MemoryPolicy.register_ptr_parameter_and_return.<locals>.ThisClassPtrParameter'>, <ns3modulegen_core_customizations.SmartPointerTransformation object at 0xffffbcfe0d90>, <pybindgen.typehandlers.ctypeparser.TypeTraits object at 0xffffbc162f40>))
DEBUG:pybindgen.typehandlers:TypeMatcher.lookup('ns3::Time')
DEBUG:pybindgen.typehandlers:try to lookup type handler for 'ns3::Time' => success ((<class 'pybindgen.cppclass.CppClass.__init__.<locals>.ThisClassReturn'>, None, <pybindgen.typehandlers.ctypeparser.TypeTraits object at 0xffffbc167340>))
DEBUG:pybindgen.typehandlers:TypeMatcher.lookup('std::string')
DEBUG:pybindgen.typehandlers:try to lookup type handler for 'std::string' => success ((<class 'pybindgen.typehandlers.stringtype.StdStringReturn'>, None, <pybindgen.typehandlers.ctypeparser.TypeTraits object at 0xffffbc167880>))
DEBUG:pybindgen.typehandlers:TypeMatcher.lookup('ns3::Ptr< ns3::AttributeChecker const >')
DEBUG:pybindgen.typehandlers:try to lookup type handler for 'ns3::Ptr< ns3::AttributeChecker const >' => failure
DEBUG:pybindgen.typehandlers:try to lookup type handler for 'ns3::AttributeChecker *' => success ((<class 'pybindgen.cppclass.MemoryPolicy.register_ptr_parameter_and_return.<locals>.ThisClassPtrParameter'>, <ns3modulegen_core_customizations.SmartPointerTransformation object at 0xffffbcfe0d90>, <pybindgen.typehandlers.ctypeparser.TypeTraits object at 0xffffbc167d60>))
DEBUG:pybindgen.typehandlers:TypeMatcher.lookup('void')
DEBUG:pybindgen.typehandlers:try to lookup type handler for 'void' => success ((<class 'pybindgen.typehandlers.voidtype.VoidReturn'>, None, <pybindgen.typehandlers.ctypeparser.TypeTraits object at 0xffffbc16a100>))
DEBUG:pybindgen.typehandlers:TypeMatcher.lookup('ns3::Time const &')
DEBUG:pybindgen.typehandlers:try to lookup type handler for 'ns3::Time const &' => success ((<class 'pybindgen.cppclass.CppClass.__init__.<locals>.ThisClassRefParameter'>, None, <pybindgen.typehandlers.ctypeparser.TypeTraits object at 0xffffbc16a340>))
DEBUG:pybindgen.typehandlers:TypeMatcher.lookup('ns3::TypeIdChecker const &')
DEBUG:pybindgen.typehandlers:try to lookup type handler for 'ns3::TypeIdChecker const &' => success ((<class 'pybindgen.cppclass.CppClass.__init__.<locals>.ThisClassRefParameter'>, None, <pybindgen.typehandlers.ctypeparser.TypeTraits object at 0xffffbc16acd0>))
DEBUG:pybindgen.typehandlers:TypeMatcher.lookup('ns3::TypeId const &')
DEBUG:pybindgen.typehandlers:try to lookup type handler for 'ns3::TypeId const &' => success ((<class 'pybindgen.cppclass.CppClass.__init__.<locals>.ThisClassRefParameter'>, None, <pybindgen.typehandlers.ctypeparser.TypeTraits object at 0xffffbc16f670>))
DEBUG:pybindgen.typehandlers:TypeMatcher.lookup('ns3::TypeIdValue const &')
DEBUG:pybindgen.typehandlers:try to lookup type handler for 'ns3::TypeIdValue const &' => success ((<class 'pybindgen.cppclass.CppClass.__init__.<locals>.ThisClassRefParameter'>, None, <pybindgen.typehandlers.ctypeparser.TypeTraits object at 0xffffbc16fc70>))
DEBUG:pybindgen.typehandlers:TypeMatcher.lookup('ns3::Ptr< ns3::AttributeValue >')
DEBUG:pybindgen.typehandlers:try to lookup type handler for 'ns3::Ptr< ns3::AttributeValue >' => failure
DEBUG:pybindgen.typehandlers:try to lookup type handler for 'ns3::AttributeValue *' => success ((<class 'pybindgen.cppclass.MemoryPolicy.register_ptr_parameter_and_return.<locals>.ThisClassPtrReturn'>, <ns3modulegen_core_customizations.SmartPointerTransformation object at 0xffffbcfe0d90>, <pybindgen.typehandlers.ctypeparser.TypeTraits object at 0xffffbc172550>))
DEBUG:pybindgen.typehandlers:TypeMatcher.lookup('bool')
DEBUG:pybindgen.typehandlers:try to lookup type handler for 'bool' => success ((<class 'pybindgen.typehandlers.booltype.BoolReturn'>, None, <pybindgen.typehandlers.ctypeparser.TypeTraits object at 0xffffbc172910>))
DEBUG:pybindgen.typehandlers:TypeMatcher.lookup('std::string')
DEBUG:pybindgen.typehandlers:try to lookup type handler for 'std::string' => success ((<class 'pybindgen.typehandlers.stringtype.StdStringParam'>, None, <pybindgen.typehandlers.ctypeparser.TypeTraits object at 0xffffbc172b20>))
DEBUG:pybindgen.typehandlers:TypeMatcher.lookup('ns3::Ptr< ns3::AttributeChecker const >')
DEBUG:pybindgen.typehandlers:try to lookup type handler for 'ns3::Ptr< ns3::AttributeChecker const >' => failure
DEBUG:pybindgen.typehandlers:try to lookup type handler for 'ns3::AttributeChecker *' => success ((<class 'pybindgen.cppclass.MemoryPolicy.register_ptr_parameter_and_return.<locals>.ThisClassPtrParameter'>, <ns3modulegen_core_customizations.SmartPointerTransformation object at 0xffffbcfe0d90>, <pybindgen.typehandlers.ctypeparser.TypeTraits object at 0xffffbc177040>))
DEBUG:pybindgen.typehandlers:TypeMatcher.lookup('ns3::TypeId')
DEBUG:pybindgen.typehandlers:try to lookup type handler for 'ns3::TypeId' => success ((<class 'pybindgen.cppclass.CppClass.__init__.<locals>.ThisClassReturn'>, None, <pybindgen.typehandlers.ctypeparser.TypeTraits object at 0xffffbc1773a0>))
DEBUG:pybindgen.typehandlers:TypeMatcher.lookup('std::string')
DEBUG:pybindgen.typehandlers:try to lookup type handler for 'std::string' => success ((<class 'pybindgen.typehandlers.stringtype.StdStringReturn'>, None, <pybindgen.typehandlers.ctypeparser.TypeTraits object at 0xffffbc1778e0>))
DEBUG:pybindgen.typehandlers:TypeMatcher.lookup('ns3::Ptr< ns3::AttributeChecker const >')
DEBUG:pybindgen.typehandlers:try to lookup type handler for 'ns3::Ptr< ns3::AttributeChecker const >' => failure
DEBUG:pybindgen.typehandlers:try to lookup type handler for 'ns3::AttributeChecker *' => success ((<class 'pybindgen.cppclass.MemoryPolicy.register_ptr_parameter_and_return.<locals>.ThisClassPtrParameter'>, <ns3modulegen_core_customizations.SmartPointerTransformation object at 0xffffbcfe0d90>, <pybindgen.typehandlers.ctypeparser.TypeTraits object at 0xffffbc177dc0>))
DEBUG:pybindgen.typehandlers:TypeMatcher.lookup('void')
DEBUG:pybindgen.typehandlers:try to lookup type handler for 'void' => success ((<class 'pybindgen.typehandlers.voidtype.VoidReturn'>, None, <pybindgen.typehandlers.ctypeparser.TypeTraits object at 0xffffbc17e160>))
DEBUG:pybindgen.typehandlers:TypeMatcher.lookup('ns3::TypeId const &')
DEBUG:pybindgen.typehandlers:try to lookup type handler for 'ns3::TypeId const &' => success ((<class 'pybindgen.cppclass.CppClass.__init__.<locals>.ThisClassRefParameter'>, None, <pybindgen.typehandlers.ctypeparser.TypeTraits object at 0xffffbc17e3a0>))
DEBUG:pybindgen.typehandlers:TypeMatcher.lookup('ns3::AddressChecker const &')
DEBUG:pybindgen.typehandlers:try to lookup type handler for 'ns3::AddressChecker const &' => success ((<class 'pybindgen.cppclass.CppClass.__init__.<locals>.ThisClassRefParameter'>, None, <pybindgen.typehandlers.ctypeparser.TypeTraits object at 0xffffbc17ed30>))
DEBUG:pybindgen.typehandlers:TypeMatcher.lookup('ns3::Address const &')
DEBUG:pybindgen.typehandlers:try to lookup type handler for 'ns3::Address const &' => success ((<class 'pybindgen.cppclass.CppClass.__init__.<locals>.ThisClassRefParameter'>, None, <pybindgen.typehandlers.ctypeparser.TypeTraits object at 0xffffbc1826d0>))
DEBUG:pybindgen.typehandlers:TypeMatcher.lookup('ns3::AddressValue const &')
DEBUG:pybindgen.typehandlers:try to lookup type handler for 'ns3::AddressValue const &' => success ((<class 'pybindgen.cppclass.CppClass.__init__.<locals>.ThisClassRefParameter'>, None, <pybindgen.typehandlers.ctypeparser.TypeTraits object at 0xffffbc182cd0>))
DEBUG:pybindgen.typehandlers:TypeMatcher.lookup('ns3::Ptr< ns3::AttributeValue >')
DEBUG:pybindgen.typehandlers:try to lookup type handler for 'ns3::Ptr< ns3::AttributeValue >' => failure
DEBUG:pybindgen.typehandlers:try to lookup type handler for 'ns3::AttributeValue *' => success ((<class 'pybindgen.cppclass.MemoryPolicy.register_ptr_parameter_and_return.<locals>.ThisClassPtrReturn'>, <ns3modulegen_core_customizations.SmartPointerTransformation object at 0xffffbcfe0d90>, <pybindgen.typehandlers.ctypeparser.TypeTraits object at 0xffffbc1865b0>))
DEBUG:pybindgen.typehandlers:TypeMatcher.lookup('bool')
DEBUG:pybindgen.typehandlers:try to lookup type handler for 'bool' => success ((<class 'pybindgen.typehandlers.booltype.BoolReturn'>, None, <pybindgen.typehandlers.ctypeparser.TypeTraits object at 0xffffbc186970>))
DEBUG:pybindgen.typehandlers:TypeMatcher.lookup('std::string')
DEBUG:pybindgen.typehandlers:try to lookup type handler for 'std::string' => success ((<class 'pybindgen.typehandlers.stringtype.StdStringParam'>, None, <pybindgen.typehandlers.ctypeparser.TypeTraits object at 0xffffbc186b80>))
DEBUG:pybindgen.typehandlers:TypeMatcher.lookup('ns3::Ptr< ns3::AttributeChecker const >')
DEBUG:pybindgen.typehandlers:try to lookup type handler for 'ns3::Ptr< ns3::AttributeChecker const >' => failure
DEBUG:pybindgen.typehandlers:try to lookup type handler for 'ns3::AttributeChecker *' => success ((<class 'pybindgen.cppclass.MemoryPolicy.register_ptr_parameter_and_return.<locals>.ThisClassPtrParameter'>, <ns3modulegen_core_customizations.SmartPointerTransformation object at 0xffffbcfe0d90>, <pybindgen.typehandlers.ctypeparser.TypeTraits object at 0xffffbc18b040>))
DEBUG:pybindgen.typehandlers:TypeMatcher.lookup('ns3::Address')
DEBUG:pybindgen.typehandlers:try to lookup type handler for 'ns3::Address' => success ((<class 'pybindgen.cppclass.CppClass.__init__.<locals>.ThisClassReturn'>, None, <pybindgen.typehandlers.ctypeparser.TypeTraits object at 0xffffbc18b400>))
DEBUG:pybindgen.typehandlers:TypeMatcher.lookup('std::string')
DEBUG:pybindgen.typehandlers:try to lookup type handler for 'std::string' => success ((<class 'pybindgen.typehandlers.stringtype.StdStringReturn'>, None, <pybindgen.typehandlers.ctypeparser.TypeTraits object at 0xffffbc18b940>))
DEBUG:pybindgen.typehandlers:TypeMatcher.lookup('ns3::Ptr< ns3::AttributeChecker const >')
DEBUG:pybindgen.typehandlers:try to lookup type handler for 'ns3::Ptr< ns3::AttributeChecker const >' => failure
DEBUG:pybindgen.typehandlers:try to lookup type handler for 'ns3::AttributeChecker *' => success ((<class 'pybindgen.cppclass.MemoryPolicy.register_ptr_parameter_and_return.<locals>.ThisClassPtrParameter'>, <ns3modulegen_core_customizations.SmartPointerTransformation object at 0xffffbcfe0d90>, <pybindgen.typehandlers.ctypeparser.TypeTraits object at 0xffffbc18be20>))
DEBUG:pybindgen.typehandlers:TypeMatcher.lookup('void')
DEBUG:pybindgen.typehandlers:try to lookup type handler for 'void' => success ((<class 'pybindgen.typehandlers.voidtype.VoidReturn'>, None, <pybindgen.typehandlers.ctypeparser.TypeTraits object at 0xffffbc18f1c0>))
DEBUG:pybindgen.typehandlers:TypeMatcher.lookup('ns3::Address const &')
DEBUG:pybindgen.typehandlers:try to lookup type handler for 'ns3::Address const &' => success ((<class 'pybindgen.cppclass.CppClass.__init__.<locals>.ThisClassRefParameter'>, None, <pybindgen.typehandlers.ctypeparser.TypeTraits object at 0xffffbc18f400>))
DEBUG:pybindgen.typehandlers:TypeMatcher.lookup('ns3::CallbackImpl< bool, ns3::Ptr< ns3::Socket >, ns3::Address const &, ns3::empty, ns3::empty, ns3::empty, ns3::empty, ns3::empty, ns3::empty, ns3::empty > const &')
DEBUG:pybindgen.typehandlers:try to lookup type handler for 'ns3::CallbackImpl< bool, ns3::Ptr< ns3::Socket >, ns3::Address const &, ns3::empty, ns3::empty, ns3::empty, ns3::empty, ns3::empty, ns3::empty, ns3::empty > const &' => success ((<class 'pybindgen.cppclass.CppClass.__init__.<locals>.ThisClassRefParameter'>, None, <pybindgen.typehandlers.ctypeparser.TypeTraits object at 0xffffbc18fd90>))
DEBUG:pybindgen.typehandlers:TypeMatcher.lookup('std::string')
DEBUG:pybindgen.typehandlers:try to lookup type handler for 'std::string' => success ((<class 'pybindgen.typehandlers.stringtype.StdStringReturn'>, None, <pybindgen.typehandlers.ctypeparser.TypeTraits object at 0xffffbc116fa0>))
DEBUG:pybindgen.typehandlers:TypeMatcher.lookup('std::string')
DEBUG:pybindgen.typehandlers:try to lookup type handler for 'std::string' => success ((<class 'pybindgen.typehandlers.stringtype.StdStringReturn'>, None, <pybindgen.typehandlers.ctypeparser.TypeTraits object at 0xffffbc118550>))
DEBUG:pybindgen.typehandlers:TypeMatcher.lookup('bool')
DEBUG:pybindgen.typehandlers:try to lookup type handler for 'bool' => success ((<class 'pybindgen.typehandlers.booltype.BoolReturn'>, None, <pybindgen.typehandlers.ctypeparser.TypeTraits object at 0xffffbc118a60>))
DEBUG:pybindgen.typehandlers:TypeMatcher.lookup('ns3::Ptr< ns3::Socket >')
DEBUG:pybindgen.typehandlers:try to lookup type handler for 'ns3::Ptr< ns3::Socket >' => failure
DEBUG:pybindgen.typehandlers:try to lookup type handler for 'ns3::Socket *' => success ((<class 'pybindgen.cppclass.MemoryPolicy.register_ptr_parameter_and_return.<locals>.ThisClassPtrParameter'>, <ns3modulegen_core_customizations.SmartPointerTransformation object at 0xffffbcfe0d90>, <pybindgen.typehandlers.ctypeparser.TypeTraits object at 0xffffbc118f40>))
DEBUG:pybindgen.typehandlers:TypeMatcher.lookup('ns3::Address const &')
DEBUG:pybindgen.typehandlers:try to lookup type handler for 'ns3::Address const &' => success ((<class 'pybindgen.cppclass.CppClass.__init__.<locals>.ThisClassRefParameter'>, None, <pybindgen.typehandlers.ctypeparser.TypeTraits object at 0xffffbc118f40>))
DEBUG:pybindgen.typehandlers:TypeMatcher.lookup('ns3::CallbackImpl< ns3::ObjectBase *, ns3::empty, ns3::empty, ns3::empty, ns3::empty, ns3::empty, ns3::empty, ns3::empty, ns3::empty, ns3::empty > const &')
DEBUG:pybindgen.typehandlers:try to lookup type handler for 'ns3::CallbackImpl< ns3::ObjectBase *, ns3::empty, ns3::empty, ns3::empty, ns3::empty, ns3::empty, ns3::empty, ns3::empty, ns3::empty, ns3::empty > const &' => success ((<class 'pybindgen.cppclass.CppClass.__init__.<locals>.ThisClassRefParameter'>, None, <pybindgen.typehandlers.ctypeparser.TypeTraits object at 0xffffbc11d940>))
DEBUG:pybindgen.typehandlers:TypeMatcher.lookup('std::string')
DEBUG:pybindgen.typehandlers:try to lookup type handler for 'std::string' => success ((<class 'pybindgen.typehandlers.stringtype.StdStringReturn'>, None, <pybindgen.typehandlers.ctypeparser.TypeTraits object at 0xffffbc1219a0>))
DEBUG:pybindgen.typehandlers:TypeMatcher.lookup('std::string')
DEBUG:pybindgen.typehandlers:try to lookup type handler for 'std::string' => success ((<class 'pybindgen.typehandlers.stringtype.StdStringReturn'>, None, <pybindgen.typehandlers.ctypeparser.TypeTraits object at 0xffffbc121f10>))
DEBUG:pybindgen.typehandlers:TypeMatcher.lookup('ns3::ObjectBase *')
DEBUG:pybindgen.typehandlers:try to lookup type handler for 'ns3::ObjectBase *' => success ((<class 'pybindgen.cppclass.CppClass.__init__.<locals>.ThisClassPtrReturn'>, None, <pybindgen.typehandlers.ctypeparser.TypeTraits object at 0xffffbc125460>))
DEBUG:pybindgen.typehandlers:TypeMatcher.lookup('ns3::CallbackImpl< void, ns3::Ipv4Header const &, ns3::Ptr< ns3::Packet const >, ns3::Ipv4L3Protocol::DropReason, ns3::Ptr< ns3::Ipv4 >, unsigned int, ns3::empty, ns3::empty, ns3::empty, ns3::empty > const &')
DEBUG:pybindgen.typehandlers:try to lookup type handler for 'ns3::CallbackImpl< void, ns3::Ipv4Header const &, ns3::Ptr< ns3::Packet const >, ns3::Ipv4L3Protocol::DropReason, ns3::Ptr< ns3::Ipv4 >, unsigned int, ns3::empty, ns3::empty, ns3::empty, ns3::empty > const &' => success ((<class 'pybindgen.cppclass.CppClass.__init__.<locals>.ThisClassRefParameter'>, None, <pybindgen.typehandlers.ctypeparser.TypeTraits object at 0xffffbc125df0>))
DEBUG:pybindgen.typehandlers:TypeMatcher.lookup('std::string')
DEBUG:pybindgen.typehandlers:try to lookup type handler for 'std::string' => success ((<class 'pybindgen.typehandlers.stringtype.StdStringReturn'>, None, <pybindgen.typehandlers.ctypeparser.TypeTraits object at 0xffffbc12d250>))
DEBUG:pybindgen.typehandlers:TypeMatcher.lookup('std::string')
DEBUG:pybindgen.typehandlers:try to lookup type handler for 'std::string' => success ((<class 'pybindgen.typehandlers.stringtype.StdStringReturn'>, None, <pybindgen.typehandlers.ctypeparser.TypeTraits object at 0xffffbc12d7c0>))
DEBUG:pybindgen.typehandlers:TypeMatcher.lookup('void')
DEBUG:pybindgen.typehandlers:try to lookup type handler for 'void' => success ((<class 'pybindgen.typehandlers.voidtype.VoidReturn'>, None, <pybindgen.typehandlers.ctypeparser.TypeTraits object at 0xffffbc12dd30>))
DEBUG:pybindgen.typehandlers:TypeMatcher.lookup('ns3::Ipv4Header const &')
DEBUG:pybindgen.typehandlers:try to lookup type handler for 'ns3::Ipv4Header const &' => success ((<class 'pybindgen.cppclass.CppClass.__init__.<locals>.ThisClassRefParameter'>, None, <pybindgen.typehandlers.ctypeparser.TypeTraits object at 0xffffbc12df40>))
DEBUG:pybindgen.typehandlers:TypeMatcher.lookup('ns3::Ptr< ns3::Packet const >')
DEBUG:pybindgen.typehandlers:try to lookup type handler for 'ns3::Ptr< ns3::Packet const >' => failure
DEBUG:pybindgen.typehandlers:try to lookup type handler for 'ns3::Packet *' => success ((<class 'pybindgen.cppclass.MemoryPolicy.register_ptr_parameter_and_return.<locals>.ThisClassPtrParameter'>, <ns3modulegen_core_customizations.SmartPointerTransformation object at 0xffffbcfe0d90>, <pybindgen.typehandlers.ctypeparser.TypeTraits object at 0xffffbc1354f0>))
DEBUG:pybindgen.typehandlers:TypeMatcher.lookup('ns3::Ipv4L3Protocol::DropReason')
DEBUG:pybindgen.typehandlers:try to lookup type handler for 'ns3::Ipv4L3Protocol::DropReason' => success ((<class 'pybindgen.enum.Enum.set_module.<locals>.ThisEnumParameter'>, None, <pybindgen.typehandlers.ctypeparser.TypeTraits object at 0xffffbc1354f0>))
DEBUG:pybindgen.typehandlers:TypeMatcher.lookup('ns3::Ptr< ns3::Ipv4 >')
DEBUG:pybindgen.typehandlers:try to lookup type handler for 'ns3::Ptr< ns3::Ipv4 >' => failure
DEBUG:pybindgen.typehandlers:try to lookup type handler for 'ns3::Ipv4 *' => success ((<class 'pybindgen.cppclass.MemoryPolicy.register_ptr_parameter_and_return.<locals>.ThisClassPtrParameter'>, <ns3modulegen_core_customizations.SmartPointerTransformation object at 0xffffbcfe0d90>, <pybindgen.typehandlers.ctypeparser.TypeTraits object at 0xffffbc1359a0>))
DEBUG:pybindgen.typehandlers:TypeMatcher.lookup('unsigned int')
DEBUG:pybindgen.typehandlers:try to lookup type handler for 'unsigned int' => success ((<class 'pybindgen.typehandlers.inttype.UnsignedIntParam'>, None, <pybindgen.typehandlers.ctypeparser.TypeTraits object at 0xffffbc1359a0>))
DEBUG:pybindgen.typehandlers:TypeMatcher.lookup('ns3::CallbackImpl< void, ns3::Ipv4Header const &, ns3::Ptr< ns3::Packet const >, unsigned int, ns3::empty, ns3::empty, ns3::empty, ns3::empty, ns3::empty, ns3::empty > const &')
DEBUG:pybindgen.typehandlers:try to lookup type handler for 'ns3::CallbackImpl< void, ns3::Ipv4Header const &, ns3::Ptr< ns3::Packet const >, unsigned int, ns3::empty, ns3::empty, ns3::empty, ns3::empty, ns3::empty, ns3::empty > const &' => success ((<class 'pybindgen.cppclass.CppClass.__init__.<locals>.ThisClassRefParameter'>, None, <pybindgen.typehandlers.ctypeparser.TypeTraits object at 0xffffbc1392e0>))
DEBUG:pybindgen.typehandlers:TypeMatcher.lookup('std::string')
DEBUG:pybindgen.typehandlers:try to lookup type handler for 'std::string' => success ((<class 'pybindgen.typehandlers.stringtype.StdStringReturn'>, None, <pybindgen.typehandlers.ctypeparser.TypeTraits object at 0xffffbc13d5b0>))
DEBUG:pybindgen.typehandlers:TypeMatcher.lookup('std::string')
DEBUG:pybindgen.typehandlers:try to lookup type handler for 'std::string' => success ((<class 'pybindgen.typehandlers.stringtype.StdStringReturn'>, None, <pybindgen.typehandlers.ctypeparser.TypeTraits object at 0xffffbc13db20>))
DEBUG:pybindgen.typehandlers:TypeMatcher.lookup('void')
DEBUG:pybindgen.typehandlers:try to lookup type handler for 'void' => success ((<class 'pybindgen.typehandlers.voidtype.VoidReturn'>, None, <pybindgen.typehandlers.ctypeparser.TypeTraits object at 0xffffbc140070>))
DEBUG:pybindgen.typehandlers:TypeMatcher.lookup('ns3::Ipv4Header const &')
DEBUG:pybindgen.typehandlers:try to lookup type handler for 'ns3::Ipv4Header const &' => success ((<class 'pybindgen.cppclass.CppClass.__init__.<locals>.ThisClassRefParameter'>, None, <pybindgen.typehandlers.ctypeparser.TypeTraits object at 0xffffbc1402b0>))
DEBUG:pybindgen.typehandlers:TypeMatcher.lookup('ns3::Ptr< ns3::Packet const >')
DEBUG:pybindgen.typehandlers:try to lookup type handler for 'ns3::Ptr< ns3::Packet const >' => failure
DEBUG:pybindgen.typehandlers:try to lookup type handler for 'ns3::Packet *' => success ((<class 'pybindgen.cppclass.MemoryPolicy.register_ptr_parameter_and_return.<locals>.ThisClassPtrParameter'>, <ns3modulegen_core_customizations.SmartPointerTransformation object at 0xffffbcfe0d90>, <pybindgen.typehandlers.ctypeparser.TypeTraits object at 0xffffbc140820>))
DEBUG:pybindgen.typehandlers:TypeMatcher.lookup('unsigned int')
DEBUG:pybindgen.typehandlers:try to lookup type handler for 'unsigned int' => success ((<class 'pybindgen.typehandlers.inttype.UnsignedIntParam'>, None, <pybindgen.typehandlers.ctypeparser.TypeTraits object at 0xffffbc140820>))
DEBUG:pybindgen.typehandlers:TypeMatcher.lookup('ns3::CallbackImpl< void, ns3::WifiMacHeader const &, ns3::empty, ns3::empty, ns3::empty, ns3::empty, ns3::empty, ns3::empty, ns3::empty, ns3::empty > const &')
DEBUG:pybindgen.typehandlers:try to lookup type handler for 'ns3::CallbackImpl< void, ns3::WifiMacHeader const &, ns3::empty, ns3::empty, ns3::empty, ns3::empty, ns3::empty, ns3::empty, ns3::empty, ns3::empty > const &' => success ((<class 'pybindgen.cppclass.CppClass.__init__.<locals>.ThisClassRefParameter'>, None, <pybindgen.typehandlers.ctypeparser.TypeTraits object at 0xffffbc1441c0>))
DEBUG:pybindgen.typehandlers:TypeMatcher.lookup('std::string')
DEBUG:pybindgen.typehandlers:try to lookup type handler for 'std::string' => success ((<class 'pybindgen.typehandlers.stringtype.StdStringReturn'>, None, <pybindgen.typehandlers.ctypeparser.TypeTraits object at 0xffffbc146280>))
DEBUG:pybindgen.typehandlers:TypeMatcher.lookup('std::string')
DEBUG:pybindgen.typehandlers:try to lookup type handler for 'std::string' => success ((<class 'pybindgen.typehandlers.stringtype.StdStringReturn'>, None, <pybindgen.typehandlers.ctypeparser.TypeTraits object at 0xffffbc1467f0>))
DEBUG:pybindgen.typehandlers:TypeMatcher.lookup('void')
DEBUG:pybindgen.typehandlers:try to lookup type handler for 'void' => success ((<class 'pybindgen.typehandlers.voidtype.VoidReturn'>, None, <pybindgen.typehandlers.ctypeparser.TypeTraits object at 0xffffbc146d00>))
DEBUG:pybindgen.typehandlers:TypeMatcher.lookup('ns3::WifiMacHeader const &')
DEBUG:pybindgen.typehandlers:try to lookup type handler for 'ns3::WifiMacHeader const &' => failure
'ns3::WifiMacHeader const &' did not match
/root/workspace/netwokr/ns-allinone-3.33/ns-3.33/src/aodv/bindings/modulegen__gcc_LP64.py:7539: Warning: exception TypeLookupError(['ns3::WifiMacHeader &']) in wrapper public: virtual retval? ???::operator() (params?) = 0;
  cls.add_method('operator()',
DEBUG:pybindgen.typehandlers:TypeMatcher.lookup('ns3::CallbackImpl< void, ns3::Ipv4Address, ns3::empty, ns3::empty, ns3::empty, ns3::empty, ns3::empty, ns3::empty, ns3::empty, ns3::empty > const &')
DEBUG:pybindgen.typehandlers:try to lookup type handler for 'ns3::CallbackImpl< void, ns3::Ipv4Address, ns3::empty, ns3::empty, ns3::empty, ns3::empty, ns3::empty, ns3::empty, ns3::empty, ns3::empty > const &' => success ((<class 'pybindgen.cppclass.CppClass.__init__.<locals>.ThisClassRefParameter'>, None, <pybindgen.typehandlers.ctypeparser.TypeTraits object at 0xffffbc14cdc0>))
DEBUG:pybindgen.typehandlers:TypeMatcher.lookup('std::string')
DEBUG:pybindgen.typehandlers:try to lookup type handler for 'std::string' => success ((<class 'pybindgen.typehandlers.stringtype.StdStringReturn'>, None, <pybindgen.typehandlers.ctypeparser.TypeTraits object at 0xffffbc0d1d90>))
DEBUG:pybindgen.typehandlers:TypeMatcher.lookup('std::string')
DEBUG:pybindgen.typehandlers:try to lookup type handler for 'std::string' => success ((<class 'pybindgen.typehandlers.stringtype.StdStringReturn'>, None, <pybindgen.typehandlers.ctypeparser.TypeTraits object at 0xffffbc0d4340>))
DEBUG:pybindgen.typehandlers:TypeMatcher.lookup('void')
DEBUG:pybindgen.typehandlers:try to lookup type handler for 'void' => success ((<class 'pybindgen.typehandlers.voidtype.VoidReturn'>, None, <pybindgen.typehandlers.ctypeparser.TypeTraits object at 0xffffbc0d4850>))
DEBUG:pybindgen.typehandlers:TypeMatcher.lookup('ns3::Ipv4Address')
DEBUG:pybindgen.typehandlers:try to lookup type handler for 'ns3::Ipv4Address' => success ((<class 'pybindgen.cppclass.CppClass.__init__.<locals>.ThisClassParameter'>, None, <pybindgen.typehandlers.ctypeparser.TypeTraits object at 0xffffbc0d4a90>))
DEBUG:pybindgen.typehandlers:TypeMatcher.lookup('ns3::CallbackImpl< void, ns3::Ptr< ns3::Packet const >, ns3::Ipv4Header const &, ns3::Socket::SocketErrno, ns3::empty, ns3::empty, ns3::empty, ns3::empty, ns3::empty, ns3::empty > const &')
DEBUG:pybindgen.typehandlers:try to lookup type handler for 'ns3::CallbackImpl< void, ns3::Ptr< ns3::Packet const >, ns3::Ipv4Header const &, ns3::Socket::SocketErrno, ns3::empty, ns3::empty, ns3::empty, ns3::empty, ns3::empty, ns3::empty > const &' => success ((<class 'pybindgen.cppclass.CppClass.__init__.<locals>.ThisClassRefParameter'>, None, <pybindgen.typehandlers.ctypeparser.TypeTraits object at 0xffffbc0d7370>))
DEBUG:pybindgen.typehandlers:TypeMatcher.lookup('std::string')
DEBUG:pybindgen.typehandlers:try to lookup type handler for 'std::string' => success ((<class 'pybindgen.typehandlers.stringtype.StdStringReturn'>, None, <pybindgen.typehandlers.ctypeparser.TypeTraits object at 0xffffbc0dc130>))
DEBUG:pybindgen.typehandlers:TypeMatcher.lookup('std::string')
DEBUG:pybindgen.typehandlers:try to lookup type handler for 'std::string' => success ((<class 'pybindgen.typehandlers.stringtype.StdStringReturn'>, None, <pybindgen.typehandlers.ctypeparser.TypeTraits object at 0xffffbc0dc6a0>))
DEBUG:pybindgen.typehandlers:TypeMatcher.lookup('void')
DEBUG:pybindgen.typehandlers:try to lookup type handler for 'void' => success ((<class 'pybindgen.typehandlers.voidtype.VoidReturn'>, None, <pybindgen.typehandlers.ctypeparser.TypeTraits object at 0xffffbc0dcbb0>))
DEBUG:pybindgen.typehandlers:TypeMatcher.lookup('ns3::Ptr< ns3::Packet const >')
DEBUG:pybindgen.typehandlers:try to lookup type handler for 'ns3::Ptr< ns3::Packet const >' => failure
DEBUG:pybindgen.typehandlers:try to lookup type handler for 'ns3::Packet *' => success ((<class 'pybindgen.cppclass.MemoryPolicy.register_ptr_parameter_and_return.<locals>.ThisClassPtrParameter'>, <ns3modulegen_core_customizations.SmartPointerTransformation object at 0xffffbcfe0d90>, <pybindgen.typehandlers.ctypeparser.TypeTraits object at 0xffffbc0df100>))
DEBUG:pybindgen.typehandlers:TypeMatcher.lookup('ns3::Ipv4Header const &')
DEBUG:pybindgen.typehandlers:try to lookup type handler for 'ns3::Ipv4Header const &' => success ((<class 'pybindgen.cppclass.CppClass.__init__.<locals>.ThisClassRefParameter'>, None, <pybindgen.typehandlers.ctypeparser.TypeTraits object at 0xffffbc0dce20>))
DEBUG:pybindgen.typehandlers:TypeMatcher.lookup('ns3::Socket::SocketErrno')
DEBUG:pybindgen.typehandlers:try to lookup type handler for 'ns3::Socket::SocketErrno' => success ((<class 'pybindgen.enum.Enum.set_module.<locals>.ThisEnumParameter'>, None, <pybindgen.typehandlers.ctypeparser.TypeTraits object at 0xffffbc0df370>))
DEBUG:pybindgen.typehandlers:TypeMatcher.lookup('ns3::CallbackImpl< void, ns3::Ptr< ns3::Packet const >, ns3::Ptr< ns3::Ipv4 >, unsigned int, ns3::empty, ns3::empty, ns3::empty, ns3::empty, ns3::empty, ns3::empty > const &')
DEBUG:pybindgen.typehandlers:try to lookup type handler for 'ns3::CallbackImpl< void, ns3::Ptr< ns3::Packet const >, ns3::Ptr< ns3::Ipv4 >, unsigned int, ns3::empty, ns3::empty, ns3::empty, ns3::empty, ns3::empty, ns3::empty > const &' => success ((<class 'pybindgen.cppclass.CppClass.__init__.<locals>.ThisClassRefParameter'>, None, <pybindgen.typehandlers.ctypeparser.TypeTraits object at 0xffffbc0dfca0>))
DEBUG:pybindgen.typehandlers:TypeMatcher.lookup('std::string')
DEBUG:pybindgen.typehandlers:try to lookup type handler for 'std::string' => success ((<class 'pybindgen.typehandlers.stringtype.StdStringReturn'>, None, <pybindgen.typehandlers.ctypeparser.TypeTraits object at 0xffffbc0e8040>))
DEBUG:pybindgen.typehandlers:TypeMatcher.lookup('std::string')
DEBUG:pybindgen.typehandlers:try to lookup type handler for 'std::string' => success ((<class 'pybindgen.typehandlers.stringtype.StdStringReturn'>, None, <pybindgen.typehandlers.ctypeparser.TypeTraits object at 0xffffbc0e85b0>))
DEBUG:pybindgen.typehandlers:TypeMatcher.lookup('void')
DEBUG:pybindgen.typehandlers:try to lookup type handler for 'void' => success ((<class 'pybindgen.typehandlers.voidtype.VoidReturn'>, None, <pybindgen.typehandlers.ctypeparser.TypeTraits object at 0xffffbc0e8ac0>))
DEBUG:pybindgen.typehandlers:TypeMatcher.lookup('ns3::Ptr< ns3::Packet const >')
DEBUG:pybindgen.typehandlers:try to lookup type handler for 'ns3::Ptr< ns3::Packet const >' => failure
DEBUG:pybindgen.typehandlers:try to lookup type handler for 'ns3::Packet *' => success ((<class 'pybindgen.cppclass.MemoryPolicy.register_ptr_parameter_and_return.<locals>.ThisClassPtrParameter'>, <ns3modulegen_core_customizations.SmartPointerTransformation object at 0xffffbcfe0d90>, <pybindgen.typehandlers.ctypeparser.TypeTraits object at 0xffffbc0ec040>))
DEBUG:pybindgen.typehandlers:TypeMatcher.lookup('ns3::Ptr< ns3::Ipv4 >')
DEBUG:pybindgen.typehandlers:try to lookup type handler for 'ns3::Ptr< ns3::Ipv4 >' => failure
DEBUG:pybindgen.typehandlers:try to lookup type handler for 'ns3::Ipv4 *' => success ((<class 'pybindgen.cppclass.MemoryPolicy.register_ptr_parameter_and_return.<locals>.ThisClassPtrParameter'>, <ns3modulegen_core_customizations.SmartPointerTransformation object at 0xffffbcfe0d90>, <pybindgen.typehandlers.ctypeparser.TypeTraits object at 0xffffbc0ec310>))
DEBUG:pybindgen.typehandlers:TypeMatcher.lookup('unsigned int')
DEBUG:pybindgen.typehandlers:try to lookup type handler for 'unsigned int' => success ((<class 'pybindgen.typehandlers.inttype.UnsignedIntParam'>, None, <pybindgen.typehandlers.ctypeparser.TypeTraits object at 0xffffbc0ec310>))
DEBUG:pybindgen.typehandlers:TypeMatcher.lookup('ns3::CallbackImpl< void, ns3::Ptr< ns3::Packet const >, ns3::empty, ns3::empty, ns3::empty, ns3::empty, ns3::empty, ns3::empty, ns3::empty, ns3::empty > const &')
DEBUG:pybindgen.typehandlers:try to lookup type handler for 'ns3::CallbackImpl< void, ns3::Ptr< ns3::Packet const >, ns3::empty, ns3::empty, ns3::empty, ns3::empty, ns3::empty, ns3::empty, ns3::empty, ns3::empty > const &' => success ((<class 'pybindgen.cppclass.CppClass.__init__.<locals>.ThisClassRefParameter'>, None, <pybindgen.typehandlers.ctypeparser.TypeTraits object at 0xffffbc0ecc40>))
DEBUG:pybindgen.typehandlers:TypeMatcher.lookup('std::string')
DEBUG:pybindgen.typehandlers:try to lookup type handler for 'std::string' => success ((<class 'pybindgen.typehandlers.stringtype.StdStringReturn'>, None, <pybindgen.typehandlers.ctypeparser.TypeTraits object at 0xffffbc0f1df0>))
DEBUG:pybindgen.typehandlers:TypeMatcher.lookup('std::string')
DEBUG:pybindgen.typehandlers:try to lookup type handler for 'std::string' => success ((<class 'pybindgen.typehandlers.stringtype.StdStringReturn'>, None, <pybindgen.typehandlers.ctypeparser.TypeTraits object at 0xffffbc0f23a0>))
DEBUG:pybindgen.typehandlers:TypeMatcher.lookup('void')
DEBUG:pybindgen.typehandlers:try to lookup type handler for 'void' => success ((<class 'pybindgen.typehandlers.voidtype.VoidReturn'>, None, <pybindgen.typehandlers.ctypeparser.TypeTraits object at 0xffffbc0f28b0>))
DEBUG:pybindgen.typehandlers:TypeMatcher.lookup('ns3::Ptr< ns3::Packet const >')
DEBUG:pybindgen.typehandlers:try to lookup type handler for 'ns3::Ptr< ns3::Packet const >' => failure
DEBUG:pybindgen.typehandlers:try to lookup type handler for 'ns3::Packet *' => success ((<class 'pybindgen.cppclass.MemoryPolicy.register_ptr_parameter_and_return.<locals>.ThisClassPtrParameter'>, <ns3modulegen_core_customizations.SmartPointerTransformation object at 0xffffbcfe0d90>, <pybindgen.typehandlers.ctypeparser.TypeTraits object at 0xffffbc0f2dc0>))
DEBUG:pybindgen.typehandlers:TypeMatcher.lookup('ns3::CallbackImpl< void, ns3::Ptr< ns3::Ipv4Route >, ns3::Ptr< ns3::Packet const >, ns3::Ipv4Header const &, ns3::empty, ns3::empty, ns3::empty, ns3::empty, ns3::empty, ns3::empty > const &')
DEBUG:pybindgen.typehandlers:try to lookup type handler for 'ns3::CallbackImpl< void, ns3::Ptr< ns3::Ipv4Route >, ns3::Ptr< ns3::Packet const >, ns3::Ipv4Header const &, ns3::empty, ns3::empty, ns3::empty, ns3::empty, ns3::empty, ns3::empty > const &' => success ((<class 'pybindgen.cppclass.CppClass.__init__.<locals>.ThisClassRefParameter'>, None, <pybindgen.typehandlers.ctypeparser.TypeTraits object at 0xffffbc0f9550>))
DEBUG:pybindgen.typehandlers:TypeMatcher.lookup('std::string')
DEBUG:pybindgen.typehandlers:try to lookup type handler for 'std::string' => success ((<class 'pybindgen.typehandlers.stringtype.StdStringReturn'>, None, <pybindgen.typehandlers.ctypeparser.TypeTraits object at 0xffffbc0fc910>))
DEBUG:pybindgen.typehandlers:TypeMatcher.lookup('std::string')
DEBUG:pybindgen.typehandlers:try to lookup type handler for 'std::string' => success ((<class 'pybindgen.typehandlers.stringtype.StdStringReturn'>, None, <pybindgen.typehandlers.ctypeparser.TypeTraits object at 0xffffbc0fce80>))
DEBUG:pybindgen.typehandlers:TypeMatcher.lookup('void')
DEBUG:pybindgen.typehandlers:try to lookup type handler for 'void' => success ((<class 'pybindgen.typehandlers.voidtype.VoidReturn'>, None, <pybindgen.typehandlers.ctypeparser.TypeTraits object at 0xffffbc0ff3d0>))
DEBUG:pybindgen.typehandlers:TypeMatcher.lookup('ns3::Ptr< ns3::Ipv4Route >')
DEBUG:pybindgen.typehandlers:try to lookup type handler for 'ns3::Ptr< ns3::Ipv4Route >' => failure
DEBUG:pybindgen.typehandlers:try to lookup type handler for 'ns3::Ipv4Route *' => success ((<class 'pybindgen.cppclass.MemoryPolicy.register_ptr_parameter_and_return.<locals>.ThisClassPtrParameter'>, <ns3modulegen_core_customizations.SmartPointerTransformation object at 0xffffbcfe0d90>, <pybindgen.typehandlers.ctypeparser.TypeTraits object at 0xffffbc0ff8b0>))
DEBUG:pybindgen.typehandlers:TypeMatcher.lookup('ns3::Ptr< ns3::Packet const >')
DEBUG:pybindgen.typehandlers:try to lookup type handler for 'ns3::Ptr< ns3::Packet const >' => failure
DEBUG:pybindgen.typehandlers:try to lookup type handler for 'ns3::Packet *' => success ((<class 'pybindgen.cppclass.MemoryPolicy.register_ptr_parameter_and_return.<locals>.ThisClassPtrParameter'>, <ns3modulegen_core_customizations.SmartPointerTransformation object at 0xffffbcfe0d90>, <pybindgen.typehandlers.ctypeparser.TypeTraits object at 0xffffbc0ffbb0>))
DEBUG:pybindgen.typehandlers:TypeMatcher.lookup('ns3::Ipv4Header const &')
DEBUG:pybindgen.typehandlers:try to lookup type handler for 'ns3::Ipv4Header const &' => success ((<class 'pybindgen.cppclass.CppClass.__init__.<locals>.ThisClassRefParameter'>, None, <pybindgen.typehandlers.ctypeparser.TypeTraits object at 0xffffbc0ffbb0>))
DEBUG:pybindgen.typehandlers:TypeMatcher.lookup('ns3::CallbackImpl< void, ns3::Ptr< ns3::NetDevice >, ns3::Ptr< ns3::Packet const >, unsigned short, ns3::Address const &, ns3::Address const &, ns3::NetDevice::PacketType, ns3::empty, ns3::empty, ns3::empty > const &')
DEBUG:pybindgen.typehandlers:try to lookup type handler for 'ns3::CallbackImpl< void, ns3::Ptr< ns3::NetDevice >, ns3::Ptr< ns3::Packet const >, unsigned short, ns3::Address const &, ns3::Address const &, ns3::NetDevice::PacketType, ns3::empty, ns3::empty, ns3::empty > const &' => success ((<class 'pybindgen.cppclass.CppClass.__init__.<locals>.ThisClassRefParameter'>, None, <pybindgen.typehandlers.ctypeparser.TypeTraits object at 0xffffbc1055e0>))
DEBUG:pybindgen.typehandlers:TypeMatcher.lookup('std::string')
DEBUG:pybindgen.typehandlers:try to lookup type handler for 'std::string' => success ((<class 'pybindgen.typehandlers.stringtype.StdStringReturn'>, None, <pybindgen.typehandlers.ctypeparser.TypeTraits object at 0xffffbc107ac0>))
DEBUG:pybindgen.typehandlers:TypeMatcher.lookup('std::string')
DEBUG:pybindgen.typehandlers:try to lookup type handler for 'std::string' => success ((<class 'pybindgen.typehandlers.stringtype.StdStringReturn'>, None, <pybindgen.typehandlers.ctypeparser.TypeTraits object at 0xffffbc10a070>))
DEBUG:pybindgen.typehandlers:TypeMatcher.lookup('void')
DEBUG:pybindgen.typehandlers:try to lookup type handler for 'void' => success ((<class 'pybindgen.typehandlers.voidtype.VoidReturn'>, None, <pybindgen.typehandlers.ctypeparser.TypeTraits object at 0xffffbc10a5e0>))
DEBUG:pybindgen.typehandlers:TypeMatcher.lookup('ns3::Ptr< ns3::NetDevice >')
DEBUG:pybindgen.typehandlers:try to lookup type handler for 'ns3::Ptr< ns3::NetDevice >' => failure
DEBUG:pybindgen.typehandlers:try to lookup type handler for 'ns3::NetDevice *' => success ((<class 'pybindgen.cppclass.MemoryPolicy.register_ptr_parameter_and_return.<locals>.ThisClassPtrParameter'>, <ns3modulegen_core_customizations.SmartPointerTransformation object at 0xffffbcfe0d90>, <pybindgen.typehandlers.ctypeparser.TypeTraits object at 0xffffbc10aa90>))
DEBUG:pybindgen.typehandlers:TypeMatcher.lookup('ns3::Ptr< ns3::Packet const >')
DEBUG:pybindgen.typehandlers:try to lookup type handler for 'ns3::Ptr< ns3::Packet const >' => failure
DEBUG:pybindgen.typehandlers:try to lookup type handler for 'ns3::Packet *' => success ((<class 'pybindgen.cppclass.MemoryPolicy.register_ptr_parameter_and_return.<locals>.ThisClassPtrParameter'>, <ns3modulegen_core_customizations.SmartPointerTransformation object at 0xffffbcfe0d90>, <pybindgen.typehandlers.ctypeparser.TypeTraits object at 0xffffbc10ad90>))
DEBUG:pybindgen.typehandlers:TypeMatcher.lookup('short unsigned int')
DEBUG:pybindgen.typehandlers:try to lookup type handler for 'short unsigned int' => failure
'short unsigned int' did not match
/root/workspace/netwokr/ns-allinone-3.33/ns-3.33/src/aodv/bindings/modulegen__gcc_LP64.py:7671: Warning: exception TypeLookupError(['short unsigned int']) in wrapper public: virtual retval? ???::operator() (params?) = 0;
  cls.add_method('operator()',
DEBUG:pybindgen.typehandlers:TypeMatcher.lookup('ns3::CallbackImpl< void, ns3::Ptr< ns3::NetDevice >, ns3::empty, ns3::empty, ns3::empty, ns3::empty, ns3::empty, ns3::empty, ns3::empty, ns3::empty > const &')
DEBUG:pybindgen.typehandlers:try to lookup type handler for 'ns3::CallbackImpl< void, ns3::Ptr< ns3::NetDevice >, ns3::empty, ns3::empty, ns3::empty, ns3::empty, ns3::empty, ns3::empty, ns3::empty, ns3::empty > const &' => success ((<class 'pybindgen.cppclass.CppClass.__init__.<locals>.ThisClassRefParameter'>, None, <pybindgen.typehandlers.ctypeparser.TypeTraits object at 0xffffbc10d040>))
DEBUG:pybindgen.typehandlers:TypeMatcher.lookup('std::string')
DEBUG:pybindgen.typehandlers:try to lookup type handler for 'std::string' => success ((<class 'pybindgen.typehandlers.stringtype.StdStringReturn'>, None, <pybindgen.typehandlers.ctypeparser.TypeTraits object at 0xffffbc0974c0>))
DEBUG:pybindgen.typehandlers:TypeMatcher.lookup('std::string')
DEBUG:pybindgen.typehandlers:try to lookup type handler for 'std::string' => success ((<class 'pybindgen.typehandlers.stringtype.StdStringReturn'>, None, <pybindgen.typehandlers.ctypeparser.TypeTraits object at 0xffffbc097a30>))
DEBUG:pybindgen.typehandlers:TypeMatcher.lookup('void')
DEBUG:pybindgen.typehandlers:try to lookup type handler for 'void' => success ((<class 'pybindgen.typehandlers.voidtype.VoidReturn'>, None, <pybindgen.typehandlers.ctypeparser.TypeTraits object at 0xffffbc097fd0>))
DEBUG:pybindgen.typehandlers:TypeMatcher.lookup('ns3::Ptr< ns3::NetDevice >')
DEBUG:pybindgen.typehandlers:try to lookup type handler for 'ns3::Ptr< ns3::NetDevice >' => failure
DEBUG:pybindgen.typehandlers:try to lookup type handler for 'ns3::NetDevice *' => success ((<class 'pybindgen.cppclass.MemoryPolicy.register_ptr_parameter_and_return.<locals>.ThisClassPtrParameter'>, <ns3modulegen_core_customizations.SmartPointerTransformation object at 0xffffbcfe0d90>, <pybindgen.typehandlers.ctypeparser.TypeTraits object at 0xffffbc09e460>))
DEBUG:pybindgen.typehandlers:TypeMatcher.lookup('ns3::CallbackImpl< void, ns3::Ptr< ns3::Socket >, ns3::Address const &, ns3::empty, ns3::empty, ns3::empty, ns3::empty, ns3::empty, ns3::empty, ns3::empty > const &')
DEBUG:pybindgen.typehandlers:try to lookup type handler for 'ns3::CallbackImpl< void, ns3::Ptr< ns3::Socket >, ns3::Address const &, ns3::empty, ns3::empty, ns3::empty, ns3::empty, ns3::empty, ns3::empty, ns3::empty > const &' => success ((<class 'pybindgen.cppclass.CppClass.__init__.<locals>.ThisClassRefParameter'>, None, <pybindgen.typehandlers.ctypeparser.TypeTraits object at 0xffffbc09eb80>))
DEBUG:pybindgen.typehandlers:TypeMatcher.lookup('std::string')
DEBUG:pybindgen.typehandlers:try to lookup type handler for 'std::string' => success ((<class 'pybindgen.typehandlers.stringtype.StdStringReturn'>, None, <pybindgen.typehandlers.ctypeparser.TypeTraits object at 0xffffbc0a48e0>))
DEBUG:pybindgen.typehandlers:TypeMatcher.lookup('std::string')
DEBUG:pybindgen.typehandlers:try to lookup type handler for 'std::string' => success ((<class 'pybindgen.typehandlers.stringtype.StdStringReturn'>, None, <pybindgen.typehandlers.ctypeparser.TypeTraits object at 0xffffbc0a4e50>))
DEBUG:pybindgen.typehandlers:TypeMatcher.lookup('void')
DEBUG:pybindgen.typehandlers:try to lookup type handler for 'void' => success ((<class 'pybindgen.typehandlers.voidtype.VoidReturn'>, None, <pybindgen.typehandlers.ctypeparser.TypeTraits object at 0xffffbc0a73a0>))
DEBUG:pybindgen.typehandlers:TypeMatcher.lookup('ns3::Ptr< ns3::Socket >')
DEBUG:pybindgen.typehandlers:try to lookup type handler for 'ns3::Ptr< ns3::Socket >' => failure
DEBUG:pybindgen.typehandlers:try to lookup type handler for 'ns3::Socket *' => success ((<class 'pybindgen.cppclass.MemoryPolicy.register_ptr_parameter_and_return.<locals>.ThisClassPtrParameter'>, <ns3modulegen_core_customizations.SmartPointerTransformation object at 0xffffbcfe0d90>, <pybindgen.typehandlers.ctypeparser.TypeTraits object at 0xffffbc0a7880>))
DEBUG:pybindgen.typehandlers:TypeMatcher.lookup('ns3::Address const &')
DEBUG:pybindgen.typehandlers:try to lookup type handler for 'ns3::Address const &' => success ((<class 'pybindgen.cppclass.CppClass.__init__.<locals>.ThisClassRefParameter'>, None, <pybindgen.typehandlers.ctypeparser.TypeTraits object at 0xffffbc0a7880>))
DEBUG:pybindgen.typehandlers:TypeMatcher.lookup('ns3::CallbackImpl< void, ns3::Ptr< ns3::Socket >, ns3::empty, ns3::empty, ns3::empty, ns3::empty, ns3::empty, ns3::empty, ns3::empty, ns3::empty > const &')
DEBUG:pybindgen.typehandlers:try to lookup type handler for 'ns3::CallbackImpl< void, ns3::Ptr< ns3::Socket >, ns3::empty, ns3::empty, ns3::empty, ns3::empty, ns3::empty, ns3::empty, ns3::empty, ns3::empty > const &' => success ((<class 'pybindgen.cppclass.CppClass.__init__.<locals>.ThisClassRefParameter'>, None, <pybindgen.typehandlers.ctypeparser.TypeTraits object at 0xffffbc0a9280>))
DEBUG:pybindgen.typehandlers:TypeMatcher.lookup('std::string')
DEBUG:pybindgen.typehandlers:try to lookup type handler for 'std::string' => success ((<class 'pybindgen.typehandlers.stringtype.StdStringReturn'>, None, <pybindgen.typehandlers.ctypeparser.TypeTraits object at 0xffffbc0af3d0>))
DEBUG:pybindgen.typehandlers:TypeMatcher.lookup('std::string')
DEBUG:pybindgen.typehandlers:try to lookup type handler for 'std::string' => success ((<class 'pybindgen.typehandlers.stringtype.StdStringReturn'>, None, <pybindgen.typehandlers.ctypeparser.TypeTraits object at 0xffffbc0af940>))
DEBUG:pybindgen.typehandlers:TypeMatcher.lookup('void')
DEBUG:pybindgen.typehandlers:try to lookup type handler for 'void' => success ((<class 'pybindgen.typehandlers.voidtype.VoidReturn'>, None, <pybindgen.typehandlers.ctypeparser.TypeTraits object at 0xffffbc0afe50>))
DEBUG:pybindgen.typehandlers:TypeMatcher.lookup('ns3::Ptr< ns3::Socket >')
DEBUG:pybindgen.typehandlers:try to lookup type handler for 'ns3::Ptr< ns3::Socket >' => failure
DEBUG:pybindgen.typehandlers:try to lookup type handler for 'ns3::Socket *' => success ((<class 'pybindgen.cppclass.MemoryPolicy.register_ptr_parameter_and_return.<locals>.ThisClassPtrParameter'>, <ns3modulegen_core_customizations.SmartPointerTransformation object at 0xffffbcfe0d90>, <pybindgen.typehandlers.ctypeparser.TypeTraits object at 0xffffbc0b2370>))
DEBUG:pybindgen.typehandlers:TypeMatcher.lookup('ns3::CallbackImpl< void, ns3::Ptr< ns3::Socket >, unsigned int, ns3::empty, ns3::empty, ns3::empty, ns3::empty, ns3::empty, ns3::empty, ns3::empty > const &')
DEBUG:pybindgen.typehandlers:try to lookup type handler for 'ns3::CallbackImpl< void, ns3::Ptr< ns3::Socket >, unsigned int, ns3::empty, ns3::empty, ns3::empty, ns3::empty, ns3::empty, ns3::empty, ns3::empty > const &' => success ((<class 'pybindgen.cppclass.CppClass.__init__.<locals>.ThisClassRefParameter'>, None, <pybindgen.typehandlers.ctypeparser.TypeTraits object at 0xffffbc0b2a90>))
DEBUG:pybindgen.typehandlers:TypeMatcher.lookup('std::string')
DEBUG:pybindgen.typehandlers:try to lookup type handler for 'std::string' => success ((<class 'pybindgen.typehandlers.stringtype.StdStringReturn'>, None, <pybindgen.typehandlers.ctypeparser.TypeTraits object at 0xffffbc0b8c40>))
DEBUG:pybindgen.typehandlers:TypeMatcher.lookup('std::string')
DEBUG:pybindgen.typehandlers:try to lookup type handler for 'std::string' => success ((<class 'pybindgen.typehandlers.stringtype.StdStringReturn'>, None, <pybindgen.typehandlers.ctypeparser.TypeTraits object at 0xffffbc0b91f0>))
DEBUG:pybindgen.typehandlers:TypeMatcher.lookup('void')
DEBUG:pybindgen.typehandlers:try to lookup type handler for 'void' => success ((<class 'pybindgen.typehandlers.voidtype.VoidReturn'>, None, <pybindgen.typehandlers.ctypeparser.TypeTraits object at 0xffffbc0b9700>))
DEBUG:pybindgen.typehandlers:TypeMatcher.lookup('ns3::Ptr< ns3::Socket >')
DEBUG:pybindgen.typehandlers:try to lookup type handler for 'ns3::Ptr< ns3::Socket >' => failure
DEBUG:pybindgen.typehandlers:try to lookup type handler for 'ns3::Socket *' => success ((<class 'pybindgen.cppclass.MemoryPolicy.register_ptr_parameter_and_return.<locals>.ThisClassPtrParameter'>, <ns3modulegen_core_customizations.SmartPointerTransformation object at 0xffffbcfe0d90>, <pybindgen.typehandlers.ctypeparser.TypeTraits object at 0xffffbc0b9be0>))
DEBUG:pybindgen.typehandlers:TypeMatcher.lookup('unsigned int')
DEBUG:pybindgen.typehandlers:try to lookup type handler for 'unsigned int' => success ((<class 'pybindgen.typehandlers.inttype.UnsignedIntParam'>, None, <pybindgen.typehandlers.ctypeparser.TypeTraits object at 0xffffbc0b9be0>))
DEBUG:pybindgen.typehandlers:TypeMatcher.lookup('ns3::Ipv4ListRouting const &')
DEBUG:pybindgen.typehandlers:try to lookup type handler for 'ns3::Ipv4ListRouting const &' => success ((<class 'pybindgen.cppclass.CppClass.__init__.<locals>.ThisClassRefParameter'>, None, <pybindgen.typehandlers.ctypeparser.TypeTraits object at 0xffffbc0bf1f0>))
DEBUG:pybindgen.typehandlers:TypeMatcher.lookup('void')
DEBUG:pybindgen.typehandlers:try to lookup type handler for 'void' => success ((<class 'pybindgen.typehandlers.voidtype.VoidReturn'>, None, <pybindgen.typehandlers.ctypeparser.TypeTraits object at 0xffffbc0bfb50>))
DEBUG:pybindgen.typehandlers:TypeMatcher.lookup('ns3::Ptr< ns3::Ipv4RoutingProtocol >')
DEBUG:pybindgen.typehandlers:try to lookup type handler for 'ns3::Ptr< ns3::Ipv4RoutingProtocol >' => failure
DEBUG:pybindgen.typehandlers:try to lookup type handler for 'ns3::Ipv4RoutingProtocol *' => success ((<class 'pybindgen.cppclass.MemoryPolicy.register_ptr_parameter_and_return.<locals>.ThisClassPtrParameter'>, <ns3modulegen_core_customizations.SmartPointerTransformation object at 0xffffbcfe0d90>, <pybindgen.typehandlers.ctypeparser.TypeTraits object at 0xffffbc0c4040>))
DEBUG:pybindgen.typehandlers:TypeMatcher.lookup('int16_t')
DEBUG:pybindgen.typehandlers:try to lookup type handler for 'int16_t' => success ((<class 'pybindgen.typehandlers.inttype.Int16Param'>, None, <pybindgen.typehandlers.ctypeparser.TypeTraits object at 0xffffbc0bffd0>))
DEBUG:pybindgen.typehandlers:TypeMatcher.lookup('uint32_t')
DEBUG:pybindgen.typehandlers:try to lookup type handler for 'uint32_t' => success ((<class 'pybindgen.typehandlers.inttype.UnsignedIntReturn'>, None, <pybindgen.typehandlers.ctypeparser.TypeTraits object at 0xffffbc0c4580>))
DEBUG:pybindgen.typehandlers:TypeMatcher.lookup('ns3::Ptr< ns3::Ipv4RoutingProtocol >')
DEBUG:pybindgen.typehandlers:try to lookup type handler for 'ns3::Ptr< ns3::Ipv4RoutingProtocol >' => failure
DEBUG:pybindgen.typehandlers:try to lookup type handler for 'ns3::Ipv4RoutingProtocol *' => success ((<class 'pybindgen.cppclass.MemoryPolicy.register_ptr_parameter_and_return.<locals>.ThisClassPtrReturn'>, <ns3modulegen_core_customizations.SmartPointerTransformation object at 0xffffbcfe0d90>, <pybindgen.typehandlers.ctypeparser.TypeTraits object at 0xffffbc0c4d90>))
DEBUG:pybindgen.typehandlers:TypeMatcher.lookup('uint32_t')
DEBUG:pybindgen.typehandlers:try to lookup type handler for 'uint32_t' => success ((<class 'pybindgen.typehandlers.inttype.UnsignedIntParam'>, None, <pybindgen.typehandlers.ctypeparser.TypeTraits object at 0xffffbc0c4f70>))
DEBUG:pybindgen.typehandlers:TypeMatcher.lookup('int16_t &')
DEBUG:pybindgen.typehandlers:try to lookup type handler for 'int16_t &' => success ((<class 'pybindgen.typehandlers.inttype.Int16RefParam'>, None, <pybindgen.typehandlers.ctypeparser.TypeTraits object at 0xffffbc0c4eb0>))
DEBUG:pybindgen.typehandlers:TypeMatcher.lookup('ns3::TypeId')
DEBUG:pybindgen.typehandlers:try to lookup type handler for 'ns3::TypeId' => success ((<class 'pybindgen.cppclass.CppClass.__init__.<locals>.ThisClassReturn'>, None, <pybindgen.typehandlers.ctypeparser.TypeTraits object at 0xffffbc0c8580>))
DEBUG:pybindgen.typehandlers:TypeMatcher.lookup('void')
DEBUG:pybindgen.typehandlers:try to lookup type handler for 'void' => success ((<class 'pybindgen.typehandlers.voidtype.VoidReturn'>, None, <pybindgen.typehandlers.ctypeparser.TypeTraits object at 0xffffbc0c8ac0>))
DEBUG:pybindgen.typehandlers:TypeMatcher.lookup('uint32_t')
DEBUG:pybindgen.typehandlers:try to lookup type handler for 'uint32_t' => success ((<class 'pybindgen.typehandlers.inttype.UnsignedIntParam'>, None, <pybindgen.typehandlers.ctypeparser.TypeTraits object at 0xffffbc0c8cd0>))
DEBUG:pybindgen.typehandlers:TypeMatcher.lookup('ns3::Ipv4InterfaceAddress')
DEBUG:pybindgen.typehandlers:try to lookup type handler for 'ns3::Ipv4InterfaceAddress' => success ((<class 'pybindgen.cppclass.CppClass.__init__.<locals>.ThisClassParameter'>, None, <pybindgen.typehandlers.ctypeparser.TypeTraits object at 0xffffbc0c8e20>))
DEBUG:pybindgen.typehandlers:TypeMatcher.lookup('void')
DEBUG:pybindgen.typehandlers:try to lookup type handler for 'void' => success ((<class 'pybindgen.typehandlers.voidtype.VoidReturn'>, None, <pybindgen.typehandlers.ctypeparser.TypeTraits object at 0xffffbc0cc3d0>))
DEBUG:pybindgen.typehandlers:TypeMatcher.lookup('uint32_t')
DEBUG:pybindgen.typehandlers:try to lookup type handler for 'uint32_t' => success ((<class 'pybindgen.typehandlers.inttype.UnsignedIntParam'>, None, <pybindgen.typehandlers.ctypeparser.TypeTraits object at 0xffffbc0cc5e0>))
DEBUG:pybindgen.typehandlers:TypeMatcher.lookup('void')
DEBUG:pybindgen.typehandlers:try to lookup type handler for 'void' => success ((<class 'pybindgen.typehandlers.voidtype.VoidReturn'>, None, <pybindgen.typehandlers.ctypeparser.TypeTraits object at 0xffffbc0ccaf0>))
DEBUG:pybindgen.typehandlers:TypeMatcher.lookup('uint32_t')
DEBUG:pybindgen.typehandlers:try to lookup type handler for 'uint32_t' => success ((<class 'pybindgen.typehandlers.inttype.UnsignedIntParam'>, None, <pybindgen.typehandlers.ctypeparser.TypeTraits object at 0xffffbc0ccd00>))
DEBUG:pybindgen.typehandlers:TypeMatcher.lookup('void')
DEBUG:pybindgen.typehandlers:try to lookup type handler for 'void' => success ((<class 'pybindgen.typehandlers.voidtype.VoidReturn'>, None, <pybindgen.typehandlers.ctypeparser.TypeTraits object at 0xffffbc0cf250>))
DEBUG:pybindgen.typehandlers:TypeMatcher.lookup('uint32_t')
DEBUG:pybindgen.typehandlers:try to lookup type handler for 'uint32_t' => success ((<class 'pybindgen.typehandlers.inttype.UnsignedIntParam'>, None, <pybindgen.typehandlers.ctypeparser.TypeTraits object at 0xffffbc0cf460>))
DEBUG:pybindgen.typehandlers:TypeMatcher.lookup('ns3::Ipv4InterfaceAddress')
DEBUG:pybindgen.typehandlers:try to lookup type handler for 'ns3::Ipv4InterfaceAddress' => success ((<class 'pybindgen.cppclass.CppClass.__init__.<locals>.ThisClassParameter'>, None, <pybindgen.typehandlers.ctypeparser.TypeTraits object at 0xffffbc0cf5b0>))
DEBUG:pybindgen.typehandlers:TypeMatcher.lookup('void')
DEBUG:pybindgen.typehandlers:try to lookup type handler for 'void' => success ((<class 'pybindgen.typehandlers.voidtype.VoidReturn'>, None, <pybindgen.typehandlers.ctypeparser.TypeTraits object at 0xffffbc0cfb20>))
DEBUG:pybindgen.typehandlers:TypeMatcher.lookup('ns3::Ptr< ns3::OutputStreamWrapper >')
DEBUG:pybindgen.typehandlers:try to lookup type handler for 'ns3::Ptr< ns3::OutputStreamWrapper >' => failure
DEBUG:pybindgen.typehandlers:try to lookup type handler for 'ns3::OutputStreamWrapper *' => success ((<class 'pybindgen.cppclass.MemoryPolicy.register_ptr_parameter_and_return.<locals>.ThisClassPtrParameter'>, <ns3modulegen_core_customizations.SmartPointerTransformation object at 0xffffbcfe0d90>, <pybindgen.typehandlers.ctypeparser.TypeTraits object at 0xffffbc053040>))
DEBUG:pybindgen.typehandlers:TypeMatcher.lookup('ns3::Time::Unit')
DEBUG:pybindgen.typehandlers:try to lookup type handler for 'ns3::Time::Unit' => success ((<class 'pybindgen.enum.Enum.set_module.<locals>.ThisEnumParameter'>, None, <pybindgen.typehandlers.ctypeparser.TypeTraits object at 0xffffbc0cffa0>))
DEBUG:pybindgen.typehandlers:TypeMatcher.lookup('bool')
DEBUG:pybindgen.typehandlers:try to lookup type handler for 'bool' => success ((<class 'pybindgen.typehandlers.booltype.BoolReturn'>, None, <pybindgen.typehandlers.ctypeparser.TypeTraits object at 0xffffbc053550>))
DEBUG:pybindgen.typehandlers:TypeMatcher.lookup('ns3::Ptr< ns3::Packet const >')
DEBUG:pybindgen.typehandlers:try to lookup type handler for 'ns3::Ptr< ns3::Packet const >' => failure
DEBUG:pybindgen.typehandlers:try to lookup type handler for 'ns3::Packet *' => success ((<class 'pybindgen.cppclass.MemoryPolicy.register_ptr_parameter_and_return.<locals>.ThisClassPtrParameter'>, <ns3modulegen_core_customizations.SmartPointerTransformation object at 0xffffbcfe0d90>, <pybindgen.typehandlers.ctypeparser.TypeTraits object at 0xffffbc053a30>))
DEBUG:pybindgen.typehandlers:TypeMatcher.lookup('ns3::Ipv4Header const &')
DEBUG:pybindgen.typehandlers:try to lookup type handler for 'ns3::Ipv4Header const &' => success ((<class 'pybindgen.cppclass.CppClass.__init__.<locals>.ThisClassRefParameter'>, None, <pybindgen.typehandlers.ctypeparser.TypeTraits object at 0xffffbc053a30>))
DEBUG:pybindgen.typehandlers:TypeMatcher.lookup('ns3::Ptr< ns3::NetDevice const >')
DEBUG:pybindgen.typehandlers:try to lookup type handler for 'ns3::Ptr< ns3::NetDevice const >' => failure
DEBUG:pybindgen.typehandlers:try to lookup type handler for 'ns3::NetDevice *' => success ((<class 'pybindgen.cppclass.MemoryPolicy.register_ptr_parameter_and_return.<locals>.ThisClassPtrParameter'>, <ns3modulegen_core_customizations.SmartPointerTransformation object at 0xffffbcfe0d90>, <pybindgen.typehandlers.ctypeparser.TypeTraits object at 0xffffbc059040>))
DEBUG:pybindgen.typehandlers:TypeMatcher.lookup('ns3::Callback< void, ns3::Ptr< ns3::Ipv4Route >, ns3::Ptr< ns3::Packet const >, ns3::Ipv4Header const &, ns3::empty, ns3::empty, ns3::empty, ns3::empty, ns3::empty, ns3::empty >')
DEBUG:pybindgen.typehandlers:try to lookup type handler for 'ns3::Callback< void, ns3::Ptr< ns3::Ipv4Route >, ns3::Ptr< ns3::Packet const >, ns3::Ipv4Header const &, ns3::empty, ns3::empty, ns3::empty, ns3::empty, ns3::empty, ns3::empty >' => success ((<class 'ns3modulegen_core_customizations.register_callback_classes.<locals>.PythonCallbackParameter'>, None, <pybindgen.typehandlers.ctypeparser.TypeTraits object at 0xffffbc053d60>))
DEBUG:pybindgen.typehandlers:TypeMatcher.lookup('ns3::Callback< void, ns3::Ptr< ns3::Ipv4MulticastRoute >, ns3::Ptr< ns3::Packet const >, ns3::Ipv4Header const &, ns3::empty, ns3::empty, ns3::empty, ns3::empty, ns3::empty, ns3::empty >')
DEBUG:pybindgen.typehandlers:try to lookup type handler for 'ns3::Callback< void, ns3::Ptr< ns3::Ipv4MulticastRoute >, ns3::Ptr< ns3::Packet const >, ns3::Ipv4Header const &, ns3::empty, ns3::empty, ns3::empty, ns3::empty, ns3::empty, ns3::empty >' => failure
'ns3::Callback< void, ns3::Ptr< ns3::Ipv4MulticastRoute >, ns3::Ptr< ns3::Packet const >, ns3::Ipv4Header const &, ns3::empty, ns3::empty, ns3::empty, ns3::empty, ns3::empty, ns3::empty >' did not match
/root/workspace/netwokr/ns-allinone-3.33/ns-3.33/src/aodv/bindings/modulegen__gcc_LP64.py:7816: Warning: exception TypeLookupError(['ns3::Callback< void, ns3::Ptr< ns3::Ipv4MulticastRoute >, ns3::Ptr< ns3::Packet const >, ns3::Ipv4Header const &, ns3::empty, ns3::empty, ns3::empty, ns3::empty, ns3::empty, ns3::empty >']) in wrapper public: virtual retval? ???::RouteInput (params?);
  cls.add_method('RouteInput',
DEBUG:pybindgen.typehandlers:TypeMatcher.lookup('ns3::Ptr< ns3::Ipv4Route >')
DEBUG:pybindgen.typehandlers:try to lookup type handler for 'ns3::Ptr< ns3::Ipv4Route >' => failure
DEBUG:pybindgen.typehandlers:try to lookup type handler for 'ns3::Ipv4Route *' => success ((<class 'pybindgen.cppclass.MemoryPolicy.register_ptr_parameter_and_return.<locals>.ThisClassPtrReturn'>, <ns3modulegen_core_customizations.SmartPointerTransformation object at 0xffffbcfe0d90>, <pybindgen.typehandlers.ctypeparser.TypeTraits object at 0xffffbc0643d0>))
DEBUG:pybindgen.typehandlers:TypeMatcher.lookup('ns3::Ptr< ns3::Packet >')
DEBUG:pybindgen.typehandlers:try to lookup type handler for 'ns3::Ptr< ns3::Packet >' => failure
DEBUG:pybindgen.typehandlers:try to lookup type handler for 'ns3::Packet *' => success ((<class 'pybindgen.cppclass.MemoryPolicy.register_ptr_parameter_and_return.<locals>.ThisClassPtrParameter'>, <ns3modulegen_core_customizations.SmartPointerTransformation object at 0xffffbcfe0d90>, <pybindgen.typehandlers.ctypeparser.TypeTraits object at 0xffffbc0646d0>))
DEBUG:pybindgen.typehandlers:TypeMatcher.lookup('ns3::Ipv4Header const &')
DEBUG:pybindgen.typehandlers:try to lookup type handler for 'ns3::Ipv4Header const &' => success ((<class 'pybindgen.cppclass.CppClass.__init__.<locals>.ThisClassRefParameter'>, None, <pybindgen.typehandlers.ctypeparser.TypeTraits object at 0xffffbc0646d0>))
DEBUG:pybindgen.typehandlers:TypeMatcher.lookup('ns3::Ptr< ns3::NetDevice >')
DEBUG:pybindgen.typehandlers:try to lookup type handler for 'ns3::Ptr< ns3::NetDevice >' => failure
DEBUG:pybindgen.typehandlers:try to lookup type handler for 'ns3::NetDevice *' => success ((<class 'pybindgen.cppclass.MemoryPolicy.register_ptr_parameter_and_return.<locals>.ThisClassPtrParameter'>, <ns3modulegen_core_customizations.SmartPointerTransformation object at 0xffffbcfe0d90>, <pybindgen.typehandlers.ctypeparser.TypeTraits object at 0xffffbc05c0a0>))
DEBUG:pybindgen.typehandlers:TypeMatcher.lookup('ns3::Socket::SocketErrno &')
DEBUG:pybindgen.typehandlers:try to lookup type handler for 'ns3::Socket::SocketErrno &' => success ((<class 'pybindgen.enum.Enum.set_module.<locals>.ThisEnumRefParameter'>, None, <pybindgen.typehandlers.ctypeparser.TypeTraits object at 0xffffbc0534f0>))
DEBUG:pybindgen.typehandlers:TypeMatcher.lookup('void')
DEBUG:pybindgen.typehandlers:try to lookup type handler for 'void' => success ((<class 'pybindgen.typehandlers.voidtype.VoidReturn'>, None, <pybindgen.typehandlers.ctypeparser.TypeTraits object at 0xffffbc05cd00>))
DEBUG:pybindgen.typehandlers:TypeMatcher.lookup('ns3::Ptr< ns3::Ipv4 >')
DEBUG:pybindgen.typehandlers:try to lookup type handler for 'ns3::Ptr< ns3::Ipv4 >' => failure
DEBUG:pybindgen.typehandlers:try to lookup type handler for 'ns3::Ipv4 *' => success ((<class 'pybindgen.cppclass.MemoryPolicy.register_ptr_parameter_and_return.<locals>.ThisClassPtrParameter'>, <ns3modulegen_core_customizations.SmartPointerTransformation object at 0xffffbcfe0d90>, <pybindgen.typehandlers.ctypeparser.TypeTraits object at 0xffffbc05c9a0>))
DEBUG:pybindgen.typehandlers:TypeMatcher.lookup('void')
DEBUG:pybindgen.typehandlers:try to lookup type handler for 'void' => success ((<class 'pybindgen.typehandlers.voidtype.VoidReturn'>, None, <pybindgen.typehandlers.ctypeparser.TypeTraits object at 0xffffbc064940>))
DEBUG:pybindgen.typehandlers:TypeMatcher.lookup('void')
DEBUG:pybindgen.typehandlers:try to lookup type handler for 'void' => success ((<class 'pybindgen.typehandlers.voidtype.VoidReturn'>, None, <pybindgen.typehandlers.ctypeparser.TypeTraits object at 0xffffbc064e20>))
DEBUG:pybindgen.typehandlers:TypeMatcher.lookup('ns3::Hash::Implementation const &')
DEBUG:pybindgen.typehandlers:try to lookup type handler for 'ns3::Hash::Implementation const &' => success ((<class 'pybindgen.cppclass.CppClass.__init__.<locals>.ThisClassRefParameter'>, None, <pybindgen.typehandlers.ctypeparser.TypeTraits object at 0xffffbc06a3a0>))
DEBUG:pybindgen.typehandlers:TypeMatcher.lookup('uint32_t')
DEBUG:pybindgen.typehandlers:try to lookup type handler for 'uint32_t' => success ((<class 'pybindgen.typehandlers.inttype.UnsignedIntReturn'>, None, <pybindgen.typehandlers.ctypeparser.TypeTraits object at 0xffffbc06ad30>))
DEBUG:pybindgen.typehandlers:TypeMatcher.lookup('char const *')
DEBUG:pybindgen.typehandlers:try to lookup type handler for 'char const *' => success ((<class 'pybindgen.typehandlers.stringtype.CStringParam'>, None, <pybindgen.typehandlers.ctypeparser.TypeTraits object at 0xffffbc06af40>))
DEBUG:pybindgen.typehandlers:TypeMatcher.lookup('std::size_t const')
DEBUG:pybindgen.typehandlers:try to lookup type handler for 'std::size_t const' => success ((<class 'pybindgen.typehandlers.inttype.SizeTParam'>, None, <pybindgen.typehandlers.ctypeparser.TypeTraits object at 0xffffbc06e1c0>))
DEBUG:pybindgen.typehandlers:TypeMatcher.lookup('uint64_t')
DEBUG:pybindgen.typehandlers:try to lookup type handler for 'uint64_t' => success ((<class 'pybindgen.typehandlers.inttype.UnsignedLongLongReturn'>, None, <pybindgen.typehandlers.ctypeparser.TypeTraits object at 0xffffbc06e790>))
DEBUG:pybindgen.typehandlers:TypeMatcher.lookup('char const *')
DEBUG:pybindgen.typehandlers:try to lookup type handler for 'char const *' => success ((<class 'pybindgen.typehandlers.stringtype.CStringParam'>, None, <pybindgen.typehandlers.ctypeparser.TypeTraits object at 0xffffbc06e9a0>))
DEBUG:pybindgen.typehandlers:TypeMatcher.lookup('std::size_t const')
DEBUG:pybindgen.typehandlers:try to lookup type handler for 'std::size_t const' => success ((<class 'pybindgen.typehandlers.inttype.SizeTParam'>, None, <pybindgen.typehandlers.ctypeparser.TypeTraits object at 0xffffbc06ebe0>))
DEBUG:pybindgen.typehandlers:TypeMatcher.lookup('void')
DEBUG:pybindgen.typehandlers:try to lookup type handler for 'void' => success ((<class 'pybindgen.typehandlers.voidtype.VoidReturn'>, None, <pybindgen.typehandlers.ctypeparser.TypeTraits object at 0xffffbc0721f0>))
DEBUG:pybindgen.typehandlers:TypeMatcher.lookup('ns3::Hash::Function::Fnv1a const &')
DEBUG:pybindgen.typehandlers:try to lookup type handler for 'ns3::Hash::Function::Fnv1a const &' => success ((<class 'pybindgen.cppclass.CppClass.__init__.<locals>.ThisClassRefParameter'>, None, <pybindgen.typehandlers.ctypeparser.TypeTraits object at 0xffffbc072760>))
DEBUG:pybindgen.typehandlers:TypeMatcher.lookup('uint32_t')
DEBUG:pybindgen.typehandlers:try to lookup type handler for 'uint32_t' => success ((<class 'pybindgen.typehandlers.inttype.UnsignedIntReturn'>, None, <pybindgen.typehandlers.ctypeparser.TypeTraits object at 0xffffbc078100>))
DEBUG:pybindgen.typehandlers:TypeMatcher.lookup('char const *')
DEBUG:pybindgen.typehandlers:try to lookup type handler for 'char const *' => success ((<class 'pybindgen.typehandlers.stringtype.CStringParam'>, None, <pybindgen.typehandlers.ctypeparser.TypeTraits object at 0xffffbc078310>))
DEBUG:pybindgen.typehandlers:TypeMatcher.lookup('size_t const')
DEBUG:pybindgen.typehandlers:try to lookup type handler for 'size_t const' => success ((<class 'pybindgen.typehandlers.inttype.SizeTParam'>, None, <pybindgen.typehandlers.ctypeparser.TypeTraits object at 0xffffbc078550>))
DEBUG:pybindgen.typehandlers:TypeMatcher.lookup('uint64_t')
DEBUG:pybindgen.typehandlers:try to lookup type handler for 'uint64_t' => success ((<class 'pybindgen.typehandlers.inttype.UnsignedLongLongReturn'>, None, <pybindgen.typehandlers.ctypeparser.TypeTraits object at 0xffffbc078b20>))
DEBUG:pybindgen.typehandlers:TypeMatcher.lookup('char const *')
DEBUG:pybindgen.typehandlers:try to lookup type handler for 'char const *' => success ((<class 'pybindgen.typehandlers.stringtype.CStringParam'>, None, <pybindgen.typehandlers.ctypeparser.TypeTraits object at 0xffffbc078d30>))
DEBUG:pybindgen.typehandlers:TypeMatcher.lookup('size_t const')
DEBUG:pybindgen.typehandlers:try to lookup type handler for 'size_t const' => success ((<class 'pybindgen.typehandlers.inttype.SizeTParam'>, None, <pybindgen.typehandlers.ctypeparser.TypeTraits object at 0xffffbc078f70>))
DEBUG:pybindgen.typehandlers:TypeMatcher.lookup('void')
DEBUG:pybindgen.typehandlers:try to lookup type handler for 'void' => success ((<class 'pybindgen.typehandlers.voidtype.VoidReturn'>, None, <pybindgen.typehandlers.ctypeparser.TypeTraits object at 0xffffbc07b580>))
DEBUG:pybindgen.typehandlers:TypeMatcher.lookup('ns3::Hash::Function::Hash32 const &')
DEBUG:pybindgen.typehandlers:try to lookup type handler for 'ns3::Hash::Function::Hash32 const &' => success ((<class 'pybindgen.cppclass.CppClass.__init__.<locals>.ThisClassRefParameter'>, None, <pybindgen.typehandlers.ctypeparser.TypeTraits object at 0xffffbc07baf0>))
DEBUG:pybindgen.typehandlers:TypeMatcher.lookup('ns3::Hash::Hash32Function_ptr')
DEBUG:pybindgen.typehandlers:try to lookup type handler for 'ns3::Hash::Hash32Function_ptr' => failure
'ns3::Hash::Hash32Function_ptr' did not match
/root/workspace/netwokr/ns-allinone-3.33/ns-3.33/src/aodv/bindings/modulegen__gcc_LP64.py:7890: Warning: exception TypeLookupError(['ns3::Hash::Hash32Function_ptr']) in wrapper <pybindgen.cppmethod.CppConstructor object at 0xffffbc07bac0>
  cls.add_constructor([param('ns3::Hash::Hash32Function_ptr', 'hp')])
DEBUG:pybindgen.typehandlers:TypeMatcher.lookup('uint32_t')
DEBUG:pybindgen.typehandlers:try to lookup type handler for 'uint32_t' => success ((<class 'pybindgen.typehandlers.inttype.UnsignedIntReturn'>, None, <pybindgen.typehandlers.ctypeparser.TypeTraits object at 0xffffbc080340>))
DEBUG:pybindgen.typehandlers:TypeMatcher.lookup('char const *')
DEBUG:pybindgen.typehandlers:try to lookup type handler for 'char const *' => success ((<class 'pybindgen.typehandlers.stringtype.CStringParam'>, None, <pybindgen.typehandlers.ctypeparser.TypeTraits object at 0xffffbc080520>))
DEBUG:pybindgen.typehandlers:TypeMatcher.lookup('std::size_t const')
DEBUG:pybindgen.typehandlers:try to lookup type handler for 'std::size_t const' => success ((<class 'pybindgen.typehandlers.inttype.SizeTParam'>, None, <pybindgen.typehandlers.ctypeparser.TypeTraits object at 0xffffbc080760>))
DEBUG:pybindgen.typehandlers:TypeMatcher.lookup('void')
DEBUG:pybindgen.typehandlers:try to lookup type handler for 'void' => success ((<class 'pybindgen.typehandlers.voidtype.VoidReturn'>, None, <pybindgen.typehandlers.ctypeparser.TypeTraits object at 0xffffbc080d30>))
DEBUG:pybindgen.typehandlers:TypeMatcher.lookup('ns3::Hash::Function::Hash64 const &')
DEBUG:pybindgen.typehandlers:try to lookup type handler for 'ns3::Hash::Function::Hash64 const &' => success ((<class 'pybindgen.cppclass.CppClass.__init__.<locals>.ThisClassRefParameter'>, None, <pybindgen.typehandlers.ctypeparser.TypeTraits object at 0xffffbc0852e0>))
DEBUG:pybindgen.typehandlers:TypeMatcher.lookup('ns3::Hash::Hash64Function_ptr')
DEBUG:pybindgen.typehandlers:try to lookup type handler for 'ns3::Hash::Hash64Function_ptr' => failure
'ns3::Hash::Hash64Function_ptr' did not match
/root/workspace/netwokr/ns-allinone-3.33/ns-3.33/src/aodv/bindings/modulegen__gcc_LP64.py:7907: Warning: exception TypeLookupError(['ns3::Hash::Hash64Function_ptr']) in wrapper <pybindgen.cppmethod.CppConstructor object at 0xffffbc0852b0>
  cls.add_constructor([param('ns3::Hash::Hash64Function_ptr', 'hp')])
DEBUG:pybindgen.typehandlers:TypeMatcher.lookup('uint32_t')
DEBUG:pybindgen.typehandlers:try to lookup type handler for 'uint32_t' => success ((<class 'pybindgen.typehandlers.inttype.UnsignedIntReturn'>, None, <pybindgen.typehandlers.ctypeparser.TypeTraits object at 0xffffbc07bac0>))
DEBUG:pybindgen.typehandlers:TypeMatcher.lookup('char const *')
DEBUG:pybindgen.typehandlers:try to lookup type handler for 'char const *' => success ((<class 'pybindgen.typehandlers.stringtype.CStringParam'>, None, <pybindgen.typehandlers.ctypeparser.TypeTraits object at 0xffffbc085b20>))
DEBUG:pybindgen.typehandlers:TypeMatcher.lookup('std::size_t const')
DEBUG:pybindgen.typehandlers:try to lookup type handler for 'std::size_t const' => success ((<class 'pybindgen.typehandlers.inttype.SizeTParam'>, None, <pybindgen.typehandlers.ctypeparser.TypeTraits object at 0xffffbc085b50>))
DEBUG:pybindgen.typehandlers:TypeMatcher.lookup('uint64_t')
DEBUG:pybindgen.typehandlers:try to lookup type handler for 'uint64_t' => success ((<class 'pybindgen.typehandlers.inttype.UnsignedLongLongReturn'>, None, <pybindgen.typehandlers.ctypeparser.TypeTraits object at 0xffffbc088160>))
DEBUG:pybindgen.typehandlers:TypeMatcher.lookup('char const *')
DEBUG:pybindgen.typehandlers:try to lookup type handler for 'char const *' => success ((<class 'pybindgen.typehandlers.stringtype.CStringParam'>, None, <pybindgen.typehandlers.ctypeparser.TypeTraits object at 0xffffbc088370>))
DEBUG:pybindgen.typehandlers:TypeMatcher.lookup('std::size_t const')
DEBUG:pybindgen.typehandlers:try to lookup type handler for 'std::size_t const' => success ((<class 'pybindgen.typehandlers.inttype.SizeTParam'>, None, <pybindgen.typehandlers.ctypeparser.TypeTraits object at 0xffffbc0885b0>))
DEBUG:pybindgen.typehandlers:TypeMatcher.lookup('void')
DEBUG:pybindgen.typehandlers:try to lookup type handler for 'void' => success ((<class 'pybindgen.typehandlers.voidtype.VoidReturn'>, None, <pybindgen.typehandlers.ctypeparser.TypeTraits object at 0xffffbc088b80>))
DEBUG:pybindgen.typehandlers:TypeMatcher.lookup('ns3::Hash::Function::Murmur3 const &')
DEBUG:pybindgen.typehandlers:try to lookup type handler for 'ns3::Hash::Function::Murmur3 const &' => success ((<class 'pybindgen.cppclass.CppClass.__init__.<locals>.ThisClassRefParameter'>, None, <pybindgen.typehandlers.ctypeparser.TypeTraits object at 0xffffbc08c130>))
DEBUG:pybindgen.typehandlers:TypeMatcher.lookup('uint32_t')
DEBUG:pybindgen.typehandlers:try to lookup type handler for 'uint32_t' => success ((<class 'pybindgen.typehandlers.inttype.UnsignedIntReturn'>, None, <pybindgen.typehandlers.ctypeparser.TypeTraits object at 0xffffbc08ca90>))
DEBUG:pybindgen.typehandlers:TypeMatcher.lookup('char const *')
DEBUG:pybindgen.typehandlers:try to lookup type handler for 'char const *' => success ((<class 'pybindgen.typehandlers.stringtype.CStringParam'>, None, <pybindgen.typehandlers.ctypeparser.TypeTraits object at 0xffffbc08cca0>))
DEBUG:pybindgen.typehandlers:TypeMatcher.lookup('std::size_t const')
DEBUG:pybindgen.typehandlers:try to lookup type handler for 'std::size_t const' => success ((<class 'pybindgen.typehandlers.inttype.SizeTParam'>, None, <pybindgen.typehandlers.ctypeparser.TypeTraits object at 0xffffbc08cee0>))
DEBUG:pybindgen.typehandlers:TypeMatcher.lookup('uint64_t')
DEBUG:pybindgen.typehandlers:try to lookup type handler for 'uint64_t' => success ((<class 'pybindgen.typehandlers.inttype.UnsignedLongLongReturn'>, None, <pybindgen.typehandlers.ctypeparser.TypeTraits object at 0xffffbc0114f0>))
DEBUG:pybindgen.typehandlers:TypeMatcher.lookup('char const *')
DEBUG:pybindgen.typehandlers:try to lookup type handler for 'char const *' => success ((<class 'pybindgen.typehandlers.stringtype.CStringParam'>, None, <pybindgen.typehandlers.ctypeparser.TypeTraits object at 0xffffbc011700>))
DEBUG:pybindgen.typehandlers:TypeMatcher.lookup('std::size_t const')
DEBUG:pybindgen.typehandlers:try to lookup type handler for 'std::size_t const' => success ((<class 'pybindgen.typehandlers.inttype.SizeTParam'>, None, <pybindgen.typehandlers.ctypeparser.TypeTraits object at 0xffffbc011940>))
DEBUG:pybindgen.typehandlers:TypeMatcher.lookup('void')
DEBUG:pybindgen.typehandlers:try to lookup type handler for 'void' => success ((<class 'pybindgen.typehandlers.voidtype.VoidReturn'>, None, <pybindgen.typehandlers.ctypeparser.TypeTraits object at 0xffffbc011f10>))
DEBUG:pybindgen.typehandlers:TypeMatcher.lookup('ns3::aodv::DuplicatePacketDetection const &')
DEBUG:pybindgen.typehandlers:try to lookup type handler for 'ns3::aodv::DuplicatePacketDetection const &' => success ((<class 'pybindgen.cppclass.CppClass.__init__.<locals>.ThisClassRefParameter'>, None, <pybindgen.typehandlers.ctypeparser.TypeTraits object at 0xffffbc0144c0>))
DEBUG:pybindgen.typehandlers:TypeMatcher.lookup('ns3::Time')
DEBUG:pybindgen.typehandlers:try to lookup type handler for 'ns3::Time' => success ((<class 'pybindgen.cppclass.CppClass.__init__.<locals>.ThisClassParameter'>, None, <pybindgen.typehandlers.ctypeparser.TypeTraits object at 0xffffbc014ac0>))
DEBUG:pybindgen.typehandlers:TypeMatcher.lookup('ns3::Time')
DEBUG:pybindgen.typehandlers:try to lookup type handler for 'ns3::Time' => success ((<class 'pybindgen.cppclass.CppClass.__init__.<locals>.ThisClassReturn'>, None, <pybindgen.typehandlers.ctypeparser.TypeTraits object at 0xffffbc014fd0>))
DEBUG:pybindgen.typehandlers:TypeMatcher.lookup('bool')
DEBUG:pybindgen.typehandlers:try to lookup type handler for 'bool' => success ((<class 'pybindgen.typehandlers.booltype.BoolReturn'>, None, <pybindgen.typehandlers.ctypeparser.TypeTraits object at 0xffffbc01a4f0>))
DEBUG:pybindgen.typehandlers:TypeMatcher.lookup('ns3::Ptr< ns3::Packet const >')
DEBUG:pybindgen.typehandlers:try to lookup type handler for 'ns3::Ptr< ns3::Packet const >' => failure
DEBUG:pybindgen.typehandlers:try to lookup type handler for 'ns3::Packet *' => success ((<class 'pybindgen.cppclass.MemoryPolicy.register_ptr_parameter_and_return.<locals>.ThisClassPtrParameter'>, <ns3modulegen_core_customizations.SmartPointerTransformation object at 0xffffbcfe0d90>, <pybindgen.typehandlers.ctypeparser.TypeTraits object at 0xffffbc01aa00>))
DEBUG:pybindgen.typehandlers:TypeMatcher.lookup('ns3::Ipv4Header const &')
DEBUG:pybindgen.typehandlers:try to lookup type handler for 'ns3::Ipv4Header const &' => success ((<class 'pybindgen.cppclass.CppClass.__init__.<locals>.ThisClassRefParameter'>, None, <pybindgen.typehandlers.ctypeparser.TypeTraits object at 0xffffbc01aa00>))
DEBUG:pybindgen.typehandlers:TypeMatcher.lookup('void')
DEBUG:pybindgen.typehandlers:try to lookup type handler for 'void' => success ((<class 'pybindgen.typehandlers.voidtype.VoidReturn'>, None, <pybindgen.typehandlers.ctypeparser.TypeTraits object at 0xffffbc01d0a0>))
DEBUG:pybindgen.typehandlers:TypeMatcher.lookup('ns3::Time')
DEBUG:pybindgen.typehandlers:try to lookup type handler for 'ns3::Time' => success ((<class 'pybindgen.cppclass.CppClass.__init__.<locals>.ThisClassParameter'>, None, <pybindgen.typehandlers.ctypeparser.TypeTraits object at 0xffffbc01d2b0>))
DEBUG:pybindgen.typehandlers:TypeMatcher.lookup('ns3::aodv::IdCache const &')
DEBUG:pybindgen.typehandlers:try to lookup type handler for 'ns3::aodv::IdCache const &' => success ((<class 'pybindgen.cppclass.CppClass.__init__.<locals>.ThisClassRefParameter'>, None, <pybindgen.typehandlers.ctypeparser.TypeTraits object at 0xffffbc01d7f0>))
DEBUG:pybindgen.typehandlers:TypeMatcher.lookup('ns3::Time')
DEBUG:pybindgen.typehandlers:try to lookup type handler for 'ns3::Time' => success ((<class 'pybindgen.cppclass.CppClass.__init__.<locals>.ThisClassParameter'>, None, <pybindgen.typehandlers.ctypeparser.TypeTraits object at 0xffffbc01ddf0>))
DEBUG:pybindgen.typehandlers:TypeMatcher.lookup('ns3::Time')
DEBUG:pybindgen.typehandlers:try to lookup type handler for 'ns3::Time' => success ((<class 'pybindgen.cppclass.CppClass.__init__.<locals>.ThisClassReturn'>, None, <pybindgen.typehandlers.ctypeparser.TypeTraits object at 0xffffbc022340>))
DEBUG:pybindgen.typehandlers:TypeMatcher.lookup('uint32_t')
DEBUG:pybindgen.typehandlers:try to lookup type handler for 'uint32_t' => success ((<class 'pybindgen.typehandlers.inttype.UnsignedIntReturn'>, None, <pybindgen.typehandlers.ctypeparser.TypeTraits object at 0xffffbc022820>))
DEBUG:pybindgen.typehandlers:TypeMatcher.lookup('bool')
DEBUG:pybindgen.typehandlers:try to lookup type handler for 'bool' => success ((<class 'pybindgen.typehandlers.booltype.BoolReturn'>, None, <pybindgen.typehandlers.ctypeparser.TypeTraits object at 0xffffbc022dc0>))
DEBUG:pybindgen.typehandlers:TypeMatcher.lookup('ns3::Ipv4Address')
DEBUG:pybindgen.typehandlers:try to lookup type handler for 'ns3::Ipv4Address' => success ((<class 'pybindgen.cppclass.CppClass.__init__.<locals>.ThisClassParameter'>, None, <pybindgen.typehandlers.ctypeparser.TypeTraits object at 0xffffbc022fd0>))
DEBUG:pybindgen.typehandlers:TypeMatcher.lookup('uint32_t')
DEBUG:pybindgen.typehandlers:try to lookup type handler for 'uint32_t' => success ((<class 'pybindgen.typehandlers.inttype.UnsignedIntParam'>, None, <pybindgen.typehandlers.ctypeparser.TypeTraits object at 0xffffbc027160>))
DEBUG:pybindgen.typehandlers:TypeMatcher.lookup('void')
DEBUG:pybindgen.typehandlers:try to lookup type handler for 'void' => success ((<class 'pybindgen.typehandlers.voidtype.VoidReturn'>, None, <pybindgen.typehandlers.ctypeparser.TypeTraits object at 0xffffbc0276d0>))
DEBUG:pybindgen.typehandlers:TypeMatcher.lookup('void')
DEBUG:pybindgen.typehandlers:try to lookup type handler for 'void' => success ((<class 'pybindgen.typehandlers.voidtype.VoidReturn'>, None, <pybindgen.typehandlers.ctypeparser.TypeTraits object at 0xffffbc027c40>))
DEBUG:pybindgen.typehandlers:TypeMatcher.lookup('ns3::Time')
DEBUG:pybindgen.typehandlers:try to lookup type handler for 'ns3::Time' => success ((<class 'pybindgen.cppclass.CppClass.__init__.<locals>.ThisClassParameter'>, None, <pybindgen.typehandlers.ctypeparser.TypeTraits object at 0xffffbc027e50>))
DEBUG:pybindgen.typehandlers:TypeMatcher.lookup('ns3::aodv::Neighbors const &')
DEBUG:pybindgen.typehandlers:try to lookup type handler for 'ns3::aodv::Neighbors const &' => success ((<class 'pybindgen.cppclass.CppClass.__init__.<locals>.ThisClassRefParameter'>, None, <pybindgen.typehandlers.ctypeparser.TypeTraits object at 0xffffbc02b3d0>))
DEBUG:pybindgen.typehandlers:TypeMatcher.lookup('ns3::Time')
DEBUG:pybindgen.typehandlers:try to lookup type handler for 'ns3::Time' => success ((<class 'pybindgen.cppclass.CppClass.__init__.<locals>.ThisClassParameter'>, None, <pybindgen.typehandlers.ctypeparser.TypeTraits object at 0xffffbc02b9d0>))
DEBUG:pybindgen.typehandlers:TypeMatcher.lookup('void')
DEBUG:pybindgen.typehandlers:try to lookup type handler for 'void' => success ((<class 'pybindgen.typehandlers.voidtype.VoidReturn'>, None, <pybindgen.typehandlers.ctypeparser.TypeTraits object at 0xffffbc02beb0>))
DEBUG:pybindgen.typehandlers:TypeMatcher.lookup('ns3::Ptr< ns3::ArpCache >')
DEBUG:pybindgen.typehandlers:try to lookup type handler for 'ns3::Ptr< ns3::ArpCache >' => failure
DEBUG:pybindgen.typehandlers:try to lookup type handler for 'ns3::ArpCache *' => success ((<class 'pybindgen.cppclass.MemoryPolicy.register_ptr_parameter_and_return.<locals>.ThisClassPtrParameter'>, <ns3modulegen_core_customizations.SmartPointerTransformation object at 0xffffbcfe0d90>, <pybindgen.typehandlers.ctypeparser.TypeTraits object at 0xffffbc02f3a0>))
DEBUG:pybindgen.typehandlers:TypeMatcher.lookup('void')
DEBUG:pybindgen.typehandlers:try to lookup type handler for 'void' => success ((<class 'pybindgen.typehandlers.voidtype.VoidReturn'>, None, <pybindgen.typehandlers.ctypeparser.TypeTraits object at 0xffffbc02f730>))
DEBUG:pybindgen.typehandlers:TypeMatcher.lookup('void')
DEBUG:pybindgen.typehandlers:try to lookup type handler for 'void' => success ((<class 'pybindgen.typehandlers.voidtype.VoidReturn'>, None, <pybindgen.typehandlers.ctypeparser.TypeTraits object at 0xffffbc02fca0>))
DEBUG:pybindgen.typehandlers:TypeMatcher.lookup('ns3::Ptr< ns3::ArpCache >')
DEBUG:pybindgen.typehandlers:try to lookup type handler for 'ns3::Ptr< ns3::ArpCache >' => failure
DEBUG:pybindgen.typehandlers:try to lookup type handler for 'ns3::ArpCache *' => success ((<class 'pybindgen.cppclass.MemoryPolicy.register_ptr_parameter_and_return.<locals>.ThisClassPtrParameter'>, <ns3modulegen_core_customizations.SmartPointerTransformation object at 0xffffbcfe0d90>, <pybindgen.typehandlers.ctypeparser.TypeTraits object at 0xffffbc032190>))
DEBUG:pybindgen.typehandlers:TypeMatcher.lookup('ns3::Callback< void, ns3::Ipv4Address, ns3::empty, ns3::empty, ns3::empty, ns3::empty, ns3::empty, ns3::empty, ns3::empty, ns3::empty >')
DEBUG:pybindgen.typehandlers:try to lookup type handler for 'ns3::Callback< void, ns3::Ipv4Address, ns3::empty, ns3::empty, ns3::empty, ns3::empty, ns3::empty, ns3::empty, ns3::empty, ns3::empty >' => failure
'ns3::Callback< void, ns3::Ipv4Address, ns3::empty, ns3::empty, ns3::empty, ns3::empty, ns3::empty, ns3::empty, ns3::empty, ns3::empty >' did not match
/root/workspace/netwokr/ns-allinone-3.33/ns-3.33/src/aodv/bindings/modulegen__gcc_LP64.py:8013: Warning: exception TypeLookupError(['ns3::Callback< void, ns3::Ipv4Address, ns3::empty, ns3::empty, ns3::empty, ns3::empty, ns3::empty, ns3::empty, ns3::empty, ns3::empty >']) in wrapper public: retval? ???::GetCallback (params?) const;
  cls.add_method('GetCallback',
DEBUG:pybindgen.typehandlers:TypeMatcher.lookup('ns3::Time')
DEBUG:pybindgen.typehandlers:try to lookup type handler for 'ns3::Time' => success ((<class 'pybindgen.cppclass.CppClass.__init__.<locals>.ThisClassReturn'>, None, <pybindgen.typehandlers.ctypeparser.TypeTraits object at 0xffffbc036100>))
DEBUG:pybindgen.typehandlers:TypeMatcher.lookup('ns3::Ipv4Address')
DEBUG:pybindgen.typehandlers:try to lookup type handler for 'ns3::Ipv4Address' => success ((<class 'pybindgen.cppclass.CppClass.__init__.<locals>.ThisClassParameter'>, None, <pybindgen.typehandlers.ctypeparser.TypeTraits object at 0xffffbc0362b0>))
DEBUG:pybindgen.typehandlers:TypeMatcher.lookup('ns3::Callback< void, ns3::WifiMacHeader const &, ns3::empty, ns3::empty, ns3::empty, ns3::empty, ns3::empty, ns3::empty, ns3::empty, ns3::empty >')
DEBUG:pybindgen.typehandlers:try to lookup type handler for 'ns3::Callback< void, ns3::WifiMacHeader const &, ns3::empty, ns3::empty, ns3::empty, ns3::empty, ns3::empty, ns3::empty, ns3::empty, ns3::empty >' => failure
'ns3::Callback< void, ns3::WifiMacHeader const &, ns3::empty, ns3::empty, ns3::empty, ns3::empty, ns3::empty, ns3::empty, ns3::empty, ns3::empty >' did not match
/root/workspace/netwokr/ns-allinone-3.33/ns-3.33/src/aodv/bindings/modulegen__gcc_LP64.py:8022: Warning: exception TypeLookupError(['ns3::Callback< void, ns3::WifiMacHeader const &, ns3::empty, ns3::empty, ns3::empty, ns3::empty, ns3::empty, ns3::empty, ns3::empty, ns3::empty >']) in wrapper public: retval? ???::GetTxErrorCallback (params?) const;
  cls.add_method('GetTxErrorCallback',
DEBUG:pybindgen.typehandlers:TypeMatcher.lookup('bool')
DEBUG:pybindgen.typehandlers:try to lookup type handler for 'bool' => success ((<class 'pybindgen.typehandlers.booltype.BoolReturn'>, None, <pybindgen.typehandlers.ctypeparser.TypeTraits object at 0xffffbc032d30>))
DEBUG:pybindgen.typehandlers:TypeMatcher.lookup('ns3::Ipv4Address')
DEBUG:pybindgen.typehandlers:try to lookup type handler for 'ns3::Ipv4Address' => success ((<class 'pybindgen.cppclass.CppClass.__init__.<locals>.ThisClassParameter'>, None, <pybindgen.typehandlers.ctypeparser.TypeTraits object at 0xffffbc036a90>))
DEBUG:pybindgen.typehandlers:TypeMatcher.lookup('void')
DEBUG:pybindgen.typehandlers:try to lookup type handler for 'void' => success ((<class 'pybindgen.typehandlers.voidtype.VoidReturn'>, None, <pybindgen.typehandlers.ctypeparser.TypeTraits object at 0xffffbc036fa0>))
DEBUG:pybindgen.typehandlers:TypeMatcher.lookup('void')
DEBUG:pybindgen.typehandlers:try to lookup type handler for 'void' => success ((<class 'pybindgen.typehandlers.voidtype.VoidReturn'>, None, <pybindgen.typehandlers.ctypeparser.TypeTraits object at 0xffffbc03c550>))
DEBUG:pybindgen.typehandlers:TypeMatcher.lookup('void')
DEBUG:pybindgen.typehandlers:try to lookup type handler for 'void' => success ((<class 'pybindgen.typehandlers.voidtype.VoidReturn'>, None, <pybindgen.typehandlers.ctypeparser.TypeTraits object at 0xffffbc03cac0>))
DEBUG:pybindgen.typehandlers:TypeMatcher.lookup('ns3::Callback< void, ns3::Ipv4Address, ns3::empty, ns3::empty, ns3::empty, ns3::empty, ns3::empty, ns3::empty, ns3::empty, ns3::empty >')
DEBUG:pybindgen.typehandlers:try to lookup type handler for 'ns3::Callback< void, ns3::Ipv4Address, ns3::empty, ns3::empty, ns3::empty, ns3::empty, ns3::empty, ns3::empty, ns3::empty, ns3::empty >' => success ((<class 'ns3modulegen_core_customizations.register_callback_classes.<locals>.PythonCallbackParameter'>, None, <pybindgen.typehandlers.ctypeparser.TypeTraits object at 0xffffbc03ccd0>))
DEBUG:pybindgen.typehandlers:TypeMatcher.lookup('void')
DEBUG:pybindgen.typehandlers:try to lookup type handler for 'void' => success ((<class 'pybindgen.typehandlers.voidtype.VoidReturn'>, None, <pybindgen.typehandlers.ctypeparser.TypeTraits object at 0xffffbc040be0>))
DEBUG:pybindgen.typehandlers:TypeMatcher.lookup('ns3::Ipv4Address')
DEBUG:pybindgen.typehandlers:try to lookup type handler for 'ns3::Ipv4Address' => success ((<class 'pybindgen.cppclass.CppClass.__init__.<locals>.ThisClassParameter'>, None, <pybindgen.typehandlers.ctypeparser.TypeTraits object at 0xffffbc040df0>))
DEBUG:pybindgen.typehandlers:TypeMatcher.lookup('ns3::Time')
DEBUG:pybindgen.typehandlers:try to lookup type handler for 'ns3::Time' => success ((<class 'pybindgen.cppclass.CppClass.__init__.<locals>.ThisClassParameter'>, None, <pybindgen.typehandlers.ctypeparser.TypeTraits object at 0xffffbc040f40>))
DEBUG:pybindgen.typehandlers:TypeMatcher.lookup('ns3::aodv::Neighbors::Neighbor const &')
DEBUG:pybindgen.typehandlers:try to lookup type handler for 'ns3::aodv::Neighbors::Neighbor const &' => success ((<class 'pybindgen.cppclass.CppClass.__init__.<locals>.ThisClassRefParameter'>, None, <pybindgen.typehandlers.ctypeparser.TypeTraits object at 0xffffbc043520>))
DEBUG:pybindgen.typehandlers:TypeMatcher.lookup('ns3::Ipv4Address')
DEBUG:pybindgen.typehandlers:try to lookup type handler for 'ns3::Ipv4Address' => success ((<class 'pybindgen.cppclass.CppClass.__init__.<locals>.ThisClassParameter'>, None, <pybindgen.typehandlers.ctypeparser.TypeTraits object at 0xffffbc043b20>))
DEBUG:pybindgen.typehandlers:TypeMatcher.lookup('ns3::Mac48Address')
DEBUG:pybindgen.typehandlers:try to lookup type handler for 'ns3::Mac48Address' => success ((<class 'pybindgen.cppclass.CppClass.__init__.<locals>.ThisClassParameter'>, None, <pybindgen.typehandlers.ctypeparser.TypeTraits object at 0xffffbc043c70>))
DEBUG:pybindgen.typehandlers:TypeMatcher.lookup('ns3::Time')
DEBUG:pybindgen.typehandlers:try to lookup type handler for 'ns3::Time' => success ((<class 'pybindgen.cppclass.CppClass.__init__.<locals>.ThisClassParameter'>, None, <pybindgen.typehandlers.ctypeparser.TypeTraits object at 0xffffbc043e20>))
DEBUG:pybindgen.typehandlers:TypeMatcher.lookup('bool')
DEBUG:pybindgen.typehandlers:try to lookup type handler for 'bool' => success ((<class 'pybindgen.typehandlers.booltype.BoolReturn'>, None, <pybindgen.typehandlers.ctypeparser.TypeTraits object at 0xffffbc043ac0>))
DEBUG:pybindgen.typehandlers:TypeMatcher.lookup('ns3::Time')
DEBUG:pybindgen.typehandlers:try to lookup type handler for 'ns3::Time' => success ((<class 'pybindgen.cppclass.CppClass.__init__.<locals>.ThisClassReturn'>, None, <pybindgen.typehandlers.ctypeparser.TypeTraits object at 0xffffbc036850>))
DEBUG:pybindgen.typehandlers:TypeMatcher.lookup('ns3::Mac48Address')
DEBUG:pybindgen.typehandlers:try to lookup type handler for 'ns3::Mac48Address' => success ((<class 'pybindgen.cppclass.CppClass.__init__.<locals>.ThisClassReturn'>, None, <pybindgen.typehandlers.ctypeparser.TypeTraits object at 0xffffbc032a60>))
DEBUG:pybindgen.typehandlers:TypeMatcher.lookup('ns3::Ipv4Address')
DEBUG:pybindgen.typehandlers:try to lookup type handler for 'ns3::Ipv4Address' => success ((<class 'pybindgen.cppclass.CppClass.__init__.<locals>.ThisClassReturn'>, None, <pybindgen.typehandlers.ctypeparser.TypeTraits object at 0xffffbc046f70>))
DEBUG:pybindgen.typehandlers:TypeMatcher.lookup('ns3::aodv::QueueEntry const &')
DEBUG:pybindgen.typehandlers:try to lookup type handler for 'ns3::aodv::QueueEntry const &' => success ((<class 'pybindgen.cppclass.CppClass.__init__.<locals>.ThisClassRefParameter'>, None, <pybindgen.typehandlers.ctypeparser.TypeTraits object at 0xffffbc04a730>))
DEBUG:pybindgen.typehandlers:TypeMatcher.lookup('ns3::Ptr< ns3::Packet const >')
DEBUG:pybindgen.typehandlers:try to lookup type handler for 'ns3::Ptr< ns3::Packet const >' => failure
DEBUG:pybindgen.typehandlers:try to lookup type handler for 'ns3::Packet *' => success ((<class 'pybindgen.cppclass.MemoryPolicy.register_ptr_parameter_and_return.<locals>.ThisClassPtrParameter'>, <ns3modulegen_core_customizations.SmartPointerTransformation object at 0xffffbcfe0d90>, <pybindgen.typehandlers.ctypeparser.TypeTraits object at 0xffffbc04e0d0>))
DEBUG:pybindgen.typehandlers:TypeMatcher.lookup('ns3::Ipv4Header const &')
DEBUG:pybindgen.typehandlers:try to lookup type handler for 'ns3::Ipv4Header const &' => success ((<class 'pybindgen.cppclass.CppClass.__init__.<locals>.ThisClassRefParameter'>, None, <pybindgen.typehandlers.ctypeparser.TypeTraits object at 0xffffbc04adf0>))
DEBUG:pybindgen.typehandlers:TypeMatcher.lookup('ns3::aodv::QueueEntry::UnicastForwardCallback')
DEBUG:pybindgen.typehandlers:try to lookup type handler for 'ns3::aodv::QueueEntry::UnicastForwardCallback' => success ((<class 'ns3modulegen_core_customizations.register_callback_classes.<locals>.PythonCallbackParameter'>, None, <pybindgen.typehandlers.ctypeparser.TypeTraits object at 0xffffbc04e3a0>))
DEBUG:pybindgen.typehandlers:TypeMatcher.lookup('ns3::aodv::QueueEntry::ErrorCallback')
DEBUG:pybindgen.typehandlers:try to lookup type handler for 'ns3::aodv::QueueEntry::ErrorCallback' => success ((<class 'ns3modulegen_core_customizations.register_callback_classes.<locals>.PythonCallbackParameter'>, None, <pybindgen.typehandlers.ctypeparser.TypeTraits object at 0xffffbc04e520>))
DEBUG:pybindgen.typehandlers:TypeMatcher.lookup('ns3::Time')
DEBUG:pybindgen.typehandlers:try to lookup type handler for 'ns3::Time' => success ((<class 'pybindgen.cppclass.CppClass.__init__.<locals>.ThisClassParameter'>, None, <pybindgen.typehandlers.ctypeparser.TypeTraits object at 0xffffbc04e6d0>))
DEBUG:pybindgen.typehandlers:TypeMatcher.lookup('ns3::aodv::QueueEntry::ErrorCallback')
DEBUG:pybindgen.typehandlers:try to lookup type handler for 'ns3::aodv::QueueEntry::ErrorCallback' => failure
'ns3::aodv::QueueEntry::ErrorCallback' did not match
/root/workspace/netwokr/ns-allinone-3.33/ns-3.33/src/aodv/bindings/modulegen__gcc_LP64.py:8070: Warning: exception TypeLookupError(['ns3::aodv::QueueEntry::ErrorCallback']) in wrapper public: retval? ???::GetErrorCallback (params?) const;
  cls.add_method('GetErrorCallback',
DEBUG:pybindgen.typehandlers:TypeMatcher.lookup('ns3::Time')
DEBUG:pybindgen.typehandlers:try to lookup type handler for 'ns3::Time' => success ((<class 'pybindgen.cppclass.CppClass.__init__.<locals>.ThisClassReturn'>, None, <pybindgen.typehandlers.ctypeparser.TypeTraits object at 0xffffbc04edf0>))
DEBUG:pybindgen.typehandlers:TypeMatcher.lookup('ns3::Ipv4Header')
DEBUG:pybindgen.typehandlers:try to lookup type handler for 'ns3::Ipv4Header' => success ((<class 'pybindgen.cppclass.CppClass.__init__.<locals>.ThisClassReturn'>, None, <pybindgen.typehandlers.ctypeparser.TypeTraits object at 0xffffbbfd5340>))
DEBUG:pybindgen.typehandlers:TypeMatcher.lookup('ns3::Ptr< ns3::Packet const >')
DEBUG:pybindgen.typehandlers:try to lookup type handler for 'ns3::Ptr< ns3::Packet const >' => failure
DEBUG:pybindgen.typehandlers:try to lookup type handler for 'ns3::Packet *' => success ((<class 'pybindgen.cppclass.MemoryPolicy.register_ptr_parameter_and_return.<locals>.ThisClassPtrReturn'>, <ns3modulegen_core_customizations.SmartPointerTransformation object at 0xffffbcfe0d90>, <pybindgen.typehandlers.ctypeparser.TypeTraits object at 0xffffbbfd5a00>))
DEBUG:pybindgen.typehandlers:TypeMatcher.lookup('ns3::aodv::QueueEntry::UnicastForwardCallback')
DEBUG:pybindgen.typehandlers:try to lookup type handler for 'ns3::aodv::QueueEntry::UnicastForwardCallback' => failure
'ns3::aodv::QueueEntry::UnicastForwardCallback' did not match
/root/workspace/netwokr/ns-allinone-3.33/ns-3.33/src/aodv/bindings/modulegen__gcc_LP64.py:8090: Warning: exception TypeLookupError(['ns3::aodv::QueueEntry::UnicastForwardCallback']) in wrapper public: retval? ???::GetUnicastForwardCallback (params?) const;
  cls.add_method('GetUnicastForwardCallback',
DEBUG:pybindgen.typehandlers:TypeMatcher.lookup('void')
DEBUG:pybindgen.typehandlers:try to lookup type handler for 'void' => success ((<class 'pybindgen.typehandlers.voidtype.VoidReturn'>, None, <pybindgen.typehandlers.ctypeparser.TypeTraits object at 0xffffbbfd5f40>))
DEBUG:pybindgen.typehandlers:TypeMatcher.lookup('ns3::Ipv4RoutingProtocol::ErrorCallback')
DEBUG:pybindgen.typehandlers:try to lookup type handler for 'ns3::Ipv4RoutingProtocol::ErrorCallback' => success ((<class 'ns3modulegen_core_customizations.register_callback_classes.<locals>.PythonCallbackParameter'>, None, <pybindgen.typehandlers.ctypeparser.TypeTraits object at 0xffffbbfd4160>))
DEBUG:pybindgen.typehandlers:TypeMatcher.lookup('void')
DEBUG:pybindgen.typehandlers:try to lookup type handler for 'void' => success ((<class 'pybindgen.typehandlers.voidtype.VoidReturn'>, None, <pybindgen.typehandlers.ctypeparser.TypeTraits object at 0xffffbbfd4670>))
DEBUG:pybindgen.typehandlers:TypeMatcher.lookup('ns3::Time')
DEBUG:pybindgen.typehandlers:try to lookup type handler for 'ns3::Time' => success ((<class 'pybindgen.cppclass.CppClass.__init__.<locals>.ThisClassParameter'>, None, <pybindgen.typehandlers.ctypeparser.TypeTraits object at 0xffffbbfd4880>))
DEBUG:pybindgen.typehandlers:TypeMatcher.lookup('void')
DEBUG:pybindgen.typehandlers:try to lookup type handler for 'void' => success ((<class 'pybindgen.typehandlers.voidtype.VoidReturn'>, None, <pybindgen.typehandlers.ctypeparser.TypeTraits object at 0xffffbbfd4d90>))
DEBUG:pybindgen.typehandlers:TypeMatcher.lookup('ns3::Ipv4Header')
DEBUG:pybindgen.typehandlers:try to lookup type handler for 'ns3::Ipv4Header' => success ((<class 'pybindgen.cppclass.CppClass.__init__.<locals>.ThisClassParameter'>, None, <pybindgen.typehandlers.ctypeparser.TypeTraits object at 0xffffbbfd4fa0>))
DEBUG:pybindgen.typehandlers:TypeMatcher.lookup('void')
DEBUG:pybindgen.typehandlers:try to lookup type handler for 'void' => success ((<class 'pybindgen.typehandlers.voidtype.VoidReturn'>, None, <pybindgen.typehandlers.ctypeparser.TypeTraits object at 0xffffbbfdf4f0>))
DEBUG:pybindgen.typehandlers:TypeMatcher.lookup('ns3::Ptr< ns3::Packet const >')
DEBUG:pybindgen.typehandlers:try to lookup type handler for 'ns3::Ptr< ns3::Packet const >' => failure
DEBUG:pybindgen.typehandlers:try to lookup type handler for 'ns3::Packet *' => success ((<class 'pybindgen.cppclass.MemoryPolicy.register_ptr_parameter_and_return.<locals>.ThisClassPtrParameter'>, <ns3modulegen_core_customizations.SmartPointerTransformation object at 0xffffbcfe0d90>, <pybindgen.typehandlers.ctypeparser.TypeTraits object at 0xffffbbfdf9d0>))
DEBUG:pybindgen.typehandlers:TypeMatcher.lookup('void')
DEBUG:pybindgen.typehandlers:try to lookup type handler for 'void' => success ((<class 'pybindgen.typehandlers.voidtype.VoidReturn'>, None, <pybindgen.typehandlers.ctypeparser.TypeTraits object at 0xffffbbfdfd90>))
DEBUG:pybindgen.typehandlers:TypeMatcher.lookup('ns3::Ipv4RoutingProtocol::UnicastForwardCallback')
DEBUG:pybindgen.typehandlers:try to lookup type handler for 'ns3::Ipv4RoutingProtocol::UnicastForwardCallback' => success ((<class 'ns3modulegen_core_customizations.register_callback_classes.<locals>.PythonCallbackParameter'>, None, <pybindgen.typehandlers.ctypeparser.TypeTraits object at 0xffffbbfdffa0>))
DEBUG:pybindgen.typehandlers:TypeMatcher.lookup('ns3::aodv::RequestQueue const &')
DEBUG:pybindgen.typehandlers:try to lookup type handler for 'ns3::aodv::RequestQueue const &' => success ((<class 'pybindgen.cppclass.CppClass.__init__.<locals>.ThisClassRefParameter'>, None, <pybindgen.typehandlers.ctypeparser.TypeTraits object at 0xffffbbfe4520>))
DEBUG:pybindgen.typehandlers:TypeMatcher.lookup('uint32_t')
DEBUG:pybindgen.typehandlers:try to lookup type handler for 'uint32_t' => success ((<class 'pybindgen.typehandlers.inttype.UnsignedIntParam'>, None, <pybindgen.typehandlers.ctypeparser.TypeTraits object at 0xffffbbfe4b20>))
DEBUG:pybindgen.typehandlers:TypeMatcher.lookup('ns3::Time')
DEBUG:pybindgen.typehandlers:try to lookup type handler for 'ns3::Time' => success ((<class 'pybindgen.cppclass.CppClass.__init__.<locals>.ThisClassParameter'>, None, <pybindgen.typehandlers.ctypeparser.TypeTraits object at 0xffffbbfe4c70>))
DEBUG:pybindgen.typehandlers:TypeMatcher.lookup('bool')
DEBUG:pybindgen.typehandlers:try to lookup type handler for 'bool' => success ((<class 'pybindgen.typehandlers.booltype.BoolReturn'>, None, <pybindgen.typehandlers.ctypeparser.TypeTraits object at 0xffffbbfe81f0>))
DEBUG:pybindgen.typehandlers:TypeMatcher.lookup('ns3::Ipv4Address')
DEBUG:pybindgen.typehandlers:try to lookup type handler for 'ns3::Ipv4Address' => success ((<class 'pybindgen.cppclass.CppClass.__init__.<locals>.ThisClassParameter'>, None, <pybindgen.typehandlers.ctypeparser.TypeTraits object at 0xffffbbfe8400>))
DEBUG:pybindgen.typehandlers:TypeMatcher.lookup('ns3::aodv::QueueEntry &')
DEBUG:pybindgen.typehandlers:try to lookup type handler for 'ns3::aodv::QueueEntry &' => success ((<class 'pybindgen.cppclass.CppClass.__init__.<locals>.ThisClassRefParameter'>, None, <pybindgen.typehandlers.ctypeparser.TypeTraits object at 0xffffbbfd5d30>))
DEBUG:pybindgen.typehandlers:TypeMatcher.lookup('void')
DEBUG:pybindgen.typehandlers:try to lookup type handler for 'void' => success ((<class 'pybindgen.typehandlers.voidtype.VoidReturn'>, None, <pybindgen.typehandlers.ctypeparser.TypeTraits object at 0xffffbbfe89a0>))
DEBUG:pybindgen.typehandlers:TypeMatcher.lookup('ns3::Ipv4Address')
DEBUG:pybindgen.typehandlers:try to lookup type handler for 'ns3::Ipv4Address' => success ((<class 'pybindgen.cppclass.CppClass.__init__.<locals>.ThisClassParameter'>, None, <pybindgen.typehandlers.ctypeparser.TypeTraits object at 0xffffbbfe8bb0>))
DEBUG:pybindgen.typehandlers:TypeMatcher.lookup('bool')
DEBUG:pybindgen.typehandlers:try to lookup type handler for 'bool' => success ((<class 'pybindgen.typehandlers.booltype.BoolReturn'>, None, <pybindgen.typehandlers.ctypeparser.TypeTraits object at 0xffffbbfea100>))
DEBUG:pybindgen.typehandlers:TypeMatcher.lookup('ns3::aodv::QueueEntry &')
DEBUG:pybindgen.typehandlers:try to lookup type handler for 'ns3::aodv::QueueEntry &' => success ((<class 'pybindgen.cppclass.CppClass.__init__.<locals>.ThisClassRefParameter'>, None, <pybindgen.typehandlers.ctypeparser.TypeTraits object at 0xffffbbfea310>))
DEBUG:pybindgen.typehandlers:TypeMatcher.lookup('bool')
DEBUG:pybindgen.typehandlers:try to lookup type handler for 'bool' => success ((<class 'pybindgen.typehandlers.booltype.BoolReturn'>, None, <pybindgen.typehandlers.ctypeparser.TypeTraits object at 0xffffbbfea8b0>))
DEBUG:pybindgen.typehandlers:TypeMatcher.lookup('ns3::Ipv4Address')
DEBUG:pybindgen.typehandlers:try to lookup type handler for 'ns3::Ipv4Address' => success ((<class 'pybindgen.cppclass.CppClass.__init__.<locals>.ThisClassParameter'>, None, <pybindgen.typehandlers.ctypeparser.TypeTraits object at 0xffffbbfeaac0>))
DEBUG:pybindgen.typehandlers:TypeMatcher.lookup('uint32_t')
DEBUG:pybindgen.typehandlers:try to lookup type handler for 'uint32_t' => success ((<class 'pybindgen.typehandlers.inttype.UnsignedIntReturn'>, None, <pybindgen.typehandlers.ctypeparser.TypeTraits object at 0xffffbbfef040>))
DEBUG:pybindgen.typehandlers:TypeMatcher.lookup('ns3::Time')
DEBUG:pybindgen.typehandlers:try to lookup type handler for 'ns3::Time' => success ((<class 'pybindgen.cppclass.CppClass.__init__.<locals>.ThisClassReturn'>, None, <pybindgen.typehandlers.ctypeparser.TypeTraits object at 0xffffbbfef5b0>))
DEBUG:pybindgen.typehandlers:TypeMatcher.lookup('uint32_t')
DEBUG:pybindgen.typehandlers:try to lookup type handler for 'uint32_t' => success ((<class 'pybindgen.typehandlers.inttype.UnsignedIntReturn'>, None, <pybindgen.typehandlers.ctypeparser.TypeTraits object at 0xffffbbfefa90>))
DEBUG:pybindgen.typehandlers:TypeMatcher.lookup('void')
DEBUG:pybindgen.typehandlers:try to lookup type handler for 'void' => success ((<class 'pybindgen.typehandlers.voidtype.VoidReturn'>, None, <pybindgen.typehandlers.ctypeparser.TypeTraits object at 0xffffbbff6070>))
DEBUG:pybindgen.typehandlers:TypeMatcher.lookup('uint32_t')
DEBUG:pybindgen.typehandlers:try to lookup type handler for 'uint32_t' => success ((<class 'pybindgen.typehandlers.inttype.UnsignedIntParam'>, None, <pybindgen.typehandlers.ctypeparser.TypeTraits object at 0xffffbbff6280>))
DEBUG:pybindgen.typehandlers:TypeMatcher.lookup('void')
DEBUG:pybindgen.typehandlers:try to lookup type handler for 'void' => success ((<class 'pybindgen.typehandlers.voidtype.VoidReturn'>, None, <pybindgen.typehandlers.ctypeparser.TypeTraits object at 0xffffbbff6790>))
DEBUG:pybindgen.typehandlers:TypeMatcher.lookup('ns3::Time')
DEBUG:pybindgen.typehandlers:try to lookup type handler for 'ns3::Time' => success ((<class 'pybindgen.cppclass.CppClass.__init__.<locals>.ThisClassParameter'>, None, <pybindgen.typehandlers.ctypeparser.TypeTraits object at 0xffffbbff69a0>))
DEBUG:pybindgen.typehandlers:TypeMatcher.lookup('ns3::aodv::RerrHeader const &')
DEBUG:pybindgen.typehandlers:try to lookup type handler for 'ns3::aodv::RerrHeader const &' => success ((<class 'pybindgen.cppclass.CppClass.__init__.<locals>.ThisClassRefParameter'>, None, <pybindgen.typehandlers.ctypeparser.TypeTraits object at 0xffffbbff6ee0>))
DEBUG:pybindgen.typehandlers:TypeMatcher.lookup('bool')
DEBUG:pybindgen.typehandlers:try to lookup type handler for 'bool' => success ((<class 'pybindgen.typehandlers.booltype.BoolReturn'>, None, <pybindgen.typehandlers.ctypeparser.TypeTraits object at 0xffffbbff9850>))
DEBUG:pybindgen.typehandlers:TypeMatcher.lookup('ns3::Ipv4Address')
DEBUG:pybindgen.typehandlers:try to lookup type handler for 'ns3::Ipv4Address' => success ((<class 'pybindgen.cppclass.CppClass.__init__.<locals>.ThisClassParameter'>, None, <pybindgen.typehandlers.ctypeparser.TypeTraits object at 0xffffbbff9a60>))
DEBUG:pybindgen.typehandlers:TypeMatcher.lookup('uint32_t')
DEBUG:pybindgen.typehandlers:try to lookup type handler for 'uint32_t' => success ((<class 'pybindgen.typehandlers.inttype.UnsignedIntParam'>, None, <pybindgen.typehandlers.ctypeparser.TypeTraits object at 0xffffbbff9bb0>))
DEBUG:pybindgen.typehandlers:TypeMatcher.lookup('void')
DEBUG:pybindgen.typehandlers:try to lookup type handler for 'void' => success ((<class 'pybindgen.typehandlers.voidtype.VoidReturn'>, None, <pybindgen.typehandlers.ctypeparser.TypeTraits object at 0xffffbbffd160>))
DEBUG:pybindgen.typehandlers:TypeMatcher.lookup('uint32_t')
DEBUG:pybindgen.typehandlers:try to lookup type handler for 'uint32_t' => success ((<class 'pybindgen.typehandlers.inttype.UnsignedIntReturn'>, None, <pybindgen.typehandlers.ctypeparser.TypeTraits object at 0xffffbbffd700>))
DEBUG:pybindgen.typehandlers:TypeMatcher.lookup('ns3::Buffer::Iterator')
DEBUG:pybindgen.typehandlers:try to lookup type handler for 'ns3::Buffer::Iterator' => success ((<class 'pybindgen.cppclass.CppClass.__init__.<locals>.ThisClassParameter'>, None, <pybindgen.typehandlers.ctypeparser.TypeTraits object at 0xffffbbffd910>))
DEBUG:pybindgen.typehandlers:TypeMatcher.lookup('uint8_t')
DEBUG:pybindgen.typehandlers:try to lookup type handler for 'uint8_t' => success ((<class 'pybindgen.typehandlers.inttype.UInt8Return'>, None, <pybindgen.typehandlers.ctypeparser.TypeTraits object at 0xffffbbffde20>))
DEBUG:pybindgen.typehandlers:TypeMatcher.lookup('ns3::TypeId')
DEBUG:pybindgen.typehandlers:try to lookup type handler for 'ns3::TypeId' => success ((<class 'pybindgen.cppclass.CppClass.__init__.<locals>.ThisClassReturn'>, None, <pybindgen.typehandlers.ctypeparser.TypeTraits object at 0xffffbc0013d0>))
DEBUG:pybindgen.typehandlers:TypeMatcher.lookup('bool')
DEBUG:pybindgen.typehandlers:try to lookup type handler for 'bool' => success ((<class 'pybindgen.typehandlers.booltype.BoolReturn'>, None, <pybindgen.typehandlers.ctypeparser.TypeTraits object at 0xffffbc001910>))
DEBUG:pybindgen.typehandlers:TypeMatcher.lookup('uint32_t')
DEBUG:pybindgen.typehandlers:try to lookup type handler for 'uint32_t' => success ((<class 'pybindgen.typehandlers.inttype.UnsignedIntReturn'>, None, <pybindgen.typehandlers.ctypeparser.TypeTraits object at 0xffffbc001e80>))
DEBUG:pybindgen.typehandlers:TypeMatcher.lookup('ns3::TypeId')
DEBUG:pybindgen.typehandlers:try to lookup type handler for 'ns3::TypeId' => success ((<class 'pybindgen.cppclass.CppClass.__init__.<locals>.ThisClassReturn'>, None, <pybindgen.typehandlers.ctypeparser.TypeTraits object at 0xffffbc008430>))
DEBUG:pybindgen.typehandlers:TypeMatcher.lookup('void')
DEBUG:pybindgen.typehandlers:try to lookup type handler for 'void' => success ((<class 'pybindgen.typehandlers.voidtype.VoidReturn'>, None, <pybindgen.typehandlers.ctypeparser.TypeTraits object at 0xffffbc008970>))
DEBUG:pybindgen.typehandlers:TypeMatcher.lookup('std::ostream &')
DEBUG:pybindgen.typehandlers:try to lookup type handler for 'std::ostream &' => failure
'std::ostream &' did not match
/root/workspace/netwokr/ns-allinone-3.33/ns-3.33/src/aodv/bindings/modulegen__gcc_LP64.py:8207: Warning: exception TypeLookupError(['std::ostream &']) in wrapper public: virtual retval? ???::Print (params?) const;
  cls.add_method('Print',
DEBUG:pybindgen.typehandlers:TypeMatcher.lookup('bool')
DEBUG:pybindgen.typehandlers:try to lookup type handler for 'bool' => success ((<class 'pybindgen.typehandlers.booltype.BoolReturn'>, None, <pybindgen.typehandlers.ctypeparser.TypeTraits object at 0xffffbc008d60>))
DEBUG:pybindgen.typehandlers:TypeMatcher.lookup('std::pair< ns3::Ipv4Address, unsigned int > &')
DEBUG:pybindgen.typehandlers:try to lookup type handler for 'std::pair< ns3::Ipv4Address, unsigned int > &' => failure
'std::pair< ns3::Ipv4Address, unsigned int > &' did not match
/root/workspace/netwokr/ns-allinone-3.33/ns-3.33/src/aodv/bindings/modulegen__gcc_LP64.py:8212: Warning: exception TypeLookupError(['std::pair< ns3::Ipv4Address, unsigned int > &']) in wrapper public: retval? ???::RemoveUnDestination (params?);
  cls.add_method('RemoveUnDestination',
DEBUG:pybindgen.typehandlers:TypeMatcher.lookup('void')
DEBUG:pybindgen.typehandlers:try to lookup type handler for 'void' => success ((<class 'pybindgen.typehandlers.voidtype.VoidReturn'>, None, <pybindgen.typehandlers.ctypeparser.TypeTraits object at 0xffffbc00bcd0>))
DEBUG:pybindgen.typehandlers:TypeMatcher.lookup('ns3::Buffer::Iterator')
DEBUG:pybindgen.typehandlers:try to lookup type handler for 'ns3::Buffer::Iterator' => success ((<class 'pybindgen.cppclass.CppClass.__init__.<locals>.ThisClassParameter'>, None, <pybindgen.typehandlers.ctypeparser.TypeTraits object at 0xffffbc00beb0>))
DEBUG:pybindgen.typehandlers:TypeMatcher.lookup('void')
DEBUG:pybindgen.typehandlers:try to lookup type handler for 'void' => success ((<class 'pybindgen.typehandlers.voidtype.VoidReturn'>, None, <pybindgen.typehandlers.ctypeparser.TypeTraits object at 0xffffbbf913a0>))
DEBUG:pybindgen.typehandlers:TypeMatcher.lookup('bool')
DEBUG:pybindgen.typehandlers:try to lookup type handler for 'bool' => success ((<class 'pybindgen.typehandlers.booltype.BoolParam'>, None, <pybindgen.typehandlers.ctypeparser.TypeTraits object at 0xffffbbf915e0>))
DEBUG:pybindgen.typehandlers:TypeMatcher.lookup('ns3::aodv::RoutingProtocol const &')
DEBUG:pybindgen.typehandlers:try to lookup type handler for 'ns3::aodv::RoutingProtocol const &' => success ((<class 'pybindgen.cppclass.CppClass.__init__.<locals>.ThisClassRefParameter'>, None, <pybindgen.typehandlers.ctypeparser.TypeTraits object at 0xffffbbf91b20>))
DEBUG:pybindgen.typehandlers:TypeMatcher.lookup('int64_t')
DEBUG:pybindgen.typehandlers:try to lookup type handler for 'int64_t' => success ((<class 'pybindgen.typehandlers.inttype.LongLongReturn'>, None, <pybindgen.typehandlers.ctypeparser.TypeTraits object at 0xffffbbf95490>))
DEBUG:pybindgen.typehandlers:TypeMatcher.lookup('int64_t')
DEBUG:pybindgen.typehandlers:try to lookup type handler for 'int64_t' => success ((<class 'pybindgen.typehandlers.inttype.LongLongParam'>, None, <pybindgen.typehandlers.ctypeparser.TypeTraits object at 0xffffbbf956a0>))
DEBUG:pybindgen.typehandlers:TypeMatcher.lookup('void')
DEBUG:pybindgen.typehandlers:try to lookup type handler for 'void' => success ((<class 'pybindgen.typehandlers.voidtype.VoidReturn'>, None, <pybindgen.typehandlers.ctypeparser.TypeTraits object at 0xffffbbf95be0>))
DEBUG:pybindgen.typehandlers:TypeMatcher.lookup('bool')
DEBUG:pybindgen.typehandlers:try to lookup type handler for 'bool' => success ((<class 'pybindgen.typehandlers.booltype.BoolReturn'>, None, <pybindgen.typehandlers.ctypeparser.TypeTraits object at 0xffffbbf9a190>))
DEBUG:pybindgen.typehandlers:TypeMatcher.lookup('bool')
DEBUG:pybindgen.typehandlers:try to lookup type handler for 'bool' => success ((<class 'pybindgen.typehandlers.booltype.BoolReturn'>, None, <pybindgen.typehandlers.ctypeparser.TypeTraits object at 0xffffbbf9a700>))
DEBUG:pybindgen.typehandlers:TypeMatcher.lookup('bool')
DEBUG:pybindgen.typehandlers:try to lookup type handler for 'bool' => success ((<class 'pybindgen.typehandlers.booltype.BoolReturn'>, None, <pybindgen.typehandlers.ctypeparser.TypeTraits object at 0xffffbc00b760>))
DEBUG:pybindgen.typehandlers:TypeMatcher.lookup('bool')
DEBUG:pybindgen.typehandlers:try to lookup type handler for 'bool' => success ((<class 'pybindgen.typehandlers.booltype.BoolReturn'>, None, <pybindgen.typehandlers.ctypeparser.TypeTraits object at 0xffffbc00b250>))
DEBUG:pybindgen.typehandlers:TypeMatcher.lookup('uint32_t')
DEBUG:pybindgen.typehandlers:try to lookup type handler for 'uint32_t' => success ((<class 'pybindgen.typehandlers.inttype.UnsignedIntReturn'>, None, <pybindgen.typehandlers.ctypeparser.TypeTraits object at 0xffffbbf9f070>))
DEBUG:pybindgen.typehandlers:TypeMatcher.lookup('ns3::Time')
DEBUG:pybindgen.typehandlers:try to lookup type handler for 'ns3::Time' => success ((<class 'pybindgen.cppclass.CppClass.__init__.<locals>.ThisClassReturn'>, None, <pybindgen.typehandlers.ctypeparser.TypeTraits object at 0xffffbbf9f5e0>))
DEBUG:pybindgen.typehandlers:TypeMatcher.lookup('ns3::TypeId')
DEBUG:pybindgen.typehandlers:try to lookup type handler for 'ns3::TypeId' => success ((<class 'pybindgen.cppclass.CppClass.__init__.<locals>.ThisClassReturn'>, None, <pybindgen.typehandlers.ctypeparser.TypeTraits object at 0xffffbbf9fb20>))
DEBUG:pybindgen.typehandlers:TypeMatcher.lookup('void')
DEBUG:pybindgen.typehandlers:try to lookup type handler for 'void' => success ((<class 'pybindgen.typehandlers.voidtype.VoidReturn'>, None, <pybindgen.typehandlers.ctypeparser.TypeTraits object at 0xffffbbfa30a0>))
DEBUG:pybindgen.typehandlers:TypeMatcher.lookup('uint32_t')
DEBUG:pybindgen.typehandlers:try to lookup type handler for 'uint32_t' => success ((<class 'pybindgen.typehandlers.inttype.UnsignedIntParam'>, None, <pybindgen.typehandlers.ctypeparser.TypeTraits object at 0xffffbbfa32b0>))
DEBUG:pybindgen.typehandlers:TypeMatcher.lookup('ns3::Ipv4InterfaceAddress')
DEBUG:pybindgen.typehandlers:try to lookup type handler for 'ns3::Ipv4InterfaceAddress' => success ((<class 'pybindgen.cppclass.CppClass.__init__.<locals>.ThisClassParameter'>, None, <pybindgen.typehandlers.ctypeparser.TypeTraits object at 0xffffbbfa3400>))
DEBUG:pybindgen.typehandlers:TypeMatcher.lookup('void')
DEBUG:pybindgen.typehandlers:try to lookup type handler for 'void' => success ((<class 'pybindgen.typehandlers.voidtype.VoidReturn'>, None, <pybindgen.typehandlers.ctypeparser.TypeTraits object at 0xffffbbfa3970>))
DEBUG:pybindgen.typehandlers:TypeMatcher.lookup('uint32_t')
DEBUG:pybindgen.typehandlers:try to lookup type handler for 'uint32_t' => success ((<class 'pybindgen.typehandlers.inttype.UnsignedIntParam'>, None, <pybindgen.typehandlers.ctypeparser.TypeTraits object at 0xffffbbfa3b80>))
DEBUG:pybindgen.typehandlers:TypeMatcher.lookup('void')
DEBUG:pybindgen.typehandlers:try to lookup type handler for 'void' => success ((<class 'pybindgen.typehandlers.voidtype.VoidReturn'>, None, <pybindgen.typehandlers.ctypeparser.TypeTraits object at 0xffffbbfa70d0>))
DEBUG:pybindgen.typehandlers:TypeMatcher.lookup('uint32_t')
DEBUG:pybindgen.typehandlers:try to lookup type handler for 'uint32_t' => success ((<class 'pybindgen.typehandlers.inttype.UnsignedIntParam'>, None, <pybindgen.typehandlers.ctypeparser.TypeTraits object at 0xffffbbfa72e0>))
DEBUG:pybindgen.typehandlers:TypeMatcher.lookup('void')
DEBUG:pybindgen.typehandlers:try to lookup type handler for 'void' => success ((<class 'pybindgen.typehandlers.voidtype.VoidReturn'>, None, <pybindgen.typehandlers.ctypeparser.TypeTraits object at 0xffffbbfa77f0>))
DEBUG:pybindgen.typehandlers:TypeMatcher.lookup('uint32_t')
DEBUG:pybindgen.typehandlers:try to lookup type handler for 'uint32_t' => success ((<class 'pybindgen.typehandlers.inttype.UnsignedIntParam'>, None, <pybindgen.typehandlers.ctypeparser.TypeTraits object at 0xffffbbfa7a00>))
DEBUG:pybindgen.typehandlers:TypeMatcher.lookup('ns3::Ipv4InterfaceAddress')
DEBUG:pybindgen.typehandlers:try to lookup type handler for 'ns3::Ipv4InterfaceAddress' => success ((<class 'pybindgen.cppclass.CppClass.__init__.<locals>.ThisClassParameter'>, None, <pybindgen.typehandlers.ctypeparser.TypeTraits object at 0xffffbbfa7b50>))
DEBUG:pybindgen.typehandlers:TypeMatcher.lookup('void')
DEBUG:pybindgen.typehandlers:try to lookup type handler for 'void' => success ((<class 'pybindgen.typehandlers.voidtype.VoidReturn'>, None, <pybindgen.typehandlers.ctypeparser.TypeTraits object at 0xffffbbfaa100>))
DEBUG:pybindgen.typehandlers:TypeMatcher.lookup('ns3::Ptr< ns3::OutputStreamWrapper >')
DEBUG:pybindgen.typehandlers:try to lookup type handler for 'ns3::Ptr< ns3::OutputStreamWrapper >' => failure
DEBUG:pybindgen.typehandlers:try to lookup type handler for 'ns3::OutputStreamWrapper *' => success ((<class 'pybindgen.cppclass.MemoryPolicy.register_ptr_parameter_and_return.<locals>.ThisClassPtrParameter'>, <ns3modulegen_core_customizations.SmartPointerTransformation object at 0xffffbcfe0d90>, <pybindgen.typehandlers.ctypeparser.TypeTraits object at 0xffffbbfaa5b0>))
DEBUG:pybindgen.typehandlers:TypeMatcher.lookup('ns3::Time::Unit')
DEBUG:pybindgen.typehandlers:try to lookup type handler for 'ns3::Time::Unit' => success ((<class 'pybindgen.enum.Enum.set_module.<locals>.ThisEnumParameter'>, None, <pybindgen.typehandlers.ctypeparser.TypeTraits object at 0xffffbbfaa5b0>))
DEBUG:pybindgen.typehandlers:TypeMatcher.lookup('bool')
DEBUG:pybindgen.typehandlers:try to lookup type handler for 'bool' => success ((<class 'pybindgen.typehandlers.booltype.BoolReturn'>, None, <pybindgen.typehandlers.ctypeparser.TypeTraits object at 0xffffbbfaaaf0>))
DEBUG:pybindgen.typehandlers:TypeMatcher.lookup('ns3::Ptr< ns3::Packet const >')
DEBUG:pybindgen.typehandlers:try to lookup type handler for 'ns3::Ptr< ns3::Packet const >' => failure
DEBUG:pybindgen.typehandlers:try to lookup type handler for 'ns3::Packet *' => success ((<class 'pybindgen.cppclass.MemoryPolicy.register_ptr_parameter_and_return.<locals>.ThisClassPtrParameter'>, <ns3modulegen_core_customizations.SmartPointerTransformation object at 0xffffbcfe0d90>, <pybindgen.typehandlers.ctypeparser.TypeTraits object at 0xffffbc00f070>))
DEBUG:pybindgen.typehandlers:TypeMatcher.lookup('ns3::Ipv4Header const &')
DEBUG:pybindgen.typehandlers:try to lookup type handler for 'ns3::Ipv4Header const &' => success ((<class 'pybindgen.cppclass.CppClass.__init__.<locals>.ThisClassRefParameter'>, None, <pybindgen.typehandlers.ctypeparser.TypeTraits object at 0xffffbbfaafd0>))
DEBUG:pybindgen.typehandlers:TypeMatcher.lookup('ns3::Ptr< ns3::NetDevice const >')
DEBUG:pybindgen.typehandlers:try to lookup type handler for 'ns3::Ptr< ns3::NetDevice const >' => failure
DEBUG:pybindgen.typehandlers:try to lookup type handler for 'ns3::NetDevice *' => success ((<class 'pybindgen.cppclass.MemoryPolicy.register_ptr_parameter_and_return.<locals>.ThisClassPtrParameter'>, <ns3modulegen_core_customizations.SmartPointerTransformation object at 0xffffbcfe0d90>, <pybindgen.typehandlers.ctypeparser.TypeTraits object at 0xffffbc00f5e0>))
DEBUG:pybindgen.typehandlers:TypeMatcher.lookup('ns3::Callback< void, ns3::Ptr< ns3::Ipv4Route >, ns3::Ptr< ns3::Packet const >, ns3::Ipv4Header const &, ns3::empty, ns3::empty, ns3::empty, ns3::empty, ns3::empty, ns3::empty >')
DEBUG:pybindgen.typehandlers:try to lookup type handler for 'ns3::Callback< void, ns3::Ptr< ns3::Ipv4Route >, ns3::Ptr< ns3::Packet const >, ns3::Ipv4Header const &, ns3::empty, ns3::empty, ns3::empty, ns3::empty, ns3::empty, ns3::empty >' => success ((<class 'ns3modulegen_core_customizations.register_callback_classes.<locals>.PythonCallbackParameter'>, None, <pybindgen.typehandlers.ctypeparser.TypeTraits object at 0xffffbc00f5e0>))
DEBUG:pybindgen.typehandlers:TypeMatcher.lookup('ns3::Callback< void, ns3::Ptr< ns3::Ipv4MulticastRoute >, ns3::Ptr< ns3::Packet const >, ns3::Ipv4Header const &, ns3::empty, ns3::empty, ns3::empty, ns3::empty, ns3::empty, ns3::empty >')
DEBUG:pybindgen.typehandlers:try to lookup type handler for 'ns3::Callback< void, ns3::Ptr< ns3::Ipv4MulticastRoute >, ns3::Ptr< ns3::Packet const >, ns3::Ipv4Header const &, ns3::empty, ns3::empty, ns3::empty, ns3::empty, ns3::empty, ns3::empty >' => failure
'ns3::Callback< void, ns3::Ptr< ns3::Ipv4MulticastRoute >, ns3::Ptr< ns3::Packet const >, ns3::Ipv4Header const &, ns3::empty, ns3::empty, ns3::empty, ns3::empty, ns3::empty, ns3::empty >' did not match
/root/workspace/netwokr/ns-allinone-3.33/ns-3.33/src/aodv/bindings/modulegen__gcc_LP64.py:8301: Warning: exception TypeLookupError(['ns3::Callback< void, ns3::Ptr< ns3::Ipv4MulticastRoute >, ns3::Ptr< ns3::Packet const >, ns3::Ipv4Header const &, ns3::empty, ns3::empty, ns3::empty, ns3::empty, ns3::empty, ns3::empty >']) in wrapper public: virtual retval? ???::RouteInput (params?);
  cls.add_method('RouteInput',
DEBUG:pybindgen.typehandlers:TypeMatcher.lookup('ns3::Ptr< ns3::Ipv4Route >')
DEBUG:pybindgen.typehandlers:try to lookup type handler for 'ns3::Ptr< ns3::Ipv4Route >' => failure
DEBUG:pybindgen.typehandlers:try to lookup type handler for 'ns3::Ipv4Route *' => success ((<class 'pybindgen.cppclass.MemoryPolicy.register_ptr_parameter_and_return.<locals>.ThisClassPtrReturn'>, <ns3modulegen_core_customizations.SmartPointerTransformation object at 0xffffbcfe0d90>, <pybindgen.typehandlers.ctypeparser.TypeTraits object at 0xffffbbfbc970>))
DEBUG:pybindgen.typehandlers:TypeMatcher.lookup('ns3::Ptr< ns3::Packet >')
DEBUG:pybindgen.typehandlers:try to lookup type handler for 'ns3::Ptr< ns3::Packet >' => failure
DEBUG:pybindgen.typehandlers:try to lookup type handler for 'ns3::Packet *' => success ((<class 'pybindgen.cppclass.MemoryPolicy.register_ptr_parameter_and_return.<locals>.ThisClassPtrParameter'>, <ns3modulegen_core_customizations.SmartPointerTransformation object at 0xffffbcfe0d90>, <pybindgen.typehandlers.ctypeparser.TypeTraits object at 0xffffbbfbcc70>))
DEBUG:pybindgen.typehandlers:TypeMatcher.lookup('ns3::Ipv4Header const &')
DEBUG:pybindgen.typehandlers:try to lookup type handler for 'ns3::Ipv4Header const &' => success ((<class 'pybindgen.cppclass.CppClass.__init__.<locals>.ThisClassRefParameter'>, None, <pybindgen.typehandlers.ctypeparser.TypeTraits object at 0xffffbbfbcc70>))
DEBUG:pybindgen.typehandlers:TypeMatcher.lookup('ns3::Ptr< ns3::NetDevice >')
DEBUG:pybindgen.typehandlers:try to lookup type handler for 'ns3::Ptr< ns3::NetDevice >' => failure
DEBUG:pybindgen.typehandlers:try to lookup type handler for 'ns3::NetDevice *' => success ((<class 'pybindgen.cppclass.MemoryPolicy.register_ptr_parameter_and_return.<locals>.ThisClassPtrParameter'>, <ns3modulegen_core_customizations.SmartPointerTransformation object at 0xffffbcfe0d90>, <pybindgen.typehandlers.ctypeparser.TypeTraits object at 0xffffbbfbf220>))
DEBUG:pybindgen.typehandlers:TypeMatcher.lookup('ns3::Socket::SocketErrno &')
DEBUG:pybindgen.typehandlers:try to lookup type handler for 'ns3::Socket::SocketErrno &' => success ((<class 'pybindgen.enum.Enum.set_module.<locals>.ThisEnumRefParameter'>, None, <pybindgen.typehandlers.ctypeparser.TypeTraits object at 0xffffbbfbcf70>))
DEBUG:pybindgen.typehandlers:TypeMatcher.lookup('void')
DEBUG:pybindgen.typehandlers:try to lookup type handler for 'void' => success ((<class 'pybindgen.typehandlers.voidtype.VoidReturn'>, None, <pybindgen.typehandlers.ctypeparser.TypeTraits object at 0xffffbbfbf790>))
DEBUG:pybindgen.typehandlers:TypeMatcher.lookup('bool')
DEBUG:pybindgen.typehandlers:try to lookup type handler for 'bool' => success ((<class 'pybindgen.typehandlers.booltype.BoolParam'>, None, <pybindgen.typehandlers.ctypeparser.TypeTraits object at 0xffffbbfbf9d0>))
DEBUG:pybindgen.typehandlers:TypeMatcher.lookup('void')
DEBUG:pybindgen.typehandlers:try to lookup type handler for 'void' => success ((<class 'pybindgen.typehandlers.voidtype.VoidReturn'>, None, <pybindgen.typehandlers.ctypeparser.TypeTraits object at 0xffffbbfbfee0>))
DEBUG:pybindgen.typehandlers:TypeMatcher.lookup('bool')
DEBUG:pybindgen.typehandlers:try to lookup type handler for 'bool' => success ((<class 'pybindgen.typehandlers.booltype.BoolParam'>, None, <pybindgen.typehandlers.ctypeparser.TypeTraits object at 0xffffbbfc3130>))
DEBUG:pybindgen.typehandlers:TypeMatcher.lookup('void')
DEBUG:pybindgen.typehandlers:try to lookup type handler for 'void' => success ((<class 'pybindgen.typehandlers.voidtype.VoidReturn'>, None, <pybindgen.typehandlers.ctypeparser.TypeTraits object at 0xffffbbfc3640>))
DEBUG:pybindgen.typehandlers:TypeMatcher.lookup('bool')
DEBUG:pybindgen.typehandlers:try to lookup type handler for 'bool' => success ((<class 'pybindgen.typehandlers.booltype.BoolParam'>, None, <pybindgen.typehandlers.ctypeparser.TypeTraits object at 0xffffbbfc3850>))
DEBUG:pybindgen.typehandlers:TypeMatcher.lookup('void')
DEBUG:pybindgen.typehandlers:try to lookup type handler for 'void' => success ((<class 'pybindgen.typehandlers.voidtype.VoidReturn'>, None, <pybindgen.typehandlers.ctypeparser.TypeTraits object at 0xffffbbfc3d60>))
DEBUG:pybindgen.typehandlers:TypeMatcher.lookup('bool')
DEBUG:pybindgen.typehandlers:try to lookup type handler for 'bool' => success ((<class 'pybindgen.typehandlers.booltype.BoolParam'>, None, <pybindgen.typehandlers.ctypeparser.TypeTraits object at 0xffffbbfc3f70>))
DEBUG:pybindgen.typehandlers:TypeMatcher.lookup('void')
DEBUG:pybindgen.typehandlers:try to lookup type handler for 'void' => success ((<class 'pybindgen.typehandlers.voidtype.VoidReturn'>, None, <pybindgen.typehandlers.ctypeparser.TypeTraits object at 0xffffbbfc74f0>))
DEBUG:pybindgen.typehandlers:TypeMatcher.lookup('ns3::Ptr< ns3::Ipv4 >')
DEBUG:pybindgen.typehandlers:try to lookup type handler for 'ns3::Ptr< ns3::Ipv4 >' => failure
DEBUG:pybindgen.typehandlers:try to lookup type handler for 'ns3::Ipv4 *' => success ((<class 'pybindgen.cppclass.MemoryPolicy.register_ptr_parameter_and_return.<locals>.ThisClassPtrParameter'>, <ns3modulegen_core_customizations.SmartPointerTransformation object at 0xffffbcfe0d90>, <pybindgen.typehandlers.ctypeparser.TypeTraits object at 0xffffbbfc79a0>))
DEBUG:pybindgen.typehandlers:TypeMatcher.lookup('void')
DEBUG:pybindgen.typehandlers:try to lookup type handler for 'void' => success ((<class 'pybindgen.typehandlers.voidtype.VoidReturn'>, None, <pybindgen.typehandlers.ctypeparser.TypeTraits object at 0xffffbbfc7cd0>))
DEBUG:pybindgen.typehandlers:TypeMatcher.lookup('uint32_t')
DEBUG:pybindgen.typehandlers:try to lookup type handler for 'uint32_t' => success ((<class 'pybindgen.typehandlers.inttype.UnsignedIntParam'>, None, <pybindgen.typehandlers.ctypeparser.TypeTraits object at 0xffffbbfc7f10>))
DEBUG:pybindgen.typehandlers:TypeMatcher.lookup('void')
DEBUG:pybindgen.typehandlers:try to lookup type handler for 'void' => success ((<class 'pybindgen.typehandlers.voidtype.VoidReturn'>, None, <pybindgen.typehandlers.ctypeparser.TypeTraits object at 0xffffbbfaaa90>))
DEBUG:pybindgen.typehandlers:TypeMatcher.lookup('ns3::Time')
DEBUG:pybindgen.typehandlers:try to lookup type handler for 'ns3::Time' => success ((<class 'pybindgen.cppclass.CppClass.__init__.<locals>.ThisClassParameter'>, None, <pybindgen.typehandlers.ctypeparser.TypeTraits object at 0xffffbbfaab80>))
DEBUG:pybindgen.typehandlers:TypeMatcher.lookup('uint32_t const')
DEBUG:pybindgen.typehandlers:try to lookup type handler for 'uint32_t const' => success ((<class 'pybindgen.typehandlers.inttype.UnsignedIntReturn'>, None, <pybindgen.typehandlers.ctypeparser.TypeTraits object at 0xffffbbfb2a00>))
DEBUG:pybindgen.typehandlers:TypeMatcher.lookup('void')
DEBUG:pybindgen.typehandlers:try to lookup type handler for 'void' => success ((<class 'pybindgen.typehandlers.voidtype.VoidReturn'>, None, <pybindgen.typehandlers.ctypeparser.TypeTraits object at 0xffffbbfb31f0>))
DEBUG:pybindgen.typehandlers:TypeMatcher.lookup('ns3::aodv::RoutingTable const &')
DEBUG:pybindgen.typehandlers:try to lookup type handler for 'ns3::aodv::RoutingTable const &' => success ((<class 'pybindgen.cppclass.CppClass.__init__.<locals>.ThisClassRefParameter'>, None, <pybindgen.typehandlers.ctypeparser.TypeTraits object at 0xffffbc008970>))
DEBUG:pybindgen.typehandlers:TypeMatcher.lookup('ns3::Time')
DEBUG:pybindgen.typehandlers:try to lookup type handler for 'ns3::Time' => success ((<class 'pybindgen.cppclass.CppClass.__init__.<locals>.ThisClassParameter'>, None, <pybindgen.typehandlers.ctypeparser.TypeTraits object at 0xffffbbfcb700>))
DEBUG:pybindgen.typehandlers:TypeMatcher.lookup('bool')
DEBUG:pybindgen.typehandlers:try to lookup type handler for 'bool' => success ((<class 'pybindgen.typehandlers.booltype.BoolReturn'>, None, <pybindgen.typehandlers.ctypeparser.TypeTraits object at 0xffffbbfcbbe0>))
DEBUG:pybindgen.typehandlers:TypeMatcher.lookup('ns3::aodv::RoutingTableEntry &')
DEBUG:pybindgen.typehandlers:try to lookup type handler for 'ns3::aodv::RoutingTableEntry &' => success ((<class 'pybindgen.cppclass.CppClass.__init__.<locals>.ThisClassRefParameter'>, None, <pybindgen.typehandlers.ctypeparser.TypeTraits object at 0xffffbbfcbdf0>))
DEBUG:pybindgen.typehandlers:TypeMatcher.lookup('void')
DEBUG:pybindgen.typehandlers:try to lookup type handler for 'void' => success ((<class 'pybindgen.typehandlers.voidtype.VoidReturn'>, None, <pybindgen.typehandlers.ctypeparser.TypeTraits object at 0xffffbbed13d0>))
DEBUG:pybindgen.typehandlers:TypeMatcher.lookup('void')
DEBUG:pybindgen.typehandlers:try to lookup type handler for 'void' => success ((<class 'pybindgen.typehandlers.voidtype.VoidReturn'>, None, <pybindgen.typehandlers.ctypeparser.TypeTraits object at 0xffffbbed1940>))
DEBUG:pybindgen.typehandlers:TypeMatcher.lookup('ns3::Ipv4InterfaceAddress')
DEBUG:pybindgen.typehandlers:try to lookup type handler for 'ns3::Ipv4InterfaceAddress' => success ((<class 'pybindgen.cppclass.CppClass.__init__.<locals>.ThisClassParameter'>, None, <pybindgen.typehandlers.ctypeparser.TypeTraits object at 0xffffbbed1b50>))
DEBUG:pybindgen.typehandlers:TypeMatcher.lookup('bool')
DEBUG:pybindgen.typehandlers:try to lookup type handler for 'bool' => success ((<class 'pybindgen.typehandlers.booltype.BoolReturn'>, None, <pybindgen.typehandlers.ctypeparser.TypeTraits object at 0xffffbbed60a0>))
DEBUG:pybindgen.typehandlers:TypeMatcher.lookup('ns3::Ipv4Address')
DEBUG:pybindgen.typehandlers:try to lookup type handler for 'ns3::Ipv4Address' => success ((<class 'pybindgen.cppclass.CppClass.__init__.<locals>.ThisClassParameter'>, None, <pybindgen.typehandlers.ctypeparser.TypeTraits object at 0xffffbbed62b0>))
DEBUG:pybindgen.typehandlers:TypeMatcher.lookup('ns3::Time')
DEBUG:pybindgen.typehandlers:try to lookup type handler for 'ns3::Time' => success ((<class 'pybindgen.cppclass.CppClass.__init__.<locals>.ThisClassReturn'>, None, <pybindgen.typehandlers.ctypeparser.TypeTraits object at 0xffffbbed67f0>))
DEBUG:pybindgen.typehandlers:TypeMatcher.lookup('void')
DEBUG:pybindgen.typehandlers:try to lookup type handler for 'void' => success ((<class 'pybindgen.typehandlers.voidtype.VoidReturn'>, None, <pybindgen.typehandlers.ctypeparser.TypeTraits object at 0xffffbbed6cd0>))
DEBUG:pybindgen.typehandlers:TypeMatcher.lookup('ns3::Ipv4Address')
DEBUG:pybindgen.typehandlers:try to lookup type handler for 'ns3::Ipv4Address' => success ((<class 'pybindgen.cppclass.CppClass.__init__.<locals>.ThisClassParameter'>, None, <pybindgen.typehandlers.ctypeparser.TypeTraits object at 0xffffbbed6f10>))
DEBUG:pybindgen.typehandlers:TypeMatcher.lookup('std::map< ns3::Ipv4Address, unsigned int > &')
DEBUG:pybindgen.typehandlers:try to lookup type handler for 'std::map< ns3::Ipv4Address, unsigned int > &' => success ((<class 'pybindgen.container.Container.__init__.<locals>.ThisContainerRefParameter'>, None, <pybindgen.typehandlers.ctypeparser.TypeTraits object at 0xffffbbedc0a0>))
DEBUG:pybindgen.typehandlers:TypeMatcher.lookup('void')
DEBUG:pybindgen.typehandlers:try to lookup type handler for 'void' => success ((<class 'pybindgen.typehandlers.voidtype.VoidReturn'>, None, <pybindgen.typehandlers.ctypeparser.TypeTraits object at 0xffffbbedc970>))
DEBUG:pybindgen.typehandlers:TypeMatcher.lookup('std::map< ns3::Ipv4Address, unsigned int > const &')
DEBUG:pybindgen.typehandlers:try to lookup type handler for 'std::map< ns3::Ipv4Address, unsigned int > const &' => success ((<class 'pybindgen.container.Container.__init__.<locals>.ThisContainerRefParameter'>, None, <pybindgen.typehandlers.ctypeparser.TypeTraits object at 0xffffbbedcb80>))
DEBUG:pybindgen.typehandlers:TypeMatcher.lookup('bool')
DEBUG:pybindgen.typehandlers:try to lookup type handler for 'bool' => success ((<class 'pybindgen.typehandlers.booltype.BoolReturn'>, None, <pybindgen.typehandlers.ctypeparser.TypeTraits object at 0xffffbbedf460>))
DEBUG:pybindgen.typehandlers:TypeMatcher.lookup('ns3::Ipv4Address')
DEBUG:pybindgen.typehandlers:try to lookup type handler for 'ns3::Ipv4Address' => success ((<class 'pybindgen.cppclass.CppClass.__init__.<locals>.ThisClassParameter'>, None, <pybindgen.typehandlers.ctypeparser.TypeTraits object at 0xffffbbedf670>))
DEBUG:pybindgen.typehandlers:TypeMatcher.lookup('ns3::aodv::RoutingTableEntry &')
DEBUG:pybindgen.typehandlers:try to lookup type handler for 'ns3::aodv::RoutingTableEntry &' => success ((<class 'pybindgen.cppclass.CppClass.__init__.<locals>.ThisClassRefParameter'>, None, <pybindgen.typehandlers.ctypeparser.TypeTraits object at 0xffffbbedf7c0>))
DEBUG:pybindgen.typehandlers:TypeMatcher.lookup('bool')
DEBUG:pybindgen.typehandlers:try to lookup type handler for 'bool' => success ((<class 'pybindgen.typehandlers.booltype.BoolReturn'>, None, <pybindgen.typehandlers.ctypeparser.TypeTraits object at 0xffffbbedfdc0>))
DEBUG:pybindgen.typehandlers:TypeMatcher.lookup('ns3::Ipv4Address')
DEBUG:pybindgen.typehandlers:try to lookup type handler for 'ns3::Ipv4Address' => success ((<class 'pybindgen.cppclass.CppClass.__init__.<locals>.ThisClassParameter'>, None, <pybindgen.typehandlers.ctypeparser.TypeTraits object at 0xffffbbedffd0>))
DEBUG:pybindgen.typehandlers:TypeMatcher.lookup('ns3::aodv::RoutingTableEntry &')
DEBUG:pybindgen.typehandlers:try to lookup type handler for 'ns3::aodv::RoutingTableEntry &' => success ((<class 'pybindgen.cppclass.CppClass.__init__.<locals>.ThisClassRefParameter'>, None, <pybindgen.typehandlers.ctypeparser.TypeTraits object at 0xffffbbee3160>))
DEBUG:pybindgen.typehandlers:TypeMatcher.lookup('bool')
DEBUG:pybindgen.typehandlers:try to lookup type handler for 'bool' => success ((<class 'pybindgen.typehandlers.booltype.BoolReturn'>, None, <pybindgen.typehandlers.ctypeparser.TypeTraits object at 0xffffbbee3760>))
DEBUG:pybindgen.typehandlers:TypeMatcher.lookup('ns3::Ipv4Address')
DEBUG:pybindgen.typehandlers:try to lookup type handler for 'ns3::Ipv4Address' => success ((<class 'pybindgen.cppclass.CppClass.__init__.<locals>.ThisClassParameter'>, None, <pybindgen.typehandlers.ctypeparser.TypeTraits object at 0xffffbbee3970>))
DEBUG:pybindgen.typehandlers:TypeMatcher.lookup('ns3::Time')
DEBUG:pybindgen.typehandlers:try to lookup type handler for 'ns3::Time' => success ((<class 'pybindgen.cppclass.CppClass.__init__.<locals>.ThisClassParameter'>, None, <pybindgen.typehandlers.ctypeparser.TypeTraits object at 0xffffbbee3ac0>))
DEBUG:pybindgen.typehandlers:TypeMatcher.lookup('void')
DEBUG:pybindgen.typehandlers:try to lookup type handler for 'void' => success ((<class 'pybindgen.typehandlers.voidtype.VoidReturn'>, None, <pybindgen.typehandlers.ctypeparser.TypeTraits object at 0xffffbbee70a0>))
DEBUG:pybindgen.typehandlers:TypeMatcher.lookup('ns3::Ptr< ns3::OutputStreamWrapper >')
DEBUG:pybindgen.typehandlers:try to lookup type handler for 'ns3::Ptr< ns3::OutputStreamWrapper >' => failure
DEBUG:pybindgen.typehandlers:try to lookup type handler for 'ns3::OutputStreamWrapper *' => success ((<class 'pybindgen.cppclass.MemoryPolicy.register_ptr_parameter_and_return.<locals>.ThisClassPtrParameter'>, <ns3modulegen_core_customizations.SmartPointerTransformation object at 0xffffbcfe0d90>, <pybindgen.typehandlers.ctypeparser.TypeTraits object at 0xffffbbee7550>))
DEBUG:pybindgen.typehandlers:TypeMatcher.lookup('ns3::Time::Unit')
DEBUG:pybindgen.typehandlers:try to lookup type handler for 'ns3::Time::Unit' => success ((<class 'pybindgen.enum.Enum.set_module.<locals>.ThisEnumParameter'>, None, <pybindgen.typehandlers.ctypeparser.TypeTraits object at 0xffffbbee7550>))
DEBUG:pybindgen.typehandlers:TypeMatcher.lookup('void')
DEBUG:pybindgen.typehandlers:try to lookup type handler for 'void' => success ((<class 'pybindgen.typehandlers.voidtype.VoidReturn'>, None, <pybindgen.typehandlers.ctypeparser.TypeTraits object at 0xffffbbee7a30>))
DEBUG:pybindgen.typehandlers:TypeMatcher.lookup('void')
DEBUG:pybindgen.typehandlers:try to lookup type handler for 'void' => success ((<class 'pybindgen.typehandlers.voidtype.VoidReturn'>, None, <pybindgen.typehandlers.ctypeparser.TypeTraits object at 0xffffbbee7fd0>))
DEBUG:pybindgen.typehandlers:TypeMatcher.lookup('ns3::Time')
DEBUG:pybindgen.typehandlers:try to lookup type handler for 'ns3::Time' => success ((<class 'pybindgen.cppclass.CppClass.__init__.<locals>.ThisClassParameter'>, None, <pybindgen.typehandlers.ctypeparser.TypeTraits object at 0xffffbbeeb220>))
DEBUG:pybindgen.typehandlers:TypeMatcher.lookup('bool')
DEBUG:pybindgen.typehandlers:try to lookup type handler for 'bool' => success ((<class 'pybindgen.typehandlers.booltype.BoolReturn'>, None, <pybindgen.typehandlers.ctypeparser.TypeTraits object at 0xffffbbeeb730>))
DEBUG:pybindgen.typehandlers:TypeMatcher.lookup('ns3::Ipv4Address')
DEBUG:pybindgen.typehandlers:try to lookup type handler for 'ns3::Ipv4Address' => success ((<class 'pybindgen.cppclass.CppClass.__init__.<locals>.ThisClassParameter'>, None, <pybindgen.typehandlers.ctypeparser.TypeTraits object at 0xffffbbeeb940>))
DEBUG:pybindgen.typehandlers:TypeMatcher.lookup('ns3::aodv::RouteFlags')
DEBUG:pybindgen.typehandlers:try to lookup type handler for 'ns3::aodv::RouteFlags' => success ((<class 'pybindgen.enum.Enum.set_module.<locals>.ThisEnumParameter'>, None, <pybindgen.typehandlers.ctypeparser.TypeTraits object at 0xffffbbeeba90>))
DEBUG:pybindgen.typehandlers:TypeMatcher.lookup('bool')
DEBUG:pybindgen.typehandlers:try to lookup type handler for 'bool' => success ((<class 'pybindgen.typehandlers.booltype.BoolReturn'>, None, <pybindgen.typehandlers.ctypeparser.TypeTraits object at 0xffffbbeee040>))
DEBUG:pybindgen.typehandlers:TypeMatcher.lookup('ns3::aodv::RoutingTableEntry &')
DEBUG:pybindgen.typehandlers:try to lookup type handler for 'ns3::aodv::RoutingTableEntry &' => success ((<class 'pybindgen.cppclass.CppClass.__init__.<locals>.ThisClassRefParameter'>, None, <pybindgen.typehandlers.ctypeparser.TypeTraits object at 0xffffbbeee250>))
DEBUG:pybindgen.typehandlers:TypeMatcher.lookup('ns3::aodv::RoutingTableEntry const &')
DEBUG:pybindgen.typehandlers:try to lookup type handler for 'ns3::aodv::RoutingTableEntry const &' => success ((<class 'pybindgen.cppclass.CppClass.__init__.<locals>.ThisClassRefParameter'>, None, <pybindgen.typehandlers.ctypeparser.TypeTraits object at 0xffffbbeee820>))
DEBUG:pybindgen.typehandlers:TypeMatcher.lookup('ns3::Ptr< ns3::NetDevice >')
DEBUG:pybindgen.typehandlers:try to lookup type handler for 'ns3::Ptr< ns3::NetDevice >' => failure
DEBUG:pybindgen.typehandlers:try to lookup type handler for 'ns3::NetDevice *' => success ((<class 'pybindgen.cppclass.MemoryPolicy.register_ptr_parameter_and_return.<locals>.ThisClassPtrParameter'>, <ns3modulegen_core_customizations.SmartPointerTransformation object at 0xffffbcfe0d90>, <pybindgen.typehandlers.ctypeparser.TypeTraits object at 0xffffbbef3100>))
DEBUG:pybindgen.typehandlers:TypeMatcher.lookup('ns3::Ipv4Address')
DEBUG:pybindgen.typehandlers:try to lookup type handler for 'ns3::Ipv4Address' => success ((<class 'pybindgen.cppclass.CppClass.__init__.<locals>.ThisClassParameter'>, None, <pybindgen.typehandlers.ctypeparser.TypeTraits object at 0xffffbbeeee50>))
DEBUG:pybindgen.typehandlers:TypeMatcher.lookup('bool')
DEBUG:pybindgen.typehandlers:try to lookup type handler for 'bool' => success ((<class 'pybindgen.typehandlers.booltype.BoolParam'>, None, <pybindgen.typehandlers.ctypeparser.TypeTraits object at 0xffffbbef31f0>))
DEBUG:pybindgen.typehandlers:TypeMatcher.lookup('uint32_t')
DEBUG:pybindgen.typehandlers:try to lookup type handler for 'uint32_t' => success ((<class 'pybindgen.typehandlers.inttype.UnsignedIntParam'>, None, <pybindgen.typehandlers.ctypeparser.TypeTraits object at 0xffffbbef3430>))
DEBUG:pybindgen.typehandlers:TypeMatcher.lookup('ns3::Ipv4InterfaceAddress')
DEBUG:pybindgen.typehandlers:try to lookup type handler for 'ns3::Ipv4InterfaceAddress' => success ((<class 'pybindgen.cppclass.CppClass.__init__.<locals>.ThisClassParameter'>, None, <pybindgen.typehandlers.ctypeparser.TypeTraits object at 0xffffbbef35e0>))
DEBUG:pybindgen.typehandlers:TypeMatcher.lookup('uint16_t')
DEBUG:pybindgen.typehandlers:try to lookup type handler for 'uint16_t' => success ((<class 'pybindgen.typehandlers.inttype.UInt16Param'>, None, <pybindgen.typehandlers.ctypeparser.TypeTraits object at 0xffffbbef3790>))
DEBUG:pybindgen.typehandlers:TypeMatcher.lookup('ns3::Ipv4Address')
DEBUG:pybindgen.typehandlers:try to lookup type handler for 'ns3::Ipv4Address' => success ((<class 'pybindgen.cppclass.CppClass.__init__.<locals>.ThisClassParameter'>, None, <pybindgen.typehandlers.ctypeparser.TypeTraits object at 0xffffbbef3940>))
DEBUG:pybindgen.typehandlers:TypeMatcher.lookup('ns3::Time')
DEBUG:pybindgen.typehandlers:try to lookup type handler for 'ns3::Time' => success ((<class 'pybindgen.cppclass.CppClass.__init__.<locals>.ThisClassParameter'>, None, <pybindgen.typehandlers.ctypeparser.TypeTraits object at 0xffffbbef3af0>))
DEBUG:pybindgen.typehandlers:TypeMatcher.lookup('void')
DEBUG:pybindgen.typehandlers:try to lookup type handler for 'void' => success ((<class 'pybindgen.typehandlers.voidtype.VoidReturn'>, None, <pybindgen.typehandlers.ctypeparser.TypeTraits object at 0xffffbbef5070>))
DEBUG:pybindgen.typehandlers:TypeMatcher.lookup('bool')
DEBUG:pybindgen.typehandlers:try to lookup type handler for 'bool' => success ((<class 'pybindgen.typehandlers.booltype.BoolReturn'>, None, <pybindgen.typehandlers.ctypeparser.TypeTraits object at 0xffffbbef55e0>))
DEBUG:pybindgen.typehandlers:TypeMatcher.lookup('ns3::Ipv4Address')
DEBUG:pybindgen.typehandlers:try to lookup type handler for 'ns3::Ipv4Address' => success ((<class 'pybindgen.cppclass.CppClass.__init__.<locals>.ThisClassParameter'>, None, <pybindgen.typehandlers.ctypeparser.TypeTraits object at 0xffffbbef57f0>))
DEBUG:pybindgen.typehandlers:TypeMatcher.lookup('ns3::Time')
DEBUG:pybindgen.typehandlers:try to lookup type handler for 'ns3::Time' => success ((<class 'pybindgen.cppclass.CppClass.__init__.<locals>.ThisClassReturn'>, None, <pybindgen.typehandlers.ctypeparser.TypeTraits object at 0xffffbbef5d30>))
DEBUG:pybindgen.typehandlers:TypeMatcher.lookup('ns3::Ipv4Address')
DEBUG:pybindgen.typehandlers:try to lookup type handler for 'ns3::Ipv4Address' => success ((<class 'pybindgen.cppclass.CppClass.__init__.<locals>.ThisClassReturn'>, None, <pybindgen.typehandlers.ctypeparser.TypeTraits object at 0xffffbbefb2b0>))
DEBUG:pybindgen.typehandlers:TypeMatcher.lookup('ns3::aodv::RouteFlags')
DEBUG:pybindgen.typehandlers:try to lookup type handler for 'ns3::aodv::RouteFlags' => success ((<class 'pybindgen.enum.Enum.set_module.<locals>.ThisEnumReturn'>, None, <pybindgen.typehandlers.ctypeparser.TypeTraits object at 0xffffbbefb7f0>))
DEBUG:pybindgen.typehandlers:TypeMatcher.lookup('uint16_t')
DEBUG:pybindgen.typehandlers:try to lookup type handler for 'uint16_t' => success ((<class 'pybindgen.typehandlers.inttype.UInt16Return'>, None, <pybindgen.typehandlers.ctypeparser.TypeTraits object at 0xffffbbefbd60>))
DEBUG:pybindgen.typehandlers:TypeMatcher.lookup('ns3::Ipv4InterfaceAddress')
DEBUG:pybindgen.typehandlers:try to lookup type handler for 'ns3::Ipv4InterfaceAddress' => success ((<class 'pybindgen.cppclass.CppClass.__init__.<locals>.ThisClassReturn'>, None, <pybindgen.typehandlers.ctypeparser.TypeTraits object at 0xffffbbeff310>))
DEBUG:pybindgen.typehandlers:TypeMatcher.lookup('ns3::Time')
DEBUG:pybindgen.typehandlers:try to lookup type handler for 'ns3::Time' => success ((<class 'pybindgen.cppclass.CppClass.__init__.<locals>.ThisClassReturn'>, None, <pybindgen.typehandlers.ctypeparser.TypeTraits object at 0xffffbbeff850>))
DEBUG:pybindgen.typehandlers:TypeMatcher.lookup('ns3::Ipv4Address')
DEBUG:pybindgen.typehandlers:try to lookup type handler for 'ns3::Ipv4Address' => success ((<class 'pybindgen.cppclass.CppClass.__init__.<locals>.ThisClassReturn'>, None, <pybindgen.typehandlers.ctypeparser.TypeTraits object at 0xffffbbeffd90>))
DEBUG:pybindgen.typehandlers:TypeMatcher.lookup('ns3::Ptr< ns3::NetDevice >')
DEBUG:pybindgen.typehandlers:try to lookup type handler for 'ns3::Ptr< ns3::NetDevice >' => failure
DEBUG:pybindgen.typehandlers:try to lookup type handler for 'ns3::NetDevice *' => success ((<class 'pybindgen.cppclass.MemoryPolicy.register_ptr_parameter_and_return.<locals>.ThisClassPtrReturn'>, <ns3modulegen_core_customizations.SmartPointerTransformation object at 0xffffbcfe0d90>, <pybindgen.typehandlers.ctypeparser.TypeTraits object at 0xffffbbf055b0>))
DEBUG:pybindgen.typehandlers:TypeMatcher.lookup('void')
DEBUG:pybindgen.typehandlers:try to lookup type handler for 'void' => success ((<class 'pybindgen.typehandlers.voidtype.VoidReturn'>, None, <pybindgen.typehandlers.ctypeparser.TypeTraits object at 0xffffbbf05970>))
DEBUG:pybindgen.typehandlers:TypeMatcher.lookup('std::vector< ns3::Ipv4Address > &')
DEBUG:pybindgen.typehandlers:try to lookup type handler for 'std::vector< ns3::Ipv4Address > &' => success ((<class 'pybindgen.container.Container.__init__.<locals>.ThisContainerRefParameter'>, None, <pybindgen.typehandlers.ctypeparser.TypeTraits object at 0xffffbbf05b80>))
DEBUG:pybindgen.typehandlers:TypeMatcher.lookup('ns3::Ptr< ns3::Ipv4Route >')
DEBUG:pybindgen.typehandlers:try to lookup type handler for 'ns3::Ptr< ns3::Ipv4Route >' => failure
DEBUG:pybindgen.typehandlers:try to lookup type handler for 'ns3::Ipv4Route *' => success ((<class 'pybindgen.cppclass.MemoryPolicy.register_ptr_parameter_and_return.<locals>.ThisClassPtrReturn'>, <ns3modulegen_core_customizations.SmartPointerTransformation object at 0xffffbcfe0d90>, <pybindgen.typehandlers.ctypeparser.TypeTraits object at 0xffffbbf075e0>))
DEBUG:pybindgen.typehandlers:TypeMatcher.lookup('uint8_t')
DEBUG:pybindgen.typehandlers:try to lookup type handler for 'uint8_t' => success ((<class 'pybindgen.typehandlers.inttype.UInt8Return'>, None, <pybindgen.typehandlers.ctypeparser.TypeTraits object at 0xffffbbf079a0>))
DEBUG:pybindgen.typehandlers:TypeMatcher.lookup('uint32_t')
DEBUG:pybindgen.typehandlers:try to lookup type handler for 'uint32_t' => success ((<class 'pybindgen.typehandlers.inttype.UnsignedIntReturn'>, None, <pybindgen.typehandlers.ctypeparser.TypeTraits object at 0xffffbbf07f10>))
DEBUG:pybindgen.typehandlers:TypeMatcher.lookup('bool')
DEBUG:pybindgen.typehandlers:try to lookup type handler for 'bool' => success ((<class 'pybindgen.typehandlers.booltype.BoolReturn'>, None, <pybindgen.typehandlers.ctypeparser.TypeTraits object at 0xffffbbf0d4c0>))
DEBUG:pybindgen.typehandlers:TypeMatcher.lookup('void')
DEBUG:pybindgen.typehandlers:try to lookup type handler for 'void' => success ((<class 'pybindgen.typehandlers.voidtype.VoidReturn'>, None, <pybindgen.typehandlers.ctypeparser.TypeTraits object at 0xffffbbf0d9d0>))
DEBUG:pybindgen.typehandlers:TypeMatcher.lookup('bool')
DEBUG:pybindgen.typehandlers:try to lookup type handler for 'bool' => success ((<class 'pybindgen.typehandlers.booltype.BoolReturn'>, None, <pybindgen.typehandlers.ctypeparser.TypeTraits object at 0xffffbbf0dfd0>))
DEBUG:pybindgen.typehandlers:TypeMatcher.lookup('ns3::Ipv4Address')
DEBUG:pybindgen.typehandlers:try to lookup type handler for 'ns3::Ipv4Address' => success ((<class 'pybindgen.cppclass.CppClass.__init__.<locals>.ThisClassParameter'>, None, <pybindgen.typehandlers.ctypeparser.TypeTraits object at 0xffffbbe911c0>))
DEBUG:pybindgen.typehandlers:TypeMatcher.lookup('void')
DEBUG:pybindgen.typehandlers:try to lookup type handler for 'void' => success ((<class 'pybindgen.typehandlers.voidtype.VoidReturn'>, None, <pybindgen.typehandlers.ctypeparser.TypeTraits object at 0xffffbbe916d0>))
DEBUG:pybindgen.typehandlers:TypeMatcher.lookup('ns3::Time')
DEBUG:pybindgen.typehandlers:try to lookup type handler for 'ns3::Time' => success ((<class 'pybindgen.cppclass.CppClass.__init__.<locals>.ThisClassParameter'>, None, <pybindgen.typehandlers.ctypeparser.TypeTraits object at 0xffffbbe918e0>))
DEBUG:pybindgen.typehandlers:TypeMatcher.lookup('bool')
DEBUG:pybindgen.typehandlers:try to lookup type handler for 'bool' => success ((<class 'pybindgen.typehandlers.booltype.BoolReturn'>, None, <pybindgen.typehandlers.ctypeparser.TypeTraits object at 0xffffbbe91e20>))
DEBUG:pybindgen.typehandlers:TypeMatcher.lookup('bool')
DEBUG:pybindgen.typehandlers:try to lookup type handler for 'bool' => success ((<class 'pybindgen.typehandlers.booltype.BoolReturn'>, None, <pybindgen.typehandlers.ctypeparser.TypeTraits object at 0xffffbbe973d0>))
DEBUG:pybindgen.typehandlers:TypeMatcher.lookup('bool')
DEBUG:pybindgen.typehandlers:try to lookup type handler for 'bool' => success ((<class 'pybindgen.typehandlers.booltype.BoolReturn'>, None, <pybindgen.typehandlers.ctypeparser.TypeTraits object at 0xffffbbe978e0>))
DEBUG:pybindgen.typehandlers:TypeMatcher.lookup('ns3::Ipv4Address')
DEBUG:pybindgen.typehandlers:try to lookup type handler for 'ns3::Ipv4Address' => success ((<class 'pybindgen.cppclass.CppClass.__init__.<locals>.ThisClassParameter'>, None, <pybindgen.typehandlers.ctypeparser.TypeTraits object at 0xffffbbe97b20>))
DEBUG:pybindgen.typehandlers:TypeMatcher.lookup('void')
DEBUG:pybindgen.typehandlers:try to lookup type handler for 'void' => success ((<class 'pybindgen.typehandlers.voidtype.VoidReturn'>, None, <pybindgen.typehandlers.ctypeparser.TypeTraits object at 0xffffbbe9b0a0>))
DEBUG:pybindgen.typehandlers:TypeMatcher.lookup('ns3::Ptr< ns3::OutputStreamWrapper >')
DEBUG:pybindgen.typehandlers:try to lookup type handler for 'ns3::Ptr< ns3::OutputStreamWrapper >' => failure
DEBUG:pybindgen.typehandlers:try to lookup type handler for 'ns3::OutputStreamWrapper *' => success ((<class 'pybindgen.cppclass.MemoryPolicy.register_ptr_parameter_and_return.<locals>.ThisClassPtrParameter'>, <ns3modulegen_core_customizations.SmartPointerTransformation object at 0xffffbcfe0d90>, <pybindgen.typehandlers.ctypeparser.TypeTraits object at 0xffffbbe9b550>))
DEBUG:pybindgen.typehandlers:TypeMatcher.lookup('ns3::Time::Unit')
DEBUG:pybindgen.typehandlers:try to lookup type handler for 'ns3::Time::Unit' => success ((<class 'pybindgen.enum.Enum.set_module.<locals>.ThisEnumParameter'>, None, <pybindgen.typehandlers.ctypeparser.TypeTraits object at 0xffffbbe9b550>))
DEBUG:pybindgen.typehandlers:TypeMatcher.lookup('void')
DEBUG:pybindgen.typehandlers:try to lookup type handler for 'void' => success ((<class 'pybindgen.typehandlers.voidtype.VoidReturn'>, None, <pybindgen.typehandlers.ctypeparser.TypeTraits object at 0xffffbbe9ba30>))
DEBUG:pybindgen.typehandlers:TypeMatcher.lookup('ns3::Time')
DEBUG:pybindgen.typehandlers:try to lookup type handler for 'ns3::Time' => success ((<class 'pybindgen.cppclass.CppClass.__init__.<locals>.ThisClassParameter'>, None, <pybindgen.typehandlers.ctypeparser.TypeTraits object at 0xffffbbe9bc70>))
DEBUG:pybindgen.typehandlers:TypeMatcher.lookup('void')
DEBUG:pybindgen.typehandlers:try to lookup type handler for 'void' => success ((<class 'pybindgen.typehandlers.voidtype.VoidReturn'>, None, <pybindgen.typehandlers.ctypeparser.TypeTraits object at 0xffffbbe9f1c0>))
DEBUG:pybindgen.typehandlers:TypeMatcher.lookup('ns3::aodv::RouteFlags')
DEBUG:pybindgen.typehandlers:try to lookup type handler for 'ns3::aodv::RouteFlags' => success ((<class 'pybindgen.enum.Enum.set_module.<locals>.ThisEnumParameter'>, None, <pybindgen.typehandlers.ctypeparser.TypeTraits object at 0xffffbbe9f3d0>))
DEBUG:pybindgen.typehandlers:TypeMatcher.lookup('void')
DEBUG:pybindgen.typehandlers:try to lookup type handler for 'void' => success ((<class 'pybindgen.typehandlers.voidtype.VoidReturn'>, None, <pybindgen.typehandlers.ctypeparser.TypeTraits object at 0xffffbbe9f8e0>))
DEBUG:pybindgen.typehandlers:TypeMatcher.lookup('uint16_t')
DEBUG:pybindgen.typehandlers:try to lookup type handler for 'uint16_t' => success ((<class 'pybindgen.typehandlers.inttype.UInt16Param'>, None, <pybindgen.typehandlers.ctypeparser.TypeTraits object at 0xffffbbe9faf0>))
DEBUG:pybindgen.typehandlers:TypeMatcher.lookup('void')
DEBUG:pybindgen.typehandlers:try to lookup type handler for 'void' => success ((<class 'pybindgen.typehandlers.voidtype.VoidReturn'>, None, <pybindgen.typehandlers.ctypeparser.TypeTraits object at 0xffffbbea2040>))
DEBUG:pybindgen.typehandlers:TypeMatcher.lookup('ns3::Ipv4InterfaceAddress')
DEBUG:pybindgen.typehandlers:try to lookup type handler for 'ns3::Ipv4InterfaceAddress' => success ((<class 'pybindgen.cppclass.CppClass.__init__.<locals>.ThisClassParameter'>, None, <pybindgen.typehandlers.ctypeparser.TypeTraits object at 0xffffbbea2250>))
DEBUG:pybindgen.typehandlers:TypeMatcher.lookup('void')
DEBUG:pybindgen.typehandlers:try to lookup type handler for 'void' => success ((<class 'pybindgen.typehandlers.voidtype.VoidReturn'>, None, <pybindgen.typehandlers.ctypeparser.TypeTraits object at 0xffffbbea2760>))
DEBUG:pybindgen.typehandlers:TypeMatcher.lookup('ns3::Time')
DEBUG:pybindgen.typehandlers:try to lookup type handler for 'ns3::Time' => success ((<class 'pybindgen.cppclass.CppClass.__init__.<locals>.ThisClassParameter'>, None, <pybindgen.typehandlers.ctypeparser.TypeTraits object at 0xffffbbea2970>))
DEBUG:pybindgen.typehandlers:TypeMatcher.lookup('void')
DEBUG:pybindgen.typehandlers:try to lookup type handler for 'void' => success ((<class 'pybindgen.typehandlers.voidtype.VoidReturn'>, None, <pybindgen.typehandlers.ctypeparser.TypeTraits object at 0xffffbbea2e80>))
DEBUG:pybindgen.typehandlers:TypeMatcher.lookup('ns3::Ipv4Address')
DEBUG:pybindgen.typehandlers:try to lookup type handler for 'ns3::Ipv4Address' => success ((<class 'pybindgen.cppclass.CppClass.__init__.<locals>.ThisClassParameter'>, None, <pybindgen.typehandlers.ctypeparser.TypeTraits object at 0xffffbbea70d0>))
DEBUG:pybindgen.typehandlers:TypeMatcher.lookup('void')
DEBUG:pybindgen.typehandlers:try to lookup type handler for 'void' => success ((<class 'pybindgen.typehandlers.voidtype.VoidReturn'>, None, <pybindgen.typehandlers.ctypeparser.TypeTraits object at 0xffffbbea75e0>))
DEBUG:pybindgen.typehandlers:TypeMatcher.lookup('ns3::Ptr< ns3::NetDevice >')
DEBUG:pybindgen.typehandlers:try to lookup type handler for 'ns3::Ptr< ns3::NetDevice >' => failure
DEBUG:pybindgen.typehandlers:try to lookup type handler for 'ns3::NetDevice *' => success ((<class 'pybindgen.cppclass.MemoryPolicy.register_ptr_parameter_and_return.<locals>.ThisClassPtrParameter'>, <ns3modulegen_core_customizations.SmartPointerTransformation object at 0xffffbcfe0d90>, <pybindgen.typehandlers.ctypeparser.TypeTraits object at 0xffffbbea7a90>))
DEBUG:pybindgen.typehandlers:TypeMatcher.lookup('void')
DEBUG:pybindgen.typehandlers:try to lookup type handler for 'void' => success ((<class 'pybindgen.typehandlers.voidtype.VoidReturn'>, None, <pybindgen.typehandlers.ctypeparser.TypeTraits object at 0xffffbbea7e20>))
DEBUG:pybindgen.typehandlers:TypeMatcher.lookup('ns3::Ptr< ns3::Ipv4Route >')
DEBUG:pybindgen.typehandlers:try to lookup type handler for 'ns3::Ptr< ns3::Ipv4Route >' => failure
DEBUG:pybindgen.typehandlers:try to lookup type handler for 'ns3::Ipv4Route *' => success ((<class 'pybindgen.cppclass.MemoryPolicy.register_ptr_parameter_and_return.<locals>.ThisClassPtrParameter'>, <ns3modulegen_core_customizations.SmartPointerTransformation object at 0xffffbcfe0d90>, <pybindgen.typehandlers.ctypeparser.TypeTraits object at 0xffffbbeaa310>))
DEBUG:pybindgen.typehandlers:TypeMatcher.lookup('void')
DEBUG:pybindgen.typehandlers:try to lookup type handler for 'void' => success ((<class 'pybindgen.typehandlers.voidtype.VoidReturn'>, None, <pybindgen.typehandlers.ctypeparser.TypeTraits object at 0xffffbbeaa6a0>))
DEBUG:pybindgen.typehandlers:TypeMatcher.lookup('uint8_t')
DEBUG:pybindgen.typehandlers:try to lookup type handler for 'uint8_t' => success ((<class 'pybindgen.typehandlers.inttype.UInt8Param'>, None, <pybindgen.typehandlers.ctypeparser.TypeTraits object at 0xffffbbeaa8b0>))
DEBUG:pybindgen.typehandlers:TypeMatcher.lookup('void')
DEBUG:pybindgen.typehandlers:try to lookup type handler for 'void' => success ((<class 'pybindgen.typehandlers.voidtype.VoidReturn'>, None, <pybindgen.typehandlers.ctypeparser.TypeTraits object at 0xffffbbeaadc0>))
DEBUG:pybindgen.typehandlers:TypeMatcher.lookup('uint32_t')
DEBUG:pybindgen.typehandlers:try to lookup type handler for 'uint32_t' => success ((<class 'pybindgen.typehandlers.inttype.UnsignedIntParam'>, None, <pybindgen.typehandlers.ctypeparser.TypeTraits object at 0xffffbbeaafd0>))
DEBUG:pybindgen.typehandlers:TypeMatcher.lookup('void')
DEBUG:pybindgen.typehandlers:try to lookup type handler for 'void' => success ((<class 'pybindgen.typehandlers.voidtype.VoidReturn'>, None, <pybindgen.typehandlers.ctypeparser.TypeTraits object at 0xffffbbeb0520>))
DEBUG:pybindgen.typehandlers:TypeMatcher.lookup('bool')
DEBUG:pybindgen.typehandlers:try to lookup type handler for 'bool' => success ((<class 'pybindgen.typehandlers.booltype.BoolParam'>, None, <pybindgen.typehandlers.ctypeparser.TypeTraits object at 0xffffbbeb0730>))
DEBUG:pybindgen.typehandlers:TypeMatcher.lookup('void')
DEBUG:pybindgen.typehandlers:try to lookup type handler for 'void' => success ((<class 'pybindgen.typehandlers.voidtype.VoidReturn'>, None, <pybindgen.typehandlers.ctypeparser.TypeTraits object at 0xffffbbeb0c40>))
DEBUG:pybindgen.typehandlers:TypeMatcher.lookup('bool')
DEBUG:pybindgen.typehandlers:try to lookup type handler for 'bool' => success ((<class 'pybindgen.typehandlers.booltype.BoolParam'>, None, <pybindgen.typehandlers.ctypeparser.TypeTraits object at 0xffffbbeb0e50>))
DEBUG:pybindgen.typehandlers:TypeMatcher.lookup('ns3::Timer')
DEBUG:pybindgen.typehandlers:try to lookup type handler for 'ns3::Timer' => success ((<class 'pybindgen.cppclass.CppClass.__init__.<locals>.ThisClassReturn'>, None, <pybindgen.typehandlers.ctypeparser.TypeTraits object at 0xffffbbeb4370>))
DEBUG:pybindgen.typehandlers:TypeMatcher.lookup('ns3::aodv::RrepAckHeader const &')
DEBUG:pybindgen.typehandlers:try to lookup type handler for 'ns3::aodv::RrepAckHeader const &' => success ((<class 'pybindgen.cppclass.CppClass.__init__.<locals>.ThisClassRefParameter'>, None, <pybindgen.typehandlers.ctypeparser.TypeTraits object at 0xffffbbeb4b50>))
DEBUG:pybindgen.typehandlers:TypeMatcher.lookup('uint32_t')
DEBUG:pybindgen.typehandlers:try to lookup type handler for 'uint32_t' => success ((<class 'pybindgen.typehandlers.inttype.UnsignedIntReturn'>, None, <pybindgen.typehandlers.ctypeparser.TypeTraits object at 0xffffbbeb7550>))
DEBUG:pybindgen.typehandlers:TypeMatcher.lookup('ns3::Buffer::Iterator')
DEBUG:pybindgen.typehandlers:try to lookup type handler for 'ns3::Buffer::Iterator' => success ((<class 'pybindgen.cppclass.CppClass.__init__.<locals>.ThisClassParameter'>, None, <pybindgen.typehandlers.ctypeparser.TypeTraits object at 0xffffbbeb7760>))
DEBUG:pybindgen.typehandlers:TypeMatcher.lookup('ns3::TypeId')
DEBUG:pybindgen.typehandlers:try to lookup type handler for 'ns3::TypeId' => success ((<class 'pybindgen.cppclass.CppClass.__init__.<locals>.ThisClassReturn'>, None, <pybindgen.typehandlers.ctypeparser.TypeTraits object at 0xffffbbeb7c70>))
DEBUG:pybindgen.typehandlers:TypeMatcher.lookup('uint32_t')
DEBUG:pybindgen.typehandlers:try to lookup type handler for 'uint32_t' => success ((<class 'pybindgen.typehandlers.inttype.UnsignedIntReturn'>, None, <pybindgen.typehandlers.ctypeparser.TypeTraits object at 0xffffbbebd1f0>))
DEBUG:pybindgen.typehandlers:TypeMatcher.lookup('ns3::TypeId')
DEBUG:pybindgen.typehandlers:try to lookup type handler for 'ns3::TypeId' => success ((<class 'pybindgen.cppclass.CppClass.__init__.<locals>.ThisClassReturn'>, None, <pybindgen.typehandlers.ctypeparser.TypeTraits object at 0xffffbbebd760>))
DEBUG:pybindgen.typehandlers:TypeMatcher.lookup('void')
DEBUG:pybindgen.typehandlers:try to lookup type handler for 'void' => success ((<class 'pybindgen.typehandlers.voidtype.VoidReturn'>, None, <pybindgen.typehandlers.ctypeparser.TypeTraits object at 0xffffbbebdca0>))
DEBUG:pybindgen.typehandlers:TypeMatcher.lookup('std::ostream &')
DEBUG:pybindgen.typehandlers:try to lookup type handler for 'std::ostream &' => failure
'std::ostream &' did not match
/root/workspace/netwokr/ns-allinone-3.33/ns-3.33/src/aodv/bindings/modulegen__gcc_LP64.py:8606: Warning: exception TypeLookupError(['std::ostream &']) in wrapper public: virtual retval? ???::Print (params?) const;
  cls.add_method('Print',
DEBUG:pybindgen.typehandlers:TypeMatcher.lookup('void')
DEBUG:pybindgen.typehandlers:try to lookup type handler for 'void' => success ((<class 'pybindgen.typehandlers.voidtype.VoidReturn'>, None, <pybindgen.typehandlers.ctypeparser.TypeTraits object at 0xffffbbec3580>))
DEBUG:pybindgen.typehandlers:TypeMatcher.lookup('ns3::Buffer::Iterator')
DEBUG:pybindgen.typehandlers:try to lookup type handler for 'ns3::Buffer::Iterator' => success ((<class 'pybindgen.cppclass.CppClass.__init__.<locals>.ThisClassParameter'>, None, <pybindgen.typehandlers.ctypeparser.TypeTraits object at 0xffffbbec3ac0>))
DEBUG:pybindgen.typehandlers:TypeMatcher.lookup('ns3::aodv::RrepHeader const &')
DEBUG:pybindgen.typehandlers:try to lookup type handler for 'ns3::aodv::RrepHeader const &' => success ((<class 'pybindgen.cppclass.CppClass.__init__.<locals>.ThisClassRefParameter'>, None, <pybindgen.typehandlers.ctypeparser.TypeTraits object at 0xffffbbec3fd0>))
DEBUG:pybindgen.typehandlers:TypeMatcher.lookup('uint8_t')
DEBUG:pybindgen.typehandlers:try to lookup type handler for 'uint8_t' => success ((<class 'pybindgen.typehandlers.inttype.UInt8Param'>, None, <pybindgen.typehandlers.ctypeparser.TypeTraits object at 0xffffbbec9640>))
DEBUG:pybindgen.typehandlers:TypeMatcher.lookup('uint8_t')
DEBUG:pybindgen.typehandlers:try to lookup type handler for 'uint8_t' => success ((<class 'pybindgen.typehandlers.inttype.UInt8Param'>, None, <pybindgen.typehandlers.ctypeparser.TypeTraits object at 0xffffbbec9790>))
DEBUG:pybindgen.typehandlers:TypeMatcher.lookup('ns3::Ipv4Address')
DEBUG:pybindgen.typehandlers:try to lookup type handler for 'ns3::Ipv4Address' => success ((<class 'pybindgen.cppclass.CppClass.__init__.<locals>.ThisClassParameter'>, None, <pybindgen.typehandlers.ctypeparser.TypeTraits object at 0xffffbbec9940>))
DEBUG:pybindgen.typehandlers:TypeMatcher.lookup('uint32_t')
DEBUG:pybindgen.typehandlers:try to lookup type handler for 'uint32_t' => success ((<class 'pybindgen.typehandlers.inttype.UnsignedIntParam'>, None, <pybindgen.typehandlers.ctypeparser.TypeTraits object at 0xffffbbec9af0>))
DEBUG:pybindgen.typehandlers:TypeMatcher.lookup('ns3::Ipv4Address')
DEBUG:pybindgen.typehandlers:try to lookup type handler for 'ns3::Ipv4Address' => success ((<class 'pybindgen.cppclass.CppClass.__init__.<locals>.ThisClassParameter'>, None, <pybindgen.typehandlers.ctypeparser.TypeTraits object at 0xffffbbec9ca0>))
DEBUG:pybindgen.typehandlers:TypeMatcher.lookup('ns3::Time')
DEBUG:pybindgen.typehandlers:try to lookup type handler for 'ns3::Time' => success ((<class 'pybindgen.cppclass.CppClass.__init__.<locals>.ThisClassParameter'>, None, <pybindgen.typehandlers.ctypeparser.TypeTraits object at 0xffffbbec9e50>))
DEBUG:pybindgen.typehandlers:TypeMatcher.lookup('uint32_t')
DEBUG:pybindgen.typehandlers:try to lookup type handler for 'uint32_t' => success ((<class 'pybindgen.typehandlers.inttype.UnsignedIntReturn'>, None, <pybindgen.typehandlers.ctypeparser.TypeTraits object at 0xffffbbece3d0>))
DEBUG:pybindgen.typehandlers:TypeMatcher.lookup('ns3::Buffer::Iterator')
DEBUG:pybindgen.typehandlers:try to lookup type handler for 'ns3::Buffer::Iterator' => success ((<class 'pybindgen.cppclass.CppClass.__init__.<locals>.ThisClassParameter'>, None, <pybindgen.typehandlers.ctypeparser.TypeTraits object at 0xffffbbece5e0>))
DEBUG:pybindgen.typehandlers:TypeMatcher.lookup('bool')
DEBUG:pybindgen.typehandlers:try to lookup type handler for 'bool' => success ((<class 'pybindgen.typehandlers.booltype.BoolReturn'>, None, <pybindgen.typehandlers.ctypeparser.TypeTraits object at 0xffffbbeceaf0>))
DEBUG:pybindgen.typehandlers:TypeMatcher.lookup('ns3::Ipv4Address')
DEBUG:pybindgen.typehandlers:try to lookup type handler for 'ns3::Ipv4Address' => success ((<class 'pybindgen.cppclass.CppClass.__init__.<locals>.ThisClassReturn'>, None, <pybindgen.typehandlers.ctypeparser.TypeTraits object at 0xffffbbe510a0>))
DEBUG:pybindgen.typehandlers:TypeMatcher.lookup('uint32_t')
DEBUG:pybindgen.typehandlers:try to lookup type handler for 'uint32_t' => success ((<class 'pybindgen.typehandlers.inttype.UnsignedIntReturn'>, None, <pybindgen.typehandlers.ctypeparser.TypeTraits object at 0xffffbbe515e0>))
DEBUG:pybindgen.typehandlers:TypeMatcher.lookup('uint8_t')
DEBUG:pybindgen.typehandlers:try to lookup type handler for 'uint8_t' => success ((<class 'pybindgen.typehandlers.inttype.UInt8Return'>, None, <pybindgen.typehandlers.ctypeparser.TypeTraits object at 0xffffbbec3040>))
DEBUG:pybindgen.typehandlers:TypeMatcher.lookup('ns3::TypeId')
DEBUG:pybindgen.typehandlers:try to lookup type handler for 'ns3::TypeId' => success ((<class 'pybindgen.cppclass.CppClass.__init__.<locals>.ThisClassReturn'>, None, <pybindgen.typehandlers.ctypeparser.TypeTraits object at 0xffffbbe51c70>))
DEBUG:pybindgen.typehandlers:TypeMatcher.lookup('ns3::Time')
DEBUG:pybindgen.typehandlers:try to lookup type handler for 'ns3::Time' => success ((<class 'pybindgen.cppclass.CppClass.__init__.<locals>.ThisClassReturn'>, None, <pybindgen.typehandlers.ctypeparser.TypeTraits object at 0xffffbbe551f0>))
DEBUG:pybindgen.typehandlers:TypeMatcher.lookup('ns3::Ipv4Address')
DEBUG:pybindgen.typehandlers:try to lookup type handler for 'ns3::Ipv4Address' => success ((<class 'pybindgen.cppclass.CppClass.__init__.<locals>.ThisClassReturn'>, None, <pybindgen.typehandlers.ctypeparser.TypeTraits object at 0xffffbbe55730>))
DEBUG:pybindgen.typehandlers:TypeMatcher.lookup('uint8_t')
DEBUG:pybindgen.typehandlers:try to lookup type handler for 'uint8_t' => success ((<class 'pybindgen.typehandlers.inttype.UInt8Return'>, None, <pybindgen.typehandlers.ctypeparser.TypeTraits object at 0xffffbbe55c70>))
DEBUG:pybindgen.typehandlers:TypeMatcher.lookup('uint32_t')
DEBUG:pybindgen.typehandlers:try to lookup type handler for 'uint32_t' => success ((<class 'pybindgen.typehandlers.inttype.UnsignedIntReturn'>, None, <pybindgen.typehandlers.ctypeparser.TypeTraits object at 0xffffbbe5a220>))
DEBUG:pybindgen.typehandlers:TypeMatcher.lookup('ns3::TypeId')
DEBUG:pybindgen.typehandlers:try to lookup type handler for 'ns3::TypeId' => success ((<class 'pybindgen.cppclass.CppClass.__init__.<locals>.ThisClassReturn'>, None, <pybindgen.typehandlers.ctypeparser.TypeTraits object at 0xffffbbe5a790>))
DEBUG:pybindgen.typehandlers:TypeMatcher.lookup('void')
DEBUG:pybindgen.typehandlers:try to lookup type handler for 'void' => success ((<class 'pybindgen.typehandlers.voidtype.VoidReturn'>, None, <pybindgen.typehandlers.ctypeparser.TypeTraits object at 0xffffbbe5acd0>))
DEBUG:pybindgen.typehandlers:TypeMatcher.lookup('std::ostream &')
DEBUG:pybindgen.typehandlers:try to lookup type handler for 'std::ostream &' => failure
'std::ostream &' did not match
/root/workspace/netwokr/ns-allinone-3.33/ns-3.33/src/aodv/bindings/modulegen__gcc_LP64.py:8680: Warning: exception TypeLookupError(['std::ostream &']) in wrapper public: virtual retval? ???::Print (params?) const;
  cls.add_method('Print',
DEBUG:pybindgen.typehandlers:TypeMatcher.lookup('void')
DEBUG:pybindgen.typehandlers:try to lookup type handler for 'void' => success ((<class 'pybindgen.typehandlers.voidtype.VoidReturn'>, None, <pybindgen.typehandlers.ctypeparser.TypeTraits object at 0xffffbbe5f5b0>))
DEBUG:pybindgen.typehandlers:TypeMatcher.lookup('ns3::Buffer::Iterator')
DEBUG:pybindgen.typehandlers:try to lookup type handler for 'ns3::Buffer::Iterator' => success ((<class 'pybindgen.cppclass.CppClass.__init__.<locals>.ThisClassParameter'>, None, <pybindgen.typehandlers.ctypeparser.TypeTraits object at 0xffffbbe5faf0>))
DEBUG:pybindgen.typehandlers:TypeMatcher.lookup('void')
DEBUG:pybindgen.typehandlers:try to lookup type handler for 'void' => success ((<class 'pybindgen.typehandlers.voidtype.VoidReturn'>, None, <pybindgen.typehandlers.ctypeparser.TypeTraits object at 0xffffbbe5ffa0>))
DEBUG:pybindgen.typehandlers:TypeMatcher.lookup('bool')
DEBUG:pybindgen.typehandlers:try to lookup type handler for 'bool' => success ((<class 'pybindgen.typehandlers.booltype.BoolParam'>, None, <pybindgen.typehandlers.ctypeparser.TypeTraits object at 0xffffbbe62220>))
DEBUG:pybindgen.typehandlers:TypeMatcher.lookup('void')
DEBUG:pybindgen.typehandlers:try to lookup type handler for 'void' => success ((<class 'pybindgen.typehandlers.voidtype.VoidReturn'>, None, <pybindgen.typehandlers.ctypeparser.TypeTraits object at 0xffffbbe5ad90>))
DEBUG:pybindgen.typehandlers:TypeMatcher.lookup('ns3::Ipv4Address')
DEBUG:pybindgen.typehandlers:try to lookup type handler for 'ns3::Ipv4Address' => success ((<class 'pybindgen.cppclass.CppClass.__init__.<locals>.ThisClassParameter'>, None, <pybindgen.typehandlers.ctypeparser.TypeTraits object at 0xffffbbe624f0>))
DEBUG:pybindgen.typehandlers:TypeMatcher.lookup('void')
DEBUG:pybindgen.typehandlers:try to lookup type handler for 'void' => success ((<class 'pybindgen.typehandlers.voidtype.VoidReturn'>, None, <pybindgen.typehandlers.ctypeparser.TypeTraits object at 0xffffbbe62a00>))
DEBUG:pybindgen.typehandlers:TypeMatcher.lookup('uint32_t')
DEBUG:pybindgen.typehandlers:try to lookup type handler for 'uint32_t' => success ((<class 'pybindgen.typehandlers.inttype.UnsignedIntParam'>, None, <pybindgen.typehandlers.ctypeparser.TypeTraits object at 0xffffbbe62c10>))
DEBUG:pybindgen.typehandlers:TypeMatcher.lookup('void')
DEBUG:pybindgen.typehandlers:try to lookup type handler for 'void' => success ((<class 'pybindgen.typehandlers.voidtype.VoidReturn'>, None, <pybindgen.typehandlers.ctypeparser.TypeTraits object at 0xffffbbe65160>))
DEBUG:pybindgen.typehandlers:TypeMatcher.lookup('ns3::Ipv4Address')
DEBUG:pybindgen.typehandlers:try to lookup type handler for 'ns3::Ipv4Address' => success ((<class 'pybindgen.cppclass.CppClass.__init__.<locals>.ThisClassParameter'>, None, <pybindgen.typehandlers.ctypeparser.TypeTraits object at 0xffffbbe65370>))
DEBUG:pybindgen.typehandlers:TypeMatcher.lookup('uint32_t')
DEBUG:pybindgen.typehandlers:try to lookup type handler for 'uint32_t' => success ((<class 'pybindgen.typehandlers.inttype.UnsignedIntParam'>, None, <pybindgen.typehandlers.ctypeparser.TypeTraits object at 0xffffbbe654c0>))
DEBUG:pybindgen.typehandlers:TypeMatcher.lookup('ns3::Time')
DEBUG:pybindgen.typehandlers:try to lookup type handler for 'ns3::Time' => success ((<class 'pybindgen.cppclass.CppClass.__init__.<locals>.ThisClassParameter'>, None, <pybindgen.typehandlers.ctypeparser.TypeTraits object at 0xffffbbe65670>))
DEBUG:pybindgen.typehandlers:TypeMatcher.lookup('void')
DEBUG:pybindgen.typehandlers:try to lookup type handler for 'void' => success ((<class 'pybindgen.typehandlers.voidtype.VoidReturn'>, None, <pybindgen.typehandlers.ctypeparser.TypeTraits object at 0xffffbbe65be0>))
DEBUG:pybindgen.typehandlers:TypeMatcher.lookup('uint8_t')
DEBUG:pybindgen.typehandlers:try to lookup type handler for 'uint8_t' => success ((<class 'pybindgen.typehandlers.inttype.UInt8Param'>, None, <pybindgen.typehandlers.ctypeparser.TypeTraits object at 0xffffbbe65df0>))
DEBUG:pybindgen.typehandlers:TypeMatcher.lookup('void')
DEBUG:pybindgen.typehandlers:try to lookup type handler for 'void' => success ((<class 'pybindgen.typehandlers.voidtype.VoidReturn'>, None, <pybindgen.typehandlers.ctypeparser.TypeTraits object at 0xffffbbe6a340>))
DEBUG:pybindgen.typehandlers:TypeMatcher.lookup('ns3::Time')
DEBUG:pybindgen.typehandlers:try to lookup type handler for 'ns3::Time' => success ((<class 'pybindgen.cppclass.CppClass.__init__.<locals>.ThisClassParameter'>, None, <pybindgen.typehandlers.ctypeparser.TypeTraits object at 0xffffbbe6a550>))
DEBUG:pybindgen.typehandlers:TypeMatcher.lookup('void')
DEBUG:pybindgen.typehandlers:try to lookup type handler for 'void' => success ((<class 'pybindgen.typehandlers.voidtype.VoidReturn'>, None, <pybindgen.typehandlers.ctypeparser.TypeTraits object at 0xffffbbe6aa60>))
DEBUG:pybindgen.typehandlers:TypeMatcher.lookup('ns3::Ipv4Address')
DEBUG:pybindgen.typehandlers:try to lookup type handler for 'ns3::Ipv4Address' => success ((<class 'pybindgen.cppclass.CppClass.__init__.<locals>.ThisClassParameter'>, None, <pybindgen.typehandlers.ctypeparser.TypeTraits object at 0xffffbbe6ac70>))
DEBUG:pybindgen.typehandlers:TypeMatcher.lookup('void')
DEBUG:pybindgen.typehandlers:try to lookup type handler for 'void' => success ((<class 'pybindgen.typehandlers.voidtype.VoidReturn'>, None, <pybindgen.typehandlers.ctypeparser.TypeTraits object at 0xffffbbe6d1c0>))
DEBUG:pybindgen.typehandlers:TypeMatcher.lookup('uint8_t')
DEBUG:pybindgen.typehandlers:try to lookup type handler for 'uint8_t' => success ((<class 'pybindgen.typehandlers.inttype.UInt8Param'>, None, <pybindgen.typehandlers.ctypeparser.TypeTraits object at 0xffffbbe6d3d0>))
DEBUG:pybindgen.typehandlers:TypeMatcher.lookup('ns3::aodv::RreqHeader const &')
DEBUG:pybindgen.typehandlers:try to lookup type handler for 'ns3::aodv::RreqHeader const &' => success ((<class 'pybindgen.cppclass.CppClass.__init__.<locals>.ThisClassRefParameter'>, None, <pybindgen.typehandlers.ctypeparser.TypeTraits object at 0xffffbbe6d910>))
DEBUG:pybindgen.typehandlers:TypeMatcher.lookup('uint8_t')
DEBUG:pybindgen.typehandlers:try to lookup type handler for 'uint8_t' => success ((<class 'pybindgen.typehandlers.inttype.UInt8Param'>, None, <pybindgen.typehandlers.ctypeparser.TypeTraits object at 0xffffbbe6df10>))
DEBUG:pybindgen.typehandlers:TypeMatcher.lookup('uint8_t')
DEBUG:pybindgen.typehandlers:try to lookup type handler for 'uint8_t' => success ((<class 'pybindgen.typehandlers.inttype.UInt8Param'>, None, <pybindgen.typehandlers.ctypeparser.TypeTraits object at 0xffffbbe740a0>))
DEBUG:pybindgen.typehandlers:TypeMatcher.lookup('uint8_t')
DEBUG:pybindgen.typehandlers:try to lookup type handler for 'uint8_t' => success ((<class 'pybindgen.typehandlers.inttype.UInt8Param'>, None, <pybindgen.typehandlers.ctypeparser.TypeTraits object at 0xffffbbe74250>))
DEBUG:pybindgen.typehandlers:TypeMatcher.lookup('uint32_t')
DEBUG:pybindgen.typehandlers:try to lookup type handler for 'uint32_t' => success ((<class 'pybindgen.typehandlers.inttype.UnsignedIntParam'>, None, <pybindgen.typehandlers.ctypeparser.TypeTraits object at 0xffffbbe74400>))
DEBUG:pybindgen.typehandlers:TypeMatcher.lookup('ns3::Ipv4Address')
DEBUG:pybindgen.typehandlers:try to lookup type handler for 'ns3::Ipv4Address' => success ((<class 'pybindgen.cppclass.CppClass.__init__.<locals>.ThisClassParameter'>, None, <pybindgen.typehandlers.ctypeparser.TypeTraits object at 0xffffbbe745b0>))
DEBUG:pybindgen.typehandlers:TypeMatcher.lookup('uint32_t')
DEBUG:pybindgen.typehandlers:try to lookup type handler for 'uint32_t' => success ((<class 'pybindgen.typehandlers.inttype.UnsignedIntParam'>, None, <pybindgen.typehandlers.ctypeparser.TypeTraits object at 0xffffbbe74760>))
DEBUG:pybindgen.typehandlers:TypeMatcher.lookup('ns3::Ipv4Address')
DEBUG:pybindgen.typehandlers:try to lookup type handler for 'ns3::Ipv4Address' => success ((<class 'pybindgen.cppclass.CppClass.__init__.<locals>.ThisClassParameter'>, None, <pybindgen.typehandlers.ctypeparser.TypeTraits object at 0xffffbbe74910>))
DEBUG:pybindgen.typehandlers:TypeMatcher.lookup('uint32_t')
DEBUG:pybindgen.typehandlers:try to lookup type handler for 'uint32_t' => success ((<class 'pybindgen.typehandlers.inttype.UnsignedIntParam'>, None, <pybindgen.typehandlers.ctypeparser.TypeTraits object at 0xffffbbe74ac0>))
DEBUG:pybindgen.typehandlers:TypeMatcher.lookup('uint32_t')
DEBUG:pybindgen.typehandlers:try to lookup type handler for 'uint32_t' => success ((<class 'pybindgen.typehandlers.inttype.UnsignedIntReturn'>, None, <pybindgen.typehandlers.ctypeparser.TypeTraits object at 0xffffbbe77070>))
DEBUG:pybindgen.typehandlers:TypeMatcher.lookup('ns3::Buffer::Iterator')
DEBUG:pybindgen.typehandlers:try to lookup type handler for 'ns3::Buffer::Iterator' => success ((<class 'pybindgen.cppclass.CppClass.__init__.<locals>.ThisClassParameter'>, None, <pybindgen.typehandlers.ctypeparser.TypeTraits object at 0xffffbbe77280>))
DEBUG:pybindgen.typehandlers:TypeMatcher.lookup('bool')
DEBUG:pybindgen.typehandlers:try to lookup type handler for 'bool' => success ((<class 'pybindgen.typehandlers.booltype.BoolReturn'>, None, <pybindgen.typehandlers.ctypeparser.TypeTraits object at 0xffffbbe77790>))
DEBUG:pybindgen.typehandlers:TypeMatcher.lookup('ns3::Ipv4Address')
DEBUG:pybindgen.typehandlers:try to lookup type handler for 'ns3::Ipv4Address' => success ((<class 'pybindgen.cppclass.CppClass.__init__.<locals>.ThisClassReturn'>, None, <pybindgen.typehandlers.ctypeparser.TypeTraits object at 0xffffbbe77d00>))
DEBUG:pybindgen.typehandlers:TypeMatcher.lookup('uint32_t')
DEBUG:pybindgen.typehandlers:try to lookup type handler for 'uint32_t' => success ((<class 'pybindgen.typehandlers.inttype.UnsignedIntReturn'>, None, <pybindgen.typehandlers.ctypeparser.TypeTraits object at 0xffffbbe7b280>))
DEBUG:pybindgen.typehandlers:TypeMatcher.lookup('bool')
DEBUG:pybindgen.typehandlers:try to lookup type handler for 'bool' => success ((<class 'pybindgen.typehandlers.booltype.BoolReturn'>, None, <pybindgen.typehandlers.ctypeparser.TypeTraits object at 0xffffbbe7b7f0>))
DEBUG:pybindgen.typehandlers:TypeMatcher.lookup('uint8_t')
DEBUG:pybindgen.typehandlers:try to lookup type handler for 'uint8_t' => success ((<class 'pybindgen.typehandlers.inttype.UInt8Return'>, None, <pybindgen.typehandlers.ctypeparser.TypeTraits object at 0xffffbbe7bd60>))
DEBUG:pybindgen.typehandlers:TypeMatcher.lookup('uint32_t')
DEBUG:pybindgen.typehandlers:try to lookup type handler for 'uint32_t' => success ((<class 'pybindgen.typehandlers.inttype.UnsignedIntReturn'>, None, <pybindgen.typehandlers.ctypeparser.TypeTraits object at 0xffffbbe80310>))
DEBUG:pybindgen.typehandlers:TypeMatcher.lookup('ns3::TypeId')
DEBUG:pybindgen.typehandlers:try to lookup type handler for 'ns3::TypeId' => success ((<class 'pybindgen.cppclass.CppClass.__init__.<locals>.ThisClassReturn'>, None, <pybindgen.typehandlers.ctypeparser.TypeTraits object at 0xffffbbe80880>))
DEBUG:pybindgen.typehandlers:TypeMatcher.lookup('ns3::Ipv4Address')
DEBUG:pybindgen.typehandlers:try to lookup type handler for 'ns3::Ipv4Address' => success ((<class 'pybindgen.cppclass.CppClass.__init__.<locals>.ThisClassReturn'>, None, <pybindgen.typehandlers.ctypeparser.TypeTraits object at 0xffffbbe80dc0>))
DEBUG:pybindgen.typehandlers:TypeMatcher.lookup('uint32_t')
DEBUG:pybindgen.typehandlers:try to lookup type handler for 'uint32_t' => success ((<class 'pybindgen.typehandlers.inttype.UnsignedIntReturn'>, None, <pybindgen.typehandlers.ctypeparser.TypeTraits object at 0xffffbbe84340>))
DEBUG:pybindgen.typehandlers:TypeMatcher.lookup('uint32_t')
DEBUG:pybindgen.typehandlers:try to lookup type handler for 'uint32_t' => success ((<class 'pybindgen.typehandlers.inttype.UnsignedIntReturn'>, None, <pybindgen.typehandlers.ctypeparser.TypeTraits object at 0xffffbbe848b0>))
DEBUG:pybindgen.typehandlers:TypeMatcher.lookup('ns3::TypeId')
DEBUG:pybindgen.typehandlers:try to lookup type handler for 'ns3::TypeId' => success ((<class 'pybindgen.cppclass.CppClass.__init__.<locals>.ThisClassReturn'>, None, <pybindgen.typehandlers.ctypeparser.TypeTraits object at 0xffffbbe84e20>))
DEBUG:pybindgen.typehandlers:TypeMatcher.lookup('bool')
DEBUG:pybindgen.typehandlers:try to lookup type handler for 'bool' => success ((<class 'pybindgen.typehandlers.booltype.BoolReturn'>, None, <pybindgen.typehandlers.ctypeparser.TypeTraits object at 0xffffbbe8b3a0>))
DEBUG:pybindgen.typehandlers:TypeMatcher.lookup('void')
DEBUG:pybindgen.typehandlers:try to lookup type handler for 'void' => success ((<class 'pybindgen.typehandlers.voidtype.VoidReturn'>, None, <pybindgen.typehandlers.ctypeparser.TypeTraits object at 0xffffbbe8b910>))
DEBUG:pybindgen.typehandlers:TypeMatcher.lookup('std::ostream &')
DEBUG:pybindgen.typehandlers:try to lookup type handler for 'std::ostream &' => failure
'std::ostream &' did not match
/root/workspace/netwokr/ns-allinone-3.33/ns-3.33/src/aodv/bindings/modulegen__gcc_LP64.py:8796: Warning: exception TypeLookupError(['std::ostream &']) in wrapper public: virtual retval? ???::Print (params?) const;
  cls.add_method('Print',
DEBUG:pybindgen.typehandlers:TypeMatcher.lookup('void')
DEBUG:pybindgen.typehandlers:try to lookup type handler for 'void' => success ((<class 'pybindgen.typehandlers.voidtype.VoidReturn'>, None, <pybindgen.typehandlers.ctypeparser.TypeTraits object at 0xffffbbe8bd00>))
DEBUG:pybindgen.typehandlers:TypeMatcher.lookup('ns3::Buffer::Iterator')
DEBUG:pybindgen.typehandlers:try to lookup type handler for 'ns3::Buffer::Iterator' => success ((<class 'pybindgen.cppclass.CppClass.__init__.<locals>.ThisClassParameter'>, None, <pybindgen.typehandlers.ctypeparser.TypeTraits object at 0xffffbbe8f730>))
DEBUG:pybindgen.typehandlers:TypeMatcher.lookup('void')
DEBUG:pybindgen.typehandlers:try to lookup type handler for 'void' => success ((<class 'pybindgen.typehandlers.voidtype.VoidReturn'>, None, <pybindgen.typehandlers.ctypeparser.TypeTraits object at 0xffffbbe8fbe0>))
DEBUG:pybindgen.typehandlers:TypeMatcher.lookup('bool')
DEBUG:pybindgen.typehandlers:try to lookup type handler for 'bool' => success ((<class 'pybindgen.typehandlers.booltype.BoolParam'>, None, <pybindgen.typehandlers.ctypeparser.TypeTraits object at 0xffffbbe8fe20>))
DEBUG:pybindgen.typehandlers:TypeMatcher.lookup('void')
DEBUG:pybindgen.typehandlers:try to lookup type handler for 'void' => success ((<class 'pybindgen.typehandlers.voidtype.VoidReturn'>, None, <pybindgen.typehandlers.ctypeparser.TypeTraits object at 0xffffbbe12370>))
DEBUG:pybindgen.typehandlers:TypeMatcher.lookup('ns3::Ipv4Address')
DEBUG:pybindgen.typehandlers:try to lookup type handler for 'ns3::Ipv4Address' => success ((<class 'pybindgen.cppclass.CppClass.__init__.<locals>.ThisClassParameter'>, None, <pybindgen.typehandlers.ctypeparser.TypeTraits object at 0xffffbbe12580>))
DEBUG:pybindgen.typehandlers:TypeMatcher.lookup('void')
DEBUG:pybindgen.typehandlers:try to lookup type handler for 'void' => success ((<class 'pybindgen.typehandlers.voidtype.VoidReturn'>, None, <pybindgen.typehandlers.ctypeparser.TypeTraits object at 0xffffbbe8b340>))
DEBUG:pybindgen.typehandlers:TypeMatcher.lookup('uint32_t')
DEBUG:pybindgen.typehandlers:try to lookup type handler for 'uint32_t' => success ((<class 'pybindgen.typehandlers.inttype.UnsignedIntParam'>, None, <pybindgen.typehandlers.ctypeparser.TypeTraits object at 0xffffbbe8ba60>))
DEBUG:pybindgen.typehandlers:TypeMatcher.lookup('void')
DEBUG:pybindgen.typehandlers:try to lookup type handler for 'void' => success ((<class 'pybindgen.typehandlers.voidtype.VoidReturn'>, None, <pybindgen.typehandlers.ctypeparser.TypeTraits object at 0xffffbbe12d60>))
DEBUG:pybindgen.typehandlers:TypeMatcher.lookup('bool')
DEBUG:pybindgen.typehandlers:try to lookup type handler for 'bool' => success ((<class 'pybindgen.typehandlers.booltype.BoolParam'>, None, <pybindgen.typehandlers.ctypeparser.TypeTraits object at 0xffffbbe12f70>))
DEBUG:pybindgen.typehandlers:TypeMatcher.lookup('void')
DEBUG:pybindgen.typehandlers:try to lookup type handler for 'void' => success ((<class 'pybindgen.typehandlers.voidtype.VoidReturn'>, None, <pybindgen.typehandlers.ctypeparser.TypeTraits object at 0xffffbbe154c0>))
DEBUG:pybindgen.typehandlers:TypeMatcher.lookup('uint8_t')
DEBUG:pybindgen.typehandlers:try to lookup type handler for 'uint8_t' => success ((<class 'pybindgen.typehandlers.inttype.UInt8Param'>, None, <pybindgen.typehandlers.ctypeparser.TypeTraits object at 0xffffbbe156d0>))
DEBUG:pybindgen.typehandlers:TypeMatcher.lookup('void')
DEBUG:pybindgen.typehandlers:try to lookup type handler for 'void' => success ((<class 'pybindgen.typehandlers.voidtype.VoidReturn'>, None, <pybindgen.typehandlers.ctypeparser.TypeTraits object at 0xffffbbe15be0>))
DEBUG:pybindgen.typehandlers:TypeMatcher.lookup('uint32_t')
DEBUG:pybindgen.typehandlers:try to lookup type handler for 'uint32_t' => success ((<class 'pybindgen.typehandlers.inttype.UnsignedIntParam'>, None, <pybindgen.typehandlers.ctypeparser.TypeTraits object at 0xffffbbe15df0>))
DEBUG:pybindgen.typehandlers:TypeMatcher.lookup('void')
DEBUG:pybindgen.typehandlers:try to lookup type handler for 'void' => success ((<class 'pybindgen.typehandlers.voidtype.VoidReturn'>, None, <pybindgen.typehandlers.ctypeparser.TypeTraits object at 0xffffbbe1a340>))
DEBUG:pybindgen.typehandlers:TypeMatcher.lookup('ns3::Ipv4Address')
DEBUG:pybindgen.typehandlers:try to lookup type handler for 'ns3::Ipv4Address' => success ((<class 'pybindgen.cppclass.CppClass.__init__.<locals>.ThisClassParameter'>, None, <pybindgen.typehandlers.ctypeparser.TypeTraits object at 0xffffbbe1a550>))
DEBUG:pybindgen.typehandlers:TypeMatcher.lookup('void')
DEBUG:pybindgen.typehandlers:try to lookup type handler for 'void' => success ((<class 'pybindgen.typehandlers.voidtype.VoidReturn'>, None, <pybindgen.typehandlers.ctypeparser.TypeTraits object at 0xffffbbe1aa60>))
DEBUG:pybindgen.typehandlers:TypeMatcher.lookup('uint32_t')
DEBUG:pybindgen.typehandlers:try to lookup type handler for 'uint32_t' => success ((<class 'pybindgen.typehandlers.inttype.UnsignedIntParam'>, None, <pybindgen.typehandlers.ctypeparser.TypeTraits object at 0xffffbbe1ac70>))
DEBUG:pybindgen.typehandlers:TypeMatcher.lookup('void')
DEBUG:pybindgen.typehandlers:try to lookup type handler for 'void' => success ((<class 'pybindgen.typehandlers.voidtype.VoidReturn'>, None, <pybindgen.typehandlers.ctypeparser.TypeTraits object at 0xffffbbe1f1c0>))
DEBUG:pybindgen.typehandlers:TypeMatcher.lookup('bool')
DEBUG:pybindgen.typehandlers:try to lookup type handler for 'bool' => success ((<class 'pybindgen.typehandlers.booltype.BoolParam'>, None, <pybindgen.typehandlers.ctypeparser.TypeTraits object at 0xffffbbe1f3d0>))
DEBUG:pybindgen.typehandlers:TypeMatcher.lookup('ns3::aodv::TypeHeader const &')
DEBUG:pybindgen.typehandlers:try to lookup type handler for 'ns3::aodv::TypeHeader const &' => success ((<class 'pybindgen.cppclass.CppClass.__init__.<locals>.ThisClassRefParameter'>, None, <pybindgen.typehandlers.ctypeparser.TypeTraits object at 0xffffbbe1f910>))
DEBUG:pybindgen.typehandlers:TypeMatcher.lookup('ns3::aodv::MessageType')
DEBUG:pybindgen.typehandlers:try to lookup type handler for 'ns3::aodv::MessageType' => success ((<class 'pybindgen.enum.Enum.set_module.<locals>.ThisEnumParameter'>, None, <pybindgen.typehandlers.ctypeparser.TypeTraits object at 0xffffbbe1ff10>))
DEBUG:pybindgen.typehandlers:TypeMatcher.lookup('uint32_t')
DEBUG:pybindgen.typehandlers:try to lookup type handler for 'uint32_t' => success ((<class 'pybindgen.typehandlers.inttype.UnsignedIntReturn'>, None, <pybindgen.typehandlers.ctypeparser.TypeTraits object at 0xffffbbe24460>))
DEBUG:pybindgen.typehandlers:TypeMatcher.lookup('ns3::Buffer::Iterator')
DEBUG:pybindgen.typehandlers:try to lookup type handler for 'ns3::Buffer::Iterator' => success ((<class 'pybindgen.cppclass.CppClass.__init__.<locals>.ThisClassParameter'>, None, <pybindgen.typehandlers.ctypeparser.TypeTraits object at 0xffffbbe24670>))
DEBUG:pybindgen.typehandlers:TypeMatcher.lookup('ns3::aodv::MessageType')
DEBUG:pybindgen.typehandlers:try to lookup type handler for 'ns3::aodv::MessageType' => success ((<class 'pybindgen.enum.Enum.set_module.<locals>.ThisEnumReturn'>, None, <pybindgen.typehandlers.ctypeparser.TypeTraits object at 0xffffbbe24b80>))
DEBUG:pybindgen.typehandlers:TypeMatcher.lookup('ns3::TypeId')
DEBUG:pybindgen.typehandlers:try to lookup type handler for 'ns3::TypeId' => success ((<class 'pybindgen.cppclass.CppClass.__init__.<locals>.ThisClassReturn'>, None, <pybindgen.typehandlers.ctypeparser.TypeTraits object at 0xffffbbe28130>))
DEBUG:pybindgen.typehandlers:TypeMatcher.lookup('uint32_t')
DEBUG:pybindgen.typehandlers:try to lookup type handler for 'uint32_t' => success ((<class 'pybindgen.typehandlers.inttype.UnsignedIntReturn'>, None, <pybindgen.typehandlers.ctypeparser.TypeTraits object at 0xffffbbe28670>))
DEBUG:pybindgen.typehandlers:TypeMatcher.lookup('ns3::TypeId')
DEBUG:pybindgen.typehandlers:try to lookup type handler for 'ns3::TypeId' => success ((<class 'pybindgen.cppclass.CppClass.__init__.<locals>.ThisClassReturn'>, None, <pybindgen.typehandlers.ctypeparser.TypeTraits object at 0xffffbbe28be0>))
DEBUG:pybindgen.typehandlers:TypeMatcher.lookup('bool')
DEBUG:pybindgen.typehandlers:try to lookup type handler for 'bool' => success ((<class 'pybindgen.typehandlers.booltype.BoolReturn'>, None, <pybindgen.typehandlers.ctypeparser.TypeTraits object at 0xffffbbe2d160>))
DEBUG:pybindgen.typehandlers:TypeMatcher.lookup('void')
DEBUG:pybindgen.typehandlers:try to lookup type handler for 'void' => success ((<class 'pybindgen.typehandlers.voidtype.VoidReturn'>, None, <pybindgen.typehandlers.ctypeparser.TypeTraits object at 0xffffbbe2d6d0>))
DEBUG:pybindgen.typehandlers:TypeMatcher.lookup('std::ostream &')
DEBUG:pybindgen.typehandlers:try to lookup type handler for 'std::ostream &' => failure
'std::ostream &' did not match
/root/workspace/netwokr/ns-allinone-3.33/ns-3.33/src/aodv/bindings/modulegen__gcc_LP64.py:8881: Warning: exception TypeLookupError(['std::ostream &']) in wrapper public: virtual retval? ???::Print (params?) const;
  cls.add_method('Print',
DEBUG:pybindgen.typehandlers:TypeMatcher.lookup('void')
DEBUG:pybindgen.typehandlers:try to lookup type handler for 'void' => success ((<class 'pybindgen.typehandlers.voidtype.VoidReturn'>, None, <pybindgen.typehandlers.ctypeparser.TypeTraits object at 0xffffbbe2df70>))
DEBUG:pybindgen.typehandlers:TypeMatcher.lookup('ns3::Buffer::Iterator')
DEBUG:pybindgen.typehandlers:try to lookup type handler for 'ns3::Buffer::Iterator' => success ((<class 'pybindgen.cppclass.CppClass.__init__.<locals>.ThisClassParameter'>, None, <pybindgen.typehandlers.ctypeparser.TypeTraits object at 0xffffbbe314f0>))
DEBUG:pybindgen.typehandlers:TypeMatcher.lookup('ns3::ObjectBase *')
DEBUG:pybindgen.typehandlers:try to lookup type handler for 'ns3::ObjectBase *' => success ((<class 'pybindgen.cppclass.CppClass.__init__.<locals>.ThisClassPtrReturn'>, None, <pybindgen.typehandlers.ctypeparser.TypeTraits object at 0xffffbbe31ac0>))
/root/workspace/netwokr/ns-allinone-3.33/pybindgen-0.21.0.post15+nga587377/pybindgen/cppclass.py:3843: UserWarning: Returning shared pointers is dangerous!  The C++ API should be redesigned to avoid this situation.
  warnings.warn("Returning shared pointers is dangerous!"
Flushing to  <pybindgen.typehandlers.codesink.MemoryCodeSink object at 0xffffbcfec460>
DEBUG:pybindgen.typehandlers:TypeMatcher.lookup('void')
DEBUG:pybindgen.typehandlers:try to lookup type handler for 'void' => success ((<class 'pybindgen.typehandlers.voidtype.VoidReturn'>, None, <pybindgen.typehandlers.ctypeparser.TypeTraits object at 0xffffbbe31af0>))
DEBUG:pybindgen.typehandlers:TypeMatcher.lookup('ns3::Ptr< ns3::NetDevice >')
DEBUG:pybindgen.typehandlers:try to lookup type handler for 'ns3::Ptr< ns3::NetDevice >' => failure
DEBUG:pybindgen.typehandlers:try to lookup type handler for 'ns3::NetDevice *' => success ((<class 'pybindgen.cppclass.MemoryPolicy.register_ptr_parameter_and_return.<locals>.ThisClassPtrParameter'>, <ns3modulegen_core_customizations.SmartPointerTransformation object at 0xffffbcfe0d90>, <pybindgen.typehandlers.ctypeparser.TypeTraits object at 0xffffbbe39220>))
DEBUG:pybindgen.typehandlers:TypeMatcher.lookup('ns3::Ptr< ns3::Packet const >')
DEBUG:pybindgen.typehandlers:try to lookup type handler for 'ns3::Ptr< ns3::Packet const >' => failure
DEBUG:pybindgen.typehandlers:try to lookup type handler for 'ns3::Packet *' => success ((<class 'pybindgen.cppclass.MemoryPolicy.register_ptr_parameter_and_return.<locals>.ThisClassPtrParameter'>, <ns3modulegen_core_customizations.SmartPointerTransformation object at 0xffffbcfe0d90>, <pybindgen.typehandlers.ctypeparser.TypeTraits object at 0xffffbbe39580>))
DEBUG:pybindgen.typehandlers:TypeMatcher.lookup('unsigned short')
DEBUG:pybindgen.typehandlers:try to lookup type handler for 'unsigned short' => success ((<class 'pybindgen.typehandlers.inttype.UInt16Param'>, None, <pybindgen.typehandlers.ctypeparser.TypeTraits object at 0xffffbbe2d7c0>))
DEBUG:pybindgen.typehandlers:TypeMatcher.lookup('ns3::Address &')
DEBUG:pybindgen.typehandlers:try to lookup type handler for 'ns3::Address &' => success ((<class 'pybindgen.cppclass.CppClass.__init__.<locals>.ThisClassRefParameter'>, None, <pybindgen.typehandlers.ctypeparser.TypeTraits object at 0xffffbbe2da30>))
DEBUG:pybindgen.typehandlers:TypeMatcher.lookup('ns3::Address &')
DEBUG:pybindgen.typehandlers:try to lookup type handler for 'ns3::Address &' => success ((<class 'pybindgen.cppclass.CppClass.__init__.<locals>.ThisClassRefParameter'>, None, <pybindgen.typehandlers.ctypeparser.TypeTraits object at 0xffffbbe39820>))
DEBUG:pybindgen.typehandlers:TypeMatcher.lookup('ns3::NetDevice::PacketType')
DEBUG:pybindgen.typehandlers:try to lookup type handler for 'ns3::NetDevice::PacketType' => success ((<class 'pybindgen.enum.Enum.set_module.<locals>.ThisEnumParameter'>, None, <pybindgen.typehandlers.ctypeparser.TypeTraits object at 0xffffbbe39b20>))
Flushing to  <pybindgen.typehandlers.codesink.MemoryCodeSink object at 0xffffbcfec460>
DEBUG:pybindgen.typehandlers:TypeMatcher.lookup('void')
DEBUG:pybindgen.typehandlers:try to lookup type handler for 'void' => success ((<class 'pybindgen.typehandlers.voidtype.VoidReturn'>, None, <pybindgen.typehandlers.ctypeparser.TypeTraits object at 0xffffbbe2d850>))
DEBUG:pybindgen.typehandlers:TypeMatcher.lookup('ns3::Ptr< ns3::NetDevice >')
DEBUG:pybindgen.typehandlers:try to lookup type handler for 'ns3::Ptr< ns3::NetDevice >' => failure
DEBUG:pybindgen.typehandlers:try to lookup type handler for 'ns3::NetDevice *' => success ((<class 'pybindgen.cppclass.MemoryPolicy.register_ptr_parameter_and_return.<locals>.ThisClassPtrParameter'>, <ns3modulegen_core_customizations.SmartPointerTransformation object at 0xffffbcfe0d90>, <pybindgen.typehandlers.ctypeparser.TypeTraits object at 0xffffbbe3b340>))
Flushing to  <pybindgen.typehandlers.codesink.MemoryCodeSink object at 0xffffbcfec460>
DEBUG:pybindgen.typehandlers:TypeMatcher.lookup('void')
DEBUG:pybindgen.typehandlers:try to lookup type handler for 'void' => success ((<class 'pybindgen.typehandlers.voidtype.VoidReturn'>, None, <pybindgen.typehandlers.ctypeparser.TypeTraits object at 0xffffbbe39ac0>))
DEBUG:pybindgen.typehandlers:TypeMatcher.lookup('ns3::Ptr< ns3::Socket >')
DEBUG:pybindgen.typehandlers:try to lookup type handler for 'ns3::Ptr< ns3::Socket >' => failure
DEBUG:pybindgen.typehandlers:try to lookup type handler for 'ns3::Socket *' => success ((<class 'pybindgen.cppclass.MemoryPolicy.register_ptr_parameter_and_return.<locals>.ThisClassPtrParameter'>, <ns3modulegen_core_customizations.SmartPointerTransformation object at 0xffffbcfe0d90>, <pybindgen.typehandlers.ctypeparser.TypeTraits object at 0xffffbbe398e0>))
Flushing to  <pybindgen.typehandlers.codesink.MemoryCodeSink object at 0xffffbcfec460>
DEBUG:pybindgen.typehandlers:TypeMatcher.lookup('bool')
DEBUG:pybindgen.typehandlers:try to lookup type handler for 'bool' => success ((<class 'pybindgen.typehandlers.booltype.BoolReturn'>, None, <pybindgen.typehandlers.ctypeparser.TypeTraits object at 0xffffbbe39d90>))
DEBUG:pybindgen.typehandlers:TypeMatcher.lookup('ns3::Ptr< ns3::Socket >')
DEBUG:pybindgen.typehandlers:try to lookup type handler for 'ns3::Ptr< ns3::Socket >' => failure
DEBUG:pybindgen.typehandlers:try to lookup type handler for 'ns3::Socket *' => success ((<class 'pybindgen.cppclass.MemoryPolicy.register_ptr_parameter_and_return.<locals>.ThisClassPtrParameter'>, <ns3modulegen_core_customizations.SmartPointerTransformation object at 0xffffbcfe0d90>, <pybindgen.typehandlers.ctypeparser.TypeTraits object at 0xffffbbe39eb0>))
DEBUG:pybindgen.typehandlers:TypeMatcher.lookup('ns3::Address &')
DEBUG:pybindgen.typehandlers:try to lookup type handler for 'ns3::Address &' => success ((<class 'pybindgen.cppclass.CppClass.__init__.<locals>.ThisClassRefParameter'>, None, <pybindgen.typehandlers.ctypeparser.TypeTraits object at 0xffffbbe39ca0>))
Flushing to  <pybindgen.typehandlers.codesink.MemoryCodeSink object at 0xffffbcfec460>
DEBUG:pybindgen.typehandlers:TypeMatcher.lookup('void')
DEBUG:pybindgen.typehandlers:try to lookup type handler for 'void' => success ((<class 'pybindgen.typehandlers.voidtype.VoidReturn'>, None, <pybindgen.typehandlers.ctypeparser.TypeTraits object at 0xffffbbe39cd0>))
DEBUG:pybindgen.typehandlers:TypeMatcher.lookup('ns3::Ptr< ns3::Socket >')
DEBUG:pybindgen.typehandlers:try to lookup type handler for 'ns3::Ptr< ns3::Socket >' => failure
DEBUG:pybindgen.typehandlers:try to lookup type handler for 'ns3::Socket *' => success ((<class 'pybindgen.cppclass.MemoryPolicy.register_ptr_parameter_and_return.<locals>.ThisClassPtrParameter'>, <ns3modulegen_core_customizations.SmartPointerTransformation object at 0xffffbcfe0d90>, <pybindgen.typehandlers.ctypeparser.TypeTraits object at 0xffffbbe39130>))
DEBUG:pybindgen.typehandlers:TypeMatcher.lookup('ns3::Address &')
DEBUG:pybindgen.typehandlers:try to lookup type handler for 'ns3::Address &' => success ((<class 'pybindgen.cppclass.CppClass.__init__.<locals>.ThisClassRefParameter'>, None, <pybindgen.typehandlers.ctypeparser.TypeTraits object at 0xffffbbe393a0>))
Flushing to  <pybindgen.typehandlers.codesink.MemoryCodeSink object at 0xffffbcfec460>
DEBUG:pybindgen.typehandlers:TypeMatcher.lookup('void')
DEBUG:pybindgen.typehandlers:try to lookup type handler for 'void' => success ((<class 'pybindgen.typehandlers.voidtype.VoidReturn'>, None, <pybindgen.typehandlers.ctypeparser.TypeTraits object at 0xffffbbe2d9a0>))
DEBUG:pybindgen.typehandlers:TypeMatcher.lookup('ns3::Ptr< ns3::Socket >')
DEBUG:pybindgen.typehandlers:try to lookup type handler for 'ns3::Ptr< ns3::Socket >' => failure
DEBUG:pybindgen.typehandlers:try to lookup type handler for 'ns3::Socket *' => success ((<class 'pybindgen.cppclass.MemoryPolicy.register_ptr_parameter_and_return.<locals>.ThisClassPtrParameter'>, <ns3modulegen_core_customizations.SmartPointerTransformation object at 0xffffbcfe0d90>, <pybindgen.typehandlers.ctypeparser.TypeTraits object at 0xffffbbe391c0>))
DEBUG:pybindgen.typehandlers:TypeMatcher.lookup('unsigned int')
DEBUG:pybindgen.typehandlers:try to lookup type handler for 'unsigned int' => success ((<class 'pybindgen.typehandlers.inttype.UnsignedIntParam'>, None, <pybindgen.typehandlers.ctypeparser.TypeTraits object at 0xffffbbe2da60>))
Flushing to  <pybindgen.typehandlers.codesink.MemoryCodeSink object at 0xffffbcfec460>
DEBUG:pybindgen.typehandlers:TypeMatcher.lookup('void')
DEBUG:pybindgen.typehandlers:try to lookup type handler for 'void' => success ((<class 'pybindgen.typehandlers.voidtype.VoidReturn'>, None, <pybindgen.typehandlers.ctypeparser.TypeTraits object at 0xffffbbe2da00>))
DEBUG:pybindgen.typehandlers:TypeMatcher.lookup('ns3::Ptr< ns3::Ipv4Route >')
DEBUG:pybindgen.typehandlers:try to lookup type handler for 'ns3::Ptr< ns3::Ipv4Route >' => failure
DEBUG:pybindgen.typehandlers:try to lookup type handler for 'ns3::Ipv4Route *' => success ((<class 'pybindgen.cppclass.MemoryPolicy.register_ptr_parameter_and_return.<locals>.ThisClassPtrParameter'>, <ns3modulegen_core_customizations.SmartPointerTransformation object at 0xffffbcfe0d90>, <pybindgen.typehandlers.ctypeparser.TypeTraits object at 0xffffbbe39580>))
DEBUG:pybindgen.typehandlers:TypeMatcher.lookup('ns3::Ptr< ns3::Packet const >')
DEBUG:pybindgen.typehandlers:try to lookup type handler for 'ns3::Ptr< ns3::Packet const >' => failure
DEBUG:pybindgen.typehandlers:try to lookup type handler for 'ns3::Packet *' => success ((<class 'pybindgen.cppclass.MemoryPolicy.register_ptr_parameter_and_return.<locals>.ThisClassPtrParameter'>, <ns3modulegen_core_customizations.SmartPointerTransformation object at 0xffffbcfe0d90>, <pybindgen.typehandlers.ctypeparser.TypeTraits object at 0xffffbbe31ca0>))
DEBUG:pybindgen.typehandlers:TypeMatcher.lookup('ns3::Ipv4Header &')
DEBUG:pybindgen.typehandlers:try to lookup type handler for 'ns3::Ipv4Header &' => success ((<class 'pybindgen.cppclass.CppClass.__init__.<locals>.ThisClassRefParameter'>, None, <pybindgen.typehandlers.ctypeparser.TypeTraits object at 0xffffbbe39820>))
Flushing to  <pybindgen.typehandlers.codesink.MemoryCodeSink object at 0xffffbcfec460>
DEBUG:pybindgen.typehandlers:TypeMatcher.lookup('void')
DEBUG:pybindgen.typehandlers:try to lookup type handler for 'void' => success ((<class 'pybindgen.typehandlers.voidtype.VoidReturn'>, None, <pybindgen.typehandlers.ctypeparser.TypeTraits object at 0xffffbbe39610>))
DEBUG:pybindgen.typehandlers:TypeMatcher.lookup('ns3::Ptr< ns3::Packet const >')
DEBUG:pybindgen.typehandlers:try to lookup type handler for 'ns3::Ptr< ns3::Packet const >' => failure
DEBUG:pybindgen.typehandlers:try to lookup type handler for 'ns3::Packet *' => success ((<class 'pybindgen.cppclass.MemoryPolicy.register_ptr_parameter_and_return.<locals>.ThisClassPtrParameter'>, <ns3modulegen_core_customizations.SmartPointerTransformation object at 0xffffbcfe0d90>, <pybindgen.typehandlers.ctypeparser.TypeTraits object at 0xffffbbe2d8b0>))
DEBUG:pybindgen.typehandlers:TypeMatcher.lookup('ns3::Ipv4Header &')
DEBUG:pybindgen.typehandlers:try to lookup type handler for 'ns3::Ipv4Header &' => success ((<class 'pybindgen.cppclass.CppClass.__init__.<locals>.ThisClassRefParameter'>, None, <pybindgen.typehandlers.ctypeparser.TypeTraits object at 0xffffbbe31f40>))
DEBUG:pybindgen.typehandlers:TypeMatcher.lookup('ns3::Socket::SocketErrno')
DEBUG:pybindgen.typehandlers:try to lookup type handler for 'ns3::Socket::SocketErrno' => success ((<class 'pybindgen.enum.Enum.set_module.<locals>.ThisEnumParameter'>, None, <pybindgen.typehandlers.ctypeparser.TypeTraits object at 0xffffbbe2d100>))
Flushing to  <pybindgen.typehandlers.codesink.MemoryCodeSink object at 0xffffbcfec460>
DEBUG:pybindgen.typehandlers:TypeMatcher.lookup('void')
DEBUG:pybindgen.typehandlers:try to lookup type handler for 'void' => success ((<class 'pybindgen.typehandlers.voidtype.VoidReturn'>, None, <pybindgen.typehandlers.ctypeparser.TypeTraits object at 0xffffbbe31df0>))
DEBUG:pybindgen.typehandlers:TypeMatcher.lookup('ns3::Ptr< ns3::ArpCache const >')
DEBUG:pybindgen.typehandlers:try to lookup type handler for 'ns3::Ptr< ns3::ArpCache const >' => failure
DEBUG:pybindgen.typehandlers:try to lookup type handler for 'ns3::ArpCache *' => success ((<class 'pybindgen.cppclass.MemoryPolicy.register_ptr_parameter_and_return.<locals>.ThisClassPtrParameter'>, <ns3modulegen_core_customizations.SmartPointerTransformation object at 0xffffbcfe0d90>, <pybindgen.typehandlers.ctypeparser.TypeTraits object at 0xffffbbe392e0>))
DEBUG:pybindgen.typehandlers:TypeMatcher.lookup('ns3::Ipv4Address')
DEBUG:pybindgen.typehandlers:try to lookup type handler for 'ns3::Ipv4Address' => success ((<class 'pybindgen.cppclass.CppClass.__init__.<locals>.ThisClassParameter'>, None, <pybindgen.typehandlers.ctypeparser.TypeTraits object at 0xffffbbe31b50>))
Flushing to  <pybindgen.typehandlers.codesink.MemoryCodeSink object at 0xffffbcfec460>
DEBUG:pybindgen.typehandlers:TypeMatcher.lookup('void')
DEBUG:pybindgen.typehandlers:try to lookup type handler for 'void' => success ((<class 'pybindgen.typehandlers.voidtype.VoidReturn'>, None, <pybindgen.typehandlers.ctypeparser.TypeTraits object at 0xffffbbe31bb0>))
DEBUG:pybindgen.typehandlers:TypeMatcher.lookup('ns3::Ipv4Address')
DEBUG:pybindgen.typehandlers:try to lookup type handler for 'ns3::Ipv4Address' => success ((<class 'pybindgen.cppclass.CppClass.__init__.<locals>.ThisClassParameter'>, None, <pybindgen.typehandlers.ctypeparser.TypeTraits object at 0xffffbbe393a0>))
Flushing to  <pybindgen.typehandlers.codesink.MemoryCodeSink object at 0xffffbcfec460>
DEBUG:pybindgen.typehandlers:TypeMatcher.lookup('void')
DEBUG:pybindgen.typehandlers:try to lookup type handler for 'void' => success ((<class 'pybindgen.typehandlers.voidtype.VoidReturn'>, None, <pybindgen.typehandlers.ctypeparser.TypeTraits object at 0xffffbbe31a30>))
DEBUG:pybindgen.typehandlers:TypeMatcher.lookup('ns3::Ptr< ns3::Packet const >')
DEBUG:pybindgen.typehandlers:try to lookup type handler for 'ns3::Ptr< ns3::Packet const >' => failure
DEBUG:pybindgen.typehandlers:try to lookup type handler for 'ns3::Packet *' => success ((<class 'pybindgen.cppclass.MemoryPolicy.register_ptr_parameter_and_return.<locals>.ThisClassPtrParameter'>, <ns3modulegen_core_customizations.SmartPointerTransformation object at 0xffffbcfe0d90>, <pybindgen.typehandlers.ctypeparser.TypeTraits object at 0xffffbbe39a30>))
Flushing to  <pybindgen.typehandlers.codesink.MemoryCodeSink object at 0xffffbcfec460>
DEBUG:pybindgen.typehandlers:TypeMatcher.lookup('void')
DEBUG:pybindgen.typehandlers:try to lookup type handler for 'void' => success ((<class 'pybindgen.typehandlers.voidtype.VoidReturn'>, None, <pybindgen.typehandlers.ctypeparser.TypeTraits object at 0xffffbbe31b20>))
DEBUG:pybindgen.typehandlers:TypeMatcher.lookup('ns3::WifiMacHeader &')
DEBUG:pybindgen.typehandlers:try to lookup type handler for 'ns3::WifiMacHeader &' => failure
'ns3::WifiMacHeader &' did not match
/root/workspace/netwokr/ns-allinone-3.33/ns-3.33/bindings/python/ns3modulegen_core_customizations.py:255: Warning: ***** Unable to register callback; parameter 'const ns3::WifiMacHeader & arg1' error (used in ns3::Callback< void, const ns3::WifiMacHeader &, ns3::empty, ns3::empty, ns3::empty, ns3::empty, ns3::empty, ns3::empty, ns3::empty, ns3::empty >): TypeLookupError(['ns3::WifiMacHeader &'])
  warnings.warn("***** Unable to register callback; parameter '%s %s' error (used in %s): %r"
DEBUG:pybindgen.typehandlers:TypeMatcher.lookup('ns3::Callback< void, const ns3::WifiMacHeader &, ns3::empty, ns3::empty, ns3::empty, ns3::empty, ns3::empty, ns3::empty, ns3::empty, ns3::empty >')
DEBUG:pybindgen.typehandlers:try to lookup type handler for 'ns3::Callback< void, const ns3::WifiMacHeader &, ns3::empty, ns3::empty, ns3::empty, ns3::empty, ns3::empty, ns3::empty, ns3::empty, ns3::empty >' => failure
'ns3::Callback< void, const ns3::WifiMacHeader &, ns3::empty, ns3::empty, ns3::empty, ns3::empty, ns3::empty, ns3::empty, ns3::empty, ns3::empty >' did not match
DEBUG:pybindgen.typehandlers:TypeMatcher.lookup('ns3::Callback< void, const ns3::WifiMacHeader &, ns3::empty, ns3::empty, ns3::empty, ns3::empty, ns3::empty, ns3::empty, ns3::empty, ns3::empty >')
DEBUG:pybindgen.typehandlers:try to lookup type handler for 'ns3::Callback< void, const ns3::WifiMacHeader &, ns3::empty, ns3::empty, ns3::empty, ns3::empty, ns3::empty, ns3::empty, ns3::empty, ns3::empty >' => success ((<class 'ns3modulegen_core_customizations.register_callback_classes.<locals>.PythonCallbackParameter'>, None, <pybindgen.typehandlers.ctypeparser.TypeTraits object at 0xffffbbe31fa0>))
DEBUG:pybindgen.typehandlers:TypeMatcher.lookup('void')
DEBUG:pybindgen.typehandlers:try to lookup type handler for 'void' => success ((<class 'pybindgen.typehandlers.voidtype.VoidReturn'>, None, <pybindgen.typehandlers.ctypeparser.TypeTraits object at 0xffffbbe31bb0>))
DEBUG:pybindgen.typehandlers:TypeMatcher.lookup('ns3::Ipv4Header &')
DEBUG:pybindgen.typehandlers:try to lookup type handler for 'ns3::Ipv4Header &' => success ((<class 'pybindgen.cppclass.CppClass.__init__.<locals>.ThisClassRefParameter'>, None, <pybindgen.typehandlers.ctypeparser.TypeTraits object at 0xffffbbe31f10>))
DEBUG:pybindgen.typehandlers:TypeMatcher.lookup('ns3::Ptr< ns3::Packet const >')
DEBUG:pybindgen.typehandlers:try to lookup type handler for 'ns3::Ptr< ns3::Packet const >' => failure
DEBUG:pybindgen.typehandlers:try to lookup type handler for 'ns3::Packet *' => success ((<class 'pybindgen.cppclass.MemoryPolicy.register_ptr_parameter_and_return.<locals>.ThisClassPtrParameter'>, <ns3modulegen_core_customizations.SmartPointerTransformation object at 0xffffbcfe0d90>, <pybindgen.typehandlers.ctypeparser.TypeTraits object at 0xffffbbe39cd0>))
DEBUG:pybindgen.typehandlers:TypeMatcher.lookup('unsigned int')
DEBUG:pybindgen.typehandlers:try to lookup type handler for 'unsigned int' => success ((<class 'pybindgen.typehandlers.inttype.UnsignedIntParam'>, None, <pybindgen.typehandlers.ctypeparser.TypeTraits object at 0xffffbbe395b0>))
Flushing to  <pybindgen.typehandlers.codesink.MemoryCodeSink object at 0xffffbcfec460>
DEBUG:pybindgen.typehandlers:TypeMatcher.lookup('void')
DEBUG:pybindgen.typehandlers:try to lookup type handler for 'void' => success ((<class 'pybindgen.typehandlers.voidtype.VoidReturn'>, None, <pybindgen.typehandlers.ctypeparser.TypeTraits object at 0xffffbbe39520>))
DEBUG:pybindgen.typehandlers:TypeMatcher.lookup('ns3::Ptr< ns3::Packet const >')
DEBUG:pybindgen.typehandlers:try to lookup type handler for 'ns3::Ptr< ns3::Packet const >' => failure
DEBUG:pybindgen.typehandlers:try to lookup type handler for 'ns3::Packet *' => success ((<class 'pybindgen.cppclass.MemoryPolicy.register_ptr_parameter_and_return.<locals>.ThisClassPtrParameter'>, <ns3modulegen_core_customizations.SmartPointerTransformation object at 0xffffbcfe0d90>, <pybindgen.typehandlers.ctypeparser.TypeTraits object at 0xffffbbe31d00>))
DEBUG:pybindgen.typehandlers:TypeMatcher.lookup('ns3::Ptr< ns3::Ipv4 >')
DEBUG:pybindgen.typehandlers:try to lookup type handler for 'ns3::Ptr< ns3::Ipv4 >' => failure
DEBUG:pybindgen.typehandlers:try to lookup type handler for 'ns3::Ipv4 *' => success ((<class 'pybindgen.cppclass.MemoryPolicy.register_ptr_parameter_and_return.<locals>.ThisClassPtrParameter'>, <ns3modulegen_core_customizations.SmartPointerTransformation object at 0xffffbcfe0d90>, <pybindgen.typehandlers.ctypeparser.TypeTraits object at 0xffffbbe2d820>))
DEBUG:pybindgen.typehandlers:TypeMatcher.lookup('unsigned int')
DEBUG:pybindgen.typehandlers:try to lookup type handler for 'unsigned int' => success ((<class 'pybindgen.typehandlers.inttype.UnsignedIntParam'>, None, <pybindgen.typehandlers.ctypeparser.TypeTraits object at 0xffffbbe31d00>))
Flushing to  <pybindgen.typehandlers.codesink.MemoryCodeSink object at 0xffffbcfec460>
DEBUG:pybindgen.typehandlers:TypeMatcher.lookup('void')
DEBUG:pybindgen.typehandlers:try to lookup type handler for 'void' => success ((<class 'pybindgen.typehandlers.voidtype.VoidReturn'>, None, <pybindgen.typehandlers.ctypeparser.TypeTraits object at 0xffffbbe2d6d0>))
DEBUG:pybindgen.typehandlers:TypeMatcher.lookup('ns3::Ipv4Header &')
DEBUG:pybindgen.typehandlers:try to lookup type handler for 'ns3::Ipv4Header &' => success ((<class 'pybindgen.cppclass.CppClass.__init__.<locals>.ThisClassRefParameter'>, None, <pybindgen.typehandlers.ctypeparser.TypeTraits object at 0xffffbbe2d820>))
DEBUG:pybindgen.typehandlers:TypeMatcher.lookup('ns3::Ptr< ns3::Packet const >')
DEBUG:pybindgen.typehandlers:try to lookup type handler for 'ns3::Ptr< ns3::Packet const >' => failure
DEBUG:pybindgen.typehandlers:try to lookup type handler for 'ns3::Packet *' => success ((<class 'pybindgen.cppclass.MemoryPolicy.register_ptr_parameter_and_return.<locals>.ThisClassPtrParameter'>, <ns3modulegen_core_customizations.SmartPointerTransformation object at 0xffffbcfe0d90>, <pybindgen.typehandlers.ctypeparser.TypeTraits object at 0xffffbbe39910>))
DEBUG:pybindgen.typehandlers:TypeMatcher.lookup('ns3::Ipv4L3Protocol::DropReason')
DEBUG:pybindgen.typehandlers:try to lookup type handler for 'ns3::Ipv4L3Protocol::DropReason' => success ((<class 'pybindgen.enum.Enum.set_module.<locals>.ThisEnumParameter'>, None, <pybindgen.typehandlers.ctypeparser.TypeTraits object at 0xffffbbe398e0>))
DEBUG:pybindgen.typehandlers:TypeMatcher.lookup('ns3::Ptr< ns3::Ipv4 >')
DEBUG:pybindgen.typehandlers:try to lookup type handler for 'ns3::Ptr< ns3::Ipv4 >' => failure
DEBUG:pybindgen.typehandlers:try to lookup type handler for 'ns3::Ipv4 *' => success ((<class 'pybindgen.cppclass.MemoryPolicy.register_ptr_parameter_and_return.<locals>.ThisClassPtrParameter'>, <ns3modulegen_core_customizations.SmartPointerTransformation object at 0xffffbcfe0d90>, <pybindgen.typehandlers.ctypeparser.TypeTraits object at 0xffffbbde73a0>))
DEBUG:pybindgen.typehandlers:TypeMatcher.lookup('unsigned int')
DEBUG:pybindgen.typehandlers:try to lookup type handler for 'unsigned int' => success ((<class 'pybindgen.typehandlers.inttype.UnsignedIntParam'>, None, <pybindgen.typehandlers.ctypeparser.TypeTraits object at 0xffffbbe31b20>))
Flushing to  <pybindgen.typehandlers.codesink.MemoryCodeSink object at 0xffffbcfec460>
